# ekf covariance log started at 1774889190.885078
# timestamp: 1774889191.6185563
 6.534765e-03   7.630456e-08   0.000000e+00   3.165118e-02   1.878761e-06   0.000000e+00   0.000000e+00   0.000000e+00   8.084815e-05
 7.630456e-08   6.534712e-03   0.000000e+00   1.537094e-06   3.165035e-02   0.000000e+00   0.000000e+00   0.000000e+00   5.768075e-05
 0.000000e+00   0.000000e+00   6.534826e-03   0.000000e+00   0.000000e+00   3.165246e-02  -1.156043e-04  -1.495026e-05   0.000000e+00
 3.165118e-02   1.537094e-06   0.000000e+00   2.103864e-01   3.812556e-05   0.000000e+00   0.000000e+00   0.000000e+00   1.662511e-03
 1.878761e-06   3.165035e-02   0.000000e+00   3.812556e-05   2.103759e-01   0.000000e+00   0.000000e+00   0.000000e+00   1.469062e-03
 0.000000e+00   0.000000e+00   3.165246e-02   0.000000e+00   0.000000e+00   2.104237e-01  -7.744211e-04  -2.663647e-03   0.000000e+00
 0.000000e+00   0.000000e+00  -1.156043e-04   0.000000e+00   0.000000e+00  -7.744211e-04   3.550102e-01  -3.700254e-01   0.000000e+00
 0.000000e+00   0.000000e+00  -1.495026e-05   0.000000e+00   0.000000e+00  -2.663647e-03  -3.700254e-01   5.469441e-01   0.000000e+00
 8.084815e-05   5.768075e-05   0.000000e+00   1.662511e-03   1.469062e-03   0.000000e+00   0.000000e+00   0.000000e+00   6.792031e-02

# timestamp: 1774889191.7783718
 6.940653e-03   5.860380e-07   0.000000e+00   2.272140e-02   5.734671e-06   0.000000e+00   0.000000e+00   0.000000e+00   1.548029e-04
 5.860380e-07   6.940781e-03   0.000000e+00   4.564116e-06   2.272377e-02   0.000000e+00   0.000000e+00   0.000000e+00   1.791732e-04
 0.000000e+00   0.000000e+00   6.941955e-03   0.000000e+00   0.000000e+00   2.273718e-02   2.745434e-04  -7.397241e-04   0.000000e+00
 2.272140e-02   4.564116e-06   0.000000e+00   9.371926e-02   4.477739e-05   0.000000e+00   0.000000e+00   0.000000e+00   1.218479e-03
 5.734671e-06   2.272377e-02   0.000000e+00   4.477739e-05   9.375173e-02   0.000000e+00   0.000000e+00   0.000000e+00   1.834831e-03
 0.000000e+00   0.000000e+00   2.273718e-02   0.000000e+00   0.000000e+00   9.391824e-02   5.028261e-03  -9.969610e-03   0.000000e+00
 0.000000e+00   0.000000e+00   2.745434e-04   0.000000e+00   0.000000e+00   5.028261e-03   3.547415e-01  -3.799591e-01   0.000000e+00
 0.000000e+00   0.000000e+00  -7.397241e-04   0.000000e+00   0.000000e+00  -9.969610e-03  -3.799591e-01   5.548698e-01   0.000000e+00
 1.548029e-04   1.791732e-04   0.000000e+00   1.218479e-03   1.834831e-03   0.000000e+00   0.000000e+00   0.000000e+00   6.149171e-02

# timestamp: 1774889191.8320794
 4.035656e-03   2.776251e-07   0.000000e+00   1.204188e-02   2.972741e-06   0.000000e+00   0.000000e+00   0.000000e+00   8.363486e-05
 2.776251e-07   4.035794e-03   0.000000e+00   2.421507e-06   1.204387e-02   0.000000e+00   0.000000e+00   0.000000e+00   1.141900e-04
 0.000000e+00   0.000000e+00   4.036768e-03   0.000000e+00   0.000000e+00   1.205642e-02   3.896743e-04  -7.278407e-04   0.000000e+00
 1.204188e-02   2.421507e-06   0.000000e+00   5.048695e-02   2.608828e-05   0.000000e+00   0.000000e+00   0.000000e+00   7.532505e-04
 2.972741e-06   1.204387e-02   0.000000e+00   2.608828e-05   5.051313e-02   0.000000e+00   0.000000e+00   0.000000e+00   1.315541e-03
 0.000000e+00   0.000000e+00   1.205642e-02   0.000000e+00   0.000000e+00   5.068020e-02   5.950878e-03  -9.999946e-03   0.000000e+00
 0.000000e+00   0.000000e+00   3.896743e-04   0.000000e+00   0.000000e+00   5.950878e-03   3.510468e-01  -3.878566e-01   0.000000e+00
 0.000000e+00   0.000000e+00  -7.278407e-04   0.000000e+00   0.000000e+00  -9.999946e-03  -3.878566e-01   5.526273e-01   0.000000e+00
 8.363486e-05   1.141900e-04   0.000000e+00   7.532505e-04   1.315541e-03   0.000000e+00   0.000000e+00   0.000000e+00   5.087617e-02

# timestamp: 1774889192.0465825
 3.339155e-03   3.090649e-06   0.000000e+00   6.781734e-03   6.242380e-06   0.000000e+00   0.000000e+00   0.000000e+00  -1.279493e-04
 3.090649e-06   3.337863e-03   0.000000e+00   6.754462e-06   6.780077e-03   0.000000e+00   0.000000e+00   0.000000e+00  -3.176837e-05
 0.000000e+00   0.000000e+00   3.345274e-03   0.000000e+00   0.000000e+00   6.815511e-03   1.164682e-03  -1.309076e-03   0.000000e+00
 6.781734e-03   6.754462e-06   0.000000e+00   1.936446e-02   1.530022e-05   0.000000e+00   0.000000e+00   0.000000e+00  -2.525889e-04
 6.242380e-06   6.780077e-03   0.000000e+00   1.530022e-05   1.937081e-02   0.000000e+00   0.000000e+00   0.000000e+00   4.247671e-04
 0.000000e+00   0.000000e+00   6.815511e-03   0.000000e+00   0.000000e+00   1.960085e-02   8.336382e-03  -1.087892e-02   0.000000e+00
 0.000000e+00   0.000000e+00   1.164682e-03   0.000000e+00   0.000000e+00   8.336382e-03   3.576277e-01  -3.997074e-01   0.000000e+00
 0.000000e+00   0.000000e+00  -1.309076e-03   0.000000e+00   0.000000e+00  -1.087892e-02  -3.997074e-01   5.651553e-01   0.000000e+00
-1.279493e-04  -3.176837e-05   0.000000e+00  -2.525889e-04   4.247671e-04   0.000000e+00   0.000000e+00   0.000000e+00   4.835688e-02

# timestamp: 1774889192.0652409
 3.652747e-03   3.369623e-06   0.000000e+00   7.187527e-03   6.542973e-06   0.000000e+00   0.000000e+00   0.000000e+00  -1.334797e-04
 3.369623e-06   3.651387e-03   0.000000e+00   7.090685e-06   7.185906e-03   0.000000e+00   0.000000e+00   0.000000e+00  -2.282403e-05
 0.000000e+00   0.000000e+00   3.660399e-03   0.000000e+00   0.000000e+00   7.227354e-03   1.341430e-03  -1.539442e-03   0.000000e+00
 7.187527e-03   7.090685e-06   0.000000e+00   1.936693e-02   1.496528e-05   0.000000e+00   0.000000e+00   0.000000e+00  -2.873203e-04
 6.542973e-06   7.185906e-03   0.000000e+00   1.496528e-05   1.937302e-02   0.000000e+00   0.000000e+00   0.000000e+00   4.314308e-04
 0.000000e+00   0.000000e+00   7.227354e-03   0.000000e+00   0.000000e+00   1.961775e-02   8.640517e-03  -1.123379e-02   0.000000e+00
 0.000000e+00   0.000000e+00   1.341430e-03   0.000000e+00   0.000000e+00   8.640517e-03   3.597226e-01  -3.997074e-01   0.000000e+00
 0.000000e+00   0.000000e+00  -1.539442e-03   0.000000e+00   0.000000e+00  -1.123379e-02  -3.997074e-01   5.672502e-01   0.000000e+00
-1.334797e-04  -2.282403e-05   0.000000e+00  -2.873203e-04   4.314308e-04   0.000000e+00   0.000000e+00   0.000000e+00   5.045179e-02

# timestamp: 1774889192.0905066
 2.395900e-03   1.242942e-06   0.000000e+00   4.505969e-03   2.440045e-06   0.000000e+00   0.000000e+00   0.000000e+00  -6.401723e-05
 1.242942e-06   2.395473e-03   0.000000e+00   2.576653e-06   4.505901e-03   0.000000e+00   0.000000e+00   0.000000e+00   2.220796e-07
 0.000000e+00   0.000000e+00   2.399734e-03   0.000000e+00   0.000000e+00   4.531487e-03   9.824012e-04  -1.188021e-03   0.000000e+00
 4.505969e-03   2.576653e-06   0.000000e+00   1.317345e-02   5.650803e-06   0.000000e+00   0.000000e+00   0.000000e+00  -1.929740e-04
 2.440045e-06   4.505901e-03   0.000000e+00   5.650803e-06   1.317974e-02   0.000000e+00   0.000000e+00   0.000000e+00   3.329107e-04
 0.000000e+00   0.000000e+00   4.531487e-03   0.000000e+00   0.000000e+00   1.337306e-02   7.817024e-03  -1.019245e-02   0.000000e+00
 0.000000e+00   0.000000e+00   9.824012e-04   0.000000e+00   0.000000e+00   7.817024e-03   3.557387e-01  -4.049794e-01   0.000000e+00
 0.000000e+00   0.000000e+00  -1.188021e-03   0.000000e+00   0.000000e+00  -1.019245e-02  -4.049794e-01   5.661106e-01   0.000000e+00
-6.401723e-05   2.220796e-07   0.000000e+00  -1.929740e-04   3.329107e-04   0.000000e+00   0.000000e+00   0.000000e+00   4.246038e-02

# timestamp: 1774889192.1158626
 2.554167e-03   1.322073e-06   0.000000e+00   4.710116e-03   2.544853e-06   0.000000e+00   0.000000e+00   0.000000e+00  -6.712198e-05
 1.322073e-06   2.553738e-03   0.000000e+00   2.660728e-06   4.710097e-03   0.000000e+00   0.000000e+00   0.000000e+00   5.334228e-06
 0.000000e+00   0.000000e+00   2.558842e-03   0.000000e+00   0.000000e+00   4.739085e-03   1.104028e-03  -1.346407e-03   0.000000e+00
 4.710116e-03   2.660728e-06   0.000000e+00   1.317528e-02   5.482055e-06   0.000000e+00   0.000000e+00   0.000000e+00  -2.229830e-04
 2.544853e-06   4.710097e-03   0.000000e+00   5.482055e-06   1.318111e-02   0.000000e+00   0.000000e+00   0.000000e+00   3.211128e-04
 0.000000e+00   0.000000e+00   4.739085e-03   0.000000e+00   0.000000e+00   1.337991e-02   7.953017e-03  -1.031763e-02   0.000000e+00
 0.000000e+00   0.000000e+00   1.104028e-03   0.000000e+00   0.000000e+00   7.953017e-03   3.572879e-01  -4.049794e-01   0.000000e+00
 0.000000e+00   0.000000e+00  -1.346407e-03   0.000000e+00   0.000000e+00  -1.031763e-02  -4.049794e-01   5.676597e-01   0.000000e+00
-6.712198e-05   5.334228e-06   0.000000e+00  -2.229830e-04   3.211128e-04   0.000000e+00   0.000000e+00   0.000000e+00   4.400958e-02

# timestamp: 1774889192.1384048
 2.840313e-03   1.464396e-06   0.000000e+00   5.060293e-03   2.721339e-06   0.000000e+00   0.000000e+00   0.000000e+00  -7.350305e-05
 1.464396e-06   2.839886e-03   0.000000e+00   2.791116e-06   5.060332e-03   0.000000e+00   0.000000e+00   0.000000e+00   1.368591e-05
 0.000000e+00   0.000000e+00   2.846684e-03   0.000000e+00   0.000000e+00   5.095451e-03   1.317341e-03  -1.622363e-03   0.000000e+00
 5.060293e-03   2.791116e-06   0.000000e+00   1.317853e-02   5.231479e-06   0.000000e+00   0.000000e+00   0.000000e+00  -2.770253e-04
 2.721339e-06   5.060332e-03   0.000000e+00   5.231479e-06   1.318348e-02   0.000000e+00   0.000000e+00   0.000000e+00   2.998663e-04
 0.000000e+00   0.000000e+00   5.095451e-03   0.000000e+00   0.000000e+00   1.339194e-02   8.188817e-03  -1.053128e-02   0.000000e+00
 0.000000e+00   0.000000e+00   1.317341e-03   0.000000e+00   0.000000e+00   8.188817e-03   3.599447e-01  -4.049794e-01   0.000000e+00
 0.000000e+00   0.000000e+00  -1.622363e-03   0.000000e+00   0.000000e+00  -1.053128e-02  -4.049794e-01   5.703165e-01   0.000000e+00
-7.350305e-05   1.368591e-05   0.000000e+00  -2.770253e-04   2.998663e-04   0.000000e+00   0.000000e+00   0.000000e+00   4.666637e-02

# timestamp: 1774889192.432298
 2.013030e-03   1.249514e-06   0.000000e+00   2.628362e-03   2.640135e-06   0.000000e+00   0.000000e+00   0.000000e+00  -1.456881e-04
 1.249514e-06   2.012338e-03   0.000000e+00   2.276180e-06   2.626484e-03   0.000000e+00   0.000000e+00   0.000000e+00  -6.162101e-05
 0.000000e+00   0.000000e+00   2.021029e-03   0.000000e+00   0.000000e+00   2.657853e-03   1.610428e-03  -1.866600e-03   0.000000e+00
 2.628362e-03   2.276180e-06   0.000000e+00   5.636854e-03   7.689036e-06   0.000000e+00   0.000000e+00   0.000000e+00  -6.940528e-04
 2.640135e-06   2.626484e-03   0.000000e+00   7.689036e-06   5.628373e-03   0.000000e+00   0.000000e+00   0.000000e+00  -3.215240e-04
 0.000000e+00   0.000000e+00   2.657853e-03   0.000000e+00   0.000000e+00   5.750920e-03   6.480600e-03  -7.295781e-03   0.000000e+00
 0.000000e+00   0.000000e+00   1.610428e-03   0.000000e+00   0.000000e+00   6.480600e-03   3.596375e-01  -4.156869e-01   0.000000e+00
 0.000000e+00   0.000000e+00  -1.866600e-03   0.000000e+00   0.000000e+00  -7.295781e-03  -4.156869e-01   5.913962e-01   0.000000e+00
-1.456881e-04  -6.162101e-05   0.000000e+00  -6.940528e-04  -3.215240e-04   0.000000e+00   0.000000e+00   0.000000e+00   4.396493e-02

# timestamp: 1774889192.475005
 1.914402e-03   1.669603e-05   0.000000e+00   2.375865e-03   1.453808e-05   0.000000e+00   0.000000e+00   0.000000e+00   9.437916e-04
 1.669603e-05   1.905564e-03   0.000000e+00   1.155368e-05   2.372162e-03   0.000000e+00   0.000000e+00   0.000000e+00   7.221451e-04
 0.000000e+00   0.000000e+00   1.931393e-03   0.000000e+00   0.000000e+00   2.405475e-03   1.646191e-04  -2.194958e-03   0.000000e+00
 2.375865e-03   1.155368e-05   0.000000e+00   4.983262e-03   1.117201e-05   0.000000e+00   0.000000e+00   0.000000e+00   6.250223e-04
 1.453808e-05   2.372162e-03   0.000000e+00   1.117201e-05   4.982110e-03   0.000000e+00   0.000000e+00   0.000000e+00   6.034615e-04
 0.000000e+00   0.000000e+00   2.405475e-03   0.000000e+00   0.000000e+00   5.075796e-03   4.348816e-03  -7.210218e-03   0.000000e+00
 0.000000e+00   0.000000e+00   1.646191e-04   0.000000e+00   0.000000e+00   4.348816e-03   3.566367e-01  -4.156278e-01   0.000000e+00
 0.000000e+00   0.000000e+00  -2.194958e-03   0.000000e+00   0.000000e+00  -7.210218e-03  -4.156278e-01   5.960942e-01   0.000000e+00
 9.437916e-04   7.221451e-04   0.000000e+00   6.250223e-04   6.034615e-04   0.000000e+00   0.000000e+00   0.000000e+00   4.382140e-02

# timestamp: 1774889192.5106406
 1.737127e-03   2.246453e-06   0.000000e+00   2.105894e-03   4.367727e-06   0.000000e+00   0.000000e+00   0.000000e+00  -2.330276e-04
 2.246453e-06   1.735660e-03   0.000000e+00   4.081657e-06   2.102590e-03   0.000000e+00   0.000000e+00   0.000000e+00  -1.393180e-04
 0.000000e+00   0.000000e+00   1.744455e-03   0.000000e+00   0.000000e+00   2.130545e-03   1.544084e-03  -1.602942e-03   0.000000e+00
 2.105894e-03   4.081657e-06   0.000000e+00   4.482727e-03   1.232259e-05   0.000000e+00   0.000000e+00   0.000000e+00  -8.377709e-04
 4.367727e-06   2.102590e-03   0.000000e+00   1.232259e-05   4.470846e-03   0.000000e+00   0.000000e+00   0.000000e+00  -4.886344e-04
 0.000000e+00   0.000000e+00   2.130545e-03   0.000000e+00   0.000000e+00   4.573564e-03   5.855776e-03  -6.179649e-03   0.000000e+00
 0.000000e+00   0.000000e+00   1.544084e-03   0.000000e+00   0.000000e+00   5.855776e-03   3.559104e-01  -4.183015e-01   0.000000e+00
 0.000000e+00   0.000000e+00  -1.602942e-03   0.000000e+00   0.000000e+00  -6.179649e-03  -4.183015e-01   5.975749e-01   0.000000e+00
-2.330276e-04  -1.393180e-04   0.000000e+00  -8.377709e-04  -4.886344e-04   0.000000e+00   0.000000e+00   0.000000e+00   4.132574e-02

# timestamp: 1774889192.5450199
 1.921325e-03   2.559750e-06   0.000000e+00   2.260432e-03   5.256545e-06   0.000000e+00   0.000000e+00   0.000000e+00  -2.628050e-04
 2.559750e-06   1.919611e-03   0.000000e+00   4.856729e-06   2.256418e-03   0.000000e+00   0.000000e+00   0.000000e+00  -1.569142e-04
 0.000000e+00   0.000000e+00   1.930454e-03   0.000000e+00   0.000000e+00   2.288242e-03   1.745564e-03  -1.813516e-03   0.000000e+00
 2.260432e-03   4.856729e-06   0.000000e+00   4.489946e-03   1.497685e-05   0.000000e+00   0.000000e+00   0.000000e+00  -9.312478e-04
 5.256545e-06   2.256418e-03   0.000000e+00   1.497685e-05   4.476097e-03   0.000000e+00   0.000000e+00   0.000000e+00  -5.640789e-04
 0.000000e+00   0.000000e+00   2.288242e-03   0.000000e+00   0.000000e+00   4.581050e-03   5.899948e-03  -6.038582e-03   0.000000e+00
 0.000000e+00   0.000000e+00   1.745564e-03   0.000000e+00   0.000000e+00   5.899948e-03   3.593430e-01  -4.183015e-01   0.000000e+00
 0.000000e+00   0.000000e+00  -1.813516e-03   0.000000e+00   0.000000e+00  -6.038582e-03  -4.183015e-01   6.010075e-01   0.000000e+00
-2.628050e-04  -1.569142e-04   0.000000e+00  -9.312478e-04  -5.640789e-04   0.000000e+00   0.000000e+00   0.000000e+00   4.475837e-02

# timestamp: 1774889192.8414097
 1.598347e-03   2.437023e-06   0.000000e+00   1.477737e-03   7.057528e-06   0.000000e+00   0.000000e+00   0.000000e+00  -2.549427e-04
 2.437023e-06   1.596614e-03   0.000000e+00   6.531793e-06   1.472854e-03   0.000000e+00   0.000000e+00   0.000000e+00  -1.736602e-04
 0.000000e+00   0.000000e+00   1.605409e-03   0.000000e+00   0.000000e+00   1.494950e-03   1.502252e-03  -1.525582e-03   0.000000e+00
 1.477737e-03   6.531793e-06   0.000000e+00   2.608601e-03   2.470507e-05   0.000000e+00   0.000000e+00   0.000000e+00  -9.960085e-04
 7.057528e-06   1.472854e-03   0.000000e+00   2.470507e-05   2.591674e-03   0.000000e+00   0.000000e+00   0.000000e+00  -7.239401e-04
 0.000000e+00   0.000000e+00   1.494950e-03   0.000000e+00   0.000000e+00   2.655251e-03   3.877416e-03  -3.200798e-03   0.000000e+00
 0.000000e+00   0.000000e+00   1.502252e-03   0.000000e+00   0.000000e+00   3.877416e-03   3.576327e-01  -4.267479e-01   0.000000e+00
 0.000000e+00   0.000000e+00  -1.525582e-03   0.000000e+00   0.000000e+00  -3.200798e-03  -4.267479e-01   6.266705e-01   0.000000e+00
-2.549427e-04  -1.736602e-04   0.000000e+00  -9.960085e-04  -7.239401e-04   0.000000e+00   0.000000e+00   0.000000e+00   4.469751e-02

# timestamp: 1774889192.8884938
 1.521389e-03   7.669489e-06   0.000000e+00   1.351645e-03   4.467448e-07   0.000000e+00   0.000000e+00   0.000000e+00   5.996618e-04
 7.669489e-06   1.516673e-03   0.000000e+00   2.816491e-07   1.351010e-03   0.000000e+00   0.000000e+00   0.000000e+00   4.455019e-04
 0.000000e+00   0.000000e+00   1.531547e-03   0.000000e+00   0.000000e+00   1.362019e-03   5.423018e-04  -2.008164e-03   0.000000e+00
 1.351645e-03   2.816491e-07   0.000000e+00   2.392065e-03   9.448188e-06   0.000000e+00   0.000000e+00   0.000000e+00  -2.198324e-04
 4.467448e-07   1.351010e-03   0.000000e+00   9.448188e-06   2.385200e-03   0.000000e+00   0.000000e+00   0.000000e+00  -1.686147e-04
 0.000000e+00   0.000000e+00   1.362019e-03   0.000000e+00   0.000000e+00   2.422130e-03   2.795297e-03  -3.354872e-03   0.000000e+00
 0.000000e+00   0.000000e+00   5.423018e-04   0.000000e+00   0.000000e+00   2.795297e-03   3.566280e-01  -4.283684e-01   0.000000e+00
 0.000000e+00   0.000000e+00  -2.008164e-03   0.000000e+00   0.000000e+00  -3.354872e-03  -4.283684e-01   6.303110e-01   0.000000e+00
 5.996618e-04   4.455019e-04   0.000000e+00  -2.198324e-04  -1.686147e-04   0.000000e+00   0.000000e+00   0.000000e+00   4.377066e-02

# timestamp: 1774889192.9465647
 1.484971e-03   2.979607e-06   0.000000e+00   1.291186e-03   7.940537e-06   0.000000e+00   0.000000e+00   0.000000e+00  -2.853558e-04
 2.979607e-06   1.483013e-03   0.000000e+00   7.555562e-06   1.286141e-03   0.000000e+00   0.000000e+00   0.000000e+00  -2.078297e-04
 0.000000e+00   0.000000e+00   1.491103e-03   0.000000e+00   0.000000e+00   1.305520e-03   1.353142e-03  -1.247332e-03   0.000000e+00
 1.291186e-03   7.555562e-06   0.000000e+00   2.257453e-03   2.648742e-05   0.000000e+00   0.000000e+00   0.000000e+00  -9.889205e-04
 7.940537e-06   1.286141e-03   0.000000e+00   2.648742e-05   2.240889e-03   0.000000e+00   0.000000e+00   0.000000e+00  -7.458263e-04
 0.000000e+00   0.000000e+00   1.305520e-03   0.000000e+00   0.000000e+00   2.296052e-03   3.297334e-03  -2.399470e-03   0.000000e+00
 0.000000e+00   0.000000e+00   1.353142e-03   0.000000e+00   0.000000e+00   3.297334e-03   3.596765e-01  -4.310399e-01   0.000000e+00
 0.000000e+00   0.000000e+00  -1.247332e-03   0.000000e+00   0.000000e+00  -2.399470e-03  -4.310399e-01   6.316237e-01   0.000000e+00
-2.853558e-04  -2.078297e-04   0.000000e+00  -9.889205e-04  -7.458263e-04   0.000000e+00   0.000000e+00   0.000000e+00   4.366762e-02

# timestamp: 1774889193.1827276
 1.488879e-03   5.179426e-06   0.000000e+00   1.121610e-03   1.096502e-05   0.000000e+00   0.000000e+00   0.000000e+00  -3.902520e-04
 5.179426e-06   1.486034e-03   0.000000e+00   1.044139e-05   1.116284e-03   0.000000e+00   0.000000e+00   0.000000e+00  -3.095680e-04
 0.000000e+00   0.000000e+00   1.495075e-03   0.000000e+00   0.000000e+00   1.133000e-03   1.155106e-03  -7.271307e-04   0.000000e+00
 1.121610e-03   1.044139e-05   0.000000e+00   1.771755e-03   2.699589e-05   0.000000e+00   0.000000e+00   0.000000e+00  -8.881369e-04
 1.096502e-05   1.116284e-03   0.000000e+00   2.699589e-05   1.759333e-03   0.000000e+00   0.000000e+00   0.000000e+00  -7.514382e-04
 0.000000e+00   0.000000e+00   1.133000e-03   0.000000e+00   0.000000e+00   1.797618e-03   1.784103e-03  -4.623269e-04   0.000000e+00
 0.000000e+00   0.000000e+00   1.155106e-03   0.000000e+00   0.000000e+00   1.784103e-03   3.721183e-01  -4.400658e-01   0.000000e+00
 0.000000e+00   0.000000e+00  -7.271307e-04   0.000000e+00   0.000000e+00  -4.623269e-04  -4.400658e-01   6.444818e-01   0.000000e+00
-3.902520e-04  -3.095680e-04   0.000000e+00  -8.881369e-04  -7.514382e-04   0.000000e+00   0.000000e+00   0.000000e+00   4.764228e-02

# timestamp: 1774889193.2278483
 1.296278e-03   3.531361e-06   0.000000e+00   9.469854e-04   8.036100e-06   0.000000e+00   0.000000e+00   0.000000e+00  -2.720545e-04
 3.531361e-06   1.294354e-03   0.000000e+00   7.529230e-06   9.432720e-04   0.000000e+00   0.000000e+00   0.000000e+00  -2.182297e-04
 0.000000e+00   0.000000e+00   1.300550e-03   0.000000e+00   0.000000e+00   9.548708e-04   9.051756e-04  -6.370901e-04   0.000000e+00
 9.469854e-04   7.529230e-06   0.000000e+00   1.579709e-03   2.091391e-05   0.000000e+00   0.000000e+00   0.000000e+00  -6.320599e-04
 8.036100e-06   9.432720e-04   0.000000e+00   2.091391e-05   1.570721e-03   0.000000e+00   0.000000e+00   0.000000e+00  -5.645469e-04
 0.000000e+00   0.000000e+00   9.548708e-04   0.000000e+00   0.000000e+00   1.599083e-03   1.138634e-03  -1.194046e-04   0.000000e+00
 0.000000e+00   0.000000e+00   9.051756e-04   0.000000e+00   0.000000e+00   1.138634e-03   3.723336e-01  -4.450446e-01   0.000000e+00
 0.000000e+00   0.000000e+00  -6.370901e-04   0.000000e+00   0.000000e+00  -1.194046e-04  -4.450446e-01   6.443886e-01   0.000000e+00
-2.720545e-04  -2.182297e-04   0.000000e+00  -6.320599e-04  -5.645469e-04   0.000000e+00   0.000000e+00   0.000000e+00   4.299030e-02

# timestamp: 1774889193.268687
 1.279210e-03   5.016325e-06   0.000000e+00   9.031833e-04   2.959040e-06   0.000000e+00   0.000000e+00   0.000000e+00   4.041318e-04
 5.016325e-06   1.275911e-03   0.000000e+00   3.884254e-06   9.002068e-04   0.000000e+00   0.000000e+00   0.000000e+00   2.868595e-04
 0.000000e+00   0.000000e+00   1.284426e-03   0.000000e+00   0.000000e+00   9.066209e-04   2.339484e-04  -1.149605e-03   0.000000e+00
 9.031833e-04   3.884254e-06   0.000000e+00   1.493042e-03   1.235765e-05   0.000000e+00   0.000000e+00   0.000000e+00  -5.995926e-05
 2.959040e-06   9.002068e-04   0.000000e+00   1.235765e-05   1.486781e-03   0.000000e+00   0.000000e+00   0.000000e+00  -1.483515e-04
 0.000000e+00   0.000000e+00   9.066209e-04   0.000000e+00   0.000000e+00   1.504519e-03   3.027310e-04  -1.802357e-04   0.000000e+00
 0.000000e+00   0.000000e+00   2.339484e-04   0.000000e+00   0.000000e+00   3.027310e-04   3.741143e-01  -4.472984e-01   0.000000e+00
 0.000000e+00   0.000000e+00  -1.149605e-03   0.000000e+00   0.000000e+00  -1.802357e-04  -4.472984e-01   6.477533e-01   0.000000e+00
 4.041318e-04   2.868595e-04   0.000000e+00  -5.995926e-05  -1.483515e-04   0.000000e+00   0.000000e+00   0.000000e+00   4.317629e-02

# timestamp: 1774889193.592685
 1.194930e-03   6.123838e-06   0.000000e+00   7.265604e-04   7.369567e-06   0.000000e+00   0.000000e+00   0.000000e+00   4.678273e-04
 6.123838e-06   1.190685e-03   0.000000e+00   8.401251e-06   7.202814e-04   0.000000e+00   0.000000e+00   0.000000e+00   3.182958e-04
 0.000000e+00   0.000000e+00   1.199695e-03   0.000000e+00   0.000000e+00   7.318202e-04  -2.933283e-04  -5.569283e-04   0.000000e+00
 7.265604e-04   8.401251e-06   0.000000e+00   1.145972e-03   1.282399e-05   0.000000e+00   0.000000e+00   0.000000e+00   5.612923e-04
 7.369567e-06   7.202814e-04   0.000000e+00   1.282399e-05   1.135905e-03   0.000000e+00   0.000000e+00   0.000000e+00   2.736445e-04
 0.000000e+00   0.000000e+00   7.318202e-04   0.000000e+00   0.000000e+00   1.161375e-03  -1.891609e-03   1.544878e-03   0.000000e+00
 0.000000e+00   0.000000e+00  -2.933283e-04   0.000000e+00   0.000000e+00  -1.891609e-03   3.797779e-01  -4.593630e-01   0.000000e+00
 0.000000e+00   0.000000e+00  -5.569283e-04   0.000000e+00   0.000000e+00   1.544878e-03  -4.593630e-01   6.718362e-01   0.000000e+00
 4.678273e-04   3.182958e-04   0.000000e+00   5.612923e-04   2.736445e-04   0.000000e+00   0.000000e+00   0.000000e+00   4.378916e-02

# timestamp: 1774889193.6511543
 1.188598e-03   3.663085e-06   0.000000e+00   6.995478e-04   4.073757e-06   0.000000e+00   0.000000e+00   0.000000e+00  -2.215443e-04
 3.663085e-06   1.186564e-03   0.000000e+00   3.234047e-06   6.983708e-04   0.000000e+00   0.000000e+00   0.000000e+00  -1.732369e-04
 0.000000e+00   0.000000e+00   1.191857e-03   0.000000e+00   0.000000e+00   7.021833e-04   4.592764e-04  -1.524048e-04   0.000000e+00
 6.995478e-04   3.234047e-06   0.000000e+00   1.097156e-03   9.194404e-06   0.000000e+00   0.000000e+00   0.000000e+00   2.556243e-04
 4.073757e-06   6.983708e-04   0.000000e+00   9.194404e-06   1.091204e-03   0.000000e+00   0.000000e+00   0.000000e+00   5.820116e-05
 0.000000e+00   0.000000e+00   7.021833e-04   0.000000e+00   0.000000e+00   1.111272e-03  -1.686588e-03   1.905071e-03   0.000000e+00
 0.000000e+00   0.000000e+00   4.592764e-04   0.000000e+00   0.000000e+00  -1.686588e-03   3.803133e-01  -4.611990e-01   0.000000e+00
 0.000000e+00   0.000000e+00  -1.524048e-04   0.000000e+00   0.000000e+00   1.905071e-03  -4.611990e-01   6.767290e-01   0.000000e+00
-2.215443e-04  -1.732369e-04   0.000000e+00   2.556243e-04   5.820116e-05   0.000000e+00   0.000000e+00   0.000000e+00   4.409030e-02

# timestamp: 1774889193.888374
 1.105881e-03   7.678480e-06   0.000000e+00   6.003968e-04   1.268333e-05   0.000000e+00   0.000000e+00   0.000000e+00   5.899176e-04
 7.678480e-06   1.099976e-03   0.000000e+00   1.320002e-05   5.896023e-04   0.000000e+00   0.000000e+00   0.000000e+00   3.897951e-04
 0.000000e+00   0.000000e+00   1.111663e-03   0.000000e+00   0.000000e+00   6.112137e-04  -8.796431e-04   1.643800e-05   0.000000e+00
 6.003968e-04   1.320002e-05   0.000000e+00   9.517934e-04   2.519559e-05   0.000000e+00   0.000000e+00   0.000000e+00   1.077240e-03
 1.268333e-05   5.896023e-04   0.000000e+00   2.519559e-05   9.288239e-04   0.000000e+00   0.000000e+00   0.000000e+00   6.614898e-04
 0.000000e+00   0.000000e+00   6.112137e-04   0.000000e+00   0.000000e+00   9.806693e-04  -3.049839e-03   2.104330e-03   0.000000e+00
 0.000000e+00   0.000000e+00  -8.796431e-04   0.000000e+00   0.000000e+00  -3.049839e-03   3.765427e-01  -4.674198e-01   0.000000e+00
 0.000000e+00   0.000000e+00   1.643800e-05   0.000000e+00   0.000000e+00   2.104330e-03  -4.674198e-01   6.989744e-01   0.000000e+00
 5.899176e-04   3.897951e-04   0.000000e+00   1.077240e-03   6.614898e-04   0.000000e+00   0.000000e+00   0.000000e+00   4.331215e-02

# timestamp: 1774889193.9149287
 1.060635e-03   2.465978e-06   0.000000e+00   5.568943e-04   3.152328e-06   0.000000e+00   0.000000e+00   0.000000e+00  -6.548696e-05
 2.465978e-06   1.059195e-03   0.000000e+00   2.551979e-06   5.550229e-04   0.000000e+00   0.000000e+00   0.000000e+00  -6.437671e-05
 0.000000e+00   0.000000e+00   1.062851e-03   0.000000e+00   0.000000e+00   5.606479e-04  -1.484682e-04   3.658568e-04   0.000000e+00
 5.568943e-04   2.551979e-06   0.000000e+00   9.105148e-04   1.695564e-05   0.000000e+00   0.000000e+00   0.000000e+00   7.348905e-04
 3.152328e-06   5.550229e-04   0.000000e+00   1.695564e-05   8.949049e-04   0.000000e+00   0.000000e+00   0.000000e+00   4.310531e-04
 0.000000e+00   0.000000e+00   5.606479e-04   0.000000e+00   0.000000e+00   9.335916e-04  -2.672317e-03   2.295979e-03   0.000000e+00
 0.000000e+00   0.000000e+00  -1.484682e-04   0.000000e+00   0.000000e+00  -2.672317e-03   3.748302e-01  -4.691546e-01   0.000000e+00
 0.000000e+00   0.000000e+00   3.658568e-04   0.000000e+00   0.000000e+00   2.295979e-03  -4.691546e-01   7.021177e-01   0.000000e+00
-6.548696e-05  -6.437671e-05   0.000000e+00   7.348905e-04   4.310531e-04   0.000000e+00   0.000000e+00   0.000000e+00   4.159314e-02

# timestamp: 1774889193.9509509
 1.121245e-03   2.639510e-06   0.000000e+00   5.826608e-04   3.577807e-06   0.000000e+00   0.000000e+00   0.000000e+00  -4.378943e-05
 2.639510e-06   1.119687e-03   0.000000e+00   2.929626e-06   5.803587e-04   0.000000e+00   0.000000e+00   0.000000e+00  -5.158042e-05
 0.000000e+00   0.000000e+00   1.123692e-03   0.000000e+00   0.000000e+00   5.870381e-04  -2.254803e-04   4.309187e-04   0.000000e+00
 5.826608e-04   2.929626e-06   0.000000e+00   9.167652e-04   1.910346e-05   0.000000e+00   0.000000e+00   0.000000e+00   8.299225e-04
 3.577807e-06   5.803587e-04   0.000000e+00   1.910346e-05   8.990828e-04   0.000000e+00   0.000000e+00   0.000000e+00   4.943080e-04
 0.000000e+00   0.000000e+00   5.870381e-04   0.000000e+00   0.000000e+00   9.417278e-04  -2.813151e-03   2.297185e-03   0.000000e+00
 0.000000e+00   0.000000e+00  -2.254803e-04   0.000000e+00   0.000000e+00  -2.813151e-03   3.776630e-01  -4.691546e-01   0.000000e+00
 0.000000e+00   0.000000e+00   4.309187e-04   0.000000e+00   0.000000e+00   2.297185e-03  -4.691546e-01   7.049506e-01   0.000000e+00
-4.378943e-05  -5.158042e-05   0.000000e+00   8.299225e-04   4.943080e-04   0.000000e+00   0.000000e+00   0.000000e+00   4.442598e-02

# timestamp: 1774889193.9790573
 1.068265e-03   7.653258e-06   0.000000e+00   5.616743e-04   1.374757e-05   0.000000e+00   0.000000e+00   0.000000e+00   5.789870e-04
 7.653258e-06   1.062405e-03   0.000000e+00   1.416818e-05   5.500835e-04   0.000000e+00   0.000000e+00   0.000000e+00   3.864450e-04
 0.000000e+00   0.000000e+00   1.074152e-03   0.000000e+00   0.000000e+00   5.736355e-04  -9.396543e-04   1.215532e-04   0.000000e+00
 5.616743e-04   1.416818e-05   0.000000e+00   9.035665e-04   2.948866e-05   0.000000e+00   0.000000e+00   0.000000e+00   1.138648e-03
 1.374757e-05   5.500835e-04   0.000000e+00   2.948866e-05   8.769274e-04   0.000000e+00   0.000000e+00   0.000000e+00   7.174382e-04
 0.000000e+00   0.000000e+00   5.736355e-04   0.000000e+00   0.000000e+00   9.360356e-04  -3.184491e-03   2.164168e-03   0.000000e+00
 0.000000e+00   0.000000e+00  -9.396543e-04   0.000000e+00   0.000000e+00  -3.184491e-03   3.768489e-01  -4.712855e-01   0.000000e+00
 0.000000e+00   0.000000e+00   1.215532e-04   0.000000e+00   0.000000e+00   2.164168e-03  -4.712855e-01   7.064949e-01   0.000000e+00
 5.789870e-04   3.864450e-04   0.000000e+00   1.138648e-03   7.174382e-04   0.000000e+00   0.000000e+00   0.000000e+00   4.239156e-02

# timestamp: 1774889194.2375307
 1.063576e-03   2.724091e-06   0.000000e+00   5.040116e-04   7.129207e-06   0.000000e+00   0.000000e+00   0.000000e+00   1.279542e-04
 2.724091e-06   1.061456e-03   0.000000e+00   6.623730e-06   4.977338e-04   0.000000e+00   0.000000e+00   0.000000e+00   6.902116e-05
 0.000000e+00   0.000000e+00   1.067069e-03   0.000000e+00   0.000000e+00   5.137846e-04  -8.183411e-04   9.059688e-04   0.000000e+00
 5.040116e-04   6.623730e-06   0.000000e+00   8.048715e-04   3.027309e-05   0.000000e+00   0.000000e+00   0.000000e+00   1.012142e-03
 7.129207e-06   4.977338e-04   0.000000e+00   3.027309e-05   7.766170e-04   0.000000e+00   0.000000e+00   0.000000e+00   6.346652e-04
 0.000000e+00   0.000000e+00   5.137846e-04   0.000000e+00   0.000000e+00   8.424057e-04  -3.452485e-03   2.811315e-03   0.000000e+00
 0.000000e+00   0.000000e+00  -8.183411e-04   0.000000e+00   0.000000e+00  -3.452485e-03   3.858827e-01  -4.822328e-01   0.000000e+00
 0.000000e+00   0.000000e+00   9.059688e-04   0.000000e+00   0.000000e+00   2.811315e-03  -4.822328e-01   7.254652e-01   0.000000e+00
 1.279542e-04   6.902116e-05   0.000000e+00   1.012142e-03   6.346652e-04   0.000000e+00   0.000000e+00   0.000000e+00   4.442149e-02

# timestamp: 1774889194.265238
 1.123489e-03   3.158838e-06   0.000000e+00   5.280873e-04   8.202448e-06   0.000000e+00   0.000000e+00   0.000000e+00   1.585017e-04
 3.158838e-06   1.120971e-03   0.000000e+00   7.675583e-06   5.207937e-04   0.000000e+00   0.000000e+00   0.000000e+00   8.818271e-05
 0.000000e+00   0.000000e+00   1.127595e-03   0.000000e+00   0.000000e+00   5.392025e-04  -9.213760e-04   9.891660e-04   0.000000e+00
 5.280873e-04   7.675583e-06   0.000000e+00   8.113783e-04   3.252198e-05   0.000000e+00   0.000000e+00   0.000000e+00   1.090779e-03
 8.202448e-06   5.207937e-04   0.000000e+00   3.252198e-05   7.809868e-04   0.000000e+00   0.000000e+00   0.000000e+00   6.847275e-04
 0.000000e+00   0.000000e+00   5.392025e-04   0.000000e+00   0.000000e+00   8.511784e-04  -3.589454e-03   2.843629e-03   0.000000e+00
 0.000000e+00   0.000000e+00  -9.213760e-04   0.000000e+00   0.000000e+00  -3.589454e-03   3.888312e-01  -4.822328e-01   0.000000e+00
 0.000000e+00   0.000000e+00   9.891660e-04   0.000000e+00   0.000000e+00   2.843629e-03  -4.822328e-01   7.284137e-01   0.000000e+00
 1.585017e-04   8.818271e-05   0.000000e+00   1.090779e-03   6.847275e-04   0.000000e+00   0.000000e+00   0.000000e+00   4.737002e-02

# timestamp: 1774889194.311972
 9.802537e-04   2.493616e-06   0.000000e+00   4.562758e-04   7.165693e-06   0.000000e+00   0.000000e+00   0.000000e+00   1.316162e-04
 2.493616e-06   9.782342e-04   0.000000e+00   6.770990e-06   4.498756e-04   0.000000e+00   0.000000e+00   0.000000e+00   7.530389e-05
 0.000000e+00   0.000000e+00   9.836072e-04   0.000000e+00   0.000000e+00   4.664074e-04  -8.455581e-04   9.282466e-04   0.000000e+00
 4.562758e-04   6.770990e-06   0.000000e+00   7.669244e-04   2.974886e-05   0.000000e+00   0.000000e+00   0.000000e+00   9.173443e-04
 7.165693e-06   4.498756e-04   0.000000e+00   2.974886e-05   7.390830e-04   0.000000e+00   0.000000e+00   0.000000e+00   5.754566e-04
 0.000000e+00   0.000000e+00   4.664074e-04   0.000000e+00   0.000000e+00   8.055890e-04  -3.479936e-03   3.026351e-03   0.000000e+00
 0.000000e+00   0.000000e+00  -8.455581e-04   0.000000e+00   0.000000e+00  -3.479936e-03   3.875221e-01  -4.872407e-01   0.000000e+00
 0.000000e+00   0.000000e+00   9.282466e-04   0.000000e+00   0.000000e+00   3.026351e-03  -4.872407e-01   7.256929e-01   0.000000e+00
 1.316162e-04   7.530389e-05   0.000000e+00   9.173443e-04   5.754566e-04   0.000000e+00   0.000000e+00   0.000000e+00   4.086040e-02

# timestamp: 1774889194.608377
 9.397214e-04   3.704079e-06   0.000000e+00   4.042170e-04   9.353910e-06   0.000000e+00   0.000000e+00   0.000000e+00   1.196480e-04
 3.704079e-06   9.364249e-04   0.000000e+00   9.076244e-06   3.954098e-04   0.000000e+00   0.000000e+00   0.000000e+00   6.461916e-05
 0.000000e+00   0.000000e+00   9.456709e-04   0.000000e+00   0.000000e+00   4.203240e-04  -1.222046e-03   1.449512e-03   0.000000e+00
 4.042170e-04   9.076244e-06   0.000000e+00   6.832284e-04   2.880185e-05   0.000000e+00   0.000000e+00   0.000000e+00   7.043951e-04
 9.353910e-06   3.954098e-04   0.000000e+00   2.880185e-05   6.552330e-04   0.000000e+00   0.000000e+00   0.000000e+00   4.246190e-04
 0.000000e+00   0.000000e+00   4.203240e-04   0.000000e+00   0.000000e+00   7.314535e-04  -3.981524e-03   4.075957e-03   0.000000e+00
 0.000000e+00   0.000000e+00  -1.222046e-03   0.000000e+00   0.000000e+00  -3.981524e-03   4.060511e-01  -5.023120e-01   0.000000e+00
 0.000000e+00   0.000000e+00   1.449512e-03   0.000000e+00   0.000000e+00   4.075957e-03  -5.023120e-01   7.297135e-01   0.000000e+00
 1.196480e-04   6.461916e-05   0.000000e+00   7.043951e-04   4.246190e-04   0.000000e+00   0.000000e+00   0.000000e+00   4.013964e-02

# timestamp: 1774889194.623193
 9.621815e-04   3.936421e-06   0.000000e+00   4.127083e-04   9.728385e-06   0.000000e+00   0.000000e+00   0.000000e+00   1.283883e-04
 3.936421e-06   9.586629e-04   0.000000e+00   9.450738e-06   4.035311e-04   0.000000e+00   0.000000e+00   0.000000e+00   6.988595e-05
 0.000000e+00   0.000000e+00   9.685372e-04   0.000000e+00   0.000000e+00   4.294977e-04  -1.271372e-03   1.499983e-03   0.000000e+00
 4.127083e-04   9.450738e-06   0.000000e+00   6.848332e-04   2.901286e-05   0.000000e+00   0.000000e+00   0.000000e+00   7.150582e-04
 9.728385e-06   4.035311e-04   0.000000e+00   2.901286e-05   6.565897e-04   0.000000e+00   0.000000e+00   0.000000e+00   4.304060e-04
 0.000000e+00   0.000000e+00   4.294977e-04   0.000000e+00   0.000000e+00   7.336137e-04  -4.016413e-03   4.103424e-03   0.000000e+00
 0.000000e+00   0.000000e+00  -1.271372e-03   0.000000e+00   0.000000e+00  -4.016413e-03   4.072873e-01  -5.023120e-01   0.000000e+00
 0.000000e+00   0.000000e+00   1.499983e-03   0.000000e+00   0.000000e+00   4.103424e-03  -5.023120e-01   7.309497e-01   0.000000e+00
 1.283883e-04   6.988595e-05   0.000000e+00   7.150582e-04   4.304060e-04   0.000000e+00   0.000000e+00   0.000000e+00   4.137582e-02

# timestamp: 1774889194.6381314
 9.924805e-04   4.260909e-06   0.000000e+00   4.240754e-04   1.023396e-05   0.000000e+00   0.000000e+00   0.000000e+00   1.402431e-04
 4.260909e-06   9.886511e-04   0.000000e+00   9.956565e-06   4.143975e-04   0.000000e+00   0.000000e+00   0.000000e+00   7.701807e-05
 0.000000e+00   0.000000e+00   9.994043e-04   0.000000e+00   0.000000e+00   4.417911e-04  -1.337817e-03   1.567821e-03   0.000000e+00
 4.240754e-04   9.956565e-06   0.000000e+00   6.869834e-04   2.929922e-05   0.000000e+00   0.000000e+00   0.000000e+00   7.298252e-04
 1.023396e-05   4.143975e-04   0.000000e+00   2.929922e-05   6.584027e-04   0.000000e+00   0.000000e+00   0.000000e+00   4.384202e-04
 0.000000e+00   0.000000e+00   4.417911e-04   0.000000e+00   0.000000e+00   7.365128e-04  -4.063508e-03   4.139786e-03   0.000000e+00
 0.000000e+00   0.000000e+00  -1.337817e-03   0.000000e+00   0.000000e+00  -4.063508e-03   4.089369e-01  -5.023120e-01   0.000000e+00
 0.000000e+00   0.000000e+00   1.567821e-03   0.000000e+00   0.000000e+00   4.139786e-03  -5.023120e-01   7.325992e-01   0.000000e+00
 1.402431e-04   7.701807e-05   0.000000e+00   7.298252e-04   4.384202e-04   0.000000e+00   0.000000e+00   0.000000e+00   4.302541e-02

# timestamp: 1774889194.6615145
 1.039522e-03   4.789404e-06   0.000000e+00   4.415285e-04   1.102030e-05   0.000000e+00   0.000000e+00   0.000000e+00   1.588366e-04
 4.789404e-06   1.035185e-03   0.000000e+00   1.074377e-05   4.310690e-04   0.000000e+00   0.000000e+00   0.000000e+00   8.817652e-05
 0.000000e+00   0.000000e+00   1.047374e-03   0.000000e+00   0.000000e+00   4.606960e-04  -1.440873e-03   1.672655e-03   0.000000e+00
 4.415285e-04   1.074377e-05   0.000000e+00   6.902905e-04   2.974797e-05   0.000000e+00   0.000000e+00   0.000000e+00   7.535189e-04
 1.102030e-05   4.310690e-04   0.000000e+00   2.974797e-05   6.611799e-04   0.000000e+00   0.000000e+00   0.000000e+00   4.512791e-04
 0.000000e+00   0.000000e+00   4.606960e-04   0.000000e+00   0.000000e+00   7.409817e-04  -4.136617e-03   4.194759e-03   0.000000e+00
 0.000000e+00   0.000000e+00  -1.440873e-03   0.000000e+00   0.000000e+00  -4.136617e-03   4.114584e-01  -5.023120e-01   0.000000e+00
 0.000000e+00   0.000000e+00   1.672655e-03   0.000000e+00   0.000000e+00   4.194759e-03  -5.023120e-01   7.351208e-01   0.000000e+00
 1.588366e-04   8.817652e-05   0.000000e+00   7.535189e-04   4.512791e-04   0.000000e+00   0.000000e+00   0.000000e+00   4.554697e-02

# timestamp: 1774889194.710141
 9.176882e-04   3.823455e-06   0.000000e+00   3.862995e-04   9.483842e-06   0.000000e+00   0.000000e+00   0.000000e+00   1.241662e-04
 3.823455e-06   9.142089e-04   0.000000e+00   9.275345e-06   3.772925e-04   0.000000e+00   0.000000e+00   0.000000e+00   6.978620e-05
 0.000000e+00   0.000000e+00   9.241359e-04   0.000000e+00   0.000000e+00   4.034280e-04  -1.306029e-03   1.542607e-03   0.000000e+00
 3.862995e-04   9.275345e-06   0.000000e+00   6.588189e-04   2.705595e-05   0.000000e+00   0.000000e+00   0.000000e+00   6.098589e-04
 9.483842e-06   3.772925e-04   0.000000e+00   2.705595e-05   6.323702e-04   0.000000e+00   0.000000e+00   0.000000e+00   3.644396e-04
 0.000000e+00   0.000000e+00   4.034280e-04   0.000000e+00   0.000000e+00   7.075502e-04  -4.001461e-03   4.262129e-03   0.000000e+00
 0.000000e+00   0.000000e+00  -1.306029e-03   0.000000e+00   0.000000e+00  -4.001461e-03   4.112788e-01  -5.068897e-01   0.000000e+00
 0.000000e+00   0.000000e+00   1.542607e-03   0.000000e+00   0.000000e+00   4.262129e-03  -5.068897e-01   7.306845e-01   0.000000e+00
 1.241662e-04   6.978620e-05   0.000000e+00   6.098589e-04   3.644396e-04   0.000000e+00   0.000000e+00   0.000000e+00   3.952385e-02

# timestamp: 1774889194.948412
 9.929428e-04   5.452031e-06   0.000000e+00   3.942916e-04   1.073076e-05   0.000000e+00   0.000000e+00   0.000000e+00   1.010913e-04
 5.452031e-06   9.879106e-04   0.000000e+00   1.068141e-05   3.840133e-04   0.000000e+00   0.000000e+00   0.000000e+00   5.895383e-05
 0.000000e+00   0.000000e+00   1.001953e-03   0.000000e+00   0.000000e+00   4.141258e-04  -1.491972e-03   1.854792e-03   0.000000e+00
 3.942916e-04   1.068141e-05   0.000000e+00   6.205268e-04   2.298029e-05   0.000000e+00   0.000000e+00   0.000000e+00   3.938361e-04
 1.073076e-05   3.840133e-04   0.000000e+00   2.298029e-05   5.978803e-04   0.000000e+00   0.000000e+00   0.000000e+00   2.247912e-04
 0.000000e+00   0.000000e+00   4.141258e-04   0.000000e+00   0.000000e+00   6.660509e-04  -3.746428e-03   4.387862e-03   0.000000e+00
 0.000000e+00   0.000000e+00  -1.491972e-03   0.000000e+00   0.000000e+00  -3.746428e-03   4.172740e-01  -5.126774e-01   0.000000e+00
 0.000000e+00   0.000000e+00   1.854792e-03   0.000000e+00   0.000000e+00   4.387862e-03  -5.126774e-01   7.499507e-01   0.000000e+00
 1.010913e-04   5.895383e-05   0.000000e+00   3.938361e-04   2.247912e-04   0.000000e+00   0.000000e+00   0.000000e+00   4.462157e-02

# timestamp: 1774889194.9837258
 9.714635e-04   1.162304e-05   0.000000e+00   3.864719e-04   1.503683e-05   0.000000e+00   0.000000e+00   0.000000e+00   6.351220e-04
 1.162304e-05   9.617372e-04   0.000000e+00   1.556535e-05   3.722710e-04   0.000000e+00   0.000000e+00   0.000000e+00   4.358071e-04
 0.000000e+00   0.000000e+00   9.857072e-04   0.000000e+00   0.000000e+00   4.105197e-04  -2.154199e-03   1.653993e-03   0.000000e+00
 3.864719e-04   1.556535e-05   0.000000e+00   6.133179e-04   2.491300e-05   0.000000e+00   0.000000e+00   0.000000e+00   5.594676e-04
 1.503683e-05   3.722710e-04   0.000000e+00   2.491300e-05   5.890293e-04   0.000000e+00   0.000000e+00   0.000000e+00   3.452746e-04
 0.000000e+00   0.000000e+00   4.105197e-04   0.000000e+00   0.000000e+00   6.603612e-04  -3.930021e-03   4.291782e-03   0.000000e+00
 0.000000e+00   0.000000e+00  -2.154199e-03   0.000000e+00   0.000000e+00  -3.930021e-03   4.177458e-01  -5.149208e-01   0.000000e+00
 0.000000e+00   0.000000e+00   1.653993e-03   0.000000e+00   0.000000e+00   4.291782e-03  -5.149208e-01   7.520930e-01   0.000000e+00
 6.351220e-04   4.358071e-04   0.000000e+00   5.594676e-04   3.452746e-04   0.000000e+00   0.000000e+00   0.000000e+00   4.353706e-02

# timestamp: 1774889195.0283246
 9.702031e-04   5.706303e-06   0.000000e+00   3.770358e-04   1.029673e-05   0.000000e+00   0.000000e+00   0.000000e+00   1.480811e-05
 5.706303e-06   9.649818e-04   0.000000e+00   1.031398e-05   3.672306e-04   0.000000e+00   0.000000e+00   0.000000e+00   1.178171e-05
 0.000000e+00   0.000000e+00   9.783664e-04   0.000000e+00   0.000000e+00   3.945816e-04  -1.251129e-03   1.708199e-03   0.000000e+00
 3.770358e-04   1.031398e-05   0.000000e+00   5.996130e-04   2.081656e-05   0.000000e+00   0.000000e+00   0.000000e+00   2.469776e-04
 1.029673e-05   3.672306e-04   0.000000e+00   2.081656e-05   5.792137e-04   0.000000e+00   0.000000e+00   0.000000e+00   1.390129e-04
 0.000000e+00   0.000000e+00   3.945816e-04   0.000000e+00   0.000000e+00   6.398788e-04  -3.350568e-03   4.178723e-03   0.000000e+00
 0.000000e+00   0.000000e+00  -1.251129e-03   0.000000e+00   0.000000e+00  -3.350568e-03   4.122220e-01  -5.130290e-01   0.000000e+00
 0.000000e+00   0.000000e+00   1.708199e-03   0.000000e+00   0.000000e+00   4.178723e-03  -5.130290e-01   7.574633e-01   0.000000e+00
 1.480811e-05   1.178171e-05   0.000000e+00   2.469776e-04   1.390129e-04   0.000000e+00   0.000000e+00   0.000000e+00   4.354422e-02

# timestamp: 1774889195.2779782
 1.015329e-03   6.482496e-06   0.000000e+00   3.761151e-04   1.030669e-05   0.000000e+00   0.000000e+00   0.000000e+00  -2.447682e-05
 6.482496e-06   1.009301e-03   0.000000e+00   1.034036e-05   3.662094e-04   0.000000e+00   0.000000e+00   0.000000e+00  -9.726149e-06
 0.000000e+00   0.000000e+00   1.024152e-03   0.000000e+00   0.000000e+00   3.912039e-04  -1.228261e-03   1.759843e-03   0.000000e+00
 3.761151e-04   1.034036e-05   0.000000e+00   5.700771e-04   1.750870e-05   0.000000e+00   0.000000e+00   0.000000e+00  -1.628392e-05
 1.030669e-05   3.662094e-04   0.000000e+00   1.750870e-05   5.530193e-04   0.000000e+00   0.000000e+00   0.000000e+00   7.246660e-06
 0.000000e+00   0.000000e+00   3.912039e-04   0.000000e+00   0.000000e+00   5.968095e-04  -2.305118e-03   3.235793e-03   0.000000e+00
 0.000000e+00   0.000000e+00  -1.228261e-03   0.000000e+00   0.000000e+00  -2.305118e-03   4.190174e-01  -5.197731e-01   0.000000e+00
 0.000000e+00   0.000000e+00   1.759843e-03   0.000000e+00   0.000000e+00   3.235793e-03  -5.197731e-01   7.733970e-01   0.000000e+00
-2.447682e-05  -9.726149e-06   0.000000e+00  -1.628392e-05   7.246660e-06   0.000000e+00   0.000000e+00   0.000000e+00   4.705855e-02

# timestamp: 1774889195.3093252
 9.024790e-04   5.082909e-06   0.000000e+00   3.318913e-04   8.807147e-06   0.000000e+00   0.000000e+00   0.000000e+00  -1.685082e-05
 5.082909e-06   8.977338e-04   0.000000e+00   8.833150e-06   3.234033e-04   0.000000e+00   0.000000e+00   0.000000e+00  -6.298240e-06
 0.000000e+00   0.000000e+00   9.094441e-04   0.000000e+00   0.000000e+00   3.443973e-04  -1.097767e-03   1.567727e-03   0.000000e+00
 3.318913e-04   8.833150e-06   0.000000e+00   5.497184e-04   1.623071e-05   0.000000e+00   0.000000e+00   0.000000e+00  -4.682767e-05
 8.807147e-06   3.234033e-04   0.000000e+00   1.623071e-05   5.338492e-04   0.000000e+00   0.000000e+00   0.000000e+00  -8.181277e-06
 0.000000e+00   0.000000e+00   3.443973e-04   0.000000e+00   0.000000e+00   5.728770e-04  -2.042338e-03   2.934730e-03   0.000000e+00
 0.000000e+00   0.000000e+00  -1.097767e-03   0.000000e+00   0.000000e+00  -2.042338e-03   4.144336e-01  -5.236259e-01   0.000000e+00
 0.000000e+00   0.000000e+00   1.567727e-03   0.000000e+00   0.000000e+00   2.934730e-03  -5.236259e-01   7.745224e-01   0.000000e+00
-1.685082e-05  -6.298240e-06   0.000000e+00  -4.682767e-05  -8.181277e-06   0.000000e+00   0.000000e+00   0.000000e+00   4.076079e-02

# timestamp: 1774889195.3419454
 9.614463e-04   5.721008e-06   0.000000e+00   3.512453e-04   9.382422e-06   0.000000e+00   0.000000e+00   0.000000e+00  -1.895128e-05
 5.721008e-06   9.560865e-04   0.000000e+00   9.407769e-06   3.421870e-04   0.000000e+00   0.000000e+00   0.000000e+00  -6.771177e-06
 0.000000e+00   0.000000e+00   9.693051e-04   0.000000e+00   0.000000e+00   3.641177e-04  -1.167104e-03   1.668270e-03   0.000000e+00
 3.512453e-04   9.407769e-06   0.000000e+00   5.533327e-04   1.626639e-05   0.000000e+00   0.000000e+00   0.000000e+00  -8.350004e-05
 9.382422e-06   3.421870e-04   0.000000e+00   1.626639e-05   5.373634e-04   0.000000e+00   0.000000e+00   0.000000e+00  -2.303838e-05
 0.000000e+00   0.000000e+00   3.641177e-04   0.000000e+00   0.000000e+00   5.750113e-04  -1.867867e-03   2.756494e-03   0.000000e+00
 0.000000e+00   0.000000e+00  -1.167104e-03   0.000000e+00   0.000000e+00  -1.867867e-03   4.179371e-01  -5.236259e-01   0.000000e+00
 0.000000e+00   0.000000e+00   1.668270e-03   0.000000e+00   0.000000e+00   2.756494e-03  -5.236259e-01   7.780259e-01   0.000000e+00
-1.895128e-05  -6.771177e-06   0.000000e+00  -8.350004e-05  -2.303838e-05   0.000000e+00   0.000000e+00   0.000000e+00   4.426426e-02

# timestamp: 1774889195.3796718
 8.522964e-04   4.461502e-06   0.000000e+00   3.093674e-04   8.000786e-06   0.000000e+00   0.000000e+00   0.000000e+00  -1.492349e-05
 4.461502e-06   8.481036e-04   0.000000e+00   8.020475e-06   3.016247e-04   0.000000e+00   0.000000e+00   0.000000e+00  -5.176278e-06
 0.000000e+00   0.000000e+00   8.584022e-04   0.000000e+00   0.000000e+00   3.199048e-04  -1.029461e-03   1.464706e-03   0.000000e+00
 3.093674e-04   8.020475e-06   0.000000e+00   5.347736e-04   1.515901e-05   0.000000e+00   0.000000e+00   0.000000e+00  -9.742138e-05
 8.000786e-06   3.016247e-04   0.000000e+00   1.515901e-05   5.198180e-04   0.000000e+00   0.000000e+00   0.000000e+00  -3.113818e-05
 0.000000e+00   0.000000e+00   3.199048e-04   0.000000e+00   0.000000e+00   5.535249e-04  -1.635299e-03   2.452515e-03   0.000000e+00
 0.000000e+00   0.000000e+00  -1.029461e-03   0.000000e+00   0.000000e+00  -1.635299e-03   4.160099e-01  -5.281429e-01   0.000000e+00
 0.000000e+00   0.000000e+00   1.464706e-03   0.000000e+00   0.000000e+00   2.452515e-03  -5.281429e-01   7.763589e-01   0.000000e+00
-1.492349e-05  -5.176278e-06   0.000000e+00  -9.742138e-05  -3.113818e-05   0.000000e+00   0.000000e+00   0.000000e+00   3.815239e-02

# timestamp: 1774889195.60132
 8.949955e-04   5.000175e-06   0.000000e+00   3.123875e-04   7.933855e-06   0.000000e+00   0.000000e+00   0.000000e+00  -8.810525e-05
 5.000175e-06   8.903456e-04   0.000000e+00   8.019280e-06   3.045954e-04   0.000000e+00   0.000000e+00   0.000000e+00  -6.007306e-05
 0.000000e+00   0.000000e+00   9.014860e-04   0.000000e+00   0.000000e+00   3.201368e-04  -9.606328e-04   1.511918e-03   0.000000e+00
 3.123875e-04   8.019280e-06   0.000000e+00   5.173682e-04   1.397791e-05   0.000000e+00   0.000000e+00   0.000000e+00  -2.810186e-04
 7.933855e-06   3.045954e-04   0.000000e+00   1.397791e-05   5.028558e-04   0.000000e+00   0.000000e+00   0.000000e+00  -1.290493e-04
 0.000000e+00   0.000000e+00   3.201368e-04   0.000000e+00   0.000000e+00   5.286324e-04  -4.514673e-04   1.143453e-03   0.000000e+00
 0.000000e+00   0.000000e+00  -9.606328e-04   0.000000e+00   0.000000e+00  -4.514673e-04   4.300587e-01  -5.381635e-01   0.000000e+00
 0.000000e+00   0.000000e+00   1.511918e-03   0.000000e+00   0.000000e+00   1.143453e-03  -5.381635e-01   7.860167e-01   0.000000e+00
-8.810525e-05  -6.007306e-05   0.000000e+00  -2.810186e-04  -1.290493e-04   0.000000e+00   0.000000e+00   0.000000e+00   4.120464e-02

# timestamp: 1774889195.6365292
 9.353996e-04   5.402898e-06   0.000000e+00   3.252611e-04   8.311772e-06   0.000000e+00   0.000000e+00   0.000000e+00  -9.527442e-05
 5.402898e-06   9.303556e-04   0.000000e+00   8.408869e-06   3.170651e-04   0.000000e+00   0.000000e+00   0.000000e+00  -6.337235e-05
 0.000000e+00   0.000000e+00   9.422759e-04   0.000000e+00   0.000000e+00   3.330702e-04  -9.708389e-04   1.539280e-03   0.000000e+00
 3.252611e-04   8.408869e-06   0.000000e+00   5.202457e-04   1.417280e-05   0.000000e+00   0.000000e+00   0.000000e+00  -3.107554e-04
 8.311772e-06   3.170651e-04   0.000000e+00   1.417280e-05   5.054155e-04   0.000000e+00   0.000000e+00   0.000000e+00  -1.435976e-04
 0.000000e+00   0.000000e+00   3.330702e-04   0.000000e+00   0.000000e+00   5.312943e-04  -3.346354e-04   1.037467e-03   0.000000e+00
 0.000000e+00   0.000000e+00  -9.708389e-04   0.000000e+00   0.000000e+00  -3.346354e-04   4.325260e-01  -5.381635e-01   0.000000e+00
 0.000000e+00   0.000000e+00   1.539280e-03   0.000000e+00   0.000000e+00   1.037467e-03  -5.381635e-01   7.884839e-01   0.000000e+00
-9.527442e-05  -6.337235e-05   0.000000e+00  -3.107554e-04  -1.435976e-04   0.000000e+00   0.000000e+00   0.000000e+00   4.367190e-02

# timestamp: 1774889195.6685042
 9.879644e-04   5.945296e-06   0.000000e+00   3.418291e-04   8.805703e-06   0.000000e+00   0.000000e+00   0.000000e+00  -1.054806e-04
 5.945296e-06   9.823876e-04   0.000000e+00   8.917498e-06   3.330993e-04   0.000000e+00   0.000000e+00   0.000000e+00  -6.809961e-05
 0.000000e+00   0.000000e+00   9.953385e-04   0.000000e+00   0.000000e+00   3.497044e-04  -9.798538e-04   1.570630e-03   0.000000e+00
 3.418291e-04   8.917498e-06   0.000000e+00   5.239856e-04   1.445233e-05   0.000000e+00   0.000000e+00   0.000000e+00  -3.513648e-04
 8.805703e-06   3.330993e-04   0.000000e+00   1.445233e-05   5.087018e-04   0.000000e+00   0.000000e+00   0.000000e+00  -1.634652e-04
 0.000000e+00   0.000000e+00   3.497044e-04   0.000000e+00   0.000000e+00   5.348301e-04  -1.827175e-04   9.032904e-04   0.000000e+00
 0.000000e+00   0.000000e+00  -9.798538e-04   0.000000e+00   0.000000e+00  -1.827175e-04   4.356791e-01  -5.381635e-01   0.000000e+00
 0.000000e+00   0.000000e+00   1.570630e-03   0.000000e+00   0.000000e+00   9.032904e-04  -5.381635e-01   7.916371e-01   0.000000e+00
-1.054806e-04  -6.809961e-05   0.000000e+00  -3.513648e-04  -1.634652e-04   0.000000e+00   0.000000e+00   0.000000e+00   4.682508e-02

# timestamp: 1774889195.699903
 8.507595e-04   4.354135e-06   0.000000e+00   2.933592e-04   7.237434e-06   0.000000e+00   0.000000e+00   0.000000e+00  -7.418469e-05
 4.354135e-06   8.466626e-04   0.000000e+00   7.311442e-06   2.861798e-04   0.000000e+00   0.000000e+00   0.000000e+00  -4.700966e-05
 0.000000e+00   0.000000e+00   8.560307e-04   0.000000e+00   0.000000e+00   2.994716e-04  -8.310303e-04   1.286633e-03   0.000000e+00
 2.933592e-04   7.311442e-06   0.000000e+00   5.055336e-04   1.334584e-05   0.000000e+00   0.000000e+00   0.000000e+00  -2.932676e-04
 7.237434e-06   2.861798e-04   0.000000e+00   1.334584e-05   4.914231e-04   0.000000e+00   0.000000e+00   0.000000e+00  -1.361841e-04
 0.000000e+00   0.000000e+00   2.994716e-04   0.000000e+00   0.000000e+00   5.152641e-04  -7.176248e-05   6.369956e-04   0.000000e+00
 0.000000e+00   0.000000e+00  -8.310303e-04   0.000000e+00   0.000000e+00  -7.176248e-05   4.353443e-01  -5.428499e-01   0.000000e+00
 0.000000e+00   0.000000e+00   1.286633e-03   0.000000e+00   0.000000e+00   6.369956e-04  -5.428499e-01   7.816000e-01   0.000000e+00
-7.418469e-05  -4.700966e-05   0.000000e+00  -2.932676e-04  -1.361841e-04   0.000000e+00   0.000000e+00   0.000000e+00   3.867783e-02

# timestamp: 1774889195.9558403
 9.502971e-04   5.786397e-06   0.000000e+00   3.161288e-04   8.230229e-06   0.000000e+00   0.000000e+00   0.000000e+00  -2.083699e-04
 5.786397e-06   9.449910e-04   0.000000e+00   8.427198e-06   3.077083e-04   0.000000e+00   0.000000e+00   0.000000e+00  -1.378594e-04
 0.000000e+00   0.000000e+00   9.554157e-04   0.000000e+00   0.000000e+00   3.210766e-04  -3.850266e-04   9.333278e-04   0.000000e+00
 3.161288e-04   8.427198e-06   0.000000e+00   4.981973e-04   1.382953e-05   0.000000e+00   0.000000e+00   0.000000e+00  -4.633183e-04
 8.230229e-06   3.077083e-04   0.000000e+00   1.382953e-05   4.828061e-04   0.000000e+00   0.000000e+00   0.000000e+00  -2.425726e-04
 0.000000e+00   0.000000e+00   3.210766e-04   0.000000e+00   0.000000e+00   5.086795e-04   1.143506e-03  -6.656805e-04   0.000000e+00
 0.000000e+00   0.000000e+00  -3.850266e-04   0.000000e+00   0.000000e+00   1.143506e-03   4.579585e-01  -5.523935e-01   0.000000e+00
 0.000000e+00   0.000000e+00   9.333278e-04   0.000000e+00   0.000000e+00  -6.656805e-04  -5.523935e-01   7.842719e-01   0.000000e+00
-2.083699e-04  -1.378594e-04   0.000000e+00  -4.633183e-04  -2.425726e-04   0.000000e+00   0.000000e+00   0.000000e+00   4.512180e-02

# timestamp: 1774889196.0079722
 9.513957e-04   6.753113e-06   0.000000e+00   3.092783e-04   5.891527e-06   0.000000e+00   0.000000e+00   0.000000e+00   3.298478e-04
 6.753113e-06   9.453035e-04   0.000000e+00   5.302884e-06   3.039658e-04   0.000000e+00   0.000000e+00   0.000000e+00   2.224244e-04
 0.000000e+00   0.000000e+00   9.588967e-04   0.000000e+00   0.000000e+00   3.121150e-04  -1.357335e-03   1.168639e-03   0.000000e+00
 3.092783e-04   5.302884e-06   0.000000e+00   4.915560e-04   1.195330e-05   0.000000e+00   0.000000e+00   0.000000e+00  -2.957889e-04
 5.891527e-06   3.039658e-04   0.000000e+00   1.195330e-05   4.782721e-04   0.000000e+00   0.000000e+00   0.000000e+00  -1.351817e-04
 0.000000e+00   0.000000e+00   3.121150e-04   0.000000e+00   0.000000e+00   5.006191e-04   8.830084e-04  -6.594306e-04   0.000000e+00
 0.000000e+00   0.000000e+00  -1.357335e-03   0.000000e+00   0.000000e+00   8.830084e-04   4.507750e-01  -5.490964e-01   0.000000e+00
 0.000000e+00   0.000000e+00   1.168639e-03   0.000000e+00   0.000000e+00  -6.594306e-04  -5.490964e-01   7.887497e-01   0.000000e+00
 3.298478e-04   2.224244e-04   0.000000e+00  -2.957889e-04  -1.351817e-04   0.000000e+00   0.000000e+00   0.000000e+00   4.523173e-02

# timestamp: 1774889196.0489452
 9.305052e-04   5.641182e-06   0.000000e+00   3.061884e-04   8.116562e-06   0.000000e+00   0.000000e+00   0.000000e+00  -2.367190e-04
 5.641182e-06   9.251583e-04   0.000000e+00   8.172040e-06   2.978400e-04   0.000000e+00   0.000000e+00   0.000000e+00  -1.465068e-04
 0.000000e+00   0.000000e+00   9.349097e-04   0.000000e+00   0.000000e+00   3.113046e-04  -1.213569e-04   6.394615e-04   0.000000e+00
 3.061884e-04   8.172040e-06   0.000000e+00   4.901663e-04   1.375349e-05   0.000000e+00   0.000000e+00   0.000000e+00  -4.712076e-04
 8.116562e-06   2.978400e-04   0.000000e+00   1.375349e-05   4.750264e-04   0.000000e+00   0.000000e+00   0.000000e+00  -2.641572e-04
 0.000000e+00   0.000000e+00   3.113046e-04   0.000000e+00   0.000000e+00   5.005598e-04   1.140352e-03  -6.545705e-04   0.000000e+00
 0.000000e+00   0.000000e+00  -1.213569e-04   0.000000e+00   0.000000e+00   1.140352e-03   4.384005e-01  -5.422451e-01   0.000000e+00
 0.000000e+00   0.000000e+00   6.394615e-04   0.000000e+00   0.000000e+00  -6.545705e-04  -5.422451e-01   7.897987e-01   0.000000e+00
-2.367190e-04  -1.465068e-04   0.000000e+00  -4.712076e-04  -2.641572e-04   0.000000e+00   0.000000e+00   0.000000e+00   4.407162e-02

# timestamp: 1774889196.2782001
 8.696141e-04   4.198998e-06   0.000000e+00   2.779455e-04   7.415443e-06   0.000000e+00   0.000000e+00   0.000000e+00  -1.330710e-04
 4.198998e-06   8.655592e-04   0.000000e+00   6.920102e-06   2.713641e-04   0.000000e+00   0.000000e+00   0.000000e+00  -9.151718e-05
 0.000000e+00   0.000000e+00   8.734405e-04   0.000000e+00   0.000000e+00   2.861693e-04  -3.075090e-05   5.256872e-04   0.000000e+00
 2.779455e-04   6.920102e-06   0.000000e+00   4.687091e-04   1.435883e-05   0.000000e+00   0.000000e+00   0.000000e+00  -3.959038e-04
 7.415443e-06   2.713641e-04   0.000000e+00   1.435883e-05   4.577818e-04   0.000000e+00   0.000000e+00   0.000000e+00  -3.851990e-04
 0.000000e+00   0.000000e+00   2.861693e-04   0.000000e+00   0.000000e+00   4.912153e-04  -2.079103e-04   2.007719e-03   0.000000e+00
 0.000000e+00   0.000000e+00  -3.075090e-05   0.000000e+00   0.000000e+00  -2.079103e-04   8.185554e-02  -9.415340e-02   0.000000e+00
 0.000000e+00   0.000000e+00   5.256872e-04   0.000000e+00   0.000000e+00   2.007719e-03  -9.415340e-02   2.801597e-01   0.000000e+00
-1.330710e-04  -9.151718e-05   0.000000e+00  -3.959038e-04  -3.851990e-04   0.000000e+00   0.000000e+00   0.000000e+00   4.125572e-02

# timestamp: 1774889196.3417351
 9.163010e-04   4.640683e-06   0.000000e+00   2.920384e-04   8.020313e-06   0.000000e+00   0.000000e+00   0.000000e+00  -1.451533e-04
 4.640683e-06   9.118456e-04   0.000000e+00   7.420726e-06   2.851633e-04   0.000000e+00   0.000000e+00   0.000000e+00  -1.035365e-04
 0.000000e+00   0.000000e+00   9.206493e-04   0.000000e+00   0.000000e+00   3.015428e-04  -3.758006e-05   5.884453e-04   0.000000e+00
 2.920384e-04   7.420726e-06   0.000000e+00   4.722243e-04   1.512465e-05   0.000000e+00   0.000000e+00   0.000000e+00  -4.243813e-04
 8.020313e-06   2.851633e-04   0.000000e+00   1.512465e-05   4.617469e-04   0.000000e+00   0.000000e+00   0.000000e+00  -4.372158e-04
 0.000000e+00   0.000000e+00   3.015428e-04   0.000000e+00   0.000000e+00   4.990534e-04  -2.661826e-04   2.285707e-03   0.000000e+00
 0.000000e+00   0.000000e+00  -3.758006e-05   0.000000e+00   0.000000e+00  -2.661826e-04   8.482933e-02  -9.415340e-02   0.000000e+00
 0.000000e+00   0.000000e+00   5.884453e-04   0.000000e+00   0.000000e+00   2.285707e-03  -9.415340e-02   2.831335e-01   0.000000e+00
-1.451533e-04  -1.035365e-04   0.000000e+00  -4.243813e-04  -4.372158e-04   0.000000e+00   0.000000e+00   0.000000e+00   4.422952e-02

# timestamp: 1774889196.3650804
 9.578482e-04   5.054767e-06   0.000000e+00   3.044656e-04   8.581204e-06   0.000000e+00   0.000000e+00   0.000000e+00  -1.564233e-04
 5.054767e-06   9.530284e-04   0.000000e+00   7.884839e-06   2.973510e-04   0.000000e+00   0.000000e+00   0.000000e+00  -1.153270e-04
 0.000000e+00   0.000000e+00   9.627192e-04   0.000000e+00   0.000000e+00   3.152554e-04  -4.493580e-05   6.500457e-04   0.000000e+00
 3.044656e-04   7.884839e-06   0.000000e+00   4.753324e-04   1.585301e-05   0.000000e+00   0.000000e+00   0.000000e+00  -4.509451e-04
 8.581204e-06   2.973510e-04   0.000000e+00   1.585301e-05   4.653230e-04   0.000000e+00   0.000000e+00   0.000000e+00  -4.857371e-04
 0.000000e+00   0.000000e+00   3.152554e-04   0.000000e+00   0.000000e+00   5.064042e-04  -3.155363e-04   2.531982e-03   0.000000e+00
 0.000000e+00   0.000000e+00  -4.493580e-05   0.000000e+00   0.000000e+00  -3.155363e-04   8.743179e-02  -9.415340e-02   0.000000e+00
 0.000000e+00   0.000000e+00   6.500457e-04   0.000000e+00   0.000000e+00   2.531982e-03  -9.415340e-02   2.857359e-01   0.000000e+00
-1.564233e-04  -1.153270e-04   0.000000e+00  -4.509451e-04  -4.857371e-04   0.000000e+00   0.000000e+00   0.000000e+00   4.683198e-02

# timestamp: 1774889196.6123984
 8.460393e-04   3.678628e-06   0.000000e+00   2.631695e-04   7.927206e-06   0.000000e+00   0.000000e+00   0.000000e+00  -1.411641e-04
 3.678628e-06   8.422617e-04   0.000000e+00   6.710476e-06   2.581878e-04   0.000000e+00   0.000000e+00   0.000000e+00  -8.652955e-05
 0.000000e+00   0.000000e+00   8.516611e-04   0.000000e+00   0.000000e+00   2.814576e-04   1.603241e-04   6.646480e-04   0.000000e+00
 2.631695e-04   6.710476e-06   0.000000e+00   4.529183e-04   1.645377e-05   0.000000e+00   0.000000e+00   0.000000e+00  -3.588224e-04
 7.927206e-06   2.581878e-04   0.000000e+00   1.645377e-05   4.500300e-04   0.000000e+00   0.000000e+00   0.000000e+00  -5.539143e-04
 0.000000e+00   0.000000e+00   2.814576e-04   0.000000e+00   0.000000e+00   5.259266e-04   4.525534e-04   3.156598e-03   0.000000e+00
 0.000000e+00   0.000000e+00   1.603241e-04   0.000000e+00   0.000000e+00   4.525534e-04   4.470657e-02   3.603475e-03   0.000000e+00
 0.000000e+00   0.000000e+00   6.646480e-04   0.000000e+00   0.000000e+00   3.156598e-03   3.603475e-03   1.630383e-01   0.000000e+00
-1.411641e-04  -8.652955e-05   0.000000e+00  -3.588224e-04  -5.539143e-04   0.000000e+00   0.000000e+00   0.000000e+00   4.010896e-02

# timestamp: 1774889196.6415765
 9.199308e-04   4.422488e-06   0.000000e+00   2.850562e-04   9.125213e-06   0.000000e+00   0.000000e+00   0.000000e+00  -1.587763e-04
 4.422488e-06   9.156767e-04   0.000000e+00   7.592413e-06   2.801352e-04   0.000000e+00   0.000000e+00   0.000000e+00  -1.147071e-04
 0.000000e+00   0.000000e+00   9.275318e-04   0.000000e+00   0.000000e+00   3.090796e-04   1.826088e-04   8.220899e-04   0.000000e+00
 2.850562e-04   7.592413e-06   0.000000e+00   4.582262e-04   1.784667e-05   0.000000e+00   0.000000e+00   0.000000e+00  -3.897817e-04
 9.125213e-06   2.801352e-04   0.000000e+00   1.784667e-05   4.579189e-04   0.000000e+00   0.000000e+00   0.000000e+00  -6.647247e-04
 0.000000e+00   0.000000e+00   3.090796e-04   0.000000e+00   0.000000e+00   5.486291e-04   4.960239e-04   3.584634e-03   0.000000e+00
 0.000000e+00   0.000000e+00   1.826088e-04   0.000000e+00   0.000000e+00   4.960239e-04   4.947942e-02   3.603475e-03   0.000000e+00
 0.000000e+00   0.000000e+00   8.220899e-04   0.000000e+00   0.000000e+00   3.584634e-03   3.603475e-03   1.678112e-01   0.000000e+00
-1.587763e-04  -1.147071e-04   0.000000e+00  -3.897817e-04  -6.647247e-04   0.000000e+00   0.000000e+00   0.000000e+00   4.488182e-02

# timestamp: 1774889196.67186
 9.616532e-04   4.878137e-06   0.000000e+00   2.972548e-04   9.837256e-06   0.000000e+00   0.000000e+00   0.000000e+00  -1.692054e-04
 4.878137e-06   9.571414e-04   0.000000e+00   8.120036e-06   2.924531e-04   0.000000e+00   0.000000e+00   0.000000e+00  -1.327757e-04
 0.000000e+00   0.000000e+00   9.706057e-04   0.000000e+00   0.000000e+00   3.250139e-04   1.958967e-04   9.186070e-04   0.000000e+00
 2.972548e-04   8.120036e-06   0.000000e+00   4.611783e-04   1.868636e-05   0.000000e+00   0.000000e+00   0.000000e+00  -4.082276e-04
 9.837256e-06   2.924531e-04   0.000000e+00   1.868636e-05   4.625284e-04   0.000000e+00   0.000000e+00   0.000000e+00  -7.307470e-04
 0.000000e+00   0.000000e+00   3.250139e-04   0.000000e+00   0.000000e+00   5.621464e-04   5.213819e-04   3.825913e-03   0.000000e+00
 0.000000e+00   0.000000e+00   1.958967e-04   0.000000e+00   0.000000e+00   5.213819e-04   5.211628e-02   3.603475e-03   0.000000e+00
 0.000000e+00   0.000000e+00   9.186070e-04   0.000000e+00   0.000000e+00   3.825913e-03   3.603475e-03   1.704481e-01   0.000000e+00
-1.692054e-04  -1.327757e-04   0.000000e+00  -4.082276e-04  -7.307470e-04   0.000000e+00   0.000000e+00   0.000000e+00   4.751868e-02

# timestamp: 1774889196.9090066
 8.543922e-04   3.993378e-06   0.000000e+00   2.585009e-04   9.754189e-06   0.000000e+00   0.000000e+00   0.000000e+00  -1.574294e-04
 3.993378e-06   8.518482e-04   0.000000e+00   7.186662e-06   2.589717e-04   0.000000e+00   0.000000e+00   0.000000e+00  -1.530506e-04
 0.000000e+00   0.000000e+00   8.710838e-04   0.000000e+00   0.000000e+00   3.148703e-04   5.305457e-04   1.246486e-03   0.000000e+00
 2.585009e-04   7.186662e-06   0.000000e+00   4.393882e-04   1.729274e-05   0.000000e+00   0.000000e+00   0.000000e+00  -2.059017e-04
 9.754189e-06   2.589717e-04   0.000000e+00   1.729274e-05   4.584710e-04   0.000000e+00   0.000000e+00   0.000000e+00  -8.681685e-04
 0.000000e+00   0.000000e+00   3.148703e-04   0.000000e+00   0.000000e+00   6.426314e-04   1.591233e-03   4.876808e-03   0.000000e+00
 0.000000e+00   0.000000e+00   5.305457e-04   0.000000e+00   0.000000e+00   1.591233e-03   5.654600e-02   3.551766e-02   0.000000e+00
 0.000000e+00   0.000000e+00   1.246486e-03   0.000000e+00   0.000000e+00   4.876808e-03   3.551766e-02   1.388578e-01   0.000000e+00
-1.574294e-04  -1.530506e-04   0.000000e+00  -2.059017e-04  -8.681685e-04   0.000000e+00   0.000000e+00   0.000000e+00   4.076710e-02

# timestamp: 1774889196.9413934
 9.012110e-04   4.531519e-06   0.000000e+00   2.719313e-04   1.069254e-05   0.000000e+00   0.000000e+00   0.000000e+00  -1.635285e-04
 4.531519e-06   8.987253e-04   0.000000e+00   7.643863e-06   2.735382e-04   0.000000e+00   0.000000e+00   0.000000e+00  -1.807871e-04
 0.000000e+00   0.000000e+00   9.216157e-04   0.000000e+00   0.000000e+00   3.380070e-04   5.799395e-04   1.399419e-03   0.000000e+00
 2.719313e-04   7.643863e-06   0.000000e+00   4.422785e-04   1.739498e-05   0.000000e+00   0.000000e+00   0.000000e+00  -1.875741e-04
 1.069254e-05   2.735382e-04   0.000000e+00   1.739498e-05   4.661906e-04   0.000000e+00   0.000000e+00   0.000000e+00  -9.761853e-04
 0.000000e+00   0.000000e+00   3.380070e-04   0.000000e+00   0.000000e+00   6.698161e-04   1.655934e-03   5.217585e-03   0.000000e+00
 0.000000e+00   0.000000e+00   5.799395e-04   0.000000e+00   0.000000e+00   1.655934e-03   5.960517e-02   3.551766e-02   0.000000e+00
 0.000000e+00   0.000000e+00   1.399419e-03   0.000000e+00   0.000000e+00   5.217585e-03   3.551766e-02   1.419169e-01   0.000000e+00
-1.635285e-04  -1.807871e-04   0.000000e+00  -1.875741e-04  -9.761853e-04   0.000000e+00   0.000000e+00   0.000000e+00   4.382628e-02

# timestamp: 1774889196.9721758
 9.563442e-04   5.206606e-06   0.000000e+00   2.875605e-04   1.179748e-05   0.000000e+00   0.000000e+00   0.000000e+00  -1.698653e-04
 5.206606e-06   9.540207e-04   0.000000e+00   8.158409e-06   2.907697e-04   0.000000e+00   0.000000e+00   0.000000e+00  -2.170338e-04
 0.000000e+00   0.000000e+00   9.818204e-04   0.000000e+00   0.000000e+00   3.662806e-04   6.394426e-04   1.589131e-03   0.000000e+00
 2.875605e-04   8.158409e-06   0.000000e+00   4.456390e-04   1.739311e-05   0.000000e+00   0.000000e+00   0.000000e+00  -1.647433e-04
 1.179748e-05   2.907697e-04   0.000000e+00   1.739311e-05   4.758191e-04   0.000000e+00   0.000000e+00   0.000000e+00  -1.110742e-03
 0.000000e+00   0.000000e+00   3.662806e-04   0.000000e+00   0.000000e+00   7.033368e-04   1.729054e-03   5.621130e-03   0.000000e+00
 0.000000e+00   0.000000e+00   6.394426e-04   0.000000e+00   0.000000e+00   1.729054e-03   6.314049e-02   3.551766e-02   0.000000e+00
 0.000000e+00   0.000000e+00   1.589131e-03   0.000000e+00   0.000000e+00   5.621130e-03   3.551766e-02   1.454523e-01   0.000000e+00
-1.698653e-04  -2.170338e-04   0.000000e+00  -1.647433e-04  -1.110742e-03   0.000000e+00   0.000000e+00   0.000000e+00   4.736159e-02

# timestamp: 1774889197.2178936
 8.792434e-04   4.398535e-06   0.000000e+00   2.592952e-04   9.143500e-06   0.000000e+00   0.000000e+00   0.000000e+00  -4.449825e-05
 4.398535e-06   8.806838e-04   0.000000e+00   5.357364e-06   2.717645e-04   0.000000e+00   0.000000e+00   0.000000e+00  -2.469554e-04
 0.000000e+00   0.000000e+00   9.247373e-04   0.000000e+00   0.000000e+00   4.047945e-04   9.011914e-04   2.241507e-03   0.000000e+00
 2.592952e-04   5.357364e-06   0.000000e+00   4.305221e-04   5.488677e-06   0.000000e+00   0.000000e+00   0.000000e+00   1.858110e-04
 9.143500e-06   2.717645e-04   0.000000e+00   5.488677e-06   4.907959e-04   0.000000e+00   0.000000e+00   0.000000e+00  -1.303432e-03
 0.000000e+00   0.000000e+00   4.047945e-04   0.000000e+00   0.000000e+00   9.141812e-04   2.702102e-03   7.957156e-03   0.000000e+00
 0.000000e+00   0.000000e+00   9.011914e-04   0.000000e+00   0.000000e+00   2.702102e-03   6.628346e-02   5.039341e-02   0.000000e+00
 0.000000e+00   0.000000e+00   2.241507e-03   0.000000e+00   0.000000e+00   7.957156e-03   5.039341e-02   1.562139e-01   0.000000e+00
-4.449825e-05  -2.469554e-04   0.000000e+00   1.858110e-04  -1.303432e-03   0.000000e+00   0.000000e+00   0.000000e+00   4.300012e-02

# timestamp: 1774889197.2490604
 9.060131e-04   4.654017e-06   0.000000e+00   2.668395e-04   9.310725e-06   0.000000e+00   0.000000e+00   0.000000e+00  -4.109390e-05
 4.654017e-06   9.079141e-04   0.000000e+00   5.248353e-06   2.809018e-04   0.000000e+00   0.000000e+00   0.000000e+00  -2.701708e-04
 0.000000e+00   0.000000e+00   9.567923e-04   0.000000e+00   0.000000e+00   4.245548e-04   9.487705e-04   2.382175e-03   0.000000e+00
 2.668395e-04   5.248353e-06   0.000000e+00   4.325816e-04   4.104254e-06   0.000000e+00   0.000000e+00   0.000000e+00   2.192395e-04
 9.310725e-06   2.809018e-04   0.000000e+00   4.104254e-06   4.974721e-04   0.000000e+00   0.000000e+00   0.000000e+00  -1.384592e-03
 0.000000e+00   0.000000e+00   4.245548e-04   0.000000e+00   0.000000e+00   9.414306e-04   2.743400e-03   8.207639e-03   0.000000e+00
 0.000000e+00   0.000000e+00   9.487705e-04   0.000000e+00   0.000000e+00   2.743400e-03   6.803753e-02   5.039341e-02   0.000000e+00
 0.000000e+00   0.000000e+00   2.382175e-03   0.000000e+00   0.000000e+00   8.207639e-03   5.039341e-02   1.579679e-01   0.000000e+00
-4.109390e-05  -2.701708e-04   0.000000e+00   2.192395e-04  -1.384592e-03   0.000000e+00   0.000000e+00   0.000000e+00   4.475419e-02

# timestamp: 1774889197.2751682
 9.734566e-04   5.286949e-06   0.000000e+00   2.857039e-04   9.586986e-06   0.000000e+00   0.000000e+00   0.000000e+00  -3.024249e-05
 5.286949e-06   9.767492e-04   0.000000e+00   4.788483e-06   3.042433e-04   0.000000e+00   0.000000e+00   0.000000e+00  -3.335416e-04
 0.000000e+00   0.000000e+00   1.039217e-03   0.000000e+00   0.000000e+00   4.765283e-04   1.069425e-03   2.748304e-03   0.000000e+00
 2.857039e-04   4.788483e-06   0.000000e+00   4.379090e-04   1.248354e-07   0.000000e+00   0.000000e+00   0.000000e+00   3.081299e-04
 9.586986e-06   3.042433e-04   0.000000e+00   1.248354e-07   5.153433e-04   0.000000e+00   0.000000e+00   0.000000e+00  -1.600404e-03
 0.000000e+00   0.000000e+00   4.765283e-04   0.000000e+00   0.000000e+00   1.012665e-03   2.839576e-03   8.842798e-03   0.000000e+00
 0.000000e+00   0.000000e+00   1.069425e-03   0.000000e+00   0.000000e+00   2.839576e-03   7.238163e-02   5.039341e-02   0.000000e+00
 0.000000e+00   0.000000e+00   2.748304e-03   0.000000e+00   0.000000e+00   8.842798e-03   5.039341e-02   1.623121e-01   0.000000e+00
-3.024249e-05  -3.335416e-04   0.000000e+00   3.081299e-04  -1.600404e-03   0.000000e+00   0.000000e+00   0.000000e+00   4.909830e-02

# timestamp: 1774889197.5213788
 8.761260e-04   2.916467e-06   0.000000e+00   2.544429e-04   3.322706e-06   0.000000e+00   0.000000e+00   0.000000e+00   1.942398e-05
 2.916467e-06   8.832890e-04   0.000000e+00  -5.188376e-07   2.827855e-04   0.000000e+00   0.000000e+00   0.000000e+00  -2.902578e-04
 0.000000e+00   0.000000e+00   9.688132e-04   0.000000e+00   0.000000e+00   5.391032e-04   1.434740e-03   3.238360e-03   0.000000e+00
 2.544429e-04  -5.188376e-07   0.000000e+00   4.291874e-04  -2.029708e-05   0.000000e+00   0.000000e+00   0.000000e+00   5.077065e-04
 3.322706e-06   2.827855e-04   0.000000e+00  -2.029708e-05   5.419609e-04   0.000000e+00   0.000000e+00   0.000000e+00  -1.684847e-03
 0.000000e+00   0.000000e+00   5.391032e-04   0.000000e+00   0.000000e+00   1.339710e-03   4.217117e-03   1.119693e-02   0.000000e+00
 0.000000e+00   0.000000e+00   1.434740e-03   0.000000e+00   0.000000e+00   4.217117e-03   7.498200e-02   6.271908e-02   0.000000e+00
 0.000000e+00   0.000000e+00   3.238360e-03   0.000000e+00   0.000000e+00   1.119693e-02   6.271908e-02   1.667643e-01   0.000000e+00
 1.942398e-05  -2.902578e-04   0.000000e+00   5.077065e-04  -1.684847e-03   0.000000e+00   0.000000e+00   0.000000e+00   4.280924e-02

# timestamp: 1774889197.5420306
 8.967169e-04   2.950121e-06   0.000000e+00   2.603058e-04   2.999638e-06   0.000000e+00   0.000000e+00   0.000000e+00   2.640328e-05
 2.950121e-06   9.046747e-04   0.000000e+00  -9.625569e-07   2.907001e-04   0.000000e+00   0.000000e+00   0.000000e+00  -3.134080e-04
 0.000000e+00   0.000000e+00   9.973445e-04   0.000000e+00   0.000000e+00   5.622697e-04   1.492287e-03   3.391406e-03   0.000000e+00
 2.603058e-04  -9.625569e-07   0.000000e+00   4.310932e-04  -2.207096e-05   0.000000e+00   0.000000e+00   0.000000e+00   5.307706e-04
 2.999638e-06   2.907001e-04   0.000000e+00  -2.207096e-05   5.490763e-04   0.000000e+00   0.000000e+00   0.000000e+00  -1.758127e-03
 0.000000e+00   0.000000e+00   5.622697e-04   0.000000e+00   0.000000e+00   1.374452e-03   4.281986e-03   1.144445e-02   0.000000e+00
 0.000000e+00   0.000000e+00   1.492287e-03   0.000000e+00   0.000000e+00   4.281986e-03   7.634137e-02   6.271908e-02   0.000000e+00
 0.000000e+00   0.000000e+00   3.391406e-03   0.000000e+00   0.000000e+00   1.144445e-02   6.271908e-02   1.681237e-01   0.000000e+00
 2.640328e-05  -3.134080e-04   0.000000e+00   5.307706e-04  -1.758127e-03   0.000000e+00   0.000000e+00   0.000000e+00   4.416860e-02

# timestamp: 1774889197.5787227
 7.923236e-04   2.158740e-06   0.000000e+00   2.296598e-04   2.005026e-06   0.000000e+00   0.000000e+00   0.000000e+00   2.847610e-05
 2.158740e-06   7.988857e-04   0.000000e+00  -1.046058e-06   2.563437e-04   0.000000e+00   0.000000e+00   0.000000e+00  -2.443075e-04
 0.000000e+00   0.000000e+00   8.710362e-04   0.000000e+00   0.000000e+00   4.888286e-04   1.417912e-03   2.815088e-03   0.000000e+00
 2.296598e-04  -1.046058e-06   0.000000e+00   4.212481e-04  -2.128235e-05   0.000000e+00   0.000000e+00   0.000000e+00   4.606669e-04
 2.005026e-06   2.563437e-04   0.000000e+00  -2.128235e-05   5.333348e-04   0.000000e+00   0.000000e+00   0.000000e+00  -1.510769e-03
 0.000000e+00   0.000000e+00   4.888286e-04   0.000000e+00   0.000000e+00   1.310424e-03   4.614607e-03   1.045517e-02   0.000000e+00
 0.000000e+00   0.000000e+00   1.417912e-03   0.000000e+00   0.000000e+00   4.614607e-03   7.719404e-02   6.696177e-02   0.000000e+00
 0.000000e+00   0.000000e+00   2.815088e-03   0.000000e+00   0.000000e+00   1.045517e-02   6.696177e-02   1.519855e-01   0.000000e+00
 2.847610e-05  -2.443075e-04   0.000000e+00   4.606669e-04  -1.510769e-03   0.000000e+00   0.000000e+00   0.000000e+00   3.733689e-02

# timestamp: 1774889197.6167178
 8.631831e-04   2.144201e-06   0.000000e+00   2.500650e-04   6.486878e-07   0.000000e+00   0.000000e+00   0.000000e+00   5.138693e-05
 2.144201e-06   8.726160e-04   0.000000e+00  -2.540245e-06   2.840803e-04   0.000000e+00   0.000000e+00   0.000000e+00  -3.203997e-04
 0.000000e+00   0.000000e+00   9.693131e-04   0.000000e+00   0.000000e+00   5.701544e-04   1.643526e-03   3.328920e-03   0.000000e+00
 2.500650e-04  -2.540245e-06   0.000000e+00   4.273501e-04  -2.636752e-05   0.000000e+00   0.000000e+00   0.000000e+00   5.152502e-04
 6.486878e-07   2.840803e-04   0.000000e+00  -2.636752e-05   5.574461e-04   0.000000e+00   0.000000e+00   0.000000e+00  -1.751140e-03
 0.000000e+00   0.000000e+00   5.701544e-04   0.000000e+00   0.000000e+00   1.431302e-03   4.903463e-03   1.128528e-02   0.000000e+00
 0.000000e+00   0.000000e+00   1.643526e-03   0.000000e+00   0.000000e+00   4.903463e-03   8.198294e-02   6.696177e-02   0.000000e+00
 0.000000e+00   0.000000e+00   3.328920e-03   0.000000e+00   0.000000e+00   1.128528e-02   6.696177e-02   1.567744e-01   0.000000e+00
 5.138693e-05  -3.203997e-04   0.000000e+00   5.152502e-04  -1.751140e-03   0.000000e+00   0.000000e+00   0.000000e+00   4.212579e-02

# timestamp: 1774889197.8066618
 8.449365e-04   1.310850e-07   0.000000e+00   2.430598e-04  -4.170284e-06   0.000000e+00   0.000000e+00   0.000000e+00   4.516508e-05
 1.310850e-07   8.595623e-04   0.000000e+00  -6.058796e-06   2.894288e-04   0.000000e+00   0.000000e+00   0.000000e+00  -3.120806e-04
 0.000000e+00   0.000000e+00   9.687080e-04   0.000000e+00   0.000000e+00   5.974139e-04   2.006695e-03   2.913772e-03   0.000000e+00
 2.430598e-04  -6.058796e-06   0.000000e+00   4.219306e-04  -3.377954e-05   0.000000e+00   0.000000e+00   0.000000e+00   4.231478e-04
-4.170284e-06   2.894288e-04   0.000000e+00  -3.377954e-05   5.893951e-04   0.000000e+00   0.000000e+00   0.000000e+00  -1.811943e-03
 0.000000e+00   0.000000e+00   5.974139e-04   0.000000e+00   0.000000e+00   1.484322e-03   5.908621e-03   9.728938e-03   0.000000e+00
 0.000000e+00   0.000000e+00   2.006695e-03   0.000000e+00   0.000000e+00   5.908621e-03   9.959733e-02   6.727383e-02   0.000000e+00
 0.000000e+00   0.000000e+00   2.913772e-03   0.000000e+00   0.000000e+00   9.728938e-03   6.727383e-02   1.206006e-01   0.000000e+00
 4.516508e-05  -3.120806e-04   0.000000e+00   4.231478e-04  -1.811943e-03   0.000000e+00   0.000000e+00   0.000000e+00   4.074344e-02

# timestamp: 1774889197.8440268
 8.972126e-04  -2.715571e-07   0.000000e+00   2.578663e-04  -5.609622e-06   0.000000e+00   0.000000e+00   0.000000e+00   6.016213e-05
-2.715571e-07   9.153097e-04   0.000000e+00  -7.443755e-06   3.117085e-04   0.000000e+00   0.000000e+00   0.000000e+00  -3.773811e-04
 0.000000e+00   0.000000e+00   1.047265e-03   0.000000e+00   0.000000e+00   6.621974e-04   2.215342e-03   3.258526e-03   0.000000e+00
 2.578663e-04  -7.443755e-06   0.000000e+00   4.258425e-04  -3.653445e-05   0.000000e+00   0.000000e+00   0.000000e+00   4.444088e-04
-5.609622e-06   3.117085e-04   0.000000e+00  -3.653445e-05   6.087890e-04   0.000000e+00   0.000000e+00   0.000000e+00  -1.991870e-03
 0.000000e+00   0.000000e+00   6.621974e-04   0.000000e+00   0.000000e+00   1.565280e-03   6.139788e-03   1.020979e-02   0.000000e+00
 0.000000e+00   0.000000e+00   2.215342e-03   0.000000e+00   0.000000e+00   6.139788e-03   1.030803e-01   6.727383e-02   0.000000e+00
 0.000000e+00   0.000000e+00   3.258526e-03   0.000000e+00   0.000000e+00   1.020979e-02   6.727383e-02   1.240836e-01   0.000000e+00
 6.016213e-05  -3.773811e-04   0.000000e+00   4.444088e-04  -1.991870e-03   0.000000e+00   0.000000e+00   0.000000e+00   4.422643e-02

# timestamp: 1774889197.8658361
 9.360538e-04  -6.304418e-07   0.000000e+00   2.687716e-04  -6.764065e-06   0.000000e+00   0.000000e+00   0.000000e+00   7.160587e-05
-6.304418e-07   9.570304e-04   0.000000e+00  -8.539689e-06   3.286041e-04   0.000000e+00   0.000000e+00   0.000000e+00  -4.292174e-04
 0.000000e+00   0.000000e+00   1.107583e-03   0.000000e+00   0.000000e+00   7.122153e-04   2.372959e-03   3.521286e-03   0.000000e+00
 2.687716e-04  -8.539689e-06   0.000000e+00   4.287138e-04  -3.866280e-05   0.000000e+00   0.000000e+00   0.000000e+00   4.610014e-04
-6.764065e-06   3.286041e-04   0.000000e+00  -3.866280e-05   6.239370e-04   0.000000e+00   0.000000e+00   0.000000e+00  -2.132290e-03
 0.000000e+00   0.000000e+00   7.122153e-04   0.000000e+00   0.000000e+00   1.626847e-03   6.307590e-03   1.057003e-02   0.000000e+00
 0.000000e+00   0.000000e+00   2.372959e-03   0.000000e+00   0.000000e+00   6.307590e-03   1.056246e-01   6.727383e-02   0.000000e+00
 0.000000e+00   0.000000e+00   3.521286e-03   0.000000e+00   0.000000e+00   1.057003e-02   6.727383e-02   1.266278e-01   0.000000e+00
 7.160587e-05  -4.292174e-04   0.000000e+00   4.610014e-04  -2.132290e-03   0.000000e+00   0.000000e+00   0.000000e+00   4.677069e-02

# timestamp: 1774889198.1442995
 8.873207e-04  -3.805328e-06   0.000000e+00   2.525752e-04  -1.213009e-05   0.000000e+00   0.000000e+00   0.000000e+00   4.974123e-05
-3.805328e-06   9.167307e-04   0.000000e+00  -1.270003e-05   3.287016e-04   0.000000e+00   0.000000e+00   0.000000e+00  -3.945564e-04
 0.000000e+00   0.000000e+00   1.089743e-03   0.000000e+00   0.000000e+00   7.506986e-04   2.937657e-03   3.347187e-03   0.000000e+00
 2.525752e-04  -1.270003e-05   0.000000e+00   4.191538e-04  -4.218034e-05   0.000000e+00   0.000000e+00   0.000000e+00   3.417746e-04
-1.213009e-05   3.287016e-04   0.000000e+00  -4.218034e-05   6.439528e-04   0.000000e+00   0.000000e+00   0.000000e+00  -1.943240e-03
 0.000000e+00   0.000000e+00   7.506986e-04   0.000000e+00   0.000000e+00   1.699413e-03   7.689531e-03   9.782492e-03   0.000000e+00
 0.000000e+00   0.000000e+00   2.937657e-03   0.000000e+00   0.000000e+00   7.689531e-03   1.230360e-01   7.384190e-02   0.000000e+00
 0.000000e+00   0.000000e+00   3.347187e-03   0.000000e+00   0.000000e+00   9.782492e-03   7.384190e-02   1.131425e-01   0.000000e+00
 4.974123e-05  -3.945564e-04   0.000000e+00   3.417746e-04  -1.943240e-03   0.000000e+00   0.000000e+00   0.000000e+00   4.363076e-02

# timestamp: 1774889198.1631484
 9.180398e-04  -4.328246e-06   0.000000e+00   2.611267e-04  -1.310329e-05   0.000000e+00   0.000000e+00   0.000000e+00   5.676684e-05
-4.328246e-06   9.506438e-04   0.000000e+00  -1.369002e-05   3.426910e-04   0.000000e+00   0.000000e+00   0.000000e+00  -4.345934e-04
 0.000000e+00   0.000000e+00   1.141290e-03   0.000000e+00   0.000000e+00   7.914877e-04   3.094457e-03   3.547104e-03   0.000000e+00
 2.611267e-04  -1.369002e-05   0.000000e+00   4.213906e-04  -4.346734e-05   0.000000e+00   0.000000e+00   0.000000e+00   3.551655e-04
-1.310329e-05   3.426910e-04   0.000000e+00  -4.346734e-05   6.539155e-04   0.000000e+00   0.000000e+00   0.000000e+00  -2.033004e-03
 0.000000e+00   0.000000e+00   7.914877e-04   0.000000e+00   0.000000e+00   1.736284e-03   7.799852e-03   9.988984e-03   0.000000e+00
 0.000000e+00   0.000000e+00   3.094457e-03   0.000000e+00   0.000000e+00   7.799852e-03   1.250654e-01   7.384190e-02   0.000000e+00
 0.000000e+00   0.000000e+00   3.547104e-03   0.000000e+00   0.000000e+00   9.988984e-03   7.384190e-02   1.151719e-01   0.000000e+00
 5.676684e-05  -4.345934e-04   0.000000e+00   3.551655e-04  -2.033004e-03   0.000000e+00   0.000000e+00   0.000000e+00   4.566018e-02

# timestamp: 1774889198.194081
 8.885057e-04  -1.333404e-05   0.000000e+00   2.557886e-04  -3.462936e-05   0.000000e+00   0.000000e+00   0.000000e+00   4.820632e-04
-1.333404e-05   9.264752e-04   0.000000e+00  -1.913228e-05   3.525674e-04   0.000000e+00   0.000000e+00   0.000000e+00  -8.230779e-04
 0.000000e+00   0.000000e+00   1.112611e-03   0.000000e+00   0.000000e+00   7.956286e-04   2.415832e-03   3.885627e-03   0.000000e+00
 2.557886e-04  -1.913228e-05   0.000000e+00   4.201921e-04  -4.992151e-05   0.000000e+00   0.000000e+00   0.000000e+00   4.537464e-04
-3.462936e-05   3.525674e-04   0.000000e+00  -4.992151e-05   6.614354e-04   0.000000e+00   0.000000e+00   0.000000e+00  -2.087338e-03
 0.000000e+00   0.000000e+00   7.956286e-04   0.000000e+00   0.000000e+00   1.760373e-03   7.491321e-03   1.031343e-02   0.000000e+00
 0.000000e+00   0.000000e+00   2.415832e-03   0.000000e+00   0.000000e+00   7.491321e-03   1.200493e-01   7.433210e-02   0.000000e+00
 0.000000e+00   0.000000e+00   3.885627e-03   0.000000e+00   0.000000e+00   1.031343e-02   7.433210e-02   1.179676e-01   0.000000e+00
 4.820632e-04  -8.230779e-04   0.000000e+00   4.537464e-04  -2.087338e-03   0.000000e+00   0.000000e+00   0.000000e+00   4.412188e-02

# timestamp: 1774889198.2191653
 8.530028e-04  -4.509773e-06   0.000000e+00   2.421774e-04  -1.256719e-05   0.000000e+00   0.000000e+00   0.000000e+00   1.570388e-05
-4.509773e-06   8.825035e-04   0.000000e+00  -1.291019e-05   3.178104e-04   0.000000e+00   0.000000e+00   0.000000e+00  -3.162546e-04
 0.000000e+00   0.000000e+00   1.050158e-03   0.000000e+00   0.000000e+00   7.348622e-04   2.945026e-03   3.225700e-03   0.000000e+00
 2.421774e-04  -1.291019e-05   0.000000e+00   4.146790e-04  -4.110613e-05   0.000000e+00   0.000000e+00   0.000000e+00   2.874144e-04
-1.256719e-05   3.178104e-04   0.000000e+00  -4.110613e-05   6.372510e-04   0.000000e+00   0.000000e+00   0.000000e+00  -1.766490e-03
 0.000000e+00   0.000000e+00   7.348622e-04   0.000000e+00   0.000000e+00   1.705107e-03   7.913864e-03   9.753818e-03   0.000000e+00
 0.000000e+00   0.000000e+00   2.945026e-03   0.000000e+00   0.000000e+00   7.913864e-03   1.222611e-01   7.647360e-02   0.000000e+00
 0.000000e+00   0.000000e+00   3.225700e-03   0.000000e+00   0.000000e+00   9.753818e-03   7.647360e-02   1.142237e-01   0.000000e+00
 1.570388e-05  -3.162546e-04   0.000000e+00   2.874144e-04  -1.766490e-03   0.000000e+00   0.000000e+00   0.000000e+00   4.137726e-02

# timestamp: 1774889198.2398787
 8.813540e-04  -5.009392e-06   0.000000e+00   2.500853e-04  -1.338587e-05   0.000000e+00   0.000000e+00   0.000000e+00   2.122705e-05
-5.009392e-06   9.138161e-04   0.000000e+00  -1.377634e-05   3.305390e-04   0.000000e+00   0.000000e+00   0.000000e+00  -3.502571e-04
 0.000000e+00   0.000000e+00   1.097758e-03   0.000000e+00   0.000000e+00   7.722858e-04   3.095997e-03   3.412100e-03   0.000000e+00
 2.500853e-04  -1.377634e-05   0.000000e+00   4.167161e-04  -4.201220e-05   0.000000e+00   0.000000e+00   0.000000e+00   2.974207e-04
-1.338587e-05   3.305390e-04   0.000000e+00  -4.201220e-05   6.451072e-04   0.000000e+00   0.000000e+00   0.000000e+00  -1.836989e-03
 0.000000e+00   0.000000e+00   7.722858e-04   0.000000e+00   0.000000e+00   1.735804e-03   8.011301e-03   9.926800e-03   0.000000e+00
 0.000000e+00   0.000000e+00   3.095997e-03   0.000000e+00   0.000000e+00   8.011301e-03   1.241610e-01   7.647360e-02   0.000000e+00
 0.000000e+00   0.000000e+00   3.412100e-03   0.000000e+00   0.000000e+00   9.926800e-03   7.647360e-02   1.161236e-01   0.000000e+00
 2.122705e-05  -3.502571e-04   0.000000e+00   2.974207e-04  -1.836989e-03   0.000000e+00   0.000000e+00   0.000000e+00   4.327714e-02

# timestamp: 1774889198.4550593
 8.923711e-04  -7.200975e-06   0.000000e+00   2.514816e-04  -1.597206e-05   0.000000e+00   0.000000e+00   0.000000e+00   1.162529e-05
-7.200975e-06   9.333938e-04   0.000000e+00  -1.569054e-05   3.434586e-04   0.000000e+00   0.000000e+00   0.000000e+00  -3.480608e-04
 0.000000e+00   0.000000e+00   1.152228e-03   0.000000e+00   0.000000e+00   8.429301e-04   3.329979e-03   3.846995e-03   0.000000e+00
 2.514816e-04  -1.569054e-05   0.000000e+00   4.131957e-04  -3.927713e-05   0.000000e+00   0.000000e+00   0.000000e+00   1.950286e-04
-1.597206e-05   3.434586e-04   0.000000e+00  -3.927713e-05   6.452266e-04   0.000000e+00   0.000000e+00   0.000000e+00  -1.668272e-03
 0.000000e+00   0.000000e+00   8.429301e-04   0.000000e+00   0.000000e+00   1.819430e-03   8.311416e-03   1.056616e-02   0.000000e+00
 0.000000e+00   0.000000e+00   3.329979e-03   0.000000e+00   0.000000e+00   8.311416e-03   1.204981e-01   7.959619e-02   0.000000e+00
 0.000000e+00   0.000000e+00   3.846995e-03   0.000000e+00   0.000000e+00   1.056616e-02   7.959619e-02   1.276095e-01   0.000000e+00
 1.162529e-05  -3.480608e-04   0.000000e+00   1.950286e-04  -1.668272e-03   0.000000e+00   0.000000e+00   0.000000e+00   4.414594e-02

# timestamp: 1774889198.4821942
 9.370989e-04  -8.169866e-06   0.000000e+00   2.637428e-04  -1.716861e-05   0.000000e+00   0.000000e+00   0.000000e+00   1.735214e-05
-8.169866e-06   9.837667e-04   0.000000e+00  -1.681689e-05   3.634743e-04   0.000000e+00   0.000000e+00   0.000000e+00  -3.980387e-04
 0.000000e+00   0.000000e+00   1.233237e-03   0.000000e+00   0.000000e+00   9.063696e-04   3.576677e-03   4.161017e-03   0.000000e+00
 2.637428e-04  -1.681689e-05   0.000000e+00   4.161125e-04  -3.954584e-05   0.000000e+00   0.000000e+00   0.000000e+00   1.908122e-04
-1.716861e-05   3.634743e-04   0.000000e+00  -3.954584e-05   6.557520e-04   0.000000e+00   0.000000e+00   0.000000e+00  -1.770425e-03
 0.000000e+00   0.000000e+00   9.063696e-04   0.000000e+00   0.000000e+00   1.871107e-03   8.497917e-03   1.085941e-02   0.000000e+00
 0.000000e+00   0.000000e+00   3.576677e-03   0.000000e+00   0.000000e+00   8.497917e-03   1.234500e-01   7.959619e-02   0.000000e+00
 0.000000e+00   0.000000e+00   4.161017e-03   0.000000e+00   0.000000e+00   1.085941e-02   7.959619e-02   1.305614e-01   0.000000e+00
 1.735214e-05  -3.980387e-04   0.000000e+00   1.908122e-04  -1.770425e-03   0.000000e+00   0.000000e+00   0.000000e+00   4.709785e-02

# timestamp: 1774889198.519341
 9.228625e-04  -1.719130e-05   0.000000e+00   2.610027e-04  -3.723635e-05   0.000000e+00   0.000000e+00   0.000000e+00   4.808819e-04
-1.719130e-05   9.757944e-04   0.000000e+00  -2.053969e-05   3.768620e-04   0.000000e+00   0.000000e+00   0.000000e+00  -8.204504e-04
 0.000000e+00   0.000000e+00   1.225897e-03   0.000000e+00   0.000000e+00   9.208802e-04   2.914478e-03   4.643609e-03   0.000000e+00
 2.610027e-04  -2.053969e-05   0.000000e+00   4.149789e-04  -4.418083e-05   0.000000e+00   0.000000e+00   0.000000e+00   2.881708e-04
-3.723635e-05   3.768620e-04   0.000000e+00  -4.418083e-05   6.637579e-04   0.000000e+00   0.000000e+00   0.000000e+00  -1.867785e-03
 0.000000e+00   0.000000e+00   9.208802e-04   0.000000e+00   0.000000e+00   1.897703e-03   8.152116e-03   1.129126e-02   0.000000e+00
 0.000000e+00   0.000000e+00   2.914478e-03   0.000000e+00   0.000000e+00   8.152116e-03   1.193137e-01   7.990736e-02   0.000000e+00
 0.000000e+00   0.000000e+00   4.643609e-03   0.000000e+00   0.000000e+00   1.129126e-02   7.990736e-02   1.345936e-01   0.000000e+00
 4.808819e-04  -8.204504e-04   0.000000e+00   2.881708e-04  -1.867785e-03   0.000000e+00   0.000000e+00   0.000000e+00   4.644260e-02

# timestamp: 1774889198.5584419
 8.964009e-04  -8.409943e-06   0.000000e+00   2.514230e-04  -1.599381e-05   0.000000e+00   0.000000e+00   0.000000e+00  -5.637047e-05
-8.409943e-06   9.406684e-04   0.000000e+00  -1.588286e-05   3.461902e-04   0.000000e+00   0.000000e+00   0.000000e+00  -2.639421e-04
 0.000000e+00   0.000000e+00   1.170504e-03   0.000000e+00   0.000000e+00   8.623913e-04   3.515429e-03   3.838196e-03   0.000000e+00
 2.514230e-04  -1.588286e-05   0.000000e+00   4.109800e-04  -3.566220e-05   0.000000e+00   0.000000e+00   0.000000e+00   9.688179e-05
-1.599381e-05   3.461902e-04   0.000000e+00  -3.566220e-05   6.412849e-04   0.000000e+00   0.000000e+00   0.000000e+00  -1.551149e-03
 0.000000e+00   0.000000e+00   8.623913e-04   0.000000e+00   0.000000e+00   1.840637e-03   8.648623e-03   1.060329e-02   0.000000e+00
 0.000000e+00   0.000000e+00   3.515429e-03   0.000000e+00   0.000000e+00   8.648623e-03   1.229072e-01   8.187960e-02   0.000000e+00
 0.000000e+00   0.000000e+00   3.838196e-03   0.000000e+00   0.000000e+00   1.060329e-02   8.187960e-02   1.293598e-01   0.000000e+00
-5.637047e-05  -2.639421e-04   0.000000e+00   9.688179e-05  -1.551149e-03   0.000000e+00   0.000000e+00   0.000000e+00   4.402380e-02

# timestamp: 1774889198.813205
 8.576794e-04  -8.635719e-06   0.000000e+00   2.388093e-04  -1.514211e-05   0.000000e+00   0.000000e+00   0.000000e+00  -4.156837e-05
-8.635719e-06   9.049081e-04   0.000000e+00  -1.505185e-05   3.348627e-04   0.000000e+00   0.000000e+00   0.000000e+00  -2.509581e-04
 0.000000e+00   0.000000e+00   1.138247e-03   0.000000e+00   0.000000e+00   8.591995e-04   3.588769e-03   3.968884e-03   0.000000e+00
 2.388093e-04  -1.505185e-05   0.000000e+00   4.036079e-04  -2.976712e-05   0.000000e+00   0.000000e+00   0.000000e+00   3.692022e-05
-1.514211e-05   3.348627e-04   0.000000e+00  -2.976712e-05   6.224288e-04   0.000000e+00   0.000000e+00   0.000000e+00  -1.329941e-03
 0.000000e+00   0.000000e+00   8.591995e-04   0.000000e+00   0.000000e+00   1.841404e-03   8.967609e-03   1.079637e-02   0.000000e+00
 0.000000e+00   0.000000e+00   3.588769e-03   0.000000e+00   0.000000e+00   8.967609e-03   1.251150e-01   8.764710e-02   0.000000e+00
 0.000000e+00   0.000000e+00   3.968884e-03   0.000000e+00   0.000000e+00   1.079637e-02   8.764710e-02   1.351770e-01   0.000000e+00
-4.156837e-05  -2.509581e-04   0.000000e+00   3.692022e-05  -1.329941e-03   0.000000e+00   0.000000e+00   0.000000e+00   4.227776e-02

# timestamp: 1774889198.8608274
 9.107686e-04  -9.746821e-06   0.000000e+00   2.532515e-04  -1.609792e-05   0.000000e+00   0.000000e+00   0.000000e+00  -4.021034e-05
-9.746821e-06   9.651283e-04   0.000000e+00  -1.613786e-05   3.579153e-04   0.000000e+00   0.000000e+00   0.000000e+00  -2.996255e-04
 0.000000e+00   0.000000e+00   1.237565e-03   0.000000e+00   0.000000e+00   9.361365e-04   3.910417e-03   4.357149e-03   0.000000e+00
 2.532515e-04  -1.613786e-05   0.000000e+00   4.071727e-04  -2.998720e-05   0.000000e+00   0.000000e+00   0.000000e+00   4.075129e-05
-1.609792e-05   3.579153e-04   0.000000e+00  -2.998720e-05   6.332117e-04   0.000000e+00   0.000000e+00   0.000000e+00  -1.446214e-03
 0.000000e+00   0.000000e+00   9.361365e-04   0.000000e+00   0.000000e+00   1.900537e-03   9.184885e-03   1.114702e-02   0.000000e+00
 0.000000e+00   0.000000e+00   3.910417e-03   0.000000e+00   0.000000e+00   9.184885e-03   1.286731e-01   8.764710e-02   0.000000e+00
 0.000000e+00   0.000000e+00   4.357149e-03   0.000000e+00   0.000000e+00   1.114702e-02   8.764710e-02   1.387351e-01   0.000000e+00
-4.021034e-05  -2.996255e-04   0.000000e+00   4.075129e-05  -1.446214e-03   0.000000e+00   0.000000e+00   0.000000e+00   4.583592e-02

# timestamp: 1774889198.8911648
 7.850434e-04  -7.222437e-06   0.000000e+00   2.182711e-04  -1.360625e-05   0.000000e+00   0.000000e+00   0.000000e+00  -2.712144e-05
-7.222437e-06   8.250547e-04   0.000000e+00  -1.341398e-05   3.047262e-04   0.000000e+00   0.000000e+00   0.000000e+00  -2.119990e-04
 0.000000e+00   0.000000e+00   1.017312e-03   0.000000e+00   0.000000e+00   7.690921e-04   3.260829e-03   3.547915e-03   0.000000e+00
 2.182711e-04  -1.341398e-05   0.000000e+00   3.972930e-04  -2.809752e-05   0.000000e+00   0.000000e+00   0.000000e+00   3.263479e-05
-1.360625e-05   3.047262e-04   0.000000e+00  -2.809752e-05   6.054582e-04   0.000000e+00   0.000000e+00   0.000000e+00  -1.167809e-03
 0.000000e+00   0.000000e+00   7.690921e-04   0.000000e+00   0.000000e+00   1.767430e-03   8.848183e-03   1.035051e-02   0.000000e+00
 0.000000e+00   0.000000e+00   3.260829e-03   0.000000e+00   0.000000e+00   8.848183e-03   1.238498e-01   8.949532e-02   0.000000e+00
 0.000000e+00   0.000000e+00   3.547915e-03   0.000000e+00   0.000000e+00   1.035051e-02   8.949532e-02   1.305311e-01   0.000000e+00
-2.712144e-05  -2.119990e-04   0.000000e+00   3.263479e-05  -1.167809e-03   0.000000e+00   0.000000e+00   0.000000e+00   3.756854e-02

# timestamp: 1774889199.139505
 8.745113e-04  -9.133618e-06   0.000000e+00   2.412314e-04  -1.361726e-05   0.000000e+00   0.000000e+00   0.000000e+00  -6.981597e-05
-9.133618e-06   9.284143e-04   0.000000e+00  -1.423999e-05   3.424542e-04   0.000000e+00   0.000000e+00   0.000000e+00  -2.204514e-04
 0.000000e+00   0.000000e+00   1.187322e-03   0.000000e+00   0.000000e+00   8.961155e-04   4.064584e-03   3.971063e-03   0.000000e+00
 2.412314e-04  -1.423999e-05   0.000000e+00   4.005292e-04  -2.438070e-05   0.000000e+00   0.000000e+00   0.000000e+00  -2.403573e-07
-1.361726e-05   3.424542e-04   0.000000e+00  -2.438070e-05   6.162303e-04   0.000000e+00   0.000000e+00   0.000000e+00  -1.309689e-03
 0.000000e+00   0.000000e+00   8.961155e-04   0.000000e+00   0.000000e+00   1.841330e-03   9.679093e-03   1.040892e-02   0.000000e+00
 0.000000e+00   0.000000e+00   4.064584e-03   0.000000e+00   0.000000e+00   9.679093e-03   1.409078e-01   9.132791e-02   0.000000e+00
 0.000000e+00   0.000000e+00   3.971063e-03   0.000000e+00   0.000000e+00   1.040892e-02   9.132791e-02   1.290530e-01   0.000000e+00
-6.981597e-05  -2.204514e-04   0.000000e+00  -2.403573e-07  -1.309689e-03   0.000000e+00   0.000000e+00   0.000000e+00   4.335213e-02

# timestamp: 1774889199.1619093
 9.096561e-04  -9.802915e-06   0.000000e+00   2.506946e-04  -1.406581e-05   0.000000e+00   0.000000e+00   0.000000e+00  -6.977057e-05
-9.802915e-06   9.684534e-04   0.000000e+00  -1.486368e-05   3.574856e-04   0.000000e+00   0.000000e+00   0.000000e+00  -2.517787e-04
 0.000000e+00   0.000000e+00   1.254201e-03   0.000000e+00   0.000000e+00   9.464858e-04   4.293405e-03   4.217550e-03   0.000000e+00
 2.506946e-04  -1.486368e-05   0.000000e+00   4.028865e-04  -2.465303e-05   0.000000e+00   0.000000e+00   0.000000e+00   8.605281e-06
-1.406581e-05   3.574856e-04   0.000000e+00  -2.465303e-05   6.235138e-04   0.000000e+00   0.000000e+00   0.000000e+00  -1.392008e-03
 0.000000e+00   0.000000e+00   9.464858e-04   0.000000e+00   0.000000e+00   1.878245e-03   9.817740e-03   1.062969e-02   0.000000e+00
 0.000000e+00   0.000000e+00   4.293405e-03   0.000000e+00   0.000000e+00   9.817740e-03   1.432635e-01   9.132791e-02   0.000000e+00
 0.000000e+00   0.000000e+00   4.217550e-03   0.000000e+00   0.000000e+00   1.062969e-02   9.132791e-02   1.314087e-01   0.000000e+00
-6.977057e-05  -2.517787e-04   0.000000e+00   8.605281e-06  -1.392008e-03   0.000000e+00   0.000000e+00   0.000000e+00   4.570780e-02

# timestamp: 1774889199.1820166
 9.383237e-04  -1.036113e-05   0.000000e+00   2.583650e-04  -1.443273e-05   0.000000e+00   0.000000e+00   0.000000e+00  -6.957535e-05
-1.036113e-05   1.001262e-03   0.000000e+00  -1.537610e-05   3.697770e-04   0.000000e+00   0.000000e+00   0.000000e+00  -2.785180e-04
 0.000000e+00   0.000000e+00   1.309887e-03   0.000000e+00   0.000000e+00   9.880505e-04   4.480395e-03   4.420260e-03   0.000000e+00
 2.583650e-04  -1.537610e-05   0.000000e+00   4.047901e-04  -2.489667e-05   0.000000e+00   0.000000e+00   0.000000e+00   1.606326e-05
-1.443273e-05   3.697770e-04   0.000000e+00  -2.489667e-05   6.296110e-04   0.000000e+00   0.000000e+00   0.000000e+00  -1.461414e-03
 0.000000e+00   0.000000e+00   9.880505e-04   0.000000e+00   0.000000e+00   1.908566e-03   9.929225e-03   1.081075e-02   0.000000e+00
 0.000000e+00   0.000000e+00   4.480395e-03   0.000000e+00   0.000000e+00   9.929225e-03   1.451632e-01   9.132791e-02   0.000000e+00
 0.000000e+00   0.000000e+00   4.420260e-03   0.000000e+00   0.000000e+00   1.081075e-02   9.132791e-02   1.333083e-01   0.000000e+00
-6.957535e-05  -2.785180e-04   0.000000e+00   1.606326e-05  -1.461414e-03   0.000000e+00   0.000000e+00   0.000000e+00   4.760749e-02

# timestamp: 1774889199.2287698
 8.454381e-04  -8.294818e-06   0.000000e+00   2.326302e-04  -1.274707e-05   0.000000e+00   0.000000e+00   0.000000e+00  -4.583647e-05
-8.294818e-06   8.964912e-04   0.000000e+00  -1.343956e-05   3.302546e-04   0.000000e+00   0.000000e+00   0.000000e+00  -2.288826e-04
 0.000000e+00   0.000000e+00   1.138771e-03   0.000000e+00   0.000000e+00   8.593597e-04   3.917888e-03   3.881925e-03   0.000000e+00
 2.326302e-04  -1.343956e-05   0.000000e+00   3.973623e-04  -2.401972e-05   0.000000e+00   0.000000e+00   0.000000e+00   3.826627e-05
-1.274707e-05   3.302546e-04   0.000000e+00  -2.401972e-05   6.086683e-04   0.000000e+00   0.000000e+00   0.000000e+00  -1.263527e-03
 0.000000e+00   0.000000e+00   8.593597e-04   0.000000e+00   0.000000e+00   1.804136e-03   9.556885e-03   1.032665e-02   0.000000e+00
 0.000000e+00   0.000000e+00   3.917888e-03   0.000000e+00   0.000000e+00   9.556885e-03   1.403283e-01   9.318258e-02   0.000000e+00
 0.000000e+00   0.000000e+00   3.881925e-03   0.000000e+00   0.000000e+00   1.032665e-02   9.318258e-02   1.294783e-01   0.000000e+00
-4.583647e-05  -2.288826e-04   0.000000e+00   3.826627e-05  -1.263527e-03   0.000000e+00   0.000000e+00   0.000000e+00   4.148755e-02

# timestamp: 1774889199.485411
 7.847411e-04  -6.713554e-06   0.000000e+00   2.144264e-04  -1.096385e-05   0.000000e+00   0.000000e+00   0.000000e+00  -1.797303e-05
-6.713554e-06   8.296593e-04   0.000000e+00  -1.175542e-05   3.034911e-04   0.000000e+00   0.000000e+00   0.000000e+00  -1.998793e-04
 0.000000e+00   0.000000e+00   1.033688e-03   0.000000e+00   0.000000e+00   7.697600e-04   3.605920e-03   3.537954e-03   0.000000e+00
 2.144264e-04  -1.175542e-05   0.000000e+00   3.903429e-04  -2.358020e-05   0.000000e+00   0.000000e+00   0.000000e+00   1.066999e-04
-1.096385e-05   3.034911e-04   0.000000e+00  -2.358020e-05   5.906728e-04   0.000000e+00   0.000000e+00   0.000000e+00  -1.144277e-03
 0.000000e+00   0.000000e+00   7.697600e-04   0.000000e+00   0.000000e+00   1.695545e-03   9.284214e-03   9.894628e-03   0.000000e+00
 0.000000e+00   0.000000e+00   3.605920e-03   0.000000e+00   0.000000e+00   9.284214e-03   1.421464e-01   9.750376e-02   0.000000e+00
 0.000000e+00   0.000000e+00   3.537954e-03   0.000000e+00   0.000000e+00   9.894628e-03   9.750376e-02   1.285149e-01   0.000000e+00
-1.797303e-05  -1.998793e-04   0.000000e+00   1.066999e-04  -1.144277e-03   0.000000e+00   0.000000e+00   0.000000e+00   3.754382e-02

# timestamp: 1774889199.5166929
 8.560335e-04  -7.889718e-06   0.000000e+00   2.337978e-04  -1.208594e-05   0.000000e+00   0.000000e+00   0.000000e+00  -1.250983e-05
-7.889718e-06   9.102377e-04   0.000000e+00  -1.300260e-05   3.337220e-04   0.000000e+00   0.000000e+00   0.000000e+00  -2.586476e-04
 0.000000e+00   0.000000e+00   1.163267e-03   0.000000e+00   0.000000e+00   8.671019e-04   4.068134e-03   4.032505e-03   0.000000e+00
 2.337978e-04  -1.300260e-05   0.000000e+00   3.953355e-04  -2.435948e-05   0.000000e+00   0.000000e+00   0.000000e+00   1.192900e-04
-1.208594e-05   3.337220e-04   0.000000e+00  -2.435948e-05   6.042922e-04   0.000000e+00   0.000000e+00   0.000000e+00  -1.290036e-03
 0.000000e+00   0.000000e+00   8.671019e-04   0.000000e+00   0.000000e+00   1.766964e-03   9.587938e-03   1.033554e-02   0.000000e+00
 0.000000e+00   0.000000e+00   4.068134e-03   0.000000e+00   0.000000e+00   9.587938e-03   1.470693e-01   9.750376e-02   0.000000e+00
 0.000000e+00   0.000000e+00   4.032505e-03   0.000000e+00   0.000000e+00   1.033554e-02   9.750376e-02   1.334377e-01   0.000000e+00
-1.250983e-05  -2.586476e-04   0.000000e+00   1.192900e-04  -1.290036e-03   0.000000e+00   0.000000e+00   0.000000e+00   4.246666e-02

# timestamp: 1774889199.5455682
 9.054848e-04  -8.755218e-06   0.000000e+00   2.470681e-04  -1.288235e-05   0.000000e+00   0.000000e+00   0.000000e+00  -8.411931e-06
-8.755218e-06   9.666140e-04   0.000000e+00  -1.388314e-05   3.547455e-04   0.000000e+00   0.000000e+00   0.000000e+00  -3.030507e-04
 0.000000e+00   0.000000e+00   1.256786e-03   0.000000e+00   0.000000e+00   9.361712e-04   4.390867e-03   4.381463e-03   0.000000e+00
 2.470681e-04  -1.388314e-05   0.000000e+00   3.987268e-04  -2.494144e-05   0.000000e+00   0.000000e+00   0.000000e+00   1.286256e-04
-1.288235e-05   3.547455e-04   0.000000e+00  -2.494144e-05   6.141483e-04   0.000000e+00   0.000000e+00   0.000000e+00  -1.398116e-03
 0.000000e+00   0.000000e+00   9.361712e-04   0.000000e+00   0.000000e+00   1.817123e-03   9.793173e-03   1.064383e-02   0.000000e+00
 0.000000e+00   0.000000e+00   4.390867e-03   0.000000e+00   0.000000e+00   9.793173e-03   1.504086e-01   9.750376e-02   0.000000e+00
 0.000000e+00   0.000000e+00   4.381463e-03   0.000000e+00   0.000000e+00   1.064383e-02   9.750376e-02   1.367771e-01   0.000000e+00
-8.411931e-06  -3.030507e-04   0.000000e+00   1.286256e-04  -1.398116e-03   0.000000e+00   0.000000e+00   0.000000e+00   4.580605e-02

# timestamp: 1774889199.844742
 9.067218e-04  -8.074385e-06   0.000000e+00   2.458838e-04  -1.164935e-05   0.000000e+00   0.000000e+00   0.000000e+00  -8.764573e-06
-8.074385e-06   9.685176e-04   0.000000e+00  -1.299481e-05   3.518664e-04   0.000000e+00   0.000000e+00   0.000000e+00  -3.033455e-04
 0.000000e+00   0.000000e+00   1.263539e-03   0.000000e+00   0.000000e+00   9.250306e-04   4.430830e-03   4.583544e-03   0.000000e+00
 2.458838e-04  -1.299481e-05   0.000000e+00   3.963600e-04  -2.315449e-05   0.000000e+00   0.000000e+00   0.000000e+00   1.357559e-04
-1.164935e-05   3.518664e-04   0.000000e+00  -2.315449e-05   5.992461e-04   0.000000e+00   0.000000e+00   0.000000e+00  -1.280669e-03
 0.000000e+00   0.000000e+00   9.250306e-04   0.000000e+00   0.000000e+00   1.745685e-03   9.500797e-03   1.063666e-02   0.000000e+00
 0.000000e+00   0.000000e+00   4.430830e-03   0.000000e+00   0.000000e+00   9.500797e-03   1.492166e-01   1.010509e-01   0.000000e+00
 0.000000e+00   0.000000e+00   4.583544e-03   0.000000e+00   0.000000e+00   1.063666e-02   1.010509e-01   1.450839e-01   0.000000e+00
-8.764573e-06  -3.033455e-04   0.000000e+00   1.357559e-04  -1.280669e-03   0.000000e+00   0.000000e+00   0.000000e+00   4.597607e-02

# timestamp: 1774889199.8856962
 8.891763e-04  -1.518271e-05   0.000000e+00   2.426242e-04  -2.695577e-05   0.000000e+00   0.000000e+00   0.000000e+00   4.794151e-04
-1.518271e-05   9.507292e-04   0.000000e+00  -1.593534e-05   3.547325e-04   0.000000e+00   0.000000e+00   0.000000e+00  -6.655740e-04
 0.000000e+00   0.000000e+00   1.205447e-03   0.000000e+00   0.000000e+00   8.653168e-04   3.115189e-03   4.529854e-03   0.000000e+00
 2.426242e-04  -1.593534e-05   0.000000e+00   3.957849e-04  -2.781579e-05   0.000000e+00   0.000000e+00   0.000000e+00   2.781632e-04
-2.695577e-05   3.547325e-04   0.000000e+00  -2.781579e-05   6.014397e-04   0.000000e+00   0.000000e+00   0.000000e+00  -1.372921e-03
 0.000000e+00   0.000000e+00   8.653168e-04   0.000000e+00   0.000000e+00   1.679873e-03   8.305573e-03   1.054455e-02   0.000000e+00
 0.000000e+00   0.000000e+00   3.115189e-03   0.000000e+00   0.000000e+00   8.305573e-03   1.361152e-01   9.653612e-02   0.000000e+00
 0.000000e+00   0.000000e+00   4.529854e-03   0.000000e+00   0.000000e+00   1.054455e-02   9.653612e-02   1.475516e-01   0.000000e+00
 4.794151e-04  -6.655740e-04   0.000000e+00   2.781632e-04  -1.372921e-03   0.000000e+00   0.000000e+00   0.000000e+00   4.490832e-02

# timestamp: 1774889200.2298958
 8.589464e-04  -6.925226e-06   0.000000e+00   2.317876e-04  -1.012479e-05   0.000000e+00   0.000000e+00   0.000000e+00  -3.017094e-05
-6.925226e-06   9.118952e-04   0.000000e+00  -1.132887e-05   3.229440e-04   0.000000e+00   0.000000e+00   0.000000e+00  -1.994897e-04
 0.000000e+00   0.000000e+00   1.138515e-03   0.000000e+00   0.000000e+00   7.681433e-04   2.890191e-03   4.115056e-03   0.000000e+00
 2.317876e-04  -1.132887e-05   0.000000e+00   3.908240e-04  -2.108676e-05   0.000000e+00   0.000000e+00   0.000000e+00   1.388421e-04
-1.012479e-05   3.229440e-04   0.000000e+00  -2.108676e-05   5.605972e-04   0.000000e+00   0.000000e+00   0.000000e+00  -9.208818e-04
 0.000000e+00   0.000000e+00   7.681433e-04   0.000000e+00   0.000000e+00   1.466333e-03   6.272851e-03   9.817364e-03   0.000000e+00
 0.000000e+00   0.000000e+00   2.890191e-03   0.000000e+00   0.000000e+00   6.272851e-03   1.013493e-01   8.372040e-02   0.000000e+00
 0.000000e+00   0.000000e+00   4.115056e-03   0.000000e+00   0.000000e+00   9.817364e-03   8.372040e-02   1.649918e-01   0.000000e+00
-3.017094e-05  -1.994897e-04   0.000000e+00   1.388421e-04  -9.208818e-04   0.000000e+00   0.000000e+00   0.000000e+00   4.297633e-02

# timestamp: 1774889200.262183
 9.076735e-04  -7.656093e-06   0.000000e+00   2.447516e-04  -1.079078e-05   0.000000e+00   0.000000e+00   0.000000e+00  -2.553434e-05
-7.656093e-06   9.668306e-04   0.000000e+00  -1.205010e-05   3.418069e-04   0.000000e+00   0.000000e+00   0.000000e+00  -2.305373e-04
 0.000000e+00   0.000000e+00   1.223938e-03   0.000000e+00   0.000000e+00   8.218239e-04   3.098313e-03   4.441398e-03   0.000000e+00
 2.447516e-04  -1.205010e-05   0.000000e+00   3.941526e-04  -2.135396e-05   0.000000e+00   0.000000e+00   0.000000e+00   1.433938e-04
-1.079078e-05   3.418069e-04   0.000000e+00  -2.135396e-05   5.662010e-04   0.000000e+00   0.000000e+00   0.000000e+00  -9.756343e-04
 0.000000e+00   0.000000e+00   8.218239e-04   0.000000e+00   0.000000e+00   1.492451e-03   6.364130e-03   1.001192e-02   0.000000e+00
 0.000000e+00   0.000000e+00   3.098313e-03   0.000000e+00   0.000000e+00   6.364130e-03   1.046494e-01   8.372040e-02   0.000000e+00
 0.000000e+00   0.000000e+00   4.441398e-03   0.000000e+00   0.000000e+00   1.001192e-02   8.372040e-02   1.682919e-01   0.000000e+00
-2.553434e-05  -2.305373e-04   0.000000e+00   1.433938e-04  -9.756343e-04   0.000000e+00   0.000000e+00   0.000000e+00   4.627645e-02

# timestamp: 1774889200.3365724
 8.645976e-04  -7.064558e-06   0.000000e+00   2.328358e-04  -9.894670e-06   0.000000e+00   0.000000e+00   0.000000e+00  -6.942811e-05
-7.064558e-06   9.166757e-04   0.000000e+00  -1.094833e-05   3.211515e-04   0.000000e+00   0.000000e+00   0.000000e+00  -1.436028e-04
 0.000000e+00   0.000000e+00   1.136072e-03   0.000000e+00   0.000000e+00   7.488752e-04   2.764045e-03   4.016860e-03   0.000000e+00
 2.328358e-04  -1.094833e-05   0.000000e+00   3.903858e-04  -1.962063e-05   0.000000e+00   0.000000e+00   0.000000e+00   9.145368e-05
-9.894670e-06   3.211515e-04   0.000000e+00  -1.962063e-05   5.517532e-04   0.000000e+00   0.000000e+00   0.000000e+00  -8.338868e-04
 0.000000e+00   0.000000e+00   7.488752e-04   0.000000e+00   0.000000e+00   1.418910e-03   5.967946e-03   9.678971e-03   0.000000e+00
 0.000000e+00   0.000000e+00   2.764045e-03   0.000000e+00   0.000000e+00   5.967946e-03   9.792094e-02   8.301275e-02   0.000000e+00
 0.000000e+00   0.000000e+00   4.016860e-03   0.000000e+00   0.000000e+00   9.678971e-03   8.301275e-02   1.703711e-01   0.000000e+00
-6.942811e-05  -1.436028e-04   0.000000e+00   9.145368e-05  -8.338868e-04   0.000000e+00   0.000000e+00   0.000000e+00   4.307948e-02

# timestamp: 1774889200.5749347
 8.569581e-04  -1.149613e-05   0.000000e+00   2.299646e-04  -1.850998e-05   0.000000e+00   0.000000e+00   0.000000e+00   4.995248e-04
-1.149613e-05   9.033195e-04   0.000000e+00  -1.071638e-05   3.141957e-04   0.000000e+00   0.000000e+00   0.000000e+00  -4.399838e-04
 0.000000e+00   0.000000e+00   1.102370e-03   0.000000e+00   0.000000e+00   6.965827e-04   1.728271e-03   4.236798e-03   0.000000e+00
 2.299646e-04  -1.071638e-05   0.000000e+00   3.881882e-04  -1.769121e-05   0.000000e+00   0.000000e+00   0.000000e+00   1.187481e-04
-1.850998e-05   3.141957e-04   0.000000e+00  -1.769121e-05   5.318556e-04   0.000000e+00   0.000000e+00   0.000000e+00  -7.532011e-04
 0.000000e+00   0.000000e+00   6.965827e-04   0.000000e+00   0.000000e+00   1.314786e-03   5.077648e-03   9.590920e-03   0.000000e+00
 0.000000e+00   0.000000e+00   1.728271e-03   0.000000e+00   0.000000e+00   5.077648e-03   9.130148e-02   8.272535e-02   0.000000e+00
 0.000000e+00   0.000000e+00   4.236798e-03   0.000000e+00   0.000000e+00   9.590920e-03   8.272535e-02   1.842229e-01   0.000000e+00
 4.995248e-04  -4.399838e-04   0.000000e+00   1.187481e-04  -7.532011e-04   0.000000e+00   0.000000e+00   0.000000e+00   4.272285e-02

# timestamp: 1774889200.5910535
 8.751946e-04  -1.186286e-05   0.000000e+00   2.347174e-04  -1.884621e-05   0.000000e+00   0.000000e+00   0.000000e+00   5.009785e-04
-1.186286e-05   9.236769e-04   0.000000e+00  -1.085430e-05   3.209341e-04   0.000000e+00   0.000000e+00   0.000000e+00  -4.493929e-04
 0.000000e+00   0.000000e+00   1.132379e-03   0.000000e+00   0.000000e+00   7.143146e-04   1.791602e-03   4.356390e-03   0.000000e+00
 2.347174e-04  -1.085430e-05   0.000000e+00   3.893912e-04  -1.757880e-05   0.000000e+00   0.000000e+00   0.000000e+00   1.107413e-04
-1.884621e-05   3.209341e-04   0.000000e+00  -1.757880e-05   5.334530e-04   0.000000e+00   0.000000e+00   0.000000e+00  -7.633440e-04
 0.000000e+00   0.000000e+00   7.143146e-04   0.000000e+00   0.000000e+00   1.322370e-03   5.113785e-03   9.649110e-03   0.000000e+00
 0.000000e+00   0.000000e+00   1.791602e-03   0.000000e+00   0.000000e+00   5.113785e-03   9.254653e-02   8.272535e-02   0.000000e+00
 0.000000e+00   0.000000e+00   4.356390e-03   0.000000e+00   0.000000e+00   9.649110e-03   8.272535e-02   1.854680e-01   0.000000e+00
 5.009785e-04  -4.493929e-04   0.000000e+00   1.107413e-04  -7.633440e-04   0.000000e+00   0.000000e+00   0.000000e+00   4.396790e-02

# timestamp: 1774889200.6358864
 8.755891e-04  -6.590470e-06   0.000000e+00   2.350215e-04  -9.102923e-06   0.000000e+00   0.000000e+00   0.000000e+00  -7.206799e-05
-6.590470e-06   9.253325e-04   0.000000e+00  -9.369834e-06   3.152486e-04   0.000000e+00   0.000000e+00   0.000000e+00  -1.107914e-04
 0.000000e+00   0.000000e+00   1.135137e-03   0.000000e+00   0.000000e+00   7.125427e-04   2.588668e-03   4.100283e-03   0.000000e+00
 2.350215e-04  -9.369834e-06   0.000000e+00   3.893992e-04  -1.407059e-05   0.000000e+00   0.000000e+00   0.000000e+00  -7.715834e-05
-9.102923e-06   3.152486e-04   0.000000e+00  -1.407059e-05   5.254022e-04   0.000000e+00   0.000000e+00   0.000000e+00  -5.947540e-04
 0.000000e+00   0.000000e+00   7.125427e-04   0.000000e+00   0.000000e+00   1.305361e-03   5.574579e-03   9.409625e-03   0.000000e+00
 0.000000e+00   0.000000e+00   2.588668e-03   0.000000e+00   0.000000e+00   5.574579e-03   9.588919e-02   8.579113e-02   0.000000e+00
 0.000000e+00   0.000000e+00   4.100283e-03   0.000000e+00   0.000000e+00   9.409625e-03   8.579113e-02   1.862395e-01   0.000000e+00
-7.206799e-05  -1.107914e-04   0.000000e+00  -7.715834e-05  -5.947540e-04   0.000000e+00   0.000000e+00   0.000000e+00   4.391451e-02

# timestamp: 1774889200.9313815
 8.741564e-04  -5.479612e-06   0.000000e+00   2.342141e-04  -7.691427e-06   0.000000e+00   0.000000e+00   0.000000e+00  -4.915390e-05
-5.479612e-06   9.195209e-04   0.000000e+00  -7.311987e-06   3.040884e-04   0.000000e+00   0.000000e+00   0.000000e+00  -1.072462e-04
 0.000000e+00   0.000000e+00   1.107588e-03   0.000000e+00   0.000000e+00   6.400150e-04   1.940283e-03   4.024738e-03   0.000000e+00
 2.342141e-04  -7.311987e-06   0.000000e+00   3.891765e-04  -9.930126e-06   0.000000e+00   0.000000e+00   0.000000e+00  -2.172431e-04
-7.691427e-06   3.040884e-04   0.000000e+00  -9.930126e-06   4.984921e-04   0.000000e+00   0.000000e+00   0.000000e+00  -3.094771e-04
 0.000000e+00   0.000000e+00   6.400150e-04   0.000000e+00   0.000000e+00   1.113118e-03   4.014276e-03   8.248189e-03   0.000000e+00
 0.000000e+00   0.000000e+00   1.940283e-03   0.000000e+00   0.000000e+00   4.014276e-03   7.741698e-02   7.238912e-02   0.000000e+00
 0.000000e+00   0.000000e+00   4.024738e-03   0.000000e+00   0.000000e+00   8.248189e-03   7.238912e-02   2.039050e-01   0.000000e+00
-4.915390e-05  -1.072462e-04   0.000000e+00  -2.172431e-04  -3.094771e-04   0.000000e+00   0.000000e+00   0.000000e+00   4.412581e-02

# timestamp: 1774889200.965594
 9.055935e-04  -5.803263e-06   0.000000e+00   2.425582e-04  -7.906098e-06   0.000000e+00   0.000000e+00   0.000000e+00  -5.388249e-05
-5.803263e-06   9.539821e-04   0.000000e+00  -7.472043e-06   3.147263e-04   0.000000e+00   0.000000e+00   0.000000e+00  -1.138173e-04
 0.000000e+00   0.000000e+00   1.156636e-03   0.000000e+00   0.000000e+00   6.643560e-04   2.025892e-03   4.200413e-03   0.000000e+00
 2.425582e-04  -7.472043e-06   0.000000e+00   3.915109e-04  -9.807918e-06   0.000000e+00   0.000000e+00   0.000000e+00  -2.379099e-04
-7.906098e-06   3.147263e-04   0.000000e+00  -9.807918e-06   5.005753e-04   0.000000e+00   0.000000e+00   0.000000e+00  -3.060919e-04
 0.000000e+00   0.000000e+00   6.643560e-04   0.000000e+00   0.000000e+00   1.117665e-03   4.044626e-03   8.265683e-03   0.000000e+00
 0.000000e+00   0.000000e+00   2.025892e-03   0.000000e+00   0.000000e+00   4.044626e-03   7.954577e-02   7.238912e-02   0.000000e+00
 0.000000e+00   0.000000e+00   4.200413e-03   0.000000e+00   0.000000e+00   8.265683e-03   7.238912e-02   2.060338e-01   0.000000e+00
-5.388249e-05  -1.138173e-04   0.000000e+00  -2.379099e-04  -3.060919e-04   0.000000e+00   0.000000e+00   0.000000e+00   4.625460e-02

# timestamp: 1774889201.017452
 8.407367e-04  -5.013759e-06   0.000000e+00   2.251468e-04  -6.972694e-06   0.000000e+00   0.000000e+00   0.000000e+00  -1.031964e-04
-5.013759e-06   8.805915e-04   0.000000e+00  -6.760158e-06   2.884061e-04   0.000000e+00   0.000000e+00   0.000000e+00  -4.143273e-05
 0.000000e+00   0.000000e+00   1.040738e-03   0.000000e+00   0.000000e+00   5.801093e-04   1.675798e-03   3.571167e-03   0.000000e+00
 2.251468e-04  -6.760158e-06   0.000000e+00   3.869467e-04  -9.192176e-06   0.000000e+00   0.000000e+00   0.000000e+00  -2.533919e-04
-6.972694e-06   2.884061e-04   0.000000e+00  -9.192176e-06   4.876866e-04   0.000000e+00   0.000000e+00   0.000000e+00  -2.059401e-04
 0.000000e+00   0.000000e+00   5.801093e-04   0.000000e+00   0.000000e+00   1.033764e-03   3.508255e-03   7.596960e-03   0.000000e+00
 0.000000e+00   0.000000e+00   1.675798e-03   0.000000e+00   0.000000e+00   3.508255e-03   7.015631e-02   6.814734e-02   0.000000e+00
 0.000000e+00   0.000000e+00   3.571167e-03   0.000000e+00   0.000000e+00   7.596960e-03   6.814734e-02   2.068479e-01   0.000000e+00
-1.031964e-04  -4.143273e-05   0.000000e+00  -2.533919e-04  -2.059401e-04   0.000000e+00   0.000000e+00   0.000000e+00   4.158802e-02

# timestamp: 1774889201.2843864
 8.581528e-04  -4.566605e-06   0.000000e+00   2.255101e-04  -6.087291e-06   0.000000e+00   0.000000e+00   0.000000e+00   3.997680e-04
-4.566605e-06   8.907519e-04   0.000000e+00  -5.856531e-06   2.836436e-04   0.000000e+00   0.000000e+00   0.000000e+00  -5.184241e-06
 0.000000e+00   0.000000e+00   1.005144e-03   0.000000e+00   0.000000e+00   4.726751e-04   2.405738e-04   2.286072e-03   0.000000e+00
 2.255101e-04  -5.856531e-06   0.000000e+00   3.874251e-04  -8.459355e-06   0.000000e+00   0.000000e+00   0.000000e+00  -2.152590e-04
-6.087291e-06   2.836436e-04   0.000000e+00  -8.459355e-06   4.707060e-04   0.000000e+00   0.000000e+00   0.000000e+00   2.452752e-05
 0.000000e+00   0.000000e+00   4.726751e-04   0.000000e+00   0.000000e+00   8.182934e-04   1.647297e-03   5.058862e-03   0.000000e+00
 0.000000e+00   0.000000e+00   2.405738e-04   0.000000e+00   0.000000e+00   1.647297e-03   5.471630e-02   4.446248e-02   0.000000e+00
 0.000000e+00   0.000000e+00   2.286072e-03   0.000000e+00   0.000000e+00   5.058862e-03   4.446248e-02   2.127542e-01   0.000000e+00
 3.997680e-04  -5.184241e-06   0.000000e+00  -2.152590e-04   2.452752e-05   0.000000e+00   0.000000e+00   0.000000e+00   4.249775e-02

# timestamp: 1774889201.3313842
 8.459227e-04  -4.502182e-06   0.000000e+00   2.269594e-04  -6.436345e-06   0.000000e+00   0.000000e+00   0.000000e+00  -2.145995e-04
-4.502182e-06   8.795941e-04   0.000000e+00  -6.040401e-06   2.790434e-04   0.000000e+00   0.000000e+00   0.000000e+00   4.242373e-05
 0.000000e+00   0.000000e+00   1.003266e-03   0.000000e+00   0.000000e+00   4.828877e-04   1.021299e-03   2.688057e-03   0.000000e+00
 2.269594e-04  -6.040401e-06   0.000000e+00   3.893074e-04  -8.794712e-06   0.000000e+00   0.000000e+00   0.000000e+00  -3.848425e-04
-6.436345e-06   2.790434e-04   0.000000e+00  -8.794712e-06   4.672676e-04   0.000000e+00   0.000000e+00   0.000000e+00   7.825431e-05
 0.000000e+00   0.000000e+00   4.828877e-04   0.000000e+00   0.000000e+00   8.107199e-04   1.855024e-03   4.950486e-03   0.000000e+00
 0.000000e+00   0.000000e+00   1.021299e-03   0.000000e+00   0.000000e+00   1.855024e-03   5.308278e-02   4.289659e-02   0.000000e+00
 0.000000e+00   0.000000e+00   2.688057e-03   0.000000e+00   0.000000e+00   4.950486e-03   4.289659e-02   2.165818e-01   0.000000e+00
-2.145995e-04   4.242373e-05   0.000000e+00  -3.848425e-04   7.825431e-05   0.000000e+00   0.000000e+00   0.000000e+00   4.181566e-02

# timestamp: 1774889201.3935444
 8.026713e-04  -3.817244e-06   0.000000e+00   2.152893e-04  -5.951575e-06   0.000000e+00   0.000000e+00   0.000000e+00  -1.631975e-04
-3.817244e-06   8.321984e-04   0.000000e+00  -5.408525e-06   2.622404e-04   0.000000e+00   0.000000e+00   0.000000e+00   3.305807e-05
 0.000000e+00   0.000000e+00   9.333019e-04   0.000000e+00   0.000000e+00   4.310275e-04   6.755815e-04   2.241365e-03   0.000000e+00
 2.152893e-04  -5.408525e-06   0.000000e+00   3.864489e-04  -8.807265e-06   0.000000e+00   0.000000e+00   0.000000e+00  -3.655624e-04
-5.951575e-06   2.622404e-04   0.000000e+00  -8.807265e-06   4.588816e-04   0.000000e+00   0.000000e+00   0.000000e+00   1.241802e-04
 0.000000e+00   0.000000e+00   4.310275e-04   0.000000e+00   0.000000e+00   7.457931e-04   1.285192e-03   3.935743e-03   0.000000e+00
 0.000000e+00   0.000000e+00   6.755815e-04   0.000000e+00   0.000000e+00   1.285192e-03   4.473208e-02   2.877203e-02   0.000000e+00
 0.000000e+00   0.000000e+00   2.241365e-03   0.000000e+00   0.000000e+00   3.935743e-03   2.877203e-02   2.099992e-01   0.000000e+00
-1.631975e-04   3.305807e-05   0.000000e+00  -3.655624e-04   1.241802e-04   0.000000e+00   0.000000e+00   0.000000e+00   3.891484e-02

# timestamp: 1774889201.636228
 8.484129e-04  -3.748430e-06   0.000000e+00   2.283450e-04  -6.638909e-06   0.000000e+00   0.000000e+00   0.000000e+00  -2.208970e-04
-3.748430e-06   8.768123e-04   0.000000e+00  -5.566330e-06   2.708292e-04   0.000000e+00   0.000000e+00   0.000000e+00   5.627420e-05
 0.000000e+00   0.000000e+00   9.675034e-04   0.000000e+00   0.000000e+00   4.021263e-04   4.254466e-04   1.671582e-03   0.000000e+00
 2.283450e-04  -5.566330e-06   0.000000e+00   3.921337e-04  -1.092072e-05   0.000000e+00   0.000000e+00   0.000000e+00  -4.512271e-04
-6.638909e-06   2.708292e-04   0.000000e+00  -1.092072e-05   4.538203e-04   0.000000e+00   0.000000e+00   0.000000e+00   3.019314e-04
 0.000000e+00   0.000000e+00   4.021263e-04   0.000000e+00   0.000000e+00   6.507712e-04   7.530315e-04   1.629471e-03   0.000000e+00
 0.000000e+00   0.000000e+00   4.254466e-04   0.000000e+00   0.000000e+00   7.530315e-04   4.323869e-02   7.274015e-03   0.000000e+00
 0.000000e+00   0.000000e+00   1.671582e-03   0.000000e+00   0.000000e+00   1.629471e-03   7.274015e-03   2.128457e-01   0.000000e+00
-2.208970e-04   5.627420e-05   0.000000e+00  -4.512271e-04   3.019314e-04   0.000000e+00   0.000000e+00   0.000000e+00   4.199456e-02

# timestamp: 1774889201.6597571
 8.874543e-04  -4.082845e-06   0.000000e+00   2.389970e-04  -7.113618e-06   0.000000e+00   0.000000e+00   0.000000e+00  -2.331651e-04
-4.082845e-06   9.181563e-04   0.000000e+00  -5.906105e-06   2.830055e-04   0.000000e+00   0.000000e+00   0.000000e+00   6.459409e-05
 0.000000e+00   0.000000e+00   1.015956e-03   0.000000e+00   0.000000e+00   4.184635e-04   4.457048e-04   1.713572e-03   0.000000e+00
 2.389970e-04  -5.906105e-06   0.000000e+00   3.954625e-04  -1.151393e-05   0.000000e+00   0.000000e+00   0.000000e+00  -4.825786e-04
-7.113618e-06   2.830055e-04   0.000000e+00  -1.151393e-05   4.569798e-04   0.000000e+00   0.000000e+00   0.000000e+00   3.361884e-04
 0.000000e+00   0.000000e+00   4.184635e-04   0.000000e+00   0.000000e+00   6.521075e-04   7.795858e-04   1.466833e-03   0.000000e+00
 0.000000e+00   0.000000e+00   4.457048e-04   0.000000e+00   0.000000e+00   7.795858e-04   4.589951e-02   7.274015e-03   0.000000e+00
 0.000000e+00   0.000000e+00   1.713572e-03   0.000000e+00   0.000000e+00   1.466833e-03   7.274015e-03   2.155065e-01   0.000000e+00
-2.331651e-04   6.459409e-05   0.000000e+00  -4.825786e-04   3.361884e-04   0.000000e+00   0.000000e+00   0.000000e+00   4.465538e-02

# timestamp: 1774889201.7143214
 8.433411e-04  -3.730606e-06   0.000000e+00   2.272548e-04  -6.763042e-06   0.000000e+00   0.000000e+00   0.000000e+00  -2.103844e-04
-3.730606e-06   8.699691e-04   0.000000e+00  -5.834306e-06   2.670286e-04   0.000000e+00   0.000000e+00   0.000000e+00   8.982362e-05
 0.000000e+00   0.000000e+00   9.495898e-04   0.000000e+00   0.000000e+00   3.810532e-04   3.489155e-04   1.285494e-03   0.000000e+00
 2.272548e-04  -5.834306e-06   0.000000e+00   3.924684e-04  -1.177372e-05   0.000000e+00   0.000000e+00   0.000000e+00  -4.538144e-04
-6.763042e-06   2.670286e-04   0.000000e+00  -1.177372e-05   4.502069e-04   0.000000e+00   0.000000e+00   0.000000e+00   3.556813e-04
 0.000000e+00   0.000000e+00   3.810532e-04   0.000000e+00   0.000000e+00   6.223334e-04   6.552863e-04   7.673970e-04   0.000000e+00
 0.000000e+00   0.000000e+00   3.489155e-04   0.000000e+00   0.000000e+00   6.552863e-04   4.245646e-02   4.346826e-03   0.000000e+00
 0.000000e+00   0.000000e+00   1.285494e-03   0.000000e+00   0.000000e+00   7.673970e-04   4.346826e-03   2.204657e-01   0.000000e+00
-2.103844e-04   8.982362e-05   0.000000e+00  -4.538144e-04   3.556813e-04   0.000000e+00   0.000000e+00   0.000000e+00   4.173838e-02

# timestamp: 1774889201.9629977
 8.840056e-04  -4.120445e-06   0.000000e+00   2.388558e-04  -7.770705e-06   0.000000e+00   0.000000e+00   0.000000e+00  -2.392763e-04
-4.120445e-06   9.092035e-04   0.000000e+00  -6.544402e-06   2.749581e-04   0.000000e+00   0.000000e+00   0.000000e+00   1.221950e-04
 0.000000e+00   0.000000e+00   9.812172e-04   0.000000e+00   0.000000e+00   3.704457e-04   3.504407e-04   8.095230e-04   0.000000e+00
 2.388558e-04  -6.544402e-06   0.000000e+00   3.971241e-04  -1.416007e-05   0.000000e+00   0.000000e+00   0.000000e+00  -4.905731e-04
-7.770705e-06   2.749581e-04   0.000000e+00  -1.416007e-05   4.481811e-04   0.000000e+00   0.000000e+00   0.000000e+00   4.667530e-04
 0.000000e+00   0.000000e+00   3.704457e-04   0.000000e+00   0.000000e+00   5.944469e-04   5.613206e-04  -9.188645e-04   0.000000e+00
 0.000000e+00   0.000000e+00   3.504407e-04   0.000000e+00   0.000000e+00   5.613206e-04   4.537884e-02   1.068533e-02   0.000000e+00
 0.000000e+00   0.000000e+00   8.095230e-04   0.000000e+00   0.000000e+00  -9.188645e-04   1.068533e-02   2.396648e-01   0.000000e+00
-2.392763e-04   1.221950e-04   0.000000e+00  -4.905731e-04   4.667530e-04   0.000000e+00   0.000000e+00   0.000000e+00   4.448860e-02

# timestamp: 1774889202.0074186
 8.695474e-04  -3.339403e-06   0.000000e+00   2.290589e-04  -1.455847e-06   0.000000e+00   0.000000e+00   0.000000e+00   3.728630e-04
-3.339403e-06   8.907952e-04   0.000000e+00  -5.095084e-06   2.673839e-04   0.000000e+00   0.000000e+00   0.000000e+00  -1.568970e-06
 0.000000e+00   0.000000e+00   9.630560e-04   0.000000e+00   0.000000e+00   3.500458e-04  -3.059991e-04   1.201742e-03   0.000000e+00
 2.290589e-04  -5.095084e-06   0.000000e+00   3.930028e-04  -1.227143e-05   0.000000e+00   0.000000e+00   0.000000e+00  -3.162543e-04
-1.455847e-06   2.673839e-04   0.000000e+00  -1.227143e-05   4.445965e-04   0.000000e+00   0.000000e+00   0.000000e+00   4.261351e-04
 0.000000e+00   0.000000e+00   3.500458e-04   0.000000e+00   0.000000e+00   5.807354e-04   2.661663e-04  -1.007327e-03   0.000000e+00
 0.000000e+00   0.000000e+00  -3.059991e-04   0.000000e+00   0.000000e+00   2.661663e-04   4.455689e-02   1.389334e-02   0.000000e+00
 0.000000e+00   0.000000e+00   1.201742e-03   0.000000e+00   0.000000e+00  -1.007327e-03   1.389334e-02   2.418114e-01   0.000000e+00
 3.728630e-04  -1.568970e-06   0.000000e+00  -3.162543e-04   4.261351e-04   0.000000e+00   0.000000e+00   0.000000e+00   4.327950e-02

# timestamp: 1774889202.0373673
 8.520448e-04  -3.817890e-06   0.000000e+00   2.302812e-04  -7.492985e-06   0.000000e+00   0.000000e+00   0.000000e+00  -2.128345e-04
-3.817890e-06   8.743640e-04   0.000000e+00  -6.359039e-06   2.631562e-04   0.000000e+00   0.000000e+00   0.000000e+00   1.179461e-04
 0.000000e+00   0.000000e+00   9.364014e-04   0.000000e+00   0.000000e+00   3.479740e-04   3.134210e-04   5.883851e-04   0.000000e+00
 2.302812e-04  -6.359039e-06   0.000000e+00   3.949313e-04  -1.435885e-05   0.000000e+00   0.000000e+00   0.000000e+00  -4.614962e-04
-7.492985e-06   2.631562e-04   0.000000e+00  -1.435885e-05   4.429561e-04   0.000000e+00   0.000000e+00   0.000000e+00   4.593391e-04
 0.000000e+00   0.000000e+00   3.479740e-04   0.000000e+00   0.000000e+00   5.820539e-04   4.429945e-04  -1.407502e-03   0.000000e+00
 0.000000e+00   0.000000e+00   3.134210e-04   0.000000e+00   0.000000e+00   4.429945e-04   4.418356e-02   1.774296e-02   0.000000e+00
 0.000000e+00   0.000000e+00   5.883851e-04   0.000000e+00   0.000000e+00  -1.407502e-03   1.774296e-02   2.419110e-01   0.000000e+00
-2.128345e-04   1.179461e-04   0.000000e+00  -4.614962e-04   4.593391e-04   0.000000e+00   0.000000e+00   0.000000e+00   4.230167e-02

# timestamp: 1774889202.276405
 9.065226e-04  -4.539506e-06   0.000000e+00   2.457095e-04  -8.907346e-06   0.000000e+00   0.000000e+00   0.000000e+00  -2.392800e-04
-4.539506e-06   9.280444e-04   0.000000e+00  -7.512408e-06   2.758448e-04   0.000000e+00   0.000000e+00   0.000000e+00   1.438566e-04
 0.000000e+00   0.000000e+00   9.868239e-04   0.000000e+00   0.000000e+00   3.557154e-04   2.844714e-04   3.032194e-05   0.000000e+00
 2.457095e-04  -7.512408e-06   0.000000e+00   4.006896e-04  -1.693076e-05   0.000000e+00   0.000000e+00   0.000000e+00  -5.101260e-04
-8.907346e-06   2.758448e-04   0.000000e+00  -1.693076e-05   4.434591e-04   0.000000e+00   0.000000e+00   0.000000e+00   5.379109e-04
 0.000000e+00   0.000000e+00   3.557154e-04   0.000000e+00   0.000000e+00   5.871872e-04   2.135267e-04  -2.852696e-03   0.000000e+00
 0.000000e+00   0.000000e+00   2.844714e-04   0.000000e+00   0.000000e+00   2.135267e-04   5.063080e-02   3.043114e-02   0.000000e+00
 0.000000e+00   0.000000e+00   3.032194e-05   0.000000e+00   0.000000e+00  -2.852696e-03   3.043114e-02   2.561244e-01   0.000000e+00
-2.392800e-04   1.438566e-04   0.000000e+00  -5.101260e-04   5.379109e-04   0.000000e+00   0.000000e+00   0.000000e+00   4.598304e-02

# timestamp: 1774889202.3087492
 8.868628e-04  -3.304188e-06   0.000000e+00   2.344073e-04  -1.719538e-06   0.000000e+00   0.000000e+00   0.000000e+00   3.503768e-04
-3.304188e-06   9.047315e-04   0.000000e+00  -6.010462e-06   2.672178e-04   0.000000e+00   0.000000e+00   0.000000e+00   3.394273e-05
 0.000000e+00   0.000000e+00   9.614133e-04   0.000000e+00   0.000000e+00   3.369665e-04  -3.641144e-04   1.085482e-04   0.000000e+00
 2.344073e-04  -6.010462e-06   0.000000e+00   3.960864e-04  -1.472232e-05   0.000000e+00   0.000000e+00   0.000000e+00  -3.403704e-04
-1.719538e-06   2.672178e-04   0.000000e+00  -1.472232e-05   4.398058e-04   0.000000e+00   0.000000e+00   0.000000e+00   4.913355e-04
 0.000000e+00   0.000000e+00   3.369665e-04   0.000000e+00   0.000000e+00   5.793285e-04  -7.061228e-05  -3.030562e-03   0.000000e+00
 0.000000e+00   0.000000e+00  -3.641144e-04   0.000000e+00   0.000000e+00  -7.061228e-05   4.947677e-02   3.180335e-02   0.000000e+00
 0.000000e+00   0.000000e+00   1.085482e-04   0.000000e+00   0.000000e+00  -3.030562e-03   3.180335e-02   2.594148e-01   0.000000e+00
 3.503768e-04   3.394273e-05   0.000000e+00  -3.403704e-04   4.913355e-04   0.000000e+00   0.000000e+00   0.000000e+00   4.456033e-02

# timestamp: 1774889202.3388011
 8.559176e-04  -4.186706e-06   0.000000e+00   2.322585e-04  -8.608992e-06   0.000000e+00   0.000000e+00   0.000000e+00  -2.556847e-04
-4.186706e-06   8.736768e-04   0.000000e+00  -7.160241e-06   2.588864e-04   0.000000e+00   0.000000e+00   0.000000e+00   1.351469e-04
 0.000000e+00   0.000000e+00   9.241157e-04   0.000000e+00   0.000000e+00   3.320995e-04   2.696866e-04  -1.577610e-04   0.000000e+00
 2.322585e-04  -7.160241e-06   0.000000e+00   3.971093e-04  -1.684993e-05   0.000000e+00   0.000000e+00   0.000000e+00  -4.845980e-04
-8.608992e-06   2.588864e-04   0.000000e+00  -1.684993e-05   4.371608e-04   0.000000e+00   0.000000e+00   0.000000e+00   5.055408e-04
 0.000000e+00   0.000000e+00   3.320995e-04   0.000000e+00   0.000000e+00   5.826594e-04   9.815297e-05  -3.293083e-03   0.000000e+00
 0.000000e+00   0.000000e+00   2.696866e-04   0.000000e+00   0.000000e+00   9.815297e-05   4.769688e-02   3.309976e-02   0.000000e+00
 0.000000e+00   0.000000e+00  -1.577610e-04   0.000000e+00   0.000000e+00  -3.293083e-03   3.309976e-02   2.619568e-01   0.000000e+00
-2.556847e-04   1.351469e-04   0.000000e+00  -4.845980e-04   5.055408e-04   0.000000e+00   0.000000e+00   0.000000e+00   4.254615e-02

# timestamp: 1774889202.356277
 8.838949e-04  -4.493970e-06   0.000000e+00   2.399679e-04  -9.092939e-06   0.000000e+00   0.000000e+00   0.000000e+00  -2.650360e-04
-4.493970e-06   9.026801e-04   0.000000e+00  -7.557284e-06   2.673089e-04   0.000000e+00   0.000000e+00   0.000000e+00   1.449222e-04
 0.000000e+00   0.000000e+00   9.559566e-04   0.000000e+00   0.000000e+00   3.434853e-04   2.715827e-04  -2.212511e-04   0.000000e+00
 2.399679e-04  -7.557284e-06   0.000000e+00   3.995226e-04  -1.742150e-05   0.000000e+00   0.000000e+00   0.000000e+00  -5.072578e-04
-9.092939e-06   2.673089e-04   0.000000e+00  -1.742150e-05   4.396958e-04   0.000000e+00   0.000000e+00   0.000000e+00   5.323344e-04
 0.000000e+00   0.000000e+00   3.434853e-04   0.000000e+00   0.000000e+00   5.887793e-04   1.032353e-04  -3.436933e-03   0.000000e+00
 0.000000e+00   0.000000e+00   2.715827e-04   0.000000e+00   0.000000e+00   1.032353e-04   4.959729e-02   3.309976e-02   0.000000e+00
 0.000000e+00   0.000000e+00  -2.212511e-04   0.000000e+00   0.000000e+00  -3.436933e-03   3.309976e-02   2.638572e-01   0.000000e+00
-2.650360e-04   1.449222e-04   0.000000e+00  -5.072578e-04   5.323344e-04   0.000000e+00   0.000000e+00   0.000000e+00   4.444657e-02

# timestamp: 1774889202.3850844
 7.670449e-04  -3.262782e-06   0.000000e+00   2.078976e-04  -7.283003e-06   0.000000e+00   0.000000e+00   0.000000e+00  -1.847496e-04
-3.262782e-06   7.812385e-04   0.000000e+00  -6.189637e-06   2.310053e-04   0.000000e+00   0.000000e+00   0.000000e+00   1.030681e-04
 0.000000e+00   0.000000e+00   8.203169e-04   0.000000e+00   0.000000e+00   2.944122e-04   1.771295e-04  -2.314365e-04   0.000000e+00
 2.078976e-04  -6.189637e-06   0.000000e+00   3.900305e-04  -1.587117e-05   0.000000e+00   0.000000e+00   0.000000e+00  -4.099780e-04
-7.283003e-06   2.310053e-04   0.000000e+00  -1.587117e-05   4.277846e-04   0.000000e+00   0.000000e+00   0.000000e+00   4.357876e-04
 0.000000e+00   0.000000e+00   2.944122e-04   0.000000e+00   0.000000e+00   5.719076e-04  -5.420965e-06  -3.532544e-03   0.000000e+00
 0.000000e+00   0.000000e+00   1.771295e-04   0.000000e+00   0.000000e+00  -5.420965e-06   4.139262e-02   3.223816e-02   0.000000e+00
 0.000000e+00   0.000000e+00  -2.314365e-04   0.000000e+00   0.000000e+00  -3.532544e-03   3.223816e-02   2.650622e-01   0.000000e+00
-1.847496e-04   1.030681e-04   0.000000e+00  -4.099780e-04   4.357876e-04   0.000000e+00   0.000000e+00   0.000000e+00   3.673058e-02

# timestamp: 1774889202.6323538
 8.611644e-04  -4.367442e-06   0.000000e+00   2.343464e-04  -9.189085e-06   0.000000e+00   0.000000e+00   0.000000e+00  -1.604094e-04
-4.367442e-06   8.769997e-04   0.000000e+00  -8.114983e-06   2.573470e-04   0.000000e+00   0.000000e+00   0.000000e+00   1.324064e-04
 0.000000e+00   0.000000e+00   9.229350e-04   0.000000e+00   0.000000e+00   3.401689e-04   7.777741e-05  -1.171832e-03   0.000000e+00
 2.343464e-04  -8.114983e-06   0.000000e+00   3.992457e-04  -1.946649e-05   0.000000e+00   0.000000e+00   0.000000e+00  -4.785809e-04
-9.189085e-06   2.573470e-04   0.000000e+00  -1.946649e-05   4.343832e-04   0.000000e+00   0.000000e+00   0.000000e+00   5.584941e-04
 0.000000e+00   0.000000e+00   3.401689e-04   0.000000e+00   0.000000e+00   6.378176e-04   5.047291e-05  -5.719241e-03   0.000000e+00
 0.000000e+00   0.000000e+00   7.777741e-05   0.000000e+00   0.000000e+00   5.047291e-05   4.507569e-02   1.987147e-02   0.000000e+00
 0.000000e+00   0.000000e+00  -1.171832e-03   0.000000e+00   0.000000e+00  -5.719241e-03   1.987147e-02   2.837648e-01   0.000000e+00
-1.604094e-04   1.324064e-04   0.000000e+00  -4.785809e-04   5.584941e-04   0.000000e+00   0.000000e+00   0.000000e+00   4.322839e-02

# timestamp: 1774889202.6531289
 8.939673e-04  -4.762786e-06   0.000000e+00   2.433450e-04  -9.759405e-06   0.000000e+00   0.000000e+00   0.000000e+00  -1.712234e-04
-4.762786e-06   9.108414e-04   0.000000e+00  -8.635000e-06   2.671414e-04   0.000000e+00   0.000000e+00   0.000000e+00   1.450612e-04
 0.000000e+00   0.000000e+00   9.605681e-04   0.000000e+00   0.000000e+00   3.554720e-04   7.898055e-05  -1.300359e-03   0.000000e+00
 2.433450e-04  -8.635000e-06   0.000000e+00   4.020424e-04  -2.019434e-05   0.000000e+00   0.000000e+00   0.000000e+00  -5.048159e-04
-9.759405e-06   2.671414e-04   0.000000e+00  -2.019434e-05   4.375168e-04   0.000000e+00   0.000000e+00   0.000000e+00   5.939570e-04
 0.000000e+00   0.000000e+00   3.554720e-04   0.000000e+00   0.000000e+00   6.493444e-04   6.203309e-05  -5.933798e-03   0.000000e+00
 0.000000e+00   0.000000e+00   7.898055e-05   0.000000e+00   0.000000e+00   6.203309e-05   4.729563e-02   1.987147e-02   0.000000e+00
 0.000000e+00   0.000000e+00  -1.300359e-03   0.000000e+00   0.000000e+00  -5.933798e-03   1.987147e-02   2.859847e-01   0.000000e+00
-1.712234e-04   1.450612e-04   0.000000e+00  -5.048159e-04   5.939570e-04   0.000000e+00   0.000000e+00   0.000000e+00   4.544833e-02

# timestamp: 1774889202.6715448
 9.130694e-04  -5.002045e-06   0.000000e+00   2.485658e-04  -1.009991e-05   0.000000e+00   0.000000e+00   0.000000e+00  -1.777370e-04
-5.002045e-06   9.305587e-04   0.000000e+00  -8.945989e-06   2.728264e-04   0.000000e+00   0.000000e+00   0.000000e+00   1.527337e-04
 0.000000e+00   0.000000e+00   9.825858e-04   0.000000e+00   0.000000e+00   3.644640e-04   7.979762e-05  -1.376733e-03   0.000000e+00
 2.485658e-04  -8.945989e-06   0.000000e+00   4.036698e-04  -2.063338e-05   0.000000e+00   0.000000e+00   0.000000e+00  -5.205195e-04
-1.009991e-05   2.728264e-04   0.000000e+00  -2.063338e-05   4.393503e-04   0.000000e+00   0.000000e+00   0.000000e+00   6.151842e-04
 0.000000e+00   0.000000e+00   3.644640e-04   0.000000e+00   0.000000e+00   6.561543e-04   6.927267e-05  -6.058321e-03   0.000000e+00
 0.000000e+00   0.000000e+00   7.979762e-05   0.000000e+00   0.000000e+00   6.927267e-05   4.857603e-02   1.987147e-02   0.000000e+00
 0.000000e+00   0.000000e+00  -1.376733e-03   0.000000e+00   0.000000e+00  -6.058321e-03   1.987147e-02   2.872651e-01   0.000000e+00
-1.777370e-04   1.527337e-04   0.000000e+00  -5.205195e-04   6.151842e-04   0.000000e+00   0.000000e+00   0.000000e+00   4.672874e-02

# timestamp: 1774889202.724205
 8.447526e-04  -4.293707e-06   0.000000e+00   2.299175e-04  -9.156724e-06   0.000000e+00   0.000000e+00   0.000000e+00  -1.401798e-04
-4.293707e-06   8.593092e-04   0.000000e+00  -8.194144e-06   2.514334e-04   0.000000e+00   0.000000e+00   0.000000e+00   1.274694e-04
 0.000000e+00   0.000000e+00   9.041539e-04   0.000000e+00   0.000000e+00   3.394777e-04   9.138742e-05  -1.443989e-03   0.000000e+00
 2.299175e-04  -8.194144e-06   0.000000e+00   3.982300e-04  -1.998356e-05   0.000000e+00   0.000000e+00   0.000000e+00  -4.608564e-04
-9.156724e-06   2.514334e-04   0.000000e+00  -1.998356e-05   4.320862e-04   0.000000e+00   0.000000e+00   0.000000e+00   5.586958e-04
 0.000000e+00   0.000000e+00   3.394777e-04   0.000000e+00   0.000000e+00   6.613768e-04   2.385559e-04  -6.370100e-03   0.000000e+00
 0.000000e+00   0.000000e+00   9.138742e-05   0.000000e+00   0.000000e+00   2.385559e-04   4.265891e-02   8.449563e-03   0.000000e+00
 0.000000e+00   0.000000e+00  -1.443989e-03   0.000000e+00   0.000000e+00  -6.370100e-03   8.449563e-03   2.807580e-01   0.000000e+00
-1.401798e-04   1.274694e-04   0.000000e+00  -4.608564e-04   5.586958e-04   0.000000e+00   0.000000e+00   0.000000e+00   4.199497e-02

# timestamp: 1774889202.9419827
 8.825465e-04  -5.083763e-06   0.000000e+00   2.405810e-04  -1.041330e-05   0.000000e+00   0.000000e+00   0.000000e+00  -1.346350e-04
-5.083763e-06   8.967582e-04   0.000000e+00  -9.540563e-06   2.612580e-04   0.000000e+00   0.000000e+00   0.000000e+00   1.485741e-04
 0.000000e+00   0.000000e+00   9.521759e-04   0.000000e+00   0.000000e+00   3.808590e-04   2.726286e-04  -2.211419e-03   0.000000e+00
 2.405810e-04  -9.540563e-06   0.000000e+00   4.019331e-04  -2.244202e-05   0.000000e+00   0.000000e+00   0.000000e+00  -4.745403e-04
-1.041330e-05   2.612580e-04   0.000000e+00  -2.244202e-05   4.351859e-04   0.000000e+00   0.000000e+00   0.000000e+00   6.389682e-04
 0.000000e+00   0.000000e+00   3.808590e-04   0.000000e+00   0.000000e+00   7.489512e-04   9.687584e-04  -7.816605e-03   0.000000e+00
 0.000000e+00   0.000000e+00   2.726286e-04   0.000000e+00   0.000000e+00   9.687584e-04   4.658101e-02  -1.679055e-02   0.000000e+00
 0.000000e+00   0.000000e+00  -2.211419e-03   0.000000e+00   0.000000e+00  -7.816605e-03  -1.679055e-02   2.664110e-01   0.000000e+00
-1.346350e-04   1.485741e-04   0.000000e+00  -4.745403e-04   6.389682e-04   0.000000e+00   0.000000e+00   0.000000e+00   4.461550e-02

# timestamp: 1774889202.9565644
 9.036334e-04  -5.371725e-06   0.000000e+00   2.463459e-04  -1.081302e-05   0.000000e+00   0.000000e+00   0.000000e+00  -1.414187e-04
-5.371725e-06   9.184386e-04   0.000000e+00  -9.914313e-06   2.675363e-04   0.000000e+00   0.000000e+00   0.000000e+00   1.577247e-04
 0.000000e+00   0.000000e+00   9.773209e-04   0.000000e+00   0.000000e+00   3.929368e-04   2.864565e-04  -2.322817e-03   0.000000e+00
 2.463459e-04  -9.914313e-06   0.000000e+00   4.036850e-04  -2.294277e-05   0.000000e+00   0.000000e+00   0.000000e+00  -4.903418e-04
-1.081302e-05   2.675363e-04   0.000000e+00  -2.294277e-05   4.373482e-04   0.000000e+00   0.000000e+00   0.000000e+00   6.650403e-04
 0.000000e+00   0.000000e+00   3.929368e-04   0.000000e+00   0.000000e+00   7.600597e-04   9.948210e-04  -7.975048e-03   0.000000e+00
 0.000000e+00   0.000000e+00   2.864565e-04   0.000000e+00   0.000000e+00   9.948210e-04   4.799920e-02  -1.679055e-02   0.000000e+00
 0.000000e+00   0.000000e+00  -2.322817e-03   0.000000e+00   0.000000e+00  -7.975048e-03  -1.679055e-02   2.678292e-01   0.000000e+00
-1.414187e-04   1.577247e-04   0.000000e+00  -4.903418e-04   6.650403e-04   0.000000e+00   0.000000e+00   0.000000e+00   4.603369e-02

# timestamp: 1774889202.9915292
 7.991264e-04  -4.177064e-06   0.000000e+00   2.177264e-04  -9.205947e-06   0.000000e+00   0.000000e+00   0.000000e+00  -1.043429e-04
-4.177064e-06   8.105273e-04   0.000000e+00  -8.465648e-06   2.357514e-04   0.000000e+00   0.000000e+00   0.000000e+00   1.184971e-04
 0.000000e+00   0.000000e+00   8.570084e-04   0.000000e+00   0.000000e+00   3.474198e-04   3.121645e-04  -2.077048e-03   0.000000e+00
 2.177264e-04  -8.465648e-06   0.000000e+00   3.951661e-04  -2.139599e-05   0.000000e+00   0.000000e+00   0.000000e+00  -4.080053e-04
-9.205947e-06   2.357514e-04   0.000000e+00  -2.139599e-05   4.267711e-04   0.000000e+00   0.000000e+00   0.000000e+00   5.631608e-04
 0.000000e+00   0.000000e+00   3.474198e-04   0.000000e+00   0.000000e+00   7.503877e-04   1.206671e-03  -7.911886e-03   0.000000e+00
 0.000000e+00   0.000000e+00   3.121645e-04   0.000000e+00   0.000000e+00   1.206671e-03   4.256180e-02  -2.575524e-02   0.000000e+00
 0.000000e+00   0.000000e+00  -2.077048e-03   0.000000e+00   0.000000e+00  -7.911886e-03  -2.575524e-02   2.592282e-01   0.000000e+00
-1.043429e-04   1.184971e-04   0.000000e+00  -4.080053e-04   5.631608e-04   0.000000e+00   0.000000e+00   0.000000e+00   3.893179e-02

# timestamp: 1774889203.015408
 8.462424e-04  -4.777701e-06   0.000000e+00   2.307433e-04  -1.006938e-05   0.000000e+00   0.000000e+00   0.000000e+00  -1.179835e-04
-4.777701e-06   8.588518e-04   0.000000e+00  -9.274530e-06   2.498997e-04   0.000000e+00   0.000000e+00   0.000000e+00   1.374721e-04
 0.000000e+00   0.000000e+00   9.130179e-04   0.000000e+00   0.000000e+00   3.755260e-04   3.522351e-04  -2.338872e-03   0.000000e+00
 2.307433e-04  -9.274530e-06   0.000000e+00   3.990742e-04  -2.243589e-05   0.000000e+00   0.000000e+00   0.000000e+00  -4.397096e-04
-1.006938e-05   2.498997e-04   0.000000e+00  -2.243589e-05   4.316504e-04   0.000000e+00   0.000000e+00   0.000000e+00   6.195794e-04
 0.000000e+00   0.000000e+00   3.755260e-04   0.000000e+00   0.000000e+00   7.778519e-04   1.276615e-03  -8.291301e-03   0.000000e+00
 0.000000e+00   0.000000e+00   3.522351e-04   0.000000e+00   0.000000e+00   1.276615e-03   4.581471e-02  -2.575524e-02   0.000000e+00
 0.000000e+00   0.000000e+00  -2.338872e-03   0.000000e+00   0.000000e+00  -8.291301e-03  -2.575524e-02   2.624811e-01   0.000000e+00
-1.179835e-04   1.374721e-04   0.000000e+00  -4.397096e-04   6.195794e-04   0.000000e+00   0.000000e+00   0.000000e+00   4.218470e-02

# timestamp: 1774889203.033498
 8.674480e-04  -5.062401e-06   0.000000e+00   2.365698e-04  -1.047043e-05   0.000000e+00   0.000000e+00   0.000000e+00  -1.243909e-04
-5.062401e-06   8.806182e-04   0.000000e+00  -9.650067e-06   2.562446e-04   0.000000e+00   0.000000e+00   0.000000e+00   1.465200e-04
 0.000000e+00   0.000000e+00   9.384988e-04   0.000000e+00   0.000000e+00   3.884337e-04   3.707983e-04  -2.459307e-03   0.000000e+00
 2.365698e-04  -9.650067e-06   0.000000e+00   4.008266e-04  -2.292652e-05   0.000000e+00   0.000000e+00   0.000000e+00  -4.545733e-04
-1.047043e-05   2.562446e-04   0.000000e+00  -2.292652e-05   4.338692e-04   0.000000e+00   0.000000e+00   0.000000e+00   6.460297e-04
 0.000000e+00   0.000000e+00   3.884337e-04   0.000000e+00   0.000000e+00   7.904249e-04   1.308469e-03  -8.461254e-03   0.000000e+00
 0.000000e+00   0.000000e+00   3.707983e-04   0.000000e+00   0.000000e+00   1.308469e-03   4.725993e-02  -2.575524e-02   0.000000e+00
 0.000000e+00   0.000000e+00  -2.459307e-03   0.000000e+00   0.000000e+00  -8.461254e-03  -2.575524e-02   2.639264e-01   0.000000e+00
-1.243909e-04   1.465200e-04   0.000000e+00  -4.545733e-04   6.460297e-04   0.000000e+00   0.000000e+00   0.000000e+00   4.362992e-02

# timestamp: 1774889203.2841032
 7.934905e-04  -4.594322e-06   0.000000e+00   2.163278e-04  -1.008329e-05   0.000000e+00   0.000000e+00   0.000000e+00  -9.241222e-05
-4.594322e-06   8.034321e-04   0.000000e+00  -9.420134e-06   2.330317e-04   0.000000e+00   0.000000e+00   0.000000e+00   1.287304e-04
 0.000000e+00   0.000000e+00   8.672860e-04   0.000000e+00   0.000000e+00   4.033691e-04   6.557644e-04  -3.030391e-03   0.000000e+00
 2.163278e-04  -9.420134e-06   0.000000e+00   3.949082e-04  -2.373657e-05   0.000000e+00   0.000000e+00   0.000000e+00  -3.811770e-04
-1.008329e-05   2.330317e-04   0.000000e+00  -2.373657e-05   4.278480e-04   0.000000e+00   0.000000e+00   0.000000e+00   6.266656e-04
 0.000000e+00   0.000000e+00   4.033691e-04   0.000000e+00   0.000000e+00   9.318962e-04   2.311739e-03  -1.040874e-02   0.000000e+00
 0.000000e+00   0.000000e+00   6.557644e-04   0.000000e+00   0.000000e+00   2.311739e-03   4.823933e-02  -4.626086e-02   0.000000e+00
 0.000000e+00   0.000000e+00  -3.030391e-03   0.000000e+00   0.000000e+00  -1.040874e-02  -4.626086e-02   2.638873e-01   0.000000e+00
-9.241222e-05   1.287304e-04   0.000000e+00  -3.811770e-04   6.266656e-04   0.000000e+00   0.000000e+00   0.000000e+00   3.841536e-02

# timestamp: 1774889203.3125358
 8.420000e-04  -5.277721e-06   0.000000e+00   2.297412e-04  -1.104676e-05   0.000000e+00   0.000000e+00   0.000000e+00  -1.054670e-04
-5.277721e-06   8.531021e-04   0.000000e+00  -1.033507e-05   2.477088e-04   0.000000e+00   0.000000e+00   0.000000e+00   1.503007e-04
 0.000000e+00   0.000000e+00   9.290485e-04   0.000000e+00   0.000000e+00   4.406556e-04   7.342713e-04  -3.383461e-03   0.000000e+00
 2.297412e-04  -1.033507e-05   0.000000e+00   3.988618e-04  -2.484666e-05   0.000000e+00   0.000000e+00   0.000000e+00  -4.120650e-04
-1.104676e-05   2.477088e-04   0.000000e+00  -2.484666e-05   4.332376e-04   0.000000e+00   0.000000e+00   0.000000e+00   6.898973e-04
 0.000000e+00   0.000000e+00   4.406556e-04   0.000000e+00   0.000000e+00   9.717005e-04   2.421567e-03  -1.085550e-02   0.000000e+00
 0.000000e+00   0.000000e+00   7.342713e-04   0.000000e+00   0.000000e+00   2.421567e-03   5.159402e-02  -4.626086e-02   0.000000e+00
 0.000000e+00   0.000000e+00  -3.383461e-03   0.000000e+00   0.000000e+00  -1.085550e-02  -4.626086e-02   2.672420e-01   0.000000e+00
-1.054670e-04   1.503007e-04   0.000000e+00  -4.120650e-04   6.898973e-04   0.000000e+00   0.000000e+00   0.000000e+00   4.177005e-02

# timestamp: 1774889203.3379076
 8.824684e-04  -5.887559e-06   0.000000e+00   2.408401e-04  -1.188341e-05   0.000000e+00   0.000000e+00   0.000000e+00  -1.170808e-04
-5.887559e-06   8.945883e-04   0.000000e+00  -1.112944e-05   2.599030e-04   0.000000e+00   0.000000e+00   0.000000e+00   1.698472e-04
 0.000000e+00   0.000000e+00   9.816641e-04   0.000000e+00   0.000000e+00   4.727723e-04   8.018522e-04  -3.685998e-03   0.000000e+00
 2.408401e-04  -1.112944e-05   0.000000e+00   4.021409e-04  -2.583051e-05   0.000000e+00   0.000000e+00   0.000000e+00  -4.390094e-04
-1.188341e-05   2.599030e-04   0.000000e+00  -2.583051e-05   4.378088e-04   0.000000e+00   0.000000e+00   0.000000e+00   7.450557e-04
 0.000000e+00   0.000000e+00   4.727723e-04   0.000000e+00   0.000000e+00   1.005513e-03   2.513269e-03  -1.122527e-02   0.000000e+00
 0.000000e+00   0.000000e+00   8.018522e-04   0.000000e+00   0.000000e+00   2.513269e-03   5.434595e-02  -4.626086e-02   0.000000e+00
 0.000000e+00   0.000000e+00  -3.685998e-03   0.000000e+00   0.000000e+00  -1.122527e-02  -4.626086e-02   2.699939e-01   0.000000e+00
-1.170808e-04   1.698472e-04   0.000000e+00  -4.390094e-04   7.450557e-04   0.000000e+00   0.000000e+00   0.000000e+00   4.452198e-02

# timestamp: 1774889203.3534596
 9.110236e-04  -6.339465e-06   0.000000e+00   2.486298e-04  -1.249167e-05   0.000000e+00   0.000000e+00   0.000000e+00  -1.256223e-04
-6.339465e-06   9.238890e-04   0.000000e+00  -1.170671e-05   2.684881e-04   0.000000e+00   0.000000e+00   0.000000e+00   1.843870e-04
 0.000000e+00   0.000000e+00   1.019382e-03   0.000000e+00   0.000000e+00   4.959599e-04   8.504488e-04  -3.902861e-03   0.000000e+00
 2.486298e-04  -1.170671e-05   0.000000e+00   4.044455e-04  -2.655732e-05   0.000000e+00   0.000000e+00   0.000000e+00  -4.587772e-04
-1.249167e-05   2.684881e-04   0.000000e+00  -2.655732e-05   4.410780e-04   0.000000e+00   0.000000e+00   0.000000e+00   7.855230e-04
 0.000000e+00   0.000000e+00   4.959599e-04   0.000000e+00   0.000000e+00   1.029693e-03   2.578150e-03  -1.148492e-02   0.000000e+00
 0.000000e+00   0.000000e+00   8.504488e-04   0.000000e+00   0.000000e+00   2.578150e-03   5.626312e-02  -4.626086e-02   0.000000e+00
 0.000000e+00   0.000000e+00  -3.902861e-03   0.000000e+00   0.000000e+00  -1.148492e-02  -4.626086e-02   2.719111e-01   0.000000e+00
-1.256223e-04   1.843870e-04   0.000000e+00  -4.587772e-04   7.855230e-04   0.000000e+00   0.000000e+00   0.000000e+00   4.643915e-02

# timestamp: 1774889203.6259391
 8.665603e-04  -6.186695e-06   0.000000e+00   2.365524e-04  -1.285625e-05   0.000000e+00   0.000000e+00   0.000000e+00  -1.319759e-04
-6.186695e-06   8.771784e-04   0.000000e+00  -1.198298e-05   2.548061e-04   0.000000e+00   0.000000e+00   0.000000e+00   1.616358e-04
 0.000000e+00   0.000000e+00   9.974642e-04   0.000000e+00   0.000000e+00   5.564004e-04   1.367610e-03  -4.571738e-03   0.000000e+00
 2.365524e-04  -1.198298e-05   0.000000e+00   4.011298e-04  -2.812892e-05   0.000000e+00   0.000000e+00   0.000000e+00  -4.347288e-04
-1.285625e-05   2.548061e-04   0.000000e+00  -2.812892e-05   4.391300e-04   0.000000e+00   0.000000e+00   0.000000e+00   7.683075e-04
 0.000000e+00   0.000000e+00   5.564004e-04   0.000000e+00   0.000000e+00   1.236410e-03   3.987227e-03  -1.330864e-02   0.000000e+00
 0.000000e+00   0.000000e+00   1.367610e-03   0.000000e+00   0.000000e+00   3.987227e-03   6.235229e-02  -6.496995e-02   0.000000e+00
 0.000000e+00   0.000000e+00  -4.571738e-03   0.000000e+00   0.000000e+00  -1.330864e-02  -6.496995e-02   2.665534e-01   0.000000e+00
-1.319759e-04   1.616358e-04   0.000000e+00  -4.347288e-04   7.683075e-04   0.000000e+00   0.000000e+00   0.000000e+00   4.319353e-02

# timestamp: 1774889203.6594388
 8.992983e-04  -6.750929e-06   0.000000e+00   2.455344e-04  -1.362282e-05   0.000000e+00   0.000000e+00   0.000000e+00  -1.417746e-04
-6.750929e-06   9.107428e-04   0.000000e+00  -1.271656e-05   2.647237e-04   0.000000e+00   0.000000e+00   0.000000e+00   1.789285e-04
 0.000000e+00   0.000000e+00   1.044823e-03   0.000000e+00   0.000000e+00   5.896165e-04   1.456438e-03  -4.867949e-03   0.000000e+00
 2.455344e-04  -1.271656e-05   0.000000e+00   4.038853e-04  -2.905918e-05   0.000000e+00   0.000000e+00   0.000000e+00  -4.619634e-04
-1.362282e-05   2.647237e-04   0.000000e+00  -2.905918e-05   4.429204e-04   0.000000e+00   0.000000e+00   0.000000e+00   8.129988e-04
 0.000000e+00   0.000000e+00   5.896165e-04   0.000000e+00   0.000000e+00   1.270476e-03   4.091130e-03  -1.361636e-02   0.000000e+00
 0.000000e+00   0.000000e+00   1.456438e-03   0.000000e+00   0.000000e+00   4.091130e-03   6.456126e-02  -6.496995e-02   0.000000e+00
 0.000000e+00   0.000000e+00  -4.867949e-03   0.000000e+00   0.000000e+00  -1.361636e-02  -6.496995e-02   2.687624e-01   0.000000e+00
-1.417746e-04   1.789285e-04   0.000000e+00  -4.619634e-04   8.129988e-04   0.000000e+00   0.000000e+00   0.000000e+00   4.540250e-02

# timestamp: 1774889203.7925117
 8.970404e-04  -2.072311e-06   0.000000e+00   2.394119e-04  -3.298245e-06   0.000000e+00   0.000000e+00   0.000000e+00   3.898900e-04
-2.072311e-06   9.096415e-04   0.000000e+00  -1.533910e-05   2.699129e-04   0.000000e+00   0.000000e+00   0.000000e+00   4.754148e-04
 0.000000e+00   0.000000e+00   1.103724e-03   0.000000e+00   0.000000e+00   6.912118e-04   1.449229e-03  -6.239668e-03   0.000000e+00
 2.394119e-04  -1.533910e-05   0.000000e+00   4.017987e-04  -2.887226e-05   0.000000e+00   0.000000e+00   0.000000e+00  -3.617734e-04
-3.298245e-06   2.699129e-04   0.000000e+00  -2.887226e-05   4.466495e-04   0.000000e+00   0.000000e+00   0.000000e+00   8.933511e-04
 0.000000e+00   0.000000e+00   6.912118e-04   0.000000e+00   0.000000e+00   1.422607e-03   4.861538e-03  -1.476582e-02   0.000000e+00
 0.000000e+00   0.000000e+00   1.449229e-03   0.000000e+00   0.000000e+00   4.861538e-03   7.083472e-02  -7.398178e-02   0.000000e+00
 0.000000e+00   0.000000e+00  -6.239668e-03   0.000000e+00   0.000000e+00  -1.476582e-02  -7.398178e-02   2.647111e-01   0.000000e+00
 3.898900e-04   4.754148e-04   0.000000e+00  -3.617734e-04   8.933511e-04   0.000000e+00   0.000000e+00   0.000000e+00   4.540394e-02

# timestamp: 1774889203.9689221
 9.007338e-04  -7.327121e-06   0.000000e+00   2.469469e-04  -1.549590e-05   0.000000e+00   0.000000e+00   0.000000e+00  -2.018216e-04
-7.327121e-06   9.114290e-04   0.000000e+00  -1.435619e-05   2.652527e-04   0.000000e+00   0.000000e+00   0.000000e+00   1.586424e-04
 0.000000e+00   0.000000e+00   1.090586e-03   0.000000e+00   0.000000e+00   6.851213e-04   2.356000e-03  -5.232622e-03   0.000000e+00
 2.469469e-04  -1.435619e-05   0.000000e+00   4.074080e-04  -3.354121e-05   0.000000e+00   0.000000e+00   0.000000e+00  -5.777972e-04
-1.549590e-05   2.652527e-04   0.000000e+00  -3.354121e-05   4.447794e-04   0.000000e+00   0.000000e+00   0.000000e+00   8.042783e-04
 0.000000e+00   0.000000e+00   6.851213e-04   0.000000e+00   0.000000e+00   1.464904e-03   6.175631e-03  -1.384962e-02   0.000000e+00
 0.000000e+00   0.000000e+00   2.356000e-03   0.000000e+00   0.000000e+00   6.175631e-03   8.261427e-02  -8.318090e-02   0.000000e+00
 0.000000e+00   0.000000e+00  -5.232622e-03   0.000000e+00   0.000000e+00  -1.384962e-02  -8.318090e-02   2.336770e-01   0.000000e+00
-2.018216e-04   1.586424e-04   0.000000e+00  -5.777972e-04   8.042783e-04   0.000000e+00   0.000000e+00   0.000000e+00   4.529885e-02

# timestamp: 1774889203.9921415
 7.935003e-04  -5.672291e-06   0.000000e+00   2.173334e-04  -1.303913e-05   0.000000e+00   0.000000e+00   0.000000e+00  -1.459757e-04
-5.672291e-06   8.018671e-04   0.000000e+00  -1.229745e-05   2.331066e-04   0.000000e+00   0.000000e+00   0.000000e+00   1.207019e-04
 0.000000e+00   0.000000e+00   9.380879e-04   0.000000e+00   0.000000e+00   5.886853e-04   2.143537e-03  -4.353191e-03   0.000000e+00
 2.173334e-04  -1.229745e-05   0.000000e+00   3.985258e-04  -3.128614e-05   0.000000e+00   0.000000e+00   0.000000e+00  -4.867713e-04
-1.303913e-05   2.331066e-04   0.000000e+00  -3.128614e-05   4.333722e-04   0.000000e+00   0.000000e+00   0.000000e+00   6.719061e-04
 0.000000e+00   0.000000e+00   5.886853e-04   0.000000e+00   0.000000e+00   1.397384e-03   6.309161e-03  -1.287401e-02   0.000000e+00
 0.000000e+00   0.000000e+00   2.143537e-03   0.000000e+00   0.000000e+00   6.309161e-03   8.173255e-02  -8.713061e-02   0.000000e+00
 0.000000e+00   0.000000e+00  -4.353191e-03   0.000000e+00   0.000000e+00  -1.287401e-02  -8.713061e-02   2.152560e-01   0.000000e+00
-1.459757e-04   1.207019e-04   0.000000e+00  -4.867713e-04   6.719061e-04   0.000000e+00   0.000000e+00   0.000000e+00   3.822816e-02

# timestamp: 1774889204.6497328
 8.937830e-04  -9.018012e-06   0.000000e+00   2.480400e-04  -1.930576e-05   0.000000e+00   0.000000e+00   0.000000e+00  -2.281530e-04
-9.018012e-06   9.033484e-04   0.000000e+00  -1.751805e-05   2.630753e-04   0.000000e+00   0.000000e+00   0.000000e+00   1.027200e-04
 0.000000e+00   0.000000e+00   1.169651e-03   0.000000e+00   0.000000e+00   8.512466e-04   3.863152e-03  -5.302457e-03   0.000000e+00
 2.480400e-04  -1.751805e-05   0.000000e+00   4.145280e-04  -4.069413e-05   0.000000e+00   0.000000e+00   0.000000e+00  -6.298020e-04
-1.930576e-05   2.630753e-04   0.000000e+00  -4.069413e-05   4.440958e-04   0.000000e+00   0.000000e+00   0.000000e+00   7.296705e-04
 0.000000e+00   0.000000e+00   8.512466e-04   0.000000e+00   0.000000e+00   1.781910e-03   9.489528e-03  -1.331694e-02   0.000000e+00
 0.000000e+00   0.000000e+00   3.863152e-03   0.000000e+00   0.000000e+00   9.489528e-03   1.167948e-01  -1.000389e-01   0.000000e+00
 0.000000e+00   0.000000e+00  -5.302457e-03   0.000000e+00   0.000000e+00  -1.331694e-02  -1.000389e-01   1.848745e-01   0.000000e+00
-2.281530e-04   1.027200e-04   0.000000e+00  -6.298020e-04   7.296705e-04   0.000000e+00   0.000000e+00   0.000000e+00   4.501838e-02

# timestamp: 1774889204.700273
 8.733489e-04  -5.379991e-06   0.000000e+00   2.362200e-04  -1.033035e-05   0.000000e+00   0.000000e+00   0.000000e+00   2.585667e-04
-5.379991e-06   8.867181e-04   0.000000e+00  -2.091956e-05   2.638888e-04   0.000000e+00   0.000000e+00   0.000000e+00   4.602677e-04
 0.000000e+00   0.000000e+00   1.156834e-03   0.000000e+00   0.000000e+00   8.523833e-04   3.273472e-03  -5.796773e-03   0.000000e+00
 2.362200e-04  -2.091956e-05   0.000000e+00   4.094041e-04  -3.925973e-05   0.000000e+00   0.000000e+00   0.000000e+00  -4.747477e-04
-1.033035e-05   2.638888e-04   0.000000e+00  -3.925973e-05   4.454590e-04   0.000000e+00   0.000000e+00   0.000000e+00   8.069573e-04
 0.000000e+00   0.000000e+00   8.523833e-04   0.000000e+00   0.000000e+00   1.791609e-03   9.112398e-03  -1.368974e-02   0.000000e+00
 0.000000e+00   0.000000e+00   3.273472e-03   0.000000e+00   0.000000e+00   9.112398e-03   1.129158e-01  -9.989564e-02   0.000000e+00
 0.000000e+00   0.000000e+00  -5.796773e-03   0.000000e+00   0.000000e+00  -1.368974e-02  -9.989564e-02   1.886763e-01   0.000000e+00
 2.585667e-04   4.602677e-04   0.000000e+00  -4.747477e-04   8.069573e-04   0.000000e+00   0.000000e+00   0.000000e+00   4.371974e-02

# timestamp: 1774889205.1255598
 8.527166e-04  -9.516653e-06   0.000000e+00   2.357838e-04  -1.918231e-05   0.000000e+00   0.000000e+00   0.000000e+00  -1.284733e-04
-9.516653e-06   8.613203e-04   0.000000e+00  -1.728737e-05   2.515470e-04   0.000000e+00   0.000000e+00   0.000000e+00   1.373956e-04
 0.000000e+00   0.000000e+00   1.137347e-03   0.000000e+00   0.000000e+00   8.451361e-04   4.010496e-03  -5.120942e-03   0.000000e+00
 2.357838e-04  -1.728737e-05   0.000000e+00   4.047919e-04  -3.642646e-05   0.000000e+00   0.000000e+00   0.000000e+00  -3.030666e-04
-1.918231e-05   2.515470e-04   0.000000e+00  -3.642646e-05   4.425127e-04   0.000000e+00   0.000000e+00   0.000000e+00   7.498856e-04
 0.000000e+00   0.000000e+00   8.451361e-04   0.000000e+00   0.000000e+00   1.751682e-03   9.541057e-03  -1.256878e-02   0.000000e+00
 0.000000e+00   0.000000e+00   4.010496e-03   0.000000e+00   0.000000e+00   9.541057e-03   1.249923e-01  -1.047767e-01   0.000000e+00
 0.000000e+00   0.000000e+00  -5.120942e-03   0.000000e+00   0.000000e+00  -1.256878e-02  -1.047767e-01   1.749481e-01   0.000000e+00
-1.284733e-04   1.373956e-04   0.000000e+00  -3.030666e-04   7.498856e-04   0.000000e+00   0.000000e+00   0.000000e+00   4.220829e-02

# timestamp: 1774889205.3578427
 8.963870e-04  -1.089848e-05   0.000000e+00   2.468781e-04  -1.983741e-05   0.000000e+00   0.000000e+00   0.000000e+00  -8.824803e-05
-1.089848e-05   9.065567e-04   0.000000e+00  -1.752133e-05   2.665674e-04   0.000000e+00   0.000000e+00   0.000000e+00   1.904140e-04
 0.000000e+00   0.000000e+00   1.228599e-03   0.000000e+00   0.000000e+00   9.051650e-04   4.366375e-03  -5.522968e-03   0.000000e+00
 2.468781e-04  -1.752133e-05   0.000000e+00   4.040552e-04  -3.168585e-05   0.000000e+00   0.000000e+00   0.000000e+00  -9.460204e-05
-1.983741e-05   2.665674e-04   0.000000e+00  -3.168585e-05   4.524257e-04   0.000000e+00   0.000000e+00   0.000000e+00   9.001944e-04
 0.000000e+00   0.000000e+00   9.051650e-04   0.000000e+00   0.000000e+00   1.746563e-03   9.429815e-03  -1.250767e-02   0.000000e+00
 0.000000e+00   0.000000e+00   4.366375e-03   0.000000e+00   0.000000e+00   9.429815e-03   1.317222e-01  -1.064389e-01   0.000000e+00
 0.000000e+00   0.000000e+00  -5.522968e-03   0.000000e+00   0.000000e+00  -1.250767e-02  -1.064389e-01   1.766983e-01   0.000000e+00
-8.824803e-05   1.904140e-04   0.000000e+00  -9.460204e-05   9.001944e-04   0.000000e+00   0.000000e+00   0.000000e+00   4.538827e-02

# timestamp: 1774889205.387743
 7.899571e-04  -8.404427e-06   0.000000e+00   2.172968e-04  -1.676972e-05   0.000000e+00   0.000000e+00   0.000000e+00  -6.004024e-05
-8.404427e-06   7.978396e-04   0.000000e+00  -1.489444e-05   2.341427e-04   0.000000e+00   0.000000e+00   0.000000e+00   1.431103e-04
 0.000000e+00   0.000000e+00   1.036815e-03   0.000000e+00   0.000000e+00   7.613472e-04   3.691114e-03  -4.634820e-03   0.000000e+00
 2.172968e-04  -1.489444e-05   0.000000e+00   3.954667e-04  -2.937110e-05   0.000000e+00   0.000000e+00   0.000000e+00  -5.446659e-05
-1.676972e-05   2.341427e-04   0.000000e+00  -2.937110e-05   4.408919e-04   0.000000e+00   0.000000e+00   0.000000e+00   7.617175e-04
 0.000000e+00   0.000000e+00   7.613472e-04   0.000000e+00   0.000000e+00   1.631969e-03   8.950415e-03  -1.174349e-02   0.000000e+00
 0.000000e+00   0.000000e+00   3.691114e-03   0.000000e+00   0.000000e+00   8.950415e-03   1.254636e-01  -1.071883e-01   0.000000e+00
 0.000000e+00   0.000000e+00  -4.634820e-03   0.000000e+00   0.000000e+00  -1.174349e-02  -1.071883e-01   1.694775e-01   0.000000e+00
-6.004024e-05   1.431103e-04   0.000000e+00  -5.446659e-05   7.617175e-04   0.000000e+00   0.000000e+00   0.000000e+00   3.802047e-02

# timestamp: 1774889205.663856
 9.046105e-04  -1.036263e-05   0.000000e+00   2.473744e-04  -1.754125e-05   0.000000e+00   0.000000e+00   0.000000e+00  -5.070355e-05
-1.036263e-05   9.164705e-04   0.000000e+00  -1.458158e-05   2.719708e-04   0.000000e+00   0.000000e+00   0.000000e+00   1.950067e-04
 0.000000e+00   0.000000e+00   1.241163e-03   0.000000e+00   0.000000e+00   8.859002e-04   4.347946e-03  -5.425523e-03   0.000000e+00
 2.473744e-04  -1.458158e-05   0.000000e+00   4.020935e-04  -1.915053e-05   0.000000e+00   0.000000e+00   0.000000e+00   2.142995e-04
-1.754125e-05   2.719708e-04   0.000000e+00  -1.915053e-05   4.644162e-04   0.000000e+00   0.000000e+00   0.000000e+00   1.050439e-03
 0.000000e+00   0.000000e+00   8.859002e-04   0.000000e+00   0.000000e+00   1.652936e-03   8.771445e-03  -1.198395e-02   0.000000e+00
 0.000000e+00   0.000000e+00   4.347946e-03   0.000000e+00   0.000000e+00   8.771445e-03   1.351323e-01  -1.085646e-01   0.000000e+00
 0.000000e+00   0.000000e+00  -5.425523e-03   0.000000e+00   0.000000e+00  -1.198395e-02  -1.085646e-01   1.777096e-01   0.000000e+00
-5.070355e-05   1.950067e-04   0.000000e+00   2.142995e-04   1.050439e-03   0.000000e+00   0.000000e+00   0.000000e+00   4.577185e-02

# timestamp: 1774889205.6899955
 8.274092e-04  -8.526888e-06   0.000000e+00   2.261669e-04  -1.506782e-05   0.000000e+00   0.000000e+00   0.000000e+00  -2.506250e-05
-8.526888e-06   8.375781e-04   0.000000e+00  -1.261038e-05   2.487047e-04   0.000000e+00   0.000000e+00   0.000000e+00   1.683249e-04
 0.000000e+00   0.000000e+00   1.099793e-03   0.000000e+00   0.000000e+00   7.819840e-04   3.814989e-03  -4.818570e-03   0.000000e+00
 2.261669e-04  -1.261038e-05   0.000000e+00   3.962556e-04  -1.670575e-05   0.000000e+00   0.000000e+00   0.000000e+00   2.311445e-04
-1.506782e-05   2.487047e-04   0.000000e+00  -1.670575e-05   4.566914e-04   0.000000e+00   0.000000e+00   0.000000e+00   9.460321e-04
 0.000000e+00   0.000000e+00   7.819840e-04   0.000000e+00   0.000000e+00   1.568989e-03   8.355392e-03  -1.148226e-02   0.000000e+00
 0.000000e+00   0.000000e+00   3.814989e-03   0.000000e+00   0.000000e+00   8.355392e-03   1.294282e-01  -1.090736e-01   0.000000e+00
 0.000000e+00   0.000000e+00  -4.818570e-03   0.000000e+00   0.000000e+00  -1.148226e-02  -1.090736e-01   1.744962e-01   0.000000e+00
-2.506250e-05   1.683249e-04   0.000000e+00   2.311445e-04   9.460321e-04   0.000000e+00   0.000000e+00   0.000000e+00   4.056755e-02

# timestamp: 1774889205.7243614
 8.535439e-04  -9.027379e-06   0.000000e+00   2.332726e-04  -1.538870e-05   0.000000e+00   0.000000e+00   0.000000e+00  -2.077598e-05
-9.027379e-06   8.645422e-04   0.000000e+00  -1.279713e-05   2.571352e-04   0.000000e+00   0.000000e+00   0.000000e+00   1.855641e-04
 0.000000e+00   0.000000e+00   1.146255e-03   0.000000e+00   0.000000e+00   8.138581e-04   3.964935e-03  -5.025063e-03   0.000000e+00
 2.332726e-04  -1.279713e-05   0.000000e+00   3.983370e-04  -1.583208e-05   0.000000e+00   0.000000e+00   0.000000e+00   2.560668e-04
-1.538870e-05   2.571352e-04   0.000000e+00  -1.583208e-05   4.608280e-04   0.000000e+00   0.000000e+00   0.000000e+00   9.964730e-04
 0.000000e+00   0.000000e+00   8.138581e-04   0.000000e+00   0.000000e+00   1.588689e-03   8.409183e-03  -1.162937e-02   0.000000e+00
 0.000000e+00   0.000000e+00   3.964935e-03   0.000000e+00   0.000000e+00   8.409183e-03   1.312189e-01  -1.090736e-01   0.000000e+00
 0.000000e+00   0.000000e+00  -5.025063e-03   0.000000e+00   0.000000e+00  -1.162937e-02  -1.090736e-01   1.762869e-01   0.000000e+00
-2.077598e-05   1.855641e-04   0.000000e+00   2.560668e-04   9.964730e-04   0.000000e+00   0.000000e+00   0.000000e+00   4.235829e-02

# timestamp: 1774889205.7382646
 8.724356e-04  -9.391583e-06   0.000000e+00   2.383913e-04  -1.560566e-05   0.000000e+00   0.000000e+00   0.000000e+00  -1.742984e-05
-9.391583e-06   8.840579e-04   0.000000e+00  -1.291475e-05   2.632378e-04   0.000000e+00   0.000000e+00   0.000000e+00   1.984752e-04
 0.000000e+00   0.000000e+00   1.180266e-03   0.000000e+00   0.000000e+00   8.370232e-04   4.073005e-03  -5.174690e-03   0.000000e+00
 2.383913e-04  -1.291475e-05   0.000000e+00   3.998476e-04  -1.516809e-05   0.000000e+00   0.000000e+00   0.000000e+00   2.745997e-04
-1.560566e-05   2.632378e-04   0.000000e+00  -1.516809e-05   4.638696e-04   0.000000e+00   0.000000e+00   0.000000e+00   1.033982e-03
 0.000000e+00   0.000000e+00   8.370232e-04   0.000000e+00   0.000000e+00   1.602992e-03   8.447075e-03  -1.173618e-02   0.000000e+00
 0.000000e+00   0.000000e+00   4.073005e-03   0.000000e+00   0.000000e+00   8.447075e-03   1.325026e-01  -1.090736e-01   0.000000e+00
 0.000000e+00   0.000000e+00  -5.174690e-03   0.000000e+00   0.000000e+00  -1.173618e-02  -1.090736e-01   1.775706e-01   0.000000e+00
-1.742984e-05   1.984752e-04   0.000000e+00   2.745997e-04   1.033982e-03   0.000000e+00   0.000000e+00   0.000000e+00   4.364198e-02

# timestamp: 1774889205.7544932
 8.911888e-04  -9.754702e-06   0.000000e+00   2.434580e-04  -1.580810e-05   0.000000e+00   0.000000e+00   0.000000e+00  -1.389572e-05
-9.754702e-06   9.034514e-04   0.000000e+00  -1.301669e-05   2.693036e-04   0.000000e+00   0.000000e+00   0.000000e+00   2.116799e-04
 0.000000e+00   0.000000e+00   1.214381e-03   0.000000e+00   0.000000e+00   8.601230e-04   4.180022e-03  -5.323549e-03   0.000000e+00
 2.434580e-04  -1.301669e-05   0.000000e+00   4.013527e-04  -1.448161e-05   0.000000e+00   0.000000e+00   0.000000e+00   2.934062e-04
-1.580810e-05   2.693036e-04   0.000000e+00  -1.448161e-05   4.669327e-04   0.000000e+00   0.000000e+00   0.000000e+00   1.072045e-03
 0.000000e+00   0.000000e+00   8.601230e-04   0.000000e+00   0.000000e+00   1.617244e-03   8.483895e-03  -1.184256e-02   0.000000e+00
 0.000000e+00   0.000000e+00   4.180022e-03   0.000000e+00   0.000000e+00   8.483895e-03   1.337681e-01  -1.090736e-01   0.000000e+00
 0.000000e+00   0.000000e+00  -5.323549e-03   0.000000e+00   0.000000e+00  -1.184256e-02  -1.090736e-01   1.788362e-01   0.000000e+00
-1.389572e-05   2.116799e-04   0.000000e+00   2.934062e-04   1.072045e-03   0.000000e+00   0.000000e+00   0.000000e+00   4.490751e-02

# timestamp: 1774889206.0411854
 8.731351e-04  -7.372916e-06   0.000000e+00   2.378007e-04  -1.089567e-05   0.000000e+00   0.000000e+00   0.000000e+00  -3.229415e-05
-7.372916e-06   8.870121e-04   0.000000e+00  -7.583344e-06   2.684773e-04   0.000000e+00   0.000000e+00   0.000000e+00   2.011462e-04
 0.000000e+00   0.000000e+00   1.179865e-03   0.000000e+00   0.000000e+00   8.243468e-04   4.009234e-03  -5.237480e-03   0.000000e+00
 2.378007e-04  -7.583344e-06   0.000000e+00   4.021756e-04   8.493939e-07   0.000000e+00   0.000000e+00   0.000000e+00   4.434174e-04
-1.089567e-05   2.684773e-04   0.000000e+00   8.493939e-07   4.793262e-04   0.000000e+00   0.000000e+00   0.000000e+00   1.147160e-03
 0.000000e+00   0.000000e+00   8.243468e-04   0.000000e+00   0.000000e+00   1.566454e-03   7.979533e-03  -1.184674e-02   0.000000e+00
 0.000000e+00   0.000000e+00   4.009234e-03   0.000000e+00   0.000000e+00   7.979533e-03   1.298765e-01  -1.112966e-01   0.000000e+00
 0.000000e+00   0.000000e+00  -5.237480e-03   0.000000e+00   0.000000e+00  -1.184674e-02  -1.112966e-01   1.860994e-01   0.000000e+00
-3.229415e-05   2.011462e-04   0.000000e+00   4.434174e-04   1.147160e-03   0.000000e+00   0.000000e+00   0.000000e+00   4.315710e-02

# timestamp: 1774889206.0837975
 9.296555e-04  -8.068921e-06   0.000000e+00   2.531325e-04  -1.088559e-05   0.000000e+00   0.000000e+00   0.000000e+00  -1.478755e-05
-8.068921e-06   9.459861e-04   0.000000e+00  -7.224961e-06   2.874487e-04   0.000000e+00   0.000000e+00   0.000000e+00   2.461223e-04
 0.000000e+00   0.000000e+00   1.282774e-03   0.000000e+00   0.000000e+00   8.940141e-04   4.313388e-03  -5.691092e-03   0.000000e+00
 2.531325e-04  -7.224961e-06   0.000000e+00   4.071612e-04   3.653412e-06   0.000000e+00   0.000000e+00   0.000000e+00   5.012742e-04
-1.088559e-05   2.874487e-04   0.000000e+00   3.653412e-06   4.896451e-04   0.000000e+00   0.000000e+00   0.000000e+00   1.270675e-03
 0.000000e+00   0.000000e+00   8.940141e-04   0.000000e+00   0.000000e+00   1.614883e-03   8.112616e-03  -1.221559e-02   0.000000e+00
 0.000000e+00   0.000000e+00   4.313388e-03   0.000000e+00   0.000000e+00   8.112616e-03   1.336675e-01  -1.112966e-01   0.000000e+00
 0.000000e+00   0.000000e+00  -5.691092e-03   0.000000e+00   0.000000e+00  -1.221559e-02  -1.112966e-01   1.898904e-01   0.000000e+00
-1.478755e-05   2.461223e-04   0.000000e+00   5.012742e-04   1.270675e-03   0.000000e+00   0.000000e+00   0.000000e+00   4.694809e-02

# timestamp: 1774889206.3391204
 8.833013e-04  -4.790967e-06   0.000000e+00   2.411040e-04  -4.595073e-06   0.000000e+00   0.000000e+00   0.000000e+00   2.218178e-05
-4.790967e-06   9.009629e-04   0.000000e+00  -1.773354e-06   2.788095e-04   0.000000e+00   0.000000e+00   0.000000e+00   2.547100e-04
 0.000000e+00   0.000000e+00   1.197837e-03   0.000000e+00   0.000000e+00   8.445496e-04   3.940264e-03  -5.492011e-03   0.000000e+00
 2.411040e-04  -1.773354e-06   0.000000e+00   4.045404e-04   1.374928e-05   0.000000e+00   0.000000e+00   0.000000e+00   4.771121e-04
-4.595073e-06   2.788095e-04   0.000000e+00   1.374928e-05   4.962354e-04   0.000000e+00   0.000000e+00   0.000000e+00   1.243342e-03
 0.000000e+00   0.000000e+00   8.445496e-04   0.000000e+00   0.000000e+00   1.611398e-03   8.020842e-03  -1.252352e-02   0.000000e+00
 0.000000e+00   0.000000e+00   3.940264e-03   0.000000e+00   0.000000e+00   8.020842e-03   1.282610e-01  -1.126867e-01   0.000000e+00
 0.000000e+00   0.000000e+00  -5.492011e-03   0.000000e+00   0.000000e+00  -1.252352e-02  -1.126867e-01   1.957540e-01   0.000000e+00
 2.218178e-05   2.547100e-04   0.000000e+00   4.771121e-04   1.243342e-03   0.000000e+00   0.000000e+00   0.000000e+00   4.433572e-02

# timestamp: 1774889206.3732295
 7.763104e-04  -3.539463e-06   0.000000e+00   2.118333e-04  -3.510825e-06   0.000000e+00   0.000000e+00   0.000000e+00   2.283872e-05
-3.539463e-06   7.899482e-04   0.000000e+00  -1.431761e-06   2.438227e-04   0.000000e+00   0.000000e+00   0.000000e+00   1.907126e-04
 0.000000e+00   0.000000e+00   1.008408e-03   0.000000e+00   0.000000e+00   7.108814e-04   3.316380e-03  -4.613269e-03   0.000000e+00
 2.118333e-04  -1.431761e-06   0.000000e+00   3.957366e-04   1.264928e-05   0.000000e+00   0.000000e+00   0.000000e+00   3.980219e-04
-3.510825e-06   2.438227e-04   0.000000e+00   1.264928e-05   4.812559e-04   0.000000e+00   0.000000e+00   0.000000e+00   1.040074e-03
 0.000000e+00   0.000000e+00   7.108814e-04   0.000000e+00   0.000000e+00   1.517187e-03   7.733527e-03  -1.185341e-02   0.000000e+00
 0.000000e+00   0.000000e+00   3.316380e-03   0.000000e+00   0.000000e+00   7.733527e-03   1.215648e-01  -1.134182e-01   0.000000e+00
 0.000000e+00   0.000000e+00  -4.613269e-03   0.000000e+00   0.000000e+00  -1.185341e-02  -1.134182e-01   1.895262e-01   0.000000e+00
 2.283872e-05   1.907126e-04   0.000000e+00   3.980219e-04   1.040074e-03   0.000000e+00   0.000000e+00   0.000000e+00   3.711409e-02

# timestamp: 1774889206.4151678
 8.304178e-04  -3.704157e-06   0.000000e+00   2.268413e-04  -2.920552e-06   0.000000e+00   0.000000e+00   0.000000e+00   3.814339e-05
-3.704157e-06   8.465981e-04   0.000000e+00  -7.823594e-07   2.626928e-04   0.000000e+00   0.000000e+00   0.000000e+00   2.311702e-04
 0.000000e+00   0.000000e+00   1.101927e-03   0.000000e+00   0.000000e+00   7.798980e-04   3.610094e-03  -5.064705e-03   0.000000e+00
 2.268413e-04  -7.823594e-07   0.000000e+00   4.000669e-04   1.454490e-05   0.000000e+00   0.000000e+00   0.000000e+00   4.254323e-04
-2.920552e-06   2.626928e-04   0.000000e+00   1.454490e-05   4.910722e-04   0.000000e+00   0.000000e+00   0.000000e+00   1.149726e-03
 0.000000e+00   0.000000e+00   7.798980e-04   0.000000e+00   0.000000e+00   1.576941e-03   7.961547e-03  -1.230635e-02   0.000000e+00
 0.000000e+00   0.000000e+00   3.610094e-03   0.000000e+00   0.000000e+00   7.961547e-03   1.253258e-01  -1.134182e-01   0.000000e+00
 0.000000e+00   0.000000e+00  -5.064705e-03   0.000000e+00   0.000000e+00  -1.230635e-02  -1.134182e-01   1.932872e-01   0.000000e+00
 3.814339e-05   2.311702e-04   0.000000e+00   4.254323e-04   1.149726e-03   0.000000e+00   0.000000e+00   0.000000e+00   4.087510e-02

# timestamp: 1774889206.6502068
 8.805858e-04  -1.659493e-06   0.000000e+00   2.403809e-04   1.173303e-06   0.000000e+00   0.000000e+00   0.000000e+00   2.563374e-05
-1.659493e-06   9.016432e-04   0.000000e+00   2.803980e-06   2.846266e-04   0.000000e+00   0.000000e+00   0.000000e+00   2.589263e-04
 0.000000e+00   0.000000e+00   1.193212e-03   0.000000e+00   0.000000e+00   8.629127e-04   4.061247e-03  -5.438078e-03   0.000000e+00
 2.403809e-04   2.803980e-06   0.000000e+00   4.021737e-04   1.978110e-05   0.000000e+00   0.000000e+00   0.000000e+00   3.494213e-04
 1.173303e-06   2.846266e-04   0.000000e+00   1.978110e-05   5.109768e-04   0.000000e+00   0.000000e+00   0.000000e+00   1.292595e-03
 0.000000e+00   0.000000e+00   8.629127e-04   0.000000e+00   0.000000e+00   1.703716e-03   8.902985e-03  -1.306021e-02   0.000000e+00
 0.000000e+00   0.000000e+00   4.061247e-03   0.000000e+00   0.000000e+00   8.902985e-03   1.350444e-01  -1.162691e-01   0.000000e+00
 0.000000e+00   0.000000e+00  -5.438078e-03   0.000000e+00   0.000000e+00  -1.306021e-02  -1.162691e-01   1.926734e-01   0.000000e+00
 2.563374e-05   2.589263e-04   0.000000e+00   3.494213e-04   1.292595e-03   0.000000e+00   0.000000e+00   0.000000e+00   4.402427e-02

# timestamp: 1774889206.6893268
 8.869750e-04   6.424200e-06   0.000000e+00   2.451407e-04   1.694500e-05   0.000000e+00   0.000000e+00   0.000000e+00   4.634861e-04
 6.424200e-06   9.142962e-04   0.000000e+00   8.901483e-06   3.027739e-04   0.000000e+00   0.000000e+00   0.000000e+00   7.233155e-04
 0.000000e+00   0.000000e+00   1.249361e-03   0.000000e+00   0.000000e+00   9.479057e-04   3.965536e-03  -6.526824e-03   0.000000e+00
 2.451407e-04   8.901483e-06   0.000000e+00   4.037541e-04   2.555086e-05   0.000000e+00   0.000000e+00   0.000000e+00   4.444627e-04
 1.694500e-05   3.027739e-04   0.000000e+00   2.555086e-05   5.242113e-04   0.000000e+00   0.000000e+00   0.000000e+00   1.474116e-03
 0.000000e+00   0.000000e+00   9.479057e-04   0.000000e+00   0.000000e+00   1.805974e-03   9.146976e-03  -1.398108e-02   0.000000e+00
 0.000000e+00   0.000000e+00   3.965536e-03   0.000000e+00   0.000000e+00   9.146976e-03   1.369752e-01  -1.184157e-01   0.000000e+00
 0.000000e+00   0.000000e+00  -6.526824e-03   0.000000e+00   0.000000e+00  -1.398108e-02  -1.184157e-01   1.968350e-01   0.000000e+00
 4.634861e-04   7.233155e-04   0.000000e+00   4.444627e-04   1.474116e-03   0.000000e+00   0.000000e+00   0.000000e+00   4.464243e-02

# timestamp: 1774889206.734186
 8.459409e-04  -5.513728e-07   0.000000e+00   2.304923e-04   1.802846e-06   0.000000e+00   0.000000e+00   0.000000e+00  -2.884304e-05
-5.513728e-07   8.660618e-04   0.000000e+00   3.478167e-06   2.738108e-04   0.000000e+00   0.000000e+00   0.000000e+00   1.858772e-04
 0.000000e+00   0.000000e+00   1.126993e-03   0.000000e+00   0.000000e+00   8.127039e-04   3.987601e-03  -4.855405e-03   0.000000e+00
 2.304923e-04   3.478167e-06   0.000000e+00   3.983647e-04   1.968609e-05   0.000000e+00   0.000000e+00   0.000000e+00   2.723740e-04
 1.802846e-06   2.738108e-04   0.000000e+00   1.968609e-05   5.095739e-04   0.000000e+00   0.000000e+00   0.000000e+00   1.221789e-03
 0.000000e+00   0.000000e+00   8.127039e-04   0.000000e+00   0.000000e+00   1.671610e-03   9.150242e-03  -1.237472e-02   0.000000e+00
 0.000000e+00   0.000000e+00   3.987601e-03   0.000000e+00   0.000000e+00   9.150242e-03   1.394948e-01  -1.160440e-01   0.000000e+00
 0.000000e+00   0.000000e+00  -4.855405e-03   0.000000e+00   0.000000e+00  -1.237472e-02  -1.160440e-01   1.788019e-01   0.000000e+00
-2.884304e-05   1.858772e-04   0.000000e+00   2.723740e-04   1.221789e-03   0.000000e+00   0.000000e+00   0.000000e+00   4.130264e-02

# timestamp: 1774889206.7528825
 8.852894e-04  -3.966173e-07   0.000000e+00   2.411943e-04   2.281991e-06   0.000000e+00   0.000000e+00   0.000000e+00  -2.158669e-05
-3.966173e-07   9.078140e-04   0.000000e+00   3.993117e-06   2.879785e-04   0.000000e+00   0.000000e+00   0.000000e+00   2.193049e-04
 0.000000e+00   0.000000e+00   1.198575e-03   0.000000e+00   0.000000e+00   8.691555e-04   4.234402e-03  -5.189545e-03   0.000000e+00
 2.411943e-04   3.993117e-06   0.000000e+00   4.009983e-04   2.017498e-05   0.000000e+00   0.000000e+00   0.000000e+00   2.691783e-04
 2.281991e-06   2.879785e-04   0.000000e+00   2.017498e-05   5.177052e-04   0.000000e+00   0.000000e+00   0.000000e+00   1.314658e-03
 0.000000e+00   0.000000e+00   8.691555e-04   0.000000e+00   0.000000e+00   1.729778e-03   9.410460e-03  -1.277211e-02   0.000000e+00
 0.000000e+00   0.000000e+00   4.234402e-03   0.000000e+00   0.000000e+00   9.410460e-03   1.421685e-01  -1.160440e-01   0.000000e+00
 0.000000e+00   0.000000e+00  -5.189545e-03   0.000000e+00   0.000000e+00  -1.277211e-02  -1.160440e-01   1.814756e-01   0.000000e+00
-2.158669e-05   2.193049e-04   0.000000e+00   2.691783e-04   1.314658e-03   0.000000e+00   0.000000e+00   0.000000e+00   4.397636e-02

# timestamp: 1774889207.027288
 8.393338e-04   1.645145e-06   0.000000e+00   2.282884e-04   4.689411e-06   0.000000e+00   0.000000e+00   0.000000e+00  -2.232509e-05
 1.645145e-06   8.633602e-04   0.000000e+00   4.891385e-06   2.784804e-04   0.000000e+00   0.000000e+00   0.000000e+00   1.757694e-04
 0.000000e+00   0.000000e+00   1.081164e-03   0.000000e+00   0.000000e+00   7.403175e-04   3.612359e-03  -3.080441e-03   0.000000e+00
 2.282884e-04   4.891385e-06   0.000000e+00   3.940161e-04   1.386712e-05   0.000000e+00   0.000000e+00   0.000000e+00   1.203147e-06
 4.689411e-06   2.784804e-04   0.000000e+00   1.386712e-05   5.271020e-04   0.000000e+00   0.000000e+00   0.000000e+00   1.300008e-03
 0.000000e+00   0.000000e+00   7.403175e-04   0.000000e+00   0.000000e+00   1.560255e-03   9.155700e-03  -8.672470e-03   0.000000e+00
 0.000000e+00   0.000000e+00   3.612359e-03   0.000000e+00   0.000000e+00   9.155700e-03   1.545787e-01  -8.661903e-02   0.000000e+00
 0.000000e+00   0.000000e+00  -3.080441e-03   0.000000e+00   0.000000e+00  -8.672470e-03  -8.661903e-02   1.091378e-01   0.000000e+00
-2.232509e-05   1.757694e-04   0.000000e+00   1.203147e-06   1.300008e-03   0.000000e+00   0.000000e+00   0.000000e+00   4.118563e-02

# timestamp: 1774889207.0660596
 9.077494e-04   2.115288e-06   0.000000e+00   2.467305e-04   5.224167e-06   0.000000e+00   0.000000e+00   0.000000e+00  -2.277507e-05
 2.115288e-06   9.367460e-04   0.000000e+00   5.343861e-06   3.041334e-04   0.000000e+00   0.000000e+00   0.000000e+00   2.386634e-04
 0.000000e+00   0.000000e+00   1.200095e-03   0.000000e+00   0.000000e+00   8.310053e-04   4.044000e-03  -3.490337e-03   0.000000e+00
 2.467305e-04   5.343861e-06   0.000000e+00   3.986806e-04   1.268892e-05   0.000000e+00   0.000000e+00   0.000000e+00  -3.427516e-05
 5.224167e-06   3.041334e-04   0.000000e+00   1.268892e-05   5.431414e-04   0.000000e+00   0.000000e+00   0.000000e+00   1.482006e-03
 0.000000e+00   0.000000e+00   8.310053e-04   0.000000e+00   0.000000e+00   1.653219e-03   9.637086e-03  -9.202411e-03   0.000000e+00
 0.000000e+00   0.000000e+00   4.044000e-03   0.000000e+00   0.000000e+00   9.637086e-03   1.592171e-01  -8.661903e-02   0.000000e+00
 0.000000e+00   0.000000e+00  -3.490337e-03   0.000000e+00   0.000000e+00  -9.202411e-03  -8.661903e-02   1.137762e-01   0.000000e+00
-2.277507e-05   2.386634e-04   0.000000e+00  -3.427516e-05   1.482006e-03   0.000000e+00   0.000000e+00   0.000000e+00   4.582402e-02

# timestamp: 1774889207.4448955
 8.730214e-04   2.826868e-06   0.000000e+00   2.365327e-04   3.768049e-06   0.000000e+00   0.000000e+00   0.000000e+00  -5.244058e-05
 2.826868e-06   9.062110e-04   0.000000e+00   3.782803e-06   3.039565e-04   0.000000e+00   0.000000e+00   0.000000e+00   2.706783e-04
 0.000000e+00   0.000000e+00   1.133789e-03   0.000000e+00   0.000000e+00   7.736896e-04   4.077703e-03  -2.349918e-03   0.000000e+00
 2.365327e-04   3.782803e-06   0.000000e+00   3.944596e-04   1.221535e-06   0.000000e+00   0.000000e+00   0.000000e+00  -2.016699e-04
 3.768049e-06   3.039565e-04   0.000000e+00   1.221535e-06   5.664812e-04   0.000000e+00   0.000000e+00   0.000000e+00   1.546893e-03
 0.000000e+00   0.000000e+00   7.736896e-04   0.000000e+00   0.000000e+00   1.588607e-03   1.024619e-02  -6.664123e-03   0.000000e+00
 0.000000e+00   0.000000e+00   4.077703e-03   0.000000e+00   0.000000e+00   1.024619e-02   1.831577e-01  -6.684165e-02   0.000000e+00
 0.000000e+00   0.000000e+00  -2.349918e-03   0.000000e+00   0.000000e+00  -6.664123e-03  -6.684165e-02   7.648838e-02   0.000000e+00
-5.244058e-05   2.706783e-04   0.000000e+00  -2.016699e-04   1.546893e-03   0.000000e+00   0.000000e+00   0.000000e+00   4.373184e-02

# timestamp: 1774889207.4651415
 9.159713e-04   3.042709e-06   0.000000e+00   2.480317e-04   3.635204e-06   0.000000e+00   0.000000e+00   0.000000e+00  -5.854953e-05
 3.042709e-06   9.532240e-04   0.000000e+00   3.633403e-06   3.213022e-04   0.000000e+00   0.000000e+00   0.000000e+00   3.167496e-04
 0.000000e+00   0.000000e+00   1.209021e-03   0.000000e+00   0.000000e+00   8.293334e-04   4.377221e-03  -2.545405e-03   0.000000e+00
 2.480317e-04   3.633403e-06   0.000000e+00   3.975949e-04  -2.677256e-07   0.000000e+00   0.000000e+00   0.000000e+00  -2.273846e-04
 3.635204e-06   3.213022e-04   0.000000e+00  -2.677256e-07   5.780947e-04   0.000000e+00   0.000000e+00   0.000000e+00   1.670386e-03
 0.000000e+00   0.000000e+00   8.293334e-04   0.000000e+00   0.000000e+00   1.640046e-03   1.053186e-02  -6.914174e-03   0.000000e+00
 0.000000e+00   0.000000e+00   4.377221e-03   0.000000e+00   0.000000e+00   1.053186e-02   1.860508e-01  -6.684165e-02   0.000000e+00
 0.000000e+00   0.000000e+00  -2.545405e-03   0.000000e+00   0.000000e+00  -6.914174e-03  -6.684165e-02   7.938151e-02   0.000000e+00
-5.854953e-05   3.167496e-04   0.000000e+00  -2.273846e-04   1.670386e-03   0.000000e+00   0.000000e+00   0.000000e+00   4.662498e-02

# timestamp: 1774889207.7456143
 8.788129e-04   1.974904e-06   0.000000e+00   2.378384e-04   1.217052e-07   0.000000e+00   0.000000e+00   0.000000e+00  -7.895522e-05
 1.974904e-06   9.183251e-04   0.000000e+00  -1.280676e-07   3.172861e-04   0.000000e+00   0.000000e+00   0.000000e+00   3.291537e-04
 0.000000e+00   0.000000e+00   1.150489e-03   0.000000e+00   0.000000e+00   7.957718e-04   4.449304e-03  -1.941234e-03   0.000000e+00
 2.378384e-04  -1.280676e-07   0.000000e+00   3.961093e-04  -1.293493e-05   0.000000e+00   0.000000e+00   0.000000e+00  -3.676022e-04
 1.217052e-07   3.172861e-04   0.000000e+00  -1.293493e-05   5.892540e-04   0.000000e+00   0.000000e+00   0.000000e+00   1.614675e-03
 0.000000e+00   0.000000e+00   7.957718e-04   0.000000e+00   0.000000e+00   1.627809e-03   1.119616e-02  -5.544951e-03   0.000000e+00
 0.000000e+00   0.000000e+00   4.449304e-03   0.000000e+00   0.000000e+00   1.119616e-02   2.019488e-01  -5.376419e-02   0.000000e+00
 0.000000e+00   0.000000e+00  -1.941234e-03   0.000000e+00   0.000000e+00  -5.544951e-03  -5.376419e-02   6.302200e-02   0.000000e+00
-7.895522e-05   3.291537e-04   0.000000e+00  -3.676022e-04   1.614675e-03   0.000000e+00   0.000000e+00   0.000000e+00   4.425892e-02

# timestamp: 1774889207.7888987
 8.019866e-04   1.478417e-06   0.000000e+00   2.169360e-04  -2.791425e-07   0.000000e+00   0.000000e+00   0.000000e+00  -6.577080e-05
 1.478417e-06   8.352220e-04   0.000000e+00  -6.486234e-07   2.885861e-04   0.000000e+00   0.000000e+00   0.000000e+00   2.730726e-04
 0.000000e+00   0.000000e+00   1.019636e-03   0.000000e+00   0.000000e+00   6.988558e-04   3.927394e-03  -1.514784e-03   0.000000e+00
 2.169360e-04  -6.486234e-07   0.000000e+00   3.906155e-04  -1.399517e-05   0.000000e+00   0.000000e+00   0.000000e+00  -3.502520e-04
-2.791425e-07   2.885861e-04   0.000000e+00  -1.399517e-05   5.754179e-04   0.000000e+00   0.000000e+00   0.000000e+00   1.421597e-03
 0.000000e+00   0.000000e+00   6.988558e-04   0.000000e+00   0.000000e+00   1.540056e-03   1.080707e-02  -4.724304e-03   0.000000e+00
 0.000000e+00   0.000000e+00   3.927394e-03   0.000000e+00   0.000000e+00   1.080707e-02   2.014759e-01  -4.770818e-02   0.000000e+00
 0.000000e+00   0.000000e+00  -1.514784e-03   0.000000e+00   0.000000e+00  -4.724304e-03  -4.770818e-02   5.338244e-02   0.000000e+00
-6.577080e-05   2.730726e-04   0.000000e+00  -3.502520e-04   1.421597e-03   0.000000e+00   0.000000e+00   0.000000e+00   3.895116e-02

# timestamp: 1774889207.8190794
 8.518218e-04   1.421048e-06   0.000000e+00   2.305743e-04  -1.034473e-06   0.000000e+00   0.000000e+00   0.000000e+00  -7.853971e-05
 1.421048e-06   8.902333e-04   0.000000e+00  -1.592348e-06   3.095532e-04   0.000000e+00   0.000000e+00   0.000000e+00   3.236406e-04
 0.000000e+00   0.000000e+00   1.104303e-03   0.000000e+00   0.000000e+00   7.636067e-04   4.304972e-03  -1.680484e-03   0.000000e+00
 2.305743e-04  -1.592348e-06   0.000000e+00   3.951053e-04  -1.724747e-05   0.000000e+00   0.000000e+00   0.000000e+00  -4.071451e-04
-1.034473e-06   3.095532e-04   0.000000e+00  -1.724747e-05   5.882605e-04   0.000000e+00   0.000000e+00   0.000000e+00   1.551675e-03
 0.000000e+00   0.000000e+00   7.636067e-04   0.000000e+00   0.000000e+00   1.604649e-03   1.123974e-02  -4.966040e-03   0.000000e+00
 0.000000e+00   0.000000e+00   4.304972e-03   0.000000e+00   0.000000e+00   1.123974e-02   2.049189e-01  -4.770818e-02   0.000000e+00
 0.000000e+00   0.000000e+00  -1.680484e-03   0.000000e+00   0.000000e+00  -4.966040e-03  -4.770818e-02   5.682540e-02   0.000000e+00
-7.853971e-05   3.236406e-04   0.000000e+00  -4.071451e-04   1.551675e-03   0.000000e+00   0.000000e+00   0.000000e+00   4.239412e-02

# timestamp: 1774889208.0122013
 8.326756e-04   2.019161e-07   0.000000e+00   2.257838e-04  -4.302098e-06   0.000000e+00   0.000000e+00   0.000000e+00  -9.277602e-05
 2.019161e-07   8.728345e-04   0.000000e+00  -5.038658e-06   3.064788e-04   0.000000e+00   0.000000e+00   0.000000e+00   2.258330e-04
 0.000000e+00   0.000000e+00   1.066380e-03   0.000000e+00   0.000000e+00   7.267204e-04   4.046798e-03  -1.020336e-03   0.000000e+00
 2.257838e-04  -5.038658e-06   0.000000e+00   3.977613e-04  -2.929953e-05   0.000000e+00   0.000000e+00   0.000000e+00  -5.303232e-04
-4.302098e-06   3.064788e-04   0.000000e+00  -2.929953e-05   5.930489e-04   0.000000e+00   0.000000e+00   0.000000e+00   1.470315e-03
 0.000000e+00   0.000000e+00   7.267204e-04   0.000000e+00   0.000000e+00   1.562606e-03   1.107034e-02  -3.531208e-03   0.000000e+00
 0.000000e+00   0.000000e+00   4.046798e-03   0.000000e+00   0.000000e+00   1.107034e-02   2.065050e-01  -2.851948e-02   0.000000e+00
 0.000000e+00   0.000000e+00  -1.020336e-03   0.000000e+00   0.000000e+00  -3.531208e-03  -2.851948e-02   4.631094e-02   0.000000e+00
-9.277602e-05   2.258330e-04   0.000000e+00  -5.303232e-04   1.470315e-03   0.000000e+00   0.000000e+00   0.000000e+00   4.081625e-02

# timestamp: 1774889208.0410542
 8.785855e-04  -1.286930e-07   0.000000e+00   2.385134e-04  -5.559756e-06   0.000000e+00   0.000000e+00   0.000000e+00  -1.102286e-04
-1.286930e-07   9.240102e-04   0.000000e+00  -6.435300e-06   3.259526e-04   0.000000e+00   0.000000e+00   0.000000e+00   2.733107e-04
 0.000000e+00   0.000000e+00   1.145090e-03   0.000000e+00   0.000000e+00   7.867120e-04   4.398904e-03  -1.133170e-03   0.000000e+00
 2.385134e-04  -6.435300e-06   0.000000e+00   4.028045e-04  -3.347061e-05   0.000000e+00   0.000000e+00   0.000000e+00  -6.024409e-04
-5.559756e-06   3.259526e-04   0.000000e+00  -3.347061e-05   6.047947e-04   0.000000e+00   0.000000e+00   0.000000e+00   1.590731e-03
 0.000000e+00   0.000000e+00   7.867120e-04   0.000000e+00   0.000000e+00   1.624172e-03   1.150197e-02  -3.715154e-03   0.000000e+00
 0.000000e+00   0.000000e+00   4.398904e-03   0.000000e+00   0.000000e+00   1.150197e-02   2.096404e-01  -2.851948e-02   0.000000e+00
 0.000000e+00   0.000000e+00  -1.133170e-03   0.000000e+00   0.000000e+00  -3.715154e-03  -2.851948e-02   4.944639e-02   0.000000e+00
-1.102286e-04   2.733107e-04   0.000000e+00  -6.024409e-04   1.590731e-03   0.000000e+00   0.000000e+00   0.000000e+00   4.395169e-02

# timestamp: 1774889208.05676
 8.968148e-04  -2.822942e-07   0.000000e+00   2.435584e-04  -6.104659e-06   0.000000e+00   0.000000e+00   0.000000e+00  -1.177294e-04
-2.822942e-07   9.444227e-04   0.000000e+00  -7.042786e-06   3.337319e-04   0.000000e+00   0.000000e+00   0.000000e+00   2.930284e-04
 0.000000e+00   0.000000e+00   1.177016e-03   0.000000e+00   0.000000e+00   8.110412e-04   4.540906e-03  -1.179095e-03   0.000000e+00
 2.435584e-04  -7.042786e-06   0.000000e+00   4.048508e-04  -3.522010e-05   0.000000e+00   0.000000e+00   0.000000e+00  -6.321108e-04
-6.104659e-06   3.337319e-04   0.000000e+00  -3.522010e-05   6.095915e-04   0.000000e+00   0.000000e+00   0.000000e+00   1.640271e-03
 0.000000e+00   0.000000e+00   8.110412e-04   0.000000e+00   0.000000e+00   1.649010e-03   1.167267e-02  -3.789617e-03   0.000000e+00
 0.000000e+00   0.000000e+00   4.540906e-03   0.000000e+00   0.000000e+00   1.167267e-02   2.108705e-01  -2.851948e-02   0.000000e+00
 0.000000e+00   0.000000e+00  -1.179095e-03   0.000000e+00   0.000000e+00  -3.789617e-03  -2.851948e-02   5.067641e-02   0.000000e+00
-1.177294e-04   2.930284e-04   0.000000e+00  -6.321108e-04   1.640271e-03   0.000000e+00   0.000000e+00   0.000000e+00   4.518172e-02

# timestamp: 1774889208.0788605
 7.767790e-04  -2.229965e-07   0.000000e+00   2.107533e-04  -4.942284e-06   0.000000e+00   0.000000e+00   0.000000e+00  -8.559433e-05
-2.229965e-07   8.121870e-04   0.000000e+00  -5.776337e-06   2.857432e-04   0.000000e+00   0.000000e+00   0.000000e+00   2.118866e-04
 0.000000e+00   0.000000e+00   9.721007e-04   0.000000e+00   0.000000e+00   6.518883e-04   3.553532e-03  -7.001146e-04   0.000000e+00
 2.107533e-04  -5.776337e-06   0.000000e+00   3.949565e-04  -3.182846e-05   0.000000e+00   0.000000e+00   0.000000e+00  -5.279895e-04
-4.942284e-06   2.857432e-04   0.000000e+00  -3.182846e-05   5.834518e-04   0.000000e+00   0.000000e+00   0.000000e+00   1.339287e-03
 0.000000e+00   0.000000e+00   6.518883e-04   0.000000e+00   0.000000e+00   1.476932e-03   1.038537e-02  -2.668768e-03   0.000000e+00
 0.000000e+00   0.000000e+00   3.553532e-03   0.000000e+00   0.000000e+00   1.038537e-02   2.005231e-01  -1.749245e-02   0.000000e+00
 0.000000e+00   0.000000e+00  -7.001146e-04   0.000000e+00   0.000000e+00  -2.668768e-03  -1.749245e-02   3.970009e-02   0.000000e+00
-8.559433e-05   2.118866e-04   0.000000e+00  -5.279895e-04   1.339287e-03   0.000000e+00   0.000000e+00   0.000000e+00   3.710214e-02

# timestamp: 1774889208.3601604
 9.092411e-04  -4.156270e-06   0.000000e+00   2.502580e-04  -1.450358e-05   0.000000e+00   0.000000e+00   0.000000e+00  -1.571883e-04
-4.156270e-06   9.630144e-04   0.000000e+00  -1.753599e-05   3.471026e-04   0.000000e+00   0.000000e+00   0.000000e+00   3.439281e-04
 0.000000e+00   0.000000e+00   1.174188e-03   0.000000e+00   0.000000e+00   7.747909e-04   3.862002e-03  -3.187754e-04   0.000000e+00
 2.502580e-04  -1.753599e-05   0.000000e+00   4.238919e-04  -6.377958e-05   0.000000e+00   0.000000e+00   0.000000e+00  -9.672196e-04
-1.450358e-05   3.471026e-04   0.000000e+00  -6.377958e-05   6.216224e-04   0.000000e+00   0.000000e+00   0.000000e+00   1.651798e-03
 0.000000e+00   0.000000e+00   7.747909e-04   0.000000e+00   0.000000e+00   1.555796e-03   1.039654e-02  -1.495761e-03   0.000000e+00
 0.000000e+00   0.000000e+00   3.862002e-03   0.000000e+00   0.000000e+00   1.039654e-02   1.928282e-01   8.023374e-03   0.000000e+00
 0.000000e+00   0.000000e+00  -3.187754e-04   0.000000e+00   0.000000e+00  -1.495761e-03   8.023374e-03   4.783388e-02   0.000000e+00
-1.571883e-04   3.439281e-04   0.000000e+00  -9.672196e-04   1.651798e-03   0.000000e+00   0.000000e+00   0.000000e+00   4.619296e-02

# timestamp: 1774889208.3916016
 8.260058e-04  -3.872901e-06   0.000000e+00   2.277662e-04  -1.390611e-05   0.000000e+00   0.000000e+00   0.000000e+00  -1.375327e-04
-3.872901e-06   8.702416e-04   0.000000e+00  -1.649028e-05   3.131552e-04   0.000000e+00   0.000000e+00   0.000000e+00   2.818124e-04
 0.000000e+00   0.000000e+00   1.028051e-03   0.000000e+00   0.000000e+00   6.508944e-04   2.938928e-03  -1.789117e-05   0.000000e+00
 2.277662e-04  -1.649028e-05   0.000000e+00   4.182812e-04  -6.261016e-05   0.000000e+00   0.000000e+00   0.000000e+00  -8.827356e-04
-1.390611e-05   3.131552e-04   0.000000e+00  -6.261016e-05   6.031163e-04   0.000000e+00   0.000000e+00   0.000000e+00   1.432661e-03
 0.000000e+00   0.000000e+00   6.508944e-04   0.000000e+00   0.000000e+00   1.384687e-03   8.553595e-03  -6.260284e-04   0.000000e+00
 0.000000e+00   0.000000e+00   2.938928e-03   0.000000e+00   0.000000e+00   8.553595e-03   1.700451e-01   2.093047e-02   0.000000e+00
 0.000000e+00   0.000000e+00  -1.789117e-05   0.000000e+00   0.000000e+00  -6.260284e-04   2.093047e-02   4.565024e-02   0.000000e+00
-1.375327e-04   2.818124e-04   0.000000e+00  -8.827356e-04   1.432661e-03   0.000000e+00   0.000000e+00   0.000000e+00   4.048910e-02

# timestamp: 1774889208.442337
 8.807129e-04  -5.109705e-06   0.000000e+00   2.439144e-04  -1.682930e-05   0.000000e+00   0.000000e+00   0.000000e+00  -1.719549e-04
-5.109705e-06   9.315694e-04   0.000000e+00  -1.979004e-05   3.367866e-04   0.000000e+00   0.000000e+00   0.000000e+00   3.368958e-04
 0.000000e+00   0.000000e+00   1.115795e-03   0.000000e+00   0.000000e+00   7.119917e-04   3.262565e-03  -4.241165e-05   0.000000e+00
 2.439144e-04  -1.979004e-05   0.000000e+00   4.272180e-04  -6.972735e-05   0.000000e+00   0.000000e+00   0.000000e+00  -1.001475e-03
-1.682930e-05   3.367866e-04   0.000000e+00  -6.972735e-05   6.162663e-04   0.000000e+00   0.000000e+00   0.000000e+00   1.567406e-03
 0.000000e+00   0.000000e+00   7.119917e-04   0.000000e+00   0.000000e+00   1.441192e-03   8.965639e-03  -7.189864e-04   0.000000e+00
 0.000000e+00   0.000000e+00   3.262565e-03   0.000000e+00   0.000000e+00   8.965639e-03   1.737629e-01   2.093047e-02   0.000000e+00
 0.000000e+00   0.000000e+00  -4.241165e-05   0.000000e+00   0.000000e+00  -7.189864e-04   2.093047e-02   4.936802e-02   0.000000e+00
-1.719549e-04   3.368958e-04   0.000000e+00  -1.001475e-03   1.567406e-03   0.000000e+00   0.000000e+00   0.000000e+00   4.420688e-02

# timestamp: 1774889208.6673896
 9.323746e-04  -1.052426e-05   0.000000e+00   2.641551e-04  -2.780509e-05   0.000000e+00   0.000000e+00   0.000000e+00  -2.311168e-04
-1.052426e-05   9.903235e-04   0.000000e+00  -3.164201e-05   3.614418e-04   0.000000e+00   0.000000e+00   0.000000e+00   3.766187e-04
 0.000000e+00   0.000000e+00   1.175553e-03   0.000000e+00   0.000000e+00   7.097849e-04   2.743651e-03   3.300210e-04   0.000000e+00
 2.641551e-04  -3.164201e-05   0.000000e+00   4.543286e-04  -9.559431e-05   0.000000e+00   0.000000e+00   0.000000e+00  -1.273559e-03
-2.780509e-05   3.614418e-04   0.000000e+00  -9.559431e-05   6.291521e-04   0.000000e+00   0.000000e+00   0.000000e+00   1.639172e-03
 0.000000e+00   0.000000e+00   7.097849e-04   0.000000e+00   0.000000e+00   1.339636e-03   7.258368e-03   1.325623e-04   0.000000e+00
 0.000000e+00   0.000000e+00   2.743651e-03   0.000000e+00   0.000000e+00   7.258368e-03   1.506733e-01   3.952847e-02   0.000000e+00
 0.000000e+00   0.000000e+00   3.300210e-04   0.000000e+00   0.000000e+00   1.325623e-04   3.952847e-02   6.468587e-02   0.000000e+00
-2.311168e-04   3.766187e-04   0.000000e+00  -1.273559e-03   1.639172e-03   0.000000e+00   0.000000e+00   0.000000e+00   4.732367e-02

# timestamp: 1774889208.727373
 8.525103e-04  -9.424574e-06   0.000000e+00   2.423787e-04  -2.611573e-05   0.000000e+00   0.000000e+00   0.000000e+00  -2.013228e-04
-9.424574e-06   9.004701e-04   0.000000e+00  -2.932058e-05   3.279528e-04   0.000000e+00   0.000000e+00   0.000000e+00   3.089514e-04
 0.000000e+00   0.000000e+00   1.044759e-03   0.000000e+00   0.000000e+00   6.145906e-04   2.176759e-03   4.179349e-04   0.000000e+00
 2.423787e-04  -2.932058e-05   0.000000e+00   4.482288e-04  -9.256255e-05   0.000000e+00   0.000000e+00   0.000000e+00  -1.156030e-03
-2.611573e-05   3.279528e-04   0.000000e+00  -9.256255e-05   6.100196e-04   0.000000e+00   0.000000e+00   0.000000e+00   1.426599e-03
 0.000000e+00   0.000000e+00   6.145906e-04   0.000000e+00   0.000000e+00   1.227933e-03   6.165359e-03   4.924406e-04   0.000000e+00
 0.000000e+00   0.000000e+00   2.176759e-03   0.000000e+00   0.000000e+00   6.165359e-03   1.372857e-01   4.610868e-02   0.000000e+00
 0.000000e+00   0.000000e+00   4.179349e-04   0.000000e+00   0.000000e+00   4.924406e-04   4.610868e-02   6.653282e-02   0.000000e+00
-2.013228e-04   3.089514e-04   0.000000e+00  -1.156030e-03   1.426599e-03   0.000000e+00   0.000000e+00   0.000000e+00   4.204502e-02

# timestamp: 1774889208.7419558
 8.859262e-04  -1.071744e-05   0.000000e+00   2.528726e-04  -2.860307e-05   0.000000e+00   0.000000e+00   0.000000e+00  -2.277522e-04
-1.071744e-05   9.377946e-04   0.000000e+00  -3.204322e-05   3.422370e-04   0.000000e+00   0.000000e+00   0.000000e+00   3.413902e-04
 0.000000e+00   0.000000e+00   1.095249e-03   0.000000e+00   0.000000e+00   6.457310e-04   2.315864e-03   4.287056e-04   0.000000e+00
 2.528726e-04  -3.204322e-05   0.000000e+00   4.549428e-04  -9.739954e-05   0.000000e+00   0.000000e+00   0.000000e+00  -1.237538e-03
-2.860307e-05   3.422370e-04   0.000000e+00  -9.739954e-05   6.173853e-04   0.000000e+00   0.000000e+00   0.000000e+00   1.502881e-03
 0.000000e+00   0.000000e+00   6.457310e-04   0.000000e+00   0.000000e+00   1.251913e-03   6.344360e-03   4.595642e-04   0.000000e+00
 0.000000e+00   0.000000e+00   2.315864e-03   0.000000e+00   0.000000e+00   6.344360e-03   1.395208e-01   4.610868e-02   0.000000e+00
 0.000000e+00   0.000000e+00   4.287056e-04   0.000000e+00   0.000000e+00   4.595642e-04   4.610868e-02   6.876787e-02   0.000000e+00
-2.277522e-04   3.413902e-04   0.000000e+00  -1.237538e-03   1.502881e-03   0.000000e+00   0.000000e+00   0.000000e+00   4.428007e-02

# timestamp: 1774889208.9836023
 7.941662e-04  -1.214993e-05   0.000000e+00   2.324925e-04  -3.235042e-05   0.000000e+00   0.000000e+00   0.000000e+00  -2.002348e-04
-1.214993e-05   8.337916e-04   0.000000e+00  -3.494947e-05   3.034490e-04   0.000000e+00   0.000000e+00   0.000000e+00   2.477430e-04
 0.000000e+00   0.000000e+00   9.425770e-04   0.000000e+00   0.000000e+00   5.239613e-04   1.523464e-03   5.871360e-04   0.000000e+00
 2.324925e-04  -3.494947e-05   0.000000e+00   4.646868e-04  -1.073743e-04   0.000000e+00   0.000000e+00   0.000000e+00  -1.171609e-03
-3.235042e-05   3.034490e-04   0.000000e+00  -1.073743e-04   5.930786e-04   0.000000e+00   0.000000e+00   0.000000e+00   1.225560e-03
 0.000000e+00   0.000000e+00   5.239613e-04   0.000000e+00   0.000000e+00   1.080448e-03   4.553899e-03   9.528193e-04   0.000000e+00
 0.000000e+00   0.000000e+00   1.523464e-03   0.000000e+00   0.000000e+00   4.553899e-03   1.186356e-01   6.128133e-02   0.000000e+00
 0.000000e+00   0.000000e+00   5.871360e-04   0.000000e+00   0.000000e+00   9.528193e-04   6.128133e-02   8.594437e-02   0.000000e+00
-2.002348e-04   2.477430e-04   0.000000e+00  -1.171609e-03   1.225560e-03   0.000000e+00   0.000000e+00   0.000000e+00   3.794308e-02

# timestamp: 1774889209.0156996
 8.491300e-04  -1.480238e-05   0.000000e+00   2.506067e-04  -3.707921e-05   0.000000e+00   0.000000e+00   0.000000e+00  -2.444300e-04
-1.480238e-05   8.941945e-04   0.000000e+00  -3.985303e-05   3.264455e-04   0.000000e+00   0.000000e+00   0.000000e+00   2.939134e-04
 0.000000e+00   0.000000e+00   1.020030e-03   0.000000e+00   0.000000e+00   5.675498e-04   1.693450e-03   6.220016e-04   0.000000e+00
 2.506067e-04  -3.985303e-05   0.000000e+00   4.759688e-04  -1.149835e-04   0.000000e+00   0.000000e+00   0.000000e+00  -1.297543e-03
-3.707921e-05   3.264455e-04   0.000000e+00  -1.149835e-04   6.044193e-04   0.000000e+00   0.000000e+00   0.000000e+00   1.347350e-03
 0.000000e+00   0.000000e+00   5.675498e-04   0.000000e+00   0.000000e+00   1.107257e-03   4.745576e-03   8.766200e-04   0.000000e+00
 0.000000e+00   0.000000e+00   1.693450e-03   0.000000e+00   0.000000e+00   4.745576e-03   1.223430e-01   6.128133e-02   0.000000e+00
 0.000000e+00   0.000000e+00   6.220016e-04   0.000000e+00   0.000000e+00   8.766200e-04   6.128133e-02   8.965171e-02   0.000000e+00
-2.444300e-04   2.939134e-04   0.000000e+00  -1.297543e-03   1.347350e-03   0.000000e+00   0.000000e+00   0.000000e+00   4.165042e-02

# timestamp: 1774889209.0595202
 9.214534e-04  -1.875782e-05   0.000000e+00   2.746270e-04  -4.380461e-05   0.000000e+00   0.000000e+00   0.000000e+00  -3.091550e-04
-1.875782e-05   9.740069e-04   0.000000e+00  -4.681472e-05   3.567151e-04   0.000000e+00   0.000000e+00   0.000000e+00   3.608960e-04
 0.000000e+00   0.000000e+00   1.123981e-03   0.000000e+00   0.000000e+00   6.255261e-04   1.923277e-03   6.615851e-04   0.000000e+00
 2.746270e-04  -4.681472e-05   0.000000e+00   4.915738e-04  -1.258512e-04   0.000000e+00   0.000000e+00   0.000000e+00  -1.472367e-03
-4.380461e-05   3.567151e-04   0.000000e+00  -1.258512e-04   6.200236e-04   0.000000e+00   0.000000e+00   0.000000e+00   1.516423e-03
 0.000000e+00   0.000000e+00   6.255261e-04   0.000000e+00   0.000000e+00   1.144016e-03   5.004510e-03   7.658753e-04   0.000000e+00
 0.000000e+00   0.000000e+00   1.923277e-03   0.000000e+00   0.000000e+00   5.004510e-03   1.270860e-01   6.128133e-02   0.000000e+00
 0.000000e+00   0.000000e+00   6.615851e-04   0.000000e+00   0.000000e+00   7.658753e-04   6.128133e-02   9.439473e-02   0.000000e+00
-3.091550e-04   3.608960e-04   0.000000e+00  -1.472367e-03   1.516423e-03   0.000000e+00   0.000000e+00   0.000000e+00   4.639345e-02

# timestamp: 1774889209.335308
 8.707857e-04  -2.186116e-05   0.000000e+00   2.664601e-04  -4.966713e-05   0.000000e+00   0.000000e+00   0.000000e+00  -2.463997e-04
-2.186116e-05   9.129056e-04   0.000000e+00  -5.041186e-05   3.324630e-04   0.000000e+00   0.000000e+00   0.000000e+00   2.462215e-04
 0.000000e+00   0.000000e+00   1.034322e-03   0.000000e+00   0.000000e+00   5.527154e-04   1.737251e-03   8.455682e-04   0.000000e+00
 2.664601e-04  -5.041186e-05   0.000000e+00   4.998887e-04  -1.364889e-04   0.000000e+00   0.000000e+00   0.000000e+00  -1.315521e-03
-4.966713e-05   3.324630e-04   0.000000e+00  -1.364889e-04   6.080200e-04   0.000000e+00   0.000000e+00   0.000000e+00   1.397777e-03
 0.000000e+00   0.000000e+00   5.527154e-04   0.000000e+00   0.000000e+00   1.043431e-03   4.531459e-03   9.601326e-04   0.000000e+00
 0.000000e+00   0.000000e+00   1.737251e-03   0.000000e+00   0.000000e+00   4.531459e-03   1.399571e-01   7.485802e-02   0.000000e+00
 0.000000e+00   0.000000e+00   8.455682e-04   0.000000e+00   0.000000e+00   9.601326e-04   7.485802e-02   1.003379e-01   0.000000e+00
-2.463997e-04   2.462215e-04   0.000000e+00  -1.315521e-03   1.397777e-03   0.000000e+00   0.000000e+00   0.000000e+00   4.248959e-02

# timestamp: 1774889209.3893409
 8.003233e-04  -1.899694e-05   0.000000e+00   2.453648e-04  -4.585869e-05   0.000000e+00   0.000000e+00   0.000000e+00  -2.118360e-04
-1.899694e-05   8.349699e-04   0.000000e+00  -4.623578e-05   3.034074e-04   0.000000e+00   0.000000e+00   0.000000e+00   2.135687e-04
 0.000000e+00   0.000000e+00   9.343407e-04   0.000000e+00   0.000000e+00   4.961135e-04   1.601666e-03   7.755470e-04   0.000000e+00
 2.453648e-04  -4.623578e-05   0.000000e+00   4.906421e-04  -1.317596e-04   0.000000e+00   0.000000e+00   0.000000e+00  -1.156898e-03
-4.585869e-05   3.034074e-04   0.000000e+00  -1.317596e-04   5.936541e-04   0.000000e+00   0.000000e+00   0.000000e+00   1.260438e-03
 0.000000e+00   0.000000e+00   4.961135e-04   0.000000e+00   0.000000e+00   1.000156e-03   4.406385e-03   1.048476e-03   0.000000e+00
 0.000000e+00   0.000000e+00   1.601666e-03   0.000000e+00   0.000000e+00   4.406385e-03   1.437587e-01   7.701719e-02   0.000000e+00
 0.000000e+00   0.000000e+00   7.755470e-04   0.000000e+00   0.000000e+00   1.048476e-03   7.701719e-02   9.430278e-02   0.000000e+00
-2.118360e-04   2.135687e-04   0.000000e+00  -1.156898e-03   1.260438e-03   0.000000e+00   0.000000e+00   0.000000e+00   3.793783e-02

# timestamp: 1774889209.4202962
 8.491907e-04  -2.212884e-05   0.000000e+00   2.619039e-04  -5.091745e-05   0.000000e+00   0.000000e+00   0.000000e+00  -2.497967e-04
-2.212884e-05   8.877129e-04   0.000000e+00  -5.106531e-05   3.235562e-04   0.000000e+00   0.000000e+00   0.000000e+00   2.550934e-04
 0.000000e+00   0.000000e+00   1.000014e-03   0.000000e+00   0.000000e+00   5.298484e-04   1.744929e-03   8.088376e-04   0.000000e+00
 2.619039e-04  -5.106531e-05   0.000000e+00   4.989465e-04  -1.382590e-04   0.000000e+00   0.000000e+00   0.000000e+00  -1.242676e-03
-5.091745e-05   3.235562e-04   0.000000e+00  -1.382590e-04   6.050765e-04   0.000000e+00   0.000000e+00   0.000000e+00   1.386124e-03
 0.000000e+00   0.000000e+00   5.298484e-04   0.000000e+00   0.000000e+00   1.016081e-03   4.477339e-03   9.110382e-04   0.000000e+00
 0.000000e+00   0.000000e+00   1.744929e-03   0.000000e+00   0.000000e+00   4.477339e-03   1.470016e-01   7.701719e-02   0.000000e+00
 0.000000e+00   0.000000e+00   8.088376e-04   0.000000e+00   0.000000e+00   9.110382e-04   7.701719e-02   9.754570e-02   0.000000e+00
-2.497967e-04   2.550934e-04   0.000000e+00  -1.242676e-03   1.386124e-03   0.000000e+00   0.000000e+00   0.000000e+00   4.118075e-02

# timestamp: 1774889209.6651006
 9.246203e-04  -3.110502e-05   0.000000e+00   2.901726e-04  -6.465416e-05   0.000000e+00   0.000000e+00   0.000000e+00  -2.687075e-04
-3.110502e-05   9.663398e-04   0.000000e+00  -6.327146e-05   3.544014e-04   0.000000e+00   0.000000e+00   0.000000e+00   2.947334e-04
 0.000000e+00   0.000000e+00   1.089310e-03   0.000000e+00   0.000000e+00   5.583317e-04   1.958402e-03   7.885837e-04   0.000000e+00
 2.901726e-04  -6.327146e-05   0.000000e+00   5.113791e-04  -1.556822e-04   0.000000e+00   0.000000e+00   0.000000e+00  -1.233930e-03
-6.465416e-05   3.544014e-04   0.000000e+00  -1.556822e-04   6.322707e-04   0.000000e+00   0.000000e+00   0.000000e+00   1.665754e-03
 0.000000e+00   0.000000e+00   5.583317e-04   0.000000e+00   0.000000e+00   9.973850e-04   4.387841e-03   3.327441e-04   0.000000e+00
 0.000000e+00   0.000000e+00   1.958402e-03   0.000000e+00   0.000000e+00   4.387841e-03   1.697778e-01   7.748405e-02   0.000000e+00
 0.000000e+00   0.000000e+00   7.885837e-04   0.000000e+00   0.000000e+00   3.327441e-04   7.748405e-02   9.437005e-02   0.000000e+00
-2.687075e-04   2.947334e-04   0.000000e+00  -1.233930e-03   1.665754e-03   0.000000e+00   0.000000e+00   0.000000e+00   4.559843e-02

# timestamp: 1774889209.700886
 8.433023e-04  -2.629858e-05   0.000000e+00   2.645638e-04  -5.829798e-05   0.000000e+00   0.000000e+00   0.000000e+00  -2.220121e-04
-2.629858e-05   8.773079e-04   0.000000e+00  -5.687535e-05   3.214385e-04   0.000000e+00   0.000000e+00   0.000000e+00   2.540590e-04
 0.000000e+00   0.000000e+00   9.766347e-04   0.000000e+00   0.000000e+00   4.987903e-04   1.786022e-03   6.615338e-04   0.000000e+00
 2.645638e-04  -5.687535e-05   0.000000e+00   4.981970e-04  -1.474032e-04   0.000000e+00   0.000000e+00   0.000000e+00  -1.050253e-03
-5.829798e-05   3.214385e-04   0.000000e+00  -1.474032e-04   6.155974e-04   0.000000e+00   0.000000e+00   0.000000e+00   1.492623e-03
 0.000000e+00   0.000000e+00   4.987903e-04   0.000000e+00   0.000000e+00   9.561771e-04   4.272704e-03   3.642069e-04   0.000000e+00
 0.000000e+00   0.000000e+00   1.786022e-03   0.000000e+00   0.000000e+00   4.272704e-03   1.727770e-01   7.424221e-02   0.000000e+00
 0.000000e+00   0.000000e+00   6.615338e-04   0.000000e+00   0.000000e+00   3.642069e-04   7.424221e-02   8.282110e-02   0.000000e+00
-2.220121e-04   2.540590e-04   0.000000e+00  -1.050253e-03   1.492623e-03   0.000000e+00   0.000000e+00   0.000000e+00   4.058861e-02

# timestamp: 1774889209.7172096
 8.621115e-04  -2.773315e-05   0.000000e+00   2.708169e-04  -6.041972e-05   0.000000e+00   0.000000e+00   0.000000e+00  -2.349521e-04
-2.773315e-05   8.975297e-04   0.000000e+00  -5.884381e-05   3.293609e-04   0.000000e+00   0.000000e+00   0.000000e+00   2.725135e-04
 0.000000e+00   0.000000e+00   1.001252e-03   0.000000e+00   0.000000e+00   5.107022e-04   1.838373e-03   6.657873e-04   0.000000e+00
 2.708169e-04  -5.884381e-05   0.000000e+00   5.006563e-04  -1.497025e-04   0.000000e+00   0.000000e+00   0.000000e+00  -1.074366e-03
-6.041972e-05   3.293609e-04   0.000000e+00  -1.497025e-04   6.208759e-04   0.000000e+00   0.000000e+00   0.000000e+00   1.547960e-03
 0.000000e+00   0.000000e+00   5.107022e-04   0.000000e+00   0.000000e+00   9.614875e-04   4.274632e-03   2.956963e-04   0.000000e+00
 0.000000e+00   0.000000e+00   1.838373e-03   0.000000e+00   0.000000e+00   4.274632e-03   1.740021e-01   7.424221e-02   0.000000e+00
 0.000000e+00   0.000000e+00   6.657873e-04   0.000000e+00   0.000000e+00   2.956963e-04   7.424221e-02   8.404621e-02   0.000000e+00
-2.349521e-04   2.725135e-04   0.000000e+00  -1.074366e-03   1.547960e-03   0.000000e+00   0.000000e+00   0.000000e+00   4.181372e-02

# timestamp: 1774889209.75158
 9.150517e-04  -3.197492e-05   0.000000e+00   2.883507e-04  -6.654088e-05   0.000000e+00   0.000000e+00   0.000000e+00  -2.723115e-04
-3.197492e-05   9.546039e-04   0.000000e+00  -6.450400e-05   3.517975e-04   0.000000e+00   0.000000e+00   0.000000e+00   3.270900e-04
 0.000000e+00   0.000000e+00   1.071022e-03   0.000000e+00   0.000000e+00   5.442032e-04   1.983631e-03   6.733569e-04   0.000000e+00
 2.883507e-04  -6.450400e-05   0.000000e+00   5.076245e-04  -1.564235e-04   0.000000e+00   0.000000e+00   0.000000e+00  -1.145135e-03
-6.654088e-05   3.517975e-04   0.000000e+00  -1.564235e-04   6.363048e-04   0.000000e+00   0.000000e+00   0.000000e+00   1.710368e-03
 0.000000e+00   0.000000e+00   5.442032e-04   0.000000e+00   0.000000e+00   9.772055e-04   4.283908e-03   9.677417e-05   0.000000e+00
 0.000000e+00   0.000000e+00   1.983631e-03   0.000000e+00   0.000000e+00   4.283908e-03   1.773978e-01   7.424221e-02   0.000000e+00
 0.000000e+00   0.000000e+00   6.733569e-04   0.000000e+00   0.000000e+00   9.677417e-05   7.424221e-02   8.744196e-02   0.000000e+00
-2.723115e-04   3.270900e-04   0.000000e+00  -1.145135e-03   1.710368e-03   0.000000e+00   0.000000e+00   0.000000e+00   4.520947e-02

# timestamp: 1774889209.9507837
 9.270051e-04  -3.589026e-05   0.000000e+00   2.928616e-04  -7.267483e-05   0.000000e+00   0.000000e+00   0.000000e+00  -2.709305e-04
-3.589026e-05   9.660364e-04   0.000000e+00  -6.894485e-05   3.613376e-04   0.000000e+00   0.000000e+00   0.000000e+00   4.037137e-04
 0.000000e+00   0.000000e+00   1.076111e-03   0.000000e+00   0.000000e+00   5.354483e-04   2.054262e-03   4.058233e-04   0.000000e+00
 2.928616e-04  -6.894485e-05   0.000000e+00   5.000768e-04  -1.583328e-04   0.000000e+00   0.000000e+00   0.000000e+00  -9.644276e-04
-7.267483e-05   3.613376e-04   0.000000e+00  -1.583328e-04   6.588695e-04   0.000000e+00   0.000000e+00   0.000000e+00   1.901716e-03
 0.000000e+00   0.000000e+00   5.354483e-04   0.000000e+00   0.000000e+00   9.501062e-04   3.966080e-03  -5.752678e-04   0.000000e+00
 0.000000e+00   0.000000e+00   2.054262e-03   0.000000e+00   0.000000e+00   3.966080e-03   1.916822e-01   6.168307e-02   0.000000e+00
 0.000000e+00   0.000000e+00   4.058233e-04   0.000000e+00   0.000000e+00  -5.752678e-04   6.168307e-02   7.287562e-02   0.000000e+00
-2.709305e-04   4.037137e-04   0.000000e+00  -9.644276e-04   1.901716e-03   0.000000e+00   0.000000e+00   0.000000e+00   4.596596e-02

# timestamp: 1774889209.969383
 7.982549e-04  -2.628404e-05   0.000000e+00   2.510276e-04  -5.943478e-05   0.000000e+00   0.000000e+00   0.000000e+00  -1.880287e-04
-2.628404e-05   8.267502e-04   0.000000e+00  -5.653486e-05   3.068314e-04   0.000000e+00   0.000000e+00   0.000000e+00   2.844043e-04
 0.000000e+00   0.000000e+00   9.062347e-04   0.000000e+00   0.000000e+00   4.503736e-04   1.724297e-03   3.134136e-04   0.000000e+00
 2.510276e-04  -5.653486e-05   0.000000e+00   4.823901e-04  -1.445313e-04   0.000000e+00   0.000000e+00   0.000000e+00  -7.660011e-04
-5.943478e-05   3.068314e-04   0.000000e+00  -1.445313e-04   6.264026e-04   0.000000e+00   0.000000e+00   0.000000e+00   1.547364e-03
 0.000000e+00   0.000000e+00   4.503736e-04   0.000000e+00   0.000000e+00   9.008322e-04   3.922100e-03  -3.638152e-04   0.000000e+00
 0.000000e+00   0.000000e+00   1.724297e-03   0.000000e+00   0.000000e+00   3.922100e-03   1.886745e-01   5.358119e-02   0.000000e+00
 0.000000e+00   0.000000e+00   3.134136e-04   0.000000e+00   0.000000e+00  -3.638152e-04   5.358119e-02   5.741582e-02   0.000000e+00
-1.880287e-04   2.844043e-04   0.000000e+00  -7.660011e-04   1.547364e-03   0.000000e+00   0.000000e+00   0.000000e+00   3.754275e-02

# timestamp: 1774889209.9998617
 8.631340e-04  -3.150819e-05   0.000000e+00   2.719485e-04  -6.675224e-05   0.000000e+00   0.000000e+00   0.000000e+00  -2.212534e-04
-3.150819e-05   8.966895e-04   0.000000e+00  -6.312410e-05   3.355661e-04   0.000000e+00   0.000000e+00   0.000000e+00   3.531712e-04
 0.000000e+00   0.000000e+00   9.888662e-04   0.000000e+00   0.000000e+00   4.894621e-04   1.890387e-03   2.944417e-04   0.000000e+00
 2.719485e-04  -6.312410e-05   0.000000e+00   4.883298e-04  -1.503361e-04   0.000000e+00   0.000000e+00   0.000000e+00  -8.091001e-04
-6.675224e-05   3.355661e-04   0.000000e+00  -1.503361e-04   6.476165e-04   0.000000e+00   0.000000e+00   0.000000e+00   1.754983e-03
 0.000000e+00   0.000000e+00   4.894621e-04   0.000000e+00   0.000000e+00   9.184048e-04   3.851085e-03  -6.163957e-04   0.000000e+00
 0.000000e+00   0.000000e+00   1.890387e-03   0.000000e+00   0.000000e+00   3.851085e-03   1.929349e-01   5.358119e-02   0.000000e+00
 0.000000e+00   0.000000e+00   2.944417e-04   0.000000e+00   0.000000e+00  -6.163957e-04   5.358119e-02   6.167617e-02   0.000000e+00
-2.212534e-04   3.531712e-04   0.000000e+00  -8.091001e-04   1.754983e-03   0.000000e+00   0.000000e+00   0.000000e+00   4.180310e-02

# timestamp: 1774889210.0387695
 9.111829e-04  -3.566530e-05   0.000000e+00   2.872594e-04  -7.231454e-05   0.000000e+00   0.000000e+00   0.000000e+00  -2.465102e-04
-3.566530e-05   9.488363e-04   0.000000e+00  -6.810143e-05   3.571718e-04   0.000000e+00   0.000000e+00   0.000000e+00   4.088074e-04
 0.000000e+00   0.000000e+00   1.050737e-03   0.000000e+00   0.000000e+00   5.184143e-04   2.008600e-03   2.735824e-04   0.000000e+00
 2.872594e-04  -6.810143e-05   0.000000e+00   4.926862e-04  -1.548226e-04   0.000000e+00   0.000000e+00   0.000000e+00  -8.429924e-04
-7.231454e-05   3.571718e-04   0.000000e+00  -1.548226e-04   6.643467e-04   0.000000e+00   0.000000e+00   0.000000e+00   1.918251e-03
 0.000000e+00   0.000000e+00   5.184143e-04   0.000000e+00   0.000000e+00   9.326970e-04   3.802432e-03  -8.121876e-04   0.000000e+00
 0.000000e+00   0.000000e+00   2.008600e-03   0.000000e+00   0.000000e+00   3.802432e-03   1.960167e-01   5.358119e-02   0.000000e+00
 0.000000e+00   0.000000e+00   2.735824e-04   0.000000e+00   0.000000e+00  -8.121876e-04   5.358119e-02   6.475797e-02   0.000000e+00
-2.465102e-04   4.088074e-04   0.000000e+00  -8.429924e-04   1.918251e-03   0.000000e+00   0.000000e+00   0.000000e+00   4.488490e-02

# timestamp: 1774889210.271022
 9.439585e-04  -3.906006e-05   0.000000e+00   2.925749e-04  -6.994140e-05   0.000000e+00   0.000000e+00   0.000000e+00  -8.057034e-05
-3.906006e-05   9.884193e-04   0.000000e+00  -7.068435e-05   3.793221e-04   0.000000e+00   0.000000e+00   0.000000e+00   4.147843e-04
 0.000000e+00   0.000000e+00   1.073140e-03   0.000000e+00   0.000000e+00   5.053379e-04   1.225346e-03  -4.658182e-05   0.000000e+00
 2.925749e-04  -7.068435e-05   0.000000e+00   4.799665e-04  -1.458652e-04   0.000000e+00   0.000000e+00   0.000000e+00  -5.646731e-04
-6.994140e-05   3.793221e-04   0.000000e+00  -1.458652e-04   7.021442e-04   0.000000e+00   0.000000e+00   0.000000e+00   2.132464e-03
 0.000000e+00   0.000000e+00   5.053379e-04   0.000000e+00   0.000000e+00   9.013936e-04   2.611259e-03  -1.524603e-03   0.000000e+00
 0.000000e+00   0.000000e+00   1.225346e-03   0.000000e+00   0.000000e+00   2.611259e-03   2.103855e-01   4.463505e-02   0.000000e+00
 0.000000e+00   0.000000e+00  -4.658182e-05   0.000000e+00   0.000000e+00  -1.524603e-03   4.463505e-02   5.920312e-02   0.000000e+00
-8.057034e-05   4.147843e-04   0.000000e+00  -5.646731e-04   2.132464e-03   0.000000e+00   0.000000e+00   0.000000e+00   4.640728e-02

# timestamp: 1774889210.31401
 8.410376e-04  -3.065787e-05   0.000000e+00   2.592713e-04  -5.766774e-05   0.000000e+00   0.000000e+00   0.000000e+00   6.186490e-06
-3.065787e-05   8.767449e-04   0.000000e+00  -6.048786e-05   3.345804e-04   0.000000e+00   0.000000e+00   0.000000e+00   2.661447e-04
 0.000000e+00   0.000000e+00   9.388192e-04   0.000000e+00   0.000000e+00   4.350003e-04   7.134081e-04  -3.018097e-05   0.000000e+00
 2.592713e-04  -6.048786e-05   0.000000e+00   4.659064e-04  -1.338511e-04   0.000000e+00   0.000000e+00   0.000000e+00  -4.191238e-04
-5.766774e-05   3.345804e-04   0.000000e+00  -1.338511e-04   6.754393e-04   0.000000e+00   0.000000e+00   0.000000e+00   1.808544e-03
 0.000000e+00   0.000000e+00   4.350003e-04   0.000000e+00   0.000000e+00   8.503897e-04   2.121608e-03  -1.310464e-03   0.000000e+00
 0.000000e+00   0.000000e+00   7.134081e-04   0.000000e+00   0.000000e+00   2.121608e-03   2.122138e-01   4.542758e-02   0.000000e+00
 0.000000e+00   0.000000e+00  -3.018097e-05   0.000000e+00   0.000000e+00  -1.310464e-03   4.542758e-02   5.209697e-02   0.000000e+00
 6.186490e-06   2.661447e-04   0.000000e+00  -4.191238e-04   1.808544e-03   0.000000e+00   0.000000e+00   0.000000e+00   3.969671e-02

# timestamp: 1774889210.3574474
 9.314131e-04  -3.802512e-05   0.000000e+00   2.867184e-04  -6.563027e-05   0.000000e+00   0.000000e+00   0.000000e+00  -1.824026e-05
-3.802512e-05   9.767698e-04   0.000000e+00  -6.835385e-05   3.775144e-04   0.000000e+00   0.000000e+00   0.000000e+00   3.790971e-04
 0.000000e+00   0.000000e+00   1.051090e-03   0.000000e+00   0.000000e+00   4.859766e-04   8.293042e-04  -1.162122e-04   0.000000e+00
 2.867184e-04  -6.835385e-05   0.000000e+00   4.716853e-04  -1.369158e-04   0.000000e+00   0.000000e+00   0.000000e+00  -4.156448e-04
-6.563027e-05   3.775144e-04   0.000000e+00  -1.369158e-04   7.117494e-04   0.000000e+00   0.000000e+00   0.000000e+00   2.143137e-03
 0.000000e+00   0.000000e+00   4.859766e-04   0.000000e+00   0.000000e+00   8.794644e-04   1.753511e-03  -1.744451e-03   0.000000e+00
 0.000000e+00   0.000000e+00   8.293042e-04   0.000000e+00   0.000000e+00   1.753511e-03   2.180598e-01   4.542758e-02   0.000000e+00
 0.000000e+00   0.000000e+00  -1.162122e-04   0.000000e+00   0.000000e+00  -1.744451e-03   4.542758e-02   5.794295e-02   0.000000e+00
-1.824026e-05   3.790971e-04   0.000000e+00  -4.156448e-04   2.143137e-03   0.000000e+00   0.000000e+00   0.000000e+00   4.554269e-02

# timestamp: 1774889210.5909376
 8.162820e-04  -2.877336e-05   0.000000e+00   2.478895e-04  -5.242944e-05   0.000000e+00   0.000000e+00   0.000000e+00  -4.347453e-06
-2.877336e-05   8.550147e-04   0.000000e+00  -5.439655e-05   3.376658e-04   0.000000e+00   0.000000e+00   0.000000e+00   3.487218e-04
 0.000000e+00   0.000000e+00   9.013238e-04   0.000000e+00   0.000000e+00   4.087049e-04   2.649151e-04  -2.554419e-04   0.000000e+00
 2.478895e-04  -5.439655e-05   0.000000e+00   4.467150e-04  -1.085457e-04   0.000000e+00   0.000000e+00   0.000000e+00  -1.188532e-04
-5.242944e-05   3.376658e-04   0.000000e+00  -1.085457e-04   7.112330e-04   0.000000e+00   0.000000e+00   0.000000e+00   1.936286e-03
 0.000000e+00   0.000000e+00   4.087049e-04   0.000000e+00   0.000000e+00   8.335578e-04  -8.243366e-04  -2.156382e-03   0.000000e+00
 0.000000e+00   0.000000e+00   2.649151e-04   0.000000e+00   0.000000e+00  -8.243366e-04   2.371091e-01   5.218875e-02   0.000000e+00
 0.000000e+00   0.000000e+00  -2.554419e-04   0.000000e+00   0.000000e+00  -2.156382e-03   5.218875e-02   5.243875e-02   0.000000e+00
-4.347453e-06   3.487218e-04   0.000000e+00  -1.188532e-04   1.936286e-03   0.000000e+00   0.000000e+00   0.000000e+00   3.858854e-02

# timestamp: 1774889210.6224716
 8.699341e-04  -3.269915e-05   0.000000e+00   2.638251e-04  -5.631133e-05   0.000000e+00   0.000000e+00   0.000000e+00  -8.296093e-06
-3.269915e-05   9.154196e-04   0.000000e+00  -5.799992e-05   3.652501e-04   0.000000e+00   0.000000e+00   0.000000e+00   4.197055e-04
 0.000000e+00   0.000000e+00   9.669128e-04   0.000000e+00   0.000000e+00   4.400764e-04   2.311307e-04  -3.353637e-04   0.000000e+00
 2.638251e-04  -5.799992e-05   0.000000e+00   4.501343e-04  -1.078473e-04   0.000000e+00   0.000000e+00   0.000000e+00  -9.384779e-05
-5.631133e-05   3.652501e-04   0.000000e+00  -1.078473e-04   7.356443e-04   0.000000e+00   0.000000e+00   0.000000e+00   2.146132e-03
 0.000000e+00   0.000000e+00   4.400764e-04   0.000000e+00   0.000000e+00   8.620005e-04  -1.237154e-03  -2.468846e-03   0.000000e+00
 0.000000e+00   0.000000e+00   2.311307e-04   0.000000e+00   0.000000e+00  -1.237154e-03   2.406583e-01   5.218875e-02   0.000000e+00
 0.000000e+00   0.000000e+00  -3.353637e-04   0.000000e+00   0.000000e+00  -2.468846e-03   5.218875e-02   5.598787e-02   0.000000e+00
-8.296093e-06   4.197055e-04   0.000000e+00  -9.384779e-05   2.146132e-03   0.000000e+00   0.000000e+00   0.000000e+00   4.213766e-02

# timestamp: 1774889210.655264
 9.176047e-04  -3.633597e-05   0.000000e+00   2.778186e-04  -5.969000e-05   0.000000e+00   0.000000e+00   0.000000e+00  -1.108270e-05
-3.633597e-05   9.696570e-04   0.000000e+00  -6.107826e-05   3.902945e-04   0.000000e+00   0.000000e+00   0.000000e+00   4.870361e-04
 0.000000e+00   0.000000e+00   1.025894e-03   0.000000e+00   0.000000e+00   4.686073e-04   1.911149e-04  -4.131086e-04   0.000000e+00
 2.778186e-04  -6.107826e-05   0.000000e+00   4.531395e-04  -1.070205e-04   0.000000e+00   0.000000e+00   0.000000e+00  -7.009583e-05
-5.969000e-05   3.902945e-04   0.000000e+00  -1.070205e-04   7.587444e-04   0.000000e+00   0.000000e+00   0.000000e+00   2.345460e-03
 0.000000e+00   0.000000e+00   4.686073e-04   0.000000e+00   0.000000e+00   8.898797e-04  -1.598790e-03  -2.757580e-03   0.000000e+00
 0.000000e+00   0.000000e+00   1.911149e-04   0.000000e+00   0.000000e+00  -1.598790e-03   2.437505e-01   5.218875e-02   0.000000e+00
 0.000000e+00   0.000000e+00  -4.131086e-04   0.000000e+00   0.000000e+00  -2.757580e-03   5.218875e-02   5.908007e-02   0.000000e+00
-1.108270e-05   4.870361e-04   0.000000e+00  -7.009583e-05   2.345460e-03   0.000000e+00   0.000000e+00   0.000000e+00   4.522986e-02

# timestamp: 1774889210.6748214
 9.564091e-04  -3.939097e-05   0.000000e+00   2.890765e-04  -6.237753e-05   0.000000e+00   0.000000e+00   0.000000e+00  -1.265967e-05
-3.939097e-05   1.014251e-03   0.000000e+00  -6.349833e-05   4.111435e-04   0.000000e+00   0.000000e+00   0.000000e+00   5.464561e-04
 0.000000e+00   0.000000e+00   1.074443e-03   0.000000e+00   0.000000e+00   4.924325e-04   1.491828e-04  -4.833113e-04   0.000000e+00
 2.890765e-04  -6.349833e-05   0.000000e+00   4.555648e-04  -1.062027e-04   0.000000e+00   0.000000e+00   0.000000e+00  -5.015534e-05
-6.237753e-05   4.111435e-04   0.000000e+00  -1.062027e-04   7.785508e-04   0.000000e+00   0.000000e+00   0.000000e+00   2.512801e-03
 0.000000e+00   0.000000e+00   4.924325e-04   0.000000e+00   0.000000e+00   9.143654e-04  -1.889340e-03  -2.996526e-03   0.000000e+00
 0.000000e+00   0.000000e+00   1.491828e-04   0.000000e+00   0.000000e+00  -1.889340e-03   2.462270e-01   5.218875e-02   0.000000e+00
 0.000000e+00   0.000000e+00  -4.833113e-04   0.000000e+00   0.000000e+00  -2.996526e-03   5.218875e-02   6.155659e-02   0.000000e+00
-1.265967e-05   5.464561e-04   0.000000e+00  -5.015534e-05   2.512801e-03   0.000000e+00   0.000000e+00   0.000000e+00   4.770638e-02

# timestamp: 1774889210.9217439
 8.664174e-04  -2.962904e-05   0.000000e+00   2.580286e-04  -4.556614e-05   0.000000e+00   0.000000e+00   0.000000e+00   5.212937e-05
-2.962904e-05   9.223062e-04   0.000000e+00  -4.754005e-05   3.859656e-04   0.000000e+00   0.000000e+00   0.000000e+00   4.770458e-04
 0.000000e+00   0.000000e+00   9.701116e-04   0.000000e+00   0.000000e+00   4.852334e-04  -1.253022e-03  -9.157752e-04   0.000000e+00
 2.580286e-04  -4.754005e-05   0.000000e+00   4.376727e-04  -7.077347e-05   0.000000e+00   0.000000e+00   0.000000e+00   1.914095e-04
-4.556614e-05   3.859656e-04   0.000000e+00  -7.077347e-05   7.954043e-04   0.000000e+00   0.000000e+00   0.000000e+00   2.348970e-03
 0.000000e+00   0.000000e+00   4.852334e-04   0.000000e+00   0.000000e+00   1.105978e-03  -6.811272e-03  -4.820559e-03   0.000000e+00
 0.000000e+00   0.000000e+00  -1.253022e-03   0.000000e+00   0.000000e+00  -6.811272e-03   2.389578e-01   7.365027e-02   0.000000e+00
 0.000000e+00   0.000000e+00  -9.157752e-04   0.000000e+00   0.000000e+00  -4.820559e-03   7.365027e-02   6.994622e-02   0.000000e+00
 5.212937e-05   4.770458e-04   0.000000e+00   1.914095e-04   2.348970e-03   0.000000e+00   0.000000e+00   0.000000e+00   4.206317e-02

# timestamp: 1774889210.9400134
 8.973715e-04  -3.154488e-05   0.000000e+00   2.669730e-04  -4.681642e-05   0.000000e+00   0.000000e+00   0.000000e+00   5.617930e-05
-3.154488e-05   9.586232e-04   0.000000e+00  -4.867220e-05   4.038468e-04   0.000000e+00   0.000000e+00   0.000000e+00   5.256348e-04
 0.000000e+00   0.000000e+00   1.010618e-03   0.000000e+00   0.000000e+00   5.118390e-04  -1.393752e-03  -1.015404e-03   0.000000e+00
 2.669730e-04  -4.867220e-05   0.000000e+00   4.399353e-04  -6.874932e-05   0.000000e+00   0.000000e+00   0.000000e+00   2.162229e-04
-4.681642e-05   4.038468e-04   0.000000e+00  -6.874932e-05   8.126899e-04   0.000000e+00   0.000000e+00   0.000000e+00   2.486008e-03
 0.000000e+00   0.000000e+00   5.118390e-04   0.000000e+00   0.000000e+00   1.147270e-03  -7.181028e-03  -5.087678e-03   0.000000e+00
 0.000000e+00   0.000000e+00  -1.393752e-03   0.000000e+00   0.000000e+00  -7.181028e-03   2.409876e-01   7.365027e-02   0.000000e+00
 0.000000e+00   0.000000e+00  -1.015404e-03   0.000000e+00   0.000000e+00  -5.087678e-03   7.365027e-02   7.197602e-02   0.000000e+00
 5.617930e-05   5.256348e-04   0.000000e+00   2.162229e-04   2.486008e-03   0.000000e+00   0.000000e+00   0.000000e+00   4.409297e-02

# timestamp: 1774889210.9541912
 9.281658e-04  -3.347487e-05   0.000000e+00   2.758158e-04  -4.799117e-05   0.000000e+00   0.000000e+00   0.000000e+00   6.066248e-05
-3.347487e-05   9.950533e-04   0.000000e+00  -4.971625e-05   4.219342e-04   0.000000e+00   0.000000e+00   0.000000e+00   5.761804e-04
 0.000000e+00   0.000000e+00   1.051526e-03   0.000000e+00   0.000000e+00   5.392338e-04  -1.539503e-03  -1.118727e-03   0.000000e+00
 2.758158e-04  -4.971625e-05   0.000000e+00   4.421886e-04  -6.660267e-05   0.000000e+00   0.000000e+00   0.000000e+00   2.417493e-04
-4.799117e-05   4.219342e-04   0.000000e+00  -6.660267e-05   8.305505e-04   0.000000e+00   0.000000e+00   0.000000e+00   2.626984e-03
 0.000000e+00   0.000000e+00   5.392338e-04   0.000000e+00   0.000000e+00   1.189951e-03  -7.545759e-03  -5.356571e-03   0.000000e+00
 0.000000e+00   0.000000e+00  -1.539503e-03   0.000000e+00   0.000000e+00  -7.545759e-03   2.429837e-01   7.365027e-02   0.000000e+00
 0.000000e+00   0.000000e+00  -1.118727e-03   0.000000e+00   0.000000e+00  -5.356571e-03   7.365027e-02   7.397206e-02   0.000000e+00
 6.066248e-05   5.761804e-04   0.000000e+00   2.417493e-04   2.626984e-03   0.000000e+00   0.000000e+00   0.000000e+00   4.608901e-02

# timestamp: 1774889210.9784229
 8.632453e-04  -3.582365e-05   0.000000e+00   2.547804e-04  -6.284298e-05   0.000000e+00   0.000000e+00   0.000000e+00  -2.616586e-04
-3.582365e-05   9.401390e-04   0.000000e+00  -4.488324e-05   4.268994e-04   0.000000e+00   0.000000e+00   0.000000e+00   1.071008e-03
 0.000000e+00   0.000000e+00   9.859605e-04   0.000000e+00   0.000000e+00   5.213012e-04  -7.281873e-04  -1.482000e-03   0.000000e+00
 2.547804e-04  -4.488324e-05   0.000000e+00   4.348073e-04  -6.975976e-05   0.000000e+00   0.000000e+00   0.000000e+00   1.139023e-04
-6.284298e-05   4.268994e-04   0.000000e+00  -6.975976e-05   8.366953e-04   0.000000e+00   0.000000e+00   0.000000e+00   2.662788e-03
 0.000000e+00   0.000000e+00   5.213012e-04   0.000000e+00   0.000000e+00   1.199578e-03  -7.395883e-03  -5.602988e-03   0.000000e+00
 0.000000e+00   0.000000e+00  -7.281873e-04   0.000000e+00   0.000000e+00  -7.395883e-03   2.348200e-01   7.687047e-02   0.000000e+00
 0.000000e+00   0.000000e+00  -1.482000e-03   0.000000e+00   0.000000e+00  -5.602988e-03   7.687047e-02   7.379374e-02   0.000000e+00
-2.616586e-04   1.071008e-03   0.000000e+00   1.139023e-04   2.662788e-03   0.000000e+00   0.000000e+00   0.000000e+00   4.261637e-02

# timestamp: 1774889211.0060022
 8.451832e-04  -2.668070e-05   0.000000e+00   2.505922e-04  -3.820891e-05   0.000000e+00   0.000000e+00   0.000000e+00   1.224287e-04
-2.668070e-05   9.016924e-04   0.000000e+00  -4.240071e-05   3.823476e-04   0.000000e+00   0.000000e+00   0.000000e+00   4.393308e-04
 0.000000e+00   0.000000e+00   9.564881e-04   0.000000e+00   0.000000e+00   5.187862e-04  -2.009973e-03  -1.235858e-03   0.000000e+00
 2.505922e-04  -4.240071e-05   0.000000e+00   4.333222e-04  -5.798683e-05   0.000000e+00   0.000000e+00   0.000000e+00   2.647736e-04
-3.820891e-05   3.823476e-04   0.000000e+00  -5.798683e-05   8.065039e-04   0.000000e+00   0.000000e+00   0.000000e+00   2.309929e-03
 0.000000e+00   0.000000e+00   5.187862e-04   0.000000e+00   0.000000e+00   1.258082e-03  -8.659697e-03  -5.892349e-03   0.000000e+00
 0.000000e+00   0.000000e+00  -2.009973e-03   0.000000e+00   0.000000e+00  -8.659697e-03   2.299166e-01   8.106205e-02   0.000000e+00
 0.000000e+00   0.000000e+00  -1.235858e-03   0.000000e+00   0.000000e+00  -5.892349e-03   8.106205e-02   7.566215e-02   0.000000e+00
 1.224287e-04   4.393308e-04   0.000000e+00   2.647736e-04   2.309929e-03   0.000000e+00   0.000000e+00   0.000000e+00   4.048588e-02

# timestamp: 1774889211.242386
 9.021459e-04  -2.586706e-05   0.000000e+00   2.645322e-04  -3.118965e-05   0.000000e+00   0.000000e+00   0.000000e+00   1.124778e-04
-2.586706e-05   9.796986e-04   0.000000e+00  -3.436334e-05   4.356769e-04   0.000000e+00   0.000000e+00   0.000000e+00   5.962108e-04
 0.000000e+00   0.000000e+00   1.077138e-03   0.000000e+00   0.000000e+00   7.196306e-04  -3.452099e-03  -2.317842e-03   0.000000e+00
 2.645322e-04  -3.436334e-05   0.000000e+00   4.333532e-04  -2.925333e-05   0.000000e+00   0.000000e+00   0.000000e+00   3.837498e-04
-3.118965e-05   4.356769e-04   0.000000e+00  -2.925333e-05   8.823164e-04   0.000000e+00   0.000000e+00   0.000000e+00   2.682620e-03
 0.000000e+00   0.000000e+00   7.196306e-04   0.000000e+00   0.000000e+00   1.833361e-03  -1.283759e-02  -9.146271e-03   0.000000e+00
 0.000000e+00   0.000000e+00  -3.452099e-03   0.000000e+00   0.000000e+00  -1.283759e-02   2.206006e-01   9.161613e-02   0.000000e+00
 0.000000e+00   0.000000e+00  -2.317842e-03   0.000000e+00   0.000000e+00  -9.146271e-03   9.161613e-02   9.288381e-02   0.000000e+00
 1.124778e-04   5.962108e-04   0.000000e+00   3.837498e-04   2.682620e-03   0.000000e+00   0.000000e+00   0.000000e+00   4.462867e-02

# timestamp: 1774889211.2700675
 9.450158e-04  -2.770404e-05   0.000000e+00   2.767334e-04  -3.143963e-05   0.000000e+00   0.000000e+00   0.000000e+00   1.234468e-04
-2.770404e-05   1.032487e-03   0.000000e+00  -3.466400e-05   4.633527e-04   0.000000e+00   0.000000e+00   0.000000e+00   6.725907e-04
 0.000000e+00   0.000000e+00   1.146654e-03   0.000000e+00   0.000000e+00   7.853448e-04  -3.814126e-03  -2.576453e-03   0.000000e+00
 2.767334e-04  -3.466400e-05   0.000000e+00   4.367288e-04  -2.541564e-05   0.000000e+00   0.000000e+00   0.000000e+00   4.182328e-04
-3.143963e-05   4.633527e-04   0.000000e+00  -2.541564e-05   9.097536e-04   0.000000e+00   0.000000e+00   0.000000e+00   2.888660e-03
 0.000000e+00   0.000000e+00   7.853448e-04   0.000000e+00   0.000000e+00   1.938717e-03  -1.340802e-02  -9.633806e-03   0.000000e+00
 0.000000e+00   0.000000e+00  -3.814126e-03   0.000000e+00   0.000000e+00  -1.340802e-02   2.233822e-01   9.161613e-02   0.000000e+00
 0.000000e+00   0.000000e+00  -2.576453e-03   0.000000e+00   0.000000e+00  -9.633806e-03   9.161613e-02   9.566537e-02   0.000000e+00
 1.234468e-04   6.725907e-04   0.000000e+00   4.182328e-04   2.888660e-03   0.000000e+00   0.000000e+00   0.000000e+00   4.741023e-02

# timestamp: 1774889211.3126566
 9.299651e-04  -3.490498e-05   0.000000e+00   2.683589e-04  -5.518201e-05   0.000000e+00   0.000000e+00   0.000000e+00  -2.592374e-04
-3.490498e-05   1.040843e-03   0.000000e+00  -2.957502e-05   5.043120e-04   0.000000e+00   0.000000e+00   0.000000e+00   1.244698e-03
 0.000000e+00   0.000000e+00   1.149510e-03   0.000000e+00   0.000000e+00   8.257490e-04  -3.209705e-03  -3.184963e-03   0.000000e+00
 2.683589e-04  -2.957502e-05   0.000000e+00   4.322914e-04  -2.644993e-05   0.000000e+00   0.000000e+00   0.000000e+00   3.005779e-04
-5.518201e-05   5.043120e-04   0.000000e+00  -2.644993e-05   9.503937e-04   0.000000e+00   0.000000e+00   0.000000e+00   3.154047e-03
 0.000000e+00   0.000000e+00   8.257490e-04   0.000000e+00   0.000000e+00   2.069112e-03  -1.354173e-02  -1.053837e-02   0.000000e+00
 0.000000e+00   0.000000e+00  -3.209705e-03   0.000000e+00   0.000000e+00  -1.354173e-02   2.150991e-01   9.345823e-02   0.000000e+00
 0.000000e+00   0.000000e+00  -3.184963e-03   0.000000e+00   0.000000e+00  -1.053837e-02   9.345823e-02   9.979331e-02   0.000000e+00
-2.592374e-04   1.244698e-03   0.000000e+00   3.005779e-04   3.154047e-03   0.000000e+00   0.000000e+00   0.000000e+00   4.716267e-02

# timestamp: 1774889211.533691
 8.711564e-04  -1.955310e-05   0.000000e+00   2.514784e-04  -2.215743e-05   0.000000e+00   0.000000e+00   0.000000e+00   6.939905e-05
-1.955310e-05   9.559041e-04   0.000000e+00  -2.090001e-05   4.353573e-04   0.000000e+00   0.000000e+00   0.000000e+00   4.314993e-04
 0.000000e+00   0.000000e+00   1.082558e-03   0.000000e+00   0.000000e+00   8.523146e-04  -4.192824e-03  -2.567067e-03   0.000000e+00
 2.514784e-04  -2.090001e-05   0.000000e+00   4.251897e-04  -7.633465e-07   0.000000e+00   0.000000e+00   0.000000e+00   4.088249e-04
-2.215743e-05   4.353573e-04   0.000000e+00  -7.633465e-07   9.095554e-04   0.000000e+00   0.000000e+00   0.000000e+00   2.519437e-03
 0.000000e+00   0.000000e+00   8.523146e-04   0.000000e+00   0.000000e+00   2.403876e-03  -1.612377e-02  -1.069519e-02   0.000000e+00
 0.000000e+00   0.000000e+00  -4.192824e-03   0.000000e+00   0.000000e+00  -1.612377e-02   2.187354e-01   9.145776e-02   0.000000e+00
 0.000000e+00   0.000000e+00  -2.567067e-03   0.000000e+00   0.000000e+00  -1.069519e-02   9.145776e-02   9.022926e-02   0.000000e+00
 6.939905e-05   4.314993e-04   0.000000e+00   4.088249e-04   2.519437e-03   0.000000e+00   0.000000e+00   0.000000e+00   4.238801e-02

# timestamp: 1774889211.5710666
 9.323257e-04  -2.127015e-05   0.000000e+00   2.687981e-04  -2.162191e-05   0.000000e+00   0.000000e+00   0.000000e+00   8.660259e-05
-2.127015e-05   1.032746e-03   0.000000e+00  -2.026816e-05   4.755245e-04   0.000000e+00   0.000000e+00   0.000000e+00   5.367761e-04
 0.000000e+00   0.000000e+00   1.195974e-03   0.000000e+00   0.000000e+00   9.741983e-04  -4.853408e-03  -3.007083e-03   0.000000e+00
 2.687981e-04  -2.026816e-05   0.000000e+00   4.302284e-04   4.961652e-06   0.000000e+00   0.000000e+00   0.000000e+00   4.612991e-04
-2.162191e-05   4.755245e-04   0.000000e+00   4.961652e-06   9.456544e-04   0.000000e+00   0.000000e+00   0.000000e+00   2.791124e-03
 0.000000e+00   0.000000e+00   9.741983e-04   0.000000e+00   0.000000e+00   2.579777e-03  -1.693483e-02  -1.136276e-02   0.000000e+00
 0.000000e+00   0.000000e+00  -4.853408e-03   0.000000e+00   0.000000e+00  -1.693483e-02   2.227591e-01   9.145776e-02   0.000000e+00
 0.000000e+00   0.000000e+00  -3.007083e-03   0.000000e+00   0.000000e+00  -1.136276e-02   9.145776e-02   9.425298e-02   0.000000e+00
 8.660259e-05   5.367761e-04   0.000000e+00   4.612991e-04   2.791124e-03   0.000000e+00   0.000000e+00   0.000000e+00   4.641173e-02

# timestamp: 1774889211.6031737
 8.449209e-04  -1.752541e-05   0.000000e+00   2.420720e-04  -2.341479e-05   0.000000e+00   0.000000e+00   0.000000e+00  -2.008710e-05
-1.752541e-05   9.278436e-04   0.000000e+00  -1.686012e-05   4.239655e-04   0.000000e+00   0.000000e+00   0.000000e+00   3.651310e-04
 0.000000e+00   0.000000e+00   1.028660e-03   0.000000e+00   0.000000e+00   7.737500e-04  -3.394366e-03  -1.893796e-03   0.000000e+00
 2.420720e-04  -1.686012e-05   0.000000e+00   4.212903e-04   5.618451e-06   0.000000e+00   0.000000e+00   0.000000e+00   3.863811e-04
-2.341479e-05   4.239655e-04   0.000000e+00   5.618451e-06   9.051004e-04   0.000000e+00   0.000000e+00   0.000000e+00   2.383278e-03
 0.000000e+00   0.000000e+00   7.737500e-04   0.000000e+00   0.000000e+00   2.259483e-03  -1.471551e-02  -8.785516e-03   0.000000e+00
 0.000000e+00   0.000000e+00  -3.394366e-03   0.000000e+00   0.000000e+00  -1.471551e-02   2.084018e-01   7.290009e-02   0.000000e+00
 0.000000e+00   0.000000e+00  -1.893796e-03   0.000000e+00   0.000000e+00  -8.785516e-03   7.290009e-02   7.311090e-02   0.000000e+00
-2.008710e-05   3.651310e-04   0.000000e+00   3.863811e-04   2.383278e-03   0.000000e+00   0.000000e+00   0.000000e+00   4.053470e-02

# timestamp: 1774889211.6287138
 8.633719e-04  -1.802311e-05   0.000000e+00   2.472973e-04  -2.336979e-05   0.000000e+00   0.000000e+00   0.000000e+00  -1.525137e-05
-1.802311e-05   9.508801e-04   0.000000e+00  -1.663639e-05   4.359139e-04   0.000000e+00   0.000000e+00   0.000000e+00   3.948856e-04
 0.000000e+00   0.000000e+00   1.060597e-03   0.000000e+00   0.000000e+00   8.068019e-04  -3.577325e-03  -2.003132e-03   0.000000e+00
 2.472973e-04  -1.663639e-05   0.000000e+00   4.228327e-04   7.259781e-06   0.000000e+00   0.000000e+00   0.000000e+00   4.023391e-04
-2.336979e-05   4.359139e-04   0.000000e+00   7.259781e-06   9.150527e-04   0.000000e+00   0.000000e+00   0.000000e+00   2.457912e-03
 0.000000e+00   0.000000e+00   8.068019e-04   0.000000e+00   0.000000e+00   2.304047e-03  -1.492729e-02  -8.946842e-03   0.000000e+00
 0.000000e+00   0.000000e+00  -3.577325e-03   0.000000e+00   0.000000e+00  -1.492729e-02   2.096406e-01   7.290009e-02   0.000000e+00
 0.000000e+00   0.000000e+00  -2.003132e-03   0.000000e+00   0.000000e+00  -8.946842e-03   7.290009e-02   7.434975e-02   0.000000e+00
-1.525137e-05   3.948856e-04   0.000000e+00   4.023391e-04   2.457912e-03   0.000000e+00   0.000000e+00   0.000000e+00   4.177355e-02

# timestamp: 1774889211.8531013
 9.076325e-04  -1.572346e-05   0.000000e+00   2.565077e-04  -2.281571e-05   0.000000e+00   0.000000e+00   0.000000e+00  -1.101548e-04
-1.572346e-05   1.017306e-03   0.000000e+00  -6.299217e-06   4.786776e-04   0.000000e+00   0.000000e+00   0.000000e+00   4.809359e-04
 0.000000e+00   0.000000e+00   1.115624e-03   0.000000e+00   0.000000e+00   7.583768e-04  -2.314088e-03  -1.107403e-03   0.000000e+00
 2.565077e-04  -6.299217e-06   0.000000e+00   4.242298e-04   2.773402e-05   0.000000e+00   0.000000e+00   0.000000e+00   4.593734e-04
-2.281571e-05   4.786776e-04   0.000000e+00   2.773402e-05   9.491690e-04   0.000000e+00   0.000000e+00   0.000000e+00   2.571494e-03
 0.000000e+00   0.000000e+00   7.583768e-04   0.000000e+00   0.000000e+00   1.852720e-03  -9.488581e-03  -4.718765e-03   0.000000e+00
 0.000000e+00   0.000000e+00  -2.314088e-03   0.000000e+00   0.000000e+00  -9.488581e-03   1.680112e-01   2.034615e-02   0.000000e+00
 0.000000e+00   0.000000e+00  -1.107403e-03   0.000000e+00   0.000000e+00  -4.718765e-03   2.034615e-02   5.122206e-02   0.000000e+00
-1.101548e-04   4.809359e-04   0.000000e+00   4.593734e-04   2.571494e-03   0.000000e+00   0.000000e+00   0.000000e+00   4.488510e-02

# timestamp: 1774889211.885337
 7.954525e-04  -1.127383e-05   0.000000e+00   2.249539e-04  -1.684206e-05   0.000000e+00   0.000000e+00   0.000000e+00  -6.555612e-05
-1.127383e-05   8.786877e-04   0.000000e+00  -4.725988e-06   4.107030e-04   0.000000e+00   0.000000e+00   0.000000e+00   3.580337e-04
 0.000000e+00   0.000000e+00   9.448768e-04   0.000000e+00   0.000000e+00   6.092840e-04  -1.598164e-03  -6.418851e-04   0.000000e+00
 2.249539e-04  -4.725988e-06   0.000000e+00   4.144339e-04   2.653200e-05   0.000000e+00   0.000000e+00   0.000000e+00   3.953090e-04
-1.684206e-05   4.107030e-04   0.000000e+00   2.653200e-05   8.956166e-04   0.000000e+00   0.000000e+00   0.000000e+00   2.125602e-03
 0.000000e+00   0.000000e+00   6.092840e-04   0.000000e+00   0.000000e+00   1.573722e-03  -7.164480e-03  -3.100329e-03   0.000000e+00
 0.000000e+00   0.000000e+00  -1.598164e-03   0.000000e+00   0.000000e+00  -7.164480e-03   1.476888e-01   3.728200e-03   0.000000e+00
 0.000000e+00   0.000000e+00  -6.418851e-04   0.000000e+00   0.000000e+00  -3.100329e-03   3.728200e-03   4.109925e-02   0.000000e+00
-6.555612e-05   3.580337e-04   0.000000e+00   3.953090e-04   2.125602e-03   0.000000e+00   0.000000e+00   0.000000e+00   3.767082e-02

# timestamp: 1774889211.9273639
 8.559658e-04  -1.211455e-05   0.000000e+00   2.421104e-04  -1.598217e-05   0.000000e+00   0.000000e+00   0.000000e+00  -4.859550e-05
-1.211455e-05   9.554092e-04   0.000000e+00  -3.040688e-06   4.504002e-04   0.000000e+00   0.000000e+00   0.000000e+00   4.486045e-04
 0.000000e+00   0.000000e+00   1.039243e-03   0.000000e+00   0.000000e+00   6.813133e-04  -1.896404e-03  -7.729696e-04   0.000000e+00
 2.421104e-04  -3.040688e-06   0.000000e+00   4.196130e-04   3.166537e-05   0.000000e+00   0.000000e+00   0.000000e+00   4.460732e-04
-1.598217e-05   4.504002e-04   0.000000e+00   3.166537e-05   9.245235e-04   0.000000e+00   0.000000e+00   0.000000e+00   2.349923e-03
 0.000000e+00   0.000000e+00   6.813133e-04   0.000000e+00   0.000000e+00   1.631785e-03  -7.373822e-03  -3.348316e-03   0.000000e+00
 0.000000e+00   0.000000e+00  -1.896404e-03   0.000000e+00   0.000000e+00  -7.373822e-03   1.518136e-01   3.728200e-03   0.000000e+00
 0.000000e+00   0.000000e+00  -7.729696e-04   0.000000e+00   0.000000e+00  -3.348316e-03   3.728200e-03   4.522404e-02   0.000000e+00
-4.859550e-05   4.486045e-04   0.000000e+00   4.460732e-04   2.349923e-03   0.000000e+00   0.000000e+00   0.000000e+00   4.179561e-02

# timestamp: 1774889211.954268
 9.046112e-04  -1.269530e-05   0.000000e+00   2.557824e-04  -1.507803e-05   0.000000e+00   0.000000e+00   0.000000e+00  -3.368664e-05
-1.269530e-05   1.018162e-03   0.000000e+00  -1.473313e-06   4.828966e-04   0.000000e+00   0.000000e+00   0.000000e+00   5.267862e-04
 0.000000e+00   0.000000e+00   1.117811e-03   0.000000e+00   0.000000e+00   7.405595e-04  -2.137521e-03  -8.837575e-04   0.000000e+00
 2.557824e-04  -1.473313e-06   0.000000e+00   4.237838e-04   3.611879e-05   0.000000e+00   0.000000e+00   0.000000e+00   4.895665e-04
-1.507803e-05   4.828966e-04   0.000000e+00   3.611879e-05   9.491023e-04   0.000000e+00   0.000000e+00   0.000000e+00   2.542114e-03
 0.000000e+00   0.000000e+00   7.405595e-04   0.000000e+00   0.000000e+00   1.679877e-03  -7.542170e-03  -3.559141e-03   0.000000e+00
 0.000000e+00   0.000000e+00  -2.137521e-03   0.000000e+00   0.000000e+00  -7.542170e-03   1.550612e-01   3.728200e-03   0.000000e+00
 0.000000e+00   0.000000e+00  -8.837575e-04   0.000000e+00   0.000000e+00  -3.559141e-03   3.728200e-03   4.847163e-02   0.000000e+00
-3.368664e-05   5.267862e-04   0.000000e+00   4.895665e-04   2.542114e-03   0.000000e+00   0.000000e+00   0.000000e+00   4.504320e-02

# timestamp: 1774889212.1613748
 9.005192e-04  -7.486948e-06   0.000000e+00   2.531707e-04  -7.223949e-06   0.000000e+00   0.000000e+00   0.000000e+00  -5.916971e-05
-7.486948e-06   1.020931e-03   0.000000e+00   7.537834e-06   4.894549e-04   0.000000e+00   0.000000e+00   0.000000e+00   5.345038e-04
 0.000000e+00   0.000000e+00   1.106482e-03   0.000000e+00   0.000000e+00   6.775129e-04  -9.785955e-04  -6.228248e-04   0.000000e+00
 2.531707e-04   7.537834e-06   0.000000e+00   4.219609e-04   4.950026e-05   0.000000e+00   0.000000e+00   0.000000e+00   4.821035e-04
-7.223949e-06   4.894549e-04   0.000000e+00   4.950026e-05   9.479423e-04   0.000000e+00   0.000000e+00   0.000000e+00   2.458032e-03
 0.000000e+00   0.000000e+00   6.775129e-04   0.000000e+00   0.000000e+00   1.395753e-03  -3.354999e-03  -2.629248e-03   0.000000e+00
 0.000000e+00   0.000000e+00  -9.785955e-04   0.000000e+00   0.000000e+00  -3.354999e-03   1.236942e-01  -2.251138e-02   0.000000e+00
 0.000000e+00   0.000000e+00  -6.228248e-04   0.000000e+00   0.000000e+00  -2.629248e-03  -2.251138e-02   5.526699e-02   0.000000e+00
-5.916971e-05   5.345038e-04   0.000000e+00   4.821035e-04   2.458032e-03   0.000000e+00   0.000000e+00   0.000000e+00   4.451978e-02

# timestamp: 1774889212.2203004
 8.419657e-04  -4.901355e-06   0.000000e+00   2.368041e-04  -2.542830e-06   0.000000e+00   0.000000e+00   0.000000e+00  -1.548512e-05
-4.901355e-06   9.473792e-04   0.000000e+00   8.852598e-06   4.527311e-04   0.000000e+00   0.000000e+00   0.000000e+00   4.629356e-04
 0.000000e+00   0.000000e+00   1.018746e-03   0.000000e+00   0.000000e+00   6.111633e-04  -6.787727e-04  -5.191536e-04   0.000000e+00
 2.368041e-04   8.852598e-06   0.000000e+00   4.165035e-04   5.058514e-05   0.000000e+00   0.000000e+00   0.000000e+00   4.436301e-04
-2.542830e-06   4.527311e-04   0.000000e+00   5.058514e-05   9.183624e-04   0.000000e+00   0.000000e+00   0.000000e+00   2.220120e-03
 0.000000e+00   0.000000e+00   6.111633e-04   0.000000e+00   0.000000e+00   1.295269e-03  -2.094373e-03  -2.459986e-03   0.000000e+00
 0.000000e+00   0.000000e+00  -6.787727e-04   0.000000e+00   0.000000e+00  -2.094373e-03   1.128509e-01  -3.057540e-02   0.000000e+00
 0.000000e+00   0.000000e+00  -5.191536e-04   0.000000e+00   0.000000e+00  -2.459986e-03  -3.057540e-02   5.773655e-02   0.000000e+00
-1.548512e-05   4.629356e-04   0.000000e+00   4.436301e-04   2.220120e-03   0.000000e+00   0.000000e+00   0.000000e+00   4.071277e-02

# timestamp: 1774889212.2432766
 8.760173e-04  -4.727903e-06   0.000000e+00   2.464008e-04  -1.388207e-06   0.000000e+00   0.000000e+00   0.000000e+00  -5.134549e-06
-4.727903e-06   9.916334e-04   0.000000e+00   1.029688e-05   4.754611e-04   0.000000e+00   0.000000e+00   0.000000e+00   5.148524e-04
 0.000000e+00   0.000000e+00   1.070483e-03   0.000000e+00   0.000000e+00   6.431330e-04  -7.266130e-04  -5.768430e-04   0.000000e+00
 2.464008e-04   1.029688e-05   0.000000e+00   4.192812e-04   5.317306e-05   0.000000e+00   0.000000e+00   0.000000e+00   4.660240e-04
-1.388207e-06   4.754611e-04   0.000000e+00   5.317306e-05   9.344962e-04   0.000000e+00   0.000000e+00   0.000000e+00   2.348156e-03
 0.000000e+00   0.000000e+00   6.431330e-04   0.000000e+00   0.000000e+00   1.315167e-03  -2.062355e-03  -2.623399e-03   0.000000e+00
 0.000000e+00   0.000000e+00  -7.266130e-04   0.000000e+00   0.000000e+00  -2.062355e-03   1.151468e-01  -3.057540e-02   0.000000e+00
 0.000000e+00   0.000000e+00  -5.768430e-04   0.000000e+00   0.000000e+00  -2.623399e-03  -3.057540e-02   6.003238e-02   0.000000e+00
-5.134549e-06   5.148524e-04   0.000000e+00   4.660240e-04   2.348156e-03   0.000000e+00   0.000000e+00   0.000000e+00   4.300859e-02

# timestamp: 1774889212.4669611
 9.046276e-04   5.040234e-07   0.000000e+00   2.539683e-04   7.819077e-06   0.000000e+00   0.000000e+00   0.000000e+00  -4.167696e-06
 5.040234e-07   1.033586e-03   0.000000e+00   1.739621e-05   4.982249e-04   0.000000e+00   0.000000e+00   0.000000e+00   5.565551e-04
 0.000000e+00   0.000000e+00   1.116366e-03   0.000000e+00   0.000000e+00   6.587739e-04  -6.141839e-05  -8.546865e-04   0.000000e+00
 2.539683e-04   1.739621e-05   0.000000e+00   4.187574e-04   6.014439e-05   0.000000e+00   0.000000e+00   0.000000e+00   4.069176e-04
 7.819077e-06   4.982249e-04   0.000000e+00   6.014439e-05   9.428492e-04   0.000000e+00   0.000000e+00   0.000000e+00   2.412809e-03
 0.000000e+00   0.000000e+00   6.587739e-04   0.000000e+00   0.000000e+00   1.285384e-03   3.715873e-04  -3.757328e-03   0.000000e+00
 0.000000e+00   0.000000e+00  -6.141839e-05   0.000000e+00   0.000000e+00   3.715873e-04   1.048521e-01  -4.169503e-02   0.000000e+00
 0.000000e+00   0.000000e+00  -8.546865e-04   0.000000e+00   0.000000e+00  -3.757328e-03  -4.169503e-02   7.776148e-02   0.000000e+00
-4.167696e-06   5.565551e-04   0.000000e+00   4.069176e-04   2.412809e-03   0.000000e+00   0.000000e+00   0.000000e+00   4.514385e-02

# timestamp: 1774889212.5055327
 8.272243e-04   1.337750e-06   0.000000e+00   2.319231e-04   7.549430e-06   0.000000e+00   0.000000e+00   0.000000e+00  -4.801034e-05
 1.337750e-06   9.336091e-04   0.000000e+00   1.618398e-05   4.472632e-04   0.000000e+00   0.000000e+00   0.000000e+00   4.243168e-04
 0.000000e+00   0.000000e+00   1.001566e-03   0.000000e+00   0.000000e+00   5.905952e-04   2.359071e-04  -8.451437e-04   0.000000e+00
 2.319231e-04   1.618398e-05   0.000000e+00   4.113344e-04   5.683206e-05   0.000000e+00   0.000000e+00   0.000000e+00   3.271101e-04
 7.549430e-06   4.472632e-04   0.000000e+00   5.683206e-05   9.033871e-04   0.000000e+00   0.000000e+00   0.000000e+00   2.094461e-03
 0.000000e+00   0.000000e+00   5.905952e-04   0.000000e+00   0.000000e+00   1.244844e-03   1.168501e-03  -4.007825e-03   0.000000e+00
 0.000000e+00   0.000000e+00   2.359071e-04   0.000000e+00   0.000000e+00   1.168501e-03   9.462753e-02  -4.577486e-02   0.000000e+00
 0.000000e+00   0.000000e+00  -8.451437e-04   0.000000e+00   0.000000e+00  -4.007825e-03  -4.577486e-02   8.141088e-02   0.000000e+00
-4.801034e-05   4.243168e-04   0.000000e+00   3.271101e-04   2.094461e-03   0.000000e+00   0.000000e+00   0.000000e+00   3.991530e-02

# timestamp: 1774889212.5412588
 8.711039e-04   2.093746e-06   0.000000e+00   2.441977e-04   9.098274e-06   0.000000e+00   0.000000e+00   0.000000e+00  -3.814318e-05
 2.093746e-06   9.907629e-04   0.000000e+00   1.806139e-05   4.761478e-04   0.000000e+00   0.000000e+00   0.000000e+00   4.881206e-04
 0.000000e+00   0.000000e+00   1.067577e-03   0.000000e+00   0.000000e+00   6.314566e-04   2.720204e-04  -9.672174e-04   0.000000e+00
 2.441977e-04   1.806139e-05   0.000000e+00   4.145480e-04   5.891206e-05   0.000000e+00   0.000000e+00   0.000000e+00   3.422058e-04
 9.098274e-06   4.761478e-04   0.000000e+00   5.891206e-05   9.232198e-04   0.000000e+00   0.000000e+00   0.000000e+00   2.256960e-03
 0.000000e+00   0.000000e+00   6.314566e-04   0.000000e+00   0.000000e+00   1.279176e-03   1.311132e-03  -4.314682e-03   0.000000e+00
 0.000000e+00   0.000000e+00   2.720204e-04   0.000000e+00   0.000000e+00   1.311132e-03   9.760018e-02  -4.577486e-02   0.000000e+00
 0.000000e+00   0.000000e+00  -9.672174e-04   0.000000e+00   0.000000e+00  -4.314682e-03  -4.577486e-02   8.438353e-02   0.000000e+00
-3.814318e-05   4.881206e-04   0.000000e+00   3.422058e-04   2.256960e-03   0.000000e+00   0.000000e+00   0.000000e+00   4.288795e-02

# timestamp: 1774889212.5654464
 9.140798e-04   2.920989e-06   0.000000e+00   2.561154e-04   1.068889e-05   0.000000e+00   0.000000e+00   0.000000e+00  -2.817759e-05
 2.920989e-06   1.047489e-03   0.000000e+00   1.995493e-05   5.048057e-04   0.000000e+00   0.000000e+00   0.000000e+00   5.545272e-04
 0.000000e+00   0.000000e+00   1.133533e-03   0.000000e+00   0.000000e+00   6.722950e-04   3.110328e-04  -1.094048e-03   0.000000e+00
 2.561154e-04   1.995493e-05   0.000000e+00   4.176552e-04   6.103069e-05   0.000000e+00   0.000000e+00   0.000000e+00   3.577113e-04
 1.068889e-05   5.048057e-04   0.000000e+00   6.103069e-05   9.435616e-04   0.000000e+00   0.000000e+00   0.000000e+00   2.423870e-03
 0.000000e+00   0.000000e+00   6.722950e-04   0.000000e+00   0.000000e+00   1.314452e-03   1.447614e-03  -4.620697e-03   0.000000e+00
 0.000000e+00   0.000000e+00   3.110328e-04   0.000000e+00   0.000000e+00   1.447614e-03   1.004647e-01  -4.577486e-02   0.000000e+00
 0.000000e+00   0.000000e+00  -1.094048e-03   0.000000e+00   0.000000e+00  -4.620697e-03  -4.577486e-02   8.724801e-02   0.000000e+00
-2.817759e-05   5.545272e-04   0.000000e+00   3.577113e-04   2.423870e-03   0.000000e+00   0.000000e+00   0.000000e+00   4.575243e-02

# timestamp: 1774889212.8715487
 9.199455e-04   8.540439e-06   0.000000e+00   2.568477e-04   1.944845e-05   0.000000e+00   0.000000e+00   0.000000e+00   2.464066e-05
 8.540439e-06   1.058048e-03   0.000000e+00   2.474169e-05   5.076851e-04   0.000000e+00   0.000000e+00   0.000000e+00   5.763738e-04
 0.000000e+00   0.000000e+00   1.159032e-03   0.000000e+00   0.000000e+00   7.323523e-04   1.058231e-03  -2.003729e-03   0.000000e+00
 2.568477e-04   2.474169e-05   0.000000e+00   4.137181e-04   6.158802e-05   0.000000e+00   0.000000e+00   0.000000e+00   2.911106e-04
 1.944845e-05   5.076851e-04   0.000000e+00   6.158802e-05   9.336675e-04   0.000000e+00   0.000000e+00   0.000000e+00   2.418299e-03
 0.000000e+00   0.000000e+00   7.323523e-04   0.000000e+00   0.000000e+00   1.523918e-03   3.837670e-03  -7.579342e-03   0.000000e+00
 0.000000e+00   0.000000e+00   1.058231e-03   0.000000e+00   0.000000e+00   3.837670e-03   9.425495e-02  -5.549608e-02   0.000000e+00
 0.000000e+00   0.000000e+00  -2.003729e-03   0.000000e+00   0.000000e+00  -7.579342e-03  -5.549608e-02   1.132030e-01   0.000000e+00
 2.464066e-05   5.763738e-04   0.000000e+00   2.911106e-04   2.418299e-03   0.000000e+00   0.000000e+00   0.000000e+00   4.660734e-02

# timestamp: 1774889212.9143293
 8.375545e-04   7.549844e-06   0.000000e+00   2.334371e-04   1.712642e-05   0.000000e+00   0.000000e+00   0.000000e+00  -2.433760e-05
 7.549844e-06   9.494221e-04   0.000000e+00   2.198044e-05   4.515753e-04   0.000000e+00   0.000000e+00   0.000000e+00   4.247965e-04
 0.000000e+00   0.000000e+00   1.035034e-03   0.000000e+00   0.000000e+00   6.644991e-04   1.146843e-03  -1.913329e-03   0.000000e+00
 2.334371e-04   2.198044e-05   0.000000e+00   4.062182e-04   5.750327e-05   0.000000e+00   0.000000e+00   0.000000e+00   2.293959e-04
 1.712642e-05   4.515753e-04   0.000000e+00   5.750327e-05   8.913969e-04   0.000000e+00   0.000000e+00   0.000000e+00   2.079083e-03
 0.000000e+00   0.000000e+00   6.644991e-04   0.000000e+00   0.000000e+00   1.519213e-03   4.276670e-03  -7.898166e-03   0.000000e+00
 0.000000e+00   0.000000e+00   1.146843e-03   0.000000e+00   0.000000e+00   4.276670e-03   8.819574e-02  -5.906364e-02   0.000000e+00
 0.000000e+00   0.000000e+00  -1.913329e-03   0.000000e+00   0.000000e+00  -7.898166e-03  -5.906364e-02   1.158242e-01   0.000000e+00
-2.433760e-05   4.247965e-04   0.000000e+00   2.293959e-04   2.079083e-03   0.000000e+00   0.000000e+00   0.000000e+00   4.076575e-02

# timestamp: 1774889213.1760778
 9.426751e-04   1.243577e-05   0.000000e+00   2.609999e-04   2.008544e-05   0.000000e+00   0.000000e+00   0.000000e+00  -9.248250e-05
 1.243577e-05   1.086981e-03   0.000000e+00   2.640048e-05   5.156304e-04   0.000000e+00   0.000000e+00   0.000000e+00   5.477384e-04
 0.000000e+00   0.000000e+00   1.246255e-03   0.000000e+00   0.000000e+00   9.036435e-04   2.113676e-03  -3.463865e-03   0.000000e+00
 2.609999e-04   2.640048e-05   0.000000e+00   4.099880e-04   5.402837e-05   0.000000e+00   0.000000e+00   0.000000e+00   1.362680e-04
 2.008544e-05   5.156304e-04   0.000000e+00   5.402837e-05   9.249081e-04   0.000000e+00   0.000000e+00   0.000000e+00   2.412484e-03
 0.000000e+00   0.000000e+00   9.036435e-04   0.000000e+00   0.000000e+00   1.973239e-03   6.098567e-03  -1.143784e-02   0.000000e+00
 0.000000e+00   0.000000e+00   2.113676e-03   0.000000e+00   0.000000e+00   6.098567e-03   9.118570e-02  -6.269723e-02   0.000000e+00
 0.000000e+00   0.000000e+00  -3.463865e-03   0.000000e+00   0.000000e+00  -1.143784e-02  -6.269723e-02   1.397065e-01   0.000000e+00
-9.248250e-05   5.477384e-04   0.000000e+00   1.362680e-04   2.412484e-03   0.000000e+00   0.000000e+00   0.000000e+00   4.777552e-02

# timestamp: 1774889213.2576292
 9.054813e-04   1.191355e-05   0.000000e+00   2.505056e-04   2.009773e-05   0.000000e+00   0.000000e+00   0.000000e+00  -5.436179e-05
 1.191355e-05   1.037690e-03   0.000000e+00   2.452741e-05   4.897828e-04   0.000000e+00   0.000000e+00   0.000000e+00   5.069837e-04
 0.000000e+00   0.000000e+00   1.196119e-03   0.000000e+00   0.000000e+00   9.000140e-04   2.046230e-03  -3.640274e-03   0.000000e+00
 2.505056e-04   2.452741e-05   0.000000e+00   4.058813e-04   4.943470e-05   0.000000e+00   0.000000e+00   0.000000e+00   8.820747e-05
 2.009773e-05   4.897828e-04   0.000000e+00   4.943470e-05   9.022443e-04   0.000000e+00   0.000000e+00   0.000000e+00   2.269570e-03
 0.000000e+00   0.000000e+00   9.000140e-04   0.000000e+00   0.000000e+00   2.067325e-03   6.244147e-03  -1.228908e-02   0.000000e+00
 0.000000e+00   0.000000e+00   2.046230e-03   0.000000e+00   0.000000e+00   6.244147e-03   8.453131e-02  -6.204332e-02   0.000000e+00
 0.000000e+00   0.000000e+00  -3.640274e-03   0.000000e+00   0.000000e+00  -1.228908e-02  -6.204332e-02   1.454110e-01   0.000000e+00
-5.436179e-05   5.069837e-04   0.000000e+00   8.820747e-05   2.269570e-03   0.000000e+00   0.000000e+00   0.000000e+00   4.539382e-02

# timestamp: 1774889213.481583
 9.198401e-04   1.278169e-05   0.000000e+00   2.531427e-04   2.001284e-05   0.000000e+00   0.000000e+00   0.000000e+00  -5.252136e-05
 1.278169e-05   1.055353e-03   0.000000e+00   2.273626e-05   4.935727e-04   0.000000e+00   0.000000e+00   0.000000e+00   5.244550e-04
 0.000000e+00   0.000000e+00   1.271297e-03   0.000000e+00   0.000000e+00   1.056443e-03   2.389198e-03  -4.703572e-03   0.000000e+00
 2.531427e-04   2.273626e-05   0.000000e+00   4.039342e-04   3.905590e-05   0.000000e+00   0.000000e+00   0.000000e+00  -2.511166e-05
 2.001284e-05   4.935727e-04   0.000000e+00   3.905590e-05   8.929270e-04   0.000000e+00   0.000000e+00   0.000000e+00   2.261634e-03
 0.000000e+00   0.000000e+00   1.056443e-03   0.000000e+00   0.000000e+00   2.454351e-03   6.993220e-03  -1.484641e-02   0.000000e+00
 0.000000e+00   0.000000e+00   2.389198e-03   0.000000e+00   0.000000e+00   6.993220e-03   8.021907e-02  -6.167236e-02   0.000000e+00
 0.000000e+00   0.000000e+00  -4.703572e-03   0.000000e+00   0.000000e+00  -1.484641e-02  -6.167236e-02   1.603411e-01   0.000000e+00
-5.252136e-05   5.244550e-04   0.000000e+00  -2.511166e-05   2.261634e-03   0.000000e+00   0.000000e+00   0.000000e+00   4.636990e-02

# timestamp: 1774889213.5143864
 8.176987e-04   1.001860e-05   0.000000e+00   2.247683e-04   1.678288e-05   0.000000e+00   0.000000e+00   0.000000e+00  -7.114751e-05
 1.001860e-05   9.217250e-04   0.000000e+00   1.912945e-05   4.270299e-04   0.000000e+00   0.000000e+00   0.000000e+00   3.748861e-04
 0.000000e+00   0.000000e+00   1.090183e-03   0.000000e+00   0.000000e+00   9.189757e-04   2.057598e-03  -4.126479e-03   0.000000e+00
 2.247683e-04   1.912945e-05   0.000000e+00   3.957162e-04   3.523038e-05   0.000000e+00   0.000000e+00   0.000000e+00  -4.933679e-05
 1.678288e-05   4.270299e-04   0.000000e+00   3.523038e-05   8.453888e-04   0.000000e+00   0.000000e+00   0.000000e+00   1.883558e-03
 0.000000e+00   0.000000e+00   9.189757e-04   0.000000e+00   0.000000e+00   2.379299e-03   6.711671e-03  -1.461456e-02   0.000000e+00
 0.000000e+00   0.000000e+00   2.057598e-03   0.000000e+00   0.000000e+00   6.711671e-03   7.091543e-02  -6.116857e-02   0.000000e+00
 0.000000e+00   0.000000e+00  -4.126479e-03   0.000000e+00   0.000000e+00  -1.461456e-02  -6.116857e-02   1.594307e-01   0.000000e+00
-7.114751e-05   3.748861e-04   0.000000e+00  -4.933679e-05   1.883558e-03   0.000000e+00   0.000000e+00   0.000000e+00   3.934293e-02

# timestamp: 1774889213.5651894
 9.014923e-04   1.215841e-05   0.000000e+00   2.475659e-04   1.827122e-05   0.000000e+00   0.000000e+00   0.000000e+00  -7.469748e-05
 1.215841e-05   1.030122e-03   0.000000e+00   2.070109e-05   4.787560e-04   0.000000e+00   0.000000e+00   0.000000e+00   4.875719e-04
 0.000000e+00   0.000000e+00   1.260803e-03   0.000000e+00   0.000000e+00   1.091014e-03   2.448865e-03  -4.980482e-03   0.000000e+00
 2.475659e-04   2.070109e-05   0.000000e+00   4.015265e-04   3.302140e-05   0.000000e+00   0.000000e+00   0.000000e+00  -8.702046e-05
 1.827122e-05   4.787560e-04   0.000000e+00   3.302140e-05   8.772400e-04   0.000000e+00   0.000000e+00   0.000000e+00   2.162071e-03
 0.000000e+00   0.000000e+00   1.091014e-03   0.000000e+00   0.000000e+00   2.593533e-03   7.173016e-03  -1.572410e-02   0.000000e+00
 0.000000e+00   0.000000e+00   2.448865e-03   0.000000e+00   0.000000e+00   7.173016e-03   7.660689e-02  -6.116857e-02   0.000000e+00
 0.000000e+00   0.000000e+00  -4.980482e-03   0.000000e+00   0.000000e+00  -1.572410e-02  -6.116857e-02   1.651222e-01   0.000000e+00
-7.469748e-05   4.875719e-04   0.000000e+00  -8.702046e-05   2.162071e-03   0.000000e+00   0.000000e+00   0.000000e+00   4.503439e-02

# timestamp: 1774889213.8092694
 8.489874e-04   9.880552e-06   0.000000e+00   2.324048e-04   1.350437e-05   0.000000e+00   0.000000e+00   0.000000e+00  -9.548345e-05
 9.880552e-06   9.598636e-04   0.000000e+00   1.450447e-05   4.384605e-04   0.000000e+00   0.000000e+00   0.000000e+00   3.957685e-04
 0.000000e+00   0.000000e+00   1.224483e-03   0.000000e+00   0.000000e+00   1.165991e-03   2.454726e-03  -5.513256e-03   0.000000e+00
 2.324048e-04   1.450447e-05   0.000000e+00   3.963154e-04   1.579795e-05   0.000000e+00   0.000000e+00   0.000000e+00  -2.365955e-04
 1.350437e-05   4.384605e-04   0.000000e+00   1.579795e-05   8.312117e-04   0.000000e+00   0.000000e+00   0.000000e+00   1.885063e-03
 0.000000e+00   0.000000e+00   1.165991e-03   0.000000e+00   0.000000e+00   2.914114e-03   7.350645e-03  -1.748978e-02   0.000000e+00
 0.000000e+00   0.000000e+00   2.454726e-03   0.000000e+00   0.000000e+00   7.350645e-03   6.834304e-02  -5.857031e-02   0.000000e+00
 0.000000e+00   0.000000e+00  -5.513256e-03   0.000000e+00   0.000000e+00  -1.748978e-02  -5.857031e-02   1.735788e-01   0.000000e+00
-9.548345e-05   3.957685e-04   0.000000e+00  -2.365955e-04   1.885063e-03   0.000000e+00   0.000000e+00   0.000000e+00   4.200569e-02

# timestamp: 1774889213.8459866
 8.881268e-04   1.062957e-05   0.000000e+00   2.430384e-04   1.362160e-05   0.000000e+00   0.000000e+00   0.000000e+00  -1.020172e-04
 1.062957e-05   1.010262e-03   0.000000e+00   1.460678e-05   4.618774e-04   0.000000e+00   0.000000e+00   0.000000e+00   4.468287e-04
 0.000000e+00   0.000000e+00   1.315247e-03   0.000000e+00   0.000000e+00   1.262702e-03   2.651559e-03  -5.981818e-03   0.000000e+00
 2.430384e-04   1.460678e-05   0.000000e+00   3.993187e-04   1.372537e-05   0.000000e+00   0.000000e+00   0.000000e+00  -2.670889e-04
 1.362160e-05   4.618774e-04   0.000000e+00   1.372537e-05   8.449599e-04   0.000000e+00   0.000000e+00   0.000000e+00   2.009882e-03
 0.000000e+00   0.000000e+00   1.262702e-03   0.000000e+00   0.000000e+00   3.028356e-03   7.566357e-03  -1.803027e-02   0.000000e+00
 0.000000e+00   0.000000e+00   2.651559e-03   0.000000e+00   0.000000e+00   7.566357e-03   7.099583e-02  -5.857031e-02   0.000000e+00
 0.000000e+00   0.000000e+00  -5.981818e-03   0.000000e+00   0.000000e+00  -1.803027e-02  -5.857031e-02   1.762315e-01   0.000000e+00
-1.020172e-04   4.468287e-04   0.000000e+00  -2.670889e-04   2.009882e-03   0.000000e+00   0.000000e+00   0.000000e+00   4.465848e-02

# timestamp: 1774889213.8625927
 9.092354e-04   1.103059e-05   0.000000e+00   2.487436e-04   1.365237e-05   0.000000e+00   0.000000e+00   0.000000e+00  -1.058546e-04
 1.103059e-05   1.037658e-03   0.000000e+00   1.462304e-05   4.745821e-04   0.000000e+00   0.000000e+00   0.000000e+00   4.755065e-04
 0.000000e+00   0.000000e+00   1.365811e-03   0.000000e+00   0.000000e+00   1.316178e-03   2.759022e-03  -6.237949e-03   0.000000e+00
 2.487436e-04   1.462304e-05   0.000000e+00   4.009383e-04   1.254744e-05   0.000000e+00   0.000000e+00   0.000000e+00  -2.840683e-04
 1.365237e-05   4.745821e-04   0.000000e+00   1.254744e-05   8.525896e-04   0.000000e+00   0.000000e+00   0.000000e+00   2.079384e-03
 0.000000e+00   0.000000e+00   1.316178e-03   0.000000e+00   0.000000e+00   3.090681e-03   7.682133e-03  -1.832149e-02   0.000000e+00
 0.000000e+00   0.000000e+00   2.759022e-03   0.000000e+00   0.000000e+00   7.682133e-03   7.241084e-02  -5.857031e-02   0.000000e+00
 0.000000e+00   0.000000e+00  -6.237949e-03   0.000000e+00   0.000000e+00  -1.832149e-02  -5.857031e-02   1.776466e-01   0.000000e+00
-1.058546e-04   4.755065e-04   0.000000e+00  -2.840683e-04   2.079384e-03   0.000000e+00   0.000000e+00   0.000000e+00   4.607349e-02

# timestamp: 1774889213.8976617
 8.169104e-04   8.695800e-06   0.000000e+00   2.233898e-04   1.113610e-05   0.000000e+00   0.000000e+00   0.000000e+00  -1.171284e-04
 8.695800e-06   9.178859e-04   0.000000e+00   1.226269e-05   4.163721e-04   0.000000e+00   0.000000e+00   0.000000e+00   3.497179e-04
 0.000000e+00   0.000000e+00   1.176614e-03   0.000000e+00   0.000000e+00   1.146702e-03   2.408403e-03  -5.439013e-03   0.000000e+00
 2.233898e-04   1.226269e-05   0.000000e+00   3.938458e-04   1.047143e-05   0.000000e+00   0.000000e+00   0.000000e+00  -2.718285e-04
 1.113610e-05   4.163721e-04   0.000000e+00   1.047143e-05   8.117713e-04   0.000000e+00   0.000000e+00   0.000000e+00   1.756019e-03
 0.000000e+00   0.000000e+00   1.146702e-03   0.000000e+00   0.000000e+00   2.955585e-03   7.359067e-03  -1.767117e-02   0.000000e+00
 0.000000e+00   0.000000e+00   2.408403e-03   0.000000e+00   0.000000e+00   7.359067e-03   6.536577e-02  -5.836718e-02   0.000000e+00
 0.000000e+00   0.000000e+00  -5.439013e-03   0.000000e+00   0.000000e+00  -1.767117e-02  -5.836718e-02   1.738548e-01   0.000000e+00
-1.171284e-04   3.497179e-04   0.000000e+00  -2.718285e-04   1.756019e-03   0.000000e+00   0.000000e+00   0.000000e+00   3.974600e-02

# timestamp: 1774889214.1714408
 8.795459e-04   1.484442e-05   0.000000e+00   2.360049e-04   3.110414e-05   0.000000e+00   0.000000e+00   0.000000e+00   4.028157e-04
 1.484442e-05   9.957254e-04   0.000000e+00   7.652785e-06   4.546591e-04   0.000000e+00   0.000000e+00   0.000000e+00   6.330141e-04
 0.000000e+00   0.000000e+00   1.375463e-03   0.000000e+00   0.000000e+00   1.410128e-03   1.804007e-03  -6.917492e-03   0.000000e+00
 2.360049e-04   7.652785e-06   0.000000e+00   3.957512e-04   1.889152e-06   0.000000e+00   0.000000e+00   0.000000e+00  -1.707934e-04
 3.110414e-05   4.546591e-04   0.000000e+00   1.889152e-06   8.231450e-04   0.000000e+00   0.000000e+00   0.000000e+00   2.018354e-03
 0.000000e+00   0.000000e+00   1.410128e-03   0.000000e+00   0.000000e+00   3.343152e-03   6.403305e-03  -1.959264e-02   0.000000e+00
 0.000000e+00   0.000000e+00   1.804007e-03   0.000000e+00   0.000000e+00   6.403305e-03   6.199977e-02  -4.982623e-02   0.000000e+00
 0.000000e+00   0.000000e+00  -6.917492e-03   0.000000e+00   0.000000e+00  -1.959264e-02  -4.982623e-02   1.838035e-01   0.000000e+00
 4.028157e-04   6.330141e-04   0.000000e+00  -1.707934e-04   2.018354e-03   0.000000e+00   0.000000e+00   0.000000e+00   4.404899e-02

# timestamp: 1774889214.5038505
 7.931447e-04   3.331450e-06   0.000000e+00   2.150964e-04  -1.860586e-06   0.000000e+00   0.000000e+00   0.000000e+00  -1.579050e-04
 3.331450e-06   8.821399e-04   0.000000e+00   2.717006e-06   3.882982e-04   0.000000e+00   0.000000e+00   0.000000e+00   3.356481e-04
 0.000000e+00   0.000000e+00   1.224942e-03   0.000000e+00   0.000000e+00   1.298789e-03   2.061903e-03  -6.213945e-03   0.000000e+00
 2.150964e-04   2.717006e-06   0.000000e+00   3.883574e-04  -7.322686e-06   0.000000e+00   0.000000e+00   0.000000e+00  -1.628550e-04
-1.860586e-06   3.882982e-04   0.000000e+00  -7.322686e-06   7.691688e-04   0.000000e+00   0.000000e+00   0.000000e+00   1.663553e-03
 0.000000e+00   0.000000e+00   1.298789e-03   0.000000e+00   0.000000e+00   3.268372e-03   5.683547e-03  -1.897840e-02   0.000000e+00
 0.000000e+00   0.000000e+00   2.061903e-03   0.000000e+00   0.000000e+00   5.683547e-03   5.179184e-02  -4.353218e-02   0.000000e+00
 0.000000e+00   0.000000e+00  -6.213945e-03   0.000000e+00   0.000000e+00  -1.897840e-02  -4.353218e-02   1.807331e-01   0.000000e+00
-1.579050e-04   3.356481e-04   0.000000e+00  -1.628550e-04   1.663553e-03   0.000000e+00   0.000000e+00   0.000000e+00   3.826561e-02

# timestamp: 1774889214.5439427
 8.847701e-04   3.345673e-06   0.000000e+00   2.398201e-04  -3.515363e-06   0.000000e+00   0.000000e+00   0.000000e+00  -1.679902e-04
 3.345673e-06   9.971569e-04   0.000000e+00   2.412639e-06   4.403602e-04   0.000000e+00   0.000000e+00   0.000000e+00   4.436132e-04
 0.000000e+00   0.000000e+00   1.465557e-03   0.000000e+00   0.000000e+00   1.558432e-03   2.422813e-03  -7.422657e-03   0.000000e+00
 2.398201e-04   2.412639e-06   0.000000e+00   3.945373e-04  -7.735222e-06   0.000000e+00   0.000000e+00   0.000000e+00  -1.462912e-04
-3.515363e-06   4.403602e-04   0.000000e+00  -7.735222e-06   8.014504e-04   0.000000e+00   0.000000e+00   0.000000e+00   1.974543e-03
 0.000000e+00   0.000000e+00   1.558432e-03   0.000000e+00   0.000000e+00   3.550776e-03   5.972843e-03  -2.029066e-02   0.000000e+00
 0.000000e+00   0.000000e+00   2.422813e-03   0.000000e+00   0.000000e+00   5.972843e-03   5.808934e-02  -4.353218e-02   0.000000e+00
 0.000000e+00   0.000000e+00  -7.422657e-03   0.000000e+00   0.000000e+00  -2.029066e-02  -4.353218e-02   1.870306e-01   0.000000e+00
-1.679902e-04   4.436132e-04   0.000000e+00  -1.462912e-04   1.974543e-03   0.000000e+00   0.000000e+00   0.000000e+00   4.456310e-02

# timestamp: 1774889214.562635
 9.158115e-04   3.316911e-06   0.000000e+00   2.480586e-04  -4.079741e-06   0.000000e+00   0.000000e+00   0.000000e+00  -1.710024e-04
 3.316911e-06   1.036759e-03   0.000000e+00   2.310062e-06   4.582914e-04   0.000000e+00   0.000000e+00   0.000000e+00   4.855565e-04
 0.000000e+00   0.000000e+00   1.553246e-03   0.000000e+00   0.000000e+00   1.651125e-03   2.548088e-03  -7.849032e-03   0.000000e+00
 2.480586e-04   2.310062e-06   0.000000e+00   3.965874e-04  -7.818937e-06   0.000000e+00   0.000000e+00   0.000000e+00  -1.404983e-04
-4.079741e-06   4.582914e-04   0.000000e+00  -7.818937e-06   8.131391e-04   0.000000e+00   0.000000e+00   0.000000e+00   2.083307e-03
 0.000000e+00   0.000000e+00   1.651125e-03   0.000000e+00   0.000000e+00   3.648434e-03   6.068377e-03  -2.073113e-02   0.000000e+00
 0.000000e+00   0.000000e+00   2.548088e-03   0.000000e+00   0.000000e+00   6.068377e-03   6.017562e-02  -4.353218e-02   0.000000e+00
 0.000000e+00   0.000000e+00  -7.849032e-03   0.000000e+00   0.000000e+00  -2.073113e-02  -4.353218e-02   1.891169e-01   0.000000e+00
-1.710024e-04   4.855565e-04   0.000000e+00  -1.404983e-04   2.083307e-03   0.000000e+00   0.000000e+00   0.000000e+00   4.664938e-02

# timestamp: 1774889214.5793102
 8.628465e-04   1.013923e-05   0.000000e+00   2.325033e-04   2.353417e-05   0.000000e+00   0.000000e+00   0.000000e+00   4.401727e-04
 1.013923e-05   9.670823e-04   0.000000e+00   3.816145e-06   4.315874e-04   0.000000e+00   0.000000e+00   0.000000e+00   5.590373e-04
 0.000000e+00   0.000000e+00   1.387018e-03   0.000000e+00   0.000000e+00   1.459599e-03   1.192396e-03  -7.032878e-03   0.000000e+00
 2.325033e-04   3.816145e-06   0.000000e+00   3.919295e-04   7.856378e-08   0.000000e+00   0.000000e+00   0.000000e+00   4.128575e-05
 2.353417e-05   4.315874e-04   0.000000e+00   7.856378e-08   7.971036e-04   0.000000e+00   0.000000e+00   0.000000e+00   1.969056e-03
 0.000000e+00   0.000000e+00   1.459599e-03   0.000000e+00   0.000000e+00   3.427916e-03   4.510458e-03  -1.978444e-02   0.000000e+00
 0.000000e+00   0.000000e+00   1.192396e-03   0.000000e+00   0.000000e+00   4.510458e-03   5.251695e-02  -3.650128e-02   0.000000e+00
 0.000000e+00   0.000000e+00  -7.032878e-03   0.000000e+00   0.000000e+00  -1.978444e-02  -3.650128e-02   1.851213e-01   0.000000e+00
 4.401727e-04   5.590373e-04   0.000000e+00   4.128575e-05   1.969056e-03   0.000000e+00   0.000000e+00   0.000000e+00   4.294303e-02

# timestamp: 1774889214.9058573
 8.023264e-04   7.967265e-07   0.000000e+00   2.159002e-04  -3.526919e-06   0.000000e+00   0.000000e+00   0.000000e+00  -4.872070e-05
 7.967265e-07   8.913458e-04   0.000000e+00   1.757029e-06   3.879595e-04   0.000000e+00   0.000000e+00   0.000000e+00   3.689236e-04
 0.000000e+00   0.000000e+00   1.268362e-03   0.000000e+00   0.000000e+00   1.352761e-03   1.474467e-03  -6.373064e-03   0.000000e+00
 2.159002e-04   1.757029e-06   0.000000e+00   3.861598e-04   2.015257e-06   0.000000e+00   0.000000e+00   0.000000e+00   1.017562e-04
-3.526919e-06   3.879595e-04   0.000000e+00   2.015257e-06   7.662525e-04   0.000000e+00   0.000000e+00   0.000000e+00   1.761748e-03
 0.000000e+00   0.000000e+00   1.352761e-03   0.000000e+00   0.000000e+00   3.330363e-03   3.944895e-03  -1.913345e-02   0.000000e+00
 0.000000e+00   0.000000e+00   1.474467e-03   0.000000e+00   0.000000e+00   3.944895e-03   4.616877e-02  -3.179232e-02   0.000000e+00
 0.000000e+00   0.000000e+00  -6.373064e-03   0.000000e+00   0.000000e+00  -1.913345e-02  -3.179232e-02   1.819914e-01   0.000000e+00
-4.872070e-05   3.689236e-04   0.000000e+00   1.017562e-04   1.761748e-03   0.000000e+00   0.000000e+00   0.000000e+00   3.893308e-02

# timestamp: 1774889215.1931734
 8.791236e-04   9.353354e-06   0.000000e+00   2.405082e-04   2.822529e-05   0.000000e+00   0.000000e+00   0.000000e+00   5.607571e-04
 9.353354e-06   9.812810e-04   0.000000e+00   9.414260e-06   4.358955e-04   0.000000e+00   0.000000e+00   0.000000e+00   6.464106e-04
 0.000000e+00   0.000000e+00   1.502219e-03   0.000000e+00   0.000000e+00   1.633675e-03   7.140315e-04  -7.819914e-03   0.000000e+00
 2.405082e-04   9.414260e-06   0.000000e+00   3.958321e-04   2.908227e-05   0.000000e+00   0.000000e+00   0.000000e+00   4.936705e-04
 2.822529e-05   4.358955e-04   0.000000e+00   2.908227e-05   8.041947e-04   0.000000e+00   0.000000e+00   0.000000e+00   2.148236e-03
 0.000000e+00   0.000000e+00   1.633675e-03   0.000000e+00   0.000000e+00   3.671574e-03   2.917221e-03  -2.080443e-02   0.000000e+00
 0.000000e+00   0.000000e+00   7.140315e-04   0.000000e+00   0.000000e+00   2.917221e-03   4.962830e-02  -2.799983e-02   0.000000e+00
 0.000000e+00   0.000000e+00  -7.819914e-03   0.000000e+00   0.000000e+00  -2.080443e-02  -2.799983e-02   1.898926e-01   0.000000e+00
 5.607571e-04   6.464106e-04   0.000000e+00   4.936705e-04   2.148236e-03   0.000000e+00   0.000000e+00   0.000000e+00   4.412496e-02

# timestamp: 1774889215.2218149
 8.460830e-04   6.223026e-07   0.000000e+00   2.267362e-04  -1.509905e-06   0.000000e+00   0.000000e+00   0.000000e+00  -7.270336e-05
 6.223026e-07   9.433855e-04   0.000000e+00   5.680486e-06   4.102762e-04   0.000000e+00   0.000000e+00   0.000000e+00   4.119771e-04
 0.000000e+00   0.000000e+00   1.390723e-03   0.000000e+00   0.000000e+00   1.484263e-03   1.680460e-03  -6.837794e-03   0.000000e+00
 2.267362e-04   5.680486e-06   0.000000e+00   3.909909e-04   2.142624e-05   0.000000e+00   0.000000e+00   0.000000e+00   3.209885e-04
-1.509905e-06   4.102762e-04   0.000000e+00   2.142624e-05   7.859684e-04   0.000000e+00   0.000000e+00   0.000000e+00   1.956801e-03
 0.000000e+00   0.000000e+00   1.484263e-03   0.000000e+00   0.000000e+00   3.478234e-03   4.008496e-03  -1.956503e-02   0.000000e+00
 0.000000e+00   0.000000e+00   1.680460e-03   0.000000e+00   0.000000e+00   4.008496e-03   4.994716e-02  -3.368172e-02   0.000000e+00
 0.000000e+00   0.000000e+00  -6.837794e-03   0.000000e+00   0.000000e+00  -1.956503e-02  -3.368172e-02   1.822605e-01   0.000000e+00
-7.270336e-05   4.119771e-04   0.000000e+00   3.209885e-04   1.956801e-03   0.000000e+00   0.000000e+00   0.000000e+00   4.172877e-02

# timestamp: 1774889215.2461653
 8.857638e-04   7.524871e-07   0.000000e+00   2.373338e-04  -1.129852e-06   0.000000e+00   0.000000e+00   0.000000e+00  -6.369951e-05
 7.524871e-07   9.933338e-04   0.000000e+00   6.646875e-06   4.332561e-04   0.000000e+00   0.000000e+00   0.000000e+00   4.662817e-04
 0.000000e+00   0.000000e+00   1.501249e-03   0.000000e+00   0.000000e+00   1.602520e-03   1.789735e-03  -7.373251e-03   0.000000e+00
 2.373338e-04   6.646875e-06   0.000000e+00   3.942472e-04   2.420322e-05   0.000000e+00   0.000000e+00   0.000000e+00   3.561324e-04
-1.129852e-06   4.332561e-04   0.000000e+00   2.420322e-05   8.023482e-04   0.000000e+00   0.000000e+00   0.000000e+00   2.103503e-03
 0.000000e+00   0.000000e+00   1.602520e-03   0.000000e+00   0.000000e+00   3.608190e-03   4.080153e-03  -2.015783e-02   0.000000e+00
 0.000000e+00   0.000000e+00   1.789735e-03   0.000000e+00   0.000000e+00   4.080153e-03   5.265746e-02  -3.368172e-02   0.000000e+00
 0.000000e+00   0.000000e+00  -7.373251e-03   0.000000e+00   0.000000e+00  -2.015783e-02  -3.368172e-02   1.849708e-01   0.000000e+00
-6.369951e-05   4.662817e-04   0.000000e+00   3.561324e-04   2.103503e-03   0.000000e+00   0.000000e+00   0.000000e+00   4.443906e-02

# timestamp: 1774889215.275138
 8.043509e-04   8.231483e-07   0.000000e+00   2.156600e-04   1.441330e-07   0.000000e+00   0.000000e+00   0.000000e+00  -3.124408e-05
 8.231483e-07   8.917328e-04   0.000000e+00   6.121660e-06   3.869676e-04   0.000000e+00   0.000000e+00   0.000000e+00   3.736202e-04
 0.000000e+00   0.000000e+00   1.281696e-03   0.000000e+00   0.000000e+00   1.365924e-03   1.601807e-03  -6.242179e-03   0.000000e+00
 2.156600e-04   6.121660e-06   0.000000e+00   3.883788e-04   2.409541e-05   0.000000e+00   0.000000e+00   0.000000e+00   3.287607e-04
 1.441330e-07   3.869676e-04   0.000000e+00   2.409541e-05   7.723557e-04   0.000000e+00   0.000000e+00   0.000000e+00   1.838465e-03
 0.000000e+00   0.000000e+00   1.365924e-03   0.000000e+00   0.000000e+00   3.344169e-03   4.155985e-03  -1.878359e-02   0.000000e+00
 0.000000e+00   0.000000e+00   1.601807e-03   0.000000e+00   0.000000e+00   4.155985e-03   4.874063e-02  -3.622141e-02   0.000000e+00
 0.000000e+00   0.000000e+00  -6.242179e-03   0.000000e+00   0.000000e+00  -1.878359e-02  -3.622141e-02   1.769322e-01   0.000000e+00
-3.124408e-05   3.736202e-04   0.000000e+00   3.287607e-04   1.838465e-03   0.000000e+00   0.000000e+00   0.000000e+00   3.905835e-02

# timestamp: 1774889215.53815
 8.740558e-04   2.490954e-06   0.000000e+00   2.348651e-04   6.484561e-06   0.000000e+00   0.000000e+00   0.000000e+00   4.814594e-05
 2.490954e-06   9.791856e-04   0.000000e+00   1.102984e-05   4.290307e-04   0.000000e+00   0.000000e+00   0.000000e+00   4.872722e-04
 0.000000e+00   0.000000e+00   1.463507e-03   0.000000e+00   0.000000e+00   1.552953e-03   2.010780e-03  -6.882240e-03   0.000000e+00
 2.348651e-04   1.102984e-05   0.000000e+00   3.949264e-04   3.757888e-05   0.000000e+00   0.000000e+00   0.000000e+00   3.971897e-04
 6.484561e-06   4.290307e-04   0.000000e+00   3.757888e-05   8.104496e-04   0.000000e+00   0.000000e+00   0.000000e+00   2.159678e-03
 0.000000e+00   0.000000e+00   1.552953e-03   0.000000e+00   0.000000e+00   3.535648e-03   5.081775e-03  -1.918277e-02   0.000000e+00
 0.000000e+00   0.000000e+00   2.010780e-03   0.000000e+00   0.000000e+00   5.081775e-03   5.801731e-02  -4.262977e-02   0.000000e+00
 0.000000e+00   0.000000e+00  -6.882240e-03   0.000000e+00   0.000000e+00  -1.918277e-02  -4.262977e-02   1.741577e-01   0.000000e+00
 4.814594e-05   4.872722e-04   0.000000e+00   3.971897e-04   2.159678e-03   0.000000e+00   0.000000e+00   0.000000e+00   4.382687e-02

# timestamp: 1774889215.5557957
 9.030537e-04   2.851438e-06   0.000000e+00   2.426644e-04   7.369141e-06   0.000000e+00   0.000000e+00   0.000000e+00   5.605469e-05
 2.851438e-06   1.015982e-03   0.000000e+00   1.197971e-05   4.463376e-04   0.000000e+00   0.000000e+00   0.000000e+00   5.303969e-04
 0.000000e+00   0.000000e+00   1.545681e-03   0.000000e+00   0.000000e+00   1.640194e-03   2.111071e-03  -7.261507e-03   0.000000e+00
 2.426644e-04   1.197971e-05   0.000000e+00   3.972040e-04   3.946388e-05   0.000000e+00   0.000000e+00   0.000000e+00   4.147013e-04
 7.369141e-06   4.463376e-04   0.000000e+00   3.946388e-05   8.236072e-04   0.000000e+00   0.000000e+00   0.000000e+00   2.273672e-03
 0.000000e+00   0.000000e+00   1.640194e-03   0.000000e+00   0.000000e+00   3.631606e-03   5.166424e-03  -1.960939e-02   0.000000e+00
 0.000000e+00   0.000000e+00   2.111071e-03   0.000000e+00   0.000000e+00   5.166424e-03   5.997992e-02  -4.262977e-02   0.000000e+00
 0.000000e+00   0.000000e+00  -7.261507e-03   0.000000e+00   0.000000e+00  -1.960939e-02  -4.262977e-02   1.761203e-01   0.000000e+00
 5.605469e-05   5.303969e-04   0.000000e+00   4.147013e-04   2.273672e-03   0.000000e+00   0.000000e+00   0.000000e+00   4.578948e-02

# timestamp: 1774889215.6422474
 9.190669e-04   3.934820e-06   0.000000e+00   2.473198e-04   1.042305e-05   0.000000e+00   0.000000e+00   0.000000e+00   7.501375e-05
 3.934820e-06   1.036560e-03   0.000000e+00   1.390827e-05   4.572134e-04   0.000000e+00   0.000000e+00   0.000000e+00   5.570468e-04
 0.000000e+00   0.000000e+00   1.584315e-03   0.000000e+00   0.000000e+00   1.672556e-03   2.325415e-03  -7.255517e-03   0.000000e+00
 2.473198e-04   1.390827e-05   0.000000e+00   3.983997e-04   4.332094e-05   0.000000e+00   0.000000e+00   0.000000e+00   4.092942e-04
 1.042305e-05   4.572134e-04   0.000000e+00   4.332094e-05   8.366903e-04   0.000000e+00   0.000000e+00   0.000000e+00   2.388364e-03
 0.000000e+00   0.000000e+00   1.672556e-03   0.000000e+00   0.000000e+00   3.653122e-03   5.716292e-03  -1.942327e-02   0.000000e+00
 0.000000e+00   0.000000e+00   2.325415e-03   0.000000e+00   0.000000e+00   5.716292e-03   6.421062e-02  -4.614919e-02   0.000000e+00
 0.000000e+00   0.000000e+00  -7.255517e-03   0.000000e+00   0.000000e+00  -1.942327e-02  -4.614919e-02   1.724742e-01   0.000000e+00
 7.501375e-05   5.570468e-04   0.000000e+00   4.092942e-04   2.388364e-03   0.000000e+00   0.000000e+00   0.000000e+00   4.694520e-02

# timestamp: 1774889215.9746194
 9.142946e-04   6.749768e-06   0.000000e+00   2.461793e-04   1.685507e-05   0.000000e+00   0.000000e+00   0.000000e+00   8.970451e-05
 6.749768e-06   1.031888e-03   0.000000e+00   1.808319e-05   4.595797e-04   0.000000e+00   0.000000e+00   0.000000e+00   5.781393e-04
 0.000000e+00   0.000000e+00   1.557798e-03   0.000000e+00   0.000000e+00   1.628389e-03   2.736427e-03  -6.823413e-03   0.000000e+00
 2.461793e-04   1.808319e-05   0.000000e+00   3.975702e-04   5.002373e-05   0.000000e+00   0.000000e+00   0.000000e+00   3.625522e-04
 1.685507e-05   4.595797e-04   0.000000e+00   5.002373e-05   8.513953e-04   0.000000e+00   0.000000e+00   0.000000e+00   2.426088e-03
 0.000000e+00   0.000000e+00   1.628389e-03   0.000000e+00   0.000000e+00   3.572841e-03   6.956422e-03  -1.850748e-02   0.000000e+00
 0.000000e+00   0.000000e+00   2.736427e-03   0.000000e+00   0.000000e+00   6.956422e-03   7.199863e-02  -5.439509e-02   0.000000e+00
 0.000000e+00   0.000000e+00  -6.823413e-03   0.000000e+00   0.000000e+00  -1.850748e-02  -5.439509e-02   1.635199e-01   0.000000e+00
 8.970451e-05   5.781393e-04   0.000000e+00   3.625522e-04   2.426088e-03   0.000000e+00   0.000000e+00   0.000000e+00   4.648110e-02

# timestamp: 1774889216.01735
 9.314207e-04   2.052517e-05   0.000000e+00   2.550543e-04   5.357778e-05   0.000000e+00   0.000000e+00   0.000000e+00   6.846802e-04
 2.052517e-05   1.052478e-03   0.000000e+00   2.520554e-05   4.869562e-04   0.000000e+00   0.000000e+00   0.000000e+00   9.371044e-04
 0.000000e+00   0.000000e+00   1.628710e-03   0.000000e+00   0.000000e+00   1.732567e-03   1.890033e-03  -7.599584e-03   0.000000e+00
 2.550543e-04   2.520554e-05   0.000000e+00   4.010717e-04   6.254540e-05   0.000000e+00   0.000000e+00   0.000000e+00   5.245341e-04
 5.357778e-05   4.869562e-04   0.000000e+00   6.254540e-05   8.782740e-04   0.000000e+00   0.000000e+00   0.000000e+00   2.660517e-03
 0.000000e+00   0.000000e+00   1.732567e-03   0.000000e+00   0.000000e+00   3.716191e-03   6.209837e-03  -1.946025e-02   0.000000e+00
 0.000000e+00   0.000000e+00   1.890033e-03   0.000000e+00   0.000000e+00   6.209837e-03   7.019053e-02  -5.199257e-02   0.000000e+00
 0.000000e+00   0.000000e+00  -7.599584e-03   0.000000e+00   0.000000e+00  -1.946025e-02  -5.199257e-02   1.689338e-01   0.000000e+00
 6.846802e-04   9.371044e-04   0.000000e+00   5.245341e-04   2.660517e-03   0.000000e+00   0.000000e+00   0.000000e+00   4.748755e-02

# timestamp: 1774889216.0539904
 8.887411e-04   7.083571e-06   0.000000e+00   2.387875e-04   1.616163e-05   0.000000e+00   0.000000e+00   0.000000e+00   1.658814e-05
 7.083571e-06   9.988228e-04   0.000000e+00   1.823328e-05   4.443138e-04   0.000000e+00   0.000000e+00   0.000000e+00   5.074485e-04
 0.000000e+00   0.000000e+00   1.480870e-03   0.000000e+00   0.000000e+00   1.544000e-03   2.803081e-03  -6.396568e-03   0.000000e+00
 2.387875e-04   1.823328e-05   0.000000e+00   3.950782e-04   4.983618e-05   0.000000e+00   0.000000e+00   0.000000e+00   3.113484e-04
 1.616163e-05   4.443138e-04   0.000000e+00   4.983618e-05   8.448467e-04   0.000000e+00   0.000000e+00   0.000000e+00   2.316001e-03
 0.000000e+00   0.000000e+00   1.544000e-03   0.000000e+00   0.000000e+00   3.483519e-03   7.219624e-03  -1.803249e-02   0.000000e+00
 0.000000e+00   0.000000e+00   2.803081e-03   0.000000e+00   0.000000e+00   7.219624e-03   7.161587e-02  -5.643723e-02   0.000000e+00
 0.000000e+00   0.000000e+00  -6.396568e-03   0.000000e+00   0.000000e+00  -1.803249e-02  -5.643723e-02   1.607689e-01   0.000000e+00
 1.658814e-05   5.074485e-04   0.000000e+00   3.113484e-04   2.316001e-03   0.000000e+00   0.000000e+00   0.000000e+00   4.413715e-02

# timestamp: 1774889216.340022
 8.634813e-04   8.703529e-06   0.000000e+00   2.319638e-04   1.694154e-05   0.000000e+00   0.000000e+00   0.000000e+00  -3.581098e-05
 8.703529e-06   9.693550e-04   0.000000e+00   1.923702e-05   4.352341e-04   0.000000e+00   0.000000e+00   0.000000e+00   4.790122e-04
 0.000000e+00   0.000000e+00   1.432106e-03   0.000000e+00   0.000000e+00   1.519677e-03   3.002392e-03  -6.320897e-03   0.000000e+00
 2.319638e-04   1.923702e-05   0.000000e+00   3.914790e-04   4.649642e-05   0.000000e+00   0.000000e+00   0.000000e+00   1.814859e-04
 1.694154e-05   4.352341e-04   0.000000e+00   4.649642e-05   8.447806e-04   0.000000e+00   0.000000e+00   0.000000e+00   2.225699e-03
 0.000000e+00   0.000000e+00   1.519677e-03   0.000000e+00   0.000000e+00   3.520573e-03   7.915523e-03  -1.824402e-02   0.000000e+00
 0.000000e+00   0.000000e+00   3.002392e-03   0.000000e+00   0.000000e+00   7.915523e-03   7.309382e-02  -5.957263e-02   0.000000e+00
 0.000000e+00   0.000000e+00  -6.320897e-03   0.000000e+00   0.000000e+00  -1.824402e-02  -5.957263e-02   1.613853e-01   0.000000e+00
-3.581098e-05   4.790122e-04   0.000000e+00   1.814859e-04   2.225699e-03   0.000000e+00   0.000000e+00   0.000000e+00   4.301567e-02

# timestamp: 1774889216.3626578
 8.943371e-04   9.481627e-06   0.000000e+00   2.401984e-04   1.782791e-05   0.000000e+00   0.000000e+00   0.000000e+00  -3.200726e-05
 9.481627e-06   1.008951e-03   0.000000e+00   2.021478e-05   4.544629e-04   0.000000e+00   0.000000e+00   0.000000e+00   5.265069e-04
 0.000000e+00   0.000000e+00   1.518574e-03   0.000000e+00   0.000000e+00   1.612323e-03   3.169443e-03  -6.706405e-03   0.000000e+00
 2.401984e-04   2.021478e-05   0.000000e+00   3.935748e-04   4.699513e-05   0.000000e+00   0.000000e+00   0.000000e+00   1.814625e-04
 1.782791e-05   4.544629e-04   0.000000e+00   4.699513e-05   8.594738e-04   0.000000e+00   0.000000e+00   0.000000e+00   2.348048e-03
 0.000000e+00   0.000000e+00   1.612323e-03   0.000000e+00   0.000000e+00   3.624426e-03   8.079670e-03  -1.869248e-02   0.000000e+00
 0.000000e+00   0.000000e+00   3.169443e-03   0.000000e+00   0.000000e+00   8.079670e-03   7.518979e-02  -5.957263e-02   0.000000e+00
 0.000000e+00   0.000000e+00  -6.706405e-03   0.000000e+00   0.000000e+00  -1.869248e-02  -5.957263e-02   1.634813e-01   0.000000e+00
-3.200726e-05   5.265069e-04   0.000000e+00   1.814625e-04   2.348048e-03   0.000000e+00   0.000000e+00   0.000000e+00   4.511163e-02

# timestamp: 1774889216.392024
 8.874750e-04   1.933743e-05   0.000000e+00   2.403641e-04   4.821178e-05   0.000000e+00   0.000000e+00   0.000000e+00   4.838991e-04
 1.933743e-05   1.002951e-03   0.000000e+00   2.358849e-05   4.671738e-04   0.000000e+00   0.000000e+00   0.000000e+00   8.109002e-04
 0.000000e+00   0.000000e+00   1.514501e-03   0.000000e+00   0.000000e+00   1.633308e-03   2.313535e-03  -7.100601e-03   0.000000e+00
 2.403641e-04   2.358849e-05   0.000000e+00   3.937833e-04   5.401227e-05   0.000000e+00   0.000000e+00   0.000000e+00   2.912331e-04
 4.821178e-05   4.671738e-04   0.000000e+00   5.401227e-05   8.725572e-04   0.000000e+00   0.000000e+00   0.000000e+00   2.468834e-03
 0.000000e+00   0.000000e+00   1.633308e-03   0.000000e+00   0.000000e+00   3.681741e-03   7.318764e-03  -1.925230e-02   0.000000e+00
 0.000000e+00   0.000000e+00   2.313535e-03   0.000000e+00   0.000000e+00   7.318764e-03   7.172972e-02  -5.705448e-02   0.000000e+00
 0.000000e+00   0.000000e+00  -7.100601e-03   0.000000e+00   0.000000e+00  -1.925230e-02  -5.705448e-02   1.668242e-01   0.000000e+00
 4.838991e-04   8.109002e-04   0.000000e+00   2.912331e-04   2.468834e-03   0.000000e+00   0.000000e+00   0.000000e+00   4.486673e-02

# timestamp: 1774889216.4506114
 8.755786e-04   9.475085e-06   0.000000e+00   2.349957e-04   1.548137e-05   0.000000e+00   0.000000e+00   0.000000e+00  -1.163854e-04
 9.475085e-06   9.849372e-04   0.000000e+00   1.929509e-05   4.435845e-04   0.000000e+00   0.000000e+00   0.000000e+00   4.652390e-04
 0.000000e+00   0.000000e+00   1.474635e-03   0.000000e+00   0.000000e+00   1.578063e-03   3.278720e-03  -6.526036e-03   0.000000e+00
 2.349957e-04   1.929509e-05   0.000000e+00   3.913309e-04   4.230201e-05   0.000000e+00   0.000000e+00   0.000000e+00   9.028706e-05
 1.548137e-05   4.435845e-04   0.000000e+00   4.230201e-05   8.532806e-04   0.000000e+00   0.000000e+00   0.000000e+00   2.258331e-03
 0.000000e+00   0.000000e+00   1.578063e-03   0.000000e+00   0.000000e+00   3.620364e-03   8.384930e-03  -1.864053e-02   0.000000e+00
 0.000000e+00   0.000000e+00   3.278720e-03   0.000000e+00   0.000000e+00   8.384930e-03   7.482303e-02  -6.077164e-02   0.000000e+00
 0.000000e+00   0.000000e+00  -6.526036e-03   0.000000e+00   0.000000e+00  -1.864053e-02  -6.077164e-02   1.625646e-01   0.000000e+00
-1.163854e-04   4.652390e-04   0.000000e+00   9.028706e-05   2.258331e-03   0.000000e+00   0.000000e+00   0.000000e+00   4.366285e-02

# timestamp: 1774889216.7050645
 8.096853e-04   8.602978e-06   0.000000e+00   2.173565e-04   1.140818e-05   0.000000e+00   0.000000e+00   0.000000e+00  -1.580817e-04
 8.602978e-06   9.033154e-04   0.000000e+00   1.510131e-05   4.065542e-04   0.000000e+00   0.000000e+00   0.000000e+00   3.521109e-04
 0.000000e+00   0.000000e+00   1.303369e-03   0.000000e+00   0.000000e+00   1.417570e-03   3.106339e-03  -5.700203e-03   0.000000e+00
 2.173565e-04   1.510131e-05   0.000000e+00   3.853238e-04   2.551676e-05   0.000000e+00   0.000000e+00   0.000000e+00  -1.243646e-04
 1.140818e-05   4.065542e-04   0.000000e+00   2.551676e-05   8.322620e-04   0.000000e+00   0.000000e+00   0.000000e+00   2.008651e-03
 0.000000e+00   0.000000e+00   1.417570e-03   0.000000e+00   0.000000e+00   3.540377e-03   8.856736e-03  -1.800550e-02   0.000000e+00
 0.000000e+00   0.000000e+00   3.106339e-03   0.000000e+00   0.000000e+00   8.856736e-03   7.319018e-02  -6.271098e-02   0.000000e+00
 0.000000e+00   0.000000e+00  -5.700203e-03   0.000000e+00   0.000000e+00  -1.800550e-02  -6.271098e-02   1.553898e-01   0.000000e+00
-1.580817e-04   3.521109e-04   0.000000e+00  -1.243646e-04   2.008651e-03   0.000000e+00   0.000000e+00   0.000000e+00   3.919951e-02

# timestamp: 1774889216.7321706
 8.741864e-04   9.804454e-06   0.000000e+00   2.348341e-04   1.151694e-05   0.000000e+00   0.000000e+00   0.000000e+00  -1.645682e-04
 9.804454e-06   9.855852e-04   0.000000e+00   1.558785e-05   4.464886e-04   0.000000e+00   0.000000e+00   0.000000e+00   4.453444e-04
 0.000000e+00   0.000000e+00   1.482148e-03   0.000000e+00   0.000000e+00   1.620634e-03   3.507630e-03  -6.516817e-03   0.000000e+00
 2.348341e-04   1.558785e-05   0.000000e+00   3.902042e-04   2.156500e-05   0.000000e+00   0.000000e+00   0.000000e+00  -1.842278e-04
 1.151694e-05   4.464886e-04   0.000000e+00   2.156500e-05   8.620277e-04   0.000000e+00   0.000000e+00   0.000000e+00   2.258149e-03
 0.000000e+00   0.000000e+00   1.620634e-03   0.000000e+00   0.000000e+00   3.790772e-03   9.337597e-03  -1.903464e-02   0.000000e+00
 0.000000e+00   0.000000e+00   3.507630e-03   0.000000e+00   0.000000e+00   9.337597e-03   7.763211e-02  -6.271098e-02   0.000000e+00
 0.000000e+00   0.000000e+00  -6.516817e-03   0.000000e+00   0.000000e+00  -1.903464e-02  -6.271098e-02   1.598317e-01   0.000000e+00
-1.645682e-04   4.453444e-04   0.000000e+00  -1.842278e-04   2.258149e-03   0.000000e+00   0.000000e+00   0.000000e+00   4.364144e-02

# timestamp: 1774889216.7744925
 9.220304e-04   1.068636e-05   0.000000e+00   2.476722e-04   1.144642e-05   0.000000e+00   0.000000e+00   0.000000e+00  -1.710734e-04
 1.068636e-05   1.047632e-03   0.000000e+00   1.573518e-05   4.767389e-04   0.000000e+00   0.000000e+00   0.000000e+00   5.205554e-04
 0.000000e+00   0.000000e+00   1.623815e-03   0.000000e+00   0.000000e+00   1.778915e-03   3.813225e-03  -7.140277e-03   0.000000e+00
 2.476722e-04   1.573518e-05   0.000000e+00   3.938616e-04   1.822935e-05   0.000000e+00   0.000000e+00   0.000000e+00  -2.315221e-04
 1.144642e-05   4.767389e-04   0.000000e+00   1.822935e-05   8.855902e-04   0.000000e+00   0.000000e+00   0.000000e+00   2.455264e-03
 0.000000e+00   0.000000e+00   1.778915e-03   0.000000e+00   0.000000e+00   3.981312e-03   9.690776e-03  -1.979821e-02   0.000000e+00
 0.000000e+00   0.000000e+00   3.813225e-03   0.000000e+00   0.000000e+00   9.690776e-03   8.085949e-02  -6.271098e-02   0.000000e+00
 0.000000e+00   0.000000e+00  -7.140277e-03   0.000000e+00   0.000000e+00  -1.979821e-02  -6.271098e-02   1.630591e-01   0.000000e+00
-1.710734e-04   5.205554e-04   0.000000e+00  -2.315221e-04   2.455264e-03   0.000000e+00   0.000000e+00   0.000000e+00   4.686882e-02

# timestamp: 1774889217.0414898
 8.664699e-04   7.644018e-06   0.000000e+00   2.343867e-04   4.107224e-06   0.000000e+00   0.000000e+00   0.000000e+00  -1.741860e-04
 7.644018e-06   9.787319e-04   0.000000e+00   5.921262e-06   4.465932e-04   0.000000e+00   0.000000e+00   0.000000e+00   4.550736e-04
 0.000000e+00   0.000000e+00   1.455640e-03   0.000000e+00   0.000000e+00   1.599940e-03   3.940649e-03  -5.696881e-03   0.000000e+00
 2.343867e-04   5.921262e-06   0.000000e+00   3.971855e-04  -1.648532e-05   0.000000e+00   0.000000e+00   0.000000e+00  -5.818308e-04
 4.107224e-06   4.465932e-04   0.000000e+00  -1.648532e-05   8.688178e-04   0.000000e+00   0.000000e+00   0.000000e+00   2.262111e-03
 0.000000e+00   0.000000e+00   1.599940e-03   0.000000e+00   0.000000e+00   3.817706e-03   1.126537e-02  -1.710495e-02   0.000000e+00
 0.000000e+00   0.000000e+00   3.940649e-03   0.000000e+00   0.000000e+00   1.126537e-02   9.204917e-02  -6.552245e-02   0.000000e+00
 0.000000e+00   0.000000e+00  -5.696881e-03   0.000000e+00   0.000000e+00  -1.710495e-02  -6.552245e-02   1.330702e-01   0.000000e+00
-1.741860e-04   4.550736e-04   0.000000e+00  -5.818308e-04   2.262111e-03   0.000000e+00   0.000000e+00   0.000000e+00   4.341345e-02

# timestamp: 1774889217.0964243
 8.735300e-04   1.395308e-05   0.000000e+00   2.309734e-04   2.444386e-05   0.000000e+00   0.000000e+00   0.000000e+00   2.110211e-04
 1.395308e-05   1.006162e-03   0.000000e+00  -2.833956e-06   4.862775e-04   0.000000e+00   0.000000e+00   0.000000e+00   1.005125e-03
 0.000000e+00   0.000000e+00   1.578153e-03   0.000000e+00   0.000000e+00   1.814526e-03   3.963460e-03  -7.127792e-03   0.000000e+00
 2.309734e-04  -2.833956e-06   0.000000e+00   3.980147e-04  -2.435935e-05   0.000000e+00   0.000000e+00   0.000000e+00  -5.772654e-04
 2.444386e-05   4.862775e-04   0.000000e+00  -2.435935e-05   9.034777e-04   0.000000e+00   0.000000e+00   0.000000e+00   2.571836e-03
 0.000000e+00   0.000000e+00   1.814526e-03   0.000000e+00   0.000000e+00   4.145424e-03   1.177236e-02  -1.866889e-02   0.000000e+00
 0.000000e+00   0.000000e+00   3.963460e-03   0.000000e+00   0.000000e+00   1.177236e-02   9.466429e-02  -6.757112e-02   0.000000e+00
 0.000000e+00   0.000000e+00  -7.127792e-03   0.000000e+00   0.000000e+00  -1.866889e-02  -6.757112e-02   1.374145e-01   0.000000e+00
 2.110211e-04   1.005125e-03   0.000000e+00  -5.772654e-04   2.571836e-03   0.000000e+00   0.000000e+00   0.000000e+00   4.445245e-02

# timestamp: 1774889217.135515
 8.756567e-04   6.076834e-06   0.000000e+00   2.383742e-04  -1.380976e-06   0.000000e+00   0.000000e+00   0.000000e+00  -2.162108e-04
 6.076834e-06   9.913230e-04   0.000000e+00   4.939129e-07   4.544673e-04   0.000000e+00   0.000000e+00   0.000000e+00   4.739054e-04
 0.000000e+00   0.000000e+00   1.485490e-03   0.000000e+00   0.000000e+00   1.640279e-03   4.294394e-03  -5.505537e-03   0.000000e+00
 2.383742e-04   4.939129e-07   0.000000e+00   4.046841e-04  -3.545707e-05   0.000000e+00   0.000000e+00   0.000000e+00  -7.546320e-04
-1.380976e-06   4.544673e-04   0.000000e+00  -3.545707e-05   8.780272e-04   0.000000e+00   0.000000e+00   0.000000e+00   2.313989e-03
 0.000000e+00   0.000000e+00   1.640279e-03   0.000000e+00   0.000000e+00   3.882616e-03   1.221063e-02  -1.638054e-02   0.000000e+00
 0.000000e+00   0.000000e+00   4.294394e-03   0.000000e+00   0.000000e+00   1.221063e-02   9.941519e-02  -6.551477e-02   0.000000e+00
 0.000000e+00   0.000000e+00  -5.505537e-03   0.000000e+00   0.000000e+00  -1.638054e-02  -6.551477e-02   1.226685e-01   0.000000e+00
-2.162108e-04   4.739054e-04   0.000000e+00  -7.546320e-04   2.313989e-03   0.000000e+00   0.000000e+00   0.000000e+00   4.390661e-02

# timestamp: 1774889217.3983912
 8.846888e-04   8.246787e-06   0.000000e+00   2.355433e-04   1.073689e-05   0.000000e+00   0.000000e+00   0.000000e+00   1.892156e-04
 8.246787e-06   1.022329e-03   0.000000e+00  -2.133186e-05   4.981723e-04   0.000000e+00   0.000000e+00   0.000000e+00   1.007133e-03
 0.000000e+00   0.000000e+00   1.573337e-03   0.000000e+00   0.000000e+00   1.800572e-03   4.143362e-03  -6.338743e-03   0.000000e+00
 2.355433e-04  -2.133186e-05   0.000000e+00   4.158166e-04  -7.234866e-05   0.000000e+00   0.000000e+00   0.000000e+00  -8.450870e-04
 1.073689e-05   4.981723e-04   0.000000e+00  -7.234866e-05   9.221078e-04   0.000000e+00   0.000000e+00   0.000000e+00   2.650521e-03
 0.000000e+00   0.000000e+00   1.800572e-03   0.000000e+00   0.000000e+00   4.204507e-03   1.301928e-02  -1.724297e-02   0.000000e+00
 0.000000e+00   0.000000e+00   4.143362e-03   0.000000e+00   0.000000e+00   1.301928e-02   1.037705e-01  -6.636785e-02   0.000000e+00
 0.000000e+00   0.000000e+00  -6.338743e-03   0.000000e+00   0.000000e+00  -1.724297e-02  -6.636785e-02   1.214229e-01   0.000000e+00
 1.892156e-04   1.007133e-03   0.000000e+00  -8.450870e-04   2.650521e-03   0.000000e+00   0.000000e+00   0.000000e+00   4.513128e-02

# timestamp: 1774889217.4346957
 8.667199e-04   2.558752e-07   0.000000e+00   2.402941e-04  -1.689309e-05   0.000000e+00   0.000000e+00   0.000000e+00  -2.759259e-04
 2.558752e-07   9.804460e-04   0.000000e+00  -1.375219e-05   4.527090e-04   0.000000e+00   0.000000e+00   0.000000e+00   4.432575e-04
 0.000000e+00   0.000000e+00   1.474007e-03   0.000000e+00   0.000000e+00   1.663234e-03   4.699468e-03  -5.131882e-03   0.000000e+00
 2.402941e-04  -1.375219e-05   0.000000e+00   4.199489e-04  -7.653057e-05   0.000000e+00   0.000000e+00   0.000000e+00  -9.283139e-04
-1.689309e-05   4.527090e-04   0.000000e+00  -7.653057e-05   8.867827e-04   0.000000e+00   0.000000e+00   0.000000e+00   2.308045e-03
 0.000000e+00   0.000000e+00   1.663234e-03   0.000000e+00   0.000000e+00   4.025397e-03   1.364973e-02  -1.573547e-02   0.000000e+00
 0.000000e+00   0.000000e+00   4.699468e-03   0.000000e+00   0.000000e+00   1.364973e-02   1.075206e-01  -6.675432e-02   0.000000e+00
 0.000000e+00   0.000000e+00  -5.131882e-03   0.000000e+00   0.000000e+00  -1.573547e-02  -6.675432e-02   1.127226e-01   0.000000e+00
-2.759259e-04   4.432575e-04   0.000000e+00  -9.283139e-04   2.308045e-03   0.000000e+00   0.000000e+00   0.000000e+00   4.306519e-02

# timestamp: 1774889217.4537487
 8.880338e-04  -2.024645e-07   0.000000e+00   2.465365e-04  -1.858290e-05   0.000000e+00   0.000000e+00   0.000000e+00  -2.893442e-04
-2.024645e-07   1.007952e-03   0.000000e+00  -1.519240e-05   4.664210e-04   0.000000e+00   0.000000e+00   0.000000e+00   4.766616e-04
 0.000000e+00   0.000000e+00   1.536961e-03   0.000000e+00   0.000000e+00   1.735429e-03   4.895904e-03  -5.358452e-03   0.000000e+00
 2.465365e-04  -1.519240e-05   0.000000e+00   4.227146e-04  -8.010524e-05   0.000000e+00   0.000000e+00   0.000000e+00  -9.594662e-04
-1.858290e-05   4.664210e-04   0.000000e+00  -8.010524e-05   8.977602e-04   0.000000e+00   0.000000e+00   0.000000e+00   2.397583e-03
 0.000000e+00   0.000000e+00   1.735429e-03   0.000000e+00   0.000000e+00   4.110642e-03   1.386177e-02  -1.601341e-02   0.000000e+00
 0.000000e+00   0.000000e+00   4.895904e-03   0.000000e+00   0.000000e+00   1.386177e-02   1.089542e-01  -6.675432e-02   0.000000e+00
 0.000000e+00   0.000000e+00  -5.358452e-03   0.000000e+00   0.000000e+00  -1.601341e-02  -6.675432e-02   1.141562e-01   0.000000e+00
-2.893442e-04   4.766616e-04   0.000000e+00  -9.594662e-04   2.397583e-03   0.000000e+00   0.000000e+00   0.000000e+00   4.449880e-02

# timestamp: 1774889217.4796498
 7.766093e-04  -1.475735e-07   0.000000e+00   2.149783e-04  -1.489283e-05   0.000000e+00   0.000000e+00   0.000000e+00  -2.087084e-04
-1.475735e-07   8.665448e-04   0.000000e+00  -1.240863e-05   3.979989e-04   0.000000e+00   0.000000e+00   0.000000e+00   3.480481e-04
 0.000000e+00   0.000000e+00   1.232944e-03   0.000000e+00   0.000000e+00   1.394334e-03   3.897899e-03  -4.331830e-03   0.000000e+00
 2.149783e-04  -1.240863e-05   0.000000e+00   4.112502e-04  -7.191384e-05   0.000000e+00   0.000000e+00   0.000000e+00  -7.867033e-04
-1.489283e-05   3.979989e-04   0.000000e+00  -7.191384e-05   8.476323e-04   0.000000e+00   0.000000e+00   0.000000e+00   1.979052e-03
 0.000000e+00   0.000000e+00   1.394334e-03   0.000000e+00   0.000000e+00   3.730177e-03   1.275227e-02  -1.486195e-02   0.000000e+00
 0.000000e+00   0.000000e+00   3.897899e-03   0.000000e+00   0.000000e+00   1.275227e-02   9.992785e-02  -6.683044e-02   0.000000e+00
 0.000000e+00   0.000000e+00  -4.331830e-03   0.000000e+00   0.000000e+00  -1.486195e-02  -6.683044e-02   1.086943e-01   0.000000e+00
-2.087084e-04   3.480481e-04   0.000000e+00  -7.867033e-04   1.979052e-03   0.000000e+00   0.000000e+00   0.000000e+00   3.712553e-02

# timestamp: 1774889217.704124
 8.265206e-04  -4.559638e-06   0.000000e+00   2.305690e-04  -2.578574e-05   0.000000e+00   0.000000e+00   0.000000e+00  -2.261112e-04
-4.559638e-06   9.286057e-04   0.000000e+00  -2.154995e-05   4.277718e-04   0.000000e+00   0.000000e+00   0.000000e+00   3.382747e-04
 0.000000e+00   0.000000e+00   1.337506e-03   0.000000e+00   0.000000e+00   1.481570e-03   4.053226e-03  -4.389792e-03   0.000000e+00
 2.305690e-04  -2.154995e-05   0.000000e+00   4.180807e-04  -9.064548e-05   0.000000e+00   0.000000e+00   0.000000e+00  -7.345389e-04
-2.578574e-05   4.277718e-04   0.000000e+00  -9.064548e-05   8.769871e-04   0.000000e+00   0.000000e+00   0.000000e+00   2.152569e-03
 0.000000e+00   0.000000e+00   1.481570e-03   0.000000e+00   0.000000e+00   3.779343e-03   1.263416e-02  -1.477045e-02   0.000000e+00
 0.000000e+00   0.000000e+00   4.053226e-03   0.000000e+00   0.000000e+00   1.263416e-02   1.016451e-01  -6.496083e-02   0.000000e+00
 0.000000e+00   0.000000e+00  -4.389792e-03   0.000000e+00   0.000000e+00  -1.477045e-02  -6.496083e-02   1.093863e-01   0.000000e+00
-2.261112e-04   3.382747e-04   0.000000e+00  -7.345389e-04   2.152569e-03   0.000000e+00   0.000000e+00   0.000000e+00   4.021662e-02

# timestamp: 1774889217.729942
 8.543207e-04  -5.491143e-06   0.000000e+00   2.386053e-04  -2.816273e-05   0.000000e+00   0.000000e+00   0.000000e+00  -2.400785e-04
-5.491143e-06   9.640412e-04   0.000000e+00  -2.342463e-05   4.454597e-04   0.000000e+00   0.000000e+00   0.000000e+00   3.794736e-04
 0.000000e+00   0.000000e+00   1.413973e-03   0.000000e+00   0.000000e+00   1.567816e-03   4.293199e-03  -4.670642e-03   0.000000e+00
 2.386053e-04  -2.342463e-05   0.000000e+00   4.205647e-04  -9.356209e-05   0.000000e+00   0.000000e+00   0.000000e+00  -7.511488e-04
-2.816273e-05   4.454597e-04   0.000000e+00  -9.356209e-05   8.909947e-04   0.000000e+00   0.000000e+00   0.000000e+00   2.266892e-03
 0.000000e+00   0.000000e+00   1.567816e-03   0.000000e+00   0.000000e+00   3.873279e-03   1.285333e-02  -1.510028e-02   0.000000e+00
 0.000000e+00   0.000000e+00   4.293199e-03   0.000000e+00   0.000000e+00   1.285333e-02   1.035374e-01  -6.496083e-02   0.000000e+00
 0.000000e+00   0.000000e+00  -4.670642e-03   0.000000e+00   0.000000e+00  -1.510028e-02  -6.496083e-02   1.112786e-01   0.000000e+00
-2.400785e-04   3.794736e-04   0.000000e+00  -7.511488e-04   2.266892e-03   0.000000e+00   0.000000e+00   0.000000e+00   4.210893e-02

# timestamp: 1774889217.7483883
 8.844910e-04  -6.583506e-06   0.000000e+00   2.472838e-04  -3.082055e-05   0.000000e+00   0.000000e+00   0.000000e+00  -2.554549e-04
-6.583506e-06   1.002821e-03   0.000000e+00  -2.552156e-05   4.648782e-04   0.000000e+00   0.000000e+00   0.000000e+00   4.263576e-04
 0.000000e+00   0.000000e+00   1.499769e-03   0.000000e+00   0.000000e+00   1.663425e-03   4.555779e-03  -4.979670e-03   0.000000e+00
 2.472838e-04  -2.552156e-05   0.000000e+00   4.232452e-04  -9.679501e-05   0.000000e+00   0.000000e+00   0.000000e+00  -7.697263e-04
-3.082055e-05   4.648782e-04   0.000000e+00  -9.679501e-05   9.067364e-04   0.000000e+00   0.000000e+00   0.000000e+00   2.394757e-03
 0.000000e+00   0.000000e+00   1.663425e-03   0.000000e+00   0.000000e+00   3.976296e-03   1.308927e-02  -1.545940e-02   0.000000e+00
 0.000000e+00   0.000000e+00   4.555779e-03   0.000000e+00   0.000000e+00   1.308927e-02   1.055679e-01  -6.496083e-02   0.000000e+00
 0.000000e+00   0.000000e+00  -4.979670e-03   0.000000e+00   0.000000e+00  -1.545940e-02  -6.496083e-02   1.133091e-01   0.000000e+00
-2.554549e-04   4.263576e-04   0.000000e+00  -7.697263e-04   2.394757e-03   0.000000e+00   0.000000e+00   0.000000e+00   4.413944e-02

# timestamp: 1774889217.7818258
 8.558705e-04  -5.985527e-07   0.000000e+00   2.325817e-04  -6.192912e-06   0.000000e+00   0.000000e+00   0.000000e+00   1.924866e-04
-5.985527e-07   9.805949e-04   0.000000e+00  -3.093333e-05   4.774127e-04   0.000000e+00   0.000000e+00   0.000000e+00   8.679271e-04
 0.000000e+00   0.000000e+00   1.450043e-03   0.000000e+00   0.000000e+00   1.630243e-03   3.693638e-03  -5.507411e-03   0.000000e+00
 2.325817e-04  -3.093333e-05   0.000000e+00   4.167041e-04  -9.247992e-05   0.000000e+00   0.000000e+00   0.000000e+00  -6.050570e-04
-6.192912e-06   4.774127e-04   0.000000e+00  -9.247992e-05   9.197095e-04   0.000000e+00   0.000000e+00   0.000000e+00   2.520783e-03
 0.000000e+00   0.000000e+00   1.630243e-03   0.000000e+00   0.000000e+00   3.955225e-03   1.218983e-02  -1.606369e-02   0.000000e+00
 0.000000e+00   0.000000e+00   3.693638e-03   0.000000e+00   0.000000e+00   1.218983e-02   1.003512e-01  -6.501020e-02   0.000000e+00
 0.000000e+00   0.000000e+00  -5.507411e-03   0.000000e+00   0.000000e+00  -1.606369e-02  -6.501020e-02   1.166261e-01   0.000000e+00
 1.924866e-04   8.679271e-04   0.000000e+00  -6.050570e-04   2.520783e-03   0.000000e+00   0.000000e+00   0.000000e+00   4.268256e-02

# timestamp: 1774889218.098365
 8.578771e-04  -6.256744e-06   0.000000e+00   2.362944e-04  -1.521943e-05   0.000000e+00   0.000000e+00   0.000000e+00   1.876883e-04
-6.256744e-06   9.845537e-04   0.000000e+00  -3.262839e-05   4.847924e-04   0.000000e+00   0.000000e+00   0.000000e+00   9.008881e-04
 0.000000e+00   0.000000e+00   1.436699e-03   0.000000e+00   0.000000e+00   1.562158e-03   3.892788e-03  -5.124473e-03   0.000000e+00
 2.362944e-04  -3.262839e-05   0.000000e+00   4.102710e-04  -8.332214e-05   0.000000e+00   0.000000e+00   0.000000e+00  -2.659658e-04
-1.521943e-05   4.847924e-04   0.000000e+00  -8.332214e-05   9.393789e-04   0.000000e+00   0.000000e+00   0.000000e+00   2.628432e-03
 0.000000e+00   0.000000e+00   1.562158e-03   0.000000e+00   0.000000e+00   3.665987e-03   1.201063e-02  -1.454688e-02   0.000000e+00
 0.000000e+00   0.000000e+00   3.892788e-03   0.000000e+00   0.000000e+00   1.201063e-02   1.109893e-01  -6.617829e-02   0.000000e+00
 0.000000e+00   0.000000e+00  -5.124473e-03   0.000000e+00   0.000000e+00  -1.454688e-02  -6.617829e-02   1.076873e-01   0.000000e+00
 1.876883e-04   9.008881e-04   0.000000e+00  -2.659658e-04   2.628432e-03   0.000000e+00   0.000000e+00   0.000000e+00   4.285270e-02

# timestamp: 1774889218.1698709
 9.148610e-04  -1.476673e-05   0.000000e+00   2.543703e-04  -4.084307e-05   0.000000e+00   0.000000e+00   0.000000e+00  -1.835218e-04
-1.476673e-05   1.042567e-03   0.000000e+00  -3.323796e-05   4.860816e-04   0.000000e+00   0.000000e+00   0.000000e+00   4.068209e-04
 0.000000e+00   0.000000e+00   1.521502e-03   0.000000e+00   0.000000e+00   1.563840e-03   4.611893e-03  -4.270039e-03   0.000000e+00
 2.543703e-04  -3.323796e-05   0.000000e+00   4.137958e-04  -8.436698e-05   0.000000e+00   0.000000e+00   0.000000e+00  -2.819411e-04
-4.084307e-05   4.860816e-04   0.000000e+00  -8.436698e-05   9.429805e-04   0.000000e+00   0.000000e+00   0.000000e+00   2.597456e-03
 0.000000e+00   0.000000e+00   1.563840e-03   0.000000e+00   0.000000e+00   3.521586e-03   1.231937e-02  -1.312739e-02   0.000000e+00
 0.000000e+00   0.000000e+00   4.611893e-03   0.000000e+00   0.000000e+00   1.231937e-02   1.194281e-01  -6.358443e-02   0.000000e+00
 0.000000e+00   0.000000e+00  -4.270039e-03   0.000000e+00   0.000000e+00  -1.312739e-02  -6.358443e-02   1.013425e-01   0.000000e+00
-1.835218e-04   4.068209e-04   0.000000e+00  -2.819411e-04   2.597456e-03   0.000000e+00   0.000000e+00   0.000000e+00   4.589289e-02

# timestamp: 1774889218.4827693
 7.926770e-04  -1.271435e-05   0.000000e+00   2.187864e-04  -2.964634e-05   0.000000e+00   0.000000e+00   0.000000e+00  -4.283998e-05
-1.271435e-05   8.888910e-04   0.000000e+00  -2.587952e-05   4.165437e-04   0.000000e+00   0.000000e+00   0.000000e+00   3.399064e-04
 0.000000e+00   0.000000e+00   1.176640e-03   0.000000e+00   0.000000e+00   1.109499e-03   3.618106e-03  -2.763737e-03   0.000000e+00
 2.187864e-04  -2.587952e-05   0.000000e+00   3.984141e-04  -5.269226e-05   0.000000e+00   0.000000e+00   0.000000e+00   6.545572e-05
-2.964634e-05   4.165437e-04   0.000000e+00  -5.269226e-05   8.975480e-04   0.000000e+00   0.000000e+00   0.000000e+00   2.138836e-03
 0.000000e+00   0.000000e+00   1.109499e-03   0.000000e+00   0.000000e+00   2.674181e-03   1.060628e-02  -9.375531e-03   0.000000e+00
 0.000000e+00   0.000000e+00   3.618106e-03   0.000000e+00   0.000000e+00   1.060628e-02   1.317202e-01  -6.211204e-02   0.000000e+00
 0.000000e+00   0.000000e+00  -2.763737e-03   0.000000e+00   0.000000e+00  -9.375531e-03  -6.211204e-02   7.953950e-02   0.000000e+00
-4.283998e-05   3.399064e-04   0.000000e+00   6.545572e-05   2.138836e-03   0.000000e+00   0.000000e+00   0.000000e+00   3.805766e-02

# timestamp: 1774889218.5214362
 8.402594e-04  -1.458989e-05   0.000000e+00   2.318848e-04  -3.154180e-05   0.000000e+00   0.000000e+00   0.000000e+00  -4.023831e-05
-1.458989e-05   9.500315e-04   0.000000e+00  -2.720808e-05   4.481399e-04   0.000000e+00   0.000000e+00   0.000000e+00   4.123179e-04
 0.000000e+00   0.000000e+00   1.285364e-03   0.000000e+00   0.000000e+00   1.208544e-03   3.968019e-03  -3.075175e-03   0.000000e+00
 2.318848e-04  -2.720808e-05   0.000000e+00   4.018564e-04  -5.014450e-05   0.000000e+00   0.000000e+00   0.000000e+00   1.040062e-04
-3.154180e-05   4.481399e-04   0.000000e+00  -5.014450e-05   9.221199e-04   0.000000e+00   0.000000e+00   0.000000e+00   2.330164e-03
 0.000000e+00   0.000000e+00   1.208544e-03   0.000000e+00   0.000000e+00   2.747870e-03   1.077385e-02  -9.704945e-03   0.000000e+00
 0.000000e+00   0.000000e+00   3.968019e-03   0.000000e+00   0.000000e+00   1.077385e-02   1.350002e-01  -6.211204e-02   0.000000e+00
 0.000000e+00   0.000000e+00  -3.075175e-03   0.000000e+00   0.000000e+00  -9.704945e-03  -6.211204e-02   8.281954e-02   0.000000e+00
-4.023831e-05   4.123179e-04   0.000000e+00   1.040062e-04   2.330164e-03   0.000000e+00   0.000000e+00   0.000000e+00   4.133770e-02

# timestamp: 1774889218.7299278
 8.639227e-04  -1.523345e-05   0.000000e+00   2.379914e-04  -2.689837e-05   0.000000e+00   0.000000e+00   0.000000e+00   1.746317e-05
-1.523345e-05   9.840289e-04   0.000000e+00  -2.152374e-05   4.723997e-04   0.000000e+00   0.000000e+00   0.000000e+00   5.193763e-04
 0.000000e+00   0.000000e+00   1.328265e-03   0.000000e+00   0.000000e+00   1.198536e-03   4.199353e-03  -3.219891e-03   0.000000e+00
 2.379914e-04  -2.152374e-05   0.000000e+00   4.043458e-04  -2.190953e-05   0.000000e+00   0.000000e+00   0.000000e+00   3.612263e-04
-2.689837e-05   4.723997e-04   0.000000e+00  -2.190953e-05   9.485544e-04   0.000000e+00   0.000000e+00   0.000000e+00   2.498398e-03
 0.000000e+00   0.000000e+00   1.198536e-03   0.000000e+00   0.000000e+00   2.552743e-03   1.021597e-02  -9.281291e-03   0.000000e+00
 0.000000e+00   0.000000e+00   4.199353e-03   0.000000e+00   0.000000e+00   1.021597e-02   1.454544e-01  -6.483256e-02   0.000000e+00
 0.000000e+00   0.000000e+00  -3.219891e-03   0.000000e+00   0.000000e+00  -9.281291e-03  -6.483256e-02   8.442650e-02   0.000000e+00
 1.746317e-05   5.193763e-04   0.000000e+00   3.612263e-04   2.498398e-03   0.000000e+00   0.000000e+00   0.000000e+00   4.318220e-02

# timestamp: 1774889218.7458837
 8.916413e-04  -1.614225e-05   0.000000e+00   2.455929e-04  -2.722369e-05   0.000000e+00   0.000000e+00   0.000000e+00   2.445435e-05
-1.614225e-05   1.020717e-03   0.000000e+00  -2.142557e-05   4.918194e-04   0.000000e+00   0.000000e+00   0.000000e+00   5.668429e-04
 0.000000e+00   0.000000e+00   1.392700e-03   0.000000e+00   0.000000e+00   1.252238e-03   4.390580e-03  -3.394468e-03   0.000000e+00
 2.455929e-04  -2.142557e-05   0.000000e+00   4.068873e-04  -1.855073e-05   0.000000e+00   0.000000e+00   0.000000e+00   4.004978e-04
-2.722369e-05   4.918194e-04   0.000000e+00  -1.855073e-05   9.651489e-04   0.000000e+00   0.000000e+00   0.000000e+00   2.626090e-03
 0.000000e+00   0.000000e+00   1.252238e-03   0.000000e+00   0.000000e+00   2.590393e-03   1.027263e-02  -9.470217e-03   0.000000e+00
 0.000000e+00   0.000000e+00   4.390580e-03   0.000000e+00   0.000000e+00   1.027263e-02   1.473228e-01  -6.483256e-02   0.000000e+00
 0.000000e+00   0.000000e+00  -3.394468e-03   0.000000e+00   0.000000e+00  -9.470217e-03  -6.483256e-02   8.629486e-02   0.000000e+00
 2.445435e-05   5.668429e-04   0.000000e+00   4.004978e-04   2.626090e-03   0.000000e+00   0.000000e+00   0.000000e+00   4.505057e-02

# timestamp: 1774889218.764937
 9.096034e-04  -1.672782e-05   0.000000e+00   2.505062e-04  -2.738775e-05   0.000000e+00   0.000000e+00   0.000000e+00   2.934058e-05
-1.672782e-05   1.044678e-03   0.000000e+00  -2.130605e-05   5.045380e-04   0.000000e+00   0.000000e+00   0.000000e+00   5.986249e-04
 0.000000e+00   0.000000e+00   1.435172e-03   0.000000e+00   0.000000e+00   1.287301e-03   4.514021e-03  -3.508539e-03   0.000000e+00
 2.505062e-04  -2.130605e-05   0.000000e+00   4.085577e-04  -1.627135e-05   0.000000e+00   0.000000e+00   0.000000e+00   4.265986e-04
-2.738775e-05   5.045380e-04   0.000000e+00  -1.627135e-05   9.762060e-04   0.000000e+00   0.000000e+00   0.000000e+00   2.710957e-03
 0.000000e+00   0.000000e+00   1.287301e-03   0.000000e+00   0.000000e+00   2.615113e-03   1.030818e-02  -9.594432e-03   0.000000e+00
 0.000000e+00   0.000000e+00   4.514021e-03   0.000000e+00   0.000000e+00   1.030818e-02   1.485234e-01  -6.483256e-02   0.000000e+00
 0.000000e+00   0.000000e+00  -3.508539e-03   0.000000e+00   0.000000e+00  -9.594432e-03  -6.483256e-02   8.749547e-02   0.000000e+00
 2.934058e-05   5.986249e-04   0.000000e+00   4.265986e-04   2.710957e-03   0.000000e+00   0.000000e+00   0.000000e+00   4.625118e-02

# timestamp: 1774889218.8038657
 8.292872e-04  -1.321549e-05   0.000000e+00   2.281883e-04  -2.296281e-05   0.000000e+00   0.000000e+00   0.000000e+00   8.834800e-06
-1.321549e-05   9.398191e-04   0.000000e+00  -1.762932e-05   4.506032e-04   0.000000e+00   0.000000e+00   0.000000e+00   4.296705e-04
 0.000000e+00   0.000000e+00   1.239809e-03   0.000000e+00   0.000000e+00   1.097383e-03   3.961649e-03  -2.940253e-03   0.000000e+00
 2.281883e-04  -1.762932e-05   0.000000e+00   4.027581e-04  -1.042392e-05   0.000000e+00   0.000000e+00   0.000000e+00   4.198796e-04
-2.296281e-05   4.506032e-04   0.000000e+00  -1.042392e-05   9.356023e-04   0.000000e+00   0.000000e+00   0.000000e+00   2.345342e-03
 0.000000e+00   0.000000e+00   1.097383e-03   0.000000e+00   0.000000e+00   2.398496e-03   9.791938e-03  -8.836353e-03   0.000000e+00
 0.000000e+00   0.000000e+00   3.961649e-03   0.000000e+00   0.000000e+00   9.791938e-03   1.458692e-01  -6.711167e-02   0.000000e+00
 0.000000e+00   0.000000e+00  -2.940253e-03   0.000000e+00   0.000000e+00  -8.836353e-03  -6.711167e-02   8.335967e-02   0.000000e+00
 8.834800e-06   4.296705e-04   0.000000e+00   4.198796e-04   2.345342e-03   0.000000e+00   0.000000e+00   0.000000e+00   4.050134e-02

# timestamp: 1774889219.071679
 9.314492e-04  -1.196981e-05   0.000000e+00   2.578828e-04  -1.014643e-05   0.000000e+00   0.000000e+00   0.000000e+00   1.226749e-04
-1.196981e-05   1.079147e-03   0.000000e+00  -3.509460e-06   5.307966e-04   0.000000e+00   0.000000e+00   0.000000e+00   6.613480e-04
 0.000000e+00   0.000000e+00   1.443509e-03   0.000000e+00   0.000000e+00   1.214888e-03   4.436318e-03  -3.662770e-03   0.000000e+00
 2.578828e-04  -3.509460e-06   0.000000e+00   4.219318e-04   4.126360e-05   0.000000e+00   0.000000e+00   0.000000e+00   8.171208e-04
-1.014643e-05   5.307966e-04   0.000000e+00   4.126360e-05   1.013231e-03   0.000000e+00   0.000000e+00   0.000000e+00   2.882857e-03
 0.000000e+00   0.000000e+00   1.214888e-03   0.000000e+00   0.000000e+00   2.355013e-03   9.163054e-03  -9.501390e-03   0.000000e+00
 0.000000e+00   0.000000e+00   4.436318e-03   0.000000e+00   0.000000e+00   9.163054e-03   1.550696e-01  -7.242978e-02   0.000000e+00
 0.000000e+00   0.000000e+00  -3.662770e-03   0.000000e+00   0.000000e+00  -9.501390e-03  -7.242978e-02   9.623190e-02   0.000000e+00
 1.226749e-04   6.613480e-04   0.000000e+00   8.171208e-04   2.882857e-03   0.000000e+00   0.000000e+00   0.000000e+00   4.738513e-02

# timestamp: 1774889219.1583946
 8.995149e-04  -9.066190e-06   0.000000e+00   2.498664e-04  -4.312337e-06   0.000000e+00   0.000000e+00   0.000000e+00   1.266377e-04
-9.066190e-06   1.036707e-03   0.000000e+00   1.049048e-06   5.089348e-04   0.000000e+00   0.000000e+00   0.000000e+00   5.767292e-04
 0.000000e+00   0.000000e+00   1.352419e-03   0.000000e+00   0.000000e+00   1.116921e-03   4.093332e-03  -3.395489e-03   0.000000e+00
 2.498664e-04   1.049048e-06   0.000000e+00   4.229501e-04   5.322609e-05   0.000000e+00   0.000000e+00   0.000000e+00   8.478698e-04
-4.312337e-06   5.089348e-04   0.000000e+00   5.322609e-05   9.971749e-04   0.000000e+00   0.000000e+00   0.000000e+00   2.719211e-03
 0.000000e+00   0.000000e+00   1.116921e-03   0.000000e+00   0.000000e+00   2.226143e-03   8.723428e-03  -9.177616e-03   0.000000e+00
 0.000000e+00   0.000000e+00   4.093332e-03   0.000000e+00   0.000000e+00   8.723428e-03   1.537558e-01  -7.491667e-02   0.000000e+00
 0.000000e+00   0.000000e+00  -3.395489e-03   0.000000e+00   0.000000e+00  -9.177616e-03  -7.491667e-02   9.677142e-02   0.000000e+00
 1.266377e-04   5.767292e-04   0.000000e+00   8.478698e-04   2.719211e-03   0.000000e+00   0.000000e+00   0.000000e+00   4.500687e-02

# timestamp: 1774889219.570102
 9.131644e-04   3.978441e-06   0.000000e+00   2.607384e-04   2.533256e-05   0.000000e+00   0.000000e+00   0.000000e+00   2.027429e-04
 3.978441e-06   1.056411e-03   0.000000e+00   2.833111e-05   5.215099e-04   0.000000e+00   0.000000e+00   0.000000e+00   5.648543e-04
 0.000000e+00   0.000000e+00   1.320615e-03   0.000000e+00   0.000000e+00   1.018550e-03   3.706938e-03  -3.514175e-03   0.000000e+00
 2.607384e-04   2.833111e-05   0.000000e+00   4.495166e-04   1.188478e-04   0.000000e+00   0.000000e+00   0.000000e+00   1.136156e-03
 2.533256e-05   5.215099e-04   0.000000e+00   1.188478e-04   9.987407e-04   0.000000e+00   0.000000e+00   0.000000e+00   2.642666e-03
 0.000000e+00   0.000000e+00   1.018550e-03   0.000000e+00   0.000000e+00   1.993810e-03   7.554831e-03  -9.305067e-03   0.000000e+00
 0.000000e+00   0.000000e+00   3.706938e-03   0.000000e+00   0.000000e+00   7.554831e-03   1.537782e-01  -8.533656e-02   0.000000e+00
 0.000000e+00   0.000000e+00  -3.514175e-03   0.000000e+00   0.000000e+00  -9.305067e-03  -8.533656e-02   1.135569e-01   0.000000e+00
 2.027429e-04   5.648543e-04   0.000000e+00   1.136156e-03   2.642666e-03   0.000000e+00   0.000000e+00   0.000000e+00   4.581722e-02

# timestamp: 1774889219.8314579
 9.426248e-04   2.855020e-05   0.000000e+00   2.888599e-04   7.679912e-05   0.000000e+00   0.000000e+00   0.000000e+00   7.159468e-04
 2.855020e-05   1.097517e-03   0.000000e+00   6.511762e-05   5.653050e-04   0.000000e+00   0.000000e+00   0.000000e+00   1.064091e-03
 0.000000e+00   0.000000e+00   1.338237e-03   0.000000e+00   0.000000e+00   1.023985e-03   2.601871e-03  -4.079703e-03   0.000000e+00
 2.888599e-04   6.511762e-05   0.000000e+00   4.800526e-04   1.718868e-04   0.000000e+00   0.000000e+00   0.000000e+00   1.448709e-03
 7.679912e-05   5.653050e-04   0.000000e+00   1.718868e-04   1.017456e-03   0.000000e+00   0.000000e+00   0.000000e+00   2.834352e-03
 0.000000e+00   0.000000e+00   1.023985e-03   0.000000e+00   0.000000e+00   1.943535e-03   6.317269e-03  -9.900826e-03   0.000000e+00
 0.000000e+00   0.000000e+00   2.601871e-03   0.000000e+00   0.000000e+00   6.317269e-03   1.457230e-01  -8.936304e-02   0.000000e+00
 0.000000e+00   0.000000e+00  -4.079703e-03   0.000000e+00   0.000000e+00  -9.900826e-03  -8.936304e-02   1.295990e-01   0.000000e+00
 7.159468e-04   1.064091e-03   0.000000e+00   1.448709e-03   2.834352e-03   0.000000e+00   0.000000e+00   0.000000e+00   4.776806e-02

# timestamp: 1774889219.8781662
 8.012944e-04   1.163934e-05   0.000000e+00   2.339573e-04   3.797997e-05   0.000000e+00   0.000000e+00   0.000000e+00   1.384776e-04
 1.163934e-05   9.057016e-04   0.000000e+00   3.883060e-05   4.384060e-04   0.000000e+00   0.000000e+00   0.000000e+00   3.392906e-04
 0.000000e+00   0.000000e+00   1.069654e-03   0.000000e+00   0.000000e+00   7.900619e-04   2.808898e-03  -3.005113e-03   0.000000e+00
 2.339573e-04   3.883060e-05   0.000000e+00   4.555344e-04   1.405350e-04   0.000000e+00   0.000000e+00   0.000000e+00   1.026879e-03
 3.797997e-05   4.384060e-04   0.000000e+00   1.405350e-04   9.098905e-04   0.000000e+00   0.000000e+00   0.000000e+00   1.965400e-03
 0.000000e+00   0.000000e+00   7.900619e-04   0.000000e+00   0.000000e+00   1.727800e-03   6.568378e-03  -8.979545e-03   0.000000e+00
 0.000000e+00   0.000000e+00   2.808898e-03   0.000000e+00   0.000000e+00   6.568378e-03   1.358725e-01  -9.353194e-02   0.000000e+00
 0.000000e+00   0.000000e+00  -3.005113e-03   0.000000e+00   0.000000e+00  -8.979545e-03  -9.353194e-02   1.279974e-01   0.000000e+00
 1.384776e-04   3.392906e-04   0.000000e+00   1.026879e-03   1.965400e-03   0.000000e+00   0.000000e+00   0.000000e+00   3.804326e-02

# timestamp: 1774889220.1617196
 9.154130e-04   2.471883e-05   0.000000e+00   2.753320e-04   6.185446e-05   0.000000e+00   0.000000e+00   0.000000e+00   2.767939e-04
 2.471883e-05   1.049109e-03   0.000000e+00   6.279211e-05   5.058885e-04   0.000000e+00   0.000000e+00   0.000000e+00   5.265693e-04
 0.000000e+00   0.000000e+00   1.261593e-03   0.000000e+00   0.000000e+00   9.213756e-04   3.065468e-03  -3.984295e-03   0.000000e+00
 2.753320e-04   6.279211e-05   0.000000e+00   4.856259e-04   1.752148e-04   0.000000e+00   0.000000e+00   0.000000e+00   1.282655e-03
 6.185446e-05   5.058885e-04   0.000000e+00   1.752148e-04   9.274517e-04   0.000000e+00   0.000000e+00   0.000000e+00   2.220109e-03
 0.000000e+00   0.000000e+00   9.213756e-04   0.000000e+00   0.000000e+00   1.798612e-03   6.268083e-03  -1.017488e-02   0.000000e+00
 0.000000e+00   0.000000e+00   3.065468e-03   0.000000e+00   0.000000e+00   6.268083e-03   1.330259e-01  -9.472202e-02   0.000000e+00
 0.000000e+00   0.000000e+00  -3.984295e-03   0.000000e+00   0.000000e+00  -1.017488e-02  -9.472202e-02   1.491507e-01   0.000000e+00
 2.767939e-04   5.265693e-04   0.000000e+00   1.282655e-03   2.220109e-03   0.000000e+00   0.000000e+00   0.000000e+00   4.570628e-02

# timestamp: 1774889220.1872191
 8.888637e-04   3.633501e-05   0.000000e+00   2.815397e-04   8.845881e-05   0.000000e+00   0.000000e+00   0.000000e+00   7.703968e-04
 3.633501e-05   1.010920e-03   0.000000e+00   7.552738e-05   5.041978e-04   0.000000e+00   0.000000e+00   0.000000e+00   8.992813e-04
 0.000000e+00   0.000000e+00   1.198764e-03   0.000000e+00   0.000000e+00   8.925861e-04   1.935007e-03  -4.003647e-03   0.000000e+00
 2.815397e-04   7.552738e-05   0.000000e+00   4.921293e-04   1.875614e-04   0.000000e+00   0.000000e+00   0.000000e+00   1.400727e-03
 8.845881e-05   5.041978e-04   0.000000e+00   1.875614e-04   9.302224e-04   0.000000e+00   0.000000e+00   0.000000e+00   2.331161e-03
 0.000000e+00   0.000000e+00   8.925861e-04   0.000000e+00   0.000000e+00   1.789065e-03   5.520756e-03  -1.029607e-02   0.000000e+00
 0.000000e+00   0.000000e+00   1.935007e-03   0.000000e+00   0.000000e+00   5.520756e-03   1.238603e-01  -9.231668e-02   0.000000e+00
 0.000000e+00   0.000000e+00  -4.003647e-03   0.000000e+00   0.000000e+00  -1.029607e-02  -9.231668e-02   1.514160e-01   0.000000e+00
 7.703968e-04   8.992813e-04   0.000000e+00   1.400727e-03   2.331161e-03   0.000000e+00   0.000000e+00   0.000000e+00   4.403593e-02

# timestamp: 1774889220.2119334
 8.340996e-04   2.112870e-05   0.000000e+00   2.505564e-04   5.532525e-05   0.000000e+00   0.000000e+00   0.000000e+00   1.930579e-04
 2.112870e-05   9.418915e-04   0.000000e+00   5.585817e-05   4.496719e-04   0.000000e+00   0.000000e+00   0.000000e+00   3.873263e-04
 0.000000e+00   0.000000e+00   1.110008e-03   0.000000e+00   0.000000e+00   8.095314e-04   2.692647e-03  -3.539176e-03   0.000000e+00
 2.505564e-04   5.585817e-05   0.000000e+00   4.752653e-04   1.651852e-04   0.000000e+00   0.000000e+00   0.000000e+00   1.104474e-03
 5.532525e-05   4.496719e-04   0.000000e+00   1.651852e-04   8.829059e-04   0.000000e+00   0.000000e+00   0.000000e+00   1.889114e-03
 0.000000e+00   0.000000e+00   8.095314e-04   0.000000e+00   0.000000e+00   1.713360e-03   6.111714e-03  -9.927085e-03   0.000000e+00
 0.000000e+00   0.000000e+00   2.692647e-03   0.000000e+00   0.000000e+00   6.111714e-03   1.230389e-01  -9.529659e-02   0.000000e+00
 0.000000e+00   0.000000e+00  -3.539176e-03   0.000000e+00   0.000000e+00  -9.927085e-03  -9.529659e-02   1.503313e-01   0.000000e+00
 1.930579e-04   3.873263e-04   0.000000e+00   1.104474e-03   1.889114e-03   0.000000e+00   0.000000e+00   0.000000e+00   4.009158e-02

# timestamp: 1774889220.228831
 8.602088e-04   2.310469e-05   0.000000e+00   2.590478e-04   5.858686e-05   0.000000e+00   0.000000e+00   0.000000e+00   2.123461e-04
 2.310469e-05   9.750152e-04   0.000000e+00   5.920377e-05   4.657642e-04   0.000000e+00   0.000000e+00   0.000000e+00   4.203027e-04
 0.000000e+00   0.000000e+00   1.155852e-03   0.000000e+00   0.000000e+00   8.429583e-04   2.798501e-03  -3.711563e-03   0.000000e+00
 2.590478e-04   5.920377e-05   0.000000e+00   4.795734e-04   1.694916e-04   0.000000e+00   0.000000e+00   0.000000e+00   1.151823e-03
 5.858686e-05   4.657642e-04   0.000000e+00   1.694916e-04   8.918244e-04   0.000000e+00   0.000000e+00   0.000000e+00   1.966370e-03
 0.000000e+00   0.000000e+00   8.429583e-04   0.000000e+00   0.000000e+00   1.738425e-03   6.147269e-03  -1.010099e-02   0.000000e+00
 0.000000e+00   0.000000e+00   2.798501e-03   0.000000e+00   0.000000e+00   6.147269e-03   1.247686e-01  -9.529659e-02   0.000000e+00
 0.000000e+00   0.000000e+00  -3.711563e-03   0.000000e+00   0.000000e+00  -1.010099e-02  -9.529659e-02   1.520610e-01   0.000000e+00
 2.123461e-04   4.203027e-04   0.000000e+00   1.151823e-03   1.966370e-03   0.000000e+00   0.000000e+00   0.000000e+00   4.182129e-02

# timestamp: 1774889220.2712977
 9.287434e-04   2.872459e-05   0.000000e+00   2.813518e-04   6.749203e-05   0.000000e+00   0.000000e+00   0.000000e+00   2.655554e-04
 2.872459e-05   1.062815e-03   0.000000e+00   6.833349e-05   5.081772e-04   0.000000e+00   0.000000e+00   0.000000e+00   5.109932e-04
 0.000000e+00   0.000000e+00   1.279160e-03   0.000000e+00   0.000000e+00   9.318752e-04   3.073380e-03  -4.168067e-03   0.000000e+00
 2.813518e-04   6.833349e-05   0.000000e+00   4.911766e-04   1.814186e-04   0.000000e+00   0.000000e+00   0.000000e+00   1.283363e-03
 6.749203e-05   5.081772e-04   0.000000e+00   1.814186e-04   9.161524e-04   0.000000e+00   0.000000e+00   0.000000e+00   2.180994e-03
 0.000000e+00   0.000000e+00   9.318752e-04   0.000000e+00   0.000000e+00   1.805600e-03   6.229019e-03  -1.056429e-02   0.000000e+00
 0.000000e+00   0.000000e+00   3.073380e-03   0.000000e+00   0.000000e+00   6.229019e-03   1.292188e-01  -9.529659e-02   0.000000e+00
 0.000000e+00   0.000000e+00  -4.168067e-03   0.000000e+00   0.000000e+00  -1.056429e-02  -9.529659e-02   1.565111e-01   0.000000e+00
 2.655554e-04   5.109932e-04   0.000000e+00   1.283363e-03   2.180994e-03   0.000000e+00   0.000000e+00   0.000000e+00   4.627139e-02

# timestamp: 1774889220.5054379
 9.041795e-04   4.503771e-05   0.000000e+00   2.908909e-04   1.000592e-04   0.000000e+00   0.000000e+00   0.000000e+00   7.989182e-04
 4.503771e-05   1.019872e-03   0.000000e+00   8.618925e-05   4.963061e-04   0.000000e+00   0.000000e+00   0.000000e+00   8.939262e-04
 0.000000e+00   0.000000e+00   1.222281e-03   0.000000e+00   0.000000e+00   9.224783e-04   2.040669e-03  -4.642845e-03   0.000000e+00
 2.908909e-04   8.618925e-05   0.000000e+00   4.998778e-04   1.961433e-04   0.000000e+00   0.000000e+00   0.000000e+00   1.346733e-03
 1.000592e-04   4.963061e-04   0.000000e+00   1.961433e-04   8.906592e-04   0.000000e+00   0.000000e+00   0.000000e+00   2.218938e-03
 0.000000e+00   0.000000e+00   9.224783e-04   0.000000e+00   0.000000e+00   1.841911e-03   5.795762e-03  -1.166701e-02   0.000000e+00
 0.000000e+00   0.000000e+00   2.040669e-03   0.000000e+00   0.000000e+00   5.795762e-03   1.164433e-01  -9.515206e-02   0.000000e+00
 0.000000e+00   0.000000e+00  -4.642845e-03   0.000000e+00   0.000000e+00  -1.166701e-02  -9.515206e-02   1.715442e-01   0.000000e+00
 7.989182e-04   8.939262e-04   0.000000e+00   1.346733e-03   2.218938e-03   0.000000e+00   0.000000e+00   0.000000e+00   4.477533e-02

# timestamp: 1774889220.5610435
 9.098358e-04   3.422522e-05   0.000000e+00   2.793205e-04   7.425354e-05   0.000000e+00   0.000000e+00   0.000000e+00   2.235834e-04
 3.422522e-05   1.027760e-03   0.000000e+00   7.379916e-05   4.787795e-04   0.000000e+00   0.000000e+00   0.000000e+00   4.314503e-04
 0.000000e+00   0.000000e+00   1.232401e-03   0.000000e+00   0.000000e+00   9.075487e-04   2.970909e-03  -4.393596e-03   0.000000e+00
 2.793205e-04   7.379916e-05   0.000000e+00   4.911371e-04   1.821258e-04   0.000000e+00   0.000000e+00   0.000000e+00   1.130165e-03
 7.425354e-05   4.787795e-04   0.000000e+00   1.821258e-04   8.654885e-04   0.000000e+00   0.000000e+00   0.000000e+00   1.965542e-03
 0.000000e+00   0.000000e+00   9.075487e-04   0.000000e+00   0.000000e+00   1.823560e-03   6.510666e-03  -1.159928e-02   0.000000e+00
 0.000000e+00   0.000000e+00   2.970909e-03   0.000000e+00   0.000000e+00   6.510666e-03   1.208740e-01  -9.834312e-02   0.000000e+00
 0.000000e+00   0.000000e+00  -4.393596e-03   0.000000e+00   0.000000e+00  -1.159928e-02  -9.834312e-02   1.721662e-01   0.000000e+00
 2.235834e-04   4.314503e-04   0.000000e+00   1.130165e-03   1.965542e-03   0.000000e+00   0.000000e+00   0.000000e+00   4.467796e-02

# timestamp: 1774889220.8300424
 8.787892e-04   3.605685e-05   0.000000e+00   2.709129e-04   7.446724e-05   0.000000e+00   0.000000e+00   0.000000e+00   1.592450e-04
 3.605685e-05   9.788563e-04   0.000000e+00   7.375692e-05   4.435837e-04   0.000000e+00   0.000000e+00   0.000000e+00   3.533621e-04
 0.000000e+00   0.000000e+00   1.176315e-03   0.000000e+00   0.000000e+00   8.840265e-04   3.049734e-03  -4.538077e-03   0.000000e+00
 2.709129e-04   7.375692e-05   0.000000e+00   4.846589e-04   1.756387e-04   0.000000e+00   0.000000e+00   0.000000e+00   9.669508e-04
 7.446724e-05   4.435837e-04   0.000000e+00   1.756387e-04   8.180134e-04   0.000000e+00   0.000000e+00   0.000000e+00   1.780561e-03
 0.000000e+00   0.000000e+00   8.840265e-04   0.000000e+00   0.000000e+00   1.859704e-03   7.143661e-03  -1.248584e-02   0.000000e+00
 0.000000e+00   0.000000e+00   3.049734e-03   0.000000e+00   0.000000e+00   7.143661e-03   1.196721e-01  -1.035279e-01   0.000000e+00
 0.000000e+00   0.000000e+00  -4.538077e-03   0.000000e+00   0.000000e+00  -1.248584e-02  -1.035279e-01   1.817497e-01   0.000000e+00
 1.592450e-04   3.533621e-04   0.000000e+00   9.669508e-04   1.780561e-03   0.000000e+00   0.000000e+00   0.000000e+00   4.252113e-02

# timestamp: 1774889220.862382
 9.309038e-04   4.122749e-05   0.000000e+00   2.875499e-04   8.104470e-05   0.000000e+00   0.000000e+00   0.000000e+00   1.925367e-04
 4.122749e-05   1.042920e-03   0.000000e+00   8.039916e-05   4.725192e-04   0.000000e+00   0.000000e+00   0.000000e+00   4.147891e-04
 0.000000e+00   0.000000e+00   1.271249e-03   0.000000e+00   0.000000e+00   9.580366e-04   3.290439e-03  -4.961228e-03   0.000000e+00
 2.875499e-04   8.039916e-05   0.000000e+00   4.915284e-04   1.823662e-04   0.000000e+00   0.000000e+00   0.000000e+00   1.045170e-03
 8.104470e-05   4.725192e-04   0.000000e+00   1.823662e-04   8.341827e-04   0.000000e+00   0.000000e+00   0.000000e+00   1.934683e-03
 0.000000e+00   0.000000e+00   9.580366e-04   0.000000e+00   0.000000e+00   1.925556e-03   7.287765e-03  -1.293935e-02   0.000000e+00
 0.000000e+00   0.000000e+00   3.290439e-03   0.000000e+00   0.000000e+00   7.287765e-03   1.230163e-01  -1.035279e-01   0.000000e+00
 0.000000e+00   0.000000e+00  -4.961228e-03   0.000000e+00   0.000000e+00  -1.293935e-02  -1.035279e-01   1.850939e-01   0.000000e+00
 1.925367e-04   4.147891e-04   0.000000e+00   1.045170e-03   1.934683e-03   0.000000e+00   0.000000e+00   0.000000e+00   4.586538e-02

# timestamp: 1774889220.9338756
 8.557628e-04   3.501112e-05   0.000000e+00   2.632395e-04   7.171957e-05   0.000000e+00   0.000000e+00   0.000000e+00   9.350271e-05
 3.501112e-05   9.471437e-04   0.000000e+00   7.135688e-05   4.243639e-04   0.000000e+00   0.000000e+00   0.000000e+00   2.862474e-04
 0.000000e+00   0.000000e+00   1.136085e-03   0.000000e+00   0.000000e+00   8.581801e-04   3.062408e-03  -4.443030e-03   0.000000e+00
 2.632395e-04   7.135688e-05   0.000000e+00   4.804230e-04   1.714440e-04   0.000000e+00   0.000000e+00   0.000000e+00   8.913878e-04
 7.171957e-05   4.243639e-04   0.000000e+00   1.714440e-04   7.991144e-04   0.000000e+00   0.000000e+00   0.000000e+00   1.675357e-03
 0.000000e+00   0.000000e+00   8.581801e-04   0.000000e+00   0.000000e+00   1.857034e-03   7.328563e-03  -1.263141e-02   0.000000e+00
 0.000000e+00   0.000000e+00   3.062408e-03   0.000000e+00   0.000000e+00   7.328563e-03   1.183151e-01  -1.051661e-01   0.000000e+00
 0.000000e+00   0.000000e+00  -4.443030e-03   0.000000e+00   0.000000e+00  -1.263141e-02  -1.051661e-01   1.834658e-01   0.000000e+00
 9.350271e-05   2.862474e-04   0.000000e+00   8.913878e-04   1.675357e-03   0.000000e+00   0.000000e+00   0.000000e+00   4.069268e-02

# timestamp: 1774889221.1757028
 9.484794e-04   4.589209e-05   0.000000e+00   2.921535e-04   8.309337e-05   0.000000e+00   0.000000e+00   0.000000e+00   1.291998e-04
 4.589209e-05   1.053369e-03   0.000000e+00   8.337520e-05   4.636740e-04   0.000000e+00   0.000000e+00   0.000000e+00   3.822199e-04
 0.000000e+00   0.000000e+00   1.314673e-03   0.000000e+00   0.000000e+00   1.020754e-03   3.715423e-03  -5.534893e-03   0.000000e+00
 2.921535e-04   8.337520e-05   0.000000e+00   4.881272e-04   1.784168e-04   0.000000e+00   0.000000e+00   0.000000e+00   9.549255e-04
 8.309337e-05   4.636740e-04   0.000000e+00   1.784168e-04   8.071547e-04   0.000000e+00   0.000000e+00   0.000000e+00   1.919072e-03
 0.000000e+00   0.000000e+00   1.020754e-03   0.000000e+00   0.000000e+00   2.055360e-03   8.163364e-03  -1.424728e-02   0.000000e+00
 0.000000e+00   0.000000e+00   3.715423e-03   0.000000e+00   0.000000e+00   8.163364e-03   1.256909e-01  -1.080220e-01   0.000000e+00
 0.000000e+00   0.000000e+00  -5.534893e-03   0.000000e+00   0.000000e+00  -1.424728e-02  -1.080220e-01   1.947753e-01   0.000000e+00
 1.291998e-04   3.822199e-04   0.000000e+00   9.549255e-04   1.919072e-03   0.000000e+00   0.000000e+00   0.000000e+00   4.674873e-02

# timestamp: 1774889221.2223449
 8.174279e-04   3.355033e-05   0.000000e+00   2.511046e-04   6.834033e-05   0.000000e+00   0.000000e+00   0.000000e+00   9.460951e-05
 3.355033e-05   8.936260e-04   0.000000e+00   6.805482e-05   3.906038e-04   0.000000e+00   0.000000e+00   0.000000e+00   2.707146e-04
 0.000000e+00   0.000000e+00   1.076893e-03   0.000000e+00   0.000000e+00   8.368903e-04   3.085199e-03  -4.536282e-03   0.000000e+00
 2.511046e-04   6.805482e-05   0.000000e+00   4.710336e-04   1.622647e-04   0.000000e+00   0.000000e+00   0.000000e+00   7.720391e-04
 6.834033e-05   3.906038e-04   0.000000e+00   1.622647e-04   7.605902e-04   0.000000e+00   0.000000e+00   0.000000e+00   1.554581e-03
 0.000000e+00   0.000000e+00   8.368903e-04   0.000000e+00   0.000000e+00   1.906014e-03   7.944965e-03  -1.333808e-02   0.000000e+00
 0.000000e+00   0.000000e+00   3.085199e-03   0.000000e+00   0.000000e+00   7.944965e-03   1.185996e-01  -1.093583e-01   0.000000e+00
 0.000000e+00   0.000000e+00  -4.536282e-03   0.000000e+00   0.000000e+00  -1.333808e-02  -1.093583e-01   1.879310e-01   0.000000e+00
 9.460951e-05   2.707146e-04   0.000000e+00   7.720391e-04   1.554581e-03   0.000000e+00   0.000000e+00   0.000000e+00   3.848766e-02

# timestamp: 1774889221.2447765
 8.856826e-04   4.000000e-05   0.000000e+00   2.726233e-04   7.624526e-05   0.000000e+00   0.000000e+00   0.000000e+00   1.300609e-04
 4.000000e-05   9.749897e-04   0.000000e+00   7.601790e-05   4.264965e-04   0.000000e+00   0.000000e+00   0.000000e+00   3.424561e-04
 0.000000e+00   0.000000e+00   1.200883e-03   0.000000e+00   0.000000e+00   9.402001e-04   3.444110e-03  -5.141174e-03   0.000000e+00
 2.726233e-04   7.601790e-05   0.000000e+00   4.786184e-04   1.691880e-04   0.000000e+00   0.000000e+00   0.000000e+00   8.521257e-04
 7.624526e-05   4.264965e-04   0.000000e+00   1.691880e-04   7.803886e-04   0.000000e+00   0.000000e+00   0.000000e+00   1.748857e-03
 0.000000e+00   0.000000e+00   9.402001e-04   0.000000e+00   0.000000e+00   2.006470e-03   8.218975e-03  -1.401647e-02   0.000000e+00
 0.000000e+00   0.000000e+00   3.444110e-03   0.000000e+00   0.000000e+00   8.218975e-03   1.230795e-01  -1.093583e-01   0.000000e+00
 0.000000e+00   0.000000e+00  -5.141174e-03   0.000000e+00   0.000000e+00  -1.401647e-02  -1.093583e-01   1.924109e-01   0.000000e+00
 1.300609e-04   3.424561e-04   0.000000e+00   8.521257e-04   1.748857e-03   0.000000e+00   0.000000e+00   0.000000e+00   4.296757e-02

# timestamp: 1774889221.276684
 9.295416e-04   4.442619e-05   0.000000e+00   2.863378e-04   8.147453e-05   0.000000e+00   0.000000e+00   0.000000e+00   1.545168e-04
 4.442619e-05   1.027763e-03   0.000000e+00   8.127224e-05   4.496970e-04   0.000000e+00   0.000000e+00   0.000000e+00   3.928280e-04
 0.000000e+00   0.000000e+00   1.283725e-03   0.000000e+00   0.000000e+00   1.008708e-03   3.676882e-03  -5.539448e-03   0.000000e+00
 2.863378e-04   8.127224e-05   0.000000e+00   4.835428e-04   1.739265e-04   0.000000e+00   0.000000e+00   0.000000e+00   9.060195e-04
 8.147453e-05   4.496970e-04   0.000000e+00   1.739265e-04   7.937696e-04   0.000000e+00   0.000000e+00   0.000000e+00   1.879595e-03
 0.000000e+00   0.000000e+00   1.008708e-03   0.000000e+00   0.000000e+00   2.072271e-03   8.387463e-03  -1.445125e-02   0.000000e+00
 0.000000e+00   0.000000e+00   3.676882e-03   0.000000e+00   0.000000e+00   8.387463e-03   1.258930e-01  -1.093583e-01   0.000000e+00
 0.000000e+00   0.000000e+00  -5.539448e-03   0.000000e+00   0.000000e+00  -1.445125e-02  -1.093583e-01   1.952244e-01   0.000000e+00
 1.545168e-04   3.928280e-04   0.000000e+00   9.060195e-04   1.879595e-03   0.000000e+00   0.000000e+00   0.000000e+00   4.578107e-02

# timestamp: 1774889221.5529995
 9.272648e-04   4.483048e-05   0.000000e+00   2.842723e-04   8.115397e-05   0.000000e+00   0.000000e+00   0.000000e+00   1.903650e-04
 4.483048e-05   1.018276e-03   0.000000e+00   7.987379e-05   4.381441e-04   0.000000e+00   0.000000e+00   0.000000e+00   4.409067e-04
 0.000000e+00   0.000000e+00   1.300826e-03   0.000000e+00   0.000000e+00   1.065316e-03   3.969653e-03  -5.964001e-03   0.000000e+00
 2.842723e-04   7.987379e-05   0.000000e+00   4.736977e-04   1.638390e-04   0.000000e+00   0.000000e+00   0.000000e+00   7.879571e-04
 8.115397e-05   4.381441e-04   0.000000e+00   1.638390e-04   7.742804e-04   0.000000e+00   0.000000e+00   0.000000e+00   1.898338e-03
 0.000000e+00   0.000000e+00   1.065316e-03   0.000000e+00   0.000000e+00   2.219275e-03   9.397414e-03  -1.547003e-02   0.000000e+00
 0.000000e+00   0.000000e+00   3.969653e-03   0.000000e+00   0.000000e+00   9.397414e-03   1.303471e-01  -1.128507e-01   0.000000e+00
 0.000000e+00   0.000000e+00  -5.964001e-03   0.000000e+00   0.000000e+00  -1.547003e-02  -1.128507e-01   1.969945e-01   0.000000e+00
 1.903650e-04   4.409067e-04   0.000000e+00   7.879571e-04   1.898338e-03   0.000000e+00   0.000000e+00   0.000000e+00   4.596935e-02

# timestamp: 1774889221.802167
 8.003174e-04   3.262758e-05   0.000000e+00   2.430034e-04   6.515772e-05   0.000000e+00   0.000000e+00   0.000000e+00   1.292984e-04
 3.262758e-05   8.642140e-04   0.000000e+00   6.381753e-05   3.651873e-04   0.000000e+00   0.000000e+00   0.000000e+00   3.179203e-04
 0.000000e+00   0.000000e+00   1.079333e-03   0.000000e+00   0.000000e+00   9.141318e-04   3.414634e-03  -5.157750e-03   0.000000e+00
 2.430034e-04   6.381753e-05   0.000000e+00   4.516675e-04   1.423338e-04   0.000000e+00   0.000000e+00   0.000000e+00   5.697683e-04
 6.515772e-05   3.651873e-04   0.000000e+00   1.423338e-04   7.220644e-04   0.000000e+00   0.000000e+00   0.000000e+00   1.544811e-03
 0.000000e+00   0.000000e+00   9.141318e-04   0.000000e+00   0.000000e+00   2.177381e-03   9.488464e-03  -1.532886e-02   0.000000e+00
 0.000000e+00   0.000000e+00   3.414634e-03   0.000000e+00   0.000000e+00   9.488464e-03   1.196583e-01  -1.126141e-01   0.000000e+00
 0.000000e+00   0.000000e+00  -5.157750e-03   0.000000e+00   0.000000e+00  -1.532886e-02  -1.126141e-01   1.932124e-01   0.000000e+00
 1.292984e-04   3.179203e-04   0.000000e+00   5.697683e-04   1.544811e-03   0.000000e+00   0.000000e+00   0.000000e+00   3.792862e-02

# timestamp: 1774889221.975981
 9.336126e-04   4.465683e-05   0.000000e+00   2.808880e-04   7.503687e-05   0.000000e+00   0.000000e+00   0.000000e+00   3.146824e-05
 4.465683e-05   1.018568e-03   0.000000e+00   7.537259e-05   4.280765e-04   0.000000e+00   0.000000e+00   0.000000e+00   3.659835e-04
 0.000000e+00   0.000000e+00   1.360068e-03   0.000000e+00   0.000000e+00   1.186965e-03   4.556480e-03  -6.617630e-03   0.000000e+00
 2.808880e-04   7.537259e-05   0.000000e+00   4.587655e-04   1.467222e-04   0.000000e+00   0.000000e+00   0.000000e+00   5.925456e-04
 7.503687e-05   4.280765e-04   0.000000e+00   1.467222e-04   7.574690e-04   0.000000e+00   0.000000e+00   0.000000e+00   1.903436e-03
 0.000000e+00   0.000000e+00   1.186965e-03   0.000000e+00   0.000000e+00   2.506136e-03   1.060389e-02  -1.723738e-02   0.000000e+00
 0.000000e+00   0.000000e+00   4.556480e-03   0.000000e+00   0.000000e+00   1.060389e-02   1.275709e-01  -1.129134e-01   0.000000e+00
 0.000000e+00   0.000000e+00  -6.617630e-03   0.000000e+00   0.000000e+00  -1.723738e-02  -1.129134e-01   2.020017e-01   0.000000e+00
 3.146824e-05   3.659835e-04   0.000000e+00   5.925456e-04   1.903436e-03   0.000000e+00   0.000000e+00   0.000000e+00   4.584061e-02

# timestamp: 1774889222.4515128
 8.994711e-04   3.850333e-05   0.000000e+00   2.645814e-04   6.415506e-05   0.000000e+00   0.000000e+00   0.000000e+00   4.929829e-05
 3.850333e-05   9.759953e-04   0.000000e+00   6.417589e-05   4.040006e-04   0.000000e+00   0.000000e+00   0.000000e+00   3.834889e-04
 0.000000e+00   0.000000e+00   1.343868e-03   0.000000e+00   0.000000e+00   1.255318e-03   4.563964e-03  -6.797563e-03   0.000000e+00
 2.645814e-04   6.417589e-05   0.000000e+00   4.378627e-04   1.209888e-04   0.000000e+00   0.000000e+00   0.000000e+00   3.983687e-04
 6.415506e-05   4.040006e-04   0.000000e+00   1.209888e-04   7.370593e-04   0.000000e+00   0.000000e+00   0.000000e+00   1.851293e-03
 0.000000e+00   0.000000e+00   1.255318e-03   0.000000e+00   0.000000e+00   2.775259e-03   1.134627e-02  -1.823675e-02   0.000000e+00
 0.000000e+00   0.000000e+00   4.563964e-03   0.000000e+00   0.000000e+00   1.134627e-02   1.214889e-01  -1.081329e-01   0.000000e+00
 0.000000e+00   0.000000e+00  -6.797563e-03   0.000000e+00   0.000000e+00  -1.823675e-02  -1.081329e-01   1.960251e-01   0.000000e+00
 4.929829e-05   3.834889e-04   0.000000e+00   3.983687e-04   1.851293e-03   0.000000e+00   0.000000e+00   0.000000e+00   4.433440e-02

# timestamp: 1774889222.7306519
 8.577040e-04   3.294000e-05   0.000000e+00   2.482461e-04   5.332883e-05   0.000000e+00   0.000000e+00   0.000000e+00  -6.025102e-05
 3.294000e-05   9.264057e-04   0.000000e+00   5.499091e-05   3.793734e-04   0.000000e+00   0.000000e+00   0.000000e+00   2.758157e-04
 0.000000e+00   0.000000e+00   1.277225e-03   0.000000e+00   0.000000e+00   1.220178e-03   4.608853e-03  -6.229306e-03   0.000000e+00
 2.482461e-04   5.499091e-05   0.000000e+00   4.245470e-04   1.034433e-04   0.000000e+00   0.000000e+00   0.000000e+00   2.517553e-04
 5.332883e-05   3.793734e-04   0.000000e+00   1.034433e-04   7.218637e-04   0.000000e+00   0.000000e+00   0.000000e+00   1.725983e-03
 0.000000e+00   0.000000e+00   1.220178e-03   0.000000e+00   0.000000e+00   2.812771e-03   1.183297e-02  -1.759554e-02   0.000000e+00
 0.000000e+00   0.000000e+00   4.608853e-03   0.000000e+00   0.000000e+00   1.183297e-02   1.221412e-01  -1.062711e-01   0.000000e+00
 0.000000e+00   0.000000e+00  -6.229306e-03   0.000000e+00   0.000000e+00  -1.759554e-02  -1.062711e-01   1.815701e-01   0.000000e+00
-6.025102e-05   2.758157e-04   0.000000e+00   2.517553e-04   1.725983e-03   0.000000e+00   0.000000e+00   0.000000e+00   4.145559e-02

# timestamp: 1774889223.077987
 8.373943e-04   2.756315e-05   0.000000e+00   2.384279e-04   4.533530e-05   0.000000e+00   0.000000e+00   0.000000e+00   1.782050e-05
 2.756315e-05   9.057368e-04   0.000000e+00   4.584040e-05   3.733049e-04   0.000000e+00   0.000000e+00   0.000000e+00   3.696686e-04
 0.000000e+00   0.000000e+00   1.259621e-03   0.000000e+00   0.000000e+00   1.232761e-03   4.723393e-03  -5.743612e-03   0.000000e+00
 2.384279e-04   4.584040e-05   0.000000e+00   4.122213e-04   8.252687e-05   0.000000e+00   0.000000e+00   0.000000e+00   1.370365e-04
 4.533530e-05   3.733049e-04   0.000000e+00   8.252687e-05   7.273467e-04   0.000000e+00   0.000000e+00   0.000000e+00   1.822860e-03
 0.000000e+00   0.000000e+00   1.232761e-03   0.000000e+00   0.000000e+00   2.889672e-03   1.271852e-02  -1.637728e-02   0.000000e+00
 0.000000e+00   0.000000e+00   4.723393e-03   0.000000e+00   0.000000e+00   1.271852e-02   1.318964e-01  -1.020807e-01   0.000000e+00
 0.000000e+00   0.000000e+00  -5.743612e-03   0.000000e+00   0.000000e+00  -1.637728e-02  -1.020807e-01   1.556571e-01   0.000000e+00
 1.782050e-05   3.696686e-04   0.000000e+00   1.370365e-04   1.822860e-03   0.000000e+00   0.000000e+00   0.000000e+00   4.090303e-02

# timestamp: 1774889223.3632686
 9.094223e-04   2.949585e-05   0.000000e+00   2.558752e-04   4.470410e-05   0.000000e+00   0.000000e+00   0.000000e+00   2.123850e-05
 2.949585e-05   9.940986e-04   0.000000e+00   4.465952e-05   4.148243e-04   0.000000e+00   0.000000e+00   0.000000e+00   4.908366e-04
 0.000000e+00   0.000000e+00   1.449444e-03   0.000000e+00   0.000000e+00   1.439769e-03   5.467407e-03  -6.415122e-03   0.000000e+00
 2.558752e-04   4.465952e-05   0.000000e+00   4.121154e-04   7.134632e-05   0.000000e+00   0.000000e+00   0.000000e+00   6.855331e-05
 4.470410e-05   4.148243e-04   0.000000e+00   7.134632e-05   7.640036e-04   0.000000e+00   0.000000e+00   0.000000e+00   2.121074e-03
 0.000000e+00   0.000000e+00   1.439769e-03   0.000000e+00   0.000000e+00   3.149881e-03   1.368068e-02  -1.694037e-02   0.000000e+00
 0.000000e+00   0.000000e+00   5.467407e-03   0.000000e+00   0.000000e+00   1.368068e-02   1.390417e-01  -1.000261e-01   0.000000e+00
 0.000000e+00   0.000000e+00  -6.415122e-03   0.000000e+00   0.000000e+00  -1.694037e-02  -1.000261e-01   1.527934e-01   0.000000e+00
 2.123850e-05   4.908366e-04   0.000000e+00   6.855331e-05   2.121074e-03   0.000000e+00   0.000000e+00   0.000000e+00   4.558476e-02

# timestamp: 1774889223.745629
 8.830172e-04   2.280100e-05   0.000000e+00   2.446373e-04   3.231490e-05   0.000000e+00   0.000000e+00   0.000000e+00  -3.676836e-05
 2.280100e-05   9.679741e-04   0.000000e+00   3.304715e-05   4.077435e-04   0.000000e+00   0.000000e+00   0.000000e+00   4.526569e-04
 0.000000e+00   0.000000e+00   1.417591e-03   0.000000e+00   0.000000e+00   1.441288e-03   5.391176e-03  -6.098416e-03   0.000000e+00
 2.446373e-04   3.304715e-05   0.000000e+00   4.029975e-04   4.710827e-05   0.000000e+00   0.000000e+00   0.000000e+00  -6.657608e-05
 3.231490e-05   4.077435e-04   0.000000e+00   4.710827e-05   7.694949e-04   0.000000e+00   0.000000e+00   0.000000e+00   2.052031e-03
 0.000000e+00   0.000000e+00   1.441288e-03   0.000000e+00   0.000000e+00   3.233870e-03   1.385575e-02  -1.661355e-02   0.000000e+00
 0.000000e+00   0.000000e+00   5.391176e-03   0.000000e+00   0.000000e+00   1.385575e-02   1.346759e-01  -9.588946e-02   0.000000e+00
 0.000000e+00   0.000000e+00  -6.098416e-03   0.000000e+00   0.000000e+00  -1.661355e-02  -9.588946e-02   1.455201e-01   0.000000e+00
-3.676836e-05   4.526569e-04   0.000000e+00  -6.657608e-05   2.052031e-03   0.000000e+00   0.000000e+00   0.000000e+00   4.400651e-02

# timestamp: 1774889224.3673096
 8.947084e-04   1.453568e-05   0.000000e+00   2.439573e-04   1.444878e-05   0.000000e+00   0.000000e+00   0.000000e+00  -1.069279e-04
 1.453568e-05   9.908370e-04   0.000000e+00   1.617514e-05   4.248307e-04   0.000000e+00   0.000000e+00   0.000000e+00   4.569593e-04
 0.000000e+00   0.000000e+00   1.480867e-03   0.000000e+00   0.000000e+00   1.535072e-03   5.629895e-03  -5.957658e-03   0.000000e+00
 2.439573e-04   1.617514e-05   0.000000e+00   3.982049e-04   9.094877e-06   0.000000e+00   0.000000e+00   0.000000e+00  -2.549348e-04
 1.444878e-05   4.248307e-04   0.000000e+00   9.094877e-06   7.957204e-04   0.000000e+00   0.000000e+00   0.000000e+00   2.140935e-03
 0.000000e+00   0.000000e+00   1.535072e-03   0.000000e+00   0.000000e+00   3.415506e-03   1.438506e-02  -1.625987e-02   0.000000e+00
 0.000000e+00   0.000000e+00   5.629895e-03   0.000000e+00   0.000000e+00   1.438506e-02   1.345263e-01  -9.021826e-02   0.000000e+00
 0.000000e+00   0.000000e+00  -5.957658e-03   0.000000e+00   0.000000e+00  -1.625987e-02  -9.021826e-02   1.352060e-01   0.000000e+00
-1.069279e-04   4.569593e-04   0.000000e+00  -2.549348e-04   2.140935e-03   0.000000e+00   0.000000e+00   0.000000e+00   4.458933e-02

# timestamp: 1774889224.4964662
 8.013772e-04   9.794411e-06   0.000000e+00   2.180419e-04   9.829807e-06   0.000000e+00   0.000000e+00   0.000000e+00  -7.076517e-05
 9.794411e-06   8.789022e-04   0.000000e+00   1.109307e-05   3.761475e-04   0.000000e+00   0.000000e+00   0.000000e+00   3.710138e-04
 0.000000e+00   0.000000e+00   1.247539e-03   0.000000e+00   0.000000e+00   1.298822e-03   4.691281e-03  -5.026145e-03   0.000000e+00
 2.180419e-04   1.109307e-05   0.000000e+00   3.904783e-04   3.109347e-06   0.000000e+00   0.000000e+00   0.000000e+00  -2.280449e-04
 9.829807e-06   3.761475e-04   0.000000e+00   3.109347e-06   7.643314e-04   0.000000e+00   0.000000e+00   0.000000e+00   1.835210e-03
 0.000000e+00   0.000000e+00   1.298822e-03   0.000000e+00   0.000000e+00   3.179930e-03   1.346042e-02  -1.521208e-02   0.000000e+00
 0.000000e+00   0.000000e+00   4.691281e-03   0.000000e+00   0.000000e+00   1.346042e-02   1.257217e-01  -8.843140e-02   0.000000e+00
 0.000000e+00   0.000000e+00  -5.026145e-03   0.000000e+00   0.000000e+00  -1.521208e-02  -8.843140e-02   1.286206e-01   0.000000e+00
-7.076517e-05   3.710138e-04   0.000000e+00  -2.280449e-04   1.835210e-03   0.000000e+00   0.000000e+00   0.000000e+00   3.866460e-02

# timestamp: 1774889224.7267044
 8.619477e-04   7.681246e-06   0.000000e+00   2.341731e-04   4.841224e-06   0.000000e+00   0.000000e+00   0.000000e+00  -7.369734e-05
 7.681246e-06   9.560175e-04   0.000000e+00   5.946433e-06   4.145048e-04   0.000000e+00   0.000000e+00   0.000000e+00   4.691269e-04
 0.000000e+00   0.000000e+00   1.412915e-03   0.000000e+00   0.000000e+00   1.480307e-03   5.311789e-03  -5.598832e-03   0.000000e+00
 2.341731e-04   5.946433e-06   0.000000e+00   3.945692e-04  -8.762200e-06   0.000000e+00   0.000000e+00   0.000000e+00  -2.799601e-04
 4.841224e-06   4.145048e-04   0.000000e+00  -8.762200e-06   7.936203e-04   0.000000e+00   0.000000e+00   0.000000e+00   2.068481e-03
 0.000000e+00   0.000000e+00   1.480307e-03   0.000000e+00   0.000000e+00   3.384002e-03   1.413207e-02  -1.566455e-02   0.000000e+00
 0.000000e+00   0.000000e+00   5.311789e-03   0.000000e+00   0.000000e+00   1.413207e-02   1.316612e-01  -8.687239e-02   0.000000e+00
 0.000000e+00   0.000000e+00  -5.598832e-03   0.000000e+00   0.000000e+00  -1.566455e-02  -8.687239e-02   1.286987e-01   0.000000e+00
-7.369734e-05   4.691269e-04   0.000000e+00  -2.799601e-04   2.068481e-03   0.000000e+00   0.000000e+00   0.000000e+00   4.322664e-02

# timestamp: 1774889224.7482235
 8.981096e-04   7.937628e-06   0.000000e+00   2.439107e-04   4.381513e-06   0.000000e+00   0.000000e+00   0.000000e+00  -8.064406e-05
 7.937628e-06   1.001257e-03   0.000000e+00   5.497863e-06   4.355538e-04   0.000000e+00   0.000000e+00   0.000000e+00   5.203910e-04
 0.000000e+00   0.000000e+00   1.512041e-03   0.000000e+00   0.000000e+00   1.583782e-03   5.659098e-03  -5.984170e-03   0.000000e+00
 2.439107e-04   5.497863e-06   0.000000e+00   3.972721e-04  -1.057252e-05   0.000000e+00   0.000000e+00   0.000000e+00  -2.999397e-04
 4.381513e-06   4.355538e-04   0.000000e+00  -1.057252e-05   8.088249e-04   0.000000e+00   0.000000e+00   0.000000e+00   2.203436e-03
 0.000000e+00   0.000000e+00   1.583782e-03   0.000000e+00   0.000000e+00   3.493939e-03   1.445062e-02  -1.609321e-02   0.000000e+00
 0.000000e+00   0.000000e+00   5.659098e-03   0.000000e+00   0.000000e+00   1.445062e-02   1.341077e-01  -8.687239e-02   0.000000e+00
 0.000000e+00   0.000000e+00  -5.984170e-03   0.000000e+00   0.000000e+00  -1.609321e-02  -8.687239e-02   1.311452e-01   0.000000e+00
-8.064406e-05   5.203910e-04   0.000000e+00  -2.999397e-04   2.203436e-03   0.000000e+00   0.000000e+00   0.000000e+00   4.567322e-02

# timestamp: 1774889224.7697105
 9.269439e-04   8.121612e-06   0.000000e+00   2.516259e-04   3.969074e-06   0.000000e+00   0.000000e+00   0.000000e+00  -8.653098e-05
 8.121612e-06   1.037651e-03   0.000000e+00   5.093107e-06   4.525329e-04   0.000000e+00   0.000000e+00   0.000000e+00   5.635764e-04
 0.000000e+00   0.000000e+00   1.593909e-03   0.000000e+00   0.000000e+00   1.668338e-03   5.939326e-03  -6.296641e-03   0.000000e+00
 2.516259e-04   5.093107e-06   0.000000e+00   3.994149e-04  -1.208459e-05   0.000000e+00   0.000000e+00   0.000000e+00  -3.163036e-04
 3.969074e-06   4.525329e-04   0.000000e+00  -1.208459e-05   8.213841e-04   0.000000e+00   0.000000e+00   0.000000e+00   2.313967e-03
 0.000000e+00   0.000000e+00   1.668338e-03   0.000000e+00   0.000000e+00   3.582588e-03   1.470227e-02  -1.643519e-02   0.000000e+00
 0.000000e+00   0.000000e+00   5.939326e-03   0.000000e+00   0.000000e+00   1.470227e-02   1.360358e-01  -8.687239e-02   0.000000e+00
 0.000000e+00   0.000000e+00  -6.296641e-03   0.000000e+00   0.000000e+00  -1.643519e-02  -8.687239e-02   1.330733e-01   0.000000e+00
-8.653098e-05   5.635764e-04   0.000000e+00  -3.163036e-04   2.313967e-03   0.000000e+00   0.000000e+00   0.000000e+00   4.760126e-02

# timestamp: 1774889224.81879
 8.406089e-04   6.174364e-06   0.000000e+00   2.281425e-04   2.589557e-06   0.000000e+00   0.000000e+00   0.000000e+00  -8.117184e-05
 6.174364e-06   9.304192e-04   0.000000e+00   3.871300e-06   4.033090e-04   0.000000e+00   0.000000e+00   0.000000e+00   4.299802e-04
 0.000000e+00   0.000000e+00   1.356530e-03   0.000000e+00   0.000000e+00   1.418966e-03   5.128615e-03  -5.271218e-03   0.000000e+00
 2.281425e-04   3.871300e-06   0.000000e+00   3.927600e-04  -1.231304e-05   0.000000e+00   0.000000e+00   0.000000e+00  -2.811502e-04
 2.589557e-06   4.033090e-04   0.000000e+00  -1.231304e-05   7.876411e-04   0.000000e+00   0.000000e+00   0.000000e+00   1.992376e-03
 0.000000e+00   0.000000e+00   1.418966e-03   0.000000e+00   0.000000e+00   3.313549e-03   1.398077e-02  -1.516285e-02   0.000000e+00
 0.000000e+00   0.000000e+00   5.128615e-03   0.000000e+00   0.000000e+00   1.398077e-02   1.311090e-01  -8.605522e-02   0.000000e+00
 0.000000e+00   0.000000e+00  -5.271218e-03   0.000000e+00   0.000000e+00  -1.516285e-02  -8.605522e-02   1.245132e-01   0.000000e+00
-8.117184e-05   4.299802e-04   0.000000e+00  -2.811502e-04   1.992376e-03   0.000000e+00   0.000000e+00   0.000000e+00   4.162185e-02

# timestamp: 1774889225.031493
 8.650320e-04   3.409031e-06   0.000000e+00   2.344061e-04  -2.409698e-06   0.000000e+00   0.000000e+00   0.000000e+00  -8.257735e-05
 3.409031e-06   9.628850e-04   0.000000e+00  -1.713996e-06   4.204862e-04   0.000000e+00   0.000000e+00   0.000000e+00   4.797086e-04
 0.000000e+00   0.000000e+00   1.422945e-03   0.000000e+00   0.000000e+00   1.491316e-03   5.359880e-03  -5.394374e-03   0.000000e+00
 2.344061e-04  -1.713996e-06   0.000000e+00   3.951276e-04  -2.444345e-05   0.000000e+00   0.000000e+00   0.000000e+00  -3.532345e-04
-2.409698e-06   4.204862e-04   0.000000e+00  -2.444345e-05   8.032637e-04   0.000000e+00   0.000000e+00   0.000000e+00   2.093033e-03
 0.000000e+00   0.000000e+00   1.491316e-03   0.000000e+00   0.000000e+00   3.403894e-03   1.434376e-02  -1.514348e-02   0.000000e+00
 0.000000e+00   0.000000e+00   5.359880e-03   0.000000e+00   0.000000e+00   1.434376e-02   1.339679e-01  -8.452343e-02   0.000000e+00
 0.000000e+00   0.000000e+00  -5.394374e-03   0.000000e+00   0.000000e+00  -1.514348e-02  -8.452343e-02   1.221101e-01   0.000000e+00
-8.257735e-05   4.797086e-04   0.000000e+00  -3.532345e-04   2.093033e-03   0.000000e+00   0.000000e+00   0.000000e+00   4.323302e-02

# timestamp: 1774889225.0575724
 9.015750e-04   3.286833e-06   0.000000e+00   2.442793e-04  -3.303083e-06   0.000000e+00   0.000000e+00   0.000000e+00  -9.156513e-05
 3.286833e-06   1.008900e-03   0.000000e+00  -2.705874e-06   4.420422e-04   0.000000e+00   0.000000e+00   0.000000e+00   5.325324e-04
 0.000000e+00   0.000000e+00   1.523803e-03   0.000000e+00   0.000000e+00   1.597477e-03   5.717245e-03  -5.772167e-03   0.000000e+00
 2.442793e-04  -2.705874e-06   0.000000e+00   3.981244e-04  -2.709824e-05   0.000000e+00   0.000000e+00   0.000000e+00  -3.851847e-04
-3.303083e-06   4.420422e-04   0.000000e+00  -2.709824e-05   8.188120e-04   0.000000e+00   0.000000e+00   0.000000e+00   2.228882e-03
 0.000000e+00   0.000000e+00   1.597477e-03   0.000000e+00   0.000000e+00   3.520011e-03   1.469610e-02  -1.557821e-02   0.000000e+00
 0.000000e+00   0.000000e+00   5.717245e-03   0.000000e+00   0.000000e+00   1.469610e-02   1.364393e-01  -8.452343e-02   0.000000e+00
 0.000000e+00   0.000000e+00  -5.772167e-03   0.000000e+00   0.000000e+00  -1.557821e-02  -8.452343e-02   1.245814e-01   0.000000e+00
-9.156513e-05   5.325324e-04   0.000000e+00  -3.851847e-04   2.228882e-03   0.000000e+00   0.000000e+00   0.000000e+00   4.570439e-02

# timestamp: 1774889225.0714977
 9.215011e-04   3.200615e-06   0.000000e+00   2.496406e-04  -3.825436e-06   0.000000e+00   0.000000e+00   0.000000e+00  -9.676222e-05
 3.200615e-06   1.034182e-03   0.000000e+00  -3.285514e-06   4.539081e-04   0.000000e+00   0.000000e+00   0.000000e+00   5.625144e-04
 0.000000e+00   0.000000e+00   1.580463e-03   0.000000e+00   0.000000e+00   1.656586e-03   5.913902e-03  -5.980744e-03   0.000000e+00
 2.496406e-04  -3.285514e-06   0.000000e+00   3.997610e-04  -2.861287e-05   0.000000e+00   0.000000e+00   0.000000e+00  -4.031270e-04
-3.825436e-06   4.539081e-04   0.000000e+00  -2.861287e-05   8.275514e-04   0.000000e+00   0.000000e+00   0.000000e+00   2.305171e-03
 0.000000e+00   0.000000e+00   1.656586e-03   0.000000e+00   0.000000e+00   3.583989e-03   1.488696e-02  -1.581581e-02   0.000000e+00
 0.000000e+00   0.000000e+00   5.913902e-03   0.000000e+00   0.000000e+00   1.488696e-02   1.377732e-01  -8.452343e-02   0.000000e+00
 0.000000e+00   0.000000e+00  -5.980744e-03   0.000000e+00   0.000000e+00  -1.581581e-02  -8.452343e-02   1.259153e-01   0.000000e+00
-9.676222e-05   5.625144e-04   0.000000e+00  -4.031270e-04   2.305171e-03   0.000000e+00   0.000000e+00   0.000000e+00   4.703823e-02

# timestamp: 1774889225.1279895
 9.304819e-04   1.164767e-05   0.000000e+00   2.480578e-04   1.875002e-05   0.000000e+00   0.000000e+00   0.000000e+00   3.122221e-04
 1.164767e-05   1.063721e-03   0.000000e+00  -7.531694e-06   4.929138e-04   0.000000e+00   0.000000e+00   0.000000e+00   1.100080e-03
 0.000000e+00   0.000000e+00   1.647502e-03   0.000000e+00   0.000000e+00   1.756414e-03   5.440488e-03  -6.955750e-03   0.000000e+00
 2.480578e-04  -7.531694e-06   0.000000e+00   3.988080e-04  -2.853377e-05   0.000000e+00   0.000000e+00   0.000000e+00  -3.277736e-04
 1.875002e-05   4.929138e-04   0.000000e+00  -2.853377e-05   8.593471e-04   0.000000e+00   0.000000e+00   0.000000e+00   2.598638e-03
 0.000000e+00   0.000000e+00   1.756414e-03   0.000000e+00   0.000000e+00   3.724996e-03   1.455043e-02  -1.691805e-02   0.000000e+00
 0.000000e+00   0.000000e+00   5.440488e-03   0.000000e+00   0.000000e+00   1.455043e-02   1.343539e-01  -8.475979e-02   0.000000e+00
 0.000000e+00   0.000000e+00  -6.955750e-03   0.000000e+00   0.000000e+00  -1.691805e-02  -8.475979e-02   1.317399e-01   0.000000e+00
 3.122221e-04   1.100080e-03   0.000000e+00  -3.277736e-04   2.598638e-03   0.000000e+00   0.000000e+00   0.000000e+00   4.813326e-02

# timestamp: 1774889225.361729
 8.003233e-04  -1.089370e-06   0.000000e+00   2.169691e-04  -1.098712e-05   0.000000e+00   0.000000e+00   0.000000e+00  -1.152859e-04
-1.089370e-06   8.851323e-04   0.000000e+00  -8.866335e-06   3.864774e-04   0.000000e+00   0.000000e+00   0.000000e+00   3.681765e-04
 0.000000e+00   0.000000e+00   1.261174e-03   0.000000e+00   0.000000e+00   1.328484e-03   4.606510e-03  -4.756699e-03   0.000000e+00
 2.169691e-04  -8.866335e-06   0.000000e+00   3.915307e-04  -3.939474e-05   0.000000e+00   0.000000e+00   0.000000e+00  -3.692356e-04
-1.098712e-05   3.864774e-04   0.000000e+00  -3.939474e-05   7.852006e-04   0.000000e+00   0.000000e+00   0.000000e+00   1.863775e-03
 0.000000e+00   0.000000e+00   1.328484e-03   0.000000e+00   0.000000e+00   3.260549e-03   1.334194e-02  -1.461834e-02   0.000000e+00
 0.000000e+00   0.000000e+00   4.606510e-03   0.000000e+00   0.000000e+00   1.334194e-02   1.207447e-01  -8.150819e-02   0.000000e+00
 0.000000e+00   0.000000e+00  -4.756699e-03   0.000000e+00   0.000000e+00  -1.461834e-02  -8.150819e-02   1.201869e-01   0.000000e+00
-1.152859e-04   3.681765e-04   0.000000e+00  -3.692356e-04   1.863775e-03   0.000000e+00   0.000000e+00   0.000000e+00   3.879878e-02

# timestamp: 1774889225.412629
 8.365404e-04  -1.616723e-06   0.000000e+00   2.268897e-04  -1.236542e-05   0.000000e+00   0.000000e+00   0.000000e+00  -1.246907e-04
-1.616723e-06   9.301206e-04   0.000000e+00  -1.004812e-05   4.075414e-04   0.000000e+00   0.000000e+00   0.000000e+00   4.159182e-04
 0.000000e+00   0.000000e+00   1.355247e-03   0.000000e+00   0.000000e+00   1.428683e-03   4.943629e-03  -5.126679e-03   0.000000e+00
 2.268897e-04  -1.004812e-05   0.000000e+00   3.943746e-04  -4.141180e-05   0.000000e+00   0.000000e+00   0.000000e+00  -3.872011e-04
-1.236542e-05   4.075414e-04   0.000000e+00  -4.141180e-05   7.995529e-04   0.000000e+00   0.000000e+00   0.000000e+00   1.988340e-03
 0.000000e+00   0.000000e+00   1.428683e-03   0.000000e+00   0.000000e+00   3.366204e-03   1.364693e-02  -1.502936e-02   0.000000e+00
 0.000000e+00   0.000000e+00   4.943629e-03   0.000000e+00   0.000000e+00   1.364693e-02   1.232531e-01  -8.150819e-02   0.000000e+00
 0.000000e+00   0.000000e+00  -5.126679e-03   0.000000e+00   0.000000e+00  -1.502936e-02  -8.150819e-02   1.226953e-01   0.000000e+00
-1.246907e-04   4.159182e-04   0.000000e+00  -3.872011e-04   1.988340e-03   0.000000e+00   0.000000e+00   0.000000e+00   4.130718e-02

# timestamp: 1774889225.439569
 8.710284e-04  -2.172524e-06   0.000000e+00   2.362800e-04  -1.373506e-05   0.000000e+00   0.000000e+00   0.000000e+00  -1.339542e-04
-2.172524e-06   9.733699e-04   0.000000e+00  -1.122617e-05   4.278097e-04   0.000000e+00   0.000000e+00   0.000000e+00   4.637334e-04
 0.000000e+00   0.000000e+00   1.448319e-03   0.000000e+00   0.000000e+00   1.526489e-03   5.267523e-03  -5.483965e-03   0.000000e+00
 2.362800e-04  -1.122617e-05   0.000000e+00   3.970619e-04  -4.341083e-05   0.000000e+00   0.000000e+00   0.000000e+00  -4.050788e-04
-1.373506e-05   4.278097e-04   0.000000e+00  -4.341083e-05   8.137580e-04   0.000000e+00   0.000000e+00   0.000000e+00   2.112296e-03
 0.000000e+00   0.000000e+00   1.526489e-03   0.000000e+00   0.000000e+00   3.468059e-03   1.393451e-02  -1.542249e-02   0.000000e+00
 0.000000e+00   0.000000e+00   5.267523e-03   0.000000e+00   0.000000e+00   1.393451e-02   1.256103e-01  -8.150819e-02   0.000000e+00
 0.000000e+00   0.000000e+00  -5.483965e-03   0.000000e+00   0.000000e+00  -1.542249e-02  -8.150819e-02   1.250525e-01   0.000000e+00
-1.339542e-04   4.637334e-04   0.000000e+00  -4.050788e-04   2.112296e-03   0.000000e+00   0.000000e+00   0.000000e+00   4.366431e-02

# timestamp: 1774889225.4599137
 9.007371e-04  -2.694393e-06   0.000000e+00   2.443256e-04  -1.496092e-05   0.000000e+00   0.000000e+00   0.000000e+00  -1.421877e-04
-2.694393e-06   1.010949e-03   0.000000e+00  -1.228372e-05   4.454466e-04   0.000000e+00   0.000000e+00   0.000000e+00   5.068481e-04
 0.000000e+00   0.000000e+00   1.531258e-03   0.000000e+00   0.000000e+00   1.612617e-03   5.548763e-03  -5.795684e-03   0.000000e+00
 2.443256e-04  -1.228372e-05   0.000000e+00   3.993615e-04  -4.519586e-05   0.000000e+00   0.000000e+00   0.000000e+00  -4.210468e-04
-1.496092e-05   4.454466e-04   0.000000e+00  -4.519586e-05   8.264281e-04   0.000000e+00   0.000000e+00   0.000000e+00   2.223012e-03
 0.000000e+00   0.000000e+00   1.612617e-03   0.000000e+00   0.000000e+00   3.556758e-03   1.418008e-02  -1.576235e-02   0.000000e+00
 0.000000e+00   0.000000e+00   5.548763e-03   0.000000e+00   0.000000e+00   1.418008e-02   1.276168e-01  -8.150819e-02   0.000000e+00
 0.000000e+00   0.000000e+00  -5.795684e-03   0.000000e+00   0.000000e+00  -1.576235e-02  -8.150819e-02   1.270590e-01   0.000000e+00
-1.421877e-04   5.068481e-04   0.000000e+00  -4.210468e-04   2.223012e-03   0.000000e+00   0.000000e+00   0.000000e+00   4.567086e-02

# timestamp: 1774889225.6783526
 9.407250e-04  -6.361070e-06   0.000000e+00   2.548887e-04  -2.006352e-05   0.000000e+00   0.000000e+00   0.000000e+00  -1.282696e-04
-6.361070e-06   1.063767e-03   0.000000e+00  -1.721055e-05   4.723299e-04   0.000000e+00   0.000000e+00   0.000000e+00   5.906357e-04
 0.000000e+00   0.000000e+00   1.641461e-03   0.000000e+00   0.000000e+00   1.716186e-03   5.281210e-03  -6.404679e-03   0.000000e+00
 2.548887e-04  -1.721055e-05   0.000000e+00   4.014985e-04  -5.036047e-05   0.000000e+00   0.000000e+00   0.000000e+00  -3.835409e-04
-2.006352e-05   4.723299e-04   0.000000e+00  -5.036047e-05   8.472438e-04   0.000000e+00   0.000000e+00   0.000000e+00   2.387288e-03
 0.000000e+00   0.000000e+00   1.716186e-03   0.000000e+00   0.000000e+00   3.638515e-03   1.292232e-02  -1.667703e-02   0.000000e+00
 0.000000e+00   0.000000e+00   5.281210e-03   0.000000e+00   0.000000e+00   1.292232e-02   1.139041e-01  -7.591572e-02   0.000000e+00
 0.000000e+00   0.000000e+00  -6.404679e-03   0.000000e+00   0.000000e+00  -1.667703e-02  -7.591572e-02   1.374001e-01   0.000000e+00
-1.282696e-04   5.906357e-04   0.000000e+00  -3.835409e-04   2.387288e-03   0.000000e+00   0.000000e+00   0.000000e+00   4.847557e-02

# timestamp: 1774889225.7421246
 8.774427e-04  -6.050943e-06   0.000000e+00   2.376728e-04  -1.876349e-05   0.000000e+00   0.000000e+00   0.000000e+00  -1.029951e-04
-6.050943e-06   9.834763e-04   0.000000e+00  -1.625325e-05   4.350139e-04   0.000000e+00   0.000000e+00   0.000000e+00   4.992965e-04
 0.000000e+00   0.000000e+00   1.454074e-03   0.000000e+00   0.000000e+00   1.514744e-03   4.355299e-03  -5.748075e-03   0.000000e+00
 2.376728e-04  -1.625325e-05   0.000000e+00   3.963343e-04  -4.828184e-05   0.000000e+00   0.000000e+00   0.000000e+00  -3.323481e-04
-1.876349e-05   4.350139e-04   0.000000e+00  -4.828184e-05   8.210315e-04   0.000000e+00   0.000000e+00   0.000000e+00   2.147396e-03
 0.000000e+00   0.000000e+00   1.514744e-03   0.000000e+00   0.000000e+00   3.414489e-03   1.148094e-02  -1.608957e-02   0.000000e+00
 0.000000e+00   0.000000e+00   4.355299e-03   0.000000e+00   0.000000e+00   1.148094e-02   1.000793e-01  -7.166627e-02   0.000000e+00
 0.000000e+00   0.000000e+00  -5.748075e-03   0.000000e+00   0.000000e+00  -1.608957e-02  -7.166627e-02   1.370831e-01   0.000000e+00
-1.029951e-04   4.992965e-04   0.000000e+00  -3.323481e-04   2.147396e-03   0.000000e+00   0.000000e+00   0.000000e+00   4.408453e-02

# timestamp: 1774889225.7593985
 9.078596e-04  -6.792143e-06   0.000000e+00   2.458601e-04  -2.003208e-05   0.000000e+00   0.000000e+00   0.000000e+00  -1.098992e-04
-6.792143e-06   1.022182e-03   0.000000e+00  -1.740894e-05   4.532706e-04   0.000000e+00   0.000000e+00   0.000000e+00   5.440881e-04
 0.000000e+00   0.000000e+00   1.538352e-03   0.000000e+00   0.000000e+00   1.601607e-03   4.592111e-03  -6.080444e-03   0.000000e+00
 2.458601e-04  -1.740894e-05   0.000000e+00   3.985841e-04  -4.977678e-05   0.000000e+00   0.000000e+00   0.000000e+00  -3.457266e-04
-2.003208e-05   4.532706e-04   0.000000e+00  -4.977678e-05   8.340857e-04   0.000000e+00   0.000000e+00   0.000000e+00   2.260882e-03
 0.000000e+00   0.000000e+00   1.601607e-03   0.000000e+00   0.000000e+00   3.504610e-03   1.168972e-02  -1.645633e-02   0.000000e+00
 0.000000e+00   0.000000e+00   4.592111e-03   0.000000e+00   0.000000e+00   1.168972e-02   1.021297e-01  -7.166627e-02   0.000000e+00
 0.000000e+00   0.000000e+00  -6.080444e-03   0.000000e+00   0.000000e+00  -1.645633e-02  -7.166627e-02   1.391335e-01   0.000000e+00
-1.098992e-04   5.440881e-04   0.000000e+00  -3.457266e-04   2.260882e-03   0.000000e+00   0.000000e+00   0.000000e+00   4.613486e-02

# timestamp: 1774889225.775545
 9.282696e-04  -7.312811e-06   0.000000e+00   2.513304e-04  -2.090243e-05   0.000000e+00   0.000000e+00   0.000000e+00  -1.146428e-04
-7.312811e-06   1.048334e-03   0.000000e+00  -1.820198e-05   4.656224e-04   0.000000e+00   0.000000e+00   0.000000e+00   5.751678e-04
 0.000000e+00   0.000000e+00   1.596379e-03   0.000000e+00   0.000000e+00   1.660893e-03   4.751932e-03  -6.305602e-03   0.000000e+00
 2.513304e-04  -1.820198e-05   0.000000e+00   4.000845e-04  -5.080834e-05   0.000000e+00   0.000000e+00   0.000000e+00  -3.549560e-04
-2.090243e-05   4.656224e-04   0.000000e+00  -5.080834e-05   8.430842e-04   0.000000e+00   0.000000e+00   0.000000e+00   2.339172e-03
 0.000000e+00   0.000000e+00   1.660893e-03   0.000000e+00   0.000000e+00   3.565618e-03   1.182887e-02  -1.670301e-02   0.000000e+00
 0.000000e+00   0.000000e+00   4.751932e-03   0.000000e+00   0.000000e+00   1.182887e-02   1.034929e-01  -7.166627e-02   0.000000e+00
 0.000000e+00   0.000000e+00  -6.305602e-03   0.000000e+00   0.000000e+00  -1.670301e-02  -7.166627e-02   1.404967e-01   0.000000e+00
-1.146428e-04   5.751678e-04   0.000000e+00  -3.549560e-04   2.339172e-03   0.000000e+00   0.000000e+00   0.000000e+00   4.749809e-02

# timestamp: 1774889226.0181875
 8.415110e-04  -7.793797e-06   0.000000e+00   2.274811e-04  -2.157722e-05   0.000000e+00   0.000000e+00   0.000000e+00  -1.395962e-04
-7.793797e-06   9.385198e-04   0.000000e+00  -1.782798e-05   4.143176e-04   0.000000e+00   0.000000e+00   0.000000e+00   4.226864e-04
 0.000000e+00   0.000000e+00   1.343944e-03   0.000000e+00   0.000000e+00   1.380074e-03   3.206350e-03  -5.439505e-03   0.000000e+00
 2.274811e-04  -1.782798e-05   0.000000e+00   3.920784e-04  -4.796823e-05   0.000000e+00   0.000000e+00   0.000000e+00  -2.657449e-04
-2.157722e-05   4.143176e-04   0.000000e+00  -4.796823e-05   8.071069e-04   0.000000e+00   0.000000e+00   0.000000e+00   1.992177e-03
 0.000000e+00   0.000000e+00   1.380074e-03   0.000000e+00   0.000000e+00   3.232731e-03   8.690394e-03  -1.611574e-02   0.000000e+00
 0.000000e+00   0.000000e+00   3.206350e-03   0.000000e+00   0.000000e+00   8.690394e-03   7.498919e-02  -5.847812e-02   0.000000e+00
 0.000000e+00   0.000000e+00  -5.439505e-03   0.000000e+00   0.000000e+00  -1.611574e-02  -5.847812e-02   1.457056e-01   0.000000e+00
-1.395962e-04   4.226864e-04   0.000000e+00  -2.657449e-04   1.992177e-03   0.000000e+00   0.000000e+00   0.000000e+00   4.136073e-02

# timestamp: 1774889226.0359879
 8.708025e-04  -8.604818e-06   0.000000e+00   2.353806e-04  -2.288379e-05   0.000000e+00   0.000000e+00   0.000000e+00  -1.449595e-04
-8.604818e-06   9.754743e-04   0.000000e+00  -1.886192e-05   4.316366e-04   0.000000e+00   0.000000e+00   0.000000e+00   4.632458e-04
 0.000000e+00   0.000000e+00   1.420721e-03   0.000000e+00   0.000000e+00   1.459284e-03   3.381364e-03  -5.764578e-03   0.000000e+00
 2.353806e-04  -1.886192e-05   0.000000e+00   3.941612e-04  -4.891181e-05   0.000000e+00   0.000000e+00   0.000000e+00  -2.721263e-04
-2.288379e-05   4.316366e-04   0.000000e+00  -4.891181e-05   8.188056e-04   0.000000e+00   0.000000e+00   0.000000e+00   2.093524e-03
 0.000000e+00   0.000000e+00   1.459284e-03   0.000000e+00   0.000000e+00   3.314707e-03   8.840608e-03  -1.647351e-02   0.000000e+00
 0.000000e+00   0.000000e+00   3.381364e-03   0.000000e+00   0.000000e+00   8.840608e-03   7.699155e-02  -5.847812e-02   0.000000e+00
 0.000000e+00   0.000000e+00  -5.764578e-03   0.000000e+00   0.000000e+00  -1.647351e-02  -5.847812e-02   1.477080e-01   0.000000e+00
-1.449595e-04   4.632458e-04   0.000000e+00  -2.721263e-04   2.093524e-03   0.000000e+00   0.000000e+00   0.000000e+00   4.336309e-02

# timestamp: 1774889226.08044
 7.763798e-04  -6.764193e-06   0.000000e+00   2.095928e-04  -1.927256e-05   0.000000e+00   0.000000e+00   0.000000e+00  -1.028050e-04
-6.764193e-06   8.581336e-04   0.000000e+00  -1.617896e-05   3.770903e-04   0.000000e+00   0.000000e+00   0.000000e+00   3.512798e-04
 0.000000e+00   0.000000e+00   1.178955e-03   0.000000e+00   0.000000e+00   1.201157e-03   2.515321e-03  -4.778427e-03   0.000000e+00
 2.095928e-04  -1.617896e-05   0.000000e+00   3.867396e-04  -4.522879e-05   0.000000e+00   0.000000e+00   0.000000e+00  -2.185539e-04
-1.927256e-05   3.770903e-04   0.000000e+00  -4.522879e-05   7.818525e-04   0.000000e+00   0.000000e+00   0.000000e+00   1.770778e-03
 0.000000e+00   0.000000e+00   1.201157e-03   0.000000e+00   0.000000e+00   3.026791e-03   7.464261e-03  -1.544042e-02   0.000000e+00
 0.000000e+00   0.000000e+00   2.515321e-03   0.000000e+00   0.000000e+00   7.464261e-03   6.411204e-02  -5.316924e-02   0.000000e+00
 0.000000e+00   0.000000e+00  -4.778427e-03   0.000000e+00   0.000000e+00  -1.544042e-02  -5.316924e-02   1.446720e-01   0.000000e+00
-1.028050e-04   3.512798e-04   0.000000e+00  -2.185539e-04   1.770778e-03   0.000000e+00   0.000000e+00   0.000000e+00   3.702554e-02

# timestamp: 1774889226.1264026
 8.461589e-04  -8.603938e-06   0.000000e+00   2.285480e-04  -2.212462e-05   0.000000e+00   0.000000e+00   0.000000e+00  -1.136106e-04
-8.603938e-06   9.451803e-04   0.000000e+00  -1.852864e-05   4.178674e-04   0.000000e+00   0.000000e+00   0.000000e+00   4.409695e-04
 0.000000e+00   0.000000e+00   1.352261e-03   0.000000e+00   0.000000e+00   1.382200e-03   2.882923e-03  -5.541955e-03   0.000000e+00
 2.285480e-04  -1.852864e-05   0.000000e+00   3.917285e-04  -4.708395e-05   0.000000e+00   0.000000e+00   0.000000e+00  -2.307899e-04
-2.212462e-05   4.178674e-04   0.000000e+00  -4.708395e-05   8.082085e-04   0.000000e+00   0.000000e+00   0.000000e+00   2.000245e-03
 0.000000e+00   0.000000e+00   1.382200e-03   0.000000e+00   0.000000e+00   3.217434e-03   7.788217e-03  -1.630049e-02   0.000000e+00
 0.000000e+00   0.000000e+00   2.882923e-03   0.000000e+00   0.000000e+00   7.788217e-03   6.896421e-02  -5.316924e-02   0.000000e+00
 0.000000e+00   0.000000e+00  -5.541955e-03   0.000000e+00   0.000000e+00  -1.630049e-02  -5.316924e-02   1.495242e-01   0.000000e+00
-1.136106e-04   4.409695e-04   0.000000e+00  -2.307899e-04   2.000245e-03   0.000000e+00   0.000000e+00   0.000000e+00   4.187772e-02

# timestamp: 1774889226.3520377
 8.919827e-04  -1.096994e-05   0.000000e+00   2.402561e-04  -2.572580e-05   0.000000e+00   0.000000e+00   0.000000e+00  -1.589412e-04
-1.096994e-05   1.002744e-03   0.000000e+00  -2.033123e-05   4.437070e-04   0.000000e+00   0.000000e+00   0.000000e+00   4.796028e-04
 0.000000e+00   0.000000e+00   1.463964e-03   0.000000e+00   0.000000e+00   1.486388e-03   2.651495e-03  -6.103578e-03   0.000000e+00
 2.402561e-04  -2.033123e-05   0.000000e+00   3.934363e-04  -4.542338e-05   0.000000e+00   0.000000e+00   0.000000e+00  -1.929690e-04
-2.572580e-05   4.437070e-04   0.000000e+00  -4.542338e-05   8.233024e-04   0.000000e+00   0.000000e+00   0.000000e+00   2.128204e-03
 0.000000e+00   0.000000e+00   1.486388e-03   0.000000e+00   0.000000e+00   3.310869e-03   6.633184e-03  -1.716264e-02   0.000000e+00
 0.000000e+00   0.000000e+00   2.651495e-03   0.000000e+00   0.000000e+00   6.633184e-03   6.340574e-02  -4.526825e-02   0.000000e+00
 0.000000e+00   0.000000e+00  -6.103578e-03   0.000000e+00   0.000000e+00  -1.716264e-02  -4.526825e-02   1.589885e-01   0.000000e+00
-1.589412e-04   4.796028e-04   0.000000e+00  -1.929690e-04   2.128204e-03   0.000000e+00   0.000000e+00   0.000000e+00   4.478595e-02

# timestamp: 1774889226.3834977
 9.303363e-04  -1.218950e-05   0.000000e+00   2.504369e-04  -2.738749e-05   0.000000e+00   0.000000e+00   0.000000e+00  -1.639376e-04
-1.218950e-05   1.051878e-03   0.000000e+00  -2.154852e-05   4.665934e-04   0.000000e+00   0.000000e+00   0.000000e+00   5.355171e-04
 0.000000e+00   0.000000e+00   1.568705e-03   0.000000e+00   0.000000e+00   1.591921e-03   2.823343e-03  -6.549216e-03   0.000000e+00
 2.504369e-04  -2.154852e-05   0.000000e+00   3.960410e-04  -4.618710e-05   0.000000e+00   0.000000e+00   0.000000e+00  -1.967689e-04
-2.738749e-05   4.665934e-04   0.000000e+00  -4.618710e-05   8.390524e-04   0.000000e+00   0.000000e+00   0.000000e+00   2.267684e-03
 0.000000e+00   0.000000e+00   1.591921e-03   0.000000e+00   0.000000e+00   3.418907e-03   6.774232e-03  -1.764823e-02   0.000000e+00
 0.000000e+00   0.000000e+00   2.823343e-03   0.000000e+00   0.000000e+00   6.774232e-03   6.597864e-02  -4.526825e-02   0.000000e+00
 0.000000e+00   0.000000e+00  -6.549216e-03   0.000000e+00   0.000000e+00  -1.764823e-02  -4.526825e-02   1.615614e-01   0.000000e+00
-1.639376e-04   5.355171e-04   0.000000e+00  -1.967689e-04   2.267684e-03   0.000000e+00   0.000000e+00   0.000000e+00   4.735885e-02

# timestamp: 1774889226.437649
 8.664505e-04  -1.051032e-05   0.000000e+00   2.329715e-04  -2.497404e-05   0.000000e+00   0.000000e+00   0.000000e+00  -1.667791e-04
-1.051032e-05   9.699377e-04   0.000000e+00  -1.936873e-05   4.276165e-04   0.000000e+00   0.000000e+00   0.000000e+00   4.331320e-04
 0.000000e+00   0.000000e+00   1.390939e-03   0.000000e+00   0.000000e+00   1.407616e-03   2.344428e-03  -5.820603e-03   0.000000e+00
 2.329715e-04  -1.936873e-05   0.000000e+00   3.908570e-04  -4.299122e-05   0.000000e+00   0.000000e+00   0.000000e+00  -1.665695e-04
-2.497404e-05   4.276165e-04   0.000000e+00  -4.299122e-05   8.118146e-04   0.000000e+00   0.000000e+00   0.000000e+00   2.025724e-03
 0.000000e+00   0.000000e+00   1.407616e-03   0.000000e+00   0.000000e+00   3.228742e-03   5.994895e-03  -1.699448e-02   0.000000e+00
 0.000000e+00   0.000000e+00   2.344428e-03   0.000000e+00   0.000000e+00   5.994895e-03   5.852132e-02  -4.212374e-02   0.000000e+00
 0.000000e+00   0.000000e+00  -5.820603e-03   0.000000e+00   0.000000e+00  -1.699448e-02  -4.212374e-02   1.601754e-01   0.000000e+00
-1.667791e-04   4.331320e-04   0.000000e+00  -1.665695e-04   2.025724e-03   0.000000e+00   0.000000e+00   0.000000e+00   4.281945e-02

# timestamp: 1774889226.7055998
 8.170390e-04  -9.572887e-06   0.000000e+00   2.189908e-04  -2.288975e-05   0.000000e+00   0.000000e+00   0.000000e+00  -1.759856e-04
-9.572887e-06   9.078863e-04   0.000000e+00  -1.694357e-05   3.978909e-04   0.000000e+00   0.000000e+00   0.000000e+00   3.646908e-04
 0.000000e+00   0.000000e+00   1.271302e-03   0.000000e+00   0.000000e+00   1.292730e-03   1.826218e-03  -5.518090e-03   0.000000e+00
 2.189908e-04  -1.694357e-05   0.000000e+00   3.855816e-04  -3.566703e-05   0.000000e+00   0.000000e+00   0.000000e+00  -9.977028e-05
-2.288975e-05   3.978909e-04   0.000000e+00  -3.566703e-05   7.871592e-04   0.000000e+00   0.000000e+00   0.000000e+00   1.826942e-03
 0.000000e+00   0.000000e+00   1.292730e-03   0.000000e+00   0.000000e+00   3.132002e-03   4.794881e-03  -1.708732e-02   0.000000e+00
 0.000000e+00   0.000000e+00   1.826218e-03   0.000000e+00   0.000000e+00   4.794881e-03   5.027433e-02  -3.578254e-02   0.000000e+00
 0.000000e+00   0.000000e+00  -5.518090e-03   0.000000e+00   0.000000e+00  -1.708732e-02  -3.578254e-02   1.656023e-01   0.000000e+00
-1.759856e-04   3.646908e-04   0.000000e+00  -9.977028e-05   1.826942e-03   0.000000e+00   0.000000e+00   0.000000e+00   3.975511e-02

# timestamp: 1774889226.7254725
 8.431793e-04  -1.030734e-05   0.000000e+00   2.259859e-04  -2.390144e-05   0.000000e+00   0.000000e+00   0.000000e+00  -1.777876e-04
-1.030734e-05   9.406407e-04   0.000000e+00  -1.758538e-05   4.129967e-04   0.000000e+00   0.000000e+00   0.000000e+00   3.982451e-04
 0.000000e+00   0.000000e+00   1.337334e-03   0.000000e+00   0.000000e+00   1.361620e-03   1.913401e-03  -5.829273e-03   0.000000e+00
 2.259859e-04  -1.758538e-05   0.000000e+00   3.873883e-04  -3.585037e-05   0.000000e+00   0.000000e+00   0.000000e+00  -9.929055e-05
-2.390144e-05   4.129967e-04   0.000000e+00  -3.585037e-05   7.966755e-04   0.000000e+00   0.000000e+00   0.000000e+00   1.911404e-03
 0.000000e+00   0.000000e+00   1.361620e-03   0.000000e+00   0.000000e+00   3.204871e-03   4.868060e-03  -1.743085e-02   0.000000e+00
 0.000000e+00   0.000000e+00   1.913401e-03   0.000000e+00   0.000000e+00   4.868060e-03   5.208338e-02  -3.578254e-02   0.000000e+00
 0.000000e+00   0.000000e+00  -5.829273e-03   0.000000e+00   0.000000e+00  -1.743085e-02  -3.578254e-02   1.674114e-01   0.000000e+00
-1.777876e-04   3.982451e-04   0.000000e+00  -9.929055e-05   1.911404e-03   0.000000e+00   0.000000e+00   0.000000e+00   4.156416e-02

# timestamp: 1774889226.763646
 9.011965e-04  -1.201639e-05   0.000000e+00   2.413923e-04  -2.613698e-05   0.000000e+00   0.000000e+00   0.000000e+00  -1.816961e-04
-1.201639e-05   1.014153e-03   0.000000e+00  -1.899768e-05   4.468747e-04   0.000000e+00   0.000000e+00   0.000000e+00   4.768782e-04
 0.000000e+00   0.000000e+00   1.490481e-03   0.000000e+00   0.000000e+00   1.519039e-03   2.108388e-03  -6.530415e-03   0.000000e+00
 2.413923e-04  -1.899768e-05   0.000000e+00   3.913371e-04  -3.624391e-05   0.000000e+00   0.000000e+00   0.000000e+00  -9.816561e-05
-2.613698e-05   4.468747e-04   0.000000e+00  -3.624391e-05   8.187375e-04   0.000000e+00   0.000000e+00   0.000000e+00   2.109458e-03
 0.000000e+00   0.000000e+00   1.519039e-03   0.000000e+00   0.000000e+00   3.369112e-03   5.027923e-03  -1.819513e-02   0.000000e+00
 0.000000e+00   0.000000e+00   2.108388e-03   0.000000e+00   0.000000e+00   5.027923e-03   5.603724e-02  -3.578254e-02   0.000000e+00
 0.000000e+00   0.000000e+00  -6.530415e-03   0.000000e+00   0.000000e+00  -1.819513e-02  -3.578254e-02   1.713652e-01   0.000000e+00
-1.816961e-04   4.768782e-04   0.000000e+00  -9.816561e-05   2.109458e-03   0.000000e+00   0.000000e+00   0.000000e+00   4.551802e-02

# timestamp: 1774889227.0012019
 8.141656e-04  -9.395020e-06   0.000000e+00   2.174698e-04  -2.087330e-05   0.000000e+00   0.000000e+00   0.000000e+00  -1.518512e-04
-9.395020e-06   9.049446e-04   0.000000e+00  -1.493289e-05   3.960097e-04   0.000000e+00   0.000000e+00   0.000000e+00   3.842511e-04
 0.000000e+00   0.000000e+00   1.278241e-03   0.000000e+00   0.000000e+00   1.317157e-03   1.489799e-03  -5.849194e-03   0.000000e+00
 2.174698e-04  -1.493289e-05   0.000000e+00   3.838346e-04  -2.795934e-05   0.000000e+00   0.000000e+00   0.000000e+00  -4.001276e-05
-2.087330e-05   3.960097e-04   0.000000e+00  -2.795934e-05   7.806489e-04   0.000000e+00   0.000000e+00   0.000000e+00   1.805796e-03
 0.000000e+00   0.000000e+00   1.317157e-03   0.000000e+00   0.000000e+00   3.189786e-03   3.809765e-03  -1.782755e-02   0.000000e+00
 0.000000e+00   0.000000e+00   1.489799e-03   0.000000e+00   0.000000e+00   3.809765e-03   4.623550e-02  -2.902302e-02   0.000000e+00
 0.000000e+00   0.000000e+00  -5.849194e-03   0.000000e+00   0.000000e+00  -1.782755e-02  -2.902302e-02   1.734218e-01   0.000000e+00
-1.518512e-04   3.842511e-04   0.000000e+00  -4.001276e-05   1.805796e-03   0.000000e+00   0.000000e+00   0.000000e+00   3.969445e-02

# timestamp: 1774889227.0210233
 8.402326e-04  -1.005264e-05   0.000000e+00   2.244172e-04  -2.169240e-05   0.000000e+00   0.000000e+00   0.000000e+00  -1.525555e-04
-1.005264e-05   9.376043e-04   0.000000e+00  -1.539368e-05   4.110236e-04   0.000000e+00   0.000000e+00   0.000000e+00   4.172594e-04
 0.000000e+00   0.000000e+00   1.345094e-03   0.000000e+00   0.000000e+00   1.387562e-03   1.558909e-03  -6.173024e-03   0.000000e+00
 2.244172e-04  -1.539368e-05   0.000000e+00   3.856343e-04  -2.783786e-05   0.000000e+00   0.000000e+00   0.000000e+00  -3.558077e-05
-2.169240e-05   4.110236e-04   0.000000e+00  -2.783786e-05   7.900757e-04   0.000000e+00   0.000000e+00   0.000000e+00   1.890462e-03
 0.000000e+00   0.000000e+00   1.387562e-03   0.000000e+00   0.000000e+00   3.265003e-03   3.864457e-03  -1.818476e-02   0.000000e+00
 0.000000e+00   0.000000e+00   1.558909e-03   0.000000e+00   0.000000e+00   3.864457e-03   4.804333e-02  -2.902302e-02   0.000000e+00
 0.000000e+00   0.000000e+00  -6.173024e-03   0.000000e+00   0.000000e+00  -1.818476e-02  -2.902302e-02   1.752297e-01   0.000000e+00
-1.525555e-04   4.172594e-04   0.000000e+00  -3.558077e-05   1.890462e-03   0.000000e+00   0.000000e+00   0.000000e+00   4.150228e-02

# timestamp: 1774889227.0338185
 8.570187e-04  -1.048520e-05   0.000000e+00   2.288709e-04  -2.221502e-05   0.000000e+00   0.000000e+00   0.000000e+00  -1.529581e-04
-1.048520e-05   9.587586e-04   0.000000e+00  -1.568507e-05   4.207450e-04   0.000000e+00   0.000000e+00   0.000000e+00   4.392550e-04
 0.000000e+00   0.000000e+00   1.389182e-03   0.000000e+00   0.000000e+00   1.433650e-03   1.603646e-03  -6.383728e-03   0.000000e+00
 2.288709e-04  -1.568507e-05   0.000000e+00   3.867846e-04  -2.775055e-05   0.000000e+00   0.000000e+00   0.000000e+00  -3.265967e-05
-2.221502e-05   4.207450e-04   0.000000e+00  -2.775055e-05   7.962838e-04   0.000000e+00   0.000000e+00   0.000000e+00   1.946266e-03
 0.000000e+00   0.000000e+00   1.433650e-03   0.000000e+00   0.000000e+00   3.313827e-03   3.899311e-03  -1.841469e-02   0.000000e+00
 0.000000e+00   0.000000e+00   1.603646e-03   0.000000e+00   0.000000e+00   3.899311e-03   4.919837e-02  -2.902302e-02   0.000000e+00
 0.000000e+00   0.000000e+00  -6.383728e-03   0.000000e+00   0.000000e+00  -1.841469e-02  -2.902302e-02   1.763847e-01   0.000000e+00
-1.529581e-04   4.392550e-04   0.000000e+00  -3.265967e-05   1.946266e-03   0.000000e+00   0.000000e+00   0.000000e+00   4.265732e-02

# timestamp: 1774889227.0636702
 8.943002e-04  -1.146887e-05   0.000000e+00   2.387174e-04  -2.336294e-05   0.000000e+00   0.000000e+00   0.000000e+00  -1.537349e-04
-1.146887e-05   1.006076e-03   0.000000e+00  -1.631652e-05   4.424811e-04   0.000000e+00   0.000000e+00   0.000000e+00   4.897067e-04
 0.000000e+00   0.000000e+00   1.489877e-03   0.000000e+00   0.000000e+00   1.537899e-03   1.703313e-03  -6.855598e-03   0.000000e+00
 2.387174e-04  -1.631652e-05   0.000000e+00   3.893160e-04  -2.753073e-05   0.000000e+00   0.000000e+00   0.000000e+00  -2.592762e-05
-2.336294e-05   4.424811e-04   0.000000e+00  -2.753073e-05   8.104686e-04   0.000000e+00   0.000000e+00   0.000000e+00   2.074872e-03
 0.000000e+00   0.000000e+00   1.537899e-03   0.000000e+00   0.000000e+00   3.423336e-03   3.975659e-03  -1.892627e-02   0.000000e+00
 0.000000e+00   0.000000e+00   1.703313e-03   0.000000e+00   0.000000e+00   3.975659e-03   5.173870e-02  -2.902302e-02   0.000000e+00
 0.000000e+00   0.000000e+00  -6.855598e-03   0.000000e+00   0.000000e+00  -1.892627e-02  -2.902302e-02   1.789250e-01   0.000000e+00
-1.537349e-04   4.897067e-04   0.000000e+00  -2.592762e-05   2.074872e-03   0.000000e+00   0.000000e+00   0.000000e+00   4.519765e-02

# timestamp: 1774889227.1031444
 7.944853e-04  -8.722615e-06   0.000000e+00   2.119360e-04  -1.932842e-05   0.000000e+00   0.000000e+00   0.000000e+00  -1.331764e-04
-8.722615e-06   8.807552e-04   0.000000e+00  -1.368116e-05   3.847003e-04   0.000000e+00   0.000000e+00   0.000000e+00   3.678087e-04
 0.000000e+00   0.000000e+00   1.233030e-03   0.000000e+00   0.000000e+00   1.273737e-03   1.294880e-03  -5.704106e-03   0.000000e+00
 2.119360e-04  -1.368116e-05   0.000000e+00   3.820213e-04  -2.490880e-05   0.000000e+00   0.000000e+00   0.000000e+00  -1.419318e-05
-1.932842e-05   3.847003e-04   0.000000e+00  -2.490880e-05   7.722057e-04   0.000000e+00   0.000000e+00   0.000000e+00   1.743077e-03
 0.000000e+00   0.000000e+00   1.273737e-03   0.000000e+00   0.000000e+00   3.151098e-03   3.358618e-03  -1.775945e-02   0.000000e+00
 0.000000e+00   0.000000e+00   1.294880e-03   0.000000e+00   0.000000e+00   3.358618e-03   4.356392e-02  -2.596226e-02   0.000000e+00
 0.000000e+00   0.000000e+00  -5.704106e-03   0.000000e+00   0.000000e+00  -1.775945e-02  -2.596226e-02   1.741113e-01   0.000000e+00
-1.331764e-04   3.678087e-04   0.000000e+00  -1.419318e-05   1.743077e-03   0.000000e+00   0.000000e+00   0.000000e+00   3.836138e-02

# timestamp: 1774889227.4210699
 8.368136e-04  -8.521831e-06   0.000000e+00   2.220522e-04  -1.749737e-05   0.000000e+00   0.000000e+00   0.000000e+00  -1.509509e-04
-8.521831e-06   9.326665e-04   0.000000e+00  -9.440889e-06   4.068591e-04   0.000000e+00   0.000000e+00   0.000000e+00   4.168329e-04
 0.000000e+00   0.000000e+00   1.342151e-03   0.000000e+00   0.000000e+00   1.391905e-03   1.015015e-03  -6.317027e-03   0.000000e+00
 2.220522e-04  -9.440889e-06   0.000000e+00   3.845326e-04  -8.797011e-06   0.000000e+00   0.000000e+00   0.000000e+00   1.468777e-04
-1.749737e-05   4.068591e-04   0.000000e+00  -8.797011e-06   7.837073e-04   0.000000e+00   0.000000e+00   0.000000e+00   1.884938e-03
 0.000000e+00   0.000000e+00   1.391905e-03   0.000000e+00   0.000000e+00   3.294365e-03   2.157226e-03  -1.865972e-02   0.000000e+00
 0.000000e+00   0.000000e+00   1.015015e-03   0.000000e+00   0.000000e+00   2.157226e-03   4.336998e-02  -1.675086e-02   0.000000e+00
 0.000000e+00   0.000000e+00  -6.317027e-03   0.000000e+00   0.000000e+00  -1.865972e-02  -1.675086e-02   1.805454e-01   0.000000e+00
-1.509509e-04   4.168329e-04   0.000000e+00   1.468777e-04   1.884938e-03   0.000000e+00   0.000000e+00   0.000000e+00   4.110703e-02

# timestamp: 1774889227.4630742
 8.950115e-04  -9.612609e-06   0.000000e+00   2.373370e-04  -1.848968e-05   0.000000e+00   0.000000e+00   0.000000e+00  -1.444077e-04
-9.612609e-06   1.006315e-03   0.000000e+00  -9.269819e-06   4.406480e-04   0.000000e+00   0.000000e+00   0.000000e+00   4.950904e-04
 0.000000e+00   0.000000e+00   1.499269e-03   0.000000e+00   0.000000e+00   1.556456e-03   1.101529e-03  -7.074036e-03   0.000000e+00
 2.373370e-04  -9.269819e-06   0.000000e+00   3.888695e-04  -5.960987e-06   0.000000e+00   0.000000e+00   0.000000e+00   1.918439e-04
-1.848968e-05   4.406480e-04   0.000000e+00  -5.960987e-06   8.061594e-04   0.000000e+00   0.000000e+00   0.000000e+00   2.087471e-03
 0.000000e+00   0.000000e+00   1.556456e-03   0.000000e+00   0.000000e+00   3.471321e-03   2.187839e-03  -1.949355e-02   0.000000e+00
 0.000000e+00   0.000000e+00   1.101529e-03   0.000000e+00   0.000000e+00   2.187839e-03   4.735779e-02  -1.675086e-02   0.000000e+00
 0.000000e+00   0.000000e+00  -7.074036e-03   0.000000e+00   0.000000e+00  -1.949355e-02  -1.675086e-02   1.845332e-01   0.000000e+00
-1.444077e-04   4.950904e-04   0.000000e+00   1.918439e-04   2.087471e-03   0.000000e+00   0.000000e+00   0.000000e+00   4.509485e-02

# timestamp: 1774889227.5103848
 8.228689e-04  -7.554827e-06   0.000000e+00   2.184743e-04  -1.473516e-05   0.000000e+00   0.000000e+00   0.000000e+00  -8.972391e-05
-7.554827e-06   9.161279e-04   0.000000e+00  -7.548632e-06   3.995201e-04   0.000000e+00   0.000000e+00   0.000000e+00   4.064207e-04
 0.000000e+00   0.000000e+00   1.312492e-03   0.000000e+00   0.000000e+00   1.371203e-03   8.530753e-04  -6.254886e-03   0.000000e+00
 2.184743e-04  -7.548632e-06   0.000000e+00   3.840521e-04  -3.284714e-06   0.000000e+00   0.000000e+00   0.000000e+00   2.052181e-04
-1.473516e-05   3.995201e-04   0.000000e+00  -3.284714e-06   7.790748e-04   0.000000e+00   0.000000e+00   0.000000e+00   1.858954e-03
 0.000000e+00   0.000000e+00   1.371203e-03   0.000000e+00   0.000000e+00   3.301263e-03   1.878016e-03  -1.878052e-02   0.000000e+00
 0.000000e+00   0.000000e+00   8.530753e-04   0.000000e+00   0.000000e+00   1.878016e-03   4.243266e-02  -1.544269e-02   0.000000e+00
 0.000000e+00   0.000000e+00  -6.254886e-03   0.000000e+00   0.000000e+00  -1.878052e-02  -1.544269e-02   1.813270e-01   0.000000e+00
-8.972391e-05   4.064207e-04   0.000000e+00   2.052181e-04   1.858954e-03   0.000000e+00   0.000000e+00   0.000000e+00   4.055049e-02

# timestamp: 1774889227.7457051
 8.846609e-04  -6.398103e-06   0.000000e+00   2.353231e-04  -8.615518e-06   0.000000e+00   0.000000e+00   0.000000e+00   9.921333e-06
-6.398103e-06   9.951029e-04   0.000000e+00  -1.979094e-06   4.370254e-04   0.000000e+00   0.000000e+00   0.000000e+00   5.037700e-04
 0.000000e+00   0.000000e+00   1.484504e-03   0.000000e+00   0.000000e+00   1.564305e-03   1.164745e-03  -7.025834e-03   0.000000e+00
 2.353231e-04  -1.979094e-06   0.000000e+00   3.911120e-04   1.519543e-05   0.000000e+00   0.000000e+00   0.000000e+00   3.826255e-04
-8.615518e-06   4.370254e-04   0.000000e+00   1.519543e-05   8.115419e-04   0.000000e+00   0.000000e+00   0.000000e+00   2.161357e-03
 0.000000e+00   0.000000e+00   1.564305e-03   0.000000e+00   0.000000e+00   3.543572e-03   2.711606e-03  -1.959905e-02   0.000000e+00
 0.000000e+00   0.000000e+00   1.164745e-03   0.000000e+00   0.000000e+00   2.711606e-03   4.952759e-02  -2.411331e-02   0.000000e+00
 0.000000e+00   0.000000e+00  -7.025834e-03   0.000000e+00   0.000000e+00  -1.959905e-02  -2.411331e-02   1.806407e-01   0.000000e+00
 9.921333e-06   5.037700e-04   0.000000e+00   3.826255e-04   2.161357e-03   0.000000e+00   0.000000e+00   0.000000e+00   4.494498e-02

# timestamp: 1774889227.76585
 9.062616e-04  -6.548811e-06   0.000000e+00   2.410697e-04  -8.360298e-06   0.000000e+00   0.000000e+00   0.000000e+00   1.559958e-05
-6.548811e-06   1.022703e-03   0.000000e+00  -1.493776e-06   4.499289e-04   0.000000e+00   0.000000e+00   0.000000e+00   5.356999e-04
 0.000000e+00   0.000000e+00   1.545762e-03   0.000000e+00   0.000000e+00   1.629352e-03   1.204492e-03  -7.313764e-03   0.000000e+00
 2.410697e-04  -1.493776e-06   0.000000e+00   3.929579e-04   1.700147e-05   0.000000e+00   0.000000e+00   0.000000e+00   4.050098e-04
-8.360298e-06   4.499289e-04   0.000000e+00   1.700147e-05   8.212285e-04   0.000000e+00   0.000000e+00   0.000000e+00   2.247256e-03
 0.000000e+00   0.000000e+00   1.629352e-03   0.000000e+00   0.000000e+00   3.616122e-03   2.731977e-03  -1.992637e-02   0.000000e+00
 0.000000e+00   0.000000e+00   1.204492e-03   0.000000e+00   0.000000e+00   2.731977e-03   5.099066e-02  -2.411331e-02   0.000000e+00
 0.000000e+00   0.000000e+00  -7.313764e-03   0.000000e+00   0.000000e+00  -1.992637e-02  -2.411331e-02   1.821038e-01   0.000000e+00
 1.559958e-05   5.356999e-04   0.000000e+00   4.050098e-04   2.247256e-03   0.000000e+00   0.000000e+00   0.000000e+00   4.640806e-02

# timestamp: 1774889227.8026347
 8.236831e-04  -4.911030e-06   0.000000e+00   2.190618e-04  -6.871081e-06   0.000000e+00   0.000000e+00   0.000000e+00  -2.854615e-05
-4.911030e-06   9.173539e-04   0.000000e+00  -7.774322e-07   4.004511e-04   0.000000e+00   0.000000e+00   0.000000e+00   3.952098e-04
 0.000000e+00   0.000000e+00   1.313612e-03   0.000000e+00   0.000000e+00   1.375120e-03   1.237788e-03  -6.065134e-03   0.000000e+00
 2.190618e-04  -7.774322e-07   0.000000e+00   3.871909e-04   1.776660e-05   0.000000e+00   0.000000e+00   0.000000e+00   3.614833e-04
-6.871081e-06   4.004511e-04   0.000000e+00   1.776660e-05   7.882237e-04   0.000000e+00   0.000000e+00   0.000000e+00   1.940671e-03
 0.000000e+00   0.000000e+00   1.375120e-03   0.000000e+00   0.000000e+00   3.327164e-03   3.105389e-03  -1.839862e-02   0.000000e+00
 0.000000e+00   0.000000e+00   1.237788e-03   0.000000e+00   0.000000e+00   3.105389e-03   4.688360e-02  -2.824388e-02   0.000000e+00
 0.000000e+00   0.000000e+00  -6.065134e-03   0.000000e+00   0.000000e+00  -1.839862e-02  -2.824388e-02   1.733119e-01   0.000000e+00
-2.854615e-05   3.952098e-04   0.000000e+00   3.614833e-04   1.940671e-03   0.000000e+00   0.000000e+00   0.000000e+00   4.056764e-02

# timestamp: 1774889228.0495903
 8.886822e-04  -2.236406e-06   0.000000e+00   2.374937e-04   1.424623e-06   0.000000e+00   0.000000e+00   0.000000e+00   4.435746e-05
-2.236406e-06   9.992550e-04   0.000000e+00   7.421156e-06   4.385912e-04   0.000000e+00   0.000000e+00   0.000000e+00   4.870333e-04
 0.000000e+00   0.000000e+00   1.484871e-03   0.000000e+00   0.000000e+00   1.551417e-03   1.339532e-03  -6.856760e-03   0.000000e+00
 2.374937e-04   7.421156e-06   0.000000e+00   3.980375e-04   4.138200e-05   0.000000e+00   0.000000e+00   0.000000e+00   5.740353e-04
 1.424623e-06   4.385912e-04   0.000000e+00   4.138200e-05   8.167572e-04   0.000000e+00   0.000000e+00   0.000000e+00   2.164563e-03
 0.000000e+00   0.000000e+00   1.551417e-03   0.000000e+00   0.000000e+00   3.506564e-03   3.096539e-03  -1.921253e-02   0.000000e+00
 0.000000e+00   0.000000e+00   1.339532e-03   0.000000e+00   0.000000e+00   3.096539e-03   5.137600e-02  -2.867171e-02   0.000000e+00
 0.000000e+00   0.000000e+00  -6.856760e-03   0.000000e+00   0.000000e+00  -1.921253e-02  -2.867171e-02   1.785336e-01   0.000000e+00
 4.435746e-05   4.870333e-04   0.000000e+00   5.740353e-04   2.164563e-03   0.000000e+00   0.000000e+00   0.000000e+00   4.501538e-02

# timestamp: 1774889228.0682516
 9.223088e-04  -2.009428e-06   0.000000e+00   2.466106e-04   2.531795e-06   0.000000e+00   0.000000e+00   0.000000e+00   5.772069e-05
-2.009428e-06   1.042230e-03   0.000000e+00   8.921888e-06   4.585962e-04   0.000000e+00   0.000000e+00   0.000000e+00   5.369973e-04
 0.000000e+00   0.000000e+00   1.579905e-03   0.000000e+00   0.000000e+00   1.649124e-03   1.409861e-03  -7.295444e-03   0.000000e+00
 2.466106e-04   8.921888e-06   0.000000e+00   4.015315e-04   4.525048e-05   0.000000e+00   0.000000e+00   0.000000e+00   6.218313e-04
 2.531795e-06   4.585962e-04   0.000000e+00   4.525048e-05   8.308045e-04   0.000000e+00   0.000000e+00   0.000000e+00   2.287707e-03
 0.000000e+00   0.000000e+00   1.649124e-03   0.000000e+00   0.000000e+00   3.605325e-03   3.118094e-03  -1.965960e-02   0.000000e+00
 0.000000e+00   0.000000e+00   1.409861e-03   0.000000e+00   0.000000e+00   3.118094e-03   5.364183e-02  -2.867171e-02   0.000000e+00
 0.000000e+00   0.000000e+00  -7.295444e-03   0.000000e+00   0.000000e+00  -1.965960e-02  -2.867171e-02   1.807994e-01   0.000000e+00
 5.772069e-05   5.369973e-04   0.000000e+00   6.218313e-04   2.287707e-03   0.000000e+00   0.000000e+00   0.000000e+00   4.728122e-02

# timestamp: 1774889228.1205852
 8.526426e-04  -1.002417e-06   0.000000e+00   2.281475e-04   3.599394e-06   0.000000e+00   0.000000e+00   0.000000e+00   2.051537e-05
-1.002417e-06   9.523725e-04   0.000000e+00   8.775591e-06   4.152366e-04   0.000000e+00   0.000000e+00   0.000000e+00   4.015828e-04
 0.000000e+00   0.000000e+00   1.371602e-03   0.000000e+00   0.000000e+00   1.415804e-03   1.226034e-03  -6.169182e-03   0.000000e+00
 2.281475e-04   8.775591e-06   0.000000e+00   3.970770e-04   4.569791e-05   0.000000e+00   0.000000e+00   0.000000e+00   5.706112e-04
 3.599394e-06   4.152366e-04   0.000000e+00   4.569791e-05   7.995018e-04   0.000000e+00   0.000000e+00   0.000000e+00   1.994979e-03
 0.000000e+00   0.000000e+00   1.415804e-03   0.000000e+00   0.000000e+00   3.336630e-03   2.913510e-03  -1.837398e-02   0.000000e+00
 0.000000e+00   0.000000e+00   1.226034e-03   0.000000e+00   0.000000e+00   2.913510e-03   4.832528e-02  -2.778563e-02   0.000000e+00
 0.000000e+00   0.000000e+00  -6.169182e-03   0.000000e+00   0.000000e+00  -1.837398e-02  -2.778563e-02   1.753461e-01   0.000000e+00
 2.051537e-05   4.015828e-04   0.000000e+00   5.706112e-04   1.994979e-03   0.000000e+00   0.000000e+00   0.000000e+00   4.231701e-02

# timestamp: 1774889228.393099
 8.256952e-04   3.303281e-06   0.000000e+00   2.238016e-04   1.390335e-05   0.000000e+00   0.000000e+00   0.000000e+00   1.076446e-04
 3.303281e-06   9.187997e-04   0.000000e+00   1.773908e-05   3.997377e-04   0.000000e+00   0.000000e+00   0.000000e+00   4.024151e-04
 0.000000e+00   0.000000e+00   1.308877e-03   0.000000e+00   0.000000e+00   1.342018e-03   6.873982e-04  -6.049857e-03   0.000000e+00
 2.238016e-04   1.773908e-05   0.000000e+00   4.045480e-04   6.614672e-05   0.000000e+00   0.000000e+00   0.000000e+00   6.987900e-04
 1.390335e-05   3.997377e-04   0.000000e+00   6.614672e-05   7.769376e-04   0.000000e+00   0.000000e+00   0.000000e+00   1.799380e-03
 0.000000e+00   0.000000e+00   1.342018e-03   0.000000e+00   0.000000e+00   3.183615e-03   1.490980e-03  -1.790954e-02   0.000000e+00
 0.000000e+00   0.000000e+00   6.873982e-04   0.000000e+00   0.000000e+00   1.490980e-03   4.310103e-02  -1.719431e-02   0.000000e+00
 0.000000e+00   0.000000e+00  -6.049857e-03   0.000000e+00   0.000000e+00  -1.790954e-02  -1.719431e-02   1.783315e-01   0.000000e+00
 1.076446e-04   4.024151e-04   0.000000e+00   6.987900e-04   1.799380e-03   0.000000e+00   0.000000e+00   0.000000e+00   4.070837e-02

# timestamp: 1774889228.432644
 8.741835e-04   4.441650e-06   0.000000e+00   2.375462e-04   1.657527e-05   0.000000e+00   0.000000e+00   0.000000e+00   1.317600e-04
 4.441650e-06   9.794061e-04   0.000000e+00   2.079328e-05   4.272010e-04   0.000000e+00   0.000000e+00   0.000000e+00   4.638425e-04
 0.000000e+00   0.000000e+00   1.435140e-03   0.000000e+00   0.000000e+00   1.469185e-03   7.365944e-04  -6.651101e-03   0.000000e+00
 2.375462e-04   2.079328e-05   0.000000e+00   4.105050e-04   7.194058e-05   0.000000e+00   0.000000e+00   0.000000e+00   7.754414e-04
 1.657527e-05   4.272010e-04   0.000000e+00   7.194058e-05   7.926680e-04   0.000000e+00   0.000000e+00   0.000000e+00   1.941446e-03
 0.000000e+00   0.000000e+00   1.469185e-03   0.000000e+00   0.000000e+00   3.302416e-03   1.467120e-03  -1.847766e-02   0.000000e+00
 0.000000e+00   0.000000e+00   7.365944e-04   0.000000e+00   0.000000e+00   1.467120e-03   4.641929e-02  -1.719431e-02   0.000000e+00
 0.000000e+00   0.000000e+00  -6.651101e-03   0.000000e+00   0.000000e+00  -1.847766e-02  -1.719431e-02   1.816497e-01   0.000000e+00
 1.317600e-04   4.638425e-04   0.000000e+00   7.754414e-04   1.941446e-03   0.000000e+00   0.000000e+00   0.000000e+00   4.402664e-02

# timestamp: 1774889228.459915
 9.134480e-04   5.489033e-06   0.000000e+00   2.486665e-04   1.890385e-05   0.000000e+00   0.000000e+00   0.000000e+00   1.528075e-04
 5.489033e-06   1.028979e-03   0.000000e+00   2.344786e-05   4.495996e-04   0.000000e+00   0.000000e+00   0.000000e+00   5.161745e-04
 0.000000e+00   0.000000e+00   1.541809e-03   0.000000e+00   0.000000e+00   1.574664e-03   7.751611e-04  -7.143270e-03   0.000000e+00
 2.486665e-04   2.344786e-05   0.000000e+00   4.154512e-04   7.693015e-05   0.000000e+00   0.000000e+00   0.000000e+00   8.407601e-04
 1.890385e-05   4.495996e-04   0.000000e+00   7.693015e-05   8.058905e-04   0.000000e+00   0.000000e+00   0.000000e+00   2.062508e-03
 0.000000e+00   0.000000e+00   1.574664e-03   0.000000e+00   0.000000e+00   3.399797e-03   1.443835e-03  -1.893795e-02   0.000000e+00
 0.000000e+00   0.000000e+00   7.751611e-04   0.000000e+00   0.000000e+00   1.443835e-03   4.906138e-02  -1.719431e-02   0.000000e+00
 0.000000e+00   0.000000e+00  -7.143270e-03   0.000000e+00   0.000000e+00  -1.893795e-02  -1.719431e-02   1.842918e-01   0.000000e+00
 1.528075e-04   5.161745e-04   0.000000e+00   8.407601e-04   2.062508e-03   0.000000e+00   0.000000e+00   0.000000e+00   4.666872e-02

# timestamp: 1774889228.7155886
 8.426862e-04   8.685514e-06   0.000000e+00   2.323311e-04   2.503734e-05   0.000000e+00   0.000000e+00   0.000000e+00   1.166645e-04
 8.685514e-06   9.362453e-04   0.000000e+00   2.834719e-05   4.026442e-04   0.000000e+00   0.000000e+00   0.000000e+00   3.847000e-04
 0.000000e+00   0.000000e+00   1.334293e-03   0.000000e+00   0.000000e+00   1.334315e-03   4.330204e-04  -6.118339e-03   0.000000e+00
 2.323311e-04   2.834719e-05   0.000000e+00   4.191151e-04   8.828381e-05   0.000000e+00   0.000000e+00   0.000000e+00   8.282263e-04
 2.503734e-05   4.026442e-04   0.000000e+00   8.828381e-05   7.599424e-04   0.000000e+00   0.000000e+00   0.000000e+00   1.702465e-03
 0.000000e+00   0.000000e+00   1.334315e-03   0.000000e+00   0.000000e+00   3.065494e-03   5.887792e-04  -1.754933e-02   0.000000e+00
 0.000000e+00   0.000000e+00   4.330204e-04   0.000000e+00   0.000000e+00   5.887792e-04   4.245397e-02  -1.086383e-02   0.000000e+00
 0.000000e+00   0.000000e+00  -6.118339e-03   0.000000e+00   0.000000e+00  -1.754933e-02  -1.086383e-02   1.824236e-01   0.000000e+00
 1.166645e-04   3.847000e-04   0.000000e+00   8.282263e-04   1.702465e-03   0.000000e+00   0.000000e+00   0.000000e+00   4.141661e-02

# timestamp: 1774889228.7406447
 8.804267e-04   1.011673e-05   0.000000e+00   2.433073e-04   2.765469e-05   0.000000e+00   0.000000e+00   0.000000e+00   1.383645e-04
 1.011673e-05   9.829352e-04   0.000000e+00   3.124890e-05   4.232103e-04   0.000000e+00   0.000000e+00   0.000000e+00   4.291091e-04
 0.000000e+00   0.000000e+00   1.430390e-03   0.000000e+00   0.000000e+00   1.428541e-03   4.477725e-04  -6.570811e-03   0.000000e+00
 2.433073e-04   3.124890e-05   0.000000e+00   4.241834e-04   9.294977e-05   0.000000e+00   0.000000e+00   0.000000e+00   8.912388e-04
 2.765469e-05   4.232103e-04   0.000000e+00   9.294977e-05   7.710877e-04   0.000000e+00   0.000000e+00   0.000000e+00   1.808030e-03
 0.000000e+00   0.000000e+00   1.428541e-03   0.000000e+00   0.000000e+00   3.153333e-03   5.508348e-04  -1.798406e-02   0.000000e+00
 0.000000e+00   0.000000e+00   4.477725e-04   0.000000e+00   0.000000e+00   5.508348e-04   4.501170e-02  -1.086383e-02   0.000000e+00
 0.000000e+00   0.000000e+00  -6.570811e-03   0.000000e+00   0.000000e+00  -1.798406e-02  -1.086383e-02   1.849813e-01   0.000000e+00
 1.383645e-04   4.291091e-04   0.000000e+00   8.912388e-04   1.808030e-03   0.000000e+00   0.000000e+00   0.000000e+00   4.397434e-02

# timestamp: 1774889228.7778153
 8.606112e-04   1.606000e-05   0.000000e+00   2.498104e-04   5.221083e-05   0.000000e+00   0.000000e+00   0.000000e+00   7.327399e-04
 1.606000e-05   9.432324e-04   0.000000e+00   3.297438e-05   4.063494e-04   0.000000e+00   0.000000e+00   0.000000e+00   4.323654e-04
 0.000000e+00   0.000000e+00   1.361411e-03   0.000000e+00   0.000000e+00   1.365942e-03  -5.586160e-04  -6.220894e-03   0.000000e+00
 2.498104e-04   3.297438e-05   0.000000e+00   4.297871e-04   1.002494e-04   0.000000e+00   0.000000e+00   0.000000e+00   1.032375e-03
 5.221083e-05   4.063494e-04   0.000000e+00   1.002494e-04   7.613089e-04   0.000000e+00   0.000000e+00   0.000000e+00   1.756143e-03
 0.000000e+00   0.000000e+00   1.365942e-03   0.000000e+00   0.000000e+00   3.091561e-03  -4.662335e-04  -1.765653e-02   0.000000e+00
 0.000000e+00   0.000000e+00  -5.586160e-04   0.000000e+00   0.000000e+00  -4.662335e-04   4.268255e-02  -5.998291e-03   0.000000e+00
 0.000000e+00   0.000000e+00  -6.220894e-03   0.000000e+00   0.000000e+00  -1.765653e-02  -5.998291e-03   1.837372e-01   0.000000e+00
 7.327399e-04   4.323654e-04   0.000000e+00   1.032375e-03   1.756143e-03   0.000000e+00   0.000000e+00   0.000000e+00   4.226283e-02

# timestamp: 1774889229.0668757
 9.124895e-04   1.737320e-05   0.000000e+00   2.575164e-04   4.000441e-05   0.000000e+00   0.000000e+00   0.000000e+00   1.875891e-04
 1.737320e-05   1.016405e-03   0.000000e+00   4.321416e-05   4.314230e-04   0.000000e+00   0.000000e+00   0.000000e+00   4.482680e-04
 0.000000e+00   0.000000e+00   1.495175e-03   0.000000e+00   0.000000e+00   1.469555e-03   3.336439e-04  -6.961747e-03   0.000000e+00
 2.575164e-04   4.321416e-05   0.000000e+00   4.413539e-04   1.137072e-04   0.000000e+00   0.000000e+00   0.000000e+00   1.025486e-03
 4.000441e-05   4.314230e-04   0.000000e+00   1.137072e-04   7.581133e-04   0.000000e+00   0.000000e+00   0.000000e+00   1.820149e-03
 0.000000e+00   0.000000e+00   1.469555e-03   0.000000e+00   0.000000e+00   3.130146e-03   2.071666e-04  -1.829357e-02   0.000000e+00
 0.000000e+00   0.000000e+00   3.336439e-04   0.000000e+00   0.000000e+00   2.071666e-04   4.693241e-02  -9.706108e-03   0.000000e+00
 0.000000e+00   0.000000e+00  -6.961747e-03   0.000000e+00   0.000000e+00  -1.829357e-02  -9.706108e-03   1.926709e-01   0.000000e+00
 1.875891e-04   4.482680e-04   0.000000e+00   1.025486e-03   1.820149e-03   0.000000e+00   0.000000e+00   0.000000e+00   4.617167e-02

# timestamp: 1774889229.1077874
 8.865412e-04   1.775972e-05   0.000000e+00   2.516603e-04   4.111734e-05   0.000000e+00   0.000000e+00   0.000000e+00   1.927705e-04
 1.775972e-05   9.824847e-04   0.000000e+00   4.367281e-05   4.148940e-04   0.000000e+00   0.000000e+00   0.000000e+00   4.132011e-04
 0.000000e+00   0.000000e+00   1.423370e-03   0.000000e+00   0.000000e+00   1.397782e-03   3.123017e-04  -6.667231e-03   0.000000e+00
 2.516603e-04   4.367281e-05   0.000000e+00   4.418801e-04   1.156461e-04   0.000000e+00   0.000000e+00   0.000000e+00   1.008898e-03
 4.111734e-05   4.148940e-04   0.000000e+00   1.156461e-04   7.447963e-04   0.000000e+00   0.000000e+00   0.000000e+00   1.746853e-03
 0.000000e+00   0.000000e+00   1.397782e-03   0.000000e+00   0.000000e+00   3.056328e-03   2.355978e-04  -1.806883e-02   0.000000e+00
 0.000000e+00   0.000000e+00   3.123017e-04   0.000000e+00   0.000000e+00   2.355978e-04   4.523163e-02  -1.032829e-02   0.000000e+00
 0.000000e+00   0.000000e+00  -6.667231e-03   0.000000e+00   0.000000e+00  -1.806883e-02  -1.032829e-02   1.928050e-01   0.000000e+00
 1.927705e-04   4.132011e-04   0.000000e+00   1.008898e-03   1.746853e-03   0.000000e+00   0.000000e+00   0.000000e+00   4.441307e-02

# timestamp: 1774889229.4409974
 8.837096e-04   2.257103e-05   0.000000e+00   2.561734e-04   5.031101e-05   0.000000e+00   0.000000e+00   0.000000e+00   2.320286e-04
 2.257103e-05   9.722536e-04   0.000000e+00   5.127963e-05   4.059217e-04   0.000000e+00   0.000000e+00   0.000000e+00   4.114778e-04
 0.000000e+00   0.000000e+00   1.396849e-03   0.000000e+00   0.000000e+00   1.360767e-03   6.335511e-04  -6.521813e-03   0.000000e+00
 2.561734e-04   5.127963e-05   0.000000e+00   4.530272e-04   1.312267e-04   0.000000e+00   0.000000e+00   0.000000e+00   1.050568e-03
 5.031101e-05   4.059217e-04   0.000000e+00   1.312267e-04   7.349523e-04   0.000000e+00   0.000000e+00   0.000000e+00   1.794997e-03
 0.000000e+00   0.000000e+00   1.360767e-03   0.000000e+00   0.000000e+00   2.999946e-03   1.205779e-03  -1.789487e-02   0.000000e+00
 0.000000e+00   0.000000e+00   6.335511e-04   0.000000e+00   0.000000e+00   1.205779e-03   4.730092e-02  -2.117122e-02   0.000000e+00
 0.000000e+00   0.000000e+00  -6.521813e-03   0.000000e+00   0.000000e+00  -1.789487e-02  -2.117122e-02   1.921643e-01   0.000000e+00
 2.320286e-04   4.114778e-04   0.000000e+00   1.050568e-03   1.794997e-03   0.000000e+00   0.000000e+00   0.000000e+00   4.407776e-02

# timestamp: 1774889229.466033
 9.283874e-04   2.567382e-05   0.000000e+00   2.699740e-04   5.501908e-05   0.000000e+00   0.000000e+00   0.000000e+00   2.635540e-04
 2.567382e-05   1.025961e-03   0.000000e+00   5.596872e-05   4.290281e-04   0.000000e+00   0.000000e+00   0.000000e+00   4.654205e-04
 0.000000e+00   0.000000e+00   1.508791e-03   0.000000e+00   0.000000e+00   1.470372e-03   6.686806e-04  -7.051303e-03   0.000000e+00
 2.699740e-04   5.596872e-05   0.000000e+00   4.597737e-04   1.379539e-04   0.000000e+00   0.000000e+00   0.000000e+00   1.131180e-03
 5.501908e-05   4.290281e-04   0.000000e+00   1.379539e-04   7.497220e-04   0.000000e+00   0.000000e+00   0.000000e+00   1.940987e-03
 0.000000e+00   0.000000e+00   1.470372e-03   0.000000e+00   0.000000e+00   3.113996e-03   1.186653e-03  -1.847335e-02   0.000000e+00
 0.000000e+00   0.000000e+00   6.686806e-04   0.000000e+00   0.000000e+00   1.186653e-03   5.022877e-02  -2.117122e-02   0.000000e+00
 0.000000e+00   0.000000e+00  -7.051303e-03   0.000000e+00   0.000000e+00  -1.847335e-02  -2.117122e-02   1.950921e-01   0.000000e+00
 2.635540e-04   4.654205e-04   0.000000e+00   1.131180e-03   1.940987e-03   0.000000e+00   0.000000e+00   0.000000e+00   4.700561e-02

# timestamp: 1774889229.5188456
 8.486099e-04   2.167268e-05   0.000000e+00   2.459570e-04   4.831560e-05   0.000000e+00   0.000000e+00   0.000000e+00   1.275469e-04
 2.167268e-05   9.273111e-04   0.000000e+00   4.992098e-05   3.848187e-04   0.000000e+00   0.000000e+00   0.000000e+00   3.463697e-04
 0.000000e+00   0.000000e+00   1.300787e-03   0.000000e+00   0.000000e+00   1.253302e-03   9.221577e-04  -5.923536e-03   0.000000e+00
 2.459570e-04   4.992098e-05   0.000000e+00   4.508868e-04   1.312577e-04   0.000000e+00   0.000000e+00   0.000000e+00   9.665469e-04
 4.831560e-05   3.848187e-04   0.000000e+00   1.312577e-04   7.226174e-04   0.000000e+00   0.000000e+00   0.000000e+00   1.692995e-03
 0.000000e+00   0.000000e+00   1.253302e-03   0.000000e+00   0.000000e+00   2.864727e-03   1.890963e-03  -1.706300e-02   0.000000e+00
 0.000000e+00   0.000000e+00   9.221577e-04   0.000000e+00   0.000000e+00   1.890963e-03   4.668819e-02  -2.756212e-02   0.000000e+00
 0.000000e+00   0.000000e+00  -5.923536e-03   0.000000e+00   0.000000e+00  -1.706300e-02  -2.756212e-02   1.864014e-01   0.000000e+00
 1.275469e-04   3.463697e-04   0.000000e+00   9.665469e-04   1.692995e-03   0.000000e+00   0.000000e+00   0.000000e+00   4.119251e-02

# timestamp: 1774889229.7705216
 9.189566e-04   2.976813e-05   0.000000e+00   2.698143e-04   5.940433e-05   0.000000e+00   0.000000e+00   0.000000e+00   1.322059e-04
 2.976813e-05   1.006269e-03   0.000000e+00   6.274458e-05   4.173317e-04   0.000000e+00   0.000000e+00   0.000000e+00   4.318819e-04
 0.000000e+00   0.000000e+00   1.464077e-03   0.000000e+00   0.000000e+00   1.406805e-03   1.399100e-03  -6.720444e-03   0.000000e+00
 2.698143e-04   6.274458e-05   0.000000e+00   4.685511e-04   1.522517e-04   0.000000e+00   0.000000e+00   0.000000e+00   1.109124e-03
 5.940433e-05   4.173317e-04   0.000000e+00   1.522517e-04   7.454176e-04   0.000000e+00   0.000000e+00   0.000000e+00   1.944067e-03
 0.000000e+00   0.000000e+00   1.406805e-03   0.000000e+00   0.000000e+00   3.007413e-03   2.727180e-03  -1.782851e-02   0.000000e+00
 0.000000e+00   0.000000e+00   1.399100e-03   0.000000e+00   0.000000e+00   2.727180e-03   5.447375e-02  -3.537845e-02   0.000000e+00
 0.000000e+00   0.000000e+00  -6.720444e-03   0.000000e+00   0.000000e+00  -1.782851e-02  -3.537845e-02   1.905348e-01   0.000000e+00
 1.322059e-04   4.318819e-04   0.000000e+00   1.109124e-03   1.944067e-03   0.000000e+00   0.000000e+00   0.000000e+00   4.565043e-02

# timestamp: 1774889229.8160288
 8.439229e-04   2.541966e-05   0.000000e+00   2.475994e-04   5.331443e-05   0.000000e+00   0.000000e+00   0.000000e+00   6.063629e-05
 2.541966e-05   9.153852e-04   0.000000e+00   5.670507e-05   3.775971e-04   0.000000e+00   0.000000e+00   0.000000e+00   3.438968e-04
 0.000000e+00   0.000000e+00   1.284751e-03   0.000000e+00   0.000000e+00   1.236886e-03   1.322713e-03  -5.947545e-03   0.000000e+00
 2.475994e-04   5.670507e-05   0.000000e+00   4.606625e-04   1.457593e-04   0.000000e+00   0.000000e+00   0.000000e+00   9.816919e-04
 5.331443e-05   3.775971e-04   0.000000e+00   1.457593e-04   7.201142e-04   0.000000e+00   0.000000e+00   0.000000e+00   1.709570e-03
 0.000000e+00   0.000000e+00   1.236886e-03   0.000000e+00   0.000000e+00   2.845342e-03   2.773873e-03  -1.712570e-02   0.000000e+00
 0.000000e+00   0.000000e+00   1.322713e-03   0.000000e+00   0.000000e+00   2.773873e-03   4.945453e-02  -3.566874e-02   0.000000e+00
 0.000000e+00   0.000000e+00  -5.947545e-03   0.000000e+00   0.000000e+00  -1.712570e-02  -3.566874e-02   1.879255e-01   0.000000e+00
 6.063629e-05   3.438968e-04   0.000000e+00   9.816919e-04   1.709570e-03   0.000000e+00   0.000000e+00   0.000000e+00   4.067748e-02

# timestamp: 1774889229.8490872
 8.915146e-04   2.904425e-05   0.000000e+00   2.624192e-04   5.825433e-05   0.000000e+00   0.000000e+00   0.000000e+00   9.252721e-05
 2.904425e-05   9.714517e-04   0.000000e+00   6.223684e-05   4.017443e-04   0.000000e+00   0.000000e+00   0.000000e+00   3.991702e-04
 0.000000e+00   0.000000e+00   1.397436e-03   0.000000e+00   0.000000e+00   1.345495e-03   1.410174e-03  -6.492779e-03   0.000000e+00
 2.624192e-04   6.223684e-05   0.000000e+00   4.684846e-04   1.532138e-04   0.000000e+00   0.000000e+00   0.000000e+00   1.078828e-03
 5.825433e-05   4.017443e-04   0.000000e+00   1.532138e-04   7.350833e-04   0.000000e+00   0.000000e+00   0.000000e+00   1.851768e-03
 0.000000e+00   0.000000e+00   1.345495e-03   0.000000e+00   0.000000e+00   2.951429e-03   2.775238e-03  -1.767581e-02   0.000000e+00
 0.000000e+00   0.000000e+00   1.410174e-03   0.000000e+00   0.000000e+00   2.775238e-03   5.260649e-02  -3.566874e-02   0.000000e+00
 0.000000e+00   0.000000e+00  -6.492779e-03   0.000000e+00   0.000000e+00  -1.767581e-02  -3.566874e-02   1.910775e-01   0.000000e+00
 9.252721e-05   3.991702e-04   0.000000e+00   1.078828e-03   1.851768e-03   0.000000e+00   0.000000e+00   0.000000e+00   4.382945e-02

# timestamp: 1774889230.1234622
 8.403048e-04   2.889562e-05   0.000000e+00   2.520076e-04   6.065388e-05   0.000000e+00   0.000000e+00   0.000000e+00   1.546478e-04
 2.889562e-05   9.066349e-04   0.000000e+00   6.364297e-05   3.717885e-04   0.000000e+00   0.000000e+00   0.000000e+00   3.537310e-04
 0.000000e+00   0.000000e+00   1.265349e-03   0.000000e+00   0.000000e+00   1.214985e-03   8.496122e-04  -5.944773e-03   0.000000e+00
 2.520076e-04   6.364297e-05   0.000000e+00   4.758867e-04   1.607439e-04   0.000000e+00   0.000000e+00   0.000000e+00   1.106040e-03
 6.065388e-05   3.717885e-04   0.000000e+00   1.607439e-04   7.110065e-04   0.000000e+00   0.000000e+00   0.000000e+00   1.652658e-03
 0.000000e+00   0.000000e+00   1.214985e-03   0.000000e+00   0.000000e+00   2.819940e-03   1.609652e-03  -1.722780e-02   0.000000e+00
 0.000000e+00   0.000000e+00   8.496122e-04   0.000000e+00   0.000000e+00   1.609652e-03   4.496728e-02  -2.479290e-02   0.000000e+00
 0.000000e+00   0.000000e+00  -5.944773e-03   0.000000e+00   0.000000e+00  -1.722780e-02  -2.479290e-02   1.917784e-01   0.000000e+00
 1.546478e-04   3.537310e-04   0.000000e+00   1.106040e-03   1.652658e-03   0.000000e+00   0.000000e+00   0.000000e+00   4.065958e-02

# timestamp: 1774889230.1556945
 8.873815e-04   3.291038e-05   0.000000e+00   2.673069e-04   6.622048e-05   0.000000e+00   0.000000e+00   0.000000e+00   1.894761e-04
 3.291038e-05   9.613700e-04   0.000000e+00   6.961999e-05   3.951366e-04   0.000000e+00   0.000000e+00   0.000000e+00   4.056289e-04
 0.000000e+00   0.000000e+00   1.374543e-03   0.000000e+00   0.000000e+00   1.319827e-03   8.992843e-04  -6.481441e-03   0.000000e+00
 2.673069e-04   6.961999e-05   0.000000e+00   4.845690e-04   1.683277e-04   0.000000e+00   0.000000e+00   0.000000e+00   1.210250e-03
 6.622048e-05   3.951366e-04   0.000000e+00   1.683277e-04   7.243213e-04   0.000000e+00   0.000000e+00   0.000000e+00   1.781273e-03
 0.000000e+00   0.000000e+00   1.319827e-03   0.000000e+00   0.000000e+00   2.919430e-03   1.568821e-03  -1.774625e-02   0.000000e+00
 0.000000e+00   0.000000e+00   8.992843e-04   0.000000e+00   0.000000e+00   1.568821e-03   4.806648e-02  -2.479290e-02   0.000000e+00
 0.000000e+00   0.000000e+00  -6.481441e-03   0.000000e+00   0.000000e+00  -1.774625e-02  -2.479290e-02   1.948776e-01   0.000000e+00
 1.894761e-04   4.056289e-04   0.000000e+00   1.210250e-03   1.781273e-03   0.000000e+00   0.000000e+00   0.000000e+00   4.375878e-02

# timestamp: 1774889230.183124
 8.962685e-04   2.858803e-05   0.000000e+00   2.540686e-04   4.303159e-05   0.000000e+00   0.000000e+00   0.000000e+00  -3.971509e-04
 2.858803e-05   9.667627e-04   0.000000e+00   6.879177e-05   3.946913e-04   0.000000e+00   0.000000e+00   0.000000e+00   3.664076e-04
 0.000000e+00   0.000000e+00   1.432062e-03   0.000000e+00   0.000000e+00   1.373522e-03   1.835167e-03  -7.024916e-03   0.000000e+00
 2.540686e-04   6.879177e-05   0.000000e+00   4.792599e-04   1.633620e-04   0.000000e+00   0.000000e+00   0.000000e+00   1.071619e-03
 4.303159e-05   3.946913e-04   0.000000e+00   1.633620e-04   7.200161e-04   0.000000e+00   0.000000e+00   0.000000e+00   1.740683e-03
 0.000000e+00   0.000000e+00   1.373522e-03   0.000000e+00   0.000000e+00   2.967621e-03   2.269173e-03  -1.825649e-02   0.000000e+00
 0.000000e+00   0.000000e+00   1.835167e-03   0.000000e+00   0.000000e+00   2.269173e-03   4.933520e-02  -2.736791e-02   0.000000e+00
 0.000000e+00   0.000000e+00  -7.024916e-03   0.000000e+00   0.000000e+00  -1.825649e-02  -2.736791e-02   1.991049e-01   0.000000e+00
-3.971509e-04   3.664076e-04   0.000000e+00   1.071619e-03   1.740683e-03   0.000000e+00   0.000000e+00   0.000000e+00   4.404768e-02

# timestamp: 1774889230.4979959
 8.181149e-04   3.112183e-05   0.000000e+00   2.522529e-04   6.608236e-05   0.000000e+00   0.000000e+00   0.000000e+00   1.602786e-04
 3.112183e-05   8.731909e-04   0.000000e+00   6.857351e-05   3.522820e-04   0.000000e+00   0.000000e+00   0.000000e+00   3.121290e-04
 0.000000e+00   0.000000e+00   1.196071e-03   0.000000e+00   0.000000e+00   1.135307e-03   2.195073e-04  -5.584936e-03   0.000000e+00
 2.522529e-04   6.857351e-05   0.000000e+00   4.940126e-04   1.722562e-04   0.000000e+00   0.000000e+00   0.000000e+00   1.159726e-03
 6.608236e-05   3.522820e-04   0.000000e+00   1.722562e-04   6.839286e-04   0.000000e+00   0.000000e+00   0.000000e+00   1.459269e-03
 0.000000e+00   0.000000e+00   1.135307e-03   0.000000e+00   0.000000e+00   2.717825e-03  -1.873410e-04  -1.678612e-02   0.000000e+00
 0.000000e+00   0.000000e+00   2.195073e-04   0.000000e+00   0.000000e+00  -1.873410e-04   3.952193e-02  -7.138271e-03   0.000000e+00
 0.000000e+00   0.000000e+00  -5.584936e-03   0.000000e+00   0.000000e+00  -1.678612e-02  -7.138271e-03   1.916578e-01   0.000000e+00
 1.602786e-04   3.121290e-04   0.000000e+00   1.159726e-03   1.459269e-03   0.000000e+00   0.000000e+00   0.000000e+00   3.887264e-02

# timestamp: 1774889230.524605
 8.575556e-04   3.474757e-05   0.000000e+00   2.655594e-04   7.101655e-05   0.000000e+00   0.000000e+00   0.000000e+00   1.911356e-04
 3.474757e-05   9.179656e-04   0.000000e+00   7.381000e-05   3.709214e-04   0.000000e+00   0.000000e+00   0.000000e+00   3.508235e-04
 0.000000e+00   0.000000e+00   1.283128e-03   0.000000e+00   0.000000e+00   1.219459e-03   2.140464e-04  -6.024757e-03   0.000000e+00
 2.655594e-04   7.381000e-05   0.000000e+00   5.016657e-04   1.781329e-04   0.000000e+00   0.000000e+00   0.000000e+00   1.245124e-03
 7.101655e-05   3.709214e-04   0.000000e+00   1.781329e-04   6.933204e-04   0.000000e+00   0.000000e+00   0.000000e+00   1.550956e-03
 0.000000e+00   0.000000e+00   1.219459e-03   0.000000e+00   0.000000e+00   2.798088e-03  -2.579913e-04  -1.720767e-02   0.000000e+00
 0.000000e+00   0.000000e+00   2.140464e-04   0.000000e+00   0.000000e+00  -2.579913e-04   4.212074e-02  -7.138271e-03   0.000000e+00
 0.000000e+00   0.000000e+00  -6.024757e-03   0.000000e+00   0.000000e+00  -1.720767e-02  -7.138271e-03   1.942567e-01   0.000000e+00
 1.911356e-04   3.508235e-04   0.000000e+00   1.245124e-03   1.550956e-03   0.000000e+00   0.000000e+00   0.000000e+00   4.147145e-02

# timestamp: 1774889230.542676
 8.980342e-04   3.867697e-05   0.000000e+00   2.792511e-04   7.622458e-05   0.000000e+00   0.000000e+00   0.000000e+00   2.245548e-04
 3.867697e-05   9.641054e-04   0.000000e+00   7.933466e-05   3.900603e-04   0.000000e+00   0.000000e+00   0.000000e+00   3.923156e-04
 0.000000e+00   0.000000e+00   1.375422e-03   0.000000e+00   0.000000e+00   1.307489e-03   2.066261e-04  -6.479457e-03   0.000000e+00
 2.792511e-04   7.933466e-05   0.000000e+00   5.097583e-04   1.844619e-04   0.000000e+00   0.000000e+00   0.000000e+00   1.336751e-03
 7.622458e-05   3.900603e-04   0.000000e+00   1.844619e-04   7.032234e-04   0.000000e+00   0.000000e+00   0.000000e+00   1.649331e-03
 0.000000e+00   0.000000e+00   1.307489e-03   0.000000e+00   0.000000e+00   2.881279e-03  -3.347464e-04  -1.763868e-02   0.000000e+00
 0.000000e+00   0.000000e+00   2.066261e-04   0.000000e+00   0.000000e+00  -3.347464e-04   4.474137e-02  -7.138271e-03   0.000000e+00
 0.000000e+00   0.000000e+00  -6.479457e-03   0.000000e+00   0.000000e+00  -1.763868e-02  -7.138271e-03   1.968773e-01   0.000000e+00
 2.245548e-04   3.923156e-04   0.000000e+00   1.336751e-03   1.649331e-03   0.000000e+00   0.000000e+00   0.000000e+00   4.409208e-02

# timestamp: 1774889230.5899704
 8.126372e-04   3.170514e-05   0.000000e+00   2.526833e-04   6.746166e-05   0.000000e+00   0.000000e+00   0.000000e+00   1.888486e-04
 3.170514e-05   8.655511e-04   0.000000e+00   6.971664e-05   3.480293e-04   0.000000e+00   0.000000e+00   0.000000e+00   3.080595e-04
 0.000000e+00   0.000000e+00   1.184563e-03   0.000000e+00   0.000000e+00   1.126927e-03   2.832485e-05  -5.569625e-03   0.000000e+00
 2.526833e-04   6.971664e-05   0.000000e+00   4.979452e-04   1.738170e-04   0.000000e+00   0.000000e+00   0.000000e+00   1.171190e-03
 6.746166e-05   3.480293e-04   0.000000e+00   1.738170e-04   6.766340e-04   0.000000e+00   0.000000e+00   0.000000e+00   1.416370e-03
 0.000000e+00   0.000000e+00   1.126927e-03   0.000000e+00   0.000000e+00   2.709127e-03  -6.657886e-04  -1.675339e-02   0.000000e+00
 0.000000e+00   0.000000e+00   2.832485e-05   0.000000e+00   0.000000e+00  -6.657886e-04   3.901762e-02  -2.511470e-03   0.000000e+00
 0.000000e+00   0.000000e+00  -5.569625e-03   0.000000e+00   0.000000e+00  -1.675339e-02  -2.511470e-03   1.915851e-01   0.000000e+00
 1.888486e-04   3.080595e-04   0.000000e+00   1.171190e-03   1.416370e-03   0.000000e+00   0.000000e+00   0.000000e+00   3.866588e-02

# timestamp: 1774889230.9425132
 9.145526e-04   4.437772e-05   0.000000e+00   2.929219e-04   8.401611e-05   0.000000e+00   0.000000e+00   0.000000e+00   2.329903e-04
 4.437772e-05   9.726874e-04   0.000000e+00   8.866691e-05   3.864103e-04   0.000000e+00   0.000000e+00   0.000000e+00   4.072793e-04
 0.000000e+00   0.000000e+00   1.407410e-03   0.000000e+00   0.000000e+00   1.346424e-03  -6.096702e-04  -6.693809e-03   0.000000e+00
 2.929219e-04   8.866691e-05   0.000000e+00   5.343829e-04   1.954635e-04   0.000000e+00   0.000000e+00   0.000000e+00   1.441003e-03
 8.401611e-05   3.864103e-04   0.000000e+00   1.954635e-04   6.798912e-04   0.000000e+00   0.000000e+00   0.000000e+00   1.570646e-03
 0.000000e+00   0.000000e+00   1.346424e-03   0.000000e+00   0.000000e+00   2.934392e-03  -2.574711e-03  -1.777124e-02   0.000000e+00
 0.000000e+00   0.000000e+00  -6.096702e-04   0.000000e+00   0.000000e+00  -2.574711e-03   4.628689e-02   1.346375e-02   0.000000e+00
 0.000000e+00   0.000000e+00  -6.693809e-03   0.000000e+00   0.000000e+00  -1.777124e-02   1.346375e-02   1.946995e-01   0.000000e+00
 2.329903e-04   4.072793e-04   0.000000e+00   1.441003e-03   1.570646e-03   0.000000e+00   0.000000e+00   0.000000e+00   4.465485e-02

# timestamp: 1774889230.9906824
 9.045704e-04   4.494347e-05   0.000000e+00   3.083961e-04   1.019851e-04   0.000000e+00   0.000000e+00   0.000000e+00   7.870110e-04
 4.494347e-05   9.428312e-04   0.000000e+00   8.246852e-05   3.692124e-04   0.000000e+00   0.000000e+00   0.000000e+00   2.492464e-04
 0.000000e+00   0.000000e+00   1.328969e-03   0.000000e+00   0.000000e+00   1.253488e-03  -1.502775e-03  -5.671976e-03   0.000000e+00
 3.083961e-04   8.246852e-05   0.000000e+00   5.453595e-04   1.990484e-04   0.000000e+00   0.000000e+00   0.000000e+00   1.590078e-03
 1.019851e-04   3.692124e-04   0.000000e+00   1.990484e-04   6.705697e-04   0.000000e+00   0.000000e+00   0.000000e+00   1.504069e-03
 0.000000e+00   0.000000e+00   1.253488e-03   0.000000e+00   0.000000e+00   2.829892e-03  -3.603176e-03  -1.666304e-02   0.000000e+00
 0.000000e+00   0.000000e+00  -1.502775e-03   0.000000e+00   0.000000e+00  -3.603176e-03   4.674204e-02   1.970994e-02   0.000000e+00
 0.000000e+00   0.000000e+00  -5.671976e-03   0.000000e+00   0.000000e+00  -1.666304e-02   1.970994e-02   1.853766e-01   0.000000e+00
 7.870110e-04   2.492464e-04   0.000000e+00   1.590078e-03   1.504069e-03   0.000000e+00   0.000000e+00   0.000000e+00   4.361044e-02

# timestamp: 1774889231.258802
 9.214136e-04   4.889876e-05   0.000000e+00   3.064042e-04   9.068678e-05   0.000000e+00   0.000000e+00   0.000000e+00   2.966831e-04
 4.889876e-05   9.740130e-04   0.000000e+00   1.018885e-04   3.843916e-04   0.000000e+00   0.000000e+00   0.000000e+00   5.609547e-04
 0.000000e+00   0.000000e+00   1.449306e-03   0.000000e+00   0.000000e+00   1.404291e-03  -1.874241e-03  -6.589637e-03   0.000000e+00
 3.064042e-04   1.018885e-04   0.000000e+00   5.729216e-04   2.097472e-04   0.000000e+00   0.000000e+00   0.000000e+00   1.749352e-03
 9.068678e-05   3.843916e-04   0.000000e+00   2.097472e-04   6.596824e-04   0.000000e+00   0.000000e+00   0.000000e+00   1.503522e-03
 0.000000e+00   0.000000e+00   1.404291e-03   0.000000e+00   0.000000e+00   2.971122e-03  -5.811880e-03  -1.615508e-02   0.000000e+00
 0.000000e+00   0.000000e+00  -1.874241e-03   0.000000e+00   0.000000e+00  -5.811880e-03   5.813852e-02   3.682689e-02   0.000000e+00
 0.000000e+00   0.000000e+00  -6.589637e-03   0.000000e+00   0.000000e+00  -1.615508e-02   3.682689e-02   1.633089e-01   0.000000e+00
 2.966831e-04   5.609547e-04   0.000000e+00   1.749352e-03   1.503522e-03   0.000000e+00   0.000000e+00   0.000000e+00   4.493723e-02

# timestamp: 1774889231.2978365
 8.817483e-04   4.165819e-05   0.000000e+00   3.083454e-04   9.636159e-05   0.000000e+00   0.000000e+00   0.000000e+00   6.948663e-04
 4.165819e-05   9.124867e-04   0.000000e+00   7.821172e-05   3.464882e-04   0.000000e+00   0.000000e+00   0.000000e+00   6.762825e-05
 0.000000e+00   0.000000e+00   1.237761e-03   0.000000e+00   0.000000e+00   1.112507e-03  -2.168893e-03  -3.938785e-03   0.000000e+00
 3.083454e-04   7.821172e-05   0.000000e+00   5.747349e-04   2.012784e-04   0.000000e+00   0.000000e+00   0.000000e+00   1.756805e-03
 9.636159e-05   3.464882e-04   0.000000e+00   2.012784e-04   6.375355e-04   0.000000e+00   0.000000e+00   0.000000e+00   1.251259e-03
 0.000000e+00   0.000000e+00   1.112507e-03   0.000000e+00   0.000000e+00   2.584453e-03  -6.234034e-03  -1.271282e-02   0.000000e+00
 0.000000e+00   0.000000e+00  -2.168893e-03   0.000000e+00   0.000000e+00  -6.234034e-03   6.015141e-02   3.856590e-02   0.000000e+00
 0.000000e+00   0.000000e+00  -3.938785e-03   0.000000e+00   0.000000e+00  -1.271282e-02   3.856590e-02   1.348734e-01   0.000000e+00
 6.948663e-04   6.762825e-05   0.000000e+00   1.756805e-03   1.251259e-03   0.000000e+00   0.000000e+00   0.000000e+00   4.182725e-02

# timestamp: 1774889231.3551044
 9.278999e-04   5.170692e-05   0.000000e+00   3.161361e-04   9.492280e-05   0.000000e+00   0.000000e+00   0.000000e+00   3.823374e-04
 5.170692e-05   9.776299e-04   0.000000e+00   1.083380e-04   3.839415e-04   0.000000e+00   0.000000e+00   0.000000e+00   5.897479e-04
 0.000000e+00   0.000000e+00   1.444343e-03   0.000000e+00   0.000000e+00   1.374260e-03  -2.416148e-03  -5.801376e-03   0.000000e+00
 3.161361e-04   1.083380e-04   0.000000e+00   5.974948e-04   2.169456e-04   0.000000e+00   0.000000e+00   0.000000e+00   1.936823e-03
 9.492280e-05   3.839415e-04   0.000000e+00   2.169456e-04   6.510047e-04   0.000000e+00   0.000000e+00   0.000000e+00   1.456500e-03
 0.000000e+00   0.000000e+00   1.374260e-03   0.000000e+00   0.000000e+00   2.873662e-03  -7.110704e-03  -1.395931e-02   0.000000e+00
 0.000000e+00   0.000000e+00  -2.416148e-03   0.000000e+00   0.000000e+00  -7.110704e-03   6.731524e-02   4.142403e-02   0.000000e+00
 0.000000e+00   0.000000e+00  -5.801376e-03   0.000000e+00   0.000000e+00  -1.395931e-02   4.142403e-02   1.355803e-01   0.000000e+00
 3.823374e-04   5.897479e-04   0.000000e+00   1.936823e-03   1.456500e-03   0.000000e+00   0.000000e+00   0.000000e+00   4.514051e-02

# timestamp: 1774889231.6110141
 8.860525e-04   4.908805e-05   0.000000e+00   3.176067e-04   9.248469e-05   0.000000e+00   0.000000e+00   0.000000e+00   4.293278e-04
 4.908805e-05   9.182890e-04   0.000000e+00   1.038678e-04   3.496655e-04   0.000000e+00   0.000000e+00   0.000000e+00   3.925468e-04
 0.000000e+00   0.000000e+00   1.254986e-03   0.000000e+00   0.000000e+00   1.112147e-03  -2.738386e-03  -2.906507e-03   0.000000e+00
 3.176067e-04   1.038678e-04   0.000000e+00   6.433186e-04   2.149596e-04   0.000000e+00   0.000000e+00   0.000000e+00   2.080652e-03
 9.248469e-05   3.496655e-04   0.000000e+00   2.149596e-04   6.100415e-04   0.000000e+00   0.000000e+00   0.000000e+00   1.145359e-03
 0.000000e+00   0.000000e+00   1.112147e-03   0.000000e+00   0.000000e+00   2.495280e-03  -8.981187e-03  -7.928508e-03   0.000000e+00
 0.000000e+00   0.000000e+00  -2.738386e-03   0.000000e+00   0.000000e+00  -8.981187e-03   8.993870e-02   3.562681e-02   0.000000e+00
 0.000000e+00   0.000000e+00  -2.906507e-03   0.000000e+00   0.000000e+00  -7.928508e-03   3.562681e-02   7.494650e-02   0.000000e+00
 4.293278e-04   3.925468e-04   0.000000e+00   2.080652e-03   1.145359e-03   0.000000e+00   0.000000e+00   0.000000e+00   4.242335e-02

# timestamp: 1774889231.6591897
 9.606234e-04   5.837189e-05   0.000000e+00   3.500653e-04   1.035713e-04   0.000000e+00   0.000000e+00   0.000000e+00   5.269647e-04
 5.837189e-05   9.955919e-04   0.000000e+00   1.163901e-04   3.782807e-04   0.000000e+00   0.000000e+00   0.000000e+00   4.456364e-04
 0.000000e+00   0.000000e+00   1.405179e-03   0.000000e+00   0.000000e+00   1.253477e-03  -3.151137e-03  -3.268114e-03   0.000000e+00
 3.500653e-04   1.163901e-04   0.000000e+00   6.758841e-04   2.282566e-04   0.000000e+00   0.000000e+00   0.000000e+00   2.366919e-03
 1.035713e-04   3.782807e-04   0.000000e+00   2.282566e-04   6.206809e-04   0.000000e+00   0.000000e+00   0.000000e+00   1.261423e-03
 0.000000e+00   0.000000e+00   1.253477e-03   0.000000e+00   0.000000e+00   2.659302e-03  -9.659168e-03  -8.353171e-03   0.000000e+00
 0.000000e+00   0.000000e+00  -3.151137e-03   0.000000e+00   0.000000e+00  -9.659168e-03   9.441341e-02   3.562681e-02   0.000000e+00
 0.000000e+00   0.000000e+00  -3.268114e-03   0.000000e+00   0.000000e+00  -8.353171e-03   3.562681e-02   7.942121e-02   0.000000e+00
 5.269647e-04   4.456364e-04   0.000000e+00   2.366919e-03   1.261423e-03   0.000000e+00   0.000000e+00   0.000000e+00   4.689806e-02

# timestamp: 1774889231.692127
 8.335786e-04   4.328785e-05   0.000000e+00   3.007745e-04   8.550122e-05   0.000000e+00   0.000000e+00   0.000000e+00   3.810774e-04
 4.328785e-05   8.590548e-04   0.000000e+00   9.491642e-05   3.234709e-04   0.000000e+00   0.000000e+00   0.000000e+00   3.076714e-04
 0.000000e+00   0.000000e+00   1.137024e-03   0.000000e+00   0.000000e+00   9.942655e-04  -2.580462e-03  -2.193619e-03   0.000000e+00
 3.007745e-04   9.491642e-05   0.000000e+00   6.421712e-04   2.074527e-04   0.000000e+00   0.000000e+00   0.000000e+00   1.951666e-03
 8.550122e-05   3.234709e-04   0.000000e+00   2.074527e-04   5.922309e-04   0.000000e+00   0.000000e+00   0.000000e+00   1.013923e-03
 0.000000e+00   0.000000e+00   9.942655e-04   0.000000e+00   0.000000e+00   2.383692e-03  -9.235933e-03  -6.575490e-03   0.000000e+00
 0.000000e+00   0.000000e+00  -2.580462e-03   0.000000e+00   0.000000e+00  -9.235933e-03   9.481602e-02   3.256581e-02   0.000000e+00
 0.000000e+00   0.000000e+00  -2.193619e-03   0.000000e+00   0.000000e+00  -6.575490e-03   3.256581e-02   6.198482e-02   0.000000e+00
 3.810774e-04   3.076714e-04   0.000000e+00   1.951666e-03   1.013923e-03   0.000000e+00   0.000000e+00   0.000000e+00   3.882730e-02

# timestamp: 1774889231.940121
 9.261766e-04   5.447030e-05   0.000000e+00   3.538292e-04   1.011482e-04   0.000000e+00   0.000000e+00   0.000000e+00   5.202975e-04
 5.447030e-05   9.417936e-04   0.000000e+00   1.077455e-04   3.466103e-04   0.000000e+00   0.000000e+00   0.000000e+00   3.066992e-04
 0.000000e+00   0.000000e+00   1.305534e-03   0.000000e+00   0.000000e+00   1.193190e-03  -3.669507e-03  -2.148551e-03   0.000000e+00
 3.538292e-04   1.077455e-04   0.000000e+00   7.121111e-04   2.275986e-04   0.000000e+00   0.000000e+00   0.000000e+00   2.298478e-03
 1.011482e-04   3.466103e-04   0.000000e+00   2.275986e-04   5.906665e-04   0.000000e+00   0.000000e+00   0.000000e+00   1.160375e-03
 0.000000e+00   0.000000e+00   1.193190e-03   0.000000e+00   0.000000e+00   2.767675e-03  -1.203060e-02  -6.344599e-03   0.000000e+00
 0.000000e+00   0.000000e+00  -3.669507e-03   0.000000e+00   0.000000e+00  -1.203060e-02   1.154176e-01   3.203527e-02   0.000000e+00
 0.000000e+00   0.000000e+00  -2.148551e-03   0.000000e+00   0.000000e+00  -6.344599e-03   3.203527e-02   6.010003e-02   0.000000e+00
 5.202975e-04   3.066992e-04   0.000000e+00   2.298478e-03   1.160375e-03   0.000000e+00   0.000000e+00   0.000000e+00   4.393528e-02

# timestamp: 1774889231.976769
 9.940148e-04   6.302454e-05   0.000000e+00   3.850097e-04   1.118034e-04   0.000000e+00   0.000000e+00   0.000000e+00   6.136004e-04
 6.302454e-05   1.008817e-03   0.000000e+00   1.185221e-04   3.707756e-04   0.000000e+00   0.000000e+00   0.000000e+00   3.539281e-04
 0.000000e+00   0.000000e+00   1.442790e-03   0.000000e+00   0.000000e+00   1.330152e-03  -4.149676e-03  -2.401346e-03   0.000000e+00
 3.850097e-04   1.185221e-04   0.000000e+00   7.405059e-04   2.404116e-04   0.000000e+00   0.000000e+00   0.000000e+00   2.533242e-03
 1.118034e-04   3.707756e-04   0.000000e+00   2.404116e-04   6.012662e-04   0.000000e+00   0.000000e+00   0.000000e+00   1.287100e-03
 0.000000e+00   0.000000e+00   1.330152e-03   0.000000e+00   0.000000e+00   2.932731e-03  -1.271564e-02  -6.678071e-03   0.000000e+00
 0.000000e+00   0.000000e+00  -4.149676e-03   0.000000e+00   0.000000e+00  -1.271564e-02   1.193208e-01   3.203527e-02   0.000000e+00
 0.000000e+00   0.000000e+00  -2.401346e-03   0.000000e+00   0.000000e+00  -6.678071e-03   3.203527e-02   6.400327e-02   0.000000e+00
 6.136004e-04   3.539281e-04   0.000000e+00   2.533242e-03   1.287100e-03   0.000000e+00   0.000000e+00   0.000000e+00   4.783853e-02

# timestamp: 1774889232.04132
 9.399044e-04   5.609879e-05   0.000000e+00   3.659018e-04   1.041580e-04   0.000000e+00   0.000000e+00   0.000000e+00   5.406355e-04
 5.609879e-05   9.489539e-04   0.000000e+00   1.090301e-04   3.455354e-04   0.000000e+00   0.000000e+00   0.000000e+00   2.981700e-04
 0.000000e+00   0.000000e+00   1.335582e-03   0.000000e+00   0.000000e+00   1.252801e-03  -4.069632e-03  -2.166987e-03   0.000000e+00
 3.659018e-04   1.090301e-04   0.000000e+00   7.309755e-04   2.322715e-04   0.000000e+00   0.000000e+00   0.000000e+00   2.326434e-03
 1.041580e-04   3.455354e-04   0.000000e+00   2.322715e-04   5.862672e-04   0.000000e+00   0.000000e+00   0.000000e+00   1.189375e-03
 0.000000e+00   0.000000e+00   1.252801e-03   0.000000e+00   0.000000e+00   2.930247e-03  -1.312847e-02  -6.504378e-03   0.000000e+00
 0.000000e+00   0.000000e+00  -4.069632e-03   0.000000e+00   0.000000e+00  -1.312847e-02   1.221946e-01   3.396330e-02   0.000000e+00
 0.000000e+00   0.000000e+00  -2.166987e-03   0.000000e+00   0.000000e+00  -6.504378e-03   3.396330e-02   6.018837e-02   0.000000e+00
 5.406355e-04   2.981700e-04   0.000000e+00   2.326434e-03   1.189375e-03   0.000000e+00   0.000000e+00   0.000000e+00   4.424581e-02

# timestamp: 1774889232.3766298
 1.000350e-03   6.281497e-05   0.000000e+00   4.066676e-04   1.131327e-04   0.000000e+00   0.000000e+00   0.000000e+00   5.271971e-04
 6.281497e-05   9.896110e-04   0.000000e+00   1.185270e-04   3.513304e-04   0.000000e+00   0.000000e+00   0.000000e+00   3.919500e-04
 0.000000e+00   0.000000e+00   1.478997e-03   0.000000e+00   0.000000e+00   1.482867e-03  -4.906865e-03  -2.933850e-03   0.000000e+00
 4.066676e-04   1.185270e-04   0.000000e+00   7.840290e-04   2.443137e-04   0.000000e+00   0.000000e+00   0.000000e+00   2.443434e-03
 1.131327e-04   3.513304e-04   0.000000e+00   2.443137e-04   5.761991e-04   0.000000e+00   0.000000e+00   0.000000e+00   1.263555e-03
 0.000000e+00   0.000000e+00   1.482867e-03   0.000000e+00   0.000000e+00   3.431431e-03  -1.510431e-02  -8.413377e-03   0.000000e+00
 0.000000e+00   0.000000e+00  -4.906865e-03   0.000000e+00   0.000000e+00  -1.510431e-02   1.269606e-01   4.408022e-02   0.000000e+00
 0.000000e+00   0.000000e+00  -2.933850e-03   0.000000e+00   0.000000e+00  -8.413377e-03   4.408022e-02   7.194443e-02   0.000000e+00
 5.271971e-04   3.919500e-04   0.000000e+00   2.443434e-03   1.263555e-03   0.000000e+00   0.000000e+00   0.000000e+00   4.689247e-02

# timestamp: 1774889232.603415
 8.873962e-04   4.935082e-05   0.000000e+00   3.673837e-04   9.683114e-05   0.000000e+00   0.000000e+00   0.000000e+00   4.364045e-04
 4.935082e-05   8.676159e-04   0.000000e+00   9.940359e-05   3.010018e-04   0.000000e+00   0.000000e+00   0.000000e+00   2.489090e-04
 0.000000e+00   0.000000e+00   1.270476e-03   0.000000e+00   0.000000e+00   1.329600e-03  -4.398718e-03  -2.950254e-03   0.000000e+00
 3.673837e-04   9.940359e-05   0.000000e+00   7.625734e-04   2.211639e-04   0.000000e+00   0.000000e+00   0.000000e+00   2.052797e-03
 9.683114e-05   3.010018e-04   0.000000e+00   2.211639e-04   5.407402e-04   0.000000e+00   0.000000e+00   0.000000e+00   9.732306e-04
 0.000000e+00   0.000000e+00   1.329600e-03   0.000000e+00   0.000000e+00   3.383009e-03  -1.450282e-02  -9.432186e-03   0.000000e+00
 0.000000e+00   0.000000e+00  -4.398718e-03   0.000000e+00   0.000000e+00  -1.450282e-02   1.169734e-01   5.260424e-02   0.000000e+00
 0.000000e+00   0.000000e+00  -2.950254e-03   0.000000e+00   0.000000e+00  -9.432186e-03   5.260424e-02   7.722229e-02   0.000000e+00
 4.364045e-04   2.489090e-04   0.000000e+00   2.052797e-03   9.732306e-04   0.000000e+00   0.000000e+00   0.000000e+00   4.044229e-02

# timestamp: 1774889232.6225832
 9.198070e-04   5.306737e-05   0.000000e+00   3.826662e-04   1.014366e-04   0.000000e+00   0.000000e+00   0.000000e+00   4.748816e-04
 5.306737e-05   8.974833e-04   0.000000e+00   1.041337e-04   3.113300e-04   0.000000e+00   0.000000e+00   0.000000e+00   2.671399e-04
 0.000000e+00   0.000000e+00   1.339559e-03   0.000000e+00   0.000000e+00   1.406663e-03  -4.668927e-03  -3.125942e-03   0.000000e+00
 3.826662e-04   1.041337e-04   0.000000e+00   7.742238e-04   2.256855e-04   0.000000e+00   0.000000e+00   0.000000e+00   2.150323e-03
 1.014366e-04   3.113300e-04   0.000000e+00   2.256855e-04   5.446781e-04   0.000000e+00   0.000000e+00   0.000000e+00   1.017064e-03
 0.000000e+00   0.000000e+00   1.406663e-03   0.000000e+00   0.000000e+00   3.473237e-03  -1.483389e-02  -9.637200e-03   0.000000e+00
 0.000000e+00   0.000000e+00  -4.668927e-03   0.000000e+00   0.000000e+00  -1.483389e-02   1.188260e-01   5.260424e-02   0.000000e+00
 0.000000e+00   0.000000e+00  -3.125942e-03   0.000000e+00   0.000000e+00  -9.637200e-03   5.260424e-02   7.907490e-02   0.000000e+00
 4.748816e-04   2.671399e-04   0.000000e+00   2.150323e-03   1.017064e-03   0.000000e+00   0.000000e+00   0.000000e+00   4.229490e-02

# timestamp: 1774889232.6419787
 9.593917e-04   5.775188e-05   0.000000e+00   4.013892e-04   1.071236e-04   0.000000e+00   0.000000e+00   0.000000e+00   5.234939e-04
 5.775188e-05   9.337723e-04   0.000000e+00   1.099728e-04   3.238256e-04   0.000000e+00   0.000000e+00   0.000000e+00   2.901118e-04
 0.000000e+00   0.000000e+00   1.426173e-03   0.000000e+00   0.000000e+00   1.502339e-03  -5.001097e-03  -3.341650e-03   0.000000e+00
 4.013892e-04   1.099728e-04   0.000000e+00   7.887946e-04   2.313781e-04   0.000000e+00   0.000000e+00   0.000000e+00   2.272612e-03
 1.071236e-04   3.238256e-04   0.000000e+00   2.313781e-04   5.495196e-04   0.000000e+00   0.000000e+00   0.000000e+00   1.072026e-03
 0.000000e+00   0.000000e+00   1.502339e-03   0.000000e+00   0.000000e+00   3.583949e-03  -1.523597e-02  -9.885262e-03   0.000000e+00
 0.000000e+00   0.000000e+00  -5.001097e-03   0.000000e+00   0.000000e+00  -1.523597e-02   1.210455e-01   5.260424e-02   0.000000e+00
 0.000000e+00   0.000000e+00  -3.341650e-03   0.000000e+00   0.000000e+00  -9.885262e-03   5.260424e-02   8.129438e-02   0.000000e+00
 5.234939e-04   2.901118e-04   0.000000e+00   2.272612e-03   1.072026e-03   0.000000e+00   0.000000e+00   0.000000e+00   4.451438e-02

# timestamp: 1774889232.6641624
 9.999717e-04   6.271525e-05   0.000000e+00   4.206552e-04   1.130252e-04   0.000000e+00   0.000000e+00   0.000000e+00   5.750645e-04
 6.271525e-05   9.707595e-04   0.000000e+00   1.160303e-04   3.365077e-04   0.000000e+00   0.000000e+00   0.000000e+00   3.144175e-04
 0.000000e+00   0.000000e+00   1.517460e-03   0.000000e+00   0.000000e+00   1.602098e-03  -5.343549e-03  -3.563735e-03   0.000000e+00
 4.206552e-04   1.160303e-04   0.000000e+00   8.041247e-04   2.374087e-04   0.000000e+00   0.000000e+00   0.000000e+00   2.401595e-03
 1.130252e-04   3.365077e-04   0.000000e+00   2.374087e-04   5.545218e-04   0.000000e+00   0.000000e+00   0.000000e+00   1.129997e-03
 0.000000e+00   0.000000e+00   1.602098e-03   0.000000e+00   0.000000e+00   3.697986e-03  -1.564581e-02  -1.013707e-02   0.000000e+00
 0.000000e+00   0.000000e+00  -5.343549e-03   0.000000e+00   0.000000e+00  -1.564581e-02   1.232734e-01   5.260424e-02   0.000000e+00
 0.000000e+00   0.000000e+00  -3.563735e-03   0.000000e+00   0.000000e+00  -1.013707e-02   5.260424e-02   8.352228e-02   0.000000e+00
 5.750645e-04   3.144175e-04   0.000000e+00   2.401595e-03   1.129997e-03   0.000000e+00   0.000000e+00   0.000000e+00   4.674229e-02

# timestamp: 1774889232.9351947
 9.578924e-04   5.517102e-05   0.000000e+00   4.049059e-04   1.013925e-04   0.000000e+00   0.000000e+00   0.000000e+00   3.900297e-04
 5.517102e-05   9.194983e-04   0.000000e+00   1.046946e-04   3.096669e-04   0.000000e+00   0.000000e+00   0.000000e+00   2.666332e-04
 0.000000e+00   0.000000e+00   1.392609e-03   0.000000e+00   0.000000e+00   1.429021e-03  -4.063490e-03  -3.689457e-03   0.000000e+00
 4.049059e-04   1.046946e-04   0.000000e+00   8.007001e-04   2.173314e-04   0.000000e+00   0.000000e+00   0.000000e+00   2.187357e-03
 1.013925e-04   3.096669e-04   0.000000e+00   2.173314e-04   5.254969e-04   0.000000e+00   0.000000e+00   0.000000e+00   8.995066e-04
 0.000000e+00   0.000000e+00   1.429021e-03   0.000000e+00   0.000000e+00   3.403461e-03  -1.294674e-02  -1.097051e-02   0.000000e+00
 0.000000e+00   0.000000e+00  -4.063490e-03   0.000000e+00   0.000000e+00  -1.294674e-02   1.012964e-01   5.525904e-02   0.000000e+00
 0.000000e+00   0.000000e+00  -3.689457e-03   0.000000e+00   0.000000e+00  -1.097051e-02   5.525904e-02   9.756632e-02   0.000000e+00
 3.900297e-04   2.666332e-04   0.000000e+00   2.187357e-03   8.995066e-04   0.000000e+00   0.000000e+00   0.000000e+00   4.358473e-02

# timestamp: 1774889232.967343
 1.002426e-03   6.032465e-05   0.000000e+00   4.258700e-04   1.071137e-04   0.000000e+00   0.000000e+00   0.000000e+00   4.443614e-04
 6.032465e-05   9.592166e-04   0.000000e+00   1.109005e-04   3.227670e-04   0.000000e+00   0.000000e+00   0.000000e+00   2.888484e-04
 0.000000e+00   0.000000e+00   1.488774e-03   0.000000e+00   0.000000e+00   1.529613e-03  -4.381453e-03  -3.958485e-03   0.000000e+00
 4.258700e-04   1.109005e-04   0.000000e+00   8.172281e-04   2.222912e-04   0.000000e+00   0.000000e+00   0.000000e+00   2.328544e-03
 1.071137e-04   3.227670e-04   0.000000e+00   2.222912e-04   5.296316e-04   0.000000e+00   0.000000e+00   0.000000e+00   9.413141e-04
 0.000000e+00   0.000000e+00   1.529613e-03   0.000000e+00   0.000000e+00   3.508415e-03  -1.331918e-02  -1.123473e-02   0.000000e+00
 0.000000e+00   0.000000e+00  -4.381453e-03   0.000000e+00   0.000000e+00  -1.331918e-02   1.037297e-01   5.525904e-02   0.000000e+00
 0.000000e+00   0.000000e+00  -3.958485e-03   0.000000e+00   0.000000e+00  -1.123473e-02   5.525904e-02   9.999955e-02   0.000000e+00
 4.443614e-04   2.888484e-04   0.000000e+00   2.328544e-03   9.413141e-04   0.000000e+00   0.000000e+00   0.000000e+00   4.601796e-02

# timestamp: 1774889233.027918
 9.457037e-04   5.284559e-05   0.000000e+00   4.002190e-04   9.756583e-05   0.000000e+00   0.000000e+00   0.000000e+00   3.307470e-04
 5.284559e-05   9.048988e-04   0.000000e+00   1.018984e-04   3.018383e-04   0.000000e+00   0.000000e+00   0.000000e+00   2.819598e-04
 0.000000e+00   0.000000e+00   1.363638e-03   0.000000e+00   0.000000e+00   1.391947e-03  -3.833657e-03  -3.779730e-03   0.000000e+00
 4.002190e-04   1.018984e-04   0.000000e+00   8.006580e-04   2.099065e-04   0.000000e+00   0.000000e+00   0.000000e+00   2.132461e-03
 9.756583e-05   3.018383e-04   0.000000e+00   2.099065e-04   5.157532e-04   0.000000e+00   0.000000e+00   0.000000e+00   8.244365e-04
 0.000000e+00   0.000000e+00   1.391947e-03   0.000000e+00   0.000000e+00   3.339770e-03  -1.252014e-02  -1.121074e-02   0.000000e+00
 0.000000e+00   0.000000e+00  -3.833657e-03   0.000000e+00   0.000000e+00  -1.252014e-02   9.853381e-02   5.686724e-02   0.000000e+00
 0.000000e+00   0.000000e+00  -3.779730e-03   0.000000e+00   0.000000e+00  -1.121074e-02   5.686724e-02   1.011274e-01   0.000000e+00
 3.307470e-04   2.819598e-04   0.000000e+00   2.132461e-03   8.244365e-04   0.000000e+00   0.000000e+00   0.000000e+00   4.254483e-02

# timestamp: 1774889233.2879565
 1.044006e-03   6.214879e-05   0.000000e+00   4.497977e-04   1.043467e-04   0.000000e+00   0.000000e+00   0.000000e+00   4.509325e-04
 6.214879e-05   9.833263e-04   0.000000e+00   1.109087e-04   3.204787e-04   0.000000e+00   0.000000e+00   0.000000e+00   3.055945e-04
 0.000000e+00   0.000000e+00   1.573341e-03   0.000000e+00   0.000000e+00   1.598734e-03  -4.619096e-03  -4.506130e-03   0.000000e+00
 4.497977e-04   1.109087e-04   0.000000e+00   8.412440e-04   2.028587e-04   0.000000e+00   0.000000e+00   0.000000e+00   2.401811e-03
 1.043467e-04   3.204787e-04   0.000000e+00   2.028587e-04   5.058458e-04   0.000000e+00   0.000000e+00   0.000000e+00   7.421141e-04
 0.000000e+00   0.000000e+00   1.598734e-03   0.000000e+00   0.000000e+00   3.499958e-03  -1.344506e-02  -1.182470e-02   0.000000e+00
 0.000000e+00   0.000000e+00  -4.619096e-03   0.000000e+00   0.000000e+00  -1.344506e-02   1.078350e-01   6.021545e-02   0.000000e+00
 0.000000e+00   0.000000e+00  -4.506130e-03   0.000000e+00   0.000000e+00  -1.182470e-02   6.021545e-02   1.081962e-01   0.000000e+00
 4.509325e-04   3.055945e-04   0.000000e+00   2.401811e-03   7.421141e-04   0.000000e+00   0.000000e+00   0.000000e+00   4.755887e-02

# timestamp: 1774889233.3516808
 9.657058e-04   5.296595e-05   0.000000e+00   4.158827e-04   9.355224e-05   0.000000e+00   0.000000e+00   0.000000e+00   4.071368e-04
 5.296595e-05   9.112768e-04   0.000000e+00   9.842866e-05   2.947304e-04   0.000000e+00   0.000000e+00   0.000000e+00   2.330860e-04
 0.000000e+00   0.000000e+00   1.406086e-03   0.000000e+00   0.000000e+00   1.432311e-03  -4.287717e-03  -3.963354e-03   0.000000e+00
 4.158827e-04   9.842866e-05   0.000000e+00   8.154110e-04   1.888037e-04   0.000000e+00   0.000000e+00   0.000000e+00   2.161033e-03
 9.355224e-05   2.947304e-04   0.000000e+00   1.888037e-04   4.920831e-04   0.000000e+00   0.000000e+00   0.000000e+00   6.232155e-04
 0.000000e+00   0.000000e+00   1.432311e-03   0.000000e+00   0.000000e+00   3.323394e-03  -1.320150e-02  -1.117648e-02   0.000000e+00
 0.000000e+00   0.000000e+00  -4.287717e-03   0.000000e+00   0.000000e+00  -1.320150e-02   1.083468e-01   6.134168e-02   0.000000e+00
 0.000000e+00   0.000000e+00  -3.963354e-03   0.000000e+00   0.000000e+00  -1.117648e-02   6.134168e-02   1.017994e-01   0.000000e+00
 4.071368e-04   2.330860e-04   0.000000e+00   2.161033e-03   6.232155e-04   0.000000e+00   0.000000e+00   0.000000e+00   4.339861e-02

# timestamp: 1774889233.372889
 1.022027e-03   5.897231e-05   0.000000e+00   4.424866e-04   9.962619e-05   0.000000e+00   0.000000e+00   0.000000e+00   4.742475e-04
 5.897231e-05   9.599244e-04   0.000000e+00   1.050941e-04   3.098906e-04   0.000000e+00   0.000000e+00   0.000000e+00   2.522801e-04
 0.000000e+00   0.000000e+00   1.526705e-03   0.000000e+00   0.000000e+00   1.553889e-03  -4.692292e-03  -4.305093e-03   0.000000e+00
 4.424866e-04   1.050941e-04   0.000000e+00   8.349250e-04   1.926988e-04   0.000000e+00   0.000000e+00   0.000000e+00   2.328008e-03
 9.962619e-05   3.098906e-04   0.000000e+00   1.926988e-04   4.959969e-04   0.000000e+00   0.000000e+00   0.000000e+00   6.545981e-04
 0.000000e+00   0.000000e+00   1.553889e-03   0.000000e+00   0.000000e+00   3.440683e-03  -1.364939e-02  -1.147350e-02   0.000000e+00
 0.000000e+00   0.000000e+00  -4.692292e-03   0.000000e+00   0.000000e+00  -1.364939e-02   1.113787e-01   6.134168e-02   0.000000e+00
 0.000000e+00   0.000000e+00  -4.305093e-03   0.000000e+00   0.000000e+00  -1.147350e-02   6.134168e-02   1.048312e-01   0.000000e+00
 4.742475e-04   2.522801e-04   0.000000e+00   2.328008e-03   6.545981e-04   0.000000e+00   0.000000e+00   0.000000e+00   4.643048e-02

# timestamp: 1774889233.6301146
 9.530917e-04   4.921310e-05   0.000000e+00   4.161048e-04   8.487773e-05   0.000000e+00   0.000000e+00   0.000000e+00   4.611756e-04
 4.921310e-05   8.902884e-04   0.000000e+00   8.828246e-05   2.802870e-04   0.000000e+00   0.000000e+00   0.000000e+00   1.479227e-04
 0.000000e+00   0.000000e+00   1.384772e-03   0.000000e+00   0.000000e+00   1.411046e-03  -4.760441e-03  -3.613072e-03   0.000000e+00
 4.161048e-04   8.828246e-05   0.000000e+00   8.096521e-04   1.630405e-04   0.000000e+00   0.000000e+00   0.000000e+00   2.069135e-03
 8.487773e-05   2.802870e-04   0.000000e+00   1.630405e-04   4.701059e-04   0.000000e+00   0.000000e+00   0.000000e+00   4.332998e-04
 0.000000e+00   0.000000e+00   1.411046e-03   0.000000e+00   0.000000e+00   3.244020e-03  -1.411135e-02  -1.003462e-02   0.000000e+00
 0.000000e+00   0.000000e+00  -4.760441e-03   0.000000e+00   0.000000e+00  -1.411135e-02   1.224407e-01   6.137990e-02   0.000000e+00
 0.000000e+00   0.000000e+00  -3.613072e-03   0.000000e+00   0.000000e+00  -1.003462e-02   6.137990e-02   9.111609e-02   0.000000e+00
 4.611756e-04   1.479227e-04   0.000000e+00   2.069135e-03   4.332998e-04   0.000000e+00   0.000000e+00   0.000000e+00   4.310615e-02

# timestamp: 1774889233.6483936
 9.871121e-04   5.245920e-05   0.000000e+00   4.321595e-04   8.800575e-05   0.000000e+00   0.000000e+00   0.000000e+00   4.998607e-04
 5.245920e-05   9.191798e-04   0.000000e+00   9.162977e-05   2.890028e-04   0.000000e+00   0.000000e+00   0.000000e+00   1.559649e-04
 0.000000e+00   0.000000e+00   1.456386e-03   0.000000e+00   0.000000e+00   1.482944e-03  -5.021990e-03  -3.798778e-03   0.000000e+00
 4.321595e-04   9.162977e-05   0.000000e+00   8.207951e-04   1.645144e-04   0.000000e+00   0.000000e+00   0.000000e+00   2.166512e-03
 8.800575e-05   2.890028e-04   0.000000e+00   1.645144e-04   4.721585e-04   0.000000e+00   0.000000e+00   0.000000e+00   4.439876e-04
 0.000000e+00   0.000000e+00   1.482944e-03   0.000000e+00   0.000000e+00   3.313353e-03  -1.439778e-02  -1.019170e-02   0.000000e+00
 0.000000e+00   0.000000e+00  -5.021990e-03   0.000000e+00   0.000000e+00  -1.439778e-02   1.242818e-01   6.137990e-02   0.000000e+00
 0.000000e+00   0.000000e+00  -3.798778e-03   0.000000e+00   0.000000e+00  -1.019170e-02   6.137990e-02   9.295716e-02   0.000000e+00
 4.998607e-04   1.559649e-04   0.000000e+00   2.166512e-03   4.439876e-04   0.000000e+00   0.000000e+00   0.000000e+00   4.494722e-02

# timestamp: 1774889233.6645224
 1.012334e-03   5.490551e-05   0.000000e+00   4.440701e-04   9.031337e-05   0.000000e+00   0.000000e+00   0.000000e+00   5.292351e-04
 5.490551e-05   9.404835e-04   0.000000e+00   9.410292e-05   2.953939e-04   0.000000e+00   0.000000e+00   0.000000e+00   1.619615e-04
 0.000000e+00   0.000000e+00   1.510371e-03   0.000000e+00   0.000000e+00   1.536652e-03  -5.216286e-03  -3.936198e-03   0.000000e+00
 4.440701e-04   9.410292e-05   0.000000e+00   8.292083e-04   1.656210e-04   0.000000e+00   0.000000e+00   0.000000e+00   2.240238e-03
 9.031337e-05   2.953939e-04   0.000000e+00   1.656210e-04   4.736609e-04   0.000000e+00   0.000000e+00   0.000000e+00   4.520796e-04
 0.000000e+00   0.000000e+00   1.536652e-03   0.000000e+00   0.000000e+00   3.364838e-03  -1.460957e-02  -1.030670e-02   0.000000e+00
 0.000000e+00   0.000000e+00  -5.216286e-03   0.000000e+00   0.000000e+00  -1.460957e-02   1.256264e-01   6.137990e-02   0.000000e+00
 0.000000e+00   0.000000e+00  -3.936198e-03   0.000000e+00   0.000000e+00  -1.030670e-02   6.137990e-02   9.430177e-02   0.000000e+00
 5.292351e-04   1.619615e-04   0.000000e+00   2.240238e-03   4.520796e-04   0.000000e+00   0.000000e+00   0.000000e+00   4.629183e-02

# timestamp: 1774889233.722482
 9.446058e-04   4.724249e-05   0.000000e+00   4.132604e-04   8.090783e-05   0.000000e+00   0.000000e+00   0.000000e+00   4.572870e-04
 4.724249e-05   8.802230e-04   0.000000e+00   8.413178e-05   2.745680e-04   0.000000e+00   0.000000e+00   0.000000e+00   1.254871e-04
 0.000000e+00   0.000000e+00   1.362902e-03   0.000000e+00   0.000000e+00   1.381405e-03  -4.813814e-03  -3.331246e-03   0.000000e+00
 4.132604e-04   8.413178e-05   0.000000e+00   8.067117e-04   1.532661e-04   0.000000e+00   0.000000e+00   0.000000e+00   2.038881e-03
 8.090783e-05   2.745680e-04   0.000000e+00   1.532661e-04   4.627908e-04   0.000000e+00   0.000000e+00   0.000000e+00   3.599339e-04
 0.000000e+00   0.000000e+00   1.381405e-03   0.000000e+00   0.000000e+00   3.185388e-03  -1.431212e-02  -9.264295e-03   0.000000e+00
 0.000000e+00   0.000000e+00  -4.813814e-03   0.000000e+00   0.000000e+00  -1.431212e-02   1.272689e-01   5.901324e-02   0.000000e+00
 0.000000e+00   0.000000e+00  -3.331246e-03   0.000000e+00   0.000000e+00  -9.264295e-03   5.901324e-02   8.434753e-02   0.000000e+00
 4.572870e-04   1.254871e-04   0.000000e+00   2.038881e-03   3.599339e-04   0.000000e+00   0.000000e+00   0.000000e+00   4.257166e-02

# timestamp: 1774889233.9176538
 9.279183e-04   4.288738e-05   0.000000e+00   4.070900e-04   7.168139e-05   0.000000e+00   0.000000e+00   0.000000e+00   4.401359e-04
 4.288738e-05   8.611100e-04   0.000000e+00   7.553843e-05   2.632553e-04   0.000000e+00   0.000000e+00   0.000000e+00   9.916710e-05
 0.000000e+00   0.000000e+00   1.315722e-03   0.000000e+00   0.000000e+00   1.313355e-03  -4.837641e-03  -2.704902e-03   0.000000e+00
 4.070900e-04   7.553843e-05   0.000000e+00   8.040698e-04   1.300905e-04   0.000000e+00   0.000000e+00   0.000000e+00   2.001333e-03
 7.168139e-05   2.632553e-04   0.000000e+00   1.300905e-04   4.483689e-04   0.000000e+00   0.000000e+00   0.000000e+00   1.733087e-04
 0.000000e+00   0.000000e+00   1.313355e-03   0.000000e+00   0.000000e+00   3.057487e-03  -1.461560e-02  -7.472533e-03   0.000000e+00
 0.000000e+00   0.000000e+00  -4.837641e-03   0.000000e+00   0.000000e+00  -1.461560e-02   1.364808e-01   5.164878e-02   0.000000e+00
 0.000000e+00   0.000000e+00  -2.704902e-03   0.000000e+00   0.000000e+00  -7.472533e-03   5.164878e-02   7.013445e-02   0.000000e+00
 4.401359e-04   9.916710e-05   0.000000e+00   2.001333e-03   1.733087e-04   0.000000e+00   0.000000e+00   0.000000e+00   4.128369e-02

# timestamp: 1774889233.9409876
 9.704454e-04   4.637248e-05   0.000000e+00   4.272401e-04   7.453015e-05   0.000000e+00   0.000000e+00   0.000000e+00   4.874991e-04
 4.637248e-05   8.967521e-04   0.000000e+00   7.885062e-05   2.736525e-04   0.000000e+00   0.000000e+00   0.000000e+00   1.030713e-04
 0.000000e+00   0.000000e+00   1.401690e-03   0.000000e+00   0.000000e+00   1.398700e-03  -5.179534e-03  -2.879161e-03   0.000000e+00
 4.272401e-04   7.885062e-05   0.000000e+00   8.184290e-04   1.298461e-04   0.000000e+00   0.000000e+00   0.000000e+00   2.126306e-03
 7.453015e-05   2.736525e-04   0.000000e+00   1.298461e-04   4.505710e-04   0.000000e+00   0.000000e+00   0.000000e+00   1.581935e-04
 0.000000e+00   0.000000e+00   1.398700e-03   0.000000e+00   0.000000e+00   3.140893e-03  -1.500009e-02  -7.597929e-03   0.000000e+00
 0.000000e+00   0.000000e+00  -5.179534e-03   0.000000e+00   0.000000e+00  -1.500009e-02   1.387999e-01   5.164878e-02   0.000000e+00
 0.000000e+00   0.000000e+00  -2.879161e-03   0.000000e+00   0.000000e+00  -7.597929e-03   5.164878e-02   7.245352e-02   0.000000e+00
 4.874991e-04   1.030713e-04   0.000000e+00   2.126306e-03   1.581935e-04   0.000000e+00   0.000000e+00   0.000000e+00   4.360277e-02

# timestamp: 1774889233.9653397
 1.009130e-03   4.959771e-05   0.000000e+00   4.456000e-04   7.704845e-05   0.000000e+00   0.000000e+00   0.000000e+00   5.322278e-04
 4.959771e-05   9.289139e-04   0.000000e+00   8.180499e-05   2.829566e-04   0.000000e+00   0.000000e+00   0.000000e+00   1.062434e-04
 0.000000e+00   0.000000e+00   1.481674e-03   0.000000e+00   0.000000e+00   1.477196e-03  -5.491844e-03  -3.036910e-03   0.000000e+00
 4.456000e-04   8.180499e-05   0.000000e+00   8.318513e-04   1.295523e-04   0.000000e+00   0.000000e+00   0.000000e+00   2.243229e-03
 7.704845e-05   2.829566e-04   0.000000e+00   1.295523e-04   4.525421e-04   0.000000e+00   0.000000e+00   0.000000e+00   1.440519e-04
 0.000000e+00   0.000000e+00   1.477196e-03   0.000000e+00   0.000000e+00   3.217033e-03  -1.534823e-02  -7.708974e-03   0.000000e+00
 0.000000e+00   0.000000e+00  -5.491844e-03   0.000000e+00   0.000000e+00  -1.534823e-02   1.408660e-01   5.164878e-02   0.000000e+00
 0.000000e+00   0.000000e+00  -3.036910e-03   0.000000e+00   0.000000e+00  -7.708974e-03   5.164878e-02   7.451965e-02   0.000000e+00
 5.322278e-04   1.062434e-04   0.000000e+00   2.243229e-03   1.440519e-04   0.000000e+00   0.000000e+00   0.000000e+00   4.566890e-02

# timestamp: 1774889233.986947
 9.745409e-04   3.667524e-05   0.000000e+00   4.377453e-04   6.984960e-05   0.000000e+00   0.000000e+00   0.000000e+00   6.797978e-04
 3.667524e-05   8.993918e-04   0.000000e+00   4.732855e-05   2.719245e-04   0.000000e+00   0.000000e+00   0.000000e+00  -4.638055e-04
 0.000000e+00   0.000000e+00   1.379283e-03   0.000000e+00   0.000000e+00   1.352032e-03  -5.200407e-03  -1.708417e-03   0.000000e+00
 4.377453e-04   4.732855e-05   0.000000e+00   8.252837e-04   1.146800e-04   0.000000e+00   0.000000e+00   0.000000e+00   2.201038e-03
 6.984960e-05   2.719245e-04   0.000000e+00   1.146800e-04   4.472160e-04   0.000000e+00   0.000000e+00   0.000000e+00  -5.773724e-05
 0.000000e+00   0.000000e+00   1.352032e-03   0.000000e+00   0.000000e+00   3.066486e-03  -1.504551e-02  -6.168051e-03   0.000000e+00
 0.000000e+00   0.000000e+00  -5.200407e-03   0.000000e+00   0.000000e+00  -1.504551e-02   1.413286e-01   4.639413e-02   0.000000e+00
 0.000000e+00   0.000000e+00  -1.708417e-03   0.000000e+00   0.000000e+00  -6.168051e-03   4.639413e-02   6.666294e-02   0.000000e+00
 6.797978e-04  -4.638055e-04   0.000000e+00   2.201038e-03  -5.773724e-05   0.000000e+00   0.000000e+00   0.000000e+00   4.387856e-02

# timestamp: 1774889234.0057433
 9.103692e-04   3.975637e-05   0.000000e+00   3.982500e-04   6.600592e-05   0.000000e+00   0.000000e+00   0.000000e+00   3.820001e-04
 3.975637e-05   8.449316e-04   0.000000e+00   7.053310e-05   2.558914e-04   0.000000e+00   0.000000e+00   0.000000e+00   1.176312e-04
 0.000000e+00   0.000000e+00   1.270723e-03   0.000000e+00   0.000000e+00   1.254669e-03  -4.640932e-03  -2.476634e-03   0.000000e+00
 3.982500e-04   7.053310e-05   0.000000e+00   7.992000e-04   1.169805e-04   0.000000e+00   0.000000e+00   0.000000e+00   1.948337e-03
 6.600592e-05   2.558914e-04   0.000000e+00   1.169805e-04   4.415972e-04   0.000000e+00   0.000000e+00   0.000000e+00   7.778085e-05
 0.000000e+00   0.000000e+00   1.254669e-03   0.000000e+00   0.000000e+00   2.979200e-03  -1.457364e-02  -6.860617e-03   0.000000e+00
 0.000000e+00   0.000000e+00  -4.640932e-03   0.000000e+00   0.000000e+00  -1.457364e-02   1.391503e-01   4.954592e-02   0.000000e+00
 0.000000e+00   0.000000e+00  -2.476634e-03   0.000000e+00   0.000000e+00  -6.860617e-03   4.954592e-02   6.574546e-02   0.000000e+00
 3.820001e-04   1.176312e-04   0.000000e+00   1.948337e-03   7.778085e-05   0.000000e+00   0.000000e+00   0.000000e+00   4.020349e-02

# timestamp: 1774889234.290672
 8.826799e-04   3.245004e-05   0.000000e+00   3.872168e-04   5.093476e-05   0.000000e+00   0.000000e+00   0.000000e+00   3.726901e-04
 3.245004e-05   8.154446e-04   0.000000e+00   5.522946e-05   2.410598e-04   0.000000e+00   0.000000e+00   0.000000e+00   3.650983e-05
 0.000000e+00   0.000000e+00   1.210417e-03   0.000000e+00   0.000000e+00   1.192141e-03  -4.741644e-03  -2.036504e-03   0.000000e+00
 3.872168e-04   5.522946e-05   0.000000e+00   7.933805e-04   7.796556e-05   0.000000e+00   0.000000e+00   0.000000e+00   1.884453e-03
 5.093476e-05   2.410598e-04   0.000000e+00   7.796556e-05   4.277185e-04   0.000000e+00   0.000000e+00   0.000000e+00  -1.846768e-04
 0.000000e+00   0.000000e+00   1.192141e-03   0.000000e+00   0.000000e+00   2.917017e-03  -1.524566e-02  -5.757404e-03   0.000000e+00
 0.000000e+00   0.000000e+00  -4.741644e-03   0.000000e+00   0.000000e+00  -1.524566e-02   1.500062e-01   4.680949e-02   0.000000e+00
 0.000000e+00   0.000000e+00  -2.036504e-03   0.000000e+00   0.000000e+00  -5.757404e-03   4.680949e-02   5.879049e-02   0.000000e+00
 3.726901e-04   3.650983e-05   0.000000e+00   1.884453e-03  -1.846768e-04   0.000000e+00   0.000000e+00   0.000000e+00   3.874167e-02

# timestamp: 1774889234.594649
 9.209266e-04   2.760917e-05   0.000000e+00   4.070858e-04   3.633877e-05   0.000000e+00   0.000000e+00   0.000000e+00   4.346092e-04
 2.760917e-05   8.418662e-04   0.000000e+00   3.977131e-05   2.444065e-04   0.000000e+00   0.000000e+00   0.000000e+00  -5.076874e-05
 0.000000e+00   0.000000e+00   1.281808e-03   0.000000e+00   0.000000e+00   1.272248e-03  -5.422897e-03  -1.752217e-03   0.000000e+00
 4.070858e-04   3.977131e-05   0.000000e+00   8.065892e-04   3.611240e-05   0.000000e+00   0.000000e+00   0.000000e+00   1.978014e-03
 3.633877e-05   2.444065e-04   0.000000e+00   3.611240e-05   4.243132e-04   0.000000e+00   0.000000e+00   0.000000e+00  -4.068314e-04
 0.000000e+00   0.000000e+00   1.272248e-03   0.000000e+00   0.000000e+00   3.021068e-03  -1.652332e-02  -4.702368e-03   0.000000e+00
 0.000000e+00   0.000000e+00  -5.422897e-03   0.000000e+00   0.000000e+00  -1.652332e-02   1.634378e-01   4.077486e-02   0.000000e+00
 0.000000e+00   0.000000e+00  -1.752217e-03   0.000000e+00   0.000000e+00  -4.702368e-03   4.077486e-02   5.443741e-02   0.000000e+00
 4.346092e-04  -5.076874e-05   0.000000e+00   1.978014e-03  -4.068314e-04   0.000000e+00   0.000000e+00   0.000000e+00   4.060546e-02

# timestamp: 1774889234.6324356
 9.641438e-04   2.941830e-05   0.000000e+00   4.275233e-04   3.679590e-05   0.000000e+00   0.000000e+00   0.000000e+00   4.821263e-04
 2.941830e-05   8.771843e-04   0.000000e+00   4.044003e-05   2.544927e-04   0.000000e+00   0.000000e+00   0.000000e+00  -6.061384e-05
 0.000000e+00   0.000000e+00   1.367236e-03   0.000000e+00   0.000000e+00   1.358615e-03  -5.815577e-03  -1.863565e-03   0.000000e+00
 4.275233e-04   4.044003e-05   0.000000e+00   8.203622e-04   3.329936e-05   0.000000e+00   0.000000e+00   0.000000e+00   2.096246e-03
 3.679590e-05   2.544927e-04   0.000000e+00   3.329936e-05   4.273458e-04   0.000000e+00   0.000000e+00   0.000000e+00  -4.405082e-04
 0.000000e+00   0.000000e+00   1.358615e-03   0.000000e+00   0.000000e+00   3.109688e-03  -1.695328e-02  -4.771935e-03   0.000000e+00
 0.000000e+00   0.000000e+00  -5.815577e-03   0.000000e+00   0.000000e+00  -1.695328e-02   1.657942e-01   4.077486e-02   0.000000e+00
 0.000000e+00   0.000000e+00  -1.863565e-03   0.000000e+00   0.000000e+00  -4.771935e-03   4.077486e-02   5.679372e-02   0.000000e+00
 4.821263e-04  -6.061384e-05   0.000000e+00   2.096246e-03  -4.405082e-04   0.000000e+00   0.000000e+00   0.000000e+00   4.296177e-02

# timestamp: 1774889235.0178452
 9.279312e-04   1.709248e-05   0.000000e+00   4.119199e-04   1.591663e-05   0.000000e+00   0.000000e+00   0.000000e+00   4.601683e-04
 1.709248e-05   8.436918e-04   0.000000e+00   1.819357e-05   2.412532e-04   0.000000e+00   0.000000e+00   0.000000e+00  -6.919084e-05
 0.000000e+00   0.000000e+00   1.293066e-03   0.000000e+00   0.000000e+00   1.287111e-03  -5.642268e-03  -6.707968e-04   0.000000e+00
 4.119199e-04   1.819357e-05   0.000000e+00   8.057327e-04  -5.379676e-06   0.000000e+00   0.000000e+00   0.000000e+00   1.956228e-03
 1.591663e-05   2.412532e-04   0.000000e+00  -5.379676e-06   4.201415e-04   0.000000e+00   0.000000e+00   0.000000e+00  -4.614121e-04
 0.000000e+00   0.000000e+00   1.287111e-03   0.000000e+00   0.000000e+00   3.045844e-03  -1.695632e-02  -1.480547e-03   0.000000e+00
 0.000000e+00   0.000000e+00  -5.642268e-03   0.000000e+00   0.000000e+00  -1.695632e-02   1.680551e-01   1.282076e-02   0.000000e+00
 0.000000e+00   0.000000e+00  -6.707968e-04   0.000000e+00   0.000000e+00  -1.480547e-03   1.282076e-02   4.260915e-02   0.000000e+00
 4.601683e-04  -6.919084e-05   0.000000e+00   1.956228e-03  -4.614121e-04   0.000000e+00   0.000000e+00   0.000000e+00   4.059858e-02

# timestamp: 1774889235.2929778
 1.049588e-03   1.368069e-05   0.000000e+00   4.692405e-04   7.122718e-06   0.000000e+00   0.000000e+00   0.000000e+00   6.008147e-04
 1.368069e-05   9.396213e-04   0.000000e+00   1.001640e-05   2.665437e-04   0.000000e+00   0.000000e+00   0.000000e+00  -7.640052e-06
 0.000000e+00   0.000000e+00   1.545105e-03   0.000000e+00   0.000000e+00   1.554383e-03  -6.860876e-03  -3.080271e-04   0.000000e+00
 4.692405e-04   1.001640e-05   0.000000e+00   8.406167e-04  -1.925985e-05   0.000000e+00   0.000000e+00   0.000000e+00   2.276102e-03
 7.122718e-06   2.665437e-04   0.000000e+00  -1.925985e-05   4.232366e-04   0.000000e+00   0.000000e+00   0.000000e+00  -3.890553e-04
 0.000000e+00   0.000000e+00   1.554383e-03   0.000000e+00   0.000000e+00   3.357340e-03  -1.844507e-02  -1.936645e-04   0.000000e+00
 0.000000e+00   0.000000e+00  -6.860876e-03   0.000000e+00   0.000000e+00  -1.844507e-02   1.748196e-01   9.104144e-04   0.000000e+00
 0.000000e+00   0.000000e+00  -3.080271e-04   0.000000e+00   0.000000e+00  -1.936645e-04   9.104144e-04   4.792123e-02   0.000000e+00
 6.008147e-04  -7.640052e-06   0.000000e+00   2.276102e-03  -3.890553e-04   0.000000e+00   0.000000e+00   0.000000e+00   4.722209e-02

# timestamp: 1774889235.5802345
 9.409093e-04   4.928596e-07   0.000000e+00   4.106736e-04  -1.202393e-06   0.000000e+00   0.000000e+00   0.000000e+00   3.429990e-04
 4.928596e-07   8.605654e-04   0.000000e+00  -2.587964e-05   2.446120e-04   0.000000e+00   0.000000e+00   0.000000e+00  -5.457908e-04
 0.000000e+00   0.000000e+00   1.314485e-03   0.000000e+00   0.000000e+00   1.304987e-03  -5.534559e-03   1.170785e-03   0.000000e+00
 4.106736e-04  -2.587964e-05   0.000000e+00   7.945953e-04  -2.882592e-05   0.000000e+00   0.000000e+00   0.000000e+00   1.892648e-03
-1.202393e-06   2.446120e-04   0.000000e+00  -2.882592e-05   4.118298e-04   0.000000e+00   0.000000e+00   0.000000e+00  -3.466599e-04
 0.000000e+00   0.000000e+00   1.304987e-03   0.000000e+00   0.000000e+00   3.111585e-03  -1.720358e-02   2.189401e-03   0.000000e+00
 0.000000e+00   0.000000e+00  -5.534559e-03   0.000000e+00   0.000000e+00  -1.720358e-02   1.691271e-01  -1.586522e-02   0.000000e+00
 0.000000e+00   0.000000e+00   1.170785e-03   0.000000e+00   0.000000e+00   2.189401e-03  -1.586522e-02   4.404645e-02   0.000000e+00
 3.429990e-04  -5.457908e-04   0.000000e+00   1.892648e-03  -3.466599e-04   0.000000e+00   0.000000e+00   0.000000e+00   4.182013e-02

# timestamp: 1774889235.6058643
 8.976353e-04   4.579322e-06   0.000000e+00   3.939648e-04  -5.578943e-07   0.000000e+00   0.000000e+00   0.000000e+00   3.828811e-04
 4.579322e-06   8.166766e-04   0.000000e+00   3.038878e-07   2.294657e-04   0.000000e+00   0.000000e+00   0.000000e+00   4.844389e-05
 0.000000e+00   0.000000e+00   1.230238e-03   0.000000e+00   0.000000e+00   1.232280e-03  -5.351831e-03   2.744842e-04   0.000000e+00
 3.939648e-04   3.038878e-07   0.000000e+00   7.824520e-04  -2.102537e-05   0.000000e+00   0.000000e+00   0.000000e+00   1.790425e-03
-5.578943e-07   2.294657e-04   0.000000e+00  -2.102537e-05   4.064178e-04   0.000000e+00   0.000000e+00   0.000000e+00  -1.605882e-04
 0.000000e+00   0.000000e+00   1.232280e-03   0.000000e+00   0.000000e+00   3.051635e-03  -1.708771e-02   1.341971e-03   0.000000e+00
 0.000000e+00   0.000000e+00  -5.351831e-03   0.000000e+00   0.000000e+00  -1.708771e-02   1.694042e-01  -1.265027e-02   0.000000e+00
 0.000000e+00   0.000000e+00   2.744842e-04   0.000000e+00   0.000000e+00   1.341971e-03  -1.265027e-02   4.082365e-02   0.000000e+00
 3.828811e-04   4.844389e-05   0.000000e+00   1.790425e-03  -1.605882e-04   0.000000e+00   0.000000e+00   0.000000e+00   3.926844e-02

# timestamp: 1774889235.6310263
 9.478719e-04   4.556728e-06   0.000000e+00   4.170960e-04  -1.204367e-06   0.000000e+00   0.000000e+00   0.000000e+00   4.336251e-04
 4.556728e-06   8.574722e-04   0.000000e+00  -1.478083e-07   2.407902e-04   0.000000e+00   0.000000e+00   0.000000e+00   4.394051e-05
 0.000000e+00   0.000000e+00   1.329026e-03   0.000000e+00   0.000000e+00   1.335249e-03  -5.830442e-03   3.120995e-04   0.000000e+00
 4.170960e-04  -1.478083e-07   0.000000e+00   7.965084e-04  -2.177436e-05   0.000000e+00   0.000000e+00   0.000000e+00   1.915826e-03
-1.204367e-06   2.407902e-04   0.000000e+00  -2.177436e-05   4.092369e-04   0.000000e+00   0.000000e+00   0.000000e+00  -1.661815e-04
 0.000000e+00   0.000000e+00   1.335249e-03   0.000000e+00   0.000000e+00   3.160424e-03  -1.761105e-02   1.386292e-03   0.000000e+00
 0.000000e+00   0.000000e+00  -5.830442e-03   0.000000e+00   0.000000e+00  -1.761105e-02   1.721790e-01  -1.265027e-02   0.000000e+00
 0.000000e+00   0.000000e+00   3.120995e-04   0.000000e+00   0.000000e+00   1.386292e-03  -1.265027e-02   4.359839e-02   0.000000e+00
 4.336251e-04   4.394051e-05   0.000000e+00   1.915826e-03  -1.661815e-04   0.000000e+00   0.000000e+00   0.000000e+00   4.204317e-02

# timestamp: 1774889235.6593409
 9.949014e-04   4.508886e-06   0.000000e+00   4.387181e-04  -1.820144e-06   0.000000e+00   0.000000e+00   0.000000e+00   4.831947e-04
 4.508886e-06   8.952920e-04   0.000000e+00  -5.913764e-07   2.512020e-04   0.000000e+00   0.000000e+00   0.000000e+00   3.968317e-05
 0.000000e+00   0.000000e+00   1.424393e-03   0.000000e+00   0.000000e+00   1.433331e-03  -6.280916e-03   3.475819e-04   0.000000e+00
 4.387181e-04  -5.913764e-07   0.000000e+00   8.100362e-04  -2.248923e-05   0.000000e+00   0.000000e+00   0.000000e+00   2.037484e-03
-1.820144e-06   2.512020e-04   0.000000e+00  -2.248923e-05   4.118137e-04   0.000000e+00   0.000000e+00   0.000000e+00  -1.716079e-04
 0.000000e+00   0.000000e+00   1.433331e-03   0.000000e+00   0.000000e+00   3.262623e-03  -1.809625e-02   1.427097e-03   0.000000e+00
 0.000000e+00   0.000000e+00  -6.280916e-03   0.000000e+00   0.000000e+00  -1.809625e-02   1.747139e-01  -1.265027e-02   0.000000e+00
 0.000000e+00   0.000000e+00   3.475819e-04   0.000000e+00   0.000000e+00   1.427097e-03  -1.265027e-02   4.613326e-02   0.000000e+00
 4.831947e-04   3.968317e-05   0.000000e+00   2.037484e-03  -1.716079e-04   0.000000e+00   0.000000e+00   0.000000e+00   4.457804e-02

# timestamp: 1774889235.6803086
 8.718135e-04   3.037285e-06   0.000000e+00   3.818041e-04  -1.969121e-06   0.000000e+00   0.000000e+00   0.000000e+00   3.620096e-04
 3.037285e-06   7.945925e-04   0.000000e+00  -1.543229e-06   2.228615e-04   0.000000e+00   0.000000e+00   0.000000e+00   2.295712e-05
 0.000000e+00   0.000000e+00   1.187467e-03   0.000000e+00   0.000000e+00   1.196935e-03  -5.256030e-03   3.955715e-04   0.000000e+00
 3.818041e-04  -1.543229e-06   0.000000e+00   7.715132e-04  -2.149129e-05   0.000000e+00   0.000000e+00   0.000000e+00   1.706658e-03
-1.969121e-06   2.228615e-04   0.000000e+00  -2.149129e-05   4.033878e-04   0.000000e+00   0.000000e+00   0.000000e+00  -1.452985e-04
 0.000000e+00   0.000000e+00   1.196935e-03   0.000000e+00   0.000000e+00   3.025751e-03  -1.706546e-02   1.610349e-03   0.000000e+00
 0.000000e+00   0.000000e+00  -5.256030e-03   0.000000e+00   0.000000e+00  -1.706546e-02   1.702566e-01  -1.475155e-02   0.000000e+00
 0.000000e+00   0.000000e+00   3.955715e-04   0.000000e+00   0.000000e+00   1.610349e-03  -1.475155e-02   3.992780e-02   0.000000e+00
 3.620096e-04   2.295712e-05   0.000000e+00   1.706658e-03  -1.452985e-04   0.000000e+00   0.000000e+00   0.000000e+00   3.804211e-02

# timestamp: 1774889235.9507143
 9.905782e-04   1.282824e-07   0.000000e+00   4.323324e-04  -7.003460e-06   0.000000e+00   0.000000e+00   0.000000e+00   4.518387e-04
 1.282824e-07   8.911282e-04   0.000000e+00  -4.971866e-06   2.481534e-04   0.000000e+00   0.000000e+00   0.000000e+00   5.605403e-05
 0.000000e+00   0.000000e+00   1.426071e-03   0.000000e+00   0.000000e+00   1.440891e-03  -6.437983e-03   4.621942e-04   0.000000e+00
 4.323324e-04  -4.971866e-06   0.000000e+00   7.918603e-04  -2.704646e-05   0.000000e+00   0.000000e+00   0.000000e+00   1.940827e-03
-7.003460e-06   2.481534e-04   0.000000e+00  -2.704646e-05   4.075247e-04   0.000000e+00   0.000000e+00   0.000000e+00  -1.844733e-04
 0.000000e+00   0.000000e+00   1.440891e-03   0.000000e+00   0.000000e+00   3.268604e-03  -1.838274e-02   1.718120e-03   0.000000e+00
 0.000000e+00   0.000000e+00  -6.437983e-03   0.000000e+00   0.000000e+00  -1.838274e-02   1.797430e-01  -1.382407e-02   0.000000e+00
 0.000000e+00   0.000000e+00   4.621942e-04   0.000000e+00   0.000000e+00   1.718120e-03  -1.382407e-02   4.613622e-02   0.000000e+00
 4.518387e-04   5.605403e-05   0.000000e+00   1.940827e-03  -1.844733e-04   0.000000e+00   0.000000e+00   0.000000e+00   4.452642e-02

# timestamp: 1774889235.982114
 8.788504e-04  -3.467861e-07   0.000000e+00   3.809086e-04  -6.521577e-06   0.000000e+00   0.000000e+00   0.000000e+00   3.477214e-04
-3.467861e-07   7.999495e-04   0.000000e+00  -5.290166e-06   2.225069e-04   0.000000e+00   0.000000e+00   0.000000e+00   3.229793e-05
 0.000000e+00   0.000000e+00   1.207602e-03   0.000000e+00   0.000000e+00   1.220561e-03  -5.479198e-03   3.861218e-04   0.000000e+00
 3.809086e-04  -5.290166e-06   0.000000e+00   7.575520e-04  -2.623145e-05   0.000000e+00   0.000000e+00   0.000000e+00   1.648898e-03
-6.521577e-06   2.225069e-04   0.000000e+00  -2.623145e-05   3.999219e-04   0.000000e+00   0.000000e+00   0.000000e+00  -1.700277e-04
 0.000000e+00   0.000000e+00   1.220561e-03   0.000000e+00   0.000000e+00   3.042240e-03  -1.741043e-02   1.533166e-03   0.000000e+00
 0.000000e+00   0.000000e+00  -5.479198e-03   0.000000e+00   0.000000e+00  -1.741043e-02   1.760110e-01  -1.257713e-02   0.000000e+00
 0.000000e+00   0.000000e+00   3.861218e-04   0.000000e+00   0.000000e+00   1.533166e-03  -1.257713e-02   3.970037e-02   0.000000e+00
 3.477214e-04   3.229793e-05   0.000000e+00   1.648898e-03  -1.700277e-04   0.000000e+00   0.000000e+00   0.000000e+00   3.839187e-02

# timestamp: 1774889236.0154696
 9.222134e-04  -6.504829e-07   0.000000e+00   4.003707e-04  -7.334643e-06   0.000000e+00   0.000000e+00   0.000000e+00   3.883513e-04
-6.504829e-07   8.353763e-04   0.000000e+00  -5.864032e-06   2.322811e-04   0.000000e+00   0.000000e+00   0.000000e+00   2.807084e-05
 0.000000e+00   0.000000e+00   1.293347e-03   0.000000e+00   0.000000e+00   1.309495e-03  -5.905309e-03   4.236958e-04   0.000000e+00
 4.003707e-04  -5.864032e-06   0.000000e+00   7.682709e-04  -2.742113e-05   0.000000e+00   0.000000e+00   0.000000e+00   1.747303e-03
-7.334643e-06   2.322811e-04   0.000000e+00  -2.742113e-05   4.025158e-04   0.000000e+00   0.000000e+00   0.000000e+00  -1.879221e-04
 0.000000e+00   0.000000e+00   1.309495e-03   0.000000e+00   0.000000e+00   3.132068e-03  -1.785011e-02   1.582320e-03   0.000000e+00
 0.000000e+00   0.000000e+00  -5.905309e-03   0.000000e+00   0.000000e+00  -1.785011e-02   1.784462e-01  -1.257713e-02   0.000000e+00
 0.000000e+00   0.000000e+00   4.236958e-04   0.000000e+00   0.000000e+00   1.582320e-03  -1.257713e-02   4.213555e-02   0.000000e+00
 3.883513e-04   2.807084e-05   0.000000e+00   1.747303e-03  -1.879221e-04   0.000000e+00   0.000000e+00   0.000000e+00   4.082705e-02

# timestamp: 1774889236.030846
 9.812746e-04  -1.107869e-06   0.000000e+00   4.267872e-04  -8.490284e-06   0.000000e+00   0.000000e+00   0.000000e+00   4.462285e-04
-1.107869e-06   8.831554e-04   0.000000e+00  -6.690666e-06   2.453566e-04   0.000000e+00   0.000000e+00   0.000000e+00   2.174378e-05
 0.000000e+00   0.000000e+00   1.414074e-03   0.000000e+00   0.000000e+00   1.432733e-03  -6.488450e-03   4.755303e-04   0.000000e+00
 4.267872e-04  -6.690666e-06   0.000000e+00   7.832697e-04  -2.914012e-05   0.000000e+00   0.000000e+00   0.000000e+00   1.886744e-03
-8.490284e-06   2.453566e-04   0.000000e+00  -2.914012e-05   4.059855e-04   0.000000e+00   0.000000e+00   0.000000e+00  -2.132785e-04
 0.000000e+00   0.000000e+00   1.432733e-03   0.000000e+00   0.000000e+00   3.254753e-03  -1.844271e-02   1.649185e-03   0.000000e+00
 0.000000e+00   0.000000e+00  -6.488450e-03   0.000000e+00   0.000000e+00  -1.844271e-02   1.816797e-01  -1.257713e-02   0.000000e+00
 0.000000e+00   0.000000e+00   4.755303e-04   0.000000e+00   0.000000e+00   1.649185e-03  -1.257713e-02   4.536905e-02   0.000000e+00
 4.462285e-04   2.174378e-05   0.000000e+00   1.886744e-03  -2.132785e-04   0.000000e+00   0.000000e+00   0.000000e+00   4.406056e-02

# timestamp: 1774889236.3001144
 9.575857e-04  -9.968649e-06   0.000000e+00   4.135502e-04  -1.399200e-05   0.000000e+00   0.000000e+00   0.000000e+00   4.702030e-04
-9.968649e-06   8.716008e-04   0.000000e+00  -3.493300e-05   2.445834e-04   0.000000e+00   0.000000e+00   0.000000e+00  -5.820896e-04
 0.000000e+00   0.000000e+00   1.411594e-03   0.000000e+00   0.000000e+00   1.441921e-03  -6.754851e-03   1.033140e-03   0.000000e+00
 4.135502e-04  -3.493300e-05   0.000000e+00   7.640778e-04  -4.246664e-05   0.000000e+00   0.000000e+00   0.000000e+00   1.803115e-03
-1.399200e-05   2.445834e-04   0.000000e+00  -4.246664e-05   4.056792e-04   0.000000e+00   0.000000e+00   0.000000e+00  -4.476872e-04
 0.000000e+00   0.000000e+00   1.441921e-03   0.000000e+00   0.000000e+00   3.219707e-03  -1.846158e-02   1.485920e-03   0.000000e+00
 0.000000e+00   0.000000e+00  -6.754851e-03   0.000000e+00   0.000000e+00  -1.846158e-02   1.848053e-01  -5.634282e-03   0.000000e+00
 0.000000e+00   0.000000e+00   1.033140e-03   0.000000e+00   0.000000e+00   1.485920e-03  -5.634282e-03   4.346955e-02   0.000000e+00
 4.702030e-04  -5.820896e-04   0.000000e+00   1.803115e-03  -4.476872e-04   0.000000e+00   0.000000e+00   0.000000e+00   4.285161e-02

# timestamp: 1774889236.3385131
 9.492678e-04  -3.594260e-06   0.000000e+00   4.058920e-04  -1.206902e-05   0.000000e+00   0.000000e+00   0.000000e+00   3.779500e-04
-3.594260e-06   8.587814e-04   0.000000e+00  -9.036044e-06   2.366149e-04   0.000000e+00   0.000000e+00   0.000000e+00   6.523824e-05
 0.000000e+00   0.000000e+00   1.342336e-03   0.000000e+00   0.000000e+00   1.328861e-03  -6.018943e-03  -1.178497e-04   0.000000e+00
 4.058920e-04  -9.036044e-06   0.000000e+00   7.555369e-04  -3.571430e-05   0.000000e+00   0.000000e+00   0.000000e+00   1.722537e-03
-1.206902e-05   2.366149e-04   0.000000e+00  -3.571430e-05   4.020853e-04   0.000000e+00   0.000000e+00   0.000000e+00  -2.719833e-04
 0.000000e+00   0.000000e+00   1.328861e-03   0.000000e+00   0.000000e+00   3.051208e-03  -1.746204e-02   1.407810e-04   0.000000e+00
 0.000000e+00   0.000000e+00  -6.018943e-03   0.000000e+00   0.000000e+00  -1.746204e-02   1.794812e-01   1.955763e-03   0.000000e+00
 0.000000e+00   0.000000e+00  -1.178497e-04   0.000000e+00   0.000000e+00   1.407810e-04   1.955763e-03   4.241927e-02   0.000000e+00
 3.779500e-04   6.523824e-05   0.000000e+00   1.722537e-03  -2.719833e-04   0.000000e+00   0.000000e+00   0.000000e+00   4.207742e-02

# timestamp: 1774889236.7273734
 1.032980e-03  -1.597724e-05   0.000000e+00   4.464304e-04  -1.948540e-05   0.000000e+00   0.000000e+00   0.000000e+00   6.734210e-04
-1.597724e-05   9.292347e-04   0.000000e+00  -4.007340e-05   2.567185e-04   0.000000e+00   0.000000e+00   0.000000e+00  -4.930674e-04
 0.000000e+00   0.000000e+00   1.569490e-03   0.000000e+00   0.000000e+00   1.573577e-03  -7.481526e-03  -2.561407e-04   0.000000e+00
 4.464304e-04  -4.007340e-05   0.000000e+00   7.757348e-04  -4.484011e-05   0.000000e+00   0.000000e+00   0.000000e+00   2.094418e-03
-1.948540e-05   2.567185e-04   0.000000e+00  -4.484011e-05   4.044583e-04   0.000000e+00   0.000000e+00   0.000000e+00  -3.244781e-04
 0.000000e+00   0.000000e+00   1.573577e-03   0.000000e+00   0.000000e+00   3.255349e-03  -1.860847e-02  -1.685093e-03   0.000000e+00
 0.000000e+00   0.000000e+00  -7.481526e-03   0.000000e+00   0.000000e+00  -1.860847e-02   1.839428e-01   2.062562e-02   0.000000e+00
 0.000000e+00   0.000000e+00  -2.561407e-04   0.000000e+00   0.000000e+00  -1.685093e-03   2.062562e-02   5.080765e-02   0.000000e+00
 6.734210e-04  -4.930674e-04   0.000000e+00   2.094418e-03  -3.244781e-04   0.000000e+00   0.000000e+00   0.000000e+00   4.706700e-02

# timestamp: 1774889236.7730472
 8.464009e-04  -5.353873e-06   0.000000e+00   3.546715e-04  -1.258377e-05   0.000000e+00   0.000000e+00   0.000000e+00   2.817933e-04
-5.353873e-06   7.758863e-04   0.000000e+00  -9.540226e-06   2.121556e-04   0.000000e+00   0.000000e+00   0.000000e+00   1.051107e-04
 0.000000e+00   0.000000e+00   1.139389e-03   0.000000e+00   0.000000e+00   1.091577e-03  -4.740511e-03  -1.206315e-03   0.000000e+00
 3.546715e-04  -9.540226e-06   0.000000e+00   7.160471e-04  -3.129676e-05   0.000000e+00   0.000000e+00   0.000000e+00   1.538452e-03
-1.258377e-05   2.121556e-04   0.000000e+00  -3.129676e-05   3.907409e-04   0.000000e+00   0.000000e+00   0.000000e+00  -7.282536e-05
 0.000000e+00   0.000000e+00   1.091577e-03   0.000000e+00   0.000000e+00   2.687541e-03  -1.511829e-02  -3.326079e-03   0.000000e+00
 0.000000e+00   0.000000e+00  -4.740511e-03   0.000000e+00   0.000000e+00  -1.511829e-02   1.600497e-01   3.308471e-02   0.000000e+00
 0.000000e+00   0.000000e+00  -1.206315e-03   0.000000e+00   0.000000e+00  -3.326079e-03   3.308471e-02   4.633528e-02   0.000000e+00
 2.817933e-04   1.051107e-04   0.000000e+00   1.538452e-03  -7.282536e-05   0.000000e+00   0.000000e+00   0.000000e+00   3.685653e-02

# timestamp: 1774889237.058339
 1.010624e-03  -7.478779e-06   0.000000e+00   4.275475e-04  -9.695506e-06   0.000000e+00   0.000000e+00   0.000000e+00   4.782793e-04
-7.478779e-06   9.101616e-04   0.000000e+00  -1.009683e-05   2.487115e-04   0.000000e+00   0.000000e+00   0.000000e+00   7.494435e-05
 0.000000e+00   0.000000e+00   1.450428e-03   0.000000e+00   0.000000e+00   1.406365e-03  -5.765258e-03  -2.067187e-03   0.000000e+00
 4.275475e-04  -1.009683e-05   0.000000e+00   7.713371e-04  -5.917782e-06   0.000000e+00   0.000000e+00   0.000000e+00   2.105942e-03
-9.695506e-06   2.487115e-04   0.000000e+00  -5.917782e-06   4.012017e-04   0.000000e+00   0.000000e+00   0.000000e+00   3.604669e-04
 0.000000e+00   0.000000e+00   1.406365e-03   0.000000e+00   0.000000e+00   3.081182e-03  -1.616535e-02  -5.799707e-03   0.000000e+00
 0.000000e+00   0.000000e+00  -5.765258e-03   0.000000e+00   0.000000e+00  -1.616535e-02   1.531140e-01   4.400124e-02   0.000000e+00
 0.000000e+00   0.000000e+00  -2.067187e-03   0.000000e+00   0.000000e+00  -5.799707e-03   4.400124e-02   6.554756e-02   0.000000e+00
 4.782793e-04   7.494435e-05   0.000000e+00   2.105942e-03   3.604669e-04   0.000000e+00   0.000000e+00   0.000000e+00   4.644355e-02

# timestamp: 1774889237.0962799
 9.795283e-04  -1.585755e-05   0.000000e+00   4.325490e-04  -7.179708e-06   0.000000e+00   0.000000e+00   0.000000e+00   8.893133e-04
-1.585755e-05   8.776121e-04   0.000000e+00  -3.334675e-05   2.356028e-04   0.000000e+00   0.000000e+00   0.000000e+00  -4.093608e-04
 0.000000e+00   0.000000e+00   1.459761e-03   0.000000e+00   0.000000e+00   1.482518e-03  -6.713735e-03  -1.678095e-03   0.000000e+00
 4.325490e-04  -3.334675e-05   0.000000e+00   7.798549e-04  -7.685352e-06   0.000000e+00   0.000000e+00   0.000000e+00   2.217837e-03
-7.179708e-06   2.356028e-04   0.000000e+00  -7.685352e-06   3.969943e-04   0.000000e+00   0.000000e+00   0.000000e+00   2.559800e-04
 0.000000e+00   0.000000e+00   1.482518e-03   0.000000e+00   0.000000e+00   3.207856e-03  -1.699534e-02  -5.843002e-03   0.000000e+00
 0.000000e+00   0.000000e+00  -6.713735e-03   0.000000e+00   0.000000e+00  -1.699534e-02   1.541442e-01   4.640807e-02   0.000000e+00
 0.000000e+00   0.000000e+00  -1.678095e-03   0.000000e+00   0.000000e+00  -5.843002e-03   4.640807e-02   6.557514e-02   0.000000e+00
 8.893133e-04  -4.093608e-04   0.000000e+00   2.217837e-03   2.559800e-04   0.000000e+00   0.000000e+00   0.000000e+00   4.444943e-02

# timestamp: 1774889237.1320102
 9.458387e-04  -6.337102e-06   0.000000e+00   3.990177e-04  -7.150807e-06   0.000000e+00   0.000000e+00   0.000000e+00   3.976288e-04
-6.337102e-06   8.577388e-04   0.000000e+00  -6.944018e-06   2.345548e-04   0.000000e+00   0.000000e+00   0.000000e+00   1.275872e-04
 0.000000e+00   0.000000e+00   1.316066e-03   0.000000e+00   0.000000e+00   1.268355e-03  -4.896906e-03  -2.254997e-03   0.000000e+00
 3.990177e-04  -6.944018e-06   0.000000e+00   7.566585e-04   2.408141e-06   0.000000e+00   0.000000e+00   0.000000e+00   1.950798e-03
-7.150807e-06   2.345548e-04   0.000000e+00   2.408141e-06   3.989510e-04   0.000000e+00   0.000000e+00   0.000000e+00   4.499326e-04
 0.000000e+00   0.000000e+00   1.268355e-03   0.000000e+00   0.000000e+00   2.932970e-03  -1.475350e-02  -6.655963e-03   0.000000e+00
 0.000000e+00   0.000000e+00  -4.896906e-03   0.000000e+00   0.000000e+00  -1.475350e-02   1.377064e-01   4.919422e-02   0.000000e+00
 0.000000e+00   0.000000e+00  -2.254997e-03   0.000000e+00   0.000000e+00  -6.655963e-03   4.919422e-02   6.914303e-02   0.000000e+00
 3.976288e-04   1.275872e-04   0.000000e+00   1.950798e-03   4.499326e-04   0.000000e+00   0.000000e+00   0.000000e+00   4.247567e-02

# timestamp: 1774889237.160588
 9.859280e-04  -6.640160e-06   0.000000e+00   4.170314e-04  -6.485378e-06   0.000000e+00   0.000000e+00   0.000000e+00   4.415677e-04
-6.640160e-06   8.903758e-04   0.000000e+00  -6.486378e-06   2.435899e-04   0.000000e+00   0.000000e+00   0.000000e+00   1.379442e-04
 0.000000e+00   0.000000e+00   1.395844e-03   0.000000e+00   0.000000e+00   1.351400e-03  -5.225901e-03  -2.403620e-03   0.000000e+00
 4.170314e-04  -6.486378e-06   0.000000e+00   7.701143e-04   6.498338e-06   0.000000e+00   0.000000e+00   0.000000e+00   2.073724e-03
-6.485378e-06   2.435899e-04   0.000000e+00   6.498338e-06   4.024703e-04   0.000000e+00   0.000000e+00   0.000000e+00   5.100204e-04
 0.000000e+00   0.000000e+00   1.351400e-03   0.000000e+00   0.000000e+00   3.037441e-03  -1.520984e-02  -6.890002e-03   0.000000e+00
 0.000000e+00   0.000000e+00  -5.225901e-03   0.000000e+00   0.000000e+00  -1.520984e-02   1.399145e-01   4.919422e-02   0.000000e+00
 0.000000e+00   0.000000e+00  -2.403620e-03   0.000000e+00   0.000000e+00  -6.890002e-03   4.919422e-02   7.135112e-02   0.000000e+00
 4.415677e-04   1.379442e-04   0.000000e+00   2.073724e-03   5.100204e-04   0.000000e+00   0.000000e+00   0.000000e+00   4.468376e-02

# timestamp: 1774889237.4309065
 9.303266e-04  -3.659039e-06   0.000000e+00   3.941379e-04   2.878460e-06   0.000000e+00   0.000000e+00   0.000000e+00   3.514284e-04
-3.659039e-06   8.450115e-04   0.000000e+00   4.800688e-06   2.340073e-04   0.000000e+00   0.000000e+00   0.000000e+00   2.304920e-04
 0.000000e+00   0.000000e+00   1.286550e-03   0.000000e+00   0.000000e+00   1.262555e-03  -4.161603e-03  -3.082813e-03   0.000000e+00
 3.941379e-04   4.800688e-06   0.000000e+00   7.709028e-04   4.183752e-05   0.000000e+00   0.000000e+00   0.000000e+00   2.006188e-03
 2.878460e-06   2.340073e-04   0.000000e+00   4.183752e-05   4.114142e-04   0.000000e+00   0.000000e+00   0.000000e+00   7.811777e-04
 0.000000e+00   0.000000e+00   1.262555e-03   0.000000e+00   0.000000e+00   3.046585e-03  -1.338689e-02  -9.499922e-03   0.000000e+00
 0.000000e+00   0.000000e+00  -4.161603e-03   0.000000e+00   0.000000e+00  -1.338689e-02   1.130054e-01   5.724049e-02   0.000000e+00
 0.000000e+00   0.000000e+00  -3.082813e-03   0.000000e+00   0.000000e+00  -9.499922e-03   5.724049e-02   8.893390e-02   0.000000e+00
 3.514284e-04   2.304920e-04   0.000000e+00   2.006188e-03   7.811777e-04   0.000000e+00   0.000000e+00   0.000000e+00   4.173236e-02

# timestamp: 1774889237.4740481
 1.025306e-03  -3.084877e-06   0.000000e+00   4.377315e-04   6.556938e-06   0.000000e+00   0.000000e+00   0.000000e+00   4.613526e-04
-3.084877e-06   9.223188e-04   0.000000e+00   8.965833e-06   2.563992e-04   0.000000e+00   0.000000e+00   0.000000e+00   2.736129e-04
 0.000000e+00   0.000000e+00   1.479354e-03   0.000000e+00   0.000000e+00   1.467474e-03  -4.874796e-03  -3.588646e-03   0.000000e+00
 4.377315e-04   8.965833e-06   0.000000e+00   8.056886e-04   5.422492e-05   0.000000e+00   0.000000e+00   0.000000e+00   2.314705e-03
 6.556938e-06   2.563992e-04   0.000000e+00   5.422492e-05   4.217677e-04   0.000000e+00   0.000000e+00   0.000000e+00   9.181097e-04
 0.000000e+00   0.000000e+00   1.467474e-03   0.000000e+00   0.000000e+00   3.301898e-03  -1.435845e-02  -1.017310e-02   0.000000e+00
 0.000000e+00   0.000000e+00  -4.874796e-03   0.000000e+00   0.000000e+00  -1.435845e-02   1.181935e-01   5.724049e-02   0.000000e+00
 0.000000e+00   0.000000e+00  -3.588646e-03   0.000000e+00   0.000000e+00  -1.017310e-02   5.724049e-02   9.412194e-02   0.000000e+00
 4.613526e-04   2.736129e-04   0.000000e+00   2.314705e-03   9.181097e-04   0.000000e+00   0.000000e+00   0.000000e+00   4.692040e-02

# timestamp: 1774889237.503409
 8.917134e-04  -2.250400e-06   0.000000e+00   3.783625e-04   5.710375e-06   0.000000e+00   0.000000e+00   0.000000e+00   3.472402e-04
-2.250400e-06   8.129975e-04   0.000000e+00   7.334375e-06   2.255479e-04   0.000000e+00   0.000000e+00   0.000000e+00   2.003515e-04
 0.000000e+00   0.000000e+00   1.217710e-03   0.000000e+00   0.000000e+00   1.209665e-03  -3.938020e-03  -3.068772e-03   0.000000e+00
 3.783625e-04   7.334375e-06   0.000000e+00   7.661917e-04   4.995781e-05   0.000000e+00   0.000000e+00   0.000000e+00   1.938682e-03
 5.710375e-06   2.255479e-04   0.000000e+00   4.995781e-05   4.116909e-04   0.000000e+00   0.000000e+00   0.000000e+00   7.742266e-04
 0.000000e+00   0.000000e+00   1.209665e-03   0.000000e+00   0.000000e+00   3.051789e-03  -1.321867e-02  -9.983061e-03   0.000000e+00
 0.000000e+00   0.000000e+00  -3.938020e-03   0.000000e+00   0.000000e+00  -1.321867e-02   1.094757e-01   5.961115e-02   0.000000e+00
 0.000000e+00   0.000000e+00  -3.068772e-03   0.000000e+00   0.000000e+00  -9.983061e-03   5.961115e-02   9.104001e-02   0.000000e+00
 3.472402e-04   2.003515e-04   0.000000e+00   1.938682e-03   7.742266e-04   0.000000e+00   0.000000e+00   0.000000e+00   3.940772e-02

# timestamp: 1774889237.5395885
 9.482749e-04  -1.766665e-06   0.000000e+00   4.045832e-04   8.034539e-06   0.000000e+00   0.000000e+00   0.000000e+00   4.107980e-04
-1.766665e-06   8.594714e-04   0.000000e+00   9.918186e-06   2.390760e-04   0.000000e+00   0.000000e+00   0.000000e+00   2.257369e-04
 0.000000e+00   0.000000e+00   1.329864e-03   0.000000e+00   0.000000e+00   1.331765e-03  -4.364229e-03  -3.390401e-03   0.000000e+00
 4.045832e-04   9.918186e-06   0.000000e+00   7.865878e-04   5.684983e-05   0.000000e+00   0.000000e+00   0.000000e+00   2.114704e-03
 8.034539e-06   2.390760e-04   0.000000e+00   5.684983e-05   4.176222e-04   0.000000e+00   0.000000e+00   0.000000e+00   8.447965e-04
 0.000000e+00   0.000000e+00   1.331765e-03   0.000000e+00   0.000000e+00   3.204519e-03  -1.379416e-02  -1.039505e-02   0.000000e+00
 0.000000e+00   0.000000e+00  -4.364229e-03   0.000000e+00   0.000000e+00  -1.379416e-02   1.126490e-01   5.961115e-02   0.000000e+00
 0.000000e+00   0.000000e+00  -3.390401e-03   0.000000e+00   0.000000e+00  -1.039505e-02   5.961115e-02   9.421338e-02   0.000000e+00
 4.107980e-04   2.257369e-04   0.000000e+00   2.114704e-03   8.447965e-04   0.000000e+00   0.000000e+00   0.000000e+00   4.258110e-02

# timestamp: 1774889237.7703152
 1.000705e-03   2.974756e-06   0.000000e+00   4.326071e-04   1.878000e-05   0.000000e+00   0.000000e+00   0.000000e+00   4.441179e-04
 2.974756e-06   9.024311e-04   0.000000e+00   2.396234e-05   2.540766e-04   0.000000e+00   0.000000e+00   0.000000e+00   3.127030e-04
 0.000000e+00   0.000000e+00   1.463159e-03   0.000000e+00   0.000000e+00   1.523515e-03  -4.924569e-03  -4.175548e-03   0.000000e+00
 4.326071e-04   2.396234e-05   0.000000e+00   8.234812e-04   8.377659e-05   0.000000e+00   0.000000e+00   0.000000e+00   2.325766e-03
 1.878000e-05   2.540766e-04   0.000000e+00   8.377659e-05   4.287089e-04   0.000000e+00   0.000000e+00   0.000000e+00   9.162635e-04
 0.000000e+00   0.000000e+00   1.523515e-03   0.000000e+00   0.000000e+00   3.567441e-03  -1.495793e-02  -1.190983e-02   0.000000e+00
 0.000000e+00   0.000000e+00  -4.924569e-03   0.000000e+00   0.000000e+00  -1.495793e-02   1.168216e-01   6.325632e-02   0.000000e+00
 0.000000e+00   0.000000e+00  -4.175548e-03   0.000000e+00   0.000000e+00  -1.190983e-02   6.325632e-02   1.015196e-01   0.000000e+00
 4.441179e-04   3.127030e-04   0.000000e+00   2.325766e-03   9.162635e-04   0.000000e+00   0.000000e+00   0.000000e+00   4.521546e-02

# timestamp: 1774889237.8273811
 9.350324e-04   3.781313e-06   0.000000e+00   4.048813e-04   1.921714e-05   0.000000e+00   0.000000e+00   0.000000e+00   4.075069e-04
 3.781313e-06   8.481888e-04   0.000000e+00   2.368896e-05   2.389247e-04   0.000000e+00   0.000000e+00   0.000000e+00   2.549540e-04
 0.000000e+00   0.000000e+00   1.338343e-03   0.000000e+00   0.000000e+00   1.411614e-03  -4.645044e-03  -3.841934e-03   0.000000e+00
 4.048813e-04   2.368896e-05   0.000000e+00   8.060607e-04   8.251308e-05   0.000000e+00   0.000000e+00   0.000000e+00   2.150063e-03
 1.921714e-05   2.389247e-04   0.000000e+00   8.251308e-05   4.231612e-04   0.000000e+00   0.000000e+00   0.000000e+00   8.068041e-04
 0.000000e+00   0.000000e+00   1.411614e-03   0.000000e+00   0.000000e+00   3.488056e-03  -1.484425e-02  -1.162612e-02   0.000000e+00
 0.000000e+00   0.000000e+00  -4.645044e-03   0.000000e+00   0.000000e+00  -1.484425e-02   1.165742e-01   6.413854e-02   0.000000e+00
 0.000000e+00   0.000000e+00  -3.841934e-03   0.000000e+00   0.000000e+00  -1.162612e-02   6.413854e-02   9.736396e-02   0.000000e+00
 4.075069e-04   2.549540e-04   0.000000e+00   2.150063e-03   8.068041e-04   0.000000e+00   0.000000e+00   0.000000e+00   4.191459e-02

# timestamp: 1774889237.8572743
 9.951179e-04   5.289154e-06   0.000000e+00   4.335422e-04   2.252724e-05   0.000000e+00   0.000000e+00   0.000000e+00   4.795818e-04
 5.289154e-06   8.969783e-04   0.000000e+00   2.766664e-05   2.531897e-04   0.000000e+00   0.000000e+00   0.000000e+00   2.818162e-04
 0.000000e+00   0.000000e+00   1.467606e-03   0.000000e+00   0.000000e+00   1.554474e-03  -5.135933e-03  -4.225782e-03   0.000000e+00
 4.335422e-04   2.766664e-05   0.000000e+00   8.293701e-04   8.894362e-05   0.000000e+00   0.000000e+00   0.000000e+00   2.347432e-03
 2.252724e-05   2.531897e-04   0.000000e+00   8.894362e-05   4.284453e-04   0.000000e+00   0.000000e+00   0.000000e+00   8.603100e-04
 0.000000e+00   0.000000e+00   1.554474e-03   0.000000e+00   0.000000e+00   3.654927e-03  -1.545185e-02  -1.203247e-02   0.000000e+00
 0.000000e+00   0.000000e+00  -5.135933e-03   0.000000e+00   0.000000e+00  -1.545185e-02   1.198444e-01   6.413854e-02   0.000000e+00
 0.000000e+00   0.000000e+00  -4.225782e-03   0.000000e+00   0.000000e+00  -1.203247e-02   6.413854e-02   1.006342e-01   0.000000e+00
 4.795818e-04   2.818162e-04   0.000000e+00   2.347432e-03   8.603100e-04   0.000000e+00   0.000000e+00   0.000000e+00   4.518479e-02

# timestamp: 1774889238.1585517
 1.016933e-03   1.257816e-05   0.000000e+00   4.533192e-04   3.407047e-05   0.000000e+00   0.000000e+00   0.000000e+00   5.798742e-04
 1.257816e-05   9.121762e-04   0.000000e+00   3.880072e-05   2.582528e-04   0.000000e+00   0.000000e+00   0.000000e+00   1.960523e-04
 0.000000e+00   0.000000e+00   1.542166e-03   0.000000e+00   0.000000e+00   1.678718e-03  -5.745297e-03  -4.378803e-03   0.000000e+00
 4.533192e-04   3.880072e-05   0.000000e+00   8.622948e-04   1.029796e-04   0.000000e+00   0.000000e+00   0.000000e+00   2.487603e-03
 3.407047e-05   2.582528e-04   0.000000e+00   1.029796e-04   4.284425e-04   0.000000e+00   0.000000e+00   0.000000e+00   7.081434e-04
 0.000000e+00   0.000000e+00   1.678718e-03   0.000000e+00   0.000000e+00   3.882831e-03  -1.661743e-02  -1.216479e-02   0.000000e+00
 0.000000e+00   0.000000e+00  -5.745297e-03   0.000000e+00   0.000000e+00  -1.661743e-02   1.269902e-01   6.552938e-02   0.000000e+00
 0.000000e+00   0.000000e+00  -4.378803e-03   0.000000e+00   0.000000e+00  -1.216479e-02   6.552938e-02   9.919083e-02   0.000000e+00
 5.798742e-04   1.960523e-04   0.000000e+00   2.487603e-03   7.081434e-04   0.000000e+00   0.000000e+00   0.000000e+00   4.594554e-02

# timestamp: 1774889238.21369
 9.373631e-04   1.154049e-05   0.000000e+00   4.159023e-04   3.173528e-05   0.000000e+00   0.000000e+00   0.000000e+00   4.471556e-04
 1.154049e-05   8.481101e-04   0.000000e+00   3.669098e-05   2.400130e-04   0.000000e+00   0.000000e+00   0.000000e+00   1.918894e-04
 0.000000e+00   0.000000e+00   1.367654e-03   0.000000e+00   0.000000e+00   1.488548e-03  -5.014026e-03  -3.958670e-03   0.000000e+00
 4.159023e-04   3.669098e-05   0.000000e+00   8.369310e-04   9.915500e-05   0.000000e+00   0.000000e+00   0.000000e+00   2.215707e-03
 3.173528e-05   2.400130e-04   0.000000e+00   9.915500e-05   4.219166e-04   0.000000e+00   0.000000e+00   0.000000e+00   6.237264e-04
 0.000000e+00   0.000000e+00   1.488548e-03   0.000000e+00   0.000000e+00   3.676099e-03  -1.576138e-02  -1.178062e-02   0.000000e+00
 0.000000e+00   0.000000e+00  -5.014026e-03   0.000000e+00   0.000000e+00  -1.576138e-02   1.221227e-01   6.610783e-02   0.000000e+00
 0.000000e+00   0.000000e+00  -3.958670e-03   0.000000e+00   0.000000e+00  -1.178062e-02   6.610783e-02   9.580766e-02   0.000000e+00
 4.471556e-04   1.918894e-04   0.000000e+00   2.215707e-03   6.237264e-04   0.000000e+00   0.000000e+00   0.000000e+00   4.141087e-02

# timestamp: 1774889238.2500067
 1.025806e-03   1.502988e-05   0.000000e+00   4.593578e-04   3.722856e-05   0.000000e+00   0.000000e+00   0.000000e+00   5.567660e-04
 1.502988e-05   9.189088e-04   0.000000e+00   4.284769e-05   2.603711e-04   0.000000e+00   0.000000e+00   0.000000e+00   2.223734e-04
 0.000000e+00   0.000000e+00   1.565098e-03   0.000000e+00   0.000000e+00   1.707281e-03  -5.773932e-03  -4.524725e-03   0.000000e+00
 4.593578e-04   4.284769e-05   0.000000e+00   8.718005e-04   1.064675e-04   0.000000e+00   0.000000e+00   0.000000e+00   2.499307e-03
 3.722856e-05   2.603711e-04   0.000000e+00   1.064675e-04   4.283731e-04   0.000000e+00   0.000000e+00   0.000000e+00   6.826905e-04
 0.000000e+00   0.000000e+00   1.707281e-03   0.000000e+00   0.000000e+00   3.920368e-03  -1.664966e-02  -1.233519e-02   0.000000e+00
 0.000000e+00   0.000000e+00  -5.773932e-03   0.000000e+00   0.000000e+00  -1.664966e-02   1.268418e-01   6.610783e-02   0.000000e+00
 0.000000e+00   0.000000e+00  -4.524725e-03   0.000000e+00   0.000000e+00  -1.233519e-02   6.610783e-02   1.005268e-01   0.000000e+00
 5.567660e-04   2.223734e-04   0.000000e+00   2.499307e-03   6.826905e-04   0.000000e+00   0.000000e+00   0.000000e+00   4.612996e-02

# timestamp: 1774889238.5122933
 9.225131e-04   1.524096e-05   0.000000e+00   4.126722e-04   3.661814e-05   0.000000e+00   0.000000e+00   0.000000e+00   3.636840e-04
 1.524096e-05   8.341333e-04   0.000000e+00   4.195302e-05   2.359299e-04   0.000000e+00   0.000000e+00   0.000000e+00   1.980995e-04
 0.000000e+00   0.000000e+00   1.328684e-03   0.000000e+00   0.000000e+00   1.435213e-03  -4.596167e-03  -3.977780e-03   0.000000e+00
 4.126722e-04   4.195302e-05   0.000000e+00   8.444968e-04   1.031250e-04   0.000000e+00   0.000000e+00   0.000000e+00   2.123638e-03
 3.661814e-05   2.359299e-04   0.000000e+00   1.031250e-04   4.182806e-04   0.000000e+00   0.000000e+00   0.000000e+00   5.356437e-04
 0.000000e+00   0.000000e+00   1.435213e-03   0.000000e+00   0.000000e+00   3.585363e-03  -1.494248e-02  -1.193000e-02   0.000000e+00
 0.000000e+00   0.000000e+00  -4.596167e-03   0.000000e+00   0.000000e+00  -1.494248e-02   1.161001e-01   6.706407e-02   0.000000e+00
 0.000000e+00   0.000000e+00  -3.977780e-03   0.000000e+00   0.000000e+00  -1.193000e-02   6.706407e-02   9.991787e-02   0.000000e+00
 3.636840e-04   1.980995e-04   0.000000e+00   2.123638e-03   5.356437e-04   0.000000e+00   0.000000e+00   0.000000e+00   4.029007e-02

# timestamp: 1774889238.577447
 8.741743e-04   1.462542e-05   0.000000e+00   3.916514e-04   3.552473e-05   0.000000e+00   0.000000e+00   0.000000e+00   3.477679e-04
 1.462542e-05   7.936990e-04   0.000000e+00   4.001204e-05   2.243472e-04   0.000000e+00   0.000000e+00   0.000000e+00   1.596900e-04
 0.000000e+00   0.000000e+00   1.233448e-03   0.000000e+00   0.000000e+00   1.334104e-03  -4.263145e-03  -3.755536e-03   0.000000e+00
 3.916514e-04   4.001204e-05   0.000000e+00   8.301316e-04   1.010015e-04   0.000000e+00   0.000000e+00   0.000000e+00   1.985597e-03
 3.552473e-05   2.243472e-04   0.000000e+00   1.010015e-04   4.141694e-04   0.000000e+00   0.000000e+00   0.000000e+00   4.899297e-04
 0.000000e+00   0.000000e+00   1.334104e-03   0.000000e+00   0.000000e+00   3.463722e-03  -1.437027e-02  -1.183154e-02   0.000000e+00
 0.000000e+00   0.000000e+00  -4.263145e-03   0.000000e+00   0.000000e+00  -1.437027e-02   1.118876e-01   6.781008e-02   0.000000e+00
 0.000000e+00   0.000000e+00  -3.755536e-03   0.000000e+00   0.000000e+00  -1.183154e-02   6.781008e-02   1.002332e-01   0.000000e+00
 3.477679e-04   1.596900e-04   0.000000e+00   1.985597e-03   4.899297e-04   0.000000e+00   0.000000e+00   0.000000e+00   3.784281e-02

# timestamp: 1774889238.863681
 1.030139e-03   2.454944e-05   0.000000e+00   4.722002e-04   4.944963e-05   0.000000e+00   0.000000e+00   0.000000e+00   5.664636e-04
 2.454944e-05   9.156403e-04   0.000000e+00   5.299887e-05   2.593875e-04   0.000000e+00   0.000000e+00   0.000000e+00   1.759661e-04
 0.000000e+00   0.000000e+00   1.559094e-03   0.000000e+00   0.000000e+00   1.661476e-03  -5.028624e-03  -4.967669e-03   0.000000e+00
 4.722002e-04   5.299887e-05   0.000000e+00   8.876037e-04   1.169323e-04   0.000000e+00   0.000000e+00   0.000000e+00   2.420613e-03
 4.944963e-05   2.593875e-04   0.000000e+00   1.169323e-04   4.253718e-04   0.000000e+00   0.000000e+00   0.000000e+00   6.238054e-04
 0.000000e+00   0.000000e+00   1.661476e-03   0.000000e+00   0.000000e+00   3.697173e-03  -1.410907e-02  -1.321324e-02   0.000000e+00
 0.000000e+00   0.000000e+00  -5.028624e-03   0.000000e+00   0.000000e+00  -1.410907e-02   1.063360e-01   6.567638e-02   0.000000e+00
 0.000000e+00   0.000000e+00  -4.967669e-03   0.000000e+00   0.000000e+00  -1.321324e-02   6.567638e-02   1.189274e-01   0.000000e+00
 5.664636e-04   1.759661e-04   0.000000e+00   2.420613e-03   6.238054e-04   0.000000e+00   0.000000e+00   0.000000e+00   4.626686e-02

# timestamp: 1774889238.9487393
 1.000103e-03   2.405306e-05   0.000000e+00   4.586192e-04   4.872933e-05   0.000000e+00   0.000000e+00   0.000000e+00   5.331588e-04
 2.405306e-05   8.911151e-04   0.000000e+00   5.168827e-05   2.524729e-04   0.000000e+00   0.000000e+00   0.000000e+00   1.580602e-04
 0.000000e+00   0.000000e+00   1.480632e-03   0.000000e+00   0.000000e+00   1.553170e-03  -4.456330e-03  -4.804861e-03   0.000000e+00
 4.586192e-04   5.168827e-05   0.000000e+00   8.762142e-04   1.156676e-04   0.000000e+00   0.000000e+00   0.000000e+00   2.325976e-03
 4.872933e-05   2.524729e-04   0.000000e+00   1.156676e-04   4.228888e-04   0.000000e+00   0.000000e+00   0.000000e+00   6.026291e-04
 0.000000e+00   0.000000e+00   1.553170e-03   0.000000e+00   0.000000e+00   3.497507e-03  -1.277841e-02  -1.305040e-02   0.000000e+00
 0.000000e+00   0.000000e+00  -4.456330e-03   0.000000e+00   0.000000e+00  -1.277841e-02   9.675102e-02   6.327014e-02   0.000000e+00
 0.000000e+00   0.000000e+00  -4.804861e-03   0.000000e+00   0.000000e+00  -1.305040e-02   6.327014e-02   1.230012e-01   0.000000e+00
 5.331588e-04   1.580602e-04   0.000000e+00   2.325976e-03   6.026291e-04   0.000000e+00   0.000000e+00   0.000000e+00   4.477332e-02

# timestamp: 1774889239.2597876
 1.015911e-03   2.727330e-05   0.000000e+00   4.689826e-04   5.155078e-05   0.000000e+00   0.000000e+00   0.000000e+00   5.593336e-04
 2.727330e-05   9.010962e-04   0.000000e+00   5.450994e-05   2.545122e-04   0.000000e+00   0.000000e+00   0.000000e+00   1.448228e-04
 0.000000e+00   0.000000e+00   1.497420e-03   0.000000e+00   0.000000e+00   1.537214e-03  -4.475247e-03  -4.860541e-03   0.000000e+00
 4.689826e-04   5.450994e-05   0.000000e+00   8.847962e-04   1.142409e-04   0.000000e+00   0.000000e+00   0.000000e+00   2.387482e-03
 5.155078e-05   2.545122e-04   0.000000e+00   1.142409e-04   4.200798e-04   0.000000e+00   0.000000e+00   0.000000e+00   5.159480e-04
 0.000000e+00   0.000000e+00   1.537214e-03   0.000000e+00   0.000000e+00   3.373500e-03  -1.259815e-02  -1.281195e-02   0.000000e+00
 0.000000e+00   0.000000e+00  -4.475247e-03   0.000000e+00   0.000000e+00  -1.259815e-02   9.938290e-02   6.468647e-02   0.000000e+00
 0.000000e+00   0.000000e+00  -4.860541e-03   0.000000e+00   0.000000e+00  -1.281195e-02   6.468647e-02   1.239307e-01   0.000000e+00
 5.593336e-04   1.448228e-04   0.000000e+00   2.387482e-03   5.159480e-04   0.000000e+00   0.000000e+00   0.000000e+00   4.546010e-02

# timestamp: 1774889239.3010154
 9.241644e-04   2.287159e-05   0.000000e+00   4.240675e-04   4.564390e-05   0.000000e+00   0.000000e+00   0.000000e+00   4.531067e-04
 2.287159e-05   8.284289e-04   0.000000e+00   4.835791e-05   2.333483e-04   0.000000e+00   0.000000e+00   0.000000e+00   1.132103e-04
 0.000000e+00   0.000000e+00   1.296313e-03   0.000000e+00   0.000000e+00   1.314920e-03  -3.943971e-03  -3.831037e-03   0.000000e+00
 4.240675e-04   4.835791e-05   0.000000e+00   8.536077e-04   1.066875e-04   0.000000e+00   0.000000e+00   0.000000e+00   2.117521e-03
 4.564390e-05   2.333483e-04   0.000000e+00   1.066875e-04   4.123401e-04   0.000000e+00   0.000000e+00   0.000000e+00   4.278772e-04
 0.000000e+00   0.000000e+00   1.314920e-03   0.000000e+00   0.000000e+00   3.109864e-03  -1.220347e-02  -1.108768e-02   0.000000e+00
 0.000000e+00   0.000000e+00  -3.943971e-03   0.000000e+00   0.000000e+00  -1.220347e-02   1.010398e-01   6.207478e-02   0.000000e+00
 0.000000e+00   0.000000e+00  -3.831037e-03   0.000000e+00   0.000000e+00  -1.108768e-02   6.207478e-02   1.052954e-01   0.000000e+00
 4.531067e-04   1.132103e-04   0.000000e+00   2.117521e-03   4.278772e-04   0.000000e+00   0.000000e+00   0.000000e+00   4.028246e-02

# timestamp: 1774889239.377576
 1.060611e-03   3.015546e-05   0.000000e+00   4.916945e-04   5.383325e-05   0.000000e+00   0.000000e+00   0.000000e+00   6.119774e-04
 3.015546e-05   9.352075e-04   0.000000e+00   5.741036e-05   2.632773e-04   0.000000e+00   0.000000e+00   0.000000e+00   1.443956e-04
 0.000000e+00   0.000000e+00   1.572958e-03   0.000000e+00   0.000000e+00   1.590454e-03  -4.833845e-03  -4.634439e-03   0.000000e+00
 4.916945e-04   5.741036e-05   0.000000e+00   9.063921e-04   1.129693e-04   0.000000e+00   0.000000e+00   0.000000e+00   2.563161e-03
 5.383325e-05   2.632773e-04   0.000000e+00   1.129693e-04   4.202098e-04   0.000000e+00   0.000000e+00   0.000000e+00   4.654342e-04
 0.000000e+00   0.000000e+00   1.590454e-03   0.000000e+00   0.000000e+00   3.384656e-03  -1.329325e-02  -1.178465e-02   0.000000e+00
 0.000000e+00   0.000000e+00  -4.833845e-03   0.000000e+00   0.000000e+00  -1.329325e-02   1.081748e-01   6.207478e-02   0.000000e+00
 0.000000e+00   0.000000e+00  -4.634439e-03   0.000000e+00   0.000000e+00  -1.178465e-02   6.207478e-02   1.124304e-01   0.000000e+00
 6.119774e-04   1.443956e-04   0.000000e+00   2.563161e-03   4.654342e-04   0.000000e+00   0.000000e+00   0.000000e+00   4.741754e-02

# timestamp: 1774889239.6462948
 9.953343e-04   2.656666e-05   0.000000e+00   4.614671e-04   4.601771e-05   0.000000e+00   0.000000e+00   0.000000e+00   5.293364e-04
 2.656666e-05   8.835713e-04   0.000000e+00   5.052215e-05   2.463302e-04   0.000000e+00   0.000000e+00   0.000000e+00   1.165645e-04
 0.000000e+00   0.000000e+00   1.376448e-03   0.000000e+00   0.000000e+00   1.318693e-03  -4.294643e-03  -2.439310e-03   0.000000e+00
 4.614671e-04   5.052215e-05   0.000000e+00   8.946165e-04   9.157811e-05   0.000000e+00   0.000000e+00   0.000000e+00   2.410872e-03
 4.601771e-05   2.463302e-04   0.000000e+00   9.157811e-05   4.085865e-04   0.000000e+00   0.000000e+00   0.000000e+00   2.079251e-04
 0.000000e+00   0.000000e+00   1.318693e-03   0.000000e+00   0.000000e+00   2.967027e-03  -1.316062e-02  -6.506300e-03   0.000000e+00
 0.000000e+00   0.000000e+00  -4.294643e-03   0.000000e+00   0.000000e+00  -1.316062e-02   1.210302e-01   3.960626e-02   0.000000e+00
 0.000000e+00   0.000000e+00  -2.439310e-03   0.000000e+00   0.000000e+00  -6.506300e-03   3.960626e-02   6.669426e-02   0.000000e+00
 5.293364e-04   1.165645e-04   0.000000e+00   2.410872e-03   2.079251e-04   0.000000e+00   0.000000e+00   0.000000e+00   4.381263e-02

# timestamp: 1774889239.7185037
 1.014709e-03   1.785527e-05   0.000000e+00   4.781323e-04   4.346548e-05   0.000000e+00   0.000000e+00   0.000000e+00   6.839691e-04
 1.785527e-05   9.006758e-04   0.000000e+00   1.509962e-05   2.485139e-04   0.000000e+00   0.000000e+00   0.000000e+00  -4.952799e-04
 0.000000e+00   0.000000e+00   1.365456e-03   0.000000e+00   0.000000e+00   1.264512e-03  -4.189842e-03  -1.109471e-03   0.000000e+00
 4.781323e-04   1.509962e-05   0.000000e+00   9.095577e-04   7.779841e-05   0.000000e+00   0.000000e+00   0.000000e+00   2.529068e-03
 4.346548e-05   2.485139e-04   0.000000e+00   7.779841e-05   4.074008e-04   0.000000e+00   0.000000e+00   0.000000e+00  -4.159551e-06
 0.000000e+00   0.000000e+00   1.264512e-03   0.000000e+00   0.000000e+00   2.881540e-03  -1.315302e-02  -4.833007e-03   0.000000e+00
 0.000000e+00   0.000000e+00  -4.189842e-03   0.000000e+00   0.000000e+00  -1.315302e-02   1.236545e-01   3.301944e-02   0.000000e+00
 0.000000e+00   0.000000e+00  -1.109471e-03   0.000000e+00   0.000000e+00  -4.833007e-03   3.301944e-02   6.078591e-02   0.000000e+00
 6.839691e-04  -4.952799e-04   0.000000e+00   2.529068e-03  -4.159551e-06   0.000000e+00   0.000000e+00   0.000000e+00   4.482818e-02

# timestamp: 1774889239.74146
 9.700263e-04   2.489113e-05   0.000000e+00   4.477161e-04   4.258364e-05   0.000000e+00   0.000000e+00   0.000000e+00   4.498930e-04
 2.489113e-05   8.647488e-04   0.000000e+00   4.892473e-05   2.399496e-04   0.000000e+00   0.000000e+00   0.000000e+00   1.829891e-04
 0.000000e+00   0.000000e+00   1.316276e-03   0.000000e+00   0.000000e+00   1.247153e-03  -4.082947e-03  -2.144502e-03   0.000000e+00
 4.477161e-04   4.892473e-05   0.000000e+00   8.890657e-04   8.292122e-05   0.000000e+00   0.000000e+00   0.000000e+00   2.325610e-03
 4.258364e-05   2.399496e-04   0.000000e+00   8.292122e-05   4.047432e-04   0.000000e+00   0.000000e+00   0.000000e+00   1.428184e-04
 0.000000e+00   0.000000e+00   1.247153e-03   0.000000e+00   0.000000e+00   2.899447e-03  -1.329185e-02  -5.655489e-03   0.000000e+00
 0.000000e+00   0.000000e+00  -4.082947e-03   0.000000e+00   0.000000e+00  -1.329185e-02   1.251998e-01   3.584156e-02   0.000000e+00
 0.000000e+00   0.000000e+00  -2.144502e-03   0.000000e+00   0.000000e+00  -5.655489e-03   3.584156e-02   5.961639e-02   0.000000e+00
 4.498930e-04   1.829891e-04   0.000000e+00   2.325610e-03   1.428184e-04   0.000000e+00   0.000000e+00   0.000000e+00   4.208549e-02

# timestamp: 1774889240.0734882
 8.680684e-04   1.792841e-05   0.000000e+00   4.000142e-04   3.071355e-05   0.000000e+00   0.000000e+00   0.000000e+00   3.507108e-04
 1.792841e-05   7.805719e-04   0.000000e+00   3.593935e-05   2.142898e-04   0.000000e+00   0.000000e+00   0.000000e+00   9.800584e-05
 0.000000e+00   0.000000e+00   1.136107e-03   0.000000e+00   0.000000e+00   1.106368e-03  -4.030508e-03  -1.666330e-03   0.000000e+00
 4.000142e-04   3.593935e-05   0.000000e+00   8.562294e-04   5.417048e-05   0.000000e+00   0.000000e+00   0.000000e+00   2.000435e-03
 3.071355e-05   2.142898e-04   0.000000e+00   5.417048e-05   3.927815e-04   0.000000e+00   0.000000e+00   0.000000e+00  -3.344379e-05
 0.000000e+00   0.000000e+00   1.106368e-03   0.000000e+00   0.000000e+00   2.903589e-03  -1.461088e-02  -5.098760e-03   0.000000e+00
 0.000000e+00   0.000000e+00  -4.030508e-03   0.000000e+00   0.000000e+00  -1.461088e-02   1.386925e-01   3.878119e-02   0.000000e+00
 0.000000e+00   0.000000e+00  -1.666330e-03   0.000000e+00   0.000000e+00  -5.098760e-03   3.878119e-02   5.264645e-02   0.000000e+00
 3.507108e-04   9.800584e-05   0.000000e+00   2.000435e-03  -3.344379e-05   0.000000e+00   0.000000e+00   0.000000e+00   3.733226e-02

# timestamp: 1774889240.368622
 1.037649e-03   2.183600e-05   0.000000e+00   4.842553e-04   3.292153e-05   0.000000e+00   0.000000e+00   0.000000e+00   5.061332e-04
 2.183600e-05   9.110622e-04   0.000000e+00   3.651677e-05   2.488165e-04   0.000000e+00   0.000000e+00   0.000000e+00   1.021579e-04
 0.000000e+00   0.000000e+00   1.457464e-03   0.000000e+00   0.000000e+00   1.458574e-03  -5.386975e-03  -2.497497e-03   0.000000e+00
 4.842553e-04   3.651677e-05   0.000000e+00   9.142100e-04   5.389877e-05   0.000000e+00   0.000000e+00   0.000000e+00   2.437657e-03
 3.292153e-05   2.488165e-04   0.000000e+00   5.389877e-05   3.995608e-04   0.000000e+00   0.000000e+00   0.000000e+00   1.338984e-04
 0.000000e+00   0.000000e+00   1.458574e-03   0.000000e+00   0.000000e+00   3.344173e-03  -1.627993e-02  -6.790533e-03   0.000000e+00
 0.000000e+00   0.000000e+00  -5.386975e-03   0.000000e+00   0.000000e+00  -1.627993e-02   1.435521e-01   4.633516e-02   0.000000e+00
 0.000000e+00   0.000000e+00  -2.497497e-03   0.000000e+00   0.000000e+00  -6.790533e-03   4.633516e-02   6.849897e-02   0.000000e+00
 5.061332e-04   1.021579e-04   0.000000e+00   2.437657e-03   1.338984e-04   0.000000e+00   0.000000e+00   0.000000e+00   4.595160e-02

# timestamp: 1774889240.4205937
 9.624015e-04   1.840867e-05   0.000000e+00   4.480175e-04   2.987577e-05   0.000000e+00   0.000000e+00   0.000000e+00   4.470948e-04
 1.840867e-05   8.518956e-04   0.000000e+00   3.184017e-05   2.325983e-04   0.000000e+00   0.000000e+00   0.000000e+00   7.485676e-05
 0.000000e+00   0.000000e+00   1.318751e-03   0.000000e+00   0.000000e+00   1.324462e-03  -4.844019e-03  -2.426730e-03   0.000000e+00
 4.480175e-04   3.184017e-05   0.000000e+00   8.842807e-04   5.338485e-05   0.000000e+00   0.000000e+00   0.000000e+00   2.194004e-03
 2.987577e-05   2.325983e-04   0.000000e+00   5.338485e-05   3.950214e-04   0.000000e+00   0.000000e+00   0.000000e+00   1.788536e-04
 0.000000e+00   0.000000e+00   1.324462e-03   0.000000e+00   0.000000e+00   3.200329e-03  -1.541574e-02  -7.171181e-03   0.000000e+00
 0.000000e+00   0.000000e+00  -4.844019e-03   0.000000e+00   0.000000e+00  -1.541574e-02   1.362736e-01   4.992434e-02   0.000000e+00
 0.000000e+00   0.000000e+00  -2.426730e-03   0.000000e+00   0.000000e+00  -7.171181e-03   4.992434e-02   6.935002e-02   0.000000e+00
 4.470948e-04   7.485676e-05   0.000000e+00   2.194004e-03   1.788536e-04   0.000000e+00   0.000000e+00   0.000000e+00   4.224029e-02

# timestamp: 1774889240.756863
 1.024489e-03   1.878322e-05   0.000000e+00   4.774524e-04   3.566472e-05   0.000000e+00   0.000000e+00   0.000000e+00   5.393609e-04
 1.878322e-05   8.974286e-04   0.000000e+00   3.232191e-05   2.452267e-04   0.000000e+00   0.000000e+00   0.000000e+00   1.009775e-04
 0.000000e+00   0.000000e+00   1.384013e-03   0.000000e+00   0.000000e+00   1.284164e-03  -3.501575e-03  -2.873468e-03   0.000000e+00
 4.774524e-04   3.232191e-05   0.000000e+00   8.869349e-04   7.994088e-05   0.000000e+00   0.000000e+00   0.000000e+00   2.261464e-03
 3.566472e-05   2.452267e-04   0.000000e+00   7.994088e-05   4.066250e-04   0.000000e+00   0.000000e+00   0.000000e+00   6.610762e-04
 0.000000e+00   0.000000e+00   1.284164e-03   0.000000e+00   0.000000e+00   2.820711e-03  -1.031609e-02  -8.381386e-03   0.000000e+00
 0.000000e+00   0.000000e+00  -3.501575e-03   0.000000e+00   0.000000e+00  -1.031609e-02   8.778612e-02   4.282982e-02   0.000000e+00
 0.000000e+00   0.000000e+00  -2.873468e-03   0.000000e+00   0.000000e+00  -8.381386e-03   4.282982e-02   9.460258e-02   0.000000e+00
 5.393609e-04   1.009775e-04   0.000000e+00   2.261464e-03   6.610762e-04   0.000000e+00   0.000000e+00   0.000000e+00   4.548941e-02

# timestamp: 1774889240.7807844
 9.889826e-04   1.721940e-05   0.000000e+00   4.891499e-04   4.388453e-05   0.000000e+00   0.000000e+00   0.000000e+00   1.166961e-03
 1.721940e-05   8.498768e-04   0.000000e+00   2.880320e-05   2.316791e-04   0.000000e+00   0.000000e+00   0.000000e+00   6.050288e-05
 0.000000e+00   0.000000e+00   1.399109e-03   0.000000e+00   0.000000e+00   1.377427e-03  -4.465717e-03  -3.251088e-03   0.000000e+00
 4.891499e-04   2.880320e-05   0.000000e+00   8.988028e-04   8.394986e-05   0.000000e+00   0.000000e+00   0.000000e+00   2.431520e-03
 4.388453e-05   2.316791e-04   0.000000e+00   8.394986e-05   4.038008e-04   0.000000e+00   0.000000e+00   0.000000e+00   6.609295e-04
 0.000000e+00   0.000000e+00   1.377427e-03   0.000000e+00   0.000000e+00   2.889282e-03  -1.034009e-02  -8.549920e-03   0.000000e+00
 0.000000e+00   0.000000e+00  -4.465717e-03   0.000000e+00   0.000000e+00  -1.034009e-02   8.088029e-02   4.041764e-02   0.000000e+00
 0.000000e+00   0.000000e+00  -3.251088e-03   0.000000e+00   0.000000e+00  -8.549920e-03   4.041764e-02   9.606465e-02   0.000000e+00
 1.166961e-03   6.050288e-05   0.000000e+00   2.431520e-03   6.609295e-04   0.000000e+00   0.000000e+00   0.000000e+00   4.317137e-02

# timestamp: 1774889240.8327317
 9.409900e-04   1.507819e-05   0.000000e+00   4.336408e-04   3.204906e-05   0.000000e+00   0.000000e+00   0.000000e+00   3.555562e-04
 1.507819e-05   8.327165e-04   0.000000e+00   2.576436e-05   2.263608e-04   0.000000e+00   0.000000e+00   0.000000e+00   2.266017e-05
 0.000000e+00   0.000000e+00   1.186903e-03   0.000000e+00   0.000000e+00   1.002634e-03  -1.922750e-03  -1.863174e-03   0.000000e+00
 4.336408e-04   2.576436e-05   0.000000e+00   8.509196e-04   7.874929e-05   0.000000e+00   0.000000e+00   0.000000e+00   1.935729e-03
 3.204906e-05   2.263608e-04   0.000000e+00   7.874929e-05   4.030159e-04   0.000000e+00   0.000000e+00   0.000000e+00   6.395156e-04
 0.000000e+00   0.000000e+00   1.002634e-03   0.000000e+00   0.000000e+00   2.289150e-03  -6.595750e-03  -6.514917e-03   0.000000e+00
 0.000000e+00   0.000000e+00  -1.922750e-03   0.000000e+00   0.000000e+00  -6.595750e-03   6.094695e-02   2.642397e-02   0.000000e+00
 0.000000e+00   0.000000e+00  -1.863174e-03   0.000000e+00   0.000000e+00  -6.514917e-03   2.642397e-02   9.183504e-02   0.000000e+00
 3.555562e-04   2.266017e-05   0.000000e+00   1.935729e-03   6.395156e-04   0.000000e+00   0.000000e+00   0.000000e+00   4.064799e-02

# timestamp: 1774889241.099947
 9.158757e-04   1.491429e-05   0.000000e+00   4.154138e-04   3.492652e-05   0.000000e+00   0.000000e+00   0.000000e+00   3.093638e-04
 1.491429e-05   8.136341e-04   0.000000e+00   2.945302e-05   2.231242e-04   0.000000e+00   0.000000e+00   0.000000e+00   9.473060e-05
 0.000000e+00   0.000000e+00   1.105716e-03   0.000000e+00   0.000000e+00   8.249857e-04  -7.905679e-04  -1.497376e-03   0.000000e+00
 4.154138e-04   2.945302e-05   0.000000e+00   8.159635e-04   9.332511e-05   0.000000e+00   0.000000e+00   0.000000e+00   1.734297e-03
 3.492652e-05   2.231242e-04   0.000000e+00   9.332511e-05   4.115630e-04   0.000000e+00   0.000000e+00   0.000000e+00   7.382762e-04
 0.000000e+00   0.000000e+00   8.249857e-04   0.000000e+00   0.000000e+00   1.775783e-03  -2.966768e-03  -5.255319e-03   0.000000e+00
 0.000000e+00   0.000000e+00  -7.905679e-04   0.000000e+00   0.000000e+00  -2.966768e-03   4.250423e-02   3.412863e-03   0.000000e+00
 0.000000e+00   0.000000e+00  -1.497376e-03   0.000000e+00   0.000000e+00  -5.255319e-03   3.412863e-03   1.082752e-01   0.000000e+00
 3.093638e-04   9.473060e-05   0.000000e+00   1.734297e-03   7.382762e-04   0.000000e+00   0.000000e+00   0.000000e+00   3.949132e-02

# timestamp: 1774889241.137007
 9.924844e-04   1.773435e-05   0.000000e+00   4.508612e-04   3.944488e-05   0.000000e+00   0.000000e+00   0.000000e+00   3.835567e-04
 1.773435e-05   8.737214e-04   0.000000e+00   3.389555e-05   2.403533e-04   0.000000e+00   0.000000e+00   0.000000e+00   1.261447e-04
 0.000000e+00   0.000000e+00   1.217746e-03   0.000000e+00   0.000000e+00   9.052863e-04  -9.156752e-04  -1.716342e-03   0.000000e+00
 4.508612e-04   3.389555e-05   0.000000e+00   8.364157e-04   9.979609e-05   0.000000e+00   0.000000e+00   0.000000e+00   1.922119e-03
 3.944488e-05   2.403533e-04   0.000000e+00   9.979609e-05   4.182189e-04   0.000000e+00   0.000000e+00   0.000000e+00   8.075690e-04
 0.000000e+00   0.000000e+00   9.052863e-04   0.000000e+00   0.000000e+00   1.825022e-03  -3.173702e-03  -5.453409e-03   0.000000e+00
 0.000000e+00   0.000000e+00  -9.156752e-04   0.000000e+00   0.000000e+00  -3.173702e-03   4.661027e-02   3.412863e-03   0.000000e+00
 0.000000e+00   0.000000e+00  -1.716342e-03   0.000000e+00   0.000000e+00  -5.453409e-03   3.412863e-03   1.123812e-01   0.000000e+00
 3.835567e-04   1.261447e-04   0.000000e+00   1.922119e-03   8.075690e-04   0.000000e+00   0.000000e+00   0.000000e+00   4.359737e-02

# timestamp: 1774889241.1800184
 1.058715e-03   2.038151e-05   0.000000e+00   4.813911e-04   4.352746e-05   0.000000e+00   0.000000e+00   0.000000e+00   4.516096e-04
 2.038151e-05   9.249880e-04   0.000000e+00   3.792865e-05   2.549934e-04   0.000000e+00   0.000000e+00   0.000000e+00   1.546266e-04
 0.000000e+00   0.000000e+00   1.316422e-03   0.000000e+00   0.000000e+00   9.746425e-04  -1.026844e-03  -1.905486e-03   0.000000e+00
 4.813911e-04   3.792865e-05   0.000000e+00   8.548364e-04   1.056948e-04   0.000000e+00   0.000000e+00   0.000000e+00   2.093020e-03
 4.352746e-05   2.549934e-04   0.000000e+00   1.056948e-04   4.239594e-04   0.000000e+00   0.000000e+00   0.000000e+00   8.706189e-04
 0.000000e+00   0.000000e+00   9.746425e-04   0.000000e+00   0.000000e+00   1.868119e-03  -3.360561e-03  -5.624007e-03   0.000000e+00
 0.000000e+00   0.000000e+00  -1.026844e-03   0.000000e+00   0.000000e+00  -3.360561e-03   5.003887e-02   3.412863e-03   0.000000e+00
 0.000000e+00   0.000000e+00  -1.905486e-03   0.000000e+00   0.000000e+00  -5.624007e-03   3.412863e-03   1.158098e-01   0.000000e+00
 4.516096e-04   1.546266e-04   0.000000e+00   2.093020e-03   8.706189e-04   0.000000e+00   0.000000e+00   0.000000e+00   4.702597e-02

# timestamp: 1774889241.4532034
 9.967001e-04   1.975383e-05   0.000000e+00   4.474818e-04   4.283905e-05   0.000000e+00   0.000000e+00   0.000000e+00   4.990678e-04
 1.975383e-05   8.803079e-04   0.000000e+00   3.925776e-05   2.436156e-04   0.000000e+00   0.000000e+00   0.000000e+00   1.118955e-04
 0.000000e+00   0.000000e+00   1.196072e-03   0.000000e+00   0.000000e+00   8.296340e-04  -8.405045e-04  -1.935263e-03   0.000000e+00
 4.474818e-04   3.925776e-05   0.000000e+00   8.228508e-04   1.020568e-04   0.000000e+00   0.000000e+00   0.000000e+00   2.003707e-03
 4.283905e-05   2.436156e-04   0.000000e+00   1.020568e-04   4.173692e-04   0.000000e+00   0.000000e+00   0.000000e+00   6.261204e-04
 0.000000e+00   0.000000e+00   8.296340e-04   0.000000e+00   0.000000e+00   1.608017e-03  -2.820864e-03  -5.744812e-03   0.000000e+00
 0.000000e+00   0.000000e+00  -8.405045e-04   0.000000e+00   0.000000e+00  -2.820864e-03   4.550281e-02   8.674645e-03   0.000000e+00
 0.000000e+00   0.000000e+00  -1.935263e-03   0.000000e+00   0.000000e+00  -5.744812e-03   8.674645e-03   1.370755e-01   0.000000e+00
 4.990678e-04   1.118955e-04   0.000000e+00   2.003707e-03   6.261204e-04   0.000000e+00   0.000000e+00   0.000000e+00   4.383484e-02

# timestamp: 1774889241.4664636
 1.019349e-03   2.074505e-05   0.000000e+00   4.579873e-04   4.416339e-05   0.000000e+00   0.000000e+00   0.000000e+00   5.230663e-04
 2.074505e-05   8.980478e-04   0.000000e+00   4.063305e-05   2.486131e-04   0.000000e+00   0.000000e+00   0.000000e+00   1.193664e-04
 0.000000e+00   0.000000e+00   1.227923e-03   0.000000e+00   0.000000e+00   8.503694e-04  -8.742296e-04  -2.003679e-03   0.000000e+00
 4.579873e-04   4.063305e-05   0.000000e+00   8.295182e-04   1.033284e-04   0.000000e+00   0.000000e+00   0.000000e+00   2.063951e-03
 4.416339e-05   2.486131e-04   0.000000e+00   1.033284e-04   4.188198e-04   0.000000e+00   0.000000e+00   0.000000e+00   6.354028e-04
 0.000000e+00   0.000000e+00   8.503694e-04   0.000000e+00   0.000000e+00   1.619284e-03  -2.885155e-03  -5.785130e-03   0.000000e+00
 0.000000e+00   0.000000e+00  -8.742296e-04   0.000000e+00   0.000000e+00  -2.885155e-03   4.669164e-02   8.674645e-03   0.000000e+00
 0.000000e+00   0.000000e+00  -2.003679e-03   0.000000e+00   0.000000e+00  -5.785130e-03   8.674645e-03   1.382643e-01   0.000000e+00
 5.230663e-04   1.193664e-04   0.000000e+00   2.063951e-03   6.354028e-04   0.000000e+00   0.000000e+00   0.000000e+00   4.502367e-02

# timestamp: 1774889241.4962409
 1.002430e-03   1.881962e-05   0.000000e+00   4.758678e-04   5.106881e-05   0.000000e+00   0.000000e+00   0.000000e+00   1.110133e-03
 1.881962e-05   8.661482e-04   0.000000e+00   3.519315e-05   2.386843e-04   0.000000e+00   0.000000e+00   0.000000e+00   2.813410e-05
 0.000000e+00   0.000000e+00   1.198749e-03   0.000000e+00   0.000000e+00   8.520893e-04  -1.571276e-03  -1.739463e-03   0.000000e+00
 4.758678e-04   3.519315e-05   0.000000e+00   8.444046e-04   1.044095e-04   0.000000e+00   0.000000e+00   0.000000e+00   2.258642e-03
 5.106881e-05   2.386843e-04   0.000000e+00   1.044095e-04   4.155288e-04   0.000000e+00   0.000000e+00   0.000000e+00   5.910545e-04
 0.000000e+00   0.000000e+00   8.520893e-04   0.000000e+00   0.000000e+00   1.624730e-03  -3.325603e-03  -5.687371e-03   0.000000e+00
 0.000000e+00   0.000000e+00  -1.571276e-03   0.000000e+00   0.000000e+00  -3.325603e-03   4.613870e-02   1.110915e-02   0.000000e+00
 0.000000e+00   0.000000e+00  -1.739463e-03   0.000000e+00   0.000000e+00  -5.687371e-03   1.110915e-02   1.394376e-01   0.000000e+00
 1.110133e-03   2.813410e-05   0.000000e+00   2.258642e-03   5.910545e-04   0.000000e+00   0.000000e+00   0.000000e+00   4.386274e-02

# timestamp: 1774889241.529922
 9.558668e-04   1.856236e-05   0.000000e+00   4.258476e-04   4.040890e-05   0.000000e+00   0.000000e+00   0.000000e+00   3.867716e-04
 1.856236e-05   8.494543e-04   0.000000e+00   3.791977e-05   2.351613e-04   0.000000e+00   0.000000e+00   0.000000e+00   1.015887e-04
 0.000000e+00   0.000000e+00   1.131892e-03   0.000000e+00   0.000000e+00   7.702287e-04  -6.807313e-04  -1.910784e-03   0.000000e+00
 4.258476e-04   3.791977e-05   0.000000e+00   8.054918e-04   9.723204e-05   0.000000e+00   0.000000e+00   0.000000e+00   1.864259e-03
 4.040890e-05   2.351613e-04   0.000000e+00   9.723204e-05   4.129657e-04   0.000000e+00   0.000000e+00   0.000000e+00   5.240540e-04
 0.000000e+00   0.000000e+00   7.702287e-04   0.000000e+00   0.000000e+00   1.528478e-03  -2.628814e-03  -5.748848e-03   0.000000e+00
 0.000000e+00   0.000000e+00  -6.807313e-04   0.000000e+00   0.000000e+00  -2.628814e-03   4.355939e-02   1.090386e-02   0.000000e+00
 0.000000e+00   0.000000e+00  -1.910784e-03   0.000000e+00   0.000000e+00  -5.748848e-03   1.090386e-02   1.430177e-01   0.000000e+00
 3.867716e-04   1.015887e-04   0.000000e+00   1.864259e-03   5.240540e-04   0.000000e+00   0.000000e+00   0.000000e+00   4.184448e-02

# timestamp: 1774889241.5551448
 1.001952e-03   2.055296e-05   0.000000e+00   4.469936e-04   4.291101e-05   0.000000e+00   0.000000e+00   0.000000e+00   4.337804e-04
 2.055296e-05   8.858931e-04   0.000000e+00   4.064269e-05   2.453893e-04   0.000000e+00   0.000000e+00   0.000000e+00   1.145736e-04
 0.000000e+00   0.000000e+00   1.195392e-03   0.000000e+00   0.000000e+00   8.105419e-04  -7.466245e-04  -2.052853e-03   0.000000e+00
 4.469936e-04   4.064269e-05   0.000000e+00   8.189127e-04   9.915988e-05   0.000000e+00   0.000000e+00   0.000000e+00   1.987727e-03
 4.291101e-05   2.453893e-04   0.000000e+00   9.915988e-05   4.156592e-04   0.000000e+00   0.000000e+00   0.000000e+00   5.335832e-04
 0.000000e+00   0.000000e+00   8.105419e-04   0.000000e+00   0.000000e+00   1.548811e-03  -2.759558e-03  -5.811633e-03   0.000000e+00
 0.000000e+00   0.000000e+00  -7.466245e-04   0.000000e+00   0.000000e+00  -2.759558e-03   4.602059e-02   1.090386e-02   0.000000e+00
 0.000000e+00   0.000000e+00  -2.052853e-03   0.000000e+00   0.000000e+00  -5.811633e-03   1.090386e-02   1.454789e-01   0.000000e+00
 4.337804e-04   1.145736e-04   0.000000e+00   1.987727e-03   5.335832e-04   0.000000e+00   0.000000e+00   0.000000e+00   4.430568e-02

# timestamp: 1774889241.767143
 1.024976e-03   2.282659e-05   0.000000e+00   4.545323e-04   4.310173e-05   0.000000e+00   0.000000e+00   0.000000e+00   4.531817e-04
 2.282659e-05   9.065689e-04   0.000000e+00   4.343295e-05   2.509803e-04   0.000000e+00   0.000000e+00   0.000000e+00   1.095009e-04
 0.000000e+00   0.000000e+00   1.213437e-03   0.000000e+00   0.000000e+00   7.917567e-04  -8.407816e-04  -2.358293e-03   0.000000e+00
 4.545323e-04   4.343295e-05   0.000000e+00   8.212745e-04   8.970123e-05   0.000000e+00   0.000000e+00   0.000000e+00   2.085891e-03
 4.310173e-05   2.509803e-04   0.000000e+00   8.970123e-05   4.120417e-04   0.000000e+00   0.000000e+00   0.000000e+00   3.218410e-04
 0.000000e+00   0.000000e+00   7.917567e-04   0.000000e+00   0.000000e+00   1.458079e-03  -3.029567e-03  -5.860272e-03   0.000000e+00
 0.000000e+00   0.000000e+00  -8.407816e-04   0.000000e+00   0.000000e+00  -3.029567e-03   4.928894e-02   1.859460e-02   0.000000e+00
 0.000000e+00   0.000000e+00  -2.358293e-03   0.000000e+00   0.000000e+00  -5.860272e-03   1.859460e-02   1.603987e-01   0.000000e+00
 4.531817e-04   1.095009e-04   0.000000e+00   2.085891e-03   3.218410e-04   0.000000e+00   0.000000e+00   0.000000e+00   4.594385e-02

# timestamp: 1774889241.8328145
 9.454485e-04   1.929429e-05   0.000000e+00   4.143089e-04   3.823381e-05   0.000000e+00   0.000000e+00   0.000000e+00   2.527598e-04
 1.929429e-05   8.444274e-04   0.000000e+00   3.882518e-05   2.333864e-04   0.000000e+00   0.000000e+00   0.000000e+00   9.510934e-05
 0.000000e+00   0.000000e+00   1.098604e-03   0.000000e+00   0.000000e+00   7.036206e-04  -6.127694e-04  -2.175048e-03   0.000000e+00
 4.143089e-04   3.882518e-05   0.000000e+00   7.935569e-04   8.229379e-05   0.000000e+00   0.000000e+00   0.000000e+00   1.829442e-03
 3.823381e-05   2.333864e-04   0.000000e+00   8.229379e-05   4.055167e-04   0.000000e+00   0.000000e+00   0.000000e+00   2.339214e-04
 0.000000e+00   0.000000e+00   7.036206e-04   0.000000e+00   0.000000e+00   1.373604e-03  -2.808826e-03  -5.758145e-03   0.000000e+00
 0.000000e+00   0.000000e+00  -6.127694e-04   0.000000e+00   0.000000e+00  -2.808826e-03   4.568612e-02   2.232332e-02   0.000000e+00
 0.000000e+00   0.000000e+00  -2.175048e-03   0.000000e+00   0.000000e+00  -5.758145e-03   2.232332e-02   1.632066e-01   0.000000e+00
 2.527598e-04   9.510934e-05   0.000000e+00   1.829442e-03   2.339214e-04   0.000000e+00   0.000000e+00   0.000000e+00   4.133770e-02

# timestamp: 1774889242.182375
 1.023511e-03   2.258747e-05   0.000000e+00   4.456908e-04   3.708432e-05   0.000000e+00   0.000000e+00   0.000000e+00   3.021066e-04
 2.258747e-05   9.091919e-04   0.000000e+00   4.093405e-05   2.496920e-04   0.000000e+00   0.000000e+00   0.000000e+00   9.273158e-05
 0.000000e+00   0.000000e+00   1.182977e-03   0.000000e+00   0.000000e+00   7.175074e-04  -8.160567e-04  -2.806905e-03   0.000000e+00
 4.456908e-04   4.093405e-05   0.000000e+00   8.249482e-04   6.341275e-05   0.000000e+00   0.000000e+00   0.000000e+00   2.177239e-03
 3.708432e-05   2.496920e-04   0.000000e+00   6.341275e-05   4.043875e-04   0.000000e+00   0.000000e+00   0.000000e+00   3.207658e-05
 0.000000e+00   0.000000e+00   7.175074e-04   0.000000e+00   0.000000e+00   1.309763e-03  -3.350318e-03  -6.010415e-03   0.000000e+00
 0.000000e+00   0.000000e+00  -8.160567e-04   0.000000e+00   0.000000e+00  -3.350318e-03   5.215105e-02   3.077625e-02   0.000000e+00
 0.000000e+00   0.000000e+00  -2.806905e-03   0.000000e+00   0.000000e+00  -6.010415e-03   3.077625e-02   1.917894e-01   0.000000e+00
 3.021066e-04   9.273158e-05   0.000000e+00   2.177239e-03   3.207658e-05   0.000000e+00   0.000000e+00   0.000000e+00   4.556380e-02

# timestamp: 1774889242.225394
 9.345209e-04   1.892370e-05   0.000000e+00   4.067241e-04   3.280190e-05   0.000000e+00   0.000000e+00   0.000000e+00   2.865380e-04
 1.892370e-05   8.385182e-04   0.000000e+00   3.572059e-05   2.302377e-04   0.000000e+00   0.000000e+00   0.000000e+00   6.293255e-05
 0.000000e+00   0.000000e+00   1.062907e-03   0.000000e+00   0.000000e+00   6.409701e-04  -7.457877e-04  -2.550686e-03   0.000000e+00
 4.067241e-04   3.572059e-05   0.000000e+00   8.000871e-04   5.898382e-05   0.000000e+00   0.000000e+00   0.000000e+00   1.979048e-03
 3.280190e-05   2.302377e-04   0.000000e+00   5.898382e-05   3.984271e-04   0.000000e+00   0.000000e+00   0.000000e+00   2.278863e-05
 0.000000e+00   0.000000e+00   6.409701e-04   0.000000e+00   0.000000e+00   1.248228e-03  -3.102064e-03  -5.921169e-03   0.000000e+00
 0.000000e+00   0.000000e+00  -7.457877e-04   0.000000e+00   0.000000e+00  -3.102064e-03   4.747770e-02   3.094557e-02   0.000000e+00
 0.000000e+00   0.000000e+00  -2.550686e-03   0.000000e+00   0.000000e+00  -5.921169e-03   3.094557e-02   1.952922e-01   0.000000e+00
 2.865380e-04   6.293255e-05   0.000000e+00   1.979048e-03   2.278863e-05   0.000000e+00   0.000000e+00   0.000000e+00   4.118137e-02

# timestamp: 1774889242.2544632
 9.911674e-04   2.109325e-05   0.000000e+00   4.329804e-04   3.462951e-05   0.000000e+00   0.000000e+00   0.000000e+00   3.495339e-04
 2.109325e-05   8.838790e-04   0.000000e+00   3.780371e-05   2.425702e-04   0.000000e+00   0.000000e+00   0.000000e+00   6.364822e-05
 0.000000e+00   0.000000e+00   1.134457e-03   0.000000e+00   0.000000e+00   6.832256e-04  -8.436842e-04  -2.734604e-03   0.000000e+00
 4.329804e-04   3.780371e-05   0.000000e+00   8.204420e-04   5.913986e-05   0.000000e+00   0.000000e+00   0.000000e+00   2.159101e-03
 3.462951e-05   2.425702e-04   0.000000e+00   5.913986e-05   4.015083e-04   0.000000e+00   0.000000e+00   0.000000e+00   2.400488e-05
 0.000000e+00   0.000000e+00   6.832256e-04   0.000000e+00   0.000000e+00   1.278415e-03  -3.309287e-03  -6.055978e-03   0.000000e+00
 0.000000e+00   0.000000e+00  -8.436842e-04   0.000000e+00   0.000000e+00  -3.309287e-03   5.055761e-02   3.094557e-02   0.000000e+00
 0.000000e+00   0.000000e+00  -2.734604e-03   0.000000e+00   0.000000e+00  -6.055978e-03   3.094557e-02   1.983721e-01   0.000000e+00
 3.495339e-04   6.364822e-05   0.000000e+00   2.159101e-03   2.400488e-05   0.000000e+00   0.000000e+00   0.000000e+00   4.426128e-02

# timestamp: 1774889242.604579
 8.750542e-04   1.515597e-05   0.000000e+00   3.859466e-04   2.617170e-05   0.000000e+00   0.000000e+00   0.000000e+00   3.425227e-04
 1.515597e-05   7.904085e-04   0.000000e+00   2.747349e-05   2.156453e-04   0.000000e+00   0.000000e+00   0.000000e+00   2.526064e-05
 0.000000e+00   0.000000e+00   9.692124e-04   0.000000e+00   0.000000e+00   5.698658e-04  -6.675731e-04  -2.522215e-03   0.000000e+00
 3.859466e-04   2.747349e-05   0.000000e+00   8.122712e-04   4.866370e-05   0.000000e+00   0.000000e+00   0.000000e+00   2.018368e-03
 2.617170e-05   2.156453e-04   0.000000e+00   4.866370e-05   3.908200e-04   0.000000e+00   0.000000e+00   0.000000e+00   8.094139e-05
 0.000000e+00   0.000000e+00   5.698658e-04   0.000000e+00   0.000000e+00   1.193541e-03  -2.872791e-03  -6.464549e-03   0.000000e+00
 0.000000e+00   0.000000e+00  -6.675731e-04   0.000000e+00   0.000000e+00  -2.872791e-03   4.164216e-02   2.512469e-02   0.000000e+00
 0.000000e+00   0.000000e+00  -2.522215e-03   0.000000e+00   0.000000e+00  -6.464549e-03   2.512469e-02   2.247921e-01   0.000000e+00
 3.425227e-04   2.526064e-05   0.000000e+00   2.018368e-03   8.094139e-05   0.000000e+00   0.000000e+00   0.000000e+00   3.816662e-02

# timestamp: 1774889242.9413686
 9.397855e-04   1.562099e-05   0.000000e+00   4.243529e-04   2.530585e-05   0.000000e+00   0.000000e+00   0.000000e+00   3.325376e-04
 1.562099e-05   8.394294e-04   0.000000e+00   3.021833e-05   2.278610e-04   0.000000e+00   0.000000e+00   0.000000e+00   1.154081e-04
 0.000000e+00   0.000000e+00   1.053781e-03   0.000000e+00   0.000000e+00   6.430682e-04  -8.290452e-04  -3.649713e-03   0.000000e+00
 4.243529e-04   3.021833e-05   0.000000e+00   8.743249e-04   4.941914e-05   0.000000e+00   0.000000e+00   0.000000e+00   2.319091e-03
 2.530585e-05   2.278610e-04   0.000000e+00   4.941914e-05   3.919471e-04   0.000000e+00   0.000000e+00   0.000000e+00   1.691312e-04
 0.000000e+00   0.000000e+00   6.430682e-04   0.000000e+00   0.000000e+00   1.315154e-03  -3.500394e-03  -8.339323e-03   0.000000e+00
 0.000000e+00   0.000000e+00  -8.290452e-04   0.000000e+00   0.000000e+00  -3.500394e-03   4.579374e-02   3.185276e-02   0.000000e+00
 0.000000e+00   0.000000e+00  -3.649713e-03   0.000000e+00   0.000000e+00  -8.339323e-03   3.185276e-02   2.511271e-01   0.000000e+00
 3.325376e-04   1.154081e-04   0.000000e+00   2.319091e-03   1.691312e-04   0.000000e+00   0.000000e+00   0.000000e+00   4.085769e-02

# timestamp: 1774889243.004928
 1.010059e-03   1.474964e-05   0.000000e+00   4.974970e-04   2.851294e-05   0.000000e+00   0.000000e+00   0.000000e+00   1.091497e-03
 1.474964e-05   8.751814e-04   0.000000e+00   2.237593e-05   2.366944e-04   0.000000e+00   0.000000e+00   0.000000e+00  -3.568920e-05
 0.000000e+00   0.000000e+00   1.124104e-03   0.000000e+00   0.000000e+00   7.214944e-04  -1.697417e-03  -3.367351e-03   0.000000e+00
 4.974970e-04   2.237593e-05   0.000000e+00   9.430945e-04   5.032262e-05   0.000000e+00   0.000000e+00   0.000000e+00   2.869300e-03
 2.851294e-05   2.366944e-04   0.000000e+00   5.032262e-05   3.938869e-04   0.000000e+00   0.000000e+00   0.000000e+00   1.614541e-04
 0.000000e+00   0.000000e+00   7.214944e-04   0.000000e+00   0.000000e+00   1.415190e-03  -4.367583e-03  -8.602391e-03   0.000000e+00
 0.000000e+00   0.000000e+00  -1.697417e-03   0.000000e+00   0.000000e+00  -4.367583e-03   5.075428e-02   3.653899e-02   0.000000e+00
 0.000000e+00   0.000000e+00  -3.367351e-03   0.000000e+00   0.000000e+00  -8.602391e-03   3.653899e-02   2.512793e-01   0.000000e+00
 1.091497e-03  -3.568920e-05   0.000000e+00   2.869300e-03   1.614541e-04   0.000000e+00   0.000000e+00   0.000000e+00   4.417300e-02

# timestamp: 1774889243.3050458
 8.922297e-04   1.269074e-05   0.000000e+00   4.154925e-04   2.140401e-05   0.000000e+00   0.000000e+00   0.000000e+00   3.640676e-04
 1.269074e-05   7.962513e-04   0.000000e+00   2.694383e-05   2.150137e-04   0.000000e+00   0.000000e+00   0.000000e+00   9.584818e-05
 0.000000e+00   0.000000e+00   1.005951e-03   0.000000e+00   0.000000e+00   6.759459e-04  -1.380731e-03  -4.080092e-03   0.000000e+00
 4.154925e-04   2.694383e-05   0.000000e+00   9.048322e-04   4.598758e-05   0.000000e+00   0.000000e+00   0.000000e+00   2.308140e-03
 2.140401e-05   2.150137e-04   0.000000e+00   4.598758e-05   3.863728e-04   0.000000e+00   0.000000e+00   0.000000e+00   1.591420e-04
 0.000000e+00   0.000000e+00   6.759459e-04   0.000000e+00   0.000000e+00   1.538411e-03  -5.107084e-03  -1.087315e-02   0.000000e+00
 0.000000e+00   0.000000e+00  -1.380731e-03   0.000000e+00   0.000000e+00  -5.107084e-03   5.384177e-02   5.666750e-02   0.000000e+00
 0.000000e+00   0.000000e+00  -4.080092e-03   0.000000e+00   0.000000e+00  -1.087315e-02   5.666750e-02   2.482539e-01   0.000000e+00
 3.640676e-04   9.584818e-05   0.000000e+00   2.308140e-03   1.591420e-04   0.000000e+00   0.000000e+00   0.000000e+00   3.828640e-02

# timestamp: 1774889243.404857
 8.745555e-04   1.192346e-05   0.000000e+00   4.107768e-04   2.059552e-05   0.000000e+00   0.000000e+00   0.000000e+00   3.855976e-04
 1.192346e-05   7.808363e-04   0.000000e+00   2.519612e-05   2.106653e-04   0.000000e+00   0.000000e+00   0.000000e+00   7.393192e-05
 0.000000e+00   0.000000e+00   9.859057e-04   0.000000e+00   0.000000e+00   6.796070e-04  -1.472360e-03  -4.097498e-03   0.000000e+00
 4.107768e-04   2.519612e-05   0.000000e+00   9.086066e-04   4.542478e-05   0.000000e+00   0.000000e+00   0.000000e+00   2.285478e-03
 2.059552e-05   2.106653e-04   0.000000e+00   4.542478e-05   3.848514e-04   0.000000e+00   0.000000e+00   0.000000e+00   1.590173e-04
 0.000000e+00   0.000000e+00   6.796070e-04   0.000000e+00   0.000000e+00   1.598741e-03  -5.411017e-03  -1.149734e-02   0.000000e+00
 0.000000e+00   0.000000e+00  -1.472360e-03   0.000000e+00   0.000000e+00  -5.411017e-03   5.467073e-02   6.005704e-02   0.000000e+00
 0.000000e+00   0.000000e+00  -4.097498e-03   0.000000e+00   0.000000e+00  -1.149734e-02   6.005704e-02   2.496237e-01   0.000000e+00
 3.855976e-04   7.393192e-05   0.000000e+00   2.285478e-03   1.590173e-04   0.000000e+00   0.000000e+00   0.000000e+00   3.746701e-02

# timestamp: 1774889243.6132126
 9.349986e-04   1.274841e-05   0.000000e+00   4.520966e-04   2.220291e-05   0.000000e+00   0.000000e+00   0.000000e+00   5.099067e-04
 1.274841e-05   8.240376e-04   0.000000e+00   2.514485e-05   2.217542e-04   0.000000e+00   0.000000e+00   0.000000e+00   5.789951e-05
 0.000000e+00   0.000000e+00   1.074163e-03   0.000000e+00   0.000000e+00   7.921252e-04  -1.789367e-03  -4.833143e-03   0.000000e+00
 4.520966e-04   2.514485e-05   0.000000e+00   9.615430e-04   4.981175e-05   0.000000e+00   0.000000e+00   0.000000e+00   2.540517e-03
 2.220291e-05   2.217542e-04   0.000000e+00   4.981175e-05   3.874507e-04   0.000000e+00   0.000000e+00   0.000000e+00   2.123749e-04
 0.000000e+00   0.000000e+00   7.921252e-04   0.000000e+00   0.000000e+00   1.837064e-03  -6.126851e-03  -1.341845e-02   0.000000e+00
 0.000000e+00   0.000000e+00  -1.789367e-03   0.000000e+00   0.000000e+00  -6.126851e-03   5.718753e-02   6.092586e-02   0.000000e+00
 0.000000e+00   0.000000e+00  -4.833143e-03   0.000000e+00   0.000000e+00  -1.341845e-02   6.092586e-02   2.618382e-01   0.000000e+00
 5.099067e-04   5.789951e-05   0.000000e+00   2.540517e-03   2.123749e-04   0.000000e+00   0.000000e+00   0.000000e+00   4.032452e-02

# timestamp: 1774889243.6491592
 9.746105e-04   1.374607e-05   0.000000e+00   4.738233e-04   2.346587e-05   0.000000e+00   0.000000e+00   0.000000e+00   5.628814e-04
 1.374607e-05   8.539075e-04   0.000000e+00   2.638188e-05   2.297857e-04   0.000000e+00   0.000000e+00   0.000000e+00   6.235717e-05
 0.000000e+00   0.000000e+00   1.128207e-03   0.000000e+00   0.000000e+00   8.385706e-04  -1.916554e-03  -5.110847e-03   0.000000e+00
 4.738233e-04   2.638188e-05   0.000000e+00   9.808951e-04   5.163072e-05   0.000000e+00   0.000000e+00   0.000000e+00   2.679283e-03
 2.346587e-05   2.297857e-04   0.000000e+00   5.163072e-05   3.896926e-04   0.000000e+00   0.000000e+00   0.000000e+00   2.298105e-04
 0.000000e+00   0.000000e+00   8.385706e-04   0.000000e+00   0.000000e+00   1.891757e-03  -6.346863e-03  -1.373000e-02   0.000000e+00
 0.000000e+00   0.000000e+00  -1.916554e-03   0.000000e+00   0.000000e+00  -6.346863e-03   5.924536e-02   6.092586e-02   0.000000e+00
 0.000000e+00   0.000000e+00  -5.110847e-03   0.000000e+00   0.000000e+00  -1.373000e-02   6.092586e-02   2.638961e-01   0.000000e+00
 5.628814e-04   6.235717e-05   0.000000e+00   2.679283e-03   2.298105e-04   0.000000e+00   0.000000e+00   0.000000e+00   4.238236e-02

# timestamp: 1774889243.7004144
 9.291465e-04   1.234790e-05   0.000000e+00   4.532046e-04   2.230308e-05   0.000000e+00   0.000000e+00   0.000000e+00   5.161015e-04
 1.234790e-05   8.175914e-04   0.000000e+00   2.439622e-05   2.200675e-04   0.000000e+00   0.000000e+00   0.000000e+00   5.381433e-05
 0.000000e+00   0.000000e+00   1.072024e-03   0.000000e+00   0.000000e+00   8.093460e-04  -1.786612e-03  -4.980235e-03   0.000000e+00
 4.532046e-04   2.439622e-05   0.000000e+00   9.663607e-04   5.159171e-05   0.000000e+00   0.000000e+00   0.000000e+00   2.526806e-03
 2.230308e-05   2.200675e-04   0.000000e+00   5.159171e-05   3.870675e-04   0.000000e+00   0.000000e+00   0.000000e+00   2.372145e-04
 0.000000e+00   0.000000e+00   8.093460e-04   0.000000e+00   0.000000e+00   1.898095e-03  -6.114466e-03  -1.400054e-02   0.000000e+00
 0.000000e+00   0.000000e+00  -1.786612e-03   0.000000e+00   0.000000e+00  -6.114466e-03   5.586429e-02   5.925805e-02   0.000000e+00
 0.000000e+00   0.000000e+00  -4.980235e-03   0.000000e+00   0.000000e+00  -1.400054e-02   5.925805e-02   2.659273e-01   0.000000e+00
 5.161015e-04   5.381433e-05   0.000000e+00   2.526806e-03   2.372145e-04   0.000000e+00   0.000000e+00   0.000000e+00   4.021819e-02

# timestamp: 1774889244.009003
 1.064933e-03   1.364505e-05   0.000000e+00   5.728778e-04   3.402652e-05   0.000000e+00   0.000000e+00   0.000000e+00   1.273366e-03
 1.364505e-05   8.910845e-04   0.000000e+00   2.337540e-05   2.384603e-04   0.000000e+00   0.000000e+00   0.000000e+00   1.218452e-05
 0.000000e+00   0.000000e+00   1.286969e-03   0.000000e+00   0.000000e+00   1.084694e-03  -2.765604e-03  -6.459940e-03   0.000000e+00
 5.728778e-04   2.337540e-05   0.000000e+00   1.081666e-03   7.048484e-05   0.000000e+00   0.000000e+00   0.000000e+00   3.186019e-03
 3.402652e-05   2.384603e-04   0.000000e+00   7.048484e-05   3.938487e-04   0.000000e+00   0.000000e+00   0.000000e+00   3.918031e-04
 0.000000e+00   0.000000e+00   1.084694e-03   0.000000e+00   0.000000e+00   2.298590e-03  -6.884763e-03  -1.644227e-02   0.000000e+00
 0.000000e+00   0.000000e+00  -2.765604e-03   0.000000e+00   0.000000e+00  -6.884763e-03   5.765024e-02   5.335665e-02   0.000000e+00
 0.000000e+00   0.000000e+00  -6.459940e-03   0.000000e+00   0.000000e+00  -1.644227e-02   5.335665e-02   2.819416e-01   0.000000e+00
 1.273366e-03   1.218452e-05   0.000000e+00   3.186019e-03   3.918031e-04   0.000000e+00   0.000000e+00   0.000000e+00   4.550291e-02

# timestamp: 1774889244.0642457
 1.043308e-03   1.478961e-05   0.000000e+00   5.202550e-04   2.839783e-05   0.000000e+00   0.000000e+00   0.000000e+00   5.158402e-04
 1.478961e-05   8.965330e-04   0.000000e+00   2.987079e-05   2.407360e-04   0.000000e+00   0.000000e+00   0.000000e+00   1.088512e-04
 0.000000e+00   0.000000e+00   1.253093e-03   0.000000e+00   0.000000e+00   1.008612e-03  -1.750328e-03  -6.376434e-03   0.000000e+00
 5.202550e-04   2.987079e-05   0.000000e+00   1.034698e-03   7.055170e-05   0.000000e+00   0.000000e+00   0.000000e+00   2.769780e-03
 2.839783e-05   2.407360e-04   0.000000e+00   7.055170e-05   3.949238e-04   0.000000e+00   0.000000e+00   0.000000e+00   4.203992e-04
 0.000000e+00   0.000000e+00   1.008612e-03   0.000000e+00   0.000000e+00   2.209953e-03  -5.908168e-03  -1.626335e-02   0.000000e+00
 0.000000e+00   0.000000e+00  -1.750328e-03   0.000000e+00   0.000000e+00  -5.908168e-03   5.395748e-02   4.684696e-02   0.000000e+00
 0.000000e+00   0.000000e+00  -6.376434e-03   0.000000e+00   0.000000e+00  -1.626335e-02   4.684696e-02   2.827587e-01   0.000000e+00
 5.158402e-04   1.088512e-04   0.000000e+00   2.769780e-03   4.203992e-04   0.000000e+00   0.000000e+00   0.000000e+00   4.465476e-02

# timestamp: 1774889244.4558084
 1.027349e-03   1.605484e-05   0.000000e+00   5.184918e-04   3.460616e-05   0.000000e+00   0.000000e+00   0.000000e+00   5.625270e-04
 1.605484e-05   8.792222e-04   0.000000e+00   3.455834e-05   2.374884e-04   0.000000e+00   0.000000e+00   0.000000e+00   1.267830e-04
 0.000000e+00   0.000000e+00   1.267312e-03   0.000000e+00   0.000000e+00   1.088447e-03  -1.677550e-03  -6.968071e-03   0.000000e+00
 5.184918e-04   3.455834e-05   0.000000e+00   1.022739e-03   9.121818e-05   0.000000e+00   0.000000e+00   0.000000e+00   2.622210e-03
 3.460616e-05   2.374884e-04   0.000000e+00   9.121818e-05   3.999471e-04   0.000000e+00   0.000000e+00   0.000000e+00   5.835958e-04
 0.000000e+00   0.000000e+00   1.088447e-03   0.000000e+00   0.000000e+00   2.414440e-03  -5.478450e-03  -1.806496e-02   0.000000e+00
 0.000000e+00   0.000000e+00  -1.677550e-03   0.000000e+00   0.000000e+00  -5.478450e-03   5.074362e-02   4.010037e-02   0.000000e+00
 0.000000e+00   0.000000e+00  -6.968071e-03   0.000000e+00   0.000000e+00  -1.806496e-02   4.010037e-02   2.904565e-01   0.000000e+00
 5.625270e-04   1.267830e-04   0.000000e+00   2.622210e-03   5.835958e-04   0.000000e+00   0.000000e+00   0.000000e+00   4.418410e-02

# timestamp: 1774889244.4937418
 9.171097e-04   1.309732e-05   0.000000e+00   4.597440e-04   3.055557e-05   0.000000e+00   0.000000e+00   0.000000e+00   4.461983e-04
 1.309732e-05   7.974775e-04   0.000000e+00   3.040980e-05   2.153392e-04   0.000000e+00   0.000000e+00   0.000000e+00   1.020055e-04
 0.000000e+00   0.000000e+00   1.107529e-03   0.000000e+00   0.000000e+00   9.557314e-04  -1.423432e-03  -6.142456e-03   0.000000e+00
 4.597440e-04   3.040980e-05   0.000000e+00   9.743043e-04   8.670406e-05   0.000000e+00   0.000000e+00   0.000000e+00   2.256870e-03
 3.055557e-05   2.153392e-04   0.000000e+00   8.670406e-05   3.937871e-04   0.000000e+00   0.000000e+00   0.000000e+00   5.220020e-04
 0.000000e+00   0.000000e+00   9.557314e-04   0.000000e+00   0.000000e+00   2.305273e-03  -5.021497e-03  -1.755442e-02   0.000000e+00
 0.000000e+00   0.000000e+00  -1.423432e-03   0.000000e+00   0.000000e+00  -5.021497e-03   4.516087e-02   4.005661e-02   0.000000e+00
 0.000000e+00   0.000000e+00  -6.142456e-03   0.000000e+00   0.000000e+00  -1.755442e-02   4.005661e-02   2.853657e-01   0.000000e+00
 4.461983e-04   1.020055e-04   0.000000e+00   2.256870e-03   5.220020e-04   0.000000e+00   0.000000e+00   0.000000e+00   3.863173e-02

# timestamp: 1774889244.7259812
 9.842565e-04   1.693526e-05   0.000000e+00   4.955634e-04   3.889325e-05   0.000000e+00   0.000000e+00   0.000000e+00   5.360139e-04
 1.693526e-05   8.463156e-04   0.000000e+00   3.781821e-05   2.303498e-04   0.000000e+00   0.000000e+00   0.000000e+00   1.349675e-04
 0.000000e+00   0.000000e+00   1.233113e-03   0.000000e+00   0.000000e+00   1.113043e-03  -1.696154e-03  -7.088059e-03   0.000000e+00
 4.955634e-04   3.781821e-05   0.000000e+00   9.856827e-04   1.042847e-04   0.000000e+00   0.000000e+00   0.000000e+00   2.370450e-03
 3.889325e-05   2.303498e-04   0.000000e+00   1.042847e-04   4.040246e-04   0.000000e+00   0.000000e+00   0.000000e+00   6.679818e-04
 0.000000e+00   0.000000e+00   1.113043e-03   0.000000e+00   0.000000e+00   2.561192e-03  -5.484051e-03  -1.923729e-02   0.000000e+00
 0.000000e+00   0.000000e+00  -1.696154e-03   0.000000e+00   0.000000e+00  -5.484051e-03   4.924906e-02   4.147090e-02   0.000000e+00
 0.000000e+00   0.000000e+00  -7.088059e-03   0.000000e+00   0.000000e+00  -1.923729e-02   4.147090e-02   2.876558e-01   0.000000e+00
 5.360139e-04   1.349675e-04   0.000000e+00   2.370450e-03   6.679818e-04   0.000000e+00   0.000000e+00   0.000000e+00   4.221082e-02

# timestamp: 1774889244.7485683
 1.026872e-03   1.861327e-05   0.000000e+00   5.181741e-04   4.175166e-05   0.000000e+00   0.000000e+00   0.000000e+00   5.870481e-04
 1.861327e-05   8.774208e-04   0.000000e+00   4.046829e-05   2.391000e-04   0.000000e+00   0.000000e+00   0.000000e+00   1.494345e-04
 0.000000e+00   0.000000e+00   1.302739e-03   0.000000e+00   0.000000e+00   1.180842e-03  -1.813552e-03  -7.498292e-03   0.000000e+00
 5.181741e-04   4.046829e-05   0.000000e+00   1.001620e-03   1.088911e-04   0.000000e+00   0.000000e+00   0.000000e+00   2.494421e-03
 4.175166e-05   2.391000e-04   0.000000e+00   1.088911e-04   4.076437e-04   0.000000e+00   0.000000e+00   0.000000e+00   7.153734e-04
 0.000000e+00   0.000000e+00   1.180842e-03   0.000000e+00   0.000000e+00   2.637265e-03  -5.673063e-03  -1.966910e-02   0.000000e+00
 0.000000e+00   0.000000e+00  -1.813552e-03   0.000000e+00   0.000000e+00  -5.673063e-03   5.136596e-02   4.147090e-02   0.000000e+00
 0.000000e+00   0.000000e+00  -7.498292e-03   0.000000e+00   0.000000e+00  -1.966910e-02   4.147090e-02   2.897727e-01   0.000000e+00
 5.870481e-04   1.494345e-04   0.000000e+00   2.494421e-03   7.153734e-04   0.000000e+00   0.000000e+00   0.000000e+00   4.432772e-02

# timestamp: 1774889244.7662578
 1.068900e-03   2.034528e-05   0.000000e+00   5.404542e-04   4.465796e-05   0.000000e+00   0.000000e+00   0.000000e+00   6.388209e-04
 2.034528e-05   9.077817e-04   0.000000e+00   4.316009e-05   2.476303e-04   0.000000e+00   0.000000e+00   0.000000e+00   1.643618e-04
 0.000000e+00   0.000000e+00   1.372674e-03   0.000000e+00   0.000000e+00   1.248544e-03  -1.930659e-03  -7.902777e-03   0.000000e+00
 5.404542e-04   4.316009e-05   0.000000e+00   1.017678e-03   1.135962e-04   0.000000e+00   0.000000e+00   0.000000e+00   2.619690e-03
 4.465796e-05   2.476303e-04   0.000000e+00   1.135962e-04   4.112350e-04   0.000000e+00   0.000000e+00   0.000000e+00   7.632609e-04
 0.000000e+00   0.000000e+00   1.248544e-03   0.000000e+00   0.000000e+00   2.712580e-03  -5.861079e-03  -2.008785e-02   0.000000e+00
 0.000000e+00   0.000000e+00  -1.930659e-03   0.000000e+00   0.000000e+00  -5.861079e-03   5.340818e-02   4.147090e-02   0.000000e+00
 0.000000e+00   0.000000e+00  -7.902777e-03   0.000000e+00   0.000000e+00  -2.008785e-02   4.147090e-02   2.918149e-01   0.000000e+00
 6.388209e-04   1.643618e-04   0.000000e+00   2.619690e-03   7.632609e-04   0.000000e+00   0.000000e+00   0.000000e+00   4.636994e-02

# timestamp: 1774889244.7994983
 9.420726e-04   1.621262e-05   0.000000e+00   4.721842e-04   3.853106e-05   0.000000e+00   0.000000e+00   0.000000e+00   4.859506e-04
 1.621262e-05   8.152272e-04   0.000000e+00   3.733088e-05   2.223565e-04   0.000000e+00   0.000000e+00   0.000000e+00   1.294227e-04
 0.000000e+00   0.000000e+00   1.175480e-03   0.000000e+00   0.000000e+00   1.074352e-03  -1.592390e-03  -6.824527e-03   0.000000e+00
 4.721842e-04   3.733088e-05   0.000000e+00   9.623685e-04   1.062029e-04   0.000000e+00   0.000000e+00   0.000000e+00   2.210998e-03
 3.853106e-05   2.223565e-04   0.000000e+00   1.062029e-04   4.036643e-04   0.000000e+00   0.000000e+00   0.000000e+00   6.693836e-04
 0.000000e+00   0.000000e+00   1.074352e-03   0.000000e+00   0.000000e+00   2.561705e-03  -5.308253e-03  -1.930982e-02   0.000000e+00
 0.000000e+00   0.000000e+00  -1.592390e-03   0.000000e+00   0.000000e+00  -5.308253e-03   4.693212e-02   4.098602e-02   0.000000e+00
 0.000000e+00   0.000000e+00  -6.824527e-03   0.000000e+00   0.000000e+00  -1.930982e-02   4.098602e-02   2.847069e-01   0.000000e+00
 4.859506e-04   1.294227e-04   0.000000e+00   2.210998e-03   6.693836e-04   0.000000e+00   0.000000e+00   0.000000e+00   4.003580e-02

# timestamp: 1774889244.8217292
 9.980991e-04   1.846719e-05   0.000000e+00   5.017296e-04   4.243204e-05   0.000000e+00   0.000000e+00   0.000000e+00   5.503793e-04
 1.846719e-05   8.565777e-04   0.000000e+00   4.094689e-05   2.341118e-04   0.000000e+00   0.000000e+00   0.000000e+00   1.491099e-04
 0.000000e+00   0.000000e+00   1.267329e-03   0.000000e+00   0.000000e+00   1.165786e-03  -1.745712e-03  -7.379152e-03   0.000000e+00
 5.017296e-04   4.094689e-05   0.000000e+00   9.825288e-04   1.124294e-04   0.000000e+00   0.000000e+00   0.000000e+00   2.369190e-03
 4.243204e-05   2.341118e-04   0.000000e+00   1.124294e-04   4.086932e-04   0.000000e+00   0.000000e+00   0.000000e+00   7.346303e-04
 0.000000e+00   0.000000e+00   1.165786e-03   0.000000e+00   0.000000e+00   2.666838e-03  -5.556486e-03  -1.991189e-02   0.000000e+00
 0.000000e+00   0.000000e+00  -1.745712e-03   0.000000e+00   0.000000e+00  -5.556486e-03   4.977138e-02   4.098602e-02   0.000000e+00
 0.000000e+00   0.000000e+00  -7.379152e-03   0.000000e+00   0.000000e+00  -1.991189e-02   4.098602e-02   2.875461e-01   0.000000e+00
 5.503793e-04   1.491099e-04   0.000000e+00   2.369190e-03   7.346303e-04   0.000000e+00   0.000000e+00   0.000000e+00   4.287505e-02

# timestamp: 1774889245.084444
 9.088414e-04   1.766781e-05   0.000000e+00   4.485064e-04   4.310883e-05   0.000000e+00   0.000000e+00   0.000000e+00   3.886258e-04
 1.766781e-05   7.917444e-04   0.000000e+00   4.202623e-05   2.185468e-04   0.000000e+00   0.000000e+00   0.000000e+00   1.490840e-04
 0.000000e+00   0.000000e+00   1.149830e-03   0.000000e+00   0.000000e+00   1.093666e-03  -1.405482e-03  -6.845925e-03   0.000000e+00
 4.485064e-04   4.202623e-05   0.000000e+00   9.233580e-04   1.215820e-04   0.000000e+00   0.000000e+00   0.000000e+00   1.988002e-03
 4.310883e-05   2.185468e-04   0.000000e+00   1.215820e-04   4.121984e-04   0.000000e+00   0.000000e+00   0.000000e+00   7.605026e-04
 0.000000e+00   0.000000e+00   1.093666e-03   0.000000e+00   0.000000e+00   2.704305e-03  -4.955585e-03  -2.016846e-02   0.000000e+00
 0.000000e+00   0.000000e+00  -1.405482e-03   0.000000e+00   0.000000e+00  -4.955585e-03   4.391084e-02   3.707808e-02   0.000000e+00
 0.000000e+00   0.000000e+00  -6.845925e-03   0.000000e+00   0.000000e+00  -2.016846e-02   3.707808e-02   2.784556e-01   0.000000e+00
 3.886258e-04   1.490840e-04   0.000000e+00   1.988002e-03   7.605026e-04   0.000000e+00   0.000000e+00   0.000000e+00   3.815544e-02

# timestamp: 1774889245.1090562
 9.672256e-04   2.037322e-05   0.000000e+00   4.783533e-04   4.760141e-05   0.000000e+00   0.000000e+00   0.000000e+00   4.502720e-04
 2.037322e-05   8.356919e-04   0.000000e+00   4.640452e-05   2.314174e-04   0.000000e+00   0.000000e+00   0.000000e+00   1.727639e-04
 0.000000e+00   0.000000e+00   1.249274e-03   0.000000e+00   0.000000e+00   1.195100e-03  -1.557864e-03  -7.462966e-03   0.000000e+00
 4.783533e-04   4.640452e-05   0.000000e+00   9.422024e-04   1.282071e-04   0.000000e+00   0.000000e+00   0.000000e+00   2.142263e-03
 4.760141e-05   2.314174e-04   0.000000e+00   1.282071e-04   4.179873e-04   0.000000e+00   0.000000e+00   0.000000e+00   8.303484e-04
 0.000000e+00   0.000000e+00   1.195100e-03   0.000000e+00   0.000000e+00   2.817242e-03  -5.196180e-03  -2.079698e-02   0.000000e+00
 0.000000e+00   0.000000e+00  -1.557864e-03   0.000000e+00   0.000000e+00  -5.196180e-03   4.694207e-02   3.707808e-02   0.000000e+00
 0.000000e+00   0.000000e+00  -7.462966e-03   0.000000e+00   0.000000e+00  -2.079698e-02   3.707808e-02   2.814868e-01   0.000000e+00
 4.502720e-04   1.727639e-04   0.000000e+00   2.142263e-03   8.303484e-04   0.000000e+00   0.000000e+00   0.000000e+00   4.118667e-02

# timestamp: 1774889245.1229658
 9.901638e-04   2.148801e-05   0.000000e+00   4.900544e-04   4.941624e-05   0.000000e+00   0.000000e+00   0.000000e+00   4.754200e-04
 2.148801e-05   8.527993e-04   0.000000e+00   4.817175e-05   2.364227e-04   0.000000e+00   0.000000e+00   0.000000e+00   1.825230e-04
 0.000000e+00   0.000000e+00   1.289215e-03   0.000000e+00   0.000000e+00   1.235530e-03  -1.618704e-03  -7.706069e-03   0.000000e+00
 4.900544e-04   4.817175e-05   0.000000e+00   9.497680e-04   1.308993e-04   0.000000e+00   0.000000e+00   0.000000e+00   2.204199e-03
 4.941624e-05   2.364227e-04   0.000000e+00   1.308993e-04   4.202787e-04   0.000000e+00   0.000000e+00   0.000000e+00   8.583916e-04
 0.000000e+00   0.000000e+00   1.235530e-03   0.000000e+00   0.000000e+00   2.861745e-03  -5.291312e-03  -2.103984e-02   0.000000e+00
 0.000000e+00   0.000000e+00  -1.618704e-03   0.000000e+00   0.000000e+00  -5.291312e-03   4.810761e-02   3.707808e-02   0.000000e+00
 0.000000e+00   0.000000e+00  -7.706069e-03   0.000000e+00   0.000000e+00  -2.103984e-02   3.707808e-02   2.826524e-01   0.000000e+00
 4.754200e-04   1.825230e-04   0.000000e+00   2.204199e-03   8.583916e-04   0.000000e+00   0.000000e+00   0.000000e+00   4.235221e-02

# timestamp: 1774889245.1547363
 1.056720e-03   2.488039e-05   0.000000e+00   5.239328e-04   5.482785e-05   0.000000e+00   0.000000e+00   0.000000e+00   5.504888e-04
 2.488039e-05   9.019617e-04   0.000000e+00   5.343435e-05   2.508067e-04   0.000000e+00   0.000000e+00   0.000000e+00   2.118967e-04
 0.000000e+00   0.000000e+00   1.407658e-03   0.000000e+00   0.000000e+00   1.354362e-03  -1.796963e-03  -8.409957e-03   0.000000e+00
 5.239328e-04   5.343435e-05   0.000000e+00   9.722537e-04   1.390003e-04   0.000000e+00   0.000000e+00   0.000000e+00   2.389881e-03
 5.482785e-05   2.508067e-04   0.000000e+00   1.390003e-04   4.269886e-04   0.000000e+00   0.000000e+00   0.000000e+00   9.424643e-04
 0.000000e+00   0.000000e+00   1.354362e-03   0.000000e+00   0.000000e+00   2.991300e-03  -5.571152e-03  -2.173322e-02   0.000000e+00
 0.000000e+00   0.000000e+00  -1.796963e-03   0.000000e+00   0.000000e+00  -5.571152e-03   5.141357e-02   3.707808e-02   0.000000e+00
 0.000000e+00   0.000000e+00  -8.409957e-03   0.000000e+00   0.000000e+00  -2.173322e-02   3.707808e-02   2.859583e-01   0.000000e+00
 5.504888e-04   2.118967e-04   0.000000e+00   2.389881e-03   9.424643e-04   0.000000e+00   0.000000e+00   0.000000e+00   4.565816e-02

# timestamp: 1774889245.4036744
 9.465956e-04   2.246159e-05   0.000000e+00   4.562729e-04   5.177043e-05   0.000000e+00   0.000000e+00   0.000000e+00   3.161176e-04
 2.246159e-05   8.240768e-04   0.000000e+00   5.109595e-05   2.311286e-04   0.000000e+00   0.000000e+00   0.000000e+00   1.735065e-04
 0.000000e+00   0.000000e+00   1.227808e-03   0.000000e+00   0.000000e+00   1.183960e-03  -1.339630e-03  -7.152833e-03   0.000000e+00
 4.562729e-04   5.109595e-05   0.000000e+00   8.997663e-04   1.394586e-04   0.000000e+00   0.000000e+00   0.000000e+00   1.924110e-03
 5.177043e-05   2.311286e-04   0.000000e+00   1.394586e-04   4.268891e-04   0.000000e+00   0.000000e+00   0.000000e+00   8.557655e-04
 0.000000e+00   0.000000e+00   1.183960e-03   0.000000e+00   0.000000e+00   2.846183e-03  -4.843501e-03  -2.053703e-02   0.000000e+00
 0.000000e+00   0.000000e+00  -1.339630e-03   0.000000e+00   0.000000e+00  -4.843501e-03   4.524776e-02   3.452039e-02   0.000000e+00
 0.000000e+00   0.000000e+00  -7.152833e-03   0.000000e+00   0.000000e+00  -2.053703e-02   3.452039e-02   2.685966e-01   0.000000e+00
 3.161176e-04   1.735065e-04   0.000000e+00   1.924110e-03   8.557655e-04   0.000000e+00   0.000000e+00   0.000000e+00   3.997484e-02

# timestamp: 1774889245.4351795
 1.002485e-03   2.555348e-05   0.000000e+00   4.835559e-04   5.640710e-05   0.000000e+00   0.000000e+00   0.000000e+00   3.728371e-04
 2.555348e-05   8.665794e-04   0.000000e+00   5.580278e-05   2.438154e-04   0.000000e+00   0.000000e+00   0.000000e+00   1.987752e-04
 0.000000e+00   0.000000e+00   1.327552e-03   0.000000e+00   0.000000e+00   1.283697e-03  -1.481152e-03  -7.749708e-03   0.000000e+00
 4.835559e-04   5.580278e-05   0.000000e+00   9.158746e-04   1.455686e-04   0.000000e+00   0.000000e+00   0.000000e+00   2.063248e-03
 5.640710e-05   2.438154e-04   0.000000e+00   1.455686e-04   4.325901e-04   0.000000e+00   0.000000e+00   0.000000e+00   9.222743e-04
 0.000000e+00   0.000000e+00   1.283697e-03   0.000000e+00   0.000000e+00   2.947914e-03  -5.054889e-03  -2.108070e-02   0.000000e+00
 0.000000e+00   0.000000e+00  -1.481152e-03   0.000000e+00   0.000000e+00  -5.054889e-03   4.812967e-02   3.452039e-02   0.000000e+00
 0.000000e+00   0.000000e+00  -7.749708e-03   0.000000e+00   0.000000e+00  -2.108070e-02   3.452039e-02   2.714785e-01   0.000000e+00
 3.728371e-04   1.987752e-04   0.000000e+00   2.063248e-03   9.222743e-04   0.000000e+00   0.000000e+00   0.000000e+00   4.285675e-02

# timestamp: 1774889245.4486983
 1.025241e-03   2.686523e-05   0.000000e+00   4.946363e-04   5.833657e-05   0.000000e+00   0.000000e+00   0.000000e+00   3.967400e-04
 2.686523e-05   8.837525e-04   0.000000e+00   5.775876e-05   2.489366e-04   0.000000e+00   0.000000e+00   0.000000e+00   2.094649e-04
 0.000000e+00   0.000000e+00   1.369025e-03   0.000000e+00   0.000000e+00   1.324781e-03  -1.539556e-03  -7.992866e-03   0.000000e+00
 4.946363e-04   5.775876e-05   0.000000e+00   9.225677e-04   1.481333e-04   0.000000e+00   0.000000e+00   0.000000e+00   2.121161e-03
 5.833657e-05   2.489366e-04   0.000000e+00   1.481333e-04   4.349260e-04   0.000000e+00   0.000000e+00   0.000000e+00   9.499569e-04
 0.000000e+00   0.000000e+00   1.324781e-03   0.000000e+00   0.000000e+00   2.989405e-03  -5.141644e-03  -2.129887e-02   0.000000e+00
 0.000000e+00   0.000000e+00  -1.539556e-03   0.000000e+00   0.000000e+00  -5.141644e-03   4.928016e-02   3.452039e-02   0.000000e+00
 0.000000e+00   0.000000e+00  -7.992866e-03   0.000000e+00   0.000000e+00  -2.129887e-02   3.452039e-02   2.726290e-01   0.000000e+00
 3.967400e-04   2.094649e-04   0.000000e+00   2.121161e-03   9.499569e-04   0.000000e+00   0.000000e+00   0.000000e+00   4.400724e-02

# timestamp: 1774889245.4692745
 1.079450e-03   3.010954e-05   0.000000e+00   5.209751e-04   6.302495e-05   0.000000e+00   0.000000e+00   0.000000e+00   4.552053e-04
 3.010954e-05   9.243687e-04   0.000000e+00   6.250519e-05   2.610447e-04   0.000000e+00   0.000000e+00   0.000000e+00   2.356909e-04
 0.000000e+00   0.000000e+00   1.469724e-03   0.000000e+00   0.000000e+00   1.423612e-03  -1.679952e-03  -8.570968e-03   0.000000e+00
 5.209751e-04   6.250519e-05   0.000000e+00   9.388315e-04   1.544235e-04   0.000000e+00   0.000000e+00   0.000000e+00   2.262680e-03
 6.302495e-05   2.610447e-04   0.000000e+00   1.544235e-04   4.405281e-04   0.000000e+00   0.000000e+00   0.000000e+00   1.017604e-03
 0.000000e+00   0.000000e+00   1.423612e-03   0.000000e+00   0.000000e+00   3.088413e-03  -5.350602e-03  -2.181191e-02   0.000000e+00
 0.000000e+00   0.000000e+00  -1.679952e-03   0.000000e+00   0.000000e+00  -5.350602e-03   5.197021e-02   3.452039e-02   0.000000e+00
 0.000000e+00   0.000000e+00  -8.570968e-03   0.000000e+00   0.000000e+00  -2.181191e-02   3.452039e-02   2.753190e-01   0.000000e+00
 4.552053e-04   2.356909e-04   0.000000e+00   2.262680e-03   1.017604e-03   0.000000e+00   0.000000e+00   0.000000e+00   4.669729e-02

# timestamp: 1774889245.7232318
 9.906167e-04   2.911638e-05   0.000000e+00   4.685913e-04   6.186273e-05   0.000000e+00   0.000000e+00   0.000000e+00   4.335267e-04
 2.911638e-05   8.640293e-04   0.000000e+00   6.187714e-05   2.470478e-04   0.000000e+00   0.000000e+00   0.000000e+00   2.128107e-04
 0.000000e+00   0.000000e+00   1.343705e-03   0.000000e+00   0.000000e+00   1.315702e-03  -1.653719e-03  -7.903700e-03   0.000000e+00
 4.685913e-04   6.187714e-05   0.000000e+00   8.750377e-04   1.510727e-04   0.000000e+00   0.000000e+00   0.000000e+00   1.952167e-03
 6.186273e-05   2.470478e-04   0.000000e+00   1.510727e-04   4.393434e-04   0.000000e+00   0.000000e+00   0.000000e+00   9.151271e-04
 0.000000e+00   0.000000e+00   1.315702e-03   0.000000e+00   0.000000e+00   2.965050e-03  -5.148160e-03  -2.087307e-02   0.000000e+00
 0.000000e+00   0.000000e+00  -1.653719e-03   0.000000e+00   0.000000e+00  -5.148160e-03   4.893482e-02   3.593191e-02   0.000000e+00
 0.000000e+00   0.000000e+00  -7.903700e-03   0.000000e+00   0.000000e+00  -2.087307e-02   3.593191e-02   2.635314e-01   0.000000e+00
 4.335267e-04   2.128107e-04   0.000000e+00   1.952167e-03   9.151271e-04   0.000000e+00   0.000000e+00   0.000000e+00   4.302801e-02

# timestamp: 1774889245.7425363
 1.024683e-03   3.132451e-05   0.000000e+00   4.847565e-04   6.492647e-05   0.000000e+00   0.000000e+00   0.000000e+00   4.679303e-04
 3.132451e-05   8.902279e-04   0.000000e+00   6.494210e-05   2.549441e-04   0.000000e+00   0.000000e+00   0.000000e+00   2.289450e-04
 0.000000e+00   0.000000e+00   1.408046e-03   0.000000e+00   0.000000e+00   1.378226e-03  -1.744060e-03  -8.269126e-03   0.000000e+00
 4.847565e-04   6.494210e-05   0.000000e+00   8.841294e-04   1.545898e-04   0.000000e+00   0.000000e+00   0.000000e+00   2.033904e-03
 6.492647e-05   2.549441e-04   0.000000e+00   1.545898e-04   4.427707e-04   0.000000e+00   0.000000e+00   0.000000e+00   9.550314e-04
 0.000000e+00   0.000000e+00   1.378226e-03   0.000000e+00   0.000000e+00   3.023849e-03  -5.273124e-03  -2.117766e-02   0.000000e+00
 0.000000e+00   0.000000e+00  -1.744060e-03   0.000000e+00   0.000000e+00  -5.273124e-03   5.067921e-02   3.593191e-02   0.000000e+00
 0.000000e+00   0.000000e+00  -8.269126e-03   0.000000e+00   0.000000e+00  -2.117766e-02   3.593191e-02   2.652758e-01   0.000000e+00
 4.679303e-04   2.289450e-04   0.000000e+00   2.033904e-03   9.550314e-04   0.000000e+00   0.000000e+00   0.000000e+00   4.477240e-02

# timestamp: 1774889245.763509
 1.078768e-03   3.497440e-05   0.000000e+00   5.103375e-04   6.987955e-05   0.000000e+00   0.000000e+00   0.000000e+00   5.244119e-04
 3.497440e-05   9.315024e-04   0.000000e+00   6.989476e-05   2.673669e-04   0.000000e+00   0.000000e+00   0.000000e+00   2.554911e-04
 0.000000e+00   0.000000e+00   1.512487e-03   0.000000e+00   0.000000e+00   1.478509e-03  -1.889055e-03  -8.848181e-03   0.000000e+00
 5.103375e-04   6.989476e-05   0.000000e+00   8.988752e-04   1.603563e-04   0.000000e+00   0.000000e+00   0.000000e+00   2.167064e-03
 6.987955e-05   2.673669e-04   0.000000e+00   1.603563e-04   4.482443e-04   0.000000e+00   0.000000e+00   0.000000e+00   1.020041e-03
 0.000000e+00   0.000000e+00   1.478509e-03   0.000000e+00   0.000000e+00   3.117270e-03  -5.473478e-03  -2.165411e-02   0.000000e+00
 0.000000e+00   0.000000e+00  -1.889055e-03   0.000000e+00   0.000000e+00  -5.473478e-03   5.339072e-02   3.593191e-02   0.000000e+00
 0.000000e+00   0.000000e+00  -8.848181e-03   0.000000e+00   0.000000e+00  -2.165411e-02   3.593191e-02   2.679873e-01   0.000000e+00
 5.244119e-04   2.554911e-04   0.000000e+00   2.167064e-03   1.020041e-03   0.000000e+00   0.000000e+00   0.000000e+00   4.748391e-02

# timestamp: 1774889245.801043
 9.204484e-04   2.589185e-05   0.000000e+00   4.312440e-04   5.725896e-05   0.000000e+00   0.000000e+00   0.000000e+00   3.704079e-04
 2.589185e-05   8.119266e-04   0.000000e+00   5.744766e-05   2.322258e-04   0.000000e+00   0.000000e+00   0.000000e+00   1.827555e-04
 0.000000e+00   0.000000e+00   1.220958e-03   0.000000e+00   0.000000e+00   1.191810e-03  -1.500611e-03  -7.138378e-03   0.000000e+00
 4.312440e-04   5.744766e-05   0.000000e+00   8.438728e-04   1.455802e-04   0.000000e+00   0.000000e+00   0.000000e+00   1.755344e-03
 5.725896e-05   2.322258e-04   0.000000e+00   1.455802e-04   4.345242e-04   0.000000e+00   0.000000e+00   0.000000e+00   8.320242e-04
 0.000000e+00   0.000000e+00   1.191810e-03   0.000000e+00   0.000000e+00   2.826727e-03  -4.899053e-03  -1.999307e-02   0.000000e+00
 0.000000e+00   0.000000e+00  -1.500611e-03   0.000000e+00   0.000000e+00  -4.899053e-03   4.537047e-02   3.632059e-02   0.000000e+00
 0.000000e+00   0.000000e+00  -7.138378e-03   0.000000e+00   0.000000e+00  -1.999307e-02   3.632059e-02   2.564368e-01   0.000000e+00
 3.704079e-04   1.827555e-04   0.000000e+00   1.755344e-03   8.320242e-04   0.000000e+00   0.000000e+00   0.000000e+00   3.924224e-02

# timestamp: 1774889246.059363
 1.075640e-03   3.820503e-05   0.000000e+00   4.924081e-04   7.284509e-05   0.000000e+00   0.000000e+00   0.000000e+00   4.432065e-04
 3.820503e-05   9.386393e-04   0.000000e+00   7.342045e-05   2.718267e-04   0.000000e+00   0.000000e+00   0.000000e+00   2.462495e-04
 0.000000e+00   0.000000e+00   1.511564e-03   0.000000e+00   0.000000e+00   1.440320e-03  -1.778842e-03  -8.483177e-03   0.000000e+00
 4.924081e-04   7.342045e-05   0.000000e+00   8.528052e-04   1.600254e-04   0.000000e+00   0.000000e+00   0.000000e+00   1.990623e-03
 7.284509e-05   2.718267e-04   0.000000e+00   1.600254e-04   4.526233e-04   0.000000e+00   0.000000e+00   0.000000e+00   9.787828e-04
 0.000000e+00   0.000000e+00   1.440320e-03   0.000000e+00   0.000000e+00   2.972635e-03  -5.180337e-03  -2.042883e-02   0.000000e+00
 0.000000e+00   0.000000e+00  -1.778842e-03   0.000000e+00   0.000000e+00  -5.180337e-03   5.325660e-02   3.516567e-02   0.000000e+00
 0.000000e+00   0.000000e+00  -8.483177e-03   0.000000e+00   0.000000e+00  -2.042883e-02   3.516567e-02   2.571617e-01   0.000000e+00
 4.432065e-04   2.462495e-04   0.000000e+00   1.990623e-03   9.787828e-04   0.000000e+00   0.000000e+00   0.000000e+00   4.729525e-02

# timestamp: 1774889246.102251
 1.037914e-03   3.514756e-05   0.000000e+00   4.998202e-04   8.292755e-05   0.000000e+00   0.000000e+00   0.000000e+00   1.104105e-03
 3.514756e-05   8.911487e-04   0.000000e+00   6.467768e-05   2.558102e-04   0.000000e+00   0.000000e+00   0.000000e+00   1.131395e-04
 0.000000e+00   0.000000e+00   1.415962e-03   0.000000e+00   0.000000e+00   1.365375e-03  -2.617810e-03  -7.535998e-03   0.000000e+00
 4.998202e-04   6.467768e-05   0.000000e+00   8.606899e-04   1.617590e-04   0.000000e+00   0.000000e+00   0.000000e+00   2.180437e-03
 8.292755e-05   2.558102e-04   0.000000e+00   1.617590e-04   4.479277e-04   0.000000e+00   0.000000e+00   0.000000e+00   9.299552e-04
 0.000000e+00   0.000000e+00   1.365375e-03   0.000000e+00   0.000000e+00   2.910472e-03  -5.953946e-03  -1.958961e-02   0.000000e+00
 0.000000e+00   0.000000e+00  -2.617810e-03   0.000000e+00   0.000000e+00  -5.953946e-03   5.306764e-02   4.052313e-02   0.000000e+00
 0.000000e+00   0.000000e+00  -7.535998e-03   0.000000e+00   0.000000e+00  -1.958961e-02   4.052313e-02   2.486959e-01   0.000000e+00
 1.104105e-03   1.131395e-04   0.000000e+00   2.180437e-03   9.299552e-04   0.000000e+00   0.000000e+00   0.000000e+00   4.493098e-02

# timestamp: 1774889246.1418128
 9.941551e-04   3.325827e-05   0.000000e+00   4.504052e-04   6.622549e-05   0.000000e+00   0.000000e+00   0.000000e+00   3.549413e-04
 3.325827e-05   8.777959e-04   0.000000e+00   6.674005e-05   2.539628e-04   0.000000e+00   0.000000e+00   0.000000e+00   2.030944e-04
 0.000000e+00   0.000000e+00   1.353533e-03   0.000000e+00   0.000000e+00   1.279365e-03  -1.568278e-03  -7.498513e-03   0.000000e+00
 4.504052e-04   6.674005e-05   0.000000e+00   8.194416e-04   1.518522e-04   0.000000e+00   0.000000e+00   0.000000e+00   1.769137e-03
 6.622549e-05   2.539628e-04   0.000000e+00   1.518522e-04   4.456904e-04   0.000000e+00   0.000000e+00   0.000000e+00   8.733777e-04
 0.000000e+00   0.000000e+00   1.279365e-03   0.000000e+00   0.000000e+00   2.791920e-03  -4.877719e-03  -1.933382e-02   0.000000e+00
 0.000000e+00   0.000000e+00  -1.568278e-03   0.000000e+00   0.000000e+00  -4.877719e-03   4.933397e-02   3.561232e-02   0.000000e+00
 0.000000e+00   0.000000e+00  -7.498513e-03   0.000000e+00   0.000000e+00  -1.933382e-02   3.561232e-02   2.495349e-01   0.000000e+00
 3.549413e-04   2.030944e-04   0.000000e+00   1.769137e-03   8.733777e-04   0.000000e+00   0.000000e+00   0.000000e+00   4.311571e-02

# timestamp: 1774889246.1886415
 8.963807e-04   2.759224e-05   0.000000e+00   4.030259e-04   5.859812e-05   0.000000e+00   0.000000e+00   0.000000e+00   2.917319e-04
 2.759224e-05   8.018346e-04   0.000000e+00   5.914257e-05   2.317613e-04   0.000000e+00   0.000000e+00   0.000000e+00   1.644075e-04
 0.000000e+00   0.000000e+00   1.181580e-03   0.000000e+00   0.000000e+00   1.114613e-03  -1.402810e-03  -6.537963e-03   0.000000e+00
 4.030259e-04   5.914257e-05   0.000000e+00   7.855223e-04   1.428075e-04   0.000000e+00   0.000000e+00   0.000000e+00   1.542665e-03
 5.859812e-05   2.317613e-04   0.000000e+00   1.428075e-04   4.371018e-04   0.000000e+00   0.000000e+00   0.000000e+00   7.592108e-04
 0.000000e+00   0.000000e+00   1.114613e-03   0.000000e+00   0.000000e+00   2.620936e-03  -4.646695e-03  -1.834818e-02   0.000000e+00
 0.000000e+00   0.000000e+00  -1.402810e-03   0.000000e+00   0.000000e+00  -4.646695e-03   4.505830e-02   3.697590e-02   0.000000e+00
 0.000000e+00   0.000000e+00  -6.537963e-03   0.000000e+00   0.000000e+00  -1.834818e-02   3.697590e-02   2.425605e-01   0.000000e+00
 2.917319e-04   1.644075e-04   0.000000e+00   1.542665e-03   7.592108e-04   0.000000e+00   0.000000e+00   0.000000e+00   3.829391e-02

# timestamp: 1774889246.392629
 9.073964e-04   2.969347e-05   0.000000e+00   4.007169e-04   6.049980e-05   0.000000e+00   0.000000e+00   0.000000e+00   3.214322e-04
 2.969347e-05   8.155164e-04   0.000000e+00   6.137863e-05   2.369214e-04   0.000000e+00   0.000000e+00   0.000000e+00   1.686735e-04
 0.000000e+00   0.000000e+00   1.208562e-03   0.000000e+00   0.000000e+00   1.124101e-03  -1.556190e-03  -6.617997e-03   0.000000e+00
 4.007169e-04   6.137863e-05   0.000000e+00   7.647817e-04   1.405993e-04   0.000000e+00   0.000000e+00   0.000000e+00   1.525831e-03
 6.049980e-05   2.369214e-04   0.000000e+00   1.405993e-04   4.382583e-04   0.000000e+00   0.000000e+00   0.000000e+00   7.308519e-04
 0.000000e+00   0.000000e+00   1.124101e-03   0.000000e+00   0.000000e+00   2.557979e-03  -4.842729e-03  -1.786022e-02   0.000000e+00
 0.000000e+00   0.000000e+00  -1.556190e-03   0.000000e+00   0.000000e+00  -4.842729e-03   4.730522e-02   3.975526e-02   0.000000e+00
 0.000000e+00   0.000000e+00  -6.617997e-03   0.000000e+00   0.000000e+00  -1.786022e-02   3.975526e-02   2.393748e-01   0.000000e+00
 3.214322e-04   1.686735e-04   0.000000e+00   1.525831e-03   7.308519e-04   0.000000e+00   0.000000e+00   0.000000e+00   3.933284e-02

# timestamp: 1774889246.4166825
 9.602211e-04   3.335041e-05   0.000000e+00   4.239161e-04   6.502391e-05   0.000000e+00   0.000000e+00   0.000000e+00   3.667550e-04
 3.335041e-05   8.585660e-04   0.000000e+00   6.596676e-05   2.498979e-04   0.000000e+00   0.000000e+00   0.000000e+00   1.903505e-04
 0.000000e+00   0.000000e+00   1.305038e-03   0.000000e+00   0.000000e+00   1.211442e-03  -1.698283e-03  -7.139318e-03   0.000000e+00
 4.239161e-04   6.596676e-05   0.000000e+00   7.759341e-04   1.444348e-04   0.000000e+00   0.000000e+00   0.000000e+00   1.633427e-03
 6.502391e-05   2.498979e-04   0.000000e+00   1.444348e-04   4.429340e-04   0.000000e+00   0.000000e+00   0.000000e+00   7.793762e-04
 0.000000e+00   0.000000e+00   1.211442e-03   0.000000e+00   0.000000e+00   2.629227e-03  -5.018043e-03  -1.824855e-02   0.000000e+00
 0.000000e+00   0.000000e+00  -1.698283e-03   0.000000e+00   0.000000e+00  -5.018043e-03   5.020079e-02   3.975526e-02   0.000000e+00
 0.000000e+00   0.000000e+00  -7.139318e-03   0.000000e+00   0.000000e+00  -1.824855e-02   3.975526e-02   2.422703e-01   0.000000e+00
 3.667550e-04   1.903505e-04   0.000000e+00   1.633427e-03   7.793762e-04   0.000000e+00   0.000000e+00   0.000000e+00   4.222841e-02

# timestamp: 1774889246.4481478
 1.006218e-03   3.666979e-05   0.000000e+00   4.440025e-04   6.900078e-05   0.000000e+00   0.000000e+00   0.000000e+00   4.075696e-04
 3.666979e-05   8.957801e-04   0.000000e+00   7.000088e-05   2.610688e-04   0.000000e+00   0.000000e+00   0.000000e+00   2.098097e-04
 0.000000e+00   0.000000e+00   1.391085e-03   0.000000e+00   0.000000e+00   1.288094e-03  -1.822813e-03  -7.590810e-03   0.000000e+00
 4.440025e-04   7.000088e-05   0.000000e+00   7.858791e-04   1.479040e-04   0.000000e+00   0.000000e+00   0.000000e+00   1.731478e-03
 6.900078e-05   2.610688e-04   0.000000e+00   1.479040e-04   4.470045e-04   0.000000e+00   0.000000e+00   0.000000e+00   8.235960e-04
 0.000000e+00   0.000000e+00   1.288094e-03   0.000000e+00   0.000000e+00   2.691296e-03  -5.173699e-03  -1.858183e-02   0.000000e+00
 0.000000e+00   0.000000e+00  -1.822813e-03   0.000000e+00   0.000000e+00  -5.173699e-03   5.266392e-02   3.975526e-02   0.000000e+00
 0.000000e+00   0.000000e+00  -7.590810e-03   0.000000e+00   0.000000e+00  -1.858183e-02   3.975526e-02   2.447335e-01   0.000000e+00
 4.075696e-04   2.098097e-04   0.000000e+00   1.731478e-03   8.235960e-04   0.000000e+00   0.000000e+00   0.000000e+00   4.469153e-02

# timestamp: 1774889246.4646492
 1.047179e-03   3.973202e-05   0.000000e+00   4.618152e-04   7.258136e-05   0.000000e+00   0.000000e+00   0.000000e+00   4.454177e-04
 3.973202e-05   9.287099e-04   0.000000e+00   7.363312e-05   2.709131e-04   0.000000e+00   0.000000e+00   0.000000e+00   2.277971e-04
 0.000000e+00   0.000000e+00   1.469355e-03   0.000000e+00   0.000000e+00   1.356916e-03  -1.935012e-03  -7.992320e-03   0.000000e+00
 4.618152e-04   7.363312e-05   0.000000e+00   7.949225e-04   1.510960e-04   0.000000e+00   0.000000e+00   0.000000e+00   1.821015e-03
 7.258136e-05   2.709131e-04   0.000000e+00   1.510960e-04   4.506310e-04   0.000000e+00   0.000000e+00   0.000000e+00   8.639763e-04
 0.000000e+00   0.000000e+00   1.356916e-03   0.000000e+00   0.000000e+00   2.746585e-03  -5.313509e-03  -1.887447e-02   0.000000e+00
 0.000000e+00   0.000000e+00  -1.935012e-03   0.000000e+00   0.000000e+00  -5.313509e-03   5.481352e-02   3.975526e-02   0.000000e+00
 0.000000e+00   0.000000e+00  -7.992320e-03   0.000000e+00   0.000000e+00  -1.887447e-02   3.975526e-02   2.468831e-01   0.000000e+00
 4.454177e-04   2.277971e-04   0.000000e+00   1.821015e-03   8.639763e-04   0.000000e+00   0.000000e+00   0.000000e+00   4.684114e-02

# timestamp: 1774889246.7067375
 9.257431e-04   3.170804e-05   0.000000e+00   3.952691e-04   6.121232e-05   0.000000e+00   0.000000e+00   0.000000e+00   2.728570e-04
 3.170804e-05   8.374501e-04   0.000000e+00   6.178722e-05   2.434323e-04   0.000000e+00   0.000000e+00   0.000000e+00   1.543367e-04
 0.000000e+00   0.000000e+00   1.227044e-03   0.000000e+00   0.000000e+00   1.088800e-03  -1.492066e-03  -6.374354e-03   0.000000e+00
 3.952691e-04   6.178722e-05   0.000000e+00   7.314157e-04   1.339657e-04   0.000000e+00   0.000000e+00   0.000000e+00   1.433270e-03
 6.121232e-05   2.434323e-04   0.000000e+00   1.339657e-04   4.381038e-04   0.000000e+00   0.000000e+00   0.000000e+00   6.810061e-04
 0.000000e+00   0.000000e+00   1.088800e-03   0.000000e+00   0.000000e+00   2.384941e-03  -4.620827e-03  -1.674002e-02   0.000000e+00
 0.000000e+00   0.000000e+00  -1.492066e-03   0.000000e+00   0.000000e+00  -4.620827e-03   4.886098e-02   3.969124e-02   0.000000e+00
 0.000000e+00   0.000000e+00  -6.374354e-03   0.000000e+00   0.000000e+00  -1.674002e-02   3.969124e-02   2.357847e-01   0.000000e+00
 2.728570e-04   1.543367e-04   0.000000e+00   1.433270e-03   6.810061e-04   0.000000e+00   0.000000e+00   0.000000e+00   4.071583e-02

# timestamp: 1774889246.7203732
 9.473433e-04   3.320464e-05   0.000000e+00   4.043466e-04   6.294888e-05   0.000000e+00   0.000000e+00   0.000000e+00   2.901822e-04
 3.320464e-05   8.553616e-04   0.000000e+00   6.355560e-05   2.487737e-04   0.000000e+00   0.000000e+00   0.000000e+00   1.625652e-04
 0.000000e+00   0.000000e+00   1.265557e-03   0.000000e+00   0.000000e+00   1.121849e-03  -1.547729e-03  -6.575720e-03   0.000000e+00
 4.043466e-04   6.355560e-05   0.000000e+00   7.354490e-04   1.352717e-04   0.000000e+00   0.000000e+00   0.000000e+00   1.473826e-03
 6.294888e-05   2.487737e-04   0.000000e+00   1.352717e-04   4.399058e-04   0.000000e+00   0.000000e+00   0.000000e+00   6.991469e-04
 0.000000e+00   0.000000e+00   1.121849e-03   0.000000e+00   0.000000e+00   2.409867e-03  -4.686622e-03  -1.688187e-02   0.000000e+00
 0.000000e+00   0.000000e+00  -1.547729e-03   0.000000e+00   0.000000e+00  -4.686622e-03   5.006134e-02   3.969124e-02   0.000000e+00
 0.000000e+00   0.000000e+00  -6.575720e-03   0.000000e+00   0.000000e+00  -1.688187e-02   3.969124e-02   2.369850e-01   0.000000e+00
 2.901822e-04   1.625652e-04   0.000000e+00   1.473826e-03   6.991469e-04   0.000000e+00   0.000000e+00   0.000000e+00   4.191620e-02

# timestamp: 1774889246.7369702
 9.876773e-04   3.607019e-05   0.000000e+00   4.212295e-04   6.620641e-05   0.000000e+00   0.000000e+00   0.000000e+00   3.233034e-04
 3.607019e-05   8.886698e-04   0.000000e+00   6.687298e-05   2.586741e-04   0.000000e+00   0.000000e+00   0.000000e+00   1.782621e-04
 0.000000e+00   0.000000e+00   1.338533e-03   0.000000e+00   0.000000e+00   1.183832e-03  -1.652177e-03  -6.950646e-03   0.000000e+00
 4.212295e-04   6.687298e-05   0.000000e+00   7.430851e-04   1.377706e-04   0.000000e+00   0.000000e+00   0.000000e+00   1.551689e-03
 6.620641e-05   2.586741e-04   0.000000e+00   1.377706e-04   4.432652e-04   0.000000e+00   0.000000e+00   0.000000e+00   7.339750e-04
 0.000000e+00   0.000000e+00   1.183832e-03   0.000000e+00   0.000000e+00   2.456417e-03  -4.810947e-03  -1.714443e-02   0.000000e+00
 0.000000e+00   0.000000e+00  -1.652177e-03   0.000000e+00   0.000000e+00  -4.810947e-03   5.227101e-02   3.969124e-02   0.000000e+00
 0.000000e+00   0.000000e+00  -6.950646e-03   0.000000e+00   0.000000e+00  -1.714443e-02   3.969124e-02   2.391947e-01   0.000000e+00
 3.233034e-04   1.782621e-04   0.000000e+00   1.551689e-03   7.339750e-04   0.000000e+00   0.000000e+00   0.000000e+00   4.412586e-02

# timestamp: 1774889246.78907
 9.928022e-04   3.525596e-05   0.000000e+00   4.423819e-04   7.600866e-05   0.000000e+00   0.000000e+00   0.000000e+00   9.746685e-04
 3.525596e-05   8.773435e-04   0.000000e+00   6.191766e-05   2.535135e-04   0.000000e+00   0.000000e+00   0.000000e+00   6.297231e-05
 0.000000e+00   0.000000e+00   1.333887e-03   0.000000e+00   0.000000e+00   1.190600e-03  -2.523640e-03  -6.605172e-03   0.000000e+00
 4.423819e-04   6.191766e-05   0.000000e+00   7.555942e-04   1.403508e-04   0.000000e+00   0.000000e+00   0.000000e+00   1.799357e-03
 7.600866e-05   2.535135e-04   0.000000e+00   1.403508e-04   4.418659e-04   0.000000e+00   0.000000e+00   0.000000e+00   7.269447e-04
 0.000000e+00   0.000000e+00   1.190600e-03   0.000000e+00   0.000000e+00   2.458542e-03  -5.575328e-03  -1.682002e-02   0.000000e+00
 0.000000e+00   0.000000e+00  -2.523640e-03   0.000000e+00   0.000000e+00  -5.575328e-03   5.428249e-02   4.417657e-02   0.000000e+00
 0.000000e+00   0.000000e+00  -6.605172e-03   0.000000e+00   0.000000e+00  -1.682002e-02   4.417657e-02   2.358676e-01   0.000000e+00
 9.746685e-04   6.297231e-05   0.000000e+00   1.799357e-03   7.269447e-04   0.000000e+00   0.000000e+00   0.000000e+00   4.404405e-02

# timestamp: 1774889246.9935699
 1.002377e-03   3.551560e-05   0.000000e+00   4.353027e-04   7.366472e-05   0.000000e+00   0.000000e+00   0.000000e+00   9.176617e-04
 3.551560e-05   8.917462e-04   0.000000e+00   6.033397e-05   2.568386e-04   0.000000e+00   0.000000e+00   0.000000e+00   3.847781e-05
 0.000000e+00   0.000000e+00   1.331821e-03   0.000000e+00   0.000000e+00   1.139751e-03  -2.423853e-03  -6.299504e-03   0.000000e+00
 4.353027e-04   6.033397e-05   0.000000e+00   7.316086e-04   1.322974e-04   0.000000e+00   0.000000e+00   0.000000e+00   1.722052e-03
 7.366472e-05   2.568386e-04   0.000000e+00   1.322974e-04   4.393491e-04   0.000000e+00   0.000000e+00   0.000000e+00   6.607572e-04
 0.000000e+00   0.000000e+00   1.139751e-03   0.000000e+00   0.000000e+00   2.299976e-03  -5.348146e-03  -1.587379e-02   0.000000e+00
 0.000000e+00   0.000000e+00  -2.423853e-03   0.000000e+00   0.000000e+00  -5.348146e-03   5.523452e-02   4.441276e-02   0.000000e+00
 0.000000e+00   0.000000e+00  -6.299504e-03   0.000000e+00   0.000000e+00  -1.587379e-02   4.441276e-02   2.344632e-01   0.000000e+00
 9.176617e-04   3.847781e-05   0.000000e+00   1.722052e-03   6.607572e-04   0.000000e+00   0.000000e+00   0.000000e+00   4.476461e-02

# timestamp: 1774889247.0315032
 9.528460e-04   3.334171e-05   0.000000e+00   3.921773e-04   6.053581e-05   0.000000e+00   0.000000e+00   0.000000e+00   2.070354e-04
 3.334171e-05   8.669612e-04   0.000000e+00   6.118246e-05   2.510623e-04   0.000000e+00   0.000000e+00   0.000000e+00   1.443879e-04
 0.000000e+00   0.000000e+00   1.255063e-03   0.000000e+00   0.000000e+00   1.051350e-03  -1.424616e-03  -6.205695e-03   0.000000e+00
 3.921773e-04   6.118246e-05   0.000000e+00   7.003405e-04   1.243298e-04   0.000000e+00   0.000000e+00   0.000000e+00   1.357061e-03
 6.053581e-05   2.510623e-04   0.000000e+00   1.243298e-04   4.359212e-04   0.000000e+00   0.000000e+00   0.000000e+00   6.106656e-04
 0.000000e+00   0.000000e+00   1.051350e-03   0.000000e+00   0.000000e+00   2.193274e-03  -4.417833e-03  -1.562558e-02   0.000000e+00
 0.000000e+00   0.000000e+00  -1.424616e-03   0.000000e+00   0.000000e+00  -4.417833e-03   5.101498e-02   4.055040e-02   0.000000e+00
 0.000000e+00   0.000000e+00  -6.205695e-03   0.000000e+00   0.000000e+00  -1.562558e-02   4.055040e-02   2.356807e-01   0.000000e+00
 2.070354e-04   1.443879e-04   0.000000e+00   1.357061e-03   6.106656e-04   0.000000e+00   0.000000e+00   0.000000e+00   4.243207e-02

# timestamp: 1774889247.0635443
 1.020143e-03   3.804578e-05   0.000000e+00   4.190859e-04   6.545445e-05   0.000000e+00   0.000000e+00   0.000000e+00   2.589828e-04
 3.804578e-05   9.233915e-04   0.000000e+00   6.630101e-05   2.675425e-04   0.000000e+00   0.000000e+00   0.000000e+00   1.676475e-04
 0.000000e+00   0.000000e+00   1.373681e-03   0.000000e+00   0.000000e+00   1.145135e-03  -1.591127e-03  -6.790830e-03   0.000000e+00
 4.190859e-04   6.630101e-05   0.000000e+00   7.122042e-04   1.276697e-04   0.000000e+00   0.000000e+00   0.000000e+00   1.485937e-03
 6.545445e-05   2.675425e-04   0.000000e+00   1.276697e-04   4.409955e-04   0.000000e+00   0.000000e+00   0.000000e+00   6.587750e-04
 0.000000e+00   0.000000e+00   1.145135e-03   0.000000e+00   0.000000e+00   2.256737e-03  -4.614730e-03  -1.599684e-02   0.000000e+00
 0.000000e+00   0.000000e+00  -1.591127e-03   0.000000e+00   0.000000e+00  -4.614730e-03   5.473114e-02   4.055040e-02   0.000000e+00
 0.000000e+00   0.000000e+00  -6.790830e-03   0.000000e+00   0.000000e+00  -1.599684e-02   4.055040e-02   2.393969e-01   0.000000e+00
 2.589828e-04   1.676475e-04   0.000000e+00   1.485937e-03   6.587750e-04   0.000000e+00   0.000000e+00   0.000000e+00   4.614823e-02

# timestamp: 1774889247.3313613
 9.207527e-04   3.063876e-05   0.000000e+00   3.678123e-04   5.526190e-05   0.000000e+00   0.000000e+00   0.000000e+00   1.951360e-04
 3.063876e-05   8.463385e-04   0.000000e+00   5.542654e-05   2.436327e-04   0.000000e+00   0.000000e+00   0.000000e+00   1.076934e-04
 0.000000e+00   0.000000e+00   1.184176e-03   0.000000e+00   0.000000e+00   9.417278e-04  -1.269778e-03  -5.655122e-03   0.000000e+00
 3.678123e-04   5.542654e-05   0.000000e+00   6.641014e-04   1.113729e-04   0.000000e+00   0.000000e+00   0.000000e+00   1.231055e-03
 5.526190e-05   2.436327e-04   0.000000e+00   1.113729e-04   4.284408e-04   0.000000e+00   0.000000e+00   0.000000e+00   5.121063e-04
 0.000000e+00   0.000000e+00   9.417278e-04   0.000000e+00   0.000000e+00   1.965245e-03  -3.955721e-03  -1.441288e-02   0.000000e+00
 0.000000e+00   0.000000e+00  -1.269778e-03   0.000000e+00   0.000000e+00  -3.955721e-03   4.906798e-02   3.909180e-02   0.000000e+00
 0.000000e+00   0.000000e+00  -5.655122e-03   0.000000e+00   0.000000e+00  -1.441288e-02   3.909180e-02   2.373043e-01   0.000000e+00
 1.951360e-04   1.076934e-04   0.000000e+00   1.231055e-03   5.121063e-04   0.000000e+00   0.000000e+00   0.000000e+00   4.121098e-02

# timestamp: 1774889247.3683856
 1.001069e-03   3.591363e-05   0.000000e+00   3.990098e-04   6.065844e-05   0.000000e+00   0.000000e+00   0.000000e+00   2.534207e-04
 3.591363e-05   9.148546e-04   0.000000e+00   6.093494e-05   2.634124e-04   0.000000e+00   0.000000e+00   0.000000e+00   1.318529e-04
 0.000000e+00   0.000000e+00   1.319752e-03   0.000000e+00   0.000000e+00   1.043958e-03  -1.453148e-03  -6.317322e-03   0.000000e+00
 3.990098e-04   6.093494e-05   0.000000e+00   6.769311e-04   1.146558e-04   0.000000e+00   0.000000e+00   0.000000e+00   1.371467e-03
 6.065844e-05   2.634124e-04   0.000000e+00   1.146558e-04   4.342859e-04   0.000000e+00   0.000000e+00   0.000000e+00   5.652772e-04
 0.000000e+00   0.000000e+00   1.043958e-03   0.000000e+00   0.000000e+00   2.030922e-03  -4.168300e-03  -1.482704e-02   0.000000e+00
 0.000000e+00   0.000000e+00  -1.453148e-03   0.000000e+00   0.000000e+00  -4.168300e-03   5.361460e-02   3.909180e-02   0.000000e+00
 0.000000e+00   0.000000e+00  -6.317322e-03   0.000000e+00   0.000000e+00  -1.482704e-02   3.909180e-02   2.418509e-01   0.000000e+00
 2.534207e-04   1.318529e-04   0.000000e+00   1.371467e-03   5.652772e-04   0.000000e+00   0.000000e+00   0.000000e+00   4.575760e-02

# timestamp: 1774889247.4192986
 9.210006e-04   3.046417e-05   0.000000e+00   3.646638e-04   5.435227e-05   0.000000e+00   0.000000e+00   0.000000e+00   2.255180e-04
 3.046417e-05   8.487252e-04   0.000000e+00   5.456786e-05   2.439991e-04   0.000000e+00   0.000000e+00   0.000000e+00   1.114175e-04
 0.000000e+00   0.000000e+00   1.184641e-03   0.000000e+00   0.000000e+00   9.307394e-04  -1.284472e-03  -5.706971e-03   0.000000e+00
 3.646638e-04   5.456786e-05   0.000000e+00   6.545655e-04   1.078769e-04   0.000000e+00   0.000000e+00   0.000000e+00   1.217725e-03
 5.435227e-05   2.439991e-04   0.000000e+00   1.078769e-04   4.270080e-04   0.000000e+00   0.000000e+00   0.000000e+00   5.007634e-04
 0.000000e+00   0.000000e+00   9.307394e-04   0.000000e+00   0.000000e+00   1.916450e-03  -3.845745e-03  -1.425911e-02   0.000000e+00
 0.000000e+00   0.000000e+00  -1.284472e-03   0.000000e+00   0.000000e+00  -3.845745e-03   4.897931e-02   3.847802e-02   0.000000e+00
 0.000000e+00   0.000000e+00  -5.706971e-03   0.000000e+00   0.000000e+00  -1.425911e-02   3.847802e-02   2.405754e-01   0.000000e+00
 2.255180e-04   1.114175e-04   0.000000e+00   1.217725e-03   5.007634e-04   0.000000e+00   0.000000e+00   0.000000e+00   4.149433e-02

# timestamp: 1774889247.635739
 9.501938e-04   3.146546e-05   0.000000e+00   3.681872e-04   5.377997e-05   0.000000e+00   0.000000e+00   0.000000e+00   2.345010e-04
 3.146546e-05   8.779516e-04   0.000000e+00   5.398872e-05   2.513887e-04   0.000000e+00   0.000000e+00   0.000000e+00   1.187396e-04
 0.000000e+00   0.000000e+00   1.224643e-03   0.000000e+00   0.000000e+00   9.286540e-04  -1.192311e-03  -5.891368e-03   0.000000e+00
 3.681872e-04   5.398872e-05   0.000000e+00   6.384954e-04   1.018643e-04   0.000000e+00   0.000000e+00   0.000000e+00   1.190781e-03
 5.377997e-05   2.513887e-04   0.000000e+00   1.018643e-04   4.263855e-04   0.000000e+00   0.000000e+00   0.000000e+00   5.025854e-04
 0.000000e+00   0.000000e+00   9.286540e-04   0.000000e+00   0.000000e+00   1.823896e-03  -3.437621e-03  -1.395024e-02   0.000000e+00
 0.000000e+00   0.000000e+00  -1.192311e-03   0.000000e+00   0.000000e+00  -3.437621e-03   4.925623e-02   3.429048e-02   0.000000e+00
 0.000000e+00   0.000000e+00  -5.891368e-03   0.000000e+00   0.000000e+00  -1.395024e-02   3.429048e-02   2.481965e-01   0.000000e+00
 2.345010e-04   1.187396e-04   0.000000e+00   1.190781e-03   5.025854e-04   0.000000e+00   0.000000e+00   0.000000e+00   4.346578e-02

# timestamp: 1774889247.6645513
 1.006352e-03   3.501955e-05   0.000000e+00   3.892260e-04   5.727615e-05   0.000000e+00   0.000000e+00   0.000000e+00   2.736137e-04
 3.501955e-05   9.264179e-04   0.000000e+00   5.752360e-05   2.651976e-04   0.000000e+00   0.000000e+00   0.000000e+00   1.352484e-04
 0.000000e+00   0.000000e+00   1.318010e-03   0.000000e+00   0.000000e+00   9.951105e-04  -1.303709e-03  -6.340497e-03   0.000000e+00
 3.892260e-04   5.752360e-05   0.000000e+00   6.465785e-04   1.039290e-04   0.000000e+00   0.000000e+00   0.000000e+00   1.280729e-03
 5.727615e-05   2.651976e-04   0.000000e+00   1.039290e-04   4.304537e-04   0.000000e+00   0.000000e+00   0.000000e+00   5.406208e-04
 0.000000e+00   0.000000e+00   9.951105e-04   0.000000e+00   0.000000e+00   1.864519e-03  -3.567709e-03  -1.422737e-02   0.000000e+00
 0.000000e+00   0.000000e+00  -1.303709e-03   0.000000e+00   0.000000e+00  -3.567709e-03   5.245208e-02   3.429048e-02   0.000000e+00
 0.000000e+00   0.000000e+00  -6.340497e-03   0.000000e+00   0.000000e+00  -1.422737e-02   3.429048e-02   2.513924e-01   0.000000e+00
 2.736137e-04   1.352484e-04   0.000000e+00   1.280729e-03   5.406208e-04   0.000000e+00   0.000000e+00   0.000000e+00   4.666163e-02

# timestamp: 1774889247.7192547
 9.192274e-04   2.917592e-05   0.000000e+00   3.531580e-04   5.073346e-05   0.000000e+00   0.000000e+00   0.000000e+00   2.306034e-04
 2.917592e-05   8.531484e-04   0.000000e+00   5.091565e-05   2.438162e-04   0.000000e+00   0.000000e+00   0.000000e+00   1.106810e-04
 0.000000e+00   0.000000e+00   1.172197e-03   0.000000e+00   0.000000e+00   8.788776e-04  -1.132552e-03  -5.666195e-03   0.000000e+00
 3.531580e-04   5.091565e-05   0.000000e+00   6.247409e-04   9.739785e-05   0.000000e+00   0.000000e+00   0.000000e+00   1.121446e-03
 5.073346e-05   2.438162e-04   0.000000e+00   9.739785e-05   4.227875e-04   0.000000e+00   0.000000e+00   0.000000e+00   4.742374e-04
 0.000000e+00   0.000000e+00   8.788776e-04   0.000000e+00   0.000000e+00   1.755916e-03  -3.274434e-03  -1.365719e-02   0.000000e+00
 0.000000e+00   0.000000e+00  -1.132552e-03   0.000000e+00   0.000000e+00  -3.274434e-03   4.744829e-02   3.403912e-02   0.000000e+00
 0.000000e+00   0.000000e+00  -5.666195e-03   0.000000e+00   0.000000e+00  -1.365719e-02   3.403912e-02   2.497867e-01   0.000000e+00
 2.306034e-04   1.106810e-04   0.000000e+00   1.121446e-03   4.742374e-04   0.000000e+00   0.000000e+00   0.000000e+00   4.184196e-02

# timestamp: 1774889247.9395218
 9.377212e-04   2.913020e-05   0.000000e+00   3.522741e-04   4.903648e-05   0.000000e+00   0.000000e+00   0.000000e+00   2.033356e-04
 2.913020e-05   8.730321e-04   0.000000e+00   4.943452e-05   2.483700e-04   0.000000e+00   0.000000e+00   0.000000e+00   1.190718e-04
 0.000000e+00   0.000000e+00   1.195819e-03   0.000000e+00   0.000000e+00   8.706948e-04  -1.129942e-03  -5.815813e-03   0.000000e+00
 3.522741e-04   4.943452e-05   0.000000e+00   6.080293e-04   9.120367e-05   0.000000e+00   0.000000e+00   0.000000e+00   1.072065e-03
 4.903648e-05   2.483700e-04   0.000000e+00   9.120367e-05   4.214885e-04   0.000000e+00   0.000000e+00   0.000000e+00   4.694471e-04
 0.000000e+00   0.000000e+00   8.706948e-04   0.000000e+00   0.000000e+00   1.684692e-03  -3.209307e-03  -1.350598e-02   0.000000e+00
 0.000000e+00   0.000000e+00  -1.129942e-03   0.000000e+00   0.000000e+00  -3.209307e-03   4.905025e-02   3.551638e-02   0.000000e+00
 0.000000e+00   0.000000e+00  -5.815813e-03   0.000000e+00   0.000000e+00  -1.350598e-02   3.551638e-02   2.566500e-01   0.000000e+00
 2.033356e-04   1.190718e-04   0.000000e+00   1.072065e-03   4.694471e-04   0.000000e+00   0.000000e+00   0.000000e+00   4.311665e-02

# timestamp: 1774889247.957581
 9.910488e-04   3.226866e-05   0.000000e+00   3.715847e-04   5.204566e-05   0.000000e+00   0.000000e+00   0.000000e+00   2.373907e-04
 3.226866e-05   9.197448e-04   0.000000e+00   5.250098e-05   2.615749e-04   0.000000e+00   0.000000e+00   0.000000e+00   1.339742e-04
 0.000000e+00   0.000000e+00   1.282401e-03   0.000000e+00   0.000000e+00   9.299005e-04  -1.230540e-03  -6.236568e-03   0.000000e+00
 3.715847e-04   5.250098e-05   0.000000e+00   6.150331e-04   9.289296e-05   0.000000e+00   0.000000e+00   0.000000e+00   1.151359e-03
 5.204566e-05   2.615749e-04   0.000000e+00   9.289296e-05   4.253120e-04   0.000000e+00   0.000000e+00   0.000000e+00   5.032736e-04
 0.000000e+00   0.000000e+00   9.299005e-04   0.000000e+00   0.000000e+00   1.719745e-03  -3.325694e-03  -1.376254e-02   0.000000e+00
 0.000000e+00   0.000000e+00  -1.230540e-03   0.000000e+00   0.000000e+00  -3.325694e-03   5.214402e-02   3.551638e-02   0.000000e+00
 0.000000e+00   0.000000e+00  -6.236568e-03   0.000000e+00   0.000000e+00  -1.376254e-02   3.551638e-02   2.597438e-01   0.000000e+00
 2.373907e-04   1.339742e-04   0.000000e+00   1.151359e-03   5.032736e-04   0.000000e+00   0.000000e+00   0.000000e+00   4.621041e-02

# timestamp: 1774889248.0141654
 9.062560e-04   2.688532e-05   0.000000e+00   3.377527e-04   4.612120e-05   0.000000e+00   0.000000e+00   0.000000e+00   2.025045e-04
 2.688532e-05   8.472054e-04   0.000000e+00   4.646440e-05   2.405709e-04   0.000000e+00   0.000000e+00   0.000000e+00   1.088560e-04
 0.000000e+00   0.000000e+00   1.143869e-03   0.000000e+00   0.000000e+00   8.254032e-04  -1.151946e-03  -5.573464e-03   0.000000e+00
 3.377527e-04   4.646440e-05   0.000000e+00   5.956000e-04   8.706708e-05   0.000000e+00   0.000000e+00   0.000000e+00   1.009059e-03
 4.612120e-05   2.405709e-04   0.000000e+00   8.706708e-05   4.179437e-04   0.000000e+00   0.000000e+00   0.000000e+00   4.382024e-04
 0.000000e+00   0.000000e+00   8.254032e-04   0.000000e+00   0.000000e+00   1.630559e-03  -3.251049e-03  -1.323892e-02   0.000000e+00
 0.000000e+00   0.000000e+00  -1.151946e-03   0.000000e+00   0.000000e+00  -3.251049e-03   4.842032e-02   3.837007e-02   0.000000e+00
 0.000000e+00   0.000000e+00  -5.573464e-03   0.000000e+00   0.000000e+00  -1.323892e-02   3.837007e-02   2.563859e-01   0.000000e+00
 2.025045e-04   1.088560e-04   0.000000e+00   1.009059e-03   4.382024e-04   0.000000e+00   0.000000e+00   0.000000e+00   4.152977e-02

# timestamp: 1774889248.2337394
 9.290929e-04   2.732096e-05   0.000000e+00   3.402811e-04   4.508660e-05   0.000000e+00   0.000000e+00   0.000000e+00   2.244728e-04
 2.732096e-05   8.711290e-04   0.000000e+00   4.700127e-05   2.468399e-04   0.000000e+00   0.000000e+00   0.000000e+00   1.838490e-04
 0.000000e+00   0.000000e+00   1.193665e-03   0.000000e+00   0.000000e+00   8.513686e-04  -1.554235e-03  -5.948779e-03   0.000000e+00
 3.402811e-04   4.700127e-05   0.000000e+00   5.852903e-04   8.244321e-05   0.000000e+00   0.000000e+00   0.000000e+00   1.045940e-03
 4.508660e-05   2.468399e-04   0.000000e+00   8.244321e-05   4.172737e-04   0.000000e+00   0.000000e+00   0.000000e+00   4.432529e-04
 0.000000e+00   0.000000e+00   8.513686e-04   0.000000e+00   0.000000e+00   1.596561e-03  -3.930918e-03  -1.280925e-02   0.000000e+00
 0.000000e+00   0.000000e+00  -1.554235e-03   0.000000e+00   0.000000e+00  -3.930918e-03   5.548043e-02   4.885341e-02   0.000000e+00
 0.000000e+00   0.000000e+00  -5.948779e-03   0.000000e+00   0.000000e+00  -1.280925e-02   4.885341e-02   2.443364e-01   0.000000e+00
 2.244728e-04   1.838490e-04   0.000000e+00   1.045940e-03   4.432529e-04   0.000000e+00   0.000000e+00   0.000000e+00   4.312352e-02

# timestamp: 1774889248.2591588
 9.733742e-04   2.978570e-05   0.000000e+00   3.560393e-04   4.737934e-05   0.000000e+00   0.000000e+00   0.000000e+00   2.524960e-04
 2.978570e-05   9.104107e-04   0.000000e+00   4.948355e-05   2.578816e-04   0.000000e+00   0.000000e+00   0.000000e+00   1.956489e-04
 0.000000e+00   0.000000e+00   1.265432e-03   0.000000e+00   0.000000e+00   8.992893e-04  -1.658027e-03  -6.285242e-03   0.000000e+00
 3.560393e-04   4.948355e-05   0.000000e+00   5.914934e-04   8.376942e-05   0.000000e+00   0.000000e+00   0.000000e+00   1.120191e-03
 4.737934e-05   2.578816e-04   0.000000e+00   8.376942e-05   4.203646e-04   0.000000e+00   0.000000e+00   0.000000e+00   4.668733e-04
 0.000000e+00   0.000000e+00   8.992893e-04   0.000000e+00   0.000000e+00   1.626045e-03  -4.051452e-03  -1.302012e-02   0.000000e+00
 0.000000e+00   0.000000e+00  -1.658027e-03   0.000000e+00   0.000000e+00  -4.051452e-03   5.809106e-02   4.885341e-02   0.000000e+00
 0.000000e+00   0.000000e+00  -6.285242e-03   0.000000e+00   0.000000e+00  -1.302012e-02   4.885341e-02   2.469470e-01   0.000000e+00
 2.524960e-04   1.956489e-04   0.000000e+00   1.120191e-03   4.668733e-04   0.000000e+00   0.000000e+00   0.000000e+00   4.573415e-02

# timestamp: 1774889248.3350859
 9.297193e-04   2.661086e-05   0.000000e+00   3.373853e-04   4.369441e-05   0.000000e+00   0.000000e+00   0.000000e+00   1.861272e-04
 2.661086e-05   8.735403e-04   0.000000e+00   4.670301e-05   2.471786e-04   0.000000e+00   0.000000e+00   0.000000e+00   2.258061e-04
 0.000000e+00   0.000000e+00   1.189592e-03   0.000000e+00   0.000000e+00   8.322102e-04  -1.806509e-03  -5.519836e-03   0.000000e+00
 3.373853e-04   4.670301e-05   0.000000e+00   5.799804e-04   7.996636e-05   0.000000e+00   0.000000e+00   0.000000e+00   1.052373e-03
 4.369441e-05   2.471786e-04   0.000000e+00   7.996636e-05   4.160597e-04   0.000000e+00   0.000000e+00   0.000000e+00   4.382168e-04
 0.000000e+00   0.000000e+00   8.322102e-04   0.000000e+00   0.000000e+00   1.545046e-03  -4.541906e-03  -1.164140e-02   0.000000e+00
 0.000000e+00   0.000000e+00  -1.806509e-03   0.000000e+00   0.000000e+00  -4.541906e-03   6.298754e-02   5.671755e-02   0.000000e+00
 0.000000e+00   0.000000e+00  -5.519836e-03   0.000000e+00   0.000000e+00  -1.164140e-02   5.671755e-02   2.152896e-01   0.000000e+00
 1.861272e-04   2.258061e-04   0.000000e+00   1.052373e-03   4.382168e-04   0.000000e+00   0.000000e+00   0.000000e+00   4.313910e-02

# timestamp: 1774889248.5699394
 8.292574e-04   2.014210e-05   0.000000e+00   2.946798e-04   3.534585e-05   0.000000e+00   0.000000e+00   0.000000e+00   1.641525e-04
 2.014210e-05   7.871995e-04   0.000000e+00   3.774580e-05   2.208299e-04   0.000000e+00   0.000000e+00   0.000000e+00   1.329069e-04
 0.000000e+00   0.000000e+00   9.930717e-04   0.000000e+00   0.000000e+00   6.393227e-04  -1.933717e-03  -3.060766e-03   0.000000e+00
 2.946798e-04   3.774580e-05   0.000000e+00   5.518783e-04   6.892319e-05   0.000000e+00   0.000000e+00   0.000000e+00   9.179822e-04
 3.534585e-05   2.208299e-04   0.000000e+00   6.892319e-05   4.044876e-04   0.000000e+00   0.000000e+00   0.000000e+00   3.105379e-04
 0.000000e+00   0.000000e+00   6.393227e-04   0.000000e+00   0.000000e+00   1.307316e-03  -5.460771e-03  -7.571530e-03   0.000000e+00
 0.000000e+00   0.000000e+00  -1.933717e-03   0.000000e+00   0.000000e+00  -5.460771e-03   8.323962e-02   6.399396e-02   0.000000e+00
 0.000000e+00   0.000000e+00  -3.060766e-03   0.000000e+00   0.000000e+00  -7.571530e-03   6.399396e-02   1.326550e-01   0.000000e+00
 1.641525e-04   1.329069e-04   0.000000e+00   9.179822e-04   3.105379e-04   0.000000e+00   0.000000e+00   0.000000e+00   3.743411e-02

# timestamp: 1774889248.6441905
 9.404040e-04   2.547357e-05   0.000000e+00   3.336836e-04   4.029277e-05   0.000000e+00   0.000000e+00   0.000000e+00   2.307393e-04
 2.547357e-05   8.875377e-04   0.000000e+00   4.309793e-05   2.488987e-04   0.000000e+00   0.000000e+00   0.000000e+00   1.549954e-04
 0.000000e+00   0.000000e+00   1.155358e-03   0.000000e+00   0.000000e+00   7.422202e-04  -2.316264e-03  -3.586831e-03   0.000000e+00
 3.336836e-04   4.309793e-05   0.000000e+00   5.667957e-04   7.117087e-05   0.000000e+00   0.000000e+00   0.000000e+00   1.087248e-03
 4.029277e-05   2.488987e-04   0.000000e+00   7.117087e-05   4.119184e-04   0.000000e+00   0.000000e+00   0.000000e+00   3.488995e-04
 0.000000e+00   0.000000e+00   7.422202e-04   0.000000e+00   0.000000e+00   1.374160e-03  -5.873779e-03  -7.955746e-03   0.000000e+00
 0.000000e+00   0.000000e+00  -2.316264e-03   0.000000e+00   0.000000e+00  -5.873779e-03   9.006712e-02   6.399396e-02   0.000000e+00
 0.000000e+00   0.000000e+00  -3.586831e-03   0.000000e+00   0.000000e+00  -7.955746e-03   6.399396e-02   1.394825e-01   0.000000e+00
 2.307393e-04   1.549954e-04   0.000000e+00   1.087248e-03   3.488995e-04   0.000000e+00   0.000000e+00   0.000000e+00   4.426161e-02

# timestamp: 1774889248.8745131
 9.162122e-04   1.734329e-05   0.000000e+00   3.263732e-04   3.569823e-05   0.000000e+00   0.000000e+00   0.000000e+00   5.092409e-04
 1.734329e-05   8.666492e-04   0.000000e+00   2.538944e-05   2.385893e-04   0.000000e+00   0.000000e+00   0.000000e+00  -3.360561e-04
 0.000000e+00   0.000000e+00   1.074743e-03   0.000000e+00   0.000000e+00   6.450765e-04  -2.533623e-03  -1.792057e-03   0.000000e+00
 3.263732e-04   2.538944e-05   0.000000e+00   5.563841e-04   5.934865e-05   0.000000e+00   0.000000e+00   0.000000e+00   1.121314e-03
 3.569823e-05   2.385893e-04   0.000000e+00   5.934865e-05   4.045291e-04   0.000000e+00   0.000000e+00   0.000000e+00   1.246748e-04
 0.000000e+00   0.000000e+00   6.450765e-04   0.000000e+00   0.000000e+00   1.267540e-03  -6.671589e-03  -5.844202e-03   0.000000e+00
 0.000000e+00   0.000000e+00  -2.533623e-03   0.000000e+00   0.000000e+00  -6.671589e-03   1.101135e-01   6.428097e-02   0.000000e+00
 0.000000e+00   0.000000e+00  -1.792057e-03   0.000000e+00   0.000000e+00  -5.844202e-03   6.428097e-02   1.069361e-01   0.000000e+00
 5.092409e-04  -3.360561e-04   0.000000e+00   1.121314e-03   1.246748e-04   0.000000e+00   0.000000e+00   0.000000e+00   4.299325e-02

# timestamp: 1774889248.9219897
 8.711389e-04   1.991310e-05   0.000000e+00   3.024792e-04   3.301049e-05   0.000000e+00   0.000000e+00   0.000000e+00   1.417172e-04
 1.991310e-05   8.292388e-04   0.000000e+00   3.591467e-05   2.304897e-04   0.000000e+00   0.000000e+00   0.000000e+00   1.688297e-04
 0.000000e+00   0.000000e+00   1.037133e-03   0.000000e+00   0.000000e+00   6.405818e-04  -2.371702e-03  -2.585861e-03   0.000000e+00
 3.024792e-04   3.591467e-05   0.000000e+00   5.439624e-04   5.990426e-05   0.000000e+00   0.000000e+00   0.000000e+00   9.498666e-04
 3.301049e-05   2.304897e-04   0.000000e+00   5.990426e-05   4.023354e-04   0.000000e+00   0.000000e+00   0.000000e+00   2.273723e-04
 0.000000e+00   0.000000e+00   6.405818e-04   0.000000e+00   0.000000e+00   1.273082e-03  -6.698405e-03  -6.210600e-03   0.000000e+00
 0.000000e+00   0.000000e+00  -2.371702e-03   0.000000e+00   0.000000e+00  -6.698405e-03   1.114549e-01   6.651857e-02   0.000000e+00
 0.000000e+00   0.000000e+00  -2.585861e-03   0.000000e+00   0.000000e+00  -6.210600e-03   6.651857e-02   1.049815e-01   0.000000e+00
 1.417172e-04   1.688297e-04   0.000000e+00   9.498666e-04   2.273723e-04   0.000000e+00   0.000000e+00   0.000000e+00   4.032004e-02

# timestamp: 1774889248.9423687
 9.272258e-04   2.236811e-05   0.000000e+00   3.217342e-04   3.505843e-05   0.000000e+00   0.000000e+00   0.000000e+00   1.753441e-04
 2.236811e-05   8.801771e-04   0.000000e+00   3.834824e-05   2.444460e-04   0.000000e+00   0.000000e+00   0.000000e+00   1.766250e-04
 0.000000e+00   0.000000e+00   1.117530e-03   0.000000e+00   0.000000e+00   6.897512e-04  -2.605145e-03  -2.801491e-03   0.000000e+00
 3.217342e-04   3.834824e-05   0.000000e+00   5.515356e-04   6.022563e-05   0.000000e+00   0.000000e+00   0.000000e+00   1.038642e-03
 3.505843e-05   2.444460e-04   0.000000e+00   6.022563e-05   4.057243e-04   0.000000e+00   0.000000e+00   0.000000e+00   2.211905e-04
 0.000000e+00   0.000000e+00   6.897512e-04   0.000000e+00   0.000000e+00   1.302955e-03  -6.924989e-03  -6.332929e-03   0.000000e+00
 0.000000e+00   0.000000e+00  -2.605145e-03   0.000000e+00   0.000000e+00  -6.924989e-03   1.149085e-01   6.651857e-02   0.000000e+00
 0.000000e+00   0.000000e+00  -2.801491e-03   0.000000e+00   0.000000e+00  -6.332929e-03   6.651857e-02   1.084351e-01   0.000000e+00
 1.753441e-04   1.766250e-04   0.000000e+00   1.038642e-03   2.211905e-04   0.000000e+00   0.000000e+00   0.000000e+00   4.377363e-02

# timestamp: 1774889248.9698765
 8.363607e-04   1.803676e-05   0.000000e+00   2.890438e-04   3.043668e-05   0.000000e+00   0.000000e+00   0.000000e+00   1.480924e-04
 1.803676e-05   7.981628e-04   0.000000e+00   3.300859e-05   2.211765e-04   0.000000e+00   0.000000e+00   0.000000e+00   1.242594e-04
 0.000000e+00   0.000000e+00   9.837358e-04   0.000000e+00   0.000000e+00   6.003684e-04  -2.354338e-03  -2.207582e-03   0.000000e+00
 2.890438e-04   3.300859e-05   0.000000e+00   5.360966e-04   5.570223e-05   0.000000e+00   0.000000e+00   0.000000e+00   9.079188e-04
 3.043668e-05   2.211765e-04   0.000000e+00   5.570223e-05   3.983369e-04   0.000000e+00   0.000000e+00   0.000000e+00   1.589003e-04
 0.000000e+00   0.000000e+00   6.003684e-04   0.000000e+00   0.000000e+00   1.234870e-03  -6.864929e-03  -5.562342e-03   0.000000e+00
 0.000000e+00   0.000000e+00  -2.354338e-03   0.000000e+00   0.000000e+00  -6.864929e-03   1.178431e-01   6.498639e-02   0.000000e+00
 0.000000e+00   0.000000e+00  -2.207582e-03   0.000000e+00   0.000000e+00  -5.562342e-03   6.498639e-02   9.352841e-02   0.000000e+00
 1.480924e-04   1.242594e-04   0.000000e+00   9.079188e-04   1.589003e-04   0.000000e+00   0.000000e+00   0.000000e+00   3.837228e-02

# timestamp: 1774889249.2267325
 8.987097e-04   1.914080e-05   0.000000e+00   3.071537e-04   2.888155e-05   0.000000e+00   0.000000e+00   0.000000e+00   1.933248e-04
 1.914080e-05   8.566892e-04   0.000000e+00   3.178329e-05   2.355623e-04   0.000000e+00   0.000000e+00   0.000000e+00   8.000925e-05
 0.000000e+00   0.000000e+00   1.062569e-03   0.000000e+00   0.000000e+00   6.323048e-04  -2.806026e-03  -1.974492e-03   0.000000e+00
 3.071537e-04   3.178329e-05   0.000000e+00   5.379070e-04   4.510850e-05   0.000000e+00   0.000000e+00   0.000000e+00   1.000340e-03
 2.888155e-05   2.355623e-04   0.000000e+00   4.510850e-05   3.991392e-04   0.000000e+00   0.000000e+00   0.000000e+00  -4.585656e-05
 0.000000e+00   0.000000e+00   6.323048e-04   0.000000e+00   0.000000e+00   1.224349e-03  -7.590685e-03  -4.544657e-03   0.000000e+00
 0.000000e+00   0.000000e+00  -2.806026e-03   0.000000e+00   0.000000e+00  -7.590685e-03   1.380628e-01   6.031123e-02   0.000000e+00
 0.000000e+00   0.000000e+00  -1.974492e-03   0.000000e+00   0.000000e+00  -4.544657e-03   6.031123e-02   8.203379e-02   0.000000e+00
 1.933248e-04   8.000925e-05   0.000000e+00   1.000340e-03  -4.585656e-05   0.000000e+00   0.000000e+00   0.000000e+00   4.252901e-02

# timestamp: 1774889249.273231
 9.757813e-04   2.208940e-05   0.000000e+00   3.332779e-04   3.068836e-05   0.000000e+00   0.000000e+00   0.000000e+00   2.423740e-04
 2.208940e-05   9.267009e-04   0.000000e+00   3.409093e-05   2.543625e-04   0.000000e+00   0.000000e+00   0.000000e+00   7.689267e-05
 0.000000e+00   0.000000e+00   1.171887e-03   0.000000e+00   0.000000e+00   6.960493e-04  -3.167816e-03  -2.188985e-03   0.000000e+00
 3.332779e-04   3.409093e-05   0.000000e+00   5.483887e-04   4.354401e-05   0.000000e+00   0.000000e+00   0.000000e+00   1.124417e-03
 3.068836e-05   2.543625e-04   0.000000e+00   4.354401e-05   4.040297e-04   0.000000e+00   0.000000e+00   0.000000e+00  -1.042651e-04
 0.000000e+00   0.000000e+00   6.960493e-04   0.000000e+00   0.000000e+00   1.259503e-03  -7.897638e-03  -4.599867e-03   0.000000e+00
 0.000000e+00   0.000000e+00  -3.167816e-03   0.000000e+00   0.000000e+00  -7.897638e-03   1.427618e-01   6.031123e-02   0.000000e+00
 0.000000e+00   0.000000e+00  -2.188985e-03   0.000000e+00   0.000000e+00  -4.599867e-03   6.031123e-02   8.673280e-02   0.000000e+00
 2.423740e-04   7.689267e-05   0.000000e+00   1.124417e-03  -1.042651e-04   0.000000e+00   0.000000e+00   0.000000e+00   4.722802e-02

# timestamp: 1774889249.295218
 8.485566e-04   1.660683e-05   0.000000e+00   2.886644e-04   2.563415e-05   0.000000e+00   0.000000e+00   0.000000e+00   1.786465e-04
 1.660683e-05   8.114489e-04   0.000000e+00   2.825219e-05   2.225242e-04   0.000000e+00   0.000000e+00   0.000000e+00   4.829029e-05
 0.000000e+00   0.000000e+00   9.911748e-04   0.000000e+00   0.000000e+00   5.855772e-04  -2.709687e-03  -1.672345e-03   0.000000e+00
 2.886644e-04   2.825219e-05   0.000000e+00   5.283755e-04   4.002337e-05   0.000000e+00   0.000000e+00   0.000000e+00   9.274346e-04
 2.563415e-05   2.225242e-04   0.000000e+00   4.002337e-05   3.950352e-04   0.000000e+00   0.000000e+00   0.000000e+00  -1.150103e-04
 0.000000e+00   0.000000e+00   5.855772e-04   0.000000e+00   0.000000e+00   1.187613e-03  -7.656283e-03  -4.037004e-03   0.000000e+00
 0.000000e+00   0.000000e+00  -2.709687e-03   0.000000e+00   0.000000e+00  -7.656283e-03   1.433896e-01   5.832719e-02   0.000000e+00
 0.000000e+00   0.000000e+00  -1.672345e-03   0.000000e+00   0.000000e+00  -4.037004e-03   5.832719e-02   7.316995e-02   0.000000e+00
 1.786465e-04   4.829029e-05   0.000000e+00   9.274346e-04  -1.150103e-04   0.000000e+00   0.000000e+00   0.000000e+00   3.933603e-02

# timestamp: 1774889249.5547884
 9.404273e-04   1.759468e-05   0.000000e+00   3.170956e-04   2.158827e-05   0.000000e+00   0.000000e+00   0.000000e+00   2.501210e-04
 1.759468e-05   8.965790e-04   0.000000e+00   2.509972e-05   2.450755e-04   0.000000e+00   0.000000e+00   0.000000e+00  -3.448774e-05
 0.000000e+00   0.000000e+00   1.117745e-03   0.000000e+00   0.000000e+00   6.487585e-04  -3.456796e-03  -1.626892e-03   0.000000e+00
 3.170956e-04   2.509972e-05   0.000000e+00   5.333767e-04   2.180166e-05   0.000000e+00   0.000000e+00   0.000000e+00   1.030741e-03
 2.158827e-05   2.450755e-04   0.000000e+00   2.180166e-05   4.050456e-04   0.000000e+00   0.000000e+00   0.000000e+00  -5.010584e-04
 0.000000e+00   0.000000e+00   6.487585e-04   0.000000e+00   0.000000e+00   1.189180e-03  -8.332594e-03  -3.168039e-03   0.000000e+00
 0.000000e+00   0.000000e+00  -3.456796e-03   0.000000e+00   0.000000e+00  -8.332594e-03   1.653843e-01   5.569392e-02   0.000000e+00
 0.000000e+00   0.000000e+00  -1.626892e-03   0.000000e+00   0.000000e+00  -3.168039e-03   5.569392e-02   7.164823e-02   0.000000e+00
 2.501210e-04  -3.448774e-05   0.000000e+00   1.030741e-03  -5.010584e-04   0.000000e+00   0.000000e+00   0.000000e+00   4.517421e-02

# timestamp: 1774889249.5723019
 9.654748e-04   1.831074e-05   0.000000e+00   3.254500e-04   2.168575e-05   0.000000e+00   0.000000e+00   0.000000e+00   2.659707e-04
 1.831074e-05   9.193988e-04   0.000000e+00   2.539699e-05   2.513088e-04   0.000000e+00   0.000000e+00   0.000000e+00  -4.228164e-05
 0.000000e+00   0.000000e+00   1.153069e-03   0.000000e+00   0.000000e+00   6.681470e-04  -3.584157e-03  -1.675123e-03   0.000000e+00
 3.254500e-04   2.539699e-05   0.000000e+00   5.364770e-04   2.048950e-05   0.000000e+00   0.000000e+00   0.000000e+00   1.065552e-03
 2.168575e-05   2.513088e-04   0.000000e+00   2.048950e-05   4.074862e-04   0.000000e+00   0.000000e+00   0.000000e+00  -5.417350e-04
 0.000000e+00   0.000000e+00   6.681470e-04   0.000000e+00   0.000000e+00   1.197742e-03  -8.408840e-03  -3.145970e-03   0.000000e+00
 0.000000e+00   0.000000e+00  -3.584157e-03   0.000000e+00   0.000000e+00  -8.408840e-03   1.669093e-01   5.569392e-02   0.000000e+00
 0.000000e+00   0.000000e+00  -1.675123e-03   0.000000e+00   0.000000e+00  -3.145970e-03   5.569392e-02   7.317325e-02   0.000000e+00
 2.659707e-04  -4.228164e-05   0.000000e+00   1.065552e-03  -5.417350e-04   0.000000e+00   0.000000e+00   0.000000e+00   4.669923e-02

# timestamp: 1774889249.593259
 9.176414e-04   1.059247e-05   0.000000e+00   3.122626e-04   1.619903e-05   0.000000e+00   0.000000e+00   0.000000e+00   4.077495e-04
 1.059247e-05   8.825023e-04   0.000000e+00   9.318427e-06   2.482164e-04   0.000000e+00   0.000000e+00   0.000000e+00  -6.071324e-04
 0.000000e+00   0.000000e+00   1.079036e-03   0.000000e+00   0.000000e+00   6.212700e-04  -3.335729e-03  -6.899878e-04   0.000000e+00
 3.122626e-04   9.318427e-06   0.000000e+00   5.305703e-04   1.454758e-05   0.000000e+00   0.000000e+00   0.000000e+00   1.037311e-03
 1.619903e-05   2.482164e-04   0.000000e+00   1.454758e-05   4.088221e-04   0.000000e+00   0.000000e+00   0.000000e+00  -6.891331e-04
 0.000000e+00   0.000000e+00   6.212700e-04   0.000000e+00   0.000000e+00   1.165104e-03  -8.256229e-03  -2.481812e-03   0.000000e+00
 0.000000e+00   0.000000e+00  -3.335729e-03   0.000000e+00   0.000000e+00  -8.256229e-03   1.675904e-01   5.206885e-02   0.000000e+00
 0.000000e+00   0.000000e+00  -6.899878e-04   0.000000e+00   0.000000e+00  -2.481812e-03   5.206885e-02   6.647907e-02   0.000000e+00
 4.077495e-04  -6.071324e-04   0.000000e+00   1.037311e-03  -6.891331e-04   0.000000e+00   0.000000e+00   0.000000e+00   4.404634e-02

# timestamp: 1774889249.6302667
 9.016064e-04   1.518139e-05   0.000000e+00   3.010916e-04   1.922350e-05   0.000000e+00   0.000000e+00   0.000000e+00   1.499751e-04
 1.518139e-05   8.628233e-04   0.000000e+00   2.163232e-05   2.359923e-04   0.000000e+00   0.000000e+00   0.000000e+00  -2.568699e-05
 0.000000e+00   0.000000e+00   1.051561e-03   0.000000e+00   0.000000e+00   5.922285e-04  -3.021482e-03  -1.393389e-03   0.000000e+00
 3.010916e-04   2.163232e-05   0.000000e+00   5.232396e-04   1.591354e-05   0.000000e+00   0.000000e+00   0.000000e+00   9.174468e-04
 1.922350e-05   2.359923e-04   0.000000e+00   1.591354e-05   4.054545e-04   0.000000e+00   0.000000e+00   0.000000e+00  -5.845842e-04
 0.000000e+00   0.000000e+00   5.922285e-04   0.000000e+00   0.000000e+00   1.130912e-03  -7.978078e-03  -2.781345e-03   0.000000e+00
 0.000000e+00   0.000000e+00  -3.021482e-03   0.000000e+00   0.000000e+00  -7.978078e-03   1.682020e-01   5.529916e-02   0.000000e+00
 0.000000e+00   0.000000e+00  -1.393389e-03   0.000000e+00   0.000000e+00  -2.781345e-03   5.529916e-02   6.768840e-02   0.000000e+00
 1.499751e-04  -2.568699e-05   0.000000e+00   9.174468e-04  -5.845842e-04   0.000000e+00   0.000000e+00   0.000000e+00   4.277010e-02

# timestamp: 1774889249.6540449
 9.354224e-04   1.604276e-05   0.000000e+00   3.122473e-04   1.930018e-05   0.000000e+00   0.000000e+00   0.000000e+00   1.694810e-04
 1.604276e-05   8.938571e-04   0.000000e+00   2.192167e-05   2.445839e-04   0.000000e+00   0.000000e+00   0.000000e+00  -3.839616e-05
 0.000000e+00   0.000000e+00   1.097857e-03   0.000000e+00   0.000000e+00   6.166940e-04  -3.189200e-03  -1.451321e-03   0.000000e+00
 3.122473e-04   2.192167e-05   0.000000e+00   5.270274e-04   1.395618e-05   0.000000e+00   0.000000e+00   0.000000e+00   9.573066e-04
 1.930018e-05   2.445839e-04   0.000000e+00   1.395618e-05   4.093953e-04   0.000000e+00   0.000000e+00   0.000000e+00  -6.505719e-04
 0.000000e+00   0.000000e+00   6.166940e-04   0.000000e+00   0.000000e+00   1.139240e-03  -8.048517e-03  -2.728034e-03   0.000000e+00
 0.000000e+00   0.000000e+00  -3.189200e-03   0.000000e+00   0.000000e+00  -8.048517e-03   1.702981e-01   5.529916e-02   0.000000e+00
 0.000000e+00   0.000000e+00  -1.451321e-03   0.000000e+00   0.000000e+00  -2.728034e-03   5.529916e-02   6.978450e-02   0.000000e+00
 1.694810e-04  -3.839616e-05   0.000000e+00   9.573066e-04  -6.505719e-04   0.000000e+00   0.000000e+00   0.000000e+00   4.486620e-02

# timestamp: 1774889249.9825215
 9.556557e-04   1.176468e-05   0.000000e+00   3.120574e-04   8.997407e-06   0.000000e+00   0.000000e+00   0.000000e+00   1.613375e-04
 1.176468e-05   9.170444e-04   0.000000e+00   1.185690e-05   2.571285e-04   0.000000e+00   0.000000e+00   0.000000e+00  -1.736663e-04
 0.000000e+00   0.000000e+00   1.105454e-03   0.000000e+00   0.000000e+00   5.679183e-04  -3.154293e-03  -8.314490e-04   0.000000e+00
 3.120574e-04   1.185690e-05   0.000000e+00   5.076854e-04  -1.169126e-05   0.000000e+00   0.000000e+00   0.000000e+00   7.111718e-04
 8.997407e-06   2.571285e-04   0.000000e+00  -1.169126e-05   4.544918e-04   0.000000e+00   0.000000e+00   0.000000e+00  -1.392391e-03
 0.000000e+00   0.000000e+00   5.679183e-04   0.000000e+00   0.000000e+00   9.924031e-04  -6.763836e-03  -5.634388e-04   0.000000e+00
 0.000000e+00   0.000000e+00  -3.154293e-03   0.000000e+00   0.000000e+00  -6.763836e-03   1.900387e-01   4.114214e-02   0.000000e+00
 0.000000e+00   0.000000e+00  -8.314490e-04   0.000000e+00   0.000000e+00  -5.634388e-04   4.114214e-02   5.868305e-02   0.000000e+00
 1.613375e-04  -1.736663e-04   0.000000e+00   7.111718e-04  -1.392391e-03   0.000000e+00   0.000000e+00   0.000000e+00   4.626883e-02

# timestamp: 1774889250.0231228
 8.493704e-04   8.935987e-06   0.000000e+00   2.764164e-04   7.076054e-06   0.000000e+00   0.000000e+00   0.000000e+00   1.249376e-04
 8.935987e-06   8.192153e-04   0.000000e+00   9.588318e-06   2.304187e-04   0.000000e+00   0.000000e+00   0.000000e+00  -1.523307e-04
 0.000000e+00   0.000000e+00   9.640384e-04   0.000000e+00   0.000000e+00   4.909319e-04  -2.722306e-03  -5.745445e-04   0.000000e+00
 2.764164e-04   9.588318e-06   0.000000e+00   4.920355e-04  -1.107675e-05   0.000000e+00   0.000000e+00   0.000000e+00   5.613569e-04
 7.076054e-06   2.304187e-04   0.000000e+00  -1.107675e-05   4.483521e-04   0.000000e+00   0.000000e+00   0.000000e+00  -1.268501e-03
 0.000000e+00   0.000000e+00   4.909319e-04   0.000000e+00   0.000000e+00   9.391369e-04  -6.330436e-03  -2.756744e-04   0.000000e+00
 0.000000e+00   0.000000e+00  -2.722306e-03   0.000000e+00   0.000000e+00  -6.330436e-03   1.887549e-01   3.427596e-02   0.000000e+00
 0.000000e+00   0.000000e+00  -5.745445e-04   0.000000e+00   0.000000e+00  -2.756744e-04   3.427596e-02   4.825841e-02   0.000000e+00
 1.249376e-04  -1.523307e-04   0.000000e+00   5.613569e-04  -1.268501e-03   0.000000e+00   0.000000e+00   0.000000e+00   3.971341e-02

# timestamp: 1774889250.0499108
 9.019213e-04   9.478485e-06   0.000000e+00   2.929787e-04   6.043794e-06   0.000000e+00   0.000000e+00   0.000000e+00   1.437213e-04
 9.478485e-06   8.686454e-04   0.000000e+00   9.217951e-06   2.464569e-04   0.000000e+00   0.000000e+00   0.000000e+00  -1.957355e-04
 0.000000e+00   0.000000e+00   1.031429e-03   0.000000e+00   0.000000e+00   5.195920e-04  -2.933470e-03  -5.826484e-04   0.000000e+00
 2.929787e-04   9.217951e-06   0.000000e+00   4.953106e-04  -1.356562e-05   0.000000e+00   0.000000e+00   0.000000e+00   5.585690e-04
 6.043794e-06   2.464569e-04   0.000000e+00  -1.356562e-05   4.642831e-04   0.000000e+00   0.000000e+00   0.000000e+00  -1.464589e-03
 0.000000e+00   0.000000e+00   5.195920e-04   0.000000e+00   0.000000e+00   9.402217e-04  -6.160070e-03  -3.799811e-05   0.000000e+00
 0.000000e+00   0.000000e+00  -2.933470e-03   0.000000e+00   0.000000e+00  -6.160070e-03   1.921034e-01   3.427596e-02   0.000000e+00
 0.000000e+00   0.000000e+00  -5.826484e-04   0.000000e+00   0.000000e+00  -3.799811e-05   3.427596e-02   5.160688e-02   0.000000e+00
 1.437213e-04  -1.957355e-04   0.000000e+00   5.585690e-04  -1.464589e-03   0.000000e+00   0.000000e+00   0.000000e+00   4.306188e-02

# timestamp: 1774889250.0901
 8.940069e-04   6.537787e-06   0.000000e+00   2.893697e-04   3.524096e-06   0.000000e+00   0.000000e+00   0.000000e+00   1.457861e-04
 6.537787e-06   8.764381e-04   0.000000e+00   1.019582e-06   2.723120e-04   0.000000e+00   0.000000e+00   0.000000e+00  -7.953910e-04
 0.000000e+00   0.000000e+00   1.017937e-03   0.000000e+00   0.000000e+00   5.157108e-04  -2.456000e-03   3.010760e-04   0.000000e+00
 2.893697e-04   1.019582e-06   0.000000e+00   4.905699e-04  -1.708510e-05   0.000000e+00   0.000000e+00   0.000000e+00   4.933282e-04
 3.524096e-06   2.723120e-04   0.000000e+00  -1.708510e-05   4.898622e-04   0.000000e+00   0.000000e+00   0.000000e+00  -1.746473e-03
 0.000000e+00   0.000000e+00   5.157108e-04   0.000000e+00   0.000000e+00   9.285177e-04  -5.620679e-03   6.712337e-04   0.000000e+00
 0.000000e+00   0.000000e+00  -2.456000e-03   0.000000e+00   0.000000e+00  -5.620679e-03   1.914772e-01   2.818424e-02   0.000000e+00
 0.000000e+00   0.000000e+00   3.010760e-04   0.000000e+00   0.000000e+00   6.712337e-04   2.818424e-02   4.916364e-02   0.000000e+00
 1.457861e-04  -7.953910e-04   0.000000e+00   4.933282e-04  -1.746473e-03   0.000000e+00   0.000000e+00   0.000000e+00   4.321423e-02

# timestamp: 1774889250.3248146
 8.844170e-04   5.713117e-06   0.000000e+00   2.802314e-04   2.666141e-06   0.000000e+00   0.000000e+00   0.000000e+00   3.178433e-05
 5.713117e-06   8.619834e-04   0.000000e+00   5.460770e-06   2.676627e-04   0.000000e+00   0.000000e+00   0.000000e+00  -3.430170e-04
 0.000000e+00   0.000000e+00   9.830139e-04   0.000000e+00   0.000000e+00   4.427169e-04  -1.995860e-03   9.842370e-05   0.000000e+00
 2.802314e-04   5.460770e-06   0.000000e+00   4.714016e-04   1.207814e-07   0.000000e+00   0.000000e+00   0.000000e+00  -8.026065e-05
 2.666141e-06   2.676627e-04   0.000000e+00   1.207814e-07   5.728036e-04   0.000000e+00   0.000000e+00   0.000000e+00  -2.222414e-03
 0.000000e+00   0.000000e+00   4.427169e-04   0.000000e+00   0.000000e+00   8.304756e-04  -2.649513e-03   1.895686e-03   0.000000e+00
 0.000000e+00   0.000000e+00  -1.995860e-03   0.000000e+00   0.000000e+00  -2.649513e-03   1.903500e-01   8.754026e-03   0.000000e+00
 0.000000e+00   0.000000e+00   9.842370e-05   0.000000e+00   0.000000e+00   1.895686e-03   8.754026e-03   4.434637e-02   0.000000e+00
 3.178433e-05  -3.430170e-04   0.000000e+00  -8.026065e-05  -2.222414e-03   0.000000e+00   0.000000e+00   0.000000e+00   4.277988e-02

# timestamp: 1774889250.3480287
 9.197638e-04   5.899237e-06   0.000000e+00   2.908299e-04   2.563580e-06   0.000000e+00   0.000000e+00   0.000000e+00   2.951489e-05
 5.899237e-06   8.968422e-04   0.000000e+00   6.030152e-06   2.823780e-04   0.000000e+00   0.000000e+00   0.000000e+00  -3.944338e-04
 0.000000e+00   0.000000e+00   1.025820e-03   0.000000e+00   0.000000e+00   4.591552e-04  -2.053157e-03   1.426333e-04   0.000000e+00
 2.908299e-04   6.030152e-06   0.000000e+00   4.739708e-04   3.923668e-06   0.000000e+00   0.000000e+00   0.000000e+00  -1.435951e-04
 2.563580e-06   2.823780e-04   0.000000e+00   3.923668e-06   5.952966e-04   0.000000e+00   0.000000e+00   0.000000e+00  -2.415771e-03
 0.000000e+00   0.000000e+00   4.591552e-04   0.000000e+00   0.000000e+00   8.430685e-04  -2.336924e-03   2.108401e-03   0.000000e+00
 0.000000e+00   0.000000e+00  -2.053157e-03   0.000000e+00   0.000000e+00  -2.336924e-03   1.925998e-01   8.754026e-03   0.000000e+00
 0.000000e+00   0.000000e+00   1.426333e-04   0.000000e+00   0.000000e+00   2.108401e-03   8.754026e-03   4.659623e-02   0.000000e+00
 2.951489e-05  -3.944338e-04   0.000000e+00  -1.435951e-04  -2.415771e-03   0.000000e+00   0.000000e+00   0.000000e+00   4.502974e-02

# timestamp: 1774889250.3819003
 9.780647e-04   6.229827e-06   0.000000e+00   3.081497e-04   2.614837e-06   0.000000e+00   0.000000e+00   0.000000e+00   2.293100e-05
 6.229827e-06   9.547757e-04   0.000000e+00   7.313795e-06   3.078287e-04   0.000000e+00   0.000000e+00   0.000000e+00  -4.866326e-04
 0.000000e+00   0.000000e+00   1.096803e-03   0.000000e+00   0.000000e+00   4.867455e-04  -2.131933e-03   2.240197e-04   0.000000e+00
 3.081497e-04   7.313795e-06   0.000000e+00   4.785337e-04   1.130511e-05   0.000000e+00   0.000000e+00   0.000000e+00  -2.534891e-04
 2.614837e-06   3.078287e-04   0.000000e+00   1.130511e-05   6.354690e-04   0.000000e+00   0.000000e+00   0.000000e+00  -2.751273e-03
 0.000000e+00   0.000000e+00   4.867455e-04   0.000000e+00   0.000000e+00   8.694685e-04  -1.823083e-03   2.475274e-03   0.000000e+00
 0.000000e+00   0.000000e+00  -2.131933e-03   0.000000e+00   0.000000e+00  -1.823083e-03   1.962460e-01   8.754026e-03   0.000000e+00
 0.000000e+00   0.000000e+00   2.240197e-04   0.000000e+00   0.000000e+00   2.475274e-03   8.754026e-03   5.024239e-02   0.000000e+00
 2.293100e-05  -4.866326e-04   0.000000e+00  -2.534891e-04  -2.751273e-03   0.000000e+00   0.000000e+00   0.000000e+00   4.867590e-02

# timestamp: 1774889250.6631937
 9.193044e-04   7.521612e-06   0.000000e+00   2.896386e-04   2.252474e-05   0.000000e+00   0.000000e+00   0.000000e+00  -1.779723e-04
 7.521612e-06   9.178316e-04   0.000000e+00   2.208635e-05   3.404559e-04   0.000000e+00   0.000000e+00   0.000000e+00  -4.905799e-04
 0.000000e+00   0.000000e+00   1.006334e-03   0.000000e+00   0.000000e+00   4.512895e-04  -6.114465e-04   5.048774e-04   0.000000e+00
 2.896386e-04   2.208635e-05   0.000000e+00   4.958525e-04   1.124314e-04   0.000000e+00   0.000000e+00   0.000000e+00  -1.183265e-03
 2.252474e-05   3.404559e-04   0.000000e+00   1.124314e-04   8.304224e-04   0.000000e+00   0.000000e+00   0.000000e+00  -3.328667e-03
 0.000000e+00   0.000000e+00   4.512895e-04   0.000000e+00   0.000000e+00   1.019092e-03   1.672821e-03   3.187477e-03   0.000000e+00
 0.000000e+00   0.000000e+00  -6.114465e-04   0.000000e+00   0.000000e+00   1.672821e-03   1.758541e-01  -2.293005e-02   0.000000e+00
 0.000000e+00   0.000000e+00   5.048774e-04   0.000000e+00   0.000000e+00   3.187477e-03  -2.293005e-02   4.984619e-02   0.000000e+00
-1.779723e-04  -4.905799e-04   0.000000e+00  -1.183265e-03  -3.328667e-03   0.000000e+00   0.000000e+00   0.000000e+00   4.427343e-02

# timestamp: 1774889250.7237742
 8.696748e-04   7.639546e-06   0.000000e+00   2.754476e-04   2.591529e-05   0.000000e+00   0.000000e+00   0.000000e+00  -1.861817e-04
 7.639546e-06   8.740711e-04   0.000000e+00   2.796487e-05   3.380733e-04   0.000000e+00   0.000000e+00   0.000000e+00  -5.074635e-04
 0.000000e+00   0.000000e+00   9.487307e-04   0.000000e+00   0.000000e+00   4.374173e-04  -4.695249e-04   5.877998e-04   0.000000e+00
 2.754476e-04   2.796487e-05   0.000000e+00   5.072348e-04   1.451842e-04   0.000000e+00   0.000000e+00   0.000000e+00  -1.378921e-03
 2.591529e-05   3.380733e-04   0.000000e+00   1.451842e-04   8.666498e-04   0.000000e+00   0.000000e+00   0.000000e+00  -3.291023e-03
 0.000000e+00   0.000000e+00   4.374173e-04   0.000000e+00   0.000000e+00   1.063528e-03   1.825348e-03   3.184350e-03   0.000000e+00
 0.000000e+00   0.000000e+00  -4.695249e-04   0.000000e+00   0.000000e+00   1.825348e-03   1.584315e-01  -3.236026e-02   0.000000e+00
 0.000000e+00   0.000000e+00   5.877998e-04   0.000000e+00   0.000000e+00   3.184350e-03  -3.236026e-02   5.250668e-02   0.000000e+00
-1.861817e-04  -5.074635e-04   0.000000e+00  -1.378921e-03  -3.291023e-03   0.000000e+00   0.000000e+00   0.000000e+00   4.150673e-02

# timestamp: 1774889250.7457256
 9.198679e-04   9.570999e-06   0.000000e+00   2.931724e-04   3.271095e-05   0.000000e+00   0.000000e+00   0.000000e+00  -2.329328e-04
 9.570999e-06   9.287227e-04   0.000000e+00   3.627113e-05   3.713317e-04   0.000000e+00   0.000000e+00   0.000000e+00  -6.166169e-04
 0.000000e+00   0.000000e+00   1.009908e-03   0.000000e+00   0.000000e+00   4.753959e-04  -4.042360e-04   6.925446e-04   0.000000e+00
 2.931724e-04   3.627113e-05   0.000000e+00   5.276730e-04   1.776615e-04   0.000000e+00   0.000000e+00   0.000000e+00  -1.629249e-03
 3.271095e-05   3.713317e-04   0.000000e+00   1.776615e-04   9.279139e-04   0.000000e+00   0.000000e+00   0.000000e+00  -3.656026e-03
 0.000000e+00   0.000000e+00   4.753959e-04   0.000000e+00   0.000000e+00   1.146877e-03   2.475667e-03   3.455742e-03   0.000000e+00
 0.000000e+00   0.000000e+00  -4.042360e-04   0.000000e+00   0.000000e+00   2.475667e-03   1.616325e-01  -3.236026e-02   0.000000e+00
 0.000000e+00   0.000000e+00   6.925446e-04   0.000000e+00   0.000000e+00   3.455742e-03  -3.236026e-02   5.570764e-02   0.000000e+00
-2.329328e-04  -6.166169e-04   0.000000e+00  -1.629249e-03  -3.656026e-03   0.000000e+00   0.000000e+00   0.000000e+00   4.470769e-02

# timestamp: 1774889250.9962192
 8.321861e-04   1.699662e-05   0.000000e+00   2.840591e-04   6.655353e-05   0.000000e+00   0.000000e+00   0.000000e+00  -3.409166e-04
 1.699662e-05   8.619139e-04   0.000000e+00   7.736090e-05   4.060449e-04   0.000000e+00   0.000000e+00   0.000000e+00  -6.719860e-04
 0.000000e+00   0.000000e+00   9.183701e-04   0.000000e+00   0.000000e+00   5.042090e-04  -1.087217e-04   8.966833e-04   0.000000e+00
 2.840591e-04   7.736090e-05   0.000000e+00   6.416875e-04   3.563409e-04   0.000000e+00   0.000000e+00   0.000000e+00  -2.356489e-03
 6.655353e-05   4.060449e-04   0.000000e+00   3.563409e-04   1.118927e-03   0.000000e+00   0.000000e+00   0.000000e+00  -3.724147e-03
 0.000000e+00   0.000000e+00   5.042090e-04   0.000000e+00   0.000000e+00   1.446323e-03   2.805449e-03   3.667045e-03   0.000000e+00
 0.000000e+00   0.000000e+00  -1.087217e-04   0.000000e+00   0.000000e+00   2.805449e-03   1.285881e-01  -5.198786e-02   0.000000e+00
 0.000000e+00   0.000000e+00   8.966833e-04   0.000000e+00   0.000000e+00   3.667045e-03  -5.198786e-02   7.178064e-02   0.000000e+00
-3.409166e-04  -6.719860e-04   0.000000e+00  -2.356489e-03  -3.724147e-03   0.000000e+00   0.000000e+00   0.000000e+00   3.922844e-02

# timestamp: 1774889251.0279567
 8.875018e-04   2.256090e-05   0.000000e+00   3.104227e-04   8.370326e-05   0.000000e+00   0.000000e+00   0.000000e+00  -4.270838e-04
 2.256090e-05   9.263850e-04   0.000000e+00   9.711356e-05   4.537108e-04   0.000000e+00   0.000000e+00   0.000000e+00  -8.063692e-04
 0.000000e+00   0.000000e+00   9.901062e-04   0.000000e+00   0.000000e+00   5.657684e-04  -3.932438e-06   1.027604e-03   0.000000e+00
 3.104227e-04   9.711356e-05   0.000000e+00   6.897667e-04   4.169689e-04   0.000000e+00   0.000000e+00   0.000000e+00  -2.721282e-03
 8.370326e-05   4.537108e-04   0.000000e+00   4.169689e-04   1.203162e-03   0.000000e+00   0.000000e+00   0.000000e+00  -4.149989e-03
 0.000000e+00   0.000000e+00   5.657684e-04   0.000000e+00   0.000000e+00   1.582840e-03   3.422286e-03   3.969922e-03   0.000000e+00
 0.000000e+00   0.000000e+00  -3.932438e-06   0.000000e+00   0.000000e+00   3.422286e-03   1.320604e-01  -5.198786e-02   0.000000e+00
 0.000000e+00   0.000000e+00   1.027604e-03   0.000000e+00   0.000000e+00   3.969922e-03  -5.198786e-02   7.525295e-02   0.000000e+00
-4.270838e-04  -8.063692e-04   0.000000e+00  -2.721282e-03  -4.149989e-03   0.000000e+00   0.000000e+00   0.000000e+00   4.270075e-02

# timestamp: 1774889251.049722
 9.344779e-04   2.817574e-05   0.000000e+00   3.340617e-04   1.002015e-04   0.000000e+00   0.000000e+00   0.000000e+00  -5.079134e-04
 2.817574e-05   9.820533e-04   0.000000e+00   1.159744e-04   4.963435e-04   0.000000e+00   0.000000e+00   0.000000e+00  -9.285532e-04
 0.000000e+00   0.000000e+00   1.052540e-03   0.000000e+00   0.000000e+00   6.220107e-04   9.890918e-05   1.143679e-03   0.000000e+00
 3.340617e-04   1.159744e-04   0.000000e+00   7.343370e-04   4.727055e-04   0.000000e+00   0.000000e+00   0.000000e+00  -3.044187e-03
 1.002015e-04   4.963435e-04   0.000000e+00   4.727055e-04   1.279309e-03   0.000000e+00   0.000000e+00   0.000000e+00  -4.526933e-03
 0.000000e+00   0.000000e+00   6.220107e-04   0.000000e+00   0.000000e+00   1.708450e-03   3.952723e-03   4.245618e-03   0.000000e+00
 0.000000e+00   0.000000e+00   9.890918e-05   0.000000e+00   0.000000e+00   3.952723e-03   1.349195e-01  -5.198786e-02   0.000000e+00
 0.000000e+00   0.000000e+00   1.143679e-03   0.000000e+00   0.000000e+00   4.245618e-03  -5.198786e-02   7.811204e-02   0.000000e+00
-5.079134e-04  -9.285532e-04   0.000000e+00  -3.044187e-03  -4.526933e-03   0.000000e+00   0.000000e+00   0.000000e+00   4.555984e-02

# timestamp: 1774889251.0978324
 8.349685e-04   2.388367e-05   0.000000e+00   3.001187e-04   9.120996e-05   0.000000e+00   0.000000e+00   0.000000e+00  -4.148749e-04
 2.388367e-05   8.748840e-04   0.000000e+00   1.046232e-04   4.426043e-04   0.000000e+00   0.000000e+00   0.000000e+00  -7.283501e-04
 0.000000e+00   0.000000e+00   9.302129e-04   0.000000e+00   0.000000e+00   5.530756e-04  -1.486229e-05   9.985549e-04   0.000000e+00
 3.001187e-04   1.046232e-04   0.000000e+00   7.223993e-04   4.582203e-04   0.000000e+00   0.000000e+00   0.000000e+00  -2.722030e-03
 9.120996e-05   4.426043e-04   0.000000e+00   4.582203e-04   1.227818e-03   0.000000e+00   0.000000e+00   0.000000e+00  -3.914829e-03
 0.000000e+00   0.000000e+00   5.530756e-04   0.000000e+00   0.000000e+00   1.635082e-03   3.036088e-03   3.937652e-03   0.000000e+00
 0.000000e+00   0.000000e+00  -1.486229e-05   0.000000e+00   0.000000e+00   3.036088e-03   1.236479e-01  -5.699998e-02   0.000000e+00
 0.000000e+00   0.000000e+00   9.985549e-04   0.000000e+00   0.000000e+00   3.937652e-03  -5.699998e-02   7.966899e-02   0.000000e+00
-4.148749e-04  -7.283501e-04   0.000000e+00  -2.722030e-03  -3.914829e-03   0.000000e+00   0.000000e+00   0.000000e+00   3.913061e-02

# timestamp: 1774889251.34643
 9.689109e-04   7.003184e-05   0.000000e+00   4.297207e-04   2.200039e-04   0.000000e+00   0.000000e+00   0.000000e+00  -8.052653e-04
 7.003184e-05   1.054866e-03   0.000000e+00   2.429009e-04   6.469141e-04   0.000000e+00   0.000000e+00   0.000000e+00  -1.121352e-03
 0.000000e+00   0.000000e+00   1.138989e-03   0.000000e+00   0.000000e+00   8.573678e-04   3.620743e-04   1.502560e-03   0.000000e+00
 4.297207e-04   2.429009e-04   0.000000e+00   1.088350e-03   8.612911e-04   0.000000e+00   0.000000e+00   0.000000e+00  -4.256658e-03
 2.200039e-04   6.469141e-04   0.000000e+00   8.612911e-04   1.649526e-03   0.000000e+00   0.000000e+00   0.000000e+00  -5.116617e-03
 0.000000e+00   0.000000e+00   8.573678e-04   0.000000e+00   0.000000e+00   2.420413e-03   4.464821e-03   5.198751e-03   0.000000e+00
 0.000000e+00   0.000000e+00   3.620743e-04   0.000000e+00   0.000000e+00   4.464821e-03   1.262642e-01  -6.655062e-02   0.000000e+00
 0.000000e+00   0.000000e+00   1.502560e-03   0.000000e+00   0.000000e+00   5.198751e-03  -6.655062e-02   1.021418e-01   0.000000e+00
-8.052653e-04  -1.121352e-03   0.000000e+00  -4.256658e-03  -5.116617e-03   0.000000e+00   0.000000e+00   0.000000e+00   4.570836e-02

# timestamp: 1774889251.3677988
 9.936610e-04   7.631753e-05   0.000000e+00   4.475873e-04   2.349727e-04   0.000000e+00   0.000000e+00   0.000000e+00  -8.620399e-04
 7.631753e-05   1.085456e-03   0.000000e+00   2.590646e-04   6.736430e-04   0.000000e+00   0.000000e+00   0.000000e+00  -1.189492e-03
 0.000000e+00   0.000000e+00   1.175289e-03   0.000000e+00   0.000000e+00   8.975776e-04   4.217526e-04   1.571675e-03   0.000000e+00
 4.475873e-04   2.590646e-04   0.000000e+00   1.124339e-03   8.999059e-04   0.000000e+00   0.000000e+00   0.000000e+00  -4.442792e-03
 2.349727e-04   6.736430e-04   0.000000e+00   8.999059e-04   1.693607e-03   0.000000e+00   0.000000e+00   0.000000e+00  -5.308197e-03
 0.000000e+00   0.000000e+00   8.975776e-04   0.000000e+00   0.000000e+00   2.501550e-03   4.699013e-03   5.356588e-03   0.000000e+00
 0.000000e+00   0.000000e+00   4.217526e-04   0.000000e+00   0.000000e+00   4.699013e-03   1.275839e-01  -6.655062e-02   0.000000e+00
 0.000000e+00   0.000000e+00   1.571675e-03   0.000000e+00   0.000000e+00   5.356588e-03  -6.655062e-02   1.034614e-01   0.000000e+00
-8.620399e-04  -1.189492e-03   0.000000e+00  -4.442792e-03  -5.308197e-03   0.000000e+00   0.000000e+00   0.000000e+00   4.702801e-02

# timestamp: 1774889251.4032617
 8.826210e-04   6.203633e-05   0.000000e+00   3.972375e-04   2.053426e-04   0.000000e+00   0.000000e+00   0.000000e+00  -6.732203e-04
 6.203633e-05   9.551861e-04   0.000000e+00   2.243359e-04   5.873144e-04   0.000000e+00   0.000000e+00   0.000000e+00  -8.994458e-04
 0.000000e+00   0.000000e+00   1.025804e-03   0.000000e+00   0.000000e+00   7.808306e-04   2.015337e-04   1.327649e-03   0.000000e+00
 3.972375e-04   2.243359e-04   0.000000e+00   1.080037e-03   8.422954e-04   0.000000e+00   0.000000e+00   0.000000e+00  -3.842847e-03
 2.053426e-04   5.873144e-04   0.000000e+00   8.422954e-04   1.589223e-03   0.000000e+00   0.000000e+00   0.000000e+00  -4.487118e-03
 0.000000e+00   0.000000e+00   7.808306e-04   0.000000e+00   0.000000e+00   2.343896e-03   3.608010e-03   4.907440e-03   0.000000e+00
 0.000000e+00   0.000000e+00   2.015337e-04   0.000000e+00   0.000000e+00   3.608010e-03   1.194649e-01  -7.110499e-02   0.000000e+00
 0.000000e+00   0.000000e+00   1.327649e-03   0.000000e+00   0.000000e+00   4.907440e-03  -7.110499e-02   1.049841e-01   0.000000e+00
-6.732203e-04  -8.994458e-04   0.000000e+00  -3.842847e-03  -4.487118e-03   0.000000e+00   0.000000e+00   0.000000e+00   4.008532e-02

# timestamp: 1774889251.446886
 9.647650e-04   8.309740e-05   0.000000e+00   4.578053e-04   2.552769e-04   0.000000e+00   0.000000e+00   0.000000e+00  -8.507154e-04
 8.309740e-05   1.055307e-03   0.000000e+00   2.777334e-04   6.741221e-04   0.000000e+00   0.000000e+00   0.000000e+00  -1.105558e-03
 0.000000e+00   0.000000e+00   1.144867e-03   0.000000e+00   0.000000e+00   9.131323e-04   3.699071e-04   1.551450e-03   0.000000e+00
 4.578053e-04   2.777334e-04   0.000000e+00   1.199661e-03   9.663167e-04   0.000000e+00   0.000000e+00   0.000000e+00  -4.446263e-03
 2.552769e-04   6.741221e-04   0.000000e+00   9.663167e-04   1.726496e-03   0.000000e+00   0.000000e+00   0.000000e+00  -5.089405e-03
 0.000000e+00   0.000000e+00   9.131323e-04   0.000000e+00   0.000000e+00   2.601889e-03   4.328308e-03   5.421761e-03   0.000000e+00
 0.000000e+00   0.000000e+00   3.699071e-04   0.000000e+00   0.000000e+00   4.328308e-03   1.239086e-01  -7.110499e-02   0.000000e+00
 0.000000e+00   0.000000e+00   1.551450e-03   0.000000e+00   0.000000e+00   5.421761e-03  -7.110499e-02   1.094278e-01   0.000000e+00
-8.507154e-04  -1.105558e-03   0.000000e+00  -4.446263e-03  -5.089405e-03   0.000000e+00   0.000000e+00   0.000000e+00   4.452899e-02

# timestamp: 1774889251.6410453
 9.787433e-04   1.150167e-04   0.000000e+00   5.285250e-04   3.310915e-04   0.000000e+00   0.000000e+00   0.000000e+00  -9.057987e-04
 1.150167e-04   1.075718e-03   0.000000e+00   3.528620e-04   7.340412e-04   0.000000e+00   0.000000e+00   0.000000e+00  -1.070263e-03
 0.000000e+00   0.000000e+00   1.187156e-03   0.000000e+00   0.000000e+00   1.045592e-03   2.425206e-04   1.762203e-03   0.000000e+00
 5.285250e-04   3.528620e-04   0.000000e+00   1.426594e-03   1.161805e-03   0.000000e+00   0.000000e+00   0.000000e+00  -4.726068e-03
 3.310915e-04   7.340412e-04   0.000000e+00   1.161805e-03   1.853860e-03   0.000000e+00   0.000000e+00   0.000000e+00  -4.983925e-03
 0.000000e+00   0.000000e+00   1.045592e-03   0.000000e+00   0.000000e+00   2.951782e-03   3.735187e-03   6.174164e-03   0.000000e+00
 0.000000e+00   0.000000e+00   2.425206e-04   0.000000e+00   0.000000e+00   3.735187e-03   1.197276e-01  -7.873999e-02   0.000000e+00
 0.000000e+00   0.000000e+00   1.762203e-03   0.000000e+00   0.000000e+00   6.174164e-03  -7.873999e-02   1.253996e-01   0.000000e+00
-9.057987e-04  -1.070263e-03   0.000000e+00  -4.726068e-03  -4.983925e-03   0.000000e+00   0.000000e+00   0.000000e+00   4.333600e-02

# timestamp: 1774889251.6619012
 1.022225e-03   1.298393e-04   0.000000e+00   5.653226e-04   3.619417e-04   0.000000e+00   0.000000e+00   0.000000e+00  -1.006145e-03
 1.298393e-04   1.127940e-03   0.000000e+00   3.852727e-04   7.803845e-04   0.000000e+00   0.000000e+00   0.000000e+00  -1.175842e-03
 0.000000e+00   0.000000e+00   1.252902e-03   0.000000e+00   0.000000e+00   1.121798e-03   3.223827e-04   1.892447e-03   0.000000e+00
 5.653226e-04   3.852727e-04   0.000000e+00   1.495431e-03   1.228202e-03   0.000000e+00   0.000000e+00   0.000000e+00  -5.032127e-03
 3.619417e-04   7.803845e-04   0.000000e+00   1.228202e-03   1.921766e-03   0.000000e+00   0.000000e+00   0.000000e+00  -5.271086e-03
 0.000000e+00   0.000000e+00   1.121798e-03   0.000000e+00   0.000000e+00   3.088209e-03   4.058447e-03   6.449392e-03   0.000000e+00
 0.000000e+00   0.000000e+00   3.223827e-04   0.000000e+00   0.000000e+00   4.058447e-03   1.218068e-01  -7.873999e-02   0.000000e+00
 0.000000e+00   0.000000e+00   1.892447e-03   0.000000e+00   0.000000e+00   6.449392e-03  -7.873999e-02   1.274788e-01   0.000000e+00
-1.006145e-03  -1.175842e-03   0.000000e+00  -5.032127e-03  -5.271086e-03   0.000000e+00   0.000000e+00   0.000000e+00   4.541520e-02

# timestamp: 1774889251.6832447
 8.665159e-04   9.128959e-05   0.000000e+00   4.637524e-04   2.835921e-04   0.000000e+00   0.000000e+00   0.000000e+00  -6.974270e-04
 9.128959e-05   9.410319e-04   0.000000e+00   2.998155e-04   6.323466e-04   0.000000e+00   0.000000e+00   0.000000e+00  -8.001868e-04
 0.000000e+00   0.000000e+00   1.029228e-03   0.000000e+00   0.000000e+00   9.017756e-04   3.612335e-05   1.527614e-03   0.000000e+00
 4.637524e-04   2.998155e-04   0.000000e+00   1.349337e-03   1.070408e-03   0.000000e+00   0.000000e+00   0.000000e+00  -4.043624e-03
 2.835921e-04   6.323466e-04   0.000000e+00   1.070408e-03   1.721150e-03   0.000000e+00   0.000000e+00   0.000000e+00  -4.187845e-03
 0.000000e+00   0.000000e+00   9.017756e-04   0.000000e+00   0.000000e+00   2.750177e-03   2.590438e-03   5.928220e-03   0.000000e+00
 0.000000e+00   0.000000e+00   3.612335e-05   0.000000e+00   0.000000e+00   2.590438e-03   1.110522e-01  -8.140265e-02   0.000000e+00
 0.000000e+00   0.000000e+00   1.527614e-03   0.000000e+00   0.000000e+00   5.928220e-03  -8.140265e-02   1.276789e-01   0.000000e+00
-6.974270e-04  -8.001868e-04   0.000000e+00  -4.043624e-03  -4.187845e-03   0.000000e+00   0.000000e+00   0.000000e+00   3.714877e-02

# timestamp: 1774889251.7225173
 9.531233e-04   1.189326e-04   0.000000e+00   5.359258e-04   3.423908e-04   0.000000e+00   0.000000e+00   0.000000e+00  -8.789996e-04
 1.189326e-04   1.043008e-03   0.000000e+00   3.612435e-04   7.209702e-04   0.000000e+00   0.000000e+00   0.000000e+00  -9.875228e-04
 0.000000e+00   0.000000e+00   1.156830e-03   0.000000e+00   0.000000e+00   1.048639e-03   1.544670e-04   1.790784e-03   0.000000e+00
 5.359258e-04   3.612435e-04   0.000000e+00   1.479833e-03   1.192741e-03   0.000000e+00   0.000000e+00   0.000000e+00  -4.632830e-03
 3.423908e-04   7.209702e-04   0.000000e+00   1.192741e-03   1.843714e-03   0.000000e+00   0.000000e+00   0.000000e+00  -4.725318e-03
 0.000000e+00   0.000000e+00   1.048639e-03   0.000000e+00   0.000000e+00   3.002951e-03   3.174525e-03   6.482838e-03   0.000000e+00
 0.000000e+00   0.000000e+00   1.544670e-04   0.000000e+00   0.000000e+00   3.174525e-03   1.153998e-01  -8.140265e-02   0.000000e+00
 0.000000e+00   0.000000e+00   1.790784e-03   0.000000e+00   0.000000e+00   6.482838e-03  -8.140265e-02   1.320264e-01   0.000000e+00
-8.789996e-04  -9.875228e-04   0.000000e+00  -4.632830e-03  -4.725318e-03   0.000000e+00   0.000000e+00   0.000000e+00   4.149636e-02

# timestamp: 1774889251.954231
 1.067817e-03   1.832178e-04   0.000000e+00   6.908394e-04   4.725098e-04   0.000000e+00   0.000000e+00   0.000000e+00  -1.148102e-03
 1.832178e-04   1.162492e-03   0.000000e+00   4.883414e-04   8.442861e-04   0.000000e+00   0.000000e+00   0.000000e+00  -1.153004e-03
 0.000000e+00   0.000000e+00   1.342311e-03   0.000000e+00   0.000000e+00   1.332934e-03   1.070404e-04   2.474490e-03   0.000000e+00
 6.908394e-04   4.883414e-04   0.000000e+00   1.814959e-03   1.451070e-03   0.000000e+00   0.000000e+00   0.000000e+00  -5.409330e-03
 4.725098e-04   8.442861e-04   0.000000e+00   1.451070e-03   2.009210e-03   0.000000e+00   0.000000e+00   0.000000e+00  -5.120628e-03
 0.000000e+00   0.000000e+00   1.332934e-03   0.000000e+00   0.000000e+00   3.564174e-03   2.735161e-03   8.642632e-03   0.000000e+00
 0.000000e+00   0.000000e+00   1.070404e-04   0.000000e+00   0.000000e+00   2.735161e-03   1.123844e-01  -8.495243e-02   0.000000e+00
 0.000000e+00   0.000000e+00   2.474490e-03   0.000000e+00   0.000000e+00   8.642632e-03  -8.495243e-02   1.533318e-01   0.000000e+00
-1.148102e-03  -1.153004e-03   0.000000e+00  -5.409330e-03  -5.120628e-03   0.000000e+00   0.000000e+00   0.000000e+00   4.511155e-02

# timestamp: 1774889251.9865344
 9.450601e-04   1.440797e-04   0.000000e+00   6.009760e-04   3.993982e-04   0.000000e+00   0.000000e+00   0.000000e+00  -8.725889e-04
 1.440797e-04   1.016014e-03   0.000000e+00   4.096864e-04   7.212015e-04   0.000000e+00   0.000000e+00   0.000000e+00  -8.524704e-04
 0.000000e+00   0.000000e+00   1.159769e-03   0.000000e+00   0.000000e+00   1.146729e-03  -1.291466e-04   2.206915e-03   0.000000e+00
 6.009760e-04   4.096864e-04   0.000000e+00   1.692272e-03   1.317507e-03   0.000000e+00   0.000000e+00   0.000000e+00  -4.597825e-03
 3.993982e-04   7.212015e-04   0.000000e+00   1.317507e-03   1.841884e-03   0.000000e+00   0.000000e+00   0.000000e+00  -4.286377e-03
 0.000000e+00   0.000000e+00   1.146729e-03   0.000000e+00   0.000000e+00   3.316215e-03   1.464075e-03   8.661043e-03   0.000000e+00
 0.000000e+00   0.000000e+00  -1.291466e-04   0.000000e+00   0.000000e+00   1.464075e-03   1.020627e-01  -8.574703e-02   0.000000e+00
 0.000000e+00   0.000000e+00   2.206915e-03   0.000000e+00   0.000000e+00   8.661043e-03  -8.574703e-02   1.562542e-01   0.000000e+00
-8.725889e-04  -8.524704e-04   0.000000e+00  -4.597825e-03  -4.286377e-03   0.000000e+00   0.000000e+00   0.000000e+00   3.886362e-02

# timestamp: 1774889252.0650048
 1.108085e-03   2.081692e-04   0.000000e+00   7.502476e-04   5.186613e-04   0.000000e+00   0.000000e+00   0.000000e+00  -1.218569e-03
 2.081692e-04   1.196281e-03   0.000000e+00   5.311775e-04   8.760424e-04   0.000000e+00   0.000000e+00   0.000000e+00  -1.173643e-03
 0.000000e+00   0.000000e+00   1.408219e-03   0.000000e+00   0.000000e+00   1.441394e-03  -8.856449e-06   2.843422e-03   0.000000e+00
 7.502476e-04   5.311775e-04   0.000000e+00   1.935741e-03   1.531107e-03   0.000000e+00   0.000000e+00   0.000000e+00  -5.601379e-03
 5.186613e-04   8.760424e-04   0.000000e+00   1.531107e-03   2.041624e-03   0.000000e+00   0.000000e+00   0.000000e+00  -5.168660e-03
 0.000000e+00   0.000000e+00   1.441394e-03   0.000000e+00   0.000000e+00   3.787274e-03   2.184431e-03   9.949034e-03   0.000000e+00
 0.000000e+00   0.000000e+00  -8.856449e-06   0.000000e+00   0.000000e+00   2.184431e-03   1.090257e-01  -8.574703e-02   0.000000e+00
 0.000000e+00   0.000000e+00   2.843422e-03   0.000000e+00   0.000000e+00   9.949034e-03  -8.574703e-02   1.632172e-01   0.000000e+00
-1.218569e-03  -1.173643e-03   0.000000e+00  -5.601379e-03  -5.168660e-03   0.000000e+00   0.000000e+00   0.000000e+00   4.582666e-02

# timestamp: 1774889252.2885191
 1.142957e-03   2.544378e-04   0.000000e+00   8.884906e-04   6.344873e-04   0.000000e+00   0.000000e+00   0.000000e+00  -1.837476e-03
 2.544378e-04   1.179651e-03   0.000000e+00   6.151791e-04   9.080425e-04   0.000000e+00   0.000000e+00   0.000000e+00  -1.524448e-03
 0.000000e+00   0.000000e+00   1.465860e-03   0.000000e+00   0.000000e+00   1.667484e-03   5.193095e-04   3.584267e-03   0.000000e+00
 8.884906e-04   6.151791e-04   0.000000e+00   2.148183e-03   1.672829e-03   0.000000e+00   0.000000e+00   0.000000e+00  -5.964660e-03
 6.344873e-04   9.080425e-04   0.000000e+00   1.672829e-03   2.089358e-03   0.000000e+00   0.000000e+00   0.000000e+00  -5.410638e-03
 0.000000e+00   0.000000e+00   1.667484e-03   0.000000e+00   0.000000e+00   4.264155e-03   1.212670e-03   1.283878e-02   0.000000e+00
 0.000000e+00   0.000000e+00   5.193095e-04   0.000000e+00   0.000000e+00   1.212670e-03   1.038837e-01  -8.887158e-02   0.000000e+00
 0.000000e+00   0.000000e+00   3.584267e-03   0.000000e+00   0.000000e+00   1.283878e-02  -8.887158e-02   1.817704e-01   0.000000e+00
-1.837476e-03  -1.524448e-03   0.000000e+00  -5.964660e-03  -5.410638e-03   0.000000e+00   0.000000e+00   0.000000e+00   4.554566e-02

# timestamp: 1774889252.3335462
 1.026335e-03   1.892960e-04   0.000000e+00   7.120018e-04   4.792660e-04   0.000000e+00   0.000000e+00   0.000000e+00  -8.673696e-04
 1.892960e-04   1.072978e-03   0.000000e+00   4.758547e-04   7.592715e-04   0.000000e+00   0.000000e+00   0.000000e+00  -7.676049e-04
 0.000000e+00   0.000000e+00   1.282521e-03   0.000000e+00   0.000000e+00   1.344695e-03  -5.401151e-04   2.861716e-03   0.000000e+00
 7.120018e-04   4.758547e-04   0.000000e+00   1.883584e-03   1.424990e-03   0.000000e+00   0.000000e+00   0.000000e+00  -4.647468e-03
 4.792660e-04   7.592715e-04   0.000000e+00   1.424990e-03   1.847073e-03   0.000000e+00   0.000000e+00   0.000000e+00  -4.190819e-03
 0.000000e+00   0.000000e+00   1.344695e-03   0.000000e+00   0.000000e+00   3.742608e-03  -3.807857e-04   1.180085e-02   0.000000e+00
 0.000000e+00   0.000000e+00  -5.401151e-04   0.000000e+00   0.000000e+00  -3.807857e-04   1.016730e-01  -9.277922e-02   0.000000e+00
 0.000000e+00   0.000000e+00   2.861716e-03   0.000000e+00   0.000000e+00   1.180085e-02  -9.277922e-02   1.802722e-01   0.000000e+00
-8.673696e-04  -7.676049e-04   0.000000e+00  -4.647468e-03  -4.190819e-03   0.000000e+00   0.000000e+00   0.000000e+00   4.002548e-02

# timestamp: 1774889252.366602
 1.153250e-03   2.413261e-04   0.000000e+00   8.248741e-04   5.680416e-04   0.000000e+00   0.000000e+00   0.000000e+00  -1.111738e-03
 2.413261e-04   1.204454e-03   0.000000e+00   5.636165e-04   8.675363e-04   0.000000e+00   0.000000e+00   0.000000e+00  -9.885331e-04
 0.000000e+00   0.000000e+00   1.478447e-03   0.000000e+00   0.000000e+00   1.577583e-03  -5.550024e-04   3.475111e-03   0.000000e+00
 8.248741e-04   5.636165e-04   0.000000e+00   2.040768e-03   1.566318e-03   0.000000e+00   0.000000e+00   0.000000e+00  -5.310010e-03
 5.680416e-04   8.675363e-04   0.000000e+00   1.566318e-03   1.983264e-03   0.000000e+00   0.000000e+00   0.000000e+00  -4.821859e-03
 0.000000e+00   0.000000e+00   1.577583e-03   0.000000e+00   0.000000e+00   4.101713e-03  -1.269225e-04   1.305590e-02   0.000000e+00
 0.000000e+00   0.000000e+00  -5.550024e-04   0.000000e+00   0.000000e+00  -1.269225e-04   1.066889e-01  -9.277922e-02   0.000000e+00
 0.000000e+00   0.000000e+00   3.475111e-03   0.000000e+00   0.000000e+00   1.305590e-02  -9.277922e-02   1.852882e-01   0.000000e+00
-1.111738e-03  -9.885331e-04   0.000000e+00  -5.310010e-03  -4.821859e-03   0.000000e+00   0.000000e+00   0.000000e+00   4.504140e-02

# timestamp: 1774889252.38329
 9.631693e-04   1.683201e-04   0.000000e+00   6.644830e-04   4.405124e-04   0.000000e+00   0.000000e+00   0.000000e+00  -7.615511e-04
 1.683201e-04   9.984568e-04   0.000000e+00   4.346310e-04   6.958717e-04   0.000000e+00   0.000000e+00   0.000000e+00  -6.665385e-04
 0.000000e+00   0.000000e+00   1.189390e-03   0.000000e+00   0.000000e+00   1.252421e-03  -6.437416e-04   2.788060e-03   0.000000e+00
 6.644830e-04   4.346310e-04   0.000000e+00   1.810431e-03   1.350484e-03   0.000000e+00   0.000000e+00   0.000000e+00  -4.241602e-03
 4.405124e-04   6.958717e-04   0.000000e+00   1.350484e-03   1.757279e-03   0.000000e+00   0.000000e+00   0.000000e+00  -3.845982e-03
 0.000000e+00   0.000000e+00   1.252421e-03   0.000000e+00   0.000000e+00   3.638700e-03  -1.181736e-03   1.215217e-02   0.000000e+00
 0.000000e+00   0.000000e+00  -6.437416e-04   0.000000e+00   0.000000e+00  -1.181736e-03   9.988951e-02  -9.562531e-02   0.000000e+00
 0.000000e+00   0.000000e+00   2.788060e-03   0.000000e+00   0.000000e+00   1.215217e-02  -9.562531e-02   1.838926e-01   0.000000e+00
-7.615511e-04  -6.665385e-04   0.000000e+00  -4.241602e-03  -3.845982e-03   0.000000e+00   0.000000e+00   0.000000e+00   3.730744e-02

# timestamp: 1774889252.5756538
 1.206572e-03   2.697377e-04   0.000000e+00   8.792527e-04   6.090539e-04   0.000000e+00   0.000000e+00   0.000000e+00  -1.203929e-03
 2.697377e-04   1.236311e-03   0.000000e+00   5.963791e-04   8.878516e-04   0.000000e+00   0.000000e+00   0.000000e+00  -1.081409e-03
 0.000000e+00   0.000000e+00   1.576367e-03   0.000000e+00   0.000000e+00   1.747462e-03  -9.775754e-04   4.453264e-03   0.000000e+00
 8.792527e-04   5.963791e-04   0.000000e+00   2.057901e-03   1.583977e-03   0.000000e+00   0.000000e+00   0.000000e+00  -5.253166e-03
 6.090539e-04   8.878516e-04   0.000000e+00   1.583977e-03   1.987030e-03   0.000000e+00   0.000000e+00   0.000000e+00  -4.986018e-03
 0.000000e+00   0.000000e+00   1.747462e-03   0.000000e+00   0.000000e+00   4.451489e-03  -1.909687e-03   1.615836e-02   0.000000e+00
 0.000000e+00   0.000000e+00  -9.775754e-04   0.000000e+00   0.000000e+00  -1.909687e-03   1.096626e-01  -9.792292e-02   0.000000e+00
 0.000000e+00   0.000000e+00   4.453264e-03   0.000000e+00   0.000000e+00   1.615836e-02  -9.792292e-02   1.997324e-01   0.000000e+00
-1.203929e-03  -1.081409e-03   0.000000e+00  -5.253166e-03  -4.986018e-03   0.000000e+00   0.000000e+00   0.000000e+00   4.679841e-02

# timestamp: 1774889252.6070843
 1.056132e-03   2.079713e-04   0.000000e+00   7.487976e-04   5.041478e-04   0.000000e+00   0.000000e+00   0.000000e+00  -9.060523e-04
 2.079713e-04   1.076606e-03   0.000000e+00   4.915431e-04   7.523621e-04   0.000000e+00   0.000000e+00   0.000000e+00  -8.127710e-04
 0.000000e+00   0.000000e+00   1.343091e-03   0.000000e+00   0.000000e+00   1.487065e-03  -1.071138e-03   3.912705e-03   0.000000e+00
 7.487976e-04   4.915431e-04   0.000000e+00   1.865914e-03   1.406291e-03   0.000000e+00   0.000000e+00   0.000000e+00  -4.387728e-03
 5.041478e-04   7.523621e-04   0.000000e+00   1.406291e-03   1.804403e-03   0.000000e+00   0.000000e+00   0.000000e+00  -4.209221e-03
 0.000000e+00   0.000000e+00   1.487065e-03   0.000000e+00   0.000000e+00   4.113025e-03  -2.932742e-03   1.578645e-02   0.000000e+00
 0.000000e+00   0.000000e+00  -1.071138e-03   0.000000e+00   0.000000e+00  -2.932742e-03   1.042014e-01  -1.001976e-01   0.000000e+00
 0.000000e+00   0.000000e+00   3.912705e-03   0.000000e+00   0.000000e+00   1.578645e-02  -1.001976e-01   1.997455e-01   0.000000e+00
-9.060523e-04  -8.127710e-04   0.000000e+00  -4.387728e-03  -4.209221e-03   0.000000e+00   0.000000e+00   0.000000e+00   4.087021e-02

# timestamp: 1774889252.6305506
 1.090993e-03   2.220098e-04   0.000000e+00   7.781971e-04   5.274608e-04   0.000000e+00   0.000000e+00   0.000000e+00  -9.671555e-04
 2.220098e-04   1.111554e-03   0.000000e+00   5.142340e-04   7.808093e-04   0.000000e+00   0.000000e+00   0.000000e+00  -8.714507e-04
 0.000000e+00   0.000000e+00   1.398825e-03   0.000000e+00   0.000000e+00   1.556365e-03  -1.111666e-03   4.132118e-03   0.000000e+00
 7.781971e-04   5.142340e-04   0.000000e+00   1.900248e-03   1.439880e-03   0.000000e+00   0.000000e+00   0.000000e+00  -4.542383e-03
 5.274608e-04   7.808093e-04   0.000000e+00   1.439880e-03   1.839909e-03   0.000000e+00   0.000000e+00   0.000000e+00  -4.375814e-03
 0.000000e+00   0.000000e+00   1.556365e-03   0.000000e+00   0.000000e+00   4.219933e-03  -2.942685e-03   1.621485e-02   0.000000e+00
 0.000000e+00   0.000000e+00  -1.111666e-03   0.000000e+00   0.000000e+00  -2.942685e-03   1.055819e-01  -1.001976e-01   0.000000e+00
 0.000000e+00   0.000000e+00   4.132118e-03   0.000000e+00   0.000000e+00   1.621485e-02  -1.001976e-01   2.011260e-01   0.000000e+00
-9.671555e-04  -8.714507e-04   0.000000e+00  -4.542383e-03  -4.375814e-03   0.000000e+00   0.000000e+00   0.000000e+00   4.225077e-02

# timestamp: 1774889252.6598651
 1.171718e-03   2.556547e-04   0.000000e+00   8.463353e-04   5.820538e-04   0.000000e+00   0.000000e+00   0.000000e+00  -1.111055e-03
 2.556547e-04   1.192377e-03   0.000000e+00   5.673417e-04   8.469201e-04   0.000000e+00   0.000000e+00   0.000000e+00  -1.010533e-03
 0.000000e+00   0.000000e+00   1.530168e-03   0.000000e+00   0.000000e+00   1.718974e-03  -1.202378e-03   4.642319e-03   0.000000e+00
 8.463353e-04   5.673417e-04   0.000000e+00   1.981068e-03   1.519364e-03   0.000000e+00   0.000000e+00   0.000000e+00  -4.906235e-03
 5.820538e-04   8.469201e-04   0.000000e+00   1.519364e-03   1.924022e-03   0.000000e+00   0.000000e+00   0.000000e+00  -4.767753e-03
 0.000000e+00   0.000000e+00   1.718974e-03   0.000000e+00   0.000000e+00   4.470663e-03  -2.945950e-03   1.719072e-02   0.000000e+00
 0.000000e+00   0.000000e+00  -1.202378e-03   0.000000e+00   0.000000e+00  -2.945950e-03   1.086611e-01  -1.001976e-01   0.000000e+00
 0.000000e+00   0.000000e+00   4.642319e-03   0.000000e+00   0.000000e+00   1.719072e-02  -1.001976e-01   2.042052e-01   0.000000e+00
-1.111055e-03  -1.010533e-03   0.000000e+00  -4.906235e-03  -4.767753e-03   0.000000e+00   0.000000e+00   0.000000e+00   4.532995e-02

# timestamp: 1774889252.9147456
 1.080395e-03   2.180068e-04   0.000000e+00   7.523077e-04   5.039311e-04   0.000000e+00   0.000000e+00   0.000000e+00  -8.637108e-04
 2.180068e-04   1.084923e-03   0.000000e+00   4.907097e-04   7.428489e-04   0.000000e+00   0.000000e+00   0.000000e+00  -8.294630e-04
 0.000000e+00   0.000000e+00   1.415942e-03   0.000000e+00   0.000000e+00   1.635905e-03  -1.810060e-03   5.095382e-03   0.000000e+00
 7.523077e-04   4.907097e-04   0.000000e+00   1.773527e-03   1.339877e-03   0.000000e+00   0.000000e+00   0.000000e+00  -4.126382e-03
 5.039311e-04   7.428489e-04   0.000000e+00   1.339877e-03   1.747310e-03   0.000000e+00   0.000000e+00   0.000000e+00  -4.177545e-03
 0.000000e+00   0.000000e+00   1.635905e-03   0.000000e+00   0.000000e+00   4.455011e-03  -5.240539e-03   1.919046e-02   0.000000e+00
 0.000000e+00   0.000000e+00  -1.810060e-03   0.000000e+00   0.000000e+00  -5.240539e-03   1.081602e-01  -1.066994e-01   0.000000e+00
 0.000000e+00   0.000000e+00   5.095382e-03   0.000000e+00   0.000000e+00   1.919046e-02  -1.066994e-01   2.131208e-01   0.000000e+00
-8.637108e-04  -8.294630e-04   0.000000e+00  -4.126382e-03  -4.177545e-03   0.000000e+00   0.000000e+00   0.000000e+00   4.166783e-02

# timestamp: 1774889252.9479384
 1.159504e-03   2.501185e-04   0.000000e+00   8.151265e-04   5.535898e-04   0.000000e+00   0.000000e+00   0.000000e+00  -9.943020e-04
 2.501185e-04   1.163424e-03   0.000000e+00   5.398437e-04   8.048915e-04   0.000000e+00   0.000000e+00   0.000000e+00  -9.617515e-04
 0.000000e+00   0.000000e+00   1.552568e-03   0.000000e+00   0.000000e+00   1.805062e-03  -1.971798e-03   5.696228e-03   0.000000e+00
 8.151265e-04   5.398437e-04   0.000000e+00   1.843354e-03   1.408269e-03   0.000000e+00   0.000000e+00   0.000000e+00  -4.466491e-03
 5.535898e-04   8.048915e-04   0.000000e+00   1.408269e-03   1.820471e-03   0.000000e+00   0.000000e+00   0.000000e+00  -4.529946e-03
 0.000000e+00   0.000000e+00   1.805062e-03   0.000000e+00   0.000000e+00   4.692860e-03  -5.242794e-03   2.009413e-02   0.000000e+00
 0.000000e+00   0.000000e+00  -1.971798e-03   0.000000e+00   0.000000e+00  -5.242794e-03   1.112452e-01  -1.066994e-01   0.000000e+00
 0.000000e+00   0.000000e+00   5.696228e-03   0.000000e+00   0.000000e+00   2.009413e-02  -1.066994e-01   2.162058e-01   0.000000e+00
-9.943020e-04  -9.617515e-04   0.000000e+00  -4.466491e-03  -4.529946e-03   0.000000e+00   0.000000e+00   0.000000e+00   4.475287e-02

# timestamp: 1774889252.9781475
 1.015271e-03   1.921586e-04   0.000000e+00   6.933108e-04   4.565241e-04   0.000000e+00   0.000000e+00   0.000000e+00  -7.404801e-04
 1.921586e-04   1.017322e-03   0.000000e+00   4.452137e-04   6.835180e-04   0.000000e+00   0.000000e+00   0.000000e+00  -7.205609e-04
 0.000000e+00   0.000000e+00   1.318187e-03   0.000000e+00   0.000000e+00   1.525116e-03  -1.870264e-03   4.907664e-03   0.000000e+00
 6.933108e-04   4.452137e-04   0.000000e+00   1.679960e-03   1.253544e-03   0.000000e+00   0.000000e+00   0.000000e+00  -3.756355e-03
 4.565241e-04   6.835180e-04   0.000000e+00   1.253544e-03   1.657724e-03   0.000000e+00   0.000000e+00   0.000000e+00  -3.814273e-03
 0.000000e+00   0.000000e+00   1.525116e-03   0.000000e+00   0.000000e+00   4.305377e-03  -5.721882e-03   1.907846e-02   0.000000e+00
 0.000000e+00   0.000000e+00  -1.870264e-03   0.000000e+00   0.000000e+00  -5.721882e-03   1.059584e-01  -1.080329e-01   0.000000e+00
 0.000000e+00   0.000000e+00   4.907664e-03   0.000000e+00   0.000000e+00   1.907846e-02  -1.080329e-01   2.134832e-01   0.000000e+00
-7.404801e-04  -7.205609e-04   0.000000e+00  -3.756355e-03  -3.814273e-03   0.000000e+00   0.000000e+00   0.000000e+00   3.898614e-02

# timestamp: 1774889253.2605324
 1.184218e-03   2.547824e-04   0.000000e+00   8.034500e-04   5.368834e-04   0.000000e+00   0.000000e+00   0.000000e+00  -9.509664e-04
 2.547824e-04   1.177996e-03   0.000000e+00   5.240540e-04   7.840931e-04   0.000000e+00   0.000000e+00   0.000000e+00  -8.996440e-04
 0.000000e+00   0.000000e+00   1.613645e-03   0.000000e+00   0.000000e+00   1.848474e-03  -2.362920e-03   6.176683e-03   0.000000e+00
 8.034500e-04   5.240540e-04   0.000000e+00   1.736035e-03   1.304403e-03   0.000000e+00   0.000000e+00   0.000000e+00  -4.243357e-03
 5.368834e-04   7.840931e-04   0.000000e+00   1.304403e-03   1.707517e-03   0.000000e+00   0.000000e+00   0.000000e+00  -4.236199e-03
 0.000000e+00   0.000000e+00   1.848474e-03   0.000000e+00   0.000000e+00   4.596024e-03  -5.863919e-03   2.037381e-02   0.000000e+00
 0.000000e+00   0.000000e+00  -2.362920e-03   0.000000e+00   0.000000e+00  -5.863919e-03   1.137533e-01  -1.086435e-01   0.000000e+00
 0.000000e+00   0.000000e+00   6.176683e-03   0.000000e+00   0.000000e+00   2.037381e-02  -1.086435e-01   2.192590e-01   0.000000e+00
-9.509664e-04  -8.996440e-04   0.000000e+00  -4.243357e-03  -4.236199e-03   0.000000e+00   0.000000e+00   0.000000e+00   4.564031e-02

# timestamp: 1774889253.2981253
 1.156817e-03   2.606193e-04   0.000000e+00   8.385396e-04   5.818994e-04   0.000000e+00   0.000000e+00   0.000000e+00  -1.614765e-03
 2.606193e-04   1.137015e-03   0.000000e+00   5.520024e-04   7.983993e-04   0.000000e+00   0.000000e+00   0.000000e+00  -1.384298e-03
 0.000000e+00   0.000000e+00   1.579095e-03   0.000000e+00   0.000000e+00   1.905644e-03  -1.518614e-03   6.565880e-03   0.000000e+00
 8.385396e-04   5.520024e-04   0.000000e+00   1.790323e-03   1.357303e-03   0.000000e+00   0.000000e+00   0.000000e+00  -4.679037e-03
 5.818994e-04   7.983993e-04   0.000000e+00   1.357303e-03   1.751318e-03   0.000000e+00   0.000000e+00   0.000000e+00  -4.617476e-03
 0.000000e+00   0.000000e+00   1.905644e-03   0.000000e+00   0.000000e+00   4.732006e-03  -5.231081e-03   2.098446e-02   0.000000e+00
 0.000000e+00   0.000000e+00  -1.518614e-03   0.000000e+00   0.000000e+00  -5.231081e-03   1.105236e-01  -1.075578e-01   0.000000e+00
 0.000000e+00   0.000000e+00   6.565880e-03   0.000000e+00   0.000000e+00   2.098446e-02  -1.075578e-01   2.218345e-01   0.000000e+00
-1.614765e-03  -1.384298e-03   0.000000e+00  -4.679037e-03  -4.617476e-03   0.000000e+00   0.000000e+00   0.000000e+00   4.499276e-02

# timestamp: 1774889253.3248532
 1.095519e-03   2.166653e-04   0.000000e+00   7.243100e-04   4.729095e-04   0.000000e+00   0.000000e+00   0.000000e+00  -7.427317e-04
 2.166653e-04   1.087730e-03   0.000000e+00   4.584085e-04   7.026765e-04   0.000000e+00   0.000000e+00   0.000000e+00  -6.722348e-04
 0.000000e+00   0.000000e+00   1.441453e-03   0.000000e+00   0.000000e+00   1.598028e-03  -2.142874e-03   5.068548e-03   0.000000e+00
 7.243100e-04   4.584085e-04   0.000000e+00   1.619024e-03   1.192897e-03   0.000000e+00   0.000000e+00   0.000000e+00  -3.734641e-03
 4.729095e-04   7.026765e-04   0.000000e+00   1.192897e-03   1.590212e-03   0.000000e+00   0.000000e+00   0.000000e+00  -3.717028e-03
 0.000000e+00   0.000000e+00   1.598028e-03   0.000000e+00   0.000000e+00   4.142169e-03  -5.789994e-03   1.825365e-02   0.000000e+00
 0.000000e+00   0.000000e+00  -2.142874e-03   0.000000e+00   0.000000e+00  -5.789994e-03   1.144766e-01  -1.102329e-01   0.000000e+00
 0.000000e+00   0.000000e+00   5.068548e-03   0.000000e+00   0.000000e+00   1.825365e-02  -1.102329e-01   2.097711e-01   0.000000e+00
-7.427317e-04  -6.722348e-04   0.000000e+00  -3.734641e-03  -3.717028e-03   0.000000e+00   0.000000e+00   0.000000e+00   4.192737e-02

# timestamp: 1774889253.5622065
 1.162009e-03   2.388278e-04   0.000000e+00   7.517690e-04   4.894501e-04   0.000000e+00   0.000000e+00   0.000000e+00  -8.396137e-04
 2.388278e-04   1.151623e-03   0.000000e+00   4.775189e-04   7.304150e-04   0.000000e+00   0.000000e+00   0.000000e+00  -7.910058e-04
 0.000000e+00   0.000000e+00   1.555707e-03   0.000000e+00   0.000000e+00   1.658673e-03  -2.480740e-03   5.476287e-03   0.000000e+00
 7.517690e-04   4.775189e-04   0.000000e+00   1.581732e-03   1.156908e-03   0.000000e+00   0.000000e+00   0.000000e+00  -3.835607e-03
 4.894501e-04   7.304150e-04   0.000000e+00   1.156908e-03   1.554016e-03   0.000000e+00   0.000000e+00   0.000000e+00  -3.808022e-03
 0.000000e+00   0.000000e+00   1.658673e-03   0.000000e+00   0.000000e+00   3.921143e-03  -5.600877e-03   1.712828e-02   0.000000e+00
 0.000000e+00   0.000000e+00  -2.480740e-03   0.000000e+00   0.000000e+00  -5.600877e-03   1.277258e-01  -1.153182e-01   0.000000e+00
 0.000000e+00   0.000000e+00   5.476287e-03   0.000000e+00   0.000000e+00   1.712828e-02  -1.153182e-01   2.074338e-01   0.000000e+00
-8.396137e-04  -7.910058e-04   0.000000e+00  -3.835607e-03  -3.808022e-03   0.000000e+00   0.000000e+00   0.000000e+00   4.548980e-02

# timestamp: 1774889253.5815701
 9.718287e-04   1.679323e-04   0.000000e+00   6.097324e-04   3.817021e-04   0.000000e+00   0.000000e+00   0.000000e+00  -5.718118e-04
 1.679323e-04   9.646713e-04   0.000000e+00   3.725140e-04   5.932397e-04   0.000000e+00   0.000000e+00   0.000000e+00  -5.398934e-04
 0.000000e+00   0.000000e+00   1.239254e-03   0.000000e+00   0.000000e+00   1.295120e-03  -2.124702e-03   4.215364e-03   0.000000e+00
 6.097324e-04   3.725140e-04   0.000000e+00   1.419338e-03   1.005945e-03   0.000000e+00   0.000000e+00   0.000000e+00  -3.071528e-03
 3.817021e-04   5.932397e-04   0.000000e+00   1.005945e-03   1.395241e-03   0.000000e+00   0.000000e+00   0.000000e+00  -3.050430e-03
 0.000000e+00   0.000000e+00   1.295120e-03   0.000000e+00   0.000000e+00   3.403207e-03  -5.669570e-03   1.496824e-02   0.000000e+00
 0.000000e+00   0.000000e+00  -2.124702e-03   0.000000e+00   0.000000e+00  -5.669570e-03   1.249889e-01  -1.181454e-01   0.000000e+00
 0.000000e+00   0.000000e+00   4.215364e-03   0.000000e+00   0.000000e+00   1.496824e-02  -1.181454e-01   1.978973e-01   0.000000e+00
-5.718118e-04  -5.398934e-04   0.000000e+00  -3.071528e-03  -3.050430e-03   0.000000e+00   0.000000e+00   0.000000e+00   3.773695e-02

# timestamp: 1774889253.6154382
 1.046102e-03   1.937785e-04   0.000000e+00   6.609905e-04   4.192649e-04   0.000000e+00   0.000000e+00   0.000000e+00  -6.745150e-04
 1.937785e-04   1.037834e-03   0.000000e+00   4.099324e-04   6.434123e-04   0.000000e+00   0.000000e+00   0.000000e+00  -6.418698e-04
 0.000000e+00   0.000000e+00   1.360720e-03   0.000000e+00   0.000000e+00   1.422728e-03  -2.309795e-03   4.709723e-03   0.000000e+00
 6.609905e-04   4.099324e-04   0.000000e+00   1.465704e-03   1.048515e-03   0.000000e+00   0.000000e+00   0.000000e+00  -3.341790e-03
 4.192649e-04   6.434123e-04   0.000000e+00   1.048515e-03   1.440569e-03   0.000000e+00   0.000000e+00   0.000000e+00  -3.316119e-03
 0.000000e+00   0.000000e+00   1.422728e-03   0.000000e+00   0.000000e+00   3.532064e-03  -5.593540e-03   1.549814e-02   0.000000e+00
 0.000000e+00   0.000000e+00  -2.309795e-03   0.000000e+00   0.000000e+00  -5.593540e-03   1.282634e-01  -1.181454e-01   0.000000e+00
 0.000000e+00   0.000000e+00   4.709723e-03   0.000000e+00   0.000000e+00   1.549814e-02  -1.181454e-01   2.011718e-01   0.000000e+00
-6.745150e-04  -6.418698e-04   0.000000e+00  -3.341790e-03  -3.316119e-03   0.000000e+00   0.000000e+00   0.000000e+00   4.101147e-02

# timestamp: 1774889253.6389182
 1.099755e-03   2.132425e-04   0.000000e+00   6.980107e-04   4.466965e-04   0.000000e+00   0.000000e+00   0.000000e+00  -7.520508e-04
 2.132425e-04   1.090671e-03   0.000000e+00   4.372671e-04   6.796455e-04   0.000000e+00   0.000000e+00   0.000000e+00  -7.187962e-04
 0.000000e+00   0.000000e+00   1.450238e-03   0.000000e+00   0.000000e+00   1.515360e-03  -2.436618e-03   5.065260e-03   0.000000e+00
 6.980107e-04   4.372671e-04   0.000000e+00   1.500124e-03   1.080259e-03   0.000000e+00   0.000000e+00   0.000000e+00  -3.540470e-03
 4.466965e-04   6.796455e-04   0.000000e+00   1.080259e-03   1.474194e-03   0.000000e+00   0.000000e+00   0.000000e+00  -3.511436e-03
 0.000000e+00   0.000000e+00   1.515360e-03   0.000000e+00   0.000000e+00   3.626454e-03  -5.529843e-03   1.587707e-02   0.000000e+00
 0.000000e+00   0.000000e+00  -2.436618e-03   0.000000e+00   0.000000e+00  -5.529843e-03   1.305390e-01  -1.181454e-01   0.000000e+00
 0.000000e+00   0.000000e+00   5.065260e-03   0.000000e+00   0.000000e+00   1.587707e-02  -1.181454e-01   2.034475e-01   0.000000e+00
-7.520508e-04  -7.187962e-04   0.000000e+00  -3.540470e-03  -3.511436e-03   0.000000e+00   0.000000e+00   0.000000e+00   4.328710e-02

# timestamp: 1774889253.8718934
 1.171482e-03   2.346538e-04   0.000000e+00   7.234732e-04   4.596024e-04   0.000000e+00   0.000000e+00   0.000000e+00  -8.080520e-04
 2.346538e-04   1.161318e-03   0.000000e+00   4.520998e-04   7.054475e-04   0.000000e+00   0.000000e+00   0.000000e+00  -7.773023e-04
 0.000000e+00   0.000000e+00   1.549886e-03   0.000000e+00   0.000000e+00   1.516755e-03  -2.589258e-03   5.035663e-03   0.000000e+00
 7.234732e-04   4.520998e-04   0.000000e+00   1.462491e-03   1.041520e-03   0.000000e+00   0.000000e+00   0.000000e+00  -3.630732e-03
 4.596024e-04   7.054475e-04   0.000000e+00   1.041520e-03   1.435004e-03   0.000000e+00   0.000000e+00   0.000000e+00  -3.580332e-03
 0.000000e+00   0.000000e+00   1.516755e-03   0.000000e+00   0.000000e+00   3.307199e-03  -4.667798e-03   1.398096e-02   0.000000e+00
 0.000000e+00   0.000000e+00  -2.589258e-03   0.000000e+00   0.000000e+00  -4.667798e-03   1.457426e-01  -1.229686e-01   0.000000e+00
 0.000000e+00   0.000000e+00   5.035663e-03   0.000000e+00   0.000000e+00   1.398096e-02  -1.229686e-01   1.997581e-01   0.000000e+00
-8.080520e-04  -7.773023e-04   0.000000e+00  -3.630732e-03  -3.580332e-03   0.000000e+00   0.000000e+00   0.000000e+00   4.678863e-02

# timestamp: 1774889253.92182
 1.037429e-03   1.833934e-04   0.000000e+00   6.222651e-04   3.824108e-04   0.000000e+00   0.000000e+00   0.000000e+00  -5.589510e-04
 1.833934e-04   1.029432e-03   0.000000e+00   3.759764e-04   6.069951e-04   0.000000e+00   0.000000e+00   0.000000e+00  -5.313620e-04
 0.000000e+00   0.000000e+00   1.319889e-03   0.000000e+00   0.000000e+00   1.248074e-03  -2.294248e-03   3.926879e-03   0.000000e+00
 6.222651e-04   3.759764e-04   0.000000e+00   1.342634e-03   9.299323e-04   0.000000e+00   0.000000e+00   0.000000e+00  -3.034428e-03
 3.824108e-04   6.069951e-04   0.000000e+00   9.299323e-04   1.317592e-03   0.000000e+00   0.000000e+00   0.000000e+00  -2.988094e-03
 0.000000e+00   0.000000e+00   1.248074e-03   0.000000e+00   0.000000e+00   2.896285e-03  -4.394016e-03   1.183026e-02   0.000000e+00
 0.000000e+00   0.000000e+00  -2.294248e-03   0.000000e+00   0.000000e+00  -4.394016e-03   1.474726e-01  -1.255954e-01   0.000000e+00
 0.000000e+00   0.000000e+00   3.926879e-03   0.000000e+00   0.000000e+00   1.183026e-02  -1.255954e-01   1.890428e-01   0.000000e+00
-5.589510e-04  -5.313620e-04   0.000000e+00  -3.034428e-03  -2.988094e-03   0.000000e+00   0.000000e+00   0.000000e+00   4.088226e-02

# timestamp: 1774889253.9624228
 1.136633e-03   2.179112e-04   0.000000e+00   6.860857e-04   4.283298e-04   0.000000e+00   0.000000e+00   0.000000e+00  -6.951593e-04
 2.179112e-04   1.127267e-03   0.000000e+00   4.216957e-04   6.694614e-04   0.000000e+00   0.000000e+00   0.000000e+00  -6.655434e-04
 0.000000e+00   0.000000e+00   1.476129e-03   0.000000e+00   0.000000e+00   1.389227e-03  -2.479969e-03   4.444250e-03   0.000000e+00
 6.860857e-04   4.216957e-04   0.000000e+00   1.398185e-03   9.806505e-04   0.000000e+00   0.000000e+00   0.000000e+00  -3.382214e-03
 4.283298e-04   6.694614e-04   0.000000e+00   9.806505e-04   1.372083e-03   0.000000e+00   0.000000e+00   0.000000e+00  -3.333796e-03
 0.000000e+00   0.000000e+00   1.389227e-03   0.000000e+00   0.000000e+00   3.023994e-03  -4.192145e-03   1.234925e-02   0.000000e+00
 0.000000e+00   0.000000e+00  -2.479969e-03   0.000000e+00   0.000000e+00  -4.192145e-03   1.517734e-01  -1.255954e-01   0.000000e+00
 0.000000e+00   0.000000e+00   4.444250e-03   0.000000e+00   0.000000e+00   1.234925e-02  -1.255954e-01   1.933436e-01   0.000000e+00
-6.951593e-04  -6.655434e-04   0.000000e+00  -3.382214e-03  -3.333796e-03   0.000000e+00   0.000000e+00   0.000000e+00   4.518302e-02

# timestamp: 1774889254.1833768
 9.725150e-04   1.557136e-04   0.000000e+00   5.565614e-04   3.290986e-04   0.000000e+00   0.000000e+00   0.000000e+00  -5.270756e-04
 1.557136e-04   9.665682e-04   0.000000e+00   3.257114e-04   5.454880e-04   0.000000e+00   0.000000e+00   0.000000e+00  -5.143859e-04
 0.000000e+00   0.000000e+00   1.198541e-03   0.000000e+00   0.000000e+00   1.041429e-03  -1.969414e-03   3.230941e-03   0.000000e+00
 5.565614e-04   3.257114e-04   0.000000e+00   1.212381e-03   8.079100e-04   0.000000e+00   0.000000e+00   0.000000e+00  -2.697831e-03
 3.290986e-04   5.454880e-04   0.000000e+00   8.079100e-04   1.191703e-03   0.000000e+00   0.000000e+00   0.000000e+00  -2.662380e-03
 0.000000e+00   0.000000e+00   1.041429e-03   0.000000e+00   0.000000e+00   2.376231e-03  -3.112100e-03   8.987919e-03   0.000000e+00
 0.000000e+00   0.000000e+00  -1.969414e-03   0.000000e+00   0.000000e+00  -3.112100e-03   1.635963e-01  -1.344517e-01   0.000000e+00
 0.000000e+00   0.000000e+00   3.230941e-03   0.000000e+00   0.000000e+00   8.987919e-03  -1.344517e-01   1.844008e-01   0.000000e+00
-5.270756e-04  -5.143859e-04   0.000000e+00  -2.697831e-03  -2.662380e-03   0.000000e+00   0.000000e+00   0.000000e+00   3.911102e-02

# timestamp: 1774889254.2489436
 1.090210e-03   1.935580e-04   0.000000e+00   6.287544e-04   3.791405e-04   0.000000e+00   0.000000e+00   0.000000e+00  -6.782193e-04
 1.935580e-04   1.083001e-03   0.000000e+00   3.757322e-04   6.163059e-04   0.000000e+00   0.000000e+00   0.000000e+00  -6.635128e-04
 0.000000e+00   0.000000e+00   1.372149e-03   0.000000e+00   0.000000e+00   1.184531e-03  -2.132633e-03   3.722330e-03   0.000000e+00
 6.287544e-04   3.757322e-04   0.000000e+00   1.270947e-03   8.602278e-04   0.000000e+00   0.000000e+00   0.000000e+00  -3.093494e-03
 3.791405e-04   6.163059e-04   0.000000e+00   8.602278e-04   1.248574e-03   0.000000e+00   0.000000e+00   0.000000e+00  -3.050677e-03
 0.000000e+00   0.000000e+00   1.184531e-03   0.000000e+00   0.000000e+00   2.493627e-03  -2.784993e-03   9.450926e-03   0.000000e+00
 0.000000e+00   0.000000e+00  -2.132633e-03   0.000000e+00   0.000000e+00  -2.784993e-03   1.689902e-01  -1.344517e-01   0.000000e+00
 0.000000e+00   0.000000e+00   3.722330e-03   0.000000e+00   0.000000e+00   9.450926e-03  -1.344517e-01   1.897947e-01   0.000000e+00
-6.782193e-04  -6.635128e-04   0.000000e+00  -3.093494e-03  -3.050677e-03   0.000000e+00   0.000000e+00   0.000000e+00   4.450491e-02

# timestamp: 1774889254.2780976
 1.132918e-03   2.080038e-04   0.000000e+00   6.549527e-04   3.975820e-04   0.000000e+00   0.000000e+00   0.000000e+00  -7.367104e-04
 2.080038e-04   1.125235e-03   0.000000e+00   3.941678e-04   6.419920e-04   0.000000e+00   0.000000e+00   0.000000e+00  -7.211914e-04
 0.000000e+00   0.000000e+00   1.436109e-03   0.000000e+00   0.000000e+00   1.236542e-03  -2.184240e-03   3.899879e-03   0.000000e+00
 6.549527e-04   3.941678e-04   0.000000e+00   1.292998e-03   8.800791e-04   0.000000e+00   0.000000e+00   0.000000e+00  -3.239939e-03
 3.975820e-04   6.419920e-04   0.000000e+00   8.800791e-04   1.269973e-03   0.000000e+00   0.000000e+00   0.000000e+00  -3.194396e-03
 0.000000e+00   0.000000e+00   1.236542e-03   0.000000e+00   0.000000e+00   2.537777e-03  -2.662330e-03   9.620563e-03   0.000000e+00
 0.000000e+00   0.000000e+00  -2.184240e-03   0.000000e+00   0.000000e+00  -2.662330e-03   1.708614e-01  -1.344517e-01   0.000000e+00
 0.000000e+00   0.000000e+00   3.899879e-03   0.000000e+00   0.000000e+00   9.620563e-03  -1.344517e-01   1.916659e-01   0.000000e+00
-7.367104e-04  -7.211914e-04   0.000000e+00  -3.239939e-03  -3.194396e-03   0.000000e+00   0.000000e+00   0.000000e+00   4.637611e-02

# timestamp: 1774889254.5235605
 1.005364e-03   1.579882e-04   0.000000e+00   5.471126e-04   3.132016e-04   0.000000e+00   0.000000e+00   0.000000e+00  -4.449182e-04
 1.579882e-04   1.000337e-03   0.000000e+00   3.120323e-04   5.385155e-04   0.000000e+00   0.000000e+00   0.000000e+00  -4.481280e-04
 0.000000e+00   0.000000e+00   1.219991e-03   0.000000e+00   0.000000e+00   9.651515e-04  -1.878947e-03   2.845434e-03   0.000000e+00
 5.471126e-04   3.120323e-04   0.000000e+00   1.130550e-03   7.283842e-04   0.000000e+00   0.000000e+00   0.000000e+00  -2.533863e-03
 3.132016e-04   5.385155e-04   0.000000e+00   7.283842e-04   1.112562e-03   0.000000e+00   0.000000e+00   0.000000e+00  -2.505251e-03
 0.000000e+00   0.000000e+00   9.651515e-04   0.000000e+00   0.000000e+00   2.054802e-03  -1.914883e-03   7.098554e-03   0.000000e+00
 0.000000e+00   0.000000e+00  -1.878947e-03   0.000000e+00   0.000000e+00  -1.914883e-03   1.825499e-01  -1.459525e-01   0.000000e+00
 0.000000e+00   0.000000e+00   2.845434e-03   0.000000e+00   0.000000e+00   7.098554e-03  -1.459525e-01   1.917015e-01   0.000000e+00
-4.449182e-04  -4.481280e-04   0.000000e+00  -2.533863e-03  -2.505251e-03   0.000000e+00   0.000000e+00   0.000000e+00   4.109243e-02

# timestamp: 1774889254.5390215
 1.041749e-03   1.689769e-04   0.000000e+00   5.679318e-04   3.270245e-04   0.000000e+00   0.000000e+00   0.000000e+00  -4.891598e-04
 1.689769e-04   1.036420e-03   0.000000e+00   3.259173e-04   5.589738e-04   0.000000e+00   0.000000e+00   0.000000e+00  -4.918497e-04
 0.000000e+00   0.000000e+00   1.271050e-03   0.000000e+00   0.000000e+00   1.003087e-03  -1.911227e-03   2.968165e-03   0.000000e+00
 5.679318e-04   3.259173e-04   0.000000e+00   1.146115e-03   7.418485e-04   0.000000e+00   0.000000e+00   0.000000e+00  -2.646757e-03
 3.270245e-04   5.589738e-04   0.000000e+00   7.418485e-04   1.127373e-03   0.000000e+00   0.000000e+00   0.000000e+00  -2.613296e-03
 0.000000e+00   0.000000e+00   1.003087e-03   0.000000e+00   0.000000e+00   2.083177e-03  -1.797246e-03   7.201753e-03   0.000000e+00
 0.000000e+00   0.000000e+00  -1.911227e-03   0.000000e+00   0.000000e+00  -1.797246e-03   1.842706e-01  -1.459525e-01   0.000000e+00
 0.000000e+00   0.000000e+00   2.968165e-03   0.000000e+00   0.000000e+00   7.201753e-03  -1.459525e-01   1.934222e-01   0.000000e+00
-4.891598e-04  -4.918497e-04   0.000000e+00  -2.646757e-03  -2.613296e-03   0.000000e+00   0.000000e+00   0.000000e+00   4.281312e-02

# timestamp: 1774889254.573857
 1.124778e-03   1.949890e-04   0.000000e+00   6.153553e-04   3.588185e-04   0.000000e+00   0.000000e+00   0.000000e+00  -5.934357e-04
 1.949890e-04   1.118737e-03   0.000000e+00   3.578630e-04   6.055289e-04   0.000000e+00   0.000000e+00   0.000000e+00  -5.946993e-04
 0.000000e+00   0.000000e+00   1.388637e-03   0.000000e+00   0.000000e+00   1.089535e-03  -1.975908e-03   3.245465e-03   0.000000e+00
 6.153553e-04   3.578630e-04   0.000000e+00   1.182770e-03   7.737609e-04   0.000000e+00   0.000000e+00   0.000000e+00  -2.914287e-03
 3.588185e-04   6.055289e-04   0.000000e+00   7.737609e-04   1.162174e-03   0.000000e+00   0.000000e+00   0.000000e+00  -2.869333e-03
 0.000000e+00   0.000000e+00   1.089535e-03   0.000000e+00   0.000000e+00   2.150205e-03  -1.519228e-03   7.447075e-03   0.000000e+00
 0.000000e+00   0.000000e+00  -1.975908e-03   0.000000e+00   0.000000e+00  -1.519228e-03   1.880757e-01  -1.459525e-01   0.000000e+00
 0.000000e+00   0.000000e+00   3.245465e-03   0.000000e+00   0.000000e+00   7.447075e-03  -1.459525e-01   1.972274e-01   0.000000e+00
-5.934357e-04  -5.946993e-04   0.000000e+00  -2.914287e-03  -2.869333e-03   0.000000e+00   0.000000e+00   0.000000e+00   4.661823e-02

# timestamp: 1774889254.8220098
 9.887789e-04   1.451461e-04   0.000000e+00   5.160574e-04   2.840702e-04   0.000000e+00   0.000000e+00   0.000000e+00  -4.925192e-04
 1.451461e-04   9.844613e-04   0.000000e+00   2.837105e-04   5.077392e-04   0.000000e+00   0.000000e+00   0.000000e+00  -4.850697e-04
 0.000000e+00   0.000000e+00   1.173047e-03   0.000000e+00   0.000000e+00   8.668452e-04  -1.459540e-03   2.528884e-03   0.000000e+00
 5.160574e-04   2.837105e-04   0.000000e+00   1.045653e-03   6.445273e-04   0.000000e+00   0.000000e+00   0.000000e+00  -2.397701e-03
 2.840702e-04   5.077392e-04   0.000000e+00   6.445273e-04   1.024570e-03   0.000000e+00   0.000000e+00   0.000000e+00  -2.338910e-03
 0.000000e+00   0.000000e+00   8.668452e-04   0.000000e+00   0.000000e+00   1.802808e-03  -1.114641e-03   6.020084e-03   0.000000e+00
 0.000000e+00   0.000000e+00  -1.459540e-03   0.000000e+00   0.000000e+00  -1.114641e-03   1.905913e-01  -1.571333e-01   0.000000e+00
 0.000000e+00   0.000000e+00   2.528884e-03   0.000000e+00   0.000000e+00   6.020084e-03  -1.571333e-01   2.067616e-01   0.000000e+00
-4.925192e-04  -4.850697e-04   0.000000e+00  -2.397701e-03  -2.338910e-03   0.000000e+00   0.000000e+00   0.000000e+00   4.132500e-02

# timestamp: 1774889254.8564937
 1.057734e-03   1.648488e-04   0.000000e+00   5.537244e-04   3.082866e-04   0.000000e+00   0.000000e+00   0.000000e+00  -5.748161e-04
 1.648488e-04   1.052838e-03   0.000000e+00   3.078948e-04   5.446494e-04   0.000000e+00   0.000000e+00   0.000000e+00  -5.654001e-04
 0.000000e+00   0.000000e+00   1.266299e-03   0.000000e+00   0.000000e+00   9.328612e-04  -1.494717e-03   2.732338e-03   0.000000e+00
 5.537244e-04   3.078948e-04   0.000000e+00   1.071671e-03   6.669099e-04   0.000000e+00   0.000000e+00   0.000000e+00  -2.595132e-03
 3.082866e-04   5.446494e-04   0.000000e+00   6.669099e-04   1.049985e-03   0.000000e+00   0.000000e+00   0.000000e+00  -2.535748e-03
 0.000000e+00   0.000000e+00   9.328612e-04   0.000000e+00   0.000000e+00   1.852350e-03  -9.508263e-04   6.252407e-03   0.000000e+00
 0.000000e+00   0.000000e+00  -1.494717e-03   0.000000e+00   0.000000e+00  -9.508263e-04   1.939242e-01  -1.571333e-01   0.000000e+00
 0.000000e+00   0.000000e+00   2.732338e-03   0.000000e+00   0.000000e+00   6.252407e-03  -1.571333e-01   2.100945e-01   0.000000e+00
-5.748161e-04  -5.654001e-04   0.000000e+00  -2.595132e-03  -2.535748e-03   0.000000e+00   0.000000e+00   0.000000e+00   4.465790e-02

# timestamp: 1774889254.9232638
 9.798871e-04   1.396716e-04   0.000000e+00   5.033106e-04   2.729759e-04   0.000000e+00   0.000000e+00   0.000000e+00  -4.843544e-04
 1.396716e-04   9.757519e-04   0.000000e+00   2.724993e-04   4.953354e-04   0.000000e+00   0.000000e+00   0.000000e+00  -4.756998e-04
 0.000000e+00   0.000000e+00   1.152700e-03   0.000000e+00   0.000000e+00   8.314337e-04  -1.326740e-03   2.345742e-03   0.000000e+00
 5.033106e-04   2.724993e-04   0.000000e+00   1.015398e-03   6.163945e-04   0.000000e+00   0.000000e+00   0.000000e+00  -2.313182e-03
 2.729759e-04   4.953354e-04   0.000000e+00   6.163945e-04   9.964757e-04   0.000000e+00   0.000000e+00   0.000000e+00  -2.272347e-03
 0.000000e+00   0.000000e+00   8.314337e-04   0.000000e+00   0.000000e+00   1.723179e-03  -8.858642e-04   5.579011e-03   0.000000e+00
 0.000000e+00   0.000000e+00  -1.326740e-03   0.000000e+00   0.000000e+00  -8.858642e-04   1.966671e-01  -1.614751e-01   0.000000e+00
 0.000000e+00   0.000000e+00   2.345742e-03   0.000000e+00   0.000000e+00   5.579011e-03  -1.614751e-01   2.084652e-01   0.000000e+00
-4.843544e-04  -4.756998e-04   0.000000e+00  -2.313182e-03  -2.272347e-03   0.000000e+00   0.000000e+00   0.000000e+00   4.097128e-02

# timestamp: 1774889255.1768253
 1.089244e-03   1.639794e-04   0.000000e+00   5.430972e-04   2.921809e-04   0.000000e+00   0.000000e+00   0.000000e+00  -5.446522e-04
 1.639794e-04   1.084708e-03   0.000000e+00   2.905359e-04   5.364996e-04   0.000000e+00   0.000000e+00   0.000000e+00  -5.371933e-04
 0.000000e+00   0.000000e+00   1.280993e-03   0.000000e+00   0.000000e+00   8.770074e-04  -1.124913e-03   2.179789e-03   0.000000e+00
 5.430972e-04   2.905359e-04   0.000000e+00   9.921243e-04   5.959021e-04   0.000000e+00   0.000000e+00   0.000000e+00  -2.389515e-03
 2.921809e-04   5.364996e-04   0.000000e+00   5.959021e-04   9.878467e-04   0.000000e+00   0.000000e+00   0.000000e+00  -2.459698e-03
 0.000000e+00   0.000000e+00   8.770074e-04   0.000000e+00   0.000000e+00   1.656738e-03  -3.332705e-04   5.143031e-03   0.000000e+00
 0.000000e+00   0.000000e+00  -1.124913e-03   0.000000e+00   0.000000e+00  -3.332705e-04   2.180365e-01  -1.686671e-01   0.000000e+00
 0.000000e+00   0.000000e+00   2.179789e-03   0.000000e+00   0.000000e+00   5.143031e-03  -1.686671e-01   2.129281e-01   0.000000e+00
-5.446522e-04  -5.371933e-04   0.000000e+00  -2.389515e-03  -2.459698e-03   0.000000e+00   0.000000e+00   0.000000e+00   4.676357e-02

# timestamp: 1774889255.2191615
 9.670647e-04   1.283793e-04   0.000000e+00   4.720776e-04   2.450661e-04   0.000000e+00   0.000000e+00   0.000000e+00  -3.613281e-04
 1.283793e-04   9.636331e-04   0.000000e+00   2.434018e-04   4.666119e-04   0.000000e+00   0.000000e+00   0.000000e+00  -3.469078e-04
 0.000000e+00   0.000000e+00   1.113875e-03   0.000000e+00   0.000000e+00   7.456592e-04  -9.622596e-04   1.601087e-03   0.000000e+00
 4.720776e-04   2.434018e-04   0.000000e+00   9.260540e-04   5.376281e-04   0.000000e+00   0.000000e+00   0.000000e+00  -1.970097e-03
 2.450661e-04   4.666119e-04   0.000000e+00   5.376281e-04   9.244314e-04   0.000000e+00   0.000000e+00   0.000000e+00  -2.049223e-03
 0.000000e+00   0.000000e+00   7.456592e-04   0.000000e+00   0.000000e+00   1.514700e-03  -2.462404e-04   4.155224e-03   0.000000e+00
 0.000000e+00   0.000000e+00  -9.622596e-04   0.000000e+00   0.000000e+00  -2.462404e-04   2.216931e-01  -1.712030e-01   0.000000e+00
 0.000000e+00   0.000000e+00   1.601087e-03   0.000000e+00   0.000000e+00   4.155224e-03  -1.712030e-01   2.027575e-01   0.000000e+00
-3.613281e-04  -3.469078e-04   0.000000e+00  -1.970097e-03  -2.049223e-03   0.000000e+00   0.000000e+00   0.000000e+00   4.070268e-02

# timestamp: 1774889255.2533076
 1.024949e-03   1.431987e-04   0.000000e+00   5.006979e-04   2.624611e-04   0.000000e+00   0.000000e+00   0.000000e+00  -4.200050e-04
 1.431987e-04   1.021198e-03   0.000000e+00   2.605219e-04   4.953915e-04   0.000000e+00   0.000000e+00   0.000000e+00  -4.080619e-04
 0.000000e+00   0.000000e+00   1.188353e-03   0.000000e+00   0.000000e+00   7.936705e-04  -9.690653e-04   1.724464e-03   0.000000e+00
 5.006979e-04   2.605219e-04   0.000000e+00   9.419000e-04   5.520059e-04   0.000000e+00   0.000000e+00   0.000000e+00  -2.106342e-03
 2.624611e-04   4.953915e-04   0.000000e+00   5.520059e-04   9.433174e-04   0.000000e+00   0.000000e+00   0.000000e+00  -2.210317e-03
 0.000000e+00   0.000000e+00   7.936705e-04   0.000000e+00   0.000000e+00   1.548258e-03  -1.778978e-04   4.380961e-03   0.000000e+00
 0.000000e+00   0.000000e+00  -9.690653e-04   0.000000e+00   0.000000e+00  -1.778978e-04   2.246285e-01  -1.712030e-01   0.000000e+00
 0.000000e+00   0.000000e+00   1.724464e-03   0.000000e+00   0.000000e+00   4.380961e-03  -1.712030e-01   2.056929e-01   0.000000e+00
-4.200050e-04  -4.080619e-04   0.000000e+00  -2.106342e-03  -2.210317e-03   0.000000e+00   0.000000e+00   0.000000e+00   4.363804e-02

# timestamp: 1774889255.4969325
 9.961926e-04   1.417090e-04   0.000000e+00   4.870499e-04   2.619169e-04   0.000000e+00   0.000000e+00   0.000000e+00  -8.504612e-04
 1.417090e-04   9.997407e-04   0.000000e+00   2.630255e-04   4.975152e-04   0.000000e+00   0.000000e+00   0.000000e+00  -9.842443e-04
 0.000000e+00   0.000000e+00   1.157609e-03   0.000000e+00   0.000000e+00   7.796032e-04  -4.964554e-04   2.167267e-03   0.000000e+00
 4.870499e-04   2.630255e-04   0.000000e+00   8.950717e-04   5.213831e-04   0.000000e+00   0.000000e+00   0.000000e+00  -2.179324e-03
 2.619169e-04   4.975152e-04   0.000000e+00   5.213831e-04   9.246404e-04   0.000000e+00   0.000000e+00   0.000000e+00  -2.438840e-03
 0.000000e+00   0.000000e+00   7.796032e-04   0.000000e+00   0.000000e+00   1.466561e-03   4.952919e-04   3.930593e-03   0.000000e+00
 0.000000e+00   0.000000e+00  -4.964554e-04   0.000000e+00   0.000000e+00   4.952919e-04   2.471264e-01  -1.757130e-01   0.000000e+00
 0.000000e+00   0.000000e+00   2.167267e-03   0.000000e+00   0.000000e+00   3.930593e-03  -1.757130e-01   1.950148e-01   0.000000e+00
-8.504612e-04  -9.842443e-04   0.000000e+00  -2.179324e-03  -2.438840e-03   0.000000e+00   0.000000e+00   0.000000e+00   4.332512e-02

# timestamp: 1774889255.512612
 9.366674e-04   1.134547e-04   0.000000e+00   4.341635e-04   2.149169e-04   0.000000e+00   0.000000e+00   0.000000e+00  -2.935246e-04
 1.134547e-04   9.351010e-04   0.000000e+00   2.131440e-04   4.346653e-04   0.000000e+00   0.000000e+00   0.000000e+00  -2.997472e-04
 0.000000e+00   0.000000e+00   1.060208e-03   0.000000e+00   0.000000e+00   6.644779e-04  -5.733095e-04   1.036059e-03   0.000000e+00
 4.341635e-04   2.131440e-04   0.000000e+00   8.405673e-04   4.661508e-04   0.000000e+00   0.000000e+00   0.000000e+00  -1.673906e-03
 2.149169e-04   4.346653e-04   0.000000e+00   4.661508e-04   8.633258e-04   0.000000e+00   0.000000e+00   0.000000e+00  -1.889869e-03
 0.000000e+00   0.000000e+00   6.644779e-04   0.000000e+00   0.000000e+00   1.343024e-03   4.935299e-04   2.901713e-03   0.000000e+00
 0.000000e+00   0.000000e+00  -5.733095e-04   0.000000e+00   0.000000e+00   4.935299e-04   2.496434e-01  -1.763901e-01   0.000000e+00
 0.000000e+00   0.000000e+00   1.036059e-03   0.000000e+00   0.000000e+00   2.901713e-03  -1.763901e-01   1.883169e-01   0.000000e+00
-2.935246e-04  -2.997472e-04   0.000000e+00  -1.673906e-03  -1.889869e-03   0.000000e+00   0.000000e+00   0.000000e+00   3.985684e-02

# timestamp: 1774889255.5336092
 9.740768e-04   1.221407e-04   0.000000e+00   4.515088e-04   2.249564e-04   0.000000e+00   0.000000e+00   0.000000e+00  -3.272466e-04
 1.221407e-04   9.725415e-04   0.000000e+00   2.230593e-04   4.526420e-04   0.000000e+00   0.000000e+00   0.000000e+00  -3.378746e-04
 0.000000e+00   0.000000e+00   1.106966e-03   0.000000e+00   0.000000e+00   6.926997e-04  -5.631113e-04   1.094352e-03   0.000000e+00
 4.515088e-04   2.230593e-04   0.000000e+00   8.490442e-04   4.738377e-04   0.000000e+00   0.000000e+00   0.000000e+00  -1.751965e-03
 2.249564e-04   4.526420e-04   0.000000e+00   4.738377e-04   8.743927e-04   0.000000e+00   0.000000e+00   0.000000e+00  -1.986381e-03
 0.000000e+00   0.000000e+00   6.926997e-04   0.000000e+00   0.000000e+00   1.360854e-03   5.558525e-04   3.011808e-03   0.000000e+00
 0.000000e+00   0.000000e+00  -5.631113e-04   0.000000e+00   0.000000e+00   5.558525e-04   2.516275e-01  -1.763901e-01   0.000000e+00
 0.000000e+00   0.000000e+00   1.094352e-03   0.000000e+00   0.000000e+00   3.011808e-03  -1.763901e-01   1.903010e-01   0.000000e+00
-3.272466e-04  -3.378746e-04   0.000000e+00  -1.751965e-03  -1.986381e-03   0.000000e+00   0.000000e+00   0.000000e+00   4.184096e-02

# timestamp: 1774889255.5655713
 1.040917e-03   1.382332e-04   0.000000e+00   4.822980e-04   2.430127e-04   0.000000e+00   0.000000e+00   0.000000e+00  -3.896433e-04
 1.382332e-04   1.039500e-03   0.000000e+00   2.408822e-04   4.847197e-04   0.000000e+00   0.000000e+00   0.000000e+00  -4.088077e-04
 0.000000e+00   0.000000e+00   1.191142e-03   0.000000e+00   0.000000e+00   7.431158e-04  -5.424167e-04   1.201039e-03   0.000000e+00
 4.822980e-04   2.408822e-04   0.000000e+00   8.645485e-04   4.881391e-04   0.000000e+00   0.000000e+00   0.000000e+00  -1.897356e-03
 2.430127e-04   4.847197e-04   0.000000e+00   4.881391e-04   8.947981e-04   0.000000e+00   0.000000e+00   0.000000e+00  -2.166142e-03
 0.000000e+00   0.000000e+00   7.431158e-04   0.000000e+00   0.000000e+00   1.393786e-03   6.738233e-04   3.215236e-03   0.000000e+00
 0.000000e+00   0.000000e+00  -5.424167e-04   0.000000e+00   0.000000e+00   6.738233e-04   2.550847e-01  -1.763901e-01   0.000000e+00
 0.000000e+00   0.000000e+00   1.201039e-03   0.000000e+00   0.000000e+00   3.215236e-03  -1.763901e-01   1.937582e-01   0.000000e+00
-3.896433e-04  -4.088077e-04   0.000000e+00  -1.897356e-03  -2.166142e-03   0.000000e+00   0.000000e+00   0.000000e+00   4.529815e-02

# timestamp: 1774889255.8357768
 9.758373e-04   1.145484e-04   0.000000e+00   4.308704e-04   2.057115e-04   0.000000e+00   0.000000e+00   0.000000e+00  -3.469917e-04
 1.145484e-04   9.772715e-04   0.000000e+00   2.041774e-04   4.402629e-04   0.000000e+00   0.000000e+00   0.000000e+00  -3.930145e-04
 0.000000e+00   0.000000e+00   1.097357e-03   0.000000e+00   0.000000e+00   6.486922e-04  -6.025739e-05   7.085997e-04   0.000000e+00
 4.308704e-04   2.041774e-04   0.000000e+00   7.835521e-04   4.184811e-04   0.000000e+00   0.000000e+00   0.000000e+00  -1.616966e-03
 2.057115e-04   4.402629e-04   0.000000e+00   4.184811e-04   8.305883e-04   0.000000e+00   0.000000e+00   0.000000e+00  -1.938775e-03
 0.000000e+00   0.000000e+00   6.486922e-04   0.000000e+00   0.000000e+00   1.239559e-03   1.698428e-03   1.894259e-03   0.000000e+00
 0.000000e+00   0.000000e+00  -6.025739e-05   0.000000e+00   0.000000e+00   1.698428e-03   2.815436e-01  -1.804435e-01   0.000000e+00
 0.000000e+00   0.000000e+00   7.085997e-04   0.000000e+00   0.000000e+00   1.894259e-03  -1.804435e-01   1.796515e-01   0.000000e+00
-3.469917e-04  -3.930145e-04   0.000000e+00  -1.616966e-03  -1.938775e-03   0.000000e+00   0.000000e+00   0.000000e+00   4.301502e-02

# timestamp: 1774889255.8548527
 1.001683e-03   1.202885e-04   0.000000e+00   4.421424e-04   2.120504e-04   0.000000e+00   0.000000e+00   0.000000e+00  -3.694835e-04
 1.202885e-04   1.003387e-03   0.000000e+00   2.104583e-04   4.523816e-04   0.000000e+00   0.000000e+00   0.000000e+00  -4.199951e-04
 0.000000e+00   0.000000e+00   1.129306e-03   0.000000e+00   0.000000e+00   6.668919e-04  -3.660383e-05   7.349381e-04   0.000000e+00
 4.421424e-04   2.104583e-04   0.000000e+00   7.888227e-04   4.232864e-04   0.000000e+00   0.000000e+00   0.000000e+00  -1.669127e-03
 2.120504e-04   4.523816e-04   0.000000e+00   4.232864e-04   8.378988e-04   0.000000e+00   0.000000e+00   0.000000e+00  -2.005026e-03
 0.000000e+00   0.000000e+00   6.668919e-04   0.000000e+00   0.000000e+00   1.250820e-03   1.761651e-03   1.952343e-03   0.000000e+00
 0.000000e+00   0.000000e+00  -3.660383e-05   0.000000e+00   0.000000e+00   1.761651e-03   2.829237e-01  -1.804435e-01   0.000000e+00
 0.000000e+00   0.000000e+00   7.349381e-04   0.000000e+00   0.000000e+00   1.952343e-03  -1.804435e-01   1.810316e-01   0.000000e+00
-3.694835e-04  -4.199951e-04   0.000000e+00  -1.669127e-03  -2.005026e-03   0.000000e+00   0.000000e+00   0.000000e+00   4.439510e-02

# timestamp: 1774889255.8908527
 1.003665e-03   1.326921e-04   0.000000e+00   4.562154e-04   2.331794e-04   0.000000e+00   0.000000e+00   0.000000e+00  -8.177719e-04
 1.326921e-04   1.015477e-03   0.000000e+00   2.358819e-04   4.831138e-04   0.000000e+00   0.000000e+00   0.000000e+00  -1.062861e-03
 0.000000e+00   0.000000e+00   1.151095e-03   0.000000e+00   0.000000e+00   7.140644e-04   9.545404e-05   1.621614e-03   0.000000e+00
 4.562154e-04   2.358819e-04   0.000000e+00   8.005934e-04   4.419782e-04   0.000000e+00   0.000000e+00   0.000000e+00  -1.949526e-03
 2.331794e-04   4.831138e-04   0.000000e+00   4.419782e-04   8.635363e-04   0.000000e+00   0.000000e+00   0.000000e+00  -2.355477e-03
 0.000000e+00   0.000000e+00   7.140644e-04   0.000000e+00   0.000000e+00   1.289908e-03   2.015701e-03   2.342141e-03   0.000000e+00
 0.000000e+00   0.000000e+00   9.545404e-05   0.000000e+00   0.000000e+00   2.015701e-03   2.878997e-01  -1.807614e-01   0.000000e+00
 0.000000e+00   0.000000e+00   1.621614e-03   0.000000e+00   0.000000e+00   2.342141e-03  -1.807614e-01   1.797353e-01   0.000000e+00
-8.177719e-04  -1.062861e-03   0.000000e+00  -1.949526e-03  -2.355477e-03   0.000000e+00   0.000000e+00   0.000000e+00   4.502599e-02

# timestamp: 1774889256.2050633
 1.066606e-03   1.254636e-04   0.000000e+00   4.471144e-04   2.062778e-04   0.000000e+00   0.000000e+00   0.000000e+00  -3.992164e-04
 1.254636e-04   1.074178e-03   0.000000e+00   2.053884e-04   4.696639e-04   0.000000e+00   0.000000e+00   0.000000e+00  -4.908996e-04
 0.000000e+00   0.000000e+00   1.200529e-03   0.000000e+00   0.000000e+00   6.716413e-04   5.387258e-04   3.987171e-04   0.000000e+00
 4.471144e-04   2.053884e-04   0.000000e+00   7.416424e-04   3.832153e-04   0.000000e+00   0.000000e+00   0.000000e+00  -1.648149e-03
 2.062778e-04   4.696639e-04   0.000000e+00   3.832153e-04   8.147475e-04   0.000000e+00   0.000000e+00   0.000000e+00  -2.093647e-03
 0.000000e+00   0.000000e+00   6.716413e-04   0.000000e+00   0.000000e+00   1.180555e-03   3.084276e-03   1.108956e-03   0.000000e+00
 0.000000e+00   0.000000e+00   5.387258e-04   0.000000e+00   0.000000e+00   3.084276e-03   3.165498e-01  -1.854131e-01   0.000000e+00
 0.000000e+00   0.000000e+00   3.987171e-04   0.000000e+00   0.000000e+00   1.108956e-03  -1.854131e-01   1.770823e-01   0.000000e+00
-3.992164e-04  -4.908996e-04   0.000000e+00  -1.648149e-03  -2.093647e-03   0.000000e+00   0.000000e+00   0.000000e+00   4.866154e-02

# timestamp: 1774889256.5929708
 9.532168e-04   1.013457e-04   0.000000e+00   3.861211e-04   1.748781e-04   0.000000e+00   0.000000e+00   0.000000e+00  -7.042340e-04
 1.013457e-04   9.700874e-04   0.000000e+00   1.741222e-04   4.239945e-04   0.000000e+00   0.000000e+00   0.000000e+00  -8.785541e-04
 0.000000e+00   0.000000e+00   1.067431e-03   0.000000e+00   0.000000e+00   5.882048e-04   1.354452e-03   4.137540e-04   0.000000e+00
 3.861211e-04   1.741222e-04   0.000000e+00   6.630799e-04   3.175544e-04   0.000000e+00   0.000000e+00   0.000000e+00  -1.480250e-03
 1.748781e-04   4.239945e-04   0.000000e+00   3.175544e-04   7.507500e-04   0.000000e+00   0.000000e+00   0.000000e+00  -1.925787e-03
 0.000000e+00   0.000000e+00   5.882048e-04   0.000000e+00   0.000000e+00   1.042875e-03   3.066983e-03   7.902273e-04   0.000000e+00
 0.000000e+00   0.000000e+00   1.354452e-03   0.000000e+00   0.000000e+00   3.066983e-03   3.302845e-01  -2.065630e-01   0.000000e+00
 0.000000e+00   0.000000e+00   4.137540e-04   0.000000e+00   0.000000e+00   7.902273e-04  -2.065630e-01   1.931215e-01   0.000000e+00
-7.042340e-04  -8.785541e-04   0.000000e+00  -1.480250e-03  -1.925787e-03   0.000000e+00   0.000000e+00   0.000000e+00   4.400949e-02

# timestamp: 1774889256.6497955
 9.497886e-04   8.878758e-05   0.000000e+00   3.680609e-04   1.502476e-04   0.000000e+00   0.000000e+00   0.000000e+00  -2.002744e-04
 8.878758e-05   9.623512e-04   0.000000e+00   1.515693e-04   3.978926e-04   0.000000e+00   0.000000e+00   0.000000e+00  -2.971671e-04
 0.000000e+00   0.000000e+00   1.047466e-03   0.000000e+00   0.000000e+00   5.387704e-04   3.518581e-04   1.859776e-04   0.000000e+00
 3.680609e-04   1.515693e-04   0.000000e+00   6.408878e-04   2.917514e-04   0.000000e+00   0.000000e+00   0.000000e+00  -1.185492e-03
 1.502476e-04   3.978926e-04   0.000000e+00   2.917514e-04   7.217202e-04   0.000000e+00   0.000000e+00   0.000000e+00  -1.591833e-03
 0.000000e+00   0.000000e+00   5.387704e-04   0.000000e+00   0.000000e+00   9.863670e-04   2.308011e-03   7.684519e-04   0.000000e+00
 0.000000e+00   0.000000e+00   3.518581e-04   0.000000e+00   0.000000e+00   2.308011e-03   3.259087e-01  -2.088476e-01   0.000000e+00
 0.000000e+00   0.000000e+00   1.859776e-04   0.000000e+00   0.000000e+00   7.684519e-04  -2.088476e-01   1.979743e-01   0.000000e+00
-2.002744e-04  -2.971671e-04   0.000000e+00  -1.185492e-03  -1.591833e-03   0.000000e+00   0.000000e+00   0.000000e+00   4.345917e-02

# timestamp: 1774889256.663287
 9.733000e-04   9.290915e-05   0.000000e+00   3.768960e-04   1.544294e-04   0.000000e+00   0.000000e+00   0.000000e+00  -2.163717e-04
 9.290915e-05   9.866825e-04   0.000000e+00   1.557735e-04   4.079997e-04   0.000000e+00   0.000000e+00   0.000000e+00  -3.187829e-04
 0.000000e+00   0.000000e+00   1.075643e-03   0.000000e+00   0.000000e+00   5.526305e-04   3.830824e-04   1.964979e-04   0.000000e+00
 3.768960e-04   1.557735e-04   0.000000e+00   6.442637e-04   2.944828e-04   0.000000e+00   0.000000e+00   0.000000e+00  -1.222953e-03
 1.544294e-04   4.079997e-04   0.000000e+00   2.944828e-04   7.267454e-04   0.000000e+00   0.000000e+00   0.000000e+00  -1.642410e-03
 0.000000e+00   0.000000e+00   5.526305e-04   0.000000e+00   0.000000e+00   9.934391e-04   2.345877e-03   8.188321e-04   0.000000e+00
 0.000000e+00   0.000000e+00   3.830824e-04   0.000000e+00   0.000000e+00   2.345877e-03   3.272561e-01  -2.088476e-01   0.000000e+00
 0.000000e+00   0.000000e+00   1.964979e-04   0.000000e+00   0.000000e+00   8.188321e-04  -2.088476e-01   1.993217e-01   0.000000e+00
-2.163717e-04  -3.187829e-04   0.000000e+00  -1.222953e-03  -1.642410e-03   0.000000e+00   0.000000e+00   0.000000e+00   4.480664e-02

# timestamp: 1774889256.6858456
 8.392222e-04   6.858354e-05   0.000000e+00   3.220633e-04   1.268898e-04   0.000000e+00   0.000000e+00   0.000000e+00  -1.566858e-04
 6.858354e-05   8.491939e-04   0.000000e+00   1.280179e-04   3.477267e-04   0.000000e+00   0.000000e+00   0.000000e+00  -2.310555e-04
 0.000000e+00   0.000000e+00   9.147275e-04   0.000000e+00   0.000000e+00   4.662231e-04   2.652529e-04   1.491980e-04   0.000000e+00
 3.220633e-04   1.280179e-04   0.000000e+00   6.134686e-04   2.682988e-04   0.000000e+00   0.000000e+00   0.000000e+00  -9.987277e-04
 1.268898e-04   3.477267e-04   0.000000e+00   2.682988e-04   6.885087e-04   0.000000e+00   0.000000e+00   0.000000e+00  -1.343077e-03
 0.000000e+00   0.000000e+00   4.662231e-04   0.000000e+00   0.000000e+00   9.299670e-04   1.832058e-03   7.143645e-04   0.000000e+00
 0.000000e+00   0.000000e+00   2.652529e-04   0.000000e+00   0.000000e+00   1.832058e-03   3.157414e-01  -2.127782e-01   0.000000e+00
 0.000000e+00   0.000000e+00   1.491980e-04   0.000000e+00   0.000000e+00   7.143645e-04  -2.127782e-01   2.000360e-01   0.000000e+00
-1.566858e-04  -2.310555e-04   0.000000e+00  -9.987277e-04  -1.343077e-03   0.000000e+00   0.000000e+00   0.000000e+00   3.731871e-02

# timestamp: 1774889256.9196389
 8.944814e-04   7.315321e-05   0.000000e+00   3.335817e-04   1.268711e-04   0.000000e+00   0.000000e+00   0.000000e+00  -1.638974e-04
 7.315321e-05   9.081886e-04   0.000000e+00   1.284485e-04   3.649355e-04   0.000000e+00   0.000000e+00   0.000000e+00  -2.616892e-04
 0.000000e+00   0.000000e+00   9.765214e-04   0.000000e+00   0.000000e+00   4.807516e-04   9.254307e-05   3.244248e-04   0.000000e+00
 3.335817e-04   1.284485e-04   0.000000e+00   5.977140e-04   2.511028e-04   0.000000e+00   0.000000e+00   0.000000e+00  -1.013670e-03
 1.268711e-04   3.649355e-04   0.000000e+00   2.511028e-04   6.773730e-04   0.000000e+00   0.000000e+00   0.000000e+00  -1.371203e-03
 0.000000e+00   0.000000e+00   4.807516e-04   0.000000e+00   0.000000e+00   8.971479e-04   9.302884e-04   1.454592e-03   0.000000e+00
 0.000000e+00   0.000000e+00   9.254307e-05   0.000000e+00   0.000000e+00   9.302884e-04   3.036925e-01  -2.184521e-01   0.000000e+00
 0.000000e+00   0.000000e+00   3.244248e-04   0.000000e+00   0.000000e+00   1.454592e-03  -2.184521e-01   2.225425e-01   0.000000e+00
-1.638974e-04  -2.616892e-04   0.000000e+00  -1.013670e-03  -1.371203e-03   0.000000e+00   0.000000e+00   0.000000e+00   4.081776e-02

# timestamp: 1774889256.9440422
 9.369885e-04   7.976818e-05   0.000000e+00   3.490169e-04   1.335949e-04   0.000000e+00   0.000000e+00   0.000000e+00  -1.898114e-04
 7.976818e-05   9.523339e-04   0.000000e+00   1.352324e-04   3.826925e-04   0.000000e+00   0.000000e+00   0.000000e+00  -2.967410e-04
 0.000000e+00   0.000000e+00   1.026662e-03   0.000000e+00   0.000000e+00   5.043636e-04   1.161309e-04   3.617677e-04   0.000000e+00
 3.490169e-04   1.352324e-04   0.000000e+00   6.032677e-04   2.551854e-04   0.000000e+00   0.000000e+00   0.000000e+00  -1.075763e-03
 1.335949e-04   3.826925e-04   0.000000e+00   2.551854e-04   6.854055e-04   0.000000e+00   0.000000e+00   0.000000e+00  -1.454707e-03
 0.000000e+00   0.000000e+00   5.043636e-04   0.000000e+00   0.000000e+00   9.082992e-04   9.476021e-04   1.575674e-03   0.000000e+00
 0.000000e+00   0.000000e+00   1.161309e-04   0.000000e+00   0.000000e+00   9.476021e-04   3.062191e-01  -2.184521e-01   0.000000e+00
 0.000000e+00   0.000000e+00   3.617677e-04   0.000000e+00   0.000000e+00   1.575674e-03  -2.184521e-01   2.250691e-01   0.000000e+00
-1.898114e-04  -2.967410e-04   0.000000e+00  -1.075763e-03  -1.454707e-03   0.000000e+00   0.000000e+00   0.000000e+00   4.334430e-02

# timestamp: 1774889256.9603443
 9.719216e-04   8.536951e-05   0.000000e+00   3.616218e-04   1.391520e-04   0.000000e+00   0.000000e+00   0.000000e+00  -2.121312e-04
 8.536951e-05   9.886802e-04   0.000000e+00   1.408382e-04   3.972483e-04   0.000000e+00   0.000000e+00   0.000000e+00  -3.269205e-04
 0.000000e+00   0.000000e+00   1.068075e-03   0.000000e+00   0.000000e+00   5.237456e-04   1.355884e-04   3.946231e-04   0.000000e+00
 3.616218e-04   1.408382e-04   0.000000e+00   6.078907e-04   2.586653e-04   0.000000e+00   0.000000e+00   0.000000e+00  -1.128126e-03
 1.391520e-04   3.972483e-04   0.000000e+00   2.586653e-04   6.921403e-04   0.000000e+00   0.000000e+00   0.000000e+00  -1.525126e-03
 0.000000e+00   0.000000e+00   5.237456e-04   0.000000e+00   0.000000e+00   9.177010e-04   9.637704e-04   1.676469e-03   0.000000e+00
 0.000000e+00   0.000000e+00   1.355884e-04   0.000000e+00   0.000000e+00   9.637704e-04   3.082613e-01  -2.184521e-01   0.000000e+00
 0.000000e+00   0.000000e+00   3.946231e-04   0.000000e+00   0.000000e+00   1.676469e-03  -2.184521e-01   2.271113e-01   0.000000e+00
-2.121312e-04  -3.269205e-04   0.000000e+00  -1.128126e-03  -1.525126e-03   0.000000e+00   0.000000e+00   0.000000e+00   4.538653e-02

# timestamp: 1774889256.9995039
 9.062209e-04   7.288341e-05   0.000000e+00   3.339369e-04   1.246999e-04   0.000000e+00   0.000000e+00   0.000000e+00  -1.912471e-04
 7.288341e-05   9.212120e-04   0.000000e+00   1.261230e-04   3.669072e-04   0.000000e+00   0.000000e+00   0.000000e+00  -2.869154e-04
 0.000000e+00   0.000000e+00   9.886913e-04   0.000000e+00   0.000000e+00   4.799903e-04   5.183060e-05   4.118256e-04   0.000000e+00
 3.339369e-04   1.261230e-04   0.000000e+00   5.889472e-04   2.419177e-04   0.000000e+00   0.000000e+00   0.000000e+00  -1.013300e-03
 1.246999e-04   3.669072e-04   0.000000e+00   2.419177e-04   6.695110e-04   0.000000e+00   0.000000e+00   0.000000e+00  -1.372171e-03
 0.000000e+00   0.000000e+00   4.799903e-04   0.000000e+00   0.000000e+00   8.809880e-04   4.264304e-04   1.895555e-03   0.000000e+00
 0.000000e+00   0.000000e+00   5.183060e-05   0.000000e+00   0.000000e+00   4.264304e-04   2.967284e-01  -2.205515e-01   0.000000e+00
 0.000000e+00   0.000000e+00   4.118256e-04   0.000000e+00   0.000000e+00   1.895555e-03  -2.205515e-01   2.328712e-01   0.000000e+00
-1.912471e-04  -2.869154e-04   0.000000e+00  -1.013300e-03  -1.372171e-03   0.000000e+00   0.000000e+00   0.000000e+00   4.183086e-02

# timestamp: 1774889257.2640145
 9.682662e-04   7.781305e-05   0.000000e+00   3.478185e-04   1.254683e-04   0.000000e+00   0.000000e+00   0.000000e+00  -2.283959e-04
 7.781305e-05   9.871257e-04   0.000000e+00   1.264091e-04   3.851528e-04   0.000000e+00   0.000000e+00   0.000000e+00  -3.200111e-04
 0.000000e+00   0.000000e+00   1.058211e-03   0.000000e+00   0.000000e+00   4.988825e-04  -1.206303e-04   6.509583e-04   0.000000e+00
 3.478185e-04   1.264091e-04   0.000000e+00   5.772687e-04   2.274053e-04   0.000000e+00   0.000000e+00   0.000000e+00  -1.046597e-03
 1.254683e-04   3.851528e-04   0.000000e+00   2.274053e-04   6.601794e-04   0.000000e+00   0.000000e+00   0.000000e+00  -1.415862e-03
 0.000000e+00   0.000000e+00   4.988825e-04   0.000000e+00   0.000000e+00   8.663504e-04  -6.362831e-04   3.002125e-03   0.000000e+00
 0.000000e+00   0.000000e+00  -1.206303e-04   0.000000e+00   0.000000e+00  -6.362831e-04   2.865097e-01  -2.246170e-01   0.000000e+00
 0.000000e+00   0.000000e+00   6.509583e-04   0.000000e+00   0.000000e+00   3.002125e-03  -2.246170e-01   2.556940e-01   0.000000e+00
-2.283959e-04  -3.200111e-04   0.000000e+00  -1.046597e-03  -1.415862e-03   0.000000e+00   0.000000e+00   0.000000e+00   4.584303e-02

# timestamp: 1774889257.2922988
 8.665847e-04   6.148029e-05   0.000000e+00   3.088325e-04   1.073643e-04   0.000000e+00   0.000000e+00   0.000000e+00  -1.792169e-04
 6.148029e-05   8.817972e-04   0.000000e+00   1.082145e-04   3.412323e-04   0.000000e+00   0.000000e+00   0.000000e+00  -2.509253e-04
 0.000000e+00   0.000000e+00   9.380094e-04   0.000000e+00   0.000000e+00   4.393317e-04  -2.056754e-04   6.238896e-04   0.000000e+00
 3.088325e-04   1.082145e-04   0.000000e+00   5.563656e-04   2.100272e-04   0.000000e+00   0.000000e+00   0.000000e+00  -8.907871e-04
 1.073643e-04   3.412323e-04   0.000000e+00   2.100272e-04   6.333331e-04   0.000000e+00   0.000000e+00   0.000000e+00  -1.202150e-03
 0.000000e+00   0.000000e+00   4.393317e-04   0.000000e+00   0.000000e+00   8.281340e-04  -1.034292e-03   3.060457e-03   0.000000e+00
 0.000000e+00   0.000000e+00  -2.056754e-04   0.000000e+00   0.000000e+00  -1.034292e-03   2.775100e-01  -2.277826e-01   0.000000e+00
 0.000000e+00   0.000000e+00   6.238896e-04   0.000000e+00   0.000000e+00   3.060457e-03  -2.277826e-01   2.585664e-01   0.000000e+00
-1.792169e-04  -2.509253e-04   0.000000e+00  -8.907871e-04  -1.202150e-03   0.000000e+00   0.000000e+00   0.000000e+00   3.996472e-02

# timestamp: 1774889257.3127654
 8.971794e-04   6.560836e-05   0.000000e+00   3.195083e-04   1.115664e-04   0.000000e+00   0.000000e+00   0.000000e+00  -1.962056e-04
 6.560836e-05   9.136386e-04   0.000000e+00   1.124369e-04   3.535121e-04   0.000000e+00   0.000000e+00   0.000000e+00  -2.738367e-04
 0.000000e+00   0.000000e+00   9.736098e-04   0.000000e+00   0.000000e+00   4.555754e-04  -2.252020e-04   6.820489e-04   0.000000e+00
 3.195083e-04   1.124369e-04   0.000000e+00   5.600344e-04   2.123864e-04   0.000000e+00   0.000000e+00   0.000000e+00  -9.312808e-04
 1.115664e-04   3.535121e-04   0.000000e+00   2.123864e-04   6.383202e-04   0.000000e+00   0.000000e+00   0.000000e+00  -1.254311e-03
 0.000000e+00   0.000000e+00   4.555754e-04   0.000000e+00   0.000000e+00   8.358447e-04  -1.048681e-03   3.165472e-03   0.000000e+00
 0.000000e+00   0.000000e+00  -2.252020e-04   0.000000e+00   0.000000e+00  -1.048681e-03   2.793890e-01  -2.277826e-01   0.000000e+00
 0.000000e+00   0.000000e+00   6.820489e-04   0.000000e+00   0.000000e+00   3.165472e-03  -2.277826e-01   2.604454e-01   0.000000e+00
-1.962056e-04  -2.738367e-04   0.000000e+00  -9.312808e-04  -1.254311e-03   0.000000e+00   0.000000e+00   0.000000e+00   4.184369e-02

# timestamp: 1774889257.3276188
 9.185323e-04   6.855057e-05   0.000000e+00   3.269277e-04   1.145057e-04   0.000000e+00   0.000000e+00   0.000000e+00  -2.083772e-04
 6.855057e-05   9.358874e-04   0.000000e+00   1.153910e-04   3.620606e-04   0.000000e+00   0.000000e+00   0.000000e+00  -2.902248e-04
 0.000000e+00   0.000000e+00   9.985407e-04   0.000000e+00   0.000000e+00   4.669053e-04  -2.388325e-04   7.233424e-04   0.000000e+00
 3.269277e-04   1.153910e-04   0.000000e+00   5.626140e-04   2.140757e-04   0.000000e+00   0.000000e+00   0.000000e+00  -9.603161e-04
 1.145057e-04   3.620606e-04   0.000000e+00   2.140757e-04   6.418410e-04   0.000000e+00   0.000000e+00   0.000000e+00  -1.291711e-03
 0.000000e+00   0.000000e+00   4.669053e-04   0.000000e+00   0.000000e+00   8.413078e-04  -1.057528e-03   3.239356e-03   0.000000e+00
 0.000000e+00   0.000000e+00  -2.388325e-04   0.000000e+00   0.000000e+00  -1.057528e-03   2.806860e-01  -2.277826e-01   0.000000e+00
 0.000000e+00   0.000000e+00   7.233424e-04   0.000000e+00   0.000000e+00   3.239356e-03  -2.277826e-01   2.617424e-01   0.000000e+00
-2.083772e-04  -2.902248e-04   0.000000e+00  -9.603161e-04  -1.291711e-03   0.000000e+00   0.000000e+00   0.000000e+00   4.314067e-02

# timestamp: 1774889257.3500886
 9.422648e-04   7.187861e-05   0.000000e+00   3.351455e-04   1.177797e-04   0.000000e+00   0.000000e+00   0.000000e+00  -2.222045e-04
 7.187861e-05   9.606403e-04   0.000000e+00   1.186817e-04   3.715426e-04   0.000000e+00   0.000000e+00   0.000000e+00  -3.088172e-04
 0.000000e+00   0.000000e+00   1.026330e-03   0.000000e+00   0.000000e+00   4.794931e-04  -2.539652e-04   7.698869e-04   0.000000e+00
 3.351455e-04   1.186817e-04   0.000000e+00   5.655005e-04   2.159953e-04   0.000000e+00   0.000000e+00   0.000000e+00  -9.933304e-04
 1.177797e-04   3.715426e-04   0.000000e+00   2.159953e-04   6.457942e-04   0.000000e+00   0.000000e+00   0.000000e+00  -1.334237e-03
 0.000000e+00   0.000000e+00   4.794931e-04   0.000000e+00   0.000000e+00   8.474601e-04  -1.066222e-03   3.322049e-03   0.000000e+00
 0.000000e+00   0.000000e+00  -2.539652e-04   0.000000e+00   0.000000e+00  -1.066222e-03   2.821139e-01  -2.277826e-01   0.000000e+00
 0.000000e+00   0.000000e+00   7.698869e-04   0.000000e+00   0.000000e+00   3.322049e-03  -2.277826e-01   2.631703e-01   0.000000e+00
-2.222045e-04  -3.088172e-04   0.000000e+00  -9.933304e-04  -1.334237e-03   0.000000e+00   0.000000e+00   0.000000e+00   4.456863e-02

# timestamp: 1774889257.6351497
 9.184240e-04   6.252367e-05   0.000000e+00   3.165555e-04   1.027564e-04   0.000000e+00   0.000000e+00   0.000000e+00  -1.873657e-04
 6.252367e-05   9.367179e-04   0.000000e+00   1.033561e-04   3.512267e-04   0.000000e+00   0.000000e+00   0.000000e+00  -2.484198e-04
 0.000000e+00   0.000000e+00   9.945519e-04   0.000000e+00   0.000000e+00   4.498987e-04  -6.063025e-04   1.046655e-03   0.000000e+00
 3.165555e-04   1.033561e-04   0.000000e+00   5.395125e-04   1.882512e-04   0.000000e+00   0.000000e+00   0.000000e+00  -9.056877e-04
 1.027564e-04   3.512267e-04   0.000000e+00   1.882512e-04   6.121908e-04   0.000000e+00   0.000000e+00   0.000000e+00  -1.168135e-03
 0.000000e+00   0.000000e+00   4.498987e-04   0.000000e+00   0.000000e+00   8.060218e-04  -2.000552e-03   4.089180e-03   0.000000e+00
 0.000000e+00   0.000000e+00  -6.063025e-04   0.000000e+00   0.000000e+00  -2.000552e-03   2.830115e-01  -2.405937e-01   0.000000e+00
 0.000000e+00   0.000000e+00   1.046655e-03   0.000000e+00   0.000000e+00   4.089180e-03  -2.405937e-01   2.848351e-01   0.000000e+00
-1.873657e-04  -2.484198e-04   0.000000e+00  -9.056877e-04  -1.168135e-03   0.000000e+00   0.000000e+00   0.000000e+00   4.328915e-02

# timestamp: 1774889257.668835
 9.115274e-04   6.985054e-05   0.000000e+00   3.227623e-04   1.155144e-04   0.000000e+00   0.000000e+00   0.000000e+00  -6.833193e-04
 6.985054e-05   9.300904e-04   0.000000e+00   1.129611e-04   3.594195e-04   0.000000e+00   0.000000e+00   0.000000e+00  -7.281046e-04
 0.000000e+00   0.000000e+00   9.946917e-04   0.000000e+00   0.000000e+00   4.676463e-04  -3.669251e-05   1.461533e-03   0.000000e+00
 3.227623e-04   1.129611e-04   0.000000e+00   5.438965e-04   1.945332e-04   0.000000e+00   0.000000e+00   0.000000e+00  -1.103568e-03
 1.155144e-04   3.594195e-04   0.000000e+00   1.945332e-04   6.180393e-04   0.000000e+00   0.000000e+00   0.000000e+00  -1.365185e-03
 0.000000e+00   0.000000e+00   4.676463e-04   0.000000e+00   0.000000e+00   8.190251e-04  -1.853991e-03   4.368010e-03   0.000000e+00
 0.000000e+00   0.000000e+00  -3.669251e-05   0.000000e+00   0.000000e+00  -1.853991e-03   2.823294e-01  -2.423810e-01   0.000000e+00
 0.000000e+00   0.000000e+00   1.461533e-03   0.000000e+00   0.000000e+00   4.368010e-03  -2.423810e-01   2.886087e-01   0.000000e+00
-6.833193e-04  -7.281046e-04   0.000000e+00  -1.103568e-03  -1.365185e-03   0.000000e+00   0.000000e+00   0.000000e+00   4.303006e-02

# timestamp: 1774889257.7615974
 9.577338e-04   6.546636e-05   0.000000e+00   3.259151e-04   1.031454e-04   0.000000e+00   0.000000e+00   0.000000e+00  -1.677788e-04
 6.546636e-05   9.776347e-04   0.000000e+00   1.035207e-04   3.614079e-04   0.000000e+00   0.000000e+00   0.000000e+00  -2.178665e-04
 0.000000e+00   0.000000e+00   1.038462e-03   0.000000e+00   0.000000e+00   4.619037e-04  -7.354309e-04   1.130341e-03   0.000000e+00
 3.259151e-04   1.035207e-04   0.000000e+00   5.368091e-04   1.823338e-04   0.000000e+00   0.000000e+00   0.000000e+00  -9.274887e-04
 1.031454e-04   3.614079e-04   0.000000e+00   1.823338e-04   6.072171e-04   0.000000e+00   0.000000e+00   0.000000e+00  -1.165585e-03
 0.000000e+00   0.000000e+00   4.619037e-04   0.000000e+00   0.000000e+00   8.003765e-04  -2.175449e-03   4.299353e-03   0.000000e+00
 0.000000e+00   0.000000e+00  -7.354309e-04   0.000000e+00   0.000000e+00  -2.175449e-03   2.887025e-01  -2.453856e-01   0.000000e+00
 0.000000e+00   0.000000e+00   1.130341e-03   0.000000e+00   0.000000e+00   4.299353e-03  -2.453856e-01   2.932000e-01   0.000000e+00
-1.677788e-04  -2.178665e-04   0.000000e+00  -9.274887e-04  -1.165585e-03   0.000000e+00   0.000000e+00   0.000000e+00   4.552844e-02

# timestamp: 1774889258.033823
 9.048065e-04   5.352530e-05   0.000000e+00   3.008629e-04   8.728180e-05   0.000000e+00   0.000000e+00   0.000000e+00  -1.838964e-04
 5.352530e-05   9.225759e-04   0.000000e+00   8.784359e-05   3.321798e-04   0.000000e+00   0.000000e+00   0.000000e+00  -2.260304e-04
 0.000000e+00   0.000000e+00   9.750371e-04   0.000000e+00   0.000000e+00   4.236753e-04  -1.037773e-03   1.502367e-03   0.000000e+00
 3.008629e-04   8.784359e-05   0.000000e+00   5.144152e-04   1.581504e-04   0.000000e+00   0.000000e+00   0.000000e+00  -8.561829e-04
 8.728180e-05   3.321798e-04   0.000000e+00   1.581504e-04   5.732191e-04   0.000000e+00   0.000000e+00   0.000000e+00  -9.915296e-04
 0.000000e+00   0.000000e+00   4.236753e-04   0.000000e+00   0.000000e+00   7.526179e-04  -2.475190e-03   4.472671e-03   0.000000e+00
 0.000000e+00   0.000000e+00  -1.037773e-03   0.000000e+00   0.000000e+00  -2.475190e-03   2.894351e-01  -2.575992e-01   0.000000e+00
 0.000000e+00   0.000000e+00   1.502367e-03   0.000000e+00   0.000000e+00   4.472671e-03  -2.575992e-01   3.125170e-01   0.000000e+00
-1.838964e-04  -2.260304e-04   0.000000e+00  -8.561829e-04  -9.915296e-04   0.000000e+00   0.000000e+00   0.000000e+00   4.310030e-02

# timestamp: 1774889258.05305
 9.442262e-04   5.789972e-05   0.000000e+00   3.137111e-04   9.139631e-05   0.000000e+00   0.000000e+00   0.000000e+00  -2.052068e-04
 5.789972e-05   9.635608e-04   0.000000e+00   9.200575e-05   3.465235e-04   0.000000e+00   0.000000e+00   0.000000e+00  -2.506528e-04
 0.000000e+00   0.000000e+00   1.020602e-03   0.000000e+00   0.000000e+00   4.427456e-04  -1.097949e-03   1.612139e-03   0.000000e+00
 3.137111e-04   9.200575e-05   0.000000e+00   5.189173e-04   1.603881e-04   0.000000e+00   0.000000e+00   0.000000e+00  -9.084557e-04
 9.139631e-05   3.465235e-04   0.000000e+00   1.603881e-04   5.780813e-04   0.000000e+00   0.000000e+00   0.000000e+00  -1.044747e-03
 0.000000e+00   0.000000e+00   4.427456e-04   0.000000e+00   0.000000e+00   7.600389e-04  -2.441510e-03   4.545376e-03   0.000000e+00
 0.000000e+00   0.000000e+00  -1.097949e-03   0.000000e+00   0.000000e+00  -2.441510e-03   2.918768e-01  -2.575992e-01   0.000000e+00
 0.000000e+00   0.000000e+00   1.612139e-03   0.000000e+00   0.000000e+00   4.545376e-03  -2.575992e-01   3.149586e-01   0.000000e+00
-2.052068e-04  -2.506528e-04   0.000000e+00  -9.084557e-04  -1.044747e-03   0.000000e+00   0.000000e+00   0.000000e+00   4.554194e-02

# timestamp: 1774889258.0779893
 9.242546e-04   6.395414e-05   0.000000e+00   3.159302e-04   1.015728e-04   0.000000e+00   0.000000e+00   0.000000e+00  -7.054978e-04
 6.395414e-05   9.420065e-04   0.000000e+00   9.998484e-05   3.477194e-04   0.000000e+00   0.000000e+00   0.000000e+00  -7.104881e-04
 0.000000e+00   0.000000e+00   1.004431e-03   0.000000e+00   0.000000e+00   4.514118e-04  -4.489164e-04   1.933096e-03   0.000000e+00
 3.159302e-04   9.998484e-05   0.000000e+00   5.221149e-04   1.652233e-04   0.000000e+00   0.000000e+00   0.000000e+00  -1.081914e-03
 1.015728e-04   3.477194e-04   0.000000e+00   1.652233e-04   5.803593e-04   0.000000e+00   0.000000e+00   0.000000e+00  -1.207053e-03
 0.000000e+00   0.000000e+00   4.514118e-04   0.000000e+00   0.000000e+00   7.667872e-04  -2.213231e-03   4.693956e-03   0.000000e+00
 0.000000e+00   0.000000e+00  -4.489164e-04   0.000000e+00   0.000000e+00  -2.213231e-03   2.891403e-01  -2.589357e-01   0.000000e+00
 0.000000e+00   0.000000e+00   1.933096e-03   0.000000e+00   0.000000e+00   4.693956e-03  -2.589357e-01   3.182943e-01   0.000000e+00
-7.054978e-04  -7.104881e-04   0.000000e+00  -1.081914e-03  -1.207053e-03   0.000000e+00   0.000000e+00   0.000000e+00   4.435227e-02

