# ekf covariance log started at 1774889047.1295235
# timestamp: 1774889047.874358
 7.897321e-03   3.628330e-05   0.000000e+00   3.589884e-02   1.973836e-04   0.000000e+00   0.000000e+00   0.000000e+00  -1.642457e-03
 3.628330e-05   7.876884e-03   0.000000e+00   1.923626e-04   3.579346e-02   0.000000e+00   0.000000e+00   0.000000e+00  -1.242825e-03
 0.000000e+00   0.000000e+00   7.928553e-03   0.000000e+00   0.000000e+00   3.606647e-02   2.719222e-03  -4.088734e-07   0.000000e+00
 3.589884e-02   1.923626e-04   0.000000e+00   2.111435e-01   1.110151e-03   0.000000e+00   0.000000e+00   0.000000e+00  -9.041005e-03
 1.973836e-04   3.579346e-02   0.000000e+00   1.110151e-03   2.105733e-01   0.000000e+00   0.000000e+00   0.000000e+00  -7.022318e-03
 0.000000e+00   0.000000e+00   3.606647e-02   0.000000e+00   0.000000e+00   2.120960e-01   1.416640e-02   1.133465e-03   0.000000e+00
 0.000000e+00   0.000000e+00   2.719222e-03   0.000000e+00   0.000000e+00   1.416640e-02   4.244366e-01  -4.162876e-01   0.000000e+00
 0.000000e+00   0.000000e+00  -4.088734e-07   0.000000e+00   0.000000e+00   1.133465e-03  -4.162876e-01   5.612614e-01   0.000000e+00
-1.642457e-03  -1.242825e-03   0.000000e+00  -9.041005e-03  -7.022318e-03   0.000000e+00   0.000000e+00   0.000000e+00   7.050425e-02

# timestamp: 1774889047.9623199
 6.930117e-03   1.196013e-05   0.000000e+00   2.475347e-02   5.138050e-05   0.000000e+00   0.000000e+00   0.000000e+00  -7.738700e-04
 1.196013e-05   6.923720e-03   0.000000e+00   5.139457e-05   2.472599e-02   0.000000e+00   0.000000e+00   0.000000e+00  -5.937150e-04
 0.000000e+00   0.000000e+00   6.939879e-03   0.000000e+00   0.000000e+00   2.479578e-02   1.133311e-03   1.593911e-04   0.000000e+00
 2.475347e-02   5.139457e-05   0.000000e+00   1.111604e-01   2.432096e-04   0.000000e+00   0.000000e+00   0.000000e+00  -3.292606e-03
 5.138050e-05   2.472599e-02   0.000000e+00   2.432096e-04   1.110319e-01   0.000000e+00   0.000000e+00   0.000000e+00  -2.492474e-03
 0.000000e+00   0.000000e+00   2.479578e-02   0.000000e+00   0.000000e+00   1.113619e-01   5.128815e-03   2.668597e-04   0.000000e+00
 0.000000e+00   0.000000e+00   1.133311e-03   0.000000e+00   0.000000e+00   5.128815e-03   3.896893e-01  -4.093921e-01   0.000000e+00
 0.000000e+00   0.000000e+00   1.593911e-04   0.000000e+00   0.000000e+00   2.668597e-04  -4.093921e-01   5.699378e-01   0.000000e+00
-7.738700e-04  -5.937150e-04   0.000000e+00  -3.292606e-03  -2.492474e-03   0.000000e+00   0.000000e+00   0.000000e+00   6.029580e-02

# timestamp: 1774889047.9832492
 3.507190e-03   2.140484e-06   0.000000e+00   1.148308e-02   1.010030e-05   0.000000e+00   0.000000e+00   0.000000e+00  -2.637914e-04
 2.140484e-06   3.506045e-03   0.000000e+00   1.026094e-05   1.147751e-02   0.000000e+00   0.000000e+00   0.000000e+00  -2.013523e-04
 0.000000e+00   0.000000e+00   3.508894e-03   0.000000e+00   0.000000e+00   1.149130e-02   3.538379e-04   8.899184e-05   0.000000e+00
 1.148308e-02   1.026094e-05   0.000000e+00   5.559317e-02   6.430457e-05   0.000000e+00   0.000000e+00   0.000000e+00  -1.194220e-03
 1.010030e-05   1.147751e-02   0.000000e+00   6.430457e-05   5.555875e-02   0.000000e+00   0.000000e+00   0.000000e+00  -8.551766e-04
 0.000000e+00   0.000000e+00   1.149130e-02   0.000000e+00   0.000000e+00   5.564640e-02   2.147016e-03  -3.597877e-04   0.000000e+00
 0.000000e+00   0.000000e+00   3.538379e-04   0.000000e+00   0.000000e+00   2.147016e-03   3.585029e-01  -4.032280e-01   0.000000e+00
 0.000000e+00   0.000000e+00   8.899184e-05   0.000000e+00   0.000000e+00  -3.597877e-04  -4.032280e-01   5.725946e-01   0.000000e+00
-2.637914e-04  -2.013523e-04   0.000000e+00  -1.194220e-03  -8.551766e-04   0.000000e+00   0.000000e+00   0.000000e+00   4.812169e-02

# timestamp: 1774889048.0398688
 4.678330e-03   3.170938e-06   0.000000e+00   1.394695e-02   1.292621e-05   0.000000e+00   0.000000e+00   0.000000e+00  -3.171945e-04
 3.170938e-06   4.676617e-03   0.000000e+00   1.333503e-05   1.393951e-02   0.000000e+00   0.000000e+00   0.000000e+00  -2.391950e-04
 0.000000e+00   0.000000e+00   4.680870e-03   0.000000e+00   0.000000e+00   1.395766e-02   4.528224e-04   6.862987e-05   0.000000e+00
 1.394695e-02   1.333503e-05   0.000000e+00   5.559990e-02   6.498816e-05   0.000000e+00   0.000000e+00   0.000000e+00  -1.242895e-03
 1.292621e-05   1.393951e-02   0.000000e+00   6.498816e-05   5.556301e-02   0.000000e+00   0.000000e+00   0.000000e+00  -8.500338e-04
 0.000000e+00   0.000000e+00   1.395766e-02   0.000000e+00   0.000000e+00   5.565536e-02   2.529024e-03  -7.980384e-04   0.000000e+00
 0.000000e+00   0.000000e+00   4.528224e-04   0.000000e+00   0.000000e+00   2.529024e-03   3.629340e-01  -4.032280e-01   0.000000e+00
 0.000000e+00   0.000000e+00   6.862987e-05   0.000000e+00   0.000000e+00  -7.980384e-04  -4.032280e-01   5.770258e-01   0.000000e+00
-3.171945e-04  -2.391950e-04   0.000000e+00  -1.242895e-03  -8.500338e-04   0.000000e+00   0.000000e+00   0.000000e+00   5.255282e-02

# timestamp: 1774889048.0620794
 5.518055e-03   3.946517e-06   0.000000e+00   1.548158e-02   1.470295e-05   0.000000e+00   0.000000e+00   0.000000e+00  -3.518187e-04
 3.946517e-06   5.515900e-03   0.000000e+00   1.528215e-05   1.547290e-02   0.000000e+00   0.000000e+00   0.000000e+00  -2.626188e-04
 0.000000e+00   0.000000e+00   5.521231e-03   0.000000e+00   0.000000e+00   1.549393e-02   5.250710e-04   4.380293e-05   0.000000e+00
 1.548158e-02   1.528215e-05   0.000000e+00   5.560414e-02   6.540888e-05   0.000000e+00   0.000000e+00   0.000000e+00  -1.274821e-03
 1.470295e-05   1.547290e-02   0.000000e+00   6.540888e-05   5.556566e-02   0.000000e+00   0.000000e+00   0.000000e+00  -8.466606e-04
 0.000000e+00   0.000000e+00   1.549393e-02   0.000000e+00   0.000000e+00   5.566135e-02   2.768547e-03  -1.071148e-03   0.000000e+00
 0.000000e+00   0.000000e+00   5.250710e-04   0.000000e+00   0.000000e+00   2.768547e-03   3.656937e-01  -4.032280e-01   0.000000e+00
 0.000000e+00   0.000000e+00   4.380293e-05   0.000000e+00   0.000000e+00  -1.071148e-03  -4.032280e-01   5.797854e-01   0.000000e+00
-3.518187e-04  -2.626188e-04   0.000000e+00  -1.274821e-03  -8.466606e-04   0.000000e+00   0.000000e+00   0.000000e+00   5.531249e-02

# timestamp: 1774889048.3558223
 2.942338e-03   1.445359e-06   0.000000e+00   5.249789e-03   3.831584e-06   0.000000e+00   0.000000e+00   0.000000e+00  -1.432304e-04
 1.445359e-06   2.941281e-03   0.000000e+00   4.010905e-06   5.246899e-03   0.000000e+00   0.000000e+00   0.000000e+00  -9.142251e-05
 0.000000e+00   0.000000e+00   2.943484e-03   0.000000e+00   0.000000e+00   5.253380e-03   3.263171e-04  -1.645338e-04   0.000000e+00
 5.249789e-03   4.010905e-06   0.000000e+00   1.351656e-02   1.291196e-05   0.000000e+00   0.000000e+00   0.000000e+00  -5.002988e-04
 3.831584e-06   5.246899e-03   0.000000e+00   1.291196e-05   1.350691e-02   0.000000e+00   0.000000e+00   0.000000e+00  -2.774725e-04
 0.000000e+00   0.000000e+00   5.253380e-03   0.000000e+00   0.000000e+00   1.353111e-02   1.723535e-03  -1.437815e-03   0.000000e+00
 0.000000e+00   0.000000e+00   3.263171e-04   0.000000e+00   0.000000e+00   1.723535e-03   3.305778e-01  -3.984444e-01   0.000000e+00
 0.000000e+00   0.000000e+00  -1.645338e-04   0.000000e+00   0.000000e+00  -1.437815e-03  -3.984444e-01   6.079380e-01   0.000000e+00
-1.432304e-04  -9.142251e-05   0.000000e+00  -5.002988e-04  -2.774725e-04   0.000000e+00   0.000000e+00   0.000000e+00   4.728758e-02

# timestamp: 1774889048.3907642
 2.037263e-03   6.272278e-07   0.000000e+00   3.508876e-03   1.898326e-06   0.000000e+00   0.000000e+00   0.000000e+00  -7.809675e-05
 6.272278e-07   2.036809e-03   0.000000e+00   1.998522e-06   3.507460e-03   0.000000e+00   0.000000e+00   0.000000e+00  -4.904892e-05
 0.000000e+00   0.000000e+00   2.037773e-03   0.000000e+00   0.000000e+00   3.510801e-03   2.102663e-04  -1.384901e-04   0.000000e+00
 3.508876e-03   1.998522e-06   0.000000e+00   9.877912e-03   8.013758e-06   0.000000e+00   0.000000e+00   0.000000e+00  -3.445057e-04
 1.898326e-06   3.507460e-03   0.000000e+00   8.013758e-06   9.871946e-03   0.000000e+00   0.000000e+00   0.000000e+00  -1.840958e-04
 0.000000e+00   0.000000e+00   3.510801e-03   0.000000e+00   0.000000e+00   9.888056e-03   1.449354e-03  -1.387303e-03   0.000000e+00
 0.000000e+00   0.000000e+00   2.102663e-04   0.000000e+00   0.000000e+00   1.449354e-03   3.206307e-01  -4.002210e-01   0.000000e+00
 0.000000e+00   0.000000e+00  -1.384901e-04   0.000000e+00   0.000000e+00  -1.387303e-03  -4.002210e-01   6.106036e-01   0.000000e+00
-7.809675e-05  -4.904892e-05   0.000000e+00  -3.445057e-04  -1.840958e-04   0.000000e+00   0.000000e+00   0.000000e+00   3.988795e-02

# timestamp: 1774889048.4143364
 2.282400e-03   7.497320e-07   0.000000e+00   3.800429e-03   2.169862e-06   0.000000e+00   0.000000e+00   0.000000e+00  -8.850087e-05
 7.497320e-07   2.281857e-03   0.000000e+00   2.279098e-06   3.798786e-03   0.000000e+00   0.000000e+00   0.000000e+00  -5.459710e-05
 0.000000e+00   0.000000e+00   2.283034e-03   0.000000e+00   0.000000e+00   3.802716e-03   2.537647e-04  -1.800123e-04   0.000000e+00
 3.800429e-03   2.279098e-06   0.000000e+00   9.881433e-03   8.304620e-06   0.000000e+00   0.000000e+00   0.000000e+00  -3.778089e-04
 2.169862e-06   3.798786e-03   0.000000e+00   8.304620e-06   9.875044e-03   0.000000e+00   0.000000e+00   0.000000e+00  -2.002945e-04
 0.000000e+00   0.000000e+00   3.802716e-03   0.000000e+00   0.000000e+00   9.892280e-03   1.550739e-03  -1.468096e-03   0.000000e+00
 0.000000e+00   0.000000e+00   2.537647e-04   0.000000e+00   0.000000e+00   1.550739e-03   3.235808e-01  -4.002210e-01   0.000000e+00
 0.000000e+00   0.000000e+00  -1.800123e-04   0.000000e+00   0.000000e+00  -1.468096e-03  -4.002210e-01   6.135538e-01   0.000000e+00
-8.850087e-05  -5.459710e-05   0.000000e+00  -3.778089e-04  -2.002945e-04   0.000000e+00   0.000000e+00   0.000000e+00   4.283812e-02

# timestamp: 1774889048.4361448
 2.474932e-03   8.511652e-07   0.000000e+00   4.016306e-03   2.379406e-06   0.000000e+00   0.000000e+00   0.000000e+00  -9.688292e-05
 8.511652e-07   2.474314e-03   0.000000e+00   2.495566e-06   4.014483e-03   0.000000e+00   0.000000e+00   0.000000e+00  -5.903506e-05
 0.000000e+00   0.000000e+00   2.475672e-03   0.000000e+00   0.000000e+00   4.018884e-03   2.880200e-04  -2.123773e-04   0.000000e+00
 4.016306e-03   2.495566e-06   0.000000e+00   9.884074e-03   8.536846e-06   0.000000e+00   0.000000e+00   0.000000e+00  -4.038664e-04
 2.379406e-06   4.014483e-03   0.000000e+00   8.536846e-06   9.877345e-03   0.000000e+00   0.000000e+00   0.000000e+00  -2.129688e-04
 0.000000e+00   0.000000e+00   4.018884e-03   0.000000e+00   0.000000e+00   9.895471e-03   1.627191e-03  -1.527215e-03   0.000000e+00
 0.000000e+00   0.000000e+00   2.880200e-04   0.000000e+00   0.000000e+00   1.627191e-03   3.257645e-01  -4.002210e-01   0.000000e+00
 0.000000e+00   0.000000e+00  -2.123773e-04   0.000000e+00   0.000000e+00  -1.527215e-03  -4.002210e-01   6.157375e-01   0.000000e+00
-9.688292e-05  -5.903506e-05   0.000000e+00  -4.038664e-04  -2.129688e-04   0.000000e+00   0.000000e+00   0.000000e+00   4.502184e-02

# timestamp: 1774889048.670437
 2.279827e-03   2.730626e-06   0.000000e+00   2.880167e-03   4.417593e-06   0.000000e+00   0.000000e+00   0.000000e+00  -2.444449e-04
 2.730626e-06   2.277546e-03   0.000000e+00   4.816400e-06   2.875838e-03   0.000000e+00   0.000000e+00   0.000000e+00  -1.524039e-04
 0.000000e+00   0.000000e+00   2.282031e-03   0.000000e+00   0.000000e+00   2.885317e-03   5.642814e-04  -3.113740e-04   0.000000e+00
 2.880167e-03   4.816400e-06   0.000000e+00   5.709045e-03   9.297352e-06   0.000000e+00   0.000000e+00   0.000000e+00  -6.181630e-04
 4.417593e-06   2.875838e-03   0.000000e+00   9.297352e-06   5.698809e-03   0.000000e+00   0.000000e+00   0.000000e+00  -3.003395e-04
 0.000000e+00   0.000000e+00   2.885317e-03   0.000000e+00   0.000000e+00   5.727455e-03   2.495345e-03  -2.424254e-03   0.000000e+00
 0.000000e+00   0.000000e+00   5.642814e-04   0.000000e+00   0.000000e+00   2.495345e-03   3.273659e-01  -4.062035e-01   0.000000e+00
 0.000000e+00   0.000000e+00  -3.113740e-04   0.000000e+00   0.000000e+00  -2.424254e-03  -4.062035e-01   6.379273e-01   0.000000e+00
-2.444449e-04  -1.524039e-04   0.000000e+00  -6.181630e-04  -3.003395e-04   0.000000e+00   0.000000e+00   0.000000e+00   4.774967e-02

# timestamp: 1774889048.722631
 1.801491e-03   1.427220e-06   0.000000e+00   2.186652e-03   2.380308e-06   0.000000e+00   0.000000e+00   0.000000e+00  -1.520552e-04
 1.427220e-06   1.800284e-03   0.000000e+00   2.666163e-06   2.184145e-03   0.000000e+00   0.000000e+00   0.000000e+00  -9.146241e-05
 0.000000e+00   0.000000e+00   1.802772e-03   0.000000e+00   0.000000e+00   2.190395e-03   4.524404e-04  -3.456348e-04   0.000000e+00
 2.186652e-03   2.666163e-06   0.000000e+00   4.573726e-03   5.730481e-06   0.000000e+00   0.000000e+00   0.000000e+00  -4.508438e-04
 2.380308e-06   2.184145e-03   0.000000e+00   5.730481e-06   4.566711e-03   0.000000e+00   0.000000e+00   0.000000e+00  -1.923197e-04
 0.000000e+00   0.000000e+00   2.190395e-03   0.000000e+00   0.000000e+00   4.591290e-03   2.440340e-03  -2.704489e-03   0.000000e+00
 0.000000e+00   0.000000e+00   4.524404e-04   0.000000e+00   0.000000e+00   2.440340e-03   3.239930e-01  -4.103722e-01   0.000000e+00
 0.000000e+00   0.000000e+00  -3.456348e-04   0.000000e+00   0.000000e+00  -2.704489e-03  -4.103722e-01   6.402524e-01   0.000000e+00
-1.520552e-04  -9.146241e-05   0.000000e+00  -4.508438e-04  -1.923197e-04   0.000000e+00   0.000000e+00   0.000000e+00   4.232231e-02

# timestamp: 1774889048.7390246
 1.914713e-03   1.534478e-06   0.000000e+00   2.281453e-03   2.503979e-06   0.000000e+00   0.000000e+00   0.000000e+00  -1.615166e-04
 1.534478e-06   1.913398e-03   0.000000e+00   2.825480e-06   2.278734e-03   0.000000e+00   0.000000e+00   0.000000e+00  -9.545277e-05
 0.000000e+00   0.000000e+00   1.916158e-03   0.000000e+00   0.000000e+00   2.285700e-03   5.038399e-04  -4.027091e-04   0.000000e+00
 2.281453e-03   2.825480e-06   0.000000e+00   4.576188e-03   5.825181e-06   0.000000e+00   0.000000e+00   0.000000e+00  -4.694234e-04
 2.503979e-06   2.278734e-03   0.000000e+00   5.825181e-06   4.568792e-03   0.000000e+00   0.000000e+00   0.000000e+00  -1.935254e-04
 0.000000e+00   0.000000e+00   2.285700e-03   0.000000e+00   0.000000e+00   4.595336e-03   2.567335e-03  -2.861236e-03   0.000000e+00
 0.000000e+00   0.000000e+00   5.038399e-04   0.000000e+00   0.000000e+00   2.567335e-03   3.260636e-01  -4.103722e-01   0.000000e+00
 0.000000e+00   0.000000e+00  -4.027091e-04   0.000000e+00   0.000000e+00  -2.861236e-03  -4.103722e-01   6.423230e-01   0.000000e+00
-1.615166e-04  -9.545277e-05   0.000000e+00  -4.694234e-04  -1.935254e-04   0.000000e+00   0.000000e+00   0.000000e+00   4.439291e-02

# timestamp: 1774889048.7576518
 2.016330e-03   1.632540e-06   0.000000e+00   2.363911e-03   2.613340e-06   0.000000e+00   0.000000e+00   0.000000e+00  -1.700663e-04
 1.632540e-06   2.014913e-03   0.000000e+00   2.966965e-06   2.360997e-03   0.000000e+00   0.000000e+00   0.000000e+00  -9.894274e-05
 0.000000e+00   0.000000e+00   2.017935e-03   0.000000e+00   0.000000e+00   2.368636e-03   5.507167e-04  -4.550275e-04   0.000000e+00
 2.363911e-03   2.966965e-06   0.000000e+00   4.578341e-03   5.908356e-06   0.000000e+00   0.000000e+00   0.000000e+00  -4.862724e-04
 2.613340e-06   2.360997e-03   0.000000e+00   5.908356e-06   4.570601e-03   0.000000e+00   0.000000e+00   0.000000e+00  -1.946188e-04
 0.000000e+00   0.000000e+00   2.368636e-03   0.000000e+00   0.000000e+00   4.598934e-03   2.678433e-03  -2.997454e-03   0.000000e+00
 0.000000e+00   0.000000e+00   5.507167e-04   0.000000e+00   0.000000e+00   2.678433e-03   3.278636e-01  -4.103722e-01   0.000000e+00
 0.000000e+00   0.000000e+00  -4.550275e-04   0.000000e+00   0.000000e+00  -2.997454e-03  -4.103722e-01   6.441230e-01   0.000000e+00
-1.700663e-04  -9.894274e-05   0.000000e+00  -4.862724e-04  -1.946188e-04   0.000000e+00   0.000000e+00   0.000000e+00   4.619292e-02

# timestamp: 1774889048.9680617
 1.820385e-03   8.257749e-07   0.000000e+00   1.809548e-03   1.294400e-06   0.000000e+00   0.000000e+00   0.000000e+00  -1.107216e-04
 8.257749e-07   1.819523e-03   0.000000e+00   1.570077e-06   1.807512e-03   0.000000e+00   0.000000e+00   0.000000e+00  -4.824041e-05
 0.000000e+00   0.000000e+00   1.822348e-03   0.000000e+00   0.000000e+00   1.817043e-03   7.524414e-04  -8.849601e-04   0.000000e+00
 1.809548e-03   1.570077e-06   0.000000e+00   3.168740e-03   3.031209e-06   0.000000e+00   0.000000e+00   0.000000e+00  -3.752408e-04
 1.294400e-06   1.807512e-03   0.000000e+00   3.031209e-06   3.162818e-03   0.000000e+00   0.000000e+00   0.000000e+00  -8.397110e-05
 0.000000e+00   0.000000e+00   1.817043e-03   0.000000e+00   0.000000e+00   3.201349e-03   3.360001e-03  -4.257239e-03   0.000000e+00
 0.000000e+00   0.000000e+00   7.524414e-04   0.000000e+00   0.000000e+00   3.360001e-03   3.357363e-01  -4.195511e-01   0.000000e+00
 0.000000e+00   0.000000e+00  -8.849601e-04   0.000000e+00   0.000000e+00  -4.257239e-03  -4.195511e-01   6.576760e-01   0.000000e+00
-1.107216e-04  -4.824041e-05   0.000000e+00  -3.752408e-04  -8.397110e-05   0.000000e+00   0.000000e+00   0.000000e+00   4.732865e-02

# timestamp: 1774889049.0090523
 1.482593e-03   4.992275e-07   0.000000e+00   1.428584e-03   8.409935e-07   0.000000e+00   0.000000e+00   0.000000e+00  -7.506645e-05
 4.992275e-07   1.482051e-03   0.000000e+00   1.035738e-06   1.427155e-03   0.000000e+00   0.000000e+00   0.000000e+00  -3.000442e-05
 0.000000e+00   0.000000e+00   1.484104e-03   0.000000e+00   0.000000e+00   1.435258e-03   6.633786e-04  -8.238387e-04   0.000000e+00
 1.428584e-03   1.035738e-06   0.000000e+00   2.680360e-03   2.221465e-06   0.000000e+00   0.000000e+00   0.000000e+00  -2.964786e-04
 8.409935e-07   1.427155e-03   0.000000e+00   2.221465e-06   2.675635e-03   0.000000e+00   0.000000e+00   0.000000e+00  -5.363098e-05
 0.000000e+00   0.000000e+00   1.435258e-03   0.000000e+00   0.000000e+00   2.713143e-03   3.328872e-03  -4.347877e-03   0.000000e+00
 0.000000e+00   0.000000e+00   6.633786e-04   0.000000e+00   0.000000e+00   3.328872e-03   3.338225e-01  -4.244862e-01   0.000000e+00
 0.000000e+00   0.000000e+00  -8.238387e-04   0.000000e+00   0.000000e+00  -4.347877e-03  -4.244862e-01   6.576034e-01   0.000000e+00
-7.506645e-05  -3.000442e-05   0.000000e+00  -2.964786e-04  -5.363098e-05   0.000000e+00   0.000000e+00   0.000000e+00   4.139931e-02

# timestamp: 1774889049.02656
 1.567240e-03   5.408716e-07   0.000000e+00   1.486596e-03   8.865616e-07   0.000000e+00   0.000000e+00   0.000000e+00  -8.153341e-05
 5.408716e-07   1.566634e-03   0.000000e+00   1.093118e-06   1.485039e-03   0.000000e+00   0.000000e+00   0.000000e+00  -3.115807e-05
 0.000000e+00   0.000000e+00   1.569056e-03   0.000000e+00   0.000000e+00   1.494210e-03   7.358530e-04  -9.184947e-04   0.000000e+00
 1.486596e-03   1.093118e-06   0.000000e+00   2.682705e-03   2.228024e-06   0.000000e+00   0.000000e+00   0.000000e+00  -3.094772e-04
 8.865616e-07   1.485039e-03   0.000000e+00   2.228024e-06   2.677794e-03   0.000000e+00   0.000000e+00   0.000000e+00  -5.229198e-05
 0.000000e+00   0.000000e+00   1.494210e-03   0.000000e+00   0.000000e+00   2.717621e-03   3.443201e-03  -4.496310e-03   0.000000e+00
 0.000000e+00   0.000000e+00   7.358530e-04   0.000000e+00   0.000000e+00   3.443201e-03   3.359845e-01  -4.244862e-01   0.000000e+00
 0.000000e+00   0.000000e+00  -9.184947e-04   0.000000e+00   0.000000e+00  -4.496310e-03  -4.244862e-01   6.597654e-01   0.000000e+00
-8.153341e-05  -3.115807e-05   0.000000e+00  -3.094772e-04  -5.229198e-05   0.000000e+00   0.000000e+00   0.000000e+00   4.356134e-02

# timestamp: 1774889049.0558684
 1.711515e-03   6.140416e-07   0.000000e+00   1.581855e-03   9.612105e-07   0.000000e+00   0.000000e+00   0.000000e+00  -9.282298e-05
 6.140416e-07   1.710792e-03   0.000000e+00   1.188213e-06   1.580074e-03   0.000000e+00   0.000000e+00   0.000000e+00  -3.298004e-05
 0.000000e+00   0.000000e+00   1.713928e-03   0.000000e+00   0.000000e+00   1.591167e-03   8.606218e-04  -1.081388e-03   0.000000e+00
 1.581855e-03   1.188213e-06   0.000000e+00   2.686568e-03   2.236979e-06   0.000000e+00   0.000000e+00   0.000000e+00  -3.320701e-04
 9.612105e-07   1.580074e-03   0.000000e+00   2.236979e-06   2.681335e-03   0.000000e+00   0.000000e+00   0.000000e+00  -4.996467e-05
 0.000000e+00   0.000000e+00   1.591167e-03   0.000000e+00   0.000000e+00   2.725136e-03   3.632000e-03  -4.739906e-03   0.000000e+00
 0.000000e+00   0.000000e+00   8.606218e-04   0.000000e+00   0.000000e+00   3.632000e-03   3.395307e-01  -4.244862e-01   0.000000e+00
 0.000000e+00   0.000000e+00  -1.081388e-03   0.000000e+00   0.000000e+00  -4.739906e-03  -4.244862e-01   6.633117e-01   0.000000e+00
-9.282298e-05  -3.298004e-05   0.000000e+00  -3.320701e-04  -4.996467e-05   0.000000e+00   0.000000e+00   0.000000e+00   4.710757e-02

# timestamp: 1774889049.3280146
 1.377592e-03   2.891460e-07   0.000000e+00   1.070878e-03   5.192591e-07   0.000000e+00   0.000000e+00   0.000000e+00  -5.659157e-05
 2.891460e-07   1.377118e-03   0.000000e+00   5.907749e-07   1.069660e-03   0.000000e+00   0.000000e+00   0.000000e+00  -1.185261e-05
 0.000000e+00   0.000000e+00   1.381034e-03   0.000000e+00   0.000000e+00   1.082224e-03   1.048098e-03  -1.415164e-03   0.000000e+00
 1.070878e-03   5.907749e-07   0.000000e+00   1.788044e-03   1.254299e-06   0.000000e+00   0.000000e+00   0.000000e+00  -2.206896e-04
 5.192591e-07   1.069660e-03   0.000000e+00   1.254299e-06   1.784523e-03   0.000000e+00   0.000000e+00   0.000000e+00  -3.809281e-05
 0.000000e+00   0.000000e+00   1.082224e-03   0.000000e+00   0.000000e+00   1.825989e-03   3.576499e-03  -4.791706e-03   0.000000e+00
 0.000000e+00   0.000000e+00   1.048098e-03   0.000000e+00   0.000000e+00   3.576499e-03   3.487233e-01  -4.389859e-01   0.000000e+00
 0.000000e+00   0.000000e+00  -1.415164e-03   0.000000e+00   0.000000e+00  -4.791706e-03  -4.389859e-01   6.754275e-01   0.000000e+00
-5.659157e-05  -1.185261e-05   0.000000e+00  -2.206896e-04  -3.809281e-05   0.000000e+00   0.000000e+00   0.000000e+00   4.368019e-02

# timestamp: 1774889049.3662548
 1.332246e-03   9.171666e-06   0.000000e+00   1.004819e-03   6.613159e-06   0.000000e+00   0.000000e+00   0.000000e+00   7.236752e-04
 9.171666e-06   1.326265e-03   0.000000e+00   5.181364e-06   1.002064e-03   0.000000e+00   0.000000e+00   0.000000e+00   5.314052e-04
 0.000000e+00   0.000000e+00   1.342517e-03   0.000000e+00   0.000000e+00   1.020914e-03   3.115814e-04  -2.024846e-03   0.000000e+00
 1.004819e-03   5.181364e-06   0.000000e+00   1.680015e-03   4.232579e-06   0.000000e+00   0.000000e+00   0.000000e+00   3.810771e-04
 6.613159e-06   1.002064e-03   0.000000e+00   4.232579e-06   1.677459e-03   0.000000e+00   0.000000e+00   0.000000e+00   3.682292e-04
 0.000000e+00   0.000000e+00   1.020914e-03   0.000000e+00   0.000000e+00   1.719454e-03   2.903218e-03  -5.105920e-03   0.000000e+00
 0.000000e+00   0.000000e+00   3.115814e-04   0.000000e+00   0.000000e+00   2.903218e-03   3.487840e-01  -4.409273e-01   0.000000e+00
 0.000000e+00   0.000000e+00  -2.024846e-03   0.000000e+00   0.000000e+00  -5.105920e-03  -4.409273e-01   6.790188e-01   0.000000e+00
 7.236752e-04   5.314052e-04   0.000000e+00   3.810771e-04   3.682292e-04   0.000000e+00   0.000000e+00   0.000000e+00   4.307018e-02

# timestamp: 1774889049.422625
 1.292489e-03   1.124073e-06   0.000000e+00   9.493187e-04   1.152449e-06   0.000000e+00   0.000000e+00   0.000000e+00  -1.374455e-04
 1.124073e-06   1.291488e-03   0.000000e+00   1.279705e-06   9.477514e-04   0.000000e+00   0.000000e+00   0.000000e+00  -8.859859e-05
 0.000000e+00   0.000000e+00   1.295645e-03   0.000000e+00   0.000000e+00   9.584418e-04   9.850256e-04  -1.124645e-03   0.000000e+00
 9.493187e-04   1.279705e-06   0.000000e+00   1.584442e-03   1.750671e-06   0.000000e+00   0.000000e+00   0.000000e+00  -2.559764e-04
 1.152449e-06   9.477514e-04   0.000000e+00   1.750671e-06   1.580990e-03   0.000000e+00   0.000000e+00   0.000000e+00  -1.087307e-04
 0.000000e+00   0.000000e+00   9.584418e-04   0.000000e+00   0.000000e+00   1.614768e-03   3.246849e-03  -4.172301e-03   0.000000e+00
 0.000000e+00   0.000000e+00   9.850256e-04   0.000000e+00   0.000000e+00   3.246849e-03   3.524701e-01  -4.439073e-01   0.000000e+00
 0.000000e+00   0.000000e+00  -1.124645e-03   0.000000e+00   0.000000e+00  -4.172301e-03  -4.439073e-01   6.775307e-01   0.000000e+00
-1.374455e-04  -8.859859e-05   0.000000e+00  -2.559764e-04  -1.087307e-04   0.000000e+00   0.000000e+00   0.000000e+00   4.227194e-02

# timestamp: 1774889049.6717672
 1.062068e-03   8.809020e-07   0.000000e+00   6.799771e-04   9.150556e-07   0.000000e+00   0.000000e+00   0.000000e+00  -1.041277e-04
 8.809020e-07   1.061338e-03   0.000000e+00   8.468744e-07   6.790536e-04   0.000000e+00   0.000000e+00   0.000000e+00  -7.387156e-05
 0.000000e+00   0.000000e+00   1.064500e-03   0.000000e+00   0.000000e+00   6.852181e-04   8.483406e-04  -9.750055e-04   0.000000e+00
 6.799771e-04   8.468744e-07   0.000000e+00   1.183243e-03   1.285985e-06   0.000000e+00   0.000000e+00   0.000000e+00  -1.483656e-04
 9.150556e-07   6.790536e-04   0.000000e+00   1.285985e-06   1.181369e-03   0.000000e+00   0.000000e+00   0.000000e+00  -1.155196e-04
 0.000000e+00   0.000000e+00   6.852181e-04   0.000000e+00   0.000000e+00   1.195905e-03   2.046834e-03  -2.560232e-03   0.000000e+00
 0.000000e+00   0.000000e+00   8.483406e-04   0.000000e+00   0.000000e+00   2.046834e-03   3.631966e-01  -4.586922e-01   0.000000e+00
 0.000000e+00   0.000000e+00  -9.750055e-04   0.000000e+00   0.000000e+00  -2.560232e-03  -4.586922e-01   6.836598e-01   0.000000e+00
-1.041277e-04  -7.387156e-05   0.000000e+00  -1.483656e-04  -1.155196e-04   0.000000e+00   0.000000e+00   0.000000e+00   3.755290e-02

# timestamp: 1774889049.7339046
 1.189618e-03   9.777602e-07   0.000000e+00   7.424477e-04   1.025493e-06   0.000000e+00   0.000000e+00   0.000000e+00  -1.118263e-04
 9.777602e-07   1.188788e-03   0.000000e+00   9.025710e-07   7.414757e-04   0.000000e+00   0.000000e+00   0.000000e+00  -8.022371e-05
 0.000000e+00   0.000000e+00   1.192618e-03   0.000000e+00   0.000000e+00   7.477719e-04   9.520407e-04  -1.103964e-03   0.000000e+00
 7.424477e-04   9.025710e-07   0.000000e+00   1.188461e-03   1.321844e-06   0.000000e+00   0.000000e+00   0.000000e+00  -1.417056e-04
 1.025493e-06   7.414757e-04   0.000000e+00   1.321844e-06   1.186730e-03   0.000000e+00   0.000000e+00   0.000000e+00  -1.313380e-04
 0.000000e+00   0.000000e+00   7.477719e-04   0.000000e+00   0.000000e+00   1.198705e-03   1.810817e-03  -2.221346e-03   0.000000e+00
 0.000000e+00   0.000000e+00   9.520407e-04   0.000000e+00   0.000000e+00   1.810817e-03   3.684621e-01  -4.586922e-01   0.000000e+00
 0.000000e+00   0.000000e+00  -1.103964e-03   0.000000e+00   0.000000e+00  -2.221346e-03  -4.586922e-01   6.889252e-01   0.000000e+00
-1.118263e-04  -8.022371e-05   0.000000e+00  -1.417056e-04  -1.313380e-04   0.000000e+00   0.000000e+00   0.000000e+00   4.281833e-02

# timestamp: 1774889049.755194
 1.259206e-03   1.032207e-06   0.000000e+00   7.753368e-04   1.085307e-06   0.000000e+00   0.000000e+00   0.000000e+00  -1.157088e-04
 1.032207e-06   1.258322e-03   0.000000e+00   9.322244e-07   7.743441e-04   0.000000e+00   0.000000e+00   0.000000e+00  -8.393466e-05
 0.000000e+00   0.000000e+00   1.262503e-03   0.000000e+00   0.000000e+00   7.806283e-04   1.000962e-03  -1.163739e-03   0.000000e+00
 7.753368e-04   9.322244e-07   0.000000e+00   1.191201e-03   1.338543e-06   0.000000e+00   0.000000e+00   0.000000e+00  -1.379048e-04
 1.085307e-06   7.743441e-04   0.000000e+00   1.338543e-06   1.189548e-03   0.000000e+00   0.000000e+00   0.000000e+00  -1.403652e-04
 0.000000e+00   0.000000e+00   7.806283e-04   0.000000e+00   0.000000e+00   1.200309e-03   1.686624e-03  -2.042736e-03   0.000000e+00
 0.000000e+00   0.000000e+00   1.000962e-03   0.000000e+00   0.000000e+00   1.686624e-03   3.712260e-01  -4.586922e-01   0.000000e+00
 0.000000e+00   0.000000e+00  -1.163739e-03   0.000000e+00   0.000000e+00  -2.042736e-03  -4.586922e-01   6.916891e-01   0.000000e+00
-1.157088e-04  -8.393466e-05   0.000000e+00  -1.379048e-04  -1.403652e-04   0.000000e+00   0.000000e+00   0.000000e+00   4.558222e-02

# timestamp: 1774889050.0130794
 1.086242e-03   4.133618e-07   0.000000e+00   5.967059e-04   5.140422e-07   0.000000e+00   0.000000e+00   0.000000e+00  -3.564242e-05
 4.133618e-07   1.085849e-03   0.000000e+00   3.522779e-07   5.962666e-04   0.000000e+00   0.000000e+00   0.000000e+00  -3.744342e-05
 0.000000e+00   0.000000e+00   1.087799e-03   0.000000e+00   0.000000e+00   5.974491e-04   6.466540e-04  -7.951901e-04   0.000000e+00
 5.967059e-04   3.522779e-07   0.000000e+00   9.546383e-04   5.701715e-07   0.000000e+00   0.000000e+00   0.000000e+00   1.089379e-05
 5.140422e-07   5.962666e-04   0.000000e+00   5.701715e-07   9.538496e-04   0.000000e+00   0.000000e+00   0.000000e+00  -9.734746e-05
 0.000000e+00   0.000000e+00   5.974491e-04   0.000000e+00   0.000000e+00   9.560323e-04  -5.222334e-06   8.690605e-05   0.000000e+00
 0.000000e+00   0.000000e+00   6.466540e-04   0.000000e+00   0.000000e+00  -5.222334e-06   3.895746e-01  -4.727997e-01   0.000000e+00
 0.000000e+00   0.000000e+00  -7.951901e-04   0.000000e+00   0.000000e+00   8.690605e-05  -4.727997e-01   6.852442e-01   0.000000e+00
-3.564242e-05  -3.744342e-05   0.000000e+00   1.089379e-05  -9.734746e-05   0.000000e+00   0.000000e+00   0.000000e+00   4.202729e-02

# timestamp: 1774889050.043934
 1.167002e-03   4.453843e-07   0.000000e+00   6.313754e-04   5.391749e-07   0.000000e+00   0.000000e+00   0.000000e+00  -3.503604e-05
 4.453843e-07   1.166576e-03   0.000000e+00   3.591312e-07   6.309252e-04   0.000000e+00   0.000000e+00   0.000000e+00  -4.106071e-05
 0.000000e+00   0.000000e+00   1.168605e-03   0.000000e+00   0.000000e+00   6.318537e-04   6.435972e-04  -7.883380e-04   0.000000e+00
 6.313754e-04   3.591312e-07   0.000000e+00   9.582752e-04   5.338734e-07   0.000000e+00   0.000000e+00   0.000000e+00   2.574072e-05
 5.391749e-07   6.309252e-04   0.000000e+00   5.338734e-07   9.575026e-04   0.000000e+00   0.000000e+00   0.000000e+00  -1.035792e-04
 0.000000e+00   0.000000e+00   6.318537e-04   0.000000e+00   0.000000e+00   9.597876e-04  -2.034561e-04   3.426188e-04   0.000000e+00
 0.000000e+00   0.000000e+00   6.435972e-04   0.000000e+00   0.000000e+00  -2.034561e-04   3.931993e-01  -4.727997e-01   0.000000e+00
 0.000000e+00   0.000000e+00  -7.883380e-04   0.000000e+00   0.000000e+00   3.426188e-04  -4.727997e-01   6.888689e-01   0.000000e+00
-3.503604e-05  -4.106071e-05   0.000000e+00   2.574072e-05  -1.035792e-04   0.000000e+00   0.000000e+00   0.000000e+00   4.565194e-02

# timestamp: 1774889050.0861554
 1.255621e-03   4.806534e-07   0.000000e+00   6.683898e-04   5.643502e-07   0.000000e+00   0.000000e+00   0.000000e+00  -3.383041e-05
 4.806534e-07   1.255160e-03   0.000000e+00   3.635360e-07   6.679287e-04   0.000000e+00   0.000000e+00   0.000000e+00  -4.514177e-05
 0.000000e+00   0.000000e+00   1.257255e-03   0.000000e+00   0.000000e+00   6.685982e-04   6.330785e-04  -7.716924e-04   0.000000e+00
 6.683898e-04   3.635360e-07   0.000000e+00   9.621531e-04   4.904788e-07   0.000000e+00   0.000000e+00   0.000000e+00   4.296647e-05
 5.643502e-07   6.679287e-04   0.000000e+00   4.904788e-07   9.613882e-04   0.000000e+00   0.000000e+00   0.000000e+00  -1.108093e-04
 0.000000e+00   0.000000e+00   6.685982e-04   0.000000e+00   0.000000e+00   9.640055e-04  -4.156439e-04   6.150771e-04   0.000000e+00
 0.000000e+00   0.000000e+00   6.330785e-04   0.000000e+00   0.000000e+00  -4.156439e-04   3.970527e-01  -4.727997e-01   0.000000e+00
 0.000000e+00   0.000000e+00  -7.716924e-04   0.000000e+00   0.000000e+00   6.150771e-04  -4.727997e-01   6.927223e-01   0.000000e+00
-3.383041e-05  -4.514177e-05   0.000000e+00   4.296647e-05  -1.108093e-04   0.000000e+00   0.000000e+00   0.000000e+00   4.950538e-02

# timestamp: 1774889050.3546457
 1.113240e-03   2.233385e-07   0.000000e+00   5.361592e-04   2.737825e-07   0.000000e+00   0.000000e+00   0.000000e+00   5.628907e-06
 2.233385e-07   1.112983e-03   0.000000e+00   1.436790e-07   5.358022e-04   0.000000e+00   0.000000e+00   0.000000e+00  -2.437864e-05
 0.000000e+00   0.000000e+00   1.113649e-03   0.000000e+00   0.000000e+00   5.364550e-04   6.244619e-05  -6.745573e-05   0.000000e+00
 5.361592e-04   1.436790e-07   0.000000e+00   8.044376e-04   1.744655e-07   0.000000e+00   0.000000e+00   0.000000e+00   1.140099e-04
 2.737825e-07   5.358022e-04   0.000000e+00   1.744655e-07   8.035216e-04   0.000000e+00   0.000000e+00   0.000000e+00  -5.083645e-05
 0.000000e+00   0.000000e+00   5.364550e-04   0.000000e+00   0.000000e+00   8.121757e-04  -1.685321e-03   2.144483e-03   0.000000e+00
 0.000000e+00   0.000000e+00   6.244619e-05   0.000000e+00   0.000000e+00  -1.685321e-03   4.116549e-01  -4.874793e-01   0.000000e+00
 0.000000e+00   0.000000e+00  -6.745573e-05   0.000000e+00   0.000000e+00   2.144483e-03  -4.874793e-01   6.960968e-01   0.000000e+00
 5.628907e-06  -2.437864e-05   0.000000e+00   1.140099e-04  -5.083645e-05   0.000000e+00   0.000000e+00   0.000000e+00   4.606855e-02

# timestamp: 1774889050.3726175
 1.032210e-03   5.673109e-06   0.000000e+00   4.962666e-04   2.399454e-06   0.000000e+00   0.000000e+00   0.000000e+00   6.026464e-04
 5.673109e-06   1.026925e-03   0.000000e+00   3.751279e-06   4.917302e-04   0.000000e+00   0.000000e+00   0.000000e+00   3.857023e-04
 0.000000e+00   0.000000e+00   1.036476e-03   0.000000e+00   0.000000e+00   5.000774e-04  -9.874803e-04   1.316472e-04   0.000000e+00
 4.962666e-04   3.751279e-06   0.000000e+00   7.822870e-04   1.678312e-06   0.000000e+00   0.000000e+00   0.000000e+00   3.928971e-04
 2.399454e-06   4.917302e-04   0.000000e+00   1.678312e-06   7.785259e-04   0.000000e+00   0.000000e+00   0.000000e+00   1.515215e-04
 0.000000e+00   0.000000e+00   5.000774e-04   0.000000e+00   0.000000e+00   7.926004e-04  -2.181900e-03   2.257466e-03   0.000000e+00
 0.000000e+00   0.000000e+00  -9.874803e-04   0.000000e+00   0.000000e+00  -2.181900e-03   4.028296e-01  -4.857939e-01   0.000000e+00
 0.000000e+00   0.000000e+00   1.316472e-04   0.000000e+00   0.000000e+00   2.257466e-03  -4.857939e-01   6.971190e-01   0.000000e+00
 6.026464e-04   3.857023e-04   0.000000e+00   3.928971e-04   1.515215e-04   0.000000e+00   0.000000e+00   0.000000e+00   4.237226e-02

# timestamp: 1774889050.4254305
 1.027432e-03   7.150574e-07   0.000000e+00   4.828204e-04   4.768883e-07   0.000000e+00   0.000000e+00   0.000000e+00  -8.264252e-05
 7.150574e-07   1.026722e-03   0.000000e+00   3.426767e-07   4.823669e-04   0.000000e+00   0.000000e+00   0.000000e+00  -5.698411e-05
 0.000000e+00   0.000000e+00   1.028266e-03   0.000000e+00   0.000000e+00   4.824351e-04   3.284594e-04  -2.806358e-04   0.000000e+00
 4.828204e-04   3.426767e-07   0.000000e+00   7.600530e-04   2.832341e-07   0.000000e+00   0.000000e+00   0.000000e+00   7.192292e-05
 4.768883e-07   4.823669e-04   0.000000e+00   2.832341e-07   7.590959e-04   0.000000e+00   0.000000e+00   0.000000e+00  -4.356530e-05
 0.000000e+00   0.000000e+00   4.824351e-04   0.000000e+00   0.000000e+00   7.670607e-04  -1.531184e-03   2.044529e-03   0.000000e+00
 0.000000e+00   0.000000e+00   3.284594e-04   0.000000e+00   0.000000e+00  -1.531184e-03   3.918215e-01  -4.795206e-01   0.000000e+00
 0.000000e+00   0.000000e+00  -2.806358e-04   0.000000e+00   0.000000e+00   2.044529e-03  -4.795206e-01   7.004453e-01   0.000000e+00
-8.264252e-05  -5.698411e-05   0.000000e+00   7.192292e-05  -4.356530e-05   0.000000e+00   0.000000e+00   0.000000e+00   4.236479e-02

# timestamp: 1774889050.4490235
 1.067873e-03   7.318216e-07   0.000000e+00   4.983524e-04   4.749237e-07   0.000000e+00   0.000000e+00   0.000000e+00  -8.113789e-05
 7.318216e-07   1.067144e-03   0.000000e+00   3.377926e-07   4.978889e-04   0.000000e+00   0.000000e+00   0.000000e+00  -5.785462e-05
 0.000000e+00   0.000000e+00   1.068694e-03   0.000000e+00   0.000000e+00   4.980933e-04   2.970817e-04  -2.388028e-04   0.000000e+00
 4.983524e-04   3.377926e-07   0.000000e+00   7.621223e-04   2.827832e-07   0.000000e+00   0.000000e+00   0.000000e+00   8.004947e-05
 4.749237e-07   4.978889e-04   0.000000e+00   2.827832e-07   7.611292e-04   0.000000e+00   0.000000e+00   0.000000e+00  -3.938873e-05
 0.000000e+00   0.000000e+00   4.980933e-04   0.000000e+00   0.000000e+00   7.692825e-04  -1.558356e-03   2.066478e-03   0.000000e+00
 0.000000e+00   0.000000e+00   2.970817e-04   0.000000e+00   0.000000e+00  -1.558356e-03   3.938628e-01  -4.795206e-01   0.000000e+00
 0.000000e+00   0.000000e+00  -2.388028e-04   0.000000e+00   0.000000e+00   2.066478e-03  -4.795206e-01   7.024865e-01   0.000000e+00
-8.113789e-05  -5.785462e-05   0.000000e+00   8.004947e-05  -3.938873e-05   0.000000e+00   0.000000e+00   0.000000e+00   4.440604e-02

# timestamp: 1774889050.7270198
 9.931999e-04   2.847775e-07   0.000000e+00   4.247097e-04   1.877353e-07   0.000000e+00   0.000000e+00   0.000000e+00  -5.689830e-06
 2.847775e-07   9.928472e-04   0.000000e+00   1.416339e-07   4.243116e-04   0.000000e+00   0.000000e+00   0.000000e+00  -1.418688e-05
 0.000000e+00   0.000000e+00   9.936832e-04   0.000000e+00   0.000000e+00   4.259065e-04  -1.923270e-04   3.114935e-04   0.000000e+00
 4.247097e-04   1.416339e-07   0.000000e+00   6.679247e-04   2.888504e-07   0.000000e+00   0.000000e+00   0.000000e+00   1.069361e-04
 1.877353e-07   4.243116e-04   0.000000e+00   2.888504e-07   6.669302e-04   0.000000e+00   0.000000e+00   0.000000e+00   3.400913e-05
 0.000000e+00   0.000000e+00   4.259065e-04   0.000000e+00   0.000000e+00   6.736405e-04  -1.333825e-03   1.806829e-03   0.000000e+00
 0.000000e+00   0.000000e+00  -1.923270e-04   0.000000e+00   0.000000e+00  -1.333825e-03   3.422954e-01  -4.502477e-01   0.000000e+00
 0.000000e+00   0.000000e+00   3.114935e-04   0.000000e+00   0.000000e+00   1.806829e-03  -4.502477e-01   7.198362e-01   0.000000e+00
-5.689830e-06  -1.418688e-05   0.000000e+00   1.069361e-04   3.400913e-05   0.000000e+00   0.000000e+00   0.000000e+00   4.278556e-02

# timestamp: 1774889050.7470267
 1.023430e-03   2.901995e-07   0.000000e+00   4.355834e-04   1.921328e-07   0.000000e+00   0.000000e+00   0.000000e+00  -3.934802e-06
 2.901995e-07   1.023064e-03   0.000000e+00   1.449729e-07   4.351684e-04   0.000000e+00   0.000000e+00   0.000000e+00  -1.362085e-05
 0.000000e+00   0.000000e+00   1.023954e-03   0.000000e+00   0.000000e+00   4.368683e-04  -2.140000e-04   3.408125e-04   0.000000e+00
 4.355834e-04   1.449729e-07   0.000000e+00   6.695720e-04   3.010868e-07   0.000000e+00   0.000000e+00   0.000000e+00   1.114207e-04
 1.921328e-07   4.351684e-04   0.000000e+00   3.010868e-07   6.685609e-04   0.000000e+00   0.000000e+00   0.000000e+00   3.747539e-05
 0.000000e+00   0.000000e+00   4.368683e-04   0.000000e+00   0.000000e+00   6.752535e-04  -1.333368e-03   1.795919e-03   0.000000e+00
 0.000000e+00   0.000000e+00  -2.140000e-04   0.000000e+00   0.000000e+00  -1.333368e-03   3.439204e-01  -4.502477e-01   0.000000e+00
 0.000000e+00   0.000000e+00   3.408125e-04   0.000000e+00   0.000000e+00   1.795919e-03  -4.502477e-01   7.214612e-01   0.000000e+00
-3.934802e-06  -1.362085e-05   0.000000e+00   1.114207e-04   3.747539e-05   0.000000e+00   0.000000e+00   0.000000e+00   4.441057e-02

# timestamp: 1774889050.763334
 1.061758e-03   2.971670e-07   0.000000e+00   4.492268e-04   1.981269e-07   0.000000e+00   0.000000e+00   0.000000e+00  -1.630177e-06
 2.971670e-07   1.061375e-03   0.000000e+00   1.495339e-07   4.487901e-04   0.000000e+00   0.000000e+00   0.000000e+00  -1.282875e-05
 0.000000e+00   0.000000e+00   1.062336e-03   0.000000e+00   0.000000e+00   4.506209e-04  -2.411116e-04   3.772402e-04   0.000000e+00
 4.492268e-04   1.495339e-07   0.000000e+00   6.716347e-04   3.174140e-07   0.000000e+00   0.000000e+00   0.000000e+00   1.172556e-04
 1.981269e-07   4.487901e-04   0.000000e+00   3.174140e-07   6.706022e-04   0.000000e+00   0.000000e+00   0.000000e+00   4.198544e-05
 0.000000e+00   0.000000e+00   4.506209e-04   0.000000e+00   0.000000e+00   6.772744e-04  -1.333020e-03   1.782094e-03   0.000000e+00
 0.000000e+00   0.000000e+00  -2.411116e-04   0.000000e+00   0.000000e+00  -1.333020e-03   3.459539e-01  -4.502477e-01   0.000000e+00
 0.000000e+00   0.000000e+00   3.772402e-04   0.000000e+00   0.000000e+00   1.782094e-03  -4.502477e-01   7.234947e-01   0.000000e+00
-1.630177e-06  -1.282875e-05   0.000000e+00   1.172556e-04   4.198544e-05   0.000000e+00   0.000000e+00   0.000000e+00   4.644409e-02

# timestamp: 1774889050.785287
 9.115333e-04   2.069243e-07   0.000000e+00   3.833293e-04   1.508295e-07   0.000000e+00   0.000000e+00   0.000000e+00   9.111435e-07
 2.069243e-07   9.112584e-04   0.000000e+00   1.149221e-07   3.829747e-04   0.000000e+00   0.000000e+00   0.000000e+00  -7.644783e-06
 0.000000e+00   0.000000e+00   9.119740e-04   0.000000e+00   0.000000e+00   3.845478e-04  -2.241128e-04   3.473305e-04   0.000000e+00
 3.833293e-04   1.149221e-07   0.000000e+00   6.399021e-04   2.841120e-07   0.000000e+00   0.000000e+00   0.000000e+00   9.823831e-05
 1.508295e-07   3.829747e-04   0.000000e+00   2.841120e-07   6.389666e-04   0.000000e+00   0.000000e+00   0.000000e+00   3.747977e-05
 0.000000e+00   0.000000e+00   3.845478e-04   0.000000e+00   0.000000e+00   6.452411e-04  -1.273239e-03   1.749812e-03   0.000000e+00
 0.000000e+00   0.000000e+00  -2.241128e-04   0.000000e+00   0.000000e+00  -1.273239e-03   3.345122e-01  -4.505263e-01   0.000000e+00
 0.000000e+00   0.000000e+00   3.473305e-04   0.000000e+00   0.000000e+00   1.749812e-03  -4.505263e-01   7.256833e-01   0.000000e+00
 9.111435e-07  -7.644783e-06   0.000000e+00   9.823831e-05   3.747977e-05   0.000000e+00   0.000000e+00   0.000000e+00   3.890446e-02

# timestamp: 1774889050.8056016
 9.470595e-04   2.123391e-07   0.000000e+00   3.961318e-04   1.567450e-07   0.000000e+00   0.000000e+00   0.000000e+00   2.904243e-06
 2.123391e-07   9.467702e-04   0.000000e+00   1.198137e-07   3.957576e-04   0.000000e+00   0.000000e+00   0.000000e+00  -6.877116e-06
 0.000000e+00   0.000000e+00   9.475510e-04   0.000000e+00   0.000000e+00   3.974586e-04  -2.495811e-04   3.822709e-04   0.000000e+00
 3.961318e-04   1.198137e-07   0.000000e+00   6.419228e-04   2.961974e-07   0.000000e+00   0.000000e+00   0.000000e+00   1.030853e-04
 1.567450e-07   3.957576e-04   0.000000e+00   2.961974e-07   6.409688e-04   0.000000e+00   0.000000e+00   0.000000e+00   4.043586e-05
 0.000000e+00   0.000000e+00   3.974586e-04   0.000000e+00   0.000000e+00   6.472880e-04  -1.280596e-03   1.750671e-03   0.000000e+00
 0.000000e+00   0.000000e+00  -2.495811e-04   0.000000e+00   0.000000e+00  -1.280596e-03   3.365087e-01  -4.505263e-01   0.000000e+00
 0.000000e+00   0.000000e+00   3.822709e-04   0.000000e+00   0.000000e+00   1.750671e-03  -4.505263e-01   7.276798e-01   0.000000e+00
 2.904243e-06  -6.877116e-06   0.000000e+00   1.030853e-04   4.043586e-05   0.000000e+00   0.000000e+00   0.000000e+00   4.090093e-02

# timestamp: 1774889051.0183923
 9.687579e-04   4.340168e-07   0.000000e+00   3.821234e-04   2.390501e-07   0.000000e+00   0.000000e+00   0.000000e+00  -3.268695e-05
 4.340168e-07   9.682417e-04   0.000000e+00   1.946804e-07   3.816554e-04   0.000000e+00   0.000000e+00   0.000000e+00  -3.106959e-05
 0.000000e+00   0.000000e+00   9.697798e-04   0.000000e+00   0.000000e+00   3.842872e-04  -3.856796e-04   6.763336e-04   0.000000e+00
 3.821234e-04   1.946804e-07   0.000000e+00   6.019346e-04   3.473446e-07   0.000000e+00   0.000000e+00   0.000000e+00   8.879116e-05
 2.390501e-07   3.816554e-04   0.000000e+00   3.473446e-07   6.009578e-04   0.000000e+00   0.000000e+00   0.000000e+00   3.101239e-05
 0.000000e+00   0.000000e+00   3.842872e-04   0.000000e+00   0.000000e+00   6.079035e-04  -1.339540e-03   1.897719e-03   0.000000e+00
 0.000000e+00   0.000000e+00  -3.856796e-04   0.000000e+00   0.000000e+00  -1.339540e-03   3.386218e-01  -4.566261e-01   0.000000e+00
 0.000000e+00   0.000000e+00   6.763336e-04   0.000000e+00   0.000000e+00   1.897719e-03  -4.566261e-01   7.481102e-01   0.000000e+00
-3.268695e-05  -3.106959e-05   0.000000e+00   8.879116e-05   3.101239e-05   0.000000e+00   0.000000e+00   0.000000e+00   4.291994e-02

# timestamp: 1774889051.0583656
 1.016786e-03   4.459077e-07   0.000000e+00   3.984013e-04   2.470833e-07   0.000000e+00   0.000000e+00   0.000000e+00  -3.022257e-05
 4.459077e-07   1.016244e-03   0.000000e+00   1.993731e-07   3.979101e-04   0.000000e+00   0.000000e+00   0.000000e+00  -3.021271e-05
 0.000000e+00   0.000000e+00   1.017930e-03   0.000000e+00   0.000000e+00   4.007645e-04  -4.221365e-04   7.278959e-04   0.000000e+00
 3.984013e-04   1.993731e-07   0.000000e+00   6.046608e-04   3.565724e-07   0.000000e+00   0.000000e+00   0.000000e+00   9.575704e-05
 2.470833e-07   3.979101e-04   0.000000e+00   3.565724e-07   6.036582e-04   0.000000e+00   0.000000e+00   0.000000e+00   3.305672e-05
 0.000000e+00   0.000000e+00   4.007645e-04   0.000000e+00   0.000000e+00   6.108486e-04  -1.371754e-03   1.934661e-03   0.000000e+00
 0.000000e+00   0.000000e+00  -4.221365e-04   0.000000e+00   0.000000e+00  -1.371754e-03   3.413193e-01  -4.566261e-01   0.000000e+00
 0.000000e+00   0.000000e+00   7.278959e-04   0.000000e+00   0.000000e+00   1.934661e-03  -4.566261e-01   7.508076e-01   0.000000e+00
-3.022257e-05  -3.021271e-05   0.000000e+00   9.575704e-05   3.305672e-05   0.000000e+00   0.000000e+00   0.000000e+00   4.561739e-02

# timestamp: 1774889051.0902297
 1.010452e-03   4.712089e-06   0.000000e+00   3.927846e-04   2.479085e-06   0.000000e+00   0.000000e+00   0.000000e+00   5.442471e-04
 4.712089e-06   1.005581e-03   0.000000e+00   2.759899e-06   3.895588e-04   0.000000e+00   0.000000e+00   0.000000e+00   3.349725e-04
 0.000000e+00   0.000000e+00   1.014551e-03   0.000000e+00   0.000000e+00   3.970610e-04  -1.092100e-03   5.103868e-04   0.000000e+00
 3.927846e-04   2.759899e-06   0.000000e+00   5.966565e-04   1.572016e-06   0.000000e+00   0.000000e+00   0.000000e+00   3.170978e-04
 2.479085e-06   3.895588e-04   0.000000e+00   1.572016e-06   5.941877e-04   0.000000e+00   0.000000e+00   0.000000e+00   1.728599e-04
 0.000000e+00   0.000000e+00   3.970610e-04   0.000000e+00   0.000000e+00   6.039968e-04  -1.647729e-03   1.881032e-03   0.000000e+00
 0.000000e+00   0.000000e+00  -1.092100e-03   0.000000e+00   0.000000e+00  -1.647729e-03   3.421267e-01  -4.586865e-01   0.000000e+00
 0.000000e+00   0.000000e+00   5.103868e-04   0.000000e+00   0.000000e+00   1.881032e-03  -4.586865e-01   7.545385e-01   0.000000e+00
 5.442471e-04   3.349725e-04   0.000000e+00   3.170978e-04   1.728599e-04   0.000000e+00   0.000000e+00   0.000000e+00   4.541099e-02

# timestamp: 1774889051.385365
 9.327127e-04   3.984839e-06   0.000000e+00   3.416875e-04   2.101505e-06   0.000000e+00   0.000000e+00   0.000000e+00   4.785339e-04
 3.984839e-06   9.287072e-04   0.000000e+00   2.214604e-06   3.392243e-04   0.000000e+00   0.000000e+00   0.000000e+00   2.999504e-04
 0.000000e+00   0.000000e+00   9.359968e-04   0.000000e+00   0.000000e+00   3.449415e-04  -9.052445e-04   3.758611e-04   0.000000e+00
 3.416875e-04   2.214604e-06   0.000000e+00   5.464267e-04   1.313520e-06   0.000000e+00   0.000000e+00   0.000000e+00   2.643536e-04
 2.101505e-06   3.392243e-04   0.000000e+00   1.313520e-06   5.445364e-04   0.000000e+00   0.000000e+00   0.000000e+00   1.569580e-04
 0.000000e+00   0.000000e+00   3.449415e-04   0.000000e+00   0.000000e+00   5.520969e-04  -1.398362e-03   1.640294e-03   0.000000e+00
 0.000000e+00   0.000000e+00  -9.052445e-04   0.000000e+00   0.000000e+00  -1.398362e-03   3.341585e-01  -4.635113e-01   0.000000e+00
 0.000000e+00   0.000000e+00   3.758611e-04   0.000000e+00   0.000000e+00   1.640294e-03  -4.635113e-01   7.780605e-01   0.000000e+00
 4.785339e-04   2.999504e-04   0.000000e+00   2.643536e-04   1.569580e-04   0.000000e+00   0.000000e+00   0.000000e+00   4.218514e-02

# timestamp: 1774889051.4288678
 9.267628e-04   8.936269e-07   0.000000e+00   3.348653e-04   2.957907e-07   0.000000e+00   0.000000e+00   0.000000e+00  -1.274934e-04
 8.936269e-07   9.255726e-04   0.000000e+00   3.712543e-07   3.342839e-04   0.000000e+00   0.000000e+00   0.000000e+00  -5.177508e-05
 0.000000e+00   0.000000e+00   9.274654e-04   0.000000e+00   0.000000e+00   3.356515e-04   2.531701e-05   2.147915e-04   0.000000e+00
 3.348653e-04   3.712543e-07   0.000000e+00   5.384846e-04   4.083578e-07   0.000000e+00   0.000000e+00   0.000000e+00   4.116436e-05
 2.957907e-07   3.342839e-04   0.000000e+00   4.083578e-07   5.376235e-04   0.000000e+00   0.000000e+00   0.000000e+00   3.478339e-05
 0.000000e+00   0.000000e+00   3.356515e-04   0.000000e+00   0.000000e+00   5.420567e-04  -9.454829e-04   1.415163e-03   0.000000e+00
 0.000000e+00   0.000000e+00   2.531701e-05   0.000000e+00   0.000000e+00  -9.454829e-04   3.289895e-01  -4.609992e-01   0.000000e+00
 0.000000e+00   0.000000e+00   2.147915e-04   0.000000e+00   0.000000e+00   1.415163e-03  -4.609992e-01   7.826077e-01   0.000000e+00
-1.274934e-04  -5.177508e-05   0.000000e+00   4.116436e-05   3.478339e-05   0.000000e+00   0.000000e+00   0.000000e+00   4.201015e-02

# timestamp: 1774889051.4633474
 9.660111e-04   9.092982e-07   0.000000e+00   3.474587e-04   2.874092e-07   0.000000e+00   0.000000e+00   0.000000e+00  -1.265123e-04
 9.092982e-07   9.647933e-04   0.000000e+00   3.759142e-07   3.468622e-04   0.000000e+00   0.000000e+00   0.000000e+00  -5.093298e-05
 0.000000e+00   0.000000e+00   9.667520e-04   0.000000e+00   0.000000e+00   3.483044e-04   3.425221e-06   2.474761e-04   0.000000e+00
 3.474587e-04   3.759142e-07   0.000000e+00   5.408259e-04   4.181288e-07   0.000000e+00   0.000000e+00   0.000000e+00   4.537920e-05
 2.874092e-07   3.468622e-04   0.000000e+00   4.181288e-07   5.399672e-04   0.000000e+00   0.000000e+00   0.000000e+00   4.099602e-05
 0.000000e+00   0.000000e+00   3.483044e-04   0.000000e+00   0.000000e+00   5.441767e-04  -9.119663e-04   1.348331e-03   0.000000e+00
 0.000000e+00   0.000000e+00   3.425221e-06   0.000000e+00   0.000000e+00  -9.119663e-04   3.313225e-01  -4.609992e-01   0.000000e+00
 0.000000e+00   0.000000e+00   2.474761e-04   0.000000e+00   0.000000e+00   1.348331e-03  -4.609992e-01   7.849407e-01   0.000000e+00
-1.265123e-04  -5.093298e-05   0.000000e+00   4.537920e-05   4.099602e-05   0.000000e+00   0.000000e+00   0.000000e+00   4.434313e-02

# timestamp: 1774889051.7115989
 8.855726e-04   5.268293e-07   0.000000e+00   3.048168e-04   1.307451e-07   0.000000e+00   0.000000e+00   0.000000e+00  -6.042473e-05
 5.268293e-07   8.848361e-04   0.000000e+00   2.594571e-07   3.043813e-04   0.000000e+00   0.000000e+00   0.000000e+00  -2.033405e-05
 0.000000e+00   0.000000e+00   8.860683e-04   0.000000e+00   0.000000e+00   3.053129e-04  -5.091983e-05   2.039705e-04   0.000000e+00
 3.048168e-04   2.594571e-07   0.000000e+00   5.048002e-04   4.262958e-07   0.000000e+00   0.000000e+00   0.000000e+00   5.422732e-05
 1.307451e-07   3.043813e-04   0.000000e+00   4.262958e-07   5.041835e-04   0.000000e+00   0.000000e+00   0.000000e+00   7.019824e-05
 0.000000e+00   0.000000e+00   3.053129e-04   0.000000e+00   0.000000e+00   5.059171e-04  -3.514332e-04   4.204503e-04   0.000000e+00
 0.000000e+00   0.000000e+00  -5.091983e-05   0.000000e+00   0.000000e+00  -3.514332e-04   3.197522e-01  -4.626434e-01   0.000000e+00
 0.000000e+00   0.000000e+00   2.039705e-04   0.000000e+00   0.000000e+00   4.204503e-04  -4.626434e-01   8.086665e-01   0.000000e+00
-6.042473e-05  -2.033405e-05   0.000000e+00   5.422732e-05   7.019824e-05   0.000000e+00   0.000000e+00   0.000000e+00   4.094231e-02

# timestamp: 1774889051.733321
 9.383633e-04   5.397763e-07   0.000000e+00   3.212631e-04   1.331529e-07   0.000000e+00   0.000000e+00   0.000000e+00  -5.858239e-05
 5.397763e-07   9.375980e-04   0.000000e+00   2.704719e-07   3.208137e-04   0.000000e+00   0.000000e+00   0.000000e+00  -1.795670e-05
 0.000000e+00   0.000000e+00   9.388919e-04   0.000000e+00   0.000000e+00   3.217721e-04  -6.187733e-05   2.166365e-04   0.000000e+00
 3.212631e-04   2.704719e-07   0.000000e+00   5.080657e-04   4.499190e-07   0.000000e+00   0.000000e+00   0.000000e+00   6.129537e-05
 1.331529e-07   3.208137e-04   0.000000e+00   4.499190e-07   5.074594e-04   0.000000e+00   0.000000e+00   0.000000e+00   7.869196e-05
 0.000000e+00   0.000000e+00   3.217721e-04   0.000000e+00   0.000000e+00   5.091233e-04  -3.129628e-04   3.363850e-04   0.000000e+00
 0.000000e+00   0.000000e+00  -6.187733e-05   0.000000e+00   0.000000e+00  -3.129628e-04   3.229987e-01  -4.626434e-01   0.000000e+00
 0.000000e+00   0.000000e+00   2.166365e-04   0.000000e+00   0.000000e+00   3.363850e-04  -4.626434e-01   8.119130e-01   0.000000e+00
-5.858239e-05  -1.795670e-05   0.000000e+00   6.129537e-05   7.869196e-05   0.000000e+00   0.000000e+00   0.000000e+00   4.418884e-02

# timestamp: 1774889051.76312
 9.771452e-04   5.494072e-07   0.000000e+00   3.332027e-04   1.356303e-07   0.000000e+00   0.000000e+00   0.000000e+00  -5.710422e-05
 5.494072e-07   9.763586e-04   0.000000e+00   2.791803e-07   3.327436e-04   0.000000e+00   0.000000e+00   0.000000e+00  -1.606240e-05
 0.000000e+00   0.000000e+00   9.776980e-04   0.000000e+00   0.000000e+00   3.337194e-04  -6.900087e-05   2.240505e-04   0.000000e+00
 3.332027e-04   2.791803e-07   0.000000e+00   5.104250e-04   4.687609e-07   0.000000e+00   0.000000e+00   0.000000e+00   6.672422e-05
 1.356303e-07   3.327436e-04   0.000000e+00   4.687609e-07   5.098269e-04   0.000000e+00   0.000000e+00   0.000000e+00   8.521585e-05
 0.000000e+00   0.000000e+00   3.337194e-04   0.000000e+00   0.000000e+00   5.114512e-04  -2.855115e-04   2.752963e-04   0.000000e+00
 0.000000e+00   0.000000e+00  -6.900087e-05   0.000000e+00   0.000000e+00  -2.855115e-04   3.253428e-01  -4.626434e-01   0.000000e+00
 0.000000e+00   0.000000e+00   2.240505e-04   0.000000e+00   0.000000e+00   2.752963e-04  -4.626434e-01   8.142571e-01   0.000000e+00
-5.710422e-05  -1.606240e-05   0.000000e+00   6.672422e-05   8.521585e-05   0.000000e+00   0.000000e+00   0.000000e+00   4.653292e-02

# timestamp: 1774889051.8265686
 9.071459e-04   3.979394e-07   0.000000e+00   3.064030e-04   1.181448e-07   0.000000e+00   0.000000e+00   0.000000e+00  -3.401149e-05
 3.979394e-07   9.065663e-04   0.000000e+00   2.328906e-07   3.060266e-04   0.000000e+00   0.000000e+00   0.000000e+00  -6.298426e-06
 0.000000e+00   0.000000e+00   9.075795e-04   0.000000e+00   0.000000e+00   3.068436e-04  -8.013799e-05   1.949303e-04   0.000000e+00
 3.064030e-04   2.328906e-07   0.000000e+00   4.970192e-04   4.674334e-07   0.000000e+00   0.000000e+00   0.000000e+00   6.972673e-05
 1.181448e-07   3.060266e-04   0.000000e+00   4.674334e-07   4.964663e-04   0.000000e+00   0.000000e+00   0.000000e+00   8.133377e-05
 0.000000e+00   0.000000e+00   3.068436e-04   0.000000e+00   0.000000e+00   4.979390e-04  -2.207168e-04   1.674734e-04   0.000000e+00
 0.000000e+00   0.000000e+00  -8.013799e-05   0.000000e+00   0.000000e+00  -2.207168e-04   3.235675e-01  -4.669537e-01   0.000000e+00
 0.000000e+00   0.000000e+00   1.949303e-04   0.000000e+00   0.000000e+00   1.674734e-04  -4.669537e-01   8.180517e-01   0.000000e+00
-3.401149e-05  -6.298426e-06   0.000000e+00   6.972673e-05   8.133377e-05   0.000000e+00   0.000000e+00   0.000000e+00   4.243395e-02

# timestamp: 1774889052.0641959
 9.667920e-04   5.223477e-07   0.000000e+00   3.152616e-04   1.945919e-07   0.000000e+00   0.000000e+00   0.000000e+00  -4.944228e-05
 5.223477e-07   9.661038e-04   0.000000e+00   2.851169e-07   3.148755e-04   0.000000e+00   0.000000e+00   0.000000e+00  -2.004759e-05
 0.000000e+00   0.000000e+00   9.673312e-04   0.000000e+00   0.000000e+00   3.157141e-04  -7.369731e-05   2.241679e-04   0.000000e+00
 3.152616e-04   2.851169e-07   0.000000e+00   4.850626e-04   5.804123e-07   0.000000e+00   0.000000e+00   0.000000e+00   8.721068e-05
 1.945919e-07   3.148755e-04   0.000000e+00   5.804123e-07   4.844992e-04   0.000000e+00   0.000000e+00   0.000000e+00   8.182583e-05
 0.000000e+00   0.000000e+00   3.157141e-04   0.000000e+00   0.000000e+00   4.859466e-04  -1.349745e-04  -3.556014e-06   0.000000e+00
 0.000000e+00   0.000000e+00  -7.369731e-05   0.000000e+00   0.000000e+00  -1.349745e-04   3.325022e-01  -4.754989e-01   0.000000e+00
 0.000000e+00   0.000000e+00   2.241679e-04   0.000000e+00   0.000000e+00  -3.556014e-06  -4.754989e-01   8.373400e-01   0.000000e+00
-4.944228e-05  -2.004759e-05   0.000000e+00   8.721068e-05   8.182583e-05   0.000000e+00   0.000000e+00   0.000000e+00   4.657448e-02

# timestamp: 1774889052.1012611
 8.656278e-04   3.767576e-07   0.000000e+00   2.809479e-04   1.684712e-07   0.000000e+00   0.000000e+00   0.000000e+00  -3.002243e-05
 3.767576e-07   8.651300e-04   0.000000e+00   2.382003e-07   2.806324e-04   0.000000e+00   0.000000e+00   0.000000e+00  -1.079287e-05
 0.000000e+00   0.000000e+00   8.660317e-04   0.000000e+00   0.000000e+00   2.813328e-04  -7.355648e-05   1.826911e-04   0.000000e+00
 2.809479e-04   2.382003e-07   0.000000e+00   4.718033e-04   5.540998e-07   0.000000e+00   0.000000e+00   0.000000e+00   8.117123e-05
 1.684712e-07   2.806324e-04   0.000000e+00   5.540998e-07   4.712705e-04   0.000000e+00   0.000000e+00   0.000000e+00   7.254459e-05
 0.000000e+00   0.000000e+00   2.813328e-04   0.000000e+00   0.000000e+00   4.726337e-04  -1.082392e-04  -2.840589e-05   0.000000e+00
 0.000000e+00   0.000000e+00  -7.355648e-05   0.000000e+00   0.000000e+00  -1.082392e-04   3.287417e-01  -4.796880e-01   0.000000e+00
 0.000000e+00   0.000000e+00   1.826911e-04   0.000000e+00   0.000000e+00  -2.840589e-05  -4.796880e-01   8.388328e-01   0.000000e+00
-3.002243e-05  -1.079287e-05   0.000000e+00   8.117123e-05   7.254459e-05   0.000000e+00   0.000000e+00   0.000000e+00   4.050976e-02

# timestamp: 1774889052.1224966
 8.869715e-04   3.823855e-07   0.000000e+00   2.873801e-04   1.742231e-07   0.000000e+00   0.000000e+00   0.000000e+00  -2.890512e-05
 3.823855e-07   8.864649e-04   0.000000e+00   2.448740e-07   2.870593e-04   0.000000e+00   0.000000e+00   0.000000e+00  -9.796826e-06
 0.000000e+00   0.000000e+00   8.873859e-04   0.000000e+00   0.000000e+00   2.877743e-04  -7.502844e-05   1.822729e-04   0.000000e+00
 2.873801e-04   2.448740e-07   0.000000e+00   4.731792e-04   5.659693e-07   0.000000e+00   0.000000e+00   0.000000e+00   8.492056e-05
 1.742231e-07   2.870593e-04   0.000000e+00   5.659693e-07   4.726407e-04   0.000000e+00   0.000000e+00   0.000000e+00   7.514695e-05
 0.000000e+00   0.000000e+00   2.877743e-04   0.000000e+00   0.000000e+00   4.740182e-04  -1.079519e-04  -3.772655e-05   0.000000e+00
 0.000000e+00   0.000000e+00  -7.502844e-05   0.000000e+00   0.000000e+00  -1.079519e-04   3.301026e-01  -4.796880e-01   0.000000e+00
 0.000000e+00   0.000000e+00   1.822729e-04   0.000000e+00   0.000000e+00  -3.772655e-05  -4.796880e-01   8.401938e-01   0.000000e+00
-2.890512e-05  -9.796826e-06   0.000000e+00   8.492056e-05   7.514695e-05   0.000000e+00   0.000000e+00   0.000000e+00   4.187068e-02

# timestamp: 1774889052.3725104
 8.969932e-04   4.631847e-06   0.000000e+00   2.830321e-04   2.572027e-06   0.000000e+00   0.000000e+00   0.000000e+00   5.418336e-04
 4.631847e-06   8.926749e-04   0.000000e+00   2.454582e-06   2.808254e-04   0.000000e+00   0.000000e+00   0.000000e+00   3.485136e-04
 0.000000e+00   0.000000e+00   9.001409e-04   0.000000e+00   0.000000e+00   2.849681e-04  -4.550622e-04  -4.915549e-04   0.000000e+00
 2.830321e-04   2.454582e-06   0.000000e+00   4.598302e-04   1.658118e-06   0.000000e+00   0.000000e+00   0.000000e+00   2.740165e-04
 2.572027e-06   2.808254e-04   0.000000e+00   1.658118e-06   4.584515e-04   0.000000e+00   0.000000e+00   0.000000e+00   1.882491e-04
 0.000000e+00   0.000000e+00   2.849681e-04   0.000000e+00   0.000000e+00   4.613845e-04  -1.635470e-04  -3.704749e-04   0.000000e+00
 0.000000e+00   0.000000e+00  -4.550622e-04   0.000000e+00   0.000000e+00  -1.635470e-04   3.427448e-01  -4.926175e-01   0.000000e+00
 0.000000e+00   0.000000e+00  -4.915549e-04   0.000000e+00   0.000000e+00  -3.704749e-04  -4.926175e-01   8.521556e-01   0.000000e+00
 5.418336e-04   3.485136e-04   0.000000e+00   2.740165e-04   1.882491e-04   0.000000e+00   0.000000e+00   0.000000e+00   4.287821e-02

# timestamp: 1774889052.4099042
 8.664817e-04   4.112538e-07   0.000000e+00   2.710727e-04   2.378763e-07   0.000000e+00   0.000000e+00   0.000000e+00  -3.196312e-05
 4.112538e-07   8.660125e-04   0.000000e+00   2.850862e-07   2.707726e-04   0.000000e+00   0.000000e+00   0.000000e+00  -1.490197e-05
 0.000000e+00   0.000000e+00   8.668825e-04   0.000000e+00   0.000000e+00   2.714535e-04  -2.182758e-05   1.027580e-04   0.000000e+00
 2.710727e-04   2.850862e-07   0.000000e+00   4.541547e-04   6.575685e-07   0.000000e+00   0.000000e+00   0.000000e+00   8.935908e-05
 2.378763e-07   2.707726e-04   0.000000e+00   6.575685e-07   4.535969e-04   0.000000e+00   0.000000e+00   0.000000e+00   7.043366e-05
 0.000000e+00   0.000000e+00   2.714535e-04   0.000000e+00   0.000000e+00   4.549990e-04  -1.355867e-05  -1.946578e-04   0.000000e+00
 0.000000e+00   0.000000e+00  -2.182758e-05   0.000000e+00   0.000000e+00  -1.355867e-05   3.440743e-01  -4.956218e-01   0.000000e+00
 0.000000e+00   0.000000e+00   1.027580e-04   0.000000e+00   0.000000e+00  -1.946578e-04  -4.956218e-01   8.514971e-01   0.000000e+00
-3.196312e-05  -1.490197e-05   0.000000e+00   8.935908e-05   7.043366e-05   0.000000e+00   0.000000e+00   0.000000e+00   4.099644e-02

# timestamp: 1774889052.4424577
 9.123052e-04   4.271640e-07   0.000000e+00   2.845036e-04   2.531107e-07   0.000000e+00   0.000000e+00   0.000000e+00  -2.925165e-05
 4.271640e-07   9.118180e-04   0.000000e+00   3.021466e-07   2.841907e-04   0.000000e+00   0.000000e+00   0.000000e+00  -1.276668e-05
 0.000000e+00   0.000000e+00   9.127291e-04   0.000000e+00   0.000000e+00   2.849051e-04  -2.216471e-05   9.673199e-05   0.000000e+00
 2.845036e-04   3.021466e-07   0.000000e+00   4.571361e-04   6.852401e-07   0.000000e+00   0.000000e+00   0.000000e+00   9.756284e-05
 2.531107e-07   2.841907e-04   0.000000e+00   6.852401e-07   4.565642e-04   0.000000e+00   0.000000e+00   0.000000e+00   7.670188e-05
 0.000000e+00   0.000000e+00   2.849051e-04   0.000000e+00   0.000000e+00   4.580099e-04  -7.324467e-06  -2.245382e-04   0.000000e+00
 0.000000e+00   0.000000e+00  -2.216471e-05   0.000000e+00   0.000000e+00  -7.324467e-06   3.470201e-01  -4.956218e-01   0.000000e+00
 0.000000e+00   0.000000e+00   9.673199e-05   0.000000e+00   0.000000e+00  -2.245382e-04  -4.956218e-01   8.544429e-01   0.000000e+00
-2.925165e-05  -1.276668e-05   0.000000e+00   9.756284e-05   7.670188e-05   0.000000e+00   0.000000e+00   0.000000e+00   4.394222e-02

# timestamp: 1774889052.4661973
 9.491683e-04   4.404578e-07   0.000000e+00   2.952037e-04   2.660781e-07   0.000000e+00   0.000000e+00   0.000000e+00  -2.692295e-05
 4.404578e-07   9.486661e-04   0.000000e+00   3.165687e-07   2.948803e-04   0.000000e+00   0.000000e+00   0.000000e+00  -1.093705e-05
 0.000000e+00   0.000000e+00   9.496113e-04   0.000000e+00   0.000000e+00   2.956226e-04  -2.230025e-05   9.130959e-05   0.000000e+00
 2.952037e-04   3.165687e-07   0.000000e+00   4.595002e-04   7.089082e-07   0.000000e+00   0.000000e+00   0.000000e+00   1.044471e-04
 2.660781e-07   2.948803e-04   0.000000e+00   7.089082e-07   4.589160e-04   0.000000e+00   0.000000e+00   0.000000e+00   8.196195e-05
 0.000000e+00   0.000000e+00   2.956226e-04   0.000000e+00   0.000000e+00   4.603996e-04  -2.771510e-06  -2.485030e-04   0.000000e+00
 0.000000e+00   0.000000e+00  -2.230025e-05   0.000000e+00   0.000000e+00  -2.771510e-06   3.493536e-01  -4.956218e-01   0.000000e+00
 0.000000e+00   0.000000e+00   9.130959e-05   0.000000e+00   0.000000e+00  -2.485030e-04  -4.956218e-01   8.567764e-01   0.000000e+00
-2.692295e-05  -1.093705e-05   0.000000e+00   1.044471e-04   8.196195e-05   0.000000e+00   0.000000e+00   0.000000e+00   4.627577e-02

# timestamp: 1774889052.718407
 8.640516e-04   7.000165e-07   0.000000e+00   2.619416e-04   3.177276e-07   0.000000e+00   0.000000e+00   0.000000e+00  -7.578171e-05
 7.000165e-07   8.633573e-04   0.000000e+00   3.831461e-07   2.616001e-04   0.000000e+00   0.000000e+00   0.000000e+00  -4.061486e-05
 0.000000e+00   0.000000e+00   8.646374e-04   0.000000e+00   0.000000e+00   2.624539e-04   1.493880e-04  -7.627683e-05   0.000000e+00
 2.619416e-04   3.831461e-07   0.000000e+00   4.396004e-04   7.244184e-07   0.000000e+00   0.000000e+00   0.000000e+00   6.605563e-05
 3.177276e-07   2.616001e-04   0.000000e+00   7.244184e-07   4.391078e-04   0.000000e+00   0.000000e+00   0.000000e+00   6.667737e-05
 0.000000e+00   0.000000e+00   2.624539e-04   0.000000e+00   0.000000e+00   4.408750e-04   3.085952e-04  -6.619307e-04   0.000000e+00
 0.000000e+00   0.000000e+00   1.493880e-04   0.000000e+00   0.000000e+00   3.085952e-04   3.638911e-01  -5.126860e-01   0.000000e+00
 0.000000e+00   0.000000e+00  -7.627683e-05   0.000000e+00   0.000000e+00  -6.619307e-04  -5.126860e-01   8.556054e-01   0.000000e+00
-7.578171e-05  -4.061486e-05   0.000000e+00   6.605563e-05   6.667737e-05   0.000000e+00   0.000000e+00   0.000000e+00   4.115442e-02

# timestamp: 1774889052.7362702
 8.874130e-04   7.108524e-07   0.000000e+00   2.686648e-04   3.229442e-07   0.000000e+00   0.000000e+00   0.000000e+00  -7.476521e-05
 7.108524e-07   8.867081e-04   0.000000e+00   3.921674e-07   2.683165e-04   0.000000e+00   0.000000e+00   0.000000e+00  -3.958465e-05
 0.000000e+00   0.000000e+00   8.880148e-04   0.000000e+00   0.000000e+00   2.691993e-04   1.541789e-04  -8.653392e-05   0.000000e+00
 2.686648e-04   3.921674e-07   0.000000e+00   4.411337e-04   7.332227e-07   0.000000e+00   0.000000e+00   0.000000e+00   6.825164e-05
 3.229442e-07   2.683165e-04   0.000000e+00   7.332227e-07   4.406447e-04   0.000000e+00   0.000000e+00   0.000000e+00   6.998896e-05
 0.000000e+00   0.000000e+00   2.691993e-04   0.000000e+00   0.000000e+00   4.424750e-04   3.297818e-04  -7.023885e-04   0.000000e+00
 0.000000e+00   0.000000e+00   1.541789e-04   0.000000e+00   0.000000e+00   3.297818e-04   3.654173e-01  -5.126860e-01   0.000000e+00
 0.000000e+00   0.000000e+00  -8.653392e-05   0.000000e+00   0.000000e+00  -7.023885e-04  -5.126860e-01   8.571316e-01   0.000000e+00
-7.476521e-05  -3.958465e-05   0.000000e+00   6.825164e-05   6.998896e-05   0.000000e+00   0.000000e+00   0.000000e+00   4.268071e-02

# timestamp: 1774889052.7915876
 9.181177e-04   4.137007e-06   0.000000e+00   2.772072e-04   2.437570e-06   0.000000e+00   0.000000e+00   0.000000e+00   4.739461e-04
 4.137007e-06   9.146885e-04   0.000000e+00   2.163191e-06   2.756264e-04   0.000000e+00   0.000000e+00   0.000000e+00   3.196295e-04
 0.000000e+00   0.000000e+00   9.212193e-04   0.000000e+00   0.000000e+00   2.794754e-04  -2.253488e-04  -7.131995e-04   0.000000e+00
 2.772072e-04   2.163191e-06   0.000000e+00   4.416501e-04   1.596810e-06   0.000000e+00   0.000000e+00   0.000000e+00   2.315704e-04
 2.437570e-06   2.756264e-04   0.000000e+00   1.596810e-06   4.407030e-04   0.000000e+00   0.000000e+00   0.000000e+00   1.824247e-04
 0.000000e+00   0.000000e+00   2.794754e-04   0.000000e+00   0.000000e+00   4.440690e-04   3.150123e-04  -1.047488e-03   0.000000e+00
 0.000000e+00   0.000000e+00  -2.253488e-04   0.000000e+00   0.000000e+00   3.150123e-04   3.705086e-01  -5.156065e-01   0.000000e+00
 0.000000e+00   0.000000e+00  -7.131995e-04   0.000000e+00   0.000000e+00  -1.047488e-03  -5.156065e-01   8.601925e-01   0.000000e+00
 4.739461e-04   3.196295e-04   0.000000e+00   2.315704e-04   1.824247e-04   0.000000e+00   0.000000e+00   0.000000e+00   4.455817e-02

# timestamp: 1774889053.0597632
 9.164327e-04   5.469709e-07   0.000000e+00   2.705466e-04   3.249514e-07   0.000000e+00   0.000000e+00   0.000000e+00  -3.582773e-05
 5.469709e-07   9.159308e-04   0.000000e+00   3.920255e-07   2.702357e-04   0.000000e+00   0.000000e+00   0.000000e+00  -1.541316e-05
 0.000000e+00   0.000000e+00   9.170269e-04   0.000000e+00   0.000000e+00   2.714928e-04   2.343622e-04  -2.876363e-04   0.000000e+00
 2.705466e-04   3.920255e-07   0.000000e+00   4.319585e-04   6.856754e-07   0.000000e+00   0.000000e+00   0.000000e+00   4.718285e-05
 3.249514e-07   2.702357e-04   0.000000e+00   6.856754e-07   4.316545e-04   0.000000e+00   0.000000e+00   0.000000e+00   7.576210e-05
 0.000000e+00   0.000000e+00   2.714928e-04   0.000000e+00   0.000000e+00   4.351806e-04   8.601183e-04  -1.460780e-03   0.000000e+00
 0.000000e+00   0.000000e+00   2.343622e-04   0.000000e+00   0.000000e+00   8.601183e-04   3.910769e-01  -5.276253e-01   0.000000e+00
 0.000000e+00   0.000000e+00  -2.876363e-04   0.000000e+00   0.000000e+00  -1.460780e-03  -5.276253e-01   8.505016e-01   0.000000e+00
-3.582773e-05  -1.541316e-05   0.000000e+00   4.718285e-05   7.576210e-05   0.000000e+00   0.000000e+00   0.000000e+00   4.531438e-02

# timestamp: 1774889053.1046429
 8.145504e-04   4.008824e-07   0.000000e+00   2.397183e-04   2.763364e-07   0.000000e+00   0.000000e+00   0.000000e+00  -2.245684e-05
 4.008824e-07   8.141856e-04   0.000000e+00   3.281148e-07   2.394667e-04   0.000000e+00   0.000000e+00   0.000000e+00  -8.297887e-06
 0.000000e+00   0.000000e+00   8.150209e-04   0.000000e+00   0.000000e+00   2.406214e-04   2.215228e-04  -2.904871e-04   0.000000e+00
 2.397183e-04   3.281148e-07   0.000000e+00   4.218594e-04   6.409142e-07   0.000000e+00   0.000000e+00   0.000000e+00   3.937533e-05
 2.763364e-07   2.394667e-04   0.000000e+00   6.409142e-07   4.215851e-04   0.000000e+00   0.000000e+00   0.000000e+00   6.521743e-05
 0.000000e+00   0.000000e+00   2.406214e-04   0.000000e+00   0.000000e+00   4.252511e-04   9.202981e-04  -1.505640e-03   0.000000e+00
 0.000000e+00   0.000000e+00   2.215228e-04   0.000000e+00   0.000000e+00   9.202981e-04   3.933792e-01  -5.323489e-01   0.000000e+00
 0.000000e+00   0.000000e+00  -2.904871e-04   0.000000e+00   0.000000e+00  -1.505640e-03  -5.323489e-01   8.371627e-01   0.000000e+00
-2.245684e-05  -8.297887e-06   0.000000e+00   3.937533e-05   6.521743e-05   0.000000e+00   0.000000e+00   0.000000e+00   3.851271e-02

# timestamp: 1774889053.1376374
 8.833490e-04   4.299355e-07   0.000000e+00   2.592315e-04   3.027240e-07   0.000000e+00   0.000000e+00   0.000000e+00  -2.064323e-05
 4.299355e-07   8.829605e-04   0.000000e+00   3.575455e-07   2.589669e-04   0.000000e+00   0.000000e+00   0.000000e+00  -5.226159e-06
 0.000000e+00   0.000000e+00   8.839108e-04   0.000000e+00   0.000000e+00   2.603432e-04   2.647267e-04  -3.611273e-04   0.000000e+00
 2.592315e-04   3.575455e-07   0.000000e+00   4.264502e-04   6.475619e-07   0.000000e+00   0.000000e+00   0.000000e+00   3.987353e-05
 3.027240e-07   2.589669e-04   0.000000e+00   6.475619e-07   4.261951e-04   0.000000e+00   0.000000e+00   0.000000e+00   7.137161e-05
 0.000000e+00   0.000000e+00   2.603432e-04   0.000000e+00   0.000000e+00   4.302788e-04   9.939570e-04  -1.623048e-03   0.000000e+00
 0.000000e+00   0.000000e+00   2.647267e-04   0.000000e+00   0.000000e+00   9.939570e-04   3.979691e-01  -5.323489e-01   0.000000e+00
 0.000000e+00   0.000000e+00  -3.611273e-04   0.000000e+00   0.000000e+00  -1.623048e-03  -5.323489e-01   8.417526e-01   0.000000e+00
-2.064323e-05  -5.226159e-06   0.000000e+00   3.987353e-05   7.137161e-05   0.000000e+00   0.000000e+00   0.000000e+00   4.310257e-02

# timestamp: 1774889053.470652
 9.243345e-04   9.345124e-07   0.000000e+00   2.656503e-04   4.020838e-07   0.000000e+00   0.000000e+00   0.000000e+00  -1.000765e-04
 9.345124e-07   9.236770e-04   0.000000e+00   5.012421e-07   2.653035e-04   0.000000e+00   0.000000e+00   0.000000e+00  -6.215435e-05
 0.000000e+00   0.000000e+00   9.256804e-04   0.000000e+00   0.000000e+00   2.680040e-04   5.651008e-04  -6.024970e-04   0.000000e+00
 2.656503e-04   5.012421e-07   0.000000e+00   4.207952e-04   5.678358e-07   0.000000e+00   0.000000e+00   0.000000e+00  -1.103787e-05
 4.020838e-07   2.653035e-04   0.000000e+00   5.678358e-07   4.206126e-04   0.000000e+00   0.000000e+00   0.000000e+00   4.462043e-05
 0.000000e+00   0.000000e+00   2.680040e-04   0.000000e+00   0.000000e+00   4.277190e-04   1.541170e-03  -2.231202e-03   0.000000e+00
 0.000000e+00   0.000000e+00   5.651008e-04   0.000000e+00   0.000000e+00   1.541170e-03   4.277320e-01  -5.449412e-01   0.000000e+00
 0.000000e+00   0.000000e+00  -6.024970e-04   0.000000e+00   0.000000e+00  -2.231202e-03  -5.449412e-01   8.243402e-01   0.000000e+00
-1.000765e-04  -6.215435e-05   0.000000e+00  -1.103787e-05   4.462043e-05   0.000000e+00   0.000000e+00   0.000000e+00   4.611624e-02

# timestamp: 1774889053.52915
 8.649958e-04   6.854889e-07   0.000000e+00   2.478470e-04   3.395016e-07   0.000000e+00   0.000000e+00   0.000000e+00  -6.695994e-05
 6.854889e-07   8.645186e-04   0.000000e+00   4.157974e-07   2.475770e-04   0.000000e+00   0.000000e+00   0.000000e+00  -3.903594e-05
 0.000000e+00   0.000000e+00   8.662085e-04   0.000000e+00   0.000000e+00   2.503263e-04   5.586530e-04  -6.567027e-04   0.000000e+00
 2.478470e-04   4.157974e-07   0.000000e+00   4.145060e-04   5.277242e-07   0.000000e+00   0.000000e+00   0.000000e+00  -5.620653e-06
 3.395016e-07   2.475770e-04   0.000000e+00   5.277242e-07   4.143581e-04   0.000000e+00   0.000000e+00   0.000000e+00   4.439957e-05
 0.000000e+00   0.000000e+00   2.503263e-04   0.000000e+00   0.000000e+00   4.219881e-04   1.621773e-03  -2.330766e-03   0.000000e+00
 0.000000e+00   0.000000e+00   5.586530e-04   0.000000e+00   0.000000e+00   1.621773e-03   4.313550e-01  -5.499591e-01   0.000000e+00
 0.000000e+00   0.000000e+00  -6.567027e-04   0.000000e+00   0.000000e+00  -2.330766e-03  -5.499591e-01   8.198425e-01   0.000000e+00
-6.695994e-05  -3.903594e-05   0.000000e+00  -5.620653e-06   4.439957e-05   0.000000e+00   0.000000e+00   0.000000e+00   4.232971e-02

# timestamp: 1774889053.561274
 9.360104e-04   7.218916e-07   0.000000e+00   2.674073e-04   3.554995e-07   0.000000e+00   0.000000e+00   0.000000e+00  -6.723089e-05
 7.218916e-07   9.355074e-04   0.000000e+00   4.408557e-07   2.671251e-04   0.000000e+00   0.000000e+00   0.000000e+00  -3.684890e-05
 0.000000e+00   0.000000e+00   9.374758e-04   0.000000e+00   0.000000e+00   2.703481e-04   6.360590e-04  -7.680111e-04   0.000000e+00
 2.674073e-04   4.408557e-07   0.000000e+00   4.191929e-04   5.265335e-07   0.000000e+00   0.000000e+00   0.000000e+00  -6.035745e-06
 3.554995e-07   2.671251e-04   0.000000e+00   5.265335e-07   4.190571e-04   0.000000e+00   0.000000e+00   0.000000e+00   5.026240e-05
 0.000000e+00   0.000000e+00   2.703481e-04   0.000000e+00   0.000000e+00   4.273250e-04   1.697157e-03  -2.442617e-03   0.000000e+00
 0.000000e+00   0.000000e+00   6.360590e-04   0.000000e+00   0.000000e+00   1.697157e-03   4.360418e-01  -5.499591e-01   0.000000e+00
 0.000000e+00   0.000000e+00  -7.680111e-04   0.000000e+00   0.000000e+00  -2.442617e-03  -5.499591e-01   8.245292e-01   0.000000e+00
-6.723089e-05  -3.684890e-05   0.000000e+00  -6.035745e-06   5.026240e-05   0.000000e+00   0.000000e+00   0.000000e+00   4.701647e-02

# timestamp: 1774889053.8907814
 7.943286e-04   6.310045e-07   0.000000e+00   2.238336e-04   2.949365e-07   0.000000e+00   0.000000e+00   0.000000e+00  -6.899271e-05
 6.310045e-07   7.939248e-04   0.000000e+00   3.627850e-07   2.236260e-04   0.000000e+00   0.000000e+00   0.000000e+00  -4.092933e-05
 0.000000e+00   0.000000e+00   7.961439e-04   0.000000e+00   0.000000e+00   2.278981e-04   7.884360e-04  -9.509675e-04   0.000000e+00
 2.238336e-04   3.627850e-07   0.000000e+00   4.018610e-04   4.173546e-07   0.000000e+00   0.000000e+00   0.000000e+00  -2.057853e-05
 2.949365e-07   2.236260e-04   0.000000e+00   4.173546e-07   4.017822e-04   0.000000e+00   0.000000e+00   0.000000e+00   2.914285e-05
 0.000000e+00   0.000000e+00   2.278981e-04   0.000000e+00   0.000000e+00   4.131534e-04   2.106675e-03  -2.904847e-03   0.000000e+00
 0.000000e+00   0.000000e+00   7.884360e-04   0.000000e+00   0.000000e+00   2.106675e-03   4.517354e-01  -5.699335e-01   0.000000e+00
 0.000000e+00   0.000000e+00  -9.509675e-04   0.000000e+00   0.000000e+00  -2.904847e-03  -5.699335e-01   8.233741e-01   0.000000e+00
-6.899271e-05  -4.092933e-05   0.000000e+00  -2.057853e-05   2.914285e-05   0.000000e+00   0.000000e+00   0.000000e+00   3.808967e-02

# timestamp: 1774889053.9553783
 9.030788e-04   6.814191e-07   0.000000e+00   2.537516e-04   3.134334e-07   0.000000e+00   0.000000e+00   0.000000e+00  -7.059950e-05
 6.814191e-07   9.026434e-04   0.000000e+00   3.964357e-07   2.535261e-04   0.000000e+00   0.000000e+00   0.000000e+00  -3.858240e-05
 0.000000e+00   0.000000e+00   9.055688e-04   0.000000e+00   0.000000e+00   2.589364e-04   9.472747e-04  -1.170058e-03   0.000000e+00
 2.537516e-04   3.964357e-07   0.000000e+00   4.092249e-04   4.109573e-07   0.000000e+00   0.000000e+00   0.000000e+00  -2.392818e-05
 3.134334e-07   2.535261e-04   0.000000e+00   4.109573e-07   4.091539e-04   0.000000e+00   0.000000e+00   0.000000e+00   3.648338e-05
 0.000000e+00   0.000000e+00   2.589364e-04   0.000000e+00   0.000000e+00   4.218881e-04   2.240672e-03  -3.092200e-03   0.000000e+00
 0.000000e+00   0.000000e+00   9.472747e-04   0.000000e+00   0.000000e+00   2.240672e-03   4.590957e-01  -5.699335e-01   0.000000e+00
 0.000000e+00   0.000000e+00  -1.170058e-03   0.000000e+00   0.000000e+00  -3.092200e-03  -5.699335e-01   8.307345e-01   0.000000e+00
-7.059950e-05  -3.858240e-05   0.000000e+00  -2.392818e-05   3.648338e-05   0.000000e+00   0.000000e+00   0.000000e+00   4.545003e-02

# timestamp: 1774889054.261704
 9.078219e-04   7.348213e-07   0.000000e+00   2.519589e-04   3.003124e-07   0.000000e+00   0.000000e+00   0.000000e+00  -8.935088e-05
 7.348213e-07   9.073435e-04   0.000000e+00   3.892082e-07   2.517339e-04   0.000000e+00   0.000000e+00   0.000000e+00  -5.029823e-05
 0.000000e+00   0.000000e+00   9.115961e-04   0.000000e+00   0.000000e+00   2.596520e-04   1.228793e-03  -1.518179e-03   0.000000e+00
 2.519589e-04   3.892082e-07   0.000000e+00   4.047281e-04   3.342447e-07   0.000000e+00   0.000000e+00   0.000000e+00  -4.173406e-05
 3.003124e-07   2.517339e-04   0.000000e+00   3.342447e-07   4.046737e-04   0.000000e+00   0.000000e+00   0.000000e+00   2.702529e-05
 0.000000e+00   0.000000e+00   2.596520e-04   0.000000e+00   0.000000e+00   4.222219e-04   2.698601e-03  -3.684058e-03   0.000000e+00
 0.000000e+00   0.000000e+00   1.228793e-03   0.000000e+00   0.000000e+00   2.698601e-03   4.697445e-01  -5.836447e-01   0.000000e+00
 0.000000e+00   0.000000e+00  -1.518179e-03   0.000000e+00   0.000000e+00  -3.684058e-03  -5.836447e-01   8.488941e-01   0.000000e+00
-8.935088e-05  -5.029823e-05   0.000000e+00  -4.173406e-05   2.702529e-05   0.000000e+00   0.000000e+00   0.000000e+00   4.565686e-02

# timestamp: 1774889054.3137355
 8.924870e-04   3.696321e-06   0.000000e+00   2.470429e-04   1.572833e-06   0.000000e+00   0.000000e+00   0.000000e+00   4.234111e-04
 3.696321e-06   8.902874e-04   0.000000e+00   1.046840e-06   2.468882e-04   0.000000e+00   0.000000e+00   0.000000e+00   3.147676e-04
 0.000000e+00   0.000000e+00   8.981174e-04   0.000000e+00   0.000000e+00   2.552838e-04   6.431206e-04  -1.789540e-03   0.000000e+00
 2.470429e-04   1.046840e-06   0.000000e+00   4.028112e-04   6.335977e-07   0.000000e+00   0.000000e+00   0.000000e+00   9.872436e-05
 1.572833e-06   2.468882e-04   0.000000e+00   6.335977e-07   4.029258e-04   0.000000e+00   0.000000e+00   0.000000e+00   1.257942e-04
 0.000000e+00   0.000000e+00   2.552838e-04   0.000000e+00   0.000000e+00   4.208947e-04   2.572185e-03  -3.818604e-03   0.000000e+00
 0.000000e+00   0.000000e+00   6.431206e-04   0.000000e+00   0.000000e+00   2.572185e-03   4.674722e-01  -5.847341e-01   0.000000e+00
 0.000000e+00   0.000000e+00  -1.789540e-03   0.000000e+00   0.000000e+00  -3.818604e-03  -5.847341e-01   8.527989e-01   0.000000e+00
 4.234111e-04   3.147676e-04   0.000000e+00   9.872436e-05   1.257942e-04   0.000000e+00   0.000000e+00   0.000000e+00   4.447710e-02

# timestamp: 1774889054.6014001
 8.238569e-04   3.343207e-07   0.000000e+00   2.263391e-04   1.839000e-07   0.000000e+00   0.000000e+00   0.000000e+00  -3.345684e-05
 3.343207e-07   8.236588e-04   0.000000e+00   2.286977e-07   2.262338e-04   0.000000e+00   0.000000e+00   0.000000e+00  -1.328211e-05
 0.000000e+00   0.000000e+00   8.280169e-04   0.000000e+00   0.000000e+00   2.355383e-04   1.305103e-03  -1.728477e-03   0.000000e+00
 2.263391e-04   2.286977e-07   0.000000e+00   3.941475e-04   2.327353e-07   0.000000e+00   0.000000e+00   0.000000e+00  -3.722004e-05
 1.839000e-07   2.262338e-04   0.000000e+00   2.327353e-07   3.941084e-04   0.000000e+00   0.000000e+00   0.000000e+00   1.846582e-05
 0.000000e+00   0.000000e+00   2.355383e-04   0.000000e+00   0.000000e+00   4.153343e-04   3.014525e-03  -4.096296e-03   0.000000e+00
 0.000000e+00   0.000000e+00   1.305103e-03   0.000000e+00   0.000000e+00   3.014525e-03   4.789175e-01  -6.005653e-01   0.000000e+00
 0.000000e+00   0.000000e+00  -1.728477e-03   0.000000e+00   0.000000e+00  -4.096296e-03  -6.005653e-01   8.627536e-01   0.000000e+00
-3.345684e-05  -1.328211e-05   0.000000e+00  -3.722004e-05   1.846582e-05   0.000000e+00   0.000000e+00   0.000000e+00   4.034904e-02

# timestamp: 1774889054.6199405
 8.522109e-04   3.424226e-07   0.000000e+00   2.340186e-04   1.883099e-07   0.000000e+00   0.000000e+00   0.000000e+00  -3.419203e-05
 3.424226e-07   8.520086e-04   0.000000e+00   2.338240e-07   2.339109e-04   0.000000e+00   0.000000e+00   0.000000e+00  -1.292278e-05
 0.000000e+00   0.000000e+00   8.567370e-04   0.000000e+00   0.000000e+00   2.436982e-04   1.363790e-03  -1.808210e-03   0.000000e+00
 2.340186e-04   2.338240e-07   0.000000e+00   3.960927e-04   2.317479e-07   0.000000e+00   0.000000e+00   0.000000e+00  -3.918024e-05
 1.883099e-07   2.339109e-04   0.000000e+00   2.317479e-07   3.960501e-04   0.000000e+00   0.000000e+00   0.000000e+00   1.859151e-05
 0.000000e+00   0.000000e+00   2.436982e-04   0.000000e+00   0.000000e+00   4.175856e-04   3.038941e-03  -4.127171e-03   0.000000e+00
 0.000000e+00   0.000000e+00   1.363790e-03   0.000000e+00   0.000000e+00   3.038941e-03   4.808591e-01  -6.005653e-01   0.000000e+00
 0.000000e+00   0.000000e+00  -1.808210e-03   0.000000e+00   0.000000e+00  -4.127171e-03  -6.005653e-01   8.646952e-01   0.000000e+00
-3.419203e-05  -1.292278e-05   0.000000e+00  -3.918024e-05   1.859151e-05   0.000000e+00   0.000000e+00   0.000000e+00   4.229063e-02

# timestamp: 1774889054.6387546
 8.844958e-04   3.517662e-07   0.000000e+00   2.427121e-04   1.932502e-07   0.000000e+00   0.000000e+00   0.000000e+00  -3.506509e-05
 3.517662e-07   8.842888e-04   0.000000e+00   2.395529e-07   2.426016e-04   0.000000e+00   0.000000e+00   0.000000e+00  -1.251526e-05
 0.000000e+00   0.000000e+00   8.894566e-04   0.000000e+00   0.000000e+00   2.529433e-04   1.430427e-03  -1.898690e-03   0.000000e+00
 2.427121e-04   2.395529e-07   0.000000e+00   3.982832e-04   2.306216e-07   0.000000e+00   0.000000e+00   0.000000e+00  -4.149948e-05
 1.932502e-07   2.426016e-04   0.000000e+00   2.306216e-07   3.982365e-04   0.000000e+00   0.000000e+00   0.000000e+00   1.874023e-05
 0.000000e+00   0.000000e+00   2.529433e-04   0.000000e+00   0.000000e+00   4.201236e-04   3.066545e-03  -4.161945e-03   0.000000e+00
 0.000000e+00   0.000000e+00   1.430427e-03   0.000000e+00   0.000000e+00   3.066545e-03   4.830453e-01  -6.005653e-01   0.000000e+00
 0.000000e+00   0.000000e+00  -1.898690e-03   0.000000e+00   0.000000e+00  -4.161945e-03  -6.005653e-01   8.668815e-01   0.000000e+00
-3.506509e-05  -1.251526e-05   0.000000e+00  -4.149948e-05   1.874023e-05   0.000000e+00   0.000000e+00   0.000000e+00   4.447688e-02

# timestamp: 1774889054.6576545
 9.079288e-04   3.586234e-07   0.000000e+00   2.489889e-04   1.967831e-07   0.000000e+00   0.000000e+00   0.000000e+00  -3.572346e-05
 3.586234e-07   9.077182e-04   0.000000e+00   2.436407e-07   2.488762e-04   0.000000e+00   0.000000e+00   0.000000e+00  -1.222046e-05
 0.000000e+00   0.000000e+00   9.132168e-04   0.000000e+00   0.000000e+00   2.596234e-04   1.478674e-03  -1.964163e-03   0.000000e+00
 2.489889e-04   2.436407e-07   0.000000e+00   3.998573e-04   2.298023e-07   0.000000e+00   0.000000e+00   0.000000e+00  -4.323876e-05
 1.967831e-07   2.488762e-04   0.000000e+00   2.298023e-07   3.998075e-04   0.000000e+00   0.000000e+00   0.000000e+00   1.885176e-05
 0.000000e+00   0.000000e+00   2.596234e-04   0.000000e+00   0.000000e+00   4.219492e-04   3.086453e-03  -4.186936e-03   0.000000e+00
 0.000000e+00   0.000000e+00   1.478674e-03   0.000000e+00   0.000000e+00   3.086453e-03   4.846162e-01  -6.005653e-01   0.000000e+00
 0.000000e+00   0.000000e+00  -1.964163e-03   0.000000e+00   0.000000e+00  -4.186936e-03  -6.005653e-01   8.684524e-01   0.000000e+00
-3.572346e-05  -1.222046e-05   0.000000e+00  -4.323876e-05   1.885176e-05   0.000000e+00   0.000000e+00   0.000000e+00   4.604777e-02

# timestamp: 1774889054.6915672
 8.870205e-04   4.124918e-06   0.000000e+00   2.425470e-04   1.450950e-06   0.000000e+00   0.000000e+00   0.000000e+00   4.595373e-04
 4.124918e-06   8.848542e-04   0.000000e+00   9.834160e-07   2.424529e-04   0.000000e+00   0.000000e+00   0.000000e+00   3.544514e-04
 0.000000e+00   0.000000e+00   8.956932e-04   0.000000e+00   0.000000e+00   2.547256e-04   1.054012e-03  -2.429766e-03   0.000000e+00
 2.425470e-04   9.834160e-07   0.000000e+00   3.976479e-04   4.899568e-07   0.000000e+00   0.000000e+00   0.000000e+00   9.260413e-05
 1.450950e-06   2.424529e-04   0.000000e+00   4.899568e-07   3.977512e-04   0.000000e+00   0.000000e+00   0.000000e+00   1.167308e-04
 0.000000e+00   0.000000e+00   2.547256e-04   0.000000e+00   0.000000e+00   4.204252e-04   2.979478e-03  -4.328741e-03   0.000000e+00
 0.000000e+00   0.000000e+00   1.054012e-03   0.000000e+00   0.000000e+00   2.979478e-03   4.843117e-01  -6.028580e-01   0.000000e+00
 0.000000e+00   0.000000e+00  -2.429766e-03   0.000000e+00   0.000000e+00  -4.328741e-03  -6.028580e-01   8.707525e-01   0.000000e+00
 4.595373e-04   3.544514e-04   0.000000e+00   9.260413e-05   1.167308e-04   0.000000e+00   0.000000e+00   0.000000e+00   4.446464e-02

# timestamp: 1774889054.9284708
 8.268038e-04   9.125327e-07   0.000000e+00   2.251039e-04   3.157029e-07   0.000000e+00   0.000000e+00   0.000000e+00  -1.210478e-04
 9.125327e-07   8.262927e-04   0.000000e+00   3.690038e-07   2.249102e-04   0.000000e+00   0.000000e+00   0.000000e+00  -8.772198e-05
 0.000000e+00   0.000000e+00   8.315556e-04   0.000000e+00   0.000000e+00   2.344793e-04   1.424976e-03  -1.681492e-03   0.000000e+00
 2.251039e-04   3.690038e-07   0.000000e+00   3.912684e-04   2.349592e-07   0.000000e+00   0.000000e+00   0.000000e+00  -5.484745e-05
 3.157029e-07   2.249102e-04   0.000000e+00   2.349592e-07   3.911928e-04   0.000000e+00   0.000000e+00   0.000000e+00  -1.107426e-05
 0.000000e+00   0.000000e+00   2.344793e-04   0.000000e+00   0.000000e+00   4.120420e-04   3.034647e-03  -4.031841e-03   0.000000e+00
 0.000000e+00   0.000000e+00   1.424976e-03   0.000000e+00   0.000000e+00   3.034647e-03   4.929389e-01  -6.139611e-01   0.000000e+00
 0.000000e+00   0.000000e+00  -1.681492e-03   0.000000e+00   0.000000e+00  -4.031841e-03  -6.139611e-01   8.731707e-01   0.000000e+00
-1.210478e-04  -8.772198e-05   0.000000e+00  -5.484745e-05  -1.107426e-05   0.000000e+00   0.000000e+00   0.000000e+00   4.033124e-02

# timestamp: 1774889054.969646
 7.712312e-04   6.469146e-07   0.000000e+00   2.096636e-04   2.373422e-07   0.000000e+00   0.000000e+00   0.000000e+00  -8.365377e-05
 6.469146e-07   7.708735e-04   0.000000e+00   2.708620e-07   2.095364e-04   0.000000e+00   0.000000e+00   0.000000e+00  -5.949525e-05
 0.000000e+00   0.000000e+00   7.754210e-04   0.000000e+00   0.000000e+00   2.184043e-04   1.329092e-03  -1.632382e-03   0.000000e+00
 2.096636e-04   2.708620e-07   0.000000e+00   3.866370e-04   2.031259e-07   0.000000e+00   0.000000e+00   0.000000e+00  -3.805596e-05
 2.373422e-07   2.095364e-04   0.000000e+00   2.031259e-07   3.865906e-04   0.000000e+00   0.000000e+00   0.000000e+00  -4.227010e-06
 0.000000e+00   0.000000e+00   2.184043e-04   0.000000e+00   0.000000e+00   4.066361e-04   2.963050e-03  -3.969136e-03   0.000000e+00
 0.000000e+00   0.000000e+00   1.329092e-03   0.000000e+00   0.000000e+00   2.963050e-03   4.914995e-01  -6.176814e-01   0.000000e+00
 0.000000e+00   0.000000e+00  -1.632382e-03   0.000000e+00   0.000000e+00  -3.969136e-03  -6.176814e-01   8.756853e-01   0.000000e+00
-8.365377e-05  -5.949525e-05   0.000000e+00  -3.805596e-05  -4.227010e-06   0.000000e+00   0.000000e+00   0.000000e+00   3.673001e-02

# timestamp: 1774889055.2981763
 8.202161e-04   7.705630e-07   0.000000e+00   2.214275e-04   2.306613e-07   0.000000e+00   0.000000e+00   0.000000e+00  -1.005709e-04
 7.705630e-07   8.197864e-04   0.000000e+00   2.378389e-07   2.213352e-04   0.000000e+00   0.000000e+00   0.000000e+00  -7.472744e-05
 0.000000e+00   0.000000e+00   8.252062e-04   0.000000e+00   0.000000e+00   2.299623e-04   1.460763e-03  -1.777221e-03   0.000000e+00
 2.214275e-04   2.378389e-07   0.000000e+00   3.876963e-04   1.798931e-07   0.000000e+00   0.000000e+00   0.000000e+00  -4.494092e-06
 2.306613e-07   2.213352e-04   0.000000e+00   1.798931e-07   3.876798e-04   0.000000e+00   0.000000e+00   0.000000e+00   2.744683e-06
 0.000000e+00   0.000000e+00   2.299623e-04   0.000000e+00   0.000000e+00   4.036929e-04   2.609581e-03  -3.549652e-03   0.000000e+00
 0.000000e+00   0.000000e+00   1.460763e-03   0.000000e+00   0.000000e+00   2.609581e-03   5.023118e-01  -6.295199e-01   0.000000e+00
 0.000000e+00   0.000000e+00  -1.777221e-03   0.000000e+00   0.000000e+00  -3.549652e-03  -6.295199e-01   8.970581e-01   0.000000e+00
-1.005709e-04  -7.472744e-05   0.000000e+00  -4.494092e-06   2.744683e-06   0.000000e+00   0.000000e+00   0.000000e+00   3.994861e-02

# timestamp: 1774889055.5664499
 9.186623e-04   4.311253e-07   0.000000e+00   2.471060e-04   1.348342e-07   0.000000e+00   0.000000e+00   0.000000e+00  -4.133495e-05
 4.311253e-07   9.184433e-04   0.000000e+00   1.282736e-07   2.470913e-04   0.000000e+00   0.000000e+00   0.000000e+00  -3.047745e-05
 0.000000e+00   0.000000e+00   9.245965e-04   0.000000e+00   0.000000e+00   2.557488e-04   1.586877e-03  -2.055794e-03   0.000000e+00
 2.471060e-04   1.282736e-07   0.000000e+00   3.933236e-04   1.733526e-07   0.000000e+00   0.000000e+00   0.000000e+00   4.055645e-05
 1.348342e-07   2.470913e-04   0.000000e+00   1.733526e-07   3.932945e-04   0.000000e+00   0.000000e+00   0.000000e+00   2.652914e-05
 0.000000e+00   0.000000e+00   2.557488e-04   0.000000e+00   0.000000e+00   4.064548e-04   2.318348e-03  -3.210747e-03   0.000000e+00
 0.000000e+00   0.000000e+00   1.586877e-03   0.000000e+00   0.000000e+00   2.318348e-03   5.200832e-01  -6.383824e-01   0.000000e+00
 0.000000e+00   0.000000e+00  -2.055794e-03   0.000000e+00   0.000000e+00  -3.210747e-03  -6.383824e-01   9.085785e-01   0.000000e+00
-4.133495e-05  -3.047745e-05   0.000000e+00   4.055645e-05   2.652914e-05   0.000000e+00   0.000000e+00   0.000000e+00   4.704834e-02

# timestamp: 1774889055.6244829
 8.495926e-04   6.166454e-07   0.000000e+00   2.282554e-04   1.595771e-07   0.000000e+00   0.000000e+00   0.000000e+00  -8.830000e-05
 6.166454e-07   8.491686e-04   0.000000e+00   1.815319e-07   2.282149e-04   0.000000e+00   0.000000e+00   0.000000e+00  -4.231300e-05
 0.000000e+00   0.000000e+00   8.572566e-04   0.000000e+00   0.000000e+00   2.381664e-04   1.872123e-03  -2.376436e-03   0.000000e+00
 2.282554e-04   1.815319e-07   0.000000e+00   3.879703e-04   1.833624e-07   0.000000e+00   0.000000e+00   0.000000e+00   2.535125e-05
 1.595771e-07   2.282149e-04   0.000000e+00   1.833624e-07   3.879394e-04   0.000000e+00   0.000000e+00   0.000000e+00   2.236122e-05
 0.000000e+00   0.000000e+00   2.381664e-04   0.000000e+00   0.000000e+00   4.013676e-04   2.358879e-03  -3.255253e-03   0.000000e+00
 0.000000e+00   0.000000e+00   1.872123e-03   0.000000e+00   0.000000e+00   2.358879e-03   5.156210e-01  -6.420741e-01   0.000000e+00
 0.000000e+00   0.000000e+00  -2.376436e-03   0.000000e+00   0.000000e+00  -3.255253e-03  -6.420741e-01   9.127089e-01   0.000000e+00
-8.830000e-05  -4.231300e-05   0.000000e+00   2.535125e-05   2.236122e-05   0.000000e+00   0.000000e+00   0.000000e+00   4.209064e-02

# timestamp: 1774889055.6622095
 9.014362e-04   6.287327e-07   0.000000e+00   2.420089e-04   1.566459e-07   0.000000e+00   0.000000e+00   0.000000e+00  -8.733981e-05
 6.287327e-07   9.010094e-04   0.000000e+00   1.824739e-07   2.419744e-04   0.000000e+00   0.000000e+00   0.000000e+00  -4.147108e-05
 0.000000e+00   0.000000e+00   9.098162e-04   0.000000e+00   0.000000e+00   2.524115e-04   1.955301e-03  -2.491365e-03   0.000000e+00
 2.420089e-04   1.824739e-07   0.000000e+00   3.915040e-04   1.897320e-07   0.000000e+00   0.000000e+00   0.000000e+00   3.131015e-05
 1.566459e-07   2.419744e-04   0.000000e+00   1.897320e-07   3.914709e-04   0.000000e+00   0.000000e+00   0.000000e+00   2.716520e-05
 0.000000e+00   0.000000e+00   2.524115e-04   0.000000e+00   0.000000e+00   4.049663e-04   2.358826e-03  -3.268067e-03   0.000000e+00
 0.000000e+00   0.000000e+00   1.955301e-03   0.000000e+00   0.000000e+00   2.358826e-03   5.191472e-01  -6.420741e-01   0.000000e+00
 0.000000e+00   0.000000e+00  -2.491365e-03   0.000000e+00   0.000000e+00  -3.268067e-03  -6.420741e-01   9.162350e-01   0.000000e+00
-8.733981e-05  -4.147108e-05   0.000000e+00   3.131015e-05   2.716520e-05   0.000000e+00   0.000000e+00   0.000000e+00   4.561680e-02

# timestamp: 1774889055.9664254
 8.901328e-04   1.093750e-06   0.000000e+00   2.377380e-04   1.921525e-07   0.000000e+00   0.000000e+00   0.000000e+00  -1.594426e-04
 1.093750e-06   8.891955e-04   0.000000e+00   2.716434e-07   2.375956e-04   0.000000e+00   0.000000e+00   0.000000e+00  -8.737680e-05
 0.000000e+00   0.000000e+00   8.990613e-04   0.000000e+00   0.000000e+00   2.483808e-04   1.975737e-03  -2.517840e-03   0.000000e+00
 2.377380e-04   2.716434e-07   0.000000e+00   3.891273e-04   2.324434e-07   0.000000e+00   0.000000e+00   0.000000e+00   1.750936e-05
 1.921525e-07   2.375956e-04   0.000000e+00   2.324434e-07   3.890731e-04   0.000000e+00   0.000000e+00   0.000000e+00   2.927773e-05
 0.000000e+00   0.000000e+00   2.483808e-04   0.000000e+00   0.000000e+00   4.027100e-04   2.279467e-03  -3.323775e-03   0.000000e+00
 0.000000e+00   0.000000e+00   1.975737e-03   0.000000e+00   0.000000e+00   2.279467e-03   4.785228e-01  -6.230650e-01   0.000000e+00
 0.000000e+00   0.000000e+00  -2.517840e-03   0.000000e+00   0.000000e+00  -3.323775e-03  -6.230650e-01   9.394003e-01   0.000000e+00
-1.594426e-04  -8.737680e-05   0.000000e+00   1.750936e-05   2.927773e-05   0.000000e+00   0.000000e+00   0.000000e+00   4.462312e-02

# timestamp: 1774889055.9983792
 8.065178e-04   7.529154e-07   0.000000e+00   2.154520e-04   1.346208e-07   0.000000e+00   0.000000e+00   0.000000e+00  -1.068961e-04
 7.529154e-07   8.058953e-04   0.000000e+00   1.996359e-07   2.153641e-04   0.000000e+00   0.000000e+00   0.000000e+00  -5.795053e-05
 0.000000e+00   0.000000e+00   8.133983e-04   0.000000e+00   0.000000e+00   2.246530e-04   1.686517e-03  -2.239415e-03   0.000000e+00
 2.154520e-04   1.996359e-07   0.000000e+00   3.830744e-04   2.191764e-07   0.000000e+00   0.000000e+00   0.000000e+00   2.442611e-05
 1.346208e-07   2.153641e-04   0.000000e+00   2.191764e-07   3.830317e-04   0.000000e+00   0.000000e+00   0.000000e+00   3.240244e-05
 0.000000e+00   0.000000e+00   2.246530e-04   0.000000e+00   0.000000e+00   3.961881e-04   2.207988e-03  -3.279094e-03   0.000000e+00
 0.000000e+00   0.000000e+00   1.686517e-03   0.000000e+00   0.000000e+00   2.207988e-03   4.648921e-01  -6.198154e-01   0.000000e+00
 0.000000e+00   0.000000e+00  -2.239415e-03   0.000000e+00   0.000000e+00  -3.279094e-03  -6.198154e-01   9.418460e-01   0.000000e+00
-1.068961e-04  -5.795053e-05   0.000000e+00   2.442611e-05   3.240244e-05   0.000000e+00   0.000000e+00   0.000000e+00   3.923710e-02

# timestamp: 1774889056.3176596
 8.711525e-04   3.485146e-06   0.000000e+00   2.328390e-04   1.619646e-06   0.000000e+00   0.000000e+00   0.000000e+00   4.239788e-04
 3.485146e-06   8.685817e-04   0.000000e+00   1.404502e-06   2.320327e-04   0.000000e+00   0.000000e+00   0.000000e+00   2.952182e-04
 0.000000e+00   0.000000e+00   8.795815e-04   0.000000e+00   0.000000e+00   2.433997e-04   1.091608e-03  -2.531177e-03   0.000000e+00
 2.328390e-04   1.404502e-06   0.000000e+00   3.870293e-04   7.957006e-07   0.000000e+00   0.000000e+00   0.000000e+00   1.726581e-04
 1.619646e-06   2.320327e-04   0.000000e+00   7.957006e-07   3.867765e-04   0.000000e+00   0.000000e+00   0.000000e+00   1.443653e-04
 0.000000e+00   0.000000e+00   2.433997e-04   0.000000e+00   0.000000e+00   4.024609e-04   2.223787e-03  -3.679969e-03   0.000000e+00
 0.000000e+00   0.000000e+00   1.091608e-03   0.000000e+00   0.000000e+00   2.223787e-03   4.671588e-01  -6.250380e-01   0.000000e+00
 0.000000e+00   0.000000e+00  -2.531177e-03   0.000000e+00   0.000000e+00  -3.679969e-03  -6.250380e-01   9.663326e-01   0.000000e+00
 4.239788e-04   2.952182e-04   0.000000e+00   1.726581e-04   1.443653e-04   0.000000e+00   0.000000e+00   0.000000e+00   4.371149e-02

# timestamp: 1774889056.7817278
 7.953619e-04   5.446086e-07   0.000000e+00   2.116242e-04   1.764961e-07   0.000000e+00   0.000000e+00   0.000000e+00  -1.125375e-06
 5.446086e-07   7.949601e-04   0.000000e+00   1.938749e-07   2.115364e-04   0.000000e+00   0.000000e+00   0.000000e+00  -1.532788e-06
 0.000000e+00   0.000000e+00   7.994049e-04   0.000000e+00   0.000000e+00   2.182349e-04   1.181619e-03  -1.727087e-03   0.000000e+00
 2.116242e-04   1.938749e-07   0.000000e+00   3.800039e-04   3.366859e-07   0.000000e+00   0.000000e+00   0.000000e+00   6.062038e-05
 1.764961e-07   2.115364e-04   0.000000e+00   3.366859e-07   3.799303e-04   0.000000e+00   0.000000e+00   0.000000e+00   4.862637e-05
 0.000000e+00   0.000000e+00   2.182349e-04   0.000000e+00   0.000000e+00   3.917484e-04   2.069427e-03  -3.167820e-03   0.000000e+00
 0.000000e+00   0.000000e+00   1.181619e-03   0.000000e+00   0.000000e+00   2.069427e-03   4.807513e-01  -6.471467e-01   0.000000e+00
 0.000000e+00   0.000000e+00  -1.727087e-03   0.000000e+00   0.000000e+00  -3.167820e-03  -6.471467e-01   9.866420e-01   0.000000e+00
-1.125375e-06  -1.532788e-06   0.000000e+00   6.062038e-05   4.862637e-05   0.000000e+00   0.000000e+00   0.000000e+00   3.887171e-02

# timestamp: 1774889057.124741
 8.342159e-04   5.422964e-07   0.000000e+00   2.212859e-04   2.049911e-07   0.000000e+00   0.000000e+00   0.000000e+00  -3.858279e-05
 5.422964e-07   8.338902e-04   0.000000e+00   2.139704e-07   2.212068e-04   0.000000e+00   0.000000e+00   0.000000e+00  -3.067617e-05
 0.000000e+00   0.000000e+00   8.381108e-04   0.000000e+00   0.000000e+00   2.269979e-04   1.212435e-03  -1.624160e-03   0.000000e+00
 2.212859e-04   2.139704e-07   0.000000e+00   3.818987e-04   3.213095e-07   0.000000e+00   0.000000e+00   0.000000e+00   3.754591e-05
 2.049911e-07   2.212068e-04   0.000000e+00   3.213095e-07   3.818087e-04   0.000000e+00   0.000000e+00   0.000000e+00   2.657495e-05
 0.000000e+00   0.000000e+00   2.269979e-04   0.000000e+00   0.000000e+00   3.909775e-04   1.851748e-03  -2.690026e-03   0.000000e+00
 0.000000e+00   0.000000e+00   1.212435e-03   0.000000e+00   0.000000e+00   1.851748e-03   5.081224e-01  -6.576540e-01   0.000000e+00
 0.000000e+00   0.000000e+00  -1.624160e-03   0.000000e+00   0.000000e+00  -2.690026e-03  -6.576540e-01   9.676371e-01   0.000000e+00
-3.858279e-05  -3.067617e-05   0.000000e+00   3.754591e-05   2.657495e-05   0.000000e+00   0.000000e+00   0.000000e+00   4.123289e-02

# timestamp: 1774889057.6899505
 8.311710e-04   3.913684e-07   0.000000e+00   2.198749e-04   1.702722e-07   0.000000e+00   0.000000e+00   0.000000e+00  -2.813691e-05
 3.913684e-07   8.310318e-04   0.000000e+00   1.726684e-07   2.198244e-04   0.000000e+00   0.000000e+00   0.000000e+00  -2.690081e-05
 0.000000e+00   0.000000e+00   8.338919e-04   0.000000e+00   0.000000e+00   2.240086e-04   1.026012e-03  -1.187449e-03   0.000000e+00
 2.198749e-04   1.726684e-07   0.000000e+00   3.807542e-04   3.311073e-07   0.000000e+00   0.000000e+00   0.000000e+00   5.174695e-05
 1.702722e-07   2.198244e-04   0.000000e+00   3.311073e-07   3.806818e-04   0.000000e+00   0.000000e+00   0.000000e+00   4.612975e-05
 0.000000e+00   0.000000e+00   2.240086e-04   0.000000e+00   0.000000e+00   3.877186e-04   1.660532e-03  -2.129497e-03   0.000000e+00
 0.000000e+00   0.000000e+00   1.026012e-03   0.000000e+00   0.000000e+00   1.660532e-03   5.634203e-01  -6.336524e-01   0.000000e+00
 0.000000e+00   0.000000e+00  -1.187449e-03   0.000000e+00   0.000000e+00  -2.129497e-03  -6.336524e-01   8.102715e-01   0.000000e+00
-2.813691e-05  -2.690081e-05   0.000000e+00   5.174695e-05   4.612975e-05   0.000000e+00   0.000000e+00   0.000000e+00   4.123878e-02

# timestamp: 1774889057.7778428
 9.198845e-04   4.128995e-07   0.000000e+00   2.431690e-04   1.824169e-07   0.000000e+00   0.000000e+00   0.000000e+00  -2.450989e-05
 4.128995e-07   9.197390e-04   0.000000e+00   1.825304e-07   2.431168e-04   0.000000e+00   0.000000e+00   0.000000e+00  -2.372821e-05
 0.000000e+00   0.000000e+00   9.231303e-04   0.000000e+00   0.000000e+00   2.476832e-04   1.125812e-03  -1.316465e-03   0.000000e+00
 2.431690e-04   1.825304e-07   0.000000e+00   3.868734e-04   3.764564e-07   0.000000e+00   0.000000e+00   0.000000e+00   7.187567e-05
 1.824169e-07   2.431168e-04   0.000000e+00   3.764564e-07   3.867827e-04   0.000000e+00   0.000000e+00   0.000000e+00   6.157563e-05
 0.000000e+00   0.000000e+00   2.476832e-04   0.000000e+00   0.000000e+00   3.937732e-04   1.624255e-03  -2.125386e-03   0.000000e+00
 0.000000e+00   0.000000e+00   1.125812e-03   0.000000e+00   0.000000e+00   1.624255e-03   5.694842e-01  -6.336524e-01   0.000000e+00
 0.000000e+00   0.000000e+00  -1.316465e-03   0.000000e+00   0.000000e+00  -2.125386e-03  -6.336524e-01   8.163354e-01   0.000000e+00
-2.450989e-05  -2.372821e-05   0.000000e+00   7.187567e-05   6.157563e-05   0.000000e+00   0.000000e+00   0.000000e+00   4.730265e-02

# timestamp: 1774889057.9085588
 8.837896e-04   3.277698e-06   0.000000e+00   2.340351e-04   1.702977e-06   0.000000e+00   0.000000e+00   0.000000e+00   3.436954e-04
 3.277698e-06   8.829954e-04   0.000000e+00   1.756333e-06   2.335797e-04   0.000000e+00   0.000000e+00   0.000000e+00   3.071376e-04
 0.000000e+00   0.000000e+00   8.908163e-04   0.000000e+00   0.000000e+00   2.405917e-04   1.034342e-03  -1.948074e-03   0.000000e+00
 2.340351e-04   1.756333e-06   0.000000e+00   3.845699e-04   1.082188e-06   0.000000e+00   0.000000e+00   0.000000e+00   1.880357e-04
 1.702977e-06   2.335797e-04   0.000000e+00   1.082188e-06   3.842677e-04   0.000000e+00   0.000000e+00   0.000000e+00   1.619827e-04
 0.000000e+00   0.000000e+00   2.405917e-04   0.000000e+00   0.000000e+00   3.916850e-04   1.471596e-03  -2.138656e-03   0.000000e+00
 0.000000e+00   0.000000e+00   1.034342e-03   0.000000e+00   0.000000e+00   1.471596e-03   5.820415e-01  -6.387830e-01   0.000000e+00
 0.000000e+00   0.000000e+00  -1.948074e-03   0.000000e+00   0.000000e+00  -2.138656e-03  -6.387830e-01   8.028172e-01   0.000000e+00
 3.436954e-04   3.071376e-04   0.000000e+00   1.880357e-04   1.619827e-04   0.000000e+00   0.000000e+00   0.000000e+00   4.414369e-02

# timestamp: 1774889058.2762825
 9.036849e-04   1.249311e-06   0.000000e+00   2.379359e-04   1.177752e-07   0.000000e+00   0.000000e+00   0.000000e+00  -1.292442e-04
 1.249311e-06   9.033248e-04   0.000000e+00   2.035963e-07   2.379195e-04   0.000000e+00   0.000000e+00   0.000000e+00  -1.009762e-04
 0.000000e+00   0.000000e+00   9.080974e-04   0.000000e+00   0.000000e+00   2.423902e-04   1.399377e-03  -1.340281e-03   0.000000e+00
 2.379359e-04   2.035963e-07   0.000000e+00   3.856554e-04   1.007231e-06   0.000000e+00   0.000000e+00   0.000000e+00   1.358209e-04
 1.177752e-07   2.379195e-04   0.000000e+00   1.007231e-06   3.854830e-04   0.000000e+00   0.000000e+00   0.000000e+00   1.317801e-04
 0.000000e+00   0.000000e+00   2.423902e-04   0.000000e+00   0.000000e+00   3.921447e-04   1.487206e-03  -1.973958e-03   0.000000e+00
 0.000000e+00   0.000000e+00   1.399377e-03   0.000000e+00   0.000000e+00   1.487206e-03   6.156342e-01  -6.455660e-01   0.000000e+00
 0.000000e+00   0.000000e+00  -1.340281e-03   0.000000e+00   0.000000e+00  -1.973958e-03  -6.455660e-01   7.773057e-01   0.000000e+00
-1.292442e-04  -1.009762e-04   0.000000e+00   1.358209e-04   1.317801e-04   0.000000e+00   0.000000e+00   0.000000e+00   4.584640e-02

# timestamp: 1774889058.5548596
 8.703103e-04   8.220468e-07   0.000000e+00   2.293622e-04   1.541168e-08   0.000000e+00   0.000000e+00   0.000000e+00  -7.248925e-05
 8.220468e-07   8.700195e-04   0.000000e+00   3.712718e-07   2.294402e-04   0.000000e+00   0.000000e+00   0.000000e+00  -3.094594e-05
 0.000000e+00   0.000000e+00   8.767981e-04   0.000000e+00   0.000000e+00   2.389270e-04   1.837257e-03  -1.961036e-03   0.000000e+00
 2.293622e-04   3.712718e-07   0.000000e+00   3.837569e-04   1.791933e-06   0.000000e+00   0.000000e+00   0.000000e+00   1.637869e-04
 1.541168e-08   2.294402e-04   0.000000e+00   1.791933e-06   3.842467e-04   0.000000e+00   0.000000e+00   0.000000e+00   2.239111e-04
 0.000000e+00   0.000000e+00   2.389270e-04   0.000000e+00   0.000000e+00   4.008229e-04   2.706542e-03  -3.463660e-03   0.000000e+00
 0.000000e+00   0.000000e+00   1.837257e-03   0.000000e+00   0.000000e+00   2.706542e-03   6.277113e-01  -6.585247e-01   0.000000e+00
 0.000000e+00   0.000000e+00  -1.961036e-03   0.000000e+00   0.000000e+00  -3.463660e-03  -6.585247e-01   7.868570e-01   0.000000e+00
-7.248925e-05  -3.094594e-05   0.000000e+00   1.637869e-04   2.239111e-04   0.000000e+00   0.000000e+00   0.000000e+00   4.396244e-02

# timestamp: 1774889058.823372
 8.359403e-04   6.338347e-07   0.000000e+00   2.206171e-04   2.145251e-07   0.000000e+00   0.000000e+00   0.000000e+00  -4.591027e-05
 6.338347e-07   8.358433e-04   0.000000e+00   7.174194e-07   2.211179e-04   0.000000e+00   0.000000e+00   0.000000e+00   1.630349e-05
 0.000000e+00   0.000000e+00   8.469074e-04   0.000000e+00   0.000000e+00   2.465981e-04   2.489447e-03  -2.735672e-03   0.000000e+00
 2.206171e-04   7.174194e-07   0.000000e+00   3.815455e-04   2.761129e-06   0.000000e+00   0.000000e+00   0.000000e+00   1.469857e-04
 2.145251e-07   2.211179e-04   0.000000e+00   2.761129e-06   3.844124e-04   0.000000e+00   0.000000e+00   0.000000e+00   3.330584e-04
 0.000000e+00   0.000000e+00   2.465981e-04   0.000000e+00   0.000000e+00   4.476793e-04   5.893502e-03  -7.054646e-03   0.000000e+00
 0.000000e+00   0.000000e+00   2.489447e-03   0.000000e+00   0.000000e+00   5.893502e-03   6.445219e-01  -6.706535e-01   0.000000e+00
 0.000000e+00   0.000000e+00  -2.735672e-03   0.000000e+00   0.000000e+00  -7.054646e-03  -6.706535e-01   7.878439e-01   0.000000e+00
-4.591027e-05   1.630349e-05   0.000000e+00   1.469857e-04   3.330584e-04   0.000000e+00   0.000000e+00   0.000000e+00   4.170687e-02

# timestamp: 1774889058.8468714
 8.680180e-04   6.556184e-07   0.000000e+00   2.290852e-04   2.463020e-07   0.000000e+00   0.000000e+00   0.000000e+00  -4.260403e-05
 6.556184e-07   8.679448e-04   0.000000e+00   7.833589e-07   2.296749e-04   0.000000e+00   0.000000e+00   0.000000e+00   2.389292e-05
 0.000000e+00   0.000000e+00   8.801905e-04   0.000000e+00   0.000000e+00   2.581377e-04   2.622492e-03  -2.894987e-03   0.000000e+00
 2.290852e-04   7.833589e-07   0.000000e+00   3.838098e-04   2.925817e-06   0.000000e+00   0.000000e+00   0.000000e+00   1.543720e-04
 2.463020e-07   2.296749e-04   0.000000e+00   2.925817e-06   3.871110e-04   0.000000e+00   0.000000e+00   0.000000e+00   3.632010e-04
 0.000000e+00   0.000000e+00   2.581377e-04   0.000000e+00   0.000000e+00   4.579678e-04   6.251143e-03  -7.490903e-03   0.000000e+00
 0.000000e+00   0.000000e+00   2.622492e-03   0.000000e+00   0.000000e+00   6.251143e-03   6.467347e-01  -6.706535e-01   0.000000e+00
 0.000000e+00   0.000000e+00  -2.894987e-03   0.000000e+00   0.000000e+00  -7.490903e-03  -6.706535e-01   7.900566e-01   0.000000e+00
-4.260403e-05   2.389292e-05   0.000000e+00   1.543720e-04   3.632010e-04   0.000000e+00   0.000000e+00   0.000000e+00   4.391959e-02

# timestamp: 1774889058.8835702
 9.389803e-04   7.112066e-07   0.000000e+00   2.476648e-04   3.363313e-07   0.000000e+00   0.000000e+00   0.000000e+00  -3.489065e-05
 7.112066e-07   9.389740e-04   0.000000e+00   9.437959e-07   2.484992e-04   0.000000e+00   0.000000e+00   0.000000e+00   4.255082e-05
 0.000000e+00   0.000000e+00   9.542497e-04   0.000000e+00   0.000000e+00   2.843172e-04   2.936261e-03  -3.271369e-03   0.000000e+00
 2.476648e-04   9.437959e-07   0.000000e+00   3.887363e-04   3.320837e-06   0.000000e+00   0.000000e+00   0.000000e+00   1.718315e-04
 3.363313e-07   2.484992e-04   0.000000e+00   3.320837e-06   3.931240e-04   0.000000e+00   0.000000e+00   0.000000e+00   4.344507e-04
 0.000000e+00   0.000000e+00   2.843172e-04   0.000000e+00   0.000000e+00   4.819958e-04   7.026423e-03  -8.444120e-03   0.000000e+00
 0.000000e+00   0.000000e+00   2.936261e-03   0.000000e+00   0.000000e+00   7.026423e-03   6.515401e-01  -6.706535e-01   0.000000e+00
 0.000000e+00   0.000000e+00  -3.271369e-03   0.000000e+00   0.000000e+00  -8.444120e-03  -6.706535e-01   7.948620e-01   0.000000e+00
-3.489065e-05   4.255082e-05   0.000000e+00   1.718315e-04   4.344507e-04   0.000000e+00   0.000000e+00   0.000000e+00   4.872499e-02

# timestamp: 1774889059.1631753
 8.973892e-04   9.144257e-07   0.000000e+00   2.368331e-04   7.014174e-07   0.000000e+00   0.000000e+00   0.000000e+00  -3.320380e-05
 9.144257e-07   8.979552e-04   0.000000e+00   1.344097e-06   2.388924e-04   0.000000e+00   0.000000e+00   0.000000e+00   4.524150e-05
 0.000000e+00   0.000000e+00   9.214258e-04   0.000000e+00   0.000000e+00   3.111075e-04   3.611481e-03  -3.612379e-03   0.000000e+00
 2.368331e-04   1.344097e-06   0.000000e+00   3.856801e-04   4.293285e-06   0.000000e+00   0.000000e+00   0.000000e+00   1.264816e-04
 7.014174e-07   2.388924e-04   0.000000e+00   4.293285e-06   3.968312e-04   0.000000e+00   0.000000e+00   0.000000e+00   5.861360e-04
 0.000000e+00   0.000000e+00   3.111075e-04   0.000000e+00   0.000000e+00   6.260660e-04   1.131896e-02  -1.198917e-02   0.000000e+00
 0.000000e+00   0.000000e+00   3.611481e-03   0.000000e+00   0.000000e+00   1.131896e-02   6.272969e-01  -5.784007e-01   0.000000e+00
 0.000000e+00   0.000000e+00  -3.612379e-03   0.000000e+00   0.000000e+00  -1.198917e-02  -5.784007e-01   6.213260e-01   0.000000e+00
-3.320380e-05   4.524150e-05   0.000000e+00   1.264816e-04   5.861360e-04   0.000000e+00   0.000000e+00   0.000000e+00   4.574236e-02

# timestamp: 1774889059.248427
 8.431451e-04   1.344047e-06   0.000000e+00   2.225242e-04   7.197673e-07   0.000000e+00   0.000000e+00   0.000000e+00  -6.965740e-05
 1.344047e-06   8.443068e-04   0.000000e+00   1.335436e-06   2.242846e-04   0.000000e+00   0.000000e+00   0.000000e+00  -5.764203e-05
 0.000000e+00   0.000000e+00   8.596309e-04   0.000000e+00   0.000000e+00   2.781811e-04   2.658584e-03  -2.271052e-03   0.000000e+00
 2.225242e-04   1.335436e-06   0.000000e+00   3.817799e-04   4.366091e-06   0.000000e+00   0.000000e+00   0.000000e+00   1.023514e-04
 7.197673e-07   2.242846e-04   0.000000e+00   4.366091e-06   3.942614e-04   0.000000e+00   0.000000e+00   0.000000e+00   5.599358e-04
 0.000000e+00   0.000000e+00   2.781811e-04   0.000000e+00   0.000000e+00   5.956724e-04   9.713383e-03  -9.375989e-03   0.000000e+00
 0.000000e+00   0.000000e+00   2.658584e-03   0.000000e+00   0.000000e+00   9.713383e-03   5.331109e-01  -4.389876e-01   0.000000e+00
 0.000000e+00   0.000000e+00  -2.271052e-03   0.000000e+00   0.000000e+00  -9.375989e-03  -4.389876e-01   4.348325e-01   0.000000e+00
-6.965740e-05  -5.764203e-05   0.000000e+00   1.023514e-04   5.599358e-04   0.000000e+00   0.000000e+00   0.000000e+00   4.176704e-02

# timestamp: 1774889059.518648
 8.255405e-04   1.058651e-06   0.000000e+00   2.180077e-04   2.219677e-06   0.000000e+00   0.000000e+00   0.000000e+00   3.660121e-05
 1.058651e-06   8.277160e-04   0.000000e+00   1.536506e-06   2.225217e-04   0.000000e+00   0.000000e+00   0.000000e+00   1.365544e-05
 0.000000e+00   0.000000e+00   8.347605e-04   0.000000e+00   0.000000e+00   2.490345e-04   9.192660e-04  -5.232618e-04   0.000000e+00
 2.180077e-04   1.536506e-06   0.000000e+00   3.800739e-04   3.257541e-06   0.000000e+00   0.000000e+00   0.000000e+00   1.480917e-06
 2.219677e-06   2.225217e-04   0.000000e+00   3.257541e-06   4.049749e-04   0.000000e+00   0.000000e+00   0.000000e+00   7.295380e-04
 0.000000e+00   0.000000e+00   2.490345e-04   0.000000e+00   0.000000e+00   5.149118e-04   4.301657e-03  -2.943617e-03   0.000000e+00
 0.000000e+00   0.000000e+00   9.192660e-04   0.000000e+00   0.000000e+00   4.301657e-03   2.373548e-01  -9.121842e-02   0.000000e+00
 0.000000e+00   0.000000e+00  -5.232618e-04   0.000000e+00   0.000000e+00  -2.943617e-03  -9.121842e-02   8.687643e-02   0.000000e+00
 3.660121e-05   1.365544e-05   0.000000e+00   1.480917e-06   7.295380e-04   0.000000e+00   0.000000e+00   0.000000e+00   4.079629e-02

# timestamp: 1774889059.5500977
 8.773813e-04   1.197842e-06   0.000000e+00   2.316544e-04   2.410630e-06   0.000000e+00   0.000000e+00   0.000000e+00   3.625660e-05
 1.197842e-06   8.799145e-04   0.000000e+00   1.623901e-06   2.371981e-04   0.000000e+00   0.000000e+00   0.000000e+00   4.099857e-05
 0.000000e+00   0.000000e+00   8.890510e-04   0.000000e+00   0.000000e+00   2.698401e-04   1.078044e-03  -6.320045e-04   0.000000e+00
 2.316544e-04   1.623901e-06   0.000000e+00   3.836693e-04   2.674471e-06   0.000000e+00   0.000000e+00   0.000000e+00  -2.912365e-05
 2.410630e-06   2.371981e-04   0.000000e+00   2.674471e-06   4.120369e-04   0.000000e+00   0.000000e+00   0.000000e+00   8.260841e-04
 0.000000e+00   0.000000e+00   2.698401e-04   0.000000e+00   0.000000e+00   5.386637e-04   4.676558e-03  -3.208348e-03   0.000000e+00
 0.000000e+00   0.000000e+00   1.078044e-03   0.000000e+00   0.000000e+00   4.676558e-03   2.409308e-01  -9.121842e-02   0.000000e+00
 0.000000e+00   0.000000e+00  -6.320045e-04   0.000000e+00   0.000000e+00  -3.208348e-03  -9.121842e-02   9.045252e-02   0.000000e+00
 3.625660e-05   4.099857e-05   0.000000e+00  -2.912365e-05   8.260841e-04   0.000000e+00   0.000000e+00   0.000000e+00   4.437238e-02

# timestamp: 1774889059.6863825
 8.450393e-04  -2.933226e-06   0.000000e+00   2.241239e-04  -4.848706e-06   0.000000e+00   0.000000e+00   0.000000e+00  -2.674847e-04
-2.933226e-06   8.553207e-04   0.000000e+00  -1.855852e-06   2.438392e-04   0.000000e+00   0.000000e+00   0.000000e+00   6.319204e-04
 0.000000e+00   0.000000e+00   8.917187e-04   0.000000e+00   0.000000e+00   3.055193e-04   2.034482e-03  -1.196286e-03   0.000000e+00
 2.241239e-04  -1.855852e-06   0.000000e+00   3.824107e-04  -3.025928e-06   0.000000e+00   0.000000e+00   0.000000e+00  -2.260705e-04
-4.848706e-06   2.438392e-04   0.000000e+00  -3.025928e-06   4.238489e-04   0.000000e+00   0.000000e+00   0.000000e+00   1.045358e-03
 0.000000e+00   0.000000e+00   3.055193e-04   0.000000e+00   0.000000e+00   5.309226e-04   3.178508e-03  -2.064559e-03   0.000000e+00
 0.000000e+00   0.000000e+00   2.034482e-03   0.000000e+00   0.000000e+00   3.178508e-03   1.587930e-01  -2.339752e-02   0.000000e+00
 0.000000e+00   0.000000e+00  -1.196286e-03   0.000000e+00   0.000000e+00  -2.064559e-03  -2.339752e-02   5.412276e-02   0.000000e+00
-2.674847e-04   6.319204e-04   0.000000e+00  -2.260705e-04   1.045358e-03   0.000000e+00   0.000000e+00   0.000000e+00   4.254177e-02

# timestamp: 1774889059.860562
 8.636756e-04   6.773027e-07   0.000000e+00   2.274181e-04   2.814359e-06   0.000000e+00   0.000000e+00   0.000000e+00   8.124267e-05
 6.773027e-07   8.681310e-04   0.000000e+00  -8.961602e-08   2.400701e-04   0.000000e+00   0.000000e+00   0.000000e+00   1.103375e-04
 0.000000e+00   0.000000e+00   8.761942e-04   0.000000e+00   0.000000e+00   2.619704e-04   2.361900e-04  -2.587278e-04   0.000000e+00
 2.274181e-04  -8.961602e-08   0.000000e+00   3.850039e-04  -7.009654e-06   0.000000e+00   0.000000e+00   0.000000e+00  -2.999421e-04
 2.814359e-06   2.400701e-04   0.000000e+00  -7.009654e-06   4.318175e-04   0.000000e+00   0.000000e+00   0.000000e+00   1.027115e-03
 0.000000e+00   0.000000e+00   2.619704e-04   0.000000e+00   0.000000e+00   5.055745e-04   1.635732e-03  -1.441634e-03   0.000000e+00
 0.000000e+00   0.000000e+00   2.361900e-04   0.000000e+00   0.000000e+00   1.635732e-03   1.129684e-01   9.330042e-03   0.000000e+00
 0.000000e+00   0.000000e+00  -2.587278e-04   0.000000e+00   0.000000e+00  -1.441634e-03   9.330042e-03   5.357642e-02   0.000000e+00
 8.124267e-05   1.103375e-04   0.000000e+00  -2.999421e-04   1.027115e-03   0.000000e+00   0.000000e+00   0.000000e+00   4.320578e-02

# timestamp: 1774889059.8795502
 9.068460e-04   7.512979e-07   0.000000e+00   2.387348e-04   2.751288e-06   0.000000e+00   0.000000e+00   0.000000e+00   7.207613e-05
 7.512979e-07   9.120916e-04   0.000000e+00  -4.776617e-07   2.531619e-04   0.000000e+00   0.000000e+00   0.000000e+00   1.411361e-04
 0.000000e+00   0.000000e+00   9.215165e-04   0.000000e+00   0.000000e+00   2.779470e-04   2.850883e-04  -3.017897e-04   0.000000e+00
 2.387348e-04  -4.776617e-07   0.000000e+00   3.887769e-04  -9.052747e-06   0.000000e+00   0.000000e+00   0.000000e+00  -3.573990e-04
 2.751288e-06   2.531619e-04   0.000000e+00  -9.052747e-06   4.392620e-04   0.000000e+00   0.000000e+00   0.000000e+00   1.122516e-03
 0.000000e+00   0.000000e+00   2.779470e-04   0.000000e+00   0.000000e+00   5.190595e-04   1.761625e-03  -1.546984e-03   0.000000e+00
 0.000000e+00   0.000000e+00   2.850883e-04   0.000000e+00   0.000000e+00   1.761625e-03   1.159127e-01   9.330042e-03   0.000000e+00
 0.000000e+00   0.000000e+00  -3.017897e-04   0.000000e+00   0.000000e+00  -1.546984e-03   9.330042e-03   5.652080e-02   0.000000e+00
 7.207613e-05   1.411361e-04   0.000000e+00  -3.573990e-04   1.122516e-03   0.000000e+00   0.000000e+00   0.000000e+00   4.615016e-02

# timestamp: 1774889059.9121964
 8.860990e-04  -4.609982e-06   0.000000e+00   2.374201e-04  -1.017693e-05   0.000000e+00   0.000000e+00   0.000000e+00  -3.804838e-04
-4.609982e-06   8.950685e-04   0.000000e+00  -6.199871e-06   2.597437e-04   0.000000e+00   0.000000e+00   0.000000e+00   5.636519e-04
 0.000000e+00   0.000000e+00   9.220921e-04   0.000000e+00   0.000000e+00   3.078558e-04   1.187781e-03  -7.002242e-04   0.000000e+00
 2.374201e-04  -6.199871e-06   0.000000e+00   3.902795e-04  -1.511129e-05   0.000000e+00   0.000000e+00   0.000000e+00  -5.026879e-04
-1.017693e-05   2.597437e-04   0.000000e+00  -1.511129e-05   4.458077e-04   0.000000e+00   0.000000e+00   0.000000e+00   1.226918e-03
 0.000000e+00   0.000000e+00   3.078558e-04   0.000000e+00   0.000000e+00   5.355253e-04   1.788343e-03  -1.629988e-03   0.000000e+00
 0.000000e+00   0.000000e+00   1.187781e-03   0.000000e+00   0.000000e+00   1.788343e-03   1.072007e-01   1.435369e-02   0.000000e+00
 0.000000e+00   0.000000e+00  -7.002242e-04   0.000000e+00   0.000000e+00  -1.629988e-03   1.435369e-02   5.810990e-02   0.000000e+00
-3.804838e-04   5.636519e-04   0.000000e+00  -5.026879e-04   1.226918e-03   0.000000e+00   0.000000e+00   0.000000e+00   4.485973e-02

# timestamp: 1774889059.9385352
 8.482965e-04   2.436230e-07   0.000000e+00   2.233208e-04   1.977111e-06   0.000000e+00   0.000000e+00   0.000000e+00   7.775110e-05
 2.436230e-07   8.532991e-04   0.000000e+00  -9.471427e-07   2.375596e-04   0.000000e+00   0.000000e+00   0.000000e+00   9.431799e-05
 0.000000e+00   0.000000e+00   8.620399e-04   0.000000e+00   0.000000e+00   2.597880e-04   1.396723e-04  -2.271296e-04   0.000000e+00
 2.233208e-04  -9.471427e-07   0.000000e+00   3.859027e-04  -1.145445e-05   0.000000e+00   0.000000e+00   0.000000e+00  -3.821830e-04
 1.977111e-06   2.375596e-04   0.000000e+00  -1.145445e-05   4.366855e-04   0.000000e+00   0.000000e+00   0.000000e+00   1.039248e-03
 0.000000e+00   0.000000e+00   2.597880e-04   0.000000e+00   0.000000e+00   5.079304e-04   1.206384e-03  -1.400582e-03   0.000000e+00
 0.000000e+00   0.000000e+00   1.396723e-04   0.000000e+00   0.000000e+00   1.206384e-03   9.830544e-02   1.981770e-02   0.000000e+00
 0.000000e+00   0.000000e+00  -2.271296e-04   0.000000e+00   0.000000e+00  -1.400582e-03   1.981770e-02   5.821748e-02   0.000000e+00
 7.775110e-05   9.431799e-05   0.000000e+00  -3.821830e-04   1.039248e-03   0.000000e+00   0.000000e+00   0.000000e+00   4.199507e-02

# timestamp: 1774889060.323289
 8.304280e-04  -1.543688e-06   0.000000e+00   2.220005e-04  -5.706594e-06   0.000000e+00   0.000000e+00   0.000000e+00  -7.552893e-05
-1.543688e-06   8.388553e-04   0.000000e+00  -6.320138e-06   2.428150e-04   0.000000e+00   0.000000e+00   0.000000e+00   1.554767e-04
 0.000000e+00   0.000000e+00   8.514228e-04   0.000000e+00   0.000000e+00   2.715693e-04   1.886923e-04  -2.144274e-04   0.000000e+00
 2.220005e-04  -6.320138e-06   0.000000e+00   3.957459e-04  -3.107210e-05   0.000000e+00   0.000000e+00   0.000000e+00  -6.014528e-04
-5.706594e-06   2.428150e-04   0.000000e+00  -3.107210e-05   4.619436e-04   0.000000e+00   0.000000e+00   0.000000e+00   1.149488e-03
 0.000000e+00   0.000000e+00   2.715693e-04   0.000000e+00   0.000000e+00   5.379073e-04   5.634211e-04  -1.516632e-03   0.000000e+00
 0.000000e+00   0.000000e+00   1.886923e-04   0.000000e+00   0.000000e+00   5.634211e-04   1.033022e-01   4.211600e-02   0.000000e+00
 0.000000e+00   0.000000e+00  -2.144274e-04   0.000000e+00   0.000000e+00  -1.516632e-03   4.211600e-02   7.202649e-02   0.000000e+00
-7.552893e-05   1.554767e-04   0.000000e+00  -6.014528e-04   1.149488e-03   0.000000e+00   0.000000e+00   0.000000e+00   4.109499e-02

# timestamp: 1774889060.5785105
 8.666527e-04  -5.953162e-06   0.000000e+00   2.339594e-04  -1.310518e-05   0.000000e+00   0.000000e+00   0.000000e+00  -1.412650e-04
-5.953162e-06   8.960781e-04   0.000000e+00  -1.968220e-05   2.885725e-04   0.000000e+00   0.000000e+00   0.000000e+00   8.877519e-04
 0.000000e+00   0.000000e+00   9.163043e-04   0.000000e+00   0.000000e+00   3.263862e-04  -8.256426e-05  -1.102798e-03   0.000000e+00
 2.339594e-04  -1.968220e-05   0.000000e+00   4.004864e-04  -4.337157e-05   0.000000e+00   0.000000e+00   0.000000e+00  -5.574965e-04
-1.310518e-05   2.885725e-04   0.000000e+00  -4.337157e-05   5.057225e-04   0.000000e+00   0.000000e+00   0.000000e+00   1.572048e-03
 0.000000e+00   0.000000e+00   3.263862e-04   0.000000e+00   0.000000e+00   5.839536e-04   6.425121e-04  -1.801198e-03   0.000000e+00
 0.000000e+00   0.000000e+00  -8.256426e-05   0.000000e+00   0.000000e+00   6.425121e-04   1.252401e-01   2.983182e-02   0.000000e+00
 0.000000e+00   0.000000e+00  -1.102798e-03   0.000000e+00   0.000000e+00  -1.801198e-03   2.983182e-02   5.782660e-02   0.000000e+00
-1.412650e-04   8.877519e-04   0.000000e+00  -5.574965e-04   1.572048e-03   0.000000e+00   0.000000e+00   0.000000e+00   4.432065e-02

# timestamp: 1774889060.6190414
 8.381902e-04  -3.840693e-06   0.000000e+00   2.263503e-04  -1.252575e-05   0.000000e+00   0.000000e+00   0.000000e+00  -1.333269e-04
-3.840693e-06   8.508392e-04   0.000000e+00  -1.125448e-05   2.561987e-04   0.000000e+00   0.000000e+00   0.000000e+00   1.941469e-04
 0.000000e+00   0.000000e+00   8.668849e-04   0.000000e+00   0.000000e+00   2.892634e-04   4.071529e-04  -1.822947e-04   0.000000e+00
 2.263503e-04  -1.125448e-05   0.000000e+00   3.978360e-04  -4.014349e-05   0.000000e+00   0.000000e+00   0.000000e+00  -5.033766e-04
-1.252575e-05   2.561987e-04   0.000000e+00  -4.014349e-05   4.903512e-04   0.000000e+00   0.000000e+00   0.000000e+00   1.295855e-03
 0.000000e+00   0.000000e+00   2.892634e-04   0.000000e+00   0.000000e+00   5.640714e-04   9.115282e-04  -1.376704e-03   0.000000e+00
 0.000000e+00   0.000000e+00   4.071529e-04   0.000000e+00   0.000000e+00   9.115282e-04   1.260864e-01   2.525797e-02   0.000000e+00
 0.000000e+00   0.000000e+00  -1.822947e-04   0.000000e+00   0.000000e+00  -1.376704e-03   2.525797e-02   5.137165e-02   0.000000e+00
-1.333269e-04   1.941469e-04   0.000000e+00  -5.033766e-04   1.295855e-03   0.000000e+00   0.000000e+00   0.000000e+00   4.148950e-02

# timestamp: 1774889061.0240552
 8.494686e-04  -7.659159e-06   0.000000e+00   2.313349e-04  -1.917479e-05   0.000000e+00   0.000000e+00   0.000000e+00  -1.096980e-04
-7.659159e-06   8.698833e-04   0.000000e+00  -1.739762e-05   2.733618e-04   0.000000e+00   0.000000e+00   0.000000e+00   1.533104e-04
 0.000000e+00   0.000000e+00   8.897611e-04   0.000000e+00   0.000000e+00   3.128229e-04   6.531871e-04  -8.599575e-05   0.000000e+00
 2.313349e-04  -1.739762e-05   0.000000e+00   4.025478e-04  -5.237571e-05   0.000000e+00   0.000000e+00   0.000000e+00  -5.415455e-04
-1.917479e-05   2.733618e-04   0.000000e+00  -5.237571e-05   5.210915e-04   0.000000e+00   0.000000e+00   0.000000e+00   1.338475e-03
 0.000000e+00   0.000000e+00   3.128229e-04   0.000000e+00   0.000000e+00   6.064106e-04   2.061768e-03  -1.144366e-03   0.000000e+00
 0.000000e+00   0.000000e+00   6.531871e-04   0.000000e+00   0.000000e+00   2.061768e-03   1.602584e-01   2.100567e-02   0.000000e+00
 0.000000e+00   0.000000e+00  -8.599575e-05   0.000000e+00   0.000000e+00  -1.144366e-03   2.100567e-02   4.646761e-02   0.000000e+00
-1.096980e-04   1.533104e-04   0.000000e+00  -5.415455e-04   1.338475e-03   0.000000e+00   0.000000e+00   0.000000e+00   4.217637e-02

# timestamp: 1774889061.259805
 8.956604e-04  -1.071683e-05   0.000000e+00   2.445498e-04  -2.309303e-05   0.000000e+00   0.000000e+00   0.000000e+00  -9.451599e-05
-1.071683e-05   9.227237e-04   0.000000e+00  -2.236961e-05   2.969164e-04   0.000000e+00   0.000000e+00   0.000000e+00   1.851656e-04
 0.000000e+00   0.000000e+00   9.455370e-04   0.000000e+00   0.000000e+00   3.405600e-04   7.526821e-04  -7.964783e-05   0.000000e+00
 2.445498e-04  -2.236961e-05   0.000000e+00   4.086401e-04  -6.038091e-05   0.000000e+00   0.000000e+00   0.000000e+00  -5.840344e-04
-2.309303e-05   2.969164e-04   0.000000e+00  -6.038091e-05   5.424991e-04   0.000000e+00   0.000000e+00   0.000000e+00   1.440870e-03
 0.000000e+00   0.000000e+00   3.405600e-04   0.000000e+00   0.000000e+00   6.375430e-04   2.626901e-03  -1.097167e-03   0.000000e+00
 0.000000e+00   0.000000e+00   7.526821e-04   0.000000e+00   0.000000e+00   2.626901e-03   1.818381e-01   2.587244e-02   0.000000e+00
 0.000000e+00   0.000000e+00  -7.964783e-05   0.000000e+00   0.000000e+00  -1.097167e-03   2.587244e-02   5.026047e-02   0.000000e+00
-9.451599e-05   1.851656e-04   0.000000e+00  -5.840344e-04   1.440870e-03   0.000000e+00   0.000000e+00   0.000000e+00   4.514671e-02

# timestamp: 1774889061.2792308
 8.443885e-04  -1.255232e-05   0.000000e+00   2.317664e-04  -2.554271e-05   0.000000e+00   0.000000e+00   0.000000e+00  -1.812734e-04
-1.255232e-05   8.810403e-04   0.000000e+00  -2.933807e-05   3.018566e-04   0.000000e+00   0.000000e+00   0.000000e+00   7.578798e-04
 0.000000e+00   0.000000e+00   9.023618e-04   0.000000e+00   0.000000e+00   3.446848e-04   7.705099e-04  -6.794672e-04   0.000000e+00
 2.317664e-04  -2.933807e-05   0.000000e+00   4.053442e-04  -6.256405e-05   0.000000e+00   0.000000e+00   0.000000e+00  -5.805142e-04
-2.554271e-05   3.018566e-04   0.000000e+00  -6.256405e-05   5.477510e-04   0.000000e+00   0.000000e+00   0.000000e+00   1.534484e-03
 0.000000e+00   0.000000e+00   3.446848e-04   0.000000e+00   0.000000e+00   6.440613e-04   2.678203e-03  -1.208460e-03   0.000000e+00
 0.000000e+00   0.000000e+00   7.705099e-04   0.000000e+00   0.000000e+00   2.678203e-03   1.834422e-01   2.566800e-02   0.000000e+00
 0.000000e+00   0.000000e+00  -6.794672e-04   0.000000e+00   0.000000e+00  -1.208460e-03   2.566800e-02   4.706740e-02   0.000000e+00
-1.812734e-04   7.578798e-04   0.000000e+00  -5.805142e-04   1.534484e-03   0.000000e+00   0.000000e+00   0.000000e+00   4.219432e-02

# timestamp: 1774889061.298743
 8.072669e-04  -8.899806e-06   0.000000e+00   2.202561e-04  -2.023369e-05   0.000000e+00   0.000000e+00   0.000000e+00  -6.091409e-05
-8.899806e-06   8.298520e-04   0.000000e+00  -1.998994e-05   2.671492e-04   0.000000e+00   0.000000e+00   0.000000e+00   1.289876e-04
 0.000000e+00   0.000000e+00   8.480464e-04   0.000000e+00   0.000000e+00   3.051408e-04   6.469985e-04  -3.283912e-05   0.000000e+00
 2.202561e-04  -1.998994e-05   0.000000e+00   4.010920e-04  -5.714702e-05   0.000000e+00   0.000000e+00   0.000000e+00  -4.945982e-04
-2.023369e-05   2.671492e-04   0.000000e+00  -5.714702e-05   5.285709e-04   0.000000e+00   0.000000e+00   0.000000e+00   1.239054e-03
 0.000000e+00   0.000000e+00   3.051408e-04   0.000000e+00   0.000000e+00   6.205710e-04   2.637679e-03  -8.726643e-04   0.000000e+00
 0.000000e+00   0.000000e+00   6.469985e-04   0.000000e+00   0.000000e+00   2.637679e-03   1.852761e-01   2.701049e-02   0.000000e+00
 0.000000e+00   0.000000e+00  -3.283912e-05   0.000000e+00   0.000000e+00  -8.726643e-04   2.701049e-02   4.432120e-02   0.000000e+00
-6.091409e-05   1.289876e-04   0.000000e+00  -4.945982e-04   1.239054e-03   0.000000e+00   0.000000e+00   0.000000e+00   3.918872e-02

# timestamp: 1774889061.3205817
 8.449699e-04  -9.986221e-06   0.000000e+00   2.307766e-04  -2.188558e-05   0.000000e+00   0.000000e+00   0.000000e+00  -7.404493e-05
-9.986221e-06   8.700837e-04   0.000000e+00  -2.160072e-05   2.812982e-04   0.000000e+00   0.000000e+00   0.000000e+00   1.620204e-04
 0.000000e+00   0.000000e+00   8.903201e-04   0.000000e+00   0.000000e+00   3.219758e-04   7.162668e-04  -5.627097e-05   0.000000e+00
 2.307766e-04  -2.160072e-05   0.000000e+00   4.044166e-04  -5.915061e-05   0.000000e+00   0.000000e+00   0.000000e+00  -5.237154e-04
-2.188558e-05   2.812982e-04   0.000000e+00  -5.915061e-05   5.366552e-04   0.000000e+00   0.000000e+00   0.000000e+00   1.326361e-03
 0.000000e+00   0.000000e+00   3.219758e-04   0.000000e+00   0.000000e+00   6.308871e-04   2.713236e-03  -9.516815e-04   0.000000e+00
 0.000000e+00   0.000000e+00   7.162668e-04   0.000000e+00   0.000000e+00   2.713236e-03   1.878745e-01   2.701049e-02   0.000000e+00
 0.000000e+00   0.000000e+00  -5.627097e-05   0.000000e+00   0.000000e+00  -9.516815e-04   2.701049e-02   4.691960e-02   0.000000e+00
-7.404493e-05   1.620204e-04   0.000000e+00  -5.237154e-04   1.326361e-03   0.000000e+00   0.000000e+00   0.000000e+00   4.178713e-02

# timestamp: 1774889061.3430874
 8.742485e-04  -1.087763e-05   0.000000e+00   2.389081e-04  -2.320758e-05   0.000000e+00   0.000000e+00   0.000000e+00  -8.463266e-05
-1.087763e-05   9.014312e-04   0.000000e+00  -2.288813e-05   2.923402e-04   0.000000e+00   0.000000e+00   0.000000e+00   1.889067e-04
 0.000000e+00   0.000000e+00   9.233289e-04   0.000000e+00   0.000000e+00   3.351366e-04   7.707098e-04  -7.565089e-05   0.000000e+00
 2.389081e-04  -2.288813e-05   0.000000e+00   4.069946e-04  -6.077341e-05   0.000000e+00   0.000000e+00   0.000000e+00  -5.472993e-04
-2.320758e-05   2.923402e-04   0.000000e+00  -6.077341e-05   5.431131e-04   0.000000e+00   0.000000e+00   0.000000e+00   1.397077e-03
 0.000000e+00   0.000000e+00   3.351366e-04   0.000000e+00   0.000000e+00   6.391060e-04   2.772426e-03  -1.016041e-03   0.000000e+00
 0.000000e+00   0.000000e+00   7.707098e-04   0.000000e+00   0.000000e+00   2.772426e-03   1.898667e-01   2.701049e-02   0.000000e+00
 0.000000e+00   0.000000e+00  -7.565089e-05   0.000000e+00   0.000000e+00  -1.016041e-03   2.701049e-02   4.891180e-02   0.000000e+00
-8.463266e-05   1.889067e-04   0.000000e+00  -5.472993e-04   1.397077e-03   0.000000e+00   0.000000e+00   0.000000e+00   4.377933e-02

# timestamp: 1774889061.6460829
 8.730530e-04  -1.296982e-05   0.000000e+00   2.391876e-04  -2.609093e-05   0.000000e+00   0.000000e+00   0.000000e+00  -8.407306e-05
-1.296982e-05   9.047404e-04   0.000000e+00  -2.641656e-05   3.015520e-04   0.000000e+00   0.000000e+00   0.000000e+00   2.501565e-04
 0.000000e+00   0.000000e+00   9.275589e-04   0.000000e+00   0.000000e+00   3.462216e-04   9.792854e-04  -9.817136e-05   0.000000e+00
 2.391876e-04  -2.641656e-05   0.000000e+00   4.066433e-04  -6.403745e-05   0.000000e+00   0.000000e+00   0.000000e+00  -4.871301e-04
-2.609093e-05   3.015520e-04   0.000000e+00  -6.403745e-05   5.589650e-04   0.000000e+00   0.000000e+00   0.000000e+00   1.439747e-03
 0.000000e+00   0.000000e+00   3.462216e-04   0.000000e+00   0.000000e+00   6.584462e-04   3.224187e-03  -9.716020e-04   0.000000e+00
 0.000000e+00   0.000000e+00   9.792854e-04   0.000000e+00   0.000000e+00   3.224187e-03   2.183421e-01   3.041203e-02   0.000000e+00
 0.000000e+00   0.000000e+00  -9.817136e-05   0.000000e+00   0.000000e+00  -9.716020e-04   3.041203e-02   4.905893e-02   0.000000e+00
-8.407306e-05   2.501565e-04   0.000000e+00  -4.871301e-04   1.439747e-03   0.000000e+00   0.000000e+00   0.000000e+00   4.372251e-02

# timestamp: 1774889061.6747763
 9.136412e-04  -1.445112e-05   0.000000e+00   2.503985e-04  -2.806921e-05   0.000000e+00   0.000000e+00   0.000000e+00  -9.757299e-05
-1.445112e-05   9.488486e-04   0.000000e+00  -2.838353e-05   3.175339e-04   0.000000e+00   0.000000e+00   0.000000e+00   2.900973e-04
 0.000000e+00   0.000000e+00   9.741808e-04   0.000000e+00   0.000000e+00   3.653301e-04   1.067764e-03  -1.252873e-04   0.000000e+00
 2.503985e-04  -2.838353e-05   0.000000e+00   4.101130e-04  -6.630818e-05   0.000000e+00   0.000000e+00   0.000000e+00  -5.209536e-04
-2.806921e-05   3.175339e-04   0.000000e+00  -6.630818e-05   5.686073e-04   0.000000e+00   0.000000e+00   0.000000e+00   1.545819e-03
 0.000000e+00   0.000000e+00   3.653301e-04   0.000000e+00   0.000000e+00   6.707286e-04   3.316573e-03  -1.067567e-03   0.000000e+00
 0.000000e+00   0.000000e+00   1.067764e-03   0.000000e+00   0.000000e+00   3.316573e-03   2.210670e-01   3.041203e-02   0.000000e+00
 0.000000e+00   0.000000e+00  -1.252873e-04   0.000000e+00   0.000000e+00  -1.067567e-03   3.041203e-02   5.178382e-02   0.000000e+00
-9.757299e-05   2.900973e-04   0.000000e+00  -5.209536e-04   1.545819e-03   0.000000e+00   0.000000e+00   0.000000e+00   4.644740e-02

# timestamp: 1774889061.7208147
 9.141222e-04  -1.992368e-05   0.000000e+00   2.527392e-04  -3.636309e-05   0.000000e+00   0.000000e+00   0.000000e+00  -2.738740e-04
-1.992368e-05   9.656872e-04   0.000000e+00  -3.771221e-05   3.454967e-04   0.000000e+00   0.000000e+00   0.000000e+00   9.054290e-04
 0.000000e+00   0.000000e+00   9.966208e-04   0.000000e+00   0.000000e+00   4.017167e-04   1.539173e-03  -6.896062e-04   0.000000e+00
 2.527392e-04  -3.771221e-05   0.000000e+00   4.117589e-04  -7.233085e-05   0.000000e+00   0.000000e+00   0.000000e+00  -5.888369e-04
-3.636309e-05   3.454967e-04   0.000000e+00  -7.233085e-05   5.880581e-04   0.000000e+00   0.000000e+00   0.000000e+00   1.782491e-03
 0.000000e+00   0.000000e+00   4.017167e-04   0.000000e+00   0.000000e+00   6.956325e-04   3.495684e-03  -1.276736e-03   0.000000e+00
 0.000000e+00   0.000000e+00   1.539173e-03   0.000000e+00   0.000000e+00   3.495684e-03   2.248419e-01   3.265646e-02   0.000000e+00
 0.000000e+00   0.000000e+00  -6.896062e-04   0.000000e+00   0.000000e+00  -1.276736e-03   3.265646e-02   5.308823e-02   0.000000e+00
-2.738740e-04   9.054290e-04   0.000000e+00  -5.888369e-04   1.782491e-03   0.000000e+00   0.000000e+00   0.000000e+00   4.700941e-02

# timestamp: 1774889061.9641318
 8.977199e-04  -1.587708e-05   0.000000e+00   2.461342e-04  -2.864977e-05   0.000000e+00   0.000000e+00   0.000000e+00  -4.113453e-05
-1.587708e-05   9.366202e-04   0.000000e+00  -3.083252e-05   3.196899e-04   0.000000e+00   0.000000e+00   0.000000e+00   2.531988e-04
 0.000000e+00   0.000000e+00   9.583022e-04   0.000000e+00   0.000000e+00   3.583529e-04   7.000757e-04  -6.053327e-05   0.000000e+00
 2.461342e-04  -3.083252e-05   0.000000e+00   4.103783e-04  -7.109090e-05   0.000000e+00   0.000000e+00   0.000000e+00  -5.429877e-04
-2.864977e-05   3.196899e-04   0.000000e+00  -7.109090e-05   5.800122e-04   0.000000e+00   0.000000e+00   0.000000e+00   1.531196e-03
 0.000000e+00   0.000000e+00   3.583529e-04   0.000000e+00   0.000000e+00   6.609884e-04   2.438265e-03  -9.758109e-04   0.000000e+00
 0.000000e+00   0.000000e+00   7.000757e-04   0.000000e+00   0.000000e+00   2.438265e-03   2.111446e-01   5.411864e-02   0.000000e+00
 0.000000e+00   0.000000e+00  -6.053327e-05   0.000000e+00   0.000000e+00  -9.758109e-04   5.411864e-02   6.354564e-02   0.000000e+00
-4.113453e-05   2.531988e-04   0.000000e+00  -5.429877e-04   1.531196e-03   0.000000e+00   0.000000e+00   0.000000e+00   4.527242e-02

# timestamp: 1774889062.030224
 9.349893e-04  -2.483903e-05   0.000000e+00   2.610361e-04  -4.515323e-05   0.000000e+00   0.000000e+00   0.000000e+00  -3.820190e-04
-2.483903e-05   9.897377e-04   0.000000e+00  -4.316894e-05   3.602789e-04   0.000000e+00   0.000000e+00   0.000000e+00   8.542937e-04
 0.000000e+00   0.000000e+00   1.023430e-03   0.000000e+00   0.000000e+00   4.141860e-04   1.577137e-03  -4.796348e-04   0.000000e+00
 2.610361e-04  -4.316894e-05   0.000000e+00   4.173029e-04  -8.234490e-05   0.000000e+00   0.000000e+00   0.000000e+00  -7.064181e-04
-4.515323e-05   3.602789e-04   0.000000e+00  -8.234490e-05   6.081741e-04   0.000000e+00   0.000000e+00   0.000000e+00   1.855845e-03
 0.000000e+00   0.000000e+00   4.141860e-04   0.000000e+00   0.000000e+00   6.971286e-04   2.634787e-03  -1.268094e-03   0.000000e+00
 0.000000e+00   0.000000e+00   1.577137e-03   0.000000e+00   0.000000e+00   2.634787e-03   2.113770e-01   5.764124e-02   0.000000e+00
 0.000000e+00   0.000000e+00  -4.796348e-04   0.000000e+00   0.000000e+00  -1.268094e-03   5.764124e-02   6.924135e-02   0.000000e+00
-3.820190e-04   8.542937e-04   0.000000e+00  -7.064181e-04   1.855845e-03   0.000000e+00   0.000000e+00   0.000000e+00   4.812862e-02

# timestamp: 1774889062.4479532
 8.782076e-04  -1.809187e-05   0.000000e+00   2.418066e-04  -3.205094e-05   0.000000e+00   0.000000e+00   0.000000e+00  -3.809068e-05
-1.809187e-05   9.220283e-04   0.000000e+00  -3.450715e-05   3.253015e-04   0.000000e+00   0.000000e+00   0.000000e+00   2.536728e-04
 0.000000e+00   0.000000e+00   9.398883e-04   0.000000e+00   0.000000e+00   3.544973e-04   1.076306e-04  -2.387898e-04   0.000000e+00
 2.418066e-04  -3.450715e-05   0.000000e+00   4.106290e-04  -7.935304e-05   0.000000e+00   0.000000e+00   0.000000e+00  -5.174643e-04
-3.205094e-05   3.253015e-04   0.000000e+00  -7.935304e-05   6.086135e-04   0.000000e+00   0.000000e+00   0.000000e+00   1.652699e-03
 0.000000e+00   0.000000e+00   3.544973e-04   0.000000e+00   0.000000e+00   6.691817e-04  -1.886256e-04  -2.070119e-03   0.000000e+00
 0.000000e+00   0.000000e+00   1.076306e-04   0.000000e+00   0.000000e+00  -1.886256e-04   2.067115e-01   8.435899e-02   0.000000e+00
 0.000000e+00   0.000000e+00  -2.387898e-04   0.000000e+00   0.000000e+00  -2.070119e-03   8.435899e-02   8.796662e-02   0.000000e+00
-3.809068e-05   2.536728e-04   0.000000e+00  -5.174643e-04   1.652699e-03   0.000000e+00   0.000000e+00   0.000000e+00   4.394163e-02

# timestamp: 1774889062.7223434
 8.160968e-04  -1.652943e-05   0.000000e+00   2.246757e-04  -3.108418e-05   0.000000e+00   0.000000e+00   0.000000e+00  -3.742888e-05
-1.652943e-05   8.571465e-04   0.000000e+00  -3.230742e-05   3.079709e-04   0.000000e+00   0.000000e+00   0.000000e+00   2.233003e-04
 0.000000e+00   0.000000e+00   8.716053e-04   0.000000e+00   0.000000e+00   3.341450e-04  -1.281714e-04  -2.978290e-04   0.000000e+00
 2.246757e-04  -3.230742e-05   0.000000e+00   4.023639e-04  -7.463629e-05   0.000000e+00   0.000000e+00   0.000000e+00  -3.437141e-04
-3.108418e-05   3.079709e-04   0.000000e+00  -7.463629e-05   6.190845e-04   0.000000e+00   0.000000e+00   0.000000e+00   1.611388e-03
 0.000000e+00   0.000000e+00   3.341450e-04   0.000000e+00   0.000000e+00   6.839643e-04  -1.456571e-03  -2.372561e-03   0.000000e+00
 0.000000e+00   0.000000e+00  -1.281714e-04   0.000000e+00   0.000000e+00  -1.456571e-03   2.302174e-01   7.709460e-02   0.000000e+00
 0.000000e+00   0.000000e+00  -2.978290e-04   0.000000e+00   0.000000e+00  -2.372561e-03   7.709460e-02   7.123666e-02   0.000000e+00
-3.742888e-05   2.233003e-04   0.000000e+00  -3.437141e-04   1.611388e-03   0.000000e+00   0.000000e+00   0.000000e+00   3.969609e-02

# timestamp: 1774889062.7581475
 8.730531e-04  -1.910875e-05   0.000000e+00   2.404476e-04  -3.421636e-05   0.000000e+00   0.000000e+00   0.000000e+00  -5.084801e-05
-1.910875e-05   9.209265e-04   0.000000e+00  -3.527050e-05   3.335070e-04   0.000000e+00   0.000000e+00   0.000000e+00   2.874357e-04
 0.000000e+00   0.000000e+00   9.375252e-04   0.000000e+00   0.000000e+00   3.626683e-04  -1.871895e-04  -3.925589e-04   0.000000e+00
 2.404476e-04  -3.527050e-05   0.000000e+00   4.063711e-04  -7.649155e-05   0.000000e+00   0.000000e+00   0.000000e+00  -3.510876e-04
-3.421636e-05   3.335070e-04   0.000000e+00  -7.649155e-05   6.383157e-04   0.000000e+00   0.000000e+00   0.000000e+00   1.803746e-03
 0.000000e+00   0.000000e+00   3.626683e-04   0.000000e+00   0.000000e+00   7.100597e-04  -1.762849e-03  -2.693385e-03   0.000000e+00
 0.000000e+00   0.000000e+00  -1.871895e-04   0.000000e+00   0.000000e+00  -1.762849e-03   2.341049e-01   7.709460e-02   0.000000e+00
 0.000000e+00   0.000000e+00  -3.925589e-04   0.000000e+00   0.000000e+00  -2.693385e-03   7.709460e-02   7.512417e-02   0.000000e+00
-5.084801e-05   2.874357e-04   0.000000e+00  -3.510876e-04   1.803746e-03   0.000000e+00   0.000000e+00   0.000000e+00   4.358360e-02

# timestamp: 1774889063.0802994
 9.126937e-04  -2.093644e-05   0.000000e+00   2.501284e-04  -3.405606e-05   0.000000e+00   0.000000e+00   0.000000e+00  -1.177962e-05
-2.093644e-05   9.728266e-04   0.000000e+00  -3.424188e-05   3.647621e-04   0.000000e+00   0.000000e+00   0.000000e+00   3.113536e-04
 0.000000e+00   0.000000e+00   9.914834e-04   0.000000e+00   0.000000e+00   4.023569e-04  -6.992830e-04  -4.872018e-04   0.000000e+00
 2.501284e-04  -3.424188e-05   0.000000e+00   4.032033e-04  -5.847039e-05   0.000000e+00   0.000000e+00   0.000000e+00  -1.206159e-05
-3.405606e-05   3.647621e-04   0.000000e+00  -5.847039e-05   6.903992e-04   0.000000e+00   0.000000e+00   0.000000e+00   2.089319e-03
 0.000000e+00   0.000000e+00   4.023569e-04   0.000000e+00   0.000000e+00   7.942534e-04  -3.434276e-03  -2.930384e-03   0.000000e+00
 0.000000e+00   0.000000e+00  -6.992830e-04   0.000000e+00   0.000000e+00  -3.434276e-03   2.435137e-01   4.362990e-02   0.000000e+00
 0.000000e+00   0.000000e+00  -4.872018e-04   0.000000e+00   0.000000e+00  -2.930384e-03   4.362990e-02   5.653989e-02   0.000000e+00
-1.177962e-05   3.113536e-04   0.000000e+00  -1.206159e-05   2.089319e-03   0.000000e+00   0.000000e+00   0.000000e+00   4.609005e-02

# timestamp: 1774889063.167057
 8.973586e-04  -1.992775e-05   0.000000e+00   2.455113e-04  -3.217617e-05   0.000000e+00   0.000000e+00   0.000000e+00  -4.462128e-06
-1.992775e-05   9.574904e-04   0.000000e+00  -3.160396e-05   3.636702e-04   0.000000e+00   0.000000e+00   0.000000e+00   3.630540e-04
 0.000000e+00   0.000000e+00   9.755721e-04   0.000000e+00   0.000000e+00   4.016602e-04  -7.427378e-04  -5.019590e-04   0.000000e+00
 2.455113e-04  -3.160396e-05   0.000000e+00   4.011168e-04  -4.935888e-05   0.000000e+00   0.000000e+00   0.000000e+00   1.004686e-04
-3.217617e-05   3.636702e-04   0.000000e+00  -4.935888e-05   6.992667e-04   0.000000e+00   0.000000e+00   0.000000e+00   2.108471e-03
 0.000000e+00   0.000000e+00   4.016602e-04   0.000000e+00   0.000000e+00   8.071291e-04  -3.606212e-03  -2.740010e-03   0.000000e+00
 0.000000e+00   0.000000e+00  -7.427378e-04   0.000000e+00   0.000000e+00  -3.606212e-03   2.392904e-01   2.932520e-02   0.000000e+00
 0.000000e+00   0.000000e+00  -5.019590e-04   0.000000e+00   0.000000e+00  -2.740010e-03   2.932520e-02   5.044159e-02   0.000000e+00
-4.462128e-06   3.630540e-04   0.000000e+00   1.004686e-04   2.108471e-03   0.000000e+00   0.000000e+00   0.000000e+00   4.505462e-02

# timestamp: 1774889063.428172
 8.660703e-04  -1.630639e-05   0.000000e+00   2.364915e-04  -2.309873e-05   0.000000e+00   0.000000e+00   0.000000e+00   5.448092e-05
-1.630639e-05   9.290749e-04   0.000000e+00  -2.181369e-05   3.665529e-04   0.000000e+00   0.000000e+00   0.000000e+00   4.268341e-04
 0.000000e+00   0.000000e+00   9.480738e-04   0.000000e+00   0.000000e+00   4.117791e-04  -1.079805e-03  -4.592698e-04   0.000000e+00
 2.364915e-04  -2.181369e-05   0.000000e+00   3.999362e-04  -1.798606e-05   0.000000e+00   0.000000e+00   0.000000e+00   3.896684e-04
-2.309873e-05   3.665529e-04   0.000000e+00  -1.798606e-05   7.277225e-04   0.000000e+00   0.000000e+00   0.000000e+00   2.131401e-03
 0.000000e+00   0.000000e+00   4.117791e-04   0.000000e+00   0.000000e+00   8.611729e-04  -4.457008e-03  -2.233594e-03   0.000000e+00
 0.000000e+00   0.000000e+00  -1.079805e-03   0.000000e+00   0.000000e+00  -4.457008e-03   2.410211e-01  -4.129870e-04   0.000000e+00
 0.000000e+00   0.000000e+00  -4.592698e-04   0.000000e+00   0.000000e+00  -2.233594e-03  -4.129870e-04   4.383409e-02   0.000000e+00
 5.448092e-05   4.268341e-04   0.000000e+00   3.896684e-04   2.131401e-03   0.000000e+00   0.000000e+00   0.000000e+00   4.315255e-02

# timestamp: 1774889063.4784844
 8.426849e-04  -1.243951e-05   0.000000e+00   2.306084e-04  -1.697872e-05   0.000000e+00   0.000000e+00   0.000000e+00   1.275090e-04
-1.243951e-05   9.243188e-04   0.000000e+00  -1.351795e-05   3.945247e-04   0.000000e+00   0.000000e+00   0.000000e+00   1.044775e-03
 0.000000e+00   0.000000e+00   9.491655e-04   0.000000e+00   0.000000e+00   4.523640e-04  -1.552625e-03  -1.078226e-03   0.000000e+00
 2.306084e-04  -1.351795e-05   0.000000e+00   3.986857e-04  -1.091610e-05   0.000000e+00   0.000000e+00   0.000000e+00   4.197477e-04
-1.697872e-05   3.945247e-04   0.000000e+00  -1.091610e-05   7.517346e-04   0.000000e+00   0.000000e+00   0.000000e+00   2.343777e-03
 0.000000e+00   0.000000e+00   4.523640e-04   0.000000e+00   0.000000e+00   9.001800e-04  -4.796162e-03  -2.411176e-03   0.000000e+00
 0.000000e+00   0.000000e+00  -1.552625e-03   0.000000e+00   0.000000e+00  -4.796162e-03   2.432121e-01  -2.902070e-03   0.000000e+00
 0.000000e+00   0.000000e+00  -1.078226e-03   0.000000e+00   0.000000e+00  -2.411176e-03  -2.902070e-03   4.311511e-02   0.000000e+00
 1.275090e-04   1.044775e-03   0.000000e+00   4.197477e-04   2.343777e-03   0.000000e+00   0.000000e+00   0.000000e+00   4.240609e-02

# timestamp: 1774889063.758278
 8.856530e-04  -1.190939e-05   0.000000e+00   2.425597e-04  -1.021058e-05   0.000000e+00   0.000000e+00   0.000000e+00   1.122966e-04
-1.190939e-05   9.616543e-04   0.000000e+00  -8.827037e-06   3.948108e-04   0.000000e+00   0.000000e+00   0.000000e+00   4.553299e-04
 0.000000e+00   0.000000e+00   9.883195e-04   0.000000e+00   0.000000e+00   4.622282e-04  -1.706262e-03  -3.430408e-04   0.000000e+00
 2.425597e-04  -8.827037e-06   0.000000e+00   4.084442e-04   2.150466e-05   0.000000e+00   0.000000e+00   0.000000e+00   6.400141e-04
-1.021058e-05   3.948108e-04   0.000000e+00   2.150466e-05   7.749586e-04   0.000000e+00   0.000000e+00   0.000000e+00   2.259144e-03
 0.000000e+00   0.000000e+00   4.622282e-04   0.000000e+00   0.000000e+00   9.700719e-04  -6.029830e-03  -1.857585e-03   0.000000e+00
 0.000000e+00   0.000000e+00  -1.706262e-03   0.000000e+00   0.000000e+00  -6.029830e-03   2.598134e-01  -1.932964e-02   0.000000e+00
 0.000000e+00   0.000000e+00  -3.430408e-04   0.000000e+00   0.000000e+00  -1.857585e-03  -1.932964e-02   4.630874e-02   0.000000e+00
 1.122966e-04   4.553299e-04   0.000000e+00   6.400141e-04   2.259144e-03   0.000000e+00   0.000000e+00   0.000000e+00   4.426841e-02

# timestamp: 1774889063.7837155
 8.458059e-04  -6.060667e-06   0.000000e+00   2.332366e-04  -1.586670e-06   0.000000e+00   0.000000e+00   0.000000e+00   2.193117e-04
-6.060667e-06   9.356448e-04   0.000000e+00   2.369736e-06   4.132490e-04   0.000000e+00   0.000000e+00   0.000000e+00   1.035318e-03
 0.000000e+00   0.000000e+00   9.684515e-04   0.000000e+00   0.000000e+00   4.930034e-04  -2.147769e-03  -8.913836e-04   0.000000e+00
 2.332366e-04   2.369736e-06   0.000000e+00   4.063951e-04   2.835821e-05   0.000000e+00   0.000000e+00   0.000000e+00   6.501262e-04
-1.586670e-06   4.132490e-04   0.000000e+00   2.835821e-05   7.911408e-04   0.000000e+00   0.000000e+00   0.000000e+00   2.402547e-03
 0.000000e+00   0.000000e+00   4.930034e-04   0.000000e+00   0.000000e+00   9.982969e-04  -6.250021e-03  -1.954721e-03   0.000000e+00
 0.000000e+00   0.000000e+00  -2.147769e-03   0.000000e+00   0.000000e+00  -6.250021e-03   2.608992e-01  -2.155965e-02   0.000000e+00
 0.000000e+00   0.000000e+00  -8.913836e-04   0.000000e+00   0.000000e+00  -1.954721e-03  -2.155965e-02   4.490524e-02   0.000000e+00
 2.193117e-04   1.035318e-03   0.000000e+00   6.501262e-04   2.402547e-03   0.000000e+00   0.000000e+00   0.000000e+00   4.243549e-02

# timestamp: 1774889063.8010247
 8.071955e-04  -9.294111e-06   0.000000e+00   2.208374e-04  -8.509582e-06   0.000000e+00   0.000000e+00   0.000000e+00   7.345202e-05
-9.294111e-06   8.708430e-04   0.000000e+00  -6.646163e-06   3.567946e-04   0.000000e+00   0.000000e+00   0.000000e+00   3.384748e-04
 0.000000e+00   0.000000e+00   8.913112e-04   0.000000e+00   0.000000e+00   4.127811e-04  -1.395749e-03  -2.009174e-04   0.000000e+00
 2.208374e-04  -6.646163e-06   0.000000e+00   4.025041e-04   2.317042e-05   0.000000e+00   0.000000e+00   0.000000e+00   5.774424e-04
-8.509582e-06   3.567946e-04   0.000000e+00   2.317042e-05   7.505032e-04   0.000000e+00   0.000000e+00   0.000000e+00   1.965522e-03
 0.000000e+00   0.000000e+00   4.127811e-04   0.000000e+00   0.000000e+00   9.301578e-04  -5.673507e-03  -1.412537e-03   0.000000e+00
 0.000000e+00   0.000000e+00  -1.395749e-03   0.000000e+00   0.000000e+00  -5.673507e-03   2.565113e-01  -2.696453e-02   0.000000e+00
 0.000000e+00   0.000000e+00  -2.009174e-04   0.000000e+00   0.000000e+00  -1.412537e-03  -2.696453e-02   4.260276e-02   0.000000e+00
 7.345202e-05   3.384748e-04   0.000000e+00   5.774424e-04   1.965522e-03   0.000000e+00   0.000000e+00   0.000000e+00   3.896018e-02

# timestamp: 1774889063.8241127
 8.321706e-04  -9.546392e-06   0.000000e+00   2.278715e-04  -7.914999e-06   0.000000e+00   0.000000e+00   0.000000e+00   8.354833e-05
-9.546392e-06   9.006159e-04   0.000000e+00  -5.926984e-06   3.706137e-04   0.000000e+00   0.000000e+00   0.000000e+00   3.727375e-04
 0.000000e+00   0.000000e+00   9.230757e-04   0.000000e+00   0.000000e+00   4.306407e-04  -1.494219e-03  -2.255854e-04   0.000000e+00
 2.278715e-04  -5.926984e-06   0.000000e+00   4.052302e-04   2.620370e-05   0.000000e+00   0.000000e+00   0.000000e+00   6.113854e-04
-7.914999e-06   3.706137e-04   0.000000e+00   2.620370e-05   7.612821e-04   0.000000e+00   0.000000e+00   0.000000e+00   2.056185e-03
 0.000000e+00   0.000000e+00   4.306407e-04   0.000000e+00   0.000000e+00   9.481114e-04  -5.830137e-03  -1.488670e-03   0.000000e+00
 0.000000e+00   0.000000e+00  -1.494219e-03   0.000000e+00   0.000000e+00  -5.830137e-03   2.582353e-01  -2.696453e-02   0.000000e+00
 0.000000e+00   0.000000e+00  -2.255854e-04   0.000000e+00   0.000000e+00  -1.488670e-03  -2.696453e-02   4.432676e-02   0.000000e+00
 8.354833e-05   3.727375e-04   0.000000e+00   6.113854e-04   2.056185e-03   0.000000e+00   0.000000e+00   0.000000e+00   4.068419e-02

# timestamp: 1774889063.8530464
 8.808132e-04  -9.961798e-06   0.000000e+00   2.415376e-04  -6.554870e-06   0.000000e+00   0.000000e+00   0.000000e+00   1.046164e-04
-9.961798e-06   9.591418e-04   0.000000e+00  -4.310328e-06   3.979088e-04   0.000000e+00   0.000000e+00   0.000000e+00   4.430196e-04
 0.000000e+00   0.000000e+00   9.858296e-04   0.000000e+00   0.000000e+00   4.662238e-04  -1.690907e-03  -2.767420e-04   0.000000e+00
 2.415376e-04  -4.310328e-06   0.000000e+00   4.106311e-04   3.247236e-05   0.000000e+00   0.000000e+00   0.000000e+00   6.806464e-04
-6.554870e-06   3.979088e-04   0.000000e+00   3.247236e-05   7.831662e-04   0.000000e+00   0.000000e+00   0.000000e+00   2.241184e-03
 0.000000e+00   0.000000e+00   4.662238e-04   0.000000e+00   0.000000e+00   9.843356e-04  -6.134986e-03  -1.645768e-03   0.000000e+00
 0.000000e+00   0.000000e+00  -1.690907e-03   0.000000e+00   0.000000e+00  -6.134986e-03   2.615458e-01  -2.696453e-02   0.000000e+00
 0.000000e+00   0.000000e+00  -2.767420e-04   0.000000e+00   0.000000e+00  -1.645768e-03  -2.696453e-02   4.763727e-02   0.000000e+00
 1.046164e-04   4.430196e-04   0.000000e+00   6.806464e-04   2.241184e-03   0.000000e+00   0.000000e+00   0.000000e+00   4.399470e-02

# timestamp: 1774889064.0874681
 8.599709e-04   3.051119e-06   0.000000e+00   2.414943e-04   1.816721e-05   0.000000e+00   0.000000e+00   0.000000e+00   3.527611e-04
 3.051119e-06   9.597571e-04   0.000000e+00   1.995320e-05   4.365384e-04   0.000000e+00   0.000000e+00   0.000000e+00   1.076313e-03
 0.000000e+00   0.000000e+00   1.002507e-03   0.000000e+00   0.000000e+00   5.320069e-04  -2.578368e-03  -6.582030e-04   0.000000e+00
 2.414943e-04   1.995320e-05   0.000000e+00   4.187441e-04   6.679697e-05   0.000000e+00   0.000000e+00   0.000000e+00   8.408883e-04
 1.816721e-05   4.365384e-04   0.000000e+00   6.679697e-05   8.239172e-04   0.000000e+00   0.000000e+00   0.000000e+00   2.465163e-03
 0.000000e+00   0.000000e+00   5.320069e-04   0.000000e+00   0.000000e+00   1.045281e-03  -6.345700e-03  -1.411714e-03   0.000000e+00
 0.000000e+00   0.000000e+00  -2.578368e-03   0.000000e+00   0.000000e+00  -6.345700e-03   2.604316e-01  -4.658376e-02   0.000000e+00
 0.000000e+00   0.000000e+00  -6.582030e-04   0.000000e+00   0.000000e+00  -1.411714e-03  -4.658376e-02   5.403548e-02   0.000000e+00
 3.527611e-04   1.076313e-03   0.000000e+00   8.408883e-04   2.465163e-03   0.000000e+00   0.000000e+00   0.000000e+00   4.356512e-02

# timestamp: 1774889064.11929
 8.363388e-04  -3.519517e-06   0.000000e+00   2.308452e-04   4.633248e-06   0.000000e+00   0.000000e+00   0.000000e+00   8.506918e-05
-3.519517e-06   9.135068e-04   0.000000e+00   8.109246e-06   3.878005e-04   0.000000e+00   0.000000e+00   0.000000e+00   3.815527e-04
 0.000000e+00   0.000000e+00   9.372196e-04   0.000000e+00   0.000000e+00   4.482718e-04  -1.407567e-03  -8.277955e-05   0.000000e+00
 2.308452e-04   8.109246e-06   0.000000e+00   4.148596e-04   5.953188e-05   0.000000e+00   0.000000e+00   0.000000e+00   7.317040e-04
 4.633248e-06   3.878005e-04   0.000000e+00   5.953188e-05   7.874572e-04   0.000000e+00   0.000000e+00   0.000000e+00   2.057662e-03
 0.000000e+00   0.000000e+00   4.482718e-04   0.000000e+00   0.000000e+00   9.662307e-04  -5.325384e-03  -9.979020e-04   0.000000e+00
 0.000000e+00   0.000000e+00  -1.407567e-03   0.000000e+00   0.000000e+00  -5.325384e-03   2.499943e-01  -5.285432e-02   0.000000e+00
 0.000000e+00   0.000000e+00  -8.277955e-05   0.000000e+00   0.000000e+00  -9.979020e-04  -5.285432e-02   5.476801e-02   0.000000e+00
 8.506918e-05   3.815527e-04   0.000000e+00   7.317040e-04   2.057662e-03   0.000000e+00   0.000000e+00   0.000000e+00   4.092706e-02

# timestamp: 1774889064.1732416
 9.191738e-04  -2.577632e-06   0.000000e+00   2.545963e-04   8.971223e-06   0.000000e+00   0.000000e+00   0.000000e+00   1.283597e-04
-2.577632e-06   1.015132e-03   0.000000e+00   1.298189e-05   4.357286e-04   0.000000e+00   0.000000e+00   0.000000e+00   5.023403e-04
 0.000000e+00   0.000000e+00   1.046241e-03   0.000000e+00   0.000000e+00   5.087535e-04  -1.711654e-03  -1.433661e-04   0.000000e+00
 2.545963e-04   1.298189e-05   0.000000e+00   4.250300e-04   7.149775e-05   0.000000e+00   0.000000e+00   0.000000e+00   8.603568e-04
 8.971223e-06   4.357286e-04   0.000000e+00   7.149775e-05   8.240638e-04   0.000000e+00   0.000000e+00   0.000000e+00   2.370108e-03
 0.000000e+00   0.000000e+00   5.087535e-04   0.000000e+00   0.000000e+00   1.019385e-03  -5.687194e-03  -1.254763e-03   0.000000e+00
 0.000000e+00   0.000000e+00  -1.711654e-03   0.000000e+00   0.000000e+00  -5.687194e-03   2.555715e-01  -5.285432e-02   0.000000e+00
 0.000000e+00   0.000000e+00  -1.433661e-04   0.000000e+00   0.000000e+00  -1.254763e-03  -5.285432e-02   6.034519e-02   0.000000e+00
 1.283597e-04   5.023403e-04   0.000000e+00   8.603568e-04   2.370108e-03   0.000000e+00   0.000000e+00   0.000000e+00   4.650424e-02

# timestamp: 1774889064.450376
 8.767035e-04   4.423356e-06   0.000000e+00   2.446110e-04   1.901009e-05   0.000000e+00   0.000000e+00   0.000000e+00   8.977911e-05
 4.423356e-06   9.694535e-04   0.000000e+00   2.430999e-05   4.214561e-04   0.000000e+00   0.000000e+00   0.000000e+00   4.268038e-04
 0.000000e+00   0.000000e+00   9.930438e-04   0.000000e+00   0.000000e+00   4.715208e-04  -9.302384e-04  -1.263831e-04   0.000000e+00
 2.446110e-04   2.430999e-05   0.000000e+00   4.275591e-04   9.066502e-05   0.000000e+00   0.000000e+00   0.000000e+00   8.173569e-04
 1.901009e-05   4.214561e-04   0.000000e+00   9.066502e-05   8.155852e-04   0.000000e+00   0.000000e+00   0.000000e+00   2.139907e-03
 0.000000e+00   0.000000e+00   4.715208e-04   0.000000e+00   0.000000e+00   9.410744e-04  -3.266699e-03  -1.252664e-03   0.000000e+00
 0.000000e+00   0.000000e+00  -9.302384e-04   0.000000e+00   0.000000e+00  -3.266699e-03   2.305574e-01  -7.690607e-02   0.000000e+00
 0.000000e+00   0.000000e+00  -1.263831e-04   0.000000e+00   0.000000e+00  -1.252664e-03  -7.690607e-02   7.582836e-02   0.000000e+00
 8.977911e-05   4.268038e-04   0.000000e+00   8.173569e-04   2.139907e-03   0.000000e+00   0.000000e+00   0.000000e+00   4.358351e-02

# timestamp: 1774889064.4876122
 9.251867e-04   5.927999e-06   0.000000e+00   2.586701e-04   2.242426e-05   0.000000e+00   0.000000e+00   0.000000e+00   1.168979e-04
 5.927999e-06   1.029785e-03   0.000000e+00   2.805626e-05   4.498526e-04   0.000000e+00   0.000000e+00   0.000000e+00   4.976772e-04
 0.000000e+00   0.000000e+00   1.056743e-03   0.000000e+00   0.000000e+00   5.043468e-04  -1.036330e-03  -1.686758e-04   0.000000e+00
 2.586701e-04   2.805626e-05   0.000000e+00   4.334881e-04   9.750915e-05   0.000000e+00   0.000000e+00   0.000000e+00   8.898409e-04
 2.242426e-05   4.498526e-04   0.000000e+00   9.750915e-05   8.361193e-04   0.000000e+00   0.000000e+00   0.000000e+00   2.317629e-03
 0.000000e+00   0.000000e+00   5.043468e-04   0.000000e+00   0.000000e+00   9.651892e-04  -3.336663e-03  -1.433800e-03   0.000000e+00
 0.000000e+00   0.000000e+00  -1.036330e-03   0.000000e+00   0.000000e+00  -3.336663e-03   2.337827e-01  -7.690607e-02   0.000000e+00
 0.000000e+00   0.000000e+00  -1.686758e-04   0.000000e+00   0.000000e+00  -1.433800e-03  -7.690607e-02   7.905371e-02   0.000000e+00
 1.168979e-04   4.976772e-04   0.000000e+00   8.898409e-04   2.317629e-03   0.000000e+00   0.000000e+00   0.000000e+00   4.680886e-02

# timestamp: 1774889064.555452
 8.810567e-04   7.245627e-06   0.000000e+00   2.464868e-04   2.313796e-05   0.000000e+00   0.000000e+00   0.000000e+00   6.559998e-05
 7.245627e-06   9.760538e-04   0.000000e+00   2.857240e-05   4.249446e-04   0.000000e+00   0.000000e+00   0.000000e+00   3.802292e-04
 0.000000e+00   0.000000e+00   9.990336e-04   0.000000e+00   0.000000e+00   4.706192e-04  -6.743877e-04  -1.371703e-04   0.000000e+00
 2.464868e-04   2.857240e-05   0.000000e+00   4.302133e-04   9.813960e-05   0.000000e+00   0.000000e+00   0.000000e+00   8.150175e-04
 2.313796e-05   4.249446e-04   0.000000e+00   9.813960e-05   8.175968e-04   0.000000e+00   0.000000e+00   0.000000e+00   2.106327e-03
 0.000000e+00   0.000000e+00   4.706192e-04   0.000000e+00   0.000000e+00   9.267058e-04  -2.352391e-03  -1.500512e-03   0.000000e+00
 0.000000e+00   0.000000e+00  -6.743877e-04   0.000000e+00   0.000000e+00  -2.352391e-03   2.220045e-01  -8.409641e-02   0.000000e+00
 0.000000e+00   0.000000e+00  -1.371703e-04   0.000000e+00   0.000000e+00  -1.500512e-03  -8.409641e-02   8.380079e-02   0.000000e+00
 6.559998e-05   3.802292e-04   0.000000e+00   8.150175e-04   2.106327e-03   0.000000e+00   0.000000e+00   0.000000e+00   4.351492e-02

# timestamp: 1774889064.8303049
 8.481837e-04   1.267103e-05   0.000000e+00   2.392974e-04   3.098424e-05   0.000000e+00   0.000000e+00   0.000000e+00   4.294212e-05
 1.267103e-05   9.382565e-04   0.000000e+00   3.649927e-05   4.106658e-04   0.000000e+00   0.000000e+00   0.000000e+00   3.441143e-04
 0.000000e+00   0.000000e+00   9.587958e-04   0.000000e+00   0.000000e+00   4.508467e-04   1.258743e-04  -4.831424e-04   0.000000e+00
 2.392974e-04   3.649927e-05   0.000000e+00   4.304735e-04   1.086671e-04   0.000000e+00   0.000000e+00   0.000000e+00   7.352874e-04
 3.098424e-05   4.106658e-04   0.000000e+00   1.086671e-04   8.040573e-04   0.000000e+00   0.000000e+00   0.000000e+00   1.942108e-03
 0.000000e+00   0.000000e+00   4.508467e-04   0.000000e+00   0.000000e+00   9.034415e-04   3.757323e-04  -2.735364e-03   0.000000e+00
 0.000000e+00   0.000000e+00   1.258743e-04   0.000000e+00   0.000000e+00   3.757323e-04   2.004168e-01  -1.003721e-01   0.000000e+00
 0.000000e+00   0.000000e+00  -4.831424e-04   0.000000e+00   0.000000e+00  -2.735364e-03  -1.003721e-01   1.055540e-01   0.000000e+00
 4.294212e-05   3.441143e-04   0.000000e+00   7.352874e-04   1.942108e-03   0.000000e+00   0.000000e+00   0.000000e+00   4.152952e-02

# timestamp: 1774889064.8721037
 9.166233e-04   1.600287e-05   0.000000e+00   2.592600e-04   3.644565e-05   0.000000e+00   0.000000e+00   0.000000e+00   7.804382e-05
 1.600287e-05   1.023211e-03   0.000000e+00   4.237790e-05   4.501199e-04   0.000000e+00   0.000000e+00   0.000000e+00   4.371651e-04
 0.000000e+00   0.000000e+00   1.047653e-03   0.000000e+00   0.000000e+00   4.956075e-04   1.460166e-04  -6.153286e-04   0.000000e+00
 2.592600e-04   4.237790e-05   0.000000e+00   4.380340e-04   1.169229e-04   0.000000e+00   0.000000e+00   0.000000e+00   8.205470e-04
 3.644565e-05   4.501199e-04   0.000000e+00   1.169229e-04   8.313629e-04   0.000000e+00   0.000000e+00   0.000000e+00   2.186222e-03
 0.000000e+00   0.000000e+00   4.956075e-04   0.000000e+00   0.000000e+00   9.386124e-04   5.378997e-04  -3.139187e-03   0.000000e+00
 0.000000e+00   0.000000e+00   1.460166e-04   0.000000e+00   0.000000e+00   5.378997e-04   2.049841e-01  -1.003721e-01   0.000000e+00
 0.000000e+00   0.000000e+00  -6.153286e-04   0.000000e+00   0.000000e+00  -3.139187e-03  -1.003721e-01   1.101213e-01   0.000000e+00
 7.804382e-05   4.371651e-04   0.000000e+00   8.205470e-04   2.186222e-03   0.000000e+00   0.000000e+00   0.000000e+00   4.609683e-02

# timestamp: 1774889065.1513386
 8.925708e-04   2.077268e-05   0.000000e+00   2.552563e-04   4.595549e-05   0.000000e+00   0.000000e+00   0.000000e+00   1.437665e-04
 2.077268e-05   9.934802e-04   0.000000e+00   4.841267e-05   4.389886e-04   0.000000e+00   0.000000e+00   0.000000e+00   4.604884e-04
 0.000000e+00   0.000000e+00   1.019676e-03   0.000000e+00   0.000000e+00   4.983090e-04   6.850950e-04  -1.055057e-03   0.000000e+00
 2.552563e-04   4.841267e-05   0.000000e+00   4.371679e-04   1.244909e-04   0.000000e+00   0.000000e+00   0.000000e+00   7.623767e-04
 4.595549e-05   4.389886e-04   0.000000e+00   1.244909e-04   8.259057e-04   0.000000e+00   0.000000e+00   0.000000e+00   2.157310e-03
 0.000000e+00   0.000000e+00   4.983090e-04   0.000000e+00   0.000000e+00   9.990251e-04   3.075154e-03  -4.872956e-03   0.000000e+00
 0.000000e+00   0.000000e+00   6.850950e-04   0.000000e+00   0.000000e+00   3.075154e-03   2.105728e-01  -1.155471e-01   0.000000e+00
 0.000000e+00   0.000000e+00  -1.055057e-03   0.000000e+00   0.000000e+00  -4.872956e-03  -1.155471e-01   1.254061e-01   0.000000e+00
 1.437665e-04   4.604884e-04   0.000000e+00   7.623767e-04   2.157310e-03   0.000000e+00   0.000000e+00   0.000000e+00   4.469184e-02

# timestamp: 1774889065.258949
 9.155825e-04   2.427253e-05   0.000000e+00   2.621761e-04   5.045968e-05   0.000000e+00   0.000000e+00   0.000000e+00   1.138249e-04
 2.427253e-05   1.021422e-03   0.000000e+00   5.182474e-05   4.496821e-04   0.000000e+00   0.000000e+00   0.000000e+00   3.827777e-04
 0.000000e+00   0.000000e+00   1.050674e-03   0.000000e+00   0.000000e+00   5.176898e-04   9.326931e-04  -1.095454e-03   0.000000e+00
 2.621761e-04   5.182474e-05   0.000000e+00   4.392802e-04   1.293499e-04   0.000000e+00   0.000000e+00   0.000000e+00   7.534563e-04
 5.045968e-05   4.496821e-04   0.000000e+00   1.293499e-04   8.364800e-04   0.000000e+00   0.000000e+00   0.000000e+00   2.218022e-03
 0.000000e+00   0.000000e+00   5.176898e-04   0.000000e+00   0.000000e+00   1.043127e-03   3.931874e-03  -5.397527e-03   0.000000e+00
 0.000000e+00   0.000000e+00   9.326931e-04   0.000000e+00   0.000000e+00   3.931874e-03   2.214862e-01  -1.182219e-01   0.000000e+00
 0.000000e+00   0.000000e+00  -1.095454e-03   0.000000e+00   0.000000e+00  -5.397527e-03  -1.182219e-01   1.253038e-01   0.000000e+00
 1.138249e-04   3.827777e-04   0.000000e+00   7.534563e-04   2.218022e-03   0.000000e+00   0.000000e+00   0.000000e+00   4.564384e-02

# timestamp: 1774889065.5114021
 8.328515e-04   2.259161e-05   0.000000e+00   2.382812e-04   4.702536e-05   0.000000e+00   0.000000e+00   0.000000e+00   6.528853e-05
 2.259161e-05   9.200222e-04   0.000000e+00   4.938865e-05   4.060261e-04   0.000000e+00   0.000000e+00   0.000000e+00   3.491582e-04
 0.000000e+00   0.000000e+00   9.567332e-04   0.000000e+00   0.000000e+00   5.056452e-04   1.873151e-03  -1.588924e-03   0.000000e+00
 2.382812e-04   4.938865e-05   0.000000e+00   4.289586e-04   1.244478e-04   0.000000e+00   0.000000e+00   0.000000e+00   5.976316e-04
 4.702536e-05   4.060261e-04   0.000000e+00   1.244478e-04   8.136385e-04   0.000000e+00   0.000000e+00   0.000000e+00   2.009565e-03
 0.000000e+00   0.000000e+00   5.056452e-04   0.000000e+00   0.000000e+00   1.121752e-03   6.280629e-03  -6.416400e-03   0.000000e+00
 0.000000e+00   0.000000e+00   1.873151e-03   0.000000e+00   0.000000e+00   6.280629e-03   2.401899e-01  -1.276805e-01   0.000000e+00
 0.000000e+00   0.000000e+00  -1.588924e-03   0.000000e+00   0.000000e+00  -6.416400e-03  -1.276805e-01   1.221398e-01   0.000000e+00
 6.528853e-05   3.491582e-04   0.000000e+00   5.976316e-04   2.009565e-03   0.000000e+00   0.000000e+00   0.000000e+00   4.045330e-02

# timestamp: 1774889065.538183
 8.683856e-04   2.497130e-05   0.000000e+00   2.486364e-04   5.027139e-05   0.000000e+00   0.000000e+00   0.000000e+00   7.982488e-05
 2.497130e-05   9.638131e-04   0.000000e+00   5.268679e-05   4.268560e-04   0.000000e+00   0.000000e+00   0.000000e+00   3.982491e-04
 0.000000e+00   0.000000e+00   1.005506e-03   0.000000e+00   0.000000e+00   5.367228e-04   2.025046e-03  -1.744644e-03   0.000000e+00
 2.486364e-04   5.268679e-05   0.000000e+00   4.323001e-04   1.280549e-04   0.000000e+00   0.000000e+00   0.000000e+00   6.302331e-04
 5.027139e-05   4.268560e-04   0.000000e+00   1.280549e-04   8.295435e-04   0.000000e+00   0.000000e+00   0.000000e+00   2.146366e-03
 0.000000e+00   0.000000e+00   5.367228e-04   0.000000e+00   0.000000e+00   1.156955e-03   6.508520e-03  -6.719939e-03   0.000000e+00
 0.000000e+00   0.000000e+00   2.025046e-03   0.000000e+00   0.000000e+00   6.508520e-03   2.425797e-01  -1.276805e-01   0.000000e+00
 0.000000e+00   0.000000e+00  -1.744644e-03   0.000000e+00   0.000000e+00  -6.719939e-03  -1.276805e-01   1.245296e-01   0.000000e+00
 7.982488e-05   3.982491e-04   0.000000e+00   6.302331e-04   2.146366e-03   0.000000e+00   0.000000e+00   0.000000e+00   4.284314e-02

# timestamp: 1774889065.5597382
 9.085325e-04   2.780797e-05   0.000000e+00   2.602745e-04   5.404601e-05   0.000000e+00   0.000000e+00   0.000000e+00   9.692959e-05
 2.780797e-05   1.013753e-03   0.000000e+00   5.650839e-05   4.506981e-04   0.000000e+00   0.000000e+00   0.000000e+00   4.567676e-04
 0.000000e+00   0.000000e+00   1.061584e-03   0.000000e+00   0.000000e+00   5.727969e-04   2.200450e-03  -1.926495e-03   0.000000e+00
 2.602745e-04   5.650839e-05   0.000000e+00   4.360817e-04   1.323280e-04   0.000000e+00   0.000000e+00   0.000000e+00   6.687427e-04
 5.404601e-05   4.506981e-04   0.000000e+00   1.323280e-04   8.483307e-04   0.000000e+00   0.000000e+00   0.000000e+00   2.307959e-03
 0.000000e+00   0.000000e+00   5.727969e-04   0.000000e+00   0.000000e+00   1.198090e-03   6.760029e-03  -7.067168e-03   0.000000e+00
 0.000000e+00   0.000000e+00   2.200450e-03   0.000000e+00   0.000000e+00   6.760029e-03   2.452404e-01  -1.276805e-01   0.000000e+00
 0.000000e+00   0.000000e+00  -1.926495e-03   0.000000e+00   0.000000e+00  -7.067168e-03  -1.276805e-01   1.271904e-01   0.000000e+00
 9.692959e-05   4.567676e-04   0.000000e+00   6.687427e-04   2.307959e-03   0.000000e+00   0.000000e+00   0.000000e+00   4.550387e-02

# timestamp: 1774889065.8299935
 8.530663e-04   2.691922e-05   0.000000e+00   2.437672e-04   5.295628e-05   0.000000e+00   0.000000e+00   0.000000e+00   6.198625e-05
 2.691922e-05   9.455348e-04   0.000000e+00   5.353224e-05   4.204497e-04   0.000000e+00   0.000000e+00   0.000000e+00   3.276321e-04
 0.000000e+00   0.000000e+00   1.002222e-03   0.000000e+00   0.000000e+00   5.818754e-04   2.813486e-03  -2.013482e-03   0.000000e+00
 2.437672e-04   5.353224e-05   0.000000e+00   4.268707e-04   1.273300e-04   0.000000e+00   0.000000e+00   0.000000e+00   5.266503e-04
 5.295628e-05   4.204497e-04   0.000000e+00   1.273300e-04   8.447579e-04   0.000000e+00   0.000000e+00   0.000000e+00   2.176711e-03
 0.000000e+00   0.000000e+00   5.818754e-04   0.000000e+00   0.000000e+00   1.345076e-03   9.202850e-03  -7.884756e-03   0.000000e+00
 0.000000e+00   0.000000e+00   2.813486e-03   0.000000e+00   0.000000e+00   9.202850e-03   2.638362e-01  -1.297813e-01   0.000000e+00
 0.000000e+00   0.000000e+00  -2.013482e-03   0.000000e+00   0.000000e+00  -7.884756e-03  -1.297813e-01   1.172338e-01   0.000000e+00
 6.198625e-05   3.276321e-04   0.000000e+00   5.266503e-04   2.176711e-03   0.000000e+00   0.000000e+00   0.000000e+00   4.138682e-02

# timestamp: 1774889065.8514957
 8.851871e-04   2.926615e-05   0.000000e+00   2.529972e-04   5.593089e-05   0.000000e+00   0.000000e+00   0.000000e+00   7.343757e-05
 2.926615e-05   9.854480e-04   0.000000e+00   5.646310e-05   4.398565e-04   0.000000e+00   0.000000e+00   0.000000e+00   3.753040e-04
 0.000000e+00   0.000000e+00   1.049355e-03   0.000000e+00   0.000000e+00   6.163956e-04   3.012993e-03  -2.184913e-03   0.000000e+00
 2.529972e-04   5.646310e-05   0.000000e+00   4.295502e-04   1.301588e-04   0.000000e+00   0.000000e+00   0.000000e+00   5.479121e-04
 5.593089e-05   4.398565e-04   0.000000e+00   1.301588e-04   8.612302e-04   0.000000e+00   0.000000e+00   0.000000e+00   2.313375e-03
 0.000000e+00   0.000000e+00   6.163956e-04   0.000000e+00   0.000000e+00   1.389270e-03   9.485325e-03  -8.199040e-03   0.000000e+00
 0.000000e+00   0.000000e+00   3.012993e-03   0.000000e+00   0.000000e+00   9.485325e-03   2.659822e-01  -1.297813e-01   0.000000e+00
 0.000000e+00   0.000000e+00  -2.184913e-03   0.000000e+00   0.000000e+00  -8.199040e-03  -1.297813e-01   1.193798e-01   0.000000e+00
 7.343757e-05   3.753040e-04   0.000000e+00   5.479121e-04   2.313375e-03   0.000000e+00   0.000000e+00   0.000000e+00   4.353287e-02

# timestamp: 1774889065.8861248
 8.435042e-04   3.285366e-05   0.000000e+00   2.439025e-04   6.727613e-05   0.000000e+00   0.000000e+00   0.000000e+00   3.091623e-04
 3.285366e-05   9.501531e-04   0.000000e+00   6.246752e-05   4.535316e-04   0.000000e+00   0.000000e+00   0.000000e+00   9.506541e-04
 0.000000e+00   0.000000e+00   1.026946e-03   0.000000e+00   0.000000e+00   6.561317e-04   3.196357e-03  -2.989399e-03   0.000000e+00
 2.439025e-04   6.246752e-05   0.000000e+00   4.276075e-04   1.354808e-04   0.000000e+00   0.000000e+00   0.000000e+00   6.084833e-04
 6.727613e-05   4.535316e-04   0.000000e+00   1.354808e-04   8.776656e-04   0.000000e+00   0.000000e+00   0.000000e+00   2.483146e-03
 0.000000e+00   0.000000e+00   6.561317e-04   0.000000e+00   0.000000e+00   1.436552e-03   9.776400e-03  -8.507334e-03   0.000000e+00
 0.000000e+00   0.000000e+00   3.196357e-03   0.000000e+00   0.000000e+00   9.776400e-03   2.681829e-01  -1.300256e-01   0.000000e+00
 0.000000e+00   0.000000e+00  -2.989399e-03   0.000000e+00   0.000000e+00  -8.507334e-03  -1.300256e-01   1.162823e-01   0.000000e+00
 3.091623e-04   9.506541e-04   0.000000e+00   6.084833e-04   2.483146e-03   0.000000e+00   0.000000e+00   0.000000e+00   4.149931e-02

# timestamp: 1774889065.910996
 8.187726e-04   2.516530e-05   0.000000e+00   2.335099e-04   5.033177e-05   0.000000e+00   0.000000e+00   0.000000e+00   4.019047e-05
 2.516530e-05   9.040961e-04   0.000000e+00   5.086503e-05   4.021109e-04   0.000000e+00   0.000000e+00   0.000000e+00   2.738643e-04
 0.000000e+00   0.000000e+00   9.603249e-04   0.000000e+00   0.000000e+00   5.661345e-04   2.901278e-03  -1.877631e-03   0.000000e+00
 2.335099e-04   5.086503e-05   0.000000e+00   4.220720e-04   1.232518e-04   0.000000e+00   0.000000e+00   0.000000e+00   4.629465e-04
 5.033177e-05   4.021109e-04   0.000000e+00   1.232518e-04   8.377917e-04   0.000000e+00   0.000000e+00   0.000000e+00   2.076233e-03
 0.000000e+00   0.000000e+00   5.661345e-04   0.000000e+00   0.000000e+00   1.353542e-03   9.560426e-03  -7.541502e-03   0.000000e+00
 0.000000e+00   0.000000e+00   2.901278e-03   0.000000e+00   0.000000e+00   9.560426e-03   2.688534e-01  -1.239916e-01   0.000000e+00
 0.000000e+00   0.000000e+00  -1.877631e-03   0.000000e+00   0.000000e+00  -7.541502e-03  -1.239916e-01   1.062095e-01   0.000000e+00
 4.019047e-05   2.738643e-04   0.000000e+00   4.629465e-04   2.076233e-03   0.000000e+00   0.000000e+00   0.000000e+00   3.908556e-02

# timestamp: 1774889066.1781652
 8.599244e-04   3.431266e-05   0.000000e+00   2.457223e-04   6.617197e-05   0.000000e+00   0.000000e+00   0.000000e+00   2.383643e-04
 3.431266e-05   9.817240e-04   0.000000e+00   6.151156e-05   4.855517e-04   0.000000e+00   0.000000e+00   0.000000e+00   1.130523e-03
 0.000000e+00   0.000000e+00   1.092879e-03   0.000000e+00   0.000000e+00   7.588805e-04   4.255175e-03  -3.130947e-03   0.000000e+00
 2.457223e-04   6.151156e-05   0.000000e+00   4.202609e-04   1.250573e-04   0.000000e+00   0.000000e+00   0.000000e+00   4.283371e-04
 6.617197e-05   4.855517e-04   0.000000e+00   1.250573e-04   9.343544e-04   0.000000e+00   0.000000e+00   0.000000e+00   2.801881e-03
 0.000000e+00   0.000000e+00   7.588805e-04   0.000000e+00   0.000000e+00   1.623075e-03   1.145353e-02  -8.068472e-03   0.000000e+00
 0.000000e+00   0.000000e+00   4.255175e-03   0.000000e+00   0.000000e+00   1.145353e-02   2.837706e-01  -1.033056e-01   0.000000e+00
 0.000000e+00   0.000000e+00  -3.130947e-03   0.000000e+00   0.000000e+00  -8.068472e-03  -1.033056e-01   8.825839e-02   0.000000e+00
 2.383643e-04   1.130523e-03   0.000000e+00   4.283371e-04   2.801881e-03   0.000000e+00   0.000000e+00   0.000000e+00   4.334610e-02

# timestamp: 1774889066.2072594
 8.484038e-04   2.843283e-05   0.000000e+00   2.408741e-04   5.507414e-05   0.000000e+00   0.000000e+00   0.000000e+00   8.184087e-05
 2.843283e-05   9.447424e-04   0.000000e+00   5.275442e-05   4.329694e-04   0.000000e+00   0.000000e+00   0.000000e+00   4.004618e-04
 0.000000e+00   0.000000e+00   1.017995e-03   0.000000e+00   0.000000e+00   6.350218e-04   3.312882e-03  -1.754594e-03   0.000000e+00
 2.408741e-04   5.275442e-05   0.000000e+00   4.169028e-04   1.147205e-04   0.000000e+00   0.000000e+00   0.000000e+00   3.181213e-04
 5.507414e-05   4.329694e-04   0.000000e+00   1.147205e-04   8.946093e-04   0.000000e+00   0.000000e+00   0.000000e+00   2.401891e-03
 0.000000e+00   0.000000e+00   6.350218e-04   0.000000e+00   0.000000e+00   1.481731e-03   1.037392e-02  -6.640969e-03   0.000000e+00
 0.000000e+00   0.000000e+00   3.312882e-03   0.000000e+00   0.000000e+00   1.037392e-02   2.768484e-01  -8.990874e-02   0.000000e+00
 0.000000e+00   0.000000e+00  -1.754594e-03   0.000000e+00   0.000000e+00  -6.640969e-03  -8.990874e-02   7.634865e-02   0.000000e+00
 8.184087e-05   4.004618e-04   0.000000e+00   3.181213e-04   2.401891e-03   0.000000e+00   0.000000e+00   0.000000e+00   4.147594e-02

# timestamp: 1774889066.2553399
 8.976011e-04   3.211015e-05   0.000000e+00   2.546942e-04   5.935075e-05   0.000000e+00   0.000000e+00   0.000000e+00   9.242580e-05
 3.211015e-05   1.007143e-03   0.000000e+00   5.668841e-05   4.651819e-04   0.000000e+00   0.000000e+00   0.000000e+00   4.816278e-04
 0.000000e+00   0.000000e+00   1.094455e-03   0.000000e+00   0.000000e+00   6.936629e-04   3.657915e-03  -1.976723e-03   0.000000e+00
 2.546942e-04   5.668841e-05   0.000000e+00   4.203865e-04   1.172152e-04   0.000000e+00   0.000000e+00   0.000000e+00   3.312254e-04
 5.935075e-05   4.651819e-04   0.000000e+00   1.172152e-04   9.249222e-04   0.000000e+00   0.000000e+00   0.000000e+00   2.637042e-03
 0.000000e+00   0.000000e+00   6.936629e-04   0.000000e+00   0.000000e+00   1.552076e-03   1.077289e-02  -7.036367e-03   0.000000e+00
 0.000000e+00   0.000000e+00   3.657915e-03   0.000000e+00   0.000000e+00   1.077289e-02   2.801380e-01  -8.990874e-02   0.000000e+00
 0.000000e+00   0.000000e+00  -1.976723e-03   0.000000e+00   0.000000e+00  -7.036367e-03  -8.990874e-02   7.963825e-02   0.000000e+00
 9.242580e-05   4.816278e-04   0.000000e+00   3.312254e-04   2.637042e-03   0.000000e+00   0.000000e+00   0.000000e+00   4.476555e-02

# timestamp: 1774889066.2748065
 9.203859e-04   3.388211e-05   0.000000e+00   2.610441e-04   6.135299e-05   0.000000e+00   0.000000e+00   0.000000e+00   9.742762e-05
 3.388211e-05   1.036379e-03   0.000000e+00   5.852469e-05   4.804056e-04   0.000000e+00   0.000000e+00   0.000000e+00   5.216769e-04
 0.000000e+00   0.000000e+00   1.130726e-03   0.000000e+00   0.000000e+00   7.216553e-04   3.820524e-03  -2.083172e-03   0.000000e+00
 2.610441e-04   5.852469e-05   0.000000e+00   4.219811e-04   1.184031e-04   0.000000e+00   0.000000e+00   0.000000e+00   3.374978e-04
 6.135299e-05   4.804056e-04   0.000000e+00   1.184031e-04   9.396330e-04   0.000000e+00   0.000000e+00   0.000000e+00   2.749601e-03
 0.000000e+00   0.000000e+00   7.216553e-04   0.000000e+00   0.000000e+00   1.585573e-03   1.095493e-02  -7.222153e-03   0.000000e+00
 0.000000e+00   0.000000e+00   3.820524e-03   0.000000e+00   0.000000e+00   1.095493e-02   2.816412e-01  -8.990874e-02   0.000000e+00
 0.000000e+00   0.000000e+00  -2.083172e-03   0.000000e+00   0.000000e+00  -7.222153e-03  -8.990874e-02   8.114148e-02   0.000000e+00
 9.742762e-05   5.216769e-04   0.000000e+00   3.374978e-04   2.749601e-03   0.000000e+00   0.000000e+00   0.000000e+00   4.626878e-02

# timestamp: 1774889066.4953616
 9.024544e-04   3.701006e-05   0.000000e+00   2.547740e-04   6.770681e-05   0.000000e+00   0.000000e+00   0.000000e+00   2.030934e-04
 3.701006e-05   1.045604e-03   0.000000e+00   6.048413e-05   5.352145e-04   0.000000e+00   0.000000e+00   0.000000e+00   1.175850e-03
 0.000000e+00   0.000000e+00   1.159609e-03   0.000000e+00   0.000000e+00   7.965829e-04   4.126777e-03  -2.500970e-03   0.000000e+00
 2.547740e-04   6.048413e-05   0.000000e+00   4.158569e-04   1.143556e-04   0.000000e+00   0.000000e+00   0.000000e+00   3.333685e-04
 6.770681e-05   5.352145e-04   0.000000e+00   1.143556e-04   1.017105e-03   0.000000e+00   0.000000e+00   0.000000e+00   3.148660e-03
 0.000000e+00   0.000000e+00   7.965829e-04   0.000000e+00   0.000000e+00   1.632164e-03   1.056193e-02  -6.443198e-03   0.000000e+00
 0.000000e+00   0.000000e+00   4.126777e-03   0.000000e+00   0.000000e+00   1.056193e-02   2.893581e-01  -6.905019e-02   0.000000e+00
 0.000000e+00   0.000000e+00  -2.500970e-03   0.000000e+00   0.000000e+00  -6.443198e-03  -6.905019e-02   6.590883e-02   0.000000e+00
 2.030934e-04   1.175850e-03   0.000000e+00   3.333685e-04   3.148660e-03   0.000000e+00   0.000000e+00   0.000000e+00   4.582333e-02

# timestamp: 1774889066.5537326
 8.869160e-04   3.115974e-05   0.000000e+00   2.492150e-04   5.618596e-05   0.000000e+00   0.000000e+00   0.000000e+00   6.701315e-05
 3.115974e-05   1.001293e-03   0.000000e+00   5.273130e-05   4.725519e-04   0.000000e+00   0.000000e+00   0.000000e+00   4.217771e-04
 0.000000e+00   0.000000e+00   1.089635e-03   0.000000e+00   0.000000e+00   6.858801e-04   3.618672e-03  -1.422108e-03   0.000000e+00
 2.492150e-04   5.273130e-05   0.000000e+00   4.129779e-04   1.052382e-04   0.000000e+00   0.000000e+00   0.000000e+00   2.558146e-04
 5.618596e-05   4.725519e-04   0.000000e+00   1.052382e-04   9.666801e-04   0.000000e+00   0.000000e+00   0.000000e+00   2.696653e-03
 0.000000e+00   0.000000e+00   6.858801e-04   0.000000e+00   0.000000e+00   1.501977e-03   9.805255e-03  -5.398761e-03   0.000000e+00
 0.000000e+00   0.000000e+00   3.618672e-03   0.000000e+00   0.000000e+00   9.805255e-03   2.884463e-01  -6.195035e-02   0.000000e+00
 0.000000e+00   0.000000e+00  -1.422108e-03   0.000000e+00   0.000000e+00  -5.398761e-03  -6.195035e-02   5.977993e-02   0.000000e+00
 6.701315e-05   4.217771e-04   0.000000e+00   2.558146e-04   2.696653e-03   0.000000e+00   0.000000e+00   0.000000e+00   4.375367e-02

# timestamp: 1774889066.5826075
 8.565322e-04   3.291052e-05   0.000000e+00   2.411578e-04   6.240243e-05   0.000000e+00   0.000000e+00   0.000000e+00   1.873256e-04
 3.291052e-05   9.855132e-04   0.000000e+00   5.552509e-05   5.039238e-04   0.000000e+00   0.000000e+00   0.000000e+00   1.065296e-03
 0.000000e+00   0.000000e+00   1.081199e-03   0.000000e+00   0.000000e+00   7.305074e-04   3.711825e-03  -2.143778e-03   0.000000e+00
 2.411578e-04   5.552509e-05   0.000000e+00   4.106793e-04   1.088294e-04   0.000000e+00   0.000000e+00   0.000000e+00   3.128463e-04
 6.240243e-05   5.039238e-04   0.000000e+00   1.088294e-04   9.986646e-04   0.000000e+00   0.000000e+00   0.000000e+00   2.937887e-03
 0.000000e+00   0.000000e+00   7.305074e-04   0.000000e+00   0.000000e+00   1.550760e-03   9.947864e-03  -5.737102e-03   0.000000e+00
 0.000000e+00   0.000000e+00   3.711825e-03   0.000000e+00   0.000000e+00   9.947864e-03   2.909913e-01  -6.335127e-02   0.000000e+00
 0.000000e+00   0.000000e+00  -2.143778e-03   0.000000e+00   0.000000e+00  -5.737102e-03  -6.335127e-02   5.918621e-02   0.000000e+00
 1.873256e-04   1.065296e-03   0.000000e+00   3.128463e-04   2.937887e-03   0.000000e+00   0.000000e+00   0.000000e+00   4.264359e-02

# timestamp: 1774889066.7738159
 9.240776e-04   3.297292e-05   0.000000e+00   2.579181e-04   5.570671e-05   0.000000e+00   0.000000e+00   0.000000e+00   5.443621e-05
 3.297292e-05   1.057169e-03   0.000000e+00   5.426734e-05   5.126079e-04   0.000000e+00   0.000000e+00   0.000000e+00   5.400137e-04
 0.000000e+00   0.000000e+00   1.165375e-03   0.000000e+00   0.000000e+00   7.390772e-04   4.184701e-03  -1.533281e-03   0.000000e+00
 2.579181e-04   5.426734e-05   0.000000e+00   4.131816e-04   1.064196e-04   0.000000e+00   0.000000e+00   0.000000e+00   3.279295e-04
 5.570671e-05   5.126079e-04   0.000000e+00   1.064196e-04   1.021046e-03   0.000000e+00   0.000000e+00   0.000000e+00   2.938064e-03
 0.000000e+00   0.000000e+00   7.390772e-04   0.000000e+00   0.000000e+00   1.506735e-03   9.364982e-03  -5.195958e-03   0.000000e+00
 0.000000e+00   0.000000e+00   4.184701e-03   0.000000e+00   0.000000e+00   9.364982e-03   3.049385e-01  -5.758329e-02   0.000000e+00
 0.000000e+00   0.000000e+00  -1.533281e-03   0.000000e+00   0.000000e+00  -5.195958e-03  -5.758329e-02   5.945932e-02   0.000000e+00
 5.443621e-05   5.400137e-04   0.000000e+00   3.279295e-04   2.938064e-03   0.000000e+00   0.000000e+00   0.000000e+00   4.648989e-02

# timestamp: 1774889066.8100781
 8.251374e-04   2.562083e-05   0.000000e+00   2.297671e-04   4.607021e-05   0.000000e+00   0.000000e+00   0.000000e+00   1.333746e-05
 2.562083e-05   9.302035e-04   0.000000e+00   4.613847e-05   4.477758e-04   0.000000e+00   0.000000e+00   0.000000e+00   3.708124e-04
 0.000000e+00   0.000000e+00   1.018456e-03   0.000000e+00   0.000000e+00   6.475233e-04   3.875922e-03  -1.305999e-03   0.000000e+00
 2.297671e-04   4.613847e-05   0.000000e+00   4.044443e-04   9.842329e-05   0.000000e+00   0.000000e+00   0.000000e+00   2.780318e-04
 4.607021e-05   4.477758e-04   0.000000e+00   9.842329e-05   9.675487e-04   0.000000e+00   0.000000e+00   0.000000e+00   2.468196e-03
 0.000000e+00   0.000000e+00   6.475233e-04   0.000000e+00   0.000000e+00   1.430717e-03   9.308146e-03  -4.767406e-03   0.000000e+00
 0.000000e+00   0.000000e+00   3.875922e-03   0.000000e+00   0.000000e+00   9.308146e-03   3.032318e-01  -6.171503e-02   0.000000e+00
 0.000000e+00   0.000000e+00  -1.305999e-03   0.000000e+00   0.000000e+00  -4.767406e-03  -6.171503e-02   5.433144e-02   0.000000e+00
 1.333746e-05   3.708124e-04   0.000000e+00   2.780318e-04   2.468196e-03   0.000000e+00   0.000000e+00   0.000000e+00   3.977701e-02

# timestamp: 1774889066.8244343
 8.500593e-04   2.721734e-05   0.000000e+00   2.366728e-04   4.779785e-05   0.000000e+00   0.000000e+00   0.000000e+00   1.814199e-05
 2.721734e-05   9.627068e-04   0.000000e+00   4.802644e-05   4.654084e-04   0.000000e+00   0.000000e+00   0.000000e+00   4.131858e-04
 0.000000e+00   0.000000e+00   1.057887e-03   0.000000e+00   0.000000e+00   6.736500e-04   4.034168e-03  -1.387479e-03   0.000000e+00
 2.366728e-04   4.802644e-05   0.000000e+00   4.064403e-04   1.005172e-04   0.000000e+00   0.000000e+00   0.000000e+00   2.991494e-04
 4.779785e-05   4.654084e-04   0.000000e+00   1.005172e-04   9.831873e-04   0.000000e+00   0.000000e+00   0.000000e+00   2.581643e-03
 0.000000e+00   0.000000e+00   6.736500e-04   0.000000e+00   0.000000e+00   1.449500e-03   9.322018e-03  -4.889319e-03   0.000000e+00
 0.000000e+00   0.000000e+00   4.034168e-03   0.000000e+00   0.000000e+00   9.322018e-03   3.049313e-01  -6.171503e-02   0.000000e+00
 0.000000e+00   0.000000e+00  -1.387479e-03   0.000000e+00   0.000000e+00  -4.889319e-03  -6.171503e-02   5.603094e-02   0.000000e+00
 1.814199e-05   4.131858e-04   0.000000e+00   2.991494e-04   2.581643e-03   0.000000e+00   0.000000e+00   0.000000e+00   4.147651e-02

# timestamp: 1774889066.8464315
 8.824455e-04   2.936189e-05   0.000000e+00   2.456030e-04   5.009470e-05   0.000000e+00   0.000000e+00   0.000000e+00   2.488113e-05
 2.936189e-05   1.005388e-03   0.000000e+00   5.054129e-05   4.886589e-04   0.000000e+00   0.000000e+00   0.000000e+00   4.706829e-04
 0.000000e+00   0.000000e+00   1.109902e-03   0.000000e+00   0.000000e+00   7.079411e-04   4.237968e-03  -1.495476e-03   0.000000e+00
 2.456030e-04   5.054129e-05   0.000000e+00   4.090391e-04   1.033845e-04   0.000000e+00   0.000000e+00   0.000000e+00   3.275176e-04
 5.009470e-05   4.886589e-04   0.000000e+00   1.033845e-04   1.004235e-03   0.000000e+00   0.000000e+00   0.000000e+00   2.734041e-03
 0.000000e+00   0.000000e+00   7.079411e-04   0.000000e+00   0.000000e+00   1.474638e-03   9.338633e-03  -5.052600e-03   0.000000e+00
 0.000000e+00   0.000000e+00   4.237968e-03   0.000000e+00   0.000000e+00   9.338633e-03   3.071162e-01  -6.171503e-02   0.000000e+00
 0.000000e+00   0.000000e+00  -1.495476e-03   0.000000e+00   0.000000e+00  -5.052600e-03  -6.171503e-02   5.821585e-02   0.000000e+00
 2.488113e-05   4.706829e-04   0.000000e+00   3.275176e-04   2.734041e-03   0.000000e+00   0.000000e+00   0.000000e+00   4.366142e-02

# timestamp: 1774889067.1078186
 8.911317e-04   3.605441e-05   0.000000e+00   2.492593e-04   6.675771e-05   0.000000e+00   0.000000e+00   0.000000e+00   2.830781e-04
 3.605441e-05   1.049451e-03   0.000000e+00   6.050431e-05   5.607909e-04   0.000000e+00   0.000000e+00   0.000000e+00   1.195003e-03
 0.000000e+00   0.000000e+00   1.153808e-03   0.000000e+00   0.000000e+00   7.771824e-04   3.789476e-03  -2.435944e-03   0.000000e+00
 2.492593e-04   6.050431e-05   0.000000e+00   4.111724e-04   1.195266e-04   0.000000e+00   0.000000e+00   0.000000e+00   5.383731e-04
 6.675771e-05   5.607909e-04   0.000000e+00   1.195266e-04   1.077793e-03   0.000000e+00   0.000000e+00   0.000000e+00   3.151408e-03
 0.000000e+00   0.000000e+00   7.771824e-04   0.000000e+00   0.000000e+00   1.538760e-03   8.896934e-03  -6.022627e-03   0.000000e+00
 0.000000e+00   0.000000e+00   3.789476e-03   0.000000e+00   0.000000e+00   8.896934e-03   2.994707e-01  -7.679076e-02   0.000000e+00
 0.000000e+00   0.000000e+00  -2.435944e-03   0.000000e+00   0.000000e+00  -6.022627e-03  -7.679076e-02   6.866636e-02   0.000000e+00
 2.830781e-04   1.195003e-03   0.000000e+00   5.383731e-04   3.151408e-03   0.000000e+00   0.000000e+00   0.000000e+00   4.529856e-02

# timestamp: 1774889067.2062368
 8.898321e-04   3.582331e-05   0.000000e+00   2.485262e-04   6.645541e-05   0.000000e+00   0.000000e+00   0.000000e+00   2.956669e-04
 3.582331e-05   1.050926e-03   0.000000e+00   6.084424e-05   5.646290e-04   0.000000e+00   0.000000e+00   0.000000e+00   1.210014e-03
 0.000000e+00   0.000000e+00   1.160434e-03   0.000000e+00   0.000000e+00   7.904754e-04   3.926304e-03  -2.614780e-03   0.000000e+00
 2.485262e-04   6.084424e-05   0.000000e+00   4.109649e-04   1.214112e-04   0.000000e+00   0.000000e+00   0.000000e+00   5.627732e-04
 6.645541e-05   5.646290e-04   0.000000e+00   1.214112e-04   1.084404e-03   0.000000e+00   0.000000e+00   0.000000e+00   3.154923e-03
 0.000000e+00   0.000000e+00   7.904754e-04   0.000000e+00   0.000000e+00   1.563032e-03   9.111562e-03  -6.377751e-03   0.000000e+00
 0.000000e+00   0.000000e+00   3.926304e-03   0.000000e+00   0.000000e+00   9.111562e-03   2.951957e-01  -8.331006e-02   0.000000e+00
 0.000000e+00   0.000000e+00  -2.614780e-03   0.000000e+00   0.000000e+00  -6.377751e-03  -8.331006e-02   7.303666e-02   0.000000e+00
 2.956669e-04   1.210014e-03   0.000000e+00   5.627732e-04   3.154923e-03   0.000000e+00   0.000000e+00   0.000000e+00   4.508360e-02

# timestamp: 1774889067.5231876
 8.329937e-04   2.372490e-05   0.000000e+00   2.289248e-04   4.258601e-05   0.000000e+00   0.000000e+00   0.000000e+00   3.443554e-05
 2.372490e-05   9.586849e-04   0.000000e+00   4.566500e-05   4.831649e-04   0.000000e+00   0.000000e+00   0.000000e+00   4.516852e-04
 0.000000e+00   0.000000e+00   1.069538e-03   0.000000e+00   0.000000e+00   7.269386e-04   4.559413e-03  -2.124320e-03   0.000000e+00
 2.289248e-04   4.566500e-05   0.000000e+00   4.014880e-04   1.027748e-04   0.000000e+00   0.000000e+00   0.000000e+00   3.686760e-04
 4.258601e-05   4.831649e-04   0.000000e+00   1.027748e-04   1.012624e-03   0.000000e+00   0.000000e+00   0.000000e+00   2.477380e-03
 0.000000e+00   0.000000e+00   7.269386e-04   0.000000e+00   0.000000e+00   1.567722e-03   1.072763e-02  -6.547394e-03   0.000000e+00
 0.000000e+00   0.000000e+00   4.559413e-03   0.000000e+00   0.000000e+00   1.072763e-02   2.996420e-01  -9.625605e-02   0.000000e+00
 0.000000e+00   0.000000e+00  -2.124320e-03   0.000000e+00   0.000000e+00  -6.547394e-03  -9.625605e-02   7.660831e-02   0.000000e+00
 3.443554e-05   4.516852e-04   0.000000e+00   3.686760e-04   2.477380e-03   0.000000e+00   0.000000e+00   0.000000e+00   4.070853e-02

# timestamp: 1774889067.5451076
 8.760303e-04   2.640163e-05   0.000000e+00   2.407654e-04   4.581187e-05   0.000000e+00   0.000000e+00   0.000000e+00   4.542585e-05
 2.640163e-05   1.017178e-03   0.000000e+00   4.895707e-05   5.153496e-04   0.000000e+00   0.000000e+00   0.000000e+00   5.259541e-04
 0.000000e+00   0.000000e+00   1.142887e-03   0.000000e+00   0.000000e+00   7.810996e-04   4.876128e-03  -2.318807e-03   0.000000e+00
 2.407654e-04   4.895707e-05   0.000000e+00   4.048019e-04   1.057921e-04   0.000000e+00   0.000000e+00   0.000000e+00   3.903849e-04
 4.581187e-05   5.153496e-04   0.000000e+00   1.057921e-04   1.038742e-03   0.000000e+00   0.000000e+00   0.000000e+00   2.669933e-03
 0.000000e+00   0.000000e+00   7.810996e-04   0.000000e+00   0.000000e+00   1.619993e-03   1.100819e-02  -6.852843e-03   0.000000e+00
 0.000000e+00   0.000000e+00   4.876128e-03   0.000000e+00   0.000000e+00   1.100819e-02   3.025703e-01  -9.625605e-02   0.000000e+00
 0.000000e+00   0.000000e+00  -2.318807e-03   0.000000e+00   0.000000e+00  -6.852843e-03  -9.625605e-02   7.953664e-02   0.000000e+00
 4.542585e-05   5.259541e-04   0.000000e+00   3.903849e-04   2.669933e-03   0.000000e+00   0.000000e+00   0.000000e+00   4.363686e-02

# timestamp: 1774889068.0347126
 8.026900e-04   1.996379e-05   0.000000e+00   2.185957e-04   3.614241e-05   0.000000e+00   0.000000e+00   0.000000e+00   2.536688e-05
 1.996379e-05   9.250634e-04   0.000000e+00   3.704929e-05   4.698492e-04   0.000000e+00   0.000000e+00   0.000000e+00   4.749876e-04
 0.000000e+00   0.000000e+00   1.064123e-03   0.000000e+00   0.000000e+00   8.624783e-04   4.229965e-03  -3.266731e-03   0.000000e+00
 2.185957e-04   3.704929e-05   0.000000e+00   3.916918e-04   7.278461e-05   0.000000e+00   0.000000e+00   0.000000e+00   5.730101e-05
 3.614241e-05   4.698492e-04   0.000000e+00   7.278461e-05   9.891060e-04   0.000000e+00   0.000000e+00   0.000000e+00   2.308259e-03
 0.000000e+00   0.000000e+00   8.624783e-04   0.000000e+00   0.000000e+00   2.147981e-03   1.308200e-02  -1.106851e-02   0.000000e+00
 0.000000e+00   0.000000e+00   4.229965e-03   0.000000e+00   0.000000e+00   1.308200e-02   1.952295e-01  -1.057301e-01   0.000000e+00
 0.000000e+00   0.000000e+00  -3.266731e-03   0.000000e+00   0.000000e+00  -1.106851e-02  -1.057301e-01   1.111163e-01   0.000000e+00
 2.536688e-05   4.749876e-04   0.000000e+00   5.730101e-05   2.308259e-03   0.000000e+00   0.000000e+00   0.000000e+00   3.871041e-02

# timestamp: 1774889068.2549453
 8.910512e-04   2.280733e-05   0.000000e+00   2.418767e-04   3.259419e-05   0.000000e+00   0.000000e+00   0.000000e+00  -8.465321e-05
 2.280733e-05   1.046263e-03   0.000000e+00   3.207431e-05   5.298566e-04   0.000000e+00   0.000000e+00   0.000000e+00   4.932041e-04
 0.000000e+00   0.000000e+00   1.289521e-03   0.000000e+00   0.000000e+00   1.200916e-03   5.823889e-03  -4.384527e-03   0.000000e+00
 2.418767e-04   3.207431e-05   0.000000e+00   3.977974e-04   3.775451e-05   0.000000e+00   0.000000e+00   0.000000e+00  -3.132381e-04
 3.259419e-05   5.298566e-04   0.000000e+00   3.775451e-05   1.023742e-03   0.000000e+00   0.000000e+00   0.000000e+00   2.554192e-03
 0.000000e+00   0.000000e+00   1.200916e-03   0.000000e+00   0.000000e+00   2.940453e-03   1.724571e-02  -1.415959e-02   0.000000e+00
 0.000000e+00   0.000000e+00   5.823889e-03   0.000000e+00   0.000000e+00   1.724571e-02   2.001216e-01  -1.076076e-01   0.000000e+00
 0.000000e+00   0.000000e+00  -4.384527e-03   0.000000e+00   0.000000e+00  -1.415959e-02  -1.076076e-01   1.192698e-01   0.000000e+00
-8.465321e-05   4.932041e-04   0.000000e+00  -3.132381e-04   2.554192e-03   0.000000e+00   0.000000e+00   0.000000e+00   4.440664e-02

# timestamp: 1774889068.2985091
 7.805194e-04   1.697983e-05   0.000000e+00   2.116335e-04   2.702566e-05   0.000000e+00   0.000000e+00   0.000000e+00  -6.326392e-05
 1.697983e-05   8.964357e-04   0.000000e+00   2.643669e-05   4.500251e-04   0.000000e+00   0.000000e+00   0.000000e+00   3.605210e-04
 0.000000e+00   0.000000e+00   1.073253e-03   0.000000e+00   0.000000e+00   1.005498e-03   4.923589e-03  -3.586170e-03   0.000000e+00
 2.116335e-04   2.643669e-05   0.000000e+00   3.893777e-04   3.397786e-05   0.000000e+00   0.000000e+00   0.000000e+00  -2.843388e-04
 2.702566e-05   4.500251e-04   0.000000e+00   3.397786e-05   9.613344e-04   0.000000e+00   0.000000e+00   0.000000e+00   2.108549e-03
 0.000000e+00   0.000000e+00   1.005498e-03   0.000000e+00   0.000000e+00   2.772865e-03   1.674146e-02  -1.312268e-02   0.000000e+00
 0.000000e+00   0.000000e+00   4.923589e-03   0.000000e+00   0.000000e+00   1.674146e-02   1.951534e-01  -1.062836e-01   0.000000e+00
 0.000000e+00   0.000000e+00  -3.586170e-03   0.000000e+00   0.000000e+00  -1.312268e-02  -1.062836e-01   1.088744e-01   0.000000e+00
-6.326392e-05   3.605210e-04   0.000000e+00  -2.843388e-04   2.108549e-03   0.000000e+00   0.000000e+00   0.000000e+00   3.706139e-02

# timestamp: 1774889068.345082
 8.594513e-04   1.996786e-05   0.000000e+00   2.333056e-04   2.815945e-05   0.000000e+00   0.000000e+00   0.000000e+00  -8.062807e-05
 1.996786e-05   1.003257e-03   0.000000e+00   2.709317e-05   5.067841e-04   0.000000e+00   0.000000e+00   0.000000e+00   4.816163e-04
 0.000000e+00   0.000000e+00   1.247860e-03   0.000000e+00   0.000000e+00   1.207518e-03   5.863208e-03  -4.324619e-03   0.000000e+00
 2.333056e-04   2.709317e-05   0.000000e+00   3.964375e-04   2.596482e-05   0.000000e+00   0.000000e+00   0.000000e+00  -3.819030e-04
 2.815945e-05   5.067841e-04   0.000000e+00   2.596482e-05   1.001876e-03   0.000000e+00   0.000000e+00   0.000000e+00   2.423213e-03
 0.000000e+00   0.000000e+00   1.207518e-03   0.000000e+00   0.000000e+00   3.074024e-03   1.804273e-02  -1.424937e-02   0.000000e+00
 0.000000e+00   0.000000e+00   5.863208e-03   0.000000e+00   0.000000e+00   1.804273e-02   2.006164e-01  -1.062836e-01   0.000000e+00
 0.000000e+00   0.000000e+00  -4.324619e-03   0.000000e+00   0.000000e+00  -1.424937e-02  -1.062836e-01   1.143375e-01   0.000000e+00
-8.062807e-05   4.816163e-04   0.000000e+00  -3.819030e-04   2.423213e-03   0.000000e+00   0.000000e+00   0.000000e+00   4.252446e-02

# timestamp: 1774889068.6896822
 8.717298e-04   1.914837e-05   0.000000e+00   2.339009e-04   2.883332e-05   0.000000e+00   0.000000e+00   0.000000e+00   1.467500e-04
 1.914837e-05   1.042724e-03   0.000000e+00   4.586292e-06   5.541488e-04   0.000000e+00   0.000000e+00   0.000000e+00   1.119240e-03
 0.000000e+00   0.000000e+00   1.428277e-03   0.000000e+00   0.000000e+00   1.578527e-03   7.018802e-03  -5.691138e-03   0.000000e+00
 2.339009e-04   4.586292e-06   0.000000e+00   4.008850e-04  -1.735365e-05   0.000000e+00   0.000000e+00   0.000000e+00  -4.939171e-04
 2.883332e-05   5.541488e-04   0.000000e+00  -1.735365e-05   1.027060e-03   0.000000e+00   0.000000e+00   0.000000e+00   2.759034e-03
 0.000000e+00   0.000000e+00   1.578527e-03   0.000000e+00   0.000000e+00   3.820284e-03   2.063870e-02  -1.556667e-02   0.000000e+00
 0.000000e+00   0.000000e+00   7.018802e-03   0.000000e+00   0.000000e+00   2.063870e-02   2.023397e-01  -9.920695e-02   0.000000e+00
 0.000000e+00   0.000000e+00  -5.691138e-03   0.000000e+00   0.000000e+00  -1.556667e-02  -9.920695e-02   1.069237e-01   0.000000e+00
 1.467500e-04   1.119240e-03   0.000000e+00  -4.939171e-04   2.759034e-03   0.000000e+00   0.000000e+00   0.000000e+00   4.439886e-02

# timestamp: 1774889068.9636838
 8.793861e-04   8.900307e-06   0.000000e+00   2.398406e-04   1.794813e-06   0.000000e+00   0.000000e+00   0.000000e+00  -1.353501e-04
 8.900307e-06   1.027015e-03   0.000000e+00   1.544320e-06   5.059946e-04   0.000000e+00   0.000000e+00   0.000000e+00   4.112404e-04
 0.000000e+00   0.000000e+00   1.394990e-03   0.000000e+00   0.000000e+00   1.457290e-03   6.894845e-03  -3.866797e-03   0.000000e+00
 2.398406e-04   1.544320e-06   0.000000e+00   4.044088e-04  -3.626341e-05   0.000000e+00   0.000000e+00   0.000000e+00  -5.409810e-04
 1.794813e-06   5.059946e-04   0.000000e+00  -3.626341e-05   9.696439e-04   0.000000e+00   0.000000e+00   0.000000e+00   2.339139e-03
 0.000000e+00   0.000000e+00   1.457290e-03   0.000000e+00   0.000000e+00   3.488866e-03   1.927646e-02  -1.189755e-02   0.000000e+00
 0.000000e+00   0.000000e+00   6.894845e-03   0.000000e+00   0.000000e+00   1.927646e-02   2.010769e-01  -7.909805e-02   0.000000e+00
 0.000000e+00   0.000000e+00  -3.866797e-03   0.000000e+00   0.000000e+00  -1.189755e-02  -7.909805e-02   8.400909e-02   0.000000e+00
-1.353501e-04   4.112404e-04   0.000000e+00  -5.409810e-04   2.339139e-03   0.000000e+00   0.000000e+00   0.000000e+00   4.396613e-02

# timestamp: 1774889069.0055535
 8.805739e-04   1.063572e-05   0.000000e+00   2.379471e-04   1.127364e-05   0.000000e+00   0.000000e+00   0.000000e+00   5.748011e-05
 1.063572e-05   1.050824e-03   0.000000e+00  -7.483065e-06   5.492901e-04   0.000000e+00   0.000000e+00   0.000000e+00   1.040556e-03
 0.000000e+00   0.000000e+00   1.476240e-03   0.000000e+00   0.000000e+00   1.602844e-03   7.235128e-03  -4.929196e-03   0.000000e+00
 2.379471e-04  -7.483065e-06   0.000000e+00   4.036387e-04  -4.074375e-05   0.000000e+00   0.000000e+00   0.000000e+00  -5.002679e-04
 1.127364e-05   5.492901e-04   0.000000e+00  -4.074375e-05   1.004331e-03   0.000000e+00   0.000000e+00   0.000000e+00   2.671630e-03
 0.000000e+00   0.000000e+00   1.602844e-03   0.000000e+00   0.000000e+00   3.673084e-03   1.974300e-02  -1.285775e-02   0.000000e+00
 0.000000e+00   0.000000e+00   7.235128e-03   0.000000e+00   0.000000e+00   1.974300e-02   2.028526e-01  -8.145922e-02   0.000000e+00
 0.000000e+00   0.000000e+00  -4.929196e-03   0.000000e+00   0.000000e+00  -1.285775e-02  -8.145922e-02   8.724487e-02   0.000000e+00
 5.748011e-05   1.040556e-03   0.000000e+00  -5.002679e-04   2.671630e-03   0.000000e+00   0.000000e+00   0.000000e+00   4.491917e-02

# timestamp: 1774889069.061998
 8.905174e-04   6.809719e-06   0.000000e+00   2.434713e-04  -3.153478e-06   0.000000e+00   0.000000e+00   0.000000e+00  -1.598623e-04
 6.809719e-06   1.041030e-03   0.000000e+00  -2.330765e-06   5.090624e-04   0.000000e+00   0.000000e+00   0.000000e+00   3.645163e-04
 0.000000e+00   0.000000e+00   1.427015e-03   0.000000e+00   0.000000e+00   1.471650e-03   7.011553e-03  -3.558682e-03   0.000000e+00
 2.434713e-04  -2.330765e-06   0.000000e+00   4.064930e-04  -4.447776e-05   0.000000e+00   0.000000e+00   0.000000e+00  -5.719563e-04
-3.153478e-06   5.090624e-04   0.000000e+00  -4.447776e-05   9.643866e-04   0.000000e+00   0.000000e+00   0.000000e+00   2.326426e-03
 0.000000e+00   0.000000e+00   1.471650e-03   0.000000e+00   0.000000e+00   3.423173e-03   1.895759e-02  -1.087354e-02   0.000000e+00
 0.000000e+00   0.000000e+00   7.011553e-03   0.000000e+00   0.000000e+00   1.895759e-02   2.023596e-01  -7.199593e-02   0.000000e+00
 0.000000e+00   0.000000e+00  -3.558682e-03   0.000000e+00   0.000000e+00  -1.087354e-02  -7.199593e-02   7.787461e-02   0.000000e+00
-1.598623e-04   3.645163e-04   0.000000e+00  -5.719563e-04   2.326426e-03   0.000000e+00   0.000000e+00   0.000000e+00   4.474006e-02

# timestamp: 1774889069.2735677
 9.273433e-04   1.356162e-06   0.000000e+00   2.547891e-04  -1.242858e-05   0.000000e+00   0.000000e+00   0.000000e+00  -1.499384e-04
 1.356162e-06   1.088102e-03   0.000000e+00  -1.401905e-05   5.287670e-04   0.000000e+00   0.000000e+00   0.000000e+00   4.834828e-04
 0.000000e+00   0.000000e+00   1.494296e-03   0.000000e+00   0.000000e+00   1.470616e-03   6.755737e-03  -2.815017e-03   0.000000e+00
 2.547891e-04  -1.401905e-05   0.000000e+00   4.168022e-04  -6.971903e-05   0.000000e+00   0.000000e+00   0.000000e+00  -7.664533e-04
-1.242858e-05   5.287670e-04   0.000000e+00  -6.971903e-05   9.621510e-04   0.000000e+00   0.000000e+00   0.000000e+00   2.414447e-03
 0.000000e+00   0.000000e+00   1.470616e-03   0.000000e+00   0.000000e+00   3.207934e-03   1.751270e-02  -8.260946e-03   0.000000e+00
 0.000000e+00   0.000000e+00   6.755737e-03   0.000000e+00   0.000000e+00   1.751270e-02   1.986578e-01  -4.987080e-02   0.000000e+00
 0.000000e+00   0.000000e+00  -2.815017e-03   0.000000e+00   0.000000e+00  -8.260946e-03  -4.987080e-02   6.438298e-02   0.000000e+00
-1.499384e-04   4.834828e-04   0.000000e+00  -7.664533e-04   2.414447e-03   0.000000e+00   0.000000e+00   0.000000e+00   4.726262e-02

# timestamp: 1774889069.3346267
 8.446636e-04   2.485593e-07   0.000000e+00   2.322256e-04  -1.233544e-05   0.000000e+00   0.000000e+00   0.000000e+00  -1.204503e-04
 2.485593e-07   9.750592e-04   0.000000e+00  -1.360435e-05   4.694184e-04   0.000000e+00   0.000000e+00   0.000000e+00   3.358258e-04
 0.000000e+00   0.000000e+00   1.263048e-03   0.000000e+00   0.000000e+00   1.181088e-03   5.235380e-03  -1.683269e-03   0.000000e+00
 2.322256e-04  -1.360435e-05   0.000000e+00   4.112883e-04  -6.905895e-05   0.000000e+00   0.000000e+00   0.000000e+00  -7.120814e-04
-1.233544e-05   4.694184e-04   0.000000e+00  -6.905895e-05   9.149460e-04   0.000000e+00   0.000000e+00   0.000000e+00   2.055484e-03
 0.000000e+00   0.000000e+00   1.181088e-03   0.000000e+00   0.000000e+00   2.732388e-03   1.480390e-02  -5.695640e-03   0.000000e+00
 0.000000e+00   0.000000e+00   5.235380e-03   0.000000e+00   0.000000e+00   1.480390e-02   1.840920e-01  -3.220109e-02   0.000000e+00
 0.000000e+00   0.000000e+00  -1.683269e-03   0.000000e+00   0.000000e+00  -5.695640e-03  -3.220109e-02   4.989550e-02   0.000000e+00
-1.204503e-04   3.358258e-04   0.000000e+00  -7.120814e-04   2.055484e-03   0.000000e+00   0.000000e+00   0.000000e+00   4.147528e-02

# timestamp: 1774889069.3687477
 9.159651e-04  -1.196026e-06   0.000000e+00   2.526988e-04  -1.665943e-05   0.000000e+00   0.000000e+00   0.000000e+00  -1.571368e-04
-1.196026e-06   1.070370e-03   0.000000e+00  -1.847085e-05   5.161914e-04   0.000000e+00   0.000000e+00   0.000000e+00   4.387170e-04
 0.000000e+00   0.000000e+00   1.431870e-03   0.000000e+00   0.000000e+00   1.345112e-03   5.959962e-03  -1.963603e-03   0.000000e+00
 2.526988e-04  -1.847085e-05   0.000000e+00   4.214052e-04  -8.088534e-05   0.000000e+00   0.000000e+00   0.000000e+00  -8.627774e-04
-1.665943e-05   5.161914e-04   0.000000e+00  -8.088534e-05   9.444756e-04   0.000000e+00   0.000000e+00   0.000000e+00   2.308395e-03
 0.000000e+00   0.000000e+00   1.345112e-03   0.000000e+00   0.000000e+00   2.906875e-03   1.561906e-02  -6.105100e-03   0.000000e+00
 0.000000e+00   0.000000e+00   5.959962e-03   0.000000e+00   0.000000e+00   1.561906e-02   1.888944e-01  -3.220109e-02   0.000000e+00
 0.000000e+00   0.000000e+00  -1.963603e-03   0.000000e+00   0.000000e+00  -6.105100e-03  -3.220109e-02   5.469795e-02   0.000000e+00
-1.571368e-04   4.387170e-04   0.000000e+00  -8.627774e-04   2.308395e-03   0.000000e+00   0.000000e+00   0.000000e+00   4.627772e-02

# timestamp: 1774889069.5830514
 8.553985e-04  -1.105164e-05   0.000000e+00   2.412704e-04  -3.144869e-05   0.000000e+00   0.000000e+00   0.000000e+00  -2.608560e-04
-1.105164e-05   1.004156e-03   0.000000e+00  -4.281968e-05   5.052196e-04   0.000000e+00   0.000000e+00   0.000000e+00   1.015623e-03
 0.000000e+00   0.000000e+00   1.312888e-03   0.000000e+00   0.000000e+00   1.190496e-03   5.068196e-03  -1.511468e-03   0.000000e+00
 2.412704e-04  -4.281968e-05   0.000000e+00   4.317975e-04  -1.103445e-04   0.000000e+00   0.000000e+00   0.000000e+00  -1.018516e-03
-3.144869e-05   5.052196e-04   0.000000e+00  -1.103445e-04   9.233289e-04   0.000000e+00   0.000000e+00   0.000000e+00   2.326718e-03
 0.000000e+00   0.000000e+00   1.190496e-03   0.000000e+00   0.000000e+00   2.485286e-03   1.287220e-02  -3.402288e-03   0.000000e+00
 0.000000e+00   0.000000e+00   5.068196e-03   0.000000e+00   0.000000e+00   1.287220e-02   1.758614e-01  -4.040310e-03   0.000000e+00
 0.000000e+00   0.000000e+00  -1.511468e-03   0.000000e+00   0.000000e+00  -3.402288e-03  -4.040310e-03   4.467819e-02   0.000000e+00
-2.608560e-04   1.015623e-03   0.000000e+00  -1.018516e-03   2.326718e-03   0.000000e+00   0.000000e+00   0.000000e+00   4.293986e-02

# timestamp: 1774889069.6179204
 8.171018e-04  -5.879006e-06   0.000000e+00   2.279949e-04  -2.321582e-05   0.000000e+00   0.000000e+00   0.000000e+00  -1.215973e-04
-5.879006e-06   9.333022e-04   0.000000e+00  -2.488980e-05   4.396441e-04   0.000000e+00   0.000000e+00   0.000000e+00   2.447231e-04
 0.000000e+00   0.000000e+00   1.152393e-03   0.000000e+00   0.000000e+00   9.626361e-04   3.818400e-03  -3.420289e-04   0.000000e+00
 2.279949e-04  -2.488980e-05   0.000000e+00   4.264045e-04  -9.821834e-05   0.000000e+00   0.000000e+00   0.000000e+00  -9.016777e-04
-2.321582e-05   4.396441e-04   0.000000e+00  -9.821834e-05   8.693868e-04   0.000000e+00   0.000000e+00   0.000000e+00   1.811245e-03
 0.000000e+00   0.000000e+00   9.626361e-04   0.000000e+00   0.000000e+00   2.177128e-03   1.124482e-02  -1.986704e-03   0.000000e+00
 0.000000e+00   0.000000e+00   3.818400e-03   0.000000e+00   0.000000e+00   1.124482e-02   1.682474e-01   3.991832e-03   0.000000e+00
 0.000000e+00   0.000000e+00  -3.420289e-04   0.000000e+00   0.000000e+00  -1.986704e-03   3.991832e-03   4.062825e-02   0.000000e+00
-1.215973e-04   2.447231e-04   0.000000e+00  -9.016777e-04   1.811245e-03   0.000000e+00   0.000000e+00   0.000000e+00   3.943114e-02

# timestamp: 1774889069.6792288
 9.247715e-04  -9.946080e-06   0.000000e+00   2.601084e-04  -3.208056e-05   0.000000e+00   0.000000e+00   0.000000e+00  -1.909376e-04
-9.946080e-06   1.074034e-03   0.000000e+00  -3.378433e-05   5.064522e-04   0.000000e+00   0.000000e+00   0.000000e+00   3.838488e-04
 0.000000e+00   0.000000e+00   1.376596e-03   0.000000e+00   0.000000e+00   1.145697e-03   4.647741e-03  -4.936995e-04   0.000000e+00
 2.601084e-04  -3.378433e-05   0.000000e+00   4.420216e-04  -1.148695e-04   0.000000e+00   0.000000e+00   0.000000e+00  -1.089044e-03
-3.208056e-05   5.064522e-04   0.000000e+00  -1.148695e-04   9.097097e-04   0.000000e+00   0.000000e+00   0.000000e+00   2.180200e-03
 0.000000e+00   0.000000e+00   1.145697e-03   0.000000e+00   0.000000e+00   2.318069e-03   1.194224e-02  -2.348767e-03   0.000000e+00
 0.000000e+00   0.000000e+00   4.647741e-03   0.000000e+00   0.000000e+00   1.194224e-02   1.754850e-01   3.991832e-03   0.000000e+00
 0.000000e+00   0.000000e+00  -4.936995e-04   0.000000e+00   0.000000e+00  -2.348767e-03   3.991832e-03   4.786586e-02   0.000000e+00
-1.909376e-04   3.838488e-04   0.000000e+00  -1.089044e-03   2.180200e-03   0.000000e+00   0.000000e+00   0.000000e+00   4.666874e-02

# timestamp: 1774889069.9902103
 8.670801e-04  -1.449883e-05   0.000000e+00   2.442017e-04  -3.420218e-05   0.000000e+00   0.000000e+00   0.000000e+00  -2.177116e-05
-1.449883e-05   1.007474e-03   0.000000e+00  -5.021797e-05   4.929273e-04   0.000000e+00   0.000000e+00   0.000000e+00   9.397335e-04
 0.000000e+00   0.000000e+00   1.222685e-03   0.000000e+00   0.000000e+00   9.565217e-04   3.237799e-03  -1.376266e-03   0.000000e+00
 2.442017e-04  -5.021797e-05   0.000000e+00   4.330059e-04  -1.207788e-04   0.000000e+00   0.000000e+00   0.000000e+00  -7.308965e-04
-3.420218e-05   4.929273e-04   0.000000e+00  -1.207788e-04   8.939984e-04   0.000000e+00   0.000000e+00   0.000000e+00   2.319845e-03
 0.000000e+00   0.000000e+00   9.565217e-04   0.000000e+00   0.000000e+00   1.966168e-03   9.674137e-03  -3.452433e-03   0.000000e+00
 0.000000e+00   0.000000e+00   3.237799e-03   0.000000e+00   0.000000e+00   9.674137e-03   1.660738e-01  -1.344262e-02   0.000000e+00
 0.000000e+00   0.000000e+00  -1.376266e-03   0.000000e+00   0.000000e+00  -3.452433e-03  -1.344262e-02   4.621180e-02   0.000000e+00
-2.177116e-05   9.397335e-04   0.000000e+00  -7.308965e-04   2.319845e-03   0.000000e+00   0.000000e+00   0.000000e+00   4.348783e-02

# timestamp: 1774889070.257734
 8.838669e-04  -2.141432e-05   0.000000e+00   2.519890e-04  -5.367291e-05   0.000000e+00   0.000000e+00   0.000000e+00  -2.376155e-04
-2.141432e-05   1.002248e-03   0.000000e+00  -4.358935e-05   4.601023e-04   0.000000e+00   0.000000e+00   0.000000e+00   3.827702e-04
 0.000000e+00   0.000000e+00   1.241067e-03   0.000000e+00   0.000000e+00   9.288487e-04   3.591715e-03  -1.461987e-03   0.000000e+00
 2.519890e-04  -4.358935e-05   0.000000e+00   4.250632e-04  -1.068631e-04   0.000000e+00   0.000000e+00   0.000000e+00  -4.095174e-04
-5.367291e-05   4.601023e-04   0.000000e+00  -1.068631e-04   8.718371e-04   0.000000e+00   0.000000e+00   0.000000e+00   2.197874e-03
 0.000000e+00   0.000000e+00   9.288487e-04   0.000000e+00   0.000000e+00   1.831605e-03   8.237048e-03  -4.909392e-03   0.000000e+00
 0.000000e+00   0.000000e+00   3.591715e-03   0.000000e+00   0.000000e+00   8.237048e-03   1.359964e-01  -3.464082e-02   0.000000e+00
 0.000000e+00   0.000000e+00  -1.461987e-03   0.000000e+00   0.000000e+00  -4.909392e-03  -3.464082e-02   5.945969e-02   0.000000e+00
-2.376155e-04   3.827702e-04   0.000000e+00  -4.095174e-04   2.197874e-03   0.000000e+00   0.000000e+00   0.000000e+00   4.366737e-02

# timestamp: 1774889070.308602
 9.133972e-04  -1.702255e-05   0.000000e+00   2.567499e-04  -3.064113e-05   0.000000e+00   0.000000e+00   0.000000e+00   2.194548e-04
-1.702255e-05   1.052951e-03   0.000000e+00  -4.693872e-05   5.059860e-04   0.000000e+00   0.000000e+00   0.000000e+00   8.829782e-04
 0.000000e+00   0.000000e+00   1.250433e-03   0.000000e+00   0.000000e+00   8.996191e-04   2.064035e-03  -1.926095e-03   0.000000e+00
 2.567499e-04  -4.693872e-05   0.000000e+00   4.235912e-04  -9.921989e-05   0.000000e+00   0.000000e+00   0.000000e+00  -2.401330e-04
-3.064113e-05   5.059860e-04   0.000000e+00  -9.921989e-05   9.086185e-04   0.000000e+00   0.000000e+00   0.000000e+00   2.549127e-03
 0.000000e+00   0.000000e+00   8.996191e-04   0.000000e+00   0.000000e+00   1.779995e-03   6.689797e-03  -5.610668e-03   0.000000e+00
 0.000000e+00   0.000000e+00   2.064035e-03   0.000000e+00   0.000000e+00   6.689797e-03   1.212295e-01  -3.568336e-02   0.000000e+00
 0.000000e+00   0.000000e+00  -1.926095e-03   0.000000e+00   0.000000e+00  -5.610668e-03  -3.568336e-02   6.657889e-02   0.000000e+00
 2.194548e-04   8.829782e-04   0.000000e+00  -2.401330e-04   2.549127e-03   0.000000e+00   0.000000e+00   0.000000e+00   4.606594e-02

# timestamp: 1774889070.6723864
 9.105310e-04  -2.490096e-05   0.000000e+00   2.560354e-04  -4.970708e-05   0.000000e+00   0.000000e+00   0.000000e+00  -1.140242e-04
-2.490096e-05   1.031220e-03   0.000000e+00  -4.155756e-05   4.715253e-04   0.000000e+00   0.000000e+00   0.000000e+00   4.242319e-04
 0.000000e+00   0.000000e+00   1.245598e-03   0.000000e+00   0.000000e+00   9.114568e-04   2.849458e-03  -2.285347e-03   0.000000e+00
 2.560354e-04  -4.155756e-05   0.000000e+00   4.154969e-04  -7.701309e-05   0.000000e+00   0.000000e+00   0.000000e+00  -5.439549e-05
-4.970708e-05   4.715253e-04   0.000000e+00  -7.701309e-05   8.893254e-04   0.000000e+00   0.000000e+00   0.000000e+00   2.371813e-03
 0.000000e+00   0.000000e+00   9.114568e-04   0.000000e+00   0.000000e+00   1.878543e-03   7.268551e-03  -7.595555e-03   0.000000e+00
 0.000000e+00   0.000000e+00   2.849458e-03   0.000000e+00   0.000000e+00   7.268551e-03   1.126425e-01  -5.070780e-02   0.000000e+00
 0.000000e+00   0.000000e+00  -2.285347e-03   0.000000e+00   0.000000e+00  -7.595555e-03  -5.070780e-02   8.614419e-02   0.000000e+00
-1.140242e-04   4.242319e-04   0.000000e+00  -5.439549e-05   2.371813e-03   0.000000e+00   0.000000e+00   0.000000e+00   4.573183e-02

# timestamp: 1774889070.7225404
 8.211376e-04  -1.993256e-05   0.000000e+00   2.305244e-04  -4.218704e-05   0.000000e+00   0.000000e+00   0.000000e+00  -7.584598e-05
-1.993256e-05   9.176561e-04   0.000000e+00  -3.565453e-05   4.177134e-04   0.000000e+00   0.000000e+00   0.000000e+00   3.467632e-04
 0.000000e+00   0.000000e+00   1.085156e-03   0.000000e+00   0.000000e+00   7.983226e-04   2.516300e-03  -2.085382e-03   0.000000e+00
 2.305244e-04  -3.565453e-05   0.000000e+00   4.074355e-04  -6.975580e-05   0.000000e+00   0.000000e+00   0.000000e+00  -1.092024e-05
-4.218704e-05   4.177134e-04   0.000000e+00  -6.975580e-05   8.509281e-04   0.000000e+00   0.000000e+00   0.000000e+00   2.055977e-03
 0.000000e+00   0.000000e+00   7.983226e-04   0.000000e+00   0.000000e+00   1.803112e-03   7.224670e-03  -7.455531e-03   0.000000e+00
 0.000000e+00   0.000000e+00   2.516300e-03   0.000000e+00   0.000000e+00   7.224670e-03   1.101588e-01  -5.480654e-02   0.000000e+00
 0.000000e+00   0.000000e+00  -2.085382e-03   0.000000e+00   0.000000e+00  -7.455531e-03  -5.480654e-02   8.374339e-02   0.000000e+00
-7.584598e-05   3.467632e-04   0.000000e+00  -1.092024e-05   2.055977e-03   0.000000e+00   0.000000e+00   0.000000e+00   3.976561e-02

# timestamp: 1774889070.9558697
 8.853063e-04  -2.147244e-05   0.000000e+00   2.469165e-04  -3.624569e-05   0.000000e+00   0.000000e+00   0.000000e+00   4.624684e-06
-2.147244e-05   9.985884e-04   0.000000e+00  -3.267471e-05   4.565657e-04   0.000000e+00   0.000000e+00   0.000000e+00   4.075966e-04
 0.000000e+00   0.000000e+00   1.188891e-03   0.000000e+00   0.000000e+00   8.695852e-04   2.834910e-03  -2.362907e-03   0.000000e+00
 2.469165e-04  -3.267471e-05   0.000000e+00   4.091590e-04  -4.603548e-05   0.000000e+00   0.000000e+00   0.000000e+00   2.006348e-04
-3.624569e-05   4.565657e-04   0.000000e+00  -4.603548e-05   8.834566e-04   0.000000e+00   0.000000e+00   0.000000e+00   2.297280e-03
 0.000000e+00   0.000000e+00   8.695852e-04   0.000000e+00   0.000000e+00   1.865818e-03   7.681191e-03  -7.886497e-03   0.000000e+00
 0.000000e+00   0.000000e+00   2.834910e-03   0.000000e+00   0.000000e+00   7.681191e-03   1.260225e-01  -5.887764e-02   0.000000e+00
 0.000000e+00   0.000000e+00  -2.362907e-03   0.000000e+00   0.000000e+00  -7.886497e-03  -5.887764e-02   8.702376e-02   0.000000e+00
 4.624684e-06   4.075966e-04   0.000000e+00   2.006348e-04   2.297280e-03   0.000000e+00   0.000000e+00   0.000000e+00   4.404315e-02

# timestamp: 1774889070.9918134
 7.955847e-04  -1.690279e-05   0.000000e+00   2.216675e-04  -3.057893e-05   0.000000e+00   0.000000e+00   0.000000e+00   9.897521e-06
-1.690279e-05   8.856917e-04   0.000000e+00  -2.763345e-05   4.032042e-04   0.000000e+00   0.000000e+00   0.000000e+00   3.289032e-04
 0.000000e+00   0.000000e+00   1.033758e-03   0.000000e+00   0.000000e+00   7.562540e-04   2.543067e-03  -2.067033e-03   0.000000e+00
 2.216675e-04  -2.763345e-05   0.000000e+00   4.017221e-04  -4.090980e-05   0.000000e+00   0.000000e+00   0.000000e+00   2.026692e-04
-3.057893e-05   4.032042e-04   0.000000e+00  -4.090980e-05   8.450523e-04   0.000000e+00   0.000000e+00   0.000000e+00   1.979367e-03
 0.000000e+00   0.000000e+00   7.562540e-04   0.000000e+00   0.000000e+00   1.768503e-03   7.622885e-03  -7.434127e-03   0.000000e+00
 0.000000e+00   0.000000e+00   2.543067e-03   0.000000e+00   0.000000e+00   7.622885e-03   1.259307e-01  -6.172402e-02   0.000000e+00
 0.000000e+00   0.000000e+00  -2.067033e-03   0.000000e+00   0.000000e+00  -7.434127e-03  -6.172402e-02   8.206587e-02   0.000000e+00
 9.897521e-06   3.289032e-04   0.000000e+00   2.026692e-04   1.979367e-03   0.000000e+00   0.000000e+00   0.000000e+00   3.818399e-02

# timestamp: 1774889071.0375662
 8.778856e-04  -2.027742e-05   0.000000e+00   2.444685e-04  -3.261794e-05   0.000000e+00   0.000000e+00   0.000000e+00   2.298959e-05
-2.027742e-05   9.899127e-04   0.000000e+00  -2.901625e-05   4.545503e-04   0.000000e+00   0.000000e+00   0.000000e+00   4.466213e-04
 0.000000e+00   0.000000e+00   1.180939e-03   0.000000e+00   0.000000e+00   8.696931e-04   2.975563e-03  -2.495460e-03   0.000000e+00
 2.444685e-04  -2.901625e-05   0.000000e+00   4.082949e-04  -3.485159e-05   0.000000e+00   0.000000e+00   0.000000e+00   2.848816e-04
-3.261794e-05   4.545503e-04   0.000000e+00  -3.485159e-05   8.830994e-04   0.000000e+00   0.000000e+00   0.000000e+00   2.295905e-03
 0.000000e+00   0.000000e+00   8.696931e-04   0.000000e+00   0.000000e+00   1.860523e-03   7.836411e-03  -7.962215e-03   0.000000e+00
 0.000000e+00   0.000000e+00   2.975563e-03   0.000000e+00   0.000000e+00   7.836411e-03   1.315444e-01  -6.172402e-02   0.000000e+00
 0.000000e+00   0.000000e+00  -2.495460e-03   0.000000e+00   0.000000e+00  -7.962215e-03  -6.172402e-02   8.767956e-02   0.000000e+00
 2.298959e-05   4.466213e-04   0.000000e+00   2.848816e-04   2.295905e-03   0.000000e+00   0.000000e+00   0.000000e+00   4.379768e-02

# timestamp: 1774889071.2873182
 8.619575e-04  -8.296122e-06   0.000000e+00   2.419789e-04  -3.829915e-06   0.000000e+00   0.000000e+00   0.000000e+00   3.415210e-04
-8.296122e-06   9.861085e-04   0.000000e+00  -1.198546e-05   4.809972e-04   0.000000e+00   0.000000e+00   0.000000e+00   9.800947e-04
 0.000000e+00   0.000000e+00   1.179131e-03   0.000000e+00   0.000000e+00   8.978663e-04   2.864556e-03  -3.184657e-03   0.000000e+00
 2.419789e-04  -1.198546e-05   0.000000e+00   4.087809e-04  -9.758109e-07   0.000000e+00   0.000000e+00   0.000000e+00   4.961366e-04
-3.829915e-06   4.809972e-04   0.000000e+00  -9.758109e-07   9.080974e-04   0.000000e+00   0.000000e+00   0.000000e+00   2.504495e-03
 0.000000e+00   0.000000e+00   8.978663e-04   0.000000e+00   0.000000e+00   1.861727e-03   7.881159e-03  -8.225125e-03   0.000000e+00
 0.000000e+00   0.000000e+00   2.864556e-03   0.000000e+00   0.000000e+00   7.881159e-03   1.450398e-01  -6.748952e-02   0.000000e+00
 0.000000e+00   0.000000e+00  -3.184657e-03   0.000000e+00   0.000000e+00  -8.225125e-03  -6.748952e-02   8.829515e-02   0.000000e+00
 3.415210e-04   9.800947e-04   0.000000e+00   4.961366e-04   2.504495e-03   0.000000e+00   0.000000e+00   0.000000e+00   4.327185e-02

# timestamp: 1774889071.3385825
 8.624413e-04  -1.480481e-05   0.000000e+00   2.393149e-04  -1.913965e-05   0.000000e+00   0.000000e+00   0.000000e+00   4.616064e-05
-1.480481e-05   9.715703e-04   0.000000e+00  -1.764767e-05   4.458130e-04   0.000000e+00   0.000000e+00   0.000000e+00   3.658328e-04
 0.000000e+00   0.000000e+00   1.148627e-03   0.000000e+00   0.000000e+00   8.285256e-04   3.148959e-03  -2.319407e-03   0.000000e+00
 2.393149e-04  -1.764767e-05   0.000000e+00   4.077441e-04  -2.619729e-06   0.000000e+00   0.000000e+00   0.000000e+00   4.413497e-04
-1.913965e-05   4.458130e-04   0.000000e+00  -2.619729e-06   8.786973e-04   0.000000e+00   0.000000e+00   0.000000e+00   2.201717e-03
 0.000000e+00   0.000000e+00   8.285256e-04   0.000000e+00   0.000000e+00   1.764188e-03   7.948965e-03  -7.396952e-03   0.000000e+00
 0.000000e+00   0.000000e+00   3.148959e-03   0.000000e+00   0.000000e+00   7.948965e-03   1.500645e-01  -6.660992e-02   0.000000e+00
 0.000000e+00   0.000000e+00  -2.319407e-03   0.000000e+00   0.000000e+00  -7.396952e-03  -6.660992e-02   8.403991e-02   0.000000e+00
 4.616064e-05   3.658328e-04   0.000000e+00   4.413497e-04   2.201717e-03   0.000000e+00   0.000000e+00   0.000000e+00   4.255009e-02

# timestamp: 1774889071.3606436
 8.994985e-04  -1.571741e-05   0.000000e+00   2.495604e-04  -1.899777e-05   0.000000e+00   0.000000e+00   0.000000e+00   5.746740e-05
-1.571741e-05   1.019221e-03   0.000000e+00  -1.732045e-05   4.691861e-04   0.000000e+00   0.000000e+00   0.000000e+00   4.218177e-04
 0.000000e+00   0.000000e+00   1.215941e-03   0.000000e+00   0.000000e+00   8.779221e-04   3.347501e-03  -2.505336e-03   0.000000e+00
 2.495604e-04  -1.732045e-05   0.000000e+00   4.110650e-04   9.635471e-07   0.000000e+00   0.000000e+00   0.000000e+00   4.812374e-04
-1.899777e-05   4.691861e-04   0.000000e+00   9.635471e-07   8.962966e-04   0.000000e+00   0.000000e+00   0.000000e+00   2.348606e-03
 0.000000e+00   0.000000e+00   8.779221e-04   0.000000e+00   0.000000e+00   1.802142e-03   8.033353e-03  -7.621573e-03   0.000000e+00
 0.000000e+00   0.000000e+00   3.347501e-03   0.000000e+00   0.000000e+00   8.033353e-03   1.525535e-01  -6.660992e-02   0.000000e+00
 0.000000e+00   0.000000e+00  -2.505336e-03   0.000000e+00   0.000000e+00  -7.621573e-03  -6.660992e-02   8.652890e-02   0.000000e+00
 5.746740e-05   4.218177e-04   0.000000e+00   4.812374e-04   2.348606e-03   0.000000e+00   0.000000e+00   0.000000e+00   4.503908e-02

# timestamp: 1774889071.6185193
 8.564834e-04  -8.626649e-06   0.000000e+00   2.375890e-04  -5.122397e-06   0.000000e+00   0.000000e+00   0.000000e+00   7.601271e-05
-8.626649e-06   9.654371e-04   0.000000e+00  -5.242431e-06   4.436782e-04   0.000000e+00   0.000000e+00   0.000000e+00   3.472459e-04
 0.000000e+00   0.000000e+00   1.130819e-03   0.000000e+00   0.000000e+00   7.919804e-04   3.266146e-03  -2.201024e-03   0.000000e+00
 2.375890e-04  -5.242431e-06   0.000000e+00   4.098705e-04   2.757230e-05   0.000000e+00   0.000000e+00   0.000000e+00   5.401044e-04
-5.122397e-06   4.436782e-04   0.000000e+00   2.757230e-05   8.775649e-04   0.000000e+00   0.000000e+00   0.000000e+00   2.153638e-03
 0.000000e+00   0.000000e+00   7.919804e-04   0.000000e+00   0.000000e+00   1.654522e-03   7.836441e-03  -6.841248e-03   0.000000e+00
 0.000000e+00   0.000000e+00   3.266146e-03   0.000000e+00   0.000000e+00   7.836441e-03   1.690060e-01  -7.112969e-02   0.000000e+00
 0.000000e+00   0.000000e+00  -2.201024e-03   0.000000e+00   0.000000e+00  -6.841248e-03  -7.112969e-02   8.189564e-02   0.000000e+00
 7.601271e-05   3.472459e-04   0.000000e+00   5.401044e-04   2.153638e-03   0.000000e+00   0.000000e+00   0.000000e+00   4.195477e-02

# timestamp: 1774889071.6520312
 8.766719e-04  -8.761664e-06   0.000000e+00   2.432352e-04  -4.594266e-06   0.000000e+00   0.000000e+00   0.000000e+00   8.345145e-05
-8.761664e-06   9.913362e-04   0.000000e+00  -4.667801e-06   4.563397e-04   0.000000e+00   0.000000e+00   0.000000e+00   3.768655e-04
 0.000000e+00   0.000000e+00   1.166371e-03   0.000000e+00   0.000000e+00   8.169106e-04   3.373114e-03  -2.294668e-03   0.000000e+00
 2.432352e-04  -4.667801e-06   0.000000e+00   4.118056e-04   2.968939e-05   0.000000e+00   0.000000e+00   0.000000e+00   5.623947e-04
-4.594266e-06   4.563397e-04   0.000000e+00   2.968939e-05   8.867247e-04   0.000000e+00   0.000000e+00   0.000000e+00   2.230080e-03
 0.000000e+00   0.000000e+00   8.169106e-04   0.000000e+00   0.000000e+00   1.672268e-03   7.874768e-03  -6.951837e-03   0.000000e+00
 0.000000e+00   0.000000e+00   3.373114e-03   0.000000e+00   0.000000e+00   7.874768e-03   1.703693e-01  -7.112969e-02   0.000000e+00
 0.000000e+00   0.000000e+00  -2.294668e-03   0.000000e+00   0.000000e+00  -6.951837e-03  -7.112969e-02   8.325899e-02   0.000000e+00
 8.345145e-05   3.768655e-04   0.000000e+00   5.623947e-04   2.230080e-03   0.000000e+00   0.000000e+00   0.000000e+00   4.331812e-02

# timestamp: 1774889071.671783
 9.031996e-04  -8.914663e-06   0.000000e+00   2.506369e-04  -3.843879e-06   0.000000e+00   0.000000e+00   0.000000e+00   9.356480e-05
-8.914663e-06   1.025590e-03   0.000000e+00  -3.853404e-06   4.730980e-04   0.000000e+00   0.000000e+00   0.000000e+00   4.169006e-04
 0.000000e+00   0.000000e+00   1.213697e-03   0.000000e+00   0.000000e+00   8.499070e-04   3.513165e-03  -2.418742e-03   0.000000e+00
 2.506369e-04  -3.853404e-06   0.000000e+00   4.143615e-04   3.256833e-05   0.000000e+00   0.000000e+00   0.000000e+00   5.925710e-04
-3.843879e-06   4.730980e-04   0.000000e+00   3.256833e-05   8.990717e-04   0.000000e+00   0.000000e+00   0.000000e+00   2.333565e-03
 0.000000e+00   0.000000e+00   8.499070e-04   0.000000e+00   0.000000e+00   1.695924e-03   7.923549e-03  -7.099803e-03   0.000000e+00
 0.000000e+00   0.000000e+00   3.513165e-03   0.000000e+00   0.000000e+00   7.923549e-03   1.721451e-01  -7.112969e-02   0.000000e+00
 0.000000e+00   0.000000e+00  -2.418742e-03   0.000000e+00   0.000000e+00  -7.099803e-03  -7.112969e-02   8.503480e-02   0.000000e+00
 9.356480e-05   4.169006e-04   0.000000e+00   5.925710e-04   2.333565e-03   0.000000e+00   0.000000e+00   0.000000e+00   4.509393e-02

# timestamp: 1774889071.7052014
 7.859307e-04  -6.471026e-06   0.000000e+00   2.179608e-04  -2.893383e-06   0.000000e+00   0.000000e+00   0.000000e+00   7.083604e-05
-6.471026e-06   8.766673e-04   0.000000e+00  -3.251617e-06   4.017997e-04   0.000000e+00   0.000000e+00   0.000000e+00   3.037936e-04
 0.000000e+00   0.000000e+00   1.010480e-03   0.000000e+00   0.000000e+00   7.042249e-04   2.967456e-03  -1.958126e-03   0.000000e+00
 2.179608e-04  -3.251617e-06   0.000000e+00   4.039438e-04   2.869792e-05   0.000000e+00   0.000000e+00   0.000000e+00   4.830133e-04
-2.893383e-06   4.017997e-04   0.000000e+00   2.869792e-05   8.473665e-04   0.000000e+00   0.000000e+00   0.000000e+00   1.914220e-03
 0.000000e+00   0.000000e+00   7.042249e-04   0.000000e+00   0.000000e+00   1.571418e-03   7.719791e-03  -6.415028e-03   0.000000e+00
 0.000000e+00   0.000000e+00   2.967456e-03   0.000000e+00   0.000000e+00   7.719791e-03   1.704260e-01  -7.297128e-02   0.000000e+00
 0.000000e+00   0.000000e+00  -1.958126e-03   0.000000e+00   0.000000e+00  -6.415028e-03  -7.297128e-02   7.758194e-02   0.000000e+00
 7.083604e-05   3.037936e-04   0.000000e+00   4.830133e-04   1.914220e-03   0.000000e+00   0.000000e+00   0.000000e+00   3.745270e-02

# timestamp: 1774889071.957459
 8.824005e-04  -2.320562e-06   0.000000e+00   2.442935e-04   8.393133e-06   0.000000e+00   0.000000e+00   0.000000e+00   1.169620e-04
-2.320562e-06   1.000375e-03   0.000000e+00   3.829107e-06   4.620127e-04   0.000000e+00   0.000000e+00   0.000000e+00   4.012019e-04
 0.000000e+00   0.000000e+00   1.145396e-03   0.000000e+00   0.000000e+00   7.537513e-04   2.820334e-03  -1.515908e-03   0.000000e+00
 2.442935e-04   3.829107e-06   0.000000e+00   4.067557e-04   3.477181e-05   0.000000e+00   0.000000e+00   0.000000e+00   3.064965e-04
 8.393133e-06   4.620127e-04   0.000000e+00   3.477181e-05   8.902151e-04   0.000000e+00   0.000000e+00   0.000000e+00   2.252645e-03
 0.000000e+00   0.000000e+00   7.537513e-04   0.000000e+00   0.000000e+00   1.511273e-03   6.916697e-03  -5.009027e-03   0.000000e+00
 0.000000e+00   0.000000e+00   2.820334e-03   0.000000e+00   0.000000e+00   6.916697e-03   1.791325e-01  -4.704621e-02   0.000000e+00
 0.000000e+00   0.000000e+00  -1.515908e-03   0.000000e+00   0.000000e+00  -5.009027e-03  -4.704621e-02   6.134408e-02   0.000000e+00
 1.169620e-04   4.012019e-04   0.000000e+00   3.064965e-04   2.252645e-03   0.000000e+00   0.000000e+00   0.000000e+00   4.380112e-02

# timestamp: 1774889071.9958904
 8.578175e-04   1.610309e-07   0.000000e+00   2.372410e-04   9.843022e-06   0.000000e+00   0.000000e+00   0.000000e+00   1.098938e-04
 1.610309e-07   9.920514e-04   0.000000e+00   8.515016e-06   4.900528e-04   0.000000e+00   0.000000e+00   0.000000e+00   1.064291e-03
 0.000000e+00   0.000000e+00   1.165479e-03   0.000000e+00   0.000000e+00   8.223087e-04   3.414680e-03  -2.373287e-03   0.000000e+00
 2.372410e-04   8.515016e-06   0.000000e+00   4.040601e-04   3.561891e-05   0.000000e+00   0.000000e+00   0.000000e+00   2.655718e-04
 9.843022e-06   4.900528e-04   0.000000e+00   3.561891e-05   9.154036e-04   0.000000e+00   0.000000e+00   0.000000e+00   2.514569e-03
 0.000000e+00   0.000000e+00   8.223087e-04   0.000000e+00   0.000000e+00   1.566923e-03   7.163448e-03  -5.268929e-03   0.000000e+00
 0.000000e+00   0.000000e+00   3.414680e-03   0.000000e+00   0.000000e+00   7.163448e-03   1.810214e-01  -4.377670e-02   0.000000e+00
 0.000000e+00   0.000000e+00  -2.373287e-03   0.000000e+00   0.000000e+00  -5.268929e-03  -4.377670e-02   5.850112e-02   0.000000e+00
 1.098938e-04   1.064291e-03   0.000000e+00   2.655718e-04   2.514569e-03   0.000000e+00   0.000000e+00   0.000000e+00   4.303942e-02

# timestamp: 1774889072.0410385
 8.730693e-04  -6.071072e-07   0.000000e+00   2.411398e-04   1.094824e-05   0.000000e+00   0.000000e+00   0.000000e+00   1.118902e-04
-6.071072e-07   9.889150e-04   0.000000e+00   5.081413e-06   4.556536e-04   0.000000e+00   0.000000e+00   0.000000e+00   3.511854e-04
 0.000000e+00   0.000000e+00   1.116019e-03   0.000000e+00   0.000000e+00   7.088486e-04   2.425904e-03  -1.099692e-03   0.000000e+00
 2.411398e-04   5.081413e-06   0.000000e+00   4.038818e-04   3.144030e-05   0.000000e+00   0.000000e+00   0.000000e+00   1.916131e-04
 1.094824e-05   4.556536e-04   0.000000e+00   3.144030e-05   8.850877e-04   0.000000e+00   0.000000e+00   0.000000e+00   2.197563e-03
 0.000000e+00   0.000000e+00   7.088486e-04   0.000000e+00   0.000000e+00   1.420017e-03   6.125234e-03  -4.065879e-03   0.000000e+00
 0.000000e+00   0.000000e+00   2.425904e-03   0.000000e+00   0.000000e+00   6.125234e-03   1.775789e-01  -3.315823e-02   0.000000e+00
 0.000000e+00   0.000000e+00  -1.099692e-03   0.000000e+00   0.000000e+00  -4.065879e-03  -3.315823e-02   5.264901e-02   0.000000e+00
 1.118902e-04   3.511854e-04   0.000000e+00   1.916131e-04   2.197563e-03   0.000000e+00   0.000000e+00   0.000000e+00   4.306175e-02

# timestamp: 1774889072.4216073
 8.904502e-04  -5.969453e-07   0.000000e+00   2.448484e-04   5.583857e-07   0.000000e+00   0.000000e+00   0.000000e+00  -1.336628e-04
-5.969453e-07   1.031616e-03   0.000000e+00  -1.197250e-06   5.040034e-04   0.000000e+00   0.000000e+00   0.000000e+00   9.264280e-04
 0.000000e+00   0.000000e+00   1.162133e-03   0.000000e+00   0.000000e+00   7.333129e-04   2.656691e-03  -1.045998e-03   0.000000e+00
 2.448484e-04  -1.197250e-06   0.000000e+00   4.033706e-04  -4.070079e-06   0.000000e+00   0.000000e+00   0.000000e+00  -3.569333e-04
 5.583857e-07   5.040034e-04   0.000000e+00  -4.070079e-06   9.195509e-04   0.000000e+00   0.000000e+00   0.000000e+00   2.509363e-03
 0.000000e+00   0.000000e+00   7.333129e-04   0.000000e+00   0.000000e+00   1.331365e-03   5.188308e-03  -2.751850e-03   0.000000e+00
 0.000000e+00   0.000000e+00   2.656691e-03   0.000000e+00   0.000000e+00   5.188308e-03   1.790284e-01   5.405188e-03   0.000000e+00
 0.000000e+00   0.000000e+00  -1.045998e-03   0.000000e+00   0.000000e+00  -2.751850e-03   5.405188e-03   4.654064e-02   0.000000e+00
-1.336628e-04   9.264280e-04   0.000000e+00  -3.569333e-04   2.509363e-03   0.000000e+00   0.000000e+00   0.000000e+00   4.476665e-02

# timestamp: 1774889072.645481
 8.603163e-04   2.326569e-06   0.000000e+00   2.353014e-04   5.278633e-06   0.000000e+00   0.000000e+00   0.000000e+00  -1.188412e-05
 2.326569e-06   9.752274e-04   0.000000e+00   9.177105e-07   4.442067e-04   0.000000e+00   0.000000e+00   0.000000e+00   2.598637e-04
 0.000000e+00   0.000000e+00   1.057748e-03   0.000000e+00   0.000000e+00   5.925261e-04   1.572908e-03  -1.000203e-04   0.000000e+00
 2.353014e-04   9.177105e-07   0.000000e+00   4.028790e-04  -1.817041e-05   0.000000e+00   0.000000e+00   0.000000e+00  -4.509123e-04
 5.278633e-06   4.442067e-04   0.000000e+00  -1.817041e-05   8.658403e-04   0.000000e+00   0.000000e+00   0.000000e+00   2.056731e-03
 0.000000e+00   0.000000e+00   5.925261e-04   0.000000e+00   0.000000e+00   1.148553e-03   3.974533e-03  -1.690294e-03   0.000000e+00
 0.000000e+00   0.000000e+00   1.572908e-03   0.000000e+00   0.000000e+00   3.974533e-03   1.854297e-01   2.302944e-02   0.000000e+00
 0.000000e+00   0.000000e+00  -1.000203e-04   0.000000e+00   0.000000e+00  -1.690294e-03   2.302944e-02   4.690028e-02   0.000000e+00
-1.188412e-05   2.598637e-04   0.000000e+00  -4.509123e-04   2.056731e-03   0.000000e+00   0.000000e+00   0.000000e+00   4.259547e-02

# timestamp: 1774889072.668767
 9.006403e-04   2.478146e-06   0.000000e+00   2.463375e-04   4.682099e-06   0.000000e+00   0.000000e+00   0.000000e+00  -2.453692e-05
 2.478146e-06   1.027287e-03   0.000000e+00   1.362919e-07   4.689777e-04   0.000000e+00   0.000000e+00   0.000000e+00   3.173674e-04
 0.000000e+00   0.000000e+00   1.118108e-03   0.000000e+00   0.000000e+00   6.258679e-04   1.681900e-03  -1.475010e-04   0.000000e+00
 2.463375e-04   1.362919e-07   0.000000e+00   4.064032e-04  -2.160189e-05   0.000000e+00   0.000000e+00   0.000000e+00  -4.887601e-04
 4.682099e-06   4.689777e-04   0.000000e+00  -2.160189e-05   8.831786e-04   0.000000e+00   0.000000e+00   0.000000e+00   2.208587e-03
 0.000000e+00   0.000000e+00   6.258679e-04   0.000000e+00   0.000000e+00   1.170222e-03   4.055470e-03  -1.837232e-03   0.000000e+00
 0.000000e+00   0.000000e+00   1.681900e-03   0.000000e+00   0.000000e+00   4.055470e-03   1.881513e-01   2.302944e-02   0.000000e+00
 0.000000e+00   0.000000e+00  -1.475010e-04   0.000000e+00   0.000000e+00  -1.837232e-03   2.302944e-02   4.962190e-02   0.000000e+00
-2.453692e-05   3.173674e-04   0.000000e+00  -4.887601e-04   2.208587e-03   0.000000e+00   0.000000e+00   0.000000e+00   4.531709e-02

# timestamp: 1774889072.6937413
 8.661814e-04  -6.245156e-07   0.000000e+00   2.380653e-04  -2.360998e-06   0.000000e+00   0.000000e+00   0.000000e+00  -1.320847e-04
-6.245156e-07   1.001810e-03   0.000000e+00  -8.469101e-06   4.877872e-04   0.000000e+00   0.000000e+00   0.000000e+00   9.607361e-04
 0.000000e+00   0.000000e+00   1.090075e-03   0.000000e+00   0.000000e+00   6.446148e-04   1.794255e-03  -8.401505e-04   0.000000e+00
 2.380653e-04  -8.469101e-06   0.000000e+00   4.044271e-04  -2.763371e-05   0.000000e+00   0.000000e+00   0.000000e+00  -5.045570e-04
-2.360998e-06   4.877872e-04   0.000000e+00  -2.763371e-05   9.010423e-04   0.000000e+00   0.000000e+00   0.000000e+00   2.419050e-03
 0.000000e+00   0.000000e+00   6.446148e-04   0.000000e+00   0.000000e+00   1.190883e-03   4.140779e-03  -2.112939e-03   0.000000e+00
 0.000000e+00   0.000000e+00   1.794255e-03   0.000000e+00   0.000000e+00   4.140779e-03   1.909370e-01   2.302008e-02   0.000000e+00
 0.000000e+00   0.000000e+00  -8.401505e-04   0.000000e+00   0.000000e+00  -2.112939e-03   2.302008e-02   4.793959e-02   0.000000e+00
-1.320847e-04   9.607361e-04   0.000000e+00  -5.045570e-04   2.419050e-03   0.000000e+00   0.000000e+00   0.000000e+00   4.372110e-02

# timestamp: 1774889072.7455447
 9.265444e-04  -1.138035e-06   0.000000e+00   2.547309e-04  -4.311081e-06   0.000000e+00   0.000000e+00   0.000000e+00  -1.533051e-04
-1.138035e-06   1.083332e-03   0.000000e+00  -1.097934e-05   5.299706e-04   0.000000e+00   0.000000e+00   0.000000e+00   1.061851e-03
 0.000000e+00   0.000000e+00   1.184806e-03   0.000000e+00   0.000000e+00   7.003943e-04   1.963508e-03  -9.287771e-04   0.000000e+00
 2.547309e-04  -1.097934e-05   0.000000e+00   4.098339e-04  -3.361850e-05   0.000000e+00   0.000000e+00   0.000000e+00  -5.637391e-04
-4.311081e-06   5.299706e-04   0.000000e+00  -3.361850e-05   9.311869e-04   0.000000e+00   0.000000e+00   0.000000e+00   2.657510e-03
 0.000000e+00   0.000000e+00   7.003943e-04   0.000000e+00   0.000000e+00   1.228576e-03   4.269507e-03  -2.343709e-03   0.000000e+00
 0.000000e+00   0.000000e+00   1.963508e-03   0.000000e+00   0.000000e+00   4.269507e-03   1.949809e-01   2.302008e-02   0.000000e+00
 0.000000e+00   0.000000e+00  -9.287771e-04   0.000000e+00   0.000000e+00  -2.343709e-03   2.302008e-02   5.198348e-02   0.000000e+00
-1.533051e-04   1.061851e-03   0.000000e+00  -5.637391e-04   2.657510e-03   0.000000e+00   0.000000e+00   0.000000e+00   4.776499e-02

# timestamp: 1774889072.9979239
 8.656132e-04  -2.126081e-07   0.000000e+00   2.366614e-04  -2.747134e-06   0.000000e+00   0.000000e+00   0.000000e+00  -3.303044e-05
-2.126081e-07   1.003166e-03   0.000000e+00  -1.034310e-05   4.892147e-04   0.000000e+00   0.000000e+00   0.000000e+00   1.016992e-03
 0.000000e+00   0.000000e+00   1.067678e-03   0.000000e+00   0.000000e+00   5.997318e-04   1.198269e-03  -9.588284e-04   0.000000e+00
 2.366614e-04  -1.034310e-05   0.000000e+00   4.010129e-04  -3.207240e-05   0.000000e+00   0.000000e+00   0.000000e+00  -3.155470e-04
-2.747134e-06   4.892147e-04   0.000000e+00  -3.207240e-05   9.005562e-04   0.000000e+00   0.000000e+00   0.000000e+00   2.470936e-03
 0.000000e+00   0.000000e+00   5.997318e-04   0.000000e+00   0.000000e+00   1.101507e-03   3.287759e-03  -2.284936e-03   0.000000e+00
 0.000000e+00   0.000000e+00   1.198269e-03   0.000000e+00   0.000000e+00   3.287759e-03   2.118353e-01   1.583418e-02   0.000000e+00
 0.000000e+00   0.000000e+00  -9.588284e-04   0.000000e+00   0.000000e+00  -2.284936e-03   1.583418e-02   4.593450e-02   0.000000e+00
-3.303044e-05   1.016992e-03   0.000000e+00  -3.155470e-04   2.470936e-03   0.000000e+00   0.000000e+00   0.000000e+00   4.408618e-02

# timestamp: 1774889073.0290577
 8.579279e-04  -2.386252e-07   0.000000e+00   2.347244e-04  -4.837614e-06   0.000000e+00   0.000000e+00   0.000000e+00  -6.255358e-05
-2.386252e-07   9.716101e-04   0.000000e+00  -5.606301e-06   4.425376e-04   0.000000e+00   0.000000e+00   0.000000e+00   3.205255e-04
 0.000000e+00   0.000000e+00   1.037688e-03   0.000000e+00   0.000000e+00   5.523433e-04   1.641278e-03  -1.947712e-04   0.000000e+00
 2.347244e-04  -5.606301e-06   0.000000e+00   3.996490e-04  -2.862146e-05   0.000000e+00   0.000000e+00   0.000000e+00  -2.641563e-04
-4.837614e-06   4.425376e-04   0.000000e+00  -2.862146e-05   8.626561e-04   0.000000e+00   0.000000e+00   0.000000e+00   2.104826e-03
 0.000000e+00   0.000000e+00   5.523433e-04   0.000000e+00   0.000000e+00   1.051171e-03   3.362496e-03  -1.875039e-03   0.000000e+00
 0.000000e+00   0.000000e+00   1.641278e-03   0.000000e+00   0.000000e+00   3.362496e-03   2.152948e-01   1.370746e-02   0.000000e+00
 0.000000e+00   0.000000e+00  -1.947712e-04   0.000000e+00   0.000000e+00  -1.875039e-03   1.370746e-02   4.416068e-02   0.000000e+00
-6.255358e-05   3.205255e-04   0.000000e+00  -2.641563e-04   2.104826e-03   0.000000e+00   0.000000e+00   0.000000e+00   4.274981e-02

# timestamp: 1774889073.054424
 8.928737e-04  -5.024369e-07   0.000000e+00   2.441909e-04  -5.727529e-06   0.000000e+00   0.000000e+00   0.000000e+00  -6.872564e-05
-5.024369e-07   1.016653e-03   0.000000e+00  -6.210300e-06   4.641821e-04   0.000000e+00   0.000000e+00   0.000000e+00   3.713022e-04
 0.000000e+00   0.000000e+00   1.088014e-03   0.000000e+00   0.000000e+00   5.776533e-04   1.720059e-03  -2.401738e-04   0.000000e+00
 2.441909e-04  -6.210300e-06   0.000000e+00   4.019021e-04  -2.898041e-05   0.000000e+00   0.000000e+00   0.000000e+00  -2.547650e-04
-5.727529e-06   4.641821e-04   0.000000e+00  -2.898041e-05   8.787475e-04   0.000000e+00   0.000000e+00   0.000000e+00   2.244866e-03
 0.000000e+00   0.000000e+00   5.776533e-04   0.000000e+00   0.000000e+00   1.064430e-03   3.273297e-03  -2.022435e-03   0.000000e+00
 0.000000e+00   0.000000e+00   1.720059e-03   0.000000e+00   0.000000e+00   3.273297e-03   2.176578e-01   1.370746e-02   0.000000e+00
 0.000000e+00   0.000000e+00  -2.401738e-04   0.000000e+00   0.000000e+00  -2.022435e-03   1.370746e-02   4.652362e-02   0.000000e+00
-6.872564e-05   3.713022e-04   0.000000e+00  -2.547650e-04   2.244866e-03   0.000000e+00   0.000000e+00   0.000000e+00   4.511276e-02

# timestamp: 1774889073.2969928
 7.829511e-04  -1.602027e-06   0.000000e+00   2.132943e-04  -6.918049e-06   0.000000e+00   0.000000e+00   0.000000e+00  -3.479803e-05
-1.602027e-06   8.758047e-04   0.000000e+00  -5.427524e-06   3.989193e-04   0.000000e+00   0.000000e+00   0.000000e+00   3.229516e-04
 0.000000e+00   0.000000e+00   9.220124e-04   0.000000e+00   0.000000e+00   4.788120e-04   1.425195e-03  -4.312340e-04   0.000000e+00
 2.132943e-04  -5.427524e-06   0.000000e+00   3.905125e-04  -1.677071e-05   0.000000e+00   0.000000e+00   0.000000e+00   1.558907e-05
-6.918049e-06   3.989193e-04   0.000000e+00  -1.677071e-05   8.368016e-04   0.000000e+00   0.000000e+00   0.000000e+00   1.916473e-03
 0.000000e+00   0.000000e+00   4.788120e-04   0.000000e+00   0.000000e+00   9.797787e-04   2.887130e-03  -2.185570e-03   0.000000e+00
 0.000000e+00   0.000000e+00   1.425195e-03   0.000000e+00   0.000000e+00   2.887130e-03   2.044604e-01  -1.644258e-02   0.000000e+00
 0.000000e+00   0.000000e+00  -4.312340e-04   0.000000e+00   0.000000e+00  -2.185570e-03  -1.644258e-02   4.011002e-02   0.000000e+00
-3.479803e-05   3.229516e-04   0.000000e+00   1.558907e-05   1.916473e-03   0.000000e+00   0.000000e+00   0.000000e+00   3.768165e-02

# timestamp: 1774889073.3251724
 8.515625e-04  -2.219384e-06   0.000000e+00   2.319328e-04  -7.880836e-06   0.000000e+00   0.000000e+00   0.000000e+00  -3.308295e-05
-2.219384e-06   9.631366e-04   0.000000e+00  -5.603632e-06   4.416894e-04   0.000000e+00   0.000000e+00   0.000000e+00   4.181818e-04
 0.000000e+00   0.000000e+00   1.017202e-03   0.000000e+00   0.000000e+00   5.268015e-04   1.558977e-03  -5.390972e-04   0.000000e+00
 2.319328e-04  -5.603632e-06   0.000000e+00   3.953941e-04  -1.345261e-05   0.000000e+00   0.000000e+00   0.000000e+00   7.591250e-05
-7.880836e-06   4.416894e-04   0.000000e+00  -1.345261e-05   8.679044e-04   0.000000e+00   0.000000e+00   0.000000e+00   2.179169e-03
 0.000000e+00   0.000000e+00   5.268015e-04   0.000000e+00   0.000000e+00   1.006048e-03   2.686050e-03  -2.439589e-03   0.000000e+00
 0.000000e+00   0.000000e+00   1.558977e-03   0.000000e+00   0.000000e+00   2.686050e-03   2.092079e-01  -1.644258e-02   0.000000e+00
 0.000000e+00   0.000000e+00  -5.390972e-04   0.000000e+00   0.000000e+00  -2.439589e-03  -1.644258e-02   4.485751e-02   0.000000e+00
-3.308295e-05   4.181818e-04   0.000000e+00   7.591250e-05   2.179169e-03   0.000000e+00   0.000000e+00   0.000000e+00   4.242914e-02

# timestamp: 1774889073.3479397
 8.813534e-04  -2.496439e-06   0.000000e+00   2.399435e-04  -8.229981e-06   0.000000e+00   0.000000e+00   0.000000e+00  -3.136240e-05
-2.496439e-06   1.001629e-03   0.000000e+00  -5.582526e-06   4.605950e-04   0.000000e+00   0.000000e+00   0.000000e+00   4.630899e-04
 0.000000e+00   0.000000e+00   1.059188e-03   0.000000e+00   0.000000e+00   5.478261e-04   1.612755e-03  -5.892513e-04   0.000000e+00
 2.399435e-04  -5.582526e-06   0.000000e+00   3.975312e-04  -1.179488e-05   0.000000e+00   0.000000e+00   0.000000e+00   1.035163e-04
-8.229981e-06   4.605950e-04   0.000000e+00  -1.179488e-05   8.822232e-04   0.000000e+00   0.000000e+00   0.000000e+00   2.299378e-03
 0.000000e+00   0.000000e+00   5.478261e-04   0.000000e+00   0.000000e+00   1.018455e-03   2.598437e-03  -2.556098e-03   0.000000e+00
 0.000000e+00   0.000000e+00   1.612755e-03   0.000000e+00   0.000000e+00   2.598437e-03   2.112319e-01  -1.644258e-02   0.000000e+00
 0.000000e+00   0.000000e+00  -5.892513e-04   0.000000e+00   0.000000e+00  -2.556098e-03  -1.644258e-02   4.688152e-02   0.000000e+00
-3.136240e-05   4.630899e-04   0.000000e+00   1.035163e-04   2.299378e-03   0.000000e+00   0.000000e+00   0.000000e+00   4.445314e-02

# timestamp: 1774889073.3611472
 8.989841e-04  -2.661740e-06   0.000000e+00   2.446640e-04  -8.415994e-06   0.000000e+00   0.000000e+00   0.000000e+00  -3.008364e-05
-2.661740e-06   1.024574e-03   0.000000e+00  -5.540603e-06   4.718839e-04   0.000000e+00   0.000000e+00   0.000000e+00   4.906118e-04
 0.000000e+00   0.000000e+00   1.084221e-03   0.000000e+00   0.000000e+00   5.603314e-04   1.643459e-03  -6.198155e-04   0.000000e+00
 2.446640e-04  -5.540603e-06   0.000000e+00   3.988015e-04  -1.075053e-05   0.000000e+00   0.000000e+00   0.000000e+00   1.202911e-04
-8.415994e-06   4.718839e-04   0.000000e+00  -1.075053e-05   8.909368e-04   0.000000e+00   0.000000e+00   0.000000e+00   2.372429e-03
 0.000000e+00   0.000000e+00   5.603314e-04   0.000000e+00   0.000000e+00   1.026089e-03   2.546453e-03  -2.626978e-03   0.000000e+00
 0.000000e+00   0.000000e+00   1.643459e-03   0.000000e+00   0.000000e+00   2.546453e-03   2.124195e-01  -1.644258e-02   0.000000e+00
 0.000000e+00   0.000000e+00  -6.198155e-04   0.000000e+00   0.000000e+00  -2.626978e-03  -1.644258e-02   4.806908e-02   0.000000e+00
-3.008364e-05   4.906118e-04   0.000000e+00   1.202911e-04   2.372429e-03   0.000000e+00   0.000000e+00   0.000000e+00   4.564071e-02

# timestamp: 1774889073.3993995
 8.049708e-04  -2.178569e-06   0.000000e+00   2.190942e-04  -7.080240e-06   0.000000e+00   0.000000e+00   0.000000e+00  -1.676622e-05
-2.178569e-06   9.037996e-04   0.000000e+00  -4.645639e-06   4.140030e-04   0.000000e+00   0.000000e+00   0.000000e+00   3.820168e-04
 0.000000e+00   0.000000e+00   9.496276e-04   0.000000e+00   0.000000e+00   4.899448e-04   1.439983e-03  -5.741191e-04   0.000000e+00
 2.190942e-04  -4.645639e-06   0.000000e+00   3.918090e-04  -8.630760e-06   0.000000e+00   0.000000e+00   0.000000e+00   1.383269e-04
-7.080240e-06   4.140030e-04   0.000000e+00  -8.630760e-06   8.489878e-04   0.000000e+00   0.000000e+00   0.000000e+00   2.021862e-03
 0.000000e+00   0.000000e+00   4.899448e-04   0.000000e+00   0.000000e+00   9.798203e-04   2.664771e-03  -2.447172e-03   0.000000e+00
 0.000000e+00   0.000000e+00   1.439983e-03   0.000000e+00   0.000000e+00   2.664771e-03   2.023975e-01  -2.566741e-02   0.000000e+00
 0.000000e+00   0.000000e+00  -5.741191e-04   0.000000e+00   0.000000e+00  -2.447172e-03  -2.566741e-02   4.424318e-02   0.000000e+00
-1.676622e-05   3.820168e-04   0.000000e+00   1.383269e-04   2.021862e-03   0.000000e+00   0.000000e+00   0.000000e+00   3.934221e-02

# timestamp: 1774889073.6358163
 8.703166e-04  -2.547481e-06   0.000000e+00   2.366445e-04  -4.136131e-06   0.000000e+00   0.000000e+00   0.000000e+00   3.735172e-05
-2.547481e-06   9.883925e-04   0.000000e+00  -3.941088e-07   4.583911e-04   0.000000e+00   0.000000e+00   0.000000e+00   5.131177e-04
 0.000000e+00   0.000000e+00   1.035312e-03   0.000000e+00   0.000000e+00   5.313871e-04   1.518966e-03  -8.877214e-04   0.000000e+00
 2.366445e-04  -3.941088e-07   0.000000e+00   3.983706e-04   1.317294e-05   0.000000e+00   0.000000e+00   0.000000e+00   3.743388e-04
-4.136131e-06   4.583911e-04   0.000000e+00   1.317294e-05   8.860151e-04   0.000000e+00   0.000000e+00   0.000000e+00   2.316758e-03
 0.000000e+00   0.000000e+00   5.313871e-04   0.000000e+00   0.000000e+00   1.007253e-03   2.537618e-03  -3.069541e-03   0.000000e+00
 0.000000e+00   0.000000e+00   1.518966e-03   0.000000e+00   0.000000e+00   2.537618e-03   2.033038e-01  -4.197345e-02   0.000000e+00
 0.000000e+00   0.000000e+00  -8.877214e-04   0.000000e+00   0.000000e+00  -3.069541e-03  -4.197345e-02   5.560045e-02   0.000000e+00
 3.735172e-05   5.131177e-04   0.000000e+00   3.743388e-04   2.316758e-03   0.000000e+00   0.000000e+00   0.000000e+00   4.377466e-02

# timestamp: 1774889073.6636791
 9.144626e-04  -2.662393e-06   0.000000e+00   2.486014e-04  -3.519550e-06   0.000000e+00   0.000000e+00   0.000000e+00   4.895544e-05
-2.662393e-06   1.046197e-03   0.000000e+00   6.410303e-07   4.872711e-04   0.000000e+00   0.000000e+00   0.000000e+00   5.837955e-04
 0.000000e+00   0.000000e+00   1.097561e-03   0.000000e+00   0.000000e+00   5.637848e-04   1.593919e-03  -9.808066e-04   0.000000e+00
 2.486014e-04   6.410303e-07   0.000000e+00   4.022017e-04   1.740141e-05   0.000000e+00   0.000000e+00   0.000000e+00   4.236159e-04
-3.519550e-06   4.872711e-04   0.000000e+00   1.740141e-05   9.087353e-04   0.000000e+00   0.000000e+00   0.000000e+00   2.504292e-03
 0.000000e+00   0.000000e+00   5.637848e-04   0.000000e+00   0.000000e+00   1.030743e-03   2.488567e-03  -3.260340e-03   0.000000e+00
 0.000000e+00   0.000000e+00   1.593919e-03   0.000000e+00   0.000000e+00   2.488567e-03   2.062761e-01  -4.197345e-02   0.000000e+00
 0.000000e+00   0.000000e+00  -9.808066e-04   0.000000e+00   0.000000e+00  -3.260340e-03  -4.197345e-02   5.857281e-02   0.000000e+00
 4.895544e-05   5.837955e-04   0.000000e+00   4.236159e-04   2.504292e-03   0.000000e+00   0.000000e+00   0.000000e+00   4.674702e-02

# timestamp: 1774889073.695537
 8.162229e-04  -2.024311e-06   0.000000e+00   2.218638e-04  -2.583857e-06   0.000000e+00   0.000000e+00   0.000000e+00   4.368835e-05
-2.024311e-06   9.188825e-04   0.000000e+00   7.114773e-07   4.248189e-04   0.000000e+00   0.000000e+00   0.000000e+00   4.418637e-04
 0.000000e+00   0.000000e+00   9.585179e-04   0.000000e+00   0.000000e+00   4.924950e-04   1.410077e-03  -8.827550e-04   0.000000e+00
 2.218638e-04   7.114773e-07   0.000000e+00   3.947834e-04   1.716505e-05   0.000000e+00   0.000000e+00   0.000000e+00   3.812413e-04
-2.583857e-06   4.248189e-04   0.000000e+00   1.716505e-05   8.635689e-04   0.000000e+00   0.000000e+00   0.000000e+00   2.119238e-03
 0.000000e+00   0.000000e+00   4.924950e-04   0.000000e+00   0.000000e+00   9.892733e-04   2.763007e-03  -3.135136e-03   0.000000e+00
 0.000000e+00   0.000000e+00   1.410077e-03   0.000000e+00   0.000000e+00   2.763007e-03   1.931264e-01  -5.023095e-02   0.000000e+00
 0.000000e+00   0.000000e+00  -8.827550e-04   0.000000e+00   0.000000e+00  -3.135136e-03  -5.023095e-02   5.727962e-02   0.000000e+00
 4.368835e-05   4.418637e-04   0.000000e+00   3.812413e-04   2.119238e-03   0.000000e+00   0.000000e+00   0.000000e+00   3.991642e-02

# timestamp: 1774889073.9656382
 9.113830e-04  -2.164305e-07   0.000000e+00   2.479746e-04   4.237667e-06   0.000000e+00   0.000000e+00   0.000000e+00   6.799222e-05
-2.164305e-07   1.044305e-03   0.000000e+00   9.677668e-06   4.911580e-04   0.000000e+00   0.000000e+00   0.000000e+00   6.043403e-04
 0.000000e+00   0.000000e+00   1.097129e-03   0.000000e+00   0.000000e+00   5.867190e-04   1.801786e-03  -1.505412e-03   0.000000e+00
 2.479746e-04   9.677668e-06   0.000000e+00   4.063491e-04   4.464245e-05   0.000000e+00   0.000000e+00   0.000000e+00   5.702533e-04
 4.237667e-06   4.911580e-04   0.000000e+00   4.464245e-05   9.214752e-04   0.000000e+00   0.000000e+00   0.000000e+00   2.543667e-03
 0.000000e+00   0.000000e+00   5.867190e-04   0.000000e+00   0.000000e+00   1.116338e-03   3.635761e-03  -4.677359e-03   0.000000e+00
 0.000000e+00   0.000000e+00   1.801786e-03   0.000000e+00   0.000000e+00   3.635761e-03   1.715747e-01  -6.310529e-02   0.000000e+00
 0.000000e+00   0.000000e+00  -1.505412e-03   0.000000e+00   0.000000e+00  -4.677359e-03  -6.310529e-02   7.956151e-02   0.000000e+00
 6.799222e-05   6.043403e-04   0.000000e+00   5.702533e-04   2.543667e-03   0.000000e+00   0.000000e+00   0.000000e+00   4.620320e-02

# timestamp: 1774889073.9979002
 7.925350e-04  -9.709041e-08   0.000000e+00   2.154933e-04   3.753520e-06   0.000000e+00   0.000000e+00   0.000000e+00   5.299763e-05
-9.709041e-08   8.901660e-04   0.000000e+00   7.694644e-06   4.143411e-04   0.000000e+00   0.000000e+00   0.000000e+00   4.260564e-04
 0.000000e+00   0.000000e+00   9.294241e-04   0.000000e+00   0.000000e+00   4.989034e-04   1.515553e-03  -1.306913e-03   0.000000e+00
 2.154933e-04   7.694644e-06   0.000000e+00   3.966172e-04   4.025681e-05   0.000000e+00   0.000000e+00   0.000000e+00   4.753435e-04
 3.753520e-06   4.143411e-04   0.000000e+00   4.025681e-05   8.652886e-04   0.000000e+00   0.000000e+00   0.000000e+00   2.071947e-03
 0.000000e+00   0.000000e+00   4.989034e-04   0.000000e+00   0.000000e+00   1.073057e-03   3.834303e-03  -4.606492e-03   0.000000e+00
 0.000000e+00   0.000000e+00   1.515553e-03   0.000000e+00   0.000000e+00   3.834303e-03   1.536637e-01  -6.802446e-02   0.000000e+00
 0.000000e+00   0.000000e+00  -1.306913e-03   0.000000e+00   0.000000e+00  -4.606492e-03  -6.802446e-02   7.965871e-02   0.000000e+00
 5.299763e-05   4.260564e-04   0.000000e+00   4.753435e-04   2.071947e-03   0.000000e+00   0.000000e+00   0.000000e+00   3.801828e-02

# timestamp: 1774889074.0286217
 8.482459e-04   4.172201e-07   0.000000e+00   2.309900e-04   5.733380e-06   0.000000e+00   0.000000e+00   0.000000e+00   7.202076e-05
 4.172201e-07   9.619526e-04   0.000000e+00   1.004511e-05   4.506749e-04   0.000000e+00   0.000000e+00   0.000000e+00   5.084330e-04
 0.000000e+00   0.000000e+00   1.008099e-03   0.000000e+00   0.000000e+00   5.461532e-04   1.664827e-03  -1.488372e-03   0.000000e+00
 2.309900e-04   1.004511e-05   0.000000e+00   4.019996e-04   4.631369e-05   0.000000e+00   0.000000e+00   0.000000e+00   5.369212e-04
 5.733380e-06   4.506749e-04   0.000000e+00   4.631369e-05   8.929103e-04   0.000000e+00   0.000000e+00   0.000000e+00   2.293630e-03
 0.000000e+00   0.000000e+00   5.461532e-04   0.000000e+00   0.000000e+00   1.117161e-03   3.968313e-03  -4.952088e-03   0.000000e+00
 0.000000e+00   0.000000e+00   1.664827e-03   0.000000e+00   0.000000e+00   3.968313e-03   1.575154e-01  -6.802446e-02   0.000000e+00
 0.000000e+00   0.000000e+00  -1.488372e-03   0.000000e+00   0.000000e+00  -4.952088e-03  -6.802446e-02   8.351036e-02   0.000000e+00
 7.202076e-05   5.084330e-04   0.000000e+00   5.369212e-04   2.293630e-03   0.000000e+00   0.000000e+00   0.000000e+00   4.186993e-02

# timestamp: 1774889074.0518677
 8.874278e-04   8.769593e-07   0.000000e+00   2.418299e-04   7.310312e-06   0.000000e+00   0.000000e+00   0.000000e+00   8.665944e-05
 8.769593e-07   1.013203e-03   0.000000e+00   1.188956e-05   4.766950e-04   0.000000e+00   0.000000e+00   0.000000e+00   5.707288e-04
 0.000000e+00   0.000000e+00   1.064622e-03   0.000000e+00   0.000000e+00   5.802899e-04   1.771100e-03  -1.622061e-03   0.000000e+00
 2.418299e-04   1.188956e-05   0.000000e+00   4.058300e-04   5.090269e-05   0.000000e+00   0.000000e+00   0.000000e+00   5.826517e-04
 7.310312e-06   4.766950e-04   0.000000e+00   5.090269e-05   9.134487e-04   0.000000e+00   0.000000e+00   0.000000e+00   2.458262e-03
 0.000000e+00   0.000000e+00   5.802899e-04   0.000000e+00   0.000000e+00   1.149640e-03   4.057678e-03  -5.202310e-03   0.000000e+00
 0.000000e+00   0.000000e+00   1.771100e-03   0.000000e+00   0.000000e+00   4.057678e-03   1.601758e-01  -6.802446e-02   0.000000e+00
 0.000000e+00   0.000000e+00  -1.622061e-03   0.000000e+00   0.000000e+00  -5.202310e-03  -6.802446e-02   8.617078e-02   0.000000e+00
 8.665944e-05   5.707288e-04   0.000000e+00   5.826517e-04   2.458262e-03   0.000000e+00   0.000000e+00   0.000000e+00   4.453035e-02

# timestamp: 1774889074.285069
 9.436956e-04   5.296004e-06   0.000000e+00   2.581369e-04   1.692965e-05   0.000000e+00   0.000000e+00   0.000000e+00   9.372553e-05
 5.296004e-06   1.088746e-03   0.000000e+00   2.195830e-05   5.164667e-04   0.000000e+00   0.000000e+00   0.000000e+00   6.245446e-04
 0.000000e+00   0.000000e+00   1.162988e-03   0.000000e+00   0.000000e+00   6.804809e-04   2.232935e-03  -2.329750e-03   0.000000e+00
 2.581369e-04   2.195830e-05   0.000000e+00   4.151917e-04   7.458605e-05   0.000000e+00   0.000000e+00   0.000000e+00   7.009432e-04
 1.692965e-05   5.164667e-04   0.000000e+00   7.458605e-05   9.489556e-04   0.000000e+00   0.000000e+00   0.000000e+00   2.677497e-03
 0.000000e+00   0.000000e+00   6.804809e-04   0.000000e+00   0.000000e+00   1.348950e-03   5.235628e-03  -7.167094e-03   0.000000e+00
 0.000000e+00   0.000000e+00   2.232935e-03   0.000000e+00   0.000000e+00   5.235628e-03   1.476079e-01  -7.529809e-02   0.000000e+00
 0.000000e+00   0.000000e+00  -2.329750e-03   0.000000e+00   0.000000e+00  -7.167094e-03  -7.529809e-02   1.067003e-01   0.000000e+00
 9.372553e-05   6.245446e-04   0.000000e+00   7.009432e-04   2.677497e-03   0.000000e+00   0.000000e+00   0.000000e+00   4.811703e-02

# timestamp: 1774889074.3296118
 8.681952e-04   5.178275e-06   0.000000e+00   2.378327e-04   1.695986e-05   0.000000e+00   0.000000e+00   0.000000e+00   9.163384e-05
 5.178275e-06   9.892186e-04   0.000000e+00   2.078448e-05   4.669664e-04   0.000000e+00   0.000000e+00   0.000000e+00   5.161782e-04
 0.000000e+00   0.000000e+00   1.054773e-03   0.000000e+00   0.000000e+00   6.295174e-04   2.036904e-03  -2.260192e-03   0.000000e+00
 2.378327e-04   2.078448e-05   0.000000e+00   4.095641e-04   7.311445e-05   0.000000e+00   0.000000e+00   0.000000e+00   6.409060e-04
 1.695986e-05   4.669664e-04   0.000000e+00   7.311445e-05   9.108364e-04   0.000000e+00   0.000000e+00   0.000000e+00   2.358955e-03
 0.000000e+00   0.000000e+00   6.295174e-04   0.000000e+00   0.000000e+00   1.352935e-03   5.408449e-03  -7.457531e-03   0.000000e+00
 0.000000e+00   0.000000e+00   2.036904e-03   0.000000e+00   0.000000e+00   5.408449e-03   1.346765e-01  -7.757997e-02   0.000000e+00
 0.000000e+00   0.000000e+00  -2.260192e-03   0.000000e+00   0.000000e+00  -7.457531e-03  -7.757997e-02   1.103648e-01   0.000000e+00
 9.163384e-05   5.161782e-04   0.000000e+00   6.409060e-04   2.358955e-03   0.000000e+00   0.000000e+00   0.000000e+00   4.306499e-02

# timestamp: 1774889074.3570752
 8.968389e-04   5.939036e-06   0.000000e+00   2.458563e-04   1.865764e-05   0.000000e+00   0.000000e+00   0.000000e+00   1.042461e-04
 5.939036e-06   1.026914e-03   0.000000e+00   2.268230e-05   4.860909e-04   0.000000e+00   0.000000e+00   0.000000e+00   5.624614e-04
 0.000000e+00   0.000000e+00   1.098949e-03   0.000000e+00   0.000000e+00   6.602572e-04   2.141892e-03  -2.405623e-03   0.000000e+00
 2.458563e-04   2.268230e-05   0.000000e+00   4.126098e-04   7.688710e-05   0.000000e+00   0.000000e+00   0.000000e+00   6.783981e-04
 1.865764e-05   4.860909e-04   0.000000e+00   7.688710e-05   9.254437e-04   0.000000e+00   0.000000e+00   0.000000e+00   2.475277e-03
 0.000000e+00   0.000000e+00   6.602572e-04   0.000000e+00   0.000000e+00   1.385359e-03   5.496983e-03  -7.684780e-03   0.000000e+00
 0.000000e+00   0.000000e+00   2.141892e-03   0.000000e+00   0.000000e+00   5.496983e-03   1.366071e-01  -7.757997e-02   0.000000e+00
 0.000000e+00   0.000000e+00  -2.405623e-03   0.000000e+00   0.000000e+00  -7.684780e-03  -7.757997e-02   1.122954e-01   0.000000e+00
 1.042461e-04   5.624614e-04   0.000000e+00   6.783981e-04   2.475277e-03   0.000000e+00   0.000000e+00   0.000000e+00   4.499561e-02

# timestamp: 1774889074.3729138
 9.198284e-04   6.593904e-06   0.000000e+00   2.522849e-04   2.008292e-05   0.000000e+00   0.000000e+00   0.000000e+00   1.147695e-04
 6.593904e-06   1.057406e-03   0.000000e+00   2.427109e-05   5.015820e-04   0.000000e+00   0.000000e+00   0.000000e+00   6.007967e-04
 0.000000e+00   0.000000e+00   1.134913e-03   0.000000e+00   0.000000e+00   6.853461e-04   2.226504e-03  -2.524227e-03   0.000000e+00
 2.522849e-04   2.427109e-05   0.000000e+00   4.150767e-04   8.002886e-05   0.000000e+00   0.000000e+00   0.000000e+00   7.094148e-04
 2.008292e-05   5.015820e-04   0.000000e+00   8.002886e-05   9.374982e-04   0.000000e+00   0.000000e+00   0.000000e+00   2.571510e-03
 0.000000e+00   0.000000e+00   6.853461e-04   0.000000e+00   0.000000e+00   1.411884e-03   5.566140e-03  -7.869183e-03   0.000000e+00
 0.000000e+00   0.000000e+00   2.226504e-03   0.000000e+00   0.000000e+00   5.566140e-03   1.381417e-01  -7.757997e-02   0.000000e+00
 0.000000e+00   0.000000e+00  -2.524227e-03   0.000000e+00   0.000000e+00  -7.869183e-03  -7.757997e-02   1.138300e-01   0.000000e+00
 1.147695e-04   6.007967e-04   0.000000e+00   7.094148e-04   2.571510e-03   0.000000e+00   0.000000e+00   0.000000e+00   4.653019e-02

# timestamp: 1774889074.6352499
 8.749006e-04   1.052179e-05   0.000000e+00   2.420398e-04   2.868010e-05   0.000000e+00   0.000000e+00   0.000000e+00   1.457355e-04
 1.052179e-05   9.990577e-04   0.000000e+00   3.054011e-05   4.734970e-04   0.000000e+00   0.000000e+00   0.000000e+00   5.474573e-04
 0.000000e+00   0.000000e+00   1.098560e-03   0.000000e+00   0.000000e+00   7.401555e-04   2.194898e-03  -3.212155e-03   0.000000e+00
 2.420398e-04   3.054011e-05   0.000000e+00   4.147445e-04   9.096609e-05   0.000000e+00   0.000000e+00   0.000000e+00   6.677412e-04
 2.868010e-05   4.734970e-04   0.000000e+00   9.096609e-05   9.077192e-04   0.000000e+00   0.000000e+00   0.000000e+00   2.312626e-03
 0.000000e+00   0.000000e+00   7.401555e-04   0.000000e+00   0.000000e+00   1.658879e-03   6.082094e-03  -1.017479e-02   0.000000e+00
 0.000000e+00   0.000000e+00   2.194898e-03   0.000000e+00   0.000000e+00   6.082094e-03   1.081455e-01  -7.526384e-02   0.000000e+00
 0.000000e+00   0.000000e+00  -3.212155e-03   0.000000e+00   0.000000e+00  -1.017479e-02  -7.526384e-02   1.345042e-01   0.000000e+00
 1.457355e-04   5.474573e-04   0.000000e+00   6.677412e-04   2.312626e-03   0.000000e+00   0.000000e+00   0.000000e+00   4.389896e-02

# timestamp: 1774889074.6605816
 9.034273e-04   1.169048e-05   0.000000e+00   2.500941e-04   3.080888e-05   0.000000e+00   0.000000e+00   0.000000e+00   1.586201e-04
 1.169048e-05   1.036627e-03   0.000000e+00   3.264074e-05   4.923360e-04   0.000000e+00   0.000000e+00   0.000000e+00   5.921497e-04
 0.000000e+00   0.000000e+00   1.146648e-03   0.000000e+00   0.000000e+00   7.788483e-04   2.311690e-03  -3.407924e-03   0.000000e+00
 2.500941e-04   3.264074e-05   0.000000e+00   4.174719e-04   9.403030e-05   0.000000e+00   0.000000e+00   0.000000e+00   6.948974e-04
 3.080888e-05   4.923360e-04   0.000000e+00   9.403030e-05   9.210796e-04   0.000000e+00   0.000000e+00   0.000000e+00   2.422341e-03
 0.000000e+00   0.000000e+00   7.788483e-04   0.000000e+00   0.000000e+00   1.703333e-03   6.198478e-03  -1.045854e-02   0.000000e+00
 0.000000e+00   0.000000e+00   2.311690e-03   0.000000e+00   0.000000e+00   6.198478e-03   1.100574e-01  -7.526384e-02   0.000000e+00
 0.000000e+00   0.000000e+00  -3.407924e-03   0.000000e+00   0.000000e+00  -1.045854e-02  -7.526384e-02   1.364161e-01   0.000000e+00
 1.586201e-04   5.921497e-04   0.000000e+00   6.948974e-04   2.422341e-03   0.000000e+00   0.000000e+00   0.000000e+00   4.581084e-02

# timestamp: 1774889074.6828754
 8.329373e-04   1.045012e-05   0.000000e+00   2.304541e-04   2.876674e-05   0.000000e+00   0.000000e+00   0.000000e+00   1.317796e-04
 1.045012e-05   9.439447e-04   0.000000e+00   2.986198e-05   4.450439e-04   0.000000e+00   0.000000e+00   0.000000e+00   4.775807e-04
 0.000000e+00   0.000000e+00   1.040172e-03   0.000000e+00   0.000000e+00   7.206521e-04   1.924398e-03  -3.200085e-03   0.000000e+00
 2.304541e-04   2.986198e-05   0.000000e+00   4.109691e-04   8.994095e-05   0.000000e+00   0.000000e+00   0.000000e+00   6.022752e-04
 2.876674e-05   4.450439e-04   0.000000e+00   8.994095e-05   8.852343e-04   0.000000e+00   0.000000e+00   0.000000e+00   2.131151e-03
 0.000000e+00   0.000000e+00   7.206521e-04   0.000000e+00   0.000000e+00   1.712524e-03   5.705940e-03  -1.070930e-02   0.000000e+00
 0.000000e+00   0.000000e+00   1.924398e-03   0.000000e+00   0.000000e+00   5.705940e-03   9.118440e-02  -6.911266e-02   0.000000e+00
 0.000000e+00   0.000000e+00  -3.200085e-03   0.000000e+00   0.000000e+00  -1.070930e-02  -6.911266e-02   1.388955e-01   0.000000e+00
 1.317796e-04   4.775807e-04   0.000000e+00   6.022752e-04   2.131151e-03   0.000000e+00   0.000000e+00   0.000000e+00   4.068564e-02

# timestamp: 1774889075.0879905
 8.550221e-04   1.351312e-05   0.000000e+00   2.333708e-04   1.400158e-05   0.000000e+00   0.000000e+00   0.000000e+00  -3.052754e-04
 1.351312e-05   9.614098e-04   0.000000e+00   3.041452e-05   4.320322e-04   0.000000e+00   0.000000e+00   0.000000e+00   1.271700e-04
 0.000000e+00   0.000000e+00   1.124224e-03   0.000000e+00   0.000000e+00   8.973986e-04   2.955493e-03  -3.776515e-03   0.000000e+00
 2.333708e-04   3.041452e-05   0.000000e+00   4.038726e-04   7.359024e-05   0.000000e+00   0.000000e+00   0.000000e+00   1.567668e-04
 1.400158e-05   4.320322e-04   0.000000e+00   7.359024e-05   8.681604e-04   0.000000e+00   0.000000e+00   0.000000e+00   2.031656e-03
 0.000000e+00   0.000000e+00   8.973986e-04   0.000000e+00   0.000000e+00   2.287320e-03   8.121944e-03  -1.374159e-02   0.000000e+00
 0.000000e+00   0.000000e+00   2.955493e-03   0.000000e+00   0.000000e+00   8.121944e-03   9.252167e-02  -7.274445e-02   0.000000e+00
 0.000000e+00   0.000000e+00  -3.776515e-03   0.000000e+00   0.000000e+00  -1.374159e-02  -7.274445e-02   1.468004e-01   0.000000e+00
-3.052754e-04   1.271700e-04   0.000000e+00   1.567668e-04   2.031656e-03   0.000000e+00   0.000000e+00   0.000000e+00   4.142001e-02

# timestamp: 1774889075.1166077
 8.847407e-04   1.443385e-05   0.000000e+00   2.415803e-04   1.468427e-05   0.000000e+00   0.000000e+00   0.000000e+00  -3.021455e-04
 1.443385e-05   9.993267e-04   0.000000e+00   3.187633e-05   4.500282e-04   0.000000e+00   0.000000e+00   0.000000e+00   1.686640e-04
 0.000000e+00   0.000000e+00   1.181577e-03   0.000000e+00   0.000000e+00   9.548500e-04   3.120166e-03  -4.055394e-03   0.000000e+00
 2.415803e-04   3.187633e-05   0.000000e+00   4.058455e-04   7.371170e-05   0.000000e+00   0.000000e+00   0.000000e+00   1.509013e-04
 1.468427e-05   4.500282e-04   0.000000e+00   7.371170e-05   8.812147e-04   0.000000e+00   0.000000e+00   0.000000e+00   2.145157e-03
 0.000000e+00   0.000000e+00   9.548500e-04   0.000000e+00   0.000000e+00   2.365293e-03   8.327087e-03  -1.414360e-02   0.000000e+00
 0.000000e+00   0.000000e+00   3.120166e-03   0.000000e+00   0.000000e+00   8.327087e-03   9.453660e-02  -7.274445e-02   0.000000e+00
 0.000000e+00   0.000000e+00  -4.055394e-03   0.000000e+00   0.000000e+00  -1.414360e-02  -7.274445e-02   1.488153e-01   0.000000e+00
-3.021455e-04   1.686640e-04   0.000000e+00   1.509013e-04   2.145157e-03   0.000000e+00   0.000000e+00   0.000000e+00   4.343493e-02

# timestamp: 1774889075.469069
 8.821577e-04   1.989300e-05   0.000000e+00   2.420119e-04   3.774455e-05   0.000000e+00   0.000000e+00   0.000000e+00   3.458387e-05
 1.989300e-05   1.003523e-03   0.000000e+00   3.248885e-05   4.659762e-04   0.000000e+00   0.000000e+00   0.000000e+00   4.216041e-04
 0.000000e+00   0.000000e+00   1.248046e-03   0.000000e+00   0.000000e+00   1.127672e-03   3.475084e-03  -4.601595e-03   0.000000e+00
 2.420119e-04   3.248885e-05   0.000000e+00   4.014670e-04   6.261541e-05   0.000000e+00   0.000000e+00   0.000000e+00   6.456964e-05
 3.774455e-05   4.659762e-04   0.000000e+00   6.261541e-05   8.860546e-04   0.000000e+00   0.000000e+00   0.000000e+00   2.201331e-03
 0.000000e+00   0.000000e+00   1.127672e-03   0.000000e+00   0.000000e+00   2.736800e-03   1.031133e-02  -1.453941e-02   0.000000e+00
 0.000000e+00   0.000000e+00   3.475084e-03   0.000000e+00   0.000000e+00   1.031133e-02   1.102801e-01  -7.754159e-02   0.000000e+00
 0.000000e+00   0.000000e+00  -4.601595e-03   0.000000e+00   0.000000e+00  -1.453941e-02  -7.754159e-02   1.349188e-01   0.000000e+00
 3.458387e-05   4.216041e-04   0.000000e+00   6.456964e-05   2.201331e-03   0.000000e+00   0.000000e+00   0.000000e+00   4.374174e-02

# timestamp: 1774889075.8058634
 8.349294e-04   1.655213e-05   0.000000e+00   2.281271e-04   2.964251e-05   0.000000e+00   0.000000e+00   0.000000e+00   1.998790e-05
 1.655213e-05   9.435835e-04   0.000000e+00   2.782920e-05   4.357402e-04   0.000000e+00   0.000000e+00   0.000000e+00   4.351779e-04
 0.000000e+00   0.000000e+00   1.222583e-03   0.000000e+00   0.000000e+00   1.147525e-03   4.097141e-03  -4.463081e-03   0.000000e+00
 2.281271e-04   2.782920e-05   0.000000e+00   3.945479e-04   5.344342e-05   0.000000e+00   0.000000e+00   0.000000e+00   1.225921e-04
 2.964251e-05   4.357402e-04   0.000000e+00   5.344342e-05   8.508722e-04   0.000000e+00   0.000000e+00   0.000000e+00   2.021323e-03
 0.000000e+00   0.000000e+00   1.147525e-03   0.000000e+00   0.000000e+00   2.711620e-03   1.132708e-02  -1.317165e-02   0.000000e+00
 0.000000e+00   0.000000e+00   4.097141e-03   0.000000e+00   0.000000e+00   1.132708e-02   1.265004e-01  -8.100984e-02   0.000000e+00
 0.000000e+00   0.000000e+00  -4.463081e-03   0.000000e+00   0.000000e+00  -1.317165e-02  -8.100984e-02   1.189183e-01   0.000000e+00
 1.998790e-05   4.351779e-04   0.000000e+00   1.225921e-04   2.021323e-03   0.000000e+00   0.000000e+00   0.000000e+00   4.141287e-02

# timestamp: 1774889076.1792893
 8.087213e-04   1.378564e-05   0.000000e+00   2.191201e-04   2.375156e-05   0.000000e+00   0.000000e+00   0.000000e+00  -2.773246e-06
 1.378564e-05   9.093145e-04   0.000000e+00   2.456574e-05   4.166847e-04   0.000000e+00   0.000000e+00   0.000000e+00   3.930732e-04
 0.000000e+00   0.000000e+00   1.188292e-03   0.000000e+00   0.000000e+00   1.097364e-03   4.334084e-03  -3.944142e-03   0.000000e+00
 2.191201e-04   2.456574e-05   0.000000e+00   3.898562e-04   5.060320e-05   0.000000e+00   0.000000e+00   0.000000e+00   1.756914e-04
 2.375156e-05   4.166847e-04   0.000000e+00   5.060320e-05   8.403712e-04   0.000000e+00   0.000000e+00   0.000000e+00   1.989942e-03
 0.000000e+00   0.000000e+00   1.097364e-03   0.000000e+00   0.000000e+00   2.545853e-03   1.152767e-02  -1.155901e-02   0.000000e+00
 0.000000e+00   0.000000e+00   4.334084e-03   0.000000e+00   0.000000e+00   1.152767e-02   1.405594e-01  -8.197025e-02   0.000000e+00
 0.000000e+00   0.000000e+00  -3.944142e-03   0.000000e+00   0.000000e+00  -1.155901e-02  -8.197025e-02   1.054511e-01   0.000000e+00
-2.773246e-06   3.930732e-04   0.000000e+00   1.756914e-04   1.989942e-03   0.000000e+00   0.000000e+00   0.000000e+00   3.909617e-02

# timestamp: 1774889076.6514657
 8.949842e-04   1.508184e-05   0.000000e+00   2.410727e-04   2.414152e-05   0.000000e+00   0.000000e+00   0.000000e+00   1.766591e-05
 1.508184e-05   1.021628e-03   0.000000e+00   2.450837e-05   4.735579e-04   0.000000e+00   0.000000e+00   0.000000e+00   5.423535e-04
 0.000000e+00   0.000000e+00   1.392921e-03   0.000000e+00   0.000000e+00   1.290176e-03   5.222121e-03  -4.478971e-03   0.000000e+00
 2.410727e-04   2.450837e-05   0.000000e+00   3.929695e-04   4.519138e-05   0.000000e+00   0.000000e+00   0.000000e+00   1.217406e-04
 2.414152e-05   4.735579e-04   0.000000e+00   4.519138e-05   8.939112e-04   0.000000e+00   0.000000e+00   0.000000e+00   2.418925e-03
 0.000000e+00   0.000000e+00   1.290176e-03   0.000000e+00   0.000000e+00   2.752187e-03   1.287371e-02  -1.218196e-02   0.000000e+00
 0.000000e+00   0.000000e+00   5.222121e-03   0.000000e+00   0.000000e+00   1.287371e-02   1.569993e-01  -8.367725e-02   0.000000e+00
 0.000000e+00   0.000000e+00  -4.478971e-03   0.000000e+00   0.000000e+00  -1.218196e-02  -8.367725e-02   1.080271e-01   0.000000e+00
 1.766591e-05   5.423535e-04   0.000000e+00   1.217406e-04   2.418925e-03   0.000000e+00   0.000000e+00   0.000000e+00   4.528468e-02

# timestamp: 1774889076.905651
 8.294015e-04   1.186613e-05   0.000000e+00   2.226572e-04   1.958773e-05   0.000000e+00   0.000000e+00   0.000000e+00  -6.697385e-06
 1.186613e-05   9.373567e-04   0.000000e+00   1.972783e-05   4.327560e-04   0.000000e+00   0.000000e+00   0.000000e+00   4.271701e-04
 0.000000e+00   0.000000e+00   1.243093e-03   0.000000e+00   0.000000e+00   1.153749e-03   4.780642e-03  -3.948571e-03   0.000000e+00
 2.226572e-04   1.972783e-05   0.000000e+00   3.864746e-04   3.631096e-05   0.000000e+00   0.000000e+00   0.000000e+00   5.296793e-05
 1.958773e-05   4.327560e-04   0.000000e+00   3.631096e-05   8.639151e-04   0.000000e+00   0.000000e+00   0.000000e+00   2.122270e-03
 0.000000e+00   0.000000e+00   1.153749e-03   0.000000e+00   0.000000e+00   2.636233e-03   1.284776e-02  -1.166960e-02   0.000000e+00
 0.000000e+00   0.000000e+00   4.780642e-03   0.000000e+00   0.000000e+00   1.284776e-02   1.558175e-01  -8.561723e-02   0.000000e+00
 0.000000e+00   0.000000e+00  -3.948571e-03   0.000000e+00   0.000000e+00  -1.166960e-02  -8.561723e-02   1.044996e-01   0.000000e+00
-6.697385e-06   4.271701e-04   0.000000e+00   5.296793e-05   2.122270e-03   0.000000e+00   0.000000e+00   0.000000e+00   4.072813e-02

# timestamp: 1774889077.269183
 9.133268e-04   1.266683e-05   0.000000e+00   2.440087e-04   1.882607e-05   0.000000e+00   0.000000e+00   0.000000e+00   1.560835e-06
 1.266683e-05   1.048186e-03   0.000000e+00   1.968868e-05   4.865884e-04   0.000000e+00   0.000000e+00   0.000000e+00   5.629173e-04
 0.000000e+00   0.000000e+00   1.445973e-03   0.000000e+00   0.000000e+00   1.345673e-03   5.346791e-03  -4.941744e-03   0.000000e+00
 2.440087e-04   1.968868e-05   0.000000e+00   3.907934e-04   3.390430e-05   0.000000e+00   0.000000e+00   0.000000e+00   9.432364e-05
 1.882607e-05   4.865884e-04   0.000000e+00   3.390430e-05   8.965507e-04   0.000000e+00   0.000000e+00   0.000000e+00   2.388221e-03
 0.000000e+00   0.000000e+00   1.345673e-03   0.000000e+00   0.000000e+00   2.828352e-03   1.299642e-02  -1.318501e-02   0.000000e+00
 0.000000e+00   0.000000e+00   5.346791e-03   0.000000e+00   0.000000e+00   1.299642e-02   1.510585e-01  -8.750863e-02   0.000000e+00
 0.000000e+00   0.000000e+00  -4.941744e-03   0.000000e+00   0.000000e+00  -1.318501e-02  -8.750863e-02   1.199403e-01   0.000000e+00
 1.560835e-06   5.629173e-04   0.000000e+00   9.432364e-05   2.388221e-03   0.000000e+00   0.000000e+00   0.000000e+00   4.646210e-02

# timestamp: 1774889077.731826
 8.479781e-04   8.934377e-06   0.000000e+00   2.253884e-04   1.149544e-05   0.000000e+00   0.000000e+00   0.000000e+00  -5.944437e-05
 8.934377e-06   9.629939e-04   0.000000e+00   1.536836e-05   4.426852e-04   0.000000e+00   0.000000e+00   0.000000e+00   4.267678e-04
 0.000000e+00   0.000000e+00   1.315852e-03   0.000000e+00   0.000000e+00   1.263440e-03   4.811738e-03  -5.000470e-03   0.000000e+00
 2.253884e-04   1.536836e-05   0.000000e+00   3.844964e-04   2.892746e-05   0.000000e+00   0.000000e+00   0.000000e+00   8.779876e-05
 1.149544e-05   4.426852e-04   0.000000e+00   2.892746e-05   8.610250e-04   0.000000e+00   0.000000e+00   0.000000e+00   2.116241e-03
 0.000000e+00   0.000000e+00   1.263440e-03   0.000000e+00   0.000000e+00   2.853396e-03   1.238276e-02  -1.424970e-02   0.000000e+00
 0.000000e+00   0.000000e+00   4.811738e-03   0.000000e+00   0.000000e+00   1.238276e-02   1.319659e-01  -8.943722e-02   0.000000e+00
 0.000000e+00   0.000000e+00  -5.000470e-03   0.000000e+00   0.000000e+00  -1.424970e-02  -8.943722e-02   1.309958e-01   0.000000e+00
-5.944437e-05   4.267678e-04   0.000000e+00   8.779876e-05   2.116241e-03   0.000000e+00   0.000000e+00   0.000000e+00   4.186032e-02

# timestamp: 1774889077.9716685
 9.124372e-04   9.520322e-06   0.000000e+00   2.421543e-04   1.123348e-05   0.000000e+00   0.000000e+00   0.000000e+00  -7.170282e-05
 9.520322e-06   1.047466e-03   0.000000e+00   1.571045e-05   4.832760e-04   0.000000e+00   0.000000e+00   0.000000e+00   4.992413e-04
 0.000000e+00   0.000000e+00   1.488255e-03   0.000000e+00   0.000000e+00   1.456360e-03   5.372889e-03  -5.786290e-03   0.000000e+00
 2.421543e-04   1.571045e-05   0.000000e+00   3.883996e-04   2.796981e-05   0.000000e+00   0.000000e+00   0.000000e+00   7.857597e-05
 1.123348e-05   4.832760e-04   0.000000e+00   2.796981e-05   8.926503e-04   0.000000e+00   0.000000e+00   0.000000e+00   2.386632e-03
 0.000000e+00   0.000000e+00   1.456360e-03   0.000000e+00   0.000000e+00   3.130425e-03   1.301280e-02  -1.558205e-02   0.000000e+00
 0.000000e+00   0.000000e+00   5.372889e-03   0.000000e+00   0.000000e+00   1.301280e-02   1.333615e-01  -8.919570e-02   0.000000e+00
 0.000000e+00   0.000000e+00  -5.786290e-03   0.000000e+00   0.000000e+00  -1.558205e-02  -8.919570e-02   1.381257e-01   0.000000e+00
-7.170282e-05   4.992413e-04   0.000000e+00   7.857597e-05   2.386632e-03   0.000000e+00   0.000000e+00   0.000000e+00   4.636573e-02

# timestamp: 1774889078.3675418
 8.978727e-04   8.036044e-06   0.000000e+00   2.377518e-04   9.762472e-06   0.000000e+00   0.000000e+00   0.000000e+00  -6.105545e-05
 8.036044e-06   1.028596e-03   0.000000e+00   1.388752e-05   4.750395e-04   0.000000e+00   0.000000e+00   0.000000e+00   5.008382e-04
 0.000000e+00   0.000000e+00   1.473826e-03   0.000000e+00   0.000000e+00   1.482692e-03   5.251850e-03  -5.921339e-03   0.000000e+00
 2.377518e-04   1.388752e-05   0.000000e+00   3.864841e-04   2.575563e-05   0.000000e+00   0.000000e+00   0.000000e+00   8.364491e-05
 9.762472e-06   4.750395e-04   0.000000e+00   2.575563e-05   8.916509e-04   0.000000e+00   0.000000e+00   0.000000e+00   2.373263e-03
 0.000000e+00   0.000000e+00   1.482692e-03   0.000000e+00   0.000000e+00   3.264925e-03   1.303448e-02  -1.618930e-02   0.000000e+00
 0.000000e+00   0.000000e+00   5.251850e-03   0.000000e+00   0.000000e+00   1.303448e-02   1.280862e-01  -8.840216e-02   0.000000e+00
 0.000000e+00   0.000000e+00  -5.921339e-03   0.000000e+00   0.000000e+00  -1.618930e-02  -8.840216e-02   1.398042e-01   0.000000e+00
-6.105545e-05   5.008382e-04   0.000000e+00   8.364491e-05   2.373263e-03   0.000000e+00   0.000000e+00   0.000000e+00   4.524530e-02

# timestamp: 1774889078.5933988
 8.367418e-04   6.488331e-06   0.000000e+00   2.216466e-04   9.949003e-06   0.000000e+00   0.000000e+00   0.000000e+00  -1.759918e-06
 6.488331e-06   9.500739e-04   0.000000e+00   1.291932e-05   4.393962e-04   0.000000e+00   0.000000e+00   0.000000e+00   4.675415e-04
 0.000000e+00   0.000000e+00   1.331433e-03   0.000000e+00   0.000000e+00   1.360430e-03   4.481941e-03  -5.565570e-03   0.000000e+00
 2.216466e-04   1.291932e-05   0.000000e+00   3.823523e-04   2.821039e-05   0.000000e+00   0.000000e+00   0.000000e+00   1.489806e-04
 9.949003e-06   4.393962e-04   0.000000e+00   2.821039e-05   8.688674e-04   0.000000e+00   0.000000e+00   0.000000e+00   2.182370e-03
 0.000000e+00   0.000000e+00   1.360430e-03   0.000000e+00   0.000000e+00   3.185806e-03   1.199362e-02  -1.611246e-02   0.000000e+00
 0.000000e+00   0.000000e+00   4.481941e-03   0.000000e+00   0.000000e+00   1.199362e-02   1.149321e-01  -8.535385e-02   0.000000e+00
 0.000000e+00   0.000000e+00  -5.565570e-03   0.000000e+00   0.000000e+00  -1.611246e-02  -8.535385e-02   1.411496e-01   0.000000e+00
-1.759918e-06   4.675415e-04   0.000000e+00   1.489806e-04   2.182370e-03   0.000000e+00   0.000000e+00   0.000000e+00   4.155426e-02

# timestamp: 1774889078.8942308
 8.082037e-04   6.078682e-06   0.000000e+00   2.139579e-04   1.078753e-05   0.000000e+00   0.000000e+00   0.000000e+00   1.259423e-05
 6.078682e-06   9.139255e-04   0.000000e+00   1.364302e-05   4.233335e-04   0.000000e+00   0.000000e+00   0.000000e+00   4.338203e-04
 0.000000e+00   0.000000e+00   1.267432e-03   0.000000e+00   0.000000e+00   1.303952e-03   3.976276e-03  -5.401751e-03   0.000000e+00
 2.139579e-04   1.364302e-05   0.000000e+00   3.810516e-04   3.431137e-05   0.000000e+00   0.000000e+00   0.000000e+00   2.180348e-04
 1.078753e-05   4.233335e-04   0.000000e+00   3.431137e-05   8.621226e-04   0.000000e+00   0.000000e+00   0.000000e+00   2.089809e-03
 0.000000e+00   0.000000e+00   1.303952e-03   0.000000e+00   0.000000e+00   3.151709e-03   1.099052e-02  -1.618434e-02   0.000000e+00
 0.000000e+00   0.000000e+00   3.976276e-03   0.000000e+00   0.000000e+00   1.099052e-02   1.031889e-01  -8.138015e-02   0.000000e+00
 0.000000e+00   0.000000e+00  -5.401751e-03   0.000000e+00   0.000000e+00  -1.618434e-02  -8.138015e-02   1.439784e-01   0.000000e+00
 1.259423e-05   4.338203e-04   0.000000e+00   2.180348e-04   2.089809e-03   0.000000e+00   0.000000e+00   0.000000e+00   3.953183e-02

# timestamp: 1774889078.9597375
 9.027202e-04   7.840827e-06   0.000000e+00   2.390295e-04   1.334400e-05   0.000000e+00   0.000000e+00   0.000000e+00   2.829637e-05
 7.840827e-06   1.038004e-03   0.000000e+00   1.666984e-05   4.852820e-04   0.000000e+00   0.000000e+00   0.000000e+00   5.802370e-04
 0.000000e+00   0.000000e+00   1.518374e-03   0.000000e+00   0.000000e+00   1.563939e-03   4.707715e-03  -6.488161e-03   0.000000e+00
 2.390295e-04   1.666984e-05   0.000000e+00   3.881821e-04   3.937031e-05   0.000000e+00   0.000000e+00   0.000000e+00   2.731745e-04
 1.334400e-05   4.852820e-04   0.000000e+00   3.937031e-05   9.086681e-04   0.000000e+00   0.000000e+00   0.000000e+00   2.469970e-03
 0.000000e+00   0.000000e+00   1.563939e-03   0.000000e+00   0.000000e+00   3.424673e-03   1.157022e-02  -1.737969e-02   0.000000e+00
 0.000000e+00   0.000000e+00   4.707715e-03   0.000000e+00   0.000000e+00   1.157022e-02   1.096943e-01  -8.138015e-02   0.000000e+00
 0.000000e+00   0.000000e+00  -6.488161e-03   0.000000e+00   0.000000e+00  -1.737969e-02  -8.138015e-02   1.504837e-01   0.000000e+00
 2.829637e-05   5.802370e-04   0.000000e+00   2.731745e-04   2.469970e-03   0.000000e+00   0.000000e+00   0.000000e+00   4.603718e-02

# timestamp: 1774889079.2313673
 8.608535e-04   8.132066e-06   0.000000e+00   2.278830e-04   1.380197e-05   0.000000e+00   0.000000e+00   0.000000e+00  -3.071132e-05
 8.132066e-06   9.818794e-04   0.000000e+00   1.712774e-05   4.555134e-04   0.000000e+00   0.000000e+00   0.000000e+00   4.298422e-04
 0.000000e+00   0.000000e+00   1.394038e-03   0.000000e+00   0.000000e+00   1.423991e-03   4.161481e-03  -5.785282e-03   0.000000e+00
 2.278830e-04   1.712774e-05   0.000000e+00   3.858404e-04   4.303466e-05   0.000000e+00   0.000000e+00   0.000000e+00   2.587499e-04
 1.380197e-05   4.555134e-04   0.000000e+00   4.303466e-05   8.856271e-04   0.000000e+00   0.000000e+00   0.000000e+00   2.225245e-03
 0.000000e+00   0.000000e+00   1.423991e-03   0.000000e+00   0.000000e+00   3.267151e-03   1.072322e-02  -1.663885e-02   0.000000e+00
 0.000000e+00   0.000000e+00   4.161481e-03   0.000000e+00   0.000000e+00   1.072322e-02   1.014026e-01  -7.832931e-02   0.000000e+00
 0.000000e+00   0.000000e+00  -5.785282e-03   0.000000e+00   0.000000e+00  -1.663885e-02  -7.832931e-02   1.480445e-01   0.000000e+00
-3.071132e-05   4.298422e-04   0.000000e+00   2.587499e-04   2.225245e-03   0.000000e+00   0.000000e+00   0.000000e+00   4.282663e-02

# timestamp: 1774889079.281647
 8.573970e-04   1.743602e-05   0.000000e+00   2.300834e-04   4.229313e-05   0.000000e+00   0.000000e+00   0.000000e+00   4.782121e-04
 1.743602e-05   9.814948e-04   0.000000e+00   2.205796e-05   4.733057e-04   0.000000e+00   0.000000e+00   0.000000e+00   8.089242e-04
 0.000000e+00   0.000000e+00   1.381221e-03   0.000000e+00   0.000000e+00   1.422736e-03   3.170378e-03  -6.139299e-03   0.000000e+00
 2.300834e-04   2.205796e-05   0.000000e+00   3.873352e-04   5.223665e-05   0.000000e+00   0.000000e+00   0.000000e+00   3.938349e-04
 4.229313e-05   4.733057e-04   0.000000e+00   5.223665e-05   9.021347e-04   0.000000e+00   0.000000e+00   0.000000e+00   2.398454e-03
 0.000000e+00   0.000000e+00   1.422736e-03   0.000000e+00   0.000000e+00   3.278907e-03   9.694256e-03  -1.707344e-02   0.000000e+00
 0.000000e+00   0.000000e+00   3.170378e-03   0.000000e+00   0.000000e+00   9.694256e-03   9.481502e-02  -7.508771e-02   0.000000e+00
 0.000000e+00   0.000000e+00  -6.139299e-03   0.000000e+00   0.000000e+00  -1.707344e-02  -7.508771e-02   1.517355e-01   0.000000e+00
 4.782121e-04   8.089242e-04   0.000000e+00   3.938349e-04   2.398454e-03   0.000000e+00   0.000000e+00   0.000000e+00   4.284327e-02

# timestamp: 1774889079.6930845
 7.892801e-04   7.612449e-06   0.000000e+00   2.090499e-04   1.383424e-05   0.000000e+00   0.000000e+00   0.000000e+00  -2.068710e-05
 7.612449e-06   8.903687e-04   0.000000e+00   1.727488e-05   4.111377e-04   0.000000e+00   0.000000e+00   0.000000e+00   3.909270e-04
 0.000000e+00   0.000000e+00   1.219117e-03   0.000000e+00   0.000000e+00   1.238953e-03   2.635338e-03  -5.280964e-03   0.000000e+00
 2.090499e-04   1.727488e-05   0.000000e+00   3.809160e-04   4.347187e-05   0.000000e+00   0.000000e+00   0.000000e+00   2.178847e-04
 1.383424e-05   4.111377e-04   0.000000e+00   4.347187e-05   8.410800e-04   0.000000e+00   0.000000e+00   0.000000e+00   1.890800e-03
 0.000000e+00   0.000000e+00   1.238953e-03   0.000000e+00   0.000000e+00   3.031124e-03   7.258890e-03  -1.621014e-02   0.000000e+00
 0.000000e+00   0.000000e+00   2.635338e-03   0.000000e+00   0.000000e+00   7.258890e-03   6.713786e-02  -5.709220e-02   0.000000e+00
 0.000000e+00   0.000000e+00  -5.280964e-03   0.000000e+00   0.000000e+00  -1.621014e-02  -5.709220e-02   1.545587e-01   0.000000e+00
-2.068710e-05   3.909270e-04   0.000000e+00   2.178847e-04   1.890800e-03   0.000000e+00   0.000000e+00   0.000000e+00   3.820853e-02

# timestamp: 1774889080.0207307
 8.356797e-04   9.369228e-06   0.000000e+00   2.215140e-04   1.729104e-05   0.000000e+00   0.000000e+00   0.000000e+00  -3.850415e-05
 9.369228e-06   9.512055e-04   0.000000e+00   2.515302e-05   4.433923e-04   0.000000e+00   0.000000e+00   0.000000e+00   5.465139e-04
 0.000000e+00   0.000000e+00   1.289532e-03   0.000000e+00   0.000000e+00   1.220765e-03   8.245297e-04  -4.867091e-03   0.000000e+00
 2.215140e-04   2.515302e-05   0.000000e+00   3.899411e-04   6.392497e-05   0.000000e+00   0.000000e+00   0.000000e+00   4.686676e-04
 1.729104e-05   4.433923e-04   0.000000e+00   6.392497e-05   8.571968e-04   0.000000e+00   0.000000e+00   0.000000e+00   2.085063e-03
 0.000000e+00   0.000000e+00   1.220765e-03   0.000000e+00   0.000000e+00   2.748419e-03   1.338603e-03  -1.390876e-02   0.000000e+00
 0.000000e+00   0.000000e+00   8.245297e-04   0.000000e+00   0.000000e+00   1.338603e-03   4.477088e-02  -7.910570e-03   0.000000e+00
 0.000000e+00   0.000000e+00  -4.867091e-03   0.000000e+00   0.000000e+00  -1.390876e-02  -7.910570e-03   1.371449e-01   0.000000e+00
-3.850415e-05   5.465139e-04   0.000000e+00   4.686676e-04   2.085063e-03   0.000000e+00   0.000000e+00   0.000000e+00   4.116802e-02

# timestamp: 1774889080.3695078
 8.972033e-04   1.375002e-05   0.000000e+00   2.404692e-04   2.702370e-05   0.000000e+00   0.000000e+00   0.000000e+00   3.015551e-05
 1.375002e-05   1.028462e-03   0.000000e+00   3.561618e-05   4.742516e-04   0.000000e+00   0.000000e+00   0.000000e+00   5.660260e-04
 0.000000e+00   0.000000e+00   1.386731e-03   0.000000e+00   0.000000e+00   1.267693e-03  -4.047498e-04  -4.750971e-03   0.000000e+00
 2.404692e-04   3.561618e-05   0.000000e+00   4.063463e-04   9.083569e-05   0.000000e+00   0.000000e+00   0.000000e+00   7.245751e-04
 2.702370e-05   4.742516e-04   0.000000e+00   9.083569e-05   8.654180e-04   0.000000e+00   0.000000e+00   0.000000e+00   2.211128e-03
 0.000000e+00   0.000000e+00   1.267693e-03   0.000000e+00   0.000000e+00   2.763051e-03  -2.170919e-03  -1.370256e-02   0.000000e+00
 0.000000e+00   0.000000e+00  -4.047498e-04   0.000000e+00   0.000000e+00  -2.170919e-03   5.025091e-02   1.678890e-02   0.000000e+00
 0.000000e+00   0.000000e+00  -4.750971e-03   0.000000e+00   0.000000e+00  -1.370256e-02   1.678890e-02   1.354455e-01   0.000000e+00
 3.015551e-05   5.660260e-04   0.000000e+00   7.245751e-04   2.211128e-03   0.000000e+00   0.000000e+00   0.000000e+00   4.532142e-02

# timestamp: 1774889080.722318
 8.825162e-04   2.165191e-05   0.000000e+00   2.487334e-04   6.226393e-05   0.000000e+00   0.000000e+00   0.000000e+00   6.554775e-04
 2.165191e-05   9.875113e-04   0.000000e+00   3.958525e-05   4.426632e-04   0.000000e+00   0.000000e+00   0.000000e+00   3.895508e-04
 0.000000e+00   0.000000e+00   1.350230e-03   0.000000e+00   0.000000e+00   1.286571e-03  -1.803383e-03  -4.995100e-03   0.000000e+00
 2.487334e-04   3.958525e-05   0.000000e+00   4.164612e-04   1.088194e-04   0.000000e+00   0.000000e+00   0.000000e+00   8.530527e-04
 6.226393e-05   4.426632e-04   0.000000e+00   1.088194e-04   8.329771e-04   0.000000e+00   0.000000e+00   0.000000e+00   2.036393e-03
 0.000000e+00   0.000000e+00   1.286571e-03   0.000000e+00   0.000000e+00   2.944857e-03  -4.135676e-03  -1.525059e-02   0.000000e+00
 0.000000e+00   0.000000e+00  -1.803383e-03   0.000000e+00   0.000000e+00  -4.135676e-03   5.029610e-02   2.614267e-02   0.000000e+00
 0.000000e+00   0.000000e+00  -4.995100e-03   0.000000e+00   0.000000e+00  -1.525059e-02   2.614267e-02   1.497823e-01   0.000000e+00
 6.554775e-04   3.895508e-04   0.000000e+00   8.530527e-04   2.036393e-03   0.000000e+00   0.000000e+00   0.000000e+00   4.350828e-02

# timestamp: 1774889081.0257516
 8.354847e-04   1.806343e-05   0.000000e+00   2.292403e-04   3.831532e-05   0.000000e+00   0.000000e+00   0.000000e+00   9.580561e-05
 1.806343e-05   9.378185e-04   0.000000e+00   4.108332e-05   4.189177e-04   0.000000e+00   0.000000e+00   0.000000e+00   4.222258e-04
 0.000000e+00   0.000000e+00   1.266447e-03   0.000000e+00   0.000000e+00   1.239885e-03  -5.733834e-04  -5.203056e-03   0.000000e+00
 2.292403e-04   4.108332e-05   0.000000e+00   4.090436e-04   1.025169e-04   0.000000e+00   0.000000e+00   0.000000e+00   5.852141e-04
 3.831532e-05   4.189177e-04   0.000000e+00   1.025169e-04   8.065598e-04   0.000000e+00   0.000000e+00   0.000000e+00   1.906704e-03
 0.000000e+00   0.000000e+00   1.239885e-03   0.000000e+00   0.000000e+00   3.002444e-03  -2.077513e-03  -1.634590e-02   0.000000e+00
 0.000000e+00   0.000000e+00  -5.733834e-04   0.000000e+00   0.000000e+00  -2.077513e-03   4.282705e-02   1.198233e-02   0.000000e+00
 0.000000e+00   0.000000e+00  -5.203056e-03   0.000000e+00   0.000000e+00  -1.634590e-02   1.198233e-02   1.614928e-01   0.000000e+00
 9.580561e-05   4.222258e-04   0.000000e+00   5.852141e-04   1.906704e-03   0.000000e+00   0.000000e+00   0.000000e+00   4.129767e-02

# timestamp: 1774889081.2545907
 8.934468e-04   2.334509e-05   0.000000e+00   2.470996e-04   4.648797e-05   0.000000e+00   0.000000e+00   0.000000e+00   1.397410e-04
 2.334509e-05   1.009060e-03   0.000000e+00   4.822263e-05   4.504400e-04   0.000000e+00   0.000000e+00   0.000000e+00   5.025767e-04
 0.000000e+00   0.000000e+00   1.433905e-03   0.000000e+00   0.000000e+00   1.449615e-03  -5.285543e-04  -6.292370e-03   0.000000e+00
 2.470996e-04   4.822263e-05   0.000000e+00   4.159177e-04   1.108150e-04   0.000000e+00   0.000000e+00   0.000000e+00   6.436350e-04
 4.648797e-05   4.504400e-04   0.000000e+00   1.108150e-04   8.234480e-04   0.000000e+00   0.000000e+00   0.000000e+00   2.118177e-03
 0.000000e+00   0.000000e+00   1.449615e-03   0.000000e+00   0.000000e+00   3.307922e-03  -1.718180e-03  -1.810110e-02   0.000000e+00
 0.000000e+00   0.000000e+00  -5.285543e-04   0.000000e+00   0.000000e+00  -1.718180e-03   4.618326e-02   7.809616e-03   0.000000e+00
 0.000000e+00   0.000000e+00  -6.292370e-03   0.000000e+00   0.000000e+00  -1.810110e-02   7.809616e-03   1.724254e-01   0.000000e+00
 1.397410e-04   5.025767e-04   0.000000e+00   6.436350e-04   2.118177e-03   0.000000e+00   0.000000e+00   0.000000e+00   4.547800e-02

# timestamp: 1774889081.2859912
 9.599583e-04   2.775154e-05   0.000000e+00   2.657919e-04   5.229409e-05   0.000000e+00   0.000000e+00   0.000000e+00   1.691854e-04
 2.775154e-05   1.094328e-03   0.000000e+00   5.408561e-05   4.900682e-04   0.000000e+00   0.000000e+00   0.000000e+00   5.995233e-04
 0.000000e+00   0.000000e+00   1.612916e-03   0.000000e+00   0.000000e+00   1.634684e-03  -6.058911e-04  -7.102480e-03   0.000000e+00
 2.657919e-04   5.408561e-05   0.000000e+00   4.224470e-04   1.178788e-04   0.000000e+00   0.000000e+00   0.000000e+00   7.193118e-04
 5.229409e-05   4.900682e-04   0.000000e+00   1.178788e-04   8.512410e-04   0.000000e+00   0.000000e+00   0.000000e+00   2.370282e-03
 0.000000e+00   0.000000e+00   1.634684e-03   0.000000e+00   0.000000e+00   3.511557e-03  -1.835702e-03  -1.902769e-02   0.000000e+00
 0.000000e+00   0.000000e+00  -6.058911e-04   0.000000e+00   0.000000e+00  -1.835702e-03   5.057993e-02   7.809616e-03   0.000000e+00
 0.000000e+00   0.000000e+00  -7.102480e-03   0.000000e+00   0.000000e+00  -1.902769e-02   7.809616e-03   1.768221e-01   0.000000e+00
 1.691854e-04   5.995233e-04   0.000000e+00   7.193118e-04   2.370282e-03   0.000000e+00   0.000000e+00   0.000000e+00   4.987468e-02

# timestamp: 1774889081.3389778
 8.576160e-04   2.191279e-05   0.000000e+00   2.372692e-04   4.493176e-05   0.000000e+00   0.000000e+00   0.000000e+00   1.298769e-04
 2.191279e-05   9.622168e-04   0.000000e+00   4.617413e-05   4.274137e-04   0.000000e+00   0.000000e+00   0.000000e+00   4.522660e-04
 0.000000e+00   0.000000e+00   1.347640e-03   0.000000e+00   0.000000e+00   1.371387e-03  -4.031766e-04  -5.981424e-03   0.000000e+00
 2.372692e-04   4.617413e-05   0.000000e+00   4.129753e-04   1.090594e-04   0.000000e+00   0.000000e+00   0.000000e+00   6.045809e-04
 4.493176e-05   4.274137e-04   0.000000e+00   1.090594e-04   8.084307e-04   0.000000e+00   0.000000e+00   0.000000e+00   2.001923e-03
 0.000000e+00   0.000000e+00   1.371387e-03   0.000000e+00   0.000000e+00   3.256306e-03  -1.384523e-03  -1.797700e-02   0.000000e+00
 0.000000e+00   0.000000e+00  -4.031766e-04   0.000000e+00   0.000000e+00  -1.384523e-03   4.306730e-02   5.512119e-03   0.000000e+00
 0.000000e+00   0.000000e+00  -5.981424e-03   0.000000e+00   0.000000e+00  -1.797700e-02   5.512119e-03   1.725420e-01   0.000000e+00
 1.298769e-04   4.522660e-04   0.000000e+00   6.045809e-04   2.001923e-03   0.000000e+00   0.000000e+00   0.000000e+00   4.263570e-02

# timestamp: 1774889081.5555413
 8.965995e-04   2.587489e-05   0.000000e+00   2.488927e-04   5.003715e-05   0.000000e+00   0.000000e+00   0.000000e+00   1.220310e-04
 2.587489e-05   1.009095e-03   0.000000e+00   5.158397e-05   4.485168e-04   0.000000e+00   0.000000e+00   0.000000e+00   5.134791e-04
 0.000000e+00   0.000000e+00   1.466635e-03   0.000000e+00   0.000000e+00   1.521183e-03  -5.958721e-05  -6.700075e-03   0.000000e+00
 2.488927e-04   5.158397e-05   0.000000e+00   4.177599e-04   1.159835e-04   0.000000e+00   0.000000e+00   0.000000e+00   6.416577e-04
 5.003715e-05   4.485168e-04   0.000000e+00   1.159835e-04   8.241776e-04   0.000000e+00   0.000000e+00   0.000000e+00   2.164913e-03
 0.000000e+00   0.000000e+00   1.521183e-03   0.000000e+00   0.000000e+00   3.472915e-03  -4.437065e-04  -1.904788e-02   0.000000e+00
 0.000000e+00   0.000000e+00  -5.958721e-05   0.000000e+00   0.000000e+00  -4.437065e-04   4.553021e-02  -2.630453e-03   0.000000e+00
 0.000000e+00   0.000000e+00  -6.700075e-03   0.000000e+00   0.000000e+00  -1.904788e-02  -2.630453e-03   1.778040e-01   0.000000e+00
 1.220310e-04   5.134791e-04   0.000000e+00   6.416577e-04   2.164913e-03   0.000000e+00   0.000000e+00   0.000000e+00   4.525422e-02

# timestamp: 1774889081.5775356
 7.899779e-04   1.977426e-05   0.000000e+00   2.190287e-04   4.222682e-05   0.000000e+00   0.000000e+00   0.000000e+00   9.175325e-05
 1.977426e-05   8.752314e-04   0.000000e+00   4.329736e-05   3.857946e-04   0.000000e+00   0.000000e+00   0.000000e+00   3.757979e-04
 0.000000e+00   0.000000e+00   1.202940e-03   0.000000e+00   0.000000e+00   1.249209e-03   1.813621e-05  -5.510224e-03   0.000000e+00
 2.190287e-04   4.329736e-05   0.000000e+00   4.080266e-04   1.071203e-04   0.000000e+00   0.000000e+00   0.000000e+00   5.380186e-04
 4.222682e-05   3.857946e-04   0.000000e+00   1.071203e-04   7.815443e-04   0.000000e+00   0.000000e+00   0.000000e+00   1.796594e-03
 0.000000e+00   0.000000e+00   1.249209e-03   0.000000e+00   0.000000e+00   3.192454e-03  -1.698518e-04  -1.782933e-02   0.000000e+00
 0.000000e+00   0.000000e+00   1.813621e-05   0.000000e+00   0.000000e+00  -1.698518e-04   3.836316e-02  -4.074016e-03   0.000000e+00
 0.000000e+00   0.000000e+00  -5.510224e-03   0.000000e+00   0.000000e+00  -1.782933e-02  -4.074016e-03   1.725875e-01   0.000000e+00
 9.175325e-05   3.757979e-04   0.000000e+00   5.380186e-04   1.796594e-03   0.000000e+00   0.000000e+00   0.000000e+00   3.806380e-02

# timestamp: 1774889081.6626186
 9.014642e-04   2.697087e-05   0.000000e+00   2.508181e-04   5.177491e-05   0.000000e+00   0.000000e+00   0.000000e+00   1.368047e-04
 2.697087e-05   1.014438e-03   0.000000e+00   5.328515e-05   4.506661e-04   0.000000e+00   0.000000e+00   0.000000e+00   5.238350e-04
 0.000000e+00   0.000000e+00   1.490674e-03   0.000000e+00   0.000000e+00   1.559322e-03   2.151979e-06  -6.912690e-03   0.000000e+00
 2.508181e-04   5.328515e-05   0.000000e+00   4.195585e-04   1.190536e-04   0.000000e+00   0.000000e+00   0.000000e+00   6.764812e-04
 5.177491e-05   4.506661e-04   0.000000e+00   1.190536e-04   8.249700e-04   0.000000e+00   0.000000e+00   0.000000e+00   2.180454e-03
 0.000000e+00   0.000000e+00   1.559322e-03   0.000000e+00   0.000000e+00   3.537960e-03  -2.724723e-04  -1.941564e-02   0.000000e+00
 0.000000e+00   0.000000e+00   2.151979e-06   0.000000e+00   0.000000e+00  -2.724723e-04   4.594923e-02  -4.074016e-03   0.000000e+00
 0.000000e+00   0.000000e+00  -6.912690e-03   0.000000e+00   0.000000e+00  -1.941564e-02  -4.074016e-03   1.801736e-01   0.000000e+00
 1.368047e-04   5.238350e-04   0.000000e+00   6.764812e-04   2.180454e-03   0.000000e+00   0.000000e+00   0.000000e+00   4.564987e-02

# timestamp: 1774889081.9218993
 8.482689e-04   2.485661e-05   0.000000e+00   2.365026e-04   4.895253e-05   0.000000e+00   0.000000e+00   0.000000e+00   6.472350e-05
 2.485661e-05   9.444715e-04   0.000000e+00   5.195951e-05   4.164653e-04   0.000000e+00   0.000000e+00   0.000000e+00   4.594098e-04
 0.000000e+00   0.000000e+00   1.369967e-03   0.000000e+00   0.000000e+00   1.454701e-03  -9.345852e-05  -6.519239e-03   0.000000e+00
 2.365026e-04   5.195951e-05   0.000000e+00   4.186882e-04   1.213578e-04   0.000000e+00   0.000000e+00   0.000000e+00   6.794343e-04
 4.895253e-05   4.164653e-04   0.000000e+00   1.213578e-04   7.979902e-04   0.000000e+00   0.000000e+00   0.000000e+00   1.957623e-03
 0.000000e+00   0.000000e+00   1.454701e-03   0.000000e+00   0.000000e+00   3.467861e-03  -8.055106e-04  -1.917714e-02   0.000000e+00
 0.000000e+00   0.000000e+00  -9.345852e-05   0.000000e+00   0.000000e+00  -8.055106e-04   4.187120e-02   1.844715e-03   0.000000e+00
 0.000000e+00   0.000000e+00  -6.519239e-03   0.000000e+00   0.000000e+00  -1.917714e-02   1.844715e-03   1.796481e-01   0.000000e+00
 6.472350e-05   4.594098e-04   0.000000e+00   6.794343e-04   1.957623e-03   0.000000e+00   0.000000e+00   0.000000e+00   4.165024e-02

# timestamp: 1774889081.9668999
 9.215158e-04   3.013528e-05   0.000000e+00   2.574549e-04   5.555432e-05   0.000000e+00   0.000000e+00   0.000000e+00   1.002123e-04
 3.013528e-05   1.036393e-03   0.000000e+00   5.937032e-05   4.590478e-04   0.000000e+00   0.000000e+00   0.000000e+00   5.602581e-04
 0.000000e+00   0.000000e+00   1.571679e-03   0.000000e+00   0.000000e+00   1.668720e-03  -1.353461e-04  -7.479901e-03   0.000000e+00
 2.574549e-04   5.937032e-05   0.000000e+00   4.272167e-04   1.305464e-04   0.000000e+00   0.000000e+00   0.000000e+00   7.894886e-04
 5.555432e-05   4.590478e-04   0.000000e+00   1.305464e-04   8.258588e-04   0.000000e+00   0.000000e+00   0.000000e+00   2.203654e-03
 0.000000e+00   0.000000e+00   1.668720e-03   0.000000e+00   0.000000e+00   3.694506e-03  -9.263025e-04  -2.019012e-02   0.000000e+00
 0.000000e+00   0.000000e+00  -1.353461e-04   0.000000e+00   0.000000e+00  -9.263025e-04   4.677447e-02   1.844715e-03   0.000000e+00
 0.000000e+00   0.000000e+00  -7.479901e-03   0.000000e+00   0.000000e+00  -2.019012e-02   1.844715e-03   1.845513e-01   0.000000e+00
 1.002123e-04   5.602581e-04   0.000000e+00   7.894886e-04   2.203654e-03   0.000000e+00   0.000000e+00   0.000000e+00   4.655351e-02

# timestamp: 1774889082.3016238
 8.869465e-04   3.280569e-05   0.000000e+00   2.607573e-04   8.076646e-05   0.000000e+00   0.000000e+00   0.000000e+00   6.593914e-04
 3.280569e-05   9.733961e-04   0.000000e+00   5.764670e-05   4.195819e-04   0.000000e+00   0.000000e+00   0.000000e+00   3.163355e-04
 0.000000e+00   0.000000e+00   1.416269e-03   0.000000e+00   0.000000e+00   1.459106e-03  -1.807858e-03  -5.856728e-03   0.000000e+00
 2.607573e-04   5.764670e-05   0.000000e+00   4.386289e-04   1.431500e-04   0.000000e+00   0.000000e+00   0.000000e+00   1.013270e-03
 8.076646e-05   4.195819e-04   0.000000e+00   1.431500e-04   7.894372e-04   0.000000e+00   0.000000e+00   0.000000e+00   1.927012e-03
 0.000000e+00   0.000000e+00   1.459106e-03   0.000000e+00   0.000000e+00   3.386653e-03  -4.200321e-03  -1.764545e-02   0.000000e+00
 0.000000e+00   0.000000e+00  -1.807858e-03   0.000000e+00   0.000000e+00  -4.200321e-03   4.940283e-02   2.471931e-02   0.000000e+00
 0.000000e+00   0.000000e+00  -5.856728e-03   0.000000e+00   0.000000e+00  -1.764545e-02   2.471931e-02   1.649753e-01   0.000000e+00
 6.593914e-04   3.163355e-04   0.000000e+00   1.013270e-03   1.927012e-03   0.000000e+00   0.000000e+00   0.000000e+00   4.384821e-02

# timestamp: 1774889082.5426052
 8.933496e-04   3.219708e-05   0.000000e+00   2.545652e-04   6.055417e-05   0.000000e+00   0.000000e+00   0.000000e+00   1.506315e-04
 3.219708e-05   9.944644e-04   0.000000e+00   6.598882e-05   4.324045e-04   0.000000e+00   0.000000e+00   0.000000e+00   4.980947e-04
 0.000000e+00   0.000000e+00   1.482729e-03   0.000000e+00   0.000000e+00   1.549287e-03  -1.570969e-03  -6.577895e-03   0.000000e+00
 2.545652e-04   6.598882e-05   0.000000e+00   4.433098e-04   1.475239e-04   0.000000e+00   0.000000e+00   0.000000e+00   9.795715e-04
 6.055417e-05   4.324045e-04   0.000000e+00   1.475239e-04   7.823333e-04   0.000000e+00   0.000000e+00   0.000000e+00   1.916219e-03
 0.000000e+00   0.000000e+00   1.549287e-03   0.000000e+00   0.000000e+00   3.479743e-03  -4.921400e-03  -1.813522e-02   0.000000e+00
 0.000000e+00   0.000000e+00  -1.570969e-03   0.000000e+00   0.000000e+00  -4.921400e-03   5.368264e-02   3.201572e-02   0.000000e+00
 0.000000e+00   0.000000e+00  -6.577895e-03   0.000000e+00   0.000000e+00  -1.813522e-02   3.201572e-02   1.665639e-01   0.000000e+00
 1.506315e-04   4.980947e-04   0.000000e+00   9.795715e-04   1.916219e-03   0.000000e+00   0.000000e+00   0.000000e+00   4.482647e-02

# timestamp: 1774889082.5610812
 9.128586e-04   3.385317e-05   0.000000e+00   2.604197e-04   6.266831e-05   0.000000e+00   0.000000e+00   0.000000e+00   1.633628e-04
 3.385317e-05   1.018613e-03   0.000000e+00   6.831052e-05   4.431701e-04   0.000000e+00   0.000000e+00   0.000000e+00   5.229584e-04
 0.000000e+00   0.000000e+00   1.536152e-03   0.000000e+00   0.000000e+00   1.604238e-03  -1.634617e-03  -6.812208e-03   0.000000e+00
 2.604197e-04   6.831052e-05   0.000000e+00   4.461922e-04   1.503577e-04   0.000000e+00   0.000000e+00   0.000000e+00   1.016164e-03
 6.266831e-05   4.431701e-04   0.000000e+00   1.503577e-04   7.886093e-04   0.000000e+00   0.000000e+00   0.000000e+00   1.974928e-03
 0.000000e+00   0.000000e+00   1.604238e-03   0.000000e+00   0.000000e+00   3.535770e-03  -5.006114e-03  -1.837558e-02   0.000000e+00
 0.000000e+00   0.000000e+00  -1.634617e-03   0.000000e+00   0.000000e+00  -5.006114e-03   5.497044e-02   3.201572e-02   0.000000e+00
 0.000000e+00   0.000000e+00  -6.812208e-03   0.000000e+00   0.000000e+00  -1.837558e-02   3.201572e-02   1.678517e-01   0.000000e+00
 1.633628e-04   5.229584e-04   0.000000e+00   1.016164e-03   1.974928e-03   0.000000e+00   0.000000e+00   0.000000e+00   4.611427e-02

# timestamp: 1774889082.5967922
 8.439969e-04   2.873169e-05   0.000000e+00   2.408385e-04   5.657920e-05   0.000000e+00   0.000000e+00   0.000000e+00   1.295309e-04
 2.873169e-05   9.320545e-04   0.000000e+00   6.112434e-05   4.017146e-04   0.000000e+00   0.000000e+00   0.000000e+00   4.068820e-04
 0.000000e+00   0.000000e+00   1.341097e-03   0.000000e+00   0.000000e+00   1.390765e-03  -1.508117e-03  -5.822508e-03   0.000000e+00
 2.408385e-04   6.112434e-05   0.000000e+00   4.399371e-04   1.434271e-04   0.000000e+00   0.000000e+00   0.000000e+00   9.207196e-04
 5.657920e-05   4.017146e-04   0.000000e+00   1.434271e-04   7.589177e-04   0.000000e+00   0.000000e+00   0.000000e+00   1.728319e-03
 0.000000e+00   0.000000e+00   1.390765e-03   0.000000e+00   0.000000e+00   3.299951e-03  -5.024095e-03  -1.726705e-02   0.000000e+00
 0.000000e+00   0.000000e+00  -1.508117e-03   0.000000e+00   0.000000e+00  -5.024095e-03   5.138439e-02   3.414130e-02   0.000000e+00
 0.000000e+00   0.000000e+00  -5.822508e-03   0.000000e+00   0.000000e+00  -1.726705e-02   3.414130e-02   1.622234e-01   0.000000e+00
 1.295309e-04   4.068820e-04   0.000000e+00   9.207196e-04   1.728319e-03   0.000000e+00   0.000000e+00   0.000000e+00   4.137554e-02

# timestamp: 1774889082.635237
 8.698449e-04   3.082060e-05   0.000000e+00   2.486607e-04   5.932100e-05   0.000000e+00   0.000000e+00   0.000000e+00   1.457042e-04
 3.082060e-05   9.635872e-04   0.000000e+00   6.410076e-05   4.156546e-04   0.000000e+00   0.000000e+00   0.000000e+00   4.371735e-04
 0.000000e+00   0.000000e+00   1.407819e-03   0.000000e+00   0.000000e+00   1.460243e-03  -1.595788e-03  -6.123470e-03   0.000000e+00
 2.486607e-04   6.410076e-05   0.000000e+00   4.437494e-04   1.469533e-04   0.000000e+00   0.000000e+00   0.000000e+00   9.676788e-04
 5.932100e-05   4.156546e-04   0.000000e+00   1.469533e-04   7.665798e-04   0.000000e+00   0.000000e+00   0.000000e+00   1.800038e-03
 0.000000e+00   0.000000e+00   1.460243e-03   0.000000e+00   0.000000e+00   3.371402e-03  -5.139415e-03  -1.757933e-02   0.000000e+00
 0.000000e+00   0.000000e+00  -1.595788e-03   0.000000e+00   0.000000e+00  -5.139415e-03   5.311984e-02   3.414130e-02   0.000000e+00
 0.000000e+00   0.000000e+00  -6.123470e-03   0.000000e+00   0.000000e+00  -1.757933e-02   3.414130e-02   1.639588e-01   0.000000e+00
 1.457042e-04   4.371735e-04   0.000000e+00   9.676788e-04   1.800038e-03   0.000000e+00   0.000000e+00   0.000000e+00   4.311099e-02

# timestamp: 1774889082.89347
 8.837761e-04   3.324864e-05   0.000000e+00   2.701247e-04   8.446195e-05   0.000000e+00   0.000000e+00   0.000000e+00   7.643704e-04
 3.324864e-05   9.572898e-04   0.000000e+00   6.131757e-05   3.970184e-04   0.000000e+00   0.000000e+00   0.000000e+00   1.329208e-04
 0.000000e+00   0.000000e+00   1.392267e-03   0.000000e+00   0.000000e+00   1.414187e-03  -2.842566e-03  -5.266518e-03   0.000000e+00
 2.701247e-04   6.131757e-05   0.000000e+00   4.653490e-04   1.595183e-04   0.000000e+00   0.000000e+00   0.000000e+00   1.251401e-03
 8.446195e-05   3.970184e-04   0.000000e+00   1.595183e-04   7.397994e-04   0.000000e+00   0.000000e+00   0.000000e+00   1.631985e-03
 0.000000e+00   0.000000e+00   1.414187e-03   0.000000e+00   0.000000e+00   3.279796e-03  -7.100510e-03  -1.634650e-02   0.000000e+00
 0.000000e+00   0.000000e+00  -2.842566e-03   0.000000e+00   0.000000e+00  -7.100510e-03   6.089831e-02   4.375763e-02   0.000000e+00
 0.000000e+00   0.000000e+00  -5.266518e-03   0.000000e+00   0.000000e+00  -1.634650e-02   4.375763e-02   1.550083e-01   0.000000e+00
 7.643704e-04   1.329208e-04   0.000000e+00   1.251401e-03   1.631985e-03   0.000000e+00   0.000000e+00   0.000000e+00   4.339391e-02

# timestamp: 1774889082.9300728
 8.743230e-04   3.363685e-05   0.000000e+00   2.554637e-04   6.531702e-05   0.000000e+00   0.000000e+00   0.000000e+00   1.994086e-04
 3.363685e-05   9.639134e-04   0.000000e+00   7.049018e-05   4.099905e-04   0.000000e+00   0.000000e+00   0.000000e+00   4.661555e-04
 0.000000e+00   0.000000e+00   1.428763e-03   0.000000e+00   0.000000e+00   1.489674e-03  -2.232746e-03  -6.250464e-03   0.000000e+00
 2.554637e-04   7.049018e-05   0.000000e+00   4.617748e-04   1.593141e-04   0.000000e+00   0.000000e+00   0.000000e+00   1.139939e-03
 6.531702e-05   4.099905e-04   0.000000e+00   1.593141e-04   7.436502e-04   0.000000e+00   0.000000e+00   0.000000e+00   1.712086e-03
 0.000000e+00   0.000000e+00   1.489674e-03   0.000000e+00   0.000000e+00   3.391440e-03  -6.782909e-03  -1.736423e-02   0.000000e+00
 0.000000e+00   0.000000e+00  -2.232746e-03   0.000000e+00   0.000000e+00  -6.782909e-03   6.042721e-02   4.446359e-02   0.000000e+00
 0.000000e+00   0.000000e+00  -6.250464e-03   0.000000e+00   0.000000e+00  -1.736423e-02   4.446359e-02   1.600956e-01   0.000000e+00
 1.994086e-04   4.661555e-04   0.000000e+00   1.139939e-03   1.712086e-03   0.000000e+00   0.000000e+00   0.000000e+00   4.312605e-02

# timestamp: 1774889082.9564352
 9.055642e-04   3.649987e-05   0.000000e+00   2.653633e-04   6.901220e-05   0.000000e+00   0.000000e+00   0.000000e+00   2.231615e-04
 3.649987e-05   1.001628e-03   0.000000e+00   7.460639e-05   4.262360e-04   0.000000e+00   0.000000e+00   0.000000e+00   5.016977e-04
 0.000000e+00   0.000000e+00   1.512096e-03   0.000000e+00   0.000000e+00   1.575642e-03  -2.372931e-03  -6.608879e-03   0.000000e+00
 2.653633e-04   7.460639e-05   0.000000e+00   4.677409e-04   1.643854e-04   0.000000e+00   0.000000e+00   0.000000e+00   1.214268e-03
 6.901220e-05   4.262360e-04   0.000000e+00   1.643854e-04   7.521340e-04   0.000000e+00   0.000000e+00   0.000000e+00   1.794115e-03
 0.000000e+00   0.000000e+00   1.575642e-03   0.000000e+00   0.000000e+00   3.480708e-03  -6.967526e-03  -1.773465e-02   0.000000e+00
 0.000000e+00   0.000000e+00  -2.372931e-03   0.000000e+00   0.000000e+00  -6.967526e-03   6.248174e-02   4.446359e-02   0.000000e+00
 0.000000e+00   0.000000e+00  -6.608879e-03   0.000000e+00   0.000000e+00  -1.773465e-02   4.446359e-02   1.621501e-01   0.000000e+00
 2.231615e-04   5.016977e-04   0.000000e+00   1.214268e-03   1.794115e-03   0.000000e+00   0.000000e+00   0.000000e+00   4.518057e-02

# timestamp: 1774889082.9807143
 7.926681e-04   2.745339e-05   0.000000e+00   2.315552e-04   5.767789e-05   0.000000e+00   0.000000e+00   0.000000e+00   1.661089e-04
 2.745339e-05   8.643048e-04   0.000000e+00   6.176745e-05   3.643583e-04   0.000000e+00   0.000000e+00   0.000000e+00   3.560070e-04
 0.000000e+00   0.000000e+00   1.214241e-03   0.000000e+00   0.000000e+00   1.254281e-03  -2.083686e-03  -5.083117e-03   0.000000e+00
 2.315552e-04   6.176745e-05   0.000000e+00   4.538469e-04   1.510667e-04   0.000000e+00   0.000000e+00   0.000000e+00   1.018301e-03
 5.767789e-05   3.643583e-04   0.000000e+00   1.510667e-04   7.137389e-04   0.000000e+00   0.000000e+00   0.000000e+00   1.465512e-03
 0.000000e+00   0.000000e+00   1.254281e-03   0.000000e+00   0.000000e+00   3.120446e-03  -6.967564e-03  -1.576179e-02   0.000000e+00
 0.000000e+00   0.000000e+00  -2.083686e-03   0.000000e+00   0.000000e+00  -6.967564e-03   5.941798e-02   4.831330e-02   0.000000e+00
 0.000000e+00   0.000000e+00  -5.083117e-03   0.000000e+00   0.000000e+00  -1.576179e-02   4.831330e-02   1.474815e-01   0.000000e+00
 1.661089e-04   3.560070e-04   0.000000e+00   1.018301e-03   1.465512e-03   0.000000e+00   0.000000e+00   0.000000e+00   3.761966e-02

# timestamp: 1774889083.2249427
 8.660297e-04   3.561646e-05   0.000000e+00   2.608574e-04   7.023761e-05   0.000000e+00   0.000000e+00   0.000000e+00   2.488761e-04
 3.561646e-05   9.461172e-04   0.000000e+00   7.617834e-05   3.945283e-04   0.000000e+00   0.000000e+00   0.000000e+00   4.420099e-04
 0.000000e+00   0.000000e+00   1.377279e-03   0.000000e+00   0.000000e+00   1.401619e-03  -2.963507e-03  -5.176275e-03   0.000000e+00
 2.608574e-04   7.617834e-05   0.000000e+00   4.883804e-04   1.726467e-04   0.000000e+00   0.000000e+00   0.000000e+00   1.343360e-03
 7.023761e-05   3.945283e-04   0.000000e+00   1.726467e-04   7.132376e-04   0.000000e+00   0.000000e+00   0.000000e+00   1.557843e-03
 0.000000e+00   0.000000e+00   1.401619e-03   0.000000e+00   0.000000e+00   3.210419e-03  -9.021705e-03  -1.455300e-02   0.000000e+00
 0.000000e+00   0.000000e+00  -2.963507e-03   0.000000e+00   0.000000e+00  -9.021705e-03   7.775637e-02   5.414526e-02   0.000000e+00
 0.000000e+00   0.000000e+00  -5.176275e-03   0.000000e+00   0.000000e+00  -1.455300e-02   5.414526e-02   1.286595e-01   0.000000e+00
 2.488761e-04   4.420099e-04   0.000000e+00   1.343360e-03   1.557843e-03   0.000000e+00   0.000000e+00   0.000000e+00   4.240353e-02

# timestamp: 1774889083.241617
 8.914031e-04   3.809656e-05   0.000000e+00   2.694188e-04   7.347536e-05   0.000000e+00   0.000000e+00   0.000000e+00   2.714361e-04
 3.809656e-05   9.759875e-04   0.000000e+00   7.979539e-05   4.070142e-04   0.000000e+00   0.000000e+00   0.000000e+00   4.680822e-04
 0.000000e+00   0.000000e+00   1.441333e-03   0.000000e+00   0.000000e+00   1.467262e-03  -3.113928e-03  -5.418678e-03   0.000000e+00
 2.694188e-04   7.979539e-05   0.000000e+00   4.944347e-04   1.770287e-04   0.000000e+00   0.000000e+00   0.000000e+00   1.412987e-03
 7.347536e-05   4.070142e-04   0.000000e+00   1.770287e-04   7.191586e-04   0.000000e+00   0.000000e+00   0.000000e+00   1.616467e-03
 0.000000e+00   0.000000e+00   1.467262e-03   0.000000e+00   0.000000e+00   3.280611e-03  -9.220435e-03  -1.481383e-02   0.000000e+00
 0.000000e+00   0.000000e+00  -3.113928e-03   0.000000e+00   0.000000e+00  -9.220435e-03   7.941471e-02   5.414526e-02   0.000000e+00
 0.000000e+00   0.000000e+00  -5.418678e-03   0.000000e+00   0.000000e+00  -1.481383e-02   5.414526e-02   1.303179e-01   0.000000e+00
 2.714361e-04   4.680822e-04   0.000000e+00   1.412987e-03   1.616467e-03   0.000000e+00   0.000000e+00   0.000000e+00   4.406188e-02

# timestamp: 1774889083.2559385
 9.006688e-04   3.902405e-05   0.000000e+00   2.725556e-04   7.467546e-05   0.000000e+00   0.000000e+00   0.000000e+00   2.799276e-04
 3.902405e-05   9.869150e-04   0.000000e+00   8.113543e-05   4.115721e-04   0.000000e+00   0.000000e+00   0.000000e+00   4.777965e-04
 0.000000e+00   0.000000e+00   1.465097e-03   0.000000e+00   0.000000e+00   1.491493e-03  -3.169339e-03  -5.507703e-03   0.000000e+00
 2.725556e-04   8.113543e-05   0.000000e+00   4.966841e-04   1.786632e-04   0.000000e+00   0.000000e+00   0.000000e+00   1.438803e-03
 7.467546e-05   4.115721e-04   0.000000e+00   1.786632e-04   7.213435e-04   0.000000e+00   0.000000e+00   0.000000e+00   1.638202e-03
 0.000000e+00   0.000000e+00   1.491493e-03   0.000000e+00   0.000000e+00   3.306378e-03  -9.293036e-03  -1.490884e-02   0.000000e+00
 0.000000e+00   0.000000e+00  -3.169339e-03   0.000000e+00   0.000000e+00  -9.293036e-03   8.001567e-02   5.414526e-02   0.000000e+00
 0.000000e+00   0.000000e+00  -5.507703e-03   0.000000e+00   0.000000e+00  -1.490884e-02   5.414526e-02   1.309188e-01   0.000000e+00
 2.799276e-04   4.777965e-04   0.000000e+00   1.438803e-03   1.638202e-03   0.000000e+00   0.000000e+00   0.000000e+00   4.466283e-02

# timestamp: 1774889083.305578
 8.252064e-04   3.264529e-05   0.000000e+00   2.501187e-04   6.692620e-05   0.000000e+00   0.000000e+00   0.000000e+00   2.372453e-04
 3.264529e-05   8.952063e-04   0.000000e+00   7.211717e-05   3.698567e-04   0.000000e+00   0.000000e+00   0.000000e+00   3.701480e-04
 0.000000e+00   0.000000e+00   1.258521e-03   0.000000e+00   0.000000e+00   1.257286e-03  -2.892576e-03  -4.268772e-03   0.000000e+00
 2.501187e-04   7.211717e-05   0.000000e+00   4.896823e-04   1.702836e-04   0.000000e+00   0.000000e+00   0.000000e+00   1.304523e-03
 6.692620e-05   3.698567e-04   0.000000e+00   1.702836e-04   6.936835e-04   0.000000e+00   0.000000e+00   0.000000e+00   1.414096e-03
 0.000000e+00   0.000000e+00   1.257286e-03   0.000000e+00   0.000000e+00   3.011324e-03  -9.334928e-03  -1.281254e-02   0.000000e+00
 0.000000e+00   0.000000e+00  -2.892576e-03   0.000000e+00   0.000000e+00  -9.334928e-03   8.250628e-02   5.463165e-02   0.000000e+00
 0.000000e+00   0.000000e+00  -4.268772e-03   0.000000e+00   0.000000e+00  -1.281254e-02   5.463165e-02   1.122512e-01   0.000000e+00
 2.372453e-04   3.701480e-04   0.000000e+00   1.304523e-03   1.414096e-03   0.000000e+00   0.000000e+00   0.000000e+00   3.956508e-02

# timestamp: 1774889083.5672855
 9.350535e-04   4.566060e-05   0.000000e+00   2.966370e-04   8.538812e-05   0.000000e+00   0.000000e+00   0.000000e+00   3.859222e-04
 4.566060e-05   1.014137e-03   0.000000e+00   9.102744e-05   4.114454e-04   0.000000e+00   0.000000e+00   0.000000e+00   4.288941e-04
 0.000000e+00   0.000000e+00   1.491687e-03   0.000000e+00   0.000000e+00   1.466770e-03  -3.986047e-03  -4.248752e-03   0.000000e+00
 2.966370e-04   9.102744e-05   0.000000e+00   5.419168e-04   1.965392e-04   0.000000e+00   0.000000e+00   0.000000e+00   1.739773e-03
 8.538812e-05   4.114454e-04   0.000000e+00   1.965392e-04   6.959545e-04   0.000000e+00   0.000000e+00   0.000000e+00   1.553339e-03
 0.000000e+00   0.000000e+00   1.466770e-03   0.000000e+00   0.000000e+00   3.191279e-03  -1.153539e-02  -1.155678e-02   0.000000e+00
 0.000000e+00   0.000000e+00  -3.986047e-03   0.000000e+00   0.000000e+00  -1.153539e-02   1.043200e-01   5.293946e-02   0.000000e+00
 0.000000e+00   0.000000e+00  -4.248752e-03   0.000000e+00   0.000000e+00  -1.155678e-02   5.293946e-02   9.769399e-02   0.000000e+00
 3.859222e-04   4.288941e-04   0.000000e+00   1.739773e-03   1.553339e-03   0.000000e+00   0.000000e+00   0.000000e+00   4.669345e-02

# timestamp: 1774889083.599755
 8.354161e-04   3.608654e-05   0.000000e+00   2.644525e-04   7.349514e-05   0.000000e+00   0.000000e+00   0.000000e+00   3.006965e-04
 3.608654e-05   8.966947e-04   0.000000e+00   7.782170e-05   3.608961e-04   0.000000e+00   0.000000e+00   0.000000e+00   3.202256e-04
 0.000000e+00   0.000000e+00   1.245995e-03   0.000000e+00   0.000000e+00   1.213120e-03  -3.444030e-03  -3.227598e-03   0.000000e+00
 2.644525e-04   7.782170e-05   0.000000e+00   5.260444e-04   1.825658e-04   0.000000e+00   0.000000e+00   0.000000e+00   1.496956e-03
 7.349514e-05   3.608961e-04   0.000000e+00   1.825658e-04   6.655751e-04   0.000000e+00   0.000000e+00   0.000000e+00   1.300438e-03
 0.000000e+00   0.000000e+00   1.213120e-03   0.000000e+00   0.000000e+00   2.909342e-03  -1.120466e-02  -9.920001e-03   0.000000e+00
 0.000000e+00   0.000000e+00  -3.444030e-03   0.000000e+00   0.000000e+00  -1.120466e-02   1.050215e-01   5.164683e-02   0.000000e+00
 0.000000e+00   0.000000e+00  -3.227598e-03   0.000000e+00   0.000000e+00  -9.920001e-03   5.164683e-02   8.324902e-02   0.000000e+00
 3.006965e-04   3.202256e-04   0.000000e+00   1.496956e-03   1.300438e-03   0.000000e+00   0.000000e+00   0.000000e+00   4.018606e-02

# timestamp: 1774889083.6483529
 9.129651e-04   4.414737e-05   0.000000e+00   2.929696e-04   8.413052e-05   0.000000e+00   0.000000e+00   0.000000e+00   3.798458e-04
 4.414737e-05   9.841745e-04   0.000000e+00   8.907914e-05   3.957247e-04   0.000000e+00   0.000000e+00   0.000000e+00   3.882021e-04
 0.000000e+00   0.000000e+00   1.425320e-03   0.000000e+00   0.000000e+00   1.395138e-03  -4.017687e-03  -3.733798e-03   0.000000e+00
 2.929696e-04   8.907914e-05   0.000000e+00   5.480188e-04   1.957777e-04   0.000000e+00   0.000000e+00   0.000000e+00   1.724645e-03
 8.413052e-05   3.957247e-04   0.000000e+00   1.957777e-04   6.807210e-04   0.000000e+00   0.000000e+00   0.000000e+00   1.459386e-03
 0.000000e+00   0.000000e+00   1.395138e-03   0.000000e+00   0.000000e+00   3.111988e-03  -1.196519e-02  -1.051049e-02   0.000000e+00
 0.000000e+00   0.000000e+00  -4.017687e-03   0.000000e+00   0.000000e+00  -1.196519e-02   1.100026e-01   5.164683e-02   0.000000e+00
 0.000000e+00   0.000000e+00  -3.733798e-03   0.000000e+00   0.000000e+00  -1.051049e-02   5.164683e-02   8.823013e-02   0.000000e+00
 3.798458e-04   3.882021e-04   0.000000e+00   1.724645e-03   1.459386e-03   0.000000e+00   0.000000e+00   0.000000e+00   4.516717e-02

# timestamp: 1774889083.8942363
 9.081729e-04   3.858530e-05   0.000000e+00   3.098485e-04   9.057694e-05   0.000000e+00   0.000000e+00   0.000000e+00   5.943909e-04
 3.858530e-05   9.586451e-04   0.000000e+00   6.624821e-05   3.596727e-04   0.000000e+00   0.000000e+00   0.000000e+00  -1.994679e-04
 0.000000e+00   0.000000e+00   1.354288e-03   0.000000e+00   0.000000e+00   1.289124e-03  -4.460032e-03  -2.033932e-03   0.000000e+00
 3.098485e-04   6.624821e-05   0.000000e+00   5.798800e-04   1.940477e-04   0.000000e+00   0.000000e+00   0.000000e+00   1.831437e-03
 9.057694e-05   3.596727e-04   0.000000e+00   1.940477e-04   6.416284e-04   0.000000e+00   0.000000e+00   0.000000e+00   1.160633e-03
 0.000000e+00   0.000000e+00   1.289124e-03   0.000000e+00   0.000000e+00   3.007317e-03  -1.339183e-02  -7.764430e-03   0.000000e+00
 0.000000e+00   0.000000e+00  -4.460032e-03   0.000000e+00   0.000000e+00  -1.339183e-02   1.267434e-01   4.470800e-02   0.000000e+00
 0.000000e+00   0.000000e+00  -2.033932e-03   0.000000e+00   0.000000e+00  -7.764430e-03   4.470800e-02   6.906287e-02   0.000000e+00
 5.943909e-04  -1.994679e-04   0.000000e+00   1.831437e-03   1.160633e-03   0.000000e+00   0.000000e+00   0.000000e+00   4.402962e-02

# timestamp: 1774889083.9284172
 8.892516e-04   4.397650e-05   0.000000e+00   2.978221e-04   8.587579e-05   0.000000e+00   0.000000e+00   0.000000e+00   3.776648e-04
 4.397650e-05   9.439425e-04   0.000000e+00   9.127844e-05   3.702007e-04   0.000000e+00   0.000000e+00   0.000000e+00   4.244219e-04
 0.000000e+00   0.000000e+00   1.357420e-03   0.000000e+00   0.000000e+00   1.343407e-03  -4.463034e-03  -3.011088e-03   0.000000e+00
 2.978221e-04   9.127844e-05   0.000000e+00   5.794452e-04   2.015374e-04   0.000000e+00   0.000000e+00   0.000000e+00   1.776304e-03
 8.587579e-05   3.702007e-04   0.000000e+00   2.015374e-04   6.475559e-04   0.000000e+00   0.000000e+00   0.000000e+00   1.342180e-03
 0.000000e+00   0.000000e+00   1.343407e-03   0.000000e+00   0.000000e+00   3.114278e-03  -1.373105e-02  -8.598299e-03   0.000000e+00
 0.000000e+00   0.000000e+00  -4.463034e-03   0.000000e+00   0.000000e+00  -1.373105e-02   1.287107e-01   4.717739e-02   0.000000e+00
 0.000000e+00   0.000000e+00  -3.011088e-03   0.000000e+00   0.000000e+00  -8.598299e-03   4.717739e-02   7.000776e-02   0.000000e+00
 3.776648e-04   4.244219e-04   0.000000e+00   1.776304e-03   1.342180e-03   0.000000e+00   0.000000e+00   0.000000e+00   4.299381e-02

# timestamp: 1774889083.9716
 9.517565e-04   5.115936e-05   0.000000e+00   3.223027e-04   9.495702e-05   0.000000e+00   0.000000e+00   0.000000e+00   4.488812e-04
 5.115936e-05   1.012119e-03   0.000000e+00   1.011638e-04   3.966424e-04   0.000000e+00   0.000000e+00   0.000000e+00   4.779220e-04
 0.000000e+00   0.000000e+00   1.505203e-03   0.000000e+00   0.000000e+00   1.495314e-03  -5.002516e-03  -3.348460e-03   0.000000e+00
 3.223027e-04   1.011638e-04   0.000000e+00   5.992855e-04   2.126290e-04   0.000000e+00   0.000000e+00   0.000000e+00   1.970341e-03
 9.495702e-05   3.966424e-04   0.000000e+00   2.126290e-04   6.590645e-04   0.000000e+00   0.000000e+00   0.000000e+00   1.466078e-03
 0.000000e+00   0.000000e+00   1.495314e-03   0.000000e+00   0.000000e+00   3.286212e-03  -1.441946e-02  -8.997151e-03   0.000000e+00
 0.000000e+00   0.000000e+00  -5.002516e-03   0.000000e+00   0.000000e+00  -1.441946e-02   1.325703e-01   4.717739e-02   0.000000e+00
 0.000000e+00   0.000000e+00  -3.348460e-03   0.000000e+00   0.000000e+00  -8.997151e-03   4.717739e-02   7.386738e-02   0.000000e+00
 4.488812e-04   4.779220e-04   0.000000e+00   1.970341e-03   1.466078e-03   0.000000e+00   0.000000e+00   0.000000e+00   4.685342e-02

# timestamp: 1774889084.2276816
 8.914403e-04   4.635060e-05   0.000000e+00   3.127642e-04   9.020638e-05   0.000000e+00   0.000000e+00   0.000000e+00   4.064712e-04
 4.635060e-05   9.307551e-04   0.000000e+00   9.582859e-05   3.557927e-04   0.000000e+00   0.000000e+00   0.000000e+00   4.055913e-04
 0.000000e+00   0.000000e+00   1.355381e-03   0.000000e+00   0.000000e+00   1.369223e-03  -5.042366e-03  -2.426572e-03   0.000000e+00
 3.127642e-04   9.582859e-05   0.000000e+00   6.155263e-04   2.079357e-04   0.000000e+00   0.000000e+00   0.000000e+00   1.851229e-03
 9.020638e-05   3.557927e-04   0.000000e+00   2.079357e-04   6.211116e-04   0.000000e+00   0.000000e+00   0.000000e+00   1.250816e-03
 0.000000e+00   0.000000e+00   1.369223e-03   0.000000e+00   0.000000e+00   3.221515e-03  -1.546303e-02  -6.943243e-03   0.000000e+00
 0.000000e+00   0.000000e+00  -5.042366e-03   0.000000e+00   0.000000e+00  -1.546303e-02   1.455304e-01   3.917202e-02   0.000000e+00
 0.000000e+00   0.000000e+00  -2.426572e-03   0.000000e+00   0.000000e+00  -6.943243e-03   3.917202e-02   5.830971e-02   0.000000e+00
 4.064712e-04   4.055913e-04   0.000000e+00   1.851229e-03   1.250816e-03   0.000000e+00   0.000000e+00   0.000000e+00   4.274331e-02

# timestamp: 1774889084.252392
 9.287552e-04   5.070348e-05   0.000000e+00   3.279836e-04   9.562862e-05   0.000000e+00   0.000000e+00   0.000000e+00   4.494173e-04
 5.070348e-05   9.700231e-04   0.000000e+00   1.016884e-04   3.706170e-04   0.000000e+00   0.000000e+00   0.000000e+00   4.345310e-04
 0.000000e+00   0.000000e+00   1.442356e-03   0.000000e+00   0.000000e+00   1.460535e-03  -5.397348e-03  -2.585923e-03   0.000000e+00
 3.279836e-04   1.016884e-04   0.000000e+00   6.275379e-04   2.140477e-04   0.000000e+00   0.000000e+00   0.000000e+00   1.964235e-03
 9.562862e-05   3.706170e-04   0.000000e+00   2.140477e-04   6.272033e-04   0.000000e+00   0.000000e+00   0.000000e+00   1.316646e-03
 0.000000e+00   0.000000e+00   1.460535e-03   0.000000e+00   0.000000e+00   3.324758e-03  -1.589663e-02  -7.132200e-03   0.000000e+00
 0.000000e+00   0.000000e+00  -5.397348e-03   0.000000e+00   0.000000e+00  -1.589663e-02   1.478052e-01   3.917202e-02   0.000000e+00
 0.000000e+00   0.000000e+00  -2.585923e-03   0.000000e+00   0.000000e+00  -7.132200e-03   3.917202e-02   6.058458e-02   0.000000e+00
 4.494173e-04   4.345310e-04   0.000000e+00   1.964235e-03   1.316646e-03   0.000000e+00   0.000000e+00   0.000000e+00   4.501818e-02

# timestamp: 1774889084.2808826
 8.177909e-04   3.880227e-05   0.000000e+00   2.869892e-04   8.067121e-05   0.000000e+00   0.000000e+00   0.000000e+00   3.353250e-04
 3.880227e-05   8.484167e-04   0.000000e+00   8.486191e-05   3.213200e-04   0.000000e+00   0.000000e+00   0.000000e+00   3.100499e-04
 0.000000e+00   0.000000e+00   1.189012e-03   0.000000e+00   0.000000e+00   1.200286e-03  -4.500012e-03  -1.934675e-03   0.000000e+00
 2.869892e-04   8.486191e-05   0.000000e+00   6.025473e-04   1.970279e-04   0.000000e+00   0.000000e+00   0.000000e+00   1.644994e-03
 8.067121e-05   3.213200e-04   0.000000e+00   1.970279e-04   6.005213e-04   0.000000e+00   0.000000e+00   0.000000e+00   1.081643e-03
 0.000000e+00   0.000000e+00   1.200286e-03   0.000000e+00   0.000000e+00   3.052208e-03  -1.507594e-02  -6.114744e-03   0.000000e+00
 0.000000e+00   0.000000e+00  -4.500012e-03   0.000000e+00   0.000000e+00  -1.507594e-02   1.455562e-01   3.689382e-02   0.000000e+00
 0.000000e+00   0.000000e+00  -1.934675e-03   0.000000e+00   0.000000e+00  -6.114744e-03   3.689382e-02   5.117624e-02   0.000000e+00
 3.353250e-04   3.100499e-04   0.000000e+00   1.644994e-03   1.081643e-03   0.000000e+00   0.000000e+00   0.000000e+00   3.802666e-02

# timestamp: 1774889084.528688
 9.046312e-04   4.853141e-05   0.000000e+00   3.276602e-04   9.192018e-05   0.000000e+00   0.000000e+00   0.000000e+00   3.749482e-04
 4.853141e-05   9.294468e-04   0.000000e+00   9.708417e-05   3.441325e-04   0.000000e+00   0.000000e+00   0.000000e+00   3.368717e-04
 0.000000e+00   0.000000e+00   1.361876e-03   0.000000e+00   0.000000e+00   1.382038e-03  -5.272042e-03  -2.080693e-03   0.000000e+00
 3.276602e-04   9.708417e-05   0.000000e+00   6.431347e-04   2.067633e-04   0.000000e+00   0.000000e+00   0.000000e+00   1.853875e-03
 9.192018e-05   3.441325e-04   0.000000e+00   2.067633e-04   5.941984e-04   0.000000e+00   0.000000e+00   0.000000e+00   1.126337e-03
 0.000000e+00   0.000000e+00   1.382038e-03   0.000000e+00   0.000000e+00   3.288919e-03  -1.645094e-02  -6.160692e-03   0.000000e+00
 0.000000e+00   0.000000e+00  -5.272042e-03   0.000000e+00   0.000000e+00  -1.645094e-02   1.550817e-01   3.661250e-02   0.000000e+00
 0.000000e+00   0.000000e+00  -2.080693e-03   0.000000e+00   0.000000e+00  -6.160692e-03   3.661250e-02   5.521010e-02   0.000000e+00
 3.749482e-04   3.368717e-04   0.000000e+00   1.853875e-03   1.126337e-03   0.000000e+00   0.000000e+00   0.000000e+00   4.294046e-02

# timestamp: 1774889084.553733
 9.402733e-04   5.266940e-05   0.000000e+00   3.423916e-04   9.684935e-05   0.000000e+00   0.000000e+00   0.000000e+00   4.152162e-04
 5.266940e-05   9.657628e-04   0.000000e+00   1.023336e-04   3.572897e-04   0.000000e+00   0.000000e+00   0.000000e+00   3.612816e-04
 0.000000e+00   0.000000e+00   1.443940e-03   0.000000e+00   0.000000e+00   1.468013e-03  -5.625986e-03  -2.213251e-03   0.000000e+00
 3.423916e-04   1.023336e-04   0.000000e+00   6.539144e-04   2.116624e-04   0.000000e+00   0.000000e+00   0.000000e+00   1.954629e-03
 9.684935e-05   3.572897e-04   0.000000e+00   2.116624e-04   5.990964e-04   0.000000e+00   0.000000e+00   0.000000e+00   1.179528e-03
 0.000000e+00   0.000000e+00   1.468013e-03   0.000000e+00   0.000000e+00   3.381605e-03  -1.685018e-02  -6.311711e-03   0.000000e+00
 0.000000e+00   0.000000e+00  -5.625986e-03   0.000000e+00   0.000000e+00  -1.685018e-02   1.572163e-01   3.661250e-02   0.000000e+00
 0.000000e+00   0.000000e+00  -2.213251e-03   0.000000e+00   0.000000e+00  -6.311711e-03   3.661250e-02   5.734476e-02   0.000000e+00
 4.152162e-04   3.612816e-04   0.000000e+00   1.954629e-03   1.179528e-03   0.000000e+00   0.000000e+00   0.000000e+00   4.507512e-02

# timestamp: 1774889084.5759013
 8.162824e-04   3.924222e-05   0.000000e+00   2.949596e-04   8.036852e-05   0.000000e+00   0.000000e+00   0.000000e+00   3.013456e-04
 3.924222e-05   8.346589e-04   0.000000e+00   8.411912e-05   3.063278e-04   0.000000e+00   0.000000e+00   0.000000e+00   2.527326e-04
 0.000000e+00   0.000000e+00   1.171393e-03   0.000000e+00   0.000000e+00   1.191337e-03  -4.607585e-03  -1.728111e-03   0.000000e+00
 2.949596e-04   8.411912e-05   0.000000e+00   6.240331e-04   1.936126e-04   0.000000e+00   0.000000e+00   0.000000e+00   1.607936e-03
 8.036852e-05   3.063278e-04   0.000000e+00   1.936126e-04   5.732947e-04   0.000000e+00   0.000000e+00   0.000000e+00   9.552904e-04
 0.000000e+00   0.000000e+00   1.191337e-03   0.000000e+00   0.000000e+00   3.102131e-03  -1.588294e-02  -5.718434e-03   0.000000e+00
 0.000000e+00   0.000000e+00  -4.607585e-03   0.000000e+00   0.000000e+00  -1.588294e-02   1.531606e-01   3.702564e-02   0.000000e+00
 0.000000e+00   0.000000e+00  -1.728111e-03   0.000000e+00   0.000000e+00  -5.718434e-03   3.702564e-02   4.947232e-02   0.000000e+00
 3.013456e-04   2.527326e-04   0.000000e+00   1.607936e-03   9.552904e-04   0.000000e+00   0.000000e+00   0.000000e+00   3.740483e-02

# timestamp: 1774889084.8964589
 8.553167e-04   4.310619e-05   0.000000e+00   3.179254e-04   8.379023e-05   0.000000e+00   0.000000e+00   0.000000e+00   3.130397e-04
 4.310619e-05   8.619381e-04   0.000000e+00   8.709957e-05   3.064397e-04   0.000000e+00   0.000000e+00   0.000000e+00   2.563584e-04
 0.000000e+00   0.000000e+00   1.248127e-03   0.000000e+00   0.000000e+00   1.276695e-03  -5.013890e-03  -2.081977e-03   0.000000e+00
 3.179254e-04   8.709957e-05   0.000000e+00   6.445895e-04   1.887594e-04   0.000000e+00   0.000000e+00   0.000000e+00   1.621445e-03
 8.379023e-05   3.064397e-04   0.000000e+00   1.887594e-04   5.517807e-04   0.000000e+00   0.000000e+00   0.000000e+00   8.938136e-04
 0.000000e+00   0.000000e+00   1.276695e-03   0.000000e+00   0.000000e+00   3.182311e-03  -1.623952e-02  -6.528040e-03   0.000000e+00
 0.000000e+00   0.000000e+00  -5.013890e-03   0.000000e+00   0.000000e+00  -1.623952e-02   1.539125e-01   4.415376e-02   0.000000e+00
 0.000000e+00   0.000000e+00  -2.081977e-03   0.000000e+00   0.000000e+00  -6.528040e-03   4.415376e-02   5.667626e-02   0.000000e+00
 3.130397e-04   2.563584e-04   0.000000e+00   1.621445e-03   8.938136e-04   0.000000e+00   0.000000e+00   0.000000e+00   3.938567e-02

# timestamp: 1774889084.9218652
 8.924798e-04   4.705593e-05   0.000000e+00   3.332492e-04   8.842622e-05   0.000000e+00   0.000000e+00   0.000000e+00   3.501872e-04
 4.705593e-05   8.985302e-04   0.000000e+00   9.195719e-05   3.191963e-04   0.000000e+00   0.000000e+00   0.000000e+00   2.767989e-04
 0.000000e+00   0.000000e+00   1.329938e-03   0.000000e+00   0.000000e+00   1.362632e-03  -5.382285e-03  -2.230092e-03   0.000000e+00
 3.332492e-04   9.195719e-05   0.000000e+00   6.540069e-04   1.925007e-04   0.000000e+00   0.000000e+00   0.000000e+00   1.709444e-03
 8.842622e-05   3.191963e-04   0.000000e+00   1.925007e-04   5.559794e-04   0.000000e+00   0.000000e+00   0.000000e+00   9.373175e-04
 0.000000e+00   0.000000e+00   1.362632e-03   0.000000e+00   0.000000e+00   3.269329e-03  -1.662094e-02  -6.684952e-03   0.000000e+00
 0.000000e+00   0.000000e+00  -5.382285e-03   0.000000e+00   0.000000e+00  -1.662094e-02   1.561636e-01   4.415376e-02   0.000000e+00
 0.000000e+00   0.000000e+00  -2.230092e-03   0.000000e+00   0.000000e+00  -6.684952e-03   4.415376e-02   5.892736e-02   0.000000e+00
 3.501872e-04   2.767989e-04   0.000000e+00   1.709444e-03   9.373175e-04   0.000000e+00   0.000000e+00   0.000000e+00   4.163677e-02

# timestamp: 1774889084.93949
 9.266316e-04   5.080807e-05   0.000000e+00   3.473407e-04   9.272131e-05   0.000000e+00   0.000000e+00   0.000000e+00   3.854901e-04
 5.080807e-05   9.320640e-04   0.000000e+00   9.645614e-05   3.308145e-04   0.000000e+00   0.000000e+00   0.000000e+00   2.961260e-04
 0.000000e+00   0.000000e+00   1.407184e-03   0.000000e+00   0.000000e+00   1.442761e-03  -5.722450e-03  -2.366930e-03   0.000000e+00
 3.473407e-04   9.645614e-05   0.000000e+00   6.628431e-04   1.960434e-04   0.000000e+00   0.000000e+00   0.000000e+00   1.792976e-03
 9.272131e-05   3.308145e-04   0.000000e+00   1.960434e-04   5.598519e-04   0.000000e+00   0.000000e+00   0.000000e+00   9.786131e-04
 0.000000e+00   0.000000e+00   1.442761e-03   0.000000e+00   0.000000e+00   3.349602e-03  -1.696939e-02  -6.828642e-03   0.000000e+00
 0.000000e+00   0.000000e+00  -5.722450e-03   0.000000e+00   0.000000e+00  -1.696939e-02   1.581960e-01   4.415376e-02   0.000000e+00
 0.000000e+00   0.000000e+00  -2.366930e-03   0.000000e+00   0.000000e+00  -6.828642e-03   4.415376e-02   6.095983e-02   0.000000e+00
 3.854901e-04   2.961260e-04   0.000000e+00   1.792976e-03   9.786131e-04   0.000000e+00   0.000000e+00   0.000000e+00   4.366924e-02

# timestamp: 1774889084.9819293
 9.118743e-04   4.174283e-05   0.000000e+00   3.511873e-04   9.283609e-05   0.000000e+00   0.000000e+00   0.000000e+00   6.301237e-04
 4.174283e-05   9.093885e-04   0.000000e+00   6.978151e-05   3.097939e-04   0.000000e+00   0.000000e+00   0.000000e+00  -2.869632e-04
 0.000000e+00   0.000000e+00   1.399291e-03   0.000000e+00   0.000000e+00   1.454333e-03  -6.328710e-03  -1.602703e-03   0.000000e+00
 3.511873e-04   6.978151e-05   0.000000e+00   6.632130e-04   1.859463e-04   0.000000e+00   0.000000e+00   0.000000e+00   1.791240e-03
 9.283609e-05   3.097939e-04   0.000000e+00   1.859463e-04   5.460662e-04   0.000000e+00   0.000000e+00   0.000000e+00   7.642619e-04
 0.000000e+00   0.000000e+00   1.454333e-03   0.000000e+00   0.000000e+00   3.374004e-03  -1.759427e-02  -6.175511e-03   0.000000e+00
 0.000000e+00   0.000000e+00  -6.328710e-03   0.000000e+00   0.000000e+00  -1.759427e-02   1.622158e-01   4.357712e-02   0.000000e+00
 0.000000e+00   0.000000e+00  -1.602703e-03   0.000000e+00   0.000000e+00  -6.175511e-03   4.357712e-02   5.868433e-02   0.000000e+00
 6.301237e-04  -2.869632e-04   0.000000e+00   1.791240e-03   7.642619e-04   0.000000e+00   0.000000e+00   0.000000e+00   4.247106e-02

# timestamp: 1774889085.255569
 9.720853e-04   5.430717e-05   0.000000e+00   3.699230e-04   9.353488e-05   0.000000e+00   0.000000e+00   0.000000e+00   4.161516e-04
 5.430717e-05   9.629837e-04   0.000000e+00   9.696813e-05   3.302759e-04   0.000000e+00   0.000000e+00   0.000000e+00   2.717385e-04
 0.000000e+00   0.000000e+00   1.496430e-03   0.000000e+00   0.000000e+00   1.511378e-03  -6.000806e-03  -2.902922e-03   0.000000e+00
 3.699230e-04   9.696813e-05   0.000000e+00   6.741340e-04   1.839599e-04   0.000000e+00   0.000000e+00   0.000000e+00   1.806640e-03
 9.353488e-05   3.302759e-04   0.000000e+00   1.839599e-04   5.368123e-04   0.000000e+00   0.000000e+00   0.000000e+00   8.600470e-04
 0.000000e+00   0.000000e+00   1.511378e-03   0.000000e+00   0.000000e+00   3.322428e-03  -1.662584e-02  -7.863712e-03   0.000000e+00
 0.000000e+00   0.000000e+00  -6.000806e-03   0.000000e+00   0.000000e+00  -1.662584e-02   1.550409e-01   5.240224e-02   0.000000e+00
 0.000000e+00   0.000000e+00  -2.902922e-03   0.000000e+00   0.000000e+00  -7.863712e-03   5.240224e-02   7.138919e-02   0.000000e+00
 4.161516e-04   2.717385e-04   0.000000e+00   1.806640e-03   8.600470e-04   0.000000e+00   0.000000e+00   0.000000e+00   4.593429e-02

# timestamp: 1774889085.3100653
 8.514302e-04   4.139590e-05   0.000000e+00   3.219199e-04   7.856685e-05   0.000000e+00   0.000000e+00   0.000000e+00   3.092089e-04
 4.139590e-05   8.437747e-04   0.000000e+00   8.101620e-05   2.874961e-04   0.000000e+00   0.000000e+00   0.000000e+00   1.941089e-04
 0.000000e+00   0.000000e+00   1.229828e-03   0.000000e+00   0.000000e+00   1.240975e-03  -4.914060e-03  -2.451037e-03   0.000000e+00
 3.219199e-04   8.101620e-05   0.000000e+00   6.450482e-04   1.689172e-04   0.000000e+00   0.000000e+00   0.000000e+00   1.504713e-03
 7.856685e-05   2.874961e-04   0.000000e+00   1.689172e-04   5.170698e-04   0.000000e+00   0.000000e+00   0.000000e+00   6.944133e-04
 0.000000e+00   0.000000e+00   1.240975e-03   0.000000e+00   0.000000e+00   3.040173e-03  -1.541462e-02  -7.539462e-03   0.000000e+00
 0.000000e+00   0.000000e+00  -4.914060e-03   0.000000e+00   0.000000e+00  -1.541462e-02   1.477689e-01   5.460023e-02   0.000000e+00
 0.000000e+00   0.000000e+00  -2.451037e-03   0.000000e+00   0.000000e+00  -7.539462e-03   5.460023e-02   6.640053e-02   0.000000e+00
 3.092089e-04   1.941089e-04   0.000000e+00   1.504713e-03   6.944133e-04   0.000000e+00   0.000000e+00   0.000000e+00   3.879612e-02

# timestamp: 1774889085.6138818
 9.142993e-04   4.561052e-05   0.000000e+00   3.525942e-04   7.868909e-05   0.000000e+00   0.000000e+00   0.000000e+00   3.879147e-04
 4.561052e-05   8.935793e-04   0.000000e+00   8.286207e-05   2.940159e-04   0.000000e+00   0.000000e+00   0.000000e+00   2.020788e-04
 0.000000e+00   0.000000e+00   1.376538e-03   0.000000e+00   0.000000e+00   1.399648e-03  -5.856091e-03  -2.908250e-03   0.000000e+00
 3.525942e-04   8.286207e-05   0.000000e+00   6.691386e-04   1.518543e-04   0.000000e+00   0.000000e+00   0.000000e+00   1.715810e-03
 7.868909e-05   2.940159e-04   0.000000e+00   1.518543e-04   4.947684e-04   0.000000e+00   0.000000e+00   0.000000e+00   4.972246e-04
 0.000000e+00   0.000000e+00   1.399648e-03   0.000000e+00   0.000000e+00   3.176709e-03  -1.656442e-02  -7.843928e-03   0.000000e+00
 0.000000e+00   0.000000e+00  -5.856091e-03   0.000000e+00   0.000000e+00  -1.656442e-02   1.578619e-01   5.705519e-02   0.000000e+00
 0.000000e+00   0.000000e+00  -2.908250e-03   0.000000e+00   0.000000e+00  -7.843928e-03   5.705519e-02   7.083357e-02   0.000000e+00
 3.879147e-04   2.020788e-04   0.000000e+00   1.715810e-03   4.972246e-04   0.000000e+00   0.000000e+00   0.000000e+00   4.247907e-02

# timestamp: 1774889085.656399
 9.582028e-04   4.983123e-05   0.000000e+00   3.709253e-04   8.269352e-05   0.000000e+00   0.000000e+00   0.000000e+00   4.326012e-04
 4.983123e-05   9.343664e-04   0.000000e+00   8.733060e-05   3.067303e-04   0.000000e+00   0.000000e+00   0.000000e+00   2.148485e-04
 0.000000e+00   0.000000e+00   1.475700e-03   0.000000e+00   0.000000e+00   1.499318e-03  -6.281800e-03  -3.109540e-03   0.000000e+00
 3.709253e-04   8.733060e-05   0.000000e+00   6.815323e-04   1.537594e-04   0.000000e+00   0.000000e+00   0.000000e+00   1.838367e-03
 8.269352e-05   3.067303e-04   0.000000e+00   1.537594e-04   4.976055e-04   0.000000e+00   0.000000e+00   0.000000e+00   5.099188e-04
 0.000000e+00   0.000000e+00   1.499318e-03   0.000000e+00   0.000000e+00   3.276871e-03  -1.702305e-02  -8.022847e-03   0.000000e+00
 0.000000e+00   0.000000e+00  -6.281800e-03   0.000000e+00   0.000000e+00  -1.702305e-02   1.604099e-01   5.705519e-02   0.000000e+00
 0.000000e+00   0.000000e+00  -3.109540e-03   0.000000e+00   0.000000e+00  -8.022847e-03   5.705519e-02   7.338162e-02   0.000000e+00
 4.326012e-04   2.148485e-04   0.000000e+00   1.838367e-03   5.099188e-04   0.000000e+00   0.000000e+00   0.000000e+00   4.502712e-02

# timestamp: 1774889085.6769931
 8.549614e-04   3.931314e-05   0.000000e+00   3.292330e-04   7.081142e-05   0.000000e+00   0.000000e+00   0.000000e+00   3.349236e-04
 3.931314e-05   8.351509e-04   0.000000e+00   7.439016e-05   2.724478e-04   0.000000e+00   0.000000e+00   0.000000e+00   1.536599e-04
 0.000000e+00   0.000000e+00   1.243521e-03   0.000000e+00   0.000000e+00   1.261874e-03  -5.327686e-03  -2.494495e-03   0.000000e+00
 3.292330e-04   7.439016e-05   0.000000e+00   6.571401e-04   1.418567e-04   0.000000e+00   0.000000e+00   0.000000e+00   1.585903e-03
 7.081142e-05   2.724478e-04   0.000000e+00   1.418567e-04   4.825335e-04   0.000000e+00   0.000000e+00   0.000000e+00   4.019061e-04
 0.000000e+00   0.000000e+00   1.261874e-03   0.000000e+00   0.000000e+00   3.033107e-03  -1.612493e-02  -7.202378e-03   0.000000e+00
 0.000000e+00   0.000000e+00  -5.327686e-03   0.000000e+00   0.000000e+00  -1.612493e-02   1.572857e-01   5.481617e-02   0.000000e+00
 0.000000e+00   0.000000e+00  -2.494495e-03   0.000000e+00   0.000000e+00  -7.202378e-03   5.481617e-02   6.454442e-02   0.000000e+00
 3.349236e-04   1.536599e-04   0.000000e+00   1.585903e-03   4.019061e-04   0.000000e+00   0.000000e+00   0.000000e+00   3.896216e-02

# timestamp: 1774889085.7024333
 8.797642e-04   4.150400e-05   0.000000e+00   3.396339e-04   7.295255e-05   0.000000e+00   0.000000e+00   0.000000e+00   3.587444e-04
 4.150400e-05   8.582225e-04   0.000000e+00   7.676904e-05   2.796507e-04   0.000000e+00   0.000000e+00   0.000000e+00   1.596464e-04
 0.000000e+00   0.000000e+00   1.296642e-03   0.000000e+00   0.000000e+00   1.316704e-03  -5.568380e-03  -2.601919e-03   0.000000e+00
 3.396339e-04   7.676904e-05   0.000000e+00   6.640989e-04   1.426737e-04   0.000000e+00   0.000000e+00   0.000000e+00   1.653615e-03
 7.295255e-05   2.796507e-04   0.000000e+00   1.426737e-04   4.840874e-04   0.000000e+00   0.000000e+00   0.000000e+00   4.052518e-04
 0.000000e+00   0.000000e+00   1.316704e-03   0.000000e+00   0.000000e+00   3.090746e-03  -1.639711e-02  -7.300465e-03   0.000000e+00
 0.000000e+00   0.000000e+00  -5.568380e-03   0.000000e+00   0.000000e+00  -1.639711e-02   1.587722e-01   5.481617e-02   0.000000e+00
 0.000000e+00   0.000000e+00  -2.601919e-03   0.000000e+00   0.000000e+00  -7.300465e-03   5.481617e-02   6.603091e-02   0.000000e+00
 3.587444e-04   1.596464e-04   0.000000e+00   1.653615e-03   4.052518e-04   0.000000e+00   0.000000e+00   0.000000e+00   4.044865e-02

# timestamp: 1774889085.920704
 9.281517e-04   4.361681e-05   0.000000e+00   3.656659e-04   7.078566e-05   0.000000e+00   0.000000e+00   0.000000e+00   4.466822e-04
 4.361681e-05   8.959375e-04   0.000000e+00   7.620560e-05   2.847943e-04   0.000000e+00   0.000000e+00   0.000000e+00   1.536067e-04
 0.000000e+00   0.000000e+00   1.407413e-03   0.000000e+00   0.000000e+00   1.442254e-03  -6.315313e-03  -2.384230e-03   0.000000e+00
 3.656659e-04   7.620560e-05   0.000000e+00   6.948865e-04   1.265348e-04   0.000000e+00   0.000000e+00   0.000000e+00   1.908921e-03
 7.078566e-05   2.847943e-04   0.000000e+00   1.265348e-04   4.711844e-04   0.000000e+00   0.000000e+00   0.000000e+00   2.410473e-04
 0.000000e+00   0.000000e+00   1.442254e-03   0.000000e+00   0.000000e+00   3.245925e-03  -1.760736e-02  -6.134519e-03   0.000000e+00
 0.000000e+00   0.000000e+00  -6.315313e-03   0.000000e+00   0.000000e+00  -1.760736e-02   1.680872e-01   4.502019e-02   0.000000e+00
 0.000000e+00   0.000000e+00  -2.384230e-03   0.000000e+00   0.000000e+00  -6.134519e-03   4.502019e-02   5.989054e-02   0.000000e+00
 4.466822e-04   1.536067e-04   0.000000e+00   1.908921e-03   2.410473e-04   0.000000e+00   0.000000e+00   0.000000e+00   4.323935e-02

# timestamp: 1774889085.939546
 9.525465e-04   4.570151e-05   0.000000e+00   3.762514e-04   7.252256e-05   0.000000e+00   0.000000e+00   0.000000e+00   4.736855e-04
 4.570151e-05   9.180170e-04   0.000000e+00   7.825110e-05   2.913971e-04   0.000000e+00   0.000000e+00   0.000000e+00   1.569715e-04
 0.000000e+00   0.000000e+00   1.462542e-03   0.000000e+00   0.000000e+00   1.499083e-03  -6.562955e-03  -2.470415e-03   0.000000e+00
 3.762514e-04   7.825110e-05   0.000000e+00   7.030736e-04   1.267995e-04   0.000000e+00   0.000000e+00   0.000000e+00   1.986105e-03
 7.252256e-05   2.913971e-04   0.000000e+00   1.267995e-04   4.725478e-04   0.000000e+00   0.000000e+00   0.000000e+00   2.375830e-04
 0.000000e+00   0.000000e+00   1.499083e-03   0.000000e+00   0.000000e+00   3.308225e-03  -1.789856e-02  -6.208195e-03   0.000000e+00
 0.000000e+00   0.000000e+00  -6.562955e-03   0.000000e+00   0.000000e+00  -1.789856e-02   1.694880e-01   4.502019e-02   0.000000e+00
 0.000000e+00   0.000000e+00  -2.470415e-03   0.000000e+00   0.000000e+00  -6.208195e-03   4.502019e-02   6.129135e-02   0.000000e+00
 4.736855e-04   1.569715e-04   0.000000e+00   1.986105e-03   2.375830e-04   0.000000e+00   0.000000e+00   0.000000e+00   4.464015e-02

# timestamp: 1774889085.973193
 8.487087e-04   3.582345e-05   0.000000e+00   3.333164e-04   6.175935e-05   0.000000e+00   0.000000e+00   0.000000e+00   3.641970e-04
 3.582345e-05   8.205721e-04   0.000000e+00   6.620851e-05   2.589281e-04   0.000000e+00   0.000000e+00   0.000000e+00   1.070711e-04
 0.000000e+00   0.000000e+00   1.223144e-03   0.000000e+00   0.000000e+00   1.243004e-03  -5.413253e-03  -1.746497e-03   0.000000e+00
 3.333164e-04   6.620851e-05   0.000000e+00   6.782329e-04   1.162288e-04   0.000000e+00   0.000000e+00   0.000000e+00   1.717089e-03
 6.175935e-05   2.589281e-04   0.000000e+00   1.162288e-04   4.594258e-04   0.000000e+00   0.000000e+00   0.000000e+00   1.671739e-04
 0.000000e+00   0.000000e+00   1.243004e-03   0.000000e+00   0.000000e+00   3.027165e-03  -1.665250e-02  -4.919983e-03   0.000000e+00
 0.000000e+00   0.000000e+00  -5.413253e-03   0.000000e+00   0.000000e+00  -1.665250e-02   1.639649e-01   3.743253e-02   0.000000e+00
 0.000000e+00   0.000000e+00  -1.746497e-03   0.000000e+00   0.000000e+00  -4.919983e-03   3.743253e-02   5.013753e-02   0.000000e+00
 3.641970e-04   1.070711e-04   0.000000e+00   1.717089e-03   1.671739e-04   0.000000e+00   0.000000e+00   0.000000e+00   3.840977e-02

# timestamp: 1774889086.0142567
 9.164941e-04   4.113141e-05   0.000000e+00   3.628945e-04   6.624860e-05   0.000000e+00   0.000000e+00   0.000000e+00   4.356080e-04
 4.113141e-05   8.819990e-04   0.000000e+00   7.142989e-05   2.773599e-04   0.000000e+00   0.000000e+00   0.000000e+00   1.135467e-04
 0.000000e+00   0.000000e+00   1.368177e-03   0.000000e+00   0.000000e+00   1.395760e-03  -6.090157e-03  -1.945485e-03   0.000000e+00
 3.628945e-04   7.142989e-05   0.000000e+00   7.009332e-04   1.163381e-04   0.000000e+00   0.000000e+00   0.000000e+00   1.928019e-03
 6.624860e-05   2.773599e-04   0.000000e+00   1.163381e-04   4.633003e-04   0.000000e+00   0.000000e+00   0.000000e+00   1.511980e-04
 0.000000e+00   0.000000e+00   1.395760e-03   0.000000e+00   0.000000e+00   3.202551e-03  -1.749342e-02  -5.091609e-03   0.000000e+00
 0.000000e+00   0.000000e+00  -6.090157e-03   0.000000e+00   0.000000e+00  -1.749342e-02   1.679633e-01   3.743253e-02   0.000000e+00
 0.000000e+00   0.000000e+00  -1.945485e-03   0.000000e+00   0.000000e+00  -5.091609e-03   3.743253e-02   5.413593e-02   0.000000e+00
 4.356080e-04   1.135467e-04   0.000000e+00   1.928019e-03   1.511980e-04   0.000000e+00   0.000000e+00   0.000000e+00   4.240817e-02

# timestamp: 1774889086.2202642
 9.348198e-04   3.893413e-05   0.000000e+00   3.770146e-04   5.899839e-05   0.000000e+00   0.000000e+00   0.000000e+00   4.699243e-04
 3.893413e-05   8.914069e-04   0.000000e+00   6.392040e-05   2.740220e-04   0.000000e+00   0.000000e+00   0.000000e+00   5.242262e-05
 0.000000e+00   0.000000e+00   1.378685e-03   0.000000e+00   0.000000e+00   1.393863e-03  -5.942910e-03  -1.088824e-03   0.000000e+00
 3.770146e-04   6.392040e-05   0.000000e+00   7.320999e-04   9.409131e-05   0.000000e+00   0.000000e+00   0.000000e+00   2.103002e-03
 5.899839e-05   2.740220e-04   0.000000e+00   9.409131e-05   4.517681e-04   0.000000e+00   0.000000e+00   0.000000e+00  -2.186988e-05
 0.000000e+00   0.000000e+00   1.393863e-03   0.000000e+00   0.000000e+00   3.218861e-03  -1.746806e-02  -2.711891e-03   0.000000e+00
 0.000000e+00   0.000000e+00  -5.942910e-03   0.000000e+00   0.000000e+00  -1.746806e-02   1.656837e-01   1.836284e-02   0.000000e+00
 0.000000e+00   0.000000e+00  -1.088824e-03   0.000000e+00   0.000000e+00  -2.711891e-03   1.836284e-02   4.675976e-02   0.000000e+00
 4.699243e-04   5.242262e-05   0.000000e+00   2.103002e-03  -2.186988e-05   0.000000e+00   0.000000e+00   0.000000e+00   4.307848e-02

# timestamp: 1774889086.2521448
 9.976103e-04   4.338150e-05   0.000000e+00   4.056235e-04   6.198286e-05   0.000000e+00   0.000000e+00   0.000000e+00   5.467991e-04
 4.338150e-05   9.465218e-04   0.000000e+00   6.746362e-05   2.899896e-04   0.000000e+00   0.000000e+00   0.000000e+00   5.130113e-05
 0.000000e+00   0.000000e+00   1.516959e-03   0.000000e+00   0.000000e+00   1.538969e-03  -6.568717e-03  -1.185151e-03   0.000000e+00
 4.056235e-04   6.746362e-05   0.000000e+00   7.566441e-04   9.258996e-05   0.000000e+00   0.000000e+00   0.000000e+00   2.318476e-03
 6.198286e-05   2.899896e-04   0.000000e+00   9.258996e-05   4.553348e-04   0.000000e+00   0.000000e+00   0.000000e+00  -4.920096e-05
 0.000000e+00   0.000000e+00   1.538969e-03   0.000000e+00   0.000000e+00   3.389002e-03  -1.825569e-02  -2.769691e-03   0.000000e+00
 0.000000e+00   0.000000e+00  -6.568717e-03   0.000000e+00   0.000000e+00  -1.825569e-02   1.692076e-01   1.836284e-02   0.000000e+00
 0.000000e+00   0.000000e+00  -1.185151e-03   0.000000e+00   0.000000e+00  -2.769691e-03   1.836284e-02   5.028373e-02   0.000000e+00
 5.467991e-04   5.130113e-05   0.000000e+00   2.318476e-03  -4.920096e-05   0.000000e+00   0.000000e+00   0.000000e+00   4.660245e-02

# timestamp: 1774889086.317697
 9.094520e-04   3.551394e-05   0.000000e+00   3.703149e-04   5.339897e-05   0.000000e+00   0.000000e+00   0.000000e+00   4.822266e-04
 3.551394e-05   8.655803e-04   0.000000e+00   5.887923e-05   2.636602e-04   0.000000e+00   0.000000e+00   0.000000e+00   8.586158e-05
 0.000000e+00   0.000000e+00   1.321012e-03   0.000000e+00   0.000000e+00   1.335669e-03  -5.657464e-03  -6.960678e-04   0.000000e+00
 3.703149e-04   5.887923e-05   0.000000e+00   7.373988e-04   8.361121e-05   0.000000e+00   0.000000e+00   0.000000e+00   2.088178e-03
 5.339897e-05   2.636602e-04   0.000000e+00   8.361121e-05   4.449168e-04   0.000000e+00   0.000000e+00   0.000000e+00  -6.139084e-05
 0.000000e+00   0.000000e+00   1.335669e-03   0.000000e+00   0.000000e+00   3.162298e-03  -1.705735e-02  -1.486986e-03   0.000000e+00
 0.000000e+00   0.000000e+00  -5.657464e-03   0.000000e+00   0.000000e+00  -1.705735e-02   1.612808e-01   8.223302e-03   0.000000e+00
 0.000000e+00   0.000000e+00  -6.960678e-04   0.000000e+00   0.000000e+00  -1.486986e-03   8.223302e-03   4.308264e-02   0.000000e+00
 4.822266e-04   8.586158e-05   0.000000e+00   2.088178e-03  -6.139084e-05   0.000000e+00   0.000000e+00   0.000000e+00   4.136988e-02

# timestamp: 1774889086.5380187
 9.726610e-04   3.464352e-05   0.000000e+00   4.096297e-04   4.630898e-05   0.000000e+00   0.000000e+00   0.000000e+00   5.964752e-04
 3.464352e-05   9.120262e-04   0.000000e+00   5.166416e-05   2.722767e-04   0.000000e+00   0.000000e+00   0.000000e+00   3.299772e-05
 0.000000e+00   0.000000e+00   1.447576e-03   0.000000e+00   0.000000e+00   1.486447e-03  -6.189794e-03   7.479720e-05   0.000000e+00
 4.096297e-04   5.166416e-05   0.000000e+00   7.909982e-04   5.973276e-05   0.000000e+00   0.000000e+00   0.000000e+00   2.383558e-03
 4.630898e-05   2.722767e-04   0.000000e+00   5.973276e-05   4.399008e-04   0.000000e+00   0.000000e+00   0.000000e+00  -1.925772e-04
 0.000000e+00   0.000000e+00   1.486447e-03   0.000000e+00   0.000000e+00   3.401924e-03  -1.785033e-02   7.381842e-04   0.000000e+00
 0.000000e+00   0.000000e+00  -6.189794e-03   0.000000e+00   0.000000e+00  -1.785033e-02   1.603965e-01  -8.115785e-03   0.000000e+00
 0.000000e+00   0.000000e+00   7.479720e-05   0.000000e+00   0.000000e+00   7.381842e-04  -8.115785e-03   4.628514e-02   0.000000e+00
 5.964752e-04   3.299772e-05   0.000000e+00   2.383558e-03  -1.925772e-04   0.000000e+00   0.000000e+00   0.000000e+00   4.464296e-02

# timestamp: 1774889086.578657
 1.023321e-03   3.738102e-05   0.000000e+00   4.340459e-04   4.755829e-05   0.000000e+00   0.000000e+00   0.000000e+00   6.631605e-04
 3.738102e-05   9.548335e-04   0.000000e+00   5.340342e-05   2.844158e-04   0.000000e+00   0.000000e+00   0.000000e+00   2.752821e-05
 0.000000e+00   0.000000e+00   1.559734e-03   0.000000e+00   0.000000e+00   1.606235e-03  -6.684718e-03   9.547903e-05   0.000000e+00
 4.340459e-04   5.340342e-05   0.000000e+00   8.127430e-04   5.749248e-05   0.000000e+00   0.000000e+00   0.000000e+00   2.563106e-03
 4.755829e-05   2.844158e-04   0.000000e+00   5.749248e-05   4.428922e-04   0.000000e+00   0.000000e+00   0.000000e+00  -2.199594e-04
 0.000000e+00   0.000000e+00   1.606235e-03   0.000000e+00   0.000000e+00   3.545114e-03  -1.847926e-02   7.977022e-04   0.000000e+00
 0.000000e+00   0.000000e+00  -6.684718e-03   0.000000e+00   0.000000e+00  -1.847926e-02   1.631464e-01  -8.115785e-03   0.000000e+00
 0.000000e+00   0.000000e+00   9.547903e-05   0.000000e+00   0.000000e+00   7.977022e-04  -8.115785e-03   4.903503e-02   0.000000e+00
 6.631605e-04   2.752821e-05   0.000000e+00   2.563106e-03  -2.199594e-04   0.000000e+00   0.000000e+00   0.000000e+00   4.739286e-02

# timestamp: 1774889086.8742428
 9.428023e-04   2.304468e-05   0.000000e+00   4.111391e-04   2.660083e-05   0.000000e+00   0.000000e+00   0.000000e+00   5.494569e-04
 2.304468e-05   8.718768e-04   0.000000e+00   3.047914e-05   2.541396e-04   0.000000e+00   0.000000e+00   0.000000e+00  -2.778586e-05
 0.000000e+00   0.000000e+00   1.373796e-03   0.000000e+00   0.000000e+00   1.442522e-03  -5.753440e-03   1.241239e-03   0.000000e+00
 4.111391e-04   3.047914e-05   0.000000e+00   8.185513e-04   1.935367e-05   0.000000e+00   0.000000e+00   0.000000e+00   2.295583e-03
 2.660083e-05   2.541396e-04   0.000000e+00   1.935367e-05   4.266863e-04   0.000000e+00   0.000000e+00   0.000000e+00  -3.350066e-04
 0.000000e+00   0.000000e+00   1.442522e-03   0.000000e+00   0.000000e+00   3.465962e-03  -1.750789e-02   4.105865e-03   0.000000e+00
 0.000000e+00   0.000000e+00  -5.753440e-03   0.000000e+00   0.000000e+00  -1.750789e-02   1.522669e-01  -3.029790e-02   0.000000e+00
 0.000000e+00   0.000000e+00   1.241239e-03   0.000000e+00   0.000000e+00   4.105865e-03  -3.029790e-02   5.155635e-02   0.000000e+00
 5.494569e-04  -2.778586e-05   0.000000e+00   2.295583e-03  -3.350066e-04   0.000000e+00   0.000000e+00   0.000000e+00   4.257228e-02

# timestamp: 1774889086.9523423
 9.983595e-04   2.477173e-05   0.000000e+00   4.383209e-04   2.680403e-05   0.000000e+00   0.000000e+00   0.000000e+00   6.203730e-04
 2.477173e-05   9.175900e-04   0.000000e+00   3.089646e-05   2.670432e-04   0.000000e+00   0.000000e+00   0.000000e+00  -3.814273e-05
 0.000000e+00   0.000000e+00   1.494250e-03   0.000000e+00   0.000000e+00   1.572914e-03  -6.286539e-03   1.366309e-03   0.000000e+00
 4.383209e-04   3.089646e-05   0.000000e+00   8.401796e-04   1.659740e-05   0.000000e+00   0.000000e+00   0.000000e+00   2.469379e-03
 2.680403e-05   2.670432e-04   0.000000e+00   1.659740e-05   4.300993e-04   0.000000e+00   0.000000e+00   0.000000e+00  -3.610632e-04
 0.000000e+00   0.000000e+00   1.572914e-03   0.000000e+00   0.000000e+00   3.613193e-03  -1.812834e-02   4.255647e-03   0.000000e+00
 0.000000e+00   0.000000e+00  -6.286539e-03   0.000000e+00   0.000000e+00  -1.812834e-02   1.552720e-01  -3.029790e-02   0.000000e+00
 0.000000e+00   0.000000e+00   1.366309e-03   0.000000e+00   0.000000e+00   4.255647e-03  -3.029790e-02   5.456150e-02   0.000000e+00
 6.203730e-04  -3.814273e-05   0.000000e+00   2.469379e-03  -3.610632e-04   0.000000e+00   0.000000e+00   0.000000e+00   4.557742e-02

# timestamp: 1774889087.291
 1.030915e-03   1.841401e-05   0.000000e+00   4.553264e-04   1.967808e-05   0.000000e+00   0.000000e+00   0.000000e+00   5.571615e-04
 1.841401e-05   9.376500e-04   0.000000e+00   2.202675e-05   2.681936e-04   0.000000e+00   0.000000e+00   0.000000e+00   7.431813e-05
 0.000000e+00   0.000000e+00   1.520186e-03   0.000000e+00   0.000000e+00   1.557227e-03  -6.112963e-03   1.062030e-03   0.000000e+00
 4.553264e-04   2.202675e-05   0.000000e+00   8.537744e-04   1.555130e-05   0.000000e+00   0.000000e+00   0.000000e+00   2.408959e-03
 1.967808e-05   2.681936e-04   0.000000e+00   1.555130e-05   4.214655e-04   0.000000e+00   0.000000e+00   0.000000e+00  -1.472182e-05
 0.000000e+00   0.000000e+00   1.557227e-03   0.000000e+00   0.000000e+00   3.521640e-03  -1.782298e-02   3.297845e-03   0.000000e+00
 0.000000e+00   0.000000e+00  -6.112963e-03   0.000000e+00   0.000000e+00  -1.782298e-02   1.593220e-01  -2.481055e-02   0.000000e+00
 0.000000e+00   0.000000e+00   1.062030e-03   0.000000e+00   0.000000e+00   3.297845e-03  -2.481055e-02   5.271775e-02   0.000000e+00
 5.571615e-04   7.431813e-05   0.000000e+00   2.408959e-03  -1.472182e-05   0.000000e+00   0.000000e+00   0.000000e+00   4.672059e-02

# timestamp: 1774889087.354853
 9.886092e-04   1.526420e-05   0.000000e+00   4.370685e-04   1.809493e-05   0.000000e+00   0.000000e+00   0.000000e+00   5.148921e-04
 1.526420e-05   9.001717e-04   0.000000e+00   1.827537e-05   2.568787e-04   0.000000e+00   0.000000e+00   0.000000e+00   4.991456e-05
 0.000000e+00   0.000000e+00   1.436497e-03   0.000000e+00   0.000000e+00   1.474851e-03  -5.899665e-03   9.018730e-04   0.000000e+00
 4.370685e-04   1.827537e-05   0.000000e+00   8.371920e-04   1.944364e-05   0.000000e+00   0.000000e+00   0.000000e+00   2.241568e-03
 1.809493e-05   2.568787e-04   0.000000e+00   1.944364e-05   4.169904e-04   0.000000e+00   0.000000e+00   0.000000e+00   1.025410e-04
 0.000000e+00   0.000000e+00   1.474851e-03   0.000000e+00   0.000000e+00   3.414018e-03  -1.753963e-02   2.666617e-03   0.000000e+00
 0.000000e+00   0.000000e+00  -5.899665e-03   0.000000e+00   0.000000e+00  -1.753963e-02   1.602809e-01  -2.087132e-02   0.000000e+00
 0.000000e+00   0.000000e+00   9.018730e-04   0.000000e+00   0.000000e+00   2.666617e-03  -2.087132e-02   4.880206e-02   0.000000e+00
 5.148921e-04   4.991456e-05   0.000000e+00   2.241568e-03   1.025410e-04   0.000000e+00   0.000000e+00   0.000000e+00   4.454791e-02

# timestamp: 1774889087.5712404
 1.010913e-03   1.257418e-05   0.000000e+00   4.477446e-04   1.915143e-05   0.000000e+00   0.000000e+00   0.000000e+00   5.135094e-04
 1.257418e-05   9.138261e-04   0.000000e+00   1.655003e-05   2.591077e-04   0.000000e+00   0.000000e+00   0.000000e+00   8.257082e-05
 0.000000e+00   0.000000e+00   1.467220e-03   0.000000e+00   0.000000e+00   1.473930e-03  -5.936917e-03   3.502817e-04   0.000000e+00
 4.477446e-04   1.655003e-05   0.000000e+00   8.340023e-04   3.670445e-05   0.000000e+00   0.000000e+00   0.000000e+00   2.174502e-03
 1.915143e-05   2.591077e-04   0.000000e+00   3.670445e-05   4.183620e-04   0.000000e+00   0.000000e+00   0.000000e+00   4.359333e-04
 0.000000e+00   0.000000e+00   1.473930e-03   0.000000e+00   0.000000e+00   3.297457e-03  -1.704026e-02   7.115320e-04   0.000000e+00
 0.000000e+00   0.000000e+00  -5.936917e-03   0.000000e+00   0.000000e+00  -1.704026e-02   1.611763e-01  -7.273748e-03   0.000000e+00
 0.000000e+00   0.000000e+00   3.502817e-04   0.000000e+00   0.000000e+00   7.115320e-04  -7.273748e-03   4.683361e-02   0.000000e+00
 5.135094e-04   8.257082e-05   0.000000e+00   2.174502e-03   4.359333e-04   0.000000e+00   0.000000e+00   0.000000e+00   4.569086e-02

# timestamp: 1774889087.6413832
 9.492888e-04   1.046118e-05   0.000000e+00   4.166787e-04   1.758340e-05   0.000000e+00   0.000000e+00   0.000000e+00   3.823294e-04
 1.046118e-05   8.645539e-04   0.000000e+00   1.721892e-05   2.453456e-04   0.000000e+00   0.000000e+00   0.000000e+00   2.086191e-04
 0.000000e+00   0.000000e+00   1.322320e-03   0.000000e+00   0.000000e+00   1.296372e-03  -5.007925e-03  -1.914702e-04   0.000000e+00
 4.166787e-04   1.721892e-05   0.000000e+00   8.087666e-04   4.061978e-05   0.000000e+00   0.000000e+00   0.000000e+00   1.946376e-03
 1.758340e-05   2.453456e-04   0.000000e+00   4.061978e-05   4.155570e-04   0.000000e+00   0.000000e+00   0.000000e+00   5.255449e-04
 0.000000e+00   0.000000e+00   1.296372e-03   0.000000e+00   0.000000e+00   3.051561e-03  -1.570045e-02  -5.131829e-04   0.000000e+00
 0.000000e+00   0.000000e+00  -5.007925e-03   0.000000e+00   0.000000e+00  -1.570045e-02   1.539653e-01   1.824560e-03   0.000000e+00
 0.000000e+00   0.000000e+00  -1.914702e-04   0.000000e+00   0.000000e+00  -5.131829e-04   1.824560e-03   4.300066e-02   0.000000e+00
 3.823294e-04   2.086191e-04   0.000000e+00   1.946376e-03   5.255449e-04   0.000000e+00   0.000000e+00   0.000000e+00   4.210848e-02

# timestamp: 1774889087.915922
 9.315243e-04   9.318792e-06   0.000000e+00   4.080461e-04   2.144089e-05   0.000000e+00   0.000000e+00   0.000000e+00   3.983110e-04
 9.318792e-06   8.453228e-04   0.000000e+00   1.936353e-05   2.402245e-04   0.000000e+00   0.000000e+00   0.000000e+00   1.648877e-04
 0.000000e+00   0.000000e+00   1.292647e-03   0.000000e+00   0.000000e+00   1.267122e-03  -5.096939e-03  -7.369384e-04   0.000000e+00
 4.080461e-04   1.936353e-05   0.000000e+00   7.847729e-04   6.074675e-05   0.000000e+00   0.000000e+00   0.000000e+00   1.791932e-03
 2.144089e-05   2.402245e-04   0.000000e+00   6.074675e-05   4.213300e-04   0.000000e+00   0.000000e+00   0.000000e+00   7.209574e-04
 0.000000e+00   0.000000e+00   1.267122e-03   0.000000e+00   0.000000e+00   2.974975e-03  -1.556437e-02  -2.520537e-03   0.000000e+00
 0.000000e+00   0.000000e+00  -5.096939e-03   0.000000e+00   0.000000e+00  -1.556437e-02   1.555383e-01   1.753011e-02   0.000000e+00
 0.000000e+00   0.000000e+00  -7.369384e-04   0.000000e+00   0.000000e+00  -2.520537e-03   1.753011e-02   4.473987e-02   0.000000e+00
 3.983110e-04   1.648877e-04   0.000000e+00   1.791932e-03   7.209574e-04   0.000000e+00   0.000000e+00   0.000000e+00   4.145509e-02

# timestamp: 1774889087.961573
 1.021714e-03   1.148158e-05   0.000000e+00   4.489209e-04   2.571500e-05   0.000000e+00   0.000000e+00   0.000000e+00   4.889012e-04
 1.148158e-05   9.182825e-04   0.000000e+00   2.339588e-05   2.614084e-04   0.000000e+00   0.000000e+00   0.000000e+00   2.017440e-04
 0.000000e+00   0.000000e+00   1.472438e-03   0.000000e+00   0.000000e+00   1.444680e-03  -5.866698e-03  -8.627910e-04   0.000000e+00
 4.489209e-04   2.339588e-05   0.000000e+00   8.085917e-04   6.954170e-05   0.000000e+00   0.000000e+00   0.000000e+00   2.014774e-03
 2.571500e-05   2.614084e-04   0.000000e+00   6.954170e-05   4.302123e-04   0.000000e+00   0.000000e+00   0.000000e+00   8.365498e-04
 0.000000e+00   0.000000e+00   1.444680e-03   0.000000e+00   0.000000e+00   3.152746e-03  -1.640125e-02  -2.732012e-03   0.000000e+00
 0.000000e+00   0.000000e+00  -5.866698e-03   0.000000e+00   0.000000e+00  -1.640125e-02   1.603978e-01   1.753011e-02   0.000000e+00
 0.000000e+00   0.000000e+00  -8.627910e-04   0.000000e+00   0.000000e+00  -2.732012e-03   1.753011e-02   4.959934e-02   0.000000e+00
 4.889012e-04   2.017440e-04   0.000000e+00   2.014774e-03   8.365498e-04   0.000000e+00   0.000000e+00   0.000000e+00   4.631456e-02

# timestamp: 1774889087.9822922
 9.379766e-04   9.818419e-06   0.000000e+00   4.098658e-04   2.367804e-05   0.000000e+00   0.000000e+00   0.000000e+00   4.043689e-04
 9.818419e-06   8.500517e-04   0.000000e+00   2.161245e-05   2.419004e-04   0.000000e+00   0.000000e+00   0.000000e+00   1.695691e-04
 0.000000e+00   0.000000e+00   1.307306e-03   0.000000e+00   0.000000e+00   1.285974e-03  -5.256999e-03  -8.764699e-04   0.000000e+00
 4.098658e-04   2.161245e-05   0.000000e+00   7.806472e-04   6.810185e-05   0.000000e+00   0.000000e+00   0.000000e+00   1.787862e-03
 2.367804e-05   2.419004e-04   0.000000e+00   6.810185e-05   4.245645e-04   0.000000e+00   0.000000e+00   0.000000e+00   7.670140e-04
 0.000000e+00   0.000000e+00   1.285974e-03   0.000000e+00   0.000000e+00   3.004260e-03  -1.587921e-02  -2.943233e-03   0.000000e+00
 0.000000e+00   0.000000e+00  -5.256999e-03   0.000000e+00   0.000000e+00  -1.587921e-02   1.586434e-01   2.039271e-02   0.000000e+00
 0.000000e+00   0.000000e+00  -8.764699e-04   0.000000e+00   0.000000e+00  -2.943233e-03   2.039271e-02   4.572926e-02   0.000000e+00
 4.043689e-04   1.695691e-04   0.000000e+00   1.787862e-03   7.670140e-04   0.000000e+00   0.000000e+00   0.000000e+00   4.173719e-02

# timestamp: 1774889088.2345874
 9.670014e-04   1.211139e-05   0.000000e+00   4.202976e-04   2.946926e-05   0.000000e+00   0.000000e+00   0.000000e+00   4.328218e-04
 1.211139e-05   8.736946e-04   0.000000e+00   2.805179e-05   2.496104e-04   0.000000e+00   0.000000e+00   0.000000e+00   1.914336e-04
 0.000000e+00   0.000000e+00   1.372817e-03   0.000000e+00   0.000000e+00   1.366312e-03  -5.784875e-03  -1.058826e-03   0.000000e+00
 4.202976e-04   2.805179e-05   0.000000e+00   7.789555e-04   8.272144e-05   0.000000e+00   0.000000e+00   0.000000e+00   1.840214e-03
 2.946926e-05   2.496104e-04   0.000000e+00   8.272144e-05   4.314985e-04   0.000000e+00   0.000000e+00   0.000000e+00   8.206191e-04
 0.000000e+00   0.000000e+00   1.366312e-03   0.000000e+00   0.000000e+00   3.127395e-03  -1.687197e-02  -3.355604e-03   0.000000e+00
 0.000000e+00   0.000000e+00  -5.784875e-03   0.000000e+00   0.000000e+00  -1.687197e-02   1.670628e-01   2.230784e-02   0.000000e+00
 0.000000e+00   0.000000e+00  -1.058826e-03   0.000000e+00   0.000000e+00  -3.355604e-03   2.230784e-02   4.745602e-02   0.000000e+00
 4.328218e-04   1.914336e-04   0.000000e+00   1.840214e-03   8.206191e-04   0.000000e+00   0.000000e+00   0.000000e+00   4.320939e-02

# timestamp: 1774889088.254518
 1.010641e-03   1.351444e-05   0.000000e+00   4.398369e-04   3.192247e-05   0.000000e+00   0.000000e+00   0.000000e+00   4.768389e-04
 1.351444e-05   9.091171e-04   0.000000e+00   3.053330e-05   2.599997e-04   0.000000e+00   0.000000e+00   0.000000e+00   2.110391e-04
 0.000000e+00   0.000000e+00   1.462380e-03   0.000000e+00   0.000000e+00   1.456677e-03  -6.184131e-03  -1.138370e-03   0.000000e+00
 4.398369e-04   3.053330e-05   0.000000e+00   7.907503e-04   8.679861e-05   0.000000e+00   0.000000e+00   0.000000e+00   1.951861e-03
 3.192247e-05   2.599997e-04   0.000000e+00   8.679861e-05   4.356028e-04   0.000000e+00   0.000000e+00   0.000000e+00   8.672818e-04
 0.000000e+00   0.000000e+00   1.456677e-03   0.000000e+00   0.000000e+00   3.222036e-03  -1.731549e-02  -3.462281e-03   0.000000e+00
 0.000000e+00   0.000000e+00  -6.184131e-03   0.000000e+00   0.000000e+00  -1.731549e-02   1.694094e-01   2.230784e-02   0.000000e+00
 0.000000e+00   0.000000e+00  -1.138370e-03   0.000000e+00   0.000000e+00  -3.462281e-03   2.230784e-02   4.980263e-02   0.000000e+00
 4.768389e-04   2.110391e-04   0.000000e+00   1.951861e-03   8.672818e-04   0.000000e+00   0.000000e+00   0.000000e+00   4.555600e-02

# timestamp: 1774889088.278228
 9.622871e-04   5.407738e-06   0.000000e+00   4.212337e-04   3.012749e-05   0.000000e+00   0.000000e+00   0.000000e+00   5.302211e-04
 5.407738e-06   8.711396e-04   0.000000e+00   3.013893e-06   2.382744e-04   0.000000e+00   0.000000e+00   0.000000e+00  -4.012240e-04
 0.000000e+00   0.000000e+00   1.376797e-03   0.000000e+00   0.000000e+00   1.363101e-03  -5.982692e-03  -1.307254e-04   0.000000e+00
 4.212337e-04   3.013893e-06   0.000000e+00   7.784939e-04   7.828451e-05   0.000000e+00   0.000000e+00   0.000000e+00   1.865088e-03
 3.012749e-05   2.382744e-04   0.000000e+00   7.828451e-05   4.258834e-04   0.000000e+00   0.000000e+00   0.000000e+00   6.479207e-04
 0.000000e+00   0.000000e+00   1.363101e-03   0.000000e+00   0.000000e+00   3.123977e-03  -1.713072e-02  -2.438081e-03   0.000000e+00
 0.000000e+00   0.000000e+00  -5.982692e-03   0.000000e+00   0.000000e+00  -1.713072e-02   1.697432e-01   1.851202e-02   0.000000e+00
 0.000000e+00   0.000000e+00  -1.307254e-04   0.000000e+00   0.000000e+00  -2.438081e-03   1.851202e-02   4.604375e-02   0.000000e+00
 5.302211e-04  -4.012240e-04   0.000000e+00   1.865088e-03   6.479207e-04   0.000000e+00   0.000000e+00   0.000000e+00   4.289915e-02

# timestamp: 1774889088.3107433
 9.233320e-04   1.172035e-05   0.000000e+00   3.991501e-04   2.898260e-05   0.000000e+00   0.000000e+00   0.000000e+00   3.806256e-04
 1.172035e-05   8.388445e-04   0.000000e+00   2.872401e-05   2.399177e-04   0.000000e+00   0.000000e+00   0.000000e+00   2.117419e-04
 0.000000e+00   0.000000e+00   1.289378e-03   0.000000e+00   0.000000e+00   1.287251e-03  -5.487039e-03  -1.070881e-03   0.000000e+00
 3.991501e-04   2.872401e-05   0.000000e+00   7.635298e-04   8.348776e-05   0.000000e+00   0.000000e+00   0.000000e+00   1.728972e-03
 2.898260e-05   2.399177e-04   0.000000e+00   8.348776e-05   4.285722e-04   0.000000e+00   0.000000e+00   0.000000e+00   7.693478e-04
 0.000000e+00   0.000000e+00   1.287251e-03   0.000000e+00   0.000000e+00   3.063441e-03  -1.674258e-02  -3.367181e-03   0.000000e+00
 0.000000e+00   0.000000e+00  -5.487039e-03   0.000000e+00   0.000000e+00  -1.674258e-02   1.676300e-01   2.288358e-02   0.000000e+00
 0.000000e+00   0.000000e+00  -1.070881e-03   0.000000e+00   0.000000e+00  -3.367181e-03   2.288358e-02   4.506063e-02   0.000000e+00
 3.806256e-04   2.117419e-04   0.000000e+00   1.728972e-03   7.693478e-04   0.000000e+00   0.000000e+00   0.000000e+00   4.075980e-02

# timestamp: 1774889088.3287985
 9.604226e-04   1.294034e-05   0.000000e+00   4.157218e-04   3.101578e-05   0.000000e+00   0.000000e+00   0.000000e+00   4.165880e-04
 1.294034e-05   8.692754e-04   0.000000e+00   3.093736e-05   2.488821e-04   0.000000e+00   0.000000e+00   0.000000e+00   2.276828e-04
 0.000000e+00   0.000000e+00   1.363910e-03   0.000000e+00   0.000000e+00   1.363781e-03  -5.831899e-03  -1.140287e-03   0.000000e+00
 4.157218e-04   3.093736e-05   0.000000e+00   7.733355e-04   8.654734e-05   0.000000e+00   0.000000e+00   0.000000e+00   1.821084e-03
 3.101578e-05   2.488821e-04   0.000000e+00   8.654734e-05   4.318043e-04   0.000000e+00   0.000000e+00   0.000000e+00   8.012147e-04
 0.000000e+00   0.000000e+00   1.363781e-03   0.000000e+00   0.000000e+00   3.144712e-03  -1.712944e-02  -3.452342e-03   0.000000e+00
 0.000000e+00   0.000000e+00  -5.831899e-03   0.000000e+00   0.000000e+00  -1.712944e-02   1.696741e-01   2.288358e-02   0.000000e+00
 0.000000e+00   0.000000e+00  -1.140287e-03   0.000000e+00   0.000000e+00  -3.452342e-03   2.288358e-02   4.710472e-02   0.000000e+00
 4.165880e-04   2.276828e-04   0.000000e+00   1.821084e-03   8.012147e-04   0.000000e+00   0.000000e+00   0.000000e+00   4.280388e-02

# timestamp: 1774889088.5282342
 9.415691e-04   1.447598e-05   0.000000e+00   4.046943e-04   3.310501e-05   0.000000e+00   0.000000e+00   0.000000e+00   3.956552e-04
 1.447598e-05   8.555475e-04   0.000000e+00   3.558343e-05   2.452887e-04   0.000000e+00   0.000000e+00   0.000000e+00   2.618653e-04
 0.000000e+00   0.000000e+00   1.337778e-03   0.000000e+00   0.000000e+00   1.351997e-03  -5.919224e-03  -1.198788e-03   0.000000e+00
 4.046943e-04   3.558343e-05   0.000000e+00   7.623846e-04   8.936211e-05   0.000000e+00   0.000000e+00   0.000000e+00   1.780415e-03
 3.310501e-05   2.452887e-04   0.000000e+00   8.936211e-05   4.287356e-04   0.000000e+00   0.000000e+00   0.000000e+00   6.907026e-04
 0.000000e+00   0.000000e+00   1.351997e-03   0.000000e+00   0.000000e+00   3.168762e-03  -1.759481e-02  -3.400892e-03   0.000000e+00
 0.000000e+00   0.000000e+00  -5.919224e-03   0.000000e+00   0.000000e+00  -1.759481e-02   1.744259e-01   2.289167e-02   0.000000e+00
 0.000000e+00   0.000000e+00  -1.198788e-03   0.000000e+00   0.000000e+00  -3.400892e-03   2.289167e-02   4.588272e-02   0.000000e+00
 3.956552e-04   2.618653e-04   0.000000e+00   1.780415e-03   6.907026e-04   0.000000e+00   0.000000e+00   0.000000e+00   4.181052e-02

# timestamp: 1774889088.6110523
 1.010168e-03   1.061799e-05   0.000000e+00   4.372647e-04   3.651656e-05   0.000000e+00   0.000000e+00   0.000000e+00   5.334916e-04
 1.061799e-05   9.111231e-04   0.000000e+00   1.331833e-05   2.525464e-04   0.000000e+00   0.000000e+00   0.000000e+00  -3.080867e-04
 0.000000e+00   0.000000e+00   1.478970e-03   0.000000e+00   0.000000e+00   1.483262e-03  -6.643899e-03  -3.265625e-04   0.000000e+00
 4.372647e-04   1.331833e-05   0.000000e+00   7.813522e-04   8.665217e-05   0.000000e+00   0.000000e+00   0.000000e+00   1.978937e-03
 3.651656e-05   2.525464e-04   0.000000e+00   8.665217e-05   4.279460e-04   0.000000e+00   0.000000e+00   0.000000e+00   5.359600e-04
 0.000000e+00   0.000000e+00   1.483262e-03   0.000000e+00   0.000000e+00   3.299638e-03  -1.840270e-02  -2.460246e-03   0.000000e+00
 0.000000e+00   0.000000e+00  -6.643899e-03   0.000000e+00   0.000000e+00  -1.840270e-02   1.795243e-01   1.797599e-02   0.000000e+00
 0.000000e+00   0.000000e+00  -3.265625e-04   0.000000e+00   0.000000e+00  -2.460246e-03   1.797599e-02   4.819795e-02   0.000000e+00
 5.334916e-04  -3.080867e-04   0.000000e+00   1.978937e-03   5.359600e-04   0.000000e+00   0.000000e+00   0.000000e+00   4.551812e-02

# timestamp: 1774889088.890343
 8.659040e-04   1.509483e-05   0.000000e+00   3.684373e-04   3.293901e-05   0.000000e+00   0.000000e+00   0.000000e+00   3.442731e-04
 1.509483e-05   7.938080e-04   0.000000e+00   3.663775e-05   2.265728e-04   0.000000e+00   0.000000e+00   0.000000e+00   1.642601e-04
 0.000000e+00   0.000000e+00   1.202922e-03   0.000000e+00   0.000000e+00   1.230312e-03  -5.550253e-03  -5.659101e-04   0.000000e+00
 3.684373e-04   3.663775e-05   0.000000e+00   7.358539e-04   8.447546e-05   0.000000e+00   0.000000e+00   0.000000e+00   1.634148e-03
 3.293901e-05   2.265728e-04   0.000000e+00   8.447546e-05   4.167502e-04   0.000000e+00   0.000000e+00   0.000000e+00   4.429170e-04
 0.000000e+00   0.000000e+00   1.230312e-03   0.000000e+00   0.000000e+00   3.074136e-03  -1.757590e-02  -1.645787e-03   0.000000e+00
 0.000000e+00   0.000000e+00  -5.550253e-03   0.000000e+00   0.000000e+00  -1.757590e-02   1.772345e-01   9.275315e-03   0.000000e+00
 0.000000e+00   0.000000e+00  -5.659101e-04   0.000000e+00   0.000000e+00  -1.645787e-03   9.275315e-03   3.891710e-02   0.000000e+00
 3.442731e-04   1.642601e-04   0.000000e+00   1.634148e-03   4.429170e-04   0.000000e+00   0.000000e+00   0.000000e+00   3.805723e-02

# timestamp: 1774889089.0127022
 9.796771e-04   2.107999e-05   0.000000e+00   4.186194e-04   3.999596e-05   0.000000e+00   0.000000e+00   0.000000e+00   4.707283e-04
 2.107999e-05   8.895589e-04   0.000000e+00   4.569299e-05   2.539077e-04   0.000000e+00   0.000000e+00   0.000000e+00   2.621440e-04
 0.000000e+00   0.000000e+00   1.441887e-03   0.000000e+00   0.000000e+00   1.484151e-03  -6.745580e-03  -5.844195e-04   0.000000e+00
 4.186194e-04   4.569299e-05   0.000000e+00   7.689109e-04   9.137971e-05   0.000000e+00   0.000000e+00   0.000000e+00   1.973281e-03
 3.999596e-05   2.539077e-04   0.000000e+00   9.137971e-05   4.234881e-04   0.000000e+00   0.000000e+00   0.000000e+00   5.187216e-04
 0.000000e+00   0.000000e+00   1.484151e-03   0.000000e+00   0.000000e+00   3.359845e-03  -1.899533e-02  -1.318725e-03   0.000000e+00
 0.000000e+00   0.000000e+00  -6.745580e-03   0.000000e+00   0.000000e+00  -1.899533e-02   1.841408e-01   4.732823e-03   0.000000e+00
 0.000000e+00   0.000000e+00  -5.844195e-04   0.000000e+00   0.000000e+00  -1.318725e-03   4.732823e-03   4.461250e-02   0.000000e+00
 4.707283e-04   2.621440e-04   0.000000e+00   1.973281e-03   5.187216e-04   0.000000e+00   0.000000e+00   0.000000e+00   4.415797e-02

# timestamp: 1774889089.3222024
 9.278617e-04   2.034389e-05   0.000000e+00   3.948386e-04   3.869133e-05   0.000000e+00   0.000000e+00   0.000000e+00   4.350974e-04
 2.034389e-05   8.474338e-04   0.000000e+00   4.398770e-05   2.404982e-04   0.000000e+00   0.000000e+00   0.000000e+00   2.220340e-04
 0.000000e+00   0.000000e+00   1.336148e-03   0.000000e+00   0.000000e+00   1.379367e-03  -6.289318e-03  -2.910162e-05   0.000000e+00
 3.948386e-04   4.398770e-05   0.000000e+00   7.564716e-04   8.857043e-05   0.000000e+00   0.000000e+00   0.000000e+00   1.876254e-03
 3.869133e-05   2.404982e-04   0.000000e+00   8.857043e-05   4.162815e-04   0.000000e+00   0.000000e+00   0.000000e+00   4.580157e-04
 0.000000e+00   0.000000e+00   1.379367e-03   0.000000e+00   0.000000e+00   3.267625e-03  -1.862548e-02   1.862907e-04   0.000000e+00
 0.000000e+00   0.000000e+00  -6.289318e-03   0.000000e+00   0.000000e+00  -1.862548e-02   1.823346e-01  -7.421510e-03   0.000000e+00
 0.000000e+00   0.000000e+00  -2.910162e-05   0.000000e+00   0.000000e+00   1.862907e-04  -7.421510e-03   4.196017e-02   0.000000e+00
 4.350974e-04   2.220340e-04   0.000000e+00   1.876254e-03   4.580157e-04   0.000000e+00   0.000000e+00   0.000000e+00   4.131942e-02

# timestamp: 1774889089.7991567
 8.600054e-04   1.828448e-05   0.000000e+00   3.651206e-04   3.474551e-05   0.000000e+00   0.000000e+00   0.000000e+00   3.633169e-04
 1.828448e-05   7.900720e-04   0.000000e+00   3.937815e-05   2.215845e-04   0.000000e+00   0.000000e+00   0.000000e+00   1.491623e-04
 0.000000e+00   0.000000e+00   1.212795e-03   0.000000e+00   0.000000e+00   1.280999e-03  -5.852984e-03   2.416195e-05   0.000000e+00
 3.651206e-04   3.937815e-05   0.000000e+00   7.445777e-04   7.888106e-05   0.000000e+00   0.000000e+00   0.000000e+00   1.749764e-03
 3.474551e-05   2.215845e-04   0.000000e+00   7.888106e-05   4.043061e-04   0.000000e+00   0.000000e+00   0.000000e+00   3.059432e-04
 0.000000e+00   0.000000e+00   1.280999e-03   0.000000e+00   0.000000e+00   3.269965e-03  -1.879892e-02   2.522329e-04   0.000000e+00
 0.000000e+00   0.000000e+00  -5.852984e-03   0.000000e+00   0.000000e+00  -1.879892e-02   1.824217e-01  -4.670640e-03   0.000000e+00
 0.000000e+00   0.000000e+00   2.416195e-05   0.000000e+00   0.000000e+00   2.522329e-04  -4.670640e-03   3.799227e-02   0.000000e+00
 3.633169e-04   1.491623e-04   0.000000e+00   1.749764e-03   3.059432e-04   0.000000e+00   0.000000e+00   0.000000e+00   3.769022e-02

# timestamp: 1774889089.9940512
 8.571108e-04   1.798215e-05   0.000000e+00   3.648865e-04   3.355234e-05   0.000000e+00   0.000000e+00   0.000000e+00   3.648868e-04
 1.798215e-05   7.864165e-04   0.000000e+00   3.742060e-05   2.194065e-04   0.000000e+00   0.000000e+00   0.000000e+00   9.732377e-05
 0.000000e+00   0.000000e+00   1.214892e-03   0.000000e+00   0.000000e+00   1.299257e-03  -5.934527e-03  -7.597401e-05   0.000000e+00
 3.648865e-04   3.742060e-05   0.000000e+00   7.475087e-04   7.371831e-05   0.000000e+00   0.000000e+00   0.000000e+00   1.757917e-03
 3.355234e-05   2.194065e-04   0.000000e+00   7.371831e-05   4.008385e-04   0.000000e+00   0.000000e+00   0.000000e+00   2.426789e-04
 0.000000e+00   0.000000e+00   1.299257e-03   0.000000e+00   0.000000e+00   3.334560e-03  -1.907632e-02  -1.950920e-04   0.000000e+00
 0.000000e+00   0.000000e+00  -5.934527e-03   0.000000e+00   0.000000e+00  -1.907632e-02   1.824983e-01   3.121382e-04   0.000000e+00
 0.000000e+00   0.000000e+00  -7.597401e-05   0.000000e+00   0.000000e+00  -1.950920e-04   3.121382e-04   3.776325e-02   0.000000e+00
 3.648868e-04   9.732377e-05   0.000000e+00   1.757917e-03   2.426789e-04   0.000000e+00   0.000000e+00   0.000000e+00   3.760489e-02

# timestamp: 1774889090.0152423
 9.352323e-04   2.127778e-05   0.000000e+00   4.005617e-04   3.697015e-05   0.000000e+00   0.000000e+00   0.000000e+00   4.452489e-04
 2.127778e-05   8.509200e-04   0.000000e+00   4.125593e-05   2.373335e-04   0.000000e+00   0.000000e+00   0.000000e+00   1.082199e-04
 0.000000e+00   0.000000e+00   1.381625e-03   0.000000e+00   0.000000e+00   1.483695e-03  -6.790777e-03  -8.478302e-05   0.000000e+00
 4.005617e-04   4.125593e-05   0.000000e+00   7.713798e-04   7.559653e-05   0.000000e+00   0.000000e+00   0.000000e+00   1.970957e-03
 3.697015e-05   2.373335e-04   0.000000e+00   7.559653e-05   4.054213e-04   0.000000e+00   0.000000e+00   0.000000e+00   2.553761e-04
 0.000000e+00   0.000000e+00   1.483695e-03   0.000000e+00   0.000000e+00   3.543185e-03  -2.004530e-02  -2.094668e-04   0.000000e+00
 0.000000e+00   0.000000e+00  -6.790777e-03   0.000000e+00   0.000000e+00  -2.004530e-02   1.869263e-01   3.121382e-04   0.000000e+00
 0.000000e+00   0.000000e+00  -8.478302e-05   0.000000e+00   0.000000e+00  -2.094668e-04   3.121382e-04   4.219128e-02   0.000000e+00
 4.452489e-04   1.082199e-04   0.000000e+00   1.970957e-03   2.553761e-04   0.000000e+00   0.000000e+00   0.000000e+00   4.203292e-02

# timestamp: 1774889090.0423844
 9.722894e-04   2.290634e-05   0.000000e+00   4.175155e-04   3.858511e-05   0.000000e+00   0.000000e+00   0.000000e+00   4.861301e-04
 2.290634e-05   8.811538e-04   0.000000e+00   4.307158e-05   2.456433e-04   0.000000e+00   0.000000e+00   0.000000e+00   1.134680e-04
 0.000000e+00   0.000000e+00   1.464217e-03   0.000000e+00   0.000000e+00   1.573596e-03  -7.202502e-03  -8.910036e-05   0.000000e+00
 4.175155e-04   4.307158e-05   0.000000e+00   7.831348e-04   7.650684e-05   0.000000e+00   0.000000e+00   0.000000e+00   2.075182e-03
 3.858511e-05   2.456433e-04   0.000000e+00   7.650684e-05   4.075341e-04   0.000000e+00   0.000000e+00   0.000000e+00   2.615880e-04
 0.000000e+00   0.000000e+00   1.573596e-03   0.000000e+00   0.000000e+00   3.642658e-03  -2.049758e-02  -2.164511e-04   0.000000e+00
 0.000000e+00   0.000000e+00  -7.202502e-03   0.000000e+00   0.000000e+00  -2.049758e-02   1.889650e-01   3.121382e-04   0.000000e+00
 0.000000e+00   0.000000e+00  -8.910036e-05   0.000000e+00   0.000000e+00  -2.164511e-04   3.121382e-04   4.423002e-02   0.000000e+00
 4.861301e-04   1.134680e-04   0.000000e+00   2.075182e-03   2.615880e-04   0.000000e+00   0.000000e+00   0.000000e+00   4.407166e-02

# timestamp: 1774889090.387428
 1.047733e-03   2.496156e-05   0.000000e+00   4.502331e-04   3.781239e-05   0.000000e+00   0.000000e+00   0.000000e+00   5.199562e-04
 2.496156e-05   9.422683e-04   0.000000e+00   4.431896e-05   2.597016e-04   0.000000e+00   0.000000e+00   0.000000e+00   1.882508e-04
 0.000000e+00   0.000000e+00   1.617375e-03   0.000000e+00   0.000000e+00   1.711093e-03  -7.606492e-03  -6.238921e-04   0.000000e+00
 4.502331e-04   4.431896e-05   0.000000e+00   8.069264e-04   6.757096e-05   0.000000e+00   0.000000e+00   0.000000e+00   2.239592e-03
 3.781239e-05   2.597016e-04   0.000000e+00   6.757096e-05   4.066190e-04   0.000000e+00   0.000000e+00   0.000000e+00   2.086332e-04
 0.000000e+00   0.000000e+00   1.711093e-03   0.000000e+00   0.000000e+00   3.751243e-03  -2.063723e-02  -1.351719e-03   0.000000e+00
 0.000000e+00   0.000000e+00  -7.606492e-03   0.000000e+00   0.000000e+00  -2.063723e-02   1.880327e-01   9.272256e-03   0.000000e+00
 0.000000e+00   0.000000e+00  -6.238921e-04   0.000000e+00   0.000000e+00  -1.351719e-03   9.272256e-03   4.841917e-02   0.000000e+00
 5.199562e-04   1.882508e-04   0.000000e+00   2.239592e-03   2.086332e-04   0.000000e+00   0.000000e+00   0.000000e+00   4.761198e-02

# timestamp: 1774889090.429054
 9.304293e-04   1.949429e-05   0.000000e+00   3.958712e-04   3.217251e-05   0.000000e+00   0.000000e+00   0.000000e+00   3.720078e-04
 1.949429e-05   8.474682e-04   0.000000e+00   3.775051e-05   2.331227e-04   0.000000e+00   0.000000e+00   0.000000e+00   1.830431e-04
 0.000000e+00   0.000000e+00   1.345149e-03   0.000000e+00   0.000000e+00   1.409270e-03  -6.174409e-03  -6.102143e-04   0.000000e+00
 3.958712e-04   3.775051e-05   0.000000e+00   7.698548e-04   6.214886e-05   0.000000e+00   0.000000e+00   0.000000e+00   1.893034e-03
 3.217251e-05   2.331227e-04   0.000000e+00   6.214886e-05   3.985944e-04   0.000000e+00   0.000000e+00   0.000000e+00   1.800427e-04
 0.000000e+00   0.000000e+00   1.409270e-03   0.000000e+00   0.000000e+00   3.411547e-03  -1.901380e-02  -1.440667e-03   0.000000e+00
 0.000000e+00   0.000000e+00  -6.174409e-03   0.000000e+00   0.000000e+00  -1.901380e-02   1.804733e-01   1.063667e-02   0.000000e+00
 0.000000e+00   0.000000e+00  -6.102143e-04   0.000000e+00   0.000000e+00  -1.440667e-03   1.063667e-02   4.207424e-02   0.000000e+00
 3.720078e-04   1.830431e-04   0.000000e+00   1.893034e-03   1.800427e-04   0.000000e+00   0.000000e+00   0.000000e+00   4.107835e-02

# timestamp: 1774889090.4842772
 9.384363e-04   1.354653e-05   0.000000e+00   4.015601e-04   3.048770e-05   0.000000e+00   0.000000e+00   0.000000e+00   4.386912e-04
 1.354653e-05   8.561702e-04   0.000000e+00   1.049748e-05   2.332480e-04   0.000000e+00   0.000000e+00   0.000000e+00  -4.132538e-04
 0.000000e+00   0.000000e+00   1.382310e-03   0.000000e+00   0.000000e+00   1.456848e-03  -6.530588e-03   3.123021e-04   0.000000e+00
 4.015601e-04   1.049748e-05   0.000000e+00   7.718924e-04   5.386744e-05   0.000000e+00   0.000000e+00   0.000000e+00   1.912282e-03
 3.048770e-05   2.332480e-04   0.000000e+00   5.386744e-05   3.975768e-04   0.000000e+00   0.000000e+00   0.000000e+00   2.263903e-05
 0.000000e+00   0.000000e+00   1.456848e-03   0.000000e+00   0.000000e+00   3.463066e-03  -1.938734e-02  -5.187051e-04   0.000000e+00
 0.000000e+00   0.000000e+00  -6.530588e-03   0.000000e+00   0.000000e+00  -1.938734e-02   1.832151e-01   6.740814e-03   0.000000e+00
 0.000000e+00   0.000000e+00   3.123021e-04   0.000000e+00   0.000000e+00  -5.187051e-04   6.740814e-03   4.228779e-02   0.000000e+00
 4.386912e-04  -4.132538e-04   0.000000e+00   1.912282e-03   2.263903e-05   0.000000e+00   0.000000e+00   0.000000e+00   4.167811e-02

# timestamp: 1774889090.7559247
 9.880050e-04   2.001895e-05   0.000000e+00   4.204433e-04   3.179478e-05   0.000000e+00   0.000000e+00   0.000000e+00   4.370503e-04
 2.001895e-05   8.923920e-04   0.000000e+00   3.590704e-05   2.441025e-04   0.000000e+00   0.000000e+00   0.000000e+00   1.381577e-04
 0.000000e+00   0.000000e+00   1.471183e-03   0.000000e+00   0.000000e+00   1.525313e-03  -6.850070e-03  -6.167478e-04   0.000000e+00
 4.204433e-04   3.590704e-05   0.000000e+00   7.714210e-04   5.898205e-05   0.000000e+00   0.000000e+00   0.000000e+00   1.910608e-03
 3.179478e-05   2.441025e-04   0.000000e+00   5.898205e-05   3.992827e-04   0.000000e+00   0.000000e+00   0.000000e+00   2.338739e-04
 0.000000e+00   0.000000e+00   1.525313e-03   0.000000e+00   0.000000e+00   3.441151e-03  -1.927449e-02  -1.522187e-03   0.000000e+00
 0.000000e+00   0.000000e+00  -6.850070e-03   0.000000e+00   0.000000e+00  -1.927449e-02   1.859290e-01   1.034762e-02   0.000000e+00
 0.000000e+00   0.000000e+00  -6.167478e-04   0.000000e+00   0.000000e+00  -1.522187e-03   1.034762e-02   4.574795e-02   0.000000e+00
 4.370503e-04   1.381577e-04   0.000000e+00   1.910608e-03   2.338739e-04   0.000000e+00   0.000000e+00   0.000000e+00   4.484808e-02

# timestamp: 1774889091.242681
 9.603023e-04   1.698538e-05   0.000000e+00   3.976676e-04   2.738685e-05   0.000000e+00   0.000000e+00   0.000000e+00   3.643783e-04
 1.698538e-05   8.715813e-04   0.000000e+00   3.140621e-05   2.370063e-04   0.000000e+00   0.000000e+00   0.000000e+00   1.872001e-04
 0.000000e+00   0.000000e+00   1.369337e-03   0.000000e+00   0.000000e+00   1.310784e-03  -5.977725e-03   2.920769e-05   0.000000e+00
 3.976676e-04   3.140621e-05   0.000000e+00   7.186337e-04   5.283208e-05   0.000000e+00   0.000000e+00   0.000000e+00   1.553875e-03
 2.738685e-05   2.370063e-04   0.000000e+00   5.283208e-05   3.951427e-04   0.000000e+00   0.000000e+00   0.000000e+00   2.830257e-04
 0.000000e+00   0.000000e+00   1.310784e-03   0.000000e+00   0.000000e+00   2.874886e-03  -1.662913e-02   3.867254e-04   0.000000e+00
 0.000000e+00   0.000000e+00  -5.977725e-03   0.000000e+00   0.000000e+00  -1.662913e-02   1.826042e-01  -8.381987e-03   0.000000e+00
 0.000000e+00   0.000000e+00   2.920769e-05   0.000000e+00   0.000000e+00   3.867254e-04  -8.381987e-03   4.450915e-02   0.000000e+00
 3.643783e-04   1.872001e-04   0.000000e+00   1.553875e-03   2.830257e-04   0.000000e+00   0.000000e+00   0.000000e+00   4.366692e-02

# timestamp: 1774889091.4500954
 9.813996e-04   1.687180e-05   0.000000e+00   4.001059e-04   2.634934e-05   0.000000e+00   0.000000e+00   0.000000e+00   3.686479e-04
 1.687180e-05   8.901677e-04   0.000000e+00   3.016539e-05   2.410979e-04   0.000000e+00   0.000000e+00   0.000000e+00   1.615747e-04
 0.000000e+00   0.000000e+00   1.390534e-03   0.000000e+00   0.000000e+00   1.273845e-03  -5.917342e-03   4.480832e-04   0.000000e+00
 4.001059e-04   3.016539e-05   0.000000e+00   6.995706e-04   4.869960e-05   0.000000e+00   0.000000e+00   0.000000e+00   1.465817e-03
 2.634934e-05   2.410979e-04   0.000000e+00   4.869960e-05   3.948511e-04   0.000000e+00   0.000000e+00   0.000000e+00   2.390887e-04
 0.000000e+00   0.000000e+00   1.273845e-03   0.000000e+00   0.000000e+00   2.665401e-03  -1.567087e-02   1.411290e-03   0.000000e+00
 0.000000e+00   0.000000e+00  -5.917342e-03   0.000000e+00   0.000000e+00  -1.567087e-02   1.829320e-01  -1.857304e-02   0.000000e+00
 0.000000e+00   0.000000e+00   4.480832e-04   0.000000e+00   0.000000e+00   1.411290e-03  -1.857304e-02   4.768643e-02   0.000000e+00
 3.686479e-04   1.615747e-04   0.000000e+00   1.465817e-03   2.390887e-04   0.000000e+00   0.000000e+00   0.000000e+00   4.484078e-02

# timestamp: 1774889091.493516
 9.578369e-04   1.313996e-05   0.000000e+00   3.830181e-04   2.368047e-05   0.000000e+00   0.000000e+00   0.000000e+00   1.573481e-04
 1.313996e-05   8.772192e-04   0.000000e+00   1.027620e-05   2.347771e-04   0.000000e+00   0.000000e+00   0.000000e+00  -4.483483e-04
 0.000000e+00   0.000000e+00   1.320452e-03   0.000000e+00   0.000000e+00   1.161855e-03  -5.046894e-03   1.395147e-03   0.000000e+00
 3.830181e-04   1.027620e-05   0.000000e+00   6.844604e-04   4.159225e-05   0.000000e+00   0.000000e+00   0.000000e+00   1.312509e-03
 2.368047e-05   2.347771e-04   0.000000e+00   4.159225e-05   3.920820e-04   0.000000e+00   0.000000e+00   0.000000e+00   5.618488e-05
 0.000000e+00   0.000000e+00   1.161855e-03   0.000000e+00   0.000000e+00   2.493871e-03  -1.451466e-02   2.407797e-03   0.000000e+00
 0.000000e+00   0.000000e+00  -5.046894e-03   0.000000e+00   0.000000e+00  -1.451466e-02   1.766282e-01  -2.462675e-02   0.000000e+00
 0.000000e+00   0.000000e+00   1.395147e-03   0.000000e+00   0.000000e+00   2.407797e-03  -2.462675e-02   4.846066e-02   0.000000e+00
 1.573481e-04  -4.483483e-04   0.000000e+00   1.312509e-03   5.618488e-05   0.000000e+00   0.000000e+00   0.000000e+00   4.356350e-02

# timestamp: 1774889091.7821872
 8.638416e-04   1.168377e-05   0.000000e+00   3.350967e-04   1.938271e-05   0.000000e+00   0.000000e+00   0.000000e+00   1.415742e-04
 1.168377e-05   7.977295e-04   0.000000e+00   2.262332e-05   2.147574e-04   0.000000e+00   0.000000e+00   0.000000e+00   1.269949e-04
 0.000000e+00   0.000000e+00   1.103399e-03   0.000000e+00   0.000000e+00   8.889508e-04  -3.907982e-03   1.401065e-04   0.000000e+00
 3.350967e-04   2.262332e-05   0.000000e+00   6.272814e-04   3.774763e-05   0.000000e+00   0.000000e+00   0.000000e+00   9.392720e-04
 1.938271e-05   2.147574e-04   0.000000e+00   3.774763e-05   3.855491e-04   0.000000e+00   0.000000e+00   0.000000e+00   1.486654e-04
 0.000000e+00   0.000000e+00   8.889508e-04   0.000000e+00   0.000000e+00   2.016196e-03  -1.247785e-02   7.013790e-04   0.000000e+00
 0.000000e+00   0.000000e+00  -3.907982e-03   0.000000e+00   0.000000e+00  -1.247785e-02   1.811967e-01  -1.050019e-02   0.000000e+00
 0.000000e+00   0.000000e+00   1.401065e-04   0.000000e+00   0.000000e+00   7.013790e-04  -1.050019e-02   3.961965e-02   0.000000e+00
 1.415742e-04   1.269949e-04   0.000000e+00   9.392720e-04   1.486654e-04   0.000000e+00   0.000000e+00   0.000000e+00   3.858871e-02

# timestamp: 1774889092.0290964
 9.208208e-04   1.220680e-05   0.000000e+00   3.485383e-04   1.845955e-05   0.000000e+00   0.000000e+00   0.000000e+00   1.561109e-04
 1.220680e-05   8.492652e-04   0.000000e+00   2.125358e-05   2.276556e-04   0.000000e+00   0.000000e+00   0.000000e+00   8.688768e-05
 0.000000e+00   0.000000e+00   1.183883e-03   0.000000e+00   0.000000e+00   9.030471e-04  -4.182976e-03  -1.161338e-04   0.000000e+00
 3.485383e-04   2.125358e-05   0.000000e+00   6.083158e-04   3.072451e-05   0.000000e+00   0.000000e+00   0.000000e+00   8.740415e-04
 1.845955e-05   2.276556e-04   0.000000e+00   3.072451e-05   3.875089e-04   0.000000e+00   0.000000e+00   0.000000e+00   8.266761e-06
 0.000000e+00   0.000000e+00   9.030471e-04   0.000000e+00   0.000000e+00   1.857147e-03  -1.175388e-02  -1.063398e-04   0.000000e+00
 0.000000e+00   0.000000e+00  -4.182976e-03   0.000000e+00   0.000000e+00  -1.175388e-02   1.856820e-01   3.132347e-03   0.000000e+00
 0.000000e+00   0.000000e+00  -1.161338e-04   0.000000e+00   0.000000e+00  -1.063398e-04   3.132347e-03   4.270254e-02   0.000000e+00
 1.561109e-04   8.688768e-05   0.000000e+00   8.740415e-04   8.266761e-06   0.000000e+00   0.000000e+00   0.000000e+00   4.216014e-02

# timestamp: 1774889092.0498557
 9.771506e-04   1.354281e-05   0.000000e+00   3.688165e-04   1.937611e-05   0.000000e+00   0.000000e+00   0.000000e+00   1.854696e-04
 1.354281e-05   8.974200e-04   0.000000e+00   2.236980e-05   2.403917e-04   0.000000e+00   0.000000e+00   0.000000e+00   8.689941e-05
 0.000000e+00   0.000000e+00   1.278073e-03   0.000000e+00   0.000000e+00   9.701369e-04  -4.571473e-03  -1.194089e-04   0.000000e+00
 3.688165e-04   2.236980e-05   0.000000e+00   6.139561e-04   3.027643e-05   0.000000e+00   0.000000e+00   0.000000e+00   9.318662e-04
 1.937611e-05   2.403917e-04   0.000000e+00   3.027643e-05   3.907915e-04   0.000000e+00   0.000000e+00   0.000000e+00  -1.352970e-05
 0.000000e+00   0.000000e+00   9.701369e-04   0.000000e+00   0.000000e+00   1.891384e-03  -1.199781e-02  -8.837136e-05   0.000000e+00
 0.000000e+00   0.000000e+00  -4.571473e-03   0.000000e+00   0.000000e+00  -1.199781e-02   1.889622e-01   3.132347e-03   0.000000e+00
 0.000000e+00   0.000000e+00  -1.194089e-04   0.000000e+00   0.000000e+00  -8.837136e-05   3.132347e-03   4.598275e-02   0.000000e+00
 1.854696e-04   8.689941e-05   0.000000e+00   9.318662e-04  -1.352970e-05   0.000000e+00   0.000000e+00   0.000000e+00   4.544035e-02

# timestamp: 1774889092.1105268
 8.984598e-04   1.112684e-05   0.000000e+00   3.360292e-04   1.692507e-05   0.000000e+00   0.000000e+00   0.000000e+00   1.255746e-04
 1.112684e-05   8.320914e-04   0.000000e+00   1.953581e-05   2.225778e-04   0.000000e+00   0.000000e+00   0.000000e+00   9.781753e-05
 0.000000e+00   0.000000e+00   1.137246e-03   0.000000e+00   0.000000e+00   8.418204e-04  -3.872711e-03  -3.061603e-04   0.000000e+00
 3.360292e-04   1.953581e-05   0.000000e+00   5.938470e-04   2.733514e-05   0.000000e+00   0.000000e+00   0.000000e+00   7.969969e-04
 1.692507e-05   2.225778e-04   0.000000e+00   2.733514e-05   3.857795e-04   0.000000e+00   0.000000e+00   0.000000e+00  -3.951795e-05
 0.000000e+00   0.000000e+00   8.418204e-04   0.000000e+00   0.000000e+00   1.740859e-03  -1.106800e-02  -5.573069e-04   0.000000e+00
 0.000000e+00   0.000000e+00  -3.872711e-03   0.000000e+00   0.000000e+00  -1.106800e-02   1.838786e-01   1.065608e-02   0.000000e+00
 0.000000e+00   0.000000e+00  -3.061603e-04   0.000000e+00   0.000000e+00  -5.573069e-04   1.065608e-02   4.213528e-02   0.000000e+00
 1.255746e-04   9.781753e-05   0.000000e+00   7.969969e-04  -3.951795e-05   0.000000e+00   0.000000e+00   0.000000e+00   4.081598e-02

# timestamp: 1774889092.4064968
 8.883339e-04   9.490537e-06   0.000000e+00   3.218939e-04   1.383348e-05   0.000000e+00   0.000000e+00   0.000000e+00   1.505209e-04
 9.490537e-06   8.278179e-04   0.000000e+00   1.545193e-05   2.209954e-04   0.000000e+00   0.000000e+00   0.000000e+00   3.522214e-05
 0.000000e+00   0.000000e+00   1.115391e-03   0.000000e+00   0.000000e+00   7.845218e-04  -4.108267e-03  -4.618208e-04   0.000000e+00
 3.218939e-04   1.545193e-05   0.000000e+00   5.611734e-04   2.068018e-05   0.000000e+00   0.000000e+00   0.000000e+00   6.694384e-04
 1.383348e-05   2.209954e-04   0.000000e+00   2.068018e-05   3.843964e-04   0.000000e+00   0.000000e+00   0.000000e+00  -6.289906e-05
 0.000000e+00   0.000000e+00   7.845218e-04   0.000000e+00   0.000000e+00   1.551376e-03  -1.061131e-02  -1.032608e-03   0.000000e+00
 0.000000e+00   0.000000e+00  -4.108267e-03   0.000000e+00   0.000000e+00  -1.061131e-02   1.983449e-01   1.903372e-02   0.000000e+00
 0.000000e+00   0.000000e+00  -4.618208e-04   0.000000e+00   0.000000e+00  -1.032608e-03   1.903372e-02   4.342627e-02   0.000000e+00
 1.505209e-04   3.522214e-05   0.000000e+00   6.694384e-04  -6.289906e-05   0.000000e+00   0.000000e+00   0.000000e+00   4.093303e-02

# timestamp: 1774889092.4804537
 9.525945e-04   7.720191e-06   0.000000e+00   3.419486e-04   1.349711e-05   0.000000e+00   0.000000e+00   0.000000e+00   1.906431e-04
 7.720191e-06   8.921543e-04   0.000000e+00   5.952867e-06   2.386655e-04   0.000000e+00   0.000000e+00   0.000000e+00  -5.451522e-04
 0.000000e+00   0.000000e+00   1.217249e-03   0.000000e+00   0.000000e+00   8.334530e-04  -4.369528e-03   3.412367e-04   0.000000e+00
 3.419486e-04   5.952867e-06   0.000000e+00   5.613382e-04   1.747687e-05   0.000000e+00   0.000000e+00   0.000000e+00   7.010386e-04
 1.349711e-05   2.386655e-04   0.000000e+00   1.747687e-05   3.889247e-04   0.000000e+00   0.000000e+00   0.000000e+00  -1.935420e-04
 0.000000e+00   0.000000e+00   8.334530e-04   0.000000e+00   0.000000e+00   1.540284e-03  -1.062831e-02  -4.340158e-04   0.000000e+00
 0.000000e+00   0.000000e+00  -4.369528e-03   0.000000e+00   0.000000e+00  -1.062831e-02   2.037876e-01   1.455109e-02   0.000000e+00
 0.000000e+00   0.000000e+00   3.412367e-04   0.000000e+00   0.000000e+00  -4.340158e-04   1.455109e-02   4.679558e-02   0.000000e+00
 1.906431e-04  -5.451522e-04   0.000000e+00   7.010386e-04  -1.935420e-04   0.000000e+00   0.000000e+00   0.000000e+00   4.512279e-02

# timestamp: 1774889092.722753
 8.996880e-04   8.403948e-06   0.000000e+00   3.140649e-04   1.203224e-05   0.000000e+00   0.000000e+00   0.000000e+00   1.527034e-04
 8.403948e-06   8.443878e-04   0.000000e+00   1.298116e-05   2.250100e-04   0.000000e+00   0.000000e+00   0.000000e+00   1.053727e-04
 0.000000e+00   0.000000e+00   1.115429e-03   0.000000e+00   0.000000e+00   7.243950e-04  -4.073024e-03  -1.686281e-04   0.000000e+00
 3.140649e-04   1.298116e-05   0.000000e+00   5.318194e-04   1.844371e-05   0.000000e+00   0.000000e+00   0.000000e+00   5.327412e-04
 1.203224e-05   2.250100e-04   0.000000e+00   1.844371e-05   3.845878e-04   0.000000e+00   0.000000e+00   0.000000e+00   1.120631e-04
 0.000000e+00   0.000000e+00   7.243950e-04   0.000000e+00   0.000000e+00   1.343439e-03  -9.509319e-03  -2.352042e-04   0.000000e+00
 0.000000e+00   0.000000e+00  -4.073024e-03   0.000000e+00   0.000000e+00  -9.509319e-03   2.054921e-01  -1.567844e-05   0.000000e+00
 0.000000e+00   0.000000e+00  -1.686281e-04   0.000000e+00   0.000000e+00  -2.352042e-04  -1.567844e-05   4.234470e-02   0.000000e+00
 1.527034e-04   1.053727e-04   0.000000e+00   5.327412e-04   1.120631e-04   0.000000e+00   0.000000e+00   0.000000e+00   4.184411e-02

# timestamp: 1774889092.751766
 9.373747e-04   8.989332e-06   0.000000e+00   3.263870e-04   1.254469e-05   0.000000e+00   0.000000e+00   0.000000e+00   1.650743e-04
 8.989332e-06   8.779047e-04   0.000000e+00   1.345100e-05   2.339392e-04   0.000000e+00   0.000000e+00   0.000000e+00   1.081208e-04
 0.000000e+00   0.000000e+00   1.172424e-03   0.000000e+00   0.000000e+00   7.571631e-04  -4.292122e-03  -1.742071e-04   0.000000e+00
 3.263870e-04   1.345100e-05   0.000000e+00   5.345572e-04   1.878392e-05   0.000000e+00   0.000000e+00   0.000000e+00   5.503849e-04
 1.254469e-05   2.339392e-04   0.000000e+00   1.878392e-05   3.870176e-04   0.000000e+00   0.000000e+00   0.000000e+00   1.352952e-04
 0.000000e+00   0.000000e+00   7.571631e-04   0.000000e+00   0.000000e+00   1.353769e-03  -9.593503e-03  -2.586980e-04   0.000000e+00
 0.000000e+00   0.000000e+00  -4.292122e-03   0.000000e+00   0.000000e+00  -9.593503e-03   2.077895e-01  -1.567844e-05   0.000000e+00
 0.000000e+00   0.000000e+00  -1.742071e-04   0.000000e+00   0.000000e+00  -2.586980e-04  -1.567844e-05   4.464208e-02   0.000000e+00
 1.650743e-04   1.081208e-04   0.000000e+00   5.503849e-04   1.352952e-04   0.000000e+00   0.000000e+00   0.000000e+00   4.414149e-02

# timestamp: 1774889092.7760205
 9.915844e-04   9.854958e-06   0.000000e+00   3.439167e-04   1.329375e-05   0.000000e+00   0.000000e+00   0.000000e+00   1.832096e-04
 9.854958e-06   9.259576e-04   0.000000e+00   1.412984e-05   2.466583e-04   0.000000e+00   0.000000e+00   0.000000e+00   1.128700e-04
 0.000000e+00   0.000000e+00   1.255515e-03   0.000000e+00   0.000000e+00   8.040160e-04  -4.604743e-03  -1.829654e-04   0.000000e+00
 3.439167e-04   1.412984e-05   0.000000e+00   5.384504e-04   1.929791e-05   0.000000e+00   0.000000e+00   0.000000e+00   5.770098e-04
 1.329375e-05   2.466583e-04   0.000000e+00   1.929791e-05   3.904941e-04   0.000000e+00   0.000000e+00   0.000000e+00   1.703533e-04
 0.000000e+00   0.000000e+00   8.040160e-04   0.000000e+00   0.000000e+00   1.368524e-03  -9.714131e-03  -2.941258e-04   0.000000e+00
 0.000000e+00   0.000000e+00  -4.604743e-03   0.000000e+00   0.000000e+00  -9.714131e-03   2.110351e-01  -1.567844e-05   0.000000e+00
 0.000000e+00   0.000000e+00  -1.829654e-04   0.000000e+00   0.000000e+00  -2.941258e-04  -1.567844e-05   4.788770e-02   0.000000e+00
 1.832096e-04   1.128700e-04   0.000000e+00   5.770098e-04   1.703533e-04   0.000000e+00   0.000000e+00   0.000000e+00   4.738711e-02

# timestamp: 1774889093.2911594
 8.098974e-04   5.659620e-06   0.000000e+00   2.640775e-04   8.990153e-06   0.000000e+00   0.000000e+00   0.000000e+00   8.172389e-05
 5.659620e-06   7.754082e-04   0.000000e+00   9.021198e-06   2.086736e-04   0.000000e+00   0.000000e+00   0.000000e+00   2.113564e-04
 0.000000e+00   0.000000e+00   9.200234e-04   0.000000e+00   0.000000e+00   4.601097e-04  -1.892753e-03   3.702123e-04   0.000000e+00
 2.640775e-04   9.021198e-06   0.000000e+00   4.752676e-04   1.678930e-05   0.000000e+00   0.000000e+00   0.000000e+00   2.157008e-04
 8.990153e-06   2.086736e-04   0.000000e+00   1.678930e-05   3.886549e-04   0.000000e+00   0.000000e+00   0.000000e+00   5.373318e-04
 0.000000e+00   0.000000e+00   4.601097e-04   0.000000e+00   0.000000e+00   8.340145e-04  -3.941340e-03   6.710009e-04   0.000000e+00
 0.000000e+00   0.000000e+00  -1.892753e-03   0.000000e+00   0.000000e+00  -3.941340e-03   1.691193e-01  -5.142227e-02   0.000000e+00
 0.000000e+00   0.000000e+00   3.702123e-04   0.000000e+00   0.000000e+00   6.710009e-04  -5.142227e-02   5.788550e-02   0.000000e+00
 8.172389e-05   2.113564e-04   0.000000e+00   2.157008e-04   5.373318e-04   0.000000e+00   0.000000e+00   0.000000e+00   3.713635e-02

# timestamp: 1774889093.5393295
 9.046710e-04   6.170730e-06   0.000000e+00   2.873165e-04   1.004228e-05   0.000000e+00   0.000000e+00   0.000000e+00   6.642056e-05
 6.170730e-06   8.675264e-04   0.000000e+00   9.275557e-06   2.373311e-04   0.000000e+00   0.000000e+00   0.000000e+00   2.178385e-04
 0.000000e+00   0.000000e+00   1.023563e-03   0.000000e+00   0.000000e+00   4.675854e-04  -1.931144e-03   4.246030e-04   0.000000e+00
 2.873165e-04   9.275557e-06   0.000000e+00   4.689605e-04   1.696013e-05   0.000000e+00   0.000000e+00   0.000000e+00   1.526550e-04
 1.004228e-05   2.373311e-04   0.000000e+00   1.696013e-05   4.117910e-04   0.000000e+00   0.000000e+00   0.000000e+00   8.866203e-04
 0.000000e+00   0.000000e+00   4.675854e-04   0.000000e+00   0.000000e+00   7.548880e-04  -2.670487e-03  -4.630162e-05   0.000000e+00
 0.000000e+00   0.000000e+00  -1.931144e-03   0.000000e+00   0.000000e+00  -2.670487e-03   1.917785e-01  -5.666546e-02   0.000000e+00
 0.000000e+00   0.000000e+00   4.246030e-04   0.000000e+00   0.000000e+00  -4.630162e-05  -5.666546e-02   6.556209e-02   0.000000e+00
 6.642056e-05   2.178385e-04   0.000000e+00   1.526550e-04   8.866203e-04   0.000000e+00   0.000000e+00   0.000000e+00   4.362007e-02

# timestamp: 1774889093.5672493
 9.507415e-04   6.746816e-06   0.000000e+00   3.009817e-04   1.067707e-05   0.000000e+00   0.000000e+00   0.000000e+00   7.087741e-05
 6.746816e-06   9.106580e-04   0.000000e+00   9.787349e-06   2.498400e-04   0.000000e+00   0.000000e+00   0.000000e+00   2.443888e-04
 0.000000e+00   0.000000e+00   1.080319e-03   0.000000e+00   0.000000e+00   4.888345e-04  -2.007677e-03   4.220563e-04   0.000000e+00
 3.009817e-04   9.787349e-06   0.000000e+00   4.718826e-04   1.733454e-05   0.000000e+00   0.000000e+00   0.000000e+00   1.558274e-04
 1.067707e-05   2.498400e-04   0.000000e+00   1.733454e-05   4.184329e-04   0.000000e+00   0.000000e+00   0.000000e+00   9.781421e-04
 0.000000e+00   0.000000e+00   4.888345e-04   0.000000e+00   0.000000e+00   7.586016e-04  -2.570225e-03  -1.779242e-04   0.000000e+00
 0.000000e+00   0.000000e+00  -2.007677e-03   0.000000e+00   0.000000e+00  -2.570225e-03   1.946792e-01  -5.666546e-02   0.000000e+00
 0.000000e+00   0.000000e+00   4.220563e-04   0.000000e+00   0.000000e+00  -1.779242e-04  -5.666546e-02   6.846274e-02   0.000000e+00
 7.087741e-05   2.443888e-04   0.000000e+00   1.558274e-04   9.781421e-04   0.000000e+00   0.000000e+00   0.000000e+00   4.652072e-02

# timestamp: 1774889093.8689358
 9.213674e-04   5.503271e-06   0.000000e+00   2.835366e-04   8.354782e-06   0.000000e+00   0.000000e+00   0.000000e+00   9.369472e-07
 5.503271e-06   8.924088e-04   0.000000e+00   8.303764e-06   2.509416e-04   0.000000e+00   0.000000e+00   0.000000e+00   3.113988e-04
 0.000000e+00   0.000000e+00   1.017904e-03   0.000000e+00   0.000000e+00   4.246059e-04  -1.255264e-03  -1.021649e-05   0.000000e+00
 2.835366e-04   8.303764e-06   0.000000e+00   4.536627e-04   1.399557e-05   0.000000e+00   0.000000e+00   0.000000e+00   4.203810e-05
 8.354782e-06   2.509416e-04   0.000000e+00   1.399557e-05   4.373648e-04   0.000000e+00   0.000000e+00   0.000000e+00   1.132263e-03
 0.000000e+00   0.000000e+00   4.246059e-04   0.000000e+00   0.000000e+00   6.817210e-04  -1.162924e-03  -8.795084e-04   0.000000e+00
 0.000000e+00   0.000000e+00  -1.255264e-03   0.000000e+00   0.000000e+00  -1.162924e-03   2.109717e-01  -3.924161e-02   0.000000e+00
 0.000000e+00   0.000000e+00  -1.021649e-05   0.000000e+00   0.000000e+00  -8.795084e-04  -3.924161e-02   5.481194e-02   0.000000e+00
 9.369472e-07   3.113988e-04   0.000000e+00   4.203810e-05   1.132263e-03   0.000000e+00   0.000000e+00   0.000000e+00   4.485654e-02

# timestamp: 1774889094.0076613
 8.401029e-04   4.008295e-06   0.000000e+00   2.552615e-04   5.923770e-06   0.000000e+00   0.000000e+00   0.000000e+00  -3.536076e-05
 4.008295e-06   8.197264e-04   0.000000e+00   6.515548e-06   2.328820e-04   0.000000e+00   0.000000e+00   0.000000e+00   2.816697e-04
 0.000000e+00   0.000000e+00   9.111716e-04   0.000000e+00   0.000000e+00   3.689674e-04  -7.325751e-04  -2.014369e-04   0.000000e+00
 2.552615e-04   6.515548e-06   0.000000e+00   4.394875e-04   1.058165e-05   0.000000e+00   0.000000e+00   0.000000e+00  -3.499883e-05
 5.923770e-06   2.328820e-04   0.000000e+00   1.058165e-05   4.354449e-04   0.000000e+00   0.000000e+00   0.000000e+00   1.001444e-03
 0.000000e+00   0.000000e+00   3.689674e-04   0.000000e+00   0.000000e+00   6.401108e-04  -8.291006e-04  -9.348736e-04   0.000000e+00
 0.000000e+00   0.000000e+00  -7.325751e-04   0.000000e+00   0.000000e+00  -8.291006e-04   1.941747e-01  -1.019916e-02   0.000000e+00
 0.000000e+00   0.000000e+00  -2.014369e-04   0.000000e+00   0.000000e+00  -9.348736e-04  -1.019916e-02   4.200482e-02   0.000000e+00
-3.536076e-05   2.816697e-04   0.000000e+00  -3.499883e-05   1.001444e-03   0.000000e+00   0.000000e+00   0.000000e+00   3.996392e-02

# timestamp: 1774889094.2401
 9.086143e-04   4.127460e-06   0.000000e+00   2.710223e-04   5.416565e-06   0.000000e+00   0.000000e+00   0.000000e+00  -3.454209e-05
 4.127460e-06   8.916260e-04   0.000000e+00   4.952046e-06   2.578750e-04   0.000000e+00   0.000000e+00   0.000000e+00   2.948359e-04
 0.000000e+00   0.000000e+00   9.821568e-04   0.000000e+00   0.000000e+00   3.819303e-04  -6.222756e-04  -3.527635e-04   0.000000e+00
 2.710223e-04   4.952046e-06   0.000000e+00   4.373089e-04   4.482311e-06   0.000000e+00   0.000000e+00   0.000000e+00  -1.909705e-04
 5.416565e-06   2.578750e-04   0.000000e+00   4.482311e-06   4.490849e-04   0.000000e+00   0.000000e+00   0.000000e+00   1.019695e-03
 0.000000e+00   0.000000e+00   3.819303e-04   0.000000e+00   0.000000e+00   6.220539e-04  -4.280205e-04  -1.114402e-03   0.000000e+00
 0.000000e+00   0.000000e+00  -6.222756e-04   0.000000e+00   0.000000e+00  -4.280205e-04   1.684252e-01   1.812813e-02   0.000000e+00
 0.000000e+00   0.000000e+00  -3.527635e-04   0.000000e+00   0.000000e+00  -1.114402e-03   1.812813e-02   4.983316e-02   0.000000e+00
-3.454209e-05   2.948359e-04   0.000000e+00  -1.909705e-04   1.019695e-03   0.000000e+00   0.000000e+00   0.000000e+00   4.475107e-02

# timestamp: 1774889094.2700589
 9.457645e-04   4.376310e-06   0.000000e+00   2.815491e-04   5.476348e-06   0.000000e+00   0.000000e+00   0.000000e+00  -3.932436e-05
 4.376310e-06   9.281587e-04   0.000000e+00   4.868145e-06   2.690154e-04   0.000000e+00   0.000000e+00   0.000000e+00   3.196252e-04
 0.000000e+00   0.000000e+00   1.024721e-03   0.000000e+00   0.000000e+00   3.968990e-04  -6.318840e-04  -3.797780e-04   0.000000e+00
 2.815491e-04   4.868145e-06   0.000000e+00   4.399444e-04   3.640544e-06   0.000000e+00   0.000000e+00   0.000000e+00  -2.184601e-04
 5.476348e-06   2.690154e-04   0.000000e+00   3.640544e-06   4.537479e-04   0.000000e+00   0.000000e+00   0.000000e+00   1.070067e-03
 0.000000e+00   0.000000e+00   3.968990e-04   0.000000e+00   0.000000e+00   6.264574e-04  -3.468929e-04  -1.159546e-03   0.000000e+00
 0.000000e+00   0.000000e+00  -6.318840e-04   0.000000e+00   0.000000e+00  -3.468929e-04   1.708181e-01   1.812813e-02   0.000000e+00
 0.000000e+00   0.000000e+00  -3.797780e-04   0.000000e+00   0.000000e+00  -1.159546e-03   1.812813e-02   5.222600e-02   0.000000e+00
-3.932436e-05   3.196252e-04   0.000000e+00  -2.184601e-04   1.070067e-03   0.000000e+00   0.000000e+00   0.000000e+00   4.714391e-02

# timestamp: 1774889094.5949593
 8.523573e-04   1.864509e-06   0.000000e+00   2.495053e-04   1.109466e-06   0.000000e+00   0.000000e+00   0.000000e+00  -1.193693e-04
 1.864509e-06   8.447263e-04   0.000000e+00   8.249005e-07   2.468266e-04   0.000000e+00   0.000000e+00   0.000000e+00   2.300385e-04
 0.000000e+00   0.000000e+00   9.057203e-04   0.000000e+00   0.000000e+00   3.349061e-04  -2.127242e-04  -4.174236e-04   0.000000e+00
 2.495053e-04   8.249005e-07   0.000000e+00   4.258129e-04  -5.305073e-06   0.000000e+00   0.000000e+00   0.000000e+00  -4.010545e-04
 1.109466e-06   2.468266e-04   0.000000e+00  -5.305073e-06   4.431658e-04   0.000000e+00   0.000000e+00   0.000000e+00   7.641240e-04
 0.000000e+00   0.000000e+00   3.349061e-04   0.000000e+00   0.000000e+00   5.743987e-04  -1.499881e-04  -1.147112e-03   0.000000e+00
 0.000000e+00   0.000000e+00  -2.127242e-04   0.000000e+00   0.000000e+00  -1.499881e-04   1.160572e-01   4.808420e-02   0.000000e+00
 0.000000e+00   0.000000e+00  -4.174236e-04   0.000000e+00   0.000000e+00  -1.147112e-03   4.808420e-02   7.550446e-02   0.000000e+00
-1.193693e-04   2.300385e-04   0.000000e+00  -4.010545e-04   7.641240e-04   0.000000e+00   0.000000e+00   0.000000e+00   4.148151e-02

# timestamp: 1774889094.93058
 8.724800e-04   3.005011e-07   0.000000e+00   2.526111e-04  -1.920274e-06   0.000000e+00   0.000000e+00   0.000000e+00  -1.560171e-04
 3.005011e-07   8.696283e-04   0.000000e+00  -2.652025e-06   2.548057e-04   0.000000e+00   0.000000e+00   0.000000e+00   2.168862e-04
 0.000000e+00   0.000000e+00   9.209188e-04   0.000000e+00   0.000000e+00   3.273192e-04  -1.283123e-04  -4.249132e-04   0.000000e+00
 2.526111e-04  -2.652025e-06   0.000000e+00   4.258044e-04  -1.201775e-05   0.000000e+00   0.000000e+00   0.000000e+00  -5.340417e-04
-1.920274e-06   2.548057e-04   0.000000e+00  -1.201775e-05   4.413144e-04   0.000000e+00   0.000000e+00   0.000000e+00   6.427314e-04
 0.000000e+00   0.000000e+00   3.273192e-04   0.000000e+00   0.000000e+00   5.489555e-04   2.326499e-04  -8.855077e-04   0.000000e+00
 0.000000e+00   0.000000e+00  -1.283123e-04   0.000000e+00   0.000000e+00   2.326499e-04   1.243933e-01   6.424436e-02   0.000000e+00
 0.000000e+00   0.000000e+00  -4.249132e-04   0.000000e+00   0.000000e+00  -8.855077e-04   6.424436e-02   9.458054e-02   0.000000e+00
-1.560171e-04   2.168862e-04   0.000000e+00  -5.340417e-04   6.427314e-04   0.000000e+00   0.000000e+00   0.000000e+00   4.291402e-02

# timestamp: 1774889094.9981992
 9.045496e-04  -4.008577e-07   0.000000e+00   2.564758e-04   2.488280e-06   0.000000e+00   0.000000e+00   0.000000e+00   2.173400e-04
-4.008577e-07   9.021521e-04   0.000000e+00   2.170469e-06   2.579662e-04   0.000000e+00   0.000000e+00   0.000000e+00  -2.358059e-04
 0.000000e+00   0.000000e+00   9.562955e-04   0.000000e+00   0.000000e+00   3.251915e-04  -5.586183e-04   3.295690e-05   0.000000e+00
 2.564758e-04   2.170469e-06   0.000000e+00   4.259634e-04  -1.046905e-05   0.000000e+00   0.000000e+00   0.000000e+00  -4.780049e-04
 2.488280e-06   2.579662e-04   0.000000e+00  -1.046905e-05   4.393623e-04   0.000000e+00   0.000000e+00   0.000000e+00   5.061674e-04
 0.000000e+00   0.000000e+00   3.251915e-04   0.000000e+00   0.000000e+00   5.401186e-04   2.571616e-04  -6.225486e-04   0.000000e+00
 0.000000e+00   0.000000e+00  -5.586183e-04   0.000000e+00   0.000000e+00   2.571616e-04   1.294017e-01   6.691357e-02   0.000000e+00
 0.000000e+00   0.000000e+00   3.295690e-05   0.000000e+00   0.000000e+00  -6.225486e-04   6.691357e-02   9.882267e-02   0.000000e+00
 2.173400e-04  -2.358059e-04   0.000000e+00  -4.780049e-04   5.061674e-04   0.000000e+00   0.000000e+00   0.000000e+00   4.493842e-02

# timestamp: 1774889095.3079445
 9.090941e-04  -1.546761e-06   0.000000e+00   2.573253e-04  -2.315813e-06   0.000000e+00   0.000000e+00   0.000000e+00   9.288068e-05
-1.546761e-06   9.106276e-04   0.000000e+00   1.070909e-06   2.603318e-04   0.000000e+00   0.000000e+00   0.000000e+00  -2.642899e-04
 0.000000e+00   0.000000e+00   9.542602e-04   0.000000e+00   0.000000e+00   3.185159e-04   1.383664e-04   5.119973e-04   0.000000e+00
 2.573253e-04   1.070909e-06   0.000000e+00   4.290328e-04  -1.317874e-05   0.000000e+00   0.000000e+00   0.000000e+00  -6.304133e-04
-2.315813e-06   2.603318e-04   0.000000e+00  -1.317874e-05   4.316579e-04   0.000000e+00   0.000000e+00   0.000000e+00   2.750408e-04
 0.000000e+00   0.000000e+00   3.185159e-04   0.000000e+00   0.000000e+00   5.289159e-04   1.463633e-03   5.024550e-04   0.000000e+00
 0.000000e+00   0.000000e+00   1.383664e-04   0.000000e+00   0.000000e+00   1.463633e-03   1.391474e-01   8.227031e-02   0.000000e+00
 0.000000e+00   0.000000e+00   5.119973e-04   0.000000e+00   0.000000e+00   5.024550e-04   8.227031e-02   1.175289e-01   0.000000e+00
 9.288068e-05  -2.642899e-04   0.000000e+00  -6.304133e-04   2.750408e-04   0.000000e+00   0.000000e+00   0.000000e+00   4.516942e-02

# timestamp: 1774889095.706925
 8.008873e-04  -2.693609e-06   0.000000e+00   2.328141e-04  -4.394678e-06   0.000000e+00   0.000000e+00   0.000000e+00  -2.748162e-04
-2.693609e-06   7.990156e-04   0.000000e+00  -5.693115e-06   2.277802e-04   0.000000e+00   0.000000e+00   0.000000e+00   8.464603e-05
 0.000000e+00   0.000000e+00   8.363541e-04   0.000000e+00   0.000000e+00   3.014775e-04   1.204582e-03   8.512237e-04   0.000000e+00
 2.328141e-04  -5.693115e-06   0.000000e+00   4.264252e-04  -1.041516e-05   0.000000e+00   0.000000e+00   0.000000e+00  -6.905005e-04
-4.394678e-06   2.277802e-04   0.000000e+00  -1.041516e-05   4.126924e-04   0.000000e+00   0.000000e+00   0.000000e+00   9.466232e-06
 0.000000e+00   0.000000e+00   3.014775e-04   0.000000e+00   0.000000e+00   5.792841e-04   3.643493e-03   2.962045e-03   0.000000e+00
 0.000000e+00   0.000000e+00   1.204582e-03   0.000000e+00   0.000000e+00   3.643493e-03   1.403167e-01   1.034364e-01   0.000000e+00
 0.000000e+00   0.000000e+00   8.512237e-04   0.000000e+00   0.000000e+00   2.962045e-03   1.034364e-01   1.426087e-01   0.000000e+00
-2.748162e-04   8.464603e-05   0.000000e+00  -6.905005e-04   9.466232e-06   0.000000e+00   0.000000e+00   0.000000e+00   3.792532e-02

# timestamp: 1774889096.1169772
 8.302530e-04  -2.783257e-06   0.000000e+00   2.413654e-04  -1.840902e-06   0.000000e+00   0.000000e+00   0.000000e+00  -2.669318e-04
-2.783257e-06   8.267066e-04   0.000000e+00  -4.338737e-06   2.329112e-04   0.000000e+00   0.000000e+00   0.000000e+00   1.810837e-05
 0.000000e+00   0.000000e+00   8.768137e-04   0.000000e+00   0.000000e+00   3.519703e-04   1.574223e-03   1.741703e-03   0.000000e+00
 2.413654e-04  -4.338737e-06   0.000000e+00   4.294682e-04  -9.254859e-07   0.000000e+00   0.000000e+00   0.000000e+00  -6.699309e-04
-1.840902e-06   2.329112e-04   0.000000e+00  -9.254859e-07   4.099547e-04   0.000000e+00   0.000000e+00   0.000000e+00  -2.940080e-04
 0.000000e+00   0.000000e+00   3.519703e-04   0.000000e+00   0.000000e+00   7.329762e-04   4.953233e-03   6.099684e-03   0.000000e+00
 0.000000e+00   0.000000e+00   1.574223e-03   0.000000e+00   0.000000e+00   4.953233e-03   1.148903e-01   1.026274e-01   0.000000e+00
 0.000000e+00   0.000000e+00   1.741703e-03   0.000000e+00   0.000000e+00   6.099684e-03   1.026274e-01   1.820626e-01   0.000000e+00
-2.669318e-04   1.810837e-05   0.000000e+00  -6.699309e-04  -2.940080e-04   0.000000e+00   0.000000e+00   0.000000e+00   4.010003e-02

# timestamp: 1774889096.4042962
 8.232262e-04  -1.750703e-06   0.000000e+00   2.386973e-04   3.803101e-07   0.000000e+00   0.000000e+00   0.000000e+00  -2.033123e-04
-1.750703e-06   8.191409e-04   0.000000e+00  -1.863615e-06   2.298001e-04   0.000000e+00   0.000000e+00   0.000000e+00  -4.643892e-05
 0.000000e+00   0.000000e+00   8.826732e-04   0.000000e+00   0.000000e+00   3.902086e-04   1.581606e-03   2.477387e-03   0.000000e+00
 2.386973e-04  -1.863615e-06   0.000000e+00   4.270409e-04   5.177578e-06   0.000000e+00   0.000000e+00   0.000000e+00  -5.958692e-04
 3.803101e-07   2.298001e-04   0.000000e+00   5.177578e-06   4.088420e-04   0.000000e+00   0.000000e+00   0.000000e+00  -4.099830e-04
 0.000000e+00   0.000000e+00   3.902086e-04   0.000000e+00   0.000000e+00   8.500443e-04   4.865344e-03   8.013363e-03   0.000000e+00
 0.000000e+00   0.000000e+00   1.581606e-03   0.000000e+00   0.000000e+00   4.865344e-03   8.992596e-02   9.069390e-02   0.000000e+00
 0.000000e+00   0.000000e+00   2.477387e-03   0.000000e+00   0.000000e+00   8.013363e-03   9.069390e-02   2.062326e-01   0.000000e+00
-2.033123e-04  -4.643892e-05   0.000000e+00  -5.958692e-04  -4.099830e-04   0.000000e+00   0.000000e+00   0.000000e+00   3.987938e-02

# timestamp: 1774889096.7047021
 8.049169e-04  -6.993963e-07   0.000000e+00   2.323798e-04   2.474693e-06   0.000000e+00   0.000000e+00   0.000000e+00  -2.053530e-04
-6.993963e-07   8.001395e-04   0.000000e+00   4.514775e-07   2.239250e-04   0.000000e+00   0.000000e+00   0.000000e+00  -6.987677e-05
 0.000000e+00   0.000000e+00   8.769166e-04   0.000000e+00   0.000000e+00   4.160648e-04   1.349404e-03   2.979559e-03   0.000000e+00
 2.323798e-04   4.514775e-07   0.000000e+00   4.218792e-04   9.469326e-06   0.000000e+00   0.000000e+00   0.000000e+00  -5.095340e-04
 2.474693e-06   2.239250e-04   0.000000e+00   9.469326e-06   4.076148e-04   0.000000e+00   0.000000e+00   0.000000e+00  -4.556867e-04
 0.000000e+00   0.000000e+00   4.160648e-04   0.000000e+00   0.000000e+00   9.185388e-04   3.827823e-03   9.026960e-03   0.000000e+00
 0.000000e+00   0.000000e+00   1.349404e-03   0.000000e+00   0.000000e+00   3.827823e-03   6.375770e-02   6.683916e-02   0.000000e+00
 0.000000e+00   0.000000e+00   2.979559e-03   0.000000e+00   0.000000e+00   9.026960e-03   6.683916e-02   2.207948e-01   0.000000e+00
-2.053530e-04  -6.987677e-05   0.000000e+00  -5.095340e-04  -4.556867e-04   0.000000e+00   0.000000e+00   0.000000e+00   3.856031e-02

# timestamp: 1774889096.9079735
 8.059310e-04   1.268828e-07   0.000000e+00   2.320431e-04   4.002878e-06   0.000000e+00   0.000000e+00   0.000000e+00  -1.897266e-04
 1.268828e-07   8.011444e-04   0.000000e+00   2.159250e-06   2.241816e-04   0.000000e+00   0.000000e+00   0.000000e+00  -8.950301e-05
 0.000000e+00   0.000000e+00   8.941901e-04   0.000000e+00   0.000000e+00   4.543368e-04   1.305851e-03   3.510020e-03   0.000000e+00
 2.320431e-04   2.159250e-06   0.000000e+00   4.203894e-04   1.274751e-05   0.000000e+00   0.000000e+00   0.000000e+00  -5.003526e-04
 4.002878e-06   2.241816e-04   0.000000e+00   1.274751e-05   4.086766e-04   0.000000e+00   0.000000e+00   0.000000e+00  -4.971640e-04
 0.000000e+00   0.000000e+00   4.543368e-04   0.000000e+00   0.000000e+00   1.005391e-03   3.609452e-03   1.017188e-02   0.000000e+00
 0.000000e+00   0.000000e+00   1.305851e-03   0.000000e+00   0.000000e+00   3.609452e-03   5.728131e-02   5.994115e-02   0.000000e+00
 0.000000e+00   0.000000e+00   3.510020e-03   0.000000e+00   0.000000e+00   1.017188e-02   5.994115e-02   2.344468e-01   0.000000e+00
-1.897266e-04  -8.950301e-05   0.000000e+00  -5.003526e-04  -4.971640e-04   0.000000e+00   0.000000e+00   0.000000e+00   3.855477e-02

# timestamp: 1774889097.038699
 8.765366e-04   9.411068e-07   0.000000e+00   2.520847e-04   5.497771e-06   0.000000e+00   0.000000e+00   0.000000e+00  -1.882267e-04
 9.411068e-07   8.713075e-04   0.000000e+00   3.776110e-06   2.441540e-04   0.000000e+00   0.000000e+00   0.000000e+00  -1.220760e-04
 0.000000e+00   0.000000e+00   9.984716e-04   0.000000e+00   0.000000e+00   5.326875e-04   1.487929e-03   4.295591e-03   0.000000e+00
 2.520847e-04   3.776110e-06   0.000000e+00   4.256716e-04   1.541477e-05   0.000000e+00   0.000000e+00   0.000000e+00  -5.427020e-04
 5.497771e-06   2.441540e-04   0.000000e+00   1.541477e-05   4.152389e-04   0.000000e+00   0.000000e+00   0.000000e+00  -5.611910e-04
 0.000000e+00   0.000000e+00   5.326875e-04   0.000000e+00   0.000000e+00   1.094352e-03   3.797138e-03   1.114520e-02   0.000000e+00
 0.000000e+00   0.000000e+00   1.487929e-03   0.000000e+00   0.000000e+00   3.797138e-03   6.142037e-02   5.986223e-02   0.000000e+00
 0.000000e+00   0.000000e+00   4.295591e-03   0.000000e+00   0.000000e+00   1.114520e-02   5.986223e-02   2.456991e-01   0.000000e+00
-1.882267e-04  -1.220760e-04   0.000000e+00  -5.427020e-04  -5.611910e-04   0.000000e+00   0.000000e+00   0.000000e+00   4.345237e-02

# timestamp: 1774889097.1096475
 9.051140e-04  -2.241576e-06   0.000000e+00   2.530551e-04  -2.200472e-06   0.000000e+00   0.000000e+00   0.000000e+00   3.872334e-04
-2.241576e-06   8.991728e-04   0.000000e+00   5.802031e-06   2.543366e-04   0.000000e+00   0.000000e+00   0.000000e+00  -3.278849e-04
 0.000000e+00   0.000000e+00   1.051101e-03   0.000000e+00   0.000000e+00   5.708992e-04   9.811797e-04   5.019899e-03   0.000000e+00
 2.530551e-04   5.802031e-06   0.000000e+00   4.236377e-04   1.473035e-05   0.000000e+00   0.000000e+00   0.000000e+00  -3.929402e-04
-2.200472e-06   2.543366e-04   0.000000e+00   1.473035e-05   4.189421e-04   0.000000e+00   0.000000e+00   0.000000e+00  -6.326721e-04
 0.000000e+00   0.000000e+00   5.708992e-04   0.000000e+00   0.000000e+00   1.132998e-03   3.615348e-03   1.171694e-02   0.000000e+00
 0.000000e+00   0.000000e+00   9.811797e-04   0.000000e+00   0.000000e+00   3.615348e-03   6.226679e-02   5.926596e-02   0.000000e+00
 0.000000e+00   0.000000e+00   5.019899e-03   0.000000e+00   0.000000e+00   1.171694e-02   5.926596e-02   2.526620e-01   0.000000e+00
 3.872334e-04  -3.278849e-04   0.000000e+00  -3.929402e-04  -6.326721e-04   0.000000e+00   0.000000e+00   0.000000e+00   4.519953e-02

# timestamp: 1774889097.4121284
 9.182858e-04  -8.092957e-07   0.000000e+00   2.571102e-04   2.023793e-06   0.000000e+00   0.000000e+00   0.000000e+00   2.357798e-04
-8.092957e-07   9.177134e-04   0.000000e+00   9.012065e-06   2.593826e-04   0.000000e+00   0.000000e+00   0.000000e+00  -4.642748e-04
 0.000000e+00   0.000000e+00   1.096558e-03   0.000000e+00   0.000000e+00   5.901008e-04   1.788848e-03   4.592979e-03   0.000000e+00
 2.571102e-04   9.012065e-06   0.000000e+00   4.218748e-04   1.646513e-05   0.000000e+00   0.000000e+00   0.000000e+00  -3.842007e-04
 2.023793e-06   2.593826e-04   0.000000e+00   1.646513e-05   4.171372e-04   0.000000e+00   0.000000e+00   0.000000e+00  -5.399466e-04
 0.000000e+00   0.000000e+00   5.901008e-04   0.000000e+00   0.000000e+00   1.056612e-03   4.525554e-03   8.854129e-03   0.000000e+00
 0.000000e+00   0.000000e+00   1.788848e-03   0.000000e+00   0.000000e+00   4.525554e-03   8.494632e-02   7.002233e-02   0.000000e+00
 0.000000e+00   0.000000e+00   4.592979e-03   0.000000e+00   0.000000e+00   8.854129e-03   7.002233e-02   1.809174e-01   0.000000e+00
 2.357798e-04  -4.642748e-04   0.000000e+00  -3.842007e-04  -5.399466e-04   0.000000e+00   0.000000e+00   0.000000e+00   4.618724e-02

# timestamp: 1774889097.4763165
 9.320864e-04   1.642456e-06   0.000000e+00   2.639458e-04   5.966774e-06   0.000000e+00   0.000000e+00   0.000000e+00  -1.037913e-04
 1.642456e-06   9.281076e-04   0.000000e+00   4.227675e-06   2.568002e-04   0.000000e+00   0.000000e+00   0.000000e+00   1.036969e-04
 0.000000e+00   0.000000e+00   1.035500e-03   0.000000e+00   0.000000e+00   4.814323e-04   1.446935e-03   2.184469e-03   0.000000e+00
 2.639458e-04   4.227675e-06   0.000000e+00   4.238866e-04   1.576443e-05   0.000000e+00   0.000000e+00   0.000000e+00  -4.659076e-04
 5.966774e-06   2.568002e-04   0.000000e+00   1.576443e-05   4.141211e-04   0.000000e+00   0.000000e+00   0.000000e+00  -3.569968e-04
 0.000000e+00   0.000000e+00   4.814323e-04   0.000000e+00   0.000000e+00   9.223262e-04   4.106118e-03   6.380723e-03   0.000000e+00
 0.000000e+00   0.000000e+00   1.446935e-03   0.000000e+00   0.000000e+00   4.106118e-03   8.911565e-02   6.076677e-02   0.000000e+00
 0.000000e+00   0.000000e+00   2.184469e-03   0.000000e+00   0.000000e+00   6.380723e-03   6.076677e-02   1.430870e-01   0.000000e+00
-1.037913e-04   1.036969e-04   0.000000e+00  -4.659076e-04  -3.569968e-04   0.000000e+00   0.000000e+00   0.000000e+00   4.686238e-02

# timestamp: 1774889097.7451916
 8.992842e-04   2.642999e-06   0.000000e+00   2.526957e-04   5.984129e-06   0.000000e+00   0.000000e+00   0.000000e+00  -2.925420e-05
 2.642999e-06   8.966512e-04   0.000000e+00   5.457345e-06   2.477339e-04   0.000000e+00   0.000000e+00   0.000000e+00   6.794362e-05
 0.000000e+00   0.000000e+00   9.836020e-04   0.000000e+00   0.000000e+00   4.089480e-04   1.129729e-03   9.074196e-04   0.000000e+00
 2.526957e-04   5.457345e-06   0.000000e+00   4.152557e-04   1.324332e-05   0.000000e+00   0.000000e+00   0.000000e+00  -2.787620e-04
 5.984129e-06   2.477339e-04   0.000000e+00   1.324332e-05   4.070058e-04   0.000000e+00   0.000000e+00   0.000000e+00  -1.682546e-04
 0.000000e+00   0.000000e+00   4.089480e-04   0.000000e+00   0.000000e+00   7.227194e-04   3.032551e-03   2.410595e-03   0.000000e+00
 0.000000e+00   0.000000e+00   1.129729e-03   0.000000e+00   0.000000e+00   3.032551e-03   1.082084e-01   3.469230e-02   0.000000e+00
 0.000000e+00   0.000000e+00   9.074196e-04   0.000000e+00   0.000000e+00   2.410595e-03   3.469230e-02   7.014047e-02   0.000000e+00
-2.925420e-05   6.794362e-05   0.000000e+00  -2.787620e-04  -1.682546e-04   0.000000e+00   0.000000e+00   0.000000e+00   4.489011e-02

# timestamp: 1774889097.788698
 8.767599e-04   2.287770e-06   0.000000e+00   2.457097e-04   5.547503e-06   0.000000e+00   0.000000e+00   0.000000e+00   2.759600e-05
 2.287770e-06   8.814079e-04   0.000000e+00   8.824858e-06   2.456213e-04   0.000000e+00   0.000000e+00   0.000000e+00  -5.544765e-04
 0.000000e+00   0.000000e+00   9.915399e-04   0.000000e+00   0.000000e+00   4.312553e-04   1.435102e-03   1.747491e-03   0.000000e+00
 2.457097e-04   8.824858e-06   0.000000e+00   4.124505e-04   1.372215e-05   0.000000e+00   0.000000e+00   0.000000e+00  -2.370362e-04
 5.547503e-06   2.456213e-04   0.000000e+00   1.372215e-05   4.064731e-04   0.000000e+00   0.000000e+00   0.000000e+00  -3.147873e-04
 0.000000e+00   0.000000e+00   4.312553e-04   0.000000e+00   0.000000e+00   7.262136e-04   3.055636e-03   2.477194e-03   0.000000e+00
 0.000000e+00   0.000000e+00   1.435102e-03   0.000000e+00   0.000000e+00   3.055636e-03   1.115299e-01   3.248900e-02   0.000000e+00
 0.000000e+00   0.000000e+00   1.747491e-03   0.000000e+00   0.000000e+00   2.477194e-03   3.248900e-02   6.525139e-02   0.000000e+00
 2.759600e-05  -5.544765e-04   0.000000e+00  -2.370362e-04  -3.147873e-04   0.000000e+00   0.000000e+00   0.000000e+00   4.355782e-02

# timestamp: 1774889098.0466626
 8.814861e-04   3.147264e-06   0.000000e+00   2.458743e-04   5.873799e-06   0.000000e+00   0.000000e+00   0.000000e+00  -7.682285e-06
 3.147264e-06   8.794076e-04   0.000000e+00   5.861222e-06   2.419602e-04   0.000000e+00   0.000000e+00   0.000000e+00   4.103686e-05
 0.000000e+00   0.000000e+00   9.544898e-04   0.000000e+00   0.000000e+00   3.685414e-04   9.168492e-04   3.716413e-04   0.000000e+00
 2.458743e-04   5.861222e-06   0.000000e+00   4.080644e-04   1.106535e-05   0.000000e+00   0.000000e+00   0.000000e+00  -7.042537e-05
 5.873799e-06   2.419602e-04   0.000000e+00   1.106535e-05   4.019604e-04   0.000000e+00   0.000000e+00   0.000000e+00  -8.749546e-05
 0.000000e+00   0.000000e+00   3.685414e-04   0.000000e+00   0.000000e+00   6.207526e-04   2.039447e-03   8.923593e-04   0.000000e+00
 0.000000e+00   0.000000e+00   9.168492e-04   0.000000e+00   0.000000e+00   2.039447e-03   1.286504e-01   1.508606e-02   0.000000e+00
 0.000000e+00   0.000000e+00   3.716413e-04   0.000000e+00   0.000000e+00   8.923593e-04   1.508606e-02   4.935387e-02   0.000000e+00
-7.682285e-06   4.103686e-05   0.000000e+00  -7.042537e-05  -8.749546e-05   0.000000e+00   0.000000e+00   0.000000e+00   4.403048e-02

# timestamp: 1774889098.0694358
 8.466027e-04   3.515374e-06   0.000000e+00   2.359348e-04   5.833737e-06   0.000000e+00   0.000000e+00   0.000000e+00  -4.365007e-05
 3.515374e-06   8.519871e-04   0.000000e+00   6.473572e-06   2.355180e-04   0.000000e+00   0.000000e+00   0.000000e+00  -5.563587e-04
 0.000000e+00   0.000000e+00   9.351365e-04   0.000000e+00   0.000000e+00   3.697793e-04   1.184772e-03   1.031339e-03   0.000000e+00
 2.359348e-04   6.473572e-06   0.000000e+00   4.048556e-04   1.101496e-05   0.000000e+00   0.000000e+00   0.000000e+00  -6.306348e-05
 5.833737e-06   2.355180e-04   0.000000e+00   1.101496e-05   4.002284e-04   0.000000e+00   0.000000e+00   0.000000e+00  -2.457295e-04
 0.000000e+00   0.000000e+00   3.697793e-04   0.000000e+00   0.000000e+00   6.187074e-04   2.049311e-03   1.042948e-03   0.000000e+00
 0.000000e+00   0.000000e+00   1.184772e-03   0.000000e+00   0.000000e+00   2.049311e-03   1.309076e-01   1.318820e-02   0.000000e+00
 0.000000e+00   0.000000e+00   1.031339e-03   0.000000e+00   0.000000e+00   1.042948e-03   1.318820e-02   4.649451e-02   0.000000e+00
-4.365007e-05  -5.563587e-04   0.000000e+00  -6.306348e-05  -2.457295e-04   0.000000e+00   0.000000e+00   0.000000e+00   4.188538e-02

# timestamp: 1774889098.1212854
 8.378907e-04   3.013407e-06   0.000000e+00   2.332087e-04   5.442561e-06   0.000000e+00   0.000000e+00   0.000000e+00   3.510111e-05
 3.013407e-06   8.364774e-04   0.000000e+00   5.569710e-06   2.297568e-04   0.000000e+00   0.000000e+00   0.000000e+00   7.394673e-05
 0.000000e+00   0.000000e+00   9.005634e-04   0.000000e+00   0.000000e+00   3.402347e-04   6.853221e-04   1.954104e-04   0.000000e+00
 2.332087e-04   5.569710e-06   0.000000e+00   4.034669e-04   1.041494e-05   0.000000e+00   0.000000e+00   0.000000e+00  -8.454007e-06
 5.442561e-06   2.297568e-04   0.000000e+00   1.041494e-05   3.978555e-04   0.000000e+00   0.000000e+00   0.000000e+00  -6.756315e-05
 0.000000e+00   0.000000e+00   3.402347e-04   0.000000e+00   0.000000e+00   5.929689e-04   1.678513e-03   6.019511e-04   0.000000e+00
 0.000000e+00   0.000000e+00   6.853221e-04   0.000000e+00   0.000000e+00   1.678513e-03   1.321370e-01   8.531675e-03   0.000000e+00
 0.000000e+00   0.000000e+00   1.954104e-04   0.000000e+00   0.000000e+00   6.019511e-04   8.531675e-03   4.383547e-02   0.000000e+00
 3.510111e-05   7.394673e-05   0.000000e+00  -8.454007e-06  -6.756315e-05   0.000000e+00   0.000000e+00   0.000000e+00   4.100611e-02

# timestamp: 1774889098.4175975
 8.183804e-04   3.015557e-06   0.000000e+00   2.264006e-04   4.795285e-06   0.000000e+00   0.000000e+00   0.000000e+00   6.910915e-05
 3.015557e-06   8.170458e-04   0.000000e+00   5.289656e-06   2.231103e-04   0.000000e+00   0.000000e+00   0.000000e+00   4.768234e-05
 0.000000e+00   0.000000e+00   8.703484e-04   0.000000e+00   0.000000e+00   3.100622e-04   3.459993e-04   3.714115e-05   0.000000e+00
 2.264006e-04   5.289656e-06   0.000000e+00   3.988142e-04   8.344469e-06   0.000000e+00   0.000000e+00   0.000000e+00   1.656906e-04
 4.795285e-06   2.231103e-04   0.000000e+00   8.344469e-06   3.935509e-04   0.000000e+00   0.000000e+00   0.000000e+00  -8.782654e-05
 0.000000e+00   0.000000e+00   3.100622e-04   0.000000e+00   0.000000e+00   5.365817e-04   4.808056e-04   2.476938e-04   0.000000e+00
 0.000000e+00   0.000000e+00   3.459993e-04   0.000000e+00   0.000000e+00   4.808056e-04   1.510735e-01  -8.565499e-03   0.000000e+00
 0.000000e+00   0.000000e+00   3.714115e-05   0.000000e+00   0.000000e+00   2.476938e-04  -8.565499e-03   4.117971e-02   0.000000e+00
 6.910915e-05   4.768234e-05   0.000000e+00   1.656906e-04  -8.782654e-05   0.000000e+00   0.000000e+00   0.000000e+00   3.964291e-02

# timestamp: 1774889098.4788358
 7.865664e-04   2.722513e-06   0.000000e+00   2.172426e-04   4.416714e-06   0.000000e+00   0.000000e+00   0.000000e+00   5.596458e-05
 2.722513e-06   7.852441e-04   0.000000e+00   4.884990e-06   2.141247e-04   0.000000e+00   0.000000e+00   0.000000e+00   2.657049e-05
 0.000000e+00   0.000000e+00   8.327075e-04   0.000000e+00   0.000000e+00   2.927543e-04   3.046161e-04   2.714863e-05   0.000000e+00
 2.172426e-04   4.884990e-06   0.000000e+00   3.958367e-04   7.606315e-06   0.000000e+00   0.000000e+00   0.000000e+00   1.928586e-04
 4.416714e-06   2.141247e-04   0.000000e+00   7.606315e-06   3.905562e-04   0.000000e+00   0.000000e+00   0.000000e+00  -1.055786e-04
 0.000000e+00   0.000000e+00   2.927543e-04   0.000000e+00   0.000000e+00   5.225969e-04   1.384779e-04   2.381236e-04   0.000000e+00
 0.000000e+00   0.000000e+00   3.046161e-04   0.000000e+00   0.000000e+00   1.384779e-04   1.570490e-01  -1.263693e-02   0.000000e+00
 0.000000e+00   0.000000e+00   2.714863e-05   0.000000e+00   0.000000e+00   2.381236e-04  -1.263693e-02   3.949199e-02   0.000000e+00
 5.596458e-05   2.657049e-05   0.000000e+00   1.928586e-04  -1.055786e-04   0.000000e+00   0.000000e+00   0.000000e+00   3.754120e-02

# timestamp: 1774889098.7518132
 8.942129e-04   3.173362e-06   0.000000e+00   2.463354e-04   4.109247e-06   0.000000e+00   0.000000e+00   0.000000e+00   7.921266e-05
 3.173362e-06   8.922389e-04   0.000000e+00   4.653078e-06   2.426425e-04   0.000000e+00   0.000000e+00   0.000000e+00  -2.111202e-05
 0.000000e+00   0.000000e+00   9.461717e-04   0.000000e+00   0.000000e+00   3.208185e-04   7.572308e-05   6.706397e-05   0.000000e+00
 2.463354e-04   4.653078e-06   0.000000e+00   4.045034e-04   4.374108e-06   0.000000e+00   0.000000e+00   0.000000e+00   3.822204e-04
 4.109247e-06   2.426425e-04   0.000000e+00   4.374108e-06   3.979246e-04   0.000000e+00   0.000000e+00   0.000000e+00  -2.565131e-04
 0.000000e+00   0.000000e+00   3.208185e-04   0.000000e+00   0.000000e+00   5.235921e-04  -1.324446e-03   4.812538e-04   0.000000e+00
 0.000000e+00   0.000000e+00   7.572308e-05   0.000000e+00   0.000000e+00  -1.324446e-03   1.822733e-01  -1.773962e-02   0.000000e+00
 0.000000e+00   0.000000e+00   6.706397e-05   0.000000e+00   0.000000e+00   4.812538e-04  -1.773962e-02   4.779097e-02   0.000000e+00
 7.921266e-05  -2.111202e-05   0.000000e+00   3.822204e-04  -2.565131e-04   0.000000e+00   0.000000e+00   0.000000e+00   4.523114e-02

# timestamp: 1774889098.773185
 8.373535e-04   2.848432e-06   0.000000e+00   2.299612e-04   4.206651e-06   0.000000e+00   0.000000e+00   0.000000e+00  -3.398289e-06
 2.848432e-06   8.442383e-04   0.000000e+00  -3.592053e-07   2.327854e-04   0.000000e+00   0.000000e+00   0.000000e+00  -5.953045e-04
 0.000000e+00   0.000000e+00   8.935069e-04   0.000000e+00   0.000000e+00   3.064775e-04   1.148213e-04   6.725481e-04   0.000000e+00
 2.299612e-04  -3.592053e-07   0.000000e+00   3.996126e-04   3.047259e-06   0.000000e+00   0.000000e+00   0.000000e+00   3.351750e-04
 4.206651e-06   2.327854e-04   0.000000e+00   3.047259e-06   3.960388e-04   0.000000e+00   0.000000e+00   0.000000e+00  -3.995081e-04
 0.000000e+00   0.000000e+00   3.064775e-04   0.000000e+00   0.000000e+00   5.203118e-04  -1.391139e-03   6.763147e-04   0.000000e+00
 0.000000e+00   0.000000e+00   1.148213e-04   0.000000e+00   0.000000e+00  -1.391139e-03   1.835527e-01  -1.819723e-02   0.000000e+00
 0.000000e+00   0.000000e+00   6.725481e-04   0.000000e+00   0.000000e+00   6.763147e-04  -1.819723e-02   4.429545e-02   0.000000e+00
-3.398289e-06  -5.953045e-04   0.000000e+00   3.351750e-04  -3.995081e-04   0.000000e+00   0.000000e+00   0.000000e+00   4.165167e-02

# timestamp: 1774889099.0518157
 8.868792e-04   2.566640e-06   0.000000e+00   2.443646e-04   1.921929e-06   0.000000e+00   0.000000e+00   0.000000e+00   1.219474e-04
 2.566640e-06   8.853181e-04   0.000000e+00   3.176476e-06   2.402011e-04   0.000000e+00   0.000000e+00   0.000000e+00  -4.403611e-06
 0.000000e+00   0.000000e+00   9.326437e-04   0.000000e+00   0.000000e+00   3.165929e-04  -6.153956e-04   8.724626e-05   0.000000e+00
 2.443646e-04   3.176476e-06   0.000000e+00   4.065549e-04  -2.211436e-06   0.000000e+00   0.000000e+00   0.000000e+00   5.222929e-04
 1.921929e-06   2.402011e-04   0.000000e+00  -2.211436e-06   4.002220e-04   0.000000e+00   0.000000e+00   0.000000e+00  -4.553853e-04
 0.000000e+00   0.000000e+00   3.165929e-04   0.000000e+00   0.000000e+00   5.583351e-04  -3.541034e-03   8.448202e-04   0.000000e+00
 0.000000e+00   0.000000e+00  -6.153956e-04   0.000000e+00   0.000000e+00  -3.541034e-03   2.111676e-01  -1.921564e-02   0.000000e+00
 0.000000e+00   0.000000e+00   8.724626e-05   0.000000e+00   0.000000e+00   8.448202e-04  -1.921564e-02   4.696519e-02   0.000000e+00
 1.219474e-04  -4.403611e-06   0.000000e+00   5.222929e-04  -4.553853e-04   0.000000e+00   0.000000e+00   0.000000e+00   4.467449e-02

# timestamp: 1774889099.099651
 8.243761e-04   2.047859e-06   0.000000e+00   2.270756e-04   1.377394e-06   0.000000e+00   0.000000e+00   0.000000e+00   1.045389e-04
 2.047859e-06   8.229505e-04   0.000000e+00   2.452516e-06   2.233958e-04   0.000000e+00   0.000000e+00   0.000000e+00  -2.372726e-05
 0.000000e+00   0.000000e+00   8.633632e-04   0.000000e+00   0.000000e+00   2.950990e-04  -7.049871e-04   1.029333e-04   0.000000e+00
 2.270756e-04   2.452516e-06   0.000000e+00   4.018452e-04  -3.382637e-06   0.000000e+00   0.000000e+00   0.000000e+00   4.878621e-04
 1.377394e-06   2.233958e-04   0.000000e+00  -3.382637e-06   3.964056e-04   0.000000e+00   0.000000e+00   0.000000e+00  -4.589975e-04
 0.000000e+00   0.000000e+00   2.950990e-04   0.000000e+00   0.000000e+00   5.630093e-04  -3.966594e-03   8.418535e-04   0.000000e+00
 0.000000e+00   0.000000e+00  -7.049871e-04   0.000000e+00   0.000000e+00  -3.966594e-03   2.164663e-01  -1.764382e-02   0.000000e+00
 0.000000e+00   0.000000e+00   1.029333e-04   0.000000e+00   0.000000e+00   8.418535e-04  -1.764382e-02   4.228868e-02   0.000000e+00
 1.045389e-04  -2.372726e-05   0.000000e+00   4.878621e-04  -4.589975e-04   0.000000e+00   0.000000e+00   0.000000e+00   4.045153e-02

# timestamp: 1774889099.1329522
 8.726467e-04   2.167302e-06   0.000000e+00   2.405138e-04   1.066554e-06   0.000000e+00   0.000000e+00   0.000000e+00   1.211869e-04
 2.167302e-06   8.709712e-04   0.000000e+00   2.284584e-06   2.365752e-04   0.000000e+00   0.000000e+00   0.000000e+00  -3.962581e-05
 0.000000e+00   0.000000e+00   9.163086e-04   0.000000e+00   0.000000e+00   3.149717e-04  -8.389199e-04   1.317130e-04   0.000000e+00
 2.405138e-04   2.284584e-06   0.000000e+00   4.063605e-04  -4.788134e-06   0.000000e+00   0.000000e+00   0.000000e+00   5.386964e-04
 1.066554e-06   2.365752e-04   0.000000e+00  -4.788134e-06   4.012635e-04   0.000000e+00   0.000000e+00   0.000000e+00  -5.267477e-04
 0.000000e+00   0.000000e+00   3.149717e-04   0.000000e+00   0.000000e+00   5.789496e-04  -4.255857e-03   9.336130e-04   0.000000e+00
 0.000000e+00   0.000000e+00  -8.389199e-04   0.000000e+00   0.000000e+00  -4.255857e-03   2.197556e-01  -1.764382e-02   0.000000e+00
 0.000000e+00   0.000000e+00   1.317130e-04   0.000000e+00   0.000000e+00   9.336130e-04  -1.764382e-02   4.557792e-02   0.000000e+00
 1.211869e-04  -3.962581e-05   0.000000e+00   5.386964e-04  -5.267477e-04   0.000000e+00   0.000000e+00   0.000000e+00   4.374078e-02

# timestamp: 1774889099.4326832
 8.756897e-04   8.178348e-07   0.000000e+00   2.420402e-04  -2.321188e-06   0.000000e+00   0.000000e+00   0.000000e+00   1.368577e-04
 8.178348e-07   8.739559e-04   0.000000e+00  -1.225860e-06   2.396400e-04   0.000000e+00   0.000000e+00   0.000000e+00  -1.277525e-04
 0.000000e+00   0.000000e+00   9.250289e-04   0.000000e+00   0.000000e+00   3.475395e-04  -1.815883e-03   2.987207e-04   0.000000e+00
 2.420402e-04  -1.225860e-06   0.000000e+00   4.100373e-04  -1.442050e-05   0.000000e+00   0.000000e+00   0.000000e+00   6.024656e-04
-2.321188e-06   2.396400e-04   0.000000e+00  -1.442050e-05   4.116783e-04   0.000000e+00   0.000000e+00   0.000000e+00  -7.431472e-04
 0.000000e+00   0.000000e+00   3.475395e-04   0.000000e+00   0.000000e+00   6.960006e-04  -6.868560e-03   1.363172e-03   0.000000e+00
 0.000000e+00   0.000000e+00  -1.815883e-03   0.000000e+00   0.000000e+00  -6.868560e-03   2.482316e-01  -1.973330e-02   0.000000e+00
 0.000000e+00   0.000000e+00   2.987207e-04   0.000000e+00   0.000000e+00   1.363172e-03  -1.973330e-02   4.591354e-02   0.000000e+00
 1.368577e-04  -1.277525e-04   0.000000e+00   6.024656e-04  -7.431472e-04   0.000000e+00   0.000000e+00   0.000000e+00   4.398346e-02

# timestamp: 1774889099.4573474
 8.997395e-04   7.560559e-07   0.000000e+00   2.487649e-04  -2.675335e-06   0.000000e+00   0.000000e+00   0.000000e+00   1.466831e-04
 7.560559e-07   8.979289e-04   0.000000e+00  -1.544928e-06   2.464177e-04   0.000000e+00   0.000000e+00   0.000000e+00  -1.398847e-04
 0.000000e+00   0.000000e+00   9.525676e-04   0.000000e+00   0.000000e+00   3.602343e-04  -1.927345e-03   3.209087e-04   0.000000e+00
 2.487649e-04  -1.544928e-06   0.000000e+00   4.123948e-04  -1.538337e-05   0.000000e+00   0.000000e+00   0.000000e+00   6.297698e-04
-2.675335e-06   2.464177e-04   0.000000e+00  -1.538337e-05   4.145349e-04   0.000000e+00   0.000000e+00   0.000000e+00  -7.800481e-04
 0.000000e+00   0.000000e+00   3.602343e-04   0.000000e+00   0.000000e+00   7.082787e-04  -7.035345e-03   1.413568e-03   0.000000e+00
 0.000000e+00   0.000000e+00  -1.927345e-03   0.000000e+00   0.000000e+00  -7.035345e-03   2.498449e-01  -1.973330e-02   0.000000e+00
 0.000000e+00   0.000000e+00   3.209087e-04   0.000000e+00   0.000000e+00   1.413568e-03  -1.973330e-02   4.752680e-02   0.000000e+00
 1.466831e-04  -1.398847e-04   0.000000e+00   6.297698e-04  -7.800481e-04   0.000000e+00   0.000000e+00   0.000000e+00   4.559672e-02

# timestamp: 1774889099.8378808
 8.658965e-04  -1.763159e-06   0.000000e+00   2.413563e-04  -7.412963e-06   0.000000e+00   0.000000e+00   0.000000e+00   1.846640e-04
-1.763159e-06   8.662184e-04   0.000000e+00  -6.783933e-06   2.405728e-04   0.000000e+00   0.000000e+00   0.000000e+00  -1.922212e-04
 0.000000e+00   0.000000e+00   9.483571e-04   0.000000e+00   0.000000e+00   4.380486e-04  -3.580626e-03   3.654787e-04   0.000000e+00
 2.413563e-04  -6.783933e-06   0.000000e+00   4.164084e-04  -2.481035e-05   0.000000e+00   0.000000e+00   0.000000e+00   7.044993e-04
-7.412963e-06   2.405728e-04   0.000000e+00  -2.481035e-05   4.172194e-04   0.000000e+00   0.000000e+00   0.000000e+00  -6.970062e-04
 0.000000e+00   0.000000e+00   4.380486e-04   0.000000e+00   0.000000e+00   9.353131e-04  -1.071077e-02   1.199832e-03   0.000000e+00
 0.000000e+00   0.000000e+00  -3.580626e-03   0.000000e+00   0.000000e+00  -1.071077e-02   2.822051e-01  -1.128483e-02   0.000000e+00
 0.000000e+00   0.000000e+00   3.654787e-04   0.000000e+00   0.000000e+00   1.199832e-03  -1.128483e-02   4.344364e-02   0.000000e+00
 1.846640e-04  -1.922212e-04   0.000000e+00   7.044993e-04  -6.970062e-04   0.000000e+00   0.000000e+00   0.000000e+00   4.284549e-02

# timestamp: 1774889099.907075
 7.873788e-04  -1.600031e-06   0.000000e+00   2.193739e-04  -6.724294e-06   0.000000e+00   0.000000e+00   0.000000e+00   1.460849e-04
-1.600031e-06   7.875458e-04   0.000000e+00  -6.316596e-06   2.185720e-04   0.000000e+00   0.000000e+00   0.000000e+00  -1.504860e-04
 0.000000e+00   0.000000e+00   8.579738e-04   0.000000e+00   0.000000e+00   4.039969e-04  -3.357098e-03   2.699720e-04   0.000000e+00
 2.193739e-04  -6.316596e-06   0.000000e+00   4.099082e-04  -2.378616e-05   0.000000e+00   0.000000e+00   0.000000e+00   6.269180e-04
-6.724294e-06   2.185720e-04   0.000000e+00  -2.378616e-05   4.095963e-04   0.000000e+00   0.000000e+00   0.000000e+00  -5.842395e-04
 0.000000e+00   0.000000e+00   4.039969e-04   0.000000e+00   0.000000e+00   9.406502e-04  -1.090355e-02   9.592385e-04   0.000000e+00
 0.000000e+00   0.000000e+00  -3.357098e-03   0.000000e+00   0.000000e+00  -1.090355e-02   2.830886e-01  -8.153346e-03   0.000000e+00
 0.000000e+00   0.000000e+00   2.699720e-04   0.000000e+00   0.000000e+00   9.592385e-04  -8.153346e-03   3.800539e-02   0.000000e+00
 1.460849e-04  -1.504860e-04   0.000000e+00   6.269180e-04  -5.842395e-04   0.000000e+00   0.000000e+00   0.000000e+00   3.766968e-02

# timestamp: 1774889100.2692301
 9.258092e-04  -4.974763e-06   0.000000e+00   2.618944e-04  -1.107231e-05   0.000000e+00   0.000000e+00   0.000000e+00   2.177642e-04
-4.974763e-06   9.249402e-04   0.000000e+00  -1.186171e-05   2.568589e-04   0.000000e+00   0.000000e+00   0.000000e+00  -1.184238e-04
 0.000000e+00   0.000000e+00   1.085040e-03   0.000000e+00   0.000000e+00   6.306705e-04  -5.742145e-03   1.355453e-04   0.000000e+00
 2.618944e-04  -1.186171e-05   0.000000e+00   4.345513e-04  -2.738886e-05   0.000000e+00   0.000000e+00   0.000000e+00   9.113323e-04
-1.107231e-05   2.568589e-04   0.000000e+00  -2.738886e-05   4.143153e-04   0.000000e+00   0.000000e+00   0.000000e+00  -3.700655e-04
 0.000000e+00   0.000000e+00   6.306705e-04   0.000000e+00   0.000000e+00   1.327095e-03  -1.521606e-02   4.037141e-04   0.000000e+00
 0.000000e+00   0.000000e+00  -5.742145e-03   0.000000e+00   0.000000e+00  -1.521606e-02   3.084710e-01   5.874564e-05   0.000000e+00
 0.000000e+00   0.000000e+00   1.355453e-04   0.000000e+00   0.000000e+00   4.037141e-04   5.874564e-05   4.653008e-02   0.000000e+00
 2.177642e-04  -1.184238e-04   0.000000e+00   9.113323e-04  -3.700655e-04   0.000000e+00   0.000000e+00   0.000000e+00   4.647783e-02

# timestamp: 1774889100.5283616
 8.446887e-04  -5.095919e-06   0.000000e+00   2.412323e-04  -1.051476e-05   0.000000e+00   0.000000e+00   0.000000e+00   1.887662e-04
-5.095919e-06   8.429308e-04   0.000000e+00  -1.112506e-05   2.334142e-04   0.000000e+00   0.000000e+00   0.000000e+00  -3.175457e-05
 0.000000e+00   0.000000e+00   1.011180e-03   0.000000e+00   0.000000e+00   6.490325e-04  -5.837548e-03  -3.956824e-04   0.000000e+00
 2.412323e-04  -1.112506e-05   0.000000e+00   4.330309e-04  -2.424660e-05   0.000000e+00   0.000000e+00   0.000000e+00   8.439915e-04
-1.051476e-05   2.334142e-04   0.000000e+00  -2.424660e-05   4.037950e-04   0.000000e+00   0.000000e+00   0.000000e+00  -1.816719e-04
 0.000000e+00   0.000000e+00   6.490325e-04   0.000000e+00   0.000000e+00   1.467029e-03  -1.607256e-02  -9.946025e-04   0.000000e+00
 0.000000e+00   0.000000e+00  -5.837548e-03   0.000000e+00   0.000000e+00  -1.607256e-02   2.974962e-01   2.129808e-02   0.000000e+00
 0.000000e+00   0.000000e+00  -3.956824e-04   0.000000e+00   0.000000e+00  -9.946025e-04   2.129808e-02   4.337773e-02   0.000000e+00
 1.887662e-04  -3.175457e-05   0.000000e+00   8.439915e-04  -1.816719e-04   0.000000e+00   0.000000e+00   0.000000e+00   4.140569e-02

# timestamp: 1774889100.5536323
 8.927414e-04  -5.816212e-06   0.000000e+00   2.556121e-04  -1.128038e-05   0.000000e+00   0.000000e+00   0.000000e+00   2.166509e-04
-5.816212e-06   8.904435e-04   0.000000e+00  -1.197063e-05   2.464463e-04   0.000000e+00   0.000000e+00   0.000000e+00  -3.755484e-05
 0.000000e+00   0.000000e+00   1.086709e-03   0.000000e+00   0.000000e+00   7.079992e-04  -6.359055e-03  -4.280381e-04   0.000000e+00
 2.556121e-04  -1.197063e-05   0.000000e+00   4.394266e-04  -2.450547e-05   0.000000e+00   0.000000e+00   0.000000e+00   9.226377e-04
-1.128038e-05   2.464463e-04   0.000000e+00  -2.450547e-05   4.069788e-04   0.000000e+00   0.000000e+00   0.000000e+00  -1.784184e-04
 0.000000e+00   0.000000e+00   7.079992e-04   0.000000e+00   0.000000e+00   1.529345e-03  -1.661468e-02  -1.036417e-03   0.000000e+00
 0.000000e+00   0.000000e+00  -6.359055e-03   0.000000e+00   0.000000e+00  -1.661468e-02   3.007068e-01   2.129808e-02   0.000000e+00
 0.000000e+00   0.000000e+00  -4.280381e-04   0.000000e+00   0.000000e+00  -1.036417e-03   2.129808e-02   4.658837e-02   0.000000e+00
 2.166509e-04  -3.755484e-05   0.000000e+00   9.226377e-04  -1.784184e-04   0.000000e+00   0.000000e+00   0.000000e+00   4.461633e-02

# timestamp: 1774889100.6129234
 8.331697e-04  -5.216390e-06   0.000000e+00   2.389307e-04  -1.037154e-05   0.000000e+00   0.000000e+00   0.000000e+00   1.870908e-04
-5.216390e-06   8.308128e-04   0.000000e+00  -1.109427e-05   2.297849e-04   0.000000e+00   0.000000e+00   0.000000e+00  -3.247545e-05
 0.000000e+00   0.000000e+00   1.003762e-03   0.000000e+00   0.000000e+00   6.597079e-04  -5.768377e-03  -6.143782e-04   0.000000e+00
 2.389307e-04  -1.109427e-05   0.000000e+00   4.349142e-04  -2.306526e-05   0.000000e+00   0.000000e+00   0.000000e+00   8.538955e-04
-1.037154e-05   2.297849e-04   0.000000e+00  -2.306526e-05   4.015041e-04   0.000000e+00   0.000000e+00   0.000000e+00  -1.331805e-04
 0.000000e+00   0.000000e+00   6.597079e-04   0.000000e+00   0.000000e+00   1.507356e-03  -1.598796e-02  -1.655152e-03   0.000000e+00
 0.000000e+00   0.000000e+00  -5.768377e-03   0.000000e+00   0.000000e+00  -1.598796e-02   2.852470e-01   3.089994e-02   0.000000e+00
 0.000000e+00   0.000000e+00  -6.143782e-04   0.000000e+00   0.000000e+00  -1.655152e-03   3.089994e-02   4.494922e-02   0.000000e+00
 1.870908e-04  -3.247545e-05   0.000000e+00   8.538955e-04  -1.331805e-04   0.000000e+00   0.000000e+00   0.000000e+00   4.071640e-02

# timestamp: 1774889100.8960388
 9.032041e-04  -1.266082e-05   0.000000e+00   2.700225e-04  -1.335170e-05   0.000000e+00   0.000000e+00   0.000000e+00   4.994208e-04
-1.266082e-05   8.987516e-04   0.000000e+00  -2.521942e-05   2.479873e-04   0.000000e+00   0.000000e+00   0.000000e+00  -4.788333e-04
 0.000000e+00   0.000000e+00   1.190934e-03   0.000000e+00   0.000000e+00   8.701724e-04  -7.205610e-03  -1.110761e-03   0.000000e+00
 2.700225e-04  -2.521942e-05   0.000000e+00   4.603116e-04  -2.494314e-05   0.000000e+00   0.000000e+00   0.000000e+00   1.154291e-03
-1.335170e-05   2.479873e-04   0.000000e+00  -2.494314e-05   4.033809e-04   0.000000e+00   0.000000e+00   0.000000e+00  -2.069673e-04
 0.000000e+00   0.000000e+00   8.701724e-04   0.000000e+00   0.000000e+00   1.753885e-03  -1.639091e-02  -3.496054e-03   0.000000e+00
 0.000000e+00   0.000000e+00  -7.205610e-03   0.000000e+00   0.000000e+00  -1.639091e-02   2.501619e-01   5.383175e-02   0.000000e+00
 0.000000e+00   0.000000e+00  -1.110761e-03   0.000000e+00   0.000000e+00  -3.496054e-03   5.383175e-02   6.037524e-02   0.000000e+00
 4.994208e-04  -4.788333e-04   0.000000e+00   1.154291e-03  -2.069673e-04   0.000000e+00   0.000000e+00   0.000000e+00   4.520041e-02

# timestamp: 1774889100.925689
 8.512452e-04  -6.559554e-06   0.000000e+00   2.462448e-04  -1.049326e-05   0.000000e+00   0.000000e+00   0.000000e+00   8.964213e-05
-6.559554e-06   8.474118e-04   0.000000e+00  -1.053997e-05   2.328351e-04   0.000000e+00   0.000000e+00   0.000000e+00   7.962380e-05
 0.000000e+00   0.000000e+00   1.023417e-03   0.000000e+00   0.000000e+00   6.643796e-04  -4.534675e-03  -1.443408e-03   0.000000e+00
 2.462448e-04  -1.053997e-05   0.000000e+00   4.496168e-04  -2.022475e-05   0.000000e+00   0.000000e+00   0.000000e+00   9.542932e-04
-1.049326e-05   2.328351e-04   0.000000e+00  -2.022475e-05   3.987297e-04   0.000000e+00   0.000000e+00   0.000000e+00  -4.298783e-05
 0.000000e+00   0.000000e+00   6.643796e-04   0.000000e+00   0.000000e+00   1.516711e-03  -1.334259e-02  -3.856152e-03   0.000000e+00
 0.000000e+00   0.000000e+00  -4.534675e-03   0.000000e+00   0.000000e+00  -1.334259e-02   2.118116e-01   5.735715e-02   0.000000e+00
 0.000000e+00   0.000000e+00  -1.443408e-03   0.000000e+00   0.000000e+00  -3.856152e-03   5.735715e-02   6.206989e-02   0.000000e+00
 8.964213e-05   7.962380e-05   0.000000e+00   9.542932e-04  -4.298783e-05   0.000000e+00   0.000000e+00   0.000000e+00   4.151176e-02

# timestamp: 1774889100.9524288
 8.864797e-04  -7.062801e-06   0.000000e+00   2.570024e-04  -1.097158e-05   0.000000e+00   0.000000e+00   0.000000e+00   1.125056e-04
-7.062801e-06   8.819870e-04   0.000000e+00  -1.089517e-05   2.422157e-04   0.000000e+00   0.000000e+00   0.000000e+00   7.860529e-05
 0.000000e+00   0.000000e+00   1.078950e-03   0.000000e+00   0.000000e+00   7.074209e-04  -4.849892e-03  -1.534449e-03   0.000000e+00
 2.570024e-04  -1.089517e-05   0.000000e+00   4.549511e-04  -2.032379e-05   0.000000e+00   0.000000e+00   0.000000e+00   1.019584e-03
-1.097158e-05   2.422157e-04   0.000000e+00  -2.032379e-05   4.010766e-04   0.000000e+00   0.000000e+00   0.000000e+00  -4.442151e-05
 0.000000e+00   0.000000e+00   7.074209e-04   0.000000e+00   0.000000e+00   1.559718e-03  -1.366404e-02  -3.940950e-03   0.000000e+00
 0.000000e+00   0.000000e+00  -4.849892e-03   0.000000e+00   0.000000e+00  -1.366404e-02   2.141556e-01   5.735715e-02   0.000000e+00
 0.000000e+00   0.000000e+00  -1.534449e-03   0.000000e+00   0.000000e+00  -3.940950e-03   5.735715e-02   6.441390e-02   0.000000e+00
 1.125056e-04   7.860529e-05   0.000000e+00   1.019584e-03  -4.442151e-05   0.000000e+00   0.000000e+00   0.000000e+00   4.385577e-02

# timestamp: 1774889101.2153025
 7.904841e-04  -5.352855e-06   0.000000e+00   2.327259e-04  -9.133787e-06   0.000000e+00   0.000000e+00   0.000000e+00   1.556047e-04
-5.352855e-06   7.844479e-04   0.000000e+00  -9.167095e-06   2.146634e-04   0.000000e+00   0.000000e+00   0.000000e+00   1.918535e-05
 0.000000e+00   0.000000e+00   9.288966e-04   0.000000e+00   0.000000e+00   5.630768e-04  -2.876044e-03  -1.659512e-03   0.000000e+00
 2.327259e-04  -9.167095e-06   0.000000e+00   4.530298e-04  -1.759539e-05   0.000000e+00   0.000000e+00   0.000000e+00   9.270262e-04
-9.133787e-06   2.146634e-04   0.000000e+00  -1.759539e-05   3.914280e-04   0.000000e+00   0.000000e+00   0.000000e+00  -3.275297e-05
 0.000000e+00   0.000000e+00   5.630768e-04   0.000000e+00   0.000000e+00   1.276035e-03  -8.453075e-03  -4.642674e-03   0.000000e+00
 0.000000e+00   0.000000e+00  -2.876044e-03   0.000000e+00   0.000000e+00  -8.453075e-03   1.267503e-01   6.110460e-02   0.000000e+00
 0.000000e+00   0.000000e+00  -1.659512e-03   0.000000e+00   0.000000e+00  -4.642674e-03   6.110460e-02   8.319107e-02   0.000000e+00
 1.556047e-04   1.918535e-05   0.000000e+00   9.270262e-04  -3.275297e-05   0.000000e+00   0.000000e+00   0.000000e+00   3.777974e-02

# timestamp: 1774889101.2859209
 9.462382e-04  -7.418432e-06   0.000000e+00   2.820139e-04  -1.094458e-05   0.000000e+00   0.000000e+00   0.000000e+00   2.606018e-04
-7.418432e-06   9.357214e-04   0.000000e+00  -1.087027e-05   2.556620e-04   0.000000e+00   0.000000e+00   0.000000e+00   1.585247e-05
 0.000000e+00   0.000000e+00   1.162876e-03   0.000000e+00   0.000000e+00   7.223403e-04  -3.774868e-03  -2.150609e-03   0.000000e+00
 2.820139e-04  -1.087027e-05   0.000000e+00   4.777512e-04  -1.778363e-05   0.000000e+00   0.000000e+00   0.000000e+00   1.227924e-03
-1.094458e-05   2.556620e-04   0.000000e+00  -1.778363e-05   4.017153e-04   0.000000e+00   0.000000e+00   0.000000e+00  -3.159280e-05
 0.000000e+00   0.000000e+00   7.223403e-04   0.000000e+00   0.000000e+00   1.406085e-03  -9.352888e-03  -5.055256e-03   0.000000e+00
 0.000000e+00   0.000000e+00  -3.774868e-03   0.000000e+00   0.000000e+00  -9.352888e-03   1.370393e-01   6.110460e-02   0.000000e+00
 0.000000e+00   0.000000e+00  -2.150609e-03   0.000000e+00   0.000000e+00  -5.055256e-03   6.110460e-02   9.348008e-02   0.000000e+00
 2.606018e-04   1.585247e-05   0.000000e+00   1.227924e-03  -3.159280e-05   0.000000e+00   0.000000e+00   0.000000e+00   4.806874e-02

# timestamp: 1774889101.54686
 9.066337e-04  -6.493237e-06   0.000000e+00   2.746155e-04  -8.856085e-06   0.000000e+00   0.000000e+00   0.000000e+00   2.479253e-04
-6.493237e-06   8.930178e-04   0.000000e+00  -9.970228e-06   2.427486e-04   0.000000e+00   0.000000e+00   0.000000e+00  -4.375561e-06
 0.000000e+00   0.000000e+00   1.064922e-03   0.000000e+00   0.000000e+00   5.831287e-04  -1.777214e-03  -1.756742e-03   0.000000e+00
 2.746155e-04  -9.970228e-06   0.000000e+00   4.837013e-04  -1.241092e-05   0.000000e+00   0.000000e+00   0.000000e+00   1.184532e-03
-8.856085e-06   2.427486e-04   0.000000e+00  -1.241092e-05   3.961835e-04   0.000000e+00   0.000000e+00   0.000000e+00   6.974876e-05
 0.000000e+00   0.000000e+00   5.831287e-04   0.000000e+00   0.000000e+00   1.110368e-03  -4.733926e-03  -4.418485e-03   0.000000e+00
 0.000000e+00   0.000000e+00  -1.777214e-03   0.000000e+00   0.000000e+00  -4.733926e-03   7.377503e-02   4.114264e-02   0.000000e+00
 0.000000e+00   0.000000e+00  -1.756742e-03   0.000000e+00   0.000000e+00  -4.418485e-03   4.114264e-02   1.148154e-01   0.000000e+00
 2.479253e-04  -4.375561e-06   0.000000e+00   1.184532e-03   6.974876e-05   0.000000e+00   0.000000e+00   0.000000e+00   4.521318e-02

# timestamp: 1774889101.6431134
 8.955816e-04  -5.771321e-06   0.000000e+00   2.729655e-04  -7.743616e-06   0.000000e+00   0.000000e+00   0.000000e+00   2.370947e-04
-5.771321e-06   8.807506e-04   0.000000e+00  -7.530310e-06   2.391554e-04   0.000000e+00   0.000000e+00   0.000000e+00   6.053302e-05
 0.000000e+00   0.000000e+00   1.051734e-03   0.000000e+00   0.000000e+00   5.734970e-04  -1.555569e-03  -1.963259e-03   0.000000e+00
 2.729655e-04  -7.530310e-06   0.000000e+00   4.861962e-04  -8.803890e-06   0.000000e+00   0.000000e+00   0.000000e+00   1.173030e-03
-7.743616e-06   2.391554e-04   0.000000e+00  -8.803890e-06   3.949380e-04   0.000000e+00   0.000000e+00   0.000000e+00   1.512355e-04
 0.000000e+00   0.000000e+00   5.734970e-04   0.000000e+00   0.000000e+00   1.085280e-03  -4.150869e-03  -4.679008e-03   0.000000e+00
 0.000000e+00   0.000000e+00  -1.555569e-03   0.000000e+00   0.000000e+00  -4.150869e-03   6.564556e-02   3.827547e-02   0.000000e+00
 0.000000e+00   0.000000e+00  -1.963259e-03   0.000000e+00   0.000000e+00  -4.679008e-03   3.827547e-02   1.236057e-01   0.000000e+00
 2.370947e-04   6.053302e-05   0.000000e+00   1.173030e-03   1.512355e-04   0.000000e+00   0.000000e+00   0.000000e+00   4.424098e-02

# timestamp: 1774889101.948443
 9.073294e-04  -4.090404e-06   0.000000e+00   2.825173e-04  -2.882270e-06   0.000000e+00   0.000000e+00   0.000000e+00   2.625024e-04
-4.090404e-06   8.876469e-04   0.000000e+00  -2.552840e-06   2.412390e-04   0.000000e+00   0.000000e+00   0.000000e+00   1.176132e-04
 0.000000e+00   0.000000e+00   1.067205e-03   0.000000e+00   0.000000e+00   5.875708e-04  -1.160513e-03  -2.422246e-03   0.000000e+00
 2.825173e-04  -2.552840e-06   0.000000e+00   5.012804e-04   8.028330e-06   0.000000e+00   0.000000e+00   0.000000e+00   1.247362e-03
-2.882270e-06   2.412390e-04   0.000000e+00   8.028330e-06   3.991581e-04   0.000000e+00   0.000000e+00   0.000000e+00   4.781436e-04
 0.000000e+00   0.000000e+00   5.875708e-04   0.000000e+00   0.000000e+00   1.112785e-03  -3.318326e-03  -6.169676e-03   0.000000e+00
 0.000000e+00   0.000000e+00  -1.160513e-03   0.000000e+00   0.000000e+00  -3.318326e-03   5.459270e-02   3.070159e-02   0.000000e+00
 0.000000e+00   0.000000e+00  -2.422246e-03   0.000000e+00   0.000000e+00  -6.169676e-03   3.070159e-02   1.510638e-01   0.000000e+00
 2.625024e-04   1.176132e-04   0.000000e+00   1.247362e-03   4.781436e-04   0.000000e+00   0.000000e+00   0.000000e+00   4.472404e-02

# timestamp: 1774889102.3919604
 9.106860e-04   2.962894e-06   0.000000e+00   3.083991e-04   2.250476e-05   0.000000e+00   0.000000e+00   0.000000e+00   8.179818e-04
 2.962894e-06   8.716639e-04   0.000000e+00   9.616407e-06   2.416559e-04   0.000000e+00   0.000000e+00   0.000000e+00   1.828199e-04
 0.000000e+00   0.000000e+00   1.122381e-03   0.000000e+00   0.000000e+00   7.566846e-04  -1.865044e-03  -4.153982e-03   0.000000e+00
 3.083991e-04   9.616407e-06   0.000000e+00   5.327478e-04   5.000390e-05   0.000000e+00   0.000000e+00   0.000000e+00   1.493513e-03
 2.250476e-05   2.416559e-04   0.000000e+00   5.000390e-05   4.236495e-04   0.000000e+00   0.000000e+00   0.000000e+00   9.871241e-04
 0.000000e+00   0.000000e+00   7.566846e-04   0.000000e+00   0.000000e+00   1.546935e-03  -4.077863e-03  -1.126807e-02   0.000000e+00
 0.000000e+00   0.000000e+00  -1.865044e-03   0.000000e+00   0.000000e+00  -4.077863e-03   5.183037e-02   3.362720e-02   0.000000e+00
 0.000000e+00   0.000000e+00  -4.153982e-03   0.000000e+00   0.000000e+00  -1.126807e-02   3.362720e-02   1.906402e-01   0.000000e+00
 8.179818e-04   1.828199e-04   0.000000e+00   1.493513e-03   9.871241e-04   0.000000e+00   0.000000e+00   0.000000e+00   4.388102e-02

# timestamp: 1774889102.8445404
 9.056586e-04   8.268365e-06   0.000000e+00   2.986036e-04   2.445441e-05   0.000000e+00   0.000000e+00   0.000000e+00   2.753874e-04
 8.268365e-06   8.808026e-04   0.000000e+00   2.758601e-05   2.560670e-04   0.000000e+00   0.000000e+00   0.000000e+00   2.903094e-04
 0.000000e+00   0.000000e+00   1.172039e-03   0.000000e+00   0.000000e+00   9.214934e-04  -1.378210e-03  -5.514102e-03   0.000000e+00
 2.986036e-04   2.758601e-05   0.000000e+00   5.472093e-04   8.591278e-05   0.000000e+00   0.000000e+00   0.000000e+00   1.445754e-03
 2.445441e-05   2.560670e-04   0.000000e+00   8.591278e-05   4.568517e-04   0.000000e+00   0.000000e+00   0.000000e+00   1.170339e-03
 0.000000e+00   0.000000e+00   9.214934e-04   0.000000e+00   0.000000e+00   2.098137e-03  -4.484288e-03  -1.555136e-02   0.000000e+00
 0.000000e+00   0.000000e+00  -1.378210e-03   0.000000e+00   0.000000e+00  -4.484288e-03   5.147353e-02   3.533070e-02   0.000000e+00
 0.000000e+00   0.000000e+00  -5.514102e-03   0.000000e+00   0.000000e+00  -1.555136e-02   3.533070e-02   2.101854e-01   0.000000e+00
 2.753874e-04   2.903094e-04   0.000000e+00   1.445754e-03   1.170339e-03   0.000000e+00   0.000000e+00   0.000000e+00   4.382860e-02

# timestamp: 1774889103.0175083
 8.813673e-04   1.062029e-05   0.000000e+00   2.943091e-04   2.823355e-05   0.000000e+00   0.000000e+00   0.000000e+00   2.655893e-04
 1.062029e-05   8.573755e-04   0.000000e+00   3.139272e-05   2.505927e-04   0.000000e+00   0.000000e+00   0.000000e+00   2.431472e-04
 0.000000e+00   0.000000e+00   1.142967e-03   0.000000e+00   0.000000e+00   9.137985e-04  -1.705090e-03  -5.211403e-03   0.000000e+00
 2.943091e-04   3.139272e-05   0.000000e+00   5.545915e-04   9.015587e-05   0.000000e+00   0.000000e+00   0.000000e+00   1.446919e-03
 2.823355e-05   2.505927e-04   0.000000e+00   9.015587e-05   4.520288e-04   0.000000e+00   0.000000e+00   0.000000e+00   9.499328e-04
 0.000000e+00   0.000000e+00   9.137985e-04   0.000000e+00   0.000000e+00   2.108825e-03  -5.493001e-03  -1.472394e-02   0.000000e+00
 0.000000e+00   0.000000e+00  -1.705090e-03   0.000000e+00   0.000000e+00  -5.493001e-03   5.675321e-02   4.597804e-02   0.000000e+00
 0.000000e+00   0.000000e+00  -5.211403e-03   0.000000e+00   0.000000e+00  -1.472394e-02   4.597804e-02   1.939719e-01   0.000000e+00
 2.655893e-04   2.431472e-04   0.000000e+00   1.446919e-03   9.499328e-04   0.000000e+00   0.000000e+00   0.000000e+00   4.229916e-02

# timestamp: 1774889103.0448742
 9.177604e-04   1.202735e-05   0.000000e+00   3.076025e-04   3.048832e-05   0.000000e+00   0.000000e+00   0.000000e+00   2.991595e-04
 1.202735e-05   8.917220e-04   0.000000e+00   3.401002e-05   2.610719e-04   0.000000e+00   0.000000e+00   0.000000e+00   2.649403e-04
 0.000000e+00   0.000000e+00   1.208417e-03   0.000000e+00   0.000000e+00   9.693339e-04  -1.831049e-03  -5.547638e-03   0.000000e+00
 3.076025e-04   3.401002e-05   0.000000e+00   5.631955e-04   9.315300e-05   0.000000e+00   0.000000e+00   0.000000e+00   1.539829e-03
 3.048832e-05   2.610719e-04   0.000000e+00   9.315300e-05   4.555319e-04   0.000000e+00   0.000000e+00   0.000000e+00   9.779126e-04
 0.000000e+00   0.000000e+00   9.693339e-04   0.000000e+00   0.000000e+00   2.153662e-03  -5.645921e-03  -1.494627e-02   0.000000e+00
 0.000000e+00   0.000000e+00  -1.831049e-03   0.000000e+00   0.000000e+00  -5.645921e-03   5.902541e-02   4.597804e-02   0.000000e+00
 0.000000e+00   0.000000e+00  -5.547638e-03   0.000000e+00   0.000000e+00  -1.494627e-02   4.597804e-02   1.962441e-01   0.000000e+00
 2.991595e-04   2.649403e-04   0.000000e+00   1.539829e-03   9.779126e-04   0.000000e+00   0.000000e+00   0.000000e+00   4.457136e-02

# timestamp: 1774889103.3007703
 8.485637e-04   1.335253e-05   0.000000e+00   2.886544e-04   3.118996e-05   0.000000e+00   0.000000e+00   0.000000e+00   2.297529e-04
 1.335253e-05   8.250627e-04   0.000000e+00   3.567353e-05   2.410516e-04   0.000000e+00   0.000000e+00   0.000000e+00   1.990376e-04
 0.000000e+00   0.000000e+00   1.088568e-03   0.000000e+00   0.000000e+00   8.471087e-04  -2.181678e-03  -4.217408e-03   0.000000e+00
 2.886544e-04   3.567353e-05   0.000000e+00   5.676824e-04   8.639358e-05   0.000000e+00   0.000000e+00   0.000000e+00   1.436007e-03
 3.118996e-05   2.410516e-04   0.000000e+00   8.639358e-05   4.376523e-04   0.000000e+00   0.000000e+00   0.000000e+00   5.483243e-04
 0.000000e+00   0.000000e+00   8.471087e-04   0.000000e+00   0.000000e+00   1.935418e-03  -6.908119e-03  -1.151655e-02   0.000000e+00
 0.000000e+00   0.000000e+00  -2.181678e-03   0.000000e+00   0.000000e+00  -6.908119e-03   7.233345e-02   5.861922e-02   0.000000e+00
 0.000000e+00   0.000000e+00  -4.217408e-03   0.000000e+00   0.000000e+00  -1.151655e-02   5.861922e-02   1.511339e-01   0.000000e+00
 2.297529e-04   1.990376e-04   0.000000e+00   1.436007e-03   5.483243e-04   0.000000e+00   0.000000e+00   0.000000e+00   3.996072e-02

# timestamp: 1774889103.3340237
 9.235495e-04   1.668104e-05   0.000000e+00   3.168000e-04   3.521644e-05   0.000000e+00   0.000000e+00   0.000000e+00   2.999198e-04
 1.668104e-05   8.952710e-04   0.000000e+00   4.073375e-05   2.616037e-04   0.000000e+00   0.000000e+00   0.000000e+00   2.245438e-04
 0.000000e+00   0.000000e+00   1.219027e-03   0.000000e+00   0.000000e+00   9.488407e-04  -2.509756e-03  -4.759421e-03   0.000000e+00
 3.168000e-04   4.073375e-05   0.000000e+00   5.863803e-04   8.862732e-05   0.000000e+00   0.000000e+00   0.000000e+00   1.632853e-03
 3.521644e-05   2.616037e-04   0.000000e+00   8.862732e-05   4.421404e-04   0.000000e+00   0.000000e+00   0.000000e+00   5.410515e-04
 0.000000e+00   0.000000e+00   9.488407e-04   0.000000e+00   0.000000e+00   2.000895e-03  -7.243194e-03  -1.175873e-02   0.000000e+00
 0.000000e+00   0.000000e+00  -2.509756e-03   0.000000e+00   0.000000e+00  -7.243194e-03   7.700581e-02   5.861922e-02   0.000000e+00
 0.000000e+00   0.000000e+00  -4.759421e-03   0.000000e+00   0.000000e+00  -1.175873e-02   5.861922e-02   1.558062e-01   0.000000e+00
 2.999198e-04   2.245438e-04   0.000000e+00   1.632853e-03   5.410515e-04   0.000000e+00   0.000000e+00   0.000000e+00   4.463308e-02

# timestamp: 1774889103.5598605
 9.392248e-04   1.979558e-05   0.000000e+00   3.294293e-04   3.646174e-05   0.000000e+00   0.000000e+00   0.000000e+00   3.615943e-04
 1.979558e-05   9.071948e-04   0.000000e+00   4.342906e-05   2.632569e-04   0.000000e+00   0.000000e+00   0.000000e+00   1.872355e-04
 0.000000e+00   0.000000e+00   1.231539e-03   0.000000e+00   0.000000e+00   9.229256e-04  -2.986630e-03  -3.795904e-03   0.000000e+00
 3.294293e-04   4.342906e-05   0.000000e+00   6.060749e-04   7.819666e-05   0.000000e+00   0.000000e+00   0.000000e+00   1.728630e-03
 3.646174e-05   2.632569e-04   0.000000e+00   7.819666e-05   4.338921e-04   0.000000e+00   0.000000e+00   0.000000e+00   2.558981e-04
 0.000000e+00   0.000000e+00   9.229256e-04   0.000000e+00   0.000000e+00   1.866552e-03  -8.159274e-03  -8.771205e-03   0.000000e+00
 0.000000e+00   0.000000e+00  -2.986630e-03   0.000000e+00   0.000000e+00  -8.159274e-03   9.489043e-02   5.771188e-02   0.000000e+00
 0.000000e+00   0.000000e+00  -3.795904e-03   0.000000e+00   0.000000e+00  -8.771205e-03   5.771188e-02   1.172191e-01   0.000000e+00
 3.615943e-04   1.872355e-04   0.000000e+00   1.728630e-03   2.558981e-04   0.000000e+00   0.000000e+00   0.000000e+00   4.536325e-02

# timestamp: 1774889103.6003711
 9.631063e-04   1.334931e-05   0.000000e+00   3.512458e-04   3.576070e-05   0.000000e+00   0.000000e+00   0.000000e+00   6.894905e-04
 1.334931e-05   9.240912e-04   0.000000e+00   2.041532e-05   2.654346e-04   0.000000e+00   0.000000e+00   0.000000e+00  -3.817852e-04
 0.000000e+00   0.000000e+00   1.209303e-03   0.000000e+00   0.000000e+00   8.602853e-04  -3.029772e-03  -2.248432e-03   0.000000e+00
 3.512458e-04   2.041532e-05   0.000000e+00   6.227784e-04   6.874448e-05   0.000000e+00   0.000000e+00   0.000000e+00   1.890507e-03
 3.576070e-05   2.654346e-04   0.000000e+00   6.874448e-05   4.319011e-04   0.000000e+00   0.000000e+00   0.000000e+00   3.949437e-05
 0.000000e+00   0.000000e+00   8.602853e-04   0.000000e+00   0.000000e+00   1.774025e-03  -8.275141e-03  -7.028864e-03   0.000000e+00
 0.000000e+00   0.000000e+00  -3.029772e-03   0.000000e+00   0.000000e+00  -8.275141e-03   1.001097e-01   5.283512e-02   0.000000e+00
 0.000000e+00   0.000000e+00  -2.248432e-03   0.000000e+00   0.000000e+00  -7.028864e-03   5.283512e-02   1.024846e-01   0.000000e+00
 6.894905e-04  -3.817852e-04   0.000000e+00   1.890507e-03   3.949437e-05   0.000000e+00   0.000000e+00   0.000000e+00   4.647106e-02

# timestamp: 1774889103.8810904
 8.216113e-04   1.596573e-05   0.000000e+00   2.951496e-04   2.809322e-05   0.000000e+00   0.000000e+00   0.000000e+00   2.924429e-04
 1.596573e-05   7.925339e-04   0.000000e+00   3.446149e-05   2.265651e-04   0.000000e+00   0.000000e+00   0.000000e+00   9.882901e-05
 0.000000e+00   0.000000e+00   1.015320e-03   0.000000e+00   0.000000e+00   7.323952e-04  -2.833879e-03  -1.751082e-03   0.000000e+00
 2.951496e-04   3.446149e-05   0.000000e+00   6.025422e-04   5.382509e-05   0.000000e+00   0.000000e+00   0.000000e+00   1.469775e-03
 2.809322e-05   2.265651e-04   0.000000e+00   5.382509e-05   4.142627e-04   0.000000e+00   0.000000e+00   0.000000e+00  -4.425129e-05
 0.000000e+00   0.000000e+00   7.323952e-04   0.000000e+00   0.000000e+00   1.661469e-03  -8.942410e-03  -4.480714e-03   0.000000e+00
 0.000000e+00   0.000000e+00  -2.833879e-03   0.000000e+00   0.000000e+00  -8.942410e-03   1.188506e-01   4.131219e-02   0.000000e+00
 0.000000e+00   0.000000e+00  -1.751082e-03   0.000000e+00   0.000000e+00  -4.480714e-03   4.131219e-02   6.108411e-02   0.000000e+00
 2.924429e-04   9.882901e-05   0.000000e+00   1.469775e-03  -4.425129e-05   0.000000e+00   0.000000e+00   0.000000e+00   3.764221e-02

# timestamp: 1774889103.9573476
 9.540186e-04   2.136214e-05   0.000000e+00   3.477269e-04   3.172846e-05   0.000000e+00   0.000000e+00   0.000000e+00   4.210498e-04
 2.136214e-05   9.124420e-04   0.000000e+00   3.944016e-05   2.602204e-04   0.000000e+00   0.000000e+00   0.000000e+00   9.309308e-05
 0.000000e+00   0.000000e+00   1.226453e-03   0.000000e+00   0.000000e+00   8.927088e-04  -3.582700e-03  -2.119085e-03   0.000000e+00
 3.477269e-04   3.944016e-05   0.000000e+00   6.356022e-04   5.053222e-05   0.000000e+00   0.000000e+00   0.000000e+00   1.796156e-03
 3.172846e-05   2.602204e-04   0.000000e+00   5.053222e-05   4.225873e-04   0.000000e+00   0.000000e+00   0.000000e+00  -1.145090e-04
 0.000000e+00   0.000000e+00   8.927088e-04   0.000000e+00   0.000000e+00   1.798286e-03  -9.823527e-03  -4.688655e-03   0.000000e+00
 0.000000e+00   0.000000e+00  -3.582700e-03   0.000000e+00   0.000000e+00  -9.823527e-03   1.269158e-01   4.131219e-02   0.000000e+00
 0.000000e+00   0.000000e+00  -2.119085e-03   0.000000e+00   0.000000e+00  -4.688655e-03   4.131219e-02   6.914931e-02   0.000000e+00
 4.210498e-04   9.309308e-05   0.000000e+00   1.796156e-03  -1.145090e-04   0.000000e+00   0.000000e+00   0.000000e+00   4.570741e-02

# timestamp: 1774889104.2883806
 8.383738e-04   1.471220e-05   0.000000e+00   3.105523e-04   2.024431e-05   0.000000e+00   0.000000e+00   0.000000e+00   3.485506e-04
 1.471220e-05   8.008359e-04   0.000000e+00   2.584853e-05   2.258535e-04   0.000000e+00   0.000000e+00   0.000000e+00   4.031396e-05
 0.000000e+00   0.000000e+00   1.025271e-03   0.000000e+00   0.000000e+00   7.306037e-04  -3.026417e-03  -4.991377e-04   0.000000e+00
 3.105523e-04   2.584853e-05   0.000000e+00   6.180163e-04   2.609286e-05   0.000000e+00   0.000000e+00   0.000000e+00   1.450718e-03
 2.024431e-05   2.258535e-04   0.000000e+00   2.609286e-05   4.087419e-04   0.000000e+00   0.000000e+00   0.000000e+00  -2.539485e-04
 0.000000e+00   0.000000e+00   7.306037e-04   0.000000e+00   0.000000e+00   1.646577e-03  -9.475198e-03  -8.032617e-04   0.000000e+00
 0.000000e+00   0.000000e+00  -3.026417e-03   0.000000e+00   0.000000e+00  -9.475198e-03   1.309906e-01   4.989681e-03   0.000000e+00
 0.000000e+00   0.000000e+00  -4.991377e-04   0.000000e+00   0.000000e+00  -8.032617e-04   4.989681e-03   4.073647e-02   0.000000e+00
 3.485506e-04   4.031396e-05   0.000000e+00   1.450718e-03  -2.539485e-04   0.000000e+00   0.000000e+00   0.000000e+00   3.830568e-02

# timestamp: 1774889104.5125234
 8.845234e-04   1.358921e-05   0.000000e+00   3.305489e-04   1.528864e-05   0.000000e+00   0.000000e+00   0.000000e+00   3.652692e-04
 1.358921e-05   8.387932e-04   0.000000e+00   2.005079e-05   2.356867e-04   0.000000e+00   0.000000e+00   0.000000e+00  -3.094289e-05
 0.000000e+00   0.000000e+00   1.088502e-03   0.000000e+00   0.000000e+00   7.777053e-04  -3.250227e-03   1.000655e-04   0.000000e+00
 3.305489e-04   2.005079e-05   0.000000e+00   6.265170e-04   1.070473e-05   0.000000e+00   0.000000e+00   0.000000e+00   1.476146e-03
 1.528864e-05   2.356867e-04   0.000000e+00   1.070473e-05   4.109556e-04   0.000000e+00   0.000000e+00   0.000000e+00  -3.788417e-04
 0.000000e+00   0.000000e+00   7.777053e-04   0.000000e+00   0.000000e+00   1.695719e-03  -9.840116e-03   8.751556e-04   0.000000e+00
 0.000000e+00   0.000000e+00  -3.250227e-03   0.000000e+00   0.000000e+00  -9.840116e-03   1.345371e-01  -1.166829e-02   0.000000e+00
 0.000000e+00   0.000000e+00   1.000655e-04   0.000000e+00   0.000000e+00   8.751556e-04  -1.166829e-02   4.423068e-02   0.000000e+00
 3.652692e-04  -3.094289e-05   0.000000e+00   1.476146e-03  -3.788417e-04   0.000000e+00   0.000000e+00   0.000000e+00   4.104998e-02

# timestamp: 1774889104.5638294
 9.716079e-04   1.541469e-05   0.000000e+00   3.648697e-04   1.514337e-05   0.000000e+00   0.000000e+00   0.000000e+00   4.449077e-04
 1.541469e-05   9.154858e-04   0.000000e+00   2.033942e-05   2.570453e-04   0.000000e+00   0.000000e+00   0.000000e+00  -5.176853e-05
 0.000000e+00   0.000000e+00   1.224953e-03   0.000000e+00   0.000000e+00   8.817323e-04  -3.768214e-03   1.475207e-04   0.000000e+00
 3.648697e-04   2.033942e-05   0.000000e+00   6.446464e-04   6.670134e-06   0.000000e+00   0.000000e+00   0.000000e+00   1.658939e-03
 1.514337e-05   2.570453e-04   0.000000e+00   6.670134e-06   4.173165e-04   0.000000e+00   0.000000e+00   0.000000e+00  -4.443979e-04
 0.000000e+00   0.000000e+00   8.817323e-04   0.000000e+00   0.000000e+00   1.787703e-03  -1.042810e-02   9.938494e-04   0.000000e+00
 0.000000e+00   0.000000e+00  -3.768214e-03   0.000000e+00   0.000000e+00  -1.042810e-02   1.396751e-01  -1.166829e-02   0.000000e+00
 0.000000e+00   0.000000e+00   1.475207e-04   0.000000e+00   0.000000e+00   9.938494e-04  -1.166829e-02   4.936865e-02   0.000000e+00
 4.449077e-04  -5.176853e-05   0.000000e+00   1.658939e-03  -4.443979e-04   0.000000e+00   0.000000e+00   0.000000e+00   4.618795e-02

# timestamp: 1774889104.8268702
 9.063203e-04   9.756521e-06   0.000000e+00   3.396558e-04   6.848135e-06   0.000000e+00   0.000000e+00   0.000000e+00   3.716561e-04
 9.756521e-06   8.547252e-04   0.000000e+00   1.061353e-05   2.393060e-04   0.000000e+00   0.000000e+00   0.000000e+00  -6.498190e-05
 0.000000e+00   0.000000e+00   1.126685e-03   0.000000e+00   0.000000e+00   8.245502e-04  -3.571823e-03   8.699724e-04   0.000000e+00
 3.396558e-04   1.061353e-05   0.000000e+00   6.240371e-04  -7.922086e-06   0.000000e+00   0.000000e+00   0.000000e+00   1.418665e-03
 6.848135e-06   2.393060e-04   0.000000e+00  -7.922086e-06   4.122287e-04   0.000000e+00   0.000000e+00   0.000000e+00  -4.735946e-04
 0.000000e+00   0.000000e+00   8.245502e-04   0.000000e+00   0.000000e+00   1.780752e-03  -1.043863e-02   2.977198e-03   0.000000e+00
 0.000000e+00   0.000000e+00  -3.571823e-03   0.000000e+00   0.000000e+00  -1.043863e-02   1.384106e-01  -3.140229e-02   0.000000e+00
 0.000000e+00   0.000000e+00   8.699724e-04   0.000000e+00   0.000000e+00   2.977198e-03  -3.140229e-02   5.347499e-02   0.000000e+00
 3.716561e-04  -6.498190e-05   0.000000e+00   1.418665e-03  -4.735946e-04   0.000000e+00   0.000000e+00   0.000000e+00   4.216936e-02

# timestamp: 1774889104.852093
 9.479466e-04   1.017646e-05   0.000000e+00   3.558159e-04   6.291449e-06   0.000000e+00   0.000000e+00   0.000000e+00   4.071625e-04
 1.017646e-05   8.912839e-04   0.000000e+00   1.026269e-05   2.495393e-04   0.000000e+00   0.000000e+00   0.000000e+00  -7.691848e-05
 0.000000e+00   0.000000e+00   1.192942e-03   0.000000e+00   0.000000e+00   8.766064e-04  -3.830532e-03   9.439525e-04   0.000000e+00
 3.558159e-04   1.026269e-05   0.000000e+00   6.320444e-04  -1.013089e-05   0.000000e+00   0.000000e+00   0.000000e+00   1.501965e-03
 6.291449e-06   2.495393e-04   0.000000e+00  -1.013089e-05   4.155427e-04   0.000000e+00   0.000000e+00   0.000000e+00  -5.117750e-04
 0.000000e+00   0.000000e+00   8.766064e-04   0.000000e+00   0.000000e+00   1.828742e-03  -1.073228e-02   3.084937e-03   0.000000e+00
 0.000000e+00   0.000000e+00  -3.830532e-03   0.000000e+00   0.000000e+00  -1.073228e-02   1.408661e-01  -3.140229e-02   0.000000e+00
 0.000000e+00   0.000000e+00   9.439525e-04   0.000000e+00   0.000000e+00   3.084937e-03  -3.140229e-02   5.593056e-02   0.000000e+00
 4.071625e-04  -7.691848e-05   0.000000e+00   1.501965e-03  -5.117750e-04   0.000000e+00   0.000000e+00   0.000000e+00   4.462493e-02

# timestamp: 1774889104.896454
 8.646433e-04   7.839562e-06   0.000000e+00   3.229461e-04   4.608887e-06   0.000000e+00   0.000000e+00   0.000000e+00   3.225011e-04
 7.839562e-06   8.172751e-04   0.000000e+00   7.809263e-06   2.285848e-04   0.000000e+00   0.000000e+00   0.000000e+00  -7.104628e-05
 0.000000e+00   0.000000e+00   1.062661e-03   0.000000e+00   0.000000e+00   7.795422e-04  -3.328787e-03   1.037747e-03   0.000000e+00
 3.229461e-04   7.809263e-06   0.000000e+00   6.136549e-04  -1.178770e-05   0.000000e+00   0.000000e+00   0.000000e+00   1.313139e-03
 4.608887e-06   2.285848e-04   0.000000e+00  -1.178770e-05   4.093629e-04   0.000000e+00   0.000000e+00   0.000000e+00  -4.717851e-04
 0.000000e+00   0.000000e+00   7.795422e-04   0.000000e+00   0.000000e+00   1.758130e-03  -1.024050e-02   3.562746e-03   0.000000e+00
 0.000000e+00   0.000000e+00  -3.328787e-03   0.000000e+00   0.000000e+00  -1.024050e-02   1.350588e-01  -3.755045e-02   0.000000e+00
 0.000000e+00   0.000000e+00   1.037747e-03   0.000000e+00   0.000000e+00   3.562746e-03  -3.755045e-02   5.520184e-02   0.000000e+00
 3.225011e-04  -7.104628e-05   0.000000e+00   1.313139e-03  -4.717851e-04   0.000000e+00   0.000000e+00   0.000000e+00   3.948146e-02

# timestamp: 1774889105.2479365
 9.426325e-04   3.315995e-06   0.000000e+00   3.509361e-04  -4.594160e-06   0.000000e+00   0.000000e+00   0.000000e+00   3.570751e-04
 3.315995e-06   8.851583e-04   0.000000e+00  -2.480551e-06   2.481042e-04   0.000000e+00   0.000000e+00   0.000000e+00  -1.310311e-04
 0.000000e+00   0.000000e+00   1.205179e-03   0.000000e+00   0.000000e+00   9.289827e-04  -4.122382e-03   1.932485e-03   0.000000e+00
 3.509361e-04  -2.480551e-06   0.000000e+00   6.190104e-04  -3.052065e-05   0.000000e+00   0.000000e+00   0.000000e+00   1.403361e-03
-4.594160e-06   2.481042e-04   0.000000e+00  -3.052065e-05   4.174246e-04   0.000000e+00   0.000000e+00   0.000000e+00  -5.891686e-04
 0.000000e+00   0.000000e+00   9.289827e-04   0.000000e+00   0.000000e+00   1.981334e-03  -1.155621e-02   5.608182e-03   0.000000e+00
 0.000000e+00   0.000000e+00  -4.122382e-03   0.000000e+00   0.000000e+00  -1.155621e-02   1.426255e-01  -5.158486e-02   0.000000e+00
 0.000000e+00   0.000000e+00   1.932485e-03   0.000000e+00   0.000000e+00   5.608182e-03  -5.158486e-02   7.178681e-02   0.000000e+00
 3.570751e-04  -1.310311e-04   0.000000e+00   1.403361e-03  -5.891686e-04   0.000000e+00   0.000000e+00   0.000000e+00   4.423726e-02

# timestamp: 1774889105.2772064
 1.025637e-03   2.885723e-06   0.000000e+00   3.823563e-04  -6.689497e-06   0.000000e+00   0.000000e+00   0.000000e+00   4.273387e-04
 2.885723e-06   9.578005e-04   0.000000e+00  -4.554341e-06   2.684796e-04   0.000000e+00   0.000000e+00   0.000000e+00  -1.604314e-04
 0.000000e+00   0.000000e+00   1.347360e-03   0.000000e+00   0.000000e+00   1.044836e-03  -4.686765e-03   2.206397e-03   0.000000e+00
 3.823563e-04  -4.554341e-06   0.000000e+00   6.344783e-04  -3.482127e-05   0.000000e+00   0.000000e+00   0.000000e+00   1.572839e-03
-6.689497e-06   2.684796e-04   0.000000e+00  -3.482127e-05   4.239444e-04   0.000000e+00   0.000000e+00   0.000000e+00  -6.548444e-04
 0.000000e+00   0.000000e+00   1.044836e-03   0.000000e+00   0.000000e+00   2.087252e-03  -1.215076e-02   5.897426e-03   0.000000e+00
 0.000000e+00   0.000000e+00  -4.686765e-03   0.000000e+00   0.000000e+00  -1.215076e-02   1.474157e-01  -5.158486e-02   0.000000e+00
 0.000000e+00   0.000000e+00   2.206397e-03   0.000000e+00   0.000000e+00   5.897426e-03  -5.158486e-02   7.657699e-02   0.000000e+00
 4.273387e-04  -1.604314e-04   0.000000e+00   1.572839e-03  -6.548444e-04   0.000000e+00   0.000000e+00   0.000000e+00   4.902745e-02

# timestamp: 1774889105.6324902
 9.159101e-04  -1.957969e-06   0.000000e+00   3.366732e-04  -1.152502e-05   0.000000e+00   0.000000e+00   0.000000e+00   3.183926e-04
-1.957969e-06   8.625161e-04   0.000000e+00  -1.049894e-05   2.414781e-04   0.000000e+00   0.000000e+00   0.000000e+00  -9.919027e-05
 0.000000e+00   0.000000e+00   1.185084e-03   0.000000e+00   0.000000e+00   9.459557e-04  -4.215284e-03   2.581677e-03   0.000000e+00
 3.366732e-04  -1.049894e-05   0.000000e+00   6.017020e-04  -3.963388e-05   0.000000e+00   0.000000e+00   0.000000e+00   1.300673e-03
-1.152502e-05   2.414781e-04   0.000000e+00  -3.963388e-05   4.137643e-04   0.000000e+00   0.000000e+00   0.000000e+00  -4.963355e-04
 0.000000e+00   0.000000e+00   9.459557e-04   0.000000e+00   0.000000e+00   2.065266e-03  -1.187543e-02   7.346835e-03   0.000000e+00
 0.000000e+00   0.000000e+00  -4.215284e-03   0.000000e+00   0.000000e+00  -1.187543e-02   1.409551e-01  -6.578498e-02   0.000000e+00
 0.000000e+00   0.000000e+00   2.581677e-03   0.000000e+00   0.000000e+00   7.346835e-03  -6.578498e-02   8.703092e-02   0.000000e+00
 3.183926e-04  -9.919027e-05   0.000000e+00   1.300673e-03  -4.963355e-04   0.000000e+00   0.000000e+00   0.000000e+00   4.268876e-02

# timestamp: 1774889105.9401667
 9.371427e-04  -5.518596e-06   0.000000e+00   3.419065e-04  -1.594791e-05   0.000000e+00   0.000000e+00   0.000000e+00   3.504233e-04
-5.518596e-06   8.828353e-04   0.000000e+00  -1.541898e-05   2.463064e-04   0.000000e+00   0.000000e+00   0.000000e+00  -5.614517e-05
 0.000000e+00   0.000000e+00   1.245554e-03   0.000000e+00   0.000000e+00   1.020186e-03  -4.893611e-03   2.544001e-03   0.000000e+00
 3.419065e-04  -1.541898e-05   0.000000e+00   5.996636e-04  -4.317136e-05   0.000000e+00   0.000000e+00   0.000000e+00   1.365625e-03
-1.594791e-05   2.463064e-04   0.000000e+00  -4.317136e-05   4.119008e-04   0.000000e+00   0.000000e+00   0.000000e+00  -3.930926e-04
 0.000000e+00   0.000000e+00   1.020186e-03   0.000000e+00   0.000000e+00   2.170129e-03  -1.313869e-02   6.864491e-03   0.000000e+00
 0.000000e+00   0.000000e+00  -4.893611e-03   0.000000e+00   0.000000e+00  -1.313869e-02   1.577787e-01  -6.199328e-02   0.000000e+00
 0.000000e+00   0.000000e+00   2.544001e-03   0.000000e+00   0.000000e+00   6.864491e-03  -6.199328e-02   7.810826e-02   0.000000e+00
 3.504233e-04  -5.614517e-05   0.000000e+00   1.365625e-03  -3.930926e-04   0.000000e+00   0.000000e+00   0.000000e+00   4.384873e-02

# timestamp: 1774889105.9651737
 9.896864e-04  -6.530730e-06   0.000000e+00   3.615156e-04  -1.743473e-05   0.000000e+00   0.000000e+00   0.000000e+00   3.937455e-04
-6.530730e-06   9.292811e-04   0.000000e+00  -1.693135e-05   2.591049e-04   0.000000e+00   0.000000e+00   0.000000e+00  -6.844363e-05
 0.000000e+00   0.000000e+00   1.341726e-03   0.000000e+00   0.000000e+00   1.102168e-03  -5.303393e-03   2.757719e-03   0.000000e+00
 3.615156e-04  -1.693135e-05   0.000000e+00   6.100410e-04  -4.472196e-05   0.000000e+00   0.000000e+00   0.000000e+00   1.483184e-03
-1.743473e-05   2.591049e-04   0.000000e+00  -4.472196e-05   4.152808e-04   0.000000e+00   0.000000e+00   0.000000e+00  -4.099435e-04
 0.000000e+00   0.000000e+00   1.102168e-03   0.000000e+00   0.000000e+00   2.246715e-03  -1.357074e-02   7.052665e-03   0.000000e+00
 0.000000e+00   0.000000e+00  -5.303393e-03   0.000000e+00   0.000000e+00  -1.357074e-02   1.608641e-01  -6.199328e-02   0.000000e+00
 0.000000e+00   0.000000e+00   2.757719e-03   0.000000e+00   0.000000e+00   7.052665e-03  -6.199328e-02   8.119356e-02   0.000000e+00
 3.937455e-04  -6.844363e-05   0.000000e+00   1.483184e-03  -4.099435e-04   0.000000e+00   0.000000e+00   0.000000e+00   4.693404e-02

# timestamp: 1774889106.2428129
 9.453393e-04  -8.013142e-06   0.000000e+00   3.467173e-04  -1.893466e-05   0.000000e+00   0.000000e+00   0.000000e+00   4.044913e-04
-8.013142e-06   8.908216e-04   0.000000e+00  -1.684637e-05   2.470832e-04   0.000000e+00   0.000000e+00   0.000000e+00   1.739914e-05
 0.000000e+00   0.000000e+00   1.266186e-03   0.000000e+00   0.000000e+00   1.042598e-03  -5.068297e-03   1.341257e-03   0.000000e+00
 3.467173e-04  -1.684637e-05   0.000000e+00   6.129646e-04  -4.482194e-05   0.000000e+00   0.000000e+00   0.000000e+00   1.581656e-03
-1.893466e-05   2.470832e-04   0.000000e+00  -4.482194e-05   4.085897e-04   0.000000e+00   0.000000e+00   0.000000e+00  -3.024966e-04
 0.000000e+00   0.000000e+00   1.042598e-03   0.000000e+00   0.000000e+00   2.205517e-03  -1.359384e-02   3.721409e-03   0.000000e+00
 0.000000e+00   0.000000e+00  -5.068297e-03   0.000000e+00   0.000000e+00  -1.359384e-02   1.629438e-01  -3.021294e-02   0.000000e+00
 0.000000e+00   0.000000e+00   1.341257e-03   0.000000e+00   0.000000e+00   3.721409e-03  -3.021294e-02   5.361302e-02   0.000000e+00
 4.044913e-04   1.739914e-05   0.000000e+00   1.581656e-03  -3.024966e-04   0.000000e+00   0.000000e+00   0.000000e+00   4.454919e-02

# timestamp: 1774889106.2796066
 9.879412e-04  -8.933865e-06   0.000000e+00   3.632253e-04  -2.023099e-05   0.000000e+00   0.000000e+00   0.000000e+00   4.448768e-04
-8.933865e-06   9.283118e-04   0.000000e+00  -1.794310e-05   2.573045e-04   0.000000e+00   0.000000e+00   0.000000e+00   9.715824e-06
 0.000000e+00   0.000000e+00   1.344680e-03   0.000000e+00   0.000000e+00   1.112535e-03  -5.410636e-03   1.434810e-03   0.000000e+00
 3.632253e-04  -1.794310e-05   0.000000e+00   6.239958e-04  -4.627007e-05   0.000000e+00   0.000000e+00   0.000000e+00   1.701905e-03
-2.023099e-05   2.573045e-04   0.000000e+00  -4.627007e-05   4.113238e-04   0.000000e+00   0.000000e+00   0.000000e+00  -3.204667e-04
 0.000000e+00   0.000000e+00   1.112535e-03   0.000000e+00   0.000000e+00   2.282805e-03  -1.403381e-02   3.821494e-03   0.000000e+00
 0.000000e+00   0.000000e+00  -5.410636e-03   0.000000e+00   0.000000e+00  -1.403381e-02   1.654358e-01  -3.021294e-02   0.000000e+00
 0.000000e+00   0.000000e+00   1.434810e-03   0.000000e+00   0.000000e+00   3.821494e-03  -3.021294e-02   5.610509e-02   0.000000e+00
 4.448768e-04   9.715824e-06   0.000000e+00   1.701905e-03  -3.204667e-04   0.000000e+00   0.000000e+00   0.000000e+00   4.704126e-02

# timestamp: 1774889106.3327212
 9.229010e-04  -8.318590e-06   0.000000e+00   3.387998e-04  -1.898571e-05   0.000000e+00   0.000000e+00   0.000000e+00   3.789641e-04
-8.318590e-06   8.707238e-04   0.000000e+00  -1.734288e-05   2.411195e-04   0.000000e+00   0.000000e+00   0.000000e+00  -9.634001e-06
 0.000000e+00   0.000000e+00   1.221409e-03   0.000000e+00   0.000000e+00   1.004655e-03  -4.784245e-03   9.353146e-04   0.000000e+00
 3.387998e-04  -1.734288e-05   0.000000e+00   6.156385e-04  -4.528868e-05   0.000000e+00   0.000000e+00   0.000000e+00   1.605727e-03
-1.898571e-05   2.411195e-04   0.000000e+00  -4.528868e-05   4.060755e-04   0.000000e+00   0.000000e+00   0.000000e+00  -2.938117e-04
 0.000000e+00   0.000000e+00   1.004655e-03   0.000000e+00   0.000000e+00   2.189561e-03  -1.343991e-02   2.656217e-03   0.000000e+00
 0.000000e+00   0.000000e+00  -4.784245e-03   0.000000e+00   0.000000e+00  -1.343991e-02   1.604851e-01  -1.920105e-02   0.000000e+00
 0.000000e+00   0.000000e+00   9.353146e-04   0.000000e+00   0.000000e+00   2.656217e-03  -1.920105e-02   4.768091e-02   0.000000e+00
 3.789641e-04  -9.634001e-06   0.000000e+00   1.605727e-03  -2.938117e-04   0.000000e+00   0.000000e+00   0.000000e+00   4.307650e-02

# timestamp: 1774889106.592432
 8.354108e-04  -7.969426e-06   0.000000e+00   3.099817e-04  -1.841664e-05   0.000000e+00   0.000000e+00   0.000000e+00   3.162112e-04
-7.969426e-06   7.919223e-04   0.000000e+00  -1.576957e-05   2.180384e-04   0.000000e+00   0.000000e+00   0.000000e+00   4.360121e-05
 0.000000e+00   0.000000e+00   1.067552e-03   0.000000e+00   0.000000e+00   8.775443e-04  -3.857464e-03  -2.207833e-04   0.000000e+00
 3.099817e-04  -1.576957e-05   0.000000e+00   6.240594e-04  -4.624955e-05   0.000000e+00   0.000000e+00   0.000000e+00   1.598916e-03
-1.841664e-05   2.180384e-04   0.000000e+00  -4.624955e-05   3.976345e-04   0.000000e+00   0.000000e+00   0.000000e+00  -2.470677e-04
 0.000000e+00   0.000000e+00   8.775443e-04   0.000000e+00   0.000000e+00   2.115877e-03  -1.242356e-02  -4.700325e-04   0.000000e+00
 0.000000e+00   0.000000e+00  -3.857464e-03   0.000000e+00   0.000000e+00  -1.242356e-02   1.445682e-01   1.212029e-02   0.000000e+00
 0.000000e+00   0.000000e+00  -2.207833e-04   0.000000e+00   0.000000e+00  -4.700325e-04   1.212029e-02   4.072840e-02   0.000000e+00
 3.162112e-04   4.360121e-05   0.000000e+00   1.598916e-03  -2.470677e-04   0.000000e+00   0.000000e+00   0.000000e+00   3.775777e-02

# timestamp: 1774889106.6221569
 9.049250e-04  -9.494759e-06   0.000000e+00   3.386172e-04  -2.060797e-05   0.000000e+00   0.000000e+00   0.000000e+00   3.859492e-04
-9.494759e-06   8.532308e-04   0.000000e+00  -1.755336e-05   2.349333e-04   0.000000e+00   0.000000e+00   0.000000e+00   3.292926e-05
 0.000000e+00   0.000000e+00   1.188063e-03   0.000000e+00   0.000000e+00   9.911616e-04  -4.389842e-03  -2.410284e-04   0.000000e+00
 3.386172e-04  -1.755336e-05   0.000000e+00   6.466908e-04  -4.864557e-05   0.000000e+00   0.000000e+00   0.000000e+00   1.819512e-03
-2.060797e-05   2.349333e-04   0.000000e+00  -4.864557e-05   4.021574e-04   0.000000e+00   0.000000e+00   0.000000e+00  -2.710440e-04
 0.000000e+00   0.000000e+00   9.911616e-04   0.000000e+00   0.000000e+00   2.257647e-03  -1.321257e-02  -5.096226e-04   0.000000e+00
 0.000000e+00   0.000000e+00  -4.389842e-03   0.000000e+00   0.000000e+00  -1.321257e-02   1.487877e-01   1.212029e-02   0.000000e+00
 0.000000e+00   0.000000e+00  -2.410284e-04   0.000000e+00   0.000000e+00  -5.096226e-04   1.212029e-02   4.494793e-02   0.000000e+00
 3.859492e-04   3.292926e-05   0.000000e+00   1.819512e-03  -2.710440e-04   0.000000e+00   0.000000e+00   0.000000e+00   4.197731e-02

# timestamp: 1774889106.653254
 9.453229e-04  -1.043322e-05   0.000000e+00   3.554351e-04  -2.191704e-05   0.000000e+00   0.000000e+00   0.000000e+00   4.303389e-04
-1.043322e-05   8.885232e-04   0.000000e+00  -1.863800e-05   2.445575e-04   0.000000e+00   0.000000e+00   0.000000e+00   2.635646e-05
 0.000000e+00   0.000000e+00   1.260704e-03   0.000000e+00   0.000000e+00   1.059614e-03  -4.708411e-03  -2.533468e-04   0.000000e+00
 3.554351e-04  -1.863800e-05   0.000000e+00   6.605634e-04  -5.011732e-05   0.000000e+00   0.000000e+00   0.000000e+00   1.952368e-03
-2.191704e-05   2.445575e-04   0.000000e+00  -5.011732e-05   4.047271e-04   0.000000e+00   0.000000e+00   0.000000e+00  -2.854839e-04
 0.000000e+00   0.000000e+00   1.059614e-03   0.000000e+00   0.000000e+00   2.341563e-03  -1.366677e-02  -5.311189e-04   0.000000e+00
 0.000000e+00   0.000000e+00  -4.708411e-03   0.000000e+00   0.000000e+00  -1.366677e-02   1.511732e-01   1.212029e-02   0.000000e+00
 0.000000e+00   0.000000e+00  -2.533468e-04   0.000000e+00   0.000000e+00  -5.311189e-04   1.212029e-02   4.733338e-02   0.000000e+00
 4.303389e-04   2.635646e-05   0.000000e+00   1.952368e-03  -2.854839e-04   0.000000e+00   0.000000e+00   0.000000e+00   4.436276e-02

# timestamp: 1774889106.6782491
 9.992199e-04  -1.174463e-05   0.000000e+00   3.780835e-04  -2.370022e-05   0.000000e+00   0.000000e+00   0.000000e+00   4.929036e-04
-1.174463e-05   9.352352e-04   0.000000e+00  -2.013682e-05   2.572056e-04   0.000000e+00   0.000000e+00   0.000000e+00   1.727689e-05
 0.000000e+00   0.000000e+00   1.360406e-03   0.000000e+00   0.000000e+00   1.153359e-03  -5.139600e-03  -2.701426e-04   0.000000e+00
 3.780835e-04  -2.013682e-05   0.000000e+00   6.799085e-04  -5.217292e-05   0.000000e+00   0.000000e+00   0.000000e+00   2.136905e-03
-2.370022e-05   2.572056e-04   0.000000e+00  -5.217292e-05   4.080926e-04   0.000000e+00   0.000000e+00   0.000000e+00  -3.055409e-04
 0.000000e+00   0.000000e+00   1.153359e-03   0.000000e+00   0.000000e+00   2.455161e-03  -1.427032e-02  -5.579209e-04   0.000000e+00
 0.000000e+00   0.000000e+00  -5.139600e-03   0.000000e+00   0.000000e+00  -1.427032e-02   1.542837e-01   1.212029e-02   0.000000e+00
 0.000000e+00   0.000000e+00  -2.701426e-04   0.000000e+00   0.000000e+00  -5.579209e-04   1.212029e-02   5.044388e-02   0.000000e+00
 4.929036e-04   1.727689e-05   0.000000e+00   2.136905e-03  -3.055409e-04   0.000000e+00   0.000000e+00   0.000000e+00   4.747326e-02

# timestamp: 1774889106.9983432
 8.573501e-04  -9.879620e-06   0.000000e+00   3.321970e-04  -2.030620e-05   0.000000e+00   0.000000e+00   0.000000e+00   3.552949e-04
-9.879620e-06   8.060184e-04   0.000000e+00  -1.902914e-05   2.208094e-04   0.000000e+00   0.000000e+00   0.000000e+00  -5.352456e-06
 0.000000e+00   0.000000e+00   1.085366e-03   0.000000e+00   0.000000e+00   8.787383e-04  -3.099481e-03  -1.250276e-03   0.000000e+00
 3.321970e-04  -1.902914e-05   0.000000e+00   6.885893e-04  -4.763114e-05   0.000000e+00   0.000000e+00   0.000000e+00   1.908661e-03
-2.030620e-05   2.208094e-04   0.000000e+00  -4.763114e-05   3.948228e-04   0.000000e+00   0.000000e+00   0.000000e+00  -1.884812e-04
 0.000000e+00   0.000000e+00   8.787383e-04   0.000000e+00   0.000000e+00   2.108715e-03  -1.043113e-02  -3.981033e-03   0.000000e+00
 0.000000e+00   0.000000e+00  -3.099481e-03   0.000000e+00   0.000000e+00  -1.043113e-02   1.107933e-01   4.066021e-02   0.000000e+00
 0.000000e+00   0.000000e+00  -1.250276e-03   0.000000e+00   0.000000e+00  -3.981033e-03   4.066021e-02   6.430182e-02   0.000000e+00
 3.552949e-04  -5.352456e-06   0.000000e+00   1.908661e-03  -1.884812e-04   0.000000e+00   0.000000e+00   0.000000e+00   3.897352e-02

# timestamp: 1774889107.0281456
 9.154928e-04  -1.129115e-05   0.000000e+00   3.579989e-04  -2.202983e-05   0.000000e+00   0.000000e+00   0.000000e+00   4.225175e-04
-1.129115e-05   8.561133e-04   0.000000e+00  -2.072612e-05   2.344934e-04   0.000000e+00   0.000000e+00   0.000000e+00  -1.190099e-05
 0.000000e+00   0.000000e+00   1.183039e-03   0.000000e+00   0.000000e+00   9.674217e-04  -3.462667e-03  -1.388720e-03   0.000000e+00
 3.579989e-04  -2.072612e-05   0.000000e+00   7.104048e-04  -4.887810e-05   0.000000e+00   0.000000e+00   0.000000e+00   2.099463e-03
-2.202983e-05   2.344934e-04   0.000000e+00  -4.887810e-05   3.983352e-04   0.000000e+00   0.000000e+00   0.000000e+00  -1.960703e-04
 0.000000e+00   0.000000e+00   9.674217e-04   0.000000e+00   0.000000e+00   2.208683e-03  -1.094385e-02  -4.155275e-03   0.000000e+00
 0.000000e+00   0.000000e+00  -3.462667e-03   0.000000e+00   0.000000e+00  -1.094385e-02   1.142356e-01   4.066021e-02   0.000000e+00
 0.000000e+00   0.000000e+00  -1.388720e-03   0.000000e+00   0.000000e+00  -4.155275e-03   4.066021e-02   6.774408e-02   0.000000e+00
 4.225175e-04  -1.190099e-05   0.000000e+00   2.099463e-03  -1.960703e-04   0.000000e+00   0.000000e+00   0.000000e+00   4.241578e-02

# timestamp: 1774889107.0430372
 9.411818e-04  -1.193818e-05   0.000000e+00   3.694976e-04  -2.279409e-05   0.000000e+00   0.000000e+00   0.000000e+00   4.540612e-04
-1.193818e-05   8.780524e-04   0.000000e+00  -2.148316e-05   2.404364e-04   0.000000e+00   0.000000e+00   0.000000e+00  -1.483000e-05
 0.000000e+00   0.000000e+00   1.227235e-03   0.000000e+00   0.000000e+00   1.007442e-03  -3.626279e-03  -1.450805e-03   0.000000e+00
 3.694976e-04  -2.148316e-05   0.000000e+00   7.203829e-04  -4.943886e-05   0.000000e+00   0.000000e+00   0.000000e+00   2.185730e-03
-2.279409e-05   2.404364e-04   0.000000e+00  -4.943886e-05   3.998539e-04   0.000000e+00   0.000000e+00   0.000000e+00  -1.995016e-04
 0.000000e+00   0.000000e+00   1.007442e-03   0.000000e+00   0.000000e+00   2.253327e-03  -1.116922e-02  -4.230417e-03   0.000000e+00
 0.000000e+00   0.000000e+00  -3.626279e-03   0.000000e+00   0.000000e+00  -1.116922e-02   1.157230e-01   4.066021e-02   0.000000e+00
 0.000000e+00   0.000000e+00  -1.450805e-03   0.000000e+00   0.000000e+00  -4.230417e-03   4.066021e-02   6.923155e-02   0.000000e+00
 4.540612e-04  -1.483000e-05   0.000000e+00   2.185730e-03  -1.995016e-04   0.000000e+00   0.000000e+00   0.000000e+00   4.390325e-02

# timestamp: 1774889107.0640779
 9.696649e-04  -1.267173e-05   0.000000e+00   3.823148e-04  -2.364214e-05   0.000000e+00   0.000000e+00   0.000000e+00   4.899968e-04
-1.267173e-05   9.022440e-04   0.000000e+00  -2.232720e-05   2.469614e-04   0.000000e+00   0.000000e+00   0.000000e+00  -1.809013e-05
 0.000000e+00   0.000000e+00   1.276931e-03   0.000000e+00   0.000000e+00   1.052327e-03  -3.808934e-03  -1.519938e-03   0.000000e+00
 3.823148e-04  -2.232720e-05   0.000000e+00   7.316916e-04  -5.006786e-05   0.000000e+00   0.000000e+00   0.000000e+00   2.283512e-03
-2.364214e-05   2.469614e-04   0.000000e+00  -5.006786e-05   4.015150e-04   0.000000e+00   0.000000e+00   0.000000e+00  -2.033908e-04
 0.000000e+00   0.000000e+00   1.052327e-03   0.000000e+00   0.000000e+00   2.303157e-03  -1.141911e-02  -4.312442e-03   0.000000e+00
 0.000000e+00   0.000000e+00  -3.808934e-03   0.000000e+00   0.000000e+00  -1.141911e-02   1.173495e-01   4.066021e-02   0.000000e+00
 0.000000e+00   0.000000e+00  -1.519938e-03   0.000000e+00   0.000000e+00  -4.312442e-03   4.066021e-02   7.085799e-02   0.000000e+00
 4.899968e-04  -1.809013e-05   0.000000e+00   2.283512e-03  -2.033908e-04   0.000000e+00   0.000000e+00   0.000000e+00   4.552969e-02

# timestamp: 1774889107.3585343
 9.730372e-04  -1.314016e-05   0.000000e+00   3.968501e-04  -2.189862e-05   0.000000e+00   0.000000e+00   0.000000e+00   5.043693e-04
-1.314016e-05   8.976322e-04   0.000000e+00  -2.218001e-05   2.444952e-04   0.000000e+00   0.000000e+00   0.000000e+00  -8.923077e-06
 0.000000e+00   0.000000e+00   1.268739e-03   0.000000e+00   0.000000e+00   1.034600e-03  -3.324534e-03  -2.238690e-03   0.000000e+00
 3.968501e-04  -2.218001e-05   0.000000e+00   7.667450e-04  -4.034971e-05   0.000000e+00   0.000000e+00   0.000000e+00   2.312370e-03
-2.189862e-05   2.444952e-04   0.000000e+00  -4.034971e-05   3.976530e-04   0.000000e+00   0.000000e+00   0.000000e+00  -5.379832e-05
 0.000000e+00   0.000000e+00   1.034600e-03   0.000000e+00   0.000000e+00   2.248634e-03  -1.009047e-02  -6.414194e-03   0.000000e+00
 0.000000e+00   0.000000e+00  -3.324534e-03   0.000000e+00   0.000000e+00  -1.009047e-02   1.016146e-01   5.109089e-02   0.000000e+00
 0.000000e+00   0.000000e+00  -2.238690e-03   0.000000e+00   0.000000e+00  -6.414194e-03   5.109089e-02   9.351484e-02   0.000000e+00
 5.043693e-04  -8.923077e-06   0.000000e+00   2.312370e-03  -5.379832e-05   0.000000e+00   0.000000e+00   0.000000e+00   4.532924e-02

# timestamp: 1774889107.3846664
 9.868659e-04  -2.106478e-05   0.000000e+00   4.326384e-04  -2.399222e-05   0.000000e+00   0.000000e+00   0.000000e+00   1.081349e-03
-2.106478e-05   8.926318e-04   0.000000e+00  -4.081981e-05   2.430787e-04   0.000000e+00   0.000000e+00   0.000000e+00  -3.299279e-04
 0.000000e+00   0.000000e+00   1.334742e-03   0.000000e+00   0.000000e+00   1.154710e-03  -4.397429e-03  -2.276659e-03   0.000000e+00
 4.326384e-04  -4.081981e-05   0.000000e+00   7.969226e-04  -4.397068e-05   0.000000e+00   0.000000e+00   0.000000e+00   2.556251e-03
-2.399222e-05   2.430787e-04   0.000000e+00  -4.397068e-05   3.968929e-04   0.000000e+00   0.000000e+00   0.000000e+00  -1.259234e-04
 0.000000e+00   0.000000e+00   1.154710e-03   0.000000e+00   0.000000e+00   2.380809e-03  -1.081815e-02  -6.717922e-03   0.000000e+00
 0.000000e+00   0.000000e+00  -4.397429e-03   0.000000e+00   0.000000e+00  -1.081815e-02   1.025818e-01   5.291748e-02   0.000000e+00
 0.000000e+00   0.000000e+00  -2.276659e-03   0.000000e+00   0.000000e+00  -6.717922e-03   5.291748e-02   9.743870e-02   0.000000e+00
 1.081349e-03  -3.299279e-04   0.000000e+00   2.556251e-03  -1.259234e-04   0.000000e+00   0.000000e+00   0.000000e+00   4.562130e-02

# timestamp: 1774889107.425417
 1.029656e-03  -2.256254e-05   0.000000e+00   4.539949e-04  -2.475151e-05   0.000000e+00   0.000000e+00   0.000000e+00   1.140100e-03
-2.256254e-05   9.265740e-04   0.000000e+00  -4.274517e-05   2.520573e-04   0.000000e+00   0.000000e+00   0.000000e+00  -3.327320e-04
 0.000000e+00   0.000000e+00   1.411246e-03   0.000000e+00   0.000000e+00   1.222467e-03  -4.644670e-03  -2.430090e-03   0.000000e+00
 4.539949e-04  -4.274517e-05   0.000000e+00   8.138525e-04  -4.375489e-05   0.000000e+00   0.000000e+00   0.000000e+00   2.688593e-03
-2.475151e-05   2.520573e-04   0.000000e+00  -4.375489e-05   3.991120e-04   0.000000e+00   0.000000e+00   0.000000e+00  -1.159229e-04
 0.000000e+00   0.000000e+00   1.222467e-03   0.000000e+00   0.000000e+00   2.447280e-03  -1.112090e-02  -6.886794e-03   0.000000e+00
 0.000000e+00   0.000000e+00  -4.644670e-03   0.000000e+00   0.000000e+00  -1.112090e-02   1.048519e-01   5.291748e-02   0.000000e+00
 0.000000e+00   0.000000e+00  -2.430090e-03   0.000000e+00   0.000000e+00  -6.886794e-03   5.291748e-02   9.970883e-02   0.000000e+00
 1.140100e-03  -3.327320e-04   0.000000e+00   2.688593e-03  -1.159229e-04   0.000000e+00   0.000000e+00   0.000000e+00   4.789143e-02

# timestamp: 1774889107.7196403
 9.613764e-04  -1.499973e-05   0.000000e+00   4.192466e-04  -1.692167e-05   0.000000e+00   0.000000e+00   0.000000e+00   6.247027e-04
-1.499973e-05   8.694257e-04   0.000000e+00  -2.723646e-05   2.344020e-04   0.000000e+00   0.000000e+00   0.000000e+00  -5.772135e-05
 0.000000e+00   0.000000e+00   1.238256e-03   0.000000e+00   0.000000e+00   1.010259e-03  -2.940230e-03  -2.854323e-03   0.000000e+00
 4.192466e-04  -2.723646e-05   0.000000e+00   7.992630e-04  -2.538493e-05   0.000000e+00   0.000000e+00   0.000000e+00   2.230269e-03
-1.692167e-05   2.344020e-04   0.000000e+00  -2.538493e-05   3.921232e-04   0.000000e+00   0.000000e+00   0.000000e+00   8.030574e-05
 0.000000e+00   0.000000e+00   1.010259e-03   0.000000e+00   0.000000e+00   2.149831e-03  -8.478230e-03  -8.187781e-03   0.000000e+00
 0.000000e+00   0.000000e+00  -2.940230e-03   0.000000e+00   0.000000e+00  -8.478230e-03   8.332396e-02   5.632049e-02   0.000000e+00
 0.000000e+00   0.000000e+00  -2.854323e-03   0.000000e+00   0.000000e+00  -8.187781e-03   5.632049e-02   1.222779e-01   0.000000e+00
 6.247027e-04  -5.772135e-05   0.000000e+00   2.230269e-03   8.030574e-05   0.000000e+00   0.000000e+00   0.000000e+00   4.268239e-02

# timestamp: 1774889107.7816615
 1.054265e-03  -1.723973e-05   0.000000e+00   4.634992e-04  -1.771911e-05   0.000000e+00   0.000000e+00   0.000000e+00   7.395807e-04
-1.723973e-05   9.429110e-04   0.000000e+00  -2.878262e-05   2.538885e-04   0.000000e+00   0.000000e+00   0.000000e+00  -5.327211e-05
 0.000000e+00   0.000000e+00   1.393426e-03   0.000000e+00   0.000000e+00   1.139549e-03  -3.368504e-03  -3.265889e-03   0.000000e+00
 4.634992e-04  -2.878262e-05   0.000000e+00   8.323138e-04  -2.339546e-05   0.000000e+00   0.000000e+00   0.000000e+00   2.502798e-03
-1.771911e-05   2.538885e-04   0.000000e+00  -2.339546e-05   3.971746e-04   0.000000e+00   0.000000e+00   0.000000e+00   1.080462e-04
 0.000000e+00   0.000000e+00   1.139549e-03   0.000000e+00   0.000000e+00   2.268960e-03  -9.026435e-03  -8.598486e-03   0.000000e+00
 0.000000e+00   0.000000e+00  -3.368504e-03   0.000000e+00   0.000000e+00  -9.026435e-03   8.826161e-02   5.632049e-02   0.000000e+00
 0.000000e+00   0.000000e+00  -3.265889e-03   0.000000e+00   0.000000e+00  -8.598486e-03   5.632049e-02   1.272156e-01   0.000000e+00
 7.395807e-04  -5.327211e-05   0.000000e+00   2.502798e-03   1.080462e-04   0.000000e+00   0.000000e+00   0.000000e+00   4.762004e-02

# timestamp: 1774889107.8263395
 9.444789e-04  -1.372932e-05   0.000000e+00   4.118652e-04  -1.481179e-05   0.000000e+00   0.000000e+00   0.000000e+00   5.936342e-04
-1.372932e-05   8.541828e-04   0.000000e+00  -2.422181e-05   2.295631e-04   0.000000e+00   0.000000e+00   0.000000e+00  -5.676537e-05
 0.000000e+00   0.000000e+00   1.204139e-03   0.000000e+00   0.000000e+00   9.792555e-04  -2.853960e-03  -2.909395e-03   0.000000e+00
 4.118652e-04  -2.422181e-05   0.000000e+00   7.980101e-04  -2.003312e-05   0.000000e+00   0.000000e+00   0.000000e+00   2.166217e-03
-1.481179e-05   2.295631e-04   0.000000e+00  -2.003312e-05   3.902714e-04   0.000000e+00   0.000000e+00   0.000000e+00   1.051626e-04
 0.000000e+00   0.000000e+00   9.792555e-04   0.000000e+00   0.000000e+00   2.132711e-03  -8.492501e-03  -8.614419e-03   0.000000e+00
 0.000000e+00   0.000000e+00  -2.853960e-03   0.000000e+00   0.000000e+00  -8.492501e-03   8.371575e-02   5.969530e-02   0.000000e+00
 0.000000e+00   0.000000e+00  -2.909395e-03   0.000000e+00   0.000000e+00  -8.614419e-03   5.969530e-02   1.263714e-01   0.000000e+00
 5.936342e-04  -5.676537e-05   0.000000e+00   2.166217e-03   1.051626e-04   0.000000e+00   0.000000e+00   0.000000e+00   4.133324e-02

# timestamp: 1774889108.0707755
 1.046992e-03  -1.293727e-05   0.000000e+00   4.623727e-04  -1.143663e-05   0.000000e+00   0.000000e+00   0.000000e+00   6.592870e-04
-1.293727e-05   9.320270e-04   0.000000e+00  -1.860664e-05   2.499751e-04   0.000000e+00   0.000000e+00   0.000000e+00   2.901323e-06
 0.000000e+00   0.000000e+00   1.378941e-03   0.000000e+00   0.000000e+00   1.145188e-03  -3.502394e-03  -3.881315e-03   0.000000e+00
 4.623727e-04  -1.860664e-05   0.000000e+00   8.357299e-04  -8.403353e-06   0.000000e+00   0.000000e+00   0.000000e+00   2.397377e-03
-1.143663e-05   2.499751e-04   0.000000e+00  -8.403353e-06   3.951062e-04   0.000000e+00   0.000000e+00   0.000000e+00   1.793418e-04
 0.000000e+00   0.000000e+00   1.145188e-03   0.000000e+00   0.000000e+00   2.336142e-03  -9.656050e-03  -1.017418e-02   0.000000e+00
 0.000000e+00   0.000000e+00  -3.502394e-03   0.000000e+00   0.000000e+00  -9.656050e-03   9.433250e-02   6.560758e-02   0.000000e+00
 0.000000e+00   0.000000e+00  -3.881315e-03   0.000000e+00   0.000000e+00  -1.017418e-02   6.560758e-02   1.394748e-01   0.000000e+00
 6.592870e-04   2.901323e-06   0.000000e+00   2.397377e-03   1.793418e-04   0.000000e+00   0.000000e+00   0.000000e+00   4.738827e-02

# timestamp: 1774889108.1173017
 9.499838e-04  -1.035961e-05   0.000000e+00   4.156230e-04  -9.596429e-06   0.000000e+00   0.000000e+00   0.000000e+00   4.596828e-04
-1.035961e-05   8.547465e-04   0.000000e+00  -1.454021e-05   2.291121e-04   0.000000e+00   0.000000e+00   0.000000e+00   4.953379e-05
 0.000000e+00   0.000000e+00   1.217210e-03   0.000000e+00   0.000000e+00   1.012314e-03  -3.022555e-03  -3.596073e-03   0.000000e+00
 4.156230e-04  -1.454021e-05   0.000000e+00   8.036475e-04  -6.235747e-06   0.000000e+00   0.000000e+00   0.000000e+00   2.065984e-03
-9.596429e-06   2.291121e-04   0.000000e+00  -6.235747e-06   3.892751e-04   0.000000e+00   0.000000e+00   0.000000e+00   1.758708e-04
 0.000000e+00   0.000000e+00   1.012314e-03   0.000000e+00   0.000000e+00   2.235616e-03  -9.282337e-03  -1.018655e-02   0.000000e+00
 0.000000e+00   0.000000e+00  -3.022555e-03   0.000000e+00   0.000000e+00  -9.282337e-03   9.119250e-02   6.861565e-02   0.000000e+00
 0.000000e+00   0.000000e+00  -3.596073e-03   0.000000e+00   0.000000e+00  -1.018655e-02   6.861565e-02   1.374921e-01   0.000000e+00
 4.596828e-04   4.953379e-05   0.000000e+00   2.065984e-03   1.758708e-04   0.000000e+00   0.000000e+00   0.000000e+00   4.182858e-02

# timestamp: 1774889108.1420567
 9.787973e-04  -1.073755e-05   0.000000e+00   4.291429e-04  -9.610679e-06   0.000000e+00   0.000000e+00   0.000000e+00   4.922606e-04
-1.073755e-05   8.776242e-04   0.000000e+00  -1.453742e-05   2.352213e-04   0.000000e+00   0.000000e+00   0.000000e+00   5.230790e-05
 0.000000e+00   0.000000e+00   1.265061e-03   0.000000e+00   0.000000e+00   1.053950e-03  -3.168268e-03  -3.755793e-03   0.000000e+00
 4.291429e-04  -1.453742e-05   0.000000e+00   8.131778e-04  -5.545791e-06   0.000000e+00   0.000000e+00   0.000000e+00   2.147344e-03
-9.610679e-06   2.352213e-04   0.000000e+00  -5.545791e-06   3.908971e-04   0.000000e+00   0.000000e+00   0.000000e+00   1.830304e-04
 0.000000e+00   0.000000e+00   1.053950e-03   0.000000e+00   0.000000e+00   2.276058e-03  -9.468482e-03  -1.033940e-02   0.000000e+00
 0.000000e+00   0.000000e+00  -3.168268e-03   0.000000e+00   0.000000e+00  -9.468482e-03   9.275483e-02   6.861565e-02   0.000000e+00
 0.000000e+00   0.000000e+00  -3.755793e-03   0.000000e+00   0.000000e+00  -1.033940e-02   6.861565e-02   1.390544e-01   0.000000e+00
 4.922606e-04   5.230790e-05   0.000000e+00   2.147344e-03   1.830304e-04   0.000000e+00   0.000000e+00   0.000000e+00   4.339091e-02

# timestamp: 1774889108.1653702
 1.046186e-03  -1.159992e-05   0.000000e+00   4.608187e-04  -9.581162e-06   0.000000e+00   0.000000e+00   0.000000e+00   5.713625e-04
-1.159992e-05   9.305775e-04   0.000000e+00  -1.446966e-05   2.492697e-04   0.000000e+00   0.000000e+00   0.000000e+00   5.905711e-05
 0.000000e+00   0.000000e+00   1.379256e-03   0.000000e+00   0.000000e+00   1.152535e-03  -3.511622e-03  -4.129140e-03   0.000000e+00
 4.608187e-04  -1.446966e-05   0.000000e+00   8.361319e-04  -3.865395e-06   0.000000e+00   0.000000e+00   0.000000e+00   2.344541e-03
-9.581162e-06   2.492697e-04   0.000000e+00  -3.865395e-06   3.946099e-04   0.000000e+00   0.000000e+00   0.000000e+00   2.003835e-04
 0.000000e+00   0.000000e+00   1.152535e-03   0.000000e+00   0.000000e+00   2.371267e-03  -9.904926e-03  -1.068942e-02   0.000000e+00
 0.000000e+00   0.000000e+00  -3.511622e-03   0.000000e+00   0.000000e+00  -9.904926e-03   9.632200e-02   6.861565e-02   0.000000e+00
 0.000000e+00   0.000000e+00  -4.129140e-03   0.000000e+00   0.000000e+00  -1.068942e-02   6.861565e-02   1.426216e-01   0.000000e+00
 5.713625e-04   5.905711e-05   0.000000e+00   2.344541e-03   2.003835e-04   0.000000e+00   0.000000e+00   0.000000e+00   4.695808e-02

# timestamp: 1774889108.3896224
 8.784784e-04  -6.197298e-06   0.000000e+00   3.848000e-04  -3.454521e-06   0.000000e+00   0.000000e+00   0.000000e+00   3.971761e-04
-6.197298e-06   7.942069e-04   0.000000e+00  -7.027730e-06   2.127303e-04   0.000000e+00   0.000000e+00   0.000000e+00   4.657086e-05
 0.000000e+00   0.000000e+00   1.102845e-03   0.000000e+00   0.000000e+00   9.322477e-04  -2.626131e-03  -3.614690e-03   0.000000e+00
 3.848000e-04  -7.027730e-06   0.000000e+00   7.860246e-04   8.928649e-06   0.000000e+00   0.000000e+00   0.000000e+00   1.864549e-03
-3.454521e-06   2.127303e-04   0.000000e+00   8.928649e-06   3.856988e-04   0.000000e+00   0.000000e+00   0.000000e+00   2.776964e-04
 0.000000e+00   0.000000e+00   9.322477e-04   0.000000e+00   0.000000e+00   2.225287e-03  -8.666064e-03  -1.118022e-02   0.000000e+00
 0.000000e+00   0.000000e+00  -2.626131e-03   0.000000e+00   0.000000e+00  -8.666064e-03   8.000227e-02   6.754892e-02   0.000000e+00
 0.000000e+00   0.000000e+00  -3.614690e-03   0.000000e+00   0.000000e+00  -1.118022e-02   6.754892e-02   1.486885e-01   0.000000e+00
 3.971761e-04   4.657086e-05   0.000000e+00   1.864549e-03   2.776964e-04   0.000000e+00   0.000000e+00   0.000000e+00   3.824667e-02

# timestamp: 1774889108.4545891
 1.005560e-03  -6.870999e-06   0.000000e+00   4.446727e-04  -1.157777e-06   0.000000e+00   0.000000e+00   0.000000e+00   5.291912e-04
-6.870999e-06   8.953415e-04   0.000000e+00  -5.790934e-06   2.402398e-04   0.000000e+00   0.000000e+00   0.000000e+00   6.669998e-05
 0.000000e+00   0.000000e+00   1.313548e-03   0.000000e+00   0.000000e+00   1.130267e-03  -3.234912e-03  -4.399123e-03   0.000000e+00
 4.446727e-04  -5.790934e-06   0.000000e+00   8.289114e-04   1.842608e-05   0.000000e+00   0.000000e+00   0.000000e+00   2.253966e-03
-1.157777e-06   2.402398e-04   0.000000e+00   1.842608e-05   3.948434e-04   0.000000e+00   0.000000e+00   0.000000e+00   4.178369e-04
 0.000000e+00   0.000000e+00   1.130267e-03   0.000000e+00   0.000000e+00   2.465450e-03  -9.631819e-03  -1.225638e-02   0.000000e+00
 0.000000e+00   0.000000e+00  -3.234912e-03   0.000000e+00   0.000000e+00  -9.631819e-03   8.696368e-02   6.754892e-02   0.000000e+00
 0.000000e+00   0.000000e+00  -4.399123e-03   0.000000e+00   0.000000e+00  -1.225638e-02   6.754892e-02   1.556499e-01   0.000000e+00
 5.291912e-04   6.669998e-05   0.000000e+00   2.253966e-03   4.178369e-04   0.000000e+00   0.000000e+00   0.000000e+00   4.520809e-02

# timestamp: 1774889108.4759731
 8.638907e-04  -5.022098e-06   0.000000e+00   3.786377e-04  -8.947020e-07   0.000000e+00   0.000000e+00   0.000000e+00   3.786526e-04
-5.022098e-06   7.818086e-04   0.000000e+00  -4.583292e-06   2.096584e-04   0.000000e+00   0.000000e+00   0.000000e+00   5.114413e-05
 0.000000e+00   0.000000e+00   1.072872e-03   0.000000e+00   0.000000e+00   8.978911e-04  -2.246891e-03  -3.508604e-03   0.000000e+00
 3.786377e-04  -4.583292e-06   0.000000e+00   7.837954e-04   1.730260e-05   0.000000e+00   0.000000e+00   0.000000e+00   1.849029e-03
-8.947020e-07   2.096584e-04   0.000000e+00   1.730260e-05   3.864310e-04   0.000000e+00   0.000000e+00   0.000000e+00   3.637840e-04
 0.000000e+00   0.000000e+00   8.978911e-04   0.000000e+00   0.000000e+00   2.178914e-03  -7.677618e-03  -1.120372e-02   0.000000e+00
 0.000000e+00   0.000000e+00  -2.246891e-03   0.000000e+00   0.000000e+00  -7.677618e-03   6.874474e-02   5.920543e-02   0.000000e+00
 0.000000e+00   0.000000e+00  -3.508604e-03   0.000000e+00   0.000000e+00  -1.120372e-02   5.920543e-02   1.525162e-01   0.000000e+00
 3.786526e-04   5.114413e-05   0.000000e+00   1.849029e-03   3.637840e-04   0.000000e+00   0.000000e+00   0.000000e+00   3.745799e-02

# timestamp: 1774889108.7413704
 9.603749e-04  -2.521363e-06   0.000000e+00   4.228329e-04   8.097705e-06   0.000000e+00   0.000000e+00   0.000000e+00   3.605683e-04
-2.521363e-06   8.575888e-04   0.000000e+00   3.496406e-06   2.313787e-04   0.000000e+00   0.000000e+00   0.000000e+00   9.953392e-05
 0.000000e+00   0.000000e+00   1.202630e-03   0.000000e+00   0.000000e+00   9.848972e-04  -1.711239e-03  -3.843236e-03   0.000000e+00
 4.228329e-04   3.496406e-06   0.000000e+00   8.207572e-04   4.930696e-05   0.000000e+00   0.000000e+00   0.000000e+00   2.099200e-03
 8.097705e-06   2.313787e-04   0.000000e+00   4.930696e-05   4.019710e-04   0.000000e+00   0.000000e+00   0.000000e+00   6.775543e-04
 0.000000e+00   0.000000e+00   9.848972e-04   0.000000e+00   0.000000e+00   2.238602e-03  -6.013648e-03  -1.172372e-02   0.000000e+00
 0.000000e+00   0.000000e+00  -1.711239e-03   0.000000e+00   0.000000e+00  -6.013648e-03   5.587485e-02   3.857520e-02   0.000000e+00
 0.000000e+00   0.000000e+00  -3.843236e-03   0.000000e+00   0.000000e+00  -1.172372e-02   3.857520e-02   1.631737e-01   0.000000e+00
 3.605683e-04   9.953392e-05   0.000000e+00   2.099200e-03   6.775543e-04   0.000000e+00   0.000000e+00   0.000000e+00   4.240275e-02

# timestamp: 1774889108.7762895
 1.053113e-03  -1.795795e-06   0.000000e+00   4.664887e-04   1.194566e-05   0.000000e+00   0.000000e+00   0.000000e+00   4.684403e-04
-1.795795e-06   9.304226e-04   0.000000e+00   6.874103e-06   2.517033e-04   0.000000e+00   0.000000e+00   0.000000e+00   1.349925e-04
 0.000000e+00   0.000000e+00   1.354765e-03   0.000000e+00   0.000000e+00   1.121763e-03  -2.014705e-03  -4.431285e-03   0.000000e+00
 4.664887e-04   6.874103e-06   0.000000e+00   8.539963e-04   6.047510e-05   0.000000e+00   0.000000e+00   0.000000e+00   2.387523e-03
 1.194566e-05   2.517033e-04   0.000000e+00   6.047510e-05   4.111733e-04   0.000000e+00   0.000000e+00   0.000000e+00   8.093830e-04
 0.000000e+00   0.000000e+00   1.121763e-03   0.000000e+00   0.000000e+00   2.392408e-03  -6.498589e-03  -1.244834e-02   0.000000e+00
 0.000000e+00   0.000000e+00  -2.014705e-03   0.000000e+00   0.000000e+00  -6.498589e-03   6.078646e-02   3.857520e-02   0.000000e+00
 0.000000e+00   0.000000e+00  -4.431285e-03   0.000000e+00   0.000000e+00  -1.244834e-02   3.857520e-02   1.680853e-01   0.000000e+00
 4.684403e-04   1.349925e-04   0.000000e+00   2.387523e-03   8.093830e-04   0.000000e+00   0.000000e+00   0.000000e+00   4.731436e-02

# timestamp: 1774889109.0435874
 9.864663e-04   3.849123e-06   0.000000e+00   4.389202e-04   2.159060e-05   0.000000e+00   0.000000e+00   0.000000e+00   4.431798e-04
 3.849123e-06   8.775303e-04   0.000000e+00   1.886349e-05   2.408616e-04   0.000000e+00   0.000000e+00   0.000000e+00   1.692790e-04
 0.000000e+00   0.000000e+00   1.237742e-03   0.000000e+00   0.000000e+00   9.968398e-04  -1.158088e-03  -4.194468e-03   0.000000e+00
 4.389202e-04   1.886349e-05   0.000000e+00   8.411586e-04   8.418728e-05   0.000000e+00   0.000000e+00   0.000000e+00   2.240713e-03
 2.159060e-05   2.408616e-04   0.000000e+00   8.418728e-05   4.170954e-04   0.000000e+00   0.000000e+00   0.000000e+00   8.552748e-04
 0.000000e+00   0.000000e+00   9.968398e-04   0.000000e+00   0.000000e+00   2.168401e-03  -4.122542e-03  -1.188837e-02   0.000000e+00
 0.000000e+00   0.000000e+00  -1.158088e-03   0.000000e+00   0.000000e+00  -4.122542e-03   4.742047e-02   1.868656e-02   0.000000e+00
 0.000000e+00   0.000000e+00  -4.194468e-03   0.000000e+00   0.000000e+00  -1.188837e-02   1.868656e-02   1.777376e-01   0.000000e+00
 4.431798e-04   1.692790e-04   0.000000e+00   2.240713e-03   8.552748e-04   0.000000e+00   0.000000e+00   0.000000e+00   4.414585e-02

# timestamp: 1774889109.0655131
 1.039250e-03   5.049011e-06   0.000000e+00   4.642207e-04   2.465766e-05   0.000000e+00   0.000000e+00   0.000000e+00   5.068290e-04
 5.049011e-06   9.189685e-04   0.000000e+00   2.192895e-05   2.527653e-04   0.000000e+00   0.000000e+00   0.000000e+00   1.935755e-04
 0.000000e+00   0.000000e+00   1.322670e-03   0.000000e+00   0.000000e+00   1.068239e-03  -1.274291e-03  -4.527167e-03   0.000000e+00
 4.642207e-04   2.192895e-05   0.000000e+00   8.607738e-04   9.062543e-05   0.000000e+00   0.000000e+00   0.000000e+00   2.407496e-03
 2.465766e-05   2.527653e-04   0.000000e+00   9.062543e-05   4.223312e-04   0.000000e+00   0.000000e+00   0.000000e+00   9.191292e-04
 0.000000e+00   0.000000e+00   1.068239e-03   0.000000e+00   0.000000e+00   2.235225e-03  -4.327123e-03  -1.220532e-02   0.000000e+00
 0.000000e+00   0.000000e+00  -1.274291e-03   0.000000e+00   0.000000e+00  -4.327123e-03   5.019501e-02   1.868656e-02   0.000000e+00
 0.000000e+00   0.000000e+00  -4.527167e-03   0.000000e+00   0.000000e+00  -1.220532e-02   1.868656e-02   1.805121e-01   0.000000e+00
 5.068290e-04   1.935755e-04   0.000000e+00   2.407496e-03   9.191292e-04   0.000000e+00   0.000000e+00   0.000000e+00   4.692040e-02

# timestamp: 1774889109.0927603
 1.076760e-03   1.017714e-05   0.000000e+00   5.186995e-04   4.375551e-05   0.000000e+00   0.000000e+00   0.000000e+00   1.258818e-03
 1.017714e-05   9.255262e-04   0.000000e+00   2.723049e-05   2.555151e-04   0.000000e+00   0.000000e+00   0.000000e+00   2.132118e-04
 0.000000e+00   0.000000e+00   1.405826e-03   0.000000e+00   0.000000e+00   1.197000e-03  -2.221800e-03  -5.108513e-03   0.000000e+00
 5.186995e-04   2.723049e-05   0.000000e+00   9.063249e-04   1.054855e-04   0.000000e+00   0.000000e+00   0.000000e+00   2.808885e-03
 4.375551e-05   2.555151e-04   0.000000e+00   1.054855e-04   4.260394e-04   0.000000e+00   0.000000e+00   0.000000e+00   9.722661e-04
 0.000000e+00   0.000000e+00   1.197000e-03   0.000000e+00   0.000000e+00   2.375488e-03  -4.990539e-03  -1.284646e-02   0.000000e+00
 0.000000e+00   0.000000e+00  -2.221800e-03   0.000000e+00   0.000000e+00  -4.990539e-03   5.177622e-02   1.960829e-02   0.000000e+00
 0.000000e+00   0.000000e+00  -5.108513e-03   0.000000e+00   0.000000e+00  -1.284646e-02   1.960829e-02   1.861800e-01   0.000000e+00
 1.258818e-03   2.132118e-04   0.000000e+00   2.808885e-03   9.722661e-04   0.000000e+00   0.000000e+00   0.000000e+00   4.815360e-02

# timestamp: 1774889109.144039
 9.709867e-04   5.581085e-06   0.000000e+00   4.305238e-04   2.424531e-05   0.000000e+00   0.000000e+00   0.000000e+00   3.411891e-04
 5.581085e-06   8.652928e-04   0.000000e+00   2.244886e-05   2.382352e-04   0.000000e+00   0.000000e+00   0.000000e+00   1.618551e-04
 0.000000e+00   0.000000e+00   1.205521e-03   0.000000e+00   0.000000e+00   9.527815e-04  -8.086938e-04  -4.056071e-03   0.000000e+00
 4.305238e-04   2.244886e-05   0.000000e+00   8.384926e-04   9.165242e-05   0.000000e+00   0.000000e+00   0.000000e+00   2.157549e-03
 2.424531e-05   2.382352e-04   0.000000e+00   9.165242e-05   4.189502e-04   0.000000e+00   0.000000e+00   0.000000e+00   8.413015e-04
 0.000000e+00   0.000000e+00   9.527815e-04   0.000000e+00   0.000000e+00   2.084747e-03  -3.390284e-03  -1.159216e-02   0.000000e+00
 0.000000e+00   0.000000e+00  -8.086938e-04   0.000000e+00   0.000000e+00  -3.390284e-03   4.421040e-02   1.224383e-02   0.000000e+00
 0.000000e+00   0.000000e+00  -4.056071e-03   0.000000e+00   0.000000e+00  -1.159216e-02   1.224383e-02   1.814227e-01   0.000000e+00
 3.411891e-04   1.618551e-04   0.000000e+00   2.157549e-03   8.413015e-04   0.000000e+00   0.000000e+00   0.000000e+00   4.262661e-02

# timestamp: 1774889109.4019806
 1.005284e-03   1.769678e-05   0.000000e+00   4.809684e-04   5.105316e-05   0.000000e+00   0.000000e+00   0.000000e+00   1.072784e-03
 1.769678e-05   8.760276e-04   0.000000e+00   4.303818e-05   2.472948e-04   0.000000e+00   0.000000e+00   0.000000e+00   3.091015e-04
 0.000000e+00   0.000000e+00   1.281789e-03   0.000000e+00   0.000000e+00   1.055299e-03  -1.316106e-03  -4.996992e-03   0.000000e+00
 4.809684e-04   4.303818e-05   0.000000e+00   8.814304e-04   1.237829e-04   0.000000e+00   0.000000e+00   0.000000e+00   2.517652e-03
 5.105316e-05   2.472948e-04   0.000000e+00   1.237829e-04   4.315188e-04   0.000000e+00   0.000000e+00   0.000000e+00   9.692025e-04
 0.000000e+00   0.000000e+00   1.055299e-03   0.000000e+00   0.000000e+00   2.120600e-03  -3.012046e-03  -1.215851e-02   0.000000e+00
 0.000000e+00   0.000000e+00  -1.316106e-03   0.000000e+00   0.000000e+00  -3.012046e-03   4.478488e-02   1.664428e-03   0.000000e+00
 0.000000e+00   0.000000e+00  -4.996992e-03   0.000000e+00   0.000000e+00  -1.215851e-02   1.664428e-03   1.963147e-01   0.000000e+00
 1.072784e-03   3.091015e-04   0.000000e+00   2.517652e-03   9.692025e-04   0.000000e+00   0.000000e+00   0.000000e+00   4.418256e-02

# timestamp: 1774889109.4339387
 9.483150e-04   1.136783e-05   0.000000e+00   4.216595e-04   3.442620e-05   0.000000e+00   0.000000e+00   0.000000e+00   3.015994e-04
 1.136783e-05   8.473783e-04   0.000000e+00   3.245150e-05   2.362619e-04   0.000000e+00   0.000000e+00   0.000000e+00   1.298243e-04
 0.000000e+00   0.000000e+00   1.148794e-03   0.000000e+00   0.000000e+00   8.613384e-04  -2.264816e-04  -3.628832e-03   0.000000e+00
 4.216595e-04   3.245150e-05   0.000000e+00   8.340722e-04   1.131063e-04   0.000000e+00   0.000000e+00   0.000000e+00   2.038657e-03
 3.442620e-05   2.362619e-04   0.000000e+00   1.131063e-04   4.271994e-04   0.000000e+00   0.000000e+00   0.000000e+00   8.612717e-04
 0.000000e+00   0.000000e+00   8.613384e-04   0.000000e+00   0.000000e+00   1.869165e-03  -1.797651e-03  -1.049435e-02   0.000000e+00
 0.000000e+00   0.000000e+00  -2.264816e-04   0.000000e+00   0.000000e+00  -1.797651e-03   4.211088e-02  -7.205391e-03   0.000000e+00
 0.000000e+00   0.000000e+00  -3.628832e-03   0.000000e+00   0.000000e+00  -1.049435e-02  -7.205391e-03   1.864007e-01   0.000000e+00
 3.015994e-04   1.298243e-04   0.000000e+00   2.038657e-03   8.612717e-04   0.000000e+00   0.000000e+00   0.000000e+00   4.121679e-02

# timestamp: 1774889109.4620416
 1.003995e-03   1.347277e-05   0.000000e+00   4.479444e-04   3.865998e-05   0.000000e+00   0.000000e+00   0.000000e+00   3.636839e-04
 1.347277e-05   8.916338e-04   0.000000e+00   3.642514e-05   2.494287e-04   0.000000e+00   0.000000e+00   0.000000e+00   1.563456e-04
 0.000000e+00   0.000000e+00   1.231742e-03   0.000000e+00   0.000000e+00   9.274472e-04  -2.812696e-04  -3.945023e-03   0.000000e+00
 4.479444e-04   3.642514e-05   0.000000e+00   8.522964e-04   1.212583e-04   0.000000e+00   0.000000e+00   0.000000e+00   2.194711e-03
 3.865998e-05   2.494287e-04   0.000000e+00   1.212583e-04   4.343717e-04   0.000000e+00   0.000000e+00   0.000000e+00   9.609993e-04
 0.000000e+00   0.000000e+00   9.274472e-04   0.000000e+00   0.000000e+00   1.934856e-03  -1.940340e-03  -1.090232e-02   0.000000e+00
 0.000000e+00   0.000000e+00  -2.812696e-04   0.000000e+00   0.000000e+00  -1.940340e-03   4.509002e-02  -7.205391e-03   0.000000e+00
 0.000000e+00   0.000000e+00  -3.945023e-03   0.000000e+00   0.000000e+00  -1.090232e-02  -7.205391e-03   1.893798e-01   0.000000e+00
 3.636839e-04   1.563456e-04   0.000000e+00   2.194711e-03   9.609993e-04   0.000000e+00   0.000000e+00   0.000000e+00   4.419593e-02

# timestamp: 1774889109.5121515
 9.422641e-04   1.333464e-05   0.000000e+00   4.202341e-04   3.889269e-05   0.000000e+00   0.000000e+00   0.000000e+00   3.508487e-04
 1.333464e-05   8.430093e-04   0.000000e+00   3.657022e-05   2.371380e-04   0.000000e+00   0.000000e+00   0.000000e+00   1.549642e-04
 0.000000e+00   0.000000e+00   1.129686e-03   0.000000e+00   0.000000e+00   8.261647e-04  -4.881732e-05  -3.299436e-03   0.000000e+00
 4.202341e-04   3.657022e-05   0.000000e+00   8.307324e-04   1.243391e-04   0.000000e+00   0.000000e+00   0.000000e+00   2.022459e-03
 3.889269e-05   2.371380e-04   0.000000e+00   1.243391e-04   4.348918e-04   0.000000e+00   0.000000e+00   0.000000e+00   9.754697e-04
 0.000000e+00   0.000000e+00   8.261647e-04   0.000000e+00   0.000000e+00   1.775734e-03  -1.166446e-03  -9.523969e-03   0.000000e+00
 0.000000e+00   0.000000e+00  -4.881732e-05   0.000000e+00   0.000000e+00  -1.166446e-03   4.480357e-02  -1.841168e-02   0.000000e+00
 0.000000e+00   0.000000e+00  -3.299436e-03   0.000000e+00   0.000000e+00  -9.523969e-03  -1.841168e-02   1.750014e-01   0.000000e+00
 3.508487e-04   1.549642e-04   0.000000e+00   2.022459e-03   9.754697e-04   0.000000e+00   0.000000e+00   0.000000e+00   4.124013e-02

# timestamp: 1774889109.831797
 9.479189e-04   2.075306e-05   0.000000e+00   4.229038e-04   5.526337e-05   0.000000e+00   0.000000e+00   0.000000e+00   3.680506e-04
 2.075306e-05   8.502660e-04   0.000000e+00   5.075567e-05   2.477907e-04   0.000000e+00   0.000000e+00   0.000000e+00   1.885135e-04
 0.000000e+00   0.000000e+00   1.096732e-03   0.000000e+00   0.000000e+00   7.238798e-04   3.024167e-04  -1.962939e-03   0.000000e+00
 4.229038e-04   5.075567e-05   0.000000e+00   8.197553e-04   1.650328e-04   0.000000e+00   0.000000e+00   0.000000e+00   1.930932e-03
 5.526337e-05   2.477907e-04   0.000000e+00   1.650328e-04   4.738517e-04   0.000000e+00   0.000000e+00   0.000000e+00   1.347907e-03
 0.000000e+00   0.000000e+00   7.238798e-04   0.000000e+00   0.000000e+00   1.489581e-03  -1.835810e-04  -5.927207e-03   0.000000e+00
 0.000000e+00   0.000000e+00   3.024167e-04   0.000000e+00   0.000000e+00  -1.835810e-04   6.593713e-02  -4.311642e-02   0.000000e+00
 0.000000e+00   0.000000e+00  -1.962939e-03   0.000000e+00   0.000000e+00  -5.927207e-03  -4.311642e-02   1.278028e-01   0.000000e+00
 3.680506e-04   1.885135e-04   0.000000e+00   1.930932e-03   1.347907e-03   0.000000e+00   0.000000e+00   0.000000e+00   4.171873e-02

# timestamp: 1774889110.145631
 9.818384e-04   3.115679e-05   0.000000e+00   4.344821e-04   7.392803e-05   0.000000e+00   0.000000e+00   0.000000e+00   3.483077e-04
 3.115679e-05   8.842345e-04   0.000000e+00   6.936639e-05   2.700902e-04   0.000000e+00   0.000000e+00   0.000000e+00   2.098920e-04
 0.000000e+00   0.000000e+00   1.114385e-03   0.000000e+00   0.000000e+00   6.790282e-04   3.957350e-04  -1.358740e-03   0.000000e+00
 4.344821e-04   6.936639e-05   0.000000e+00   8.137983e-04   2.035903e-04   0.000000e+00   0.000000e+00   0.000000e+00   1.936020e-03
 7.392803e-05   2.700902e-04   0.000000e+00   2.035903e-04   5.179612e-04   0.000000e+00   0.000000e+00   0.000000e+00   1.551117e-03
 0.000000e+00   0.000000e+00   6.790282e-04   0.000000e+00   0.000000e+00   1.320866e-03  -3.242685e-04  -4.075472e-03   0.000000e+00
 0.000000e+00   0.000000e+00   3.957350e-04   0.000000e+00   0.000000e+00  -3.242685e-04   9.088105e-02  -5.900680e-02   0.000000e+00
 0.000000e+00   0.000000e+00  -1.358740e-03   0.000000e+00   0.000000e+00  -4.075472e-03  -5.900680e-02   1.183145e-01   0.000000e+00
 3.483077e-04   2.098920e-04   0.000000e+00   1.936020e-03   1.551117e-03   0.000000e+00   0.000000e+00   0.000000e+00   4.313559e-02

# timestamp: 1774889110.166299
 1.006659e-03   3.308666e-05   0.000000e+00   4.458148e-04   7.704673e-05   0.000000e+00   0.000000e+00   0.000000e+00   3.740837e-04
 3.308666e-05   9.046612e-04   0.000000e+00   7.241007e-05   2.772083e-04   0.000000e+00   0.000000e+00   0.000000e+00   2.305319e-04
 0.000000e+00   0.000000e+00   1.145754e-03   0.000000e+00   0.000000e+00   6.975032e-04   3.912207e-04  -1.412695e-03   0.000000e+00
 4.458148e-04   7.241007e-05   0.000000e+00   8.210745e-04   2.082009e-04   0.000000e+00   0.000000e+00   0.000000e+00   2.002755e-03
 7.704673e-05   2.772083e-04   0.000000e+00   2.082009e-04   5.228466e-04   0.000000e+00   0.000000e+00   0.000000e+00   1.601032e-03
 0.000000e+00   0.000000e+00   6.975032e-04   0.000000e+00   0.000000e+00   1.332546e-03  -3.964646e-04  -4.121188e-03   0.000000e+00
 0.000000e+00   0.000000e+00   3.912207e-04   0.000000e+00   0.000000e+00  -3.964646e-04   9.220132e-02  -5.900680e-02   0.000000e+00
 0.000000e+00   0.000000e+00  -1.412695e-03   0.000000e+00   0.000000e+00  -4.121188e-03  -5.900680e-02   1.196348e-01   0.000000e+00
 3.740837e-04   2.305319e-04   0.000000e+00   2.002755e-03   1.601032e-03   0.000000e+00   0.000000e+00   0.000000e+00   4.445585e-02

# timestamp: 1774889110.2133994
 9.199443e-04   2.899783e-05   0.000000e+00   4.056840e-04   7.060833e-05   0.000000e+00   0.000000e+00   0.000000e+00   3.249909e-04
 2.899783e-05   8.352507e-04   0.000000e+00   6.748088e-05   2.572158e-04   0.000000e+00   0.000000e+00   0.000000e+00   2.166316e-04
 0.000000e+00   0.000000e+00   1.032053e-03   0.000000e+00   0.000000e+00   6.189189e-04   3.808909e-04  -1.225679e-03   0.000000e+00
 4.056840e-04   6.748088e-05   0.000000e+00   7.928545e-04   1.991998e-04   0.000000e+00   0.000000e+00   0.000000e+00   1.793965e-03
 7.060833e-05   2.572158e-04   0.000000e+00   1.991998e-04   5.125972e-04   0.000000e+00   0.000000e+00   0.000000e+00   1.414901e-03
 0.000000e+00   0.000000e+00   6.189189e-04   0.000000e+00   0.000000e+00   1.245793e-03  -3.256903e-04  -3.561436e-03   0.000000e+00
 0.000000e+00   0.000000e+00   3.808909e-04   0.000000e+00   0.000000e+00  -3.256903e-04   9.316798e-02  -6.377750e-02   0.000000e+00
 0.000000e+00   0.000000e+00  -1.225679e-03   0.000000e+00   0.000000e+00  -3.561436e-03  -6.377750e-02   1.183125e-01   0.000000e+00
 3.249909e-04   2.166316e-04   0.000000e+00   1.793965e-03   1.414901e-03   0.000000e+00   0.000000e+00   0.000000e+00   4.017022e-02

# timestamp: 1774889110.4661057
 1.017030e-03   4.226309e-05   0.000000e+00   4.480816e-04   9.041881e-05   0.000000e+00   0.000000e+00   0.000000e+00   4.496436e-04
 4.226309e-05   9.218494e-04   0.000000e+00   8.917237e-05   2.935401e-04   0.000000e+00   0.000000e+00   0.000000e+00   3.164972e-04
 0.000000e+00   0.000000e+00   1.137378e-03   0.000000e+00   0.000000e+00   6.499563e-04   2.331142e-04  -1.196250e-03   0.000000e+00
 4.480816e-04   8.917237e-05   0.000000e+00   8.159147e-04   2.241255e-04   0.000000e+00   0.000000e+00   0.000000e+00   2.080146e-03
 9.041881e-05   2.935401e-04   0.000000e+00   2.241255e-04   5.354443e-04   0.000000e+00   0.000000e+00   0.000000e+00   1.483186e-03
 0.000000e+00   0.000000e+00   6.499563e-04   0.000000e+00   0.000000e+00   1.193888e-03  -1.256157e-03  -2.616261e-03   0.000000e+00
 0.000000e+00   0.000000e+00   2.331142e-04   0.000000e+00   0.000000e+00  -1.256157e-03   1.084623e-01  -7.372495e-02   0.000000e+00
 0.000000e+00   0.000000e+00  -1.196250e-03   0.000000e+00   0.000000e+00  -2.616261e-03  -7.372495e-02   1.324365e-01   0.000000e+00
 4.496436e-04   3.164972e-04   0.000000e+00   2.080146e-03   1.483186e-03   0.000000e+00   0.000000e+00   0.000000e+00   4.554958e-02

# timestamp: 1774889110.508448
 9.237261e-04   3.597811e-05   0.000000e+00   4.047250e-04   8.104795e-05   0.000000e+00   0.000000e+00   0.000000e+00   3.722641e-04
 3.597811e-05   8.457726e-04   0.000000e+00   8.068038e-05   2.693507e-04   0.000000e+00   0.000000e+00   0.000000e+00   2.647613e-04
 0.000000e+00   0.000000e+00   1.019386e-03   0.000000e+00   0.000000e+00   5.743544e-04   2.202173e-04  -1.004042e-03   0.000000e+00
 4.047250e-04   8.068038e-05   0.000000e+00   7.856245e-04   2.112192e-04   0.000000e+00   0.000000e+00   0.000000e+00   1.838460e-03
 8.104795e-05   2.693507e-04   0.000000e+00   2.112192e-04   5.213396e-04   0.000000e+00   0.000000e+00   0.000000e+00   1.272829e-03
 0.000000e+00   0.000000e+00   5.743544e-04   0.000000e+00   0.000000e+00   1.121958e-03  -1.236243e-03  -2.084474e-03   0.000000e+00
 0.000000e+00   0.000000e+00   2.202173e-04   0.000000e+00   0.000000e+00  -1.236243e-03   1.076394e-01  -7.838441e-02   0.000000e+00
 0.000000e+00   0.000000e+00  -1.004042e-03   0.000000e+00   0.000000e+00  -2.084474e-03  -7.838441e-02   1.328569e-01   0.000000e+00
 3.722641e-04   2.647613e-04   0.000000e+00   1.838460e-03   1.272829e-03   0.000000e+00   0.000000e+00   0.000000e+00   4.073053e-02

# timestamp: 1774889110.5298667
 9.704120e-04   4.025493e-05   0.000000e+00   4.261109e-04   8.710396e-05   0.000000e+00   0.000000e+00   0.000000e+00   4.203476e-04
 4.025493e-05   8.853657e-04   0.000000e+00   8.698339e-05   2.831546e-04   0.000000e+00   0.000000e+00   0.000000e+00   2.978262e-04
 0.000000e+00   0.000000e+00   1.074939e-03   0.000000e+00   0.000000e+00   6.041088e-04   1.867112e-04  -1.056896e-03   0.000000e+00
 4.261109e-04   8.698339e-05   0.000000e+00   7.995295e-04   2.179752e-04   0.000000e+00   0.000000e+00   0.000000e+00   1.964859e-03
 8.710396e-05   2.831546e-04   0.000000e+00   2.179752e-04   5.278158e-04   0.000000e+00   0.000000e+00   0.000000e+00   1.336519e-03
 0.000000e+00   0.000000e+00   6.041088e-04   0.000000e+00   0.000000e+00   1.138736e-03  -1.444503e-03  -2.052712e-03   0.000000e+00
 0.000000e+00   0.000000e+00   1.867112e-04   0.000000e+00   0.000000e+00  -1.444503e-03   1.101899e-01  -7.838441e-02   0.000000e+00
 0.000000e+00   0.000000e+00  -1.056896e-03   0.000000e+00   0.000000e+00  -2.052712e-03  -7.838441e-02   1.354074e-01   0.000000e+00
 4.203476e-04   2.978262e-04   0.000000e+00   1.964859e-03   1.336519e-03   0.000000e+00   0.000000e+00   0.000000e+00   4.328104e-02

# timestamp: 1774889110.56789
 1.030324e-03   4.605287e-05   0.000000e+00   4.535638e-04   9.502514e-05   0.000000e+00   0.000000e+00   0.000000e+00   4.849703e-04
 4.605287e-05   9.358580e-04   0.000000e+00   9.525159e-05   3.007190e-04   0.000000e+00   0.000000e+00   0.000000e+00   3.414348e-04
 0.000000e+00   0.000000e+00   1.146541e-03   0.000000e+00   0.000000e+00   6.421862e-04   1.374656e-04  -1.121924e-03   0.000000e+00
 4.535638e-04   9.525159e-05   0.000000e+00   8.180125e-04   2.269754e-04   0.000000e+00   0.000000e+00   0.000000e+00   2.133910e-03
 9.502514e-05   3.007190e-04   0.000000e+00   2.269754e-04   5.361909e-04   0.000000e+00   0.000000e+00   0.000000e+00   1.421702e-03
 0.000000e+00   0.000000e+00   6.421862e-04   0.000000e+00   0.000000e+00   1.161372e-03  -1.715886e-03  -2.018571e-03   0.000000e+00
 0.000000e+00   0.000000e+00   1.374656e-04   0.000000e+00   0.000000e+00  -1.715886e-03   1.133782e-01  -7.838441e-02   0.000000e+00
 0.000000e+00   0.000000e+00  -1.121924e-03   0.000000e+00   0.000000e+00  -2.018571e-03  -7.838441e-02   1.385957e-01   0.000000e+00
 4.849703e-04   3.414348e-04   0.000000e+00   2.133910e-03   1.421702e-03   0.000000e+00   0.000000e+00   0.000000e+00   4.646936e-02

# timestamp: 1774889110.834958
 9.687334e-04   4.562573e-05   0.000000e+00   4.202187e-04   9.008204e-05   0.000000e+00   0.000000e+00   0.000000e+00   3.403505e-04
 4.562573e-05   8.911360e-04   0.000000e+00   9.379907e-05   2.871691e-04   0.000000e+00   0.000000e+00   0.000000e+00   2.387160e-04
 0.000000e+00   0.000000e+00   1.055685e-03   0.000000e+00   0.000000e+00   5.584699e-04   8.192282e-05  -7.940986e-04   0.000000e+00
 4.202187e-04   9.379907e-05   0.000000e+00   7.913196e-04   2.101841e-04   0.000000e+00   0.000000e+00   0.000000e+00   1.938758e-03
 9.008204e-05   2.871691e-04   0.000000e+00   2.101841e-04   5.149659e-04   0.000000e+00   0.000000e+00   0.000000e+00   1.015058e-03
 0.000000e+00   0.000000e+00   5.584699e-04   0.000000e+00   0.000000e+00   1.050395e-03  -2.363183e-03  -4.252222e-04   0.000000e+00
 0.000000e+00   0.000000e+00   8.192282e-05   0.000000e+00   0.000000e+00  -2.363183e-03   1.058472e-01  -8.630984e-02   0.000000e+00
 0.000000e+00   0.000000e+00  -7.940986e-04   0.000000e+00   0.000000e+00  -4.252222e-04  -8.630984e-02   1.618912e-01   0.000000e+00
 3.403505e-04   2.387160e-04   0.000000e+00   1.938758e-03   1.015058e-03   0.000000e+00   0.000000e+00   0.000000e+00   4.288578e-02

# timestamp: 1774889110.8967967
 9.117691e-04   4.139306e-05   0.000000e+00   3.946056e-04   8.392505e-05   0.000000e+00   0.000000e+00   0.000000e+00   3.223360e-04
 4.139306e-05   8.435298e-04   0.000000e+00   8.764303e-05   2.714995e-04   0.000000e+00   0.000000e+00   0.000000e+00   2.094906e-04
 0.000000e+00   0.000000e+00   9.858025e-04   0.000000e+00   0.000000e+00   5.168314e-04   1.313175e-05  -6.881652e-04   0.000000e+00
 3.946056e-04   8.764303e-05   0.000000e+00   7.718928e-04   1.987988e-04   0.000000e+00   0.000000e+00   0.000000e+00   1.802180e-03
 8.392505e-05   2.714995e-04   0.000000e+00   1.987988e-04   5.033830e-04   0.000000e+00   0.000000e+00   0.000000e+00   8.625239e-04
 0.000000e+00   0.000000e+00   5.168314e-04   0.000000e+00   0.000000e+00   1.009292e-03  -2.273436e-03  -1.490055e-04   0.000000e+00
 0.000000e+00   0.000000e+00   1.313175e-05   0.000000e+00   0.000000e+00  -2.273436e-03   9.584016e-02  -8.336412e-02   0.000000e+00
 0.000000e+00   0.000000e+00  -6.881652e-04   0.000000e+00   0.000000e+00  -1.490055e-04  -8.336412e-02   1.670310e-01   0.000000e+00
 3.223360e-04   2.094906e-04   0.000000e+00   1.802180e-03   8.625239e-04   0.000000e+00   0.000000e+00   0.000000e+00   4.042609e-02

# timestamp: 1774889110.9139433
 9.463988e-04   4.476292e-05   0.000000e+00   4.102515e-04   8.792116e-05   0.000000e+00   0.000000e+00   0.000000e+00   3.574984e-04
 4.476292e-05   8.733272e-04   0.000000e+00   9.195905e-05   2.812936e-04   0.000000e+00   0.000000e+00   0.000000e+00   2.261673e-04
 0.000000e+00   0.000000e+00   1.025206e-03   0.000000e+00   0.000000e+00   5.366523e-04  -3.159829e-05  -6.903645e-04   0.000000e+00
 4.102515e-04   9.195905e-05   0.000000e+00   7.819092e-04   2.015841e-04   0.000000e+00   0.000000e+00   0.000000e+00   1.893573e-03
 8.792116e-05   2.812936e-04   0.000000e+00   2.015841e-04   5.061271e-04   0.000000e+00   0.000000e+00   0.000000e+00   8.822471e-04
 0.000000e+00   0.000000e+00   5.366523e-04   0.000000e+00   0.000000e+00   1.021646e-03  -2.446837e-03  -4.592120e-05   0.000000e+00
 0.000000e+00   0.000000e+00  -3.159829e-05   0.000000e+00   0.000000e+00  -2.446837e-03   9.775917e-02  -8.336412e-02   0.000000e+00
 0.000000e+00   0.000000e+00  -6.903645e-04   0.000000e+00   0.000000e+00  -4.592120e-05  -8.336412e-02   1.689500e-01   0.000000e+00
 3.574984e-04   2.261673e-04   0.000000e+00   1.893573e-03   8.822471e-04   0.000000e+00   0.000000e+00   0.000000e+00   4.234510e-02

# timestamp: 1774889111.2251787
 9.555439e-04   4.737490e-05   0.000000e+00   4.097672e-04   8.498848e-05   0.000000e+00   0.000000e+00   0.000000e+00   3.756450e-04
 4.737490e-05   8.845018e-04   0.000000e+00   9.060913e-05   2.804469e-04   0.000000e+00   0.000000e+00   0.000000e+00   1.734097e-04
 0.000000e+00   0.000000e+00   1.021424e-03   0.000000e+00   0.000000e+00   5.116684e-04  -2.448770e-04  -5.096039e-04   0.000000e+00
 4.097672e-04   9.060913e-05   0.000000e+00   7.719768e-04   1.746200e-04   0.000000e+00   0.000000e+00   0.000000e+00   1.870976e-03
 8.498848e-05   2.804469e-04   0.000000e+00   1.746200e-04   4.830901e-04   0.000000e+00   0.000000e+00   0.000000e+00   5.222777e-04
 0.000000e+00   0.000000e+00   5.116684e-04   0.000000e+00   0.000000e+00   9.551862e-04  -2.262160e-03   3.470861e-04   0.000000e+00
 0.000000e+00   0.000000e+00  -2.448770e-04   0.000000e+00   0.000000e+00  -2.262160e-03   6.253363e-02  -5.040003e-02   0.000000e+00
 0.000000e+00   0.000000e+00  -5.096039e-04   0.000000e+00   0.000000e+00   3.470861e-04  -5.040003e-02   1.821620e-01   0.000000e+00
 3.756450e-04   1.734097e-04   0.000000e+00   1.870976e-03   5.222777e-04   0.000000e+00   0.000000e+00   0.000000e+00   4.281225e-02

# timestamp: 1774889111.250556
 1.006904e-03   5.241230e-05   0.000000e+00   4.326746e-04   8.994330e-05   0.000000e+00   0.000000e+00   0.000000e+00   4.288823e-04
 5.241230e-05   9.284047e-04   0.000000e+00   9.604243e-05   2.940060e-04   0.000000e+00   0.000000e+00   0.000000e+00   1.880341e-04
 0.000000e+00   0.000000e+00   1.078605e-03   0.000000e+00   0.000000e+00   5.394217e-04  -3.094255e-04  -4.989706e-04   0.000000e+00
 4.326746e-04   9.604243e-05   0.000000e+00   7.863361e-04   1.765209e-04   0.000000e+00   0.000000e+00   0.000000e+00   2.004748e-03
 8.994330e-05   2.940060e-04   0.000000e+00   1.765209e-04   4.860578e-04   0.000000e+00   0.000000e+00   0.000000e+00   5.299089e-04
 0.000000e+00   0.000000e+00   5.394217e-04   0.000000e+00   0.000000e+00   9.718934e-04  -2.446235e-03   4.662134e-04   0.000000e+00
 0.000000e+00   0.000000e+00  -3.094255e-04   0.000000e+00   0.000000e+00  -2.446235e-03   6.532212e-02  -5.040003e-02   0.000000e+00
 0.000000e+00   0.000000e+00  -4.989706e-04   0.000000e+00   0.000000e+00   4.662134e-04  -5.040003e-02   1.849504e-01   0.000000e+00
 4.288823e-04   1.880341e-04   0.000000e+00   2.004748e-03   5.299089e-04   0.000000e+00   0.000000e+00   0.000000e+00   4.560074e-02

# timestamp: 1774889111.4691257
 9.684681e-04   4.728174e-05   0.000000e+00   4.387123e-04   8.400044e-05   0.000000e+00   0.000000e+00   0.000000e+00   1.083594e-03
 4.728174e-05   8.764187e-04   0.000000e+00   8.374281e-05   2.724277e-04   0.000000e+00   0.000000e+00   0.000000e+00   1.269193e-04
 0.000000e+00   0.000000e+00   1.024940e-03   0.000000e+00   0.000000e+00   5.294055e-04  -1.188814e-03   1.290098e-04   0.000000e+00
 4.387123e-04   8.374281e-05   0.000000e+00   7.872175e-04   1.538105e-04   0.000000e+00   0.000000e+00   0.000000e+00   2.142723e-03
 8.400044e-05   2.724277e-04   0.000000e+00   1.538105e-04   4.654683e-04   0.000000e+00   0.000000e+00   0.000000e+00   3.734615e-04
 0.000000e+00   0.000000e+00   5.294055e-04   0.000000e+00   0.000000e+00   9.398378e-04  -2.418417e-03   3.007566e-04   0.000000e+00
 0.000000e+00   0.000000e+00  -1.188814e-03   0.000000e+00   0.000000e+00  -2.418417e-03   4.845637e-02  -2.420205e-02   0.000000e+00
 0.000000e+00   0.000000e+00   1.290098e-04   0.000000e+00   0.000000e+00   3.007566e-04  -2.420205e-02   1.895264e-01   0.000000e+00
 1.083594e-03   1.269193e-04   0.000000e+00   2.142723e-03   3.734615e-04   0.000000e+00   0.000000e+00   0.000000e+00   4.306186e-02

# timestamp: 1774889111.54777
 9.757278e-04   4.743501e-05   0.000000e+00   4.132958e-04   7.844991e-05   0.000000e+00   0.000000e+00   0.000000e+00   3.309982e-04
 4.743501e-05   9.023148e-04   0.000000e+00   8.403872e-05   2.788644e-04   0.000000e+00   0.000000e+00   0.000000e+00   1.274214e-04
 0.000000e+00   0.000000e+00   1.031306e-03   0.000000e+00   0.000000e+00   4.962852e-04  -2.838056e-04  -5.102879e-04   0.000000e+00
 4.132958e-04   8.403872e-05   0.000000e+00   7.644638e-04   1.451758e-04   0.000000e+00   0.000000e+00   0.000000e+00   1.850865e-03
 7.844991e-05   2.788644e-04   0.000000e+00   1.451758e-04   4.632318e-04   0.000000e+00   0.000000e+00   0.000000e+00   2.997390e-04
 0.000000e+00   0.000000e+00   4.962852e-04   0.000000e+00   0.000000e+00   9.004485e-04  -1.957893e-03  -1.522789e-04   0.000000e+00
 0.000000e+00   0.000000e+00  -2.838056e-04   0.000000e+00   0.000000e+00  -1.957893e-03   4.716902e-02  -1.915845e-02   0.000000e+00
 0.000000e+00   0.000000e+00  -5.102879e-04   0.000000e+00   0.000000e+00  -1.522789e-04  -1.915845e-02   1.934043e-01   0.000000e+00
 3.309982e-04   1.274214e-04   0.000000e+00   1.850865e-03   2.997390e-04   0.000000e+00   0.000000e+00   0.000000e+00   4.349184e-02

# timestamp: 1774889111.5819638
 1.037875e-03   5.305400e-05   0.000000e+00   4.404666e-04   8.346452e-05   0.000000e+00   0.000000e+00   0.000000e+00   3.947537e-04
 5.305400e-05   9.550785e-04   0.000000e+00   8.939796e-05   2.945243e-04   0.000000e+00   0.000000e+00   0.000000e+00   1.376371e-04
 0.000000e+00   0.000000e+00   1.099173e-03   0.000000e+00   0.000000e+00   5.280438e-04  -3.512179e-04  -5.153877e-04   0.000000e+00
 4.404666e-04   8.939796e-05   0.000000e+00   7.813954e-04   1.469167e-04   0.000000e+00   0.000000e+00   0.000000e+00   2.011870e-03
 8.346452e-05   2.945243e-04   0.000000e+00   1.469167e-04   4.667955e-04   0.000000e+00   0.000000e+00   0.000000e+00   3.153839e-04
 0.000000e+00   0.000000e+00   5.280438e-04   0.000000e+00   0.000000e+00   9.182592e-04  -2.125283e-03  -1.517788e-04   0.000000e+00
 0.000000e+00   0.000000e+00  -3.512179e-04   0.000000e+00   0.000000e+00  -2.125283e-03   5.052259e-02  -1.915845e-02   0.000000e+00
 0.000000e+00   0.000000e+00  -5.153877e-04   0.000000e+00   0.000000e+00  -1.517788e-04  -1.915845e-02   1.967579e-01   0.000000e+00
 3.947537e-04   1.376371e-04   0.000000e+00   2.011870e-03   3.153839e-04   0.000000e+00   0.000000e+00   0.000000e+00   4.684541e-02

# timestamp: 1774889111.803388
 9.038036e-04   3.810071e-05   0.000000e+00   3.779789e-04   6.436125e-05   0.000000e+00   0.000000e+00   0.000000e+00   2.594296e-04
 3.810071e-05   8.398440e-04   0.000000e+00   6.854076e-05   2.539560e-04   0.000000e+00   0.000000e+00   0.000000e+00   9.563810e-05
 0.000000e+00   0.000000e+00   9.444619e-04   0.000000e+00   0.000000e+00   4.426610e-04  -2.628956e-04  -6.557406e-04   0.000000e+00
 3.779789e-04   6.854076e-05   0.000000e+00   7.349252e-04   1.201503e-04   0.000000e+00   0.000000e+00   0.000000e+00   1.650155e-03
 6.436125e-05   2.539560e-04   0.000000e+00   1.201503e-04   4.430815e-04   0.000000e+00   0.000000e+00   0.000000e+00   2.231376e-04
 0.000000e+00   0.000000e+00   4.426610e-04   0.000000e+00   0.000000e+00   8.435985e-04  -1.706824e-03  -1.254768e-03   0.000000e+00
 0.000000e+00   0.000000e+00  -2.628956e-04   0.000000e+00   0.000000e+00  -1.706824e-03   4.036872e-02   1.326955e-03   0.000000e+00
 0.000000e+00   0.000000e+00  -6.557406e-04   0.000000e+00   0.000000e+00  -1.254768e-03   1.326955e-03   2.072070e-01   0.000000e+00
 2.594296e-04   9.563810e-05   0.000000e+00   1.650155e-03   2.231376e-04   0.000000e+00   0.000000e+00   0.000000e+00   3.969740e-02

# timestamp: 1774889111.8445363
 9.652430e-04   4.283148e-05   0.000000e+00   4.045866e-04   6.868248e-05   0.000000e+00   0.000000e+00   0.000000e+00   3.179656e-04
 4.283148e-05   8.923609e-04   0.000000e+00   7.305938e-05   2.693685e-04   0.000000e+00   0.000000e+00   0.000000e+00   1.035798e-04
 0.000000e+00   0.000000e+00   1.010499e-03   0.000000e+00   0.000000e+00   4.734190e-04  -3.234201e-04  -7.003097e-04   0.000000e+00
 4.045866e-04   7.305938e-05   0.000000e+00   7.505666e-04   1.219007e-04   0.000000e+00   0.000000e+00   0.000000e+00   1.798789e-03
 6.868248e-05   2.693685e-04   0.000000e+00   1.219007e-04   4.467796e-04   0.000000e+00   0.000000e+00   0.000000e+00   2.456108e-04
 0.000000e+00   0.000000e+00   4.734190e-04   0.000000e+00   0.000000e+00   8.610562e-04  -1.858542e-03  -1.371523e-03   0.000000e+00
 0.000000e+00   0.000000e+00  -3.234201e-04   0.000000e+00   0.000000e+00  -1.858542e-03   4.381632e-02   1.326955e-03   0.000000e+00
 0.000000e+00   0.000000e+00  -7.003097e-04   0.000000e+00   0.000000e+00  -1.371523e-03   1.326955e-03   2.106546e-01   0.000000e+00
 3.179656e-04   1.035798e-04   0.000000e+00   1.798789e-03   2.456108e-04   0.000000e+00   0.000000e+00   0.000000e+00   4.314501e-02

# timestamp: 1774889111.8631566
 1.007268e-03   4.615926e-05   0.000000e+00   4.227687e-04   7.161936e-05   0.000000e+00   0.000000e+00   0.000000e+00   3.601366e-04
 4.615926e-05   9.279924e-04   0.000000e+00   7.612629e-05   2.797203e-04   0.000000e+00   0.000000e+00   0.000000e+00   1.093495e-04
 0.000000e+00   0.000000e+00   1.055754e-03   0.000000e+00   0.000000e+00   4.944250e-04  -3.669812e-04  -7.324573e-04   0.000000e+00
 4.227687e-04   7.612629e-05   0.000000e+00   7.616041e-04   1.231595e-04   0.000000e+00   0.000000e+00   0.000000e+00   1.904239e-03
 7.161936e-05   2.797203e-04   0.000000e+00   1.231595e-04   4.492608e-04   0.000000e+00   0.000000e+00   0.000000e+00   2.615547e-04
 0.000000e+00   0.000000e+00   4.944250e-04   0.000000e+00   0.000000e+00   8.733874e-04  -1.966051e-03  -1.450370e-03   0.000000e+00
 0.000000e+00   0.000000e+00  -3.669812e-04   0.000000e+00   0.000000e+00  -1.966051e-03   4.611651e-02   1.326955e-03   0.000000e+00
 0.000000e+00   0.000000e+00  -7.324573e-04   0.000000e+00   0.000000e+00  -1.450370e-03   1.326955e-03   2.129548e-01   0.000000e+00
 3.601366e-04   1.093495e-04   0.000000e+00   1.904239e-03   2.615547e-04   0.000000e+00   0.000000e+00   0.000000e+00   4.544520e-02

# timestamp: 1774889111.898606
 8.752213e-04   3.489085e-05   0.000000e+00   3.650782e-04   5.997481e-05   0.000000e+00   0.000000e+00   0.000000e+00   2.717860e-04
 3.489085e-05   8.148596e-04   0.000000e+00   6.328151e-05   2.448735e-04   0.000000e+00   0.000000e+00   0.000000e+00   7.595503e-05
 0.000000e+00   0.000000e+00   9.114920e-04   0.000000e+00   0.000000e+00   4.252559e-04  -2.945224e-04  -6.659102e-04   0.000000e+00
 3.650782e-04   6.328151e-05   0.000000e+00   7.244144e-04   1.135959e-04   0.000000e+00   0.000000e+00   0.000000e+00   1.584781e-03
 5.997481e-05   2.448735e-04   0.000000e+00   1.135959e-04   4.372213e-04   0.000000e+00   0.000000e+00   0.000000e+00   2.178843e-04
 0.000000e+00   0.000000e+00   4.252559e-04   0.000000e+00   0.000000e+00   8.307024e-04  -1.682091e-03  -1.707720e-03   0.000000e+00
 0.000000e+00   0.000000e+00  -2.945224e-04   0.000000e+00   0.000000e+00  -1.682091e-03   3.916214e-02   6.781193e-03   0.000000e+00
 0.000000e+00   0.000000e+00  -6.659102e-04   0.000000e+00   0.000000e+00  -1.707720e-03   6.781193e-03   2.120179e-01   0.000000e+00
 2.717860e-04   7.595503e-05   0.000000e+00   1.584781e-03   2.178843e-04   0.000000e+00   0.000000e+00   0.000000e+00   3.838546e-02

# timestamp: 1774889112.1281655
 9.433293e-04   3.712471e-05   0.000000e+00   3.927163e-04   6.030444e-05   0.000000e+00   0.000000e+00   0.000000e+00   3.739484e-04
 3.712471e-05   8.722793e-04   0.000000e+00   6.181028e-05   2.584002e-04   0.000000e+00   0.000000e+00   0.000000e+00   7.251942e-05
 0.000000e+00   0.000000e+00   9.808876e-04   0.000000e+00   0.000000e+00   4.569102e-04  -4.309991e-04  -9.570341e-04   0.000000e+00
 3.927163e-04   6.181028e-05   0.000000e+00   7.301801e-04   1.082314e-04   0.000000e+00   0.000000e+00   0.000000e+00   1.694043e-03
 6.030444e-05   2.584002e-04   0.000000e+00   1.082314e-04   4.351140e-04   0.000000e+00   0.000000e+00   0.000000e+00   3.216547e-04
 0.000000e+00   0.000000e+00   4.569102e-04   0.000000e+00   0.000000e+00   8.565293e-04  -1.906243e-03  -3.300004e-03   0.000000e+00
 0.000000e+00   0.000000e+00  -4.309991e-04   0.000000e+00   0.000000e+00  -1.906243e-03   4.364185e-02   1.229596e-02   0.000000e+00
 0.000000e+00   0.000000e+00  -9.570341e-04   0.000000e+00   0.000000e+00  -3.300004e-03   1.229596e-02   2.335165e-01   0.000000e+00
 3.739484e-04   7.251942e-05   0.000000e+00   1.694043e-03   3.216547e-04   0.000000e+00   0.000000e+00   0.000000e+00   4.261951e-02

# timestamp: 1774889112.1491675
 9.877965e-04   4.020432e-05   0.000000e+00   4.117164e-04   6.328722e-05   0.000000e+00   0.000000e+00   0.000000e+00   4.164941e-04
 4.020432e-05   9.099318e-04   0.000000e+00   6.466857e-05   2.692276e-04   0.000000e+00   0.000000e+00   0.000000e+00   8.071025e-05
 0.000000e+00   0.000000e+00   1.028611e-03   0.000000e+00   0.000000e+00   4.799599e-04  -4.788675e-04  -1.040003e-03   0.000000e+00
 4.117164e-04   6.466857e-05   0.000000e+00   7.404384e-04   1.102813e-04   0.000000e+00   0.000000e+00   0.000000e+00   1.793021e-03
 6.328722e-05   2.692276e-04   0.000000e+00   1.102813e-04   4.380807e-04   0.000000e+00   0.000000e+00   0.000000e+00   3.545312e-04
 0.000000e+00   0.000000e+00   4.799599e-04   0.000000e+00   0.000000e+00   8.728124e-04  -2.016636e-03  -3.502115e-03   0.000000e+00
 0.000000e+00   0.000000e+00  -4.788675e-04   0.000000e+00   0.000000e+00  -2.016636e-03   4.610667e-02   1.229596e-02   0.000000e+00
 0.000000e+00   0.000000e+00  -1.040003e-03   0.000000e+00   0.000000e+00  -3.502115e-03   1.229596e-02   2.359814e-01   0.000000e+00
 4.164941e-04   8.071025e-05   0.000000e+00   1.793021e-03   3.545312e-04   0.000000e+00   0.000000e+00   0.000000e+00   4.508432e-02

# timestamp: 1774889112.1633894
 1.011047e-03   4.184585e-05   0.000000e+00   4.216319e-04   6.485517e-05   0.000000e+00   0.000000e+00   0.000000e+00   4.394027e-04
 4.184585e-05   9.295158e-04   0.000000e+00   6.616759e-05   2.748292e-04   0.000000e+00   0.000000e+00   0.000000e+00   8.526232e-05
 0.000000e+00   0.000000e+00   1.053617e-03   0.000000e+00   0.000000e+00   4.920490e-04  -5.046309e-04  -1.084754e-03   0.000000e+00
 4.216319e-04   6.616759e-05   0.000000e+00   7.458926e-04   1.113944e-04   0.000000e+00   0.000000e+00   0.000000e+00   1.845978e-03
 6.485517e-05   2.748292e-04   0.000000e+00   1.113944e-04   4.396267e-04   0.000000e+00   0.000000e+00   0.000000e+00   3.721214e-04
 0.000000e+00   0.000000e+00   4.920490e-04   0.000000e+00   0.000000e+00   8.815041e-04  -2.075467e-03  -3.606790e-03   0.000000e+00
 0.000000e+00   0.000000e+00  -5.046309e-04   0.000000e+00   0.000000e+00  -2.075467e-03   4.737503e-02   1.229596e-02   0.000000e+00
 0.000000e+00   0.000000e+00  -1.084754e-03   0.000000e+00   0.000000e+00  -3.606790e-03   1.229596e-02   2.372497e-01   0.000000e+00
 4.394027e-04   8.526232e-05   0.000000e+00   1.845978e-03   3.721214e-04   0.000000e+00   0.000000e+00   0.000000e+00   4.635269e-02

# timestamp: 1774889112.2057521
 9.231238e-04   3.449801e-05   0.000000e+00   3.827658e-04   5.719107e-05   0.000000e+00   0.000000e+00   0.000000e+00   3.622626e-04
 3.449801e-05   8.546856e-04   0.000000e+00   5.793367e-05   2.519471e-04   0.000000e+00   0.000000e+00   0.000000e+00   7.003383e-05
 0.000000e+00   0.000000e+00   9.581850e-04   0.000000e+00   0.000000e+00   4.464358e-04  -4.179778e-04  -1.061345e-03   0.000000e+00
 3.827658e-04   5.793367e-05   0.000000e+00   7.183690e-04   1.047542e-04   0.000000e+00   0.000000e+00   0.000000e+00   1.607395e-03
 5.719107e-05   2.519471e-04   0.000000e+00   1.047542e-04   4.314663e-04   0.000000e+00   0.000000e+00   0.000000e+00   3.533238e-04
 0.000000e+00   0.000000e+00   4.464358e-04   0.000000e+00   0.000000e+00   8.559244e-04  -1.822040e-03  -3.907377e-03   0.000000e+00
 0.000000e+00   0.000000e+00  -4.179778e-04   0.000000e+00   0.000000e+00  -1.822040e-03   4.244087e-02   1.122045e-02   0.000000e+00
 0.000000e+00   0.000000e+00  -1.061345e-03   0.000000e+00   0.000000e+00  -3.907377e-03   1.122045e-02   2.417497e-01   0.000000e+00
 3.622626e-04   7.003383e-05   0.000000e+00   1.607395e-03   3.533238e-04   0.000000e+00   0.000000e+00   0.000000e+00   4.165856e-02

# timestamp: 1774889112.4505324
 9.911264e-04   3.634082e-05   0.000000e+00   4.066270e-04   5.869997e-05   0.000000e+00   0.000000e+00   0.000000e+00   4.171207e-04
 3.634082e-05   9.120907e-04   0.000000e+00   5.771596e-05   2.658326e-04   0.000000e+00   0.000000e+00   0.000000e+00   1.002335e-04
 0.000000e+00   0.000000e+00   1.032054e-03   0.000000e+00   0.000000e+00   4.894259e-04  -4.758512e-04  -1.681199e-03   0.000000e+00
 4.066270e-04   5.771596e-05   0.000000e+00   7.136082e-04   1.051677e-04   0.000000e+00   0.000000e+00   0.000000e+00   1.625650e-03
 5.869997e-05   2.658326e-04   0.000000e+00   1.051677e-04   4.338020e-04   0.000000e+00   0.000000e+00   0.000000e+00   5.266413e-04
 0.000000e+00   0.000000e+00   4.894259e-04   0.000000e+00   0.000000e+00   9.198194e-04  -1.835764e-03  -6.003397e-03   0.000000e+00
 0.000000e+00   0.000000e+00  -4.758512e-04   0.000000e+00   0.000000e+00  -1.835764e-03   4.578022e-02   7.938770e-03   0.000000e+00
 0.000000e+00   0.000000e+00  -1.681199e-03   0.000000e+00   0.000000e+00  -6.003397e-03   7.938770e-03   2.644470e-01   0.000000e+00
 4.171207e-04   1.002335e-04   0.000000e+00   1.625650e-03   5.266413e-04   0.000000e+00   0.000000e+00   0.000000e+00   4.541612e-02

# timestamp: 1774889112.4727378
 1.036384e-03   3.928613e-05   0.000000e+00   4.251888e-04   6.176862e-05   0.000000e+00   0.000000e+00   0.000000e+00   4.578369e-04
 3.928613e-05   9.502090e-04   0.000000e+00   6.053886e-05   2.767169e-04   0.000000e+00   0.000000e+00   0.000000e+00   1.135399e-04
 0.000000e+00   0.000000e+00   1.081553e-03   0.000000e+00   0.000000e+00   5.150984e-04  -5.218137e-04  -1.831311e-03   0.000000e+00
 4.251888e-04   6.053886e-05   0.000000e+00   7.223683e-04   1.078950e-04   0.000000e+00   0.000000e+00   0.000000e+00   1.714661e-03
 6.176862e-05   2.767169e-04   0.000000e+00   1.078950e-04   4.373878e-04   0.000000e+00   0.000000e+00   0.000000e+00   5.745044e-04
 0.000000e+00   0.000000e+00   5.150984e-04   0.000000e+00   0.000000e+00   9.418326e-04  -1.933498e-03  -6.287990e-03   0.000000e+00
 0.000000e+00   0.000000e+00  -5.218137e-04   0.000000e+00   0.000000e+00  -1.933498e-03   4.825145e-02   7.938770e-03   0.000000e+00
 0.000000e+00   0.000000e+00  -1.831311e-03   0.000000e+00   0.000000e+00  -6.287990e-03   7.938770e-03   2.669182e-01   0.000000e+00
 4.578369e-04   1.135399e-04   0.000000e+00   1.714661e-03   5.745044e-04   0.000000e+00   0.000000e+00   0.000000e+00   4.788735e-02

# timestamp: 1774889112.506201
 9.140069e-04   3.039323e-05   0.000000e+00   3.710151e-04   5.196906e-05   0.000000e+00   0.000000e+00   0.000000e+00   2.763692e-04
 3.039323e-05   8.465577e-04   0.000000e+00   5.140183e-05   2.458348e-04   0.000000e+00   0.000000e+00   0.000000e+00   9.600711e-05
 0.000000e+00   0.000000e+00   9.505700e-04   0.000000e+00   0.000000e+00   4.533063e-04  -3.206546e-04  -1.772596e-03   0.000000e+00
 3.710151e-04   5.140183e-05   0.000000e+00   6.883535e-04   9.972060e-05   0.000000e+00   0.000000e+00   0.000000e+00   1.397687e-03
 5.196906e-05   2.458348e-04   0.000000e+00   9.972060e-05   4.270347e-04   0.000000e+00   0.000000e+00   0.000000e+00   5.045271e-04
 0.000000e+00   0.000000e+00   4.533063e-04   0.000000e+00   0.000000e+00   9.135644e-04  -1.567554e-03  -6.551509e-03   0.000000e+00
 0.000000e+00   0.000000e+00  -3.206546e-04   0.000000e+00   0.000000e+00  -1.567554e-03   4.091643e-02   6.175035e-03   0.000000e+00
 0.000000e+00   0.000000e+00  -1.772596e-03   0.000000e+00   0.000000e+00  -6.551509e-03   6.175035e-03   2.702003e-01   0.000000e+00
 2.763692e-04   9.600711e-05   0.000000e+00   1.397687e-03   5.045271e-04   0.000000e+00   0.000000e+00   0.000000e+00   4.069706e-02

# timestamp: 1774889112.8141396
 9.031331e-04   2.715122e-05   0.000000e+00   3.562707e-04   4.763427e-05   0.000000e+00   0.000000e+00   0.000000e+00   1.574636e-04
 2.715122e-05   8.378735e-04   0.000000e+00   4.683213e-05   2.412790e-04   0.000000e+00   0.000000e+00   0.000000e+00   1.081883e-04
 0.000000e+00   0.000000e+00   9.482123e-04   0.000000e+00   0.000000e+00   4.760294e-04  -8.386289e-05  -2.555054e-03   0.000000e+00
 3.562707e-04   4.683213e-05   0.000000e+00   6.551075e-04   9.737429e-05   0.000000e+00   0.000000e+00   0.000000e+00   1.190141e-03
 4.763427e-05   2.412790e-04   0.000000e+00   9.737429e-05   4.275119e-04   0.000000e+00   0.000000e+00   0.000000e+00   6.356304e-04
 0.000000e+00   0.000000e+00   4.760294e-04   0.000000e+00   0.000000e+00   1.020410e-03  -9.327123e-04  -9.219370e-03   0.000000e+00
 0.000000e+00   0.000000e+00  -8.386289e-05   0.000000e+00   0.000000e+00  -9.327123e-04   4.065143e-02  -8.258946e-03   0.000000e+00
 0.000000e+00   0.000000e+00  -2.555054e-03   0.000000e+00   0.000000e+00  -9.219370e-03  -8.258946e-03   2.902632e-01   0.000000e+00
 1.574636e-04   1.081883e-04   0.000000e+00   1.190141e-03   6.356304e-04   0.000000e+00   0.000000e+00   0.000000e+00   4.027781e-02

# timestamp: 1774889112.8318243
 9.375132e-04   2.907407e-05   0.000000e+00   3.696001e-04   4.976501e-05   0.000000e+00   0.000000e+00   0.000000e+00   1.815356e-04
 2.907407e-05   8.675800e-04   0.000000e+00   4.894123e-05   2.499502e-04   0.000000e+00   0.000000e+00   0.000000e+00   1.211291e-04
 0.000000e+00   0.000000e+00   9.875445e-04   0.000000e+00   0.000000e+00   4.993887e-04  -1.027541e-04  -2.740611e-03   0.000000e+00
 3.696001e-04   4.894123e-05   0.000000e+00   6.603409e-04   9.949123e-05   0.000000e+00   0.000000e+00   0.000000e+00   1.245520e-03
 4.976501e-05   2.499502e-04   0.000000e+00   9.949123e-05   4.308448e-04   0.000000e+00   0.000000e+00   0.000000e+00   6.781013e-04
 0.000000e+00   0.000000e+00   4.993887e-04   0.000000e+00   0.000000e+00   1.044061e-03  -9.801587e-04  -9.506015e-03   0.000000e+00
 0.000000e+00   0.000000e+00  -1.027541e-04   0.000000e+00   0.000000e+00  -9.801587e-04   4.264358e-02  -8.258946e-03   0.000000e+00
 0.000000e+00   0.000000e+00  -2.740611e-03   0.000000e+00   0.000000e+00  -9.506015e-03  -8.258946e-03   2.922554e-01   0.000000e+00
 1.815356e-04   1.211291e-04   0.000000e+00   1.245520e-03   6.781013e-04   0.000000e+00   0.000000e+00   0.000000e+00   4.226997e-02

# timestamp: 1774889112.8543348
 9.731541e-04   3.112493e-05   0.000000e+00   3.833476e-04   5.201015e-05   0.000000e+00   0.000000e+00   0.000000e+00   2.072580e-04
 3.112493e-05   8.982584e-04   0.000000e+00   5.115669e-05   2.588839e-04   0.000000e+00   0.000000e+00   0.000000e+00   1.352215e-04
 0.000000e+00   0.000000e+00   1.028662e-03   0.000000e+00   0.000000e+00   5.239473e-04  -1.230259e-04  -2.935890e-03   0.000000e+00
 3.833476e-04   5.115669e-05   0.000000e+00   6.658382e-04   1.017713e-04   0.000000e+00   0.000000e+00   0.000000e+00   1.304786e-03
 5.201015e-05   2.588839e-04   0.000000e+00   1.017713e-04   4.343380e-04   0.000000e+00   0.000000e+00   0.000000e+00   7.235526e-04
 0.000000e+00   0.000000e+00   5.239473e-04   0.000000e+00   0.000000e+00   1.068940e-03  -1.031328e-03  -9.800687e-03   0.000000e+00
 0.000000e+00   0.000000e+00  -1.230259e-04   0.000000e+00   0.000000e+00  -1.031328e-03   4.467691e-02  -8.258946e-03   0.000000e+00
 0.000000e+00   0.000000e+00  -2.935890e-03   0.000000e+00   0.000000e+00  -9.800687e-03  -8.258946e-03   2.942887e-01   0.000000e+00
 2.072580e-04   1.352215e-04   0.000000e+00   1.304786e-03   7.235526e-04   0.000000e+00   0.000000e+00   0.000000e+00   4.430329e-02

# timestamp: 1774889112.8690536
 9.951850e-04   3.242185e-05   0.000000e+00   3.918118e-04   5.341730e-05   0.000000e+00   0.000000e+00   0.000000e+00   2.235677e-04
 3.242185e-05   9.171636e-04   0.000000e+00   5.254203e-05   2.643794e-04   0.000000e+00   0.000000e+00   0.000000e+00   1.442903e-04
 0.000000e+00   0.000000e+00   1.054257e-03   0.000000e+00   0.000000e+00   5.393052e-04  -1.359263e-04  -3.058090e-03   0.000000e+00
 3.918118e-04   5.254203e-05   0.000000e+00   6.692742e-04   1.032248e-04   0.000000e+00   0.000000e+00   0.000000e+00   1.342294e-03
 5.341730e-05   2.643794e-04   0.000000e+00   1.032248e-04   4.365177e-04   0.000000e+00   0.000000e+00   0.000000e+00   7.523182e-04
 0.000000e+00   0.000000e+00   5.393052e-04   0.000000e+00   0.000000e+00   1.084499e-03  -1.063894e-03  -9.981576e-03   0.000000e+00
 0.000000e+00   0.000000e+00  -1.359263e-04   0.000000e+00   0.000000e+00  -1.063894e-03   4.591805e-02  -8.258946e-03   0.000000e+00
 0.000000e+00   0.000000e+00  -3.058090e-03   0.000000e+00   0.000000e+00  -9.981576e-03  -8.258946e-03   2.955298e-01   0.000000e+00
 2.235677e-04   1.442903e-04   0.000000e+00   1.342294e-03   7.523182e-04   0.000000e+00   0.000000e+00   0.000000e+00   4.554443e-02

# timestamp: 1774889112.89386
 8.752575e-04   2.513363e-05   0.000000e+00   3.431861e-04   4.553653e-05   0.000000e+00   0.000000e+00   0.000000e+00   1.778861e-04
 2.513363e-05   8.145915e-04   0.000000e+00   4.465815e-05   2.344994e-04   0.000000e+00   0.000000e+00   0.000000e+00   1.132383e-04
 0.000000e+00   0.000000e+00   9.222704e-04   0.000000e+00   0.000000e+00   4.737963e-04  -5.439799e-05  -2.748116e-03   0.000000e+00
 3.431861e-04   4.465815e-05   0.000000e+00   6.421211e-04   9.579419e-05   0.000000e+00   0.000000e+00   0.000000e+00   1.128160e-03
 4.553653e-05   2.344994e-04   0.000000e+00   9.579419e-05   4.263063e-04   0.000000e+00   0.000000e+00   0.000000e+00   6.486029e-04
 0.000000e+00   0.000000e+00   4.737963e-04   0.000000e+00   0.000000e+00   1.049845e-03  -6.910901e-04  -9.886375e-03   0.000000e+00
 0.000000e+00   0.000000e+00  -5.439799e-05   0.000000e+00   0.000000e+00  -6.910901e-04   3.985026e-02  -1.296412e-02   0.000000e+00
 0.000000e+00   0.000000e+00  -2.748116e-03   0.000000e+00   0.000000e+00  -9.886375e-03  -1.296412e-02   2.942706e-01   0.000000e+00
 1.778861e-04   1.132383e-04   0.000000e+00   1.128160e-03   6.486029e-04   0.000000e+00   0.000000e+00   0.000000e+00   3.909374e-02

# timestamp: 1774889113.1216805
 9.235133e-04   2.696886e-05   0.000000e+00   3.554166e-04   4.781281e-05   0.000000e+00   0.000000e+00   0.000000e+00   1.913132e-04
 2.696886e-05   8.591147e-04   0.000000e+00   4.740264e-05   2.482201e-04   0.000000e+00   0.000000e+00   0.000000e+00   1.652978e-04
 0.000000e+00   0.000000e+00   9.997910e-04   0.000000e+00   0.000000e+00   5.606398e-04   9.391645e-05  -3.947939e-03   0.000000e+00
 3.554166e-04   4.740264e-05   0.000000e+00   6.312182e-04   9.978879e-05   0.000000e+00   0.000000e+00   0.000000e+00   1.144817e-03
 4.781281e-05   2.482201e-04   0.000000e+00   9.978879e-05   4.358144e-04   0.000000e+00   0.000000e+00   0.000000e+00   8.011547e-04
 0.000000e+00   0.000000e+00   5.606398e-04   0.000000e+00   0.000000e+00   1.220107e-03  -2.636857e-04  -1.238488e-02   0.000000e+00
 0.000000e+00   0.000000e+00   9.391645e-05   0.000000e+00   0.000000e+00  -2.636857e-04   4.382488e-02  -2.115320e-02   0.000000e+00
 0.000000e+00   0.000000e+00  -3.947939e-03   0.000000e+00   0.000000e+00  -1.238488e-02  -2.115320e-02   3.098042e-01   0.000000e+00
 1.913132e-04   1.652978e-04   0.000000e+00   1.144817e-03   8.011547e-04   0.000000e+00   0.000000e+00   0.000000e+00   4.208925e-02

# timestamp: 1774889113.1534517
 9.715642e-04   2.969984e-05   0.000000e+00   3.734279e-04   5.097025e-05   0.000000e+00   0.000000e+00   0.000000e+00   2.239309e-04
 2.969984e-05   9.010536e-04   0.000000e+00   5.052947e-05   2.607062e-04   0.000000e+00   0.000000e+00   0.000000e+00   1.883076e-04
 0.000000e+00   0.000000e+00   1.059841e-03   0.000000e+00   0.000000e+00   6.017472e-04   8.612097e-05  -4.297125e-03   0.000000e+00
 3.734279e-04   5.052947e-05   0.000000e+00   6.381890e-04   1.032207e-04   0.000000e+00   0.000000e+00   0.000000e+00   1.222442e-03
 5.097025e-05   2.607062e-04   0.000000e+00   1.032207e-04   4.413520e-04   0.000000e+00   0.000000e+00   0.000000e+00   8.733751e-04
 0.000000e+00   0.000000e+00   6.017472e-04   0.000000e+00   0.000000e+00   1.265499e-03  -3.095286e-04  -1.286077e-02   0.000000e+00
 0.000000e+00   0.000000e+00   8.612097e-05   0.000000e+00   0.000000e+00  -3.095286e-04   4.660446e-02  -2.115320e-02   0.000000e+00
 0.000000e+00   0.000000e+00  -4.297125e-03   0.000000e+00   0.000000e+00  -1.286077e-02  -2.115320e-02   3.125838e-01   0.000000e+00
 2.239309e-04   1.883076e-04   0.000000e+00   1.222442e-03   8.733751e-04   0.000000e+00   0.000000e+00   0.000000e+00   4.486883e-02

# timestamp: 1774889113.1730807
 1.004826e-03   3.165920e-05   0.000000e+00   3.858260e-04   5.320587e-05   0.000000e+00   0.000000e+00   0.000000e+00   2.473916e-04
 3.165920e-05   9.299815e-04   0.000000e+00   5.273694e-05   2.693113e-04   0.000000e+00   0.000000e+00   0.000000e+00   2.051440e-04
 0.000000e+00   0.000000e+00   1.102021e-03   0.000000e+00   0.000000e+00   6.307872e-04   8.005772e-05  -4.542347e-03   0.000000e+00
 3.858260e-04   5.273694e-05   0.000000e+00   6.430919e-04   1.057051e-04   0.000000e+00   0.000000e+00   0.000000e+00   1.278018e-03
 5.320587e-05   2.693113e-04   0.000000e+00   1.057051e-04   4.452584e-04   0.000000e+00   0.000000e+00   0.000000e+00   9.250823e-04
 0.000000e+00   0.000000e+00   6.307872e-04   0.000000e+00   0.000000e+00   1.297372e-03  -3.434856e-04  -1.318708e-02   0.000000e+00
 0.000000e+00   0.000000e+00   8.005772e-05   0.000000e+00   0.000000e+00  -3.434856e-04   4.849527e-02  -2.115320e-02   0.000000e+00
 0.000000e+00   0.000000e+00  -4.542347e-03   0.000000e+00   0.000000e+00  -1.318708e-02  -2.115320e-02   3.144746e-01   0.000000e+00
 2.473916e-04   2.051440e-04   0.000000e+00   1.278018e-03   9.250823e-04   0.000000e+00   0.000000e+00   0.000000e+00   4.675963e-02

# timestamp: 1774889113.2047746
 8.891335e-04   2.485415e-05   0.000000e+00   3.392075e-04   4.543113e-05   0.000000e+00   0.000000e+00   0.000000e+00   1.651015e-04
 2.485415e-05   8.305322e-04   0.000000e+00   4.539020e-05   2.402649e-04   0.000000e+00   0.000000e+00   0.000000e+00   1.665819e-04
 0.000000e+00   0.000000e+00   9.704894e-04   0.000000e+00   0.000000e+00   5.633513e-04   2.066285e-04  -4.177525e-03   0.000000e+00
 3.392075e-04   4.539020e-05   0.000000e+00   6.177748e-04   9.854636e-05   0.000000e+00   0.000000e+00   0.000000e+00   1.068669e-03
 4.543113e-05   2.402649e-04   0.000000e+00   9.854636e-05   4.352075e-04   0.000000e+00   0.000000e+00   0.000000e+00   8.025696e-04
 0.000000e+00   0.000000e+00   5.633513e-04   0.000000e+00   0.000000e+00   1.268893e-03   8.113583e-05  -1.311465e-02   0.000000e+00
 0.000000e+00   0.000000e+00   2.066285e-04   0.000000e+00   0.000000e+00   8.113583e-05   4.270668e-02  -2.630609e-02   0.000000e+00
 0.000000e+00   0.000000e+00  -4.177525e-03   0.000000e+00   0.000000e+00  -1.311465e-02  -2.630609e-02   3.124223e-01   0.000000e+00
 1.651015e-04   1.665819e-04   0.000000e+00   1.068669e-03   8.025696e-04   0.000000e+00   0.000000e+00   0.000000e+00   4.009845e-02

# timestamp: 1774889113.4469776
 9.430654e-04   2.750651e-05   0.000000e+00   3.519120e-04   4.823397e-05   0.000000e+00   0.000000e+00   0.000000e+00   1.237298e-04
 2.750651e-05   8.813717e-04   0.000000e+00   4.910541e-05   2.567724e-04   0.000000e+00   0.000000e+00   0.000000e+00   1.958840e-04
 0.000000e+00   0.000000e+00   1.071036e-03   0.000000e+00   0.000000e+00   6.831561e-04   4.521291e-04  -5.476147e-03   0.000000e+00
 3.519120e-04   4.910541e-05   0.000000e+00   6.095492e-04   1.042180e-04   0.000000e+00   0.000000e+00   0.000000e+00   1.104340e-03
 4.823397e-05   2.567724e-04   0.000000e+00   1.042180e-04   4.480331e-04   0.000000e+00   0.000000e+00   0.000000e+00   9.415840e-04
 0.000000e+00   0.000000e+00   6.831561e-04   0.000000e+00   0.000000e+00   1.499078e-03   5.115683e-04  -1.569074e-02   0.000000e+00
 0.000000e+00   0.000000e+00   4.521291e-04   0.000000e+00   0.000000e+00   5.115683e-04   4.681110e-02  -3.133241e-02   0.000000e+00
 0.000000e+00   0.000000e+00  -5.476147e-03   0.000000e+00   0.000000e+00  -1.569074e-02  -3.133241e-02   3.248571e-01   0.000000e+00
 1.237298e-04   1.958840e-04   0.000000e+00   1.104340e-03   9.415840e-04   0.000000e+00   0.000000e+00   0.000000e+00   4.329169e-02

# timestamp: 1774889113.4876144
 9.330801e-04   3.048586e-05   0.000000e+00   3.626913e-04   6.192677e-05   0.000000e+00   0.000000e+00   0.000000e+00   7.702879e-04
 3.048586e-05   8.623623e-04   0.000000e+00   5.125430e-05   2.531529e-04   0.000000e+00   0.000000e+00   0.000000e+00   2.693224e-04
 0.000000e+00   0.000000e+00   1.062942e-03   0.000000e+00   0.000000e+00   7.048132e-04  -2.805679e-04  -5.574134e-03   0.000000e+00
 3.626913e-04   5.125430e-05   0.000000e+00   6.168195e-04   1.102978e-04   0.000000e+00   0.000000e+00   0.000000e+00   1.325640e-03
 6.192677e-05   2.531529e-04   0.000000e+00   1.102978e-04   4.492678e-04   0.000000e+00   0.000000e+00   0.000000e+00   9.817372e-04
 0.000000e+00   0.000000e+00   7.048132e-04   0.000000e+00   0.000000e+00   1.548840e-03   9.350080e-05  -1.609962e-02   0.000000e+00
 0.000000e+00   0.000000e+00  -2.805679e-04   0.000000e+00   0.000000e+00   9.350080e-05   4.524928e-02  -2.751037e-02   0.000000e+00
 0.000000e+00   0.000000e+00  -5.574134e-03   0.000000e+00   0.000000e+00  -1.609962e-02  -2.751037e-02   3.261000e-01   0.000000e+00
 7.702879e-04   2.693224e-04   0.000000e+00   1.325640e-03   9.817372e-04   0.000000e+00   0.000000e+00   0.000000e+00   4.252645e-02

# timestamp: 1774889113.511
 8.847497e-04   2.422162e-05   0.000000e+00   3.276452e-04   4.445226e-05   0.000000e+00   0.000000e+00   0.000000e+00   8.433267e-05
 2.422162e-05   8.312143e-04   0.000000e+00   4.536907e-05   2.421912e-04   0.000000e+00   0.000000e+00   0.000000e+00   1.692244e-04
 0.000000e+00   0.000000e+00   1.006007e-03   0.000000e+00   0.000000e+00   6.573963e-04   4.838072e-04  -5.338182e-03   0.000000e+00
 3.276452e-04   4.536907e-05   0.000000e+00   5.943192e-04   1.009201e-04   0.000000e+00   0.000000e+00   0.000000e+00   9.998329e-04
 4.445226e-05   2.421912e-04   0.000000e+00   1.009201e-04   4.438786e-04   0.000000e+00   0.000000e+00   0.000000e+00   8.754961e-04
 0.000000e+00   0.000000e+00   6.573963e-04   0.000000e+00   0.000000e+00   1.523283e-03   6.709072e-04  -1.603338e-02   0.000000e+00
 0.000000e+00   0.000000e+00   4.838072e-04   0.000000e+00   0.000000e+00   6.709072e-04   4.351044e-02  -3.170320e-02   0.000000e+00
 0.000000e+00   0.000000e+00  -5.338182e-03   0.000000e+00   0.000000e+00  -1.603338e-02  -3.170320e-02   3.251012e-01   0.000000e+00
 8.433267e-05   1.692244e-04   0.000000e+00   9.998329e-04   8.754961e-04   0.000000e+00   0.000000e+00   0.000000e+00   3.996046e-02

# timestamp: 1774889113.538591
 9.318744e-04   2.683858e-05   0.000000e+00   3.446609e-04   4.750044e-05   0.000000e+00   0.000000e+00   0.000000e+00   1.132721e-04
 2.683858e-05   8.734058e-04   0.000000e+00   4.857264e-05   2.550880e-04   0.000000e+00   0.000000e+00   0.000000e+00   1.946171e-04
 0.000000e+00   0.000000e+00   1.072635e-03   0.000000e+00   0.000000e+00   7.093740e-04   5.024397e-04  -5.795140e-03   0.000000e+00
 3.446609e-04   4.857264e-05   0.000000e+00   6.007796e-04   1.042383e-04   0.000000e+00   0.000000e+00   0.000000e+00   1.073169e-03
 4.750044e-05   2.550880e-04   0.000000e+00   1.042383e-04   4.497157e-04   0.000000e+00   0.000000e+00   0.000000e+00   9.447259e-04
 0.000000e+00   0.000000e+00   7.093740e-04   0.000000e+00   0.000000e+00   1.577801e-03   6.439347e-04  -1.652000e-02   0.000000e+00
 0.000000e+00   0.000000e+00   5.024397e-04   0.000000e+00   0.000000e+00   6.439347e-04   4.632852e-02  -3.170320e-02   0.000000e+00
 0.000000e+00   0.000000e+00  -5.795140e-03   0.000000e+00   0.000000e+00  -1.652000e-02  -3.170320e-02   3.279193e-01   0.000000e+00
 1.132721e-04   1.946171e-04   0.000000e+00   1.073169e-03   9.447259e-04   0.000000e+00   0.000000e+00   0.000000e+00   4.277854e-02

# timestamp: 1774889113.7816284
 1.006589e-03   3.151358e-05   0.000000e+00   3.652568e-04   5.331021e-05   0.000000e+00   0.000000e+00   0.000000e+00   1.723195e-04
 3.151358e-05   9.453554e-04   0.000000e+00   5.476142e-05   2.794299e-04   0.000000e+00   0.000000e+00   0.000000e+00   2.558358e-04
 0.000000e+00   0.000000e+00   1.229048e-03   0.000000e+00   0.000000e+00   8.902137e-04   7.196516e-04  -7.433842e-03   0.000000e+00
 3.652568e-04   5.476142e-05   0.000000e+00   5.969552e-04   1.120309e-04   0.000000e+00   0.000000e+00   0.000000e+00   1.162783e-03
 5.331021e-05   2.794299e-04   0.000000e+00   1.120309e-04   4.673172e-04   0.000000e+00   0.000000e+00   0.000000e+00   1.129608e-03
 0.000000e+00   0.000000e+00   8.902137e-04   0.000000e+00   0.000000e+00   1.868804e-03   1.069870e-03  -1.906038e-02   0.000000e+00
 0.000000e+00   0.000000e+00   7.196516e-04   0.000000e+00   0.000000e+00   1.069870e-03   5.193810e-02  -3.619903e-02   0.000000e+00
 0.000000e+00   0.000000e+00  -7.433842e-03   0.000000e+00   0.000000e+00  -1.906038e-02  -3.619903e-02   3.358170e-01   0.000000e+00
 1.723195e-04   2.558358e-04   0.000000e+00   1.162783e-03   1.129608e-03   0.000000e+00   0.000000e+00   0.000000e+00   4.736808e-02

# timestamp: 1774889113.845626
 9.344773e-04   2.736949e-05   0.000000e+00   3.374923e-04   4.906127e-05   0.000000e+00   0.000000e+00   0.000000e+00   1.693006e-04
 2.736949e-05   8.829019e-04   0.000000e+00   5.012470e-05   2.612735e-04   0.000000e+00   0.000000e+00   0.000000e+00   2.250419e-04
 0.000000e+00   0.000000e+00   1.135621e-03   0.000000e+00   0.000000e+00   8.368692e-04   7.409600e-04  -7.005603e-03   0.000000e+00
 3.374923e-04   5.012470e-05   0.000000e+00   5.809382e-04   1.074264e-04   0.000000e+00   0.000000e+00   0.000000e+00   1.049758e-03
 4.906127e-05   2.612735e-04   0.000000e+00   1.074264e-04   4.610939e-04   0.000000e+00   0.000000e+00   0.000000e+00   1.033689e-03
 0.000000e+00   0.000000e+00   8.368692e-04   0.000000e+00   0.000000e+00   1.853114e-03   1.353300e-03  -1.888604e-02   0.000000e+00
 0.000000e+00   0.000000e+00   7.409600e-04   0.000000e+00   0.000000e+00   1.353300e-03   4.877464e-02  -3.915530e-02   0.000000e+00
 0.000000e+00   0.000000e+00  -7.005603e-03   0.000000e+00   0.000000e+00  -1.888604e-02  -3.915530e-02   3.312246e-01   0.000000e+00
 1.693006e-04   2.250419e-04   0.000000e+00   1.049758e-03   1.033689e-03   0.000000e+00   0.000000e+00   0.000000e+00   4.341523e-02

# timestamp: 1774889114.1049883
 8.318311e-04   2.197281e-05   0.000000e+00   2.936264e-04   4.267425e-05   0.000000e+00   0.000000e+00   0.000000e+00   7.601716e-05
 2.197281e-05   7.948348e-04   0.000000e+00   4.377008e-05   2.365021e-04   0.000000e+00   0.000000e+00   0.000000e+00   1.705928e-04
 0.000000e+00   0.000000e+00   1.019860e-03   0.000000e+00   0.000000e+00   7.942207e-04   6.780082e-04  -6.572541e-03   0.000000e+00
 2.936264e-04   4.377008e-05   0.000000e+00   5.485912e-04   1.007271e-04   0.000000e+00   0.000000e+00   0.000000e+00   8.357344e-04
 4.267425e-05   2.365021e-04   0.000000e+00   1.007271e-04   4.553645e-04   0.000000e+00   0.000000e+00   0.000000e+00   8.863000e-04
 0.000000e+00   0.000000e+00   7.942207e-04   0.000000e+00   0.000000e+00   1.916451e-03   1.299440e-03  -1.909627e-02   0.000000e+00
 0.000000e+00   0.000000e+00   6.780082e-04   0.000000e+00   0.000000e+00   1.299440e-03   4.132875e-02  -3.261538e-02   0.000000e+00
 0.000000e+00   0.000000e+00  -6.572541e-03   0.000000e+00   0.000000e+00  -1.909627e-02  -3.261538e-02   3.202216e-01   0.000000e+00
 7.601716e-05   1.705928e-04   0.000000e+00   8.357344e-04   8.863000e-04   0.000000e+00   0.000000e+00   0.000000e+00   3.749588e-02

# timestamp: 1774889114.1354215
 9.021938e-04   2.594722e-05   0.000000e+00   3.180070e-04   4.734906e-05   0.000000e+00   0.000000e+00   0.000000e+00   1.135090e-04
 2.594722e-05   8.600357e-04   0.000000e+00   4.867430e-05   2.570223e-04   0.000000e+00   0.000000e+00   0.000000e+00   2.102636e-04
 0.000000e+00   0.000000e+00   1.136860e-03   0.000000e+00   0.000000e+00   8.934141e-04   7.344335e-04  -7.413301e-03   0.000000e+00
 3.180070e-04   4.867430e-05   0.000000e+00   5.570381e-04   1.048624e-04   0.000000e+00   0.000000e+00   0.000000e+00   9.300360e-04
 4.734906e-05   2.570223e-04   0.000000e+00   1.048624e-04   4.639145e-04   0.000000e+00   0.000000e+00   0.000000e+00   9.778774e-04
 0.000000e+00   0.000000e+00   8.934141e-04   0.000000e+00   0.000000e+00   2.002075e-03   1.269495e-03  -1.974713e-02   0.000000e+00
 0.000000e+00   0.000000e+00   7.344335e-04   0.000000e+00   0.000000e+00   1.269495e-03   4.569513e-02  -3.261538e-02   0.000000e+00
 0.000000e+00   0.000000e+00  -7.413301e-03   0.000000e+00   0.000000e+00  -1.974713e-02  -3.261538e-02   3.245880e-01   0.000000e+00
 1.135090e-04   2.102636e-04   0.000000e+00   9.300360e-04   9.778774e-04   0.000000e+00   0.000000e+00   0.000000e+00   4.186226e-02

# timestamp: 1774889114.174036
 8.179442e-04   2.143679e-05   0.000000e+00   2.869182e-04   4.213899e-05   0.000000e+00   0.000000e+00   0.000000e+00   1.042052e-04
 2.143679e-05   7.840202e-04   0.000000e+00   4.318037e-05   2.340033e-04   0.000000e+00   0.000000e+00   0.000000e+00   1.717214e-04
 0.000000e+00   0.000000e+00   1.010461e-03   0.000000e+00   0.000000e+00   7.973405e-04   4.938349e-04  -6.555777e-03   0.000000e+00
 2.869182e-04   4.318037e-05   0.000000e+00   5.414669e-04   9.934312e-05   0.000000e+00   0.000000e+00   0.000000e+00   8.167964e-04
 4.213899e-05   2.340033e-04   0.000000e+00   9.934312e-05   4.547261e-04   0.000000e+00   0.000000e+00   0.000000e+00   8.507226e-04
 0.000000e+00   0.000000e+00   7.973405e-04   0.000000e+00   0.000000e+00   1.929114e-03   8.614164e-04  -1.895281e-02   0.000000e+00
 0.000000e+00   0.000000e+00   4.938349e-04   0.000000e+00   0.000000e+00   8.614164e-04   3.925826e-02  -2.468337e-02   0.000000e+00
 0.000000e+00   0.000000e+00  -6.555777e-03   0.000000e+00   0.000000e+00  -1.895281e-02  -2.468337e-02   3.137570e-01   0.000000e+00
 1.042052e-04   1.717214e-04   0.000000e+00   8.167964e-04   8.507226e-04   0.000000e+00   0.000000e+00   0.000000e+00   3.692753e-02

# timestamp: 1774889114.4522622
 9.349683e-04   2.843408e-05   0.000000e+00   3.224712e-04   4.971746e-05   0.000000e+00   0.000000e+00   0.000000e+00   1.559807e-04
 2.843408e-05   8.972827e-04   0.000000e+00   5.120600e-05   2.705223e-04   0.000000e+00   0.000000e+00   0.000000e+00   2.280224e-04
 0.000000e+00   0.000000e+00   1.232974e-03   0.000000e+00   0.000000e+00   9.886749e-04   2.295792e-04  -7.995384e-03   0.000000e+00
 3.224712e-04   5.120600e-05   0.000000e+00   5.440183e-04   1.026483e-04   0.000000e+00   0.000000e+00   0.000000e+00   9.384199e-04
 4.971746e-05   2.705223e-04   0.000000e+00   1.026483e-04   4.675109e-04   0.000000e+00   0.000000e+00   0.000000e+00   9.268606e-04
 0.000000e+00   0.000000e+00   9.886749e-04   0.000000e+00   0.000000e+00   2.065646e-03  -5.372989e-05  -1.942165e-02   0.000000e+00
 0.000000e+00   0.000000e+00   2.295792e-04   0.000000e+00   0.000000e+00  -5.372989e-05   4.523420e-02  -1.108510e-02   0.000000e+00
 0.000000e+00   0.000000e+00  -7.995384e-03   0.000000e+00   0.000000e+00  -1.942165e-02  -1.108510e-02   3.087993e-01   0.000000e+00
 1.559807e-04   2.280224e-04   0.000000e+00   9.384199e-04   9.268606e-04   0.000000e+00   0.000000e+00   0.000000e+00   4.457986e-02

# timestamp: 1774889114.4734988
 9.631691e-04   3.018577e-05   0.000000e+00   3.319162e-04   5.159862e-05   0.000000e+00   0.000000e+00   0.000000e+00   1.721419e-04
 3.018577e-05   9.236904e-04   0.000000e+00   5.316560e-05   2.786980e-04   0.000000e+00   0.000000e+00   0.000000e+00   2.439664e-04
 0.000000e+00   0.000000e+00   1.284380e-03   0.000000e+00   0.000000e+00   1.029968e-03   2.285320e-04  -8.327405e-03   0.000000e+00
 3.319162e-04   5.316560e-05   0.000000e+00   5.473466e-04   1.041603e-04   0.000000e+00   0.000000e+00   0.000000e+00   9.772894e-04
 5.159862e-05   2.786980e-04   0.000000e+00   1.041603e-04   4.706189e-04   0.000000e+00   0.000000e+00   0.000000e+00   9.609530e-04
 0.000000e+00   0.000000e+00   1.029968e-03   0.000000e+00   0.000000e+00   2.096510e-03  -8.491313e-05  -1.964278e-02   0.000000e+00
 0.000000e+00   0.000000e+00   2.285320e-04   0.000000e+00   0.000000e+00  -8.491313e-05   4.693890e-02  -1.108510e-02   0.000000e+00
 0.000000e+00   0.000000e+00  -8.327405e-03   0.000000e+00   0.000000e+00  -1.964278e-02  -1.108510e-02   3.105040e-01   0.000000e+00
 1.721419e-04   2.439664e-04   0.000000e+00   9.772894e-04   9.609530e-04   0.000000e+00   0.000000e+00   0.000000e+00   4.628455e-02

# timestamp: 1774889114.5171585
 8.793204e-04   2.524920e-05   0.000000e+00   3.016895e-04   4.607417e-05   0.000000e+00   0.000000e+00   0.000000e+00   1.501683e-04
 2.524920e-05   8.472503e-04   0.000000e+00   4.734399e-05   2.552778e-04   0.000000e+00   0.000000e+00   0.000000e+00   1.983146e-04
 0.000000e+00   0.000000e+00   1.144473e-03   0.000000e+00   0.000000e+00   9.186313e-04   5.452647e-05  -7.384460e-03   0.000000e+00
 3.016895e-04   4.734399e-05   0.000000e+00   5.323823e-04   9.819310e-05   0.000000e+00   0.000000e+00   0.000000e+00   8.583936e-04
 4.607417e-05   2.552778e-04   0.000000e+00   9.819310e-05   4.607373e-04   0.000000e+00   0.000000e+00   0.000000e+00   8.314639e-04
 0.000000e+00   0.000000e+00   9.186313e-04   0.000000e+00   0.000000e+00   1.999672e-03  -3.840440e-04  -1.872085e-02   0.000000e+00
 0.000000e+00   0.000000e+00   5.452647e-05   0.000000e+00   0.000000e+00  -3.840440e-04   4.154191e-02  -5.171276e-03   0.000000e+00
 0.000000e+00   0.000000e+00  -7.384460e-03   0.000000e+00   0.000000e+00  -1.872085e-02  -5.171276e-03   3.007085e-01   0.000000e+00
 1.501683e-04   1.983146e-04   0.000000e+00   8.583936e-04   8.314639e-04   0.000000e+00   0.000000e+00   0.000000e+00   4.125719e-02

# timestamp: 1774889114.7497368
 9.320145e-04   2.847804e-05   0.000000e+00   3.151006e-04   4.911720e-05   0.000000e+00   0.000000e+00   0.000000e+00   2.046560e-04
 2.847804e-05   9.010890e-04   0.000000e+00   5.032248e-05   2.719558e-04   0.000000e+00   0.000000e+00   0.000000e+00   2.187364e-04
 0.000000e+00   0.000000e+00   1.257224e-03   0.000000e+00   0.000000e+00   1.007203e-03  -1.890724e-04  -8.034817e-03   0.000000e+00
 3.151006e-04   5.032248e-05   0.000000e+00   5.287124e-04   9.718465e-05   0.000000e+00   0.000000e+00   0.000000e+00   9.106059e-04
 4.911720e-05   2.719558e-04   0.000000e+00   9.718465e-05   4.641972e-04   0.000000e+00   0.000000e+00   0.000000e+00   8.354370e-04
 0.000000e+00   0.000000e+00   1.007203e-03   0.000000e+00   0.000000e+00   2.032054e-03  -9.085231e-04  -1.863601e-02   0.000000e+00
 0.000000e+00   0.000000e+00  -1.890724e-04   0.000000e+00   0.000000e+00  -9.085231e-04   4.474033e-02   1.475246e-03   0.000000e+00
 0.000000e+00   0.000000e+00  -8.034817e-03   0.000000e+00   0.000000e+00  -1.863601e-02   1.475246e-03   2.981521e-01   0.000000e+00
 2.046560e-04   2.187364e-04   0.000000e+00   9.106059e-04   8.354370e-04   0.000000e+00   0.000000e+00   0.000000e+00   4.461543e-02

# timestamp: 1774889114.7819622
 9.725227e-04   3.099230e-05   0.000000e+00   3.284496e-04   5.175237e-05   0.000000e+00   0.000000e+00   0.000000e+00   2.275394e-04
 3.099230e-05   9.394308e-04   0.000000e+00   5.300750e-05   2.836892e-04   0.000000e+00   0.000000e+00   0.000000e+00   2.397080e-04
 0.000000e+00   0.000000e+00   1.332904e-03   0.000000e+00   0.000000e+00   1.066395e-03  -2.119180e-04  -8.496664e-03   0.000000e+00
 3.284496e-04   5.300750e-05   0.000000e+00   5.333834e-04   9.914979e-05   0.000000e+00   0.000000e+00   0.000000e+00   9.650359e-04
 5.175237e-05   2.836892e-04   0.000000e+00   9.914979e-05   4.684110e-04   0.000000e+00   0.000000e+00   0.000000e+00   8.825483e-04
 0.000000e+00   0.000000e+00   1.066395e-03   0.000000e+00   0.000000e+00   2.074988e-03  -9.646022e-04  -1.894304e-02   0.000000e+00
 0.000000e+00   0.000000e+00  -2.119180e-04   0.000000e+00   0.000000e+00  -9.646022e-04   4.720518e-02   1.475246e-03   0.000000e+00
 0.000000e+00   0.000000e+00  -8.496664e-03   0.000000e+00   0.000000e+00  -1.894304e-02   1.475246e-03   3.006169e-01   0.000000e+00
 2.275394e-04   2.397080e-04   0.000000e+00   9.650359e-04   8.825483e-04   0.000000e+00   0.000000e+00   0.000000e+00   4.708028e-02

# timestamp: 1774889114.8311348
 9.120055e-04   2.696010e-05   0.000000e+00   3.052715e-04   4.659051e-05   0.000000e+00   0.000000e+00   0.000000e+00   9.227649e-05
 2.696010e-05   8.831750e-04   0.000000e+00   4.808616e-05   2.658727e-04   0.000000e+00   0.000000e+00   0.000000e+00   1.856136e-04
 0.000000e+00   0.000000e+00   1.218095e-03   0.000000e+00   0.000000e+00   9.638126e-04  -9.563506e-06  -7.609876e-03   0.000000e+00
 3.052715e-04   4.808616e-05   0.000000e+00   5.208453e-04   9.396452e-05   0.000000e+00   0.000000e+00   0.000000e+00   8.346456e-04
 4.659051e-05   2.658727e-04   0.000000e+00   9.396452e-05   4.606999e-04   0.000000e+00   0.000000e+00   0.000000e+00   7.830977e-04
 0.000000e+00   0.000000e+00   9.638126e-04   0.000000e+00   0.000000e+00   1.970042e-03  -6.769284e-04  -1.800607e-02   0.000000e+00
 0.000000e+00   0.000000e+00  -9.563506e-06   0.000000e+00   0.000000e+00  -6.769284e-04   4.317905e-02  -1.001013e-03   0.000000e+00
 0.000000e+00   0.000000e+00  -7.609876e-03   0.000000e+00   0.000000e+00  -1.800607e-02  -1.001013e-03   2.931299e-01   0.000000e+00
 9.227649e-05   1.856136e-04   0.000000e+00   8.346456e-04   7.830977e-04   0.000000e+00   0.000000e+00   0.000000e+00   4.307287e-02

# timestamp: 1774889115.111116
 8.537198e-04   2.348654e-05   0.000000e+00   2.812507e-04   4.227276e-05   0.000000e+00   0.000000e+00   0.000000e+00   1.535242e-04
 2.348654e-05   8.323983e-04   0.000000e+00   4.326729e-05   2.500305e-04   0.000000e+00   0.000000e+00   0.000000e+00   1.650094e-04
 0.000000e+00   0.000000e+00   1.124460e-03   0.000000e+00   0.000000e+00   8.746877e-04   1.062702e-04  -6.885462e-03   0.000000e+00
 2.812507e-04   4.326729e-05   0.000000e+00   5.027818e-04   8.706133e-05   0.000000e+00   0.000000e+00   0.000000e+00   7.791689e-04
 4.227276e-05   2.500305e-04   0.000000e+00   8.706133e-05   4.522496e-04   0.000000e+00   0.000000e+00   0.000000e+00   7.018272e-04
 0.000000e+00   0.000000e+00   8.746877e-04   0.000000e+00   0.000000e+00   1.834239e-03  -1.702758e-04  -1.671695e-02   0.000000e+00
 0.000000e+00   0.000000e+00   1.062702e-04   0.000000e+00   0.000000e+00  -1.702758e-04   4.038801e-02  -9.357855e-03   0.000000e+00
 0.000000e+00   0.000000e+00  -6.885462e-03   0.000000e+00   0.000000e+00  -1.671695e-02  -9.357855e-03   2.842567e-01   0.000000e+00
 1.535242e-04   1.650094e-04   0.000000e+00   7.791689e-04   7.018272e-04   0.000000e+00   0.000000e+00   0.000000e+00   3.995506e-02

# timestamp: 1774889115.1433322
 9.135561e-04   2.685561e-05   0.000000e+00   3.007109e-04   4.587296e-05   0.000000e+00   0.000000e+00   0.000000e+00   1.840316e-04
 2.685561e-05   8.897996e-04   0.000000e+00   4.692379e-05   2.675467e-04   0.000000e+00   0.000000e+00   0.000000e+00   1.924612e-04
 0.000000e+00   0.000000e+00   1.231410e-03   0.000000e+00   0.000000e+00   9.561870e-04   9.898801e-05  -7.523793e-03   0.000000e+00
 3.007109e-04   4.692379e-05   0.000000e+00   5.095038e-04   8.966810e-05   0.000000e+00   0.000000e+00   0.000000e+00   8.553835e-04
 4.587296e-05   2.675467e-04   0.000000e+00   8.966810e-05   4.583438e-04   0.000000e+00   0.000000e+00   0.000000e+00   7.684567e-04
 0.000000e+00   0.000000e+00   9.561870e-04   0.000000e+00   0.000000e+00   1.892018e-03  -2.325494e-04  -1.715103e-02   0.000000e+00
 0.000000e+00   0.000000e+00   9.898801e-05   0.000000e+00   0.000000e+00  -2.325494e-04   4.417074e-02  -9.357855e-03   0.000000e+00
 0.000000e+00   0.000000e+00  -7.523793e-03   0.000000e+00   0.000000e+00  -1.715103e-02  -9.357855e-03   2.880394e-01   0.000000e+00
 1.840316e-04   1.924612e-04   0.000000e+00   8.553835e-04   7.684567e-04   0.000000e+00   0.000000e+00   0.000000e+00   4.373778e-02

# timestamp: 1774889115.2007701
 8.555299e-04   2.342434e-05   0.000000e+00   2.802420e-04   4.197909e-05   0.000000e+00   0.000000e+00   0.000000e+00   1.619741e-04
 2.342434e-05   8.355170e-04   0.000000e+00   4.287147e-05   2.507277e-04   0.000000e+00   0.000000e+00   0.000000e+00   1.639686e-04
 0.000000e+00   0.000000e+00   1.126286e-03   0.000000e+00   0.000000e+00   8.656551e-04   2.138147e-04  -6.779785e-03   0.000000e+00
 2.802420e-04   4.287147e-05   0.000000e+00   4.995565e-04   8.581027e-05   0.000000e+00   0.000000e+00   0.000000e+00   7.821188e-04
 4.197909e-05   2.507277e-04   0.000000e+00   8.581027e-05   4.516220e-04   0.000000e+00   0.000000e+00   0.000000e+00   7.005324e-04
 0.000000e+00   0.000000e+00   8.656551e-04   0.000000e+00   0.000000e+00   1.795859e-03   1.001919e-04  -1.630036e-02   0.000000e+00
 0.000000e+00   0.000000e+00   2.138147e-04   0.000000e+00   0.000000e+00   1.001919e-04   4.104573e-02  -1.411629e-02   0.000000e+00
 0.000000e+00   0.000000e+00  -6.779785e-03   0.000000e+00   0.000000e+00  -1.630036e-02  -1.411629e-02   2.813230e-01   0.000000e+00
 1.619741e-04   1.639686e-04   0.000000e+00   7.821188e-04   7.005324e-04   0.000000e+00   0.000000e+00   0.000000e+00   4.013100e-02

# timestamp: 1774889115.4771743
 9.038445e-04   2.989584e-05   0.000000e+00   3.026182e-04   5.440385e-05   0.000000e+00   0.000000e+00   0.000000e+00   7.314925e-04
 2.989584e-05   8.744498e-04   0.000000e+00   4.787819e-05   2.645153e-04   0.000000e+00   0.000000e+00   0.000000e+00   3.168171e-04
 0.000000e+00   0.000000e+00   1.222673e-03   0.000000e+00   0.000000e+00   9.323371e-04  -3.466102e-05  -7.336887e-03   0.000000e+00
 3.026182e-04   4.787819e-05   0.000000e+00   5.039545e-04   8.941687e-05   0.000000e+00   0.000000e+00   0.000000e+00   1.006582e-03
 5.440385e-05   2.645153e-04   0.000000e+00   8.941687e-05   4.563610e-04   0.000000e+00   0.000000e+00   0.000000e+00   8.169877e-04
 0.000000e+00   0.000000e+00   9.323371e-04   0.000000e+00   0.000000e+00   1.769907e-03   5.213480e-04  -1.579507e-02   0.000000e+00
 0.000000e+00   0.000000e+00  -3.466102e-05   0.000000e+00   0.000000e+00   5.213480e-04   4.662705e-02  -2.685329e-02   0.000000e+00
 0.000000e+00   0.000000e+00  -7.336887e-03   0.000000e+00   0.000000e+00  -1.579507e-02  -2.685329e-02   2.769976e-01   0.000000e+00
 7.314925e-04   3.168171e-04   0.000000e+00   1.006582e-03   8.169877e-04   0.000000e+00   0.000000e+00   0.000000e+00   4.327281e-02

# timestamp: 1774889115.5281763
 8.951153e-04   2.499841e-05   0.000000e+00   2.873259e-04   4.190162e-05   0.000000e+00   0.000000e+00   0.000000e+00   4.870803e-05
 2.499841e-05   8.759216e-04   0.000000e+00   4.278703e-05   2.615536e-04   0.000000e+00   0.000000e+00   0.000000e+00   1.223007e-04
 0.000000e+00   0.000000e+00   1.167538e-03   0.000000e+00   0.000000e+00   8.391005e-04   8.703992e-04  -6.212553e-03   0.000000e+00
 2.873259e-04   4.278703e-05   0.000000e+00   4.935172e-04   8.321500e-05   0.000000e+00   0.000000e+00   0.000000e+00   7.679655e-04
 4.190162e-05   2.615536e-04   0.000000e+00   8.321500e-05   4.533081e-04   0.000000e+00   0.000000e+00   0.000000e+00   7.265895e-04
 0.000000e+00   0.000000e+00   8.391005e-04   0.000000e+00   0.000000e+00   1.645450e-03   1.311220e-03  -1.445479e-02   0.000000e+00
 0.000000e+00   0.000000e+00   8.703992e-04   0.000000e+00   0.000000e+00   1.311220e-03   4.843254e-02  -3.495248e-02   0.000000e+00
 0.000000e+00   0.000000e+00  -6.212553e-03   0.000000e+00   0.000000e+00  -1.445479e-02  -3.495248e-02   2.640659e-01   0.000000e+00
 4.870803e-05   1.223007e-04   0.000000e+00   7.679655e-04   7.265895e-04   0.000000e+00   0.000000e+00   0.000000e+00   4.270279e-02

# timestamp: 1774889115.5671837
 9.458495e-04   2.778820e-05   0.000000e+00   3.032534e-04   4.466978e-05   0.000000e+00   0.000000e+00   0.000000e+00   7.397186e-05
 2.778820e-05   9.249729e-04   0.000000e+00   4.566770e-05   2.762886e-04   0.000000e+00   0.000000e+00   0.000000e+00   1.461948e-04
 0.000000e+00   0.000000e+00   1.254827e-03   0.000000e+00   0.000000e+00   8.996592e-04   9.119259e-04  -6.677341e-03   0.000000e+00
 3.032534e-04   4.566770e-05   0.000000e+00   4.990478e-04   8.541608e-05   0.000000e+00   0.000000e+00   0.000000e+00   8.333406e-04
 4.466978e-05   2.762886e-04   0.000000e+00   8.541608e-05   4.585675e-04   0.000000e+00   0.000000e+00   0.000000e+00   7.877106e-04
 0.000000e+00   0.000000e+00   8.996592e-04   0.000000e+00   0.000000e+00   1.684796e-03   1.285256e-03  -1.476746e-02   0.000000e+00
 0.000000e+00   0.000000e+00   9.119259e-04   0.000000e+00   0.000000e+00   1.285256e-03   5.162232e-02  -3.495248e-02   0.000000e+00
 0.000000e+00   0.000000e+00  -6.677341e-03   0.000000e+00   0.000000e+00  -1.476746e-02  -3.495248e-02   2.672557e-01   0.000000e+00
 7.397186e-05   1.461948e-04   0.000000e+00   8.333406e-04   7.877106e-04   0.000000e+00   0.000000e+00   0.000000e+00   4.589257e-02

