timestamp,yaw,pitch,roll,ax,ay,az,gx,gy,gz,mx,my,mz
1772318521.3739874,-0.10545403400962597,1.366792424310484,-8.823022701076267,-0.221122237926373,-1.5042797767912715,9.717800791002482,-0.001090830782496456,0.0,0.0,6.75,33.75,-104.75
1772318521.6827087,-0.10545403400962597,1.366792424310484,-8.823022701076267,-0.22022011418009535,-1.5078921432507468,9.734659977984844,0.001090830782496456,0.002181661564992912,-0.001090830782496456,5.5625,34.1875,-105.5625
1772318521.9557464,-0.10545403400962597,1.366792424310484,-8.823022701076267,-0.2232247589147787,-1.4979102952867371,9.72554096127587,0.001090830782496456,0.001090830782496456,0.001090830782496456,7.0625,33.1875,-104.75
1772318521.9929774,-0.10545403400962597,1.366792424310484,-8.823022701076267,-0.2232247589147787,-1.4979102952867371,9.72554096127587,0.001090830782496456,0.001090830782496456,0.001090830782496456,7.0625,33.1875,-104.75
1772318522.0570242,-0.10545403400962597,1.366792424310484,-8.823022701076267,-0.21880092932754844,-1.4986093248568548,9.723687447832498,-0.001090830782496456,0.0,0.001090830782496456,6.375,33.1875,-105.5625
1772318522.1117504,-0.10545403400962597,1.366792424310484,-8.823022701076267,-0.21585692015466115,-1.4990745212270962,9.729144178755675,0.001090830782496456,0.001090830782496456,0.0,6.375,33.1875,-105.5625
1772318522.1965318,-0.10545403400962597,1.366792424310484,-8.823022701076267,-0.2215102436386532,-1.5018162627089027,9.735192224020793,0.0,0.0,-0.001090830782496456,6.75,34.1875,-106.375
1772318522.2453523,-0.10545403400962597,1.366792424310484,-8.823022701076267,-0.22066884972820125,-1.5030305125146757,9.72115701583363,-0.001090830782496456,-0.001090830782496456,0.0,6.75,35.0,-105.5625
1772318522.2975738,-0.10545403400962597,1.366792424310484,-8.823022701076267,-0.22066884972820125,-1.5030305125146757,9.72115701583363,-0.001090830782496456,-0.001090830782496456,0.0,6.75,35.0,-105.5625
1772318522.3143764,-0.10545403400962597,1.366792424310484,-8.823022701076267,-0.2204451120225769,-1.5053618839327931,9.717424869405248,0.001090830782496456,-0.001090830782496456,-0.001090830782496456,7.5,34.1875,-104.375
1772318522.3364384,-3.884144633275278e-06,1.366842762061487,-8.823346393148086,-0.2175223411369112,-1.5073162926110892,9.714941167647966,0.0,0.0,0.002181661564992912,7.5,34.1875,-104.375
1772318522.370549,-3.884144633275278e-06,1.366842762061487,-8.823346393148086,-0.22076645907560666,-1.5083547722380368,9.709943180165943,-2.0076948506157248e-06,0.0010908289348945679,-0.001090830782496456,7.5,34.1875,-104.375
1772318522.3947144,-3.884144633275278e-06,1.366842762061487,-8.823346393148086,-0.22076645907560666,-1.5083547722380368,9.709943180165943,-2.0076948506157248e-06,0.0010908289348945679,-0.001090830782496456,7.5,34.1875,-104.375
1772318522.454221,-3.884144633275278e-06,1.366842762061487,-8.823346393148086,-0.21958027728312243,-1.509039712087325,9.706617075327836,0.0,0.0,0.001090830782496456,7.4376397135373375,33.888746516972446,-105.5
1772318522.494256,-3.884144633275278e-06,1.366842762061487,-8.823346393148086,-0.21544578050922877,-1.5094893751638785,9.70774870142042,-0.0010908289348945679,-2.0076948506157248e-06,-0.001090830782496456,7.4376397135373375,33.888746516972446,-105.5
1772318522.5247893,-3.884144633275278e-06,1.366842762061487,-8.823346393148086,-0.21269431909155773,-1.5097886209182594,9.715192009358582,-2.0076948506157248e-06,0.0010908289348945679,-0.001090830782496456,6.686375626998427,34.57486496321687,-104.75
1772318522.584446,-3.884144633275278e-06,1.366842762061487,-8.823346393148086,-0.21269431909155773,-1.5097886209182594,9.715192009358582,-2.0076948506157248e-06,0.0010908289348945679,-0.001090830782496456,6.686375626998427,34.57486496321687,-104.75
1772318522.620715,-3.884144633275278e-06,1.366842762061487,-8.823346393148086,-0.21420835829544976,-1.5099939223668737,9.716800335936911,-0.0021836655646397516,0.0010868135451933363,0.0,6.686375626998427,34.57486496321687,-105.1875
1772318522.6524248,-3.884144633275278e-06,1.366842762061487,-8.823346393148086,-0.21420835829544976,-1.5099939223668737,9.716800335936911,-0.0021836655646397516,0.0010868135451933363,0.0,6.686375626998427,34.57486496321687,-105.1875
1772318522.6756704,-3.884144633275278e-06,1.366842762061487,-8.823346393148086,-0.21856104051422803,-1.510136704929427,9.717870659308604,2.0076948506157248e-06,-0.0010908289348945679,0.0,6.686375626998427,34.57486496321687,-105.1875
1772318522.696161,-3.884144633275278e-06,1.366842762061487,-8.823346393148086,-0.21856104051422803,-1.510136704929427,9.717870659308604,2.0076948506157248e-06,-0.0010908289348945679,0.0,6.686375626998427,34.57486496321687,-105.1875
1772318522.7140617,-3.884144633275278e-06,1.366842762061487,-8.823346393148086,-0.22145770190817868,-1.5102317251298205,9.715237835848852,-0.0010948443245957992,0.00217965017493852,-0.001090830782496456,6.999565292348418,34.200440760583064,-104.75
1772318522.730442,-3.884144633275278e-06,1.366842762061487,-8.823346393148086,-0.2233853977080249,-1.5102949600117372,9.71348572124695,0.0,0.0,0.001090830782496456,6.999565292348418,34.200440760583064,-104.75
1772318522.7439692,-3.884144633275278e-06,1.366842762061487,-8.823346393148086,-0.2233853977080249,-1.5102949600117372,9.71348572124695,0.0,0.0,0.001090830782496456,6.999565292348418,34.200440760583064,-104.75
1772318522.7611868,-3.884144633275278e-06,1.366842762061487,-8.823346393148086,-0.22468057121278556,-1.5036468300362444,9.712319708551789,-0.0010948443245957992,0.00217965017493852,0.0,6.999565292348418,34.200440760583064,-104.75
1772318522.784357,-3.884144633275278e-06,1.366842762061487,-8.823346393148086,-0.22554249471216772,-1.499222573802032,9.711543740128374,-0.0010848058503427206,-0.0032744944995343195,-0.001090830782496456,6.686375626998427,34.57486496321687,-105.1875
1772318522.797989,-3.884144633275278e-06,1.366842762061487,-8.823346393148086,-0.22610993843082217,-1.4996233867418582,9.717717565225364,-0.0010848058503427206,-0.0032744944995343195,0.001090830782496456,6.686375626998427,34.57486496321687,-105.1875
1772318522.811878,-3.884144633275278e-06,1.366842762061487,-8.823346393148086,-0.22610993843082217,-1.4996233867418582,9.717717565225364,-0.0010848058503427206,-0.0032744944995343195,0.001090830782496456,6.686375626998427,34.57486496321687,-105.1875
1772318522.836233,-3.884144633275278e-06,1.366842762061487,-8.823346393148086,-0.22313630310344282,-1.5032290725755848,9.715135953446628,0.0,0.0,0.001090830782496456,6.686375626998427,34.57486496321687,-105.1875
1772318522.8966753,-3.884144633275278e-06,1.366842762061487,-8.823346393148086,-0.221157382010755,-1.50562861621978,9.720108143061012,0.0010888212400439522,0.0010928366297451835,0.0,7.00014045455587,33.887941289882015,-105.1875
1772318522.9652455,-3.884144633275278e-06,1.366842762061487,-8.823346393148086,-0.21649532608805414,-1.507219328968465,9.723417079706385,-6.023084551847175e-06,0.0032724868046837036,0.0,7.00014045455587,33.887941289882015,-105.1875
1772318523.0357616,-3.884144633275278e-06,1.366842762061487,-8.823346393148086,-0.214683430179279,-1.5034173380463345,9.717049251539118,-0.0010868135451933365,-0.002183665564639751,0.0,7.685568706151349,35.01420474126218,-105.1875
1772318523.0629857,-3.884144633275278e-06,1.366842762061487,-8.823346393148086,-0.214683430179279,-1.5034173380463345,9.717049251539118,-0.0010868135451933365,-0.002183665564639751,0.0,7.685568706151349,35.01420474126218,-105.1875
1772318523.1218185,-3.884144633275278e-06,1.366842762061487,-8.823346393148086,-0.21553824624636952,-1.5024087987459867,9.711346086446664,-0.0010928366297451835,0.001088821240043952,0.001090830782496456,6.998069870609043,35.01293938440579,-105.1875
1772318523.1612613,-3.884144633275278e-06,1.366842762061487,-8.823346393148086,-0.21610711679009714,-1.5017376271077272,9.717586028908123,-0.0010888212400439522,-0.0010928366297451835,0.0,6.998069870609043,35.01293938440579,-105.1875
1772318523.2195652,-3.884144633275278e-06,1.366842762061487,-8.823346393148086,-0.21983079982376172,-1.501297126621812,9.7217386409115,0.0,0.0,-0.001090830782496456,6.31137626215717,34.57417476856793,-105.5625
1772318523.243807,-3.884144633275278e-06,1.366842762061487,-8.823346393148086,-0.21896376324488628,-1.5009978217272804,9.724502157812031,6.023084551847175e-06,-0.0032724868046837036,0.0,6.31137626215717,34.57417476856793,-105.5625
1772318523.326138,-3.884144633275278e-06,1.366842762061487,-8.823346393148086,-0.2183867600870779,-1.5007986376634244,9.72299613573151,-0.0010868135451933365,-0.002183665564639751,0.002181661564992912,6.999565292348418,34.200440760583064,-105.5625
1772318523.356687,-3.884144633275278e-06,1.366842762061487,-8.823346393148086,-0.21799661418923602,-1.5040111889354741,9.72533900656761,2.0076948506157248e-06,-0.0010908289348945679,0.0,6.999565292348418,34.200440760583064,-105.5625
1772318523.391236,-3.884144633275278e-06,1.366842762061487,-8.823346393148086,-0.21799661418923602,-1.5040111889354741,9.72533900656761,2.0076948506157248e-06,-0.0010908289348945679,0.0,6.999565292348418,34.200440760583064,-105.5625
1772318523.4115138,-3.884144633275278e-06,1.366842762061487,-8.823346393148086,-0.21773697645243748,-1.5061491059204741,9.723553049230134,-0.0010868135451933365,-0.002183665564639751,-0.001090830782496456,7.686373933241781,34.576705482280715,-105.5625
1772318523.4694002,-3.884144633275278e-06,1.366842762061487,-8.823346393148086,-0.2175641904389416,-1.507571865791894,9.722364514572494,-0.0010848058503427206,-0.0032744944995343195,0.0,7.686373933241781,34.576705482280715,-105.5625
1772318523.5177257,-3.884144633275278e-06,1.366842762061487,-8.823346393148086,-0.21744920327710637,-1.5085186965930548,9.721573558034637,-2.0076948506157248e-06,0.0010908289348945679,-0.001090830782496456,6.685570399907995,35.012364222198336,-105.5625
1772318523.5481586,-3.884144633275278e-06,1.366842762061487,-8.823346393148086,-0.21737883734726376,-1.50580369587292,9.727737408708894,4.0153897012314496e-06,-0.0021816578697891357,-0.001090830782496456,6.685570399907995,35.012364222198336,-105.5625
1772318523.5858653,-3.884144633275278e-06,1.366842762061487,-8.823346393148086,-0.21398690356547825,-1.5039907364803475,9.731839382477888,-6.023084551847175e-06,0.0032724868046837036,0.0,7.686373933241781,34.576705482280715,-104.0
1772318523.6136012,-3.884144633275278e-06,1.366842762061487,-8.823346393148086,-0.211729609524083,-1.5027842322566742,9.734569200199106,-0.0010868135451933365,-0.002183665564639751,0.0,7.686373933241781,34.576705482280715,-104.0
1772318523.6443734,-3.884144633275278e-06,1.366842762061487,-8.823346393148086,-0.211729609524083,-1.5027842322566742,9.734569200199106,-0.0010868135451933365,-0.002183665564639751,0.0,7.686373933241781,34.576705482280715,-104.0
1772318523.6685536,-3.884144633275278e-06,1.366842762061487,-8.823346393148086,-0.21022124881329315,-1.505326423214869,9.736385863398514,-0.0010868135451933365,-0.002183665564639751,-0.001090830782496456,7.437064551329885,34.201245987673495,-105.1875
1772318523.705374,-3.884144633275278e-06,1.366842762061487,-8.823346393148086,-0.21591382043465204,-1.5036854303416356,9.737594832464262,-0.0010888212400439522,-0.0010928366297451835,0.001090830782496456,7.437064551329885,34.201245987673495,-105.1875
1772318523.739774,-3.884144633275278e-06,1.366842762061487,-8.823346393148086,-0.21969600651660676,-1.5059384739571047,9.738399387872448,-0.0010928366297451835,0.001088821240043952,0.001090830782496456,7.437064551329885,34.201245987673495,-105.1875
1772318523.7629552,-3.884144633275278e-06,1.366842762061487,-8.823346393148086,-0.21969600651660676,-1.5059384739571047,9.738399387872448,-0.0010928366297451835,0.001088821240043952,0.001090830782496456,7.437064551329885,34.201245987673495,-105.1875
1772318523.816426,-3.884144633275278e-06,1.366842762061487,-8.823346393148086,-0.2222253225880968,-1.5007476372320243,9.735589698801805,-0.0010888212400439522,-0.0010928366297451835,-0.001090830782496456,7.43556912959051,35.01374461149622,-105.0625
1772318523.8460803,-3.884144633275278e-06,1.366842762061487,-8.823346393148086,-0.2205634481378474,-1.4972870366350612,9.733719882111574,0.0010888212400439522,0.0010928366297451835,-0.003272492347489368,7.43556912959051,35.01374461149622,-105.0625
1772318523.8635697,-3.884144633275278e-06,1.366842762061487,-8.823346393148086,-0.2194574892555604,-1.4949840455952237,9.732475539991446,2.0076948506157248e-06,-0.0010908289348945679,0.0,7.43556912959051,35.01374461149622,-105.0625
1772318523.8978317,-3.884144633275278e-06,1.366842762061487,-8.823346393148086,-0.2194574892555604,-1.4949840455952237,9.732475539991446,2.0076948506157248e-06,-0.0010908289348945679,0.0,7.43556912959051,35.01374461149622,-105.0625
1772318523.9320147,-3.884144633275278e-06,1.366842762061487,-8.823346393148086,-0.21870917249003258,-1.5001416428673358,9.728302332503395,-2.0076948506157248e-06,0.0010908289348945679,-0.001090830782496456,6.6876409838548225,33.88736612767456,-104.75
1772318523.956318,-3.884144633275278e-06,1.366842762061487,-8.823346393148086,-0.22155628208333403,-1.503580122979658,9.725525109537879,0.0010908289348945679,2.0076948506157248e-06,0.0,6.6876409838548225,33.88736612767456,-104.75
1772318523.99247,-3.884144633275278e-06,1.366842762061487,-8.823346393148086,-0.22344484497151004,-1.509213499125583,9.72367689867794,0.0010888212400439522,0.0010928366297451835,0.0,6.6876409838548225,33.88736612767456,-104.75
1772318524.0408661,-3.884144633275278e-06,1.366842762061487,-8.823346393148086,-0.2247016624769614,-1.5129624480217612,9.7191018232892,0.0010928366297451835,-0.001088821240043952,0.0,6.3105710350667374,35.01167402754939,-103.5625
1772318524.0666077,-3.884144633275278e-06,1.366842762061487,-8.823346393148086,-0.22219295444575365,-1.5154511748917965,9.716057161724935,0.0010948443245957992,-0.00217965017493852,0.0,6.3105710350667374,35.01167402754939,-103.5625
1772318524.141934,-3.884144633275278e-06,1.366842762061487,-8.823346393148086,-0.22053575075882587,-1.5104171827398758,9.724066308586972,6.023084551847175e-06,-0.0032724868046837036,0.002181661564992912,7.437064551329885,34.201245987673495,-105.1875
1772318524.171366,-3.884144633275278e-06,1.366842762061487,-8.823346393148086,-0.22612311230038196,-1.5070794306798856,9.729396306355625,-0.0010948443245957992,0.00217965017493852,-0.002181661564992912,7.437064551329885,34.201245987673495,-105.1875
1772318524.2135024,-3.884144633275278e-06,1.366842762061487,-8.823346393148086,-0.22612311230038196,-1.5070794306798856,9.729396306355625,-0.0010948443245957992,0.00217965017493852,-0.002181661564992912,7.437064551329885,34.201245987673495,-105.1875
1772318524.2679715,-3.884144633275278e-06,1.366842762061487,-8.823346393148086,-0.2289708378262768,-1.503373829009037,9.72973263894671,-4.0153897012314496e-06,0.0021816578697891357,0.0,5.93833244882125,33.51098637353542,-105.1875
1772318524.3395946,-3.884144633275278e-06,1.366842762061487,-8.823346393148086,-0.22504635643464566,-1.502379843967693,9.723131850791015,-0.0010888212400439522,-0.0010928366297451835,-0.002181661564992912,6.685570399907995,35.012364222198336,-104.75
1772318524.4005332,-3.884144633275278e-06,1.366842762061487,-8.823346393148086,-0.22504635643464566,-1.502379843967693,9.723131850791015,-0.0010888212400439522,-0.0010928366297451835,-0.002181661564992912,6.685570399907995,35.012364222198336,-104.75
1772318524.4291282,-3.884144633275278e-06,1.366842762061487,-8.823346393148086,-0.22243465790784472,-1.5017183580262188,9.718739100009035,0.0010908289348945679,2.0076948506157248e-06,0.0,6.685570399907995,35.012364222198336,-104.75
1772318524.4565306,-3.884144633275278e-06,1.366842762061487,-8.823346393148086,-0.22243465790784472,-1.5017183580262188,9.718739100009035,0.0010908289348945679,2.0076948506157248e-06,0.0,6.685570399907995,35.012364222198336,-104.75
1772318524.4902039,-3.884144633275278e-06,1.366842762061487,-8.823346393148086,-0.22069660171284292,-1.50127814652145,9.71916088514119,2.0076948506157248e-06,-0.0010908289348945679,0.0,6.998069870609043,35.01293938440579,-105.5625
1772318524.5295398,-3.884144633275278e-06,1.366842762061487,-8.823346393148086,-0.22069660171284292,-1.50127814652145,9.71916088514119,2.0076948506157248e-06,-0.0010908289348945679,0.0,6.998069870609043,35.01293938440579,-105.5625
1772318524.5609543,-3.884144633275278e-06,1.366842762061487,-8.823346393148086,-0.219539944730429,-1.500985190682511,9.719441578434989,-0.0010848058503427206,-0.0032744944995343195,0.001090830782496456,6.998069870609043,35.01293938440579,-105.5625
1772318524.6349962,-3.884144633275278e-06,1.366842762061487,-8.823346393148086,-0.21877020242933767,-1.500790231844228,9.719628376686464,2.0076948506157248e-06,-0.0010908289348945679,-0.001090830782496456,6.3105710350667374,35.01167402754939,-104.5
1772318524.6762884,-3.884144633275278e-06,1.366842762061487,-8.823346393148086,-0.2182641042684143,-1.4973153828736698,9.713062465421508,-2.0076948506157248e-06,0.0010908289348945679,-0.001090830782496456,6.3105710350667374,35.01167402754939,-104.5
1772318524.705393,-3.884144633275278e-06,1.366842762061487,-8.823346393148086,-0.2145821955542925,-1.4949967529585015,9.712038036528034,0.0,0.0,0.001090830782496456,7.437064551329885,34.201245987673495,-104.75
1772318524.727936,-3.884144633275278e-06,1.366842762061487,-8.823346393148086,-0.21212576969279168,-1.4967988366922644,9.711356290543048,0.0,0.0,0.0,7.437064551329885,34.201245987673495,-104.75
1772318524.7526588,-3.884144633275278e-06,1.366842762061487,-8.823346393148086,-0.2104848889801697,-1.5013432093280035,9.71424770791296,0.0,0.0,0.002181661564992912,7.437064551329885,34.201245987673495,-104.75
1772318524.8109188,-3.884144633275278e-06,1.366842762061487,-8.823346393148086,-0.21608927002065476,-1.5010346459953412,9.716171913873389,-4.0153897012314496e-06,0.0021816578697891357,-0.003272492347489368,6.999565292348418,34.200440760583064,-105.1875
1772318524.908822,-3.884144633275278e-06,1.366842762061487,-8.823346393148086,-0.22787220213642737,-1.5007028994253513,9.72053076936868,0.0,0.0,-0.002181661564992912,7.00014045455587,33.887941289882015,-105.1875
1772318524.9879134,-3.884144633275278e-06,1.366842762061487,-8.823346393148086,-0.22787220213642737,-1.5007028994253513,9.72053076936868,0.0,0.0,-0.002181661564992912,7.00014045455587,33.887941289882015,-105.1875
1772318525.0294259,-3.884144633275278e-06,1.366842762061487,-8.823346393148086,-0.230999281996776,-1.5039597896912387,9.717008109378456,-0.0010908289348945679,-2.0076948506157248e-06,0.0,7.00014045455587,33.887941289882015,-105.1875
1772318525.108696,-3.884144633275278e-06,1.366842762061487,-8.823346393148086,-0.22973521267055297,-1.5061210570394707,9.711318706798332,-0.00217965017493852,-0.0010948443245957992,0.0,7.437064551329885,34.201245987673495,-105.5625
1772318525.1454356,-3.884144633275278e-06,1.366842762061487,-8.823346393148086,-0.22554888261301695,-1.507553199574913,9.707532472936052,2.0076948506157248e-06,-0.0010908289348945679,0.0,7.437064551329885,34.201245987673495,-105.5625
1772318525.2325864,-3.884144633275278e-06,1.366842762061487,-8.823346393148086,-0.2227629267240976,-1.5085062744341693,9.705012776595707,0.0010888212400439522,0.0010928366297451835,0.001090830782496456,6.3105710350667374,35.01167402754939,-105.1875
1772318525.2985733,-3.884144633275278e-06,1.366842762061487,-8.823346393148086,-0.21966481893817474,-1.5151338652435735,9.713362527711496,0.0010908289348945679,2.0076948506157248e-06,0.001090830782496456,6.999565292348418,34.200440760583064,-104.5
1772318525.396478,-3.884144633275278e-06,1.366842762061487,-8.823346393148086,-0.21885330481965615,-1.5102060167135645,9.715582836337424,-6.023084551847175e-06,0.0032724868046837036,0.001090830782496456,6.999565292348418,34.200440760583064,-104.5
1772318525.4415388,-3.884144633275278e-06,1.366842762061487,-8.823346393148086,-0.21885330481965615,-1.5102060167135645,9.715582836337424,-6.023084551847175e-06,0.0032724868046837036,0.001090830782496456,6.999565292348418,34.200440760583064,-104.5
1772318525.4743557,-3.884144633275278e-06,1.366842762061487,-8.823346393148086,-0.2216583572805029,-1.5069327453063865,9.717060426925507,0.0010948443245957992,-0.00217965017493852,0.001090830782496456,6.31137626215717,34.57417476856793,-104.5
1772318525.5598588,-3.884144633275278e-06,1.366842762061487,-8.823346393148086,-0.22351893161683928,-1.508099525791261,9.724733970370746,0.0010888212400439522,0.0010928366297451835,-0.002181661564992912,6.31137626215717,34.57417476856793,-104.5
1772318525.6533597,-3.884144633275278e-06,1.366842762061487,-8.823346393148086,-0.224757123053694,-1.5088760051701533,9.729840627814456,0.0,0.0,0.001090830782496456,6.998875097699475,34.57544012542432,-105.1875
1772318525.6759217,-3.884144633275278e-06,1.366842762061487,-8.823346393148086,-0.224757123053694,-1.5088760051701533,9.729840627814456,0.0,0.0,0.001090830782496456,6.998875097699475,34.57544012542432,-105.1875
1772318525.7193122,-3.884144633275278e-06,1.366842762061487,-8.823346393148086,-0.22558112562341615,-1.509392743522963,9.729893939590825,-4.0153897012314496e-06,0.0021816578697891357,-0.001090830782496456,6.998875097699475,34.57544012542432,-105.1875
1772318525.743507,-3.884144633275278e-06,1.366842762061487,-8.823346393148086,-0.22612949012885444,-1.5097366271244124,9.726584306275148,-0.0010928366297451835,0.001088821240043952,0.0,8.124563386872191,34.20251134452989,-105.25
1772318525.7711773,-3.884144633275278e-06,1.366842762061487,-8.823346393148086,-0.22314931454007653,-1.5099593210778772,9.724381782274591,0.0010928366297451835,-0.001088821240043952,0.001090830782496456,8.124563386872191,34.20251134452989,-105.25
1772318525.7995968,-3.884144633275278e-06,1.366842762061487,-8.823346393148086,-0.22314931454007653,-1.5099593210778772,9.724381782274591,0.0010928366297451835,-0.001088821240043952,0.001090830782496456,8.124563386872191,34.20251134452989,-105.25
1772318525.818537,-3.884144633275278e-06,1.366842762061487,-8.823346393148086,-0.22116604097648745,-1.5101075214162536,9.726261138863345,-0.0010908289348945679,-2.0076948506157248e-06,-0.001090830782496456,6.998069870609043,35.01293938440579,-105.5625
1772318525.8335378,-3.884144633275278e-06,1.366842762061487,-8.823346393148086,-0.21984619457453627,-1.5102061470859367,9.727511829679372,4.0153897012314496e-06,-0.0021816578697891357,0.002181661564992912,6.998069870609043,35.01293938440579,-105.5625
1772318525.8502893,-3.884144633275278e-06,1.366842762061487,-8.823346393148086,-0.21896785153768814,-1.51027178136739,9.724999038738988,-0.0010928366297451835,0.001088821240043952,0.002181661564992912,6.998069870609043,35.01293938440579,-105.5625
1772318525.8725328,-3.884144633275278e-06,1.366842762061487,-8.823346393148086,-0.21896785153768814,-1.51027178136739,9.724999038738988,-0.0010928366297451835,0.001088821240043952,0.002181661564992912,6.998069870609043,35.01293938440579,-105.5625
1772318525.9077418,-3.884144633275278e-06,1.366842762061487,-8.823346393148086,-0.2183833240584003,-1.5103154602485143,9.723326804437875,2.0076948506157248e-06,-0.0010908289348945679,0.0,6.312066456806113,34.19917540372667,-104.75
1772318525.9221182,-3.884144633275278e-06,1.366842762061487,-8.823346393148086,-0.21466153499275586,-1.503648159231081,9.722213951190565,0.0021816578697891357,4.0153897012314496e-06,-0.002181661564992912,6.312066456806113,34.19917540372667,-104.75
1772318525.9348998,-3.884144633275278e-06,1.366842762061487,-8.823346393148086,-0.21552983198619166,-1.4992173016244796,9.724818471493185,-0.0010928366297451835,0.001088821240043952,0.0,6.312066456806113,34.19917540372667,-104.75
1772318525.956575,-3.884144633275278e-06,1.366842762061487,-8.823346393148086,-0.21552983198619166,-1.4992173016244796,9.724818471493185,-0.0010928366297451835,0.001088821240043952,0.0,6.312066456806113,34.19917540372667,-104.75
1772318525.9866064,-3.884144633275278e-06,1.366842762061487,-8.823346393148086,-0.2194466232354564,-1.4996198781665913,9.72655175066018,-0.0010888212400439522,-0.0010928366297451835,0.0,7.685568706151349,35.01420474126218,-104.0
1772318526.0202124,-3.884144633275278e-06,1.366842762061487,-8.823346393148086,-0.222053204058417,-1.4998877883582917,9.7243601168765,-0.0010948443245957992,0.00217965017493852,-0.001090830782496456,7.685568706151349,35.01420474126218,-104.0
1772318526.0429964,-3.884144633275278e-06,1.366842762061487,-8.823346393148086,-0.2237878544786816,-1.5000660795981156,9.722901609075615,-2.0076948506157248e-06,0.0010908289348945679,-0.001090830782496456,7.685568706151349,35.01420474126218,-104.0
1772318526.0684385,-3.884144633275278e-06,1.366842762061487,-8.823346393148086,-0.2237878544786816,-1.5000660795981156,9.722901609075615,-2.0076948506157248e-06,0.0010908289348945679,-0.001090830782496456,7.685568706151349,35.01420474126218,-104.0
1772318526.109189,-3.884144633275278e-06,1.366842762061487,-8.823346393148086,-0.22494224495605286,-1.5001847304265747,9.718585876719406,0.0010888212400439522,0.0010928366297451835,-0.001090830782496456,7.43556912959051,35.01374461149622,-105.5625
1772318526.1572447,-3.884144633275278e-06,1.366842762061487,-8.823346393148086,-0.22571047892335686,-1.5002636912274976,9.719058916753557,-0.0010908289348945679,-2.0076948506157248e-06,0.001090830782496456,7.43556912959051,35.01374461149622,-105.5625
1772318526.2064118,-3.884144633275278e-06,1.366842762061487,-8.823346393148086,-0.22571047892335686,-1.5002636912274976,9.719058916753557,-0.0010908289348945679,-2.0076948506157248e-06,0.001090830782496456,7.43556912959051,35.01374461149622,-105.5625
1772318526.2242281,-3.884144633275278e-06,1.366842762061487,-8.823346393148086,-0.22621557330499392,-1.503661344799976,9.719373719612081,4.0153897012314496e-06,-0.0021816578697891357,0.001090830782496456,6.68706582164737,34.19986559837561,-104.875
1772318526.2518265,-3.884144633275278e-06,1.366842762061487,-8.823346393148086,-0.2298968140152137,-1.5059286020400513,9.72292832910517,-4.0153897012314496e-06,0.0021816578697891357,-0.001090830782496456,6.68706582164737,34.19986559837561,-104.875
1772318526.2738752,-3.884144633275278e-06,1.366842762061487,-8.823346393148086,-0.22565642650268333,-1.5074251229226625,9.72529388201523,-0.0010888212400439522,-0.0010928366297451835,-0.002181661564992912,6.68706582164737,34.19986559837561,-104.875
1772318526.2983148,-3.884144633275278e-06,1.366842762061487,-8.823346393148086,-0.2228283392394586,-1.5117661468943207,9.726868131051917,0.0,0.0,0.0,6.6876409838548225,33.88736612767456,-105.5625
1772318526.3346999,-3.884144633275278e-06,1.366842762061487,-8.823346393148086,-0.22095243549945529,-1.51130994381353,9.72791577620032,2.0076948506157248e-06,-0.0010908289348945679,0.0,6.6876409838548225,33.88736612767456,-105.5625
1772318526.3565571,-3.884144633275278e-06,1.366842762061487,-8.823346393148086,-0.22095243549945529,-1.51130994381353,9.72791577620032,2.0076948506157248e-06,-0.0010908289348945679,0.0,6.6876409838548225,33.88736612767456,-105.5625
1772318526.3795612,-3.884144633275278e-06,1.366842762061487,-8.823346393148086,-0.21969788577383284,-1.5143514518009003,9.731958084050937,-0.0010968520194464151,0.0032704791098330877,0.0,6.68706582164737,34.19986559837561,-105.25
1772318526.4208302,-3.884144633275278e-06,1.366842762061487,-8.823346393148086,-0.21886915368753782,-1.5130304353491106,9.737993306477305,2.0076948506157248e-06,-0.0010908289348945679,0.0,6.68706582164737,34.19986559837561,-105.25
1772318526.4381058,-3.884144633275278e-06,1.366842762061487,-8.823346393148086,-0.2183237984835205,-1.508806207615651,9.742009679584202,-0.0021816578697891357,-4.0153897012314496e-06,0.001090830782496456,7.437064551329885,34.201245987673495,-104.75
1772318526.4530697,-3.884144633275278e-06,1.366842762061487,-8.823346393148086,-0.2183237984835205,-1.508806207615651,9.742009679584202,-0.0021816578697891357,-4.0153897012314496e-06,0.001090830782496456,7.437064551329885,34.201245987673495,-104.75
1772318526.4772608,-3.884144633275278e-06,1.366842762061487,-8.823346393148086,-0.21461576464574958,-1.5059888745048813,9.734647195899056,-0.0010908289348945679,-2.0076948506157248e-06,0.0,7.437064551329885,34.201245987673495,-104.75
1772318526.5004864,-3.884144633275278e-06,1.366842762061487,-8.823346393148086,-0.21214810954816504,-1.504113970791337,9.729747545250923,2.0076948506157248e-06,-0.0010908289348945679,0.0,7.437064551329885,34.201245987673495,-104.75
1772318526.5423434,-3.884144633275278e-06,1.366842762061487,-8.823346393148086,-0.21049975590436812,-1.5062113493555345,9.726486882477275,0.0010888212400439522,0.0010928366297451835,-0.003272492347489368,6.686375626998427,34.57486496321687,-104.75
1772318526.5637252,-3.884144633275278e-06,1.366842762061487,-8.823346393148086,-0.21274790100925217,-1.5076132881026219,9.724316947825402,-2.0076948506157248e-06,0.0010908289348945679,-0.001090830782496456,6.686375626998427,34.57486496321687,-104.75
1772318526.6087852,-3.884144633275278e-06,1.366842762061487,-8.823346393148086,-0.21424401646312616,-1.5085462626781267,9.726217992261658,-0.0010908289348945679,-2.0076948506157248e-06,-0.002181661564992912,6.6876409838548225,33.88736612767456,-104.75
1772318526.6458647,-3.884144633275278e-06,1.366842762061487,-8.823346393148086,-0.21858477062648884,-1.5091733035779844,9.730828227805247,0.0010908289348945679,2.0076948506157248e-06,0.001090830782496456,6.6876409838548225,33.88736612767456,-104.75
1772318526.685941,-3.884144633275278e-06,1.366842762061487,-8.823346393148086,-0.2214734940328055,-1.5095905922923338,9.730551176352481,0.0010948443245957992,-0.00217965017493852,0.0,7.436374356680942,34.57624535251475,-104.75
1772318526.7310638,-3.884144633275278e-06,1.366842762061487,-8.823346393148086,-0.2214734940328055,-1.5095905922923338,9.730551176352481,0.0010948443245957992,-0.00217965017493852,0.0,7.436374356680942,34.57624535251475,-104.75
1772318526.7524147,-3.884144633275278e-06,1.366842762061487,-8.823346393148086,-0.22691163636042502,-1.5044859606671137,9.730244102437588,-0.0010908289348945679,-2.0076948506157248e-06,-0.001090830782496456,7.436374356680942,34.57624535251475,-104.75
1772318526.7931087,-3.884144633275278e-06,1.366842762061487,-8.823346393148086,-0.22702108690342307,-1.5031261119046864,9.73350755915273,-2.0076948506157248e-06,0.0010908289348945679,0.001090830782496456,7.436374356680942,34.57624535251475,-104.0
1772318526.8349316,-3.884144633275278e-06,1.366842762061487,-8.823346393148086,-0.22702108690342307,-1.5031261119046864,9.73350755915273,-2.0076948506157248e-06,0.0010908289348945679,0.001090830782496456,7.436374356680942,34.57624535251475,-104.0
1772318526.8823292,-3.884144633275278e-06,1.366842762061487,-8.823346393148086,-0.2237488189756314,-1.502214991001929,9.735679353141458,-0.0021836655646397516,0.0010868135451933363,0.0,7.436374356680942,34.57624535251475,-104.0
1772318526.9949558,-3.884144633275278e-06,1.366842762061487,-8.823346393148086,-0.22011170033037172,-1.506776373946142,9.72137275332897,-0.0010888212400439522,-0.0010928366297451835,0.001090830782496456,8.49956275171345,34.203201539178835,-106.0
1772318527.0401313,-3.884144633275278e-06,1.366842762061487,-8.823346393148086,-0.22011170033037172,-1.506776373946142,9.72137275332897,-0.0010888212400439522,-0.0010928366297451835,0.001090830782496456,8.49956275171345,34.203201539178835,-106.0
1772318527.0757747,-3.884144633275278e-06,1.366842762061487,-8.823346393148086,-0.21914454265230296,-1.507989305655933,9.72091355200577,0.0,0.0,0.001090830782496456,6.999565292348418,34.200440760583064,-104.875
1772318527.1239815,-3.884144633275278e-06,1.366842762061487,-8.823346393148086,-0.2185009100214074,-1.508796498159464,9.720607958654796,-0.0010908289348945679,-2.0076948506157248e-06,-0.001090830782496456,6.999565292348418,34.200440760583064,-104.875
1772318527.1415596,-3.884144633275278e-06,1.366842762061487,-8.823346393148086,-0.2185009100214074,-1.508796498159464,9.720607958654796,-0.0010908289348945679,-2.0076948506157248e-06,-0.001090830782496456,6.999565292348418,34.200440760583064,-104.875
1772318527.189868,-3.884144633275278e-06,1.366842762061487,-8.823346393148086,-0.21807257969539395,-1.5093336757536326,9.717059477986105,0.0,0.0,0.0,6.68706582164737,34.19986559837561,-105.1875
1772318527.2227747,-3.884144633275278e-06,1.366842762061487,-8.823346393148086,-0.2211326366897095,-1.5096973181837532,9.714698003740217,-0.0010928366297451835,0.001088821240043952,0.001090830782496456,6.68706582164737,34.19986559837561,-105.1875
1772318527.2768917,-3.884144633275278e-06,1.366842762061487,-8.823346393148086,-0.22316907043635006,-1.5099393181588463,9.719816692423613,2.0076948506157248e-06,-0.0010908289348945679,0.0,6.310110905300776,35.26167360411023,-104.75
1772318527.319478,-3.884144633275278e-06,1.366842762061487,-8.823346393148086,-0.22316907043635006,-1.5099393181588463,9.719816692423613,2.0076948506157248e-06,-0.0010908289348945679,0.0,6.310110905300776,35.26167360411023,-104.75
1772318527.3610406,-3.884144633275278e-06,1.366842762061487,-8.823346393148086,-0.2245304510881519,-1.5067552603974397,9.723223122562914,2.0076948506157248e-06,-0.0010908289348945679,0.0,6.310110905300776,35.26167360411023,-104.75
1772318527.4305832,-3.884144633275278e-06,1.366842762061487,-8.823346393148086,-0.22543643470430766,-1.5046363055254792,9.7254900637683,-0.0010868135451933365,-0.002183665564639751,0.0,6.310110905300776,35.26167360411023,-105.1875
1772318527.4589317,-3.884144633275278e-06,1.366842762061487,-8.823346393148086,-0.22269425063884504,-1.5032200079865983,9.726998687817092,0.0,0.0,0.0,6.310110905300776,35.26167360411023,-105.1875
1772318527.5143175,-3.884144633275278e-06,1.366842762061487,-8.823346393148086,-0.2175180949921006,-1.5056164270951997,9.728002660269128,0.0010908289348945679,2.0076948506157248e-06,-0.001090830782496456,7.000830649204813,33.51294192504076,-105.25
1772318527.5596855,-3.884144633275278e-06,1.366842762061487,-8.823346393148086,-0.21407342123063933,-1.507211217242218,9.728670792720852,2.0076948506157248e-06,-0.0010908289348945679,0.001090830782496456,7.000830649204813,33.51294192504076,-105.25
1772318527.6338089,-3.884144633275278e-06,1.366842762061487,-8.823346393148086,-0.2169518369392493,-1.505646033007688,9.731637461292523,-0.0010928366297451835,0.001088821240043952,0.0,6.688331178503765,33.5123667628333,-104.5
1772318527.7076285,-3.884144633275278e-06,1.366842762061487,-8.823346393148086,-0.2169518369392493,-1.505646033007688,9.731637461292523,-0.0010928366297451835,0.001088821240043952,0.0,6.688331178503765,33.5123667628333,-104.5
1772318527.7641652,-3.884144633275278e-06,1.366842762061487,-8.823346393148086,-0.22039295164688014,-1.5038981270884813,9.727744600491214,-0.0010948443245957992,0.00217965017493852,0.001090830782496456,6.998875097699475,34.57544012542432,-105.5625
1772318527.804823,-3.884144633275278e-06,1.366842762061487,-8.823346393148086,-0.2159989197038781,-1.4993774956993875,9.721808833406728,-2.0076948506157248e-06,0.0010908289348945679,-0.002181661564992912,6.998875097699475,34.57544012542432,-105.5625
1772318527.8223922,-3.884144633275278e-06,1.366842762061487,-8.823346393148086,-0.2130747405303632,-1.496369066008707,9.721203758426185,0.0010868135451933365,0.002183665564639751,-0.001090830782496456,7.6876392900981765,33.88920664673841,-105.25
1772318527.8420284,-3.884144633275278e-06,1.366842762061487,-8.823346393148086,-0.21780663055490307,-1.5010695152226852,9.730836422907721,-0.00217965017493852,-0.0010948443245957992,-0.001090830782496456,7.6876392900981765,33.88920664673841,-105.25
1772318527.887202,-3.884144633275278e-06,1.366842762061487,-8.823346393148086,-0.22095565050755936,-1.5041976116671296,9.737246853516272,-0.0010888212400439522,-0.0010928366297451835,-0.003272492347489368,7.43556912959051,35.01374461149622,-104.0625
1772318527.924499,-3.884144633275278e-06,1.366842762061487,-8.823346393148086,-0.21971233880954816,-1.5029280621243983,9.73816781176974,0.0,0.0,-0.001090830782496456,7.43556912959051,35.01374461149622,-104.0625
1772318527.9511547,-3.884144633275278e-06,1.366842762061487,-8.823346393148086,-0.21888492876322344,-1.5020831910855081,9.732090475785007,0.0,0.0,-0.001090830782496456,7.43556912959051,35.01374461149622,-104.0625
1772318527.970359,-3.884144633275278e-06,1.366842762061487,-8.823346393148086,-0.21888492876322344,-1.5020831910855081,9.732090475785007,0.0,0.0,-0.001090830782496456,7.43556912959051,35.01374461149622,-104.0625
1772318528.0109425,-3.884144633275278e-06,1.366842762061487,-8.823346393148086,-0.21833429662017015,-1.5015209388469548,9.734736299990097,2.0076948506157248e-06,-0.0010908289348945679,0.001090830782496456,7.436374356680942,34.57624535251475,-105.1875
1772318528.0491729,-3.884144633275278e-06,1.366842762061487,-8.823346393148086,-0.21462275103841807,-1.5011406095210984,9.733151954735472,0.0010888212400439522,0.0010928366297451835,0.0,7.436374356680942,34.57624535251475,-105.1875
1772318528.0841107,-3.884144633275278e-06,1.366842762061487,-8.823346393148086,-0.21462275103841807,-1.5011406095210984,9.733151954735472,0.0010888212400439522,0.0010928366297451835,0.0,7.436374356680942,34.57624535251475,-105.1875
1772318528.1090603,-3.884144633275278e-06,1.366842762061487,-8.823346393148086,-0.21549170821408897,-1.5042387673866804,9.735442702374135,0.0010908289348945679,2.0076948506157248e-06,0.001090830782496456,6.998069870609043,35.01293938440579,-103.5625
1772318528.1253257,0.6672934467313832,0.29125488287015644,125.19625648167755,-0.21608230299134631,-1.4996103447545055,9.736967169338337,0.0010848058503427206,0.0032744944995343195,0.001090830782496456,6.998069870609043,35.01293938440579,-103.5625
1772318528.13837,0.6672934467313832,0.29125488287015644,125.19625648167755,-0.21608230299134631,-1.4996103447545055,9.736967169338337,0.0010848058503427206,0.0032744944995343195,0.001090830782496456,6.998069870609043,35.01293938440579,-103.5625
1772318528.163007,-3.884144633275278e-06,1.366842762061487,-8.823346393148086,-0.21980812977601336,-1.5032265500205582,9.737981685073601,6.023084551847175e-06,-0.0032724868046837036,-0.002181661564992912,6.998069870609043,35.01293938440579,-103.5625
1772318528.2127867,-3.884144633275278e-06,1.366842762061487,-8.823346393148086,-0.22228762588099696,-1.5056330942294565,9.735311722255217,0.0010948443245957992,-0.00217965017493852,0.001090830782496456,6.999565292348418,34.200440760583064,-105.25
1772318528.2449522,-3.884144633275278e-06,1.366842762061487,-8.823346393148086,-0.2239315460992092,-1.5105797285591325,9.730189780117701,-0.0010948443245957992,0.00217965017493852,-0.002181661564992912,6.999565292348418,34.200440760583064,-105.25
1772318528.2763891,-3.884144633275278e-06,1.366842762061487,-8.823346393148086,-0.2250255566406374,-1.5138716584480056,9.726781184841029,-0.0010908289348945679,-2.0076948506157248e-06,0.0,7.686373933241781,34.576705482280715,-104.5
1772318528.3436322,-3.884144633275278e-06,1.366842762061487,-8.823346393148086,-0.22576592191879538,-1.5093721889327558,9.727857914468226,-2.0076948506157248e-06,0.0010908289348945679,0.002181661564992912,7.686373933241781,34.576705482280715,-104.5
1772318528.3716497,-3.884144633275278e-06,1.366842762061487,-8.823346393148086,-0.22576592191879538,-1.5093721889327558,9.727857914468226,-2.0076948506157248e-06,0.0010908289348945679,0.002181661564992912,7.686373933241781,34.576705482280715,-104.5
1772318528.3949473,-3.884144633275278e-06,1.366842762061487,-8.823346393148086,-0.22291352069947326,-1.506371685490857,9.728574466007268,0.0010908289348945679,2.0076948506157248e-06,-0.001090830782496456,7.4376397135373375,33.888746516972446,-105.1875
1772318528.4293818,-3.884144633275278e-06,1.366842762061487,-8.823346393148086,-0.224366542334806,-1.5010359346684468,9.729051323052095,0.0010888212400439522,0.0010928366297451835,-0.002181661564992912,7.4376397135373375,33.888746516972446,-105.1875
1772318528.4513762,-3.884144633275278e-06,1.366842762061487,-8.823346393148086,-0.224366542334806,-1.5010359346684468,9.729051323052095,0.0010888212400439522,0.0010928366297451835,-0.002181661564992912,7.4376397135373375,33.888746516972446,-105.1875
1772318528.4831483,-3.884144633275278e-06,1.366842762061487,-8.823346393148086,-0.22198840596029054,-1.4974788953585068,9.732713777795905,-0.0010948443245957992,0.00217965017493852,-0.001090830782496456,6.998875097699475,34.57544012542432,-105.5625
1772318528.5115793,-3.884144633275278e-06,1.366842762061487,-8.823346393148086,-0.22373857532635263,-1.5018080942573708,9.73515110051561,0.0010868135451933365,0.002183665564639751,0.0,6.998875097699475,34.57544012542432,-105.5625
1772318528.5694335,-3.884144633275278e-06,1.366842762061487,-8.823346393148086,-0.22155818744727993,-1.5046829710223766,9.736773111558895,0.005452136979622223,0.0011008674091476465,-0.007635815477475192,6.312066456806113,34.19917540372667,-104.0625
1772318528.625282,0.020382948417696174,1.3754298788636998,-8.823109584122891,-0.21676205762877135,-1.506590012653142,9.721126983252553,-0.00871860069975408,-0.004379377298383197,0.017453292519943295,6.312066456806113,34.19917540372667,-104.0625
1772318528.649018,0.006971115983176919,1.367380807325759,-8.823263654136461,-0.2102067105437162,-1.5178882889380403,9.690643989399472,0.009823483498602957,-0.0032544175510281622,-0.013089969389957472,7.436374356680942,34.57624535251475,-105.25
1772318528.664406,0.006971115983176919,1.367380807325759,-8.823263654136461,-0.2102067105437162,-1.5178882889380403,9.690643989399472,0.009823483498602957,-0.0032544175510281622,-0.013089969389957472,7.436374356680942,34.57624535251475,-105.25
1772318528.700084,0.006432921351753192,1.3743538172277627,-8.823276102930217,-0.20918930632815125,-1.5254133223374922,9.6703578975076,-0.005472213928128381,0.009807421939798031,-0.002181661564992912,7.436374356680942,34.57624535251475,-105.25
1772318528.7213955,0.0065161163703656875,1.374366290195064,-8.816301058904578,-0.19178670498027156,-1.5303903642953567,9.653512618256734,-0.0032744944995343195,0.0010848058503427206,-0.001090830782496456,6.6876409838548225,33.88736612767456,-105.5625
1772318528.74235,0.013491194288388566,1.3749039041064244,-8.816217829993581,-0.1902469430494629,-1.5303758943052035,9.679098501869895,-0.007643833323664437,0.0043492618756239615,0.003272492347489368,6.6876409838548225,33.88736612767456,-105.5625
1772318528.7572563,0.013491194288388566,1.3749039041064244,-8.816217829993581,-0.1902469430494629,-1.5303758943052035,9.679098501869895,-0.007643833323664437,0.0043492618756239615,0.003272492347489368,6.6876409838548225,33.88736612767456,-105.5625
1772318528.7836452,0.013574457065476437,1.3749159450764972,-8.809242718209468,-0.18926534587785368,-1.5069505223977977,9.722886515259962,0.012017187537495786,-0.009795375770694337,0.008726646259971648,6.6876409838548225,33.88736612767456,-105.5625
1772318528.8069038,0.02628162957287964,1.3899138870902958,-8.823048788063671,-0.18856900673223045,-1.5147769413625687,9.752026949026892,-0.016372472497671594,0.005424029251713603,-0.002181661564992912,7.00014045455587,33.887941289882015,-105.25
1772318528.8319554,0.04023171011905167,1.3909898898846265,-8.822880187690947,-0.2182115551830639,-1.5200407464336076,9.724588018276338,-0.007629779459710127,-0.0032865406686380136,0.016362461737446838,7.00014045455587,33.887941289882015,-105.25
1772318528.8496947,0.04712232329072081,1.3915177936655787,-8.829770800862612,-0.18776174942541793,-1.5234513987798084,9.706327716374783,-0.0032564252458787777,-0.00873265456370839,0.006544984694978736,7.00014045455587,33.887941289882015,-105.25
1772318528.8690867,0.04712232329072081,1.3915177936655787,-8.829770800862612,-0.18776174942541793,-1.5234513987798084,9.706327716374783,-0.0032564252458787777,-0.00873265456370839,0.006544984694978736,7.00014045455587,33.887941289882015,-105.25
1772318528.9012094,0.06796264376381528,1.3931241291053826,-8.836492170019422,-0.21098412238000672,-1.525801187461006,9.67745013090364,-0.003262448330430625,-0.005460167759024686,0.02399827721492203,6.999565292348418,34.200440760583064,-106.0625
1772318528.9170408,0.07493756380252924,1.3936629177120679,-8.836407513132507,-0.22646297913785443,-1.5139845214134269,9.664922643771,-0.0021816578697891357,-4.0153897012314496e-06,-0.006544984694978736,6.999565292348418,34.200440760583064,-106.0625
1772318528.942534,0.07493756380252924,1.3936629177120679,-8.836407513132507,-0.22646297913785443,-1.5139845214134269,9.664922643771,-0.0021816578697891357,-4.0153897012314496e-06,-0.006544984694978736,6.999565292348418,34.200440760583064,-106.0625
1772318528.9670434,0.060987725596553896,1.3925853301598607,-8.83657676128367,-0.23673320169070244,-1.5228461923671426,9.646550405903469,-0.005456152369323454,0.0010807904606414892,-0.015271630954950384,6.999565292348418,34.200440760583064,-106.0625
1772318529.0099618,0.04014734543879269,1.3909793857316324,-8.829855197296114,-0.20006577308524917,-1.5548647356229577,9.666316795467209,0.007621748680307665,0.007649856408216285,-0.013089969389957472,7.001405811412265,33.20044245433971,-105.25
1772318529.0388443,0.04014734543879269,1.3909793857316324,-8.829855197296114,-0.20006577308524917,-1.5548647356229577,9.666316795467209,0.007621748680307665,0.007649856408216285,-0.013089969389957472,7.001405811412265,33.20044245433971,-105.25
1772318529.062906,0.04720675352389503,1.3915278758505463,-8.822795789211014,-0.25261721635394835,-1.550113085680351,9.687619538771434,0.004357292655026424,0.0032805175840861663,0.014180800172453928,7.001405811412265,33.20044245433971,-105.25
1772318529.1018462,0.03342527339940644,1.3904737153972513,-8.809014309086523,-0.20399890422453507,-1.5267263609271684,9.70179627647316,0.008722616089455312,0.002197719428594061,-0.007635815477475192,8.125138549079642,33.89001187382884,-104.75
1772318529.1220033,0.11210494230822499,1.375402850669158,-8.779627871562523,-0.23190512328674234,-1.4845127298722693,9.724611183878402,0.005482252402381459,-0.015261566614270871,0.04036073895236887,8.125138549079642,33.89001187382884,-104.75
1772318529.1518514,0.11210494230822499,1.375402850669158,-8.779627871562523,-0.23190512328674234,-1.4845127298722693,9.724611183878402,0.005482252402381459,-0.015261566614270871,0.04036073895236887,8.125138549079642,33.89001187382884,-104.75
1772318529.177022,0.1684725681744777,1.3658069860920041,-8.82133728785132,-0.1902644915924932,-1.4563092086087666,9.739794249897374,-0.03599735485152074,-6.625393007031891e-05,0.032724923474893676,6.999565292348418,34.200440760583064,-104.5
1772318529.201379,0.44466234837015695,1.337807580994517,-8.782721361696503,-0.10242740199520153,-1.390597774327058,9.716447293653847,0.029566819848638425,-0.06212304152802374,0.24652775684419906,6.999565292348418,34.200440760583064,-104.5
1772318529.2160077,0.8184049652385932,1.317202041444014,-8.750589764339974,-0.04421906974750681,-1.2130633071968304,9.700910155076368,0.01976140560369101,-0.06868608439104669,0.32834006553143325,6.999565292348418,34.200440760583064,-104.5
1772318529.2285576,0.8184049652385932,1.317202041444014,-8.750589764339974,-0.04421906974750681,-1.2130633071968304,9.700910155076368,0.01976140560369101,-0.06868608439104669,0.32834006553143325,6.999565292348418,34.200440760583064,-104.5
1772318529.2446327,1.3092799554884318,1.234946884534929,-8.69698996695064,-0.005482074866342089,-1.0949161025116065,9.824374831207042,0.05267298927163531,-0.17007294449072302,0.4406956361285682,7.436374356680942,34.57624535251475,-104.0625
1772318529.2654355,1.3092799554884318,1.234946884534929,-8.69698996695064,-0.005482074866342089,-1.0949161025116065,9.824374831207042,0.05267298927163531,-0.17007294449072302,0.4406956361285682,7.436374356680942,34.57624535251475,-104.0625
1772318529.2964196,1.940781187953277,1.1487799838248043,-8.636291774858009,-0.026245155206914752,-1.1735966359216623,9.906539193981205,-0.02174430168326919,-0.03930999555321676,0.27598018797160334,7.436374356680942,34.57624535251475,-104.0625
1772318529.3220332,2.21745041996852,1.2711708688271846,-8.806707237291954,-0.07002094580355647,-1.3062956076600598,10.021430670303086,-0.07652265642037023,0.08930743402181146,0.03599741582238305,5.188908881346187,33.19710651353649,-104.5
1772318529.3571494,2.3256691825878226,1.3220428024871032,-8.825984325578956,-0.09914093195426336,-1.4012955030903496,9.954049860958682,0.03159589290978077,0.020783972913664645,0.12544553998709243,5.188908881346187,33.19710651353649,-104.5
1772318529.3957217,2.3256691825878226,1.3220428024871032,-8.825984325578956,-0.09914093195426336,-1.4012955030903496,9.954049860958682,0.03159589290978077,0.020783972913664645,0.12544553998709243,5.188908881346187,33.19710651353649,-104.5
1772318529.4410856,3.282405699345105,1.199663564601937,-8.826930051601952,-0.0716884728648007,-1.4644306778946896,9.96273047235005,0.019813605669807017,-0.09704763669830545,0.15707963267948966,6.313906975869959,33.199177097483314,-103.5625
1772318529.4745924,3.282405699345105,1.199663564601937,-8.826930051601952,-0.0716884728648007,-1.4644306778946896,9.96273047235005,0.019813605669807017,-0.09704763669830545,0.15707963267948966,6.313906975869959,33.199177097483314,-103.5625
1772318529.5247624,4.407036908531671,1.0950109231234741,-8.765948298773711,0.02351827095000166,-1.5063048263978995,9.914985534945112,0.007742210371344608,-0.05779987968545778,0.35561083509384467,6.313906975869959,33.199177097483314,-103.5625
1772318529.5541701,5.752444683717954,1.220058416372771,-8.77214718196576,0.11345959824767977,-1.437114275323042,9.863141142204107,-0.06553606697225053,0.04678518250942947,0.6359543461954338,4.813334354297478,33.50891578958859,-103.5625
1772318529.5717537,5.752444683717954,1.220058416372771,-8.77214718196576,0.11345959824767977,-1.437114275323042,9.863141142204107,-0.06553606697225053,0.04678518250942947,0.6359543461954338,4.813334354297478,33.50891578958859,-103.5625
1772318529.629183,9.129259341623687,1.9232341025704507,-8.838831200273427,0.169796416309044,-1.4340983153196145,9.849165124936395,0.06452956122108185,-0.09260200546985194,0.8377580409572782,3.6863807082683677,34.569343406025325,-104.0625
1772318529.661883,11.31119853949747,2.046154076922254,-8.840870624928622,0.1273138672334137,-1.4628079002600354,9.943107527776279,-0.11330968597919319,-0.07438516783729465,1.0395617357191225,3.6863807082683677,34.569343406025325,-104.0625
1772318529.6953511,13.528992674397246,2.2207594691774837,-8.771037780042086,-0.0977834145220704,-1.7733012817127565,10.025695817704738,-0.038058551030272926,-0.06552000541344562,0.9719302272043423,5.1876435244897925,33.88460534907879,-104.0625
1772318529.7346258,13.528992674397246,2.2207594691774837,-8.771037780042086,-0.0977834145220704,-1.7733012817127565,10.025695817704738,-0.038058551030272926,-0.06552000541344562,0.9719302272043423,5.1876435244897925,33.88460534907879,-104.0625
1772318529.766794,16.333594479051357,2.583741324112364,-8.664738218749545,-0.2480202697015799,-1.7424286296837013,10.08065740208048,-0.07190637112961439,-0.04812898099550162,1.0493792127615906,5.1876435244897925,33.88460534907879,-104.0625
1772318529.7975564,16.333594479051357,2.583741324112364,-8.664738218749545,-0.2480202697015799,-1.7424286296837013,10.08065740208048,-0.07190637112961439,-0.04812898099550162,1.0493792127615906,5.1876435244897925,33.88460534907879,-104.0625
1772318529.824888,20.24281441426506,2.8334910132095215,-8.402094385114225,-0.1238791137864558,-1.721470722923328,10.003499924472552,0.05587319906169685,-0.1307970797499667,1.205368014658584,1.9315523097999014,37.1911180515524,-104.0625
1772318529.8585465,22.682120547885447,2.9965605013004124,-8.264256520379899,-0.04162165230086106,-1.5135073196816347,9.748100670883492,0.09505871753417541,-0.08490998746977271,1.066832505281534,1.9315523097999014,37.1911180515524,-104.0625
1772318529.8804424,22.682120547885447,2.9965605013004124,-8.264256520379899,-0.04162165230086106,-1.5135073196816347,9.748100670883492,0.09505871753417541,-0.08490998746977271,1.066832505281534,1.9315523097999014,37.1911180515524,-104.0625
1772318529.9151688,24.82345238799786,3.164423114403695,-8.204405741791444,-0.18424148700758752,-1.3754732456979313,9.578135320616571,-0.06966448241430678,-0.08084983365263743,0.954476934684399,1.4927876939620397,37.87781166000427,-103.25
1772318529.9430115,26.841958625488402,3.2162015871896563,-8.183471348044415,-0.27915339383697135,-1.2836131114034157,9.465025278651302,-0.15254941221263837,-0.09081987887533532,0.8693921336496754,1.4927876939620397,37.87781166000427,-103.25
1772318529.9596708,27.867010496375915,3.2212738683384727,-8.200167321631676,-0.5228903664195438,-1.2562647426513665,9.710882533148036,-0.09796781157089768,-0.1125360728306959,0.8944812416470939,1.4927876939620397,37.87781166000427,-103.25
1772318529.9814944,30.156137653227855,3.029495638109807,-8.244070900289735,-0.49776866062806646,-1.237719931203565,9.52995128375623,-0.05636774262595855,-0.1931811216085705,0.7864889941799448,-0.009970543998760883,39.37504834077353,-103.25
1772318530.0422084,31.78418158082439,2.7330572828263846,-8.309669969505212,-0.4811120134703598,-1.1919275059290286,9.506551797932731,0.010295291788497652,-0.25959921725125157,0.7243116395776468,-0.009970543998760883,39.37504834077353,-103.25
1772318530.0779727,32.87839068351888,2.5215609145954385,-8.412059366482413,-0.409839919074063,-1.147961912924051,9.393971461994315,-0.12722143102284006,-0.22058234514622474,0.6174102228929941,-3.9495344587787926,40.49279939148341,-102.75
1772318530.1681528,34.81600995222956,2.2796649560142153,-8.502519010950728,-0.32919818893249936,-0.9881825988693588,9.141759585544126,0.046170177254130834,-0.19299239829261264,0.5879577917655898,-3.9495344587787926,40.49279939148341,-102.75
1772318530.228697,36.02499385996325,2.286633337419268,-8.586298337512448,-0.14148766375701866,-1.0120641161621804,8.90032294159676,-0.07173370937246143,-0.14194026939643445,0.5988660995905544,-7.261453686002448,40.174203201383364,-102.875
1772318530.2650802,38.988877661301615,2.3659396360284015,-8.395739668034347,-0.009650394584549943,-1.1517136091988145,8.736304440366501,-0.08597070098190805,-0.11142315925244456,0.5759586531581288,-7.261453686002448,40.174203201383364,-102.875
1772318530.313826,39.92936257007954,2.455829290098234,-8.41329964165511,0.07838751568246749,-1.408558982861838,8.627151960004474,0.028301321461740293,0.03277706811295304,0.4559672670835186,-8.448146447575997,39.73451832601358,-101.6875
1772318530.350829,40.633349495338074,2.4275908593194235,-8.263065510217041,0.13697576151727162,-1.5794867098837613,8.979341390466203,0.05021828490216243,-0.021724224734763032,0.38724492778624187,-8.448146447575997,39.73451832601358,-101.6875
1772318530.3884065,40.633349495338074,2.4275908593194235,-8.263065510217041,0.13697576151727162,-1.5794867098837613,8.979341390466203,0.05021828490216243,-0.021724224734763032,0.38724492778624187,-8.448146447575997,39.73451832601358,-101.6875
1772318530.4377995,43.04443774166761,2.560683284143954,-8.241606623811812,0.22587743536913293,-1.5493052919159012,9.213719522224766,-0.08834911294705752,-0.004525939022478145,0.38069994309126315,-9.571764152801887,38.98244901238424,-101.25
1772318530.4680095,44.154030971239806,2.682035685544574,-8.207171063785943,0.38536290375686494,-1.5123096629432085,9.172333960002963,0.0971299521871807,-0.02491038066087026,0.755945732270044,-9.571764152801887,38.98244901238424,-101.25
1772318530.520941,45.4405313098127,2.9695393641096466,-8.026812441849156,0.49149870139948515,-1.4876894851301354,9.144792330651375,0.05885657780789188,0.02628830995940288,0.8355763793922852,-9.571764152801887,38.98244901238424,-101.25
1772318530.5642602,51.39643354870939,3.8034915191834298,-7.396487252671883,0.4699346603645523,-1.5553689094921395,9.246928025434658,0.02737713119944683,-0.0577637411781467,1.1879147221386406,-11.323141578025638,39.72922683370502,-98.875
1772318530.616887,54.29720197170897,3.9283586066923752,-7.163699778719092,-0.09103032862397663,-1.5743876731076816,9.435281890852854,-0.15044806213687387,-0.04718270608985139,0.9261153343394911,-12.449520061847297,40.477154979440705,-98.5
1772318530.6700137,55.6884470483632,3.971372017159075,-7.122874593462418,-0.4644878674692882,-1.510107008885488,9.774716433506565,-0.14827644274133783,-0.041724546025677316,0.7330382858376184,-12.449520061847297,40.477154979440705,-98.5
1772318530.7402492,59.893722509498204,3.3449600716566192,-7.399535765486094,-0.691014697646782,-1.5109420301059164,10.1141964037961,-0.14136807636400897,-0.2391525370724904,0.7308566242726255,-15.078541751188263,42.65981991180544,-96.5
1772318530.7985065,62.74175102912875,2.839790977957731,-7.58432221871727,-0.6763647868203325,-1.5110262431971595,10.17634978228847,-0.035543615815281586,-0.24659359321624266,0.8628471489546967,-16.14173014622077,43.03286372514137,-93.375
1772318530.847857,64.42180451035159,2.764297466455913,-7.219586016611972,-0.5365564874179247,-1.2934102804373842,9.796228086254171,0.30327855162859846,-0.014713465920052777,0.96647607329186,-16.14173014622077,43.03286372514137,-93.375
1772318530.8847857,64.42180451035159,2.764297466455913,-7.219586016611972,-0.5365564874179247,-1.2934102804373842,9.796228086254171,0.30327855162859846,-0.014713465920052777,0.96647607329186,-16.14173014622077,43.03286372514137,-93.375
1772318530.9317186,66.72935586531159,2.8508836918441784,-7.1759655194721965,-0.4435156259266576,-1.1485892881503394,9.255581736951449,0.3396613838914374,-0.22408636748973948,0.9261153343394911,-21.27074760117012,45.21092735984649,-92.1875
1772318530.957463,68.25684145576965,2.796348686250734,-7.103220911358118,-0.38255842367015336,-0.5303759930635804,8.895787630905927,0.3448163820331685,-0.0615428177161958,0.6032294227205401,-21.27074760117012,45.21092735984649,-92.1875
1772318530.9838984,69.53020057565385,2.835539626461966,-6.928820304970016,-0.47449109888956376,-0.8283707015540728,8.967444061276847,0.22055022202861488,-0.10976816806452697,0.8148505945248526,-23.585314268304703,46.33166925403511,-91.0
1772318531.0206587,70.88200030374479,2.553775915378234,-6.782465809121691,-0.45538872229646943,-1.0265350894306553,9.01513061523392,0.009224539802109242,-0.2705095142950479,0.5912302841130791,-23.585314268304703,46.33166925403511,-91.0
1772318531.051194,71.55301634525294,2.3951127377482724,-6.659715619682888,-0.4426393636100853,-1.1784819121703494,9.04686548419864,0.007938964466704949,-0.16470111530512543,0.5410520681182421,-23.585314268304703,46.33166925403511,-91.0
1772318531.075952,73.7767265639776,1.7909014936135508,-6.170913155902671,-0.43382850050496,-1.4568914455466426,9.335593621578498,0.06250651124449134,-0.17878150671622403,0.5137812985558308,-24.274308525586385,47.14290252100144,-89.75
1772318531.1548984,74.83765246851094,1.2497033924905288,-5.843721582727078,-0.29783214123224033,-1.4646391468371942,9.527738971700167,0.09423089662471153,-0.22781058563581172,0.35997415822383044,-24.274308525586385,47.14290252100144,-89.75
1772318531.2060108,75.9894195023098,1.0568657396491825,-5.644874025022963,-0.19719425732068854,-1.5232983819371853,9.508424640679886,0.06781208650001862,-0.09805012705977292,0.43196898986859655,-24.960311939389314,46.329138540322326,-90.5625
1772318531.2409475,75.9894195023098,1.0568657396491825,-5.644874025022963,-0.19719425732068854,-1.5232983819371853,9.508424640679886,0.06781208650001862,-0.09805012705977292,0.43196898986859655,-24.960311939389314,46.329138540322326,-90.5625
1772318531.2670367,75.9894195023098,1.0568657396491825,-5.644874025022963,-0.19719425732068854,-1.5232983819371853,9.508424640679886,0.06781208650001862,-0.09805012705977292,0.43196898986859655,-24.960311939389314,46.329138540322326,-90.5625
1772318531.3165193,77.61004431085965,1.0698382984549055,-5.601932449345631,-0.13041172877428342,-1.4586371603426982,9.488880945726464,-0.03274695269019381,0.011938887438321773,0.4537856055185257,-24.960311939389314,46.329138540322326,-90.5625
1772318531.3473604,79.3279870550427,1.4035194800662583,-5.73341654425429,-0.08601179922945151,-1.3921900973941408,9.482565058466978,-0.0809241183621102,0.11002515300540579,0.6621342849753488,-24.275573882442778,47.830401356543746,-90.0625
1772318531.3630614,80.46141206687122,1.665376121970252,-5.821189456135513,-0.056605747160041325,-1.2710328803093776,9.50846791141475,-0.05030863117044014,0.07081152680501858,0.7101308394051928,-24.275573882442778,47.830401356543746,-90.0625
1772318531.4045358,82.29824155629397,1.626200728163752,-5.695412037894628,0.006591635607675084,-1.2672615070648046,9.719722449722187,0.05483256249806767,-0.15806981081718155,0.5835944686356039,-24.592904715686426,50.4548217482251,-90.0625
1772318531.4304745,82.29824155629397,1.626200728163752,-5.695412037894628,0.006591635607675084,-1.2672615070648046,9.719722449722187,0.05483256249806767,-0.15806981081718155,0.5835944686356039,-24.592904715686426,50.4548217482251,-90.0625
1772318531.4481995,83.65086270085007,1.1176956488901786,-5.504336871577709,0.055462134798957015,-1.3316415076460884,9.86030998509797,0.13466986731498456,-0.2702786293872271,0.5912302841130791,-24.592904715686426,50.4548217482251,-90.0625
1772318531.4684086,84.32898075046683,0.7529045542016914,-5.412878955838247,0.08802800328458511,-1.3979014211518037,9.930453637473645,0.16313381205962468,-0.32585870500073405,0.5934119456780721,-24.592904715686426,50.4548217482251,-90.0625
1772318531.4970038,85.32152435697154,0.11631335386852765,-5.159411582588429,0.12303755195016408,-1.4185562841600536,9.930301890671249,0.22111036889193666,-0.4141094409001114,0.5563236990731926,-24.282935958698165,51.83039458151716,-90.0625
1772318531.522493,85.32152435697154,0.11631335386852765,-5.159411582588429,0.12303755195016408,-1.4185562841600536,9.930301890671249,0.22111036889193666,-0.4141094409001114,0.5563236990731926,-24.282935958698165,51.83039458151716,-90.0625
1772318531.5474746,86.58995715744832,-0.5943178831013036,-4.678873462163056,0.1296535824903286,-1.4557483907620454,9.80977688340588,0.21772946656531972,-0.3552107015003566,0.5399612373357457,-24.282935958698165,51.83039458151716,-90.0625
1772318531.5620813,87.12037771455887,-0.879524997970219,-4.490281211865364,0.17077260572127634,-1.4369452195423853,9.729568837423324,0.16962056251832425,-0.2942126197196879,0.4385139745635753,-24.282935958698165,51.83039458151716,-90.0625
1772318531.5951204,87.76662449270708,-1.2556227021089827,-4.279178507765033,0.19805681870760175,-1.3809455406012023,9.652775496853279,0.13136927278239222,-0.255013047383255,0.36324665057131983,-24.595435429399213,51.82981941930971,-89.75
1772318531.6135309,88.34412891124003,-1.3759383843940687,-4.179481431033399,0.2998418087032268,-1.3435244612765465,9.46786591824896,0.0699094211860819,-0.052231296404499854,0.3239767424014474,-24.595435429399213,51.82981941930971,-89.75
1772318531.6422431,88.34412891124003,-1.3759383843940687,-4.179481431033399,0.2998418087032268,-1.3435244612765465,9.46786591824896,0.0699094211860819,-0.052231296404499854,0.3239767424014474,-24.595435429399213,51.82981941930971,-89.75
1772318531.6582875,88.86113069343492,-1.46013338911646,-4.110268616237184,0.37446581035528165,-1.4256522308515522,9.34481065926312,0.06445929190131029,-0.05442299274854206,0.20180369476184434,-24.971124988889414,52.20412858950203,-89.375
1772318531.6863968,88.97547183479122,-1.4708758713639571,-4.116384681678123,0.43750767401606233,-1.480282717108948,9.249538312196078,-0.009825491193453573,0.00434524648592273,0.08290313946973066,-24.971124988889414,52.20412858950203,-89.375
1772318531.7013516,89.11188277345654,-1.4066985706954758,-4.128578174870804,0.48929347570145,-1.4062317258551547,9.430328784119128,-0.016424672563787605,0.033785581558972363,0.10144726277217041,-24.971124988889414,52.20412858950203,-89.375
1772318531.7261298,89.11188277345654,-1.4066985706954758,-4.128578174870804,0.48929347570145,-1.4062317258551547,9.430328784119128,-0.016424672563787605,0.033785581558972363,0.10144726277217041,-24.971124988889414,52.20412858950203,-89.375
1772318531.7566004,89.29804064178488,-1.3166866316980381,-4.2451796109925395,0.5705447356258893,-1.3334496817027766,9.510501483134187,-0.029580873712592735,0.06975884407228572,0.07744898555724837,-24.969744599591532,51.45412985981951,-88.5625
1772318531.8109756,89.46401914637318,-1.217377946759963,-4.3814632026250475,0.6245549740508791,-1.2515629839329323,9.61068708264345,-0.02300779237531671,0.05449928515286546,0.08835729338221293,-24.969744599591532,51.45412985981951,-88.5625
1772318531.8322654,89.5957683003819,-1.0997735375494186,-4.655398916377658,0.6404090779141253,-1.1870699236281164,9.630527916067916,-0.06565853635813809,0.11332574753799811,0.05999569303730508,-23.59543712315586,51.831659938373555,-89.0
1772318531.8556354,89.5957683003819,-1.0997735375494186,-4.655398916377658,0.6404090779141253,-1.1870699236281164,9.630527916067916,-0.06565853635813809,0.11332574753799811,0.05999569303730508,-23.59543712315586,51.831659938373555,-89.0
1772318531.925372,89.76235760884943,-0.9005635079360947,-4.840636985309798,0.5706772619368305,-1.1442982742347825,9.62366109883135,-0.08426888218141608,0.14928897157705837,0.12217304763960307,-23.59543712315586,51.831659938373555,-89.0
1772318531.9421868,90.44583718010125,-0.18723963610421465,-5.299328089222385,0.5008557750687653,-1.1158773165472249,9.619091308667791,-0.0831760455516709,0.14820015033701445,0.21707532571679475,-22.47112922328103,52.20872988716164,-90.1875
1772318531.9699712,90.69944488066483,0.00324446960704699,-5.397792997689062,0.444453545260527,-1.1505036535788862,9.619395276069163,-0.08208722431162695,0.1492929869667596,0.24652775684419906,-22.47112922328103,52.20872988716164,-90.1875
1772318532.0275471,91.17208008544581,0.5580460796695401,-5.6847916757290236,0.39377818014413024,-1.3040308566584535,9.622942674686557,-0.10835144193282242,0.1950596175559167,0.16580627893946132,-22.4738900018768,53.70872734652667,-90.5625
1772318532.0500927,91.2918950108174,0.9789849290482959,-6.051572408173607,0.36005429074008777,-1.4062014952966748,9.64871921079063,-0.10948242476472932,0.21687418855895743,0.05999569303730508,-22.4738900018768,53.70872734652667,-90.5625
1772318532.0635734,91.2918950108174,0.9789849290482959,-6.051572408173607,0.36005429074008777,-1.4062014952966748,9.64871921079063,-0.10948242476472932,0.21687418855895743,0.05999569303730508,-22.4738900018768,53.70872734652667,-90.5625
1772318532.090895,91.34633980523701,1.4005148371880578,-6.274802000403384,0.2807446163564846,-1.474299578601351,9.709359659820265,-0.10395399538078369,0.17652355644211148,0.038179077387375956,-22.788460056524677,54.83315027884299,-91.0
1772318532.1190221,91.34633980523701,1.4005148371880578,-6.274802000403384,0.2807446163564846,-1.474299578601351,9.709359659820265,-0.10395399538078369,0.17652355644211148,0.038179077387375956,-22.788460056524677,54.83315027884299,-91.0
1772318532.152568,91.3244771251778,1.6685006627781465,-6.430528709995185,0.1878236415031391,-1.5196919732375953,9.749715201251288,-0.0448805865290253,0.08500234143290104,-0.001090830782496456,-22.788460056524677,54.83315027884299,-91.0
1772318532.1884518,91.25949892986343,1.7214801380976819,-6.61478818478852,-0.037824097995494715,-1.5211948912379172,9.759826464816264,-0.013146162674552054,0.03051911783884051,-0.02399827721492203,-21.665532545947734,55.96021895731359,-91.375
1772318532.2539256,91.20397212168038,1.8780010865251382,-6.732924979474197,0.002451277500493966,-1.4806037991355212,9.703017615249308,-0.05254650449604652,0.10135072159236526,-0.006544984694978736,-20.97872390505437,56.336483679011245,-91.75
1772318532.3086226,91.18424792616925,2.0769155278160203,-6.910020447088284,0.02925408998765105,-1.4535908807735856,9.665211960458931,-0.006633312182794499,0.047984426966257286,0.009817477042468103,-20.97872390505437,56.336483679011245,-91.75
1772318532.326077,91.21413029277602,2.0641879399143077,-6.944164759214531,-0.07316652317325396,-1.5261535911859192,9.566460261951743,-0.09375908833481683,-0.028534214064411718,0.009817477042468103,-20.97872390505437,56.336483679011245,-91.75
1772318532.3385847,91.21413029277602,2.0641879399143077,-6.944164759214531,-0.07316652317325396,-1.5261535911859192,9.566460261951743,-0.09375908833481683,-0.028534214064411718,0.009817477042468103,-20.97872390505437,56.336483679011245,-91.75
1772318532.3552916,91.21835216838284,2.0697267018550183,-6.969023358722738,-0.22809588171634612,-1.6849918390452776,9.637891689724057,-0.029468442800958256,0.008672423718189918,-0.028361600344907856,-20.97872390505437,56.336483679011245,-91.75
1772318532.370087,91.1947658271461,2.0580164533203167,-6.939634865700722,-0.3314028116340849,-1.6803084192862234,9.6854285069652,0.031664154534701706,-0.01630421087275066,-0.009817477042468103,-20.97872390505437,56.336483679011245,-91.75
1772318532.3973658,91.1947658271461,2.0580164533203167,-6.939634865700722,-0.3314028116340849,-1.6803084192862234,9.6854285069652,0.031664154534701706,-0.01630421087275066,-0.009817477042468103,-20.97872390505437,56.336483679011245,-91.75
1772318532.423757,91.2044600732235,2.058697186541539,-6.949329111778106,-0.17932616680543748,-1.7035461591226242,9.717063727818138,-0.018562161146863192,0.009783329601590642,0.002181661564992912,-19.47930160789679,56.651743928308065,-92.0625
1772318532.4598823,91.19903966150106,2.053929765828756,-6.994210432738409,-0.07812085847940613,-1.7190106154011862,9.687939938297406,-0.03273490652109011,0.005393913828954367,-0.017453292519943295,-19.47930160789679,56.651743928308065,-92.0625
1772318532.4966438,91.1880096591954,2.0634463387578204,-7.0239422285666935,-0.01746006840883068,-1.7293143517890097,9.655177934876127,-0.022939530750395776,0.017411101366450153,-0.004363323129985824,-19.47930160789679,56.651743928308065,-92.0625
1772318532.5166187,91.168596569854,2.066891129426121,-6.989698482136571,-0.00040206792113082427,-1.7930812731536463,9.646755634404101,0.0261638328786647,0.00877481615557132,-0.028361600344907856,-19.85430097273805,56.65105373365912,-92.5
1772318532.5406866,91.168596569854,2.066891129426121,-6.989698482136571,-0.00040206792113082427,-1.7930812731536463,9.646755634404101,0.0261638328786647,0.00877481615557132,-0.028361600344907856,-19.85430097273805,56.65105373365912,-92.5
1772318532.5590508,91.13508673384399,2.0642281432083545,-6.930776031305635,0.03407005953401705,-1.6749092598128694,9.69467247484034,0.02071571128874371,0.005492290876634538,-0.015271630954950384,-19.85430097273805,56.65105373365912,-92.5
1772318532.5955312,91.15465852101644,2.0655000124404514,-6.9402867724661315,-0.1301242040503636,-1.7003101698340153,9.729905708591795,-0.009823483498602957,0.0032544175510281622,0.007635815477475192,-20.290534874863123,55.96274967102638,-92.0625
1772318532.6112173,91.15465852101644,2.0655000124404514,-6.9402867724661315,-0.1301242040503636,-1.7003101698340153,9.729905708591795,-0.009823483498602957,0.0032544175510281622,0.007635815477475192,-20.290534874863123,55.96274967102638,-92.0625
1772318532.626013,91.13490340157925,2.0643060550964307,-6.940653653992876,-0.1557967849671498,-1.7003347429520594,9.75335303207238,0.008724623784305927,0.0011068904936994935,-0.018544123302439753,-20.290534874863123,55.96274967102638,-92.0625
1772318532.640836,91.13490340157925,2.0643060550964307,-6.940653653992876,-0.1557967849671498,-1.7003347429520594,9.75335303207238,0.008724623784305927,0.0011068904936994935,-0.018544123302439753,-20.290534874863123,55.96274967102638,-92.0625
1772318532.6554418,91.13527005457418,2.0641501989204896,-6.920898306023838,-0.17288160078575138,-1.7003510960876183,9.698709618071236,0.01090226626439383,0.003292563753189861,-0.006544984694978736,-20.290534874863123,55.96274967102638,-92.0625
1772318532.680278,91.13600322197742,2.063838097820636,-6.881386381857552,-0.1843006087980772,-1.6736011305845424,9.662345036460405,0.027262692592961733,0.004413508110843664,-0.008726646259971648,-19.85223038879122,55.52605563913535,-92.5625
1772318532.7197511,91.13600322197742,2.063838097820636,-6.881386381857552,-0.1843006087980772,-1.6736011305845424,9.662345036460405,0.027262692592961733,0.004413508110843664,-0.008726646259971648,-19.85223038879122,55.52605563913535,-92.5625
1772318532.7521968,91.13561522183515,2.0688129983057597,-6.886286412175048,-0.14841345253191793,-1.6557192897146553,9.651525260446668,-0.013095970303286662,0.003248394466476315,0.007635815477475192,-19.85223038879122,55.52605563913535,-92.5625
1772318532.784639,168.79363472916887,35.460072682788635,136.58632436698434,-0.18804486851828525,-1.6673518447550881,9.644324820374344,0.005450129284771607,0.0021916963440422143,-0.007635815477475192,-20.603034345564172,55.96217450881893,-90.5625
1772318532.812955,91.12176321596553,2.0481669969828067,-6.8962968925527335,-0.15086211835651864,-1.6749762020948498,9.639533007940397,0.0032724868046837036,6.023084551847175e-06,0.003272492347489368,-20.603034345564172,55.96217450881893,-90.5625
1772318532.8346677,91.11712125933381,2.033421738904968,-6.931371785443458,-0.1998513514586745,-1.6032481361010789,9.673140339074171,-0.0021776424800879044,-0.002185673259490367,0.008726646259971648,-21.29122337575542,56.33590851680379,-91.375
1772318532.8581736,91.11712125933381,2.033421738904968,-6.931371785443458,-0.17893144217834123,-1.5554154015673338,9.69550564252521,0.0021816578697891357,4.0153897012314496e-06,-0.00545415391248228,-21.29122337575542,56.33590851680379,-91.375
1772318532.8962336,91.11712125933381,2.033421738904968,-6.931371785443458,-0.17893144217834123,-1.5554154015673338,9.69550564252521,0.0021816578697891357,4.0153897012314496e-06,-0.00545415391248228,-21.29122337575542,56.33590851680379,-91.375
1772318532.9279366,91.11756795334205,2.0188062764712473,-6.956180345424775,-0.18173500645054916,-1.523614034771122,9.710389502135067,0.005448121589920992,0.003282525278936782,-0.002181661564992912,-19.47872644568934,56.339244457607016,-93.75
1772318532.9657807,91.11439709023334,1.9745953668041745,-7.011238711497001,-0.16374818300589394,-1.4493289242942837,9.74917122417517,-0.005454144674472839,-1.0038474253078624e-05,0.00545415391248228,-19.47872644568934,56.339244457607016,-93.75
1772318533.007715,91.10984515712728,1.9358106079454862,-7.130453933660201,-0.16152151805244483,-1.493137471482073,9.732722900410012,0.00435930034987704,0.0021896886491915984,-0.00545415391248228,-19.478036251040397,55.96424509276576,-92.0625
1772318533.0267143,91.10984515712728,1.9358106079454862,-7.130453933660201,-0.16152151805244483,-1.493137471482073,9.732722900410012,0.00435930034987704,0.0021896886491915984,-0.00545415391248228,-19.478036251040397,55.96424509276576,-92.0625
1772318533.049672,91.11083815151748,1.9065810401897405,-7.180061467549002,-0.16003969739940177,-1.52229157026201,9.721776724684116,0.003262448330430625,0.005460167759024686,-0.002181661564992912,-19.478036251040397,55.96424509276576,-92.0625
1772318533.107354,91.10340062758625,1.8379486403954277,-7.299885959740439,-0.15304139735629227,-1.437598704331139,9.748643098528945,-0.0010888212400439522,-0.0010928366297451835,-0.001090830782496456,-20.97929906726182,56.64898314971229,-92.5
1772318533.1442633,91.10431802669456,1.808795904317606,-7.359360522682158,-0.15114967363364143,-1.431803287725648,9.745751885521276,0.0021776424800879044,0.002185673259490367,-0.001090830782496456,-20.97929906726182,56.64898314971229,-92.5
1772318533.1866295,91.10108240753118,1.7742819166852364,-7.394583165824371,-0.14989075262815593,-1.4279465027137392,9.743827815561637,-0.0021776424800879044,-0.002185673259490367,0.0,-19.85430097273805,56.65105373365912,-92.5
1772318533.2308693,91.10108240753118,1.7742819166852364,-7.394583165824371,-0.14989075262815593,-1.4279465027137392,9.743827815561637,-0.0021776424800879044,-0.002185673259490367,0.0,-19.85430097273805,56.65105373365912,-92.5
1772318533.2608874,91.10165792112537,1.750103012847438,-7.4589516451450315,-0.16243337892813117,-1.4254044823388974,9.742547368496767,-0.0010948443245957992,0.00217965017493852,-0.001090830782496456,-19.85430097273805,56.65105373365912,-92.5
1772318533.3240929,91.09934994435885,1.6865101480912035,-7.563510123619454,-0.15508507050434672,-1.4682605507341484,9.731081011680825,-0.0032704791098330877,-0.001096852019446415,0.001090830782496456,-19.853725810530598,56.33855426295807,-92.5625
1772318533.362113,91.09541029124357,1.6619298819313346,-7.60852655393069,-0.1557932539071808,-1.485665621148594,9.727374289490578,-0.0010928366297451835,0.001088821240043952,0.0,-19.478036251040397,55.96424509276576,-92.5
1772318533.4182398,91.09541029124357,1.6619298819313346,-7.60852655393069,-0.1557932539071808,-1.485665621148594,9.727374289490578,-0.0010928366297451835,0.001088821240043952,0.0,-19.478036251040397,55.96424509276576,-92.5
1772318533.4579926,91.09653467934207,1.6375256518368688,-7.643268014602781,-0.1562645420508399,-1.4972485010820313,9.724907507279768,-0.0021836655646397516,0.0010868135451933363,0.001090830782496456,-19.478036251040397,55.96424509276576,-92.5
1772318533.507478,91.09248671371475,1.6130161298856949,-7.6981544259462,-0.15992328508732573,-1.5049629350303553,9.723265891274238,0.0,0.0,0.001090830782496456,-19.478036251040397,55.96424509276576,-92.0625
1772318533.5411575,91.09338362456093,1.5935085220633103,-7.727919706994916,-0.15904997211696328,-1.490020011656138,9.72217341416061,-0.0021836655646397516,0.0010868135451933363,0.0,-19.478036251040397,55.96424509276576,-92.0625
1772318533.5918999,91.08939308536816,1.5737386889320812,-7.758088836203939,-0.16177695768103822,-1.5001524560649409,9.714756159430621,0.0010908289348945679,2.0076948506157248e-06,0.002181661564992912,-20.291225069512066,56.33774903586764,-92.5
1772318533.6203563,91.08990507731106,1.5592024452511217,-7.792750307453424,-0.1636040495952414,-1.5002052725491504,9.716510282678616,0.0010868135451933365,0.002183665564639751,-0.001090830782496456,-20.291225069512066,56.33774903586764,-92.5
1772318533.6519303,91.08990507731106,1.5592024452511217,-7.792750307453424,-0.1636040495952414,-1.5002052725491504,9.716510282678616,0.0010868135451933365,0.002183665564639751,-0.001090830782496456,-20.291225069512066,56.33774903586764,-92.5
1772318533.6811156,91.09056469646065,1.5445913397516242,-7.81754009295858,-0.16481995885418962,-1.500240421329393,9.717677632105316,0.0021776424800879044,0.002185673259490367,-0.001090830782496456,-20.28972964777269,55.52525041204491,-92.5625
1772318533.7104928,91.08660250625744,1.5248163600717028,-7.847708672272635,-0.1683937598641569,-1.5002834762224175,9.718971480431776,0.0010888212400439522,0.0010928366297451835,0.0,-20.28972964777269,55.52525041204491,-92.5625
1772318533.7468855,91.08660250625744,1.5248163600717028,-7.847708672272635,-0.1683937598641569,-1.5002834762224175,9.718971480431776,0.0010888212400439522,0.0010928366297451835,0.0,-20.28972964777269,55.52525041204491,-92.5625
1772318533.7662375,91.08727663574834,1.510205095479817,-7.872497498249223,-0.16800745753358343,-1.50029246500036,9.719315531716664,0.0010888212400439522,0.0010928366297451835,0.0,-20.60498989706951,57.02467270920249,-92.5
1772318533.7976046,91.08809172277944,1.4955187917682091,-7.887415914921009,-0.16776269113160258,-1.4936082348486412,9.72288960571077,0.0010908289348945679,2.0076948506157248e-06,0.0,-20.60498989706951,57.02467270920249,-92.5
1772318533.8258026,91.08809172277944,1.4955187917682091,-7.887415914921009,-0.16776269113160258,-1.4936082348486412,9.72288960571077,0.0010908289348945679,2.0076948506157248e-06,0.0,-20.60498989706951,57.02467270920249,-92.5
1772318533.8464186,91.08347254148299,1.4856058102902172,-7.917508443777374,-0.1675998018253042,-1.4891599543504157,9.725268112028827,-2.0076948506157248e-06,0.0010908289348945679,0.0,-20.60498989706951,57.02467270920249,-93.25
1772318533.8658242,91.08374682277179,1.4807102358017532,-7.922481065837413,-0.1674914008115554,-1.4861996733693954,9.726850981413836,0.0010948443245957992,-0.00217965017493852,0.0,-20.60498989706951,57.02467270920249,-93.25
1772318533.887525,91.08374682277179,1.4807102358017532,-7.922481065837413,-0.1674914008115554,-1.4861996733693954,9.726850981413836,0.0010948443245957992,-0.00217965017493852,0.0,-20.60498989706951,57.02467270920249,-93.25
1772318533.9310365,91.08388856378014,1.4758901492621552,-7.9373233485164,-0.16741926114782424,-1.4842296394450318,9.731249475015069,-6.023084551847175e-06,0.0032724868046837036,0.0,-20.60498989706951,57.02467270920249,-93.25
1772318533.9506423,91.08458474426625,1.4612795563824277,-7.962110238404659,-0.167371253007464,-1.4829186038750886,9.734176623372297,0.0021836655646397516,-0.0010868135451933363,0.0,-20.601538923824794,55.149675884996206,-93.25
1772318534.012794,91.08513962943626,1.4514891249113278,-7.97205506930394,-0.16734546086820834,-1.4787010183070042,9.736124607905642,0.0032684714149824722,0.0021876809543409825,0.0,-20.601538923824794,55.149675884996206,-93.25
1772318534.0479856,91.08556614121841,1.4417746114548506,-7.9918687948646765,-0.17067340252916496,-1.4759004189668299,9.734075858144852,0.0010928366297451835,-0.001088821240043952,0.13962634015954636,-21.29122337575542,56.33590851680379,-92.1875
1772318534.078876,91.08109938394783,1.4317801261592,-8.012091717739041,-0.16954300448747323,-1.4740304946488205,9.73271243806508,0.0005139698817576255,-0.2792522073330094,-0.001090830782496456,-21.29122337575542,56.33590851680379,-92.1875
1772318534.1196542,91.08138004653414,1.4268848498303868,-8.017063933055855,-0.16877842373436483,-1.4794762929866367,9.728459985525074,4.0153897012314496e-06,-0.0021816578697891357,0.0,-19.85499116738699,57.02605309850038,-93.25
1772318534.135685,91.08194264051913,1.4170944440941007,-8.027008329087508,-0.16491834100071562,-1.4864393602465462,9.725630025862706,-0.0021836655646397516,0.0010868135451933363,0.001090830782496456,-19.85499116738699,57.02605309850038,-93.25
1772318534.154055,91.08181468600803,1.4171699446025179,-8.036877107555217,-0.16235565580328956,-1.4877280976839442,9.720401607612802,-0.0010868135451933365,-0.002183665564639751,0.001090830782496456,-19.85499116738699,57.02605309850038,-93.25
1772318534.1694472,91.08181468600803,1.4171699446025179,-8.036877107555217,-0.16235565580328956,-1.4877280976839442,9.720401607612802,-0.0010868135451933365,-0.002183665564639751,0.001090830782496456,-19.85499116738699,57.02605309850038,-93.25
1772318534.2087848,91.08266300035761,1.402484849210376,-8.051793402710667,-0.16398300998925006,-1.4952821068772881,9.726957488794707,4.0153897012314496e-06,-0.0021816578697891357,0.0,-19.104302243055535,56.652434122957004,-93.0
1772318534.2353978,91.08266300035761,1.402484849210376,-8.051793402710667,-0.1650783095050054,-1.4936190035286188,9.727975242779955,-0.0010868135451933365,-0.002183665564639751,0.001090830782496456,-19.104302243055535,56.652434122957004,-93.0
1772318534.2570143,91.08310477735755,1.3927707520555577,-8.071605846739256,-0.16580106235557532,-1.495857332869675,9.72865254668808,-0.0010908289348945679,-2.0076948506157248e-06,-0.001090830782496456,-19.104302243055535,56.652434122957004,-93.0
1772318534.2940586,91.0786536026287,1.3827711472180044,-8.091828842059035,-0.16628204630395121,-1.497346916042371,9.722413061458319,0.0010948443245957992,-0.00217965017493852,0.0,-20.291800231719517,56.65024850656869,-91.75
1772318534.3182628,91.0786536026287,1.3827711472180044,-8.091828842059035,-0.16628204630395121,-1.497346916042371,9.722413061458319,0.0010948443245957992,-0.00217965017493852,0.0,-20.291800231719517,56.65024850656869,-91.75
1772318534.3530967,91.07893980532738,1.377876086689069,-8.096800736103061,-0.16994724179016682,-1.4983443737459337,9.71826075373753,0.0,0.0,-0.001090830782496456,-20.291800231719517,56.65024850656869,-91.75
1772318534.37488,91.07881520194485,1.3779514907303931,-8.106669015946009,-0.17238023170145902,-1.5023532767468364,9.71884255104098,-0.0010888212400439522,-0.0010928366297451835,-0.001090830782496456,-20.291800231719517,56.65024850656869,-92.0625
1772318534.3950124,91.07881520194485,1.3779514907303931,-8.106669015946009,-0.17238023170145902,-1.5023532767468364,9.71884255104098,-0.0010888212400439522,-0.0010928366297451835,-0.001090830782496456,-20.291800231719517,56.65024850656869,-92.0625
1772318534.4233577,91.07938971000834,1.368161617526312,-8.1166126280906,-0.1739993593091459,-1.5050211569115561,9.719229730647324,-0.0021816578697891357,-4.0153897012314496e-06,-0.001090830782496456,-20.291800231719517,56.65024850656869,-92.0625
1772318534.455915,91.07955423457642,1.3633422851634787,-8.131452363368213,-0.17173176460370682,-1.5067904446171352,9.719487394350267,0.0,0.0,-0.001090830782496456,-20.291225069512066,56.33774903586764,-93.0
1772318534.495879,91.08013211348309,1.3535528115403541,-8.141395766335483,-0.17022886239979773,-1.504622779779445,9.723003978373603,2.0076948506157248e-06,-0.0010908289348945679,0.0,-20.291225069512066,56.33774903586764,-93.0
1772318534.5187104,91.08042168708384,1.3486581503063837,-8.14636745127939,-0.16924101125534988,-1.4964900109613366,9.725344225758315,-0.0010888212400439522,-0.0010928366297451835,-0.001090830782496456,-20.60498989706951,57.02467270920249,-93.0
1772318534.5557654,91.08042168708384,1.3486581503063837,-8.14636745127939,-0.16924101125534988,-1.4964900109613366,9.725344225758315,-0.0010888212400439522,-0.0010928366297451835,-0.001090830782496456,-20.60498989706951,57.02467270920249,-93.0
1772318534.5946934,91.08058997622781,1.343839244347113,-8.161206665250427,-0.16858360735374023,-1.491077744161866,9.726901634250565,0.0,0.0,-0.001090830782496456,-20.60498989706951,57.02467270920249,-93.0
1772318534.6132016,91.08058997622781,1.343839244347113,-8.161206665250427,-0.16814611240090171,-1.4874759410657998,9.724592960497445,-2.0076948506157248e-06,0.0010908289348945679,0.002181661564992912,-19.47872644568934,56.339244457607016,-91.75
1772318534.6267874,91.08058997622781,1.343839244347113,-8.161206665250427,-0.16814611240090171,-1.4874759410657998,9.724592960497445,-2.0076948506157248e-06,0.0010908289348945679,0.002181661564992912,-19.47872644568934,56.339244457607016,-91.75
1772318534.6466625,91.08058997622781,1.343839244347113,-8.161206665250427,-0.16784880765505855,-1.4884240873816588,9.723056563904318,-4.0153897012314496e-06,0.0021816578697891357,-0.002181661564992912,-19.47872644568934,56.339244457607016,-91.75
1772318534.6798666,91.08058997622781,1.343839244347113,-8.161206665250427,-0.1709899039674577,-1.4924063309467568,9.718688997426948,0.0,0.0,-0.001090830782496456,-19.47872644568934,56.339244457607016,-91.75
1772318534.7262716,91.08058997622781,1.343839244347113,-8.161206665250427,-0.16639005639198604,-1.4950441560710184,9.715782430725174,0.0,0.0,0.001090830782496456,-19.853035615881655,55.96355489811681,-93.0
1772318534.771025,91.08058997622781,1.343839244347113,-8.161206665250427,-0.16667401525568806,-1.4968057559666448,9.7105030313463,0.0010868135451933365,0.002183665564639751,0.0,-19.853035615881655,55.96355489811681,-93.0
1772318534.8283675,91.08058997622781,1.343839244347113,-8.161206665250427,-0.16686914344932147,-1.49463297497731,9.706989650034416,2.0076948506157248e-06,-0.0010908289348945679,0.0,-20.603034345564172,55.96217450881893,-92.0625
1772318534.8458424,91.08058997622781,1.343839244347113,-8.161206665250427,-0.16686914344932147,-1.49463297497731,9.706989650034416,2.0076948506157248e-06,-0.0010908289348945679,0.0,-20.603034345564172,55.96217450881893,-92.0625
1772318534.8740091,91.08058997622781,1.343839244347113,-8.161206665250427,-0.16699899908245971,-1.4931870135004615,9.707996645725716,0.0,0.0,0.0,-20.603034345564172,55.96217450881893,-92.0625
1772318534.9117348,91.08058997622781,1.343839244347113,-8.161206665250427,-0.16708541655573078,-1.492224742290067,9.708666790109397,0.0010888212400439522,0.0010928366297451835,-0.002181661564992912,-20.603724540213115,56.337173873660184,-92.0625
1772318534.931846,91.08058997622781,1.343839244347113,-8.161206665250427,-0.16714292641884623,-1.4915843615488231,9.709112763710735,-0.0010928366297451835,0.001088821240043952,-0.002181661564992912,-20.603724540213115,56.337173873660184,-92.0625
1772318534.9463356,91.08058997622781,1.343839244347113,-8.161206665250427,-0.16714292641884623,-1.4915843615488231,9.709112763710735,-0.0010928366297451835,0.001088821240043952,-0.002181661564992912,-20.603724540213115,56.337173873660184,-92.0625
1772318534.9655068,91.08058997622781,1.343839244347113,-8.161206665250427,-0.16717504184845425,-1.4945033013605613,9.706064442453254,-0.00217965017493852,-0.0010948443245957992,-0.001090830782496456,-20.603724540213115,56.337173873660184,-92.0625
1772318534.9822526,91.08058997622781,1.343839244347113,-8.161206665250427,-0.1672025710499736,-1.4931007171570645,9.707380930415699,0.0010848058503427206,0.0032744944995343195,-0.001090830782496456,-20.291225069512066,56.33774903586764,-92.5
1772318535.009421,91.08058997622781,1.343839244347113,-8.161206665250427,-0.16722089142606336,-1.4921673130375295,9.708257038448572,-0.0010928366297451835,0.001088821240043952,0.0,-20.291225069512066,56.33774903586764,-92.5
1772318535.0356522,91.08058997622781,1.343839244347113,-8.161206665250427,-0.1672330834316991,-1.4915461430227863,9.71553030197232,0.0010888212400439522,0.0010928366297451835,-0.001090830782496456,-20.291225069512066,56.33774903586764,-92.5
1772318535.0523195,91.08058997622781,1.343839244347113,-8.161206665250427,-0.1672330834316991,-1.4915461430227863,9.71553030197232,0.0010888212400439522,0.0010928366297451835,-0.001090830782496456,-20.291225069512066,56.33774903586764,-92.5
1772318535.0792208,91.08058997622781,1.343839244347113,-8.161206665250427,-0.16724119707525606,-1.4911327613168983,9.723715689307017,-0.0021756347852372885,-0.003276502194384935,0.001090830782496456,-19.103036886199142,55.9649352874147,-92.5
1772318535.1071675,91.08058997622781,1.343839244347113,-8.161206665250427,-0.1705978593977901,-1.48751871110976,9.72916297314149,-4.0153897012314496e-06,0.0021816578697891357,-0.001090830782496456,-19.103036886199142,55.9649352874147,-92.5
1772318535.1270835,91.08058997622781,1.343839244347113,-8.161206665250427,-0.17283168067706148,-1.4851136010684955,9.732788079683184,-0.00217965017493852,-0.0010948443245957992,0.001090830782496456,-19.103036886199142,55.9649352874147,-92.5
1772318535.1592302,91.08058997622781,1.343839244347113,-8.161206665250427,-0.17431826378499787,-1.4835130272028734,9.72516521246963,0.0,0.0,-0.001090830782496456,-20.291800231719517,56.65024850656869,-91.75
1772318535.1917775,91.08058997622781,1.343839244347113,-8.161206665250427,-0.17865267427862233,-1.4824540199167517,9.726782502906655,-0.0010868135451933365,-0.002183665564639751,-0.002181661564992912,-20.291800231719517,56.65024850656869,-91.75
1772318535.2150462,91.08058997622781,1.343839244347113,-8.161206665250427,-0.17865267427862233,-1.4824540199167517,9.726782502906655,-0.0010868135451933365,-0.002183665564639751,-0.002181661564992912,-20.291800231719517,56.65024850656869,-91.75
1772318535.2408423,91.08058997622781,1.343839244347113,-8.161206665250427,-0.17818591326020947,-1.4850882116973705,9.727858791626177,2.0076948506157248e-06,-0.0010908289348945679,-0.001090830782496456,-20.291800231719517,56.65024850656869,-91.75
1772318535.257018,91.08058997622781,1.343839244347113,-8.161206665250427,-0.17787528901651792,-1.4868412369015218,9.728575049746086,-0.0010908289348945679,-2.0076948506157248e-06,0.0,-20.603724540213115,56.337173873660184,-92.5
1772318535.284117,91.08058997622781,1.343839244347113,-8.161206665250427,-0.17432346601072715,-1.4880016988504419,9.722361488109119,2.0076948506157248e-06,-0.0010908289348945679,-0.001090830782496456,-20.603724540213115,56.337173873660184,-92.5
1772318535.2973776,91.08058997622781,1.343839244347113,-8.161206665250427,-0.17432346601072715,-1.4880016988504419,9.722361488109119,2.0076948506157248e-06,-0.0010908289348945679,-0.001090830782496456,-20.603724540213115,56.337173873660184,-92.5
1772318535.310228,91.08058997622781,1.343839244347113,-8.161206665250427,-0.1719597674768361,-1.4887739733142387,9.718226432249748,-0.0010868135451933365,-0.002183665564639751,0.001090830782496456,-20.603724540213115,56.337173873660184,-92.5
1772318535.3299656,91.08058997622781,1.343839244347113,-8.161206665250427,-0.1719597674768361,-1.4887739733142387,9.718226432249748,-0.0010868135451933365,-0.002183665564639751,0.001090830782496456,-20.603724540213115,56.337173873660184,-92.5
1772318535.3461742,91.08058997622781,1.343839244347113,-8.161206665250427,-0.17038675250677432,-1.4892879133430248,9.715474598766939,8.030779402462899e-06,-0.0043633157395782714,0.001090830782496456,-20.603724540213115,56.337173873660184,-93.0
1772318535.3620517,91.08058997622781,1.343839244347113,-8.161206665250427,-0.17038675250677432,-1.4892879133430248,9.715474598766939,8.030779402462899e-06,-0.0043633157395782714,0.001090830782496456,-20.603724540213115,56.337173873660184,-93.0
1772318535.3999262,91.08058997622781,1.343839244347113,-8.161206665250427,-0.17268503465744095,-1.4896360914329634,9.713643284324123,0.0010928366297451835,-0.001088821240043952,0.0,-20.603724540213115,56.337173873660184,-93.0
1772318535.419313,91.08058997622781,1.343839244347113,-8.161206665250427,-0.1708755664555696,-1.4865165372790312,9.71576967672687,-0.0010888212400439522,-0.0010928366297451835,-0.001090830782496456,-19.85499116738699,57.02605309850038,-93.75
1772318535.435824,91.08058997622781,1.343839244347113,-8.161206665250427,-0.1708755664555696,-1.4865165372790312,9.71576967672687,-0.0010888212400439522,-0.0010928366297451835,-0.001090830782496456,-19.85499116738699,57.02605309850038,-93.75
1772318535.4579656,91.08058997622781,1.343839244347113,-8.161206665250427,-0.16967138558030842,-1.4844405088372927,9.717184767117539,-0.0010888212400439522,-0.0010928366297451835,0.0,-19.85499116738699,57.02605309850038,-93.75
1772318535.5137413,91.08058997622781,1.343839244347113,-8.161206665250427,-0.1655187538760217,-1.486397884399719,9.724816717379573,-0.0010868135451933365,-0.002183665564639751,0.0,-19.85499116738699,57.02605309850038,-93.75
1772318535.5299726,91.08058997622781,1.343839244347113,-8.161206665250427,-0.16274906712288645,-1.4910456020127103,9.729895695024487,0.0,0.0,-0.001090830782496456,-20.291225069512066,56.33774903586764,-93.25
1772318535.5611098,91.08058997622781,1.343839244347113,-8.161206665250427,-0.1642509775696174,-1.4941447629076163,9.72658547449664,2.0076948506157248e-06,-0.0010908289348945679,-0.002181661564992912,-20.291225069512066,56.33774903586764,-93.25
1772318535.596254,91.08058997622781,1.343839244347113,-8.161206665250427,-0.1642509775696174,-1.4941447629076163,9.72658547449664,2.0076948506157248e-06,-0.0010908289348945679,-0.002181661564992912,-20.291225069512066,56.33774903586764,-93.25
1772318535.6198983,91.08058997622781,1.343839244347113,-8.161206665250427,-0.16525048219447785,-1.496207219863281,9.724382559712943,0.0010968520194464151,-0.0032704791098330877,0.0,-20.603724540213115,56.337173873660184,-91.75
1772318535.6359673,91.08058997622781,1.343839244347113,-8.161206665250427,-0.1625766920574781,-1.4942284991447397,9.722916544532564,-0.0010908289348945679,-2.0076948506157248e-06,-0.001090830782496456,-20.603724540213115,56.337173873660184,-91.75
1772318535.6520765,91.08058997622781,1.343839244347113,-8.161206665250427,-0.1625766920574781,-1.4942284991447397,9.722916544532564,-0.0010908289348945679,-2.0076948506157248e-06,-0.001090830782496456,-20.603724540213115,56.337173873660184,-91.75
1772318535.6702425,91.08058997622781,1.343839244347113,-8.161206665250427,-0.1608034713313656,-1.4895665765687949,9.725286039513804,-0.0010848058503427206,-0.0032744944995343195,0.002181661564992912,-20.603724540213115,56.337173873660184,-91.75
1772318535.6934192,91.08058997622781,1.343839244347113,-8.161206665250427,-0.1608034713313656,-1.4895665765687949,9.725286039513804,-0.0010848058503427206,-0.0032744944995343195,0.002181661564992912,-20.603724540213115,56.337173873660184,-91.75
1772318535.738554,91.08058997622781,1.343839244347113,-8.161206665250427,-0.1596234127463112,-1.486464119171591,9.726862911954825,4.0153897012314496e-06,-0.0021816578697891357,-0.001090830782496456,-20.97872390505437,56.336483679011245,-93.0
1772318535.759855,91.08058997622781,1.343839244347113,-8.161206665250427,-0.1621832029815898,-1.4844056251723399,9.727912302949505,0.0010908289348945679,2.0076948506157248e-06,0.002181661564992912,-20.97872390505437,56.336483679011245,-93.0
1772318535.7977808,91.08058997622781,1.343839244347113,-8.161206665250427,-0.15719034596354073,-1.4863685129685011,9.72526554922668,-0.0010888212400439522,-0.0010928366297451835,-0.001090830782496456,-19.102231659108707,55.527436028433236,-93.0
1772318535.8241956,91.08058997622781,1.343839244347113,-8.161206665250427,-0.1538738121337645,-1.4843296868284386,9.726849275897637,-2.0076948506157248e-06,0.0010908289348945679,-0.001090830782496456,-19.102231659108707,55.527436028433236,-93.0
1772318535.8499272,91.08058997622781,1.343839244347113,-8.161206665250427,-0.1538738121337645,-1.4843296868284386,9.726849275897637,-2.0076948506157248e-06,0.0010908289348945679,-0.001090830782496456,-19.102231659108707,55.527436028433236,-93.0
1772318535.8688912,91.08058997622781,1.343839244347113,-8.161206665250427,-0.15166053917629072,-1.4863179768489216,9.724558116598452,-0.0010908289348945679,-2.0076948506157248e-06,0.001090830782496456,-20.291800231719517,56.65024850656869,-93.0
1772318535.8919888,91.08058997622781,1.343839244347113,-8.161206665250427,-0.15166053917629072,-1.4863179768489216,9.724558116598452,-0.0010908289348945679,-2.0076948506157248e-06,0.001090830782496456,-20.291800231719517,56.65024850656869,-93.0
1772318535.9306097,91.08058997622781,1.343839244347113,-8.161206665250427,-0.15687784282999928,-1.4876534751306343,9.72303337567877,4.0153897012314496e-06,-0.0021816578697891357,0.001090830782496456,-20.291800231719517,56.65024850656869,-93.0
1772318536.1439826,91.08058997622781,1.343839244347113,-8.161206665250427,-0.16344541369130952,-1.4843877879673861,9.717292062210719,0.0010948443245957992,-0.00217965017493852,-0.001090830782496456,-20.603034345564172,55.96217450881893,-91.75
1772318536.1785033,91.08058997622781,1.343839244347113,-8.161206665250427,-0.16344541369130952,-1.4843877879673861,9.717292062210719,0.0010948443245957992,-0.00217965017493852,-0.001090830782496456,-20.603034345564172,55.96217450881893,-91.75
1772318536.2343173,91.08058997622781,1.343839244347113,-8.161206665250427,-0.16472670191593813,-1.4830238499500807,9.718197897650882,-0.0010928366297451835,0.001088821240043952,0.0,-20.603034345564172,55.96217450881893,-91.75
1772318536.2590146,91.08058997622781,1.343839244347113,-8.161206665250427,-0.16558554165836922,-1.4787710583942357,9.722145832724783,0.0,0.0,-0.001090830782496456,-19.47872644568934,56.339244457607016,-93.0
1772318536.3136232,91.08058997622781,1.343839244347113,-8.161206665250427,-0.16613861968748453,-1.4859761912451581,9.72477313941514,-0.0010988597142970308,0.004361308044727655,-0.002181661564992912,-19.47872644568934,56.339244457607016,-93.0
1772318536.338661,91.08058997622781,1.343839244347113,-8.161206665250427,-0.16651284367944236,-1.4874260206293248,9.719831359253995,2.0076948506157248e-06,-0.0010908289348945679,0.0,-19.47872644568934,56.339244457607016,-93.0
1772318536.376106,91.08058997622781,1.343839244347113,-8.161206665250427,-0.1701069916072486,-1.4883970226307006,9.716542659760055,2.0076948506157248e-06,-0.0010908289348945679,0.0,-19.85430097273805,56.65105373365912,-93.25
1772318536.4150276,91.08058997622781,1.343839244347113,-8.161206665250427,-0.17250501364580859,-1.485698107574299,9.717699178691339,6.023084551847175e-06,-0.0032724868046837036,0.0,-19.85430097273805,56.65105373365912,-93.25
1772318536.4601786,91.08058997622781,1.343839244347113,-8.161206665250427,-0.1741008705248089,-1.4839020097531201,9.718468829120944,2.0076948506157248e-06,-0.0010908289348945679,0.002181661564992912,-20.291800231719517,56.65024850656869,-93.6875
1772318536.540115,91.08058997622781,1.343839244347113,-8.161206665250427,-0.1741008705248089,-1.4839020097531201,9.718468829120944,2.0076948506157248e-06,-0.0010908289348945679,0.002181661564992912,-20.291800231719517,56.65024850656869,-93.6875
1772318536.560408,91.08058997622781,1.343839244347113,-8.161206665250427,-0.17516289545089422,-1.4827067267168532,9.718981022884288,-0.0010928366297451835,0.001088821240043952,-0.001090830782496456,-20.291800231719517,56.65024850656869,-93.6875
1772318536.6377506,91.08058997622781,1.343839244347113,-8.161206665250427,-0.17251839839222602,-1.4852502285080498,9.726012105526852,-0.0010948443245957992,0.00217965017493852,-0.001090830782496456,-20.977228483314992,55.52398505518852,-93.0
1772318536.6611724,91.08058997622781,1.343839244347113,-8.161206665250427,-0.17251839839222602,-1.4852502285080498,9.726012105526852,-0.0010948443245957992,0.00217965017493852,-0.001090830782496456,-20.977228483314992,55.52398505518852,-93.0
1772318536.770582,91.08058997622781,1.343839244347113,-8.161206665250427,-0.16959142973884822,-1.48584322416106,9.72711488247886,0.0010848058503427206,0.0032744944995343195,0.0,-19.85499116738699,57.02605309850038,-93.0
1772318536.822146,91.08058997622781,1.343839244347113,-8.161206665250427,-0.1688168069400774,-1.4839924264786832,9.724734874811237,0.0010928366297451835,-0.001088821240043952,-0.001090830782496456,-19.85499116738699,57.02605309850038,-93.0
1772318536.851117,91.08058997622781,1.343839244347113,-8.161206665250427,-0.1688168069400774,-1.4839924264786832,9.724734874811237,0.0010928366297451835,-0.001088821240043952,-0.001090830782496456,-19.85499116738699,57.02605309850038,-93.0
1772318536.9217958,91.08058997622781,1.343839244347113,-8.161206665250427,-0.16829514737873105,-1.4861058473373403,9.723151006294861,-0.0010888212400439522,-0.0010928366297451835,0.001090830782496456,-20.291225069512066,56.33774903586764,-92.5625
1772318536.934977,91.08058997622781,1.343839244347113,-8.161206665250427,-0.16829514737873105,-1.4861058473373403,9.723151006294861,-0.0010888212400439522,-0.0010928366297451835,0.001090830782496456,-20.291225069512066,56.33774903586764,-92.5625
1772318537.0213878,91.08058997622781,1.343839244347113,-8.161206665250427,-0.16771489909160106,-1.4895672627183405,9.725847772063895,0.0010868135451933365,0.002183665564639751,-0.001090830782496456,-20.603034345564172,55.96217450881893,-92.875
1772318537.0430026,91.08058997622781,1.343839244347113,-8.161206665250427,-0.16771489909160106,-1.4895672627183405,9.725847772063895,0.0010868135451933365,0.002183665564639751,-0.001090830782496456,-20.603034345564172,55.96217450881893,-92.875
1772318537.0922909,91.08058997622781,1.343839244347113,-8.161206665250427,-0.16756799675655526,-1.486470732538317,9.727236738691948,0.0,0.0,0.001090830782496456,-20.603034345564172,55.96217450881893,-92.875
1772318537.1194186,91.08058997622781,1.343839244347113,-8.161206665250427,-0.16756799675655526,-1.486470732538317,9.727236738691948,0.0,0.0,0.001090830782496456,-20.603034345564172,55.96217450881893,-92.875
1772318537.2058957,91.08058997622781,1.343839244347113,-8.161206665250427,-0.16406006942434212,-1.483032492566169,9.723204973411766,2.0076948506157248e-06,-0.0010908289348945679,0.0,-20.979989261910763,57.02398251455355,-93.0
1772318537.2387946,91.08058997622781,1.343839244347113,-8.161206665250427,-0.16513574844011691,-1.4821219160002126,9.722132874003632,4.0153897012314496e-06,-0.0021816578697891357,0.0,-20.28972964777269,55.52525041204491,-93.0
1772318537.3379483,91.08058997622781,1.343839244347113,-8.161206665250427,-0.16583928732525707,-1.4882061495504035,9.721419403823655,0.0,0.0,0.001090830782496456,-20.28972964777269,55.52525041204491,-93.0
1772318537.3654282,91.08058997622781,1.343839244347113,-8.161206665250427,-0.16583928732525707,-1.4882061495504035,9.721419403823655,0.0,0.0,0.001090830782496456,-20.28972964777269,55.52525041204491,-93.0
1772318537.414159,91.08058997622781,1.343839244347113,-8.161206665250427,-0.16663957261630954,-1.483807222779987,9.722854753484318,-0.0010928366297451835,0.001088821240043952,0.0,-18.790537415498093,55.96551044962215,-93.6875
1772318537.449442,91.08058997622781,1.343839244347113,-8.161206665250427,-0.16685237899943256,-1.482637490303205,9.725244918261447,-0.0010948443245957992,0.00217965017493852,-0.001090830782496456,-19.853035615881655,55.96355489811681,-91.0
1772318537.5171545,91.08058997622781,1.343839244347113,-8.161206665250427,-0.16699399927019787,-1.481859046406674,9.730180657928056,0.0,0.0,-0.001090830782496456,-19.853035615881655,55.96355489811681,-91.0
1772318537.551119,91.08058997622781,1.343839244347113,-8.161206665250427,-0.1670882459783901,-1.481341000689321,9.733465337540359,2.0076948506157248e-06,-0.0010908289348945679,-0.001090830782496456,-20.604299702420565,56.64967334436123,-93.0
1772318537.5866663,91.08058997622781,1.343839244347113,-8.161206665250427,-0.1670882459783901,-1.481341000689321,9.733465337540359,2.0076948506157248e-06,-0.0010908289348945679,-0.001090830782496456,-20.604299702420565,56.64967334436123,-93.0
1772318537.6144023,91.08058997622781,1.343839244347113,-8.161206665250427,-0.1670882459783901,-1.481341000689321,9.733465337540359,0.0010908289348945679,2.0076948506157248e-06,0.001090830782496456,-20.604299702420565,56.64967334436123,-93.0
1772318537.648269,91.08058997622781,1.343839244347113,-8.161206665250427,-0.1671509661098873,-1.4809962470513724,9.732306143422752,-2.0076948506157248e-06,0.0010908289348945679,0.002181661564992912,-20.97929906726182,56.64898314971229,-93.0
1772318537.7514784,91.08058997622781,1.343839244347113,-8.161206665250427,-0.1671509661098873,-1.4809962470513724,9.732306143422752,-2.0076948506157248e-06,0.0010908289348945679,0.002181661564992912,-20.97929906726182,56.64898314971229,-93.0
1772318537.7735682,91.08058997622781,1.343839244347113,-8.161206665250427,-0.1705378116982831,-1.480772974098336,9.731534712686532,0.0010928366297451835,-0.001088821240043952,0.0,-20.97929906726182,56.64898314971229,-93.0
1772318537.7937343,91.08058997622781,1.343839244347113,-8.161206665250427,-0.16944045682043413,-1.4839633377418588,9.734366445856342,-0.0010928366297451835,0.001088821240043952,0.0,-19.853725810530598,56.33855426295807,-92.5
1772318537.8186567,91.08058997622781,1.343839244347113,-8.161206665250427,-0.17204297196526097,-1.4927828579328228,9.73625093264832,0.0010888212400439522,0.0010928366297451835,0.0,-19.853725810530598,56.33855426295807,-92.5
1772318537.8494391,91.08058997622781,1.343839244347113,-8.161206665250427,-0.17204297196526097,-1.4927828579328228,9.73625093264832,0.0010888212400439522,0.0010928366297451835,0.0,-19.853725810530598,56.33855426295807,-92.5
1772318537.8916833,91.08058997622781,1.343839244347113,-8.161206665250427,-0.16709701812285183,-1.491949624532649,9.734159925849964,-2.0076948506157248e-06,0.0010908289348945679,-0.001090830782496456,-20.291800231719517,56.65024850656869,-93.0
1772318537.9498959,91.08058997622781,1.343839244347113,-8.161206665250427,-0.16713833364843123,-1.4980914858375565,9.732768384183734,0.0010888212400439522,0.0010928366297451835,-0.002181661564992912,-20.291800231719517,56.65024850656869,-93.0
1772318537.9706733,91.04667275127044,1.3316476538485578,-8.171924135832505,-0.16718429889478373,-1.4921435078023437,9.731842328749398,-0.0010948443245957992,0.00217965017493852,0.0,-20.290534874863123,55.96274967102638,-92.5
1772318538.001129,90.88890242666501,1.3108162083446766,-8.223233650788842,-0.170541524068676,-1.4982266697295883,9.731226049202563,-0.06655662658737356,0.008604162093268983,-0.2378011105842274,-20.290534874863123,55.96274967102638,-92.5
1772318538.0258038,90.58319602906447,1.2839646144831274,-8.241642301579146,-0.4033602373346017,-1.626468684763717,9.714090363511842,0.007589625562697813,0.02510311936652937,-0.28579766501407144,-20.290534874863123,55.96274967102638,-92.5
1772318538.051679,90.32377646336134,1.2854736996278573,-8.373518880353311,-0.5576828160708373,-2.046322917363176,9.655855192200347,0.04252225151238198,0.01098658944811969,-0.04908738521234052,-20.28972964777269,55.52525041204491,-92.0625
1772318538.0746527,90.32377646336134,1.2854736996278573,-8.373518880353311,-0.5576828160708373,-2.046322917363176,9.655855192200347,0.04252225151238198,0.01098658944811969,-0.04908738521234052,-20.28972964777269,55.52525041204491,-92.0625
1772318538.0896773,90.41552859151258,1.2670018723954435,-8.268232100135073,-0.14919721815877268,-1.990278633421804,9.617100336222036,0.05022230029186366,-0.023905882604552165,0.09817477042468103,-20.28972964777269,55.52525041204491,-92.0625
1772318538.1035514,90.41552859151258,1.2670018723954435,-8.268232100135073,-0.14919721815877268,-1.990278633421804,9.617100336222036,0.05022230029186366,-0.023905882604552165,0.09817477042468103,-20.28972964777269,55.52525041204491,-92.0625
1772318538.1244044,90.5900206744348,1.2692124790108217,-8.1672757929955,0.12228829314024618,-1.7589656381066703,9.601344747610534,0.07310963097614342,-0.01295543166374356,0.1505346479845109,-20.28972964777269,55.52525041204491,-92.0625
1772318538.1483033,90.57174024175862,1.2384036532324694,-8.226801646213493,-0.008172934094157014,-1.5855313644045537,9.590859579391038,-0.027210492526845723,-0.03277506041810242,-0.05235987755982989,-19.85223038879122,55.52605563913535,-92.0625
1772318538.179474,90.64881322201788,1.2592760642715513,-8.300577325296588,-0.09499342347125456,-1.4701127926435755,9.50694424779962,-0.04911540979816417,0.015181258820246242,0.03381575425739013,-19.85223038879122,55.52605563913535,-92.0625
1772318538.2147107,90.64881322201788,1.2592760642715513,-8.300577325296588,-0.09499342347125456,-1.4701127926435755,9.50694424779962,-0.04911540979816417,0.015181258820246242,0.03381575425739013,-19.85223038879122,55.52605563913535,-92.0625
1772318538.241153,90.8041254662444,1.2453557063508434,-8.244335202049307,-0.15277148930329937,-1.3933030224465706,9.451099532021207,0.02729080032087035,-0.010858096977680285,0.07853981633974483,-20.290534874863123,55.96274967102638,-93.0
1772318538.334127,90.99071536288207,1.2548157171854855,-8.356408106242737,-0.09770078259180681,-1.2650771506746858,9.59122641798495,-0.057805902770009625,-0.004469723566660905,0.10144726277217041,-20.290534874863123,55.96274967102638,-93.0
1772318538.399949,91.78461529970922,1.313416477702393,-8.387403105934212,-0.15136970557629414,-1.1799104974177743,9.684479295273942,-0.023990205788278027,-0.004407485026291817,0.13199052468207118,-19.47872644568934,56.339244457607016,-91.375
1772318538.5472858,93.12292354112412,1.3232778507529985,-8.413447130274148,-0.18687644507780576,-1.2369666464606357,9.716432038040995,-0.02722655408565065,-0.024048428938945883,0.1538071403320003,-19.47872644568934,56.339244457607016,-91.375
1772318538.644114,93.92103413912099,1.3327162435632731,-8.41560064287908,-0.21041958919364048,-1.3217683608709125,9.737696231416946,-0.015239481970914098,-0.017481370686221704,0.18871372537188688,-20.609016032521673,59.212169004109825,-89.375
1772318538.7018595,94.81663783961287,1.3653093889726868,-8.440940476839343,-0.20262844912490108,-1.401575599611255,9.78864354335255,0.004403469636590586,-0.021808547918488894,0.17889624832941878,-20.609016032521673,59.212169004109825,-89.375
1772318538.7387447,95.5249151274263,1.3845449222010149,-8.4687066402404,-0.1974065919906841,-1.4747570617367678,9.82254841032693,-0.019608820795044214,-0.014216914660940464,0.18980455615438332,-21.298585452010805,60.33590174177721,-88.1875
1772318538.7649102,95.5249151274263,1.3845449222010149,-8.4687066402404,-0.1974065919906841,-1.4747570617367678,9.82254841032693,-0.019608820795044214,-0.014216914660940464,0.18980455615438332,-21.298585452010805,60.33590174177721,-88.1875
1772318538.8622987,97.02419788505986,1.390794995945734,-8.52597471660177,-0.22730788351886758,-1.555934461692756,9.776558658747174,0.008772808460720705,-0.025073003943770135,0.16907877128695067,-20.988156565256585,61.46147499850843,-87.75
1772318538.928287,97.02419788505986,1.390794995945734,-8.52597471660177,-0.22730788351886758,-1.555934461692756,9.776558658747174,0.008772808460720705,-0.025073003943770135,0.16907877128695067,-20.988156565256585,61.46147499850843,-87.75
1772318538.9690566,97.42727602674067,1.3818630869608832,-8.53337931401407,-0.18041020318672094,-1.5606940625242847,9.75094893217999,0.0022278348513532975,-0.02508505011287383,0.17889624832941878,-20.988156565256585,61.46147499850843,-87.75
1772318539.0296474,98.23698553895022,1.3920506373695047,-8.517056770563874,-0.17522651738289707,-1.5660555628666892,9.706945626499454,0.006579104421827874,-0.01853204572410396,0.1505346479845109,-19.488849300540497,61.83923514194546,-85.375
1772318539.0726678,98.23698553895022,1.3920506373695047,-8.517056770563874,-0.17522651738289707,-1.5660555628666892,9.706945626499454,0.006579104421827874,-0.01853204572410396,0.1505346479845109,-19.488849300540497,61.83923514194546,-85.375
1772318539.1173935,99.0742340452529,1.42935035853305,-8.568111857227592,-0.1725484245935343,-1.5474081599812881,9.704622236847655,-0.02178646327513212,-0.01640258792043083,0.16471544815696484,-19.86591924932858,62.96354304182029,-83.875
1772318539.1724424,99.58199718957877,1.434105673402781,-8.579945241169876,-0.17076618375847005,-1.5349985216661926,9.703076046988345,-0.00434524648592273,-0.009825491193453573,0.17016960206944712,-19.86591924932858,62.96354304182029,-83.875
1772318539.1926434,99.9592573304699,1.4471134180662124,-8.571377205811592,-0.17624570750722574,-1.5401327836420324,9.702047074909048,4.01538970123145e-05,-0.021816578697891355,0.1712604328519436,-20.30410870295899,63.337737179571114,-83.0
1772318539.2437148,99.9592573304699,1.4471134180662124,-8.571377205811592,-0.17624570750722574,-1.5401327836420324,9.702047074909048,4.01538970123145e-05,-0.021816578697891355,0.1712604328519436,-20.30410870295899,63.337737179571114,-83.0
1772318539.314107,101.31219526503862,1.4733306660782965,-8.601014326638134,-0.18238673968503377,-1.5090272494100587,9.65633662963253,0.009853598921362193,-0.01961685157444668,0.16144295580947549,-20.617183335867495,63.64966148806471,-81.75
1772318539.4468005,102.25033570348019,1.4549617639908026,-8.59760615976113,-0.19175603253585596,-1.510917500548665,9.697376306717898,-0.006506827407205708,-0.020737795932100483,0.17453292519943295,-21.307442950005566,65.14839359057335,-81.5
1772318539.471943,102.54535998203667,1.4486624803224735,-8.607082196157204,-0.18686295461321972,-1.527446082390596,9.714979519965931,-0.003218279043717079,-0.029458404326705177,0.17562375598192942,-20.619944114463262,65.14965894742974,-80.5625
1772318539.5386815,102.99375121825076,1.4583013269246339,-8.60902094539029,-0.18360666591496713,-1.5384456689700439,9.756800267107597,-0.005422021556862987,-0.017463301432566164,0.16689710972195776,-20.619944114463262,65.14965894742974,-80.5625
1772318539.6192813,103.87287548660406,1.4603254629685056,-8.64555825759352,-0.15131521756217642,-1.5557456784129637,9.791321730576657,0.007665917967021211,-0.016348380159464205,0.16144295580947549,-20.622704893059034,66.64965640679478,-78.5625
1772318539.6712213,103.87287548660406,1.4603254629685056,-8.64555825759352,-0.15131521756217642,-1.5557456784129637,9.791321730576657,0.007665917967021211,-0.016348380159464205,0.16144295580947549,-20.622704893059034,66.64965640679478,-78.5625
1772318539.7668667,104.4306309921553,1.4883240849263517,-8.645160796586339,-0.1331707254440218,-1.5672647981853267,9.807605155470664,0.019675074725114535,-0.021780440190580272,0.14944381720201447,-20.622704893059034,66.64965640679478,-78.5625
1772318539.8000503,104.4306309921553,1.4883240849263517,-8.645160796586339,-0.1331707254440218,-1.5672647981853267,9.807605155470664,0.019675074725114535,-0.021780440190580272,0.14944381720201447,-20.622704893059034,66.64965640679478,-78.5625
1772318539.8393676,105.27910795701857,1.5130663855319673,-8.63911194113862,-0.12110808211038357,-1.568240431633807,9.82513181625449,-0.006514858186608171,-0.01637448019252221,0.136353847812057,-20.622704893059034,66.64965640679478,-77.0625
1772318539.8633597,105.27910795701857,1.5130663855319673,-8.63911194113862,-0.12110808211038357,-1.568240431633807,9.82513181625449,-0.006514858186608171,-0.01637448019252221,0.136353847812057,-20.622704893059034,66.64965640679478,-77.0625
1772318539.9123394,105.27910795701857,1.5130663855319673,-8.63911194113862,-0.12110808211038357,-1.568240431633807,9.82513181625449,-0.006514858186608171,-0.01637448019252221,0.136353847812057,-20.622704893059034,66.64965640679478,-77.0625
1772318539.9627507,106.07582743456221,1.5618171269977255,-8.68977708098572,-0.12981221466984144,-1.5655753824630567,9.806689607854622,-0.0021896886491915984,0.00435930034987704,0.12980886311707826,-18.81078312520041,66.96549181829904,-76.6875
1772318539.986946,106.52949599300703,1.5920641082413907,-8.689129792008059,-0.1356047176566291,-1.5638018220104721,9.868008981738503,0.0022137809873989875,-0.017449247568611853,0.11999138607461016,-18.81078312520041,66.96549181829904,-76.6875
1772318540.0287938,106.7680257772458,1.6271226578838718,-8.698671029068914,-0.13946572042970617,-1.5592764312997314,9.7817020951978,-0.00217965017493852,-0.0010948443245957992,0.11344640137963143,-20.31078058456544,66.96273103970327,-75.0625
1772318540.1218197,107.22292345074261,1.6447309171280322,-8.679524838708714,-0.14202901790309397,-1.5596099403751742,9.7142304911941,-0.008708562225501001,-0.009833521972856035,0.13853550937704992,-20.31078058456544,66.96273103970327,-75.0625
1772318540.1914828,107.65410655111462,1.6526223339696913,-8.707363247233364,-0.1537393981529271,-1.576575887372516,9.669328892436837,-0.01524751275031656,-0.013118054946643434,0.07963064712224129,-19.499662350040598,67.71422519112517,-73.0625
1772318540.2118661,107.99110886117765,1.6411470674718247,-8.75341834845467,-0.16153252539567234,-1.5878665355772008,9.639447380047603,-0.007621748680307665,-0.007649856408216285,0.09708393964218458,-19.499662350040598,67.71422519112517,-73.0625
1772318540.2330825,108.18162137122079,1.648483979012947,-8.736836498341013,-0.17010081101350624,-1.575315856325397,9.616216455643613,-0.003248394466476315,-0.013095970303286662,0.11671889372712078,-19.875466941972288,68.15103425545769,-72.6875
1772318540.2476919,108.18162137122079,1.648483979012947,-8.736836498341013,-0.17010081101350624,-1.575315856325397,9.616216455643613,-0.003248394466476315,-0.013095970303286662,0.11671889372712078,-19.875466941972288,68.15103425545769,-72.6875
1772318540.2694812,108.26673279894402,1.6524539036975279,-8.751105392959765,-0.1758029093781529,-1.5669635194835951,9.600756534959187,1.6061558804925798e-05,-0.008726631479156543,0.07308566242726255,-19.875466941972288,68.15103425545769,-72.6875
1772318540.3383992,108.54328488950377,1.647416472040822,-8.771356713195054,-0.17964068933628904,-1.5379893903264927,9.587123018735012,-0.004347254180773346,-0.008734662258559005,0.10144726277217041,-18.374664255516826,67.71629577507198,-72.0
1772318540.3800652,108.91987976836616,1.6559167296476591,-8.794513297198884,-0.21552261460539912,-1.5856711192836348,9.614846294764693,-0.007613717900905202,-0.012013172147794555,0.07853981633974483,-18.374664255516826,67.71629577507198,-72.0
1772318540.4372523,109.17695937495021,1.6496474472647178,-8.81531549903959,-0.17254876814928347,-1.5905187940953265,9.63329582527316,-0.009797383465544951,-0.01092635860260122,0.0916297857297023,-18.00104527997345,68.46698469940344,-70.0
1772318540.4569988,109.33233709088947,1.655882905305879,-8.80894593347356,-0.167365895672657,-1.5937879647235078,9.662299340268381,0.016378495582223443,-0.008696516056397307,0.09708393964218458,-18.00104527997345,68.46698469940344,-70.0
1772318540.524703,109.33233709088947,1.655882905305879,-8.80894593347356,-0.167365895672657,-1.5937879647235078,9.662299340268381,0.016378495582223443,-0.008696516056397307,0.09708393964218458,-18.00104527997345,68.46698469940344,-70.0
1772318540.5561008,109.68237970741609,1.6845142439855665,-8.81357806073383,-0.14388921287993217,-1.572510878515726,9.761883536482875,0.0043733542138313505,-0.005446113895070376,0.07308566242726255,-16.623977024942015,67.34451731859247,-69.0625
1772318540.599959,109.89920513456671,1.6758990555900457,-8.809582403696725,-0.12826574273310407,-1.5583512153250738,9.841536153464537,0.013112031862091587,-0.011975025945632857,0.09053895494720585,-16.623977024942015,67.34451731859247,-69.0625
1772318540.6826754,110.41931835176747,1.6626502434521635,-8.841740030142912,-0.1178315574247788,-1.5689987538945818,9.894544080287801,1.4053863954310075e-05,-0.007635802544261975,0.08944812416470939,-18.000470117766,68.1544852287024,-68.0
1772318540.712944,110.51018695386225,1.669726624908888,-8.840706822210267,-0.13764857199168895,-1.5761338258067343,9.926475151744024,0.004391423467486891,-0.015263574309121487,0.07417649320975901,-18.000470117766,68.1544852287024,-68.0
1772318540.7430363,110.6054920551832,1.6690636314592877,-8.850614840806815,-0.15418783659879234,-1.5775431871606498,9.910928694324186,-0.01634235707491236,-0.010938404771704914,0.05235987755982989,-18.000470117766,68.1544852287024,-68.0
1772318540.766091,110.74705263569628,1.6698828189432058,-8.87579962896463,-0.16521300266473235,-1.5684457832735401,9.837025578137524,-0.01851598416529903,-0.015305735900984416,0.06981317007977318,-15.501739709014013,68.84658536190432,-68.0
1772318540.8087416,110.94399785571977,1.6678237603509403,-8.860990387792482,-0.15246102104775147,-1.5723899402846633,9.7878438798672,-0.009803406550096799,-0.007653871797917516,0.13853550937704992,-15.501739709014013,68.84658536190432,-68.0
1772318540.8650553,111.36520293541699,1.6364176351238897,-8.836478119392082,-0.07770511286277415,-1.7995001511996787,9.816901338378777,-0.0010486673430316377,-0.02290941532763654,0.0916297857297023,-17.624665525834313,67.71767616436988,-66.0
1772318540.9016247,111.36520293541699,1.6364176351238897,-8.836478119392082,-0.1642757090437493,-1.833326726000784,9.79117698164684,0.007700048779481678,-0.03489247205267186,0.11671889372712078,-17.624665525834313,67.71767616436988,-66.0
1772318540.915972,111.36520293541699,1.6364176351238897,-8.836478119392082,-0.1642757090437493,-1.833326726000784,9.79117698164684,0.007700048779481678,-0.03489247205267186,0.11671889372712078,-17.624665525834313,67.71767616436988,-66.0
1772318540.961044,111.72843944669484,1.5792620342630461,-8.781985534421045,-0.22198598161515287,-1.8023162369990928,9.764022374479671,0.016420657174086372,-0.03160392368918323,0.0916297857297023,-15.50104951436507,68.47158599706306,-66.0
1772318541.0018873,111.84742625821009,1.599966233850203,-8.787945043864326,-0.2603915233454369,-1.7816791029783272,9.719190393088203,-0.012021202927197017,0.011977033640483472,0.0545415391248228,-15.50104951436507,68.47158599706306,-66.0
1772318541.0243256,111.84742625821009,1.599966233850203,-8.787945043864326,-0.2603915233454369,-1.7816791029783272,9.719190393088203,-0.012021202927197017,0.011977033640483472,0.0545415391248228,-15.50104951436507,68.47158599706306,-66.0
1772318541.0466092,112.00878044094537,1.6705185314301927,-8.82496862599512,-0.2491538158922732,-1.7678775966588518,9.689355210278226,-0.017501447634727864,0.026147771319859778,0.09599310885968812,-15.50104951436507,68.47158599706306,-66.0
1772318541.0692496,112.19798983065989,1.7103276572224646,-8.847688283494708,-0.2418168521785748,-1.6817554094213416,9.669500229399016,-0.005458160064174071,0.002171619395536057,0.07526732399225546,-15.50104951436507,68.47158599706306,-66.0
1772318541.132636,112.31955310796742,1.7217332572210997,-8.856034448492089,-0.2503146089524201,-1.6244666828301184,9.66632229654053,0.0010908289348945679,2.0076948506157248e-06,0.032724923474893676,-15.124669760225926,67.7222774620295,-64.375
1772318541.1605608,112.46184212911615,1.6956902131439944,-8.845500897795407,-0.2559820846429872,-1.5796514631576388,9.664207417723043,-0.0032524098561775463,-0.010914312433497525,0.09053895494720585,-15.124669760225926,67.7222774620295,-64.375
1772318541.1801782,112.5188701463338,1.6865263272735118,-8.85267666333323,-0.2430281961976369,-1.5497966513750692,9.736392447055776,-0.007615725595755817,-0.010922343212899987,0.05781403147231216,-15.124669760225926,67.7222774620295,-64.375
1772318541.2098696,112.5188701463338,1.6865263272735118,-8.85267666333323,-0.2430281961976369,-1.5497966513750692,9.736392447055776,-0.007615725595755817,-0.010922343212899987,0.05781403147231216,-15.124669760225926,67.7222774620295,-64.375
1772318541.24457,112.8064517298987,1.6329938348689084,-8.899072221329542,-0.2342720798205753,-1.603520940547181,9.784430777717098,-0.0010426442584797904,-0.026181902132320245,0.05345070834232634,-15.810788206470345,66.97101337549059,-63.1875
1772318541.2924209,112.95807535774007,1.6350596545064622,-8.898841358270197,-0.22835878779771737,-1.6861053394327872,9.766223074539102,0.005464183148725918,-0.00544410620021976,0.0545415391248228,-15.810788206470345,66.97101337549059,-63.1875
1772318541.361637,113.10919005435193,1.6429348646141342,-8.902461203677005,-0.22439277430296545,-1.7577898645705468,9.754106051467517,-0.004341231096221499,-0.012007149063242708,0.06872233929727672,-15.497713573561846,66.65908906699698,-62.0
1772318541.4109752,113.27885690268312,1.669526969321676,-8.866717805036801,-0.21506322454245322,-1.8054828017973754,9.746042307969393,0.010924350907750603,-0.008706554530650385,0.07090400086226964,-15.497713573561846,66.65908906699698,-62.0
1772318541.4449937,113.42081127049559,1.6708289570237624,-8.866725848395273,-0.18904246030410343,-1.6966905245620083,9.770781982115183,-0.0032443790767750836,-0.015277628173075796,0.06217735460229799,-13.31021727865451,66.66311520244915,-61.1875
1772318541.4686878,113.42081127049559,1.6708289570237624,-8.866725848395273,-0.18904246030410343,-1.6966905245620083,9.770781982115183,-0.0032443790767750836,-0.015277628173075796,0.06217735460229799,-13.31021727865451,66.66311520244915,-61.1875
1772318541.493234,113.6018809596235,1.6927839936975853,-8.877757697097653,-0.19179656862354896,-1.6243274198024455,9.793936182313578,0.0010868135451933365,0.002183665564639751,0.038179077387375956,-13.31021727865451,66.66311520244915,-61.1875
1772318541.5081065,113.6018809596235,1.6927839936975853,-8.877757697097653,-0.19179656862354896,-1.6243274198024455,9.793936182313578,0.0010868135451933365,0.002183665564639751,0.038179077387375956,-13.31021727865451,66.66311520244915,-61.1875
1772318541.5297537,113.7123486067621,1.6974722027017257,-8.881737522268212,-0.17350950676070487,-1.6028944898147077,9.852831496091397,0.008724623784305927,0.0011068904936994935,0.06981317007977318,-13.310792440861963,66.97561467315019,-62.0
1772318541.553109,113.77762786675116,1.7084314113028276,-8.884688673774159,-0.14461414116327714,-1.5886003306200436,9.905406116336051,-0.013089947218734814,-2.40923382073887e-05,0.05126904677733343,-13.310792440861963,66.97561467315019,-62.0
1772318541.5740497,113.92852126244811,1.720125051486125,-8.882315823579521,-0.1253845981405724,-1.579087727352215,9.943739050519198,0.008748716122513316,-0.011983056725035319,0.06763150851478027,-13.30941205156408,66.22561594346769,-60.0
1772318541.6547012,114.1166645482597,1.7271747405268403,-8.89161374425181,-0.12929461204899967,-1.582823297974099,9.969249190011151,0.0033046099222935553,-0.017447239873761237,0.06217735460229799,-13.30941205156408,66.22561594346769,-60.0
1772318541.7282543,114.42553263786701,1.7355767674954312,-8.88519955020592,-0.15865753095945437,-1.585358532428849,9.805589870680869,-0.015279635867926413,0.004335208011669651,0.050178215994836975,-11.372720560308013,66.66668120813536,-58.75
1772318541.746527,114.42553263786701,1.7355767674954312,-8.88519955020592,-0.15865753095945437,-1.585358532428849,9.805589870680869,-0.015279635867926413,0.004335208011669651,0.050178215994836975,-11.372720560308013,66.66668120813536,-58.75
1772318541.7645345,114.5118517713054,1.7266385987026638,-8.88194606449572,-0.17810587436104558,-1.6372222932607736,9.696676421860952,0.008764777681318241,-0.020709688204191862,0.07308566242726255,-11.372720560308013,66.66668120813536,-58.75
1772318541.7998762,114.75797704573709,1.6946888780762601,-8.85380597805563,-0.17190807827726176,-1.6389425922498317,9.631696754874156,0.024042405854394034,-0.023954067280966943,0.07526732399225546,-12.870532403284725,65.4764224408756,-57.5625
1772318541.8461797,114.93013292585806,1.7064026992858163,-8.866960772884022,-0.17054321291977237,-1.4855251644643341,9.627784059707437,-0.013093962608436045,0.0021575655315817467,0.04908738521234052,-12.870532403284725,65.4764224408756,-57.5625
1772318541.9098773,114.93013292585806,1.7064026992858163,-8.866960772884022,-0.17054321291977237,-1.4855251644643341,9.627784059707437,-0.013093962608436045,0.0021575655315817467,0.04908738521234052,-12.870532403284725,65.4764224408756,-57.5625
1772318541.9811323,115.13217944983967,1.730740273899746,-8.90288505293833,-0.16644372277609445,-1.2997937722783228,9.625180204781655,-0.01964295160750468,0.004327177232267188,0.04581489286485115,-11.806193683837316,64.47837968613759,-58.375
1772318542.0500894,115.36819097010594,1.7728385845998509,-8.914429708473687,-0.14014589704248245,-1.2597761593789059,9.63348270353747,-0.011985064419885933,-0.007657887187618748,0.08726646259971647,-11.806193683837316,64.47837968613759,-58.375
1772318542.0844572,115.61072096654541,1.781994332729535,-8.912530637675104,-0.14585755759168026,-1.343576481583415,9.615592141763242,0.00655300438876987,-0.004351269570474577,0.05235987755982989,-10.994960416870986,65.16737394341926,-57.5625
1772318542.2099335,115.77798644707389,1.7936369930218243,-8.859463644437435,-0.17307434617434186,-1.3993877570926563,9.627101954704399,0.025091073197425675,-0.0010446519533304061,0.05126904677733343,-10.994960416870986,65.16737394341926,-57.5625
1772318542.2921724,115.99717358666733,1.7965248339869941,-8.905227028551707,-0.19114371775157754,-1.4599452797818577,9.611345824692467,0.018550114977759498,-0.0032383559922232364,0.04254240051736178,-9.619387583578924,64.85740518643101,-57.1875
1772318542.347024,116.09741402156028,1.8065105701222015,-8.913034709500282,-0.21984495896074854,-1.5270372667011223,9.641001636664864,-0.01309195491358543,0.001066736596687179,0.017453292519943295,-9.619387583578924,64.85740518643101,-57.1875
1772318542.3741796,116.09741402156028,1.8065105701222015,-8.913034709500282,-0.21984495896074854,-1.5270372667011223,9.641001636664864,-0.01309195491358543,0.001066736596687179,0.017453292519943295,-9.619387583578924,64.85740518643101,-57.1875
1772318542.4359777,116.19641633562378,1.7852765861629576,-8.918376172944212,-0.1720431935412961,-1.5715630996919314,9.66073724825537,0.005450129284771607,0.0021916963440422143,0.031634092692397225,-11.36938461950479,64.85418427806927,-56.375
1772318542.461605,116.2926107241271,1.7865987481492756,-8.846870054059977,-0.14023165263535814,-1.6011945441611701,9.714012417795455,0.06549992846493946,-0.02715026168132725,0.12217304763960307,-11.36938461950479,64.85418427806927,-56.375
1772318542.4833014,116.40581905605826,1.8283008363926223,-8.725116406858547,-0.11917840561614482,-1.5573569246617556,9.789607788489578,0.03592708553174919,0.038245266651380186,-0.001090830782496456,-12.488861156837023,61.852118775392384,-59.1875
1772318542.4992263,116.40581905605826,1.8283008363926223,-8.725116406858547,-0.11917840561614482,-1.5573569246617556,9.789607788489578,0.03592708553174919,0.038245266651380186,-0.001090830782496456,-12.488861156837023,61.852118775392384,-59.1875
1772318542.5179908,116.36048206370747,1.8316866626345474,-8.7550602966811,-0.23562684052409083,-1.5284235915160442,9.843260774938214,-0.034900502832074326,-0.0033367330399034067,-0.0272707695624114,-12.488861156837023,61.852118775392384,-59.1875
1772318542.5491288,116.34842564916609,1.7983559252094343,-8.834317041758899,-0.313121973141078,-1.5091687815140822,9.878966238076652,-0.02728276954146789,0.0064947812381020145,-0.02399827721492203,-9.617892161839547,64.04490656260828,-56.0
1772318542.6005242,116.38176343613517,1.8202010526904864,-8.829074989415986,-0.3644971024805533,-1.6033983138765515,9.839170702500056,0.03601542410517628,-0.009751206483980791,0.038179077387375956,-9.617892161839547,64.04490656260828,-56.0
1772318542.6222365,116.38176343613517,1.8202010526904864,-8.829074989415986,-0.3644971024805533,-1.6033983138765515,9.839170702500056,0.03601542410517628,-0.009751206483980791,0.038179077387375956,-9.617892161839547,64.04490656260828,-56.0
1772318542.641972,116.37652546314722,1.8269806005046931,-8.75123209014294,-0.2581922234145797,-1.6658484318924716,9.752475207387343,0.011977033640483472,0.012021202927197019,-0.006544984694978736,-10.62053621423718,65.48056360876926,-57.1875
1772318542.66459,116.3962582059602,1.8224605863409078,-8.746893330098292,-0.18789079931397945,-1.4665606528295163,9.69478032384197,0.02510311936652937,-0.007589625562697813,0.02399827721492203,-10.62053621423718,65.48056360876926,-57.1875
1772318542.7299793,116.19847235689588,1.8266096147108475,-8.679799668075333,-0.14110598689339346,-1.333936862053478,9.656385023336602,0.00978935268614249,0.015289674342179491,-0.050178215994836975,-9.619962745786376,65.16990465713205,-58.0
1772318542.7759464,115.95857826401738,1.8351795290720792,-8.667312055684226,-0.15658721546390994,-1.3628421166359892,9.654249161705124,0.01415869151027261,0.01202521831689825,-0.10035643198967395,-9.619962745786376,65.16990465713205,-58.0
1772318542.8268445,115.95857826401738,1.8351795290720792,-8.667312055684226,-0.15658721546390994,-1.3628421166359892,9.654249161705124,0.01415869151027261,0.01202521831689825,-0.10035643198967395,-9.619962745786376,65.16990465713205,-58.0
1772318542.8537598,115.55789435925139,1.8063020798316043,-8.65778780398925,-0.2036674963719863,-1.3921812829528903,9.726420227209541,-0.0033246868707997126,0.028355529222706916,-0.13199052468207118,-10.30941713283402,66.23113750065922,-57.5625
1772318542.8981786,115.03713778024871,1.7652529751213568,-8.681425111792509,-0.1944921096854574,-1.4647282435487872,9.756235377685309,0.006500804322653861,0.024010282736784183,-0.11562806294462433,-11.372720560308013,66.66668120813536,-58.375
1772318542.940582,115.03713778024871,1.7652529751213568,-8.681425111792509,-0.1944921096854574,-1.4647282435487872,9.756235377685309,0.006500804322653861,0.024010282736784183,-0.11562806294462433,-11.372720560308013,66.66668120813536,-58.375
1772318542.96757,114.7628554017753,1.763807993752968,-8.681366093123264,-0.19202273269194126,-1.5000589106083677,9.744114239073882,-0.008776823850421936,0.027254661813559268,-0.17562375598192942,-11.372720560308013,66.66668120813536,-58.375
1772318543.009703,114.42830287979177,1.752692947587212,-8.72894922189011,-0.19036091966190066,-1.5336063929916504,9.759463538681205,-0.019659013166309608,0.01305380871142373,-0.1505346479845109,-11.81021981928948,66.66587598104492,-58.0
1772318543.0612128,114.35941061243005,1.737814294176582,-8.732446289020288,-0.07861407586751931,-1.6928780429882293,9.769678326106966,0.005458160064174071,-0.002171619395536057,-0.011999138607461015,-11.81021981928948,66.66587598104492,-58.0
1772318543.1221504,113.88994713837708,1.6939645644412316,-8.725583457093611,0.03146151411551213,-1.6520017739640787,9.657230897743354,-0.029464427411257023,0.006490765848400783,-0.09817477042468103,-12.123984646846923,67.35279965437977,-59.5625
1772318543.17403,113.88994713837708,1.6939645644412316,-8.725583457093611,0.03146151411551213,-1.6520017739640787,9.657230897743354,-0.029464427411257023,0.006490765848400783,-0.09817477042468103,-12.123984646846923,67.35279965437977,-59.5625
1772318543.1909006,113.8249479160789,1.6810773681585849,-8.712979227898293,-0.0986738413721998,-1.5411643666912382,9.66150230508842,0.011983056725035319,0.008748716122513316,-0.044724062082354694,-12.121914062900096,66.227801559856,-59.1875
1772318543.2234354,113.73076416437797,1.6699132927550506,-8.695408947185598,-0.1417910882024157,-1.4673232726418441,9.664344878961815,-0.0011028751039982622,0.006542965914516792,-0.06763150851478027,-12.121914062900096,66.227801559856,-59.1875
1772318543.2536263,113.60524075772256,1.6490452228236818,-8.739958065814465,-0.17036199947935776,-1.4850849702413238,9.666236580120929,-0.00544410620021976,-0.005464183148725917,-0.020725784867432664,-12.495533038443469,65.47711263552455,-59.1875
1772318543.3226244,113.48339870662225,1.6415083730865951,-8.725842346814868,-0.1893756217761716,-1.4969051815826149,9.590557916842286,0.01309195491358543,-0.001066736596687179,-0.04799655442984406,-12.495533038443469,65.47711263552455,-59.1875
1772318543.4106045,113.40799425690334,1.6282035253272222,-8.763754682924173,-0.10181124209429387,-1.430994365020479,9.54019461181641,-0.005464183148725918,0.00544410620021976,-0.009817477042468103,-12.498293817039238,66.97711009488957,-59.1875
1772318543.4582312,113.40757294377958,1.6358826298431897,-8.75210899399145,-0.08702450411390157,-1.3872114905147253,9.580270852477698,-1.204616910369435e-05,0.006544973609367407,0.003272492347489368,-12.498293817039238,66.97711009488957,-59.1875
1772318543.5119114,113.4044986256437,1.6184538306522027,-8.79138853919629,-0.07699939291059615,-1.4584276578633268,9.606941142956842,-0.005456152369323454,0.0010807904606414892,0.00545415391248228,-11.373985917164408,67.35418004367766,-60.75
1772318543.5526347,113.4044986256437,1.6184538306522027,-8.79138853919629,-0.07699939291059615,-1.4584276578633268,9.606941142956842,-0.005456152369323454,0.0010807904606414892,0.00545415391248228,-11.373985917164408,67.35418004367766,-60.75
1772318543.593505,113.39867604912698,1.617951973848766,-8.791176031854246,-0.08036311151716889,-1.5058396919227102,9.624689923344047,0.006542965914516792,0.0011028751039982622,-0.013089969389957472,-11.373985917164408,67.35418004367766,-60.75
1772318543.685237,113.38421019014051,1.6145222996471011,-8.731287359562195,-0.0827740174469487,-1.443728901799709,9.639846650132183,0.014182783848479999,-0.0010647289018365634,0.007635815477475192,-12.873293181880495,66.97641990024063,-60.75
1772318543.7465699,113.09601627542085,1.6101967953160379,-8.772263221713098,-0.08437844841163329,-1.4023948647958389,9.649933282497956,-0.006559027473321717,0.00762375637515828,-0.05890486225480862,-12.873293181880495,66.97641990024063,-60.75
1772318543.795978,112.93069674351206,1.5877300485791812,-8.751266264383323,-0.11545362579970214,-1.4284646322422496,9.656645823662313,0.006526904355711865,0.009829506583154804,-0.09381144729469522,-12.496913427741354,66.22711136520705,-60.375
1772318543.825439,112.58050298763592,1.5356484744332923,-8.75605287832163,-0.09599253672081506,-1.445739890357036,9.617626492628041,0.007627771764859512,0.004377369603532581,-0.09599310885968812,-12.496913427741354,66.22711136520705,-60.375
1772318543.8476944,112.58050298763592,1.5356484744332923,-8.75605287832163,-0.09599253672081506,-1.445739890357036,9.617626492628041,0.007627771764859512,0.004377369603532581,-0.09599310885968812,-12.496913427741354,66.22711136520705,-60.375
1772318543.882997,112.14496143560346,1.4809419105158586,-8.755957762330224,-0.09674444950644515,-1.4448575478799586,9.714778994329995,-0.0033005945325923236,0.015265582003972102,-0.0818123086872342,-13.310792440861963,66.97561467315019,-60.75
1772318543.9340713,112.14496143560346,1.4809419105158586,-8.755957762330224,-0.09691605631703445,-1.4600189256020513,9.743286372707622,-0.0011068904936994937,0.008724623784305927,-0.08072147790473774,-12.873293181880495,66.97641990024063,-61.5625
1772318543.9923837,111.84075719868396,1.4128091753563106,-8.762936291948611,-0.09691605631703445,-1.4600189256020513,9.743286372707622,-0.0011068904936994937,0.008724623784305927,-0.08072147790473774,-12.873293181880495,66.97641990024063,-61.5625
1772318544.0386121,111.63685502770556,1.381694020719854,-8.763664592506995,-0.12045831450684337,-1.4634615382224654,9.758912602862331,0.0010848058503427206,0.0032744944995343195,-0.09817477042468103,-12.873293181880495,66.97641990024063,-61.5625
1772318544.0718727,111.43639187345956,1.3565622570821274,-8.767733763049247,-0.10600715649054193,-1.4723873598710644,9.742550790815306,-0.005476229317829612,0.011989079809587166,-0.08617563181722002,-15.121218786981213,65.8472806378232,-61.5625
1772318544.11313,111.26132173982491,1.329402333817522,-8.777197302785668,-0.1264960266343335,-1.4783828051470582,9.698211070598234,0.006526904355711865,0.009829506583154804,-0.07526732399225546,-15.121218786981213,65.8472806378232,-61.5625
1772318544.1642907,111.00542284618375,1.31556820922479,-8.784272605093422,-0.11671539854875133,-1.482329609811644,9.6687034821009,-0.001118936662803188,0.015269597393673335,-0.08944812416470939,-14.310790747105315,66.97377415408636,-62.0
1772318544.219279,110.86999403128134,1.3051659855937627,-8.785807637083183,-0.1336283988470383,-1.4816541553787907,9.659101846699246,0.003246386771625699,0.01418679923818123,-0.08617563181722002,-14.310790747105315,66.97377415408636,-62.0
1772318544.2674298,110.46725622585464,1.3012943621820658,-8.80073480591642,-0.13150338744889892,-1.4811800210315753,9.682818070962613,-0.0022137809873989875,0.017449247568611853,-0.07853981633974483,-14.310215584897863,66.6612746833853,-62.0
1772318544.311265,110.33158789630478,1.292588758669891,-8.811916120705014,-0.13008305935950182,-1.4842095959614452,9.668494947916427,0.00762375637515828,0.006559027473321717,-0.05345070834232634,-14.310215584897863,66.6612746833853,-62.0
1772318544.3343232,110.18548015246996,1.2951286708456557,-8.806179588822507,-0.12913784688211238,-1.4862257442347044,9.668998404650916,0.0010566981224341006,0.01854609958805827,-0.06544984694978735,-14.310215584897863,66.6612746833853,-62.375
1772318544.3535542,110.18548015246996,1.2951286708456557,-8.806179588822507,-0.12913784688211238,-1.4862257442347044,9.668998404650916,0.0010566981224341006,0.01854609958805827,-0.06544984694978735,-14.310215584897863,66.6612746833853,-62.375
1772318544.4037812,109.94694400446146,1.2572437046800726,-8.812422037620665,-0.1653111417356491,-1.4842900865077404,9.669333449483737,-0.009833521972856035,0.008708562225501001,-0.08508480103472356,-14.310215584897863,66.6612746833853,-62.375
1772318544.4347126,109.94694400446146,1.2572437046800726,-8.812422037620665,-0.1653111417356491,-1.4842900865077404,9.669333449483737,-0.009833521972856035,0.008708562225501001,-0.08508480103472356,-14.310215584897863,66.6612746833853,-62.375
1772318544.4593139,109.65744846079599,1.218080778609873,-8.863519570990027,-0.19941938350304025,-1.4830203981387635,9.69631731173584,-0.0010928366297451835,0.001088821240043952,-0.09053895494720585,-14.308720163158489,65.84877605956258,-64.0
1772318544.4948473,109.70157714847018,1.2224921275063152,-8.897693689945969,-0.2120149951001226,-1.51895313094361,9.714274770635122,0.018566176536564425,-0.011964987471379777,0.0545415391248228,-14.308720163158489,65.84877605956258,-64.0
1772318544.564967,109.62659998646666,1.2180058298268928,-8.848068198680847,-0.1635304312100388,-1.542761298618553,9.793127493081021,0.032742937300492575,-0.009757229568532639,-0.03490658503988659,-15.496218151822472,65.84659044317426,-63.5625
1772318544.641388,109.60694209948709,1.2158327788576966,-8.873670007575388,-0.13126449554925443,-1.5586053682515686,9.748594859513881,0.01964897469205653,-0.007599664036950892,-0.018544123302439753,-15.498288735769298,66.97158853769803,-64.75
1772318544.6739001,-59.33871847011983,5.301432439390666,1.2586081226890562,-0.12669595152286392,-1.4721721281079143,9.836037799093239,-0.008724623784305927,-0.0011068904936994935,0.017453292519943295,-15.498288735769298,66.97158853769803,-64.75
1772318544.7193818,109.61263451975996,1.2163173386994244,-8.8739218770058,-0.1401102700726599,-1.561867221850833,9.757080518581569,-0.007639817933963206,0.0021676040058348253,-0.018544123302439753,-14.68440972264869,66.22308522975489,-64.0
1772318544.7622905,109.61240153581878,1.2179799075814672,-8.883644082101524,-0.1490804464128686,-1.5981425624862977,9.768092452850738,0.008730646868857774,-0.00216559631098421,0.009817477042468103,-14.68440972264869,66.22308522975489,-64.0
1772318544.8554332,109.50824355194788,1.2033820735521779,-9.051944855478352,-0.2604239055816795,-1.6385354830193086,9.741298963421844,-0.08182421628619628,0.006394396495571228,-0.031634092692397225,-16.621216246346243,65.84451985922743,-65.5625
1772318544.9033315,109.50824355194788,1.2033820735521779,-9.051944855478352,-0.2604239055816795,-1.6385354830193086,9.741298963421844,-0.08182421628619628,0.006394396495571228,-0.031634092692397225,-16.621216246346243,65.84451985922743,-65.5625
1772318544.9720752,109.53017634520687,1.1740710433414878,-9.046722309667274,-0.32554303937491424,-1.5406589590882132,9.732777898266429,-0.05130309075250516,0.018449730235228716,-0.008726646259971648,-14.309410357807431,66.22377542440384,-63.1875
1772318545.0219226,109.58243737846465,1.1529331140406514,-9.045606478972278,-0.2793095433678852,-1.5104486811000162,9.731848660265152,0.0010988597142970308,-0.004361308044727655,0.006544984694978736,-15.121218786981213,65.8472806378232,-63.5625
1772318545.068877,109.58243737846465,1.1529331140406514,-9.045606478972278,-0.2793095433678852,-1.5104486811000162,9.731848660265152,0.0010988597142970308,-0.004361308044727655,0.006544984694978736,-15.121218786981213,65.8472806378232,-63.5625
1772318545.1993477,109.63895482959575,1.1303904544363508,-9.034299673801014,-0.1749493353238855,-1.4902086302486919,9.704469369097016,0.003296579142891092,-0.013083924134182967,0.03490658503988659,-15.121218786981213,65.8472806378232,-63.5625
1772318545.2672696,109.71467911028579,1.1442722064507884,-9.108195571201467,-0.10549878265051282,-1.476739102503318,9.612656299110316,-0.09708377520561653,-0.0001786848417047995,0.037088246604879506,-14.6818790089359,64.84808755867029,-62.0
1772318545.3426447,109.67829117349831,1.14667755754047,-9.051908307102519,-0.05910782688758566,-1.5614382514156528,9.625148184214387,-0.015295697426731338,0.013061839490826194,0.00545415391248228,-14.6818790089359,64.84808755867029,-62.0
1772318545.3900323,109.67855265167292,1.1426528885627645,-9.05760235527478,-0.06837643654645918,-1.6178784697677402,9.67025762298816,-1.8069253655541523e-05,0.00981746041405111,-0.02181661564992912,-14.310790747105315,66.97377415408636,-64.25
1772318545.4282136,109.67855265167292,1.1426528885627645,-9.05760235527478,-0.06837643654645918,-1.6178784697677402,9.67025762298816,-1.8069253655541523e-05,0.00981746041405111,-0.02181661564992912,-14.310790747105315,66.97377415408636,-64.25
1772318545.4832542,109.65371542643071,1.1342703821298132,-9.078905312821158,-0.12993317776734947,-1.680529176730636,9.72470757945776,0.0032584329407293936,0.007641825628813822,-0.002181661564992912,-15.122714208720588,66.65977926164592,-63.0625
1772318545.5795941,109.65371542643071,1.1342703821298132,-9.078905312821158,-0.12993317776734947,-1.680529176730636,9.72470757945776,0.0032584329407293936,0.007641825628813822,-0.002181661564992912,-15.122714208720588,66.65977926164592,-63.0625
1772318545.6703017,109.6342086766332,1.137485176651566,-9.048537657807678,-0.14377769296964818,-1.7026796817698955,9.744369855774867,0.0010908289348945679,2.0076948506157248e-06,0.007635815477475192,-15.493687438109681,64.47159277208965,-64.25
1772318545.8084452,109.62874477725939,1.1353305678305836,-9.038555570274752,-0.13158588745502744,-1.6182224082196701,9.752943425325645,0.0010848058503427206,0.0032744944995343195,-0.003272492347489368,-15.119378267917366,64.84728233157985,-62.75
1772318545.8446865,109.6342086766332,1.137485176651566,-9.048537657807678,-0.18033917978217992,-1.5621217007333144,9.75864904008864,-4.0153897012314496e-06,0.0021816578697891357,0.0,-15.119378267917366,64.84728233157985,-62.75
1772318545.8666964,109.6342086766332,1.137485176651566,-9.048537657807678,-0.18033917978217992,-1.5621217007333144,9.75864904008864,-4.0153897012314496e-06,0.0021816578697891357,0.0,-15.119378267917366,64.84728233157985,-62.75
1772318545.9118464,109.63469911694548,1.1317935686268648,-9.044509909960881,-0.21274701076473207,-1.5448579428361948,9.76913628639216,0.0032724868046837036,6.023084551847175e-06,-0.004363323129985824,-16.994950254331105,65.15633082903618,-63.5625
1772318545.949543,109.63469911694548,1.1317935686268648,-9.044509909960881,-0.21274701076473207,-1.5448579428361948,9.76913628639216,0.0032724868046837036,6.023084551847175e-06,-0.004363323129985824,-16.994950254331105,65.15633082903618,-63.5625
1772318545.97953,109.63496126876339,1.1277666491785678,-9.050202649301365,-0.17739800362374245,-1.5600252885248307,9.74266431458374,-0.0010908289348945679,-2.0076948506157248e-06,-0.004363323129985824,-16.994950254331105,65.15633082903618,-63.5625
1772318546.0212045,109.63496126876339,1.1277666491785678,-9.050202649301365,-0.15392288818064107,-1.5433581393181515,9.751808406715092,-0.002185673259490367,0.002177642480087904,0.002181661564992912,-14.681188814286957,64.47308819382903,-64.25
1772318546.041492,109.63496126876339,1.1277666491785678,-9.050202649301365,-0.15392288818064107,-1.5433581393181515,9.751808406715092,-0.002185673259490367,0.002177642480087904,0.002181661564992912,-14.681188814286957,64.47308819382903,-64.25
1772318546.1054184,109.63496126876339,1.1277666491785678,-9.050202649301365,-0.13825736389440277,-1.5556820799959619,9.734477915931071,2.0076948506157248e-06,-0.0010908289348945679,-0.003272492347489368,-14.681188814286957,64.47308819382903,-64.25
1772318546.1365974,109.63545145088008,1.1220749918943724,-9.046174992255915,-0.14792739569384095,-1.5505400411347583,9.739670226445169,0.0010908289348945679,2.0076948506157248e-06,-0.004363323129985824,-14.306189449445698,64.47377838847797,-63.0625
1772318546.1822224,109.63545145088008,1.1220749918943724,-9.046174992255915,-0.15434422360942993,-1.5571533898375076,9.729745204261114,-0.00217965017493852,-0.0010948443245957992,0.001090830782496456,-14.306189449445698,64.47377838847797,-63.0625
1772318546.2125342,109.63545145088008,1.1220749918943724,-9.046174992255915,-0.15434422360942993,-1.5571533898375076,9.729745204261114,-0.00217965017493852,-0.0010948443245957992,0.001090830782496456,-14.306189449445698,64.47377838847797,-63.0625
1772318546.2518892,109.63545145088008,1.1220749918943724,-9.046174992255915,-0.15862686439032586,-1.554864287440213,9.726485324574707,0.0010888212400439522,0.0010928366297451835,-0.002181661564992912,-15.805381681720295,64.03351835090074,-62.75
1772318546.2738814,109.63545145088008,1.1220749918943724,-9.046174992255915,-0.16147691398977998,-1.553340915365763,9.724315911058646,-0.0010948443245957992,0.00217965017493852,0.0,-15.805381681720295,64.03351835090074,-62.75
1772318546.3042037,109.63545145088008,1.1220749918943724,-9.046174992255915,-0.16147691398977998,-1.553340915365763,9.724315911058646,-0.0010948443245957992,0.00217965017493852,0.0,-15.805381681720295,64.03351835090074,-62.75
1772318546.411645,109.63545145088008,1.1220749918943724,-9.046174992255915,-0.16019585904285985,-1.544954057709275,9.711876075636303,-0.00217965017493852,-0.0010948443245957992,0.001090830782496456,-15.119378267917366,64.84728233157985,-63.0625
1772318546.454422,109.63545145088008,1.1220749918943724,-9.046174992255915,-0.16019585904285985,-1.544954057709275,9.711876075636303,-0.00217965017493852,-0.0010948443245957992,0.001090830782496456,-15.119378267917366,64.84728233157985,-63.0625
1772318546.4913106,109.63545145088008,1.1220749918943724,-9.046174992255915,-0.16019585904285985,-1.544954057709275,9.711876075636303,-0.00217965017493852,-0.0010948443245957992,0.001090830782496456,-15.119378267917366,64.84728233157985,-63.0625
1772318546.5463545,109.63620406432419,1.1123564433261193,-9.047840195599266,-0.15584316380493027,-1.5400432426175792,9.704558283964182,-0.0010888212400439522,-0.0010928366297451835,0.001090830782496456,2033.313501853037,69.24246954283076,-63.5
1772318546.5634382,109.63620406432419,1.1123564433261193,-9.047840195599266,-0.1429111756223373,-1.5367566798058503,9.699688375351476,0.0010928366297451835,-0.001088821240043952,0.0,2033.313501853037,69.24246954283076,-63.5
1772318546.5840569,109.63620406432419,1.1123564433261193,-9.047840195599266,-0.13429276846285906,-1.5412597210509855,9.696447505570163,4.0153897012314496e-06,-0.0021816578697891357,0.004363323129985824,2033.313501853037,69.24246954283076,-63.5
1772318546.599448,109.63620406432419,1.1123564433261193,-9.047840195599266,-0.13524752685517083,-1.544268758181092,9.694290742933587,0.0010948443245957992,-0.00217965017493852,-0.002181661564992912,-13.994955335601047,65.16185238622772,-63.0625
1772318546.6565099,109.6964187469283,1.1154283999161578,-9.037510744089648,-0.13590753486737628,-1.5328908146119742,9.692855441491563,0.007635802544261975,1.4053863954310075e-05,0.039269908169872414,-13.994955335601047,65.16185238622772,-63.0625
1772318546.7113307,109.6964187469283,1.1154283999161578,-9.037510744089648,-0.13590753486737628,-1.5328908146119742,9.692855441491563,0.007635802544261975,1.4053863954310075e-05,0.039269908169872414,-13.994955335601047,65.16185238622772,-63.0625
1772318546.748938,109.7914878254395,1.121230073851511,-9.0267555205138,-0.13637138979419852,-1.511938496100627,9.708625822951861,-0.0010627212069859477,-0.015273612783374566,0.03381575425739013,-14.307454806302093,65.16127722402027,-63.5625
1772318546.79389,109.85098574854683,1.131659416275365,-9.030151566389174,-0.1667860344400274,-1.4980503728608712,9.729156170768944,0.004355284960175809,0.004371346518980734,0.037088246604879506,-14.307454806302093,65.16127722402027,-63.5625
1772318546.8281262,109.92017009053654,1.1451664114038465,-9.01788698529426,-0.18702664069798416,-1.4888079819853155,9.7428188879022,-0.009813445024349879,-0.002199727123444677,0.032724923474893676,-13.996220692457442,65.84935122177004,-62.375
1772318546.8424265,109.98938169033991,1.1563435351496598,-9.021026606209977,-0.20033030602983118,-1.5729751372227876,9.75191127353183,-0.011983056725035319,-0.008748716122513316,0.038179077387375956,-13.996220692457442,65.84935122177004,-62.375
1772318546.8721662,110.05507421929975,1.1615600615536015,-9.020637038338949,-0.165838973219776,-1.5519699622254852,9.681024585331402,0.006569065947574796,-0.01307790104963112,0.06217735460229799,-13.996220692457442,65.84935122177004,-62.375
1772318546.922181,110.05507421929975,1.1615600615536015,-9.020637038338949,-0.165838973219776,-1.5519699622254852,9.681024585331402,0.006569065947574796,-0.01307790104963112,0.06217735460229799,-13.996220692457442,65.84935122177004,-62.375
1772318546.9661927,110.15888401495765,1.9095368069716117,-9.525279415170468,-0.1562658006941741,-1.5380158798754318,9.633850286190208,0.006557019778471102,-0.006532927440263713,0.02945243112740431,-14.683029333350804,65.47308650007238,-62.375
1772318546.9980717,110.30993485949563,1.189682999152295,-9.006582380838642,-0.14989496131773009,-1.5287295939487846,9.662668327814943,-0.002169611700685441,-0.006548988999068639,0.03381575425739013,-14.683029333350804,65.47308650007238,-62.375
1772318547.0747504,110.44857935405905,1.21031283789553,-9.00301034002138,-0.14568602258898558,-1.5058241441916407,9.681846412597586,-0.0032684714149824722,-0.0021876809543409825,0.03599741582238305,-13.622716749355558,66.6625400402417,-62.75
1772318547.1551206,110.6890255127544,1.2448346533836343,-9.003169551535136,-0.16618994181890745,-1.5508358291892324,9.664503208421317,0.003282525278936782,-0.005448121589920992,0.04799655442984406,-13.621911522265126,66.22504078126023,-62.0
1772318547.1781466,110.6890255127544,1.2448346533836343,-9.003169551535136,-0.16618994181890745,-1.5508358291892324,9.664503208421317,0.003282525278936782,-0.005448121589920992,0.04799655442984406,-13.621911522265126,66.22504078126023,-62.0
1772318547.292081,110.7836106033961,1.2540352472382066,-9.011665050748856,-0.16663080510219916,-1.6006841539848355,9.672041515264251,0.0,0.0,-0.001090830782496456,-15.494377632758624,64.84659213693091,-63.0625
1772318547.3445942,110.78410583882128,1.2483039047709827,-9.007694041246078,-0.15676197225724492,-1.5871601605256727,9.684739052432416,0.0032744944995343195,-0.0010848058503427206,-0.002181661564992912,-15.494377632758624,64.84659213693091,-63.0625
1772318547.3885865,110.78410583882128,1.2483039047709827,-9.007694041246078,-0.1502559416596943,-1.5447090335363634,9.693189121577047,0.004365323434428887,-0.001082798155492105,0.004363323129985824,-14.6818790089359,64.84808755867029,-62.75
1772318547.4502797,110.78410583882128,1.2483039047709827,-9.007694041246078,-0.14593240771601615,-1.513113176693624,9.70215765990666,0.002185673259490367,-0.002177642480087904,-0.003272492347489368,-14.6818790089359,64.84808755867029,-62.75
1772318547.4834983,110.78460067908729,1.2425724905101094,-9.003723063953535,-0.1698098357637826,-1.4954808468900866,9.70812612197988,2.0076948506157248e-06,-0.0010908289348945679,0.0,-15.807452265667123,65.1585164454245,-63.5625
1772318547.5240352,110.78460067908729,1.2425724905101094,-9.003723063953535,-0.15221199653487302,-1.503755797202267,9.71209806681752,-0.0010928366297451835,0.001088821240043952,0.001090830782496456,-15.807452265667123,65.1585164454245,-63.5625
1772318547.5817425,110.78485093960482,1.2386024897633916,-9.00945584609635,-0.1438151534409525,-1.5259943711472106,9.711396240030117,-0.0021776424800879044,-0.002185673259490367,-0.002181661564992912,-15.808027427874576,65.47101591612555,-63.0625
1772318547.6290846,110.78485093960482,1.2386024897633916,-9.00945584609635,-0.13823946164456777,-1.5341036816033937,9.71761940555766,0.0,0.0,0.003272492347489368,-15.808027427874576,65.47101591612555,-63.0625
1772318547.6906447,110.7853455323223,1.232871027320918,-9.005484960285395,-0.1345289010386322,-1.5395003371250502,9.721760852698925,-0.004361308044727656,-0.0010988597142970306,0.006544984694978736,-14.6818790089359,64.84808755867029,-62.25
1772318547.7294436,110.7853455323223,1.232871027320918,-9.005484960285395,-0.1487912513544989,-1.5397774287579464,9.72451693950844,0.0010908289348945679,2.0076948506157248e-06,-0.001090830782496456,-14.6818790089359,64.84808755867029,-62.25
1772318547.760104,110.79107855531069,1.233365337630193,-9.005735549939942,-0.14155715596124505,-1.5399310464349822,9.729696196199985,-0.0021776424800879044,-0.002185673259490367,0.01090830782496456,-14.681188814286957,64.47308819382903,-64.0
1772318547.7904406,110.81048584982919,1.2348549197079977,-9.005247550845692,-0.14008805232868923,-1.540039434024896,9.726452710257481,0.002185673259490367,-0.002177642480087904,0.004363323129985824,-14.681188814286957,64.47308819382903,-64.0
1772318547.8406193,110.81048584982919,1.2348549197079977,-9.005247550845692,-0.14008805232868923,-1.540039434024896,9.726452710257481,0.002185673259490367,-0.002177642480087904,0.004363323129985824,-14.681188814286957,64.47308819382903,-64.0
1772318547.885043,110.80524658404616,1.2286285296233574,-9.001027375975378,-0.13907959656284613,-1.5568370949627854,9.741019765131455,-0.002185673259490367,0.002177642480087904,-0.002181661564992912,-15.493687438109681,64.47159277208965,-64.25
1772318547.927431,110.81098016117474,1.2291225001328654,-9.001277930507635,-0.14843764189854114,-1.5713793269419019,9.740678642303461,0.0010988597142970308,-0.004361308044727655,0.0,-15.493687438109681,64.47159277208965,-64.25
1772318547.9814515,110.81098016117474,1.2291225001328654,-9.001277930507635,-0.16470063465777288,-1.5810754901022328,9.743796740579342,-0.0032704791098330877,-0.001096852019446415,0.004363323129985824,-15.495527957173529,65.471591078333,-64.0
1772318548.0431843,110.81098016117474,1.2291225001328654,-9.001277930507635,-0.16470063465777288,-1.5810754901022328,9.743796740579342,-0.0032704791098330877,-0.001096852019446415,0.004363323129985824,-15.495527957173529,65.471591078333,-64.0
1772318548.101109,110.94490599421906,1.2526169204187594,-9.042605942106814,-0.145982623253836,-1.5694697209495394,9.738336371226659,-0.018526022639552112,-0.009851591226511577,0.11780972450961724,-15.807452265667123,65.1585164454245,-62.75
1772318548.164763,110.94490599421906,1.2526169204187594,-9.042605942106814,-0.145982623253836,-1.5694697209495394,9.738336371226659,-0.018526022639552112,-0.009851591226511577,0.11780972450961724,-15.807452265667123,65.1585164454245,-62.75
1772318548.1996255,111.07259866564559,1.237439940736513,-9.040990811919979,-0.24478863429012468,-1.5489203158842426,9.68912200414095,-0.011977033640483472,-0.012021202927197019,0.050178215994836975,-15.121218786981213,65.8472806378232,-62.75
1772318548.3377297,111.09304934691276,1.2402092924134298,-9.10122527799218,-0.3193175524183195,-1.4692874259534774,9.662654809905103,-0.026191940606573323,0.00649678893295263,0.006544984694978736,-14.683719527999747,65.84808586491363,-62.375
1772318548.3940961,111.14702838561834,1.250580783963199,-9.079049135875335,-0.2886331698937264,-1.4161448654573874,9.69856297511619,-8.030779402462899e-06,0.0043633157395782714,0.0272707695624114,-14.683719527999747,65.84808586491363,-62.375
1772318548.4628835,111.18835797767062,1.2484432596694297,-9.049711357463087,-0.26821305609062157,-1.3807790850885375,9.67228278233389,-0.006548988999068639,0.002169611700685441,0.018544123302439753,-12.870532403284725,65.4764224408756,-62.25
1772318548.5251608,111.27872897285812,1.2528464630349239,-9.114693156208428,-0.1676440896016203,-1.2888809178013318,9.643154757191901,0.008738677648260237,-0.006528912050562482,0.018544123302439753,-14.306189449445698,64.47377838847797,-62.0
1772318548.6047685,111.32875834597094,1.2586672021015572,-9.123886840196272,-0.12045543305978344,-1.4799440470007976,9.60864833859707,-0.003276502194384935,0.0021756347852372885,0.001090830782496456,-14.306189449445698,64.47377838847797,-62.0
1772318548.6510801,111.32875834597094,1.2586672021015572,-9.123886840196272,-0.12045543305978344,-1.4799440470007976,9.60864833859707,-0.003276502194384935,0.0021756347852372885,0.001090830782496456,-14.306189449445698,64.47377838847797,-62.0
1772318548.717537,111.4387630792534,1.2713915444621366,-9.116865400203459,-0.13527663199912737,-1.5459107784806965,9.72082630606389,0.005466190843576533,-0.006534935135114329,0.04036073895236887,-13.308031662266194,65.47561721378517,-61.5625
1772318548.7691512,111.4387630792534,1.2713915444621366,-9.116865400203459,-0.13527663199912737,-1.5459107784806965,9.72082630606389,0.005466190843576533,-0.006534935135114329,0.04036073895236887,-13.308031662266194,65.47561721378517,-61.5625
1772318548.8214707,111.48879544997112,1.2793400810767732,-9.110594161683967,-0.14193088952332988,-1.5260563846187325,9.757126719415066,0.002187680954340983,-0.0032684714149824722,0.004363323129985824,-12.871222597933668,65.85142180571685,-61.1875
1772318548.8548698,111.48879544997112,1.2793400810767732,-9.110594161683967,-0.14193088952332988,-1.5260563846187325,9.757126719415066,0.002187680954340983,-0.0032684714149824722,0.004363323129985824,-12.871222597933668,65.85142180571685,-61.1875
1772318548.8960326,111.48929806046252,1.2735848752713872,-9.106658553030531,-0.15712386546563042,-1.4973857248705078,9.758087863867374,-0.005468198538427149,0.007625764070008896,0.008726646259971648,-13.994955335601047,65.16185238622772,-60.375
1772318548.9500864,111.49004962298103,1.2638950287296669,-9.108479684724005,-0.15385419707251305,-1.4782810941128466,9.74534704793442,0.0010888212400439522,0.0010928366297451835,0.0,-13.994955335601047,65.16185238622772,-60.375
1772318548.9839234,111.49004962298103,1.2638950287296669,-9.108479684724005,-0.14492648977977401,-1.499005922687738,9.73017795384064,0.003284532973787398,-0.00653895052481556,-0.00545415391248228,-14.306189449445698,64.47377838847797,-60.375
1772318549.049205,111.49004962298103,1.2638950287296669,-9.108479684724005,-0.14492648977977401,-1.499005922687738,9.73017795384064,0.003284532973787398,-0.00653895052481556,-0.00545415391248228,-14.306189449445698,64.47377838847797,-60.375
1772318549.0869787,111.49055159938399,1.2581397028373373,-9.10454420230715,-0.13898520030548117,-1.5127980645928234,9.716737979463794,-0.0010928366297451835,0.001088821240043952,-0.001090830782496456,-14.306189449445698,64.47377838847797,-60.375
1772318549.1186154,111.49055159938399,1.2581397028373373,-9.10454420230715,-0.14840560595308017,-1.5253463139713244,9.701103603235715,0.0021816578697891357,4.0153897012314496e-06,0.006544984694978736,-14.682454171143352,65.16058702937133,-61.5625
1772318549.1613913,111.49080149025885,1.2542052126458008,-9.110300935547954,-0.15466862393686298,-1.5370421398011007,9.697389323917994,0.0,0.0,-0.001090830782496456,-14.682454171143352,65.16058702937133,-61.5625
1772318549.2082593,111.4913032258344,1.2484498390976844,-9.10636554596863,-0.16218169848408964,-1.5448317379817496,9.708297959352546,-0.0032724868046837036,-6.023084551847175e-06,0.004363323129985824,-14.308029968509546,65.47377669472132,-62.0
1772318549.2476273,111.4913032258344,1.2484498390976844,-9.10636554596863,-0.15046219220302426,-1.546639738804604,9.715557534376797,-2.0076948506157248e-06,0.0010908289348945679,0.001090830782496456,-14.308029968509546,65.47377669472132,-62.0
1772318549.2668629,111.4913032258344,1.2484498390976844,-9.10636554596863,-0.15046219220302426,-1.546639738804604,9.715557534376797,-2.0076948506157248e-06,0.0010908289348945679,0.001090830782496456,-14.308029968509546,65.47377669472132,-62.0
1772318549.2871315,111.4913032258344,1.2484498390976844,-9.10636554596863,-0.15046219220302426,-1.546639738804604,9.715557534376797,-2.0076948506157248e-06,0.0010908289348945679,0.001090830782496456,-14.308029968509546,65.47377669472132,-62.0
1772318549.31439,111.49180456819506,1.2426943933733086,-9.102430189593505,-0.16309094391671589,-1.5486908131365522,9.713568452399869,-0.0021816578697891357,-4.0153897012314496e-06,0.0,-14.308720163158489,65.84877605956258,-62.0
1772318549.4515498,111.49180456819506,1.2426943933733086,-9.102430189593505,-0.1611026030060426,-1.5492263804370352,9.725755212039164,-0.00217965017493852,-0.0010948443245957992,0.002181661564992912,-12.495533038443469,65.47711263552455,-61.5
1772318549.4869757,111.49205515709599,1.2387600060374817,-9.108187008812289,-0.15307685877444843,-1.5562606930921203,9.723830029322134,0.0010848058503427206,0.0032744944995343195,-0.001090830782496456,-12.495533038443469,65.47711263552455,-61.5
1772318549.5135984,111.49255625866523,1.2330045127830287,-9.104251745190208,-0.14774812912549593,-1.55425173750263,9.725893953436968,-0.0010888212400439522,-0.0010928366297451835,0.001090830782496456,-12.494957876236017,65.16461316482349,-62.375
1772318549.547805,111.49255625866523,1.2330045127830287,-9.104251745190208,-0.14774812912549593,-1.55425173750263,9.725893953436968,-0.0010888212400439522,-0.0010928366297451835,0.001090830782496456,-12.494957876236017,65.16461316482349,-62.375
1772318549.5855188,111.49255625866523,1.2330045127830287,-9.104251745190208,-0.15088597441108892,-1.5562722195245786,9.723922360172528,-4.0153897012314496e-06,0.0021816578697891357,0.001090830782496456,-12.494957876236017,65.16461316482349,-62.375
1772318549.6582067,111.49255625866523,1.2330045127830287,-9.104251745190208,-0.15088597441108892,-1.5562722195245786,9.723922360172528,-4.0153897012314496e-06,0.0021816578697891357,0.001090830782496456,-12.494957876236017,65.16461316482349,-62.375
1772318549.7031367,111.55905212075756,1.2180556894599561,-9.182827244905003,-0.16300949352116503,-1.5576352979655266,9.725955398586503,-0.05345262550468443,0.0009924518872143973,-0.015271630954950384,-13.995530497808499,65.47435185692878,-61.5625
1772318549.762319,111.71114895529712,1.216815777691088,-9.163795078968292,-0.1710775600603386,-1.5585424114413935,9.737343698062434,0.0022117732925483716,-0.016358418633717283,0.06435901616729091,-13.995530497808499,65.47435185692878,-61.5625
1772318549.804596,111.71114895529712,1.216815777691088,-9.163795078968292,-0.1710775600603386,-1.5585424114413935,9.737343698062434,0.0022117732925483716,-0.016358418633717283,0.06435901616729091,-13.995530497808499,65.47435185692878,-61.5625
1772318549.8511133,112.0113045543348,1.252197087683354,-9.218840557742691,-0.17628669292738156,-1.6461188424058308,9.744922484148026,0.005470206233277764,-0.008716593004903463,0.07963064712224129,-14.308029968509546,65.47377669472132,-61.5625
1772318549.914657,112.27842549743364,1.2718533667580918,-9.20648524816845,-0.16658837445989563,-1.5872966404993603,9.68640895918833,-0.006540958219666175,-0.00219370403889283,0.0545415391248228,-14.308029968509546,65.47377669472132,-61.5625
1772318549.9937675,112.56465469528625,1.2948759647908819,-9.203184907219542,-0.14322401939348808,-1.6484735197537395,9.647468861966555,-0.004341231096221499,-0.012007149063242708,0.09599310885968812,-14.304694027706324,63.66127976465524,-60.375
1772318550.0334392,112.7003190528865,1.3057759304042107,-9.176360502182822,-0.1445855345573527,-1.5888636519709238,9.698492231523197,-0.006555012083620486,0.005442098505369144,0.017453292519943295,-14.304694027706324,63.66127976465524,-60.375
1772318550.090696,112.88517675833488,1.3264599199478997,-9.203074869042018,-0.1285813752261722,-1.6495163483833999,9.752518384238675,0.009811437329499262,0.003290556058339245,0.05235987755982989,-12.870532403284725,65.4764224408756,-59.1875
1772318550.1477523,113.0706450051203,1.3490258586674626,-9.163965003294578,-0.05553853970915104,-1.4949795119303664,9.765591114458118,-0.004351269570474577,-0.00655300438876987,0.055632369907319255,-12.884106231380596,72.85140994942033,-59.5625
1772318550.1855946,113.18593728925336,1.368001875861196,-9.160752674664371,-0.05276229669766885,-1.4966888551107471,9.723579483727205,-0.0010807904606414892,-0.005456152369323454,0.04581489286485115,-12.884106231380596,72.85140994942033,-59.5625
1772318550.275314,113.17760157966173,1.3555521227916043,-9.128181649921283,-0.05091473798619394,-1.497826403902676,9.695621212776446,-0.004353277265325192,-0.005462175453875302,0.006544984694978736,-11.807459040693711,65.16587852167989,-59.1875
1772318550.3369477,113.30157164759032,1.3765266086926728,-9.033014285521027,-0.15469996021510848,-1.5104245214731151,9.724845276580778,0.022897369158532847,0.005496306266335769,-0.026179938779914945,-12.121914062900096,66.227801559856,-60.75
1772318550.3937006,113.35892573946046,1.3655222530029245,-9.03075789507602,-0.18229781564377012,-1.513774526607906,9.646286908170875,-0.009819468108901726,0.0010727596812390263,0.01090830782496456,-12.121914062900096,66.227801559856,-60.75
1772318550.455977,113.40808934499985,1.3651262069476429,-8.98493031831238,-0.21069919826784195,-1.5160223878287036,9.7043958778901,0.029468442800958256,-0.008672423718189918,-0.00545415391248228,-12.870532403284725,65.4764224408756,-58.75
1772318550.473266,113.40808934499985,1.3651262069476429,-8.98493031831238,-0.21069919826784195,-1.5160223878287036,9.7043958778901,0.029468442800958256,-0.008672423718189918,-0.00545415391248228,-12.870532403284725,65.4764224408756,-58.75
1772318550.518192,113.4084006518767,1.3649998892273534,-8.959785404759543,-0.1529334588272961,-1.3701920434713006,9.712960742752646,0.02618390982717086,-0.002133473193374358,-0.00545415391248228,-12.870532403284725,65.4764224408756,-58.75
1772318550.5701125,113.35810987442746,1.3610641096737126,-8.960406247344864,-0.18473823138700146,-1.2732728699123625,9.72200567635018,-0.004353277265325192,-0.005462175453875302,-0.026179938779914945,-10.996225773727382,65.85487277896156,-61.5625
1772318550.5977151,113.35810987442746,1.3610641096737126,-8.960406247344864,-0.18473823138700146,-1.2732728699123625,9.72200567635018,-0.004353277265325192,-0.005462175453875302,-0.026179938779914945,-10.996225773727382,65.85487277896156,-61.5625
1772318550.6273532,113.35834149162098,1.3572233347913927,-8.966226783492004,-0.19577628299033387,-1.2589323629641056,9.724679866913492,0.01745125526346247,0.0011229520525044194,0.01090830782496456,-10.996225773727382,65.85487277896156,-61.5625
1772318550.6661315,113.3180213480932,1.3539115983807146,-8.94142754018172,-0.2129910691233421,-1.3397252491304867,9.729804622568029,0.014164714594824457,0.008752731512214547,-0.03599741582238305,-12.497718654831786,66.66461062418853,-60.75
1772318550.6904714,113.2022608765727,1.344740691650171,-8.917539553955223,-0.21435658819174308,-1.4235794965065633,9.756630872160088,0.004343238791072114,0.01091632012834814,-0.07090400086226964,-12.497718654831786,66.66461062418853,-60.75
1772318550.733642,113.2022608765727,1.344740691650171,-8.917539553955223,-0.21435658819174308,-1.4235794965065633,9.756630872160088,0.004343238791072114,0.01091632012834814,-0.07090400086226964,-12.497718654831786,66.66461062418853,-60.75
1772318550.7804413,113.08274343383805,1.3239329656507657,-8.961858935601526,-0.19184958358731705,-1.4793404642289472,9.774483441594759,-0.005442098505369144,-0.006555012083620486,-0.032724923474893676,-13.622716749355558,66.6625400402417,-61.1875
1772318550.837727,113.0369001389277,1.3201379965909272,-8.911659943332008,-0.17687142344278675,-1.5164487653573702,9.846576137859014,0.027288792626019735,-0.009767268042785717,-0.014180800172453928,-13.622716749355558,66.6625400402417,-61.1875
1772318550.8897247,113.03301131963579,1.3179985355068136,-8.927636021239787,-0.16594400864742156,-1.501840704881875,9.748201224485307,0.020741811321801716,-0.008688485276994843,-0.013089969389957472,-13.623982106211953,67.35003887578401,-60.375
1772318550.9551516,113.03301131963579,1.3179985355068136,-8.927636021239787,-0.1831458028650073,-1.4779438246965857,9.722042041330056,-0.005442098505369144,-0.006555012083620486,0.008726646259971648,-13.621911522265126,66.22504078126023,-62.25
1772318551.0139642,113.03301131963579,1.3179985355068136,-8.927636021239787,-0.1831458028650073,-1.4779438246965857,9.722042041330056,-0.005442098505369144,-0.006555012083620486,0.008726646259971648,-13.621911522265126,66.22504078126023,-62.25
1772318551.062769,113.03301131963579,1.3179985355068136,-8.927636021239787,-0.1812129805941218,-1.4620160909114464,9.674527391791585,0.0021756347852372885,0.003276502194384935,0.001090830782496456,-13.621911522265126,66.22504078126023,-62.25
1772318551.1070058,113.02696769032785,1.3213580906786948,-8.921592391931869,-0.17983435783586665,-1.5015929526245937,9.699773822321575,-0.005450129284771607,-0.0021916963440422143,0.00545415391248228,-12.872718019673043,66.66392042953959,-60.75
1772318551.178938,113.02720146473541,1.3175005365907562,-8.927402069600229,-0.17889227282300105,-1.541311336158237,9.706539704696217,0.00763781023911259,-0.0010767750709402577,-0.004363323129985824,-12.872718019673043,66.66392042953959,-60.75
1772318551.2191155,113.02720146473541,1.3175005365907562,-8.927402069600229,-0.17889227282300105,-1.541311336158237,9.706539704696217,0.00763781023911259,-0.0010767750709402577,-0.004363323129985824,-12.872718019673043,66.66392042953959,-60.75
1772318551.262551,113.02720146473541,1.3175005365907562,-8.927402069600229,-0.18832527086273282,-1.5543815227760083,9.721077658958642,-0.00653895052481556,-0.003284532973787398,0.006544984694978736,-13.311482635510906,67.35061403799145,-61.5625
1772318551.3083677,113.02720146473541,1.3175005365907562,-8.927402069600229,-0.19468286332896603,-1.5195932074268994,9.737442728535333,0.0010948443245957992,-0.00217965017493852,0.0,-13.311482635510906,67.35061403799145,-61.5625
1772318551.3479073,113.027933698707,1.3078348997383844,-8.929353238641665,-0.1955686640547689,-1.4964358154311448,9.748333499528815,-0.003264456025281241,-0.004369338824130119,0.002181661564992912,-13.310792440861963,66.97561467315019,-62.25
1772318551.3685238,113.027933698707,1.3078348997383844,-8.929353238641665,-0.18946178571785177,-1.4843576223007666,9.755581185967095,0.0043633157395782714,8.030779402462899e-06,-0.003272492347489368,-13.310792440861963,66.97561467315019,-62.25
1772318551.390432,113.02843137985485,1.3020266949585757,-8.92549479945499,-0.17870751431990595,-1.4763074062110215,9.760404440329808,0.0010968520194464151,-0.0032704791098330877,0.0,-13.310792440861963,66.97561467315019,-62.25
1772318551.4285042,113.02843137985485,1.3020266949585757,-8.92549479945499,-0.17870751431990595,-1.4763074062110215,9.760404440329808,0.0010968520194464151,-0.0032704791098330877,0.0,-13.310792440861963,66.97561467315019,-62.25
1772318551.4994802,113.02866625856382,1.298169295022956,-8.931304522299762,-0.17824087892068438,-1.4709623908138385,9.763614262228911,-0.004367331129279503,0.0021736270903866726,0.002181661564992912,-12.498293817039238,66.97711009488957,-61.5625
1772318551.542682,113.02916371347007,1.2923610453240413,-8.92744617507224,-0.17460370245925122,-1.4573638679083365,9.765750362846704,0.0,0.0,0.002181661564992912,-12.498293817039238,66.97711009488957,-61.5625
1772318551.5676088,113.02916371347007,1.2923610453240413,-8.92744617507224,-0.1721031645098065,-1.4918005813598638,9.740411020287484,-0.0021756347852372885,-0.003276502194384935,0.003272492347489368,-12.873293181880495,66.97641990024063,-61.5625
1772318551.6011794,113.02916371347007,1.2923610453240413,-8.92744617507224,-0.17043292769542215,-1.5180629355200745,9.720202859166006,-4.0153897012314496e-06,0.0021816578697891357,0.001090830782496456,-12.873293181880495,66.97641990024063,-61.5625
1772318551.6233974,113.02916371347007,1.2923610453240413,-8.92744617507224,-0.16263119167018872,-1.5355279253602405,9.706754553679614,0.0021836655646397516,-0.0010868135451933363,0.0,-13.621911522265126,66.22504078126023,-60.75
1772318551.6409533,113.02916371347007,1.2923610453240413,-8.92744617507224,-0.16263119167018872,-1.5355279253602405,9.706754553679614,0.0021836655646397516,-0.0010868135451933363,0.0,-13.621911522265126,66.22504078126023,-60.75
1772318551.665122,113.0296607791852,1.2865527250177216,-8.923587862425713,-0.16082742673108794,-1.5237410954534196,9.717875526849753,-0.0010848058503427206,-0.0032744944995343195,0.00545415391248228,-13.621911522265126,66.22504078126023,-60.75
1772318551.7099574,113.0296607791852,1.2865527250177216,-8.923587862425713,-0.159627041313491,-1.5158970918179475,9.725276410265069,-0.0010908289348945679,-2.0076948506157248e-06,0.0,-65.61587903837291,28.941781744074,-87.0
1772318551.7580447,113.02989637302032,1.2826954280487324,-8.929397665366738,-0.16721907660528304,-1.5038743836014306,9.73347928457349,2.0076948506157248e-06,-0.0010908289348945679,0.001090830782496456,-65.2414548357391,29.254971409423987,-86.875
1772318551.8460462,113.02989637302032,1.2826954280487324,-8.929397665366738,-0.17057698173025684,-1.4993432244483833,9.73566053672482,0.0010888212400439522,0.0010928366297451835,0.0,-65.92837850907395,28.941206581866545,-86.875
1772318551.9128754,113.03039321252989,1.2768870629478493,-8.925539444600322,-0.17091671710248815,-1.5143855293153443,9.728042823422891,-0.0010928366297451835,0.001088821240043952,0.001090830782496456,-65.61645420058036,29.254281214775045,-87.75
1772318551.961585,113.03062935853113,1.2730298432893086,-8.931349270418595,-0.16632288112529559,-1.5197063851861226,9.72200729743639,0.0,0.0,0.0,-65.61645420058036,29.254281214775045,-87.75
1772318551.9902713,113.03062935853113,1.2730298432893086,-8.931349270418595,-0.16632288112529559,-1.5197063851861226,9.72200729743639,0.0,0.0,0.0,-65.61645420058036,29.254281214775045,-87.75
1772318552.0516236,113.03112597185948,1.2672214334594871,-8.927491141512801,-0.16123123773628836,-1.5256038314059732,9.715317736437495,0.0010848058503427206,0.0032744944995343195,-0.001090830782496456,-65.24214503038804,29.629970774265246,-86.875
1772318552.08326,113.03112597185948,1.2672214334594871,-8.927491141512801,-0.15988345954285135,-1.5238269338692765,9.716884005903465,0.0021756347852372885,0.003276502194384935,-0.003272492347489368,-65.61587903837291,28.941781744074,-87.75
1772318552.1215267,113.03112597185948,1.2672214334594871,-8.927491141512801,-0.15988345954285135,-1.5238269338692765,9.716884005903465,0.0021756347852372885,0.003276502194384935,-0.003272492347489368,-65.61587903837291,28.941781744074,-87.75
1772318552.1411116,113.03112597185948,1.2672214334594871,-8.927491141512801,-0.1623193207685661,-1.5293407972327473,9.714581229029372,-0.0010928366297451835,0.001088821240043952,0.002181661564992912,-65.61587903837291,28.941781744074,-87.75
1772318552.1580222,113.03112597185948,1.2672214334594871,-8.927491141512801,-0.16393420246205848,-1.5363553177487617,9.713048756743365,-2.0076948506157248e-06,0.0010908289348945679,0.001090830782496456,-65.61587903837291,28.941781744074,-87.75
1772318552.2024484,113.03112597185948,1.2672214334594871,-8.927491141512801,-0.16500888818966708,-1.5410234027948408,9.712028913555866,-0.0010908289348945679,-2.0076948506157248e-06,0.0,-64.8018849928108,28.130778541990647,-87.375
1772318552.2371974,113.03112597185948,1.2672214334594871,-8.927491141512801,-0.16572407953636448,-1.54412996124708,9.71135021930698,2.0076948506157248e-06,-0.0010908289348945679,-0.001090830782496456,-64.8018849928108,28.130778541990647,-87.375
1772318552.2695408,113.03112597185948,1.2672214334594871,-8.927491141512801,-0.16621234487211678,-1.5395071291114848,9.714243667573177,2.0076948506157248e-06,-0.0010908289348945679,0.001090830782496456,-64.8018849928108,28.130778541990647,-87.375
1772318552.3321655,113.03112597185948,1.2672214334594871,-8.927491141512801,-0.16988238604029296,-1.536436842707533,9.712824113365077,-4.0153897012314496e-06,0.0021816578697891357,0.001090830782496456,-65.61645420058036,29.254281214775045,-88.5625
1772318552.4130328,113.03112597185948,1.2672214334594871,-8.927491141512801,-0.17232475744066816,-1.5343936014030493,9.715224527604365,-4.0153897012314496e-06,0.0021816578697891357,0.0,-65.61645420058036,29.254281214775045,-88.5625
1772318552.484527,113.03112597185948,1.2672214334594871,-8.927491141512801,-0.1772952343660558,-1.5330400038812844,9.716821976466226,4.0153897012314496e-06,-0.0021816578697891357,0.0,-65.9289536712814,29.253706052567594,-87.75
1772318552.5356352,113.03112597185948,1.2672214334594871,-8.927491141512801,-0.17391281915300755,-1.532126886367489,9.717885060839123,0.0021836655646397516,-0.0010868135451933363,0.0,-65.9289536712814,29.253706052567594,-87.75
1772318552.5584557,113.03112597185948,1.2672214334594871,-8.927491141512801,-0.17391281915300755,-1.532126886367489,9.717885060839123,0.0021836655646397516,-0.0010868135451933363,0.0,-65.9289536712814,29.253706052567594,-87.75
1772318552.584785,113.03112597185948,1.2672214334594871,-8.927491141512801,-0.17835822843767402,-1.528186424304471,9.715247419906536,2.0076948506157248e-06,-0.0010908289348945679,0.0,-65.61518884372397,28.56678237923274,-86.1875
1772318552.644091,113.03112597185948,1.2672214334594871,-8.927491141512801,-0.18131659865814406,-1.5255640908193777,9.71014698762296,-2.0076948506157248e-06,0.0010908289348945679,-0.001090830782496456,-65.61518884372397,28.56678237923274,-86.1875
1772318552.6622417,113.03112597185948,1.2672214334594871,-8.927491141512801,-0.18328536099270618,-1.5238189571784326,9.71009781862112,-0.0010868135451933365,-0.002183665564639751,0.0,-65.9289536712814,29.253706052567594,-87.0
1772318552.744341,113.03112597185948,1.2672214334594871,-8.927491141512801,-0.1779053382508126,-1.5226452767510679,9.710065097199651,0.0010868135451933365,0.002183665564639751,0.0,-65.9289536712814,29.253706052567594,-87.0
1772318552.787143,113.03112597185948,1.2672214334594871,-8.927491141512801,-0.17097988717336007,-1.521858048795658,9.716733544873824,-0.0010908289348945679,-2.0076948506157248e-06,0.0,-64.42838104970892,28.943967360462317,-87.75
1772318552.825571,113.03112597185948,1.2672214334594871,-8.927491141512801,-0.16971618288518717,-1.5213403141271131,9.721171322309544,-0.0021836655646397516,0.0010868135451933363,0.001090830782496456,-64.42838104970892,28.943967360462317,-87.75
1772318552.847652,113.03112597185948,1.2672214334594871,-8.927491141512801,-0.16971618288518717,-1.5213403141271131,9.721171322309544,-0.0021836655646397516,0.0010868135451933363,0.001090830782496456,-64.42838104970892,28.943967360462317,-87.75
1772318552.877915,113.03112597185948,1.2672214334594871,-8.927491141512801,-0.17222030783942416,-1.5210019242305397,9.720779501912475,-0.0010908289348945679,-2.0076948506157248e-06,0.0,-65.61645420058036,29.254281214775045,-86.5625
1772318552.9552538,112.91927647258561,1.2641232496111332,-8.856570239250305,-0.17389908850729627,-1.5140865174514047,9.710483414693186,0.026165840573515318,0.007683987220676752,-0.022907446432425576,-64.11588157900788,28.944542522669767,-85.375
1772318553.018743,112.71666968606023,1.2698383455100088,-8.839464375472085,-0.17501629828855636,-1.5094843914900455,9.713666818785539,0.026181902132320245,-0.0010426442584797904,-0.03599741582238305,-64.11588157900788,28.944542522669767,-85.375
1772318553.0641372,112.71666968606023,1.2698383455100088,-8.839464375472085,-0.17501629828855636,-1.5094843914900455,9.713666818785539,0.026181902132320245,-0.0010426442584797904,-0.03599741582238305,-64.11588157900788,28.944542522669767,-85.375
1772318553.1246696,112.51621927968282,1.244613781058286,-8.843573880624138,-0.20269302602235206,-1.4128080128444231,9.729165785477322,-0.001110905883400725,0.010906281654095061,-0.08290313946973066,-40.28248600723677,17.613389149359477,-54.1875
1772318553.162023,112.32594258493138,1.2143184896925736,-8.843451371166088,-0.23433192803737493,-1.4354683468485132,9.739480174675903,0.0032564252458787777,0.00873265456370839,-0.05999569303730508,-40.28248600723677,17.613389149359477,-54.1875
1772318553.277249,111.84141447917592,1.1378718578834888,-8.855882630118494,-0.23261138274008433,-1.4560642645040833,9.73753182769419,-0.0011008674091476465,0.005452136979622223,-0.05235987755982989,-40.59418025084738,17.17531472817056,-53.375
1772318553.3230755,111.84141447917592,1.1378718578834888,-8.855882630118494,-0.23261138274008433,-1.4560642645040833,9.73753182769419,-0.0011008674091476465,0.005452136979622223,-0.05235987755982989,-40.59418025084738,17.17531472817056,-53.375
1772318553.3700495,111.65280498801947,1.1033632051125448,-8.912189069560768,-0.20733689473946787,-1.5043099772360433,9.731667235487135,-0.033825735455984676,0.005391906134103752,-0.050178215994836975,-40.53099016205823,16.80043039577079,-54.5
1772318553.4261048,111.66295570148043,1.1025154069471816,-8.877118175650988,-0.19051700530958796,-1.5364169601192386,9.72776441488513,0.02729080032087035,-0.010858096977680285,-0.018544123302439753,-40.53099016205823,16.80043039577079,-54.5
1772318553.4548256,111.66295570148043,1.1025154069471816,-8.877118175650988,-0.19051700530958796,-1.5364169601192386,9.72776441488513,0.02729080032087035,-0.010858096977680285,-0.018544123302439753,-40.53099016205823,16.80043039577079,-54.5
1772318553.4870641,111.67817331309615,1.1055731642273776,-8.886820744484066,-0.2427328097684162,-1.638183321661339,9.691716014298663,-0.015283651257627644,0.006516865881458787,0.018544123302439753,-39.096483440312156,18.42807338957052,-55.5
1772318553.5162194,111.5764303009924,1.0983259754343826,-8.811547718784569,-0.30121773721474815,-1.5320052814971996,9.681106653224667,0.02506497316436767,0.013136124200298976,-0.06763150851478027,-39.096483440312156,18.42807338957052,-55.5
1772318553.584437,111.3515001310745,1.0825906731325923,-8.849077937795778,-0.3167230608202358,-1.4613018846613133,9.67404624194425,0.0010868135451933365,0.002183665564639751,-0.03490658503988659,-40.282601039678255,17.675889043499687,-53.5
1772318553.6644573,111.11093032201848,1.0527237297957897,-8.817897405630683,-0.2568129238276802,-1.4040849541719527,9.676037840521733,-0.007657887187618747,0.011985064419885935,-0.07308566242726255,-40.282601039678255,17.675889043499687,-53.5
1772318553.689022,111.11093032201848,1.0527237297957897,-8.817897405630683,-0.2568129238276802,-1.4040849541719527,9.676037840521733,-0.007657887187618747,0.011985064419885935,-0.07308566242726255,-40.282601039678255,17.675889043499687,-53.5
1772318553.7185767,111.00091042505585,1.040266433672911,-8.824672945022492,-0.19687276065012993,-1.3659707856350682,9.677363227127435,0.009811437329499262,0.003290556058339245,-0.04581489286485115,-40.09533142214061,17.801233929104576,-53.875
1772318553.7397327,111.00091042505585,1.040266433672911,-8.824672945022492,-0.19687276065012993,-1.3659707856350682,9.677363227127435,0.009811437329499262,0.003290556058339245,-0.04581489286485115,-40.09533142214061,17.801233929104576,-53.875
1772318553.784344,110.86355194760696,1.0549549490405763,-8.826307913292714,-0.176850715398406,-1.451031672058108,9.67824525710799,0.009797383465544951,0.01092635860260122,-0.05235987755982989,-40.09533142214061,17.801233929104576,-53.875
1772318553.9163082,110.6079052325822,1.0392362922060707,-8.823015193090786,-0.16687137398579827,-1.5076448985221482,9.702248020158367,-0.003292563753189861,0.01090226626439383,-0.06435901616729091,-40.032601463117416,17.67634917326565,-53.875
1772318553.946673,110.15878882721563,0.9833245582964198,-8.82077806275318,-0.17705427182971495,-1.491829455367903,9.71822159083996,-0.006557019778471102,0.006532927440263713,-0.09053895494720585,-40.40840605504911,18.11315823759817,-55.0625
1772318554.0078251,109.98428839256262,0.950289344260071,-8.82535530110477,-0.16710534638684835,-1.4812736709094887,9.728851823692084,-1.0038474253078624e-05,0.005454144674472839,-0.05235987755982989,-40.40840605504911,18.11315823759817,-55.0625
1772318554.058468,109.785876697155,0.9212034900370365,-8.834739439972937,-0.16382955368291402,-1.4742550710101205,9.699129896127177,-0.0021816578697891357,-4.0153897012314496e-06,-0.05890486225480862,-39.78283195143956,17.80180909131203,-54.5625
1772318554.0970433,109.66662735520312,0.9022214227764617,-8.837424981606771,-0.16162492326397584,-1.4829646953460458,9.679350285348418,0.0010767750709402579,0.007637810239112591,-0.05672320068981571,-39.78283195143956,17.80180909131203,-54.5625
1772318554.1408987,109.66662735520312,0.9022214227764617,-8.837424981606771,-0.16162492326397584,-1.4829646953460458,9.679350285348418,0.0010767750709402579,0.007637810239112591,-0.05672320068981571,-39.78283195143956,17.80180909131203,-54.5625
1772318554.205963,109.45609023383048,0.8818665340756909,-8.84445688430516,-0.1701315170533703,-1.5222303836894713,9.692948068986437,-0.004375361908681966,0.0065369428299649444,-0.05672320068981571,-40.40748579551719,17.613159084476496,-55.75
1772318554.2870684,109.25219253341473,0.8505982737253516,-8.843592014361016,-0.1757925601953334,-1.5483612606555424,9.701997242100344,0.001082798155492105,0.004365323434428887,-0.04145156973486533,-39.531682050463814,17.177270279675895,-55.375
1772318554.3037126,109.15139384127403,0.8468524215873728,-8.83841901076061,-0.17622712861053627,-1.5590546985505442,9.687948695477845,-0.0011028751039982622,0.006542965914516792,-0.05999569303730508,-39.531682050463814,17.177270279675895,-55.375
1772318554.3186705,109.0473595615978,0.830678439647726,-8.850727286844018,-0.1597907988288355,-1.5661402783067997,9.678599544633121,-0.003282525278936782,0.005448121589920992,-0.06217735460229799,-39.531682050463814,17.177270279675895,-55.375
1772318554.3342571,109.0473595615978,0.830678439647726,-8.850727286844018,-0.1597907988288355,-1.5661402783067997,9.678599544633121,-0.003282525278936782,0.005448121589920992,-0.06217735460229799,-39.531682050463814,17.177270279675895,-55.375
1772318554.35391,109.0473595615978,0.830678439647726,-8.850727286844018,-0.1597907988288355,-1.5661402783067997,9.678599544633121,-0.003282525278936782,0.005448121589920992,-0.06217735460229799,-39.531682050463814,17.177270279675895,-55.375
1772318554.3827307,109.04361474359642,0.8206514307283381,-8.912803782719907,-0.1317946106965037,-1.7514605950159021,9.672377789182814,-0.06654257272341925,0.0009683595490070086,-0.0272707695624114,-41.78305862880924,17.923127841464755,-56.5625
1772318554.4491985,109.05259682492525,0.8311251266972014,-8.910989848109985,-0.11316346023234981,-1.874789195622229,9.641476386773643,0.0032283175179701577,0.024004259652232338,-0.018544123302439753,-41.78305862880924,17.923127841464755,-56.5625
1772318554.4749684,108.93477894205651,0.7950428788933566,-8.901276484290277,-0.08089101721273437,-1.8497826678753393,9.620911848661622,-0.0163604263285679,-0.0011209443576538037,-0.05781403147231216,-41.72147899420096,18.42324202702792,-57.25
1772318554.5143054,108.92401778055759,0.754945324302539,-9.14906009730112,-0.07613959709756123,-1.8331718867103428,9.607226378269015,0.03167820839865602,-0.023940013417012636,0.055632369907319255,-41.72147899420096,18.42324202702792,-57.25
1772318554.5698433,108.92401778055759,0.754945324302539,-9.14906009730112,-0.07613959709756123,-1.8331718867103428,9.607226378269015,0.03167820839865602,-0.023940013417012636,0.055632369907319255,-41.72147899420096,18.42324202702792,-57.25
1772318554.6145458,108.92401778055759,0.754945324302539,-9.14906009730112,-0.07613959709756123,-1.8331718867103428,9.607226378269015,0.03167820839865602,-0.023940013417012636,0.055632369907319255,-41.72147899420096,18.42324202702792,-57.25
1772318554.6426322,108.92158931460348,0.7768381583356712,-9.00972897411958,-0.07297758008775394,-1.822117597399621,9.711852648648316,0.038247274346230806,-0.03701791446664376,-0.016362461737446838,-40.71998526621824,17.612583922269042,-55.6875
1772318554.6654105,109.11377845568863,0.7709121097230085,-9.12254430926487,-0.07440925812919436,-1.7110689608027665,9.547322443321363,0.009879698954420197,-0.03379762772807606,0.08290313946973066,-40.71998526621824,17.612583922269042,-55.6875
1772318554.686831,109.11377845568863,0.7709121097230085,-9.12254430926487,-0.07440925812919436,-1.7110689608027665,9.547322443321363,0.009879698954420197,-0.03379762772807606,0.08290313946973066,-40.71998526621824,17.612583922269042,-55.6875
1772318554.7099411,109.25672104749857,0.7563052996578985,-9.14644404407569,-0.07537433735661736,-1.6304771215590828,9.671987249111453,-0.02506497316436767,-0.013136124200298976,0.050178215994836975,-40.7191800391278,17.175084663287578,-54.0
1772318554.7476506,109.51981810513377,0.7466260956848448,-9.200382125427794,-0.0693140612350616,-1.5835220514115365,9.611110481352895,-0.052345735010984946,-0.00773217189709153,0.10144726277217041,-40.7191800391278,17.175084663287578,-54.0
1772318554.7771413,109.51981810513377,0.7466260956848448,-9.200382125427794,-0.0693140612350616,-1.5835220514115365,9.611110481352895,-0.052345735010984946,-0.00773217189709153,0.10144726277217041,-40.7191800391278,17.175084663287578,-54.0
1772318554.7998233,109.83018490316522,0.7617946626255523,-9.19974436771821,-0.06523791798081015,-1.5756897190414454,9.650880353423295,-0.0010667365966871793,-0.01309195491358543,0.14944381720201447,-40.28064548817292,16.61339084311612,-53.6875
1772318554.8142512,109.83018490316522,0.7617946626255523,-9.19974436771821,-0.06523791798081015,-1.5756897190414454,9.650880353423295,-0.0010667365966871793,-0.01309195491358543,0.14944381720201447,-40.28064548817292,16.61339084311612,-53.6875
1772318554.8336356,110.10217441889387,0.768171914303831,-9.195836378843975,-0.0792508203861804,-1.5705081730513752,9.677346759027566,0.0011169289679525724,-0.014178768458778766,0.11126473981463851,-40.28064548817292,16.61339084311612,-53.6875
1772318554.8632293,110.39184763101134,0.7972107367517466,-9.19773217911134,-0.08861319085378598,-1.5469892758275596,9.701650079722725,-0.007603679426652123,-0.017467316822267393,0.13853550937704992,-39.218837482438296,16.99034575946272,-53.5625
1772318554.878197,110.39184763101134,0.7972107367517466,-9.19773217911134,-0.08861319085378598,-1.5469892758275596,9.701650079722725,-0.007603679426652123,-0.017467316822267393,0.13853550937704992,-39.218837482438296,16.99034575946272,-53.5625
1772318554.9231699,110.81786115702869,0.8256838864087865,-9.19059717327686,-0.10897100168080946,-1.5376657287823294,9.739729502955695,-0.0032524098561775463,-0.010914312433497525,0.12544553998709243,-39.09464292124831,17.428075083327165,-53.1875
1772318554.944975,110.81786115702869,0.8256838864087865,-9.19059717327686,-0.10897100168080946,-1.5376657287823294,9.739729502955695,-0.0032524098561775463,-0.010914312433497525,0.12544553998709243,-39.09464292124831,17.428075083327165,-53.1875
1772318554.964034,111.01943377734236,0.8361262572591505,-9.185432031098118,-0.12174127996589991,-1.5418831532156938,9.749855322360624,-0.006526904355711865,-0.009829506583154804,0.11999138607461016,-39.09464292124831,17.428075083327165,-53.1875
1772318554.9822314,111.17003696985537,0.8500520253220896,-9.19419140343469,-0.11352038404556913,-1.5413139123135258,9.686346596208082,-0.018519999555000263,-0.013124078031195282,0.13962634015954636,-39.09464292124831,17.428075083327165,-53.1875
1772318555.007514,111.47688152663561,0.859156573634869,-9.189614346558903,-0.1247749998515846,-1.5409658725613107,9.620666466441286,3.613850731108305e-05,-0.01963492082810222,0.1341721862470641,-39.21964270952873,17.427845018444184,-51.0625
1772318555.0332088,111.47688152663561,0.859156573634869,-9.189614346558903,-0.1247749998515846,-1.5409658725613107,9.620666466441286,3.613850731108305e-05,-0.01963492082810222,0.1341721862470641,-39.21964270952873,17.427845018444184,-51.0625
1772318555.0534523,111.73240558807449,0.8778005854993349,-9.177725615385928,-0.13895503303122006,-1.5407465694778062,9.576957073776606,0.006573081337276027,-0.015259558919420255,0.11562806294462433,-39.21964270952873,17.427845018444184,-51.0625
1772318555.0790975,111.82425814944207,0.87357804620003,-9.16940876609312,-0.18857605640216438,-1.5172587643373268,9.557904296346129,-0.0010647289018365634,-0.014182783848479997,0.07963064712224129,-38.405303566642154,16.429342133940207,-52.25
1772318555.1008928,111.99924372228445,0.8992437563215685,-9.175972367974039,-0.1814570206542069,-1.5015540114898964,9.545224885799614,-0.0010707519863884106,-0.010910297043796294,0.11235557059713497,-38.405303566642154,16.429342133940207,-52.25
1772318555.1171544,111.99924372228445,0.8992437563215685,-9.175972367974039,-0.1814570206542069,-1.5015540114898964,9.545224885799614,-0.0010707519863884106,-0.010910297043796294,0.11235557059713497,-38.405303566642154,16.429342133940207,-52.25
1772318555.1316574,112.12064421309624,0.8915067798315905,-9.163066447435439,-0.2034740734790268,-1.4944970338799741,9.536786879719205,0.013140139590000207,-0.027246631034156806,0.10253809355466686,-38.405303566642154,16.429342133940207,-52.25
1772318555.1532187,112.32229030838621,0.8998441016389079,-9.17312914266339,-0.20467802786074424,-1.52657223360136,9.531171480931398,0.005476229317829612,-0.011989079809587166,0.11562806294462433,-36.783757292241425,18.307329801625247,-51.0
1772318555.1727746,112.4489762262971,0.898351085252471,-9.164395909159804,-0.20546693256898949,-1.5546081327955128,9.537469830888185,0.009865645090465888,-0.02616182518381409,0.11235557059713497,-36.783757292241425,18.307329801625247,-51.0
1772318555.1948102,112.4489762262971,0.898351085252471,-9.164395909159804,-0.20546693256898949,-1.5546081327955128,9.537469830888185,0.009865645090465888,-0.02616182518381409,0.11235557059713497,-36.783757292241425,18.307329801625247,-51.0
1772318555.212747,112.59451447280661,0.9041509169412697,-9.159084375818626,-0.2059919398396837,-1.5732657105277073,9.672120669012703,0.006563042863022949,-0.009805414244947415,0.07635815477475191,-36.783757292241425,18.307329801625247,-51.0
1772318555.2285385,112.59451447280661,0.9041509169412697,-9.159084375818626,-0.2059919398396837,-1.5732657105277073,9.672120669012703,0.006563042863022949,-0.009805414244947415,0.07635815477475191,-36.783757292241425,18.307329801625247,-51.0
1772318555.2464077,112.77780665506371,0.8994028759837521,-9.161817473880928,-0.18627069006452998,-1.5856451796384747,9.761729297636151,-0.0010366211739279434,-0.029454388937003945,0.10799224746714914,-36.531342034409285,16.99529215444681,-49.25
1772318555.287072,113.00003739725898,0.8938432693168232,-9.169444800187538,-0.18321867721571067,-1.5738314120204786,9.721009487771505,-0.00543005233626545,-0.013099985692987893,0.0916297857297023,-36.531342034409285,16.99529215444681,-49.25
1772318555.3318787,113.31409306822941,0.9093536230534758,-9.169469457317193,-0.15218899388164125,-1.4469998593503286,9.675877107832756,-0.001074767376089642,-0.008728639174007157,0.09708393964218458,-35.408069426507865,17.93486115049678,-50.0625
1772318555.3664048,113.31409306822941,0.9093536230534758,-9.169469457317193,-0.15218899388164125,-1.4469998593503286,9.675877107832756,-0.001074767376089642,-0.008728639174007157,0.09708393964218458,-35.408069426507865,17.93486115049678,-50.0625
1772318555.380453,113.47357073746102,0.9356870812235807,-9.16014185328909,-0.1438860398183355,-1.4413924439309143,9.653840479367187,0.013095970303286662,-0.003248394466476315,0.07963064712224129,-36.22183340718699,18.62086456429971,-48.875
1772318555.405458,113.62390651877756,0.9535869119339231,-9.162641280279704,-0.1618316696066912,-1.407597914427677,9.63917534928862,-0.001082798155492105,-0.004365323434428887,0.06981317007977318,-36.22183340718699,18.62086456429971,-48.875
1772318555.4322016,113.62390651877756,0.9535869119339231,-9.162641280279704,-0.1618316696066912,-1.407597914427677,9.63917534928862,-0.001082798155492105,-0.004365323434428887,0.06981317007977318,-36.22183340718699,18.62086456429971,-48.875
1772318555.4490838,113.70439792499403,0.9697755664301494,-9.160209447042922,-0.17365730766952972,-1.4486650473416722,9.62941586904157,0.0021977194285940616,-0.00872261608945531,0.06872233929727672,-34.40933647712092,18.62420050510293,-47.5625
1772318555.4636693,113.82983926213139,0.9836481227365351,-9.153212619863384,-0.20835571019197777,-1.439247853024291,9.622921043957696,0.010922343212899989,-0.007615725595755817,0.07526732399225546,-34.40933647712092,18.62420050510293,-47.5625
1772318555.4808326,113.87960936634403,0.9952929453452861,-9.141065110865211,-0.1945832188469093,-1.4697092576991349,9.655395039196842,0.020741811321801716,-0.008688485276994843,0.08835729338221293,-34.40933647712092,18.62420050510293,-47.5625
1772318555.499393,113.87960936634403,0.9952929453452861,-9.141065110865211,-0.1945832188469093,-1.4697092576991349,9.655395039196842,0.020741811321801716,-0.008688485276994843,0.08835729338221293,-34.40933647712092,18.62420050510293,-47.5625
1772318555.5335422,114.09671508917594,1.006755982676931,-9.135328961626088,-0.18531927183568686,-1.5435026788982846,9.743908354416584,-0.0010807904606414892,-0.005456152369323454,0.06544984694978735,-33.408993073553084,18.43854134174615,-48.375
1772318555.5578203,114.23740219738107,1.0238830557734946,-9.137889200027615,-0.17574754512459273,-1.6260562800530656,9.802812976936806,-0.011983056725035319,-0.008748716122513316,0.08617563181722002,-33.408993073553084,18.43854134174615,-48.375
1772318555.5739589,114.29682111185014,1.0344962256369057,-9.140925564817652,-0.16937766792155284,-1.6809947794374234,9.842013345216266,-0.00434524648592273,-0.009825491193453573,0.055632369907319255,-33.408993073553084,18.43854134174615,-48.375
1772318555.5962603,114.29682111185014,1.0344962256369057,-9.140925564817652,-0.16937766792155284,-1.6809947794374234,9.842013345216266,-0.00434524648592273,-0.009825491193453573,0.055632369907319255,-33.408993073553084,18.43854134174615,-48.375
1772318555.615818,114.40473286377679,1.0254597230137197,-9.128789649849653,-0.1752231578586072,-1.6908133589679541,9.86810075240944,0.016386526361625905,-0.013059831795975578,0.061086523819801536,-32.596034319964396,18.190037186924688,-47.875
1772318555.647568,114.55606336409522,1.0316178336577926,-9.123468747421985,-0.17915636330639192,-1.6739317716742033,9.885461630481064,0.010940412466555529,-0.017433186009806926,0.07417649320975901,-32.596034319964396,18.190037186924688,-47.875
1772318555.6677284,114.6380941198538,1.0301745524352353,-9.109524982600202,-0.18515591408783125,-1.6426327844026811,9.846838425294225,0.017481370686221707,-0.015239481970914098,0.06326818538479445,-32.596034319964396,18.190037186924688,-47.875
1772318555.686153,114.6380941198538,1.0301745524352353,-9.109524982600202,-0.18515591408783125,-1.6426327844026811,9.846838425294225,0.017481370686221707,-0.015239481970914098,0.06326818538479445,-32.596034319964396,18.190037186924688,-47.875
1772318555.709456,114.72264321690173,1.0427823863901313,-9.112258545416182,-0.1757681239474488,-1.621779031038608,9.821135113691854,-0.0032704791098330877,-0.001096852019446415,0.05345070834232634,-31.90945574395402,18.69130169690276,-47.0625
1772318555.733108,114.73914810009389,1.032302247166632,-9.104710678237595,-0.16952065447751144,-1.607901091126506,9.814065182067239,0.0022097655976977557,-0.015267589698822718,0.02181661564992912,-31.90945574395402,18.69130169690276,-47.0625
1772318555.7596037,114.78330955253516,1.0395616093965805,-9.098071663245475,-0.15876517237906676,-1.5484765730352996,9.809360221547369,-0.010906281654095061,-0.001110905883400725,0.044724062082354694,-31.90945574395402,18.69130169690276,-47.0625
1772318555.7767425,114.87497989620364,1.0388186355834188,-9.083869330712222,-0.11482366621623909,-1.5021722838173874,9.786158452635332,-0.0032524098561775463,-0.010914312433497525,0.03599741582238305,-31.28353654302,18.192452868195986,-46.6875
1772318555.8168113,114.96688648736675,1.0326538118897008,-9.091046895416667,-0.08558108472366359,-1.4713572965956694,9.73726681753192,-0.015267589698822718,-0.0022097655976977557,0.038179077387375956,-31.28353654302,18.192452868195986,-46.6875
1772318555.8396184,115.01715913503921,1.0366407438535319,-9.090513912542205,-0.13299796726420543,-1.464353825828995,9.704729980525947,0.007649856408216285,-0.007621748680307665,0.025089107997418487,-30.221843569726868,18.63190767868279,-44.1875
1772318555.868431,115.01715913503921,1.0366407438535319,-9.090513912542205,-0.13299796726420543,-1.464353825828995,9.704729980525947,0.007649856408216285,-0.007621748680307665,0.025089107997418487,-30.221843569726868,18.63190767868279,-44.1875
1772318555.8916342,115.0619281493729,1.0617628240997956,-9.095861301165685,-0.16451643246244374,-1.4797637305167528,9.683077078958757,0.004339223401370882,0.013097977998137278,0.016362461737446838,-30.221843569726868,18.63190767868279,-44.1875
1772318555.9300206,115.14295743544383,1.0703780073964884,-9.104908019949137,-0.17205578412467656,-1.5201001773526972,9.748949995820217,0.007619740985457049,0.008740685343110852,0.038179077387375956,-29.033195256647982,18.00909435366901,-45.0
1772318555.9463327,115.17747931159336,1.0768669620887392,-9.098489511120937,-0.1770731384358161,-1.5469436321343828,9.792787686142821,-0.007635802544261975,-1.4053863954310075e-05,0.014180800172453928,-29.033195256647982,18.00909435366901,-45.0
1772318555.9590735,115.17747931159336,1.0768669620887392,-9.098489511120937,-0.1770731384358161,-1.5469436321343828,9.792787686142821,-0.007635802544261975,-1.4053863954310075e-05,0.014180800172453928,-29.033195256647982,18.00909435366901,-45.0
1772318555.9806705,115.217620702897,1.085991183233033,-9.10193637207543,-0.18043060190796342,-1.5547723333060146,9.80523562081683,-0.008722616089455312,-0.002197719428594061,0.03490658503988659,-29.033195256647982,18.00909435366901,-45.0
1772318556.012533,115.28289820181634,1.0971136623281184,-9.105091990561613,-0.17944298513919923,-1.4930739689112615,9.759997794972731,-0.010894235484991367,-0.007655879492768132,0.020725784867432664,-29.40819462148924,18.00840415902007,-46.5625
1772318556.0272248,115.28289820181634,1.0971136623281184,-9.105091990561613,-0.17944298513919923,-1.4930739689112615,9.759997794972731,-0.010894235484991367,-0.007655879492768132,0.020725784867432664,-29.40819462148924,18.00840415902007,-46.5625
1772318556.043112,115.34868039508945,1.1023547212287357,-9.104496259061843,-0.15525917356776514,-1.5121832081766222,9.783414314530221,-0.0021836655646397516,0.0010868135451933363,0.05672320068981571,-29.40819462148924,18.00840415902007,-46.5625
1772318556.0659533,115.3834401737295,1.1050951616530966,-9.10394366818826,-0.13925131150400435,-1.4780687088623317,9.8391390872039,0.005456152369323454,-0.0010807904606414892,0.017453292519943295,-29.40819462148924,18.00840415902007,-46.5625
1772318556.0845478,115.3834401737295,1.1050951616530966,-9.10394366818826,-0.13925131150400435,-1.4780687088623317,9.8391390872039,0.005456152369323454,-0.0010807904606414892,0.017453292519943295,-29.40819462148924,18.00840415902007,-46.5625
1772318556.1115887,115.42507265511104,1.0949846959960092,-9.111671750318093,-0.14189248790001205,-1.5022220022012691,9.876223300931736,0.007645841018515054,-0.005440090810518529,0.020725784867432664,-28.72000559129799,17.634670151035206,-44.6875
1772318556.1290593,115.42507265511104,1.0949846959960092,-9.111671750318093,-0.14189248790001205,-1.5022220022012691,9.876223300931736,0.007645841018515054,-0.005440090810518529,0.020725784867432664,-28.72000559129799,17.634670151035206,-44.6875
1772318556.1598268,115.46622440215567,1.0923433896073018,-9.107627443212452,-0.14368094499702178,-1.5015702189007958,9.89421220749516,0.0022057502079965243,-0.013085931829033583,0.032724923474893676,-28.72000559129799,17.634670151035206,-44.6875
1772318556.176234,115.5421327969772,1.0924388323500753,-9.103032422661132,-0.14474800837934654,-1.5680385852255112,9.88276784191263,-0.015257551224569638,-0.0076639102721705946,0.028361600344907856,-29.0944297939318,17.321480485685214,-44.6875
1772318556.1983578,115.60940491994478,1.0784413829096486,-9.106766216427397,-0.19229576846347143,-1.6090136288589447,9.838355515678883,0.018594284264473047,-0.027236592559903728,0.05345070834232634,-29.0944297939318,17.321480485685214,-44.6875
1772318556.2152796,115.60940491994478,1.0784413829096486,-9.106766216427397,-0.19229576846347143,-1.6090136288589447,9.838355515678883,0.018594284264473047,-0.027236592559903728,0.05345070834232634,-29.0944297939318,17.321480485685214,-44.6875
1772318556.2358701,115.65130301924836,1.066174433861719,-9.104905097190157,-0.23062848373920278,-1.6362943761595021,9.842250725761708,0.0043633157395782714,8.030779402462899e-06,0.004363323129985824,-29.0944297939318,17.321480485685214,-44.6875
1772318556.2531776,115.64569184646363,1.0650483446988384,-9.079530556257408,-0.24967606491680344,-1.530668171722347,9.834807609437524,0.017469324517118013,-0.00869450836154669,0.007635815477475192,-27.032623481953824,17.700275921095656,-43.375
1772318556.2694035,115.64569184646363,1.0650483446988384,-9.079530556257408,-0.24967606491680344,-1.530668171722347,9.834807609437524,0.017469324517118013,-0.00869450836154669,0.007635815477475192,-27.032623481953824,17.700275921095656,-43.375
1772318556.3031251,115.66213803621437,1.03840006819989,-8.978856445081568,-0.19891198072179592,-1.3967011197071733,9.829854298668836,-4.0153897012314496e-06,0.0021816578697891357,0.007635815477475192,-27.032623481953824,17.700275921095656,-43.375
1772318556.3532438,115.74696804211952,1.0518262410827617,-8.94082448691089,-0.16512904976199505,-1.3075475431011019,9.796451920318507,-0.0010948443245957992,0.00217965017493852,0.016362461737446838,-27.530321986245692,16.44935777875954,-44.875
1772318556.36966,115.74696804211952,1.0518262410827617,-8.94082448691089,-0.16512904976199505,-1.3075475431011019,9.796451920318507,-0.0010948443245957992,0.00217965017493852,0.016362461737446838,-27.530321986245692,16.44935777875954,-44.875
1772318556.3916166,115.7533632930678,1.0464226637198741,-8.937342715020627,-0.12910638713368816,-1.335164963892364,9.774223010655378,0.008724623784305927,0.0011068904936994935,0.008726646259971648,-27.530321986245692,16.44935777875954,-44.875
1772318556.408367,115.777980100082,1.0527482129800556,-8.956295556014178,-0.1686168414404113,-1.3938022995158073,9.74270436105116,-0.012007149063242708,0.004341231096221498,0.007635815477475192,-27.530321986245692,16.44935777875954,-44.875
1772318556.429181,115.75848497812464,1.0534645987560938,-8.96643312694635,-0.16821748324927643,-1.3959793709596504,9.721729051825939,-0.0010807904606414892,-0.005456152369323454,-0.014180800172453928,-27.531587343102085,17.13685661430185,-43.25
1772318556.445686,115.75848497812464,1.0534645987560938,-8.96643312694635,-0.16821748324927643,-1.3959793709596504,9.721729051825939,-0.0010807904606414892,-0.005456152369323454,-0.014180800172453928,-27.531587343102085,17.13685661430185,-43.25
1772318556.4671404,115.76859945631652,1.0482988699589613,-8.962455901107916,-0.17432177634009088,-1.5713860153285206,9.691044659309513,0.013108016472390356,-0.00979336807584372,0.014180800172453928,-27.531587343102085,17.13685661430185,-43.25
1772318556.4826312,115.75208787993395,1.0588665246789042,-8.969914092740652,-0.17870426577974308,-1.5141716635766613,9.670624538856956,0.010880181621037058,0.015291682037030107,-0.028361600344907856,-27.531587343102085,17.13685661430185,-43.25
1772318556.5012763,115.75208787993395,1.0588665246789042,-8.969914092740652,-0.17870426577974308,-1.5141716635766613,9.670624538856956,0.010880181621037058,0.015291682037030107,-0.028361600344907856,-27.531587343102085,17.13685661430185,-43.25
1772318556.5171628,115.7178538513915,1.0518099301143122,-8.95122088542986,-0.20821537984789393,-1.5664632686678128,9.720592299242538,0.013104001082689125,-0.007611710206054586,-0.017453292519943295,-27.219087872401037,17.1374317765093,-42.5625
1772318556.5398254,115.7124508828179,1.0454163785189312,-8.947264244367917,-0.2280393988555444,-1.5009095664750454,9.770570844139284,-0.005464183148725918,0.00544410620021976,-0.00545415391248228,-27.219087872401037,17.1374317765093,-42.5625
1772318556.5633,115.7124508828179,1.0454163785189312,-8.947264244367917,-0.17749034501152325,-1.5575205130985268,9.787105448934543,-0.018556138062311347,0.00651084279690694,0.009817477042468103,-26.27986397367554,16.20165885102851,-42.75
1772318556.5915315,115.7124508828179,1.0454163785189312,-8.947264244367917,-0.17749034501152325,-1.5575205130985268,9.787105448934543,-0.018556138062311347,0.00651084279690694,0.009817477042468103,-26.27986397367554,16.20165885102851,-42.75
1772318556.6387072,115.71780922907512,1.0487292116116853,-8.982255651614638,-0.14406600031363803,-1.4781157542377472,9.74458725640504,-0.004377369603532581,0.007627771764859512,-0.014180800172453928,-26.27986397367554,16.20165885102851,-42.75
1772318556.6760676,115.67691913554525,1.0492496440311336,-8.976660655581695,-0.12177321835664613,-1.4520336225572879,9.716291874235989,-0.002199727123444677,0.009813445024349879,-0.016362461737446838,-27.031243092655938,16.950277191413143,-43.1875
1772318556.6950386,115.67715711374571,1.0455285429659114,-8.982558013440139,-0.11700372282484212,-1.4179691952984765,9.694116501775294,-0.010904273959244447,-0.002201734818295293,0.011999138607461015,-27.031243092655938,16.950277191413143,-43.1875
1772318556.7208393,115.69217607357977,1.0526581341784325,-8.986257797219304,-0.1137988931178425,-1.4120252296898943,9.659288368873927,-0.011989079809587166,-0.005476229317829612,0.018544123302439753,-27.031243092655938,16.950277191413143,-43.1875
1772318556.7484248,115.69267369771488,1.0467612314476546,-8.982536827857764,-0.11160454732944763,-1.4415206473909712,9.636110635483803,-0.0032704791098330877,-0.001096852019446415,-0.004363323129985824,-26.09259435613789,16.327003736633404,-42.0
1772318556.7743807,115.69267369771488,1.0467612314476546,-8.982536827857764,-0.11160454732944763,-1.4415206473909712,9.636110635483803,-0.0032704791098330877,-0.001096852019446415,-0.004363323129985824,-26.09259435613789,16.327003736633404,-42.0
1772318556.808888,115.6774161198349,1.043353223231163,-8.972938922146225,-0.15359982955006385,-1.4779550862374886,9.680898123556672,1.204616910369435e-05,-0.006544973609367407,-0.011999138607461015,-26.09259435613789,16.327003736633404,-42.0
1772318556.835135,115.67715711374571,1.0455285429659114,-8.982558013440139,-0.13471573616864488,-1.5021156039043437,9.710703696560142,-0.00435930034987704,-0.0021896886491915984,-0.006544984694978736,-25.71690479664769,15.952694566441087,-42.0
1772318556.8616168,115.67715711374571,1.0455285429659114,-8.982558013440139,-0.13471573616864488,-1.5021156039043437,9.710703696560142,-0.00435930034987704,-0.0021896886491915984,-0.006544984694978736,-25.71690479664769,15.952694566441087,-42.0
1772318556.8867803,115.66803504243468,1.0388969117446207,-8.97909490506655,-0.15565505406440974,-1.4881497715660221,9.690397631956053,0.010920335518049372,-0.00652489666086125,-0.013089969389957472,-25.71690479664769,15.952694566441087,-42.0
1772318556.9033697,115.66213803621437,1.03840006819989,-8.978856445081568,-0.13615734602699617,-1.4687587806102156,9.676884172795635,-0.0010888212400439522,-0.0010928366297451835,-0.003272492347489368,-25.278025148368336,15.203501063849005,-43.1875
1772318556.9228277,115.66213803621437,1.03840006819989,-8.978856445081568,-0.13615734602699617,-1.4687587806102156,9.676884172795635,-0.0010888212400439522,-0.0010928366297451835,-0.003272492347489368,-25.278025148368336,15.203501063849005,-43.1875
1772318556.941338,115.66213803621437,1.03840006819989,-8.978856445081568,-0.1566328995469093,-1.4559158601593685,9.728103127411357,-0.00871860069975408,-0.004379377298383197,0.00545415391248228,-25.278025148368336,15.203501063849005,-43.1875
1772318556.9644744,115.65815686538203,1.0403354216737297,-8.988973082119191,-0.1702591516874918,-1.4473690400641515,9.762188769554907,-0.010906281654095061,-0.001110905883400725,-0.009817477042468103,-25.278025148368336,15.203501063849005,-43.1875
1772318556.9947345,115.6271054216347,1.036315952357016,-9.004528023584218,-0.19263997027734805,-1.478502020189149,9.714625037786162,0.003284532973787398,-0.00653895052481556,-0.013089969389957472,-26.091098934398516,15.514505112810678,-42.375
1772318557.0123992,115.6271054216347,1.036315952357016,-9.004528023584218,-0.19263997027734805,-1.478502020189149,9.714625037786162,0.003284532973787398,-0.00653895052481556,-0.013089969389957472,-26.091098934398516,15.514505112810678,-42.375
1772318557.0387936,115.56157736991145,1.0289683409990273,-8.995477825107143,-0.20753415503877237,-1.4992206706841593,9.682971905615759,0.0076257640700088955,0.005468198538427149,-0.022907446432425576,-26.091098934398516,15.514505112810678,-42.375
1772318557.0571737,115.49655917989591,1.0173103790000502,-8.967174125782282,-0.20741075049401225,-1.512990230920494,9.678632658281607,0.0021595732264323626,0.012003133673541477,-0.04581489286485115,-24.714605841574528,14.704537202700743,-41.25
1772318557.071075,115.48054968527443,1.0219702658784695,-8.970921134479026,-0.1905353717798743,-1.5589191021890245,9.782788512287519,-0.010912304738646909,0.0021615809212829785,-0.013089969389957472,-24.714605841574528,14.704537202700743,-41.25
1772318557.0933342,115.48054968527443,1.0219702658784695,-8.970921134479026,-0.1905353717798743,-1.5589191021890245,9.782788512287519,-0.010912304738646909,0.0021615809212829785,-0.013089969389957472,-24.714605841574528,14.704537202700743,-41.25
1772318557.1127675,115.43989964739221,1.0187732341199953,-8.971207470065345,-0.17939119014209975,-1.5426527683779234,9.805271505728856,-0.005472213928128381,0.009807421939798031,-0.04145156973486533,-24.714605841574528,14.704537202700743,-41.25
1772318557.1263754,115.43989964739221,1.0187732341199953,-8.971207470065345,-0.17939119014209975,-1.5426527683779234,9.805271505728856,-0.005472213928128381,0.009807421939798031,-0.04145156973486533,-24.714605841574528,14.704537202700743,-41.25
1772318557.1422508,115.37923644088363,1.02055615287645,-9.00087463000415,-0.17184557017159813,-1.6020749318052885,9.820233686712573,2.0076948506157248e-06,-0.0010908289348945679,-0.01090830782496456,-25.403255001531736,15.328270787246444,-41.5
1772318557.159697,115.33809123839976,1.023233539624791,-9.004896292632882,-0.18033376011661248,-1.571397117872815,9.79673973394553,-0.0011048827988488778,0.007633794849411359,-0.03599741582238305,-25.403255001531736,15.328270787246444,-41.5
1772318557.1801739,115.33809123839976,1.023233539624791,-9.004896292632882,-0.18033376011661248,-1.571397117872815,9.79673973394553,-0.0011048827988488778,0.007633794849411359,-0.03599741582238305,-25.403255001531736,15.328270787246444,-41.5
1772318557.2102983,115.30706945832377,1.020762718402634,-9.004923705633175,-0.18266207663168288,-1.537594794486465,9.761034100579796,0.001074767376089642,0.008728639174007157,-0.011999138607461015,-25.403255001531736,15.328270787246444,-41.5
1772318557.2242458,115.23042488636744,1.0303474252582636,-9.007331509400872,-0.18759974849805292,-1.4916901403208114,9.757343070676875,0.00433119262196842,0.017461293737715548,-0.05235987755982989,-24.529406807983708,15.954880182829406,-41.5
1772318557.2407181,115.19590266781151,1.0238881481786761,-9.013737057731518,-0.1942308200092275,-1.4611472625040232,9.758231843215306,0.001082798155492105,0.004365323434428887,-0.028361600344907856,-24.529406807983708,15.954880182829406,-41.5
1772318557.2559812,115.19590266781151,1.0238881481786761,-9.013737057731518,-0.1942308200092275,-1.4611472625040232,9.758231843215306,0.001082798155492105,0.004365323434428887,-0.028361600344907856,-24.529406807983708,15.954880182829406,-41.5
1772318557.274644,115.14562801263214,1.0199355227452214,-9.01426998705172,-0.20527852543220815,-1.470939586360615,9.758823311411392,0.003262448330430625,0.005460167759024686,-0.055632369907319255,-24.529406807983708,15.954880182829406,-41.5
1772318557.293053,115.05495961992422,1.0106456211875636,-9.005441974724045,-0.20592196767161347,-1.4874792731405588,9.719075586400923,-1.4053863954310075e-05,0.007635802544261975,-0.05672320068981571,-24.27676148526859,14.517842747370548,-42.6875
1772318557.311677,114.98028408545346,0.9950901227262631,-9.008341328546608,-0.19631485316967437,-1.4984677797066,9.692623919417636,0.0065369428299649444,0.004375361908681965,-0.04799655442984406,-24.27676148526859,14.517842747370548,-42.6875
1772318557.340276,114.94013429135848,0.9860063155006761,-9.00484448360475,-0.1899214257871347,-1.5057805080766389,9.678365742232058,-0.004371346518980734,0.004355284960175808,-0.031634092692397225,-24.27676148526859,14.517842747370548,-42.6875
1772318557.3582828,114.94013429135848,0.9860063155006761,-9.00484448360475,-0.1899214257871347,-1.5057805080766389,9.678365742232058,-0.004371346518980734,0.004355284960175808,-0.031634092692397225,-24.27676148526859,14.517842747370548,-42.6875
1772318557.3766398,114.87811368032294,0.9810666580790969,-9.004860660267678,-0.1938935618020909,-1.5595950517544948,9.673704981285738,0.0021756347852372885,0.003276502194384935,-0.038179077387375956,-25.402334741999812,14.828271634124768,-41.5
1772318557.4411867,114.79967497960682,0.9652606776292657,-9.008210738750508,-0.1938935618020909,-1.5595950517544948,9.673704981285738,0.0021756347852372885,0.003276502194384935,-0.038179077387375956,-25.402334741999812,14.828271634124768,-41.5
1772318557.4776175,114.65360107779482,0.940240201221033,-9.017141246756198,-0.1548036123376506,-1.5765044117430904,9.672465623658306,-0.006544973609367407,-1.204616910369435e-05,-0.016362461737446838,-24.400841014017086,14.01761352936589,-41.5
1772318557.4976919,114.61882994580044,0.9358311092189987,-9.033125337517781,-0.1287896876324125,-1.5877574019255731,9.68502129183106,-0.002185673259490367,0.002177642480087904,-0.02945243112740431,-24.400841014017086,14.01761352936589,-41.5
1772318557.512792,114.61882994580044,0.9358311092189987,-9.033125337517781,-0.1287896876324125,-1.5877574019255731,9.68502129183106,-0.002185673259490367,0.002177642480087904,-0.02945243112740431,-24.400841014017086,14.01761352936589,-41.5
1772318557.5296412,114.57794716836283,0.9346944576299779,-9.04299497805217,-0.17505319635002992,-1.5853278011588283,9.693376948744024,0.003262448330430625,0.005460167759024686,-0.03490658503988659,-24.400841014017086,14.01761352936589,-41.5
1772318557.546119,114.53352998377022,0.9312198056850564,-9.043718625754535,-0.20575485021819762,-1.6305424135701772,9.678866874836881,0.0032704791098330877,0.001096852019446415,-0.04254240051736178,-23.714492502889684,14.64387782762438,-40.0
1772318557.564909,114.4626401317901,0.9158775253554242,-9.046001904277286,-0.20291232067988285,-1.5836516969017123,9.669210582739824,0.0032704791098330877,0.001096852019446415,-0.050178215994836975,-23.714492502889684,14.64387782762438,-40.0
1772318557.5937397,114.4626401317901,0.9158775253554242,-9.046001904277286,-0.20291232067988285,-1.5836516969017123,9.669210582739824,0.0032704791098330877,0.001096852019446415,-0.050178215994836975,-23.714492502889684,14.64387782762438,-40.0
1772318557.613915,114.37171493946616,0.9104026696089843,-9.031182218961469,-0.18427664859209483,-1.5624509831776776,9.706270880412234,0.004369338824130119,-0.003264456025281241,-0.026179938779914945,-24.08592586204474,12.70569091462894,-41.5625
1772318557.630147,114.37171493946616,0.9104026696089843,-9.031182218961469,-0.18427664859209483,-1.5624509831776776,9.706270880412234,0.004369338824130119,-0.003264456025281241,-0.026179938779914945,-24.08592586204474,12.70569091462894,-41.5625
1772318557.6492224,114.27163444243043,0.8983566762088991,-9.0127995764404,-0.1718748169917693,-1.5483421450218224,9.730934094522572,0.005446113895070376,0.00437335421383135,-0.06435901616729091,-24.08592586204474,12.70569091462894,-41.5625
1772318557.6657212,114.22184409274367,0.8885503391155265,-9.009449912251995,-0.15358621847474638,-1.538934400609546,9.74400207629953,0.005450129284771607,0.0021916963440422143,-0.04363323129985824,-24.08592586204474,12.70569091462894,-41.5625
1772318557.6830046,114.22184409274367,0.8885503391155265,-9.009449912251995,-0.15358621847474638,-1.538934400609546,9.74400207629953,0.005450129284771607,0.0021916963440422143,-0.04363323129985824,-24.08592586204474,12.70569091462894,-41.5625
1772318557.7163851,114.10984216579462,0.8758574408953334,-9.015663505541442,-0.18151969250566147,-1.5528181689460683,9.735973113656577,0.00434524648592273,0.009825491193453573,-0.04254240051736178,-24.087766381108583,13.705689220872294,-42.0625
1772318557.733795,114.10984216579462,0.8758574408953334,-9.015663505541442,-0.18151969250566147,-1.5528181689460683,9.735973113656577,0.00434524648592273,0.009825491193453573,-0.04254240051736178,-24.087766381108583,13.705689220872294,-42.0625
1772318557.7502944,114.0100290248231,0.8582914532701172,-9.018557419304742,-0.13994645262357355,-1.5351859919964317,9.720594593585123,0.003531479440413132,-0.1407109095168474,-0.04908738521234052,-24.087766381108583,13.705689220872294,-42.0625
1772318557.7743378,114.0100290248231,0.8582914532701172,-9.018557419304742,-0.13994645262357355,-1.5351859919964317,9.720594593585123,0.003531479440413132,-0.1407109095168474,-0.04908738521234052,-24.087766381108583,13.705689220872294,-42.0625
1772318557.79075,113.95009962242717,0.8535849639701685,-9.019209347025157,-0.17245489418161,-1.54363343280348,9.710360360266895,0.002173627090386673,0.004367331129279502,-0.03599741582238305,-24.58776553423026,13.70476896134037,-39.25
1772318557.820189,113.83355938477108,0.8502630862888043,-9.023824858978188,-0.177400309139034,-1.5291536903380487,9.726965374268728,0.008724623784305927,0.0011068904936994935,-0.055632369907319255,-24.58776553423026,13.70476896134037,-39.25
1772318557.837067,113.83355938477108,0.8502630862888043,-9.023824858978188,-0.177400309139034,-1.5291536903380487,9.726965374268728,0.008724623784305927,0.0011068904936994935,-0.055632369907319255,-24.58776553423026,13.70476896134037,-39.25
1772318557.8536007,113.74265072232448,0.843081840849298,-9.024410481317537,-0.20407022938868613,-1.5396313169187872,9.738015825596786,0.00434524648592273,0.009825491193453573,-0.08617563181722002,-24.21138578009112,12.955460426306798,-41.25
1772318557.8733568,113.74265072232448,0.843081840849298,-9.024410481317537,-0.20407022938868613,-1.5396313169187872,9.738015825596786,0.00434524648592273,0.009825491193453573,-0.08617563181722002,-24.21138578009112,12.955460426306798,-41.25
1772318557.8917527,113.52552316867276,0.8336470848856983,-9.014317971448419,-0.21188810987951343,-1.4897187874341653,9.69519310190419,0.0043492618756239615,0.007643833323664437,-0.10799224746714914,-24.21138578009112,12.955460426306798,-41.25
1772318557.907164,113.52552316867276,0.8336470848856983,-9.014317971448419,-0.21188810987951343,-1.4897187874341653,9.69519310190419,0.0043492618756239615,0.007643833323664437,-0.10799224746714914,-24.21138578009112,12.955460426306798,-41.25
1772318557.9326477,113.54071806903158,0.8405430392458201,-8.993037420257734,-0.2169923141448234,-1.5100242532858639,9.666695057647933,-0.0032724868046837036,-6.023084551847175e-06,0.02399827721492203,-24.274575868880273,13.330344758706564,-41.1875
1772318557.9531612,113.54071806903158,0.8405430392458201,-8.993037420257734,-0.2169923141448234,-1.5100242532858639,9.666695057647933,-0.0032724868046837036,-6.023084551847175e-06,0.02399827721492203,-24.274575868880273,13.330344758706564,-41.1875
1772318557.9698308,113.57577488124474,0.8394353123977714,-8.998438110370689,-0.22038910506568957,-1.5235373139832533,9.647729927539409,-0.005452136979622223,-0.0011008674091476465,-0.002181661564992912,-24.274575868880273,13.330344758706564,-41.1875
1772318557.9988582,113.55112004944819,0.8316316347116911,-8.99480709662634,-0.14233630277320442,-1.549107873329326,9.628418621891932,0.0010807904606414892,0.005456152369323454,-0.013089969389957472,-23.210927344081806,12.707301368809807,-39.5625
1772318558.0281672,113.55112004944819,0.8316316347116911,-8.99480709662634,-0.14233630277320442,-1.549107873329326,9.628418621891932,0.0010807904606414892,0.005456152369323454,-0.013089969389957472,-23.210927344081806,12.707301368809807,-39.5625
1772318558.0720165,113.55108933554452,0.8334627595852834,-8.979322415881033,-0.19074621599991287,-1.5663094971883138,9.615567163704954,-4.0153897012314496e-06,0.0021816578697891357,0.006544984694978736,-23.210927344081806,12.707301368809807,-39.5625
1772318558.093482,113.55108933554452,0.8334627595852834,-8.979322415881033,-0.19074621599991287,-1.5663094971883138,9.615567163704954,-4.0153897012314496e-06,0.0021816578697891357,0.006544984694978736,-23.210927344081806,12.707301368809807,-39.5625
1772318558.1145263,113.55108933554452,0.8334627595852834,-8.979322415881033,-0.13265076609910822,-1.5742456476397904,9.607014661841715,-0.005448121589920992,-0.003282525278936782,-0.002181661564992912,-23.89842617962411,12.706036011953412,-41.1875
1772318558.1371872,113.55977433594029,0.845860679001624,-8.986752763310578,-0.16767357720015302,-1.5294859248110222,9.664880189828503,0.0010888212400439522,0.0010928366297451835,-0.004363323129985824,-23.89842617962411,12.706036011953412,-41.1875
1772318558.15246,113.55977433594029,0.845860679001624,-8.986752763310578,-0.16767357720015302,-1.5294859248110222,9.664880189828503,0.0010888212400439522,0.0010928366297451835,-0.004363323129985824,-23.89842617962411,12.706036011953412,-41.1875
1772318558.1669338,113.53511903728264,0.8380601172413298,-8.983122026724757,-0.11738853384415149,-1.4995633809462459,9.70338905230341,0.003276502194384935,-0.0021756347852372885,-0.013089969389957472,-23.89842617962411,12.706036011953412,-41.1875
1772318558.1863537,113.53511903728264,0.8380601172413298,-8.983122026724757,-0.11738853384415149,-1.4995633809462459,9.70338905230341,0.003276502194384935,-0.0021756347852372885,-0.013089969389957472,-23.89842617962411,12.706036011953412,-41.1875
1772318558.2161436,113.54477613342033,0.8388038830177007,-8.982894060161835,-0.12741077775115683,-1.479730299905238,9.729016270108279,-0.005458160064174071,0.002171619395536057,0.007635815477475192,-22.5234285085395,12.708566725666202,-41.1875
1772318558.2330346,113.54429002050834,0.8446304490264487,-8.98672378140098,-0.13403737192239268,-1.4899473483130785,9.709274668502125,-0.0010948443245957992,0.00217965017493852,0.001090830782496456,-22.5234285085395,12.708566725666202,-41.1875
1772318558.249214,113.54429002050834,0.8446304490264487,-8.98672378140098,-0.13838572890076276,-1.5301977403117293,9.69613685316137,0.00217965017493852,0.0010948443245957992,-0.009817477042468103,-22.5234285085395,12.708566725666202,-41.1875
1772318558.264573,113.54429002050834,0.8446304490264487,-8.98672378140098,-0.13838572890076276,-1.5301977403117293,9.69613685316137,0.00217965017493852,0.0010948443245957992,-0.009817477042468103,-22.5234285085395,12.708566725666202,-41.1875
1772318558.2806633,113.62597370575666,0.8488520428007997,-8.951580474874342,-0.12789908772948114,-1.55695929959302,9.670668225274515,0.04475610944828713,-0.01737094746943784,0.11453723216212788,-25.7734230038304,12.7025850387087,-40.75
1772318558.2978761,113.62597370575666,0.8488520428007997,-8.951580474874342,-0.12789908772948114,-1.55695929959302,9.670668225274515,0.04475610944828713,-0.01737094746943784,0.11453723216212788,-25.7734230038304,12.7025850387087,-40.75
1772318558.3240201,113.70392969131618,0.875923890010972,-8.90583486202484,-0.21708866453267966,-1.337195238264502,9.806350183276312,-0.013075893354780503,-0.007659894882469364,-0.008726646259971648,-25.7734230038304,12.7025850387087,-40.75
1772318558.344792,113.70392969131618,0.875923890010972,-8.90583486202484,-0.21708866453267966,-1.337195238264502,9.806350183276312,-0.013075893354780503,-0.007659894882469364,-0.008726646259971648,-25.7734230038304,12.7025850387087,-40.75
1772318558.3599684,113.67133609565728,0.8589389507158327,-9.030911636500466,-0.2808744631432717,-1.2948987510552767,9.907924438961091,-0.09164368439509801,0.007467156176810254,-0.031634092692397225,-23.210237149432864,12.332302003968548,-41.1875
1772318558.3759258,113.67133609565728,0.8589389507158327,-9.030911636500466,-0.2808744631432717,-1.2948987510552767,9.907924438961091,-0.09164368439509801,0.007467156176810254,-0.031634092692397225,-23.210237149432864,12.332302003968548,-41.1875
1772318558.3978572,113.74092558589433,0.8643999915960127,-9.030035875733462,-0.256070144467802,-1.4572988208292066,9.791539827557964,-0.005482252402381459,0.015261566614270871,0.05235987755982989,-23.210237149432864,12.332302003968548,-41.1875
1772318558.4184802,113.74092558589433,0.8643999915960127,-9.030035875733462,-0.256070144467802,-1.4572988208292066,9.791539827557964,-0.005482252402381459,0.015261566614270871,0.05235987755982989,-23.210237149432864,12.332302003968548,-41.1875
1772318558.436248,113.77731431143324,0.8548140435823139,-8.946536437814077,-0.23956314747167176,-1.5653742531361108,9.714087168770478,0.04362311892152963,0.005534452468497468,0.004363323129985824,-23.585811676481573,12.644111280020654,-40.0625
1772318558.4659472,113.7209406627444,0.8542195259346965,-8.940857278265435,-0.22881188155697033,-1.5101832164771325,9.816418428086987,0.006544973609367407,1.204616910369435e-05,-0.037088246604879506,-23.585811676481573,12.644111280020654,-40.0625
1772318558.4847355,113.74562180097266,0.8602116635032947,-8.959959826004157,-0.1848608677335899,-1.4733864739443103,9.884518738047056,-0.020721734373295556,-0.0022198040719508343,0.026179938779914945,-23.585811676481573,12.644111280020654,-40.0625
1772318558.5088048,113.78039252351923,0.8647207969447085,-8.944033984302703,-0.15561195899912408,-1.448898652835264,9.79937937700972,0.015277628173075796,-0.0032443790767750836,0.030543261909900768,-24.024576292319434,13.330804888472526,-40.5
1772318558.522246,113.78039252351923,0.8647207969447085,-8.944033984302703,-0.15561195899912408,-1.448898652835264,9.79937937700972,0.015277628173075796,-0.0032443790767750836,0.030543261909900768,-24.024576292319434,13.330804888472526,-40.5
1772318558.5415304,113.79629750667551,0.8655054110969785,-8.893772129037282,-0.20621581832568162,-1.5297396482172194,9.742720083308352,0.02400225195738172,-0.0021374885830755894,0.013089969389957472,-24.024576292319434,13.330804888472526,-40.5
1772318558.560527,113.76554874418896,0.8610533851184805,-8.884073286238516,-0.2402676826793072,-1.3794869590584553,9.781951525544219,0.01307790104963112,0.006569065947574796,-0.032724923474893676,-24.024576292319434,13.330804888472526,-40.5
1772318558.5839996,113.83962052225709,0.8338842784249688,-8.89583711469263,-0.2158325935408728,-1.4232488382547699,9.808059612108265,-0.015233458886362251,-0.02075385749090541,0.04690572364734761,-25.088569914442374,14.141347960789915,-41.5625
1772318558.5992084,113.83962052225709,0.8338842784249688,-8.89583711469263,-0.2158325935408728,-1.4232488382547699,9.808059612108265,-0.015233458886362251,-0.02075385749090541,0.04690572364734761,-25.088569914442374,14.141347960789915,-41.5625
1772318558.6212163,113.93585118484401,0.8201381211203328,-8.914321568856986,-0.19973138996564385,-1.3653991229283264,9.641453108167633,-0.007617733290606433,-0.00983151427800542,0.06654067773228381,-25.088569914442374,14.141347960789915,-41.5625
1772318558.6603684,114.07074620887443,0.7912561596078347,-8.87144517654493,-0.21227188585058887,-1.4139166378746861,9.530578340911738,0.008738677648260237,-0.006528912050562482,0.011999138607461015,-24.71276532251068,13.70453889645739,-41.5625
1772318558.6871877,114.15700670154435,0.7840891032321116,-8.853380848500048,-0.22074058061286228,-1.379302381265051,9.600632225269978,0.017491409160474786,-0.020693626645386938,0.09599310885968812,-24.71276532251068,13.70453889645739,-41.5625
1772318558.707609,114.15700670154435,0.7840891032321116,-8.853380848500048,-0.22074058061286228,-1.379302381265051,9.600632225269978,0.017491409160474786,-0.020693626645386938,0.09599310885968812,-24.71276532251068,13.70453889645739,-41.5625
1772318558.7229328,114.30808742258439,0.7936895310505433,-8.84254300662251,-0.1994554787549541,-1.4431904833023452,9.677358308123097,0.0011149212731019565,-0.013087939523884198,0.07744898555724837,-24.71276532251068,13.70453889645739,-41.5625
1772318558.7367992,114.39242553885171,0.80988578638191,-8.839639102754349,-0.18543824304351578,-1.405424756534962,9.711693100638746,-0.0021635886161335944,-0.009821475803752342,0.07526732399225546,-23.90107192577839,14.143533577178232,-40.5
1772318558.7534826,114.50005946084268,0.8026277156565983,-8.83735574456858,-0.17596216745550378,-1.4605746322384197,9.734542521513147,0.003306617617144171,-0.018538068808655807,0.09708393964218458,-23.90107192577839,14.143533577178232,-40.5
1772318558.7673457,114.50005946084268,0.8026277156565983,-8.83735574456858,-0.17596216745550378,-1.4605746322384197,9.734542521513147,0.003306617617144171,-0.018538068808655807,0.09708393964218458,-23.90107192577839,14.143533577178232,-40.5
1772318558.7928388,114.59098549303776,0.8096564420765221,-8.836753939192668,-0.13617410088189996,-1.5139402212434834,9.749748555860306,4.0153897012314496e-06,-0.0021816578697891357,0.07417649320975901,-23.90107192577839,14.143533577178232,-40.5
1772318558.816751,114.69082062950017,0.8270501905968751,-8.833815607536073,-0.10962170613657643,-1.5895956970918341,9.719726661367973,-0.009803406550096799,-0.007653871797917516,0.05999569303730508,-24.77733580059772,14.829421958539672,-41.5625
1772318558.8439057,114.82213211945584,0.8426467775269877,-8.811602634409748,-0.1421279746659606,-1.6400359222698915,9.726508319608417,0.010934389382003681,-0.014160699205123225,0.07963064712224129,-24.77733580059772,14.829421958539672,-41.5625
1772318558.867935,114.82213211945584,0.8426467775269877,-8.811602634409748,-0.1421279746659606,-1.6400359222698915,9.726508319608417,0.010934389382003681,-0.014160699205123225,0.07963064712224129,-24.77733580059772,14.829421958539672,-41.5625
1772318558.9051838,115.06318120453369,0.8708800576345079,-8.807468078987258,-0.16385904112334201,-1.6200816320074272,9.727676325704028,0.002201734818295293,-0.010904273959244447,0.09490227807719166,-25.089260109091317,14.516347325631171,-41.25
1772318558.936195,115.17644221849633,1.3615204151624571,-8.053035617515333,-0.17833313658254726,-1.6001120626587564,9.728453620713173,-0.00543005233626545,-0.013099985692987893,0.08617563181722002,-25.089260109091317,14.516347325631171,-41.25
1772318558.9643338,115.36579060392818,0.9098075631868511,-8.806951088412283,-0.20470332911571493,-1.5801631089582338,9.728970901858805,-0.0021776424800879044,-0.002185673259490367,0.06435901616729091,-25.71736492641365,16.202694143001928,-42.0
1772318558.9950318,115.36579060392818,0.9098075631868511,-8.806951088412283,-0.20470332911571493,-1.5801631089582338,9.728970901858805,-0.0021776424800879044,-0.002185673259490367,0.06435901616729091,-25.71736492641365,16.202694143001928,-42.0
1772318559.0256865,115.64942649515385,0.9191065598744974,-8.771868034273613,-0.22224008418845004,-1.5735775151979785,9.675793359365704,0.013124078031195282,-0.018519999555000267,0.1265363707695889,-25.71736492641365,16.202694143001928,-42.0
1772318559.049484,115.8534123413017,0.8975442584359662,-8.763080245521545,-0.23392291227470124,-1.5625046640334028,9.730722314966242,0.004433585059349822,-0.038170981941907406,0.13199052468207118,-25.779749788112372,16.140079216420226,-42.0
1772318559.1062403,116.06727979691004,0.9020470283579068,-8.75412720346705,-0.24122874792692664,-1.589208495343425,9.691356632227196,0.002217796377100219,-0.01963090543840099,0.10144726277217041,-25.716099569557258,15.51519530745962,-43.25
1772318559.1504471,116.40169397898148,0.9336218895592376,-8.755389235206406,-0.19969738758484615,-1.589546242532127,9.60392991920232,-0.01962488235384914,-0.0054902831817839216,0.1189005552921137,-25.716099569557258,15.51519530745962,-43.25
1772318559.1654775,116.52488399034354,0.9274461487374525,-8.753100021690189,-0.17205873121288498,-1.5897710095133248,9.582544647085154,-0.0021455193624780526,-0.01963893621780345,0.09490227807719166,-25.716099569557258,15.51519530745962,-43.25
1772318559.189041,116.67222388315435,0.9336312061592963,-8.773428025728828,-0.15372092481817848,-1.5598146350548727,9.568312987380322,-0.022899376853383464,-0.004405477331441201,0.08726646259971647,-26.904862915077633,16.200508526613607,-42.0625
1772318559.2086568,116.67222388315435,0.9336312061592963,-8.773428025728828,-0.15372092481817848,-1.5598146350548727,9.568312987380322,-0.022899376853383464,-0.004405477331441201,0.08726646259971647,-26.904862915077633,16.200508526613607,-42.0625
1772318559.2498562,116.82846102708108,0.951572407630619,-8.775679595287393,-0.16822275716452229,-1.5700342107959735,9.642469769507796,0.009833521972856035,-0.008708562225501001,0.09926560120717749,-26.904862915077633,16.200508526613607,-42.0625
1772318559.288024,117.04247758047802,1.7235618339416117,-9.242813101325893,-0.15111271626281872,-1.576785970356591,9.691820279628097,-0.019620866964147908,-0.007671941051573058,0.08944812416470939,-28.09328116327354,16.698322063346968,-42.5625
1772318559.3097723,117.04247758047802,1.7235618339416117,-9.242813101325893,-0.15111271626281872,-1.576785970356591,9.691820279628097,-0.019620866964147908,-0.007671941051573058,0.08944812416470939,-28.09328116327354,16.698322063346968,-42.5625
1772318559.336818,117.28631777680381,0.9734121443338967,-8.780236185861868,-0.16314191746501477,-1.5813222881151616,9.724662492831836,-0.011977033640483472,-0.012021202927197019,0.1090830782496456,-28.09328116327354,16.698322063346968,-42.5625
1772318559.3540206,117.49852096155291,0.9993291166982707,-8.776011584396617,-0.1477314741994948,-1.5842980597164247,9.676271272993658,-0.0032885483634886295,0.008720608394604696,0.06435901616729091,-27.280092344801872,16.324818120245084,-43.375
1772318559.3880174,117.74279030507391,1.0157092008752535,-8.76437507866326,-0.16089173864282139,-1.5863214996685946,9.644067456756694,-0.004355284960175809,-0.004371346518980734,0.10799224746714914,-27.280092344801872,16.324818120245084,-43.375
1772318559.4101152,117.74279030507391,1.0157092008752535,-8.76437507866326,-0.16089173864282139,-1.5863214996685946,9.644067456756694,-0.004355284960175809,-0.004371346518980734,0.10799224746714914,-27.280092344801872,16.324818120245084,-43.375
1772318559.4292767,117.88969617794866,1.0305818287340631,-8.7570384535265,-0.15961442949552632,-1.5876496061278544,9.659432405571708,-0.0032564252458787777,-0.00873265456370839,0.08617563181722002,-28.095006649895897,17.63582047545011,-42.875
1772318559.44508,118.02105593822942,1.0442350706514507,-8.749712457154637,-0.1586843568821953,-1.632019824680255,9.669657607370375,0.008744700732812085,-0.009801398855246184,0.10035643198967395,-28.095006649895897,17.63582047545011,-42.875
1772318559.4638145,118.11745089155798,1.0576328149189391,-8.752520719362767,-0.1582131657524478,-1.5812651644827194,9.676462364944399,-0.0021776424800879044,-0.002185673259490367,0.09053895494720585,-28.095006649895897,17.63582047545011,-42.875
1772318559.4815378,118.11745089155798,1.0576328149189391,-8.752520719362767,-0.1582131657524478,-1.5812651644827194,9.676462364944399,-0.0021776424800879044,-0.002185673259490367,0.09053895494720585,-28.095006649895897,17.63582047545011,-42.875
1772318559.4976726,118.2542982334209,1.0777361984697849,-8.748943651713478,-0.14451916915309385,-1.547463878120491,9.664265296559194,0.007657887187618747,-0.011985064419885935,0.13744467859455345,-29.03215996467457,17.446595306407126,-43.375
1772318559.512054,118.38158109275602,1.0657515887170699,-8.742526313611197,-0.15882170967878836,-1.5250125968246133,9.773227193555199,3.8146202161698776e-05,-0.02072574976299679,0.09817477042468103,-29.03215996467457,17.446595306407126,-43.375
1772318559.5333555,118.38158109275602,1.0657515887170699,-8.742526313611197,-0.15882170967878836,-1.5250125968246133,9.773227193555199,3.8146202161698776e-05,-0.02072574976299679,0.09817477042468103,-29.03215996467457,17.446595306407126,-43.375
1772318559.5488093,118.61337986881001,1.0703382212066692,-8.74936573422859,-0.16501325481288165,-1.500030045053041,9.728661209065718,0.004405477331441201,-0.02289937685338346,0.11780972450961724,-29.03215996467457,17.446595306407126,-43.375
1772318559.5739398,118.77027764005005,1.0787195961418796,-8.753562399508576,-0.16900436735630137,-1.553651662794247,9.699003044222636,-0.0010807904606414892,-0.005456152369323454,0.08508480103472356,-28.59696135452291,18.69739841630175,-45.0
1772318559.6104708,118.77027764005005,1.0787195961418796,-8.753562399508576,-0.16900436735630137,-1.553651662794247,9.699003044222636,-0.0010807904606414892,-0.005456152369323454,0.08508480103472356,-28.59696135452291,18.69739841630175,-45.0
1772318559.6400704,119.11626334149678,1.1183777623451738,-8.74197420211284,-0.15493487796272787,-1.5893054666989612,9.679265866822973,0.002199727123444677,-0.009813445024349879,0.12326387842209953,-28.59696135452291,18.69739841630175,-45.0
1772318559.6597767,119.33537605956053,1.1315647983496258,-8.745774310130594,-0.1455717899377992,-1.613032674918463,9.696237001108091,-0.013069870270228656,-0.010932381687153067,0.12544553998709243,-29.221960295925008,18.696248091886847,-45.0
1772318559.674454,119.46410115487791,1.131832053762853,-8.747167027182206,-0.16608313755626516,-1.6389074389977452,9.707531101394846,-0.008698523751247923,-0.015287666647328875,-0.08399397025222712,-29.221960295925008,18.696248091886847,-45.0
1772318559.6892364,119.46410115487791,1.131832053762853,-8.747167027182206,-0.16608313755626516,-1.6389074389977452,9.707531101394846,-0.008698523751247923,-0.015287666647328875,-0.08399397025222712,-29.221960295925008,18.696248091886847,-45.0
1772318559.703006,119.5858953519635,1.1446648925339988,-8.739825466549341,-0.22656469485078704,-1.6562129998386064,9.715047198972313,-0.001068744291537795,-0.01200112597869086,0.10690141668465268,-29.221960295925008,18.696248091886847,-45.0
1772318559.7172341,119.5858953519635,1.1446648925339988,-8.739825466549341,-0.22656469485078704,-1.6562129998386064,9.715047198972313,-0.001068744291537795,-0.01200112597869086,0.10690141668465268,-29.221960295925008,18.696248091886847,-45.0
1772318559.7345958,119.71412962483366,1.1509533694497718,-8.744715495487796,-0.26642662086934243,-1.8784713378778124,9.740119748193722,-0.013071877965079273,-0.009841552752258498,0.06872233929727672,-29.78353908365497,18.195213646791757,-45.375
1772318559.7498357,119.84665831119345,1.1489078141882754,-8.736053728304235,-0.26284833297417315,-2.026326368377777,9.756805249621845,0.014224945440342928,-0.023972136534622487,0.1265363707695889,-29.78353908365497,18.195213646791757,-45.375
1772318559.7641602,119.84665831119345,1.1489078141882754,-8.736053728304235,-0.26284833297417315,-2.026326368377777,9.756805249621845,0.014224945440342928,-0.023972136534622487,0.1265363707695889,-29.78353908365497,18.195213646791757,-45.375
1772318559.7876477,120.03021787513876,1.1725276930818849,-8.731804748794875,-0.2440616427215989,-1.9507459416585131,9.767909264432996,6.023084551847175e-06,-0.0032724868046837036,0.11562806294462433,-29.78353908365497,18.195213646791757,-45.375
1772318559.8092282,120.19108435516395,1.1631056859558273,-8.725996312589855,-0.2317809529268402,-1.780024194471019,9.74853796859129,0.0011289751370562667,-0.020723742068146173,0.08944812416470939,-30.90968750259365,18.818142004247022,-45.375
1772318559.8312836,120.33788174236044,1.1768493032710918,-8.733725248856612,-0.22348515621536164,-1.7333128996348992,9.735646587600186,-0.0021836655646397516,0.0010868135451933363,0.07963064712224129,-30.90968750259365,18.818142004247022,-45.375
1772318559.8496318,120.44082581495731,1.184737480770882,-8.732878129433843,-0.2213279724411122,-1.6921978933381403,9.727067517556769,0.0011129135782513408,-0.01199711058898963,0.09272061651219876,-30.90968750259365,18.818142004247022,-45.375
1772318559.8721669,120.57829099743097,1.1943388143925984,-8.74689860493069,-0.2198739205110668,-1.6748716340569039,9.721358242277367,-0.0032544175510281622,-0.009823483498602957,0.07744898555724837,-29.223685782547363,19.63374650398999,-44.75
1772318559.9063108,120.57829099743097,1.1943388143925984,-8.74689860493069,-0.2198739205110668,-1.6748716340569039,9.721358242277367,-0.0032544175510281622,-0.009823483498602957,0.07744898555724837,-29.223685782547363,19.63374650398999,-44.75
1772318559.923087,120.74748989680371,1.201180266763012,-8.741667056969073,-0.21892473542005,-1.6533058839276962,9.717558783355708,0.0076639102721705946,-0.01525755122456964,0.10471975511965978,-29.223685782547363,19.63374650398999,-44.75
1772318559.9791558,120.89010356599208,1.2242897258194962,-8.747169333705818,-0.24506006841905206,-1.6356582660153522,9.715030285886082,-0.00760970251120397,-0.014194830017583692,0.08726646259971647,-30.596612869685146,18.506217695753428,-45.875
1772318560.000739,121.0906537477547,1.230075358342074,-8.74773009497419,-0.20896192762420188,-1.607089935354037,9.693276928821296,6.023084551847175e-06,-0.0032724868046837036,0.08072147790473774,-30.596612869685146,18.506217695753428,-45.875
1772318560.0170512,121.24377876868309,1.2417661364800439,-8.745955993778084,-0.1849082344585433,-1.6048035606356668,9.68883564781756,-0.003264456025281241,-0.004369338824130119,0.09272061651219876,-30.596612869685146,18.506217695753428,-45.875
1772318560.030889,121.35694218583927,1.2408571463556148,-8.747330613979107,-0.16889461361228797,-1.6066271098425844,9.685880024921934,0.0011169289679525724,-0.014178768458778766,0.10253809355466686,-31.785836344971482,19.441530491468253,-45.5
1772318560.0486963,121.35694218583927,1.2408571463556148,-8.747330613979107,-0.16889461361228797,-1.6066271098425844,9.685880024921934,0.0011169289679525724,-0.014178768458778766,0.10253809355466686,-31.785836344971482,19.441530491468253,-45.5
1772318560.0679722,121.46498043696539,1.2614074146027008,-8.753392512283696,-0.18499857615508444,-1.6078899154043529,9.683913090901365,-0.0010807904606414892,-0.005456152369323454,0.10035643198967395,-31.785836344971482,19.441530491468253,-45.5
1772318560.0892155,121.6235232217368,1.2740495180399947,-8.807963871522889,-0.19898065173149673,-1.6522228336808,9.756196575843795,-0.09162762283629308,-0.0012594753023462888,0.08399397025222712,-31.785836344971482,19.441530491468253,-45.5
1772318560.1256523,121.6235232217368,1.2740495180399947,-8.807963871522889,-0.19898065173149673,-1.6522228336808,9.756196575843795,-0.09162762283629308,-0.0012594753023462888,0.08399397025222712,-31.785836344971482,19.441530491468253,-45.5
1772318560.148855,121.73749230517004,1.2967738752387576,-9.055339895828626,-0.24154576825481433,-1.7854857502682495,9.707292188101286,-0.08404803574784835,0.02929778873865592,-0.06981317007977318,-30.285263723399,19.131791799362976,-44.6875
1772318560.1807578,121.77408945479625,1.3051405275970251,-9.07428061458351,-0.2694290924030783,-2.115018367601901,9.865418231673658,-0.005448121589920992,-0.003282525278936782,0.04036073895236887,-30.285263723399,19.131791799362976,-44.6875
1772318560.2110336,121.77408945479625,1.3051405275970251,-9.07428061458351,-0.2694290924030783,-2.115018367601901,9.865418231673658,-0.005448121589920992,-0.003282525278936782,0.04036073895236887,-30.285263723399,19.131791799362976,-44.6875
1772318560.2414854,121.84642076374776,1.336803260724109,-8.911079975171544,-0.3452952212668469,-2.0935756729396466,9.743181751189708,0.08171981615396427,0.0503287081189463,0.02399827721492203,-32.036526116181264,19.81606972654355,-45.875
1772318560.2636368,121.77681751328231,1.2986182154837462,-8.941620010997342,-0.21883743988985285,-1.891653553528711,9.762188090118178,-0.06330020134149479,0.017336816656977373,-0.039269908169872414,-32.036526116181264,19.81606972654355,-45.875
1772318560.2864165,121.77681751328231,1.2986182154837462,-8.941620010997342,-0.21883743988985285,-1.891653553528711,9.762188090118178,-0.06330020134149479,0.017336816656977373,-0.039269908169872414,-32.036526116181264,19.81606972654355,-45.875
1772318560.310219,121.70001808013548,1.3061859286816666,-8.990397378244941,-0.13469351249317668,-1.750586426595573,9.560749447091917,-0.005446113895070376,-0.00437335421383135,-0.04799655442984406,-32.036526116181264,19.81606972654355,-45.875
1772318560.327137,121.70538742118377,1.3161933189588089,-8.987918520232995,-0.0786843552762098,-1.6633980415276586,9.630746094521506,-0.009835529667706651,0.009799391160395568,0.011999138607461015,-30.097188878770922,18.8196374259864,-44.875
1772318560.340455,121.64351939400562,1.3093321329892968,-8.963335284053858,-0.11501553320864809,-1.598820381461107,9.677328081472112,0.048006511609614055,-0.005365806101045747,-0.04363323129985824,-30.097188878770922,18.8196374259864,-44.875
1772318560.3606584,121.64351939400562,1.3093321329892968,-8.963335284053858,-0.11501553320864809,-1.598820381461107,9.677328081472112,0.048006511609614055,-0.005365806101045747,-0.04363323129985824,-30.097188878770922,18.8196374259864,-44.875
1772318560.3856547,121.569924532253,1.3204417804468669,-9.005532107197155,-0.17249682488714557,-1.636188782481568,9.888963905628097,-0.030583364074060215,0.021760363242074116,-0.028361600344907856,-30.097188878770922,18.8196374259864,-44.875
1772318560.4062257,121.42231643374855,1.3050827823378728,-9.085521746117946,-0.1773728028783591,-1.6208541960114433,10.029805182476846,-0.05020423103820812,0.014088422190501059,-0.09926560120717749,-30.72287801482196,19.193486466412754,-44.25
1772318560.4284968,121.42231643374855,1.3050827823378728,-9.085521746117946,-0.1773728028783591,-1.6208541960114433,10.029805182476846,-0.05020423103820812,0.014088422190501059,-0.09926560120717749,-30.72287801482196,19.193486466412754,-44.25
1772318560.4416409,121.29599026416665,1.3031577474439133,-9.116201083413188,-0.16047319461176723,-1.6507535320610924,9.916136553065735,-0.013108016472390356,0.00979336807584372,-0.0719948316447661,-30.72287801482196,19.193486466412754,-44.25
1772318560.4571354,121.17727202328749,1.297113991506663,-9.111250957101197,-0.14930057499376037,-1.6305099337064952,9.840491349954432,0.01854007650350642,0.002215788682249603,-0.09272061651219876,-30.72287801482196,19.193486466412754,-44.25
1772318560.4799864,121.17727202328749,1.297113991506663,-9.111250957101197,-0.14930057499376037,-1.6305099337064952,9.840491349954432,0.01854007650350642,0.002215788682249603,-0.09272061651219876,-30.72287801482196,19.193486466412754,-44.25
1772318560.4999695,121.03316351369318,1.2917250516867385,-9.11622333975513,-0.1385817828214816,-1.5835808279803119,9.833636764491297,0.007615725595755817,0.010922343212899987,-0.08290313946973066,-30.72034730110917,17.81848879532814,-43.875
1772318560.5149486,120.91559770617711,1.2692892430836555,-9.125979465578235,-0.15159306351908552,-1.5122457003050347,9.865871343216831,0.005448121589920992,0.003282525278936782,-0.10581058590215622,-30.72034730110917,17.81848879532814,-43.875
1772318560.5290666,-133.14654844122884,-6.513705095562208,3.6431380370528883,-0.16025192547781208,-1.4647729697027265,9.887323095274835,-0.013101993387838509,0.006520881271160018,-0.08726646259971647,-30.72034730110917,17.81848879532814,-43.875
1772318560.5435972,120.70388445704066,1.2350931197953343,-9.159172326225256,-0.1758957009633609,-1.5168265190554977,9.764449416637571,-0.025105127061379986,0.008680454497592381,-0.08508480103472356,-29.72034899486582,17.820329314391987,-44.25
1772318560.5617864,120.70388445704066,1.2350931197953343,-9.159172326225256,-0.1758957009633609,-1.5168265190554977,9.764449416637571,-0.025105127061379986,0.008680454497592381,-0.08508480103472356,-29.72034899486582,17.820329314391987,-44.25
1772318560.585068,120.48791012105762,1.2229674075850352,-9.180304022294035,-0.22327756631539203,-1.6024323828675529,9.61711813638146,-1.8069253655541523e-05,0.00981746041405111,-0.08835729338221293,-29.72034899486582,17.820329314391987,-44.25
1772318560.6071897,120.48791012105762,1.2229674075850352,-9.180304022294035,-0.22327756631539203,-1.6024323828675529,9.61711813638146,-1.8069253655541523e-05,0.00981746041405111,-0.08835729338221293,-29.72034899486582,17.820329314391987,-44.25
1772318560.62641,120.21777497595308,1.2125827040973551,-9.206191398521254,-0.24458093900474084,-1.618521892819773,9.698364832930054,0.013059831795975578,0.016386526361625905,-0.12980886311707826,-30.405662214019802,16.631565968871612,-43.0625
1772318560.6415982,120.21777497595308,1.2125827040973551,-9.206191398521254,-0.24458093900474084,-1.618521892819773,9.698364832930054,0.013059831795975578,0.016386526361625905,-0.12980886311707826,-30.405662214019802,16.631565968871612,-43.0625
1772318560.6653752,120.10534203634057,1.2035271673127033,-9.207340867539289,-0.258844289941389,-1.582397797380174,9.752433601898074,-0.004391423467486891,0.015263574309121487,-0.09708393964218458,-30.405662214019802,16.631565968871612,-43.0625
1772318560.6867101,119.91160264658755,1.1879357834985675,-9.209419178412722,-0.24826575440857337,-1.5583206749464995,9.795105987073207,-0.004375361908681966,0.0065369428299649444,-0.09926560120717749,-30.405662214019802,16.631565968871612,-43.0625
1772318560.7035496,119.91160264658755,1.1879357834985675,-9.209419178412722,-0.24826575440857337,-1.5583206749464995,9.795105987073207,-0.004375361908681966,0.0065369428299649444,-0.09926560120717749,-30.405662214019802,16.631565968871612,-43.0625
1772318560.731294,119.80035628356069,1.16232902107598,-9.22509184406627,-0.19104926655875637,-1.5422052677979492,9.763291971993732,-0.0010968520194464151,0.0032704791098330877,-0.0719948316447661,-30.904396010285087,15.943146873797382,-43.0
1772318560.7575936,119.59203311897909,1.1323834127204189,-9.235655174299854,-0.203056572539444,-1.5817495861122155,9.792296775953966,-0.006559027473321717,0.00762375637515828,-0.09490227807719166,-30.904396010285087,15.943146873797382,-43.0
1772318560.7721963,119.36823339146679,1.102178819324088,-9.23061987862033,-0.207696037755813,-1.6114048375110264,9.761422473374822,0.01088821240043952,0.010928366297451834,-0.13853550937704992,-30.278591841792558,15.50679793923082,-42.6875
1772318560.7929077,119.24558989943438,1.1029522338673767,-9.213856846333593,-0.2107897067729523,-1.627794970004557,9.747566193311597,0.02287729221002669,0.016404595615281445,-0.09708393964218458,-30.278591841792558,15.50679793923082,-42.6875
1772318560.8164072,119.24558989943438,1.1029522338673767,-9.213856846333593,-0.2107897067729523,-1.627794970004557,9.747566193311597,0.02287729221002669,0.016404595615281445,-0.09708393964218458,-30.278591841792558,15.50679793923082,-42.6875
1772318560.8363204,119.06621277504314,1.1052367425959546,-9.20112071667873,-0.209484932678193,-1.6487315814718997,9.738344993714312,0.021778432495729656,0.020765903660009105,-0.10581058590215622,-30.278591841792558,15.50679793923082,-42.6875
1772318560.8550992,118.94372449750583,1.1014307436072275,-9.20591484458953,-0.2087766953819808,-1.5756919054467726,9.748933946926464,-0.015291682037030107,0.010880181621037058,-0.09490227807719166,-31.215054961922288,14.942573405346577,-43.0
1772318560.871081,118.94372449750583,1.1014307436072275,-9.20591484458953,-0.2087766953819808,-1.5756919054467726,9.748933946926464,-0.015291682037030107,0.010880181621037058,-0.09490227807719166,-31.215054961922288,14.942573405346577,-43.0
1772318560.8906791,118.80043506676537,1.086281100015844,-9.212967511473094,-0.2081452960843121,-1.6140575740380616,9.755980777002794,-0.0022117732925483716,0.016358418633717283,-0.10581058590215622,-31.215054961922288,14.942573405346577,-43.0
1772318560.9067698,118.5661130892495,1.0685399492569068,-9.199512675619124,-0.23111006548616514,-1.656358125313612,9.6670072358954,0.014154676120571379,0.014206876186687386,-0.14944381720201447,-31.215054961922288,14.942573405346577,-43.0
1772318560.9227204,118.5661130892495,1.0685399492569068,-9.199512675619124,-0.23111006548616514,-1.656358125313612,9.6670072358954,0.014154676120571379,0.014206876186687386,-0.14944381720201447,-31.215054961922288,14.942573405346577,-43.0
1772318560.9402163,118.3872967622191,1.0661192744390124,-9.167609167385063,-0.1928711663255882,-1.684410161789483,9.607796338188004,0.01852200724985088,0.012033249096300713,-0.09599310885968812,-30.27698138761169,14.631799421267885,-43.5
1772318560.953355,118.31559635607054,1.061534796544488,-9.152545888989389,-0.16757752463741685,-1.6194508276645407,9.635294381339188,0.03269274492922718,0.017513493803831555,-0.1308996938995747,-30.27698138761169,14.631799421267885,-43.5
1772318560.9667902,118.31559635607054,1.061534796544488,-9.152545888989389,-0.16757752463741685,-1.6194508276645407,9.635294381339188,0.03269274492922718,0.017513493803831555,-0.1308996938995747,-30.27698138761169,14.631799421267885,-43.5
1772318560.9802592,118.14698991137807,1.048008159226642,-9.153817038855886,-0.15080029931924202,-1.5461151620740723,9.65359402188303,-2.6100033058004424e-05,0.014180776153629383,-0.09708393964218458,-30.27698138761169,14.631799421267885,-43.5
1772318560.9935877,118.14698991137807,1.048008159226642,-9.153817038855886,-0.15080029931924202,-1.5461151620740723,9.65359402188303,-2.6100033058004424e-05,0.014180776153629383,-0.09708393964218458,-30.27698138761169,14.631799421267885,-43.5
1772318561.0145562,118.03146073575391,1.031557616711732,-9.167096815093798,-0.13629013724236919,-1.4973049390948094,9.65908200482994,-0.005458160064174071,0.002171619395536057,-0.08835729338221293,-30.08614576438784,12.819647588526278,-41.75
1772318561.030372,117.85945807104997,1.0129142091991503,-9.190307728345852,-0.13981719489562144,-1.571890301243953,9.639318414225087,-0.006559027473321717,0.00762375637515828,-0.0818123086872342,-30.08614576438784,12.819647588526278,-41.75
1772318561.0571818,117.67069631766712,1.009749452613696,-9.19923252192095,-0.14216441236404526,-1.621526026581121,9.649581747402566,0.03050907936458743,0.018600307349024896,-0.136353847812057,-30.08614576438784,12.819647588526278,-41.75
1772318561.08264,117.67069631766712,1.009749452613696,-9.19923252192095,-0.14216441236404526,-1.621526026581121,9.649581747402566,0.03050907936458743,0.018600307349024896,-0.136353847812057,-30.08614576438784,12.819647588526278,-41.75
1772318561.1213658,117.21757581461938,1.0009249383513366,-9.212002534499698,-0.16755151273212493,-1.4046034991615979,9.79466716693224,-0.019661020861160224,0.014144637646318299,-0.10035643198967395,-31.210798761587142,12.630077322158822,-43.0625
1772318561.146267,117.13548665593505,1.0026087375587522,-9.225887874792177,-0.1744080602009543,-1.2894461567388718,9.823211952823609,-3.4130812460467325e-05,0.018544091893207652,-0.07635815477475191,-31.210798761587142,12.630077322158822,-43.0625
1772318561.1674984,117.13548665593505,1.0026087375587522,-9.225887874792177,-0.1744080602009543,-1.2894461567388718,9.823211952823609,-3.4130812460467325e-05,0.018544091893207652,-0.07635815477475191,-31.210798761587142,12.630077322158822,-43.0625
1772318561.1859956,116.87163015708336,0.9909916549883624,-9.226058336039944,-0.18866155652873998,-1.4001546402987495,9.798721736773013,0.0010707519863884106,0.010910297043796294,-0.12217304763960307,-30.209880195811863,12.131918688100992,-41.5625
1772318561.20549,116.75975902497893,0.974565460200729,-9.238587202273173,-0.19811015866168655,-1.49390053566214,9.782423771564979,-0.010924350907750603,0.008706554530650385,-0.08835729338221293,-30.209880195811863,12.131918688100992,-41.5625
1772318561.221757,116.61243919813342,0.9663491196617976,-9.23384589936032,-0.17767418995245546,-1.5361674916321797,9.761542322657276,-0.006571073642425412,0.014168729984525688,-0.13526301702956053,-30.209880195811863,12.131918688100992,-41.5625
1772318561.2397168,116.61243919813342,0.9663491196617976,-9.23384589936032,-0.17767418995245546,-1.5361674916321797,9.761542322657276,-0.006571073642425412,0.014168729984525688,-0.13526301702956053,-30.209880195811863,12.131918688100992,-41.5625
1772318561.2556167,116.49743242193753,0.9451525045190863,-9.227619650287744,-0.15747026336431436,-1.5174518806124713,9.720885058011712,-6.023084551847175e-06,0.0032724868046837036,-0.08726646259971647,-30.26927421403183,10.444306513873842,-41.875
1772318561.2694752,116.49743242193753,0.9451525045190863,-9.227619650287744,-0.15747026336431436,-1.5174518806124713,9.720885058011712,-6.023084551847175e-06,0.0032724868046837036,-0.08726646259971647,-30.26927421403183,10.444306513873842,-41.875
1772318561.2869692,116.31587601993225,0.9268102483080419,-9.235184030045561,-0.1440247759125545,-1.5049968505459292,9.693828102561493,0.005424029251713603,0.016372472497671594,-0.1265363707695889,-30.26927421403183,10.444306513873842,-41.875
1772318561.3062596,116.22867106638893,0.9211961449987933,-9.219959302767183,-0.12512167372908603,-1.453203318403159,9.67582200095537,0.029462419716406407,-0.005399936913506214,-0.05999569303730508,-30.26927421403183,10.444306513873842,-41.875
1772318561.3210266,116.22867106638893,0.9211961449987933,-9.219959302767183,-0.12512167372908603,-1.453203318403159,9.67582200095537,0.029462419716406407,-0.005399936913506214,-0.05999569303730508,-30.26927421403183,10.444306513873842,-41.875
1772318561.3486047,116.03083736162989,0.9096970323595146,-9.240756933695579,-0.1491163941368826,-1.5392268429888685,9.70732559367298,-0.01967306703026392,0.020689611255685705,-0.11017390903214205,-31.081312708088596,10.192811515573629,-42.75
1772318561.363167,115.9567184873258,0.8896136285394404,-9.224503350733865,-0.16508461252968157,-1.5964745376549245,9.728290882708361,-0.013104001082689125,0.007611710206054586,-0.0719948316447661,-31.081312708088596,10.192811515573629,-42.75
1772318561.3842506,115.7837643344499,0.8853281872153287,-9.223557834240967,-0.1757112834934021,-1.6345722389565336,9.732207713241825,0.030545217871898515,-0.0010346134790773275,-0.11562806294462433,-31.081312708088596,10.192811515573629,-42.75
1772318561.4010613,115.7837643344499,0.8853281872153287,-9.223557834240967,-0.1757112834934021,-1.6345722389565336,9.732207713241825,0.030545217871898515,-0.0010346134790773275,-0.11562806294462433,-31.081312708088596,10.192811515573629,-42.75
1772318561.4150329,115.66545334381783,0.9048257799726609,-9.218012996024159,-0.17287103102488316,-1.5930052425376575,9.667912086061595,-0.005526421689095005,0.03925980318195136,-0.0818123086872342,-31.205852366603054,9.942581874129809,-42.0
1772318561.427895,115.66545334381783,0.9048257799726609,-9.218012996024159,-0.17287103102488316,-1.5930052425376575,9.667912086061595,-0.005526421689095005,0.03925980318195136,-0.0818123086872342,-31.205852366603054,9.942581874129809,-42.0
1772318561.4431753,115.548656242866,0.9050981064726016,-9.21683858604765,-0.17098087473478277,-1.5653428707546702,9.685336075134115,0.008710569920351617,0.008742693037961468,-0.06654067773228381,-31.205852366603054,9.942581874129809,-42.0
1772318561.4569356,115.49788724340692,0.9069467958842106,-9.22106352154194,-0.16652565260146843,-1.4666451696038234,9.636719534491418,-0.01531376668038688,0.022879299904877304,-0.08944812416470939,-31.205852366603054,9.942581874129809,-42.0
1772318561.4701316,115.49788724340692,0.9069467958842106,-9.22106352154194,-0.16652565260146843,-1.4666451696038234,9.636719534491418,-0.01531376668038688,0.022879299904877304,-0.08944812416470939,-31.205852366603054,9.942581874129809,-42.0
1772318561.492967,115.37570903226731,0.899242283404194,-9.231410779017986,-0.16658570750421717,-1.5749146229141036,9.604365769776045,0.016362434023418516,3.0115422759235868e-05,-0.04145156973486533,-31.26628167679643,8.817468747164547,-41.6875
1772318561.5082257,115.25916686991188,0.8957623714212007,-9.236114381256195,-0.2401379686401673,-1.6905885615038359,9.582834700773198,0.003218279043717079,0.029458404326705177,-0.10581058590215622,-31.26628167679643,8.817468747164547,-41.6875
1772318561.524181,115.25916686991188,0.8957623714212007,-9.236114381256195,-0.2401379686401673,-1.6905885615038359,9.582834700773198,0.003218279043717079,0.029458404326705177,-0.10581058590215622,-31.26628167679643,8.817468747164547,-41.6875
1772318561.5472157,115.17174313663818,0.89403539007449,-9.214935416782735,-0.2890861767935495,-1.7675682754727424,9.645443584137949,0.005420013862012372,0.018554130367460734,-0.06981317007977318,-31.26628167679643,8.817468747164547,-41.6875
1772318561.5639122,114.9894123501402,0.8885309503975061,-9.189079785509676,-0.2551033192466383,-1.631348342037145,9.697144431752097,-0.002215788682249603,0.018540076503506423,-0.11235557059713497,-31.01409648384728,7.630430888266527,-41.6875
1772318561.5817866,114.9894123501402,0.8885309503975061,-9.189079785509676,-0.2551033192466383,-1.631348342037145,9.697144431752097,-0.002215788682249603,0.018540076503506423,-0.11235557059713497,-31.01409648384728,7.630430888266527,-41.6875
1772318561.5971694,114.88175595710854,0.8938149900982505,-9.206909022282352,-0.19569194070590493,-1.540627773851568,9.724860544888363,-0.021848701815501206,0.01741310906130077,-0.07417649320975901,-31.01409648384728,7.630430888266527,-41.6875
1772318561.6100755,114.81273824759063,0.8807282440965838,-9.219601501917996,-0.1557910841854175,-1.6776155055885522,9.743305308571278,-0.030535179397645437,-0.004419531195395511,-0.06981317007977318,-31.01409648384728,7.630430888266527,-41.6875
1772318561.6276712,114.81273824759063,0.8807282440965838,-9.219601501917996,-0.1557910841854175,-1.6776155055885522,9.743305308571278,-0.030535179397645437,-0.004419531195395511,-0.06981317007977318,-31.01409648384728,7.630430888266527,-41.6875
1772318561.6428719,114.63044616457073,0.8702403445159923,-9.240203118950244,-0.1693787823909758,-1.7688531917087016,9.712093640565595,-0.03057131790495652,0.01521538963270671,-0.11344640137963143,-31.514210669410446,7.692010522874813,-42.0
1772318561.6650226,114.36333902017303,0.8524798450590289,-9.236528243541287,-0.19862117159055412,-1.7593605662093366,9.69132262416499,0.0021615809212829785,0.010912304738646909,-0.13199052468207118,-31.514210669410446,7.692010522874813,-42.0
1772318561.6937873,114.36333902017303,0.8524798450590289,-9.236528243541287,-0.19862117159055412,-1.7593605662093366,9.69132262416499,0.0021615809212829785,0.010912304738646909,-0.13199052468207118,-31.514210669410446,7.692010522874813,-42.0
1772318561.721727,114.12691926954378,0.8156930876415035,-9.226509835795845,-0.21824173023255097,-1.666070572899715,9.700915526729078,-0.01310600877753974,0.008702539140949154,-0.09926560120717749,-31.013866418964298,7.505431099986107,-41.375
1772318561.7421048,113.98678229495694,0.7908480496858907,-9.235359357665732,-0.23135440350961098,-1.5738811700960416,9.707299496225737,0.010904273959244447,0.002201734818295293,-0.1308996938995747,-31.013866418964298,7.505431099986107,-41.375
1772318561.758681,113.98678229495694,0.7908480496858907,-9.235359357665732,-0.23135440350961098,-1.5738811700960416,9.707299496225737,0.010904273959244447,0.002201734818295293,-0.1308996938995747,-31.013866418964298,7.505431099986107,-41.375
1772318561.7890115,113.7580901161298,0.7532341049529295,-9.266750977274262,-0.19993946859916586,-1.5124562714508873,9.654681057587721,-0.02509308089227629,0.002135480888224974,-0.09926560120717749,-31.013866418964298,7.505431099986107,-41.375
1772318561.823839,113.57020543633202,0.7418162186062133,-9.261642475244852,-0.2156692715121691,-1.5586191688035314,9.619664074460596,-0.0022057502079965243,0.013085931829033583,-0.11562806294462433,-31.19952558232108,6.505087696418283,-41.0
1772318561.8465042,113.42010852952725,0.7217984370397657,-9.24920080032008,-0.21275685547130413,-1.5893154343508922,9.606395998476783,-0.0021957117337434457,0.007631787154560744,-0.11453723216212788,-31.19952558232108,6.505087696418283,-41.0
1772318561.8625107,113.25452530461989,0.7005509648344139,-9.236650679947527,-0.21087408580673955,-1.579637501799279,9.717990263587174,-0.011989079809587166,-0.005476229317829612,-0.06872233929727672,-31.19952558232108,6.505087696418283,-41.0
1772318561.8935566,113.17533056397129,0.6688341986955207,-9.236946922845132,-0.16278963904568833,-1.5731107514096185,9.805635447257796,-0.0032805175840861663,0.004357292655026424,-0.04363323129985824,-30.072341871408987,5.319660291701128,-41.0
1772318561.9143212,113.17533056397129,0.6688341986955207,-9.236946922845132,-0.13082691731588203,-1.548696635684793,10.011147253051794,-0.005462175453875302,0.004353277265325192,-0.044724062082354694,-30.072341871408987,5.319660291701128,-41.0
1772318561.9498918,113.17533056397129,0.6688341986955207,-9.236946922845132,-0.13082691731588203,-1.548696635684793,10.011147253051794,-0.005462175453875302,0.004353277265325192,-0.044724062082354694,-30.072341871408987,5.319660291701128,-41.0
1772318561.9973457,112.9614309491797,0.620350995001156,-9.209136514423513,-0.13630461790006992,-1.539188780411437,10.000728148968355,-0.005418006167161756,-0.019644959302355297,-0.07090400086226964,-31.2594947627485,5.129974992892181,-40.6875
1772318562.0283875,112.78558009962187,0.5341515782457278,-9.17888602420766,-0.19347166311314926,-1.532959916806609,9.900131223784902,0.008712577615202232,0.007651864103066901,-0.09599310885968812,-31.2594947627485,5.129974992892181,-40.6875
1772318562.06317,112.52493365529875,0.5093782994903234,-9.160876682202174,-0.1779939964404886,-1.5287161697886735,9.8331850938166,0.02180051713908643,0.008766785376168857,-0.11453723216212788,-29.50892256461518,4.820696430552865,-41.5
1772318562.0849981,112.40233967335203,0.5326173895082756,-9.175332806004999,-0.1374462227301062,-1.6027740318320118,9.81873919752584,-0.01862038429753105,0.04141736871353311,-0.11235557059713497,-29.50892256461518,4.820696430552865,-41.5
1772318562.1076384,112.18008871801432,0.58472526389297,-9.197728409154486,-0.11069608846514223,-1.5249446821637895,9.809125614915574,-0.014273130116757706,0.050152030972092115,-0.12544553998709243,-29.50892256461518,4.820696430552865,-41.5
1772318562.1281207,111.96680878131643,0.5986830611181128,-9.202931864837842,-0.149687094733713,-1.5133960564803162,9.79269254795724,-0.020775942134262183,0.027232577170202495,-0.12762720155208535,-30.506850286911703,3.6938578169652456,-41.0625
1772318562.1418593,111.89648529243156,0.6007266088782838,-9.217160775067375,-0.17563517384736782,-1.5057105750945665,9.781756525465854,-0.022953584614350087,0.02504690391071213,-0.11999138607461016,-30.506850286911703,3.6938578169652456,-41.0625
1772318562.1581347,111.89648529243156,0.6007266088782838,-9.217160775067375,-0.17563517384736782,-1.5057105750945665,9.781756525465854,-0.022953584614350087,0.02504690391071213,-0.11999138607461016,-30.506850286911703,3.6938578169652456,-41.0625
1772318562.172656,111.69425340911972,0.6001945107583286,-9.195012226089947,-0.18619464832983657,-1.510618977725609,9.774478724661211,-0.008764777681318241,0.020709688204191862,-0.11453723216212788,-30.506850286911703,3.6938578169652456,-41.0625
1772318562.1895797,111.69425340911972,0.6001945107583286,-9.195012226089947,-0.18619464832983657,-1.510618977725609,9.774478724661211,-0.008764777681318241,0.020709688204191862,-0.11453723216212788,-30.506850286911703,3.6938578169652456,-41.0625
1772318562.2133594,111.50513430927695,0.6276738976317876,-9.208053200882024,-0.1898213439225343,-1.5439852624778776,9.779670764646042,0.0032082405694640005,0.03491254900117802,-0.11562806294462433,-30.06843076839831,3.194663890934002,-40.1875
1772318562.244269,111.28312658100678,0.62931106301953,-9.205733709553428,-0.19557997536814456,-1.5661963089965574,9.766400450720463,0.015235466581212866,0.01966302855601084,-0.12871803233458182,-30.06843076839831,3.194663890934002,-40.1875
1772318562.2684114,110.97306806362685,0.5887982708692342,-9.205039015461024,-0.19606717422555575,-1.5809713555992242,9.8077458806519,-0.0021816578697891357,-4.0153897012314496e-06,-0.1341721862470641,-30.003170095662334,1.6947814640104624,-41.5
1772318562.3000047,110.77957081981955,0.5497101377724469,-9.215350105990785,-0.16971058893496574,-1.5472683515905854,9.785084126802767,0.01420085310213554,-0.010882189315887672,-0.12435470920459599,-30.003170095662334,1.6947814640104624,-41.5
1772318562.3228567,110.77957081981955,0.5497101377724469,-9.215350105990785,-0.16971058893496574,-1.5472683515905854,9.785084126802767,0.01420085310213554,-0.010882189315887672,-0.12435470920459599,-30.003170095662334,1.6947814640104624,-41.5
1772318562.3390996,110.68535606972507,0.5341367380286338,-9.227439737378344,-0.148825469804913,-1.5248332221681913,9.729861642276713,-0.02182862486699505,0.006504819712355093,-0.07744898555724837,-30.003170095662334,1.6947814640104624,-41.5
1772318562.356906,110.52611460156997,0.5057527837186492,-9.225859427163673,-0.13481583497230587,-1.5701148029016605,9.693111695700196,0.005448121589920992,0.003282525278936782,-0.09381144729469522,-30.689748671672717,1.1935169540323909,-40.0
1772318562.3713193,110.52611460156997,0.5057527837186492,-9.225859427163673,-0.13481583497230587,-1.5701148029016605,9.693111695700196,0.005448121589920992,0.003282525278936782,-0.09381144729469522,-30.689748671672717,1.1935169540323909,-40.0
1772318562.3876863,110.38134335460009,0.4900653821460484,-9.23229139305786,-0.1254925794890811,-1.6002491890513841,9.645239234826091,-0.0033026022274429395,0.016356410938866667,-0.07963064712224129,-30.689748671672717,1.1935169540323909,-40.0
1772318562.414891,110.38134335460009,0.4900653821460484,-9.23229139305786,-0.1254925794890811,-1.6002491890513841,9.645239234826091,-0.0033026022274429395,0.016356410938866667,-0.07963064712224129,-30.689748671672717,1.1935169540323909,-40.0
1772318562.4381878,110.09936027397126,0.48684105839135206,-9.230023824063949,-0.1294588235582218,-1.546729423723167,9.697008439567787,0.009769275737636331,0.02619796369112517,-0.1189005552921137,-29.68883010589744,0.6953583199745611,-39.5625
1772318562.4590256,109.97941907448613,0.47716369256635643,-9.230613609938583,-0.13209831468038563,-1.5111126177521905,9.731460267023476,-3.2123117609851597e-05,0.017453262958313086,-0.12217304763960307,-29.68883010589744,0.6953583199745611,-39.5625
1772318562.5133963,109.72346767872288,0.4639236433065914,-9.24534056959043,-0.13378098563472166,-1.527551303742468,9.754387573343108,0.0021676040058348257,0.007639817933963206,-0.10362892433716332,-29.68883010589744,0.6953583199745611,-39.5625
1772318562.5499916,109.39679666245154,0.45947567312032617,-9.22797194327846,-0.1515647471470569,-1.571972909761325,9.722813875681558,0.01415869151027261,0.01202521831689825,-0.13199052468207118,-30.875062737705026,0.005673868043937505,-40.25
1772318562.5780587,109.21024978992615,0.4558387023883153,-9.236502663928123,-0.1734965273191061,-1.5681024021554837,9.70180193258911,0.002149534752179284,0.017457278348014315,-0.14180800172453928,-30.875062737705026,0.005673868043937505,-40.25
1772318562.6061723,108.93362169816943,0.4563213038949666,-9.253876931208623,-0.18792564999913106,-1.6558444857010823,9.68781871917987,-0.013116047251792818,0.014156683815421994,-0.11344640137963143,-29.562334895877648,-0.11691023896518266,-40.25
1772318562.6348968,108.93362169816943,0.4563213038949666,-9.253876931208623,-0.18792564999913106,-1.6558444857010823,9.68781871917987,-0.013116047251792818,0.014156683815421994,-0.11344640137963143,-29.562334895877648,-0.11691023896518266,-40.25
1772318562.6521182,108.7279792368259,0.44786050916550196,-9.243262484676789,-0.19442307685016466,-1.5837705697964615,9.691893493688026,0.004337215706520267,0.014188806933031844,-0.10362892433716332,-29.562334895877648,-0.11691023896518266,-40.25
1772318562.6666286,108.62281409262965,0.4475648195010731,-9.232523086040354,-0.19875319858038187,-1.5324610778388164,9.69460521060499,0.005426036946564219,0.015281643562777027,-0.0916297857297023,-29.562334895877648,-0.11691023896518266,-40.25
1772318562.6838133,108.62281409262965,0.4475648195010731,-9.232523086040354,-0.19875319858038187,-1.5324610778388164,9.69460521060499,0.005426036946564219,0.015281643562777027,-0.0916297857297023,-29.562334895877648,-0.11691023896518266,-40.25
1772318562.7003095,108.42751625446044,0.4317830727978851,-9.233006624256976,-0.20501689271393464,-1.478250704598367,9.79007295572631,0.0076117102060545856,0.013104001082689125,-0.12871803233458182,-30.00029428462507,0.13228411050522268,-41.5625
1772318562.7191265,108.33347563429467,0.41439275735169323,-9.234941514725787,-0.20914837073855783,-1.462244943025481,9.85360567365996,0.01200112597869086,-0.0010687442915377947,-0.08726646259971647,-30.00029428462507,0.13228411050522268,-41.5625
1772318562.734863,108.20881362151782,0.4115834729563268,-9.249607854550623,-0.21184856927736684,-1.4783541358269106,9.825638641884135,-0.022935515360694547,0.01522944349666102,-0.1189005552921137,-30.00029428462507,0.13228411050522268,-41.5625
1772318562.7499146,108.20881362151782,0.4115834729563268,-9.249607854550623,-0.21184856927736684,-1.4783541358269106,9.825638641884135,-0.022935515360694547,0.01522944349666102,-0.1189005552921137,-30.00029428462507,0.13228411050522268,-41.5625
1772318562.7660503,108.07412678756461,0.3934506598348971,-9.235966474307924,-0.2136455212417502,-1.4890746236847876,9.763540442454387,0.015257551224569638,0.0076639102721705946,-0.11671889372712078,-29.998108668236753,-1.0552138781587594,-38.875
1772318562.8013701,107.8398867052345,0.37453587773007696,-9.2369015496295,-0.21475517831462634,-1.5430404731797074,9.722214784416229,0.005440090810518529,0.007645841018515054,-0.11780972450961724,-29.998108668236753,-1.0552138781587594,-38.875
1772318562.8148978,107.8398867052345,0.37453587773007696,-9.2369015496295,-0.21475517831462634,-1.5430404731797074,9.722214784416229,0.005440090810518529,0.007645841018515054,-0.11780972450961724,-29.998108668236753,-1.0552138781587594,-38.875
1772318562.8486001,107.69577425982841,0.35156261965200886,-9.22893503186537,-0.16220590222770132,-1.4517416057331103,9.778340813312667,-0.0021896886491915984,0.00435930034987704,-0.08508480103472356,-29.996728278938868,-1.8052126078412745,-40.0625
1772318562.8693542,107.43690791145501,0.32384852910479656,-9.250678020293435,-0.1270009898147447,-1.518097258900114,9.815692058574424,-0.017481370686221707,0.015239481970914098,-0.1407171709420428,-29.996728278938868,-1.8052126078412745,-40.0625
1772318562.8864512,107.32337910382421,0.30485868341047406,-9.252664763709147,-0.10354173015922147,-1.5789817350491115,9.69670909164064,-0.005468198538427149,0.007625764070008896,-0.09272061651219876,-29.996728278938868,-1.8052126078412745,-40.0625
1772318562.900887,107.32337910382421,0.30485868341047406,-9.252664763709147,-0.10354173015922147,-1.5789817350491115,9.69670909164064,-0.005468198538427149,0.007625764070008896,-0.09272061651219876,-29.996728278938868,-1.8052126078412745,-40.0625
1772318562.9149117,107.12224663310015,0.3109161922846012,-9.23492094905388,-0.11129018652935906,-1.6496487253688115,9.617527256273036,-4.416928671354594e-05,0.02399823656768049,-0.12217304763960307,-28.55957581103852,-1.6150671792663658,-41.6875
1772318562.931609,107.12224663310015,0.3109161922846012,-9.23492094905388,-0.11129018652935906,-1.6496487253688115,9.617527256273036,-4.416928671354594e-05,0.02399823656768049,-0.12217304763960307,-28.55957581103852,-1.6150671792663658,-41.6875
1772318562.9458838,107.00246495860787,0.2997786339709105,-9.225322429182915,-0.11650210836456873,-1.6665708636509378,9.68191153911113,0.01416270689997384,0.009843560447109115,-0.09381144729469522,-28.55957581103852,-1.6150671792663658,-41.6875
1772318562.9657822,106.84893178004177,0.2719378190577353,-9.222827911364579,-0.12000136783425915,-1.6611068274374516,9.754864565486193,-0.008734662258559006,0.004347254180773345,-0.0916297857297023,-28.55957581103852,-1.6150671792663658,-41.6875
1772318562.9813747,106.84893178004177,0.2719378190577353,-9.222827911364579,-0.12000136783425915,-1.6611068274374516,9.754864565486193,-0.008734662258559006,0.004347254180773345,-0.0916297857297023,-28.55957581103852,-1.6150671792663658,-41.6875
1772318563.016392,106.6697426433055,0.2659822928671474,-9.247422545910892,-0.1291188058749653,-1.6039611891941692,9.803413989600095,-0.0032885483634886295,0.008720608394604696,-0.10471975511965978,-28.996729972695515,-1.8033720887774276,-41.25
1772318563.031978,106.47992340612964,0.25341653653106844,-9.23231292838707,-0.1518133813802816,-1.619483885675438,9.755440408039629,0.019594766931089903,0.02185271720520244,-0.1308996938995747,-28.996729972695515,-1.8033720887774276,-41.25
1772318563.049394,106.3497352172877,0.24992176580250877,-9.211573118650332,-0.1670579729270146,-1.552876627829015,9.723514525411158,0.028339467663901993,0.012051318349956253,-0.11126473981463851,-28.996729972695515,-1.8033720887774276,-41.25
1772318563.0661314,106.3497352172877,0.24992176580250877,-9.211573118650332,-0.15350412589159154,-1.6623820225006196,9.718993765693986,0.004333200316819035,0.016370464802820978,-0.10581058590215622,-29.49557880140229,-2.429291289711447,-40.0625
1772318563.087597,106.1590019383284,0.24859601913237836,-9.204790547758309,-0.15350412589159154,-1.6623820225006196,9.718993765693986,0.004333200316819035,0.016370464802820978,-0.10581058590215622,-29.49557880140229,-2.429291289711447,-40.0625
1772318563.1014042,106.0447948447668,0.23802882846288306,-9.195360601373261,-0.14146539337340022,-1.5579598624570425,9.736055920846319,0.007633794849411359,0.0011048827988488778,-0.09599310885968812,-29.49557880140229,-2.429291289711447,-40.0625
1772318563.1141703,105.94985621994273,0.23175833849802818,-9.205183177558858,-0.1332321086567491,-1.6088918989145113,9.747410594503434,-0.0011169289679525724,0.014178768458778766,-0.08617563181722002,-29.49557880140229,-2.429291289711447,-40.0625
1772318563.1452572,105.94985621994273,0.23175833849802818,-9.205183177558858,-0.1332321086567491,-1.6088918989145113,9.747410594503434,-0.0011169289679525724,0.014178768458778766,-0.08617563181722002,-29.49557880140229,-2.429291289711447,-40.0625
1772318563.1718404,105.68520773822607,0.22453049140734704,-9.198928238385395,-0.14087313317356542,-1.6431126220007792,9.620714553884397,0.021788470969982734,0.015311758985536264,-0.10253809355466686,-27.68308187133621,-2.4259553489082246,-39.6875
1772318563.220174,105.42477990292728,0.21766081974926918,-9.192186174426714,-0.14087313317356542,-1.6431126220007792,9.620714553884397,0.021788470969982734,0.015311758985536264,-0.10253809355466686,-27.68308187133621,-2.4259553489082246,-39.6875
1772318563.2485306,105.0970629193359,0.1913215428744652,-9.19307748606219,-0.14957580980104596,-1.6589006807985291,9.684032650067046,-0.015297705121581953,0.014152668425720763,-0.11126473981463851,-28.366899668750822,-4.427217318251326,-41.0
1772318563.2893622,104.90009504808506,0.21484876274654013,-9.188353631267432,-0.1553673438813665,-1.6694074575642588,9.749585917718354,0.006516865881458787,0.015283651257627644,-0.11344640137963143,-28.366899668750822,-4.427217318251326,-41.0
1772318563.3181283,104.6459970280852,0.19872021915934537,-9.18312214138833,-0.1558764390746309,-1.6763934433915972,9.793210885062319,0.010886204705588905,0.012019195232346402,-0.13308135546456762,-28.678478879919947,-4.927791633580455,-40.1875
1772318563.3377073,104.53165362667688,0.1895366420466924,-9.183285442149067,-0.17292229622074937,-1.6911086407549987,9.82224281350691,-0.02293752305554516,0.016320272431555587,-0.10144726277217041,-28.678478879919947,-4.927791633580455,-40.1875
1772318563.3549032,104.53165362667688,0.1895366420466924,-9.183285442149067,-0.17292229622074937,-1.6911086407549987,9.82224281350691,-0.02293752305554516,0.016320272431555587,-0.10144726277217041,-28.678478879919947,-4.927791633580455,-40.1875
1772318563.369056,104.28328930380401,0.17081644327414572,-9.193565976982322,-0.1842661237367903,-1.7009014402208171,9.781351226847148,-0.013122070336344665,0.017429170620105697,-0.1559888018969932,-28.678478879919947,-4.927791633580455,-40.1875
1772318563.3819506,104.28328930380401,0.17081644327414572,-9.193565976982322,-0.1842661237367903,-1.7009014402208171,9.781351226847148,-0.013122070336344665,0.017429170620105697,-0.1559888018969932,-28.678478879919947,-4.927791633580455,-40.1875
1772318563.4008904,104.1597210219244,0.1541366771551279,-9.179707213612534,-0.19200617322776786,-1.6037201515856416,9.75413833271403,0.016348380159464205,0.007665917967021211,-0.12871803233458182,-26.989716381277894,-5.612184593202519,-40.1875
1772318563.422338,103.9897219671941,0.15586544021630208,-9.18309694000492,-0.18377666553593855,-1.5390224626175848,9.752754014192982,0.005420013862012372,0.018554130367460734,-0.12435470920459599,-26.989716381277894,-5.612184593202519,-40.1875
1772318563.455174,103.9897219671941,0.15586544021630208,-9.18309694000492,-0.18377666553593855,-1.5390224626175848,9.752754014192982,0.005420013862012372,0.018554130367460734,-0.12435470920459599,-26.989716381277894,-5.612184593202519,-40.1875
1772318563.4763944,103.77848424792622,0.1660897241707543,-9.159905559631065,-0.17156055407867804,-1.5227154081782612,9.751832765681076,-0.015273612783374566,0.0010627212069859477,-0.07853981633974483,-27.23937086051426,-5.800144405389109,-40.5625
1772318563.512838,103.49084790773291,0.14536631730754163,-9.180223802045548,-0.16335698746436136,-1.5520045181087954,9.717768568014229,-0.018576215010817503,0.01741913214585262,-0.13526301702956053,-27.23937086051426,-5.800144405389109,-40.5625
1772318563.5310786,103.29456677646465,0.1603169278003026,-9.186676970567039,-0.1578976055223772,-1.5714960935867703,9.65830299620845,0.026143755930158545,0.019683105504516997,-0.136353847812057,-28.176639207734425,-5.926869680291885,-39.5
1772318563.552799,103.10051505386762,0.14796839236561268,-9.171477048571568,-0.14088402365922215,-1.5844428923647258,9.618729322445665,-0.006565050557873564,0.010896243179841983,-0.08726646259971647,-28.176639207734425,-5.926869680291885,-39.5
1772318563.5672305,103.10051505386762,0.14796839236561268,-9.171477048571568,-0.14088402365922215,-1.5844428923647258,9.618729322445665,-0.006565050557873564,0.010896243179841983,-0.08726646259971647,-28.176639207734425,-5.926869680291885,-39.5
1772318563.5915885,103.00133666400431,0.1411294709481236,-9.181504435553189,-0.09281476246174279,-1.5662302698335748,9.625844601696627,-0.01747534760166986,0.011966995166230393,-0.10362892433716332,-28.176639207734425,-5.926869680291885,-39.5
1772318563.6092346,102.79092178738802,0.15492132440160256,-9.188558117740307,-0.0609298707154079,-1.4972431702816764,9.640615075677223,-0.018572199621116274,0.015237474276063482,-0.12980886311707826,-26.988451024421497,-6.2996834287448245,-40.25
1772318563.6254973,102.66724150667785,0.13950657783135684,-9.184266687664378,-0.10650828765432821,-1.5083229637093865,9.650444661114305,0.0032544175510281622,0.009823483498602957,-0.11453723216212788,-26.988451024421497,-6.2996834287448245,-40.25
1772318563.643365,102.50803426795004,0.13004082376423828,-9.169019569149343,-0.13693256611092214,-1.465519851843412,9.667021475540977,0.013055816406274347,0.01856818423141504,-0.1439896632895322,-26.988451024421497,-6.2996834287448245,-40.25
1772318563.6567729,102.50803426795004,0.13004082376423828,-9.169019569149343,-0.13693256611092214,-1.465519851843412,9.667021475540977,0.013055816406274347,0.01856818423141504,-0.1439896632895322,-26.988451024421497,-6.2996834287448245,-40.25
1772318563.685201,102.33902481421532,0.11983401432528158,-9.153840988439846,-0.1404540533547554,-1.4370040753293547,9.678053160366778,0.028337459969051376,0.013142147284850823,-0.11017390903214205,-27.049800594146802,-6.9247974025884105,-39.0625
1772318563.704694,102.1952981905179,0.10832866062815813,-9.15401916006715,-0.14279756377793637,-1.418027144601345,9.765677304362018,-0.007649856408216285,0.007621748680307665,-0.13962634015954636,-27.049800594146802,-6.9247974025884105,-39.0625
1772318563.7182252,102.02284646972981,0.08568649432754566,-9.165268685323337,-0.14423400894847624,-1.4723003300183446,9.823990193365027,-0.006542965914516792,-0.0011028751039982622,-0.09926560120717749,-27.049800594146802,-6.9247974025884105,-39.0625
1772318563.7490833,102.02284646972981,0.08568649432754566,-9.165268685323337,-0.14423400894847624,-1.4723003300183446,9.823990193365027,-0.006542965914516792,-0.0011028751039982622,-0.09926560120717749,-27.049800594146802,-6.9247974025884105,-39.0625
1772318563.770455,101.83765499476279,0.08615218941563098,-9.168328385340853,-0.14514684997025043,-1.5318342709327515,9.759098306671977,0.021788470969982734,0.015311758985536264,-0.12871803233458182,-25.98707232888026,-7.047841639363492,-39.0625
1772318563.7919025,101.6095291613275,0.07475232827631832,-9.138330720342282,-0.17395327010471304,-1.631298250784101,9.703900020404085,0.016334326295509894,0.015301720511283185,-0.1189005552921137,-25.98707232888026,-7.047841639363492,-39.0625
1772318563.807992,101.6095291613275,0.07475232827631832,-9.138330720342282,-0.17395327010471304,-1.631298250784101,9.703900020404085,0.016334326295509894,0.015301720511283185,-0.1189005552921137,-25.98707232888026,-7.047841639363492,-39.0625
1772318563.8220496,101.43930033738482,0.0799150479680007,-9.12643750957162,-0.17837283461043124,-1.6008740715900267,9.695905196598197,0.0010587058172847163,0.017455270653163702,-0.14944381720201447,-25.234542885484956,-8.421458921150219,-40.0
1772318563.838124,101.33031465489634,0.072187611611564,-9.136389491869663,-0.16124336917013113,-1.5805901797455124,9.690584730663412,-0.012019195232346402,0.010886204705588905,-0.0916297857297023,-25.234542885484956,-8.421458921150219,-40.0
1772318563.8566399,101.20613344039663,0.06322378071695446,-9.146057256154492,-0.1263789050427346,-1.593809227447944,9.64021245611484,-0.013114039556942203,0.013065854880527425,-0.12217304763960307,-25.234542885484956,-8.421458921150219,-40.0
1772318563.8748634,101.20613344039663,0.06322378071695446,-9.146057256154492,-0.1263789050427346,-1.593809227447944,9.64021245611484,-0.013114039556942203,0.013065854880527425,-0.12217304763960307,-25.234542885484956,-8.421458921150219,-40.0
1772318563.902833,100.9663501051403,0.07368050674301461,-9.14361130448505,-0.1031708368856671,-1.605951462068988,9.606690270097943,-0.0022057502079965243,0.013085931829033583,-0.09272061651219876,-26.047386606632152,-8.235454660468966,-41.1875
1772318563.928117,100.77877852122452,0.048801066392849105,-9.144472172158395,-0.08103591469521848,-1.6140196700879088,9.637903417088161,0.002171619395536057,0.00545816006417407,-0.11126473981463851,-26.047386606632152,-8.235454660468966,-41.1875
1772318563.9459133,100.66448282047385,0.05136978789064767,-9.163691429012935,-0.1398977041540695,-1.6195244207178079,9.658675417736454,0.009781321906740026,0.019652990081757762,-0.10035643198967395,-26.047386606632152,-8.235454660468966,-41.1875
1772318563.964364,100.66448282047385,0.05136978789064767,-9.163691429012935,-0.1398977041540695,-1.6195244207178079,9.658675417736454,0.009781321906740026,0.019652990081757762,-0.10035643198967395,-26.047386606632152,-8.235454660468966,-41.1875
1772318563.978358,100.43426514629036,0.06524872217015912,-9.190652885929204,-0.17897721638164313,-1.673364361392625,9.665808728714802,0.00867643910789115,0.02728678493116912,-0.1407171709420428,-25.484772526928776,-8.296919262635761,-40.0
1772318563.9919364,100.43426514629036,0.06524872217015912,-9.190652885929204,-0.17897721638164313,-1.673364361392625,9.665808728714802,0.00867643910789115,0.02728678493116912,-0.1407171709420428,-25.484772526928776,-8.296919262635761,-40.0
1772318564.007199,100.30052508991469,0.05273451835313315,-9.170854938610008,-0.20498419522233802,-1.709194240480171,9.670555867486588,-0.004375361908681966,0.0065369428299649444,-0.09490227807719166,-25.484772526928776,-8.296919262635761,-40.0
1772318564.022964,100.21618045914406,0.051350354115747364,-9.175568436401129,-0.0920786831794984,-1.5989942701735376,9.673715035310197,-0.017485386075922937,0.01742113984070323,-0.07744898555724837,-25.484772526928776,-8.296919262635761,-40.0
1772318564.0470197,100.05232456704701,0.04443501603676083,-9.189897452954117,-0.016941326152198028,-1.525657420948801,9.782861000840812,-0.027302846489974046,0.01740307058704769,-0.1090830782496456,-25.73362177907471,-8.922378333803819,-40.375
1772318564.0623794,100.05232456704701,0.04443501603676083,-9.189897452954117,-0.016941326152198028,-1.525657420948801,9.782861000840812,-0.027302846489974046,0.01740307058704769,-0.1090830782496456,-25.73362177907471,-8.922378333803819,-40.375
1772318564.0933392,99.93041386693207,0.01826381494312389,-9.2313802726094,-0.05725611751068683,-1.4770187990464592,9.721691953368339,-0.014172745374226919,-0.004389415772636276,-0.07090400086226964,-25.73362177907471,-8.922378333803819,-40.375
1772318564.1227467,99.73213448918447,0.003921232572634066,-9.250809619925318,-0.10400803525828643,-1.5249698249470067,9.680984635578438,-0.028393675424868616,0.017401062892197075,-0.1341721862470641,-25.544626674914703,-9.734531860302072,-39.1875
1772318564.144429,99.56605172768985,0.02468823494025073,-9.242950169974431,-0.1350901305568331,-1.5736062272433353,9.653894370319795,0.01632830321095805,0.01857420731596689,-0.09490227807719166,-25.544626674914703,-9.734531860302072,-39.1875
1772318564.164375,99.4282446377761,0.006587366483930127,-9.218926730463087,-0.15580570147760137,-1.5892476794597588,9.692733000432689,0.018532045724103958,0.006579104421827874,-0.11780972450961724,-25.544626674914703,-9.734531860302072,-39.1875
1772318564.178011,99.4282446377761,0.006587366483930127,-9.218926730463087,-0.15580570147760137,-1.5892476794597588,9.692733000432689,0.018532045724103958,0.006579104421827874,-0.11780972450961724,-25.544626674914703,-9.734531860302072,-39.1875
1772318564.1948285,99.29395997135511,0.0011038579329194654,-9.223124248543966,-0.11938430818522988,-1.6162900702628693,9.718579674916894,-0.01529971281643257,0.01524349736061533,-0.07417649320975901,-24.355633264511347,-10.544844867736478,-39.1875
1772318564.2105498,99.29395997135511,0.0011038579329194654,-9.223124248543966,-0.11938430818522988,-1.6162900702628693,9.718579674916894,-0.01529971281643257,0.01524349736061533,-0.07417649320975901,-24.355633264511347,-10.544844867736478,-39.1875
1772318564.228034,99.13629792364509,-0.016169214160263377,-9.228637011624771,-0.09518321825398608,-1.6142158430099558,9.618701438303683,-0.005472213928128381,0.009807421939798031,-0.09817477042468103,-24.355633264511347,-10.544844867736478,-39.1875
1772318564.2428825,99.01837520067274,-0.03557972880306708,-9.229335056511164,-0.15597816175225,-1.6330477092558278,9.53885314072132,-0.003290556058339245,0.009811437329499262,-0.11126473981463851,-24.355633264511347,-10.544844867736478,-39.1875
1772318564.2568574,98.87889698124773,-0.03313539295594516,-9.213473953192862,-0.19647345797753568,-1.6255094696276409,9.485714990644187,0.01087014314678398,0.020745826711502945,-0.12544553998709243,-24.35643849160178,-10.107345608755011,-40.375
1772318564.2781012,98.87889698124773,-0.03313539295594516,-9.213473953192862,-0.19647345797753568,-1.6255094696276409,9.485714990644187,0.01087014314678398,0.020745826711502945,-0.12544553998709243,-24.35643849160178,-10.107345608755011,-40.375
1772318564.297978,98.67943169840495,-0.03238238760274115,-9.172219571135239,-0.12311869794288269,-1.5935473047745825,9.52394460292091,0.025052926995263975,0.01968109780966638,-0.10253809355466686,-24.35643849160178,-10.107345608755011,-40.375
1772318564.3168788,98.50013943197116,-0.026972486965944925,-9.170978798082691,-0.07430192456618186,-1.5722768411056478,9.559421317960277,-0.010948443245957992,0.0217965017493852,-0.10253809355466686,-24.35643849160178,-10.107345608755011,-40.375
1772318564.3483222,98.33639131797494,-0.034799839393500814,-9.175256752600715,-0.06861885272826664,-1.5347550967849644,9.599756234054698,0.010908289348945678,2.007694850615725e-05,-0.09272061651219876,-24.230518443789435,-10.607114696993706,-39.6875
1772318564.3684168,98.25165893546993,-0.031701336246228944,-9.174613788272914,-0.0846673552204386,-1.6402808711551589,9.626598670145,-0.0011370059164587296,0.025087057807724442,-0.0916297857297023,-24.230518443789435,-10.607114696993706,-39.6875
1772318564.3884962,98.25165893546993,-0.031701336246228944,-9.174613788272914,-0.0846673552204386,-1.6402808711551589,9.626598670145,-0.0011370059164587296,0.025087057807724442,-0.0916297857297023,-24.230518443789435,-10.607114696993706,-39.6875
1772318564.4040833,98.04910192951318,-0.049327853148635636,-9.154825534422207,-0.09558756728831241,-1.5800479595793318,9.644462011513438,0.008708562225501001,0.009833521972856035,-0.10362892433716332,-24.230518443789435,-10.607114696993706,-39.6875
1772318564.41657,97.9493732326379,-0.048768694187601,-9.13418767242617,-0.10263320372547205,-1.6603874472658389,9.673075424184134,0.006516865881458787,0.015283651257627644,-0.08508480103472356,-23.97833325084028,-11.794152555891728,-40.0625
1772318564.429227,97.9493732326379,-0.048768694187601,-9.13418767242617,-0.10263320372547205,-1.6603874472658389,9.673075424184134,0.006516865881458787,0.015283651257627644,-0.08508480103472356,-23.97833325084028,-11.794152555891728,-40.0625
1772318564.44478,97.82008663001352,-0.04986295510602503,-9.12353499358825,-0.06750087414845242,-1.539833083809174,9.692117330683718,0.02178646327513212,0.01640258792043083,-0.12871803233458182,-23.97833325084028,-11.794152555891728,-40.0625
1772318564.4677978,97.71641304902474,-0.05747714252342697,-9.133483747699744,-0.044046820366365716,-1.499746774107412,9.70144439503984,0.009807421939798031,0.005472213928128381,-0.07963064712224129,-23.97833325084028,-11.794152555891728,-40.0625
1772318564.4836073,97.71641304902474,-0.05747714252342697,-9.133483747699744,-0.044046820366365716,-1.499746774107412,9.70144439503984,0.009807421939798031,0.005472213928128381,-0.07963064712224129,-23.97833325084028,-11.794152555891728,-40.0625
1772318564.501375,97.56851365101232,-0.07327246084595211,-9.148471509390243,-0.09534053040361859,-1.4731929176316698,9.707651452178702,0.016358418633717283,0.0022117732925483716,-0.08290313946973066,-22.478680888799722,-11.603892094875329,-40.0625
1772318564.5354824,97.37574310969242,-0.08932227758023027,-9.138303065347445,-0.12935278660776509,-1.52242374360336,9.711782179367244,0.010878173926186441,0.016382510971924672,-0.0818123086872342,-22.478680888799722,-11.603892094875329,-40.0625
1772318564.564581,97.19207061103664,-0.09532072991911458,-9.11759079457748,-0.16871309337739887,-1.5552170920525,9.704495797046015,-0.004369338824130119,0.003264456025281241,-0.11671889372712078,-24.727756818315346,-12.10803241589066,-40.0625
1772318564.5929644,97.02860299794861,-0.0984548570129095,-9.117250338049462,-0.16814608951704063,-1.5769914451847535,9.626054333444433,-0.009827498888304188,0.005436075420817297,-0.10362892433716332,-24.727756818315346,-12.10803241589066,-40.0625
1772318564.6129224,96.87012558577247,-0.10584458518280641,-9.121701993357352,-0.20457723472221254,-1.584859546036326,9.647444873227169,-0.009853598921362193,0.01961685157444668,-0.14726215563702155,-24.727756818315346,-12.10803241589066,-40.0625
1772318564.6447608,96.67780474496897,-0.12755700584636342,-9.096899577585313,-0.17189954151114367,-1.6200969690224734,9.665025150211914,-0.002187680954340983,0.0032684714149824722,-0.07090400086226964,-22.22776105270696,-12.103431118231043,-41.6875
1772318564.671508,96.49462232880207,-0.1322288620044707,-9.09656326751478,-0.22714575134456724,-1.613582731081285,9.690105074989978,0.014160699205123225,0.010934389382003681,-0.11562806294462433,-22.22776105270696,-12.103431118231043,-41.6875
1772318564.700639,96.49462232880207,-0.1322288620044707,-9.09656326751478,-0.22714575134456724,-1.613582731081285,9.690105074989978,0.014160699205123225,0.010934389382003681,-0.11562806294462433,-22.22776105270696,-12.103431118231043,-41.6875
1772318564.717779,96.34756075935509,-0.15851691812532062,-9.101978978114172,-0.18022842513344292,-1.6391996143271572,9.743591713549176,-0.01418679923818123,0.003246386771625699,-0.08399397025222712,-23.475573319122834,-13.293229755724834,-39.75
1772318564.7311635,96.21513365784708,-0.17844078534449812,-9.112340263074753,-0.1493995001203672,-1.4421605773110409,9.795912032562017,-1.4053863954310075e-05,0.007635802544261975,-0.11671889372712078,-23.475573319122834,-13.293229755724834,-39.75
1772318564.7454994,96.13160880194414,-0.1908327170639514,-9.097658194083222,-0.1019068606083284,-1.4280627567651318,9.814005061872207,0.010900258569543214,0.004383392688084429,-0.07090400086226964,-23.475573319122834,-13.293229755724834,-39.75
1772318564.7716753,96.13160880194414,-0.1908327170639514,-9.097658194083222,-0.1019068606083284,-1.4280627567651318,9.814005061872207,0.010900258569543214,0.004383392688084429,-0.07090400086226964,-23.475573319122834,-13.293229755724834,-39.75
1772318564.7928078,95.91960015595228,-0.21440864176830374,-9.062768979747432,-0.07030103954061158,-1.4186808146748038,9.739072866375455,0.01634637246461359,0.008756746901915777,-0.11453723216212788,-23.163764043070728,-12.917655228676125,-39.75
1772318564.8134825,95.91960015595228,-0.21440864176830374,-9.062768979747432,-0.07030103954061158,-1.4186808146748038,9.739072866375455,0.01634637246461359,0.008756746901915777,-0.11453723216212788,-23.163764043070728,-12.917655228676125,-39.75
1772318564.8303185,95.87776211888487,-0.2521528452159442,-9.069139041512845,-0.03901075784840964,-1.5328425842857576,9.649064986832004,-0.013071877965079273,-0.009841552752258498,-0.04145156973486533,-23.163764043070728,-12.917655228676125,-39.75
1772318564.8449664,95.87776211888487,-0.2521528452159442,-9.069139041512845,-0.03901075784840964,-1.5328425842857576,9.649064986832004,-0.013071877965079273,-0.009841552752258498,-0.04145156973486533,-23.163764043070728,-12.917655228676125,-39.75
1772318564.8708215,95.82731414206339,-0.3076774017178189,-9.031921226561423,-0.098469969913939,-1.6089637284961535,9.589165748449732,0.0022258271565026816,-0.02399422117797926,-0.04799655442984406,-22.037270526807582,-13.728083268552021,-40.875
1772318564.8900528,95.7547652431487,-0.3332233085308657,-9.032597178881202,-0.13775620121470067,-1.8134963775489286,9.542613251010026,0.022889338379130385,0.00985962200591404,-0.07090400086226964,-22.037270526807582,-13.728083268552021,-40.875
1772318564.908303,95.61604288233487,-0.3408850487997467,-8.997231816574658,-0.1645410504436728,-1.6017195423966786,9.652127775696785,0.027222538695949417,0.026230086808735023,-0.14180800172453928,-22.037270526807582,-13.728083268552021,-40.875
1772318564.9225051,95.61604288233487,-0.3408850487997467,-8.997231816574658,-0.1645410504436728,-1.6017195423966786,9.652127775696785,0.027222538695949417,0.026230086808735023,-0.14180800172453928,-22.037270526807582,-13.728083268552021,-40.875
1772318564.9437785,-57.85940978346725,5.783488735968562,1.1840136661654264,-0.09506084725894087,-1.6412600752583106,9.524301766079262,-0.021900901881617217,0.04577466136855953,-0.08072147790473774,-22.849654118188816,-13.792078584431607,-40.5625
1772318564.9617724,-57.85940978346725,5.783488735968562,1.1840136661654264,-0.09506084725894087,-1.6412600752583106,9.524301766079262,-0.021900901881617217,0.04577466136855953,-0.08072147790473774,-22.849654118188816,-13.792078584431607,-40.5625
1772318564.9801767,95.24454009080488,-0.22528614147471743,-9.014450320378335,-0.04887180211917075,-1.64081300984892,9.633251463613412,-0.0044536620078559795,0.049079271290853085,-0.09926560120717749,-22.849654118188816,-13.792078584431607,-40.5625
1772318565.0115392,95.1992303990176,-0.21938110337605443,-9.003839705210797,-0.08503562937437939,-1.6406386276503788,9.705756270274524,-0.002201734818295293,0.010904273959244447,-0.014180800172453928,-22.22235452795691,-15.040926142820894,-40.1875
1772318565.033658,95.07984549765101,-0.21370704665324464,-9.008299313920583,-0.11250276915462697,-1.6104227806134666,9.790803637956248,0.030549233261599744,-0.003216271348866463,-0.05672320068981571,-22.22235452795691,-15.040926142820894,-40.1875
1772318565.0499046,95.02623971663138,-0.228263277575649,-8.998566518994364,-0.13082494104340225,-1.5668987296529298,9.95110017403399,0.02398819809342741,0.005498313961186384,-0.05781403147231216,-22.22235452795691,-15.040926142820894,-40.1875
1772318565.068897,95.02623971663138,-0.228263277575649,-8.998566518994364,-0.13082494104340225,-1.5668987296529298,9.95110017403399,0.02398819809342741,0.005498313961186384,-0.05781403147231216,-22.22235452795691,-15.040926142820894,-40.1875
1772318565.085798,94.87331458752263,-0.23988704645719378,-9.008226720779591,-0.1429750445702354,-1.5613497022247977,9.95407726523719,0.002173627090386673,0.004367331129279502,-0.10253809355466686,-20.34873809304851,-14.287476439893666,-41.375
1772318565.0985856,94.79959213028583,-0.2500374916194743,-9.02290301229456,-0.1745073287417328,-1.5409744534435792,9.91257203398148,-0.01964295160750468,0.004327177232267188,-0.06326818538479445,-20.34873809304851,-14.287476439893666,-41.375
1772318565.1113548,94.74994717061556,-0.24920321944459056,-9.01782633525921,-0.19545477116796228,-1.5474855892352057,9.884950766224618,-0.009843560447109113,0.01416270689997384,-0.08399397025222712,-20.34873809304851,-14.287476439893666,-41.375
1772318565.127572,94.74994717061556,-0.24920321944459056,-9.01782633525921,-0.19545477116796228,-1.5474855892352057,9.884950766224618,-0.009843560447109113,0.01416270689997384,-0.08399397025222712,-20.34873809304851,-14.287476439893666,-41.375
1772318565.142466,94.58680274655083,-0.2576963858236274,-9.00261204832244,-0.19605157638950524,-1.5317234141538234,9.866569121082204,2.0076948506157248e-06,-0.0010908289348945679,-0.10144726277217041,-20.34701260642615,-15.22497485199681,-41.0
1772318565.1581125,94.50245752697866,-0.2588042240596383,-9.016878575040117,-0.17305147153269562,-1.5111554473945772,9.840955894747081,-0.005480244707530843,0.014170737679376303,-0.07417649320975901,-20.34701260642615,-15.22497485199681,-41.0
1772318565.1718068,94.50245752697866,-0.2588042240596383,-9.016878575040117,-0.17305147153269562,-1.5111554473945772,9.840955894747081,-0.005480244707530843,0.014170737679376303,-0.07417649320975901,-20.34701260642615,-15.22497485199681,-41.0
1772318565.1862545,94.39484561796282,-0.27721404745007316,-9.017324626772634,-0.18116090096909407,-1.4975107924686182,9.817220355324903,-0.01310600877753974,0.008702539140949154,-0.11344640137963143,-20.34701260642615,-15.22497485199681,-41.0
1772318565.199667,94.39484561796282,-0.27721404745007316,-9.017324626772634,-0.18116090096909407,-1.4975107924686182,9.817220355324903,-0.01310600877753974,0.008702539140949154,-0.11344640137963143,-20.34701260642615,-15.22497485199681,-41.0
1772318565.2160778,94.20842021928769,-0.3066018417775546,-9.02208206275088,-0.19324784775378323,-1.488442740519911,9.791389283860834,-0.014184791543330614,0.002155557836731131,-0.11017390903214205,-20.033937973517652,-15.536899160490405,-40.6875
1772318565.241371,93.9711792163264,-0.3198535081507164,-9.035915322233159,-0.20111303030477884,-1.5794161284487356,9.767508770938832,-0.012031241401450095,0.017431178314956313,-0.1559888018969932,-20.033937973517652,-15.536899160490405,-40.6875
1772318565.25509,93.9711792163264,-0.3198535081507164,-9.035915322233159,-0.20111303030477884,-1.5794161284487356,9.767508770938832,-0.012031241401450095,0.017431178314956313,-0.1559888018969932,-20.033937973517652,-15.536899160490405,-40.6875
1772318565.2739713,93.85369567986747,-0.3393889778182503,-9.026360285056375,-0.1930283646852439,-1.6064822144934245,9.744926332937409,0.006550996693919254,-0.003260440635580009,-0.08944812416470939,-20.033937973517652,-15.536899160490405,-40.6875
1772318565.2949843,93.69491167716731,-0.3419901467963711,-9.025193303226716,-0.1307135831607863,-1.6611858942530726,9.729897972709823,-0.004403469636590586,0.021808547918488894,-0.09272061651219876,-20.034513135725103,-15.224399689789358,-40.6875
1772318565.3091128,93.62475163614768,-0.3328103949636617,-9.019769079420701,-0.08931151631852818,-1.66079441559632,9.726586990270787,0.00434524648592273,0.009825491193453573,-0.12217304763960307,-20.034513135725103,-15.224399689789358,-40.6875
1772318565.3230124,93.53526805207137,-0.32995864854169504,-9.019423569571572,-0.06841217495821608,-1.6806168406561754,9.741109126980303,-0.015273612783374566,0.0010627212069859477,-0.0719948316447661,-20.034513135725103,-15.224399689789358,-40.6875
1772318565.3441582,93.53526805207137,-0.32995864854169504,-9.019423569571572,-0.06841217495821608,-1.6806168406561754,9.741109126980303,-0.015273612783374566,0.0010627212069859477,-0.0719948316447661,-20.034513135725103,-15.224399689789358,-40.6875
1772318565.3656607,93.37288985513091,-0.347299378337005,-9.03385871503154,-0.09464516924203874,-1.6938823240049286,9.75077344673759,-1.8069253655541523e-05,0.00981746041405111,-0.12871803233458182,-20.032097454453805,-16.53689746673376,-40.75
1772318565.3856657,93.82027200117015,-0.31018425690222534,-8.984080179957337,-0.11210293389617565,-1.7027103549883653,9.707028267968749,0.008724623784305927,0.0011068904936994935,-0.0916297857297023,-20.032097454453805,-16.53689746673376,-40.75
1772318565.4012678,93.12539809308704,-0.35744441392876797,-9.012869242815437,-0.15385761934046238,-1.691915191461516,9.67791634016375,0.015267589698822718,0.0022097655976977557,-0.08617563181722002,-20.032097454453805,-16.53689746673376,-40.75
1772318565.4190302,93.12539809308704,-0.35744441392876797,-9.012869242815437,-0.15385761934046238,-1.691915191461516,9.67791634016375,0.015267589698822718,0.0022097655976977557,-0.08617563181722002,-20.032097454453805,-16.53689746673376,-40.75
1772318565.4339206,92.97323295399957,-0.3798485249440168,-8.992839236356106,-0.18205124103652617,-1.4639541319843388,9.67861334765498,0.019608820795044214,0.014216914660940464,-0.09926560120717749,-19.1567538391664,-16.72278669497352,-41.5625
1772318565.4487503,92.89400266797819,-0.38076391086796646,-9.007394444525596,-0.15398229675066757,-1.312162399008013,9.679077198354312,-0.012021202927197017,0.011977033640483472,-0.06981317007977318,-19.1567538391664,-16.72278669497352,-41.5625
1772318565.4614394,92.89400266797819,-0.38076391086796646,-9.007394444525596,-0.15398229675066757,-1.312162399008013,9.679077198354312,-0.012021202927197017,0.011977033640483472,-0.06981317007977318,-19.1567538391664,-16.72278669497352,-41.5625
1772318565.4769654,92.81086893642775,-0.3972206672159543,-9.007118608357755,-0.13474862111095942,-1.5122062400733054,9.803155018983983,0.006559027473321717,-0.00762375637515828,-0.06981317007977318,-19.1567538391664,-16.72278669497352,-41.5625
1772318565.491046,92.74186343661756,-0.4026613135809432,-9.007004473070547,-0.16209009732513874,-1.645407062568549,9.882382310865635,-0.006563042863022949,0.009805414244947415,-0.06435901616729091,-19.1579041635813,-16.097787753571424,-41.0625
1772318565.5049613,92.69725135478252,-0.40089975648337195,-9.02199124842437,-0.18028554432137345,-1.734050721988452,9.935107188586034,-0.034946679813638484,0.02175233246267165,-0.07635815477475191,-19.1579041635813,-16.097787753571424,-41.0625
1772318565.528468,92.69725135478252,-0.40089975648337195,-9.02199124842437,-0.18028554432137345,-1.734050721988452,9.935107188586034,-0.034946679813638484,0.02175233246267165,-0.07635815477475191,-19.1579041635813,-16.097787753571424,-41.0625
1772318565.5466664,92.43870450054456,-0.3971877905189249,-8.985713213790033,-0.2227035378961792,-1.6827089984246835,9.966849894026165,-6.0230845518471736e-05,0.03272486804683703,-0.10253809355466686,-19.1579041635813,-16.097787753571424,-41.0625
1772318565.5624838,92.35591402280171,-0.4190478436997955,-8.960811163212238,-0.17408715095337057,-1.5982234592319493,9.827408947955988,0.021838663341248128,-0.01195896438682793,-0.07417649320975901,-18.46867984141664,-17.034020808818173,-41.0625
1772318565.5936406,92.35591402280171,-0.4190478436997955,-8.960811163212238,-0.17408715095337057,-1.5982234592319493,9.827408947955988,0.021838663341248128,-0.01195896438682793,-0.07417649320975901,-18.46867984141664,-17.034020808818173,-41.0625
1772318565.608525,92.16090733403982,-0.3991578983673561,-8.984011079847578,-0.1818870745054642,-1.5353829454838837,9.734612556003714,-0.02400626734708295,0.004319146452864725,-0.07635815477475191,-18.46867984141664,-17.034020808818173,-41.0625
1772318565.621609,92.11918200623131,-0.3723297828748446,-9.003118505416422,-0.18707783649852733,-1.4935632855590797,9.70296359912897,-0.005462175453875302,0.004353277265325192,-0.07963064712224129,-18.46867984141664,-17.034020808818173,-41.0625
1772318565.6349585,92.11918200623131,-0.3723297828748446,-9.003118505416422,-0.18707783649852733,-1.4935632855590797,9.70296359912897,-0.005462175453875302,0.004353277265325192,-0.07963064712224129,-18.46867984141664,-17.034020808818173,-41.0625
1772318565.6518018,91.92279479434522,-0.3975646448908539,-9.01274243059428,-0.1905322306203001,-1.4657327690353337,9.681901571870842,0.009799391160395568,0.009835529667706651,-0.12762720155208535,-17.72006150103201,-16.282641689837774,-40.75
1772318565.6681266,91.74742516561227,-0.3768683729599192,-8.99665658860829,-0.18922124537839013,-1.5910452742192627,9.667885028008818,-0.010950450940808609,0.022887330684279766,-0.10253809355466686,-17.72006150103201,-16.282641689837774,-40.75
1772318565.7085648,91.5490739440012,-0.37753738781326796,-9.000943379054764,-0.18533000062205454,-1.4971425696446432,9.671937621472972,0.009775298822188179,0.022925476886441466,-0.12217304763960307,-18.028879933605364,-18.283213464531933,-41.5625
1772318565.7229128,91.5490739440012,-0.37753738781326796,-9.000943379054764,-0.18533000062205454,-1.4971425696446432,9.671937621472972,0.009775298822188179,0.022925476886441466,-0.12217304763960307,-18.028879933605364,-18.283213464531933,-41.5625
1772318565.7411482,91.36700417861691,-0.39676357869260137,-9.005097808100983,-0.18242642686949634,-1.6052517768293992,9.728156364470042,-0.001110905883400725,0.010906281654095061,-0.12326387842209953,-18.028879933605364,-18.283213464531933,-41.5625
1772318565.7559729,91.17966118956636,-0.41152216986704065,-9.004587434874223,-0.18086969222616203,-1.4731457780195145,9.765569309930084,0.0065228889660106345,0.012011164452943939,-0.1712604328519436,-18.028879933605364,-18.283213464531933,-41.5625
1772318565.7737644,91.17966118956636,-0.41152216986704065,-9.004587434874223,-0.18086969222616203,-1.4731457780195145,9.765569309930084,0.0065228889660106345,0.012011164452943939,-0.1712604328519436,-18.028879933605364,-18.283213464531933,-41.5625
1772318565.8133893,90.93470152988641,-0.45066016109955825,-9.003990901853319,-0.11926470293528786,-1.5791360405864356,9.753670978423244,0.014180776153629383,2.6100033058004424e-05,-0.1189005552921137,-17.030492081542878,-17.406374427505153,-40.375
1772318565.8642673,90.66930978850968,-0.4813851973466047,-9.02282029238385,-0.1181236984977673,-1.5676194083892199,9.67362833943435,-0.00655300438876987,0.004351269570474577,-0.08290313946973066,-16.967301992753725,-17.78125875990492,-42.375
1772318565.8910086,90.66930978850968,-0.4813851973466047,-9.02282029238385,-0.1181236984977673,-1.5676194083892199,9.67362833943435,-0.00655300438876987,0.004351269570474577,-0.08290313946973066,-16.967301992753725,-17.78125875990492,-42.375
1772318565.917622,90.29336657559887,-0.4961910693208322,-9.006473828150645,-0.16796057746210136,-1.4276761373787317,9.560181978588695,0.01743318600980693,0.010940412466555529,-0.10144726277217041,-16.967301992753725,-17.78125875990492,-42.375
1772318565.9403217,90.29336657559887,-0.4961910693208322,-9.006473828150645,-0.16796057746210136,-1.4276761373787317,9.560181978588695,0.01743318600980693,0.010940412466555529,-0.10144726277217041,-16.967301992753725,-17.78125875990492,-42.375
1772318565.9538798,90.13147459361227,-0.5188384222087263,-9.015250252358639,-0.17456331011370882,-1.368357754522887,9.590227110083816,-0.0011048827988488778,0.007633794849411359,-0.09599310885968812,-16.964656246599446,-19.21875632512974,-41.1875
1772318565.9668465,90.13147459361227,-0.5188384222087263,-9.015250252358639,-0.17456331011370882,-1.368357754522887,9.590227110083816,-0.0011048827988488778,0.007633794849411359,-0.09599310885968812,-16.964656246599446,-19.21875632512974,-41.1875
1772318565.9852152,89.99839859567795,-0.5293607240720609,-9.024887426939404,-0.17888963077544884,-1.365678199818733,9.61022180946771,-0.01856818423141504,0.013055816406274347,-0.13308135546456762,-16.964656246599446,-19.21875632512974,-41.1875
1772318566.0044367,89.85505815398615,-0.5356978979335828,-9.02875245666398,-0.18158404659162788,-1.4642481673411314,9.570006271235155,0.015253535834868407,0.00984556814195973,-0.1189005552921137,-16.964656246599446,-19.21875632512974,-41.1875
1772318566.0233145,89.85505815398615,-0.5356978979335828,-9.02875245666398,-0.18158404659162788,-1.4642481673411314,9.570006271235155,0.015253535834868407,0.00984556814195973,-0.1189005552921137,-16.964656246599446,-19.21875632512974,-41.1875
1772318566.0492065,89.66307520514877,-0.5557787954704307,-9.013375526089193,-0.18337715021869821,-1.5298453796286033,9.529862832949108,-0.003326694565650328,0.029446358157601483,-0.1265363707695889,-14.214315807105752,-19.40119458012479,-42.0625
1772318566.0678546,89.45056915401514,-0.5673943330858385,-8.98723809198413,-0.16117932532910628,-1.5600760702779086,9.503147823201333,0.01635038785431482,0.0065750890321266435,-0.10253809355466686,-14.214315807105752,-19.40119458012479,-42.0625
1772318566.0951834,89.30797134380785,-0.5836157285173124,-8.991737341969165,-0.1464069208310343,-1.5801942572060794,9.639244421177093,-0.01309195491358543,0.001066736596687179,-0.09599310885968812,-14.214315807105752,-19.40119458012479,-42.0625
1772318566.1183953,89.14647777342884,-0.611338847256732,-9.00586292017084,-0.1364159753675696,-1.6805554429512732,9.729815186831347,-0.0021816578697891357,-4.0153897012314496e-06,-0.07635815477475191,-15.339543966512506,-19.2782653757912,-41.6875
1772318566.1488423,88.97728969848916,-0.6048104342403849,-9.00502450542281,-0.15987306714143523,-1.747400101633609,9.790089019632509,0.026165840573515318,0.007683987220676752,-0.11017390903214205,-15.339543966512506,-19.2782653757912,-41.6875
1772318566.1644564,88.8236046437295,-0.6067332507074192,-8.984081005842711,-0.1755696940702108,-1.7450529907017407,9.816820135229575,0.0032082405694640005,0.03491254900117802,-0.13199052468207118,-15.339543966512506,-19.2782653757912,-41.6875
1772318566.189838,88.8236046437295,-0.6067332507074192,-8.984081005842711,-0.1755696940702108,-1.7450529907017407,9.816820135229575,0.0032082405694640005,0.03491254900117802,-0.13199052468207118,-15.339543966512506,-19.2782653757912,-41.6875
1772318566.2147758,88.60542616370243,-0.6087822064040459,-8.968106775582717,-0.1427755150835354,-1.6096067352906775,9.834609394053297,0.020705672814490633,0.010946435551107376,-0.10253809355466686,-15.341154420693373,-18.403266857828264,-42.0625
1772318566.2282445,88.50527153203718,-0.597117482651973,-8.98823592203104,-0.12095135530288552,-1.519468765348426,9.812996830008247,-0.013112031862091587,0.011975025945632857,35.66034911059164,-15.341154420693373,-18.403266857828264,-42.0625
1772318566.2484472,88.41319312127982,-0.5600709879514792,-9.01295781093384,-0.14982780491423398,-1.5063944754844405,9.698260558844845,-0.02074783440635356,0.011960972081678546,-0.08835729338221293,-15.341154420693373,-18.403266857828264,-42.0625
1772318566.2621396,88.41319312127982,-0.5600709879514792,-9.01295781093384,-0.14982780491423398,-1.5063944754844405,9.698260558844845,-0.02074783440635356,0.011960972081678546,-0.08835729338221293,-15.341154420693373,-18.403266857828264,-42.0625
1772318566.2800193,88.20381233884794,-0.5467951488703624,-9.012154530881798,-0.17227904424739832,-1.557911747118469,9.62190485207373,-0.0011229520525044194,0.01745125526346247,-0.12544553998709243,-14.464315383666591,-19.401654709890753,-43.1875
1772318566.3013222,88.06488655239643,-0.547458188253758,-8.991755957503988,-0.18387498718532871,-1.5921897591634153,9.668099221678947,0.03159187752007954,0.022965630783453782,-0.11017390903214205,-14.464315383666591,-19.401654709890753,-43.1875
1772318566.3158152,87.96037909803981,-0.5453986114903575,-8.971958191998043,-0.17508191343316093,-1.4978918981065061,9.705531282040937,0.016340349380061743,0.01202923370659948,-0.09272061651219876,-14.464315383666591,-19.401654709890753,-43.1875
1772318566.3286984,87.96037909803981,-0.5453986114903575,-8.971958191998043,-0.17508191343316093,-1.4978918981065061,9.705531282040937,0.016340349380061743,0.01202923370659948,-0.09272061651219876,-14.464315383666591,-19.401654709890753,-43.1875
1772318566.349966,87.84648341401301,-0.5492893868095374,-8.966794985731699,-0.16923022107616306,-1.4351377249492614,9.737132123482969,-0.0043874080777856605,0.01308191643933235,-0.10362892433716332,-13.651586694960885,-19.525159076431795,-42.5
1772318566.3724344,87.69872097920356,-0.561276349229859,-8.985560600763081,-0.16531751495466362,-1.403410841847704,9.758162130458112,-0.007639817933963206,0.0021676040058348253,-0.09708393964218458,-13.651586694960885,-19.525159076431795,-42.5
1772318566.3933954,87.60997870323435,-0.5689366513736467,-9.01532548676288,-0.1424029035566591,-1.5127191507239695,9.76212203005754,-0.031664154534701706,0.01630421087275066,-0.08617563181722002,-13.651586694960885,-19.525159076431795,-42.5
1772318566.4106588,87.50075531854836,-0.5676151640127238,-9.014812973168905,-0.12706113451624823,-1.63563919985002,9.741341517054748,0.0021515424470299,0.01636644941311975,-0.10035643198967395,-14.650204611906354,-20.27699832517816,-42.5625
1772318566.4355247,11.429353310443878,-35.20160590027281,135.69585891915654,-0.1770632673458997,-1.717551940790112,9.72751231778493,0.017429170620105697,0.013122070336344665,-0.10253809355466686,-14.650204611906354,-20.27699832517816,-42.5625
1772318566.4582622,11.429353310443878,-35.20160590027281,135.69585891915654,-0.1770632673458997,-1.717551940790112,9.72751231778493,0.017429170620105697,0.013122070336344665,-0.10253809355466686,-14.650204611906354,-20.27699832517816,-42.5625
1772318566.4745734,87.1595445193153,-0.583808797885372,-8.983502953992282,-0.21059771134206737,-1.6315695011168758,9.718309140153144,-0.004383392688084429,0.010900258569543214,-0.08508480103472356,-12.963052567445166,-20.086392766837285,-41.75
1772318566.48955,87.1595445193153,-0.583808797885372,-8.983502953992282,-0.21059771134206737,-1.6315695011168758,9.718309140153144,-0.004383392688084429,0.010900258569543214,-0.08508480103472356,-12.963052567445166,-20.086392766837285,-41.75
1772318566.5059783,87.03153692338294,-0.5943784286682791,-9.00229473809643,-0.22956940317571817,-1.5743429912592541,9.708839416538101,-0.010922343212899989,0.007615725595755817,-0.08508480103472356,-12.963052567445166,-20.086392766837285,-41.75
1772318566.5204844,86.94839255880846,-0.6108548945061599,-9.001798046408178,-0.24205940384223246,-1.6098517211243206,9.685811862719438,0.00763781023911259,-0.0010767750709402577,-0.07526732399225546,-12.963052567445166,-20.086392766837285,-41.75
1772318566.535017,86.94839255880846,-0.6108548945061599,-9.001798046408178,-0.24205940384223246,-1.6098517211243206,9.685811862719438,0.00763781023911259,-0.0010767750709402577,-0.07526732399225546,-12.963052567445166,-20.086392766837285,-41.75
1772318566.553517,86.78970128011913,-0.6137441945103271,-9.011510881295628,-0.25028516537719614,-1.6803138687722183,9.657106836058471,0.006520881271160018,0.013101993387838509,-0.09490227807719166,-12.962822502562185,-20.211392555117705,-43.25
1772318566.5725083,86.65282750305374,-0.6392329468092544,-9.005076403568033,-0.2591044238324516,-1.7272117976599992,9.638003961471755,0.01635038785431482,0.0065750890321266435,-0.12435470920459599,-12.962822502562185,-20.211392555117705,-43.25
1772318566.5924785,86.54891618034948,-0.6429281816452387,-9.01956882548416,-0.19472631494505382,-1.7582925538713967,9.66543255231522,0.008714585310052848,0.006561035168172333,-0.0818123086872342,-12.962822502562185,-20.211392555117705,-43.25
1772318566.606792,86.54891618034948,-0.6429281816452387,-9.01956882548416,-0.19472631494505382,-1.7582925538713967,9.66543255231522,0.008714585310052848,0.006561035168172333,-0.0818123086872342,-12.962822502562185,-20.211392555117705,-43.25
1772318566.6226444,86.40576595704066,-0.6538997470860085,-9.00893464971524,-0.18871035279708392,-1.762318643888263,9.68368597312411,-0.004385400382935044,0.011991087504437782,-0.08399397025222712,-12.650207999419646,-20.273317287050464,-44.1875
1772318566.6386058,86.28714978205439,-0.6584281087020399,-9.013039003024717,-0.18475605112525464,-1.7382371134880015,9.695833420768356,0.018519999555000263,0.013124078031195282,-0.11235557059713497,-12.650207999419646,-20.273317287050464,-44.1875
1772318566.6628568,86.1183236729666,-0.6577464804141343,-9.037537226231676,-0.18207525360015206,-1.748971972347062,9.70391741147972,-0.0251071347562306,0.009771283432486948,-0.11017390903214205,-12.650207999419646,-20.273317287050464,-44.1875
1772318566.6924856,86.1183236729666,-0.6577464804141343,-9.037537226231676,-0.18207525360015206,-1.748971972347062,9.70391741147972,-0.0251071347562306,0.009771283432486948,-0.11017390903214205,-12.650207999419646,-20.273317287050464,-44.1875
1772318566.71692,85.89157411280532,-0.6800850123800397,-9.02139311531581,-0.18391952896110988,-1.602247179833751,9.70929721699404,0.01524349736061533,0.01529971281643257,-0.136353847812057,-11.712479522433524,-20.396591588708525,-42.5625
1772318566.75495,85.62409537808088,-0.6901034103790643,-8.9905868860188,-0.1846728044880842,-1.7621766346360617,9.712877417467453,0.029426281209095323,0.014234983914596006,-0.11671889372712078,-11.712479522433524,-20.396591588708525,-42.5625
1772318566.7694938,85.4465460935457,-0.7032100470278935,-8.969245306733612,-0.185623543093012,-1.6244151592473943,9.715260000889051,-0.004375361908681966,0.0065369428299649444,-0.08617563181722002,-10.962710857633988,-20.270211411130223,-43.25
1772318566.7833169,85.4465460935457,-0.7032100470278935,-8.969245306733612,-0.185623543093012,-1.6244151592473943,9.715260000889051,-0.004375361908681966,0.0065369428299649444,-0.08617563181722002,-10.962710857633988,-20.270211411130223,-43.25
1772318566.797455,85.26844832126598,-0.7124454309036318,-8.973471812818682,-0.20279092022380776,-1.6364655072690295,9.706810248418964,-0.0011169289679525724,0.014178768458778766,-0.10690141668465268,-10.962710857633988,-20.270211411130223,-43.25
1772318566.825236,85.04622884903092,-0.7303512120843736,-8.982333105423669,-0.18076455751704235,-1.64442331184754,9.674426138881486,-0.01748337838107232,0.016330310905808665,-0.13199052468207118,-10.962710857633988,-20.270211411130223,-43.25
1772318566.8383055,85.04622884903092,-0.7303512120843736,-8.982333105423669,-0.18076455751704235,-1.64442331184754,9.674426138881486,-0.01748337838107232,0.016330310905808665,-0.13199052468207118,-10.962710857633988,-20.270211411130223,-43.25
1772318566.8554714,84.90743415735922,-0.7308504988524396,-8.971553219322766,-0.16610625918628336,-1.6497191419000368,9.652874875738501,-0.0011289751370562667,0.020723742068146173,-0.11453723216212788,-10.962480792751009,-20.395211199410642,-43.25
1772318566.9077313,84.72279675289401,-0.719371059230897,-8.94662267862299,-0.1564375197772368,-1.6064119730604767,9.68201920305538,0.016324287821256816,0.020755865185756023,-0.0916297857297023,-10.962480792751009,-20.395211199410642,-43.25
1772318566.9384341,84.72279675289401,-0.719371059230897,-8.94662267862299,-0.1564375197772368,-1.6064119730604767,9.68201920305538,0.016324287821256816,0.020755865185756023,-0.0916297857297023,-10.962480792751009,-20.395211199410642,-43.25
1772318566.9710743,84.34613418712294,-0.6668924397966396,-8.993261386655607,-0.11329926637877659,-1.5273472211872625,9.701414427321296,-0.033863881658146376,0.02611765589710054,-0.10581058590215622,-11.462825043197155,-20.208631776521937,-44.25
1772318567.004401,83.99258365361639,-0.6545133511859367,-8.983153964643913,-0.11803614430124026,-1.4781371854869818,9.684215727045537,0.019628897743550373,0.0033086253119947867,-0.08726646259971647,-11.462825043197155,-20.208631776521937,-44.25
1772318567.0249944,83.80087650158536,-0.6841834708690462,-8.97665195777705,-0.12123158083732247,-1.4219727141499632,9.656044625597493,0.015257551224569638,0.0076639102721705946,-0.1265363707695889,-9.14998386268493,-20.391875258607417,-43.0625
1772318567.0571415,83.80087650158536,-0.6841834708690462,-8.97665195777705,-0.12123158083732247,-1.4219727141499632,9.656044625597493,0.015257551224569638,0.0076639102721705946,-0.1265363707695889,-9.14998386268493,-20.391875258607417,-43.0625
1772318567.1163983,83.58304512004307,-0.6919249938303808,-8.985561375339845,-0.12331501096364407,-1.4080116281640305,9.633951960568323,-0.005474221622978996,0.0108982508746926,-0.09599310885968812,-9.14998386268493,-20.391875258607417,-43.0625
1772318567.1493945,83.09695952214815,-0.7050559408790092,-8.979211309831216,-0.1011256928601038,-1.4856503412822342,9.619249538782649,0.007601671731801507,0.018558145757161963,-0.11780972450961724,-8.960988758524925,-21.20402878510567,-44.6875
1772318567.1709588,83.09695952214815,-0.7050559408790092,-8.979211309831216,-0.1011256928601038,-1.4856503412822342,9.619249538782649,0.007601671731801507,0.018558145757161963,-0.11780972450961724,-8.960988758524925,-21.20402878510567,-44.6875
1772318567.208876,82.70247957548747,-0.6818904594143569,-8.985162913071328,-0.08635894953312216,-1.5373180375811464,9.69309303400408,0.014148653036019532,0.017479362991371088,-0.10362892433716332,-8.960988758524925,-21.20402878510567,-44.6875
1772318567.2351341,82.70247957548747,-0.6818904594143569,-8.985162913071328,-0.08635894953312216,-1.5373180375811464,9.69309303400408,0.014148653036019532,0.017479362991371088,-0.10362892433716332,-8.960988758524925,-21.20402878510567,-44.6875
1772318567.2735887,82.26099087524132,-0.6346745043837203,-8.948566408537381,-0.069909358881867,-1.5348938323616952,9.742235055188052,0.020685595865984473,0.021854724900053055,-0.10362892433716332,-9.33805870731301,-20.07972088523084,-44.25
1772318567.3171701,81.93355002926215,-0.641189653142427,-8.957719218185526,-0.08572318838953794,-1.533329804803241,9.661204723284781,-0.01858424579021997,0.021782447885430888,-0.13962634015954636,-9.33805870731301,-20.07972088523084,-44.25
1772318567.407843,81.29555931215009,-0.6295261577809693,-8.929250525265646,-0.11658379201247707,-1.5573218924585865,9.611534943873533,-0.008762769986467626,0.019618859269297295,-0.11235557059713497,-6.712833088541227,-20.199889310968665,-44.0
1772318567.4481664,81.29555931215009,-0.6295261577809693,-8.929250525265646,-0.11658379201247707,-1.5573218924585865,9.611534943873533,-0.008762769986467626,0.019618859269297295,-0.11235557059713497,-6.712833088541227,-20.199889310968665,-44.0
1772318567.4843695,80.93398406808195,-0.6500112883010242,-8.892925184839555,-0.1801629715249752,-1.6453804815592792,9.61436659970871,0.019620866964147908,0.007671941051573058,-0.11562806294462433,-6.649067837544622,-20.88727311406948,-44.375
1772318567.5418189,80.6635949752819,-0.629023781900692,-8.864977340449842,-0.22247420526457157,-1.7039824889268964,9.61625103503535,-0.002245904105008839,0.03490251052692494,-0.11671889372712078,-6.649067837544622,-20.88727311406948,-44.375
1772318567.5689948,80.6635949752819,-0.629023781900692,-8.864977340449842,-0.22247420526457157,-1.7039824889268964,9.61625103503535,-0.002245904105008839,0.03490251052692494,-0.11671889372712078,-6.649067837544622,-20.88727311406948,-44.375
1772318567.6070974,80.12224558002666,-0.6430465571312729,-8.884030632105715,-0.179257679046319,-1.6573438896670156,9.674052137521567,-0.0010968520194464151,0.0032704791098330877,-0.08835729338221293,-6.461913252448465,-20.699428334324377,-43.875
1772318567.6913178,80.12224558002666,-0.6430465571312729,-8.884030632105715,-0.179257679046319,-1.6573438896670156,9.674052137521567,-0.0010968520194464151,0.0032704791098330877,-0.08835729338221293,-6.461913252448465,-20.699428334324377,-43.875
1772318567.7348485,79.7392869935322,-0.6494383416647996,-8.898846541522245,-0.14837176144751343,-1.6616319644387607,9.659316205425984,-0.003290556058339245,0.009811437329499262,-0.08617563181722002,-6.2106483190312325,-21.386467040100722,-44.6875
1772318567.749939,79.5824856256108,-0.6185514784552281,-8.916812539227355,-0.1278175283038145,-1.664485630298423,9.64950960722752,-0.012007149063242708,0.004341231096221498,-0.08072147790473774,-6.2106483190312325,-21.386467040100722,-44.6875
1772318567.7689228,79.5824856256108,-0.6185514784552281,-8.916812539227355,-0.1278175283038145,-1.664485630298423,9.64950960722752,-0.012007149063242708,0.004341231096221498,-0.08072147790473774,-6.2106483190312325,-21.386467040100722,-44.6875
1772318567.8125203,79.23455712572076,-0.5676175645975097,-8.932390711738426,-0.1555201620666225,-1.5006037801901,9.65648486052127,0.007603679426652123,0.017467316822267393,-0.08072147790473774,-5.463640432827469,-19.760089403157387,-44.375
1772318567.8294241,79.23455712572076,-0.5676175645975097,-8.932390711738426,-0.1555201620666225,-1.5006037801901,9.65648486052127,0.007603679426652123,0.017467316822267393,-0.08072147790473774,-5.463640432827469,-19.760089403157387,-44.375
1772318567.8592978,78.98796697715541,-0.5983032065393976,-8.895052498007198,-0.18286212103930174,-1.497203614864385,9.721217836382653,0.02947045049580887,-0.009763252653084486,-0.09599310885968812,-5.337720385015126,-20.259858491396084,-44.0
1772318567.8791819,78.90144510994658,-0.642595878493782,-8.871210282296131,-0.2009840084035092,-1.5350821153206273,9.764296908703685,0.010962497109912303,-0.029432304293647172,-0.08290313946973066,-5.337720385015126,-20.259858491396084,-44.0
1772318567.8940594,78.90144510994658,-0.642595878493782,-8.871210282296131,-0.2009840084035092,-1.5350821153206273,9.764296908703685,0.010962497109912303,-0.029432304293647172,-0.08290313946973066,-5.337720385015126,-20.259858491396084,-44.0
1772318567.9260237,78.66338709212077,-0.6546190986482865,-8.855340249299658,-0.2097726968705453,-1.5201424050036436,9.705992645718258,0.02070768050934125,0.00985560661621281,-0.0916297857297023,-3.15022409010779,-20.25583235594392,-44.0
1772318567.9571748,78.38668442714682,-0.6178263407947492,-8.8693651221126,-0.2020009337703654,-1.6406347033267714,9.667191810002748,-0.005502329350887616,0.02616985596321655,-0.13199052468207118,-3.15022409010779,-20.25583235594392,-44.0
1772318567.9733522,78.38668442714682,-0.6178263407947492,-8.8693651221126,-0.2020009337703654,-1.6406347033267714,9.667191810002748,-0.005502329350887616,0.02616985596321655,-0.13199052468207118,-3.15022409010779,-20.25583235594392,-44.0
1772318568.0082169,78.1884603413117,-0.5750509221262673,-8.884600490186111,-0.19375470284415655,-1.5736301593051554,9.644715398975132,-0.0044536620078559795,0.049079271290853085,-0.11235557059713497,-4.149762266585181,-20.507672451568602,-45.1875
1772318568.0363512,77.9017851757451,-0.4800004954995598,-8.905551271855522,-0.1881499501837074,-1.5925963985373393,9.659863603880089,-0.006599181370334032,0.029440335073049634,-0.11999138607461016,-4.149762266585181,-20.507672451568602,-45.1875
1772318568.0656824,77.68638286481719,-0.47158707520394444,-8.90253654709577,-0.16434941364828287,-1.6051812784283754,9.673289676735122,0.00870053144609854,0.014196837712434308,-0.08835729338221293,-4.150912591000086,-19.88267351016651,-44.6875
1772318568.0868506,77.53106207512315,-0.4617738146814273,-8.884294568917912,-0.1819614828685134,-1.6136179428322204,9.732401253850876,-0.008754739207065163,0.015255543529719024,-0.08726646259971647,-4.150912591000086,-19.88267351016651,-44.6875
1772318568.0998344,77.53106207512315,-0.4617738146814273,-8.884294568917912,-0.1819614828685134,-1.6136179428322204,9.732401253850876,-0.008754739207065163,0.015255543529719024,-0.08726646259971647,-4.150912591000086,-19.88267351016651,-44.6875
1772318568.1199977,77.43214994465025,-0.4727408144036908,-8.86856571927675,-0.16019411732852262,-1.6392415175796675,9.721562672492038,0.023994221177979256,0.0022258271565026816,-0.09272061651219876,-4.150912591000086,-19.88267351016651,-44.6875
1772318568.1336944,77.43214994465025,-0.4727408144036908,-8.86856571927675,-0.16019411732852262,-1.6392415175796675,9.721562672492038,0.023994221177979256,0.0022258271565026816,-0.09272061651219876,-4.150912591000086,-19.88267351016651,-44.6875
1772318568.148464,77.43214994465025,-0.4727408144036908,-8.86856571927675,-0.17925159026222645,-1.6061786971359762,9.704314382550658,-0.009863637395615271,0.02507099624891952,-0.11344640137963143,-4.713181573378992,-20.00870859042034,-44.0
1772318568.1749804,77.04240266802312,-0.4065096830916048,-8.853190045099028,-0.16512402334662707,-1.6108873538637734,9.692835838270694,0.019608820795044214,0.014216914660940464,-0.11235557059713497,-4.713181573378992,-20.00870859042034,-44.0
1772318568.2017686,76.85858623608257,-0.4097171769762893,-8.843388250452616,-0.155845420216919,-1.5471187914866962,9.691887218690757,0.0010587058172847163,0.017455270653163702,-0.11780972450961724,-4.713181573378992,-20.00870859042034,-44.0
1772318568.2225966,76.85858623608257,-0.4097171769762893,-8.843388250452616,-0.155845420216919,-1.5471187914866962,9.691887218690757,0.0010587058172847163,0.017455270653163702,-0.11780972450961724,-4.713181573378992,-20.00870859042034,-44.0
1772318568.2576275,76.72820770932773,-0.4099625448935038,-8.844430843567665,-0.14961520280607446,-1.5347874799398957,9.71801681661564,-0.004383392688084429,0.010900258569543214,-0.07090400086226964,-2.3377254662850655,-20.25433693420454,-44.0
1772318568.280279,76.54024922156026,-0.43000001799846305,-8.847875693280715,-0.14886342269170433,-1.4998264382650301,9.708644878489359,0.0010807904606414892,0.005456152369323454,-0.06763150851478027,-2.3377254662850655,-20.25433693420454,-44.0
1772318568.2982278,76.3711615169961,-0.3820423411040385,-8.879772186771314,-0.16169429165463783,-1.5033457308704177,9.702407958357728,0.006526904355711865,0.009829506583154804,-0.10253809355466686,-2.3377254662850655,-20.25433693420454,-44.0
1772318568.3126006,76.3711615169961,-0.3820423411040385,-8.879772186771314,-0.16169429165463783,-1.5033457308704177,9.702407958357728,0.006526904355711865,0.009829506583154804,-0.10253809355466686,-2.3377254662850655,-20.25433693420454,-44.0
1772318568.3322177,76.24366138960212,-0.34822149988519235,-8.88958216984486,-0.22368090738108326,-1.545927561154287,9.698257357681092,0.007619740985457049,0.008740685343110852,-0.09926560120717749,-3.026834756008237,-19.380603773098002,-45.25
1772318568.3476357,76.13542080533858,-0.3652651307363513,-8.878001306881131,-0.2649323077111646,-1.5742652935379908,9.715565849539953,0.021812563308190123,0.00222181176680145,-0.09381144729469522,-3.026834756008237,-19.380603773098002,-45.25
1772318568.3610756,76.13542080533858,-0.3652651307363513,-8.878001306881131,-0.2649323077111646,-1.5742652935379908,9.715565849539953,0.021812563308190123,0.00222181176680145,-0.09381144729469522,-3.026834756008237,-19.380603773098002,-45.25
1772318568.3761034,75.96618076723233,-0.37286642770959877,-8.873093208459913,-0.27565912361492767,-1.5930929541767935,9.73711979264546,0.006516865881458787,0.015283651257627644,-0.09817477042468103,-3.026834756008237,-19.380603773098002,-45.25
1772318568.3956888,75.96618076723233,-0.37286642770959877,-8.873093208459913,-0.27565912361492767,-1.5930929541767935,9.73711979264546,0.006516865881458787,0.015283651257627644,-0.09817477042468103,-3.026834756008237,-19.380603773098002,-45.25
1772318568.4176657,75.78089663282809,-0.3718641117992151,-8.869575367420726,-0.20938391237335716,-1.5084790284881584,9.741428365886897,-0.0011008674091476465,0.005452136979622223,-0.07635815477475191,-1.8372661833974266,-20.503416251233457,-44.75
1772318568.4304986,75.78089663282809,-0.3718641117992151,-8.869575367420726,-0.20938391237335716,-1.5084790284881584,9.741428365886897,-0.0011008674091476465,0.005452136979622223,-0.07635815477475191,-1.8372661833974266,-20.503416251233457,-44.75
1772318568.4495406,75.61817079372514,-0.33706861911117186,-8.850159776789345,-0.2386368763570385,-1.57941888404049,9.767711455200393,-0.0044014619417399705,0.020717718983594327,-0.1090830782496456,-1.8372661833974266,-20.503416251233457,-44.75
1772318568.4644134,75.48623837822579,-0.3177666586700098,-8.853787641404782,-0.18469676645388763,-1.5261399358939338,9.785202557537179,0.007619740985457049,0.008740685343110852,-0.11126473981463851,-1.8372661833974266,-20.503416251233457,-44.75
1772318568.4781036,75.48623837822579,-0.3177666586700098,-8.853787641404782,-0.18469676645388763,-1.5261399358939338,9.785202557537179,0.007619740985457049,0.008740685343110852,-0.11126473981463851,-1.8372661833974266,-20.503416251233457,-44.75
1772318568.501206,75.32220683664765,-0.3206091516227022,-8.854116542820423,-0.1488002258638492,-1.4906833910672488,9.796842690753895,-0.003290556058339245,0.009811437329499262,-0.09490227807719166,-0.2134192601668818,-19.87542646635261,-45.5625
1772318568.5241137,75.22632778156098,-0.3139257311924641,-8.86084943861564,-0.12491147909181105,-1.4670874565606475,9.744377058649063,-0.012019195232346402,0.010886204705588905,-0.08944812416470939,-0.2134192601668818,-19.87542646635261,-45.5625
1772318568.549629,75.08353740691835,-0.2813804893350239,-8.87126447098719,-0.1323371761323853,-1.5016043135461525,9.709461766562809,0.0076257640700088955,0.005468198538427149,-0.07853981633974483,-0.2134192601668818,-19.87542646635261,-45.5625
1772318568.5650842,75.08353740691835,-0.2813804893350239,-8.87126447098719,-0.1323371761323853,-1.5016043135461525,9.709461766562809,0.0076257640700088955,0.005468198538427149,-0.07853981633974483,-0.2134192601668818,-19.87542646635261,-45.5625
1772318568.6079216,74.67239967362545,-0.20779424317545242,-8.904374064068307,-0.1650447367269771,-1.5454778689273976,9.68859562216963,0.022893353768831615,0.007677964136124905,-0.09272061651219876,-0.21249900063495838,-20.37542561947429,-44.5
1772318568.6345572,74.67239967362545,-0.20779424317545242,-8.904374064068307,-0.15912544841500967,-1.510285878758257,9.679030067119859,-0.004399454246889354,0.019626890048699757,-0.07963064712224129,-0.21249900063495838,-20.37542561947429,-44.5
1772318568.6502013,74.67239967362545,-0.20779424317545242,-8.904374064068307,-0.15912544841500967,-1.510285878758257,9.679030067119859,-0.004399454246889354,0.019626890048699757,-0.07963064712224129,-0.21249900063495838,-20.37542561947429,-44.5
1772318568.66408,74.45116755271643,-0.19553344070375034,-8.907983319865021,-0.15518622816617836,-1.4868660024209825,9.679354520503127,-0.004375361908681966,0.0065369428299649444,-0.07744898555724837,-1.3380722573661832,-20.06499673272007,-44.875
1772318568.6793826,74.37022989129372,-0.18369969584511034,-8.885368538724485,-0.17259841689243166,-1.4913879130359804,9.659499770361393,0.010896243179841983,0.006565050557873564,-0.08399397025222712,-1.3380722573661832,-20.06499673272007,-44.875
1772318568.6958997,74.29017148456586,-0.18295742621282252,-8.871182646548366,-0.18418603398286046,-1.49439719403721,9.70315355495859,-0.005470206233277764,0.008716593004903463,-0.07526732399225546,-1.3380722573661832,-20.06499673272007,-44.875
1772318568.716553,74.29017148456586,-0.18295742621282252,-8.871182646548366,-0.18418603398286046,-1.49439719403721,9.70315355495859,-0.005470206233277764,0.008716593004903463,-0.07526732399225546,-1.3380722573661832,-20.06499673272007,-44.875
1772318568.7350748,74.20979650917921,-0.1779930090709342,-8.862562532159522,-0.1350306610086352,-1.4962951723159006,9.67533776193887,0.004339223401370882,0.013097977998137278,-0.06435901616729091,-0.027184934602647787,-19.187582533485834,-44.75
1772318568.7494774,74.13791928426154,-0.15546742443136302,-8.87633966624483,-0.10229983917017908,-1.5075935737831052,9.556473311187432,-0.006550996693919254,0.003260440635580009,-0.06872233929727672,-0.027184934602647787,-19.187582533485834,-44.75
1772318568.7682552,74.05110312322003,-0.13979141336988735,-8.8596741946897,-0.1373846455696647,-1.5152171983598721,9.477370347015267,-4.0153897012314496e-06,0.0021816578697891357,-0.08072147790473774,-0.027184934602647787,-19.187582533485834,-44.75
1772318568.79578,73.916336453391,-0.139007536005419,-8.850817345177548,-0.16068393837061087,-1.5470514836863576,9.501665777265044,0.0021595732264323626,0.012003133673541477,-0.08072147790473774,-0.6512636164728203,-19.688732011022413,-43.6875
1772318568.8188186,73.78682831612706,-0.15183029290587194,-8.835420162112134,-0.16297516532386602,-1.4778943548705104,9.604807019088836,0.016340349380061743,0.01202923370659948,-0.08399397025222712,-0.6512636164728203,-19.688732011022413,-43.6875
1772318568.8474805,73.716656628237,-0.15163462136651895,-8.83114331167018,-0.15764350715311035,-1.522176607816459,9.673446363359407,0.00651084279690694,0.018556138062311347,-0.06326818538479445,-0.6512636164728203,-19.688732011022413,-43.6875
1772318568.8653717,73.716656628237,-0.15163462136651895,-8.83114331167018,-0.15764350715311035,-1.522176607816459,9.673446363359407,0.00651084279690694,0.018556138062311347,-0.06326818538479445,-0.6512636164728203,-19.688732011022413,-43.6875
1772318568.8910275,73.61633090996337,-0.14251480408613906,-8.818153715254201,-0.14753442769519662,-1.4813864121312765,9.668948404609965,-0.004365323434428887,0.001082798155492105,-0.05672320068981571,-0.5275291850487958,-19.00100311059713,-44.875
1772318568.906039,73.53037654613853,-0.13789861710628454,-8.809906284963276,-0.1406714999206754,-1.5278333254724414,9.612433275990593,0.021798509444235815,0.009857614311063424,-0.05235987755982989,-0.5275291850487958,-19.00100311059713,-44.875
1772318568.9184692,73.47039938338013,-0.14252031001736293,-8.809926435166416,-0.1595569808924655,-1.5387156883989594,9.628344876526864,0.015263574309121486,0.004391423467486891,-0.04908738521234052,-0.5275291850487958,-19.00100311059713,-44.875
1772318568.9308596,73.47039938338013,-0.14252031001736293,-8.809926435166416,-0.1595569808924655,-1.5387156883989594,9.628344876526864,0.015263574309121486,0.004391423467486891,-0.04908738521234052,-0.5275291850487958,-19.00100311059713,-44.875
1772318568.9454033,73.39594166735803,-0.14117871495728418,-8.79546245360215,-0.19876277100929957,-1.612909154127826,9.585412081622417,0.017429170620105697,0.013122070336344665,-0.0719948316447661,-0.526263828192401,-19.688501946139432,-44.5
1772318568.9608233,73.31986166370467,-0.13722030577120842,-8.79710343271073,-0.2249769212120412,-1.5953819559447855,9.583601679862806,0.004347254180773346,0.008734662258559005,-0.06435901616729091,-0.526263828192401,-19.688501946139432,-44.5
1772318568.9900665,73.31986166370467,-0.13722030577120842,-8.79710343271073,-0.2249769212120412,-1.5953819559447855,9.583601679862806,0.004347254180773346,0.008734662258559005,-0.06435901616729091,-0.526263828192401,-19.688501946139432,-44.5
1772318569.0186386,73.10345958613563,-0.11438549094458549,-8.767274093725801,-0.22909713185147618,-1.5535872200045049,9.582396877715297,0.003248394466476315,0.013095970303286662,-0.0818123086872342,0.09689459414584796,-18.687353315481175,-43.5625
1772318569.044515,72.99712472016846,-0.09996585637830248,-8.750537659857864,-0.22189611900972928,-1.4755782292657227,9.628426659247124,0.005456152369323454,-0.0010807904606414892,-0.04799655442984406,0.09689459414584796,-18.687353315481175,-43.5625
1772318569.0666244,72.92040843708686,-0.0877031735784226,-8.763443137891063,-0.2003783951965599,-1.4236333336372473,9.659058964670203,-0.010934389382003681,0.014160699205123225,-0.06872233929727672,0.09689459414584796,-18.687353315481175,-43.5625
1772318569.090736,72.92040843708686,-0.0877031735784226,-8.763443137891063,-0.2003783951965599,-1.4236333336372473,9.659058964670203,-0.010934389382003681,0.014160699205123225,-0.06872233929727672,0.09689459414584796,-18.687353315481175,-43.5625
1772318569.1078951,72.81388108171139,-0.0706007453188839,-8.762120738373165,-0.1859970229489401,-1.4225156462741437,9.672754198329352,-0.005462175453875302,0.004353277265325192,-0.05672320068981571,1.784966898138959,-18.996746910261983,-44.75
1772318569.1396983,72.62099704293227,-0.04351788976877818,-8.783427142596578,-0.1922269770638286,-1.4903279310994613,9.663446025967847,-0.0021937040388928302,0.006540958219666175,-0.06763150851478027,1.784966898138959,-18.996746910261983,-44.75
1772318569.1730785,72.4990192389042,-0.02651233227508025,-8.807506507074244,-0.20041518203888284,-1.5907060198450103,9.638877509835734,-0.0021977194285940616,0.00872261608945531,-0.06981317007977318,0.7238490870532812,-19.748701191449836,-44.75
1772318569.2007344,72.4990192389042,-0.02651233227508025,-8.807506507074244,-0.20041518203888284,-1.5907060198450103,9.638877509835734,-0.0021977194285940616,0.00872261608945531,-0.06981317007977318,0.7238490870532812,-19.748701191449836,-44.75
1772318569.2174847,72.3783004244592,-0.02600744936391063,-8.809094691048903,-0.20607982694691918,-1.5404278051554545,9.642598107042037,-1.0038474253078624e-05,0.005454144674472839,-0.055632369907319255,0.7238490870532812,-19.748701191449836,-44.75
1772318569.236167,72.3783004244592,-0.02600744936391063,-8.809094691048903,-0.20607982694691918,-1.5404278051554545,9.642598107042037,-1.0038474253078624e-05,0.005454144674472839,-0.055632369907319255,0.7238490870532812,-19.748701191449836,-44.75
1772318569.254021,72.20543934411437,-0.004753470859832564,-8.844660557317411,-0.21978639510964193,-1.560508381813845,9.621658340969802,0.007615725595755817,0.010922343212899987,-0.09599310885968812,0.2850844712154193,-19.062007582997964,-44.0625
1772318569.2683342,72.14545441212965,-0.009392619318197355,-8.844697122646126,-0.2021471147774216,-1.5738225273303206,9.62444871909784,-0.010912304738646909,0.0021615809212829785,-0.04799655442984406,0.2850844712154193,-19.062007582997964,-44.0625
1772318569.2866201,72.14545441212965,-0.009392619318197355,-8.844697122646126,-0.2021471147774216,-1.5738225273303206,9.62444871909784,-0.010912304738646909,0.0021615809212829785,-0.04799655442984406,0.2850844712154193,-19.062007582997964,-44.0625
1772318569.3045423,72.02448916172663,-0.00583252382103626,-8.826826077206988,-0.21047900700908626,-1.5827198828939928,9.626305684571484,0.00870053144609854,0.014196837712434308,-0.07417649320975901,0.2850844712154193,-19.062007582997964,-44.0625
1772318569.3234487,71.93528578081329,-0.012716880445484018,-8.826491462386242,-0.2159991612484524,-1.6020213977976996,9.687753485082279,-0.00217965017493852,-0.0010948443245957992,-0.050178215994836975,0.7247693465852046,-20.24870034457151,-46.0625
1772318569.3365812,71.93528578081329,-0.012716880445484018,-8.826491462386242,-0.2159991612484524,-1.6020213977976996,9.687753485082279,-0.00217965017493852,-0.0010948443245957992,-0.050178215994836975,0.7247693465852046,-20.24870034457151,-46.0625
1772318569.356086,71.83145260063581,-0.03052474525063503,-8.824772088086082,-0.2196727622305873,-1.6148663403540673,9.728646309905306,0.004343238791072114,0.01091632012834814,-0.09817477042468103,0.7247693465852046,-20.24870034457151,-46.0625
1772318569.38757,71.72058988456035,-0.030871649906078574,-8.836218301336718,-0.2221051891636502,-1.6301047182209485,9.745824692900287,0.004361308044727656,0.0010988597142970306,-0.06326818538479445,0.7247693465852046,-20.24870034457151,-46.0625
1772318569.4094732,71.58208727822438,-0.05386349206700739,-8.818987880452548,-0.22039114955783617,-1.633549319642627,9.73049582122978,0.00544410620021976,0.005464183148725917,-0.08508480103472356,1.0332426818340874,-18.060628887456723,-44.0625
1772318569.4318333,71.42982199485253,-0.046029333063183756,-8.822517013540626,-0.18913220748988013,-1.642476464816251,9.720294628367775,0.004357292655026424,0.0032805175840861663,-0.05672320068981571,1.0332426818340874,-18.060628887456723,-44.0625
1772318569.4529972,71.42982199485253,-0.046029333063183756,-8.822517013540626,-0.18913220748988013,-1.642476464816251,9.720294628367775,0.004357292655026424,0.0032805175840861663,-0.05672320068981571,1.0332426818340874,-18.060628887456723,-44.0625
1772318569.4775624,71.32480445901842,-0.04842649558873587,-8.818236991557205,-0.19516445996344767,-1.6083253616433262,9.71685096018022,0.003260440635580009,0.006550996693919254,-0.09381144729469522,1.5332418349557642,-18.0597086279248,-44.0
1772318569.495926,71.20332905036896,-0.038221046397026434,-8.821426247593928,-0.1857984324338747,-1.5855735570070915,9.714559237469697,0.009807421939798031,0.005472213928128381,-0.07417649320975901,1.5332418349557642,-18.0597086279248,-44.0
1772318569.5203078,71.20332905036896,-0.038221046397026434,-8.821426247593928,-0.1857984324338747,-1.5855735570070915,9.714559237469697,0.009807421939798031,0.005472213928128381,-0.07417649320975901,1.5332418349557642,-18.0597086279248,-44.0
1772318569.5533247,71.00259640739442,-0.03655930007578382,-8.808952302287022,-0.18295364897291713,-1.5470228996272564,9.716379233313383,0.003262448330430625,0.005460167759024686,-0.05999569303730508,1.5944763722395792,-17.372094759941003,-44.875
1772318569.5667765,70.92663348140456,-0.035041245896885634,-8.795337491701918,-0.17773999828392117,-1.5079812868721112,9.71759042021667,0.008726631479156543,1.6061558804925798e-05,-0.07308566242726255,1.5944763722395792,-17.372094759941003,-44.875
1772318569.5855515,70.84019668938154,-0.024527773298654014,-8.783244419307456,-0.177664731967147,-1.4552448381167071,9.718396451570964,0.004355284960175809,0.004371346518980734,-0.07744898555724837,1.5944763722395792,-17.372094759941003,-44.875
1772318569.6071694,70.84019668938154,-0.024527773298654014,-8.783244419307456,-0.177664731967147,-1.4552448381167071,9.718396451570964,0.004355284960175809,0.004371346518980734,-0.07744898555724837,1.5944763722395792,-17.372094759941003,-44.875
1772318569.6333888,70.72021616497118,-0.033741983631077124,-8.783181701603558,-0.16753007101462686,-1.4468916986812275,9.7557290852138,0.0032744944995343195,-0.0010848058503427206,-0.05999569303730508,1.2825520637459833,-17.685169392849506,-44.75
1772318569.6501195,70.65019813238352,-0.035067797115805426,-8.788705147741666,-0.1807576957415024,-1.4948914148130328,9.737087083675112,-0.007635802544261975,-1.4053863954310075e-05,-0.04145156973486533,1.2825520637459833,-17.685169392849506,-44.75
1772318569.6719549,70.60430926064969,-0.021407930545921695,-8.776413020289107,-0.20628606244255904,-1.526865473416127,9.768167492091068,0.004355284960175809,0.004371346518980734,-0.03490658503988659,1.2825520637459833,-17.685169392849506,-44.75
1772318569.7066026,70.51813358386,-0.014201323238828886,-8.783796831013095,-0.22326874856970297,-1.551488958284363,9.725294034261909,0.004361308044727656,0.0010988597142970306,-0.04254240051736178,1.5332418349557642,-18.0597086279248,-44.0
1772318569.7301075,70.51813358386,-0.014201323238828886,-8.783796831013095,-0.22326874856970297,-1.551488958284363,9.725294034261909,0.004361308044727656,0.0010988597142970306,-0.04254240051736178,1.5332418349557642,-18.0597086279248,-44.0
1772318569.755957,70.43195735281031,-0.007005860769047675,-8.791191440380086,-0.20116257325621711,-1.5443983026925454,9.73355845578502,-0.00656705825272418,0.011987072114736552,-0.055632369907319255,1.5332418349557642,-18.0597086279248,-44.0
1772318569.7777674,70.3808105399894,0.0005353180923587647,-8.783258803407183,-0.18645116052725086,-1.5396795506040037,9.739058335989014,-0.0021937040388928302,0.006540958219666175,-0.04036073895236887,1.9081261673555312,-17.99651853913565,-43.5
1772318569.8087642,70.30051681178865,0.005847190214030834,-8.774944304784219,-0.1800367694442262,-1.519819900335291,9.749408668241724,-0.005454144674472839,-1.0038474253078624e-05,-0.04036073895236887,1.9081261673555312,-17.99651853913565,-43.5
1772318569.8299038,70.23438557173642,0.006514815759409634,-8.771210699268902,-0.1757680638319166,-1.506603524928292,9.756296698735115,-0.004353277265325192,-0.005462175453875302,-0.04145156973486533,1.9081261673555312,-17.99651853913565,-43.5
1772318569.8435001,70.23438557173642,0.006514815759409634,-8.771210699268902,-0.16611394101110188,-1.5646979820780693,9.750845270962166,-0.007655879492768132,0.010894235484991367,-0.031634092692397225,3.033239294320794,-18.05694784932903,-44.0
1772318569.8562217,70.23438557173642,0.006514815759409634,-8.771210699268902,-0.16611394101110188,-1.5646979820780693,9.750845270962166,-0.007655879492768132,0.010894235484991367,-0.031634092692397225,3.033239294320794,-18.05694784932903,-44.0
1772318569.8730974,70.14790006849847,0.017703396156319558,-8.784349861062442,-0.14965391199292527,-1.6033407241280337,9.743872294968387,-0.0032744944995343195,0.0010848058503427206,-0.05126904677733343,3.033239294320794,-18.05694784932903,-44.0
1772318569.900909,70.0555197516064,0.030713722480747843,-8.813240459740111,-0.13869378981003253,-1.6324021433360867,9.732541633923134,-0.009843560447109113,0.01416270689997384,-0.05126904677733343,3.033239294320794,-18.05694784932903,-44.0
1772318569.9143136,70.0555197516064,0.030713722480747843,-8.813240459740111,-0.13869378981003253,-1.6324021433360867,9.732541633923134,-0.009843560447109113,0.01416270689997384,-0.05126904677733343,3.033239294320794,-18.05694784932903,-44.0
1772318569.9376826,69.96081786960849,0.021680422549189154,-8.822835431720772,-0.13138763744616833,-1.6584324052647506,9.678169641666825,-0.0010888212400439522,-0.0010928366297451835,-0.05999569303730508,1.9082411997970217,-18.059018433275856,-44.0
1772318569.956558,69.85832927720936,0.03906149810603142,-8.822494885837513,-0.12648853421187814,-1.6958258900502834,9.6419856881952,-0.0033005945325923236,0.015265582003972102,-0.04690572364734761,1.9082411997970217,-18.059018433275856,-44.0
1772318569.9729886,69.74674921531967,0.04773065343891549,-8.810605659746038,-0.1868221909760048,-1.7007571783088677,9.66808234697087,0.014174753069077535,0.003298586837741708,-0.0916297857297023,1.9082411997970217,-18.059018433275856,-44.0
1772318569.9911828,69.74674921531967,0.04773065343891549,-8.810605659746038,-0.1868221909760048,-1.7007571783088677,9.66808234697087,0.014174753069077535,0.003298586837741708,-0.0916297857297023,1.9082411997970217,-18.059018433275856,-44.0
1772318570.0113182,69.68278647521288,0.042800588416298954,-8.810130700941418,-0.22710285716065295,-1.6337916686870582,9.72559072235513,-0.0011088981885501094,0.009815452719200495,-0.05345070834232634,1.78255121686766,-17.684249133317582,-44.6875
1772318570.0298107,69.52428768295285,0.055881439556155245,-8.810255241598973,-0.21043512548606352,-1.5824566203601884,9.763861903762711,-0.007659894882469364,0.013075893354780503,-0.07526732399225546,1.78255121686766,-17.684249133317582,-44.6875
1772318570.0505238,69.52428768295285,0.055881439556155245,-8.810255241598973,-0.21043512548606352,-1.5824566203601884,9.763861903762711,-0.007659894882469364,0.013075893354780503,-0.07526732399225546,1.78255121686766,-17.684249133317582,-44.6875
1772318570.0787454,69.47003966197721,0.051700192326599864,-8.80990702876333,-0.16587956234850884,-1.5549223638130687,9.769260277228431,0.0032704791098330877,0.001096852019446415,-0.04690572364734761,1.78255121686766,-17.684249133317582,-44.6875
1772318570.108456,69.2910687217306,0.07694388267858206,-8.817327364916602,-0.13635146763607872,-1.4696965028284756,9.742746829100211,-0.0011229520525044194,0.01745125526346247,-0.06981317007977318,3.029788321076081,-16.181951025122743,-44.375
1772318570.1228907,69.17869167935764,0.09574472492604146,-8.832450052756506,-0.11655924539242274,-1.4899170833333026,9.708376867008905,0.005436075420817297,0.00982749888830419,-0.09926560120717749,3.029788321076081,-16.181951025122743,-44.375
1772318570.1377227,69.17869167935764,0.09574472492604146,-8.832450052756506,-0.11655924539242274,-1.4899170833333026,9.708376867008905,0.005436075420817297,0.00982749888830419,-0.09926560120717749,3.029788321076081,-16.181951025122743,-44.375
1772318570.1598463,69.07694021499876,0.10342376382023019,-8.830494186289746,-0.13020400159180456,-1.473316953341897,9.685504041174774,-0.007661902577319979,0.014166722289675072,-0.08508480103472356,3.029788321076081,-16.181951025122743,-44.375
1772318570.1787138,68.96017988845504,0.10416367381606355,-8.832673727953397,-0.139179769808823,-1.5191365549739604,9.690353101332283,-0.004389415772636276,0.014172745374226919,-0.06435901616729091,3.09470389648759,-17.494333769625655,-44.5
1772318570.1961963,68.87856442756787,0.12710861075762325,-8.837823315573875,-0.14525770790310435,-1.4927621853158697,9.693580096699554,0.0021615809212829785,0.010912304738646909,-0.06981317007977318,3.09470389648759,-17.494333769625655,-44.5
1772318570.216785,68.82164549193915,0.13429731747728965,-8.830364657941265,-0.13247231299050413,-1.532046355925825,9.742559189971043,0.0010948443245957992,-0.00217965017493852,-0.04908738521234052,3.09470389648759,-17.494333769625655,-44.5
1772318570.2322733,68.82164549193915,0.13429731747728965,-8.830364657941265,-0.13247231299050413,-1.532046355925825,9.742559189971043,0.0010948443245957992,-0.00217965017493852,-0.04908738521234052,3.09470389648759,-17.494333769625655,-44.5
1772318570.245507,68.75179842526873,0.13101823523209824,-8.845657388305598,-0.123969932240256,-1.554844426592297,9.704906883557191,0.0010807904606414892,0.005456152369323454,-0.06981317007977318,3.532663285235019,-17.74352811909606,-44.5
1772318570.2593262,68.75179842526873,0.13101823523209824,-8.845657388305598,-0.123969932240256,-1.554844426592297,9.704906883557191,0.0010807904606414892,0.005456152369323454,-0.06981317007977318,3.532663285235019,-17.74352811909606,-44.5
1772318570.2829914,68.66136471626123,0.11822990760714108,-8.849910001097578,-0.11827475237757396,-1.5900869241987832,9.70995569960847,-0.0032744944995343195,0.0010848058503427206,-0.04908738521234052,3.532663285235019,-17.74352811909606,-44.5
1772318570.3034272,68.49405099297478,0.19298676095203823,-8.86668209599013,-0.1479726746646367,-1.593531343841001,9.67986451321843,-2.40923382073887e-05,0.013089947218734814,-0.08726646259971647,3.5313979283786243,-17.05602928355375,-44.75
1772318570.32965,68.49405099297478,0.19298676095203823,-8.86668209599013,-0.1479726746646367,-1.593531343841001,9.67986451321843,-2.40923382073887e-05,0.013089947218734814,-0.08726646259971647,3.5313979283786243,-17.05602928355375,-44.75
1772318570.3575084,68.26191906900755,0.2002747386885443,-8.866573762910166,-0.1676808995223358,-1.6259295210098361,9.69329028188963,0.0043492618756239615,0.007643833323664437,-0.11017390903214205,3.5313979283786243,-17.05602928355375,-44.75
1772318570.3766239,68.18636717022405,0.19630405944400525,-8.857060043677135,-0.16084284485624487,-1.5838961907643658,9.718950539501247,-2.007694850615725e-05,0.010908289348945678,-0.06872233929727672,3.5938978225188336,-17.055914251112263,-45.25
1772318570.3956902,68.06078947684327,0.18468282235338723,-8.86700356076063,-0.15617521776654464,-1.6194804938178395,9.759442936249155,-0.012027226011748864,0.015249520445167176,-0.08508480103472356,3.5938978225188336,-17.055914251112263,-45.25
1772318570.409142,68.06078947684327,0.18468282235338723,-8.86700356076063,-0.15617521776654464,-1.6194804938178395,9.759442936249155,-0.012027226011748864,0.015249520445167176,-0.08508480103472356,3.5938978225188336,-17.055914251112263,-45.25
1772318570.4241765,67.9609764940434,0.16720859654061354,-8.865302921885894,-0.20342410021604565,-1.5462457259213245,9.762974392003942,-0.0021916963440422143,0.005450129284771607,-0.08399397025222712,3.5938978225188336,-17.055914251112263,-45.25
1772318570.4413238,67.8949180445792,0.1660030226829053,-8.87135563961615,-0.23481229300477613,-1.5276147603457821,9.75863431294517,-0.012003133673541475,0.0021595732264323626,-0.06435901616729091,2.9057087923275855,-16.6821802431274,-45.25
1772318570.4584408,67.7928427258929,0.1775520578121402,-8.875340575963236,-0.22224972426144668,-1.5151544934581007,9.755746038813415,-0.0032945714480404767,0.011993095199288399,-0.09599310885968812,2.9057087923275855,-16.6821802431274,-45.25
1772318570.4854367,67.7928427258929,0.1775520578121402,-8.875340575963236,-0.22224972426144668,-1.5151544934581007,9.755746038813415,-0.0032945714480404767,0.011993095199288399,-0.09599310885968812,2.9057087923275855,-16.6821802431274,-45.25
1772318570.5254247,67.56939273561392,0.19910451007388003,-8.857965134169222,-0.21388947509584877,-1.5068623250346498,9.753823924642868,0.014184791543330614,-0.002155557836731131,-0.09708393964218458,2.9057087923275855,-16.6821802431274,-45.25
1772318570.5578697,67.37854140721156,0.1765535187952982,-8.846821247701028,-0.20835044963371785,-1.4879635554123771,9.70905832693864,0.010896243179841983,0.006565050557873564,-0.07744898555724837,4.528635456026207,-15.554191305124876,-44.5
1772318570.581973,67.25313457330418,0.16297272038106841,-8.84118473304022,-0.22473492631272352,-1.4754235757930523,9.66254176319437,0.017439209094358775,0.007667925661871826,-0.08072147790473774,4.528635456026207,-15.554191305124876,-44.5
1772318570.6004398,67.09278023062036,0.1486806917307823,-8.825741840616145,-0.2088469804745512,-1.4837546357097693,9.631585509646625,-0.004367331129279503,0.0021736270903866726,-0.10035643198967395,4.528635456026207,-15.554191305124876,-44.5
1772318570.6269522,67.09278023062036,0.1486806917307823,-8.825741840616145,-0.2088469804745512,-1.4837546357097693,9.631585509646625,-0.004367331129279503,0.0021736270903866726,-0.10035643198967395,4.528635456026207,-15.554191305124876,-44.5
1772318570.6523302,66.87661981460057,0.12627716832043537,-8.804776999955623,-0.19827372999923154,-1.4892988630203075,9.600949133592652,0.011977033640483472,0.012021202927197019,-0.1189005552921137,4.717400495303231,-16.24134504334271,-44.5
1772318570.675915,66.74035702061732,0.1275074315733845,-8.797049704558583,-0.19136664149808147,-1.4227412574905953,9.590596302681435,-0.0033046099222935553,0.017447239873761237,-0.08399397025222712,4.717400495303231,-16.24134504334271,-44.5
1772318570.7009046,66.53847152032053,0.12168802003463465,-8.799160407203692,-0.15331899084265824,-1.3783863470890614,9.607122391309955,-0.010918327823198756,0.005434067725966682,-0.08617563181722002,4.280131301204745,-16.367150058713563,-44.0625
1772318570.7290325,66.53847152032053,0.12168802003463465,-8.799160407203692,-0.15331899084265824,-1.3783863470890614,9.607122391309955,-0.010918327823198756,0.005434067725966682,-0.08617563181722002,4.280131301204745,-16.367150058713563,-44.0625
1772318570.7506886,66.40617839394685,0.12122128915735358,-8.801528313031978,-0.19137101688430963,-1.4493388090345733,9.61812031868373,-0.015297705121581953,0.014152668425720763,-0.08072147790473774,4.280131301204745,-16.367150058713563,-44.0625
1772318570.7671971,66.21260950519479,0.13366860654811089,-8.792348963526761,-0.24345506347815954,-1.4966061338033227,9.595333311130203,-0.003312640701696018,0.021810555613339506,-0.12544553998709243,4.280131301204745,-16.367150058713563,-44.0625
1772318570.7943091,66.21260950519479,0.13366860654811089,-8.792348963526761,-0.24345506347815954,-1.4966061338033227,9.595333311130203,-0.003312640701696018,0.021810555613339506,-0.12544553998709243,4.280131301204745,-16.367150058713563,-44.0625
1772318570.8155248,66.0504783356411,0.1426719955643033,-8.786699480642637,-0.2782333927649363,-1.4645049956375413,9.580168812150884,0.013055816406274347,0.01856818423141504,-0.09272061651219876,5.4032888766646705,-15.365081168523382,-43.25
1772318570.8351467,65.89347992871527,0.1344215323183169,-8.792880422529873,-0.2578916038662079,-1.4430620091371391,9.687155917234879,0.006530919745413097,0.007647848713365669,-0.0916297857297023,5.4032888766646705,-15.365081168523382,-43.25
1772318570.8571632,65.82710315296399,0.1369318555966525,-8.804749206417029,-0.23415897717366405,-1.5157462280087404,9.758354640544006,0.01745125526346247,0.0011229520525044194,-0.05235987755982989,5.4032888766646705,-15.365081168523382,-43.25
1772318570.8731546,65.64272317974662,0.15521395418503228,-8.842313405628538,-0.2283081462171094,-1.6143118245801829,9.722108802881392,0.013059831795975578,0.016386526361625905,-0.11344640137963143,5.214293772504665,-14.552927642025129,-43.5625
1772318570.904459,65.45139832929539,0.13875050578698342,-8.826955289838564,-0.25461278907523455,-1.6297849481027196,9.697987602809459,0.0021595732264323626,0.012003133673541477,-0.08835729338221293,5.214293772504665,-14.552927642025129,-43.5625
1772318570.9272702,65.33775691770136,0.1472383358717316,-8.84139027930503,-0.27218595921575095,-1.6032859725041964,9.72207655410088,-0.0011229520525044194,0.01745125526346247,-0.08726646259971647,5.214293772504665,-14.552927642025129,-43.5625
1772318570.9582708,65.33775691770136,0.1472383358717316,-8.84139027930503,-0.27218595921575095,-1.6032859725041964,9.72207655410088,-0.0011229520525044194,0.01745125526346247,-0.08726646259971647,5.214293772504665,-14.552927642025129,-43.5625
1772318570.9801664,65.14568800455166,0.1399298805844103,-8.853244129430951,-0.2706111048266592,-1.5254146645416047,9.774903710874616,-0.0011068904936994937,0.008724623784305927,-0.06981317007977318,5.715788347365718,-15.36450600631593,-44.75
1772318570.996458,64.98959173935664,0.11976920483980909,-8.866836432636434,-0.2594169173448279,-1.5337856174936582,9.81005959358953,-0.013116047251792818,0.014156683815421994,-0.11344640137963143,5.715788347365718,-15.36450600631593,-44.75
1772318571.010066,64.98959173935664,0.11976920483980909,-8.866836432636434,-0.2594169173448279,-1.5337856174936582,9.81005959358953,-0.013116047251792818,0.014156683815421994,-0.11344640137963143,5.715788347365718,-15.36450600631593,-44.75
1772318571.0359664,64.87278903092708,0.12039371913701893,-8.869057255196347,-0.2553308868900551,-1.529327231790904,9.833455440819364,-0.003296579142891092,0.013083924134182967,-0.09817477042468103,5.715788347365718,-15.36450600631593,-44.75
1772318571.0525987,64.67362843276226,0.17582728152293564,-8.916023646031535,-0.2524454472359182,-1.6166780890300356,9.768742434826416,0.003230325212820773,0.02291343071733777,-0.11453723216212788,6.0892922904676,-14.551317187844262,-44.375
1772318571.067375,64.53848617938975,0.16373844806174592,-8.900292927361141,-0.25069145140899946,-1.5844912456287839,9.725676652229751,0.014686715255984546,-0.2748627915603731,-0.001090830782496456,6.0892922904676,-14.551317187844262,-44.375
1772318571.0862386,64.53848617938975,0.16373844806174592,-8.900292927361141,-0.25069145140899946,-1.5844912456287839,9.725676652229751,0.014686715255984546,-0.2748627915603731,-0.001090830782496456,6.0892922904676,-14.551317187844262,-44.375
1772318571.1010118,64.3845901614074,0.16364947477420705,-8.89352407106466,-0.2059885543049736,-1.5897520715836797,9.753883754012413,0.006506827407205708,0.020737795932100483,-0.09599310885968812,6.0892922904676,-14.551317187844262,-44.375
1772318571.1146646,0.3553430919511861,-3.2833276252588863,-8.989444520737889,-0.17638088070928917,-1.5163156535345597,9.772655265154803,0.01307790104963112,0.006569065947574796,-0.09708393964218458,5.778518306388909,-15.489390762154859,-43.25
1772318571.1354895,64.17612000275327,0.16677133305598837,-8.898082636510178,-0.19667697210595222,-1.5444558575186536,9.761731714177309,0.00543005233626545,0.013099985692987893,-0.08726646259971647,5.778518306388909,-15.489390762154859,-43.25
1772318571.1535327,64.17612000275327,0.16677133305598837,-8.898082636510178,-0.19667697210595222,-1.5444558575186536,9.761731714177309,0.00543005233626545,0.013099985692987893,-0.08726646259971647,5.778518306388909,-15.489390762154859,-43.25
1772318571.1688328,64.03419261532325,0.1653906297539981,-8.90033308400886,-0.21028230207812337,-1.5096611522591656,9.724356207659971,0.013055816406274347,0.01856818423141504,-0.13744467859455345,5.778518306388909,-15.489390762154859,-43.25
1772318571.1897368,63.86090085772734,0.166071191653894,-8.883641793056855,-0.219262616290693,-1.526646937089472,9.689447890462489,0.00870454683579977,0.012015179842645171,-0.09926560120717749,5.775297398027177,-13.73939372622899,-42.75
1772318571.2073457,63.86090085772734,0.166071191653894,-8.883641793056855,-0.219262616290693,-1.526646937089472,9.689447890462489,0.00870454683579977,0.012015179842645171,-0.09926560120717749,5.775297398027177,-13.73939372622899,-42.75
1772318571.2492368,63.54082860236547,0.15086450669773663,-8.886419069544148,-0.2093977783165883,-1.408334364832341,9.694231393211513,-0.009827498888304188,0.005436075420817297,-0.07417649320975901,5.775297398027177,-13.73939372622899,-42.75
1772318571.2631128,63.54082860236547,0.15086450669773663,-8.886419069544148,-0.2093977783165883,-1.408334364832341,9.694231393211513,-0.009827498888304188,0.005436075420817297,-0.07417649320975901,5.775297398027177,-13.73939372622899,-42.75
1772318571.3005178,63.282429092946806,0.14640510691348885,-8.884961383194733,-0.2028452051261486,-1.3392897733280622,9.694088294365297,0.019614843879596063,0.010944427856256761,-0.07963064712224129,6.775870866477982,-14.05005267786619,-43.1875
1772318571.3159628,63.282429092946806,0.14640510691348885,-8.884961383194733,-0.2028452051261486,-1.3392897733280622,9.694088294365297,0.019614843879596063,0.010944427856256761,-0.07963064712224129,6.775870866477982,-14.05005267786619,-43.1875
1772318571.3318279,63.1773931013458,0.1671973842459007,-8.892435424678814,-0.200778968634213,-1.4968697116542096,9.686030490816226,0.011966995166230393,0.01747534760166986,-0.10144726277217041,6.775870866477982,-14.05005267786619,-43.1875
1772318571.3474815,63.020829828186066,0.1536825592814645,-8.876954289336124,-0.17294474334962318,-1.437777950357871,9.710774117931757,0.008708562225501001,0.009833521972856035,-0.09926560120717749,6.586875762317978,-13.237899151367937,-42.0
1772318571.3622644,63.020829828186066,0.1536825592814645,-8.876954289336124,-0.17294474334962318,-1.437777950357871,9.710774117931757,0.008708562225501001,0.009833521972856035,-0.09926560120717749,6.586875762317978,-13.237899151367937,-42.0
1772318571.3843958,62.92276972670391,0.1617043019628403,-8.8759204103007,-0.15430439925590564,-1.4620100581021527,9.727240725372717,-0.002215788682249603,0.018540076503506423,-0.0916297857297023,6.586875762317978,-13.237899151367937,-42.0
1772318571.4043381,62.73471678245697,0.15075520542017012,-8.88213970442754,-0.21564570994783652,-1.3946440523988337,9.778340409168452,-0.016380503277074056,0.009787344991291875,-0.10581058590215622,6.586875762317978,-13.237899151367937,-42.0
1772318571.4178693,62.73471678245697,0.15075520542017012,-8.88213970442754,-0.21564570994783652,-1.3946440523988337,9.778340409168452,-0.016380503277074056,0.009787344991291875,-0.10581058590215622,6.586875762317978,-13.237899151367937,-42.0
1772318571.433154,62.584287310547154,0.13542589989447706,-8.875874714866814,-0.25631374843927757,-1.4334403791687214,9.738754220352616,0.0043492618756239615,0.007643833323664437,-0.0818123086872342,6.774605509621587,-13.362553842323885,-43.1875
1772318571.4464202,62.460935153917454,0.14385821314119457,-8.865226103898202,-0.2701390546604827,-1.3822968353284162,9.749206282682895,-0.001126967442205651,0.019632913133251603,-0.09708393964218458,6.774605509621587,-13.362553842323885,-43.1875
1772318571.4735992,62.369296621932584,0.14638335710689798,-8.867540042564421,-0.2789209830648798,-1.5757285890364774,9.75616201340651,-0.015297705121581953,0.014152668425720763,-0.07853981633974483,6.774605509621587,-13.362553842323885,-43.1875
1772318571.4937558,62.369296621932584,0.14638335710689798,-8.867540042564421,-0.2789209830648798,-1.5757285890364774,9.75616201340651,-0.015297705121581953,0.014152668425720763,-0.07853981633974483,6.774605509621587,-13.362553842323885,-43.1875
1772318571.5314267,62.17511193770476,0.13734046222545077,-8.864397126324574,-0.2848576094454581,-1.6542786697322098,9.76079097450247,-0.010936397076854298,0.015251528140017793,-0.12326387842209953,6.522535349113921,-12.238015877566074,-43.5625
1772318571.560283,61.91422392183398,0.1351771796629236,-8.854037076072188,-0.2720828377777002,-1.7065220872639846,9.740455714451713,-0.007665917967021211,0.016348380159464205,-0.09381144729469522,6.522535349113921,-12.238015877566074,-43.5625
1772318571.5792763,61.822987945459154,0.13295830821959415,-8.834820924081033,-0.24372621965265265,-1.624173846129963,9.726922826047673,0.02401630582133603,-0.009773291127337564,-0.05781403147231216,6.584345048605188,-11.862901480283327,-43.1875
1772318571.5984294,61.72879665020517,0.09080366055501303,-8.831322884190149,-0.1914041466394713,-1.5693104441267187,9.7948544092554,-0.0032724868046837036,-6.023084551847175e-06,-0.09053895494720585,6.584345048605188,-11.862901480283327,-43.1875
1772318571.6135182,61.72879665020517,0.09080366055501303,-8.831322884190149,-0.1914041466394713,-1.5693104441267187,9.7948544092554,-0.0032724868046837036,-6.023084551847175e-06,-0.09053895494720585,6.584345048605188,-11.862901480283327,-43.1875
1772318571.6322815,61.61428355233529,0.06272726330962233,-8.82625036799855,-0.19012164632634543,-1.4860295457953983,9.840062119034636,0.010956474025360456,-0.026159817488963472,-0.09599310885968812,6.584345048605188,-11.862901480283327,-43.1875
1772318571.6501722,61.484960908725576,0.023908157752957543,-8.818775568484593,-0.1990633618861172,-1.5610846441091528,9.739687988304054,-0.0010787827657908736,-0.006546981304218023,-0.06872233929727672,8.271842190390847,-11.859795604363084,-42.375
1772318571.665617,61.342523505793764,-0.0013660761596179004,-8.795102505846588,-0.2050693843824499,-1.580927019242945,9.672890125555359,0.023984182703726178,0.007679971830975521,-0.136353847812057,8.271842190390847,-11.859795604363084,-42.375
1772318571.6993465,-47.54433684077336,5.691308036221779,4.103866678126293,-0.19903100713754943,-1.594113428015026,9.63847222919908,0.015213381937856093,0.03166214683985109,-0.10690141668465268,8.271842190390847,-11.859795604363084,-42.375
1772318571.7245615,60.99578373708511,0.049155461532920976,-8.774119322101743,-0.1683194103625963,-1.5660434153594078,9.628947950476347,0.000996467276915629,0.051270967634895304,-0.12544553998709243,7.270348462408118,-11.049137499604207,-42.0
1772318571.7416263,60.99578373708511,0.049155461532920976,-8.774119322101743,-0.1683194103625963,-1.5660434153594078,9.628947950476347,0.000996467276915629,0.051270967634895304,-0.12544553998709243,7.270348462408118,-11.049137499604207,-42.0
1772318571.7584786,60.81428004208782,0.07820410164081623,-8.805694466550902,-0.12469324293839731,-1.4235511147705795,9.666096101574686,-0.014238999304297239,0.03160793907888446,-0.11235557059713497,7.270348462408118,-11.049137499604207,-42.0
1772318571.7734466,60.70055522792493,0.08612186755845677,-8.82040044353688,-0.09566051585381467,-1.3287240804720075,9.690817781158593,-0.007690010305228599,0.02943832737819902,-0.10253809355466686,7.270348462408118,-11.049137499604207,-42.0
1772318571.7888255,60.70055522792493,0.08612186755845677,-8.82040044353688,-0.09566051585381467,-1.3287240804720075,9.690817781158593,-0.007690010305228599,0.02943832737819902,-0.10253809355466686,7.270348462408118,-11.049137499604207,-42.0
1772318571.8079925,60.58181777753952,0.08050005862151512,-8.826859957190612,-0.14953786172959574,-1.4798399834116933,9.683854000811191,0.01634637246461359,0.008756746901915777,-0.10690141668465268,7.894657209161271,-10.672987810348046,-42.75
1772318571.8292053,60.43299555166738,0.09171621570583688,-8.837793109074179,-0.18538032007680366,-1.5870961408258393,9.679219682780518,0.013065854880527425,0.013114039556942203,-0.07963064712224129,7.894657209161271,-10.672987810348046,-42.75
1772318571.8518505,60.30286647792414,0.10945579467707647,-8.830069921104391,-0.17579432878897044,-1.6517221359534615,9.696206266143747,0.011977033640483472,0.012021202927197019,-0.11235557059713497,7.894657209161271,-10.672987810348046,-42.75
1772318571.868397,60.30286647792414,0.10945579467707647,-8.830069921104391,-0.17579432878897044,-1.6517221359534615,9.696206266143747,0.011977033640483472,0.012021202927197019,-0.11235557059713497,7.894657209161271,-10.672987810348046,-42.75
1772318571.9094791,59.94297815092103,0.12772432719247687,-8.811793869351046,-0.17540995693781344,-1.6119450113912084,9.715033587213242,-0.01965299008175776,0.009781321906740028,-0.07853981633974483,7.205087789672138,-9.549255072680667,-42.375
1772318571.933953,59.94297815092103,0.12772432719247687,-8.811793869351046,-0.17540995693781344,-1.6119450113912084,9.715033587213242,-0.01965299008175776,0.009781321906740028,-0.07853981633974483,7.205087789672138,-9.549255072680667,-42.375
1772318571.9529128,59.79940055157411,0.11666382125441814,-8.81210690584688,-0.17921910858824106,-1.65489682779419,9.720040019476198,0.004347254180773346,0.008734662258559005,-0.10253809355466686,7.205087789672138,-9.549255072680667,-42.375
1772318571.9693594,59.65161980927503,0.1148450509315338,-8.814519802033187,-0.18175405646058865,-1.6834807818071469,9.696610850563127,-0.0022057502079965243,0.013085931829033583,-0.08835729338221293,7.206813276294494,-10.486753484783812,-41.875
1772318571.9823058,59.65161980927503,0.1148450509315338,-8.814519802033187,-0.18175405646058865,-1.6834807818071469,9.696610850563127,-0.0022057502079965243,0.013085931829033583,-0.08835729338221293,7.206813276294494,-10.486753484783812,-41.875
1772318572.0022182,59.52633012329379,0.11476458598156722,-8.817773580886428,-0.22342223316201465,-1.7895497218808671,9.74792123451883,0.010882189315887674,0.014200853102135539,-0.12326387842209953,7.206813276294494,-10.486753484783812,-41.875
1772318572.0152829,59.403254841771876,0.12009194449148085,-8.801271395921644,-0.25144746290244624,-1.6995723266395497,9.698439929183824,0.030529156313093588,0.007692018000079215,-0.10144726277217041,7.206813276294494,-10.486753484783812,-41.875
1772318572.028322,59.30545473100803,0.12476321677956213,-8.79439937587167,-0.24325089751410875,-1.6864756058660706,9.732412907372161,0.014144637646318299,0.019661020861160224,-0.08835729338221293,7.3918972774438245,-9.17391061051494,-41.375
1772318572.0442355,59.30545473100803,0.12476321677956213,-8.79439937587167,-0.24325089751410875,-1.6864756058660706,9.732412907372161,0.014144637646318299,0.019661020861160224,-0.08835729338221293,7.3918972774438245,-9.17391061051494,-41.375
1772318572.0587747,59.17504349549134,0.14606480963252974,-8.792956019335453,-0.23798703380771344,-1.5740615972043372,9.74164109802419,0.008692500666696076,0.01856015345201258,-0.12217304763960307,7.3918972774438245,-9.17391061051494,-41.375
1772318572.0753512,59.06701043571315,0.1595253327718588,-8.788564986695365,-0.23439779692616555,-1.546082814767909,9.761162802646748,-0.002199727123444677,0.009813445024349879,-0.0818123086872342,7.3918972774438245,-9.17391061051494,-41.375
1772318572.089698,59.06701043571315,0.1595253327718588,-8.788564986695365,-0.23439779692616555,-1.546082814767909,9.761162802646748,-0.002199727123444677,0.009813445024349879,-0.0818123086872342,7.3918972774438245,-9.17391061051494,-41.375
1772318572.1121151,58.915332060741484,0.17387422086846965,-8.80655989505672,-0.25207983612498364,-1.527500188051153,9.770809167294013,0.0043492618756239615,0.007643833323664437,-0.08726646259971647,7.76609141519465,-8.735721156884528,-41.0625
1772318572.1410382,58.653405007748574,0.23009829087962994,-8.828312218544248,-0.263822408723005,-1.5285140817187504,9.777228715209814,0.009803406550096799,0.007653871797917516,-0.09599310885968812,7.76609141519465,-8.735721156884528,-41.0625
1772318572.1585023,58.523727409418356,0.24187927600270107,-8.824424655203616,-0.2714399438740808,-1.6362322099570563,9.73132417702694,0.023972136534622483,0.014224945440342928,-0.12980886311707826,7.76609141519465,-8.735721156884528,-41.0625
1772318572.1747015,58.523727409418356,0.24187927600270107,-8.824424655203616,-0.2714399438740808,-1.6362322099570563,9.73132417702694,0.023972136534622483,0.014224945440342928,-0.12980886311707826,7.76609141519465,-8.735721156884528,-41.0625
1772318572.1934733,58.38013607341813,0.23080024586892406,-8.824743747399244,-0.2332199656237707,-1.6007939900365749,9.700775219653528,0.01744121678920939,0.006577096726977259,-0.08290313946973066,7.577901538125078,-8.361066889367743,-41.875
1772318572.207359,58.29229882895703,0.2301538141124264,-8.821586751953703,-0.20758798130354442,-1.6842536438788038,9.757382799044082,-0.002201734818295293,0.010904273959244447,-0.06654067773228381,7.577901538125078,-8.361066889367743,-41.875
1772318572.2200696,58.29229882895703,0.2301538141124264,-8.821586751953703,-0.24089147494521324,-1.639534281087981,9.795054510780401,-0.02074381901665233,0.009779314211889411,-0.11017390903214205,7.577901538125078,-8.361066889367743,-41.875
1772318572.2350335,58.23036608746767,0.219933697675863,-8.840886819334205,-0.24089147494521324,-1.639534281087981,9.795054510780401,-0.02074381901665233,0.009779314211889411,-0.11017390903214205,7.577901538125078,-8.361066889367743,-41.875
1772318572.2521703,58.09380456841274,0.19709898044568064,-8.847636041729444,-0.2629191296182473,-1.6833663776120147,9.706390816071467,-0.01964897469205653,0.007599664036950892,-0.07744898555724837,7.765171155662726,-8.235722003762852,-40.25
1772318572.2657878,58.09380456841274,0.19709898044568064,-8.847636041729444,-0.2629191296182473,-1.6833663776120147,9.706390816071467,-0.01964897469205653,0.007599664036950892,-0.07744898555724837,7.765171155662726,-8.235722003762852,-40.25
1772318572.2789066,57.98044379823296,0.20060437175830473,-8.840960476109892,-0.2509528877271088,-1.638894561363902,9.64738611768104,0.02614576362500916,0.01859227656962243,-0.11344640137963143,7.765171155662726,-8.235722003762852,-40.25
1772318572.3003986,57.98044379823296,0.20060437175830473,-8.840960476109892,-0.2509528877271088,-1.638894561363902,9.64738611768104,0.02614576362500916,0.01859227656962243,-0.11344640137963143,7.765171155662726,-8.235722003762852,-40.25
1772318572.3302643,57.82142523216356,0.18705654015517822,-8.81008830988693,-0.24307568180638883,-1.5624675798523227,9.628189820271794,0.01744121678920939,0.006577096726977259,-0.08072147790473774,7.765171155662726,-8.235722003762852,-40.25
1772318572.3471167,57.66185774797303,0.1803069735689632,-8.791402878466487,-0.23114943391914503,-1.5082488578764397,9.635485569026551,-0.004377369603532581,0.007627771764859512,-0.10690141668465268,6.766323173834276,-8.862561464228795,-41.0
1772318572.3657324,57.52680022125039,0.18223297698850185,-8.785061535006312,-0.2566637095902445,-1.472228471482979,9.68382726051914,-0.0021957117337434457,0.007631787154560744,-0.07526732399225546,6.766323173834276,-8.862561464228795,-41.0
1772318572.3881884,57.413837937637005,0.18028012886592767,-8.797315918775034,-0.2835061043884651,-1.541938746100213,9.712653004488061,0.004333200316819035,0.016370464802820978,-0.11562806294462433,6.766323173834276,-8.862561464228795,-41.0
1772318572.409697,57.23461489354287,0.18161277799400305,-8.780988687424955,-0.301369418277484,-1.5883301551431912,9.731836215094718,0.0032584329407293936,0.007641825628813822,-0.061086523819801536,7.20290217328382,-8.361757084016686,-41.375
1772318572.4500773,57.04241800606036,0.19152140552186603,-8.768003544309122,-0.3135035237990559,-1.4853988779747307,9.744602427462945,0.0065088351020563245,0.019646966997205913,-0.12871803233458182,7.20290217328382,-8.361757084016686,-41.375
1772318572.4729888,56.964492607144955,0.18555142269346583,-8.768328264128352,-0.24464119652199537,-1.4167576577738612,9.739717752356787,0.0010727596812390263,0.009819468108901726,-0.06435901616729091,7.20290217328382,-8.361757084016686,-41.375
1772318572.4963658,56.964492607144955,0.18555142269346583,-8.768328264128352,-0.24464119652199537,-1.4167576577738612,9.739717752356787,0.0010727596812390263,0.009819468108901726,-0.06435901616729091,7.20290217328382,-8.361757084016686,-41.375
1772318572.5132494,56.783069771455494,0.17830555955042443,-8.78108830201842,-0.21881084230837922,-1.4112559054522316,9.736467055639036,0.002155557836731131,0.014184791543330614,-0.12762720155208535,7.3894815961725255,-7.8614128335705376,-40.5625
1772318572.52987,56.70037144181706,0.1909534376995999,-8.786595215943118,-0.19822051340485408,-1.4376943483725475,9.664056407432327,-0.008750723817363932,0.013073885659929889,-0.05890486225480862,7.3894815961725255,-7.8614128335705376,-40.5625
1772318572.5454879,56.604395182932514,0.21540257755318132,-8.801636259278947,-0.1879183962469292,-1.425189039167499,9.615867929930701,0.01634637246461359,0.008756746901915777,-0.10471975511965978,7.3894815961725255,-7.8614128335705376,-40.5625
1772318572.5589173,56.604395182932514,0.21540257755318132,-8.801636259278947,-0.1879183962469292,-1.425189039167499,9.615867929930701,0.01634637246461359,0.008756746901915777,-0.10471975511965978,7.3894815961725255,-7.8614128335705376,-40.5625
1772318572.5834675,56.443101146966235,0.23103293402255193,-8.794781925342916,-0.20115155883520858,-1.4068685179116618,9.72429372816135,-0.006571073642425412,0.014168729984525688,-0.06981317007977318,7.762985539274408,-7.04822401509887,-39.0
1772318572.5982773,56.28669559086747,0.22561958011448255,-8.807720821811817,-0.23671892904571007,-1.3947256696044783,9.796449885688318,-3.2123117609851597e-05,0.017453262958313086,-0.1189005552921137,7.762985539274408,-7.04822401509887,-39.0
1772318572.619317,56.173568416287665,0.22638944188610885,-8.810562723401127,-0.23385556772424357,-1.2628265622295816,9.814362997119549,0.007613717900905202,0.012013172147794555,-0.08617563181722002,7.762985539274408,-7.04822401509887,-39.0
1772318572.637406,56.173568416287665,0.22638944188610885,-8.810562723401127,-0.23385556772424357,-1.2628265622295816,9.814362997119549,0.007613717900905202,0.012013172147794555,-0.08617563181722002,7.762985539274408,-7.04822401509887,-39.0
1772318572.653405,56.03207343102967,0.2311765635123438,-8.810725589683289,-0.24154822220256264,-1.4125701788542713,9.79617796730859,-0.0022198040719508343,0.020721734373295556,-0.08399397025222712,6.073877943307882,-6.176331373056177,-38.1875
1772318572.6680448,55.91807968226557,0.24390035281715883,-8.791460128786614,-0.236853922408009,-1.391780595252086,9.774040697987534,-3.8146202161698776e-05,0.02072574976299679,-0.1090830782496456,6.073877943307882,-6.176331373056177,-38.1875
1772318572.6835504,55.91807968226557,0.24390035281715883,-8.791460128786614,-0.236853922408009,-1.391780595252086,9.774040697987534,-3.8146202161698776e-05,0.02072574976299679,-0.1090830782496456,6.073877943307882,-6.176331373056177,-38.1875
1772318572.699173,55.855255634149465,0.24527490194381735,-8.788442991553433,-0.23364372394734595,-1.4247768441808963,9.759308592543873,-0.009823483498602957,0.0032544175510281622,-0.061086523819801536,6.073877943307882,-6.176331373056177,-38.1875
1772318572.7133489,55.7453961163573,0.2463158171347001,-8.791774950007955,-0.2315073727320411,-1.4467354792507678,9.749504540939517,0.003232332907671389,0.0218226017824432,-0.11562806294462433,6.5757176154934065,-7.1754094197676075,-39.25
1772318572.7273123,55.7453961163573,0.2463158171347001,-8.791774950007955,-0.2315073727320411,-1.4467354792507678,9.749504540939517,0.003232332907671389,0.0218226017824432,-0.11562806294462433,6.5757176154934065,-7.1754094197676075,-39.25
1772318572.7428343,55.61072792970443,0.242495832915148,-8.804381311624926,-0.2566248604877275,-1.5818217770251963,9.712874048749375,0.006528912050562482,0.008738677648260237,-0.1090830782496456,6.5757176154934065,-7.1754094197676075,-39.25
1772318572.757038,55.61072792970443,0.242495832915148,-8.804381311624926,-0.2566248604877275,-1.5818217770251963,9.712874048749375,0.006528912050562482,0.008738677648260237,-0.1090830782496456,6.5757176154934065,-7.1754094197676075,-39.25
1772318572.7829108,55.45953520940925,0.24979721466890392,-8.810557907514873,-0.273340268008414,-1.6717201991812574,9.658390860020372,0.010878173926186441,0.016382510971924672,-0.09817477042468103,6.5757176154934065,-7.1754094197676075,-39.25
1772318572.8231187,55.13663276105823,0.24683139479121352,-8.807951644794931,-0.2847289248904191,-1.5877070351098301,9.622132906538315,-0.008736669953409621,0.0054380831156679126,-0.07635815477475191,5.51229915557792,-6.677365818151268,-38.875
1772318572.8390296,55.080661315575625,0.23953081003398521,-8.817306672890892,-0.20199008570487698,-1.531630980878394,9.618074313767803,-0.01201517984264517,0.00870454683579977,-0.10362892433716332,5.51229915557792,-6.677365818151268,-38.875
1772318572.8580022,55.080661315575625,0.23953081003398521,-8.817306672890892,-0.20199008570487698,-1.531630980878394,9.618074313767803,-0.01201517984264517,0.00870454683579977,-0.10362892433716332,5.51229915557792,-6.677365818151268,-38.875
1772318572.8804698,54.888630053969784,0.2468571736985475,-8.829596755937928,-0.20710328077633955,-1.5144944508006526,9.615373365616477,-0.008762769986467626,0.019618859269297295,-0.08072147790473774,5.51229915557792,-6.677365818151268,-38.875
1772318572.9065235,54.888630053969784,0.2468571736985475,-8.829596755937928,-0.20710328077633955,-1.5144944508006526,9.615373365616477,-0.008762769986467626,0.019618859269297295,-0.08072147790473774,5.51229915557792,-6.677365818151268,-38.875
1772318572.9443493,54.4954791949448,0.2193611407586678,-8.805314733520712,-0.2129060115192667,-1.4219086012458997,9.605689507934743,-0.013093962608436045,0.0021575655315817467,-0.10471975511965978,5.261034222160687,-5.990327112374924,-38.0625
1772318572.9819765,54.39593613622901,0.20866309352715198,-8.815210318897682,-0.2211933678710596,-1.367895413404942,9.630547197633158,-0.008752731512214547,0.014164714594824455,-0.0818123086872342,4.57307525685242,-5.7415928926704805,-38.0
1772318573.0147283,54.39593613622901,0.20866309352715198,-8.815210318897682,-0.2211933678710596,-1.367895413404942,9.630547197633158,-0.008752731512214547,0.014164714594824455,-0.0818123086872342,4.57307525685242,-5.7415928926704805,-38.0
1772318573.0501568,54.15727813375134,0.21194149121477984,-8.780831866956712,-0.21001992119097856,-1.311848820305202,9.647089712448865,0.017425155230404464,0.015303728206133802,-0.06544984694978735,4.57307525685242,-5.7415928926704805,-38.0
1772318573.083789,53.92745909020038,0.22248842556845028,-8.774716349845557,-0.20258411724096237,-1.2745504386787925,9.684859464925275,0.01087415853648521,0.018564168841713812,-0.1265363707695889,5.383273231845336,-4.490099588126913,-38.0
1772318573.1162944,53.779409603655125,0.2300633999916143,-8.797038520366911,-0.1976356727755993,-1.2497287823566399,9.709994813282545,-0.016420657174086372,0.03160392368918323,-0.11017390903214205,5.383273231845336,-4.490099588126913,-38.0
1772318573.1356537,53.63786965549743,0.23486280717724198,-8.797305842705518,-0.20407001929278842,-1.4004840196516302,9.643094314151085,0.007621748680307665,0.007649856408216285,-0.05999569303730508,4.508389746323892,-4.554209936447989,-36.75
1772318573.153972,53.56318106371119,0.26683706257785267,-8.825194757406917,-0.20835200502361764,-1.5008099460251019,9.598572779306641,0.009775298822188179,0.022925476886441466,-0.07526732399225546,4.508389746323892,-4.554209936447989,-36.75
1772318573.182583,53.41497805244589,0.2773388709961994,-8.80705226255274,-0.21126318611324993,-1.5341246688974757,9.662607323010738,0.014154676120571379,0.014206876186687386,-0.08508480103472356,4.508389746323892,-4.554209936447989,-36.75
1772318573.2097762,53.41497805244589,0.2773388709961994,-8.80705226255274,-0.21126318611324993,-1.5341246688974757,9.662607323010738,0.014154676120571379,0.014206876186687386,-0.08508480103472356,4.508389746323892,-4.554209936447989,-36.75
1772318573.2350566,53.1880089107909,0.25043691223045217,-8.819824522934617,-0.21012017846718722,-1.4124495282922231,9.705221596533091,-0.005454144674472839,-1.0038474253078624e-05,-0.12326387842209953,4.883274078723659,-4.491019847658837,-37.0625
1772318573.2487044,53.08770379539626,0.24896595734901245,-8.832756742552801,-0.19932420152242195,-1.3314576111942027,9.676714020505162,-0.024022328905887878,0.013045777932021269,-0.050178215994836975,4.883274078723659,-4.491019847658837,-37.0625
1772318573.2640316,53.08770379539626,0.24896595734901245,-8.832756742552801,-0.19932420152242195,-1.3314576111942027,9.676714020505162,-0.024022328905887878,0.013045777932021269,-0.050178215994836975,4.883274078723659,-4.491019847658837,-37.0625
1772318573.285516,52.98695131069638,0.2537532575348203,-8.826989542567162,-0.19168400056641174,-1.5250962421765157,9.657742547109066,-0.008762769986467626,0.019618859269297295,-0.0719948316447661,4.883274078723659,-4.491019847658837,-37.0625
1772318573.3093226,52.853111554962624,0.2402994246349501,-8.820763108113933,-0.23677612279953672,-1.6540529391380256,9.645117243489208,-0.0032744944995343195,0.0010848058503427206,-0.07090400086226964,3.7580459193169053,-4.368090643325245,-35.0625
1772318573.3475375,52.61226220790496,0.23120655847134491,-8.808984296112007,-0.26692603149663585,-1.6629347414703906,9.663476138622629,0.0043492618756239615,0.007643833323664437,-0.09599310885968812,3.7580459193169053,-4.368090643325245,-35.0625
1772318573.3619647,52.61226220790496,0.23120655847134491,-8.808984296112007,-0.26692603149663585,-1.6629347414703906,9.663476138622629,0.0043492618756239615,0.007643833323664437,-0.09599310885968812,3.7580459193169053,-4.368090643325245,-35.0625
1772318573.3855686,52.42493753351946,0.2200901468883715,-8.784333113155283,-0.3204415193531492,-1.6689070491250266,9.675693778251626,0.0326947526240778,0.01642266486893699,-0.1505346479845109,3.7571256597849816,-3.8680914902035686,-35.875
1772318573.4027634,52.25319993238214,0.21024885791130937,-8.759627261951264,-0.30934097222878304,-1.609238343979217,9.717275598017938,0.030535179397645437,0.004419531195395511,-0.09817477042468103,3.7571256597849816,-3.8680914902035686,-35.875
1772318573.4171753,52.1882390739583,0.19895881896046042,-8.76228441778863,-0.23494689667671345,-1.6262731551161722,9.744947834573058,-0.004365323434428887,0.001082798155492105,-0.04799655442984406,3.7571256597849816,-3.8680914902035686,-35.875
1772318573.4335597,52.1882390739583,0.19895881896046042,-8.76228441778863,-0.23494689667671345,-1.6262731551161722,9.744947834573058,-0.004365323434428887,0.001082798155492105,-0.04799655442984406,3.7571256597849816,-3.8680914902035686,-35.875
1772318573.450156,52.081656587094784,0.19694925060451832,-8.775402796160927,-0.18554313504484324,-1.5807428289307657,9.790124292539907,-0.013130101115747129,0.021792486359683966,-0.10144726277217041,3.1948566774060763,-3.994126570457402,-35.0625
1772318573.4691865,51.92016613711709,0.17500537535360294,-8.788143601359259,-0.17597656123385463,-1.607352805360264,9.800118050418828,-0.013099985692987893,0.00543005233626545,-0.09490227807719166,3.1948566774060763,-3.994126570457402,-35.0625
1772318573.4924455,51.92016613711709,0.17500537535360294,-8.788143601359259,-0.17597656123385463,-1.607352805360264,9.800118050418828,-0.013099985692987893,0.00543005233626545,-0.09490227807719166,3.1948566774060763,-3.994126570457402,-35.0625
1772318573.5184524,51.80146812340033,0.16913229195295293,-8.778655177136471,-0.16986869638673008,-1.4845669936775852,9.820149231478936,0.011971010555931624,0.015293689731880722,-0.09817477042468103,3.1948566774060763,-3.994126570457402,-35.0625
1772318573.5489237,51.71604162162131,0.17846991744541849,-8.763549412059303,-0.179808098819464,-1.357410900894387,9.842351075673,-0.026216032944780712,0.01958673615168744,-0.09381144729469522,3.1940514503156434,-3.5566273114759346,-34.1875
1772318573.5802348,51.566552546844456,0.2044750920534062,-8.776876410041877,-0.179808098819464,-1.357410900894387,9.842351075673,-0.026216032944780712,0.01958673615168744,-0.09381144729469522,3.1940514503156434,-3.5566273114759346,-34.1875
1772318573.6088784,51.46526456901158,0.21518608962807997,-8.799295757651093,-0.20919008133805791,-1.331681596616164,9.844909726304465,-0.02949855822371749,0.025034857741608435,-0.06326818538479445,3.1940514503156434,-3.5566273114759346,-34.1875
1772318573.629058,51.26438080846821,0.21514914710519245,-8.815748276577093,-0.22870036529285553,-1.337974774324767,9.846612479717704,0.008708562225501001,0.009833521972856035,-0.0916297857297023,0.5699761559587642,-4.0614578271402095,-35.0
1772318573.6477609,51.13012012241822,0.208099267947963,-8.80627324029219,-0.2415364795157888,-1.422445358786782,9.837710307971255,-0.003296579142891092,0.013083924134182967,-0.09599310885968812,0.5699761559587642,-4.0614578271402095,-35.0
1772318573.6906729,50.992563646657764,0.20052728306248463,-8.813093633437708,-0.24019121382264963,-1.3983585739260522,9.831786012117767,-0.010920335518049372,0.00652489666086125,-0.044724062082354694,2.3824730860248424,-4.058121886336987,-34.1875
1772318573.7198048,50.83666458537715,0.18850824517540418,-8.813114910857925,-0.23917897643597558,-1.4458861024570233,9.821153235991353,0.008712577615202232,0.007651864103066901,-0.08290313946973066,2.3824730860248424,-4.058121886336987,-34.1875
1772318573.7474246,50.83666458537715,0.18850824517540418,-8.813114910857925,-0.23917897643597558,-1.4458861024570233,9.821153235991353,0.008712577615202232,0.007651864103066901,-0.08290313946973066,2.3824730860248424,-4.058121886336987,-34.1875
1772318573.7635708,50.665039831414724,0.21634079257544261,-8.80202452341147,-0.2652908190621622,-1.4641839715459912,9.74382989640141,0.013069870270228656,0.010932381687153067,-0.07635815477475191,1.007360382498741,-3.9981527059095665,-33.25
1772318573.7774346,50.665039831414724,0.21634079257544261,-8.80202452341147,-0.2652908190621622,-1.4641839715459912,9.74382989640141,0.013069870270228656,0.010932381687153067,-0.07635815477475191,1.007360382498741,-3.9981527059095665,-33.25
1772318573.7953587,50.57030374382427,0.22472686908204842,-8.802398557355728,-0.28935817072452336,-1.4763733125078446,9.6923720776626,0.0032524098561775463,0.010914312433497525,-0.06872233929727672,1.007360382498741,-3.9981527059095665,-33.25
1772318573.8109343,50.49236018163411,0.21872425845527085,-8.802407774855325,-0.30537472440589086,-1.4844851827540975,9.708304149723213,0.001068744291537795,0.01200112597869086,-0.07308566242726255,1.007360382498741,-3.9981527059095665,-33.25
1772318573.826369,50.49236018163411,0.21872425845527085,-8.802407774855325,-0.30537472440589086,-1.4844851827540975,9.708304149723213,0.001068744291537795,0.01200112597869086,-0.07308566242726255,1.007360382498741,-3.9981527059095665,-33.25
1772318573.8404336,50.331684175586894,0.2250254010728563,-8.809833742302008,-0.27945288147293756,-1.3727371061739058,9.718906765706645,0.008694508361546692,0.01746932451711801,-0.11017390903214205,0.8814403346863983,-3.498383617670871,-33.6875
1772318573.8570065,50.28491913367158,0.22142067631937667,-8.80983279615193,-0.26179583960372677,-1.5191470082575331,9.652370230643612,-2.007694850615725e-05,0.010908289348945678,-0.03490658503988659,0.8814403346863983,-3.498383617670871,-33.6875
1772318573.8718443,50.28491913367158,0.22142067631937667,-8.80983279615193,-0.26179583960372677,-1.5191470082575331,9.652370230643612,-2.007694850615725e-05,0.010908289348945678,-0.03490658503988659,0.8814403346863983,-3.498383617670871,-33.6875
1772318573.8970156,50.152215086859556,0.23365607476886477,-8.791939819964393,-0.24041630232059516,-1.395785693622877,9.60809090982096,-0.0011048827988488778,0.007633794849411359,-0.06654067773228381,0.2574766852577163,-4.062032989347662,-34.0625
1772318573.910226,50.11225212439599,0.22421815635955242,-8.794644187920744,-0.24932714799028954,-1.4642629858309055,9.592003963275188,1.0038474253078624e-05,-0.005454144674472839,-0.039269908169872414,0.2574766852577163,-4.062032989347662,-34.0625
1772318573.945916,49.95692422366521,0.24363528764212428,-8.795983564227393,-0.2754879277804565,-1.4228980422257125,9.624784732247095,-0.005474221622978996,0.0108982508746926,-0.10471975511965978,0.2574766852577163,-4.062032989347662,-34.0625
1772318573.9687765,49.90311857846988,0.24881662848221556,-8.799608580387835,-0.2928545373026782,-1.4187858766237524,9.646599967812715,-1.0038474253078624e-05,0.005454144674472839,-0.038179077387375956,-0.55812781448525,-2.3760312693013783,-32.75
1772318573.9834921,49.90311857846988,0.24881662848221556,-8.799608580387835,-0.2928545373026782,-1.4187858766237524,9.646599967812715,-1.0038474253078624e-05,0.005454144674472839,-0.038179077387375956,-0.55812781448525,-2.3760312693013783,-32.75
1772318573.9992294,49.784086575218005,0.2871652880119171,-8.785661846004377,-0.28438428288596795,-1.3925965936097402,9.674498210218765,-0.006583119811529106,0.020713703593893094,-0.07744898555724837,-0.55812781448525,-2.3760312693013783,-32.75
1772318574.0124652,49.737327268400435,0.2835697307432864,-8.78566933314271,-0.2787043259975127,-1.3985836606079747,9.693064178896204,0.005440090810518529,0.007645841018515054,-0.04254240051736178,-0.55812781448525,-2.3760312693013783,-32.75
1772318574.0255687,49.661838766516944,0.2836603308981302,-8.7988193379573,-0.27488743768631346,-1.4226386230644643,9.70541962365558,-0.010932381687153067,0.013069870270228658,-0.05345070834232634,-0.8694769607713937,-3.001605372910926,-33.1875
1772318574.0477378,49.661838766516944,0.2836603308981302,-8.7988193379573,-0.27488743768631346,-1.4226386230644643,9.70541962365558,-0.010932381687153067,0.013069870270228658,-0.05345070834232634,-0.8694769607713937,-3.001605372910926,-33.1875
1772318574.0925496,49.553219247966375,0.2689235074531846,-8.801735042153924,-0.2756924471941607,-1.4386530886095887,9.700261587294305,-0.006550996693919254,0.003260440635580009,-0.06217735460229799,-0.8694769607713937,-3.001605372910926,-33.1875
1772318574.1167145,49.37811425543734,0.25890734822211003,-8.793167246874546,-0.2761050371917273,-1.5162126573668513,9.696828971714918,0.019614843879596063,0.010944427856256761,-0.08944812416470939,-1.1824365612384033,-2.75218095855754,-33.5625
1772318574.1395912,49.32259002705322,0.24878504308666657,-8.780225336835333,-0.27639808145177963,-1.5577923658531152,9.694544604391666,0.0010848058503427206,0.0032744944995343195,-0.03490658503988659,-1.1824365612384033,-2.75218095855754,-33.5625
1772318574.1581962,49.219629733885014,0.2815265854139799,-8.784957018366764,-0.3000088414239249,-1.5855062945680223,9.716440165407333,-0.007657887187618747,0.011985064419885935,-0.06435901616729091,-1.1824365612384033,-2.75218095855754,-33.5625
1772318574.195093,49.18068080241492,0.2971280506085473,-8.792085925353723,-0.3124195295874791,-1.5805277055104572,9.731011416673816,-0.016354403244016054,-0.004393431162337507,-0.038179077387375956,-0.05594304497525512,-3.562608998433437,-32.0
1772318574.2261713,49.00315239631263,0.2811478972965417,-8.770350404435487,-0.3206848606657217,-1.573869404065617,9.670461075766411,0.010900258569543214,0.004383392688084429,-0.07090400086226964,-0.05594304497525512,-3.562608998433437,-32.0
1772318574.2523992,49.00315239631263,0.2811478972965417,-8.770350404435487,-0.3206848606657217,-1.573869404065617,9.670461075766411,0.010900258569543214,0.004383392688084429,-0.07090400086226964,-0.05594304497525512,-3.562608998433437,-32.0
1772318574.274337,48.902099280334454,0.290256885921962,-8.739972452947526,-0.302769603877895,-1.5693952816391001,9.63016550028416,0.017435193704657546,0.009849583531660962,-0.05890486225480862,-2.7434384930042675,-3.5675553934175253,-32.25
1772318574.296823,48.902099280334454,0.290256885921962,-8.739972452947526,-0.302769603877895,-1.5693952816391001,9.63016550028416,0.017435193704657546,0.009849583531660962,-0.05890486225480862,-2.7434384930042675,-3.5675553934175253,-32.25
1772318574.3280568,48.749393912752154,0.2750851203242193,-8.749605613036895,-0.2830976766767707,-1.464083143219826,9.646787034545131,0.00871860069975408,0.004379377298383197,-0.06544984694978735,-2.743783590328739,-3.3800557109968965,-32.25
1772318574.3425217,48.749393912752154,0.2750851203242193,-8.749605613036895,-0.2830976766767707,-1.464083143219826,9.646787034545131,0.00871860069975408,0.004379377298383197,-0.06544984694978735,-2.743783590328739,-3.3800557109968965,-32.25
1772318574.3722234,48.66440531758978,0.2784866404018377,-8.737699021437372,-0.33788509760169116,-1.4230483777104335,9.643005810516012,0.028395683119719232,-0.018491891827091645,-0.032724923474893676,-2.743783590328739,-3.3800557109968965,-32.25
1772318574.4001217,48.62074029190982,0.2351566200147176,-8.717331206017937,-0.3608814219703088,-1.5594296308880176,9.685486785516455,0.005486267792082691,-0.017443224484060008,-0.0272707695624114,-3.4932071578038015,-3.6939355709958295,-31.5
1772318574.4196107,48.62074029190982,0.2351566200147176,-8.717331206017937,-0.3608814219703088,-1.5594296308880176,9.685486785516455,0.005486267792082691,-0.017443224484060008,-0.0272707695624114,-3.4932071578038015,-3.6939355709958295,-31.5
1772318574.4424934,48.55489018751689,0.1930383705707085,-8.703496831157823,-0.3661622143110422,-1.6434811490906462,9.717102511542985,0.01751349380383156,-0.03269274492922718,-0.07090400086226964,-3.4932071578038015,-3.6939355709958295,-31.5
1772318574.46103,48.469179655199774,0.1679613281292141,-8.696117539050839,-0.33955825476612084,-1.7060512969437334,9.73479731233552,0.010914312433497525,-0.0032524098561775463,-0.04363323129985824,-3.4932071578038015,-3.6939355709958295,-31.5
1772318574.4834764,48.39342612709644,0.1714755884666885,-8.699973315444138,-0.29845018806781287,-1.7409577221095092,9.736537669477118,0.006506827407205708,0.020737795932100483,-0.07635815477475191,-2.7441286876532103,-3.1925560285762677,-32.6875
1772318574.5023878,48.39342612709644,0.1714755884666885,-8.699973315444138,-0.29845018806781287,-1.7409577221095092,9.736537669477118,0.006506827407205708,0.020737795932100483,-0.07635815477475191,-2.7441286876532103,-3.1925560285762677,-32.6875
1772318574.5249026,48.28367854615039,0.20946200299774545,-8.717863783200146,-0.28457216092322757,-1.7106904884302594,9.737695857713788,-4.81846764147774e-05,0.02617989443746963,-0.04581489286485115,-2.7441286876532103,-3.1925560285762677,-32.6875
1772318574.5444803,48.11675793024471,0.29646527337298095,-8.735259566589367,-0.2753734293374353,-1.6704773462747875,9.75519217758408,-0.017541601531740177,0.04796435001775113,-0.08617563181722002,-4.743205040607994,-3.6962362198256384,-32.0
1772318574.5661573,48.11675793024471,0.29646527337298095,-8.735259566589367,-0.2753734293374353,-1.6704773462747875,9.75519217758408,-0.017541601531740177,0.04796435001775113,-0.08617563181722002,-4.743205040607994,-3.6962362198256384,-32.0
1772318574.6016471,48.06453690668375,0.365112881838791,-8.726006976173135,-0.26933181386793953,-1.6002295708408678,9.800286900084252,-0.005494298571485153,0.021806540223638277,-0.028361600344907856,-4.743205040607994,-3.6962362198256384,-32.0
1772318574.6360667,47.97622841984149,0.4132269841953801,-8.694392888903007,-0.28206134343729994,-1.540130820551946,9.83029693416706,0.006520881271160018,0.013101993387838509,-0.18871372537188688,-3.554441695087616,-4.381549438979626,-31.0625
1772318574.6564908,47.937745591950694,0.42240595237596895,-8.704560315015955,-0.2905080762000748,-1.5135161977477547,9.836887829785846,-0.007653871797917516,0.0098034065500968,-0.05345070834232634,-3.554441695087616,-4.381549438979626,-31.0625
1772318574.6715982,47.86905836868322,0.4171780865385862,-8.704806148205162,-0.3095097066635707,-1.4958290905438545,9.77437176304863,0.001074767376089642,0.008728639174007157,-0.055632369907319255,-3.554441695087616,-4.381549438979626,-31.0625
1772318574.6844723,47.86905836868322,0.4171780865385862,-8.704806148205162,-0.3095097066635707,-1.4958290905438545,9.77437176304863,0.001074767376089642,0.008728639174007157,-0.055632369907319255,-3.554441695087616,-4.381549438979626,-31.0625
1772318574.704842,47.790461092566396,0.42043363318581806,-8.708370082626583,-0.2917597582334823,-1.6412230915519472,9.789634918009668,-0.007667925661871826,0.017439209094358775,-0.04254240051736178,-4.492170172073741,-4.258275137321563,-32.6875
1772318574.7196534,47.790461092566396,0.42043363318581806,-8.708370082626583,-0.2917597582334823,-1.6412230915519472,9.789634918009668,-0.007667925661871826,0.017439209094358775,-0.04254240051736178,-4.492170172073741,-4.258275137321563,-32.6875
1772318574.7372632,47.70501338136769,0.43034656883785016,-8.693788047343688,-0.27689162665945705,-1.5807550343723873,9.793102153720987,0.028357536917557533,0.0022338579359051443,-0.05235987755982989,-4.492170172073741,-4.258275137321563,-32.6875
1772318574.7528822,47.67433665416347,0.42235168040035936,-8.68102516905488,-0.2670463051197996,-1.513753369459734,9.802099783769947,-0.005458160064174071,0.002171619395536057,-0.03381575425739013,-4.492170172073741,-4.258275137321563,-32.6875
1772318574.7665179,47.67433665416347,0.42235168040035936,-8.68102516905488,-0.2670463051197996,-1.513753369459734,9.802099783769947,-0.005458160064174071,0.002171619395536057,-0.03381575425739013,-4.492170172073741,-4.258275137321563,-32.6875
1772318574.7838972,47.582032589632405,0.4374378314509631,-8.679461301583803,-0.26388871359106364,-1.4424098183277558,9.824813164594014,-4.0153897012314496e-06,0.0021816578697891357,-0.06217735460229799,-5.490097894370267,-5.385113750909182,-32.0
1772318574.804808,47.53739784667521,0.44252971723222745,-8.69909541339537,-0.2617381177663543,-1.421692330341223,9.839928665807342,-0.0010908289348945679,-2.0076948506157248e-06,-0.04254240051736178,-5.490097894370267,-5.385113750909182,-32.0
1772318574.8304827,47.53739784667521,0.44252971723222745,-8.69909541339537,-0.2617381177663543,-1.421692330341223,9.839928665807342,-0.0010908289348945679,-2.0076948506157248e-06,-0.04254240051736178,-5.490097894370267,-5.385113750909182,-32.0
1772318574.8626065,47.38989053306565,0.4465440487077541,-8.647017302986646,-0.25360439470197527,-1.4145829721149827,9.756324735208656,0.03380565850747852,0.005516383214841926,-0.032724923474893676,-4.678864627403937,-4.696119493627501,-30.1875
1772318574.885825,47.33724878933019,0.43613912149277234,-8.65004562260955,-0.24819149286227096,-1.4098517736321547,9.70068725331233,-0.009833521972856035,0.008708562225501001,-0.05999569303730508,-4.678864627403937,-4.696119493627501,-30.1875
1772318574.9009094,47.306338206472574,0.4301760443636971,-8.659224263015885,-0.26131479736159424,-1.4067339976021227,9.730563364768107,-0.014176760763928152,-0.0022077579028471402,-0.011999138607461015,-4.678864627403937,-4.696119493627501,-30.1875
1772318574.91563,47.306338206472574,0.4301760443636971,-8.659224263015885,-0.26131479736159424,-1.4067339976021227,9.730563364768107,-0.014176760763928152,-0.0022077579028471402,-0.011999138607461015,-4.678864627403937,-4.696119493627501,-30.1875
1772318574.9307375,47.2378956835381,0.42054736736959925,-8.684198766277394,-0.28669985921413194,-1.4448312086894874,9.750445583203895,-0.018552122672610114,0.004329184927117804,-0.039269908169872414,-5.051678375856876,-5.884307676940426,-31.375
1772318574.9460053,47.18780275812386,0.41396688891084377,-8.678498357455762,-0.3035933343072746,-1.4701844770943957,9.683394296498314,0.0010968520194464151,-0.0032704791098330877,-0.022907446432425576,-5.051678375856876,-5.884307676940426,-31.375
1772318574.9639595,47.18780275812386,0.41396688891084377,-8.678498357455762,-0.3035933343072746,-1.4701844770943957,9.683394296498314,0.0010968520194464151,-0.0032704791098330877,-0.022907446432425576,-5.051678375856876,-5.884307676940426,-31.375
1772318574.9920416,47.17815505433925,0.41882370750964243,-8.691047085470226,-0.267844193399512,-1.5739433566965142,9.6387724142077,-1.8069253655541523e-05,0.00981746041405111,-0.017453292519943295,-5.051678375856876,-5.884307676940426,-31.375
1772318575.015595,47.071447236258415,0.41799371170259114,-8.67312611242658,-0.24434290633726297,-1.4857737480579265,9.642528167075575,-0.002201734818295293,0.010904273959244447,-0.05672320068981571,-4.865098952968171,-5.383963426494278,-30.1875
1772318575.036044,47.03391272911302,0.41430301645413115,-8.688917603682562,-0.22172348337308898,-1.5843055288954406,9.645027578654638,-0.017443224484060008,-0.005486267792082691,-0.013089969389957472,-4.865098952968171,-5.383963426494278,-30.1875
1772318575.0500476,47.03391272911302,0.41430301645413115,-8.688917603682562,-0.22172348337308898,-1.5843055288954406,9.645027578654638,-0.017443224484060008,-0.005486267792082691,-0.013089969389957472,-4.865098952968171,-5.383963426494278,-30.1875
1772318575.068368,46.96499420087716,0.41185410111811405,-8.695517287129723,-0.24379914058347088,-1.4693093262894767,9.63665557401829,-0.012011164452943939,0.0065228889660106345,-0.050178215994836975,-4.865098952968171,-5.383963426494278,-30.1875
1772318575.082384,46.96499420087716,0.41185410111811405,-8.695517287129723,-0.24379914058347088,-1.4693093262894767,9.63665557401829,-0.012011164452943939,0.0065228889660106345,-0.050178215994836975,-4.865098952968171,-5.383963426494278,-30.1875
1772318575.1079984,46.918759089984064,0.4018928700858577,-8.698257885135089,-0.2581331528273859,-1.5867967884547844,9.63108409845422,-0.004371346518980734,0.004355284960175808,-0.02181661564992912,-5.551447464095571,-6.0102277247527685,-31.0
1772318575.1504703,46.85054226052532,0.39113739452322244,-8.685640120445353,-0.2679370177546278,-1.5211438223197404,9.704313912972136,0.007629779459710127,0.0032865406686380136,-0.018544123302439753,-5.551447464095571,-6.0102277247527685,-31.0
1772318575.1846347,46.74431771084435,0.3830714251996755,-8.686019714398382,-0.31119597938533605,-1.5109712913242443,9.796533988698334,-0.009811437329499262,-0.003290556058339245,-0.06654067773228381,-6.738945452759554,-6.0124133411410865,-31.0
1772318575.2097552,46.68409057273755,0.38772298094920676,-8.690085316051233,-0.3098783807426805,-1.5041461749045464,9.857905418928373,-0.005474221622978996,0.0108982508746926,-0.05126904677733343,-6.738945452759554,-6.0124133411410865,-31.0
1772318575.236177,46.64985088792893,0.4274482842110284,-8.664370197895282,-0.31900606797973685,-1.5163481366019584,9.858606079694836,0.001082798155492105,0.004365323434428887,-0.011999138607461015,-7.862678190426932,-6.70198276063022,-31.5
1772318575.2505603,46.64985088792893,0.4274482842110284,-8.664370197895282,-0.31900606797973685,-1.5163481366019584,9.858606079694836,0.001082798155492105,0.004365323434428887,-0.011999138607461015,-7.862678190426932,-6.70198276063022,-31.5
1772318575.271968,46.633574082933045,0.4354260285906064,-8.66801541161136,-0.3150266535229039,-1.5344852537056817,9.839001691364107,-0.006559027473321717,0.00762375637515828,-0.02945243112740431,-7.862678190426932,-6.70198276063022,-31.5
1772318575.2928622,46.57200898746017,0.4215347419678732,-8.664317269106412,-0.32241371577939637,-1.54657377275894,9.825955189925374,-0.005446113895070376,-0.00437335421383135,-0.05345070834232634,-7.862678190426932,-6.70198276063022,-31.5
1772318575.3123906,46.518340931912405,0.45986320597542585,-8.692467727719572,-0.30393245112720446,-1.544540131833659,9.817272888956868,-0.01964295160750468,0.004327177232267188,-0.03381575425739013,-7.173683933145251,-7.51321602759655,-32.6875
1772318575.351163,46.44096394864808,0.44937466393779696,-8.664037325679162,-0.2917503540459164,-1.4796297517263721,9.77135357416215,0.017445232178910624,0.004395438857188122,-0.003272492347489368,-7.173683933145251,-7.51321602759655,-32.6875
1772318575.3713708,46.412095807890246,0.4536550612333304,-8.66175344225245,-0.28356942361884396,-1.4765738913595994,9.784281235313774,0.01527562047822518,-0.0021535501418805153,-0.014180800172453928,-7.173683933145251,-7.51321602759655,-32.6875
1772318575.39718,46.412095807890246,0.4536550612333304,-8.66175344225245,-0.28356942361884396,-1.4765738913595994,9.784281235313774,0.01527562047822518,-0.0021535501418805153,-0.014180800172453928,-7.173683933145251,-7.51321602759655,-32.6875
1772318575.4110403,46.358980048993864,0.4496323420745178,-8.661958679806446,-0.29157941087508105,-1.4344236048910108,9.769468667447507,-0.003262448330430625,-0.005460167759024686,-0.025089107997418487,-8.488022229153499,-6.515633402624496,-31.0
1772318575.4245572,46.30422310966625,0.4656963569481836,-8.691505622438084,-0.29157941087508105,-1.4344236048910108,9.769468667447507,-0.0010888212400439522,-0.0010928366297451835,-0.03381575425739013,-8.488022229153499,-6.515633402624496,-31.0
1772318575.4436915,46.241008905380355,0.4737835775493192,-8.686008373586809,-0.3001996632813884,-1.436485171211212,9.759611068999732,0.01745928604286493,-0.003240363687073852,-0.04799655442984406,-8.488022229153499,-6.515633402624496,-31.0
1772318575.478032,46.241008905380355,0.4737835775493192,-8.686008373586809,-0.3001996632813884,-1.436485171211212,9.759611068999732,0.01745928604286493,-0.003240363687073852,-0.04799655442984406,-8.488022229153499,-6.515633402624496,-31.0
1772318575.5123477,46.20367757701548,0.47012944600083617,-8.64867704522194,-0.30259123892174283,-1.4378509638262333,9.753050947349326,0.02400225195738172,-0.0021374885830755894,-0.00545415391248228,-7.358997999177562,-8.701059113585004,-31.875
1772318575.5358245,46.203910237012245,0.467400889799091,-8.642258553221083,-0.30752791183626255,-1.438766040296495,9.718579254306468,-0.014192822322733077,0.006518873576309403,-0.009817477042468103,-7.358997999177562,-8.701059113585004,-31.875
1772318575.5569732,46.11325502272353,0.4595793575624472,-8.658239140176757,-0.2906810088468602,-1.472789133429314,9.695638727660487,-0.010916320128348141,0.004343238791072114,-0.061086523819801536,-7.734802591109252,-8.264250049252478,-31.0
1772318575.5892477,46.11325502272353,0.4595793575624472,-8.658239140176757,-0.2906810088468602,-1.472789133429314,9.695638727660487,-0.010916320128348141,0.004343238791072114,-0.061086523819801536,-7.734802591109252,-8.264250049252478,-31.0
1772318575.636405,46.05919056870644,0.4684010894330472,-8.65299548992427,-0.27200850450471376,-1.5104991122103073,9.670212268941183,0.008730646868857774,-0.00216559631098421,-0.009817477042468103,-8.671725841004944,-8.578475006575884,-33.875
1772318575.6629777,46.05919056870644,0.4684010894330472,-8.65299548992427,-0.27200850450471376,-1.5104991122103073,9.670212268941183,0.008730646868857774,-0.00216559631098421,-0.009817477042468103,-8.671725841004944,-8.578475006575884,-33.875
1772318575.689513,45.98433220873432,0.45901824918630046,-8.662555414561949,-0.26375354468079043,-1.4904145803615425,9.66345103919452,-0.007645841018515054,0.005440090810518529,-0.05126904677733343,-8.671725841004944,-8.578475006575884,-33.875
1772318575.7072701,45.98433220873432,0.45901824918630046,-8.662555414561949,-0.26375354468079043,-1.4904145803615425,9.66345103919452,-0.007645841018515054,0.005440090810518529,-0.05126904677733343,-8.671725841004944,-8.578475006575884,-33.875
1772318575.7338264,45.97519247464913,0.45831112973855365,-8.662311405610152,-0.26160506717342696,-1.4770547055169791,9.658951516326,-0.010920335518049372,0.00652489666086125,-0.003272492347489368,-8.234916776672419,-8.202670414644192,-33.375
1772318575.7631392,45.922310558889386,0.4515748160602178,-8.656078533537984,-0.2600644580387186,-1.5283757667947584,9.662647357534603,0.007631787154560743,0.0021957117337434457,-0.018544123302439753,-8.234916776672419,-8.202670414644192,-33.375
1772318575.7802315,45.87261342752205,0.43864798581676917,-8.653025118996585,-0.2590391998693018,-1.5625293597813024,9.665106898573676,-6.023084551847175e-06,0.0032724868046837036,-0.04581489286485115,-8.234226582023476,-8.57766977948545,-33.375
1772318575.802825,45.87261342752205,0.43864798581676917,-8.653025118996585,-0.2590391998693018,-1.5625293597813024,9.665106898573676,-6.023084551847175e-06,0.0032724868046837036,-0.04581489286485115,-8.234226582023476,-8.57766977948545,-33.375
1772318575.8252528,45.854341125163714,0.43723711009481786,-8.652532983791245,-0.30518838659163783,-1.5853443887793675,9.686814365904223,-0.003278509889235551,0.0032664637201318563,0.004363323129985824,-8.234226582023476,-8.57766977948545,-33.375
1772318575.8429399,45.82474369287721,0.4506662025508248,-8.65398745889867,-0.2623324488893182,-1.5870116632298534,9.624322873656057,-0.012027226011748864,0.015249520445167176,-0.02945243112740431,-8.234226582023476,-8.57766977948545,-33.375
1772318575.8614407,45.82474369287721,0.4506662025508248,-8.65398745889867,-0.2623324488893182,-1.5870116632298534,9.624322873656057,-0.012027226011748864,0.015249520445167176,-0.02945243112740431,-8.234226582023476,-8.57766977948545,-33.375
1772318575.8784366,45.80252332177646,0.4517152550796289,-8.660630398324175,-0.28087158511093197,-1.4644384866021032,9.632912159250402,0.00982147580375234,-0.002163588616133594,0.013089969389957472,-8.233076257608571,-9.202668720887546,-33.5
1772318575.9106896,45.740752888421284,0.4405568978419111,-8.66326972132693,-0.29320917317069484,-1.382867406788434,9.638628232864832,0.012013172147794555,-0.007613717900905202,-0.016362461737446838,-8.233076257608571,-9.202668720887546,-33.5
1772318575.9294298,45.71853273413141,0.4415991487600895,-8.669911384390916,-0.3012349979485374,-1.4289359456265296,9.642432216002508,0.010916320128348141,-0.004343238791072114,-0.02399827721492203,-8.233076257608571,-9.202668720887546,-33.5
1772318575.944175,45.71853273413141,0.4415991487600895,-8.669911384390916,-0.3012349979485374,-1.4289359456265296,9.642432216002508,0.010916320128348141,-0.004343238791072114,-0.02399827721492203,-8.233076257608571,-9.202668720887546,-33.5
1772318575.960533,45.67288955642494,0.4602694534840596,-8.668668470245384,-0.2898505644762836,-1.459563259894644,9.658344171116633,0.002149534752179284,0.017457278348014315,-0.03490658503988659,-9.857498343046569,-9.518159035067345,-34.0
1772318575.9781299,45.67288955642494,0.4602694534840596,-8.668668470245384,-0.2898505644762836,-1.459563259894644,9.658344171116633,0.002149534752179284,0.017457278348014315,-0.03490658503988659,-9.857498343046569,-9.518159035067345,-34.0
1772318576.0054433,45.69273510304692,0.4913814315355946,-8.648522316670059,-0.28227435117295324,-1.4799453954105564,9.682313846326176,0.014202860796986155,-0.01197301825078224,0.015271630954950384,-9.857498343046569,-9.518159035067345,-34.0
1772318576.027933,45.63892449553944,0.4954539184678636,-8.668015554373376,-0.2841320071579758,-1.3797881869852775,9.698265397419311,0.004379377298383197,-0.00871860069975408,-0.016362461737446838,-9.983303358417421,-9.080889840968858,-34.75
1772318576.0500805,45.63892449553944,0.4954539184678636,-8.668015554373376,-0.2841320071579758,-1.3797881869852775,9.698265397419311,0.004379377298383197,-0.00871860069975408,-0.016362461737446838,-9.983303358417421,-9.080889840968858,-34.75
1772318576.068589,45.55516812414129,0.48262612799441296,-8.67088021129211,-0.28512814353177857,-1.4435938192266349,9.698845641359332,0.005452136979622223,0.0011008674091476465,-0.05890486225480862,-9.983303358417421,-9.080889840968858,-34.75
1772318576.0997598,45.54672049439213,0.47489446402154467,-8.635774785076169,-0.2692379197257055,-1.3923620018559069,9.689196452097708,0.013087939523884198,0.0011149212731019565,0.004363323129985824,-9.981232774470595,-10.205887935492632,-34.6875
1772318576.1157687,45.50059348520805,0.5010727325334766,-8.616323226184482,-0.2586631532881944,-1.3582677996925856,9.692810359554562,0.00981746041405111,1.8069253655541523e-05,-0.03599741582238305,-9.981232774470595,-10.205887935492632,-34.6875
1772318576.128919,45.50059348520805,0.5010727325334766,-8.616323226184482,-0.2586631532881944,-1.3582677996925856,9.692810359554562,0.00981746041405111,1.8069253655541523e-05,-0.03599741582238305,-9.981232774470595,-10.205887935492632,-34.6875
1772318576.146941,45.50059348520805,0.5010727325334766,-8.616323226184482,-0.25497087039342614,-1.3355846457519567,9.68518003947515,-0.0032684714149824722,-0.0021876809543409825,-0.004363323129985824,-9.981232774470595,-10.205887935492632,-34.6875
1772318576.1735096,45.447491026277916,0.49600525227454134,-8.632077835400985,-0.27249198249352524,-1.3707027912658212,9.73362393401567,-0.009829506583154804,0.006526904355711865,-0.039269908169872414,-10.043157506403352,-10.51850243863517,-34.25
1772318576.2059386,45.414489010084885,0.5183263955090346,-8.636873503929065,-0.28392428742337794,-1.5178424483459336,9.712341017361517,0.009801398855246184,0.008744700732812085,0.003272492347489368,-10.043157506403352,-10.51850243863517,-34.25
1772318576.2221158,45.414489010084885,0.5183263955090346,-8.636873503929065,-0.28392428742337794,-1.5178424483459336,9.712341017361517,0.009801398855246184,0.008744700732812085,0.003272492347489368,-10.043157506403352,-10.51850243863517,-34.25
1772318576.2396858,45.37644208002625,0.5240790389283222,-8.603285755287114,-0.2915323586469811,-1.6157622464750818,9.714903032610533,0.023986190398576794,0.0065891428960809535,-0.0272707695624114,-9.668963368652527,-10.08031298500476,-34.0
1772318576.2626147,45.376432992481774,0.5251531383318253,-8.58772682658961,-0.3001745072910637,-1.553818905458542,9.716608025139166,-0.006550996693919254,0.003260440635580009,0.014180800172453928,-9.668963368652527,-10.08031298500476,-34.0
1772318576.2996702,45.337471097085206,0.5405737599263519,-8.595457865169209,-0.32599639692366006,-1.5126332444157007,9.744503572279513,-0.014176760763928152,-0.0022077579028471402,-0.031634092692397225,-10.730656341945657,-10.519767795491564,-34.6875
1772318576.324226,45.353269261775615,0.537989967765463,-8.604584838961339,-0.3431066951223294,-1.5253659195638396,9.766412858995054,-0.010920335518049372,0.00652489666086125,0.011999138607461015,-10.730656341945657,-10.519767795491564,-34.6875
1772318576.3605475,45.35081270721391,0.536155193075484,-8.58211625504051,-0.3544934074389893,-1.533839372641625,9.780993244561477,0.0108982508746926,0.005474221622978996,-0.00545415391248228,-10.479621473411404,-11.08180671298749,-34.0
1772318576.3818386,45.35081270721391,0.536155193075484,-8.58211625504051,-0.3544934074389893,-1.533839372641625,9.780993244561477,0.0108982508746926,0.005474221622978996,-0.00545415391248228,-10.479621473411404,-11.08180671298749,-34.0
1772318576.4003904,45.31523352733152,0.5426893920122765,-8.58656344869785,-0.3351994676020776,-1.5996410158225296,9.790696328282353,-0.012019195232346402,0.010886204705588905,-0.04254240051736178,-10.479621473411404,-11.08180671298749,-34.0
1772318576.4158792,45.273825957092036,0.5551979025679951,-8.58739730102339,-0.32258120887529146,-1.5230074568123935,9.797153622108048,-0.004383392688084429,0.010900258569543214,-0.02945243112740431,-10.479621473411404,-11.08180671298749,-34.0
1772318576.4309607,45.273825957092036,0.5551979025679951,-8.58739730102339,-0.3073336112762042,-1.558969122939726,9.871698224870057,0.009823483498602957,-0.0032544175510281622,0.0,-9.730888100585284,-10.392927488147299,-36.25
1772318576.4499712,45.273825957092036,0.5551979025679951,-8.58739730102339,-0.3073336112762042,-1.558969122939726,9.871698224870057,0.009823483498602957,-0.0032544175510281622,0.0,-9.730888100585284,-10.392927488147299,-36.25
1772318576.4664943,45.203977197044736,0.566688110745395,-8.573143762428069,-0.2973465806894056,-1.4959284529499643,9.830988809192776,0.015263574309121486,0.004391423467486891,-0.05345070834232634,-9.730888100585284,-10.392927488147299,-36.25
1772318576.4856844,45.229119590684,0.5621198015194186,-8.576059293759831,-0.2906633829451246,-1.4740462275312889,9.807242259520834,0.004383392688084429,-0.010900258569543214,0.016362461737446838,-10.980310821182025,-10.707727607678155,-35.875
1772318576.5302424,45.19179995077942,0.555535149038638,-8.58539456575433,-0.3464276982497716,-1.459594672309259,9.788094084273178,-0.006550996693919254,0.003260440635580009,-0.009817477042468103,-10.980310821182025,-10.707727607678155,-35.875
1772318576.5519311,45.16689719334392,0.5563297599691298,-8.591591999707585,-0.2696876436498212,-1.513325009308705,9.74859029388644,-2.0076948506157248e-06,0.0010908289348945679,-0.03599741582238305,-10.980310821182025,-10.707727607678155,-35.875
1772318576.5830686,45.16689719334392,0.5563297599691298,-8.591591999707585,-0.2696876436498212,-1.513325009308705,9.74859029388644,-2.0076948506157248e-06,0.0010908289348945679,-0.03599741582238305,-10.980310821182025,-10.707727607678155,-35.875
1772318576.6397843,45.19801052962677,0.5586774941888977,-8.591605144601683,-0.21277726416173562,-1.4157090778647081,9.688091967873481,-0.008710569920351617,-0.008742693037961468,0.001090830782496456,-10.542121367551614,-11.08192174542898,-35.875
1772318576.681635,45.21601371795284,0.5616604886866349,-8.614082408424549,-0.21277726416173562,-1.4157090778647081,9.688091967873481,-0.008710569920351617,-0.008742693037961468,0.001090830782496456,-10.542121367551614,-11.08192174542898,-35.875
1772318576.735187,45.14442651360084,0.5611283733956839,-8.589147910946052,-0.29364375365085343,-1.2546636434368692,9.617812296442205,0.005446113895070376,0.00437335421383135,-0.017453292519943295,-10.97904546432563,-11.39522644322046,-36.25
1772318576.7571232,45.175307394701235,0.5661460933355666,-8.59560331648264,-0.31496619798823794,-1.3101913397982674,9.631924554549816,-0.01308191643933235,-0.00438740807778566,0.038179077387375956,-10.97904546432563,-11.39522644322046,-36.25
1772318576.7818015,45.17554591463472,0.5623738197824845,-8.604717027659893,-0.3191207283829148,-1.3471259312161623,9.658041663212774,-0.010910297043796294,0.0010707519863884106,0.006544984694978736,-12.165853258340668,-11.772411424450036,-36.6875
1772318576.8053546,45.17554591463472,0.5623738197824845,-8.604717027659893,-0.3191207283829148,-1.3471259312161623,9.658041663212774,-0.010910297043796294,0.0010707519863884106,0.006544984694978736,-12.165853258340668,-11.772411424450036,-36.6875
1772318576.8312066,45.146397621135435,0.5693674837755752,-8.608950681048261,-0.33192084007596945,-1.3717239594439556,9.708873424353948,-0.003296579142891092,0.013083924134182967,-0.019634954084936207,-12.165853258340668,-11.772411424450036,-36.6875
1772318576.8710916,45.13563717931503,0.5906619917758809,-8.607150963424841,-0.33027456171730984,-1.4583224290977665,9.74270139356542,0.007621748680307665,0.007649856408216285,0.004363323129985824,-12.165853258340668,-11.772411424450036,-36.6875
1772318576.9044213,45.18921925522172,0.5893195852478491,-8.594037233750198,-0.30910834561067096,-1.515915802832879,9.775248864314438,0.004385400382935044,-0.011991087504437782,0.04254240051736178,-12.971104838349497,-15.711400177022616,-39.0625
1772318576.9219246,45.18921925522172,0.5893195852478491,-8.594037233750198,-0.30910834561067096,-1.515915802832879,9.775248864314438,0.004385400382935044,-0.011991087504437782,0.04254240051736178,-12.971104838349497,-15.711400177022616,-39.0625
1772318576.9639034,45.22654198168998,0.5948120985254992,-8.600248704323848,-0.295022465233829,-1.5542435496934568,9.796908842518839,0.001124959747355035,-0.01854208419835704,0.019634954084936207,-12.971104838349497,-15.711400177022616,-39.0625
1772318577.0248141,45.35360570260041,0.6232426075096863,-8.553943002696398,-0.29632234097462345,-1.4953541995713946,9.770774771544106,0.0021896886491915984,-0.00435930034987704,-0.014180800172453928,-12.9746708440357,-13.773903458676118,-39.0625
1772318577.0581498,45.35360570260041,0.6232426075096863,-8.553943002696398,-0.29632234097462345,-1.4953541995713946,9.770774771544106,0.0021896886491915984,-0.00435930034987704,-0.014180800172453928,-12.9746708440357,-13.773903458676118,-39.0625
1772318577.0783112,45.428716006709784,0.6277856493876496,-8.56901000178522,-0.2565245456994344,-1.4769476069455152,9.763825378393198,-0.01961885926929729,-0.008762769986467625,0.028361600344907856,-11.977893446154077,-12.022065903686403,-37.5
1772318577.129684,45.598123091429116,0.6265232749394372,-8.58941142444624,-0.22999441971844747,-1.5680038677606363,9.699291480690144,-0.028347498443304454,-0.007688002610377984,0.02399827721492203,-12.665392281696382,-12.023331260542799,-36.6875
1772318577.1597304,45.72752081634447,0.6195580425908781,-8.603172840655443,-0.19904057132002895,-1.5051998863589295,9.686148041484692,4.216159186293022e-05,-0.022907407632785926,0.08617563181722002,-12.665392281696382,-12.023331260542799,-36.6875
1772318577.1893215,45.819130839153054,0.613520080705789,-8.608067599000307,-0.16842428308908583,-1.453350749952388,9.647295224149426,-0.023968121144921254,-0.01640660331013206,0.08726646259971647,-12.665392281696382,-12.023331260542799,-36.6875
1772318577.2492342,46.17563218780518,0.6376053458900608,-8.599747944072368,-0.1480310150521379,-1.4288810469911815,9.658235337007726,-0.003246386771625699,-0.01418679923818123,0.12980886311707826,-13.03993151677168,-12.274021031752579,-37.875
1772318577.2794871,46.550767865202594,0.6225178964581245,-8.585761145050094,-0.18462380012025656,-1.4193792962260394,9.635409854539983,0.015329828239191805,-0.03160593138403385,0.18980455615438332,-13.03993151677168,-12.274021031752579,-37.875
1772318577.3418348,47.12991409384578,0.6133719612716458,-8.56682104487229,-0.26238676512549947,-1.4733664038504921,9.643635532886282,0.009881706649270813,-0.03488845666297063,0.210530341021816,-12.539127136559571,-12.710600031202123,-37.5
1772318577.3739204,47.449010204691824,0.6670350504769199,-8.598120997618784,-0.2773348264687276,-1.5125716027800238,9.649109629938897,-0.01631224165215312,-0.02730083879512343,0.1189005552921137,-12.539127136559571,-12.710600031202123,-37.5
1772318577.406159,47.449010204691824,0.6670350504769199,-8.598120997618784,-0.2773348264687276,-1.5125716027800238,9.649109629938897,-0.01631224165215312,-0.02730083879512343,0.1189005552921137,-12.539127136559571,-12.710600031202123,-37.5
1772318577.441968,47.97859626893341,0.6762117447525511,-8.646897970731423,-0.28728259431185965,-1.5386622247168593,9.65275258037774,0.0044155158056942805,-0.0283535215278563,0.11344640137963143,-13.539010410361433,-12.774940444406178,-37.875
1772318577.488515,48.304846330988276,0.754483016743148,-8.713195259613576,-0.27387518363160707,-1.532572559422672,9.671902481736964,-0.03493463364453479,0.015207358853304246,0.1189005552921137,-13.539010410361433,-12.774940444406178,-37.875
1772318577.5320451,48.304846330988276,0.754483016743148,-8.713195259613576,-0.27387518363160707,-1.532572559422672,9.671902481736964,-0.03493463364453479,0.015207358853304246,0.1189005552921137,-13.539010410361433,-12.774940444406178,-37.875
1772318577.5688744,48.852435591536945,0.8211252350016082,-8.713360305936424,-0.25161537462150896,-1.5050795859373376,9.657885633514558,-0.0076117102060545856,-0.013104001082689125,0.18544123302439752,-13.726280027899081,-12.90028533001107,-38.0
1772318577.6242461,49.34803774532309,0.9099000758856728,-8.686666476126828,-0.25013904735662884,-1.510223688457556,9.648557577601002,0.0022137809873989875,-0.017449247568611853,0.1832595714594046,-13.726280027899081,-12.90028533001107,-38.0
1772318577.6671166,49.8848605383911,0.9506420196865407,-8.682174393932199,-0.23581924108052654,-1.4902066619632997,9.642349860591743,2.6100033058004424e-05,-0.014180776153629383,0.16035212502697901,-12.537861779703176,-13.398098866744428,-38.6875
1772318577.7811928,50.40903126708106,0.9904311396240049,-8.677860030064895,-0.27971891550270467,-1.5271606529288102,9.65494425280342,0.0011229520525044194,-0.01745125526346247,0.14289883250703572,-12.537861779703176,-13.398098866744428,-38.6875
1772318577.8386033,50.93496250232097,1.0086114469815608,-8.660254125573106,-0.3056685900419391,-1.508260585831678,9.663325680131711,0.010952458635659223,-0.023978159619174332,0.15271630954950383,-13.038551127473795,-13.024019761435094,-38.6875
1772318577.8869889,51.880229295897664,1.0428022664779806,-8.62284897282554,-0.3229378085709414,-1.4956828023061197,9.668903426392012,-0.011975025945632855,-0.013112031862091587,0.1461713248545251,-14.727543690998829,-12.214627013532612,-39.0625
1772318577.9321182,51.880229295897664,1.0428022664779806,-8.62284897282554,-0.3229378085709414,-1.4956828023061197,9.668903426392012,-0.011975025945632855,-0.013112031862091587,0.1461713248545251,-14.727543690998829,-12.214627013532612,-39.0625
1772318577.9674053,52.261690448546084,1.0589581977168967,-8.625518100942314,-0.3010100038863796,-1.4705253302466574,9.649199572269497,-0.0032363482973726205,-0.019640943912654068,0.14508049407202864,-14.727543690998829,-12.214627013532612,-39.0625
1772318578.0111668,52.80816552985886,1.0907263242978522,-8.633062947090107,-0.2864172948184319,-1.4537833136184621,9.649467324286714,3.0115422759235868e-05,-0.016362434023418516,0.15926129424448257,-13.852775237918875,-12.088016771071326,-39.0625
1772318578.0494163,53.04836779138281,1.108827074165373,-8.630570776226925,-0.30001093088192904,-1.5028966945133095,9.649645510263186,-0.004341231096221499,-0.012007149063242708,0.1308996938995747,-13.852775237918875,-12.088016771071326,-39.0625
1772318578.1235461,53.423287919798895,1.1308130214046737,-8.614430367650657,-0.3090573438313218,-1.5355811008664182,9.720011436893767,0.010942420161406145,-0.018524014944701496,0.13853550937704992,-15.932590554944777,2034.7866221967129,-39.875
1772318578.2426045,53.85378179412058,1.1632383272811486,-8.610241996076136,-0.305042312469546,-1.5573137379600657,9.766839175027515,-0.0010667365966871793,-0.01309195491358543,0.15707963267948966,-15.932590554944777,2034.7866221967129,-39.875
1772318578.3029594,54.77969596979855,1.2012879311015396,-8.585201790838916,-0.3024134511421994,-1.5483608228858254,9.774586729704179,-0.005418006167161756,-0.019644959302355297,0.11780972450961724,-12.727432046070632,-12.273445869545126,-40.5
1772318578.397699,55.727372011487915,1.238438496176148,-8.60082252056015,-0.3106130970335458,-1.5892527127213358,9.73960130030781,0.004399454246889354,-0.019626890048699757,0.1538071403320003,-12.727432046070632,-12.273445869545126,-40.5
1772318578.478157,56.3954017172061,1.242068663722205,-8.610511929602959,-0.3160637130363226,-1.6198109146560422,9.71297377615006,-0.013051801016573116,-0.020749842101204178,0.17562375598192942,-13.16769208364787,-10.77425363727053,-41.75
1772318578.55386,57.062990318104326,1.2570608433623478,-8.582337212574203,-0.30296550689122925,-1.640116272976767,9.695253456272011,0.0076920180000792145,-0.030529156313093588,0.1439896632895322,-13.16769208364787,-10.77425363727053,-41.75
1772318578.6136935,57.062990318104326,1.2570608433623478,-8.582337212574203,-0.30296550689122925,-1.640116272976767,9.695253456272011,0.0076920180000792145,-0.030529156313093588,0.1439896632895322,-13.16769208364787,-10.77425363727053,-41.75
1772318578.6943743,57.81965607009372,1.3030180367059019,-8.539964949628361,-0.2943596183718437,-1.5934173533662392,9.720257010122626,-0.017449247568611853,-0.002213780987398987,0.11780972450961724,-14.168150519657184,-10.526094579773538,-40.5625
1772318578.7818122,58.05010935234769,1.3318282327563578,-8.514977579090745,-0.28863249569626637,-1.5623397440265456,9.736896595902213,0.018556138062311347,-0.00651084279690694,0.06326818538479445,-14.168150519657184,-10.526094579773538,-40.5625
1772318578.842237,58.74852333682314,1.3539977872554427,-8.53958024075407,-0.2922831355631331,-1.54798354054106,9.575597682439573,0.0011129135782513408,-0.01199711058898963,0.09926560120717749,-14.543149884498442,-10.526784774422481,-40.5625
1772318578.8920898,59.092804575741205,1.370113984288017,-8.532728962761388,-0.2270263973519107,-1.538683439849737,9.8279536848896,0.0010707519863884106,0.010910297043796294,0.1090830782496456,-14.5424596898495,-10.901784139263738,-41.0
1772318578.9300547,59.468893320448466,1.3815930770949905,-8.513150017625472,-0.17019987264621111,-1.542505017885664,9.952407333323684,-0.0021394962779262053,-0.022911423022487155,0.13962634015954636,-14.5424596898495,-10.901784139263738,-41.0
1772318578.9646027,59.79119098059171,1.3994951175461061,-8.512758430765947,-0.13240092547404655,-1.5350129172542069,10.158998979289038,0.012019195232346402,-0.010886204705588905,0.09817477042468103,-14.544530273796328,-9.776786044739966,-40.1875
1772318579.043296,60.048360824119996,1.4551210805332737,-8.488954408057731,-0.20760548636017134,-1.5268666041907464,10.172714278728266,-0.0185119687755978,-0.017487393770773553,0.06981317007977318,-14.544530273796328,-9.776786044739966,-40.1875
1772318579.110591,60.048360824119996,1.4551210805332737,-8.488954408057731,-0.20760548636017134,-1.5268666041907464,10.172714278728266,-0.0185119687755978,-0.017487393770773553,0.06981317007977318,-14.544530273796328,-9.776786044739966,-40.1875
1772318579.160704,60.50471194983998,1.4853587445512229,-8.47660552075334,-0.2577641028935215,-1.4612334151000375,10.305610790465957,0.045770645978858306,0.02408255975140635,0.06326818538479445,-13.356457122924892,-10.087099899052696,-41.375
1772318579.2030869,60.66757511697327,1.5014727570196986,-8.439990180070795,-0.28110878376346377,-1.4175367907053282,10.78877511593977,-0.07956024292753189,-0.03832557444540482,0.07635815477475191,-13.356457122924892,-10.087099899052696,-41.375
1772318579.281866,60.87779273749684,1.504860509753365,-8.444183491327491,-0.2598667118741861,-1.378354133008836,11.110315577243428,0.004371346518980734,-0.004355284960175808,0.05235987755982989,-13.980190707470594,-10.775749059009906,-43.0
1772318579.3380342,60.92325236844059,1.487657260770596,-8.464199983759956,-0.24573035032136267,-1.3522785120107863,10.176923846788165,-0.035933108616301036,-0.034972779846696486,0.02945243112740431,-13.980190707470594,-10.775749059009906,-43.0
1772318579.3668633,60.92325236844059,1.487657260770596,-8.464199983759956,-0.24573035032136267,-1.3522785120107863,10.176923846788165,-0.035933108616301036,-0.034972779846696486,0.02945243112740431,-13.980190707470594,-10.775749059009906,-43.0
1772318579.466111,61.45095446787126,1.4904594418776982,-8.478454908225878,-0.48589808201721707,-1.563412090243079,8.54954852812392,0.03271282187773334,0.006605204454885879,0.08835729338221293,-15.355188378555205,-10.778279772722694,-42.5625
1772318579.5233433,61.75263759271202,1.4874546082683555,-8.513912014906573,-0.46951623567989986,-1.599336887174463,8.16501170416801,0.0021455193624780526,0.01963893621780345,0.061086523819801536,-13.858641892434887,-8.900522169920636,-43.0
1772318579.543413,61.842817201240976,1.503815717924322,-8.515339079866404,-0.43859291762548835,-1.5964466494427012,8.922675590700907,0.039215633895237814,0.029524658256775495,0.0545415391248228,-13.858641892434887,-8.900522169920636,-43.0
1772318579.5672624,61.98190068744988,1.4949107729501052,-8.50863569468195,-0.41800148141263804,-1.6012134406013132,9.426892443528374,-0.018471814878585485,-0.039303972468664905,0.09490227807719166,-13.858641892434887,-8.900522169920636,-43.0
1772318579.5941014,62.15567877032496,1.4886142972286218,-8.501768067843308,-0.32737298516330987,-1.5975538697228304,9.969840052467553,-0.0021334731933743585,-0.02618390982717086,0.10690141668465268,-13.857951697785944,-9.275521534761895,-42.5625
1772318579.6217132,62.15567877032496,1.4886142972286218,-8.501768067843308,-0.32737298516330987,-1.5975538697228304,9.969840052467553,-0.0021334731933743585,-0.02618390982717086,0.10690141668465268,-13.857951697785944,-9.275521534761895,-42.5625
1772318579.6708305,62.423803792484506,1.5217988362567312,-8.506634605118087,-0.27059669833544236,-1.4914263356382131,9.966548444996569,-0.06101414333947363,-0.03938227256783892,0.11017390903214205,-13.857951697785944,-9.275521534761895,-42.5625
1772318579.707477,62.423803792484506,1.5217988362567312,-8.506634605118087,-0.27059669833544236,-1.4914263356382131,9.966548444996569,-0.06101414333947363,-0.03938227256783892,0.11017390903214205,-13.857951697785944,-9.275521534761895,-42.5625
1772318579.729551,62.55361464091821,1.6054793831766025,-8.410685172276478,-0.22946760764266294,-1.420793490485267,10.328975093092106,0.025014780793102275,0.04040684757266317,0.037088246604879506,-14.983064824751207,-9.215092224568512,-43.0
1772318579.768231,62.55361464091821,1.6054793831766025,-8.410685172276478,-0.22946760764266294,-1.420793490485267,10.328975093092106,0.025014780793102275,0.04040684757266317,0.037088246604879506,-14.983064824751207,-9.215092224568512,-43.0
1772318579.8269696,63.15438166389771,1.5126205839024915,-8.527196058625794,-0.2059937689527015,-1.4428416918607399,11.410367853113458,-0.03484428737625708,-0.0338799432169513,0.12435470920459599,-14.671140516257612,-8.902017591660012,-43.375
1772318579.8469536,63.286710733388645,1.515147897744577,-8.513636818754017,-0.24320643418510038,-1.462157950302459,10.222730146039437,-0.03700185290783883,-0.04697390582538735,0.08944812416470939,-14.671140516257612,-8.902017591660012,-43.375
1772318579.8741796,63.286710733388645,1.515147897744577,-8.513636818754017,-0.24320643418510038,-1.462157950302459,10.222730146039437,-0.03700185290783883,-0.04697390582538735,0.08944812416470939,-14.671140516257612,-8.902017591660012,-43.375
1772318579.905776,63.49119502220041,1.5169927506495204,-8.50253471084746,-0.26792179326960963,-1.5017735528507916,9.432370518764142,0.011983056725035319,0.008748716122513316,0.06872233929727672,-15.047060140630792,-8.402708633187277,-42.1875
1772318579.932027,63.65764930339941,1.524872915720147,-8.519806819772228,-0.2676933123790727,-1.5013456617699765,9.334569314244845,-0.03484027198655585,-0.03606160108674044,0.1407171709420428,-15.047060140630792,-8.402708633187277,-42.1875
1772318579.968215,63.95617433346349,1.5344637229059443,-8.548601413370703,-0.2675535743824551,-1.4943706929525225,9.269483705148293,-0.02068358817113386,-0.022945553834947622,0.10362892433716332,-16.171368040505623,-8.779778581975364,-42.5
1772318580.001271,64.1029485614042,1.5513571546481952,-8.54283043988773,-0.23066441385002567,-1.4896612049594653,9.697830710080462,0.030535179397645437,0.004419531195395511,0.12217304763960307,-16.171368040505623,-8.779778581975364,-42.5
1772318580.0188048,64.1029485614042,1.5513571546481952,-8.54283043988773,-0.23066441385002567,-1.4896612049594653,9.697830710080462,0.030535179397645437,0.004419531195395511,0.12217304763960307,-16.171368040505623,-8.779778581975364,-42.5
1772318580.0414822,64.29968454823697,1.5734940275628966,-8.551961419817879,-0.20597348453165318,-1.5634645322633403,9.98289085691325,-0.006579104421827874,0.01853204572410396,0.10690141668465268,-16.171368040505623,-8.779778581975364,-42.5
1772318580.0875,64.58219107862138,1.5946546754870616,-8.548327692346826,-0.189541946886029,-1.6125798221468837,10.172595200299986,-0.006542965914516792,-0.0011028751039982622,0.12544553998709243,-15.483409075197356,-9.028512801679806,-43.75
1772318580.1126852,64.83513991576632,1.6188366072506508,-8.565931571589704,-0.2756150173390802,-1.6454440444248168,9.70675654949196,-0.04253228998663506,-0.005532444773646852,0.11453723216212788,-15.483409075197356,-9.028512801679806,-43.75
1772318580.1413903,64.96240457961454,1.6068846079417496,-8.569674676639377,-0.33295725164506873,-1.6338637568182222,9.396746131137913,-0.01193085665891931,-0.03711026842977208,0.11671889372712078,-15.48421430228779,-8.59101354269834,-43.375
1772318580.1607265,65.15316649355375,1.6351685462098324,-8.550014144119098,-0.30760395042528244,-1.6026244843902302,9.100119644668952,-0.02614576362500916,-0.01859227656962243,0.10035643198967395,-15.48421430228779,-8.59101354269834,-43.375
1772318580.195312,65.3935983245286,1.617654233220097,-8.568904872817615,-0.29082396280646655,-1.531658506932227,8.71873688755626,0.02507902702832198,0.005500321656037001,0.09272061651219876,-15.484904496936732,-8.216014177857083,-44.1875
1772318580.2281656,65.3935983245286,1.617654233220097,-8.568904872817615,-0.29082396280646655,-1.531658506932227,8.71873688755626,0.02507902702832198,0.005500321656037001,0.09272061651219876,-15.484904496936732,-8.216014177857083,-44.1875
1772318580.2619112,65.57934970358174,1.625316782963867,-8.595577219473764,-0.279564717362868,-1.5346080322985498,8.464930923022308,-0.017469324517118013,0.00869450836154669,0.0916297857297023,-15.484904496936732,-8.216014177857083,-44.1875
1772318580.3000317,65.98918424182763,1.6325825812345915,-8.605045902398876,-0.2920931976083068,-1.563368697264802,8.995154235653109,0.008746708427662701,-0.010892227790140752,0.10253809355466686,-15.048210465045697,-7.777709691785183,-43.375
1772318580.333089,66.28210867857112,1.6469705374787555,-8.589269230857369,-0.29374054917632353,-1.582496285038428,9.348011927226414,-0.003262448330430625,-0.005460167759024686,0.13744467859455345,-15.048210465045697,-7.777709691785183,-43.375
1772318580.3786657,66.68077063714591,1.6748385199473486,-8.59297265435903,-0.3014593311651961,-1.6320339609730126,9.582834779289763,-0.009771283432486948,-0.025107134756230602,0.14508049407202864,-14.673671229970402,-7.527019920575401,-44.5
1772318580.4365876,66.97295620683629,1.6987597887897228,-8.578990509230668,-0.34006562499509224,-1.6550269802295177,9.341038471023783,0.00435930034987704,0.0021896886491915984,0.10581058590215622,-14.673671229970402,-7.527019920575401,-44.5
1772318580.4782722,66.97295620683629,1.6987597887897228,-8.578990509230668,-0.34006562499509224,-1.6550269802295177,9.341038471023783,0.00435930034987704,0.0021896886491915984,0.10581058590215622,-14.673671229970402,-7.527019920575401,-44.5
1772318580.5021641,67.16565981347262,1.6995928555824174,-8.56825245299872,-0.36575768227832867,-1.6703285776958672,9.136639276719364,0.021806540223638277,0.005494298571485153,0.0818123086872342,-14.548326344365512,-7.714289538113049,-44.5625
1772318580.531845,67.42613189866962,1.7249519220109948,-8.58582775473691,-0.32625339659582114,-1.5365673954828125,9.00061389619838,0.005434067725966682,0.010918327823198756,0.09599310885968812,-14.548326344365512,-7.714289538113049,-44.5625
1772318580.556503,67.7442352722897,1.7409727656140692,-8.569250122772102,-0.2999637357658982,-1.4475508229303349,9.100761892281934,-0.00649678893295263,-0.026191940606573323,0.14508049407202864,-15.050050984109543,-6.777711385541829,-44.1875
1772318580.5773835,67.7442352722897,1.7409727656140692,-8.569250122772102,-0.2999637357658982,-1.4475508229303349,9.100761892281934,-0.00649678893295263,-0.026191940606573323,0.14508049407202864,-15.050050984109543,-6.777711385541829,-44.1875
1772318580.6083395,68.05653731490075,1.7546310620098369,-8.562647247719084,-0.2824190062233941,-1.4150721366090446,9.247691945924785,0.0022097655976977557,-0.015267589698822718,0.14508049407202864,-15.050050984109543,-6.777711385541829,-44.1875
1772318580.6372519,68.45437200869597,1.7688649583934895,-8.558659121593418,-0.27399593961382224,-1.4436406810375055,9.345472255307861,-0.017429170620105697,-0.013122070336344665,0.1407171709420428,-14.67298103532146,-7.902019285416659,-43.375
1772318580.6628728,68.45437200869597,1.7688649583934895,-8.558659121593418,-0.27399593961382224,-1.4436406810375055,9.345472255307861,-0.017429170620105697,-0.013122070336344665,0.1407171709420428,-14.67298103532146,-7.902019285416659,-43.375
1772318580.7026322,68.73333933191606,1.7604459709957168,-8.54863976882204,-0.26836585590949935,-1.4760331523891514,9.413889070631992,0.004413508110843665,-0.027262692592961733,0.1734420944169365,-14.67298103532146,-7.902019285416659,-43.375
1772318580.7196343,69.13588323889051,1.7671010890639232,-8.533408505945324,-0.26793957717047034,-1.510976561133982,9.459419696964297,-0.009773291127337564,-0.024016305821336032,0.14508049407202864,-14.238242554935761,-6.401216598961196,-43.375
1772318580.7605226,69.3885285746459,1.7685671019473692,-8.541096155412198,-0.2676558934314921,-1.534231009310215,9.489719820178024,-0.011966995166230393,-0.01747534760166986,0.14944381720201447,-14.238242554935761,-6.401216598961196,-43.375
1772318580.7861845,69.75582730262705,1.7747144095313148,-8.541688143362986,-0.2708368380811434,-1.536332317378102,9.509884213702206,-0.011954948997126699,-0.024020321211037265,0.16907877128695067,-15.05166143829041,-5.902712867578894,-44.1875
1772318580.8518693,70.08181171868979,1.7893165972496297,-8.535096283612223,-0.2729845049213464,-1.5210051842165608,9.529993615756151,-0.0010566981224341006,-0.01854609958805827,0.13962634015954636,-15.05166143829041,-5.902712867578894,-44.1875
1772318580.9649682,71.11693256346429,1.8215641210713698,-8.515912732500093,-0.2810018469008201,-1.4683265612811303,9.552282157300343,-0.014156683815421994,-0.013116047251792818,0.15271630954950383,-13.674593183258972,-7.025180248389878,-44.0625
1772318581.014805,71.11693256346429,1.8215641210713698,-8.515912732500093,-0.2810018469008201,-1.4683265612811303,9.552282157300343,-0.014156683815421994,-0.013116047251792818,0.15271630954950383,-13.674593183258972,-7.025180248389878,-44.0625
1772318581.055971,71.61847501776165,1.8352333440382766,-8.499208531249359,-0.28306968381429465,-1.4891346941160228,9.544828526775373,0.006585127506379722,-0.02180453252878766,0.14289883250703572,-14.989851738799143,-5.527598470296147,-43.5625
1772318581.096502,72.1227570917263,1.8185486444439993,-8.452583051347522,-0.2877909122224744,-1.5029884308174377,9.66363735209433,0.012041279875703175,-0.022885322989429153,0.18544123302439752,-14.989851738799143,-5.527598470296147,-43.5625
1772318581.198147,73.39564062225328,1.772030932256763,-8.466049385096284,-0.31763284486468596,-1.4715570671238474,9.708430637607268,-0.001046659648181022,-0.024000244262531105,0.20289452554434081,-12.740085614634578,-5.398457514122072,-43.25
1772318581.2540817,73.91449279635374,1.7444540913487914,-8.428639343800096,-0.33094914044094015,-1.4444961722791134,9.702265383443924,0.02625819453664364,-0.042494143784473366,0.18762289458939044,-13.180345652211816,-3.899265281847475,-44.25
1772318581.2880812,74.18744392225403,1.7126703596876276,-8.437032783280735,-0.33293607205510006,-1.5268283168116352,9.721578257619857,6.424623521970319e-05,-0.03490652591662617,0.11235557059713497,-13.180345652211816,-3.899265281847475,-44.25
1772318581.3538768,74.60976138917272,1.7440827576927331,-8.465803340261342,-0.3208779286827863,-1.5815948123202397,9.734430759644999,-0.016352395549165438,-0.005484260097232074,0.12871803233458182,-12.868076246393748,-3.7736903313596035,-43.5625
1772318581.407716,75.02930860216456,1.806658916965269,-8.523363397126513,-0.31954358104982716,-1.6180536167831117,9.742983956170876,-0.03054722556674913,0.0021254424139718953,0.1461713248545251,-12.868076246393748,-3.7736903313596035,-43.5625
1772318581.4814363,75.58667095662365,1.8333424227721702,-8.552568936338986,-0.31889570053858524,-1.511857408262568,9.75536623632802,0.004417523500544896,-0.029444350462750866,0.14508049407202864,-12.556842132549097,-3.085616333609846,-44.5625
1772318581.5402653,76.00811015280604,1.810127924631718,-8.544204226732981,-0.3182552140721407,-1.554918623193007,9.713429829843678,0.005520398604543158,-0.03598731637726766,0.19525871006686563,-12.556842132549097,-3.085616333609846,-44.5625
1772318581.6059945,76.89714170570217,1.8227827772729646,-8.518511204191373,-0.2942751077709315,-1.5235340256431893,9.689210362491,-0.0010566981224341006,-0.01854609958805827,0.12980886311707826,-11.993077728430814,-3.772079877178738,-44.25
1772318581.6420581,76.89714170570217,1.8227827772729646,-8.518511204191373,-0.2942751077709315,-1.5235340256431893,9.689210362491,-0.0010566981224341006,-0.01854609958805827,0.12980886311707826,-11.993077728430814,-3.772079877178738,-44.25
1772318581.6777568,77.43841655394041,1.7929828847241496,-8.512082761381414,-0.2785901906458062,-1.4890538515170593,9.702854951887867,-0.008682462192442997,-0.024014298126485416,0.17671458676442586,-12.555921873017173,-3.585615486731523,-45.0625
1772318581.7691414,78.18823134268462,1.774237205862923,-8.497449272283564,-0.26807201586675566,-1.5095940593445867,9.748731502491944,-0.008674431413040534,-0.02837761386606369,0.20289452554434081,-12.555921873017173,-3.585615486731523,-45.0625
1772318581.8048792,79.06689457095861,1.7585283133110237,-8.495529708811063,-0.22767663830867868,-1.4930958164123425,9.77926183444431,-0.007589625562697813,-0.02510311936652937,0.19198621771937624,-12.996872105243353,-1.7114238896156682,-43.0
1772318581.863765,79.06689457095861,1.7585283133110237,-8.495529708811063,-0.22767663830867868,-1.4930958164123425,9.77926183444431,-0.007589625562697813,-0.02510311936652937,0.19198621771937624,-12.996872105243353,-1.7114238896156682,-43.0
1772318581.9046164,80.21021807810952,1.7824084972759604,-8.492501935761005,-0.22289939752854288,-1.5283697850273787,9.752912190989077,-0.004341231096221499,-0.012007149063242708,0.18980455615438332,-12.372103228724239,-1.5852737769203447,-43.25
1772318581.9534853,80.21021807810952,1.7824084972759604,-8.492501935761005,-0.22289939752854288,-1.5283697850273787,9.752912190989077,-0.004341231096221499,-0.012007149063242708,0.18980455615438332,-12.372103228724239,-1.5852737769203447,-43.25
1772318581.9765549,80.61283704088285,1.7924993846957467,-8.484506118490678,-0.23769447049529865,-1.5391157934332005,9.735212472035329,-0.0032363482973726205,-0.019640943912654068,0.17235126363444003,-12.372103228724239,-1.5852737769203447,-43.25
1772318582.0028837,81.0361854445206,1.788873061976538,-8.47997637930858,-0.22085961559505116,-1.5027315095118667,9.726778618497745,-0.0010305980893760961,-0.032726875741687644,0.18544123302439752,-12.37221826116573,-1.5227738827801351,-43.75
1772318582.0315368,81.0361854445206,1.788873061976538,-8.47997637930858,-0.22085961559505116,-1.5027315095118667,9.726778618497745,-0.0010305980893760961,-0.032726875741687644,0.18544123302439752,-12.37221826116573,-1.5227738827801351,-43.75
1772318582.088317,81.49781694873003,1.8033019502693095,-8.471288192770757,-0.25314258625627234,-1.4785982126455859,9.7211659831808,-0.0032202867385676946,-0.02836757539181061,0.21489366415180183,-12.37221826116573,-1.5227738827801351,-43.75
1772318582.1093843,81.96082919685803,1.797273977098814,-8.47090139602768,-0.2713245337584655,-1.4391158741351986,9.777642847806366,-0.015239481970914098,-0.017481370686221704,0.1439896632895322,-11.562135318614303,-0.2087806840963582,-43.75
1772318582.13231,82.3315444077295,1.7652752254044968,-8.46072009811069,-0.28333206558749313,-1.4630174095258686,9.728254665936461,-0.008664392938787456,-0.03383175854053653,0.16580627893946132,-11.562135318614303,-0.2087806840963582,-43.75
1772318582.1667564,82.54043183123187,1.7609877902196516,-8.45648299688645,-0.2745296895186725,-1.5156889970780307,9.69538738260418,-0.009771283432486948,-0.025107134756230602,0.18980455615438332,-11.562135318614303,-0.2087806840963582,-43.75
1772318582.2083588,83.10250692451609,1.7518122752004321,-8.464494880310957,-0.2686471796063838,-1.564121774379866,9.673514572698158,-0.011950933607425466,-0.0262019790808264,0.20289452554434081,-10.874866547954978,-0.08251553895954429,-42.875
1772318582.2637055,83.48072650152005,1.7390697199524778,-8.476275537404172,-0.2881481772622964,-1.5963963438377415,9.69909980252883,-0.003218279043717079,-0.029458404326705177,0.1538071403320003,-10.874866547954978,-0.08251553895954429,-42.875
1772318582.2848575,83.94402516723328,1.7175878614398126,-8.490957555412306,-0.30119359752243713,-1.5810785428247378,9.726161822297355,-0.017417124451002002,-0.01966704394571207,0.1712604328519436,-11.187596083539006,0.04190908711342274,-43.6875
1772318582.318871,83.94402516723328,1.7175878614398126,-8.490957555412306,-0.3098936492042721,-1.56084939923709,9.760896852687338,0.0022198040719508343,-0.020721734373295556,0.17016960206944712,-11.187596083539006,0.04190908711342274,-43.6875
1772318582.4005713,85.01600416236894,1.7212497530813369,-8.5059518836821,-0.2722339983241116,-1.5272364562604812,9.784012627396159,-0.008688485276994845,-0.020741811321801716,0.17235126363444003,-10.374292232625848,-0.3940947501286688,-44.25
1772318582.441201,85.01600416236894,1.7212497530813369,-8.5059518836821,-0.2722339983241116,-1.5272364562604812,9.784012627396159,-0.008688485276994845,-0.020741811321801716,0.17235126363444003,-10.374292232625848,-0.3940947501286688,-44.25
1772318582.489792,85.48310959254192,1.7099625488999388,-8.53156894156314,-0.24719039157483372,-1.494832100066181,9.82950192261063,-0.020681580476283244,-0.02403638276984219,0.16907877128695067,-10.374292232625848,-0.3940947501286688,-44.25
1772318582.5356307,86.0489103746308,1.7066708900699143,-8.546214556349907,-0.20714534919921582,-1.45315362955709,9.802907641402708,3.8146202161698776e-05,-0.02072574976299679,0.17016960206944712,-10.689782546805649,1.2303273353093283,-43.75
1772318582.5573692,86.3363963281734,1.713429722089424,-8.536482483069861,-0.18049582083067592,-1.4254170730123115,9.788554556043742,-0.005411983082609909,-0.022917446107039004,0.17780541754692233,-10.689782546805649,1.2303273353093283,-43.75
1772318582.5771766,86.3363963281734,1.713429722089424,-8.536482483069861,-0.18049582083067592,-1.4254170730123115,9.788554556043742,-0.005411983082609909,-0.022917446107039004,0.17780541754692233,-10.689782546805649,1.2303273353093283,-43.75
1772318582.604242,86.74078104775205,1.6783870012496547,-8.55297537742821,-0.15931108674287983,-1.4638193504332728,9.779002738071819,0.00878887001952563,-0.033799635422926674,0.17671458676442586,-9.19059031453105,1.6705873728865657,-42.25
1772318582.6548436,87.03458602778012,1.6602024557549213,-8.567550824775601,-0.16193841306400816,-1.4894064207847155,9.772646109912303,-0.017407085976748924,-0.02512118862018491,0.17235126363444003,-9.19059031453105,1.6705873728865657,-42.25
1772318582.6734629,87.48214992945148,1.6436879740063228,-8.579683177101543,-0.17038939494832545,-1.4997564316780043,9.765070733173015,-0.013045777932021269,-0.024022328905887878,0.14835298641951802,-10.065013670286532,1.3564774480046518,-43.75
1772318582.6972082,87.72559519021118,1.6368449179976512,-8.590478704196936,-0.1760565261817615,-1.4832285060196915,9.733268510916966,-0.01195896438682793,-0.021838663341248128,0.1439896632895322,-10.065013670286532,1.3564774480046518,-43.75
1772318582.7217991,87.90494679545105,1.6254733275137176,-8.592630441801957,-0.1898632568361519,-1.4722478263487155,9.73886538091822,-0.0021415039727768212,-0.021820594087592588,0.15817046346198613,-10.065013670286532,1.3564774480046518,-43.75
1772318582.7509472,88.21618898552383,1.6330743874132825,-8.642231378843942,-0.19888524982492511,-1.5552581698107932,9.74928025879756,0.003567617947724215,-0.16034583034494962,0.12762720155208535,-9.56627987402125,2.0448965430788806,-44.6875
1772318582.7945673,88.50455972492439,1.6198553099113338,-8.66259880468801,-0.20488928537668846,-1.610500626098511,9.759556355391771,-0.00869049297184546,-0.019650982386907146,0.08508480103472356,-9.56627987402125,2.0448965430788806,-44.6875
1772318582.8597465,88.83253612847228,1.6098592342620412,-8.672647889013383,-0.19571996576623915,-1.5301605252388475,9.766394982883698,0.012035256791151328,-0.019612836184745446,0.09272061651219876,-8.753091055549584,1.6713925999769987,-43.6875
1772318582.9175115,88.97669841403726,1.6058103327474536,-8.675141329580846,-0.1561668255783546,-1.476633518155792,9.804397130160295,-0.009777306517038795,-0.021834647951546896,0.09053895494720585,-8.753091055549584,1.6713925999769987,-43.6875
1772318582.9586158,89.22425743657827,1.6096151859681054,-8.686497386631924,-0.10642891033024443,-1.4409687956847899,9.82968713466107,-0.02944234276790025,-0.005508352435439463,0.1265363707695889,-8.378781885357268,2.047082159467199,-43.375
1772318582.9790604,89.48181974521385,1.6142840627787685,-8.687836619847491,-0.07327962940660136,-1.443995169613506,9.950215813075374,-0.010866127757082747,-0.022927484581292082,0.16035212502697901,-8.378781885357268,2.047082159467199,-43.375
1772318583.0103793,89.73430626135541,1.6235102800690033,-8.674071347648827,-0.09469937505146458,-1.449434331342053,9.950143621190872,-0.014144637646318299,-0.019661020861160224,0.15271630954950383,-8.378781885357268,2.047082159467199,-43.375
1772318583.0476084,90.00128919276423,1.633826210132933,-8.680161653339391,-0.12890147791560908,-1.5199930939944757,9.950095578298171,-0.0108601046725309,-0.026199971385975785,0.16035212502697901,-9.87900940960528,2.1693211691518477,-43.5625
1772318583.07394,90.00128919276423,1.633826210132933,-8.680161653339391,-0.12890147791560908,-1.5199930939944757,9.950095578298171,-0.0108601046725309,-0.026199971385975785,0.16035212502697901,-9.87900940960528,2.1693211691518477,-43.5625
1772318583.1013625,90.38276577272389,1.6429631024149458,-8.665210203590373,-0.15167490879291043,-1.5602589502636108,9.81291402628966,-0.009787344991291873,-0.016380503277074056,0.17562375598192942,-9.87900940960528,2.1693211691518477,-43.5625
1772318583.1684763,91.13646641817185,1.6455267790208103,-8.669175996284446,-0.20266270214807908,-1.548068576013848,9.75787514312586,-0.020697642035088167,-0.015309751290685649,0.136353847812057,-9.193696190451293,3.3580845146722247,-43.25
1772318583.1833723,91.13646641817185,1.6455267790208103,-8.669175996284446,-0.20266270214807908,-1.548068576013848,9.75787514312586,-0.020697642035088167,-0.015309751290685649,0.136353847812057,-9.193696190451293,3.3580845146722247,-43.25
1772318583.2094533,91.30003729006211,1.648048873711661,-8.667174940420791,-0.22428258645511154,-1.5221191644111542,9.782001713437703,-0.009787344991291873,-0.016380503277074056,0.14508049407202864,-9.193696190451293,3.3580845146722247,-43.25
1772318583.2389383,91.30003729006211,1.648048873711661,-8.667174940420791,-0.22428258645511154,-1.5221191644111542,9.782001713437703,-0.009787344991291873,-0.016380503277074056,0.14508049407202864,-9.193696190451293,3.3580845146722247,-43.25
1772318583.27756,91.72161288325474,1.6502153861941036,-8.661454489323186,-0.19852910545333918,-1.5047762399610662,9.76460655939559,-0.00869049297184546,-0.019650982386907146,0.1439896632895322,-8.066857576863672,2.3601567923756988,-42.875
1772318583.3546953,92.30058537972229,1.6737391201057437,-8.633306784624022,-0.1814150784993645,-1.4798542933066359,9.712888938209334,-0.0185119687755978,-0.017487393770773553,0.09490227807719166,-7.694964087942657,4.0483441288103,-44.0625
1772318583.4118347,92.4989365711595,1.6742260282657913,-8.645945106200795,-0.1466101424471025,-1.463225919011422,9.718612779521397,-0.03155373131791784,-0.04369138054645057,0.08726646259971647,-7.694964087942657,4.0483441288103,-44.0625
1772318583.4627903,93.2946712591174,1.7189564986953747,-8.619387888946978,-0.10483048071303823,-1.3612208943833475,10.062860442793294,-0.028323406105097065,-0.0207779498291128,0.20398535632683726,-7.007810349724823,4.237109168087324,-43.5625
1772318583.4836185,93.2946712591174,1.7189564986953747,-8.619387888946978,-0.10483048071303823,-1.3612208943833475,10.062860442793294,-0.028323406105097065,-0.0207779498291128,0.20398535632683726,-7.007810349724823,4.237109168087324,-43.5625
1772318583.516024,93.64206873328143,1.7201766162022436,-8.609947674063099,-0.10563001231591326,-1.4110560358075894,9.968240464920754,-0.004295054114657337,-0.03709621456581777,0.15489797111449674,-7.007810349724823,4.237109168087324,-43.5625
1772318583.5661383,93.64206873328143,1.7201766162022436,-8.609947674063099,-0.10563001231591326,-1.4110560358075894,9.968240464920754,-0.004295054114657337,-0.03709621456581777,0.15489797111449674,-7.007810349724823,4.237109168087324,-43.5625
1772318583.5907698,94.09292687856222,1.7253877100843031,-8.633720797662354,-0.12957783395687275,-1.4442638629234925,9.905271926620989,-0.004325169537416572,-0.02073378054239925,0.11999138607461016,-7.696804607006504,5.048342435053653,-43.1875
1772318583.665784,94.508313813595,1.747258138632785,-8.637988383728436,-0.17546687757116253,-1.5500463626280583,9.783084386811492,0.004403469636590586,-0.021808547918488894,0.15271630954950383,-7.696804607006504,5.048342435053653,-43.1875
1772318583.6959734,94.83070387727435,1.7478668102017945,-8.65884685109529,-0.20622100944764793,-1.5033647230605018,9.62148726301686,-0.0021615809212829785,-0.010912304738646909,0.08399397025222712,-7.0693899843331085,3.736994982524157,-41.5625
1772318583.721341,95.00929522463629,1.7515066064197409,-8.656715566532881,-0.2266075030210015,-1.51578499193606,9.42697327789938,-0.009779314211889411,-0.02074381901665233,0.12435470920459599,-7.0693899843331085,3.736994982524157,-41.5625
1772318583.7429876,95.24676126709963,1.7642830310539344,-8.648321901798164,-0.19334300218081474,-1.523964347743097,9.297526393667283,-0.006506827407205708,-0.020737795932100483,0.15926129424448257,-7.0693899843331085,3.736994982524157,-41.5625
1772318583.7687204,95.52862037398276,1.7808896032061727,-8.649253872855477,-0.15782542429443558,-1.5293829906958172,9.465609427983539,0.004393431162337508,-0.016354403244016054,0.17016960206944712,-7.070885406072485,4.549493606346881,-43.1875
1772318583.8020465,95.78727391128425,1.7753841903594105,-8.641313812010821,-0.14756314039258064,-1.5363587700596308,9.577466809710488,-0.004329184927117804,-0.018552122672610118,0.14835298641951802,-7.070885406072485,4.549493606346881,-43.1875
1772318583.8753283,96.34408911839103,1.7684469706870412,-8.64518132303966,-0.11408367811462954,-1.4807399106194878,9.651906647720946,0.013124078031195282,-0.018519999555000267,0.1407171709420428,-7.0718056656044075,5.049492759468558,-43.1875
1772318583.902858,96.34408911839103,1.7684469706870412,-8.64518132303966,-0.11408367811462954,-1.4807399106194878,9.651906647720946,0.013124078031195282,-0.018519999555000267,0.1407171709420428,-7.0718056656044075,5.049492759468558,-43.1875
1772318583.9258468,96.67640272011877,1.7736847690251292,-8.640868326862332,-0.17862230849142022,-1.5275139072918655,9.631198182515723,0.0011229520525044194,-0.01745125526346247,0.14726215563702155,-7.0718056656044075,5.049492759468558,-43.1875
1772318583.9695292,96.94596638584052,1.7597440519732257,-8.64396595097893,-0.15473149265183114,-1.525067284325052,9.680974052689429,0.004395438857188123,-0.01744523217891062,0.11999138607461016,-8.196113565479237,4.672422810680473,-41.5
1772318583.9917622,97.24462416710578,1.7532447481281652,-8.651162486643413,-0.13867234629991562,-1.610411841150576,9.714099338257126,0.01421490696608985,-0.01851799186014965,0.10471975511965978,-8.196113565479237,4.672422810680473,-41.5
1772318584.0198724,97.24462416710578,1.7532447481281652,-8.651162486643413,-0.13867234629991562,-1.610411841150576,9.714099338257126,0.01421490696608985,-0.01851799186014965,0.10471975511965978,-8.196113565479237,4.672422810680473,-41.5
1772318584.0513322,97.4381087767974,1.758647148157002,-8.658863462064478,-0.1147032474989664,-1.6136613667250965,9.87663853747616,0.007661902577319979,-0.014166722289675072,0.09272061651219876,-6.259882203989136,5.363487651908981,-41.1875
1772318584.122898,98.12010892724265,1.7462428969905075,-8.657574401045917,-0.0781937892179863,-1.56706796372679,9.956437817579712,0.004419531195395511,-0.030535179397645437,0.15926129424448257,-6.758616000254418,4.675068556834753,-42.6875
1772318584.192682,98.12010892724265,1.7462428969905075,-8.657574401045917,-0.0781937892179863,-1.56706796372679,9.956437817579712,0.004419531195395511,-0.030535179397645437,0.15926129424448257,-6.758616000254418,4.675068556834753,-42.6875
1772318584.2280593,99.0097860928629,1.7617321951291705,-8.617991904107058,-0.13141459718445322,-1.5347445744714459,9.860621167879222,-0.005403952303207445,-0.027280761846617273,0.2007128639793479,-6.758616000254418,4.675068556834753,-42.6875
1772318584.2772653,99.50063797799693,1.7796547750437122,-8.621471565793362,-0.12329681789612894,-1.5399145306857605,9.833652486626168,-0.015255543529719024,-0.008754739207065163,0.11126473981463851,-6.259652139106155,5.238487863628563,-43.5
1772318584.3238153,99.82876746297634,1.7891632639014325,-8.612857747408823,-0.11789452646128551,-1.5433550787941919,9.778908901731656,-0.010878173926186441,-0.016382510971924672,0.1559888018969932,-6.259652139106155,5.238487863628563,-43.5
1772318584.3517296,100.23327696706652,1.7710750995316868,-8.620655036738304,-0.1042763572181401,-1.53893604281828,9.779273886290783,0.009877691259569582,-0.03270679879318149,0.18653206380689397,-5.572153303563849,5.239753220484957,-42.75
1772318584.37116,100.23327696706652,1.7710750995316868,-8.620655036738304,-0.1042763572181401,-1.53893604281828,9.779273886290783,0.009877691259569582,-0.03270679879318149,0.18653206380689397,-5.572153303563849,5.239753220484957,-42.75
1772318584.4310029,100.72165788841183,1.7738309174124254,-8.621542413343718,-0.09521361771174496,-1.5359952237401768,9.736030327242586,-0.007601671731801507,-0.018558145757161963,0.17671458676442586,-5.572153303563849,5.239753220484957,-42.75
1772318584.4743128,101.3532284496124,1.7903084479790348,-8.64969185287048,-0.11259820809827202,-1.534081238687877,9.707252221758218,-0.010876166231335827,-0.017473339906819242,0.12871803233458182,-4.884309370697072,5.053518894920723,-42.25
1772318584.492279,101.3532284496124,1.7903084479790348,-8.64969185287048,-0.11259820809827202,-1.534081238687877,9.707252221758218,-0.010876166231335827,-0.017473339906819242,0.12871803233458182,-4.884309370697072,5.053518894920723,-42.25
1772318584.5262978,101.53681591381903,1.798702718171483,-8.642145976627052,-0.1242290262205869,-1.4993564426010433,9.684755602323552,0.0011289751370562667,-0.020723742068146173,0.1712604328519436,-4.884309370697072,5.053518894920723,-42.25
1772318584.7451608,102.07898470752797,1.8154720816946712,-8.640952753581722,-0.13196920575623597,-1.4762474787066442,9.653058794856891,0.0033086253119947867,-0.019628897743550373,0.21162117180431245,-5.510228571631092,5.552367723627495,-43.0625
1772318584.7776318,104.32391974138177,1.843793680410931,-8.636245068134498,-0.0768898298008801,-1.4707932181498808,9.601858918198493,-0.005446113895070376,-0.00437335421383135,0.17780541754692233,-5.510228571631092,5.552367723627495,-43.0625
1772318584.8009984,104.32391974138177,1.843793680410931,-8.636245068134498,-0.0768898298008801,-1.4707932181498808,9.601858918198493,-0.005446113895070376,-0.00437335421383135,0.17780541754692233,-5.510228571631092,5.552367723627495,-43.0625
1772318584.8728113,104.85499038855868,1.8347159277301988,-8.634133705868786,-0.11366737800427873,-1.5542716740779028,9.581166419051705,0.012047302960255022,-0.026157809794112856,0.19634954084936207,-4.262416305215218,6.742166361121286,-43.375
1772318584.9067981,105.55262606022073,1.8129870579278233,-8.628073008926307,-0.09479765202478806,-1.532808177383437,9.567395792019878,-0.010868135451933363,-0.021836655646397512,0.14835298641951802,-4.01241672865438,6.742626490887248,-42.25
1772318584.9616833,106.08252056308424,1.8220274817857687,-8.613710272527477,-0.1257202819719042,-1.5219496037820366,9.61175338087529,-0.009775298822188179,-0.022925476886441466,0.19416787928436915,-4.01241672865438,6.742626490887248,-42.25
1772318585.0286121,106.63009665247459,1.7986705143387633,-8.609031937695994,-0.13291852260724327,-1.5146987173810473,9.65465330758111,-0.011971010555931624,-0.015293689731880722,0.12871803233458182,-2.8879937963380597,7.057196545535124,-41.75
1772318585.082361,107.11952138627551,1.762696734239474,-8.617351738990267,-0.13768424437297277,-1.523253757644954,9.679857617872933,0.0011370059164587296,-0.025087057807724442,0.18980455615438332,-2.8879937963380597,7.057196545535124,-41.75
1772318585.1407018,107.6821315337609,1.7565111008157117,-8.651358138441157,-0.1408126817783893,-1.552362783665122,9.696630804821547,-0.006498796627803245,-0.025101111671678753,0.17016960206944712,-3.2632232260622978,7.181506139166601,-43.0
1772318585.2155142,108.30115897330657,1.7372494970085097,-8.637140309001193,-0.13954951588324416,-1.571728358570549,9.687722503123158,0.017495424550176015,-0.02287528451517607,0.1559888018969932,-3.2632232260622978,7.181506139166601,-43.0
1772318585.2951734,108.30115897330657,1.7372494970085097,-8.637140309001193,-0.13954951588324416,-1.571728358570549,9.687722503123158,0.017495424550176015,-0.02287528451517607,0.1559888018969932,-3.2632232260622978,7.181506139166601,-43.0
1772318585.372343,109.36964744493821,1.7576624349359735,-8.680696576103799,-0.15543442329808363,-1.584646716051805,9.681794127855131,-0.015253535834868407,-0.00984556814195973,0.1810779098944117,-3.5751475345558936,6.8684315062581005,-43.25
1772318585.4422927,110.54471025620248,1.7460838042996054,-8.635243225734284,-0.17314734502002035,-1.5410146430259242,9.786695532473733,0.008766785376168857,-0.02180051713908643,0.20943951023931956,-1.5742306625372635,6.372113391264117,-42.1875
1772318585.4628358,110.79097624020032,1.758903641688077,-8.627544992514173,-0.18453286929423776,-1.5374585466031625,9.8413227010917,-0.005411983082609909,-0.022917446107039004,0.2203478180642841,-1.5742306625372635,6.372113391264117,-42.1875
1772318585.4876726,111.25048981371191,1.7545516071867262,-8.627736301863251,-0.19206055457914564,-1.561852852490128,9.800738902313155,0.006609219844587111,-0.034894479747522474,0.19634954084936207,-1.5742306625372635,6.372113391264117,-42.1875
1772318585.5190694,111.25048981371191,1.7545516071867262,-8.627736301863251,-0.19206055457914564,-1.561852852490128,9.800738902313155,0.006609219844587111,-0.034894479747522474,0.19634954084936207,-1.5742306625372635,6.372113391264117,-42.1875
1772318585.5593781,111.73676743595354,1.7287988372180536,-8.637041993589905,-0.23934117011167294,-1.6223543665348663,9.78586327756043,0.002237873325606376,-0.03053919478734667,0.1341721862470641,-1.5119608332800347,6.497228211986027,-43.0
1772318585.636841,111.73676743595354,1.7287988372180536,-8.637041993589905,-0.23934117011167294,-1.6223543665348663,9.78586327756043,0.002237873325606376,-0.03053919478734667,0.1341721862470641,-1.5119608332800347,6.497228211986027,-43.0
1772318585.6800528,112.7214891633473,1.6766362545862494,-8.621890966229762,-0.22523285767587425,-1.5949281732737626,9.810662839377919,0.012045295265404406,-0.025066980859218286,0.17998707911191522,-1.1995763950204774,6.560303268333689,-41.75
1772318585.7317696,112.7214891633473,1.6766362545862494,-8.621890966229762,-0.22523285767587425,-1.5949281732737626,9.810662839377919,0.012045295265404406,-0.025066980859218286,0.17998707911191522,-1.1995763950204774,6.560303268333689,-41.75
1772318585.7793913,113.30885964568255,1.6781851829359744,-8.62712207338968,-0.19911840314245557,-1.576645564319811,9.827166670738201,-0.005424029251713603,-0.016372472497671594,0.16689710972195776,-1.1995763950204774,6.560303268333689,-41.75
1772318585.8062341,114.11583618328274,1.6592960936051624,-8.621773645360557,-0.18173952536803673,-1.5644786922910796,9.838149786148593,0.0022097655976977557,-0.015267589698822718,0.18653206380689397,-1.7639159613462105,7.559266282603628,-42.5
1772318585.8255506,114.11583618328274,1.6592960936051624,-8.621773645360557,-0.18173952536803673,-1.5644786922910796,9.838149786148593,0.0022097655976977557,-0.015267589698822718,0.18653206380689397,-1.7639159613462105,7.559266282603628,-42.5
1772318585.8601317,114.7933386512319,1.6899606801902574,-8.565410081801948,-0.13020519261808022,-1.4626449248040114,9.818698033106216,0.012049310655105637,-0.027248638729007423,0.2519819107566813,-1.7639159613462105,7.559266282603628,-42.5
1772318585.887908,115.37678444497281,1.6964526474029007,-8.549638028011083,-0.09590966984920091,-1.3948756900990862,9.805753108746831,0.014253053168251548,-0.039243741623146436,0.25743606466916363,0.23769110532136242,6.687948802768387,-41.6875
1772318585.9821193,115.37678444497281,1.6964526474029007,-8.549638028011083,-0.09590966984920091,-1.3948756900990862,9.805753108746831,0.014253053168251548,-0.039243741623146436,0.25743606466916363,0.23769110532136242,6.687948802768387,-41.6875
1772318586.0606215,117.23916927874549,1.7406897480885495,-8.488159100546145,-0.25584645717984744,-1.5575357981285345,9.858260372045196,0.017519516888383404,-0.035965231733910884,0.28034351110158917,0.36177063406985815,7.188178020773045,-41.6875
1772318586.1117373,117.23916927874549,1.7406897480885495,-8.488159100546145,-0.25584645717984744,-1.5575357981285345,9.858260372045196,0.017519516888383404,-0.035965231733910884,0.28034351110158917,0.36177063406985815,7.188178020773045,-41.6875
1772318586.1944761,117.80557109672351,1.6623254629016877,-8.48833839541593,-0.3263562594503177,-1.648966447304549,9.852152073614358,0.005546498637601162,-0.05016809253089704,0.10144726277217041,0.36257586116029117,6.750678761791578,-42.375
1772318586.2750506,118.21194270474501,1.693678046113318,-8.507555862866498,-0.33648357875855933,-1.7097447988233656,9.817981063876923,-0.009809429634648646,-0.004381384993233812,0.14835298641951802,0.36257586116029117,6.750678761791578,-42.375
1772318586.3165407,118.99722089976814,1.8221337097624024,-8.529328771912,-0.23084498101753784,-1.6598860708790197,9.880425030865679,-0.0021816578697891357,-4.0153897012314496e-06,0.07744898555724837,0.8607344952181211,7.751597327566855,-40.75
1772318586.388358,118.99722089976814,1.8221337097624024,-8.529328771912,-0.23084498101753784,-1.6598860708790197,9.880425030865679,-0.0021816578697891357,-4.0153897012314496e-06,0.07744898555724837,0.8607344952181211,7.751597327566855,-40.75
1772318586.4307954,119.54418776715448,1.8279836882841134,-8.524238469207393,-0.1765778787376703,-1.5051763005179446,9.657137448577938,-0.0010326057842267118,-0.031636046806793085,0.13744467859455345,0.9861944132645019,7.501827815888998,-42.0
1772318586.448215,119.54418776715448,1.8279836882841134,-8.524238469207393,-0.1765778787376703,-1.5051763005179446,9.657137448577938,-0.0010326057842267118,-0.031636046806793085,0.13744467859455345,0.9861944132645019,7.501827815888998,-42.0
1772318586.482132,119.72013976239255,1.8255184729873444,-8.520804086727589,-0.15683303162549384,-1.4466509984975233,9.484149195224804,-0.0021294578036731267,-0.028365567696959994,0.16144295580947549,0.9861944132645019,7.501827815888998,-42.0
1772318586.5569558,120.55554670319802,1.8371647846731474,-8.51044629883204,-0.14358839182497832,-1.4645698664791347,9.48276124307256,0.0011370059164587296,-0.025087057807724442,0.20289452554434081,-0.5129978190100952,7.06156777831176,-42.75
1772318586.5999072,120.55554670319802,1.8371647846731474,-8.51044629883204,-0.14358839182497832,-1.4645698664791347,9.48276124307256,0.0011370059164587296,-0.025087057807724442,0.20289452554434081,-0.5129978190100952,7.06156777831176,-42.75
1772318586.6290143,121.22293310419394,1.8062140827757185,-8.542950856586469,-0.12138149434026327,-1.4831602580695826,9.501908246663598,-0.009785337296441259,-0.017471332211968626,0.14944381720201447,-0.5129978190100952,7.06156777831176,-42.75
1772318586.669632,121.67545774469582,1.8051785456251932,-8.54015282319602,-0.13670900650511217,-1.4955873666815567,9.534721033911307,-0.00543005233626545,-0.013099985692987893,0.16035212502697901,1.4861935663861785,7.502748075420921,-41.0625
1772318586.7123992,121.67545774469582,1.8051785456251932,-8.54015282319602,-0.13670900650511217,-1.4955873666815567,9.534721033911307,-0.00543005233626545,-0.013099985692987893,0.16035212502697901,1.4861935663861785,7.502748075420921,-41.0625
1772318586.8031213,122.19537445591632,1.8215183554949508,-8.543501797104424,-0.1469092946312894,-1.5038574686429262,9.566592912403765,-0.02179047866483335,-0.014220930050641697,0.16689710972195776,1.4861935663861785,7.502748075420921,-41.0625
1772318586.891495,123.60539081588139,1.8028761938252138,-8.57368676205485,-0.15364821849963187,-1.5361219774472394,9.591148403215604,-0.014152668425720763,-0.015297705121581955,0.16253378659197193,2.4858467753050606,7.692088276905396,-42.375
1772318586.9918728,124.5069361947555,1.7879463203144261,-8.594521165477468,-0.17485842726287265,-1.5576244313476708,9.624215366584673,3.2123117609851597e-05,-0.017453262958313086,0.136353847812057,1.8602726716955127,8.00343742319154,-40.75
1772318587.0473688,124.5069361947555,1.7879463203144261,-8.594521165477468,-0.17485842726287265,-1.5576244313476708,9.624215366584673,3.2123117609851597e-05,-0.017453262958313086,0.136353847812057,1.8602726716955127,8.00343742319154,-40.75
1772318587.1020436,124.5069361947555,1.7879463203144261,-8.594521165477468,-0.17485842726287265,-1.5576244313476708,9.624215366584673,3.2123117609851597e-05,-0.017453262958313086,0.136353847812057,1.8602726716955127,8.00343742319154,-40.75
1772318587.1835077,125.35157771036413,1.7758058232991492,-8.605423574837847,-0.19900890238579555,-1.5719525444458635,9.629495502788009,-0.0010486673430316377,-0.02290941532763654,0.13962634015954636,2.1746126614604075,7.004014279155639,-42.0
1772318587.243524,126.17129975234991,1.7555247291759473,-8.645139292103702,-0.2184812905199433,-1.5513879460254403,9.64638982127762,0.0032945714480404767,-0.011993095199288399,0.13853550937704992,2.1746126614604075,7.004014279155639,-42.0
1772318587.2692802,126.17129975234991,1.7555247291759473,-8.645139292103702,-0.2184812905199433,-1.5513879460254403,9.64638982127762,0.0032945714480404767,-0.011993095199288399,0.13853550937704992,2.1746126614604075,7.004014279155639,-42.0
1772318587.3615663,127.44449456011264,1.723068957722711,-8.632004065676401,-0.2166480463428287,-1.5285517839265235,9.620544909813697,0.001149052085562424,-0.03163203141709185,0.12871803233458182,2.859925880614395,8.192777624676015,-42.0
1772318587.4472587,127.82190437818855,1.7107488357552605,-8.629538888970488,-0.18006798012595923,-1.5090324494240044,9.610327296272017,-0.005428044641414834,-0.01419081462788246,0.1461713248545251,2.361192084349113,7.504358529601787,-42.25
1772318587.4830806,127.82190437818855,1.7107488357552605,-8.629538888970488,-0.18006798012595923,-1.5090324494240044,9.610327296272017,-0.005428044641414834,-0.01419081462788246,0.1461713248545251,2.361192084349113,7.504358529601787,-42.25
1772318587.5066357,128.385423610981,1.6784720467431626,-8.662546149803385,-0.15566894400793443,-1.526148504731459,9.603527588598249,0.001132990526757498,-0.02290539993793531,0.1341721862470641,2.361192084349113,7.504358529601787,-42.25
1772318587.5588455,128.79229970251188,2.0478512903004353,-7.858434221766481,-0.16953761240010873,-1.5375944590165163,9.615728017635666,0.014206876186687386,-0.014154676120571377,0.12544553998709243,3.2355004076631046,7.88096834862391,-40.25
1772318587.5952427,129.07680377172096,1.6651195741065583,-8.660084851806847,-0.17876705629192377,-1.545211613733535,9.633882601994303,0.00656705825272418,-0.011987072114736552,0.11235557059713497,3.2355004076631046,7.88096834862391,-40.25
1772318587.6382985,129.07680377172096,1.6651195741065583,-8.660084851806847,-0.17876705629192377,-1.545211613733535,9.633882601994303,0.00656705825272418,-0.011987072114736552,0.11235557059713497,3.2355004076631046,7.88096834862391,-40.25
1772318587.696509,129.74765531706947,1.718867708255131,-8.643975838134331,-0.18895970113920785,-1.5737248316617456,9.654004493565694,0.027298831100272817,-0.015221412717258557,0.10690141668465268,3.2367657645194994,7.193469513081605,-41.875
1772318587.76772,130.043351835544,1.7098273577557856,-8.64025327328995,-0.17158466268855396,-1.5892896689241045,9.635939387198247,-0.002149534752179284,-0.017457278348014315,0.08617563181722002,2.862916724093146,6.567780377030567,-42.25
1772318587.8153188,130.25951588740472,1.7193413064793603,-8.61850281558146,-0.2203321853086846,-1.5462370189409766,9.623917260711172,0.003306617617144171,-0.018538068808655807,0.07308566242726255,2.862916724093146,6.567780377030567,-42.25
1772318587.8342538,130.25951588740472,1.7193413064793603,-8.61850281558146,-0.2203321853086846,-1.5462370189409766,9.623917260711172,0.003306617617144171,-0.018538068808655807,0.07308566242726255,2.862916724093146,6.567780377030567,-42.25
1772318587.8649087,130.25951588740472,1.7193413064793603,-8.61850281558146,-0.2203321853086846,-1.5462370189409766,9.623917260711172,0.003306617617144171,-0.018538068808655807,0.07308566242726255,2.862916724093146,6.567780377030567,-42.25
1772318587.8859718,130.4101728608077,1.7178457946078116,-8.609807483029217,-0.16914546602901875,-1.517432042760117,9.615916669829977,-0.0010707519863884106,-0.010910297043796294,0.07526732399225546,3.735844658109252,7.694388925735205,-41.5
1772318587.9083936,130.58559477025915,1.7193546808686115,-8.632802637507963,-0.13504433569031293,-1.5183332891335073,9.59721191914172,-0.011985064419885933,-0.007657887187618748,0.06763150851478027,3.735844658109252,7.694388925735205,-41.5
1772318587.9310176,172.6006092303119,20.88375795647298,128.49432612324705,-0.11228884696580982,-1.552384118942559,9.601489675041039,0.008772808460720705,-0.025073003943770135,0.06217735460229799,3.735844658109252,7.694388925735205,-41.5
1772318587.949643,130.793524327095,1.710106839068106,-8.633819740439778,-0.12725127778874543,-1.5750999764846028,9.567540245025857,0.0043733542138313505,-0.005446113895070376,0.08508480103472356,4.0483441288103,7.694964087942657,-41.875
1772318587.9983976,130.97189333566678,1.7171405646770035,-8.628025201830598,-0.13723939206944527,-1.5734915957185067,9.581743507371248,-0.0076117102060545856,-0.013104001082689125,0.09272061651219876,4.0483441288103,7.694964087942657,-41.875
1772318588.0433626,130.97189333566678,1.7171405646770035,-8.628025201830598,-0.13723939206944527,-1.5734915957185067,9.581743507371248,-0.0076117102060545856,-0.013104001082689125,0.09272061651219876,4.0483441288103,7.694964087942657,-41.875
1772318588.0740256,131.26203403527512,1.739629006095362,-8.639384866500906,-0.13719615846567546,-1.5724089228017242,9.641372295411061,-0.014174753069077535,-0.003298586837741708,0.0818123086872342,2.987111285283132,7.005509700895014,-42.1875
1772318588.0880206,131.30551036247036,1.7464713481352987,-8.648304697363974,-0.13390231858808768,-1.5281958807883018,9.691089922876309,0.005442098505369144,0.006555012083620486,0.017453292519943295,2.987111285283132,7.005509700895014,-42.1875
1772318588.1121767,131.30551036247036,1.7464713481352987,-8.648304697363974,-0.13390231858808768,-1.5281958807883018,9.691089922876309,0.005442098505369144,0.006555012083620486,0.017453292519943295,2.987111285283132,7.005509700895014,-42.1875
1772318588.135769,131.3365694331029,1.7516960374500286,-8.641388681160473,-0.1217180840126889,-1.4753383827042064,9.724176448572141,0.010900258569543214,0.004383392688084429,0.02181661564992912,2.987111285283132,7.005509700895014,-42.1875
1772318588.1517,131.4207502483006,1.760941694626304,-8.633735428435651,-0.1102645059680651,-1.4401561514443149,9.79971694913912,0.006555012083620486,-0.005442098505369144,0.05890486225480862,4.049609485666695,7.007465252400352,-41.875
1772318588.1865394,131.52894249867893,1.778937366629749,-8.643840755874592,-0.10260533727300994,-1.4368134058012165,9.8566785318384,-0.0032805175840861663,0.004357292655026424,0.044724062082354694,4.049609485666695,7.007465252400352,-41.875
1772318588.2322352,131.66501450415987,1.7650247628900793,-8.661977128683047,-0.14087148976729527,-1.5015710043912183,9.8945858288222,0.009835529667706651,-0.009799391160395568,0.020725784867432664,4.04822909636881,7.757463982082867,-41.5
1772318588.261717,131.66501450415987,1.7650247628900793,-8.661977128683047,-0.14087148976729527,-1.5015710043912183,9.8945858288222,0.009835529667706651,-0.009799391160395568,0.020725784867432664,4.04822909636881,7.757463982082867,-41.5
1772318588.2889464,131.72088695210945,1.7720436864490454,-8.654342237489704,-0.16633718679131032,-1.5446664628630897,9.812769136878444,0.012009156758093322,-0.005432060031116066,0.05235987755982989,4.04822909636881,7.757463982082867,-41.5
1772318588.328632,131.82765880334802,1.7737462897050222,-8.64997048842394,-0.18329048043218527,-1.5700009030267914,9.758321042342208,-0.0032744944995343195,0.0010848058503427206,0.03381575425739013,3.3599250337360713,8.193697884207939,-42.1875
1772318588.4029465,131.91570045514626,1.7276654246858458,-8.663319587551138,-0.1845558600705503,-1.5768069016013484,9.715396220238773,0.0022097655976977557,-0.015267589698822718,0.026179938779914945,4.046388577304962,8.75746228832622,-41.875
1772318588.439349,131.9225910905573,1.7218278251474934,-8.660584211209411,-0.22913676104093877,-1.4442669075669328,9.716936235996494,-0.004351269570474577,-0.00655300438876987,-0.015271630954950384,4.046388577304962,8.75746228832622,-41.875
1772318588.4640887,131.9225910905573,1.7218278251474934,-8.660584211209411,-0.22913676104093877,-1.4442669075669328,9.716936235996494,-0.004351269570474577,-0.00655300438876987,-0.015271630954950384,4.046388577304962,8.75746228832622,-41.875
1772318588.5015965,131.9163457767392,1.7184490189654142,-8.666829525027495,-0.20862826201272508,-1.355970670977753,9.717961099280153,-0.013087939523884198,-0.0011149212731019565,0.007635815477475192,2.9838903769214,8.755506736820882,-41.875
1772318588.5423553,131.9610594302024,1.7148155851622318,-8.648060197877626,-0.18159350409646915,-1.3005309909352865,9.728678469468914,0.00435930034987704,0.0021896886491915984,0.00545415391248228,2.9838903769214,8.755506736820882,-41.875
1772318588.5859685,132.00221462617944,1.7057313605496773,-8.656970107692654,-0.16333743480090973,-1.40747606295394,9.782642323511135,-0.008716593004903465,-0.005470206233277764,0.028361600344907856,3.2351553103386332,8.068468031044539,-41.5
1772318588.6187723,131.9921871875807,1.712116078277013,-8.675810969100956,-0.18482398728955382,-1.3783551999008763,9.818554665560486,0.024008275041933567,-0.005409975387759293,0.007635815477475192,3.2351553103386332,8.068468031044539,-41.5
1772318588.6796005,131.9691829130981,1.7231464340303033,-8.681679332900131,-0.19912304795022828,-1.3589755908404175,9.859179486563779,-0.002217796377100219,0.01963090543840099,-0.025089107997418487,1.866254358653015,4.753442927900641,-45.375
1772318588.7366307,131.96470138857808,1.737075468282554,-8.719082653990249,-0.2086389130889336,-1.3460786774951001,9.75575549454703,-0.016378495582223443,0.008696516056397307,-0.026179938779914945,1.866254358653015,4.753442927900641,-45.375
1772318588.7600968,131.95833515883928,1.7365470000049252,-8.718962275750538,-0.19822761460638827,-1.3475004601469558,9.727069323669406,-0.0021937040388928302,0.006540958219666175,0.001090830782496456,2.176913310290216,5.754016396351447,-43.875
1772318588.8207428,131.9962804411271,1.7359152531124917,-8.709287885073794,-0.17447497369061957,-1.4019375535742997,9.707978997395873,0.0010868135451933365,0.002183665564639751,0.037088246604879506,2.176913310290216,5.754016396351447,-43.875
1772318588.8523383,131.9962804411271,1.7359152531124917,-8.709287885073794,-0.17447497369061957,-1.4019375535742997,9.707978997395873,0.0010868135451933365,0.002183665564639751,0.037088246604879506,2.176913310290216,5.754016396351447,-43.875
1772318588.908356,132.05850095524556,1.743464092168367,-8.701764200312388,-0.14814839657931678,-1.4622736796881226,9.740341750292249,0.0163604263285679,0.0011209443576538037,0.007635815477475192,1.8629184178497924,6.565939857966719,-44.5625
1772318588.9298267,132.05850095524556,1.743464092168367,-8.701764200312388,-0.14814839657931678,-1.4622736796881226,9.740341750292249,0.0163604263285679,0.0011209443576538037,0.007635815477475192,1.8629184178497924,6.565939857966719,-44.5625
1772318588.952099,132.08009937407763,1.7537016009083612,-8.682485106684615,-0.19123205300981638,-1.5285867908288102,9.780368771489723,0.0032584329407293936,0.007641825628813822,0.002181661564992912,2.176913310290216,5.754016396351447,-45.0
1772318588.9848454,132.10281851534864,1.7433456149119382,-8.692206481522692,-0.1698441325611164,-1.5090680596101593,9.807006306965517,0.0032805175840861663,-0.004357292655026424,0.039269908169872414,2.176913310290216,5.754016396351447,-45.0
1772318589.0291605,132.13387041638236,1.7485340137616598,-8.685254774867945,-0.20575036059273746,-1.516241549399767,9.821388177556571,0.0010707519863884106,0.010910297043796294,0.028361600344907856,2.175417888550841,6.5665150201741715,-43.0
1772318589.057693,132.13387041638236,1.7485340137616598,-8.685254774867945,-0.20575036059273746,-1.516241549399767,9.821388177556571,0.0010707519863884106,0.010910297043796294,0.028361600344907856,2.175417888550841,6.5665150201741715,-43.0
1772318589.101054,132.13700474401483,1.7479679947921174,-8.669143160933576,-0.26310277140594296,-1.5177318880987851,9.830959151778897,0.010884197010738289,0.013110024167240972,-0.016362461737446838,2.175417888550841,6.5665150201741715,-43.0
1772318589.1556768,132.14722680542624,1.77801982591118,-8.689963067148977,-0.301270160133724,-1.5187236918548077,9.757045847233401,-0.0010968520194464151,0.0032704791098330877,-0.019634954084936207,1.5519143688881203,5.752866071936543,-42.25
1772318589.1751943,132.17956931044304,1.764787778655855,-8.690061661032715,-0.28320222266031353,-1.50926837040644,9.707857368724087,-0.003276502194384935,0.0021756347852372885,0.02181661564992912,1.5519143688881203,5.752866071936543,-42.25
1772318589.1942885,132.2629218444624,1.78108397691728,-8.700751195698937,-0.23103693960567476,-1.5029020787029963,9.675122985747445,-0.015261566614270871,-0.005482252402381459,0.05890486225480862,3.35681915781583,9.881195025993598,-43.0
1772318589.2183888,132.32849925248507,1.7869012713323023,-8.715789564313424,-0.19624764555478988,-1.538806655188663,9.666719066372785,-0.009807421939798031,-0.005472213928128381,0.037088246604879506,3.35681915781583,9.881195025993598,-43.0
1772318589.2576494,132.32849925248507,1.7869012713323023,-8.715789564313424,-0.19624764555478988,-1.538806655188663,9.666719066372785,-0.009807421939798031,-0.005472213928128381,0.037088246604879506,3.35681915781583,9.881195025993598,-43.0
1772318589.3010354,132.47188404236175,1.8014459560154685,-8.722939021459743,-0.16291267905642914,-1.6429648245302118,9.66112635190688,6.023084551847175e-06,-0.0032724868046837036,0.05235987755982989,0.6754204291858105,6.563754241578401,-42.5625
1772318589.3428388,132.65008877204494,1.8113417885585805,-8.710512230339035,-0.2076307520580289,-1.7124040575413837,9.657404462904534,0.012019195232346402,-0.010886204705588905,0.0818123086872342,0.6754204291858105,6.563754241578401,-42.5625
1772318589.382166,132.6721668395496,1.8102337956433265,-8.71670356454528,-0.22739790917552077,-1.735180878907057,9.624821581983824,-0.0010787827657908736,-0.006546981304218023,0.014180800172453928,2.98124463076712,10.193004302045704,-41.875
1772318589.4368253,132.694438303065,1.8111801899323638,-8.70092909524104,-0.2406450825516186,-1.700162008469434,9.646624490900871,0.011993095199288397,0.0032945714480404767,0.011999138607461015,2.98124463076712,10.193004302045704,-41.875
1772318589.4672794,132.73585793636838,1.8014024601129872,-8.694278839880967,-0.21951504936772967,-1.5898291736234291,9.661134083230714,-0.003260440635580009,-0.006550996693919254,0.026179938779914945,2.484811483331647,8.254587324167282,-41.5
1772318589.5430768,132.86910485384203,1.8252735853442295,-8.713771853783406,-0.20545324832178816,-1.5164039045319349,9.707586283623971,-0.029464427411257023,0.006490765848400783,0.061086523819801536,2.484811483331647,8.254587324167282,-41.5
1772318589.5883894,132.8342084379318,1.7904707773847064,-8.70025430406747,-0.11897313559545705,-1.5677517843480056,9.738499704080606,0.01634235707491236,0.010938404771704914,-0.002181661564992912,2.3562456893650245,10.1918539776308,-41.5
1772318589.6590142,132.6744095842508,1.7268401519219287,-8.802495486017499,-0.24205731286400756,-1.6022556888330726,9.72227601128845,-0.04144547644144173,-0.003348779209007101,-0.08290313946973066,2.3562456893650245,10.1918539776308,-41.5
1772318589.690486,132.6744095842508,1.7268401519219287,-8.802495486017499,-0.24205731286400756,-1.6022556888330726,9.72227601128845,-0.04144547644144173,-0.003348779209007101,-0.08290313946973066,2.3562456893650245,10.1918539776308,-41.5
1772318589.7415848,132.35664241760176,1.7742981432429514,-8.80072921227105,-0.2705883662946151,-1.5481817050093019,9.681373319599919,0.0010085134460193232,0.0447259940255279,-0.09926560120717749,1.7299813911065338,10.8782024887582,-41.0
1772318589.7734442,131.88819278138556,1.8130171302496678,-8.864680903824251,-0.2895877771236706,-1.5055058607375322,9.654153035194206,-0.026234102198436252,0.029404196565738554,-0.10144726277217041,1.7299813911065338,10.8782024887582,-41.0
1772318589.8171067,131.64383760115024,1.7982017726066746,-8.89315226743524,-0.29892966394464365,-1.453683664062619,9.65610891023662,0.007635802544261975,1.4053863954310075e-05,-0.1090830782496456,1.7306715857554764,10.503203123916943,-40.6875
1772318589.9142046,131.18488342739633,1.7625000794127719,-8.900209997631569,-0.30514658526828775,-1.4191965710673315,9.65741052322879,-0.0415057072869602,0.029376088837829932,-0.12217304763960307,1.7306715857554764,10.503203123916943,-40.6875
1772318589.9763024,130.81629333100324,1.7343511878526316,-8.921454096555678,-0.30919768257545904,-1.4430772805062377,9.66496695554975,0.024008275041933567,-0.005409975387759293,-0.09817477042468103,1.728370936925668,11.753201006721135,-41.0625
1772318590.0254807,130.81629333100324,1.7343511878526316,-8.921454096555678,-0.30919768257545904,-1.4430772805062377,9.66496695554975,0.024008275041933567,-0.005409975387759293,-0.09817477042468103,1.728370936925668,11.753201006721135,-41.0625
1772318590.105734,130.3681591661053,1.7244103170840173,-8.924438431907925,-0.39142927567507446,-1.602256404809979,9.623201019067519,-0.020745826711502945,0.01087014314678398,-0.09490227807719166,2.165870195907135,11.754006233811568,-41.0625
1772318590.1746986,129.94342582525942,1.6891425352438583,-8.968450882749337,-0.4066421436030481,-1.628532450640824,9.61209490730975,-0.006579104421827874,0.01853204572410396,-0.07963064712224129,0.72722230626741,12.376359429059383,-40.75
1772318590.244681,129.4893948107076,1.6751467692622075,-8.961749115089829,-0.4066421436030481,-1.628532450640824,9.61209490730975,-0.006579104421827874,0.01853204572410396,-0.07963064712224129,0.72722230626741,12.376359429059383,-40.75
1772318590.3056726,128.76328392053406,1.6116838695166071,-8.953663398792255,-0.24502695038808053,-1.7643711452649005,9.559655770017603,0.022903392243084693,0.0022238194616520657,-0.10362892433716332,0.16587358342042804,11.750325195683875,-40.0
1772318590.360922,128.50748513286598,1.591668134948264,-8.957284903275179,-0.2822551674737945,-1.8434121388667757,9.512939354889545,0.008688485276994845,0.020741811321801716,-0.11671889372712078,0.16587358342042804,11.750325195683875,-40.0
1772318590.396958,128.36100651899304,1.57711960156972,-8.965488628145946,-0.3071471081733958,-1.8324560223743023,9.505265884429608,-0.015289674342179491,0.00978935268614249,-0.08072147790473774,0.8498064132765303,13.689087270886766,-39.5625
1772318590.4352078,128.36100651899304,1.57711960156972,-8.965488628145946,-0.3071471081733958,-1.8324560223743023,9.505265884429608,-0.015289674342179491,0.00978935268614249,-0.08072147790473774,0.8498064132765303,13.689087270886766,-39.5625
1772318590.4696882,128.07380224861043,1.5547568612603055,-8.985004835475676,-0.3073439774685577,-1.6311179151192379,9.610547961898341,0.001082798155492105,0.004365323434428887,35.64834997198418,0.8498064132765303,13.689087270886766,-39.5625
1772318590.50288,128.07380224861043,1.5547568612603055,-8.985004835475676,-0.3073439774685577,-1.6311179151192379,9.610547961898341,0.001082798155492105,0.004365323434428887,35.64834997198418,0.8498064132765303,13.689087270886766,-39.5625
1772318590.5481696,127.76296408301266,1.517779870644464,-8.983239688384911,-0.2907494615777428,-1.4970988701256778,9.693992455205194,-0.021848701815501206,0.01741310906130077,-0.13526301702956053,0.6631119579463345,13.251242914580827,-39.0625
1772318590.582592,127.50045293466174,1.5064245398026708,-8.96756735650226,-0.23970017244822014,-1.3342444789575612,9.736143386535561,0.038195074280114795,-0.008656362159384992,-0.09053895494720585,0.6631119579463345,13.251242914580827,-39.0625
1772318590.607118,127.34322824013857,1.5067255257528513,-8.99146307861296,-0.15515066194631322,-1.4432062424083307,9.777574807308444,0.030555256346151593,-0.006488758153550167,-0.05890486225480862,0.724806624996111,13.688857206003785,-37.5625
1772318590.6203423,127.34322824013857,1.5067255257528513,-8.99146307861296,-0.15515066194631322,-1.4432062424083307,9.777574807308444,0.030555256346151593,-0.006488758153550167,-0.05890486225480862,0.724806624996111,13.688857206003785,-37.5625
1772318590.6763504,126.88754073843296,1.5211284401441134,-8.960043491775835,-0.07816454064343473,-1.5640063451101474,9.968348312021197,0.005405959998058062,0.026189932911722707,-0.10471975511965978,0.7253817872035632,13.376357735302737,-39.0625
1772318590.7324395,126.88754073843296,1.5211284401441134,-8.960043491775835,-0.06445607130332513,-1.552654602894316,9.825061016685938,-0.014212899271239234,0.01742716292525508,-0.07308566242726255,0.7253817872035632,13.376357735302737,-39.0625
1772318590.784064,126.12782612029093,1.4835286857081509,-8.973213899712277,-0.055333238091118474,-1.5451001452569495,9.729704922264288,0.01852200724985088,0.012033249096300713,-0.10581058590215622,0.47469201599378225,13.750896970378033,-40.0
1772318590.8331356,125.9412163404806,1.4626232083149733,-8.972322679449805,-0.12306991337581222,-1.423129474956203,9.682972065160646,0.001068744291537795,0.01200112597869086,-0.11999138607461016,0.47469201599378225,13.750896970378033,-40.0
1772318590.9478495,125.56392764824427,1.426428980194212,-9.005251375305264,-0.1815283382755907,-1.3419839833401903,9.725464328359418,0.00543005233626545,0.013099985692987893,-0.1189005552921137,-1.213380287999329,14.060290565158839,-38.375
1772318590.961574,125.56392764824427,1.426428980194212,-9.005251375305264,-0.1815283382755907,-1.3419839833401903,9.725464328359418,0.00543005233626545,0.013099985692987893,-0.1189005552921137,-1.213380287999329,14.060290565158839,-38.375
1772318590.979027,125.14911046780905,1.3937300548632934,-9.010140175243496,-0.22021012431575052,-1.4084063826187798,9.75374245484852,-0.0021937040388928302,0.006540958219666175,-0.12871803233458182,-1.213380287999329,14.060290565158839,-38.375
1772318590.9947646,124.89711581047239,1.3644334411139714,-9.01628396396085,-0.2424041422984553,-1.5629920899799647,9.772561232139648,-0.004389415772636276,0.014172745374226919,-0.15926129424448257,-1.213380287999329,14.060290565158839,-38.375
1772318591.0184243,124.89711581047239,1.3644334411139714,-9.01628396396085,-0.2424041422984553,-1.5629920899799647,9.772561232139648,-0.004389415772636276,0.014172745374226919,-0.15926129424448257,-1.213380287999329,14.060290565158839,-38.375
1772318591.0802839,124.59220848653798,1.3272931027944443,-9.044340964862533,-0.24713869521797727,-1.6658486811677307,9.768359359670779,0.016344364769762976,0.009847575836810346,-0.09053895494720585,-1.5285255048546564,15.497212968176207,-37.5625
1772318591.1058056,124.19666286527396,1.2865639760362682,-9.05204021882677,-0.2001005831910486,-1.7408964545747887,9.795669065846612,-0.006571073642425412,0.014168729984525688,-0.12871803233458182,-1.5285255048546564,15.497212968176207,-37.5625
1772318591.1784828,123.80911645942726,1.265374586766219,-9.053427458811344,-0.16879724508726793,-1.7908399094386265,9.787082476578666,0.01851598416529903,0.015305735900984416,-0.11671889372712078,-0.7776065156402181,14.998594204352417,-37.5625
1772318591.2046156,123.80911645942726,1.265374586766219,-9.053427458811344,-0.16879724508726793,-1.7908399094386265,9.787082476578666,0.01851598416529903,0.015305735900984416,-0.11671889372712078,-0.7776065156402181,14.998594204352417,-37.5625
1772318591.2493415,123.53244030987383,1.2311302067915795,-9.049954448181278,-0.15476009995518533,-1.767222231523559,9.781368197339335,-0.01420085310213554,0.010882189315887672,-0.09381144729469522,-0.7776065156402181,14.998594204352417,-37.5625
1772318591.3063085,122.98517359332342,1.1990247166605703,-9.09339400142039,-0.15210874875799818,-1.7515172441815667,9.717353397606493,-4.216159186293022e-05,0.022907407632785926,-0.14289883250703572,0.033971848650583114,15.500088779213469,-36.375
1772318591.3364563,122.60146251785022,1.161210997105092,-9.125537423099196,-0.15025195302578342,-1.7912423411643872,9.674752263476455,-0.01964897469205653,0.007599664036950892,-0.1265363707695889,0.033971848650583114,15.500088779213469,-36.375
1772318591.4282155,122.32262735123005,1.1552561429849955,-9.113265089471792,-0.1590515943323044,-1.817697419673649,9.753445259232985,-0.0022057502079965243,0.013085931829033583,-0.13744467859455345,-1.5902201719044333,15.05959867675325,-37.1875
1772318591.4571068,122.32262735123005,1.1552561429849955,-9.113265089471792,-0.1590515943323044,-1.817697419673649,9.753445259232985,-0.0022057502079965243,0.013085931829033583,-0.13744467859455345,-1.5902201719044333,15.05959867675325,-37.1875
1772318591.4791658,121.76653810563114,1.1204279035553473,-9.115661018280464,-0.1826245813519187,-1.6019094703351957,9.747002631592652,-0.008748716122513316,0.011983056725035319,-0.10144726277217041,-1.5902201719044333,15.05959867675325,-37.1875
1772318591.5182729,121.76653810563114,1.1204279035553473,-9.115661018280464,-0.1826245813519187,-1.6019094703351957,9.747002631592652,-0.008748716122513316,0.011983056725035319,-0.10144726277217041,-1.5902201719044333,15.05959867675325,-37.1875
1772318591.5667648,121.18071934036782,1.1039860783097228,-9.082209014065024,-0.1909014316241297,-1.5445323135225484,9.671067715539364,0.010882189315887674,0.014200853102135539,-0.14180800172453928,-1.2154508719461565,15.185288659682612,-36.375
1772318591.5948308,121.18071934036782,1.1039860783097228,-9.082209014065024,-0.1909014316241297,-1.5445323135225484,9.671067715539364,0.010882189315887674,0.014200853102135539,-0.14180800172453928,-1.2154508719461565,15.185288659682612,-36.375
1772318591.679517,120.7626081379774,1.0586857073695304,-9.1357273020693,-0.19308910394776832,-1.492961875700645,9.620533877154491,-0.03930598016351552,0.019562643813480055,-0.08072147790473774,-1.2154508719461565,15.185288659682612,-36.375
1772318591.7426047,120.23077758868642,1.024860613397138,-9.153637351009206,-0.24137646002244748,-1.4587285197958575,9.680567300014264,-0.0010988597142970308,0.004361308044727655,-0.0818123086872342,-3.028062834453725,15.244452613019599,-35.1875
1772318591.7824411,119.98686403417852,1.0053721462165528,-9.15612718511718,-0.27349884260129964,-1.4426368159358918,9.72051887231017,0.0043492618756239615,0.007643833323664437,-0.09599310885968812,-3.028062834453725,15.244452613019599,-35.1875
1772318591.8094344,119.98686403417852,1.0053721462165528,-9.15612718511718,-0.27349884260129964,-1.4426368159358918,9.72051887231017,0.0043492618756239615,0.007643833323664437,-0.09599310885968812,-3.028062834453725,15.244452613019599,-35.1875
1772318591.8516185,119.62776842731331,0.9800922888262087,-9.15266042484898,-0.2948759293770008,-1.431927966773195,9.74710619738479,0.014170737679376304,0.005480244707530843,-0.10144726277217041,-2.9045584679126812,16.057181301725304,-35.1875
1772318591.8781235,119.35944400053577,0.9480084314349867,-9.173318755482171,-0.27557720051096574,-1.4648810523605937,9.711277977904958,0.008710569920351617,0.008742693037961468,-0.10799224746714914,-2.9045584679126812,16.057181301725304,-35.1875
1772318591.9468963,118.85581018853227,0.9545245824193824,-9.18045796028965,-0.24270041623366925,-1.4667033860086287,9.687434698068566,0.02069161895053632,0.018582238095369352,-0.11780972450961724,-3.7797870507585962,16.180570635824857,-34.0
1772318592.0286036,118.48450405059334,0.9441243826734288,-9.21992988191689,-0.22735142034933248,-1.5549011992577004,9.601319915830627,0.003240363687073852,0.01745928604286493,-0.10799224746714914,-3.7797870507585962,16.180570635824857,-34.0
1772318592.0641644,118.28929053531859,0.9476164645795442,-9.216559468856234,-0.21729691033639342,-1.5266231016614593,9.544011490216427,0.019602797710492368,0.01748940146562417,-0.1090830782496456,-4.217976504389006,16.55476477357568,-32.375
1772318592.0831673,117.99435686734583,0.9322647741396375,-9.232318905394598,-0.21063652994835866,-1.4910788133906376,9.576120719000944,0.0032544175510281622,0.009823483498602957,-0.10253809355466686,-4.217976504389006,16.55476477357568,-32.375
1772318592.1257815,117.99435686734583,0.9322647741396375,-9.232318905394598,-0.21063652994835866,-1.4910788133906376,9.576120719000944,0.0032544175510281622,0.009823483498602957,-0.10253809355466686,-4.217976504389006,16.55476477357568,-32.375
1772318592.1691947,117.65952598616784,0.9039660999654506,-9.250651615737812,-0.24300028765810167,-1.4674922107626704,9.597489052073453,-0.010938404771704914,0.01634235707491236,-0.13962634015954636,-3.531282895937134,16.993529389413542,-32.75
1772318592.2186642,117.66558947313521,0.903314777355884,-9.16794104270963,-0.3080674826198343,-1.4284598855470583,9.678611673179674,0.0010787827657908736,0.006546981304218023,-0.11671889372712078,-3.531282895937134,16.993529389413542,-32.75
1772318592.2796326,117.66558947313521,0.903314777355884,-9.16794104270963,-0.3080674826198343,-1.4284598855470583,9.678611673179674,0.0010787827657908736,0.006546981304218023,-0.11671889372712078,-3.531282895937134,16.993529389413542,-32.75
1772318592.354774,116.44379818320124,0.7876699293647661,-9.248494822938833,-0.35116580153703,-1.5128728085056788,9.792809882058558,0.004353277265325192,0.005462175453875302,-0.11453723216212788,-4.092056456576663,16.054995685336987,-30.875
1772318592.382322,116.44379818320124,0.7876699293647661,-9.248494822938833,-0.35116580153703,-1.5128728085056788,9.792809882058558,0.004353277265325192,0.005462175453875302,-0.11453723216212788,-4.092056456576663,16.054995685336987,-30.875
1772318592.4200628,116.24080953188921,0.7689859864867326,-9.240008425379404,-0.37984725133665603,-1.569048665780506,9.868807514389877,-0.010938404771704914,0.01634235707491236,-0.10362892433716332,-4.092056456576663,16.054995685336987,-30.875
1772318592.4460518,116.01240562610731,0.7550059586113724,-9.194736516495349,-0.3587931632873495,-1.6063591903690446,9.842445520488845,0.04473804019463159,-0.00755348705538673,-0.09817477042468103,-4.90513024260684,16.365999734298658,-32.0625
1772318592.4820683,115.8296657529267,0.6808826299466672,-9.158640387974087,-0.3581561703042986,-1.6345586607058347,9.737929003640172,0.013128093420896512,-0.0207016574247894,-0.11999138607461016,-4.90513024260684,16.365999734298658,-32.0625
1772318592.5189497,115.55052674526081,0.6660040101767319,-9.148285602567606,-0.344241013070075,-1.7135123749860282,9.668374429203372,-0.003278509889235551,0.0032664637201318563,-0.08290313946973066,-6.406047961503794,16.863238108824564,-30.0625
1772318592.5761337,115.55052674526081,0.6660040101767319,-9.148285602567606,-0.344241013070075,-1.7135123749860282,9.668374429203372,-0.003278509889235551,0.0032664637201318563,-0.08290313946973066,-6.406047961503794,16.863238108824564,-30.0625
1772318592.6053834,115.06181387518785,0.7415388421207894,-9.14107570606767,-0.3216002072071337,-1.7660305629012467,9.622086636891188,-0.004447638923304132,0.045806784486169386,-0.11999138607461016,-6.406047961503794,16.863238108824564,-30.0625
1772318592.6337643,114.82702460463183,0.7544396085944095,-9.171058989897773,-0.3066869223664199,-1.7173531792543708,9.664875085736977,-0.015289674342179491,0.00978935268614249,-0.07635815477475191,-6.717397107789937,16.237664005215017,-29.6875
1772318592.671375,114.55106720312007,0.7247396074119411,-9.18495319293113,-0.24667805840253948,-1.6346899824486456,9.693350320465557,0.006532927440263713,0.006557019778471102,-0.12762720155208535,-6.717397107789937,16.237664005215017,-29.6875
1772318592.7345753,114.20370803815078,0.6871272406004462,-9.189103082236938,-0.20665047864949007,-1.6298551390055613,9.712300271088212,-0.01093037399230245,0.011979041335334088,-0.08944812416470939,-6.716131750933543,15.550165169672711,-30.0625
1772318592.7843208,113.94731356380984,0.6550286084134418,-9.208075428033833,-0.1799941012355952,-1.6366729228274715,9.744981921786687,-0.001110905883400725,0.010906281654095061,-0.13853550937704992,-6.716131750933543,15.550165169672711,-30.0625
1772318592.8363016,113.70553966446063,0.6373735854306363,-9.193983324346313,-0.16894479192092307,-1.641222395285053,9.766731195248564,-0.0022117732925483716,0.016358418633717283,-0.09817477042468103,-6.405357766854851,16.488238743983306,-28.875
1772318592.9071147,113.05405918932254,0.6063966349270926,-9.203030085902105,-0.1938101569151822,-1.474719588198744,9.74735085937704,-0.0011149212731019565,0.013087939523884198,-0.1090830782496456,-7.088600402062011,14.174477303939158,-28.875
1772318592.973939,112.79721888909577,0.5837389574273136,-9.169287835011708,-0.14500215606036074,-1.3627822846910185,9.778343031874135,0.0065228889660106345,0.012011164452943939,-0.05890486225480862,-7.088600402062011,14.174477303939158,-28.875
1772318593.0146813,112.54479437169243,0.5771307664446139,-9.162828780205311,-0.17273288545982662,-1.288400080981863,9.839109316953532,0.031638054501643705,-0.0021234347191212795,-0.09381144729469522,-7.901099025884736,14.172981882199782,-27.375
1772318593.053185,112.38401009340109,0.5681641478054271,-9.157965745423505,-0.19073793394626123,-1.483092296347615,9.87954860086999,0.040340593642592855,0.01098257405841846,-0.07744898555724837,-7.901099025884736,14.172981882199782,-27.375
1772318593.0850604,112.21715400292905,0.5626241201881903,-9.147011617618464,-0.20272009258441326,-1.6126577908189743,9.826177811604326,-0.017485386075922937,0.01742113984070323,-0.055632369907319255,-8.7757524465232,13.983871745598288,-27.375
1772318593.1615064,111.90601475217163,0.535858571411403,-9.13883391196731,-0.1975229903660771,-1.5851239476693022,9.790660147538809,0.019614843879596063,0.010944427856256761,-0.08508480103472356,-8.7757524465232,13.983871745598288,-27.375
1772318593.2042568,111.6700913079897,0.5170030466013213,-9.13991807363131,-0.19407053363707816,-1.5634553765848622,9.88410244861769,0.009801398855246184,0.008744700732812085,-0.07635815477475191,-8.89902674818126,13.046143268612163,-27.375
1772318593.2442434,111.6700913079897,0.5170030466013213,-9.13991807363131,-0.19407053363707816,-1.5634553765848622,9.88410244861769,0.009801398855246184,0.008744700732812085,-0.07635815477475191,-8.89902674818126,13.046143268612163,-27.375
1772318593.2911336,111.17237539625204,0.4844654399037385,-9.180707788048895,-0.23191423474856834,-1.5491090654843827,9.946287256166787,0.013067862575378042,0.012023210622047633,-0.14180800172453928,-10.022529420965657,12.231574060842611,-25.75
1772318593.3300774,110.95304747442547,0.4535088519191935,-9.16406227501487,-0.25717883274070863,-1.4960753771661248,9.930803651916467,-0.002203742513145909,0.011995102894139013,-0.09381144729469522,-10.022529420965657,12.231574060842611,-25.75
1772318593.3907716,110.77255424773192,0.44703670370800774,-9.15352730872438,-0.25042863638499446,-1.5410214978187045,9.913809262836432,-0.010906281654095061,-0.001110905883400725,-0.06654067773228381,-10.520918119906469,11.355655283347753,-26.1875
1772318593.4594963,110.48745036480157,0.41042974279741307,-9.161815614152863,-0.17236875016906048,-1.5574167665447776,9.828907229182407,0.0163604263285679,0.0011209443576538037,-0.11671889372712078,-10.520918119906469,11.355655283347753,-26.1875
1772318593.5317035,110.22540312783417,0.4037614257244193,-9.129884728448856,-0.19401310079173278,-1.5684630830559236,9.772405874203512,0.009815452719200493,0.0011088981885501094,-0.11017390903214205,-11.708646173453433,11.478469455239853,-26.875
1772318593.5806167,109.91676077206321,0.3676507236633992,-9.12327604291097,-0.24855844684605277,-1.575888164201067,9.788326640943659,-0.02290539993793531,-0.001132990526757498,-0.05781403147231216,-11.708646173453433,11.478469455239853,-26.875
1772318593.6224215,109.91676077206321,0.3676507236633992,-9.12327604291097,-0.24855844684605277,-1.575888164201067,9.788326640943659,-0.02290539993793531,-0.001132990526757498,-0.05781403147231216,-11.708646173453433,11.478469455239853,-26.875
1772318593.6833277,109.14773574235059,0.34542059375334005,-9.118700287959234,-0.3090453182517962,-1.5674041481726413,9.742415526573414,0.02505493469011459,0.018590268874771814,-0.14180800172453928,-12.204964288447416,9.477552583221224,-25.0
1772318593.7131524,108.96282207262716,0.3421057758515132,-9.127813337664003,-0.29506055887484384,-1.5450220898148803,9.704811277170894,-0.013126085726045898,0.01961082848989483,-0.09926560120717749,-12.204964288447416,9.477552583221224,-25.0
1772318593.7430608,108.96282207262716,0.3421057758515132,-9.127813337664003,-0.29506055887484384,-1.5450220898148803,9.704811277170894,-0.013126085726045898,0.01961082848989483,-0.09926560120717749,-12.204964288447416,9.477552583221224,-25.0
1772318593.7795553,108.6921262530199,0.3204821131639375,-9.128169547186449,-0.32603673529061505,-1.4532635219493544,9.693166516089784,0.001060713512135332,0.016364441718269132,-0.1461713248545251,-13.204387432483317,9.163212593456329,-25.5
1772318593.8328393,108.43699324946947,0.2985253947288184,-9.118849819906032,-0.2797489138384637,-1.392076085207851,9.725558398158643,0.0021615809212829785,0.010912304738646909,-0.11671889372712078,-13.204387432483317,9.163212593456329,-25.5
1772318593.8756707,108.43699324946947,0.2985253947288184,-9.118849819906032,-0.2797489138384637,-1.392076085207851,9.725558398158643,0.0021615809212829785,0.010912304738646909,-0.11671889372712078,-13.204387432483317,9.163212593456329,-25.5
1772318593.9019709,107.9217382305336,0.28426182106579195,-9.131431361690973,-0.29893061735570675,-1.4551471679797947,9.747114833834438,-0.005468198538427149,0.007625764070008896,-0.11780972450961724,-12.200708088112268,7.165056500033469,-25.75
1772318593.9319808,107.70526811355992,0.28810159381438516,-9.138561779600131,-0.2715545542745935,-1.4970463881119482,9.761460400975514,0.004315131063163494,0.02618792521687209,-0.10581058590215622,-12.200708088112268,7.165056500033469,-25.75
1772318593.9507947,107.70526811355992,0.28810159381438516,-9.138561779600131,-0.2715545542745935,-1.4970463881119482,9.761460400975514,0.004315131063163494,0.02618792521687209,-0.10581058590215622,-12.200708088112268,7.165056500033469,-25.75
1772318593.9731789,107.57936259180457,0.28331135976045213,-9.10769426477682,-0.25333609010477487,-1.52492985106494,9.797768109315971,0.017431178314956313,0.012031241401450097,-0.09490227807719166,-14.697943075124883,5.660457743008822,-25.5
1772318594.0115755,107.42474099525067,0.2683294161686861,-9.123331370473142,-0.23795299405797826,-1.496648342858399,9.821930483632867,-0.016390541751327137,0.015241489665764713,-0.06217735460229799,-14.697943075124883,5.660457743008822,-25.5
1772318594.0653856,106.94583845258191,0.23848497916548225,-9.113337546323587,-0.22771571547927738,-1.477827315072093,9.838010273829354,0.01199108750443778,0.004385400382935044,-0.09381144729469522,-14.073059166164278,5.724107961563935,-25.375
1772318594.0938644,106.80068863562433,0.24656482818818498,-9.111264618354353,-0.22095833161985892,-1.435196176951335,9.808569854094259,-0.004369338824130119,0.003264456025281241,-0.07744898555724837,-14.073059166164278,5.724107961563935,-25.375
1772318594.12588,106.80068863562433,0.24656482818818498,-9.111264618354353,-0.22095833161985892,-1.435196176951335,9.808569854094259,-0.004369338824130119,0.003264456025281241,-0.07744898555724837,-14.073059166164278,5.724107961563935,-25.375
1772318594.1501675,106.55048672810999,0.2336606312000029,-9.125434530729553,-0.21646136814633962,-1.4068256307529867,9.78897758363159,0.0010767750709402579,0.007637810239112591,-0.09708393964218458,-14.570872702897635,4.53568971336803,-26.1875
1772318594.172966,106.46381949920487,0.24776343746474405,-9.097488836733165,-0.21337018131919772,-1.4414670458419794,9.986681184059806,0.04799045005080913,0.0033608253781107953,-0.07526732399225546,-14.570872702897635,4.53568971336803,-26.1875
1772318594.2108414,106.30852923882668,0.24242956647096128,-9.076684029549382,-0.17117175851838387,-1.4644466397113258,10.118250721650861,0.00428903103010549,0.04036870137050147,-0.16144295580947549,-14.570872702897635,4.53568971336803,-26.1875
1772318594.249668,105.998545925814,0.24022876211674174,-9.094398321032472,-0.1428736935663309,-1.5968180141854897,10.122180986506688,-0.0033226791759490967,0.027264700287812346,-0.09599310885968812,-16.007334976149043,3.970544919951864,-26.5625
1772318594.2641914,105.998545925814,0.24022876211674174,-9.094398321032472,-0.1428736935663309,-1.5968180141854897,10.122180986506688,-0.0033226791759490967,0.027264700287812346,-0.09599310885968812,-16.007334976149043,3.970544919951864,-26.5625
1772318594.2872438,105.87844188867457,0.23354222225633814,-9.079061261682776,-0.12434332780237056,-1.5209994891787095,10.021098070937404,-0.003306617617144171,0.018538068808655807,-0.0545415391248228,-16.007334976149043,3.970544919951864,-26.5625
1772318594.3532257,105.69340160868042,0.2315789696249768,-9.062803938489248,-0.23552191676177206,-1.6112653609278291,9.953828519796199,0.011971010555931624,0.015293689731880722,-0.11017390903214205,-16.007334976149043,3.970544919951864,-26.5625
1772318594.3898067,105.1667670263433,0.7390954548469979,-8.339504112978597,-0.3264695121665949,-1.5442530443728122,9.845504262522782,-0.010940412466555529,0.017433186009806926,-0.1189005552921137,-15.692994986384146,2.9711217759159623,-27.375
1772318594.4577072,104.83481907426743,0.1947804524751874,-9.034983101791456,-0.37026859074972485,-1.4996263125727334,9.826937466685674,-0.005500321656037001,0.02507902702832198,-0.10144726277217041,-15.692994986384146,2.9711217759159623,-27.375
1772318594.5192442,104.27943405597101,0.2068967531216867,-9.04422332792088,-0.32405364333500564,-1.4767501707754107,9.75178885007165,0.01743318600980693,0.010940412466555529,-0.16471544815696484,-16.566152985283235,1.969513015491743,-28.5625
1772318594.582044,103.99146526013477,0.17619096824133648,-9.02050633770524,-0.3117448003886398,-1.4813600879705258,9.747845348032598,0.01961685157444668,0.009853598921362193,-0.11671889372712078,-16.00434413267029,2.3455476723064144,-27.6875
1772318594.6203513,103.61862345061193,0.15144913730468734,-9.06020258491437,-0.27998374206931853,-1.5680124902125043,9.745220991477414,-0.014194830017583693,0.00760970251120397,-0.12326387842209953,-16.00434413267029,2.3455476723064144,-27.6875
1772318594.66659,103.61862345061193,0.15144913730468734,-9.06020258491437,-0.27998374206931853,-1.5680124902125043,9.745220991477414,-0.014194830017583693,0.00760970251120397,-0.12326387842209953,-16.00434413267029,2.3455476723064144,-27.6875
1772318594.6988356,103.35043090020181,0.13455745763045174,-9.055195841256618,-0.24881795116940417,-1.6223151196666659,9.726748952969325,0.00651084279690694,0.018556138062311347,-0.09926560120717749,-15.876583565794101,0.8457802778243652,-27.75
1772318594.7426186,102.8622436077369,0.11451350274746382,-9.04337397732108,-0.2381127835947496,-1.6584713831938969,9.714456017688383,0.007641825628813822,-0.0032584329407293936,-0.08835729338221293,-15.186438984097515,-0.5904519305440606,-29.6875
1772318594.788733,102.8622436077369,0.11451350274746382,-9.04337397732108,-0.23110559225386665,-1.6189759578905718,9.70627520658,0.010880181621037058,0.015291682037030107,-0.11126473981463851,-15.186438984097515,-0.5904519305440606,-29.6875
1772318594.8398812,102.28343832051554,0.11807087973859609,-9.03886792538364,-0.22673175155976205,-1.4354722095928505,9.767733202319409,0.021792486359683966,0.013130101115747129,-0.1439896632895322,-16.37462716741044,-0.21763818209112124,-30.0625
1772318594.8708339,101.94967844305167,0.1124510801265553,-9.046965415487035,-0.2269506295129709,-1.430437383166764,9.731695242684843,-0.003312640701696018,0.021810555613339506,-0.13853550937704992,-16.37462716741044,-0.21763818209112124,-30.0625
1772318594.9193256,101.94967844305167,0.1124510801265553,-9.046965415487035,-0.2269506295129709,-1.430437383166764,9.731695242684843,-0.003312640701696018,0.021810555613339506,-0.13853550937704992,-16.37462716741044,-0.21763818209112124,-30.0625
1772318595.0083978,101.94967844305167,0.1124510801265553,-9.046965415487035,-0.2269506295129709,-1.430437383166764,9.731695242684843,-0.003312640701696018,0.021810555613339506,-0.13853550937704992,-16.37462716741044,-0.21763818209112124,-30.0625
1772318595.0769799,101.16130414653135,0.11920767364193387,-9.04081501353858,-0.22709629034580445,-1.4270867624228998,9.714402606533065,-0.009837537362557268,0.010890220095290136,-0.10362892433716332,-15.998362445712788,-0.9044468229844841,-31.25
1772318595.0986378,100.57122210236442,0.08420882657407297,-9.005672155282891,-0.26057040551564276,-1.4650598016635947,9.702894550345459,0.0021615809212829785,0.010912304738646909,-0.13199052468207118,-15.998362445712788,-0.9044468229844841,-31.25
1772318595.1708455,100.09246741256852,0.026736435249325414,-9.007537634928138,-0.2826992934259703,-1.5706129800879758,9.695236067506018,-0.004399454246889354,0.019626890048699757,-0.1265363707695889,-16.5593660712353,-1.7179807387806225,-30.875
1772318595.21682,100.09246741256852,0.026736435249325414,-9.007537634928138,-0.2826992934259703,-1.5706129800879758,9.695236067506018,-0.004399454246889354,0.019626890048699757,-0.1265363707695889,-16.5593660712353,-1.7179807387806225,-30.875
1772318595.2555861,99.73886690650058,-0.03447060894186703,-9.025282853921235,-0.2039106137768533,-1.5604025074544947,9.670068762483313,-0.0010968520194464151,0.0032704791098330877,-0.13199052468207118,-16.5593660712353,-1.7179807387806225,-30.875
1772318595.2747605,99.73886690650058,-0.03447060894186703,-9.025282853921235,-0.2039106137768533,-1.5604025074544947,9.670068762483313,-0.0010968520194464151,0.0032704791098330877,-0.13199052468207118,-16.5593660712353,-1.7179807387806225,-30.875
1772318595.3278964,99.45682486802505,-0.05753841002243609,-9.01523919459747,-0.15166232985362665,-1.45325437072994,9.646629978713282,0.028379621560914305,-0.0097652603479351,-0.11453723216212788,-15.872672462783425,-1.2792161229427608,-32.875
1772318595.3517408,99.2185381249935,-0.13426238323259343,-8.974772077249856,-0.20720954367517655,-1.3821147146932982,9.637721953357335,0.014236991609446623,-0.030517110143989893,-0.08617563181722002,-15.872672462783425,-1.2792161229427608,-32.875
1772318595.3732712,99.2185381249935,-0.13426238323259343,-8.974772077249856,-0.20720954367517655,-1.3821147146932982,9.637721953357335,0.014236991609446623,-0.030517110143989893,-0.08617563181722002,-15.872672462783425,-1.2792161229427608,-32.875
1772318595.4148328,99.05446875217257,-0.1958259253431195,-8.988512022596595,-0.24416328048664643,-1.3414622803659693,9.551511081016452,-0.016324287821256816,-0.020755865185756023,-0.07744898555724837,-15.4949123193464,-2.7785233876588484,-32.875
1772318595.4441817,98.78635693816533,-0.20243608857224707,-8.982056193880615,-0.268564720536483,-1.4181068267255184,9.557695830951207,0.01847984565798795,0.03494065672908664,-0.11671889372712078,-15.4949123193464,-2.7785233876588484,-32.875
1772318595.475032,98.78635693816533,-0.20243608857224707,-8.982056193880615,-0.268564720536483,-1.4181068267255184,9.557695830951207,0.01847984565798795,0.03494065672908664,-0.11671889372712078,-15.4949123193464,-2.7785233876588484,-32.875
1772318595.5093846,98.19782996425684,-0.12139505635722744,-8.952018822149135,-0.22793680360196222,-1.4690082515403604,9.561811712944603,-0.004447638923304132,0.045806784486169386,-0.13199052468207118,-14.870373507710264,-2.5273734866831057,-33.6875
1772318595.6083777,97.71763072838228,-0.15039923284284687,-8.930966101531741,-0.17756983082116085,-1.4560079993741908,9.618072573750904,-0.0011028751039982622,0.006542965914516792,-0.10690141668465268,-14.870373507710264,-2.5273734866831057,-33.6875
1772318595.674611,97.17747680428506,-0.17155193088753026,-8.948623909654438,-0.14405117307148899,-1.447356476779937,9.672239106679099,-0.002199727123444677,0.009813445024349879,-0.11017390903214205,-14.056609527031146,-3.2133769004860357,-33.25
1772318595.7148697,96.86022567630656,-0.18298012712411488,-8.922581543576449,-0.1618184291046452,-1.4784690324963732,9.691560770726396,0.010894235484991367,0.007655879492768132,-0.0916297857297023,-14.056609527031146,-3.2133769004860357,-33.25
1772318595.7785034,96.39117268986223,-0.1595878258336101,-8.92811282572779,-0.2002184855975292,-1.5995765259560115,9.677658228654188,-3.2123117609851597e-05,0.017453262958313086,-0.10690141668465268,-14.49583427263497,-2.276683715473325,-35.6875
1772318595.8523228,95.95888900319048,-0.1599203588082928,-8.90091601063331,-0.2128646385446085,-1.6300540394448404,9.595394194403033,0.007617733290606433,0.00983151427800542,-0.12980886311707826,-13.743764959005626,-3.400301420699212,-34.5
1772318595.9166193,95.79536806938586,-0.1627432592550151,-8.900443620625307,-0.20427407238058345,-1.5967009568009858,9.603625111240078,-0.0011169289679525724,0.014178768458778766,-0.11453723216212788,-13.743764959005626,-3.400301420699212,-34.5
1772318595.9686394,95.28556528919566,-0.12491681692954724,-8.856218540692351,-0.19860640049628078,-1.5477440045477326,9.609102694449765,0.006504819712355093,0.02182862486699505,-0.10144726277217041,-14.868763053529397,-3.4023720046460397,-35.6875
1772318596.0445771,94.92496088909367,-0.14851196228007352,-8.840866078002371,-0.2146897784530252,-1.632279351612388,9.612747964887198,-0.00656705825272418,0.011987072114736552,-0.1189005552921137,-14.868763053529397,-3.4023720046460397,-35.6875
1772318596.0641198,94.92496088909367,-0.14851196228007352,-8.840866078002371,-0.2146897784530252,-1.632279351612388,9.612747964887198,-0.00656705825272418,0.011987072114736552,-0.1189005552921137,-14.868763053529397,-3.4023720046460397,-35.6875
1772318596.1268091,94.50579280718584,-0.12257303943672627,-8.80819330492972,-0.22536230311079472,-1.7052622109697855,9.685421197496678,0.022859222956371147,0.026222056029332558,-0.12435470920459599,-13.495375836625653,-2.5248427729703162,-37.25
1772318596.2139196,94.13570201804451,-0.15177191683855829,-8.787948500905118,-0.25922559738274187,-1.7538807425351197,9.733784421985087,-0.017481370686221707,0.015239481970914098,-0.13308135546456762,-13.495375836625653,-2.5248427729703162,-37.25
1772318596.2692451,93.46099886770126,-0.1543253717134631,-8.77574668520342,-0.2817735549266758,-1.779545620104238,9.729173378848992,0.013069870270228656,0.010932381687153067,-0.10362892433716332,-12.682187018153986,-2.898346716072198,-37.1875
1772318596.3176606,93.1599037245086,-0.17741868803169045,-8.774821648707942,-0.280262767810916,-1.6828609203101956,9.72610478115065,-0.007665917967021211,0.016348380159464205,-0.12762720155208535,-12.682187018153986,-2.898346716072198,-37.1875
1772318596.3632782,92.80713428220407,-0.16966238986119267,-8.778646490872585,-0.2792573558619758,-1.6185183326361243,9.727407775368203,0.004343238791072114,0.01091632012834814,-0.1308996938995747,-13.997215508811179,-1.5257647262588863,-37.5625
1772318596.3874862,92.68188158127926,-0.1543675775259224,-8.782670854049154,-0.2517473794647456,-1.6191361838975697,9.728274903464586,-0.005456152369323454,0.0010807904606414892,-0.10362892433716332,-13.997215508811179,-1.5257647262588863,-37.5625
1772318596.4531176,92.68188158127926,-0.1543675775259224,-8.782670854049154,-0.2517473794647456,-1.6191361838975697,9.728274903464586,-0.005456152369323454,0.0010807904606414892,-0.10362892433716332,-13.997215508811179,-1.5257647262588863,-37.5625
1772318596.4854536,92.14734547842876,-0.17070787088546743,-8.77655266255054,-0.23343979747896093,-1.6195473570102108,9.6820204036238,-0.00658111211667849,0.019622874658998524,-0.11999138607461016,-12.49526249794081,-2.585502148046679,-38.0
1772318596.5735738,91.48536549593373,-0.2066853048138319,-8.770311472405393,-0.221256306176512,-1.6198209881235688,9.651238550676377,0.014156683815421994,0.013116047251792818,-0.11671889372712078,-12.49526249794081,-2.585502148046679,-38.0
1772318596.6103587,91.48536549593373,-0.2066853048138319,-8.770311472405393,-0.221256306176512,-1.6198209881235688,9.651238550676377,0.014156683815421994,0.013116047251792818,-0.11671889372712078,-12.49526249794081,-2.585502148046679,-38.0
1772318596.674418,91.12648989808474,-0.24912579498115633,-8.764732945074911,-0.22987385902081864,-1.6200338702821886,9.630753571395696,-0.013110024167240972,0.010884197010738289,-0.05672320068981571,-11.684029230974481,-1.896507890764998,-37.5625
1772318596.7039905,90.7930098091881,-0.23517505766400376,-8.73395929685398,-0.24552092746151413,-1.687096132036589,9.700748839199598,-0.0033086253119947867,0.019628897743550373,-0.1308996938995747,-11.684029230974481,-1.896507890764998,-37.5625
1772318596.7815459,90.48690936544082,-0.2535764417916308,-8.738323595057377,-0.25593387671958984,-1.7317253180995928,9.660357003634418,-0.01093037399230245,0.011979041335334088,-0.10799224746714914,-11.184720272501746,-1.5205882663918169,-38.0
1772318596.835283,90.02720585372741,-0.2738408453499982,-8.7524634679368,-0.263072907354087,-1.647691937472365,9.697033810711227,-2.40923382073887e-05,0.013089947218734814,-0.11453723216212788,-11.560179767108965,-1.2712788844799212,-39.0625
1772318596.8995564,90.02720585372741,-0.2738408453499982,-8.7524634679368,-0.263072907354087,-1.647691937472365,9.697033810711227,-2.40923382073887e-05,0.013089947218734814,-0.11453723216212788,-11.560179767108965,-1.2712788844799212,-39.0625
1772318596.9427443,89.81142765633015,-0.3052965957102698,-8.77652350819052,-0.29123959478374667,-1.59181175857239,9.671265140504273,-0.004379377298383197,0.00871860069975408,-0.0916297857297023,-11.560179767108965,-1.2712788844799212,-39.0625
1772318597.002614,89.37712551892942,-0.3336877899003644,-8.780117135001069,-0.26994760273925633,-1.4976834401287984,9.66415171345841,0.0032744944995343195,-0.0010848058503427206,-0.0916297857297023,-9.561448511478652,-0.580099010809922,-38.375
1772318597.108024,88.68434530711417,-0.3564723729956234,-8.728503714504281,-0.18496228550618637,-1.4488954544610746,9.656267445502158,0.020769919049710334,-0.023960090365518792,-0.10581058590215622,-10.187482744854163,-0.01875028796293998,-38.375
1772318597.1383064,88.53261936658633,-0.3831433408201268,-8.742837072881676,-0.1622773123488844,-1.4827890570582332,9.677586696920969,0.06111854347170565,-0.017340832046678602,-0.07635815477475191,-10.187482744854163,-0.01875028796293998,-38.375
1772318597.1851568,88.53261936658633,-0.3831433408201268,-8.742837072881676,-0.1622773123488844,-1.4827890570582332,9.677586696920969,0.06111854347170565,-0.017340832046678602,-0.07635815477475191,-10.187482744854163,-0.01875028796293998,-38.375
1772318597.2059846,88.27037444493821,-0.39295625608352863,-8.72245259566739,-0.19066709466013865,-1.5054249086145775,9.832269112295958,0.034946679813638484,-0.02175233246267165,-0.06981317007977318,-10.062022826807782,-0.2685197996407975,-38.375
1772318597.2336893,88.0583190685918,-0.40930961542181815,-8.731673697652315,-0.20956017765363036,-1.5204888149662947,9.935208531812215,0.013122070336344665,-0.017429170620105697,-0.07635815477475191,-10.062022826807782,-0.2685197996407975,-38.375
1772318597.2540054,88.0583190685918,-0.40930961542181815,-8.731673697652315,-0.20956017765363036,-1.5204888149662947,9.935208531812215,0.013122070336344665,-0.017429170620105697,-0.07635815477475191,-10.062022826807782,-0.2685197996407975,-38.375
1772318597.2925327,87.78680129415255,-0.425579097783641,-8.755412248342225,-0.2922143081775951,-1.6209608310686145,9.879944432420807,0.004361308044727656,0.0010988597142970306,-0.13744467859455345,-9.747797869484376,-1.2054430495364892,-38.375
1772318597.3203564,87.58798489293757,-0.42051193856937535,-8.735056052976551,-0.2503655520769467,-1.6040176388867216,9.766229222347919,-0.0066031967600352634,0.031621992942838774,-0.12217304763960307,-9.747797869484376,-1.2054430495364892,-38.375
1772318597.368682,87.21528702124039,-0.4144134969461405,-8.739905807464456,-0.24258630862228675,-1.592779074208738,9.69055302032654,-0.0021776424800879044,-0.002185673259490367,-0.07090400086226964,-9.687368559290995,-0.08032992257122613,-39.1875
1772318597.3987,86.97420152446925,-0.37497500157244984,-8.800063354707925,-0.23740930900305385,-1.5852999349585333,9.673642470313073,-0.0010928366297451835,0.001088821240043952,-0.10471975511965978,-9.687368559290995,-0.08032992257122613,-39.1875
1772318597.4478474,86.79127626489156,-0.38394736204373225,-8.794651625555726,-0.23397023032919737,-1.5769775452934676,9.662388688182332,-0.006573081337276027,0.015259558919420255,-0.12980886311707826,-9.000329853514652,0.17093501084600693,-39.5625
1772318597.4760056,86.54961099658352,-0.40252166173763465,-8.793644464576655,-0.26165206794130325,-1.6450868315286749,9.654899421887308,-0.015283651257627644,0.006516865881458787,-0.10799224746714914,-9.000329853514652,0.17093501084600693,-39.5625
1772318597.497573,86.54961099658352,-0.40252166173763465,-8.793644464576655,-0.26165206794130325,-1.6450868315286749,9.654899421887308,-0.015283651257627644,0.006516865881458787,-0.10799224746714914,-9.000329853514652,0.17093501084600693,-39.5625
1772318597.5707724,86.27411386692954,-0.433952824710479,-8.802251719662497,-0.23672309142718403,-1.6167404301300297,9.690056739316388,-0.004355284960175809,-0.004371346518980734,-0.050178215994836975,-9.187139341286338,-0.20440945131972188,-39.0625
1772318597.6453855,85.84396319375864,-0.4564029304203537,-8.781188991572941,-0.22923091572727336,-1.5229565672048173,9.89066091092749,0.0021595732264323626,0.012003133673541477,-0.1407171709420428,-8.064096798267903,0.8601593330106688,-38.375
1772318597.6850798,85.46566562607742,-0.4406220370376126,-8.776143686734528,-0.24534548229839573,-1.485342923561046,9.984102956644328,0.003212255959165232,0.03273089113138888,-0.13526301702956053,-8.064096798267903,0.8601593330106688,-38.375
1772318597.7333584,85.46566562607742,-0.4406220370376126,-8.776143686734528,-0.24534548229839573,-1.485342923561046,9.984102956644328,0.003212255959165232,0.03273089113138888,-0.13526301702956053,-8.064096798267903,0.8601593330106688,-38.375
1772318597.774879,85.10736463494713,-0.4327967698828551,-8.761815676629967,-0.22284012863208086,-1.3398260789748555,9.966004913277175,0.014160699205123225,0.010934389382003681,-0.12217304763960307,-8.375676009437028,0.35958501768154,-39.5625
1772318597.8168766,84.76803164686898,-0.4083005821187543,-8.74268578747851,-0.22458859737599232,-1.243017028141749,9.953960867584724,0.042514220732979516,0.015349905187697964,-0.07417649320975901,-8.375676009437028,0.35958501768154,-39.5625
1772318597.8333943,84.48566857879855,-0.41900786044497296,-8.722538023668944,-0.22560442198855726,-1.2588742312366135,10.006157700448954,-0.010976550973866612,0.03706810683790915,-0.13308135546456762,-8.25136641580555,0.7348144474057784,-38.875
1772318597.8868413,84.24238992921781,-0.41978561536581,-8.762240427549623,-0.22946547267366052,-1.3564059365809178,10.04089410964327,-0.009837537362557268,0.010890220095290136,-0.1461713248545251,-8.25136641580555,0.7348144474057784,-38.875
1772318597.928524,84.12905310494224,-0.43212532415124727,-8.736869897573621,-0.2320103318063625,-1.4346926211530733,9.886719881443046,0.011977033640483472,0.012021202927197019,-0.10144726277217041,-8.25136641580555,0.7348144474057784,-38.875
1772318598.01199,83.57261247328776,-0.4303391050061292,-8.742076178896406,-0.21363327088215123,-1.486754594765067,9.78411865481477,0.007647848713365669,-0.006530919745413097,-0.07417649320975901,-7.752172489774307,1.1732339659191688,-38.875
1772318598.0380788,83.33532246309427,-0.44321615200391523,-8.736238012754242,-0.20140354212231004,-1.5214012566334973,9.752634913404966,-3.4130812460467325e-05,0.018544091893207652,-0.10690141668465268,-7.752172489774307,1.1732339659191688,-38.875
1772318598.0728521,82.91061393300451,-0.48307990569251175,-8.694825981159317,-0.22677126533961153,-1.5144138361234178,9.751753505437094,-0.009837537362557268,0.010890220095290136,-0.12326387842209953,-8.753436152874055,1.8588922823976275,-38.875
1772318598.1288655,82.69882824514532,-0.5070174331774285,-8.737986058724555,-0.25360232550308004,-1.5566137406353642,9.73109626803653,-0.05021828490216243,0.021724224734763032,-0.10144726277217041,-8.753436152874055,1.8588922823976275,-38.875
1772318598.146086,82.69882824514532,-0.5070174331774285,-8.737986058724555,-0.25360232550308004,-1.5566137406353642,9.73109626803653,-0.05021828490216243,0.021724224734763032,-0.10144726277217041,-8.753436152874055,1.8588922823976275,-38.875
1772318598.1683598,82.62009240591934,-0.5130095367631479,-8.737244227608596,-0.27145809631928763,-1.5846973056842435,9.717349107302917,0.0021937040388928302,-0.006540958219666175,-0.06654067773228381,-7.566628358859015,2.236077263627203,-38.875
1772318598.1982915,82.44512079649589,-0.504607666706102,-8.708503550994788,-0.26661538212787345,-1.6033558208009555,9.708200525400544,0.028377613866063692,-0.008674431413040534,-0.08617563181722002,-7.566628358859015,2.236077263627203,-38.875
1772318598.2765033,82.18022656596237,-0.6163684145011702,-8.666121561242615,-0.2634480206069616,-1.5856668998082286,9.70211224634087,-0.002149534752179284,-0.017457278348014315,-0.11780972450961724,-8.37912698268174,2.234581841887828,-39.25
1772318598.3123102,81.95770297648738,-0.6325178999668977,-8.655010092095745,-0.26134017689654127,-1.5738951204857639,9.651229000734721,-0.0065750890321266435,0.01635038785431482,-0.10690141668465268,-8.37912698268174,2.234581841887828,-39.25
1772318598.3397908,81.56067905601539,-0.5758710956265304,-8.624304111769089,-0.25324721837038516,-1.5660488193623185,9.617366769186926,0.0042830079455536425,0.043641188175185176,-0.13526301702956053,-6.75412973503629,2.2375726853665787,-39.25
1772318598.372033,81.2632921849633,-0.5252794067370238,-8.643425386791044,-0.24794763926165087,-1.5139957090323934,9.65169873138221,-0.00983151427800542,0.007617733290606434,-0.0818123086872342,-6.75412973503629,2.2375726853665787,-39.25
1772318598.4205627,81.2632921849633,-0.5252794067370238,-8.643425386791044,-0.24794763926165087,-1.5139957090323934,9.65169873138221,-0.00983151427800542,0.007617733290606434,-0.0818123086872342,-6.75412973503629,2.2375726853665787,-39.25
1772318598.4479156,80.89431101083773,-0.5766602037486873,-8.624620689319222,-0.20786477504116233,-1.3488280857995685,9.674546268710024,0.01199108750443778,0.004385400382935044,-0.1461713248545251,-6.754704897243743,2.5500721560676265,-37.1875
1772318598.485032,80.65949580122692,-0.570088838327024,-8.630798230968262,-0.2180601240164311,-1.1988373292437455,9.68975104957797,0.009795375770694337,0.012017187537495786,-0.10581058590215622,-6.754704897243743,2.5500721560676265,-37.1875
1772318598.5176866,80.34206101381133,-0.5886913276480523,-8.624922647289138,-0.1913200735524039,-1.1390998613418701,9.689834326275097,-0.007645841018515054,0.005440090810518529,-0.1090830782496456,-7.753207781747721,1.735733013181055,-38.75
1772318598.5873976,80.09286842615549,-0.510367044193914,-8.651421537748458,-0.2299976399007177,-1.3135366950330778,9.673164187450178,0.008672423718189918,0.029468442800958256,-0.1308996938995747,-7.753207781747721,1.735733013181055,-38.75
1772318598.6278706,79.74458686998888,-0.5142589091963985,-8.62205484211461,-0.2557371282487948,-1.429622459267467,9.625274167499333,0.010882189315887674,0.014200853102135539,-0.11017390903214205,-6.881545204588009,3.549840397427999,-38.5
1772318598.6655388,79.45618958516542,-0.5252153752573853,-8.612074966388986,-0.27297113482727187,-1.4500094358967575,9.630200122969134,0.010884197010738289,0.013110024167240972,-0.15817046346198613,-6.881545204588009,3.549840397427999,-38.5
1772318598.7180405,79.06930318992438,-0.5508504576681027,-8.625674613907751,-0.26775774067428587,-1.44013021510616,9.690345190332188,0.0043492618756239615,0.007643833323664437,-0.10035643198967395,-6.069851807855717,3.988835078148842,-38.875
1772318598.7561443,78.80656836547475,-0.5671870346750587,-8.639530485849845,-0.2107296479874669,-1.4535278324073413,9.730371060797875,-0.013110024167240972,0.010884197010738289,-0.13744467859455345,-6.069851807855717,3.988835078148842,-38.875
1772318598.8077052,78.80656836547475,-0.5671870346750587,-8.639530485849845,-0.2107296479874669,-1.4535278324073413,9.730371060797875,-0.013110024167240972,0.010884197010738289,-0.13744467859455345,-6.069851807855717,3.988835078148842,-38.875
1772318598.8711314,78.39968718681808,-0.5914588292620586,-8.623151279475362,-0.22656452591447723,-1.3187027451448639,9.757007830474521,-0.009871668175017735,0.02943431198849779,-0.1341721862470641,-6.696116106114208,4.6751835892762434,-38.0625
1772318598.9042888,77.95105015538056,-0.5255851386425497,-8.621294106308536,-0.2401828264289154,-1.372823872193572,9.751318521190878,-0.0011169289679525724,0.014178768458778766,-0.10144726277217041,-6.696116106114208,4.6751835892762434,-38.0625
1772318598.9395947,77.69277647621563,-0.543988012425617,-8.610431320259051,-0.24949192296961026,-1.275036636011317,9.754222572831003,0.00978935268614249,0.015289674342179491,-0.11780972450961724,-6.509191585901031,4.988028157301763,-36.875
1772318598.9779663,77.45502185301712,-0.5005421687833493,-8.596138238519107,-0.25558851485813233,-1.2634820193512557,9.749464963342485,0.0032524098561775463,0.010914312433497525,-0.11671889372712078,-6.509191585901031,4.988028157301763,-36.875
1772318599.0066023,77.20024296297763,-0.4912190127469635,-8.607868738840605,-0.23957509240746483,-1.2557556105863024,9.702812375178704,0.007615725595755817,0.010922343212899987,-0.11780972450961724,-5.382813102079374,4.240100011566075,-37.6875
1772318599.0400286,76.9967235671723,-0.5097702831134372,-8.591841474900892,-0.22891833864819527,-1.250613771862867,9.671765598899263,0.009797383465544951,0.01092635860260122,-0.12435470920459599,-5.382813102079374,4.240100011566075,-37.6875
1772318599.072174,76.9967235671723,-0.5097702831134372,-8.591841474900892,-0.22891833864819527,-1.250613771862867,9.671765598899263,0.009797383465544951,0.01092635860260122,-0.12435470920459599,-5.382813102079374,4.240100011566075,-37.6875
1772318599.1096072,76.55327181282397,-0.45525187394922756,-8.565311727769291,-0.18025933779371164,-1.2727032014060597,9.715351909736313,-0.03057131790495652,0.01521538963270671,-0.08399397025222712,-6.069621742972736,3.863835289868423,-37.25
1772318599.1856968,76.17725066205479,-0.43729655524565814,-8.554454014105584,-0.15901210486050424,-1.4391274137598618,9.750357864925281,0.011956956691977313,0.022929492276142698,-0.11562806294462433,-6.259192009340193,4.988488287067724,-36.875
1772318599.2107468,75.99291747400056,-0.4332412159775661,-8.530518018196686,-0.14487230869059828,-1.5498808680010527,9.773653937061397,0.016340349380061743,0.01202923370659948,-0.08072147790473774,-6.259192009340193,4.988488287067724,-36.875
1772318599.2680354,75.62167118275228,-0.41799441186788316,-8.584473157841147,-0.17238789032728308,-1.5534065518901667,9.789157212833805,-0.01201517984264517,0.00870454683579977,-0.11344640137963143,-7.007810349724823,4.237109168087324,-38.0625
1772318599.3098207,75.62167118275228,-0.41799441186788316,-8.584473157841147,-0.17238789032728308,-1.5534065518901667,9.789157212833805,-0.01201517984264517,0.00870454683579977,-0.11344640137963143,-7.007810349724823,4.237109168087324,-38.0625
1772318599.3651464,75.34579448661238,-0.4066400420478595,-8.567659101608633,-0.21078215227013142,-1.5490995835020822,9.82958047504328,0.013047785626871884,0.022931499970993315,-0.13853550937704992,-7.007810349724823,4.237109168087324,-38.0625
1772318599.3876534,74.94699501805783,-0.3617886239569621,-8.606161850775822,-0.2363207912173528,-1.5529235562348296,9.812995252291106,-0.010936397076854298,0.015251528140017793,-0.12326387842209953,-6.071692326919564,4.988833384392195,-36.0625
1772318599.412759,74.75676058833876,-0.36921446717376677,-8.591880424758964,-0.26336410175971753,-1.5487966255144743,9.801957971818613,-0.005482252402381459,0.015261566614270871,-0.11126473981463851,-6.071692326919564,4.988833384392195,-36.0625
1772318599.480931,74.45738797369673,-0.30613373821706896,-8.587265285633901,-0.2678945042798795,-1.5928570568346414,9.79461278495867,-0.0022117732925483716,0.016358418633717283,-0.0916297857297023,-6.510571975198917,5.738026886984278,-36.5
1772318599.5633402,74.22667354606587,-0.24064567512766544,-8.603379389134693,-0.2742176021394412,-1.6422555746818983,9.766308863203255,-0.0022077579028471402,0.01417676076392815,-0.08835729338221293,-6.510571975198917,5.738026886984278,-36.5
1772318599.5854092,74.22667354606587,-0.24064567512766544,-8.603379389134693,-0.2742176021394412,-1.6422555746818983,9.766308863203255,-0.0022077579028471402,0.01417676076392815,-0.08835729338221293,-6.510571975198917,5.738026886984278,-36.5
1772318599.602179,73.66716007303312,-0.18733156603244697,-8.600577657676338,-0.2784255531313482,-1.6751297364916469,9.74747291945055,0.009783329601590642,0.018562161146863196,-0.12980886311707826,-6.385802251801478,5.863256740147677,-36.0625
1772318599.6295044,73.66716007303312,-0.18733156603244697,-8.600577657676338,-0.2784255531313482,-1.6751297364916469,9.74747291945055,0.009783329601590642,0.018562161146863196,-0.12980886311707826,-6.385802251801478,5.863256740147677,-36.0625
1772318599.6625454,73.39753465137822,-0.1459866829496632,-8.624536523304721,-0.301290377017787,-1.7003891704403076,9.734937809294403,0.00651084279690694,0.018556138062311347,-0.1265363707695889,-6.385802251801478,5.863256740147677,-36.0625
1772318599.6838143,73.14160252868194,-0.13834447733856356,-8.578119754068751,-0.3167467748302463,-1.586739905947722,9.703180051560606,0.020697642035088167,0.015309751290685649,-0.09708393964218458,-5.698993610908115,6.23952146184533,-35.25
1772318599.7367694,72.86350120911672,-0.09589270673862398,-8.55690981958404,-0.28356492660108074,-1.5009922342045483,9.765673411229148,0.005420013862012372,0.018554130367460734,-0.11671889372712078,-5.698993610908115,6.23952146184533,-35.25
1772318599.7596698,72.86350120911672,-0.09589270673862398,-8.55690981958404,-0.28356492660108074,-1.5009922342045483,9.765673411229148,0.005420013862012372,0.018554130367460734,-0.11671889372712078,-5.698993610908115,6.23952146184533,-35.25
1772318599.7915542,72.62425983556237,-0.12359763107119702,-8.555436864620317,-0.26148277727010294,-1.4439281165237214,9.820642490821271,0.01962488235384914,0.0054902831817839216,-0.10690141668465268,-6.2008332830936395,7.23859950855676,-35.25
1772318599.829407,72.39619881594378,-0.09426289415912041,-8.547400162332359,-0.26364217535090734,-1.3357361404926351,9.857223799244977,0.02290539993793531,0.001132990526757498,-0.11562806294462433,-6.2008332830936395,7.23859950855676,-35.25
1772318599.8461134,72.39619881594378,-0.09426289415912041,-8.547400162332359,-0.26364217535090734,-1.3357361404926351,9.857223799244977,0.02290539993793531,0.001132990526757498,-0.11562806294462433,-6.2008332830936395,7.23859950855676,-35.25
1772318599.893618,71.91280384214812,-0.1392008997435134,-8.57037861969033,-0.26565201495577134,-1.4242173765084374,9.825343011943277,0.015289674342179491,-0.00978935268614249,-0.07963064712224129,-5.762068667255777,6.551905900104887,-35.25
1772318599.974411,71.58292133589087,-0.1550285486553249,-8.546156802394833,-0.28956775884755764,-1.4665015201740432,9.773379039153106,0.014168729984525688,0.006571073642425412,-0.12762720155208535,-6.887411859104021,6.737334998578688,-34.375
1772318599.99599,71.32841396704414,-0.1863007685996045,-8.529007638845195,-0.3055696136373295,-1.4478096608574709,9.735452484029539,0.014160699205123225,0.010934389382003681,-0.1308996938995747,-6.887411859104021,6.737334998578688,-34.375
1772318600.0320463,70.99708030744613,-0.18242989782604527,-8.507842730926694,-0.31621866924749237,-1.435370437284042,9.62323988087188,0.016358418633717283,0.0022117732925483716,-0.11017390903214205,-6.3891381926047,7.675753670213756,-34.0
1772318600.064953,70.81636284420928,-0.18609281244146747,-8.509164972813554,-0.3231454215097416,-1.514065030030526,9.54856364696737,0.009799391160395568,0.009835529667706651,-0.09490227807719166,-6.3891381926047,7.675753670213756,-34.0
1772318600.0874755,70.81636284420928,-0.18609281244146747,-8.509164972813554,-0.3231454215097416,-1.514065030030526,9.54856364696737,0.009799391160395568,0.009835529667706651,-0.09490227807719166,-6.3891381926047,7.675753670213756,-34.0
1772318600.1580994,70.41521759675419,-0.15327178561415017,-8.52480256886614,-0.32775509776337575,-1.5664354024271105,9.599220798711691,-0.0011289751370562667,0.020723742068146173,-0.14508049407202864,-6.702327857954691,8.050177872847561,-32.75
1772318600.188349,70.12936534180821,-0.15791940541953245,-8.486897319973593,-0.31763937739043135,-1.49421927994572,9.632932567320074,0.03487440279901632,0.017517509193532788,-0.07853981633974483,-6.702327857954691,8.050177872847561,-32.75
1772318600.216907,69.94851051435711,-0.1598345382294864,-8.47851876196167,-0.2910092310054569,-1.3524603475276944,9.655367372743822,-0.0065750890321266435,0.01635038785431482,-0.06763150851478027,-6.577328069674272,8.050407937730542,-33.1875
1772318600.2427576,69.80351583444131,-0.17284021185552073,-8.46281341466685,-0.2732871660644831,-1.2581213615545326,9.82751773538414,0.019620866964147908,0.007671941051573058,-0.08835729338221293,-6.577328069674272,8.050407937730542,-33.1875
1772318600.2769282,69.80351583444131,-0.17284021185552073,-8.46281341466685,-0.2732871660644831,-1.2581213615545326,9.82751773538414,0.019620866964147908,0.007671941051573058,-0.08835729338221293,-6.577328069674272,8.050407937730542,-33.1875
1772318600.3149338,69.66353146630468,-0.17566893573328332,-8.448539781209597,-0.2749230079157028,-1.1686035988602754,9.942081878675717,-0.009809429634648646,-0.004381384993233812,-0.04690572364734761,-6.5779032318817245,8.362907408431589,-33.1875
1772318600.370466,69.22924338645052,-0.16873212189301595,-8.45507868456186,-0.2761475421018214,-1.389171939588172,9.905150201322355,-0.006542965914516792,-0.0011028751039982622,-0.09817477042468103,-6.764137557445958,7.675063475564813,-34.0
1772318600.4076557,69.22924338645052,-0.16873212189301595,-8.45507868456186,-0.2761475421018214,-1.389171939588172,9.905150201322355,-0.006542965914516792,-0.0011028751039982622,-0.09817477042468103,-6.764137557445958,7.675063475564813,-34.0
1772318600.4739354,68.92607020100026,-0.17133195611444083,-8.48368529406093,-0.2629905331517674,-1.5033295147153634,9.816454497058205,-0.0033046099222935553,0.017447239873761237,-0.08290313946973066,-6.764137557445958,7.675063475564813,-34.0
1772318600.504647,68.57462138675048,-0.20481528899457954,-8.522170186156702,-0.2743607375948238,-1.5492310918164192,9.75742849666635,-0.04585095377288293,0.01955059764437636,-0.12762720155208535,-7.515631708867849,8.486181710089653,-32.375
1772318600.5396686,68.28471815276858,-0.1777183098680635,-8.530991502448392,-0.26185684538908677,-1.57974113817175,9.684696235696004,0.022897369158532847,0.005496306266335769,-0.11017390903214205,-7.515631708867849,8.486181710089653,-32.375
1772318600.5615609,68.28471815276858,-0.1777183098680635,-8.530991502448392,-0.26185684538908677,-1.57974113817175,9.684696235696004,0.022897369158532847,0.005496306266335769,-0.11017390903214205,-7.515631708867849,8.486181710089653,-32.375
1772318600.58796,68.13917605655669,-0.182755252837473,-8.526637096452447,-0.23356967316646796,-1.5431414900447242,9.636293728492829,-0.003298586837741708,0.014174753069077535,-0.07635815477475191,-7.515631708867849,8.486181710089653,-32.375
1772318600.6370912,67.90431255432799,-0.16334074507737342,-8.518741866322838,-0.21474487604073333,-1.518784833061047,9.60408240064055,-0.010928366297451836,0.01088821240043952,-0.10362892433716332,-8.578129909251412,8.484226158584315,-33.1875
1772318600.6691148,67.63780253490046,-0.1637549504323394,-8.496507550651309,-0.2725506050982698,-1.4558735569181251,9.699725031535145,0.023996228872829872,0.0011349982216081137,-0.08399397025222712,-8.578129909251412,8.484226158584315,-33.1875
1772318600.6966655,67.40522776739463,-0.17519864472966853,-8.492585507412741,-0.3110196720537565,-1.4140068054100126,9.646295224241129,0.004379377298383197,-0.00871860069975408,-0.11344640137963143,-8.765744624113532,8.546380955400053,-31.25
1772318600.7343524,67.28919616328955,-0.18385983304032674,-8.517685832414513,-0.3063605334646698,-1.4697171903246646,9.610738284337016,-0.02512118862018491,0.017407085976748924,-0.0719948316447661,-8.765744624113532,8.546380955400053,-31.25
1772318600.755668,67.15362437356666,-0.19197823696479796,-8.507628322714734,-0.2764990804475073,-1.5067425752246453,9.459961293149735,-0.00658111211667849,0.019622874658998524,-0.08290313946973066,-8.765744624113532,8.546380955400053,-31.25
1772318600.7981896,66.96149937576419,-0.19842729026684414,-8.493879049672058,-0.24673290397729442,-1.4544266460945021,9.359620889803951,0.017425155230404464,0.015303728206133802,-0.09708393964218458,-9.578473312819236,8.669885321941097,-30.0
1772318600.849644,66.75136330839584,-0.22373863556766643,-8.491274783268784,-0.23695916417088853,-1.4196294498912165,9.45675594591173,-0.013108016472390356,0.00979336807584372,-0.09708393964218458,-9.578473312819236,8.669885321941097,-30.0
1772318600.8720877,66.75136330839584,-0.22373863556766643,-8.491274783268784,-0.23695916417088853,-1.4196294498912165,9.45675594591173,-0.013108016472390356,0.00979336807584372,-0.09708393964218458,-9.578473312819236,8.669885321941097,-30.0
1772318600.9001863,66.38815146049998,-0.23103546850310605,-8.469072261485797,-0.25387059180015215,-1.396515401721157,9.611716256779406,0.019614843879596063,0.010944427856256761,-0.0916297857297023,-9.891893043052209,9.169309312855322,-30.75
1772318600.9774594,66.11783935307011,-0.2060585952789131,-8.447687883982129,-0.2652419360698947,-1.3175762460760487,9.67469927215392,-0.005438083115667913,-0.008736669953409621,-0.05890486225480862,-9.891893043052209,9.169309312855322,-30.75
1772318600.9921048,65.89494544985259,-0.2169876264476111,-8.468845885765566,-0.2728217521389058,-1.258352907719348,9.740029547270511,0.03164608528104616,-0.006486750458699551,-0.09381144729469522,-10.5157416600394,8.543160047038322,-30.0
1772318601.0463464,65.6881972256781,-0.23739873776658824,-8.42198538361256,-0.21765412631348374,-1.2188296162573766,9.760090333622378,0.019620866964147908,0.007671941051573058,-0.11017390903214205,-10.5157416600394,8.543160047038322,-30.0
1772318601.0695662,65.6881972256781,-0.23739873776658824,-8.42198538361256,-0.21765412631348374,-1.2188296162573766,9.760090333622378,0.019620866964147908,0.007671941051573058,-0.11017390903214205,-10.5157416600394,8.543160047038322,-30.0
1772318601.0910258,65.49442448815658,-0.352785245612532,-8.419578642195383,-0.24745493368202387,-1.4033921227462838,9.719918775528766,-0.0021254424139718953,-0.03054722556674913,-0.06217735460229799,-10.890971089763639,8.667469640669799,-29.5625
1772318601.14918,65.20814521990539,-0.3227883765327644,-8.394423817454301,-0.2672377841540125,-1.552977257448479,9.66976927041194,0.018471814878585485,0.039303972468664905,-0.1090830782496456,-10.890971089763639,8.667469640669799,-29.5625
1772318601.1898324,65.20814521990539,-0.3227883765327644,-8.394423817454301,-0.2672377841540125,-1.552977257448479,9.66976927041194,0.018471814878585485,0.039303972468664905,-0.1090830782496456,-10.890971089763639,8.667469640669799,-29.5625
1772318601.2175498,64.87236744984908,-0.2544077361732985,-8.409293795945555,-0.2804523040891455,-1.6257636452852349,9.623014888134094,-0.013206393520070527,0.06324398588567755,-0.13853550937704992,-12.016659378936353,9.040398421564229,-29.5625
1772318601.2827585,64.57297713501337,-0.257068215641879,-8.412858621517964,-0.34620557332387825,-1.624130247302412,9.591900369008858,0.008714585310052848,0.006561035168172333,-0.09599310885968812,-12.016659378936353,9.040398421564229,-29.5625
1772318601.3286989,63.965656363639624,-0.2273737335296542,-8.398063328297667,-0.29296787776727257,-1.6161744815938932,9.574539115810285,-0.004391423467486891,0.015263574309121487,-0.12217304763960307,-13.391887114903945,9.162867496131858,-29.25
1772318601.388267,63.688703809314816,-0.19119786812264306,-8.395267796749375,-0.31104816925886863,-1.6176687283395168,9.6767191937934,0.014170737679376304,0.005480244707530843,-0.12326387842209953,-13.391887114903945,9.162867496131858,-29.25
1772318601.4120317,63.548440398858624,-0.16429665070135743,-8.388783843358626,-0.2695833315796812,-1.6051842008209545,9.651055766459958,-0.003278509889235551,0.0032664637201318563,-0.07526732399225546,-13.39073679048904,8.537868554729762,-29.5625
1772318601.483337,63.30877433869193,-0.16027788660709216,-8.383346909595224,-0.22863314809818372,-1.5834708360851326,9.633977042248821,0.003248394466476315,0.013095970303286662,-0.13199052468207118,-13.39073679048904,8.537868554729762,-29.5625
1772318601.525584,62.54909372081383,-0.10036361542682548,-8.410374411739204,-0.23353485825274437,-1.4981896266969141,9.675259606292867,0.005448121589920992,0.003282525278936782,-0.10799224746714914,-12.265163533757816,8.227439667975542,-28.75
1772318601.6053858,61.84898617679427,-0.16387433428065554,-8.416660699168906,-0.24906184499791073,-1.4415289957227955,9.74030328155327,0.005446113895070376,0.00437335421383135,-0.10144726277217041,-14.889238828114694,7.722609152311267,2019.3125
1772318601.709582,61.56818439721622,-0.1882936331614912,-8.451291560568794,-0.24516232003595312,-1.4311291573778617,9.720131160241909,-0.014210891576388619,0.01633633399036051,-0.12435470920459599,-14.889238828114694,7.722609152311267,2019.3125
1772318601.7457447,61.56818439721622,-0.1882936331614912,-8.451291560568794,-0.24516232003595312,-1.4311291573778617,9.720131160241909,-0.014210891576388619,0.01633633399036051,-0.12435470920459599,-14.889238828114694,7.722609152311267,2019.3125
1772318601.7842207,61.56818439721622,-0.1882936331614912,-8.451291560568794,-0.25260254785886094,-1.424226651358719,9.733467732505112,0.02286323834607238,0.02404039815954342,-0.12762720155208535,-15.577197793422963,7.97134337201571,-28.6875
1772318601.8122246,61.12556170678506,-0.15593459977473084,-8.436642110711743,-0.25748005545979935,-1.459774383207194,9.73565284895236,0.004355284960175809,0.004371346518980734,-0.08617563181722002,-15.577197793422963,7.97134337201571,-28.6875
1772318601.831423,61.12556170678506,-0.15593459977473084,-8.436642110711743,-0.25748005545979935,-1.459774383207194,9.73565284895236,0.004355284960175809,0.004371346518980734,-0.08617563181722002,-15.577197793422963,7.97134337201571,-28.6875
1772318601.8869097,60.770427380295864,-0.20028484554909418,-8.446613250881606,-0.26072598228289384,-1.4834310016581709,9.737107019538655,0.004333200316819035,0.016370464802820978,-0.11017390903214205,-16.013316663106544,7.220539415242762,-28.375
1772318601.926899,60.38738269748171,-0.20978073607263875,-8.394453289355473,-0.2527276573623819,-1.5660578675802326,9.738074753819685,-0.007679971830975521,0.02398418270372618,-0.1189005552921137,-16.013316663106544,7.220539415242762,-28.375
1772318601.9901254,59.93683078340165,-0.2341884773019407,-8.380723111950594,-0.24732482383064058,-1.664531502388479,9.73537365846609,-0.006585127506379722,0.02180453252878766,-0.11671889372712078,-17.20127478153649,7.468353375415282,-29.5
1772318602.0173373,59.83760276991334,-0.20924342001341828,-8.394247366778535,-0.2103582756980141,-1.6865166603724246,9.75030166821808,0.006520881271160018,0.013101993387838509,-0.09708393964218458,-17.20127478153649,7.468353375415282,-29.5
1772318602.0735755,59.51492475464903,-0.09114410110423593,-8.401654693875717,-0.25936209725619935,-1.6945927736585022,9.760236091951235,-0.0022057502079965243,0.013085931829033583,-0.23234695667174513,-17.889118714403264,7.6545877009795165,-28.375
1772318602.0990415,59.51492475464903,-0.09114410110423593,-8.401654693875717,-0.25936209725619935,-1.6945927736585022,9.760236091951235,-0.0022057502079965243,0.013085931829033583,-0.23234695667174513,-17.889118714403264,7.6545877009795165,-28.375
1772318602.1556985,59.17410408647133,-0.11698220653249466,-8.385270963086548,-0.20854911453840683,-1.5894249189176213,9.773537563385505,-0.0021957117337434457,0.007631787154560744,-0.07308566242726255,-17.889118714403264,7.6545877009795165,-28.375
1772318602.22314,58.707336305745294,-0.16955580014514376,-8.395531140624396,-0.25176343224077163,-1.46940190082973,9.782389544037839,-0.005462175453875302,0.004353277265325192,-0.11126473981463851,-18.762276713302352,6.652978940555297,-27.875
1772318602.2705822,58.428605085924794,-0.14030179446810945,-8.383049447545076,-0.21687271201934644,-1.4395875355644208,9.788280438278864,0.0032504021613269304,0.012005141368392092,-0.10581058590215622,-18.762276713302352,6.652978940555297,-27.875
1772318602.303096,58.428605085924794,-0.14030179446810945,-8.383049447545076,-0.21687271201934644,-1.4395875355644208,9.788280438278864,0.0032504021613269304,0.012005141368392092,-0.10581058590215622,-18.762276713302352,6.652978940555297,-27.875
1772318602.3691995,58.16710233433758,-0.16900410047168987,-8.380156255890695,-0.25713030461135616,-1.4633497651638165,9.768784980639431,-0.00656705825272418,0.011987072114736552,-0.12762720155208535,-18.386702186253643,6.341169664503192,-27.875
1772318602.4292798,57.45313008364766,-0.14852971016278438,-8.395020929467634,-0.32414614780040263,-1.4295160772208517,9.781687907453486,0.00435930034987704,0.0021896886491915984,-0.0818123086872342,-17.262854416144776,6.968239189852115,-28.375
1772318602.483279,57.219598544948695,-0.13151642515181763,-8.38407525964478,-0.3153607963420457,-1.3361988776797498,9.79784884209173,-0.004381384993233813,0.009809429634648648,-0.061086523819801536,-17.262854416144776,6.968239189852115,-28.375
1772318602.5544453,56.933345169460864,-0.12014272097297636,-8.414133290493142,-0.3095142430853154,-1.2740973238065678,9.808603763564014,-0.007641825628813822,0.0032584329407293936,-0.06872233929727672,-20.260088556279065,5.462720173295544,-27.875
1772318602.5864458,56.74939707612327,-0.09234581862877356,-8.431583851223147,-0.3056542109125806,-1.2160439032162051,9.815761043663473,-0.012019195232346402,0.010886204705588905,-0.08508480103472356,-20.260088556279065,5.462720173295544,-27.875
1772318602.625884,56.55992276769246,-0.11867003455352505,-8.437976465379935,-0.3330004979967294,-1.2811636982762706,9.85063013898348,-0.014194830017583693,0.00760970251120397,-0.07635815477475191,-20.011469369016112,6.213179032744021,-29.5
1772318602.6691847,56.421780926292165,-0.07434242713538992,-8.480058011732384,-0.2739784974924326,-1.4782334672996584,9.736685552405532,-0.01093037399230245,0.011979041335334088,-0.09708393964218458,-20.011469369016112,6.213179032744021,-29.5
1772318602.7058387,56.23210544000473,-0.09789145636727203,-8.47696796391488,-0.23470001547576919,-1.60938119717116,9.694307819955535,0.025091073197425675,-0.0010446519533304061,-0.0719948316447661,-21.072127050335826,5.211225174995331,2019.3125
1772318602.761024,56.018131817685465,-0.08859107966013012,-8.4794482179134,-0.2088869317820782,-1.5193679261842574,9.66610591240035,-0.014168729984525688,-0.006571073642425412,-0.05235987755982989,-21.072127050335826,5.211225174995331,2019.3125
1772318602.7797096,56.018131817685465,-0.08859107966013012,-8.4794482179134,-0.2088869317820782,-1.5193679261842574,9.66610591240035,-0.014168729984525688,-0.006571073642425412,-0.05235987755982989,-21.072127050335826,5.211225174995331,2019.3125
1772318602.8778222,55.749800717511015,-0.10848280735595153,-8.479214698030638,-0.22515967335010728,-1.459526667275275,9.647337857958325,-0.005474221622978996,0.0108982508746926,-0.12217304763960307,-21.38336116418048,4.523151177245573,-28.6875
1772318602.9238756,55.37664359481724,-0.11099708188839731,-8.48133443188923,-0.23591512018278044,-1.4598442504401794,9.715130608355729,-1.4053863954310075e-05,0.007635802544261975,-0.061086523819801536,-21.38336116418048,4.523151177245573,-28.6875
1772318602.973499,55.107144765316455,-0.07124594555168452,-8.489783264979149,-0.22631027924493186,-1.4800954510285322,9.669927910352936,0.0032222944334183105,0.02727674645691604,-0.09817477042468103,-22.694018422061035,3.5207371897309208,-29.875
1772318603.0115976,54.93007446070564,-0.05302536659893054,-8.488940666792955,-0.2199183648938971,-1.4935723987993477,9.773650488072073,-0.006583119811529106,0.020713703593893094,-0.07853981633974483,-22.694018422061035,3.5207371897309208,-29.875
1772318603.053404,54.93007446070564,-0.05302536659893054,-8.488940666792955,-0.2199183648938971,-1.4935723987993477,9.773650488072073,-0.006583119811529106,0.020713703593893094,-0.07853981633974483,-22.694018422061035,3.5207371897309208,-29.875
1772318603.0734885,54.78079099175624,-0.07054528560661989,-8.476398322139051,-0.2322916396333279,-1.5560936373670218,9.708872236594273,0.0021635886161335944,0.009821475803752342,-0.05890486225480862,-22.75548302422783,2.958123110027544,-30.375
1772318603.1030464,54.67140146172679,-0.07583083892737368,-8.451440546975917,-0.24063673710750816,-1.5374889144785566,9.705904374344112,-0.005470206233277764,0.008716593004903463,-0.18216874067690814,-22.75548302422783,2.958123110027544,-30.375
1772318603.1621804,54.67140146172679,-0.07583083892737368,-8.451440546975917,-0.24063673710750816,-1.5374889144785566,9.705904374344112,-0.005470206233277764,0.008716593004903463,-0.18216874067690814,-22.75548302422783,2.958123110027544,-30.375
1772318603.2016685,54.47601016260124,-0.10594790757509213,-8.451406792389966,-0.28290643506810015,-1.5686617819248883,9.660442842974671,-0.006532927440263713,-0.006557019778471102,-0.04145156973486533,-22.37967843229614,2.5213140456950196,-30.375
1772318603.2652564,54.27524907259666,-0.020023390690115255,-8.49434562036924,-0.2943909543141223,-1.5458898147376512,9.656949595345445,0.007629779459710127,0.0032865406686380136,-0.0719948316447661,-22.37967843229614,2.5213140456950196,-30.375
1772318603.2994823,54.08786114347142,-0.030756703974012374,-8.500631594079918,-0.3019537359375799,-1.5742217034937707,9.654624878070328,0.007617733290606433,0.00983151427800542,-0.08399397025222712,-23.19367247785824,3.3323172477783682,-31.0625
1772318603.317865,54.06171935384599,-0.016903561526526552,-8.515889453397943,-0.28354015662624527,-1.6097586919875284,9.65307780469253,0.00762375637515828,0.006559027473321717,-0.02399827721492203,-23.19367247785824,3.3323172477783682,-31.0625
1772318603.3568296,54.06171935384599,-0.016903561526526552,-8.515889453397943,-0.28354015662624527,-1.6097586919875284,9.65307780469253,0.00762375637515828,0.006559027473321717,-0.02399827721492203,-23.19367247785824,3.3323172477783682,-31.0625
1772318603.3880532,53.83307661407525,-0.021413078486115244,-8.509408588842081,-0.2765116284844717,-1.6491712451734826,9.737146091127332,0.02072976515269802,-0.0021435116676274367,-0.08399397025222712,-21.69367501849321,3.3350780263741386,-31.1875
1772318603.4581234,53.76377300858387,-0.017145771517394166,-8.512727328619349,-0.27998914248922085,-1.6596614017016098,9.761516537476727,0.004351269570474577,0.00655300438876987,-0.018544123302439753,-22.504678220576558,2.5210839808120387,-31.875
1772318603.501174,53.76377300858387,-0.017145771517394166,-8.512727328619349,-0.27998914248922085,-1.6596614017016098,9.761516537476727,0.004351269570474577,0.00655300438876987,-0.018544123302439753,-22.504678220576558,2.5210839808120387,-31.875
1772318603.518973,53.682772755169836,0.01761282817104335,-8.515698844911107,-0.2588876469224053,-1.6665993864952757,9.767699462164567,0.0032744944995343195,-0.0010848058503427206,-0.06544984694978735,-22.504678220576558,2.5210839808120387,-31.875
1772318603.5552673,53.65181494283883,0.012148697180012085,-8.509484860903054,-0.244857150825576,-1.664526325790064,9.678151001671587,-0.0011008674091476465,0.005452136979622223,-0.018544123302439753,-22.504678220576558,2.5210839808120387,-31.875
1772318603.5977287,53.59589202378551,0.004831864006325219,-8.503043265897155,-0.23552001240404696,-1.6631467270483506,9.618557501535356,0.017445232178910624,0.004395438857188122,-0.04799655442984406,-22.503642928603146,1.9585849335501522,-32.6875
1772318603.6752255,53.55741976295413,-0.026326063994508854,-8.477946806672897,-0.23941545011414858,-1.6221058172243021,9.605659586556266,0.004397446552038739,-0.01853606111380519,-0.006544984694978736,-22.503642928603146,1.9585849335501522,-32.6875
1772318603.745467,53.542283241063565,-0.03379629676757845,-8.449889426980883,-0.24200782039533075,-1.5947935501933996,9.627182173582707,-0.0021635886161335944,-0.009821475803752342,0.0272707695624114,-21.692179596753835,2.522579402551414,-31.875
1772318603.7903829,53.59115360971015,-0.058345261140172716,-8.471815362106787,-0.2537683319833266,-1.5766360118079519,9.641505214825752,0.012037264486001942,-0.020703665119640016,0.015271630954950384,-21.692179596753835,2.522579402551414,-31.875
1772318603.8287518,53.66521155542075,-0.08428467005868906,-8.456584329786658,-0.26162560478095553,-1.5478268426378594,9.651037038774145,-0.00979336807584372,-0.013108016472390356,0.044724062082354694,-21.752838971830197,1.5224660638665704,-31.875
1772318603.880571,53.683172199766986,-0.1583206050356392,-8.43147097794853,-0.28358006226386034,-1.5286854460840091,9.650690137719712,0.0054902831817839216,-0.01962488235384914,-0.009817477042468103,-21.752838971830197,1.5224660638665704,-31.875
1772318603.916926,53.60011019152755,-0.1801299153806736,-8.431655523164332,-0.22125306951654763,-1.5158054554378673,9.640423943821167,-1.6061558804925798e-05,0.008726631479156543,-0.05890486225480862,-22.188842809072288,0.7091622129534126,-32.25
1772318604.021832,53.522079514557426,-0.057158797017394625,-8.484485658144544,-0.22996405618778848,-1.5006361045867744,9.630246794755266,0.002199727123444677,-0.009813445024349879,0.013089969389957472,-22.188842809072288,0.7091622129534126,-32.25
1772318604.073143,53.50393800995715,-0.02398863415528758,-8.490637546104749,-0.23596429299104688,-1.380152571678156,9.623474015738113,0.004341231096221499,0.012007149063242708,-0.032724923474893676,-21.503644622359793,1.960425452613999,-31.5
1772318604.0987604,53.551190382421254,-0.026745322782293968,-8.493774324267068,-0.24664759563960684,-1.2999844399004554,9.682523929398165,-0.01199108750443778,-0.004385400382935044,0.04036073895236887,-21.503644622359793,1.960425452613999,-31.5
1772318604.1251144,53.551190382421254,-0.026745322782293968,-8.493774324267068,-0.24664759563960684,-1.2999844399004554,9.682523929398165,-0.01199108750443778,-0.004385400382935044,0.04036073895236887,-21.503644622359793,1.960425452613999,-31.5
1772318604.1657114,53.53536256488412,-0.024767800417647874,-8.50000400474291,-0.26373096491777576,-1.2801029743798518,9.721820987308172,0.007647848713365669,-0.006530919745413097,-0.004363323129985824,-21.752148777181255,1.1474666990253128,-34.25
1772318604.2120016,53.54159266464761,-0.02430415507617212,-8.499772319872179,-0.2650644382141158,-1.2668536109408077,9.684415617931315,-0.002149534752179284,-0.017457278348014315,0.04145156973486533,-21.752148777181255,1.1474666990253128,-34.25
1772318604.278251,53.55916629508387,-0.00731675230433276,-8.500191673139623,-0.27300729247992345,-1.342498558514477,9.673062850575084,0.004357292655026424,0.0032805175840861663,-0.022907446432425576,-21.500078616673587,0.022928734267501902,-33.5
1772318604.3522706,53.586761845742004,0.000949358590594535,-8.480989211610515,-0.23427533209626383,-1.3986273141383916,9.685418739672713,0.02184267873094936,-0.014140622256617068,0.020725784867432664,-20.750885114081505,0.4618083825468542,-33.875
1772318604.3872166,53.579148698537935,0.019175424361783263,-8.471807843477608,-0.20829647264364065,-1.5463688733767922,9.763888791696568,-0.0021776424800879044,-0.002185673259490367,0.006544984694978736,-20.750885114081505,0.4618083825468542,-33.875
1772318604.4364097,53.594284808325746,0.026559572118542412,-8.468662813197462,-0.19130335549045985,-1.4841241406759118,9.816109734750526,0.009819468108901726,-0.0010727596812390263,0.006544984694978736,-21.06534013628789,1.523731420722965,-34.25
1772318604.4739764,53.62386390364618,0.050694042977585334,-8.465454780595593,-0.19985593287614709,-1.5564715122453903,9.837481742177502,-0.004369338824130119,0.003264456025281241,0.017453292519943295,-21.06534013628789,1.523731420722965,-34.25
1772318604.5593357,53.6601442236075,0.06900129158536956,-8.449543297616811,-0.20554757758777256,-1.6046178798517838,9.85170457437919,0.010922343212899989,-0.007615725595755817,-0.006544984694978736,-22.55935590869542,-1.7290238531637039,-36.6875
1772318604.6803257,53.76818655116433,0.09259080731196066,-8.433771542898393,-0.23879538673499776,-1.561022769334549,9.867468652572711,0.0011088981885501094,-0.009815452719200495,-0.028361600344907856,-20.001346514164954,0.7131883484055777,-33.1875
1772318604.7524192,53.79749210949987,0.12001118275137923,-8.467926491841801,-0.22494968257978096,-1.5106263019160984,9.871660528271462,-0.0010968520194464151,0.0032704791098330877,0.011999138607461015,-20.001346514164954,0.7131883484055777,-33.1875
1772318604.79153,53.98091139551441,0.09935758289691375,-8.508650656938176,-0.24898340906463112,-1.5875380826031964,9.834308834234829,-0.0010506750378822534,-0.021818586392741972,0.032724923474893676,-20.375080522149815,0.02499931821432963,-33.875
1772318604.832508,54.046915649210206,0.09802204540121659,-8.512186398332359,-0.2315265251508409,-1.6386604460708951,9.849593039587043,-0.005438083115667913,-0.008736669953409621,0.05999569303730508,-20.375080522149815,0.02499931821432963,-33.875
1772318604.878982,54.305593061467285,0.1204685229340758,-8.518226574386793,-0.21665025225702228,-1.6258441665613632,9.839693837269264,0.005492290876634538,-0.02071571128874371,0.10144726277217041,-20.37312497064448,-1.0374988821692332,-34.1875
1772318604.9178128,54.457744860374284,0.1823812247278918,-8.554838598118668,-0.2067502588250427,-1.6173150757149926,9.833106028708118,-0.003260440635580009,-0.006550996693919254,0.07308566242726255,-20.37312497064448,-1.0374988821692332,-34.1875
1772318604.9648402,54.68567044204274,0.19641180575612532,-8.563889646466256,-0.20011266985128898,-1.638399909365034,9.77185501667689,0.003276502194384935,-0.0021756347852372885,0.06435901616729091,-19.55993615217281,-1.4110028252711153,-33.375
1772318604.9881332,54.68567044204274,0.19641180575612532,-8.563889646466256,-0.20011266985128898,-1.638399909365034,9.77185501667689,0.003276502194384935,-0.0021756347852372885,0.06435901616729091,-19.55993615217281,-1.4110028252711153,-33.375
1772318605.0602725,54.98470724169089,0.2250294661303431,-8.560287893778279,-0.19569542853598298,-1.652431630626112,9.731093152388743,-0.004337215706520267,-0.014188806933031844,0.0916297857297023,-19.55993615217281,-1.4110028252711153,-33.375
1772318605.0801318,55.22782621756273,0.2878525542720885,-8.599974654370548,-0.1927804307519376,-1.6483891602147058,9.70396658704484,-0.005432060031116066,-0.012009156758093324,0.08617563181722002,-18.748932950089465,-0.5970087797090151,-33.75
1772318605.096273,55.3208673686643,0.3013445271541518,-8.611973616969475,-0.19089594296612644,-1.6155929869396406,9.662498378880828,-0.017435193704657546,-0.009849583531660962,0.08290313946973066,-18.748932950089465,-0.5970087797090151,-33.75
1772318605.1241765,55.54994541506199,0.2999625505747763,-8.62099279061687,-0.16963892530723998,-1.5569343930744808,9.634901749577915,0.005492290876634538,-0.02071571128874371,0.10144726277217041,-18.748932950089465,-0.5970087797090151,-33.75
1772318605.1667235,55.787525176712016,0.31167047192834246,-8.623700216091867,-0.1555110877373012,-1.507862435992102,9.666713176661165,-0.010872150841634594,-0.01965499777660838,0.11344640137963143,-20.24559446865127,-2.4122664883708635,-35.0
1772318605.2193153,56.05556872365617,0.33516929068413626,-8.629103042207687,-0.13940048734416086,-1.485228601364264,9.687883326028144,-0.004323161842565957,-0.021824609477293817,0.11017390903214205,-20.24559446865127,-2.4122664883708635,-35.0
1772318605.2601483,56.39604168922162,0.35510405915986104,-8.646984109885619,-0.14871275854760138,-1.4902736139562305,9.73207782931168,-0.011971010555931624,-0.015293689731880722,0.13744467859455345,-19.748931256332817,-0.598849298772862,-33.25
1772318605.306452,56.39604168922162,0.35510405915986104,-8.646984109885619,-0.14871275854760138,-1.4902736139562305,9.73207782931168,-0.011971010555931624,-0.015293689731880722,0.13744467859455345,-19.748931256332817,-0.598849298772862,-33.25
1772318605.3665936,56.72800120121038,0.40586436029217554,-8.664073959414718,-0.1548730305573976,-1.5137016497287858,9.798285006342436,-0.00870053144609854,-0.014196837712434308,0.11126473981463851,-19.748931256332817,-0.598849298772862,-33.25
1772318605.3843734,57.24379898629412,0.4745919664269073,-8.702068353709171,-0.16231772880668388,-1.5292989025689823,9.842345143073777,-0.0043492618756239615,-0.007643833323664437,0.136353847812057,-18.686548088390744,-0.534393853127315,-34.5
1772318605.431614,57.45596977625836,0.49013696413462576,-8.685249234712078,-0.20072315274399738,-1.5397402675200824,9.885047118713786,0.010932381687153067,-0.013069870270228658,0.12544553998709243,-18.686548088390744,-0.534393853127315,-34.5
1772318605.4821832,57.88270147966751,0.4967248151204531,-8.666087471366886,-0.1929536077798021,-1.4797251910083868,9.85325279575814,-0.0010426442584797904,-0.026181902132320245,0.1265363707695889,-17.875659918748884,0.34210008657499474,-33.6875
1772318605.5278752,58.09608734166298,0.49446160072831863,-8.674858959054676,-0.22116024191036,-1.4799886679190355,9.832094028997016,0.003326694565650328,-0.029446358157601483,0.11999138607461016,-17.875659918748884,0.34210008657499474,-33.6875
1772318605.5961943,58.54366017856352,0.5590354941983625,-8.656217969003132,-0.18643437213874245,-1.4666850768238973,9.8180131060764,-0.0021635886161335944,-0.009821475803752342,0.13853550937704992,-19.058441577311758,-2.2225811895619163,-34.875
1772318605.6642148,59.20549039654614,0.6090890395403583,-8.652504990994874,-0.21347665737435434,-1.47130446085501,9.805297297459626,0.003312640701696018,-0.021810555613339506,0.19962203319685143,-19.058441577311758,-2.2225811895619163,-34.875
1772318605.7020097,59.61451567192165,0.6408979297941872,-8.66583067079429,-0.23144221240719462,-1.4911041395333857,9.793489957162732,0.0011390136113093453,-0.026177886742619012,0.17671458676442586,-16.748131110512322,-1.0308270005627884,-33.5625
1772318605.7724664,59.97727524619412,0.6648847490881176,-8.657797596063034,-0.2500883006761788,-1.5042929180006779,9.785632304091784,-0.003232332907671389,-0.0218226017824432,0.15271630954950383,-16.748131110512322,-1.0308270005627884,-33.5625
1772318605.8158252,61.2970213557744,0.7573649415827426,-8.678626113161513,-0.27075495759143936,-1.5189108880425921,9.775851465382935,0.0011309828319068824,-0.02181457100304074,0.16253378659197193,-17.06063058121337,-1.0314021627702405,-34.0
1772318605.93052,62.11700919920091,0.81232488340369,-8.660933244576707,-0.2461445390705277,-1.5227425878350087,9.73709785606668,-0.014152668425720763,-0.015297705121581955,0.19525871006686563,-16.998015654631672,-1.0937870244689598,-33.5625
1772318605.958501,62.4269235079222,0.8334191059335603,-8.668323050911965,-0.26993247992689157,-1.5119859979803303,9.788245331241239,0.010952458635659223,-0.023978159619174332,0.1810779098944117,-16.998015654631672,-1.0937870244689598,-33.5625
1772318605.9825296,62.4269235079222,0.8334191059335603,-8.668323050911965,-0.26993247992689157,-1.5119859979803303,9.788245331241239,0.010952458635659223,-0.023978159619174332,0.1810779098944117,-16.998015654631672,-1.0937870244689598,-33.5625
1772318606.0297434,63.35239341196442,0.8759591921804666,-8.670018948841243,-0.2328951061781311,-1.441996569550669,9.809317210633335,-0.009771283432486948,-0.025107134756230602,0.16580627893946132,-17.374510441212305,-0.2819785952951777,-33.1875
1772318606.0859468,63.35239341196442,0.8759591921804666,-8.670018948841243,-0.2328951061781311,-1.441996569550669,9.809317210633335,-0.009771283432486948,-0.025107134756230602,0.16580627893946132,-17.374510441212305,-0.2819785952951777,-33.1875
1772318606.142628,63.845631406393125,0.8917576104199674,-8.671236559193593,-0.21101242062256814,-1.4180168011780367,9.782784717645187,-0.0021475270573286685,-0.018548107282908885,0.17453292519943295,-17.062010970511256,-0.28140343308772553,-33.1875
1772318606.1974545,65.08012602035177,0.957915352780762,-8.670785307871466,-0.18659835982039447,-1.4784112412015464,9.807958716570054,0.00875674690191578,-0.01634637246461359,0.16907877128695067,-16.68758676787745,0.03178623226226496,-33.5625
1772318606.3153968,65.64170599803298,0.9945463525221702,-8.669523595684218,-0.19007769592601173,-1.5292415856881334,9.805296436972682,-0.00869049297184546,-0.019650982386907146,0.1636246173744684,-16.68758676787745,0.03178623226226496,-33.5625
1772318606.3606887,66.30123414522859,1.0422514378304841,-8.698819880256673,-0.2441182954408422,-1.5622566639300761,9.745514222501496,0.005484260097232075,-0.016352395549165438,0.15707963267948966,-15.062819585114982,0.1597768640214353,-32.0
1772318606.400286,66.30123414522859,1.0422514378304841,-8.698819880256673,-0.2441182954408422,-1.5622566639300761,9.745514222501496,0.005484260097232075,-0.016352395549165438,0.15707963267948966,-15.062819585114982,0.1597768640214353,-32.0
1772318606.4469724,66.65879316871508,1.0732784311072978,-8.701300585501492,-0.2585056221083416,-1.561679446285441,9.726944094940247,-0.002171619395536057,-0.00545816006417407,0.1636246173744684,-16.18678238766534,-0.40479276718727875,-33.5625
1772318606.4975064,67.16297761646832,1.0941024169330391,-8.708242914319271,-0.24800959103950782,-1.561258373939672,9.694515212246237,0.001126967442205651,-0.019632913133251603,0.18216874067690814,-16.18678238766534,-0.40479276718727875,-33.5625
1772318606.52973,67.74366742949434,1.1091017917815378,-8.696861528325869,-0.24105538332088852,-1.5442526247896777,9.689659711604326,-0.011966995166230393,-0.01747534760166986,0.17235126363444003,-15.999972899893654,-0.029448305021549905,-33.5625
1772318606.54986,67.74366742949434,1.1091017917815378,-8.696861528325869,-0.24105538332088852,-1.5442526247896777,9.689659711604326,-0.011966995166230393,-0.01747534760166986,0.17235126363444003,-15.999972899893654,-0.029448305021549905,-33.5625
1772318606.567094,68.24855427471351,1.122164158438635,-8.691887622406181,-0.2199117535258083,-1.5554853884542086,9.673147376096248,0.0011349982216081137,-0.023996228872829876,0.18435040224190105,-15.999972899893654,-0.029448305021549905,-33.5625
1772318606.6245584,68.67145305304663,1.1387503781026083,-8.689802892238726,-0.21894991286873797,-1.5738556711108493,9.715580995828711,0.002229842546203913,-0.026175879047768396,0.18653206380689397,-15.999282705244712,-0.40444766986280745,-33.5625
1772318606.6847928,69.30022696371786,1.161225714498484,-8.68393313650585,-0.20827450053137928,-1.5860624187837364,9.743820095746074,-0.007583602478145966,-0.028375606171213073,0.15817046346198613,-15.999282705244712,-0.40444766986280745,-33.5625
1772318606.7346785,69.68216919233826,1.1786832721042155,-8.687906984532269,-0.2112793318999954,-1.5540630707291703,9.782683571533578,0.0011209443576538037,-0.0163604263285679,0.1712604328519436,-14.748019465584125,-1.0896458565753042,-33.1875
1772318606.7925146,69.68216919233826,1.1786832721042155,-8.687906984532269,-0.2112793318999954,-1.5540630707291703,9.782683571533578,0.0011209443576538037,-0.0163604263285679,0.1712604328519436,-14.748019465584125,-1.0896458565753042,-33.1875
1772318606.8276284,70.2857813745905,1.1991907769474568,-8.68193057860825,-0.21662411965115788,-1.5327740187968641,9.788476110292777,-0.00651084279690694,-0.018556138062311347,0.15707963267948966,-14.998364139469434,-0.9026063039206372,-33.1875
1772318606.8674703,70.2857813745905,1.1991907769474568,-8.68193057860825,-0.21662411965115788,-1.5327740187968641,9.788476110292777,-0.00651084279690694,-0.018556138062311347,0.15707963267948966,-14.998364139469434,-0.9026063039206372,-33.1875
1772318606.8995626,71.0170738006003,1.2318673439372245,-8.690662154524794,-0.22351380875214344,-1.525302761375103,9.812401650374042,-0.011954948997126699,-0.024020321211037265,0.16580627893946132,-14.998364139469434,-0.9026063039206372,-33.1875
1772318606.9651504,71.96363315578567,1.2768979814200725,-8.690903153325287,-0.24780995912356957,-1.5527298618643715,9.744208677652216,-0.0108601046725309,-0.026199971385975785,0.15271630954950383,-16.06178259938492,-0.40456270230429786,-33.0625
1772318607.004508,71.96363315578567,1.2768979814200725,-8.690903153325287,-0.24780995912356957,-1.5527298618643715,9.744208677652216,-0.0108601046725309,-0.026199971385975785,0.15271630954950383,-16.06178259938492,-0.40456270230429786,-33.0625
1772318607.0349412,72.41515665017732,1.2787469725649845,-8.700815518885602,-0.22413543288461504,-1.5719972719790893,9.69262415235375,0.006593158285782184,-0.026167848268365934,0.15817046346198613,-14.747674368259654,-1.277145538995933,-34.25
1772318607.0548327,72.41515665017732,1.2787469725649845,-8.700815518885602,-0.22413543288461504,-1.5719972719790893,9.69262415235375,0.006593158285782184,-0.026167848268365934,0.15817046346198613,-14.747674368259654,-1.277145538995933,-34.25
1772318607.082697,72.87941544871899,1.297178221708564,-8.708450110205744,-0.2384739410242689,-1.5915651409392013,9.658295227004524,0.004411500415993049,-0.026171863658067167,0.21271200258680892,-14.747674368259654,-1.277145538995933,-34.25
1772318607.1071773,73.14981020003265,1.3023163857952642,-8.708103949459739,-0.24805915521265384,-1.5811715968541378,9.702351944810225,3.613850731108305e-05,-0.01963492082810222,0.1559888018969932,-15.874282916964292,-0.40421760497982656,-33.0625
1772318607.1416862,73.48095891275672,1.3022482236365114,-8.70552272097799,-0.2544380081811658,-1.5742548093690225,9.768467427144648,0.013140139590000207,-0.027246631034156806,0.14508049407202864,-15.874282916964292,-0.40421760497982656,-33.0625
1772318607.1780515,73.81859504319775,1.855124723187129,-9.42367719048863,-0.21519668503556935,-1.5695717269189733,9.812466542079877,-0.0021615809212829785,-0.010912304738646909,0.18435040224190105,-14.2485954746699,-0.7762261263423329,-33.0625
1772318607.2121034,74.30076260795072,1.3364503401206722,-8.681908700467934,-0.18910049306208074,-1.5564198697373814,9.80160612107912,0.003312640701696018,-0.021810555613339506,0.18871372537188688,-14.2485954746699,-0.7762261263423329,-33.0625
1772318607.2889078,74.84386648913095,1.3747024579729055,-8.66010811935401,-0.21187504131545956,-1.5477413366013193,9.750892180026815,-0.004357292655026424,-0.0032805175840861663,0.15817046346198613,-14.499515310762662,-0.27668710298661797,-33.0625
1772318607.3688755,75.65196028817195,1.424837308319741,-8.578894318073685,-0.22704971899531365,-1.5319305516202948,9.717142618768348,0.019677082419965148,-0.022871269125474842,0.23234695667174513,-14.499515310762662,-0.27668710298661797,-33.0625
1772318607.4467075,76.70447869342952,1.4411692303067436,-8.588214087166394,-0.2048619369514913,-1.5187869269102094,9.796791082697645,0.001124959747355035,-0.01854208419835704,0.19634954084936207,-14.37394036027479,-0.588956508804685,-33.5
1772318607.4934886,76.70447869342952,1.4411692303067436,-8.588214087166394,-0.2048619369514913,-1.5187869269102094,9.796791082697645,0.001124959747355035,-0.01854208419835704,0.19634954084936207,-14.37394036027479,-0.588956508804685,-33.5
1772318607.5248559,77.22422546264231,1.4341469919928544,-8.591305268313805,-0.23241789450714426,-1.5126801856384142,9.851386288698349,-0.01959275923623929,-0.02294354614009701,0.15271630954950383,-14.999629496325829,-0.2151074683783318,-33.0625
1772318607.6061573,78.02265523652218,1.4413528963337794,-8.56049541726345,-0.2641980680249531,-1.4751897840911345,9.820816554277018,0.0044014619417399705,-0.020717718983594327,0.18871372537188688,-14.999629496325829,-0.2151074683783318,-33.0625
1772318607.6616719,78.71915492406646,1.4554766352172015,-8.58264845486981,-0.2853474184932556,-1.4502403406566458,9.713499833115627,-0.0021314654985237426,-0.027274738762065424,0.1810779098944117,-14.56144004269542,-0.5893016061291563,-33.875
1772318607.793239,79.555439487476,1.4697095534209277,-8.557488585093608,-0.2157944239383313,-1.4334828462078377,9.705638876428113,-0.007605687121502738,-0.016376487887372827,0.21271200258680892,-14.56144004269542,-0.5893016061291563,-33.875
1772318607.8684342,80.5951048571241,1.4872389976522027,-8.54848429345832,-0.15271442865176763,-1.4590963035929503,9.700407497565212,3.2123117609851597e-05,-0.017453262958313086,0.1407171709420428,-13.68517616787609,-1.2751899874905959,-35.0625
1772318607.9755769,81.35086015520803,1.5018299814287341,-8.500727513736289,-0.11071076947080546,-1.489522197527733,9.700271185077604,0.010966512499613534,-0.03161396216343631,0.27379852640661045,-13.68517616787609,-1.2751899874905959,-35.0625
1772318608.0753944,82.22271648181682,1.489433525897238,-8.454006090986349,-0.11617808020329415,-1.5265573876880771,9.716906029176407,0.006625281403392036,-0.04362111122667901,0.23125612588924865,-13.49710132324801,-1.5873443608671725,-33.5
1772318608.1754935,83.01002715255068,1.3978196286215165,-8.453847399705571,-0.11984729813124283,-1.5344783628220335,9.71125077356418,-0.022889338379130385,-0.00985962200591404,0.10690141668465268,-13.68517616787609,-1.2751899874905959,-35.5
1772318608.2307513,83.76135675237288,1.499646090808988,-8.507050867415561,-0.18268573267773888,-1.43950732339879,9.720867710956863,-0.018544091893207652,-3.4130812460467325e-05,0.14835298641951802,-13.68517616787609,-1.2751899874905959,-35.5
1772318608.3110287,85.13313761251638,1.563093463571894,-8.456731311759572,-0.1943980545434965,-1.3762497468818327,9.697161669997591,0.005512367825140695,-0.03162400063768939,0.23889194136672387,-13.87279088273821,-1.2130351906748575,-32.6875
1772318608.409538,85.84229546493376,1.570745685575462,-8.450452708114478,-0.23221839063929375,-1.3776943255597245,9.70145623479694,-0.008696516056397307,-0.01637849558222344,0.15707963267948966,-13.372216567409081,-1.524614401843982,-34.6875
1772318608.5015485,86.80095386675947,1.5621397259393934,-8.434514249900735,-0.22714599913548633,-1.4521925987693605,9.694278884575516,0.009869660480167118,-0.02834348305360322,0.21271200258680892,-13.68529120031758,-1.2126900933503861,-32.6875
1772318608.5326064,86.80095386675947,1.5621397259393934,-8.434514249900735,-0.22714599913548633,-1.4521925987693605,9.694278884575516,0.009869660480167118,-0.02834348305360322,0.21271200258680892,-13.68529120031758,-1.2126900933503861,-32.6875
1772318608.6122606,87.72374802744463,1.5548611896082567,-8.464731186981721,-0.21703706997592373,-1.525173796196997,9.699537773301373,-0.018519999555000263,-0.013124078031195282,0.16144295580947549,-13.68529120031758,-1.2126900933503861,-32.6875
1772318608.701166,88.99566640097943,1.5995261236255052,-8.427077017262967,-0.21933625368584483,-1.53918604964975,9.671927240275345,-0.013069870270228656,-0.010932381687153067,0.1189005552921137,-13.995950151954784,-2.2132635618011918,-34.25
1772318608.7797744,89.63360687000738,1.626639223107329,-8.41792021269371,-0.22534948736504543,-1.5128443660730497,9.65790211004528,0.012025218316898248,-0.014158691510272608,0.16580627893946132,-13.748021159340771,-1.0878053375114574,-34.6875
1772318608.8467124,89.63360687000738,1.626639223107329,-8.41792021269371,-0.22534948736504543,-1.5128443660730497,9.65790211004528,0.012025218316898248,-0.014158691510272608,0.16580627893946132,-13.748021159340771,-1.0878053375114574,-34.6875
1772318608.8926852,90.1229423484942,1.6476902832326528,-8.425405610356023,-0.2193159090817893,-1.4952957996830376,9.655258765962781,-0.010890220095290136,-0.009837537362557268,0.10690141668465268,-13.748021159340771,-1.0878053375114574,-34.6875
1772318608.970755,90.98228895596587,1.6316068981517018,-8.413534580903534,-0.19036104307214852,-1.479149730351518,9.699136901900431,-0.002135480888224974,-0.02509308089227629,0.11671889372712078,-13.74721593225034,-1.5253045964929246,-34.25
1772318609.0219781,90.98228895596587,1.6316068981517018,-8.413534580903534,-0.19036104307214852,-1.479149730351518,9.699136901900431,-0.002135480888224974,-0.02509308089227629,0.11671889372712078,-13.74721593225034,-1.5253045964929246,-34.25
1772318609.105863,91.24989716028172,1.613803460516978,-8.157229136741627,-0.16261121354559668,-1.4560852983778505,9.71949628810009,-0.02948048897006195,0.015217397327557326,-0.03381575425739013,-13.685521265200562,-1.0876903050699671,-35.0625
1772318609.1792428,91.2364938056126,1.6577108556421227,-8.181652926189182,-0.14076196548886113,-1.4608006560531788,9.733045232186718,0.02296161539375255,-0.0294102196502904,-0.008726646259971648,-13.685521265200562,-1.0876903050699671,-35.0625
1772318609.2079449,91.23101538872581,1.676492549721568,-8.121991044308905,-0.1262215349791967,-1.4639386739121134,9.705265674344234,0.019608820795044214,0.014216914660940464,-0.017453292519943295,-12.561098332884242,-0.7731202504220913,-34.6875
1772318609.2344048,91.23101538872581,1.676492549721568,-8.121991044308905,-0.1262215349791967,-1.4639386739121134,9.705265674344234,0.019608820795044214,0.014216914660940464,-0.017453292519943295,-12.561098332884242,-0.7731202504220913,-34.6875
1772318609.2866051,90.9487903130691,1.6808068776522735,-8.071466919697961,-0.14659558459908212,-1.4961883547937178,9.686778688918055,0.0021635886161335944,0.009821475803752342,-0.09599310885968812,-12.561098332884242,-0.7731202504220913,-34.6875
1772318609.3179858,90.55330750655796,1.6628530019537069,-8.077338574786776,-0.19349452608958664,-1.5779236333338211,9.674475806630092,-0.006583119811529106,0.020713703593893094,-0.11671889372712078,-14.374515522482243,-0.2764570381036371,-33.875
1772318609.3914652,89.93914573706101,1.6492255430666196,-8.096099357403833,-0.22470524775601386,-1.6323175481593732,9.706429716387484,-0.012031241401450095,0.017431178314956313,-0.18871372537188688,-14.374515522482243,-0.2764570381036371,-33.875
1772318609.408619,89.93914573706101,1.6492255430666196,-8.096099357403833,-0.22470524775601386,-1.6323175481593732,9.706429716387484,-0.012031241401450095,0.017431178314956313,-0.18871372537188688,-14.374515522482243,-0.2764570381036371,-33.875
1772318609.4227388,89.61233276983454,1.6409375410535587,-8.105701427549137,-0.17198796607685984,-1.611513839829099,9.687553345894635,0.008698523751247923,0.015287666647328875,-0.12980886311707826,-13.686786622056957,-0.40019146952766155,-33.0625
1772318609.4587145,89.41424041069187,1.6419122742947954,-8.08387485569821,-0.13691136075187302,-1.5943240982864364,9.685026667316476,0.014144637646318299,0.019661020861160224,-0.11235557059713497,-13.686786622056957,-0.40019146952766155,-33.0625
1772318609.4817548,89.14180897887749,1.6376211091737445,-8.08315679029763,-0.23064698319244653,-1.58310000327717,9.683345190947561,0.015237474276063482,0.018572199621116274,-0.15926129424448257,-12.874287998234232,-0.39869604778828593,-33.0
1772318609.4987848,89.14180897887749,1.6376211091737445,-8.08315679029763,-0.23064698319244653,-1.58310000327717,9.683345190947561,0.015237474276063482,0.018572199621116274,-0.15926129424448257,-12.874287998234232,-0.39869604778828593,-33.0
1772318609.530182,88.90424645802773,1.6307218526427376,-8.086479978405272,-0.29311318721728913,-1.528799008848661,9.73240286281716,-0.007675956441274289,0.021802524833937045,-0.21489366415180183,-12.874287998234232,-0.39869604778828593,-33.0
1772318609.5926247,88.37579097657228,1.5982220847299309,-8.098793785735438,-0.26443652133080336,-1.4925330120591127,9.765050195436277,-0.006573081337276027,0.015259558919420255,-0.1341721862470641,-12.874287998234232,-0.39869604778828593,-33.0
1772318609.6752129,86.97436758671392,1.424120333228213,-8.130138676369741,-0.17243827590127994,-1.453392513012467,9.777819548549537,-0.003282525278936782,0.005448121589920992,-0.22907446432425577,-13.187937793350185,0.22572773140635777,-33.75
1772318609.7727876,86.12360275613163,1.3253563265077595,-8.09954236632575,-0.1842087535213695,-1.3988644528861922,9.721682034892526,-0.01529971281643257,0.01524349736061533,-0.1505346479845109,-13.187937793350185,0.22572773140635777,-33.75
1772318609.8687491,85.72146500739042,1.3262315028898788,-8.115150553027805,-0.1316945178243369,-1.4360581495501872,9.630801359333791,0.016308226262451892,0.029482496664912566,-0.09708393964218458,-13.062938005069766,0.22595779628933862,-33.0
1772318609.891789,85.72146500739042,1.3262315028898788,-8.115150553027805,-0.1316945178243369,-1.4360581495501872,9.630801359333791,0.016308226262451892,0.029482496664912566,-0.09708393964218458,-13.062938005069766,0.22595779628933862,-33.0
1772318609.985665,84.64294420617225,1.4133830773095593,-8.130357260291705,-0.16265600576637804,-1.4629942559575215,9.591356179052617,0.03050907936458743,0.018600307349024896,-0.17016960206944712,-12.56293885194809,0.22687805582126205,-32.875
1772318610.034388,83.98198453228208,1.414333789420884,-8.170663865983329,-0.1709408257781331,-1.4420381585305497,9.634388974205157,0.008692500666696076,0.01856015345201258,-0.23234695667174513,-12.56293885194809,0.22687805582126205,-32.875
1772318610.0657892,83.98198453228208,1.414333789420884,-8.170663865983329,-0.1709408257781331,-1.4420381585305497,9.634388974205157,0.008692500666696076,0.01856015345201258,-0.23234695667174513,-12.56293885194809,0.22687805582126205,-32.875
1772318610.1265895,83.13583970054971,1.3748325662238203,-8.162113312727191,-0.04668034550330718,-1.273712919135475,9.708845877916476,-0.009855606616212808,0.02070768050934125,-0.1734420944169365,-12.561558462650204,-0.5231206738612529,-32.5
1772318610.1544597,83.13583970054971,1.3748325662238203,-8.162113312727191,-0.04668034550330718,-1.273712919135475,9.708845877916476,-0.009855606616212808,0.02070768050934125,-0.1734420944169365,-12.561558462650204,-0.5231206738612529,-32.5
1772318610.1941893,82.7290802439297,1.3603844543089094,-8.173120073792923,-0.036758068379233885,-1.3895612115881084,9.702541721231164,-0.005488275486933306,0.018534053418954574,-0.17562375598192942,-12.187824454665341,0.16506835632999506,-33.6875
1772318610.2872527,81.92652428314442,1.328050612922809,-8.178929750865226,-0.12716297899617277,-1.4668355016192878,9.738487715866967,0.0065088351020563245,0.019646966997205913,-0.19198621771937624,-13.248367103543567,-0.8993853955589053,-32.5
1772318610.3652592,81.22774935482911,1.2940865816379281,-8.173437639548606,-0.09040455630496376,-1.4712506483292866,9.738993591802787,-0.007665917967021211,0.016348380159464205,-0.15271630954950383,-13.248367103543567,-0.8993853955589053,-32.5
1772318610.4155617,80.60241209405682,1.2753292228868596,-8.167627664021076,-0.16966515087686268,-1.4609993139762223,9.739330246587071,-4.416928671354594e-05,0.02399823656768049,-0.17780541754692233,-11.562480415938774,-0.021281001675729425,-32.875
1772318610.4592755,80.20485762937857,1.2720261899235392,-8.168939812181595,-0.2223875641981341,-1.467557589645223,9.709448281219457,0.007601671731801507,0.018558145757161963,-0.08508480103472356,-11.562480415938774,-0.021281001675729425,-32.875
1772318610.4859917,80.20485762937857,1.2720261899235392,-8.168939812181595,-0.2223875641981341,-1.467557589645223,9.709448281219457,0.007601671731801507,0.018558145757161963,-0.08508480103472356,-11.562480415938774,-0.021281001675729425,-32.875
1772318610.5513597,79.45652973249443,1.2867936403451774,-8.19348721941184,-0.2842592166150795,-1.4585908786110908,9.689562167070735,0.005422021556862987,0.017463301432566164,-0.1538071403320003,-12.000324772244712,0.16541345365446633,-33.25
1772318610.5876505,79.45652973249443,1.2867936403451774,-8.19348721941184,-0.2842592166150795,-1.4585908786110908,9.689562167070735,0.005422021556862987,0.017463301432566164,-0.1538071403320003,-12.000324772244712,0.16541345365446633,-33.25
1772318610.6873558,79.13799451367464,1.2846651803393727,-8.18907805501026,-0.29872251574974357,-1.4258135303155437,9.689708627076488,-0.0011309828319068824,0.02181457100304074,-0.1407171709420428,-12.000324772244712,0.16541345365446633,-33.25
1772318610.7410007,78.04400885924767,1.2532828691046012,-8.181041492994327,-0.23475534684491253,-1.4038651228507317,9.693151206281572,0.004353277265325192,0.005462175453875302,-0.16580627893946132,-11.50136091109645,0.728832760448276,-34.5
1772318610.7918162,77.49978511579924,1.1870020126008378,-8.208750564417864,-0.1921551267895041,-1.405984233070247,9.695442204286426,-0.03274695269019381,0.011938887438321773,-0.19525871006686563,-11.50136091109645,0.728832760448276,-34.5
1772318610.8574746,77.49978511579924,1.1870020126008378,-8.208750564417864,-0.1921551267895041,-1.405984233070247,9.695442204286426,-0.03274695269019381,0.011938887438321773,-0.19525871006686563,-11.50136091109645,0.728832760448276,-34.5
1772318610.9054382,76.64332385532616,1.1550852615400424,-8.220986495025022,-0.11026498932843735,-1.4173312875039763,9.696966837866531,0.023984182703726178,0.007679971830975521,-0.09926560120717749,-10.876592034577335,0.8549828731435996,-32.875
1772318610.9828622,76.00152129835175,1.1218606922931056,-8.243622761299013,-0.06964202242427968,-1.43000024240353,9.718691897426709,0.005438083115667913,0.008736669953409621,-0.06217735460229799,-11.565586291859015,1.6662161401099294,-32.5
1772318611.0414808,75.68795852998612,1.0950201462509643,-8.241543365308523,-0.14915770442893933,-1.4335353161461224,9.742545254301174,-0.015289674342179491,0.00978935268614249,-0.11344640137963143,-11.565586291859015,1.6662161401099294,-32.5
1772318611.1891506,74.65894377274164,1.082683405967618,-8.273976378863756,-0.24388640081956728,-1.4820356510538684,9.708806910623881,-0.009843560447109113,0.01416270689997384,-0.16035212502697901,-11.753776168928587,2.0408704076267155,-32.875
1772318611.2475286,74.22984494739485,1.0628433569591198,-8.269625012057617,-0.27511376948709493,-1.4882534058040104,9.695825565518597,0.015253535834868407,0.00984556814195973,-0.1538071403320003,-12.50319973640365,1.7269905476277825,-32.0625
1772318611.2991495,73.45444781623968,0.9815131722611391,-8.277834023856842,-0.21227374020678313,-1.4888922275451435,9.680496401947519,0.0010627212069859477,0.015273612783374566,-0.17780541754692233,-12.50319973640365,1.7269905476277825,-32.0625
1772318611.3749483,73.1760621193693,0.9544682279129603,-8.259132061323873,-0.17047287291546181,-1.4792820381532188,9.6803303499509,0.00983151427800542,-0.007617733290606434,-0.08726646259971647,-11.690010917931982,1.3534866045259006,-34.0625
1772318611.4324043,73.1760621193693,0.9544682279129603,-8.259132061323873,-0.17047287291546181,-1.4792820381532188,9.6803303499509,0.00983151427800542,-0.007617733290606434,-0.08726646259971647,-11.690010917931982,1.3534866045259006,-34.0625
1772318611.4737887,72.8632449604728,0.9149278084699135,-8.273956149776804,-0.14267948964684285,-1.4595061402996856,9.69360029103135,-0.010916320128348141,0.004343238791072114,-0.09381144729469522,-11.690010917931982,1.3534866045259006,-34.0625
1772318611.5149894,72.78823708278294,0.9038827528339733,-8.278941521813765,-0.14090883376158206,-1.4463762848987531,9.719156847122033,0.014178768458778766,0.0011169289679525721,-0.004363323129985824,-12.504004963494083,2.1644898066092497,-34.0625
1772318611.5778604,72.61383593719768,0.891247643126456,-8.280181548647079,-0.1497165462390617,-1.4644178313572451,9.739509561422263,-0.00655300438876987,0.004351269570474577,-0.0545415391248228,-12.504004963494083,2.1644898066092497,-34.0625
1772318611.6027,72.61383593719768,0.891247643126456,-8.280181548647079,-0.1497165462390617,-1.4644178313572451,9.739509561422263,-0.00655300438876987,0.004351269570474577,-0.0545415391248228,-12.504004963494083,2.1644898066092497,-34.0625
1772318611.6604187,72.55420253957965,0.8812804925963699,-8.28481986862733,-0.1555779805042293,-1.4764242789880924,9.753054065434352,0.0010807904606414892,0.005456152369323454,-0.008726646259971648,-12.753199312964487,1.7265304178618208,-32.0625
1772318611.6825182,72.3472976389626,0.8885184005580964,-8.305049155738965,-0.15955873717547164,-1.4409280572259289,9.758722669845053,0.004353277265325192,0.005462175453875302,-0.07963064712224129,-12.753199312964487,1.7265304178618208,-32.0625
1772318611.738267,72.29855093119959,0.8781437937947125,-8.510325349950499,-0.15886278023070358,-1.417299561420119,9.762495062757914,-0.16142662080559111,-0.00902377031704767,-0.11344640137963143,-12.6916196783562,2.226644603424988,-32.875
1772318611.7769608,72.29855093119959,0.8781437937947125,-8.510325349950499,-0.15886278023070358,-1.417299561420119,9.762495062757914,-0.16142662080559111,-0.00902377031704767,-0.11344640137963143,-12.6916196783562,2.226644603424988,-32.875
1772318611.8331828,72.23935444680158,0.8931982643127918,-8.418287532963433,-0.24537238573767792,-1.4017351366975137,9.965712250540196,0.08509268770117874,-0.004206715541230244,-0.04799655442984406,-12.6916196783562,2.226644603424988,-32.875
1772318611.8672147,72.26441313056041,0.86580196471538,-8.509021548519685,-0.3495164632496981,-1.531957834040385,10.100951018924576,-0.09491014811522985,0.0041886462875747035,0.039269908169872414,-12.253430224725792,1.8524504656741634,-33.25
1772318611.9616318,72.20161136460564,0.8476707607711246,-8.467070064193019,-0.41922952843166394,-1.3978425856992844,9.956793089055994,0.021802524833937045,0.007675956441274289,-0.04581489286485115,-12.253430224725792,1.8524504656741634,-33.25
1772318611.993552,72.11591194045484,0.8449323600666313,-8.508330011472543,-0.3886853556094719,-1.3084487810308056,9.817371144882893,-0.01743720139950816,-0.008758754596766394,-0.004363323129985824,-12.690929483707258,1.8516452385837305,-34.0625
1772318612.0236459,72.15143476928222,0.8408768230868325,-8.48708027233654,-0.36835854979707006,-1.248958202618162,9.724587398480859,0.021830632561845666,-0.00759564864724966,0.03381575425739013,-12.690929483707258,1.8516452385837305,-34.0625
1772318612.0808465,72.19570639266061,0.8483033040043196,-8.492546489383356,-0.3822826681579928,-1.3692011019682777,9.755459122941215,-0.00656705825272418,0.011987072114736552,0.013089969389957472,-11.502741300394334,1.478831490130791,-34.875
1772318612.1669667,72.02207302739862,0.8255975812185027,-8.492075672654282,-0.28692008093313665,-1.419705724110247,9.787084102408173,0.006559027473321717,-0.00762375637515828,-0.06435901616729091,-29.755816265255774,3.1327391590012446,-41.375
1772318612.2097757,71.92728916547013,0.8154263023221526,-8.512224911926634,-0.30384455401299076,-1.396596945071223,9.78471439101803,-0.015281643562777027,0.005426036946564219,-0.011999138607461015,-29.755816265255774,3.1327391590012446,-41.375
1772318612.265726,71.92728916547013,0.8154263023221526,-8.512224911926634,-0.30384455401299076,-1.396596945071223,9.78471439101803,-0.015281643562777027,0.005426036946564219,-0.011999138607461015,-29.755816265255774,3.1327391590012446,-41.375
1772318612.316903,71.71933712452031,0.8047034857992975,-8.640220777649658,-0.15213815836335598,-1.34840887459169,9.715185653576057,0.021832640256696283,-0.008686477582144228,-0.003272492347489368,-29.753170519101495,1.695241593776424,-42.1875
1772318612.3958197,71.75224544307636,0.7879096090450647,-8.541599737225145,-0.0971315461212122,-1.3154831417740949,9.669964542332169,0.03387191243754884,-0.030480971636678813,0.025089107997418487,-29.753170519101495,1.695241593776424,-42.1875
1772318612.4909408,71.75224544307636,0.7879096090450647,-8.541599737225145,-0.0971315461212122,-1.3154831417740949,9.669964542332169,0.03387191243754884,-0.030480971636678813,0.025089107997418487,-29.753170519101495,1.695241593776424,-42.1875
1772318612.515858,71.88694720785786,0.7713162238026336,-8.706726101351684,-0.14387585779197976,-1.4442551248033597,9.70342752039134,-0.04796435001775112,-0.017541601531740177,0.04036073895236887,-28.065558344874347,1.635847575556456,-43.0
1772318612.5808973,72.04680427094561,0.7690535149128395,-8.733726724381675,-0.19531905119011023,-1.3861488216981295,9.72569675848376,0.017481370686221707,-0.015239481970914098,0.07417649320975901,-28.065558344874347,1.635847575556456,-43.0
1772318612.6299827,72.37132190324542,0.7779531063499958,-8.769433492058413,-0.25214201994848434,-1.4275993730464582,9.583218159573091,-0.0076117102060545856,-0.013104001082689125,0.08944812416470939,-28.878977228228994,2.134351306938757,-42.875
1772318612.6814842,72.37132190324542,0.7779531063499958,-8.769433492058413,-0.25214201994848434,-1.4275993730464582,9.583218159573091,-0.0076117102060545856,-0.013104001082689125,0.08944812416470939,-28.878977228228994,2.134351306938757,-42.875
1772318612.7566297,72.37132190324542,0.7779531063499958,-8.769433492058413,-0.25214201994848434,-1.4275993730464582,9.583218159573091,-0.0076117102060545856,-0.013104001082689125,0.08944812416470939,-28.878977228228994,2.134351306938757,-42.875
1772318612.7978616,73.00370619786906,0.8330443803609069,-8.82101733343806,-0.2103851918917549,-1.4385169551378632,9.531964973636903,-0.042478082225668436,-0.034984826015800184,0.12326387842209953,-28.06567337731584,1.6983474696966656,-42.5
1772318612.8575757,73.57854724730728,0.8563056962336149,-8.823651096766197,-0.15241665399829027,-1.4858683458836683,9.748739928980925,0.0033026022274429395,-0.016356410938866667,0.1712604328519436,-28.06567337731584,1.6983474696966656,-42.5
1772318612.8790865,74.14320557323042,0.8843971655577052,-8.821825080613342,-0.11383923958118727,-1.5173801674753087,9.893001240227454,-0.004313123368312878,-0.027278754151766657,0.17235126363444003,-27.75340397149777,1.823922420184537,-42.0
1772318612.9397795,74.59210215670355,0.9036165675637585,-8.821347461084496,-0.14168809788878767,-1.5384494406043216,9.835130392820892,-0.003234340602522005,-0.020731772847548638,0.17016960206944712,-27.75340397149777,1.823922420184537,-42.0
1772318612.9635298,74.99084576244725,0.9176853623937355,-8.831153693522486,-0.16027661267717697,-1.52236485213885,9.759821761551034,-0.010868135451933363,-0.021836655646397512,0.18762289458939044,-27.501793940756066,0.9493840319875645,-42.0
1772318612.9958084,74.99084576244725,0.9176853623937355,-8.831153693522486,-0.16027661267717697,-1.52236485213885,9.759821761551034,-0.010868135451933363,-0.021836655646397512,0.18762289458939044,-27.501793940756066,0.9493840319875645,-42.0
1772318613.0798905,75.46006761878829,0.9299503756258407,-8.819392363209836,-0.18863422097290453,-1.5212771296130592,9.647388981714533,0.013146162674552054,-0.03051911783884051,0.20180369476184434,-26.569241923637012,3.6386049666389333,-41.875
1772318613.1550813,76.75578225468648,0.9816788926168016,-8.792755561130203,-0.20149864061483064,-1.5410612956006795,9.621501502839452,0.005504337045738232,-0.027260684898111117,0.15817046346198613,-26.569241923637012,3.6386049666389333,-41.875
1772318613.2499864,77.45339152967101,1.0013210437681697,-8.777893583947247,-0.1966793440154923,-1.5542028100943537,9.694591690927796,2.40923382073887e-05,-0.013089947218734814,0.1930770485018727,-25.878752244615953,2.0148730758498785,-42.25
1772318613.309998,78.00854209653114,1.0493725106474017,-8.768608158190935,-0.20690183406470403,-1.5362121198249166,9.74323239462969,-0.011983056725035319,-0.008748716122513316,0.1439896632895322,-25.878752244615953,2.0148730758498785,-42.25
1772318613.380209,78.64320440186324,1.1033999574424869,-8.7579480310101,-0.156837984294017,-1.5241348518080284,9.718735340566608,0.01531376668038688,-0.022879299904877304,0.20725784867432664,-24.380250206990297,2.8301324782683737,-42.1875
1772318613.426359,79.14039358236352,1.1226456940485396,-8.741307159818719,-0.19375596490953245,-1.52291706851697,9.702432824737652,-0.0010506750378822534,-0.021818586392741972,0.13962634015954636,-24.380250206990297,2.8301324782683737,-42.1875
1772318613.478064,79.93497521846707,1.1430792246022614,-8.794408031554951,-0.14473213569498053,-1.5219711990192046,9.691583682564517,-0.010876166231335827,-0.017473339906819242,0.17671458676442586,-23.56648622631118,2.1441290644654436,-42.5625
1772318613.5544448,80.42109034642131,1.1668970702781745,-8.773682553560562,-0.1957534462482099,-1.5114603338566543,9.660947917689917,-0.0043211541477153415,-0.022915438412188387,0.14835298641951802,-23.56648622631118,2.1441290644654436,-42.5625
1772318613.577415,80.42109034642131,1.1668970702781745,-8.773682553560562,-0.1957534462482099,-1.5114603338566543,9.660947917689917,-0.0043211541477153415,-0.022915438412188387,0.14835298641951802,-23.56648622631118,2.1441290644654436,-42.5625
1772318613.6284888,81.2515504633834,1.166652140482764,-8.819631368564027,-0.1761858618117736,-1.5043669626351457,9.640560158389789,0.007675956441274289,-0.021802524833937045,0.16471544815696484,-23.5036412348465,1.9567444144863053,-42.1875
1772318613.6516237,81.64859712530375,1.1752804247234434,-8.843608683389048,-0.16305918834180935,-1.5565132060311218,9.690549454760816,-0.00431713875801411,-0.025097096281977524,0.18544123302439752,-23.5036412348465,1.9567444144863053,-42.1875
1772318613.6775858,81.83242737296565,1.1795820269003876,-8.840888590156064,-0.15432353378209868,-1.5912159484994373,9.723816773078706,-0.009785337296441259,-0.017471332211968626,0.16253378659197193,-23.5036412348465,1.9567444144863053,-42.1875
1772318613.7272236,82.33370622100831,1.194583388793228,-8.819245061550044,-0.16199514203407978,-1.5574680602187982,9.739265578384327,0.0044155158056942805,-0.0283535215278563,0.18435040224190105,-22.190683328136135,1.709160519196766,-42.5625
1772318613.7797391,82.81909487466255,1.2174838387112206,-8.80841438698081,-0.17713582975283645,-1.5350276877822504,9.736166138911477,-0.004327177232267189,-0.019642951607504684,0.17889624832941878,-22.190683328136135,1.709160519196766,-42.5625
1772318613.8556778,83.53753796560926,1.2482937119720747,-8.794187552538661,-0.17717647017256252,-1.520075400375509,9.734103496565304,-0.003226309823119542,-0.025095088587126908,0.18216874067690814,-21.878068824993598,1.6472357872640087,-42.1875
1772318613.8886611,83.90421274721204,1.261893168656373,-8.784471865971932,-0.18720805033310953,-1.526868820567492,9.722695496003192,-0.0032423713819244677,-0.01636845710797036,0.1538071403320003,-21.878068824993598,1.6472357872640087,-42.1875
1772318613.9344277,84.37367610845438,1.292232317954046,-8.793738583814951,-0.16716620373082322,-1.5079247695922373,9.661581811747713,4.416928671354594e-05,-0.02399823656768049,0.17562375598192942,-19.753417521550944,1.8386465726953118,-42.0625
1772318613.9794123,84.70666032840793,1.2876447808318208,-8.798501875173509,-0.1437501633814789,-1.518714987352116,9.620911337560276,-0.00213748858307559,-0.02400225195738172,0.19853120241435498,-19.753417521550944,1.8386465726953118,-42.0625
1772318613.999388,85.02986829471959,1.282766896797744,-8.793514656379982,-0.12816705010330007,-1.525895756736685,9.630641820088014,0.0022438964101582234,-0.033811681592030365,0.18980455615438332,-19.753417521550944,1.8386465726953118,-42.0625
1772318614.019565,85.32266710365964,1.2850082425803895,-8.799064705358306,-0.17131835895568037,-1.530772986417554,9.65049779434289,5.220006611600885e-05,-0.028361552307258765,0.1734420944169365,-20.255947388385408,3.2127239842479995,-42.5
1772318614.056968,85.61074524873267,1.2822077115971326,-8.799899377229258,-0.2001027971257837,-1.497222561831291,9.650331276574466,0.008786862324675015,-0.03270880648803211,0.17235126363444003,-20.255947388385408,3.2127239842479995,-42.5
1772318614.077384,85.80909893548727,1.2878974778876509,-8.787265283200353,-0.17911724668657428,-1.4748212481495162,9.663600907688982,-0.003232332907671389,-0.0218226017824432,0.18216874067690814,-20.255947388385408,3.2127239842479995,-42.5
1772318614.1592345,86.79785297197074,1.2864587854147818,-8.704388964693509,-0.1551409061361685,-1.4465145297417044,9.705882816037395,0.016420657174086372,-0.03160392368918323,0.23343778745424157,-19.878647374714344,1.9634162960927504,-41.6875
1772318614.1790607,87.20477318978004,1.2879274063789568,-8.689239703340405,-0.1491401998134049,-1.4711815736133576,9.7340209537234,0.01098257405841846,-0.040340593642592855,0.2399827721492203,-19.878647374714344,1.9634162960927504,-41.6875
1772318614.2523396,87.77533375617493,1.286095258949017,-8.70632991549911,-0.22203498180776987,-1.5144996691560861,9.725985676371288,0.006607212149736494,-0.03380365081262791,0.17016960206944712,-19.065688621125656,1.7149121412712875,-42.5
1772318614.2994537,87.77533375617493,1.286095258949017,-8.70632991549911,-0.22203498180776987,-1.5144996691560861,9.725985676371288,0.006607212149736494,-0.03380365081262791,0.17016960206944712,-19.065688621125656,1.7149121412712875,-42.5
1772318614.3616974,88.42562429419142,1.2165626260230649,-8.697260798153653,-0.27054564493695044,-1.5433273778449383,9.720638289053387,-0.013075893354780503,-0.007659894882469364,0.17235126363444003,-18.752268890892687,1.215488150357063,-42.0625
1772318614.3843188,88.42562429419142,1.2165626260230649,-8.697260798153653,-0.27054564493695044,-1.5433273778449383,9.720638289053387,-0.013075893354780503,-0.007659894882469364,0.17235126363444003,-18.752268890892687,1.215488150357063,-42.0625
1772318614.415979,89.16612531887827,1.32206258267372,-8.739207524704547,-0.3022153490750087,-1.4671228519762873,9.714711436327075,-0.0032423713819244677,-0.01636845710797036,0.13853550937704992,-17.19126695912682,2.030862585217048,-42.5
1772318614.4604065,89.16612531887827,1.32206258267372,-8.739207524704547,-0.3022153490750087,-1.4671228519762873,9.714711436327075,-0.0032423713819244677,-0.01636845710797036,0.13853550937704992,-17.19126695912682,2.030862585217048,-42.5
1772318614.491976,89.65011824505736,1.34909971199798,-8.743594005748648,-0.30395112552631554,-1.4482046800055293,9.713135408245476,-0.016330310905808665,-0.01748337838107232,0.20180369476184434,-17.19126695912682,2.030862585217048,-42.5
1772318614.53694,90.35332774263946,1.3680769866471985,-8.72047841157108,-0.3051062653647668,-1.4356148478888178,9.722121914284518,-0.005418006167161756,-0.019644959302355297,0.21380283336930536,-17.191612056451294,2.2183622676376773,-42.0625
1772318614.5524633,90.54170760212801,1.3676054298966673,-8.733026220765595,-0.29575964225467183,-1.4707043635668664,9.72810233366765,0.005508352435439463,-0.02944234276790025,0.15817046346198613,-17.191612056451294,2.2183622676376773,-42.0625
1772318614.5668356,90.71958594792476,1.3762394252909862,-8.735788541033612,-0.28948415830671276,-1.5241619986486619,9.74880779449806,-0.005428044641414834,-0.01419081462788246,0.15707963267948966,-17.191612056451294,2.2183622676376773,-42.0625
1772318614.5873475,90.71958594792476,1.3762394252909862,-8.735788541033612,-0.2786176817580665,-1.5597251441509494,9.729135930312351,0.008774816155571321,-0.0261638328786647,0.16798794050445423,-17.68977069050912,1.2174437018624003,-42.0625
1772318614.6297402,91.2893943856616,1.385074230316468,-8.734161964135712,-0.2212403560880663,-1.566574138880765,9.742805418104437,-0.007607694816353355,-0.01528565895247826,0.1734420944169365,-17.68977069050912,1.2174437018624003,-42.0625
1772318614.667931,91.69588636237383,1.3910372259826866,-8.71436933623793,-0.18305638680140549,-1.5711320683651733,9.751902309531888,0.0044014619417399705,-0.020717718983594327,0.18435040224190105,-17.691496177131476,2.1549421139655442,-42.5
1772318614.7089748,92.0822100984225,1.400669129690023,-8.710265453444455,-0.19446001846627822,-1.5641977255576442,9.75795618915792,-0.0032283175179701577,-0.024004259652232338,0.17016960206944712,-17.691496177131476,2.1549421139655442,-42.5
1772318614.7809117,92.7700632642198,1.4278876941874918,-8.687551850024994,-0.20204900795233854,-1.5595829978809181,9.768675201837418,-0.004327177232267189,-0.019642951607504684,0.1734420944169365,-17.252271431527657,1.2182489289528333,-42.875
1772318614.82803,93.10236136486084,1.4284147994146552,-8.688704082285115,-0.20043381056518814,-1.54311921051215,9.775808585036406,-0.011966995166230393,-0.01747534760166986,0.14180800172453928,-17.252271431527657,1.2182489289528333,-42.875
1772318614.854326,93.38995387482468,1.4307318572227574,-8.695669957370482,-0.16596942175051485,-1.498650116096968,9.78055577187022,-0.0010506750378822534,-0.021818586392741972,0.17998707911191522,-17.374970570978267,-0.03197901873433935,-40.875
1772318614.8783631,93.68755786482212,1.433531206038123,-8.692616965591945,-0.17642324898326037,-1.50256905834982,9.777024748263933,-0.003226309823119542,-0.025095088587126908,0.17780541754692233,-17.374970570978267,-0.03197901873433935,-40.875
1772318614.9032638,93.68755786482212,1.433531206038123,-8.692616965591945,-0.17642324898326037,-1.50256905834982,9.777024748263933,-0.003226309823119542,-0.025095088587126908,0.17780541754692233,-17.374970570978267,-0.03197901873433935,-40.875
1772318614.9464312,94.22257042198245,1.4451634109225906,-8.706745158375265,-0.19013193373145937,-1.4717383237102335,9.774674891498067,-0.004319146452864725,-0.024006267347082954,0.15271630954950383,-16.563392206687464,0.4695155561267129,-41.75
1772318614.9652467,94.48074216485313,1.4449882787086028,-8.70424718793544,-0.19915640242545493,-1.504742510873688,9.773111088070005,-0.011960972081678546,-0.02074783440635356,0.15162547876700738,-16.563392206687464,0.4695155561267129,-41.75
1772318615.01615,94.66389071423625,1.4493760633579058,-8.712008083470792,-0.20181697948987412,-1.5267002720081715,9.735274165576945,-0.005411983082609909,-0.022917446107039004,0.16471544815696484,-16.563392206687464,0.4695155561267129,-41.75
1772318615.0596066,95.10001445769095,1.4584713828042486,-8.722407599227486,-0.2035875638056519,-1.5413129167589064,9.710094116323932,-0.011956956691977313,-0.022929492276142698,0.15162547876700738,-15.752849134370075,1.5335091782496515,-40.5625
1772318615.0822535,95.4580467054941,1.4518238990698356,-8.734479582887655,-0.17801733304070172,-1.5442980025886106,9.689991963118311,-0.008684469887293612,-0.02292346919159085,0.16689710972195776,-15.752849134370075,1.5335091782496515,-40.5625
1772318615.113894,95.4580467054941,1.4518238990698356,-8.734479582887655,-0.17801733304070172,-1.5442980025886106,9.689991963118311,-0.008684469887293612,-0.02292346919159085,0.16689710972195776,-15.752849134370075,1.5335091782496515,-40.5625
1772318615.1741107,95.78868567482499,1.4775377887104888,-8.74001889252691,-0.2045793597725257,-1.4961879908842564,9.693339763252334,-0.02616985596321655,-0.005502329350887616,0.14508049407202864,-15.25008920265263,0.034431978416544835,-42.1875
1772318615.2234027,96.38885472154516,1.489560961708379,-8.749079362729447,-0.20218545559618903,-1.4641343750678448,9.665461681478273,-0.011985064419885933,-0.007657887187618748,0.14835298641951802,-15.25008920265263,0.034431978416544835,-42.1875
1772318615.2603076,96.8950723690086,1.4985640321222702,-8.744231829032147,-0.21396660653268754,-1.446172784813359,9.677015134842089,0.003306617617144171,-0.018538068808655807,0.14726215563702155,-14.752275665919273,1.2228502266124504,-41.6875
1772318615.2974331,97.26863036745611,1.4881547805853965,-8.751770127568891,-0.2083217420990352,-1.491061722881378,9.698084275824455,0.01095848172021107,-0.02725064642385804,0.16907877128695067,-14.752275665919273,1.2228502266124504,-41.6875
1772318615.3196099,97.54151625391587,1.493823113105044,-8.744048137395326,-0.2178963181068196,-1.5477202850229363,9.712105553790494,-0.004325169537416572,-0.02073378054239925,0.15817046346198613,-14.75181553615331,0.9728506500516121,-42.5
1772318615.3963776,98.14416448992826,1.4851453900896863,-8.735261403912876,-0.23095830356800648,-1.5854382386942696,9.721436557648955,0.021838663341248128,-0.01195896438682793,0.1308996938995747,-14.75181553615331,0.9728506500516121,-42.5
1772318615.4523551,98.35243828359559,1.490374236075191,-8.723047374522926,-0.23966322246422425,-1.6038489034423637,9.945078497458379,-0.013015662509262033,-0.0403847629293064,0.09817477042468103,-16.68793186520192,0.2192859146828937,-42.0625
1772318615.4735565,98.47158866694545,1.498027551767114,-8.701914754547495,-0.17196858044778562,-1.559098744144782,10.341447976499024,0.061044258762232864,0.023019838544420405,0.05672320068981571,-16.68793186520192,0.2192859146828937,-42.0625
1772318615.4979725,98.70890233670148,1.5106547068843779,-8.693662072650724,-0.03005823898546617,-1.4488569225137617,11.140445310234476,0.001124959747355035,-0.01854208419835704,0.07853981633974483,-16.1896581987026,1.157704586317961,-42.875
1772318615.5551012,98.70890233670148,1.5106547068843779,-8.693662072650724,-0.03005823898546617,-1.4488569225137617,11.140445310234476,0.001124959747355035,-0.01854208419835704,0.07853981633974483,-16.1896581987026,1.157704586317961,-42.875
1772318615.5947273,98.86248828731989,1.522366212034012,-8.691871307386313,0.0643815080153237,-1.3754922217001557,11.672169110450385,-0.032716837267434566,-0.004423546585096743,0.04799655442984406,-16.1896581987026,1.157704586317961,-42.875
1772318615.6707757,99.2826800743524,1.4899217129114226,-8.751274334543497,0.12721163445764724,-1.3166335147215646,12.096272705603742,-0.044746070974034054,0.011916802794965,0.08072147790473774,-15.750318420657287,0.1585115071650406,-42.875
1772318616.2306972,100.97711473289887,1.5445425716555687,-8.675574665812926,-0.19938928924804242,-1.33867002494931,10.157411960548911,-0.07087577304023829,-0.01540210525381397,0.022907446432425576,-16.74767098074636,-1.280826577123627,-44.5625
1772318616.3933747,100.94628209019886,1.5571724845416222,-8.62449749641873,-0.2542942839032388,-1.4528131056663764,9.934740202572772,0.004369338824130119,-0.003264456025281241,0.002181661564992912,-15.563854030210074,0.7213556517513982,-43.75
1772318616.4905567,100.90661406314089,1.5657772447923413,-8.589552253549154,-0.17521219205253272,-1.3515304010930822,9.909738769909412,-0.003264456025281241,-0.004369338824130119,0.007635815477475192,-15.563854030210074,0.7213556517513982,-43.75
1772318616.6381173,100.90620583178583,1.5676135166133622,-8.60919904320691,-0.20182998644729694,-1.4888562119069895,9.773730687674922,-0.007631787154560743,-0.0021957117337434457,0.008726646259971648,-16.37462716741044,-0.21763818209112124,-43.75
1772318616.7036462,100.8828448986429,1.5451401614564622,-8.601355568535938,-0.17361340025425218,-1.4491705860003246,9.795898512924385,1.0038474253078624e-05,-0.005454144674472839,0.006544984694978736,-15.999627802569183,-0.21694798744217866,-44.5625
1772318616.7835295,100.8828448986429,1.5451401614564622,-8.601355568535938,-0.17361340025425218,-1.4491705860003246,9.795898512924385,1.0038474253078624e-05,-0.005454144674472839,0.006544984694978736,-15.999627802569183,-0.21694798744217866,-44.5625
1772318616.839542,100.88363282650965,1.5317851921425238,-8.617465226892687,-0.17482001920563436,-1.4696286703093346,9.770509612509237,0.0010888212400439522,0.0010928366297451835,-0.007635815477475192,-15.999627802569183,-0.21694798744217866,-44.5625
1772318616.8720055,100.88409699891707,1.526417222487614,-8.613012067770773,-0.17562301063896238,-1.4832432968852052,9.753613582895555,-0.0032744944995343195,0.0010848058503427206,0.004363323129985824,-16.016307506585296,8.845536662888211,-43.75
1772318616.9446504,100.88409699891707,1.526417222487614,-8.613012067770773,-0.18953165989202886,-1.4956734117950892,9.72898901709939,0.0010848058503427206,0.0032744944995343195,-0.006544984694978736,-15.564084095093055,0.8463554400318173,-44.1875
1772318617.0018964,100.88409699891707,1.526417222487614,-8.613012067770773,-0.19878155385828417,-1.5072906204556498,9.709256531929148,-0.0010928366297451835,0.001088821240043952,0.002181661564992912,-15.564084095093055,0.8463554400318173,-44.1875
1772318617.0752597,100.88409699891707,1.526417222487614,-8.613012067770773,-0.19878155385828417,-1.5072906204556498,9.709256531929148,-0.0010928366297451835,0.001088821240043952,0.002181661564992912,-15.564084095093055,0.8463554400318173,-44.1875
1772318617.183874,100.88409699891707,1.526417222487614,-8.613012067770773,-0.20494341170660915,-1.5116766370050148,9.696124783474653,0.0010928366297451835,-0.001088821240043952,-0.001090830782496456,-15.564084095093055,0.8463554400318173,-43.75
1772318617.259476,100.88409699891707,1.526417222487614,-8.613012067770773,-0.1923493127739763,-1.497839168106691,9.707456421813346,-0.0010868135451933365,-0.002183665564639751,0.002181661564992912,-15.564084095093055,0.8463554400318173,-43.75
1772318617.3027577,100.88409699891707,1.526417222487614,-8.613012067770773,-0.18063528806183413,-1.4819341183046157,9.71834261225237,0.00217965017493852,0.0010948443245957992,-0.001090830782496456,-14.502276089358434,1.2233103563784122,-43.375
1772318617.3437922,100.88409699891707,1.526417222487614,-8.613012067770773,-0.17282742198639744,-1.478039697415411,9.725587250382825,-0.0010888212400439522,-0.0010928366297451835,0.002181661564992912,-14.502276089358434,1.2233103563784122,-43.375
1772318617.372421,100.88409699891707,1.526417222487614,-8.613012067770773,-0.17282742198639744,-1.478039697415411,9.725587250382825,-0.0010888212400439522,-0.0010928366297451835,0.002181661564992912,-14.502276089358434,1.2233103563784122,-43.375
1772318617.4133878,100.88409699891707,1.526417222487614,-8.613012067770773,-0.1776420654898438,-1.4888468982088379,9.723718252716093,0.00217965017493852,0.0010948443245957992,-0.002181661564992912,-16.00158335407452,0.8455502129413843,-43.75
1772318617.440193,100.88409699891707,1.526417222487614,-8.613012067770773,-0.18084615695829537,-1.4960389696125203,9.722474455646957,0.0010928366297451835,-0.001088821240043952,0.001090830782496456,-16.00158335407452,0.8455502129413843,-43.75
1772318617.4703605,100.88409699891707,1.526417222487614,-8.613012067770773,-0.182972287296635,-1.5041703188324835,9.721646722591569,-0.0010888212400439522,-0.0010928366297451835,0.002181661564992912,-15.563508932885602,0.5338559693307694,-43.75
1772318617.507171,100.88409699891707,1.526417222487614,-8.613012067770773,-0.18439336002823595,-1.5062365348637323,9.714405652074953,0.0,0.0,-0.001090830782496456,-15.563508932885602,0.5338559693307694,-43.75
1772318617.5490735,100.88409699891707,1.526417222487614,-8.613012067770773,-0.1853390680566938,-1.507611578551383,9.709586800534204,0.0010848058503427206,0.0032744944995343195,-0.001090830782496456,-15.56281873823666,0.15885660448951186,-42.875
1772318617.5737312,100.88409699891707,1.526417222487614,-8.613012067770773,-0.1853390680566938,-1.507611578551383,9.709586800534204,0.0010848058503427206,0.0032744944995343195,-0.001090830782496456,-15.56281873823666,0.15885660448951186,-42.875
1772318617.614231,100.88409699891707,1.526417222487614,-8.613012067770773,-0.18598689641098573,-1.4984913366407275,9.716415243785892,0.0010948443245957992,-0.00217965017493852,0.003272492347489368,-15.56281873823666,0.15885660448951186,-42.875
1772318617.674164,100.88409699891707,1.526417222487614,-8.613012067770773,-0.18447879547050539,-1.4883786896670013,9.723983645903923,4.0153897012314496e-06,-0.0021816578697891357,0.002181661564992912,-15.251584624392006,0.8469306022392695,-42.875
1772318617.6969688,100.88409699891707,1.526417222487614,-8.613012067770773,-0.1853959243891477,-1.4957273820581602,9.72599618355614,0.002185673259490367,-0.002177642480087904,-0.001090830782496456,-15.251584624392006,0.8469306022392695,-42.875
1772318617.728705,100.88409699891707,1.526417222487614,-8.613012067770773,-0.1860062634395029,-1.5006178547542037,9.727335504882172,2.0076948506157248e-06,-0.0010908289348945679,0.001090830782496456,-15.251584624392006,0.8469306022392695,-43.375
1772318617.7797668,100.88409699891707,1.526417222487614,-8.613012067770773,-0.18641243725958034,-1.503872409703261,9.728226808263447,-0.0010948443245957992,0.00217965017493852,-0.002181661564992912,-15.251584624392006,0.8469306022392695,-43.375
1772318617.8005407,100.88409699891707,1.526417222487614,-8.613012067770773,-0.18641243725958034,-1.503872409703261,9.728226808263447,-0.0010948443245957992,0.00217965017493852,-0.002181661564992912,-15.251584624392006,0.8469306022392695,-43.375
1772318617.8301165,100.88409699891707,1.526417222487614,-8.613012067770773,-0.18336226232554087,-1.492651698758173,9.728819960707174,-0.0010888212400439522,-0.0010928366297451835,0.002181661564992912,-15.251009462184554,0.5344311315382215,-43.75
1772318617.851003,100.88409699891707,1.526417222487614,-8.613012067770773,-0.1813324049796242,-1.485184440967771,9.729214697032527,4.0153897012314496e-06,-0.0021816578697891357,0.0,-15.251009462184554,0.5344311315382215,-43.75
1772318617.8650422,100.88409699891707,1.526417222487614,-8.613012067770773,-0.1813324049796242,-1.485184440967771,9.729214697032527,4.0153897012314496e-06,-0.0021816578697891357,0.0,-15.251009462184554,0.5344311315382215,-43.75
1772318617.891521,100.88409699891707,1.526417222487614,-8.613012067770773,-0.17996308736530484,-1.4902503824475362,9.729477389647556,-0.0010928366297451835,0.001088821240043952,0.0,-14.876010097343295,0.5351213261871641,-43.75
1772318617.9194865,100.88409699891707,1.526417222487614,-8.613012067770773,-0.17905182178925533,-1.4936217099120455,9.729652208648389,0.0,0.0,0.001090830782496456,-14.876010097343295,0.5351213261871641,-43.75
1772318617.952228,100.88409699891707,1.526417222487614,-8.613012067770773,-0.17905182178925533,-1.4936217099120455,9.729652208648389,0.0,0.0,0.001090830782496456,-14.876010097343295,0.5351213261871641,-43.75
1772318617.9799585,100.88409699891707,1.526417222487614,-8.613012067770773,-0.17844538472789787,-1.4958652906794812,9.733113660447906,0.0,0.0,0.0,-16.751006921549582,0.5316703529424512,-43.75
1772318618.003729,100.88409699891707,1.526417222487614,-8.613012067770773,-0.17804796437977835,-1.494013262576256,9.732072106246216,-4.0153897012314496e-06,0.0021816578697891357,-0.001090830782496456,-16.751006921549582,0.5316703529424512,-43.75
1772318618.0396044,100.88409699891707,1.526417222487614,-8.613012067770773,-0.18113474836096322,-1.489441809262423,9.731378963559914,0.00217965017493852,0.0010948443245957992,0.001090830782496456,-15.999627802569183,-0.21694798744217866,-43.75
1772318618.0841177,100.88409699891707,1.526417222487614,-8.613012067770773,-0.1831889686188053,-1.486399558148547,9.73091768484509,-4.0153897012314496e-06,0.0021816578697891357,0.002181661564992912,-15.999627802569183,-0.21694798744217866,-43.75
1772318618.13393,100.88409699891707,1.526417222487614,-8.613012067770773,-0.1845560292532554,-1.4843749740164338,9.730610709013197,-2.0076948506157248e-06,0.0010908289348945679,0.001090830782496456,-16.376582718915778,0.8448600182924417,-43.375
1772318618.171926,100.88409699891707,1.526417222487614,-8.613012067770773,-0.185465792834414,-1.4830276358925991,9.730406420026217,0.0010868135451933365,0.002183665564639751,0.0,-16.376582718915778,0.8448600182924417,-43.375
1772318618.2129118,100.88409699891707,1.526417222487614,-8.613012067770773,-0.18607123033495,-1.4821309974219403,9.730270467987438,-2.0076948506157248e-06,0.0010908289348945679,-0.001090830782496456,-16.376582718915778,0.8448600182924417,-43.375
1772318618.2416155,100.88409699891707,1.526417222487614,-8.613012067770773,-0.18607123033495,-1.4821309974219403,9.730270467987438,-2.0076948506157248e-06,0.0010908289348945679,-0.001090830782496456,-16.376582718915778,0.8448600182924417,-43.375
1772318618.2758636,100.88409699891707,1.526417222487614,-8.613012067770773,-0.18646182874464062,-1.4882245066188533,9.730179993424315,-0.0021836655646397516,0.0010868135451933363,-0.002181661564992912,-16.00100819186707,0.5330507422403363,-43.75
1772318618.3349185,100.88409699891707,1.526417222487614,-8.613012067770773,-0.1867217676230196,-1.492279668920441,9.730119783613224,0.0010888212400439522,0.0010928366297451835,-0.001090830782496456,-16.00100819186707,0.5330507422403363,-43.75
1772318618.3500202,100.88409699891707,1.526417222487614,-8.613012067770773,-0.18689475404287328,-1.4949783341330167,9.73007971465653,0.0,0.0,0.0,-16.00158335407452,0.8455502129413843,-43.75
1772318618.3629217,100.88409699891707,1.526417222487614,-8.613012067770773,-0.18689475404287328,-1.4949783341330167,9.73007971465653,0.0,0.0,0.0,-16.00158335407452,0.8455502129413843,-43.75
1772318618.4015746,100.88409699891707,1.526417222487614,-8.613012067770773,-0.18708648599965383,-1.4979694380725073,9.730035303658951,-0.0010888212400439522,-0.0010928366297451835,-0.001090830782496456,-16.00158335407452,0.8455502129413843,-44.1875
1772318618.465719,100.88409699891707,1.526417222487614,-8.613012067770773,-0.18713747004835216,-1.4987648119448307,9.730023494190664,-2.0076948506157248e-06,0.0010908289348945679,0.0,-16.00158335407452,0.8455502129413843,-44.1875
1772318618.4935312,100.88409699891707,1.526417222487614,-8.613012067770773,-0.18717139936323174,-1.4992941243719538,9.73001563512144,-0.0010908289348945679,-2.0076948506157248e-06,0.001090830782496456,-16.00158335407452,0.8455502129413843,-44.1875
1772318618.546437,100.88409699891707,1.526417222487614,-8.613012067770773,-0.18719397894326884,-1.4996463758793968,9.730010404998662,0.0,0.0,0.0,-15.251009462184554,0.5344311315382215,-43.375
1772318618.5716834,100.88409699891707,1.526417222487614,-8.613012067770773,-0.18719397894326884,-1.4996463758793968,9.730010404998662,0.0,0.0,0.0,-15.251009462184554,0.5344311315382215,-43.375
1772318618.5880492,100.88409699891707,1.526417222487614,-8.613012067770773,-0.18720900540155305,-1.4998807953226931,9.72331670099574,-2.0076948506157248e-06,0.0010908289348945679,-0.002181661564992912,-15.251009462184554,0.5344311315382215,-43.375
1772318618.6136951,100.88409699891707,1.526417222487614,-8.613012067770773,-0.1872190053416847,-1.5000367988435699,9.718862115755368,4.0153897012314496e-06,-0.0021816578697891357,0.001090830782496456,-15.251009462184554,0.5344311315382215,-43.375
1772318618.6292648,100.88409699891707,1.526417222487614,-8.613012067770773,-0.1872190053416847,-1.5000367988435699,9.718862115755368,4.0153897012314496e-06,-0.0021816578697891357,0.001090830782496456,-15.251009462184554,0.5344311315382215,-43.375
1772318618.644244,100.88409699891707,1.526417222487614,-8.613012067770773,-0.18722566019013567,-1.50014061744404,9.712552527331558,-0.0021816578697891357,-4.0153897012314496e-06,0.002181661564992912,-15.25031926753561,0.15943176669696402,-42.5625
1772318618.6566353,100.88409699891707,1.526417222487614,-8.613012067770773,-0.18722566019013567,-1.50014061744404,9.712552527331558,-0.0021816578697891357,-4.0153897012314496e-06,0.002181661564992912,-15.25031926753561,0.15943176669696402,-42.5625
1772318618.669593,100.88409699891707,1.526417222487614,-8.613012067770773,-0.18723008891744025,-1.5002097075629228,9.708353566718234,-0.0010888212400439522,-0.0010928366297451835,-0.001090830782496456,-15.25031926753561,0.15943176669696402,-42.5625
1772318618.6819656,100.88409699891707,1.526417222487614,-8.613012067770773,-0.18723008891744025,-1.5002097075629228,9.708353566718234,-0.0010888212400439522,-0.0010928366297451835,-0.001090830782496456,-15.25031926753561,0.15943176669696402,-42.5625
1772318618.7184272,100.88409699891707,1.526417222487614,-8.613012067770773,-0.1872330361859893,-1.5002556862652525,9.70555920533553,-0.0021776424800879044,-0.002185673259490367,0.0,-15.25031926753561,0.15943176669696402,-42.5625
1772318618.7427454,100.88409699891707,1.526417222487614,-8.613012067770773,-0.1872288408184175,-1.503631390619551,9.710389812465042,-0.0010888212400439522,-0.0010928366297451835,0.0,-15.563508932885602,0.5338559693307694,-43.375
1772318618.7627332,100.88409699891707,1.526417222487614,-8.613012067770773,-0.1872288408184175,-1.503631390619551,9.710389812465042,-0.0010888212400439522,-0.0010928366297451835,0.0,-15.563508932885602,0.5338559693307694,-43.375
1772318618.7998905,100.88409699891707,1.526417222487614,-8.613012067770773,-0.1872303475650164,-1.5040277944717604,9.712398772818192,-0.00217965017493852,-0.0010948443245957992,-0.001090830782496456,-16.751006921549582,0.5316703529424512,-42.5625
1772318618.8289022,100.88409699891707,1.526417222487614,-8.613012067770773,-0.1872303475650164,-1.5040277944717604,9.712398772818192,-0.00217965017493852,-0.0010948443245957992,-0.001090830782496456,-16.751006921549582,0.5316703529424512,-42.5625
1772318618.845254,100.88409699891707,1.526417222487614,-8.613012067770773,-0.18723320831306195,-1.5027965804522583,9.711596356514459,-0.0010868135451933365,-0.002183665564639751,-0.002181661564992912,-16.751006921549582,0.5316703529424512,-42.5625
1772318618.85769,100.88409699891707,1.526417222487614,-8.613012067770773,-0.18389616280928345,-1.4986259584924593,9.714407469135221,0.0010928366297451835,-0.001088821240043952,0.0,-16.751006921549582,0.5316703529424512,-42.5625
1772318618.8723917,100.88409699891707,1.526417222487614,-8.613012067770773,-0.18389616280928345,-1.4986259584924593,9.714407469135221,0.0010928366297451835,-0.001088821240043952,0.0,-16.751006921549582,0.5316703529424512,-42.5625
1772318618.9132128,100.88409699891707,1.526417222487614,-8.613012067770773,-0.18166923956189163,-1.4991955622086273,9.716278233182154,0.0,0.0,0.0,-16.37531736205938,0.15736118275013627,-44.1875
1772318618.9588788,100.88409699891707,1.526417222487614,-8.613012067770773,-0.1835385098004972,-1.4962356778192003,9.720868317464902,-0.0021776424800879044,-0.002185673259490367,0.001090830782496456,-16.37531736205938,0.15736118275013627,-44.1875
1772318618.9830627,100.88409699891707,1.526417222487614,-8.613012067770773,-0.18477633152130446,-1.4976110138636258,9.73061319069511,-0.0010888212400439522,-0.0010928366297451835,-0.001090830782496456,-15.563508932885602,0.5338559693307694,-43.375
1772318619.0505435,100.88409699891707,1.526417222487614,-8.613012067770773,-0.18560624479099508,-1.4951811785961666,9.730408071557807,0.0,0.0,-0.001090830782496456,-15.563508932885602,0.5338559693307694,-43.375
1772318619.093178,100.88409699891707,1.526417222487614,-8.613012067770773,-0.1861585428012355,-1.4935641503687112,9.733616678770582,-0.00217965017493852,-0.0010948443245957992,0.0,-16.376582718915778,0.8448600182924417,-43.75
1772318619.1542635,100.88409699891707,1.526417222487614,-8.613012067770773,-0.18318098491596332,-1.4924818794048602,9.732406859320873,-0.0010888212400439522,-0.0010928366297451835,0.001090830782496456,-16.376582718915778,0.8448600182924417,-43.75
1772318619.1754391,100.88409699891707,1.526417222487614,-8.613012067770773,-0.18318098491596332,-1.4924818794048602,9.732406859320873,-0.0010888212400439522,-0.0010928366297451835,0.001090830782496456,-16.376582718915778,0.8448600182924417,-43.75
1772318619.1946397,100.88409699891707,1.526417222487614,-8.613012067770773,-0.17987460957743617,-1.4946274350432767,9.727720827033545,-0.0010928366297451835,0.001088821240043952,0.001090830782496456,-16.002273548723462,1.2205495777826418,-44.875
1772318619.2424884,100.88409699891707,1.526417222487614,-8.613012067770773,-0.17987460957743617,-1.4946274350432767,9.727720827033545,-0.0010928366297451835,0.001088821240043952,0.001090830782496456,-16.002273548723462,1.2205495777826418,-44.875
1772318619.2762177,100.88409699891707,1.526417222487614,-8.613012067770773,-0.17899294080979036,-1.4965345895196298,9.725138124143536,-2.0076948506157248e-06,0.0010908289348945679,-0.002181661564992912,-15.563508932885602,0.5338559693307694,-44.1875
1772318619.3217866,100.88409699891707,1.526417222487614,-8.613012067770773,-0.18175130613532176,-1.4978099362611994,9.726764475928235,2.0076948506157248e-06,-0.0010908289348945679,0.001090830782496456,-15.563508932885602,0.5338559693307694,-44.1875
1772318619.360532,100.88409699891707,1.526417222487614,-8.613012067770773,-0.18358696744650327,-1.4986586652711573,9.727846794873413,-0.0010868135451933365,-0.002183665564639751,0.001090830782496456,-16.00158335407452,0.8455502129413843,-44.875
1772318619.4103792,100.88409699891707,1.526417222487614,-8.613012067770773,-0.18358696744650327,-1.4986586652711573,9.727846794873413,-0.0010868135451933365,-0.002183665564639751,0.001090830782496456,-16.00158335407452,0.8455502129413843,-44.875
1772318619.442752,100.88409699891707,1.526417222487614,-8.613012067770773,-0.18481473628528214,-1.4958783789048458,9.731912177748454,0.0032724868046837036,6.023084551847175e-06,0.001090830782496456,-16.00158335407452,0.8455502129413843,-44.875
1772318619.4564788,100.88409699891707,1.526417222487614,-8.613012067770773,-0.18562564599054487,-1.4973732354274136,9.727927421223852,2.0076948506157248e-06,-0.0010908289348945679,-0.001090830782496456,-16.00158335407452,0.8455502129413843,-43.75
1772318619.4707417,100.88409699891707,1.526417222487614,-8.613012067770773,-0.18562564599054487,-1.4973732354274136,9.727927421223852,2.0076948506157248e-06,-0.0010908289348945679,-0.001090830782496456,-16.00158335407452,0.8455502129413843,-43.75
1772318619.4953978,100.88409699891707,1.526417222487614,-8.613012067770773,-0.18617761082467832,-1.4916778336615124,9.725275610269376,0.0010908289348945679,2.0076948506157248e-06,0.002181661564992912,-16.00158335407452,0.8455502129413843,-43.75
1772318619.540822,100.88409699891707,1.526417222487614,-8.613012067770773,-0.1831875177306927,-1.4945716627492718,9.723510859701841,-2.0076948506157248e-06,0.0010908289348945679,0.001090830782496456,-16.376582718915778,0.8448600182924417,-42.875
1772318619.5786264,100.88409699891707,1.526417222487614,-8.613012067770773,-0.1831875177306927,-1.4945716627492718,9.723510859701841,-2.0076948506157248e-06,0.0010908289348945679,0.001090830782496456,-16.376582718915778,0.8448600182924417,-42.875
1772318619.6142654,100.88409699891707,1.526417222487614,-8.613012067770773,-0.1812038009200417,-1.4931523676394727,9.729026661327342,2.0076948506157248e-06,-0.0010908289348945679,-0.001090830782496456,-16.376582718915778,0.8448600182924417,-42.875
1772318619.6756825,100.88409699891707,1.526417222487614,-8.613012067770773,-0.1832287655836364,-1.4922139993403347,9.732697365693571,0.0010928366297451835,-0.001088821240043952,0.0,-16.376582718915778,0.8448600182924417,-42.875
1772318619.699098,100.88409699891707,1.526417222487614,-8.613012067770773,-0.18458251368878928,-1.4882444196780047,9.731795066737522,0.0010888212400439522,0.0010928366297451835,0.001090830782496456,-16.376582718915778,0.8448600182924417,-42.875
1772318619.760597,100.88409699891707,1.526417222487614,-8.613012067770773,-0.1854834179304113,-1.4856027087558346,9.731194596861611,0.0,0.0,0.001090830782496456,-16.37727291356472,1.2198593831336992,-44.5625
1772318619.7979722,100.88409699891707,1.526417222487614,-8.613012067770773,-0.18608295963945096,-1.4838446796469749,9.7341401025742,0.0,0.0,0.002181661564992912,-16.37727291356472,1.2198593831336992,-44.5625
1772318619.8555443,100.88409699891707,1.526417222487614,-8.613012067770773,-0.18673311898509767,-1.489693510548761,9.73071457227513,0.0,0.0,0.0,-15.563508932885602,0.5338559693307694,-43.75
1772318619.8913958,100.88409699891707,1.526417222487614,-8.613012067770773,-0.18673311898509767,-1.489693510548761,9.73071457227513,0.0,0.0,0.0,-15.563508932885602,0.5338559693307694,-43.75
1772318619.917448,100.88409699891707,1.526417222487614,-8.613012067770773,-0.18690230824753323,-1.4932572746259454,9.727130428159484,0.0021836655646397516,-0.0010868135451933363,0.0,-16.00100819186707,0.5330507422403363,-42.875
1772318619.951051,100.88409699891707,1.526417222487614,-8.613012067770773,-0.1870210585535842,-1.4922838137679444,9.718054996873397,-4.0153897012314496e-06,0.0021816578697891357,-0.001090830782496456,-16.00100819186707,0.5330507422403363,-42.875
1772318619.986707,100.88409699891707,1.526417222487614,-8.613012067770773,-0.1871000855557333,-1.491635986441215,9.712015398731715,0.0010908289348945679,2.0076948506157248e-06,-0.001090830782496456,-15.563508932885602,0.5338559693307694,-43.75
1772318620.0265205,100.88409699891707,1.526417222487614,-8.613012067770773,-0.1871000855557333,-1.491635986441215,9.712015398731715,0.0010908289348945679,2.0076948506157248e-06,-0.001090830782496456,-15.563508932885602,0.5338559693307694,-43.75
1772318620.067143,100.88409699891707,1.526417222487614,-8.613012067770773,-0.18715267714287406,-1.491204864591982,9.707996113635158,-0.0010928366297451835,0.001088821240043952,-0.001090830782496456,-15.563508932885602,0.5338559693307694,-43.75
1772318620.0981412,100.88409699891707,1.526417222487614,-8.613012067770773,-0.18718767625662971,-1.490917957817264,9.712011547716395,-0.0010908289348945679,-2.0076948506157248e-06,0.002181661564992912,-14.891999606710465,9.222606611676296,-44.0625
1772318620.1215944,100.88409699891707,1.526417222487614,-8.613012067770773,-0.18721096777586838,-1.490727024563648,9.71468377424212,-0.0010888212400439522,-0.0010928366297451835,0.001090830782496456,-14.891999606710465,9.222606611676296,-44.0625
1772318620.1355271,100.88409699891707,1.526417222487614,-8.613012067770773,-0.18721096777586838,-1.490727024563648,9.71468377424212,-0.0010888212400439522,-0.0010928366297451835,0.001090830782496456,-14.891999606710465,9.222606611676296,-44.0625
1772318620.1516528,100.88409699891707,1.526417222487614,-8.613012067770773,-0.18720799779613434,-1.500635278740773,9.716462111144264,-0.0010868135451933365,-0.002183665564639751,-0.001090830782496456,-14.891999606710465,9.222606611676296,-44.0625
1772318620.1685355,100.88409699891707,1.526417222487614,-8.613012067770773,-0.1872060213077982,-1.5072291112131986,9.717645574487316,-2.0076948506157248e-06,0.0010908289348945679,0.0,-16.000317997218126,0.15805137739907885,-44.5
1772318620.1835144,100.88409699891707,1.526417222487614,-8.613012067770773,-0.18720470597688932,-1.5116172330656628,9.718433156121964,-0.0010948443245957992,0.00217965017493852,-0.001090830782496456,-16.000317997218126,0.15805137739907885,-44.5
1772318620.228772,100.88409699891707,1.526417222487614,-8.613012067770773,-0.18720470597688932,-1.5116172330656628,9.718433156121964,-0.0010948443245957992,0.00217965017493852,-0.001090830782496456,-16.000317997218126,0.15805137739907885,-44.5
1772318620.2800796,100.88409699891707,1.526417222487614,-8.613012067770773,-0.18722230086446673,-1.5045021610154021,9.718957282901961,6.023084551847175e-06,-0.0032724868046837036,0.001090830782496456,-16.002273548723462,1.2205495777826418,-43.75
1772318620.3062794,100.88409699891707,1.526417222487614,-8.613012067770773,-0.1872340100656017,-1.4997671600465161,9.719306083419168,-0.0010908289348945679,-2.0076948506157248e-06,0.0,-16.002273548723462,1.2205495777826418,-43.75
1772318620.3684082,100.88409699891707,1.526417222487614,-8.613012067770773,-0.18389669636664246,-1.496609913053281,9.722883317974333,-6.023084551847175e-06,0.0032724868046837036,0.002181661564992912,-15.25031926753561,0.15943176669696402,-44.0625
1772318620.3882513,100.88409699891707,1.526417222487614,-8.613012067770773,-0.18389669636664246,-1.496609913053281,9.722883317974333,-6.023084551847175e-06,0.0032724868046837036,0.002181661564992912,-15.25031926753561,0.15943176669696402,-44.0625
1772318620.4375546,100.88409699891707,1.526417222487614,-8.613012067770773,-0.1816695946383538,-1.4978539064895573,9.721918815903146,0.0,0.0,-0.001090830782496456,-15.25031926753561,0.15943176669696402,-44.0625
1772318620.455345,100.88409699891707,1.526417222487614,-8.613012067770773,-0.1816695946383538,-1.4978539064895573,9.721918815903146,0.0,0.0,-0.001090830782496456,-15.25031926753561,0.15943176669696402,-44.0625
1772318620.476368,100.88409699891707,1.526417222487614,-8.613012067770773,-0.1801874833165341,-1.4986817702250819,9.724622062256286,2.0076948506157248e-06,-0.0010908289348945679,-0.001090830782496456,-15.251584624392006,0.8469306022392695,-43.375
1772318620.5057683,100.88409699891707,1.526417222487614,-8.613012067770773,-0.1825462608296456,-1.4992388610350977,9.71973081909242,0.0010928366297451835,-0.001088821240043952,0.001090830782496456,-15.251584624392006,0.8469306022392695,-43.375
1772318620.523085,100.88409699891707,1.526417222487614,-8.613012067770773,-0.1825462608296456,-1.4992388610350977,9.71973081909242,0.0010928366297451835,-0.001088821240043952,0.001090830782496456,-15.251584624392006,0.8469306022392695,-43.375
1772318620.5421045,100.88409699891707,1.526417222487614,-8.613012067770773,-0.18411600091535,-1.499609598746051,9.716475751405635,-0.0010868135451933365,-0.002183665564639751,0.0,-16.00100819186707,0.5330507422403363,-43.75
1772318620.573981,100.88409699891707,1.526417222487614,-8.613012067770773,-0.18516680214910852,-1.4965112145097648,9.714309540221567,0.0010908289348945679,2.0076948506157248e-06,0.0,-16.00100819186707,0.5330507422403363,-43.75
1772318620.646499,100.88409699891707,1.526417222487614,-8.613012067770773,-0.18516680214910852,-1.4965112145097648,9.714309540221567,0.0010908289348945679,2.0076948506157248e-06,0.0,-16.00100819186707,0.5330507422403363,-43.75
1772318620.7043788,100.88409699891707,1.526417222487614,-8.613012067770773,-0.1825209925904418,-1.4944431176698678,9.719558174291373,0.0021836655646397516,-0.0010868135451933363,0.001090830782496456,-16.00100819186707,0.5330507422403363,-44.0625
1772318620.7649436,100.88409699891707,1.526417222487614,-8.613012067770773,-0.1774151298432642,-1.493060665583204,9.723051081633745,0.00217965017493852,0.0010948443245957992,0.002181661564992912,-15.252274819040949,1.221929967080527,-43.375
1772318620.848789,100.88409699891707,1.526417222487614,-8.613012067770773,-0.1773623412627558,-1.4921468159043987,9.725375572451762,0.0010888212400439522,0.0010928366297451835,-0.002181661564992912,-15.252274819040949,1.221929967080527,-43.375
1772318620.8688204,100.88409699891707,1.526417222487614,-8.613012067770773,-0.1773623412627558,-1.4921468159043987,9.725375572451762,0.0010888212400439522,0.0010928366297451835,-0.002181661564992912,-15.252274819040949,1.221929967080527,-43.375
1772318620.9075437,100.88409699891707,1.526417222487614,-8.613012067770773,-0.1806723170936287,-1.4915448158933917,9.72023227171025,4.0153897012314496e-06,-0.0021816578697891357,0.001090830782496456,-15.564084095093055,0.8463554400318173,-44.1875
1772318620.9443145,100.88409699891707,1.526417222487614,-8.613012067770773,-0.1828750690342219,-1.4911441916108474,9.716809462521207,0.0010908289348945679,2.0076948506157248e-06,0.001090830782496456,-15.564084095093055,0.8463554400318173,-44.1875
1772318620.9857912,100.88409699891707,1.526417222487614,-8.613012067770773,-0.18099586980282104,-1.4908714238842125,9.72122184465582,0.0,0.0,0.0,-16.37531736205938,0.15736118275013627,-44.1875
1772318621.03675,100.88409699891707,1.526417222487614,-8.613012067770773,-0.17974528370635462,-1.490689900009152,9.72415823567687,0.0,0.0,-0.001090830782496456,-16.37531736205938,0.15736118275013627,-44.1875
1772318621.0526235,100.88409699891707,1.526417222487614,-8.613012067770773,-0.17974528370635462,-1.490689900009152,9.72415823567687,0.0,0.0,-0.001090830782496456,-16.37531736205938,0.15736118275013627,-44.1875
1772318621.0914614,100.88409699891707,1.526417222487614,-8.613012067770773,-0.18169403089077948,-1.4960660989292933,9.71627033403215,-2.0076948506157248e-06,0.0010908289348945679,0.001090830782496456,-15.56281873823666,0.15885660448951186,-44.1875
1772318621.1919303,100.88409699891707,1.526417222487614,-8.613012067770773,-0.1835488514110668,-1.497498161006713,9.714172837254175,-0.0010928366297451835,0.001088821240043952,0.0,-16.751582083757036,0.8441698236434991,-43.75
1772318621.2153618,100.88409699891707,1.526417222487614,-8.613012067770773,-0.1835488514110668,-1.497498161006713,9.714172837254175,-0.0010928366297451835,0.001088821240043952,0.0,-16.751582083757036,0.8441698236434991,-43.75
1772318621.2498698,100.88409699891707,1.526417222487614,-8.613012067770773,-0.18478321374761517,-1.4984511823220545,9.716122088286326,-2.0076948506157248e-06,0.0010908289348945679,-0.001090830782496456,-16.751582083757036,0.8441698236434991,-43.75
1772318621.2710886,100.88409699891707,1.526417222487614,-8.613012067770773,-0.18561082483572533,-1.4957403013199544,9.717419293073663,-0.0010888212400439522,-0.0010928366297451835,-0.001090830782496456,-16.376007556708323,0.5323605475913938,-43.375
1772318621.2992573,100.88409699891707,1.526417222487614,-8.613012067770773,-0.18561082483572533,-1.4957403013199544,9.717419293073663,-0.0010888212400439522,-0.0010928366297451835,-0.001090830782496456,-16.376007556708323,0.5323605475913938,-43.375
1772318621.3429708,100.88409699891707,1.526417222487614,-8.613012067770773,-0.18615543402797305,-1.4972813463370958,9.71493745666159,-0.0021836655646397516,0.0010868135451933363,-0.001090830782496456,-16.376007556708323,0.5323605475913938,-43.375
1772318621.3767607,100.88409699891707,1.526417222487614,-8.613012067770773,-0.18652402210359859,-1.4949617885398885,9.713285822253283,0.0010908289348945679,2.0076948506157248e-06,0.0,-15.563508932885602,0.5338559693307694,-44.1875
1772318621.4029217,100.88409699891707,1.526417222487614,-8.613012067770773,-0.18652402210359859,-1.4949617885398885,9.713285822253283,0.0010908289348945679,2.0076948506157248e-06,0.0,-15.563508932885602,0.5338559693307694,-44.1875
1772318621.4413831,100.88409699891707,1.526417222487614,-8.613012067770773,-0.18676931335052882,-1.4934181487370055,9.71553178971184,-0.0010888212400439522,-0.0010928366297451835,-0.001090830782496456,-15.563508932885602,0.5338559693307694,-44.1875
1772318621.4682853,100.88409699891707,1.526417222487614,-8.613012067770773,-0.1869325519352781,-1.4923908736917733,9.717026455966408,-2.0076948506157248e-06,0.0010908289348945679,0.001090830782496456,-15.564084095093055,0.8463554400318173,-42.875
1772318621.4941409,100.88409699891707,1.526417222487614,-8.613012067770773,-0.1870411853899343,-1.4917072336245853,9.718021139662309,0.0010948443245957992,-0.00217965017493852,0.0,-15.564084095093055,0.8463554400318173,-42.875
1772318621.529153,100.88409699891707,1.526417222487614,-8.613012067770773,-0.19045242904013898,-1.4946035415800139,9.715337978843266,0.00217965017493852,0.0010948443245957992,-0.001090830782496456,-17.06350639225063,0.5310951907349991,-43.375
1772318621.5770054,100.88409699891707,1.526417222487614,-8.613012067770773,-0.19273488706699782,-1.4898407900874435,9.710207253583743,0.0010888212400439522,0.0010928366297451835,-0.001090830782496456,-17.06350639225063,0.5310951907349991,-43.375
1772318621.5985456,100.88409699891707,1.526417222487614,-8.613012067770773,-0.1909025746037634,-1.4900101814722042,9.706792813237488,-0.0010888212400439522,-0.0010928366297451835,0.0,-14.876585259550748,0.847620796888212,-43.75
1772318621.6484847,100.88409699891707,1.526417222487614,-8.613012067770773,-0.1909025746037634,-1.4900101814722042,9.706792813237488,-0.0010888212400439522,-0.0010928366297451835,0.0,-14.876585259550748,0.847620796888212,-43.75
1772318621.6664815,100.88409699891707,1.526417222487614,-8.613012067770773,-0.18968319112775225,-1.490122909546537,9.711210764743491,-0.0021816578697891357,-4.0153897012314496e-06,0.001090830782496456,-14.876585259550748,0.847620796888212,-43.75
1772318621.6893337,100.88409699891707,1.526417222487614,-8.613012067770773,-0.18887170504587275,-1.4901979288207499,9.714150862118984,2.0076948506157248e-06,-0.0010908289348945679,-0.001090830782496456,-15.251584624392006,0.8469306022392695,-44.1875
1772318621.7343156,100.88409699891707,1.526417222487614,-8.613012067770773,-0.18831935663953941,-1.4969380653927469,9.712762352372016,2.0076948506157248e-06,-0.0010908289348945679,0.001090830782496456,-15.251584624392006,0.8469306022392695,-44.1875
1772318621.7625592,100.88409699891707,1.526417222487614,-8.613012067770773,-0.18831935663953941,-1.4969380653927469,9.712762352372016,2.0076948506157248e-06,-0.0010908289348945679,0.001090830782496456,-15.251584624392006,0.8469306022392695,-44.1875
1772318621.85128,100.88409699891707,1.526417222487614,-8.613012067770773,-0.18795177494526055,-1.501423550989152,9.711838314646078,0.0010948443245957992,-0.00217965017493852,0.002181661564992912,-15.2528499812484,1.534429437781575,-42.1875
1772318621.896481,100.88409699891707,1.526417222487614,-8.613012067770773,-0.18770715343387454,-1.5044085915474026,9.717913601276283,2.0076948506157248e-06,-0.0010908289348945679,0.001090830782496456,-15.2528499812484,1.534429437781575,-42.1875
1772318621.9212253,100.88409699891707,1.526417222487614,-8.613012067770773,-0.18756283077625252,-1.4963597845692878,9.725301748370606,0.0010908289348945679,2.0076948506157248e-06,0.0,-15.56281873823666,0.15885660448951186,-42.875
1772318621.954798,100.88409699891707,1.526417222487614,-8.613012067770773,-0.1874667856597948,-1.4910033934364175,9.730218477730867,-0.0010908289348945679,-2.0076948506157248e-06,0.0,-15.56281873823666,0.15885660448951186,-42.875
1772318621.986906,100.88409699891707,1.526417222487614,-8.613012067770773,-0.1874667856597948,-1.4910033934364175,9.730218477730867,-0.0010908289348945679,-2.0076948506157248e-06,0.0,-15.56281873823666,0.15885660448951186,-42.875
1772318622.004726,100.88409699891707,1.526417222487614,-8.613012067770773,-0.18739055522395043,-1.4941289870553305,9.723455171074697,-4.0153897012314496e-06,0.0021816578697891357,0.001090830782496456,-16.00100819186707,0.5330507422403363,-43.375
1772318622.0182197,100.88409699891707,1.526417222487614,-8.613012067770773,-0.18733982472044572,-1.4962090346935484,9.718954266046103,-0.0013498215706239964,0.1407149249065486,0.002181661564992912,-16.00100819186707,0.5330507422403363,-43.375
1772318622.0325625,100.88409699891707,1.526417222487614,-8.613012067770773,-0.18733982472044572,-1.4962090346935484,9.718954266046103,-0.0013498215706239964,0.1407149249065486,0.002181661564992912,-16.00100819186707,0.5330507422403363,-43.375
1772318622.064671,100.88409699891707,1.526417222487614,-8.613012067770773,-0.18730606413706025,-1.4975932831611278,9.719304075735295,-2.0076948506157248e-06,0.0010908289348945679,0.0,-16.00100819186707,0.5330507422403363,-43.375
1772318622.0915253,100.88409699891707,1.526417222487614,-8.613012067770773,-0.18729591032968362,-1.491824272970205,9.719536870175823,-0.0010928366297451835,0.001088821240043952,-0.001090830782496456,-16.37462716741044,-0.21763818209112124,-43.375
1772318622.127843,100.88409699891707,1.526417222487614,-8.613012067770773,-0.18728299634243192,-1.4913301671737265,9.71969179227551,0.0,0.0,-0.001090830782496456,-16.37462716741044,-0.21763818209112124,-43.375
1772318622.1460447,100.88409699891707,1.526417222487614,-8.613012067770773,-0.18728299634243192,-1.4913301671737265,9.71969179227551,0.0,0.0,-0.001090830782496456,-16.37462716741044,-0.21763818209112124,-43.375
1772318622.170757,100.88409699891707,1.526417222487614,-8.613012067770773,-0.18727440222817462,-1.4910013452856934,9.723140002909577,-0.00217965017493852,-0.0010948443245957992,0.002181661564992912,-15.562128543587717,-0.21614276035174565,-44.1875
1772318622.1916635,100.88409699891707,1.526417222487614,-8.613012067770773,-0.18727440222817462,-1.4910013452856934,9.723140002909577,-0.00217965017493852,-0.0010948443245957992,0.002181661564992912,-15.562128543587717,-0.21614276035174565,-44.1875
1772318622.2332816,100.88409699891707,1.526417222487614,-8.613012067770773,-0.18726868294113894,-1.4907825179923886,9.725434748567512,-2.0076948506157248e-06,0.0010908289348945679,-0.001090830782496456,-15.562128543587717,-0.21614276035174565,-44.1875
1772318622.2633805,100.88409699891707,1.526417222487614,-8.613012067770773,-0.1872587200776373,-1.4939819969146693,9.7303069878762,0.0,0.0,0.001090830782496456,-15.563508932885602,0.5338559693307694,-43.0
1772318622.2864127,100.88409699891707,1.526417222487614,-8.613012067770773,-0.18725208990326941,-1.496111214396926,9.733549408709651,2.0076948506157248e-06,-0.0010908289348945679,-0.001090830782496456,-15.563508932885602,0.5338559693307694,-43.0
1772318622.3287716,100.88409699891707,1.526417222487614,-8.613012067770773,-0.1872476775962915,-1.4975281848464497,9.73236209184678,0.0,0.0,0.0,-16.00100819186707,0.5330507422403363,-43.75
1772318622.3508108,100.88409699891707,1.526417222487614,-8.613012067770773,-0.1872476775962915,-1.4975281848464497,9.73236209184678,0.0,0.0,0.0,-16.00100819186707,0.5330507422403363,-43.75
1772318622.376473,100.88409699891707,1.526417222487614,-8.613012067770773,-0.1872447412552864,-1.4984711628520109,9.728226834030417,0.0010908289348945679,2.0076948506157248e-06,0.0,-16.00100819186707,0.5330507422403363,-43.75
1772318622.4173381,100.88409699891707,1.526417222487614,-8.613012067770773,-0.1872427871531486,-1.4990987041809574,9.725474866147485,2.0076948506157248e-06,-0.0010908289348945679,0.001090830782496456,-16.00100819186707,0.5330507422403363,-43.75
1772318622.449607,100.88409699891707,1.526417222487614,-8.613012067770773,-0.18724148672000462,-1.4995163259252753,9.726988573970209,0.0010888212400439522,0.0010928366297451835,0.002181661564992912,-16.00158335407452,0.8455502129413843,-43.375
1772318622.488808,100.88409699891707,1.526417222487614,-8.613012067770773,-0.18724148672000462,-1.4995163259252753,9.726988573970209,0.0010888212400439522,0.0010928366297451835,0.002181661564992912,-16.00158335407452,0.8455502129413843,-43.375
1772318622.5239081,100.88409699891707,1.526417222487614,-8.613012067770773,-0.18724062129627408,-1.4997942485309783,9.727995929617007,0.0010868135451933365,0.002183665564639751,-0.001090830782496456,-16.00158335407452,0.8455502129413843,-43.375
1772318622.5386817,100.88409699891707,1.526417222487614,-8.613012067770773,-0.18724620210831688,-1.4966340968789607,9.725321201839732,0.0010928366297451835,-0.001088821240043952,0.0,-14.875319902694352,0.1601219613459066,-43.75
1772318622.557147,100.88409699891707,1.526417222487614,-8.613012067770773,-0.18724620210831688,-1.4966340968789607,9.725321201839732,0.0010928366297451835,-0.001088821240043952,0.0,-14.875319902694352,0.1601219613459066,-43.75
1772318622.585016,100.88409699891707,1.526417222487614,-8.613012067770773,-0.18724991607638958,-1.4945310512557497,9.723541200382622,2.0076948506157248e-06,-0.0010908289348945679,-0.001090830782496456,-14.875319902694352,0.1601219613459066,-43.75
1772318622.647464,100.88409699891707,1.526417222487614,-8.613012067770773,-0.18725238768065422,-1.493131497886062,9.722356629296835,-0.0010868135451933365,-0.002183665564639751,0.001090830782496456,-16.37531736205938,0.15736118275013627,-43.25
1772318622.694561,100.88409699891707,1.526417222487614,-8.613012067770773,-0.18725403250568273,-1.4922001107525702,9.728258533886407,-0.0010908289348945679,-2.0076948506157248e-06,-0.001090830782496456,-16.37531736205938,0.15736118275013627,-43.25
1772318622.7299047,100.88409699891707,1.526417222487614,-8.613012067770773,-0.18725512711836528,-1.4915802830195073,9.725495962047535,0.0010888212400439522,0.0010928366297451835,0.0,-15.999627802569183,-0.21694798744217866,-35.0
1772318622.7542386,100.88409699891707,1.526417222487614,-8.613012067770773,-0.18726201231274592,-1.4878226885455692,9.723657501348717,0.0,0.0,0.0,-15.999627802569183,-0.21694798744217866,-35.0
1772318622.7841084,100.88409699891707,1.526417222487614,-8.613012067770773,-0.18726659433269358,-1.4853220513982441,9.722434026290603,-4.0153897012314496e-06,0.0021816578697891357,0.0,-16.000317997218126,0.15805137739907885,-43.75
1772318622.8275821,100.88409699891707,1.526417222487614,-8.613012067770773,-0.18726659433269358,-1.4853220513982441,9.722434026290603,-4.0153897012314496e-06,0.0021816578697891357,0.0,-16.000317997218126,0.15805137739907885,-43.75
1772318622.8768377,100.88409699891707,1.526417222487614,-8.613012067770773,-0.1872634868739162,-1.4870030113521606,9.724964929013861,0.0,0.0,0.001090830782496456,-16.000317997218126,0.15805137739907885,-43.75
1772318622.9337409,100.88409699891707,1.526417222487614,-8.613012067770773,-0.18725526215294444,-1.4914667774654533,9.726649216504153,0.0,0.0,-0.001090830782496456,-16.37462716741044,-0.21763818209112124,-43.375
1772318622.9767315,100.88409699891707,1.526417222487614,-8.613012067770773,-0.18725594543488192,-1.4910922579088008,9.727770091014218,4.0153897012314496e-06,-0.0021816578697891357,0.002181661564992912,-16.37462716741044,-0.21763818209112124,-43.375
1772318622.996138,100.88409699891707,1.526417222487614,-8.613012067770773,-0.18725594543488192,-1.4910922579088008,9.727770091014218,4.0153897012314496e-06,-0.0021816578697891357,0.002181661564992912,-16.37462716741044,-0.21763818209112124,-43.375
1772318623.0540674,100.88409699891707,1.526417222487614,-8.613012067770773,-0.18725024340951052,-1.4941881253690201,9.725170908772359,-0.0010928366297451835,0.001088821240043952,-0.001090830782496456,-16.751006921549582,0.5316703529424512,-42.875
1772318623.0771947,100.88409699891707,1.526417222487614,-8.613012067770773,-0.18724644877532165,-1.4962483905806905,9.72344118202517,0.0021816578697891357,4.0153897012314496e-06,0.001090830782496456,-16.751006921549582,0.5316703529424512,-42.875
1772318623.1202595,100.88409699891707,1.526417222487614,-8.613012067770773,-0.18724644877532165,-1.4962483905806905,9.72344118202517,0.0021816578697891357,4.0153897012314496e-06,0.001090830782496456,-16.751006921549582,0.5316703529424512,-42.875
1772318623.1850598,100.88409699891707,1.526417222487614,-8.613012067770773,-0.1872439234886578,-1.497619474064387,9.725635179904549,0.0010888212400439522,0.0010928366297451835,-0.002181661564992912,-16.376582718915778,0.8448600182924417,-42.875
1772318623.2562966,100.88409699891707,1.526417222487614,-8.613012067770773,-0.18724224293859232,-1.4985319148067808,9.727095260984713,-0.0021836655646397516,0.0010868135451933363,0.0,-16.376582718915778,0.8448600182924417,-42.875
1772318623.286968,100.88409699891707,1.526417222487614,-8.613012067770773,-0.18724224293859232,-1.4985319148067808,9.727095260984713,-0.0021836655646397516,0.0010868135451933363,0.0,-16.376582718915778,0.8448600182924417,-42.875
1772318623.3158114,100.88409699891707,1.526417222487614,-8.613012067770773,-0.1872411245512967,-1.499139133928213,9.728066928633387,-0.0010928366297451835,0.001088821240043952,0.0,-15.56281873823666,0.15885660448951186,-44.875
1772318623.3591151,100.88409699891707,1.526417222487614,-8.613012067770773,-0.1905854863185589,-1.499549388212312,9.722023339184704,2.0076948506157248e-06,-0.0010908289348945679,0.001090830782496456,-15.56281873823666,0.15885660448951186,-44.875
1772318623.4071152,100.88409699891707,1.526417222487614,-8.613012067770773,-0.18947217241605688,-1.496471145072157,9.72469162133256,-2.0076948506157248e-06,0.0010908289348945679,0.0,-15.25031926753561,0.15943176669696402,-43.375
1772318623.434432,100.88409699891707,1.526417222487614,-8.613012067770773,-0.18873127445047294,-1.494422608648613,9.726467333295295,-0.0010908289348945679,-2.0076948506157248e-06,0.002181661564992912,-15.25031926753561,0.15943176669696402,-43.375
1772318623.4508152,100.88409699891707,1.526417222487614,-8.613012067770773,-0.18873127445047294,-1.494422608648613,9.726467333295295,-0.0010908289348945679,-2.0076948506157248e-06,0.002181661564992912,-15.25031926753561,0.15943176669696402,-43.375
1772318623.4747171,100.88409699891707,1.526417222487614,-8.613012067770773,-0.1882320583888814,-1.4964044365839098,9.727649049770491,-2.0076948506157248e-06,0.0010908289348945679,0.0,-15.56281873823666,0.15885660448951186,-43.75
1772318623.4877927,100.88409699891707,1.526417222487614,-8.613012067770773,-0.1882320583888814,-1.4964044365839098,9.727649049770491,-2.0076948506157248e-06,0.0010908289348945679,0.0,-15.56281873823666,0.15885660448951186,-43.75
1772318623.510562,100.88409699891707,1.526417222487614,-8.613012067770773,-0.19459004775952943,-1.4977356344201171,9.725090357176777,0.0010908289348945679,2.0076948506157248e-06,-0.003272492347489368,-15.56281873823666,0.15885660448951186,-43.75
1772318623.5477412,100.88409699891707,1.526417222487614,-8.613012067770773,-0.19882121866230074,-1.498621531709659,9.72338757583813,-2.0076948506157248e-06,0.0010908289348945679,-0.001090830782496456,-15.56281873823666,0.15885660448951186,-43.75
1772318623.6006935,100.88409699891707,1.526417222487614,-8.613012067770773,-0.19829806633317293,-1.4958598236763458,9.722254393878574,2.0076948506157248e-06,-0.0010908289348945679,0.0,-16.37462716741044,-0.21763818209112124,-43.375
1772318623.6661608,100.88409699891707,1.526417222487614,-8.613012067770773,-0.19460480826061863,-1.494015781088608,9.7281904973576,0.0,0.0,0.0,-16.37462716741044,-0.21763818209112124,-43.375
1772318623.7060783,100.88409699891707,1.526417222487614,-8.613012067770773,-0.19460480826061863,-1.494015781088608,9.7281904973576,0.0,0.0,0.0,-16.37462716741044,-0.21763818209112124,-43.375
1772318623.7325058,100.88409699891707,1.526417222487614,-8.613012067770773,-0.1921408295278616,-1.496133697387288,9.732140907912271,0.0,0.0,0.0,-16.00100819186707,0.5330507422403363,-44.0625
1772318623.7704275,100.88409699891707,1.526417222487614,-8.613012067770773,-0.18715597316414354,-1.4975369902835163,9.734769862007427,-0.0010928366297451835,0.001088821240043952,0.0,-16.00100819186707,0.5330507422403363,-44.0625
1772318623.7920887,100.88409699891707,1.526417222487614,-8.613012067770773,-0.18715597316414354,-1.4975369902835163,9.734769862007427,-0.0010928366297451835,0.001088821240043952,0.0,-16.00100819186707,0.5330507422403363,-44.0625
1772318623.8429468,100.88409699891707,1.526417222487614,-8.613012067770773,-0.18715597316414354,-1.4975369902835163,9.734769862007427,-0.0010928366297451835,0.001088821240043952,0.0,-16.00100819186707,0.5330507422403363,-44.0625
1772318623.8891742,100.88409699891707,1.526417222487614,-8.613012067770773,-0.1871837129800976,-1.4984770227720157,9.729829178175773,-0.0010928366297451835,0.001088821240043952,0.001090830782496456,-15.251009462184554,0.5344311315382215,-42.5625
1772318623.945025,100.88409699891707,1.526417222487614,-8.613012067770773,-0.18720833025960895,-1.4957574978507469,9.726541208276863,0.0,0.0,-0.001090830782496456,-15.251009462184554,0.5344311315382215,-42.5625
1772318623.9789243,100.88409699891707,1.526417222487614,-8.613012067770773,-0.18720833025960895,-1.4957574978507469,9.726541208276863,0.0,0.0,-0.001090830782496456,-15.251009462184554,0.5344311315382215,-42.5625
1772318624.04806,100.88409699891707,1.526417222487614,-8.613012067770773,-0.18722471278413072,-1.4939476843947264,9.721007989330849,-2.0076948506157248e-06,0.0010908289348945679,-0.001090830782496456,-14.876010097343295,0.5351213261871641,-42.0625
1772318624.085589,100.88409699891707,1.526417222487614,-8.613012067770773,-0.1872417719130632,-1.4893981677151713,9.717325693932382,0.0,0.0,0.0,-15.563508932885602,0.5338559693307694,-42.875
1772318624.1411612,100.88409699891707,1.526417222487614,-8.613012067770773,-0.18725312457280482,-1.4863705151863589,9.721565390893277,-2.0076948506157248e-06,0.0010908289348945679,-0.001090830782496456,-15.563508932885602,0.5338559693307694,-42.875
1772318624.171717,100.88409699891707,1.526417222487614,-8.613012067770773,-0.18725312457280482,-1.4863705151863589,9.721565390893277,-2.0076948506157248e-06,0.0010908289348945679,-0.001090830782496456,-15.563508932885602,0.5338559693307694,-42.875
1772318624.1899755,100.88409699891707,1.526417222487614,-8.613012067770773,-0.18725312457280482,-1.4863705151863589,9.721565390893277,-2.0076948506157248e-06,0.0010908289348945679,-0.001090830782496456,-15.563508932885602,0.5338559693307694,-42.875
1772318624.2170224,100.88409699891707,1.526417222487614,-8.613012067770773,-0.18726067964104534,-1.4843556462495289,9.724386861860234,0.0010928366297451835,-0.001088821240043952,0.001090830782496456,-16.00158335407452,0.8455502129413843,-42.0625
1772318624.2769377,100.88409699891707,1.526417222487614,-8.613012067770773,-0.18725955071269576,-1.4863598795211435,9.726264519270847,-0.0010868135451933365,-0.002183665564639751,0.0,-16.00158335407452,0.8455502129413843,-42.0625
1772318624.3033438,100.88409699891707,1.526417222487614,-8.613012067770773,-0.18725955071269576,-1.4863598795211435,9.726264519270847,-0.0010868135451933365,-0.002183665564639751,0.0,-16.00158335407452,0.8455502129413843,-42.0625
1772318624.3692057,100.88409699891707,1.526417222487614,-8.613012067770773,-0.18725264268162203,-1.4910387804161644,9.727514079302804,0.0010928366297451835,-0.001088821240043952,0.001090830782496456,-14.876010097343295,0.5351213261871641,-43.375
1772318624.3984773,100.88409699891707,1.526417222487614,-8.613012067770773,-0.19059315150562442,-1.4941586934369215,9.72834564754557,-0.0010948443245957992,0.00217965017493852,-0.002181661564992912,-14.876010097343295,0.5351213261871641,-43.375
1772318624.4879735,100.88409699891707,1.526417222487614,-8.613012067770773,-0.19281622281206942,-1.4962349607005232,9.725553935214586,-2.0076948506157248e-06,0.0010908289348945679,-0.001090830782496456,-15.25031926753561,0.15943176669696402,-43.75
1772318624.5193534,100.88409699891707,1.526417222487614,-8.613012067770773,-0.18761775333388253,-1.4909141678042606,9.723696081843785,0.0010868135451933365,0.002183665564639751,0.001090830782496456,-15.25031926753561,0.15943176669696402,-43.75
1772318624.5718186,100.88409699891707,1.526417222487614,-8.613012067770773,-0.1841520732249902,-1.4907183456104633,9.7224597011791,-4.0153897012314496e-06,0.0021816578697891357,0.0,-14.498364986347758,-0.9016860443887138,-42.875
1772318624.61389,100.88409699891707,1.526417222487614,-8.613012067770773,-0.1841520732249902,-1.4907183456104633,9.7224597011791,-4.0153897012314496e-06,0.0021816578697891357,0.0,-14.498364986347758,-0.9016860443887138,-42.875
1772318624.6471589,100.88409699891707,1.526417222487614,-8.613012067770773,-0.18184570182670584,-1.4905880281279684,9.721636903658029,-2.0076948506157248e-06,0.0010908289348945679,-0.002181661564992912,-14.498364986347758,-0.9016860443887138,-42.875
1772318624.6911163,100.88409699891707,1.526417222487614,-8.613012067770773,-0.18365594346651842,-1.4905074600409778,9.721089341099006,-0.0010908289348945679,-2.0076948506157248e-06,0.001090830782496456,-14.876010097343295,0.5351213261871641,-42.875
1772318624.7633882,100.88409699891707,1.526417222487614,-8.613012067770773,-0.18565209652881184,-1.4959893980016559,9.720482442355221,-2.0076948506157248e-06,0.0010908289348945679,0.002181661564992912,-16.376582718915778,0.8448600182924417,-44.5
1772318624.8053708,100.88409699891707,1.526417222487614,-8.613012067770773,-0.18618289987868705,-1.497447117396176,9.720321059998167,0.0010928366297451835,-0.001088821240043952,0.001090830782496456,-16.376582718915778,0.8448600182924417,-44.5
1772318624.8759463,100.88409699891707,1.526417222487614,-8.613012067770773,-0.1865361435785671,-1.4984172133694367,9.723558773549625,2.0076948506157248e-06,-0.0010908289348945679,0.001090830782496456,-15.563508932885602,0.5338559693307694,-42.875
1772318624.941374,100.88409699891707,1.526417222487614,-8.613012067770773,-0.18677122331484658,-1.4990628014029592,9.725713435750489,0.0021836655646397516,-0.0010868135451933363,-0.001090830782496456,-15.563508932885602,0.5338559693307694,-42.875
1772318624.9719348,100.88409699891707,1.526417222487614,-8.613012067770773,-0.18692766625332785,-1.4994924330275778,9.72714733937601,-4.0153897012314496e-06,0.0021816578697891357,-0.002181661564992912,-15.563508932885602,0.5338559693307694,-43.0
1772318624.9979243,100.88409699891707,1.526417222487614,-8.613012067770773,-0.18703793402317304,-1.4964332420329476,9.728101586221042,-2.0076948506157248e-06,0.0010908289348945679,0.0,-15.563508932885602,0.5338559693307694,-43.0
1772318625.0639791,100.88409699891707,1.526417222487614,-8.613012067770773,-0.18711131599223332,-1.4943973845994238,9.728736626836776,0.0010908289348945679,2.0076948506157248e-06,-0.001090830782496456,-16.751006921549582,0.5316703529424512,-43.75
1772318625.0930996,100.88409699891707,1.526417222487614,-8.613012067770773,-0.18716015087291263,-1.4930425442194313,9.732504350979998,-0.0010948443245957992,0.00217965017493852,-0.001090830782496456,-16.751006921549582,0.5316703529424512,-43.75
1772318625.1323092,100.88409699891707,1.526417222487614,-8.613012067770773,-0.18719264994048335,-1.4921409130811047,9.735011729309074,-0.0010908289348945679,-2.0076948506157248e-06,0.0,-15.248938878237725,-0.590566962985551,-44.5625
1772318625.164179,100.88409699891707,1.526417222487614,-8.613012067770773,-0.18719264994048335,-1.4921409130811047,9.735011729309074,-0.0010908289348945679,-2.0076948506157248e-06,0.0,-15.248938878237725,-0.590566962985551,-44.5625
1772318625.1968992,100.88409699891707,1.526417222487614,-8.613012067770773,-0.18386301492353108,-1.4948798369300746,9.736680361577823,4.0153897012314496e-06,-0.0021816578697891357,0.0,-15.248938878237725,-0.590566962985551,-44.5625
1772318625.2411504,100.88409699891707,1.526417222487614,-8.613012067770773,-0.18164718001420957,-1.49670256015578,9.731100594298194,-0.0010888212400439522,-0.0010928366297451835,0.0,-15.563508932885602,0.5338559693307694,-44.0625
1772318625.307111,100.88409699891707,1.526417222487614,-8.613012067770773,-0.1801725666345539,-1.4979155621013343,9.724042209796366,-0.002185673259490367,0.002177642480087904,0.0,-15.563508932885602,0.5338559693307694,-44.0625
1772318625.338061,100.88409699891707,1.526417222487614,-8.613012067770773,-0.182542490686286,-1.495383852046335,9.71934493375772,0.0010868135451933365,0.002183665564639751,0.0,-16.00158335407452,0.8455502129413843,-42.875
1772318625.374498,100.88409699891707,1.526417222487614,-8.613012067770773,-0.1841258054107955,-1.4903539212442731,9.712873837318693,0.0,0.0,0.0,-16.00158335407452,0.8455502129413843,-42.875
1772318625.3959453,100.88409699891707,1.526417222487614,-8.613012067770773,-0.1841258054107955,-1.4903539212442731,9.712873837318693,0.0,0.0,0.0,-16.00158335407452,0.8455502129413843,-42.875
1772318625.4265244,100.88409699891707,1.526417222487614,-8.613012067770773,-0.1851794836731722,-1.4870065584835095,9.708567394925405,-0.0010888212400439522,-0.0010928366297451835,0.0,-15.251009462184554,0.5344311315382215,-44.0625
1772318625.445466,100.88409699891707,1.526417222487614,-8.613012067770773,-0.1851794836731722,-1.4870065584835095,9.708567394925405,-0.0010888212400439522,-0.0010928366297451835,0.0,-15.251009462184554,0.5344311315382215,-44.0625
1772318625.4632914,100.88409699891707,1.526417222487614,-8.613012067770773,-0.18588069478642644,-1.4847789259587136,9.712391729033424,0.0010908289348945679,2.0076948506157248e-06,0.001090830782496456,-15.251009462184554,0.5344311315382215,-44.0625
1772318625.5113566,100.88409699891707,1.526417222487614,-8.613012067770773,-0.18634734294925578,-1.4832964613977475,9.714936780661699,0.0,0.0,0.0,-16.00100819186707,0.5330507422403363,-44.0625
1772318625.5562599,100.88409699891707,1.526417222487614,-8.613012067770773,-0.18665173534694915,-1.4856550038341532,9.716630484090226,-0.0010888212400439522,-0.0010928366297451835,0.0,-16.00100819186707,0.5330507422403363,-44.0625
1772318625.5850883,100.88409699891707,1.526417222487614,-8.613012067770773,-0.18685430508732823,-1.4872245874789358,9.721102736509325,0.0010888212400439522,0.0010928366297451835,-0.001090830782496456,-14.873939513396467,-0.5898767683366085,-43.75
1772318625.6224284,100.88409699891707,1.526417222487614,-8.613012067770773,-0.18364400694518399,-1.4882629711192723,9.720733858828583,4.0153897012314496e-06,-0.0021816578697891357,0.0,-14.873939513396467,-0.5898767683366085,-43.75
1772318625.660522,100.88409699891707,1.526417222487614,-8.613012067770773,-0.18150758939296702,-1.4889540038324112,9.720488374852682,4.0153897012314496e-06,-0.0021816578697891357,0.001090830782496456,-15.25031926753561,0.15943176669696402,-43.375
1772318625.7113287,100.88409699891707,1.526417222487614,-8.613012067770773,-0.1800858273773144,-1.4894138783836637,9.720325008008956,0.0,0.0,0.0,-15.25031926753561,0.15943176669696402,-43.375
1772318625.7598362,100.88409699891707,1.526417222487614,-8.613012067770773,-0.1800858273773144,-1.4894138783836637,9.720325008008956,0.0,0.0,0.0,-15.25031926753561,0.15943176669696402,-43.375
1772318625.7866328,100.88409699891707,1.526417222487614,-8.613012067770773,-0.18248476667953414,-1.489726076502255,9.720216289199383,-0.0010868135451933365,-0.002183665564639751,0.001090830782496456,-16.37462716741044,-0.21763818209112124,-43.75
1772318625.8235466,100.88409699891707,1.526417222487614,-8.613012067770773,-0.18248476667953414,-1.489726076502255,9.720216289199383,-0.0010868135451933365,-0.002183665564639751,0.001090830782496456,-16.37462716741044,-0.21763818209112124,-43.75
1772318625.870905,100.88409699891707,1.526417222487614,-8.613012067770773,-0.1874263400287677,-1.489939997604564,9.720143938046082,0.0010888212400439522,0.0010928366297451835,0.0,-16.37462716741044,-0.21763818209112124,-43.75
1772318625.8990333,100.88409699891707,1.526417222487614,-8.613012067770773,-0.1907149018916914,-1.4900823597084953,9.720095789161775,-0.0010888212400439522,-0.0010928366297451835,0.001090830782496456,-15.56281873823666,0.15885660448951186,-44.1875
1772318625.9303129,100.88409699891707,1.526417222487614,-8.613012067770773,-0.1929095598176921,-1.4868319940568586,9.720063746617127,-4.0153897012314496e-06,0.0021816578697891357,-0.002181661564992912,-15.56281873823666,0.15885660448951186,-44.1875
1772318625.9922876,100.88409699891707,1.526417222487614,-8.613012067770773,-0.19101881736812795,-1.488007861324304,9.720042422661601,-0.0010928366297451835,0.001088821240043952,0.0,-16.000317997218126,0.15805137739907885,-42.875
1772318626.0912771,100.88409699891707,1.526417222487614,-8.613012067770773,-0.1864154433474059,-1.4887842311136228,9.720028231807403,-0.0010908289348945679,-2.0076948506157248e-06,0.001090830782496456,-16.000317997218126,0.15805137739907885,-42.875
1772318626.1390207,100.88409699891707,1.526417222487614,-8.613012067770773,-0.1864154433474059,-1.4887842311136228,9.720028231807403,-0.0010908289348945679,-2.0076948506157248e-06,0.001090830782496456,-16.000317997218126,0.15805137739907885,-42.875
1772318626.22687,100.88409699891707,1.526417222487614,-8.613012067770773,-0.18335194935967256,-1.4893008965357957,9.720018787952457,2.0076948506157248e-06,-0.0010908289348945679,-0.002181661564992912,-15.998362445712788,-0.9044468229844841,-44.5625
1772318626.2732608,100.88409699891707,1.526417222487614,-8.613012067770773,-0.18335194935967256,-1.4893008965357957,9.720018787952457,2.0076948506157248e-06,-0.0010908289348945679,-0.002181661564992912,-15.998362445712788,-0.9044468229844841,-44.5625
1772318626.3606725,100.88409699891707,1.526417222487614,-8.613012067770773,-0.18799728367346652,-1.493002151127971,9.720012503172486,-0.0010928366297451835,0.001088821240043952,0.0,-16.376582718915778,0.8448600182924417,-44.5
1772318626.3961904,100.88409699891707,1.526417222487614,-8.613012067770773,-0.19108870176751203,-1.4954652947133407,9.723353432428938,-6.023084551847175e-06,0.0032724868046837036,-0.001090830782496456,-16.376582718915778,0.8448600182924417,-44.5
1772318626.4722254,100.88409699891707,1.526417222487614,-8.613012067770773,-0.19314600597569648,-1.4971044892542875,9.722231671821165,-0.0010928366297451835,0.001088821240043952,-0.001090830782496456,-16.751006921549582,0.5316703529424512,-44.0625
1772318626.5158963,100.88409699891707,1.526417222487614,-8.613012067770773,-0.187824906861621,-1.498183041426549,9.724830264374898,-6.023084551847175e-06,0.0032724868046837036,0.0,-16.751006921549582,0.5316703529424512,-44.0625
1772318626.5525904,100.88409699891707,1.526417222487614,-8.613012067770773,-0.1876288808832898,-1.4989069625908396,9.723214486983906,-0.0010888212400439522,-0.0010928366297451835,0.0,-15.56281873823666,0.15885660448951186,-43.75
1772318626.5951269,100.88409699891707,1.526417222487614,-8.613012067770773,-0.18749842778446404,-1.4993887240389459,9.722139205179618,-0.0010928366297451835,0.001088821240043952,0.0,-15.56281873823666,0.15885660448951186,-43.75
1772318626.620443,100.88409699891707,1.526417222487614,-8.613012067770773,-0.18749842778446404,-1.4993887240389459,9.722139205179618,-0.0010928366297451835,0.001088821240043952,0.0,-15.56281873823666,0.15885660448951186,-43.75
1772318626.6428692,100.88409699891707,1.526417222487614,-8.613012067770773,-0.1874116127044521,-1.4997093309010325,9.721423617150547,-0.0010948443245957992,0.00217965017493852,-0.001090830782496456,-14.875319902694352,0.1601219613459066,-44.0625
1772318626.6627195,100.88409699891707,1.526417222487614,-8.613012067770773,-0.18735383823849217,-1.499922691186338,9.720947401310843,-4.0153897012314496e-06,0.0021816578697891357,-0.002181661564992912,-14.875319902694352,0.1601219613459066,-44.0625
1772318626.6880634,100.88409699891707,1.526417222487614,-8.613012067770773,-0.18397644067713267,-1.4967134172894359,9.7206304849892,-2.0076948506157248e-06,0.0010908289348945679,0.0,-14.875319902694352,0.1601219613459066,-44.0625
1772318626.7106862,100.88409699891707,1.526417222487614,-8.613012067770773,-0.18397644067713267,-1.4967134172894359,9.7206304849892,-2.0076948506157248e-06,0.0010908289348945679,0.0,-14.875319902694352,0.1601219613459066,-44.0625
1772318626.7377963,100.88409699891707,1.526417222487614,-8.613012067770773,-0.18507392636956496,-1.494583838102854,9.720419580717335,-0.0010888212400439522,-0.0010928366297451835,0.001090830782496456,-15.565349451949448,1.5338542755741227,-42.875
1772318626.7680097,100.88409699891707,1.526417222487614,-8.613012067770773,-0.18245302805477795,-1.4965055762427881,9.720279226280363,-2.0076948506157248e-06,0.0010908289348945679,0.0,-15.565349451949448,1.5338542755741227,-42.875
1772318626.807945,100.88409699891707,1.526417222487614,-8.613012067770773,-0.1807088495036397,-1.4977844715076927,9.72018582197042,0.0010908289348945679,2.0076948506157248e-06,0.0,-16.376582718915778,0.8448600182924417,-43.25
1772318626.8388772,100.88409699891707,1.526417222487614,-8.613012067770773,-0.17955427490347625,-1.4952904559787765,9.723468774152867,-0.0010888212400439522,-0.0010928366297451835,0.001090830782496456,-16.376582718915778,0.8448600182924417,-43.25
1772318626.867666,100.88409699891707,1.526417222487614,-8.613012067770773,-0.17955427490347625,-1.4952904559787765,9.723468774152867,-0.0010888212400439522,-0.0010928366297451835,0.001090830782496456,-16.376582718915778,0.8448600182924417,-43.25
1772318626.902427,100.88409699891707,1.526417222487614,-8.613012067770773,-0.18213718118789307,-1.4902917672046154,9.732343765571946,0.0,0.0,0.0,-16.75227227840598,1.2191691884847566,-43.75
1772318626.957686,100.88409699891707,1.526417222487614,-8.613012067770773,-0.1838499197253507,-1.4903103017059376,9.738249973221192,-6.023084551847175e-06,0.0032724868046837036,-0.001090830782496456,-16.75227227840598,1.2191691884847566,-43.75
1772318627.0411386,100.88409699891707,1.526417222487614,-8.613012067770773,-0.18574825782332385,-1.4903308446838748,9.739224956222035,-0.0010908289348945679,-2.0076948506157248e-06,0.001090830782496456,-16.00100819186707,0.5330507422403363,-44.0625
1772318627.099786,100.88409699891707,1.526417222487614,-8.613012067770773,-0.18574825782332385,-1.4903308446838748,9.739224956222035,-0.0010908289348945679,-2.0076948506157248e-06,0.001090830782496456,-16.00100819186707,0.5330507422403363,-44.0625
1772318627.1494489,100.88409699891707,1.526417222487614,-8.613012067770773,-0.1862530508878608,-1.4903363073318607,9.726103770194293,-0.0010888212400439522,-0.0010928366297451835,0.0,-16.00100819186707,0.5330507422403363,-44.1875
1772318627.1875148,100.88409699891707,1.526417222487614,-8.613012067770773,-0.1865828282915341,-1.4936850487045878,9.72740710258804,0.0010908289348945679,2.0076948506157248e-06,0.001090830782496456,-16.00100819186707,0.5330507422403363,-44.1875
