timestamp,motor_speed_mps,steering_angle_rad,steering_angle_deg
1772906236.658897,0.0,0.0,0.0
1772906236.8225772,0.0,0.0,0.0
1772906236.8760173,0.0,0.0,0.0
1772906236.8988101,0.0,0.0,0.0
1772906236.963147,0.0,0.0,0.0
1772906236.9946759,0.0,0.0,0.0
1772906237.0818238,0.0,0.0,0.0
1772906237.162845,0.0,0.0,0.0
1772906237.328066,0.0,0.0,0.0
1772906237.404076,0.0,0.0,0.0
1772906237.4884624,0.0,0.0,0.0
1772906237.5896668,0.0,0.0,0.0
1772906237.6512635,0.0,0.0,0.0
1772906237.7262516,0.0,0.0,0.0
1772906237.7948105,0.13000000995337727,0.523598785386488,30.000000560821924
1772906237.9001465,0.13000000995337727,0.523598785386488,30.000000560821924
1772906237.9396875,0.13000000995337727,0.523598785386488,30.000000560821924
1772906237.96501,0.13000000995290947,0.5235987854481158,30.000000564352938
1772906238.002894,0.13000000995290947,0.5235987854481158,30.000000564352938
1772906238.0398293,0.13000000995290947,0.5235987854481158,30.000000564352938
1772906238.066174,0.13000000995290947,0.5235987854481158,30.000000564352938
1772906238.1212277,0.13000000995290947,0.5235987854481158,30.000000564352938
1772906238.186229,0.13000000995187547,0.5235987854450653,30.000000564178162
1772906238.2320848,0.13000000995187547,0.5235987854450653,30.000000564178162
1772906238.2669673,0.13000000995187547,0.5235987854450653,30.000000564178162
1772906238.2941284,0.13000000995187547,0.5235987854450653,30.000000564178162
1772906238.3359256,0.13000000995187547,0.5235987854450653,30.000000564178162
1772906238.3629038,0.1300000099516696,0.5235987854459713,30.000000564230067
1772906238.4319887,0.1300000099516696,0.5235987854459713,30.000000564230067
1772906238.4463134,0.1300000099516696,0.5235987854459713,30.000000564230067
1772906238.4827769,0.13000000994382876,0.523598785416685,30.00000056255209
1772906238.5467913,0.13000000994382876,0.523598785416685,30.00000056255209
1772906238.6125658,0.13000000994382876,0.523598785416685,30.00000056255209
1772906238.7511122,0.13000000994020297,0.5235987854065891,30.000000561973636
1772906238.8047123,0.13000000994020297,0.5235987854065891,30.000000561973636
1772906238.8804836,0.13000000994020297,0.5235987854065891,30.000000561973636
1772906238.96885,0.13000000993534197,0.523598785393068,30.000000561198938
1772906239.010709,0.13000000993534197,0.523598785393068,30.000000561198938
1772906239.0470443,0.13000000993534197,0.523598785393068,30.000000561198938
1772906239.0624313,0.13000000993534197,0.523598785393068,30.000000561198938
1772906239.0836792,0.13000000993534197,0.523598785393068,30.000000561198938
1772906239.1538754,0.13000000997117342,0.5235987855023081,30.000000567457928
1772906239.1818478,0.13000000997117342,0.5235987855023081,30.000000567457928
1772906239.241213,0.13000000997117342,0.5235987855023081,30.000000567457928
1772906239.2705758,0.13000000996720706,0.5235987854931031,30.000000566930527
1772906239.2956197,0.13000000996720706,0.5235987854931031,30.000000566930527
1772906239.3425412,0.13000000996720706,0.5235987854931031,30.000000566930527
1772906239.3655176,0.13000000996720706,0.5235987854931031,30.000000566930527
1772906239.3825548,0.13000000996720706,0.5235987854931031,30.000000566930527
1772906239.3978422,0.13000000996720706,0.5235987854931031,30.000000566930527
1772906239.4140851,0.13000000996720706,0.5235987854931031,30.000000566930527
1772906239.4358435,0.13000000996720706,0.5235987854931031,30.000000566930527
1772906239.4663572,0.13000000988561022,0.5235987851950789,30.00000054985499
1772906239.4882631,0.13000000988561022,0.5235987851950789,30.00000054985499
1772906239.5152192,0.13000000988561022,0.5235987851950789,30.00000054985499
1772906239.5346487,0.13000000988561022,0.5235987851950789,30.00000054985499
1772906239.5512834,0.13000000988561022,0.5235987851950789,30.00000054985499
1772906239.5644934,0.13000000988561022,0.5235987851950789,30.00000054985499
1772906239.5932207,0.13000000988561022,0.5235987851950789,30.00000054985499
1772906239.618345,0.13000000988561022,0.5235987851950789,30.00000054985499
1772906239.6950157,0.13000000988561022,0.5235987851950789,30.00000054985499
1772906239.729052,0.13000000988561022,0.5235987851950789,30.00000054985499
1772906239.8096085,0.13000000988561022,0.5235987851950789,30.00000054985499
1772906239.8804336,0.13000000986484575,0.5235987850775071,30.000000543118627
1772906239.9160485,0.13000000986484575,0.5235987850775071,30.000000543118627
1772906240.0031545,0.13000000986484575,0.5235987850775071,30.000000543118627
1772906240.0887947,0.13000000986484575,0.5235987850775071,30.000000543118627
1772906240.1259627,0.13000000994365818,0.5235987853440582,30.00000055839088
1772906240.1677146,0.13000000994365818,0.5235987853440582,30.00000055839088
1772906240.198266,0.13000000994365818,0.5235987853440582,30.00000055839088
1772906240.243642,0.13000000994365818,0.5235987853440582,30.00000055839088
1772906240.2720535,0.13000000994365818,0.5235987853440582,30.00000055839088
1772906240.3000476,0.13000000994365818,0.5235987853440582,30.00000055839088
1772906240.334618,0.13000000994365818,0.5235987853440582,30.00000055839088
1772906240.3516028,0.13000000994365818,0.5235987853440582,30.00000055839088
1772906240.390013,0.13000000990751426,0.4702763471498495,26.94484989651554
1772906240.4215267,0.13000000990751426,0.4702763471498495,26.94484989651554
1772906240.4565225,0.13000000990751426,0.4702763471498495,26.94484989651554
1772906240.4752698,0.13000000990751426,0.4702763471498495,26.94484989651554
1772906240.4901292,0.13000000990751426,0.4702763471498495,26.94484989651554
1772906240.5745978,0.13000000990751426,0.4702763471498495,26.94484989651554
1772906240.6696472,0.13000000990751426,0.4702763471498495,26.94484989651554
1772906240.7596388,0.13000000990751426,0.4702763471498495,26.94484989651554
1772906240.8001351,0.13000000990751426,0.4702763471498495,26.94484989651554
1772906240.8624585,0.13000000960705654,0.3763350125580648,21.562407902579945
1772906240.9378793,0.13000000960705654,0.3763350125580648,21.562407902579945
1772906240.957864,0.13000000960705654,0.3763350125580648,21.562407902579945
1772906241.030266,0.13000000960705654,0.3763350125580648,21.562407902579945
1772906241.0795176,0.1300000098092233,0.28419652641545273,16.283261515883655
1772906241.1229675,0.1300000098092233,0.28419652641545273,16.283261515883655
1772906241.214831,0.1300000098092233,0.28419652641545273,16.283261515883655
1772906241.2584844,0.1300000098092233,0.28419652641545273,16.283261515883655
1772906241.3015347,0.1300000098092233,0.28419652641545273,16.283261515883655
1772906241.338988,0.1300000098092233,0.28419652641545273,16.283261515883655
1772906241.3567364,0.13000000812767504,0.1709234052574977,9.793189741258804
1772906241.4082506,0.13000000812767504,0.1709234052574977,9.793189741258804
1772906241.5014336,0.13000000812767504,0.1709234052574977,9.793189741258804
1772906241.5602329,0.13000000812767504,0.1709234052574977,9.793189741258804
1772906241.6283278,0.13000000812767504,0.1709234052574977,9.793189741258804
1772906241.6779764,0.13000000812767504,0.1709234052574977,9.793189741258804
1772906241.7277641,0.1300000012132357,-0.08466649122498782,-4.851032613373221
1772906241.8011944,0.1300000012132357,-0.08466649122498782,-4.851032613373221
1772906241.8169134,0.1300000012132357,-0.08466649122498782,-4.851032613373221
1772906241.8793645,0.1300000012132357,-0.08466649122498782,-4.851032613373221
1772906241.9126992,0.1300000012132357,-0.08466649122498782,-4.851032613373221
1772906241.962858,0.1300000099095671,-0.45554943852971996,-26.101060187307283
1772906241.9800346,0.1300000099095671,-0.45554943852971996,-26.101060187307283
1772906242.0364645,0.1300000099095671,-0.45554943852971996,-26.101060187307283
1772906242.0746562,0.1300000099095671,-0.45554943852971996,-26.101060187307283
1772906242.110896,0.1300000099095671,-0.45554943852971996,-26.101060187307283
1772906242.1847177,0.1300000099095671,-0.45554943852971996,-26.101060187307283
1772906242.2204666,0.13000000997936995,-0.5235987855311919,-30.00000056911285
1772906242.2656648,0.13000000997936995,-0.5235987855311919,-30.00000056911285
1772906242.2923698,0.13000000997936995,-0.5235987855311919,-30.00000056911285
1772906242.3118062,0.13000000997936995,-0.5235987855311919,-30.00000056911285
1772906242.3762832,0.13000000997936995,-0.5235987855311919,-30.00000056911285
1772906242.396818,0.13000000997936995,-0.5235987855311919,-30.00000056911285
1772906242.4144547,0.13000000997936995,-0.5235987855311919,-30.00000056911285
1772906242.446905,0.13000000997936995,-0.5235987855311919,-30.00000056911285
1772906242.4966097,0.13000000997525382,-0.5235987855242566,-30.00000056871549
1772906242.5222702,0.13000000997525382,-0.5235987855242566,-30.00000056871549
1772906242.5618541,0.13000000997525382,-0.5235987855242566,-30.00000056871549
1772906242.5935886,0.13000000997525382,-0.5235987855242566,-30.00000056871549
1772906242.6593409,0.13000000997525382,-0.5235987855242566,-30.00000056871549
1772906242.7203019,0.13000000997525382,-0.5235987855242566,-30.00000056871549
1772906242.7948976,0.13000000997525382,-0.5235987855242566,-30.00000056871549
1772906242.8466985,0.13000000998414396,-0.5235987855511265,-30.00000057025502
1772906242.8748324,0.13000000998414396,-0.5235987855511265,-30.00000057025502
1772906242.896819,0.13000000998414396,-0.5235987855511265,-30.00000057025502
1772906242.953842,0.13000000998414396,-0.5235987855511265,-30.00000057025502
1772906242.9833674,0.13000000998414396,-0.5235987855511265,-30.00000057025502
1772906243.013238,0.13000000998414396,-0.5235987855511265,-30.00000057025502
1772906243.177506,0.13000000998663291,-0.5235987855587918,-30.00000057069421
1772906243.2346442,0.13000000998663291,-0.5235987855587918,-30.00000057069421
1772906243.2664638,0.13000000998663291,-0.5235987855587918,-30.00000057069421
1772906243.3020656,0.13000000998663291,-0.5235987855587918,-30.00000057069421
1772906243.3323793,0.13000000998663291,-0.5235987855587918,-30.00000057069421
1772906243.381119,0.13000000998663291,-0.5235987855587918,-30.00000057069421
1772906243.3964062,0.13000000998791475,-0.5235987855629284,-30.000000570931213
1772906243.4294508,0.13000000998791475,-0.5235987855629284,-30.000000570931213
1772906243.4489946,0.13000000998791475,-0.5235987855629284,-30.000000570931213
1772906243.5016816,0.13000000998791475,-0.5235987855629284,-30.000000570931213
1772906243.57236,0.13000000998791475,-0.5235987855629284,-30.000000570931213
1772906243.6491215,0.13000000998791475,-0.5235987855629284,-30.000000570931213
1772906243.6827233,0.13000000998791475,-0.5235987855629284,-30.000000570931213
1772906243.729436,0.13000000998791475,-0.5235987855629284,-30.000000570931213
1772906243.7946737,0.13000000998791475,-0.5235987855629284,-30.000000570931213
1772906243.853534,0.13000000998791475,-0.5235987855629284,-30.000000570931213
1772906243.8813548,0.13000000998848915,-0.52359878556542,-30.00000057107398
1772906243.9263413,0.13000000998848915,-0.52359878556542,-30.00000057107398
1772906243.9832664,0.13000000998848915,-0.52359878556542,-30.00000057107398
1772906244.04022,0.13000000998848915,-0.52359878556542,-30.00000057107398
1772906244.0648582,0.13000000998848915,-0.52359878556542,-30.00000057107398
1772906244.167822,0.13000000998912337,-0.5235987855673927,-30.000000571187
1772906244.2022755,0.13000000998912337,-0.5235987855673927,-30.000000571187
1772906244.2450442,0.13000000998912337,-0.5235987855673927,-30.000000571187
1772906244.268733,0.13000000998912337,-0.5235987855673927,-30.000000571187
1772906244.3167171,0.13000000998912337,-0.5235987855673927,-30.000000571187
1772906244.4444027,0.13000000998947736,-0.5235987855686255,-30.000000571257637
1772906244.7417731,0.13000000998947736,-0.5235987855686255,-30.000000571257637
1772906244.9770005,0.13000000998947736,-0.5235987855686255,-30.000000571257637
1772906245.0768213,0.13000000999004793,-0.5235987855704806,-30.000000571363923
1772906245.1912167,0.13000000999004793,-0.5235987855704806,-30.000000571363923
1772906245.2277865,0.13000000999004793,-0.5235987855704806,-30.000000571363923
1772906245.2497911,0.13000000999004793,-0.5235987855704806,-30.000000571363923
1772906245.2741084,0.13000000999004793,-0.5235987855704806,-30.000000571363923
1772906245.2994523,0.13000000999004793,-0.5235987855704806,-30.000000571363923
1772906245.3247066,0.13000000999070097,-0.5235987855723054,-30.000000571468483
1772906245.4201372,0.13000000999070097,-0.5235987855723054,-30.000000571468483
1772906245.5398495,0.13000000999094247,-0.5235987855732711,-30.00000057152381
1772906245.609474,0.13000000999094247,-0.5235987855732711,-30.00000057152381
1772906245.6984057,0.13000000999094247,-0.5235987855732711,-30.00000057152381
1772906245.7732537,0.13000000999126088,-0.5235987855742014,-30.00000057157711
1772906245.8139422,0.13000000999126088,-0.5235987855742014,-30.00000057157711
1772906245.9081337,0.13000000999126088,-0.5235987855742014,-30.00000057157711
1772906245.9846587,0.13000000999155936,-0.5235987855751498,-30.000000571631453
1772906246.0865233,0.13000000999155936,-0.5235987855751498,-30.000000571631453
1772906246.143606,0.13000000999155936,-0.5235987855751498,-30.000000571631453
1772906246.186068,0.13000000999184624,-0.5235987855759202,-30.000000571675596
1772906246.2126756,0.13000000999184624,-0.5235987855759202,-30.000000571675596
1772906246.228431,0.13000000999184624,-0.5235987855759202,-30.000000571675596
1772906246.2607832,0.13000000999184624,-0.5235987855759202,-30.000000571675596
1772906246.2892644,0.13000000999184624,-0.5235987855759202,-30.000000571675596
1772906246.314674,0.13000000999184624,-0.5235987855759202,-30.000000571675596
1772906246.3586802,0.130000009997097,-0.5235987855904177,-30.00000057250624
1772906246.3743014,0.130000009997097,-0.5235987855904177,-30.00000057250624
1772906246.3882306,0.130000009997097,-0.5235987855904177,-30.00000057250624
1772906246.4125545,0.130000009997097,-0.5235987855904177,-30.00000057250624
1772906246.4674256,0.130000009997097,-0.5235987855904177,-30.00000057250624
1772906246.4964933,0.130000009997097,-0.5235987855904177,-30.00000057250624
1772906246.5190132,0.130000009997097,-0.5235987855904177,-30.00000057250624
1772906246.5533028,0.130000009997097,-0.5235987855904177,-30.00000057250624
1772906246.6014497,0.130000009997097,-0.5235987855904177,-30.00000057250624
1772906246.629825,0.130000009997097,-0.5235987855904177,-30.00000057250624
1772906246.674557,0.130000009997097,-0.5235987855904177,-30.00000057250624
1772906246.7126696,0.130000009997097,-0.5235987855904177,-30.00000057250624
1772906246.7575,0.1300000099927941,-0.5235987855789792,-30.00000057185086
1772906246.8101504,0.1300000099927941,-0.5235987855789792,-30.00000057185086
1772906246.8422992,0.1300000099927941,-0.5235987855789792,-30.00000057185086
1772906246.8603146,0.1300000099927941,-0.5235987855789792,-30.00000057185086
1772906246.9217932,0.1300000099927941,-0.5235987855789792,-30.00000057185086
1772906246.9686599,0.1300000099927941,-0.5235987855789792,-30.00000057185086
1772906247.0050323,0.13000000999236208,-0.5235987855779987,-30.00000057179468
1772906247.0370512,0.13000000999236208,-0.5235987855779987,-30.00000057179468
1772906247.071417,0.13000000999236208,-0.5235987855779987,-30.00000057179468
1772906247.0924454,0.13000000999236208,-0.5235987855779987,-30.00000057179468
1772906247.132645,0.13000000999236208,-0.5235987855779987,-30.00000057179468
1772906247.2602322,0.13000000999236208,-0.5235987855779987,-30.00000057179468
1772906247.3290248,0.13000000999236208,-0.5235987855779987,-30.00000057179468
1772906247.4167423,0.13000000999246497,-0.5235987855784457,-30.000000571820294
1772906247.5042417,0.13000000999246497,-0.5235987855784457,-30.000000571820294
1772906247.5299118,0.13000000999246497,-0.5235987855784457,-30.000000571820294
1772906247.5824614,0.13000000999246497,-0.5235987855784457,-30.000000571820294
1772906247.6173491,0.13000000999246497,-0.5235987855784457,-30.000000571820294
1772906247.6939702,0.13000000999246497,-0.5235987855784457,-30.000000571820294
1772906247.7386596,0.1300000099926634,-0.5235987855790445,-30.000000571854603
1772906247.76605,0.1300000099926634,-0.5235987855790445,-30.000000571854603
1772906247.8097842,0.1300000099926634,-0.5235987855790445,-30.000000571854603
1772906247.868274,0.13000000999287217,-0.5235987855797316,-30.00000057189397
1772906247.8982296,0.13000000999287217,-0.5235987855797316,-30.00000057189397
1772906247.9435172,0.13000000999287217,-0.5235987855797316,-30.00000057189397
1772906248.0151718,0.13000000999287217,-0.5235987855797316,-30.00000057189397
1772906248.0637267,0.13000000999287217,-0.5235987855797316,-30.00000057189397
1772906248.0967846,0.13000000999287217,-0.5235987855797316,-30.00000057189397
1772906248.1592503,0.13000000999287217,-0.5235987855797316,-30.00000057189397
1772906248.2137263,0.13000000999287217,-0.5235987855797316,-30.00000057189397
1772906248.2568114,0.13000000999311515,-0.5235987855803066,-30.000000571926915
1772906248.3297477,0.13000000999311515,-0.5235987855803066,-30.000000571926915
1772906248.4232278,0.13000000999311515,-0.5235987855803066,-30.000000571926915
1772906248.4616055,0.13000000999311515,-0.5235987855803066,-30.000000571926915
1772906248.5202088,0.1300000099932636,-0.5235987855808536,-30.000000571958257
1772906248.5684683,0.1300000099932636,-0.5235987855808536,-30.000000571958257
1772906248.6047401,0.1300000099932636,-0.5235987855808536,-30.000000571958257
1772906248.6443987,0.1300000099932636,-0.5235987855808536,-30.000000571958257
1772906248.6970658,0.1300000099932636,-0.5235987855808536,-30.000000571958257
1772906248.747917,0.1300000099932636,-0.5235987855808536,-30.000000571958257
1772906248.8185706,0.13000000999761657,-0.5235987855920969,-30.00000057260245
1772906248.8948567,0.13000000999761657,-0.5235987855920969,-30.00000057260245
1772906248.9611712,0.13000000999761657,-0.5235987855920969,-30.00000057260245
1772906249.0515194,0.13000000999761657,-0.5235987855920969,-30.00000057260245
1772906249.0872688,0.13000000999358496,-0.5235987855817277,-30.000000572008336
1772906249.1579037,0.13000000999358496,-0.5235987855817277,-30.000000572008336
1772906249.1828072,0.13000000999358496,-0.5235987855817277,-30.000000572008336
1772906249.2069042,0.13000000999358496,-0.5235987855817277,-30.000000572008336
1772906249.2626557,0.13000000999358496,-0.5235987855817277,-30.000000572008336
1772906249.349486,0.13000000999358496,-0.5235987855817277,-30.000000572008336
1772906249.430378,0.13000000999358496,-0.5235987855817277,-30.000000572008336
1772906249.4934483,0.13000000999358496,-0.5235987855817277,-30.000000572008336
1772906249.5818222,0.13000000999358496,-0.5235987855817277,-30.000000572008336
1772906249.6768615,0.13000000999775163,-0.523598785592458,-30.000000572623136
1772906249.7039847,0.13000000999775163,-0.523598785592458,-30.000000572623136
1772906249.7468114,0.13000000999775163,-0.523598785592458,-30.000000572623136
1772906249.7852254,0.13000000999775163,-0.523598785592458,-30.000000572623136
1772906249.8250072,0.13000000999775163,-0.523598785592458,-30.000000572623136
1772906249.877209,0.13000000999786898,-0.5235987855926744,-30.000000572635535
1772906250.013097,0.13000000999786898,-0.5235987855926744,-30.000000572635535
1772906250.1032302,0.13000000999786898,-0.5235987855926744,-30.000000572635535
1772906250.141419,0.13000000999786898,-0.5235987855926744,-30.000000572635535
1772906250.164319,0.13000000999433806,-0.5235987855832723,-30.000000572096837
1772906250.221287,0.13000000999433806,-0.5235987855832723,-30.000000572096837
1772906250.290955,0.13000000999433806,-0.5235987855832723,-30.000000572096837
1772906250.317841,0.13000000999454667,-0.5235987855836741,-30.000000572119863
1772906250.3371131,0.13000000999454667,-0.5235987855836741,-30.000000572119863
1772906250.3571298,0.13000000999454667,-0.5235987855836741,-30.000000572119863
1772906250.373604,0.13000000999454667,-0.5235987855836741,-30.000000572119863
1772906250.3957415,0.13000000999454667,-0.5235987855836741,-30.000000572119863
1772906250.5002837,0.13000000999454667,-0.5235987855836741,-30.000000572119863
1772906250.538989,0.13000000999454667,-0.5235987855836741,-30.000000572119863
1772906250.5758557,0.13000000999454667,-0.5235987855836741,-30.000000572119863
1772906250.6023173,0.13000000999454667,-0.5235987855836741,-30.000000572119863
1772906250.621549,0.13000000999454667,-0.5235987855836741,-30.000000572119863
1772906250.6756885,0.13000000999471087,-0.5235987855841033,-30.00000057214445
1772906250.6971803,0.13000000999471087,-0.5235987855841033,-30.00000057214445
1772906250.7273264,0.13000000999471087,-0.5235987855841033,-30.00000057214445
1772906250.7619548,0.13000000999471087,-0.5235987855841033,-30.00000057214445
1772906250.776907,0.13000000999471087,-0.5235987855841033,-30.00000057214445
1772906250.8108895,0.13000000999471087,-0.5235987855841033,-30.00000057214445
1772906250.849715,0.13000000999471087,-0.5235987855841033,-30.00000057214445
1772906250.8650017,0.13000000999491104,-0.5235987855844815,-30.00000057216612
1772906250.9249527,0.13000000999491104,-0.5235987855844815,-30.00000057216612
1772906250.9803882,0.13000000999491104,-0.5235987855844815,-30.00000057216612
1772906251.0744073,0.13000000999491104,-0.5235987855844815,-30.00000057216612
1772906251.1177375,0.13000000999491104,-0.5235987855844815,-30.00000057216612
1772906251.1956427,0.13000000999491104,-0.5235987855844815,-30.00000057216612
1772906251.2590458,0.13000000999491104,-0.5235987855844815,-30.00000057216612
1772906251.2863793,0.13000000999485392,-0.5235987855844739,-30.000000572165682
1772906251.325785,0.13000000999485392,-0.5235987855844739,-30.000000572165682
1772906251.3958213,0.13000000999485392,-0.5235987855844739,-30.000000572165682
1772906251.4302535,0.13000000999485392,-0.5235987855844739,-30.000000572165682
1772906251.4518585,0.13000000999485392,-0.5235987855844739,-30.000000572165682
1772906251.4684165,0.13000000999485392,-0.5235987855844739,-30.000000572165682
1772906251.4963908,0.13000000999485392,-0.5235987855844739,-30.000000572165682
1772906251.5196936,0.13000000999485392,-0.5235987855844739,-30.000000572165682
1772906251.5515332,0.13000000999485392,-0.5235987855844739,-30.000000572165682
1772906251.5881176,0.13000000999485392,-0.5235987855844739,-30.000000572165682
1772906251.6118126,0.13000000999485392,-0.5235987855844739,-30.000000572165682
1772906251.6348753,0.13000000999485392,-0.5235987855844739,-30.000000572165682
1772906251.6828878,0.13000000999485392,-0.5235987855844739,-30.000000572165682
1772906251.7277982,0.13000000999485392,-0.5235987855844739,-30.000000572165682
1772906251.81599,0.13000000999485392,-0.5235987855844739,-30.000000572165682
1772906251.850732,0.13000000999485392,-0.5235987855844739,-30.000000572165682
1772906251.8989842,0.13000000999485392,-0.5235987855844739,-30.000000572165682
1772906251.964356,0.13000000999485392,-0.5235987855844739,-30.000000572165682
1772906252.0093744,0.13000000999485392,-0.5235987855844739,-30.000000572165682
1772906252.1176615,-0.13000000999581698,-0.5235987855833614,-30.00000057210194
1772906252.1751986,-0.13000000999581698,-0.5235987855833614,-30.00000057210194
1772906252.3115625,-0.13000000999581698,-0.5235987855833614,-30.00000057210194
1772906252.357821,-0.13000000999623781,-0.5235987855849198,-30.000000572191233
1772906252.4095562,-0.13000000999623781,-0.5235987855849198,-30.000000572191233
1772906252.4274776,-0.13000000999623781,-0.5235987855849198,-30.000000572191233
1772906252.452729,-0.13000000999623781,-0.5235987855849198,-30.000000572191233
1772906252.4689882,-0.13000000999623781,-0.5235987855849198,-30.000000572191233
1772906252.5177047,-0.13000000999614017,-0.5235987855846218,-30.000000572174155
1772906252.5846581,-0.13000000999614017,-0.5235987855846218,-30.000000572174155
1772906252.6773095,-0.13000000999614017,-0.5235987855846218,-30.000000572174155
1772906252.7943761,-0.13000000999614694,-0.5235987855846845,-30.00000057217775
1772906252.8200457,-0.13000000999614694,-0.5235987855846845,-30.00000057217775
1772906252.8987179,-0.13000000999530717,-0.5235987855815939,-30.000000572000673
1772906252.9404943,-0.13000000999530717,-0.5235987855815939,-30.000000572000673
1772906252.9865546,-0.13000000999530717,-0.5235987855815939,-30.000000572000673
1772906253.0340295,-0.13000000999530717,-0.5235987855815939,-30.000000572000673
1772906253.103262,-0.13000000999540212,-0.5235987855818869,-30.00000057201746
1772906253.1583488,-0.13000000999540212,-0.5235987855818869,-30.00000057201746
1772906253.2406592,-0.13000000999540212,-0.5235987855818869,-30.00000057201746
1772906253.3018541,-0.13000000999540212,-0.5235987855818869,-30.00000057201746
1772906253.3289049,-0.13000000999540212,-0.5235987855818869,-30.00000057201746
1772906253.3666155,-0.13000000999548475,-0.5235987855821012,-30.000000572029737
1772906253.3818552,-0.13000000999548475,-0.5235987855821012,-30.000000572029737
1772906253.4010801,-0.13000000999548475,-0.5235987855821012,-30.000000572029737
1772906253.418279,-0.13000000999548475,-0.5235987855821012,-30.000000572029737
1772906253.461668,-0.13000000999548475,-0.5235987855821012,-30.000000572029737
1772906253.493354,-0.13000000999548475,-0.5235987855821012,-30.000000572029737
1772906253.5358028,-0.13000000999548475,-0.5235987855821012,-30.000000572029737
1772906253.5634878,-0.13000000999548475,-0.5235987855821012,-30.000000572029737
1772906253.5876489,-0.13000000999548475,-0.5235987855821012,-30.000000572029737
1772906253.6211176,-0.13000000999566488,-0.5235987855829433,-30.000000572077983
1772906253.679813,-0.13000000999566488,-0.5235987855829433,-30.000000572077983
1772906253.7032673,-0.13000000999566488,-0.5235987855829433,-30.000000572077983
1772906253.7406468,-0.13000000999566488,-0.5235987855829433,-30.000000572077983
1772906253.7811205,-0.13000000999566488,-0.5235987855829433,-30.000000572077983
1772906253.8942003,-0.13000000999566488,-0.5235987855829433,-30.000000572077983
1772906253.9221752,-0.13000000999566488,-0.5235987855829433,-30.000000572077983
1772906253.981037,-0.13000000999566488,-0.5235987855829433,-30.000000572077983
1772906254.0133793,-0.13000000999566488,-0.5235987855829433,-30.000000572077983
1772906254.1057262,-0.13000000999566488,-0.5235987855829433,-30.000000572077983
1772906254.148367,-0.13000000999566488,-0.5235987855829433,-30.000000572077983
1772906254.208224,-0.13000000999566488,-0.5235987855829433,-30.000000572077983
1772906254.278131,-0.13000000999566488,-0.5235987855829433,-30.000000572077983
1772906254.3173122,-0.13000000999566488,-0.5235987855829433,-30.000000572077983
1772906254.3533266,-0.13000000999566488,-0.5235987855829433,-30.000000572077983
1772906254.4174192,0.13000000999324876,0.5235987855601777,30.00000057077361
1772906254.489169,0.13000000999324876,0.5235987855601777,30.00000057077361
1772906254.5255084,0.13000000999324876,0.5235987855601777,30.00000057077361
1772906254.5571718,0.13000000999324876,0.5235987855601777,30.00000057077361
1772906254.5743,0.13000000999324876,0.5235987855601777,30.00000057077361
1772906254.5987859,0.13000000999324876,0.5235987855601777,30.00000057077361
1772906254.6475866,0.13000000999324876,0.5235987855601777,30.00000057077361
1772906254.7173982,0.13000000999324876,0.5235987855601777,30.00000057077361
1772906254.784074,-0.13000000999867112,0.5235987855928335,30.000000572644648
1772906254.8297114,-0.130000009996272,0.5235987855829487,30.000000572078296
1772906255.0697606,-0.130000009996272,0.5235987855829487,30.000000572078296
1772906255.1258729,-0.130000009996272,0.5235987855829487,30.000000572078296
1772906255.20571,-0.1300000099962785,0.5235987855830333,30.000000572083145
1772906255.337067,-0.1300000099962785,0.5235987855830333,30.000000572083145
1772906255.4278142,-0.1300000099962785,0.5235987855830333,30.000000572083145
1772906255.4700587,-0.1300000099962785,0.5235987855830333,30.000000572083145
1772906255.517442,-0.1300000099962785,0.5235987855830333,30.000000572083145
1772906255.551191,-0.13000000999629363,0.5235987855830893,30.00000057208635
1772906255.6170638,-0.13000000999629363,0.5235987855830893,30.00000057208635
1772906255.6477108,-0.13000000999629363,0.5235987855830893,30.00000057208635
1772906255.7419124,-0.13000000999629363,0.5235987855830893,30.00000057208635
1772906255.8093488,-0.13000000999629363,0.5235987855830893,30.00000057208635
1772906255.8816173,-0.13000000999618957,0.5235987855826121,30.00000057205901
1772906255.9403837,-0.13000000999618957,0.5235987855826121,30.00000057205901
1772906255.9623523,-0.1300000099960897,0.5235987855822117,30.000000572036072
1772906256.3681686,-0.1300000099960897,0.5235987855822117,30.000000572036072
1772906256.3942568,-0.1300000099960897,0.5235987855822117,30.000000572036072
1772906256.4195216,-0.1300000099960897,0.5235987855822117,30.000000572036072
1772906256.4737546,-0.1300000099960704,0.5235987855821564,30.000000572032903
1772906256.5636184,-0.1300000099960704,0.5235987855821564,30.000000572032903
1772906256.641735,-0.1300000099960341,0.5235987855816403,30.000000572003334
1772906256.7217224,-0.1300000099960341,0.5235987855816403,30.000000572003334
1772906256.7669067,-0.13000000999591665,0.5235987855811888,30.00000057197746
1772906256.8750968,-0.13000000999591665,0.5235987855811888,30.00000057197746
1772906256.9343426,-0.13000000999591665,0.5235987855811888,30.00000057197746
1772906256.9986916,-0.13000000999591665,0.5235987855811888,30.00000057197746
1772906257.037714,-0.13000000999591665,0.5235987855811888,30.00000057197746
1772906257.0728762,-0.13000000999591665,0.5235987855811888,30.00000057197746
1772906257.1385982,-0.13000000999586017,0.5235987855810061,30.000000571966996
1772906257.1788547,-0.13000000999586017,0.5235987855810061,30.000000571966996
1772906257.211426,-0.13000000999586017,0.5235987855810061,30.000000571966996
1772906257.25163,-0.13000000999586017,0.5235987855810061,30.000000571966996
1772906257.2691038,-0.13000000999586017,0.5235987855810061,30.000000571966996
1772906257.2936323,-0.1300000099956254,0.5235987855800632,30.00000057191297
1772906257.3435009,-0.1300000099956254,0.5235987855800632,30.00000057191297
1772906257.5030093,-0.1300000099956254,0.5235987855800632,30.00000057191297
1772906257.5819688,-0.1300000099956254,0.5235987855800632,30.00000057191297
1772906257.6541138,-0.1300000099956254,0.5235987855800632,30.00000057191297
1772906257.7085962,-0.1300000099957238,0.5235987855801708,30.000000571919134
1772906257.8473299,-0.1300000099957238,0.5235987855801708,30.000000571919134
1772906257.9501657,-0.1300000099957238,0.5235987855801708,30.000000571919134
1772906258.079787,-0.1300000099957238,0.5235987855801708,30.000000571919134
1772906258.167886,-0.13000000999547814,0.5235987855793437,30.000000571871745
1772906258.2362504,-0.13000000999547814,0.5235987855793437,30.000000571871745
1772906258.3127613,-0.13000000999547814,0.5235987855793437,30.000000571871745
1772906258.3430812,-0.13000000999547814,0.5235987855793437,30.000000571871745
1772906258.4275804,-0.1300000099952346,0.5235987855782914,30.00000057181145
1772906258.530761,-0.13000000999520217,0.5235987855778763,30.000000571787666
1772906258.6573064,-0.13000000999520217,0.5235987855778763,30.000000571787666
1772906258.7044232,-0.13000000999520217,0.5235987855778763,30.000000571787666
1772906258.7777967,-0.13000000999520217,0.5235987855778763,30.000000571787666
1772906258.8546698,-0.1300000099950449,0.5235987855773644,30.00000057175834
1772906258.954741,-0.1300000099950449,0.5235987855773644,30.00000057175834
1772906259.0022671,-0.1300000099950449,0.5235987855773644,30.00000057175834
1772906259.0540106,-0.1300000099948055,0.523598785576442,30.00000057170549
1772906259.1300168,-0.1300000099948055,0.523598785576442,30.00000057170549
1772906259.157177,-0.1300000099948055,0.523598785576442,30.00000057170549
1772906259.1976235,-0.1300000099948055,0.523598785576442,30.00000057170549
1772906259.2730808,-0.1300000099946166,0.523598785575722,30.00000057166424
1772906259.321463,-0.1300000099946166,0.523598785575722,30.00000057166424
1772906259.349919,-0.1300000099946166,0.523598785575722,30.00000057166424
1772906259.382199,-0.1300000099946166,0.523598785575722,30.00000057166424
1772906259.437931,-0.1300000099946166,0.523598785575722,30.00000057166424
1772906259.5500963,-0.1300000099946166,0.523598785575722,30.00000057166424
1772906259.56592,-0.1300000099946166,0.523598785575722,30.00000057166424
1772906259.6316068,-0.1300000099946166,0.523598785575722,30.00000057166424
1772906259.7036068,-0.13000000999456598,0.5235987855752035,30.000000571634526
1772906259.7810414,-0.13000000999456598,0.5235987855752035,30.000000571634526
1772906259.8256278,-0.13000000999456598,0.5235987855752035,30.000000571634526
1772906259.8821309,-0.1300000099978845,0.5235987855893985,30.000000572447842
1772906259.951221,-0.1300000099978845,0.5235987855893985,30.000000572447842
1772906259.9814003,-0.1300000099978845,0.5235987855893985,30.000000572447842
1772906260.014916,-0.1300000099978845,0.5235987855893985,30.000000572447842
1772906260.119572,-0.1300000099978845,0.5235987855893985,30.000000572447842
1772906260.203384,-0.1300000099978845,0.5235987855893985,30.000000572447842
1772906260.2560453,-0.1300000099978845,0.5235987855893985,30.000000572447842
1772906260.29482,-0.1300000099978845,0.5235987855893985,30.000000572447842
1772906260.3622034,-0.13000000999776987,0.523598785588983,30.000000572424035
1772906260.4407518,-0.13000000999776987,0.523598785588983,30.000000572424035
1772906260.4814155,-0.13000000999776987,0.523598785588983,30.000000572424035
1772906260.5503078,-0.13000000999776987,0.523598785588983,30.000000572424035
1772906260.5902717,-0.13000000999766648,0.5235987855886637,30.00000057240574
1772906260.637962,-0.13000000999766648,0.5235987855886637,30.00000057240574
1772906260.6828992,-0.13000000999766648,0.5235987855886637,30.00000057240574
1772906260.6996522,-0.13000000999766648,0.5235987855886637,30.00000057240574
1772906260.7294261,-0.13000000999766648,0.5235987855886637,30.00000057240574
1772906260.754561,-0.13000000999328798,0.5235987855705022,30.000000571365163
1772906260.7800217,-0.13000000999328798,0.5235987855705022,30.000000571365163
1772906260.7969713,-0.13000000999328798,0.5235987855705022,30.000000571365163
1772906260.8279686,-0.13000000999328798,0.5235987855705022,30.000000571365163
1772906260.8878841,-0.13000000999328798,0.5235987855705022,30.000000571365163
1772906260.9127111,-0.13000000999328798,0.5235987855705022,30.000000571365163
1772906260.950999,-0.13000000999328798,0.5235987855705022,30.000000571365163
1772906261.0429244,-0.13000000999328798,0.5235987855705022,30.000000571365163
1772906261.0617776,-0.13000000999328798,0.5235987855705022,30.000000571365163
1772906261.0875397,-0.13000000999328798,0.5235987855705022,30.000000571365163
1772906261.1153295,-0.13000000999286282,0.5235987855693341,30.000000571298237
1772906261.1402936,-0.13000000999286282,0.5235987855693341,30.000000571298237
1772906261.1659076,-0.13000000999286282,0.5235987855693341,30.000000571298237
1772906261.2123098,-0.13000000999286282,0.5235987855693341,30.000000571298237
1772906261.2421181,-0.13000000999286282,0.5235987855693341,30.000000571298237
1772906261.2753296,-0.13000000999286282,0.5235987855693341,30.000000571298237
1772906261.2910392,-0.13000000999286282,0.5235987855693341,30.000000571298237
1772906261.3092616,-0.13000000999286282,0.5235987855693341,30.000000571298237
1772906261.350624,-0.13000000999236258,0.5235987855676635,30.000000571202516
1772906261.3866537,-0.13000000999236258,0.5235987855676635,30.000000571202516
1772906261.4133646,-0.13000000999236258,0.5235987855676635,30.000000571202516
1772906261.4401317,-0.13000000999236258,0.5235987855676635,30.000000571202516
1772906261.475896,-0.13000000999236258,0.5235987855676635,30.000000571202516
1772906261.5065777,-0.13000000999236258,0.5235987855676635,30.000000571202516
1772906261.523425,-0.13000000999236258,0.5235987855676635,30.000000571202516
1772906261.5442588,-0.13000000999236258,0.5235987855676635,30.000000571202516
1772906261.571494,-0.13000000999236258,0.5235987855676635,30.000000571202516
1772906261.586574,-0.13000000999236258,0.5235987855676635,30.000000571202516
1772906261.6113443,-0.13000000999236258,0.5235987855676635,30.000000571202516
1772906261.636486,-0.13000000999236258,0.5235987855676635,30.000000571202516
1772906261.6855605,-0.1300000099922672,0.5235987855666925,30.000000571146884
1772906261.7184036,-0.1300000099922672,0.5235987855666925,30.000000571146884
1772906261.7522898,-0.1300000099922672,0.5235987855666925,30.000000571146884
1772906261.785959,-0.1300000099922672,0.5235987855666925,30.000000571146884
1772906261.803381,-0.1300000099922672,0.5235987855666925,30.000000571146884
1772906261.8232644,-0.1300000099922672,0.5235987855666925,30.000000571146884
1772906261.8579588,-0.1300000099922672,0.5235987855666925,30.000000571146884
1772906261.8776557,-0.1300000099922672,0.5235987855666925,30.000000571146884
1772906261.9138057,-0.1300000099922672,0.5235987855666925,30.000000571146884
1772906261.9475815,-0.1300000099922672,0.5235987855666925,30.000000571146884
1772906261.9781928,-0.13000000999157982,0.5235987855645179,30.00000057102229
1772906261.9990945,-0.13000000999157982,0.5235987855645179,30.00000057102229
1772906262.0280285,-0.13000000999157982,0.5235987855645179,30.00000057102229
1772906262.0542777,-0.13000000999157982,0.5235987855645179,30.00000057102229
1772906262.0950098,-0.13000000999157982,0.5235987855645179,30.00000057102229
1772906262.1726918,-0.13000000999157982,0.5235987855645179,30.00000057102229
1772906262.2047355,-0.13000000999157982,0.5235987855645179,30.00000057102229
1772906262.2418184,-0.13000000999157982,0.5235987855645179,30.00000057102229
1772906262.272207,-0.13000000999108952,0.5235987855626121,30.000000570913095
1772906262.2923243,-0.13000000999108952,0.5235987855626121,30.000000570913095
1772906262.317098,-0.13000000999108952,0.5235987855626121,30.000000570913095
1772906262.3357272,-0.13000000999108952,0.5235987855626121,30.000000570913095
1772906262.4047625,-0.13000000999108952,0.5235987855626121,30.000000570913095
1772906262.4697354,-0.13000000999108952,0.5235987855626121,30.000000570913095
1772906262.5258002,-0.13000000999108952,0.5235987855626121,30.000000570913095
1772906262.5720189,-0.13000000999108952,0.5235987855626121,30.000000570913095
1772906262.6114259,-0.13000000999666522,0.5235987855848813,30.000000572189023
1772906262.6391056,-0.13000000999666522,0.5235987855848813,30.000000572189023
1772906262.6610186,-0.13000000999666522,0.5235987855848813,30.000000572189023
1772906262.6854067,-0.13000000999666522,0.5235987855848813,30.000000572189023
1772906262.7051454,-0.13000000999666522,0.5235987855848813,30.000000572189023
1772906262.7309976,-0.13000000999666522,0.5235987855848813,30.000000572189023
1772906262.794324,-0.13000000999666522,0.5235987855848813,30.000000572189023
1772906262.826796,-0.13000000999666522,0.5235987855848813,30.000000572189023
1772906262.9134703,-0.13000000999014066,0.5235987855592604,30.00000057072106
1772906263.0007336,-0.13000000999014066,0.5235987855592604,30.00000057072106
1772906263.1133215,-0.13000000999014066,0.5235987855592604,30.00000057072106
1772906263.1663291,-0.13000000999014066,0.5235987855592604,30.00000057072106
1772906263.1937892,-0.13000000999014066,0.5235987855592604,30.00000057072106
1772906263.237926,-0.13000000998964356,0.5235987855573266,30.00000057061026
1772906263.2710352,-0.13000000998964356,0.5235987855573266,30.00000057061026
1772906263.3075027,-0.13000000998964356,0.5235987855573266,30.00000057061026
1772906263.3447351,-0.13000000998964356,0.5235987855573266,30.00000057061026
1772906263.377284,-0.13000000998964356,0.5235987855573266,30.00000057061026
1772906263.4316368,-0.13000000998964356,0.5235987855573266,30.00000057061026
1772906263.4715047,-0.13000000998888708,0.5235987855547947,30.00000057046519
1772906263.50646,-0.13000000998888708,0.5235987855547947,30.00000057046519
1772906263.547759,-0.13000000998888708,0.5235987855547947,30.00000057046519
1772906263.6275191,-0.13000000998888708,0.5235987855547947,30.00000057046519
1772906263.7251546,-0.13000000998888708,0.5235987855547947,30.00000057046519
1772906263.787988,-0.13000000999569464,0.5235987855812926,30.000000571983406
1772906263.8540332,-0.13000000999569464,0.5235987855812926,30.000000571983406
1772906263.8875246,-0.13000000999569464,0.5235987855812926,30.000000571983406
1772906263.9639022,-0.13000000999569464,0.5235987855812926,30.000000571983406
1772906264.0025828,-0.13000000999569464,0.5235987855812926,30.000000571983406
1772906264.0839384,-0.13000000998741354,0.5235987855488946,30.00000057012714
1772906264.2018678,-0.13000000998741354,0.5235987855488946,30.00000057012714
1772906264.2468636,-0.13000000998741354,0.5235987855488946,30.00000057012714
1772906264.2862878,-0.13000000998741354,0.5235987855488946,30.00000057012714
1772906264.3566625,-0.13000000998741354,0.5235987855488946,30.00000057012714
1772906264.3945904,-0.13000000998741354,0.5235987855488946,30.00000057012714
1772906264.440983,-0.13000000999506514,0.5235987855790495,30.000000571854887
1772906264.4822936,-0.13000000999506514,0.5235987855790495,30.000000571854887
1772906264.5279472,-0.13000000999506514,0.5235987855790495,30.000000571854887
1772906264.5856261,-0.13000000999506514,0.5235987855790495,30.000000571854887
1772906264.6376677,-0.13000000999506514,0.5235987855790495,30.000000571854887
1772906264.6843903,-0.13000000998448363,0.5235987855379296,30.00000056949889
1772906264.7131038,-0.13000000998448363,0.5235987855379296,30.00000056949889
1772906264.7432609,-0.13000000998448363,0.5235987855379296,30.00000056949889
1772906264.7801886,-0.13000000998448363,0.5235987855379296,30.00000056949889
1772906264.8075078,-0.13000000998448363,0.5235987855379296,30.00000056949889
1772906264.8286352,-0.13000000998448363,0.5235987855379296,30.00000056949889
1772906264.8795507,-0.13000000998448363,0.5235987855379296,30.00000056949889
1772906264.9211118,-0.13000000998448363,0.5235987855379296,30.00000056949889
1772906264.9509635,-0.13000000998448363,0.5235987855379296,30.00000056949889
1772906264.9871078,-0.13000000998448363,0.5235987855379296,30.00000056949889
1772906265.0328996,-0.13000000996350197,0.5235987854424592,30.00000056402884
1772906265.0606496,-0.13000000996350197,0.5235987854424592,30.00000056402884
1772906265.0771868,-0.13000000996350197,0.5235987854424592,30.00000056402884
1772906265.096569,-0.13000000996350197,0.5235987854424592,30.00000056402884
1772906265.140419,-0.13000000996350197,0.5235987854424592,30.00000056402884
1772906265.2054062,-0.13000000996350197,0.5235987854424592,30.00000056402884
1772906265.2419095,-0.13000000996350197,0.5235987854424592,30.00000056402884
1772906265.268352,-0.13000000996350197,0.5235987854424592,30.00000056402884
1772906265.2919583,-0.13000000996350197,0.5235987854424592,30.00000056402884
1772906265.3456674,-0.13000000996350197,0.5235987854424592,30.00000056402884
1772906265.3721702,0.13000000833372607,0.018974089721938495,1.0871352611696294
1772906265.3886256,0.13000000833372607,0.018974089721938495,1.0871352611696294
1772906265.4040675,0.13000000833372607,0.018974089721938495,1.0871352611696294
1772906265.4347029,0.13000000833372607,0.018974089721938495,1.0871352611696294
1772906265.4865515,0.13000000833372607,0.018974089721938495,1.0871352611696294
1772906265.5190067,0.13000000833372607,0.018974089721938495,1.0871352611696294
1772906265.5514522,0.13000000833372607,0.018974089721938495,1.0871352611696294
1772906265.6063843,0.13000000833372607,0.018974089721938495,1.0871352611696294
1772906265.6371996,0.1300000063470034,-0.09547933594398984,-5.470562980302358
1772906265.6734457,0.1300000063470034,-0.09547933594398984,-5.470562980302358
1772906265.695532,0.1300000063470034,-0.09547933594398984,-5.470562980302358
1772906265.7440379,0.1300000063470034,-0.09547933594398984,-5.470562980302358
1772906265.7964082,0.1300000063470034,-0.09547933594398984,-5.470562980302358
1772906265.8231666,0.1300000063470034,-0.09547933594398984,-5.470562980302358
1772906265.8498914,0.1300000063470034,-0.09547933594398984,-5.470562980302358
1772906265.868422,0.1300000063470034,-0.09547933594398984,-5.470562980302358
1772906265.896243,0.13000000861748884,-0.13309366119664567,-7.625705066511891
1772906265.9191275,0.13000000861748884,-0.13309366119664567,-7.625705066511891
1772906265.9369812,0.13000000861748884,-0.13309366119664567,-7.625705066511891
1772906265.9916253,0.13000000861748884,-0.13309366119664567,-7.625705066511891
1772906266.0182416,0.13000000861748884,-0.13309366119664567,-7.625705066511891
1772906266.0468462,0.13000000861748884,-0.13309366119664567,-7.625705066511891
1772906266.0779915,0.13000000861748884,-0.13309366119664567,-7.625705066511891
1772906266.1074078,0.13000000861748884,-0.13309366119664567,-7.625705066511891
1772906266.1278496,0.13000000861748884,-0.13309366119664567,-7.625705066511891
1772906266.1493757,0.13000000861748884,-0.13309366119664567,-7.625705066511891
1772906266.1702573,0.13000000861748884,-0.13309366119664567,-7.625705066511891
1772906266.1916823,0.13000000861748884,-0.13309366119664567,-7.625705066511891
1772906266.2163594,0.13000000218476723,-0.04089816860508759,-2.343292450885964
1772906266.2499125,0.13000000218476723,-0.04089816860508759,-2.343292450885964
1772906266.2714808,0.13000000218476723,-0.04089816860508759,-2.343292450885964
1772906266.2918108,0.13000000218476723,-0.04089816860508759,-2.343292450885964
1772906266.319233,0.13000000218476723,-0.04089816860508759,-2.343292450885964
1772906266.3387158,0.13000000218476723,-0.04089816860508759,-2.343292450885964
1772906266.3677554,0.13000000218476723,-0.04089816860508759,-2.343292450885964
1772906266.388617,0.13000000218476723,-0.04089816860508759,-2.343292450885964
1772906266.4152129,0.13000000218476723,-0.04089816860508759,-2.343292450885964
1772906266.4382818,0.13000000218476723,-0.04089816860508759,-2.343292450885964
1772906266.4608974,0.13000000843515339,-0.07284593748290202,-4.173764772444134
1772906266.49839,0.13000000843515339,-0.07284593748290202,-4.173764772444134
1772906266.5344145,0.13000000843515339,-0.07284593748290202,-4.173764772444134
1772906266.5500712,0.13000000843515339,-0.07284593748290202,-4.173764772444134
1772906266.5826795,0.13000000843515339,-0.07284593748290202,-4.173764772444134
1772906266.618538,0.13000000843515339,-0.07284593748290202,-4.173764772444134
1772906266.6743784,0.13000000843515339,-0.07284593748290202,-4.173764772444134
1772906266.7127104,0.13000000843515339,-0.07284593748290202,-4.173764772444134
1772906266.7348442,0.13000000843515339,-0.07284593748290202,-4.173764772444134
1772906266.7765307,0.12762368167125065,-0.16356378200803462,-9.371514390258213
1772906266.7902167,0.12762368167125065,-0.16356378200803462,-9.371514390258213
1772906266.806008,0.12762368167125065,-0.16356378200803462,-9.371514390258213
1772906266.8232634,0.12762368167125065,-0.16356378200803462,-9.371514390258213
1772906266.845875,0.12762368167125065,-0.16356378200803462,-9.371514390258213
1772906266.8666694,0.12762368167125065,-0.16356378200803462,-9.371514390258213
1772906266.8845744,0.12762368167125065,-0.16356378200803462,-9.371514390258213
1772906266.9137492,0.12762368167125065,-0.16356378200803462,-9.371514390258213
1772906266.944988,0.12762368167125065,-0.16356378200803462,-9.371514390258213
1772906267.0040627,0.12762368167125065,-0.16356378200803462,-9.371514390258213
1772906267.0574849,0.12762368167125065,-0.16356378200803462,-9.371514390258213
1772906267.0844195,0.12762368167125065,-0.16356378200803462,-9.371514390258213
1772906267.1125932,0.12762368167125065,-0.16356378200803462,-9.371514390258213
1772906267.134148,0.13000000973065728,-0.46469160479810084,-26.624867730092376
1772906267.1514835,0.13000000973065728,-0.46469160479810084,-26.624867730092376
1772906267.1668875,0.13000000973065728,-0.46469160479810084,-26.624867730092376
1772906267.1867487,0.13000000973065728,-0.46469160479810084,-26.624867730092376
1772906267.2010772,0.13000000973065728,-0.46469160479810084,-26.624867730092376
1772906267.2278738,0.13000000973065728,-0.46469160479810084,-26.624867730092376
1772906267.285709,0.13000000973065728,-0.46469160479810084,-26.624867730092376
1772906267.313052,0.13000000973065728,-0.46469160479810084,-26.624867730092376
1772906267.342223,0.13000000973065728,-0.46469160479810084,-26.624867730092376
1772906267.393507,0.13000000973065728,-0.46469160479810084,-26.624867730092376
1772906267.4268553,0.13000000973065728,-0.46469160479810084,-26.624867730092376
1772906267.4462292,0.13000000986991575,-0.5235987851624699,-30.000000547986637
1772906267.5000627,0.13000000986991575,-0.5235987851624699,-30.000000547986637
1772906267.5705512,0.13000000986991575,-0.5235987851624699,-30.000000547986637
1772906267.5986996,0.13000000986991575,-0.5235987851624699,-30.000000547986637
1772906267.615052,0.13000000986991575,-0.5235987851624699,-30.000000547986637
1772906267.6507032,0.13000000995706817,-0.5235987854626759,-30.00000056518717
1772906267.678432,0.13000000995706817,-0.5235987854626759,-30.00000056518717
1772906267.726851,0.13000000995706817,-0.5235987854626759,-30.00000056518717
1772906267.7598395,0.13000000995706817,-0.5235987854626759,-30.00000056518717
1772906267.8010664,0.13000000995706817,-0.5235987854626759,-30.00000056518717
1772906267.8545628,0.13000000995706817,-0.5235987854626759,-30.00000056518717
1772906267.9137347,0.13000000995706817,-0.5235987854626759,-30.00000056518717
1772906267.944222,0.13000000995706817,-0.5235987854626759,-30.00000056518717
1772906267.9776893,0.13000000996461938,-0.5235987854896873,-30.000000566734816
1772906268.005633,0.13000000996461938,-0.5235987854896873,-30.000000566734816
1772906268.026056,0.13000000996461938,-0.5235987854896873,-30.000000566734816
1772906268.056856,0.13000000996461938,-0.5235987854896873,-30.000000566734816
1772906268.0983307,0.13000000996461938,-0.5235987854896873,-30.000000566734816
1772906268.1184685,0.13000000996461938,-0.5235987854896873,-30.000000566734816
1772906268.1852124,0.13000000996461938,-0.5235987854896873,-30.000000566734816
1772906268.229547,0.13000000996461938,-0.5235987854896873,-30.000000566734816
1772906268.2596645,0.13000000997718295,-0.5235987855276903,-30.000000568912224
1772906268.2837188,0.13000000997718295,-0.5235987855276903,-30.000000568912224
1772906268.3043895,0.13000000997718295,-0.5235987855276903,-30.000000568912224
1772906268.3415878,0.13000000997718295,-0.5235987855276903,-30.000000568912224
1772906268.3928063,0.13000000997718295,-0.5235987855276903,-30.000000568912224
1772906268.4285727,0.13000000997718295,-0.5235987855276903,-30.000000568912224
1772906268.4943511,0.13000000997718295,-0.5235987855276903,-30.000000568912224
1772906268.5489895,0.13000000997718295,-0.5235987855276903,-30.000000568912224
1772906268.5830986,0.13000000998235017,-0.5235987855437526,-30.000000569832526
1772906268.6065786,0.13000000998235017,-0.5235987855437526,-30.000000569832526
1772906268.6227567,0.13000000998235017,-0.5235987855437526,-30.000000569832526
1772906268.6392224,0.13000000998235017,-0.5235987855437526,-30.000000569832526
1772906268.6657667,0.13000000998235017,-0.5235987855437526,-30.000000569832526
1772906268.6917098,0.13000000998235017,-0.5235987855437526,-30.000000569832526
1772906268.7088888,0.13000000998235017,-0.5235987855437526,-30.000000569832526
1772906268.7383144,0.13000000998235017,-0.5235987855437526,-30.000000569832526
1772906268.774192,0.13000000998235017,-0.5235987855437526,-30.000000569832526
1772906268.8161852,0.13000000998235017,-0.5235987855437526,-30.000000569832526
1772906268.8416843,0.13000000998235017,-0.5235987855437526,-30.000000569832526
1772906268.861683,0.1300000099837481,-0.5235987855487734,-30.000000570120196
1772906268.8980653,0.1300000099837481,-0.5235987855487734,-30.000000570120196
1772906268.9229977,0.1300000099837481,-0.5235987855487734,-30.000000570120196
1772906268.9432466,0.1300000099837481,-0.5235987855487734,-30.000000570120196
1772906268.9720907,0.1300000099837481,-0.5235987855487734,-30.000000570120196
1772906268.9967203,0.1300000099837481,-0.5235987855487734,-30.000000570120196
1772906269.0163496,0.1300000099837481,-0.5235987855487734,-30.000000570120196
1772906269.0404303,0.1300000099837481,-0.5235987855487734,-30.000000570120196
1772906269.0899355,0.1300000099837481,-0.5235987855487734,-30.000000570120196
1772906269.1071506,0.1300000099837481,-0.5235987855487734,-30.000000570120196
1772906269.136649,0.1300000099837481,-0.5235987855487734,-30.000000570120196
1772906269.1702156,0.13000000999454772,-0.5235987855820928,-30.000000572029258
1772906269.1921172,0.13000000999454772,-0.5235987855820928,-30.000000572029258
1772906269.223633,0.13000000999454772,-0.5235987855820928,-30.000000572029258
1772906269.2788877,0.13000000999454772,-0.5235987855820928,-30.000000572029258
1772906269.2977197,0.13000000999454772,-0.5235987855820928,-30.000000572029258
1772906269.3188696,0.13000000999454772,-0.5235987855820928,-30.000000572029258
1772906269.3859096,0.13000000999454772,-0.5235987855820928,-30.000000572029258
1772906269.4042969,0.13000000999454772,-0.5235987855820928,-30.000000572029258
1772906269.444153,0.13000000999454772,-0.5235987855820928,-30.000000572029258
1772906269.481899,0.13000000998569394,-0.5235987855560921,-30.000000570539523
1772906269.5096245,0.13000000998569394,-0.5235987855560921,-30.000000570539523
1772906269.5877898,0.13000000998569394,-0.5235987855560921,-30.000000570539523
1772906269.613141,0.13000000998569394,-0.5235987855560921,-30.000000570539523
1772906269.649426,0.13000000998569394,-0.5235987855560921,-30.000000570539523
1772906269.6746728,0.13000000998569394,-0.5235987855560921,-30.000000570539523
1772906269.7023034,0.13000000998569394,-0.5235987855560921,-30.000000570539523
1772906269.7335894,0.13000000998569394,-0.5235987855560921,-30.000000570539523
1772906269.7542965,0.13000000998569394,-0.5235987855560921,-30.000000570539523
1772906269.7744715,0.13000000998691796,-0.5235987855595317,-30.000000570736596
1772906269.7959168,0.13000000998691796,-0.5235987855595317,-30.000000570736596
1772906269.810622,0.13000000998691796,-0.5235987855595317,-30.000000570736596
1772906269.82951,0.13000000998691796,-0.5235987855595317,-30.000000570736596
1772906269.846124,0.13000000998691796,-0.5235987855595317,-30.000000570736596
1772906269.864006,0.13000000998691796,-0.5235987855595317,-30.000000570736596
1772906269.8825607,0.13000000998691796,-0.5235987855595317,-30.000000570736596
1772906269.9013488,0.13000000998691796,-0.5235987855595317,-30.000000570736596
1772906269.920653,0.13000000998691796,-0.5235987855595317,-30.000000570736596
1772906269.940217,0.13000000998691796,-0.5235987855595317,-30.000000570736596
1772906269.9676936,0.13000000998691796,-0.5235987855595317,-30.000000570736596
1772906269.985881,0.13000000998691796,-0.5235987855595317,-30.000000570736596
1772906270.0076146,0.13000000998691796,-0.5235987855595317,-30.000000570736596
1772906270.0366786,0.13000000998691796,-0.5235987855595317,-30.000000570736596
1772906270.0714335,0.13000000998880254,-0.5235987855653277,-30.000000571068686
1772906270.0989904,0.13000000998880254,-0.5235987855653277,-30.000000571068686
1772906270.1145723,0.13000000998880254,-0.5235987855653277,-30.000000571068686
1772906270.1369677,0.13000000998880254,-0.5235987855653277,-30.000000571068686
1772906270.1534986,0.13000000998880254,-0.5235987855653277,-30.000000571068686
1772906270.1828382,0.13000000998880254,-0.5235987855653277,-30.000000571068686
1772906270.2022219,0.13000000998880254,-0.5235987855653277,-30.000000571068686
1772906270.2159638,0.13000000998880254,-0.5235987855653277,-30.000000571068686
1772906270.233904,0.13000000998880254,-0.5235987855653277,-30.000000571068686
1772906270.2638426,0.13000000998880254,-0.5235987855653277,-30.000000571068686
1772906270.2963529,0.13000000998880254,-0.5235987855653277,-30.000000571068686
1772906270.3321471,0.13000000998880254,-0.5235987855653277,-30.000000571068686
1772906270.374707,0.1300000099961447,-0.5235987855869114,-30.000000572305346
1772906270.3992074,0.1300000099961447,-0.5235987855869114,-30.000000572305346
1772906270.4176369,0.1300000099961447,-0.5235987855869114,-30.000000572305346
1772906270.4348207,0.1300000099961447,-0.5235987855869114,-30.000000572305346
1772906270.4648848,0.1300000099961447,-0.5235987855869114,-30.000000572305346
1772906270.4943907,0.1300000099961447,-0.5235987855869114,-30.000000572305346
1772906270.5226793,0.1300000099961447,-0.5235987855869114,-30.000000572305346
1772906270.5437605,0.1300000099961447,-0.5235987855869114,-30.000000572305346
1772906270.5990934,0.1300000099961447,-0.5235987855869114,-30.000000572305346
1772906270.6224105,0.1300000099961447,-0.5235987855869114,-30.000000572305346
1772906270.6604288,0.1300000099961447,-0.5235987855869114,-30.000000572305346
1772906270.7017233,0.1300000099961447,-0.5235987855869114,-30.000000572305346
1772906270.7281973,0.13000000999008526,-0.5235987855687306,-30.000000571263662
1772906270.7598276,0.13000000999008526,-0.5235987855687306,-30.000000571263662
1772906270.79434,0.13000000999008526,-0.5235987855687306,-30.000000571263662
1772906270.8303423,0.13000000999008526,-0.5235987855687306,-30.000000571263662
1772906270.8578048,0.13000000999008526,-0.5235987855687306,-30.000000571263662
1772906270.9106054,0.13000000999008526,-0.5235987855687306,-30.000000571263662
1772906270.9409752,0.13000000999008526,-0.5235987855687306,-30.000000571263662
1772906270.973447,0.13000000999008526,-0.5235987855687306,-30.000000571263662
1772906271.0204463,0.13000000999008526,-0.5235987855687306,-30.000000571263662
1772906271.0483713,0.13000000999061412,-0.5235987855701513,-30.000000571345055
1772906271.0776544,0.13000000999061412,-0.5235987855701513,-30.000000571345055
1772906271.105584,0.13000000999061412,-0.5235987855701513,-30.000000571345055
1772906271.1315143,0.13000000999061412,-0.5235987855701513,-30.000000571345055
1772906271.1789937,0.13000000999061412,-0.5235987855701513,-30.000000571345055
1772906271.2112043,0.13000000999061412,-0.5235987855701513,-30.000000571345055
1772906271.2365384,0.13000000999061412,-0.5235987855701513,-30.000000571345055
1772906271.2619054,0.13000000999045716,-0.5235987855698568,-30.00000057132819
1772906271.2769635,0.13000000999045716,-0.5235987855698568,-30.00000057132819
1772906271.2979023,0.13000000999045716,-0.5235987855698568,-30.00000057132819
1772906271.3136976,0.13000000999045716,-0.5235987855698568,-30.00000057132819
1772906271.3386629,0.13000000999045716,-0.5235987855698568,-30.00000057132819
1772906271.360443,0.13000000999045716,-0.5235987855698568,-30.00000057132819
1772906271.3797555,0.13000000999045716,-0.5235987855698568,-30.00000057132819
1772906271.4127893,0.13000000999045716,-0.5235987855698568,-30.00000057132819
1772906271.4362936,0.13000000999045716,-0.5235987855698568,-30.00000057132819
1772906271.4656634,0.13000000999045716,-0.5235987855698568,-30.00000057132819
1772906271.480426,0.13000000999045716,-0.5235987855698568,-30.00000057132819
1772906271.5021691,0.13000000999045716,-0.5235987855698568,-30.00000057132819
1772906271.5314069,0.13000000999091338,-0.5235987855713297,-30.000000571412574
1772906271.5645132,0.13000000999091338,-0.5235987855713297,-30.000000571412574
1772906271.5836904,0.13000000999091338,-0.5235987855713297,-30.000000571412574
1772906271.6183472,0.13000000999091338,-0.5235987855713297,-30.000000571412574
1772906271.638621,0.13000000999091338,-0.5235987855713297,-30.000000571412574
1772906271.6772459,0.13000000999091338,-0.5235987855713297,-30.000000571412574
1772906271.725792,0.13000000999091338,-0.5235987855713297,-30.000000571412574
1772906271.764068,0.13000000999091338,-0.5235987855713297,-30.000000571412574
1772906271.7850459,0.13000000999091338,-0.5235987855713297,-30.000000571412574
1772906271.801095,0.13000000999091338,-0.5235987855713297,-30.000000571412574
1772906271.8475206,0.13000000999091338,-0.5235987855713297,-30.000000571412574
1772906271.8761141,0.130000009991293,-0.5235987855723825,-30.0000005714729
1772906271.9248328,0.130000009991293,-0.5235987855723825,-30.0000005714729
1772906271.946254,0.130000009991293,-0.5235987855723825,-30.0000005714729
1772906271.9703574,0.130000009991293,-0.5235987855723825,-30.0000005714729
1772906272.000178,0.130000009991293,-0.5235987855723825,-30.0000005714729
1772906272.0153873,0.130000009991293,-0.5235987855723825,-30.0000005714729
1772906272.0393634,0.130000009991293,-0.5235987855723825,-30.0000005714729
1772906272.0952032,0.130000009991293,-0.5235987855723825,-30.0000005714729
1772906272.1152537,0.130000009991293,-0.5235987855723825,-30.0000005714729
1772906272.1359222,0.130000009991293,-0.5235987855723825,-30.0000005714729
1772906272.1690214,0.1300000099914743,-0.5235987855730047,-30.000000571508544
1772906272.2011929,0.1300000099914743,-0.5235987855730047,-30.000000571508544
1772906272.2197356,0.1300000099914743,-0.5235987855730047,-30.000000571508544
1772906272.2382379,0.1300000099914743,-0.5235987855730047,-30.000000571508544
1772906272.2807937,0.1300000099914743,-0.5235987855730047,-30.000000571508544
1772906272.32255,0.1300000099914743,-0.5235987855730047,-30.000000571508544
1772906272.3470762,0.1300000099914743,-0.5235987855730047,-30.000000571508544
1772906272.3643377,0.1300000099914743,-0.5235987855730047,-30.000000571508544
1772906272.3849676,0.1300000099914743,-0.5235987855730047,-30.000000571508544
1772906272.4091852,0.1300000099914743,-0.5235987855730047,-30.000000571508544
1772906272.4378707,0.1300000099914743,-0.5235987855730047,-30.000000571508544
1772906272.4795444,0.13000000999707767,-0.5235987855896403,-30.000000572461698
1772906272.504117,0.13000000999707767,-0.5235987855896403,-30.000000572461698
1772906272.5219302,0.13000000999707767,-0.5235987855896403,-30.000000572461698
1772906272.5506618,0.13000000999707767,-0.5235987855896403,-30.000000572461698
1772906272.599323,0.13000000999707767,-0.5235987855896403,-30.000000572461698
1772906272.6511416,0.13000000999707767,-0.5235987855896403,-30.000000572461698
1772906272.6737916,0.13000000999707767,-0.5235987855896403,-30.000000572461698
1772906272.7091935,0.13000000999707767,-0.5235987855896403,-30.000000572461698
1772906272.730274,0.1300000099972599,-0.5235987855901449,-30.000000572490613
1772906272.753778,0.1300000099972599,-0.5235987855901449,-30.000000572490613
1772906272.7719767,0.1300000099972599,-0.5235987855901449,-30.000000572490613
1772906272.7880654,0.1300000099972599,-0.5235987855901449,-30.000000572490613
1772906272.8030229,0.1300000099972599,-0.5235987855901449,-30.000000572490613
1772906272.8368614,0.1300000099972599,-0.5235987855901449,-30.000000572490613
1772906272.8911288,0.1300000099972599,-0.5235987855901449,-30.000000572490613
1772906272.914386,0.1300000099972599,-0.5235987855901449,-30.000000572490613
1772906272.9278228,0.1300000099972599,-0.5235987855901449,-30.000000572490613
1772906272.9810402,0.1300000099972599,-0.5235987855901449,-30.000000572490613
1772906273.0275586,0.1300000099931204,-0.523598785577767,-30.000000571781403
1772906273.0740256,0.1300000099931204,-0.523598785577767,-30.000000571781403
1772906273.1108017,0.1300000099931204,-0.523598785577767,-30.000000571781403
1772906273.1444178,0.1300000099931204,-0.523598785577767,-30.000000571781403
1772906273.1897755,0.1300000099931204,-0.523598785577767,-30.000000571781403
1772906273.2170458,0.1300000099931204,-0.523598785577767,-30.000000571781403
1772906273.2413626,0.1300000099931204,-0.523598785577767,-30.000000571781403
1772906273.2650714,0.1300000099931204,-0.523598785577767,-30.000000571781403
1772906273.2873683,0.1300000099931204,-0.523598785577767,-30.000000571781403
1772906273.3045366,0.1300000099931204,-0.523598785577767,-30.000000571781403
1772906273.3253126,0.1300000099931204,-0.523598785577767,-30.000000571781403
1772906273.3463323,0.1300000099933747,-0.5235987855785796,-30.000000571827968
1772906273.3931496,0.1300000099933747,-0.5235987855785796,-30.000000571827968
1772906273.4331868,0.1300000099933747,-0.5235987855785796,-30.000000571827968
1772906273.477247,0.1300000099933747,-0.5235987855785796,-30.000000571827968
1772906273.5146856,0.1300000099933747,-0.5235987855785796,-30.000000571827968
1772906273.542988,0.1300000099933747,-0.5235987855785796,-30.000000571827968
1772906273.5818965,0.1300000099933747,-0.5235987855785796,-30.000000571827968
1772906273.6098866,0.1300000099933747,-0.5235987855785796,-30.000000571827968
1772906273.6394699,0.1300000099938852,-0.5235987855800421,-30.000000571911762
1772906273.6808145,0.1300000099938852,-0.5235987855800421,-30.000000571911762
1772906273.7032323,0.1300000099938852,-0.5235987855800421,-30.000000571911762
1772906273.7220905,0.1300000099938852,-0.5235987855800421,-30.000000571911762
1772906273.743057,0.1300000099938852,-0.5235987855800421,-30.000000571911762
1772906273.7710304,0.1300000099938852,-0.5235987855800421,-30.000000571911762
1772906273.7946477,0.1300000099938852,-0.5235987855800421,-30.000000571911762
1772906273.8155212,0.1300000099938852,-0.5235987855800421,-30.000000571911762
1772906273.8680124,0.1300000099938852,-0.5235987855800421,-30.000000571911762
1772906273.893424,0.1300000099938852,-0.5235987855800421,-30.000000571911762
1772906273.93119,0.1300000099938852,-0.5235987855800421,-30.000000571911762
1772906273.9488034,0.13000000999786088,-0.523598785591937,-30.000000572593287
1772906273.9622722,0.13000000999786088,-0.523598785591937,-30.000000572593287
1772906273.9872384,0.13000000999786088,-0.523598785591937,-30.000000572593287
1772906274.0028698,0.13000000999786088,-0.523598785591937,-30.000000572593287
1772906274.0485547,0.13000000999786088,-0.523598785591937,-30.000000572593287
1772906274.0881975,0.13000000999786088,-0.523598785591937,-30.000000572593287
1772906274.1214275,0.13000000999786088,-0.523598785591937,-30.000000572593287
1772906274.1899073,0.13000000999786088,-0.523598785591937,-30.000000572593287
1772906274.2287009,0.13000000999786088,-0.523598785591937,-30.000000572593287
1772906274.251838,0.13000000999786088,-0.523598785591937,-30.000000572593287
1772906274.2820277,0.13000000999786088,-0.523598785591937,-30.000000572593287
1772906274.322309,0.13000000999786088,-0.523598785591937,-30.000000572593287
1772906274.3530905,0.13000000999786088,-0.523598785591937,-30.000000572593287
1772906274.3859637,0.13000000999440162,-0.5235987855816764,-30.0000005720054
1772906274.4671094,0.13000000999440162,-0.5235987855816764,-30.0000005720054
1772906274.516397,0.13000000999440162,-0.5235987855816764,-30.0000005720054
1772906274.566136,0.13000000999440162,-0.5235987855816764,-30.0000005720054
1772906274.5964568,0.13000000999470207,-0.5235987855825613,-30.000000572056102
1772906274.6305466,0.13000000999470207,-0.5235987855825613,-30.000000572056102
1772906274.6593704,0.13000000999470207,-0.5235987855825613,-30.000000572056102
1772906274.6894674,0.13000000999470207,-0.5235987855825613,-30.000000572056102
1772906274.722083,0.13000000999470207,-0.5235987855825613,-30.000000572056102
1772906274.768966,0.13000000999470207,-0.5235987855825613,-30.000000572056102
1772906274.8000643,0.13000000999470207,-0.5235987855825613,-30.000000572056102
1772906274.82758,0.13000000999470207,-0.5235987855825613,-30.000000572056102
1772906274.8690007,0.13000000999470207,-0.5235987855825613,-30.000000572056102
1772906274.9030967,0.1300000099949376,-0.5235987855833567,-30.000000572101673
1772906274.926336,0.1300000099949376,-0.5235987855833567,-30.000000572101673
1772906274.9417677,0.1300000099949376,-0.5235987855833567,-30.000000572101673
1772906274.9689205,0.1300000099949376,-0.5235987855833567,-30.000000572101673
1772906275.002907,0.1300000099949376,-0.5235987855833567,-30.000000572101673
1772906275.0248995,0.1300000099949376,-0.5235987855833567,-30.000000572101673
1772906275.0717185,0.1300000099949376,-0.5235987855833567,-30.000000572101673
1772906275.1152644,0.1300000099949376,-0.5235987855833567,-30.000000572101673
1772906275.1427646,0.1300000099949376,-0.5235987855833567,-30.000000572101673
1772906275.1621826,0.13000000999817582,-0.5235987855929755,-30.000000572652787
1772906275.1859293,0.13000000999817582,-0.5235987855929755,-30.000000572652787
1772906275.2039466,0.13000000999817582,-0.5235987855929755,-30.000000572652787
1772906275.228908,0.13000000999817582,-0.5235987855929755,-30.000000572652787
1772906275.2573123,0.13000000999817582,-0.5235987855929755,-30.000000572652787
1772906275.2960541,0.13000000999817582,-0.5235987855929755,-30.000000572652787
1772906275.313625,0.13000000999817582,-0.5235987855929755,-30.000000572652787
1772906275.3447268,0.13000000999817582,-0.5235987855929755,-30.000000572652787
1772906275.408457,0.13000000999817582,-0.5235987855929755,-30.000000572652787
1772906275.4347901,0.13000000999817582,-0.5235987855929755,-30.000000572652787
1772906275.4571838,0.13000000999817582,-0.5235987855929755,-30.000000572652787
1772906275.4746416,0.13000000999817582,-0.5235987855929755,-30.000000572652787
1772906275.5044494,0.1300000099982026,-0.523598785593087,-30.00000057265918
1772906275.536225,0.1300000099982026,-0.523598785593087,-30.00000057265918
1772906275.558616,0.1300000099982026,-0.523598785593087,-30.00000057265918
1772906275.5982223,0.1300000099982026,-0.523598785593087,-30.00000057265918
1772906275.6954932,0.1300000099982026,-0.523598785593087,-30.00000057265918
1772906275.717729,0.1300000099982026,-0.523598785593087,-30.00000057265918
1772906275.7375214,0.1300000099982026,-0.523598785593087,-30.00000057265918
1772906275.7691054,0.1300000099982026,-0.523598785593087,-30.00000057265918
1772906275.7895093,0.1300000099952127,-0.5235987855843813,-30.00000057216038
1772906275.8465164,0.1300000099952127,-0.5235987855843813,-30.00000057216038
1772906275.8988152,0.1300000099952127,-0.5235987855843813,-30.00000057216038
1772906275.9261632,0.1300000099952127,-0.5235987855843813,-30.00000057216038
1772906275.9737997,0.1300000099952127,-0.5235987855843813,-30.00000057216038
1772906276.0014524,0.1300000099952127,-0.5235987855843813,-30.00000057216038
1772906276.0255468,0.1300000099952127,-0.5235987855843813,-30.00000057216038
1772906276.0595136,0.1300000099952127,-0.5235987855843813,-30.00000057216038
1772906276.104852,0.1300000099952127,-0.5235987855843813,-30.00000057216038
1772906276.1505153,0.1300000099952127,-0.5235987855843813,-30.00000057216038
1772906276.199379,0.1300000099952127,-0.5235987855843813,-30.00000057216038
1772906276.2352846,0.1300000099952127,-0.5235987855843813,-30.00000057216038
1772906276.259313,0.1300000099952127,-0.5235987855843813,-30.00000057216038
1772906276.2776434,0.1300000099952127,-0.5235987855843813,-30.00000057216038
1772906276.3012912,0.1300000099952127,-0.5235987855843813,-30.00000057216038
1772906276.328458,0.1300000099952127,-0.5235987855843813,-30.00000057216038
1772906276.367808,0.1300000099952127,-0.5235987855843813,-30.00000057216038
1772906276.3968854,0.1300000099952127,-0.5235987855843813,-30.00000057216038
1772906276.4153063,0.1300000099952127,-0.5235987855843813,-30.00000057216038
1772906276.4459906,0.1300000099952127,-0.5235987855843813,-30.00000057216038
1772906276.4740555,0.1300000099952127,-0.5235987855843813,-30.00000057216038
1772906276.5122755,0.1300000099952127,-0.5235987855843813,-30.00000057216038
1772906276.5690627,0.1300000099952127,-0.5235987855843813,-30.00000057216038
1772906276.586495,0.1300000099952127,-0.5235987855843813,-30.00000057216038
1772906276.6281636,0.1300000099952127,-0.5235987855843813,-30.00000057216038
1772906276.6875315,0.1300000099952127,-0.5235987855843813,-30.00000057216038
1772906276.7115934,0.1300000099952127,-0.5235987855843813,-30.00000057216038
1772906276.7336986,0.1300000099952127,-0.5235987855843813,-30.00000057216038
1772906276.7525275,0.1300000099952127,-0.5235987855843813,-30.00000057216038
1772906276.7856665,0.1300000099952127,-0.5235987855843813,-30.00000057216038
1772906276.836478,-0.13000000999592826,-0.523598785584181,-30.000000572148906
1772906276.8674934,-0.13000000999592826,-0.523598785584181,-30.000000572148906
1772906276.905725,-0.13000000999592826,-0.523598785584181,-30.000000572148906
1772906276.924785,-0.13000000999636965,-0.5235987855857012,-30.000000572236
1772906276.9862938,-0.13000000999636965,-0.5235987855857012,-30.000000572236
1772906277.0153189,-0.13000000999636965,-0.5235987855857012,-30.000000572236
1772906277.0338538,-0.13000000999636965,-0.5235987855857012,-30.000000572236
1772906277.0577037,-0.13000000999636965,-0.5235987855857012,-30.000000572236
1772906277.1217556,-0.13000000999629152,-0.5235987855854637,-30.000000572222394
1772906277.171122,-0.13000000999629152,-0.5235987855854637,-30.000000572222394
1772906277.201728,-0.13000000999629152,-0.5235987855854637,-30.000000572222394
1772906277.2202961,-0.13000000999629152,-0.5235987855854637,-30.000000572222394
1772906277.235519,-0.13000000999629152,-0.5235987855854637,-30.000000572222394
1772906277.2573242,-0.13000000999628028,-0.5235987855854698,-30.000000572222742
1772906277.3010786,-0.13000000999628028,-0.5235987855854698,-30.000000572222742
1772906277.3222325,-0.13000000999628028,-0.5235987855854698,-30.000000572222742
1772906277.341857,-0.13000000999628028,-0.5235987855854698,-30.000000572222742
1772906277.365546,-0.13000000999628028,-0.5235987855854698,-30.000000572222742
1772906277.3993235,-0.13000000999640973,-0.5235987855858861,-30.0000005722466
1772906277.425067,-0.13000000999640973,-0.5235987855858861,-30.0000005722466
1772906277.450267,-0.13000000999640973,-0.5235987855858861,-30.0000005722466
1772906277.5358756,-0.13000000999640973,-0.5235987855858861,-30.0000005722466
1772906277.5824058,-0.13000000999640973,-0.5235987855858861,-30.0000005722466
1772906277.611714,-0.13000000999640973,-0.5235987855858861,-30.0000005722466
1772906277.6721992,-0.13000000999640973,-0.5235987855858861,-30.0000005722466
1772906277.6905315,-0.1300000099964493,-0.523598785586063,-30.00000057225673
1772906277.7054114,-0.1300000099964493,-0.523598785586063,-30.00000057225673
1772906277.7218297,-0.1300000099964493,-0.523598785586063,-30.00000057225673
1772906277.737974,-0.1300000099964493,-0.523598785586063,-30.00000057225673
1772906277.77752,-0.1300000099964493,-0.523598785586063,-30.00000057225673
1772906277.800643,-0.1300000099964493,-0.523598785586063,-30.00000057225673
1772906277.8301563,-0.1300000099964493,-0.523598785586063,-30.00000057225673
1772906277.8460562,-0.1300000099964493,-0.523598785586063,-30.00000057225673
1772906277.8943434,-0.1300000099964493,-0.523598785586063,-30.00000057225673
1772906277.939615,-0.1300000099964493,-0.523598785586063,-30.00000057225673
1772906277.9951153,-0.13000000999643338,-0.5235987855860081,-30.000000572253587
1772906278.0141125,-0.13000000999643338,-0.5235987855860081,-30.000000572253587
1772906278.0264938,-0.13000000999643338,-0.5235987855860081,-30.000000572253587
1772906278.079989,-0.13000000999643338,-0.5235987855860081,-30.000000572253587
1772906278.1210983,-0.13000000999643338,-0.5235987855860081,-30.000000572253587
1772906278.1535487,-0.13000000999643338,-0.5235987855860081,-30.000000572253587
1772906278.1936672,-0.13000000999643338,-0.5235987855860081,-30.000000572253587
1772906278.2326617,-0.13000000999659916,-0.523598785586595,-30.000000572287217
1772906278.2586336,-0.13000000999659916,-0.523598785586595,-30.000000572287217
1772906278.2829576,-0.13000000999659916,-0.523598785586595,-30.000000572287217
1772906278.3108606,-0.13000000999659916,-0.523598785586595,-30.000000572287217
1772906278.3526342,-0.13000000999659916,-0.523598785586595,-30.000000572287217
1772906278.431738,-0.13000000999659916,-0.523598785586595,-30.000000572287217
1772906278.4730248,-0.13000000999659916,-0.523598785586595,-30.000000572287217
1772906278.5090632,-0.13000000999659916,-0.523598785586595,-30.000000572287217
1772906278.526987,-0.13000000999659916,-0.523598785586595,-30.000000572287217
1772906278.5585284,-0.13000000999659916,-0.523598785586595,-30.000000572287217
1772906278.5944514,-0.13000000999659916,-0.523598785586595,-30.000000572287217
1772906278.6395423,-0.13000000999595498,-0.5235987855843417,-30.000000572158108
1772906278.7051919,-0.13000000999595498,-0.5235987855843417,-30.000000572158108
1772906278.7314909,-0.13000000999595498,-0.5235987855843417,-30.000000572158108
1772906278.7617192,-0.13000000999595498,-0.5235987855843417,-30.000000572158108
1772906278.8021975,-0.13000000999595498,-0.5235987855843417,-30.000000572158108
1772906278.8253798,-0.13000000999595498,-0.5235987855843417,-30.000000572158108
1772906278.865491,-0.13000000999605138,-0.5235987855844741,-30.000000572165696
1772906278.8800488,-0.13000000999605138,-0.5235987855844741,-30.000000572165696
1772906278.9072118,-0.13000000999605138,-0.5235987855844741,-30.000000572165696
1772906278.9398794,-0.13000000999605138,-0.5235987855844741,-30.000000572165696
1772906278.9604156,-0.13000000999605138,-0.5235987855844741,-30.000000572165696
1772906279.0163376,-0.13000000999605138,-0.5235987855844741,-30.000000572165696
1772906279.0486128,-0.13000000999605138,-0.5235987855844741,-30.000000572165696
1772906279.0839748,-0.13000000999605138,-0.5235987855844741,-30.000000572165696
1772906279.1499612,-0.13000000999605138,-0.5235987855844741,-30.000000572165696
1772906279.1815438,-0.13000000999605138,-0.5235987855844741,-30.000000572165696
1772906279.2331,-0.13000000999605138,-0.5235987855844741,-30.000000572165696
1772906279.2562761,-0.13000000999605138,-0.5235987855844741,-30.000000572165696
1772906279.3078759,-0.13000000999605138,-0.5235987855844741,-30.000000572165696
1772906279.329251,-0.13000000999605138,-0.5235987855844741,-30.000000572165696
1772906279.3548386,-0.13000000999605138,-0.5235987855844741,-30.000000572165696
1772906279.403817,-0.13000000999605138,-0.5235987855844741,-30.000000572165696
1772906279.424208,-0.13000000999605138,-0.5235987855844741,-30.000000572165696
1772906279.4672253,-0.13000000999605138,-0.5235987855844741,-30.000000572165696
1772906279.4883156,-0.13000000999605138,-0.5235987855844741,-30.000000572165696
1772906279.5187485,0.1300000099951036,-0.5235987855833909,-30.00000057210363
1772906279.5627224,0.1300000099951036,-0.5235987855833909,-30.00000057210363
1772906279.616815,0.1300000099951036,-0.5235987855833909,-30.00000057210363
1772906279.6701734,0.1300000099981452,-0.523598785592785,-30.000000572641877
1772906279.7385583,0.1300000099981452,-0.523598785592785,-30.000000572641877
1772906279.7672422,0.1300000099981452,-0.523598785592785,-30.000000572641877
1772906279.7897553,0.1300000099981452,-0.523598785592785,-30.000000572641877
1772906279.8062043,0.1300000099981452,-0.523598785592785,-30.000000572641877
1772906279.8407872,0.13000000999812145,-0.5235987855927396,-30.000000572639276
1772906279.8636632,0.13000000999812145,-0.5235987855927396,-30.000000572639276
1772906279.8799012,0.13000000999812145,-0.5235987855927396,-30.000000572639276
1772906279.8963447,0.13000000999812145,-0.5235987855927396,-30.000000572639276
1772906279.9100196,0.13000000999812145,-0.5235987855927396,-30.000000572639276
1772906279.9241366,0.1300000099948173,-0.5235987855830173,-30.000000572082225
1772906279.9379134,0.1300000099948173,-0.5235987855830173,-30.000000572082225
1772906279.9514422,0.1300000099948173,-0.5235987855830173,-30.000000572082225
1772906279.965453,0.1300000099948173,-0.5235987855830173,-30.000000572082225
1772906279.9780598,0.1300000099948173,-0.5235987855830173,-30.000000572082225
1772906279.9929862,0.1300000099948173,-0.5235987855830173,-30.000000572082225
1772906280.0065632,0.1300000099948173,-0.5235987855830173,-30.000000572082225
1772906280.0189147,0.1300000099948173,-0.5235987855830173,-30.000000572082225
1772906280.0353131,0.1300000099948173,-0.5235987855830173,-30.000000572082225
1772906280.049153,0.1300000099948173,-0.5235987855830173,-30.000000572082225
1772906280.0614703,0.1300000099948173,-0.5235987855830173,-30.000000572082225
1772906280.0763288,0.1300000099948173,-0.5235987855830173,-30.000000572082225
1772906280.0916078,0.1300000099948173,-0.5235987855830173,-30.000000572082225
1772906280.1052282,0.1300000099948173,-0.5235987855830173,-30.000000572082225
1772906280.1243093,0.1300000099948173,-0.5235987855830173,-30.000000572082225
1772906280.1393247,0.1300000099948173,-0.5235987855830173,-30.000000572082225
1772906280.164041,0.1300000099948173,-0.5235987855830173,-30.000000572082225
1772906280.1821132,0.1300000099948173,-0.5235987855830173,-30.000000572082225
1772906280.1980546,0.1300000099948173,-0.5235987855830173,-30.000000572082225
1772906280.2154772,0.13000000999484512,-0.5235987855832173,-30.000000572093683
1772906280.233202,0.13000000999484512,-0.5235987855832173,-30.000000572093683
1772906280.247742,0.13000000999484512,-0.5235987855832173,-30.000000572093683
1772906280.2647953,0.13000000999484512,-0.5235987855832173,-30.000000572093683
1772906280.27887,0.13000000999484512,-0.5235987855832173,-30.000000572093683
1772906280.2913194,0.13000000999484512,-0.5235987855832173,-30.000000572093683
1772906280.3067653,0.13000000999484512,-0.5235987855832173,-30.000000572093683
1772906280.3213742,0.13000000999484512,-0.5235987855832173,-30.000000572093683
1772906280.3343885,0.13000000999484512,-0.5235987855832173,-30.000000572093683
1772906280.3467085,0.13000000999484512,-0.5235987855832173,-30.000000572093683
1772906280.359504,0.13000000999484512,-0.5235987855832173,-30.000000572093683
1772906280.374472,0.13000000999484512,-0.5235987855832173,-30.000000572093683
1772906280.389061,0.13000000999484512,-0.5235987855832173,-30.000000572093683
1772906280.4037719,0.13000000999484512,-0.5235987855832173,-30.000000572093683
1772906280.4188645,0.13000000999484512,-0.5235987855832173,-30.000000572093683
1772906280.4351265,0.13000000999484512,-0.5235987855832173,-30.000000572093683
1772906280.4508677,0.13000000999484512,-0.5235987855832173,-30.000000572093683
1772906280.4669495,0.13000000999484512,-0.5235987855832173,-30.000000572093683
1772906280.4826233,0.13000000999484512,-0.5235987855832173,-30.000000572093683
1772906280.4969785,0.1300000099981798,-0.523598785593008,-30.000000572654653
1772906280.5140102,0.1300000099981798,-0.523598785593008,-30.000000572654653
1772906280.5285244,0.1300000099981798,-0.523598785593008,-30.000000572654653
1772906280.5578904,0.1300000099981798,-0.523598785593008,-30.000000572654653
1772906280.5732849,0.1300000099981798,-0.523598785593008,-30.000000572654653
1772906280.5940852,0.1300000099981798,-0.523598785593008,-30.000000572654653
1772906280.6104457,0.1300000099981798,-0.523598785593008,-30.000000572654653
1772906280.628321,0.1300000099981798,-0.523598785593008,-30.000000572654653
1772906280.6419506,0.1300000099981798,-0.523598785593008,-30.000000572654653
1772906280.6599605,0.1300000099981798,-0.523598785593008,-30.000000572654653
1772906280.6732693,0.1300000099981798,-0.523598785593008,-30.000000572654653
1772906280.687403,0.1300000099981798,-0.523598785593008,-30.000000572654653
1772906280.7072,0.1300000099981798,-0.523598785593008,-30.000000572654653
1772906280.7201447,0.1300000099981798,-0.523598785593008,-30.000000572654653
1772906280.7382662,0.1300000099981798,-0.523598785593008,-30.000000572654653
1772906280.759163,0.1300000099981798,-0.523598785593008,-30.000000572654653
1772906280.7733438,0.1300000099981798,-0.523598785593008,-30.000000572654653
1772906280.787909,0.1300000099981798,-0.523598785593008,-30.000000572654653
1772906280.8031259,0.1300000099981798,-0.523598785593008,-30.000000572654653
1772906280.8165314,0.1300000099981798,-0.523598785593008,-30.000000572654653
1772906280.8294077,-0.13000000999624958,-0.5235987855848061,-30.000000572184717
1772906280.8464239,-0.13000000999624958,-0.5235987855848061,-30.000000572184717
1772906280.8620872,-0.13000000999624958,-0.5235987855848061,-30.000000572184717
1772906280.8785872,-0.13000000999624958,-0.5235987855848061,-30.000000572184717
1772906280.8914897,-0.13000000999624958,-0.5235987855848061,-30.000000572184717
1772906280.9059207,-0.13000000999624958,-0.5235987855848061,-30.000000572184717
1772906280.9228096,-0.13000000999624958,-0.5235987855848061,-30.000000572184717
1772906280.935156,-0.13000000999624958,-0.5235987855848061,-30.000000572184717
1772906280.9475026,-0.13000000999624958,-0.5235987855848061,-30.000000572184717
1772906280.9607131,-0.13000000999624958,-0.5235987855848061,-30.000000572184717
1772906280.973865,-0.13000000999624958,-0.5235987855848061,-30.000000572184717
1772906280.9869204,-0.13000000999624958,-0.5235987855848061,-30.000000572184717
1772906281.001263,-0.13000000999624958,-0.5235987855848061,-30.000000572184717
1772906281.0197346,-0.13000000999624958,-0.5235987855848061,-30.000000572184717
1772906281.0446122,-0.13000000999624958,-0.5235987855848061,-30.000000572184717
1772906281.0610878,-0.13000000999624958,-0.5235987855848061,-30.000000572184717
1772906281.0863209,-0.13000000999624958,-0.5235987855848061,-30.000000572184717
1772906281.1117027,-0.13000000999624958,-0.5235987855848061,-30.000000572184717
1772906281.1265812,-0.13000000999611985,-0.5235987855843479,-30.000000572158463
1772906281.1467679,-0.13000000999611985,-0.5235987855843479,-30.000000572158463
1772906281.1634736,-0.13000000999611985,-0.5235987855843479,-30.000000572158463
1772906281.1778595,-0.13000000999611985,-0.5235987855843479,-30.000000572158463
1772906281.195904,-0.13000000999611985,-0.5235987855843479,-30.000000572158463
1772906281.2213967,-0.13000000999611985,-0.5235987855843479,-30.000000572158463
1772906281.240297,-0.13000000999611985,-0.5235987855843479,-30.000000572158463
1772906281.2574453,-0.13000000999611985,-0.5235987855843479,-30.000000572158463
1772906281.2710543,-0.13000000999611985,-0.5235987855843479,-30.000000572158463
1772906281.2839718,-0.13000000999611985,-0.5235987855843479,-30.000000572158463
1772906281.300753,-0.13000000999611985,-0.5235987855843479,-30.000000572158463
1772906281.3147717,-0.13000000999611985,-0.5235987855843479,-30.000000572158463
1772906281.327155,-0.13000000999611985,-0.5235987855843479,-30.000000572158463
1772906281.3472474,-0.13000000999611985,-0.5235987855843479,-30.000000572158463
1772906281.3602269,-0.13000000999611985,-0.5235987855843479,-30.000000572158463
1772906281.3749864,-0.13000000999611985,-0.5235987855843479,-30.000000572158463
1772906281.3936791,-0.13000000999612824,-0.5235987855844908,-30.000000572166652
1772906281.4063566,-0.13000000999612824,-0.5235987855844908,-30.000000572166652
1772906281.4234684,-0.13000000999612824,-0.5235987855844908,-30.000000572166652
1772906281.4375393,-0.13000000999612824,-0.5235987855844908,-30.000000572166652
1772906281.4506154,-0.13000000999612824,-0.5235987855844908,-30.000000572166652
1772906281.4632237,-0.13000000999612824,-0.5235987855844908,-30.000000572166652
1772906281.4796357,-0.13000000999612824,-0.5235987855844908,-30.000000572166652
1772906281.4920933,-0.13000000999612824,-0.5235987855844908,-30.000000572166652
1772906281.5046842,-0.13000000999612824,-0.5235987855844908,-30.000000572166652
1772906281.5181174,-0.13000000999612824,-0.5235987855844908,-30.000000572166652
1772906281.5326848,-0.13000000999612824,-0.5235987855844908,-30.000000572166652
1772906281.5456908,-0.13000000999612824,-0.5235987855844908,-30.000000572166652
1772906281.5626187,-0.13000000999612824,-0.5235987855844908,-30.000000572166652
1772906281.5843616,-0.13000000999612824,-0.5235987855844908,-30.000000572166652
1772906281.597719,-0.13000000999612824,-0.5235987855844908,-30.000000572166652
1772906281.6176996,-0.13000000999612824,-0.5235987855844908,-30.000000572166652
1772906281.6410728,-0.13000000999612824,-0.5235987855844908,-30.000000572166652
1772906281.6602066,-0.13000000999612824,-0.5235987855844908,-30.000000572166652
1772906281.681016,-0.13000000999612824,-0.5235987855844908,-30.000000572166652
1772906281.705436,-0.1300000099958097,-0.5235987855816049,-30.0000005720013
1772906281.7353587,-0.1300000099958097,-0.5235987855816049,-30.0000005720013
1772906281.751585,-0.1300000099958097,-0.5235987855816049,-30.0000005720013
1772906281.7673912,-0.1300000099958097,-0.5235987855816049,-30.0000005720013
1772906281.78404,-0.1300000099958097,-0.5235987855816049,-30.0000005720013
1772906281.797949,-0.1300000099958097,-0.5235987855816049,-30.0000005720013
1772906281.8104305,-0.1300000099958097,-0.5235987855816049,-30.0000005720013
1772906281.8248804,-0.1300000099958097,-0.5235987855816049,-30.0000005720013
1772906281.8405323,-0.1300000099958097,-0.5235987855816049,-30.0000005720013
1772906281.8536077,-0.1300000099958097,-0.5235987855816049,-30.0000005720013
1772906281.8661256,-0.1300000099958097,-0.5235987855816049,-30.0000005720013
1772906281.8796542,-0.1300000099958097,-0.5235987855816049,-30.0000005720013
1772906281.8961055,-0.1300000099958097,-0.5235987855816049,-30.0000005720013
1772906281.9086823,-0.1300000099958097,-0.5235987855816049,-30.0000005720013
1772906281.9218986,-0.1300000099958097,-0.5235987855816049,-30.0000005720013
1772906281.9344692,-0.1300000099958097,-0.5235987855816049,-30.0000005720013
1772906281.9481676,-0.1300000099958097,-0.5235987855816049,-30.0000005720013
1772906281.9626307,-0.1300000099958097,-0.5235987855816049,-30.0000005720013
1772906281.976216,-0.13000000999575242,-0.5235987855815402,-30.000000571997592
1772906281.9916427,-0.13000000999575242,-0.5235987855815402,-30.000000571997592
1772906282.005078,-0.13000000999575242,-0.5235987855815402,-30.000000571997592
1772906282.0176866,-0.13000000999575242,-0.5235987855815402,-30.000000571997592
1772906282.031137,-0.13000000999575242,-0.5235987855815402,-30.000000571997592
1772906282.053742,-0.13000000999575242,-0.5235987855815402,-30.000000571997592
1772906282.0696578,-0.13000000999575242,-0.5235987855815402,-30.000000571997592
1772906282.0899227,-0.13000000999575242,-0.5235987855815402,-30.000000571997592
1772906282.107709,-0.13000000999575242,-0.5235987855815402,-30.000000571997592
1772906282.1232927,-0.13000000999575242,-0.5235987855815402,-30.000000571997592
1772906282.138648,-0.13000000999575242,-0.5235987855815402,-30.000000571997592
1772906282.1617494,-0.13000000999575242,-0.5235987855815402,-30.000000571997592
1772906282.176083,-0.13000000999575242,-0.5235987855815402,-30.000000571997592
1772906282.1953151,-0.13000000999575242,-0.5235987855815402,-30.000000571997592
1772906282.2099478,-0.13000000999575242,-0.5235987855815402,-30.000000571997592
1772906282.2239566,-0.13000000999575242,-0.5235987855815402,-30.000000571997592
1772906282.245387,-0.13000000999575242,-0.5235987855815402,-30.000000571997592
1772906282.2633944,-0.13000000999575242,-0.5235987855815402,-30.000000571997592
1772906282.2864392,-0.13000000999575242,-0.5235987855815402,-30.000000571997592
1772906282.30465,-0.13000000999575242,-0.5235987855815402,-30.000000571997592
1772906282.3175285,-0.13000000999575242,-0.5235987855815402,-30.000000571997592
1772906282.3321774,-0.13000000999575242,-0.5235987855815402,-30.000000571997592
1772906282.3459258,-0.13000000999575242,-0.5235987855815402,-30.000000571997592
1772906282.358653,-0.13000000999575242,-0.5235987855815402,-30.000000571997592
1772906282.3727334,-0.13000000999575242,-0.5235987855815402,-30.000000571997592
1772906282.3866925,-0.13000000999575242,-0.5235987855815402,-30.000000571997592
1772906282.409013,-0.13000000999575242,-0.5235987855815402,-30.000000571997592
1772906282.4220784,-0.13000000999575242,-0.5235987855815402,-30.000000571997592
1772906282.4395618,-0.13000000999575242,-0.5235987855815402,-30.000000571997592
1772906282.4529493,-0.13000000999575242,-0.5235987855815402,-30.000000571997592
1772906282.4663787,0.1300000099948445,-0.523598785584778,-30.000000572183108
1772906282.4847994,0.1300000099948445,-0.523598785584778,-30.000000572183108
1772906282.4997828,0.1300000099948445,-0.523598785584778,-30.000000572183108
1772906282.5145388,0.1300000099948445,-0.523598785584778,-30.000000572183108
1772906282.5271542,0.1300000099948445,-0.523598785584778,-30.000000572183108
1772906282.5509312,0.1300000099948445,-0.523598785584778,-30.000000572183108
1772906282.565081,0.1300000099948445,-0.523598785584778,-30.000000572183108
1772906282.5840223,0.1300000099948445,-0.523598785584778,-30.000000572183108
1772906282.5997207,0.1300000099948445,-0.523598785584778,-30.000000572183108
1772906282.623296,0.13000000999468128,-0.5235987855843725,-30.00000057215987
1772906282.6412022,0.13000000999468128,-0.5235987855843725,-30.00000057215987
1772906282.6669085,0.13000000999468128,-0.5235987855843725,-30.00000057215987
1772906282.6851618,0.13000000999468128,-0.5235987855843725,-30.00000057215987
1772906282.699727,0.13000000999468128,-0.5235987855843725,-30.00000057215987
1772906282.721502,0.13000000999468128,-0.5235987855843725,-30.00000057215987
1772906282.7380736,0.13000000999468128,-0.5235987855843725,-30.00000057215987
1772906282.7516572,0.13000000999468128,-0.5235987855843725,-30.00000057215987
1772906282.771045,0.13000000999468128,-0.5235987855843725,-30.00000057215987
1772906282.7876632,0.13000000999468128,-0.5235987855843725,-30.00000057215987
1772906282.8008518,0.13000000999468128,-0.5235987855843725,-30.00000057215987
1772906282.814374,0.13000000999468128,-0.5235987855843725,-30.00000057215987
1772906282.8268857,0.13000000999468128,-0.5235987855843725,-30.00000057215987
1772906282.8441598,0.13000000999468128,-0.5235987855843725,-30.00000057215987
1772906282.8606098,0.13000000999468128,-0.5235987855843725,-30.00000057215987
1772906282.8771677,0.13000000999410413,-0.523598785585228,-30.00000057220889
1772906282.8934844,0.13000000999410413,-0.523598785585228,-30.00000057220889
1772906282.9065914,0.13000000999410413,-0.523598785585228,-30.00000057220889
1772906282.920709,0.13000000999410413,-0.523598785585228,-30.00000057220889
1772906282.9351952,0.13000000999410413,-0.523598785585228,-30.00000057220889
1772906282.947552,0.13000000999410413,-0.523598785585228,-30.00000057220889
1772906282.9598742,0.13000000999410413,-0.523598785585228,-30.00000057220889
1772906282.9727998,0.13000000999410413,-0.523598785585228,-30.00000057220889
1772906282.9852061,0.13000000999410413,-0.523598785585228,-30.00000057220889
1772906282.9987025,0.13000000999410413,-0.523598785585228,-30.00000057220889
1772906283.0128336,0.13000000999410413,-0.523598785585228,-30.00000057220889
1772906283.0260885,0.13000000999410413,-0.523598785585228,-30.00000057220889
1772906283.0396671,0.13000000999410413,-0.523598785585228,-30.00000057220889
1772906283.0551314,0.13000000999410413,-0.523598785585228,-30.00000057220889
1772906283.069334,0.13000000999410413,-0.523598785585228,-30.00000057220889
1772906283.092247,0.13000000999410413,-0.523598785585228,-30.00000057220889
1772906283.1104586,0.13000000999410413,-0.523598785585228,-30.00000057220889
1772906283.1265774,0.13000000999410413,-0.523598785585228,-30.00000057220889
1772906283.1730852,0.13000000999410413,-0.523598785585228,-30.00000057220889
1772906283.190036,0.13000000999410413,-0.523598785585228,-30.00000057220889
1772906283.2123237,0.13000000999410413,-0.523598785585228,-30.00000057220889
1772906283.2313528,0.13000000999414824,-0.5235987855854012,-30.000000572218813
1772906283.2476273,0.13000000999414824,-0.5235987855854012,-30.000000572218813
1772906283.2699528,0.13000000999414824,-0.5235987855854012,-30.000000572218813
1772906283.2870703,0.13000000999414824,-0.5235987855854012,-30.000000572218813
1772906283.3012676,0.13000000999414824,-0.5235987855854012,-30.000000572218813
1772906283.320613,0.13000000999414824,-0.5235987855854012,-30.000000572218813
1772906283.333471,0.13000000999414824,-0.5235987855854012,-30.000000572218813
1772906283.346355,0.13000000999414824,-0.5235987855854012,-30.000000572218813
1772906283.3589847,0.13000000999414824,-0.5235987855854012,-30.000000572218813
1772906283.371628,0.13000000999414824,-0.5235987855854012,-30.000000572218813
1772906283.3850868,0.13000000999414824,-0.5235987855854012,-30.000000572218813
1772906283.3975072,0.13000000999414824,-0.5235987855854012,-30.000000572218813
1772906283.415551,0.13000000999414824,-0.5235987855854012,-30.000000572218813
1772906283.4335728,0.13000000999414824,-0.5235987855854012,-30.000000572218813
1772906283.4489977,0.13000000999414824,-0.5235987855854012,-30.000000572218813
1772906283.4641535,0.13000000999414824,-0.5235987855854012,-30.000000572218813
1772906283.4812174,0.13000000999414824,-0.5235987855854012,-30.000000572218813
1772906283.4967484,0.13000000999431735,-0.5235987855856997,-30.00000057223592
1772906283.512024,0.13000000999431735,-0.5235987855856997,-30.00000057223592
1772906283.5248597,0.13000000999431735,-0.5235987855856997,-30.00000057223592
1772906283.5408266,0.13000000999431735,-0.5235987855856997,-30.00000057223592
1772906283.5545528,0.13000000999431735,-0.5235987855856997,-30.00000057223592
1772906283.5683289,0.13000000999431735,-0.5235987855856997,-30.00000057223592
1772906283.5963087,0.13000000999431735,-0.5235987855856997,-30.00000057223592
1772906283.6170092,0.13000000999431735,-0.5235987855856997,-30.00000057223592
1772906283.6344197,0.13000000999431735,-0.5235987855856997,-30.00000057223592
1772906283.6502738,0.13000000999431735,-0.5235987855856997,-30.00000057223592
1772906283.6721442,0.13000000999431735,-0.5235987855856997,-30.00000057223592
1772906283.6879652,0.13000000999431735,-0.5235987855856997,-30.00000057223592
1772906283.7046077,0.13000000999431735,-0.5235987855856997,-30.00000057223592
1772906283.7196534,0.13000000999431735,-0.5235987855856997,-30.00000057223592
1772906283.7416615,0.13000000999431735,-0.5235987855856997,-30.00000057223592
1772906283.7641296,0.13000000999431735,-0.5235987855856997,-30.00000057223592
1772906283.7960265,0.13000000999431735,-0.5235987855856997,-30.00000057223592
1772906283.8090928,0.13000000999431735,-0.5235987855856997,-30.00000057223592
1772906283.8232422,0.13000000999431735,-0.5235987855856997,-30.00000057223592
1772906283.836476,0.13000000999431735,-0.5235987855856997,-30.00000057223592
1772906283.8497005,0.13000000999431735,-0.5235987855856997,-30.00000057223592
1772906283.8661003,0.13000000999431735,-0.5235987855856997,-30.00000057223592
1772906283.8795674,0.13000000999431735,-0.5235987855856997,-30.00000057223592
1772906283.9001708,0.13000000999431735,-0.5235987855856997,-30.00000057223592
1772906283.9153278,0.13000000999431735,-0.5235987855856997,-30.00000057223592
1772906283.9317615,0.13000000999431735,-0.5235987855856997,-30.00000057223592
1772906283.9483833,0.13000000999431735,-0.5235987855856997,-30.00000057223592
1772906283.9626942,0.13000000999431735,-0.5235987855856997,-30.00000057223592
1772906283.9771433,0.13000000999431735,-0.5235987855856997,-30.00000057223592
1772906283.9925797,-0.1300000099960194,-0.5235987855806516,-30.000000571946686
1772906284.0061002,-0.1300000099960194,-0.5235987855806516,-30.000000571946686
1772906284.020384,-0.1300000099960194,-0.5235987855806516,-30.000000571946686
1772906284.037511,-0.1300000099960194,-0.5235987855806516,-30.000000571946686
1772906284.0556989,-0.1300000099960194,-0.5235987855806516,-30.000000571946686
1772906284.0766943,-0.1300000099960194,-0.5235987855806516,-30.000000571946686
1772906284.1013913,-0.13000000999583677,-0.5235987855794958,-30.000000571880456
1772906284.1260939,-0.13000000999583677,-0.5235987855794958,-30.000000571880456
1772906284.140009,-0.13000000999583677,-0.5235987855794958,-30.000000571880456
1772906284.1616657,-0.13000000999583677,-0.5235987855794958,-30.000000571880456
1772906284.1753402,-0.13000000999583677,-0.5235987855794958,-30.000000571880456
1772906284.1919732,-0.13000000999583677,-0.5235987855794958,-30.000000571880456
1772906284.2064834,-0.13000000999583677,-0.5235987855794958,-30.000000571880456
1772906284.221523,-0.13000000999583677,-0.5235987855794958,-30.000000571880456
1772906284.2391953,-0.13000000999583677,-0.5235987855794958,-30.000000571880456
1772906284.2585287,-0.13000000999583677,-0.5235987855794958,-30.000000571880456
1772906284.275987,-0.13000000999583677,-0.5235987855794958,-30.000000571880456
1772906284.291862,-0.13000000999583677,-0.5235987855794958,-30.000000571880456
1772906284.3067768,-0.13000000999583677,-0.5235987855794958,-30.000000571880456
1772906284.3269603,-0.13000000999583677,-0.5235987855794958,-30.000000571880456
1772906284.361671,-0.13000000999583677,-0.5235987855794958,-30.000000571880456
1772906284.3860679,-0.13000000999583677,-0.5235987855794958,-30.000000571880456
1772906284.4109848,-0.13000000999583677,-0.5235987855794958,-30.000000571880456
1772906284.4366171,-0.13000000999560798,-0.5235987855816104,-30.000000572001618
1772906284.464504,-0.13000000999560798,-0.5235987855816104,-30.000000572001618
1772906284.481506,-0.13000000999560798,-0.5235987855816104,-30.000000572001618
1772906284.5100632,-0.13000000999560798,-0.5235987855816104,-30.000000572001618
1772906284.5234635,-0.13000000999560798,-0.5235987855816104,-30.000000572001618
1772906284.5399203,-0.13000000999560798,-0.5235987855816104,-30.000000572001618
1772906284.561414,-0.13000000999560798,-0.5235987855816104,-30.000000572001618
1772906284.5803113,-0.13000000999560798,-0.5235987855816104,-30.000000572001618
1772906284.622703,-0.13000000999560798,-0.5235987855816104,-30.000000572001618
1772906284.6507683,-0.13000000999560798,-0.5235987855816104,-30.000000572001618
1772906284.7162814,-0.13000000999560798,-0.5235987855816104,-30.000000572001618
1772906284.7486246,-0.13000000999560798,-0.5235987855816104,-30.000000572001618
1772906284.789835,-0.13000000999571482,-0.5235987855821183,-30.000000572030714
1772906284.8250704,-0.13000000999571482,-0.5235987855821183,-30.000000572030714
1772906284.8631675,-0.13000000999571482,-0.5235987855821183,-30.000000572030714
1772906284.922457,-0.13000000999571482,-0.5235987855821183,-30.000000572030714
1772906284.9817228,-0.13000000999571482,-0.5235987855821183,-30.000000572030714
1772906285.0091937,-0.13000000999571482,-0.5235987855821183,-30.000000572030714
1772906285.0800407,-0.13000000999571482,-0.5235987855821183,-30.000000572030714
1772906285.113611,-0.13000000999571482,-0.5235987855821183,-30.000000572030714
1772906285.1707878,-0.13000000999579242,-0.5235987855827491,-30.00000057206686
1772906285.1961527,-0.13000000999579242,-0.5235987855827491,-30.00000057206686
1772906285.2129958,-0.13000000999579242,-0.5235987855827491,-30.00000057206686
1772906285.2875667,-0.13000000999579242,-0.5235987855827491,-30.00000057206686
1772906285.3310792,-0.13000000999579242,-0.5235987855827491,-30.00000057206686
1772906285.369678,-0.13000000999579242,-0.5235987855827491,-30.00000057206686
1772906285.3839686,-0.13000000999579242,-0.5235987855827491,-30.00000057206686
1772906285.4360316,-0.13000000999579242,-0.5235987855827491,-30.00000057206686
1772906285.5304341,-0.13000000999579242,-0.5235987855827491,-30.00000057206686
1772906285.594193,-0.13000000999579242,-0.5235987855827491,-30.00000057206686
1772906285.682871,-0.13000000999579242,-0.5235987855827491,-30.00000057206686
1772906285.7427168,-0.13000000999579242,-0.5235987855827491,-30.00000057206686
1772906285.770384,-0.13000000999579242,-0.5235987855827491,-30.00000057206686
1772906285.8338132,-0.13000000999579242,-0.5235987855827491,-30.00000057206686
1772906285.8811057,-0.13000000999579242,-0.5235987855827491,-30.00000057206686
1772906285.9032106,-0.13000000999579242,-0.5235987855827491,-30.00000057206686
1772906285.95096,-0.13000000999579242,-0.5235987855827491,-30.00000057206686
1772906285.9884977,-0.13000000999579242,-0.5235987855827491,-30.00000057206686
1772906286.013001,-0.13000000999579242,-0.5235987855827491,-30.00000057206686
1772906286.0380352,-0.13000000999579242,-0.5235987855827491,-30.00000057206686
1772906286.0553367,-0.13000000999579242,-0.5235987855827491,-30.00000057206686
1772906286.0804389,-0.13000000999579242,-0.5235987855827491,-30.00000057206686
1772906286.1201975,-0.13000000999579242,-0.5235987855827491,-30.00000057206686
1772906286.1580422,-0.13000000999579242,-0.5235987855827491,-30.00000057206686
1772906286.195839,-0.13000000999579242,-0.5235987855827491,-30.00000057206686
1772906286.2326624,-0.13000000999579242,-0.5235987855827491,-30.00000057206686
1772906286.2691782,-0.13000000999579242,-0.5235987855827491,-30.00000057206686
1772906286.3085613,-0.13000000999579242,-0.5235987855827491,-30.00000057206686
1772906286.3400102,-0.13000000999579242,-0.5235987855827491,-30.00000057206686
1772906286.3906527,-0.13000000999579242,-0.5235987855827491,-30.00000057206686
1772906286.4122207,0.1300000099950416,-0.5235987855837917,-30.000000572126595
1772906286.4741619,0.1300000099950416,-0.5235987855837917,-30.000000572126595
1772906286.532174,0.1300000099950416,-0.5235987855837917,-30.000000572126595
1772906286.622188,0.1300000099950416,-0.5235987855837917,-30.000000572126595
1772906286.6971917,0.1300000099950416,-0.5235987855837917,-30.000000572126595
1772906286.7362952,0.1300000099950416,-0.5235987855837917,-30.000000572126595
1772906286.7745366,0.1300000099950416,-0.5235987855837917,-30.000000572126595
1772906286.794887,0.1300000099950416,-0.5235987855837917,-30.000000572126595
1772906286.8100019,0.1300000099940709,-0.5235987855812496,-30.000000571980944
1772906286.8585992,0.1300000099940709,-0.5235987855812496,-30.000000571980944
1772906286.8730214,0.1300000099940709,-0.5235987855812496,-30.000000571980944
1772906286.8888183,0.1300000099940709,-0.5235987855812496,-30.000000571980944
1772906286.9036555,0.1300000099940709,-0.5235987855812496,-30.000000571980944
1772906286.9209712,0.1300000099940709,-0.5235987855812496,-30.000000571980944
1772906286.9441087,0.1300000099940709,-0.5235987855812496,-30.000000571980944
1772906286.969378,0.13000000999376068,-0.5235987855809665,-30.000000571964726
1772906286.9911892,0.13000000999376068,-0.5235987855809665,-30.000000571964726
1772906287.0219693,0.13000000999376068,-0.5235987855809665,-30.000000571964726
1772906287.0871537,0.13000000999376068,-0.5235987855809665,-30.000000571964726
1772906287.113361,0.13000000999376068,-0.5235987855809665,-30.000000571964726
1772906287.159016,0.13000000999359157,-0.5235987855806248,-30.000000571945147
1772906287.2064142,0.13000000999359157,-0.5235987855806248,-30.000000571945147
1772906287.2631614,0.13000000999359157,-0.5235987855806248,-30.000000571945147
1772906287.3236663,0.13000000999359157,-0.5235987855806248,-30.000000571945147
1772906287.3525543,0.13000000999359157,-0.5235987855806248,-30.000000571945147
1772906287.423131,0.13000000999375996,-0.5235987855809595,-30.00000057196432
1772906287.522393,0.13000000999375996,-0.5235987855809595,-30.00000057196432
1772906287.6139085,0.13000000999375996,-0.5235987855809595,-30.00000057196432
1772906287.668959,0.13000000999396338,-0.5235987855814282,-30.000000571991183
1772906287.6935527,0.13000000999396338,-0.5235987855814282,-30.000000571991183
1772906287.7343807,0.13000000999396338,-0.5235987855814282,-30.000000571991183
1772906287.7553484,0.13000000999422212,-0.5235987855819226,-30.00000057201951
1772906287.7838306,0.13000000999422212,-0.5235987855819226,-30.00000057201951
1772906287.8138816,0.13000000999422212,-0.5235987855819226,-30.00000057201951
1772906287.83931,0.13000000999422212,-0.5235987855819226,-30.00000057201951
1772906287.9234996,0.13000000999422212,-0.5235987855819226,-30.00000057201951
1772906287.971577,0.1300000099942834,-0.5235987855820934,-30.000000572029293
1772906287.990739,0.1300000099942834,-0.5235987855820934,-30.000000572029293
1772906288.0062232,0.1300000099942834,-0.5235987855820934,-30.000000572029293
1772906288.0234356,0.1300000099942834,-0.5235987855820934,-30.000000572029293
1772906288.0671735,0.1300000099942834,-0.5235987855820934,-30.000000572029293
1772906288.0995648,0.1300000099942834,-0.5235987855820934,-30.000000572029293
1772906288.124701,0.13000000999463066,-0.5235987855828871,-30.000000572074768
1772906288.155823,0.13000000999463066,-0.5235987855828871,-30.000000572074768
1772906288.1878777,0.13000000999463066,-0.5235987855828871,-30.000000572074768
1772906288.2458115,0.13000000999463937,-0.5235987855829345,-30.000000572077482
1772906288.3127224,0.13000000999463937,-0.5235987855829345,-30.000000572077482
1772906288.3793738,0.13000000999463937,-0.5235987855829345,-30.000000572077482
1772906288.4434683,0.13000000999463937,-0.5235987855829345,-30.000000572077482
1772906288.4810057,0.13000000999463937,-0.5235987855829345,-30.000000572077482
1772906288.523667,0.13000000999463937,-0.5235987855829345,-30.000000572077482
1772906288.6133935,0.13000000999463937,-0.5235987855829345,-30.000000572077482
1772906288.651284,0.13000000999463937,-0.5235987855829345,-30.000000572077482
1772906288.7100878,0.13000000999463937,-0.5235987855829345,-30.000000572077482
1772906288.7922723,0.13000000999463937,-0.5235987855829345,-30.000000572077482
1772906288.9037986,0.13000000999463937,-0.5235987855829345,-30.000000572077482
1772906288.9830065,0.13000000999463937,-0.5235987855829345,-30.000000572077482
1772906289.04247,0.13000000999463937,-0.5235987855829345,-30.000000572077482
1772906289.1812668,0.13000000999463937,-0.5235987855829345,-30.000000572077482
1772906289.2015224,0.13000000999463937,-0.5235987855829345,-30.000000572077482
1772906289.2294302,0.13000000999463937,-0.5235987855829345,-30.000000572077482
1772906289.24653,0.13000000999463937,-0.5235987855829345,-30.000000572077482
1772906289.2622879,0.13000000999463937,-0.5235987855829345,-30.000000572077482
