timestamp,yaw,pitch,roll,ax,ay,az,gx,gy,gz,mx,my,mz
1772748281.2774198,-0.08159734171956474,1.375449606517456,-6.789700095777979,-0.23966857427188176,-1.1702390981445785,9.750659912412864,-0.001090830782496456,0.001090830782496456,0.002181661564992912,-4.6875,8.25,-89.0
1772748281.5657685,-0.08168146257649204,1.375449606517456,-6.796732427901584,-0.23655720764539892,-1.1771231828720592,9.765781390311194,-0.001090830782496456,0.0,0.001090830782496456,-4.6875,8.375,-89.375
1772748281.7969918,-0.08168146257649204,1.375449606517456,-6.796732427901584,-0.23756336881805704,-1.1619240354874698,9.780776043004341,0.0,0.0,0.001090830782496456,-3.5625,9.1875,-90.5625
1772748281.8461075,-0.08168146257649204,1.375449606517456,-6.796732427901584,-0.2389208760347949,-1.1608521079512648,9.785914936523099,-0.001090830782496456,0.0,0.0,-5.0625,8.75,-89.75
1772748281.9371068,-0.08168146257649204,1.375449606517456,-6.796732427901584,-0.23928185505576055,-1.1605670683228972,9.783936324181951,0.001090830782496456,0.001090830782496456,-0.001090830782496456,-3.1875,8.0,-89.0
1772748281.9814093,-0.08168146257649204,1.375449606517456,-6.796732427901584,-0.23617697085449393,-1.1670676010489587,9.782619579771467,0.0,0.001090830782496456,-0.001090830782496456,-3.1875,8.0,-89.0
1772748282.0178936,-0.08168146257649204,1.375449606517456,-6.796732427901584,-0.2341107051023801,-1.161358297840486,9.77505307766065,0.0,0.0,-0.001090830782496456,-5.0625,9.1875,-88.25
1772748282.039127,-0.08168146257649204,1.375449606517456,-6.796732427901584,-0.2341107051023801,-1.161358297840486,9.77505307766065,0.0,0.0,-0.001090830782496456,-5.0625,9.1875,-88.25
1772748282.0672593,-0.08168146257649204,1.375449606517456,-6.796732427901584,-0.2327356283260492,-1.157558820332343,9.770017655029267,-0.001090830782496456,-0.001090830782496456,0.0,-5.0625,9.1875,-88.25
1772748282.109128,-0.08168146257649204,1.375449606517456,-6.796732427901584,-0.2367827886207766,-1.1533476154412532,9.770007818977827,0.0,0.0,0.0,-4.375,8.75,-90.25
1772748282.1640608,-1.4914391217670913e-07,1.3754521177395063,-6.7967448091169675,-0.2367827886207766,-1.1533476154412532,9.770007818977827,0.0,0.0,0.0,-4.375,8.75,-90.25
1772748282.1975465,-1.4914391217670913e-07,1.3754521177395063,-6.7967448091169675,-0.23621134378466882,-1.1559108322527838,9.7700052034424,-0.0010908296740133922,-1.5550992466482593e-06,-0.001090830782496456,-3.1989016407338235,7.995447738739242,-89.75
1772748282.2132905,-1.4914391217670913e-07,1.3754521177395063,-6.7967448091169675,-0.23692542637254618,-1.1573927620219264,9.770003462832792,-1.5550992466482593e-06,0.0010908296740133922,-0.001090830782496456,-3.1989016407338235,7.995447738739242,-89.75
1772748282.2329075,-1.4914391217670913e-07,1.3754521177395063,-6.7967448091169675,-0.23739587153332958,-1.161724078037126,9.77334741618386,0.0010939398725066886,-0.0021801042487801362,-0.002181661564992912,-3.1989016407338235,7.995447738739242,-89.75
1772748282.253736,-1.4914391217670913e-07,1.3754521177395063,-6.7967448091169675,-0.23739587153332958,-1.161724078037126,9.77334741618386,0.0010939398725066886,-0.0021801042487801362,-0.002181661564992912,-3.1989016407338235,7.995447738739242,-89.75
1772748282.2874014,-1.4914391217670913e-07,1.3754521177395063,-6.7967448091169675,-0.23770894753261412,-1.1646065204612714,9.772227668077269,1.5550992466482593e-06,-0.0010908296740133922,0.001090830782496456,-5.074434339133129,8.367774338964127,-89.75
1772748282.329298,-1.4914391217670913e-07,1.3754521177395063,-6.7967448091169675,-0.23791729611284995,-1.1665247536955485,9.77148248822074,-0.001095494971753337,0.0032709339227935284,-0.003272492347489368,-5.074434339133129,8.367774338964127,-89.75
1772748282.3943775,-1.4914391217670913e-07,1.3754521177395063,-6.7967448091169675,-0.23791729611284995,-1.1665247536955485,9.77148248822074,-0.001095494971753337,0.0032709339227935284,-0.003272492347489368,-5.074434339133129,8.367774338964127,-89.75
1772748282.498018,-1.4914391217670913e-07,1.3754521177395063,-6.7967448091169675,-0.2348031139145513,-1.1686460859364332,9.777346780951532,-0.0010939398725066886,0.0021801042487801362,0.0,-4.386935037758542,8.368754445823253,-89.75
1772748282.5215569,-1.4914391217670913e-07,1.3754521177395063,-6.7967448091169675,-0.2326431568168657,-1.165863162261666,9.781579424068964,-0.0010861643762734474,-0.003274044121286825,0.0,-4.386935037758542,8.368754445823253,-89.75
1772748282.5523376,-1.4914391217670913e-07,1.3754521177395063,-6.7967448091169675,-0.2326431568168657,-1.165863162261666,9.781579424068964,-0.0010861643762734474,-0.003274044121286825,0.0,-4.386935037758542,8.368754445823253,-89.75
1772748282.605935,-1.4914391217670913e-07,1.3754521177395063,-6.7967448091169675,-0.22786539001320585,-1.1606612805107035,9.777705977367253,0.0010892745747667438,0.0010923847732600405,0.002181661564992912,-4.6984546133424105,7.680809641330882,-89.5
1772748282.66885,-1.4914391217670913e-07,1.3754521177395063,-6.7967448091169675,-0.22468583957652244,-1.1571994863142643,9.7751282418565,-0.0010892745747667438,-0.0010923847732600405,0.001090830782496456,-3.5749704671480993,8.744912372861085,-89.0625
1772748282.6948617,-1.4914391217670913e-07,1.3754521177395063,-6.7967448091169675,-0.22256988427881524,-1.1548957009473093,9.780103011083925,-3.1101984932965185e-06,0.0021816593480267843,0.0,-3.5749704671480993,8.744912372861085,-89.0625
1772748282.710593,-1.4914391217670913e-07,1.3754521177395063,-6.7967448091169675,-0.22115220201571284,-1.1600527741367206,9.783413664432963,0.0010892745747667438,0.0010923847732600405,0.001090830782496456,-3.5749704671480993,8.744912372861085,-89.0625
1772748282.7272103,-1.4914391217670913e-07,1.3754521177395063,-6.7967448091169675,-0.22115220201571284,-1.1600527741367206,9.783413664432963,0.0010892745747667438,0.0010923847732600405,0.001090830782496456,-3.5749704671480993,8.744912372861085,-89.0625
1772748282.7465744,-1.4914391217670913e-07,1.3754521177395063,-6.7967448091169675,-0.22020398148154288,-1.1668298570440674,9.785616867254326,-0.0021816593480267843,-3.1101984932965185e-06,0.001090830782496456,-5.886933513484913,8.366616030857887,-88.25
1772748282.7928796,-1.4914391217670913e-07,1.3754521177395063,-6.7967448091169675,-0.22626316792452156,-1.171349467663178,9.780392850705915,-0.0010892745747667438,-0.0010923847732600405,0.0,-5.886933513484913,8.366616030857887,-88.25
1772748282.8518295,-1.4914391217670913e-07,1.3754521177395063,-6.7967448091169675,-0.22626316792452156,-1.171349467663178,9.780392850705915,-0.0010892745747667438,-0.0010923847732600405,0.0,-5.886933513484913,8.366616030857887,-88.25
1772748282.8717399,-1.4914391217670913e-07,1.3754521177395063,-6.7967448091169675,-0.23365013477409968,-1.1676717702513097,9.783606549463677,1.5550992466482593e-06,-0.0010908296740133922,0.004363323129985824,-4.01309372693319,9.181788223916378,-89.875
1772748282.9022386,-1.4914391217670913e-07,1.3754521177395063,-6.7967448091169675,-0.23365013477409968,-1.1676717702513097,9.783606549463677,1.5550992466482593e-06,-0.0010908296740133922,0.004363323129985824,-4.01309372693319,9.181788223916378,-89.875
1772748282.9298365,-1.4914391217670913e-07,1.3754521177395063,-6.7967448091169675,-0.24183758445911346,-1.163595542060561,9.792739744333387,0.0,0.0,0.001090830782496456,-5.886398909743571,7.9916164119262945,-89.75
1772748282.9684982,-1.4914391217670913e-07,1.3754521177395063,-6.7967448091169675,-0.24183758445911346,-1.163595542060561,9.792739744333387,0.0,0.0,0.001090830782496456,-5.886398909743571,7.9916164119262945,-89.75
1772748283.012294,-1.4914391217670913e-07,1.3754521177395063,-6.7967448091169675,-0.24066962669216274,-1.1625068505551686,9.7884781575416,-0.0010892745747667438,-0.0010923847732600405,0.001090830782496456,-5.886398909743571,7.9916164119262945,-89.75
1772748283.0577781,-1.4914391217670913e-07,1.3754521177395063,-6.7967448091169675,-0.2398923638452001,-1.161782338519811,9.778951895722072,-3.1101984932965185e-06,0.0021816593480267843,0.001090830782496456,-4.6989001164601945,7.993309323773875,-89.0625
1772748283.0995111,-1.4914391217670913e-07,1.3754521177395063,-6.7967448091169675,-0.23936556645389376,-1.1679904004697617,9.77595738660381,0.0,0.0,0.003272492347489368,-4.6989001164601945,7.993309323773875,-89.0625
1772748283.1358643,-1.4914391217670913e-07,1.3754521177395063,-6.7967448091169675,-0.23901498867469181,-1.172121796348858,9.773964574236468,-0.0010908296740133922,-1.5550992466482593e-06,0.0,-4.387469641499884,8.743754064754846,-89.0625
1772748283.1758926,-1.4914391217670913e-07,1.3754521177395063,-6.7967448091169675,-0.23901498867469181,-1.172121796348858,9.773964574236468,-0.0010908296740133922,-1.5550992466482593e-06,0.0,-4.387469641499884,8.743754064754846,-89.0625
1772748283.1938255,-1.4914391217670913e-07,1.3754521177395063,-6.7967448091169675,-0.2320962352873158,-1.1715165481983574,9.775983491574491,0.0010908296740133922,1.5550992466482593e-06,0.002181661564992912,-4.387469641499884,8.743754064754846,-89.0625
1772748283.209824,-1.4914391217670913e-07,1.3754521177395063,-6.7967448091169675,-0.230841759328256,-1.167773422831812,9.777327058510163,1.5550992466482593e-06,-0.0010908296740133922,0.002181661564992912,-4.011400815085608,7.9942894306330015,-89.0
1772748283.2248976,-1.4914391217670913e-07,1.3754521177395063,-6.7967448091169675,-0.230841759328256,-1.167773422831812,9.777327058510163,1.5550992466482593e-06,-0.0010908296740133922,0.002181661564992912,-4.011400815085608,7.9942894306330015,-89.0
1772748283.2466295,-1.4914391217670913e-07,1.3754521177395063,-6.7967448091169675,-0.23000215076629257,-1.1686275230219019,9.778221187297227,0.0021832144472734324,-0.0010877194755200958,0.001090830782496456,-4.011400815085608,7.9942894306330015,-89.0
1772748283.2906926,-1.4914391217670913e-07,1.3754521177395063,-6.7967448091169675,-0.23278850895542372,-1.1692006859821065,9.778816220016944,-0.0010908296740133922,-1.5550992466482593e-06,0.001090830782496456,-3.574435863406758,8.369912753929492,-89.5
1772748283.3231485,-1.4914391217670913e-07,1.3754521177395063,-6.7967448091169675,-0.2346427992046301,-1.1695821195294727,9.775867095937645,0.0010908296740133922,1.5550992466482593e-06,0.0,-3.574435863406758,8.369912753929492,-89.5
1772748283.371442,-1.4914391217670913e-07,1.3754521177395063,-6.7967448091169675,-0.23588157747632146,-1.1664908509862773,9.773904486806746,-1.5550992466482593e-06,0.0010908296740133922,0.002181661564992912,-4.700593028307776,9.180808117057252,-88.5625
1772748283.4166584,-1.4914391217670913e-07,1.3754521177395063,-6.7967448091169675,-0.23336086226999642,-1.1644288774778893,9.772598392353913,-0.0010908296740133922,-1.5550992466482593e-06,0.001090830782496456,-4.700593028307776,9.180808117057252,-88.5625
1772748283.4419122,-1.4914391217670913e-07,1.3754521177395063,-6.7967448091169675,-0.23336086226999642,-1.1644288774778893,9.772598392353913,-0.0010908296740133922,-1.5550992466482593e-06,0.001090830782496456,-4.700593028307776,9.180808117057252,-88.5625
1772748283.4666958,-1.4914391217670913e-07,1.3754521177395063,-6.7967448091169675,-0.23168335445842092,-1.1630566571418104,9.775074312792905,-1.5550992466482593e-06,0.0010908296740133922,0.0,-5.511399290811978,7.992151015667636,-91.0
1772748283.4985096,-1.4914391217670913e-07,1.3754521177395063,-6.7967448091169675,-0.2339121000568832,-1.1621482286614793,9.780067121894529,0.0,0.0,0.002181661564992912,-5.511399290811978,7.992151015667636,-91.0
1772748283.5387397,-1.4914391217670913e-07,1.3754521177395063,-6.7967448091169675,-0.2353953053559402,-1.1615436796556298,9.783389780578329,-0.0010892745747667438,-0.0010923847732600405,0.0,-4.6984546133424105,7.680809641330882,-90.25
1772748283.5809412,-1.4914391217670913e-07,1.3754521177395063,-6.7967448091169675,-0.23638236191397383,-1.1611413590454918,9.778910749401229,-0.0010923847732600405,0.001089274574766744,0.0,-4.6984546133424105,7.680809641330882,-90.25
1772748283.6144474,-1.4914391217670913e-07,1.3754521177395063,-6.7967448091169675,-0.23638236191397383,-1.1611413590454918,9.778910749401229,-0.0010923847732600405,0.001089274574766744,0.0,-4.6984546133424105,7.680809641330882,-90.25
1772748283.655428,-1.4914391217670913e-07,1.3754521177395063,-6.7967448091169675,-0.23703446820257718,-1.1642187274817364,9.775930004186925,-0.0010861643762734474,-0.003274044121286825,0.0,-5.075592647239368,9.18027351331591,-90.25
1772748283.695705,-1.4914391217670913e-07,1.3754521177395063,-6.7967448091169675,-0.23412332934506247,-1.1662619129749754,9.777291463251231,-1.5550992466482593e-06,0.0010908296740133922,-0.001090830782496456,-5.075592647239368,9.18027351331591,-90.25
1772748283.7107298,0.0005939257727098168,-1.3704598867485887,6.7719506842451525,-0.2321907677795621,-1.164276521788773,9.778197499050032,0.0010877194755200958,0.002183214447273433,-0.001090830782496456,-4.700593028307776,9.180808117057252,-90.6875
1772748283.723488,0.0005939257727098168,-1.3704598867485887,6.7719506842451525,-0.2321907677795621,-1.164276521788773,9.778197499050032,0.0010877194755200958,0.002183214447273433,-0.001090830782496456,-4.700593028307776,9.180808117057252,-90.6875
1772748283.737394,-1.4914391217670913e-07,1.3754521177395063,-6.7967448091169675,-0.23090466964584877,-1.162955266132628,9.775455344045731,-3.1101984932965185e-06,0.0021816593480267843,-0.002181661564992912,-4.700593028307776,9.180808117057252,-90.6875
1772748283.7520852,-1.4914391217670913e-07,1.3754521177395063,-6.7967448091169675,-0.23090466964584877,-1.162955266132628,9.775455344045731,-3.1101984932965185e-06,0.0021816593480267843,-0.002181661564992912,-4.700593028307776,9.180808117057252,-90.6875
1772748283.779079,-1.4914391217670913e-07,1.3754521177395063,-6.7967448091169675,-0.23339389401259578,-1.16208075407748,9.773630470522248,0.0010923847732600405,-0.001089274574766744,0.0,-4.700593028307776,9.180808117057252,-90.6875
1772748283.8058867,-1.4914391217670913e-07,1.3754521177395063,-6.7967448091169675,-0.2350504450222077,-1.1614987760737188,9.775761149284863,1.5550992466482593e-06,-0.0010908296740133922,0.001090830782496456,-4.01309372693319,9.181788223916378,-90.25
1772748283.8310528,-1.4914391217670913e-07,1.3754521177395063,-6.7967448091169675,-0.2361528612142172,-1.161111476213336,9.777179092200141,0.0010923847732600405,-0.001089274574766744,-0.002181661564992912,-4.01309372693319,9.181788223916378,-90.25
1772748283.859725,-1.4914391217670913e-07,1.3754521177395063,-6.7967448091169675,-0.2361528612142172,-1.161111476213336,9.777179092200141,0.0010923847732600405,-0.001089274574766744,-0.002181661564992912,-4.01309372693319,9.181788223916378,-90.25
1772748283.9127448,-1.4914391217670913e-07,1.3754521177395063,-6.7967448091169675,-0.23402963155915563,-1.160677438084481,9.778750689380887,-1.5550992466482593e-06,0.0010908296740133922,0.0,-4.6989001164601945,7.993309323773875,-90.25
1772748283.95718,-1.4914391217670913e-07,1.3754521177395063,-6.7967448091169675,-0.23402963155915563,-1.160677438084481,9.778750689380887,-1.5550992466482593e-06,0.0010908296740133922,0.0,-4.6989001164601945,7.993309323773875,-90.25
1772748283.9845304,-1.4914391217670913e-07,1.3754521177395063,-6.7967448091169675,-0.2354735212577896,-1.1605648849564447,9.779168597738694,0.0,0.0,-0.002181661564992912,-4.6989001164601945,7.993309323773875,-90.25
1772748284.0196517,-1.4914391217670913e-07,1.3754521177395063,-6.7967448091169675,-0.2364296448983019,-1.1638350904151131,9.776101599375153,0.0010908296740133922,1.5550992466482593e-06,-0.002181661564992912,-5.07496894287447,8.74277395789572,-89.0625
1772748284.0403829,-1.4914391217670913e-07,1.3754521177395063,-6.7967448091169675,-0.23706593450046196,-1.1660113756172685,9.770715434517514,3.1101984932965185e-06,-0.0021816593480267843,-0.001090830782496456,-5.07496894287447,8.74277395789572,-89.0625
1772748284.0906246,-1.4914391217670913e-07,1.3754521177395063,-6.7967448091169675,-0.23706593450046196,-1.1660113756172685,9.770715434517514,3.1101984932965185e-06,-0.0021816593480267843,-0.001090830782496456,-5.07496894287447,8.74277395789572,-89.0625
1772748284.1086893,-1.4914391217670913e-07,1.3754521177395063,-6.7967448091169675,-0.2341442698148032,-1.1674549002839802,9.767131001972158,0.0010923847732600405,-0.001089274574766744,0.001090830782496456,-5.074434339133129,8.367774338964127,-89.0625
1772748284.1279418,-1.4914391217670913e-07,1.3754521177395063,-6.7967448091169675,-0.2322047034282542,-1.1650704415163742,9.76474560215396,-0.0010908296740133922,-1.5550992466482593e-06,0.001090830782496456,-5.074434339133129,8.367774338964127,-89.0625
1772748284.1473947,-1.4914391217670913e-07,1.3754521177395063,-6.7967448091169675,-0.2322047034282542,-1.1650704415163742,9.76474560215396,-0.0010908296740133922,-1.5550992466482593e-06,0.001090830782496456,-5.074434339133129,8.367774338964127,-89.0625
1772748284.164837,-1.4914391217670913e-07,1.3754521177395063,-6.7967448091169675,-0.2342542831478338,-1.1668334879753817,9.76650325692893,-0.0010877194755200958,-0.002183214447273433,0.004363323129985824,-5.074434339133129,8.367774338964127,-89.0625
1772748284.1824098,-1.4914391217670913e-07,1.3754521177395063,-6.7967448091169675,-0.23561825555590843,-1.1680067756993318,9.764327844840063,-0.0010939398725066886,0.0021801042487801362,0.001090830782496456,-5.07496894287447,8.74277395789572,-88.5625
1772748284.207049,-1.4914391217670913e-07,1.3754521177395063,-6.7967448091169675,-0.23652119513228811,-1.1721326938812135,9.766225244103186,3.1101984932965185e-06,-0.0021816593480267843,0.001090830782496456,-5.07496894287447,8.74277395789572,-88.5625
1772748284.270447,-1.4914391217670913e-07,1.3754521177395063,-6.7967448091169675,-0.23377698302579714,-1.174873677517106,9.767487942117457,1.5550992466482593e-06,-0.0010908296740133922,-0.002181661564992912,-4.6989001164601945,7.993309323773875,-90.25
1772748284.296338,-1.4914391217670913e-07,1.3754521177395063,-6.7967448091169675,-0.23530061765648475,-1.173357432024547,9.771673365248011,-0.0010908296740133922,-1.5550992466482593e-06,0.0,-4.6989001164601945,7.993309323773875,-90.25
1772748284.3124387,-1.4914391217670913e-07,1.3754521177395063,-6.7967448091169675,-0.23530061765648475,-1.173357432024547,9.771673365248011,-0.0010908296740133922,-1.5550992466482593e-06,0.0,-4.6989001164601945,7.993309323773875,-90.25
1772748284.3342056,-1.4914391217670913e-07,1.3754521177395063,-6.7967448091169675,-0.23296947117501765,-1.1723436187621972,9.774458717587157,0.0,0.0,-0.001090830782496456,-4.6989001164601945,7.993309323773875,-90.25
1772748284.3613849,-1.4914391217670913e-07,1.3754521177395063,-6.7967448091169675,-0.23141811923221373,-1.1716689373611398,9.769622115039795,-3.1101984932965185e-06,0.0021816593480267843,0.002181661564992912,-5.075592647239368,9.18027351331591,-90.25
1772748284.3913732,-1.4914391217670913e-07,1.3754521177395063,-6.7967448091169675,-0.23141811923221373,-1.1716689373611398,9.769622115039795,0.0,0.0,0.002181661564992912,-5.075592647239368,9.18027351331591,-90.25
1772748284.4127,-1.4914391217670913e-07,1.3754521177395063,-6.7967448091169675,-0.23038571184401443,-1.171219944425421,9.766403410072915,-1.5550992466482593e-06,0.0010908296740133922,0.001090830782496456,-5.075592647239368,9.18027351331591,-90.25
1772748284.4317589,-1.4914391217670913e-07,1.3754521177395063,-6.7967448091169675,-0.23038571184401443,-1.171219944425421,9.766403410072915,-1.5550992466482593e-06,0.0010908296740133922,0.001090830782496456,-5.075592647239368,9.18027351331591,-90.25
1772748284.458144,-1.4914391217670913e-07,1.3754521177395063,-6.7967448091169675,-0.23304376456798964,-1.1709259134669037,9.770951621287386,-0.0010908296740133922,-1.5550992466482593e-06,0.0,-5.512468498294662,8.742150253530822,-89.0625
1772748284.4872649,-1.4914391217670913e-07,1.3754521177395063,-6.7967448091169675,-0.23815777727147638,-1.1707350079731753,9.773978405043769,1.5550992466482593e-06,-0.0010908296740133922,0.001090830782496456,-5.512468498294662,8.742150253530822,-89.0625
1772748284.51304,-1.4914391217670913e-07,1.3754521177395063,-6.7967448091169675,-0.23815777727147638,-1.1707350079731753,9.773978405043769,1.5550992466482593e-06,-0.0010908296740133922,0.001090830782496456,-5.512468498294662,8.742150253530822,-89.0625
1772748284.528327,-1.4914391217670913e-07,1.3754521177395063,-6.7967448091169675,-0.23821598729030605,-1.1706031936750292,9.772647584114932,0.0,0.0,-0.001090830782496456,-4.699434720201537,8.368308942705468,-89.5
1772748284.5586016,-1.4914391217670913e-07,1.3754521177395063,-6.7967448091169675,-0.23491438592413685,-1.1671655955993758,9.771761937653034,-0.0010908296740133922,-1.5550992466482593e-06,0.001090830782496456,-4.699434720201537,8.368308942705468,-89.5
1772748284.5965471,-1.4914391217670913e-07,1.3754521177395063,-6.7967448091169675,-0.23272197592087895,-1.1615328041724393,9.77117254982596,1.5550992466482593e-06,-0.0010908296740133922,0.0,-4.6989001164601945,7.993309323773875,-89.5
1772748284.6183274,-1.4914391217670913e-07,1.3754521177395063,-6.7967448091169675,-0.23126295155453527,-1.1577842444002164,9.770780318810937,0.0,0.0,-0.001090830782496456,-4.6989001164601945,7.993309323773875,-89.5
1772748284.6458344,-1.4914391217670913e-07,1.3754521177395063,-6.7967448091169675,-0.23126295155453527,-1.1577842444002164,9.770780318810937,0.0,0.0,-0.001090830782496456,-4.6989001164601945,7.993309323773875,-89.5
1772748284.6795595,-1.4914391217670913e-07,1.3754521177395063,-6.7967448091169675,-0.23363232662055541,-1.1586394968786577,9.770519293451946,-0.0010892745747667438,-0.0010923847732600405,0.0,-4.01309372693319,9.181788223916378,-88.6875
1772748284.6925128,-1.4914391217670913e-07,1.3754521177395063,-6.7967448091169675,-0.23186401095126247,-1.1592038890246406,9.770345583991382,-0.0010908296740133922,-1.5550992466482593e-06,0.0,-4.01309372693319,9.181788223916378,-88.6875
1772748284.7052073,-1.4914391217670913e-07,1.3754521177395063,-6.7967448091169675,-0.23186401095126247,-1.1592038890246406,9.770345583991382,-0.0010908296740133922,-1.5550992466482593e-06,0.0,-4.01309372693319,9.181788223916378,-88.6875
1772748284.7199297,-1.4914391217670913e-07,1.3754521177395063,-6.7967448091169675,-0.2306872166267283,-1.1595794856931187,9.770229982285839,-0.0010923847732600405,0.001089274574766744,-0.002181661564992912,-4.01309372693319,9.181788223916378,-88.6875
1772748284.734131,-1.4914391217670913e-07,1.3754521177395063,-6.7967448091169675,-0.2306872166267283,-1.1595794856931187,9.770229982285839,-0.0010923847732600405,0.001089274574766744,-0.002181661564992912,-4.01309372693319,9.181788223916378,-88.6875
1772748284.7519624,-1.4914391217670913e-07,1.3754521177395063,-6.7967448091169675,-0.2299040731494048,-1.1598294410803012,9.770153050642156,1.5550992466482593e-06,-0.0010908296740133922,0.0,-4.012470022568291,8.744288668496187,-90.25
1772748284.7788482,-1.4914391217670913e-07,1.3754521177395063,-6.7967448091169675,-0.2299040731494048,-1.1598294410803012,9.770153050642156,1.5550992466482593e-06,-0.0010908296740133922,0.0,-4.012470022568291,8.744288668496187,-90.25
1772748284.820358,-1.4914391217670913e-07,1.3754521177395063,-6.7967448091169675,-0.23272800822160752,-1.1600005524229102,9.770101853492667,1.5550992466482593e-06,-0.0010908296740133922,-0.001090830782496456,-4.012470022568291,8.744288668496187,-90.25
1772748284.8743374,-1.4914391217670913e-07,1.3754521177395063,-6.7967448091169675,-0.23460253664211292,-1.1634595334180533,9.770067782361592,3.1101984932965185e-06,-0.0021816593480267843,0.001090830782496456,-5.073454232274003,7.68027503758954,-89.0625
1772748284.8984103,-1.4914391217670913e-07,1.3754521177395063,-6.7967448091169675,-0.23585001436610473,-1.1657614466309718,9.766699996697142,1.5550992466482593e-06,-0.0010908296740133922,-0.001090830782496456,-5.073454232274003,7.68027503758954,-89.0625
1772748284.9326124,-1.4914391217670913e-07,1.3754521177395063,-6.7967448091169675,-0.23668019685618205,-1.1672933441601134,9.764458772958081,-0.0010908296740133922,-1.5550992466482593e-06,0.0,-5.885953406625787,7.6791167294833,-89.5
1772748284.971165,-1.4914391217670913e-07,1.3754521177395063,-6.7967448091169675,-0.23723267402958245,-1.1683128048533404,9.762967263595845,0.0010923847732600405,-0.001089274574766744,0.001090830782496456,-5.885953406625787,7.6791167294833,-89.5
1772748285.0062525,-1.4914391217670913e-07,1.3754521177395063,-6.7967448091169675,-0.23723267402958245,-1.1683128048533404,9.762967263595845,0.0010923847732600405,-0.001089274574766744,0.001090830782496456,-5.885953406625787,7.6791167294833,-89.5
1772748285.041631,-1.4914391217670913e-07,1.3754521177395063,-6.7967448091169675,-0.2342552331088303,-1.1689864757319373,9.768664904191168,1.5550992466482593e-06,-0.0010908296740133922,0.001090830782496456,-4.387469641499884,8.743754064754846,-89.0625
1772748285.0916913,-1.4914391217670913e-07,1.3754521177395063,-6.7967448091169675,-0.23227377943626418,-1.1694347961762463,9.772456620360538,4.6652977399447776e-06,-0.003272489022040177,-0.001090830782496456,-4.387469641499884,8.743754064754846,-89.0625
1772748285.121444,-1.4914391217670913e-07,1.3754521177395063,-6.7967448091169675,-0.23095514415145924,-1.1697331484238667,9.77163485340769,0.0010908296740133922,1.5550992466482593e-06,0.001090830782496456,-4.699969323942878,8.743308561637061,-89.5
1772748285.1455436,-1.4914391217670913e-07,1.3754521177395063,-6.7967448091169675,-0.2334227154076185,-1.169936467336469,9.771087976680308,0.0,0.0,-0.002181661564992912,-4.699969323942878,8.743308561637061,-89.5
1772748285.2156997,-1.4914391217670913e-07,1.3754521177395063,-6.7967448091169675,-0.23506008768939163,-1.1734168821096604,9.770724036327248,0.0010908296740133922,1.5550992466482593e-06,-0.001090830782496456,-4.6984546133424105,7.680809641330882,-88.6875
1772748285.2355697,-1.4914391217670913e-07,1.3754521177395063,-6.7967448091169675,-0.23506008768939163,-1.1734168821096604,9.770724036327248,0.0010908296740133922,1.5550992466482593e-06,-0.001090830782496456,-4.6984546133424105,7.680809641330882,-88.6875
1772748285.2813897,-1.4914391217670913e-07,1.3754521177395063,-6.7967448091169675,-0.23614974065226477,-1.1757330592624387,9.773826949795087,-1.5550992466482593e-06,0.0010908296740133922,-0.002181661564992912,-4.6984546133424105,7.680809641330882,-88.6875
1772748285.3244743,-1.4914391217670913e-07,1.3754521177395063,-6.7967448091169675,-0.2368748925268357,-1.1772744492842186,9.77589190404612,0.0010939398725066886,-0.0021801042487801362,0.001090830782496456,-4.699434720201537,8.368308942705468,-89.0625
1772748285.3584514,-1.4914391217670913e-07,1.3754521177395063,-6.7967448091169675,-0.23737177947275698,-1.1682649022010314,9.770575884618493,0.0010892745747667438,0.0010923847732600405,-0.002181661564992912,-4.699434720201537,8.368308942705468,-89.0625
1772748285.396968,-1.4914391217670913e-07,1.3754521177395063,-6.7967448091169675,-0.23769291453542904,-1.168959365876557,9.767038133073235,0.0,0.0,0.0,-4.699434720201537,8.368308942705468,-89.875
1772748285.420786,-1.4914391217670913e-07,1.3754521177395063,-6.7967448091169675,-0.23769291453542904,-1.168959365876557,9.767038133073235,0.0,0.0,0.0,-4.699434720201537,8.368308942705468,-89.875
1772748285.465304,-1.4914391217670913e-07,1.3754521177395063,-6.7967448091169675,-0.2379113951569474,-1.1660764153868761,9.768028910646459,1.5550992466482593e-06,-0.0010908296740133922,0.001090830782496456,-4.699434720201537,8.368308942705468,-89.875
1772748285.4889116,-1.4914391217670913e-07,1.3754521177395063,-6.7967448091169675,-0.24139713105343127,-1.16750772117336,9.768688262053729,0.0010939398725066886,-0.0021801042487801362,0.002181661564992912,-5.074434339133129,8.367774338964127,-89.875
1772748285.5022793,-1.4914391217670913e-07,1.3754521177395063,-6.7967448091169675,-0.24139713105343127,-1.16750772117336,9.768688262053729,0.0010939398725066886,-0.0021801042487801362,0.002181661564992912,-5.074434339133129,8.367774338964127,-89.875
1772748285.5191982,-1.4914391217670913e-07,1.3754521177395063,-6.7967448091169675,-0.24037650987086812,-1.1651103620528322,9.769127053049829,1.5550992466482593e-06,-0.0010908296740133922,0.001090830782496456,-5.074434339133129,8.367774338964127,-89.875
1772748285.5519922,-1.4914391217670913e-07,1.3754521177395063,-6.7967448091169675,-0.24303763735840986,-1.1668648234710768,9.769419063556118,3.1101984932965185e-06,-0.0021816593480267843,0.0,-5.074434339133129,8.367774338964127,-89.875
1772748285.6146626,-1.4914391217670913e-07,1.3754521177395063,-6.7967448091169675,-0.24146347966655135,-1.1680276291216762,9.76961339328608,-0.0021816593480267843,-3.1101984932965185e-06,-0.002181661564992912,-5.073454232274003,7.68027503758954,-90.25
1772748285.646964,-1.4914391217670913e-07,1.3754521177395063,-6.7967448091169675,-0.24041589530711316,-1.1688014632927601,9.773087829257886,-1.5550992466482593e-06,0.0010908296740133922,-0.001090830782496456,-5.073454232274003,7.68027503758954,-90.25
1772748285.6796231,-1.4914391217670913e-07,1.3754521177395063,-6.7967448091169675,-0.24041589530711316,-1.1688014632927601,9.773087829257886,-1.5550992466482593e-06,0.0010908296740133922,-0.001090830782496456,-5.073454232274003,7.68027503758954,-90.25
1772748285.7165592,-1.4914391217670913e-07,1.3754521177395063,-6.7967448091169675,-0.23925479029495278,-1.1696591533933534,9.773593658035644,-0.0010923847732600405,0.001089274574766744,-0.001090830782496456,-4.6984546133424105,7.680809641330882,-89.0625
1772748285.740003,-1.4914391217670913e-07,1.3754521177395063,-6.7967448091169675,-0.23925479029495278,-1.1696591533933534,9.773593658035644,-0.0010923847732600405,0.001089274574766744,-0.001090830782496456,-4.6984546133424105,7.680809641330882,-89.0625
1772748285.7616174,-1.4914391217670913e-07,1.3754521177395063,-6.7967448091169675,-0.2389460372029912,-1.169887224470241,9.77239153927893,0.0010908296740133922,1.5550992466482593e-06,0.0,-4.6984546133424105,7.680809641330882,-89.0625
1772748285.792523,-1.4914391217670913e-07,1.3754521177395063,-6.7967448091169675,-0.23539545716121313,-1.1700342343995649,9.771591542674884,0.0,0.0,0.0,-5.0738997353917865,7.992774720032534,-90.5625
1772748285.8235617,-1.4914391217670913e-07,1.3754521177395063,-6.7967448091169675,-0.23539545716121313,-1.1700342343995649,9.771591542674884,0.0,0.0,0.0,-5.0738997353917865,7.992774720032534,-90.5625
1772748285.8430893,-1.4914391217670913e-07,1.3754521177395063,-6.7967448091169675,-0.23302781698136385,-1.173477176173397,9.774404265578758,-1.5550992466482593e-06,0.0010908296740133922,0.001090830782496456,-5.0738997353917865,7.992774720032534,-90.5625
1772748285.8582392,-1.4914391217670913e-07,1.3754521177395063,-6.7967448091169675,-0.23302781698136385,-1.173477176173397,9.774404265578758,-1.5550992466482593e-06,0.0010908296740133922,0.001090830782496456,-5.0738997353917865,7.992774720032534,-90.5625
1772748285.8968322,-1.4914391217670913e-07,1.3754521177395063,-6.7967448091169675,-0.23479728719802362,-1.1757731842883268,9.779621212958432,1.5550992466482593e-06,-0.0010908296740133922,0.0,-4.387469641499884,8.743754064754846,-88.6875
1772748285.930542,-1.4914391217670913e-07,1.3754521177395063,-6.7967448091169675,-0.2359843875101809,-1.17061093542457,9.779747921455165,0.0010877194755200958,0.002183214447273433,0.001090830782496456,-4.387469641499884,8.743754064754846,-88.6875
1772748285.9522727,-1.4914391217670913e-07,1.3754521177395063,-6.7967448091169675,-0.23677915833176602,-1.1638304081637623,9.779832244544314,0.0021754389510401915,0.004366428894546866,0.001090830782496456,-5.886933513484913,8.366616030857887,-89.5
1772748285.9757843,-1.4914391217670913e-07,1.3754521177395063,-6.7967448091169675,-0.23677915833176602,-1.1638304081637623,9.779832244544314,0.0021754389510401915,0.004366428894546866,0.001090830782496456,-5.886933513484913,8.366616030857887,-89.5
1772748285.9949589,-1.4914391217670913e-07,1.3754521177395063,-6.7967448091169675,-0.23730806943535912,-1.1593180430151473,9.776543248910873,-0.0010861643762734474,-0.003274044121286825,0.0,-5.886933513484913,8.366616030857887,-89.5
1772748286.0171733,-1.4914391217670913e-07,1.3754521177395063,-6.7967448091169675,-0.23730806943535912,-1.1593180430151473,9.776543248910873,-0.0010861643762734474,-0.003274044121286825,0.0,-5.886933513484913,8.366616030857887,-89.5
1772748286.0807056,-1.4914391217670913e-07,1.3754521177395063,-6.7967448091169675,-0.23431017673377666,-1.159655453898617,9.777699570764625,-0.0021832144472734324,0.0010877194755200958,-0.001090830782496456,-5.51193389455332,8.367150634599229,-89.5
1772748286.1197934,-1.4914391217670913e-07,1.3754521177395063,-6.7967448091169675,-0.23566022093760494,-1.1598847658970637,9.775123978334017,-0.0010846092770267991,-0.004364873795300217,-0.002181661564992912,-5.51193389455332,8.367150634599229,-89.5
1772748286.1386833,-1.4914391217670913e-07,1.3754521177395063,-6.7967448091169675,-0.23566022093760494,-1.1598847658970637,9.775123978334017,-0.0010846092770267991,-0.004364873795300217,-0.002181661564992912,-5.51193389455332,8.367150634599229,-89.5
1772748286.1704268,-1.4914391217670913e-07,1.3754521177395063,-6.7967448091169675,-0.23321355196619512,-1.1600326016458231,9.780100173757338,-0.0010877194755200958,-0.002183214447273433,-0.002181661564992912,-4.6989001164601945,7.993309323773875,-89.5
1772748286.203544,-1.4914391217670913e-07,1.3754521177395063,-6.7967448091169675,-0.23492566058025693,-1.1634808618178887,9.776721552809175,0.0,0.0,-0.001090830782496456,-4.6989001164601945,7.993309323773875,-89.5
1772748286.2343826,-1.4914391217670913e-07,1.3754521177395063,-6.7967448091169675,-0.23492566058025693,-1.1634808618178887,9.776721552809175,0.0,0.0,-0.001090830782496456,-4.6989001164601945,7.993309323773875,-89.5
1772748286.3035398,-1.4914391217670913e-07,1.3754521177395063,-6.7967448091169675,-0.23606028091278486,-1.169120748750884,9.77447311830984,-0.0010908296740133922,-1.5550992466482593e-06,0.0,-4.699434720201537,8.368308942705468,-89.5
1772748286.347038,-0.013883365479075725,1.3746336383672664,-6.789928421383557,-0.23682012689416646,-1.1695289221950516,9.772976810267194,0.0010939398725066886,-0.0021801042487801362,0.017453292519943295,-4.699434720201537,8.368308942705468,-89.5
1772748286.383854,-0.00698347311590565,1.3750374853219027,-6.796828313746728,-0.23732102708211625,-1.1731456653706245,9.751910363735751,-0.007638917916587042,0.0021707736533002468,0.006544984694978736,-5.887468117226255,8.74161564978948,-90.25
1772748286.437035,-0.00698347311590565,1.3750374853219027,-6.796828313746728,-0.23782127942360937,-1.0584737767696513,9.784722442799175,-7.775496233241296e-06,0.005454148370066961,-0.003272492347489368,-5.887468117226255,8.74161564978948,-90.25
1772748286.5072377,0.006568439041614412,1.3828480481459353,-6.796670810599975,-0.26130289574628324,-1.1695203628992368,9.746346504149196,-0.007645138313573635,0.006534092349353816,0.006544984694978736,-4.387469641499884,8.743754064754846,-89.0625
1772748286.548224,0.014381229943770299,1.3693000330238396,-6.796568566180096,-0.2570735963617997,-1.0928621386856812,9.750913751030833,0.0011063806664798747,-0.010906741640887273,-0.007635815477475192,-4.387469641499884,8.743754064754846,-89.0625
1772748286.5879583,0.04272920009106481,1.3639770467517338,-6.79622799917127,-0.254106442477833,-1.148890412658455,9.723847197445195,-0.0021629981570670054,-0.013093066286654005,0.013089969389957472,-3.5739012596654165,7.9949131349979,-89.0625
1772748286.6164193,0.04272920009106481,1.3639770467517338,-6.79622799917127,-0.254106442477833,-1.148890412658455,9.723847197445195,-0.0021629981570670054,-0.013093066286654005,0.013089969389957472,-3.5739012596654165,7.9949131349979,-89.0625
1772748286.655144,0.04929784180798164,1.3713729383043234,-6.796151899668385,-0.2521318347133338,-1.1861766031105063,9.735940713753044,-0.006555863738806892,0.007626477122613856,-0.004363323129985824,-3.5739012596654165,7.9949131349979,-89.0625
1772748286.6747203,0.04929784180798164,1.3713729383043234,-6.796151899668385,-0.22071178053119245,-1.2109472269206936,9.740643702055168,-0.0021816593480267843,-3.1101984932965185e-06,0.007635815477475192,-4.699969323942878,8.743308561637061,-89.0625
1772748286.731188,0.028264562706499394,1.370121014489752,-6.803385347588434,-0.18976676053375316,-1.227417493886503,9.74377348823441,-0.0021894348442600257,0.005451038171573664,-0.004363323129985824,-4.699969323942878,8.743308561637061,-89.0625
1772748286.7932389,0.04680976903681856,1.4132607079566881,-6.796194425942525,-0.1691970395270997,-1.2216527310269336,9.745856325974694,0.01091918243486046,-0.007620256725627263,0.006544984694978736,-5.51193389455332,8.367150634599229,-90.25
1772748286.8548522,0.009404405806951198,1.4530751689557158,-6.7966808871239595,-0.14883220983373138,-1.2077714831670363,9.777348436589905,0.006509210761407444,0.02509841309778791,-0.014180800172453928,-5.51193389455332,8.367150634599229,-90.25
1772748286.905393,0.21399696251461822,1.430188282697068,-6.794112847816366,-0.18546103660860724,-1.1952600918412553,9.798306084414403,0.0011297071551795987,-0.027269186751088158,0.0916297857297023,-4.387469641499884,8.743754064754846,-89.5
1772748286.927342,0.27060581848669374,1.4195462344550762,-6.800406140974047,-0.22999360034816507,-1.1267505640777273,9.81225316492934,-0.013072849996447576,-0.012017787605107093,0.04581489286485115,-4.387469641499884,8.743754064754846,-89.5
1772748286.9856355,0.6610751701094985,1.344386294666434,-6.747071639863172,-0.25975351349572845,-0.9941854226427019,9.911852807310556,0.020819069761053348,-0.06542023355511721,0.18871372537188688,-5.073454232274003,7.68027503758954,-89.5
1772748287.0111783,1.101581751935222,1.2507708329015854,-6.693856816198097,-0.2861246304313512,-0.992947155526567,9.964754809885072,0.031772464379340074,-0.09703874310903911,0.24434609527920614,-5.073454232274003,7.68027503758954,-89.5
1772748287.0302482,1.101581751935222,1.2507708329015854,-6.693856816198097,-0.2861246304313512,-0.992947155526567,9.964754809885072,0.031772464379340074,-0.09703874310903911,0.24434609527920614,-5.073454232274003,7.68027503758954,-89.5
1772748287.0823565,2.3486265800440864,0.5429527596087697,-6.540609604002638,-0.4486660839188282,-1.2703273487401456,10.023389496236758,0.006828006106970337,-0.1985216700749575,0.34033920413889424,-5.51193389455332,8.367150634599229,-87.875
1772748287.1382484,3.317458702869395,0.2675789603391366,-6.489109570250799,-0.4150458793256008,-1.2770745407038766,10.169440587004463,0.018780479543718205,-0.1657796737628426,0.4265148359561143,-5.887468117226255,8.74161564978948,-87.0625
1772748287.1861744,4.737695318598969,0.06836800350836422,-6.503653115103204,-0.3625898780815392,-1.2647962606226737,10.320157743729895,-0.010721684830536132,-0.13091511187407354,0.49632800603588745,-5.887468117226255,8.74161564978948,-87.0625
1772748287.2101998,4.737695318598969,0.06836800350836422,-6.503653115103204,-0.3625898780815392,-1.2647962606226737,10.320157743729895,-0.010721684830536132,-0.13091511187407354,0.49632800603588745,-5.887468117226255,8.74161564978948,-87.0625
1772748287.251432,7.352264801173268,-0.13523507166815504,-6.592948048736096,-0.2910611648369105,-1.2567277996465032,10.360093001372308,-0.023796089926230356,-0.14184206980516725,0.7166758241001716,-7.702728394725884,10.67652976285289,-85.875
1772748287.3027253,7.352264801173268,-0.13523507166815504,-6.592948048736096,-0.2910611648369105,-1.2567277996465032,10.360093001372308,-0.023796089926230356,-0.14184206980516725,0.7166758241001716,-7.702728394725884,10.67652976285289,-85.875
1772748287.3227699,9.66029980874172,-0.31118872781525486,-6.6835700132860145,-0.2733939877977984,-1.2479010857796586,10.229602534788922,-0.03576877965318465,-0.16040328035510804,0.8857545953871222,-9.519948885943766,13.986442478665476,-83.875
1772748287.338023,11.301577404576376,-0.3326281032400074,-6.7833399195667745,-0.25497984398978357,-1.2186017104963507,10.055789682561397,-0.05871352518938545,-0.13425602526296626,1.028653427894158,-9.519948885943766,13.986442478665476,-83.875
1772748287.3610804,13.215614411410103,-0.27219811552287976,-6.878777580953831,-0.23938032867693834,-1.1990985347161527,9.94011917102076,-0.04238840246110412,-0.10805278659794511,1.1999138607461015,-9.519948885943766,13.986442478665476,-83.875
1772748287.4111564,17.705160132324515,-0.04651204967071592,-6.826994623924186,-0.22902286961736296,-1.169393847558801,9.863141737714743,0.032877289946573296,-0.10685465507591299,1.4060808786379317,-10.276185167455935,18.360368825384707,-82.6875
1772748287.4539778,17.705160132324515,-0.04651204967071592,-6.826994623924186,-0.22902286961736296,-1.169393847558801,9.863141737714743,0.032877289946573296,-0.10685465507591299,1.4060808786379317,-10.276185167455935,18.360368825384707,-82.6875
1772748287.5204904,26.10690317811474,0.6712305235098821,-6.848430705050259,-0.22420942202102453,-1.1531934946188493,9.675278679857858,-0.03708820891645534,-5.287337438604082e-05,1.4431691252428112,-12.53348913217716,23.482155995001758,-81.5
1772748287.564193,29.111561032232323,0.9899325218890453,-6.807136468863879,-0.2256027108502637,-1.1488894187404182,9.479496423454162,0.008763959774026695,-0.026167471382348227,1.3449943548181302,-12.53348913217716,23.482155995001758,-81.5
1772748287.5934935,30.58402995306416,1.077334796812232,-6.713759405420103,-0.18975758173635307,-1.1292471057117595,9.349205518848606,0.07320377570164255,-0.08279886357549238,1.335176877775662,-12.53518204402474,24.669654788285136,-78.6875
1772748287.6180773,32.851807007673116,1.1420297593503697,-6.484880708829871,-0.1124814611152639,-1.04585179014663,9.282569047522296,0.12999534311719146,-0.1307145040712559,1.3624476473380736,-12.53518204402474,24.669654788285136,-78.6875
1772748287.6760445,35.11798318555045,1.1888110837707664,-6.134126467819935,-0.06105506607275776,-0.9903531392247513,9.26832922559867,0.20196522001412898,-0.11315859273676286,1.351539339513109,-12.53518204402474,24.669654788285136,-78.6875
1772748287.7449162,43.81468713365333,1.6256297343678854,-5.0253303699946725,-0.06633529403324928,-1.0236523083347189,9.564536102752271,0.061150220813862545,-0.04463693107673678,1.2719086923908676,-12.10338492851219,28.670274427920358,-81.875
1772748287.7854888,43.81468713365333,1.6256297343678854,-5.0253303699946725,-0.06633529403324928,-1.0236523083347189,9.564536102752271,0.061150220813862545,-0.04463693107673678,1.2719086923908676,-12.10338492851219,28.670274427920358,-81.875
1772748287.8328354,45.82407806035676,1.7331222414581027,-4.934550683893615,-0.053670457854816354,-1.0391700716891896,9.5028067149783,0.015327599009066828,-0.039248096875029045,1.2042771838760873,-12.544003005756876,30.857148500656415,-80.6875
1772748287.8902092,49.32765153834335,1.929473450809214,-4.711704793432909,-0.005096082332027279,-1.052784852269405,9.401514486245418,0.05892968398466955,-0.01736929942489527,1.3024519543007684,-12.544003005756876,30.857148500656415,-80.6875
1772748287.9226809,54.18386413504265,2.1413228348476987,-4.4378890377545135,0.02722962196706081,-1.061845336658474,9.334105639532018,0.03497030863754113,-0.04467425345865634,1.2337296150034918,-14.424258037204696,34.541971734777036,-83.875
1772748287.9548554,55.413047972912956,2.2189130849227285,-4.351617643197902,0.04879447414718868,-1.1046711791959896,9.376218709440712,0.04144686231476896,0.0033315827934128107,1.1017390903214206,-14.424258037204696,34.541971734777036,-83.875
1772748287.990428,58.43367185431162,2.4563112604967183,-4.1827910531316235,0.0464344073113739,-1.1432304680560452,9.47114672117752,0.10023347716874687,0.08631861337774963,1.102829921103917,-14.738896134613055,36.041524707385626,-84.25
1772748288.0159762,60.21794681663822,2.6555667729962606,-3.985393278988295,0.04485427154656548,-1.1622010274407815,9.541010475987632,0.09373204190357268,0.055766051909894754,1.0624691821515482,-14.738896134613055,36.041524707385626,-84.25
1772748288.0454283,60.21794681663822,2.6555667729962606,-3.985393278988295,0.04485427154656548,-1.1622010274407815,9.541010475987632,0.09373204190357268,0.055766051909894754,1.0624691821515482,-14.738896134613055,36.041524707385626,-84.25
1772748288.0931733,64.91053122346847,2.7697911336088663,-3.6956470764323957,0.0965769502990683,-1.1496999322535546,9.807867331636228,0.06644419396152473,0.06772630084287586,1.0951941056264418,-15.42737554284677,36.72804390190108,-85.875
1772748288.1182055,64.91053122346847,2.7697911336088663,-3.6956470764323957,0.0965769502990683,-1.1496999322535546,9.807867331636228,0.06644419396152473,0.06772630084287586,1.0951941056264418,-15.42737554284677,36.72804390190108,-85.875
1772748288.1355999,66.10675676244355,2.794626310661696,-3.658516265200711,0.13169761845894212,-1.1329789993208357,9.882173190588402,0.07404112419845228,0.0950079283879372,1.0831949670189809,-15.42737554284677,36.72804390190108,-85.875
1772748288.1697752,68.39287565819818,2.834379898918765,-3.6411549022116563,0.15173446013694067,-1.1285463906799458,9.931622909670242,0.059863448634771464,0.092806052749704,1.030835089459151,-14.743618467661573,39.35402134128136,-87.5
1772748288.2284617,73.63965137331925,2.570741993588037,-4.0459048080183235,0.1483283928183221,-1.1348124654611216,9.905076830314856,-0.05670448185773662,-0.013170821248986418,0.9108437033845407,-12.933793328198917,41.231603354022475,-88.25
1772748288.2836595,75.03152688666547,2.3757446173832397,-4.236573512587355,0.11591331248664026,-1.0896920057629729,9.889998127033348,-0.12637451186390208,-0.11362667761000399,0.830122225479803,-12.933793328198917,41.231603354022475,-88.25
1772748288.3142583,75.90838478184384,2.2258410707641567,-4.3599178007857535,0.08423458133249456,-1.0095025257151515,9.876618306732338,-0.13396211150534973,-0.1474532831991457,0.7733990247899872,-12.933793328198917,41.231603354022475,-88.25
1772748288.3324986,77.13907483398862,2.010974195611081,-4.53517212876287,0.04976753756709794,-0.9528112895089318,9.847643515540486,-0.1274015824688029,-0.15835224934379974,0.7286749627076325,-14.062534411183085,43.8549968753196,-88.0
1772748288.3806973,78.64482925015191,1.760714636777347,-4.671319741339027,0.010090256949083212,-0.9050724242951877,9.784874663476781,-0.058687088502192425,-0.15280012972119392,0.6424993308904126,-14.062534411183085,43.8549968753196,-88.0
1772748288.436639,80.29691967478075,1.5121900941566195,-4.618207112866277,-0.016314530077939763,-0.8733027427735074,9.743102693602406,0.025246147526219495,-0.1101380297926797,0.5650503453331642,-16.252616106367192,45.66437651166447,-88.25
1772748288.4833963,81.63805392663615,1.3745165283663616,-4.3030954621893525,-0.020506187651323077,-0.8521412993129299,9.748755031347681,0.1244509989908189,-0.06745415847471241,0.44833145160604343,-16.252616106367192,45.66437651166447,-88.25
1772748288.5098946,82.33895750438559,1.2777446402138717,-4.1323470303967795,-0.02328615129327887,-0.8447488116948793,9.752516598976412,0.10699305890886468,-0.06420655104061862,0.3937899124812206,-16.941630118342246,46.72589532511152,-87.5
1772748288.5356507,82.92759568830193,1.215600714652706,-4.031325967440422,-0.03846416220421233,-0.8766444604518918,9.755019880213869,0.06549798851744963,-0.03372241393961626,0.33815754257390135,-16.941630118342246,46.72589532511152,-87.5
1772748288.5673344,83.60950564094011,1.1632755316366417,-3.9700611842004414,-0.0485649589159473,-0.8978706584019414,9.763376009328551,0.0491277679110155,-0.028291592058249028,0.31306843457648287,-18.75305906902893,45.97331216916519,-86.0
1772748288.607861,84.06224659384459,1.1144542775215867,-3.96699039001583,-0.058636803427014,-0.9086561165420802,9.748866249666378,0.010965835412259909,-0.04034514694602903,0.2585268954516601,-18.75305906902893,45.97331216916519,-86.0
1772748288.6498353,84.57440703965129,1.0507264521905089,-4.007573179489084,-0.06533950343925372,-0.9158337184528809,9.739210166695838,0.013149049859533342,-0.04143286642154913,0.22362031041177347,-19.566627450863397,46.722153098922135,-88.25
1772748288.6885867,84.97426357047189,0.9503333807175051,-4.013580234294715,-0.1099413751202423,-0.9206675582409378,9.732784151344458,0.004461289948592409,-0.06871604906585711,0.17016960206944712,-19.566627450863397,46.722153098922135,-88.25
1772748288.7050612,85.17817380372293,0.9106834613303675,-4.064437458448425,-0.14963967211411935,-0.9372791643285354,9.77199416210656,-0.022814117199482342,-0.06548243752498314,0.1810779098944117,-22.067248614772243,47.156088629400045,-86.25
1772748288.75507,85.71440527056465,0.8637302991677712,-4.102200234585201,-0.18951041090617066,-0.8981764532933931,9.808123321386178,-0.0010426215973672961,-0.03381727499366181,0.19634954084936207,-22.067248614772243,47.156088629400045,-86.25
1772748288.8141768,86.15453354984417,0.8733603681706714,-4.13330058500486,-0.23609551673690427,-0.8855630820854546,9.832166873297611,0.006585410624493209,-0.02835224092886831,0.19525871006686563,-23.566623386133717,46.71645065901449,-86.0
1772748288.843462,86.55759724637996,0.9463685213106552,-4.161787507747495,-0.253750332817592,-0.8537341909921352,9.844822476803277,-0.0065574188380535395,0.008717306796627248,0.17453292519943295,-23.566623386133717,46.71645065901449,-86.0
1772748288.888544,87.03705339047916,1.069231966255345,-4.2892872991391435,-0.26882544871165226,-0.845937621578468,9.846554416149305,-0.0491246577125222,0.026109932710222244,0.17453292519943295,-24.755191386899778,47.46475698503009,-85.0625
1772748288.9177053,87.28977492842259,1.1709504188210762,-4.363567600789615,-0.2755174304556189,-0.8373992145943598,9.847707002437057,-0.04369694602964827,0.04466181266468315,0.15489797111449674,-24.755191386899778,47.46475698503009,-85.0625
1772748288.9376,87.43979260314838,1.2498384265559566,-4.4081588423215115,-0.2632405591868923,-0.835038264311648,9.848474035736322,-0.039361619120034365,0.0643029671939108,0.14180800172453928,-24.755191386899778,47.46475698503009,-85.0625
1772748288.967759,87.43979260314838,1.2498384265559566,-4.4081588423215115,-0.2632405591868923,-0.835038264311648,9.848474035736322,-0.039361619120034365,0.0643029671939108,0.14180800172453928,-24.755191386899778,47.46475698503009,-85.0625
1772748288.9907558,87.6609649540647,1.3954817557394221,-4.478031427172389,-0.24503034475034188,-0.8367978801062501,9.838949152706702,-0.04265121423378767,0.07629742831031817,0.13853550937704992,-25.757863389424067,49.33832946971115,-87.0625
1772748289.0167365,87.88830121502815,1.6202491904041079,-4.578429016073803,-0.2328878063411224,-0.8546944263017399,9.832610449450405,-0.0415899314454606,0.09702474721581927,0.10362892433716332,-25.757863389424067,49.33832946971115,-87.0625
1772748289.0515668,88.01850667107077,1.7768069533879143,-4.703380340931232,-0.22479277619695695,-0.8766397028015451,9.821701889826656,-0.0786548138732162,0.08060942873123235,0.07417649320975901,-26.131882901496535,48.65029556459522,-85.0625
1772748289.0797825,88.01850667107077,1.7768069533879143,-4.703380340931232,-0.22479277619695695,-0.8766397028015451,9.821701889826656,-0.0786548138732162,0.08060942873123235,0.07417649320975901,-26.131882901496535,48.65029556459522,-85.0625
1772748289.1164172,88.08022798932944,1.9885133358129052,-4.918866246255405,-0.23279559494497698,-0.8845728978497084,9.824477700375605,-0.06882957131086244,0.07516927625438521,0.00545415391248228,-26.131882901496535,48.65029556459522,-85.0625
1772748289.1480894,88.07007942655105,2.0818460896074322,-5.237859126680597,-0.23809276847669833,-0.9099230003831198,9.833015194702732,-0.12766905953922641,0.029270454586503743,0.001090830782496456,-25.445809210098858,49.651274655271926,-87.5
1772748289.1736073,88.03927458355402,1.970400233690043,-5.58775140584245,-0.19469108548321712,-0.9936286130566849,9.842041913514695,-0.1232466470718002,-0.012174852629018566,-0.013089969389957472,-25.445809210098858,49.651274655271926,-87.5
1772748289.2287786,87.99887749780632,1.8686660036600349,-5.91861986479271,-0.16579821263037414,-1.0560239798541329,9.848049094049,-0.13303612235148105,-0.031823782654479466,-0.026179938779914945,-26.572500978741218,50.83716963733128,-87.0625
1772748289.2800715,87.88365269822978,1.7871422304365656,-6.255646064362213,-0.17668584092327347,-1.0909001022613811,9.82528591193142,-0.11996016215654018,-0.02198765439739915,-0.03599741582238305,-26.572500978741218,50.83716963733128,-87.0625
1772748289.2998557,87.84465401488117,1.800979913839785,-6.464801674371918,-0.21737775018555375,-1.1175025686859044,9.786721486562342,-0.13092599756880008,0.018357492548629877,-0.02181661564992912,-25.76160561561346,51.963326802232295,-85.875
1772748289.3194788,87.80163824630755,1.815547244755984,-6.614503787495208,-0.22773221970081253,-1.1351823687992841,9.76105729227208,-0.13419848659084027,0.018352827250889932,-0.04581489286485115,-25.76160561561346,51.963326802232295,-85.875
1772748289.3397672,87.7282259858332,1.8486195917743093,-6.735453765381359,-0.2580387616527436,-1.1469814600507973,9.774084063025619,-0.08188998051333683,0.05442485125717099,-0.06326818538479445,-25.76160561561346,51.963326802232295,-85.875
1772748289.3763437,87.45328924809603,2.0182856578612456,-6.853314292151241,-0.25480120626821556,-1.1481100250856757,9.782753233443534,-0.07105010814005544,0.10243690790622674,-0.14508049407202864,-26.94848070453194,51.52413433496452,-88.0
1772748289.4149592,87.37834861641564,2.0235285267782226,-6.864930750541518,-0.2494684498794341,-1.0317775129022173,9.694859341710735,-0.017461050280447515,0.005429266782120589,-0.020725784867432664,-26.94848070453194,51.52413433496452,-88.0
1772748289.4334698,87.37834861641564,2.0235285267782226,-6.864930750541518,-0.2494684498794341,-1.0317775129022173,9.694859341710735,-0.017461050280447515,0.005429266782120589,-0.020725784867432664,-26.94848070453194,51.52413433496452,-88.0
1772748289.4673543,87.36906984269334,2.013063382026412,-6.864846855360158,-0.2089564598228254,-1.0713858592752217,9.636366938601661,0.00110171536873993,-0.007634252618847097,-0.01090830782496456,-27.636603710271423,51.960653783525586,-88.25
1772748289.512653,87.39626385092023,1.974998330008281,-6.863182174427392,-0.20540240349601563,-1.1044683697207542,9.634237126516041,0.0021801042487801362,0.0010939398725066888,0.026179938779914945,-27.636603710271423,51.960653783525586,-88.25
1772748289.5684376,87.44570159388398,1.972686503622983,-6.87709283541269,-0.1992053127506982,-1.1634176287931848,9.659732749929839,0.002190989943506674,-0.006541867845587057,-0.018544123302439753,-26.94848070453194,51.52413433496452,-89.0625
1772748289.5920634,87.40664497076851,1.960189279115051,-6.887351267647053,-0.1955250963172748,-1.195815690220789,9.68992815342956,0.007645138313573635,-0.006534092349353816,-0.026179938779914945,-26.573481085600346,51.524668938705865,-88.6875
1772748289.620751,87.40664497076851,1.960189279115051,-6.887351267647053,-0.1955250963172748,-1.195815690220789,9.68992815342956,0.007645138313573635,-0.006534092349353816,-0.026179938779914945,-26.573481085600346,51.524668938705865,-88.6875
1772748289.6597188,87.4021853519563,1.950098679795255,-6.887486768204524,-0.1930759533915428,-1.2173762381907998,9.723403303983146,0.008740633285326972,-0.009805026272147344,-0.009817477042468103,-26.573481085600346,51.524668938705865,-88.6875
1772748289.689066,87.39041893183962,1.9159139739674766,-6.832261052131924,-0.16804939327515284,-1.2183107270130709,9.749025754441941,0.014185451059914044,-0.0032522727318337495,-0.01090830782496456,-27.262584198198955,52.648687688641516,-90.0
1772748289.7057376,87.39153397581103,1.9014721724885995,-6.817086047867193,-0.17481025523921948,-1.218966000657735,9.766077209000745,0.014194781655393934,-0.009797250775914102,0.001090830782496456,-27.262584198198955,52.648687688641516,-90.0
1772748289.7229826,87.39153397581103,1.9014721724885995,-6.817086047867193,-0.17481025523921948,-1.218966000657735,9.766077209000745,0.014194781655393934,-0.009797250775914102,0.001090830782496456,-27.262584198198955,52.648687688641516,-90.0
1772748289.7426198,87.38782858032486,1.8866602403057318,-6.801690231022542,-0.18268802343297164,-1.1959910886164666,9.777424761532401,0.01309773158439395,-0.0054354871791071815,0.00545415391248228,-27.262584198198955,52.648687688641516,-90.0
1772748289.7929342,87.42902455446134,1.8647046449646782,-6.785686094256991,-0.18794012781472466,-1.1740113246834352,9.798356877811027,-0.004364873795300217,0.0010846092770267991,0.015271630954950384,-27.636603710271423,51.960653783525586,-88.25
1772748289.8150632,87.51366746283001,1.8597655475409045,-6.783906229146053,-0.19145918873405027,-1.1426584957756751,9.815632079074714,2.177138945307563e-05,-0.015271615436187491,0.015271630954950384,-27.636603710271423,51.960653783525586,-88.25
1772748289.8346443,87.51366746283001,1.8597655475409045,-6.783906229146053,-0.19145918873405027,-1.1426584957756751,9.815632079074714,2.177138945307563e-05,-0.015271615436187491,0.015271630954950384,-27.636603710271423,51.960653783525586,-88.25
1772748289.882496,87.50379263248516,1.8591769584997264,-6.784053340935995,-0.2004913010815266,-1.121803076020856,9.827128532539055,-0.009822132363860474,0.0032584931288203427,0.004363323129985824,-27.26302970131674,52.96118737108451,-88.25
1772748289.930234,87.48901092054798,1.8586002941086228,-6.774693080296723,-0.20654499037508076,-1.077818052371646,9.89833641633484,0.0010861643762734474,0.003274044121286825,-0.006544984694978736,-27.26302970131674,52.96118737108451,-88.25
1772748289.9627943,13.04319553889156,-34.78565482974508,135.28542218864456,-0.20709024875363383,-1.145549882587576,9.86209667487377,-0.0010768337807935578,-0.009819022165367178,0.020725784867432664,-28.075083372550736,52.647529380535275,-88.25
1772748290.0083704,87.52017957557818,1.8358031425902324,-6.768738343957011,-0.20745311211362572,-1.1906246589821585,9.824599084926588,0.005452593270820313,0.0010986051702466335,-0.007635815477475192,-28.075083372550736,52.647529380535275,-88.25
1772748290.02813,87.50570371652071,1.8297992307102147,-6.773483949114715,-0.19765926870202397,-1.2206071126806373,9.799644857692263,0.0021754389510401915,0.004366428894546866,-0.007635815477475192,-26.13713983828639,52.33779181742255,-88.25
1772748290.064857,87.50570371652071,1.8297992307102147,-6.773483949114715,-0.19765926870202397,-1.2206071126806373,9.799644857692263,0.0021754389510401915,0.004366428894546866,-0.007635815477475192,-26.13713983828639,52.33779181742255,-88.25
1772748290.1026957,87.52567526306683,1.8259247671035816,-6.77801725309506,-0.20122458848646776,-1.2071233240841364,9.809798991883358,1.3995893219834332e-05,-0.009817467066120529,0.011999138607461015,-26.13713983828639,52.33779181742255,-88.25
1772748290.1227193,87.52567526306683,1.8259247671035816,-6.77801725309506,-0.20122458848646776,-1.2071233240841364,9.809798991883358,1.3995893219834332e-05,-0.009817467066120529,0.011999138607461015,-26.13713983828639,52.33779181742255,-88.25
1772748290.1458418,0.07742153062288752,0.0019842679757636397,139.95202338648107,-0.20517626133684544,-1.192178375373081,9.82105347081597,0.003272489022040177,4.6652977399447776e-06,-0.003272492347489368,-26.95008451575596,52.649133191759304,-87.0625
1772748290.1745174,0.07742153062288752,0.0019842679757636397,139.95202338648107,-0.20517626133684544,-1.192178375373081,9.82105347081597,0.003272489022040177,4.6652977399447776e-06,-0.003272492347489368,-26.95008451575596,52.649133191759304,-87.0625
1772748290.1918528,87.5272982140913,1.796085861468607,-6.787203590188392,-0.19619650701502853,-1.1848449021938146,9.81066573793803,-0.003270933922793529,-0.001095494971753337,0.00545415391248228,-26.95008451575596,52.649133191759304,-87.0625
1772748290.2066445,87.52752206941116,1.7910363453720324,-6.7920262626704035,-0.19022058082428783,-1.1799645577132758,9.803752817746341,6.220396986593037e-06,-0.004363318696053569,0.00545415391248228,-27.638563923989675,53.33565238627476,-88.0
1772748290.2468588,87.52797105144997,1.780937424655466,-6.801671574685713,-0.20292152199395944,-1.2101916701823732,9.782426788044553,-0.0021801042487801362,-0.0010939398725066888,-0.006544984694978736,-27.638563923989675,53.33565238627476,-88.0
1772748290.2651112,168.52449223265612,36.6549564427873,137.52828675767205,-0.21137385646356677,-1.2303074758715866,9.768234553505375,0.0021785491495334877,0.002184769546520081,-0.004363323129985824,-27.638563923989675,53.33565238627476,-88.0
1772748290.2966816,168.52449223265612,36.6549564427873,137.52828675767205,-0.21137385646356677,-1.2303074758715866,9.768234553505375,0.0021785491495334877,0.002184769546520081,-0.004363323129985824,-27.638563923989675,53.33565238627476,-88.0
1772748290.3565814,87.52455187400687,1.7508727656244671,-6.811223164996015,-0.18744969958196206,-1.1578443715946318,9.791503111934281,-4.6652977399447776e-06,0.003272489022040177,-0.004363323129985824,-27.26213869508117,52.33618800619852,-89.0625
1772748290.3968275,87.52455187400687,1.7508727656244671,-6.811223164996015,-0.18440444701044706,-1.1586508979071333,9.794345415908722,-3.1101984932965185e-06,0.0021816593480267843,-0.007635815477475192,-27.26213869508117,52.33618800619852,-89.0625
1772748290.4127297,87.52455187400687,1.7508727656244671,-6.811223164996015,-0.18440444701044706,-1.1586508979071333,9.794345415908722,-3.1101984932965185e-06,0.0021816593480267843,-0.007635815477475192,-27.26213869508117,52.33618800619852,-89.0625
1772748290.443251,87.5255066135327,1.7361820862870347,-6.805941845298422,-0.18237786544180395,-1.159187632158614,9.796236937453099,0.0010970500709999852,-0.004361763596806921,0.001090830782496456,-26.94848070453194,51.52413433496452,-87.875
1772748290.4699628,87.52573382850544,1.731132435922846,-6.810764615463482,-0.18102919804627146,-1.1595448228072598,9.7974957239112,-0.0010892745747667438,-0.0010923847732600405,0.003272492347489368,-26.94848070453194,51.52413433496452,-87.875
1772748290.5019586,87.52618952982648,1.7210332484309097,-6.820410124198054,-0.183452939145103,-1.1765128395588549,9.784952985408223,0.0010939398725066886,-0.0021801042487801362,-0.002181661564992912,-27.637138314012763,52.33565340245718,-88.25
1772748290.5264454,87.52618952982648,1.7210332484309097,-6.820410124198054,-0.183452939145103,-1.1765128395588549,9.784952985408223,0.0010939398725066886,-0.0021801042487801362,-0.002181661564992912,-27.637138314012763,52.33565340245718,-88.25
1772748290.543163,87.52655278650639,1.7162126483847202,-6.815358294627505,-0.18506591177141332,-1.187804865161875,9.773260821338742,1.5550992466482593e-06,-0.0010908296740133922,-0.003272492347489368,-27.637138314012763,52.33565340245718,-88.25
1772748290.58104,87.5271440648771,1.706342443401551,-6.815129316617271,-0.1861488646853857,-1.188629365444342,9.765479816760532,-0.0010861643762734474,-0.003274044121286825,0.004363323129985824,-26.95008451575596,52.649133191759304,-88.25
1772748290.6008964,87.52737293413401,1.7012929397547099,-6.81995214738318,-0.19690488267648462,-1.189192367645924,9.756956533425932,-1.5550992466482593e-06,0.0010908296740133922,0.0,-26.95008451575596,52.649133191759304,-88.25
1772748290.6208017,87.52737293413401,1.7012929397547099,-6.81995214738318,-0.2040581236723434,-1.1929121476300057,9.754629495285387,3.1101984932965185e-06,-0.0021816593480267843,-0.003272492347489368,-26.95008451575596,52.649133191759304,-88.25
1772748290.6463983,87.52737293413401,1.7012929397547099,-6.81995214738318,-0.2040581236723434,-1.1929121476300057,9.754629495285387,3.1101984932965185e-06,-0.0021816593480267843,-0.003272492347489368,-26.95008451575596,52.649133191759304,-88.25
1772748290.6764867,87.52760222716492,1.6962434741186347,-6.824774967827052,-0.2021283090319984,-1.1953780820074995,9.763116212519533,-3.1101984932965185e-06,0.0021816593480267843,-0.003272492347489368,-27.262584198198955,52.648687688641516,-88.75
1772748290.7038946,87.52337162697738,1.6860113775279508,-6.824316260793186,-0.20084403894629088,-1.1970191337894296,9.768764028036014,0.0,0.0,0.003272492347489368,-27.262584198198955,52.648687688641516,-88.75
1772748290.718287,87.52337162697738,1.6860113775279508,-6.824316260793186,-0.19998937155048938,-1.1981112354185546,9.769177474464678,-1.5550992466482593e-06,0.0010908296740133922,0.0,-27.26213869508117,52.33618800619852,-88.6875
1772748290.7505443,87.52360175732504,1.6809620052906562,-6.829138688284654,-0.19942059994584382,-1.1988380168531627,9.769452618444456,0.0021785491495334877,0.002184769546520081,-0.002181661564992912,-27.26213869508117,52.33618800619852,-88.6875
1772748290.7864327,87.52360175732504,1.6809620052906562,-6.829138688284654,-0.19942059994584382,-1.1988380168531627,9.769452618444456,0.0021785491495334877,0.002184769546520081,-0.002181661564992912,-27.26213869508117,52.33618800619852,-88.6875
1772748290.816009,87.52419412300355,1.6710922902587015,-6.828909634994116,-0.1957112869623432,-1.1892815880303629,9.769635723689438,-3.1101984932965185e-06,0.0021816593480267843,-0.001090830782496456,-27.26213869508117,52.33618800619852,-87.5
1772748290.8386195,87.52419412300355,1.6710922902587015,-6.828909634994116,-0.19324278060756453,-1.1829218914010942,9.766412466477234,0.0010939398725066886,-0.0021801042487801362,-0.001090830782496456,-27.26213869508117,52.33618800619852,-87.5
1772748290.8536983,87.52419412300355,1.6710922902587015,-6.828909634994116,-0.19324278060756453,-1.1829218914010942,9.766412466477234,0.0010939398725066886,-0.0021801042487801362,-0.001090830782496456,-27.26213869508117,52.33618800619852,-87.5
1772748290.8832037,87.52442508036785,1.6660429922385418,-6.83373209353462,-0.19158571072961061,-1.1887249092610093,9.760922313101336,0.0,0.0,0.0,-27.26213869508117,52.33618800619852,-87.5
1772748290.90607,87.52442508036785,1.6660429922385418,-6.83373209353462,-0.19048294923651568,-1.1925867528228258,9.757268677358708,0.0010923847732600405,-0.001089274574766744,-0.001090830782496456,-27.26160409133983,51.96118838726693,-88.6875
1772748290.9275126,87.52501780853962,1.6561732838437184,-6.833503184127411,-0.1897586114307617,-1.188466549957444,9.761527447000413,0.0,0.0,0.003272492347489368,-27.26160409133983,51.96118838726693,-88.6875
1772748290.9471612,87.52501780853962,1.6561732838437184,-6.833503184127411,-0.1897586114307617,-1.188466549957444,9.761527447000413,0.0,0.0,0.003272492347489368,-27.26160409133983,51.96118838726693,-88.6875
1772748290.9800782,87.52501780853962,1.6561732838437184,-6.833503184127411,-0.18927657271241588,-1.1857246009762143,9.767706722330713,0.0010908296740133922,1.5550992466482593e-06,0.003272492347489368,-27.26160409133983,51.96118838726693,-88.6875
1772748291.008878,87.52524959291918,1.6511240603297581,-6.838325673967742,-0.18895101250545823,-1.1872449728668588,9.771818961035999,0.0021801042487801362,0.0010939398725066888,-0.001090830782496456,-26.574104789965244,51.962168494126054,-87.5
1772748291.0216756,87.52524959291918,1.6511240603297581,-6.838325673967742,-0.1887343558244737,-1.1882567633764156,9.77455560995765,-0.0021832144472734324,0.0010877194755200958,-0.002181661564992912,-26.574104789965244,51.962168494126054,-87.5
1772748291.0380347,87.52524959291918,1.6511240603297581,-6.838325673967742,-0.1887343558244737,-1.1882567633764156,9.77455560995765,-0.0021832144472734324,0.0010877194755200958,-0.002181661564992912,-26.574104789965244,51.962168494126054,-87.5
1772748291.05472,87.52524959291918,1.6511240603297581,-6.838325673967742,-0.19194481918081557,-1.1822446508665576,9.779721930951958,-0.001095494971753337,0.0032709339227935284,0.0,-26.574104789965244,51.962168494126054,-87.5
1772748291.0878267,87.52524959291918,1.6511240603297581,-6.838325673967742,-0.1940813466812355,-1.1782436571509445,9.783160059862082,0.0,0.0,0.001090830782496456,-26.949639012638176,52.33663350931631,-89.5
1772748291.113037,87.52524959291918,1.6511240603297581,-6.838325673967742,-0.19549364421694132,-1.1822712571433835,9.778757872830715,-0.0010908296740133922,-1.5550992466482593e-06,-0.003272492347489368,-26.949639012638176,52.33663350931631,-89.5
1772748291.1283183,87.52524959291918,1.6511240603297581,-6.838325673967742,-0.19549364421694132,-1.1822712571433835,9.778757872830715,-0.0010908296740133922,-1.5550992466482593e-06,-0.003272492347489368,-26.949639012638176,52.33663350931631,-89.5
1772748291.1466124,87.52524959291918,1.6511240603297581,-6.838325673967742,-0.19643351245055635,-1.1849515799471118,9.769138043122352,0.0010923847732600405,-0.001089274574766744,-0.001090830782496456,-26.949639012638176,52.33663350931631,-89.5
1772748291.1721494,87.52524959291918,1.6511240603297581,-6.838325673967742,-0.19643351245055635,-1.1849515799471118,9.769138043122352,0.0010923847732600405,-0.001089274574766744,-0.001090830782496456,-26.949639012638176,52.33663350931631,-89.5
1772748291.2041283,87.52524959291918,1.6511240603297581,-6.838325673967742,-0.19371864477755926,-1.1833854276991258,9.759391042204657,-0.0021769940502868396,-0.0032755992205334736,0.0,-27.26302970131674,52.96118737108451,-87.5
1772748291.2350585,87.52524959291918,1.6511240603297581,-6.838325673967742,-0.1919119306682387,-1.1823431708731584,9.756249633682383,-0.0010923847732600405,0.001089274574766744,-0.001090830782496456,-27.26302970131674,52.96118737108451,-87.5
1772748291.2794266,87.52524959291918,1.6511240603297581,-6.838325673967742,-0.19405469091888053,-1.1816543294228723,9.760849284817283,0.0010939398725066886,-0.0021801042487801362,-0.003272492347489368,-26.949104408896837,51.96163389038471,-88.6875
1772748291.469856,87.52524959291918,1.6511240603297581,-6.838325673967742,-0.19705642485346803,-1.1840250631653477,9.785498228516078,-0.0010908296740133922,-1.5550992466482593e-06,-0.001090830782496456,-27.262584198198955,52.648687688641516,-88.25
1772748291.525158,87.52524959291918,1.6511240603297581,-6.838325673967742,-0.19747352550676134,-1.186118718263432,9.790349233072853,0.0010892745747667438,0.0010923847732600405,0.0,-26.949639012638176,52.33663350931631,-88.6875
1772748291.6113486,87.52524959291918,1.6511240603297581,-6.838325673967742,-0.19459071663524263,-1.1884344818200139,9.78903568949706,0.0010892745747667438,0.0010923847732600405,0.001090830782496456,-27.26213869508117,52.33618800619852,-88.25
1772748291.6767886,87.52524959291918,1.6511240603297581,-6.838325673967742,-0.19249228474784602,-1.1857032599889792,9.786013150425028,0.0010892745747667438,0.0010923847732600405,0.002181661564992912,-27.637138314012763,52.33565340245718,-89.0625
1772748291.7446463,87.52524959291918,1.6511240603297581,-6.838325673967742,-0.19249228474784602,-1.1857032599889792,9.786013150425028,0.0010892745747667438,0.0010923847732600405,0.002181661564992912,-27.637138314012763,52.33565340245718,-89.0625
1772748291.833818,87.52524959291918,1.6511240603297581,-6.838325673967742,-0.19444091007587935,-1.1838904311947962,9.780656572729244,-3.1101984932965185e-06,0.0021816593480267843,0.0,-27.637138314012763,52.33565340245718,-89.0625
1772748291.8550882,87.52524959291918,1.6511240603297581,-6.838325673967742,-0.19444091007587935,-1.1838904311947962,9.780656572729244,-3.1101984932965185e-06,0.0021816593480267843,0.0,-27.637138314012763,52.33565340245718,-89.0625
1772748291.895105,87.52524959291918,1.6511240603297581,-6.838325673967742,-0.19908280677219004,-1.1826887827075159,9.777091830109594,3.1101984932965185e-06,-0.0021816593480267843,0.0,-26.949104408896837,51.96163389038471,-88.25
1772748291.9278862,87.52524959291918,1.6511240603297581,-6.838325673967742,-0.19881729121287775,-1.1885745468540514,9.774719533717002,3.1101984932965185e-06,-0.0021816593480267843,0.001090830782496456,-26.949104408896837,51.96163389038471,-88.25
1772748291.9663496,87.52524959291918,1.6511240603297581,-6.838325673967742,-0.19881729121287775,-1.1885745468540514,9.774719533717002,3.1101984932965185e-06,-0.0021816593480267843,0.001090830782496456,-26.949104408896837,51.96163389038471,-88.25
1772748292.0163083,87.52524959291918,1.6511240603297581,-6.838325673967742,-0.19864059357415859,-1.1924914571452774,9.773140796968018,0.0021832144472734324,-0.0010877194755200958,-0.001090830782496456,-26.949104408896837,51.96163389038471,-89.5
1772748292.048466,87.52524959291918,1.6511240603297581,-6.838325673967742,-0.19852777209405675,-1.1917530088812576,9.772090165297215,0.0010892745747667438,0.0010923847732600405,-0.001090830782496456,-26.949104408896837,51.96163389038471,-89.5
1772748292.1266387,87.52524959291918,1.6511240603297581,-6.838325673967742,-0.1984526906593475,-1.19126157981056,9.77139098165662,-1.5550992466482593e-06,0.0010908296740133922,0.0,-27.26160409133983,51.96118838726693,-87.875
1772748292.1830595,87.52524959291918,1.6511240603297581,-6.838325673967742,-0.1984526906593475,-1.19126157981056,9.77139098165662,-1.5550992466482593e-06,0.0010908296740133922,0.0,-27.26160409133983,51.96118838726693,-87.875
1772748292.2433002,87.52524959291918,1.6511240603297581,-6.838325673967742,-0.19840272480326307,-1.1909345392536332,9.770925682754196,-0.001095494971753337,0.0032709339227935284,0.0,-26.573481085600346,51.524668938705865,-88.6875
1772748292.2909164,87.52524959291918,1.6511240603297581,-6.838325673967742,-0.1983694730841941,-1.190716897416281,9.773961143239683,-1.5550992466482593e-06,0.0010908296740133922,0.0,-26.573481085600346,51.524668938705865,-88.6875
1772748292.3472817,87.52524959291918,1.6511240603297581,-6.838325673967742,-0.1983694730841941,-1.190716897416281,9.773961143239683,-1.5550992466482593e-06,0.0010908296740133922,0.0,-26.573481085600346,51.524668938705865,-88.6875
1772748292.387835,87.52524959291918,1.6511240603297581,-6.838325673967742,-0.19833780678735202,-1.1972622758208928,9.77598120828446,0.0021785491495334877,0.002184769546520081,-0.001090830782496456,-27.637583817130547,52.64815308490017,-88.25
1772748292.4434702,87.54446477514342,1.6409791578367523,-6.90755358463585,-0.19831673322053933,-1.2016181520324947,9.777325539006153,-0.03817903859046873,-5.4428473632689066e-05,-0.030543261909900768,-27.637583817130547,52.64815308490017,-88.25
1772748292.5312345,88.33412929219364,1.703591178234828,-6.881196694180923,-0.19828840252336113,-1.214552263917217,9.851812633645308,-0.0011110459642198196,0.014179230662927452,0.04036073895236887,-28.44696446965784,50.45949699969298,-87.5
1772748292.617724,88.33412929219364,1.703591178234828,-6.881196694180923,-0.19828840252336113,-1.214552263917217,9.851812633645308,-0.0011110459642198196,0.014179230662927452,0.04036073895236887,-28.44696446965784,50.45949699969298,-87.5
1772748292.7285862,89.36045504647919,1.6755587873584767,-6.95433611751513,-0.29854409997340864,-1.225685825959675,9.807257218657654,0.012042669193053466,-0.030526124780661853,0.27379852640661045,-28.07463786943295,52.335029698092285,-86.25
1772748292.8167198,90.37876477823555,1.7175771817799037,-6.9492104385179045,-0.32520531385433477,-1.227309762597375,9.744617587216476,-0.019619383139774575,-0.010936288526573591,0.1538071403320003,-28.07463786943295,52.335029698092285,-86.25
1772748292.9357111,91.7699936231369,1.7378927176543344,-6.953643241353336,-0.29959517295130134,-1.1346654469429749,9.753108287832694,-0.00106594808606702,-0.017454829883460924,0.22252947962927702,-25.45266995811274,54.46376976489403,-84.25
1772748293.1213722,93.62176526847414,1.7714573387771997,-6.946671014531788,-0.3091935561133611,-1.1566775480786697,9.758758754245447,-0.007607815931654077,-0.019645819826967597,0.18980455615438332,-25.766862552403317,55.650823055059625,-83.875
1772748293.1615827,93.62176526847414,1.7714573387771997,-6.946671014531788,-0.3091935561133611,-1.1566775480786697,9.758758754245447,-0.007607815931654077,-0.019645819826967597,0.18980455615438332,-25.766862552403317,55.650823055059625,-83.875
1772748293.2610724,94.57822348886687,1.7846916715252161,-6.928521118869257,-0.28882030642214096,-1.171288204896203,9.75582885310865,-0.005429266782120589,-0.017461050280447518,0.19525871006686563,-25.766862552403317,55.650823055059625,-83.875
1772748293.3573847,96.04203007170803,1.863771815759174,-6.915675147216903,-0.2585127506732475,-1.1977131312137999,9.75387903663125,-0.005440152476847127,-0.00982524256235377,0.18871372537188688,-24.331947931248695,57.4653705275708,-81.0625
1772748293.4208055,96.64156775799356,1.8807681258691145,-6.916930854250933,-0.2283080859557129,-1.2152843180185207,9.755926567253738,-0.003253827831080398,-0.013094621385900652,0.17562375598192942,-24.331947931248695,57.4653705275708,-81.0625
1772748293.5095456,97.9033200732313,1.8692572856622292,-6.921578614652265,-0.20153732615594497,-1.214698463570374,9.77826664716085,-0.013071294897200929,-0.013108617279120487,0.20616701789183017,-22.082484821400477,57.84357776895044,-80.6875
1772748293.5384655,97.9033200732313,1.8692572856622292,-6.921578614652265,-0.20153732615594497,-1.214698463570374,9.77826664716085,-0.013071294897200929,-0.013108617279120487,0.20616701789183017,-22.082484821400477,57.84357776895044,-80.6875
1772748293.6036556,98.33061166294105,1.8661341723661118,-6.926527192091498,-0.18043255366639674,-1.1730518275601438,9.772156249633726,-0.011983575421680832,-0.010925402831847052,0.19525871006686563,-22.83346416612279,58.530007862842346,-78.75
1772748293.7139533,99.54964177055108,1.853791758941455,-6.888615004539167,-0.16638756333035848,-1.1453364565187425,9.788160518580955,-0.0021598879585737088,-0.015274725634680788,0.2083486794568231,-22.083464928259605,58.531077070325026,-77.875
1772748293.7513025,100.52014953251309,1.843942554132618,-6.888794509941237,-0.16032389274251296,-1.1703833635212781,9.778740510542022,0.00656674943353343,-0.015262284840707602,0.18653206380689397,-22.083464928259605,58.531077070325026,-77.875
1772748293.7961514,101.10643119794197,1.8658957054945857,-6.895706918241619,-0.18973490195807338,-1.1904445968934956,9.812612940908329,0.0010986051702466335,-0.005452593270820313,0.1832595714594046,-20.27301608443205,59.97115952764595,-75.875
1772748293.871056,101.57783610176715,1.8863631977199486,-6.908502607410135,-0.2092885247500335,-1.2171755568363485,9.674589302985936,-0.014151238876487782,-0.02074598009646088,0.10471975511965978,-20.27301608443205,59.97115952764595,-75.875
1772748293.9305592,101.57783610176715,1.8863631977199486,-6.908502607410135,-0.2092885247500335,-1.2171755568363485,9.674589302985936,-0.014151238876487782,-0.02074598009646088,0.10471975511965978,-20.27301608443205,59.97115952764595,-75.875
1772748293.9583645,102.27897710862264,1.906659030559509,-6.924109357273381,-0.15874418443636648,-1.2348741044060765,9.555975220115089,-0.01524517874899447,-0.018565875847680744,0.18435040224190105,-19.960516401989054,59.97160503076373,-76.25
1772748293.9875474,102.27897710862264,1.906659030559509,-6.924109357273381,-0.15874418443636648,-1.2348741044060765,9.555975220115089,-0.01524517874899447,-0.018565875847680744,0.18435040224190105,-19.960516401989054,59.97160503076373,-76.25
1772748294.0385623,102.77326020613917,1.9004374280096286,-6.904980331782567,-0.12510749057489776,-1.2466522901079997,9.477038872970663,-0.0010643929868203717,-0.018545659557474316,0.2279836335417593,-19.960516401989054,59.97160503076373,-76.25
1772748294.108779,104.1535169202609,1.9325158672643359,-6.912890022477615,-0.17138010109118854,-1.2698494509175942,9.768393391158186,-0.01308840098891406,-0.0011094908649731713,0.19853120241435498,-19.586051386798808,60.347139253436666,-73.5
1772748294.1373014,104.1535169202609,1.9325158672643359,-6.912890022477615,-0.17138010109118854,-1.2698494509175942,9.768393391158186,-0.01308840098891406,-0.0011094908649731713,0.19853120241435498,-19.586051386798808,60.347139253436666,-73.5
1772748294.1727295,104.74742264595439,1.943141746296183,-6.901034395783462,-0.19706884098505809,-1.273363708487123,9.849213500738434,0.008763959774026695,-0.026167471382348227,0.21925698728178766,-19.149086435119955,60.72276257673316,-72.6875
1772748294.234875,105.19698145949172,1.9505942805078311,-6.896025376702017,-0.1706780024174173,-1.2756404129227055,9.902998380844311,0.0010846092770267991,0.004364873795300217,0.18980455615438332,-19.149086435119955,60.72276257673316,-72.6875
1772748294.2621164,105.65633086537362,1.9585733212452194,-6.890710166026794,-0.179847447672498,-1.2972643347375752,10.045835192372515,-0.01852388816802124,-0.01420722244936712,0.15489797111449674,-18.087656722296458,61.474276525196814,-72.6875
1772748294.3029726,105.87630444028038,1.9648517742005147,-6.872926460670755,-0.18594961106033925,-1.311654813150337,10.1408914948528,-0.006524761753873926,-0.014190116357653989,0.1308996938995747,-18.087656722296458,61.474276525196814,-72.6875
1772748294.401993,106.63108398938994,1.9764658150237289,-6.869561764463362,-0.19005822087555452,-1.2877804327010964,10.13724816815857,-0.007598485336174188,-0.026190797871047954,0.17671458676442586,-16.962212362383895,61.163380653977846,-71.5
1772748294.4783099,107.39218466314819,2.0026051075956746,-6.8596571964563635,-0.16271986181108714,-1.2484336216282867,10.114752904698268,-0.011991350917914072,-0.005471254461780092,0.2378011105842274,-16.962212362383895,61.163380653977846,-71.5
1772748294.5288663,108.52335861257275,2.05232740348718,-6.852598250972542,-0.13910921964865194,-1.2048325620616052,10.03295306073408,4.6652977399447776e-06,-0.003272489022040177,0.210530341021816,-17.33605367320925,60.35034687588472,-70.25
1772748294.5896504,108.99976947523919,2.059585941760524,-6.837328680655535,-0.17894280700711548,-1.2267553557562474,9.988478776735528,0.007674685199259952,-0.02725985615560827,0.20943951023931956,-15.837213505589117,61.16498446520187,-69.875
1772748294.6241043,109.56766358747339,2.056072712538867,-6.843420932301527,-0.16196520641886267,-1.2412827353462703,9.958881637544797,-0.002155222660833764,-0.018547214656720965,0.20616701789183017,-15.837213505589117,61.16498446520187,-69.875
1772748294.652488,109.56766358747339,2.056072712538867,-6.843420932301527,-0.16196520641886267,-1.2412827353462703,9.958881637544797,-0.002155222660833764,-0.018547214656720965,0.20616701789183017,-15.837213505589117,61.16498446520187,-69.875
1772748294.7382007,110.18533829874954,2.0716703069992035,-6.825827694199841,-0.18745822544381416,-1.254348109560905,9.85555727935209,-0.0010612827883270753,-0.020727318905501103,0.22362031041177347,-14.087215283908352,61.16747928266146,-70.25
1772748294.813491,111.45277322343779,2.0421995152376873,-6.807476612620286,-0.18435289498078347,-1.2630143572032084,9.78679607318355,-0.002156777760080412,-0.017456384982707573,0.210530341021816,-14.462214902839944,61.16694467892012,-68.0
1772748294.8345637,112.25133487600691,2.0157119095706597,-6.802362969139889,-0.18228633224645074,-1.268781648200832,9.74103625859139,-0.00543704227835383,-0.012006901910380554,0.21707532571679475,-14.462214902839944,61.16694467892012,-68.0
1772748294.914293,112.25133487600691,2.0157119095706597,-6.802362969139889,-0.18228633224645074,-1.268781648200832,9.74103625859139,-0.00543704227835383,-0.012006901910380554,0.21707532571679475,-14.462214902839944,61.16694467892012,-68.0
1772748294.9537055,113.67764033969475,2.0171190890268105,-6.814518055918483,-0.16890100157687768,-1.2417305791708473,9.749316191342832,-0.004333771810367252,-0.020731984203241047,0.21271200258680892,-12.962216427113574,61.16908309388548,-67.875
1772748295.021216,114.27602657665004,1.9886089346550295,-6.812237128353436,-0.16871538738252095,-1.214471463154143,9.78299605005049,-0.006499880165927554,-0.03164339114186827,0.2007128639793479,-12.14909354839689,60.732741846571535,-65.875
1772748295.147142,115.55699507773038,1.9493921992952326,-6.841025099768087,-0.16859186320962294,-1.196330825949304,9.78533894954785,-0.013054188805487798,-0.0251077436932678,0.19853120241435498,-12.14909354839689,60.732741846571535,-65.875
1772748295.2207997,116.08628308377853,1.9423954942400607,-6.840902882231477,-0.16852396572628625,-1.1742231096094522,9.78689812299144,-0.007620256725627263,-0.01091918243486046,0.18435040224190105,-11.462217951387203,61.17122150885085,-64.25
1772748295.2420976,116.77982416878594,1.923676605344334,-6.833139303580351,-0.16512890357689078,-1.1628510108281056,9.7812455120864,-0.0065169862576406855,-0.019644264727720948,0.21489366415180183,-11.462217951387203,61.17122150885085,-64.25
1772748295.2771215,117.14825079623049,1.9144984450632083,-6.824477365879921,-0.16286952764179727,-1.1552830061237864,9.774138650965579,0.005493025851233168,-0.027262966354101564,0.2181661564992912,-10.338733805192893,62.235324240381054,-63.5
1772748295.322734,117.70874527421151,1.9057033988400915,-6.830218144078777,-0.16464428295921743,-1.1970828686708972,9.762718890863875,0.0011219316589463574,-0.021815038381021196,0.19416787928436915,-10.338733805192893,62.235324240381054,-63.5
1772748295.3548331,118.03615381997035,1.8963945054211642,-6.831948166529827,-0.1758368435987525,-1.2416400582751896,9.755119168083269,-0.003241387037107212,-0.02182125877800779,0.19744037163185854,-9.588734567329707,62.23639344786374,-64.25
1772748295.416357,118.46491072210175,1.9172870272521474,-6.846636948943189,-0.1866114006848488,-1.284677572277352,9.800238313077033,-0.01525606444372101,-0.010930068129586997,0.1930770485018727,-9.588734567329707,62.23639344786374,-64.25
1772748295.443899,119.02565254511265,1.9390211124504066,-6.870762830640877,-0.19043663975788128,-1.313313788260635,9.830264600056509,-0.004346212604340437,-0.012005346811133907,0.19853120241435498,-10.336060786486184,60.36032614572309,-63.875
1772748295.5323277,119.37961045089178,1.9507504434130596,-6.867546439302379,-0.16631680365813536,-1.2654305533515129,9.846901646918427,0.0022080960352198046,-0.01854099425973437,0.21598449493429828,-10.336060786486184,60.36032614572309,-63.875
1772748295.5913436,120.60509817752886,1.9380331468269696,-6.869445489006514,-0.15026532216997796,-1.2335647954102738,9.834557633805808,-0.006524761753873926,-0.014190116357653989,0.21489366415180183,-8.836062310759813,60.36246456068846,-62.6875
1772748295.6285164,120.60509817752886,1.9380331468269696,-6.869445489006514,-0.15026532216997796,-1.2335647954102738,9.834557633805808,-0.006524761753873926,-0.014190116357653989,0.21489366415180183,-8.836062310759813,60.36246456068846,-62.6875
1772748295.6530325,121.35493623161169,1.941343499603131,-6.87324769840509,-0.18296950323428937,-1.2826677586539184,9.799581937312466,-0.0010690582845603166,-0.01527317053543414,0.19198621771937624,-8.836062310759813,60.36246456068846,-62.6875
1772748295.692774,121.80677945725935,1.9793757629874833,-6.903870562505634,-0.2348206698771344,-1.328768584830441,9.776306002000277,-0.00653098215086052,-0.009826797661600419,0.1407171709420428,-9.271601652461754,58.98684225357439,-63.0625
1772748295.7183995,121.94716899577233,1.9804543107561796,-6.929620584563443,-0.23921152964053577,-1.3660954668654823,9.747435680229971,-0.004346212604340437,-0.012005346811133907,0.11999138607461016,-9.271601652461754,58.98684225357439,-63.0625
1772748295.7563238,122.23461848202484,1.978960212465002,-7.00196823192934,-0.2488190455554895,-1.3942907358485324,9.721532580179819,1.0885694726537815e-05,-0.007635807718093746,0.10799224746714914,-7.773563390453635,60.363979271288926,-61.875
1772748295.7857428,122.33345454259613,1.990000608510945,-7.035270514217882,-0.25518412712616334,-1.4331250222434144,9.710984579867668,0.015273170535434139,-0.0010690582845603166,0.04799655442984406,-7.773563390453635,60.363979271288926,-61.875
1772748295.8080804,122.33345454259613,1.990000608510945,-7.035270514217882,-0.25518412712616334,-1.4331250222434144,9.710984579867668,0.015273170535434139,-0.0010690582845603166,0.04799655442984406,-7.773563390453635,60.363979271288926,-61.875
1772748295.837346,122.51261824417158,1.9920022333043492,-7.0189724600695715,-0.27580537313277215,-1.3457274067325424,9.782862246540411,0.015288721527900622,-0.011977355024694238,0.030543261909900768,-8.835082203900686,59.67496525931387,-60.25
1772748295.9063272,122.57547155143556,1.9897539016178132,-7.014667282453618,-0.2599487775998404,-1.270328369891208,9.818701021879768,0.0010675031853136683,0.01636400020944753,-0.015271630954950384,-8.835082203900686,59.67496525931387,-60.25
1772748295.922395,122.62218900663483,1.9960142199881652,-7.00784168624583,-0.24935347098083802,-1.2502571279084103,9.792374650912967,0.010906741640887275,0.0011063806664798749,0.04799655442984406,-8.835082203900686,59.67496525931387,-60.25
1772748295.9801793,122.6243914334967,2.0184315918302,-6.995772761287394,-0.24230241278322193,-1.2368999405793222,9.825031420729184,-0.0011094908649731713,0.01308840098891406,0.009817477042468103,-5.959105018566017,58.9915645866229,-60.25
1772748296.0146458,122.6243914334967,2.0184315918302,-6.995772761287394,-0.24230241278322193,-1.2368999405793222,9.825031420729184,-0.0011094908649731713,0.01308840098891406,0.009817477042468103,-5.959105018566017,58.9915645866229,-60.25
1772748296.0513504,122.59939881295844,2.013574315404349,-7.002467726230299,-0.23096748394827646,-1.1945502608913687,9.763136343558871,0.004366428894546865,-0.0021754389510401915,0.003272492347489368,-5.959105018566017,58.9915645866229,-60.25
1772748296.0786595,122.49531648213005,2.022848581217665,-7.004849584265131,-0.2570279008967913,-1.0593712445237717,9.78884809526173,-0.005480585057259982,0.018536328961994426,-0.04799655442984406,-5.957501207341993,57.866565729828125,-60.6875
1772748296.1097512,122.33599837092812,2.009717507651495,-7.013765801028217,-0.22069648194492242,-1.076378283844132,9.805958978800899,-0.008731302689847082,0.003260048228066991,-0.0916297857297023,-5.957501207341993,57.866565729828125,-60.6875
1772748296.173272,121.95699110850343,1.9777433561093145,-7.079742119250305,-0.2634204946425093,-1.087791655023231,9.81734608065512,-0.009829907860093716,0.008712641498887303,-0.0719948316447661,-5.956966603600652,57.491566110896535,-59.5
1772748296.246986,121.57192532253315,1.952477981715661,-7.117620671226975,-0.3119234976827142,-1.0954157389949544,9.758021835590455,-0.01638266140040731,0.014157459273474376,-0.12871803233458182,-5.956966603600652,57.491566110896535,-59.5
1772748296.3281019,121.29117652515083,1.9186341592263543,-7.137333372614005,-0.3441015590748248,-1.170736756181127,9.71854221319516,-0.004364873795300217,0.0010846092770267991,-0.11999138607461016,-6.268842581678747,57.05362105235856,-59.5
1772748296.3830678,120.93113920589319,1.9056904853584493,-7.140532255977963,-0.2552844965248657,-1.110316106348549,9.658817848434177,-0.0010814990785335027,-0.006546533143327002,-0.1308996938995747,-6.268842581678747,57.05362105235856,-59.5
1772748296.4284868,120.61856243002842,1.8826959770902745,-7.151689758099352,-0.19616819590021742,-1.0767970554440023,9.662558403045763,0.007628032221860505,0.005465034064793498,-0.11235557059713497,-6.265724059854255,54.8661232752576,-59.0625
1772748296.4447,120.4909249920464,1.865145780349509,-7.156315173955597,-0.19362314959569393,-1.0545429585702213,9.671737923769678,0.0010799439792868544,0.007637362817340394,-0.13199052468207118,-6.265724059854255,54.8661232752576,-59.0625
1772748296.4651582,120.32807757426329,1.855018162967205,-7.159159220062298,-0.2286302646064193,-1.1066877289276464,9.697917462513395,0.008704866002654061,0.015284056230160678,-0.14726215563702155,-6.265724059854255,54.8661232752576,-59.0625
1772748296.4852092,120.05643093313641,1.8354087533973422,-7.15377772587968,-0.2518126567999873,-1.2216720904990774,9.71533965310273,0.007626477122613856,0.006555863738806892,-0.11562806294462433,-5.9543826855175,55.679067952727166,-57.5
1772748296.5220582,119.92880596773486,1.8178344818312426,-7.158264131670526,-0.25062919009111156,-1.2178864551484492,9.750349708272546,0.002161443057820357,0.014183895960667397,-0.11453723216212788,-5.9543826855175,55.679067952727166,-57.5
1772748296.5447342,119.80722238862033,1.8006835672008987,-7.162835751923093,-0.24972715442557208,-1.2956497565047398,9.773648508900118,-0.004374204390780107,0.007629587321107152,-0.11780972450961724,-5.9543826855175,55.679067952727166,-57.5
1772748296.5801923,119.61357981767124,1.7779860441967075,-7.183978470829295,-0.26245960475261854,-1.3808705232636094,9.78915360045311,0.00872508229286049,0.0011032704679865783,-0.11235557059713497,-5.577244651620542,54.17960408074214,-58.25
1772748296.6030054,119.37453025046932,1.7670578957377963,-7.222754267353176,-0.2843133414467811,-1.4376030668617914,9.735914943239337,0.013068184698707632,0.01529027662714727,-0.14726215563702155,-5.577244651620542,54.17960408074214,-58.25
1772748296.6161747,119.2407812649943,1.7524869440090827,-7.220908972534665,-0.28550493880995215,-1.4552682157353953,9.70048521157834,0.010898966144654033,0.006560529036546837,-0.1265363707695889,-5.577244651620542,54.17960408074214,-58.25
1772748296.656399,119.2407812649943,1.7524869440090827,-7.220908972534665,-0.28550493880995215,-1.4552682157353953,9.70048521157834,0.010898966144654033,0.006560529036546837,-0.1265363707695889,-5.577244651620542,54.17960408074214,-58.25
1772748296.6849663,118.91620113788251,1.7128533639143744,-7.23092626302827,-0.2530280657990768,-1.339862371025022,9.73377401995841,0.004341547306600493,0.015277835833174085,-0.14289883250703572,-5.57555173977296,52.99210528745876,-57.5
1772748296.7253141,118.66648070674752,1.6874417845984735,-7.236940115685292,-0.2314150696007818,-1.263061070538024,9.755927350074993,0.01198513052092748,0.00983457315783366,-0.11453723216212788,-5.57555173977296,52.99210528745876,-57.5
1772748296.7473826,118.66648070674752,1.6874417845984735,-7.236940115685292,-0.2314150696007818,-1.263061070538024,9.755927350074993,0.01198513052092748,0.00983457315783366,-0.11453723216212788,-5.57555173977296,52.99210528745876,-57.5
1772748296.829195,118.04719139548564,1.6326992194361813,-7.244963522993414,-0.2075076863651384,-1.1444861746278063,9.80055197857789,0.0010892745747667438,0.0010923847732600405,-0.08508480103472356,-4.0760878677879315,53.36924332135572,-56.6875
1772748296.891342,117.87907722094192,1.6087641047652501,-7.255454573609308,-0.21120477875391758,-1.099603617723909,9.820438005821497,-0.00545570346931361,0.001083054177780151,35.62653335633425,-4.761626955444266,51.99326461174742,-57.5
1772748296.9300992,117.47369379453487,1.554154354929409,-7.268005058873333,-0.210157904094136,-1.183463691125326,9.803565929444764,0.007626477122613856,0.006555863738806892,-0.1407171709420428,-4.761626955444266,51.99326461174742,-57.5
1772748296.971762,117.22971463830626,1.5363123102571588,-7.261592913038306,-0.22284165393471025,-1.2392907084940643,9.79233775108949,0.005433932079860534,0.014188561258407341,-0.1189005552921137,-5.574126129796049,51.99210630364118,-58.25
1772748296.9923337,116.95792864200601,1.5012167855869636,-7.254550337229694,-0.23128254776684298,-1.2764429649243136,9.788210635528344,-0.006544978044080354,-9.330595479889555e-06,-0.1407171709420428,-5.574126129796049,51.99210630364118,-58.25
1772748297.0151923,116.95792864200601,1.5012167855869636,-7.254550337229694,-0.23128254776684298,-1.2764429649243136,9.788210635528344,-0.006544978044080354,-9.330595479889555e-06,-0.1407171709420428,-5.574126129796049,51.99210630364118,-58.25
1772748297.0443573,-8.767396061324694,1.4765174148481541,-7.253794252227289,-0.23688079302266968,-1.3145478097930496,9.785464086225304,0.006524761753873926,0.014190116357653989,-0.11126473981463851,-4.7594885404789,50.49326613602105,-57.875
1772748297.0850291,-8.851468463762775,1.4711957823427335,-7.254905218689962,-0.19377484639086578,-1.3398393948494525,9.783636288345097,0.010898966144654033,0.006560529036546837,-0.07417649320975901,-4.7594885404789,50.49326613602105,-57.875
1772748297.1397555,-8.851468463762775,1.4711957823427335,-7.254905218689962,-0.19377484639086578,-1.3398393948494525,9.783636288345097,0.010898966144654033,0.006560529036546837,-0.07417649320975901,-4.7594885404789,50.49326613602105,-57.875
1772748297.235621,-9.276600438070622,1.408759545872927,-7.264477047921224,-0.14962085100945766,-1.1728830332011009,9.772741344673006,-0.00653098215086052,-0.009826797661600419,-0.04908738521234052,-5.132884348186467,49.36773267548493,-57.5
1772748297.318066,-9.464409544473439,1.3741196390301567,-7.285800221975157,-0.16931278403183772,-1.1352221826064959,9.731682993769226,-0.0010877194755200958,-0.002183214447273433,-0.05999569303730508,-3.631905765600971,48.68237178907571,-57.875
1772748297.347422,-9.632140743920093,1.3558645781493188,-7.294158615861704,-0.21584478444256408,-1.1269325370216696,9.71773956672387,-0.010912962037873867,0.003256938029573694,-0.04799655442984406,-3.631905765600971,48.68237178907571,-57.875
1772748297.3647916,-9.857101777280851,1.3467078304158355,-7.31838431809379,-0.2468113109193993,-1.1214158704863764,9.685044589832236,-0.0010892745747667438,-0.0010923847732600405,-0.07963064712224129,-3.630747457494731,47.869872614723924,-56.6875
1772748297.4419625,-10.157888220400551,1.3104018594370583,-7.355501460550701,-0.2505553509164972,-1.2147288873434172,9.686702229888912,-0.008737523086833674,0.00762336692412056,-0.09381144729469522,-3.630747457494731,47.869872614723924,-56.6875
1772748297.5133321,-10.545741123446799,1.3197100513747788,-7.370067534000759,-0.24303548690979088,-1.2600878096728303,9.677770035707619,-0.006577635128259967,0.022898092558801347,-0.09381144729469522,-2.5672684303294253,47.183888023949805,-57.0625
1772748297.5295446,-10.811527683321536,1.2893383056099423,-7.365023457355896,-0.2478852110042341,-1.4174020879714395,9.671825760259114,0.002190989943506674,-0.006541867845587057,-0.1090830782496456,-2.5672684303294253,47.183888023949805,-57.0625
1772748297.6074142,-11.21689772270627,1.2513195673364166,-7.347042049984656,-0.21106672500968685,-1.4551335908065317,9.667869911350042,0.01744083399024109,0.00875151898005351,-0.07853981633974483,-2.94164434489612,46.74585386478827,-57.5
1772748297.648005,-11.364160263816428,1.2418591954868081,-7.34860355917648,-0.17652910894552604,-1.4802291779809098,9.665237338090783,-0.005443262675340423,-0.007643583214326987,-0.061086523819801536,-2.9411097411547784,46.370854245856684,-55.875
1772748297.699163,-11.364160263816428,1.2418591954868081,-7.34860355917648,-0.17652910894552604,-1.4802291779809098,9.665237338090783,-0.005443262675340423,-0.007643583214326987,-0.061086523819801536,-2.9411097411547784,46.370854245856684,-55.875
1772748297.7516909,-11.55422378350987,1.237357948623053,-7.344537684801483,-0.15361147481001156,-1.450098494596322,9.75045829438482,0.014157459273474376,0.016382661400407308,-0.055632369907319255,-2.9411097411547784,46.370854245856684,-55.875
1772748297.80414,-11.728407007135136,1.2107538971779834,-7.358607253213784,-0.1853537016498441,-1.316379942455827,9.974427474184013,0.006551198441066947,-0.004353988100573679,-0.044724062082354694,-1.8151307775008738,45.68495875570612,-56.6875
1772748297.830261,-11.92453206576549,1.1911793457644537,-7.359974372484651,-0.20653979374795536,-1.1839053317354444,10.123476461440706,0.009803471172900695,0.009831462959340363,-0.07090400086226964,-1.8151307775008738,45.68495875570612,-56.6875
1772748297.8677902,-12.44275376378164,1.136948357551891,-7.3630236892256375,-0.22063413255046896,-1.0990900664474708,10.078827094059019,-0.004364873795300217,0.0010846092770267991,-0.10035643198967395,-1.0629931246723223,44.18602948746243,-56.25
1772748297.9495327,-12.668784232592804,1.135588610018835,-7.373943114973671,-0.22332354096330975,-1.0426369171976693,10.019007433466745,-0.009847013951806847,0.02071176791303462,-0.10690141668465268,-1.0629931246723223,44.18602948746243,-56.25
1772748298.0487497,-13.14499243748736,1.0933469821396473,-7.355859251850782,-0.20832100713428278,-1.0518756491848642,9.97919811757198,0.009812801768380584,0.003286484915260011,-0.1341721862470641,-1.0625476215545377,43.87352980501944,-56.6875
1772748298.0994925,-13.4563655214323,1.1089432277163682,-7.355913295223434,-0.19833698846034914,-1.058023922118944,9.929289680591976,0.00106594808606702,0.017454829883460924,-0.11780972450961724,-1.0625476215545377,43.87352980501944,-56.6875
1772748298.1622064,-13.4563655214323,1.1089432277163682,-7.355913295223434,-0.19833698846034914,-1.058023922118944,9.929289680591976,0.00106594808606702,0.017454829883460924,-0.11780972450961724,-1.0625476215545377,43.87352980501944,-56.6875
1772748298.2169347,-14.186279175413548,0.9828328656761744,-7.1481685357881934,-0.097278587239994,-0.8530025834839189,9.907424072282167,0.002215871531453046,-0.02399514262980133,-0.04145156973486533,-0.31254838369135235,43.87459901250212,-55.0625
1772748298.307164,-14.186279175413548,0.9828328656761744,-7.1481685357881934,-0.097278587239994,-0.8530025834839189,9.907424072282167,0.002215871531453046,-0.02399514262980133,-0.04145156973486533,-0.31254838369135235,43.87459901250212,-55.0625
1772748298.3562033,-13.986611887923488,0.9673616962210115,-7.086519754428303,-0.06420018329817526,-1.2213245757975069,9.981285385383794,0.0021894348442600257,-0.005451038171573664,0.05890486225480862,-0.0010288081074845202,44.56254381699449,-55.875
1772748298.4061353,-13.986611887923488,0.9673616962210115,-7.086519754428303,-0.06420018329817526,-1.2213245757975069,9.981285385383794,0.0021894348442600257,-0.005451038171573664,0.05890486225480862,-0.0010288081074845202,44.56254381699449,-55.875
1772748298.4402618,-13.472629901540742,0.9955129421699652,-7.053488322118996,-0.12647934260138866,-1.324342917413788,9.916988503117615,0.019666036117174022,-0.021788601693828173,0.10690141668465268,-1.4385273473452564,44.56049450265268,-56.25
1772748298.528674,-13.310691561533154,1.0062906272284942,-7.045019941849135,-0.1404937848645615,-1.2627588347983834,9.861128983440969,-0.003256938029573694,-0.010912962037873867,0.09708393964218458,-1.4385273473452564,44.56049450265268,-57.0625
1772748298.5959113,-12.362804777822229,1.070819586416282,-7.044272392260681,-0.12148524071778449,-1.1911068835730259,9.860499998972555,-0.005447927973080368,-0.0043710941922868105,0.1308996938995747,-1.4395074542043826,45.24799380402727,-57.0625
1772748298.7463634,-11.669793482527304,1.1420790167352368,-7.03379059723069,-0.11368774414753288,-1.220889877162067,9.860332743730881,-0.00872352719361384,-0.0021941001419999704,0.1505346479845109,-2.5661101222231855,46.37138884959802,-55.875
1772748298.8258035,-11.204658414299828,1.1427337648858724,-7.026204505227722,-0.16871054682913658,-1.2407959655409655,9.830115431870036,0.007652913809806877,-0.011988240719420775,0.09926560120717749,-2.5661101222231855,46.37138884959802,-55.875
1772748298.8995473,-10.78451321292263,1.1824521412964888,-7.023211496096259,-0.20532760736876463,-1.2540432449915453,9.810006148376134,-0.009828352760847066,0.007621811824873911,0.11780972450961724,-3.630212853753389,47.494872995792335,-56.6875
1772748298.9495509,-10.463900278187625,1.2294057751756953,-7.029525768214319,-0.22969585211851937,-1.2628591614840983,9.796623644846358,0.007634252618847097,0.00110171536873993,0.05672320068981571,-3.630212853753389,47.494872995792335,-56.6875
1772748298.984315,-10.281809112856434,1.2412473318177912,-7.020771848588362,-0.17901048062683778,-1.2686306789371757,9.834549302142122,-0.0010986051702466335,0.005452593270820313,0.08944812416470939,-3.3187823787930784,48.2453177367733,-58.25
1772748299.0456686,-9.841236944640798,1.2891683190939605,-7.017584403835351,-0.22221742317756232,-1.2725812422964726,9.859788403415102,0.0010877194755200958,0.002183214447273433,0.08617563181722002,-3.3187823787930784,48.2453177367733,-58.25
1772748299.1119347,-9.60944025620476,1.2963799682084094,-7.014300496683817,-0.1739478308629268,-1.3353125646604143,9.74612538678758,0.0010939398725066886,-0.0021801042487801362,0.0818123086872342,-3.632351268718755,48.99487147151871,-56.6875
1772748299.1423213,-9.60944025620476,1.2963799682084094,-7.014300496683817,-0.1739478308629268,-1.3353125646604143,9.74612538678758,0.0010939398725066886,-0.0021801042487801362,0.0818123086872342,-3.632351268718755,48.99487147151871,-56.6875
1772748299.1642122,-9.174699752100297,1.316035144597877,-7.0088268363829975,-0.14861054949284147,-1.3101669304265655,9.670483918921054,-0.004355543199820328,-0.005460368767053554,0.10690141668465268,-3.632351268718755,48.99487147151871,-56.6875
1772748299.2307286,-8.7452336957421,1.3068364686395153,-7.008044502831751,-0.11492795374417282,-1.3603111137774728,9.656941595806956,-0.0032631584265602875,-0.006549643341820299,0.12871803233458182,-5.134488159410492,50.492731532279706,-57.875
1772748299.334534,-8.418147473280854,1.3548497430179454,-7.006593597128453,-0.10929532996854635,-1.3535640520764822,9.718176676905891,0.0032693788235468803,0.002186324645766729,0.06326818538479445,-5.134488159410492,50.492731532279706,-57.875
1772748299.415185,-7.835782948558495,1.3695007120179492,-6.998152649615067,-0.16442181592171612,-1.2859612674768675,9.739215885360265,0.00439753087947983,-0.023992032431308034,0.11126473981463851,-6.259487016205271,50.49112772105568,-58.25
1772748299.442021,-7.660239736882904,1.3732149123592314,-6.995451972143818,-0.14231878120826347,-1.24387311036027,9.726097733637113,-0.007637362817340394,0.0010799439792868544,0.10581058590215622,-5.948502044362744,51.55407214447965,-57.5
1772748299.4868238,-7.477249421347135,1.3708521097934199,-6.985252137299065,-0.12760945851353653,-1.215863911954695,9.7842699843511,0.0054712544617800925,-0.011991350917914072,0.10799224746714914,-5.948502044362744,51.55407214447965,-57.5
1772748299.5015333,-7.253747957585389,1.3919338936057821,-6.976079430019713,-0.11783010622334424,-1.190533886682881,9.822982967374639,0.0021941001419999704,-0.008723527193613842,0.12544553998709243,-4.450107379860397,52.68120941623979,-58.6875
1772748299.5144548,-7.253747957585389,1.3919338936057821,-6.976079430019713,-0.11783010622334424,-1.190533886682881,9.822982967374639,0.0021941001419999704,-0.008723527193613842,0.12544553998709243,-4.450107379860397,52.68120941623979,-58.6875
1772748299.5325124,-7.128301722793775,1.4065820465481642,-6.9750514711758935,-0.13808769180597347,-1.1703700801083259,9.748392673904867,-0.00544637287383372,-0.005461923866300202,0.11671889372712078,-4.450107379860397,52.68120941623979,-58.6875
1772748299.5503478,-7.128301722793775,1.4065820465481642,-6.9750514711758935,-0.13808769180597347,-1.1703700801083259,9.748392673904867,-0.00544637287383372,-0.005461923866300202,0.11671889372712078,-4.450107379860397,52.68120941623979,-58.6875
1772748299.5870423,-6.792417405383183,1.4274558582278791,-6.963909560810818,-0.12480802225454955,-1.156913141480447,9.698753666828907,-0.00980813647064064,-0.006558973937300188,0.12217304763960307,-5.950551358704553,52.99157068371742,-57.5
1772748299.6223655,-6.485311790077626,1.4531777416342482,-6.960705920700847,-0.14267895990544896,-1.1847920411332709,9.695825467489772,-0.0043493228028337345,-0.009823687463107123,0.14289883250703572,-5.950551358704553,52.99157068371742,-57.5
1772748299.6404922,-6.289309779420551,1.4650549189022561,-6.9580330277097096,-0.15791697758874418,-1.2033499062491342,9.693876783539707,-0.007620256725627263,-0.01091918243486046,0.11999138607461016,-7.077243127346913,54.17746566577677,-59.5
1772748299.6658244,-6.289309779420551,1.4650549189022561,-6.9580330277097096,-0.15791697758874418,-1.2033499062491342,9.693876783539707,-0.007620256725627263,-0.01091918243486046,0.11999138607461016,-7.077243127346913,54.17746566577677,-59.5
1772748299.6976147,-6.016123425582824,1.4750409665851896,-6.947229561456253,-0.16807201461103785,-1.2056646332545777,9.7159957380904,0.0032927053122466044,-0.014176120464434155,0.12980886311707826,-7.077243127346913,54.17746566577677,-59.5
1772748299.7396932,-5.743426450130827,1.4915868298516866,-6.943712486884973,-0.1882248180163521,-1.1971888085937736,9.730715655258976,-0.007629587321107152,-0.004374204390780107,0.10690141668465268,-5.576620947255643,53.74210452532195,-59.0625
1772748299.7875617,-5.470870444077338,1.507428318667393,-6.9540658296672015,-0.20163628356102406,-1.191548241963174,9.777307824482927,-0.010897411045407385,-0.007651358710560228,0.10690141668465268,-5.576620947255643,53.74210452532195,-59.0625
1772748299.835173,-5.1143971820263845,1.529427136290222,-6.942534435954072,-0.23052243094722263,-1.264760611913251,9.868526403364582,-0.0010923847732600405,0.001089274574766744,0.09272061651219876,-7.328757583901776,55.23960818358872,-58.6875
1772748299.893249,-4.668416946093258,1.5768575583476672,-6.951255367186329,-0.24974583935332856,-1.313482626279268,9.929231348632031,0.006541867845587058,0.002190989943506674,0.1407171709420428,-7.328757583901776,55.23960818358872,-58.6875
1772748299.9195364,-4.668416946093258,1.5768575583476672,-6.951255367186329,-0.24974583935332856,-1.313482626279268,9.929231348632031,0.006541867845587058,0.002190989943506674,0.1407171709420428,-7.328757583901776,55.23960818358872,-58.6875
1772748299.9559493,-4.417555749458848,1.6069553632107747,-6.927596471121922,-0.23587331293592115,-1.2789662658207863,9.936178694515654,6.220396986593037e-06,-0.004363318696053569,0.1265363707695889,-6.267862474819621,56.36612175098397,-58.25
1772748300.0112276,-4.076354049821881,1.6485825556739548,-6.923477883256994,-0.22670329629152028,-1.2125096055036932,9.823723165838087,0.009826797661600419,-0.00653098215086052,0.12326387842209953,-6.267862474819621,56.36612175098397,-58.25
1772748300.0447311,-3.6152243453252435,1.6764791114713269,-6.916898131665285,-0.22073427973993667,-1.0746204078060868,9.805752166738163,-0.0021598879585737088,-0.015274725634680788,0.17780541754692233,-7.080807152289189,56.67746312532072,-58.6875
1772748300.091398,-3.406626036047964,1.7026507863340918,-6.928192636319575,-0.20003642436276323,-0.9828328429384751,9.736925768561948,-0.019620938239021224,-0.0098454588525602,0.1461713248545251,-7.080807152289189,56.67746312532072,-58.6875
1772748300.1107976,-3.099361080147419,1.7210712633777623,-6.9307000214461505,-0.1861334745546049,-1.012067168171405,9.74798946844135,-0.0021816593480267843,-3.1101984932965185e-06,0.13199052468207118,-6.270446392902771,58.17861990915333,-59.0625
1772748300.139397,-3.099361080147419,1.7210712633777623,-6.9307000214461505,-0.1861334745546049,-1.012067168171405,9.74798946844135,-0.0021816593480267843,-3.1101984932965185e-06,0.13199052468207118,-6.270446392902771,58.17861990915333,-59.0625
1772748300.2048168,-2.8552526001701866,1.742839689166971,-6.927168948644526,-0.1768669102895295,-1.0415576099693367,9.752007125414147,2.4881587946372148e-05,-0.017453274784214275,0.15707963267948966,-6.270446392902771,58.17861990915333,-59.0625
1772748300.2390988,-2.336139846820767,1.7391744188251206,-6.918351466350217,-0.1504482501012674,-1.1882686723151725,9.754680831249374,0.0022018756382332118,-0.014177675563680802,0.10471975511965978,-7.771603176735383,58.98898066853975,-60.0
1772748300.272754,-2.336139846820767,1.7391744188251206,-6.918351466350217,-0.1504482501012674,-1.1882686723151725,9.754680831249374,0.0022018756382332118,-0.014177675563680802,0.10471975511965978,-7.771603176735383,58.98898066853975,-60.0
1772748300.3548908,-1.6642837081294548,1.7586941957937212,-6.907608205602692,-0.19131871802201275,-1.417832994753496,9.821201393547348,-0.004364873795300217,0.0010846092770267991,0.16144295580947549,-8.835082203900686,59.67496525931387,-60.6875
1772748300.4306972,-1.3435926450341997,1.7923744843998817,-6.882154896440548,-0.19131871802201275,-1.417832994753496,9.821201393547348,-0.004364873795300217,0.0010846092770267991,0.16144295580947549,-8.835082203900686,59.67496525931387,-60.6875
1772748300.4645822,-0.7983575439590697,1.8180932137494534,-6.8734041286790415,-0.23038934237353534,-1.385254150005462,9.864285966180468,-0.005444817774587072,-0.006552753540313595,0.10362892433716332,-8.08659767663797,60.738533387102734,-60.6875
1772748300.5536077,-0.23791568835931906,1.8236227979449444,-6.864108197765373,-0.2565668529430843,-1.2398042853563869,9.892958267981596,-0.007631142420353801,-0.0032833747167667145,0.11671889372712078,-8.08659767663797,60.738533387102734,-60.6875
1772748300.6197202,0.23378531354754323,2.727441287949811,-6.8484183558325515,-0.23384639410825755,-1.1429517993183897,9.878588247466457,0.0011110459642198196,-0.014179230662927452,0.1439896632895322,-6.650702948624222,61.86558155823932,-59.875
1772748300.6529286,0.7241352740805164,1.7970598805863305,-6.8349808670475385,-0.1986555327093815,-1.0784689388255189,9.832228930556765,0.003308256304713087,-0.025084417204568075,0.12980886311707826,-6.650702948624222,61.86558155823932,-59.875
1772748300.6771395,0.7241352740805164,1.7970598805863305,-6.8349808670475385,-0.1986555327093815,-1.0784689388255189,9.832228930556765,0.003308256304713087,-0.025084417204568075,0.12980886311707826,-6.650702948624222,61.86558155823932,-59.875
1772748300.7678418,1.7153348545253073,1.8634248579282913,-6.833288906833069,-0.15944146364402637,-1.1541477496350514,9.780845922840765,-0.0010939398725066886,0.0021801042487801362,0.1090830782496456,-7.34078616808196,63.67709960954956,-62.25
1772748300.8276193,2.1126789795621277,1.9011423207014195,-6.826575101693565,-0.15903214282848072,-1.1862872744104391,9.747111835127757,-0.004367983993793513,0.0032662686250535837,0.09599310885968812,-7.340340664964176,63.36459992710657,-61.0625
1772748300.924312,2.4343320045690655,1.9134625728545716,-6.828385770372393,-0.1721401776304509,-1.2076948444249391,9.724662176589202,-0.006538757647093761,-0.004372649291533458,0.09053895494720585,-7.340340664964176,63.36459992710657,-61.0625
1772748300.9837873,2.81420577423862,1.8873890432372316,-6.837048626201734,-0.18086342836481903,-1.2219413431313626,9.692996621074315,-0.00436176359680692,-0.0010970500709999852,0.09599310885968812,-8.093458424651853,65.55102849672484,-63.0625
1772748301.015528,3.0604120560474413,1.8740862019663242,-6.833756536184177,-0.2033512764022093,-1.2615520477724698,9.738825781752977,-0.004341547306600493,-0.015277835833174085,0.13526301702956053,-8.093458424651853,65.55102849672484,-63.0625
1772748301.056371,3.3617129565463006,1.8783496520973388,-6.836528332662586,-0.21162647144921887,-1.2879029915813156,9.685696783556374,0.006571414731273375,-0.01853477386274778,0.11126473981463851,-6.282564077706513,66.67861127160278,-63.0625
1772748301.0917096,3.5914880163884453,1.9060706591557846,-6.832329290379413,-0.21716213426076114,-1.2853686004783185,9.733967821429315,0.005463478965546851,-0.006537202547847112,0.11671889372712078,-6.282564077706513,66.67861127160278,-63.0625
1772748301.1166058,3.5914880163884453,1.9060706591557846,-6.832329290379413,-0.21716213426076114,-1.2853686004783185,9.733967821429315,0.005463478965546851,-0.006537202547847112,0.11671889372712078,-6.282564077706513,66.67861127160278,-63.0625
1772748301.1511338,3.780527884044231,1.910018966448877,-6.822068013082117,-0.20087078266845984,-1.2167512124010214,9.695844312057227,-0.006532537250107168,-0.008735967987587027,0.11126473981463851,-7.345597601754034,67.0520961799339,-63.0625
1772748301.2118084,56.37262222304454,4.158768095555488,-4.644679057538211,-0.19004814546860022,-1.1577066739097257,9.670473542437605,0.013108617279120487,-0.013071294897200929,0.08835729338221293,-7.345597601754034,67.0520961799339,-63.0625
1772748301.2706666,4.648553696487642,1.9407352822956663,-6.808455791257503,-0.17618419764046428,-1.0983330056167786,9.653589578665814,-0.009803471172900695,-0.009831462959340363,0.14289883250703572,-7.347201412978058,68.17709503672867,-65.5
1772748301.3137531,4.648553696487642,1.9407352822956663,-6.808455791257503,-0.17618419764046428,-1.0983330056167786,9.653589578665814,-0.009803471172900695,-0.009831462959340363,0.14289883250703572,-7.347201412978058,68.17709503672867,-65.5
1772748301.3639655,5.0325589389417145,1.9705181359340902,-6.801493398168664,-0.1569225703070576,-1.0588061861412836,9.64235348938192,-0.00436176359680692,-0.0010970500709999852,0.08399397025222712,-7.347201412978058,68.17709503672867,-65.5
1772748301.4251032,5.494583394331816,1.9906143419132354,-6.786852669666374,-0.14406602188616044,-1.059262395788452,9.644911332600788,-0.00436176359680692,-0.0010970500709999852,0.11453723216212788,-6.286217203272346,69.24110866763532,-66.25
1772748301.4491973,5.824058503517568,2.0028702752458436,-6.774769640684554,-0.1823321111929212,-1.0663229783733317,9.683409777470477,-0.006526316853120575,-0.013099286683640597,0.1189005552921137,-6.286217203272346,69.24110866763532,-66.25
1772748301.4861557,5.824058503517568,2.0028702752458436,-6.774769640684554,-0.1823321111929212,-1.0663229783733317,9.683409777470477,-0.006526316853120575,-0.013099286683640597,0.1189005552921137,-6.286217203272346,69.24110866763532,-66.25
1772748301.5147064,6.251633788084949,2.013759882217909,-6.760955560993925,-0.2078073038155922,-1.0643315005955425,9.709030062475447,0.0011032704679865783,-0.00872508229286049,0.11562806294462433,-6.287286410755029,69.99110790549851,-65.875
1772748301.5437944,6.553531151846928,2.010546100775879,-6.756654767126051,-0.19120476270695075,-1.1365508889121145,9.72608007594892,-0.0032647135258069356,-0.005458813667806906,0.11126473981463851,-6.287286410755029,69.99110790549851,-65.875
1772748301.5689468,6.911200684798175,2.0176559498795963,-6.75119280993181,-0.18018933883405291,-1.161196326936836,9.720701110917789,0.005466589164040147,-0.008718861895873897,0.13744467859455345,-6.66380074028709,71.05307222206335,-66.25
1772748301.6010165,6.911200684798175,2.0176559498795963,-6.75119280993181,-0.18018933883405291,-1.161196326936836,9.720701110917789,0.005466589164040147,-0.008718861895873897,0.13744467859455345,-6.66380074028709,71.05307222206335,-66.25
1772748301.6218522,7.0297102177910995,2.0259112057680766,-6.770003235026477,-0.1761513485342002,-1.214398550848163,9.740537251727782,-0.003283374716766715,0.007631142420353801,0.10581058590215622,-6.66380074028709,71.05307222206335,-66.25
1772748301.6349893,7.141689712339362,2.032532057000784,-6.768028649206709,-0.1735165681678176,-1.2130078451645363,9.730322199901385,0.0010923847732600405,-0.001089274574766744,0.10471975511965978,-6.66380074028709,71.05307222206335,-66.25
1772748301.6519468,7.141689712339362,2.032532057000784,-6.768028649206709,-0.1735165681678176,-1.2130078451645363,9.730322199901385,0.0010923847732600405,-0.001089274574766744,0.10471975511965978,-6.66380074028709,71.05307222206335,-66.25
1772748301.7273524,7.434995951319076,2.063883825130422,-6.762054076256081,-0.1984906359586537,-1.235536254820804,9.753630202386399,-0.00764980361131358,0.009806581371393992,0.07526732399225546,-5.165406075784743,72.18020949382348,-68.6875
1772748301.755849,7.434995951319076,2.063883825130422,-6.762054076256081,-0.1984906359586537,-1.235536254820804,9.753630202386399,-0.00764980361131358,0.009806581371393992,0.07526732399225546,-5.165406075784743,72.18020949382348,-68.6875
1772748301.789415,7.791702780109688,2.0853592699288663,-6.762416396383596,-0.22528898875778056,-1.1501897170198259,9.789212087916644,-0.009829907860093716,0.008712641498887303,0.09708393964218458,-5.165406075784743,72.18020949382348,-68.6875
1772748301.834797,7.994107830503499,2.1108022284418735,-6.750800376649724,-0.26660551488964734,-1.046594414955878,9.816236546968636,-0.012024008002093686,0.017436168692501145,0.03490658503988659,-5.165940679526084,72.55520911275508,-68.25
1772748301.849572,7.994107830503499,2.1108022284418735,-6.750800376649724,-0.26660551488964734,-1.046594414955878,9.816236546968636,-0.012024008002093686,0.017436168692501145,0.03490658503988659,-5.165940679526084,72.55520911275508,-68.25
1772748301.8753397,8.162322381141484,2.1207562006172958,-6.747826634789667,-0.29410120149456664,-0.9776528986676701,9.83422102258475,-0.0032771543197801217,0.003267823724300232,0.10471975511965978,-5.165940679526084,72.55520911275508,-68.25
1772748301.8970087,8.295928274930427,2.120589857443029,-6.73177405410579,-0.31227528434297624,-1.0187459057150332,9.812738373134323,0.00764980361131358,-0.009806581371393992,0.07417649320975901,-5.604598543052516,73.36708458274197,-70.375
1772748301.911555,8.415777543524337,2.1207459040741363,-6.730375165253932,-0.27084820053157427,-1.046016541672106,9.728194564048275,0.006565194334286781,-0.01417145516669421,0.06544984694978735,-5.604598543052516,73.36708458274197,-70.375
1772748301.9476206,8.415777543524337,2.1207459040741363,-6.730375165253932,-0.27084820053157427,-1.046016541672106,9.728194564048275,0.006565194334286781,-0.01417145516669421,0.06544984694978735,-5.604598543052516,73.36708458274197,-70.375
1772748301.9737742,8.725542961432799,2.1050357364050294,-6.741066737708914,-0.27674432858056275,-1.054177208590585,9.675276715225058,-0.006534092349353816,-0.007645138313573635,0.08508480103472356,-4.481203497481762,74.49368725076077,-69.0625
1772748302.0050015,8.725542961432799,2.1050357364050294,-6.741066737708914,-0.27674432858056275,-1.054177208590585,9.675276715225058,-0.006534092349353816,-0.007645138313573635,0.08508480103472356,-4.481203497481762,74.49368725076077,-69.0625
1772748302.0401654,8.951338802042747,2.083884840489503,-6.746382885173234,-0.24052683623619056,-1.059550815368724,9.640060477964312,-0.013071294897200929,-0.013108617279120487,0.06217735460229799,-4.481203497481762,74.49368725076077,-69.0625
1772748302.0867543,9.204398610783187,2.0907100731486965,-6.728466207552373,-0.1895777943490749,-1.1233006896008264,9.693562034726776,-0.004357098299066975,-0.004369539093040162,0.09926560120717749,-4.10620387855017,74.49422185450211,-72.25
1772748302.1304798,9.491722934552618,2.1069663421030502,-6.71611081502825,-0.15562408786505053,-1.199176601850291,9.76930806358848,0.008734412888340379,-0.005441707576093775,0.08944812416470939,-4.10620387855017,74.49422185450211,-72.25
1772748302.15405,9.491722934552618,2.1069663421030502,-6.71611081502825,-0.15562408786505053,-1.199176601850291,9.76930806358848,0.008734412888340379,-0.005441707576093775,0.08944812416470939,-4.10620387855017,74.49422185450211,-72.25
1772748302.1886387,9.714939062007137,2.1358188994394474,-6.731832822720615,-0.22673899636004302,-1.216353617871544,9.779574859169529,-0.013107062179873839,0.011980465223187535,0.05999569303730508,-3.356561043181212,74.74529080793918,-73.0625
1772748302.2154117,9.81403129027402,2.128976918302057,-6.745417545934803,-0.29888118262530705,-1.2275378173790603,9.767538426003505,0.0010970500709999852,-0.004361763596806921,0.03599741582238305,-3.356561043181212,74.74529080793918,-73.0625
1772748302.2692604,9.81403129027402,2.128976918302057,-6.745417545934803,-0.29888118262530705,-1.2275378173790603,9.767538426003505,0.0010970500709999852,-0.004361763596806921,0.03599741582238305,-3.356561043181212,74.74529080793918,-73.0625
1772748302.3248847,9.949743717058098,2.082259004728136,-6.761352575497191,-0.3088471617920499,-1.128165148833487,9.718185174393126,0.00110171536873993,-0.007634252618847097,0.05235987755982989,-3.6706645368482307,75.86984416161619,-75.0625
1772748302.3633828,10.176966330270965,2.041720286841497,-6.783077269930269,-0.24857724343872203,-1.0619383714893733,9.685341136758362,0.004372649291533458,-0.006538757647093761,0.10799224746714914,-3.6706645368482307,75.86984416161619,-75.0625
1772748302.4398835,10.65603972981804,2.02885042966575,-6.7852337728582945,-0.22188686986297756,-0.9911233998023327,9.663483796604368,0.006541867845587058,0.002190989943506674,0.10253809355466686,-4.48530212616538,77.36868432923632,-76.25
1772748302.4833765,10.929709733557702,2.045762942976663,-6.78746182496568,-0.20395781553749393,-1.0610756179823215,9.729220661870036,-0.013100841782887245,0.007617146527133967,0.10799224746714914,-4.48530212616538,77.36868432923632,-76.25
1772748302.4983487,10.929709733557702,2.045762942976663,-6.78746182496568,-0.20395781553749393,-1.0610756179823215,9.729220661870036,-0.013100841782887245,0.007617146527133967,0.10799224746714914,-4.48530212616538,77.36868432923632,-76.25
1772748302.512525,11.196906963665361,2.049726401265525,-6.805018659038522,-0.20206155508877138,-1.1076423442374979,9.772967811375437,-0.003261603327313639,-0.00764047301583369,0.08617563181722002,-1.8597701899028902,76.99742693649411,-78.0
1772748302.5252733,11.196906963665361,2.049726401265525,-6.805018659038522,-0.20206155508877138,-1.1076423442374979,9.772967811375437,-0.003261603327313639,-0.00764047301583369,0.08617563181722002,-1.8597701899028902,76.99742693649411,-78.0
1772748302.54546,11.323401299745038,2.057270881038566,-6.802850148765062,-0.2007996149427637,-1.1386319803759015,9.802081050683602,0.005475919759520037,-0.01526383993995425,0.1308996938995747,-1.8597701899028902,76.99742693649411,-78.0
1772748302.6241539,11.836563412315808,2.078565690721118,-6.773300364092487,-0.19004370356375952,-1.0756132228733277,9.741172905251329,0.008763959774026695,-0.026167471382348227,0.16907877128695067,-1.110840159522388,77.74849538183997,-79.0625
1772748302.658396,12.074886316102559,2.106648101748816,-6.76769388880365,-0.17956926933210235,-1.013599525047934,9.620356533879052,-0.010895855946160736,-0.008742188384573621,0.11017390903214205,-1.110840159522388,77.74849538183997,-79.0625
1772748302.7040417,12.074886316102559,2.106648101748816,-6.76769388880365,-0.17956926933210235,-1.013599525047934,9.620356533879052,-0.010895855946160736,-0.008742188384573621,0.11017390903214205,-1.110840159522388,77.74849538183997,-79.0625
1772748302.8370953,13.258693997430617,2.1191358098193254,-6.737889319684866,-0.15449354292357156,-1.0050349960621425,9.6134676766632,0.006560529036546837,-0.010898966144654031,0.13526301702956053,-1.110840159522388,77.74849538183997,-81.0625
1772748302.929575,14.14933348865506,2.105457273523829,-6.701167592760928,-0.15763568880380652,-1.1862089376787202,9.611535748626453,-0.009809691569887287,-0.0054681442632867954,0.11017390903214205,1.3885335956566651,78.18955896220244,-84.25
1772748302.9616508,14.14933348865506,2.105457273523829,-6.701167592760928,-0.15763568880380652,-1.1862089376787202,9.611535748626453,-0.009809691569887287,-0.0054681442632867954,0.11017390903214205,1.3885335956566651,78.18955896220244,-84.25
1772748303.0405264,15.125235538895843,2.089283321687268,-6.6641893557734555,-0.1923102494411194,-1.3825408193754738,9.694710884360116,0.0065791902275066155,-0.02398892223281474,0.1461713248545251,0.2646930469681269,77.37545597662664,-86.0
1772748303.1103747,15.125235538895843,2.089283321687268,-6.6641893557734555,-0.1923102494411194,-1.3825408193754738,9.694710884360116,0.0065791902275066155,-0.02398892223281474,0.1461713248545251,0.2646930469681269,77.37545597662664,-86.0
1772748303.1411216,15.50672425194484,2.110627187725269,-6.650589089836405,-0.1842510609161265,-1.3382850798295554,9.673064370673716,0.009851679249546792,-0.023984256935074794,0.14944381720201447,2.888532071383036,78.19169737716781,-88.75
1772748303.2003562,15.832719920524106,2.094815373591075,-6.649222689550929,-0.17219754436362708,-1.3088238418815021,9.658658857622818,-0.004346212604340437,-0.012005346811133907,0.11126473981463851,2.888532071383036,78.19169737716781,-88.75
1772748303.2618709,16.570906406812234,2.0562558869282737,-6.611757577725567,-0.16421898316615555,-1.2591117423579834,9.64572703790025,0.004392865581739886,-0.02071954340926786,0.16144295580947549,2.4521908240690844,77.37857449845113,-90.25
1772748303.3590019,17.08795861050783,2.059439267877218,-6.613549913289389,-0.15884734509549672,-1.2695153034506035,9.660536838284008,1.710609171313085e-05,-0.011999126414147314,0.1308996938995747,2.4521908240690844,77.37857449845113,-90.25
1772748303.4084065,17.633682352294066,2.069127547667092,-6.6000805701161065,-0.20308243292569983,-1.2476902769326683,9.805090153171088,-0.009806581371393992,-0.00764980361131358,0.11126473981463851,-2043.6087646069307,74.83668700399986,-93.5625
1772748303.434502,17.633682352294066,2.069127547667092,-6.6000805701161065,-0.20308243292569983,-1.2476902769326683,9.805090153171088,-0.009806581371393992,-0.00764980361131358,0.11126473981463851,-2043.6087646069307,74.83668700399986,-93.5625
1772748303.45117,17.961004767391202,2.046442204428233,-6.60058708269292,-0.19477447464926406,-1.2418581024216022,9.779971658123387,-0.002145892065353874,-0.02509219270080132,0.16471544815696484,4.390223458956989,77.0063369988498,-95.0625
1772748303.5052347,18.35969192463151,2.0221193034283687,-6.608122221598724,-0.18918839532678486,-1.278118155131054,9.726459351480603,0.01093784362582024,-0.02071021281378797,0.1308996938995747,4.390223458956989,77.0063369988498,-95.0625
1772748303.5370357,18.35969192463151,2.0221193034283687,-6.608122221598724,-0.18918839532678486,-1.278118155131054,9.726459351480603,0.01093784362582024,-0.02071021281378797,0.1308996938995747,4.390223458956989,77.0063369988498,-95.0625
1772748303.6112,18.78651182055037,2.007566107441505,-6.62122746011408,-0.17543559701404265,-1.3022345086839937,9.724298626254658,0.005480585057259982,-0.018536328961994426,0.1505346479845109,6.57932504728197,75.88445666387952,-97.5625
1772748303.6397948,19.14655767118545,2.040966833215379,-6.605494550429605,-0.19976772821885966,-1.2949156026658628,9.722860687753673,0.008739078186080324,-0.008714196598133953,-35.63198751024673,6.57932504728197,75.88445666387952,-97.5625
1772748303.6834435,19.594055866618774,2.0484596153222987,-6.6149050967524134,-0.16919096813500062,-1.2464917809186162,9.721903755744094,0.0032771543197801217,-0.003267823724300232,0.12217304763960307,6.580750657258881,74.88445768006194,-99.5625
1772748303.7051933,19.594055866618774,2.0484596153222987,-6.6149050967524134,-0.16919096813500062,-1.2464917809186162,9.721903755744094,0.0032771543197801217,-0.003267823724300232,0.12217304763960307,6.580750657258881,74.88445768006194,-99.5625
1772748303.7544994,19.72921540409444,2.0587437432625673,-6.6265335875504485,-0.199019100485118,-1.2143378008447137,9.697851146230114,-0.009819022165367177,0.001076833780793558,0.12544553998709243,6.580750657258881,74.88445768006194,-99.5625
1772748303.8024004,20.154333797204096,2.0820404109781143,-6.611772360288235,-0.2188455452389312,-1.2096652278294018,9.681844403283813,-0.006549643341820299,0.0032631584265602875,0.06544984694978735,8.770386849325206,73.38757772616006,-100.375
1772748303.8283036,20.283501973942077,2.0606586164947993,-6.6073670847291375,-0.2320398227466943,-1.2065556826837724,9.671192094660086,-0.009831462959340363,0.009803471172900695,0.08399397025222712,8.770386849325206,73.38757772616006,-100.375
1772748303.8557014,20.283501973942077,2.0606586164947993,-6.6073670847291375,-0.2320398227466943,-1.2065556826837724,9.671192094660086,-0.009831462959340363,0.009803471172900695,0.08399397025222712,8.770386849325206,73.38757772616006,-100.375
1772748303.91415,20.72658242892379,2.0341793528614738,-6.5874307361009485,-0.21079079345967372,-1.1509216627744263,9.640687320313843,0.0087608495755334,-0.02398581203432144,0.12217304763960307,8.772525264290572,71.88757925043369,-103.1875
1772748303.9342253,20.970498443792792,2.0163941521041333,-6.603456045593721,-0.18661447691214464,-1.1138835375236078,9.620386733747075,0.005469699362533444,-0.01090052124390068,0.1265363707695889,8.772525264290572,71.88757925043369,-103.1875
1772748303.953608,21.091269325077384,2.0177283458235986,-6.609410235131913,-0.18040336202855586,-1.1996379595525255,9.750716723574035,-0.0021801042487801362,-0.0010939398725066888,0.10253809355466686,8.772525264290572,71.88757925043369,-103.1875
1772748303.9982362,21.091269325077384,2.0177283458235986,-6.609410235131913,-0.18040336202855586,-1.1996379595525255,9.750716723574035,-0.0021801042487801362,-0.0010939398725066888,0.10253809355466686,8.772525264290572,71.88757925043369,-103.1875
1772748304.0228283,21.445987743447695,2.043729669110378,-6.594835925351998,-0.2164112341531351,-1.2567637953685953,9.837449875922497,0.007656024008300173,-0.014169900067447562,0.1308996938995747,11.400641118636212,69.70382369952212,-106.0
1772748304.0533984,21.588090027927926,2.0588179893447554,-6.591077983017104,-0.24038360846700302,-1.2880901843506398,9.881789373108326,-0.0043602084975602725,-0.0021878797450133776,0.09381144729469522,11.400641118636212,69.70382369952212,-106.0
1772748304.090288,21.588090027927926,2.0588179893447554,-6.591077983017104,-0.24038360846700302,-1.2880901843506398,9.881789373108326,-0.0043602084975602725,-0.0021878797450133776,0.09381144729469522,11.400641118636212,69.70382369952212,-106.0
1772748304.1144857,21.902724770995906,2.057679489299204,-6.596452296803961,-0.20282476050395162,-1.3021710284693637,9.84773969074179,-3.1101984932965185e-06,0.0021816593480267843,0.0916297857297023,13.59125741756166,67.51944444424565,-107.5625
1772748304.133875,22.079707036074304,2.0664291432654864,-6.586079501535352,-0.17794898735995932,-1.2279139652351474,9.73810710309643,0.004383534986259996,-0.014174565365187507,0.12435470920459599,13.59125741756166,67.51944444424565,-107.5625
1772748304.1511536,22.216272001740506,2.0592239012976377,-6.5795557541650815,-0.1480426179286663,-1.1584069940115749,9.665147840694692,0.007637362817340394,-0.0010799439792868544,0.11671889372712078,13.59125741756166,67.51944444424565,-107.5625
1772748304.1759195,22.216272001740506,2.0592239012976377,-6.5795557541650815,-0.1480426179286663,-1.1584069940115749,9.665147840694692,0.007637362817340394,-0.0010799439792868544,0.11671889372712078,13.59125741756166,67.51944444424565,-107.5625
1772748304.1945562,22.495296822148763,2.05603418784798,-6.585571084470521,-0.17494316651349343,-1.1322882944992188,9.706912282672322,-0.008711086399640655,-0.010920737534107107,0.13199052468207118,13.59188112192656,67.08194488882546,-109.1875
1772748304.2128396,22.495296822148763,2.05603418784798,-6.585571084470521,-0.17494316651349343,-1.1322882944992188,9.706912282672322,-0.008711086399640655,-0.010920737534107107,0.13199052468207118,13.59188112192656,67.08194488882546,-109.1875
1772748304.2389996,22.759126600697012,2.0615293137857322,-6.568350090385758,-0.22287008585195453,-1.1718163523976375,9.734706052269049,0.007659134206793469,-0.016351559415474344,0.1265363707695889,13.59188112192656,67.08194488882546,-109.1875
1772748304.2564473,22.759126600697012,2.0615293137857322,-6.568350090385758,-0.2547649152929318,-1.1981218333716965,9.686300261312532,-0.0065574188380535395,0.008717306796627248,0.07417649320975901,13.158658396437101,64.08132423300782,-110.0
1772748304.2857833,22.89419289181962,2.0775467943692436,-6.5714501498501585,-0.2547649152929318,-1.1981218333716965,9.686300261312532,-0.0065574188380535395,0.008717306796627248,0.07417649320975901,13.158658396437101,64.08132423300782,-110.0
1772748304.3156848,23.11554826497348,2.080546470962326,-6.55502040331158,-0.2693480396273993,-1.1821672163784518,9.654086748159084,0.0054790299580133334,-0.017445499287981035,0.08835729338221293,13.158658396437101,64.08132423300782,-110.0
1772748304.334618,23.34526215567159,2.074574556343021,-6.562075628432286,-0.2790529459678146,-1.171549596994197,9.709586584272332,0.0022018756382332118,-0.014177675563680802,0.13526301702956053,16.161239265972995,62.27310290476919,-110.375
1772748304.3643806,23.34526215567159,2.074574556343021,-6.562075628432286,-0.2790529459678146,-1.171549596994197,9.709586584272332,0.0022018756382332118,-0.014177675563680802,0.13526301702956053,16.161239265972995,62.27310290476919,-110.375
1772748304.3914802,23.59482152659623,2.0874090747669203,-6.550608463116267,-0.29220166934260516,-1.164493227549803,9.746521105231906,-0.003261603327313639,-0.00764047301583369,0.11126473981463851,16.161239265972995,62.27310290476919,-110.375
1772748304.412431,23.80943791210687,2.080520922736267,-6.557722204169245,-0.30096630434153565,-1.1497619675851432,9.77110061634487,-0.0032584931288203427,-0.009822132363860474,0.09817477042468103,17.289891248333607,59.712209319960664,-110.75
1772748304.4406526,23.80943791210687,2.080520922736267,-6.557722204169245,-0.30096630434153565,-1.1497619675851432,9.77110061634487,-0.0032584931288203427,-0.009822132363860474,0.09817477042468103,17.289891248333607,59.712209319960664,-110.75
1772748304.463749,23.966298567664065,2.10325034436761,-6.552119384727706,-0.2734004450160412,-1.1031145990025475,9.770732447882821,-0.004364873795300217,0.0010846092770267991,0.09817477042468103,17.289891248333607,59.712209319960664,-110.75
1772748304.490753,24.190183302057843,2.0582554969023548,-6.545775749150298,-0.2416752403334471,-1.072052220997585,9.716965648566928,-3.1101984932965185e-06,0.0021816593480267843,0.08290313946973066,17.977836052825978,59.4006897443768,-112.5
1772748304.5176811,24.371033992386383,2.046650700543218,-6.540349233472617,-0.22055770218631413,-1.0547256637328561,9.681184444236704,0.010931623228833646,-0.0163468941177344,0.11017390903214205,17.977836052825978,59.4006897443768,-112.5
1772748304.5331094,24.47825408871152,2.0458970695129852,-6.539815075060302,-0.22982459811180794,-1.1101305813573858,9.710894239774293,0.0021801042487801362,0.0010939398725066888,0.09490227807719166,17.977836052825978,59.4006897443768,-112.5
1772748304.5541883,24.47825408871152,2.0458970695129852,-6.539815075060302,-0.22982459811180794,-1.1101305813573858,9.710894239774293,0.0021801042487801362,0.0010939398725066888,0.09490227807719166,17.977836052825978,59.4006897443768,-112.5
1772748304.5807934,24.671425040080134,2.0530799056959204,-6.551545366637086,-0.23597730735834233,-1.1570372600472547,9.730665776824395,-0.0010892745747667438,-0.0010923847732600405,0.12544553998709243,19.10809184641061,55.71479730277349,-113.1875
1772748304.6130428,24.986488968016204,2.076465508340517,-6.537684954886731,-0.24341697493972092,-1.1882578995580524,9.673576168014991,0.0032693788235468803,0.002186324645766729,0.12326387842209953,19.10809184641061,55.71479730277349,-113.1875
1772748304.6296012,24.986488968016204,2.076465508340517,-6.537684954886731,-0.24341697493972092,-1.1882578995580524,9.673576168014991,0.0032693788235468803,0.002186324645766729,0.12326387842209953,19.10809184641061,55.71479730277349,-113.1875
1772748304.6512163,25.078037336638214,2.086903608183286,-6.527353141520958,-0.26174842384089886,-1.2090539616935887,9.615513000841133,-0.0054603687670535545,0.004355543199820328,0.07635815477475191,18.798354283297883,53.77685376850914,-113.1875
1772748304.683894,25.235286736643605,2.1027120708542886,-6.523004001718413,-0.273947798308931,-1.2228935087375528,9.596943281938923,-0.0032584931288203427,-0.009822132363860474,0.06872233929727672,18.798354283297883,53.77685376850914,-113.1875
1772748304.702034,25.30839365506366,2.1001357530596088,-6.523483486736848,-0.27871169978414106,-1.2387890204889682,9.694974027788394,0.0010830541777801508,0.005455703469313609,0.07963064712224129,20.988346877858433,52.02997406865287,-114.375
1772748304.7201796,25.30839365506366,2.1001357530596088,-6.523483486736848,-0.27871169978414106,-1.2387890204889682,9.694974027788394,0.0010830541777801508,0.005455703469313609,0.07963064712224129,20.988346877858433,52.02997406865287,-114.375
1772748304.7628787,25.42184326233648,2.108058120052971,-6.527986059680916,-0.28186771652575554,-1.2594026309192612,9.760212394076033,0.010912962037873867,-0.003256938029573694,0.050178215994836975,20.988346877858433,52.02997406865287,-114.375
1772748304.8019676,25.596638078191884,2.082387125180114,-6.525889520838186,-0.2839823168861544,-1.2630854334672779,9.763486457592322,0.016370220606434123,-0.005430821881367237,0.05345070834232634,20.9904852928238,50.5299755929265,-114.375
1772748304.8275836,25.771908564823086,2.0209095728111777,-6.524428842364516,-0.22188495902179045,-1.2286494983666976,9.728869081508213,0.005488360553493223,-0.023990477332061385,0.13308135546456762,20.9904852928238,50.5299755929265,-114.375
1772748304.8569446,25.988920243067863,1.999152323047958,-6.528467484915996,-0.18060754928223338,-1.1722816851511049,9.74262783320618,-0.0021521124623404674,-0.02072887400474775,0.07963064712224129,21.682706927246905,47.21845906588989,-114.0
1772748304.8977342,26.18973538150866,2.0206471654546885,-6.5371903428555544,-0.116341702810605,-1.1347170780549969,9.701607453156061,-0.004355543199820328,-0.005460368767053554,0.07853981633974483,21.682706927246905,47.21845906588989,-114.0
1772748304.9286475,26.34677772090712,2.0380069704239085,-6.5395838342202515,-0.20734921925556404,-1.1299796544901008,9.76128175285068,-0.009822132363860474,0.0032584931288203427,0.10035643198967395,21.682706927246905,47.21845906588989,-114.0
1772748304.9558268,26.34677772090712,2.0380069704239085,-6.5395838342202515,-0.20734921925556404,-1.1299796544901008,9.76128175285068,-0.009822132363860474,0.0032584931288203427,0.10035643198967395,21.682706927246905,47.21845906588989,-114.0
1772748305.0003526,26.656197330582966,2.0440076883943736,-6.51523429821081,-0.19765212388565304,-1.1367621316352778,9.747472545374732,0.008743743483820269,-0.011986685620174128,0.11562806294462433,23.49832360724076,45.033545206872084,-112.75
1772748305.0246665,26.79252153041917,2.0380700241363847,-6.515831299692118,-0.19117497111751103,-1.1580013359505372,9.76838867742432,0.00547280956102674,-0.013082180591927466,0.08399397025222712,23.49832360724076,45.033545206872084,-112.75
1772748305.0468168,26.929235247849814,2.057903791375983,-6.503543363149908,-0.13334276537563905,-1.1720594879709032,9.75220212428894,0.008731302689847082,-0.003260048228066991,0.13962634015954636,23.49832360724076,45.033545206872084,-112.75
1772748305.080773,26.929235247849814,2.057903791375983,-6.503543363149908,-0.13334276537563905,-1.1720594879709032,9.75220212428894,0.008731302689847082,-0.003260048228066991,0.13962634015954636,23.49832360724076,45.033545206872084,-112.75
1772748305.1173413,27.490168880413712,2.0811184400821814,-6.51712587418664,-0.09284205219130705,-1.0595358903623184,9.645121589192723,4.6652977399447776e-06,-0.003272489022040177,0.05999569303730508,25.006341139087255,39.41068933786356,-112.0
1772748305.157723,27.669567670348687,2.092978509962357,-6.520596805016574,-0.12487029283531535,-1.0363656294120573,9.609957243322663,-0.00434465750509379,-0.0130961764851473,0.07635815477475191,26.195443743594655,38.28738339291636,-112.375
1772748305.2133975,27.827736510814063,2.093449243212538,-6.512434658555087,-0.13261354298775607,-1.1547313366029643,9.616661769323494,0.00547280956102674,-0.013082180591927466,0.08399397025222712,26.195443743594655,38.28738339291636,-112.375
1772748305.2587957,28.35507898349059,2.091083391357661,-6.489156903980618,-0.14145340086437969,-1.105287801644578,9.590665348908367,-0.003255382930327046,-0.012003791711887259,0.14835298641951802,26.513734966568848,34.22533302427522,-111.1875
1772748305.3595128,28.35507898349059,2.091083391357661,-6.489156903980618,-0.14145340086437969,-1.105287801644578,9.590665348908367,-0.003255382930327046,-0.012003791711887259,0.14835298641951802,26.513734966568848,34.22533302427522,-111.1875
1772748305.4224293,29.28918802427401,2.103383834248153,-6.482823342219308,-0.1398206565879873,-1.0668697529118911,9.569116839167531,-0.0032631584265602875,-0.006549643341820299,0.12762720155208535,26.954353043813533,32.03845895153917,-109.1875
1772748305.4749258,29.64217590919583,2.1146859012868156,-6.471017503108011,-0.13932741771692594,-1.0980892301283527,9.576102489746184,0.0120115672081205,-0.008709531300394006,0.12762720155208535,27.64505996763617,29.789441344808736,-106.375
1772748305.5300229,29.955888726351777,2.101794140644495,-6.459133573104875,-0.14568938937422515,-1.1188749811207443,9.580751362171448,0.01639043689664055,-0.019611607643541334,0.12871803233458182,27.64505996763617,29.789441344808736,-106.375
1772748305.6185446,30.592258043264682,2.1301805349371157,-6.420128466732086,-0.16666305845852766,-1.1226961854130206,9.583845134839152,-0.003267823724300232,-0.0032771543197801217,0.10362892433716332,28.02469281899272,26.53997925114294,-104.0
1772748305.6766975,30.999599872874192,2.1335408058739573,-6.447122184740058,-0.1805158868011715,-1.1988315369615465,9.616010011355678,0.005466589164040147,-0.008718861895873897,0.15162547876700738,28.02469281899272,26.53997925114294,-104.0
1772748305.7723398,31.405351752394985,2.1736848990806545,-6.449359134671111,-0.20656524499907175,-1.1759302242749416,9.60396426029902,-0.002173883851793543,-0.0054572585685602575,0.11453723216212788,28.46477629249606,24.728104797338474,-102.0
1772748305.818181,31.957132209189265,2.2249932072576897,-6.433249405227704,-0.17722665678890387,-1.0502343187952004,9.59260283582335,-0.014179230662927452,-0.0011110459642198196,0.11999138607461016,28.46477629249606,24.728104797338474,-102.0
1772748305.8377707,32.13853013211185,2.235156103717357,-6.429658157270049,-0.1577021540685415,-0.9665850978136981,9.558281041091664,0.0011032704679865783,-0.00872508229286049,0.1538071403320003,28.716914453415825,23.228462724106333,-100.25
1772748305.916673,32.49436404515066,2.2570501686521736,-6.429332593142701,-0.14458959499553056,-0.9945451833754247,9.535440270097297,2.177138945307563e-05,-0.015271615436187491,0.13853550937704992,28.716914453415825,23.228462724106333,-100.25
1772748305.9910367,33.00495661509747,2.250046884564353,-6.422215261622189,-0.1458652765611844,-1.0365823726125345,9.520239992148674,-0.008717306796627248,-0.0065574188380535395,0.12762720155208535,28.471191537392162,20.228109370159363,-98.0
1772748306.0592403,33.430345842661666,2.249149905864466,-6.428804003324536,-0.16675149646891743,-1.0880020235679313,9.583716834533124,0.001107935765726523,-0.011997571314900665,0.1439896632895322,28.471191537392162,20.228109370159363,-98.0
1772748306.1355016,34.28430929245781,2.2835508819370003,-6.4157752785038085,-0.17869180738721152,-1.1917975359204247,9.680833188527325,-0.005444817774587072,-0.006552753540313595,0.14289883250703572,28.03253367386573,21.03998484014625,-95.1875
1772748306.2375183,34.78357491250493,2.316208872573501,-6.397355980310575,-0.1818497435256248,-1.2314277429300107,9.717350706438122,0.0032880400145066596,-0.010903631442393978,0.15707963267948966,28.72279509457058,19.103466915858814,-92.75
1772748306.3479767,35.92477712410795,2.2845292225563516,-6.375225471379718,-0.21901549970856443,-1.1249175403666918,9.724397939283264,-0.005440152476847127,-0.00982524256235377,0.12980886311707826,28.474755562334437,17.72811191061541,-88.75
1772748306.4011703,36.25594251537214,2.2674035561460077,-6.372567687266493,-0.2423122399121661,-1.0631985338349421,9.72627189117213,0.0021925450427533223,-0.007632697519600449,0.12871803233458182,28.474755562334437,17.72811191061541,-88.75
1772748306.458669,36.49899254378247,2.2809423151540638,-6.367811241282187,-0.24443552704372046,-1.0221061491360446,9.727518985220756,1.710609171313085e-05,-0.011999126414147314,0.16253378659197193,28.03894891876183,16.539989412967135,-88.375
1772748306.537409,37.045160549963036,2.3002709287163245,-6.368089132565296,-0.2224232551053211,-1.001416460994727,9.69824290701329,0.005461923866300202,-0.0054463728738337195,0.1407171709420428,28.72475530828883,17.72846831310964,-85.5625
1772748306.5914423,37.52434518950225,2.3335352216325735,-6.356216516666365,-0.20777433402350554,-0.9876477046556402,9.64530888692825,-0.0087157516973806,-0.007648248512066932,0.12326387842209953,28.72475530828883,17.72846831310964,-85.5625
1772748306.6531208,37.83376099364783,2.346291425361798,-6.358651467253063,-0.24145005396760177,-1.022033153844158,9.643533004946597,-0.00872352719361384,-0.0021941001419999704,0.11562806294462433,27.663949299830236,16.539454809225795,-84.75
1772748306.6918347,38.152304081816816,2.3573725953628553,-6.354466573827054,-0.2637941058632238,-1.0917478024815404,9.669112068984266,-0.009814356867627232,-0.002195655241246619,0.11671889372712078,27.663949299830236,16.539454809225795,-84.75
1772748306.7584307,-34.40967084539949,1.6775307627886056,5.867814332037507,-0.26198596950620606,-1.1046671951821905,9.686134650364465,2.177138945307563e-05,-0.015271615436187491,0.09272061651219876,27.66501850731292,15.789455571362609,-82.75
1772748306.8043728,38.79621665072206,2.381758277854186,-6.330147228698957,-0.23062901193989793,-1.1466730703645425,9.664011871045101,0.00439753087947983,-0.023992032431308034,0.12544553998709243,27.66501850731292,15.789455571362609,-82.75
1772748306.835769,38.79621665072206,2.381758277854186,-6.330147228698957,-0.23062901193989793,-1.1466730703645425,9.664011871045101,0.00439753087947983,-0.023992032431308034,0.12544553998709243,27.66501850731292,15.789455571362609,-82.75
1772748306.8620255,38.79621665072206,2.381758277854186,-6.330147228698957,-0.23062901193989793,-1.1466730703645425,9.664011871045101,0.00439753087947983,-0.023992032431308034,0.12544553998709243,27.66501850731292,15.789455571362609,-82.75
1772748306.8932047,39.05708105037626,2.39625566028132,-6.324947928011016,-0.20980899520592558,-1.1411764279812697,9.6492894085357,0.008746853682313564,-0.014168344968200913,0.11235557059713497,27.66555311105426,15.414455952431016,-80.0
1772748306.9193723,39.44322460944358,2.3802830797216843,-6.337345493643405,-0.23271631626075848,-1.160986689104112,9.642836885903698,-0.002186324645766729,0.0032693788235468803,0.12435470920459599,27.66555311105426,15.414455952431016,-80.0
1772748306.9358327,39.44322460944358,2.3802830797216843,-6.337345493643405,-0.23271631626075848,-1.160986689104112,9.642836885903698,-0.002186324645766729,0.0032693788235468803,0.12435470920459599,27.66555311105426,15.414455952431016,-80.0
1772748306.973271,39.5784458852348,2.381244914502513,-6.337092133960884,-0.2480228772513167,-1.1306837885812633,9.682029256366652,-0.0043602084975602725,-0.0021878797450133776,0.11126473981463851,27.66555311105426,15.414455952431016,-80.0
1772748306.9893806,39.81514960699193,2.391879643453309,-6.325399014603024,-0.2581472278849336,-1.1540039547938699,9.728182011346199,-0.005440152476847127,-0.00982524256235377,0.11126473981463851,28.728052031360438,15.415970663031484,-78.75
1772748307.0021653,39.81514960699193,2.391879643453309,-6.325399014603024,-0.2581472278849336,-1.1540039547938699,9.728182011346199,-0.005440152476847127,-0.00982524256235377,0.11126473981463851,28.728052031360438,15.415970663031484,-78.75
1772748307.0252454,40.0265448107251,2.377335052381015,-6.330828264042571,-0.2548876958079623,-1.1427480919665571,9.738825483981117,0.0032895951137533077,-0.01199446111640737,0.0916297857297023,28.728052031360438,15.415970663031484,-78.75
1772748307.0770366,40.465146635995104,2.3776000508574513,-6.33767416506857,-0.24931141059391143,-1.1787390801715667,9.765979266368191,-0.007634252618847097,-0.00110171536873993,0.1308996938995747,27.225915140668704,16.91383072379249,-77.5625
1772748307.1313155,40.68842995888854,2.3899374156567372,-6.333004702232975,-0.21554693737332908,-1.1658515699658725,9.743908464731334,-0.003272489022040177,-4.6652977399447776e-06,0.08508480103472356,27.225915140668704,16.91383072379249,-77.5625
1772748307.178768,40.68842995888854,2.3899374156567372,-6.333004702232975,-0.21554693737332908,-1.1658515699658725,9.743908464731334,-0.003272489022040177,-4.6652977399447776e-06,0.08508480103472356,27.225915140668704,16.91383072379249,-77.5625
1772748307.210899,40.98164561776373,2.379959784424836,-6.3368158213815455,-0.19307705761891086,-1.1572750758869048,9.809503273764678,0.003286484915260011,-0.009812801768380584,0.09053895494720585,28.04001812624451,15.78999017510395,-76.0
1772748307.247206,41.24196826038638,2.403356264550763,-6.335440937517124,-0.16808827872312196,-1.1515532084091964,9.823049881068465,-0.005432376980613885,-0.015279390932420733,0.07744898555724837,28.04001812624451,15.78999017510395,-76.0
1772748307.2769341,41.414817980533016,2.410487019484076,-6.32539683152483,-0.12469765904631952,-1.1477072189232387,9.832064996903618,-0.004343102405847141,-0.014187006159160692,0.13526301702956053,27.225915140668704,16.91383072379249,-74.0
1772748307.2978854,41.414817980533016,2.410487019484076,-6.32539683152483,-0.12469765904631952,-1.1477072189232387,9.832064996903618,-0.004343102405847141,-0.014187006159160692,0.13526301702956053,27.225915140668704,16.91383072379249,-74.0
1772748307.335584,41.653955556852885,2.417121219700338,-6.3227916535431685,-0.0958646057780031,-1.1150417811101705,9.83806445578647,-0.015293386825640567,0.015249844046734415,0.11126473981463851,27.225915140668704,16.91383072379249,-74.0
1772748307.3820977,42.010222731715665,2.346752115395348,-6.334716444523858,-0.09674718076270158,-1.093331910090166,9.808605911581466,0.008726637392107137,1.2440793973186074e-05,0.06544984694978735,28.476893977299806,16.22811343488904,-74.0
1772748307.4656878,42.53601375231103,2.3471492413776507,-6.327483987068084,-0.15084195101134917,-1.0889958595597107,9.815762473145092,0.009819022165367177,-0.001076833780793558,0.11999138607461016,28.476893977299806,16.22811343488904,-74.0
1772748307.5125601,42.85710166671586,2.3636281175081537,-6.298545760368935,-0.18681757221052722,-1.1028358079089295,9.820525084921655,-0.005461923866300202,0.0054463728738337195,0.11453723216212788,27.226449744410047,16.538831104860897,-73.0625
1772748307.537021,43.10780920450153,2.371029054094005,-6.296289890303477,-0.2441051151835919,-1.1856862099568848,9.823694549857098,1.0885694726537815e-05,-0.007635807718093746,0.1090830782496456,27.226449744410047,16.538831104860897,-73.0625
1772748307.5709767,43.10780920450153,2.371029054094005,-6.296289890303477,-0.2441051151835919,-1.1856862099568848,9.823694549857098,1.0885694726537815e-05,-0.007635807718093746,0.1090830782496456,27.226449744410047,16.538831104860897,-73.0625
1772748307.5891705,43.37572071931032,2.380410691174237,-6.277301842337219,-0.28222933508838044,-1.2408222270201668,9.899396250927419,0.010930068129586998,-0.01525606444372101,0.10471975511965978,26.975380790972967,17.288473940229853,-71.0625
1772748307.6068556,43.37572071931032,2.380410691174237,-6.277301842337219,-0.28222933508838044,-1.2408222270201668,9.899396250927419,0.010930068129586998,-0.01525606444372101,0.10471975511965978,26.975380790972967,17.288473940229853,-71.0625
1772748307.6375058,43.48244647028298,2.3758918992226903,-6.286892483597165,-0.29765586030320224,-1.2139432661388048,9.862801982956004,-0.01309773158439395,0.0054354871791071815,0.0545415391248228,26.975380790972967,17.288473940229853,-71.0625
1772748307.7122316,43.702376031837,2.3711094153097263,-6.296743207986466,-0.29788671558386115,-1.1960413114560535,9.831758682991145,-0.00434465750509379,-0.0130961764851473,0.07853981633974483,28.037256006914244,17.727488206250513,-71.0625
1772748307.7898073,44.12718580537301,2.363281590931329,-6.285601839333431,-0.21445079008941595,-1.1572476735124184,9.791029043396998,-0.011991350917914072,-0.005471254461780092,0.08617563181722002,28.037256006914244,17.727488206250513,-71.0625
1772748307.841713,44.58610573915668,2.3765433041310327,-6.2655115893828075,-0.1588011242730007,-1.2184037568242272,9.783994593470895,0.005489915652739871,-0.02508130700607478,0.14835298641951802,26.22591615685112,16.912405113815577,-68.6875
1772748307.922805,44.93391872310249,2.3917635012590046,-6.267424305261943,-0.17863373455696213,-1.2591835171286279,9.755897463673794,0.004352433001327031,0.007642028115080339,0.10471975511965978,26.22591615685112,16.912405113815577,-68.6875
1772748307.9748013,45.491073438900564,2.365212123060853,-6.264635978401587,-0.19183211515616533,-1.2863219920714357,9.676987126927578,2.9546885686316925e-05,-0.020725763806254453,0.11344640137963143,26.975380790972967,17.288473940229853,-66.25
1772748308.0318592,45.491073438900564,2.365212123060853,-6.264635978401587,-0.19183211515616533,-1.2863219920714357,9.676987126927578,2.9546885686316925e-05,-0.020725763806254453,0.11344640137963143,26.975380790972967,17.288473940229853,-66.25
1772748308.0732043,45.85621206033435,2.353886755637623,-6.255001774497281,-0.20066794708022556,-1.267586152600413,9.62447317930919,-0.009828352760847066,0.007621811824873911,0.10144726277217041,26.975380790972967,17.288473940229853,-66.25
1772748308.1257622,46.18369894443733,2.3441675736372733,-6.237091917797528,-0.2000009426455415,-1.15475487383397,9.61628662744694,-0.009831462959340363,0.009803471172900695,0.07417649320975901,26.536812028070088,18.03784947372814,-68.25
1772748308.1705098,46.42781535370002,2.3464494921074035,-6.259715048315553,-0.22282975206300168,-1.1800535492375084,9.610838568632389,-0.018530108565007836,-0.00984390375331355,0.10362892433716332,26.536812028070088,18.03784947372814,-68.25
1772748308.1896026,46.42781535370002,2.3464494921074035,-6.259715048315553,-0.22282975206300168,-1.1800535492375084,9.610838568632389,-0.018530108565007836,-0.00984390375331355,0.10362892433716332,26.536812028070088,18.03784947372814,-68.25
1772748308.2223277,46.655578820670755,2.321073429352467,-6.255706025127138,-0.22460825471114135,-1.2202862179718765,9.580452052691555,0.005465034064793499,-0.007628032221860505,0.1308996938995747,27.225380536927364,17.288830342724083,-66.0
1772748308.3173015,47.58963253836776,2.333655428864847,-6.2537736286746695,-0.19310455619189656,-1.281556521410189,9.573533619579791,0.0021956552412466185,-0.009814356867627234,0.11344640137963143,27.661810884864867,18.039453284952167,-64.25
1772748308.381376,47.58963253836776,2.333655428864847,-6.2537736286746695,-0.19310455619189656,-1.281556521410189,9.573533619579791,0.0021956552412466185,-0.009814356867627234,0.11344640137963143,27.661810884864867,18.039453284952167,-64.25
1772748308.4275992,47.97949804220661,2.3200068284999538,-6.253398974180842,-0.1714898376213311,-1.2075050244502477,9.625873371674345,-0.0010877194755200958,-0.002183214447273433,0.11126473981463851,27.661810884864867,18.039453284952167,-64.25
1772748308.4882905,48.34153534525768,2.2956877985929087,-6.250433375538367,-0.20718196316888146,-1.2285433872717757,9.687465785678485,-0.005447927973080368,-0.0043710941922868105,0.13526301702956053,27.22377672570334,18.413829199518858,-63.875
1772748308.5172698,48.74953809188215,2.2895414442553506,-6.247417907200817,-0.24096999893783647,-1.2425584891894625,9.768596189653726,-0.004350877902080383,-0.008732857789093731,0.11562806294462433,27.22377672570334,18.413829199518858,-63.875
1772748308.5524647,48.74953809188215,2.2895414442553506,-6.247417907200817,-0.24096999893783647,-1.2425584891894625,9.768596189653726,-0.004350877902080383,-0.008732857789093731,0.11562806294462433,27.22377672570334,18.413829199518858,-63.875
1772748308.6221383,49.24890839890796,2.2755552799990566,-6.248267446879163,-0.2634555593049857,-1.2518853829567367,9.822587567213255,1.866119095977911e-05,-0.013089956088160708,0.14289883250703572,27.660741677382184,18.78945252281535,-64.25
1772748308.6398566,49.24890839890796,2.2755552799990566,-6.248267446879163,-0.2634555593049857,-1.2518853829567367,9.822587567213255,1.866119095977911e-05,-0.013089956088160708,0.14289883250703572,27.660741677382184,18.78945252281535,-64.25
1772748308.699887,50.086055746769084,2.26417023986498,-6.258430238464658,-0.19933641775747962,-1.1929912410121088,9.79328973891174,-0.009800360974407398,-0.012013122307367148,0.1407171709420428,28.037256006914244,17.727488206250513,-63.5
1772748308.7296934,50.086055746769084,2.26417023986498,-6.258430238464658,-0.19933641775747962,-1.1929912410121088,9.79328973891174,-0.009800360974407398,-0.012013122307367148,0.1407171709420428,28.037256006914244,17.727488206250513,-63.5
1772748308.7592359,50.355252199488774,2.27248237436416,-6.255931708421606,-0.1689230111395011,-1.1652818235754625,9.735322385472543,-0.01090052124390068,-0.005469699362533443,0.10799224746714914,28.037256006914244,17.727488206250513,-63.5
1772748308.7799613,50.65711120996769,2.2576011808866223,-6.249101826162288,-0.1486450781782583,-1.173602382270454,9.696745759296522,-0.0032522727318337495,-0.014185451059914044,0.15271630954950383,28.03627590005512,18.4149875076251,-62.6875
1772748308.7992437,50.65711120996769,2.2576011808866223,-6.249101826162288,-0.1486450781782583,-1.173602382270454,9.696745759296522,-0.0032522727318337495,-0.014185451059914044,0.15271630954950383,28.03627590005512,18.4149875076251,-62.6875
1772748308.8261135,50.87551052415329,2.262637459001784,-6.279269130030876,-0.13515034031190465,-1.17913962113524,9.651002775261615,-0.01962560353676117,-0.006572969830520022,0.1265363707695889,28.03627590005512,18.4149875076251,-62.6875
1772748308.8608623,50.87551052415329,2.262637459001784,-6.279269130030876,-0.13515034031190465,-1.17913962113524,9.651002775261615,-0.01962560353676117,-0.006572969830520022,0.1265363707695889,28.03627590005512,18.4149875076251,-62.6875
1772748308.9214716,51.7795996806129,2.2271775631470736,-6.294651624144509,-0.22607066982116975,-1.1687022630398272,9.6036480005535,-0.003266268625053584,-0.004367983993793513,0.12435470920459599,28.723775201429707,18.415967614484227,-62.25
1772748308.9853733,52.073686710379086,2.2402011833541433,-6.282473996537341,-0.2502332645031706,-1.1759692541930293,9.682710384593182,1.710609171313085e-05,-0.011999126414147314,0.11780972450961724,26.973242376007597,18.788472415956225,-61.5
1772748309.0070362,52.073686710379086,2.2402011833541433,-6.282473996537341,-0.2502332645031706,-1.1759692541930293,9.682710384593182,1.710609171313085e-05,-0.011999126414147314,0.11780972450961724,26.973242376007597,18.788472415956225,-61.5
1772748309.0320177,52.412008036261575,2.2463999444668263,-6.266700842275248,-0.2294836281889748,-1.2041686567135426,9.64500750188927,-0.009803471172900695,-0.009831462959340363,0.13962634015954636,26.973242376007597,18.788472415956225,-61.5
1772748309.0467718,52.412008036261575,2.2463999444668263,-6.266700842275248,-0.2294836281889748,-1.2041686567135426,9.64500750188927,-0.009803471172900695,-0.009831462959340363,0.13962634015954636,26.973242376007597,18.788472415956225,-61.5
1772748309.0848033,52.86859140798326,2.2649427682614465,-6.260416395147945,-0.242435843475108,-1.2229731946799685,9.676783553643041,-0.0010768337807935578,-0.009819022165367178,0.14944381720201447,28.03627590005512,18.4149875076251,-61.0625
1772748309.126447,52.987623031454376,2.2683941857012826,-6.251993113627204,-0.2511221616070383,-1.1886558883231126,9.65109859722095,-0.009811246669133937,-0.004377314589273403,0.10362892433716332,28.03627590005512,18.4149875076251,-61.0625
1772748309.174113,53.325402157860495,2.2209984073525195,-6.254553490282496,-0.25690280929130666,-1.1658181042920555,9.680837109544282,0.008753074079300158,-0.01853166366425448,0.11999138607461016,28.474310059216652,18.040611593058404,-61.0625
1772748309.1906483,53.325402157860495,2.2209984073525195,-6.254553490282496,-0.25690280929130666,-1.1658181042920555,9.680837109544282,0.008753074079300158,-0.01853166366425448,0.11999138607461016,28.474310059216652,18.040611593058404,-61.0625
1772748309.2229865,53.789575471807744,2.2088676178028197,-6.264530341484708,-0.2632765073801419,-1.1639094599856163,9.775081920289402,-0.016342228819994455,-0.014204112250873823,0.08508480103472356,28.474310059216652,18.040611593058404,-61.0625
1772748309.281006,54.15973780616897,2.2009757660844347,-6.263878105419722,-0.2648960141378918,-1.2162517988306825,9.800142854842383,0.0054790299580133334,-0.017445499287981035,0.1341721862470641,28.47324085173397,18.79061083092159,-59.5
1772748309.3038132,54.413181282066915,2.2086719957166254,-6.262395285694346,-0.2525933445617958,-1.2510659653313423,9.796749956594493,-0.010898966144654033,-0.006560529036546837,0.15926129424448257,28.47324085173397,18.79061083092159,-59.5
1772748309.3174405,54.413181282066915,2.2086719957166254,-6.262395285694346,-0.2525933445617958,-1.2510659653313423,9.796749956594493,-0.010898966144654033,-0.006560529036546837,0.15926129424448257,28.47324085173397,18.79061083092159,-59.5
1772748309.3387573,54.55406055118989,2.2070924560367127,-6.2721936266764775,-0.24443943716109473,-1.25081864608128,9.761040903638484,0.00437109419228681,-0.005447927973080368,0.10581058590215622,28.47324085173397,18.79061083092159,-59.5
1772748309.3783221,54.938970881462126,2.2126922267954745,-6.280485261785204,-0.23902264052028965,-1.2439638412669494,9.717206257548604,6.220396986593037e-06,-0.004363318696053569,0.12326387842209953,28.723240597688363,18.790967233415817,-59.5
1772748309.4186876,55.24250438592626,2.2202985400972315,-6.2876735444941,-0.19197910310667168,-1.2058889674353328,9.68803479024087,-0.015257619542967657,-0.009839238455573605,0.1439896632895322,28.723240597688363,18.790967233415817,-59.5
1772748309.4663699,55.24250438592626,2.2202985400972315,-6.2876735444941,-0.19197910310667168,-1.2058889674353328,9.68803479024087,-0.015257619542967657,-0.009839238455573605,0.1439896632895322,28.723240597688363,18.790967233415817,-59.5
1772748309.5571382,55.63655852839744,2.2327560548453524,-6.292613972907746,-0.1607675309611315,-1.1136483980630876,9.668621504614215,0.002190989943506674,-0.006541867845587057,0.10581058590215622,28.035295793195992,19.102486808999686,-59.5
1772748309.6021678,56.178140978200226,2.2317920120652635,-6.313496882245291,-0.19017320297551546,-1.05233486190989,9.719259302329354,2.177138945307563e-05,-0.015271615436187491,0.1341721862470641,28.035295793195992,19.102486808999686,-59.5
1772748309.6290038,56.178140978200226,2.2317920120652635,-6.313496882245291,-0.19017320297551546,-1.05233486190989,9.719259302329354,2.177138945307563e-05,-0.015271615436187491,0.1341721862470641,28.035295793195992,19.102486808999686,-59.5
1772748309.6500552,56.55611161933746,2.2623186986264825,-6.309579975831152,-0.2096278974272364,-1.09181398791083,9.752958191047513,-0.011986685620174128,-0.008743743483820269,0.07417649320975901,28.723240597688363,18.790967233415817,-57.5
1772748309.6716802,56.73094634680693,2.278129874112883,-6.30286179880648,-0.18906647028543724,-1.1581805167043917,9.70513707919449,0.007638917916587042,-0.0021707736533002468,0.10690141668465268,28.723240597688363,18.790967233415817,-57.5
1772748309.6887422,56.73094634680693,2.278129874112883,-6.30286179880648,-0.18906647028543724,-1.1581805167043917,9.70513707919449,0.007638917916587042,-0.0021707736533002468,0.10690141668465268,28.723240597688363,18.790967233415817,-57.5
1772748309.7176716,56.91220840967212,2.288047344134781,-6.2991076674752335,-0.17544029610424677,-1.1622054005568958,9.673312663453123,0.002187879745013377,-0.0043602084975602725,0.09926560120717749,29.534670564557466,19.542124779385244,-57.5
1772748309.7388031,57.118552000300696,2.2993766549438446,-6.294943965779861,-0.2533688895340904,-1.1482823636996802,9.725726327840288,0.0032895951137533077,-0.01199446111640737,0.12435470920459599,29.534670564557466,19.542124779385244,-57.5
1772748309.8351583,57.47968000465825,2.2941089669629036,-6.285628098080622,-0.3052342667668477,-1.13567162989364,9.760607035990951,0.009829907860093716,-0.008712641498887303,0.1090830782496456,27.6602961742644,19.101952205258346,-57.0625
1772748309.9140701,57.82991138795314,2.3132912149879035,-6.278527193795084,-0.3297100021921708,-1.1306101292510513,9.673431071280637,-0.0032647135258069356,-0.005458813667806906,0.08072147790473774,27.6602961742644,19.101952205258346,-57.0625
1772748309.9378357,58.33516657192884,2.3069698353866404,-6.279189204159312,-0.21895574736832576,-1.0768839171572344,9.615416440585257,-0.0032584931288203427,-0.009822132363860474,0.17453292519943295,28.472795348616184,19.103110513364584,-57.0625
1772748309.9533846,58.33516657192884,2.3069698353866404,-6.279189204159312,-0.21895574736832576,-1.0768839171572344,9.615416440585257,-0.0032584931288203427,-0.009822132363860474,0.17453292519943295,28.472795348616184,19.103110513364584,-57.0625
1772748309.976707,58.469019442061786,2.326471165434611,-6.269513501500005,-0.2590170922360884,-1.0178761050505936,9.57680835192337,-0.004358653398313624,-0.0032787094190267698,0.06435901616729091,28.472795348616184,19.103110513364584,-57.0625
1772748309.9941285,58.469019442061786,2.326471165434611,-6.269513501500005,-0.2590170922360884,-1.0178761050505936,9.57680835192337,-0.004358653398313624,-0.0032787094190267698,0.06435901616729091,28.472795348616184,19.103110513364584,-57.0625
1772748310.0217495,58.648109578496324,2.326819996984763,-6.263422113615432,-0.19870465372107224,-0.9784830758138555,9.597946664101965,-0.0032584931288203427,-0.009822132363860474,0.08290313946973066,29.536274375781492,18.417125922590465,-57.5
1772748310.0495365,59.00867474630997,2.330839407588398,-6.2567492446421396,-0.24517301613734443,-1.209964784067823,9.678916208872788,-0.0010566174905871305,-0.023999807927541274,0.18216874067690814,29.536274375781492,18.417125922590465,-57.5
1772748310.1041324,59.30680828943569,2.3314794973855673,-6.251504780987149,-0.3028580587043588,-1.3640514256877174,9.732800536428691,-0.01416212457121432,-0.013110172378367134,0.1090830782496456,29.160740153108556,18.791590937780718,-55.875
1772748310.1245897,59.30680828943569,2.3314794973855673,-6.251504780987149,-0.3028580587043588,-1.3640514256877174,9.732800536428691,-0.01416212457121432,-0.013110172378367134,0.1090830782496456,29.160740153108556,18.791590937780718,-55.875
1772748310.1872656,59.58881817575388,2.3433906700909817,-6.239699576029309,-0.34165216024158546,-1.182260158238756,9.698412608636058,-0.008711086399640655,-0.010920737534107107,0.09053895494720585,29.160740153108556,18.791590937780718,-55.875
1772748310.2179863,59.99403270748308,2.3351439272611425,-6.248912245253272,-0.3607789848399495,-1.061270562843742,9.675527826828384,-0.013074405095694226,-0.010926957931093701,0.11453723216212788,27.660741677382184,18.78945252281535,-55.0625
1772748310.2907147,61.00922488507588,2.3282920090591346,-6.210146338306879,-0.29315354118635656,-1.0308155114808606,9.66698848358978,0.003284929816013363,-0.008721972094367193,0.10799224746714914,27.660741677382184,18.78945252281535,-55.0625
1772748310.3362253,60.847287507651075,2.291405613671025,-6.243603805743814,-0.2180616574649741,-1.094044723473738,9.754532020669657,0.014191671456900637,-0.007615591427887318,0.11126473981463851,28.72217139020568,19.540966471279003,-53.875
1772748310.4203436,61.175053264407936,2.26709590437607,-6.262029479947541,-0.21812818330817565,-1.1362826699183948,9.732945338885752,0.005485250354999927,-0.0218088179840346,0.11671889372712078,28.723775201429707,18.415967614484227,-54.25
1772748310.5095491,61.834913358259456,2.26586883285077,-6.254764550702944,-0.26380974840798566,-1.2400296739655776,9.7257331719026,-0.017461050280447515,0.005429266782120589,0.06872233929727672,28.72279509457058,19.103466915858814,-54.6875
1772748310.5328228,61.834913358259456,2.26586883285077,-6.254764550702944,-0.26380974840798566,-1.2400296739655776,9.7257331719026,-0.017461050280447515,0.005429266782120589,0.06872233929727672,28.72279509457058,19.103466915858814,-54.6875
1772748310.5848954,62.05530791864261,2.2562587698454366,-6.255136213298758,-0.2785836250712936,-1.3003791092950934,9.790717596003843,0.0022127613329597493,-0.021813483281774546,0.07963064712224129,28.72279509457058,19.103466915858814,-54.6875
1772748310.6025746,62.35795421039443,2.2331546025517874,-6.264754162103817,-0.2917605832637848,-1.340545753184145,9.833964004319636,0.004402196177219775,-0.027264521453348213,0.07308566242726255,29.160740153108556,18.791590937780718,-53.875
1772748310.6375065,62.50581067476348,2.2269114028119956,-6.2787356941707495,-0.2471367270802527,-1.2768819804894729,9.835983112301207,-0.015252954245227712,-0.013111727477613784,0.09381144729469522,29.160740153108556,18.791590937780718,-53.875
1772748310.763859,63.2697765447004,2.242151381965579,-6.247341799191056,-0.19418699070554932,-1.2832520049970129,9.765794818970901,0.012008457009627204,-0.006527871952367223,0.12544553998709243,28.47181524175706,19.79060981473917,-52.6875
1772748310.8241675,63.703710325319086,2.2532052230658484,-6.205206271667874,-0.1988184497752239,-1.3157149662928986,9.74713082875617,0.004364873795300217,-0.0010846092770267991,0.1308996938995747,29.971813717483432,19.792748229704536,-51.875
1772748310.8517008,63.703710325319086,2.2532052230658484,-6.205206271667874,-0.1988184497752239,-1.3157149662928986,9.74713082875617,0.004364873795300217,-0.0010846092770267991,0.1308996938995747,29.971813717483432,19.792748229704536,-51.875
