timestamp,yaw,pitch,roll,ax,ay,az,gx,gy,gz,mx,my,mz
1772919169.9312172,-0.07205411372883383,1.1448005070210325,-7.202837021826338,-0.18791961854150893,-1.2078457217686729,9.488726118260184,-0.001090830782496456,0.001090830782496456,-0.002181661564992912,-12.0625,-9.0,-25.1875
1772919169.950134,-0.07205411372883383,1.1448005070210325,-7.202837021826338,-0.1919606410860772,-1.2186016870238745,9.582815373737287,-0.001090830782496456,0.003272492347489368,0.0,-12.0625,-9.0,-25.1875
1772919169.964004,-0.07205411372883383,1.1448005070210325,-7.202837021826338,-0.1919606410860772,-1.2186016870238745,9.582815373737287,-0.001090830782496456,0.003272492347489368,0.0,-12.0625,-9.0,-25.1875
1772919169.9788768,-0.07205411372883383,1.1448005070210325,-7.202837021826338,-0.19130478474098836,-1.2257596617492066,9.645430722211447,-0.004363323129985824,0.002181661564992912,0.001090830782496456,-12.0625,-9.0,-25.1875
1772919170.020619,-0.07205411372883383,1.1448005070210325,-7.202837021826338,-0.19130478474098836,-1.2257596617492066,9.645430722211447,-0.004363323129985824,0.002181661564992912,0.001090830782496456,-12.0625,-9.0,-25.1875
1772919170.0341218,-0.07205411372883383,1.1448005070210325,-7.202837021826338,-0.19130478474098836,-1.2257596617492066,9.645430722211447,-0.004363323129985824,0.002181661564992912,0.001090830782496456,-12.0625,-9.0,-25.1875
1772919170.0491464,-0.06493265199834744,1.1452390073484677,-7.188694762232746,-0.19086831966972717,-1.227178102261779,9.687100537161728,-0.002181661564992912,0.003272492347489368,-0.003272492347489368,-12.75,-8.5625,-23.5625
1772919170.061867,-0.06493265199834744,1.1452390073484677,-7.188694762232746,-0.19086831966972717,-1.227178102261779,9.687100537161728,-0.002181661564992912,0.003272492347489368,-0.003272492347489368,-12.75,-8.5625,-23.5625
1772919170.079923,-0.06493265199834744,1.1452390073484677,-7.188694762232746,-0.19392296874775655,-1.2281220585778772,9.69476066328489,0.003272492347489368,0.002181661564992912,0.003272492347489368,-12.75,-8.5625,-23.5625
1772919170.0966845,-0.06493265199834744,1.1452390073484677,-7.188694762232746,-0.19392296874775655,-1.2281220585778772,9.69476066328489,0.003272492347489368,0.002181661564992912,0.003272492347489368,-12.75,-8.5625,-23.5625
1772919170.1082137,-0.06493265199834744,1.1452390073484677,-7.188694762232746,-0.1959558035865191,-1.2287502509615575,9.69985839165064,-0.003272492347489368,0.003272492347489368,0.0,-12.75,-9.1875,-24.0
1772919170.1254976,-0.06493265199834744,1.1452390073484677,-7.188694762232746,-0.1959558035865191,-1.2287502509615575,9.69985839165064,-0.003272492347489368,0.003272492347489368,0.0,-12.75,-9.1875,-24.0
1772919170.1435213,-0.06500267537989125,1.1452394343205816,-7.195731103570482,-0.19396352075614312,-1.2325134176828474,9.723321543176604,0.0,0.002181661564992912,-0.001090830782496456,-12.75,-9.1875,-24.0
1772919170.1564956,-0.06500267537989125,1.1452394343205816,-7.195731103570482,-0.19396352075614312,-1.2325134176828474,9.723321543176604,0.0,0.002181661564992912,-0.001090830782496456,-12.75,-9.1875,-24.0
1772919170.1719682,-133.72863130000493,1.141476104576122,-7.192648616386611,-0.19263767878778534,-1.235017763098539,9.738936008416559,-0.002181661564992912,0.002181661564992912,0.001090830782496456,-12.0625,-9.1875,-22.75
1772919170.195603,-133.72863130000493,1.141476104576122,-7.192648616386611,-0.19263767878778534,-1.235017763098539,9.738936008416559,-0.002181661564992912,0.002181661564992912,0.001090830782496456,-12.0625,-9.1875,-22.75
1772919170.2367165,-133.69170071556235,1.1438470785950143,-7.1923317547177845,-0.19175534576846848,-1.2366843769973106,9.752672372316061,0.0,0.004363323129985824,-0.003272492347489368,-12.0625,-9.1875,-22.75
1772919170.255458,-133.69170071556235,1.1438470785950143,-7.1923317547177845,-0.19175534576846848,-1.2366843769973106,9.752672372316061,0.0,0.004363323129985824,-0.003272492347489368,-12.0625,-9.1875,-22.75
1772919170.273551,-133.7123821079362,1.1424461841110534,-7.192436386895304,-0.19451327470773813,-1.2377934899296459,9.761813769045942,0.0,0.0,0.001090830782496456,-12.0625,-8.5,-22.75
1772919170.2936335,-133.7123821079362,1.1424461841110534,-7.192436386895304,-0.1930035339014178,-1.231841368781873,9.767897266453584,-0.001090830782496456,0.0,0.0,-12.0625,-8.5,-22.75
1772919170.3149555,-133.7123821079362,1.1424461841110534,-7.192436386895304,-0.1930035339014178,-1.231841368781873,9.767897266453584,-0.001090830782496456,0.0,0.0,-12.0625,-8.5,-22.75
1772919170.3513577,-133.67988643258596,1.1443863441638118,-7.192011927317464,-0.19534392996704086,-1.22788029864758,9.768600654313932,0.0,0.002181661564992912,0.0,-12.375,-8.875,-22.5
1772919170.377627,-133.67988643258596,1.1443863441638118,-7.192011927317464,-0.19534392996704086,-1.22788029864758,9.768600654313932,0.0,0.002181661564992912,0.0,-12.375,-8.875,-22.5
1772919170.3937955,-133.6592098298618,1.145787239595157,-7.191907294944313,-0.18686610228281778,-1.2319344741358995,9.769068751077636,0.001090830782496456,0.002181661564992912,0.001090830782496456,-12.375,-8.875,-22.5
1772919170.4086952,-133.6592098298618,1.145787239595157,-7.191907294944313,-0.18686610228281778,-1.2319344741358995,9.769068751077636,0.001090830782496456,0.002181661564992912,0.001090830782496456,-12.375,-8.875,-22.5
1772919170.4283352,-133.65478042393877,1.1462180545729066,-7.192014892606688,-0.19125953778446594,-1.2346324826352686,9.7693802642449,-0.001090830782496456,0.003272492347489368,0.0,-12.0625,-8.875,-22.375
1772919170.5127735,-133.69613381808338,1.143416263973524,-7.192224157205586,-0.19083820832560314,-1.2330828654455495,9.769587572777883,0.0,-0.001090830782496456,0.0,-12.0625,-8.875,-22.375
1772919170.5416074,-133.69613381808338,1.143416263973524,-7.192224157205586,-0.19083820832560314,-1.2330828654455495,9.769587572777883,0.0,-0.001090830782496456,0.0,-12.0625,-8.875,-22.375
1772919170.5664153,-133.72863130000493,1.141476104576122,-7.192648616386611,-0.19055781827728838,-1.2320516125161496,9.769725534290796,0.001090830782496456,0.004363323129985824,0.0,-11.375,-9.1875,-22.375
1772919170.584164,-133.72863130000493,1.141476104576122,-7.192648616386611,-0.19055781827728838,-1.2320516125161496,9.769725534290796,0.001090830782496456,0.004363323129985824,0.0,-11.375,-9.1875,-22.375
1772919170.6180055,-133.67988643258596,1.1443863441638118,-7.192011927317464,-0.19037122183229696,-1.231365325211484,9.773162457843826,-0.001090830782496456,0.002181661564992912,-0.002181661564992912,-11.375,-9.1875,-22.375
1772919170.6340826,-133.67988643258596,1.1443863441638118,-7.192011927317464,-0.19037122183229696,-1.231365325211484,9.773162457843826,-0.001090830782496456,0.002181661564992912,-0.002181661564992912,-11.375,-9.1875,-22.375
1772919170.65567,-133.60575826125245,1.1427130414349171,-7.1941377115103595,-0.19024704398257405,-1.2342537203838801,9.772104580368097,0.0,0.0,0.001090830782496456,-11.6875,-8.875,-22.75
1772919170.6947484,-133.60575826125245,1.1427130414349171,-7.1941377115103595,-0.19350951671806033,-1.2294856916909827,9.774745686432585,-0.001090830782496456,0.002181661564992912,0.0,-11.6875,-8.875,-22.75
1772919170.7343776,-133.60575826125245,1.1427130414349171,-7.1941377115103595,-0.19350951671806033,-1.2294856916909827,9.774745686432585,-0.001090830782496456,0.002181661564992912,0.0,-11.6875,-8.875,-22.75
1772919170.7865055,-133.5895184931565,1.1436835483594208,-7.193926329821543,-0.19568065587931804,-1.2330028452728685,9.769813089600774,0.001090830782496456,0.002181661564992912,-0.001090830782496456,-11.375,-8.1875,-21.1875
1772919170.8162785,-133.5895184931565,1.1436835483594208,-7.193926329821543,-0.19712552473792147,-1.2319983599851143,9.77322072492456,-0.002181661564992912,-0.001090830782496456,0.0,-11.375,-8.1875,-21.1875
1772919170.880956,-133.5570417137018,1.1456245631932551,-7.19350356585331,-0.19474195711575998,-1.2346749979542693,9.768798244752121,0.0,-0.001090830782496456,0.0,-11.6875,-8.1875,-21.5625
1772919170.9027739,-133.5570417137018,1.1456245631932551,-7.19350356585331,-0.19315571948940646,-1.2364562706227367,9.765855133599702,0.0,0.001090830782496456,-0.002181661564992912,-11.6875,-8.1875,-21.5625
1772919170.9179265,-133.5570417137018,1.1456245631932551,-7.19350356585331,-0.19315571948940646,-1.2364562706227367,9.765855133599702,0.0,0.001090830782496456,-0.002181661564992912,-11.6875,-8.1875,-21.5625
1772919170.9349813,-133.5570417137018,1.1456245631932551,-7.19350356585331,-0.19315571948940646,-1.2364562706227367,9.765855133599702,0.0,0.001090830782496456,-0.002181661564992912,-11.6875,-8.1875,-21.5625
1772919170.979775,-133.52015191773643,1.147996394587496,-7.193188822227342,-0.18875498436118412,-1.237641687685482,9.763896526004475,-0.001090830782496456,0.0,0.001090830782496456,-12.375,-8.5,-24.375
1772919171.007518,-133.74961759645484,1.146493878666031,-7.190001893245496,-0.189171456000104,-1.2350854577914436,9.76593820623625,0.0,-0.001090830782496456,0.0,-12.375,-8.5,-24.375
1772919171.0241377,-133.72863130000493,1.141476104576122,-7.192648616386611,-0.1894486132235121,-1.23338431535192,9.767296921623434,0.0,0.002181661564992912,-0.002181661564992912,-11.375,-8.1875,-20.75
1772919171.0453615,-133.72863130000493,1.141476104576122,-7.192648616386611,-0.1894486132235121,-1.23338431535192,9.767296921623434,0.0,0.002181661564992912,-0.002181661564992912,-11.375,-8.1875,-20.75
1772919171.0874734,-133.67545481921715,1.144817158930976,-7.192119524930249,-0.19297816996696057,-1.232252224061423,9.76820113153576,-0.001090830782496456,0.002181661564992912,-0.002181661564992912,-11.375,-8.1875,-20.75
1772919171.1054356,-133.67545481921715,1.144817158930976,-7.192119524930249,-0.19297816996696057,-1.232252224061423,9.76820113153576,-0.001090830782496456,0.002181661564992912,-0.002181661564992912,-11.375,-8.1875,-20.75
1772919171.1490645,-133.6592098298618,1.145787239595157,-7.191907294944313,-0.1919819388446739,-1.2314988299538858,9.768802873131726,0.0,0.001090830782496456,0.0,-11.6875,-8.5,-22.0
1772919171.2004254,-133.6473943832112,1.146326505528953,-7.191587466946031,-0.19131895816142294,-1.2343425662986027,9.769203325441946,0.0,0.001090830782496456,-0.001090830782496456,-12.0625,-8.5,-22.75
1772919171.2504356,-133.58509581600927,1.1441143630210362,-7.194034350548841,-0.18753264021537952,-1.2362350410693954,9.769469821981053,-0.002181661564992912,0.001090830782496456,-0.001090830782496456,-12.0625,-8.5,-22.75
1772919171.2850606,-133.58509581600927,1.1441143630210362,-7.194034350548841,-0.18753264021537952,-1.2362350410693954,9.769469821981053,-0.002181661564992912,0.001090830782496456,-0.001090830782496456,-12.0625,-8.5,-22.75
1772919171.3159933,-133.46674583013638,1.1449268907502002,-7.195429936827454,-0.18668113261927455,-1.2383325923758437,9.773110308914713,0.001090830782496456,0.001090830782496456,-0.001090830782496456,-11.6875,-7.75,-23.1875
1772919171.3323746,-133.46674583013638,1.1449268907502002,-7.195429936827454,-0.18668113261927455,-1.2383325923758437,9.773110308914713,0.001090830782496456,0.001090830782496456,-0.001090830782496456,-11.6875,-7.75,-23.1875
1772919171.3482256,-133.46674583013638,1.1449268907502002,-7.195429936827454,-0.18779133083230506,-1.2355452471449682,9.775414987545634,0.001090830782496456,0.0,-0.002181661564992912,-11.6875,-7.75,-23.1875
1772919171.361119,-133.46674583013638,1.1449268907502002,-7.195429936827454,-0.18853015534135023,-1.2303451883231875,9.780293837136885,0.0,-0.001090830782496456,0.002181661564992912,-11.6875,-8.5,-23.1875
1772919171.3735385,-133.46674583013638,1.1449268907502002,-7.195429936827454,-0.18853015534135023,-1.2303451883231875,9.780293837136885,0.0,-0.001090830782496456,0.002181661564992912,-11.6875,-8.5,-23.1875
1772919171.3856978,-133.46674583013638,1.1449268907502002,-7.195429936827454,-0.18902183479890924,-1.230229718973075,9.773505321917582,0.0,-0.001090830782496456,-0.001090830782496456,-11.6875,-8.5,-23.1875
1772919171.3974268,-133.46674583013638,1.1449268907502002,-7.195429936827454,-0.19269415369281473,-1.2301528754104525,9.772332752579139,0.0,-0.001090830782496456,-0.001090830782496456,-11.6875,-8.5,-23.1875
1772919171.4146717,-133.46674583013638,1.1449268907502002,-7.195429936827454,-0.19269415369281473,-1.2301528754104525,9.772332752579139,0.0,-0.001090830782496456,-0.001090830782496456,-11.6875,-8.5,-23.1875
1772919171.4364126,-133.47856381921062,1.144386771135799,-7.195748914643622,-0.1917929291868995,-1.2334468485852452,9.771552420782863,0.0,0.001090830782496456,0.0,-11.375,-8.875,-22.0
1772919171.45786,-133.47856381921062,1.144386771135799,-7.195748914643622,-0.1878480626382309,-1.2356389509369785,9.771033118689319,0.0,0.0,0.0,-11.375,-8.875,-22.0
1772919171.4849737,-133.47856381921062,1.144386771135799,-7.195748914643622,-0.1852227980171387,-1.23375265885735,9.774032640654369,0.0,-0.002181661564992912,0.002181661564992912,-11.375,-8.875,-22.0
1772919171.5001779,-133.47856381921062,1.144386771135799,-7.195748914643622,-0.1852227980171387,-1.23375265885735,9.774032640654369,0.0,-0.002181661564992912,0.002181661564992912,-11.375,-8.875,-22.0
1772919171.5224807,-133.48297605568422,1.1439559564332797,-7.19564047070862,-0.18682082544524858,-1.2324973525496203,9.776028789015253,0.0,0.0,0.002181661564992912,-11.6875,-8.5,-22.5
1772919171.5530002,-133.48297605568422,1.1439559564332797,-7.19564047070862,-0.18682082544524858,-1.2324973525496203,9.776028789015253,0.0,0.0,0.002181661564992912,-11.6875,-8.5,-22.5
1772919171.5766895,-133.48297605568422,1.1439559564332797,-7.19564047070862,-0.18788429484751967,-1.2316619602245165,9.777357203450984,0.0,-0.003272492347489368,0.0,-11.6875,-8.5,-22.5
1772919171.5975773,-133.47856381921062,1.144386771135799,-7.195748914643622,-0.18859202185499946,-1.234451127671423,9.774896136711282,-0.001090830782496456,-0.002181661564992912,0.001090830782496456,-12.75,-9.25,-23.25
1772919171.6336515,-133.47115728844415,1.1444960759665501,-7.195321492740009,-0.18906300627264858,-1.2363072874502974,9.773258324287928,0.001090830782496456,0.0,0.0,-12.75,-9.25,-23.25
1772919171.6635814,-133.47115728844415,1.1444960759665501,-7.195321492740009,-0.18906300627264858,-1.2363072874502974,9.773258324287928,0.001090830782496456,0.0,0.0,-12.75,-9.25,-23.25
1772919171.6896462,-133.46674583013638,1.1449268907502002,-7.195429936827454,-0.18937644114135338,-1.2375425410484748,9.77216837841575,0.0,0.001090830782496456,0.0,-12.0625,-8.875,-22.75
1772919171.7212903,-133.48297605568422,1.1439559564332797,-7.19564047070862,-0.18958502854517953,-1.2350194768120557,9.774788143320626,0.0,0.001090830782496456,-0.002181661564992912,-12.0625,-8.875,-22.75
1772919171.7607763,-133.48297605568422,1.1439559564332797,-7.19564047070862,-0.18637872942503247,-1.233340405747193,9.77653156760013,-0.001090830782496456,0.0,0.0,-11.0,-8.5,-22.75
1772919171.7942388,-133.48297605568422,1.1439559564332797,-7.19564047070862,-0.18424497317728258,-1.2322230027099799,9.777691796982815,0.002181661564992912,0.0,0.001090830782496456,-11.0,-8.5,-22.75
1772919171.82647,-133.48297605568422,1.1439559564332797,-7.19564047070862,-0.18424497317728258,-1.2322230027099799,9.777691796982815,0.002181661564992912,0.0,0.001090830782496456,-11.0,-8.5,-22.75
1772919171.848598,-133.48297605568422,1.1439559564332797,-7.19564047070862,-0.1861700939373435,-1.2314793834709241,9.775118804969061,0.002181661564992912,-0.001090830782496456,0.001090830782496456,-12.0625,-9.1875,-22.5
1772919171.8644218,-133.48297605568422,1.1439559564332797,-7.19564047070862,-0.18745124029815607,-1.2276394014667844,9.773406507526111,0.0,-0.001090830782496456,-0.001090830782496456,-12.0625,-9.1875,-22.5
1772919171.8923538,-133.51102407616622,1.1424449031959587,-7.19616998161869,-0.18830382888993427,-1.2250839363384392,9.775612104412764,0.0,0.0,-0.001090830782496456,-12.0625,-9.1875,-22.5
1772919171.9434793,-133.51543930064378,1.1420140887848098,-7.196061537884929,-0.18924880757189486,-1.2222515502473428,9.77136648565151,0.001090830782496456,0.0,0.0,-11.375,-9.25,-23.25
1772919172.0306137,-133.51543930064378,1.1420140887848098,-7.196061537884929,-0.18924880757189486,-1.2222515502473428,9.77136648565151,0.001090830782496456,0.0,0.0,-11.375,-9.25,-23.25
1772919172.0533192,-133.62199894541732,1.1417425348383174,-7.194349093002302,-0.18950008983046526,-1.2214983815381424,9.767564269229116,0.0,0.0,0.001090830782496456,-10.5625,-8.875,-22.5
1772919172.1041512,-133.54820304531464,1.1464861931646244,-7.193719607658907,-0.18966731536653714,-1.217652044468296,9.765033936673552,0.0,0.0,-0.001090830782496456,-10.5625,-8.875,-22.5
1772919172.1422298,-133.6264253225258,1.1413117205324341,-7.194241072424804,-0.18985266216590932,-1.218960148297258,9.77671701069637,0.001090830782496456,-0.002181661564992912,0.001090830782496456,-11.0,-8.875,-23.5625
1772919172.2589715,-133.6264253225258,1.1413117205324341,-7.194241072424804,-0.1899019483172841,-1.21930799030773,9.781160318999147,0.001090830782496456,-0.002181661564992912,-0.001090830782496456,-12.375,-9.5625,-22.75
1772919172.3006597,-133.67988643258596,1.1443863441638118,-7.192011927317464,-0.18993474770046165,-1.219539475280049,9.787462402746959,0.0,-0.001090830782496456,0.0,-12.0625,-10.0,-23.5625
1772919172.3552115,-133.67988643258596,1.1443863441638118,-7.192011927317464,-0.18995657532357318,-1.2230386376505902,9.781621033960281,0.0,0.0,0.0,-12.0625,-10.0,-23.5625
1772919172.4140599,-133.77768229885604,1.1449853859240318,-7.190535223760687,-0.18997110136292336,-1.2253672911199804,9.777733668285112,0.0,-0.1407171709420428,0.0,-11.6875,-10.0,-22.5
1772919172.4939895,-133.77768229885604,1.1449853859240318,-7.190535223760687,-0.18997110136292336,-1.2253672911199804,9.777733668285112,0.0,-0.1407171709420428,0.0,-11.6875,-10.0,-22.5
1772919172.577961,-133.7123821079362,1.1424461841110534,-7.192436386895304,-0.1955584476862631,-1.231293398992939,9.773425051295106,-0.001090830782496456,0.001090830782496456,0.002181661564992912,-12.375,-8.875,-22.75
1772919172.7291782,-0.04361311393066091,1.143433794648755,-7.192334145172004,1.0266958855325117,0.7118138695338451,9.772279333376563,0.0015785014290927812,0.0015059815478681566,0.0,14.21779710736138,-2.588803133478174,-22.75
1772919173.2778585,-0.05919567675028172,1.1424453413231301,-7.192431094574726,1.0280132560920545,0.7171804904513204,9.78270853486208,0.002367752143639172,0.002258972321802235,0.001090830782496456,14.692372234307213,-3.086231217611293,-23.1875
1772919173.4113102,-0.05919567675028172,1.1424453413231301,-7.192431094574726,1.0297290148822325,0.7162993280543372,9.78230670065181,0.0015785014290927812,0.0015059815478681566,0.001090830782496456,14.715225191494499,-2.11422800653234,-23.5625
1772919173.5094602,-0.05919567675028172,1.1424453413231301,-7.192431094574726,1.024422008067334,0.7124139045870118,9.778189971808926,0.0,0.0,-0.001090830782496456,14.747980677040808,-2.601268382853058,-22.5
1772919173.615628,-0.05919567675028172,1.1424453413231301,-7.192431094574726,1.0171144245822463,0.7144475146376452,9.776972248599789,0.001542241488480469,-3.6259940612312275e-05,0.0,14.21779710736138,-2.588803133478174,-22.75
1772919173.659352,-0.05919567675028172,1.1424453413231301,-7.192431094574726,1.0161383328745497,0.7159109388202162,9.777985065265359,-0.0007529907739340783,0.0007892507145463906,0.001090830782496456,14.21779710736138,-2.588803133478174,-22.75
1772919173.730742,-0.05919567675028172,1.1424453413231301,-7.192431094574726,1.0202181501226377,0.7167736375285482,9.775313971735072,0.0,0.0,0.0,14.489121516888535,-2.329943973325901,-22.5
1772919173.802414,-0.05919567675028172,1.1424453413231301,-7.192431094574726,1.0202181501226377,0.7167736375285482,9.775313971735072,0.0,0.0,0.0,14.489121516888535,-2.329943973325901,-22.5
1772919173.8594284,-0.05919567675028172,1.1424453413231301,-7.192431094574726,1.0180926338131446,0.7127295522437153,9.773536388828736,-0.0007892507145463906,-0.0007529907739340783,0.0,14.489121516888535,-2.329943973325901,-22.5
1772919173.939979,-0.05919567675028172,1.1424453413231301,-7.192431094574726,1.0237987347011852,0.7159387960869896,9.761542664424061,0.0,0.0,-0.001090830782496456,14.21779710736138,-2.588803133478174,-22.75
1772919174.0013273,-0.05919567675028172,1.1424453413231301,-7.192431094574726,1.0253160619659683,0.7167921762283999,9.761026625941522,0.001542241488480469,-3.6259940612312275e-05,0.0,14.250552592907688,-3.075843509798892,-23.25
1772919174.1002302,-0.05919567675028172,1.1424453413231301,-7.192431094574726,1.022966839655006,0.7138922506157359,9.7604546673559,-0.0008255106551587029,-0.0022952322624145475,-0.001090830782496456,14.240650064548664,-1.6167999223992209,-23.5625
1772919174.1681292,-0.05919567675028172,1.1424453413231301,-7.192431094574726,1.0247624451056128,0.7154302230786914,9.760302576046383,0.0007529907739340783,-0.0007892507145463906,0.0,14.240650064548664,-1.6167999223992209,-23.5625
1772919174.208555,-0.05919567675028172,1.1424453413231301,-7.192431094574726,1.0247624451056128,0.7154302230786914,9.760302576046383,0.0007529907739340783,-0.0007892507145463906,0.0,14.240650064548664,-1.6167999223992209,-23.5625
1772919174.2426414,-0.05919567675028172,1.1424453413231301,-7.192431094574726,1.0259574004747642,0.71645372657251,9.76689158439351,-0.0008617705957710153,-0.0038374737508950164,0.0,14.1497234152529,-3.6039495379158395,-23.5625
1772919174.2677903,-0.05919567675028172,1.1424453413231301,-7.192431094574726,1.0243323353676328,0.7148257558952373,9.771276495844479,-0.0008255106551587029,-0.0022952322624145475,-0.002181661564992912,14.1497234152529,-3.6039495379158395,-23.5625
1772919174.3014789,-0.05919567675028172,1.1424453413231301,-7.192431094574726,1.0232508726920038,0.7137423595951364,9.774194605432427,3.625994061231226e-05,0.001542241488480469,0.001090830782496456,14.21779710736138,-2.588803133478174,-23.5625
1772919174.324449,-0.05919567675028172,1.1424453413231301,-7.192431094574726,1.0248402721812282,0.7106010769029734,9.776136574765786,0.0015785014290927812,0.0015059815478681566,-0.001090830782496456,14.21779710736138,-2.588803133478174,-23.5625
1772919174.349797,-0.05919567675028172,1.1424453413231301,-7.192431094574726,1.0258979997865512,0.7085105883617657,9.7740838219566,0.0,0.0,0.001090830782496456,14.21779710736138,-2.588803133478174,-23.5625
1772919174.37154,-0.05919567675028172,1.1424453413231301,-7.192431094574726,1.0258979997865512,0.7085105883617657,9.7740838219566,0.0,0.0,0.001090830782496456,14.21779710736138,-2.588803133478174,-23.5625
1772919174.3879437,-0.05919567675028172,1.1424453413231301,-7.192431094574726,1.0266019056923024,0.7071193915898792,9.772717737892837,0.001542241488480469,-3.6259940612312275e-05,0.001090830782496456,14.747980677040808,-2.601268382853058,-23.5625
1772919174.4102633,-0.05919567675028172,1.1424453413231301,-7.192431094574726,1.029490641766211,0.7085026664980009,9.77515373591588,0.0007892507145463906,0.0007529907739340783,0.0,14.747980677040808,-2.601268382853058,-23.5625
1772919174.4567683,-0.05919567675028172,1.1424453413231301,-7.192431094574726,1.0266836679781994,0.7095344142348121,9.776774865388335,0.0,0.0,-0.001090830782496456,15.22255580398664,-3.098696466986177,-22.75
1772919174.5005748,-0.05919567675028172,1.1424453413231301,-7.192431094574726,1.0248156582782295,0.7102210308282828,9.77785370894305,0.0007529907739340783,-0.0007892507145463906,0.001090830782496456,15.22255580398664,-3.098696466986177,-22.75
1772919174.5393987,-0.05919567675028172,1.1424453413231301,-7.192431094574726,1.0235725186899352,0.7106779665012275,9.775226555569922,0.0023314922030268593,0.000716730833321766,0.0,15.22255580398664,-3.098696466986177,-21.25
1772919174.5600655,-0.05919567675028172,1.1424453413231301,-7.192431094574726,1.0274746185566057,0.7108708583496167,9.776823326054652,0.0007529907739340783,-0.0007892507145463906,-0.001090830782496456,15.22255580398664,-3.098696466986177,-21.25
1772919174.5743062,-0.05919567675028172,1.1424453413231301,-7.192431094574726,1.0274746185566057,0.7108708583496167,9.776823326054652,0.0007529907739340783,-0.0007892507145463906,-0.001090830782496456,15.22255580398664,-3.098696466986177,-21.25
1772919174.5915234,-0.05919567675028172,1.1424453413231301,-7.192431094574726,1.0300714224285634,0.7109992257199768,9.777885958975144,-0.0023314922030268593,-0.000716730833321766,0.002181661564992912,15.22255580398664,-3.098696466986177,-21.25
1772919174.6191158,-0.05919567675028172,1.1424453413231301,-7.192431094574726,1.02707017102125,0.7111958465086433,9.778593129313343,0.0015785014290927812,0.0015059815478681566,0.0,14.770833634228094,-1.629265171774105,-23.5625
1772919174.6637695,-0.05919567675028172,1.1424453413231301,-7.192431094574726,1.02707017102125,0.7111958465086433,9.778593129313343,0.0015785014290927812,0.0015059815478681566,0.0,14.770833634228094,-1.629265171774105,-23.5625
1772919174.6953588,-0.05919567675028172,1.1424453413231301,-7.192431094574726,1.0250728717358577,0.7113266954471027,9.772373519859165,0.001542241488480469,-3.6259940612312275e-05,0.0,14.770833634228094,-1.629265171774105,-23.5625
1772919174.7232952,-0.05919567675028172,1.1424453413231301,-7.192431094574726,1.0250728717358577,0.7113266954471027,9.772373519859165,0.001542241488480469,-3.6259940612312275e-05,0.0,14.770833634228094,-1.629265171774105,-23.5625
1772919174.772101,-0.05919567675028172,1.1424453413231301,-7.192431094574726,1.023743691372724,0.7114137739539691,9.768234439245001,0.0,0.0,0.0,14.21779710736138,-2.588803133478174,-23.5625
1772919174.8062823,-0.05919567675028172,1.1424453413231301,-7.192431094574726,1.0275885320648777,0.7113605299899086,9.768825039040154,-0.0007892507145463906,-0.0007529907739340783,0.001090830782496456,14.21779710736138,-2.588803133478174,-23.5625
1772919174.8550558,-0.05919567675028172,1.1424453413231301,-7.192431094574726,1.030147230595821,0.7113250967266003,9.772563188313715,0.0,0.0,0.001090830782496456,14.974084351646772,-2.385552416059497,-21.5625
1772919174.8694482,-0.05919567675028172,1.1424453413231301,-7.192431094574726,1.030147230595821,0.7113250967266003,9.772563188313715,0.0,0.0,0.001090830782496456,14.974084351646772,-2.385552416059497,-21.5625
1772919174.88563,-0.05919567675028172,1.1424453413231301,-7.192431094574726,1.0295409150665027,0.7137218108424596,9.775050884897407,0.0,0.0,0.0,14.974084351646772,-2.385552416059497,-21.5625
1772919174.9038033,-0.05919567675028172,1.1424453413231301,-7.192431094574726,1.0268283180356035,0.7177370918702884,9.776706419184462,-0.0007892507145463906,-0.0007529907739340783,0.0,14.974084351646772,-2.385552416059497,-21.5625
1772919174.9377449,-0.05919567675028172,1.1424453413231301,-7.192431094574726,1.0273322158323603,0.7179889219839052,9.777808158758967,0.0023314922030268593,0.000716730833321766,0.002181661564992912,14.963696643834368,-2.82737205745902,-22.0
1772919175.0067563,-0.05919567675028172,1.1424453413231301,-7.192431094574726,1.0252472596304194,0.7158474112922643,9.771851130723924,-0.0007892507145463906,-0.0007529907739340783,0.0,14.963696643834368,-2.82737205745902,-22.0
1772919175.0365846,-0.05919567675028172,1.1424453413231301,-7.192431094574726,1.02628003912529,0.7167313606683452,9.771231906818286,-0.0007892507145463906,-0.0007529907739340783,0.0,15.461124727967487,-2.3527969305131866,-22.75
1772919175.055645,-0.05919567675028172,1.1424453413231301,-7.192431094574726,1.0245470477854481,0.7150105182846397,9.770819820226269,-0.0007529907739340783,0.0007892507145463906,-0.001090830782496456,15.461124727967487,-2.3527969305131866,-22.75
1772919175.0743482,-0.05919567675028172,1.1424453413231301,-7.192431094574726,1.0245470477854481,0.7150105182846397,9.770819820226269,-0.0007529907739340783,0.0007892507145463906,-0.001090830782496456,15.461124727967487,-2.3527969305131866,-22.75
1772919175.0911222,-0.05919567675028172,1.1424453413231301,-7.192431094574726,1.023393761407565,0.7138653169013526,9.77054558120259,0.0016147613697050935,0.0030482230363486256,0.001090830782496456,15.461124727967487,-2.3527969305131866,-22.75
1772919175.1078162,-0.05919567675028172,1.1424453413231301,-7.192431094574726,1.023393761407565,0.7138653169013526,9.77054558120259,0.0016147613697050935,0.0030482230363486256,0.001090830782496456,15.461124727967487,-2.3527969305131866,-22.75
1772919175.1411183,-0.05919567675028172,1.1424453413231301,-7.192431094574726,1.0226262622061366,0.7131031981735126,9.770363078195782,0.0007892507145463906,0.0007529907739340783,0.001090830782496456,14.489121516888535,-2.329943973325901,-22.5
1772919175.1686447,-0.05919567675028172,1.1424453413231301,-7.192431094574726,1.022115500061114,0.7125960166735591,9.770241624483443,0.0015785014290927812,0.0015059815478681566,-0.001090830782496456,14.489121516888535,-2.329943973325901,-22.5
1772919175.186212,-0.05919567675028172,1.1424453413231301,-7.192431094574726,1.0217755935591883,0.7122584930509288,9.763470574979971,0.0015059815478681566,-0.0015785014290927812,0.0,15.22255580398664,-3.098696466986177,-22.5
1772919175.250747,-0.05919567675028172,1.1424453413231301,-7.192431094574726,1.0215493895791612,0.712033874850454,9.762309628880308,-0.0007892507145463906,-0.0007529907739340783,-0.001090830782496456,15.22255580398664,-3.098696466986177,-22.5
1772919175.300277,-0.05919567675028172,1.1424453413231301,-7.192431094574726,1.0213988533573173,0.7118843939471878,9.7615370322196,0.001542241488480469,-3.6259940612312275e-05,-0.001090830782496456,14.489121516888535,-2.329943973325901,-24.0
1772919175.319617,-0.05919567675028172,1.1424453413231301,-7.192431094574726,1.0212986731832798,0.7117849160758754,9.764367989479688,-0.0007529907739340783,0.0007892507145463906,0.001090830782496456,14.489121516888535,-2.329943973325901,-24.0
1772919175.3480148,-0.05919567675028172,1.1424453413231301,-7.192431094574726,1.0212986731832798,0.7117849160758754,9.764367989479688,-0.0007529907739340783,0.0007892507145463906,0.001090830782496456,14.489121516888535,-2.329943973325901,-24.0
1772919175.3807251,-0.05919567675028172,1.1424453413231301,-7.192431094574726,1.0236522989533192,0.7140278154828834,9.766251959912411,0.0,0.0,0.001090830782496456,15.245408761173927,-2.1266932559072242,-22.5
1772919175.4060283,-0.05919567675028172,1.1424453413231301,-7.192431094574726,1.0252186106115582,0.7155204399834193,9.77085083289738,-0.0007892507145463906,-0.0007529907739340783,0.002181661564992912,15.245408761173927,-2.1266932559072242,-22.5
1772919175.4285884,-0.05919567675028172,1.1424453413231301,-7.192431094574726,1.0252186106115582,0.7155204399834193,9.77085083289738,-0.0007892507145463906,-0.0007529907739340783,0.002181661564992912,15.245408761173927,-2.1266932559072242,-22.5
1772919175.4629605,-0.05919567675028172,1.1424453413231301,-7.192431094574726,1.0262609735232684,0.7165137649148178,9.7739113314961,0.0,0.0,-0.001090830782496456,14.476656267513652,-2.860127543005331,-23.25
1772919175.4896958,-0.05919567675028172,1.1424453413231301,-7.192431094574726,1.0262609735232684,0.7165137649148178,9.7739113314961,0.0,0.0,-0.001090830782496456,14.476656267513652,-2.860127543005331,-23.25
1772919175.529339,-0.05919567675028172,1.1424453413231301,-7.192431094574726,1.026954654397055,0.7171748115604968,9.775948059125538,0.0008255106551587029,0.0022952322624145475,0.0,14.476656267513652,-2.860127543005331,-23.25
1772919175.5707614,-37.8920060944373,-19.047295989996464,127.92423965896343,1.0274162912696365,0.7176147307188214,9.777303478611191,-3.625994061231226e-05,-0.001542241488480469,-0.001090830782496456,14.715225191494499,-2.11422800653234,-22.5
1772919175.604718,-0.05919567675028172,1.1424453413231301,-7.192431094574726,1.0253032108947424,0.7155983911853414,9.774860383430546,0.0007892507145463906,0.0007529907739340783,0.001090830782496456,14.715225191494499,-2.11422800653234,-22.5
1772919175.643902,-0.05919567675028172,1.1424453413231301,-7.192431094574726,1.0238969795099049,0.714256539749799,9.773234530878987,0.001542241488480469,-3.6259940612312275e-05,0.002181661564992912,14.692372234307213,-3.086231217611293,-22.5
1772919175.6942575,-0.05919567675028172,1.1424453413231301,-7.192431094574726,1.0229611482319294,0.7133635526089082,9.772152544167888,0.0007529907739340783,-0.0007892507145463906,0.0,14.692372234307213,-3.086231217611293,-22.5
1772919175.730797,-0.05919567675028172,1.1424453413231301,-7.192431094574726,1.0229611482319294,0.7133635526089082,9.772152544167888,0.0007529907739340783,-0.0007892507145463906,0.0,14.692372234307213,-3.086231217611293,-22.5
1772919175.7749333,-0.05919567675028172,1.1424453413231301,-7.192431094574726,1.022338362970357,0.7127692796419653,9.771432494098235,-3.625994061231226e-05,-0.001542241488480469,-0.001090830782496456,13.775977465961855,-2.5784154256657725,-22.5
1772919175.8107858,-0.05919567675028172,1.1424453413231301,-7.192431094574726,1.0243442008925234,0.714682898440055,9.770953308820367,-3.625994061231226e-05,-0.001542241488480469,0.001090830782496456,13.775977465961855,-2.5784154256657725,-22.5
1772919175.8487487,-0.05919567675028172,1.1424453413231301,-7.192431094574726,1.0243442008925234,0.714682898440055,9.770953308820367,-3.625994061231226e-05,-0.001542241488480469,0.001090830782496456,13.775977465961855,-2.5784154256657725,-22.5
1772919175.8693273,-0.05919567675028172,1.1424453413231301,-7.192431094574726,1.0280993581798228,0.7182654911927867,9.770634416370797,0.0007892507145463906,0.0007529907739340783,0.0,14.692372234307213,-3.086231217611293,-22.75
1772919175.8840969,-0.05919567675028172,1.1424453413231301,-7.192431094574726,1.030598373406665,0.7206496666495464,9.77042219700787,-0.001542241488480469,3.6259940612312275e-05,-0.001090830782496456,14.692372234307213,-3.086231217611293,-22.75
1772919175.9002478,-0.05919567675028172,1.1424453413231301,-7.192431094574726,1.030598373406665,0.7206496666495464,9.77042219700787,-0.001542241488480469,3.6259940612312275e-05,-0.001090830782496456,14.692372234307213,-3.086231217611293,-22.75
1772919175.9270613,-0.05919567675028172,1.1424453413231301,-7.192431094574726,1.0298411455675238,0.7199272079639093,9.770280967392488,-0.0007892507145463906,-0.0007529907739340783,-0.001090830782496456,14.692372234307213,-3.086231217611293,-22.75
1772919175.9471953,-0.05919567675028172,1.1424453413231301,-7.192431094574726,1.0298411455675238,0.7199272079639093,9.770280967392488,-0.0007892507145463906,-0.0007529907739340783,-0.001090830782496456,14.692372234307213,-3.086231217611293,-22.75
1772919175.9683902,-0.05919567675028172,1.1424453413231301,-7.192431094574726,1.0293372188993648,0.71944641977901,9.770186980661089,0.0007892507145463906,0.0007529907739340783,0.0,14.489121516888535,-2.329943973325901,-23.5625
1772919175.9887626,-0.05919567675028172,1.1424453413231301,-7.192431094574726,1.0290018613309344,0.7191264606127153,9.770124433541243,0.001542241488480469,-3.6259940612312275e-05,0.0,14.489121516888535,-2.329943973325901,-23.5625
1772919176.013139,-0.05919567675028172,1.1424453413231301,-7.192431094574726,1.0290018613309344,0.7191264606127153,9.770124433541243,0.001542241488480469,-3.6259940612312275e-05,0.0,14.489121516888535,-2.329943973325901,-23.5625
1772919176.064626,-0.05919567675028172,1.1424453413231301,-7.192431094574726,1.0287786846153337,0.7189135313617245,9.770082809131683,0.0023314922030268593,0.000716730833321766,0.001090830782496456,14.489121516888535,-2.329943973325901,-23.5625
1772919176.1083784,-0.05919567675028172,1.1424453413231301,-7.192431094574726,1.0286301630041486,0.7187718293237656,9.770055108552096,0.0015059815478681566,-0.0015785014290927812,0.0,14.963696643834368,-2.82737205745902,-22.75
1772919176.1423428,-0.05919567675028172,1.1424453413231301,-7.192431094574726,1.0285313235309999,0.7186775282004194,9.770036674125818,0.00312074291757325,0.0014697216072558446,0.1407171709420428,14.963696643834368,-2.82737205745902,-22.75
1772919176.16465,-0.05919567675028172,1.1424453413231301,-7.192431094574726,1.028465546965729,0.7186147718562451,9.770024406221054,-0.0007892507145463906,-0.0007529907739340783,0.001090830782496456,15.027130073364507,-3.8898167383803592,-22.5
1772919176.1972744,-0.05919567675028172,1.1424453413231301,-7.192431094574726,1.0283105796586638,0.71384361283433,9.770016242067475,0.0015785014290927812,0.0015059815478681566,-0.001090830782496456,15.027130073364507,-3.8898167383803592,-22.5
1772919176.229792,-0.05919567675028172,1.1424453413231301,-7.192431094574726,1.0283105796586638,0.71384361283433,9.770016242067475,0.0015785014290927812,0.0015059815478681566,-0.001090830782496456,15.027130073364507,-3.8898167383803592,-22.5
1772919176.2673368,-0.05919567675028172,1.1424453413231301,-7.192431094574726,1.025898349827784,0.7130887543593593,9.770010808914469,0.0007892507145463906,0.0007529907739340783,0.0,15.22255580398664,-3.098696466986177,-24.0
1772919176.2929828,-0.05919567675028172,1.1424453413231301,-7.192431094574726,1.0272556941620201,0.7160978778611278,9.766659675294804,-0.00312074291757325,-0.0014697216072558446,-0.002181661564992912,15.22255580398664,-3.098696466986177,-24.0
1772919176.312115,-0.05919567675028172,1.1424453413231301,-7.192431094574726,1.0272556941620201,0.7160978778611278,9.766659675294804,-0.00312074291757325,-0.0014697216072558446,-0.002181661564992912,15.22255580398664,-3.098696466986177,-24.0
1772919176.3467026,-0.05919567675028172,1.1424453413231301,-7.192431094574726,1.0276166298703864,0.716898043372029,9.764431939515244,-0.0015785014290927812,-0.0015059815478681566,-0.001090830782496456,14.770833634228094,-1.629265171774105,-23.5625
1772919176.38001,-0.05919567675028172,1.1424453413231301,-7.192431094574726,1.0301659293715142,0.7150102500243238,9.762949406239386,-0.0007892507145463906,-0.0007529907739340783,0.0,14.770833634228094,-1.629265171774105,-23.5625
1772919176.3987906,-0.05919567675028172,1.1424453413231301,-7.192431094574726,1.0295533588928474,0.716174239196235,9.765307908612604,3.625994061231226e-05,0.001542241488480469,0.001090830782496456,14.770833634228094,-1.629265171774105,-23.5625
1772919176.4171913,-0.05919567675028172,1.1424453413231301,-7.192431094574726,1.0291457000821553,0.7169488609875309,9.766877465595783,-0.0007892507145463906,-0.0007529907739340783,-0.001090830782496456,14.273405550094974,-2.1038402987199385,-23.25
1772919176.449572,-0.05919567675028172,1.1424453413231301,-7.192431094574726,1.028874407697487,0.7174643631365457,9.767921988234988,-0.0008255106551587029,-0.0022952322624145475,-0.002181661564992912,14.273405550094974,-2.1038402987199385,-23.25
1772919176.478349,-0.05919567675028172,1.1424453413231301,-7.192431094574726,1.0286938656460247,0.717807424058179,9.768617106383298,-3.625994061231226e-05,-0.001542241488480469,-0.002181661564992912,14.273405550094974,-2.1038402987199385,-23.25
1772919176.5013561,-0.05919567675028172,1.1424453413231301,-7.192431094574726,1.0286938656460247,0.717807424058179,9.768617106383298,-3.625994061231226e-05,-0.001542241488480469,-0.002181661564992912,14.273405550094974,-2.1038402987199385,-23.25
1772919176.5184536,-0.05919567675028172,1.1424453413231301,-7.192431094574726,1.0261534223707878,0.7157266264501583,9.769079699746019,-0.0015785014290927812,-0.0015059815478681566,-0.001090830782496456,14.715225191494499,-2.11422800653234,-23.5625
1772919176.5338054,-0.05919567675028172,1.1424453413231301,-7.192431094574726,1.0268830803065043,0.7166509797051789,9.776077773876041,0.0023314922030268593,0.000716730833321766,0.0,14.715225191494499,-2.11422800653234,-23.5625
1772919176.5559762,-0.05919567675028172,1.1424453413231301,-7.192431094574726,1.0268830803065043,0.7166509797051789,9.776077773876041,0.0023314922030268593,0.000716730833321766,0.0,14.715225191494499,-2.11422800653234,-23.5625
1772919176.5772696,-0.05919567675028172,1.1424453413231301,-7.192431094574726,1.0273686595119103,0.7172661264706925,9.780734914035962,0.000716730833321766,-0.0023314922030268598,0.001090830782496456,14.476656267513652,-2.860127543005331,-23.5625
1772919176.6002505,-0.05919567675028172,1.1424453413231301,-7.192431094574726,1.0276918070488326,0.7176754997715022,9.783834188788726,-0.0023314922030268593,-0.000716730833321766,0.0,14.476656267513652,-2.860127543005331,-23.5625
1772919176.6348631,-0.05919567675028172,1.1424453413231301,-7.192431094574726,1.030215958943986,0.7155276385734163,9.779206498100882,0.0007529907739340783,-0.0007892507145463906,0.0,14.476656267513652,-2.860127543005331,-23.5625
1772919176.6583104,-0.05919567675028172,1.1424453413231301,-7.192431094574726,1.030215958943986,0.7155276385734163,9.779206498100882,0.0007529907739340783,-0.0007892507145463906,0.0,14.476656267513652,-2.860127543005331,-23.5625
1772919176.6875067,-0.05919567675028172,1.1424453413231301,-7.192431094574726,1.0271663584576851,0.7142094546769213,9.776126821642814,0.0007529907739340783,-0.0007892507145463906,0.0,15.027130073364507,-3.8898167383803592,-22.0
1772919176.7174327,-0.05919567675028172,1.1424453413231301,-7.192431094574726,1.0251368834003212,0.7133322180188827,9.77407733136221,-0.0023314922030268593,-0.000716730833321766,0.0,15.027130073364507,-3.8898167383803592,-22.0
1772919176.7540798,125.30757598221464,48.34754709083627,153.85523949789453,1.026206584977143,0.7150575276414597,9.776058530182095,-0.001542241488480469,3.6259940612312275e-05,0.002181661564992912,14.489121516888535,-2.329943973325901,-22.75
1772919176.7746556,-0.05919567675028172,1.1424453413231301,-7.192431094574726,1.026918459427168,0.7162057019223133,9.777376995865286,0.0007529907739340783,-0.0007892507145463906,0.0,14.489121516888535,-2.329943973325901,-22.75
1772919176.7948754,-0.05919567675028172,1.1424453413231301,-7.192431094574726,1.026918459427168,0.7162057019223133,9.777376995865286,0.0007529907739340783,-0.0007892507145463906,0.0,14.489121516888535,-2.329943973325901,-22.75
1772919176.8188016,-0.05919567675028172,1.1424453413231301,-7.192431094574726,1.0273922039215013,0.7169697990802743,9.781599531756543,3.625994061231226e-05,0.001542241488480469,0.0,14.489121516888535,-2.329943973325901,-22.75
1772919176.8584166,-0.05919567675028172,1.1424453413231301,-7.192431094574726,1.0277074755904074,0.7174782972033728,9.777719358808719,3.625994061231226e-05,0.001542241488480469,-0.001090830782496456,15.087378778676442,-1.3272628182631196,-23.25
1772919176.9102256,-0.05919567675028172,1.1424453413231301,-7.192431094574726,1.027917285364249,0.7178166970239985,9.775137147056315,0.0015785014290927812,0.0015059815478681566,-0.002181661564992912,15.087378778676442,-1.3272628182631196,-23.25
1772919176.935016,-0.05919567675028172,1.1424453413231301,-7.192431094574726,1.0234387097867599,0.7228824874380023,9.773418713980284,0.0023314922030268593,0.000716730833321766,0.001090830782496456,14.476656267513652,-2.860127543005331,-24.0
1772919176.96089,-0.05919567675028172,1.1424453413231301,-7.192431094574726,1.0234387097867599,0.7228824874380023,9.773418713980284,0.0023314922030268593,0.000716730833321766,0.001090830782496456,14.476656267513652,-2.860127543005331,-24.0
1772919176.9888546,-0.05919567675028172,1.1424453413231301,-7.192431094574726,1.0180379732121327,0.7239446135508091,9.77227511596434,0.0015059815478681566,-0.0015785014290927812,-0.001090830782496456,14.476656267513652,-2.860127543005331,-24.0
1772919177.0157506,-0.05919567675028172,1.1424453413231301,-7.192431094574726,1.0190620449901509,0.7198108575006049,9.764823840844919,0.0023314922030268593,0.000716730833321766,0.0,15.049983030551791,-2.917813527301406,-22.875
1772919177.033846,-0.05919567675028172,1.1424453413231301,-7.192431094574726,1.0190620449901509,0.7198108575006049,9.764823840844919,0.0023314922030268593,0.000716730833321766,0.0,15.049983030551791,-2.917813527301406,-22.875
1772919177.0667715,-0.05919567675028172,1.1424453413231301,-7.192431094574726,1.0197435533187904,0.7170598890262748,9.759865100489142,0.0007892507145463906,0.0007529907739340783,-0.002181661564992912,15.049983030551791,-2.917813527301406,-22.875
1772919177.0963075,-0.05919567675028172,1.1424453413231301,-7.192431094574726,1.0201970894985533,0.7152291502369396,9.763255337589769,-0.002295232262414547,0.0008255106551587029,0.0,15.22255580398664,-3.098696466986177,-22.75
1772919177.1425686,-0.05919567675028172,1.1424453413231301,-7.192431094574726,1.0204989127598545,0.7140108140233292,9.768856614216126,-0.0007529907739340783,0.0007892507145463906,-0.001090830782496456,15.22255580398664,-3.098696466986177,-22.75
1772919177.1953113,-0.05919567675028172,1.1424453413231301,-7.192431094574726,1.023120067325439,0.7155091257020046,9.769239089533288,-0.0015785014290927812,-0.0015059815478681566,-0.001090830782496456,14.770833634228094,-1.629265171774105,-22.5
1772919177.2373123,-0.05919567675028172,1.1424453413231301,-7.192431094574726,1.0248644164086205,0.7165062353869251,9.76949362258433,0.002367752143639172,0.002258972321802235,-0.001090830782496456,14.770833634228094,-1.629265171774105,-22.5
1772919177.2691593,-0.05919567675028172,1.1424453413231301,-7.192431094574726,1.026025261237822,0.7171698007437947,9.769663011486477,-0.0007892507145463906,-0.0007529907739340783,-0.001090830782496456,15.54741111468491,-2.4432384003555723,-23.25
1772919177.3005056,-0.05919567675028172,1.1424453413231301,-7.192431094574726,1.026797790504169,0.7176113960762807,9.769775737908658,3.625994061231226e-05,0.001542241488480469,-0.001090830782496456,15.54741111468491,-2.4432384003555723,-23.25
1772919177.3277793,-0.05919567675028172,1.1424453413231301,-7.192431094574726,1.0273119001012057,0.7179052728371069,9.769850756083382,-0.0023314922030268593,-0.000716730833321766,-0.002181661564992912,15.54741111468491,-2.4432384003555723,-23.25
1772919177.366841,-0.05919567675028172,1.1424453413231301,-7.192431094574726,1.025344933475927,0.7205211390953938,9.769900679840655,0.0007892507145463906,0.0007529907739340783,-0.002181661564992912,15.75066183210359,-3.1995256446409646,-23.25
1772919177.392098,-0.05919567675028172,1.1424453413231301,-7.192431094574726,1.024035939159261,0.722261968869143,9.769933903543434,0.0023314922030268593,0.000716730833321766,0.001090830782496456,15.75066183210359,-3.1995256446409646,-23.25
1772919177.442716,-0.05919567675028172,1.1424453413231301,-7.192431094574726,1.0207445235071688,0.7211113708181043,9.766610901839181,0.001542241488480469,-3.6259940612312275e-05,0.002181661564992912,15.189800318440332,-2.6116560906654596,-22.75
1772919177.458382,-0.05919567675028172,1.1424453413231301,-7.192431094574726,1.0207445235071688,0.7211113708181043,9.766610901839181,0.001542241488480469,-3.6259940612312275e-05,0.002181661564992912,15.189800318440332,-2.6116560906654596,-22.75
1772919177.4915648,-0.05919567675028172,1.1424453413231301,-7.192431094574726,1.0209422178142835,0.7158051155690679,9.768499051857797,0.0007892507145463906,0.0007529907739340783,-0.001090830782496456,15.189800318440332,-2.6116560906654596,-22.75
1772919177.5090048,-0.05919567675028172,1.1424453413231301,-7.192431094574726,1.0234150818871197,0.7167032133370321,9.769001135778053,-0.0007892507145463906,-0.0007529907739340783,0.001090830782496456,15.245408761173927,-2.1266932559072242,-22.5
1772919177.552248,-0.05919567675028172,1.1424453413231301,-7.192431094574726,1.027481039860666,0.7196099881883289,9.769335267018338,0.0007529907739340783,-0.0007892507145463906,-0.001090830782496456,15.245408761173927,-2.1266932559072242,-22.5
1772919177.6005464,-0.05919567675028172,1.1424453413231301,-7.192431094574726,1.027481039860666,0.7196099881883289,9.769335267018338,0.0007529907739340783,-0.0007892507145463906,-0.001090830782496456,15.245408761173927,-2.1266932559072242,-22.5
1772919177.630421,-0.05919567675028172,1.1424453413231301,-7.192431094574726,1.0301868894723343,0.7215444143810642,9.772902739333578,0.0007892507145463906,0.0007529907739340783,0.001090830782496456,14.511974474075819,-1.357940762246948,-22.75
1772919177.6723158,-0.05919567675028172,1.1424453413231301,-7.192431094574726,1.0272582067866776,0.7229429471410227,9.775276852308092,0.0007529907739340783,-0.0007892507145463906,-0.001090830782496456,14.511974474075819,-1.357940762246948,-22.75
1772919177.7042623,-0.05919567675028172,1.1424453413231301,-7.192431094574726,1.0272582067866776,0.7229429471410227,9.775276852308092,0.0007529907739340783,-0.0007892507145463906,-0.001090830782496456,14.511974474075819,-1.357940762246948,-22.75
1772919177.731176,-0.05919567675028172,1.1424453413231301,-7.192431094574726,1.0272582067866776,0.7229429471410227,9.775276852308092,0.0007529907739340783,-0.0007892507145463906,-0.001090830782496456,14.511974474075819,-1.357940762246948,-22.75
1772919177.7632377,-0.05919567675028172,1.1424453413231301,-7.192431094574726,1.0227777128804771,0.7168351588751131,9.776856797972052,0.000716730833321766,-0.0023314922030268598,-0.003272492347489368,14.273405550094974,-2.1038402987199385,-23.5625
1772919177.7967024,-0.05919567675028172,1.1424453413231301,-7.192431094574726,1.0222162887930728,0.7150795948317417,9.777908234162267,0.0015059815478681566,-0.0015785014290927812,0.001090830782496456,14.273405550094974,-2.1038402987199385,-23.5625
1772919177.8327458,-0.05919567675028172,1.1424453413231301,-7.192431094574726,1.0222162887930728,0.7150795948317417,9.777908234162267,0.0015059815478681566,-0.0015785014290927812,0.001090830782496456,14.273405550094974,-2.1038402987199385,-23.5625
1772919177.8721926,-0.05919567675028172,1.1424453413231301,-7.192431094574726,1.021842667334423,0.7139112865718134,9.768572618079586,-0.0023314922030268593,-0.000716730833321766,0.0,14.476656267513652,-2.860127543005331,-23.25
1772919177.895272,-0.05919567675028172,1.1424453413231301,-7.192431094574726,1.021594026427317,0.7131337904756895,9.769050093276865,0.0015785014290927812,0.0015059815478681566,0.001090830782496456,14.476656267513652,-2.860127543005331,-23.25
1772919177.9132361,-0.05919567675028172,1.1424453413231301,-7.192431094574726,1.023848853237914,0.7149254763280454,9.769367847686906,-0.001542241488480469,3.6259940612312275e-05,0.0,14.476656267513652,-2.860127543005331,-23.25
1772919177.9789248,-0.05919567675028172,1.1424453413231301,-7.192431094574726,1.023848853237914,0.7149254763280454,9.769367847686906,-0.001542241488480469,3.6259940612312275e-05,0.0,14.476656267513652,-2.860127543005331,-23.25
1772919178.0146432,-0.05919567675028172,1.1424453413231301,-7.192431094574726,1.0253494152923006,0.7161178232483458,9.76957930969724,0.0008617705957710153,0.0038374737508950164,0.0,14.747980677040808,-2.601268382853058,-24.0
1772919178.051728,-0.05919567675028172,1.1424453413231301,-7.192431094574726,1.0263480225771184,0.716911316804418,9.769720035302932,0.0008255106551587029,0.0022952322624145475,0.001090830782496456,14.747980677040808,-2.601268382853058,-24.0
1772919178.1354327,-0.05919567675028172,1.1424453413231301,-7.192431094574726,1.027454843152603,0.7177907966637456,9.769876010527872,0.0007892507145463906,0.0007529907739340783,-0.001090830782496456,14.770833634228094,-1.629265171774105,-23.25
1772919178.1710446,-0.05919567675028172,1.1424453413231301,-7.192431094574726,1.0277491612989793,0.7180246619240289,9.769917486391352,0.0,0.0,0.0,12.929248751834075,-2.8679525298018738,-22.75
1772919178.2036376,-0.05919567675028172,1.1424453413231301,-7.192431094574726,1.0277491612989793,0.7180246619240289,9.769917486391352,0.0,0.0,0.0,12.929248751834075,-2.8679525298018738,-22.75
1772919178.2234473,-0.05919567675028172,1.1424453413231301,-7.192431094574726,1.0302541275567696,0.7157600020855259,9.769945088115183,0.00312074291757325,0.0014697216072558446,0.0,12.929248751834075,-2.8679525298018738,-22.75
1772919178.245412,-0.05919567675028172,1.1424453413231301,-7.192431094574726,1.0319211546190226,0.7142528962609102,9.76661834504674,-0.0030482230363486256,0.0016147613697050937,0.0,14.489121516888535,-2.329943973325901,-22.75
1772919178.2664008,-0.05919567675028172,1.1424453413231301,-7.192431094574726,1.0319211546190226,0.7142528962609102,9.76661834504674,-0.0030482230363486256,0.0016147613697050937,0.0,14.489121516888535,-2.329943973325901,-22.75
1772919178.2866294,-0.05919567675028172,1.1424453413231301,-7.192431094574726,1.0307214416879134,0.7156702287268789,9.764404434696848,0.0007892507145463906,0.0007529907739340783,-0.002181661564992912,14.489121516888535,-2.329943973325901,-22.75
1772919178.3064256,-0.05919567675028172,1.1424453413231301,-7.192431094574726,1.0323433406907074,0.7189225484694662,9.762931102089993,0.0007892507145463906,0.0007529907739340783,0.001090830782496456,14.489121516888535,-2.329943973325901,-22.75
1772919178.3313293,-0.05919567675028172,1.1424453413231301,-7.192431094574726,1.0323433406907074,0.7189225484694662,9.762931102089993,0.0007892507145463906,0.0007529907739340783,0.001090830782496456,14.489121516888535,-2.329943973325901,-22.75
1772919178.3518226,-0.05919567675028172,1.1424453413231301,-7.192431094574726,1.0334226963592679,0.721086930927366,9.765295727405654,0.0007892507145463906,0.0007529907739340783,0.001090830782496456,14.760445926415692,-2.071084813173628,-23.5625
1772919178.3850293,-0.05919567675028172,1.1424453413231301,-7.192431094574726,1.0317207009427265,0.7202182024562361,9.766869359138632,0.0007892507145463906,0.0007529907739340783,0.0,14.760445926415692,-2.071084813173628,-23.5625
1772919178.406027,-0.05919567675028172,1.1424453413231301,-7.192431094574726,1.0317207009427265,0.7202182024562361,9.766869359138632,0.0007892507145463906,0.0007529907739340783,0.0,14.760445926415692,-2.071084813173628,-23.5625
1772919178.4409063,-0.05919567675028172,1.1424453413231301,-7.192431094574726,1.0305880420055529,0.7196400733630322,9.771261705185628,-0.0023314922030268593,-0.000716730833321766,0.0,14.489121516888535,-2.329943973325901,-22.5
1772919178.459524,-0.05919567675028172,1.1424453413231301,-7.192431094574726,1.029834270135493,0.7192553349096299,9.774184762414185,0.0,0.0,0.001090830782496456,14.489121516888535,-2.329943973325901,-22.5
1772919178.4809878,-0.05919567675028172,1.1424453413231301,-7.192431094574726,1.029834270135493,0.7192553349096299,9.774184762414185,0.0,0.0,0.001090830782496456,14.489121516888535,-2.329943973325901,-22.5
1772919178.4981258,-0.05919567675028172,1.1424453413231301,-7.192431094574726,1.0269123488193763,0.7166901949475749,9.7761300243471,0.002367752143639172,0.002258972321802235,0.002181661564992912,14.760445926415692,-2.071084813173628,-22.5
1772919178.526422,-0.05919567675028172,1.1424453413231301,-7.192431094574726,1.0249678428235005,0.7149831229573183,9.774079462726137,0.0008255106551587029,0.0022952322624145475,-0.001090830782496456,14.760445926415692,-2.071084813173628,-22.5
1772919178.5544283,-0.05919567675028172,1.1424453413231301,-7.192431094574726,1.0236737958048001,0.713847085617046,9.77605994858098,-3.625994061231226e-05,-0.001542241488480469,-0.001090830782496456,14.760445926415692,-2.071084813173628,-22.5
1772919178.5725486,-0.05919567675028172,1.1424453413231301,-7.192431094574726,1.0236737958048001,0.713847085617046,9.77605994858098,-3.625994061231226e-05,-0.001542241488480469,-0.001090830782496456,14.760445926415692,-2.071084813173628,-22.5
1772919178.5874388,-0.05919567675028172,1.1424453413231301,-7.192431094574726,1.0251217227884335,0.7106707709006879,9.77403282808658,-3.625994061231226e-05,-0.001542241488480469,-0.001090830782496456,14.499509224700937,-1.8881243319263779,-23.25
1772919178.6059918,-0.05919567675028172,1.1424453413231301,-7.192431094574726,1.0261964957592866,0.7132863643146132,9.772683802041978,-0.001542241488480469,3.6259940612312275e-05,-0.001090830782496456,14.499509224700937,-1.8881243319263779,-23.25
1772919178.6374006,-0.05919567675028172,1.1424453413231301,-7.192431094574726,1.0269117451653889,0.7150270125134877,9.771786040278903,0.00312074291757325,0.0014697216072558446,0.001090830782496456,14.499509224700937,-1.8881243319263779,-23.25
1772919178.6579869,-0.05919567675028172,1.1424453413231301,-7.192431094574726,1.0273877356552905,0.7161853944455243,9.771188589854232,0.0007529907739340783,-0.0007892507145463906,-0.002181661564992912,14.489121516888535,-2.329943973325901,-21.5625
1772919178.6941044,-0.05919567675028172,1.1424453413231301,-7.192431094574726,1.0273877356552905,0.7161853944455243,9.771188589854232,0.0007529907739340783,-0.0007892507145463906,-0.002181661564992912,14.489121516888535,-2.329943973325901,-21.5625
1772919178.720154,-0.05919567675028172,1.1424453413231301,-7.192431094574726,1.0277045020091577,0.7169562846813207,9.770790993270573,-0.0015785014290927812,-0.0015059815478681566,-0.002181661564992912,14.489121516888535,-2.329943973325901,-21.5625
1772919178.7488596,-0.05919567675028172,1.1424453413231301,-7.192431094574726,1.0254950119223691,0.715160202702709,9.770526397185593,0.004699244346666031,0.002975703155124001,0.0,14.974084351646772,-2.385552416059497,-22.75
1772919178.7690475,-0.05919567675028172,1.1424453413231301,-7.192431094574726,1.0240246209512325,0.713964930209493,9.77035031144677,0.000716730833321766,-0.0023314922030268598,-0.003272492347489368,14.974084351646772,-2.385552416059497,-22.75
1772919178.790953,-0.05919567675028172,1.1424453413231301,-7.192431094574726,1.0207369913661586,0.715589784274102,9.77023312835459,0.0007529907739340783,-0.0007892507145463906,0.001090830782496456,14.974084351646772,-2.385552416059497,-22.75
1772919178.8307045,-0.05919567675028172,1.1424453413231301,-7.192431094574726,1.0185491106025206,0.7166711065032901,9.770155144315765,0.0023314922030268593,0.000716730833321766,0.0,15.019305086567964,-2.342409222700785,-22.75
1772919178.8729918,-0.05919567675028172,1.1424453413231301,-7.192431094574726,1.0185491106025206,0.7166711065032901,9.770155144315765,0.0023314922030268593,0.000716730833321766,0.0,15.019305086567964,-2.342409222700785,-22.75
1772919178.8964837,-0.05919567675028172,1.1424453413231301,-7.192431094574726,1.0170931003945491,0.717390714367654,9.770103246809066,0.001542241488480469,-3.6259940612312275e-05,0.001090830782496456,15.019305086567964,-2.342409222700785,-22.75
1772919178.9180005,-0.05919567675028172,1.1424453413231301,-7.192431094574726,1.0170931003945491,0.717390714367654,9.770103246809066,0.001542241488480469,-3.6259940612312275e-05,0.001090830782496456,15.019305086567964,-2.342409222700785,-22.75
1772919178.9360602,-0.05919567675028172,1.1424453413231301,-7.192431094574726,1.016124141865844,0.7178696053628416,9.77006870959809,0.001542241488480469,-3.6259940612312275e-05,0.002181661564992912,15.22255580398664,-3.098696466986177,-21.5625
1772919178.9613974,-0.05919567675028172,1.1424453413231301,-7.192431094574726,1.017899605345742,0.7204974027897021,9.773390837177311,-0.0007892507145463906,-0.0007529907739340783,0.0,15.22255580398664,-3.098696466986177,-21.5625
1772919178.98429,-0.05919567675028172,1.1424453413231301,-7.192431094574726,1.017899605345742,0.7204974027897021,9.773390837177311,-0.0007892507145463906,-0.0007529907739340783,0.0,15.22255580398664,-3.098696466986177,-21.5625
1772919179.0186975,-0.05919567675028172,1.1424453413231301,-7.192431094574726,1.0190811564583877,0.722246172622857,9.775601675970687,0.0007529907739340783,-0.0007892507145463906,0.001090830782496456,14.747980677040808,-2.601268382853058,-23.5625
1772919179.0811074,-0.05919567675028172,1.1424453413231301,-7.192431094574726,1.0198674655250626,0.7234099594117827,9.77707296449099,0.0,0.0,0.0,14.747980677040808,-2.601268382853058,-23.5625
1772919179.1038027,-0.05919567675028172,1.1424453413231301,-7.192431094574726,1.0202795516876373,0.7194550511435609,9.778052090565883,0.0,0.0,-0.001090830782496456,14.747980677040808,-2.601268382853058,-22.75
1772919179.1186934,-0.05919567675028172,1.1424453413231301,-7.192431094574726,1.0202795516876373,0.7194550511435609,9.778052090565883,0.0,0.0,-0.001090830782496456,14.747980677040808,-2.601268382853058,-22.75
1772919179.1346557,-0.05919567675028172,1.1424453413231301,-7.192431094574726,1.0206649841631763,0.7215524992461808,9.778703688031168,0.00312074291757325,0.0014697216072558446,-0.002181661564992912,14.747980677040808,-2.601268382853058,-22.75
1772919179.1768546,-0.05919567675028172,1.1424453413231301,-7.192431094574726,1.0232305859892106,0.7205280329716685,9.775792207158176,0.002367752143639172,0.002258972321802235,0.0,14.499509224700937,-1.8881243319263779,-23.25
1772919179.2055175,-0.05919567675028172,1.1424453413231301,-7.192431094574726,1.0232305859892106,0.7205280329716685,9.775792207158176,0.002367752143639172,0.002258972321802235,0.0,14.499509224700937,-1.8881243319263779,-23.25
1772919179.22224,-0.05919567675028172,1.1424453413231301,-7.192431094574726,1.0226288645256603,0.7222665566667941,9.777199760867893,0.0008255106551587029,0.0022952322624145475,0.001090830782496456,14.499509224700937,-1.8881243319263779,-23.25
1772919179.2430177,-0.05919567675028172,1.1424453413231301,-7.192431094574726,1.0199193247942107,0.7258438193220934,9.778136472138304,0.0,0.0,-0.001090830782496456,14.951231394459485,-3.35755562713845,-23.25
1772919179.2759855,-0.05919567675028172,1.1424453413231301,-7.192431094574726,1.0156958618136975,0.7259153468394272,9.77875984302501,-3.625994061231226e-05,-0.001542241488480469,-0.003272492347489368,14.951231394459485,-3.35755562713845,-23.25
1772919179.2908115,-0.05919567675028172,1.1424453413231301,-7.192431094574726,1.0156958618136975,0.7259153468394272,9.77875984302501,-3.625994061231226e-05,-0.001542241488480469,-0.003272492347489368,14.951231394459485,-3.35755562713845,-23.25
1772919179.3144069,-0.05919567675028172,1.1424453413231301,-7.192431094574726,1.0200348843120157,0.7281608546846744,9.779174689386606,-0.0007892507145463906,-0.0007529907739340783,0.001090830782496456,14.951231394459485,-3.35755562713845,-23.25
1772919179.3384578,-0.05919567675028172,1.1424453413231301,-7.192431094574726,1.0228112615769398,0.7249258196958188,9.779450765006109,-3.625994061231226e-05,-0.001542241488480469,0.0,14.747980677040808,-2.601268382853058,-23.25
1772919179.3623497,-0.05919567675028172,1.1424453413231301,-7.192431094574726,1.0228112615769398,0.7249258196958188,9.779450765006109,-3.625994061231226e-05,-0.001542241488480469,0.0,14.747980677040808,-2.601268382853058,-23.25
1772919179.387537,-0.05919567675028172,1.1424453413231301,-7.192431094574726,1.0246589096325807,0.7227729400484441,9.776289378539603,-0.0007892507145463906,-0.0007529907739340783,0.002181661564992912,14.747980677040808,-2.601268382853058,-23.25
1772919179.4033997,-0.05919567675028172,1.1424453413231301,-7.192431094574726,1.0258884987740284,0.7213402226923575,9.774185511161145,-0.0008255106551587029,-0.0022952322624145475,0.0,14.273405550094974,-2.1038402987199385,-23.5625
1772919179.418185,-0.05919567675028172,1.1424453413231301,-7.192431094574726,1.0258884987740284,0.7213402226923575,9.774185511161145,-0.0008255106551587029,-0.0022952322624145475,0.0,14.273405550094974,-2.1038402987199385,-23.5625
1772919179.4336994,-0.05919567675028172,1.1424453413231301,-7.192431094574726,1.0267067766122513,0.7203867652963836,9.772785410922518,-0.003909993632119641,-0.002222712381189923,0.0,14.273405550094974,-2.1038402987199385,-23.5625
1772919179.474741,-0.05919567675028172,1.1424453413231301,-7.192431094574726,1.0272513313728262,0.71975225005018,9.771853659853857,0.002295232262414547,-0.0008255106551587029,0.0,14.747980677040808,-2.601268382853058,-23.25
1772919179.5080535,-0.05919567675028172,1.1424453413231301,-7.192431094574726,1.0276137264829135,0.719329987241831,9.771233589926004,-0.0007892507145463906,-0.0007529907739340783,-0.002181661564992912,14.747980677040808,-2.601268382853058,-23.25
1772919179.540653,-0.05919567675028172,1.1424453413231301,-7.192431094574726,1.027854896380458,0.7190489760598594,9.774166052022972,0.0,0.0,-0.001090830782496456,15.242846040158067,-4.115920412986323,-23.5625
1772919179.5639799,-0.05919567675028172,1.1424453413231301,-7.192431094574726,1.0280153922532294,0.7188619662573579,9.776117572790756,-0.0023314922030268593,-0.000716730833321766,0.0,15.242846040158067,-4.115920412986323,-23.5625
1772919179.5780926,-0.05919567675028172,1.1424453413231301,-7.192431094574726,1.0280153922532294,0.7188619662573579,9.776117572790756,-0.0023314922030268593,-0.000716730833321766,0.0,15.242846040158067,-4.115920412986323,-23.5625
1772919179.605781,-0.05919567675028172,1.1424453413231301,-7.192431094574726,1.0281222004637025,0.7187375133228295,9.780761399769121,0.0,0.0,0.0,14.466268559701248,-3.3019471844048542,-22.75
1772919179.6430717,-0.05919567675028172,1.1424453413231301,-7.192431094574726,1.0281932801346465,0.7186546912851314,9.777161591333638,0.0007892507145463906,0.0007529907739340783,-0.001090830782496456,14.466268559701248,-3.3019471844048542,-22.75
1772919179.686002,-0.05919567675028172,1.1424453413231301,-7.192431094574726,1.0236223812233958,0.7234401632577768,9.784801294154278,-0.002367752143639172,-0.002258972321802235,-0.001090830782496456,14.951231394459485,-3.35755562713845,-22.5
1772919179.743542,-0.05919567675028172,1.1424453413231301,-7.192431094574726,1.020580499058245,0.7266248413983479,9.786540319333021,0.0,0.0,-0.001090830782496456,14.951231394459485,-3.35755562713845,-22.5
1772919179.7596977,-0.05919567675028172,1.1424453413231301,-7.192431094574726,1.020580499058245,0.7266248413983479,9.786540319333021,0.0,0.0,-0.001090830782496456,14.951231394459485,-3.35755562713845,-22.5
1772919179.7776468,-0.05919567675028172,1.1424453413231301,-7.192431094574726,1.0231743620956393,0.7239036200121611,9.787697621163291,3.625994061231226e-05,0.001542241488480469,0.0,14.0145463899427,-1.8325158891927817,-23.25
1772919179.793034,-0.05919567675028172,1.1424453413231301,-7.192431094574726,1.0249005489716765,0.7220926775776886,9.778432457481468,-0.001542241488480469,3.6259940612312275e-05,0.001090830782496456,14.0145463899427,-1.8325158891927817,-23.25
1772919179.8314233,-0.05919567675028172,1.1424453413231301,-7.192431094574726,1.0236290124981329,0.7185784147979736,9.772266594549876,0.0015785014290927812,0.0015059815478681566,0.0,14.747980677040808,-2.601268382853058,-22.0
1772919179.8837001,-0.05919567675028172,1.1424453413231301,-7.192431094574726,1.0227828191789827,0.7162397121749607,9.768163281646103,0.0007529907739340783,-0.0007892507145463906,-0.001090830782496456,14.747980677040808,-2.601268382853058,-22.0
1772919179.9124553,-0.05919567675028172,1.1424453413231301,-7.192431094574726,1.0222196869776872,0.7146833317043658,9.77212279616029,-0.0023314922030268593,-0.000716730833321766,0.001090830782496456,14.489121516888535,-2.329943973325901,-22.5
1772919179.9333882,-0.05919567675028172,1.1424453413231301,-7.192431094574726,1.0242652233450993,0.7159566787062198,9.781448032253444,-0.0007892507145463906,-0.0007529907739340783,-0.001090830782496456,14.489121516888535,-2.329943973325901,-22.5
1772919179.966651,-0.05919567675028172,1.1424453413231301,-7.192431094574726,1.0256265049474733,0.7168040769117356,9.787653872703725,0.0007529907739340783,-0.0007892507145463906,0.0,14.489121516888535,-2.329943973325901,-22.5
1772919179.9845197,-0.05919567675028172,1.1424453413231301,-7.192431094574726,1.0256265049474733,0.7168040769117356,9.787653872703725,0.0007529907739340783,-0.0007892507145463906,0.0,14.489121516888535,-2.329943973325901,-22.5
1772919180.0030694,-0.05919567675028172,1.1424453413231301,-7.192431094574726,1.0265324226473416,0.7173680109514481,9.785093566784969,0.0015059815478681566,-0.0015785014290927812,0.0,14.747980677040808,-2.601268382853058,-21.5625
1772919180.0255358,-0.05919567675028172,1.1424453413231301,-7.192431094574726,1.0248261999377142,0.7201635973120963,9.780044600089209,0.0015785014290927812,0.0015059815478681566,0.0,14.747980677040808,-2.601268382853058,-21.5625
1772919180.0583785,-0.05919567675028172,1.1424453413231301,-7.192431094574726,1.023579534046564,0.7172946334304605,9.776684569153833,-0.0007892507145463906,-0.0007529907739340783,0.001090830782496456,14.747980677040808,-2.601268382853058,-21.5625
1772919180.0873313,-0.05919567675028172,1.1424453413231301,-7.192431094574726,1.0251701863789497,0.7176944708347842,9.774448506100345,0.0007529907739340783,-0.0007892507145463906,0.0,15.22255580398664,-3.098696466986177,-22.75
1772919180.1302161,-0.05919567675028172,1.1424453413231301,-7.192431094574726,1.0285378485565275,0.7155402636041098,9.769615319409391,3.625994061231226e-05,0.001542241488480469,0.0,15.22255580398664,-3.098696466986177,-22.75
1772919180.1655223,-0.05919567675028172,1.1424453413231301,-7.192431094574726,1.0307789901164541,0.7141066627561674,9.769743999364113,-3.625994061231226e-05,-0.001542241488480469,-0.001090830782496456,14.986549601021654,-1.8553688463800673,-23.25
1772919180.1876538,-0.05919567675028172,1.1424453413231301,-7.192431094574726,1.0299613439702677,0.715572911963008,9.769829634436531,-0.0015785014290927812,-0.0015059815478681566,-0.001090830782496456,14.986549601021654,-1.8553688463800673,-23.25
1772919180.2162938,-0.05919567675028172,1.1424453413231301,-7.192431094574726,1.0299613439702677,0.715572911963008,9.769829634436531,-0.0015785014290927812,-0.0015059815478681566,-0.001090830782496456,14.986549601021654,-1.8553688463800673,-23.25
1772919180.2382889,-0.05919567675028172,1.1424453413231301,-7.192431094574726,1.0294172095936864,0.7165486844310834,9.76988662362062,0.002367752143639172,0.002258972321802235,0.0,14.747980677040808,-2.601268382853058,-23.5625
1772919180.278383,-0.05919567675028172,1.1424453413231301,-7.192431094574726,1.029055094244451,0.7171980501084951,9.77326966099334,-7.251988122462452e-05,-0.003084482976960938,0.0,14.747980677040808,-2.601268382853058,-23.5625
1772919180.3030272,-0.05919567675028172,1.1424453413231301,-7.192431094574726,1.029055094244451,0.7171980501084951,9.77326966099334,-7.251988122462452e-05,-0.003084482976960938,0.0,14.747980677040808,-2.601268382853058,-23.5625
1772919180.3281605,-0.05919567675028172,1.1424453413231301,-7.192431094574726,1.0287029167869786,0.7129008003370212,9.7788661462812,-0.0007892507145463906,-0.0007529907739340783,-0.001090830782496456,14.715225191494499,-2.11422800653234,-23.5625
1772919180.3471444,-0.05919567675028172,1.1424453413231301,-7.192431094574726,1.028468546623111,0.7100410286175306,9.782590544723433,0.002295232262414547,-0.0008255106551587029,-0.001090830782496456,14.715225191494499,-2.11422800653234,-23.5625
1772919180.3625255,-0.05919567675028172,1.1424453413231301,-7.192431094574726,1.028468546623111,0.7100410286175306,9.782590544723433,0.002295232262414547,-0.0008255106551587029,-0.001090830782496456,14.715225191494499,-2.11422800653234,-23.5625
1772919180.3826206,-0.05919567675028172,1.1424453413231301,-7.192431094574726,1.0260034750780171,0.7105581770407283,9.781723978575164,0.0007892507145463906,0.0007529907739340783,0.0,14.715225191494499,-2.11422800653234,-23.5625
1772919180.3997514,-0.05919567675028172,1.1424453413231301,-7.192431094574726,1.0244741912390603,0.7156317289153415,9.781147288483668,0.001542241488480469,-3.6259940612312275e-05,0.0,15.245408761173927,-2.1266932559072242,-24.5
1772919180.4228013,-0.05919567675028172,1.1424453413231301,-7.192431094574726,1.0234564699274542,0.7190081210126086,9.780763507669828,0.0,0.0,0.001090830782496456,15.245408761173927,-2.1266932559072242,-24.5
1772919180.4394739,-0.05919567675028172,1.1424453413231301,-7.192431094574726,1.0234564699274542,0.7190081210126086,9.780763507669828,0.0,0.0,0.001090830782496456,15.245408761173927,-2.1266932559072242,-24.5
1772919180.4709587,-0.05919567675028172,1.1424453413231301,-7.192431094574726,1.0250882885823984,0.7188347776797933,9.777162994118012,0.0007892507145463906,0.0007529907739340783,0.002181661564992912,15.245408761173927,-2.1266932559072242,-24.5
1772919180.48846,-0.05919567675028172,1.1424453413231301,-7.192431094574726,1.0261742456686551,0.7187194196281766,9.77476689256965,0.0007892507145463906,0.0007529907739340783,-0.001090830782496456,14.974084351646772,-2.385552416059497,-22.75
1772919180.5071454,-0.05919567675028172,1.1424453413231301,-7.192431094574726,1.0268969379786232,0.7186426501334597,9.776517425462742,0.001542241488480469,-3.6259940612312275e-05,-0.002181661564992912,14.974084351646772,-2.385552416059497,-22.75
1772919180.5282896,-0.05919567675028172,1.1424453413231301,-7.192431094574726,1.0268969379786232,0.7186426501334597,9.776517425462742,0.001542241488480469,-3.6259940612312275e-05,-0.002181661564992912,14.974084351646772,-2.385552416059497,-22.75
1772919180.5799005,-0.05919567675028172,1.1424453413231301,-7.192431094574726,1.0249575870811296,0.716282460073171,9.777682385548362,3.625994061231226e-05,0.001542241488480469,0.002181661564992912,14.476656267513652,-2.860127543005331,-22.5
1772919180.6080914,-0.05919567675028172,1.1424453413231301,-7.192431094574726,1.0236669707228165,0.7147117799530993,9.778457653471884,0.000716730833321766,-0.0023314922030268598,0.001090830782496456,14.476656267513652,-2.860127543005331,-22.5
1772919180.628801,-0.05919567675028172,1.1424453413231301,-7.192431094574726,1.0228080799534884,0.7136665098788383,9.775628473907359,0.0,0.0,-0.001090830782496456,14.21779710736138,-2.588803133478174,-24.0
1772919180.6759303,-0.05919567675028172,1.1424453413231301,-7.192431094574726,1.0222364977409393,0.7129708943208494,9.777090798218493,0.0007892507145463906,0.0007529907739340783,-0.001090830782496456,14.21779710736138,-2.588803133478174,-24.0
1772919180.6892576,-0.05919567675028172,1.1424453413231301,-7.192431094574726,1.0222364977409393,0.7129708943208494,9.777090798218493,0.0007892507145463906,0.0007529907739340783,-0.001090830782496456,14.21779710736138,-2.588803133478174,-24.0
1772919180.7053165,-0.05919567675028172,1.1424453413231301,-7.192431094574726,1.026585511539381,0.7123967761998931,9.77806395871232,0.0015785014290927812,0.0015059815478681566,0.001090830782496456,14.760445926415692,-2.071084813173628,-23.5625
1772919180.7218566,-0.05919567675028172,1.1424453413231301,-7.192431094574726,1.0294797316405766,0.7120147070037163,9.778711586150047,0.0007529907739340783,-0.0007892507145463906,0.0,14.760445926415692,-2.071084813173628,-23.5625
1772919180.7365215,-0.05919567675028172,1.1424453413231301,-7.192431094574726,1.0294797316405766,0.7120147070037163,9.778711586150047,0.0007529907739340783,-0.0007892507145463906,0.0,14.760445926415692,-2.071084813173628,-23.5625
1772919180.7685444,-0.05919567675028172,1.1424453413231301,-7.192431094574726,1.0290967019682393,0.7141807387784287,9.779142574975381,0.0038737336915073287,0.000680470892709454,0.001090830782496456,14.760445926415692,-2.071084813173628,-23.5625
1772919180.7925122,-0.05919567675028172,1.1424453413231301,-7.192431094574726,1.0288418000000206,0.7156222087283395,9.776084281516862,0.001542241488480469,-3.6259940612312275e-05,0.001090830782496456,14.21779710736138,-2.588803133478174,-23.5625
1772919180.8171418,-0.05919567675028172,1.1424453413231301,-7.192431094574726,1.0288418000000206,0.7156222087283395,9.776084281516862,0.001542241488480469,-3.6259940612312275e-05,0.001090830782496456,14.21779710736138,-2.588803133478174,-23.5625
1772919180.8360333,-0.05919567675028172,1.1424453413231301,-7.192431094574726,1.0286721655876125,0.7165814908777307,9.774049021383593,-0.0007529907739340783,0.0007892507145463906,0.0,14.21779710736138,-2.588803133478174,-23.5625
1772919180.8521056,-0.05919567675028172,1.1424453413231301,-7.192431094574726,1.0308683766002218,0.7147995878754915,9.772694578500248,-0.0007892507145463906,-0.0007529907739340783,0.0,14.21779710736138,-2.588803133478174,-23.5625
1772919180.8651133,-0.05919567675028172,1.1424453413231301,-7.192431094574726,1.0308683766002218,0.7147995878754915,9.772694578500248,-0.0007892507145463906,-0.0007529907739340783,0.0,14.21779710736138,-2.588803133478174,-23.5625
1772919180.8775713,-0.05919567675028172,1.1424453413231301,-7.192431094574726,1.0323299304958287,0.7136137513326619,9.7717932118915,0.0008255106551587029,0.0022952322624145475,0.001090830782496456,14.770833634228094,-1.629265171774105,-23.25
1772919180.8941588,-0.05919567675028172,1.1424453413231301,-7.192431094574726,1.033302578286728,0.712824590360071,9.774538474189624,0.0007892507145463906,0.0007529907739340783,0.001090830782496456,14.770833634228094,-1.629265171774105,-23.25
1772919180.923312,-0.05919567675028172,1.1424453413231301,-7.192431094574726,1.031640763707258,0.7147197071050929,9.773020303875116,-0.002295232262414547,0.0008255106551587029,0.0,14.770833634228094,-1.629265171774105,-23.25
1772919180.9420898,-0.05919567675028172,1.1424453413231301,-7.192431094574726,1.031640763707258,0.7147197071050929,9.773020303875116,-0.002295232262414547,0.0008255106551587029,0.0,14.770833634228094,-1.629265171774105,-23.25
1772919180.9841359,-0.05919567675028172,1.1424453413231301,-7.192431094574726,1.0305348446683058,0.7159808861290639,9.772009978489885,0.0007892507145463906,0.0007529907739340783,-0.001090830782496456,14.489121516888535,-2.329943973325901,-22.5
1772919181.0060515,-0.05919567675028172,1.1424453413231301,-7.192431094574726,1.0305348446683058,0.7159808861290639,9.772009978489885,0.0007892507145463906,0.0007529907739340783,-0.001090830782496456,14.489121516888535,-2.329943973325901,-22.5
1772919181.039828,-0.05919567675028172,1.1424453413231301,-7.192431094574726,1.0297988679018084,0.7168201866812236,9.771337618232087,-0.0007892507145463906,-0.0007529907739340783,0.0,14.489121516888535,-2.329943973325901,-22.5
1772919181.0673304,-0.05919567675028172,1.1424453413231301,-7.192431094574726,1.0293090835851035,0.7173787318230845,9.774235281698598,-0.0023314922030268593,-0.000716730833321766,-0.002181661564992912,14.951231394459485,-3.35755562713845,-23.5625
1772919181.0890455,-0.05919567675028172,1.1424453413231301,-7.192431094574726,1.0314034321503611,0.7200595381947609,9.77950875607386,0.0,0.0,-0.001090830782496456,14.951231394459485,-3.35755562713845,-23.5625
1772919181.121757,-0.05919567675028172,1.1424453413231301,-7.192431094574726,1.0327971977251338,0.7218435848885422,9.783018194362027,-0.001542241488480469,3.6259940612312275e-05,-0.001090830782496456,14.951231394459485,-3.35755562713845,-23.5625
1772919181.1521916,-0.05919567675028172,1.1424453413231301,-7.192431094574726,1.0337247331457633,0.7230308480341462,9.77866346292517,-0.0015785014290927812,-0.0015059815478681566,0.002181661564992912,14.273405550094974,-2.1038402987199385,-22.5
1772919181.1835582,-0.05919567675028172,1.1424453413231301,-7.192431094574726,1.0337247331457633,0.7230308480341462,9.77866346292517,-0.0015785014290927812,-0.0015059815478681566,0.002181661564992912,14.273405550094974,-2.1038402987199385,-22.5
1772919181.1967797,-0.05919567675028172,1.1424453413231301,-7.192431094574726,1.0319217030501673,0.7215118575758215,9.77242032609216,-0.0007529907739340783,0.0007892507145463906,-0.002181661564992912,14.273405550094974,-2.1038402987199385,-22.5
1772919181.2098901,-0.05919567675028172,1.1424453413231301,-7.192431094574726,1.0319217030501673,0.7215118575758215,9.77242032609216,-0.0007529907739340783,0.0007892507145463906,-0.002181661564992912,14.273405550094974,-2.1038402987199385,-22.5
1772919181.2287862,-0.05919567675028172,1.1424453413231301,-7.192431094574726,1.0355623957762647,0.7251191880322934,9.771610699977519,-0.001542241488480469,3.6259940612312275e-05,-0.001090830782496456,14.273405550094974,-2.1038402987199385,-22.5
1772919181.2613025,-0.05919567675028172,1.1424453413231301,-7.192431094574726,1.0331446470027292,0.722901624516302,9.77441701454966,-0.0007892507145463906,-0.0007529907739340783,0.0,14.778658621024636,-3.176672687453679,-22.875
1772919181.2807376,-0.05919567675028172,1.1424453413231301,-7.192431094574726,1.0314244684643155,0.7166964653923159,9.776284585548833,3.625994061231226e-05,0.001542241488480469,0.0,14.778658621024636,-3.176672687453679,-22.875
1772919181.309453,-0.05919567675028172,1.1424453413231301,-7.192431094574726,1.0314244684643155,0.7166964653923159,9.776284585548833,3.625994061231226e-05,0.001542241488480469,0.0,14.778658621024636,-3.176672687453679,-22.875
1772919181.3467607,-0.05919567675028172,1.1424453413231301,-7.192431094574726,1.0256615072244024,0.7174075904250233,9.770837209772008,0.002367752143639172,0.002258972321802235,-0.001090830782496456,14.778658621024636,-3.176672687453679,-22.75
1772919181.3635821,-0.05919567675028172,1.1424453413231301,-7.192431094574726,1.0265557162716368,0.7177696424528536,9.767212042043706,0.001542241488480469,-3.6259940612312275e-05,0.001090830782496456,14.778658621024636,-3.176672687453679,-22.75
1772919181.3761058,-0.05919567675028172,1.1424453413231301,-7.192431094574726,1.0272619961412512,0.7227399794088898,9.768144645123618,0.0007892507145463906,0.0007529907739340783,-0.001090830782496456,14.778658621024636,-3.176672687453679,-22.75
1772919181.3883169,-0.05919567675028172,1.1424453413231301,-7.192431094574726,1.0272619961412512,0.7227399794088898,9.768144645123618,0.0007892507145463906,0.0007529907739340783,-0.001090830782496456,14.778658621024636,-3.176672687453679,-22.75
1772919181.4020362,-0.05919567675028172,1.1424453413231301,-7.192431094574726,1.0253117229480413,0.7237385823117042,9.76876528205544,0.0007892507145463906,0.0007529907739340783,0.0,14.499509224700937,-1.8881243319263779,-23.25
1772919181.432205,-0.05919567675028172,1.1424453413231301,-7.192431094574726,1.0215935433671635,0.722094040569276,9.7691783090006,0.001542241488480469,-3.6259940612312275e-05,0.0,14.499509224700937,-1.8881243319263779,-23.25
1772919181.4691796,-0.05919567675028172,1.1424453413231301,-7.192431094574726,1.0215935433671635,0.722094040569276,9.7691783090006,0.001542241488480469,-3.6259940612312275e-05,0.0,14.499509224700937,-1.8881243319263779,-23.25
1772919181.4880579,-0.05919567675028172,1.1424453413231301,-7.192431094574726,1.0237373380291286,0.7161590272968739,9.769453173818789,0.0023314922030268593,0.000716730833321766,0.0,14.692372234307213,-3.086231217611293,-23.25
1772919181.511082,-0.05919567675028172,1.1424453413231301,-7.192431094574726,1.025164009428911,0.7122093422625326,9.769636093284852,-0.0007892507145463906,-0.0007529907739340783,0.0,14.692372234307213,-3.086231217611293,-23.25
1772919181.5361786,-0.05919567675028172,1.1424453413231301,-7.192431094574726,1.0239155362270258,0.7167305609257281,9.769757824146174,0.0,0.0,0.0,14.692372234307213,-3.086231217611293,-23.25
1772919181.5514796,-0.05919567675028172,1.1424453413231301,-7.192431094574726,1.0239155362270258,0.7167305609257281,9.769757824146174,0.0,0.0,0.0,14.692372234307213,-3.086231217611293,-23.25
1772919181.5782619,-0.05919567675028172,1.1424453413231301,-7.192431094574726,1.0230846912575307,0.719739381440763,9.773183946381879,0.0007892507145463906,0.0007529907739340783,-0.001090830782496456,14.499509224700937,-1.8881243319263779,-22.5
1772919181.611781,-0.05919567675028172,1.1424453413231301,-7.192431094574726,1.0225317732114783,0.7217417178827914,9.778809104164768,0.0023314922030268593,0.000716730833321766,0.0,14.499509224700937,-1.8881243319263779,-22.5
1772919181.6391973,-0.05919567675028172,1.1424453413231301,-7.192431094574726,1.0244729132474555,0.7206539558606222,9.782552583832151,0.0,0.0,0.0,14.715225191494499,-2.11422800653234,-22.75
1772919181.6647525,-0.05919567675028172,1.1424453413231301,-7.192431094574726,1.0234556194383175,0.722350356942742,9.781698716026067,3.625994061231226e-05,0.001542241488480469,0.001090830782496456,14.715225191494499,-2.11422800653234,-22.75
1772919181.6940184,-0.05919567675028172,1.1424453413231301,-7.192431094574726,1.0227786217722525,0.723479292912851,9.781130476539447,0.001542241488480469,-3.6259940612312275e-05,0.0,14.715225191494499,-2.11422800653234,-22.75
1772919181.7175572,-0.05919567675028172,1.1424453413231301,-7.192431094574726,1.0227786217722525,0.723479292912851,9.781130476539447,0.001542241488480469,-3.6259940612312275e-05,0.0,14.715225191494499,-2.11422800653234,-22.75
1772919181.7585676,-0.05919567675028172,1.1424453413231301,-7.192431094574726,1.0199077928312703,0.7219214863707915,9.780752319508752,0.001542241488480469,-3.6259940612312275e-05,0.0,14.963696643834368,-2.82737205745902,-22.75
1772919181.791265,-0.05919567675028172,1.1424453413231301,-7.192431094574726,1.0250357844353344,0.718353295224465,9.783845771936434,-0.000716730833321766,0.0023314922030268598,0.0,14.963696643834368,-2.82737205745902,-22.75
1772919181.8352795,-0.05919567675028172,1.1424453413231301,-7.192431094574726,1.0284484055644196,0.7159787038758917,9.77921420655629,0.0007529907739340783,-0.0007892507145463906,0.0,14.489121516888535,-2.329943973325901,-23.25
1772919181.870544,-0.05919567675028172,1.1424453413231301,-7.192431094574726,1.0284103659852242,0.716818734416115,9.77613195153378,0.0014697216072558446,-0.0031207429175732506,0.0,14.489121516888535,-2.329943973325901,-23.25
1772919181.8840249,-0.05919567675028172,1.1424453413231301,-7.192431094574726,1.0284103659852242,0.716818734416115,9.77613195153378,0.0014697216072558446,-0.0031207429175732506,0.0,14.489121516888535,-2.329943973325901,-23.25
1772919181.9030352,-0.05919567675028172,1.1424453413231301,-7.192431094574726,1.0283850510701993,0.7173777653568776,9.774080745247343,-0.0007892507145463906,-0.0007529907739340783,-0.002181661564992912,14.489121516888535,-2.329943973325901,-23.25
1772919181.9296887,-0.05919567675028172,1.1424453413231301,-7.192431094574726,1.0259479097202608,0.7154406933840444,9.779405913791834,0.0007529907739340783,-0.0007892507145463906,0.001090830782496456,14.715225191494499,-2.11422800653234,-22.5
1772919181.9476519,-0.05919567675028172,1.1424453413231301,-7.192431094574726,1.0259479097202608,0.7154406933840444,9.779405913791834,0.0007529907739340783,-0.0007892507145463906,0.001090830782496456,14.715225191494499,-2.11422800653234,-22.5
1772919181.9917145,-0.05919567675028172,1.1424453413231301,-7.192431094574726,1.0243260193765296,0.7141515936246355,9.782949753972163,0.0007529907739340783,-0.0007892507145463906,0.0,14.715225191494499,-2.11422800653234,-22.5
1772919182.0187948,-0.05919567675028172,1.1424453413231301,-7.192431094574726,1.0209375686513529,0.7157140066917124,9.785308140024883,0.0015785014290927812,0.0015059815478681566,0.001090830782496456,14.828519618524169,-1.0559384087359627,-22.0625
1772919182.0580063,-0.05919567675028172,1.1424453413231301,-7.192431094574726,1.0234119879211239,0.716642581396905,9.78018739618343,-0.0007892507145463906,-0.0007529907739340783,0.002181661564992912,14.828519618524169,-1.0559384087359627,-22.0625
1772919182.0899415,-0.05919567675028172,1.1424453413231301,-7.192431094574726,1.0234119879211239,0.716642581396905,9.78018739618343,-0.0007892507145463906,-0.0007529907739340783,0.002181661564992912,14.828519618524169,-1.0559384087359627,-22.0625
1772919182.1382983,-0.05919567675028172,1.1424453413231301,-7.192431094574726,1.025058686304082,0.7172605374903515,9.7767795983594,0.0,0.0,0.002181661564992912,14.499509224700937,-1.8881243319263779,-22.5
1772919182.2023766,-0.05919567675028172,1.1424453413231301,-7.192431094574726,1.0237342511263392,0.7153626795483924,9.774511746975104,0.0007892507145463906,0.0007529907739340783,-0.001090830782496456,14.499509224700937,-1.8881243319263779,-22.5
1772919182.2279298,-0.05919567675028172,1.1424453413231301,-7.192431094574726,1.0237342511263392,0.7153626795483924,9.774511746975104,0.0007892507145463906,0.0007529907739340783,-0.001090830782496456,14.499509224700937,-1.8881243319263779,-22.5
1772919182.2705474,-0.05919567675028172,1.1424453413231301,-7.192431094574726,1.0237342511263392,0.7153626795483924,9.774511746975104,0.0007892507145463906,0.0007529907739340783,-0.001090830782496456,14.499509224700937,-1.8881243319263779,-22.5
1772919182.307777,-0.05919567675028172,1.1424453413231301,-7.192431094574726,1.0228528543104614,0.7140996762884808,9.773002517212415,-0.0008255106551587029,-0.0022952322624145475,0.0,13.991693432755415,-2.804519100271735,-24.0
1772919182.3688967,-0.05919567675028172,1.1424453413231301,-7.192431094574726,1.0222662945753425,0.7132591617276807,9.771998141664547,0.0008255106551587029,0.0022952322624145475,0.001090830782496456,13.991693432755415,-2.804519100271735,-24.0
1772919182.4171267,-0.05919567675028172,1.1424453413231301,-7.192431094574726,1.0242962401806979,0.7150089094957569,9.77132974095705,-0.002404012084251484,-0.003801213810282704,0.0,14.692372234307213,-3.086231217611293,-22.5
1772919182.4942033,-0.05919567675028172,1.1424453413231301,-7.192431094574726,1.0232268517483083,0.7138642462703224,9.770884927752737,-0.0015785014290927812,-0.0015059815478681566,-0.002181661564992912,14.692372234307213,-3.086231217611293,-22.5
1772919182.580152,-0.05919567675028172,1.1424453413231301,-7.192431094574726,1.0296648756250812,0.7153003927619983,9.770588909534156,-0.0023314922030268593,-0.000716730833321766,0.0,14.760445926415692,-2.071084813173628,-22.0625
1772919182.642856,-0.05919567675028172,1.1424453413231301,-7.192431094574726,1.0315290140408593,0.713947031390275,9.77039191271643,-0.002295232262414547,0.0008255106551587029,0.001090830782496456,14.760445926415692,-2.071084813173628,-22.0625
1772919182.6754532,-0.05919567675028172,1.1424453413231301,-7.192431094574726,1.0304604765136431,0.7154666790722058,9.770260813534833,-0.000716730833321766,0.0023314922030268598,0.0,14.963696643834368,-2.82737205745902,-23.5625
1772919182.6992698,-0.05919567675028172,1.1424453413231301,-7.192431094574726,1.0304604765136431,0.7154666790722058,9.770260813534833,-0.001542241488480469,3.6259940612312275e-05,-0.001090830782496456,14.963696643834368,-2.82737205745902,-23.5625
1772919182.7357025,-0.05919567675028172,1.1424453413231301,-7.192431094574726,1.0304604765136431,0.7154666790722058,9.770260813534833,-0.0007529907739340783,0.0007892507145463906,0.0,14.963696643834368,-2.82737205745902,-23.5625
1772919182.772367,-0.05919567675028172,1.1424453413231301,-7.192431094574726,1.0273290821688514,0.7141688868098278,9.766828456786634,-0.0030482230363486256,0.0016147613697050937,-0.002181661564992912,15.253233747970471,-3.674100771586798,-23.25
1772919182.7874954,-0.05919567675028172,1.1424453413231301,-7.192431094574726,1.0276654687691351,0.7156143213756309,9.767889373419964,-0.000716730833321766,0.0023314922030268598,0.001090830782496456,15.253233747970471,-3.674100771586798,-23.25
1772919182.8303757,-0.05919567675028172,1.1424453413231301,-7.192431094574726,1.0276654687691351,0.7156143213756309,9.767889373419964,-0.000716730833321766,0.0023314922030268598,0.001090830782496456,15.253233747970471,-3.674100771586798,-23.25
1772919182.8753216,-0.05919567675028172,1.1424453413231301,-7.192431094574726,1.0280383076379993,0.717216389317924,9.774636501628553,0.0007892507145463906,0.0007529907739340783,-0.001090830782496456,15.245408761173927,-2.1266932559072242,-22.5
1772919182.8944368,-0.05919567675028172,1.1424453413231301,-7.192431094574726,1.0235192487580334,0.7224829893654862,9.776430651748004,-3.625994061231226e-05,-0.001542241488480469,0.0,15.245408761173927,-2.1266932559072242,-22.5
1772919182.927809,-0.05919567675028172,1.1424453413231301,-7.192431094574726,1.0235192487580334,0.7224829893654862,9.776430651748004,-3.625994061231226e-05,-0.001542241488480469,0.0,15.245408761173927,-2.1266932559072242,-22.5
1772919182.9662883,-0.05919567675028172,1.1424453413231301,-7.192431094574726,1.0205118655546115,0.7259878528653615,9.77427952690321,0.0,0.0,-0.001090830782496456,14.476656267513652,-2.860127543005331,-22.5
1772919183.021132,-0.05919567675028172,1.1424453413231301,-7.192431094574726,1.0231286872656578,0.7234797112590869,9.772847977348638,-0.0007892507145463906,-0.0007529907739340783,-0.001090830782496456,14.476656267513652,-2.860127543005331,-22.5
1772919183.063198,-0.05919567675028172,1.1424453413231301,-7.192431094574726,1.024870152882545,0.7218105710378887,9.765205073696889,-0.002367752143639172,-0.002258972321802235,-0.002181661564992912,15.087378778676442,-1.3272628182631196,-23.5625
1772919183.0965586,-0.05919567675028172,1.1424453413231301,-7.192431094574726,1.024870152882545,0.7218105710378887,9.765205073696889,-0.002367752143639172,-0.002258972321802235,-0.002181661564992912,15.087378778676442,-1.3272628182631196,-23.5625
1772919183.1187878,-0.05919567675028172,1.1424453413231301,-7.192431094574726,1.023719977978012,0.7231200714229747,9.760118806693477,0.0023314922030268593,0.000716730833321766,-0.001090830782496456,15.087378778676442,-1.3272628182631196,-23.5625
1772919183.1653187,-0.05919567675028172,1.1424453413231301,-7.192431094574726,1.0229545494273409,0.7239915293011717,9.76342417623467,0.0015785014290927812,0.0015059815478681566,0.0,15.019305086567964,-2.342409222700785,-22.5
1772919183.1907132,-0.05919567675028172,1.1424453413231301,-7.192431094574726,1.022333971539617,0.719842079408388,9.765623862740938,-0.0007892507145463906,-0.0007529907739340783,0.0,15.019305086567964,-2.342409222700785,-22.5
1772919183.2253592,-0.05919567675028172,1.1424453413231301,-7.192431094574726,1.0243412784444212,0.7193897676762588,9.77043284124607,0.001542241488480469,-3.6259940612312275e-05,-0.001090830782496456,14.963696643834368,-2.82737205745902,-22.75
1772919183.2577856,-0.05919567675028172,1.1424453413231301,-7.192431094574726,1.0243412784444212,0.7193897676762588,9.77043284124607,0.001542241488480469,-3.6259940612312275e-05,-0.001090830782496456,14.963696643834368,-2.82737205745902,-22.75
1772919183.2833745,-0.05919567675028172,1.1424453413231301,-7.192431094574726,1.025677118766481,0.7190887592711799,9.773633162721426,0.00312074291757325,0.0014697216072558446,-0.001090830782496456,14.963696643834368,-2.82737205745902,-22.75
1772919183.3055992,-0.05919567675028172,1.1424453413231301,-7.192431094574726,1.0265661055784978,0.7188884415400841,9.772417829206022,-0.001542241488480469,3.6259940612312275e-05,0.001090830782496456,14.963696643834368,-2.82737205745902,-22.75
1772919183.3187785,-0.05919567675028172,1.1424453413231301,-7.192431094574726,1.027046522633612,0.7140257369518342,9.771609038327686,0.0007892507145463906,0.0007529907739340783,-0.001090830782496456,13.775977465961855,-2.5784154256657725,-22.5
1772919183.3380415,-0.05919567675028172,1.1424453413231301,-7.192431094574726,1.027046522633612,0.7140257369518342,9.771609038327686,0.0007892507145463906,0.0007529907739340783,-0.001090830782496456,13.775977465961855,-2.5784154256657725,-22.5
1772919183.3609157,-0.05919567675028172,1.1424453413231301,-7.192431094574726,1.0273662348171804,0.7107896613683232,9.774415908740258,0.002367752143639172,0.002258972321802235,0.0,13.775977465961855,-2.5784154256657725,-22.5
1772919183.3922484,-0.05919567675028172,1.1424453413231301,-7.192431094574726,1.0301104879983511,0.715674585411857,9.776283849645028,0.0007892507145463906,0.0007529907739340783,0.002181661564992912,13.775977465961855,-2.5784154256657725,-22.5
1772919183.4145901,-0.05919567675028172,1.1424453413231301,-7.192431094574726,1.0319367578351035,0.7189254477946517,9.774181831743565,0.0,0.0,-0.002181661564992912,14.986549601021654,-1.8553688463800673,-23.25
1772919183.4325752,-0.05919567675028172,1.1424453413231301,-7.192431094574726,1.0284227246347901,0.7212000541335388,9.77278296231122,-0.0008255106551587029,-0.0022952322624145475,-0.001090830782496456,14.986549601021654,-1.8553688463800673,-23.25
1772919183.4526231,-0.05919567675028172,1.1424453413231301,-7.192431094574726,1.0284227246347901,0.7212000541335388,9.77278296231122,-0.0008255106551587029,-0.0022952322624145475,-0.001090830782496456,14.986549601021654,-1.8553688463800673,-23.25
1772919183.4972367,-0.05919567675028172,1.1424453413231301,-7.192431094574726,1.0260841747943044,0.7227137792430506,9.771852030330392,-0.0007529907739340783,0.0007892507145463906,0.0,14.986549601021654,-1.8553688463800673,-23.25
1772919183.5370831,-0.05919567675028172,1.1424453413231301,-7.192431094574726,1.0268369968179005,0.7213008518372378,9.77457761720366,0.0007529907739340783,-0.0007892507145463906,-0.001090830782496456,15.245408761173927,-2.1266932559072242,-22.5
1772919183.5728436,-0.05919567675028172,1.1424453413231301,-7.192431094574726,1.0273379914650307,0.7203605644321026,9.77639146482102,3.625994061231226e-05,0.001542241488480469,-0.001090830782496456,15.245408761173927,-2.1266932559072242,-22.5
1772919183.594768,-0.05919567675028172,1.1424453413231301,-7.192431094574726,1.025362296987093,0.7221551082244592,9.774253448441048,0.0007529907739340783,-0.0007892507145463906,-0.001090830782496456,15.245408761173927,-2.1266932559072242,-22.75
1772919183.6251304,-0.05919567675028172,1.1424453413231301,-7.192431094574726,1.0240474943819788,0.7233493570719047,9.772830622423385,-0.0007892507145463906,-0.0007529907739340783,-0.002181661564992912,15.245408761173927,-2.1266932559072242,-22.75
1772919183.6482565,-0.05919567675028172,1.1424453413231301,-7.192431094574726,1.0240474943819788,0.7233493570719047,9.772830622423385,-0.0007892507145463906,-0.0007529907739340783,-0.002181661564992912,15.245408761173927,-2.1266932559072242,-22.75
1772919183.6841865,-0.05919567675028172,1.1424453413231301,-7.192431094574726,1.0254816087547087,0.7217238217824706,9.778573971017277,-0.0007892507145463906,-0.0007529907739340783,0.0,15.22255580398664,-3.098696466986177,-21.5625
1772919183.7143154,-0.05919567675028172,1.1424453413231301,-7.192431094574726,1.0264359958496532,0.7206420462057711,9.782396105349106,-0.0015785014290927812,-0.0015059815478681566,-0.001090830782496456,15.22255580398664,-3.098696466986177,-21.5625
1772919183.7335544,-0.05919567675028172,1.1424453413231301,-7.192431094574726,1.0264359958496532,0.7206420462057711,9.782396105349106,-0.0015785014290927812,-0.0015059815478681566,-0.001090830782496456,15.22255580398664,-3.098696466986177,-21.5625
1772919183.766235,-0.05919567675028172,1.1424453413231301,-7.192431094574726,1.0270711298001365,0.7199221366437027,9.78159458134358,0.002295232262414547,-0.0008255106551587029,0.0,14.986549601021654,-1.8553688463800673,-24.0
1772919183.8016207,-0.05919567675028172,1.1424453413231301,-7.192431094574726,1.0274938043492718,0.7194430448720628,9.78106117607151,0.0007892507145463906,0.0007529907739340783,-0.001090830782496456,14.986549601021654,-1.8553688463800673,-24.0
1772919183.8274133,-0.05919567675028172,1.1424453413231301,-7.192431094574726,1.0300841903592635,0.7167039200930667,9.777361089114157,0.0,0.0,0.0,14.715225191494499,-2.11422800653234,-24.0
1772919183.8598094,-0.05919567675028172,1.1424453413231301,-7.192431094574726,1.0318080633124052,0.7148810631506736,9.778243834284037,0.001542241488480469,-3.6259940612312275e-05,0.0,14.715225191494499,-2.11422800653234,-24.0
1772919183.8867917,-0.05919567675028172,1.1424453413231301,-7.192431094574726,1.0318080633124052,0.7148810631506736,9.778243834284037,0.001542241488480469,-3.6259940612312275e-05,0.0,14.715225191494499,-2.11422800653234,-24.0
1772919183.9184053,-0.05919567675028172,1.1424453413231301,-7.192431094574726,1.0329552815057983,0.7136679722181571,9.778831291333683,0.0007892507145463906,0.0007529907739340783,0.002181661564992912,14.760445926415692,-2.071084813173628,-23.25
1772919183.9635637,-0.05919567675028172,1.1424453413231301,-7.192431094574726,1.0314096415791083,0.7152809683104565,9.779222237437898,0.00312074291757325,0.0014697216072558446,0.001090830782496456,14.760445926415692,-2.071084813173628,-23.25
1772919183.9849575,-0.05919567675028172,1.1424453413231301,-7.192431094574726,1.0314096415791083,0.7152809683104565,9.779222237437898,0.00312074291757325,0.0014697216072558446,0.001090830782496456,14.760445926415692,-2.071084813173628,-23.25
1772919184.0270853,-0.05919567675028172,1.1424453413231301,-7.192431094574726,1.0303810354738256,0.7163543991915349,9.77613729599578,3.625994061231226e-05,0.001542241488480469,0.0,14.489121516888535,-2.329943973325901,-21.5625
1772919184.0557265,-0.05919567675028172,1.1424453413231301,-7.192431094574726,1.029696509601043,0.7170687554518839,9.774084301927102,0.001542241488480469,-3.6259940612312275e-05,-0.001090830782496456,14.489121516888535,-2.329943973325901,-21.5625
1772919184.0744214,-0.05919567675028172,1.1424453413231301,-7.192431094574726,1.0292409652793613,0.7175441515632639,9.776063169015163,0.0,0.0,0.001090830782496456,14.715225191494499,-2.11422800653234,-23.25
1772919184.1009817,-0.05919567675028172,1.1424453413231301,-7.192431094574726,1.0289378056220455,0.7178605223648646,9.777380082956874,-0.0007892507145463906,-0.0007529907739340783,0.0,14.715225191494499,-2.11422800653234,-23.25
1772919184.127289,-0.05919567675028172,1.1424453413231301,-7.192431094574726,1.0289378056220455,0.7178605223648646,9.777380082956874,-0.0007892507145463906,-0.0007529907739340783,0.0,14.715225191494499,-2.11422800653234,-23.25
1772919184.1668937,-0.05919567675028172,1.1424453413231301,-7.192431094574726,1.0287360562566172,0.7180710635992367,9.774911362766872,0.0023314922030268593,0.000716730833321766,0.001090830782496456,14.747980677040808,-2.601268382853058,-23.25
1772919184.1946845,-0.05919567675028172,1.1424453413231301,-7.192431094574726,1.028601794307613,0.7182111764388116,9.773268457057837,-0.0007892507145463906,-0.0007529907739340783,0.0,14.747980677040808,-2.601268382853058,-23.25
1772919184.2302547,-0.05919567675028172,1.1424453413231301,-7.192431094574726,1.03093273903713,0.7206135207875115,9.772175121660933,-0.0023314922030268593,-0.000716730833321766,0.001090830782496456,14.466268559701248,-3.3019471844048542,-23.5625
1772919184.2503214,-0.05919567675028172,1.1424453413231301,-7.192431094574726,1.03093273903713,0.7206135207875115,9.772175121660933,-0.0023314922030268593,-0.000716730833321766,0.001090830782496456,14.466268559701248,-3.3019471844048542,-23.5625
1772919184.2714262,-0.05919567675028172,1.1424453413231301,-7.192431094574726,1.0323727629786155,0.7174828587397253,9.77479263087497,0.002295232262414547,-0.0008255106551587029,0.0,14.466268559701248,-3.3019471844048542,-23.5625
1772919184.2879214,-0.05919567675028172,1.1424453413231301,-7.192431094574726,1.0323727629786155,0.7174828587397253,9.77479263087497,0.002295232262414547,-0.0008255106551587029,0.0,14.466268559701248,-3.3019471844048542,-23.5625
1772919184.3062918,-0.05919567675028172,1.1424453413231301,-7.192431094574726,1.0333310828255526,0.71539943811871,9.776534554017417,0.001542241488480469,-3.6259940612312275e-05,0.001090830782496456,15.321307440078948,-2.658954367149133,-23.25
1772919184.3491051,-0.05919567675028172,1.1424453413231301,-7.192431094574726,1.0293506323403032,0.7188535340823086,9.774348672702839,0.003084482976960938,-7.251988122462455e-05,0.001090830782496456,15.321307440078948,-2.658954367149133,-23.25
1772919184.3721197,-0.05919567675028172,1.1424453413231301,-7.192431094574726,1.0293506323403032,0.7188535340823086,9.774348672702839,0.003084482976960938,-7.251988122462455e-05,0.001090830782496456,15.321307440078948,-2.658954367149133,-23.25
1772919184.4002469,-0.05919567675028172,1.1424453413231301,-7.192431094574726,1.0267016870069152,0.7211521963613033,9.772893993105882,0.001542241488480469,-3.6259940612312275e-05,0.001090830782496456,14.760445926415692,-2.071084813173628,-21.5625
1772919184.4133978,-0.05919567675028172,1.1424453413231301,-7.192431094574726,1.0249388434782036,0.7226819304302342,9.778616143498581,0.0007529907739340783,-0.0007892507145463906,0.001090830782496456,14.760445926415692,-2.071084813173628,-21.5625
1772919184.4264698,-0.05919567675028172,1.1424453413231301,-7.192431094574726,1.0249388434782036,0.7226819304302342,9.778616143498581,0.0007529907739340783,-0.0007892507145463906,0.001090830782496456,14.760445926415692,-2.071084813173628,-21.5625
1772919184.4467726,-0.05919567675028172,1.1424453413231301,-7.192431094574726,1.0260747916212245,0.7212796568080829,9.782424170664315,-0.0007529907739340783,0.0007892507145463906,0.0,14.760445926415692,-2.071084813173628,-21.5625
1772919184.46901,-0.05919567675028172,1.1424453413231301,-7.192431094574726,1.0268307524210327,0.7203464593769641,9.781613258497341,0.0023314922030268593,0.000716730833321766,-0.001090830782496456,14.986549601021654,-1.8553688463800673,-22.75
1772919184.5116608,-0.05919567675028172,1.1424453413231301,-7.192431094574726,1.0249135413318942,0.7174163260919268,9.781073605508702,0.001542241488480469,-3.6259940612312275e-05,0.001090830782496456,14.986549601021654,-1.8553688463800673,-22.75
1772919184.5308053,-0.05919567675028172,1.1424453413231301,-7.192431094574726,1.0249135413318942,0.7174163260919268,9.781073605508702,0.001542241488480469,-3.6259940612312275e-05,0.001090830782496456,14.986549601021654,-1.8553688463800673,-22.75
1772919184.576699,-0.05919567675028172,1.1424453413231301,-7.192431094574726,1.0236376587687237,0.715466355122468,9.78071447247308,0.0007892507145463906,0.0007529907739340783,-0.001090830782496456,14.986549601021654,-1.8553688463800673,-22.75
1772919184.591203,-0.05919567675028172,1.1424453413231301,-7.192431094574726,1.0275179685513771,0.7140574774872467,9.780475473449654,0.0038737336915073287,0.000680470892709454,-0.001090830782496456,14.54472995962213,-1.8449811385676655,-23.25
1772919184.6036253,-0.05919567675028172,1.1424453413231301,-7.192431094574726,1.0275179685513771,0.7140574774872467,9.780475473449654,0.0038737336915073287,0.000680470892709454,-0.001090830782496456,14.54472995962213,-1.8449811385676655,-23.25
1772919184.6200662,-0.05919567675028172,1.1424453413231301,-7.192431094574726,1.0301002713658327,0.7131198851592012,9.780316422269358,0.0007892507145463906,0.0007529907739340783,-0.001090830782496456,14.54472995962213,-1.8449811385676655,-23.25
1772919184.6335616,-0.05919567675028172,1.1424453413231301,-7.192431094574726,1.0318187650426403,0.7124959279384795,9.78021057548559,-3.625994061231226e-05,-0.001542241488480469,0.0,14.54472995962213,-1.8449811385676655,-23.25
1772919184.6500514,-0.05919567675028172,1.1424453413231301,-7.192431094574726,1.0318187650426403,0.7124959279384795,9.78021057548559,-3.625994061231226e-05,-0.001542241488480469,0.0,14.54472995962213,-1.8449811385676655,-23.25
1772919184.6696591,-0.05919567675028172,1.1424453413231301,-7.192431094574726,1.0306533025685976,0.7145009859349236,9.780140135633378,0.0007892507145463906,0.0007529907739340783,-0.001090830782496456,14.747980677040808,-2.601268382853058,-22.0625
1772919184.6879957,-0.05919567675028172,1.1424453413231301,-7.192431094574726,1.0275685994920651,0.7182556241903673,9.776748146991276,-0.0007892507145463906,-0.0007529907739340783,-0.001090830782496456,14.747980677040808,-2.601268382853058,-22.0625
1772919184.712591,-0.05919567675028172,1.1424453413231301,-7.192431094574726,1.0230954694962484,0.7184451931881816,9.774490816440952,-3.625994061231226e-05,-0.001542241488480469,-0.001090830782496456,14.747980677040808,-2.601268382853058,-22.0625
1772919184.729763,-0.05919567675028172,1.1424453413231301,-7.192431094574726,1.0230954694962484,0.7184451931881816,9.774490816440952,-3.625994061231226e-05,-0.001542241488480469,-0.001090830782496456,14.747980677040808,-2.601268382853058,-22.0625
1772919184.7523375,-0.05919567675028172,1.1424453413231301,-7.192431094574726,1.0178095506330427,0.720991643795378,9.772988588175746,0.0015785014290927812,0.0015059815478681566,0.0,15.019305086567964,-2.342409222700785,-22.75
1772919184.7774425,-0.05919567675028172,1.1424453413231301,-7.192431094574726,1.0166009314962876,0.7202659836719746,9.771988872046242,0.0007892507145463906,0.0007529907739340783,0.001090830782496456,15.019305086567964,-2.342409222700785,-22.75
1772919184.804434,-0.05919567675028172,1.1424453413231301,-7.192431094574726,1.0166009314962876,0.7202659836719746,9.771988872046242,0.0007892507145463906,0.0007529907739340783,0.001090830782496456,15.019305086567964,-2.342409222700785,-22.75
1772919184.8228042,-0.05919567675028172,1.1424453413231301,-7.192431094574726,1.0134875081428119,0.7222033595227798,9.767978460422299,0.0015785014290927812,0.0015059815478681566,0.001090830782496456,14.0145463899427,-1.8325158891927817,-23.5625
1772919184.8508549,-0.05919567675028172,1.1424453413231301,-7.192431094574726,1.008995265123516,0.7211835606904585,9.761964464578478,-3.625994061231226e-05,-0.001542241488480469,-0.001090830782496456,14.0145463899427,-1.8325158891927817,-23.5625
1772919184.8638995,-0.05919567675028172,1.1424453413231301,-7.192431094574726,1.006005727575817,0.720504895959448,9.75796221752515,-0.0015059815478681566,0.0015785014290927812,0.0,14.0145463899427,-1.8325158891927817,-23.5625
1772919184.8830388,-0.05919567675028172,1.1424453413231301,-7.192431094574726,1.006005727575817,0.720504895959448,9.75796221752515,-0.0015059815478681566,0.0015785014290927812,0.0,14.0145463899427,-1.8325158891927817,-23.5625
1772919184.9007077,-0.05919567675028172,1.1424453413231301,-7.192431094574726,1.0134750144849487,0.7198308646868433,9.765334101941148,-0.0007892507145463906,-0.0007529907739340783,0.0,14.760445926415692,-2.071084813173628,-22.75
1772919184.924978,-0.05919567675028172,1.1424453413231301,-7.192431094574726,1.018445741485574,0.7193823044043475,9.77358512037797,0.0007529907739340783,-0.0007892507145463906,-0.001090830782496456,14.760445926415692,-2.071084813173628,-22.75
1772919184.944125,-0.05919567675028172,1.1424453413231301,-7.192431094574726,1.018445741485574,0.7193823044043475,9.77358512037797,0.0007529907739340783,-0.0007892507145463906,-0.001090830782496456,14.760445926415692,-2.071084813173628,-22.75
1772919184.9758513,-0.05919567675028172,1.1424453413231301,-7.192431094574726,1.0241739993346068,0.7213928933662193,9.77573096927044,-0.0007892507145463906,-0.0007529907739340783,-0.001090830782496456,14.778658621024636,-3.176672687453679,-22.5
1772919185.007421,-0.05919567675028172,1.1424453413231301,-7.192431094574726,1.023256695568404,0.7228421115982441,9.777159007737675,-0.0008255106551587029,-0.0022952322624145475,0.0,14.778658621024636,-3.176672687453679,-22.5
1772919185.0371125,-0.05919567675028172,1.1424453413231301,-7.192431094574726,1.0202259456021747,0.7214974493237022,9.778109351385385,0.0007529907739340783,-0.0007892507145463906,-0.001090830782496456,14.778658621024636,-3.176672687453679,-22.5
1772919185.0903022,-0.05919567675028172,1.1424453413231301,-7.192431094574726,1.02313284698335,0.7182852010537963,9.773591432091607,0.0015059815478681566,-0.0015785014290927812,0.0,15.461124727967487,-2.3527969305131866,-22.75
1772919185.1043992,-0.05919567675028172,1.1424453413231301,-7.192431094574726,1.0248729211282022,0.7183536825227488,9.772390057938038,0.0007892507145463906,0.0007529907739340783,0.0,15.461124727967487,-2.3527969305131866,-22.75
1772919185.137809,-0.05919567675028172,1.1424453413231301,-7.192431094574726,1.028451215590475,0.7207083569944746,9.771590556859067,-3.625994061231226e-05,-0.001542241488480469,0.002181661564992912,14.0145463899427,-1.8325158891927817,-23.5625
1772919185.1701934,-0.05919567675028172,1.1424453413231301,-7.192431094574726,1.0308325305829493,0.7222753665519707,9.771058497822025,0.0007892507145463906,0.0007529907739340783,-0.001090830782496456,14.0145463899427,-1.8325158891927817,-23.5625
1772919185.1878352,-0.05919567675028172,1.1424453413231301,-7.192431094574726,1.0308325305829493,0.7222753665519707,9.771058497822025,0.0007892507145463906,0.0007529907739340783,-0.001090830782496456,14.0145463899427,-1.8325158891927817,-23.5625
1772919185.2095208,-0.05919567675028172,1.1424453413231301,-7.192431094574726,1.029996974552634,0.7210090930887147,9.774049530183682,-0.0023314922030268593,-0.000716730833321766,-0.002181661564992912,14.0145463899427,-1.8325158891927817,-23.5625
1772919185.2288268,-0.05919567675028172,1.1424453413231301,-7.192431094574726,1.0294409213482318,0.7201664022441193,9.776040028808342,-0.003084482976960938,7.251988122462455e-05,0.0,15.049983030551791,-2.917813527301406,-22.75
1772919185.252485,-0.05919567675028172,1.1424453413231301,-7.192431094574726,1.0294409213482318,0.7201664022441193,9.776040028808342,-0.003084482976960938,7.251988122462455e-05,0.0,15.049983030551791,-2.917813527301406,-22.75
1772919185.293146,-0.05919567675028172,1.1424453413231301,-7.192431094574726,1.0290708741522232,0.7196056009005146,9.777364683407729,0.0007529907739340783,-0.0007892507145463906,-0.001090830782496456,15.049983030551791,-2.917813527301406,-22.75
1772919185.3204172,-0.05919567675028172,1.1424453413231301,-7.192431094574726,1.0311337126961035,0.7168120993141317,9.77490111453894,0.0,0.0,-0.001090830782496456,14.273405550094974,-2.1038402987199385,-23.25
1772919185.341796,-0.05919567675028172,1.1424453413231301,-7.192431094574726,1.0311337126961035,0.7168120993141317,9.77490111453894,0.0,0.0,-0.001090830782496456,14.273405550094974,-2.1038402987199385,-23.25
1772919185.3686838,-0.05919567675028172,1.1424453413231301,-7.192431094574726,1.0301974078845135,0.7173733497706266,9.773261636976628,-0.0008255106551587029,-0.0022952322624145475,0.0,14.273405550094974,-2.1038402987199385,-23.25
1772919185.405459,-0.05919567675028172,1.1424453413231301,-7.192431094574726,1.0295743074916104,0.7177468556798456,9.772170582973073,0.0,0.0,0.001090830782496456,14.747980677040808,-2.601268382853058,-23.5625
1772919185.453925,-0.05919567675028172,1.1424453413231301,-7.192431094574726,1.029159641140621,0.7179954196900966,9.77144449872158,0.001542241488480469,-3.6259940612312275e-05,0.002181661564992912,14.747980677040808,-2.601268382853058,-23.5625
1772919185.4812129,-0.05919567675028172,1.1424453413231301,-7.192431094574726,1.028883685316164,0.7181608362622766,9.770961297763103,-0.0008255106551587029,-0.0022952322624145475,0.002181661564992912,14.489121516888535,-2.329943973325901,-23.25
1772919185.5152829,-0.05919567675028172,1.1424453413231301,-7.192431094574726,1.0287000397976165,0.7182709191432383,9.767294621215626,-0.0023314922030268593,-0.000716730833321766,0.001090830782496456,14.489121516888535,-2.329943973325901,-23.25
1772919185.564905,-0.05919567675028172,1.1424453413231301,-7.192431094574726,1.0284964936773207,0.7183929310687563,9.773254123285488,-0.0023314922030268593,-0.000716730833321766,-0.002181661564992912,14.963696643834368,-2.82737205745902,-23.5625
1772919185.6322649,-0.05919567675028172,1.1424453413231301,-7.192431094574726,1.0284423680871801,0.7184253756442815,9.772165582695553,-0.0007892507145463906,-0.0007529907739340783,-0.001090830782496456,14.974084351646772,-2.385552416059497,-22.5
1772919185.6702452,-0.05919567675028172,1.1424453413231301,-7.192431094574726,1.0284423680871801,0.7184253756442815,9.772165582695553,-0.0007892507145463906,-0.0007529907739340783,-0.001090830782496456,14.974084351646772,-2.385552416059497,-22.5
1772919185.6869578,-0.05919567675028172,1.1424453413231301,-7.192431094574726,1.0284063481115642,0.718446967146864,9.771441171092746,0.0,0.0,0.0,14.974084351646772,-2.385552416059497,-22.5
1772919185.7034233,-0.05919567675028172,1.1424453413231301,-7.192431094574726,1.0260732764010354,0.7208816306074152,9.770959083263287,0.0007529907739340783,-0.0007892507145463906,0.0,14.974084351646772,-2.385552416059497,-22.5
1772919185.7218208,-0.05919567675028172,1.1424453413231301,-7.192431094574726,1.0260732764010354,0.7208816306074152,9.770959083263287,0.0007529907739340783,-0.0007892507145463906,0.0,14.974084351646772,-2.385552416059497,-22.5
1772919185.7499356,-0.05919567675028172,1.1424453413231301,-7.192431094574726,1.0221003486830216,0.7201927711243131,9.777328482612695,0.0008255106551587029,0.0022952322624145475,-0.002181661564992912,13.991693432755415,-2.804519100271735,-24.0625
1772919185.7898703,-0.05919567675028172,1.1424453413231301,-7.192431094574726,1.0218767042239694,0.7220434436524994,9.781567246728873,-0.0016147613697050935,-0.0030482230363486256,0.0,13.991693432755415,-2.804519100271735,-24.0625
1772919185.8115938,-0.05919567675028172,1.1424453413231301,-7.192431094574726,1.0218767042239694,0.7220434436524994,9.781567246728873,-0.0016147613697050935,-0.0030482230363486256,0.0,13.991693432755415,-2.804519100271735,-24.0625
1772919185.836155,-0.05919567675028172,1.1424453413231301,-7.192431094574726,1.0240369721538682,0.7208547509898651,9.777697873483453,-0.0015785014290927812,-0.0015059815478681566,0.001090830782496456,14.273405550094974,-2.1038402987199385,-23.25
1772919185.8678694,-0.05919567675028172,1.1424453413231301,-7.192431094574726,1.0231655055103164,0.7224839838582247,9.775122848812357,0.0,0.0,0.0,14.273405550094974,-2.1038402987199385,-23.25
1772919185.8887606,-0.05919567675028172,1.1424453413231301,-7.192431094574726,1.0248946550130786,0.7211479255756187,9.776754310365972,0.002295232262414547,-0.0008255106551587029,-0.001090830782496456,14.273405550094974,-2.1038402987199385,-23.25
1772919185.9060996,-0.05919567675028172,1.1424453413231301,-7.192431094574726,1.0248946550130786,0.7211479255756187,9.776754310365972,0.002295232262414547,-0.0008255106551587029,-0.001090830782496456,14.273405550094974,-2.1038402987199385,-23.25
1772919185.9225805,-0.05919567675028172,1.1424453413231301,-7.192431094574726,1.0236250901345259,0.7179496928941674,9.777840029805283,0.0,0.0,0.0,14.476656267513652,-2.860127543005331,-22.5
1772919185.9355388,-0.05919567675028172,1.1424453413231301,-7.192431094574726,1.022780208889818,0.7158213047712615,9.778562563963863,-0.001542241488480469,3.6259940612312275e-05,0.0,14.476656267513652,-2.860127543005331,-22.5
1772919185.9634802,-0.05919567675028172,1.1424453413231301,-7.192431094574726,1.0222179498594068,0.714404886251121,9.779043402375164,3.625994061231226e-05,0.001542241488480469,0.001090830782496456,14.476656267513652,-2.860127543005331,-22.5
1772919185.987207,-0.05919567675028172,1.1424453413231301,-7.192431094574726,1.0222179498594068,0.714404886251121,9.779043402375164,3.625994061231226e-05,0.001542241488480469,0.001090830782496456,14.476656267513652,-2.860127543005331,-22.5
1772919186.017097,-0.05919567675028172,1.1424453413231301,-7.192431094574726,1.019534671936387,0.7158825701051743,9.779363394966568,-0.001542241488480469,3.6259940612312275e-05,-0.002181661564992912,14.760445926415692,-2.071084813173628,-22.75
1772919186.0363717,-0.05919567675028172,1.1424453413231301,-7.192431094574726,1.0201692750095712,0.7191750530223626,9.776231234754276,0.0,0.0,0.0,14.760445926415692,-2.071084813173628,-22.75
1772919186.0688837,-0.05919567675028172,1.1424453413231301,-7.192431094574726,1.0205915962657945,0.7213661636243074,9.774146817121517,-0.0016147613697050935,-0.0030482230363486256,0.001090830782496456,14.747980677040808,-2.601268382853058,-22.5
1772919186.109838,-0.05919567675028172,1.1424453413231301,-7.192431094574726,1.0231817471632996,0.720404028696817,9.772759660471387,-0.0015785014290927812,-0.0015059815478681566,0.0,14.747980677040808,-2.601268382853058,-22.5
1772919186.147342,-0.05919567675028172,1.1424453413231301,-7.192431094574726,1.0231817471632996,0.720404028696817,9.772759660471387,-0.0015785014290927812,-0.0015059815478681566,0.0,14.747980677040808,-2.601268382853058,-22.5
1772919186.198872,-0.05919567675028172,1.1424453413231301,-7.192431094574726,1.0249054636517079,0.7197637386503235,9.7751816349236,0.0007892507145463906,0.0007529907739340783,-0.001090830782496456,14.476656267513652,-2.860127543005331,-23.25
1772919186.2149334,-0.05919567675028172,1.1424453413231301,-7.192431094574726,1.028472872276344,0.7216467335960165,9.773448320159002,0.0,0.0,-0.001090830782496456,14.476656267513652,-2.860127543005331,-23.25
1772919186.22864,-0.05919567675028172,1.1424453413231301,-7.192431094574726,1.0284266483086988,0.7205907448788174,9.772294818545555,0.001542241488480469,-3.6259940612312275e-05,0.002181661564992912,14.476656267513652,-2.860127543005331,-23.25
1772919186.2570884,-0.05919567675028172,1.1424453413231301,-7.192431094574726,1.0284266483086988,0.7205907448788174,9.772294818545555,0.001542241488480469,-3.6259940612312275e-05,0.002181661564992912,14.476656267513652,-2.860127543005331,-23.25
1772919186.285062,-0.05919567675028172,1.1424453413231301,-7.192431094574726,1.0259755922178107,0.7175788953645623,9.771527176107265,-0.0016510213103174058,-0.004590464524829095,0.0,14.273405550094974,-2.1038402987199385,-22.0625
1772919186.3090045,-0.05919567675028172,1.1424453413231301,-7.192431094574726,1.0197262401311635,0.7204151322709402,9.774361430347028,-0.0007529907739340783,0.0007892507145463906,0.001090830782496456,14.273405550094974,-2.1038402987199385,-22.0625
1772919186.338479,-0.05919567675028172,1.1424453413231301,-7.192431094574726,1.0197262401311635,0.7204151322709402,9.774361430347028,-0.0007529907739340783,0.0007892507145463906,0.001090830782496456,14.273405550094974,-2.1038402987199385,-22.0625
1772919186.3669088,-0.05919567675028172,1.1424453413231301,-7.192431094574726,1.022605862322364,0.7197711279548674,9.776247594882896,-0.0008255106551587029,-0.0022952322624145475,0.001090830782496456,13.93400744845934,-3.377845863309877,-23.25
1772919186.408638,-0.05919567675028172,1.1424453413231301,-7.192431094574726,1.0222131179039944,0.721762844833296,9.77750281631168,-3.625994061231226e-05,-0.001542241488480469,-0.002181661564992912,13.93400744845934,-3.377845863309877,-23.25
1772919186.4255106,-0.05919567675028172,1.1424453413231301,-7.192431094574726,1.024260851699938,0.7206680156101795,9.774993040443473,0.0,0.0,0.002181661564992912,14.747980677040808,-2.601268382853058,-22.5
1772919186.443109,-0.05919567675028172,1.1424453413231301,-7.192431094574726,1.024260851699938,0.7206680156101795,9.774993040443473,0.0,0.0,0.002181661564992912,14.747980677040808,-2.601268382853058,-22.5
1772919186.4926689,-0.05919567675028172,1.1424453413231301,-7.192431094574726,1.0233144948473274,0.7223597135490147,9.773322812639215,-0.0008255106551587029,-0.0022952322624145475,-0.002181661564992912,14.747980677040808,-2.601268382853058,-22.5
1772919186.5330431,-0.05919567675028172,1.1424453413231301,-7.192431094574726,1.0225735111957641,0.7187561242539039,9.772211294693149,-0.001542241488480469,3.6259940612312275e-05,0.001090830782496456,13.93400744845934,-3.377845863309877,-22.5
1772919186.5615633,-0.05919567675028172,1.1424453413231301,-7.192431094574726,1.0225735111957641,0.7187561242539039,9.772211294693149,-0.001542241488480469,3.6259940612312275e-05,0.001090830782496456,13.93400744845934,-3.377845863309877,-22.5
1772919186.597063,-0.05919567675028172,1.1424453413231301,-7.192431094574726,1.0197712940338524,0.7187782703895131,9.774816703623829,-0.0015785014290927812,-0.0015059815478681566,0.0,13.93400744845934,-3.377845863309877,-22.5
1772919186.669495,-0.05919567675028172,1.1424453413231301,-7.192431094574726,1.0205111984396311,0.7147718428257896,9.777704445638003,0.001542241488480469,-3.6259940612312275e-05,0.001090830782496456,14.0145463899427,-1.8325158891927817,-22.5
1772919186.722775,-0.05919567675028172,1.1424453413231301,-7.192431094574726,1.0205111984396311,0.7147718428257896,9.777704445638003,0.001542241488480469,-3.6259940612312275e-05,0.001090830782496456,14.0145463899427,-1.8325158891927817,-22.5
1772919186.7452958,-0.05919567675028172,1.1424453413231301,-7.192431094574726,1.0207079487513149,0.7137064810496675,9.778472334215113,-0.0015059815478681566,0.0015785014290927812,-0.001090830782496456,13.662683038932183,-3.63670502346215,-23.25
1772919186.783186,-0.05919567675028172,1.1424453413231301,-7.192431094574726,1.027377287859941,0.7186805546241218,9.779323434432131,0.0015059815478681566,-0.0015785014290927812,-0.001090830782496456,13.662683038932183,-3.63670502346215,-23.25
1772919186.811696,-0.05919567675028172,1.1424453413231301,-7.192431094574726,1.027377287859941,0.7186805546241218,9.779323434432131,0.0015059815478681566,-0.0015785014290927812,-0.001090830782496456,13.662683038932183,-3.63670502346215,-23.25
1772919186.8443842,-0.05919567675028172,1.1424453413231301,-7.192431094574726,1.030006649937188,0.7161964913506361,9.772859529757676,0.0015785014290927812,0.0015059815478681566,0.001090830782496456,13.775977465961855,-2.5784154256657725,-22.75
1772919186.8791468,-0.05919567675028172,1.1424453413231301,-7.192431094574726,1.0294473602085712,0.716963669547712,9.768557873403374,0.001542241488480469,-3.6259940612312275e-05,0.0,13.775977465961855,-2.5784154256657725,-22.75
1772919186.9078152,-0.05919567675028172,1.1424453413231301,-7.192431094574726,1.0290751591418523,0.7174742180679239,9.769040280859555,-0.0007529907739340783,0.0007892507145463906,-0.001090830782496456,13.712544036431716,-1.5159707447444337,-23.5625
1772919186.9320035,-0.05919567675028172,1.1424453413231301,-7.192431094574726,1.0288274634897092,0.7178139824049243,9.769361317632798,-0.001542241488480469,3.6259940612312275e-05,0.0,13.712544036431716,-1.5159707447444337,-23.5625
1772919186.9519873,-0.05919567675028172,1.1424453413231301,-7.192431094574726,1.0288274634897092,0.7178139824049243,9.769361317632798,-0.001542241488480469,3.6259940612312275e-05,0.0,13.712544036431716,-1.5159707447444337,-23.5625
1772919186.976405,-0.05919567675028172,1.1424453413231301,-7.192431094574726,1.0286626248001498,0.7180400917757817,9.776265187433816,0.00312074291757325,0.0014697216072558446,0.001090830782496456,14.778658621024636,-3.176672687453679,-23.5625
1772919187.0170271,-0.05919567675028172,1.1424453413231301,-7.192431094574726,1.0285529264936168,0.7181905650362802,9.774169412250476,0.001542241488480469,-3.6259940612312275e-05,0.001090830782496456,14.778658621024636,-3.176672687453679,-23.5625
1772919187.036573,-0.05919567675028172,1.1424453413231301,-7.192431094574726,1.0285529264936168,0.7181905650362802,9.774169412250476,0.001542241488480469,-3.6259940612312275e-05,0.001090830782496456,14.778658621024636,-3.176672687453679,-23.5625
1772919187.057337,-0.05919567675028172,1.1424453413231301,-7.192431094574726,1.0284799234960296,0.7182907033102455,9.776119808984625,0.0015785014290927812,0.0015059815478681566,0.001090830782496456,14.285870799469857,-1.5736567290405086,-23.5625
1772919187.0774612,-0.05919567675028172,1.1424453413231301,-7.192431094574726,1.0284799234960296,0.7182907033102455,9.776119808984625,0.0015785014290927812,0.0015059815478681566,0.001090830782496456,14.285870799469857,-1.5736567290405086,-23.5625
1772919187.108561,-0.05919567675028172,1.1424453413231301,-7.192431094574726,1.026122239997506,0.720777638769727,9.774072664516522,0.002367752143639172,0.002258972321802235,-0.001090830782496456,14.285870799469857,-1.5736567290405086,-23.5625
1772919187.138505,-0.05919567675028172,1.1424453413231301,-7.192431094574726,1.026862328785415,0.7200123719803471,9.772710312741102,0.0015785014290927812,0.0015059815478681566,-0.001090830782496456,14.273405550094974,-2.1038402987199385,-22.5
1772919187.1820939,-0.05919567675028172,1.1424453413231301,-7.192431094574726,1.025045748787309,0.7219233900373804,9.771803682853026,-0.0007529907739340783,0.0007892507145463906,-0.001090830782496456,14.273405550094974,-2.1038402987199385,-22.5
1772919187.2324812,-0.05919567675028172,1.1424453413231301,-7.192431094574726,1.0261459359102236,0.7207748566500901,9.77454544249755,0.002295232262414547,-0.0008255106551587029,0.001090830782496456,14.476656267513652,-2.860127543005331,-23.25
1772919187.261476,-0.06652173131189006,1.1143561829982025,-7.1812460660966435,1.0268780981506278,0.720010520510807,9.776370052913519,0.012446711729680687,0.004336644940542909,-0.002181661564992912,14.476656267513652,-2.860127543005331,-23.25
1772919187.2860672,-0.08875989290595213,1.1157311697492323,-7.187995237890571,1.0322059330563798,0.7241200649865602,9.774239199055794,0.008029078928988676,-0.019477448279373578,-0.016362461737446838,14.476656267513652,-2.860127543005331,-23.25
1772919187.3049107,-0.08875989290595213,1.1157311697492323,-7.187995237890571,1.0322059330563798,0.7241200649865602,9.774239199055794,0.008029078928988676,-0.019477448279373578,-0.016362461737446838,14.476656267513652,-2.860127543005331,-23.25
1772919187.3351903,-0.06675646826624655,1.1170952110553756,-7.18766726769887,1.0750062615954832,0.6857099134633708,9.772821139616674,-0.00018129970306156136,-0.007711207442402344,0.011999138607461015,14.778658621024636,-3.176672687453679,-23.25
1772919187.362314,-0.06675646826624655,1.1170952110553756,-7.18766726769887,1.0750062615954832,0.6857099134633708,9.772821139616674,-0.00018129970306156136,-0.007711207442402344,0.011999138607461015,14.778658621024636,-3.176672687453679,-23.25
1772919187.3970952,-0.07959945145047623,1.1163423812782827,-7.188136985161115,1.0432688361717777,0.7261259288420016,9.766832604316365,0.0023314922030268593,0.000716730833321766,0.00545415391248228,14.778658621024636,-3.176672687453679,-22.5
1772919187.449175,-0.08829099873432823,1.110255436491215,-7.175151558391285,1.1124127783582072,0.757318561664824,9.731095904774156,-0.004799556189578487,0.025573894352070827,-0.009817477042468103,14.778658621024636,-3.176672687453679,-22.5
1772919187.4845934,-0.08829099873432823,1.110255436491215,-7.175151558391285,1.1124127783582072,0.757318561664824,9.731095904774156,-0.004799556189578487,0.025573894352070827,-0.009817477042468103,14.778658621024636,-3.176672687453679,-22.5
1772919187.5242238,-0.088432520002084,1.1139382167774023,-7.165991215963042,1.0354279907770716,0.7285471962200194,9.736021135447512,0.006523097381120519,-0.0178989468502808,0.011999138607461015,15.019305086567964,-2.342409222700785,-22.0625
1772919187.5706556,-0.088432520002084,1.1139382167774023,-7.165991215963042,1.0354279907770716,0.7285471962200194,9.736021135447512,0.006523097381120519,-0.0178989468502808,0.011999138607461015,15.019305086567964,-2.342409222700785,-22.0625
1772919187.5957253,-0.09668576496016665,1.1410385059748365,-7.177278041173323,1.000283015558807,0.7401494679631242,9.73066188667251,-0.006459045478820374,-0.012192892145394502,-0.003272492347489368,14.986549601021654,-1.8553688463800673,-22.0
1772919187.613303,-0.09223728877938196,1.172571818343324,-7.178933779745831,1.0080246751712818,0.7637007747232261,9.727095366479476,-0.017581075363694465,-0.025819245957432537,0.015271630954950384,14.986549601021654,-1.8553688463800673,-22.0
1772919187.6440098,0.010788218686312872,1.2277910631656122,-7.20264669170995,1.0362676713546388,0.7551709607189843,9.761518115912168,-0.001188110061281827,-0.017717647147219236,0.08835729338221293,14.986549601021654,-1.8553688463800673,-22.0
1772919187.671438,0.010788218686312872,1.2277910631656122,-7.20264669170995,1.0362676713546388,0.7551709607189843,9.761518115912168,-0.001188110061281827,-0.017717647147219236,0.08835729338221293,14.986549601021654,-1.8553688463800673,-22.0
1772919187.696914,0.2560520245458627,1.256277149239973,-7.248151310947062,1.043517565724094,0.7615959375673046,9.784426071132318,0.012619543453817769,-0.021128469589690984,0.11017390903214205,14.21779710736138,-2.588803133478174,-22.5
1772919187.7568412,1.35334727613403,1.4651397843149965,-7.273917197877197,1.3238776622880783,0.8467075551627025,9.742961474674598,-0.07768376549489597,0.010313455187564349,0.35015668118136234,14.747980677040808,-2.601268382853058,-22.75
1772919187.8059921,2.5161839227159666,1.9024577358382726,-7.009139171665121,1.4947279340093313,0.9039462743911169,9.762041498558022,-0.11208445746942633,-0.008937965469210872,0.4068798818711781,14.747980677040808,-2.601268382853058,-22.75
1772919187.8466878,4.477985487122567,2.4710738370659024,-6.615248114052867,1.6123779205295927,0.9088210412702779,9.87174728082687,-0.18521401838010554,-0.0018177730804443942,0.7461282552275759,14.710584928916159,-4.191819091891344,-25.5625
1772919187.8859916,5.9679162635777905,2.8967733392805077,-6.337927480940458,1.6906726723223648,0.9120651441736456,10.07186949831104,-0.19181810362137514,-0.020179631179760786,0.918479518862016,14.710584928916159,-4.191819091891344,-25.5625
1772919187.9246404,5.9679162635777905,2.8967733392805077,-6.337927480940458,1.6906726723223648,0.9120651441736456,10.07186949831104,-0.19181810362137514,-0.020179631179760786,0.918479518862016,14.710584928916159,-4.191819091891344,-25.5625
1772919187.959474,8.909916825138454,3.8847275310314706,-6.043927984251382,1.8619013893295024,0.9492793779828058,10.205048598535107,-0.24947813370279845,-0.10986652113806519,1.1344640137963142,15.192985042658535,-6.236654691704038,-27.25
1772919187.9846308,10.192302220226448,4.35034648611906,-5.898358182491992,1.9973012575456857,0.9806387561170011,10.263571796660322,-0.2440428345400473,-0.1740327126427601,1.203186353093591,15.192985042658535,-6.236654691704038,-27.25
1772919188.0152428,12.219052636226918,5.054314335759188,-6.031937658424964,2.099176248898852,0.9988653899260266,10.2690672141925,-0.22016468941783066,-0.2085421844391274,1.2904528156933075,15.192985042658535,-6.236654691704038,-27.25
1772919188.0610511,12.219052636226918,5.054314335759188,-6.031937658424964,2.099176248898852,0.9988653899260266,10.2690672141925,-0.22016468941783066,-0.2085421844391274,1.2904528156933075,15.192985042658535,-6.236654691704038,-27.25
1772919188.089075,17.998039975337754,7.0057906493337425,-6.018903458458563,2.188533181161845,1.0223181277414235,10.26268901805037,-0.16763663494550674,-0.2715009418997771,1.365720139685563,9.786787088286841,-12.431061840749644,-37.25
1772919188.1110904,21.36914033776439,8.007134790110785,-6.2138355436053905,2.237984461960479,1.0145010733691147,10.124639931474126,-0.11154425028933733,-0.281306757918769,1.2544553998709245,9.786787088286841,-12.431061840749644,-37.25
1772919188.1519592,23.253952141897468,8.390693544733333,-6.425952015789003,2.2466907913572136,0.9862079028153025,9.939106678662034,0.09093297196787632,-0.23437359030458008,1.1573714602287397,7.254425932700052,-14.847080668837526,-41.5
1772919188.1660392,23.253952141897468,8.390693544733333,-6.425952015789003,2.2466907913572136,0.9862079028153025,9.939106678662034,0.09093297196787632,-0.23437359030458008,1.1573714602287397,7.254425932700052,-14.847080668837526,-41.5
1772919188.1838236,24.56631583517987,8.566522168725374,-6.4981680932483075,2.1235679500511844,0.9183579956487861,9.792220589506584,0.16178423657398988,-0.17431562809291537,1.1846422297911512,7.254425932700052,-14.847080668837526,-41.5
1772919188.1977882,25.897950608853925,8.676894092038433,-6.529897104868176,1.9731104384525318,0.8771816472464633,9.617531968730413,0.16628285723483102,-0.11424072992340173,1.1900963837036334,7.254425932700052,-14.847080668837526,-41.5
1772919188.2153835,25.897950608853925,8.676894092038433,-6.529897104868176,1.9731104384525318,0.8771816472464633,9.617531968730413,0.16628285723483102,-0.11424072992340173,1.1900963837036334,7.254425932700052,-14.847080668837526,-41.5
1772919188.2332401,28.59224953766095,8.807029888572686,-6.481795952369712,1.8036836529588656,0.8206504866072268,9.501278643003626,0.1706726980738352,-0.05879255621932945,1.1999138607461015,1.9354847239525397,-17.330202830127128,-49.875
1772919188.2582216,30.713559490915166,8.809515480133411,-6.364070546967816,1.5889720349080299,0.773596807615968,9.484125364098938,0.19745163844503683,0.030077291062740735,1.2686362000433782,1.9354847239525397,-17.330202830127128,-49.875
1772919188.2788818,30.713559490915166,8.809515480133411,-6.364070546967816,1.5889720349080299,0.773596807615968,9.484125364098938,0.19745163844503683,0.030077291062740735,1.2686362000433782,1.9354847239525397,-17.330202830127128,-49.875
1772919188.2948165,32.94458878523155,8.673916058111967,-6.166409587762408,1.3723890451728824,0.7274537289892328,9.479400272017187,0.23155139489082982,0.13497750424110044,1.325359400733194,0.1495082842921192,-18.083927353396664,-53.0625
1772919188.3190548,35.23009600663437,8.35630622973581,-5.848869176074276,1.1687488646141209,0.6815830635200667,9.523087339921991,0.24534819240209055,0.22955340622805698,1.3340860469931657,0.1495082842921192,-18.083927353396664,-53.0625
1772919188.345704,35.23009600663437,8.35630622973581,-5.848869176074276,1.1687488646141209,0.6815830635200667,9.523087339921991,0.24534819240209055,0.22955340622805698,1.3340860469931657,0.1495082842921192,-18.083927353396664,-53.0625
1772919188.3795965,38.22590384338344,7.930959461917943,-5.589516948411393,0.9427029246941094,0.624792956819177,9.582266600961988,0.29224271205075275,0.15669698888442732,1.3057244466482578,-1.9077925648954592,-19.09651103681847,-56.25
1772919188.4043207,41.34444327442825,7.533351396477025,-5.368845796295145,0.7922718767759424,0.5869997751967937,9.69858730737679,0.30081569008892617,0.16035316293226076,1.4028083862904424,-1.9077925648954592,-19.09651103681847,-56.25
1772919188.4274364,41.34444327442825,7.533351396477025,-5.368845796295145,0.7922718767759424,0.5869997751967937,9.69858730737679,0.30081569008892617,0.16035316293226076,1.4028083862904424,-1.9077925648954592,-19.09651103681847,-56.25
1772919188.448821,44.47508601750634,6.948548621460696,-5.24881938831915,0.6921616948113137,0.5618488350045986,9.849589895669437,0.38546614023121484,0.1838239807288175,1.3646293089030663,-3.3553412618270024,-22.377956453096452,-61.375
1772919188.4648743,45.80825893796433,6.607490716570745,-5.188921983566843,0.5846168670279762,0.5153152420877654,9.950080431368757,0.3479253813563479,0.2279132409215784,1.1104657365813921,-3.3553412618270024,-22.377956453096452,-61.375
1772919188.4864826,46.9739503953167,6.271859758878669,-5.091985521190437,0.487202101531624,0.4920533144368301,9.739311488616309,0.29140634539175525,0.252388481051441,0.9915651812892785,-3.3553412618270024,-22.377956453096452,-61.375
1772919188.5114026,49.18622715675401,5.789991380550737,-4.708985971925374,0.4223736632880338,0.4765727614378908,9.508729095560293,0.1867514838187572,0.26410760594396104,0.9577494270318884,-5.4853560657013976,-26.48327762631493,-63.75
1772919188.548255,50.87410069479803,5.561011464654181,-4.472773683367023,0.5311536502066382,0.5880970010716322,9.355279088755616,0.12833846296339982,0.17520996670020303,1.002473489114243,-5.4853560657013976,-26.48327762631493,-63.75
1772919188.5674212,51.90470156719091,5.388715183171708,-4.442414753574361,0.7690743545054457,0.6584233559227677,9.417070297034645,0.22691620244646393,0.10190996209030116,0.8748462875621577,-5.4853560657013976,-26.48327762631493,-63.75
1772919188.597319,51.90470156719091,5.388715183171708,-4.442414753574361,0.7690743545054457,0.6584233559227677,9.417070297034645,0.22691620244646393,0.10190996209030116,0.8748462875621577,-5.4853560657013976,-26.48327762631493,-63.75
1772919188.6218753,53.4287442959961,4.923894260851702,-4.642803601163445,0.9274079254678919,0.7052247594793402,9.5418194485743,0.30714055180913613,0.06839036469430515,0.619591884457987,-5.452600580155088,-26.970318002635643,-65.1875
1772919188.6559439,54.351018180849046,4.510311198224585,-4.883512740883709,0.8955134886027305,0.7348657937562408,9.62483861538461,0.3449798581878261,0.06981535838202421,0.5301437602932776,-5.452600580155088,-26.970318002635643,-65.1875
1772919188.6930356,56.403691859421734,3.6560733094458002,-5.339299616407532,0.6402386229148735,0.7624603586570728,9.579733592292431,0.3523006742624175,0.0858457242783137,0.5966844380255614,-5.482171341483192,-30.108276227353507,-69.25
1772919188.7224526,57.179285809109935,3.3820985246163753,-5.515444606184951,0.47035605140669995,0.7808242333470891,9.549716703280708,0.362661245394433,0.06708500683226191,0.6850417314077744,-5.482171341483192,-30.108276227353507,-69.25
1772919188.7615528,57.179285809109935,3.3820985246163753,-5.515444606184951,0.47035605140669995,0.7808242333470891,9.549716703280708,0.362661245394433,0.06708500683226191,0.6850417314077744,-5.482171341483192,-30.108276227353507,-69.25
1772919188.7894676,59.157656239224316,2.6887334879137104,-5.867833779181529,0.38028091223428767,0.764112845871717,9.546466357490624,0.3368867273565373,0.1193846456570731,0.6708609312353204,-8.42934409815726,-31.365176279990223,-71.875
1772919188.8109453,60.43599429521812,2.1529967665559404,-6.105537519367595,0.3275977969906078,0.7599189066426646,9.73497465599327,0.2996553719893322,0.11100143530088576,0.5246896063807953,-8.42934409815726,-31.365176279990223,-71.875
1772919188.8481214,62.30258943632326,2.0298570815692307,-6.151447937621037,0.27406496575188927,0.776490243389305,9.669753455553904,0.11055068395987035,0.04215054738245943,0.6468626540203984,-8.072703660819437,-34.99848504727873,-72.6875
1772919188.8964443,63.90000061043172,2.1750065204196556,-6.061856193845899,0.27958447202861303,0.8267729968053746,9.619659251815413,0.02212681196898677,-0.010550338814001576,0.9839293658118032,-8.072703660819437,-34.99848504727873,-72.6875
1772919188.913797,65.34577478557803,2.325581720215827,-6.236417004822176,0.6806380471122183,0.8556247289219497,9.586322118816371,0.1011545832914527,-0.09496390532985306,0.8770279491271507,-8.072703660819437,-34.99848504727873,-72.6875
1772919188.965467,66.35676833654878,2.3405978925947246,-6.643367890035482,0.9475347212683773,0.874825234350565,9.634383975059391,0.2337341554023117,-0.1659771456562648,0.5999569303730508,-11.622288762406372,-37.43479411153803,-75.0625
1772919188.983698,66.35676833654878,2.3405978925947246,-6.643367890035482,0.9475347212683773,0.874825234350565,9.634383975059391,0.2337341554023117,-0.1659771456562648,0.5999569303730508,-11.622288762406372,-37.43479411153803,-75.0625
1772919189.0130286,67.76860224087908,2.2161745929475543,-6.880825285331274,1.060470685881058,0.8536336063686172,9.666368603503008,0.0930868563969373,0.05413434786310454,0.507236313860852,-11.622288762406372,-37.43479411153803,-75.0625
1772919189.044388,-106.12737369467754,3.719991169184848,1.599705539928084,0.6746790502094939,0.8574662971573087,9.396629297903738,-0.10843067144650728,0.11365210289468024,0.6959500392327389,-14.810107984623764,-39.52595762892764,-77.875
1772919189.0583184,69.85088322661197,2.6035587098343993,-6.244517788856503,0.39022981641550275,0.8890604447445273,9.2171208032129,-0.29418858893579747,0.08870070748702881,0.8835729338221293,-14.810107984623764,-39.52595762892764,-77.875
1772919189.0725498,69.85088322661197,2.6035587098343993,-6.244517788856503,0.39022981641550275,0.8890604447445273,9.2171208032129,-0.29418858893579747,0.08870070748702881,0.8835729338221293,-14.810107984623764,-39.52595762892764,-77.875
1772919189.098586,71.41796496204707,3.118312266657631,-5.781302466624408,0.2251349743994973,0.9331770052253272,9.261570378896073,-0.3229726820445152,0.01299430276796105,0.9686577348568529,-14.810107984623764,-39.52595762892764,-77.875
1772919189.143813,73.67906346213145,3.476500425602642,-5.504598199159504,0.26374178378954277,0.9377512014835115,9.689219368149937,-0.13898303366630377,-0.004447812787294237,1.0537425358915764,-19.345753908773638,-40.6570980051598,-81.375
1772919189.1730702,75.42001888566278,3.19431328605226,-5.3435234370494245,0.28943418417229927,0.9407952779962129,9.97381499334616,0.14010470380037104,0.18342034533225327,0.7123125009701857,-19.345753908773638,-40.6570980051598,-81.375
1772919189.205979,76.51351312183303,2.882789073092584,-4.629096674333164,0.05178603407981124,0.8754643135486309,9.634682553016344,-0.10944225785455632,0.3659717559939923,0.45487643630102215,-20.046432710325437,-40.375385887820244,-82.5625
1772919189.2260597,76.51351312183303,2.882789073092584,-4.629096674333164,0.05178603407981124,0.8754643135486309,9.634682553016344,-0.10944225785455632,0.3659717559939923,0.45487643630102215,-20.046432710325437,-40.375385887820244,-82.5625
1772919189.2558029,77.54945083029068,2.810016976598425,-3.9233697310076994,-0.10636615510295913,0.8319872865034562,9.408993702334433,-0.21245456609616142,0.3491050234387052,0.6163193921104976,-20.046432710325437,-40.375385887820244,-82.5625
1772919189.2755978,79.16083415159359,2.817814811797318,-3.3319495414786884,-0.02967377129113652,0.8934163561624534,9.750531714291224,-0.10253484905963492,0.16752177516965971,0.7384924397501007,-18.762524617376474,-42.17382757685555,-83.375
1772919189.3085318,79.88140276213069,2.785979570830449,-3.2168233202158727,0.06292796816983734,0.8907314137908868,9.97782144601889,0.010712314534299782,0.09464842186818112,0.6250460383704692,-18.762524617376474,-42.17382757685555,-83.375
1772919189.3309493,79.88140276213069,2.785979570830449,-3.2168233202158727,0.06292796816983734,0.8907314137908868,9.97782144601889,0.010712314534299782,0.09464842186818112,0.6250460383704692,-18.762524617376474,-42.17382757685555,-83.375
1772919189.3677762,81.60399878200606,2.549232648994187,-3.1833361087766527,0.1197128022383558,0.8843264129971289,9.985240420076252,0.10140601485082447,0.046994831491574705,0.48105637508093707,-19.03384902690363,-42.43268673700782,-84.1875
1772919189.4309826,82.65964629706255,2.434073955462274,-3.30014604082409,0.1575024749827954,0.88006395651743,9.839647637606685,0.09881223508458695,0.0023060882662534303,0.4701480672559725,-19.03384902690363,-42.43268673700782,-84.1875
1772919189.4898696,83.77126674348773,2.2011323248302506,-3.6469296313157953,0.22123863155515963,0.807705959624357,9.742757267251132,0.0798980098971614,-0.047399770792320224,0.20725784867432664,-18.878381765422002,-45.221344331731025,-83.75
1772919189.525536,84.0530213435249,2.0384814451190505,-3.762469344069505,0.2969824868811573,0.7682329555720601,9.902400292506266,0.047510938639071555,-0.046638312039461664,0.16035212502697901,-18.878381765422002,-45.221344331731025,-83.75
1772919189.566279,84.35881572630261,1.8426111512472627,-4.055139815498794,0.3635528822201866,0.725022050420175,10.008640942484117,0.11820869550381143,-0.02592563775435508,0.08726646259971647,-19.139803646590135,-46.93924707928297,-83.375
1772919189.595262,84.51610912539469,1.5626638772034664,-4.037456181704817,0.4078547366782692,0.6962656757390338,9.952228663380417,0.04075942561043829,0.05999391030936456,0.06326818538479445,-19.139803646590135,-46.93924707928297,-83.375
1772919189.6178973,84.58984254072845,1.5374996448420677,-3.9621565944034667,0.34274921841795386,0.6793525043714782,9.914686921803353,-0.03549087821781414,0.0656443810908752,0.07090400086226964,-18.62880313042641,-49.64785091197619,-82.875
1772919189.6389315,84.58984254072845,1.5374996448420677,-3.9621565944034667,0.34274921841795386,0.6793525043714782,9.914686921803353,-0.03549087821781414,0.0656443810908752,0.07090400086226964,-18.62880313042641,-49.64785091197619,-82.875
1772919189.6721463,84.74430838948412,1.276913132153663,-3.8005457380020027,0.2994222232920062,0.6680969777588734,9.889703312152548,-0.042385042983982255,0.03494459108371506,0.09708393964218458,-18.62880313042641,-49.64785091197619,-82.875
1772919189.709463,85.14677387293675,1.4613092681079614,-3.689011095127071,0.30436152208714357,0.6882045666225175,9.786104094624841,-0.043980480370924,-0.03291403440942557,0.14508049407202864,-18.85490680503237,-49.86356687876975,-82.5
1772919189.728109,85.33475902873055,1.5754895775750577,-3.6508264999433706,0.4094973614480799,0.7062893700991746,9.687053967273364,-0.09674303044477076,-0.045561369824931176,0.1810779098944117,-18.85490680503237,-49.86356687876975,-82.5
1772919189.7417731,85.33475902873055,1.5754895775750577,-3.6508264999433706,0.4094973614480799,0.7062893700991746,9.687053967273364,-0.09674303044477076,-0.045561369824931176,0.1810779098944117,-18.85490680503237,-49.86356687876975,-82.5
1772919189.758667,174.57028587247376,-3.2638505505238427,1.1953511425744192,0.5365504138222704,0.7311784660683079,9.621137213983378,-0.099863773362344,-0.047031091432187026,0.21707532571679475,-18.85490680503237,-49.86356687876975,-82.5
1772919189.7713137,174.57028587247376,-3.2638505505238427,1.1953511425744192,0.5365504138222704,0.7311784660683079,9.621137213983378,-0.099863773362344,-0.047031091432187026,0.21707532571679475,-18.85490680503237,-49.86356687876975,-82.5
1772919189.804693,86.79509068799369,1.9892649872641608,-3.4161193765081954,0.7132225612517169,0.774475420835717,9.8289249872203,-0.07219527043368354,0.014042149116622427,0.36760997370130566,-16.867757189515753,-49.95449352806551,-83.6875
1772919189.8583055,87.62710216435516,2.014487779990147,-3.5083133807550464,0.776844885678961,0.7898541573718902,9.93632816563801,-0.11286524020504823,0.023485365729491284,0.3883357585687383,-16.884862701468975,-52.562268183103946,-83.25
1772919189.886011,87.62710216435516,2.014487779990147,-3.5083133807550464,0.776844885678961,0.7898541573718902,9.93632816563801,-0.11286524020504823,0.023485365729491284,0.3883357585687383,-16.884862701468975,-52.562268183103946,-83.25
1772919189.9140131,88.77902474990937,2.087932472292308,-3.927684115031189,0.8840082045495009,0.7894757590703109,10.011883552564658,0.06360535643766123,-0.08405096710972837,0.27052603405912107,-16.884862701468975,-52.562268183103946,-83.6875
1772919189.9540238,88.77902474990937,2.087932472292308,-3.927684115031189,0.8840082045495009,0.7894757590703109,10.011883552564658,0.06360535643766123,-0.08405096710972837,0.27052603405912107,-16.884862701468975,-52.562268183103946,-83.6875
1772919189.972346,89.2362744391377,2.20224006086172,-4.141052568296315,0.920852715354582,0.782561071791878,9.934315913922774,0.041542596370974606,-0.10359246729140209,0.2007128639793479,-16.884862701468975,-52.562268183103946,-83.6875
1772919190.0060952,89.70491648800693,2.292882003650051,-4.267375267104226,0.8077750848634699,0.7622664615384297,9.862624846649982,-0.003065158994197584,-0.06473788257556738,0.21489366415180183,-17.986295492624066,-52.403753021153086,-84.875
1772919190.0210161,89.88999209136901,2.280320881547724,-4.3314000091229605,0.7325231849315332,0.7487606251204109,9.83164080075823,-0.006966684647392746,-0.033784272984121066,0.15707963267948966,-17.986295492624066,-52.403753021153086,-84.875
1772919190.061503,90.04033650518267,2.260006897022102,-4.3933114924849,0.7506309410144291,0.7216074488427243,9.81102126433174,-0.016574265005474202,-0.015812806252615646,0.09381144729469522,-17.986295492624066,-52.403753021153086,-84.875
1772919190.0848436,90.09091093614379,2.2191936461466324,-4.480798401235686,0.7868843959784618,0.7266283215420368,9.797299193175226,-0.027442475306062107,-0.018643469645290397,0.015271630954950384,-20.07427428579547,-52.84093239997427,-84.875
1772919190.1431434,90.09091093614379,2.2191936461466324,-4.480798401235686,0.7948469595455167,0.7469117181340347,9.811583090057379,-0.025219762924872186,-0.022553463277410035,0.0916297857297023,-20.07427428579547,-52.84093239997427,-84.875
1772919190.174702,90.31972756169922,2.091987400669964,-4.61035992244443,0.7948469595455167,0.7469117181340347,9.811583090057379,-0.025219762924872186,-0.022553463277410035,0.0916297857297023,-20.07427428579547,-52.84093239997427,-84.875
1772919190.2069821,90.67289598538315,2.0198496446490766,-4.727817564519508,0.7663730265945213,0.7328120758937613,9.834469310700147,0.021909252325312895,-0.019803787744884387,0.12980886311707826,-19.03883764518638,-53.92623003808289,-85.6875
1772919190.2396896,90.87626552047807,1.9469494913416772,-4.797655782267913,0.7474239422903062,0.7234289214861833,9.86977050512599,0.0312074291757325,0.014697216072558443,0.11344640137963143,-19.03883764518638,-53.92623003808289,-85.6875
1772919190.2781792,91.00936447232253,1.875964643652152,-4.953360047378404,0.7711179567126245,0.751821049331532,9.893263055676208,0.12469553294431962,-0.04536682609311635,0.03490658503988659,-19.2571163329958,-55.68935352055603,-86.5
1772919190.2917862,91.00936447232253,1.875964643652152,-4.953360047378404,0.7711179567126245,0.751821049331532,9.893263055676208,0.12469553294431962,-0.04536682609311635,0.03490658503988659,-19.2571163329958,-55.68935352055603,-86.5
1772919190.3058841,90.865601916118,1.894897941608369,-5.025487878517357,0.8305625543908021,0.8170089033719308,9.858720410028603,-0.018406586018853168,-0.028114478219847083,-0.13199052468207118,-19.2571163329958,-55.68935352055603,-86.5
1772919190.3224282,90.5962636425296,1.9329179334315412,-5.094933589068617,0.8339550131634949,0.932221172579491,9.798936436436243,0.0018153850555300086,-0.05405097197804104,-0.17453292519943295,-19.2571163329958,-55.68935352055603,-86.5
1772919190.3720794,90.41993746670647,2.004386494222207,-5.106703565373877,0.819270594683046,0.9927299449978653,9.759150869841271,-0.026154053401867824,-0.02947542000526599,-0.06435901616729091,-19.2571163329958,-55.68935352055603,-86.875
1772919190.3953156,90.24359110344955,2.068049246980963,-5.1381715320705945,0.7888015969140114,0.9577723060511919,9.732674019706216,-0.022071228045611103,-0.052717822154309965,-0.11235557059713497,-19.2571163329958,-55.68935352055603,-86.875
1772919190.4310527,90.24359110344955,2.068049246980963,-5.1381715320705945,0.7888015969140114,0.9577723060511919,9.732674019706216,-0.022071228045611103,-0.052717822154309965,-0.11235557059713497,-19.2571163329958,-55.68935352055603,-86.875
1772919190.4828644,90.0323059189596,2.2576284865906153,-5.267059602236787,0.7957892541386385,0.8865472716496829,9.758540423902286,-0.021717096618412465,-0.07047172924214151,-0.038179077387375956,-19.528440742522957,-55.9482126807083,-87.6875
1772919190.5107188,90.1054727679485,2.3664932430645926,-5.323082203866007,0.8147388418297361,0.8435436210541981,9.72892266304563,-0.016437693221949434,-0.04282016227133001,0.04363323129985824,-19.528440742522957,-55.9482126807083,-87.6875
1772919190.5363336,90.1054727679485,2.3664932430645926,-5.323082203866007,0.8147388418297361,0.8435436210541981,9.72892266304563,-0.016437693221949434,-0.04282016227133001,0.04363323129985824,-19.528440742522957,-55.9482126807083,-87.6875
1772919190.563724,90.04883242534366,2.552631529290992,-5.550657405285922,0.8251516736759207,0.8220748618978332,9.702522150632953,-0.03657628841126911,-0.11178590996560336,-0.02181661564992912,-23.81450803167724,-61.50585963718563,-87.25
1772919190.5880675,90.00079576391491,2.787213861376311,-5.827806884511246,0.825487575706174,0.8292367122990566,9.648156675754851,-0.08007453355039418,-0.22263752945421106,-0.004363323129985824,-23.81450803167724,-61.50585963718563,-87.25
1772919190.6099813,89.9689861870154,2.902697512474685,-5.875637013328998,0.8184502310847097,0.8270755412805821,9.484862814647485,-0.019279212618463062,0.06603477245868615,-0.007635815477475192,-23.81450803167724,-61.50585963718563,-87.25
1772919190.6439934,89.97986445459405,2.9280691202617386,-5.908081166177839,1.058865224891715,0.5832742692191517,9.376192574192482,-0.06941172298545997,0.0996184217569823,0.02181661564992912,-20.558129937897984,-56.49868648655916,-87.25
1772919190.678508,89.95420108267672,2.888975926213043,-5.8708766822905565,1.0833222224793997,0.2917176002298731,9.728702929925365,-0.03703311970629461,0.0656806410314875,-0.06654067773228381,-20.558129937897984,-56.49868648655916,-87.25
1772919190.6964536,89.9537421136795,2.890239349274046,-5.886459172403468,1.1298314562437841,0.4779058498595452,9.963294633866909,0.01290962297871627,-0.008790537681847232,0.001090830782496456,-20.558129937897984,-56.49868648655916,-87.25
1772919190.7169898,89.96283824974053,2.890608195355133,-5.886029944813612,1.146483451906445,0.5974162359661126,9.94546698349836,-0.00010877982183693673,-0.004626724465441407,0.001090830782496456,-20.11631029649846,-56.509074194371564,-88.0625
1772919190.7545729,89.9612018256201,2.850350046461655,-5.930487692002532,1.162183370643218,0.672108473787995,9.883426205716201,-0.014524384348421363,0.005742314645498607,0.009817477042468103,-20.11631029649846,-56.509074194371564,-88.0625
1772919190.7930217,89.9612018256201,2.850350046461655,-5.930487692002532,1.162183370643218,0.672108473787995,9.883426205716201,-0.014524384348421363,0.005742314645498607,0.009817477042468103,-20.11631029649846,-56.509074194371564,-88.0625
1772919190.8122666,89.98747924090301,2.82558455406191,-5.919172391665002,1.1655929949879293,0.7243468119859164,9.842138761143074,-0.029511679945878302,0.024611811913387356,0.002181661564992912,-19.744156709316517,-55.722109006102336,-88.875
1772919190.8356566,89.98747924090301,2.82558455406191,-5.919172391665002,1.1655929949879293,0.7243468119859164,9.842138761143074,-0.029511679945878302,0.024611811913387356,0.002181661564992912,-19.744156709316517,-55.722109006102336,-88.875
1772919190.8637018,90.00861832020243,2.826694674978148,-5.956343175948218,1.179407565996965,0.7470093697322826,9.77786619921012,0.01667457684838666,-0.012736791254579187,-0.00545415391248228,-19.744156709316517,-55.722109006102336,-88.875
1772919190.9001043,90.01543400165527,2.812806435954537,-5.973171952736832,1.2182005120541621,0.8134472354641502,9.7350935272153,-0.006994476609080579,-0.0021501924999652983,0.00545415391248228,-20.621563367428124,-55.43624180563782,-88.875
1772919190.9232726,90.01543400165527,2.812806435954537,-5.973171952736832,1.2182005120541621,0.8134472354641502,9.7350935272153,-0.006994476609080579,-0.0021501924999652983,0.00545415391248228,-20.621563367428124,-55.43624180563782,-88.875
1772919191.018741,90.00858402402791,2.75272278157907,-6.009848808226128,1.2394145740979996,0.8663026807343174,9.68768582836104,0.0016510213103174058,0.004590464524829095,-0.002181661564992912,-20.36270420727585,-55.707566215164974,-88.0625
1772919191.0640638,90.00513005952823,2.669243296187789,-6.066845061073233,1.1446030489300498,0.7937666535952884,9.745326843649693,-0.002222712381189923,0.003909993632119641,0.001090830782496456,-20.36270420727585,-55.707566215164974,-88.0625
1772919191.1223571,90.00477728056043,2.580910951814941,-6.174837856143989,1.142014401964299,0.8032222582929285,9.726819396407532,0.001433461666643532,-0.0046629844060537195,-0.004363323129985824,-20.634028616803008,-55.96642537531725,-88.875
1772919191.137169,90.00029997071968,2.5194697360832747,-6.233144655646045,1.1185090353146936,0.7887329502210491,9.74126379066816,7.251988122462452e-05,0.003084482976960938,0.001090830782496456,-20.634028616803008,-55.96642537531725,-88.875
1772919191.1875815,89.99976396063619,2.458437035773368,-6.291855338295368,1.1149679491654085,0.7906359816510193,9.740841038572194,0.0030119630957363133,-0.0031570028581855624,-0.001090830782496456,-19.548730978694383,-54.93098873470816,-88.5
1772919191.2287912,89.99976396063619,2.458437035773368,-6.291855338295368,1.1149679491654085,0.7906359816510193,9.740841038572194,0.0030119630957363133,-0.0031570028581855624,-0.001090830782496456,-19.548730978694383,-54.93098873470816,-88.5
1772919191.2838364,89.9949979815414,2.4034715191398304,-6.352750721028344,1.105350512219257,0.7849751253520327,9.750595036896737,-0.0007529907739340783,0.0007892507145463906,-0.002181661564992912,-19.548730978694383,-54.93098873470816,-88.5
1772919191.309749,89.99454773786302,2.3502418747324576,-6.392006467676506,1.0943320137271515,0.7860484778345165,9.757086213822419,0.000716730833321766,-0.0023314922030268598,0.002181661564992912,-20.11631029649846,-56.509074194371564,-87.1875
1772919191.3495321,89.99454773786302,2.3502418747324576,-6.392006467676506,1.0943320137271515,0.7860484778345165,9.757086213822419,0.000716730833321766,-0.0023314922030268598,0.002181661564992912,-20.11631029649846,-56.509074194371564,-87.1875
1772919191.3862839,89.98990454763273,2.2926702212672816,-6.459369617284995,1.0916175277036,0.7819221928079255,9.761406019555263,-0.0038374737508950164,0.0008617705957710154,-0.002181661564992912,-20.11631029649846,-56.509074194371564,-87.1875
1772919191.4285114,89.9891225851346,2.2459112442343256,-6.5012297149794485,1.0802410830882698,0.7746691883157508,9.76428080201508,0.0007892507145463906,0.0007529907739340783,0.002181661564992912,-20.36270420727585,-55.707566215164974,-87.6875
1772919191.484621,89.99053587663312,2.2082528939223747,-6.5387934840579565,1.0822401707694334,0.77434940274818,9.759503714214024,0.0007892507145463906,0.0007529907739340783,0.0,-20.36270420727585,-55.707566215164974,-87.6875
1772919191.5279672,89.99053587663312,2.2082528939223747,-6.5387934840579565,1.0822401707694334,0.77434940274818,9.759503714214024,0.0007892507145463906,0.0007529907739340783,0.0,-20.36270420727585,-55.707566215164974,-87.6875
1772919191.5794964,89.98431980631705,2.135093170924268,-6.607829608255115,1.0788411459140737,0.7742477827628499,9.763014839060627,0.002295232262414547,-0.0008255106551587029,0.001090830782496456,-20.046159062827503,-55.40556386165399,-88.0
1772919191.6101043,89.98431980631705,2.135093170924268,-6.607829608255115,1.0788411459140737,0.7742477827628499,9.763014839060627,0.002295232262414547,-0.0008255106551587029,0.001090830782496456,-20.046159062827503,-55.40556386165399,-88.0
1772919191.6416185,89.98629393738479,2.085751841156069,-6.655748111444894,1.078888233661553,0.7717598612410068,9.762006341716889,-0.0015059815478681566,0.0015785014290927812,-0.001090830782496456,-20.046159062827503,-55.40556386165399,-88.0
1772919191.6601124,89.98083233375034,2.059355854859868,-6.682912605816702,1.0789195700314962,0.7701041772601247,9.761335198000284,0.0015785014290927812,0.0015059815478681566,0.0,-19.084543559560952,-55.8702364602408,-87.6875
1772919191.6843426,89.9787601067476,2.0450322959919327,-6.700177802661387,1.0813607185924183,0.7713114388851754,9.760888559354049,3.625994061231226e-05,0.001542241488480469,-0.001090830782496456,-19.084543559560952,-55.8702364602408,-87.6875
1772919191.6981459,89.9787601067476,2.0450322959919327,-6.700177802661387,1.0813607185924183,0.7713114388851754,9.760888559354049,3.625994061231226e-05,0.001542241488480469,-0.001090830782496456,-19.084543559560952,-55.8702364602408,-87.6875
1772919191.7286863,89.97929726684832,2.030744223812715,-6.71701746180022,1.082985275690296,0.7721148580106508,9.760591326324262,3.625994061231226e-05,0.001542241488480469,-0.001090830782496456,-19.084543559560952,-55.8702364602408,-87.6875
1772919191.8122375,89.98081183193776,1.9956917198101218,-6.74809123876852,1.0816461057346665,0.7703404236447491,9.760393521063248,-0.0015785014290927812,-0.0015059815478681566,0.0,-19.844985886971305,-56.25021503421929,-88.875
1772919191.8513043,89.98081183193776,1.9956917198101218,-6.74809123876852,1.0816461057346665,0.7703404236447491,9.760393521063248,-0.0015785014290927812,-0.0015059815478681566,0.0,-19.844985886971305,-56.25021503421929,-88.875
1772919191.8893447,89.97590748441812,1.957609259919599,-6.785602491903625,1.0807549030887031,0.7691595573959719,9.756916772164354,-3.625994061231226e-05,-0.001542241488480469,0.001090830782496456,-19.844985886971305,-56.25021503421929,-88.875
1772919191.931628,89.97485816392607,1.9225132618893734,-6.817102342907728,1.0801618176832009,0.7683737040985512,9.75460303460997,-0.0007892507145463906,-0.0007529907739340783,-0.001090830782496456,-20.634028616803008,-55.96642537531725,-88.875
1772919191.9780157,89.97542794274345,1.9082260968446585,-6.833940088165544,1.0797671259710369,0.7678507275076741,9.759753491528308,-0.0007529907739340783,0.0007892507145463906,0.002181661564992912,-20.634028616803008,-55.96642537531725,-88.875
1772919192.0197604,89.97600191002131,1.8939392912634938,-6.850777610530794,1.079504463045587,0.7675026924284767,9.763181063073088,-3.625994061231226e-05,-0.001542241488480469,0.0,-20.418312650009447,-56.19252904992321,-88.0
1772919192.0616636,89.97701154543657,1.8731757576209471,-6.865010467067566,1.0769093692460618,0.7649619781519515,9.765462073647656,-0.0008255106551587029,-0.0022952322624145475,-0.001090830782496456,-20.418312650009447,-56.19252904992321,-88.0
1772919192.0839105,89.97701154543657,1.8731757576209471,-6.865010467067566,1.0769093692460618,0.7649619781519515,9.765462073647656,-0.0008255106551587029,-0.0022952322624145475,-0.001090830782496456,-20.418312650009447,-56.19252904992321,-88.0
1772919192.1085706,89.97759451165001,1.858889739399867,-6.881847668680048,1.0776026578683506,0.765580262001688,9.766980060704475,-0.0007892507145463906,-0.0007529907739340783,0.0,-19.35586796908811,-56.12909562039307,-87.6875
1772919192.14023,89.97759451165001,1.858889739399867,-6.881847668680048,1.0776026578683506,0.765580262001688,9.766980060704475,-0.0007892507145463906,-0.0007529907739340783,0.0,-19.35586796908811,-56.12909562039307,-87.6875
1772919192.1935341,89.97861409705047,1.8381270722851633,-6.89608049870228,1.073334638326041,0.7661029167346541,9.76799026413376,0.0,0.0,-0.001090830782496456,-19.35586796908811,-56.12909562039307,-87.6875
1772919192.2095523,89.97017542571513,1.8207521525756847,-6.919776798998715,1.0703831252598865,0.7617213422451056,9.768662543231237,0.0007529907739340783,-0.0007892507145463906,0.0,-20.14698824048229,-55.93366988977094,-88.875
1772919192.260677,89.97120671218728,1.7999886772356908,-6.934008357158369,1.066109825465796,0.7612257479244806,9.769109937460758,0.0008255106551587029,0.0022952322624145475,-0.001090830782496456,-20.14698824048229,-55.93366988977094,-88.875
1772919192.296899,89.97120671218728,1.7999886772356908,-6.934008357158369,1.066109825465796,0.7612257479244806,9.769109937460758,0.0008255106551587029,0.0022952322624145475,-0.001090830782496456,-20.14698824048229,-55.93366988977094,-88.875
1772919192.310883,89.97175248097805,1.7883055852004635,-6.944364207170482,1.0679953875646169,0.7607847417026067,9.766062561615465,3.625994061231226e-05,0.001542241488480469,-0.002181661564992912,-19.2571163329958,-55.68935352055603,-88.0625
1772919192.3330116,89.97186601078097,1.7830995477107914,-6.9573242561371105,1.0669411072591475,0.7629115515450873,9.76403456703184,-0.0007529907739340783,0.0007892507145463906,0.0,-19.2571163329958,-55.68935352055603,-88.0625
1772919192.354757,89.97235786636503,1.774019735365107,-6.961200003012988,1.0662394954929402,0.7643269197372354,9.766030070997942,0.0,0.0,0.002181661564992912,-19.2571163329958,-55.68935352055603,-88.0625
1772919192.3968801,89.97290873868582,1.762337106484924,-6.971555716628693,1.0657725807000462,0.7652688314584115,9.767358056596143,-0.001542241488480469,3.6259940612312275e-05,-0.002181661564992912,-19.774834653300346,-55.14670470150172,-88.0625
1772919192.4434118,89.97346171570547,1.7506546694007987,-6.981911396237713,1.0654618541211551,0.7658956631870106,9.768241816177174,0.0015785014290927812,0.0015059815478681566,0.002181661564992912,-19.774834653300346,-55.14670470150172,-88.0625
1772919192.463461,89.97352130897083,1.7480519103147778,-6.988391197342703,1.069984464429848,0.7662016189625747,9.76882994830611,3.625994061231226e-05,0.001542241488480469,0.001090830782496456,-19.774834653300346,-55.14670470150172,-88.0625
1772919192.5172753,89.97147327756163,1.7363091298833817,-6.999182559897313,1.0729942110694155,0.7664052291134625,9.769221343668049,0.0007892507145463906,0.0007529907739340783,0.0,-20.418312650009447,-56.19252904992321,-87.6875
1772919192.5606623,89.97259174172868,1.7129436027259493,-7.019894255243755,1.0739098119725619,0.7643218024986074,9.76073879439112,0.0023314922030268593,0.000716730833321766,0.002181661564992912,-19.548730978694383,-54.93098873470816,-87.6875
1772919192.6244934,89.97265433676792,1.7103408244720582,-7.0263741164513265,1.0708770906341851,0.7652654259932676,9.757146547707096,0.0007529907739340783,-0.0007892507145463906,-0.001090830782496456,-19.548730978694383,-54.93098873470816,-87.6875
1772919192.6583397,89.97265433676792,1.7103408244720582,-7.0263741164513265,1.0708770906341851,0.7652654259932676,9.757146547707096,0.0007529907739340783,-0.0007892507145463906,-0.001090830782496456,-19.548730978694383,-54.93098873470816,-87.6875
1772919192.685002,89.96680182367517,1.6956186042126091,-7.0431456455133645,1.0711679492803385,0.7634731023312236,9.758101059374223,0.001542241488480469,-3.6259940612312275e-05,-0.002181661564992912,-19.084543559560952,-55.8702364602408,-86.875
1772919192.7076075,89.96680182367517,1.6956186042126091,-7.0431456455133645,1.0711679492803385,0.7634731023312236,9.758101059374223,0.001542241488480469,-3.6259940612312275e-05,-0.002181661564992912,-19.084543559560952,-55.8702364602408,-86.875
1772919192.733223,89.96730344740772,1.6865390710048462,-7.047020999376507,1.0666321170843482,0.7623915246933499,9.76208138793342,0.0007529907739340783,-0.0007892507145463906,-0.001090830782496456,-19.084543559560952,-55.8702364602408,-86.875
1772919192.7688513,89.96787100455089,1.6748567590663255,-7.057375776981137,1.0683429668023836,0.7615605531197093,9.764730252126384,3.625994061231226e-05,0.001542241488480469,0.001090830782496456,-20.060701853764865,-56.02411135961332,-86.5
1772919192.7827063,89.9683744500555,1.665777389055042,-7.061251220508872,1.0694815181782926,0.7610075508200121,9.76649304165705,0.0007892507145463906,0.0007529907739340783,0.0,-20.060701853764865,-56.02411135961332,-86.5
1772919192.8074446,89.9683744500555,1.665777389055042,-7.061251220508872,1.0694815181782926,0.7610075508200121,9.76649304165705,0.0007892507145463906,0.0007529907739340783,0.0,-20.060701853764865,-56.02411135961332,-86.5
1772919192.8503282,89.96844066582354,1.663174645325303,-7.067730524206911,1.0702392114005077,0.7606395339670041,9.767666158398058,0.0015785014290927812,0.0015059815478681566,0.001090830782496456,-20.060701853764865,-56.02411135961332,-86.5
1772919192.8708987,-37.58571301627502,-49.25282371121857,154.60923701287206,1.068434346956778,0.7628149174191204,9.768446854484626,0.0007892507145463906,0.0007529907739340783,-0.002181661564992912,-20.634028616803008,-55.96642537531725,-88.0625
1772919192.8893123,-37.58571301627502,-49.25282371121857,154.60923701287206,1.068434346956778,0.7628149174191204,9.768446854484626,0.0007892507145463906,0.0007529907739340783,-0.002181661564992912,-20.634028616803008,-55.96642537531725,-88.0625
1772919192.911967,89.96951829784659,1.6424135871281489,-7.081960756711632,1.0648129352743576,0.7619535099867525,9.76896639900929,0.002295232262414547,-0.0008255106551587029,-0.001090830782496456,-20.634028616803008,-55.96642537531725,-88.0625
1772919192.9352226,89.96958630043038,1.63981101568844,-7.088439929416986,1.0648232208103012,0.7636893537821892,9.769312150086762,0.0007529907739340783,-0.0007892507145463906,-0.002181661564992912,-20.89288777695528,-55.69510096579009,-88.0625
1772919192.9729927,89.96958630043038,1.63981101568844,-7.088439929416986,1.0648232208103012,0.7636893537821892,9.769312150086762,0.0007529907739340783,-0.0007892507145463906,-0.002181661564992912,-20.89288777695528,-55.69510096579009,-88.0625
1772919192.9964557,89.96755860296268,1.628060472556804,-7.099233550960276,1.0648300657195748,0.7648445384374065,9.766197131859208,0.0023314922030268593,0.000716730833321766,-0.001090830782496456,-20.89288777695528,-55.69510096579009,-88.0625
1772919193.0138063,89.96755860296268,1.628060472556804,-7.099233550960276,1.0648346209302337,0.7656133009211955,9.764124122025803,0.0008255106551587029,0.0022952322624145475,-0.002181661564992912,-20.89288777695528,-55.69510096579009,-88.0625
1772919193.0443492,89.96755860296268,1.628060472556804,-7.099233550960276,1.0648376523720422,0.7661249037665174,9.769434780553349,0.0007892507145463906,0.0007529907739340783,-0.002181661564992912,-20.621563367428124,-55.43624180563782,-88.0625
1772919193.0623488,89.96755860296268,1.628060472556804,-7.099233550960276,1.0648396697627023,0.7664653697451009,9.772968964479487,0.0015785014290927812,0.0015059815478681566,-0.001090830782496456,-20.621563367428124,-55.43624180563782,-88.0625
1772919193.085983,89.96755860296268,1.628060472556804,-7.099233550960276,1.0648396697627023,0.7664653697451009,9.772968964479487,0.0015785014290927812,0.0015059815478681566,-0.001090830782496456,-20.621563367428124,-55.43624180563782,-88.0625
1772919193.1007872,89.96755860296268,1.628060472556804,-7.099233550960276,1.064841012313651,0.7666919460505941,9.771975812695592,0.002258972321802235,-0.002367752143639172,0.002181661564992912,-20.621563367428124,-55.43624180563782,-88.0625
1772919193.1293795,89.96755860296268,1.628060472556804,-7.099233550960276,1.067151006585436,0.7644224354941012,9.771314881277643,0.0007892507145463906,0.0007529907739340783,0.0,-20.046159062827503,-55.40556386165399,-87.6875
1772919193.1520672,89.96755860296268,1.628060472556804,-7.099233550960276,1.0711085765257575,0.765221202389975,9.774220150509404,-0.0007529907739340783,0.0007892507145463906,0.0,-20.046159062827503,-55.40556386165399,-87.6875
1772919193.1724827,89.96755860296268,1.628060472556804,-7.099233550960276,1.0711085765257575,0.765221202389975,9.774220150509404,-0.0007529907739340783,0.0007892507145463906,0.0,-20.046159062827503,-55.40556386165399,-87.6875
1772919193.1863728,89.96755860296268,1.628060472556804,-7.099233550960276,1.0737422951120885,0.7657527728363682,9.776153574729157,3.625994061231226e-05,0.001542241488480469,0.001090830782496456,-20.046159062827503,-55.40556386165399,-87.6875
1772919193.20012,89.96755860296268,1.628060472556804,-7.099233550960276,1.0737422951120885,0.7657527728363682,9.776153574729157,3.625994061231226e-05,0.001542241488480469,0.001090830782496456,-20.046159062827503,-55.40556386165399,-87.6875
1772919193.2215345,89.96755860296268,1.628060472556804,-7.099233550960276,1.0754950054107275,0.7661065270304119,9.77409513524232,0.0,0.0,-0.003272492347489368,-20.36270420727585,-55.707566215164974,-88.0625
1772919193.244044,89.96755860296268,1.628060472556804,-7.099233550960276,1.0766614145354148,0.7663419464948549,9.772725266758105,-0.0007892507145463906,-0.0007529907739340783,0.0,-20.36270420727585,-55.707566215164974,-88.0625
1772919193.291528,89.96755860296268,1.628060472556804,-7.099233550960276,1.0750173522214752,0.7641895146995078,9.771813634584294,0.0,0.0,-0.001090830782496456,-20.418312650009447,-56.19252904992321,-88.875
1772919193.3118372,89.96755860296268,1.628060472556804,-7.099233550960276,1.0668847509219002,0.765288583678368,9.771206953556222,-0.0015785014290927812,-0.0015059815478681566,-0.003272492347489368,-20.418312650009447,-56.19252904992321,-88.875
1772919193.3273478,89.96755860296268,1.628060472556804,-7.099233550960276,1.0668847509219002,0.765288583678368,9.771206953556222,-0.0015785014290927812,-0.0015059815478681566,-0.003272492347489368,-20.418312650009447,-56.19252904992321,-88.875
1772919193.3474526,89.96755860296268,1.628060472556804,-7.099233550960276,1.0614725956041422,0.7660200018063946,9.77414832581643,-0.0007892507145463906,-0.0007529907739340783,-0.002181661564992912,-20.418312650009447,-56.19252904992321,-88.875
1772919193.363102,89.96755860296268,1.628060472556804,-7.099233550960276,1.0627114558114616,0.7711249540383723,9.772760664490999,-0.0007892507145463906,-0.0007529907739340783,-0.003272492347489368,-20.03369381345262,-54.87538029197456,-90.0625
1772919193.3802474,89.96755860296268,1.628060472556804,-7.099233550960276,1.0627114558114616,0.7711249540383723,9.772760664490999,-0.0007892507145463906,-0.0007529907739340783,-0.003272492347489368,-20.03369381345262,-54.87538029197456,-90.0625
1772919193.4119027,89.96755860296268,1.628060472556804,-7.099233550960276,1.0627114558114616,0.7711249540383723,9.772760664490999,-0.0007892507145463906,-0.0007529907739340783,-0.003272492347489368,-20.03369381345262,-54.87538029197456,-90.0625
1772919193.4615648,89.96755860296268,1.628060472556804,-7.099233550960276,1.063973370390221,0.7720537050160183,9.771222630340695,0.0,0.0,0.0,-19.35586796908811,-56.12909562039307,-88.875
1772919193.483562,89.96755860296268,1.628060472556804,-7.099233550960276,1.0642644997584625,0.7704109207475943,9.770813646834057,0.001542241488480469,-3.6259940612312275e-05,0.001090830782496456,-19.35586796908811,-56.12909562039307,-88.875
1772919193.5465643,89.96755860296268,1.628060472556804,-7.099233550960276,1.0620379485441238,0.7670085653489349,9.773886584586354,-0.003084482976960938,7.251988122462455e-05,-0.001090830782496456,-20.36270420727585,-55.707566215164974,-88.5
1772919193.5963027,89.96755860296268,1.628060472556804,-7.099233550960276,1.0629764981399636,0.7670534366570531,9.775931590333544,-3.625994061231226e-05,-0.001542241488480469,0.0,-20.36270420727585,-55.707566215164974,-88.5
1772919193.6505308,89.96755860296268,1.628060472556804,-7.099233550960276,1.0695844072710103,0.7693382730379142,9.767055709152933,-0.0008255106551587029,-0.0022952322624145475,-0.001090830782496456,-20.880422527580397,-55.16491739611067,-88.5
1772919193.7104626,89.96755860296268,1.628060472556804,-7.099233550960276,1.0695844072710103,0.7693382730379142,9.767055709152933,-0.0008255106551587029,-0.0022952322624145475,-0.001090830782496456,-20.880422527580397,-55.16491739611067,-88.5
1772919193.7485645,89.96755860296268,1.628060472556804,-7.099233550960276,1.0699793992564297,0.7633116746275955,9.766469911592862,0.0,0.0,0.0,-19.35586796908811,-56.12909562039307,-87.25
1772919193.8142297,89.96755860296268,1.628060472556804,-7.099233550960276,1.0681502511395364,0.7598638018030754,9.764305653891402,-0.0007892507145463906,-0.0007529907739340783,0.0,-20.36270420727585,-55.707566215164974,-88.875
1772919193.8442292,89.96755860296268,1.628060472556804,-7.099233550960276,1.066821779763018,0.7528398855777192,9.766210476274741,0.0,0.0,-0.001090830782496456,-20.36270420727585,-55.707566215164974,-88.875
1772919193.8791268,89.96755860296268,1.628060472556804,-7.099233550960276,1.0636285960828165,0.7505858423488053,9.764133002585275,-0.0007892507145463906,-0.0007529907739340783,-0.001090830782496456,-20.36270420727585,-55.707566215164974,-88.875
1772919193.934001,89.96755860296268,1.628060472556804,-7.099233550960276,1.0663441571273922,0.7537040033975276,9.762750467051836,0.0007892507145463906,0.0007529907739340783,0.0,-20.89288777695528,-55.69510096579009,-88.0625
1772919193.9646916,89.96755860296268,1.628060472556804,-7.099233550960276,1.0635331310295009,0.7606196938568622,9.761830405098266,-3.625994061231226e-05,-0.001542241488480469,-0.001090830782496456,-20.89288777695528,-55.69510096579009,-88.0625
1772919193.986018,89.96755860296268,1.628060472556804,-7.099233550960276,1.0662806262008253,0.7603814194906741,9.761218114145931,0.0007892507145463906,0.0007529907739340783,0.0,-19.672413113536457,-56.43109797390406,-87.6875
1772919194.0142264,89.96755860296268,1.628060472556804,-7.099233550960276,1.0681090535458095,0.7602228505616748,9.76081064135689,0.0,0.0,-0.001090830782496456,-19.672413113536457,-56.43109797390406,-87.6875
1772919194.0518186,89.96755860296268,1.628060472556804,-7.099233550960276,1.0669055569622494,0.757808223891631,9.760539472767553,3.625994061231226e-05,0.001542241488480469,-0.002181661564992912,-19.672413113536457,-56.43109797390406,-87.6875
1772919194.0708375,89.96755860296268,1.628060472556804,-7.099233550960276,1.0669055569622494,0.757808223891631,9.760539472767553,3.625994061231226e-05,0.001542241488480469,-0.002181661564992912,-19.672413113536457,-56.43109797390406,-87.6875
1772919194.105081,89.96755860296268,1.628060472556804,-7.099233550960276,1.0685249379866033,0.75851041763499,9.760359013100501,0.001542241488480469,-3.6259940612312275e-05,-0.001090830782496456,-20.046159062827503,-55.40556386165399,-87.25
1772919194.1440327,89.96755860296268,1.628060472556804,-7.099233550960276,1.064873222592738,0.7590889134648269,9.760238919207945,0.0007529907739340783,-0.0007892507145463906,0.0,-20.046159062827503,-55.40556386165399,-87.25
1772919194.1684947,89.96755860296268,1.628060472556804,-7.099233550960276,1.06486334134723,0.7617829967964875,9.760158998063984,0.0007529907739340783,-0.0007892507145463906,0.0,-19.64173516955263,-57.00650227850468,-88.875
1772919194.1847122,89.96755860296268,1.628060472556804,-7.099233550960276,1.06486334134723,0.7617829967964875,9.760158998063984,0.0007529907739340783,-0.0007892507145463906,0.0,-19.64173516955263,-57.00650227850468,-88.875
1772919194.209246,89.96755860296268,1.628060472556804,-7.099233550960276,1.064856765488725,0.763575879158825,9.763450923142775,0.001542241488480469,-3.6259940612312275e-05,0.0,-19.64173516955263,-57.00650227850468,-88.875
1772919194.2465923,89.96755860296268,1.628060472556804,-7.099233550960276,1.064856765488725,0.763575879158825,9.763450923142775,0.001542241488480469,-3.6259940612312275e-05,0.0,-19.64173516955263,-57.00650227850468,-88.875
1772919194.2781682,89.96755860296268,1.628060472556804,-7.099233550960276,1.0648523893283472,0.7647690223431521,9.765641662509498,0.0015785014290927812,0.0015059815478681566,-0.001090830782496456,-19.548730978694383,-54.93098873470816,-88.5
1772919194.313236,89.96755860296268,1.628060472556804,-7.099233550960276,1.0648494770425008,0.7655630458040392,9.76709957508589,0.002367752143639172,0.002258972321802235,-0.002181661564992912,-19.548730978694383,-54.93098873470816,-88.5
1772919194.3459241,89.96755860296268,1.628060472556804,-7.099233550960276,1.0648475389488021,0.7660914595474363,9.771414911326849,0.0008255106551587029,0.0022952322624145475,-0.001090830782496456,-20.634028616803008,-55.96642537531725,-87.6875
1772919194.504037,89.96755860296268,1.628060472556804,-7.099233550960276,1.0671539204425549,0.7644125785255844,9.782678484457767,-0.0007529907739340783,0.0007892507145463906,-0.002181661564992912,-19.559118686506785,-55.37280837610768,-88.0
1772919194.583765,89.96755860296268,1.628060472556804,-7.099233550960276,1.0671539204425549,0.7644125785255844,9.782678484457767,-0.0007529907739340783,0.0007892507145463906,-0.002181661564992912,-19.559118686506785,-55.37280837610768,-88.0
1772919194.605613,89.96755860296268,1.628060472556804,-7.099233550960276,1.0686902211083447,0.7629055418684108,9.78847272490065,0.0,0.0,0.0,-19.830443096033942,-55.631667536259954,-87.6875
1772919194.6380572,89.96755860296268,1.628060472556804,-7.099233550960276,1.069712612039825,0.7619026258077642,9.788983615482163,-0.001542241488480469,3.6259940612312275e-05,-0.001090830782496456,-19.830443096033942,-55.631667536259954,-87.6875
1772919194.6796215,89.96755860296268,1.628060472556804,-7.099233550960276,1.07039300178387,0.7612351963727105,9.7826333840425,0.0023314922030268593,0.000716730833321766,0.0,-19.559118686506785,-55.37280837610768,-87.6875
1772919194.7524543,89.96755860296268,1.628060472556804,-7.099233550960276,1.0708457935580806,0.7607910295393574,9.785097599370776,0.001542241488480469,-3.6259940612312275e-05,0.001090830782496456,-19.559118686506785,-55.37280837610768,-87.6875
1772919194.8074505,89.96755860296268,1.628060472556804,-7.099233550960276,1.0711471214258022,0.7604954414734296,9.780047283730015,0.0007529907739340783,-0.0007892507145463906,0.001090830782496456,-19.528440742522957,-55.9482126807083,-88.875
1772919194.8966558,89.96755860296268,1.628060472556804,-7.099233550960276,1.073901397006982,0.7624769230590386,9.774449694618793,0.0363333248308218,0.0030034951168118355,0.30325095753401476,-20.11631029649846,-56.509074194371564,-88.875
1772919195.0050082,90.49974475549125,1.6484787808614692,-7.199354200155918,1.073901397006982,0.7624769230590386,9.774449694618793,0.0363333248308218,0.0030034951168118355,0.30325095753401476,-20.11631029649846,-56.509074194371564,-88.875
1772919195.0741355,90.89951533296355,1.6500476055453792,-7.176820031509476,1.294806484594123,0.9560002348475538,9.838872894349938,0.03259616292283924,-0.02468433179461198,0.07635815477475191,-19.64173516955263,-57.00650227850468,-86.375
1772919195.151143,91.1539338897354,1.6558586430828988,-7.199272206916664,1.3094077768931887,0.9616535311562858,9.735551460853578,0.0205845704805063,-0.010514078873389262,0.09599310885968812,-19.64173516955263,-57.00650227850468,-86.375
1772919195.2027051,91.64012852777914,1.677897883735894,-7.233833345677454,1.2270423869159763,0.8729405101956017,9.666792201037788,0.010215531369566287,-0.024929683399973687,0.16253378659197193,-21.20527783827867,-55.82037546274127,-86.375
1772919195.2250767,91.89416323319432,1.698940464022326,-7.217056116259597,1.111525356244662,0.8484542719563972,9.621033681721638,0.026290625185392595,0.002468063986551632,0.15271630954950383,-21.20527783827867,-55.82037546274127,-86.375
1772919195.2737114,92.22080970846535,1.7295089364984553,-7.186357130358818,1.0808320791252055,0.7837530628019003,9.44674209485816,0.015313635062967753,-0.004989323871564528,0.1407171709420428,-21.46413699843094,-55.549051053214114,-85.1875
1772919195.357053,92.43699884267319,1.7471613084415287,-7.1920467639788725,1.014224029686059,0.7891010220049558,9.601707039057983,-0.0300108511355262,0.03619675304729703,0.04254240051736178,-21.46413699843094,-55.549051053214114,-85.1875
1772919195.4699082,92.74554658020159,1.797876816844784,-7.2439394133788895,1.1195698628090753,0.7181608988706639,9.634587132497407,0.043246813579753275,-0.03110711733282005,0.08072147790473774,-23.0240097634854,-56.08705960969009,-84.5
1772919195.5945272,93.66176145858813,1.8216871771083527,-7.261662946379512,1.0185545222002461,0.7388564483767694,9.746786483484255,0.015032023516993733,0.015849066193227956,0.2083486794568231,-23.0240097634854,-56.08705960969009,-84.5
1772919195.6306434,94.74446130063195,1.8837017591313205,-7.241944920984251,1.078578841639103,0.7307092929685036,9.774622334314659,0.010940730181812531,0.005915146369635689,0.20725784867432664,-23.295334173012556,-56.345918769842356,-82.875
1772919195.6470358,94.74446130063195,1.8837017591313205,-7.241944920984251,1.078578841639103,0.7307092929685036,9.774622334314659,0.010940730181812531,0.005915146369635689,0.20725784867432664,-23.295334173012556,-56.345918769842356,-82.875
1772919195.6644256,95.10111231011577,1.883754051564016,-7.257742614211343,1.1040025883694267,0.7114328471392359,9.819907675754019,0.015494934766029315,0.002721883570837816,0.1505346479845109,-23.295334173012556,-56.345918769842356,-82.875
1772919195.6801572,95.10111231011577,1.883754051564016,-7.257742614211343,1.1040025883694267,0.7114328471392359,9.819907675754019,0.015494934766029315,0.002721883570837816,0.1505346479845109,-23.295334173012556,-56.345918769842356,-82.875
1772919195.7015672,95.36705829526029,1.8828301293609355,-7.262189598059376,1.1378638697140262,0.7147682935057492,9.823283670952948,0.019223628695087393,-0.002766611490374607,0.16253378659197193,-24.41130975510501,-56.80595110585083,-82.5
1772919195.7247057,95.64098450414909,1.8956117321145525,-7.27078244924771,1.1303798635449227,0.7484518250413679,9.745247677069834,-0.0020776726187406737,0.010078959586041516,0.1636246173744684,-24.41130975510501,-56.80595110585083,-82.5
1772919195.7418816,95.87014617303396,1.9212873509643973,-7.25587747427813,1.139921108381864,0.7847224439233762,9.69331559485979,-0.034528795779130664,0.040932257334575374,0.12871803233458182,-24.41130975510501,-56.80595110585083,-82.5
1772919195.7786815,95.87014617303396,1.9212873509643973,-7.25587747427813,1.139921108381864,0.7847224439233762,9.69331559485979,-0.034528795779130664,0.040932257334575374,0.12871803233458182,-24.41130975510501,-56.80595110585083,-82.5
1772919195.8264453,95.98618424367868,1.9464798674751247,-7.245415693912997,1.1462707002381598,0.8088601356199919,10.023372550366188,-0.006740657024794392,0.008645497919397983,0.05345070834232634,-23.59733652652354,-56.02937362539401,-80.0
1772919195.8746507,96.14036399863744,1.9583794186142178,-7.258317234672934,1.205607088806525,0.8543858417687958,10.243021767277922,0.007747467383014657,0.001360941785418908,0.06326818538479445,-23.59733652652354,-56.02937362539401,-80.0
1772919195.9210458,96.36179303254572,1.9545882951569429,-7.28542590364947,1.234412870701933,0.8328817289957484,9.542882605538354,0.010904470241200219,0.00437290488115522,0.10035643198967395,-25.175421986186944,-55.46179430758993,-81.5625
1772919195.9704146,96.52313013022538,1.9537426324582943,-7.315926605221932,1.2535827967716595,0.8185709821619647,9.076947814467566,0.06512827394337833,-0.01927682459354866,0.13308135546456762,-25.175421986186944,-55.46179430758993,-81.5625
1772919196.0003016,96.52313013022538,1.9537426324582943,-7.315926605221932,1.2535827967716595,0.8185709821619647,9.076947814467566,0.06512827394337833,-0.01927682459354866,0.13308135546456762,-25.175421986186944,-55.46179430758993,-81.5625
1772919196.190858,97.06070880640324,1.970399754784368,-7.315691372538628,1.0650628806090219,0.8019495854159502,9.549629555355345,0.018043986612730045,0.012692063335042395,0.1908953869368798,-25.619319169148948,-55.53977052805743,-80.0
1772919196.241051,100.2909763794511,2.0049084396122083,-7.315746759710759,0.9461950520630393,0.7908731338598268,9.876171489486948,0.004989323871564529,0.015313635062967753,0.2181661564992912,-27.209869878187234,-55.50237477993279,-78.0
1772919196.3197203,100.79697086623679,1.9976068152401794,-7.316828959087981,1.0023816315285756,0.7801811646466298,9.840655940240316,0.030128098936287612,0.0016062933907806157,0.1734420944169365,-28.04205580137765,-55.173364386109554,-77.0
1772919196.358582,101.26309168752788,1.9907715027638608,-7.334686145233973,1.0397731725176722,0.7730657785723692,9.817020738951362,0.024104172744814984,0.007920299107151741,0.21271200258680892,-28.04205580137765,-55.173364386109554,-77.0
1772919196.4068186,101.68560686010586,2.0129833371884325,-7.318545647445446,1.0625701120112083,0.7802096539325978,9.801291776516061,0.009724828158842872,0.019831579706572223,0.2476185876266955,-29.03691196964389,-56.12251464000122,-76.0625
1772919196.4655635,102.21697460994999,2.033399799930884,-7.30523236186925,1.0777412205856562,0.7849638231825131,9.800859662841349,0.022416891493885267,0.001787593093842176,0.2203478180642841,-29.03691196964389,-56.12251464000122,-76.0625
1772919196.4972422,102.86158339490281,2.053632296977938,-7.317226319468133,1.099160540489895,0.7665674061751011,9.800572096017854,0.010940730181812531,0.005915146369635689,0.19634954084936207,-29.79063649291342,-54.3365382003408,-75.0
1772919196.5281255,102.86158339490281,2.053632296977938,-7.317226319468133,1.099160540489895,0.7665674061751011,9.800572096017854,0.010940730181812531,0.005915146369635689,0.19634954084936207,-29.79063649291342,-54.3365382003408,-75.0
1772919196.5684345,103.76943934239549,2.0551391391620433,-7.321803021582558,1.088193053616848,0.7454273105493902,9.835859698831362,0.024140432685427298,0.009462540595632207,0.18544123302439752,-30.3582158107175,-55.9146236600042,-75.0
1772919196.6246953,103.76943934239549,2.0551391391620433,-7.321803021582558,1.088193053616848,0.7454273105493902,9.835859698831362,0.024140432685427298,0.009462540595632207,0.18544123302439752,-30.3582158107175,-55.9146236600042,-75.0
1772919196.736509,104.30704035485745,2.0537690227558048,-7.309803047872544,1.077850940099769,0.7456528564713408,9.817174005578549,0.014351552624284279,0.019722799884735284,0.19853120241435498,-30.3582158107175,-55.9146236600042,-75.0
1772919196.8148634,105.56092440668512,2.014757055008415,-7.300541919297592,1.084934177735536,0.7360105827981347,9.804738885451673,0.01936866845753664,0.0034023544635472694,0.18980455615438332,-31.02149886414465,-54.04236083362636,-73.0
1772919196.9714773,107.35104004735257,1.9547241895307403,-7.3356344101598445,1.0910233005588688,0.7513825439450289,9.86895368987843,0.021591380838726568,-0.0005076391685723712,0.1908953869368798,-30.762639703992377,-54.313685243153515,-72.5625
1772919197.0439239,108.42231804023888,1.952550363945975,-7.344226279931667,1.0798456315614033,0.7543453931477241,9.862613468887506,0.009579788396393623,0.013662613752650345,0.2083486794568231,-30.762639703992377,-54.313685243153515,-72.5625
1772919197.0783396,109.23547550516939,1.9233750761992772,-7.341181380904832,1.072407017706334,0.7563171361949235,9.845013675813679,0.019404928398148953,0.004944595952027738,0.20725784867432664,1448.9221331643062,1359.9825193023057,-71.375
1772919197.1440854,110.0448372461059,1.929766403282909,-7.33935808396028,1.0487615092522404,0.7675328748694227,9.833301210125617,0.005706054704886296,0.012982142859940893,0.19962203319685143,1448.9221331643062,1359.9825193023057,-71.375
1772919197.2333164,111.1950022290143,1.9307091573674608,-7.3625145578718,1.0427068657407794,0.7842332269457956,9.795400689681152,0.007212036252754453,0.011403641430848113,0.2083486794568231,-33.9063453739443,-52.64834303786593,-70.1875
1772919197.3015509,111.57336082103042,1.9453994214427228,-7.36821469020427,1.0459384517890282,0.8022744271548432,9.786903875238512,0.019078588932638144,-0.008935577444296482,0.16580627893946132,-33.9063453739443,-52.64834303786593,-70.1875
1772919197.3907175,112.56363294767222,1.921097435572733,-7.441955884923489,1.081973159999813,0.8466080558283162,9.764523781605973,0.006495305419432686,0.013735133633874972,0.21271200258680892,-34.12206134073786,-52.42223936325996,-69.0
1772919197.428086,113.02485043638804,1.939762900109248,-7.4959540061966745,1.094408351684395,0.8882130632553084,9.749630079295546,0.023777833279304175,-0.0059598742891724815,0.1636246173744684,-34.12206134073786,-52.42223936325996,-69.0
1772919197.4720237,113.50103569342059,1.957128009571246,-7.485407658610634,1.0858529646805122,0.9044664205816061,9.739718486781513,0.00563353482366167,0.009897659882979954,0.2181661564992912,-35.94446316961618,-50.9647881379694,-67.75
1772919197.572288,114.23206106678585,1.9645466462220336,-7.501717258510699,1.051004721780408,0.8828442431149467,9.692981092195334,0.027152395781163612,0.006305537737446645,0.17889624832941878,-35.94446316961618,-50.9647881379694,-67.75
1772919197.625646,114.97342142118497,1.9358998954146136,-7.5254869827169575,1.0800593420209832,0.876690585184091,9.70536433038429,0.03159782054354346,-0.0015144495267926362,0.17780541754692233,-35.71835949501021,-50.74907217117584,-68.25
1772919197.6822062,115.75418292857968,1.9286034803228704,-7.524440246118314,1.0751919216619568,0.8495043863807102,9.716950348776527,0.011085769944261779,0.012084112323557565,0.17562375598192942,-35.71835949501021,-50.74907217117584,-68.25
1772919197.7399259,115.75418292857968,1.9286034803228704,-7.524440246118314,1.0751919216619568,0.8495043863807102,9.716950348776527,0.011085769944261779,0.012084112323557565,0.17562375598192942,-35.71835949501021,-50.74907217117584,-68.25
1772919197.7835078,116.37143498382743,1.9154288270485107,-7.541314850877741,1.1181606918397062,0.8847439810819956,9.724660714592254,0.008971837384908796,0.020620830421118615,0.18762289458939044,-36.10249315211366,-50.165357700325295,-65.875
1772919197.829561,116.37143498382743,1.9154288270485107,-7.541314850877741,1.1181606918397062,0.8847439810819956,9.724660714592254,0.008971837384908796,0.020620830421118615,0.18762289458939044,-36.10249315211366,-50.165357700325295,-65.875
1772919197.9044707,117.26573858524982,1.902868669200499,-7.52984467362683,1.0959297427080998,0.85970442050199,9.72979187691219,0.014133992980610407,0.010469350953852471,0.1712604328519436,-36.10249315211366,-50.165357700325295,-65.875
1772919197.9285586,118.066545906365,1.8882311319423228,-7.542361468869575,1.0835555889537647,0.8453499734653414,9.716481049580672,0.013381002206676328,0.011258601668398862,0.16907877128695067,-37.35364575951631,-48.85395638761071,-65.5
1772919197.9684515,118.47066067062828,1.8644417714005208,-7.543356792379671,1.0753207278586094,0.8357972493121316,9.777870188536937,0.016465485183637267,0.011186081787174238,0.1832595714594046,-37.35364575951631,-48.85395638761071,-65.5
1772919197.9864514,118.77456553653039,1.8678005519746246,-7.5571919396181295,1.0957965974878423,0.8264637548540682,9.815378863043398,0.017037176254509782,0.002685623630225504,0.1810779098944117,-36.95704685303798,-48.90748728878182,-64.25
1772919198.008294,118.98759480998214,1.8513591153290876,-7.570860088961927,1.0912838346555873,0.8538029611360999,9.8403404669281,0.021953980244849687,0.014914775716232318,0.19198621771937624,-36.95704685303798,-48.90748728878182,-64.25
1772919198.0586016,119.4114504419227,1.8411974025282893,-7.587616200234443,1.088280641401585,0.8719968975178471,9.76663411937636,0.004953063930952217,0.013771393574487284,0.19744037163185854,-38.23105241762792,-48.568089187146185,-63.875
1772919198.1778007,120.7870264245479,1.8493598058248537,-7.611930240063915,1.0862820498389136,0.8841047589403136,9.717583368434527,0.006459045478820374,0.012192892145394502,0.19744037163185854,-37.7336243334948,-48.09351406020035,-62.6875
1772919198.278888,122.1540315540342,1.853709032381418,-7.609038493334308,1.0819757462346633,0.8662063277646578,9.77525865771315,0.013163442563002455,0.002005152737516049,0.19962203319685143,-39.28677929440844,-46.465567603037414,-62.25
1772919198.3436954,122.1540315540342,1.853709032381418,-7.609038493334308,1.0819757462346633,0.8662063277646578,9.77525865771315,0.013163442563002455,0.002005152737516049,0.19962203319685143,-39.28677929440844,-46.465567603037414,-62.25
1772919198.4108253,122.97015651193503,1.8805590950041238,-7.585754316763801,1.0929645542053534,0.8397733544151826,9.850437147233391,0.020947169886629424,0.004908336011415428,0.19198621771937624,-39.28677929440844,-46.465567603037414,-62.25
1772919198.4676576,123.63816901975281,1.8905620825711043,-7.564940087890928,1.1002774831568198,0.8221825059267666,9.900467592210358,0.03862855709323635,0.0021779844616531307,0.20616701789183017,-37.965475453334825,-46.67345858303443,-60.25
1772919198.51989,124.15042577714367,1.9098686513929002,-7.562318679694969,1.0761006210019455,0.7827667829308672,9.937107406173158,0.01294588291932858,-0.007248296193366764,0.14180800172453928,-37.965475453334825,-46.67345858303443,-60.25
1772919198.5850084,125.36148012101307,2.014201921615585,-7.494243020640872,0.9967032047080897,0.7812966063408046,9.81399631090225,0.0019411008352159048,0.016928396432672844,0.2301652951067522,-38.949943913788665,-47.18078919552658,-60.25
1772919198.6210568,125.36148012101307,2.014201921615585,-7.494243020640872,0.9967032047080897,0.7812966063408046,9.81399631090225,0.0019411008352159048,0.016928396432672844,0.2301652951067522,-38.949943913788665,-47.18078919552658,-60.25
1772919198.6978276,126.40029973732986,2.0230632327380014,-7.520930199930818,0.9724253896702771,0.7871326964575647,9.765827936361257,0.008754277741234922,0.0113673814902358,0.24870941840919197,-39.74681163041691,-45.34959202094496,-61.0625
1772919198.778741,126.40029973732986,2.0230632327380014,-7.520930199930818,0.9724253896702771,0.7871326964575647,9.765827936361257,0.008754277741234922,0.0113673814902358,0.24870941840919197,-39.74681163041691,-45.34959202094496,-61.0625
1772919198.8831816,128.64953440830706,1.9632241870937717,-7.5690861196763475,1.0294498982212041,0.8105475191266718,9.810496130698441,0.027796606733260756,0.0008895625574588485,0.21925698728178766,-39.158942076441406,-44.788730507281706,-60.25
1772919198.9276812,129.47876040984133,1.9396428595714252,-7.5866350276881525,1.0487727858280607,0.8124142172433362,9.827055727974265,0.00983360798067981,0.024458304172013626,0.20943951023931956,-36.60421314312071,-43.30157169691407,-59.875
1772919199.020147,130.58516709234885,1.96338276975601,-7.587636274997654,1.0280814090977177,0.7955172586475332,9.838075954978505,0.006567825300657309,0.01681961661083591,0.22907446432425577,-36.60421314312071,-43.30157169691407,-59.875
1772919199.123816,131.9711796880818,1.9912101291463238,-7.618291662632374,1.0189297306597493,0.7794319323398703,9.838719569531186,0.008472666195260903,0.03220577155502829,0.2399827721492203,-37.36832537420264,-41.95741489865317,-59.1875
1772919199.181569,131.9711796880818,1.9912101291463238,-7.618291662632374,1.0189297306597493,0.7794319323398703,9.838719569531186,0.008472666195260903,0.03220577155502829,0.2399827721492203,-37.36832537420264,-41.95741489865317,-59.1875
1772919199.2462385,132.63006630938716,1.9855998352530382,-7.648206219230051,1.0201002745605543,0.7756546298243668,9.809041882460475,0.012700531313966874,0.01513233535990619,0.18980455615438332,-37.36832537420264,-41.95741489865317,-59.1875
1772919199.297169,133.31075809074053,1.9608117694792009,-7.706130498374222,1.0688403746356196,0.8004053120744463,9.789291713236404,0.016501745124249578,0.012728323275654707,0.13308135546456762,-40.25781214658063,-42.64098818825174,-58.375
1772919199.4081697,133.59885289379415,1.9382454017953938,-7.757494431788725,1.1036966613297585,0.8191857154477635,9.752732414290396,-0.0010346023199080965,0.021627640779338875,0.03599741582238305,-40.25781214658063,-42.64098818825174,-58.375
1772919199.4776788,133.80911853612918,1.9454506451136169,-7.732990040865907,1.1546023405839843,0.8026403294205484,9.721712385821316,0.007965027026688531,0.010614390716301722,0.055632369907319255,-38.94641083386605,-41.38983558084909,-55.6875
1772919199.5489779,134.09841438219976,1.915963296481248,-7.74215123379994,1.177748553812857,0.7771363782747489,9.658391148277003,0.00684943684663133,-0.004018773453956577,0.032724923474893676,-35.740378917039706,-40.40425993773953,-57.6875
1772919199.6133509,134.1761501974325,1.9003151800204972,-7.768839183227686,1.1909179928040865,0.8270138956016454,9.59202709300401,0.00749364779872847,-0.009434748633944374,0.03381575425739013,-35.740378917039706,-40.40425993773953,-57.6875
1772919199.7090676,134.35082119049108,1.8985478558695046,-7.815281818402158,1.2017688206843038,0.8483277409057408,9.57462344921346,0.01911484887325046,-0.007393335955816014,0.03599741582238305,-35.559495977354935,-40.23168716430468,-57.1875
1772919199.736239,134.40678614856552,1.9023163377702044,-7.807350650937015,1.1835898164165133,0.8891351069888942,9.563041518682288,0.008500458156948736,0.0005716910708725179,0.04908738521234052,-35.559495977354935,-40.23168716430468,-57.1875
1772919199.7656302,134.40678614856552,1.9023163377702044,-7.807350650937015,1.1835898164165133,0.8891351069888942,9.563041518682288,0.008500458156948736,0.0005716910708725179,0.04908738521234052,-35.559495977354935,-40.23168716430468,-57.1875
1772919199.803261,134.5822549301937,1.9002411540846016,-7.8044541266835985,1.1510175983183832,0.8505251929570633,9.562024096707074,-0.0038374737508950164,0.0008617705957710154,0.022907446432425576,-34.913940439083355,-39.09749888760328,-56.75
1772919199.8470597,134.5822549301937,1.9002411540846016,-7.8044541266835985,1.1510175983183832,0.8505251929570633,9.562024096707074,-0.0038374737508950164,0.0008617705957710154,0.022907446432425576,-34.913940439083355,-39.09749888760328,-56.75
1772919199.9091675,134.61810841063857,1.888662196270137,-7.8039570159415845,1.1154865461148389,0.8393524938105326,9.58810790740647,0.007674947501790033,-0.0017235411915420308,0.011999138607461015,-34.913940439083355,-39.09749888760328,-56.75
1772919199.998725,135.03877459882554,1.8760799466990519,-7.860464555076246,1.0801447251561582,0.8308230147904007,9.687265615529766,0.00778372732362697,0.0029031832738993764,0.07090400086226964,-37.84864794638254,-39.824215370560566,-54.75
1772919200.0423172,135.17813828119793,1.8924411126293592,-7.844006501038421,1.09911810753943,0.8278828527215982,9.741702084997245,0.0038737336915073287,0.000680470892709454,0.04581489286485115,-34.655081278931085,-39.36882329713044,-55.6875
1772919200.088599,135.2967656109083,1.9007580783545304,-7.849387040926969,1.111744681568929,0.8259262077085725,9.731097383430173,-0.007566167679953096,0.006350265656983436,0.06872233929727672,-34.655081278931085,-39.36882329713044,-55.6875
1772919200.1243963,135.2967656109083,1.9007580783545304,-7.849387040926969,1.111744681568929,0.8259262077085725,9.731097383430173,-0.007566167679953096,0.006350265656983436,0.06872233929727672,-34.655081278931085,-39.36882329713044,-55.6875
1772919200.1557603,135.2967656109083,1.9007580783545304,-7.849387040926969,1.111744681568929,0.8259262077085725,9.731097383430173,-0.007566167679953096,0.006350265656983436,0.06872233929727672,-34.655081278931085,-39.36882329713044,-55.6875
1772919200.1907697,135.44444046277727,1.903288927712962,-7.811999250596927,1.088579764641151,0.7513184940517346,9.717117377269444,-0.001324681844806596,0.009289708871495125,0.001090830782496456,-33.16279702653173,-37.94509791629294,-54.0625
1772919200.2484667,135.44444046277727,1.903288927712962,-7.811999250596927,1.088579764641151,0.7513184940517346,9.717117377269444,-0.001324681844806596,0.009289708871495125,0.001090830782496456,-33.16279702653173,-37.94509791629294,-54.0625
1772919200.3021016,135.4308173707572,1.8888889912680893,-7.847346982599167,1.0941608039628294,0.7279019160099895,9.677940306285988,0.01570402643077871,-0.021200989470915612,-0.013089969389957472,-34.42433734174678,-37.07551624497787,-54.75
1772919200.3259282,135.52768691522084,1.9028554922681598,-7.866459165249815,1.1341793416387447,0.7469549571904136,9.584966169036669,0.01523264720281865,-0.041250128821161705,0.03599741582238305,-34.42433734174678,-37.07551624497787,-54.75
1772919200.3529208,135.52768691522084,1.9028554922681598,-7.866459165249815,1.1341793416387447,0.7469549571904136,9.584966169036669,0.01523264720281865,-0.041250128821161705,0.03599741582238305,-34.42433734174678,-37.07551624497787,-54.75
1772919200.3907015,135.52223725080654,1.8750204192444653,-7.895403938888803,1.2101918985285507,0.7466435205744967,9.516402695871772,0.040633709830752394,-0.010985458101349327,0.009817477042468103,-35.22584532095337,-37.32191015575526,-52.75
1772919200.40703,135.52223725080654,1.8750204192444653,-7.895403938888803,1.2101918985285507,0.7466435205744967,9.516402695871772,0.040633709830752394,-0.010985458101349327,0.009817477042468103,-35.22584532095337,-37.32191015575526,-52.75
1772919200.4267917,135.4371746239162,1.8832963201120585,-7.910141821788626,1.272322910118449,0.7343347902017012,9.477464693799352,-0.005488495061212422,-0.0037286939290580795,-0.020725784867432664,-35.22584532095337,-37.32191015575526,-52.75
1772919200.4507396,135.3186426243974,1.8684304811703258,-7.933243092062453,1.2967283423852227,0.7099797619022519,9.732541271800967,-0.0008617705957710153,-0.0038374737508950164,35.6734390799816,-35.22584532095337,-37.32191015575526,-52.75
1772919200.5109317,134.68442469895044,1.803678345397698,-7.9715965914553975,1.2330149384924924,0.7145796376761085,9.902291885068966,-0.01681961661083591,0.006567825300657308,-0.11126473981463851,-34.683196501899054,-36.804191835450716,-52.0625
1772919200.6114817,134.48265703302332,1.7757818055860917,-7.995908837674392,1.1790688758316066,0.7297422764035085,9.747650085374671,-0.00018129970306156136,-0.007711207442402344,-0.13744467859455345,-34.683196501899054,-36.804191835450716,-52.0625
1772919200.6352453,134.13585188414868,1.7234769016813758,-7.987548226739922,1.1748545904611725,0.7793099444992607,9.64473769514021,-0.010187739407878453,-0.00670439708418208,-0.12544553998709243,-34.434239870105806,-35.6164726575782,-51.6875
1772919200.6719227,133.81063594871702,1.65873417472997,-7.9995069176034965,1.1748545904611725,0.7793099444992607,9.64473769514021,0.0037649538696703914,-0.003946253572731952,-0.10362892433716332,-34.434239870105806,-35.6164726575782,-51.6875
1772919200.7237144,133.81063594871702,1.65873417472997,-7.9995069176034965,1.1748545904611725,0.7793099444992607,9.64473769514021,0.0037649538696703914,-0.003946253572731952,-0.10362892433716332,-34.434239870105806,-35.6164726575782,-51.6875
1772919200.7924452,133.07434670387227,1.5581797145007008,-8.002679664501034,1.2353062437794764,0.8547699206546953,9.714524408899978,0.008963369405984316,-0.012555491551517625,-0.136353847812057,-33.12283855739122,-34.36532005017555,-53.1875
1772919200.8448505,132.7253127692062,1.5336787384113966,-8.014205777769993,1.2596850781145816,0.8661319030975329,9.702975608460019,-0.0026578316685376695,-0.014596904229645985,-0.11453723216212788,-31.801534716317605,-34.573211030172565,-52.5
1772919200.9395325,132.0198416653662,1.491146175884907,-8.030509538395915,1.1260095399774814,0.848612834873521,9.69017533137067,-0.006168965953921876,0.0001450397624492491,-0.11780972450961724,-32.86972684247301,-33.000873015743224,-52.5
1772919200.976694,131.76975871297202,1.4522586987236443,-8.054549955881436,1.0941145672713832,0.8381910346060241,9.763709138629627,0.00021755964367387346,0.009253448930882814,-0.10144726277217041,-32.86972684247301,-33.000873015743224,-52.5
1772919201.0174074,131.76975871297202,1.4522586987236443,-8.054549955881436,1.0941145672713832,0.8381910346060241,9.763709138629627,0.00021755964367387346,0.009253448930882814,-0.10144726277217041,-32.86972684247301,-33.000873015743224,-52.5
1772919201.1290169,131.33942427736994,1.3867589061488028,-8.066151814554894,1.1907048963441174,0.9112956154530035,9.722327049836391,-0.0039825135133442656,-0.005307195358150861,-0.136353847812057,-32.02299812834523,-32.71133591160712,-52.0
1772919201.187965,130.60073147829232,1.320979138492871,-8.060364957331986,1.3066744492793154,0.9445345801331431,9.71820351396395,-0.03665119631740814,0.016292653459500185,-0.16035212502697901,-32.02299812834523,-32.71133591160712,-52.0
1772919201.2143736,130.22920066024162,1.3238408462258773,-8.030324363354614,1.3621794340195708,0.9506022278279794,9.715459346903753,-0.019223628695087393,0.002766611490374607,-0.10035643198967395,-30.688743858443356,-30.488180093125518,-52.0
1772919201.242451,130.22920066024162,1.3238408462258773,-8.030324363354614,1.3621794340195708,0.9506022278279794,9.715459346903753,-0.019223628695087393,0.002766611490374607,-0.10035643198967395,-30.688743858443356,-30.488180093125518,-52.0
1772919201.2911184,129.866621885396,1.291643818092563,-8.027446790408524,1.3531317847541708,0.9107672640254341,9.763809809989338,-0.017427567622320738,0.013526041969125574,-0.136353847812057,-30.688743858443356,-30.488180093125518,-52.0
1772919201.3350756,129.44878934699804,1.2488188406637806,-8.017600065807681,1.2504100867035417,0.7966229032114059,9.799331614770052,0.0028306633926747523,-0.010868210300587907,-0.10690141668465268,-30.078021347280565,-28.955315368383307,-52.5
1772919201.3755617,129.1981958313755,1.2158572090819058,-8.054453150677778,1.22936986555793,0.8212867662399376,9.819625867339738,0.011294861609011175,-0.011838760718195857,-0.10362892433716332,-30.078021347280565,-28.955315368383307,-52.5
1772919201.408495,128.91988257357406,1.1831506447560793,-8.036086043332547,1.1719137251358864,0.8008658722036572,9.803025460357334,-0.01735504774109611,0.016610524946086513,-0.11780972450961724,-29.073262650655305,-29.465208701891306,-51.6875
1772919201.4582305,128.91988257357406,1.1831506447560793,-8.036086043332547,1.1719137251358864,0.8008658722036572,9.803025460357334,-0.01735504774109611,0.016610524946086513,-0.11780972450961724,-29.073262650655305,-29.465208701891306,-51.6875
1772919201.4904785,128.3014852682754,1.0976208348304493,-8.039948793693984,1.1105862973208998,0.8114789409066008,9.771907404705326,-0.00903588928720894,0.009471008574556688,-0.11999138607461016,-29.073262650655305,-29.465208701891306,-51.6875
1772919201.5082474,128.3014852682754,1.0976208348304493,-8.039948793693984,1.1105862973208998,0.8114789409066008,9.771907404705326,-0.00903588928720894,0.009471008574556688,-0.11999138607461016,-29.073262650655305,-29.465208701891306,-51.6875
1772919201.5365343,128.00813166016383,1.077349028792368,-8.035755542485317,1.0697735791822829,0.8185418195726641,9.771269356524288,-0.014705684051482922,-0.0019688927969037364,-0.1461713248545251,-29.391400157212754,-27.954711754883004,-51.25
1772919201.5580778,127.79237554874778,1.0482197390911816,-8.037272923905102,1.0601112017546432,0.8630527690407939,9.713977843562843,-0.003483342323696373,-0.016892136492060533,-0.12544553998709243,-29.391400157212754,-27.954711754883004,-51.25
1772919201.5942714,127.5835320492772,1.0272540868540163,-8.024590216655529,1.0536809975123773,0.8926743086919493,9.679196093382453,-0.013272222384839391,-0.006631877202957456,-0.1090830782496456,-28.893972073079635,-27.48013662793717,-52.0625
1772919201.612223,127.5835320492772,1.0272540868540163,-8.024590216655529,1.0536809975123773,0.8926743086919493,9.679196093382453,-0.013272222384839391,-0.006631877202957456,-0.1090830782496456,-28.893972073079635,-27.48013662793717,-52.0625
1772919201.6559253,127.36030652563537,1.004613337463098,-8.026326172967043,1.1268511942360528,0.9862783386475448,9.656049227175012,-0.010115219526653828,-0.0036199141072211422,-0.11344640137963143,-28.893972073079635,-27.48013662793717,-52.0625
1772919201.6863298,127.10878266867864,0.9877665137458392,-8.014570966551418,1.1673687415479683,0.9020707120421714,9.704202368720466,-0.030554750244710882,0.013063130720089995,-0.09272061651219876,-28.969870751984658,-26.947875516695262,-51.6875
1772919201.7139173,127.10878266867864,0.9877665137458392,-8.014570966551418,1.1673687415479683,0.9020707120421714,9.704202368720466,-0.030554750244710882,0.013063130720089995,-0.09272061651219876,-28.969870751984658,-26.947875516695262,-51.6875
1772919201.7797496,126.65520785620186,0.9398615997329001,-8.052463084466162,1.1991733057869391,0.8506496788353711,9.73624774651313,0.008782069702922755,-0.02026669899391997,-0.05999569303730508,-27.648566910911047,-27.155766496692276,-50.75
1772919201.8129878,126.48934177127211,0.9111099608894926,-7.989597396577103,1.197025492341154,0.8311737104627756,9.744193140634543,-0.023314922030268595,-0.007167308333217662,-0.07090400086226964,-27.648566910911047,-27.155766496692276,-50.75
1772919201.8376791,126.48934177127211,0.9111099608894926,-7.989597396577103,1.197025492341154,0.8311737104627756,9.744193140634543,-0.023314922030268595,-0.007167308333217662,-0.07090400086226964,-27.648566910911047,-27.155766496692276,-50.75
1772919201.8991094,126.40631459876293,0.899159832962385,-7.9755205133317935,1.1012046587713884,0.7281577391257231,9.749480711666477,-0.004554204584216782,0.003193262798797874,-0.07090400086226964,-27.648566910911047,-27.155766496692276,-50.75
1772919201.9344842,125.77035729811996,0.8379878428707648,-8.02167212112635,1.0374369644195554,0.6596017609647159,9.756344642829509,-0.014415604526584426,0.010369039110940014,-0.10471975511965978,-26.994701206389543,-25.66812250687126,-52.5
1772919201.969435,125.52025212393808,0.7984504629759671,-8.035662788574456,1.0145850200897333,0.641910120623831,9.767602735758011,0.005733846666574128,-0.018651937624214878,-0.11562806294462433,-26.994701206389543,-25.66812250687126,-52.5
1772919202.0375264,125.18469514749218,0.7684298306621044,-8.030745753582366,0.9562827470113349,0.7092278958155882,9.768404647426152,-0.019940359528409158,0.005098103693401467,-0.11453723216212788,-26.916239806468663,-24.21115646103407,-52.0625
1772919202.0565333,125.18469514749218,0.7684298306621044,-8.030745753582366,0.9562827470113349,0.7092278958155882,9.768404647426152,-0.019940359528409158,0.005098103693401467,-0.11453723216212788,-26.916239806468663,-24.21115646103407,-52.0625
1772919202.0779781,124.9535676726496,0.7602379717134462,-8.018661658203822,0.934425297454153,0.770190828950763,9.775628534097999,-0.01341726214728864,-0.012800843156879333,-0.14289883250703572,-26.916239806468663,-24.21115646103407,-52.0625
1772919202.0969994,124.78649898763672,0.7334710015913107,-8.032671913197692,0.9513432381756397,0.8407792906002748,9.746984832908817,-0.007819987264239282,-0.004445424762379846,-0.10471975511965978,-26.215561004916864,-24.492868578373628,-52.0625
1772919202.1230733,124.78649898763672,0.7334710015913107,-8.032671913197692,0.9513432381756397,0.8407792906002748,9.746984832908817,-0.007819987264239282,-0.004445424762379846,-0.10471975511965978,-26.215561004916864,-24.492868578373628,-52.0625
1772919202.1596434,124.61698601043558,0.7425429403916715,-8.035456359893976,0.9695292411973863,0.8804942396329155,9.80820545071419,-0.01779016702844386,-0.001896372915679114,-0.07963064712224129,-26.215561004916864,-24.492868578373628,-52.0625
1772919202.1899438,124.4340594228298,0.7442319721247903,-8.030761554884675,0.9501679938193123,0.8769057839204508,9.76866440700889,-0.009253448930882814,0.00021755964367387379,-0.07417649320975901,-26.203095755541984,-23.962685008694198,-51.6875
1772919202.2299256,124.28638490575904,0.7402945969511399,-8.039380819934573,0.9372832999685086,0.8745177067294825,9.635306709491193,-0.01918736875447508,0.004308852978855074,-0.08399397025222712,-26.203095755541984,-23.962685008694198,-51.6875
1772919202.2659545,124.28638490575904,0.7402945969511399,-8.039380819934573,0.9372832999685086,0.8745177067294825,9.635306709491193,-0.01918736875447508,0.004308852978855074,-0.08399397025222712,-26.203095755541984,-23.962685008694198,-51.6875
1772919202.2864027,123.98467861671469,0.7342209350813489,-8.028290381237692,0.9471814866952675,0.8535661115812593,9.546558651496255,-0.009398488693332062,-0.005951406310248002,-0.10144726277217041,-26.424559167569605,-22.100809890128755,-52.75
1772919202.3136377,123.98467861671469,0.7342209350813489,-8.028290381237692,0.9471814866952675,0.8535661115812593,9.546558651496255,-0.009398488693332062,-0.005951406310248002,-0.10144726277217041,-26.424559167569605,-22.100809890128755,-52.75
1772919202.3408701,123.64313289659624,0.6886774765013358,-8.035460982496822,0.9207740454982744,0.845130810594218,9.49084292198871,-0.012047852382945253,0.01262801143274225,-0.1265363707695889,-26.424559167569605,-22.100809890128755,-52.75
1772919202.3879669,123.30756417586447,0.6587451065794516,-8.029731677310526,0.9001127313894496,0.8088317389412937,9.517321848825986,-0.019614020062898346,0.018978277089725687,-0.12435470920459599,-25.577830453441827,-21.811272785992653,-53.6875
1772919202.4111567,123.30756417586447,0.6587451065794516,-8.029731677310526,0.9001127313894496,0.8088317389412937,9.517321848825986,-0.019614020062898346,0.018978277089725687,-0.12435470920459599,-25.577830453441827,-21.811272785992653,-53.6875
1772919202.4427125,123.09771677289352,0.6357551101794596,-8.044302511379785,0.9033049195494564,0.8008388179773531,9.541633502261838,-0.005669794764273982,-0.011439901371460424,-0.136353847812057,-25.577830453441827,-21.811272785992653,-53.6875
1772919202.463162,122.81823860734602,0.6014905342636488,-8.051582361825577,0.9460183238877984,0.8111273554082623,9.557812636044435,0.009426280655019898,-0.025682674173907766,-0.12871803233458182,-25.770693463048104,-20.613165900307738,-52.0
1772919202.4841545,122.6918695408083,0.5939464268575699,-8.038488705382285,0.9978682067391832,0.8079595026979881,9.568579668843986,-0.007393335955816014,-0.01911484887325046,-0.11780972450961724,-25.770693463048104,-20.613165900307738,-52.0
1772919202.521475,122.42546503017937,0.5821803826462264,-8.040193289181719,1.0351276003453616,0.8223486190533643,9.57909012060377,-0.0040912933351812016,-0.009933919823592267,-0.1189005552921137,-24.71815131048579,-19.09068888337793,-52.5
1772919202.540076,122.2842585811984,0.5855161928709341,-8.049239804696702,1.0668506130329527,0.824663531580579,9.602810267377063,-0.005098103693401467,-0.019940359528409158,-0.12435470920459599,-24.71815131048579,-19.09068888337793,-52.5
1772919202.5591338,122.06595264096552,0.5855182500395394,-8.037810519778803,1.081034621149896,0.8334649636784996,9.618595760083288,-0.022416891493885267,-0.001787593093842176,-0.13962634015954636,-24.71815131048579,-19.09068888337793,-52.5
1772919202.5765114,122.06595264096552,0.5855182500395394,-8.037810519778803,1.081034621149896,0.8334649636784996,9.618595760083288,-0.022416891493885267,-0.001787593093842176,-0.13962634015954636,-24.71815131048579,-19.09068888337793,-52.5
1772919202.6035805,121.86799068738323,0.5932564151804508,-8.034084533286176,1.0998215171201224,0.8343704355700267,9.65251661109501,-0.011729980896358922,-0.006668137143569768,-0.11453723216212788,-26.04201787257526,-20.87202506046001,-53.6875
1772919202.6693468,121.3426222481204,0.5461778658146688,-8.000580770749895,1.1030875832484255,0.844654195226156,9.675090558522577,-0.018144298455642503,0.015857534172152434,-0.1461713248545251,-26.04201787257526,-20.87202506046001,-53.6875
1772919202.7065263,121.15266653502454,0.5368121606708656,-8.030009362184508,1.1778699504757268,0.9207709469739663,9.753670390807175,0.006233017856222023,-0.03023687875812455,-0.1265363707695889,-23.929108580654088,-19.374478542279967,-54.0
1772919202.7535748,120.80187549679908,0.5028811181834467,-8.051851359939192,1.2207094780343397,0.9786866786526305,9.71230126359339,-0.01714595607634672,-0.007312348095666909,-0.12980886311707826,-23.929108580654088,-19.374478542279967,-54.0
1772919202.7672312,120.80187549679908,0.5028811181834467,-8.051851359939192,1.2207094780343397,0.9786866786526305,9.71230126359339,-0.01714595607634672,-0.007312348095666909,-0.12980886311707826,-23.929108580654088,-19.374478542279967,-54.0
1772919202.7998147,120.62598259768177,0.5052035687717088,-8.046857572982326,1.1524069228046985,0.9248649183586299,9.7282570237512,-0.024212952566651923,-0.012547023572593147,-0.10471975511965978,-23.848569639170726,-17.82914856816287,-52.5
1772919202.826703,120.45129233102823,0.47899048132572386,-8.0460758882231,1.1646798557670561,0.8285397741920422,9.738875403898701,0.010187739407878453,0.00670439708418208,-0.09708393964218458,-23.848569639170726,-17.82914856816287,-52.5
1772919202.8526676,120.24030395922968,0.4600712497063662,-8.081833710259838,1.2744997269404315,0.8614187011748322,9.745941817271786,0.009398488693332062,0.005951406310248002,-0.1189005552921137,-24.150571992681712,-17.512603423714523,-53.6875
1772919202.902533,120.01472472060647,0.45359997582785677,-8.06287005509495,1.319874414608459,0.9123427944815052,9.600114409605192,-0.04594090518890326,0.014967971614693584,-0.13744467859455345,-24.150571992681712,-17.512603423714523,-53.6875
1772919202.961353,120.01472472060647,0.45359997582785677,-8.06287005509495,1.319874414608459,0.9123427944815052,9.600114409605192,-0.04594090518890326,0.014967971614693584,-0.13744467859455345,-24.150571992681712,-17.512603423714523,-53.6875
1772919203.0016065,119.35193379745942,0.44252561915714944,-8.062526615982245,1.2456904829002782,0.9344902858182861,9.503067898801953,0.005951406310248002,-0.009398488693332062,-0.13962634015954636,-23.065274354573088,-16.47716678310543,-53.25
1772919203.0634727,118.71969616818281,0.39464284311416103,-8.036003654280707,1.169698664912769,0.9238290848888394,9.595704780186967,-0.017254735898183656,-0.011939072561108316,-0.13199052468207118,-23.527384232144037,-15.449555129292884,-54.75
1772919203.1173203,118.35358388046113,0.3698603295900667,-8.030357410458627,1.111643687780684,0.9003480815545296,9.657353589926924,-0.012482971670293,-0.005878886429023378,-0.1439896632895322,-23.527384232144037,-15.449555129292884,-54.75
1772919203.1466274,118.35358388046113,0.3698603295900667,-8.030357410458627,1.111643687780684,0.9003480815545296,9.657353589926924,-0.012482971670293,-0.005878886429023378,-0.1439896632895322,-23.527384232144037,-15.449555129292884,-54.75
1772919203.1843717,117.98684220146501,0.35488273144033994,-8.00476999445978,1.0788241140967514,0.8301668987061995,9.785353088536842,-0.013662613752650347,0.009579788396393622,-0.14180800172453928,-22.771096987858645,-15.246304411874206,-54.75
1772919203.2193131,117.58660639988038,0.30801068802620574,-7.989245440897717,1.0269647437801166,0.814925934733898,9.753456415257476,-0.0024765319654761085,-0.006885696787243642,-0.1538071403320003,-22.771096987858645,-15.246304411874206,-54.75
1772919203.2403197,117.26846405586463,0.3056053818314205,-7.999758225488115,1.0131236257760046,0.7782711970761733,9.732229535499245,-0.018651937624214875,-0.005733846666574128,-0.15817046346198613,-22.986812954652205,-15.020200737268244,-55.6875
1772919203.2703001,116.93757629415887,0.27247608860173217,-8.020380965748098,1.025806361108316,0.7793891813732413,9.681307055359413,0.002685623630225504,-0.017037176254509782,-0.16035212502697901,-22.986812954652205,-15.020200737268244,-55.6875
1772919203.320288,116.93757629415887,0.27247608860173217,-8.020380965748098,1.025806361108316,0.7793891813732413,9.681307055359413,0.002685623630225504,-0.017037176254509782,-0.16035212502697901,-22.986812954652205,-15.020200737268244,-55.6875
1772919203.3529048,116.58425232372387,0.24875425714868815,-8.014561527697378,1.0100436342287775,0.7570421792429777,9.647418713667731,-0.005061843752789153,-0.01839811803992869,-0.11017390903214205,-22.657802560828976,-14.188014814077828,-56.5
1772919203.384977,116.28794331161825,0.23174651556294257,-8.036748884450208,1.101206086956212,0.8391527333609475,9.671697964731969,0.004799556189578487,-0.025573894352070827,-0.14944381720201447,-22.657802560828976,-14.188014814077828,-56.5
1772919203.4142034,116.28794331161825,0.23174651556294257,-8.036748884450208,1.101206086956212,0.8391527333609475,9.671697964731969,0.004799556189578487,-0.025573894352070827,-0.14944381720201447,-22.657802560828976,-14.188014814077828,-56.5
1772919203.4586818,115.97746326557271,0.20516404090027965,-8.022593441718834,1.0727675572449025,0.8272772410874127,9.714616428756768,-0.017463827562933052,0.011983800480645108,-0.1341721862470641,-22.036692341853783,-12.213330447936093,-56.5
1772919203.5023186,115.61701985966913,0.18428299052010763,-7.995629702950713,1.0792421424116034,0.7927509935127859,9.746523298841936,0.001360941785418908,-0.007747467383014657,-0.12762720155208535,-22.036692341853783,-12.213330447936093,-56.5
1772919203.5280995,115.22837172056718,0.15375426555711977,-8.016954857465688,1.0904782089715654,0.7625132777650014,9.76775696446052,-0.008935577444296482,-0.019078588932638144,-0.1461713248545251,-22.308016751380936,-12.472189608088366,-58.0
1772919203.5565097,115.00971370247635,0.14977884204950487,-7.947874352537805,1.0568106782869493,0.7031357017871269,9.728365944416993,-0.022199331850211394,0.0074658558370406395,-0.11562806294462433,-22.308016751380936,-12.472189608088366,-58.0
1772919203.5730271,115.00971370247635,0.14977884204950487,-7.947874352537805,1.0568106782869493,0.7031357017871269,9.728365944416993,-0.022199331850211394,0.0074658558370406395,-0.11562806294462433,-22.308016751380936,-12.472189608088366,-58.0
1772919203.6029496,114.80494120513039,0.12749048170782226,-7.95397192041243,1.062251683945973,0.7410440464101372,9.702151660604551,-0.005597274883049359,-0.008355418394499487,-0.12326387842209953,-22.308016751380936,-12.472189608088366,-58.0
1772919203.6695092,114.45076527430314,0.11552021823050415,-7.96335376571282,1.0658726124320375,0.7662716262927945,9.684706347560109,-0.0010430702988325758,-0.01154868119329736,-0.11017390903214205,-21.783580626935574,-10.848883413503769,-58.5
1772919203.688695,114.45076527430314,0.11552021823050415,-7.96335376571282,1.0658726124320375,0.7662716262927945,9.684706347560109,-0.0010430702988325758,-0.01154868119329736,-0.11017390903214205,-21.783580626935574,-10.848883413503769,-58.5
1772919203.7140455,113.93944362465218,0.11024982359148845,-7.912214887673425,1.0798278039867217,0.7709588261102932,9.676441798313267,0.004445424762379846,-0.007819987264239282,-0.14180800172453928,-21.783580626935574,-10.848883413503769,-58.5
1772919203.7481866,113.61263609940119,0.10267551101947477,-7.908025703815321,1.0891148280766598,0.7740781052293858,9.674286944817878,-0.013952693277548845,-0.0027581435114501273,-0.11017390903214205,-21.77111537756069,-10.31869984382434,-58.75
1772919203.7885242,113.2374768960705,0.0779842235611526,-7.901236985661221,1.0351214561592186,0.7326146162880666,9.712994254375818,-7.251988122462452e-05,-0.003084482976960938,-0.1407171709420428,-21.77111537756069,-10.31869984382434,-58.75
1772919203.8479207,112.8883641767605,0.07582507826492525,-7.898394391116129,0.9991894702936456,0.7050211275751389,9.785585100400121,-0.00871801780062261,-0.009825140001755332,-0.10581058590215622,-21.177013198897743,-9.492746545321367,-61.6875
1772919203.912146,112.41251802264753,0.037807202958982836,-7.926347777369096,1.0955135067619166,0.7690072424011387,9.833893497536412,0.0021139325593529865,-0.008536718097561048,-0.10799224746714914,-21.177013198897743,-9.492746545321367,-61.6875
1772919203.9812315,111.99331508016648,0.015350552352006837,-7.892084196725829,1.164234278659812,0.806748697932554,9.845971525946542,-0.012519231610905313,-0.007421127917503847,-0.1189005552921137,-21.180683102569326,-7.768611173081983,-60.75
1772919204.0116415,111.87249534551803,0.012576101551049797,-7.900142435511885,1.2076580838774142,0.8342855095458037,9.854009318933066,0.003366094522934957,-0.02091090994601711,-0.10690141668465268,-21.180683102569326,-7.768611173081983,-60.75
1772919204.0469046,111.57113304345677,0.016605831437717208,-7.9195983447816864,1.2291840637660647,0.840954252234801,9.859358380377568,-0.019513708219985892,-0.009571320417469146,-0.13526301702956053,-20.891145998433224,-8.61533988720976,-61.25
1772919204.068301,111.34112304700646,0.041954626871182676,-7.927584486440278,1.2097364328638032,0.81779420990773,9.862918121015952,-0.03841099744956248,0.007075464469229683,-0.12435470920459599,-20.891145998433224,-8.61533988720976,-61.25
1772919204.1267047,111.34112304700646,0.041954626871182676,-7.927584486440278,1.2097364328638032,0.81779420990773,9.862918121015952,-0.03841099744956248,0.007075464469229683,-0.12435470920459599,-20.891145998433224,-8.61533988720976,-61.25
1772919204.1628883,111.00535368496905,0.04619386138888058,-7.897414508137657,1.1894221743346438,0.7907247626204095,9.858596865231249,-0.0039825135133442656,-0.005307195358150861,-0.11235557059713497,-21.34286816819177,-7.145908591997688,-62.75
1772919204.1993694,111.00535368496905,0.04619386138888058,-7.897414508137657,1.1894221743346438,0.7907247626204095,9.858596865231249,-0.0039825135133442656,-0.005307195358150861,-0.11235557059713497,-21.34286816819177,-7.145908591997688,-62.75
1772919204.2425585,110.19864702130721,0.020815958319861265,-7.889533131745022,1.1498577080108503,0.7382374813885486,9.804832381547019,-0.0002538195842861853,-0.010795690419363282,-0.13199052468207118,-21.848121239121436,-6.073076203263947,-64.75
1772919204.2830336,110.19864702130721,0.020815958319861265,-7.889533131745022,1.1498577080108503,0.7382374813885486,9.804832381547019,-0.0002538195842861853,-0.010795690419363282,-0.13199052468207118,-21.848121239121436,-6.073076203263947,-64.75
1772919204.315034,109.9349868506327,-0.004226773173542091,-7.88825560346013,1.1168013654158262,0.7527471907890336,9.829976789596858,-0.012837103097491644,0.011875020658808171,-0.10144726277217041,-21.848121239121436,-6.073076203263947,-64.75
1772919204.3544703,109.4286501506485,-0.018070907419826747,-7.856472982239686,1.0585781570886357,0.7575317732033687,9.8377752813459,-0.01448812440780905,0.007284556133979076,-0.1308996938995747,-21.531576094673085,-5.771073849752963,-64.0
1772919204.411643,109.4286501506485,-0.018070907419826747,-7.856472982239686,1.0585781570886357,0.7575317732033687,9.8377752813459,-0.01448812440780905,0.007284556133979076,-0.1308996938995747,-21.531576094673085,-5.771073849752963,-64.0
1772919204.4927483,108.58439993581138,-0.059314368287925544,-7.845636253496003,1.0676997949114313,0.7004880902262722,9.822300988332906,0.008355418394499487,-0.005597274883049358,-0.10144726277217041,-20.958249331634946,-5.828759834049038,-65.0625
1772919204.5526228,108.14514836218663,-0.05215276767930987,-7.839589765774039,1.1524294791049123,0.7444302931471327,9.875053069348935,-0.005098103693401467,-0.019940359528409158,-0.1189005552921137,-21.843480976543095,-3.995485117904944,-67.5
1772919204.6336334,107.66834430753592,0.0045047423364118384,-7.794865770131258,1.124439409168891,0.7070429957826916,9.910158989985746,-0.039880719056818316,0.010196207386802934,-0.12326387842209953,-21.843480976543095,-3.995485117904944,-67.5
1772919204.6607835,107.4800878362502,0.02216613157144898,-7.78757936969429,1.0195712761533158,0.6368697005488102,9.916796029474119,-0.019223628695087393,0.002766611490374607,-0.11562806294462433,-22.54415977809489,-3.7137730005653857,-67.0625
1772919204.695179,107.27743551493265,0.02725001326634679,-7.799391461265675,0.866655075596719,0.6773007605016499,9.810824218771502,-0.008001286967300843,-0.01215663220478219,-0.13744467859455345,-22.54415977809489,-3.7137730005653857,-67.0625
1772919204.7568307,107.27743551493265,0.02725001326634679,-7.799391461265675,0.866655075596719,0.6773007605016499,9.810824218771502,-0.008001286967300843,-0.01215663220478219,-0.13744467859455345,-22.54415977809489,-3.7137730005653857,-67.0625
1772919204.823172,106.7902598632862,0.013884915560631553,-7.74625990069149,0.9141252037228268,0.7289007289927159,9.63765639458616,-0.00904435726613342,-0.02370531339807955,-0.03490658503988659,-21.933437266932103,-2.1809082758231724,-68.6875
1772919204.8633027,106.7902598632862,0.013884915560631553,-7.74625990069149,0.9141252037228268,0.7289007289927159,9.63765639458616,-0.00904435726613342,-0.02370531339807955,-0.03490658503988659,-21.933437266932103,-2.1809082758231724,-68.6875
1772919204.9043152,106.6093368442698,-2.9883559685724884e-06,-7.753520502704483,1.0162579543484946,0.8280193774632706,9.558157675801214,0.0018963729156791138,-0.01779016702844386,-0.04581489286485115,-22.430865351065222,-2.6554834027690064,-71.0625
1772919204.933254,106.47943446801801,0.009762763503443335,-7.7362893409019415,1.105008066364431,0.8721990797815932,9.629021299679524,-0.01732725577940828,-0.015023555538069255,-0.04690572364734761,-22.430865351065222,-2.6554834027690064,-71.0625
1772919204.9791837,106.47943446801801,0.009762763503443335,-7.7362893409019415,1.105008066364431,0.8721990797815932,9.629021299679524,-0.01732725577940828,-0.015023555538069255,-0.04690572364734761,-22.430865351065222,-2.6554834027690064,-71.0625
1772919205.0526779,106.00690608071756,0.05782443108785954,-7.763116107923887,1.2150076539372603,0.9548206907323715,9.615968239040244,0.012973674881016417,-0.038882376677522534,-0.10799224746714914,-22.116397748179352,-2.4418449775379263,-72.25
1772919205.078723,105.44636361207745,0.024881360242543244,-7.771592676220162,1.3380853977530913,1.0290398901914102,9.65492792115471,0.0013972017260312196,-0.006205225894534187,-0.12762720155208535,-22.116397748179352,-2.4418449775379263,-72.25
1772919205.1420677,105.44636361207745,0.024881360242543244,-7.771592676220162,1.3380853977530913,1.0290398901914102,9.65492792115471,0.0013972017260312196,-0.006205225894534187,-0.12762720155208535,-22.116397748179352,-2.4418449775379263,-72.25
1772919205.2222528,105.01273917242972,0.026064246680619536,-7.764923111333836,1.3113637825435152,0.9754017061190231,9.750287715992236,-0.016855876551448223,0.0050255838121768415,-0.10253809355466686,-22.849832035277462,-1.6730924838776515,-73.5
1772919205.2530332,104.86256954790274,-0.01633455569482208,-7.749803717607184,1.265871636292031,0.9687496284779313,9.837164376169138,-0.020012879409633786,0.0020136207164405274,-0.04036073895236887,-22.849832035277462,-1.6730924838776515,-73.5
1772919205.2754889,104.6693146637103,-0.024160091500535715,-7.729060588447258,1.1942297262017574,0.9156092404394169,9.928430940114179,-0.025175035005335397,0.012165100183706671,-0.04581489286485115,-22.913265464807598,-0.6106478029563127,-74.25
1772919205.3345242,104.47285623931946,-0.036226209348884035,-7.780250619951968,1.2240022611460688,0.9541361320288458,9.989167818905281,0.013046194762241038,-0.0357978937005616,-0.05235987755982989,-22.913265464807598,-0.6106478029563127,-74.25
1772919205.3611472,104.47285623931946,-0.036226209348884035,-7.780250619951968,1.2240022611460688,0.9541361320288458,9.989167818905281,0.013046194762241038,-0.0357978937005616,-0.05235987755982989,-22.913265464807598,-0.6106478029563127,-74.25
1772919205.4158819,104.27568536941347,-0.012172726011453234,-7.7754997353538045,1.1663661247536856,0.9058841217960021,9.939269517167746,-0.031416520840481896,0.00922565696919498,-0.0818123086872342,-23.66955270909299,-0.8138985203749913,-76.25
1772919205.4635477,103.77043614442425,-0.032960913548606155,-7.778732839644888,1.1647331454531002,0.8255894443361056,9.906062754761969,-0.004055033394568889,-0.008391678335111799,-0.13199052468207118,-23.4231587983156,-1.6154064995815764,-75.375
1772919205.481874,103.57229689971022,-0.02117215730802739,-7.792999389689053,1.1174643995876157,0.8205601245723722,9.883964025324765,-0.014097733039998093,-0.008927109465372002,-0.1265363707695889,-23.4231587983156,-1.6154064995815764,-75.375
1772919205.4986703,103.57229689971022,-0.02117215730802739,-7.792999389689053,1.1174643995876157,0.8205601245723722,9.883964025324765,-0.014097733039998093,-0.008927109465372002,-0.1265363707695889,-23.4231587983156,-1.6154064995815764,-75.375
1772919205.5676208,103.0196011259141,-0.021952863066664715,-7.817502112129202,0.9975565895614713,0.7613803620804849,9.760295310483647,-0.006314005716371125,-0.006023926191472627,-0.1636246173744684,-24.04329865838404,0.2116355918750773,-77.75
1772919205.5936449,103.0196011259141,-0.021952863066664715,-7.817502112129202,0.9975565895614713,0.7613803620804849,9.760295310483647,-0.006314005716371125,-0.006023926191472627,-0.1636246173744684,-24.04329865838404,0.2116355918750773,-77.75
1772919205.612574,102.74993765675066,-0.007746039327964409,-7.804605186138455,0.9454805177315425,0.7106433863637508,9.723400297047519,-0.024639603875075192,0.0021224005382774664,-0.12435470920459599,-24.04329865838404,0.2116355918750773,-77.75
1772919205.672411,102.74993765675066,-0.007746039327964409,-7.804605186138455,0.9454805177315425,0.7106433863637508,9.723400297047519,-0.024639603875075192,0.0021224005382774664,-0.12435470920459599,-24.04329865838404,0.2116355918750773,-77.75
1772919205.7363183,101.73419556903036,-0.05295516189216371,-7.796399880256231,0.9792876816649141,0.7232365879205858,9.781706098592164,-0.0009705504176079524,-0.008464198216336422,-0.1308996938995747,-24.345301011895025,0.5281807363234253,-78.5625
1772919205.775896,101.73419556903036,-0.05295516189216371,-7.796399880256231,0.9792876816649141,0.7232365879205858,9.781706098592164,-0.0009705504176079524,-0.008464198216336422,-0.1308996938995747,-24.345301011895025,0.5281807363234253,-78.5625
1772919205.8225067,101.15166819154469,-0.06768918728766309,-7.810494779809518,1.135168731056249,0.7939645299304865,9.8364916908635,-0.015639974528478564,-0.008890849524759692,-0.11780972450961724,-25.72429083726471,0.16274495328230132,-78.5625
1772919205.8394108,101.15166819154469,-0.06768918728766309,-7.810494779809518,1.135168731056249,0.7939645299304865,9.8364916908635,-0.015639974528478564,-0.008890849524759692,-0.11780972450961724,-25.72429083726471,0.16274495328230132,-78.5625
1772919205.8902466,100.76135503606936,-0.03536232867399433,-7.784100044653782,1.1493681862469771,0.7793733846911236,9.830975036045402,-0.0026940916091499826,-0.016139145718126455,-0.14289883250703572,-26.28515235092797,0.7506145072578063,-79.75
1772919205.9377007,100.31454410735434,-0.021443184014318318,-7.782481712674698,1.154199563419847,0.7745037296416506,9.810578205352432,-0.01514080333883067,-0.020475790658669363,-0.12871803233458182,-26.28515235092797,0.7506145072578063,-79.75
1772919205.9871736,100.31454410735434,-0.021443184014318318,-7.782481712674698,1.1549944964015972,0.7689539277847115,9.763553225300594,-0.017608867325382298,0.005814834526723231,-0.12980886311707826,-26.227466366631894,1.3239412702959485,-81.375
1772919206.049566,99.81212334624097,-0.038706864130917146,-7.750589601194865,1.1549944964015972,0.7689539277847115,9.763553225300594,-0.017608867325382298,0.005814834526723231,-0.12980886311707826,-26.227466366631894,1.3239412702959485,-81.375
1772919206.0974894,99.4386720266113,-0.05679196833459853,-7.7747138726278635,1.134741608048835,0.7870432476552468,9.732258626379544,-0.005343455298763173,0.0024402720248637958,-0.10690141668465268,-26.227466366631894,1.3239412702959485,-81.375
1772919206.1242151,99.01460061967371,-0.08100246262342506,-7.7832034891604875,1.1212635370896586,0.7990814879581448,9.795060213064145,-0.010976990122424844,-0.007457387858116159,-0.09708393964218458,-25.769026392732524,2.0204649887227832,-83.0
1772919206.153676,98.67924748756849,-0.10628541468081677,-7.7673361486990125,1.150129194433456,0.8062032525025716,9.836853967463057,0.0044091648217675335,-0.00936222875271975,-0.11453723216212788,-25.769026392732524,2.0204649887227832,-83.0
1772919206.204167,98.67924748756849,-0.10628541468081677,-7.7673361486990125,1.150129194433456,0.8062032525025716,9.836853967463057,0.0044091648217675335,-0.00936222875271975,-0.11453723216212788,-25.769026392732524,2.0204649887227832,-83.0
1772919206.247475,98.20199470493775,-0.13014926294558535,-7.740407041485956,1.1837495405482361,0.8200679167904193,9.837906350490151,-0.01309092268177783,0.0010793302394448883,-0.14289883250703572,-26.50086831772153,0.9767181818637705,-84.5625
1772919206.2881672,97.8349135642144,-0.14379586705999217,-7.750850751248673,1.2061235053237482,0.829294695995534,9.838606699638794,0.004908336011415428,-0.020947169886629424,-0.14180800172453928,-26.50086831772153,0.9767181818637705,-84.5625
1772919206.3251278,97.8349135642144,-0.14379586705999217,-7.750850751248673,1.2061235053237482,0.829294695995534,9.838606699638794,0.004908336011415428,-0.020947169886629424,-0.14180800172453928,-26.50086831772153,0.9767181818637705,-84.5625
1772919206.349253,97.38619052931912,-0.1631680125888921,-7.739206360895323,1.2210131289482886,0.8354350144866605,9.765480316612775,0.003937785593807471,-0.029411368102965844,-0.14289883250703572,-27.133473427164848,2.273576703640994,-84.5625
1772919206.3768191,97.38619052931912,-0.1631680125888921,-7.739206360895323,1.2210131289482886,0.8354350144866605,9.765480316612775,0.003937785593807471,-0.029411368102965844,-0.14289883250703572,-27.133473427164848,2.273576703640994,-84.5625
1772919206.4610376,96.98792995683905,-0.1745936422873927,-7.736452907410041,1.1456816966385506,0.8367934197524436,9.703435078754906,-0.016284185480575704,-0.003474874344771894,-0.14944381720201447,-27.133473427164848,2.273576703640994,-84.5625
1772919206.512809,96.1705120274777,-0.11712223329955405,-7.795245787805865,1.1794814232672521,0.8854101843205393,9.675525112880491,-0.009144669109045878,0.00484428410911528,-0.13308135546456762,-28.13615458222763,2.871833965428901,-85.75
1772919206.5702589,95.70859381607193,-0.07297198421083402,-7.768857275827408,1.1148441597270495,0.834636468567228,9.723853576512203,-0.011122029884874093,-0.013626353812038035,-0.1308996938995747,-28.13615458222763,2.871833965428901,-85.75
1772919206.6139998,95.42805389233052,-0.08769132651769602,-7.777481569302391,1.1893112787920928,0.8666991142911248,9.772741187731393,0.004763296248966178,-0.027116135840551298,-0.12762720155208535,-29.570267670877534,3.9222985764287337,-86.875
1772919206.6394656,95.42805389233052,-0.08769132651769602,-7.777481569302391,1.1893112787920928,0.8666991142911248,9.772741187731393,0.004763296248966178,-0.027116135840551298,-0.12762720155208535,-29.570267670877534,3.9222985764287337,-86.875
1772919206.7047498,95.07616734768598,-0.031218553533108925,-7.738479771587243,1.2460180046103306,0.8902343539386339,9.805275346887363,-0.01732725577940828,-0.015023555538069255,-0.136353847812057,-29.570267670877534,3.9222985764287337,-86.875
1772919206.7654288,94.34852370391428,-0.023845565154169968,-7.683855956236465,1.2837556971867348,0.9058967930181981,9.83361668978993,-0.006350265656983437,-0.007566167679953095,-0.15271630954950383,-28.12368933285275,3.402017535108331,-87.25
1772919206.8515587,93.80036128765573,-0.08339518983232448,-7.705304280781318,1.2217391059947662,0.8331923417762054,9.829061754946807,-0.0025127919060884208,-0.008427938275724111,-0.13526301702956053,-28.12368933285275,3.402017535108331,-87.25
1772919206.8921912,93.47341466622574,-0.10236415537277162,-7.676412986926745,1.1643040515933456,0.8017504035340232,9.826030496690665,-0.01556745464725394,-0.005806366547798753,-0.13308135546456762,-30.89988167820107,3.776733843306132,-89.25
1772919206.9251044,93.18912027283656,-0.09582270025805689,-7.707866769631272,1.2011107957408367,0.852408270256219,9.824013228182576,0.004581996545904616,-0.03482734328295364,-0.11999138607461016,-30.89988167820107,3.776733843306132,-89.25
1772919206.981463,92.89694468507113,-0.07044202954745071,-7.686849959161164,1.2256052728127198,0.8861205146743907,9.846086540476044,-0.023777833279304175,0.0059598742891724815,-0.07963064712224129,-30.844273235467472,4.261696678064367,-90.5
1772919207.0280886,92.89694468507113,-0.07044202954745071,-7.686849959161164,1.2256052728127198,0.8861205146743907,9.846086540476044,-0.023777833279304175,0.0059598742891724815,-0.07963064712224129,-30.844273235467472,4.261696678064367,-90.5
1772919207.0712047,92.61330454385845,-0.07390912543057838,-7.6849345632405965,1.2570690357778564,0.8490490164636971,9.86746630664693,0.002685623630225504,-0.017037176254509782,-0.12762720155208535,-30.844273235467472,4.261696678064367,-90.5
1772919207.1026452,92.13972309208472,-0.058935834381491733,-7.679945548270883,1.182975136089266,0.8076846417696346,9.88169430220602,-0.012700531313966874,-0.01513233535990619,-0.10253809355466686,-31.62085071592429,5.075669906645838,-91.1875
1772919207.135472,92.13972309208472,-0.058935834381491733,-7.679945548270883,1.182975136089266,0.8076846417696346,9.88169430220602,-0.012700531313966874,-0.01513233535990619,-0.10253809355466686,-31.62085071592429,5.075669906645838,-91.1875
1772919207.1692216,91.75232175877149,-0.10555136724903394,-7.694346796522867,1.1127733724198177,0.7972103681161555,9.810880193337804,-0.00312074291757325,-0.0014697216072558446,-0.1407171709420428,-31.62085071592429,5.075669906645838,-91.1875
1772919207.2249799,91.33584994506005,-0.14662698542046196,-7.68863046232578,1.0491128210054548,0.7740761502711866,9.763754194931433,-0.006994476609080579,-0.0021501924999652983,-0.11780972450961724,-31.62085071592429,5.075669906645838,-92.875
1772919207.2692032,91.1269706337083,-0.1762710993597449,-7.689850509450566,1.0352350011672096,0.7627428196715103,9.812675050399555,-0.008464198216336424,0.0009705504176079526,-0.13308135546456762,-31.62085071592429,5.075669906645838,-92.875
1772919207.3071804,90.60821040263235,-0.18661087468786414,-7.6460778650960375,1.0148963891421827,0.706951804183026,9.866897175779195,-0.016175405658738765,0.0011518501206695126,-0.12871803233458182,-32.36675025239728,5.314238830626684,-93.6875
1772919207.372882,90.60821040263235,-0.18661087468786414,-7.6460778650960375,1.0148963891421827,0.706951804183026,9.866897175779195,-0.016175405658738765,0.0011518501206695126,-0.12871803233458182,-32.36675025239728,5.314238830626684,-93.6875
1772919207.4256036,90.25278154417913,-0.185642442777945,-7.640400236193314,1.009488084739767,0.6921162394792828,9.8211035412394,-0.013308482325451704,-0.008174118691437925,-0.13853550937704992,-32.58038867762836,5.6287064335125505,-94.5
1772919207.4552805,89.75388960872124,-0.16159750362405614,-7.609675021125541,1.0179903913585555,0.693788840988688,9.840805064611374,0.00039039136781095495,-0.01621166559935108,-0.1090830782496456,-32.58038867762836,5.6287064335125505,-94.5
1772919207.5116255,89.36427594488111,-0.17549388907719132,-7.560748621712756,1.021339480617245,0.6973222331657896,9.833845538091069,-0.012591751492129936,-0.010505610894464784,-0.10581058590215622,-33.04042101363683,6.744682015605006,-95.6875
1772919207.5687444,89.18009791418076,-0.14698095087360094,-7.516789794837668,1.0258773629262508,0.6972533716322983,9.829214050934812,-0.008464198216336424,0.0009705504176079526,-0.10581058590215622,-33.04042101363683,6.744682015605006,-95.6875
1772919207.6126072,88.8078372415414,-0.1272094780722302,-7.519289121146001,1.0294532415996749,0.7208545219305009,9.79602584260355,-0.01592158607445258,0.011947540540032794,-0.11562806294462433,-32.76909660410968,7.003541175757279,-96.375
1772919207.6424294,88.38411910329158,-0.13671633936245745,-7.511159237777692,1.050305755464664,0.7171984673576273,9.773939460695674,0.001324681844806596,-0.009289708871495125,-0.11126473981463851,-32.76909660410968,7.003541175757279,-96.375
1772919207.6876585,88.38411910329158,-0.13671633936245745,-7.511159237777692,0.987956575801301,0.6928975268030709,9.752550996842396,0.007203568273829974,-0.021772680541788127,-0.11126473981463851,-34.102865694558176,6.681248586074868,-98.0
1772919207.7513487,87.82263602072676,-0.15073923584163115,-7.474516998879777,0.9903368087846987,0.6307399257445722,9.748352548194793,0.022408423514960786,-0.03138872887879406,-0.08508480103472356,-34.102865694558176,6.681248586074868,-98.0
1772919207.7721338,87.82263602072676,-0.15073923584163115,-7.474516998879777,0.9903368087846987,0.6307399257445722,9.748352548194793,0.022408423514960786,-0.03138872887879406,-0.08508480103472356,-34.102865694558176,6.681248586074868,-98.0
1772919207.7954247,87.63663670057086,-0.19240033733195325,-7.45395005189122,0.9556423765660872,0.6564758217498571,9.692036740202449,-0.008809861664610586,0.05190077947807573,-0.07635815477475191,-34.88983088282739,7.053402173256812,-98.875
1772919207.848479,87.39976899209182,-0.17284610305959255,-7.460739779857605,1.1116554166881896,0.844476233667899,9.674629869316254,-0.03220577155502829,0.008472666195260901,-0.12544553998709243,-34.88983088282739,7.053402173256812,-98.875
1772919207.894855,87.21936820829487,-0.20116558973560664,-7.445676595903185,1.0363785549082123,0.7987149470818299,9.66304579118898,0.003974045534419788,-0.027869126614485377,-0.05235987755982989,-35.074868905637125,6.704101543262153,-99.875
1772919207.9548547,87.12095975491768,-0.13121118135193222,-7.463356616781701,1.1332534498286893,0.8807400997571407,9.65533671659791,-0.0004351192873477469,-0.01850689786176563,-0.04690572364734761,-35.074868905637125,6.704101543262153,-99.875
1772919207.9857278,86.83268093046502,-0.10007596267996166,-7.400287850292162,1.1296207814321215,0.8564839135183364,9.773975546744376,-0.011939072561108316,0.017254735898183656,-0.08290313946973066,-35.1325548899332,6.1307747802240105,-101.0625
1772919208.001952,86.83268093046502,-0.10007596267996166,-7.400287850292162,1.1296207814321215,0.8564839135183364,9.773975546744376,-0.011939072561108316,0.017254735898183656,-0.08290313946973066,-35.1325548899332,6.1307747802240105,-101.0625
1772919208.027156,86.63163638126453,-0.09380084229315609,-7.408750409610905,1.1368844594208725,0.8495780958122702,9.73919456487542,0.0020776726187406737,-0.010078959586041516,-0.08944812416470939,-35.1325548899332,6.1307747802240105,-101.0625
1772919208.0585291,86.46220193505745,-0.09273889708546171,-7.398774822503161,1.1412735810311885,0.8260647697683159,9.729428656799934,-0.017000916313897472,-0.0011433821417450357,-0.10144726277217041,-35.86598917703131,6.899527273884287,-102.25
1772919208.1123643,86.26191873774142,-0.05512706262699306,-7.40529527686489,1.1746575780323882,0.7978706662126508,9.72292955406804,-0.019078588932638144,0.008935577444296482,-0.11999138607461016,-35.86598917703131,6.899527273884287,-102.25
1772919208.1442442,85.7384486467927,-0.01570082572518708,-7.429751325225324,1.1301067511621374,0.7570175406927152,9.718604473799699,-0.008681757860010296,-0.00828289851327486,-0.09490227807719166,-36.65503190686301,7.183316932786324,-103.5
1772919208.1902845,85.7384486467927,-0.01570082572518708,-7.429751325225324,1.1301067511621374,0.7570175406927152,9.718604473799699,-0.008681757860010296,-0.00828289851327486,-0.09490227807719166,-36.65503190686301,7.183316932786324,-103.5
1772919208.2067773,85.36851343571483,0.026441523844700617,-7.436072595741033,1.1810807824109537,0.7373987392302728,9.77259308021986,-0.0062414858351465,-0.002939443214511689,-0.12762720155208535,-36.65503190686301,7.183316932786324,-103.5
1772919208.2219465,85.20686137916213,0.006029459719478612,-7.424246054059646,1.0997448096372893,0.753078567153261,9.751654995675796,-0.025175035005335397,0.012165100183706671,-0.13962634015954636,-36.65503190686301,7.183316932786324,-103.5
1772919208.2473125,85.20686137916213,0.006029459719478612,-7.424246054059646,1.0997448096372893,0.753078567153261,9.751654995675796,-0.025175035005335397,0.012165100183706671,-0.13962634015954636,-36.65503190686301,7.183316932786324,-103.5
1772919208.3081934,84.90980452483409,-0.01095066163848814,-7.402033893128942,1.0953308766545542,0.7647104809234858,9.737720934305452,-0.021164729530303298,-0.01416178494229824,-0.11999138607461016,-38.22529237972987,6.203488734910828,-104.25
1772919208.3563788,84.36070632962247,0.040088866556847326,-7.36450377611878,1.0549006370872105,0.7744978639454212,9.6387082266487,-0.011049510003649468,-0.010541870835077098,-0.08508480103472356,-39.22014854799611,5.254338481019161,-106.75
1772919208.4341838,84.18114175291298,0.053995788985531416,-7.376413586444076,1.0247873482501222,0.7586276512479101,9.625759892435486,0.0008980305363833272,0.005379715239375486,-0.11671889372712078,-39.22014854799611,5.254338481019161,-106.75
1772919208.4721205,83.92307022449012,0.11614836609011957,-7.389700170001982,1.0278382991077768,0.7238632564118535,9.694080489927309,-0.022988582564757786,0.006712865063106561,-0.12217304763960307,-39.47900770814838,5.525662890546318,-107.875
1772919208.5347612,83.56021740920391,0.10375447181223794,-7.333586170595156,1.061332502060273,0.7307462506408309,9.739547084367036,-0.004735504287278344,-0.00451794464360447,-0.10144726277217041,-39.47900770814838,5.525662890546318,-107.875
1772919208.567651,83.19714878554416,0.09353238213236328,-7.355409491684202,1.0766952175130187,0.7425876900824583,9.759769259949579,-0.016066625836901834,0.005778574586110919,-0.14726215563702155,-39.68482114658292,4.292722977752609,-109.75
1772919208.5911844,83.01292407128234,0.08134900363389379,-7.339812471979105,1.0707552273001633,0.767410097650744,9.726395328000786,-0.018361858099316376,0.006604085241269623,-0.10362892433716332,-39.68482114658292,4.292722977752609,-109.75
1772919208.6445067,82.67382002208252,0.040914148511500194,-7.3466557217044315,1.020816633588812,0.7400562170395841,9.704185349100111,0.009716360179918393,-0.013344742266064014,-0.10799224746714914,-35.499583035083425,9.322263906112989,-110.1875
1772919208.7212734,82.2220719230296,0.04652533006367902,-7.35569838093317,1.0228867320373378,0.7139244689595012,9.793103319170335,-0.025211294945947708,0.0106228586952262,-0.14726215563702155,-35.499583035083425,9.322263906112989,-110.1875
1772919208.7423704,82.2220719230296,0.04652533006367902,-7.35569838093317,1.0228867320373378,0.7139244689595012,9.793103319170335,-0.025211294945947708,0.0106228586952262,-0.14726215563702155,-35.499583035083425,9.322263906112989,-110.1875
1772919208.794913,81.48606601543567,0.036323088238017526,-7.295771879344725,0.9946552394171774,0.6604607978302047,9.761197458338701,-0.012374191848456064,-0.0012521619635819708,-0.1341721862470641,-42.091422625765155,3.4651773171405353,-112.1875
1772919208.8315284,81.48606601543567,0.036323088238017526,-7.295771879344725,0.9946552394171774,0.6604607978302047,9.761197458338701,-0.012374191848456064,-0.0012521619635819708,-0.1341721862470641,-42.091422625765155,3.4651773171405353,-112.1875
1772919208.8861923,81.10055642429307,0.03680412446806426,-7.292969026605896,0.9862254537414823,0.6472111954376447,9.700584884416172,-0.009217188990270502,0.0017598011321543424,-0.15271630954950383,-44.561942713930904,1.7992131086506027,-114.5625
1772919208.9572446,80.33828645466181,-0.0023418888460729538,-7.274023702571639,1.1536894413123748,0.7781099361064661,9.78382772362708,-0.006459045478820374,-0.012192892145394502,-0.14835298641951802,-45.98199819109683,1.5673619888105765,-115.0
1772919208.989488,80.33828645466181,-0.0023418888460729538,-7.274023702571639,1.1536894413123748,0.7781099361064661,9.78382772362708,-0.006459045478820374,-0.012192892145394502,-0.14835298641951802,-45.98199819109683,1.5673619888105765,-115.0
1772919209.0148351,80.05693516406664,-0.013778600733698956,-7.230268548892684,1.1091141942093756,0.7463984838432932,9.739060855120195,-0.02818699810107171,0.015322103041892231,-0.10581058590215622,-45.98199819109683,1.5673619888105765,-115.0
1772919209.0957735,79.47629846041646,-0.0507501660826438,-7.26147373480737,1.0794498652004663,0.7252948666022844,9.70926900420755,-0.0026578316685376695,-0.014596904229645985,-0.13744467859455345,-49.31794486745268,-1.1834146783345971,-117.0
1772919209.1118438,79.28899142182951,-0.062465548749830936,-7.2456556090953175,1.0522253144716789,0.6948645518620632,9.739619535831757,-0.015386154944192376,0.0019048408946035907,-0.10690141668465268,-49.31794486745268,-1.1834146783345971,-117.0
1772919209.1327934,79.28899142182951,-0.062465548749830936,-7.2456556090953175,1.0522253144716789,0.6948645518620632,9.739619535831757,-0.015386154944192376,0.0019048408946035907,-0.10690141668465268,-49.31794486745268,-1.1834146783345971,-117.0
1772919209.152344,79.08026350952647,-0.08170804120060719,-7.2263712144339065,0.9953829671714214,0.6376679042253196,9.813339262907125,-0.015776546312003332,0.01811650649395467,-0.11562806294462433,-49.31794486745268,-1.1834146783345971,-117.0
1772919209.1666412,78.88902566214276,-0.08156446573656258,-7.24848477226244,0.9714096249284803,0.5850824068108325,9.862398917772472,0.007348608036279222,-0.015603714587866248,-0.10362892433716332,-49.5362235552621,-2.946538160807736,-118.1875
1772919209.22109,78.55693831716077,-0.08422737802393138,-7.273574415068225,1.1229007328336895,0.7283328837232829,9.851561117857955,-0.006921956727855953,0.0009342904769956391,-0.11344640137963143,-49.5362235552621,-2.946538160807736,-118.1875
1772919209.236588,78.55693831716077,-0.08422737802393138,-7.273574415068225,1.1229007328336895,0.7283328837232829,9.851561117857955,-0.006921956727855953,0.0009342904769956391,-0.11344640137963143,-49.5362235552621,-2.946538160807736,-118.1875
1772919209.2633271,78.34399058439944,-0.08770521991117758,-7.239206783542381,1.223716372878049,0.8236644758958411,9.844348683081002,-0.014705684051482922,-0.0019688927969037364,-0.12980886311707826,-50.697419872275745,-3.4497136901749155,-119.0
1772919209.279462,78.34399058439944,-0.08770521991117758,-7.239206783542381,1.223716372878049,0.8236644758958411,9.844348683081002,-0.014705684051482922,-0.0019688927969037364,-0.12980886311707826,-50.697419872275745,-3.4497136901749155,-119.0
1772919209.3028336,78.08929924794744,-0.07574949993229334,-7.245905540228508,1.1552715599636525,0.7577969396919639,9.839548888305114,-0.015676234469090874,-0.010433091013240161,-0.15926129424448257,-50.697419872275745,-3.4497136901749155,-119.0
1772919209.322626,78.08929924794744,-0.07574949993229334,-7.245905540228508,1.1552715599636525,0.7577969396919639,9.839548888305114,-0.015676234469090874,-0.010433091013240161,-0.15926129424448257,-50.697419872275745,-3.4497136901749155,-119.0
1772919209.341974,77.88447096816215,-0.05738303836410415,-7.246193054942094,1.0912494949947718,0.7333251865910779,9.849735125328259,-0.0012968898831187598,-0.022344371612660643,-0.12980886311707826,-53.71058877949581,-5.633396218969394,-119.25
1772919209.366407,77.57189238383269,-0.023188388773119677,-7.2194068107772695,1.1156334173574747,0.7485885635740489,9.856513952279439,0.004699244346666031,0.002975703155124001,-0.10362892433716332,-53.71058877949581,-5.633396218969394,-119.25
1772919209.382443,77.57189238383269,-0.023188388773119677,-7.2194068107772695,1.1156334173574747,0.7485885635740489,9.856513952279439,0.004699244346666031,0.002975703155124001,-0.10362892433716332,-53.71058877949581,-5.633396218969394,-119.25
1772919209.398332,77.34682550289038,0.015785358811895023,-7.223958668776525,1.1318606453035929,0.7587461704531233,9.861025185890991,-0.006386525597595749,-0.009108409168433564,-0.14289883250703572,-52.675152138886716,-6.718693857078018,-119.6875
1772919209.4257636,77.2183226125066,0.013849164383493049,-7.227437792513148,1.1475002733452724,0.7701241460014957,9.817195797563226,-0.009180929049658188,0.0033020426206348116,-0.11999138607461016,-52.675152138886716,-6.718693857078018,-119.6875
1772919209.441234,77.03069012282772,0.008646201803801065,-7.214809775659265,1.1113926735054496,0.811913766636428,9.788027829237446,0.0010346023199080965,-0.021627640779338875,-0.10690141668465268,-52.675152138886716,-6.718693857078018,-119.6875
1772919209.4640248,77.03069012282772,0.008646201803801065,-7.214809775659265,1.1113926735054496,0.811913766636428,9.788027829237446,0.0010346023199080965,-0.021627640779338875,-0.10690141668465268,-52.675152138886716,-6.718693857078018,-119.6875
1772919209.488639,76.7889780294729,0.010364153771350781,-7.271890829798154,1.065580818149387,0.818942384976192,9.768616872144195,0.0024318040459393162,-0.027832866673873063,-0.11562806294462433,-55.20751329447351,-9.1347126851659,-119.25
1772919209.5412347,76.43036896667525,0.02952460488242012,-7.238844774799754,1.0233256485909543,0.8262625339985681,9.755699097033235,-0.03267715078298835,-0.011576473154985197,-0.1308996938995747,-55.20751329447351,-9.1347126851659,-119.25
1772919209.5807273,76.15713871121633,0.0340452111886241,-7.24300177866297,1.027532716738753,0.7972498876066801,9.747102461997894,-0.021164729530303298,-0.01416178494229824,-0.1308996938995747,-57.162392603897196,-11.431689640990045,-119.6875
1772919209.5991466,76.15713871121633,0.0340452111886241,-7.24300177866297,1.027532716738753,0.7972498876066801,9.747102461997894,-0.021164729530303298,-0.01416178494229824,-0.1308996938995747,-57.162392603897196,-11.431689640990045,-119.6875
1772919209.630132,75.96595073549602,0.032352577607347284,-7.296494188794083,1.030332473595082,0.7779422955253743,9.751416832534538,0.010750962499826492,-0.034972383045402886,-0.1308996938995747,-57.162392603897196,-11.431689640990045,-119.6875
1772919209.6626425,75.62847893694051,0.008774974658697544,-7.2717815561901915,1.034282393851463,0.7532142233666225,9.774358668175914,-0.021808940482400438,-0.00874580976231044,-0.12544553998709243,-58.23522499263093,-11.93694271191971,-120.0625
1772919209.73452,75.09638907429313,-0.059027486709546745,-7.260623812470086,1.0538530835560125,0.7529216733095202,9.769555533274238,-0.005379715239375485,0.0008980305363833273,-0.13526301702956053,-58.23522499263093,-11.93694271191971,-120.0625
1772919209.7704523,74.81400264385145,-0.006672432628522753,-7.235555013897168,1.054553298676285,0.7317226896670842,9.776394435773662,-0.035217734650764596,0.011629669053446461,-0.1308996938995747,-60.51959987533124,-16.966968819733463,-119.25
1772919209.7891793,74.5657166927826,0.04368375327477982,-7.233094742577612,1.0627249426378356,0.7434598868221904,9.760874978747568,-0.025610154292683145,-0.006341797678058958,-0.13962634015954636,-60.51959987533124,-16.966968819733463,-119.25
1772919209.8262382,74.26638342566598,0.062147895218742845,-7.238332426401204,1.036699251172922,0.7212525497671931,9.770617623704311,-0.025682674173907766,-0.009426280655019896,-0.11780972450961724,-60.700482815016,-17.139541593168314,-119.25
1772919209.8693116,74.15206970903208,0.08273356776037263,-7.246188741841202,1.019379444229045,0.7064738150293017,9.777101245090549,-0.021591380838726568,0.0005076391685723712,-0.10253809355466686,-60.700482815016,-17.139541593168314,-119.25
1772919209.8950176,74.15206970903208,0.08273356776037263,-7.246188741841202,1.019379444229045,0.7064738150293017,9.777101245090549,-0.021591380838726568,0.0005076391685723712,-0.10253809355466686,-60.700482815016,-17.139541593168314,-119.25
1772919209.9199934,73.88450613319793,0.09358958346208483,-7.254255438604489,1.0309443143740746,0.6724357865827642,9.781416022696295,-0.0035921221455333086,-0.021518860957501943,-0.16253378659197193,-61.54146408390972,-19.064850141263896,-119.25
1772919209.9687324,73.45228887051053,0.08375965022549953,-7.223915869349426,1.079785613732711,0.689038572806426,9.737455895091223,-0.008826797622459545,-0.014451864467196736,-0.10581058590215622,-61.54146408390972,-19.064850141263896,-119.25
1772919210.001792,73.20881591876424,0.05681019811819459,-7.257964131163096,1.1452835267564816,0.6945797900335506,9.708200921236848,0.011612733095597507,-0.031134909294507875,-0.10581058590215622,-63.22086390068129,-20.92624008037596,-117.25
1772919210.0337045,72.91851057919452,0.02880854225671379,-7.260566040585823,1.135762337374275,0.7539341830045859,9.688732062936232,0.002222712381189923,-0.003909993632119641,-0.12435470920459599,-63.22086390068129,-20.92624008037596,-117.25
1772919210.0710027,72.73437847113672,0.013213508499011217,-7.225729782281472,1.090701379290663,0.7564882553887815,9.669085531803931,-0.019541500181673725,0.022062760066686622,-0.10581058590215622,-64.83059766323528,-23.584982915569647,-115.25
1772919210.136672,72.40329373629817,-0.01594043784981085,-7.253246264504256,1.0098876293576176,0.7096968448279607,9.656010984801519,0.014379344585972115,-0.011911280599420484,-0.11235557059713497,-64.83059766323528,-23.584982915569647,-115.25
1772919210.1718435,72.03145593682163,-0.046795008475998,-7.224320432669343,0.9744685943412714,0.6544659319639335,9.65734535494563,-0.023024842505370097,0.005170623574626089,-0.136353847812057,-65.11230978057483,-24.285661717121446,-115.6875
1772919210.2129161,71.7765378705725,-0.044874418983591575,-7.194439143995566,0.9647522271091943,0.6031886090819928,9.691684480443838,-0.01126706964732334,-0.01979531976595991,-0.13199052468207118,-65.11230978057483,-24.285661717121446,-115.6875
1772919210.2420528,71.7765378705725,-0.044874418983591575,-7.194439143995566,0.9647522271091943,0.6031886090819928,9.691684480443838,-0.01126706964732334,-0.01979531976595991,-0.13199052468207118,-65.11230978057483,-24.285661717121446,-115.6875
1772919210.272762,71.37895955123601,-0.06749190505934732,-7.2036412100978975,0.9582860932551809,0.5690641235092897,9.71453678486973,-0.0268260563156528,0.007574635658877573,-0.1265363707695889,-66.22046037587074,-26.293101568809494,-113.6875
1772919210.3001535,71.19559917448247,-0.057236494848148425,-7.167967446554802,0.949142364293232,0.5417364579178847,9.773231190383347,-0.03167034042476808,-0.0015700334501683002,-0.11562806294462433,-66.22046037587074,-26.293101568809494,-113.6875
1772919210.3209999,71.19559917448247,-0.057236494848148425,-7.167967446554802,0.949142364293232,0.5417364579178847,9.773231190383347,-0.03167034042476808,-0.0015700334501683002,-0.11562806294462433,-66.22046037587074,-26.293101568809494,-113.6875
1772919210.3510904,70.84399659535282,-0.06597309399627505,-7.159419217416855,1.056811158979648,0.6320779402357514,9.785530767934635,0.0006079510114848291,-0.006958216668468266,-0.11344640137963143,-66.7677494575034,-28.888410974473043,-111.25
1772919210.4045515,70.59969077227903,-0.07989967471749565,-7.1435779594324424,1.1284635391042144,0.6921991875378096,9.793715999399732,-0.024140432685427298,-0.009462540595632207,-0.11235557059713497,-66.7677494575034,-28.888410974473043,-111.25
1772919210.4237044,70.42775832434796,-0.03966620202668302,-7.100589918987638,1.2061657083162194,0.7007453767809105,9.799163179504728,-0.01807177857441788,0.018942017149113376,-0.10144726277217041,-68.9217244012208,-30.252372829451986,-109.375
1772919210.4495423,70.13991840595165,-0.06944294520052113,-7.093265793204279,1.2389580524330999,0.7068775452056033,9.826203998966848,-0.002258972321802235,0.002367752143639172,-0.13962634015954636,-68.9217244012208,-30.252372829451986,-109.375
1772919210.489618,70.13991840595165,-0.06944294520052113,-7.093265793204279,1.2389580524330999,0.7068775452056033,9.826203998966848,-0.002258972321802235,0.002367752143639172,-0.13962634015954636,-68.9217244012208,-30.252372829451986,-109.375
1772919210.5184305,69.84437836854951,-0.07148653151103146,-7.053688579928932,1.1833315653115823,0.6370672085793962,9.844199362253145,-0.016066625836901834,0.005778574586110919,-0.09381144729469522,-68.61972204770981,-30.568917973900334,-109.75
1772919210.541233,69.84437836854951,-0.07148653151103146,-7.053688579928932,1.1833315653115823,0.6370672085793962,9.844199362253145,-0.016066625836901834,0.005778574586110919,-0.09381144729469522,-68.61972204770981,-30.568917973900334,-109.75
1772919210.5799057,69.57675071334894,-0.019649631397262796,-7.063171046539668,1.192298356099523,0.6344821249506055,9.856175075498795,0.002367752143639172,0.002258972321802235,-0.12762720155208535,-68.61972204770981,-30.568917973900334,-109.75
1772919210.6136265,69.23734013314987,-0.03247357966300827,-7.076524243471157,1.1451563363633843,0.6884285554787577,9.857454555471655,-0.011657461015134297,-0.003583654166608831,-0.13308135546456762,-67.82700941420653,-32.57684300504176,-106.5625
1772919210.6500359,68.98248444230718,-0.031065562835608355,-7.062263425209829,1.1867002990845485,0.7060529156249057,9.814819582905713,-0.010614390716301722,0.007965027026688531,-0.13526301702956053,-67.82700941420653,-32.57684300504176,-106.5625
1772919210.6878827,68.60719213523231,-0.028449640664624045,-7.086924957583999,1.2086431708557792,0.7770659632304068,9.813207378585483,-0.006921956727855953,0.0009342904769956391,-0.1407171709420428,-70.16809992229615,-34.37846941829527,-105.0
1772919210.745252,68.16162349511039,0.041219268477429495,-7.090995519344842,1.2220227757874498,0.7723010040092328,9.812134474619873,-0.02693483613748974,0.002947911193436169,-0.13744467859455345,-70.16809992229615,-34.37846941829527,-105.0
1772919210.7980707,67.8526634455681,0.03972734356587754,-7.102505069591178,1.2648108772043531,0.8014573883433871,9.848216697796394,-0.004953063930952217,-0.013771393574487284,-0.14835298641951802,-68.8161181372387,-35.16176470289291,-103.0
1772919210.8402233,67.8526634455681,0.03972734356587754,-7.102505069591178,1.2648108772043531,0.8014573883433871,9.848216697796394,-0.004953063930952217,-0.013771393574487284,-0.14835298641951802,-68.8161181372387,-35.16176470289291,-103.0
1772919210.8816888,67.44547020268102,0.05476969419883302,-7.053487161178682,1.1940538038950963,0.7261875028354491,9.888954572792123,-0.029838019411389118,0.010731638517063135,-0.1407171709420428,-68.8161181372387,-35.16176470289291,-103.0
1772919210.9022744,67.21835642620515,0.05047427054095958,-7.051694930474692,1.2015205994454254,0.6819115999305128,9.9160651735299,-0.007928767086076217,-0.009072149227821251,-0.06544984694978735,-69.7719861952712,-36.33286354826558,-99.75
1772919210.9442184,67.07702637874506,0.041588541748015094,-7.026529334703216,1.1514900560946588,0.6277135345570322,9.91738141693904,-0.005125895655089298,0.01169372095574661,-0.08944812416470939,-69.7719861952712,-36.33286354826558,-99.75
1772919210.9810221,66.86803650772487,0.05800923342081268,-7.045643798897323,1.1327170557131652,0.6054999323977964,9.807868675882881,0.0005716910708725176,-0.008500458156948736,-0.10471975511965978,-68.7365495546621,-37.4181611863742,-99.0
1772919210.99917,66.86803650772487,0.05800923342081268,-7.045643798897323,1.1327170557131652,0.6054999323977964,9.807868675882881,0.0005716910708725176,-0.008500458156948736,-0.10471975511965978,-68.7365495546621,-37.4181611863742,-99.0
1772919211.0686913,66.34334537049854,0.12091839269994004,-7.016709500294382,1.0599420621890157,0.6159997949854398,9.729975125226598,-0.00018129970306156136,-0.007711207442402344,-0.1308996938995747,-68.4574001583384,-38.7067095419015,-96.75
1772919211.1103628,65.98965148718307,0.12059636318398857,-7.022890421012024,1.1790642050887272,0.7324107732367984,9.726638334408852,-0.006567825300657309,-0.01681961661083591,-0.13308135546456762,-68.4574001583384,-38.7067095419015,-96.75
1772919211.1610997,65.98965148718307,0.12059636318398857,-7.022890421012024,1.1790642050887272,0.7324107732367984,9.726638334408852,-0.006567825300657309,-0.01681961661083591,-0.13308135546456762,-68.4574001583384,-38.7067095419015,-96.75
1772919211.1911073,65.66138584376569,0.11801454244235231,-7.009668903914253,1.2606477613260851,0.8074606843104691,9.724417737394036,0.00028161154597401976,-0.020838390064792486,-0.12217304763960307,-68.4574001583384,-38.7067095419015,-95.5625
1772919211.2286167,65.37146797669492,0.15431998456832258,-7.0549036974241774,1.2858971719727035,0.8296963519380471,9.73297529000833,-0.003410822442471747,-0.013807653515099595,-0.14180800172453928,-68.4574001583384,-38.7067095419015,-95.5625
1772919211.2469404,65.041085923334,0.12265176310593728,-7.0224497964051285,1.2809177216926508,0.8237120329833844,9.745360469093654,-0.019904099587796847,0.0066403451818819355,-0.11126473981463851,-67.22653778710718,-39.000886908615946,-93.875
1772919211.3089955,64.93082988512336,0.11405766852998975,-7.012904267241385,1.1625417518066519,0.7561866500092477,9.763638002545381,0.001433461666643532,-0.0046629844060537195,-0.06435901616729091,-67.22653778710718,-39.000886908615946,-93.875
1772919211.4082727,64.34337616387863,0.15341594525542246,-7.039681264840355,1.0836949936728664,0.6943089871901685,9.81734728356454,-0.0036283820861456218,-0.02306110244598241,-0.07963064712224129,-67.73850866217767,-40.09400953352111,-90.375
1772919211.4982235,63.77452115992281,0.2372434993640874,-7.029429418435276,1.0818128572347778,0.6338122586655868,9.818825177195626,-0.007892507145463905,-0.007529907739340783,-0.11344640137963143,-66.36159637837045,-39.81693767875989,-90.25
1772919211.518016,63.77452115992281,0.2372434993640874,-7.029429418435276,1.0818128572347778,0.6338122586655868,9.818825177195626,-0.007892507145463905,-0.007529907739340783,-0.11344640137963143,-66.36159637837045,-39.81693767875989,-90.25
1772919211.5933027,63.44694851689701,0.2515240439440555,-7.054295632503884,1.0158515025293016,0.6301440527331762,9.772386604644849,-0.011049510003649468,-0.010541870835077098,-0.12435470920459599,-66.19110114649808,-40.08618454672457,1960.75
1772919211.6419113,62.776615108443124,0.2754174678593441,-7.084688915866927,0.9719549578094188,0.6277029026617019,9.741482253365152,-0.006350265656983437,-0.007566167679953095,-0.10799224746714914,-66.1458804115769,-40.04304135336586,-86.5
1772919211.7462363,62.23317642954274,0.29067166754401186,-7.07792616526955,1.0832046080139845,0.66299798999307,9.70753530598346,0.005733846666574128,-0.018651937624214878,-0.12435470920459599,-66.1458804115769,-40.04304135336586,-86.5
1772919211.834514,61.5425501806262,0.26291296707996864,-7.047267209229536,1.1572400074851024,0.686486476340136,9.76188156098154,-0.006921956727855953,0.0009342904769956391,-0.10799224746714914,-63.48249731380486,-39.57518403056084,-82.5
1772919211.8782015,61.254416422064594,0.23124877342144967,-7.055366626641904,1.1618584670765901,0.7149976305679482,9.697695035375732,-0.025094047145186295,0.04842590513330385,-0.0818123086872342,-63.48249731380486,-39.57518403056084,-82.5
1772919211.915681,61.254416422064594,0.23124877342144967,-7.055366626641904,1.1618584670765901,0.7149976305679482,9.697695035375732,-0.025094047145186295,0.04842590513330385,-0.0818123086872342,-63.48249731380486,-39.57518403056084,-82.5
1772919211.9671707,60.63333957867317,0.21108781749412409,-7.0434921935005015,1.1386322895451788,0.7149321883455251,9.747954146337053,-0.019731267863659765,-0.018824769348351957,-0.11562806294462433,-63.022464977796396,-40.691159612653294,-81.6875
1772919212.0077963,60.334330750992635,0.26419200062771747,-7.053449158553692,1.1161211158712763,0.623509902109149,9.731912948704394,-0.028078218279234773,0.019948827507333636,-0.1308996938995747,-63.007922186859034,-40.07261211469396,-81.25
1772919212.0316803,60.039127969355576,0.2782664880511541,-7.0699031110162665,1.0980786919464227,0.6337215162488646,9.72123771087178,0.0021501924999652983,-0.006994476609080579,-0.14508049407202864,-63.007922186859034,-40.07261211469396,-81.25
1772919212.0517404,60.039127969355576,0.2782664880511541,-7.0699031110162665,1.0980786919464227,0.6337215162488646,9.72123771087178,0.0021501924999652983,-0.006994476609080579,-0.14508049407202864,-63.007922186859034,-40.07261211469396,-81.25
1772919212.06892,60.039127969355576,0.2782664880511541,-7.0699031110162665,1.0980786919464227,0.6337215162488646,9.72123771087178,0.0021501924999652983,-0.006994476609080579,-0.14508049407202864,-63.007922186859034,-40.07261211469396,-81.25
1772919212.091968,59.84806772186801,0.2846638307035211,-7.092536828655761,1.0290965283853974,0.6323927654876328,9.697407900807798,-0.006567825300657309,-0.01681961661083591,-0.1090830782496456,-62.05046176671744,-40.71401256984058,-79.75
1772919212.1328053,59.84806772186801,0.2846638307035211,-7.092536828655761,1.0170737929116496,0.6638359081669147,9.755141885967666,0.008391678335111799,-0.00405503339456889,-0.09490227807719166,-62.05046176671744,-40.71401256984058,-79.75
1772919212.1636698,59.40927592931402,0.26457263711789136,-7.072768586474821,1.0170737929116496,0.6638359081669147,9.755141885967666,0.008391678335111799,-0.00405503339456889,-0.09490227807719166,-62.05046176671744,-40.71401256984058,-79.75
1772919212.1905224,59.11788794858815,0.2842676007926413,-7.093211373235234,1.1298391694485865,0.6890196211308477,9.793563208160684,-0.009108409168433564,0.006386525597595748,-0.12435470920459599,-61.068070847826085,-40.29504588562834,-79.0
1772919212.2353928,58.85734607043868,0.2838198749516079,-7.061568227756413,1.2048832678621249,0.7057791007878383,9.835857727422445,-0.0026940916091499826,-0.016139145718126455,-0.12326387842209953,-61.068070847826085,-40.29504588562834,-79.0
1772919212.2684731,58.85734607043868,0.2838198749516079,-7.061568227756413,1.2048832678621249,0.7057791007878383,9.835857727422445,-0.0026940916091499826,-0.016139145718126455,-0.12326387842209953,-61.068070847826085,-40.29504588562834,-79.0
1772919212.2968485,58.352376740403706,0.2907090813822561,-7.047984149455917,1.1904770676647354,0.6971511835506232,9.864004257530409,-0.01420651286183503,-0.01355383393081341,-0.1407171709420428,-59.602794635738974,-40.0200515724296,-77.0
1772919212.3121643,58.352376740403706,0.2907090813822561,-7.047984149455917,1.1904770676647354,0.6971511835506232,9.864004257530409,-0.01420651286183503,-0.01355383393081341,-0.1407171709420428,-59.602794635738974,-40.0200515724296,-77.0
1772919212.333075,58.172398833825476,0.2992941690840116,-7.046122273612102,1.1716534990846694,0.7010905792365091,9.879390347192597,-0.008899317503684171,-0.017536347444157677,-0.1265363707695889,-59.602794635738974,-40.0200515724296,-77.0
1772919212.367115,57.9230554157519,0.2944022419608233,-7.090321705151117,1.16154691902445,0.7060213038786591,9.879594282866941,0.021292833334903585,-0.046021893049052354,-0.11671889372712078,-61.13981444360615,-39.586056917826625,-76.5625
1772919212.380255,57.9230554157519,0.2944022419608233,-7.090321705151117,1.16154691902445,0.7060213038786591,9.879594282866941,0.021292833334903585,-0.046021893049052354,-0.11671889372712078,-61.13981444360615,-39.586056917826625,-76.5625
1772919212.410821,57.49947840914516,0.2767957281192099,-7.0802134322888035,1.1507758269580834,0.696497093053973,9.882046452343637,-0.008935577444296482,-0.019078588932638144,-0.11780972450961724,-61.13981444360615,-39.586056917826625,-76.5625
1772919212.4647994,57.49947840914516,0.2767957281192099,-7.0802134322888035,1.1450103794110111,0.6911964985658552,9.88136189117432,0.014053005120461304,-0.025791453995744704,-0.11453723216212788,-58.05746466162188,-40.10059051391296,-73.75
1772919212.5388093,56.79772602202938,0.24340058939440445,-7.125246664584247,1.1637345456472297,0.7415566871489765,9.850800317997315,-0.024458304172013626,0.009833607980679808,-0.12762720155208535,-58.05746466162188,-40.10059051391296,-73.75
1772919212.6050563,56.25198458383734,0.20286788703911798,-7.112272517269182,1.187740773210421,0.7629693573069992,9.786975480248007,-0.0015059815478681566,0.0015785014290927812,-0.14508049407202864,-59.09290130223097,-39.01529287580434,-73.75
1772919212.6846225,56.02580326966635,0.23261275486072422,-7.1029410426906585,1.114165750885899,0.6917825197943049,9.744500763695996,-0.006168965953921876,0.0001450397624492491,-0.07744898555724837,-59.09290130223097,-39.01529287580434,-73.75
1772919212.726503,55.49509219022171,0.2676424147650868,-7.086763781362699,1.069820597054033,0.6395678855251352,9.716234314304305,-0.047664446380445286,0.007293024112903556,-0.1265363707695889,-57.45920739983397,-39.09790935885018,-73.375
1772919212.748231,55.49509219022171,0.2676424147650868,-7.086763781362699,1.069820597054033,0.6395678855251352,9.716234314304305,-0.047664446380445286,0.007293024112903556,-0.1265363707695889,-57.45920739983397,-39.09790935885018,-73.375
1772919212.7831595,55.26641943441969,0.2667749191302986,-7.07127317699961,1.0515213154294338,0.5785299707831038,9.760980430430132,-0.005524755001824734,-0.005270935417538549,-0.12871803233458182,-57.45920739983397,-39.09790935885018,-73.375
1772919212.8181689,55.26641943441969,0.2667749191302986,-7.07127317699961,1.0515213154294338,0.5785299707831038,9.760980430430132,-0.005524755001824734,-0.005270935417538549,-0.12871803233458182,-57.45920739983397,-39.09790935885018,-73.375
1772919212.8751483,54.74141718203841,0.21076355996477397,-7.034579905716257,1.2353872070234473,0.7249470867096675,9.727201348425934,-0.026028337622181926,0.04150394840544789,-0.13744467859455345,-54.58218587683086,-38.944519638931034,-73.0
1772919212.9441187,54.23146870220544,0.17311930520799973,-7.021388693440764,1.182734307382808,0.7247626126147696,9.76827886912828,0.009144669109045878,-0.00484428410911528,-0.13526301702956053,-54.58218587683086,-38.944519638931034,-73.0
1772919212.9859436,54.23146870220544,0.17311930520799973,-7.021388693440764,1.182734307382808,0.7247626126147696,9.76827886912828,0.009144669109045878,-0.00484428410911528,-0.13526301702956053,-54.58218587683086,-38.944519638931034,-73.0
1772919213.0188015,53.66367671494774,0.18487155748237044,-7.042953329471451,1.1864191037517982,0.7615854602713409,9.745438824679926,-0.005915146369635689,0.010940730181812531,-0.09599310885968812,-53.759902481999475,-37.814486445354596,-70.6875
1772919213.0420306,53.66367671494774,0.18487155748237044,-7.042953329471451,1.1864191037517982,0.7615854602713409,9.745438824679926,-0.005915146369635689,0.010940730181812531,-0.09599310885968812,-53.759902481999475,-37.814486445354596,-70.6875
1772919213.064446,53.354136304844374,0.199958415631538,-7.035388895099589,1.1501465816650807,0.7491450409426135,9.7369292536542,-0.01979531976595991,0.01126706964732334,-0.11235557059713497,-53.759902481999475,-37.814486445354596,-70.6875
1772919213.0971768,53.17655989706811,0.18370121149885085,-7.031491182813287,1.1785869412301546,0.7632899266132972,9.731266229194716,0.0007892507145463906,0.0007529907739340783,-0.09599310885968812,-54.06190483551046,-37.49794130090625,-71.0625
1772919213.1577024,53.17655989706811,0.18370121149885085,-7.031491182813287,1.1785869412301546,0.7632899266132972,9.731266229194716,0.0007892507145463906,0.0007529907739340783,-0.09599310885968812,-54.06190483551046,-37.49794130090625,-71.0625
1772919213.2072766,52.035946464674694,0.16531235015434068,-6.968516833921296,1.207528442261129,0.7961277794226193,9.727497549677057,-0.016139145718126455,0.0026940916091499835,-0.10581058590215622,-52.09920053929023,-36.74837186076168,-70.6875
1772919213.287628,52.46779971532405,0.22755166999413962,-7.0057927920257255,1.2267886878994927,0.817981003644372,9.711609088727686,-0.009861399942367642,0.0071757763121421386,-0.06326818538479445,-52.09920053929023,-36.74837186076168,-70.6875
1772919213.3162715,52.14011466546305,0.3048517717015597,-6.979392609318349,1.193620569642048,0.7886511646840455,9.701035495451618,-0.010650650656914033,0.006422785538208061,-0.07417649320975901,-51.51133098531472,-36.18751034709842,-70.25
1772919213.3437061,51.95600385701394,0.3080873433651309,-6.9737922898363145,1.1413068593299405,0.7911375229779956,9.693998887241172,-0.02424074452833976,0.019087056911562622,-0.08726646259971647,-51.51133098531472,-36.18751034709842,-70.25
1772919213.3719842,51.95600385701394,0.3080873433651309,-6.9737922898363145,1.1413068593299405,0.7911375229779956,9.693998887241172,-0.02424074452833976,0.019087056911562622,-0.08726646259971647,-51.51133098531472,-36.18751034709842,-70.25
1772919213.4011707,51.86713713212808,0.29594701618971003,-6.9495534721119245,1.1667516782722411,0.7393232989238175,9.746183002105612,-0.009144669109045878,0.00484428410911528,-0.05235987755982989,-51.184398133053975,-35.44368835218791,-69.875
1772919213.4325929,51.668205713584264,0.30434138700716057,-6.958776378567255,1.197873107168795,0.7045079304056208,9.707318490052113,0.018897289229576585,-0.016646784886698827,-0.07635815477475191,-51.184398133053975,-35.44368835218791,-69.875
1772919213.451904,51.668205713584264,0.30434138700716057,-6.958776378567255,1.197873107168795,0.7045079304056208,9.707318490052113,0.018897289229576585,-0.016646784886698827,-0.07635815477475191,-51.184398133053975,-35.44368835218791,-69.875
1772919213.4687672,51.53467676131665,0.28956268263617313,-6.934504766290951,1.2185840704503117,0.68133869156991,9.745011713864624,-0.013590093871425724,0.012664271373354562,-0.07853981633974483,-50.78779922657564,-35.49721925335902,-68.25
1772919213.4995546,51.53467676131665,0.28956268263617313,-6.934504766290951,1.2185840704503117,0.68133869156991,9.745011713864624,-0.013590093871425724,0.012664271373354562,-0.07853981633974483,-50.78779922657564,-35.49721925335902,-68.25
1772919213.5327435,51.396294200996685,0.27916982507526844,-6.905270960503866,1.106537635876731,0.6475841767982569,9.77009613325095,0.0008980305363833272,0.005379715239375486,-0.0272707695624114,-50.78779922657564,-35.49721925335902,-68.25
1772919213.5573921,51.396294200996685,0.27916982507526844,-6.905270960503866,1.106537635876731,0.6475841767982569,9.77009613325095,0.0008980305363833272,0.005379715239375486,-0.0272707695624114,-50.78779922657564,-35.49721925335902,-68.25
1772919213.592177,51.302906253992184,0.26431241501796854,-6.916088886263713,1.0271313961951474,0.6205027226421062,9.786789534141226,-0.005951406310248002,0.009398488693332062,-0.02399827721492203,-48.12441612880361,-35.02936193055401,-70.25
1772919213.6266677,51.257840851733945,0.26950074508106364,-6.885863511119422,0.943490763900687,0.6008383790276239,9.824659699614752,-0.025782986016820227,0.019123316852174936,-0.022907446432425576,-48.12441612880361,-35.02936193055401,-70.25
1772919213.6485996,51.272291358662414,0.27035612663370656,-6.8854739909339475,0.9155380672653177,0.5587084433359916,9.849861871699918,0.006096446072697251,-0.0032295227394101875,-0.00545415391248228,-50.46086637431489,-34.753397258448516,-68.25
1772919213.6896882,51.275969611905715,0.29629430178302985,-6.898878423179565,0.8815505103362256,0.5807192712841669,9.866633635695887,-0.005597274883049359,-0.008355418394499487,0.007635815477475192,-50.46086637431489,-34.753397258448516,-68.25
1772919213.7316039,51.295409422839754,0.3020759315552982,-6.893494223987541,0.9552732105147095,0.5670760852173453,9.877795057282324,0.0011796420823573454,-0.015458674825417,-0.002181661564992912,-49.918217555260576,-34.23567893814397,-67.875
1772919213.7511046,51.29259214868693,0.3500208359568341,-6.870510124174226,0.9535346259261981,0.6112431775433106,9.858461965008294,-0.009144669109045878,0.00484428410911528,0.006544984694978736,-49.918217555260576,-34.23567893814397,-67.875
1772919213.7926,51.29259214868693,0.3500208359568341,-6.870510124174226,0.9535346259261981,0.6112431775433106,9.858461965008294,-0.009144669109045878,0.00484428410911528,0.006544984694978736,-49.918217555260576,-34.23567893814397,-67.875
1772919213.821787,51.339863893737565,0.3844998435530109,-6.897734302075916,0.8916478659091198,0.57344957287754,9.852286231479358,-0.0006079510114848291,0.006958216668468266,0.004363323129985824,-48.68527764246687,-34.4414923765785,-68.25
1772919213.852411,51.37885598522926,0.40337315346979113,-6.921666500630396,0.850462918438161,0.5482983511546964,9.838141014681357,0.004662984406053719,0.001433461666643532,0.014180800172453928,-48.68527764246687,-34.4414923765785,-68.25
1772919213.8801305,51.398557983161034,0.40455990612120557,-6.921516492815519,0.8702375559836109,0.5257191613033029,9.838762866036669,0.005307195358150861,-0.0039825135133442656,-0.026179938779914945,-48.68527764246687,-34.4414923765785,-68.25
1772919213.9186532,51.39811633167112,0.41308127109129716,-6.901149792503849,0.9148611856110138,0.5407112733319152,9.832486477752456,0.0004351192873477469,0.01850689786176563,0.03381575425739013,-49.31788275191019,-33.144633854801285,-67.0625
1772919213.95903,51.39811633167112,0.41308127109129716,-6.901149792503849,0.9148611856110138,0.5407112733319152,9.832486477752456,0.0004351192873477469,0.01850689786176563,0.03381575425739013,-49.31788275191019,-33.144633854801285,-67.0625
1772919214.003338,51.41640216014764,0.43596393300150793,-6.929217949721406,0.9754655731992795,0.557059690183222,9.838344946583122,0.019223628695087393,-0.002766611490374607,0.02181661564992912,-49.31788275191019,-33.144633854801285,-67.0625
1772919214.0530825,51.365286357770515,0.4632089136083731,-6.9374723552067,0.985778805495265,0.5994032082120659,9.848933915561185,-0.010795690419363284,0.0002538195842861856,-0.004363323129985824,-47.860916706073,-33.22309525472216,-67.875
1772919214.1137233,51.398661495619436,0.48702407232307376,-6.965712931963966,1.048950115942109,0.6073304400967721,9.85598075612955,0.020475790658669366,-0.01514080333883067,0.020725784867432664,-47.860916706073,-33.22309525472216,-67.875
1772919214.1620712,51.423455957154296,0.4898898918131443,-6.985506700524502,1.0540443042686933,0.6513306372714694,9.860670349809432,-0.0061327060133095634,0.0016872812509297172,-0.014180800172453928,-47.2730471520975,-32.662233741058905,-67.0625
1772919214.1952662,51.50675300257965,0.5062139315095044,-7.0041239532891035,1.0666708329707266,0.6709310987497207,9.80023409957813,0.006314005716371125,0.006023926191472627,0.039269908169872414,-47.2730471520975,-32.662233741058905,-67.0625
1772919214.2458775,51.50675300257965,0.5062139315095044,-7.0041239532891035,1.0666708329707266,0.6709310987497207,9.80023409957813,0.006314005716371125,0.006023926191472627,0.039269908169872414,-47.2730471520975,-32.662233741058905,-67.0625
1772919214.2661161,51.53613123105755,0.5119240132175038,-6.988756072364784,1.019406871968526,0.630865668072099,9.760014450166349,0.0033020426206348116,0.00918092904965819,0.020725784867432664,-47.66133589232591,-32.25524712676817,-67.875
1772919214.312109,51.5699164993411,0.5298536814122756,-7.002512096803581,0.9879532338946004,0.6042025715163278,9.733248722765731,0.015241115181743127,-0.008073806848525466,0.032724923474893676,-47.66133589232591,-32.25524712676817,-67.875
1772919214.3537538,51.5699164993411,0.5298536814122756,-7.002512096803581,0.9879532338946004,0.6042025715163278,9.733248722765731,0.015241115181743127,-0.008073806848525466,0.032724923474893676,-47.66133589232591,-32.25524712676817,-67.875
1772919214.4171243,51.66168536456827,0.5704054341072095,-7.004499705595838,0.9554756850209326,0.5985600513886439,9.735507100417303,-0.0025490518467007335,-0.009970179764204579,0.022907446432425576,-44.632031832059376,-31.26551640053365,-66.6875
1772919214.4488842,51.73873818928745,0.6121861828265819,-7.036411414226403,0.9871087192925598,0.6456052352955209,9.75039047234597,0.01681961661083591,-0.006567825300657308,0.02181661564992912,-44.632031832059376,-31.26551640053365,-66.6875
1772919214.4804025,51.84617282095603,0.6414035846580669,-7.073945753941507,1.0008992665658552,0.6699859771990313,9.760295190106339,0.002367752143639172,0.002258972321802235,0.04145156973486533,-46.36032228742372,-31.445914160765042,-66.6875
1772919214.5022056,51.84617282095603,0.6414035846580669,-7.073945753941507,1.0008992665658552,0.6699859771990313,9.760295190106339,0.002367752143639172,0.002258972321802235,0.04145156973486533,-46.36032228742372,-31.445914160765042,-66.6875
1772919214.5342228,51.96414412811383,0.6607405871008036,-7.102187904324122,1.0400950323743636,0.6547472593470038,9.81037312132807,0.021627640779338878,0.0010346023199080967,0.07417649320975901,-46.36032228742372,-31.445914160765042,-66.6875
1772919214.57615,52.118857544096805,0.6520576987294499,-7.122660155258326,1.0020545547557398,0.6342836898626271,9.843699425148985,0.0009705504176079524,0.008464198216336422,0.030543261909900768,-46.17943934773895,-31.27334138733019,-65.875
1772919214.6549904,52.44561867966206,0.6640003621301781,-7.140914509483265,0.9998300500317834,0.5964624673960686,9.792285250501573,0.0011155901800572003,0.014633164170258298,0.05781403147231216,-46.17943934773895,-31.27334138733019,-65.875
1772919214.6875067,52.44561867966206,0.6640003621301781,-7.140914509483265,1.0309254336019131,0.6486051307429633,9.758069691607682,0.004662984406053719,0.001433461666643532,0.05235987755982989,-45.30985767642389,-30.011801072115137,-67.5
1772919214.7306263,52.80637448743175,0.7033384792138034,-7.162599566055284,1.0470008623713882,0.688146079842158,9.795511630108384,0.02054831053989399,-0.012056320361869733,-35.641804987289206,-45.30985767642389,-30.011801072115137,-67.5
1772919214.7557855,52.80637448743175,0.7033384792138034,-7.162599566055284,1.0470008623713882,0.688146079842158,9.795511630108384,0.02054831053989399,-0.012056320361869733,-35.641804987289206,-45.30985767642389,-30.011801072115137,-67.5
1772919214.8176832,52.95419172291556,0.7195232822814114,-7.185754977636849,1.0576988806431682,0.7144601397663292,9.820428821926743,0.02337897393256874,-0.022924530662457636,0.09381144729469522,-45.30985767642389,-30.011801072115137,-67.5
1772919214.8679974,53.28810232710207,0.7841593719211313,-7.229609204619292,1.0357747576170375,0.7042626428690439,9.709896689860454,0.0,0.0,0.08835729338221293,-43.805593354103024,-29.9587553503974,-65.5
1772919214.8885822,53.436709473102916,0.8006458794684588,-7.253206217373641,1.0573777232656318,0.7273834395083929,9.636338790695156,0.016747096729611288,-0.00965230827761825,0.09599310885968812,-43.805593354103024,-29.9587553503974,-65.5
1772919214.943861,53.50991332154873,0.8177034619006879,-7.281260244757378,1.1080586739354652,0.7774065836825473,9.664324399764569,0.019686539944122974,-0.015893794112764748,0.05890486225480862,-43.805593354103024,-29.9587553503974,-65.5
1772919214.99919,53.801802216025024,0.8416390862393982,-7.283582357327495,1.141786280462925,0.8106964273353129,9.71974473876104,0.013481314049588784,-0.017290995838795967,0.05890486225480862,-45.65500322329358,-29.650035192745595,-66.25
1772919215.0533075,53.99957721675592,0.8614087415269331,-7.306380825135521,1.1883233776750035,0.8512120592296666,9.75662635527744,0.017645127265994612,-0.004272593038242763,0.09599310885968812,-45.65500322329358,-29.650035192745595,-66.25
1772919215.0878623,54.417063859707696,0.8727986140359668,-7.2997444220989465,1.1854091722213467,0.8458473481983324,9.781170659074453,0.015494934766029315,0.002721883570837816,0.09708393964218458,-44.310846425032686,-28.88592296166366,-65.875
1772919215.1286488,54.417063859707696,0.8727986140359668,-7.2997444220989465,1.1854091722213467,0.8458473481983324,9.781170659074453,0.015494934766029315,0.002721883570837816,0.09708393964218458,-44.310846425032686,-28.88592296166366,-65.875
1772919215.1680503,54.63970161767634,0.8927170965863704,-7.357215114284466,1.0842377242179508,0.7476040593505645,9.78077906053693,0.016102885777514144,-0.004236333097630451,0.07090400086226964,-44.310846425032686,-28.88592296166366,-65.875
1772919215.2607834,54.88280943975282,0.9083522638266278,-7.3553788421083945,1.0169092557308166,0.6822242480718194,9.800589126328566,0.010115219526653828,0.0036199141072211422,0.11780972450961724,-43.52962868199753,-27.622305104886124,-66.375
1772919215.3425145,56.03825418467726,0.9967304895316885,-7.38432071078555,1.0705351766876006,0.701317596284839,9.789118417185351,0.01230167196723144,-0.0018323210133789664,0.08290313946973066,-43.84617382644588,-27.92430745839711,-65.875
1772919215.4030576,56.23620060973906,1.018249589390938,-7.371575831669308,1.1002063315249204,0.7580845365856422,9.685714853557876,0.004445424762379846,-0.007819987264239282,0.12544553998709243,-43.84617382644588,-27.92430745839711,-65.875
1772919215.4369895,56.42550564979362,1.0227502651191818,-7.345837998266241,1.081227440712232,0.7589166881215386,9.61690093705728,0.02030295893453228,0.010324311191403222,0.1090830782496456,-43.27076952184525,-27.89362951441328,-65.875
1772919215.4532743,56.42550564979362,1.0227502651191818,-7.345837998266241,1.081227440712232,0.7589166881215386,9.61690093705728,0.02030295893453228,0.010324311191403222,0.1090830782496456,-43.27076952184525,-27.89362951441328,-65.875
1772919215.477521,56.56021803062982,1.0215456981564703,-7.34572811130443,1.0824518057992454,0.7449487083322829,9.68149473066949,0.019296148576312018,0.0003178714865863306,0.06872233929727672,-43.27076952184525,-27.89362951441328,-65.875
1772919215.6394396,57.50477805435318,1.0734760071215448,-7.347957540331317,1.0555920334081357,0.7025466280924683,9.739707732942307,0.001151850120669513,0.016175405658738765,0.09272061651219876,-43.55248163918481,-28.594308315965076,-66.375
1772919215.7120366,58.08701421639405,1.1108643225197332,-7.3425609509210155,1.0736015343612848,0.780004003401463,9.728728069752824,0.01850689786176563,-0.00043511928734774757,0.12980886311707826,-44.090490195660784,-27.03443555091062,-65.875
1772919215.7567508,58.36192178522876,1.1088365032343093,-7.34239203874672,1.0679180595578426,0.7592044685656253,9.725808432921577,0.010260259289103077,0.00978888006114302,0.09708393964218458,-43.831631035508515,-27.305759960437776,-66.6875
1772919215.796577,58.61518492770621,1.1391928404240916,-7.333214786016699,1.032671941326644,0.7153442998297661,9.717175223810223,0.0008255106551587029,0.0022952322624145475,0.11017390903214205,-43.831631035508515,-27.305759960437776,-66.6875
1772919216.0115802,59.85127797027533,1.2070956424198993,-7.3470403209018835,1.0203185845424356,0.6629624839779408,9.69088092526724,0.014778203932707549,0.005053375773864674,0.11780972450961724,-43.81916578613363,-26.775576390758346,-68.6875
1772919216.0540824,59.85127797027533,1.2070956424198993,-7.3470403209018835,1.0203185845424356,0.6629624839779408,9.69088092526724,0.014778203932707549,0.005053375773864674,0.11780972450961724,-43.81916578613363,-26.775576390758346,-68.6875
1772919216.150354,60.401002874856985,1.2242046260697017,-7.3538303126970375,1.0369658595635503,0.671744660339258,9.663825352266214,0.00857297803817336,0.0036561740478334545,0.13744467859455345,-43.81134079933709,-28.32298390643792,-67.875
1772919216.2302434,61.162429929440556,1.2411348665868827,-7.365774544974512,1.036610124769875,0.6944199687641555,9.645820170664583,0.015422414884804688,-0.00036259940612312175,0.1265363707695889,-43.81134079933709,-28.32298390643792,-67.875
1772919216.25723,61.68449447647728,1.2339958913063436,-7.356400820245888,1.0363733872385021,0.7095101332211329,9.633837923439756,0.019477448279373578,0.008029078928988676,0.10144726277217041,-43.842018743320914,-27.747579601837298,-67.875
1772919216.2844598,61.68449447647728,1.2339958913063436,-7.356400820245888,1.0363733872385021,0.7095101332211329,9.633837923439756,0.019477448279373578,0.008029078928988676,0.10144726277217041,-43.842018743320914,-27.747579601837298,-67.875
1772919216.3503559,61.96040516189026,1.2327920600811215,-7.391508302956587,1.0315976394176531,0.7243930582126201,9.70614655273777,0.027079875899938984,0.003221054760485709,0.1407171709420428,-43.842018743320914,-27.747579601837298,-67.875
1772919216.410262,62.54162534275247,1.2638397083930277,-7.406571645184776,1.0422740375062327,0.7197757112006365,9.677329568526938,0.017608867325382298,-0.005814834526723231,0.12435470920459599,-43.31391271520397,-27.848408779492086,-67.875
1772919216.4632008,62.98569089270563,1.3113825487401143,-7.423465340964471,1.0663211230684297,0.7328666240771888,9.661497299148754,0.010795690419363284,-0.0002538195842861856,0.16471544815696484,-43.31391271520397,-27.848408779492086,-67.875
1772919216.5032382,63.45592178934682,1.3452649115828177,-7.437403130207931,1.0961787948012807,0.7270567130208029,9.647615989028292,0.008464198216336424,-0.0009705504176079526,0.1265363707695889,-43.25414918934541,-27.18671808817404,-69.0625
1772919216.5288298,63.55698786201628,1.346122535165214,-7.432363303967419,1.1160487418074458,0.723190282113737,9.641723243914837,0.007030736549692891,0.0036924339884457672,0.09599310885968812,-43.25414918934541,-27.18671808817404,-69.0625
1772919216.5560195,63.726959864433546,1.3606130134277707,-7.44980091721149,1.110132000599292,0.7116031997347432,9.614385905916874,0.026218105304167974,-0.0006164189904093078,0.10362892433716332,-43.25414918934541,-27.18671808817404,-69.0625
1772919216.5955167,64.0935420353356,1.3724693280639497,-7.462595528530181,1.0607648475291094,0.6836661871638282,9.632989441637816,0.010795690419363284,-0.0002538195842861856,0.13962634015954636,-43.061286179739135,-28.384824973858958,-68.6875
1772919216.6469793,64.0935420353356,1.3724693280639497,-7.462595528530181,1.0607648475291094,0.6836661871638282,9.632989441637816,0.010795690419363284,-0.0002538195842861856,0.13962634015954636,-43.061286179739135,-28.384824973858958,-68.6875
1772919216.6977508,64.55209808159712,1.374935172929719,-7.472249734909287,1.0125262090578013,0.7151222469035012,9.645369886844993,0.01811650649395467,0.015776546312003332,0.17889624832941878,-43.061286179739135,-28.384824973858958,-68.6875
1772919216.72409,65.1608626947721,1.4009959502681075,-7.472562541308146,0.9804239340160452,0.7360559032730426,9.67367960507565,0.01868819756482719,0.0072760881550545985,0.18216874067690814,-43.59354729098104,-28.460723652763978,-68.6875
1772919216.7451262,65.45772300424835,1.4106215776560422,-7.470684689288639,0.9986485237197555,0.7230301964052295,9.69251940631788,0.01850689786176563,-0.00043511928734774757,0.1810779098944117,-43.59354729098104,-28.460723652763978,-68.6875
1772919216.7637794,65.63323579393757,1.4297880195095225,-7.482182005799709,1.0227670636317963,0.7211778427111079,9.701711971882895,0.009325968812107437,0.002866923333287064,0.16035212502697901,-43.59354729098104,-28.460723652763978,-68.6875
1772919216.7970755,65.63323579393757,1.4297880195095225,-7.482182005799709,1.0227670636317963,0.7211778427111079,9.701711971882895,0.009325968812107437,0.002866923333287064,0.16035212502697901,-43.59354729098104,-28.460723652763978,-68.6875
1772919216.822947,66.21240365218986,0.9793416261526607,-8.215823443859835,1.0460981834261525,0.7420733152216082,9.711900682563796,0.01230167196723144,-0.0018323210133789664,0.17235126363444003,-42.57840088654338,-28.52879734487246,-67.875
1772919216.8571873,66.56955471843865,1.504598427854401,-7.4628142033304865,1.0670017235910993,0.7690433065329694,9.738025776672746,0.013916433336936531,0.0012159020229696581,0.17235126363444003,-42.57840088654338,-28.52879734487246,-67.875
1772919216.9019191,67.12348989335979,1.5368126528598722,-7.461109007982072,1.0795997312679364,0.7518643133937563,9.684532180511528,0.01936866845753664,0.0034023544635472694,0.15707963267948966,-43.2873898543451,-28.600540940652518,-68.6875
1772919216.9666517,67.49060669964472,1.5742366224767324,-7.44816967344978,1.0556348931234383,0.7526904857279574,9.666290556966052,0.008681757860010296,0.00828289851327486,0.16798794050445423,-43.72920949574463,-28.590153232840116,-68.6875
1772919216.990755,67.49060669964472,1.5742366224767324,-7.44816967344978,1.0556348931234383,0.7526904857279574,9.666290556966052,0.008681757860010296,0.00828289851327486,0.16798794050445423,-43.72920949574463,-28.590153232840116,-68.6875
1772919217.0489142,67.94631545591768,1.5942403831358933,-7.444183314748077,1.0735706848379145,0.7855677056551819,9.647460736854185,0.011476161312072736,-0.004127553275793513,0.16798794050445423,-43.72920949574463,-28.590153232840116,-68.6875
1772919217.0723445,68.5179742763219,1.623875786846055,-7.4480225796701065,1.0855067538679772,0.8074471282541392,9.634929701912611,0.01896980911080121,-0.013562301909737888,0.17453292519943295,-44.00053390527178,-28.84901239299239,-69.0625
1772919217.1000261,68.5179742763219,1.623875786846055,-7.4480225796701065,1.0855067538679772,0.8074471282541392,9.634929701912611,0.01896980911080121,-0.013562301909737888,0.17453292519943295,-44.00053390527178,-28.84901239299239,-69.0625
1772919217.144275,68.91705364157119,1.646039623871522,-7.448041569881748,1.071445035986578,0.791766941460644,9.690147560578893,0.014242772802447344,0.01509607541929388,0.18544123302439752,-44.00053390527178,-28.84901239299239,-69.0625
1772919217.159297,69.30319562497004,1.6615476413949744,-7.44490429126471,1.0736326239118175,0.7692304795248589,9.76369065747792,0.02072961024295555,-0.0043451129194673884,0.16580627893946132,-44.00053390527178,-28.84901239299239,-68.25
1772919217.1882656,69.5754035970226,1.6911013445689451,-7.448228960357479,1.1231607491616673,0.7862265461101837,9.775836538153488,0.02069335030234324,-0.005887354407947858,0.15926129424448257,-44.00053390527178,-28.84901239299239,-68.25
1772919217.216225,69.5754035970226,1.6911013445689451,-7.448228960357479,1.1231607491616673,0.7862265461101837,9.775836538153488,0.02069335030234324,-0.005887354407947858,0.15926129424448257,-44.00053390527178,-28.84901239299239,-68.25
1772919217.2534583,70.03852176469749,1.6899984209781742,-7.438438151647367,1.149193860792654,0.80479812223454,9.817370603137896,0.014814463873319859,0.0065956172623451445,0.1308996938995747,-43.72920949574463,-28.590153232840116,-68.25
1772919217.2816684,70.33586353214137,1.669865958277163,-7.418088703021833,1.1350547765360826,0.7871389880385632,9.845011059419113,-0.0048358161301908014,0.024031652863590363,0.18980455615438332,-43.72920949574463,-28.590153232840116,-68.25
1772919217.300749,70.33586353214137,1.669865958277163,-7.418088703021833,1.1350547765360826,0.7871389880385632,9.845011059419113,-0.0048358161301908014,0.024031652863590363,0.18980455615438332,-43.72920949574463,-28.590153232840116,-68.25
1772919217.337496,70.86873229907117,1.7043648834339669,-7.410193324773283,1.1256453739072545,0.775387031496595,9.880131032846732,-0.0021139325593529865,0.008536718097561048,0.1810779098944117,-44.226637579877746,-29.06472835978595,-68.6875
1772919217.402445,71.13828764320058,1.713260638542064,-7.433685895744342,1.079350451478996,0.7756054755297448,9.903502982847003,0.022416891493885267,0.001787593093842176,0.17453292519943295,-44.226637579877746,-29.06472835978595,-68.6875
1772919217.4296796,71.87513711227788,1.7597648310087053,-7.397080900133711,1.1280518692402866,0.7360253910463724,9.828738738392772,-0.0069860086301560985,0.03102612947267094,0.23125612588924865,-44.543182724326094,-29.366730713296935,-68.25
1772919217.4697611,72.2481109762885,1.7742890904916897,-7.39391291874672,1.0923862575987946,0.7325798753486767,9.735497516684664,0.008826797622459545,0.014451864467196736,0.15489797111449674,-44.543182724326094,-29.366730713296935,-68.25
1772919217.5525348,72.94559995272579,1.7760031471485154,-7.374135248201558,1.0976947261436747,0.757996132970304,9.703552530576484,0.011657461015134297,0.003583654166608831,0.1930770485018727,-45.198640790956695,-29.041875402598663,-67.0625
1772919217.5809953,73.54403341536421,1.7979355087371929,-7.379419034197744,1.0708738875902812,0.8011649967254674,9.674836074663176,0.030200618817512237,0.004690776367741552,0.18762289458939044,-45.198640790956695,-29.041875402598663,-67.0625
1772919217.656811,74.30968227213883,1.8636952227634964,-7.352323048702383,1.0598427010700702,0.8089241291647015,9.689943912202446,0.0017235411915420306,0.007674947501790033,0.1930770485018727,-45.67785618048087,-30.62203840382455,-67.6875
1772919217.6730998,74.50355677795731,1.8795655515299556,-7.342950398807602,1.0709743762203048,0.7947253886736193,9.68661756248995,0.006958216668468266,0.0006079510114848291,0.17453292519943295,-45.67785618048087,-30.62203840382455,-67.6875
1772919217.6908288,74.50355677795731,1.8795655515299556,-7.342950398807602,1.0709743762203048,0.7947253886736193,9.68661756248995,0.006958216668468266,0.0006079510114848291,0.17453292519943295,-45.67785618048087,-30.62203840382455,-67.6875
1772919217.710954,74.81199990198724,1.9082130047760473,-7.351217173472776,1.078382381683827,0.7852762854871279,9.684403913914045,0.003338302561247124,0.010723170538138658,0.1908953869368798,-45.67785618048087,-30.62203840382455,-67.6875
1772919217.742803,75.09314788865534,1.928910265276504,-7.355891379738062,1.095413799350835,0.7905335169655465,9.662860085270939,0.020049139350246097,-0.0004713792279600585,0.17235126363444003,-45.462140213687306,-30.848142078430513,-68.75
1772919217.7852857,75.47860064607578,1.9413949295294473,-7.342498709773036,1.1067480175548277,0.7940321457873105,9.648522907969287,0.017109696135734407,0.00577010660718644,0.17453292519943295,-45.462140213687306,-30.848142078430513,-68.75
1772919217.823604,75.47860064607578,1.9413949295294473,-7.342498709773036,1.1067480175548277,0.7940321457873105,9.648522907969287,0.017109696135734407,0.00577010660718644,0.17453292519943295,-45.462140213687306,-30.848142078430513,-68.75
1772919217.8568413,76.14914350563589,1.9598296486017865,-7.317739792816705,1.1086718678809737,0.7586364749163876,9.735989916144064,0.013344742266064014,0.009716360179918393,0.20507618710933373,-45.79066542805716,-29.779464772821733,-68.375
1772919217.8903468,76.46824991868328,1.9701415271575673,-7.3305927035636635,1.0914793622292,0.7544434078015435,9.794198233013876,0.010369039110940014,0.014415604526584426,0.1908953869368798,-45.79066542805716,-29.779464772821733,-68.375
1772919217.9407296,77.24113376468411,1.9470376563133938,-7.333980681236514,1.096980003668245,0.7678166742101251,9.759342760100205,0.022561931256334516,0.007956559047764052,0.21271200258680892,-45.429384728141,-31.33518245475123,-68.75
1772919217.9760656,77.24113376468411,1.9470376563133938,-7.333980681236514,1.096980003668245,0.7678166742101251,9.759342760100205,0.022561931256334516,0.007956559047764052,0.21271200258680892,-45.429384728141,-31.33518245475123,-68.75
1772919218.0332978,78.56373241418018,1.9560246155103005,-7.334840720505006,1.0842784892475934,0.7878047422697191,9.720710201360031,0.01015147946726614,0.005162155595701611,0.20398535632683726,-47.14728747569294,-31.073760573583098,-66.5
1772919218.113383,79.10764912049663,1.984592412050657,-7.322186503303293,1.0510428956728242,0.7507635557030303,9.733853077900909,0.011621201074521985,0.0020414126781283606,0.18653206380689397,-47.14728747569294,-31.073760573583098,-66.5
1772919218.1290345,79.43042121754058,1.9863699331242013,-7.322657387011071,1.043446746755375,0.7399676647348205,9.739254403715993,0.008645497919397983,0.006740657024794393,0.19198621771937624,-46.016769102663126,-29.995180739615293,-67.1875
1772919218.1467059,79.43042121754058,1.9863699331242013,-7.322657387011071,1.043446746755375,0.7399676647348205,9.739254403715993,0.008645497919397983,0.006740657024794393,0.19198621771937624,-46.016769102663126,-29.995180739615293,-67.1875
1772919218.1650548,79.67512182415558,1.9831471172441477,-7.324435902874171,1.0199187879523481,0.7521454763476847,9.742848925709168,0.010187739407878453,0.00670439708418208,0.22252947962927702,-46.016769102663126,-29.995180739615293,-67.1875
1772919218.1795135,79.92594656370142,1.983545479410279,-7.32009654261415,1.0115220778637812,0.7671769763983547,9.745241039942185,0.012700531313966874,0.01513233535990619,0.22252947962927702,-46.016769102663126,-29.995180739615293,-67.1875
1772919218.1993191,79.92594656370142,1.983545479410279,-7.32009654261415,1.0115220778637812,0.7671769763983547,9.745241039942185,0.012700531313966874,0.01513233535990619,0.22252947962927702,-46.016769102663126,-29.995180739615293,-67.1875
1772919218.2594478,80.93157960984888,2.003710332372837,-7.280363428261181,1.0643035466125705,0.7429720418320979,9.831461066464955,0.014741943992095236,0.0035111342853842067,0.1930770485018727,-46.03962205985041,-30.967183950694245,-66.5
1772919218.3118432,81.38865088421622,2.014121532479872,-7.279132330485191,1.0621751275270002,0.7534776933189344,9.844352770240524,0.005742314645498608,0.014524384348421363,0.20943951023931956,-47.31778270756531,-30.804513705618422,-66.0
1772919218.329142,81.7328792764034,2.0204369101346327,-7.288624890857348,1.0922225176396336,0.790487397676245,9.846241831678759,0.02618184536355566,-0.0021586604788897765,0.2007128639793479,-47.31778270756531,-30.804513705618422,-66.0
1772919218.3458588,81.7328792764034,2.0204369101346327,-7.288624890857348,1.0922225176396336,0.790487397676245,9.846241831678759,0.02618184536355566,-0.0021586604788897765,0.2007128639793479,-47.31778270756531,-30.804513705618422,-66.0
1772919218.3711765,81.94267629038777,2.0244387453807637,-7.288196996666222,1.0728268447739455,0.7497949571391247,9.790632081939275,0.017862686909668486,0.004980855892640049,0.18435040224190105,-47.31778270756531,-30.804513705618422,-66.0
1772919218.39702,82.33104692147832,2.0304591375510803,-7.287882498805617,1.0599192411456926,0.7227145925260163,9.810491313713687,0.013272222384839391,0.006631877202957456,0.16580627893946132,-45.58118208595104,-30.27066023226741,-66.5
1772919218.412318,82.33104692147832,2.0304591375510803,-7.287882498805617,1.0599192411456926,0.7227145925260163,9.810491313713687,0.013272222384839391,0.006631877202957456,0.16580627893946132,-45.58118208595104,-30.27066023226741,-66.5
1772919218.4435103,82.77552184482383,1.9930881597433368,-7.287582779446799,1.0282383669272108,0.7288958579512416,9.840432969154,0.026971096078102053,-0.001405669704955697,0.19962203319685143,-45.58118208595104,-30.27066023226741,-66.5
1772919218.475196,83.24673246754747,2.0293849956919137,-7.282241810543744,1.0192565718172422,0.7445549251380996,9.86035880637932,0.007892507145463905,0.007529907739340783,0.2083486794568231,-47.99145346880486,-29.3740705206401,-66.0
1772919218.5322366,83.75851120707354,2.018309669042788,-7.283653811494197,1.0063519850474056,0.7622367430980381,9.823442552856795,0.015531194706641627,0.004264125059318284,0.18871372537188688,-47.99145346880486,-29.3740705206401,-66.0
1772919218.549671,83.75851120707354,2.018309669042788,-7.283653811494197,1.0063519850474056,0.7622367430980381,9.823442552856795,0.015531194706641627,0.004264125059318284,0.18871372537188688,-47.99145346880486,-29.3740705206401,-66.0
1772919218.5750136,84.0975274625555,2.014949245325629,-7.281706584629535,1.0192131965037898,0.7805975166759578,9.762078969738614,0.0028753913122115432,0.0238503531605288,0.20289452554434081,-47.4305919551416,-29.961940074615605,-66.5
1772919218.5974805,84.57679227821552,2.029134825903476,-7.257949781882507,1.0350330727291943,0.7997437088461614,9.758038419430115,0.016392965302412642,0.0081015988102133,0.21598449493429828,-47.4305919551416,-29.961940074615605,-66.5
1772919218.627608,84.57679227821552,2.029134825903476,-7.257949781882507,1.0350330727291943,0.7997437088461614,9.758038419430115,0.016392965302412642,0.0081015988102133,0.21598449493429828,-47.4305919551416,-29.961940074615605,-66.5
1772919218.6739843,85.01175278271836,2.0423615804913964,-7.2823623400625195,1.0781108225806668,0.7880599528153976,9.728588584677157,0.0208746500054048,0.0018238530344544858,0.18762289458939044,-47.71230407248116,-30.662618876167404,-66.5
1772919218.7276962,86.00036836922756,2.037713256563502,-7.296075744225979,1.1273933396136346,0.7734994167880347,9.736017862342486,0.01850689786176563,-0.00043511928734774757,0.17998707911191522,-47.12443451850566,-30.101757362504145,-65.25
1772919218.7554183,86.00036836922756,2.037713256563502,-7.296075744225979,1.1273933396136346,0.7734994167880347,9.736017862342486,0.01850689786176563,-0.00043511928734774757,0.17998707911191522,-47.12443451850566,-30.101757362504145,-65.25
1772919218.804673,86.44625329737102,2.031946528203056,-7.2958886268647,1.0830451914249606,0.7813877852222632,9.737349931872316,0.018615677683602564,0.004191605178093659,0.19744037163185854,-47.12443451850566,-30.101757362504145,-65.25
1772919218.8321671,87.00136753358835,2.0378537543948765,-7.319174243355818,1.0466046917492955,0.7938982899667194,9.731546185849588,0.007103256430917515,0.006776916965406705,0.19525871006686563,-47.938407747087126,-30.878334842960964,-66.5
1772919218.847909,87.00136753358835,2.0378537543948765,-7.319174243355818,1.0466046917492955,0.7938982899667194,9.731546185849588,0.007103256430917515,0.006776916965406705,0.19525871006686563,-47.938407747087126,-30.878334842960964,-66.5
1772919218.8676302,87.21520462218983,2.0303556384986257,-7.32911818501303,1.0223539462821938,0.80222389112266,9.734374081118192,0.018043986612730045,0.012692063335042395,0.19525871006686563,-47.938407747087126,-30.878334842960964,-66.5
1772919218.9068732,87.74174735827907,2.055542404570678,-7.285589074814392,1.0459148349481542,0.7855370597273024,9.72956579041515,0.018760717446051813,0.010360571132015536,0.1810779098944117,-48.62454375770156,-29.97807522766207,-65.5625
1772919218.935062,87.74174735827907,2.055542404570678,-7.285589074814392,1.0459148349481542,0.7855370597273024,9.72956579041515,0.018760717446051813,0.010360571132015536,0.1810779098944117,-48.62454375770156,-29.97807522766207,-65.5625
1772919218.9900398,88.6528393375752,2.119177808116177,-7.2182233258303,1.061594343162979,0.7744321598378121,9.759817043737595,-0.0026131037490008785,0.020121659231470718,0.3108867730114899,-48.62454375770156,-29.97807522766207,-65.5625
1772919219.0310981,89.2973842569756,2.1714641060227806,-7.234034342927719,1.072028880728362,0.7670419730112163,9.756533132943805,0.017572607384769987,-0.007357076015203701,0.12435470920459599,-48.38597483372071,-29.23217569118908,-66.0
1772919219.0867188,89.44804139593275,2.167813358508383,-7.26357133919655,0.9869165296930984,0.771386257179931,9.767728173823503,0.02008539929085841,0.0010708622605204087,0.07090400086226964,-48.38597483372071,-29.23217569118908,-66.0
1772919219.1166716,89.71088740340332,2.1883760532723797,-7.267734160763522,0.9418207149420184,0.7621758569814994,9.775178348472142,0.03969941935375676,-0.017907414829205277,0.13308135546456762,-48.87301521004143,-29.26493117673539,-64.75
1772919219.1855943,90.38809703334027,2.215815288263539,-7.29361075191756,0.8712209152014971,0.7404387014907208,9.780136356476907,0.017862686909668486,0.004980855892640049,0.18216874067690814,-48.87301521004143,-29.26493117673539,-64.75
1772919219.2274635,91.18847103748764,2.2567121946719717,-7.304399206854781,0.8357830412212478,0.7138713945476672,9.683082504199918,0.010405299051552328,0.015957846015064895,0.21707532571679475,-48.612078508326675,-29.44789165798264,-65.6875
1772919219.2995708,91.67026732366551,2.2561951512735514,-7.297757674718757,0.9739997183738772,0.7349751198563579,9.61849424967215,0.017254735898183656,0.011939072561108316,0.16471544815696484,-48.612078508326675,-29.44789165798264,-65.6875
1772919219.336425,91.67026732366551,2.2561951512735514,-7.297757674718757,0.9739997183738772,0.7349751198563579,9.61849424967215,0.017254735898183656,0.011939072561108316,0.16471544815696484,-48.612078508326675,-29.44789165798264,-65.6875
1772919219.358882,92.18267447634885,2.216541972651241,-7.32001901156112,1.0659813730375023,0.7490194133052333,9.578856599489317,0.008218846610974717,0.021410081135665004,0.18216874067690814,-49.54668597128098,-27.83448799175707,-65.1875
1772919219.3751523,92.18267447634885,2.216541972651241,-7.32001901156112,1.0659813730375023,0.7490194133052333,9.578856599489317,0.008218846610974717,0.021410081135665004,0.18216874067690814,-49.54668597128098,-27.83448799175707,-65.1875
1772919219.4070294,92.65348128132804,2.204073129270616,-7.325075096908006,1.115315051405159,0.7562790203665954,9.616035308513274,0.008863057563071859,0.015994105955677206,0.20725784867432664,-49.54668597128098,-27.83448799175707,-65.1875
1772919219.4380744,93.1830472885057,2.2085486847598457,-7.333918126368475,1.112731194815102,0.7643088584911298,9.640777324055325,0.012519231610905313,0.007421127917503847,0.17998707911191522,-50.038366610180034,-29.944834562662383,-64.5
1772919219.4716306,93.64032069684113,2.1994076475899473,-7.348017189582159,1.1110116671179882,0.7696526260638383,9.657242859012136,0.021555120898114254,-0.0020498806570528384,0.17235126363444003,-50.038366610180034,-29.944834562662383,-64.5
1772919219.5240119,93.64032069684113,2.1994076475899473,-7.348017189582159,1.1110116671179882,0.7696526260638383,9.657242859012136,0.021555120898114254,-0.0020498806570528384,0.17235126363444003,-50.038366610180034,-29.944834562662383,-64.5
1772919219.5632613,94.44886495658743,2.1470510056536978,-7.332363013831235,1.109867340643942,0.7732088436896807,9.594608031032791,0.005778574586110919,0.01606662583690183,0.16035212502697901,-49.168784938864974,-28.68329424744733,-63.6875
1772919219.6098428,94.44886495658743,2.1470510056536978,-7.332363013831235,1.109867340643942,0.7732088436896807,9.594608031032791,0.005778574586110919,0.01606662583690183,0.16035212502697901,-49.168784938864974,-28.68329424744733,-63.6875
1772919219.6329856,94.97976851417637,2.0967022041093584,-7.329887608440213,1.1050435712084243,0.8040630327871832,9.55292525268941,0.014279032743059654,0.01663831690777435,0.2181661564992912,-49.168784938864974,-28.68329424744733,-63.6875
1772919219.658807,94.97976851417637,2.0967022041093584,-7.329887608440213,1.1050435712084243,0.8040630327871832,9.55292525268941,0.014279032743059654,0.01663831690777435,0.2181661564992912,-49.168784938864974,-28.68329424744733,-63.6875
1772919219.700699,96.16515688992418,2.103644929775449,-7.336226160365346,1.10987477455424,0.8356637774024859,9.589222548408891,0.03213325167380367,-0.011557149172221838,0.17780541754692233,-49.42764409901724,-28.41196983792017,-63.6875
1772919219.7519162,96.16515688992418,2.103644929775449,-7.336226160365346,1.10987477455424,0.8356637774024859,9.589222548408891,0.03213325167380367,-0.011557149172221838,0.17780541754692233,-49.42764409901724,-28.41196983792017,-63.6875
1772919219.7864535,96.72979101364474,2.08656923727834,-7.307908615424746,1.0682993250904549,0.7920719997152372,9.679800630748444,0.007610895599489886,0.02836829780413327,0.20943951023931956,-48.87045248902557,-27.275704019656292,-63.1875
1772919219.855598,97.280192294707,2.1085549069404017,-7.315874143970952,1.0498677311770108,0.7533809803893344,9.740079332721939,0.02776034679264844,-0.00065267893102162,0.1930770485018727,-48.87045248902557,-27.275704019656292,-63.1875
1772919219.9107978,98.1584994835926,2.100484057560474,-7.31554324358739,1.1204217272691086,0.7280513465140354,9.813645252601273,0.025900233817581643,0.01867972958590271,0.1930770485018727,-50.181853801740154,-28.526856627058944,-62.5625
1772919219.9924757,98.1584994835926,2.100484057560474,-7.31554324358739,1.1204217272691086,0.7280513465140354,9.813645252601273,0.025900233817581643,0.01867972958590271,0.1930770485018727,-50.181853801740154,-28.526856627058944,-62.5625
1772919220.0545244,99.20138581194702,2.081506050847615,-7.33577365283623,1.1353807932738076,0.7592670680431352,9.772284534398175,0.004308852978855075,0.01918736875447508,0.2083486794568231,-50.65642892868599,-28.029428542925825,-62.0625
1772919220.1004148,99.70837191381007,2.0548031228506667,-7.352385550752464,1.1334567992876399,0.7779540686744666,9.835077454561132,0.008790537681847232,0.012909622978716269,0.18653206380689397,-50.65642892868599,-28.029428542925825,-62.0625
1772919220.1257458,100.3290875331797,2.094589516137433,-7.341013535422647,1.1442778755661438,0.8019355629427728,9.749751196608566,0.023669053457467237,-0.010586598754613886,0.17235126363444003,-50.06855937471049,-27.468567029262566,-62.5625
1772919220.1813452,100.95497409713654,2.122100538400689,-7.347800703230884,1.1683100491099248,0.8293292898454668,9.7297637538784,0.003410822442471747,0.013807653515099595,0.2083486794568231,-50.06855937471049,-27.468567029262566,-62.5625
1772919220.316015,101.85705911267802,2.1079357432450694,-7.455945095592156,1.2122199299420187,0.8577108464118683,9.674206550582765,0.011049510003649468,0.010541870835077098,0.0916297857297023,-45.611374850481496,-27.794392698867593,-63.75
1772919220.3600788,102.04647335282901,2.1077191151672263,-7.42004691672891,1.1187351854220977,0.8271983034781286,9.649601632956994,0.00828289851327486,-0.008681757860010296,0.009817477042468103,-49.275361561753826,-27.575628831604796,-63.75
1772919220.4522736,102.1001415163623,2.061204502227517,-7.4412508855193416,1.0769497053154635,0.8029356083309477,9.616283774109737,-0.001823853034454487,0.020874650005404796,0.008726646259971648,-47.05379810538132,-27.09738380098738,-64.5625
1772919220.5279071,102.18022591541755,2.059675779397353,-7.4379604463020135,1.007440958925465,0.723887364937914,9.640942675134228,0.0076386875611777205,-0.003265782680022499,0.025089107997418487,-46.08179489430237,-27.120236758174666,-64.0625
1772919220.5589674,102.1667883902115,2.058734578784612,-7.437955775612142,0.9334744548369824,0.700325176667893,9.610521334405584,-0.010686910597526345,0.0048805440497275915,-0.011999138607461015,-46.08179489430237,-27.120236758174666,-64.0625
1772919220.5853145,102.23531980600907,1.9930479562297565,-7.453545794532204,0.9108738127506175,0.7100449125914686,9.637107835881784,0.006595617262345145,-0.014814463873319859,0.019634954084936207,-47.85738362615039,-27.432141640044673,-64.5625
1772919220.6506584,102.30820503008609,1.9996628023471588,-7.445471993315332,0.9151956943620598,0.7349860948250512,9.715012866355263,-0.010686910597526345,0.0048805440497275915,-0.009817477042468103,-47.85738362615039,-27.432141640044673,-64.5625
1772919220.6684852,102.30820503008609,1.9996628023471588,-7.445471993315332,0.9151956943620598,0.7349860948250512,9.715012866355263,-0.010686910597526345,0.0048805440497275915,-0.009817477042468103,-47.85738362615039,-27.432141640044673,-64.5625
1772919220.6937685,102.38922716762518,1.9846942646564343,-7.438449146866204,0.9715407260202537,0.8118431817628133,9.796963799245026,0.0036646420267579323,0.02460334393446288,0.08290313946973066,-49.44010934839213,-28.9421534075996,-64.0625
1772919220.7203045,102.71443970811728,1.9927906395788952,-7.480108524827594,1.0156054687464517,0.7398040473212417,9.85150122963126,0.019586228101210516,0.012655803394430083,0.14289883250703572,-49.44010934839213,-28.9421534075996,-64.0625
1772919220.7661355,102.71443970811728,1.9927906395788952,-7.480108524827594,1.0156054687464517,0.7398040473212417,9.85150122963126,0.019586228101210516,0.012655803394430083,0.14289883250703572,-49.44010934839213,-28.9421534075996,-64.0625
1772919220.7862089,103.19963464290666,1.937701621704417,-7.469420828657558,0.9348456119692945,0.7394051169860636,9.807512599354618,0.020230439053307656,0.0072398282144422845,0.1712604328519436,-50.31751600650374,-28.656286207135082,-62.0625
1772919220.814059,103.19963464290666,1.937701621704417,-7.469420828657558,0.9348456119692945,0.7394051169860636,9.807512599354618,0.020230439053307656,0.0072398282144422845,0.1712604328519436,-50.31751600650374,-28.656286207135082,-62.0625
1772919220.843431,103.69499677196345,1.910923224234166,-7.4381478258789215,0.8995736359838156,0.7197772768501426,9.77823865729071,0.0036646420267579323,0.02460334393446288,0.2378011105842274,-50.31751600650374,-28.656286207135082,-62.0625
1772919220.8822982,103.69499677196345,1.910923224234166,-7.4381478258789215,0.8995736359838156,0.7197772768501426,9.77823865729071,0.0036646420267579323,0.02460334393446288,0.2378011105842274,-50.31751600650374,-28.656286207135082,-62.0625
1772919220.9489167,105.07593741914718,1.9596045928658945,-7.432966047071385,0.9624937029855128,0.7444935696627797,9.805969018340543,0.02309736238659472,-0.002086140597665153,0.19634954084936207,-49.988505612680505,-27.824100283944667,-61.75
1772919220.9806943,105.40974026375834,1.952331043534,-7.427026615690452,1.003880604635468,0.7542678656183747,9.817352761856604,0.015531194706641627,0.004264125059318284,0.19962203319685143,-50.430325254080024,-27.813712576132264,-62.0625
1772919221.0031917,105.40974026375834,1.952331043534,-7.427026615690452,1.0221867220850254,0.7704537286178851,9.824928516001796,0.018434377980541004,-0.003519602264308685,0.20725784867432664,-50.430325254080024,-27.813712576132264,-62.0625
1772919221.0509942,105.7476525843233,1.9539681251129108,-7.445298384343402,1.0221867220850254,0.7704537286178851,9.824928516001796,0.018434377980541004,-0.003519602264308685,0.20725784867432664,-50.430325254080024,-27.813712576132264,-62.0625
1772919221.0857682,106.33839267753946,1.968634140159036,-7.443812758466548,1.0488910060956278,0.7950798445508781,9.726271632831802,0.008037546907913156,0.01369887369326266,0.210530341021816,-50.49375868361017,-26.751267895210926,-61.375
1772919221.122888,107.15238670931261,1.9725482831834913,-7.454027656746689,1.0666624087982854,0.8114682496125453,9.767660153785986,0.01868819756482719,0.0072760881550545985,0.2181661564992912,-50.49375868361017,-26.751267895210926,-61.375
1772919221.159978,107.15238670931261,1.9725482831834913,-7.454027656746689,1.0666624087982854,0.8114682496125453,9.767660153785986,0.01868819756482719,0.0072760881550545985,0.2181661564992912,-50.49375868361017,-26.751267895210926,-61.375
1772919221.2090318,107.95849038079542,1.9755877310466439,-7.435888650492834,1.1038891877877137,0.7957513099860745,9.785168417018966,0.00965230827761825,0.016747096729611284,0.19634954084936207,-50.6891844142323,-27.542388166605107,-60.875
1772919221.26058,107.95849038079542,1.9755877310466439,-7.435888650492834,1.1038891877877137,0.7957513099860745,9.785168417018966,0.00965230827761825,0.016747096729611284,0.19634954084936207,-50.6891844142323,-27.542388166605107,-60.875
1772919221.3027556,109.22232704431627,1.9777686421686487,-7.417920351076997,1.0865202290969493,0.7993957255024378,9.767777720605256,0.0008980305363833272,0.005379715239375486,0.2007128639793479,-50.662176373920055,-26.393657098966344,-60.0625
1772919221.3552105,109.22232704431627,1.9777686421686487,-7.417920351076997,1.0865202290969493,0.7993957255024378,9.767777720605256,0.0008980305363833272,0.005379715239375486,0.2007128639793479,-50.662176373920055,-26.393657098966344,-60.0625
1772919221.382595,109.91766560643111,1.9884532472513756,-7.398467894081156,1.0698103916110728,0.788829117426224,9.74845042764337,0.00968856821823056,0.018289338218091755,0.21162117180431245,-50.662176373920055,-26.393657098966344,-60.0625
1772919221.4074695,110.48867153391505,2.0019875836138166,-7.3982057101813465,1.065617483882715,0.7745362741179236,9.735588330077242,0.009471008574556688,0.00903588928720894,0.20943951023931956,-51.90758153608864,-26.718027230211238,-60.5625
1772919221.464544,110.91774412750426,1.99947469646244,-7.398920433093479,1.0722859413791441,0.7648021590824717,9.740409194655307,0.015458674825417,0.0011796420823573465,0.19416787928436915,-51.90758153608864,-26.718027230211238,-60.5625
1772919221.5393274,111.69831145502332,1.983891483071667,-7.393515087666098,1.0744146245323405,0.7607445088203437,9.743617426179423,0.01029651922971539,0.011331121549623487,0.20398535632683726,-51.84989555179257,-26.144700467173095,-60.0625
1772919221.590638,112.3546358197891,1.9703284316291656,-7.414416196231972,1.0830921230621704,0.7649714903551988,9.752442691835066,0.015032023516993733,0.015849066193227956,0.18980455615438332,-51.84989555179257,-26.144700467173095,-60.0625
1772919221.6386824,112.88513790088606,1.9344361660572613,-7.39938235624615,1.0579590408499286,0.7614131655790372,9.761660919251538,0.00592361434856017,0.022235591790823704,0.1930770485018727,-52.302102901004496,-26.57613240076022,-60.875
1772919221.6994576,113.61015064065174,1.9512506391061333,-7.396042319993107,1.0872188519713402,0.8029180557529869,9.764450434915535,0.005561014942437046,0.006813176906019017,0.210530341021816,-52.302102901004496,-26.57613240076022,-60.875
1772919221.7525253,114.22639844738023,1.9851323877779559,-7.419902636969128,0.9974700608228017,0.8141789709860818,9.769651938136311,0.003265782680022499,0.0076386875611777205,0.1810779098944117,-52.49496591061077,-25.3780255150753,-59.75
1772919221.7878845,114.95812437953018,2.0173698230461903,-7.368919225771046,1.014054763641943,0.7465326592833512,9.809909709205654,-0.002395544105327005,0.029375108162353534,0.22252947962927702,-52.49496591061077,-25.3780255150753,-59.75
1772919221.89993,115.8529309574411,2.0082785987113154,-7.3709116771826935,1.0227825972856859,0.7039350890607742,9.840045917850851,0.011729980896358922,0.006668137143569768,0.20289452554434081,-52.12537504444469,-26.58028748388518,-61.375
1772919221.9359434,116.4172255731558,2.04944723310647,-7.375926050922675,1.0721561751012658,0.7171506966679545,9.87348167489,0.0018323210133789662,0.01230167196723144,0.20616701789183017,-52.12537504444469,-26.58028748388518,-61.375
1772919222.015697,117.10177439843639,2.0548476260050723,-7.436146312632095,1.0935794292405514,0.7427764040623019,9.895732797697674,0.015386154944192376,-0.0019048408946035907,0.1810779098944117,-52.67584885029554,-25.55059828851015,-59.75
1772919222.059569,117.65445396046923,2.0461707206246675,-7.441126912724685,1.0915614660852855,0.7720426925968591,9.840293325511146,0.016928396432672847,-0.0019411008352159052,0.19744037163185854,-52.67584885029554,-25.55059828851015,-59.75
1772919222.1427143,118.60329889524435,2.053007003785004,-7.4093650457418505,1.092638828704357,0.7938281815098688,9.753222300460703,0.023423701852105534,0.011794032798659067,0.2181661564992912,-53.115590950132585,-25.451846652417842,-58.6875
1772919222.180058,119.0835280120458,2.061412831371532,-7.4118155792330604,1.1005054914250967,0.8105240881030962,9.745454181546505,0.004662984406053719,0.001433461666643532,0.19962203319685143,-53.115590950132585,-25.451846652417842,-58.6875
1772919222.2133873,119.0835280120458,2.061412831371532,-7.4118155792330604,1.1005054914250967,0.8105240881030962,9.745454181546505,0.004662984406053719,0.001433461666643532,0.19962203319685143,-53.115590950132585,-25.451846652417842,-58.6875
1772919222.251492,119.42148351818685,2.0582114796264226,-7.438220933360738,1.1226827294867971,0.8377987331692738,9.803841707623748,0.01029651922971539,0.011331121549623487,0.20616701789183017,-52.88948727552662,-25.236130685624282,-58.1875
1772919222.2733448,119.9009653095109,2.055680633674398,-7.474867993320915,1.1089538676878192,0.8518874718330621,9.842697953996751,0.017753907087831547,0.000354131427198645,0.16144295580947549,-52.88948727552662,-25.236130685624282,-58.1875
1772919222.313759,120.41581441104805,2.0667246484653607,-7.476845324007485,1.1312812927601155,0.8912816806809275,9.815034564588162,0.023496221733330155,0.014878515775620006,0.18980455615438332,-53.58601099395346,-24.77769071172491,-58.6875
1772919222.3814664,120.41581441104805,2.0667246484653607,-7.476845324007485,1.1312812927601155,0.8912816806809275,9.815034564588162,0.023496221733330155,0.014878515775620006,0.18980455615438332,-53.58601099395346,-24.77769071172491,-58.6875
1772919222.424018,121.1480022722419,2.0759380348953056,-7.494710460335549,1.121603417951345,0.8802188922880713,9.773209106005817,0.019078588932638144,-0.008935577444296482,0.17889624832941878,-53.32715183380118,-25.04901512125207,-57.875
1772919222.479806,121.71723847925911,2.114585548153985,-7.4702702422701766,1.1461819546625365,0.8839574593371006,9.745374730540252,0.003265782680022499,0.0076386875611777205,0.11453723216212788,-53.32715183380118,-25.04901512125207,-57.875
1772919222.5372245,121.91365692834152,2.1365047064133376,-7.446472596388495,1.1763933011983452,0.8719236666050463,9.726851264598267,0.023777833279304175,-0.0059598742891724815,0.09272061651219876,-53.80172696074702,-24.55158703711895,-58.6875
1772919222.5649624,122.22253870745084,2.1489730895170704,-7.44714611325674,1.1964986148350722,0.863915311968137,9.895160137129794,-0.005878886429023378,0.012482971670293002,0.09490227807719166,-53.80172696074702,-24.55158703711895,-58.6875
1772919222.628578,122.73863056679143,2.223068856941209,-7.455379539606153,1.1475067866813298,0.8221961969986892,9.66931152922697,-0.008210378632050238,0.011766240836971234,0.17671458676442586,-53.31676412598878,-24.607195479852546,-57.875
1772919222.6494853,122.73863056679143,2.223068856941209,-7.455379539606153,1.1475067866813298,0.8221961969986892,9.66931152922697,-0.008210378632050238,0.011766240836971234,0.17671458676442586,-53.31676412598878,-24.607195479852546,-57.875
1772919222.6700282,123.25863641526611,2.242928404244733,-7.443903739928311,1.0941213649474602,0.8162152430305512,9.743134287952298,0.01578501429092781,0.015059815478681566,0.23343778745424157,-53.31676412598878,-24.607195479852546,-57.875
1772919222.716871,123.77087013014673,2.2610972259610307,-7.446724213715114,1.089057048737041,0.7996887372419131,9.7655016155712,0.02327866208965628,0.005625066844737193,0.17453292519943295,-53.746118518013425,-24.066624202360714,-57.375
1772919222.7581162,124.28487578451792,2.2508957849111577,-7.454024345348773,1.0915281356235227,0.8358732922741055,9.780386822242157,0.017000916313897472,0.0011433821417450357,0.19634954084936207,-53.746118518013425,-24.066624202360714,-57.375
1772919222.7838135,124.59499555708689,2.2511601282444356,-7.432127347034496,1.1485910360016498,0.8018666400774531,9.760186755637152,0.007538375718265262,0.025283814827172332,0.18544123302439752,-52.652995893108255,-24.578595077431196,-57.5
1772919222.8165915,125.01754146363628,2.2265757315828285,-7.462152224661746,1.114094083474829,0.8164295611726055,9.74674383696105,0.02933884822174122,0.0008533026168465364,0.1461713248545251,-52.652995893108255,-24.578595077431196,-57.5
1772919222.8662553,125.30113980652696,2.178569841207305,-7.500764456872917,1.0911367469244393,0.8261210224829417,9.737797724749345,0.02008539929085841,0.0010708622605204087,0.17016960206944712,-54.78155515862252,-22.98132656425209,-57.875
1772919222.919254,125.8214864625469,2.1781835576142754,-7.481552513203265,1.0661777176733054,0.8233341784477501,9.771985527494909,0.008536718097561048,0.002113932559352986,0.14944381720201447,-54.78155515862252,-22.98132656425209,-57.875
1772919222.9670613,126.24424774027506,2.1550249101012384,-7.4981699244483515,1.0536299954673052,0.7929919988803596,9.798082240026622,0.010115219526653828,0.0036199141072211422,0.15707963267948966,-55.17815406510085,-22.927795663080975,-57.5
1772919223.052135,126.71397321247056,2.1722251010176903,-7.481550741520694,1.0452796265064532,0.7727996173226157,9.828829757526375,0.010369039110940014,0.014415604526584426,0.1341721862470641,-55.17815406510085,-22.927795663080975,-57.5
1772919223.1175632,127.16209097756376,2.202643027118989,-7.451977881848423,1.0351043476044877,0.7642024020731696,9.835911440120906,-0.0006079510114848291,0.006958216668468266,0.2083486794568231,-55.18854177291325,-23.369615304480497,-56.6875
1772919223.1401842,127.69391192591955,2.229882326794317,-7.4483425622479595,1.0600190298739232,0.7979581527622905,9.740270869560408,0.0003988593467354355,0.016964656373285158,0.12435470920459599,-55.18854177291325,-23.369615304480497,-56.6875
1772919223.1841335,127.92581318006437,2.231270091888341,-7.436001430735916,1.0627448676942397,0.8349439951101111,9.653207356276337,0.006821644884943494,0.02761530703019919,0.14289883250703572,-54.88653941940226,-23.68616044892885,-57.0
1772919223.2104306,127.92581318006437,2.231270091888341,-7.436001430735916,1.0627448676942397,0.8349439951101111,9.653207356276337,0.006821644884943494,0.02761530703019919,0.14289883250703572,-54.88653941940226,-23.68616044892885,-57.0
1772919223.2563498,128.22048236034578,2.236735651819461,-7.422625102335806,1.0542105416610574,0.8219448845017427,9.595267560748955,-0.004908336011415428,0.020947169886629424,0.13744467859455345,-54.88653941940226,-23.68616044892885,-57.0
1772919223.3043854,128.71286890407097,2.2193434138781747,-7.417890095032303,1.012893787094908,0.8070339815699731,9.563399497470046,0.025175035005335397,-0.012165100183706671,0.1461713248545251,-55.952654003995185,-22.025458506219604,-55.875
1772919223.3509295,129.15651594206543,2.190892573520663,-7.434769193534153,0.9936336081071835,0.7448652056243651,9.61912922661587,0.027796606733260756,0.0008895625574588485,0.1265363707695889,-55.952654003995185,-22.025458506219604,-55.875
1772919223.4002147,129.15651594206543,2.190892573520663,-7.434769193534153,0.9936336081071835,0.7448652056243651,9.61912922661587,0.027796606733260756,0.0008895625574588485,0.1265363707695889,-55.952654003995185,-22.025458506219604,-55.875
1772919223.4386766,129.79758375898575,2.1400606234669346,-7.461346541511442,0.9808161741411493,0.703492579703294,9.65621673882055,0.003483342323696373,0.016892136492060533,0.12326387842209953,-55.132933330179654,-22.884652469722262,-55.5
1772919223.4678977,129.79758375898575,2.1400606234669346,-7.461346541511442,0.9808161741411493,0.703492579703294,9.65621673882055,0.003483342323696373,0.016892136492060533,0.12326387842209953,-55.132933330179654,-22.884652469722262,-55.5
1772919223.500643,130.1346473945256,2.1262025841787904,-7.482104239868577,1.0182719115956067,0.719832474878728,9.680898063898109,-0.008818329643535067,0.0187244575054395,0.11126473981463851,-55.132933330179654,-22.884652469722262,-55.5
1772919223.5383968,130.1346473945256,2.1262025841787904,-7.482104239868577,1.0182719115956067,0.719832474878728,9.680898063898109,-0.008818329643535067,0.0187244575054395,0.11126473981463851,-55.132933330179654,-22.884652469722262,-55.5
1772919223.5744066,130.5912830275542,2.121353078218809,-7.458622206201801,1.1009517746132087,0.771936726120709,9.697323210028758,0.011512421252685048,-0.0025853117873130445,0.11671889372712078,-56.01449507141622,-22.77551312581755,-54.6875
1772919223.6286774,130.92870859165174,2.1081539546256987,-7.458588172851693,1.125955989208199,0.8380753525177052,9.698218626175843,0.004272593038242763,0.017645127265994612,0.08399397025222712,-56.01449507141622,-22.77551312581755,-54.6875
1772919223.6763098,131.18888519287452,2.096898759490376,-7.4600868402242355,1.1468806351310898,0.8630610943267846,9.698814515619272,0.013018402800553204,-0.004163813216405825,0.08399397025222712,-54.40891639198719,-20.293498147183673,-53.875
1772919223.7091193,131.18888519287452,2.096898759490376,-7.4600868402242355,1.1468806351310898,0.8630610943267846,9.698814515619272,0.013018402800553204,-0.004163813216405825,0.08399397025222712,-54.40891639198719,-20.293498147183673,-53.875
1772919223.7718284,131.53911448045278,2.0982983574839102,-7.474193676457456,1.1908546711751125,0.8689717453259889,9.671618747246201,0.0024765319654761085,0.006885696787243642,0.07090400086226964,-54.73010179901388,-22.673091586053662,-54.6875
1772919223.847019,131.80613284037724,2.0874244591086306,-7.482635838574489,1.0680466811177385,0.7543854683355636,9.66291952264976,0.003084482976960938,-7.251988122462455e-05,0.08835729338221293,-56.70478616515562,-22.05198136707847,-53.875
1772919223.8993466,131.93888021512518,2.0888141203032826,-7.5011810370055265,1.0842508856561404,0.7890047984654736,9.661942909710211,-0.002440272024863796,-0.005343455298763173,0.02399827721492203,-56.70478616515562,-22.05198136707847,-53.875
1772919223.9703174,132.0800124582755,2.077169335999062,-7.491466609816975,1.102295486433948,0.8189708784010497,9.661292984708421,-0.003084482976960938,7.251988122462455e-05,0.05126904677733343,-52.62758021490511,-21.617364709273144,-55.0625
1772919224.024405,132.1777359108152,2.0762175620923617,-7.517606424850471,1.1212312691375588,0.8316520861848027,9.664205578587188,0.009072149227821251,-0.007928767086076217,0.03490658503988659,-52.62758021490511,-21.617364709273144,-55.0625
1772919224.0459743,132.22109654417608,2.043423160055989,-7.56527543134365,1.1245964177237553,0.8497724665336197,9.73639122313141,0.0038374737508950164,-0.0008617705957710154,0.015271630954950384,-55.531609778220464,-22.91948549683105,-52.25
1772919224.090697,132.22109654417608,2.043423160055989,-7.56527543134365,1.1245964177237553,0.8497724665336197,9.73639122313141,0.0038374737508950164,-0.0008617705957710154,0.015271630954950384,-55.531609778220464,-22.91948549683105,-52.25
1772919224.1347182,132.32710135850235,2.036676860251179,-7.542364822267262,1.119241421633421,0.8407158886527636,9.8011555217457,-0.002794403452062439,0.012410451789068374,0.05890486225480862,-55.531609778220464,-22.91948549683105,-52.25
1772919224.1537366,132.32710135850235,2.036676860251179,-7.542364822267262,1.119241421633421,0.8407158886527636,9.8011555217457,-0.002794403452062439,0.012410451789068374,0.05890486225480862,-55.531609778220464,-22.91948549683105,-52.25
1772919224.1812222,132.37548576858703,2.032240907621426,-7.597298697612584,1.1350400880087335,0.8531616437946653,9.827529880472296,0.018180558396254817,-0.014315292683671967,0.02399827721492203,-55.76553843962297,-21.587793947945038,-52.375
1772919224.248505,132.41878792232197,2.0287182974558644,-7.5406491099558,1.1644715055024426,0.8609993798628083,9.74807348207169,0.002440272024863796,0.005343455298763173,0.04145156973486533,-55.76553843962297,-21.587793947945038,-52.375
1772919224.3016787,132.50187031404067,2.0410721047200195,-7.553263287527823,1.2186942973609198,0.8299108873112765,9.695196136522215,0.0044091648217675335,-0.00936222875271975,0.03381575425739013,-52.40147654029915,-21.401648742479583,-53.5625
1772919224.3718753,132.5860151275689,2.046832778167614,-7.530875986596492,1.2465432999968058,0.8614675794096638,9.77708576349387,-0.005379715239375485,0.0008980305363833273,0.02181661564992912,-52.40147654029915,-21.401648742479583,-53.5625
1772919224.4033918,132.67731256503197,2.0457182447873543,-7.528777200319763,1.2427378804580176,0.8380393212381514,9.831582395476435,0.011657461015134297,0.003583654166608831,0.05672320068981571,-52.351615542799614,-19.280914463761867,-51.1875
1772919224.4277391,132.67731256503197,2.0457182447873543,-7.528777200319763,1.2427378804580176,0.8380393212381514,9.831582395476435,0.011657461015134297,0.003583654166608831,0.05672320068981571,-52.351615542799614,-19.280914463761867,-51.1875
1772919224.4839642,132.84832325462594,2.0008224797747314,-7.539368813819772,1.228659912168646,0.8345495499196791,9.804292172854497,0.006495305419432686,0.013735133633874972,0.08835729338221293,-52.351615542799614,-19.280914463761867,-51.1875
1772919224.578661,133.1428119130091,1.9920485639808685,-7.56908733743814,1.1985092741611454,0.8540097971015151,9.786130834551358,0.021555120898114254,-0.0020498806570528384,0.08617563181722002,-51.252745472660386,-21.42865678279183,-50.75
1772919224.6074715,133.1428119130091,1.9920485639808685,-7.56908733743814,1.1985092741611454,0.8540097971015151,9.786130834551358,0.021555120898114254,-0.0020498806570528384,0.08617563181722002,-51.252745472660386,-21.42865678279183,-50.75
1772919224.683989,133.74041246045627,1.9614861760576787,-7.586640042819688,1.1661204240188476,0.8488207395223993,9.766025097135625,-0.002440272024863796,-0.005343455298763173,0.07308566242726255,-50.7511623054023,-20.777353799286185,-51.1875
1772919224.7116578,133.92879813004362,1.973978340612171,-7.590364676311975,1.1816228899938006,0.808507501982553,9.797460751912206,-0.0007892507145463906,-0.0007529907739340783,0.09381144729469522,-51.24859038953542,-21.251928926232022,-49.5625
1772919224.7698915,134.10950935396644,1.99315993458759,-7.608578148809892,1.2451860881753005,0.8324797107489261,9.825071052421388,-0.0005716910708725176,0.008500458156948736,0.08835729338221293,-51.24859038953542,-21.251928926232022,-49.5625
1772919224.807249,134.10950935396644,1.99315993458759,-7.608578148809892,1.2451860881753005,0.8324797107489261,9.825071052421388,-0.0005716910708725176,0.008500458156948736,0.08835729338221293,-51.24859038953542,-21.251928926232022,-49.5625
1772919224.9260075,134.4995397363894,2.0466984365382537,-7.552537125322323,1.195305977417913,0.8027704619423665,9.877958306089601,-0.015667766490166393,0.02274323095939608,-0.013089969389957472,-52.10314409045974,-19.994058514688547,-50.0
1772919224.9850845,134.4995397363894,2.0466984365382537,-7.552537125322323,1.195305977417913,0.8027704619423665,9.877958306089601,-0.015667766490166393,0.02274323095939608,-0.013089969389957472,-52.10314409045974,-19.994058514688547,-50.0
1772919225.043827,134.52224714337436,2.027009588414305,-7.531339798715372,1.151108913965796,0.7672056024739141,9.754872142339028,0.01854315780237794,0.0011071222011327232,0.032724923474893676,-53.38961490442457,-20.184843982732342,-47.1875
1772919225.0951045,134.48135385121108,2.0101351085069883,-7.524744878175119,1.1216962619519606,0.7435375857831706,9.672959675325561,-0.014705684051482922,-0.0019688927969037364,-0.04363323129985824,-53.38961490442457,-20.184843982732342,-47.1875
1772919225.1600618,134.42378173945608,2.0276469606114933,-7.547038301030005,1.1021224705976043,0.7277867850645509,9.705420747940614,-0.0056613267853495046,0.021736420601175813,-0.032724923474893676,-53.420292848408394,-19.60943967813172,-46.0
1772919225.267746,134.2591974622924,2.066094193572542,-7.591628498264775,1.11494121506584,0.7095991445133575,9.80061568671302,0.006768448986482225,-0.04027957840355375,-0.04254240051736178,-53.420292848408394,-19.60943967813172,-46.0
1772919225.3265681,134.2591974622924,2.066094193572542,-7.591628498264775,1.11494121506584,0.7095991445133575,9.80061568671302,0.006768448986482225,-0.04027957840355375,-0.04254240051736178,-53.420292848408394,-19.60943967813172,-46.0
1772919225.3669808,133.57159256121267,2.048468334990757,-7.687770737696276,1.1113704735308152,0.6859499688001656,9.82382551458108,0.014234304823522864,-0.01808024655334236,-0.0916297857297023,-52.65618061732646,-20.95359647639262,-45.1875
1772919225.4005096,133.37021137792843,2.0280152892117846,-7.65642330955061,1.1780707896970466,0.689881676537277,9.866032289415063,-0.012837103097491644,0.011875020658808171,-0.08072147790473774,-52.65618061732646,-20.95359647639262,-45.1875
1772919225.4565103,133.13952583858085,2.005496087588717,-7.702751258753896,1.18320439108918,0.7336431915814549,9.867359532927956,0.020258231014995493,-0.024394252269713486,-0.10799224746714914,-51.32656661000293,-20.808031743270014,-44.0
1772919225.4888003,132.99291069943905,1.9884466439998574,-7.733137504925475,1.255474962764255,0.7729771702390368,9.801340564513117,-0.0018685809539912789,-0.013843913455711909,-0.05890486225480862,-51.32656661000293,-20.808031743270014,-44.0
1772919225.56268,132.99291069943905,1.9884466439998574,-7.733137504925475,1.255474962764255,0.7729771702390368,9.801340564513117,-0.0018685809539912789,-0.013843913455711909,-0.05890486225480862,-51.32656661000293,-20.808031743270014,-44.0
1772919225.5921881,132.99291069943905,1.9884466439998574,-7.733137504925475,1.255474962764255,0.7729771702390368,9.801340564513117,-0.0018685809539912789,-0.013843913455711909,-0.05890486225480862,-51.32656661000293,-20.808031743270014,-44.0
1772919225.6479895,132.12603483122493,1.9436434376086602,-7.762016272891415,1.3555562307764517,0.9264727814497229,9.754928396323713,-0.024639603875075192,0.0021224005382774664,-0.1308996938995747,-51.51527453648424,-19.433197001025288,-42.375
1772919225.6681392,132.12603483122493,1.9436434376086602,-7.762016272891415,1.3555562307764517,0.9264727814497229,9.754928396323713,-0.024639603875075192,0.0021224005382774664,-0.1308996938995747,-51.51527453648424,-19.433197001025288,-42.375
1772919225.704815,131.93070208551785,1.9304552458800104,-7.7581523045296965,1.250270396317655,0.8331420210514279,9.783385798065511,-0.014133992980610407,-0.010469350953852471,-0.12326387842209953,-51.51527453648424,-19.433197001025288,-42.375
1772919225.767405,131.47864073767445,1.8791680400259994,-7.7443277916641655,1.180203849605159,0.7710314425792684,9.802323881034672,-0.00563353482366167,-0.009897659882979954,-0.09490227807719166,-50.2412689718943,-19.772595102660922,-41.25
1772919225.8190777,131.3456640183749,1.8772772028879319,-7.739490960865924,1.1335753454626043,0.7296975464266688,9.8149269636984,-0.014460332446121216,-0.02434952435017669,-0.07635815477475191,-50.2412689718943,-19.772595102660922,-41.25
1772919225.885593,131.0618724805357,1.8310209573999392,-7.7016797685500835,1.239167061714663,0.7770563024463498,9.796553280766897,-0.022062760066686622,-0.019541500181673725,-0.11126473981463851,-49.45014870050012,-19.968020833283056,-40.875
1772919226.0011618,130.7048151829002,1.8130696647561633,-7.742301756994,1.3094371693436508,0.8085730255454789,9.784325800023469,-0.003555862204920997,-0.01997661946902147,-0.08835729338221293,-47.723935786698256,-19.87598700133157,-39.25
1772919226.0693614,130.18365227560784,1.7431861810078761,-7.73541243264253,1.3005343661963704,0.7764377338631872,9.776188548178627,-0.0027303515497622954,-0.017681387206606922,-0.09708393964218458,-47.119931079676284,-20.509077290228266,-41.25
1772919226.1295755,129.6658119578012,1.7224909296982944,-7.7370013984769015,1.2558849372442749,0.718106443117336,9.780808633096903,-0.007819987264239282,-0.004445424762379846,-0.10471975511965978,-47.119931079676284,-20.509077290228266,-41.25
1772919226.1752167,129.20463789829006,1.6904452348665326,-7.7645890676664635,1.2672050547709912,0.7138129392784244,9.787228359707605,-0.013988953218161158,-0.004300384999930597,-0.13853550937704992,-44.71540714205653,-19.7698955578961,-39.25
1772919226.2473023,128.63387871009712,1.6239644734527892,-7.7645339383044965,1.323255551404182,0.7618670721936296,9.80153595117594,-0.003483342323696373,-0.016892136492060533,-0.14180800172453928,-44.71540714205653,-19.7698955578961,-39.25
1772919226.2888613,128.43142848505067,1.6029761107243055,-7.774377690591812,1.3351564217781118,0.8204698009733917,9.811057493471846,-0.006168965953921876,0.0001450397624492491,-0.11344640137963143,-44.791305820961554,-19.237634446654187,-40.875
1772919226.3553388,128.09008126661942,1.5657513431309256,-7.778295247405208,1.3237139616163256,0.8409964557879418,9.817393973507176,-0.003447082383084061,-0.015349895003580066,-0.13853550937704992,-44.791305820961554,-19.237634446654187,-40.875
1772919226.423839,127.60344061814212,1.5072045858884324,-7.734357705765038,1.313790031380186,0.8570770098260417,9.824955941894888,-0.01075943047875097,0.0017960610727666545,-0.10035643198967395,-42.0520240442845,-19.302038235091086,-38.875
1772919226.4515555,127.60344061814212,1.5072045858884324,-7.734357705765038,1.313790031380186,0.8570770098260417,9.824955941894888,-0.01075943047875097,0.0017960610727666545,-0.10035643198967395,-42.0520240442845,-19.302038235091086,-38.875
1772919226.4994218,127.29636576241523,1.4786378423729014,-7.7517368713816746,1.293331161750844,0.8823002062474917,9.82998834738419,-0.002585311787313045,-0.011512421252685048,-0.12762720155208535,-42.0520240442845,-19.302038235091086,-38.875
1772919226.5379765,126.74099339834541,1.4830252343097545,-7.761535965719353,1.221740136928103,0.8483969374212794,9.833337357021666,-0.0021224005382774664,-0.02463960387507519,-0.12217304763960307,-40.210439161890484,-18.063350877063314,-38.0625
1772919226.5646343,126.55179129423935,1.4684873979954702,-7.791999657771181,1.149782970327312,0.798014287174602,9.902468319670906,0.010251791310178596,-0.02338744191149322,-0.1189005552921137,-40.210439161890484,-18.063350877063314,-38.0625
1772919226.617053,126.06854923321087,1.4504533090144252,-7.784917182438293,1.0960527547794836,0.7084443855044232,9.865356806504716,-0.010369039110940014,-0.014415604526584426,-0.12217304763960307,-38.66718672933587,-18.23225374682658,-38.5
1772919226.6765428,125.74069718882451,1.4131777937559817,-7.8019091333730035,1.1192747080388707,0.7509482498912452,9.766556655377176,-0.011621201074521985,-0.0020414126781283606,-0.1538071403320003,-38.66718672933587,-18.23225374682658,-38.5
1772919226.706591,125.74069718882451,1.4131777937559817,-7.8019091333730035,1.1192747080388707,0.7509482498912452,9.766556655377176,-0.011621201074521985,-0.0020414126781283606,-0.1538071403320003,-38.66718672933587,-18.23225374682658,-38.5
1772919226.7344148,125.39824000455326,1.3913006940311479,-7.7849977488889275,1.1685015885839853,0.8068321129332617,9.734257375544997,-0.014959503635769108,-0.01276458321626702,-0.12544553998709243,-38.16975864520275,-17.757678619880746,-38.5
1772919226.751113,125.26587468618813,1.3678533108263229,-7.7928315788931934,1.169797698448391,0.8140038888754325,9.712762565623278,-0.007747467383014657,-0.001360941785418908,-0.11017390903214205,-38.16975864520275,-17.757678619880746,-38.5
1772919226.778444,125.05488367596298,1.3653438695542024,-7.824110098038025,1.1946408031771132,0.8324088430904174,9.731909126806327,-0.010868210300587907,-0.0028306633926747523,-0.1407171709420428,-38.16975864520275,-17.757678619880746,-38.5
1772919226.7982233,125.05488367596298,1.3653438695542024,-7.824110098038025,1.1946408031771132,0.8324088430904174,9.731909126806327,-0.010868210300587907,-0.0028306633926747523,-0.1407171709420428,-38.16975864520275,-17.757678619880746,-38.5
1772919226.8544793,124.85133792097942,1.34987792634486,-7.847774531738821,1.2198540464466703,0.8113289794170708,9.794827625002336,-0.013163442563002455,-0.002005152737516049,-0.12217304763960307,-36.03655911711015,-17.27735604770085,-38.5
1772919226.8880363,124.28513190942662,1.3063030859542337,-7.825751232198039,1.2158512708200453,0.8190832166309445,9.786522507096311,-0.004880544049727592,-0.010686910597526345,-0.13853550937704992,-36.03655911711015,-17.27735604770085,-38.5
1772919226.9333642,124.02501127532013,1.3013006180954585,-7.843739909183086,1.1668682905627767,0.7661824731851745,9.834517331221207,-0.016538005064861888,-0.014270564764135175,-0.12217304763960307,-34.17676154010719,-17.14425656395313,-38.875
1772919227.0121021,123.70957071629716,1.2772569984985758,-7.875170323532659,1.1342706643773066,0.7309776193620392,9.75941377590479,0.005270935417538549,-0.005524755001824734,-0.1341721862470641,-34.17676154010719,-17.14425656395313,-38.875
1772919227.046786,123.3546498706179,1.2273770579142065,-7.848537367540553,1.16098319942573,0.7537311987892465,9.64922118807165,-0.03191569203012979,0.020810598103104653,-0.13308135546456762,-32.63143156599009,-17.224795505436493,-39.25
1772919227.0864575,123.10910843022882,1.2194327493848827,-7.830853661859386,1.1787600931018873,0.7688734517239166,9.575889251800556,-0.005415975179987797,-0.0006442109520971412,-0.12544553998709243,-32.63143156599009,-17.224795505436493,-39.25
1772919227.1254432,123.10910843022882,1.2194327493848827,-7.830853661859386,1.1787600931018873,0.7688734517239166,9.575889251800556,-0.005415975179987797,-0.0006442109520971412,-0.12544553998709243,-32.63143156599009,-17.224795505436493,-39.25
1772919227.18523,122.59034216027116,1.1832463499666805,-7.843240810314746,1.0979780293506045,0.764565845970402,9.624095906895807,-0.020657090361730926,0.007429595896428325,-0.12435470920459599,-30.987349955780694,-16.86559234708281,-39.25
1772919227.248777,121.8815843757927,1.1423322655025325,-7.84413778334998,1.113491492892684,0.6890903457572826,9.692973126138588,-0.005524755001824734,-0.005270935417538549,-0.13526301702956053,-29.91659510860943,-16.448703204433052,-40.5
1772919227.2882676,121.8815843757927,1.1423322655025325,-7.84413778334998,1.113491492892684,0.6890903457572826,9.692973126138588,-0.005524755001824734,-0.005270935417538549,-0.13526301702956053,-29.91659510860943,-16.448703204433052,-40.5
1772919227.3932278,120.8352831855791,1.0759625286653545,-7.868865491703725,1.0381504479485912,0.6233571232408548,9.744826691698103,-0.004735504287278344,-0.00451794464360447,-0.10581058590215622,-27.48714067223991,-14.649154332742022,-40.0625
1772919227.4279122,120.8352831855791,1.0759625286653545,-7.868865491703725,1.0381504479485912,0.6233571232408548,9.744826691698103,-0.004735504287278344,-0.00451794464360447,-0.10581058590215622,-27.48714067223991,-14.649154332742022,-40.0625
1772919227.4769015,120.41469923892983,1.032308002396689,-7.878155176975183,1.026716533241453,0.6104176416897577,9.846910572334309,0.0012159020229696581,-0.013916433336936531,-0.11235557059713497,-27.48714067223991,-14.649154332742022,-40.0625
1772919227.5433748,120.19756121018314,1.0042766244646046,-7.8717101726676795,1.0405564605270792,0.6084002825054114,9.914846254546038,0.00042665130842326767,-0.01466942411087061,-0.08726646259971647,-27.737689666142263,-14.024374210095248,-42.5
1772919227.638142,119.2341781487472,0.9344638900156538,-7.907687481135563,1.0512860982130205,0.6109963507576672,9.84189894097906,0.009607580358081458,-0.01797146673150542,-0.1407171709420428,-25.84305906203051,-14.28995117438834,-43.6875
1772919227.7043715,119.2341781487472,0.9344638900156538,-7.907687481135563,1.0512860982130205,0.6109963507576672,9.84189894097906,0.009607580358081458,-0.01797146673150542,-0.1407171709420428,-25.84305906203051,-14.28995117438834,-43.6875
1772919227.7567594,118.77704793574262,0.9257681905053191,-7.843322451327117,1.0230231077607763,0.5764579954577381,9.794432160106533,-0.009861399942367642,0.0071757763121421386,-0.1090830782496456,-25.84305906203051,-14.28995117438834,-43.6875
1772919227.7880676,118.33013430333997,0.9293734588818371,-7.9080884405024765,1.0477797053550568,0.595036920568611,9.796294664747744,-0.010006439704816893,0.0010068103582202637,-0.10799224746714914,-24.19689991025863,-13.842384087754752,-45.1875
1772919227.8541324,117.81000001141857,0.8824209036845232,-7.88950877884128,1.0182693479260008,0.5635280721263117,9.820949922732167,-0.0009342904769956394,-0.006921956727855954,-0.10253809355466686,-23.115757355274965,-12.983675303705471,-45.6875
1772919227.947059,117.3968971197463,0.8221889172969812,-7.866831219070972,1.0423070304688644,0.5888524955850298,9.813941939552286,-0.005307195358150861,0.0039825135133442656,-0.136353847812057,-23.115757355274965,-12.983675303705471,-45.6875
1772919228.0164776,116.99472810555719,0.8034896250013212,-7.8567554893129445,1.0849270798071626,0.6311057255148462,9.759101529420587,-0.01918736875447508,0.004308852978855074,-0.1090830782496456,-22.583496244033054,-12.907776624800448,-46.875
1772919228.0823321,116.67650674887233,0.7865166988664161,-7.873954325816534,1.10405384326815,0.6689059562607359,9.722605849085461,-0.010260259289103077,-0.00978888006114302,-0.12217304763960307,-22.583496244033054,-12.907776624800448,-46.875
1772919228.1096635,116.67650674887233,0.7865166988664161,-7.873954325816534,1.10405384326815,0.6689059562607359,9.722605849085461,-0.010260259289103077,-0.00978888006114302,-0.12217304763960307,-22.583496244033054,-12.907776624800448,-46.875
1772919228.1334558,116.67650674887233,0.7865166988664161,-7.873954325816534,1.10405384326815,0.6689059562607359,9.722605849085461,-0.010260259289103077,-0.00978888006114302,-0.12217304763960307,-22.583496244033054,-12.907776624800448,-46.875
1772919228.2206297,116.02722201014107,0.8409682623500724,-7.879535408423561,1.1313042580321424,0.7079161924806363,9.721734163457134,0.001542241488480469,-3.6259940612312275e-05,-0.0818123086872342,-22.291396418881096,-11.765278181849128,-48.375
1772919228.2702017,115.36640783177053,0.7447761999039224,-7.8903403845613145,1.189060658881688,0.7466406259667124,9.720768018303321,0.017854218930744004,-0.028195466079996186,-0.12762720155208535,-22.291396418881096,-11.765278181849128,-48.375
1772919228.3004088,115.36640783177053,0.7447761999039224,-7.8903403845613145,1.189060658881688,0.7466406259667124,9.720768018303321,0.017854218930744004,-0.028195466079996186,-0.12762720155208535,-22.291396418881096,-11.765278181849128,-48.375
1772919228.3296216,115.16404691400263,0.7053645618084412,-7.873055817461585,1.1415821341144334,0.8033242425764144,9.763997559796685,-0.001542241488480469,3.6259940612312275e-05,-0.08835729338221293,-22.083505438884078,-10.443974340775515,-50.0
1772919228.3602583,115.03789761294787,0.683868825606725,-7.822267927970871,1.1099857062516982,0.8410465562326847,9.859668570901288,-0.009281240892570645,0.03185164012782964,-0.07417649320975901,-22.083505438884078,-10.443974340775515,-50.0
1772919228.3751762,115.03789761294787,0.683868825606725,-7.822267927970871,1.1099857062516982,0.8410465562326847,9.859668570901288,-0.009281240892570645,0.03185164012782964,-0.07417649320975901,-22.083505438884078,-10.443974340775515,-50.0
1772919228.3946419,114.80703503795846,0.6369607249158998,-7.839502689212002,0.9953455049135768,0.8092011702704767,9.923336560076182,-0.0030397550574241456,0.03479108334234133,-0.08399397025222712,-21.432202455378434,-10.945557508033597,-51.5
1772919228.4370687,114.80703503795846,0.6369607249158998,-7.839502689212002,0.9953455049135768,0.8092011702704767,9.923336560076182,-0.0030397550574241456,0.03479108334234133,-0.08399397025222712,-21.432202455378434,-10.945557508033597,-51.5
1772919228.4944706,114.59468222290397,0.6258916415220649,-7.8200212832359535,0.9952540585691716,0.708138701275306,9.81852198053198,-0.03793961822160242,0.027124603819475776,-0.06217735460229799,-21.432202455378434,-10.945557508033597,-51.5
1772919228.5335798,114.19791540438352,0.6137561571016943,-7.817386835403185,1.0442662556098998,0.7154411457386978,9.748769048700884,-0.01578501429092781,-0.015059815478681566,-0.08835729338221293,-21.662461213109356,-11.338001331386966,-52.25
1772919228.5605478,114.19791540438352,0.6137561571016943,-7.817386835403185,1.0442662556098998,0.7154411457386978,9.748769048700884,-0.01578501429092781,-0.015059815478681566,-0.08835729338221293,-21.662461213109356,-11.338001331386966,-52.25
1772919228.5910876,113.91342156803132,0.6129398844850746,-7.793823236940444,1.1059268599196952,0.7480100507849469,9.822773273222092,-0.004345112919467389,-0.02072961024295555,-0.10035643198967395,-21.662461213109356,-11.338001331386966,-52.25
1772919228.6776993,113.35293090760337,0.5853633683746603,-7.777377203778769,1.1307975975599007,0.7866263551721463,9.872022257959602,-0.028259517982296336,0.012237620064931294,-0.10690141668465268,-21.34591606866101,-11.03599897787598,-53.5
1772919228.7221088,113.0832404822241,0.568287324767114,-7.771937500176219,1.1183052609538082,0.7846158645399313,9.804443555935626,0.0038012138102827037,-0.002404012084251484,-0.1265363707695889,-21.34591606866101,-11.03599897787598,-53.5
1772919228.7820456,112.73793427628807,0.531752093351194,-7.728190326966556,1.1022860918700725,0.7574330215218605,9.759470684642235,-0.01420651286183503,-0.01355383393081341,-0.07417649320975901,-20.577163575000732,-10.302564690777874,-56.25
1772919228.8120067,112.54559372219494,0.5274073369082626,-7.759065433070734,1.1247312814220003,0.7385647869820403,9.786408640200802,0.00874580976231044,-0.021808940482400438,-0.10035643198967395,-20.577163575000732,-10.302564690777874,-56.25
1772919228.8444126,112.38253332360208,0.5202212132128033,-7.739093203706371,1.1647348321370492,0.6851967614155455,9.834441554074223,-0.002630039706849833,-0.04623098471380176,-0.07963064712224129,-21.35374105545755,-9.488591462196407,-56.6875
1772919228.867619,112.38253332360208,0.5202212132128033,-7.739093203706371,1.1647348321370492,0.6851967614155455,9.834441554074223,-0.002630039706849833,-0.04623098471380176,-0.07963064712224129,-21.35374105545755,-9.488591462196407,-56.6875
1772919228.8911848,112.21930295520895,0.516991107850569,-7.698532254825971,1.1821203449924689,0.6593621147880527,9.866406921694178,-0.01993189154948468,0.038274425666037705,-0.10035643198967395,-21.35374105545755,-9.488591462196407,-56.6875
1772919228.908349,112.21930295520895,0.516991107850569,-7.698532254825971,1.1821203449924689,0.6593621147880527,9.866406921694178,-0.01993189154948468,0.038274425666037705,-0.10035643198967395,-21.35374105545755,-9.488591462196407,-56.6875
1772919228.9386666,111.9128879749527,0.4937533359522352,-7.7139638891258056,1.1936902095888469,0.6421694460493688,9.834157729451597,0.006776916965406705,-0.007103256430917515,-0.12435470920459599,-21.625065464984708,-9.74745062234868,-56.25
1772919228.9528153,111.81337838150995,0.5007899491593494,-7.71671265318788,1.2767525377068694,0.716498228579077,9.759174464944131,-0.008754277741234922,-0.0113673814902358,-0.0916297857297023,-21.625065464984708,-9.74745062234868,-56.25
1772919228.9721553,111.81337838150995,0.5007899491593494,-7.71671265318788,1.2767525377068694,0.716498228579077,9.759174464944131,-0.008754277741234922,-0.0113673814902358,-0.0916297857297023,-21.625065464984708,-9.74745062234868,-56.25
1772919229.0005813,111.54112252509618,0.5235352625434402,-7.690154031862098,1.3320295892024117,0.7659632030456929,9.709273940032359,-0.013272222384839391,-0.006631877202957456,-0.12326387842209953,-21.625065464984708,-9.74745062234868,-56.25
1772919229.0311968,111.28764675744418,1.3798302826465796,-7.863482196381361,1.2865258345572037,0.7203721631429733,9.729587485446073,-0.00484428410911528,-0.009144669109045878,-0.1189005552921137,-21.252911877802767,-8.960485434079459,-56.6875
1772919229.0499907,111.17077109202735,0.4904226922442055,-7.69763624859865,1.2239161826832998,0.7239159591678558,9.743105923001728,-0.00018129970306156136,-0.007711207442402344,-0.09381144729469522,-21.252911877802767,-8.960485434079459,-56.6875
1772919229.0775993,111.17077109202735,0.4904226922442055,-7.69763624859865,1.2239161826832998,0.7239159591678558,9.743105923001728,-0.00018129970306156136,-0.007711207442402344,-0.09381144729469522,-21.252911877802767,-8.960485434079459,-56.6875
1772919229.1361794,111.00047305638945,0.4885694194261879,-7.6856793880897945,1.177631957118603,0.7311149049491706,9.7219962868183,-0.016928396432672847,0.0019411008352159052,-0.10253809355466686,-21.252911877802767,-8.960485434079459,-56.6875
1772919229.1536365,110.58308915239867,0.5195487178321032,-7.7137671981447475,1.2046950039212865,0.7818653518563621,9.707948059748317,-0.010614390716301722,0.007965027026688531,-0.12544553998709243,-20.724805849685815,-9.061314611734245,-59.5
1772919229.1660626,-103.39068691508855,3.6618097329136714,-0.8556516551525986,1.104889082135979,0.7355990348475983,9.65176755765975,-0.028259517982296336,0.012237620064931294,-0.12762720155208535,-20.724805849685815,-9.061314611734245,-59.5
1772919229.1798177,-103.39068691508855,3.6618097329136714,-0.8556516551525986,1.104889082135979,0.7355990348475983,9.65176755765975,-0.028259517982296336,0.012237620064931294,-0.12762720155208535,-20.724805849685815,-9.061314611734245,-59.5
1772919229.195596,110.27758917897532,0.4854634308108347,-7.676791129156731,1.0358266740609803,0.6930414261359622,9.614380061097139,-0.017572607384769987,0.007357076015203701,-0.09053895494720585,-20.724805849685815,-9.061314611734245,-59.5
1772919229.2140596,110.27758917897532,0.4854634308108347,-7.676791129156731,1.0358266740609803,0.6930414261359622,9.614380061097139,-0.017572607384769987,0.007357076015203701,-0.09053895494720585,-20.724805849685815,-9.061314611734245,-59.5
1772919229.260181,109.71549767111301,0.4423283488528622,-7.6705563870809765,0.9703982060406084,0.6148693599122457,9.71335304971901,-0.02657223673136662,0.018370326078240858,-0.14180800172453928,-22.025819454588,-9.870647577737374,-60.1875
1772919229.3403838,109.35634133056786,0.44914213869004965,-7.62870021496649,0.9525846384125168,0.5770599201795856,9.755717869327134,0.007529907739340783,-0.007892507145463905,-0.10253809355466686,-21.538779078267286,-9.837892092191066,-60.1875
1772919229.3619564,109.35634133056786,0.44914213869004965,-7.62870021496649,0.9525846384125168,0.5770599201795856,9.755717869327134,0.007529907739340783,-0.007892507145463905,-0.10253809355466686,-21.538779078267286,-9.837892092191066,-60.1875
1772919229.3874311,109.07230587072104,0.42035419165636906,-7.641640335151972,0.9771455202358927,0.5912640680594071,9.783911183530297,-0.012837103097491644,0.011875020658808171,-0.13744467859455345,-21.538779078267286,-9.837892092191066,-60.1875
1772919229.4128928,108.87132740738322,0.4251331347533463,-7.624855702522297,0.96600369037211,0.6392190952358088,9.732426173338839,-0.03152530066231883,0.0045989325037535745,-0.13962634015954636,-20.95090952429178,-9.277030578527807,-61.0
1772919229.440805,108.87132740738322,0.4251331347533463,-7.624855702522297,0.96600369037211,0.6392190952358088,9.732426173338839,-0.03152530066231883,0.0045989325037535745,-0.13962634015954636,-20.95090952429178,-9.277030578527807,-61.0
1772919229.4707074,108.52025006775607,0.41163226275156395,-7.614088699695427,1.0699224766718298,0.7773512678087441,9.698163474181671,-0.01169372095574661,-0.005125895655089299,-0.1461713248545251,-20.95090952429178,-9.277030578527807,-61.0
1772919229.4884863,108.52025006775607,0.41163226275156395,-7.614088699695427,1.0699224766718298,0.7773512678087441,9.698163474181671,-0.01169372095574661,-0.005125895655089299,-0.1461713248545251,-20.95090952429178,-9.277030578527807,-61.0
1772919229.5064666,108.23863263809197,0.42708745320291197,-7.622869164736691,1.1621702762966477,0.8450737400508058,9.678707142339324,-0.0003988593467354355,-0.016964656373285158,-0.11562806294462433,-20.940521816479375,-8.835210937128283,-61.375
1772919229.5208724,108.08884242686258,0.4285775634415465,-7.604208167888152,1.16063249799536,0.8301056675210395,9.665759170839708,-0.013127182622390142,-0.00046291124903557996,-0.13199052468207118,-20.940521816479375,-8.835210937128283,-61.375
1772919229.533745,107.95050928374647,0.43834422584325805,-7.616487180118702,1.1780819302669694,0.800782226002602,9.657142440445034,-0.004236333097630452,-0.016102885777514144,-0.12217304763960307,-20.940521816479375,-8.835210937128283,-61.375
1772919229.5515437,107.95050928374647,0.43834422584325805,-7.616487180118702,1.1780819302669694,0.800782226002602,9.657142440445034,-0.004236333097630452,-0.016102885777514144,-0.12217304763960307,-20.940521816479375,-8.835210937128283,-61.375
1772919229.5826313,107.73460235408902,0.43763756394299835,-7.620486854626729,1.0870671851688931,0.7434586079006893,9.641372767500604,-0.016102885777514144,0.004236333097630451,-0.1308996938995747,-21.785172989044675,-9.036384112984479,-62.5625
1772919229.6170683,107.4525960243933,0.45822921464573313,-7.637817275673111,1.0170390982556405,0.7055327678759371,9.61415266777828,-0.008391678335111799,0.00405503339456889,-0.11671889372712078,-21.785172989044675,-9.036384112984479,-62.5625
1772919229.6463974,107.1197620518076,0.47695268171841904,-7.648827196936179,0.9704361886798581,0.680293544998857,9.59603799548151,-0.008645497919397983,-0.006740657024794393,-0.13853550937704992,-22.315356558724105,-9.023918863609598,-64.1875
1772919229.6850526,107.1197620518076,0.47695268171841904,-7.648827196936179,0.9704361886798581,0.680293544998857,9.59603799548151,-0.008645497919397983,-0.006740657024794393,-0.13853550937704992,-22.315356558724105,-9.023918863609598,-64.1875
1772919229.704142,106.83035078923488,0.5069465289857541,-7.654329727477063,1.0287509840711793,0.7394750636706106,9.650885117568546,-0.01262801143274225,-0.012047852382945253,-0.13526301702956053,-22.315356558724105,-9.023918863609598,-64.1875
1772919229.7233095,106.83035078923488,0.5069465289857541,-7.654329727477063,1.0287509840711793,0.7394750636706106,9.650885117568546,-0.01262801143274225,-0.012047852382945253,-0.13526301702956053,-22.315356558724105,-9.023918863609598,-64.1875
1772919229.763714,106.83035078923488,0.5069465289857541,-7.654329727477063,1.0287509840711793,0.7394750636706106,9.650885117568546,-0.01262801143274225,-0.012047852382945253,-0.13526301702956053,-22.315356558724105,-9.023918863609598,-64.1875
1772919229.8023648,106.12309366066968,0.5056251846889864,-7.675856425943888,1.076612673371311,0.7305768202533709,9.720580242669815,-0.023850353160528803,0.0028753913122115437,-0.14508049407202864,-21.501383330142634,-8.247341383152778,-63.0
1772919229.8183272,106.12309366066968,0.5056251846889864,-7.675856425943888,1.076612673371311,0.7305768202533709,9.720580242669815,-0.023850353160528803,0.0028753913122115437,-0.14508049407202864,-21.501383330142634,-8.247341383152778,-63.0
1772919229.8626304,105.73482754540663,0.49309454123260715,-7.623198447111675,1.067279256900314,0.7145433387474547,9.733766591844304,-0.015241115181743127,0.008073806848525466,-0.11235557059713497,-21.501383330142634,-8.247341383152778,-64.1875
1772919229.8923674,105.54022662931122,0.47672169878985965,-7.666456952989412,1.111894158192244,0.7523643531126363,9.742541959918755,0.0026131037490008785,-0.020121659231470718,-0.13962634015954636,-21.501383330142634,-8.247341383152778,-64.1875
1772919229.938997,105.54022662931122,0.47672169878985965,-7.666456952989412,1.111894158192244,0.7523643531126363,9.742541959918755,0.0026131037490008785,-0.020121659231470718,-0.13962634015954636,-21.501383330142634,-8.247341383152778,-64.1875
1772919229.9842913,104.94600480085346,0.4877608938167688,-7.696297751800108,1.1415848766209207,0.7775338156842515,9.748381869345017,-0.015168595300518506,0.011158289825486405,-0.1308996938995747,-22.146453688960836,-7.480666431054983,-65.0
1772919230.0289931,104.61165673493923,0.5024747340165848,-7.721768671385818,1.2278888345437171,0.8069152856649529,9.762303598954091,0.004119085296869038,-0.021700160660563503,-0.10581058590215622,-22.146453688960836,-7.480666431054983,-65.0
1772919230.0659008,104.27358651995928,0.5457201007206872,-7.748126636283049,1.1462803950217753,0.7492932227260967,9.77156835449302,-7.251988122462452e-05,-0.003084482976960938,-0.10253809355466686,-22.643881773093955,-7.955241558000816,-66.5625
1772919230.1032236,104.0634074961489,0.5621573815647344,-7.7424604398487205,1.207922641395849,0.8123244320871494,9.714176823371007,0.010650650656914033,-0.006422785538208061,-0.11453723216212788,-22.643881773093955,-7.955241558000816,-66.5625
1772919230.1442642,103.91055881475967,0.5586039553243866,-7.745194614089797,1.0937384025937193,0.7940379567111271,9.672638288807399,-0.02263445113755914,-0.011041042024724989,-0.13962634015954636,-22.643881773093955,-7.955241558000816,-66.5625
1772919230.1706707,103.67985201110596,0.5515535525286219,-7.741124501620097,1.1850580051513682,0.853647056818388,9.644994858071152,-0.00871801780062261,-0.009825140001755332,-0.09381144729469522,-22.915206182621112,-8.21410071815309,-67.375
1772919230.216695,103.3956103240896,0.5544689377490535,-7.741427819121259,1.1433994529985654,0.7632282450278915,9.589802234933021,-0.008073806848525466,-0.015241115181743127,-0.11780972450961724,-22.915206182621112,-8.21410071815309,-67.375
1772919230.2874494,103.3956103240896,0.5544689377490535,-7.741427819121259,1.1433994529985654,0.7632282450278915,9.589802234933021,-0.008073806848525466,-0.015241115181743127,-0.11780972450961724,-22.915206182621112,-8.21410071815309,-67.375
1772919230.3075938,102.78681402550336,0.528654008017614,-7.741274552606256,1.139879097465149,0.7261465440168846,9.56979771931319,0.004336644940542908,-0.012446711729680687,-0.12435470920459599,-22.86534518512158,-6.093366439435373,-68.5625
1772919230.325083,102.78681402550336,0.528654008017614,-7.741274552606256,1.139879097465149,0.7261465440168846,9.56979771931319,0.004336644940542908,-0.012446711729680687,-0.12435470920459599,-22.86534518512158,-6.093366439435373,-68.5625
1772919230.3414326,102.58659182232373,0.49782188741600114,-7.75155116533954,1.1167544328104748,0.7232517372347806,9.529724043974719,-0.01886102928896427,0.018189026375179298,-0.11999138607461016,-22.86534518512158,-6.093366439435373,-68.5625
1772919230.3731837,102.3483372298531,0.4776306206993722,-7.715112193277565,1.1183072886996477,0.7374889813922826,9.529816354347806,-0.007103256430917515,-0.006776916965406705,-0.09817477042468103,-22.812299463403843,-7.597630761756236,-67.375
1772919230.4176164,102.09462618855044,0.4548080064163403,-7.736365091043497,1.1286882939615086,0.7420119254874616,9.610160466845587,0.021582912859802086,-0.033683961141208606,-0.11453723216212788,-22.812299463403843,-7.597630761756236,-67.375
1772919230.4638605,101.75424310664057,0.433708766751843,-7.730810595719035,1.1331764424430744,0.7427127934390811,9.663628576210316,-0.007175776312142139,-0.009861399942367642,-0.10471975511965978,-22.314871379270723,-7.123055634810402,-69.375
1772919230.5897686,100.8567018214634,0.42013452677907137,-7.747908671266605,1.0058614269912372,0.6480943897477908,9.682749374580132,-0.013272222384839391,-0.006631877202957456,-0.11671889372712078,-23.43084696136318,-7.583087970818873,-69.75
1772919230.6711013,100.44681376584569,0.41324801963342117,-7.777585525682073,1.0351616350688335,0.6924243890534733,9.718625906851065,0.011902812620496004,-0.018796977386664124,-0.10035643198967395,-23.43084696136318,-7.583087970818873,-69.75
1772919230.6931756,100.27745972726056,0.42724662898170146,-7.742146052190905,1.0949160538036906,0.7233450593107956,9.782642678798078,0.000680470892709454,-0.0038737336915073287,-0.10035643198967395,-23.091448859727546,-6.309082406228934,-70.5625
1772919230.711236,100.27745972726056,0.42724662898170146,-7.742146052190905,1.0949160538036906,0.7233450593107956,9.782642678798078,0.000680470892709454,-0.0038737336915073287,-0.10035643198967395,-23.091448859727546,-6.309082406228934,-70.5625
1772919230.7495203,100.05934928129952,0.40577593169616716,-7.7409174650881845,1.140363805615262,0.7793990746197191,9.81011012554226,-0.022344371612660643,0.0012968898831187603,-0.11017390903214205,-23.33001778370839,-7.054981942701925,-69.6875
1772919230.7828183,99.72412416784805,0.4093237341342648,-7.727723332606581,1.140363805615262,0.7793990746197191,9.81011012554226,-0.022344371612660643,0.0012968898831187603,-0.11017390903214205,-23.33001778370839,-7.054981942701925,-69.6875
1772919230.8545146,99.60737959303933,0.39884302929392657,-7.712798309589772,1.1731885504262647,0.8307176018247252,9.743171053171803,-0.010006439704816893,0.0010068103582202637,-0.06217735460229799,-23.33001778370839,-7.054981942701925,-69.6875
1772919230.9237401,98.98178327515112,0.3382450894782083,-7.679634808558671,1.1627056399537983,0.8987536322090026,9.755490747292127,-0.03342167357799795,0.02238909953219743,-0.14289883250703572,-23.588876943860665,-6.783657533174768,-72.875
1772919230.951255,98.75485120417187,0.3167131164465869,-7.700390520105302,1.2528228082770942,0.8471078744088126,9.740273584157967,0.007058528511380725,-0.02794164649571,-0.10362892433716332,-23.588876943860665,-6.783657533174768,-72.875
1772919230.9892619,98.41491853677068,0.3290543510918716,-7.68334991177197,1.2719833508692828,0.7876716717162655,9.730146732079033,-0.0271161358405513,-0.004763296248966178,-0.09817477042468103,-24.60817843142329,-6.892311697626099,-72.5
1772919231.0658998,97.82386380284984,0.3823253659947252,-7.670581258190986,1.1899259007668541,0.6556091442141643,9.678781151175315,-0.009716360179918393,0.013344742266064014,-0.11235557059713497,-24.82181685665437,-6.577844094740232,-72.0625
1772919231.1435368,97.49215282216893,0.371109531522657,-7.660723146977697,1.1268318517479121,0.5940458383616026,9.76281666240559,-0.0002900795248984981,-0.012337931907843751,-0.2454369260617026,-24.82181685665437,-6.577844094740232,-72.0625
1772919231.2202609,97.03490249322422,0.3803661148764613,-7.653060890755688,1.1138870016138207,0.5807853558534213,9.705007558342311,-0.01337253422775185,0.021917720304237377,-0.1308996938995747,-24.260955342991114,-7.165713648715737,-72.875
1772919231.2731993,96.62267088988496,0.34615246828944013,-7.652322044646327,1.096925495077726,0.6194769941078355,9.619704681455731,0.0016510213103174058,0.004590464524829095,-0.11780972450961724,-24.260955342991114,-7.165713648715737,-72.875
1772919231.3156734,96.380812998697,0.316690615361073,-7.648535443267523,1.0316389332093046,0.6630574589508538,9.562936569783284,-0.007421127917503848,0.012519231610905313,-0.09599310885968812,-26.00538095140192,-6.152159606387173,-73.6875
1772919231.352025,96.380812998697,0.316690615361073,-7.648535443267523,1.0316389332093046,0.6630574589508538,9.562936569783284,-0.007421127917503848,0.012519231610905313,-0.09599310885968812,-26.00538095140192,-6.152159606387173,-73.6875
1772919231.3761764,96.22575439070766,0.31521201130349125,-7.644543033439869,1.0228279678714411,0.6557553531265595,9.551918919265184,-0.010288051250790912,0.021845200423012752,-0.07090400086226964,-26.00538095140192,-6.152159606387173,-73.6875
1772919231.4179528,95.85264525983831,0.359051660793176,-7.639452064395411,0.9638550500241282,0.7065626580761947,9.544586795920608,-0.02352401369501799,0.016755564708535762,-0.10690141668465268,-25.52824310344023,-4.660360533441192,-74.875
1772919231.4610095,95.67481575981542,0.3672727734988018,-7.624640106440551,0.9894864423782241,0.682064895127482,9.640060700959559,-0.0017598011321543429,-0.0092171889902705,-0.10035643198967395,-25.52824310344023,-4.660360533441192,-74.875
1772919231.5045428,95.67481575981542,0.3672727734988018,-7.624640106440551,0.9894864423782241,0.682064895127482,9.640060700959559,-0.0017598011321543429,-0.0092171889902705,-0.10035643198967395,-25.52824310344023,-4.660360533441192,-74.875
1772919231.5558178,95.27365990200894,0.3647229406935972,-7.641783041863447,0.9903801419345799,0.6827039694404851,9.583173496786083,-0.012982142859940893,0.005706054704886296,-0.15271630954950383,-25.010524783135683,-5.203009352495505,-74.5
1772919231.603717,94.97812757580061,0.37908242742295634,-7.587625370906146,1.0015196494628404,0.6284632350898705,9.709226171538994,-0.010831950359975594,-0.0012884219041942825,-0.11017390903214205,-25.010524783135683,-5.203009352495505,-74.5
1772919231.6257067,94.53595853812725,0.327594404162262,-7.588517452347977,1.0089328672864455,0.5923666322882399,9.796457930193736,-0.002939443214511689,0.006241485835146501,-0.11671889372712078,-26.00538095140192,-6.152159606387173,-75.6875
1772919231.7394872,93.97384298216377,0.27950088164151043,-7.578639657025996,0.9896633353692305,0.5452537381579691,9.854509691135872,7.251988122462452e-05,0.003084482976960938,-0.07308566242726255,-25.766812027421075,-5.406260069914183,-76.875
1772919231.7918935,93.7566869737094,0.2764972305530328,-7.568636089327319,1.0940997855633041,0.5702938290261393,9.87307181931829,-0.013381002206676328,-0.011258601668398862,-0.06763150851478027,-25.766812027421075,-5.406260069914183,-76.875
1772919231.832991,93.38552952318412,0.2567678665832305,-7.556283289428257,1.0963035715682692,0.6429580858015487,9.815177362417423,-0.003700901967370247,-0.026145585422943346,-0.10035643198967395,-27.180634879899554,-5.373019404914495,-75.6875
1772919231.8672016,93.38552952318412,0.2567678665832305,-7.556283289428257,1.0963035715682692,0.6429580858015487,9.815177362417423,-0.003700901967370247,-0.026145585422943346,-0.10035643198967395,-27.180634879899554,-5.373019404914495,-75.6875
1772919231.9142246,93.17555231190549,0.2799316511100809,-7.577647016434173,1.2492220123031663,0.6924865327437659,9.846896593927061,0.006768448986482225,-0.04027957840355375,-0.10471975511965978,-27.180634879899554,-5.373019404914495,-75.6875
1772919231.9344833,92.77817501591025,0.2847875693536439,-7.575394564926577,1.269501835306025,0.781781098146541,9.861315164755055,-0.013163442563002455,-0.002005152737516049,-0.1341721862470641,-27.16816963052467,-4.842835835235066,-75.6875
1772919231.9595802,92.77817501591025,0.2847875693536439,-7.575394564926577,1.269501835306025,0.781781098146541,9.861315164755055,-0.013163442563002455,-0.002005152737516049,-0.1341721862470641,-27.16816963052467,-4.842835835235066,-75.6875
1772919232.015289,92.62988966734628,0.2815278220066529,-7.5779996792272515,1.2876160326122128,0.836365044822883,9.927777461599524,0.003547394225996517,-0.013199702503614765,-0.0818123086872342,-27.16816963052467,-4.842835835235066,-75.6875
1772919232.0488708,92.21540463598247,0.27040123886468675,-7.615522362158851,1.2996708285706384,0.8726900515933522,9.915140478692587,0.004227865118705973,-0.017073436195122096,-0.10471975511965978,-27.94474711098149,-4.028862606653599,-78.0625
1772919232.0880086,91.88156387716508,0.2591090384779678,-7.567673230129737,1.30043227694975,0.8899366353648083,9.90338559602505,-0.021092209649078673,-0.011077301965337301,-0.10581058590215622,-27.94474711098149,-4.028862606653599,-78.0625
1772919232.1342363,91.52178551599721,0.22674559557811028,-7.610290547422743,1.2963208107018611,0.9062546333212991,9.815280171944782,0.022871334763996363,-0.044515911501184204,-0.13853550937704992,-27.718643436375526,-3.8131466398600384,-77.6875
1772919232.1975567,91.13135203545247,0.2254561606360677,-7.605546576913173,1.2260388157275637,0.8619180464936391,9.756646996421438,-0.022199331850211394,0.0074658558370406395,-0.11562806294462433,-27.718643436375526,-3.8131466398600384,-77.6875
1772919232.3848383,89.87616500307686,0.26954890316336816,-7.628645761168805,1.1792669331734948,0.8324125432319579,9.761113725281291,-0.00965230827761825,-0.016747096729611284,-0.12762720155208535,-28.90220753112308,-3.3874621515069787,-78.375
1772919232.4871478,89.02941749739817,0.279429113674704,-7.634699797856036,1.1915518453722038,0.8454886949677973,9.729268258909942,-0.013662613752650347,0.009579788396393622,-0.1439896632895322,-29.376782658068915,-2.8900340673738594,-79.6875
1772919232.5188243,88.84666581189093,0.286678416954594,-7.643170189958227,1.0885479920569903,0.7568241703838654,9.706097252527414,-0.0016147613697050935,-0.0030482230363486256,-0.11344640137963143,-29.376782658068915,-2.8900340673738594,-79.6875
1772919232.5459971,88.63354509927494,0.2800327006703044,-7.662111197394382,1.0200000783041498,0.6978189197208953,9.687332094909623,0.013046194762241038,-0.0357978937005616,-0.12217304763960307,-29.07478030455793,-3.206579211822209,-79.25
1772919232.6046512,88.40550826852296,0.26369257946392455,-7.6473150771502505,1.0016726099824314,0.7123280658023209,9.755126773111195,-0.019622488041822827,-0.01419804488291055,-0.13199052468207118,-29.07478030455793,-3.206579211822209,-79.25
1772919232.6684685,87.92924831405064,0.24033848666411586,-7.682023935834529,1.1983476372487738,0.7501969836164585,9.803588485845482,0.01849842988284115,-0.033611441259983985,-0.11671889372712078,-30.57488954375383,-3.0828970769801347,-79.25
1772919232.702641,87.70664306220559,0.23831027214673006,-7.688243013586895,1.1656793523401427,0.7626816255314912,9.83583921431735,-0.0050255838121768415,-0.016855876551448223,-0.11235557059713497,-30.57488954375383,-3.0828970769801347,-79.25
1772919232.7296176,87.70664306220559,0.23831027214673006,-7.688243013586895,1.1656793523401427,0.7626816255314912,9.83583921431735,-0.0050255838121768415,-0.016855876551448223,-0.11235557059713497,-30.57488954375383,-3.0828970769801347,-79.25
1772919232.7917705,87.19123492442316,0.23772479160079885,-7.680575354830883,1.1993573933211255,0.7129029459007458,9.850611490436496,-0.008999629346596628,0.011013250063037156,-0.11780972450961724,-29.54727788994128,-2.6207871994091847,-78.875
1772919232.8394697,86.85695934083479,0.2125021005282876,-7.687656583531915,1.187133241098712,0.7160802090224033,9.81026559956686,-0.0021949204195020884,-0.02772408685203613,-0.1265363707695889,-29.54727788994128,-2.6207871994091847,-78.875
1772919232.8762226,86.4346331257269,0.23750965102588523,-7.688803708191765,1.2046207008331082,0.7010301927647843,9.823557200374081,-0.012555491551517625,-0.008963369405984316,-0.15162547876700738,-30.954868117732318,-2.322454749569781,-80.75
1772919232.9393983,86.10466287000031,0.24382271416688525,-7.694379069931253,1.1954765025664904,0.7127972260760156,9.748774819551393,-0.019296148576312018,-0.0003178714865863306,-0.12762720155208535,-30.954868117732318,-2.322454749569781,-80.75
1772919232.9727714,85.81372734043825,0.23066788473108205,-7.6978897576380385,1.2112849855160726,0.7461393580463,9.709043315609781,-0.010223999348490767,-0.00824663857266255,-0.1505346479845109,-30.220948651180834,-1.190344014430863,-80.0625
1772919232.999556,85.60012025185124,0.2319499001342816,-7.697421971912598,1.2298445941605674,0.8083612445051939,9.635770879664149,-0.016501745124249578,-0.012728323275654707,-0.13199052468207118,-30.220948651180834,-1.190344014430863,-80.0625
1772919233.0458946,85.60012025185124,0.2319499001342816,-7.697421971912598,1.2298445941605674,0.8083612445051939,9.635770879664149,-0.016501745124249578,-0.012728323275654707,-0.13199052468207118,-30.220948651180834,-1.190344014430863,-80.0625
1772919233.0607824,85.60012025185124,0.2319499001342816,-7.697421971912598,1.2298445941605674,0.8083612445051939,9.635770879664149,-0.016501745124249578,-0.012728323275654707,-0.13199052468207118,-30.220948651180834,-1.190344014430863,-80.0625
1772919233.0933235,85.14543541947195,0.22981055863793823,-7.703624983617703,1.2583595121229474,0.8328271529821449,9.63384045595154,-0.002766611490374608,-0.019223628695087393,-0.09708393964218458,-32.02929286857516,-1.0152085199801555,-80.375
1772919233.1260056,84.79187855366257,0.21587289988762376,-7.716504334980478,1.2934995772282882,0.8321668798740223,9.625865557120408,-0.019042328992025834,0.010477818932776953,-0.136353847812057,-32.02929286857516,-1.0152085199801555,-80.375
1772919233.155536,84.79187855366257,0.21587289988762376,-7.716504334980478,1.2934995772282882,0.8321668798740223,9.625865557120408,-0.019042328992025834,0.010477818932776953,-0.136353847812057,-32.02929286857516,-1.0152085199801555,-80.375
1772919233.17995,84.45220151978586,0.229593387308005,-7.687727291011008,1.2515369449827067,0.7693817533798998,9.620558351033745,-0.022090552028374455,0.012092580302482043,-0.13308135546456762,-33.102125257308906,-1.5204615909098176,-81.25
1772919233.202962,83.99611071242327,0.20332569084936114,-7.729399293340061,1.285246679254238,0.8302276115939861,9.628056480575378,-0.0038374737508950164,0.0008617705957710154,-0.10799224746714914,-33.20039171394783,-0.05934046194766593,-80.875
1772919233.2758918,83.72986313789488,0.1962820934367554,-7.672818291891122,1.2468230897354342,0.801196959633892,9.635396832948087,-0.011439901371460422,0.005669794764273982,-0.11780972450961724,-33.20039171394783,-0.05934046194766593,-80.875
1772919233.3548827,83.32824858851342,0.19808882861020324,-7.694476431728793,1.2304890234067924,0.7721962068209784,9.626901308625738,0.011331121549623489,-0.01029651922971539,-0.11126473981463851,-33.51693685839618,-0.3613428154586511,-80.375
1772919233.4012558,83.21064280558039,0.22151912705042998,-7.693920166715324,1.2094929315508578,0.7247425450035105,9.62124763209044,-0.024031652863590363,-0.004835816130190801,-0.1090830782496456,-33.51693685839618,-0.3613428154586511,-80.375
1772919233.4274905,82.7610273764674,0.19430173036995435,-7.688658438154376,1.2269840962005285,0.7231809738047587,9.617485173511906,-0.015857534172152434,-0.018144298455642503,-0.11344640137963143,-34.293514338853,0.45263041312281627,-81.5625
1772919233.4657724,82.7610273764674,0.19430173036995435,-7.688658438154376,1.2576530461270279,0.7264263860411858,9.722024873991527,0.0018685809539912789,0.013843913455711909,-0.07417649320975901,-34.293514338853,0.45263041312281627,-81.5625
1772919233.5099525,82.48058661069625,0.21365703101503264,-7.722716977793322,1.2576530461270279,0.7264263860411858,9.722024873991527,0.0018685809539912789,0.013843913455711909,-0.07417649320975901,-34.293514338853,0.45263041312281627,-81.5625
1772919233.5535996,82.09145242448723,0.26620634922193526,-7.754145844345049,1.2480445790598576,0.7600500008689794,9.691241525656162,7.251988122462452e-05,0.003084482976960938,-0.13308135546456762,-34.4390790719756,1.7822444204463472,-82.375
1772919233.5778537,81.88566693030529,0.24881191662921404,-7.729228811581485,1.1834519884600043,0.7222783259015638,9.707551779992022,-0.011866552679883693,0.020339218875144595,-0.10581058590215622,-34.4390790719756,1.7822444204463472,-82.375
1772919233.596741,81.6740654071696,0.2720070481723564,-7.716760879736939,1.10658221716746,0.6648142866802412,9.681609843274545,-0.010223999348490767,-0.00824663857266255,-0.136353847812057,-34.4390790719756,1.7822444204463472,-82.375
1772919233.6266103,81.6740654071696,0.2720070481723564,-7.716760879736939,1.10658221716746,0.6648142866802412,9.681609843274545,-0.010223999348490767,-0.00824663857266255,-0.136353847812057,-34.4390790719756,1.7822444204463472,-82.375
1772919233.659963,81.02082335685701,0.24348146542453222,-7.68680642688171,1.1273113463215911,0.6790852134816542,9.690724655090913,-0.016175405658738765,0.0011518501206695126,-0.10471975511965978,-35.74009267687779,0.9729114544432211,-82.375
1772919233.7368004,81.02082335685701,0.24348146542453222,-7.68680642688171,1.1273113463215911,0.6790852134816542,9.690724655090913,-0.016175405658738765,0.0011518501206695126,-0.10471975511965978,-35.74009267687779,0.9729114544432211,-82.375
1772919233.753295,80.69432313376261,0.20279465959515952,-7.725010404224841,1.1820855412236617,0.70676232835518,9.683792026453435,0.010360571132015536,-0.018760717446051813,-0.1461713248545251,-37.53181656177227,1.854958375133165,-82.0625
1772919233.7724001,80.57636372728793,0.18543241405724775,-7.728558743234628,1.197755248691008,0.7469637901408598,9.679178439537731,-0.010042699645429205,-0.0005354311302602044,-0.10362892433716332,-37.53181656177227,1.854958375133165,-82.0625
1772919233.8013225,80.24230439546355,0.16612766355861797,-7.67578759297,1.1931055279395246,0.7362158320852136,9.709559266055665,-0.03270494274467618,0.020057607329170578,-0.12544553998709243,-36.911191522250455,1.928779512475709,-83.5625
1772919233.87191,79.9938735545064,0.13054982333278423,-7.697829473254742,1.185281795344295,0.7291743797993888,9.733122478434602,-0.004018773453956578,-0.00684943684663133,-0.1090830782496456,-36.911191522250455,1.928779512475709,-83.5625
1772919233.9109533,79.9938735545064,0.13054982333278423,-7.697829473254742,1.185281795344295,0.7291743797993888,9.733122478434602,-0.004018773453956578,-0.00684943684663133,-0.1090830782496456,-36.911191522250455,1.928779512475709,-83.5625
1772919233.9624832,79.47027249396925,0.133622760236143,-7.623343401914578,1.1098866465525,0.657524448206696,9.748803533054454,-0.026644756612591237,0.015285843101279917,-0.10362892433716332,-37.96948112004683,2.04207393950538,-82.375
1772919233.9988875,79.23053247808016,0.15523406678243118,-7.627403758076238,1.0842485440312606,0.6471214134329017,9.792690216808303,0.002903183273899377,-0.007783727323626969,-0.05781403147231216,-37.96948112004683,2.04207393950538,-82.375
1772919234.034104,79.23053247808016,0.15523406678243118,-7.627403758076238,1.0842485440312606,0.6471214134329017,9.792690216808303,0.002903183273899377,-0.007783727323626969,-0.05781403147231216,-37.96948112004683,2.04207393950538,-82.375
1772919234.0798903,78.76039288244067,0.15667593422466503,-7.534422889586471,0.89451627757804,0.4816863640828219,9.854713093256345,-0.014451864467196736,0.008826797622459543,-0.09817477042468103,-38.1399763519192,2.3113208074700546,-82.375
1772919234.1329775,78.76039288244067,0.15667593422466503,-7.534422889586471,0.89451627757804,0.4816863640828219,9.854713093256345,-0.014451864467196736,0.008826797622459543,-0.09817477042468103,-38.1399763519192,2.3113208074700546,-82.375
1772919234.2062383,78.44857289026565,0.1749645889362047,-7.641930184306694,0.7774538768391788,0.4203782307470157,9.802959835303605,0.0021139325593529865,-0.008536718097561048,-0.06654067773228381,-39.69984911697366,1.773312250994082,-83.25
1772919234.27086,78.44857289026565,0.1749645889362047,-7.641930184306694,0.7774538768391788,0.4203782307470157,9.802959835303605,0.0021139325593529865,-0.008536718097561048,-0.06654067773228381,-39.69984911697366,1.773312250994082,-83.25
1772919234.3301337,78.03761670972133,0.17919422284417377,-7.627458584583127,0.8810722485783272,0.5527609143032062,9.76851862025783,0.0,0.0,-0.06326818538479445,-39.157200297919346,2.291030571298628,-82.75
1772919234.3930109,77.80172892481934,0.23563062641914012,-7.6266702939873445,1.0016076916619936,0.620719398780629,9.745598376378446,0.008355418394499487,-0.005597274883049358,-0.037088246604879506,-39.157200297919346,2.291030571298628,-82.75
1772919234.4362373,77.80172892481934,0.23563062641914012,-7.6266702939873445,1.0016076916619936,0.620719398780629,9.745598376378446,0.008355418394499487,-0.005597274883049358,-0.037088246604879506,-39.157200297919346,2.291030571298628,-82.75
1772919234.4860246,77.6492070514632,0.2670677478024042,-7.593638488050404,1.0648806206676213,0.6497813053204591,9.770486550600449,0.011004782084112678,-0.024176692626039612,-0.017453292519943295,-39.59901993931887,2.3014182791110294,-82.75
1772919234.5450914,77.66393719208862,0.27925205792345725,-7.646981840402312,1.1216210091942402,0.6877056797706056,9.78704935252607,-0.010723170538138658,0.0033383025612471235,-0.015271630954950384,-40.35530718360427,2.0981675616923527,-83.5625
1772919234.5953603,77.66393719208862,0.27925205792345725,-7.646981840402312,1.1216210091942402,0.6877056797706056,9.78704935252607,-0.010723170538138658,0.0033383025612471235,-0.015271630954950384,-40.35530718360427,2.0981675616923527,-83.5625
1772919234.639911,77.67337512104316,0.2798757207251003,-7.646765894656386,1.1161493831180245,0.6855682987075944,9.811452159018227,0.012084112323557565,-0.011085769944261779,0.00545415391248228,-40.35530718360427,2.0981675616923527,-83.5625
1772919234.6612673,77.66863475804699,0.30143348857384333,-7.650853448842296,1.131870433540575,0.7026187020392789,9.780860390239077,-0.011476161312072736,0.004127553275793513,-0.01090830782496456,-40.08398277407711,2.3570267218446257,-83.1875
1772919234.7640734,77.66592375354624,0.3420714389465449,-7.64875207397815,1.1423326169811423,0.7139655549910299,9.760501909849001,0.007529907739340783,-0.007892507145463905,0.004363323129985824,-39.82512361392484,2.0857023123174687,-83.25
1772919234.8000586,77.66592375354624,0.3420714389465449,-7.64875207397815,1.1423326169811423,0.7139655549910299,9.760501909849001,0.007529907739340783,-0.007892507145463905,0.004363323129985824,-39.82512361392484,2.0857023123174687,-83.25
1772919234.8522124,77.66445735841228,0.3638326764268526,-7.652421387975231,1.1400586799140895,0.7311979371048695,9.746953568568532,-0.004590464524829094,0.0016510213103174058,-0.008726646259971648,-39.82512361392484,2.0857023123174687,-83.25
1772919234.8926606,77.66906312169026,0.4358974802698996,-7.666480829400316,1.15306716753816,0.7565204998180642,9.744627522205908,0.0038374737508950164,-0.0008617705957710154,0.0,-39.82512361392484,2.0857023123174687,-83.1875
1772919234.945216,77.66739561689985,0.4609344811218184,-7.663989414125218,1.127840046942794,0.7410449709643719,9.763150234579138,0.0023314922030268593,0.000716730833321766,0.001090830782496456,-39.82512361392484,2.0857023123174687,-83.1875
1772919234.9745762,77.66739561689985,0.4609344811218184,-7.663989414125218,1.127840046942794,0.7410449709643719,9.763150234579138,0.0023314922030268593,0.000716730833321766,0.001090830782496456,-39.82512361392484,2.0857023123174687,-83.1875
1772919235.0348358,77.66870478071642,0.532802938075869,-7.67847110145312,1.126964759411629,0.7374265830802186,9.770323339223777,3.625994061231226e-05,0.001542241488480469,0.0,-40.558557901022944,2.854454805977745,-83.1875
1772919235.05615,77.66870478071642,0.532802938075869,-7.67847110145312,1.126964759411629,0.7374265830802186,9.770323339223777,3.625994061231226e-05,0.001542241488480469,0.0,-40.558557901022944,2.854454805977745,-83.1875
1772919235.0757542,77.66722663968766,0.5545628865513482,-7.682142270048567,1.126964759411629,0.7374265830802186,9.770323339223777,0.004662984406053719,0.001433461666643532,0.003272492347489368,-40.36313217040081,3.6455750773719267,-84.0625
1772919235.1105125,77.66531653542224,0.5824832815074963,-7.689091679022091,1.1367588448291734,0.7395501055510424,9.76017984351953,-0.0030482230363486256,0.0016147613697050937,-0.002181661564992912,-40.36313217040081,3.6455750773719267,-84.0625
1772919235.1443458,77.66531653542224,0.5824832815074963,-7.689091679022091,1.1367588448291734,0.7395501055510424,9.76017984351953,-0.0030482230363486256,0.0016147613697050937,-0.002181661564992912,-40.36313217040081,3.6455750773719267,-84.0625
1772919235.1892726,77.66364723038267,0.6075203449474215,-7.686603219388471,1.1288661256644432,0.7318380764952209,9.760119683853263,0.0,0.0,0.001090830782496456,-39.59901993931887,2.3014182791110294,-83.5625
1772919235.2726412,77.66746105590603,0.6420332245680753,-7.697018318684724,1.1380241828307687,0.7358310168464355,9.753389424852752,-0.0007892507145463906,-0.0007529907739340783,0.0,-39.38330397252531,2.075314604505067,-84.375
1772919235.2903366,77.66597585982036,0.6637928301002625,-7.700691198866541,1.148848162948658,0.738377080308453,9.75560073608447,0.002258972321802235,-0.002367752143639172,-0.001090830782496456,-39.38330397252531,2.075314604505067,-84.375
1772919235.3399208,77.66448927179546,0.685552198845451,-7.704364635660346,1.156051400805333,0.7400714571010331,9.750382115592574,0.0007892507145463906,0.0007529907739340783,0.0,-39.38330397252531,2.075314604505067,-84.375
1772919235.3745558,77.66387127776315,0.6949906161152064,-7.701482004910686,1.1584247805767356,0.7388899451099402,9.750254293658347,0.0007892507145463906,0.0007529907739340783,0.0,-40.061129816889824,3.3290299329235786,-83.5625
1772919235.419965,77.66300129152798,0.7073113290816267,-7.708038629846221,1.1576951374830888,0.7405239566349971,9.750169229588984,-3.625994061231226e-05,-0.001542241488480469,0.0,-40.061129816889824,3.3290299329235786,-83.5625
1772919235.4561017,77.6676727704093,0.7295063675583481,-7.711894748444682,1.1547892735981389,0.739302272232692,9.75345773210837,0.0015785014290927812,0.0015059815478681566,-0.001090830782496456,-39.85787909947115,2.5727426886381863,-84.375
1772919235.4965334,77.66661875579976,0.7451054033308062,-7.712290398020547,1.152855453643331,0.7384892549100667,9.755646193800041,0.0007529907739340783,-0.0007892507145463906,-0.002181661564992912,-39.85787909947115,2.5727426886381863,-84.375
1772919235.5330384,77.62856539193072,0.7515991147185577,-7.724979479850504,1.1491482235088153,0.7356391001447322,9.75710259060913,0.00903588928720894,-0.009471008574556688,-0.028361600344907856,-39.845413850096264,3.1029262583176163,-83.5625
1772919235.613733,77.62820434219141,0.758159224348456,-7.7126602760631755,1.1420629016285173,0.738582943100268,9.764762029831198,-0.00857297803817336,-0.0036561740478334545,-0.01090830782496456,-39.845413850096264,3.1029262583176163,-83.5625
1772919235.6343865,77.62820434219141,0.758159224348456,-7.7126602760631755,1.1420629016285173,0.738582943100268,9.764762029831198,-0.00857297803817336,-0.0036561740478334545,-0.01090830782496456,-39.845413850096264,3.1029262583176163,-83.5625
1772919235.6792533,77.64733549853047,0.7966088354828551,-7.732440139534446,1.1234930941506547,0.7550638050429495,9.729717960584109,0.0038737336915073287,0.000680470892709454,-0.009817477042468103,-39.01115038534337,2.8622797927742876,-83.5625
1772919235.735401,77.64654009611671,0.8093270093968759,-7.723399338145959,1.103874211042152,0.7591043321051353,9.753228087870546,0.005379715239375485,-0.0008980305363833273,0.0,-39.01115038534337,2.8622797927742876,-83.5625
1772919235.7985837,77.64478099293763,0.8339650019628098,-7.736518321800759,1.1092908700437354,0.7424309012751713,9.738767809588467,0.0008617705957710153,0.0038374737508950164,0.00545415391248228,-38.80997720948717,2.017628620208992,-84.0
1772919235.8379004,77.64416402869428,0.8434038913092923,-7.733638143112205,1.115315890658019,0.7336440201313825,9.749215326167551,0.004590464524829094,-0.0016510213103174058,0.002181661564992912,-38.80997720948717,2.017628620208992,-84.0
1772919235.8720348,77.6431066512895,0.8590021523449258,-7.734038054566091,1.143528420140689,0.7508874570773444,9.742787584915249,-3.625994061231226e-05,-0.001542241488480469,-0.002181661564992912,-37.747532528565834,2.081062049739131,-82.75
1772919235.8985596,77.64266541515737,0.8651614183396681,-7.73731809377459,1.1334823961507952,0.7441123526653616,9.751890441743692,-0.0015059815478681566,0.0015785014290927812,0.001090830782496456,-37.747532528565834,2.081062049739131,-82.75
1772919235.9458134,77.64204916329197,0.8746003669490577,-7.734438254559914,1.1408738717970168,0.7345406197732124,9.757948291277447,0.002295232262414547,-0.0008255106551587029,0.001090830782496456,-37.55210679794369,2.872182321133313,-83.1875
1772919235.9596639,77.64160746036518,0.8807595568180634,-7.737718412746725,1.1388655138140062,0.7354316221270758,9.76197972247155,0.00312074291757325,0.0014697216072558446,0.0,-37.55210679794369,2.872182321133313,-83.1875
1772919235.981647,77.64160746036518,0.8807595568180634,-7.737718412746725,1.1388655138140062,0.7354316221270758,9.76197972247155,0.00312074291757325,0.0014697216072558446,0.0,-37.55210679794369,2.872182321133313,-83.1875
1772919236.0132387,77.64732542831898,0.887360891374795,-7.741172606874459,1.144456276468519,0.728763690570097,9.764662594897187,-0.0038737336915073287,-0.000680470892709454,-0.002181661564992912,-37.55210679794369,2.872182321133313,-83.1875
1772919236.0557384,77.64626684555581,0.9029593710111903,-7.741572510858662,1.1412495641048088,0.7315871402749301,9.76310290481948,0.002295232262414547,-0.0008255106551587029,0.0,-38.335402082541336,1.5202005360758728,-82.375
1772919236.0812051,77.64582392917421,0.9091187263318163,-7.744852627677122,1.1437337344863356,0.7286255253999457,9.762064948495645,0.0007529907739340783,-0.0007892507145463906,0.002181661564992912,-38.335402082541336,1.5202005360758728,-82.375
1772919236.154407,77.61415956702936,0.9090688726997227,-7.785686778067266,1.152647805795567,0.7335819062414274,9.761374200156865,0.024884955480436895,-0.02450303209155042,-0.014180800172453928,-38.80997720948717,2.017628620208992,-83.1875
1772919236.219517,77.42368363398528,0.8961175954763957,-7.7872721348752005,1.1755220825725876,0.7530440280589134,9.757569403146253,-0.023632793516854926,0.012128840243094357,-0.06435901616729091,-38.80997720948717,2.017628620208992,-83.1875
1772919236.2515268,77.42368363398528,0.8961175954763957,-7.7872721348752005,1.1755220825725876,0.7530440280589134,9.757569403146253,-0.023632793516854926,0.012128840243094357,-0.06435901616729091,-38.80997720948717,2.017628620208992,-83.1875
1772919236.2944255,77.03711016619987,0.864096467144523,-7.771225401340876,1.076281499558791,0.7404464285304739,9.75223332507556,-0.010650650656914033,0.006422785538208061,-0.055632369907319255,-40.09644802345199,1.8268431521651958,-82.75
1772919236.3356953,77.03711016619987,0.864096467144523,-7.771225401340876,1.076281499558791,0.7404464285304739,9.75223332507556,-0.010650650656914033,0.006422785538208061,-0.055632369907319255,-40.09644802345199,1.8268431521651958,-82.75
1772919236.3584197,76.871505901895,0.8561667662054359,-7.766189244586743,1.0331747406326788,0.6887840413373549,9.754831364597228,0.0021139325593529865,-0.008536718097561048,-0.061086523819801536,-39.85787909947115,2.5727426886381863,-82.0
1772919236.3844814,76.75874622566127,0.8513572347713727,-7.776664547384994,1.060154448907236,0.7075126186069098,9.766595665998855,0.006205225894534188,0.0013972017260312196,-0.06217735460229799,-39.85787909947115,2.5727426886381863,-82.0
1772919236.4278045,76.62425767960745,0.8450198019046136,-7.78702835219371,1.0665636392852353,0.7320777503517598,9.781114900580418,-0.011403641430848113,0.0072120362527544534,-0.05672320068981571,-39.88073205665843,1.6007394775592334,-82.75
1772919236.444779,76.58368043012703,0.8428099369821085,-7.771850301389222,1.0443168374995655,0.7277548574829718,9.790777289003971,-0.0008617705957710153,-0.0038374737508950164,-0.032724923474893676,-39.88073205665843,1.6007394775592334,-82.75
1772919236.4637835,76.58368043012703,0.8428099369821085,-7.771850301389222,1.0443168374995655,0.7277548574829718,9.790777289003971,-0.0008617705957710153,-0.0038374737508950164,-0.032724923474893676,-39.88073205665843,1.6007394775592334,-82.75
1772919236.4830036,76.51175566813279,0.8373807276605738,-7.788014924190977,1.031820940243387,0.7224577260118951,9.777136830319979,0.005270935417538549,-0.005524755001824734,-0.06981317007977318,-39.88073205665843,1.6007394775592334,-82.75
1772919236.512394,76.51175566813279,0.8373807276605738,-7.788014924190977,1.031820940243387,0.7224577260118951,9.777136830319979,0.005270935417538549,-0.005524755001824734,-0.06981317007977318,-39.88073205665843,1.6007394775592334,-82.75
1772919236.5472467,76.28043436230145,0.8250076112235438,-7.783638530592662,1.0737752772117568,0.7437766845128672,9.758023922317731,-0.005524755001824734,-0.005270935417538549,-0.055632369907319255,-40.94317673757977,1.5373060480290945,-83.1875
1772919236.5633183,76.28043436230145,0.8250076112235438,-7.783638530592662,1.0737752772117568,0.7437766845128672,9.758023922317731,-0.005524755001824734,-0.005270935417538549,-0.055632369907319255,-40.94317673757977,1.5373060480290945,-83.1875
1772919236.5951989,76.18661801515663,0.8213774755702933,-7.793546445206131,1.1178591255374364,0.741022151349465,9.755339830669365,0.01276458321626702,-0.014959503635769108,-0.05781403147231216,-40.94317673757977,1.5373060480290945,-83.1875
1772919236.6347415,76.05793679050633,0.8175438736809149,-7.829098354615994,1.1448873333301979,0.741609334856148,9.790349826441158,0.001360941785418908,-0.007747467383014657,-0.04581489286485115,-41.64960298436563,3.454789609328134,-82.875
1772919236.657428,76.05793679050633,0.8175438736809149,-7.829098354615994,1.1448873333301979,0.741609334856148,9.790349826441158,0.001360941785418908,-0.007747467383014657,-0.04581489286485115,-41.64960298436563,3.454789609328134,-82.875
1772919236.696413,75.90739111246565,0.8207622979453185,-7.805531507028511,1.1580337145778656,0.7373818972823241,9.813648587540008,-0.004626724465441407,0.00010877982183693689,-0.06544984694978735,-41.64960298436563,3.454789609328134,-82.875
1772919236.712377,75.72189932014756,0.8231253884502752,-7.8232150566202225,1.1837245463409158,0.7507322905343976,9.8324987644944,0.005806366547798754,-0.015567454647253938,-0.06326818538479445,-40.61416634375654,2.3694919712195097,-83.25
1772919236.7622747,75.72189932014756,0.8231253884502752,-7.8232150566202225,1.1837245463409158,0.7507322905343976,9.8324987644944,0.005806366547798754,-0.015567454647253938,-0.06326818538479445,-40.61416634375654,2.3694919712195097,-83.25
1772919236.7914813,75.58481427736542,0.8083234208868866,-7.805459105772887,1.1744206552446,0.743675509851406,9.80490200619944,-0.011439901371460422,0.005669794764273982,-0.06435901616729091,-40.61416634375654,2.3694919712195097,-83.25
1772919236.8237777,75.42515087481029,0.8042478934612077,-7.794334810929301,1.163610818013023,0.7438198902498313,9.779846448415494,-0.00606018613208494,0.0047717642278906555,-0.05345070834232634,-41.925567656471124,1.1183393638168568,-82.75
1772919236.8476794,75.3686402065061,0.8031117472050714,-7.804264904871337,1.1564169920892027,0.7439159737921486,9.763172254599198,-0.005307195358150861,0.0039825135133442656,-0.05345070834232634,-41.925567656471124,1.1183393638168568,-82.75
1772919236.8665261,75.29679186874206,0.7982103258981973,-7.804757889795369,1.1611995657866534,0.7484869242168395,9.755420876584722,0.0005716910708725176,-0.008500458156948736,-0.06544984694978735,-41.925567656471124,1.1183393638168568,-82.75
1772919236.896923,75.29679186874206,0.7982103258981973,-7.804757889795369,1.1611995657866534,0.7484869242168395,9.755420876584722,0.0005716910708725176,-0.008500458156948736,-0.06544984694978735,-41.925567656471124,1.1183393638168568,-82.75
1772919236.9357982,75.14681856014244,0.7913795193728238,-7.799447885888079,1.1643823151574584,0.7515288406636095,9.750262421104654,-0.0031570028581855624,-0.0030119630957363133,-0.04581489286485115,-42.961004297080216,2.203637001925481,-83.1875
1772919236.9811423,74.99313043052922,0.7862728148232964,-7.819647295468677,1.1685871126539158,0.7416741167699235,9.76020997343567,0.01337253422775185,-0.021917720304237377,-0.044724062082354694,-42.961004297080216,2.203637001925481,-83.1875
1772919236.9992445,74.99313043052922,0.7862728148232964,-7.819647295468677,1.1685871126539158,0.7416741167699235,9.76020997343567,0.01337253422775185,-0.021917720304237377,-0.044724062082354694,-42.961004297080216,2.203637001925481,-83.1875
1772919237.0376198,74.89658138177336,0.7728067174467625,-7.832572617932709,1.1598398543215127,0.7472173808870316,9.76682995839052,-0.0016872812509297177,-0.0061327060133095634,-0.04690572364734761,-41.70728896866171,2.881462846289992,-81.5625
1772919237.0543678,74.80230334951278,0.7800976708258219,-7.808578113639022,1.1797523418379108,0.7384713072378236,9.75116481418398,-0.009398488693332062,-0.005951406310248002,-0.06544984694978735,-41.70728896866171,2.881462846289992,-81.5625
1772919237.088682,74.6660017835179,0.7525065928901288,-7.799358915295928,1.1883856782047613,0.737491482037871,9.740739835705654,0.005488495061212422,0.0037286939290580795,-0.06981317007977318,-41.70728896866171,2.881462846289992,-81.5625
1772919237.1547787,74.4631504297646,0.7274958918841652,-7.8348080793009816,1.1941310671162142,0.7368394193126669,9.733802128982967,-0.002367752143639172,-0.002258972321802235,-0.05345070834232634,-42.430820727400786,2.191171752550597,-82.375
1772919237.1864579,74.30193643123557,0.744276629412196,-7.843423024546311,1.1883845747671342,0.7318984709524593,9.782706949975392,-0.012229152086006813,0.004916803990339904,-0.07308566242726255,-42.430820727400786,2.191171752550597,-82.375
1772919237.2027273,74.17344046033388,0.7424181359850129,-7.832081375601339,1.1781890145322167,0.7595181855625844,9.815252562043204,-0.0025490518467007335,-0.009970179764204579,-0.08617563181722002,-44.23500986167016,2.5430351035611145,-83.5625
1772919237.219157,74.10072627138888,0.7496046226151544,-7.839421176150107,1.173379502693927,0.7612903164187148,9.850291750145303,0.006414317559283583,-0.022525671315722206,-0.07090400086226964,-44.23500986167016,2.5430351035611145,-83.5625
1772919237.2426004,74.10072627138888,0.7496046226151544,-7.839421176150107,1.173379502693927,0.7612903164187148,9.850291750145303,0.006414317559283583,-0.022525671315722206,-0.07090400086226964,-44.23500986167016,2.5430351035611145,-83.5625
1772919237.2698393,73.98824708780704,0.7427906625191188,-7.824567456607411,1.1609424230148089,0.7721508279345728,9.873609938413871,-0.019722799884735284,0.014351552624284277,-0.07417649320975901,-44.23500986167016,2.5430351035611145,-83.5625
1772919237.3251777,73.68499962858928,0.7308945398954517,-7.782912429980563,1.1043852330883102,0.7079573171667303,9.854885014310025,-0.0002538195842861853,-0.010795690419363282,-0.08072147790473774,-43.90025202261286,1.7394495827920489,-82.375
1772919237.3650606,73.58808893160722,0.7252533385538515,-7.767981378345071,1.121732422290841,0.7199386382788859,9.859941145868776,0.011258601668398862,-0.013381002206676328,-0.04254240051736178,-43.90025202261286,1.7394495827920489,-82.375
1772919237.381784,73.47639947547837,0.7045726214080039,-7.777219743029716,1.1648518059000552,0.7626597796634377,9.863305944940434,-0.006277745775758813,-0.004481684702992158,-0.0719948316447661,-44.20225437612385,2.055994727240397,-83.1875
1772919237.3986745,73.47639947547837,0.7045726214080039,-7.777219743029716,1.1648518059000552,0.7626597796634377,9.863305944940434,-0.006277745775758813,-0.004481684702992158,-0.0719948316447661,-44.20225437612385,2.055994727240397,-83.1875
1772919237.433631,73.3536779240916,0.7048446670124338,-7.791135960084318,1.1935472740169117,0.7910902220284385,9.808678282110924,-0.006168965953921876,0.0001450397624492491,-0.06544984694978735,-44.20225437612385,2.055994727240397,-83.1875
1772919237.4678743,73.13489817990401,0.687434298932834,-7.783039762826097,1.1767841440982636,0.7942914330502125,9.772324182728862,-0.0002538195842861853,-0.010795690419363282,-0.06872233929727672,-44.676829503069676,2.5534228113735162,-82.375
1772919237.5414808,72.84405481265765,0.6676467736742567,-7.784733401938025,1.0999835204675148,0.7700332325930289,9.728685488337925,-0.006994476609080579,-0.0021501924999652983,-0.06654067773228381,-46.32298865484156,2.105855724739929,-81.5625
1772919237.5619736,72.84405481265765,0.6676467736742567,-7.784733401938025,1.0999835204675148,0.7700332325930289,9.728685488337925,-0.006994476609080579,-0.0021501924999652983,-0.06654067773228381,-46.32298865484156,2.105855724739929,-81.5625
1772919237.5801957,72.74066393689425,0.6666329274499319,-7.788609107193498,1.0733735038215666,0.7410235278777907,9.71574476034367,-0.006994476609080579,-0.0021501924999652983,-0.06544984694978735,-46.32298865484156,2.105855724739929,-81.5625
1772919237.6091192,72.64351479057254,0.6635760372335635,-7.7831335685924925,1.1012056566251869,0.7466732275092218,9.703787738713576,-0.008536718097561048,-0.002113932559352986,-0.06326818538479445,-46.91085820881707,1.544994211076671,-82.0
1772919237.6299667,72.5506116212166,0.6555410907185362,-7.717421212628961,1.1197276434104781,0.7504330395026593,9.71590114463135,-0.01290962297871627,0.008790537681847232,-0.05126904677733343,-46.91085820881707,1.544994211076671,-82.0
1772919237.6650276,72.5506116212166,0.6555410907185362,-7.717421212628961,1.1197276434104781,0.7504330395026593,9.71590114463135,-0.01290962297871627,0.008790537681847232,-0.05126904677733343,-46.91085820881707,1.544994211076671,-82.0
1772919237.7026973,72.42687204858939,0.6173187287959793,-7.741506300670422,0.9912579271398778,0.7018273208222348,9.723962480954016,0.02761530703019919,-0.006821644884943494,-0.032724923474893676,-46.49556142827641,2.2867386644247003,-81.5625
1772919237.7535229,72.42687204858939,0.6173187287959793,-7.741506300670422,0.9912579271398778,0.7018273208222348,9.723962480954016,0.02761530703019919,-0.006821644884943494,-0.032724923474893676,-46.49556142827641,2.2867386644247003,-81.5625
1772919237.788053,72.29711587393331,0.6348880047818606,-7.725119919479099,0.905762766062556,0.6694807580018662,9.739362545347682,-0.014270564764135175,0.016538005064861888,-0.04145156973486533,-46.33753144577892,1.487308226780596,-82.75
1772919237.8318105,72.30310595447736,0.6341887877006351,-7.740891259137443,0.9455413122709806,0.6338515217181244,9.82989379714734,0.016783356670223598,-0.00811006678913778,0.008726646259971648,-46.33753144577892,1.487308226780596,-82.75
1772919237.852164,72.30310595447736,0.6341887877006351,-7.740891259137443,0.9455413122709806,0.6338515217181244,9.82989379714734,0.016783356670223598,-0.00811006678913778,0.008726646259971648,-46.33753144577892,1.487308226780596,-82.75
1772919237.9190757,72.29140901845197,0.6635559070813046,-7.7589251278808415,1.0919897905261882,0.6920180949414312,9.833321717064418,-0.0036199141072211427,0.010115219526653828,0.001090830782496456,-45.53602346657234,1.733702137557985,-84.0625
1772919237.951909,72.29140901845197,0.6635559070813046,-7.7589251278808415,1.0919897905261882,0.6920180949414312,9.833321717064418,-0.0036199141072211427,0.010115219526653828,0.001090830782496456,-45.53602346657234,1.733702137557985,-84.0625
1772919237.9797094,72.16929945747364,0.6518533428778645,-7.8063512762869625,1.1588018278847516,0.7248278072487124,9.812139895356443,0.011439901371460422,-0.005669794764273982,-0.0719948316447661,-46.269457753670444,2.5024546312182614,-82.75
1772919238.0276794,71.96093938537294,0.6243292862406563,-7.775036749753208,1.2250471434184955,0.7674442116528406,9.798043629626237,-0.012982142859940893,0.005706054704886296,-0.10035643198967395,-46.269457753670444,2.5024546312182614,-82.75
1772919238.064175,71.66224450660978,0.5824108864184785,-7.731082835701064,1.2368052494297768,0.829689076522215,9.788662722248391,0.0008617705957710153,0.0038374737508950164,-0.08508480103472356,-46.549092329447525,1.8901397579463683,-81.5625
1772919238.127961,71.58684329890706,0.5761128828845441,-7.747259639136596,1.2330846335380043,0.8832138115559611,9.688756705375095,0.012800843156879333,-0.01341726214728864,-0.04581489286485115,-46.549092329447525,1.8901397579463683,-81.5625
1772919238.1670783,71.52440430048979,0.5754779320249663,-7.741264540840093,1.1622843889460712,0.8305321249954181,9.719278606681511,-0.00606018613208494,0.0047717642278906555,-0.011999138607461015,-46.7523430468662,2.6464270022317606,-82.375
1772919238.184032,71.48413570181071,0.5667497052728797,-7.737858077710393,1.0828402055929298,0.8293571748772323,9.736245479341633,0.004590464524829094,-0.0016510213103174058,-0.031634092692397225,-46.7523430468662,2.6464270022317606,-82.375
1772919238.2171986,71.48413570181071,0.5667497052728797,-7.737858077710393,1.0828402055929298,0.8293571748772323,9.736245479341633,0.004590464524829094,-0.0016510213103174058,-0.031634092692397225,-46.7523430468662,2.6464270022317606,-82.375
1772919238.2487202,71.44302282192815,0.5699710762821438,-7.741659661215912,1.0923167111374912,0.7632273056656942,9.74753674356456,0.002975703155124001,-0.004699244346666031,-0.037088246604879506,-46.526239372260235,2.8621429690253213,-82.375
1772919238.2867224,71.37742729311275,0.5594136083383802,-7.779134057948989,1.1157876690906212,0.7448411129101421,9.748360730358591,0.024095704765890506,-0.0252560228654845,-0.0272707695624114,-46.526239372260235,2.8621429690253213,-82.375
1772919238.3265362,71.22999592428071,0.5542953461103542,-7.7583714916770505,1.1820111276376357,0.771637633468395,9.748909084365485,-0.02374157333869186,0.007502115777652948,-0.0719948316447661,-47.023667456393355,2.3875678420794877,-82.0625
1772919238.3612192,71.22999592428071,0.5542953461103542,-7.7583714916770505,1.1820111276376357,0.771637633468395,9.748909084365485,-0.02374157333869186,0.007502115777652948,-0.0719948316447661,-47.023667456393355,2.3875678420794877,-82.0625
1772919238.4018772,71.0925929359344,0.5413295885107005,-7.76486714467882,1.2214638978979184,0.7943110076767151,9.742583784416917,0.00824663857266255,-0.010223999348490767,-0.06217735460229799,-47.023667456393355,2.3875678420794877,-82.0625
1772919238.4403505,70.85252752610317,0.5513115137496937,-7.790256213244325,1.2182309661579118,0.7627730936010497,9.738374367959375,0.0038374737508950164,-0.0008617705957710154,-0.06763150851478027,-48.57107497207293,2.379742855282945,-82.0
1772919238.4954553,70.6296772865107,0.5398154205252139,-7.785560258380545,1.2160794861991515,0.7417849640852785,9.732227936621825,-0.009144669109045878,0.00484428410911528,-0.06872233929727672,-48.57107497207293,2.379742855282945,-82.0
1772919238.5350196,70.45739181210723,0.5239692089394419,-7.833034488633809,1.2436912350015081,0.7555268081748128,9.711411996690225,0.004264125059318285,-0.015531194706641625,-0.11344640137963143,-47.521095540526474,1.9129927151336539,-81.5625
1772919238.5646515,70.45739181210723,0.5239692089394419,-7.833034488633809,1.2436912350015081,0.7555268081748128,9.711411996690225,0.004264125059318285,-0.015531194706641625,-0.11344640137963143,-47.521095540526474,1.9129927151336539,-81.5625
1772919238.6078176,70.27502152818164,0.5174606349165887,-7.837704044826313,1.3400719398910954,0.8622100550014787,9.69755922119503,-0.005669794764273982,-0.011439901371460424,-0.07853981633974483,-47.521095540526474,1.9129927151336539,-81.5625
1772919238.6397784,70.04661964738132,0.500973155177247,-7.813442302172285,1.3903576174373418,0.9477283313753254,9.678305018726663,-0.008037546907913156,-0.01369887369326266,-0.08508480103472356,-48.6063931786351,0.8775560745245617,-81.1875
1772919238.6584315,69.89948462360694,0.48801820761022985,-7.845078956901345,1.2592421442558113,0.8476209332998144,9.702287790848011,0.017890478871356322,-0.02665322459151572,-0.06654067773228381,-48.6063931786351,0.8775560745245617,-81.1875
1772919238.6761315,69.89948462360694,0.48801820761022985,-7.845078956901345,1.2592421442558113,0.8476209332998144,9.702287790848011,0.017890478871356322,-0.02665322459151572,-0.06654067773228381,-48.6063931786351,0.8775560745245617,-81.1875
1772919238.7247286,69.58051038308146,0.5441754320138625,-7.853965618865575,1.1719862615093066,0.7810005781534708,9.708212722667692,-0.024712123756299817,-0.0009620824386834756,-0.09381144729469522,-49.16725469229836,1.4654256285000669,-81.5625
1772919238.7442887,69.45476160938689,0.5355600217806104,-7.854802543170381,1.1093002446153322,0.7415060651152591,9.728881257144462,0.005162155595701611,-0.01015147946726614,-0.06872233929727672,-49.16725469229836,1.4654256285000669,-81.5625
1772919238.7882853,69.27635521421915,0.5239517070556338,-7.880441900431877,1.086945757075287,0.7336957144239549,9.725910377419497,0.012156632204782192,-0.008001286967300842,-0.07853981633974483,-49.90068897939646,2.234178122160343,-80.75
1772919238.8206615,69.0753796077764,0.5063863231355981,-7.887598611094271,1.0813054986098787,0.718816835059124,9.700517508198198,-0.014633164170258298,0.0011155901800572,-0.0916297857297023,-49.90068897939646,2.234178122160343,-80.75
1772919238.8668563,69.0753796077764,0.5063863231355981,-7.887598611094271,1.0813054986098787,0.718816835059124,9.700517508198198,-0.014633164170258298,0.0011155901800572,-0.0916297857297023,-49.90068897939646,2.234178122160343,-80.75
1772919238.9131896,68.76987420413319,0.48146358409211104,-7.802989281148697,1.0775519696069649,0.708915107049802,9.683618837388359,-0.03320411393432407,0.03164254846308025,-0.06763150851478027,-50.727127457352815,0.9274170720240941,-81.25
1772919238.9355528,68.62539536367957,0.46085329633833105,-7.846870058473133,1.0965031077832228,0.7089193389135767,9.68240829585689,0.023451493813793366,-0.0198400476854967,-0.05345070834232634,-50.727127457352815,0.9274170720240941,-81.25
1772919238.9681017,68.62539536367957,0.46085329633833105,-7.846870058473133,1.0965031077832228,0.7089193389135767,9.68240829585689,0.023451493813793366,-0.0198400476854967,-0.05345070834232634,-50.727127457352815,0.9274170720240941,-81.25
1772919239.001959,68.43356217752358,0.4514816765885341,-7.841878718142912,1.109114878541438,0.7089221551716458,9.688292917404972,-0.012555491551517625,-0.008963369405984316,-0.05672320068981571,-50.87269219047542,2.2570310793476285,-80.875
1772919239.0309696,68.22028327610126,0.4423167917247848,-7.821052785633407,1.1368702275525235,0.7273968359129387,9.685518843895052,-0.002440272024863796,-0.005343455298763173,-0.08290313946973066,-50.87269219047542,2.2570310793476285,-80.875
1772919239.0777435,68.04288587830713,0.4495822020100469,-7.817754331436004,1.1576502030909634,0.7372712350137876,9.676982505547992,0.0038012138102827037,-0.002404012084251484,-0.05999569303730508,-50.86278966211639,0.7979874919479576,-80.375
1772919239.1203346,68.04288587830713,0.4495822020100469,-7.817754331436004,1.1576502030909634,0.7372712350137876,9.676982505547992,0.0038012138102827037,-0.002404012084251484,-0.05999569303730508,-50.86278966211639,0.7979874919479576,-80.375
1772919239.1439512,67.8696858315083,0.45123542248987375,-7.810271889691002,1.1276061291208657,0.7898281338898713,9.671301667735172,-0.016066625836901834,0.005778574586110919,-0.05890486225480862,-50.86278966211639,0.7979874919479576,-80.375
1772919239.1657672,67.75248396771823,0.4588116370208604,-7.812438908101237,1.139383576287578,0.7672730623185121,9.684246692166454,0.00437290488115522,-0.010904470241200219,-0.07417649320975901,-51.596223949214505,1.5667399856082338,-80.0625
1772919239.2288396,67.58544058323646,0.4553383717809574,-7.826563285028385,1.1321695674569334,0.8164989298008737,9.696206573027393,-0.0036561740478334545,0.00857297803817336,-0.050178215994836975,-51.596223949214505,1.5667399856082338,-80.0625
1772919239.265351,67.43128924550045,0.4915203303350081,-7.832616339801289,1.115574865923455,0.7501632793027841,9.714201075261682,-0.00372869392905808,0.005488495061212423,-0.06981317007977318,-52.70181182349455,1.5485272909992862,-79.25
1772919239.3121092,67.19790020434527,0.49292324940755755,-7.81979366078094,1.0867256333007773,0.7537563736236876,9.7362115506088,-0.0008617705957710153,-0.0038374737508950164,-0.0818123086872342,-52.70181182349455,1.5485272909992862,-79.25
1772919239.3437817,67.19790020434527,0.49292324940755755,-7.81979366078094,1.0867256333007773,0.7537563736236876,9.7362115506088,-0.0008617705957710153,-0.0038374737508950164,-0.0818123086872342,-52.70181182349455,1.5485272909992862,-79.25
1772919239.3754866,67.02678848137775,0.49296704595168334,-7.828535804529933,1.0767631945339333,0.7464663595296536,9.74082394095723,-0.009897659882979954,0.00563353482366167,-0.08508480103472356,-51.92523434303774,0.7345540624178187,-80.0
1772919239.4083514,66.92555595043328,0.4938980523511038,-7.842513725439963,1.072775984854406,0.7533828281557959,9.757273882039609,-0.012337931907843751,0.0002900795248984982,-0.06217735460229799,-51.92523434303774,0.7345540624178187,-80.0
1772919239.4492059,66.76936666773125,0.4753424990008739,-7.829454647216233,1.089262510331636,0.7669996765656815,9.798327139437925,0.005089635714476988,-0.01323596244422708,-0.06654067773228381,-52.71635461443192,0.9299797930399529,-78.875
1772919239.475038,66.51254269842987,0.4499492099084532,-7.816761135342421,1.1367609146971074,0.820156840110989,9.82564762364157,-0.003229522739410187,-0.006096446072697251,-0.07853981633974483,-52.71635461443192,0.9299797930399529,-78.875
1772919239.5553956,66.31442550497518,0.47338433862760887,-7.850695689052681,1.1860650225998466,0.8030642145604525,9.833793765567334,-0.010723170538138658,0.0033383025612471235,-0.07417649320975901,-52.739207571619204,-0.042023418039000254,-78.875
1772919239.5836864,66.31442550497518,0.47338433862760887,-7.850695689052681,1.1860650225998466,0.8030642145604525,9.833793765567334,-0.010723170538138658,0.0033383025612471235,-0.07417649320975901,-52.739207571619204,-0.042023418039000254,-78.875
1772919239.6660724,66.10745094941267,0.45920242298549874,-7.826106305340118,1.1888580449975095,0.8231530924317901,9.829179596898603,-0.01075943047875097,0.0017960610727666545,-0.06981317007977318,-52.739207571619204,-0.042023418039000254,-78.875
1772919239.7025704,65.86472253212249,0.4542267482267093,-7.834669885247194,1.199841979741904,0.8221114426446923,9.822763807485885,-0.008319158453887173,0.007139516371529826,-0.05890486225480862,-52.7495952794316,-0.48384305943852346,-78.375
1772919239.7259648,65.71858576597208,0.45989964129033156,-7.812317682967083,1.1006587051175862,0.7198178003058272,9.805113724471507,-0.0062414858351465,-0.002939443214511689,-0.055632369907319255,-52.7495952794316,-0.48384305943852346,-78.375
1772919239.7626858,65.54660872379412,0.4714015553720913,-7.828828270477574,1.1480736067603756,0.7460820763953856,9.75991667431659,-0.0030119630957363133,0.0031570028581855624,-0.08617563181722002,-53.439886373171,0.23968869930055825,-79.25
1772919239.8006024,65.39057913700894,0.4760895890110371,-7.8569997272471115,1.1989900505987,0.7820334652948066,9.743218989151904,-0.014596904229645985,0.002657831668537669,-0.07417649320975901,-53.439886373171,0.23968869930055825,-79.25
1772919239.8490677,65.19916882266998,0.4610769708596307,-7.847844514106803,1.2401352588694858,0.8128860154614208,9.73210686620017,0.003547394225996517,-0.013199702503614765,-0.08290313946973066,-53.4954948159046,-0.24527413545767712,-79.25
1772919239.892178,64.95301914399748,0.45027670233268685,-7.827685529206703,1.246735027979468,0.8552006939627146,9.781578771530766,-0.01309092268177783,0.0010793302394448883,-0.07526732399225546,-53.4954948159046,-0.24527413545767712,-79.25
1772919239.9796214,64.63460646186383,0.4439936327921205,-7.8306502328175585,1.2522130703028909,0.8289169961277036,9.814501771890885,0.0007529907739340783,-0.0007892507145463906,-0.08508480103472356,-54.272072296361415,0.5686990931237903,-77.6875
1772919240.0269303,64.40299531074355,0.448066761773801,-7.802977175410937,1.1576392655025256,0.7760918869851888,9.796339862670106,0.013771393574487284,-0.004953063930952218,-0.06217735460229799,-54.43474254143724,-0.7094615545911094,-78.375
1772919240.0586452,64.25074690350223,0.4571823364342223,-7.79986223912031,1.0817244474368564,0.7765193239342504,9.73066198534698,-0.004916803990339905,-0.012229152086006813,-0.07963064712224129,-54.43474254143724,-0.7094615545911094,-78.375
1772919240.0965106,64.25074690350223,0.4571823364342223,-7.79986223912031,1.0817244474368564,0.7765193239342504,9.73066198534698,-0.004916803990339905,-0.012229152086006813,-0.07963064712224129,-54.43474254143724,-0.7094615545911094,-78.375
1772919240.1616535,63.978617709636495,0.4563929286048269,-7.78764600211558,1.0822265895343062,0.7330160889518093,9.686954091658402,-0.010223999348490767,-0.00824663857266255,-0.07853981633974483,-55.248715770018705,-1.4860390350479284,-78.375
1772919240.1946616,63.793477579961866,0.4340225579361802,-7.789966952742673,1.1110483254839227,0.7081274049839755,9.721424099096886,-0.004626724465441407,0.00010877982183693689,-0.0545415391248228,-55.248715770018705,-1.4860390350479284,-78.375
1772919240.2148023,63.793477579961866,0.4340225579361802,-7.789966952742673,1.1110483254839227,0.7081274049839755,9.721424099096886,-0.004626724465441407,0.00010877982183693689,-0.0545415391248228,-55.248715770018705,-1.4860390350479284,-78.375
1772919240.2574885,63.564055182214275,0.40521151843287745,-7.77312694941447,1.130228868798506,0.6915642638281989,9.744363503991984,-0.0038374737508950164,0.0008617705957710154,-0.07308566242726255,-55.55071812352969,-1.1694938905995804,-77.25
1772919240.297876,63.42756303854039,0.41206236279311026,-7.750679645290648,1.072804763967164,0.6135777546567869,9.742903863163132,0.008464198216336424,-0.0009705504176079526,-0.061086523819801536,-55.55071812352969,-1.1694938905995804,-77.25
1772919240.3479977,63.1771746031362,0.40251815079711595,-7.765530712587107,0.9814803448312911,0.6173453787754372,9.718516706545552,-0.0002538195842861853,-0.010795690419363282,-0.09381144729469522,-55.32461444892373,-0.9537779238060196,-76.875
1772919240.37195,63.050008042072925,0.41580030355528,-7.7469898179158605,1.0584133986463629,0.6402750490269505,9.725703108190178,-0.004626724465441407,0.00010877982183693689,-0.09381144729469522,-55.32461444892373,-0.9537779238060196,-76.875
1772919240.427818,62.83029490910128,0.3878368231640426,-7.729782747442083,1.0541930669027488,0.7136215578007447,9.683654014304837,-0.015132335359906192,0.012700531313966873,-0.07526732399225546,-55.520040179545866,-1.7448981952002014,-77.375
1772919240.4531457,62.83029490910128,0.3878368231640426,-7.729782747442083,1.0541930669027488,0.7136215578007447,9.683654014304837,-0.015132335359906192,0.012700531313966873,-0.07526732399225546,-55.520040179545866,-1.7448981952002014,-77.375
1772919240.5015244,62.695360326915555,0.3713654635067742,-7.716301708368139,1.049494189731526,0.6820331186651919,9.749333939848242,0.0044091648217675335,-0.00936222875271975,-0.0545415391248228,-55.520040179545866,-1.7448981952002014,-77.375
1772919240.540062,62.42328660304022,0.39377234036913983,-7.720786836011701,1.0140397279962112,0.6948954890813244,9.756246967824023,-0.0076386875611777205,0.003265782680022499,-0.07417649320975901,-56.40991208703235,-1.9892145644151116,-76.5
1772919240.591342,62.28756214203372,0.3886935618823707,-7.715397677340404,1.0001263579907493,0.7126916561876724,9.797643739498836,-0.01825307827747944,0.011230809706711031,-0.06217735460229799,-56.40991208703235,-1.9892145644151116,-76.5
1772919240.62622,62.28756214203372,0.3886935618823707,-7.715397677340404,1.0001263579907493,0.7126916561876724,9.797643739498836,-0.01825307827747944,0.011230809706711031,-0.06217735460229799,-56.40991208703235,-1.9892145644151116,-76.5
1772919240.6663914,62.00232093317822,0.37861092290304454,-7.679972468581766,1.00548718399236,0.7106336398929897,9.80565851363839,0.0021139325593529865,-0.008536718097561048,-0.06654067773228381,-55.21388274290992,-1.8847154830887396,-77.0
1772919240.7273686,62.00232093317822,0.37861092290304454,-7.679972468581766,1.00548718399236,0.7106336398929897,9.80565851363839,0.0021139325593529865,-0.008536718097561048,-0.06654067773228381,-55.21388274290992,-1.8847154830887396,-77.0
1772919240.7568057,61.790663023768154,0.3767244846559292,-7.663296186357834,1.027318115650374,0.7129280728308222,9.80042056590929,-0.008500458156948736,-0.0005716910708725179,-0.05890486225480862,-56.027855971491384,-2.6612929635455584,-76.1875
1772919240.8090007,61.61544977656926,0.3773645995650559,-7.647112215719094,1.0326099535247928,0.7241361705475562,9.796934770207285,-0.005307195358150861,0.0039825135133442656,-0.0545415391248228,-56.027855971491384,-2.6612929635455584,-76.1875
1772919240.833872,61.61544977656926,0.3773645995650559,-7.647112215719094,1.0326099535247928,0.7241361705475562,9.796934770207285,-0.005307195358150861,0.0039825135133442656,-0.0545415391248228,-56.027855971491384,-2.6612929635455584,-76.1875
1772919240.868411,61.494605911131586,0.38061540119443144,-7.6556538260627764,1.040972201630067,0.7362132360136394,9.794615012106489,-0.004590464524829094,0.0016510213103174058,-0.050178215994836975,-56.61572552546689,-3.2221544772088166,-76.0625
1772919240.8930895,61.40892423055936,0.3831417612708793,-7.644551970029026,1.0271748278774913,0.7257775816186494,9.796416350711125,-0.011367381490235801,0.00875427774123492,-0.05126904677733343,-56.61572552546689,-3.2221544772088166,-76.0625
1772919240.9217265,61.32913367905913,0.3819552054984865,-7.63934334702018,1.056606348942674,0.7510489879227952,9.797615121430239,-0.002295232262414547,0.0008255106551587029,-0.04690572364734761,-56.61572552546689,-3.2221544772088166,-76.0625
1772919240.9508953,61.23369848506135,0.38386462962644313,-7.628379411201606,1.0329609766309107,0.7404911979015358,9.798412889952663,-0.00010877982183693673,-0.004626724465441407,-0.04363323129985824,-55.801752296885425,-2.445576996751998,-75.0
1772919240.9862132,61.1327688837966,0.3839063872409874,-7.607407481734072,1.0149161446744217,0.7358854011374054,9.772182902334123,-0.010686910597526345,0.0048805440497275915,-0.04254240051736178,-55.801752296885425,-2.445576996751998,-75.0
1772919241.0555308,60.992430101901476,0.3870388528354863,-7.591098081092071,1.002907510581359,0.7328202948409975,9.754727138582146,0.005488495061212422,0.0037286939290580795,-0.04036073895236887,-57.82629766052669,-3.945201056494522,-75.6875
1772919241.100348,60.9358967014883,0.39306665276758923,-7.589376265634155,1.0304419609257438,0.7323112454957982,9.75983608133546,-0.0031932627987978743,-0.004554204584216782,-0.03599741582238305,-57.82629766052669,-3.945201056494522,-75.6875
1772919241.1163318,60.9358967014883,0.39306665276758923,-7.589376265634155,1.0304419609257438,0.7323112454957982,9.75983608133546,-0.0031932627987978743,-0.004554204584216782,-0.03599741582238305,-57.82629766052669,-3.945201056494522,-75.6875
1772919241.1571653,60.78528274422826,0.4026900230867941,-7.587120740474579,1.0731728267826364,0.7480219328914018,9.771069896821233,0.009108409168433564,-0.006386525597595748,-0.02945243112740431,-57.384478019127165,-3.9555887643069236,-76.1875
1772919241.2005723,60.730226095782726,0.4088537607989123,-7.586059639726628,1.079734232237107,0.7494662619999459,9.770712004383,-0.00372869392905808,0.005488495061212423,-0.026179938779914945,-57.384478019127165,-3.9555887643069236,-76.1875
1772919241.2429907,60.61305079272657,0.43927842277435636,-7.640820912263689,1.1058834252823353,0.7712093542596022,9.730332490475444,-0.006205225894534188,-0.0013972017260312196,-0.026179938779914945,-56.356866365314616,-3.4934788867359736,-75.75
1772919241.2699132,60.61305079272657,0.43927842277435636,-7.640820912263689,1.1058834252823353,0.7712093542596022,9.730332490475444,-0.006205225894534188,-0.0013972017260312196,-0.026179938779914945,-56.356866365314616,-3.4934788867359736,-75.75
1772919241.306746,60.52660405046798,0.45310847107635577,-7.6381003677614405,1.1160245374779822,0.7787518368147707,9.743601715526523,-0.006314005716371125,-0.006023926191472627,-0.05345070834232634,-56.356866365314616,-3.4934788867359736,-75.75
1772919241.3474572,60.41217256524372,0.4467694284627418,-7.613549819991455,1.1135369310840357,0.7934524529272863,9.75243223657106,-0.00670439708418208,0.010187739407878453,-0.04036073895236887,-57.13344384577144,-2.6795056581545063,-77.375
1772919241.3739758,60.36139120303113,0.4504447969982224,-7.627505085929668,1.1162772709802011,0.7889361688681696,9.758308849682816,0.009643840298693772,-0.016429225243024953,-0.031634092692397225,-57.13344384577144,-2.6795056581545063,-77.375
1772919241.4021025,60.36139120303113,0.4504447969982224,-7.627505085929668,1.1162772709802011,0.7889361688681696,9.758308849682816,0.009643840298693772,-0.016429225243024953,-0.031634092692397225,-57.13344384577144,-2.6795056581545063,-77.375
1772919241.424551,60.25111337588642,0.4641669389788041,-7.635249375111759,1.118100936569497,0.7859306322770262,9.76221967006262,-0.003084482976960938,7.251988122462455e-05,-0.037088246604879506,-57.6682676780292,-4.744631494138627,-75.0
1772919241.454267,60.25111337588642,0.4641669389788041,-7.635249375111759,1.118100936569497,0.7859306322770262,9.76221967006262,-0.003084482976960938,7.251988122462455e-05,-0.037088246604879506,-57.6682676780292,-4.744631494138627,-75.0
1772919241.5057023,60.070270060214646,0.46331117333481836,-7.64407801041696,1.1193145656474937,0.7839304812496637,9.748096718802058,-0.01075943047875097,0.0017960610727666545,-0.061086523819801536,-57.6682676780292,-4.744631494138627,-75.0
1772919241.5310996,60.070270060214646,0.46331117333481836,-7.64407801041696,1.1193145656474937,0.7839304812496637,9.748096718802058,-0.01075943047875097,0.0017960610727666545,-0.061086523819801536,-57.6682676780292,-4.744631494138627,-75.0
1772919241.6298795,59.60919238414918,0.47720702183001157,-7.714743210280384,1.078274406082779,0.7566757010436317,9.734669479542928,0.001433461666643532,-0.0046629844060537195,-0.044724062082354694,-57.351722533580855,-4.442629140627641,-75.0
1772919241.7194648,59.41952295501453,0.4630444983069105,-7.705514297369474,1.0906125474186026,0.7716113412455113,9.719727039645036,-0.0010793302394448885,-0.01309092268177783,-0.05890486225480862,-57.61058169373313,-4.171304731100484,-75.0
1772919241.770255,59.41952295501453,0.4630444983069105,-7.705514297369474,1.062407830562242,0.7421849352950385,9.70978301281098,-0.002585311787313045,-0.011512421252685048,-0.05890486225480862,-57.61058169373313,-4.171304731100484,-75.0
1772919241.7999666,59.41952295501453,0.4630444983069105,-7.705514297369474,1.062407830562242,0.7421849352950385,9.70978301281098,-0.002585311787313045,-0.011512421252685048,-0.05890486225480862,-57.61058169373313,-4.171304731100484,-75.0
1772919241.8403955,58.99594881615064,0.44435295597774216,-7.7060564660958955,1.0385749299728153,0.7085249984594368,9.72658115598621,0.005089635714476988,-0.01323596244422708,-0.0719948316447661,-57.351722533580855,-4.442629140627641,-73.75
1772919241.8604224,58.87053977731251,0.45262197000718024,-7.719367782548525,1.0227144008614957,0.6861246865014753,9.737760132621771,-7.251988122462452e-05,-0.003084482976960938,-0.06217735460229799,-57.351722533580855,-4.442629140627641,-73.75
1772919241.8748574,58.87053977731251,0.45262197000718024,-7.719367782548525,1.0227144008614957,0.6861246865014753,9.737760132621771,-7.251988122462452e-05,-0.003084482976960938,-0.06217735460229799,-57.351722533580855,-4.442629140627641,-73.75
1772919241.8945193,58.789673796429454,0.4651742786613726,-7.742236339665985,1.1113914727394265,0.7658906627054961,9.738509393280747,0.002903183273899377,-0.007783727323626969,-0.061086523819801536,-58.75356531613783,-5.780068134747719,-73.375
1772919241.9536798,58.789673796429454,0.4651742786613726,-7.742236339665985,1.1113914727394265,0.7658906627054961,9.738509393280747,0.002903183273899377,-0.007783727323626969,-0.061086523819801536,-58.75356531613783,-5.780068134747719,-73.375
1772919241.9840307,58.484395227927216,0.46159944313402995,-7.721005148175147,1.161168670209887,0.8286552070520361,9.698866677391672,-0.014234304823522864,0.01808024655334236,-0.07308566242726255,-58.75356531613783,-5.780068134747719,-73.375
1772919242.01978,58.484395227927216,0.46159944313402995,-7.721005148175147,1.1067194600842327,0.7683790991966183,9.712626233293479,0.0037649538696703914,-0.003946253572731952,-0.0545415391248228,-58.78216571855918,-5.116299901867194,-74.1875
1772919242.0639815,58.27025115025997,0.4574948338740443,-7.685893627335202,1.1067194600842327,0.7683790991966183,9.712626233293479,0.0037649538696703914,-0.003946253572731952,-0.0545415391248228,-58.78216571855918,-5.116299901867194,-74.1875
1772919242.1134343,58.08949572170212,0.4582092052274987,-7.669595744058078,1.0704841189831404,0.7282660227470809,9.72847328745646,0.005125895655089298,-0.01169372095574661,-0.05999569303730508,-58.78216571855918,-5.116299901867194,-74.1875
1772919242.1630228,57.76705603233648,0.4353983638652673,-7.661434071033813,1.0463699042556458,0.7015712184623379,9.779160665466561,0.01057813077568941,-0.009507268515168999,-0.05672320068981571,-56.77472586687113,-6.224450497163101,-73.375
1772919242.1809697,57.609064865281404,0.4082515862464569,-7.649110979133415,1.0018345977348684,0.6797438914613401,9.859724113219643,-0.01388017339632422,0.00032633946551081,-0.08617563181722002,-56.77472586687113,-6.224450497163101,-73.375
1772919242.2492316,57.41499354034432,0.39722495001633085,-7.624618739682331,0.9721968487372621,0.6652180491693949,9.866506623844169,0.00372869392905808,-0.005488495061212423,-0.05672320068981571,-59.12156382019481,-6.390305466457133,-73.0
1772919242.2804923,57.24960549625601,0.3972035040779627,-7.633475553219073,0.9597341415250309,0.6624785658457737,9.824188744996711,-0.005270935417538549,0.005524755001824734,-0.06217735460229799,-59.12156382019481,-6.390305466457133,-73.0
1772919242.3268762,57.24960549625601,0.3972035040779627,-7.633475553219073,0.9597341415250309,0.6624785658457737,9.824188744996711,-0.005270935417538549,0.005524755001824734,-0.06217735460229799,-59.12156382019481,-6.390305466457133,-73.0
1772919242.4278524,56.96898319457785,0.41902634890831325,-7.639849583634457,1.0556951819932625,0.7025399610349492,9.80739112795634,-0.004662984406053719,-0.001433461666643532,-0.04254240051736178,-57.531013111156525,-6.427701214581781,-73.75
1772919242.469984,56.96898319457785,0.41902634890831325,-7.639849583634457,1.0556951819932625,0.7025399610349492,9.80739112795634,-0.004662984406053719,-0.001433461666643532,-0.04254240051736178,-57.531013111156525,-6.427701214581781,-73.75
1772919242.5635576,56.55428141482211,0.4206871709030313,-7.548140556493175,1.1112516716249827,0.7065956713740756,9.828891625055274,-0.018144298455642503,0.015857534172152434,-0.06981317007977318,-59.113738833398266,-7.9377129821367065,-72.1875
1772919242.606986,56.55428141482211,0.4206871709030313,-7.548140556493175,1.1112516716249827,0.7065956713740756,9.828891625055274,-0.018144298455642503,0.015857534172152434,-0.06981317007977318,-59.113738833398266,-7.9377129821367065,-72.1875
1772919242.6401467,56.35962651937849,0.41768697783000885,-7.547550236090031,1.107161991454947,0.7100184624132495,9.805846606904408,-0.010723170538138658,0.0033383025612471235,-0.05235987755982989,-58.063274222398434,-6.5035998934868005,-72.5625
1772919242.6781516,56.23558871269572,0.4073289208425085,-7.528303179314416,1.078039502337278,0.696354973356156,9.78047506963277,-0.0016147613697050935,-0.0030482230363486256,-0.04145156973486533,-58.063274222398434,-6.5035998934868005,-72.5625
1772919242.7212691,56.141202080826645,0.41099178336906483,-7.527913399611888,1.08505966379822,0.7032033922784164,9.763590594997137,-0.006813176906019017,0.005561014942437046,-0.04145156973486533,-57.76958203513737,-7.173600751054768,-71.375
1772919242.7726753,56.07155336547812,0.4053293787799634,-7.518197184130618,1.085113301191883,0.7126015276828798,9.752354165739062,-0.012982142859940893,0.005706054704886296,-0.04799655442984406,-57.76958203513737,-7.173600751054768,-71.375
1772919242.8007727,56.07155336547812,0.4053293787799634,-7.518197184130618,1.085113301191883,0.7126015276828798,9.752354165739062,-0.012982142859940893,0.005706054704886296,-0.04799655442984406,-57.76958203513737,-7.173600751054768,-71.375
1772919242.842718,55.90602470662311,0.41096636219026955,-7.486766217142111,1.078221693820819,0.7261167654808253,9.754911782708911,-0.0016872812509297177,-0.0061327060133095634,-0.04036073895236887,-58.84241442387111,-7.678853821984434,-71.75
1772919242.8875773,55.85140389935427,0.4119860311450628,-7.436898217883988,1.0234763828332865,0.7149962603140232,9.796755188719725,-0.020403270777444738,0.01822528631579161,-0.008726646259971648,-58.84241442387111,-7.678853821984434,-71.75
1772919242.9276292,55.85140389935427,0.4119860311450628,-7.436898217883988,1.0234763828332865,0.7149962603140232,9.796755188719725,-0.020403270777444738,0.01822528631579161,-0.008726646259971648,-58.84241442387111,-7.678853821984434,-71.75
1772919242.9475427,55.88644154963843,0.4109239381416046,-7.452099216428802,0.9870439899162774,0.7075956883496987,9.82460150799845,-0.00312074291757325,-0.0014697216072558446,-0.01090830782496456,-58.56070230653155,-6.9781750204326345,-73.375
1772919242.9630814,55.8854362045089,0.4261700517156432,-7.455432469359366,1.0083394610346392,0.7276260244370335,9.826407363878076,-0.005951406310248002,0.009398488693332062,-0.008726646259971648,-58.56070230653155,-6.9781750204326345,-73.375
1772919242.9772673,55.8854362045089,0.4261700517156432,-7.455432469359366,1.0083394610346392,0.7276260244370335,9.826407363878076,-0.005951406310248002,0.009398488693332062,-0.008726646259971648,-58.56070230653155,-6.9781750204326345,-73.375
1772919242.9988904,55.885645882281125,0.4240715208196856,-7.4358031391309485,1.0225113591779096,0.7409559893496398,9.787467800305402,-0.008999629346596628,0.011013250063037156,0.0,-58.56070230653155,-6.9781750204326345,-73.375
1772919243.0256236,55.88554113268546,0.42512080112965817,-7.445617857645922,1.0271020099682298,0.7452087304552626,9.761553955731214,0.002975703155124001,-0.004699244346666031,0.001090830782496456,-58.84241442387111,-7.678853821984434,-73.0
1772919243.0476024,55.88554113268546,0.42512080112965817,-7.445617857645922,1.0271020099682298,0.7452087304552626,9.761553955731214,0.002975703155124001,-0.004699244346666031,0.001090830782496456,-58.84241442387111,-7.678853821984434,-73.0
1772919243.0695379,55.88379439948384,0.4512303005340881,-7.457716944617186,1.0301570367882584,0.7480388821548237,9.744308581643704,0.0031570028581855624,0.0030119630957363133,-0.002181661564992912,-58.84241442387111,-7.678853821984434,-73.0
1772919243.1011066,55.88315900229071,0.46104458385784886,-7.456668015520043,1.0414265262866058,0.7402411382689137,9.742867312953875,-0.0037649538696703914,0.003946253572731952,-0.002181661564992912,-58.81956146668382,-6.706850610905481,-74.1875
1772919243.147851,55.88252378356953,0.47085888378372054,-7.455619193272258,1.0636704004752617,0.7583652224859059,9.741908164740819,0.005270935417538549,-0.005524755001824734,0.001090830782496456,-58.81956146668382,-6.706850610905481,-74.1875
1772919243.2272007,55.88252378356953,0.47085888378372054,-7.455619193272258,1.0636704004752617,0.7583652224859059,9.741908164740819,0.005270935417538549,-0.005524755001824734,0.001090830782496456,-58.81956146668382,-6.706850610905481,-74.1875
1772919243.2656686,55.8812538814367,0.49048753283898844,-7.45352186914406,1.0542705046997014,0.7473355898817682,9.751305197441376,-0.0007529907739340783,0.0007892507145463906,-0.003272492347489368,-58.35745158911288,-7.734462264718027,-71.75
1772919243.299381,55.8812538814367,0.49048753283898844,-7.45352186914406,1.0542705046997014,0.7473355898817682,9.751305197441376,-0.0007529907739340783,0.0007892507145463906,-0.003272492347489368,-58.35745158911288,-7.734462264718027,-71.75
1772919243.3571827,55.88530415241724,0.5115383248256351,-7.461501134544453,1.0649570409622104,0.7561591983266654,9.750868594317225,-0.0007892507145463906,-0.0007529907739340783,-0.002181661564992912,-58.35745158911288,-7.734462264718027,-71.75
1772919243.4092114,55.88815677961008,0.5358105793077093,-7.453597503436835,1.0743779122876043,0.7596109166238044,9.750578039815279,-0.001542241488480469,3.6259940612312275e-05,-0.001090830782496456,-58.84241442387111,-7.678853821984434,-72.5
1772919243.5070822,55.887147605027614,0.5510562001069731,-7.456931605871062,1.0806473969166255,0.7619079965923305,9.750384679039941,-0.0007529907739340783,0.0007892507145463906,0.002181661564992912,-58.84241442387111,-7.678853821984434,-72.5
1772919243.5378282,55.887147605027614,0.5510562001069731,-7.456931605871062,1.0806473969166255,0.7619079965923305,9.750384679039941,-0.0007529907739340783,0.0007892507145463906,0.002181661564992912,-58.84241442387111,-7.678853821984434,-72.5
1772919243.5773132,55.887147605027614,0.5510562001069731,-7.456931605871062,1.0806473969166255,0.7619079965923305,9.750384679039941,-0.0007529907739340783,0.0007892507145463906,0.002181661564992912,-58.84241442387111,-7.678853821984434,-72.5
1772919243.7131119,55.88524491045057,0.5804987103650048,-7.453785948945917,1.0659248120284495,0.7484014858233592,9.761312857239105,0.001542241488480469,-3.6259940612312275e-05,-0.002181661564992912,-59.645999944640174,-8.013611661041725,-72.1875
1772919243.7772954,55.88524491045057,0.5804987103650048,-7.453785948945917,1.057968697486397,0.7335551445023978,9.764218803534368,-0.0007892507145463906,-0.0007529907739340783,-0.003272492347489368,-58.35745158911288,-7.734462264718027,-73.6875
1772919243.8029156,55.88524491045057,0.5804987103650048,-7.453785948945917,1.0543613978376178,0.7374717030895107,9.760749426992918,-3.625994061231226e-05,-0.001542241488480469,-0.002181661564992912,-58.35745158911288,-7.734462264718027,-73.6875
1772919243.8318233,55.88524491045057,0.5804987103650048,-7.453785948945917,1.0543613978376178,0.7374717030895107,9.760749426992918,-3.625994061231226e-05,-0.001542241488480469,-0.002181661564992912,-58.35745158911288,-7.734462264718027,-73.6875
1772919243.861982,55.88524491045057,0.5804987103650048,-7.453785948945917,1.055336351103049,0.7403584885767495,9.763843846999459,3.625994061231226e-05,0.001542241488480469,-0.002181661564992912,-59.39288822972197,-6.649164626609406,-72.5
1772919243.9313903,55.88524491045057,0.5804987103650048,-7.453785948945917,1.0559851716102517,0.742279612071,9.759212925532236,-0.0007892507145463906,-0.0007529907739340783,-0.002181661564992912,-59.39288822972197,-6.649164626609406,-72.5
1772919243.9695609,55.88524491045057,0.5804987103650048,-7.453785948945917,1.0564169544099953,0.7435580982960681,9.7594762107339,0.0007892507145463906,0.0007529907739340783,-0.001090830782496456,-59.5883139603441,-7.440284898003587,-71.375
1772919244.0498815,55.88524491045057,0.5804987103650048,-7.453785948945917,1.0564169544099953,0.7435580982960681,9.7594762107339,0.0007892507145463906,0.0007529907739340783,-0.001090830782496456,-59.5883139603441,-7.440284898003587,-71.375
1772919244.1516945,55.88524491045057,0.5804987103650048,-7.453785948945917,1.0451729902245566,0.7491912921481679,9.757541892154876,-0.002258972321802235,0.002367752143639172,0.0,-57.76958203513737,-7.173600751054768,-72.1875
1772919244.1766589,55.88524491045057,0.5804987103650048,-7.453785948945917,1.0451729902245566,0.7491912921481679,9.757541892154876,-0.002258972321802235,0.002367752143639172,0.0,-57.76958203513737,-7.173600751054768,-72.1875
1772919244.2872002,55.88524491045057,0.5804987103650048,-7.453785948945917,1.0351675342505884,0.7391911382206163,9.76448261073058,0.0,0.0,-0.001090830782496456,-59.09088587621098,-6.965709771057754,-72.875
1772919244.3338573,55.88524491045057,0.5804987103650048,-7.453785948945917,1.0351675342505884,0.7391911382206163,9.76448261073058,0.0,0.0,-0.001090830782496456,-59.09088587621098,-6.965709771057754,-72.875
1772919244.3580742,55.88524491045057,0.5804987103650048,-7.453785948945917,1.0351675342505884,0.7391911382206163,9.76448261073058,0.0,0.0,-0.001090830782496456,-59.09088587621098,-6.965709771057754,-72.875
1772919244.3965087,55.88524491045057,0.5804987103650048,-7.453785948945917,1.0305727702491578,0.7346866447294231,9.766328239074477,0.0007892507145463906,0.0007529907739340783,-0.002181661564992912,-59.113738833398266,-7.9377129821367065,-72.5625
1772919244.4375834,55.88524491045057,0.5804987103650048,-7.453785948945917,1.0275150061330829,0.7316889546295233,9.764211372413001,0.0008255106551587029,0.0022952322624145475,-0.004363323129985824,-59.113738833398266,-7.9377129821367065,-72.5625
1772919244.459364,55.88524491045057,0.5804987103650048,-7.453785948945917,1.0275150061330829,0.7316889546295233,9.764211372413001,0.0008255106551587029,0.0022952322624145475,-0.004363323129985824,-59.113738833398266,-7.9377129821367065,-72.5625
1772919244.4942746,55.88524491045057,0.5804987103650048,-7.453785948945917,1.0326297882039754,0.7318919324359089,9.76280262129674,0.0007529907739340783,-0.0007892507145463906,-0.001090830782496456,-58.854879673245996,-8.20903739166386,-72.5625
1772919244.5224376,55.88524491045057,0.5804987103650048,-7.453785948945917,1.0326297882039754,0.7318919324359089,9.76280262129674,0.0007529907739340783,-0.0007892507145463906,-0.001090830782496456,-58.854879673245996,-8.20903739166386,-72.5625
1772919244.5614913,55.88524491045057,0.5804987103650048,-7.453785948945917,1.042329803147025,0.7359626873920722,9.766812458158254,0.0007892507145463906,0.0007529907739340783,0.0,-58.83202671605871,-7.237034180584907,-72.5
1772919244.5890157,55.88524491045057,0.5804987103650048,-7.453785948945917,1.0473294592381786,0.7393542554869139,9.767878726511494,0.0015785014290927812,0.0015059815478681566,0.0,-58.83202671605871,-7.237034180584907,-72.5
1772919244.6553643,55.88524491045057,0.5804987103650048,-7.453785948945917,1.0506566745170232,0.7416113061677332,9.768588316189577,-0.002404012084251484,-0.003801213810282704,-0.003272492347489368,-58.28155291020785,-8.26672337595994,-73.6875
1772919244.6836064,55.88524491045057,0.5804987103650048,-7.453785948945917,1.0506566745170232,0.7416113061677332,9.768588316189577,-0.002404012084251484,-0.003801213810282704,-0.003272492347489368,-58.28155291020785,-8.26672337595994,-73.6875
1772919244.707519,55.88524491045057,0.5804987103650048,-7.453785948945917,1.0528708991176643,0.7431133481829103,9.769060540193705,3.625994061231226e-05,0.001542241488480469,0.001090830782496456,-58.28155291020785,-8.26672337595994,-73.6875
1772919244.737859,55.88524491045057,0.5804987103650048,-7.453785948945917,1.0528708991176643,0.7431133481829103,9.769060540193705,3.625994061231226e-05,0.001542241488480469,0.001090830782496456,-58.28155291020785,-8.26672337595994,-73.6875
1772919244.7751942,55.88524491045057,0.5804987103650048,-7.453785948945917,1.0519241462981062,0.741803839545976,9.769374799993363,3.625994061231226e-05,0.001542241488480469,-0.002181661564992912,-59.645999944640174,-8.013611661041725,-71.6875
1772919244.819781,55.88524491045057,0.5804987103650048,-7.453785948945917,1.051294092872612,0.7409323761762661,9.772929048086844,0.0,0.0,0.001090830782496456,-59.645999944640174,-8.013611661041725,-71.6875
1772919244.842473,55.88524491045057,0.5804987103650048,-7.453785948945917,1.0531839001752294,0.7379321324818323,9.775294360489504,0.0007892507145463906,0.0007529907739340783,0.001090830782496456,-58.83202671605871,-7.237034180584907,-72.5
1772919244.8713503,55.88524491045057,0.5804987103650048,-7.453785948945917,1.0531839001752294,0.7379321324818323,9.775294360489504,0.0007892507145463906,0.0007529907739340783,0.001090830782496456,-58.83202671605871,-7.237034180584907,-72.5
1772919244.9334595,55.866258453206264,0.5766644133437715,-7.5691017457110785,1.0568618403813663,0.7382446046372306,9.776868449471202,0.09699077007504686,-0.10798230813040625,-0.03381575425739013,-58.83202671605871,-7.237034180584907,-72.5
1772919244.969197,55.818799490449,0.6055474978076086,-7.495796831419873,1.1439938103188938,0.7175334825848082,9.808021993470671,-0.06950117882453356,0.030181294834748885,-0.031634092692397225,-57.84755825560487,-6.729703568092766,-74.1875
1772919245.003294,55.70026222024622,0.5839761751269743,-7.413038990092245,1.201979162984439,0.7037504622173135,9.838789664116387,-0.01655732904762524,0.050539837692656825,-0.03490658503988659,-57.84755825560487,-6.729703568092766,-74.1875
1772919245.0780916,55.733155392293995,0.5477562257135519,-7.427275907588014,1.1866800924410847,0.717139023303698,9.85926520523371,0.018615677683602564,0.004191605178093659,0.04145156973486533,-58.82627927082464,-8.872805624544387,-71.0
1772919245.1208181,55.688804376360636,0.5417590301902141,-7.398022227748175,1.1426146081014417,0.6937215496788965,9.836095220339994,0.008536718097561048,0.002113932559352986,-0.037088246604879506,-58.82627927082464,-8.872805624544387,-71.0
1772919245.1493464,55.688804376360636,0.5417590301902141,-7.398022227748175,1.1426146081014417,0.6937215496788965,9.836095220339994,0.008536718097561048,0.002113932559352986,-0.037088246604879506,-58.82627927082464,-8.872805624544387,-71.0
1772919245.1763155,55.69397318200658,0.5288413601599048,-7.413923909858167,1.1471736443119793,0.710464894039675,9.820675854218916,0.010505610894464784,-0.012591751492129936,-0.001090830782496456,-58.509734126376294,-8.570803271033403,-72.1875
1772919245.24509,55.69397318200658,0.5288413601599048,-7.413923909858167,1.1471736443119793,0.710464894039675,9.820675854218916,0.010505610894464784,-0.012591751492129936,-0.001090830782496456,-58.509734126376294,-8.570803271033403,-72.1875
1772919245.2917933,55.83284343046688,0.5477177546168193,-7.412557805272339,1.109396205730086,0.6965408748789246,9.823794885140222,-0.002367752143639172,-0.002258972321802235,0.0,-56.23671731039516,-7.784323262217558,-71.375
1772919245.352813,56.00529183199135,0.5731170698846323,-7.4049838032898005,1.0842557423554755,0.6872745956689308,9.88942768781556,0.01656579702654972,-0.01736351572002059,0.06763150851478027,-56.23671731039516,-7.784323262217558,-71.375
1772919245.3745542,56.00529183199135,0.5731170698846323,-7.4049838032898005,1.0842557423554755,0.6872745956689308,9.88942768781556,0.01656579702654972,-0.01736351572002059,0.06763150851478027,-56.23671731039516,-7.784323262217558,-71.375
1772919245.4117754,56.201226458774684,0.5540373805680572,-7.432534457536591,1.0481626883628459,0.6626351838127935,9.933105584829553,0.02388661310114111,-0.0013331498237310758,0.05999569303730508,-59.1079913881642,-9.573484426096185,-69.6875
1772919245.4457152,56.201226458774684,0.5540373805680572,-7.432534457536591,1.0481626883628459,0.6626351838127935,9.933105584829553,0.02388661310114111,-0.0013331498237310758,0.05999569303730508,-59.1079913881642,-9.573484426096185,-69.6875
1772919245.4837117,56.80958365639047,0.5564319804898811,-7.453705375668286,1.0287613657548336,0.6413973413492481,9.962172737378287,0.00563353482366167,0.009897659882979954,0.16471544815696484,-59.4427492272215,-8.769898905327118,-68.5
1772919245.56335,57.30855197426435,0.5613822724962492,-7.4297229621914145,1.037632653297155,0.6480457018041373,9.944720373917587,0.022561931256334516,0.007956559047764052,0.13744467859455345,-59.4427492272215,-8.769898905327118,-68.5
1772919245.6107671,58.055941945530826,0.5816230375993314,-7.439263295694326,1.0725799307391004,0.680179321249325,9.933106020990165,0.01202006042125742,0.01900606905141352,0.19525871006686563,-60.38199695275414,-9.23408632446055,-68.1875
1772919245.6485465,58.46727128717718,0.637856157491241,-7.433424739336266,1.025229604064474,0.7174199782264956,9.80829788910161,0.01309092268177783,-0.0010793302394448883,0.1636246173744684,-60.38199695275414,-9.23408632446055,-68.1875
1772919245.6890578,58.77619170094392,0.6523508743867397,-7.427389055638236,1.0204529244624965,0.7723327238256935,9.725239471527962,0.0054522351206001095,0.00218645244057761,0.19634954084936207,-60.56239471298554,-7.505795869096206,-68.5
1772919245.7256925,59.35825720232143,0.6929732632343647,-7.40837388189658,0.9882305628650819,0.781167332776887,9.76362815026096,-0.0041553452374813475,0.02015791917208303,0.21271200258680892,-60.56239471298554,-7.505795869096206,-68.5
1772919245.7435231,59.58237126747284,0.7173189844836471,-7.4058735880677755,0.9968052518180037,0.7555828371067767,9.78917538712813,0.0074295958964283254,0.020657090361730926,0.19744037163185854,-60.56239471298554,-7.505795869096206,-68.5
1772919245.760992,59.58237126747284,0.7173189844836471,-7.4058735880677755,0.9968052518180037,0.7555828371067767,9.78917538712813,0.0074295958964283254,0.020657090361730926,0.19744037163185854,-60.56239471298554,-7.505795869096206,-68.5
1772919245.8018188,60.019860417336155,0.7596201070299324,-7.395935366524895,1.0025116115306214,0.7385566410358612,9.806176787881897,0.017073436195122096,0.004227865118705972,0.19525871006686563,-58.723372551607376,-8.256335668147534,-68.1875
1772919245.8357959,60.509006439745086,0.784132876164851,-7.378605895558283,1.0331547577749833,0.7620847975079275,9.847597035531313,0.002013620716440528,0.020012879409633786,0.22362031041177347,-58.723372551607376,-8.256335668147534,-68.1875
1772919245.8590846,60.858325474764,0.8036693845493,-7.3565107003287125,1.0535474292942337,0.7777425228133586,9.875161747647516,0.0004713792279600588,0.020049139350246097,0.21162117180431245,-60.52756168587674,-7.904472317137016,-68.5
1772919245.8918226,60.858325474764,0.8036693845493,-7.3565107003287125,1.0535474292942337,0.7777425228133586,9.875161747647516,0.0004713792279600588,0.020049139350246097,0.21162117180431245,-60.52756168587674,-7.904472317137016,-68.5
1772919245.9312823,61.40828535849932,0.8405796753256758,-7.362663022389347,1.0574373461621258,0.7789261608193669,9.870089973691602,0.01169372095574661,0.005125895655089299,0.19853120241435498,-60.52756168587674,-7.904472317137016,-68.5
1772919245.960132,62.057087640606134,0.8879636294852309,-7.361654270591977,1.048146957075911,0.7776271453464358,9.86671476477937,0.01621166559935108,0.0003903913678109564,0.1930770485018727,-59.98699040838491,-7.475117925112377,-67.375
1772919246.0272079,62.573325284034304,0.9081291422359364,-7.339751816800969,1.023157919153525,0.7819368353866534,9.797566366805446,0.002802871430986917,0.02076587018356786,0.2378011105842274,-59.98699040838491,-7.475117925112377,-67.375
1772919246.0776968,63.19363236265524,0.9444920450929443,-7.3149588703207975,1.0253343813279772,0.7796307156395264,9.751548880392017,0.02101968976785405,0.007992818988376364,0.21162117180431245,-59.79779730245022,-6.949089438557908,-68.25
1772919246.11508,63.51536836788234,0.963986618466237,-7.277669870164162,0.9903529065549515,0.564297220086043,9.830968641970767,0.011149821846561927,-0.018007726672117735,0.02399827721492203,-60.11434244689857,-7.251091792068894,-67.5
1772919246.1691744,63.51536836788234,0.963986618466237,-7.277669870164162,0.9903529065549515,0.564297220086043,9.830968641970767,0.011149821846561927,-0.018007726672117735,0.02399827721492203,-60.11434244689857,-7.251091792068894,-67.5
1772919246.1905947,63.51536836788234,0.963986618466237,-7.277669870164162,0.9903529065549515,0.564297220086043,9.830968641970767,0.011149821846561927,-0.018007726672117735,0.02399827721492203,-60.11434244689857,-7.251091792068894,-67.5
1772919246.2420413,64.11124820209359,1.0138461701551569,-7.255308783685414,0.8940337881564839,0.5072374691105969,9.817264173581828,-0.0062414858351465,-0.002939443214511689,0.12435470920459599,-59.3003692183171,-6.474514311612075,-68.6875
1772919246.2856512,64.11124820209359,1.0138461701551569,-7.255308783685414,0.8940337881564839,0.5072374691105969,9.817264173581828,-0.0062414858351465,-0.002939443214511689,0.12435470920459599,-59.3003692183171,-6.474514311612075,-68.6875
1772919246.326345,64.32587517856555,1.0442157608658331,-7.179854436633188,0.9098042111909471,0.5454651692667766,9.808144002957933,0.006958216668468266,0.0006079510114848291,0.04363323129985824,-59.738033776591664,-6.287398747239863,-67.875
1772919246.3630707,63.549046422400345,0.9972747468313484,-7.218798211591911,0.8440989245220576,0.6507749970629142,9.802074631286711,0.029048768696842725,-0.011484629290997214,0.007635815477475192,-59.738033776591664,-6.287398747239863,-67.875
1772919246.3933604,64.39977692019323,1.0675337134094152,-7.226035064310823,0.927065721730549,0.6752907217737364,9.78465508540956,-0.006205225894534188,-0.0013972017260312196,0.037088246604879506,-60.184008501116146,-6.4537388959872715,-67.875
1772919246.5062723,64.38472190607993,1.060796942658927,-7.2220697644309375,0.9004599261646945,0.7337514138142288,9.78644301904667,0.006595617262345145,-0.014814463873319859,-0.003272492347489368,-60.184008501116146,-6.4537388959872715,-67.875
1772919246.5553522,64.39006428348327,1.0669371447666347,-7.2262377405404195,0.9645733387300828,0.7305106002144276,9.774252422080362,0.0039825135133442656,0.005307195358150861,0.00545415391248228,-59.968292534322586,-6.679842570593234,-69.75
1772919246.5942774,64.39046374887008,1.0611961175963909,-7.222266961561558,0.9623664393963642,0.7317749131616411,9.779520162806453,-0.0030119630957363133,0.0031570028581855624,0.006544984694978736,-59.968292534322586,-6.679842570593234,-69.75
1772919246.631237,64.39046374887008,1.0611961175963909,-7.222266961561558,1.0182064857415205,0.7549289513324237,9.766300226878549,0.0030482230363486256,-0.0016147613697050937,-0.004363323129985824,-59.968292534322586,-6.679842570593234,-68.5625
1772919246.6525908,63.658927377861744,1.0064976158582866,-7.202506371518283,1.0246819397354985,0.7734251620701984,9.75750250719489,-0.0030119630957363133,0.0031570028581855624,-0.001090830782496456,-59.968292534322586,-6.679842570593234,-68.5625
1772919246.684853,64.39066113110975,1.0572260540235732,-7.2280089894607435,1.0336094836711818,0.7808935945864245,9.751647723022383,-0.0038737336915073287,-0.000680470892709454,0.0,-59.968292534322586,-6.679842570593234,-68.5625
1772919246.745525,64.39066113110975,1.0572260540235732,-7.2280089894607435,1.0336094836711818,0.7808935945864245,9.751647723022383,-0.0038737336915073287,-0.000680470892709454,0.0,-59.968292534322586,-6.679842570593234,-68.5625
1772919246.797851,64.39066113110975,1.0572260540235732,-7.2280089894607435,1.0122142774264509,0.765472224543577,9.755193824903536,-0.0023314922030268593,-0.000716730833321766,-0.00545415391248228,-60.45533291064331,-6.712598056139544,-69.875
1772919246.8567047,64.39066113110975,1.0572260540235732,-7.2280089894607435,1.0122142774264509,0.765472224543577,9.755193824903536,-0.0023314922030268593,-0.000716730833321766,-0.00545415391248228,-60.45533291064331,-6.712598056139544,-69.875
1772919246.9455786,64.39085890990577,1.0532560328475222,-7.233750991024361,1.02908026977526,0.7391034831549191,9.761216575076087,-0.0021501924999652983,0.006994476609080579,0.00545415391248228,-59.70943337417032,-6.951166980120391,-69.5
1772919246.9761302,64.39085890990577,1.0532560328475222,-7.233750991024361,1.02908026977526,0.7391034831549191,9.761216575076087,-0.0021501924999652983,0.006994476609080579,0.00545415391248228,-59.70943337417032,-6.951166980120391,-69.5
1772919247.0299208,64.39085890990577,1.0532560328475222,-7.233750991024361,1.031251159115928,0.7345171175247233,9.760809617123101,0.002295232262414547,-0.0008255106551587029,0.0,-56.80748135241744,-5.737410120842386,-70.5625
1772919247.0560153,64.39085890990577,1.0532560328475222,-7.233750991024361,1.0325846679840702,0.7267355470549876,9.763883902858726,-0.002295232262414547,0.0008255106551587029,0.001090830782496456,-56.80748135241744,-5.737410120842386,-70.5625
1772919247.0822413,64.39085890990577,1.0532560328475222,-7.233750991024361,1.0311630024204228,0.7239772933899917,9.759239582259125,0.0007529907739340783,-0.0007892507145463906,-0.004363323129985824,-57.62145458099891,-6.513987601299205,-69.75
1772919247.097811,64.39085890990577,1.0532560328475222,-7.233750991024361,1.0311630024204228,0.7239772933899917,9.759239582259125,0.0007529907739340783,-0.0007892507145463906,-0.004363323129985824,-57.62145458099891,-6.513987601299205,-69.75
1772919247.121433,64.39085890990577,1.0532560328475222,-7.233750991024361,1.0279077990497343,0.7245620009444247,9.739423280243955,0.000716730833321766,-0.0023314922030268598,0.004363323129985824,-57.62145458099891,-6.513987601299205,-69.75
1772919247.1484876,64.39085890990577,1.0532560328475222,-7.233750991024361,1.0354226757966476,0.7341875205667924,9.726235752615457,-0.002367752143639172,-0.002258972321802235,-0.001090830782496456,-58.42088501864301,-6.672017583796691,-70.25
1772919247.1686184,64.39085890990577,1.0532560328475222,-7.233750991024361,1.0354226757966476,0.7341875205667924,9.726235752615457,-0.002367752143639172,-0.002258972321802235,-0.001090830782496456,-58.42088501864301,-6.672017583796691,-70.25
1772919247.1939735,64.36548730105197,1.051228107427455,-7.259122599878147,1.0614280371724771,0.728269336092202,9.727494935414985,0.007602427620565407,-0.004808024168502968,-0.011999138607461015,-58.42088501864301,-6.672017583796691,-70.25
1772919247.2283764,64.36548730105197,1.051228107427455,-7.259122599878147,1.0614280371724771,0.728269336092202,9.727494935414985,0.007602427620565407,-0.004808024168502968,-0.011999138607461015,-58.42088501864301,-6.672017583796691,-70.25
1772919247.2591534,64.22002792240468,1.0437836034643535,-7.270250816510111,1.0932560820098238,0.7381854553495703,9.728332907502077,0.00014503976244924905,0.006168965953921876,-0.05345070834232634,-58.39020707465919,-7.247421888397312,-69.75
1772919247.2887926,64.13521555446316,1.0326420385545176,-7.267065693187829,1.114437290306521,0.7447845219450386,9.728890568565276,-0.000716730833321766,0.0023314922030268598,-0.032724923474893676,-58.39020707465919,-7.247421888397312,-69.75
1772919247.330861,64.05992149780094,1.0238491683418751,-7.2733837210124035,1.068915333800182,0.7292837695769816,9.725916574066034,0.000680470892709454,-0.0038737336915073287,-0.03381575425739013,-56.90831053007223,-6.265516148959334,-69.0
1772919247.3504264,64.0157206944459,1.0153137123325802,-7.269983250301971,1.034002778620535,0.7238087811443402,9.723937413948482,-0.003909993632119641,-0.002222712381189923,-0.02945243112740431,-56.90831053007223,-6.265516148959334,-69.0
1772919247.3678975,64.0157206944459,1.0153137123325802,-7.269983250301971,1.034002778620535,0.7238087811443402,9.723937413948482,-0.003909993632119641,-0.002222712381189923,-0.02945243112740431,-56.90831053007223,-6.265516148959334,-69.0
1772919247.410377,63.92458456703575,1.0112354010728788,-7.280266774716661,1.0371697157965063,0.7361065557606281,9.72262030499892,-0.009398488693332062,-0.005951406310248002,-0.04363323129985824,-58.42088501864301,-6.672017583796691,-67.0625
1772919247.4654906,63.764488646725745,0.9912798159807744,-7.283302542616916,1.0369681762909833,0.7467108819493995,9.735124230535334,-0.003909993632119641,-0.002222712381189923,-0.050178215994836975,-58.42088501864301,-6.672017583796691,-67.0625
1772919247.5046248,63.66995517608638,0.9795378298772086,-7.2802267361307385,1.036611666526102,0.7443091518181387,9.746790565009137,-0.003084482976960938,7.251988122462455e-05,-0.04254240051736178,-59.17717226292841,-6.875268301215368,-68.5625
1772919247.542815,63.629751764187475,0.9712163553636552,-7.276382863265809,1.0196547388379193,0.7360059122627893,9.754554380279957,-0.0023314922030268593,-0.000716730833321766,-0.032724923474893676,-59.17717226292841,-6.875268301215368,-68.5625
1772919247.568079,63.610925422764055,0.9579833446377504,-7.293909074598619,0.9852790846914681,0.7546831446597225,9.793172229688384,0.001433461666643532,-0.0046629844060537195,-0.007635815477475192,-59.17717226292841,-6.875268301215368,-67.0625
1772919247.614016,63.610925422764055,0.9579833446377504,-7.293909074598619,0.9852790846914681,0.7546831446597225,9.793172229688384,0.001433461666643532,-0.0046629844060537195,-0.007635815477475192,-59.17717226292841,-6.875268301215368,-67.0625
1772919247.6675,63.91230471316996,0.9824725357743563,-7.320939729242076,1.02149028385968,0.8650956122236608,9.778730636592215,0.02370531339807955,-0.009044357266133419,0.12544553998709243,-59.17717226292841,-6.875268301215368,-67.0625
1772919247.6902046,64.16158852934437,1.0125857882841942,-7.28582185500109,1.0455884324005258,0.938573875999384,9.718943242100089,0.0014697216072558446,-0.0031207429175732506,-0.011999138607461015,-59.166784555116,-6.433448659815845,-67.875
1772919247.7122178,64.1421565538414,1.011379928071857,-7.286217135433228,1.0177265978255938,0.9317208388641685,9.679155398934535,-0.012265412026619127,0.0033745625018594344,-0.013089969389957472,-59.166784555116,-6.433448659815845,-67.875
1772919247.7371302,64.14633672081663,1.0098322461556792,-7.276101052189343,1.0592214794503367,0.8642325607279605,9.65936725718183,-0.010650650656914033,0.006422785538208061,-0.006544984694978736,-59.166784555116,-6.433448659815845,-67.875
1772919247.7760637,64.14633672081663,1.0098322461556792,-7.276101052189343,1.0592214794503367,0.8642325607279605,9.65936725718183,-0.010650650656914033,0.006422785538208061,-0.006544984694978736,-59.166784555116,-6.433448659815845,-67.875
1772919247.8287716,64.12730395963244,1.002896010020264,-7.27251175488676,1.0676164641289498,0.7997622049420742,9.688635881957115,-0.011367381490235801,0.00875427774123492,-0.006544984694978736,-58.67974417879529,-6.400693174269534,-67.5
1772919247.8558924,64.12730395963244,1.002896010020264,-7.27251175488676,1.0676164641289498,0.7997622049420742,9.688635881957115,-0.011367381490235801,0.00875427774123492,-0.006544984694978736,-58.67974417879529,-6.400693174269534,-67.5
1772919247.8761702,64.12670723649288,1.0103767183529515,-7.2862117781979485,1.0640462559134884,0.7770827263532306,9.752649317119726,0.0038012138102827037,-0.002404012084251484,-0.007635815477475192,-58.67974417879529,-6.400693174269534,-67.5
1772919247.911367,64.0514235516759,0.999326823325755,-7.3079613231376515,1.0931341514660193,0.7920080973473683,9.6714804099727,-0.00018129970306156136,-0.007711207442402344,-0.031634092692397225,-59.166784555116,-6.433448659815845,-67.5
1772919247.9469392,63.97532706487014,1.004210103608569,-7.30678683285971,1.1101827202040186,0.804361059573424,9.741232542153277,-0.011729980896358922,-0.006668137143569768,-0.04799655442984406,-59.166784555116,-6.433448659815845,-67.5
1772919247.9740567,63.97532706487014,1.004210103608569,-7.30678683285971,1.1101827202040186,0.804361059573424,9.741232542153277,-0.011729980896358922,-0.006668137143569768,-0.04799655442984406,-59.166784555116,-6.433448659815845,-67.5
1772919248.0274498,63.86038227803633,0.9998640334960818,-7.352733604852619,1.0854463213778327,0.787404096408148,9.78096158352244,0.006776916965406705,-0.007103256430917515,-0.03599741582238305,-60.72665732017046,-6.971457216291817,-65.875
1772919248.0596535,63.53277773827486,1.0092285300182111,-7.385485305067672,1.0795755503607607,0.7460258908696417,9.821650719411945,-0.0019048408946035907,-0.015386154944192376,-0.08290313946973066,-59.17717226292841,-6.875268301215368,-67.5
1772919248.105068,63.412071485479274,1.0112115672621262,-7.384911195139949,1.1150142275427233,0.7592386474767465,9.831133870450863,-0.017862686909668486,-0.004980855892640049,-0.07308566242726255,-59.17717226292841,-6.875268301215368,-67.5
1772919248.1388025,63.412071485479274,1.0112115672621262,-7.384911195139949,1.1150142275427233,0.7592386474767465,9.831133870450863,-0.017862686909668486,-0.004980855892640049,-0.07308566242726255,-59.17717226292841,-6.875268301215368,-67.5
1772919248.167058,63.21569072513157,1.0099794992408333,-7.394607906887972,1.1168156203203767,0.7472496820304789,9.834099689826205,-0.004018773453956578,-0.00684943684663133,-0.07090400086226964,-59.76504181690391,-7.436129814878626,-65.5
1772919248.202743,63.21569072513157,1.0099794992408333,-7.394607906887972,1.1168156203203767,0.7472496820304789,9.834099689826205,-0.004018773453956578,-0.00684943684663133,-0.07090400086226964,-59.76504181690391,-7.436129814878626,-65.5
1772919248.273689,62.53956495599129,0.9678979956641871,-7.4101323822692535,1.1217873041370887,0.7598674853710528,9.798388174610206,-0.019441188338761267,-0.006486837440508208,-0.1090830782496456,-59.50618265675164,-7.707454224405783,-65.875
1772919248.3537593,62.15370795280896,0.9510856221571959,-7.401917643090066,1.088662034452992,0.7673641042917126,9.788892013086404,-0.013807653515099595,0.003410822442471747,-0.09926560120717749,-59.50618265675164,-7.707454224405783,-65.875
1772919248.3762176,62.15370795280896,0.9510856221571959,-7.401917643090066,1.088662034452992,0.7673641042917126,9.788892013086404,-0.013807653515099595,0.003410822442471747,-0.09926560120717749,-59.50618265675164,-7.707454224405783,-65.875
1772919248.436022,61.74866099080237,0.9238875537527678,-7.430393070002648,0.9874587688837938,0.6818496026737388,9.772783741335925,0.004300384999930597,-0.013988953218161158,-0.11671889372712078,-59.284719244724016,-9.569329342971223,-65.875
1772919248.4612067,61.59954726340135,0.9101128597613529,-7.4374734502123,0.957900499849501,0.6667305701965603,9.735056319982116,-0.01154868119329736,0.0010430702988325764,-0.12980886311707826,-59.284719244724016,-9.569329342971223,-65.875
1772919248.4871895,61.43910471525225,0.8981157454383251,-7.4286813220402035,0.9745342203463114,0.6913055352605463,9.709949142514068,-0.009289708871495125,-0.001324681844806596,-0.08835729338221293,-59.07475072316451,-8.159661573617708,-63.875
1772919248.5513783,61.13053397225035,0.8770099099583915,-7.456725256378256,0.9948401788026098,0.6979787217631799,9.763487942228338,0.00870954982169813,-0.023351181970880906,-0.08399397025222712,-59.07475072316451,-8.159661573617708,-63.875
1772919248.9934704,58.83462382044726,0.67280898303756,-7.289897474607854,1.045968693037905,0.7274977090632496,9.785236972945782,-0.0006164189904093076,-0.026218105304167974,0.016362461737446838,-54.62428400307634,-10.651442256861646,-64.25
1772919249.3336842,58.874758795983084,0.6599430268051398,-7.286397682619611,1.0142135373804317,0.7506395795357954,9.782642360999338,-0.0023314922030268593,-0.000716730833321766,0.0,-59.0180350977752,-11.388061268177955,-63.75
1772919249.3890545,58.87438106224834,0.6654870136165033,-7.290638258637559,1.0260869101553538,0.7420830670619066,9.771723126605995,0.0007529907739340783,-0.0007892507145463906,0.002181661564992912,-59.0180350977752,-11.388061268177955,-62.25
1772919249.4127371,58.87414344273906,0.6697273367295472,-7.2850939169526665,1.0106751114362413,0.7511329584089929,9.764456498093065,-0.0007892507145463906,-0.0007529907739340783,-0.002181661564992912,-59.0180350977752,-11.388061268177955,-62.25
1772919249.4462001,58.87414344273906,0.6697273367295472,-7.2850939169526665,1.0165824372836256,0.74021349810914,9.759620637991269,0.0015785014290927812,0.0015059815478681566,0.004363323129985824,-59.118864275429985,-11.916167296294905,-63.875
1772919249.4703777,58.87414344273906,0.6697273367295472,-7.2850939169526665,1.0182045958267805,0.7353670138147272,9.75640242711362,-0.00014503976244924905,-0.006168965953921876,-0.001090830782496456,-59.118864275429985,-11.916167296294905,-63.875
1772919249.4999032,58.87414344273906,0.6697273367295472,-7.2850939169526665,1.0182045958267805,0.7353670138147272,9.75640242711362,-0.00014503976244924905,-0.006168965953921876,-0.001090830782496456,-59.118864275429985,-11.916167296294905,-63.875
1772919249.5512009,58.87376541079217,0.6752712805292345,-7.289334562912203,1.0168923740563272,0.7316513778472434,9.747264231171712,0.0015059815478681566,-0.0015785014290927812,0.001090830782496456,-58.746710688248044,-11.129202108025682,-62.6875
1772919249.578707,58.87352831063605,0.6795116650989177,-7.283790253162064,1.0161017544676667,0.7320893129823609,9.744834264697996,0.0015785014290927812,0.0015059815478681566,0.002181661564992912,-58.30489104684852,-11.139589815838086,-63.75
1772919249.708765,58.873149980458,0.6850555658200069,-7.288030969102125,1.0155756059632128,0.7323807539227256,9.756597595983518,0.0007892507145463906,0.0007529907739340783,0.0,-58.30489104684852,-11.139589815838086,-63.75
1772919249.7620823,58.872913399649235,0.6892960117613148,-7.282486691192092,1.0152254600109627,0.7325747046129295,9.757735738134373,3.625994061231226e-05,0.001542241488480469,-0.001090830782496456,-59.118864275429985,-11.916167296294905,-63.5
1772919249.8196664,58.872913399649235,0.6892960117613148,-7.282486691192092,1.0149924417911267,0.7327037766306892,9.768528494143846,-0.0007529907739340783,0.0007892507145463906,0.0,-59.118864275429985,-11.916167296294905,-63.5
1772919249.8592756,58.87807921220001,0.6952186997424058,-7.28696373343316,1.01483737076881,0.7327896726166794,9.765675617583208,-0.001542241488480469,3.6259940612312275e-05,0.0,-59.118864275429985,-11.916167296294905,-63.75
1772919249.9655976,58.877843169917774,0.6994590960789316,-7.2814190784548956,1.0147341727357149,0.7328468354358347,9.767122171808142,-0.0031570028581855624,-0.0030119630957363133,0.001090830782496456,-59.118864275429985,-11.916167296294905,-63.75
1772919249.9872084,58.877843169917774,0.6994590960789316,-7.2814190784548956,1.0122452010407124,0.7305757758343061,9.768084837485766,0.0023314922030268593,0.000716730833321766,0.0,-60.03318150221286,-11.319987576069478,-62.25
1772919250.0356948,58.877464192354644,0.7050033187791082,-7.285659823920574,1.0130091127380993,0.7313735118580129,9.772070592447864,-0.0008255106551587029,-0.0022952322624145475,0.0,-60.03318150221286,-11.319987576069478,-62.25
1772919250.0823622,58.877464192354644,0.7050033187791082,-7.285659823920574,1.0135174874392574,0.7319043962704944,9.77472306785134,0.0,0.0,-0.001090830782496456,-58.99774486160377,-12.405285214178102,-62.6875
1772919250.139989,58.877464192354644,0.7050033187791082,-7.285659823920574,1.0138558051239606,0.7322576939166334,9.773143148894942,0.0007892507145463906,0.0007529907739340783,0.0,-58.99774486160377,-12.405285214178102,-62.6875
1772919250.1860068,58.877464192354644,0.7050033187791082,-7.285659823920574,1.0138558051239606,0.7322576939166334,9.773143148894942,0.0007892507145463906,0.0007529907739340783,0.0,-58.99774486160377,-12.405285214178102,-62.6875
1772919250.2128203,58.877464192354644,0.7050033187791082,-7.285659823920574,1.0140809517638742,0.7324928095535456,9.77209173047831,0.0008255106551587029,0.0022952322624145475,-0.001090830782496456,-59.118864275429985,-11.916167296294905,-64.25
1772919250.2686985,58.877464192354644,0.7050033187791082,-7.285659823920574,1.0140809517638742,0.7324928095535456,9.77209173047831,0.0008255106551587029,0.0022952322624145475,-0.001090830782496456,-59.118864275429985,-11.916167296294905,-64.25
1772919250.2991676,58.877464192354644,0.7050033187791082,-7.285659823920574,1.0189601797135857,0.7325380826458473,9.768046911559836,0.00312074291757325,0.0014697216072558446,0.002181661564992912,-59.118864275429985,-11.916167296294905,-63.875
1772919250.3271284,58.877464192354644,0.7050033187791082,-7.285659823920574,1.0197869568527955,0.7302591105639147,9.768700241460499,-0.0007892507145463906,-0.0007529907739340783,-0.001090830782496456,-59.118864275429985,-11.916167296294905,-63.875
1772919250.3620431,58.877464192354644,0.7050033187791082,-7.285659823920574,1.020337167803234,0.7287424801011747,9.769135025211217,0.0023314922030268593,0.000716730833321766,0.0,-58.50031677747065,-11.930710087232269,-63.0625
1772919250.4067333,58.877464192354644,0.7050033187791082,-7.285659823920574,1.0160851254062397,0.7325737685836445,9.769424368940467,0.00312074291757325,0.0014697216072558446,0.001090830782496456,-58.50031677747065,-11.930710087232269,-63.0625
1772919250.4317045,58.877464192354644,0.7050033187791082,-7.285659823920574,1.0160851254062397,0.7325737685836445,9.769424368940467,0.00312074291757325,0.0014697216072558446,0.001090830782496456,-58.50031677747065,-11.930710087232269,-63.0625
1772919250.4609761,58.877464192354644,0.7050033187791082,-7.285659823920574,1.0132554386894659,0.7351234482704316,9.77296203566742,0.0007892507145463906,0.0007529907739340783,-0.001090830782496456,-59.276894257927474,-11.116736858650802,-61.875
1772919250.487637,58.877464192354644,0.7050033187791082,-7.285659823920574,1.0113723137891248,0.7368202316202,9.778661425063202,0.0015059815478681566,-0.0015785014290927812,0.0,-59.276894257927474,-11.116736858650802,-61.875
1772919250.5044844,58.877464192354644,0.7050033187791082,-7.285659823920574,1.014737316842083,0.7331088328716081,9.782454305039742,-0.0007529907739340783,0.0007892507145463906,0.001090830782496456,-58.746710688248044,-11.129202108025682,-65.0625
1772919250.550627,58.877464192354644,0.7050033187791082,-7.285659823920574,1.01697668878428,0.7306389384634607,9.771597977465607,-0.0007892507145463906,-0.0007529907739340783,-0.001090830782496456,-58.746710688248044,-11.129202108025682,-65.0625
1772919250.5926495,58.877464192354644,0.7050033187791082,-7.285659823920574,1.01697668878428,0.7306389384634607,9.771597977465607,-0.0007892507145463906,-0.0007529907739340783,-0.001090830782496456,-58.746710688248044,-11.129202108025682,-65.0625
1772919250.6239843,58.877464192354644,0.7050033187791082,-7.285659823920574,1.0161578649772622,0.7314155458821425,9.764373212738144,-0.0016147613697050935,-0.0030482230363486256,-0.001090830782496456,-59.334580242223545,-11.690063621688939,-62.25
1772919250.6397202,58.877464192354644,0.7050033187791082,-7.285659823920574,1.015612946880553,0.7319323694440018,9.766255435932568,-0.0007892507145463906,-0.0007529907739340783,0.0,-59.334580242223545,-11.690063621688939,-62.25
1772919250.657454,58.877464192354644,0.7050033187791082,-7.285659823920574,1.015250309974327,0.7322763097511217,9.767508034442645,0.0,0.0,-0.001090830782496456,-59.334580242223545,-11.690063621688939,-62.25
1772919250.6888292,58.877464192354644,0.7050033187791082,-7.285659823920574,1.0150089791641534,0.7325051981834451,9.76499651305134,-0.0016147613697050935,-0.0030482230363486256,-0.001090830782496456,-59.276894257927474,-11.116736858650802,-63.5
1772919250.7111053,58.877464192354644,0.7050033187791082,-7.285659823920574,1.0150089791641534,0.7325051981834451,9.76499651305134,-0.0016147613697050935,-0.0030482230363486256,-0.001090830782496456,-59.276894257927474,-11.116736858650802,-63.5
1772919250.7438943,58.877464192354644,0.7050033187791082,-7.285659823920574,1.0125392753866989,0.7350778154350804,9.75998001191364,0.001542241488480469,-3.6259940612312275e-05,0.002181661564992912,-59.276894257927474,-11.116736858650802,-63.5
1772919250.7823877,58.877464192354644,0.7050033187791082,-7.285659823920574,1.0108957151112015,0.7367898634780261,9.75998669815181,0.003084482976960938,-7.251988122462455e-05,0.001090830782496456,-59.59343940237582,-11.418739212161785,-62.25
1772919250.8305762,58.877464192354644,0.7050033187791082,-7.285659823920574,1.0098019441076294,0.7379292123257768,9.76333625947594,-0.001542241488480469,3.6259940612312275e-05,0.0,-59.59343940237582,-11.418739212161785,-62.25
1772919250.8588722,58.877464192354644,0.7050033187791082,-7.285659823920574,1.0098019441076294,0.7379292123257768,9.76333625947594,-0.001542241488480469,3.6259940612312275e-05,0.0,-59.59343940237582,-11.418739212161785,-62.25
1772919250.908572,58.877464192354644,0.7050033187791082,-7.285659823920574,1.0113831525421009,0.7362671416998188,9.765565355120097,0.0015785014290927812,0.0015059815478681566,0.0,-59.299747215114756,-12.088740069729754,-63.875
1772919250.9282796,58.877464192354644,0.7050033187791082,-7.285659823920574,1.0113831525421009,0.7362671416998188,9.765565355120097,0.0,0.0,0.001090830782496456,-59.299747215114756,-12.088740069729754,-63.875
1772919250.9442644,58.877464192354644,0.7050033187791082,-7.285659823920574,1.014744529911112,0.7327407577080135,9.767048793370654,0.0023314922030268593,0.000716730833321766,0.001090830782496456,-59.299747215114756,-12.088740069729754,-63.875
1772919250.9890118,58.877464192354644,0.7050033187791082,-7.285659823920574,1.021822078114694,0.7350121901920094,9.76469089324799,-0.0007892507145463906,-0.0007529907739340783,-0.002181661564992912,-59.118864275429985,-11.916167296294905,-63.0625
1772919251.0338054,58.877464192354644,0.7050033187791082,-7.285659823920574,1.021822078114694,0.7350121901920094,9.76469089324799,-0.0007892507145463906,-0.0007529907739340783,-0.002181661564992912,-59.118864275429985,-11.916167296294905,-63.0625
1772919251.0724528,58.877464192354644,0.7050033187791082,-7.285659823920574,1.0168509291556824,0.7272873998600413,9.763121737055826,-0.0008255106551587029,-0.0022952322624145475,0.0,-59.118864275429985,-11.916167296294905,-63.0625
1772919251.123647,58.877464192354644,0.7050033187791082,-7.285659823920574,1.0160741733492578,0.7291851343807062,9.762077481138565,0.0038737336915073287,0.000680470892709454,0.0,-59.118864275429985,-11.916167296294905,-62.6875
1772919251.1442125,58.877464192354644,0.7050033187791082,-7.285659823920574,1.0160741733492578,0.7291851343807062,9.762077481138565,0.0038737336915073287,0.000680470892709454,0.0,-59.118864275429985,-11.916167296294905,-62.6875
1772919251.1607249,58.877464192354644,0.7050033187791082,-7.285659823920574,1.0155572510370128,0.730448055505125,9.75803742878341,0.0031570028581855624,0.0030119630957363133,0.002181661564992912,-59.118864275429985,-11.916167296294905,-62.6875
1772919251.1916919,58.877464192354644,0.7050033187791082,-7.285659823920574,1.0155572510370128,0.730448055505125,9.75803742878341,0.0031570028581855624,0.0030119630957363133,0.002181661564992912,-59.118864275429985,-11.916167296294905,-62.6875
1772919251.2142904,58.877464192354644,0.7050033187791082,-7.285659823920574,1.0152132450126143,0.7312885154056723,9.755348819071397,0.0023314922030268593,0.000716730833321766,0.001090830782496456,-59.515463181908316,-11.862636395123788,-63.5
1772919251.2495344,58.877464192354644,0.7050033187791082,-7.285659823920574,1.0126752120270506,0.7342681266377099,9.750214467634471,0.0007529907739340783,-0.0007892507145463906,0.0,-59.515463181908316,-11.862636395123788,-63.5
1772919251.2694197,58.877464192354644,0.7050033187791082,-7.285659823920574,1.0126752120270506,0.7342681266377099,9.750214467634471,0.0007529907739340783,-0.0007892507145463906,0.0,-59.515463181908316,-11.862636395123788,-63.5
1772919251.2890775,58.877464192354644,0.7050033187791082,-7.285659823920574,1.0109861794268438,0.7362510246281925,9.756832949229619,0.0,0.0,0.0,-59.276894257927474,-11.116736858650802,-63.0625
1772919251.3152592,58.877464192354644,0.7050033187791082,-7.285659823920574,1.0098621470991367,0.7375706210904368,9.761237474797905,0.0015785014290927812,0.0015059815478681566,0.0,-59.276894257927474,-11.116736858650802,-63.0625
1772919251.3668394,58.877464192354644,0.7050033187791082,-7.285659823920574,1.0098621470991367,0.7375706210904368,9.761237474797905,0.0015785014290927812,0.0015059815478681566,0.0,-59.276894257927474,-11.116736858650802,-63.0625
1772919251.4076803,58.877464192354644,0.7050033187791082,-7.285659823920574,1.018616973953874,0.7285509729298756,9.766119293304884,0.0007892507145463906,0.0007529907739340783,-0.001090830782496456,-60.03318150221286,-11.319987576069478,-64.25
1772919251.4457822,58.877464192354644,0.7050033187791082,-7.285659823920574,1.021867658072693,0.7251854390300938,9.767417433044734,0.000716730833321766,-0.0023314922030268598,0.0,-59.85229856252809,-11.147414802634628,-63.5
1772919251.4884,58.877464192354644,0.7050033187791082,-7.285659823920574,1.0194127504029944,0.7277863029288171,9.768281330540434,0.0007892507145463906,0.0007529907739340783,0.001090830782496456,-59.85229856252809,-11.147414802634628,-63.5
1772919251.5227618,58.877464192354644,0.7050033187791082,-7.285659823920574,1.0177790367719253,0.729517148799864,9.768856244673454,0.0007892507145463906,0.0007529907739340783,0.0,-58.816861921919,-12.232712440743253,-63.5
1772919251.5731843,58.877464192354644,0.7050033187791082,-7.285659823920574,1.0190009194193517,0.7282487128354549,9.769238843606768,0.0,0.0,0.001090830782496456,-58.816861921919,-12.232712440743253,-63.5
1772919251.607994,58.877464192354644,0.7050033187791082,-7.285659823920574,1.0222343632286661,0.7297136836896249,9.769493458922978,0.0015059815478681566,-0.0015785014290927812,-0.001090830782496456,-59.334580242223545,-11.690063621688939,-64.25
1772919251.6430674,58.877464192354644,0.7050033187791082,-7.285659823920574,1.0222343632286661,0.7297136836896249,9.769493458922978,0.0015059815478681566,-0.0015785014290927812,-0.001090830782496456,-59.334580242223545,-11.690063621688939,-64.25
1772919251.6767137,58.877464192354644,0.7050033187791082,-7.285659823920574,1.0173476877688035,0.7332200937227031,9.769662902571676,0.0,0.0,0.001090830782496456,-59.334580242223545,-11.690063621688939,-64.25
1772919251.6916618,58.877464192354644,0.7050033187791082,-7.285659823920574,1.0140956598380064,0.7355535704305503,9.766430553719756,0.0,0.0,0.0,-58.7388857014515,-12.676609623705259,-63.875
1772919251.7099159,58.877464192354644,0.7050033187791082,-7.285659823920574,1.0119314715775931,0.7371064731129797,9.764279461666506,0.0007892507145463906,0.0007529907739340783,0.002181661564992912,-58.7388857014515,-12.676609623705259,-63.875
1772919251.7312746,58.877464192354644,0.7050033187791082,-7.285659823920574,1.015109430104107,0.733299323387526,9.76284793393434,0.001542241488480469,-3.6259940612312275e-05,-0.001090830782496456,-58.7388857014515,-12.676609623705259,-63.875
1772919251.7511628,58.877464192354644,0.7050033187791082,-7.285659823920574,1.015109430104107,0.733299323387526,9.76284793393434,0.001542241488480469,-3.6259940612312275e-05,-0.001090830782496456,-58.7388857014515,-12.676609623705259,-63.875
1772919251.7810194,58.877464192354644,0.7050033187791082,-7.285659823920574,1.0148040314466038,0.7284566069547597,9.761895268219797,-0.0007529907739340783,0.0007892507145463906,0.0,-59.26442900855259,-10.586553288971372,-63.0625
1772919251.8271084,58.877464192354644,0.7050033187791082,-7.285659823920574,1.0147119857892115,0.7299632286413422,9.761261279828743,-0.0007892507145463906,-0.0007529907739340783,0.001090830782496456,-59.26442900855259,-10.586553288971372,-63.0625
1772919251.900116,58.877464192354644,0.7050033187791082,-7.285659823920574,1.0147119857892115,0.7299632286413422,9.761261279828743,-0.0007892507145463906,-0.0007529907739340783,0.001090830782496456,-59.26442900855259,-10.586553288971372,-63.0625
1772919251.928855,58.877464192354644,0.7050033187791082,-7.285659823920574,1.0099213350565328,0.7310770622813454,9.76083936763661,0.0007529907739340783,-0.0007892507145463906,0.0,-59.038325333946624,-10.37083732217781,-63.875
1772919251.9856896,58.877464192354644,0.7050033187791082,-7.285659823920574,1.0114626058849117,0.731707112388781,9.763903701493133,0.001542241488480469,-3.6259940612312275e-05,0.0,-59.038325333946624,-10.37083732217781,-63.875
1772919252.0106626,58.877464192354644,0.7050033187791082,-7.285659823920574,1.0147974052232005,0.729706109140383,9.765942981443796,0.001542241488480469,-3.6259940612312275e-05,0.0,-59.334580242223545,-11.690063621688939,-63.5
1772919252.0612009,58.877464192354644,0.7050033187791082,-7.285659823920574,1.0147974052232005,0.729706109140383,9.765942981443796,0.001542241488480469,-3.6259940612312275e-05,0.0,-59.334580242223545,-11.690063621688939,-63.5
1772919252.1203532,58.877464192354644,0.7050033187791082,-7.285659823920574,1.0170166769306823,0.728374463831245,9.760609876056074,0.0007892507145463906,0.0007529907739340783,0.0,-59.334580242223545,-11.690063621688939,-63.5
1772919252.1568122,58.877464192354644,0.7050033187791082,-7.285659823920574,1.0160732829043466,0.7251791679343406,9.757060753995237,0.0007892507145463906,0.0007529907739340783,-0.002181661564992912,-58.53099472145448,-11.355305782631648,-62.6875
1772919252.207523,58.877464192354644,0.7050033187791082,-7.285659823920574,1.0111818771086365,0.7256685898660294,9.764269526484394,0.001542241488480469,-3.6259940612312275e-05,0.002181661564992912,-59.515463181908316,-11.862636395123788,-63.875
1772919252.2411494,58.877464192354644,0.7050033187791082,-7.285659823920574,1.0111818771086365,0.7256685898660294,9.764269526484394,0.001542241488480469,-3.6259940612312275e-05,0.002181661564992912,-59.515463181908316,-11.862636395123788,-63.875
1772919252.2820513,58.877464192354644,0.7050033187791082,-7.285659823920574,1.009881187982634,0.7257987335938578,9.766186433888947,-0.0015785014290927812,-0.0015059815478681566,-0.001090830782496456,-59.515463181908316,-11.862636395123788,-63.875
1772919252.3461525,58.877464192354644,0.7050033187791082,-7.285659823920574,1.01374498927483,0.7257741490532773,9.76746211435342,0.0023314922030268593,0.000716730833321766,0.002181661564992912,-58.50031677747065,-11.930710087232269,-62.6875
1772919252.3652794,58.877464192354644,0.7050033187791082,-7.285659823920574,1.01374498927483,0.7257741490532773,9.76746211435342,0.0023314922030268593,0.000716730833321766,0.002181661564992912,-58.50031677747065,-11.930710087232269,-62.6875
1772919252.4866338,58.877464192354644,0.7050033187791082,-7.285659823920574,1.0140072050541722,0.7281780828729238,9.76831106545224,0.0007529907739340783,-0.0007892507145463906,0.001090830782496456,-58.50031677747065,-11.930710087232269,-62.6875
1772919252.5149248,58.877464192354644,0.7050033187791082,-7.285659823920574,1.016490807545308,0.7273575794194228,9.768876032925101,0.0030482230363486256,-0.0016147613697050937,-0.001090830782496456,-59.0180350977752,-11.388061268177955,-62.25
1772919252.550066,58.877464192354644,0.7050033187791082,-7.285659823920574,1.0181436172595015,0.726811543536742,9.76925201246719,0.0,0.0,0.0,-59.0180350977752,-11.388061268177955,-62.25
1772919252.5867925,58.877464192354644,0.7050033187791082,-7.285659823920574,1.0181436172595015,0.726811543536742,9.76925201246719,0.0,0.0,0.0,-59.0180350977752,-11.388061268177955,-62.25
1772919252.6211512,58.877464192354644,0.7050033187791082,-7.285659823920574,1.0192435436612028,0.7264481627564384,9.769502222652482,0.0015785014290927812,0.0015059815478681566,0.002181661564992912,-58.746710688248044,-11.129202108025682,-63.0625
1772919252.6564462,58.877464192354644,0.7050033187791082,-7.285659823920574,1.019975532394552,0.7262063369063756,9.773013846443083,0.0,0.0,0.0,-58.746710688248044,-11.129202108025682,-63.0625
1772919252.7401671,58.877464192354644,0.7050033187791082,-7.285659823920574,1.0158444610814943,0.7308859936180816,9.772005681141001,-0.001542241488480469,3.6259940612312275e-05,0.001090830782496456,-58.50031677747065,-11.930710087232269,-64.25
1772919252.8005188,58.877464192354644,0.7050033187791082,-7.285659823920574,1.0154043800888706,0.7315799583277558,9.77133475839441,-0.0007529907739340783,0.0007892507145463906,0.0,-58.50031677747065,-11.930710087232269,-64.25
1772919252.8191895,58.877464192354644,0.7050033187791082,-7.285659823920574,1.0175318056610818,0.7343508849090762,9.77088826680125,0.0015785014290927812,0.0015059815478681566,-0.001090830782496456,-59.515463181908316,-11.862636395123788,-63.0625
1772919252.8396733,58.877464192354644,0.7050033187791082,-7.285659823920574,1.0189475836144875,0.7361949055956668,9.760555796511683,-0.0007529907739340783,0.0007892507145463906,0.0,-59.515463181908316,-11.862636395123788,-63.0625
1772919252.8624556,58.877464192354644,0.7050033187791082,-7.285659823920574,1.015049178913652,0.7328038791252801,9.753679652955233,0.0007529907739340783,-0.0007892507145463906,-0.001090830782496456,-59.515463181908316,-11.862636395123788,-63.0625
1772919252.8837345,58.877464192354644,0.7050033187791082,-7.285659823920574,1.015049178913652,0.7328038791252801,9.753679652955233,0.0007529907739340783,-0.0007892507145463906,-0.001090830782496456,-59.515463181908316,-11.862636395123788,-63.0625
1772919252.903888,58.877464192354644,0.7050033187791082,-7.285659823920574,1.0147639349524058,0.7281268943327099,9.759138991351929,0.0015059815478681566,-0.0015785014290927812,-0.002181661564992912,-58.52060701364208,-10.91348614123212,-63.875
1772919252.92619,58.877464192354644,0.7050033187791082,-7.285659823920574,1.0122650074634543,0.7274347077553734,9.762772120070125,-0.001542241488480469,3.6259940612312275e-05,0.0,-58.52060701364208,-10.91348614123212,-63.875
1772919252.9494328,58.877464192354644,0.7050033187791082,-7.285659823920574,1.0122650074634543,0.7274347077553734,9.762772120070125,-0.001542241488480469,3.6259940612312275e-05,0.0,-58.52060701364208,-10.91348614123212,-63.875
1772919253.0018268,58.877464192354644,0.7050033187791082,-7.285659823920574,1.0106019991344064,0.7269740653203868,9.761844814940057,-3.625994061231226e-05,-0.001542241488480469,-0.002181661564992912,-59.118864275429985,-11.916167296294905,-63.0625
1772919253.0340958,58.877464192354644,0.7050033187791082,-7.285659823920574,1.0119155802252207,0.7289766137447422,9.757882592027356,0.0,0.0,0.001090830782496456,-59.118864275429985,-11.916167296294905,-63.0625
1772919253.0546422,58.877464192354644,0.7050033187791082,-7.285659823920574,1.0119155802252207,0.7289766137447422,9.757882592027356,0.0,0.0,0.001090830782496456,-59.118864275429985,-11.916167296294905,-63.0625
1772919253.0791914,58.877464192354644,0.7050033187791082,-7.285659823920574,1.0127897537674952,0.7303092873512191,9.755245776939882,0.0015785014290927812,0.0015059815478681566,0.0,-59.334580242223545,-11.690063621688939,-62.6875
1772919253.0938745,58.877464192354644,0.7050033187791082,-7.285659823920574,1.0108400182002957,0.7241576705543624,9.753491005954324,-3.625994061231226e-05,-0.001542241488480469,-0.001090830782496456,-59.334580242223545,-11.690063621688939,-62.6875
1772919253.106043,58.877464192354644,0.7050033187791082,-7.285659823920574,1.0108400182002957,0.7241576705543624,9.753491005954324,-3.625994061231226e-05,-0.001542241488480469,-0.001090830782496456,-59.334580242223545,-11.690063621688939,-62.6875
1772919253.1182926,58.877464192354644,0.7050033187791082,-7.285659823920574,1.0095424909602977,0.7200638382941166,9.75566833717283,0.0015059815478681566,-0.0015785014290927812,0.0,-59.334580242223545,-11.690063621688939,-62.6875
1772919253.1308002,58.877464192354644,0.7050033187791082,-7.285659823920574,1.0095424909602977,0.7200638382941166,9.75566833717283,0.0015059815478681566,-0.0015785014290927812,0.0,-59.334580242223545,-11.690063621688939,-62.6875
1772919253.158496,58.877464192354644,0.7050033187791082,-7.285659823920574,1.008679001076408,0.7173394386560258,9.760462438483682,-0.0007892507145463906,-0.0007529907739340783,-0.002181661564992912,-58.779466173794354,-10.642161731704967,-62.5625
1772919253.1829097,58.877464192354644,0.7050033187791082,-7.285659823920574,1.010524652761269,0.7178354819495403,9.760307747645113,0.001542241488480469,-3.6259940612312275e-05,-0.001090830782496456,-58.779466173794354,-10.642161731704967,-62.5625
1772919253.1982455,58.877464192354644,0.7050033187791082,-7.285659823920574,1.0141732078970391,0.7204746940393335,9.763549914327376,0.0,0.0,0.002181661564992912,-58.779466173794354,-10.642161731704967,-62.5625
1772919253.2140448,58.877464192354644,0.7050033187791082,-7.285659823920574,1.0141732078970391,0.7204746940393335,9.763549914327376,0.0,0.0,0.002181661564992912,-58.779466173794354,-10.642161731704967,-62.5625
1772919253.232136,58.877464192354644,0.7050033187791082,-7.285659823920574,1.0166012805828628,0.7222310602031601,9.765707540037047,-0.0008255106551587029,-0.0022952322624145475,0.0,-60.24889746900642,-11.093883901463515,-63.875
1772919253.2498841,58.877464192354644,0.7050033187791082,-7.285659823920574,1.0166012805828628,0.7222310602031601,9.765707540037047,-0.0008255106551587029,-0.0022952322624145475,0.0,-60.24889746900642,-11.093883901463515,-63.875
1772919253.2744222,58.877464192354644,0.7050033187791082,-7.285659823920574,1.0159080350128036,0.7258201968220666,9.767143415844574,-0.0007892507145463906,-0.0007529907739340783,0.002181661564992912,-60.24889746900642,-11.093883901463515,-63.875
1772919253.3110375,58.877464192354644,0.7050033187791082,-7.285659823920574,1.0154466878299895,0.7282087271486658,9.7680989751547,-3.625994061231226e-05,-0.001542241488480469,-0.001090830782496456,-59.0180350977752,-11.388061268177955,-64.25
1772919253.3251107,58.877464192354644,0.7050033187791082,-7.285659823920574,1.0128305656142864,0.7322185619561611,9.765389777493972,-3.625994061231226e-05,-0.001542241488480469,0.001090830782496456,-59.0180350977752,-11.388061268177955,-64.25
1772919253.3601925,58.877464192354644,0.7050033187791082,-7.285659823920574,1.0086692709469607,0.7325779614086335,9.766931948421798,0.001542241488480469,-3.6259940612312275e-05,-0.003272492347489368,-59.616292359563104,-12.39074242324074,-64.25
1772919253.3824708,58.877464192354644,0.7050033187791082,-7.285659823920574,1.0082090766496885,0.7303968431727235,9.767958245947089,-0.0008255106551587029,-0.0022952322624145475,0.001090830782496456,-59.616292359563104,-12.39074242324074,-64.25
1772919253.4077804,58.877464192354644,0.7050033187791082,-7.285659823920574,1.0082090766496885,0.7303968431727235,9.767958245947089,-0.0008255106551587029,-0.0022952322624145475,0.001090830782496456,-59.616292359563104,-12.39074242324074,-64.25
1772919253.4433293,58.877464192354644,0.7050033187791082,-7.285659823920574,1.010211923304687,0.726525038794637,9.768641235485674,0.0,0.0,-0.001090830782496456,-59.59343940237582,-11.418739212161785,-64.25
1772919253.4726572,58.877464192354644,0.7050033187791082,-7.285659823920574,1.0115447953803254,0.7239483962319092,9.76909575739411,-0.0007892507145463906,-0.0007529907739340783,-0.002181661564992912,-59.59343940237582,-11.418739212161785,-64.25
1772919253.495545,58.877464192354644,0.7050033187791082,-7.285659823920574,1.0100115123007305,0.7199245685702713,9.766053124939512,7.251988122462452e-05,0.003084482976960938,0.001090830782496456,-59.59343940237582,-11.418739212161785,-64.25
1772919253.5151122,58.877464192354644,0.7050033187791082,-7.285659823920574,1.0100115123007305,0.7199245685702713,9.766053124939512,7.251988122462452e-05,0.003084482976960938,0.001090830782496456,-59.59343940237582,-11.418739212161785,-64.25
1772919253.5614007,58.877464192354644,0.7050033187791082,-7.285659823920574,1.0089911295391545,0.7172467562105515,9.76402828702941,0.0007529907739340783,-0.0007892507145463906,0.001090830782496456,-59.59343940237582,-11.418739212161785,-63.75
1772919253.5930555,58.877464192354644,0.7050033187791082,-7.285659823920574,1.0107323707665234,0.717773802817408,9.759335668311838,0.0,0.0,-0.001090830782496456,-59.59343940237582,-11.418739212161785,-63.75
1772919253.6196332,58.877464192354644,0.7050033187791082,-7.285659823920574,1.0143114419091739,0.7204336472659004,9.75621278297528,0.0008255106551587029,0.0022952322624145475,-0.001090830782496456,-59.00556984840031,-10.857877698498529,-62.6875
1772919253.635968,58.877464192354644,0.7050033187791082,-7.285659823920574,1.0166932737737635,0.7222037440339629,9.757479649376036,0.0007529907739340783,-0.0007892507145463906,0.0,-59.00556984840031,-10.857877698498529,-62.6875
1772919253.6534717,58.877464192354644,0.7050033187791082,-7.285659823920574,1.0159692554537165,0.7258020182166075,9.758322734813913,0.000716730833321766,-0.0023314922030268598,-0.003272492347489368,-59.00556984840031,-10.857877698498529,-62.6875
1772919253.678373,58.877464192354644,0.7050033187791082,-7.285659823920574,1.0159692554537165,0.7258020182166075,9.758322734813913,0.000716730833321766,-0.0023314922030268598,-0.003272492347489368,-59.00556984840031,-10.857877698498529,-62.6875
1772919253.7270296,58.877464192354644,0.7050033187791082,-7.285659823920574,1.0130671347927642,0.7258875286706751,9.758883798754939,-0.001542241488480469,3.6259940612312275e-05,-0.001090830782496456,-58.80231913098164,-11.61416494278392,-62.5625
1772919253.7480295,58.877464192354644,0.7050033187791082,-7.285659823920574,1.013556100468488,0.7282535357417688,9.759257180540196,-0.0007892507145463906,-0.0007529907739340783,0.002181661564992912,-58.80231913098164,-11.61416494278392,-62.5625
1772919253.7749057,58.877464192354644,0.7050033187791082,-7.285659823920574,1.0184997033018297,0.7249874979039997,9.752815438532698,-0.0007529907739340783,0.0007892507145463906,-0.001090830782496456,-58.80231913098164,-11.61416494278392,-62.5625
1772919253.8135872,58.877464192354644,0.7050033187791082,-7.285659823920574,1.0217896157637565,0.7228139862069978,9.755218754600321,0.0,0.0,-0.001090830782496456,-59.53575341807974,-10.845412449123645,-63.5
1772919253.8540525,58.877464192354644,0.7050033187791082,-7.285659823920574,1.0217896157637565,0.7228139862069978,9.755218754600321,0.0,0.0,-0.001090830782496456,-59.53575341807974,-10.845412449123645,-63.5
1772919253.8934386,58.877464192354644,0.7050033187791082,-7.285659823920574,1.019360814118187,0.7262081275659105,9.756818134596525,0.003084482976960938,-7.251988122462455e-05,-0.001090830782496456,-59.53575341807974,-10.845412449123645,-63.5
1772919253.9244277,58.877464192354644,0.7050033187791082,-7.285659823920574,1.0177444737545522,0.7284668907252236,9.761227615825073,-0.001542241488480469,3.6259940612312275e-05,0.0,-58.816861921919,-12.232712440743253,-63.0625
1772919253.9597998,58.877464192354644,0.7050033187791082,-7.285659823920574,1.0177444737545522,0.7284668907252236,9.761227615825073,-0.001542241488480469,3.6259940612312275e-05,0.0,-58.816861921919,-12.232712440743253,-63.0625
1772919253.9996276,58.877464192354644,0.7050033187791082,-7.285659823920574,1.0118282281847073,0.7253518707374568,9.764162076325539,-3.625994061231226e-05,-0.001542241488480469,-0.002181661564992912,-58.816861921919,-12.232712440743253,-63.0625
1772919254.022503,58.877464192354644,0.7050033187791082,-7.285659823920574,1.01273162196032,0.7278970613709032,9.766114927008527,0.0007529907739340783,-0.0007892507145463906,-0.001090830782496456,-59.77432234206059,-11.591311985596635,-63.5
1772919254.04702,58.877464192354644,0.7050033187791082,-7.285659823920574,1.01273162196032,0.7278970613709032,9.766114927008527,0.0007529907739340783,-0.0007892507145463906,-0.001090830782496456,-59.77432234206059,-11.591311985596635,-63.5
1772919254.0941484,58.877464192354644,0.7050033187791082,-7.285659823920574,1.0109125258696448,0.7272817564866934,9.767414527323284,0.0,0.0,0.001090830782496456,-59.77432234206059,-11.591311985596635,-63.5
1772919254.1177385,58.877464192354644,0.7050033187791082,-7.285659823920574,1.0120110385610612,0.7244519834028822,9.768279396815268,0.001542241488480469,-3.6259940612312275e-05,-0.001090830782496456,-58.53099472145448,-11.355305782631648,-62.25
1772919254.1559644,58.877464192354644,0.7050033187791082,-7.285659823920574,1.0081238848477563,0.7274093901397934,9.768854957800958,0.0007892507145463906,0.0007529907739340783,0.0,-58.53099472145448,-11.355305782631648,-62.25
1772919254.190212,58.877464192354644,0.7050033187791082,-7.285659823920574,1.0081238848477563,0.7274093901397934,9.768854957800958,0.0007892507145463906,0.0007529907739340783,0.0,-58.53099472145448,-11.355305782631648,-62.25
1772919254.2374876,58.877464192354644,0.7050033187791082,-7.285659823920574,1.0102664228498053,0.7292663175491604,9.769237987207497,0.0007892507145463906,0.0007529907739340783,0.001090830782496456,-59.0180350977752,-11.388061268177955,-63.5
1772919254.2710593,58.877464192354644,0.7050033187791082,-7.285659823920574,1.0116922579564513,0.7305020819968558,9.76614777729151,-7.251988122462452e-05,-0.003084482976960938,0.0,-59.0180350977752,-11.388061268177955,-63.5
1772919254.2860386,58.877464192354644,0.7050033187791082,-7.285659823920574,1.0116922579564513,0.7305020819968558,9.76614777729151,-7.251988122462452e-05,-0.003084482976960938,0.0,-59.0180350977752,-11.388061268177955,-63.5
1772919254.3066392,58.877464192354644,0.7050033187791082,-7.285659823920574,1.0126411352923024,0.7313244694324038,9.764091277112326,0.0023314922030268593,0.000716730833321766,0.001090830782496456,-59.299747215114756,-12.088740069729754,-61.875
1772919254.3357384,58.877464192354644,0.7050033187791082,-7.285659823920574,1.013272602559657,0.7318717590840913,9.769412922630332,0.0,0.0,0.0,-59.299747215114756,-12.088740069729754,-61.875
1772919254.3618572,58.877464192354644,0.7050033187791082,-7.285659823920574,1.013272602559657,0.7318717590840913,9.769412922630332,0.0,0.0,0.0,-59.299747215114756,-12.088740069729754,-61.875
1772919254.40034,58.877464192354644,0.7050033187791082,-7.285659823920574,1.011383736153004,0.734656268790439,9.772954418275889,0.0,0.0,-0.001090830782496456,-60.56544261345477,-11.395886254974501,-63.0625
1772919254.4176903,58.877464192354644,0.7050033187791082,-7.285659823920574,1.0100155229217471,0.7317799335191002,9.77531124406691,0.0007529907739340783,-0.0007892507145463906,0.0,-60.56544261345477,-11.395886254974501,-63.0625
1772919254.4408686,58.877464192354644,0.7050033187791082,-7.285659823920574,1.0100155229217471,0.7317799335191002,9.77531124406691,0.0007529907739340783,-0.0007892507145463906,0.0,-60.56544261345477,-11.395886254974501,-63.0625
1772919254.4660356,58.877464192354644,0.7050033187791082,-7.285659823920574,1.0091049923002888,0.7298657645267946,9.776879685303363,0.0007892507145463906,0.0007529907739340783,0.001090830782496456,-59.334580242223545,-11.690063621688939,-65.0625
1772919254.4876797,58.877464192354644,0.7050033187791082,-7.285659823920574,1.0109193388997775,0.7309010072642099,9.771233242010949,-0.0007892507145463906,-0.0007529907739340783,0.0,-59.334580242223545,-11.690063621688939,-65.0625
1772919254.5244956,58.877464192354644,0.7050033187791082,-7.285659823920574,1.0109193388997775,0.7309010072642099,9.771233242010949,-0.0007892507145463906,-0.0007529907739340783,0.0,-59.334580242223545,-11.690063621688939,-65.0625
1772919254.5637844,58.877464192354644,0.7050033187791082,-7.285659823920574,1.0121267662941575,0.7315899497415407,9.767475597074752,0.0,0.0,-0.001090830782496456,-59.299747215114756,-12.088740069729754,-64.25
1772919254.623981,58.877464192354644,0.7050033187791082,-7.285659823920574,1.017310817225557,0.7283225753791063,9.763310757909267,0.0007892507145463906,0.0007529907739340783,0.0,-59.59343940237582,-11.418739212161785,-62.25
1772919254.6528668,58.877464192354644,0.7050033187791082,-7.285659823920574,1.017310817225557,0.7283225753791063,9.763310757909267,0.0007892507145463906,0.0007529907739340783,0.0,-59.59343940237582,-11.418739212161785,-62.25
1772919254.7377884,58.877464192354644,0.7050033187791082,-7.285659823920574,1.011729950593733,0.7270607276385362,9.761466253173381,0.0007529907739340783,-0.0007892507145463906,-0.001090830782496456,-58.80231913098164,-11.61416494278392,-62.6875
1772919254.8207185,58.877464192354644,0.7050033187791082,-7.285659823920574,1.012666219321359,0.7290342865493892,9.760975775107765,-0.001542241488480469,3.6259940612312275e-05,0.001090830782496456,-58.80231913098164,-11.61416494278392,-62.6875
1772919254.8458862,58.877464192354644,0.7050033187791082,-7.285659823920574,1.013289295700787,0.7303476679584642,9.760649367434095,0.003084482976960938,-7.251988122462455e-05,0.0,-59.118864275429985,-11.916167296294905,-64.5625
1772919254.8740492,58.877464192354644,0.7050033187791082,-7.285659823920574,1.013289295700787,0.7303476679584642,9.760649367434095,0.003084482976960938,-7.251988122462455e-05,0.0,-59.118864275429985,-11.916167296294905,-64.5625
1772919254.893049,58.877464192354644,0.7050033187791082,-7.285659823920574,1.0137039460710775,0.731221708614772,9.767122370188119,0.001542241488480469,-3.6259940612312275e-05,-0.002181661564992912,-59.118864275429985,-11.916167296294905,-64.5625
1772919254.9260166,58.877464192354644,0.7050033187791082,-7.285659823920574,1.0137039460710775,0.731221708614772,9.767122370188119,0.001542241488480469,-3.6259940612312275e-05,-0.002181661564992912,-59.118864275429985,-11.916167296294905,-64.5625
1772919254.9606555,58.877464192354644,0.7050033187791082,-7.285659823920574,1.0103177480817387,0.7362214375451603,9.770951703072027,0.003084482976960938,-7.251988122462455e-05,0.001090830782496456,-59.77432234206059,-11.591311985596635,-63.0625
1772919255.0086968,58.877464192354644,0.7050033187791082,-7.285659823920574,1.0103177480817387,0.7362214375451603,9.770951703072027,0.003084482976960938,-7.251988122462455e-05,0.001090830782496456,-59.77432234206059,-11.591311985596635,-63.0625
1772919255.047416,58.877464192354644,0.7050033187791082,-7.285659823920574,1.0069970189490611,0.7352418303980622,9.770633347763214,-3.625994061231226e-05,-0.001542241488480469,0.0,-59.26442900855259,-10.586553288971372,-63.5
1772919255.0764008,58.877464192354644,0.7050033187791082,-7.285659823920574,1.007096211625365,0.7321696182278218,9.77042148586146,-0.0008255106551587029,-0.0022952322624145475,-0.002181661564992912,-59.26442900855259,-10.586553288971372,-63.5
1772919255.1216075,58.877464192354644,0.7050033187791082,-7.285659823920574,1.007096211625365,0.7321696182278218,9.77042148586146,-0.0008255106551587029,-0.0022952322624145475,-0.002181661564992912,-59.26442900855259,-10.586553288971372,-63.5
1772919255.1436772,58.877464192354644,0.7050033187791082,-7.285659823920574,1.0071622232433906,0.7301250953473853,9.770280494132496,-0.001542241488480469,3.6259940612312275e-05,-0.001090830782496456,-58.80231913098164,-11.61416494278392,-63.5
1772919255.1771,58.877464192354644,0.7050033187791082,-7.285659823920574,1.009626447794564,0.7310735890283979,9.766841554004532,0.0007892507145463906,0.0007529907739340783,0.0,-58.80231913098164,-11.61416494278392,-63.5
1772919255.2174742,58.877464192354644,0.7050033187791082,-7.285659823920574,1.011266361706178,0.7317048009777432,9.76455297776485,-0.001542241488480469,3.6259940612312275e-05,0.001090830782496456,-58.80231913098164,-11.61416494278392,-63.5
1772919255.2496002,58.877464192354644,0.7050033187791082,-7.285659823920574,1.0130839835951757,0.7324044137120468,9.767587647947495,0.0007892507145463906,0.0007529907739340783,0.0,-59.299747215114756,-12.088740069729754,-63.5
1772919255.28779,58.877464192354644,0.7050033187791082,-7.285659823920574,1.0130839835951757,0.7324044137120468,9.767587647947495,0.0007892507145463906,0.0007529907739340783,0.0,-59.299747215114756,-12.088740069729754,-63.5
1772919255.3244035,58.877464192354644,0.7050033187791082,-7.285659823920574,1.0158764139774055,0.7301701553816503,9.768394606656797,-0.0015785014290927812,-0.0015059815478681566,0.0,-59.0180350977752,-11.388061268177955,-62.5625
1772919255.380988,58.877464192354644,0.7050033187791082,-7.285659823920574,1.017734745203288,0.7286832814210723,9.768931628663516,0.0,0.0,0.0,-59.0180350977752,-11.388061268177955,-62.5625
1772919255.4092774,58.877464192354644,0.7050033187791082,-7.285659823920574,1.018971443875193,0.727693783409778,9.76928901081006,-0.0007892507145463906,-0.0007529907739340783,-0.002181661564992912,-59.515463181908316,-11.862636395123788,-63.5
1772919255.444021,58.877464192354644,0.7050033187791082,-7.285659823920574,1.0197944530265164,0.7270352835366787,9.769526844636363,-3.625994061231226e-05,-0.001542241488480469,0.001090830782496456,-59.515463181908316,-11.862636395123788,-63.5
1772919255.4635565,58.877464192354644,0.7050033187791082,-7.285659823920574,1.0203421564231074,0.7265970592270568,9.769685120390992,0.0023314922030268593,0.000716730833321766,0.0,-59.0180350977752,-11.388061268177955,-63.75
1772919255.5041075,58.877464192354644,0.7050033187791082,-7.285659823920574,1.0203421564231074,0.7265970592270568,9.769685120390992,0.0023314922030268593,0.000716730833321766,0.0,-59.0180350977752,-11.388061268177955,-63.75
1772919255.5302258,58.877464192354644,0.7050033187791082,-7.285659823920574,1.0136681507202636,0.7288369141387147,9.769790451137641,0.0007529907739340783,-0.0007892507145463906,0.001090830782496456,-59.0180350977752,-11.388061268177955,-63.75
1772919255.5533824,58.877464192354644,0.7050033187791082,-7.285659823920574,1.0136681507202636,0.7288369141387147,9.769790451137641,0.0007529907739340783,-0.0007892507145463906,0.001090830782496456,-59.0180350977752,-11.388061268177955,-63.75
1772919255.583361,58.877464192354644,0.7050033187791082,-7.285659823920574,1.0092266744785499,0.7303275125616042,9.763170324158276,-0.0007892507145463906,-0.0007529907739340783,0.001090830782496456,-58.53099472145448,-11.355305782631648,-62.6875
1772919255.615749,58.877464192354644,0.7050033187791082,-7.285659823920574,1.008691216211005,0.7336285899800876,9.758764703605172,0.0,0.0,-0.001090830782496456,-58.53099472145448,-11.355305782631648,-62.6875
1772919255.6522079,58.877464192354644,0.7050033187791082,-7.285659823920574,1.0106439755345409,0.733405125569862,9.759177924048407,0.003084482976960938,-7.251988122462455e-05,0.001090830782496456,-58.50031677747065,-11.930710087232269,-64.25
1772919255.6870236,58.877464192354644,0.7050033187791082,-7.285659823920574,1.008777370533887,0.7293116639951944,9.761862057272879,-0.0007529907739340783,0.0007892507145463906,0.002181661564992912,-58.50031677747065,-11.930710087232269,-64.25
1772919255.7140214,58.877464192354644,0.7050033187791082,-7.285659823920574,1.008777370533887,0.7293116639951944,9.761862057272879,-0.0007529907739340783,0.0007892507145463906,0.002181661564992912,-58.50031677747065,-11.930710087232269,-64.25
1772919255.747867,58.877464192354644,0.7050033187791082,-7.285659823920574,1.0130104110931377,0.7281119649933631,9.764584290021878,0.0015059815478681566,-0.0015785014290927812,0.001090830782496456,-59.59343940237582,-11.418739212161785,-63.0625
1772919255.7692327,58.877464192354644,0.7050033187791082,-7.285659823920574,1.015827452299158,0.7273135787091601,9.766395905507004,0.001542241488480469,-3.6259940612312275e-05,0.001090830782496456,-59.59343940237582,-11.418739212161785,-63.0625
1772919255.8050504,-105.57157141733711,4.435281542380702,1.0485595656284792,1.0177021617533522,0.7267822615555823,9.767601515375285,0.0007892507145463906,0.0007529907739340783,0.001090830782496456,-59.59343940237582,-11.418739212161785,-63.0625
1772919255.8264363,-105.57157141733711,4.435281542380702,1.0485595656284792,1.0177021617533522,0.7267822615555823,9.767601515375285,0.0007892507145463906,0.0007529907739340783,0.001090830782496456,-59.59343940237582,-11.418739212161785,-63.0625
1772919255.8597772,58.877464192354644,0.7050033187791082,-7.285659823920574,1.0166406591341157,0.7288489704818534,9.765058723567762,0.002367752143639172,0.002258972321802235,0.003272492347489368,-59.334580242223545,-11.690063621688939,-64.25
1772919255.9182239,58.877464192354644,0.7050033187791082,-7.285659823920574,1.0136251401796492,0.7326446367424108,9.7633665240247,0.001542241488480469,-3.6259940612312275e-05,0.001090830782496456,-59.334580242223545,-11.690063621688939,-64.25
1772919255.9366705,58.877464192354644,0.7050033187791082,-7.285659823920574,1.0136251401796492,0.7326446367424108,9.7633665240247,0.001542241488480469,-3.6259940612312275e-05,0.001090830782496456,-59.334580242223545,-11.690063621688939,-64.25
1772919255.969744,58.877464192354644,0.7050033187791082,-7.285659823920574,1.00919805144423,0.7328615094193154,9.758895272424581,0.002295232262414547,-0.0008255106551587029,0.003272492347489368,-59.299747215114756,-12.088740069729754,-63.5
1772919255.9878395,58.877464192354644,0.7050033187791082,-7.285659823920574,1.0132903695396573,0.7304743474687438,9.759264816139174,-0.0031570028581855624,-0.0030119630957363133,0.0,-59.299747215114756,-12.088740069729754,-63.5
1772919256.0313978,58.877464192354644,0.7050033187791082,-7.285659823920574,1.0135934669612003,0.7265766170378588,9.759510743353163,-0.0007529907739340783,0.0007892507145463906,0.0,-59.299747215114756,-12.088740069729754,-63.5
1772919256.07048,58.877464192354644,0.7050033187791082,-7.285659823920574,1.016215469466193,0.7262918217957326,9.759674405166885,0.0016510213103174058,0.004590464524829095,0.0,-58.55800276176673,-12.50403685027041,-63.5
1772919256.1052125,58.877464192354644,0.7050033187791082,-7.285659823920574,1.0132309874676766,0.7262134874811184,9.759783320275695,0.002367752143639172,0.002258972321802235,0.001090830782496456,-58.55800276176673,-12.50403685027041,-63.5
1772919256.1510124,58.877464192354644,0.7050033187791082,-7.285659823920574,1.0132309874676766,0.7262134874811184,9.759783320275695,0.002367752143639172,0.002258972321802235,0.001090830782496456,-58.55800276176673,-12.50403685027041,-63.5
1772919256.1896636,58.877464192354644,0.7050033187791082,-7.285659823920574,1.0136651425932879,0.7284704576889202,9.759855802063946,-3.625994061231226e-05,-0.001542241488480469,-0.001090830782496456,-58.523169734657934,-12.902713298311221,-63.0625
1772919256.2249053,58.877464192354644,0.7050033187791082,-7.285659823920574,1.0139540679795518,0.7299724461502032,9.759904037884352,3.625994061231226e-05,0.001542241488480469,-0.001090830782496456,-58.523169734657934,-12.902713298311221,-63.0625
1772919256.2755475,58.877464192354644,0.7050033187791082,-7.285659823920574,1.0141463445966024,0.7309720026928764,9.759936138284003,-0.0007529907739340783,0.0007892507145463906,0.0,-59.85229856252809,-11.147414802634628,-63.5
1772919256.297483,58.877464192354644,0.7050033187791082,-7.285659823920574,1.014274302537379,0.7316371964062475,9.763302612448705,0.0008255106551587029,0.0022952322624145475,-0.001090830782496456,-59.85229856252809,-11.147414802634628,-63.5
1772919256.3511271,58.877464192354644,0.7050033187791082,-7.285659823920574,1.0166685579367079,0.7296595808350196,9.765542963399334,-0.0007892507145463906,-0.0007529907739340783,0.0,-59.038325333946624,-10.37083732217781,-63.5
1772919256.3818977,58.877464192354644,0.7050033187791082,-7.285659823920574,1.0205710089785018,0.7259232052070054,9.767033891930618,-0.0015059815478681566,0.0015785014290927812,-0.002181661564992912,-59.038325333946624,-10.37083732217781,-63.5
1772919256.4120753,58.877464192354644,0.7050033187791082,-7.285659823920574,1.0205710089785018,0.7259232052070054,9.767033891930618,-0.0015059815478681566,0.0015785014290927812,-0.002181661564992912,-59.038325333946624,-10.37083732217781,-63.5
1772919256.441828,58.877464192354644,0.7050033187791082,-7.285659823920574,1.0231680465535815,0.7234366889646126,9.768026088213425,0.0007892507145463906,0.0007529907739340783,-0.001090830782496456,-59.038325333946624,-10.37083732217781,-63.5
1772919256.4731483,58.877464192354644,0.7050033187791082,-7.285659823920574,1.0201669506730848,0.721893133919156,9.768686383756073,-0.0038737336915073287,-0.000680470892709454,-0.002181661564992912,-58.80231913098164,-11.61416494278392,-62.25
1772919256.5211098,58.877464192354644,0.7050033187791082,-7.285659823920574,1.0158606540699258,0.7232862098358198,9.769125803063721,0.0,0.0,-0.001090830782496456,-58.80231913098164,-11.61416494278392,-62.25
1772919256.5551229,58.877464192354644,0.7050033187791082,-7.285659823920574,1.0177242571609102,0.7241020925590325,9.769418231704327,-3.625994061231226e-05,-0.001542241488480469,0.0,-58.746710688248044,-11.129202108025682,-63.0625
1772919256.584268,58.877464192354644,0.7050033187791082,-7.285659823920574,1.0189644642001496,0.7246450533973232,9.769612839698008,0.0007529907739340783,-0.0007892507145463906,0.001090830782496456,-58.746710688248044,-11.129202108025682,-63.0625
1772919256.6163974,58.877464192354644,0.7050033187791082,-7.285659823920574,1.0189644642001496,0.7246450533973232,9.769612839698008,0.0007529907739340783,-0.0007892507145463906,0.001090830782496456,-58.746710688248044,-11.129202108025682,-63.0625
1772919256.6451771,58.877464192354644,0.7050033187791082,-7.285659823920574,1.019789808130743,0.7250063877699359,9.769742349143888,0.0,0.0,0.0,-59.832008326356664,-12.164638748634774,-63.5
1772919256.6651278,58.877464192354644,0.7050033187791082,-7.285659823920574,1.0180299644777313,0.7276671463153156,9.766483424526086,0.002295232262414547,-0.0008255106551587029,0.001090830782496456,-59.832008326356664,-12.164638748634774,-63.5
1772919256.6875765,58.877464192354644,0.7050033187791082,-7.285659823920574,1.0145497073662677,0.7318581459614207,9.767659758304832,0.0007892507145463906,0.0007529907739340783,-0.002181661564992912,-59.334580242223545,-11.690063621688939,-63.75
1772919256.7074635,58.877464192354644,0.7050033187791082,-7.285659823920574,1.0145497073662677,0.7318581459614207,9.767659758304832,0.0007892507145463906,0.0007529907739340783,-0.002181661564992912,-59.334580242223545,-11.690063621688939,-63.75
1772919256.7303557,58.877464192354644,0.7050033187791082,-7.285659823920574,1.0145427359547339,0.7322269148525947,9.76844259529408,0.0007529907739340783,-0.0007892507145463906,0.0,-59.334580242223545,-11.690063621688939,-63.75
1772919256.7536542,58.877464192354644,0.7050033187791082,-7.285659823920574,1.0169583911150095,0.7347814272493786,9.76896356456556,-0.0007529907739340783,0.0007892507145463906,0.0,-59.334580242223545,-11.690063621688939,-63.0625
1772919256.7679007,58.877464192354644,0.7050033187791082,-7.285659823920574,1.0169583911150095,0.7347814272493786,9.76896356456556,-0.0007529907739340783,0.0007892507145463906,0.0,-59.334580242223545,-11.690063621688939,-63.0625
1772919256.7852197,58.877464192354644,0.7050033187791082,-7.285659823920574,1.016145688082761,0.734172325894539,9.769310263796122,0.0015059815478681566,-0.0015785014290927812,-0.003272492347489368,-59.334580242223545,-11.690063621688939,-63.0625
1772919256.8012135,58.877464192354644,0.7050033187791082,-7.285659823920574,1.0156048432932874,0.7337669757470012,9.769540988261177,0.001542241488480469,-3.6259940612312275e-05,0.0,-59.334580242223545,-11.690063621688939,-63.0625
1772919256.8213687,58.877464192354644,0.7050033187791082,-7.285659823920574,1.0152449171275248,0.7334972197518727,9.76969453281531,-0.001542241488480469,3.6259940612312275e-05,0.001090830782496456,-59.299747215114756,-12.088740069729754,-62.25
1772919256.8442366,58.877464192354644,0.7050033187791082,-7.285659823920574,1.0152449171275248,0.7334972197518727,9.76969453281531,-0.001542241488480469,3.6259940612312275e-05,0.001090830782496456,-59.299747215114756,-12.088740069729754,-62.25
1772919256.865431,58.877464192354644,0.7050033187791082,-7.285659823920574,1.0101648011712976,0.7286994985122346,9.769796715000881,-3.625994061231226e-05,-0.001542241488480469,-0.002181661564992912,-59.299747215114756,-12.088740069729754,-62.25
1772919256.8943849,58.877464192354644,0.7050033187791082,-7.285659823920574,1.0101648011712976,0.7286994985122346,9.769796715000881,-3.625994061231226e-05,-0.001542241488480469,-0.002181661564992912,-59.299747215114756,-12.088740069729754,-62.25
1772919256.9251308,58.877464192354644,0.7050033187791082,-7.285659823920574,1.006784040751042,0.7255066686213133,9.769864716103928,-3.625994061231226e-05,-0.001542241488480469,0.0,-58.50031677747065,-11.930710087232269,-63.875
1772919256.9503129,58.877464192354644,0.7050033187791082,-7.285659823920574,1.0117950661272568,0.7303091784525299,9.769909970078384,-0.001542241488480469,3.6259940612312275e-05,0.001090830782496456,-58.50031677747065,-11.930710087232269,-63.875
1772919256.971874,58.877464192354644,0.7050033187791082,-7.285659823920574,1.0151298475383064,0.7335051950976547,9.766594974385546,3.625994061231226e-05,0.001542241488480469,0.0,-58.52060701364208,-10.91348614123212,-63.5
1772919257.0020735,58.877464192354644,0.7050033187791082,-7.285659823920574,1.0151298475383064,0.7335051950976547,9.766594974385546,3.625994061231226e-05,0.001542241488480469,0.0,-58.52060701364208,-10.91348614123212,-63.5
1772919257.0244586,58.877464192354644,0.7050033187791082,-7.285659823920574,1.0149288127586353,0.7333230076540139,9.76438888178289,0.0023314922030268593,0.000716730833321766,0.001090830782496456,-58.52060701364208,-10.91348614123212,-63.5
1772919257.054021,58.877464192354644,0.7050033187791082,-7.285659823920574,1.0147950263584697,0.7332017639454382,9.762920751799491,0.002295232262414547,-0.0008255106551587029,-0.001090830782496456,-58.52060701364208,-10.91348614123212,-63.5
1772919257.0693061,58.877464192354644,0.7050033187791082,-7.285659823920574,1.0147950263584697,0.7332017639454382,9.762920751799491,0.002295232262414547,-0.0008255106551587029,-0.001090830782496456,-58.52060701364208,-10.91348614123212,-63.5
1772919257.1046681,58.877464192354644,0.7050033187791082,-7.285659823920574,1.0147059930036517,0.733121077611762,9.765288839402945,-0.001542241488480469,3.6259940612312275e-05,0.0,-59.0180350977752,-11.388061268177955,-63.5
1772919257.125876,58.877464192354644,0.7050033187791082,-7.285659823920574,1.0122264477438123,0.7307582809388998,9.766864775249772,0.0023314922030268593,0.000716730833321766,0.001090830782496456,-59.0180350977752,-11.388061268177955,-63.5
1772919257.1400065,58.877464192354644,0.7050033187791082,-7.285659823920574,1.010576338071725,0.7291858661472784,9.767913542951478,-0.0007892507145463906,-0.0007529907739340783,-0.002181661564992912,-59.0180350977752,-11.388061268177955,-63.5
1772919257.1732793,58.877464192354644,0.7050033187791082,-7.285659823920574,1.010576338071725,0.7291858661472784,9.767913542951478,-0.0007892507145463906,-0.0007529907739340783,-0.002181661564992912,-59.0180350977752,-11.388061268177955,-63.5
1772919257.2027824,58.877464192354644,0.7050033187791082,-7.285659823920574,1.0118985030746588,0.7304485424876044,9.768611486141461,0.0015785014290927812,0.0015059815478681566,-0.001090830782496456,-59.832008326356664,-12.164638748634774,-62.6875
1772919257.239094,58.877464192354644,0.7050033187791082,-7.285659823920574,1.0127783891145605,0.7312888394870724,9.769075959537858,-0.0007529907739340783,0.0007892507145463906,-0.001090830782496456,-59.832008326356664,-12.164638748634774,-62.6875
1772919257.2933092,58.877464192354644,0.7050033187791082,-7.285659823920574,1.0133639434451442,0.7318480477534859,9.766039949687332,-0.0015785014290927812,-0.0015059815478681566,0.0,-58.7388857014515,-12.676609623705259,-62.6875
1772919257.3148692,58.877464192354644,0.7050033187791082,-7.285659823920574,1.0113333287543016,0.7299110937888925,9.764019519046261,0.0,0.0,-0.002181661564992912,-58.7388857014515,-12.676609623705259,-62.6875
1772919257.3291612,58.877464192354644,0.7050033187791082,-7.285659823920574,1.0113333287543016,0.7299110937888925,9.764019519046261,0.0,0.0,-0.002181661564992912,-58.7388857014515,-12.676609623705259,-62.6875
1772919257.362945,58.877464192354644,0.7050033187791082,-7.285659823920574,1.0147113727368995,0.7285108788249994,9.762674945024317,0.0016147613697050935,0.0030482230363486256,0.0,-59.515463181908316,-11.862636395123788,-64.25
1772919257.3934178,58.877464192354644,0.7050033187791082,-7.285659823920574,1.0147113727368995,0.7285108788249994,9.762674945024317,0.0016147613697050935,0.0030482230363486256,0.0,-59.515463181908316,-11.862636395123788,-64.25
1772919257.4082284,58.877464192354644,0.7050033187791082,-7.285659823920574,1.0170706170097443,0.7323084467838561,9.765125257739909,0.0007892507145463906,0.0007529907739340783,-0.001090830782496456,-59.515463181908316,-11.862636395123788,-64.25
1772919257.437534,58.877464192354644,0.7050033187791082,-7.285659823920574,1.0170706170097443,0.7323084467838561,9.765125257739909,0.0007892507145463906,0.0007529907739340783,-0.001090830782496456,-59.515463181908316,-11.862636395123788,-64.25
1772919257.455007,58.877464192354644,0.7050033187791082,-7.285659823920574,1.018640667718837,0.7348356858388616,9.763410801773029,0.0015059815478681566,-0.0015785014290927812,0.001090830782496456,-58.746710688248044,-11.129202108025682,-63.5
1772919257.4786549,58.877464192354644,0.7050033187791082,-7.285659823920574,1.0172652243703475,0.7342084343797318,9.75557962706416,-0.0007892507145463906,-0.0007529907739340783,-0.001090830782496456,-58.746710688248044,-11.129202108025682,-63.5
1772919257.5114582,58.877464192354644,0.7050033187791082,-7.285659823920574,1.0172652243703475,0.7342084343797318,9.75557962706416,-0.0007892507145463906,-0.0007529907739340783,-0.001090830782496456,-58.746710688248044,-11.129202108025682,-63.5
1772919257.5367074,58.877464192354644,0.7050033187791082,-7.285659823920574,1.0163498821866364,0.7337910055405389,9.747022956068042,0.0,0.0,0.0,-60.24889746900642,-11.093883901463515,-63.875
1772919257.555921,58.877464192354644,0.7050033187791082,-7.285659823920574,1.0157407321884189,0.7335132113110415,9.741328587104404,0.0,0.0,-0.001090830782496456,-60.24889746900642,-11.093883901463515,-63.875
1772919257.5770037,58.877464192354644,0.7050033187791082,-7.285659823920574,1.0153353496692565,0.733328342354476,9.750919494998648,-3.625994061231226e-05,-0.001542241488480469,0.0,-60.24889746900642,-11.093883901463515,-63.875
1772919257.5892217,58.877464192354644,0.7050033187791082,-7.285659823920574,1.0153353496692565,0.733328342354476,9.750919494998648,-3.625994061231226e-05,-0.001542241488480469,0.0,-60.24889746900642,-11.093883901463515,-63.875
1772919257.6079838,58.877464192354644,0.7050033187791082,-7.285659823920574,1.0150655721311732,0.7332053141290031,9.757302137064807,-3.625994061231226e-05,-0.001542241488480469,-0.001090830782496456,-58.80231913098164,-11.61416494278392,-63.875
1772919257.631573,58.877464192354644,0.7050033187791082,-7.285659823920574,1.0148860381931917,0.7331234402192663,9.761549714061053,-3.625994061231226e-05,-0.001542241488480469,0.001090830782496456,-58.80231913098164,-11.61416494278392,-63.875
1772919257.6510975,58.877464192354644,0.7050033187791082,-7.285659823920574,1.0100371649870887,0.7331801477845775,9.76103131739619,0.0,0.0,-0.001090830782496456,-58.80231913098164,-11.61416494278392,-63.875
1772919257.6813414,58.877464192354644,0.7050033187791082,-7.285659823920574,1.00681029403389,0.733217886035827,9.757341218499276,0.001542241488480469,-3.6259940612312275e-05,0.001090830782496456,-59.276894257927474,-11.116736858650802,-64.25
1772919257.714126,58.877464192354644,0.7050033187791082,-7.285659823920574,1.00681029403389,0.733217886035827,9.757341218499276,0.001542241488480469,-3.6259940612312275e-05,0.001090830782496456,-59.276894257927474,-11.116736858650802,-64.25
1772919257.7324517,58.877464192354644,0.7050033187791082,-7.285659823920574,1.0070831420178223,0.7355521012395957,9.758230610611804,-0.0007892507145463906,-0.0007529907739340783,0.0,-59.276894257927474,-11.116736858650802,-64.25
1772919257.7475917,58.877464192354644,0.7050033187791082,-7.285659823920574,1.0070831420178223,0.7355521012395957,9.758230610611804,-0.0007892507145463906,-0.0007529907739340783,0.0,-59.276894257927474,-11.116736858650802,-64.25
1772919257.7721803,58.877464192354644,0.7050033187791082,-7.285659823920574,1.0072647193032176,0.7371054953828114,9.762167602834849,0.0008255106551587029,0.0022952322624145475,0.0,-60.83676702298193,-11.654745415126774,-63.0625
1772919257.7913766,58.877464192354644,0.7050033187791082,-7.285659823920574,1.0098058515150723,0.7404483626516978,9.76813273888752,0.0,0.0,0.001090830782496456,-60.83676702298193,-11.654745415126774,-63.0625
1772919257.8159118,58.877464192354644,0.7050033187791082,-7.285659823920574,1.013806047434881,0.7402527089200921,9.768757358588317,0.001542241488480469,-3.6259940612312275e-05,-0.002181661564992912,-60.83676702298193,-11.654745415126774,-63.0625
1772919257.8294673,58.877464192354644,0.7050033187791082,-7.285659823920574,1.013806047434881,0.7402527089200921,9.768757358588317,0.001542241488480469,-3.6259940612312275e-05,-0.002181661564992912,-60.83676702298193,-11.654745415126774,-63.0625
1772919257.8543067,58.877464192354644,0.7050033187791082,-7.285659823920574,1.013806047434881,0.7402527089200921,9.768757358588317,0.001542241488480469,-3.6259940612312275e-05,-0.002181661564992912,-60.83676702298193,-11.654745415126774,-63.0625
1772919257.8880172,58.877464192354644,0.7050033187791082,-7.285659823920574,1.0164681331343972,0.7401225035473039,9.772518147729059,-0.002404012084251484,-0.003801213810282704,0.0,-58.24145761731838,-12.202034496759426,-63.5
1772919257.9162073,58.877464192354644,0.7050033187791082,-7.285659823920574,1.0158194268732041,0.7377267525070766,9.771675799184136,-0.002367752143639172,-0.002258972321802235,0.0,-58.24145761731838,-12.202034496759426,-63.5
1772919257.9604816,58.877464192354644,0.7050033187791082,-7.285659823920574,1.0130786192837777,0.7385527015088735,9.77111522563714,0.0,0.0,0.001090830782496456,-58.80231913098164,-11.61416494278392,-64.25
1772919257.985352,58.877464192354644,0.7050033187791082,-7.285659823920574,1.0130786192837777,0.7385527015088735,9.77111522563714,0.0,0.0,0.001090830782496456,-58.80231913098164,-11.61416494278392,-64.25
1772919258.0313866,58.877464192354644,0.7050033187791082,-7.285659823920574,1.0083189335132914,0.7332020776460159,9.770493905979931,0.0031570028581855624,0.0030119630957363133,0.0,-59.85229856252809,-11.147414802634628,-63.0625
1772919258.051523,58.877464192354644,0.7050033187791082,-7.285659823920574,1.0079759310011072,0.7308121855568663,9.770328688912352,0.001542241488480469,-3.6259940612312275e-05,-0.001090830782496456,-59.85229856252809,-11.147414802634628,-63.0625
1772919258.065978,58.877464192354644,0.7050033187791082,-7.285659823920574,1.0079759310011072,0.7308121855568663,9.770328688912352,0.001542241488480469,-3.6259940612312275e-05,-0.001090830782496456,-59.85229856252809,-11.147414802634628,-63.0625
1772919258.08489,58.877464192354644,0.7050033187791082,-7.285659823920574,1.010167961217613,0.7315308398875069,9.770218738799475,-0.00312074291757325,-0.0014697216072558446,0.001090830782496456,-59.85229856252809,-11.147414802634628,-63.0625
1772919258.1184664,58.877464192354644,0.7050033187791082,-7.285659823920574,1.010167961217613,0.7315308398875069,9.770218738799475,-0.00312074291757325,-0.0014697216072558446,0.001090830782496456,-59.85229856252809,-11.147414802634628,-63.0625
1772919258.135501,58.877464192354644,0.7050033187791082,-7.285659823920574,1.0116267328401158,0.7320090963166536,9.770145568227578,0.0007892507145463906,0.0007529907739340783,-0.001090830782496456,-58.816861921919,-12.232712440743253,-62.25
1772919258.1794217,58.877464192354644,0.7050033187791082,-7.285659823920574,1.010288428240219,0.7347476651845517,9.76675176232203,-0.001542241488480469,3.6259940612312275e-05,0.0,-58.816861921919,-12.232712440743253,-62.25
1772919258.1994255,-105.57157141733711,4.435281542380702,1.0485595656284792,1.014016003117081,0.7317295630607682,9.764493222403184,0.00312074291757325,0.0014697216072558446,0.0,-58.30489104684852,-11.139589815838086,-62.5625
1772919258.2196841,58.877464192354644,0.7050033187791082,-7.285659823920574,1.0118784609196412,0.734561638925351,9.766335301024055,0.0007529907739340783,-0.0007892507145463906,0.0,-58.30489104684852,-11.139589815838086,-62.5625
1772919258.237997,58.877464192354644,0.7050033187791082,-7.285659823920574,1.0118784609196412,0.734561638925351,9.766335301024055,0.0007529907739340783,-0.0007892507145463906,0.0,-58.30489104684852,-11.139589815838086,-62.5625
1772919258.26627,58.877464192354644,0.7050033187791082,-7.285659823920574,1.015074152103408,0.7316057646633196,9.767561183768878,0.003909993632119641,0.002222712381189923,-0.003272492347489368,-58.30489104684852,-11.139589815838086,-62.5625
1772919258.2913144,58.877464192354644,0.7050033187791082,-7.285659823920574,1.0101623526929677,0.7321701516556417,9.768376995041551,-3.625994061231226e-05,-0.001542241488480469,-0.001090830782496456,-59.832008326356664,-12.164638748634774,-62.5625
1772919258.3208125,58.877464192354644,0.7050033187791082,-7.285659823920574,1.0139321012487414,0.7300142565999912,9.765574796622987,-0.0007529907739340783,0.0007892507145463906,0.0,-59.832008326356664,-12.164638748634774,-62.5625
1772919258.3520586,58.877464192354644,0.7050033187791082,-7.285659823920574,1.0141317259826326,0.7309998270801571,9.76370996487804,-3.625994061231226e-05,-0.001542241488480469,0.0,-59.85229856252809,-11.147414802634628,-63.5
1772919258.3786595,58.877464192354644,0.7050033187791082,-7.285659823920574,1.0142645740130827,0.731655713225164,9.762468940183313,0.002295232262414547,-0.0008255106551587029,0.0,-59.85229856252809,-11.147414802634628,-63.5
1772919258.3937883,58.877464192354644,0.7050033187791082,-7.285659823920574,1.0120438820742117,0.7345124926847132,9.761643052112126,-7.251988122462452e-05,-0.003084482976960938,0.0,-59.85229856252809,-11.147414802634628,-63.5
1772919258.407505,58.877464192354644,0.7050033187791082,-7.285659823920574,1.0120438820742117,0.7345124926847132,9.761643052112126,-7.251988122462452e-05,-0.003084482976960938,0.0,-59.85229856252809,-11.147414802634628,-63.5
1772919258.4199572,58.877464192354644,0.7050033187791082,-7.285659823920574,1.0105660363956472,0.7364136475027255,9.757748321119205,-0.0007529907739340783,0.0007892507145463906,0.0,-58.816861921919,-12.232712440743253,-61.875
1772919258.4357271,58.877464192354644,0.7050033187791082,-7.285659823920574,1.0105660363956472,0.7364136475027255,9.757748321119205,-0.0007529907739340783,0.0007892507145463906,0.0,-58.816861921919,-12.232712440743253,-61.875
1772919258.4722788,58.877464192354644,0.7050033187791082,-7.285659823920574,1.0118916474243065,0.7352585502400465,9.755156421150414,0.0015785014290927812,0.0015059815478681566,0.0,-58.816861921919,-12.232712440743253,-61.875
1772919258.5119705,58.877464192354644,0.7050033187791082,-7.285659823920574,1.0103535321990582,0.7321807450958895,9.76012176408924,0.001542241488480469,-3.6259940612312275e-05,0.0,-59.59343940237582,-11.418739212161785,-62.5625
1772919258.5306325,58.877464192354644,0.7050033187791082,-7.285659823920574,1.0093299336985284,0.7301325001537892,9.763426144348514,-7.251988122462452e-05,-0.003084482976960938,0.001090830782496456,-59.59343940237582,-11.418739212161785,-62.5625
1772919258.5608602,58.877464192354644,0.7050033187791082,-7.285659823920574,1.0086487403307702,0.7287694160252166,9.762280060791396,-0.0015785014290927812,-0.0015059815478681566,0.0,-59.334580242223545,-11.690063621688939,-62.6875
1772919258.590319,58.877464192354644,0.7050033187791082,-7.285659823920574,1.008195413753956,0.7278622987642991,9.761517354986726,-0.0007892507145463906,-0.0007529907739340783,-0.002181661564992912,-59.334580242223545,-11.690063621688939,-62.6875
1772919258.6302278,58.877464192354644,0.7050033187791082,-7.285659823920574,1.0102028308002013,0.7248383278035467,9.757664671086381,-0.0016147613697050935,-0.0030482230363486256,0.0,-59.334580242223545,-11.690063621688939,-62.6875
1772919258.6651223,58.877464192354644,0.7050033187791082,-7.285659823920574,1.01153874442016,0.722825908909135,9.75844586469532,0.0007892507145463906,0.0007529907739340783,-0.001090830782496456,-59.0180350977752,-11.388061268177955,-64.25
1772919258.7133691,58.877464192354644,0.7050033187791082,-7.285659823920574,1.0124277800111097,0.721486666615096,9.758965740315563,0.0,0.0,0.0,-59.0180350977752,-11.388061268177955,-64.25
1772919258.7837431,58.877464192354644,0.7050033187791082,-7.285659823920574,1.0154397178224839,0.7229045166478556,9.762656823440764,0.0007892507145463906,0.0007529907739340783,0.0,-59.00556984840031,-10.857877698498529,-62.5625
1772919258.8066103,58.877464192354644,0.7050033187791082,-7.285659823920574,1.0151350279712774,0.7262683745630101,9.765113198028486,-0.0007892507145463906,-0.0007529907739340783,0.0,-59.00556984840031,-10.857877698498529,-62.5625
1772919258.826916,58.877464192354644,0.7050033187791082,-7.285659823920574,1.0149322602789081,0.7285069844287902,9.766747887877111,0.0007529907739340783,-0.0007892507145463906,0.0,-59.00556984840031,-10.857877698498529,-62.5625
1772919258.844012,58.877464192354644,0.7050033187791082,-7.285659823920574,1.0149322602789081,0.7285069844287902,9.766747887877111,0.0007529907739340783,-0.0007892507145463906,0.0,-59.00556984840031,-10.857877698498529,-62.5625
1772919258.8805683,58.877464192354644,0.7050033187791082,-7.285659823920574,1.0147973206447,0.7299967542875563,9.76783575571069,-3.625994061231226e-05,-0.001542241488480469,-0.002181661564992912,-59.0180350977752,-11.388061268177955,-63.0625
1772919258.8986197,58.877464192354644,0.7050033187791082,-7.285659823920574,1.014707519825509,0.7309881794867452,9.768559719601656,0.0,0.0,0.0,-59.0180350977752,-11.388061268177955,-63.0625
1772919258.9224157,58.877464192354644,0.7050033187791082,-7.285659823920574,1.0146477583834783,0.7316479618818604,9.772386621191208,0.0015059815478681566,-0.0015785014290927812,0.001090830782496456,-58.55800276176673,-12.50403685027041,-62.6875
1772919258.9712427,58.877464192354644,0.7050033187791082,-7.285659823920574,1.0146079878113858,0.7320870396955573,9.771588269742443,0.0,0.0,0.001090830782496456,-58.55800276176673,-12.50403685027041,-62.6875
1772919259.0038404,58.877464192354644,0.7050033187791082,-7.285659823920574,1.0146079878113858,0.7320870396955573,9.771588269742443,0.0,0.0,0.001090830782496456,-58.55800276176673,-12.50403685027041,-62.6875
1772919259.0325797,58.877464192354644,0.7050033187791082,-7.285659823920574,1.0121612263831492,0.7300701402566261,9.77105697577146,0.0008255106551587029,0.0022952322624145475,0.0,-59.515463181908316,-11.862636395123788,-63.0625
1772919259.077505,58.877464192354644,0.7050033187791082,-7.285659823920574,1.008223833165648,0.7311482107670357,9.770703405568714,-0.002295232262414547,0.0008255106551587029,-0.001090830782496456,-59.515463181908316,-11.862636395123788,-63.0625
1772919259.091275,58.877464192354644,0.7050033187791082,-7.285659823920574,1.005603541962965,0.7318656546488769,9.770468108548425,3.625994061231226e-05,0.001542241488480469,0.0,-60.09086748650894,-11.89331433910762,-63.0625
1772919259.1118464,58.877464192354644,0.7050033187791082,-7.285659823920574,1.0132073644523034,0.7273913226866683,9.77031152100986,0.0008255106551587029,0.0022952322624145475,-0.002181661564992912,-60.09086748650894,-11.89331433910762,-63.0625
1772919259.147977,58.877464192354644,0.7050033187791082,-7.285659823920574,1.0182676233786956,0.7244137047473814,9.770207313752145,-0.0007529907739340783,0.0007892507145463906,0.0,-60.09086748650894,-11.89331433910762,-63.0625
1772919259.162099,58.877464192354644,0.7050033187791082,-7.285659823920574,1.0170169675291614,0.7272727223845088,9.770137964986207,-0.0015059815478681566,0.0015785014290927812,0.002181661564992912,-58.508141764267194,-10.383302571552694,-63.0625
1772919259.2208755,58.877464192354644,0.7050033187791082,-7.285659823920574,1.0180510799018496,0.7327506560316694,9.764489855114759,0.0015785014290927812,0.0015059815478681566,0.001090830782496456,-58.508141764267194,-10.383302571552694,-63.0625
1772919259.2451982,58.877464192354644,0.7050033187791082,-7.285659823920574,1.0180510799018496,0.7327506560316694,9.764489855114759,0.0015785014290927812,0.0015059815478681566,0.001090830782496456,-58.508141764267194,-10.383302571552694,-63.0625
1772919259.2740428,58.877464192354644,0.7050033187791082,-7.285659823920574,1.0168728602642696,0.7328208703343544,9.766333060131224,-0.0007529907739340783,0.0007892507145463906,0.0,-59.0180350977752,-11.388061268177955,-64.25
1772919259.3357744,58.877464192354644,0.7050033187791082,-7.285659823920574,1.0160887682570359,0.7328675971684461,9.767559692479733,-0.0007529907739340783,0.0007892507145463906,0.0,-59.0180350977752,-11.388061268177955,-64.25
1772919259.3510182,58.877464192354644,0.7050033187791082,-7.285659823920574,1.0155669637851035,0.7328986933545613,9.768376002605283,0.0,0.0,-0.001090830782496456,-58.746710688248044,-11.129202108025682,-62.6875
1772919259.3741965,58.877464192354644,0.7050033187791082,-7.285659823920574,1.0155669637851035,0.7328986933545613,9.768376002605283,0.0,0.0,-0.001090830782496456,-58.746710688248044,-11.129202108025682,-62.6875
1772919259.4410439,58.877464192354644,0.7050033187791082,-7.285659823920574,1.0152197087379704,0.7329193875190537,9.768919247875056,0.0,0.0,0.0,-58.746710688248044,-11.129202108025682,-62.6875
1772919259.4878762,58.877464192354644,0.7050033187791082,-7.285659823920574,1.0125683198264208,0.7306240584352285,9.772625883240961,0.0007892507145463906,0.0007529907739340783,0.001090830782496456,-58.80231913098164,-11.61416494278392,-64.25
1772919259.5241408,58.877464192354644,0.7050033187791082,-7.285659823920574,1.0132241446805148,0.7314056433895747,9.77509260767114,0.0007529907739340783,-0.0007892507145463906,0.001090830782496456,-58.80231913098164,-11.61416494278392,-64.25
1772919259.5819716,58.877464192354644,0.7050033187791082,-7.285659823920574,1.0162601382967005,0.7298516296241689,9.774481525040999,-0.0007529907739340783,0.0007892507145463906,0.001090830782496456,-59.299747215114756,-12.088740069729754,-63.875
1772919259.6234882,58.877464192354644,0.7050033187791082,-7.285659823920574,1.0162601382967005,0.7298516296241689,9.774481525040999,-0.0007529907739340783,0.0007892507145463906,0.001090830782496456,-59.299747215114756,-12.088740069729754,-63.875
1772919259.6496415,58.877464192354644,0.7050033187791082,-7.285659823920574,1.0162601382967005,0.7298516296241689,9.774481525040999,-0.0007529907739340783,0.0007892507145463906,0.001090830782496456,-59.299747215114756,-12.088740069729754,-63.875
1772919259.688842,58.877464192354644,0.7050033187791082,-7.285659823920574,1.0156810086321715,0.7308916006444097,9.77298240485287,0.0007529907739340783,-0.0007892507145463906,-0.001090830782496456,-59.118864275429985,-11.916167296294905,-63.0625
1772919259.721402,58.877464192354644,0.7050033187791082,-7.285659823920574,1.0176047051288555,0.7291633951843669,9.761949421991982,0.0007892507145463906,0.0007529907739340783,0.001090830782496456,-59.118864275429985,-11.916167296294905,-63.0625
1772919259.7573073,58.877464192354644,0.7050033187791082,-7.285659823920574,1.016575802839175,0.730433588312804,9.754607095144555,0.0007892507145463906,0.0007529907739340783,-0.001090830782496456,-58.24145761731838,-12.202034496759426,-64.25
1772919259.7919633,58.877464192354644,0.7050033187791082,-7.285659823920574,1.0158910798589842,0.7312788876507919,9.759756193768716,0.0007529907739340783,-0.0007892507145463906,0.0,-58.24145761731838,-12.202034496759426,-64.25
1772919259.8106875,58.877464192354644,0.7050033187791082,-7.285659823920574,1.0154354043645242,0.7318414249176105,9.763182861383894,0.0,0.0,0.0,-58.24145761731838,-12.202034496759426,-64.25
1772919259.847141,58.877464192354644,0.7050033187791082,-7.285659823920574,1.0151321574131897,0.7322157871847252,9.76546327040341,0.0008617705957710153,0.0038374737508950164,0.001090830782496456,-59.299747215114756,-12.088740069729754,-63.0625
1772919259.8761857,58.877464192354644,0.7050033187791082,-7.285659823920574,1.0149303499545672,0.7324649210915896,9.76698085713206,0.0007529907739340783,-0.0007892507145463906,0.0,-59.299747215114756,-12.088740069729754,-63.0625
1772919259.892985,58.877464192354644,0.7050033187791082,-7.285659823920574,1.0149303499545672,0.7324649210915896,9.76698085713206,0.0007529907739340783,-0.0007892507145463906,0.0,-59.299747215114756,-12.088740069729754,-63.0625
1772919259.9206686,58.877464192354644,0.7050033187791082,-7.285659823920574,1.0147960493451909,0.7326307169235997,9.76799079414742,-3.625994061231226e-05,-0.001542241488480469,0.001090830782496456,-59.334580242223545,-11.690063621688939,-62.5625
1772919259.9473166,58.877464192354644,0.7050033187791082,-7.285659823920574,1.014706673789887,0.7327410521977417,9.76531778424209,0.0007892507145463906,0.0007529907739340783,0.0,-59.334580242223545,-11.690063621688939,-62.5625
1772919259.9685638,58.877464192354644,0.7050033187791082,-7.285659823920574,1.014706673789887,0.7327410521977417,9.76531778424209,0.0007892507145463906,0.0007529907739340783,0.0,-59.334580242223545,-11.690063621688939,-62.5625
1772919259.9825873,58.877464192354644,0.7050033187791082,-7.285659823920574,1.0169562961753487,0.730394184533382,9.76019381430225,-0.0007892507145463906,-0.0007529907739340783,-0.002181661564992912,-60.06801452932165,-10.921311128028666,-63.0625
1772919260.0027905,58.877464192354644,0.7050033187791082,-7.285659823920574,1.0184533947429448,0.7288323703189801,9.7601289812531,0.0007892507145463906,0.0007529907739340783,-0.002181661564992912,-60.06801452932165,-10.921311128028666,-63.0625
1772919260.0182648,58.877464192354644,0.7050033187791082,-7.285659823920574,1.0194496971159932,0.7277930004059036,9.753395612168484,-0.0007892507145463906,-0.0007529907739340783,0.0,-60.06801452932165,-10.921311128028666,-63.0625
1772919260.0461411,58.877464192354644,0.7050033187791082,-7.285659823920574,1.0194496971159932,0.7277930004059036,9.753395612168484,-0.0007892507145463906,-0.0007529907739340783,0.0,-60.06801452932165,-10.921311128028666,-63.0625
1772919260.0627456,58.877464192354644,0.7050033187791082,-7.285659823920574,1.0201127252158302,0.7271013113392738,9.755604853673972,-0.0015785014290927812,-0.0015059815478681566,0.001090830782496456,-58.80231913098164,-11.61416494278392,-62.6875
1772919260.0834837,58.877464192354644,0.7050033187791082,-7.285659823920574,1.020665156747412,0.7313703953680063,9.75707507921703,-0.0007892507145463906,-0.0007529907739340783,0.0,-58.80231913098164,-11.61416494278392,-62.6875
1772919260.1075573,58.877464192354644,0.7050033187791082,-7.285659823920574,1.0187236929414893,0.73663171765711,9.761398609599759,0.0,0.0,-0.001090830782496456,-58.80231913098164,-11.61416494278392,-62.6875
1772919260.1309328,58.877464192354644,0.7050033187791082,-7.285659823920574,1.0187236929414893,0.73663171765711,9.761398609599759,0.0,0.0,-0.001090830782496456,-58.80231913098164,-11.61416494278392,-62.6875
1772919260.1607814,58.877464192354644,0.7050033187791082,-7.285659823920574,1.0174316704662194,0.7401330688676876,9.770966094187106,-0.0007892507145463906,-0.0007529907739340783,0.0,-59.118864275429985,-11.916167296294905,-63.5
1772919260.1878042,58.877464192354644,0.7050033187791082,-7.285659823920574,1.0174316704662194,0.7401330688676876,9.770966094187106,-0.0007892507145463906,-0.0007529907739340783,0.0,-59.118864275429985,-11.916167296294905,-63.5
1772919260.227777,58.877464192354644,0.7050033187791082,-7.285659823920574,1.0315679574022025,0.735766702216518,9.778225239987115,-0.0007892507145463906,-0.0007529907739340783,-0.001090830782496456,-58.50031677747065,-11.930710087232269,-63.5
1772919260.258973,58.877464192354644,0.7050033187791082,-7.285659823920574,1.0315679574022025,0.735766702216518,9.778225239987115,-0.0007892507145463906,-0.0007529907739340783,-0.001090830782496456,-58.50031677747065,-11.930710087232269,-63.5
1772919260.2850368,58.877464192354644,0.7050033187791082,-7.285659823920574,1.0330178811800161,0.7370259224604041,9.772128693622156,0.000716730833321766,-0.0023314922030268598,0.0,-58.50031677747065,-11.930710087232269,-63.5
1772919260.3143718,58.877464192354644,0.7050033187791082,-7.285659823920574,1.0291422001438904,0.7332457178280467,9.768071510119158,0.0023314922030268593,0.000716730833321766,0.001090830782496456,-59.59343940237582,-11.418739212161785,-64.25
1772919260.3383868,58.877464192354644,0.7050033187791082,-7.285659823920574,1.0291422001438904,0.7332457178280467,9.768071510119158,0.0023314922030268593,0.000716730833321766,0.001090830782496456,-59.59343940237582,-11.418739212161785,-64.25
1772919260.3866045,58.877464192354644,0.7050033187791082,-7.285659823920574,1.0266741714461922,0.7354594292487668,9.762026388112305,0.001542241488480469,-3.6259940612312275e-05,-0.001090830782496456,-59.59343940237582,-11.418739212161785,-64.25
1772919260.417253,58.877464192354644,0.7050033187791082,-7.285659823920574,1.0226114313607855,0.7346235286513533,9.76469365035982,-0.0007529907739340783,0.0007892507145463906,0.0,-58.00288869333753,-11.456134960286434,-63.0625
1772919260.4338412,58.877464192354644,0.7050033187791082,-7.285659823920574,1.0199077232177278,0.7340672461413961,9.76646868359027,0.002295232262414547,-0.0008255106551587029,0.0,-58.00288869333753,-11.456134960286434,-63.0625
1772919260.455193,58.877464192354644,0.7050033187791082,-7.285659823920574,1.0181084356509218,0.7336970463451024,9.767649948376715,-0.0007892507145463906,-0.0007529907739340783,0.001090830782496456,-58.00288869333753,-11.456134960286434,-63.0625
1772919260.506977,58.877464192354644,0.7050033187791082,-7.285659823920574,1.0169110298745714,0.7334506825160716,9.771781178603819,-0.002367752143639172,-0.002258972321802235,0.001090830782496456,-59.59343940237582,-11.418739212161785,-62.5625
1772919260.544057,58.877464192354644,0.7050033187791082,-7.285659823920574,1.0169110298745714,0.7334506825160716,9.771781178603819,-0.002367752143639172,-0.002258972321802235,0.001090830782496456,-59.59343940237582,-11.418739212161785,-62.5625
1772919260.5961707,58.877464192354644,0.7050033187791082,-7.285659823920574,1.0161141697063092,0.7332867301399157,9.774530466171091,-0.0023314922030268593,-0.000716730833321766,-0.003272492347489368,-59.59343940237582,-11.418739212161785,-62.5625
1772919260.6211138,58.877464192354644,0.7050033187791082,-7.285659823920574,1.0175400592336434,0.7306847166370766,9.774232566409493,3.625994061231226e-05,0.001542241488480469,-0.002181661564992912,-59.0180350977752,-11.388061268177955,-64.25
1772919260.6740832,58.877464192354644,0.7050033187791082,-7.285659823920574,1.0175400592336434,0.7306847166370766,9.774232566409493,3.625994061231226e-05,0.001542241488480469,-0.002181661564992912,-59.0180350977752,-11.388061268177955,-64.25
1772919260.762744,58.877464192354644,0.7050033187791082,-7.285659823920574,1.0142236808989273,0.7338663053020835,9.772816725664653,-0.0007892507145463906,-0.0007529907739340783,0.001090830782496456,-59.118864275429985,-11.916167296294905,-64.25
1772919260.8298979,58.877464192354644,0.7050033187791082,-7.285659823920574,1.0120166681635472,0.7359836170179715,9.77187449946494,-0.00312074291757325,-0.0014697216072558446,0.0,-58.508141764267194,-10.383302571552694,-63.5
1772919260.8534918,58.877464192354644,0.7050033187791082,-7.285659823920574,1.0120166681635472,0.7359836170179715,9.77187449946494,-0.00312074291757325,-0.0014697216072558446,0.0,-58.508141764267194,-10.383302571552694,-63.5
1772919260.9102585,58.877464192354644,0.7050033187791082,-7.285659823920574,1.0105479258420993,0.7373926643129733,9.771247458454386,-0.0015059815478681566,0.0015785014290927812,-0.001090830782496456,-58.508141764267194,-10.383302571552694,-63.5
1772919260.9820185,58.877464192354644,0.7050033187791082,-7.285659823920574,1.016796779585363,0.7387692099786294,9.777242692054006,-0.001542241488480469,3.6259940612312275e-05,0.001090830782496456,-59.26442900855259,-10.586553288971372,-65.0625
1772919261.0494838,58.877464192354644,0.7050033187791082,-7.285659823920574,1.016796779585363,0.7387692099786294,9.777242692054006,-0.001542241488480469,3.6259940612312275e-05,0.001090830782496456,-59.26442900855259,-10.586553288971372,-65.0625
1772919261.1152854,58.877464192354644,0.7050033187791082,-7.285659823920574,1.0160381374151004,0.7368261507544035,9.77481993065577,3.625994061231226e-05,0.001542241488480469,-0.001090830782496456,-58.746710688248044,-11.129202108025682,-62.6875
1772919261.177197,58.877464192354644,0.7050033187791082,-7.285659823920574,1.015533269525379,0.7355330665460749,9.766517386594623,-0.001542241488480469,3.6259940612312275e-05,0.0,-58.746710688248044,-11.129202108025682,-62.6875
1772919261.2350194,58.877464192354644,0.7050033187791082,-7.285659823920574,1.015197285584513,0.7346725334501293,9.760992136267424,-0.0023314922030268593,-0.000716730833321766,0.0,-59.0180350977752,-11.388061268177955,-63.875
1772919261.2593904,58.877464192354644,0.7050033187791082,-7.285659823920574,1.014862498287404,0.7293704629116605,9.764005367310402,0.0007892507145463906,0.0007529907739340783,-0.001090830782496456,-59.0180350977752,-11.388061268177955,-63.875
1772919261.3518586,58.877464192354644,0.7050033187791082,-7.285659823920574,1.0146397010809969,0.7258419941963182,9.766010638909506,0.0,0.0,-0.002181661564992912,-58.53099472145448,-11.355305782631648,-63.5
1772919261.4266305,58.877464192354644,0.7050033187791082,-7.285659823920574,1.0144914320289409,0.7234938376818362,9.767345124758359,0.00312074291757325,0.0014697216072558446,-0.002181661564992912,-58.53099472145448,-11.355305782631648,-63.5
1772919261.469273,58.877464192354644,0.7050033187791082,-7.285659823920574,1.014503954368721,0.7266605611279767,9.768233210183588,0.0,0.0,-0.001090830782496456,-58.08342763482089,-13.00146493440353,-63.5
1772919261.554609,58.877464192354644,0.7050033187791082,-7.285659823920574,1.014512287845961,0.7287679802067646,9.768824221113514,0.0023314922030268593,0.000716730833321766,0.0,-58.55800276176673,-12.50403685027041,-63.0625
1772919261.5834832,58.877464192354644,0.7050033187791082,-7.285659823920574,1.0168269345010992,0.7277501495055088,9.769217532285355,0.002295232262414547,-0.0008255106551587029,0.001090830782496456,-58.55800276176673,-12.50403685027041,-63.0625
1772919261.6358733,58.877464192354644,0.7050033187791082,-7.285659823920574,1.0168269345010992,0.7277501495055088,9.769217532285355,0.002295232262414547,-0.0008255106551587029,0.001090830782496456,-58.55800276176673,-12.50403685027041,-63.0625
1772919261.7092552,58.877464192354644,0.7050033187791082,-7.285659823920574,1.018367305993796,0.727072794543737,9.762789053062003,0.00312074291757325,0.0014697216072558446,0.002181661564992912,-59.0180350977752,-11.388061268177955,-63.875
1772919261.7619774,58.877464192354644,0.7050033187791082,-7.285659823920574,1.0169721114583337,0.7243129215641025,9.75851097194968,0.0015785014290927812,0.0015059815478681566,-0.001090830782496456,-59.0180350977752,-11.388061268177955,-63.5
1772919261.8254113,58.877464192354644,0.7050033187791082,-7.285659823920574,1.0160436250803275,0.7224762569259572,9.752318845051406,0.0007529907739340783,-0.0007892507145463906,-0.001090830782496456,-59.0180350977752,-11.388061268177955,-63.5
1772919261.8412302,58.877464192354644,0.7050033187791082,-7.285659823920574,1.0160436250803275,0.7224762569259572,9.752318845051406,0.0007529907739340783,-0.0007892507145463906,-0.001090830782496456,-59.0180350977752,-11.388061268177955,-63.5
1772919261.9017396,58.877464192354644,0.7050033187791082,-7.285659823920574,1.0155369215052863,0.7259833725020612,9.748198053771194,0.0007892507145463906,0.0007529907739340783,0.001090830782496456,-58.80231913098164,-11.61416494278392,-63.5
1772919261.983414,58.877464192354644,0.7050033187791082,-7.285659823920574,1.0151997159363462,0.7283173187409104,9.758836160035745,0.0,0.0,0.0,-58.80231913098164,-11.61416494278392,-63.5
1772919262.005243,58.877464192354644,0.7050033187791082,-7.285659823920574,1.0151997159363462,0.7283173187409104,9.758836160035745,0.0,0.0,0.0,-58.80231913098164,-11.61416494278392,-63.5
1772919262.032311,58.877464192354644,0.7050033187791082,-7.285659823920574,1.0149753093970497,0.7298705338909768,9.765915700919372,0.0015785014290927812,0.0015059815478681566,0.0,-59.334580242223545,-11.690063621688939,-62.25
1772919262.0839436,58.877464192354644,0.7050033187791082,-7.285659823920574,1.0123062906633702,0.7292829611563982,9.768191164484952,0.0023314922030268593,0.000716730833321766,0.001090830782496456,-58.52060701364208,-10.91348614123212,-64.5625
1772919262.1533632,58.877464192354644,0.7050033187791082,-7.285659823920574,1.0123062906633702,0.7292829611563982,9.768191164484952,0.0023314922030268593,0.000716730833321766,0.001090830782496456,-58.52060701364208,-10.91348614123212,-64.5625
1772919262.1879208,58.877464192354644,0.7050033187791082,-7.285659823920574,1.0083203718236606,0.7306243518692009,9.768796240170753,0.0015785014290927812,0.0015059815478681566,0.002181661564992912,-58.52060701364208,-10.91348614123212,-64.5625
1772919262.2198198,58.877464192354644,0.7050033187791082,-7.285659823920574,1.005667787361465,0.7315170324042549,9.769198911280514,0.0,0.0,0.002181661564992912,-59.0180350977752,-11.388061268177955,-64.5625
1772919262.2458148,58.877464192354644,0.7050033187791082,-7.285659823920574,1.0063228165899591,0.7344202021475644,9.76946688440593,0.0,0.0,0.0,-59.0180350977752,-11.388061268177955,-64.5625
1772919262.2836454,58.877464192354644,0.7050033187791082,-7.285659823920574,1.009067832043492,0.7339319346244304,9.769645217527437,0.001542241488480469,-3.6259940612312275e-05,0.0,-59.0180350977752,-11.388061268177955,-63.5
1772919262.307931,58.877464192354644,0.7050033187791082,-7.285659823920574,1.0085855083448605,0.7360272925988659,9.769763896227689,0.001542241488480469,-3.6259940612312275e-05,-0.001090830782496456,-59.0180350977752,-11.388061268177955,-63.5
1772919262.3476284,58.877464192354644,0.7050033187791082,-7.285659823920574,1.0085855083448605,0.7360272925988659,9.769763896227689,0.001542241488480469,-3.6259940612312275e-05,-0.001090830782496456,-59.0180350977752,-11.388061268177955,-63.5
1772919262.383834,58.877464192354644,0.7050033187791082,-7.285659823920574,1.0082645273113298,0.7374217299241704,9.769842875576979,0.0,0.0,0.0,-58.30489104684852,-11.139589815838086,-63.0
1772919262.4053025,58.877464192354644,0.7050033187791082,-7.285659823920574,1.005630623462333,0.736040611568149,9.769895435451675,-0.0007529907739340783,0.0007892507145463906,0.0,-58.30489104684852,-11.139589815838086,-63.0
1772919262.4220757,58.877464192354644,0.7050033187791082,-7.285659823920574,1.005630623462333,0.736040611568149,9.769895435451675,-0.0007529907739340783,0.0007892507145463906,0.0,-58.30489104684852,-11.139589815838086,-63.0
1772919262.4466488,58.877464192354644,0.7050033187791082,-7.285659823920574,1.0109162860684866,0.7325900044358947,9.769930413461152,-0.002295232262414547,0.0008255106551587029,0.0,-58.30489104684852,-11.139589815838086,-63.0
1772919262.4623692,58.877464192354644,0.7050033187791082,-7.285659823920574,1.0167429363072877,0.7278733693784113,9.76995369093573,0.002295232262414547,-0.0008255106551587029,0.0,-59.0180350977752,-11.388061268177955,-62.25
1772919262.4847763,58.877464192354644,0.7050033187791082,-7.285659823920574,1.018311406134136,0.7271547959926974,9.769969181835034,0.0015785014290927812,0.0015059815478681566,-0.001090830782496456,-59.0180350977752,-11.388061268177955,-62.25
1772919262.5027206,58.877464192354644,0.7050033187791082,-7.285659823920574,1.018311406134136,0.7271547959926974,9.769969181835034,0.0015785014290927812,0.0015059815478681566,-0.001090830782496456,-59.0180350977752,-11.388061268177955,-62.25
1772919262.5245373,58.877464192354644,0.7050033187791082,-7.285659823920574,1.0170461044638217,0.729096887988271,9.763289267440838,0.0,0.0,-0.002181661564992912,-59.0180350977752,-11.388061268177955,-62.25
1772919262.5654356,58.877464192354644,0.7050033187791082,-7.285659823920574,1.0170461044638217,0.729096887988271,9.763289267440838,0.0,0.0,-0.002181661564992912,-59.0180350977752,-11.388061268177955,-62.25
1772919262.6111689,58.877464192354644,0.7050033187791082,-7.285659823920574,1.0141070085753565,0.7328601122419953,9.762575712807413,-0.0007892507145463906,-0.0007529907739340783,0.0,-58.2289923679435,-11.671850927079996,-63.5
1772919262.6568546,58.877464192354644,0.7050033187791082,-7.285659823920574,1.0141070085753565,0.7328601122419953,9.762575712807413,-0.0007892507145463906,-0.0007529907739340783,0.0,-58.2289923679435,-11.671850927079996,-63.5
1772919262.6818023,58.877464192354644,0.7050033187791082,-7.285659823920574,1.0206821105291248,0.734341559692526,9.766711965974391,0.0008255106551587029,0.0022952322624145475,0.001090830782496456,-58.55800276176673,-12.50403685027041,-64.25
1772919262.7245576,58.877464192354644,0.7050033187791082,-7.285659823920574,1.0186237817561834,0.733879598949096,9.767811850085703,0.0007529907739340783,-0.0007892507145463906,-0.001090830782496456,-58.24145761731838,-12.202034496759426,-63.5
1772919262.7517042,58.877464192354644,0.7050033187791082,-7.285659823920574,1.0186237817561834,0.733879598949096,9.767811850085703,0.0007529907739340783,-0.0007892507145463906,-0.001090830782496456,-58.24145761731838,-12.202034496759426,-63.5
1772919262.768266,58.877464192354644,0.7050033187791082,-7.285659823920574,1.0171427932131802,0.7288427738588817,9.765198698967952,0.0007529907739340783,-0.0007892507145463906,0.001090830782496456,-58.24145761731838,-12.202034496759426,-63.5
1772919262.7954826,58.877464192354644,0.7050033187791082,-7.285659823920574,1.011539010243286,0.730331412139918,9.7634596760899,-0.10027110068800392,-0.09717206977810841,0.0,-58.24145761731838,-12.202034496759426,-63.5
1772919262.810516,58.877464192354644,0.7050033187791082,-7.285659823920574,1.011539010243286,0.730331412139918,9.7634596760899,-0.10027110068800392,-0.09717206977810841,0.0,-58.24145761731838,-12.202034496759426,-63.5
1772919262.8250675,58.877464192354644,0.7050033187791082,-7.285659823920574,1.0078097552751786,0.7313220842867684,9.762302375790714,0.0007892507145463906,0.0007529907739340783,0.0,-59.00556984840031,-10.857877698498529,-64.25
1772919262.8615143,58.877464192354644,0.7050033187791082,-7.285659823920574,1.0101685668659617,0.7365995671722163,9.764877317076817,0.0007892507145463906,0.0007529907739340783,0.0,-59.00556984840031,-10.857877698498529,-64.25
1772919262.8765182,58.877464192354644,0.7050033187791082,-7.285659823920574,1.011738329629976,0.7401116730791353,9.766590911738739,-0.0015785014290927812,-0.0015059815478681566,0.001090830782496456,-59.276894257927474,-11.116736858650802,-63.5
1772919262.90597,58.877464192354644,0.7050033187791082,-7.285659823920574,1.0150920900331544,0.7400286457706207,9.767731289844141,-3.625994061231226e-05,-0.001542241488480469,-0.001090830782496456,-59.276894257927474,-11.116736858650802,-63.5
1772919262.932975,58.877464192354644,0.7050033187791082,-7.285659823920574,1.017323980117511,0.73997339202428,9.76179997531979,-0.0007892507145463906,-0.0007529907739340783,-0.001090830782496456,-59.276894257927474,-11.116736858650802,-63.5
1772919262.9588244,58.877464192354644,0.7050033187791082,-7.285659823920574,1.017323980117511,0.73997339202428,9.76179997531979,-0.0007892507145463906,-0.0007529907739340783,-0.001090830782496456,-59.276894257927474,-11.116736858650802,-63.5
1772919262.9872315,58.877464192354644,0.7050033187791082,-7.285659823920574,1.0211183788559306,0.7375163267165397,9.761197863468277,-0.0008255106551587029,-0.0022952322624145475,0.001090830782496456,-58.52060701364208,-10.91348614123212,-64.5625
1772919263.0092318,58.877464192354644,0.7050033187791082,-7.285659823920574,1.0188029197165864,0.7312629755632044,9.760797164757127,0.000716730833321766,-0.0023314922030268598,0.0,-58.52060701364208,-10.91348614123212,-64.5625
1772919263.030698,58.877464192354644,0.7050033187791082,-7.285659823920574,1.0172620075247265,0.7271014402251692,9.763875615948274,0.0015785014290927812,0.0015059815478681566,0.0,-58.52060701364208,-10.91348614123212,-64.5625
1772919263.0571215,58.877464192354644,0.7050033187791082,-7.285659823920574,1.0172620075247265,0.7271014402251692,9.763875615948274,0.0015785014290927812,0.0015059815478681566,0.0,-58.52060701364208,-10.91348614123212,-64.5625
1772919263.0848124,58.877464192354644,0.7050033187791082,-7.285659823920574,1.0102828469157057,0.7328599913078824,9.76394254936699,-3.625994061231226e-05,-0.001542241488480469,0.001090830782496456,-59.7514693848733,-10.619308774517682,-63.5
1772919263.1135232,58.877464192354644,0.7050033187791082,-7.285659823920574,1.0102828469157057,0.7328599913078824,9.76394254936699,-3.625994061231226e-05,-0.001542241488480469,0.001090830782496456,-59.7514693848733,-10.619308774517682,-63.5
1772919263.1651285,58.877464192354644,0.7050033187791082,-7.285659823920574,1.0149575099258858,0.7304957245138765,9.761746058056488,0.0,0.0,-0.001090830782496456,-59.276894257927474,-11.116736858650802,-63.0625
1772919263.1881087,58.877464192354644,0.7050033187791082,-7.285659823920574,1.0148141240027067,0.7313202385984987,9.764507093839166,0.0007892507145463906,0.0007529907739340783,-0.001090830782496456,-59.276894257927474,-11.116736858650802,-63.0625
1772919263.2118516,58.877464192354644,0.7050033187791082,-7.285659823920574,1.0148141240027067,0.7313202385984987,9.764507093839166,0.0007892507145463906,0.0007529907739340783,-0.001090830782496456,-59.276894257927474,-11.116736858650802,-63.0625
1772919263.2420163,58.877464192354644,0.7050033187791082,-7.285659823920574,1.0147187022725566,0.731868943511389,9.766344532309747,-3.625994061231226e-05,-0.001542241488480469,-0.001090830782496456,-58.523169734657934,-12.902713298311221,-63.75
1772919263.2841213,58.877464192354644,0.7050033187791082,-7.285659823920574,1.0146552001770723,0.732234100501482,9.764222215379066,-0.0015785014290927812,-0.0015059815478681566,-0.002181661564992912,-58.523169734657934,-12.902713298311221,-63.75
1772919263.305567,58.877464192354644,0.7050033187791082,-7.285659823920574,1.0107390351071965,0.7366698009885997,9.761869915248386,0.0015785014290927812,0.0015059815478681566,-0.001090830782496456,-59.00556984840031,-10.857877698498529,-62.6875
1772919263.3623466,58.877464192354644,0.7050033187791082,-7.285659823920574,1.0107390351071965,0.7366698009885997,9.761869915248386,0.0015785014290927812,0.0015059815478681566,-0.001090830782496456,-59.00556984840031,-10.857877698498529,-62.6875
1772919263.4032927,58.877464192354644,0.7050033187791082,-7.285659823920574,1.0143158769534464,0.7330087229666984,9.764589519416798,-0.0015785014290927812,-0.0015059815478681566,0.002181661564992912,-58.80231913098164,-11.61416494278392,-63.5
1772919263.4330332,58.877464192354644,0.7050033187791082,-7.285659823920574,1.0142759306894085,0.7282632156209182,9.766399385610907,0.0,0.0,0.0,-58.80231913098164,-11.61416494278392,-63.5
1772919263.4737651,58.877464192354644,0.7050033187791082,-7.285659823920574,1.0142493468969205,0.725105133493092,9.767603831345557,0.0,0.0,0.001090830782496456,-59.334580242223545,-11.690063621688939,-64.5625
1772919263.502594,58.877464192354644,0.7050033187791082,-7.285659823920574,1.0166519502367555,0.7253125659342384,9.768405376527426,0.0016510213103174058,0.004590464524829095,0.0,-59.334580242223545,-11.690063621688939,-64.5625
1772919263.5204272,58.877464192354644,0.7050033187791082,-7.285659823920574,1.0182508559205778,0.7254506099066492,9.768938795892113,-0.0007529907739340783,0.0007892507145463906,0.0,-59.334580242223545,-11.690063621688939,-64.5625
1772919263.5422063,58.877464192354644,0.7050033187791082,-7.285659823920574,1.0182508559205778,0.7254506099066492,9.768938795892113,-0.0007529907739340783,0.0007892507145463906,0.0,-59.334580242223545,-11.690063621688939,-64.5625
1772919263.5745506,58.877464192354644,0.7050033187791082,-7.285659823920574,1.019314909792215,0.7255424766282365,9.772638892227947,0.001542241488480469,-3.6259940612312275e-05,0.0,-58.746710688248044,-11.129202108025682,-63.875
1772919263.5975506,58.877464192354644,0.7050033187791082,-7.285659823920574,1.0176027312007532,0.7232945120861083,9.77510126500666,0.0,0.0,0.0,-58.746710688248044,-11.129202108025682,-63.875
1772919263.6218078,58.877464192354644,0.7050033187791082,-7.285659823920574,1.0176027312007532,0.7232945120861083,9.77510126500666,0.0,0.0,0.0,-58.746710688248044,-11.129202108025682,-63.875
1772919263.6525116,58.877464192354644,0.7050033187791082,-7.285659823920574,1.0118450938361716,0.7266391059082822,9.776739946584387,-0.0015785014290927812,-0.0015059815478681566,-0.001090830782496456,-59.276894257927474,-11.116736858650802,-63.5
1772919263.6856496,58.877464192354644,0.7050033187791082,-7.285659823920574,1.0080134504870664,0.7288648957353779,9.771140247454454,-0.0008255106551587029,-0.0022952322624145475,0.0,-59.276894257927474,-11.116736858650802,-63.5
1772919263.713094,58.877464192354644,0.7050033187791082,-7.285659823920574,1.0054635346404974,0.7303461340016086,9.767413710236221,0.0007892507145463906,0.0007529907739340783,0.0,-59.53575341807974,-10.845412449123645,-63.0
1772919263.732386,58.877464192354644,0.7050033187791082,-7.285659823920574,1.006075694948158,0.7289115869644941,9.768278853052955,0.001542241488480469,-3.6259940612312275e-05,0.0,-59.53575341807974,-10.845412449123645,-63.0
1772919263.7543058,58.877464192354644,0.7050033187791082,-7.285659823920574,1.006075694948158,0.7289115869644941,9.768278853052955,0.001542241488480469,-3.6259940612312275e-05,0.0,-59.53575341807974,-10.845412449123645,-63.0
1772919263.7715223,58.877464192354644,0.7050033187791082,-7.285659823920574,1.0064830807946274,0.7279569119362347,9.768854595933213,0.001542241488480469,-3.6259940612312275e-05,-0.001090830782496456,-59.53575341807974,-10.845412449123645,-63.0
1772919263.791741,58.877464192354644,0.7050033187791082,-7.285659823920574,1.0064830807946274,0.7279569119362347,9.768854595933213,0.001542241488480469,-3.6259940612312275e-05,-0.001090830782496456,-59.53575341807974,-10.845412449123645,-63.0
1772919263.8174784,58.877464192354644,0.7050033187791082,-7.285659823920574,1.004445090705529,0.7297418809261224,9.772582858095875,-0.0015785014290927812,-0.0015059815478681566,0.0,-59.515463181908316,-11.862636395123788,-63.5
1772919263.8484838,58.877464192354644,0.7050033187791082,-7.285659823920574,1.004445090705529,0.7297418809261224,9.772582858095875,-0.0015785014290927812,-0.0015059815478681566,0.0,-59.515463181908316,-11.862636395123788,-63.5
1772919263.8721378,58.877464192354644,0.7050033187791082,-7.285659823920574,1.0055091256238504,0.7332388586686085,9.76837375150307,0.0023314922030268593,0.000716730833321766,0.001090830782496456,-59.515463181908316,-11.862636395123788,-63.5
1772919263.890819,58.877464192354644,0.7050033187791082,-7.285659823920574,1.0062172289759443,0.7355660582924322,9.76557263808436,0.0,0.0,0.0,-59.832008326356664,-12.164638748634774,-63.5
1772919263.9041426,58.877464192354644,0.7050033187791082,-7.285659823920574,1.0062172289759443,0.7355660582924322,9.76557263808436,0.0,0.0,0.0,-59.832008326356664,-12.164638748634774,-63.5
1772919263.9221778,58.877464192354644,0.7050033187791082,-7.285659823920574,1.0089975646658562,0.7346944890887881,9.763708528394694,0.0007892507145463906,0.0007529907739340783,0.0,-59.832008326356664,-12.164638748634774,-63.5
1772919263.9376621,58.877464192354644,0.7050033187791082,-7.285659823920574,1.0084275524523323,0.731805368700703,9.762467984219693,0.0007529907739340783,-0.0007892507145463906,0.0,-59.832008326356664,-12.164638748634774,-63.5
1772919263.9562922,58.877464192354644,0.7050033187791082,-7.285659823920574,1.0084275524523323,0.731805368700703,9.762467984219693,0.0007529907739340783,-0.0007892507145463906,0.0,-59.832008326356664,-12.164638748634774,-63.5
1772919264.0073674,58.877464192354644,0.7050033187791082,-7.285659823920574,1.008048215691686,0.7298826913560217,9.768332639343654,0.0,0.0,-0.001090830782496456,-58.80231913098164,-11.61416494278392,-63.875
1772919264.0287678,58.877464192354644,0.7050033187791082,-7.285659823920574,1.0053754767581693,0.7262940702417234,9.762200166694202,0.001542241488480469,-3.6259940612312275e-05,0.0,-58.80231913098164,-11.61416494278392,-63.875
1772919264.0465815,58.877464192354644,0.7050033187791082,-7.285659823920574,1.0084373879679154,0.7285240846159345,9.7581190746502,0.0007892507145463906,0.0007529907739340783,-0.001090830782496456,-58.80231913098164,-11.61416494278392,-63.875
1772919264.0671937,58.877464192354644,0.7050033187791082,-7.285659823920574,1.0084373879679154,0.7285240846159345,9.7581190746502,0.0007892507145463906,0.0007529907739340783,-0.001090830782496456,-58.80231913098164,-11.61416494278392,-63.875
1772919264.108046,58.877464192354644,0.7050033187791082,-7.285659823920574,1.010475055674212,0.7300081342710791,9.755403153483702,0.001542241488480469,-3.6259940612312275e-05,0.001090830782496456,-59.276894257927474,-11.116736858650802,-63.75
1772919264.1338816,58.877464192354644,0.7050033187791082,-7.285659823920574,1.0164493024087644,0.7261551636251061,9.756940849993544,0.0015059815478681566,-0.0015785014290927812,0.001090830782496456,-59.276894257927474,-11.116736858650802,-63.75
1772919264.15,58.877464192354644,0.7050033187791082,-7.285659823920574,1.0164493024087644,0.7261551636251061,9.756940849993544,0.0015059815478681566,-0.0015785014290927812,0.001090830782496456,-59.276894257927474,-11.116736858650802,-63.75
1772919264.1701512,58.877464192354644,0.7050033187791082,-7.285659823920574,1.0158068952356485,0.7284316438142643,9.757964169843648,-0.0007892507145463906,-0.0007529907739340783,0.001090830782496456,-58.76700092441947,-10.111978162025537,-63.75
1772919264.209373,58.877464192354644,0.7050033187791082,-7.285659823920574,1.0152681867004485,0.7252172205742975,9.75864517777266,0.0007892507145463906,0.0007529907739340783,0.001090830782496456,-58.76700092441947,-10.111978162025537,-63.75
1772919264.2265737,58.877464192354644,0.7050033187791082,-7.285659823920574,1.0152681867004485,0.7252172205742975,9.75864517777266,0.0007892507145463906,0.0007529907739340783,0.001090830782496456,-58.76700092441947,-10.111978162025537,-63.75
1772919264.2452006,58.877464192354644,0.7050033187791082,-7.285659823920574,1.0152681867004485,0.7252172205742975,9.75864517777266,0.0007892507145463906,0.0007529907739340783,0.001090830782496456,-58.76700092441947,-10.111978162025537,-63.75
1772919264.2734947,58.877464192354644,0.7050033187791082,-7.285659823920574,1.0149096821880417,0.7230780578155601,9.759098380942062,0.0,0.0,-0.001090830782496456,-59.118864275429985,-11.916167296294905,-63.0625
1772919264.291173,58.877464192354644,0.7050033187791082,-7.285659823920574,1.0146711014397927,0.7216544688956341,9.762745094296006,0.0007529907739340783,-0.0007892507145463906,0.001090830782496456,-59.118864275429985,-11.916167296294905,-63.0625
1772919264.3042126,58.877464192354644,0.7050033187791082,-7.285659823920574,1.0146711014397927,0.7216544688956341,9.762745094296006,0.0007529907739340783,-0.0007892507145463906,0.001090830782496456,-59.118864275429985,-11.916167296294905,-63.0625
1772919264.3208263,58.877464192354644,0.7050033187791082,-7.285659823920574,1.0145123286169544,0.7207070863719535,9.765171941296598,0.0016147613697050935,0.0030482230363486256,0.0,-59.118864275429985,-11.916167296294905,-63.0625
1772919264.3479571,58.877464192354644,0.7050033187791082,-7.285659823920574,1.01682696163374,0.7223857147045263,9.766786980865836,0.0,0.0,-0.001090830782496456,-59.118864275429985,-11.916167296294905,-64.25
1772919264.400359,58.877464192354644,0.7050033187791082,-7.285659823920574,1.0184785177879152,0.7282322184842478,9.767861771657989,-0.0015785014290927812,-0.0015059815478681566,-0.001090830782496456,-59.118864275429985,-11.916167296294905,-64.25
1772919264.4495938,58.877464192354644,0.7050033187791082,-7.285659823920574,1.0195776099594276,0.7321230014399258,9.765231921216648,-0.0007529907739340783,0.0007892507145463906,0.0,-58.99774486160377,-12.405285214178102,-62.25
1772919264.487215,58.877464192354644,0.7050033187791082,-7.285659823920574,1.0178887489651296,0.7324031732149102,9.76348178512529,-0.0007529907739340783,0.0007892507145463906,-0.002181661564992912,-58.99774486160377,-12.405285214178102,-62.25
1772919264.5021226,58.877464192354644,0.7050033187791082,-7.285659823920574,1.0178887489651296,0.7324031732149102,9.76348178512529,-0.0007529907739340783,0.0007892507145463906,-0.002181661564992912,-58.99774486160377,-12.405285214178102,-62.25
1772919264.538822,58.877464192354644,0.7050033187791082,-7.285659823920574,1.0167648308392379,0.7325896244014386,9.762317089106793,0.0007892507145463906,0.0007529907739340783,-0.001090830782496456,-58.99774486160377,-12.405285214178102,-62.25
1772919264.5935133,58.877464192354644,0.7050033187791082,-7.285659823920574,1.016016875881445,0.732713705583277,9.76154199691699,0.0007892507145463906,0.0007529907739340783,0.001090830782496456,-59.0180350977752,-11.388061268177955,-63.0625
1772919264.6425552,58.877464192354644,0.7050033187791082,-7.285659823920574,1.016016875881445,0.732713705583277,9.76154199691699,0.0007892507145463906,0.0007529907739340783,0.001090830782496456,-59.0180350977752,-11.388061268177955,-63.0625
1772919264.6939182,58.877464192354644,0.7050033187791082,-7.285659823920574,1.0151878693746763,0.7328512327245037,9.76068291247347,0.001542241488480469,-3.6259940612312275e-05,0.0,-60.56544261345477,-11.395886254974501,1984.5
1772919264.7125158,58.877464192354644,0.7050033187791082,-7.285659823920574,1.0151878693746763,0.7328512327245037,9.76068291247347,0.001542241488480469,-3.6259940612312275e-05,0.0,-60.56544261345477,-11.395886254974501,1984.5
1772919264.7488792,58.877464192354644,0.7050033187791082,-7.285659823920574,1.0149674256425931,0.7328878029999204,9.757109358915143,-3.625994061231226e-05,-0.001542241488480469,-0.001090830782496456,-60.56544261345477,-11.395886254974501,1984.5
1772919264.8008428,58.877464192354644,0.7050033187791082,-7.285659823920574,1.0149674256425931,0.7328878029999204,9.757109358915143,-3.625994061231226e-05,-0.001542241488480469,-0.001090830782496456,-60.56544261345477,-11.395886254974501,1984.5
1772919264.8415358,58.877464192354644,0.7050033187791082,-7.285659823920574,1.012400428244634,0.7306030392905675,9.754731198941284,0.0,0.0,0.0,-59.00556984840031,-10.857877698498529,-63.5
1772919264.888876,58.877464192354644,0.7050033187791082,-7.285659823920574,1.010692120151532,0.729082554564476,9.753148560044469,-0.003909993632119641,-0.002222712381189923,0.001090830782496456,-59.00556984840031,-10.857877698498529,-63.5
1772919264.914528,58.877464192354644,0.7050033187791082,-7.285659823920574,1.010692120151532,0.729082554564476,9.753148560044469,-0.003909993632119641,-0.002222712381189923,0.001090830782496456,-59.00556984840031,-10.857877698498529,-63.5
1772919264.9641075,58.877464192354644,0.7050033187791082,-7.285659823920574,1.0072461593794984,0.730490983520965,9.758785554952512,-0.0007892507145463906,-0.0007529907739340783,0.001090830782496456,-59.515463181908316,-11.862636395123788,-63.5
1772919265.0171874,58.877464192354644,0.7050033187791082,-7.285659823920574,1.0073732055363898,0.733737378077452,9.762536912094456,0.001542241488480469,-3.6259940612312275e-05,0.003272492347489368,-59.515463181908316,-11.862636395123788,-63.5
1772919265.072552,58.877464192354644,0.7050033187791082,-7.285659823920574,1.0073732055363898,0.733737378077452,9.762536912094456,0.001542241488480469,-3.6259940612312275e-05,0.003272492347489368,-59.515463181908316,-11.862636395123788,-63.5
1772919265.1375186,58.877464192354644,0.7050033187791082,-7.285659823920574,1.007514018949852,0.7373355656191299,9.763349670386505,0.0,0.0,-0.001090830782496456,-59.0180350977752,-11.388061268177955,-63.75
1772919265.2088177,58.877464192354644,0.7050033187791082,-7.285659823920574,1.0075514630882727,0.738292371004789,9.76222916822395,0.0,0.0,-0.002181661564992912,-59.334580242223545,-11.690063621688939,-63.0625
1772919265.2686417,58.877464192354644,0.7050033187791082,-7.285659823920574,1.0075514630882727,0.738292371004789,9.76222916822395,0.0,0.0,-0.002181661564992912,-59.334580242223545,-11.690063621688939,-63.0625
1772919265.2890384,58.877464192354644,0.7050033187791082,-7.285659823920574,1.007576381744113,0.7389291143007286,9.761483486551597,0.002295232262414547,-0.0008255106551587029,-0.001090830782496456,-59.334580242223545,-11.690063621688939,-63.0625
1772919265.30819,-34.0344224804256,-40.90668855720103,140.99269541178745,1.0075929648312154,0.7393528598512877,9.760987243728458,0.0,0.0,0.0,-59.334580242223545,-11.690063621688939,-63.0625
1772919265.3361647,-34.0344224804256,-40.90668855720103,140.99269541178745,1.0075929648312154,0.7393528598512877,9.760987243728458,0.0,0.0,0.0,-59.334580242223545,-11.690063621688939,-63.0625
1772919265.3553748,58.877464192354644,0.7050033187791082,-7.285659823920574,1.0076040006904365,0.7396348577816368,9.757311887965734,0.0,0.0,0.0,-59.77432234206059,-11.591311985596635,-63.0625
1772919265.376092,58.877464192354644,0.7050033187791082,-7.285659823920574,1.0076113449314696,0.739822524254161,9.754865979762055,0.0,0.0,0.001090830782496456,-59.77432234206059,-11.591311985596635,-63.0625
1772919265.3942313,58.877464192354644,0.7050033187791082,-7.285659823920574,1.0076113449314696,0.739822524254161,9.754865979762055,0.0,0.0,0.001090830782496456,-59.77432234206059,-11.591311985596635,-63.0625
1772919265.4098794,58.877464192354644,0.7050033187791082,-7.285659823920574,1.0076162324418367,0.7399474141952538,9.753238255175091,-0.001542241488480469,3.6259940612312275e-05,-0.002181661564992912,-59.77432234206059,-11.591311985596635,-63.0625
1772919265.4222162,58.877464192354644,0.7050033187791082,-7.285659823920574,1.0076162324418367,0.7399474141952538,9.753238255175091,-0.001542241488480469,3.6259940612312275e-05,-0.002181661564992912,-59.77432234206059,-11.591311985596635,-63.0625
1772919265.4378147,58.877464192354644,0.7050033187791082,-7.285659823920574,1.0099285858445148,0.7376102324991636,9.755500134352662,0.0,0.0,-0.001090830782496456,-58.2289923679435,-11.671850927079996,-63.5
1772919265.454469,58.877464192354644,0.7050033187791082,-7.285659823920574,1.016085632841569,0.7312142750748948,9.75700538967849,0.001542241488480469,-3.6259940612312275e-05,-0.001090830782496456,-58.2289923679435,-11.671850927079996,-63.5
1772919265.47381,58.877464192354644,0.7050033187791082,-7.285659823920574,1.016085632841569,0.7312142750748948,9.75700538967849,0.001542241488480469,-3.6259940612312275e-05,-0.001090830782496456,-58.2289923679435,-11.671850927079996,-63.5
1772919265.495022,58.877464192354644,0.7050033187791082,-7.285659823920574,1.0177627842826116,0.7246487360374437,9.758007120283024,-3.625994061231226e-05,-0.001542241488480469,0.001090830782496456,-58.2289923679435,-11.671850927079996,-63.5
1772919265.5218568,58.877464192354644,0.7050033187791082,-7.285659823920574,1.0177627842826116,0.7246487360374437,9.758007120283024,-3.625994061231226e-05,-0.001542241488480469,0.001090830782496456,-58.2289923679435,-11.671850927079996,-63.5
1772919265.5907705,58.877464192354644,0.7050033187791082,-7.285659823920574,1.0165698090124902,0.7226997377066723,9.758673760810277,0.0,0.0,0.001090830782496456,-58.00288869333753,-11.456134960286434,-63.5
1772919265.631111,58.877464192354644,0.7050033187791082,-7.285659823920574,1.0157758972966315,0.7214027010892818,9.755772290926982,0.0015785014290927812,0.0015059815478681566,0.001090830782496456,-58.00288869333753,-11.456134960286434,-63.5
1772919265.6721568,58.877464192354644,0.7050033187791082,-7.285659823920574,1.0157758972966315,0.7214027010892818,9.755772290926982,0.0015785014290927812,0.0015059815478681566,0.001090830782496456,-58.00288869333753,-11.456134960286434,-63.5
1772919265.7329128,58.877464192354644,0.7050033187791082,-7.285659823920574,1.0129384570991764,0.7229598322660322,9.757186506838512,0.00312074291757325,0.0014697216072558446,0.0,-59.0180350977752,-11.388061268177955,-63.875
1772919265.7498467,58.877464192354644,0.7050033187791082,-7.285659823920574,1.0129384570991764,0.7229598322660322,9.757186506838512,0.00312074291757325,0.0014697216072558446,0.0,-59.0180350977752,-11.388061268177955,-63.875
1772919265.7741218,58.877464192354644,0.7050033187791082,-7.285659823920574,1.0086298777872784,0.7216869848507387,9.761472763437126,0.0007892507145463906,0.0007529907739340783,-0.001090830782496456,-59.0180350977752,-11.388061268177955,-63.875
1772919265.8011923,58.877464192354644,0.7050033187791082,-7.285659823920574,1.0086298777872784,0.7216869848507387,9.761472763437126,0.0007892507145463906,0.0007529907739340783,-0.001090830782496456,-59.0180350977752,-11.388061268177955,-63.875
1772919265.8375423,58.877464192354644,0.7050033187791082,-7.285659823920574,1.0057625663851948,0.7208399191144981,9.764325219322881,0.0,0.0,-0.002181661564992912,-58.50031677747065,-11.930710087232269,-63.5
1772919265.858452,58.877464192354644,0.7050033187791082,-7.285659823920574,1.0086949917906263,0.7248944079676263,9.769568608558151,0.0007529907739340783,-0.0007892507145463906,0.0,-58.50031677747065,-11.930710087232269,-63.5
1772919265.8808534,58.877464192354644,0.7050033187791082,-7.285659823920574,1.0106464881406028,0.727592625007775,9.769712913814407,-3.625994061231226e-05,-0.001542241488480469,-0.001090830782496456,-58.53099472145448,-11.355305782631648,-63.0625
1772919265.9348478,58.877464192354644,0.7050033187791082,-7.285659823920574,1.0106464881406028,0.727592625007775,9.769712913814407,-3.625994061231226e-05,-0.001542241488480469,-0.001090830782496456,-58.53099472145448,-11.355305782631648,-63.0625
1772919265.9561834,58.877464192354644,0.7050033187791082,-7.285659823920574,1.0106464881406028,0.727592625007775,9.769712913814407,-3.625994061231226e-05,-0.001542241488480469,-0.001090830782496456,-58.53099472145448,-11.355305782631648,-63.0625
1772919265.9977877,58.877464192354644,0.7050033187791082,-7.285659823920574,1.0119451871618697,0.7293882583069347,9.766463835643131,0.001542241488480469,-3.6259940612312275e-05,0.001090830782496456,-58.53099472145448,-11.355305782631648,-63.0625
1772919266.0211434,58.877464192354644,0.7050033187791082,-7.285659823920574,1.01511855767223,0.7281629376522116,9.764301610414728,-0.0007892507145463906,-0.0007529907739340783,-0.002181661564992912,-58.779466173794354,-10.642161731704967,-63.5
1772919266.038224,58.877464192354644,0.7050033187791082,-7.285659823920574,1.0172304002980035,0.7273475004442221,9.762862673678864,-0.0007529907739340783,0.0007892507145463906,0.0,-58.779466173794354,-10.642161731704967,-63.5
1772919266.0759926,58.877464192354644,0.7050033187791082,-7.285659823920574,1.0172304002980035,0.7273475004442221,9.762862673678864,-0.0007529907739340783,0.0007892507145463906,0.0,-58.779466173794354,-10.642161731704967,-63.5
1772919266.126561,58.877464192354644,0.7050033187791082,-7.285659823920574,1.0163267071555018,0.7292251306481109,9.761905077355124,-0.000716730833321766,0.0023314922030268598,-0.001090830782496456,-59.334580242223545,-11.690063621688939,-63.0625
1772919266.1931517,58.877464192354644,0.7050033187791082,-7.285659823920574,1.015725309464081,0.7304746725742953,9.764612919406046,-0.0007529907739340783,0.0007892507145463906,0.001090830782496456,-59.334580242223545,-11.690063621688939,-63.0625
1772919266.2196488,58.877464192354644,0.7050033187791082,-7.285659823920574,1.012904791461717,0.728997127948747,9.763069846335037,0.0015785014290927812,0.0015059815478681566,0.0,-59.0180350977752,-11.388061268177955,-63.0625
1772919266.2651744,58.877464192354644,0.7050033187791082,-7.285659823920574,1.0110277682383946,0.7280138385056998,9.765388060150856,-0.0007892507145463906,-0.0007529907739340783,0.0,-59.0180350977752,-11.388061268177955,-63.0625
1772919266.3080962,58.877464192354644,0.7050033187791082,-7.285659823920574,1.0110277682383946,0.7280138385056998,9.765388060150856,-0.0007892507145463906,-0.0007529907739340783,0.0,-59.0180350977752,-11.388061268177955,-63.0625
1772919266.3945017,58.877464192354644,0.7050033187791082,-7.285659823920574,1.0121989248077723,0.7296685711845404,9.766930805549139,-0.0015059815478681566,0.0015785014290927812,-0.003272492347489368,-59.276894257927474,-11.116736858650802,-63.0625
1772919266.4500537,58.877464192354644,0.7050033187791082,-7.285659823920574,1.0175279663827699,0.7353483992846935,9.768640729335509,0.0015785014290927812,0.0015059815478681566,0.0,-59.515463181908316,-11.862636395123788,-63.5
1772919266.4960716,58.877464192354644,0.7050033187791082,-7.285659823920574,1.0175279663827699,0.7353483992846935,9.768640729335509,0.0015785014290927812,0.0015059815478681566,0.0,-59.515463181908316,-11.862636395123788,-63.5
1772919266.5430298,58.877464192354644,0.7050033187791082,-7.285659823920574,1.0166359277985324,0.73927903482645,9.76575030884951,0.0008255106551587029,0.0022952322624145475,0.0,-59.515463181908316,-11.862636395123788,-63.5
1772919266.5912673,58.877464192354644,0.7050033187791082,-7.285659823920574,1.0136219915286708,0.7395857280522868,9.770516989718828,-0.0007529907739340783,0.0007892507145463906,-0.001090830782496456,-59.118864275429985,-11.916167296294905,-61.875
1772919266.6302872,58.877464192354644,0.7050033187791082,-7.285659823920574,1.0136219915286708,0.7395857280522868,9.770516989718828,-0.0007529907739340783,0.0007892507145463906,-0.001090830782496456,-59.118864275429985,-11.916167296294905,-61.875
1772919266.6814077,58.877464192354644,0.7050033187791082,-7.285659823920574,1.0091959560521766,0.7374807281489675,9.770344050882727,0.0007892507145463906,0.0007529907739340783,0.0,-59.118864275429985,-11.916167296294905,-61.875
1772919266.7276146,58.877464192354644,0.7050033187791082,-7.285659823920574,1.0062504788846256,0.7360798742276982,9.770228962019155,0.0031570028581855624,0.0030119630957363133,-0.001090830782496456,-60.03318150221286,-11.319987576069478,-63.5
1772919266.75849,58.877464192354644,0.7050033187791082,-7.285659823920574,1.0062504788846256,0.7360798742276982,9.770228962019155,0.0031570028581855624,0.0030119630957363133,-0.001090830782496456,-60.03318150221286,-11.319987576069478,-63.5
1772919266.849137,58.877464192354644,0.7050033187791082,-7.285659823920574,1.0068315990272647,0.7304962443284682,9.77010140164167,0.0,0.0,0.0,-59.118864275429985,-11.916167296294905,-63.5
1772919266.9336972,58.877464192354644,0.7050033187791082,-7.285659823920574,1.0094064210720466,0.7313205845293028,9.770067481659801,0.0015785014290927812,0.0015059815478681566,-0.002181661564992912,-59.118864275429985,-11.916167296294905,-63.5
1772919267.0151427,58.877464192354644,0.7050033187791082,-7.285659823920574,1.0111199363802021,0.7318691737244749,9.770044908290778,0.0,0.0,0.0,-58.55800276176673,-12.50403685027041,-63.0625
1772919267.0750494,58.877464192354644,0.7050033187791082,-7.285659823920574,1.0145693624956855,0.7298139591489435,9.770029885965855,0.0015059815478681566,-0.0015785014290927812,0.0,-58.55800276176673,-12.50403685027041,-63.0625
1772919267.1023777,58.877464192354644,0.7050033187791082,-7.285659823920574,1.0145693624956855,0.7298139591489435,9.770029885965855,0.0015059815478681566,-0.0015785014290927812,0.0,-58.55800276176673,-12.50403685027041,-63.0625
1772919267.1453013,58.877464192354644,0.7050033187791082,-7.285659823920574,1.0145558162237993,0.7308665313639541,9.770019888776428,-0.0007892507145463906,-0.0007529907739340783,0.0,-58.80231913098164,-11.61416494278392,-63.75
1772919267.1774254,58.877464192354644,0.7050033187791082,-7.285659823920574,1.0168559021503065,0.729146711858266,9.77001323575854,0.001542241488480469,-3.6259940612312275e-05,-0.001090830782496456,-58.80231913098164,-11.61416494278392,-63.75
1772919267.2115874,58.877464192354644,0.7050033187791082,-7.285659823920574,1.0184977773784036,0.7327315865647747,9.770008808249456,0.0,0.0,0.0,-59.0180350977752,-11.388061268177955,-64.25
1772919267.234285,58.877464192354644,0.7050033187791082,-7.285659823920574,1.0184977773784036,0.7327315865647747,9.770008808249456,0.0,0.0,0.0,-59.0180350977752,-11.388061268177955,-64.25
1772919267.2585187,58.877464192354644,0.7050033187791082,-7.285659823920574,1.0194792332641045,0.7303878852603805,9.766660750084299,0.0015785014290927812,0.0015059815478681566,0.0,-59.0180350977752,-11.388061268177955,-64.25
1772919267.276269,58.877464192354644,0.7050033187791082,-7.285659823920574,1.0194792332641045,0.7303878852603805,9.766660750084299,0.0015785014290927812,0.0015059815478681566,0.0,-59.0180350977752,-11.388061268177955,-64.25
1772919267.3090303,58.877464192354644,0.7050033187791082,-7.285659823920574,1.0178232803733318,0.7312484727799404,9.764432654775646,-0.00312074291757325,-0.0014697216072558446,-0.002181661564992912,-59.334580242223545,-11.690063621688939,-63.75
1772919267.3470163,58.877464192354644,0.7050033187791082,-7.285659823920574,1.0167212622227284,0.7318211841608152,9.759604770529876,-0.001542241488480469,3.6259940612312275e-05,-0.001090830782496456,-59.334580242223545,-11.690063621688939,-63.75
1772919267.366172,58.877464192354644,0.7050033187791082,-7.285659823920574,1.0167212622227284,0.7318211841608152,9.759604770529876,-0.001542241488480469,3.6259940612312275e-05,-0.001090830782496456,-59.334580242223545,-11.690063621688939,-63.75
1772919267.4154654,58.877464192354644,0.7050033187791082,-7.285659823920574,1.0136787806347254,0.7346226117439576,9.763082090909954,-0.0007892507145463906,-0.0007529907739340783,-0.001090830782496456,-59.276894257927474,-11.116736858650802,-63.0625
1772919267.4339113,58.877464192354644,0.7050033187791082,-7.285659823920574,1.0136787806347254,0.7346226117439576,9.763082090909954,-0.0007892507145463906,-0.0007529907739340783,-0.001090830782496456,-59.276894257927474,-11.116736858650802,-63.0625
1772919267.4676986,58.877464192354644,0.7050033187791082,-7.285659823920574,1.0116540431246557,0.7364869305065423,9.758705985364044,0.0023314922030268593,0.000716730833321766,0.001090830782496456,-59.276894257927474,-11.116736858650802,-63.0625
1772919267.5430412,58.877464192354644,0.7050033187791082,-7.285659823920574,1.010306602929504,0.7377276138172373,9.755793736007542,-0.0007892507145463906,-0.0007529907739340783,0.0,-59.334580242223545,-11.690063621688939,-64.25
1772919267.626029,58.877464192354644,0.7050033187791082,-7.285659823920574,1.01171899735065,0.7361329801443885,9.750510554885429,0.001542241488480469,-3.6259940612312275e-05,0.0,-59.334580242223545,-11.690063621688939,-64.25
1772919267.659174,58.877464192354644,0.7050033187791082,-7.285659823920574,1.012658930060443,0.7350717692483331,9.746994656865661,0.0015785014290927812,0.0015059815478681566,0.002181661564992912,-57.97013320779122,-11.943175336607153,-62.6875
1772919267.7236202,58.877464192354644,0.7050033187791082,-7.285659823920574,1.013284444779074,0.7343655452515105,9.744654866008661,-0.0007529907739340783,0.0007892507145463906,0.0,-57.97013320779122,-11.943175336607153,-62.6875
1772919267.7889972,58.877464192354644,0.7050033187791082,-7.285659823920574,1.0162868437258772,0.7311624972916027,9.756549129630896,-0.001542241488480469,3.6259940612312275e-05,0.001090830782496456,-59.515463181908316,-11.862636395123788,-63.5
1772919267.8026044,58.877464192354644,0.7050033187791082,-7.285659823920574,1.0180078816160953,0.7293436738769601,9.761048596025429,0.0015785014290927812,0.0015059815478681566,-0.001090830782496456,-59.515463181908316,-11.862636395123788,-63.5
1772919267.8199663,58.877464192354644,0.7050033187791082,-7.285659823920574,1.0180078816160953,0.7293436738769601,9.761048596025429,0.0015785014290927812,0.0015059815478681566,-0.001090830782496456,-59.515463181908316,-11.862636395123788,-63.5
1772919267.8393931,58.877464192354644,0.7050033187791082,-7.285659823920574,1.0168441122876566,0.7305535617688798,9.764042940648658,0.001542241488480469,-3.6259940612312275e-05,-0.001090830782496456,-58.30489104684852,-11.139589815838086,-62.6875
1772919267.8578358,58.877464192354644,0.7050033187791082,-7.285659823920574,1.0136493422429604,0.729049627826493,9.766035643546395,0.0023314922030268593,0.000716730833321766,0.001090830782496456,-58.30489104684852,-11.139589815838086,-62.6875
1772919267.8903894,58.877464192354644,0.7050033187791082,-7.285659823920574,1.0136493422429604,0.729049627826493,9.766035643546395,0.0023314922030268593,0.000716730833321766,0.001090830782496456,-58.30489104684852,-11.139589815838086,-62.6875
1772919267.9041185,58.877464192354644,0.7050033187791082,-7.285659823920574,1.0115232584661347,0.7280487765878776,9.767361765064889,-3.625994061231226e-05,-0.001542241488480469,0.0,-58.30489104684852,-11.139589815838086,-62.6875
1772919267.927573,58.877464192354644,0.7050033187791082,-7.285659823920574,1.0124174742816952,0.7249624267120444,9.768244284121698,0.001542241488480469,-3.6259940612312275e-05,0.0,-58.80231913098164,-11.61416494278392,-63.5
1772919267.967334,58.877464192354644,0.7050033187791082,-7.285659823920574,1.0124174742816952,0.7249624267120444,9.768244284121698,0.001542241488480469,-3.6259940612312275e-05,0.0,-58.80231913098164,-11.61416494278392,-63.5
1772919267.9940503,58.877464192354644,0.7050033187791082,-7.285659823920574,1.013123758655555,0.727637890722366,9.765486478988302,-0.001542241488480469,3.6259940612312275e-05,-0.001090830782496456,-58.80231913098164,-11.61416494278392,-63.5
1772919268.0109682,58.877464192354644,0.7050033187791082,-7.285659823920574,1.0135937830166453,0.7294183821343437,9.763651190478729,0.0023314922030268593,0.000716730833321766,0.0,-59.53575341807974,-10.845412449123645,-63.0625
1772919268.0617237,58.877464192354644,0.7050033187791082,-7.285659823920574,1.011597478159309,0.733023573836398,9.762429826477124,-0.001542241488480469,3.6259940612312275e-05,-0.001090830782496456,-59.53575341807974,-10.845412449123645,-63.0625
1772919268.09434,58.877464192354644,0.7050033187791082,-7.285659823920574,1.011597478159309,0.733023573836398,9.762429826477124,-0.001542241488480469,3.6259940612312275e-05,-0.001090830782496456,-59.53575341807974,-10.845412449123645,-63.0625
1772919268.1165116,58.877464192354644,0.7050033187791082,-7.285659823920574,1.007959858757812,0.7378430831982608,9.761617022377585,-0.0007892507145463906,-0.0007529907739340783,-0.003272492347489368,-58.80231913098164,-11.61416494278392,-63.5
1772919268.1846144,58.877464192354644,0.7050033187791082,-7.285659823920574,1.0054278699433374,0.7363210174652317,9.76442122203628,0.002367752143639172,0.002258972321802235,0.001090830782496456,-58.80231913098164,-11.61416494278392,-63.5
1772919268.2205474,58.877464192354644,0.7050033187791082,-7.285659823920574,1.0054278699433374,0.7363210174652317,9.76442122203628,0.002367752143639172,0.002258972321802235,0.001090830782496456,-58.80231913098164,-11.61416494278392,-63.5
1772919268.2928753,58.877464192354644,0.7050033187791082,-7.285659823920574,1.004930604977471,0.732213719722951,9.76752929657889,0.0015785014290927812,0.0015059815478681566,0.001090830782496456,-59.334580242223545,-11.690063621688939,-64.25
1772919268.3454282,58.877464192354644,0.7050033187791082,-7.285659823920574,1.0105616253241796,0.7347726460379999,9.768355774472816,0.0,0.0,0.001090830782496456,-59.276894257927474,-11.116736858650802,-63.5
1772919268.3785982,58.877464192354644,0.7050033187791082,-7.285659823920574,1.0105616253241796,0.7347726460379999,9.768355774472816,0.0,0.0,0.001090830782496456,-59.276894257927474,-11.116736858650802,-63.5
1772919268.4219897,58.877464192354644,0.7050033187791082,-7.285659823920574,1.0141978127246456,0.7317461875396835,9.76890578627886,-0.0007892507145463906,-0.0007529907739340783,-0.001090830782496456,-59.276894257927474,-11.116736858650802,-63.5
1772919268.4532447,58.877464192354644,0.7050033187791082,-7.285659823920574,1.016617654820781,0.7297321132168106,9.76927181299175,0.002295232262414547,-0.0008255106551587029,-0.001090830782496456,-58.779466173794354,-10.642161731704967,-63.0
1772919268.504872,58.877464192354644,0.7050033187791082,-7.285659823920574,1.0182280327043518,0.728391769253623,9.766170287973072,-0.0016147613697050935,-0.0030482230363486256,0.0,-58.779466173794354,-10.642161731704967,-63.0
1772919268.5730824,58.877464192354644,0.7050033187791082,-7.285659823920574,1.0192997211967685,0.7274997853187448,9.760761146012127,-0.0023314922030268593,-0.000716730833321766,0.0,-58.52060701364208,-10.91348614123212,-63.5
1772919268.6193972,58.877464192354644,0.7050033187791082,-7.285659823920574,1.0200129179169268,0.7269061799741968,9.760506534168513,0.0023314922030268593,0.000716730833321766,0.0,-58.52060701364208,-10.91348614123212,-63.5
1772919268.6431491,58.877464192354644,0.7050033187791082,-7.285659823920574,1.0200129179169268,0.7269061799741968,9.760506534168513,0.0023314922030268593,0.000716730833321766,0.0,-58.52060701364208,-10.91348614123212,-63.5
1772919268.7073667,58.877464192354644,0.7050033187791082,-7.285659823920574,1.018178441548137,0.7289314368051818,9.763682204538107,0.001542241488480469,-3.6259940612312275e-05,0.0,-58.746710688248044,-11.129202108025682,-62.6875
1772919268.7529125,58.877464192354644,0.7050033187791082,-7.285659823920574,1.014648517198025,0.7326995171593766,9.76579557769451,0.00312074291757325,0.0014697216072558446,-0.001090830782496456,-58.746710688248044,-11.129202108025682,-62.6875
1772919268.7910993,58.877464192354644,0.7050033187791082,-7.285659823920574,1.0146084927939902,0.7327868379861021,9.76720200392217,-0.0007529907739340783,0.0007892507145463906,0.0,-58.53099472145448,-11.355305782631648,-64.25
1772919268.8733919,58.877464192354644,0.7050033187791082,-7.285659823920574,1.0168909578193328,0.730424654464075,9.768137964865868,0.0007892507145463906,0.0007529907739340783,0.001090830782496456,-58.53099472145448,-11.355305782631648,-64.25
1772919268.9099464,58.877464192354644,0.7050033187791082,-7.285659823920574,1.0184099127968933,0.7288526477174848,9.768760836418531,0.0007529907739340783,-0.0007892507145463906,0.0,-59.299747215114756,-12.088740069729754,-63.0625
1772919268.9343982,58.877464192354644,0.7050033187791082,-7.285659823920574,1.0171116595474952,0.7302267893448705,9.769175350478896,0.0007892507145463906,0.0007529907739340783,0.001090830782496456,-59.299747215114756,-12.088740069729754,-63.0625
1772919269.0391848,58.877464192354644,0.7050033187791082,-7.285659823920574,1.0114070973989089,0.7265230636094762,9.769451204955644,-0.002367752143639172,-0.002258972321802235,0.001090830782496456,-59.515463181908316,-11.862636395123788,-63.0625
1772919269.083564,58.877464192354644,0.7050033187791082,-7.285659823920574,1.009919875832285,0.721637980949123,9.769634783028422,-3.625994061231226e-05,-0.001542241488480469,-0.001090830782496456,-59.515463181908316,-11.862636395123788,-63.0625
1772919269.132657,58.877464192354644,0.7050033187791082,-7.285659823920574,1.009919875832285,0.721637980949123,9.769634783028422,-3.625994061231226e-05,-0.001542241488480469,-0.001090830782496456,-59.515463181908316,-11.862636395123788,-63.0625
1772919269.2359498,58.877464192354644,0.7050033187791082,-7.285659823920574,1.0099933654025128,0.7224896063365682,9.769838254394244,-0.0015785014290927812,-0.0015059815478681566,0.0,-58.80231913098164,-11.61416494278392,-63.5
1772919269.3121853,58.877464192354644,0.7050033187791082,-7.285659823920574,1.0067811458996283,0.7261034501233498,9.769892360106187,0.0,0.0,0.0,-59.334580242223545,-11.690063621688939,-63.0625
1772919269.406331,58.877464192354644,0.7050033187791082,-7.285659823920574,1.0070637442600772,0.7308175236132985,9.769928366853083,-0.0007892507145463906,-0.0007529907739340783,0.001090830782496456,-59.334580242223545,-11.690063621688939,-63.0625
1772919269.4567165,58.877464192354644,0.7050033187791082,-7.285659823920574,1.0072518103121253,0.7339546868612082,9.773297440648241,-0.0007529907739340783,0.0007892507145463906,0.0,-58.816861921919,-12.232712440743253,-62.6875
1772919269.5505497,58.877464192354644,0.7050033187791082,-7.285659823920574,1.0121063615448294,0.7359312402206329,9.775539521623898,0.0015785014290927812,0.0015059815478681566,-0.002181661564992912,-58.816861921919,-12.232712440743253,-62.6875
1772919269.5981922,58.877464192354644,0.7050033187791082,-7.285659823920574,1.0153370111613034,0.7372466144017822,9.770341378052873,0.000716730833321766,-0.0023314922030268598,0.001090830782496456,-59.0180350977752,-11.388061268177955,-63.5
1772919269.6844893,58.877464192354644,0.7050033187791082,-7.285659823920574,1.0153370111613034,0.7372466144017822,9.770341378052873,0.000716730833321766,-0.0023314922030268598,0.001090830782496456,-59.0180350977752,-11.388061268177955,-63.5
1772919269.7215564,58.877464192354644,0.7050033187791082,-7.285659823920574,1.0174869723923459,0.7381219812256447,9.766882071573425,-0.0007529907739340783,0.0007892507145463906,0.0,-58.2289923679435,-11.671850927079996,-62.25
1772919269.767149,58.877464192354644,0.7050033187791082,-7.285659823920574,1.0164974530181887,0.7363954272493111,9.764579941754338,0.0007892507145463906,0.0007529907739340783,0.001090830782496456,-58.2289923679435,-11.671850927079996,-62.25
1772919269.828706,58.877464192354644,0.7050033187791082,-7.285659823920574,1.0181480397474687,0.7328261303081571,9.76304790007621,-0.002367752143639172,-0.002258972321802235,-0.002181661564992912,-57.97013320779122,-11.943175336607153,-63.875
1772919269.9446929,58.877464192354644,0.7050033187791082,-7.285659823920574,1.0192464867775426,0.7304508030654786,9.765373455160763,-0.0007529907739340783,0.0007892507145463906,0.001090830782496456,-59.334580242223545,-11.690063621688939,-62.5625
1772919269.970275,58.877464192354644,0.7050033187791082,-7.285659823920574,1.0192464867775426,0.7304508030654786,9.765373455160763,-0.0007529907739340783,0.0007892507145463906,0.001090830782496456,-59.334580242223545,-11.690063621688939,-62.5625
1772919270.0511146,58.877464192354644,0.7050033187791082,-7.285659823920574,1.0199774910055994,0.7288700493196199,9.76692108609138,-0.0023314922030268593,-0.000716730833321766,0.0,-59.334580242223545,-11.690063621688939,-62.5625
1772919270.1032193,58.877464192354644,0.7050033187791082,-7.285659823920574,1.018154865334393,0.7302383699167029,9.767951017187535,-0.0015785014290927812,-0.0015059815478681566,0.0,-58.2289923679435,-11.671850927079996,-63.0625
1772919270.139674,58.877464192354644,0.7050033187791082,-7.285659823920574,1.016941928310268,0.7311489719889189,9.768636424826942,0.0,0.0,-0.001090830782496456,-58.2289923679435,-11.671850927079996,-63.0625
1772919270.2245703,58.877464192354644,0.7050033187791082,-7.285659823920574,1.0101410917113702,0.7346525434834268,9.772741217831829,0.000716730833321766,-0.0023314922030268598,0.0,-59.00556984840031,-10.857877698498529,-63.75
1772919270.282255,58.877464192354644,0.7050033187791082,-7.285659823920574,1.006879456107962,0.7341977489256737,9.775169361552992,0.0,0.0,0.0,-58.80231913098164,-11.61416494278392,-64.25
1772919270.3286288,58.877464192354644,0.7050033187791082,-7.285659823920574,1.0071291686055261,0.736204189047003,9.773440152367964,-0.001542241488480469,3.6259940612312275e-05,-0.002181661564992912,-58.80231913098164,-11.61416494278392,-64.25
1772919270.365266,58.877464192354644,0.7050033187791082,-7.285659823920574,1.0094932565646604,0.730389762601666,9.77228938297186,-0.0016147613697050935,-0.0030482230363486256,-0.003272492347489368,-59.0180350977752,-11.388061268177955,-63.0625
1772919270.39005,58.877464192354644,0.7050033187791082,-7.285659823920574,1.0134868252496465,0.7288294275728193,9.768178447086369,-0.00312074291757325,-0.0014697216072558446,0.0,-59.0180350977752,-11.388061268177955,-63.0625
1772919270.4264767,58.877464192354644,0.7050033187791082,-7.285659823920574,1.0138353997792937,0.7302113365979815,9.765442665176739,0.0,0.0,0.0,-59.276894257927474,-11.116736858650802,-63.0625
1772919270.4721267,58.877464192354644,0.7050033187791082,-7.285659823920574,1.0140673722349411,0.731130981617292,9.763622032876565,0.0007529907739340783,-0.0007892507145463906,-0.002181661564992912,-59.276894257927474,-11.116736858650802,-63.0625
1772919270.5040488,58.877464192354644,0.7050033187791082,-7.285659823920574,1.0142217473128725,0.731742995104535,9.762410422418595,0.0,0.0,0.0,-58.50031677747065,-11.930710087232269,-64.25
1772919270.521945,58.877464192354644,0.7050033187791082,-7.285659823920574,1.0142217473128725,0.731742995104535,9.762410422418595,0.0,0.0,0.0,-58.50031677747065,-11.930710087232269,-64.25
1772919270.5571117,58.877464192354644,0.7050033187791082,-7.285659823920574,1.0143244822027533,0.7321502832436565,9.764949220900712,0.0007892507145463906,0.0007529907739340783,0.002181661564992912,-58.50031677747065,-11.930710087232269,-64.25
1772919270.5740552,58.877464192354644,0.7050033187791082,-7.285659823920574,1.0119725565675695,0.7301122281314093,9.769983874637642,-0.0007529907739340783,0.0007892507145463906,0.001090830782496456,-59.85229856252809,-11.147414802634628,-63.0625
1772919270.6077342,58.877464192354644,0.7050033187791082,-7.285659823920574,1.0119725565675695,0.7301122281314093,9.769983874637642,-0.0007529907739340783,0.0007892507145463906,0.001090830782496456,-59.85229856252809,-11.147414802634628,-63.0625
1772919270.6223397,58.877464192354644,0.7050033187791082,-7.285659823920574,1.0105185700677348,0.7334853205966776,9.773334380458802,0.0007892507145463906,0.0007529907739340783,0.001090830782496456,-59.85229856252809,-11.147414802634628,-63.0625
1772919270.6350825,58.877464192354644,0.7050033187791082,-7.285659823920574,1.0105185700677348,0.7334853205966776,9.773334380458802,0.0007892507145463906,0.0007529907739340783,0.001090830782496456,-59.85229856252809,-11.147414802634628,-63.0625
1772919270.6520438,58.877464192354644,0.7050033187791082,-7.285659823920574,1.0095509582941884,0.7357300759524019,9.772218992947863,0.0015785014290927812,0.0015059815478681566,0.0,-58.816861921919,-12.232712440743253,-63.5
1772919270.6749468,58.877464192354644,0.7050033187791082,-7.285659823920574,1.013525225106077,0.7323833464525251,9.768131603311708,0.0,0.0,-0.001090830782496456,-58.816861921919,-12.232712440743253,-63.5
1772919270.6908884,58.877464192354644,0.7050033187791082,-7.285659823920574,1.0137497607171442,0.7278470345366493,9.765411491167981,0.002295232262414547,-0.0008255106551587029,0.0,-58.816861921919,-12.232712440743253,-63.5
1772919270.7127123,58.877464192354644,0.7050033187791082,-7.285659823920574,1.0137497607171442,0.7278470345366493,9.765411491167981,0.002295232262414547,-0.0008255106551587029,0.0,-58.816861921919,-12.232712440743253,-63.5
1772919270.7290971,58.877464192354644,0.7050033187791082,-7.285659823920574,1.0138991866580822,0.7248281696305584,9.763601286921974,0.0,0.0,0.002181661564992912,-59.118864275429985,-11.916167296294905,-63.75
1772919270.7981346,58.877464192354644,0.7050033187791082,-7.285659823920574,1.0141759987608847,0.7262115631862561,9.76159492132083,0.0007529907739340783,-0.0007892507145463906,0.0,-59.334580242223545,-11.690063621688939,-63.5
1772919270.8226802,58.877464192354644,0.7050033187791082,-7.285659823920574,1.01429403705245,0.7284691770921852,9.764406514029893,-3.625994061231226e-05,-0.001542241488480469,0.001090830782496456,-59.334580242223545,-11.690063621688939,-63.5
1772919270.8658354,58.877464192354644,0.7050033187791082,-7.285659823920574,1.012063489397787,0.7323918884841567,9.762932485862907,-3.625994061231226e-05,-0.001542241488480469,0.002181661564992912,-59.334580242223545,-11.690063621688939,-63.5
1772919270.8977005,58.877464192354644,0.7050033187791082,-7.285659823920574,1.0151972864887104,0.7301618199824054,9.761951536583751,0.0007529907739340783,-0.0007892507145463906,0.002181661564992912,-59.334580242223545,-11.690063621688939,-63.5
1772919270.912585,58.877464192354644,0.7050033187791082,-7.285659823920574,1.0151972864887104,0.7301618199824054,9.761951536583751,0.0007529907739340783,-0.0007892507145463906,0.002181661564992912,-59.334580242223545,-11.690063621688939,-63.5
1772919270.9303296,58.877464192354644,0.7050033187791082,-7.285659823920574,1.0149736926267867,0.7310980288627628,9.761298725796394,0.0,0.0,0.0,-59.334580242223545,-11.690063621688939,-63.5
1772919270.964125,58.877464192354644,0.7050033187791082,-7.285659823920574,1.0149736926267867,0.7310980288627628,9.761298725796394,0.0,0.0,0.0,-59.334580242223545,-11.690063621688939,-63.5
1772919271.0049136,58.877464192354644,0.7050033187791082,-7.285659823920574,1.0148248934093835,0.7317210654145021,9.767554510924422,-0.0007892507145463906,-0.0007529907739340783,0.001090830782496456,-58.80231913098164,-11.61416494278392,-63.75
1772919271.0423956,58.877464192354644,0.7050033187791082,-7.285659823920574,1.014725869192398,0.7321356892799105,9.771717666045424,0.0007892507145463906,0.0007529907739340783,-0.002181661564992912,-58.80231913098164,-11.61416494278392,-63.75
1772919271.0795448,58.877464192354644,0.7050033187791082,-7.285659823920574,1.014659969682167,0.7324116168306876,9.771143087565642,0.0,0.0,0.001090830782496456,-58.816861921919,-12.232712440743253,-62.25
1772919271.1810899,58.877464192354644,0.7050033187791082,-7.285659823920574,1.014616114294254,0.7325952435334171,9.77076071200581,-0.0016147613697050935,-0.0030482230363486256,0.001090830782496456,-59.118864275429985,-11.916167296294905,-63.5
1772919271.2888749,58.877464192354644,0.7050033187791082,-7.285659823920574,1.0145869290234948,0.7327174450528389,9.767161133634838,0.0023314922030268593,0.000716730833321766,0.0,-59.118864275429985,-11.916167296294905,-63.5
1772919271.35274,58.877464192354644,0.7050033187791082,-7.285659823920574,1.0121472119950499,0.7304896679798076,9.76142054273156,-0.001542241488480469,3.6259940612312275e-05,-0.001090830782496456,-58.746710688248044,-11.129202108025682,1985.4375
1772919271.4203815,58.877464192354644,0.7050033187791082,-7.285659823920574,1.0129439021228202,0.7313162080427319,9.757600243612032,0.0023314922030268593,0.000716730833321766,0.001090830782496456,-58.746710688248044,-11.129202108025682,1985.4375
1772919271.4492102,58.877464192354644,0.7050033187791082,-7.285659823920574,1.011053795946464,0.7295571604024245,9.758402988930843,0.0008255106551587029,0.0022952322624145475,0.0,-58.80231913098164,-11.61416494278392,-63.5
1772919271.5505784,58.877464192354644,0.7050033187791082,-7.285659823920574,1.011053795946464,0.7295571604024245,9.758402988930843,0.0008255106551587029,0.0022952322624145475,0.0,-58.80231913098164,-11.61416494278392,-63.5
1772919271.5931985,58.877464192354644,0.7050033187791082,-7.285659823920574,1.0097959513999684,0.7283865338476496,9.75893720697326,-0.002367752143639172,-0.002258972321802235,-0.001090830782496456,-58.80231913098164,-11.61416494278392,-63.5
1772919271.644538,58.877464192354644,0.7050033187791082,-7.285659823920574,1.0089588699053198,0.7276074949522024,9.75929272311288,-0.0031570028581855624,-0.0030119630957363133,-0.002181661564992912,-58.746710688248044,-11.129202108025682,-63.75
1772919271.7071483,58.877464192354644,0.7050033187791082,-7.285659823920574,1.0131311968973455,0.7269778595320674,9.756184203425104,-0.0007892507145463906,-0.0007529907739340783,0.0,-58.746710688248044,-11.129202108025682,-63.75
1772919271.7276418,58.877464192354644,0.7050033187791082,-7.285659823920574,1.0131311968973455,0.7269778595320674,9.756184203425104,-0.0007892507145463906,-0.0007529907739340783,0.0,-58.746710688248044,-11.129202108025682,-63.75
1772919271.7674718,58.877464192354644,0.7050033187791082,-7.285659823920574,1.0159078339025924,0.7265588441934561,9.754115518297327,0.002295232262414547,-0.0008255106551587029,0.0,-59.59343940237582,-11.418739212161785,-63.5
1772919271.7962666,58.877464192354644,0.7050033187791082,-7.285659823920574,1.0153353602557411,0.7239708933471923,9.756083943160839,0.0007529907739340783,-0.0007892507145463906,0.0,-59.59343940237582,-11.418739212161785,-63.5
1772919271.8326247,58.877464192354644,0.7050033187791082,-7.285659823920574,1.0149543854387109,0.7222486409683089,9.760739019626078,0.0,0.0,-0.001090830782496456,-59.0180350977752,-11.388061268177955,-63.5
1772919271.862668,-173.1315886386729,-5.071078378106962,1.8955292535401873,1.0171211455105205,0.7234116020681075,9.760491809305764,0.0,0.0,0.0,-59.0180350977752,-11.388061268177955,-63.5
1772919271.8965924,58.877464192354644,0.7050033187791082,-7.285659823920574,1.0185631001340139,0.724185539688897,9.763672405306435,-0.001542241488480469,3.6259940612312275e-05,0.0,-59.515463181908316,-11.862636395123788,-63.0
1772919271.940807,58.877464192354644,0.7050033187791082,-7.285659823920574,1.0195227048282602,0.7247005865300826,9.765789056415297,0.001542241488480469,-3.6259940612312275e-05,0.001090830782496456,-59.515463181908316,-11.862636395123788,-63.0
1772919271.992035,58.877464192354644,0.7050033187791082,-7.285659823920574,1.020161311032794,0.7250433444494414,9.767197664083701,-0.001542241488480469,3.6259940612312275e-05,0.0,-58.53099472145448,-11.355305782631648,-63.5
1772919272.0356212,58.877464192354644,0.7050033187791082,-7.285659823920574,1.0181660017714373,0.7229623451967918,9.774825300166485,-0.000716730833321766,0.0023314922030268598,0.001090830782496456,-58.53099472145448,-11.355305782631648,-63.5
1772919272.0557477,58.877464192354644,0.7050033187791082,-7.285659823920574,1.0181660017714373,0.7229623451967918,9.774825300166485,-0.000716730833321766,0.0023314922030268598,0.001090830782496456,-58.53099472145448,-11.355305782631648,-63.5
1772919272.1012754,58.877464192354644,0.7050033187791082,-7.285659823920574,1.0192584403038447,0.7238865642595644,9.773211183358661,-0.0007892507145463906,-0.0007529907739340783,0.001090830782496456,-59.118864275429985,-11.916167296294905,-63.875
1772919272.1466658,58.877464192354644,0.7050033187791082,-7.285659823920574,1.017676345124698,0.7269219162784115,9.77213700665392,-3.625994061231226e-05,-0.001542241488480469,-0.001090830782496456,-59.118864275429985,-11.916167296294905,-63.875
1772919272.2092927,58.877464192354644,0.7050033187791082,-7.285659823920574,1.016623478456137,0.7289419091398506,9.771422154056255,0.0015059815478681566,-0.0015785014290927812,-0.001090830782496456,-59.118864275429985,-11.916167296294905,-63.5
1772919272.2303464,58.877464192354644,0.7050033187791082,-7.285659823920574,1.016623478456137,0.7289419091398506,9.771422154056255,0.0015059815478681566,-0.0015785014290927812,-0.001090830782496456,-59.118864275429985,-11.916167296294905,-63.5
1772919272.3256235,58.877464192354644,0.7050033187791082,-7.285659823920574,1.0154565187215925,0.7311807969342454,9.770629837020756,-0.0023314922030268593,-0.000716730833321766,-0.003272492347489368,-59.334580242223545,-11.690063621688939,-63.0625
1772919272.3622801,58.877464192354644,0.7050033187791082,-7.285659823920574,1.0127259142251805,0.729467045822368,9.770419149501572,0.0,0.0,-0.001090830782496456,-59.334580242223545,-11.690063621688939,-63.0625
1772919272.410178,58.877464192354644,0.7050033187791082,-7.285659823920574,1.0109087274356692,0.7283265636012678,9.76693382760377,0.000680470892709454,-0.0038737336915073287,-0.002181661564992912,-59.334580242223545,-11.690063621688939,-62.5625
1772919272.5288615,58.877464192354644,0.7050033187791082,-7.285659823920574,1.0121197044833314,0.7298766862422728,9.76461438481438,0.0007892507145463906,0.0007529907739340783,0.0,-59.334580242223545,-11.690063621688939,-62.5625
1772919272.565586,58.877464192354644,0.7050033187791082,-7.285659823920574,1.015345890737826,0.733217376362983,9.763070821547913,0.0007892507145463906,0.0007529907739340783,0.001090830782496456,-59.0180350977752,-11.388061268177955,-62.25
1772919272.6449752,58.877464192354644,0.7050033187791082,-7.285659823920574,1.0174928816513304,0.7354405683203619,9.762043597436811,0.0007529907739340783,-0.0007892507145463906,0.0,-59.0180350977752,-11.388061268177955,-62.25
1772919272.7048213,58.877464192354644,0.7050033187791082,-7.285659823920574,1.0165013855640321,0.7346109769141901,9.764705102973037,-0.0007892507145463906,-0.0007529907739340783,0.0,-59.334580242223545,-11.690063621688939,-63.0625
1772919272.731508,58.877464192354644,0.7050033187791082,-7.285659823920574,1.0165013855640321,0.7346109769141901,9.764705102973037,-0.0007892507145463906,-0.0007529907739340783,0.0,-59.334580242223545,-11.690063621688939,-63.0625
1772919272.7747672,58.877464192354644,0.7050033187791082,-7.285659823920574,1.018150656812798,0.7316385985437505,9.76647630517643,0.002367752143639172,0.002258972321802235,-0.002181661564992912,-59.334580242223545,-11.690063621688939,-63.0625
1772919272.8006968,58.877464192354644,0.7050033187791082,-7.285659823920574,1.0192482284052846,0.7296605139418649,9.767655020457164,-0.0015785014290927812,-0.0015059815478681566,0.001090830782496456,-59.53575341807974,-10.845412449123645,-64.5625
1772919272.8401816,58.877464192354644,0.7050033187791082,-7.285659823920574,1.0199786500394066,0.7283441207359631,9.76509433060206,0.0007529907739340783,-0.0007892507145463906,0.002181661564992912,-59.53575341807974,-10.845412449123645,-64.5625
1772919272.8640783,58.877464192354644,0.7050033187791082,-7.285659823920574,1.0199786500394066,0.7283441207359631,9.76509433060206,0.0007529907739340783,-0.0007892507145463906,0.002181661564992912,-59.53575341807974,-10.845412449123645,-64.5625
1772919272.9499094,58.877464192354644,0.7050033187791082,-7.285659823920574,1.014633340798682,0.7333363457233655,9.767827399792008,-3.625994061231226e-05,-0.001542241488480469,-0.001090830782496456,-58.99774486160377,-12.405285214178102,-63.5
1772919272.9796278,58.877464192354644,0.7050033187791082,-7.285659823920574,1.012289292250633,0.7356309348383712,9.771899270538436,-0.002367752143639172,-0.002258972321802235,-0.001090830782496456,-58.50031677747065,-11.930710087232269,-63.875
1772919273.041496,58.877464192354644,0.7050033187791082,-7.285659823920574,1.0130384549457703,0.734737663705392,9.774609055034405,0.0,0.0,-0.001090830782496456,-58.50031677747065,-11.930710087232269,-63.875
1772919273.0712616,58.877464192354644,0.7050033187791082,-7.285659823920574,1.0135370143506885,0.7341432017448868,9.76972216293156,0.0,0.0,0.001090830782496456,-59.59343940237582,-11.418739212161785,-63.5
1772919273.1219263,58.877464192354644,0.7050033187791082,-7.285659823920574,1.0138688000653882,0.7337475939507456,9.766469990827277,-3.625994061231226e-05,-0.001542241488480469,0.0,-59.59343940237582,-11.418739212161785,-63.5
1772919273.1656897,58.877464192354644,0.7050033187791082,-7.285659823920574,1.0187078013904833,0.7286437322694225,9.76430570662102,0.0,0.0,0.0,-58.50031677747065,-11.930710087232269,-64.5625
1772919273.2597716,58.877464192354644,0.7050033187791082,-7.285659823920574,1.0187078013904833,0.7286437322694225,9.76430570662102,0.0,0.0,0.0,-58.50031677747065,-11.930710087232269,-64.5625
1772919273.3217962,58.877464192354644,0.7050033187791082,-7.285659823920574,1.0219281027171476,0.7252471693343725,9.759520287951075,0.0007529907739340783,-0.0007892507145463906,0.002181661564992912,-58.50031677747065,-11.930710087232269,-63.0625
1772919273.4271684,58.877464192354644,0.7050033187791082,-7.285659823920574,1.0194529756386679,0.7278273837567419,9.756335645282855,-0.0007892507145463906,-0.0007529907739340783,0.001090830782496456,-58.50031677747065,-11.930710087232269,-63.0625
1772919273.494628,58.877464192354644,0.7050033187791082,-7.285659823920574,1.0178058062169206,0.729544487631945,9.754216301161945,0.0007892507145463906,0.0007529907739340783,-0.002181661564992912,-58.816861921919,-12.232712440743253,-63.5
1772919273.5470848,58.877464192354644,0.7050033187791082,-7.285659823920574,1.016709633366836,0.7306872010795855,9.759496124738742,-0.0023314922030268593,-0.000716730833321766,-0.002181661564992912,-58.816861921919,-12.232712440743253,-63.5
1772919273.5915318,58.877464192354644,0.7050033187791082,-7.285659823920574,1.0136710417610317,0.7338679586708202,9.763009788349608,0.001542241488480469,-3.6259940612312275e-05,0.001090830782496456,-58.80231913098164,-11.61416494278392,-63.5
1772919273.6475062,58.877464192354644,0.7050033187791082,-7.285659823920574,1.011001597400915,0.7334364211917265,9.756868872223949,0.0015785014290927812,0.0015059815478681566,0.002181661564992912,-59.59343940237582,-11.418739212161785,-62.25
1772919273.7351513,58.877464192354644,0.7050033187791082,-7.285659823920574,1.0146018029645525,0.7355863402069995,9.751226046027389,0.0023314922030268593,0.000716730833321766,0.001090830782496456,-59.59343940237582,-11.418739212161785,-62.25
1772919273.7928858,58.877464192354644,0.7050033187791082,-7.285659823920574,1.016997699550222,0.7370170872954949,9.757506143350035,0.0,0.0,-0.002181661564992912,-59.0180350977752,-11.388061268177955,-62.6875
1772919273.828075,58.877464192354644,0.7050033187791082,-7.285659823920574,1.0160606536696415,0.7309307373053688,9.761685477964972,-0.0007529907739340783,0.0007892507145463906,0.001090830782496456,-59.0180350977752,-11.388061268177955,-62.6875
1772919273.900262,58.877464192354644,0.7050033187791082,-7.285659823920574,1.0131279592844775,0.7293006339326997,9.757776555050347,0.0,0.0,0.0,-59.118864275429985,-11.916167296294905,-63.5
1772919273.9398267,58.877464192354644,0.7050033187791082,-7.285659823920574,1.0134853847506198,0.7257955237908608,9.755175210516194,0.0007529907739340783,-0.0007892507145463906,-0.001090830782496456,-59.118864275429985,-11.916167296294905,-63.5
