timestamp,px,py,pz,vx,vy,vz,yaw,pitch,roll
1772919170.1564956,1.456,-4.626,0.087,0.0,0.0,0.0,0.0,0.0,0.0
1772919170.1719682,1.456,-4.626,0.087,0.0,0.0,0.0,0.0,0.0,0.0
1772919170.195603,1.456,-4.626,0.087,0.0,0.0,0.0,0.0,0.0,0.0
1772919170.2367165,1.5911753449513737,-4.7523527748967025,0.11120270649726738,0.017771293545091296,-0.0166114039045648,0.0031818923924577416,0.0358548201192564,0.17016202173541217,0.1527748359925256
1772919170.255458,1.283447088930359,-4.60259280278192,0.3550101927975495,-1.0047624787636786,0.789985686851285,0.2182857154961958,-4.218465178836315,-54.97502707742074,-46.860086063439226
1772919170.273551,1.264332353215449,-4.5875640094681955,0.3591628894300749,-1.0047624787636786,0.789985686851285,0.2182857154961958,-4.218465178836315,-54.97502707742074,-46.860086063439226
1772919170.2936335,1.2441575908623814,-4.571701779506981,0.3635458779754113,-1.0047624787636786,0.789985686851285,0.2182857154961958,-4.218465178836315,-54.97502707742074,-46.860086063439226
1772919170.3149555,1.2285240544933922,-4.559410048647797,0.36694228035325455,-1.0047624787636786,0.789985686851285,0.2182857154961958,-4.218465178836315,-54.97502707742074,-46.860086063439226
1772919170.3513577,1.2792564772850012,-4.609423120812264,0.37972031187999494,-0.4801761313565782,0.38830481101198144,0.10831577261679816,36.403981363981266,-70.12960396927485,-103.9789252892402
1772919170.377627,1.264988930024134,-4.597885360226198,0.3829387150949601,-0.4801761313565782,0.38830481101198144,0.10831577261679816,36.403981363981266,-70.12960396927485,-103.9789252892402
1772919170.3937955,1.2570914408947094,-4.591498884881814,0.3847201918925878,-0.4801761313565782,0.38830481101198144,0.10831577261679816,36.403981363981266,-70.12960396927485,-103.9789252892402
1772919170.4086952,1.2534468774244085,-4.588551629828635,0.3855423146145593,-0.4801761313565782,0.38830481101198144,0.10831577261679816,36.403981363981266,-70.12960396927485,-103.9789252892402
1772919170.4283352,1.3151984782675026,-4.6276893052030275,0.34989856626153065,-0.09738804597568274,0.13954800408901089,-0.10302177320267979,53.040405129517715,-70.64988583888777,-123.79133614826455
1772919170.5127735,1.2637217232752473,-4.621399338590373,0.4169263533211746,-0.2721751752384895,0.12144600406899786,0.19517401143338653,52.66235795439455,-71.56019281061621,-122.55285777974032
1772919170.5416074,1.2917832824140627,-4.642038411424807,0.4140597016196175,-0.13211628885488347,0.0299585331864715,0.1562309343914982,66.70104570052656,-70.68890699904762,-139.49777377906057
1772919170.5664153,1.2880811760466169,-4.641198926169581,0.4184375383119429,-0.13211628885488347,0.0299585331864715,0.1562309343914982,66.70104570052656,-70.68890699904762,-139.49777377906057
1772919170.584164,1.286201443043548,-4.6407726801401,0.4206603712875086,-0.13211628885488347,0.0299585331864715,0.1562309343914982,66.70104570052656,-70.68890699904762,-139.49777377906057
1772919170.6180055,1.3117659405265598,-4.657726982978768,0.41257738973872093,-0.03127648114928233,-0.028545268440492683,0.10744456315742085,72.68544356047606,-69.9266541315961,-146.78928440348525
1772919170.6340826,1.3115371779264484,-4.657935768928765,0.4133632613180207,-0.03127648114928233,-0.028545268440492683,0.10744456315742085,72.68544356047606,-69.9266541315961,-146.78928440348525
1772919170.65567,1.2920501298801352,-4.650269006333135,0.4356094898715978,-0.08375183836201086,-0.002665232447687571,0.15853418733138563,74.15619637443449,-69.44929530516364,-148.89454438130426
1772919170.6947484,1.2897826043834824,-4.650341165734622,0.43990169788631905,-0.08375183836201086,-0.002665232447687571,0.15853418733138563,74.15619637443449,-69.44929530516364,-148.89454438130426
1772919170.7343776,1.3121434075665352,-4.662158601597594,0.4250806988083237,-0.01650164674365165,-0.03340296593502143,0.10343942560222177,76.92034956715199,-68.86918743343668,-152.3741353206025
1772919170.7865055,1.2928141326422211,-4.655815644772455,0.44132175034822063,-0.060600249601759325,-0.013435697236617247,0.12736376631264734,79.9430997385491,-68.37978063425282,-155.86850494029267
1772919170.8162785,1.307361502570029,-4.662111354411988,0.4367018875673736,-0.02368816093233276,-0.02668680883590146,0.10781829704881546,82.73843631119773,-68.03707287053734,-159.0319783852875
1772919170.880956,1.2955848617634613,-4.656115304488867,0.44282705328721517,-0.04529918277845721,-0.010481536192868134,0.10615765271069778,85.46409059176321,-67.2888211442362,-162.46231807204796
1772919170.9027739,1.294316587376851,-4.6564087637318465,0.4457992268148064,-0.04529918277845721,-0.010481536192868134,0.10615765271069778,85.46409059176321,-67.2888211442362,-162.46231807204796
1772919170.9179265,1.306256808118017,-4.662094323814261,0.44113921001528833,-0.020820151480972268,-0.021144213772760625,0.09375901901877062,87.33655066420015,-66.85261671759936,-164.73434727659665
1772919170.9349813,1.3059341985825852,-4.662421954714956,0.44259201181626623,-0.020820151480972268,-0.021144213772760625,0.09375901901877062,87.33655066420015,-66.85261671759936,-164.73434727659665
1772919170.979775,1.2974291120833619,-4.657469118104732,0.4459392927472563,-0.03494295288478657,-0.010422984214416618,0.09288128529264422,89.20284961912604,-66.18623166466374,-167.1893433930579
1772919171.007518,1.2962660226388933,-4.657816051088892,0.4490308815682909,-0.03494295288478657,-0.010422984214416618,0.09288128529264422,89.20284961912604,-66.18623166466374,-167.1893433930579
1772919171.0241377,1.3070272502196865,-4.662094404059366,0.4407346535186569,-0.015471965827638278,-0.017378186071933914,0.07574505011182042,89.80608552606421,-65.98217250318353,-167.97886006097343
1772919171.0453615,1.3067692773931603,-4.66238416037287,0.4419975935283749,-0.015471965827638278,-0.017378186071933914,0.07574505011182042,89.80608552606421,-65.98217250318353,-167.97886006097343
1772919171.0874734,1.300194959853379,-4.658405296459573,0.4487877731677143,-0.024945515766117015,-0.009638070274110785,0.08124581378961726,90.17577101356366,-65.55227328314491,-168.86014028388936
1772919171.1054356,1.299627743270096,-4.658624449005528,0.4506351582182327,-0.024945515766117015,-0.009638070274110785,0.08124581378961726,90.17577101356366,-65.55227328314491,-168.86014028388936
1772919171.1490645,1.3078210968693336,-4.664314558966259,0.4489565202932042,-0.011588576725542392,-0.01730402031029346,0.0740542939143083,91.13092134782644,-65.06568529189026,-170.26434371677797
1772919171.2004254,1.3022869928722065,-4.661300404904107,0.45440469096213926,-0.018717525326609218,-0.01170274165365669,0.07659782874594818,91.72461259715297,-64.63658736403588,-171.2723601195843
1772919171.2504356,1.3074236369730916,-4.6616030208409125,0.4531426222239368,-0.010805953743914154,-0.010838735300282065,0.06888394791042558,92.73321289237256,-64.03186764022507,-172.81527641819295
1772919171.2850606,1.3070420784223935,-4.661985736909349,0.4555749164900372,-0.010805953743914154,-0.010838735300282065,0.06888394791042558,92.73321289237256,-64.03186764022507,-172.81527641819295
1772919171.3159933,1.3146360957874939,-4.666156621206051,0.44940065125011674,-0.0008319822996198517,-0.015714148013099203,0.05884375500588328,92.56082822813819,-63.873405008532764,-172.8854059247706
1772919171.3323746,1.3146207770368614,-4.666445955624492,0.4504841031572363,-0.0008319822996198517,-0.015714148013099203,0.05884375500588328,92.56082822813819,-63.873405008532764,-172.8854059247706
1772919171.3482256,1.3092340910806504,-4.663429491571158,0.4550977516910651,-0.007537304034488495,-0.011534081286013074,0.06319622284185422,92.93072140064457,-63.525309047543,-173.56405580632304
1772919171.361119,1.309144812668371,-4.663566111304102,0.4558463029517763,-0.007537304034488495,-0.011534081286013074,0.06319622284185422,92.93072140064457,-63.525309047543,-173.56405580632304
1772919171.3735385,1.3090576403791403,-4.663699508108221,0.4565771955084044,-0.007537304034488495,-0.011534081286013074,0.06319622284185422,92.93072140064457,-63.525309047543,-173.56405580632304
1772919171.3856978,1.3089714277057014,-4.663831436444768,0.457300042204981,-0.007537304034488495,-0.011534081286013074,0.06319622284185422,92.93072140064457,-63.525309047543,-173.56405580632304
1772919171.3974268,1.3088857631274249,-4.663962526049839,0.45801829341969297,-0.007537304034488495,-0.011534081286013074,0.06319622284185422,92.93072140064457,-63.525309047543,-173.56405580632304
1772919171.4146717,1.3176236844787705,-4.666776747311782,0.4497845247706421,0.0028281360861264968,-0.014524361800148862,0.051948831711648075,92.82373695073389,-63.64324777415528,-173.34694298599135
1772919171.4364126,1.3176663583232555,-4.666995905915833,0.4505683825123239,0.0028281360861264968,-0.014524361800148862,0.051948831711648075,92.82373695073389,-63.64324777415528,-173.34694298599135
1772919171.45786,1.312629438459987,-4.665306962696209,0.4552506019867574,-0.002996049789925903,-0.012024284235944909,0.05517660083153658,93.52365135571942,-63.38950614363468,-174.17910625371567
1772919171.4849737,1.3125837237968496,-4.665490432979368,0.45609250378977806,-0.002996049789925903,-0.012024284235944909,0.05517660083153658,93.52365135571942,-63.38950614363468,-174.17910625371567
1772919171.5001779,1.3125412221177866,-4.665661008338722,0.45687523383258766,-0.002996049789925903,-0.012024284235944909,0.05517660083153658,93.52365135571942,-63.38950614363468,-174.17910625371567
1772919171.5224807,1.3159984693339462,-4.670516580627962,0.4590192435196048,0.0004970261640999478,-0.0165929054087623,0.055953709422782744,94.20179777731342,-62.635242277629516,-175.60661134852765
1772919171.5530002,1.3160108578263632,-4.670930162643727,0.4604139027045126,0.0004970261640999478,-0.0165929054087623,0.055953709422782744,94.20179777731342,-62.635242277629516,-175.60661134852765
1772919171.5766895,1.310287887118579,-4.668455676544034,0.46348963998903114,-0.005565557443348242,-0.013451783368905993,0.05748831969634124,95.37978401024283,-62.12033356884957,-177.04418650976086
1772919171.5975773,1.3101691996592244,-4.668742540529914,0.46471559851641475,-0.005565557443348242,-0.013451783368905993,0.05748831969634124,95.37978401024283,-62.12033356884957,-177.04418650976086
1772919171.6336515,1.312215519777795,-4.67293037790597,0.4641476078862109,-0.003440778824928466,-0.017012693815906074,0.055100428299889474,94.63438843470388,-61.82871248041435,-176.96486544519138
1772919171.6635814,1.3076812776552549,-4.671742191607997,0.46804045069823835,-0.00778081819090043,-0.01531804880387507,0.05721248381215336,95.33914027653174,-61.59927278819458,-177.71701077141097
1772919171.6896462,1.3074630372570266,-4.672171840134542,0.4696451759269288,-0.00778081819090043,-0.01531804880387507,0.05721248381215336,95.33914027653174,-61.59927278819458,-177.71701077141097
1772919171.7212903,1.3101371959779449,-4.674230900326469,0.4654563270651516,-0.004970684700006301,-0.0168987568947377,0.05182961437565396,94.15878620099102,-61.905918672916165,-176.60820131137893
1772919171.7607763,1.3060814733915882,-4.672663578539535,0.46944876524090856,-0.008542825991496788,-0.014824519636134723,0.05365837003048081,94.6291064046979,-61.58822172757366,-177.26907201182928
1772919171.7942388,1.3057893437685784,-4.673170516330018,0.4712836614946689,-0.008542825991496788,-0.014824519636134723,0.05365837003048081,94.6291064046979,-61.58822172757366,-177.26907201182928
1772919171.82647,1.3107377199260453,-4.675002123709183,0.46684152542583507,-0.004038493068550119,-0.01616162008479098,0.048732421220748876,94.4610373300742,-61.7754029771445,-176.94469246922398
1772919171.848598,1.30755699918874,-4.672444637972838,0.4660198473811473,-0.006932744576535151,-0.013242193164938321,0.04660632503818018,95.94511128690422,-60.824711567945585,-179.00647059111964
1772919171.8644218,1.3074557758921292,-4.672637983974802,0.4667003348578152,-0.006932744576535151,-0.013242193164938321,0.04660632503818018,95.94511128690422,-60.824711567945585,-179.00647059111964
1772919171.8923538,1.3072842020737954,-4.672965706079568,0.4678537633531301,-0.006932744576535151,-0.013242193164938321,0.04660632503818018,95.94511128690422,-60.824711567945585,-179.00647059111964
1772919171.9434793,1.3094613610910428,-4.671416034633534,0.4655275212170073,-0.004812886862576552,-0.011375798178052576,0.04191535855818934,98.33970835861928,-61.36944462355866,179.94449780396064
1772919172.0306137,1.3198032527914771,-4.668455828977164,0.4551798001770735,0.003709332785658502,-0.008884011565182339,0.032286628619104946,99.07378583066564,-62.64224449823298,-178.45154918279874
1772919172.0533192,1.3165010109746589,-4.665165601101625,0.45421359223131463,0.0007774196219656653,-0.006082920419983904,0.030858637891812167,100.34089555770599,-61.758923831937345,179.29934351780724
1772919172.1041512,1.3165415719516729,-4.665482970496945,0.45582360626601,0.0007774196219656653,-0.006082920419983904,0.030858637891812167,100.34089555770599,-61.758923831937345,179.29934351780724
1772919172.1422298,1.324990912208976,-4.663511541200389,0.44733810434693827,0.0070723482697660186,-0.004611681950440808,0.024128174351929658,100.86985611956901,-62.56659315707861,-179.55538958491346
1772919172.2589715,1.3258764885743044,-4.65681010072088,0.4367351268550373,0.006929130863196515,0.0002232816922024543,0.01520438796598459,104.0100427781646,-62.400138916833775,178.01242862170673
1772919172.3006597,1.3260712831524613,-4.6568038237340685,0.43716255886612787,0.006929130863196515,0.0002232816922024543,0.01520438796598459,104.0100427781646,-62.400138916833775,178.01242862170673
1772919172.3552115,1.3364035430795662,-4.654917129804099,0.42641072115548206,0.01356451042193716,0.001491739905005136,0.00793504132697688,104.03209345291509,-63.17325187850561,179.81424910988864
1772919172.4140599,1.3312120175189823,-4.653119355633275,0.4277017291474867,0.00965694580943176,0.0024393590865579725,0.00847048621960449,105.86506521307146,-62.858510350019166,177.2607487918919
1772919172.4939895,1.3325038052237541,-4.654310702174834,0.4321902151787066,0.009921030731255494,0.0016001586655521182,0.010720634544307262,106.16819658280795,-62.753361384349496,176.75523204288217
1772919172.577961,1.3339860290428225,-4.655896487154065,0.43371559544714894,0.010245786840232965,0.0005822447907768214,0.011044749137774213,105.06596398069857,-62.47554993081607,177.16106813657677
1772919172.7291782,1.365063540607678,-4.670997361523384,0.4258121838781991,0.03422577035533951,-0.012674706414018954,0.00194012746412161,-6.304926410006333,-20.615648957987567,-21.390450876436557
1772919173.2778585,1.377145704572905,-4.6680888271416325,0.4059613140886428,0.03671028995999262,-0.00984048265529186,-0.008910542043598223,-0.07326822686473648,1.1216016632384325,-7.209613887289125
1772919173.4113102,1.37584067887484,-4.66542860258595,0.40002382834114936,0.03375856353265345,-0.007972743365068051,-0.011068312939498778,-0.08278269043536539,1.1156460643734454,-7.214094344334177
1772919173.5094602,1.3759830863036087,-4.662633517907241,0.39422592313322724,0.032416945396310674,-0.006368621770210892,-0.013207834323002755,-0.09335125422750998,1.103919489176398,-7.22355095456612
1772919173.615628,1.374600100203986,-4.65850503363833,0.3911679843267656,0.030112764812070245,-0.0042010185161825975,-0.013835775106780288,-0.08378601139289402,1.1145358492287518,-7.214992314855062
1772919173.659352,1.3738229425826196,-4.656191636392026,0.3926886344405956,0.028966053043678726,-0.0030811652241231153,-0.012819221642095723,-0.07851337001436283,1.1170159992106343,-7.213280294873355
1772919173.730742,1.375163065602977,-4.656334230820749,0.39209563668343433,0.02896587502005579,-0.0030807090089473572,-0.01281963916512567,-0.06046476726112907,1.1407753377648753,-7.193800755232033
1772919173.802414,1.3745277604988582,-4.654838137873891,0.39317032020711334,0.027709897818584323,-0.0023611750981670093,-0.011940317165566003,-0.28428187202467653,0.8201453274054865,-7.457366792985786
1772919173.8594284,1.3715556503393809,-4.655125701873638,0.3985926007681812,0.026057575305276894,-0.002442950671273476,-0.009553185567794241,-0.5511148924331436,0.4096308259222025,-7.7934554237505465
1772919173.939979,1.3697873594892767,-4.654781273069315,0.40358588713024196,0.02432532268301886,-0.002245259135635978,-0.00715669567613428,-1.3226864939630045,-0.8329546876378344,-8.793624828329177
1772919174.0013273,1.3713117843007872,-4.654918003584489,0.4031322880972659,0.024308671862826602,-0.0021896952596577104,-0.007221525923591306,-0.10567832034339134,1.071902609517594,-7.250880373372311
1772919174.1002302,1.3664227462676795,-4.652098776270367,0.40493134761015714,0.02159736395528168,-0.0009824090479838427,-0.006277794518339602,-0.1635640064527326,0.9888724371203748,-7.319230694052847
1772919174.1681292,1.3640036046831652,-4.652599024714366,0.40897747525553896,0.02000234829652013,-0.001151319617388132,-0.004561836745343471,-0.5768380178930314,0.34965307249538846,-7.843645975975849
1772919174.208555,1.3647624601238353,-4.65264370902304,0.40880793731976417,0.019998705497437434,-0.0011401535728277107,-0.004574481040109458,-0.08520288692642712,1.1030848168947467,-7.225050516838919
1772919174.2426414,1.3597992649620654,-4.653493143354354,0.41494670561001407,0.01795938491157329,-0.0014521327640140333,-0.002262529500813187,-0.11274152318404351,1.0540288627623673,-7.266113216496848
1772919174.2677903,1.360491311412443,-4.6535490852288115,0.4148595006366689,0.017959307405735973,-0.0014515278204213211,-0.0022634444744495785,-0.06375688662522797,1.1349238322074302,-7.198704703637622
1772919174.3014789,1.3611286663333828,-4.653600597192948,0.41477917197253705,0.017959302512692194,-0.0014514849445060834,-0.0022635101727294994,-0.05957453155880187,1.1418206750798252,-7.19295216119197
1772919174.324449,1.3613648778436633,-4.6536196879928635,0.4147494009301451,0.017959302512692194,-0.0014514849445060834,-0.0022635101727294994,-0.05957453155880187,1.1418206750798252,-7.19295216119197
1772919174.349797,1.3330513249640326,-4.637938183732176,0.42781980708644984,0.0074827316217750545,0.004279079431386762,0.002485056388008254,-0.08445926542845542,1.103293840428536,-7.224932276647884
1772919174.37154,1.3332079764717597,-4.637848774698085,0.4278737380518864,0.007482496168363374,0.004278933480265197,0.0024855906983873573,-0.06265672953946183,1.1370845890762957,-7.19688301260396
1772919174.3879437,1.333330119807613,-4.637778928600998,0.4279143427549061,0.007482492128015745,0.004278935136348219,0.0024855932709495626,-0.05959576781972947,1.141825695875082,-7.192945716930932
1772919174.4102633,1.3581904653715826,-4.656527216587445,0.4198371001773247,0.01635995712092355,-0.0025360881760061156,-0.0004348704005101684,-0.08692840311976813,1.0556709412890246,-7.267072726436957
1772919174.4567683,1.3306729601290481,-4.640538734252767,0.432194352377586,0.00632841267240903,0.003216687254056348,0.003959815890521736,-0.33979081317926757,0.6396864707499578,-7.6115438090203975
1772919174.5005748,1.3309491749879339,-4.640406623845866,0.4324710189534173,0.00631860711928336,0.0032097683939386976,0.00398718394352157,-0.08025457865894797,1.1050138983157671,-7.223781274696186
1772919174.5393987,1.3556507509288191,-4.659794659592823,0.42585955523374674,0.014861877454541395,-0.003646755835532287,0.0016214342857912667,-0.06158341668552031,1.1338592436849098,-7.199853660581402
1772919174.5600655,1.3281125692559448,-4.643227981064565,0.43515321774136617,0.005129764203168994,0.002187074246400072,0.004846325459853943,-0.0760528356547044,1.1178727676612383,-7.212739778451369
1772919174.5743062,1.3282031004634698,-4.6431893830969715,0.43523874675957497,0.005129764203168994,0.002187074246400072,0.004846325459853943,-0.0760528356547044,1.1178727676612383,-7.212739778451369
1772919174.5915234,1.3282681341321814,-4.6431618136855155,0.43530143833804713,0.005129658530921575,0.002186969839877504,0.004846607541936011,-0.061875608383385156,1.1385400839498958,-7.195659527543195
1772919174.6191158,1.35140570483343,-4.661491819917011,0.42612458430312883,0.013038146193615112,-0.004191720383331227,0.001628856131474655,-0.06512733237652452,1.1132015524116683,-7.217913705291625
1772919174.6637695,1.3255817492825912,-4.645467398748683,0.4366626686035369,0.0040278863968933425,0.0013609516068991499,0.0051948758897491796,-0.24394842367798292,0.8030341428159494,-7.476399326826911
1772919174.6953588,1.3256682342182995,-4.64544458282159,0.4368346714330792,0.004024237806698415,0.0013570477225284317,0.005207857400495156,-0.06865764524134507,1.1251605096291586,-7.206938240426907
1772919174.7232952,1.3257714416244932,-4.645409779367556,0.4369682344777974,0.004024237806698415,0.0013570477225284317,0.005207857400495156,-0.06865764524134507,1.1251605096291586,-7.206938240426907
1772919174.772101,1.323737643635013,-4.646503726598694,0.4383438874721096,0.003228681781523539,0.0009903394845977229,0.005606502984650458,-0.20996550133928701,0.8522491004839943,-7.436076839998811
1772919174.8062823,1.3238593518687216,-4.646470581781926,0.43859826063086793,0.0032267152864500254,0.0009877324538759822,0.005614854236208058,-0.06820761279700584,1.1251847391288223,-7.206960038567863
1772919174.8550558,1.321086123399395,-4.646773626819532,0.43841426703589925,0.0021940051226406136,0.0008981345137657202,0.005482224842223582,-0.0914874933935461,1.0746831249361688,-7.249729067537877
1772919174.8694482,1.3211137986058235,-4.646762297740209,0.4384834198845548,0.0021940051226406136,0.0008981345137657202,0.005482224842223582,-0.0914874933935461,1.0746831249361688,-7.249729067537877
1772919174.88563,1.3211406408602602,-4.646751483562757,0.4385534293150519,0.002193942486910209,0.0008979674778208105,0.005482698734869426,-0.06366635341205852,1.1330744193210869,-7.200358886198164
1772919174.9038033,1.3211900230386622,-4.646731274627965,0.4386768802964542,0.00219395599563369,0.0008979545813688569,0.0054827018130762135,-0.05968436049635164,1.141421182151251,-7.193297594639442
1772919174.9377449,1.3196308700661072,-4.642187645506687,0.42648158316594326,0.0016605587528526527,0.0023840526647519794,0.0014423987624240385,-0.09899915273208527,1.0579217786842223,-7.2639392308838575
1772919175.0067563,1.3197553000059619,-4.642009004930464,0.4265896669406631,0.0016605843545548949,0.0023840221561091004,0.0014424180753489363,-0.0616692099099756,1.1372007774744373,-7.19687106345376
1772919175.0365846,1.3444057279411747,-4.653166601935323,0.4065760558834384,0.009611368224779065,-0.0012598089116796537,-0.005020572757793696,-0.07694850084085524,1.1064577187496845,-7.22281662450084
1772919175.055645,1.3192011593826585,-4.638169442538504,0.41838804909839244,0.001393972261588947,0.0036156088229645405,-0.0011775849380447241,-0.21639062250006738,0.8507847750047193,-7.436765780295769
1772919175.0743482,1.3192072336638931,-4.638118070757166,0.41842772257767036,0.0013872451966583485,0.0036111382804793627,-0.0011584534378828576,-0.07791403574436863,1.1078723542842923,-7.221466596979798
1772919175.0911222,1.3192257540646501,-4.6380693337710985,0.41841291622969523,0.0013871198748724952,0.0036110881156057634,-0.001158159443149312,-0.06149996270864847,1.1381915835701701,-7.1960045946873255
1772919175.1078162,1.3192531759727106,-4.637997946338695,0.41839002062972264,0.0013871198748724952,0.0036110881156057634,-0.001158159443149312,-0.06149996270864847,1.1381915835701701,-7.1960045946873255
1772919175.1411183,1.3192472833595656,-4.63740657611777,0.4151415913396764,0.0013718720339313155,0.0037644366938608185,-0.0021835738998203383,-0.3361904490531979,0.6160343339848806,-7.633002028737519
1772919175.1686447,1.3192896777465049,-4.637290087187663,0.41507413155085526,0.001370831630203785,0.003765050723515322,-0.002183063780271037,-0.08009087728666851,1.1030788453547844,-7.225530853628808
1772919175.186212,1.319320249259647,-4.637206121151909,0.4150254460948314,0.001370831630203785,0.003765050723515322,-0.002183063780271037,-0.08009087728666851,1.1030788453547844,-7.225530853628808
1772919175.250747,1.344586561386311,-4.651895018676555,0.4048677123866258,0.009308949161213916,-0.0009416770341736249,-0.005335994301262706,-0.07951625651572627,1.1098709939380504,-7.219540661841189
1772919175.300277,1.3180573213451723,-4.637807784376269,0.4181759230213569,0.00088806949308794,0.0034744405158243937,-0.001114331913540655,-0.07900655495957418,1.111067560589271,-7.218522756466032
1772919175.319617,1.3180772174633029,-4.6377293761755105,0.41815122199565025,0.0008879644306453786,0.0034744195973457413,-0.0011141569782062623,-0.06099973302454976,1.1395892813530866,-7.194806773867999
1772919175.3480148,1.3201187712270563,-4.638348861983527,0.41704414389086636,0.001519190810231307,0.003257844305136867,-0.0014507174925597408,-0.3383838875038599,0.7520046776247808,-7.5124377272314975
1772919175.3807251,1.3201759607478745,-4.638225929427673,0.4169897476394706,0.0015183873235437469,0.003258235446588811,-0.0014503319527990242,-0.08023862949270942,1.1131789032921964,-7.216529885756672
1772919175.4060283,1.3202168604756068,-4.638138159167275,0.4169506815625903,0.0015183357182391433,0.003258266093793064,-0.0014503149827713514,-0.06092449800704315,1.1400418951925906,-7.194410847442135
1772919175.4285884,1.3486981389303154,-4.650676697020417,0.40235510873105723,0.010328990038671592,-0.0006534847911353514,-0.005944359139360985,-0.3683487218413079,0.7301245556197509,-7.52886278956418
1772919175.4629605,1.3228138040436377,-4.637417990353686,0.41283427708070985,0.002263494004488241,0.0034479750451068374,-0.002677183282504451,-0.10186224922594796,1.0869764192238016,-7.2378242592406234
1772919175.4896958,1.322881326180765,-4.637315134042449,0.41275441420660564,0.002263494004488241,0.0034479750451068374,-0.002677183282504451,-0.10186224922594796,1.0869764192238016,-7.2378242592406234
1772919175.529339,1.3500343438393418,-4.650328857347677,0.4011256956268284,0.010539989552162593,-0.0005805325743466314,-0.0061884987219851355,-0.09363192618340298,1.0989933513654344,-7.227906694661139
1772919175.5707614,1.324374870310335,-4.636423103378371,0.41721327739261727,0.0027019502017897805,0.0038822269477776033,-0.0010477555807018924,-23.796486579699593,-24.1320710631322,88.80227173421044
1772919175.604718,1.3244449441182413,-4.636353187852326,0.41683064831824457,0.0026759336116564877,0.003811286618790755,-0.001342054377617312,-0.47130350917139746,-5.806469142065386,9.048589349839691
1772919175.643902,1.3265673563033522,-4.63715848253444,0.414373091214494,0.003287006490646357,0.0035125179607219657,-0.002115079080026134,-0.06868547779319699,0.5661923958729441,-6.039048151641103
1772919175.6942575,1.3267598414895014,-4.6369527915279125,0.4142492334151262,0.003287006490646357,0.0035125179607219657,-0.002115079080026134,-0.06868547779319699,0.5661923958729441,-6.039048151641103
1772919175.730797,1.3543266145471202,-4.648730063079865,0.4015250195265118,0.011545407526139098,-7.612033967263924e-05,-0.005912179967154653,-0.3548888983595718,0.754332733513251,-7.4085491940856745
1772919175.7749333,1.3290320600527672,-4.636551759069919,0.41199145606005255,0.00385151394866819,0.0035659920722305037,-0.0027259773965640334,-0.10051359688726456,1.0912615479555665,-7.228764947936733
1772919175.8107858,1.329186545109056,-4.636408702873851,0.41188234566765375,0.0038513202750257423,0.003566076490391131,-0.0027259109916730816,-0.06265131356141745,1.1381671636623885,-7.195470221482194
1772919175.8487487,1.3562406934578826,-4.649828314990467,0.40245039811487116,0.011892289415402215,-0.0004672384169475026,-0.005510650468050179,-0.31004802310063007,0.8621428153663391,-7.4172193714332355
1772919175.8693273,1.329819346647528,-4.637482692292155,0.41376749349745473,0.003916493971240971,0.003220918397965301,-0.0021014664690133383,-0.20325027535999302,0.9712907509407634,-7.331062767868871
1772919175.8840969,1.3298876177922003,-4.63742736923062,0.41374620395742995,0.00391323331532412,0.0032187182001042745,-0.0020956525656951426,-0.07708619454920014,1.121235411440281,-7.209649858044523
1772919175.9002478,1.3299364746170252,-4.637387183445978,0.41372003967790816,0.00391323331532412,0.0032187182001042745,-0.0020956525656951426,-0.07708619454920014,1.121235411440281,-7.209649858044523
1772919175.9270613,1.3561873493234005,-4.6507358772955785,0.4032774119808883,0.01165467876814911,-0.0007568572400329342,-0.005163927167437955,-0.08884866414937576,1.104870874639936,-7.223122461873287
1772919175.9471953,1.3295868507423887,-4.6393540852865405,0.41805686096492917,0.0037111988398461845,0.002611659523638462,-0.0007699839243957675,-0.38540322261684323,0.6993534953234635,-7.554406407500168
1772919175.9683902,1.3296300930632294,-4.639328965277813,0.4181143419581085,0.003701313387708893,0.002605072544765308,-0.0007498195197623757,-0.0873694807792421,1.1044095394319455,-7.223671163747062
1772919175.9887626,1.3297003760686392,-4.639279549774425,0.4181007660217921,0.0037011857071220233,0.002605044701741697,-0.0007496375667057905,-0.062437885774716304,1.138070457653712,-7.196025947348684
1772919176.013139,1.354351921885291,-4.652836986632805,0.4087807093118148,0.010951492684916053,-0.0014161516177422194,-0.0034885870329681443,-0.3016924619470504,0.8086049302498913,-7.465904953401843
1772919176.064626,1.3276541169483005,-4.641443770141598,0.4241418124914582,0.0029655055559169117,0.0019381889804626123,0.0010437869782163735,-0.1142225752077575,1.066750716685394,-7.254661831191435
1772919176.1083784,1.3277664890680578,-4.641370396668216,0.4241823003287201,0.0029653838705297857,0.0019381773915288169,0.001043942779637198,-0.06339938184521476,1.1366689177811962,-7.197184412036938
1772919176.1423428,1.3260714975562513,-4.6446968235711745,0.43099446934179036,0.0023934583056186374,0.0009709063954448567,0.003030585737539177,-0.1940749015882811,0.9649644031835919,-7.337576388756231
1772919176.16465,1.3261204230238488,-4.644679839485418,0.4310776497797808,0.0023918254418069636,0.0009694507272922069,0.0030343106345861208,-0.0740639856402991,1.1229270995735465,-7.20842784348566
1772919176.1972744,1.32619589008278,-4.644649251302063,0.43117338858056165,0.0023918254418069636,0.0009694507272922069,0.0030343106345861208,-0.0740639856402991,1.1229270995735465,-7.20842784348566
1772919176.229792,1.3522403221777666,-4.659230588305982,0.42257569106130616,0.00992250350458537,-0.0032751895723117496,0.0005124591306651942,-0.2196103011632786,0.9362188572688677,-7.36066334678604
1772919176.2673368,1.3525878113223473,-4.659329567351593,0.42256420933563155,0.009926537820157932,-0.0032712797899262405,0.0005030668648915589,-0.07034635814405749,1.1281510092665814,-7.204123334460285
1772919176.2929828,1.3528764890672837,-4.659424520322312,0.4225785016362795,0.009926593243977655,-0.003271212312423066,0.0005029197184700199,-0.05942727734850748,1.1421485087182044,-7.19267394057476
1772919176.312115,1.3529983685731275,-4.6594646845287375,0.42258467652480974,0.009926593243977655,-0.003271212312423066,0.0005029197184700199,-0.05942727734850748,1.1421485087182044,-7.19267394057476
1772919176.3467026,1.376760794612227,-4.6746061527258185,0.4171265686565819,0.01659987016347215,-0.0075653674071207285,-0.0010618054969383393,-0.07346002454919538,1.1239778341168742,-7.207548928687553
1772919176.38001,1.377196122895914,-4.674804274899893,0.4170982705807808,0.016599968093071522,-0.007565201183891581,-0.0010621305416223866,-0.06036810832581553,1.1409278232015028,-7.193673655508092
1772919176.3987906,1.3775112993926313,-4.6749479096085205,0.4170781002673822,0.016599971219838708,-0.007565193170572079,-0.0010621445111637321,-0.05931806084804513,1.1422869386342094,-7.192560798936338
1772919176.4171913,1.4000880693404805,-4.688262940804238,0.41106187597171495,0.022969724864900815,-0.011336553176358009,-0.002774611708906167,-0.07140351919144754,1.1279361155375072,-7.204216665004686
1772919176.449572,1.400967049598899,-4.68869648541554,0.41095532234991905,0.022969809298684623,-0.01133640713142579,-0.002774871095411569,-0.060575762055663285,1.140805394122146,-7.193763452965936
1772919176.478349,1.3658335130279542,-4.674150758965302,0.429677945260245,0.012838602797970236,-0.007126506105475618,0.0025412093205339947,-0.07720816699895446,1.1194647457423208,-7.211217594653561
1772919176.5013561,1.3660764156227667,-4.674285590368081,0.42972602419434963,0.012838602797970236,-0.007126506105475618,0.0025412093205339947,-0.07720816699895446,1.1194647457423208,-7.211217594653561
1772919176.5184536,1.3663202325868176,-4.674421116306357,0.4297745972302668,0.012838633973681495,-0.007126469762148638,0.0025411283749688586,-0.06095419954008439,1.140202484099032,-7.194265154436248
1772919176.5338054,1.3665501358366763,-4.674548731016902,0.4298201015785418,0.012838633973681495,-0.007126469762148638,0.0025411283749688586,-0.06095419954008439,1.140202484099032,-7.194265154436248
1772919176.5559762,1.333270009145385,-4.661188256209423,0.44962044686132013,0.0033757519931045935,-0.003314579978791827,0.008102892894684998,-0.09913083622610495,1.0878134830388555,-7.237338994048713
1772919176.5772696,1.3333320140905367,-4.661250525309772,0.44977283874486146,0.003375743327236873,-0.003314827375191183,0.008103246238208146,-0.06317910684763603,1.1370000332630568,-7.196910090671305
1772919176.6002505,1.33343159244358,-4.6613483215192915,0.4500119073452203,0.003375760972173654,-0.003314837235182985,0.008103239672558622,-0.05962263965194574,1.1418617306550984,-7.192911169798868
1772919176.6348631,1.3600753610900784,-4.676281351966052,0.4417111931832422,0.010803441556317158,-0.007466861145022449,0.005704996285079604,-0.07041782531170626,1.128639749592623,-7.203681674174199
1772919176.6583104,1.3301286737710858,-4.661559019199504,0.45469336101742924,0.0023320888014091105,-0.0032879809954750134,0.00931124127573856,-0.31338815403954196,0.8161023679332121,-7.458122469357189
1772919176.6875067,1.3301724603924587,-4.661677546828573,0.4550216504554801,0.002327157099015463,-0.0032945519638005586,0.009325008790424154,-0.07722859172433359,1.1193977062638634,-7.211275368902734
1772919176.7174327,1.3536643452011,-4.678226639204694,0.4502236073851131,0.008890363758603987,-0.007910057031502101,0.007909729889078612,-0.0993334338231502,1.0788411747083413,-7.245301937349744
1772919176.7540798,1.3232640230316715,-4.664149453761998,0.47807203096518136,0.0006701535818530473,-0.0040786225180821116,0.015268645322406333,76.60276545317456,70.25644855258533,96.8176250172223
1772919176.7746556,1.3233100265622932,-4.664358000032335,0.47710992481727443,0.00032149585589572277,-0.00395038485418138,0.014981188379935286,0.13216793579158712,19.849112896306938,0.8916578048274892
1772919176.7948754,1.3233173844819135,-4.664448410573227,0.4774527920048114,0.00032149585589572277,-0.00395038485418138,0.014981188379935286,0.13216793579158712,19.849112896306938,0.8916578048274892
1772919176.8188016,1.3481377426977657,-4.680799776260456,0.4685732249464903,0.007143242563156643,-0.008442984773139064,0.012416767249540864,-0.27559928891592667,3.1168367354618858,-6.426957361208112
1772919176.8584166,1.3484163234133941,-4.681091039243014,0.4692675470985515,0.007134394698504801,-0.0084305023027084,0.012488478155488661,-0.07633630879441249,1.290427603789298,-7.1346449246888906
1772919176.9102256,1.3191187803364606,-4.6683852360518205,0.4817380018543776,-0.0010023262195285767,-0.004821625194683453,0.015714486972262597,-0.07174754648206771,1.1420628888685282,-7.197550085063557
1772919176.935016,1.3165259987634508,-4.672272594382557,0.485640800605899,-0.001722575080398678,-0.005874202948443912,0.01672280475968098,-0.629664378907098,0.43241499272547684,-7.7713315716143185
1772919176.96089,1.3164715666429299,-4.672455514246854,0.486160402794702,-0.0017140673400504011,-0.005880836777734013,0.01672231412922661,-0.09580357992331393,1.0973232391190142,-7.229572069776088
1772919176.9888546,1.3164225544099286,-4.672623682057819,0.4866385659641449,-0.0017137487836902917,-0.005881067395691372,0.016722273569494156,-0.06386422655070358,1.1366943508961105,-7.197167577446068
1772919177.0157506,1.3163855858243805,-4.672750549742996,0.48699930091787225,-0.00171369323087729,-0.005881106805742205,0.016722265487246115,-0.059588241068027854,1.14196179568223,-7.1928293706495605
1772919177.033846,1.3138904531217184,-4.676061575988813,0.4894447712196647,-0.002393750377743954,-0.006752373503008007,0.01727617428620719,-0.39815785844778345,0.7172579402367487,-7.537308893673779
1772919177.0667715,1.3138154134690698,-4.676273705030006,0.4899872585665578,-0.0023893384334628958,-0.006755494527979591,0.01727555589170388,-0.08636781020168534,1.1085563304207195,-7.220074186469678
1772919177.0963075,1.313729894578161,-4.676515527062548,0.4906056436853738,-0.002388995015641899,-0.006755737811672431,0.01727550820038882,-0.061454177685631495,1.13962983656764,-7.194728719354019
1772919177.1425686,1.3103463470505043,-4.679706901698516,0.49540349889958696,-0.003312897737761263,-0.007536309761215583,0.01838976238914607,-0.10509466390685655,1.0804359670972141,-7.243342439413886
1772919177.1953113,1.3101917211817211,-4.680058461414557,0.496261350019118,-0.003312021296411467,-0.007537030783219442,0.018389761292796392,-0.062213069848839786,1.138372431135269,-7.195777648158148
1772919177.2373123,1.3355040623594074,-4.6952019673853025,0.48695133283649555,0.003669931121639689,-0.011619321970960793,0.01564851359643076,-0.16416453623668756,0.9797307140345732,-7.327301496547077
1772919177.2691593,1.307780471840527,-4.681691126605152,0.49901739962929603,-0.003951976201456853,-0.007810981133396165,0.01879970345577231,-0.09155917788677048,1.0994007647568096,-7.227725574031566
1772919177.3005056,1.3076545360636225,-4.6819397518016155,0.4996158437487797,-0.003951633257301873,-0.00781134614625602,0.018799815810912248,-0.06247081425412299,1.138091834061136,-7.196002633328382
1772919177.3277793,1.3306810407427512,-4.698705711500221,0.49260120085029974,0.002380465535789389,-0.012328291285109998,0.016711551694957097,-0.07080879340671037,1.1162956951841827,-7.214631628566181
1772919177.366841,1.304992350334168,-4.685072682202226,0.5035009471260113,-0.004632221138665955,-0.008507816108149022,0.01952905627346648,-0.07203229887739451,1.1236930319584657,-7.207932726285658
1772919177.392098,1.3048130067725705,-4.685401991155885,0.5042568970768369,-0.004632092400123723,-0.008507955322402762,0.019529104800014553,-0.06078971031972985,1.1401173045644493,-7.194355960549819
1772919177.442716,1.3021844433494503,-4.68800286616948,0.5062594615738341,-0.005335806463793912,-0.009082803604314228,0.01984662648980265,-0.08797446226835301,1.1005636319770826,-7.227033497770363
1772919177.458382,1.302122073386877,-4.688109034585577,0.5064914477524505,-0.005335806463793912,-0.009082803604314228,0.01984662648980265,-0.08797446226835301,1.1005636319770826,-7.227033497770363
1772919177.4915648,1.301951064328379,-4.688399867536486,0.5071271406396202,-0.00533551820741648,-0.009083170421202987,0.01984681660972202,-0.059659108204878734,1.1417713443974096,-7.19298823084613
1772919177.5090048,1.3231583038168755,-4.70663642008311,0.5030989319960988,0.00048036189777257796,-0.01398387640127036,0.018597612783357424,-0.08262611936002281,1.0100224284471617,-7.308084305363069
1772919177.552248,1.323175194078162,-4.7070411048085585,0.5036163618479312,0.0004824413960308045,-0.013984654603113404,0.018591108392840068,-0.06106242950770578,1.1319520043259266,-7.201599257153602
1772919177.6005464,1.2979908061087901,-4.692150632321655,0.5105377389952688,-0.0063231752564644715,-0.009748045513832421,0.020172101336321392,-0.07851618980422323,1.1187088500943008,-7.21176868673576
1772919177.630421,1.3198707772762341,-4.710284788683358,0.5068708496870556,-0.0003341848469977102,-0.01460986984168914,0.019033926498250104,-0.07770750842943037,1.0831566050766706,-7.243479339528348
1772919177.6723158,1.3198563380305308,-4.710949089792298,0.5077331650894438,-0.0003330961836832827,-0.014610387454716057,0.0190325004479229,-0.06038704451709942,1.1386353109022964,-7.195712606697766
1772919177.7042623,1.29438750604334,-4.6952078602505445,0.5153468155822885,-0.0072196704584888294,-0.010258155807155406,0.020970044374409958,-0.13137933905982058,1.0381330800285822,-7.278496160323102
1772919177.731176,1.3153936123779817,-4.712736633535497,0.5133600827031007,-0.001480980957859963,-0.014936814616835185,0.02028617666896029,-0.19842880535329083,0.8596163752401975,-7.430753581544516
1772919177.7632377,1.315342787189459,-4.713358613668972,0.514178001354803,-0.0014716463039765152,-0.014938910614890647,0.020274058366077343,-0.06571159148885337,1.1292759256337284,-7.2035548000363345
1772919177.7967024,1.3152931241404808,-4.713863206017172,0.5148626948780957,-0.001471444799553956,-0.014939027414148232,0.020273946082980936,-0.05970328904660274,1.1414196314865586,-7.193297566728486
1772919177.8327458,1.315246865746149,-4.714332850152831,0.5155000549699273,-0.001471444799553956,-0.014939027414148232,0.020273946082980936,-0.05970328904660274,1.1414196314865586,-7.193297566728486
1772919177.8721926,1.3068296251352196,-4.716609528241013,0.5244171828284512,-0.003742152086386375,-0.015358858889306715,0.022435584605721568,-0.15747759059646463,0.9788326842790489,-7.32871238116923
1772919177.895272,1.306740728179953,-4.7169564622921865,0.5249329383899961,-0.0037414155922076368,-0.015361471537774367,0.022438984534166054,-0.06869373415267817,1.1266724770841186,-7.20559016030161
1772919177.9132361,1.327570432702546,-4.73311187618471,0.5198966206849356,0.0019007212818829167,-0.01966603410536984,0.020987903158731596,-0.06770206111934059,1.1212607365456475,-7.210500965982662
1772919177.9789248,1.3003010826267023,-4.717961551940697,0.5313879178725842,-0.005431474656551122,-0.015282809098823725,0.023715883118809625,-0.26786729300442735,0.8095647509080166,-7.468316380889389
1772919178.0146432,1.300071118291163,-4.718582110062118,0.5323704560516238,-0.005427102599320465,-0.015291278030131281,0.02372372277953813,-0.0700847794717532,1.1251633371715115,-7.206805263492826
1772919178.051728,1.3221984940308078,-4.734956120322528,0.5270315011237001,0.0005471435914205063,-0.019500122489844007,0.02203398727918839,-0.06755969526372668,1.1263442065414646,-7.205989209981182
1772919178.1354327,1.3139639177151408,-4.73297808515637,0.528971049406426,-0.0016649423314141763,-0.018518488362376732,0.022039744460332442,-0.08768699086437559,1.0928436973165436,-7.2339302617831365
1772919178.1710446,1.313892998157222,-4.733767266294391,0.5299102542038113,-0.001663832147881771,-0.01851915131140305,0.022039264530044126,-0.060844962894926,1.1395763248583717,-7.194832616616388
1772919178.2036376,1.3138694840499,-4.734028988194648,0.5302217241030563,-0.001663832147881771,-0.01851915131140305,0.022039264530044126,-0.060844962894926,1.1395763248583717,-7.194832616616388
1772919178.2234473,1.334441027839045,-4.749606348526847,0.5234625794010612,0.003862391893967184,-0.022578800143652423,0.020086206782205435,-0.10248601000789839,1.024305165387533,-7.293507726771343
1772919178.245412,1.3345247723127958,-4.7500959026135,0.5238980890186237,0.003862391893967184,-0.022578800143652423,0.020086206782205435,-0.10248601000789839,1.024305165387533,-7.293507726771343
1772919178.2664008,1.3059568308206497,-4.732038265392768,0.5312395857028963,-0.0037865681880578823,-0.017630738465730537,0.02193374519235603,-0.12108952523056021,1.0536732925764853,-7.2656437362832165
1772919178.2866294,1.305875266916428,-4.732406756652206,0.5317022093080087,-0.0037863286399028983,-0.017632017256626577,0.02193532617609474,-0.06605169896489577,1.1326240359516477,-7.2005390227405295
1772919178.3064256,1.305824469891235,-4.732643162747372,0.5319963672640453,-0.003786234828248516,-0.017632089288915066,0.021935317974771502,-0.06000413118722193,1.141287379767464,-7.193387147993518
1772919178.3313293,1.3269822256291242,-4.746987557017682,0.5242294389645523,0.001879733490644242,-0.021346268819373748,0.019725340450738052,-0.11263685571756782,1.0365604228126633,-7.281656072830212
1772919178.3518226,1.3005502167015708,-4.729423355443467,0.5290277193811622,-0.005186529728404146,-0.016511454495828203,0.020869799294268396,-0.07998284058520755,1.1137283221293626,-7.21605494852083
1772919178.3850293,1.3003803736705288,-4.729963493763538,0.5297107523824759,-0.0051862276523298575,-0.016511741336654336,0.020869852396362007,-0.06134754869512782,1.1394737462875546,-7.194876477621279
1772919178.406027,1.3002236568347105,-4.730462443680433,0.5303413952024222,-0.0051862276523298575,-0.016511741336654336,0.020869852396362007,-0.06134754869512782,1.1394737462875546,-7.194876477621279
1772919178.4409063,1.3219593742178062,-4.744717198227461,0.5246661983893282,0.000619740090989849,-0.020192682432691778,0.019229315227754465,-0.07505735951879776,1.1197804192145904,-7.211135563978918
1772919178.459524,1.2959683790593572,-4.726775853612558,0.529261645264988,-0.0063143768636101496,-0.015311983140547623,0.02036446293846643,-0.07244921096952021,1.1245335073490998,-7.207147878912164
1772919178.4809878,1.2958097331829765,-4.727160560296515,0.5297732932295741,-0.0063143768636101496,-0.015311983140547623,0.02036446293846643,-0.07244921096952021,1.1245335073490998,-7.207147878912164
1772919178.4981258,1.2957055863761713,-4.727412856392165,0.5301090389464415,-0.006314207622178962,-0.015312164757807036,0.020364521146463806,-0.06054765073092432,1.1406186266454155,-7.193932288380969
1772919178.526422,1.319326233990548,-4.7409653923193,0.5217270685295553,3.7022600883490804e-05,-0.01881526884999225,0.017976151370287317,-0.1607502295550526,1.0047232778698854,-7.305421782123639
1772919178.5544283,1.2936399581148208,-4.7237421704081495,0.5289057041717179,-0.0067960573812758706,-0.014065708109531103,0.01972617574137665,-0.08426820757073637,1.1027219629725382,-7.225469261124729
1772919178.5725486,1.293516869923067,-4.723996924375017,0.5292629788629108,-0.0067960573812758706,-0.014065708109531103,0.01972617574137665,-0.08426820757073637,1.1027219629725382,-7.225469261124729
1772919178.5874388,1.2934317485433942,-4.724172793307033,0.5295100195729594,-0.006795727849366739,-0.014066048399983504,0.019726282073973124,-0.06190212239730407,1.138159883953212,-7.195996771919484
1772919178.6059918,1.293296591226741,-4.724452544460929,0.5299023481913717,-0.0067956910741789256,-0.014066076423472332,0.019726277790978124,-0.059518513256600486,1.1419341848566151,-7.192856416118312
1772919178.6374006,1.3170159870405695,-4.737858146884453,0.5226623174209365,-0.00045356680694338876,-0.017511556067431305,0.017653836632238774,-0.07153861936505371,1.1277925645835225,-7.204331744911288
1772919178.6579869,1.2916180058745301,-4.721373467730303,0.5306493338139822,-0.007225752977479837,-0.013041998478692706,0.019711453132842574,-0.1993925531190279,0.913173497549312,-7.383059543020728
1772919178.6941044,1.2913085994048847,-4.7219163911882545,0.5314946070362404,-0.007227661144420576,-0.013047048891764534,0.01972255797462844,-0.07321540405764913,1.1195958489938587,-7.211472617019513
1772919178.720154,1.3144375999953068,-4.735534830082779,0.5254305461416409,-0.0010273937505389371,-0.01656171644190832,0.01795684199757152,-0.14221780045151586,1.04661676294529,-7.269940016748624
1772919178.7488596,1.289183855050337,-4.719203007001233,0.5336719670392469,-0.007738070940567513,-0.012089265503673651,0.0200120331081183,-0.11145523581223098,1.056065124721634,-7.2644276709817985
1772919178.7690475,1.2890397051276195,-4.719426412368412,0.5340453880384797,-0.007738000318249133,-0.012090349041793505,0.020013768722279557,-0.06564767308718915,1.1317941783770653,-7.201316009496608
1772919178.790953,1.2889462118010278,-4.71957245809687,0.5342872148312309,-0.007737944338188359,-0.01209041297789744,0.020013797762659172,-0.06021455973688535,1.1407635869774784,-7.19383410643824
1772919178.8307045,1.3131777802030271,-4.732614828149799,0.5261698249940531,-0.0012138700786305976,-0.015408375926987062,0.01762138278756766,-0.07833719233320224,1.1197975249283338,-7.210816657124072
1772919178.8729918,1.2882936151322626,-4.71800264069031,0.5342627971110948,-0.007753150044711307,-0.011380174143519849,0.019547183494308742,-0.10058571695931594,1.0890856834232499,-7.236073806992298
1772919178.8964837,1.2880901429863278,-4.718301295801699,0.5347758279412447,-0.00775212454159397,-0.011381018451082775,0.019547187788427633,-0.0615069774006719,1.1394678713938997,-7.194868075258461
1772919178.9180005,1.2879504207919015,-4.718506424197696,0.5351281411629953,-0.00775212454159397,-0.011381018451082775,0.019547187788427633,-0.0615069774006719,1.1394678713938997,-7.194868075258461
1772919178.9360602,1.3108317951101518,-4.732251405907596,0.5285808182259455,-0.001648617342235551,-0.014970712454954701,0.01771773493624022,-0.07476214858043151,1.122639872570162,-7.2086186975385
1772919178.9613974,1.2856178788701793,-4.716517649098188,0.5369318205829583,-0.008309294555531662,-0.010679829753443245,0.019779968253534074,-0.07149617351948809,1.1233416119254,-7.208297943292092
1772919178.98429,1.2854941914845535,-4.716676622909058,0.5372262538281264,-0.008309294555531662,-0.010679829753443245,0.019779968253534074,-0.07149617351948809,1.1233416119254,-7.208297943292092
1772919179.0186975,1.285145003493761,-4.717125411588692,0.5380575256760424,-0.008309074568525272,-0.01068004340782117,0.019780016854738836,-0.06015923964744716,1.1409492693773282,-7.1936739303658905
1772919179.0811074,1.3090764375546993,-4.730479178267313,0.5295556254180852,-0.00187382546684253,-0.014078835491367203,0.017283026119681168,-0.07637551689076597,1.1200981966638788,-7.210730871560778
1772919179.1038027,1.2825356845807439,-4.714197245270773,0.538628235167982,-0.008875529353796147,-0.009637590581175554,0.019517337906607132,-0.17610688529763013,0.9634233535530837,-7.3406606021573335
1772919179.1186934,1.3053168387520966,-4.727154423432917,0.5313792787748524,-0.0028002701395908854,-0.013049405346788619,0.017534684877378737,-0.12795656478109935,1.0534205733479858,-7.265227572858021
1772919179.1346557,1.3052590304349445,-4.727438249213328,0.5317566066418662,-0.002798630149288707,-0.01304894276005611,0.01753230094759064,-0.06997675110258421,1.1285027034473072,-7.203844059294755
1772919179.1768546,1.280015932319148,-4.71362508926977,0.5427103504940523,-0.009421382816494366,-0.009267775096295445,0.02023033762470177,-0.07547060009630856,1.1178064709990818,-7.212855178693927
1772919179.2055175,1.2797662163831804,-4.713870733797497,0.5432465602833464,-0.009421382816494366,-0.009267775096295445,0.02023033762470177,-0.07547060009630856,1.1178064709990818,-7.212855178693927
1772919179.22224,1.3013836919908903,-4.72806183339482,0.5373169870843941,-0.0036525130199437893,-0.013003264948884161,0.01858868716904986,-0.07626687267793185,1.116580716145297,-7.2138709920701665
1772919179.2430177,1.3012799843368774,-4.728431041689218,0.5378447851037196,-0.0036525130199437893,-0.013003264948884161,0.01858868716904986,-0.07626687267793185,1.116580716145297,-7.2138709920701665
1772919179.2759855,1.2761052939394126,-4.714657284393522,0.5481096778725452,-0.010261364124978472,-0.009267142358168685,0.02114628432783902,-0.06281939725840537,1.1372060738691645,-7.19676003887771
1772919179.2908115,1.27597468265169,-4.71477524077653,0.5483788373520226,-0.010261364124978472,-0.009267142358168685,0.02114628432783902,-0.06281939725840537,1.1372060738691645,-7.19676003887771
1772919179.3144069,1.2970914863670804,-4.729069793360832,0.5436076456045883,-0.004593816953526826,-0.012993012740584377,0.01973675858295965,-0.13951571015985706,1.0273244783308992,-7.28734012996611
1772919179.3384578,1.2969894336214547,-4.729369484866947,0.5440563631323694,-0.004590859771366099,-0.012992824695047327,0.019732904658025095,-0.0655837554211309,1.133304480996264,-7.199977139364281
1772919179.3623497,1.272195173820621,-4.713667307765234,0.5514037214884546,-0.011170805489777582,-0.008787678706850426,0.02163909226272403,-0.16290299695139304,0.9884794713751266,-7.319650469877913
1772919179.387537,1.2717736715408732,-4.713999495746535,0.5522249582421807,-0.011170868317035263,-0.008790997631393882,0.021644202322628325,-0.06897923674395648,1.1279523034459296,-7.204426737493062
1772919179.4033997,1.2715508619143714,-4.714174847426801,0.552656716721373,-0.011170741916875651,-0.008791147681878279,0.021644270871730775,-0.06022409250360475,1.1409221918611245,-7.1936919786446545
1772919179.418185,1.2943900628202816,-4.727587677193886,0.5461419566809146,-0.005077970717052817,-0.012321878056854071,0.019849286418157436,-0.1518048815571404,1.0288813328111868,-7.284800978533518
1772919179.4336994,1.2942994407030437,-4.727819731994949,0.546510266561397,-0.0050748749221644586,-0.012320782832660589,0.019844769076463313,-0.07057319058158405,1.1285137869933017,-7.203779257866069
1772919179.474741,1.2706630852762228,-4.711851986271415,0.5503858741133479,-0.01124479362893319,-0.007980893548952761,0.020649826762603886,-0.06679943237634393,1.1335015144933906,-7.199689262588035
1772919179.5080535,1.2703455394176404,-4.712077376291835,0.5509690289758787,-0.011244718908067835,-0.00798099307677433,0.020649873175416462,-0.059990859291533596,1.1415101261412524,-7.193190141329113
1772919179.540653,1.2930262794416036,-4.727096622457687,0.5452676232318856,-0.005155990988975302,-0.011861383772352595,0.0189438722376265,-0.06694163605921334,1.1313201422285015,-7.201617703887798
1772919179.5639799,1.2694296469488353,-4.710393928835808,0.5489804354093076,-0.01137785659779327,-0.0073641831724111356,0.01981474840992436,-0.0713776989173041,1.1258359134238214,-7.206088035873413
1772919179.5780926,1.2692824643971112,-4.7104891910024,0.5492367565544791,-0.01137785659779327,-0.0073641831724111356,0.01981474840992436,-0.0713776989173041,1.1258359134238214,-7.206088035873413
1772919179.605781,1.268948368498019,-4.710705473483971,0.5498186974313467,-0.011377724924005548,-0.007364384802015013,0.01981487808912683,-0.060265170234082156,1.1409874898459154,-7.19363003898101
1772919179.6430717,1.2913202386077687,-4.725985020221133,0.5450400132945499,-0.005369269085235645,-0.011314459570020315,0.01835456582051234,-0.17158068577563335,0.983904264822881,-7.32289097627052
1772919179.686002,1.2683691768575012,-4.709335491556863,0.5480978744753775,-0.011319251684694668,-0.006798425475322132,0.018916560182452368,-0.062250778383804405,1.1381866596812313,-7.195939724286662
1772919179.743542,1.2920524150166932,-4.7239247619179885,0.5421769901368794,-0.004958110669765635,-0.010585187155330555,0.017172166382894406,-0.07262511761483742,1.1260321920703806,-7.205797728459553
1772919179.7596977,1.2687650703684845,-4.706705334273217,0.5458696657970323,-0.011101737712006648,-0.005940388750742585,0.018029809594195662,-0.15068631377189087,0.994701283916919,-7.315285984827937
1772919179.7776468,1.2685488937784597,-4.70682405539552,0.5462321822156453,-0.011102863669024781,-0.005943890051702435,0.018037150794910407,-0.06705114568631099,1.1297879331705436,-7.2029721033517715
1772919179.793034,1.2684201030121993,-4.706893003207288,0.5464414091809833,-0.011102863669024781,-0.005943890051702435,0.018037150794910407,-0.06705114568631099,1.1297879331705436,-7.2029721033517715
1772919179.8314233,1.2925712475338322,-4.72173739383312,0.5388311978097904,-0.004611217433177423,-0.009775471068359328,0.015811117360635524,-0.0655836108408036,1.1333711769702695,-7.199917783326819
1772919179.8837001,1.2703743835491288,-4.705561966672586,0.5422255716605584,-0.010399453722989886,-0.005395046514068806,0.016510234327052238,-0.06440346325537073,1.1344167908401408,-7.199096385820851
1772919179.9124553,1.270034496063575,-4.705738310417609,0.5427652283084192,-0.010399400907384273,-0.005395120851165003,0.016510282362613142,-0.05971630301152965,1.141642814245114,-7.193097407711021
1772919179.9333882,1.295158778570913,-4.720286873606968,0.5328024490308126,-0.0037070582096805724,-0.009216038603617709,0.013797433286231734,-0.1801817242695898,0.9579248021026457,-7.34514667647
1772919179.966651,1.2950646727695785,-4.720542890950208,0.5331676237655572,-0.0037022344874176904,-0.009214171395121113,0.01378827939036661,-0.06087969423929882,1.1398844068942544,-7.194555175704681
1772919179.9845197,1.2949942965747003,-4.720718044178332,0.5334297267308629,-0.0037022344874176904,-0.009214171395121113,0.01378827939036661,-0.06087969423929882,1.1398844068942544,-7.194555175704681
1772919180.0030694,1.294914868430672,-4.72091573087014,0.5337255457798403,-0.00370221661293834,-0.009214183087269836,0.013788274462948884,-0.05937919079930548,1.1421662763171279,-7.192662561940141
1772919180.0255358,1.3204707060666994,-4.734872999837077,0.5233482848312353,0.00306674621175489,-0.012852150822260901,0.01097542670788036,-0.2527202946975134,0.868911163429115,-7.417190122396664
1772919180.0583785,1.2956455568627763,-4.716588012878732,0.5287725659978524,-0.003516053473461091,-0.007939109036081565,0.012343724802469647,-0.15538067196182484,0.9610213946086347,-7.344770136565426
1772919180.0873313,1.2954970294042412,-4.716908925025283,0.5292907351617583,-0.003517368404991513,-0.0079419524702868,0.012351387068049446,-0.06801193807504281,1.1258650187922514,-7.206375320370928
1772919180.1302161,1.3234605284753553,-4.728008277718128,0.5123162112247811,0.003888800433742694,-0.010747273483123739,0.007709435653380503,-0.09288273465573886,1.0960334493264061,-7.230608813330854
1772919180.1655223,1.299447687840482,-4.709387031157726,0.5155653490290383,-0.002439805428625558,-0.005799220144290578,0.008523311700496349,-0.0659048327107704,1.131519300904942,-7.201537245588382
1772919180.1876538,1.2993899144803807,-4.709524353761311,0.5157671767446215,-0.002439805428625558,-0.005799220144290578,0.008523311700496349,-0.0659048327107704,1.131519300904942,-7.201537245588382
1772919180.2162938,1.3255330420751783,-4.7203423885535525,0.5001516830543014,0.00446935192652687,-0.008604278814902215,0.00434117209719555,-0.16270203481457626,0.9961977212973234,-7.312811254047431
1772919180.2382889,1.3256378905439976,-4.72054424006891,0.500253524496809,0.00446935192652687,-0.008604278814902215,0.00434117209719555,-0.16270203481457626,0.9961977212973234,-7.312811254047431
1772919180.278383,1.300971793382411,-4.7028052479925195,0.5043682019004722,-0.0020435211576458226,-0.0038691910798299024,0.005379464934026335,-0.06533956756951091,1.1332864194756151,-7.200015923846253
1772919180.3030272,1.3009109267854302,-4.7029204924533925,0.5045284301040736,-0.0020435211576458226,-0.0038691910798299024,0.005379464934026335,-0.06533956756951091,1.1332864194756151,-7.200015923846253
1772919180.3281605,1.3035177723489224,-4.698306133087898,0.49402763153820745,-0.001344919660758977,-0.002628847679917396,0.00257969912366072,-0.3145868854797577,0.7363342291858254,-7.528648943284539
1772919180.3471444,1.3034859488309727,-4.6983682181164514,0.49408883066315196,-0.0013441593386469472,-0.002629460095523686,0.002579664790281047,-0.08801653280203843,1.09688220813851,-7.230307054319673
1772919180.3625255,1.3034687090096286,-4.698401942855011,0.4941219167406974,-0.0013441593386469472,-0.002629460095523686,0.002579664790281047,-0.08801653280203843,1.09688220813851,-7.230307054319673
1772919180.3826206,1.303440379956357,-4.698457363553702,0.4941762896712377,-0.001344089180516514,-0.0026295106981495033,0.002579652049717359,-0.06221840358355563,1.1376698491761326,-7.196402737256197
1772919180.3997514,1.303423128589652,-4.698491113463903,0.4942093996184309,-0.0013440828066345152,-0.0026295152273933587,0.002579650782022182,-0.059549902372625176,1.1418857519216399,-7.192896511749026
1772919180.4228013,1.328625917111149,-4.708667845476422,0.47628067526657736,0.005286521096155943,-0.005284969991838632,-0.002147472765230461,-0.08175878466198562,1.1062812483832214,-7.222526282262272
1772919180.4394739,1.3286965716257209,-4.708738479260439,0.4762519742280259,0.005286521096155943,-0.005284969991838632,-0.002147472765230461,-0.08175878466198562,1.1062812483832214,-7.222526282262272
1772919180.4709587,1.3053859408101958,-4.6919827080321665,0.47924994553388195,-0.0008674554842934945,-0.0008482436895872196,-0.0013436315629309294,-0.07025845292713125,1.127549727126945,-7.204665503475921
1772919180.48846,1.305368252723078,-4.691999985742035,0.47922325913333647,-0.0008675048828305306,-0.0008482810226833121,-0.0013435243360217898,-0.06076248317835006,1.140336103657961,-7.194163798805375
1772919180.5071454,1.305355563518109,-4.692012393451442,0.47920361840213804,-0.0008675061144381008,-0.0008482813215573779,-0.0013435225313863366,-0.05937111308312033,1.1422091753145964,-7.19262510595268
1772919180.5282896,1.3297716700478708,-4.70258045654286,0.46090193603319557,0.0055552701757598565,-0.0036233069613554082,-0.006146895661505415,-0.15350534820981235,0.9740971424140775,-7.333316076536453
1772919180.5799005,1.3071425808551023,-4.685434692097691,0.4639766367822144,-0.00044459808659797726,0.0009144122401656302,-0.005248196617328758,-0.07615700813519469,1.1124768071627953,-7.217533347737144
1772919180.6080914,1.3071305301925478,-4.6854103927304225,0.4638369190242431,-0.0004447322249836354,0.000914447400659149,-0.005248055845964619,-0.060438386253742364,1.1402506804865957,-7.194269908294629
1772919180.628801,1.3317045460574193,-4.696023809937119,0.44563563791445904,0.0059971325363673295,-0.0018724767011324577,-0.009985284449655716,-0.07674966355306544,1.111582575099145,-7.218274166641062
1772919180.6759303,1.3082621850117895,-4.679696490688896,0.4502257344689155,-0.0002268746507703585,0.0024370047391303294,-0.008667729870952465,-0.07264334170320662,1.121912959518811,-7.209461404282347
1772919180.6892576,1.3082595812810658,-4.679668522363252,0.4501262591220956,-0.0002268746507703585,0.0024370047391303294,-0.008667729870952465,-0.07264334170320662,1.121912959518811,-7.209461404282347
1772919180.7053165,1.3082552827963292,-4.679625037113771,0.4499715097666145,-0.00022699954869192997,0.0024370037532599,-0.008667565943736268,-0.06083595294904914,1.1399416289970135,-7.194508207322005
1772919180.7218566,1.3327995863141238,-4.688643412015343,0.4283721461422725,0.006216896400315427,5.9418776314778364e-05,-0.0143020456046136,-0.0843772010434975,1.0971462238617269,-7.230410860940194
1772919180.7365215,1.3329163469964773,-4.688642296060304,0.4281035367757464,0.006216896400315427,5.9418776314778364e-05,-0.0143020456046136,-0.0843772010434975,1.0971462238617269,-7.230410860940194
1772919180.7685444,1.3091948351413436,-4.672858525117971,0.43545674865979694,-5.8557338642822865e-05,0.004205727939924524,-0.012269625198814301,-0.14366454176196078,0.9932111800685679,-7.31726526831877
1772919180.7925122,1.3091936681421514,-4.6727747084483235,0.4352122252059072,-5.8557338642822865e-05,0.004205727939924524,-0.012269625198814301,-0.14366454176196078,0.9932111800685679,-7.31726526831877
1772919180.8171418,1.3091865290087183,-4.6726407181938505,0.4348246912140066,-6.1022144061814106e-05,0.004205519988152787,-0.012265495608777708,-0.06543379873831777,1.131450385897875,-7.2016413460375555
1772919180.8360333,1.3115892361931676,-4.663068360677622,0.41442323036755624,0.0005719260664115764,0.0066981024891688175,-0.017563154920000323,-0.2679444272035166,0.7597826915795622,-7.512453859542248
1772919180.8521056,1.311596277786377,-4.662983989095174,0.41420220657388757,0.0005695187089959855,0.006699768539698208,-0.017562481887974442,-0.08513248625565238,1.095178035118101,-7.232091581797655
1772919180.8651133,1.3116061864764172,-4.662867424127681,0.4138966482373213,0.0005695187089959855,0.006699768539698208,-0.017562481887974442,-0.08513248625565238,1.095178035118101,-7.232091581797655
1772919180.8775713,1.3116127364584478,-4.662790271042625,0.41369441752227853,0.0005692342438230243,0.006699970654268974,-0.017562412201213694,-0.06247987407597494,1.1364645427412847,-7.197451442733398
1772919180.8941588,1.3116209734746676,-4.662693313485438,0.4134402669645966,0.0005692040680227009,0.006699992163377719,-0.017562404938330303,-0.05970471916083944,1.1415184145895498,-7.19320920602889
1772919180.923312,1.334988734499382,-4.66437050037904,0.3802430540882176,0.006690356454000621,0.0062024200382079266,-0.02611230826356872,-0.09567564580929803,1.0771631804550297,-7.247134954870468
1772919180.9420898,1.335074841472577,-4.664290673299624,0.3799069805406913,0.006690356454000621,0.0062024200382079266,-0.02611230826356872,-0.09567564580929803,1.0771631804550297,-7.247134954870468
1772919180.9841359,1.3129394240594237,-4.650334214288122,0.388468361616561,0.0008420229179789295,0.009768503641327803,-0.023575902414794868,-0.06948726490987833,1.12378955048463,-7.208084621886004
1772919181.0060515,1.3129573377321133,-4.65012639360633,0.3879667945092944,0.0008420229179789295,0.009768503641327803,-0.023575902414794868,-0.06948726490987833,1.12378955048463,-7.208084621886004
1772919181.039828,1.3143178924829026,-4.638292029455224,0.3636585930742162,0.001157519218306582,0.012787099459137165,-0.029685912711487517,-0.3113805632573156,0.6716557226068476,-7.586245093641584
1772919181.0673304,1.314318189184624,-4.63803100336262,0.3630849091494932,0.0011435365203832928,0.012787637673522057,-0.029664470077230835,-0.08122274893077379,1.1016353305697222,-7.226710606519926
1772919181.0890455,1.31434605995504,-4.637716532563625,0.36235575748565424,0.0011429934611171422,0.012787923550883987,-0.029664143041400415,-0.06181818183042306,1.1375896646642587,-7.196511184348988
1772919181.121757,1.3369336331124286,-4.6444954450206986,0.3416744475549527,0.007053422005049879,0.010881851821972831,-0.034787742253226214,-0.09563819410824259,1.0823755743894383,-7.242501466518503
1772919181.1521916,1.3148879400613458,-4.632314063872435,0.3534484840504487,0.0012182106076215303,0.013997863227521355,-0.031444363389623295,-0.3600206265784972,0.598282759318664,-7.646345682219004
1772919181.1835582,1.3148942277792253,-4.6319165757462235,0.3525932198316839,0.0011971080838063164,0.014001516624301437,-0.03141838167587113,-0.07721119374378056,1.1101445454055798,-7.219512712201702
1772919181.1967797,1.3149078126525608,-4.631755182064924,0.35223135107633374,0.001196632226431564,0.01400176606817417,-0.031418104085200654,-0.06141840879618868,1.1384620692591727,-7.195771699050116
1772919181.2098901,1.3372085866946963,-4.642313963197644,0.3395501502439028,0.007065043886054624,0.011176398456555884,-0.03465677747554376,-0.1729235707138741,0.966571271017177,-7.338156669627073
1772919181.2287862,1.337346036163326,-4.6421035723017665,0.33889760285977416,0.007065550429711687,0.011180087427993307,-0.03466327528755937,-0.07390047791131767,1.1197608873516942,-7.211260540919649
1772919181.2613025,1.3166018596140416,-4.629749646611152,0.3489415136071951,0.0015722469338608277,0.014333038911063594,-0.03176264916305915,-0.0704966837252468,1.121394610329613,-7.210123203019316
1772919181.2807376,1.316639499341425,-4.629406512421751,0.3481811130430584,0.0015722469338608277,0.014333038911063594,-0.03176264916305915,-0.0704966837252468,1.121394610329613,-7.210123203019316
1772919181.309453,1.3166722391726193,-4.629107271982365,0.3475181133153006,0.0015719050354272514,0.014333247896515834,-0.03176249752499179,-0.060319441952421005,1.1403527747326232,-7.194190117267079
1772919181.3467607,1.3407188023310257,-4.641883050394091,0.3385323428745461,0.00785417141783042,0.010813151255500477,-0.033735653931791884,-0.0815800750609325,1.1153082107856174,-7.214509936029395
1772919181.3635821,1.319083881994609,-4.629709311060557,0.34939858494544435,0.0021408326720468844,0.013958082232355774,-0.030729213590481204,-0.07966707290327188,1.1075983320045966,-7.22155220149125
1772919181.3761058,1.3191078037476844,-4.629551556446459,0.3490516273407999,0.0021403718069535733,0.013958285848790794,-0.03072889454461244,-0.061882247840037936,1.1378745166645146,-7.196252087223941
1772919181.3883169,1.319135176986271,-4.629373043775176,0.34865863517040224,0.0021403718069535733,0.013958285848790794,-0.03072889454461244,-0.061882247840037936,1.1378745166645146,-7.196252087223941
1772919181.4020362,1.3191625389981605,-4.629194604318015,0.34826580417947084,0.0021403718069535733,0.013958285848790794,-0.03072889454461244,-0.061882247840037936,1.1378745166645146,-7.196252087223941
1772919181.432205,1.3423599565658506,-4.641988665556024,0.34126563720943265,0.008208988885935272,0.010494923896318321,-0.03232938760829066,-0.14157354396199817,1.0518860902120046,-7.265317141966097
1772919181.4691796,1.3202331408002859,-4.630477276708804,0.3549017276908127,0.0023137391168625452,0.013405266246017978,-0.028407084469007672,-0.2400191793638058,0.8113767522319251,-7.469455461338933
1772919181.4880579,1.320257829610503,-4.630253825231883,0.35445047803501967,0.0023042272455596757,0.013405938122342139,-0.028393338528066133,-0.07446397845636481,1.1146386495617218,-7.215768174884268
1772919181.511082,1.3202930420043097,-4.63004813824846,0.3540150662956672,0.0023038484752554668,0.013406145765488507,-0.028393130438184158,-0.06099636541169786,1.1391673299944998,-7.19518287106306
1772919181.5361786,1.3217610748361934,-4.631322450946551,0.3617782155204301,0.0026415793413734397,0.012976552217751115,-0.026106719755535537,-0.14919429659315314,0.9817440366552239,-7.326943423793204
1772919181.5514796,1.3218093856568012,-4.631085127813196,0.36130075984268056,0.0026415793413734397,0.012976552217751115,-0.026106719755535537,-0.14919429659315314,0.9817440366552239,-7.326943423793204
1772919181.5782619,1.3218600243124283,-4.630819639610299,0.36077231918061664,0.002638945732898607,0.01297686840859117,-0.026103243439580464,-0.07041481804292127,1.122461158110817,-7.2091823065033465
1772919181.611781,1.321963452583304,-4.630310835285431,0.35974891481791366,0.002638598566284871,0.012977099061264487,-0.026103131656559586,-0.060006014084599005,1.141002384795564,-7.193640841727237
1772919181.6391973,1.3450040549809845,-4.6443450103528745,0.3557805506096386,0.008668164547324697,0.009216369987544288,-0.026986858698902473,-0.06970864233843022,1.1330765661026851,-7.19979806981475
1772919181.6647525,1.3237494520114972,-4.632329328443864,0.36664431965756106,0.0030346754474016384,0.012290574757200703,-0.023930850859247923,-0.0694361664426503,1.125422869987772,-7.206636703551552
1772919181.6940184,1.3238256925249636,-4.632020550867306,0.3660431020351755,0.0030346754474016384,0.012290574757200703,-0.023930850859247923,-0.0694361664426503,1.125422869987772,-7.206636703551552
1772919181.7175572,1.3238969994393635,-4.6317315904752485,0.36548053137442943,0.0030344233852009693,0.012290735549552389,-0.023930765486706057,-0.06001280334217984,1.1410874097459547,-7.19356450947208
1772919181.7585676,1.3254937188600335,-4.633927190640104,0.36914825921612904,0.0033854481054984547,0.011582373144079316,-0.02266766567175197,-0.2711097104189859,0.8374004753294527,-7.443369893329808
1772919181.791265,1.3255886903072656,-4.633557748793368,0.36843901041311555,0.0033769053708655743,0.01158156797958196,-0.022656124992053196,-0.07728646811996571,1.11651634702467,-7.213835710457376
1772919181.8352795,1.3488937287738643,-4.646428640982348,0.36295781067032795,0.0094369170564532,0.00808403343778904,-0.023836110765917507,-0.07678291733938454,1.1259418487673831,-7.20549021869183
1772919181.870544,1.32529435169505,-4.635452669269428,0.3760349312057519,0.003191098089088459,0.010873785811715695,-0.02020349026818358,-0.07140332724051067,1.1252265089929325,-7.206629349590435
1772919181.8840249,1.325332397874378,-4.635323025493706,0.37579405311540814,0.003191098089088459,0.010873785811715695,-0.02020349026818358,-0.07140332724051067,1.1252265089929325,-7.206629349590435
1772919181.9030352,1.3253898539877473,-4.63512708273317,0.3754300440836675,0.0031909223024273008,0.010873883876890754,-0.020203422203715654,-0.06059642698606987,1.140470054359027,-7.194060188294495
1772919181.9296887,1.350172318287827,-4.648705117690298,0.36900424850458186,0.009651497115511366,0.007245834765826766,-0.02174293212896377,-0.06944939213932602,1.1322243098098506,-7.20058077953505
1772919181.9476519,1.3269764479794464,-4.6369940876707085,0.38033765939984215,0.0035114042031872935,0.01027837046942449,-0.018648183634761353,-0.19836848669598045,0.942214640642633,-7.357374019384793
1772919181.9917145,1.3271064334343745,-4.636599117992636,0.379627469629221,0.003506924625687312,0.010278792407999724,-0.01864336354612624,-0.06973699693263347,1.1273227876422958,-7.204917437151968
1772919182.0187948,1.3538997714427,-4.64926179850138,0.37025195478284956,0.010511996821261789,0.006849324291477827,-0.020921251399073644,-0.09139615630286387,1.109080628434826,-7.219137823698756
1772919182.0580063,1.3307289386402006,-4.63733710218103,0.37992211669354986,0.004345344074585093,0.009913386612211667,-0.018199953968531496,-0.3287197852273281,0.7922059030304108,-7.477825603150481
1772919182.0899415,1.330842462026675,-4.637043076022024,0.3793980299996463,0.00433445735467286,0.009911327824920855,-0.018185454747828678,-0.07998296207708602,1.1155623857704426,-7.214435319195973
1772919182.1382983,1.3563892413805365,-4.649966439652978,0.36957898342966106,0.010996593610895646,0.006384658622511561,-0.02053278744405789,-0.5819406922055991,0.5027570278188943,-7.708231762128631
1772919182.2023766,1.3308591496092714,-4.637710242973993,0.38246564832690505,0.0041293526814522585,0.009493845246936132,-0.016826702492759294,-0.08326467012125482,1.1088030113382417,-7.220144275929375
1772919182.2279298,1.3309449027824463,-4.637513086804889,0.38211621265402,0.0041293526814522585,0.009493845246936132,-0.016826702492759294,-0.08326467012125482,1.1088030113382417,-7.220144275929375
1772919182.2705474,1.3320184866681402,-4.6395448797223935,0.384628544225078,0.004362515028370734,0.0088408584884728,-0.015961605852286086,-0.5606788494962959,0.45980876736396165,-7.748247253100993
1772919182.307777,1.3320948947631779,-4.639386213838937,0.38434440805279835,0.004349428061393578,0.008849576103624673,-0.015958776596878402,-0.08303713247545334,1.1103072712632067,-7.218824954492977
1772919182.3688967,1.3321730088095574,-4.640613618886258,0.38872209393235774,0.004279449954113341,0.008344564619191433,-0.014486709027642108,-0.11839305916444734,1.0525813523332912,-7.266871391709057
1772919182.4171267,1.3323168998226047,-4.640332905098125,0.3882348303069992,0.004278129958497855,0.008345547195039889,-0.014486531746087503,-0.0627991318438543,1.1369824906268642,-7.196960872913969
1772919182.4942033,1.3569574207644841,-4.654054561221848,0.3790634235785086,0.010585695846305516,0.004602932200260623,-0.01655778397286855,-0.07632663056696186,1.1186707414123174,-7.212006011634189
1772919182.580152,1.3539749668432404,-4.65489344919066,0.3882621454285207,0.009719731625121622,0.004297780776755627,-0.013964629595752794,-0.10107314200060145,1.0830226420564153,-7.2413666536058425
1772919182.642856,1.3508430378114424,-4.654489892773809,0.3955140539684965,0.008633258367063494,0.004281697505036112,-0.011687603814820778,-0.12498718829482354,1.0549834489512495,-7.264111474684586
1772919182.6754532,1.3265053765838593,-4.642925587157704,0.4077487812017123,0.002192181021645678,0.007285692832227374,-0.008400219512555809,-0.08817634088176898,1.1023306756968896,-7.225445495367095
1772919182.6992698,1.3265679473497198,-4.642716329418622,0.4075082439470197,0.002191850624161699,0.007285719217787988,-0.00839987135492127,-0.0631986093918698,1.1369074638578873,-7.196990824549004
1772919182.7357025,1.3504543951444583,-4.655934103977108,0.39891162144071246,0.008427586991606336,0.0037540971668525514,-0.010571386314386842,-0.07647984058540243,1.1194009525060944,-7.211342028824246
1772919182.772367,1.3263174788245342,-4.643505423941256,0.409988481240511,0.0020388093594795906,0.006974770104140078,-0.007582550958755297,-0.07491417226093453,1.1202637654628216,-7.21071952778291
1772919182.7874954,1.3263961509631492,-4.643235790602688,0.4096956396476519,0.002038686382416848,0.006974776320442917,-0.007582413311080992,-0.06191964040158933,1.1386024343032672,-7.195600265795745
1772919182.8303757,1.3264247950068815,-4.643137793284578,0.4095891048807787,0.002038686382416848,0.006974776320442917,-0.007582413311080992,-0.06191964040158933,1.1386024343032672,-7.195600265795745
1772919182.8753216,1.3281239173425043,-4.643538629201641,0.41042826318989784,0.002436532785994308,0.006780210997373963,-0.007249053662165883,-0.0752480518308735,1.1192472284703048,-7.211593968104926
1772919182.8944368,1.3281582435912276,-4.643443108546049,0.41032613740671725,0.002436532785994308,0.006780210997373963,-0.007249053662165883,-0.0752480518308735,1.1192472284703048,-7.211593968104926
1772919182.927809,1.328244091720026,-4.643204052835154,0.41007067658597496,0.0024363953808644004,0.006780270902534414,-0.007248974046598372,-0.060637607197765266,1.1403622188399911,-7.194152317619556
1772919182.9662883,1.3301365438052817,-4.642333443473833,0.4095814475292335,0.0028685142940729587,0.006951565930234261,-0.0072828466466700065,-0.24469849986150244,0.8725621252524883,-7.414744740924068
1772919183.021132,1.3302539263024573,-4.642030362076712,0.40928276450562484,0.0028635038158275642,0.006950490009422642,-0.007275098795128087,-0.07122179154155818,1.1250174414958944,-7.206832125906571
1772919183.063198,1.3324279547512217,-4.641151608293186,0.40724160512906526,0.0033831371894910488,0.007069370713680052,-0.0076906373348510125,-0.1040981570579154,1.0807810402232614,-7.243130751805131
1772919183.0965586,1.3324951560537037,-4.641011185102201,0.4070888413430079,0.0033831371894910488,0.007069370713680052,-0.0076906373348510125,-0.1040981570579154,1.0807810402232614,-7.243130751805131
1772919183.1187878,1.3325727600850719,-4.640848968077119,0.4069123961041938,0.003382649222821621,0.007069702262705031,-0.007690538125648538,-0.062239317403339045,1.1382691908831237,-7.195867267797217
1772919183.1653187,1.3322576011927638,-4.64159393445241,0.40855427840566955,0.0032193164242026416,0.006810902178600814,-0.007154862014307639,-0.09192705483762091,1.09860342987049,-7.2284115628828225
1772919183.1907132,1.33233320973306,-4.641433974291939,0.40838624003924606,0.0032193164242026416,0.006810902178600814,-0.007154862014307639,-0.09192705483762091,1.09860342987049,-7.2284115628828225
1772919183.2253592,1.332445203850535,-4.641196756857121,0.4081373291304423,0.0032189819116679314,0.006811057033297183,-0.007154697440615177,-0.061558101915191725,1.1392829452263313,-7.195027851881205
1772919183.2577856,1.3329956827936684,-4.640794470191665,0.40803086298829283,0.0033007047237478375,0.0068671592466362065,-0.0071014083579526936,-0.22357153628958026,0.9134250686917628,-7.380511701918991
1772919183.2833745,1.333064654248404,-4.640630634265038,0.40788665690584647,0.0032954328498769783,0.006864258237703601,-0.00709111465170472,-0.07893423146279664,1.1150287984903349,-7.215005446626713
1772919183.3055992,1.333129476187673,-4.640495355882055,0.4077472185317595,0.0032952567181114877,0.006864299763558465,-0.007090967267914733,-0.06119831909456824,1.1396647526380113,-7.19472131982063
1772919183.3187785,1.3331710960189114,-4.640408658236874,0.407657658025173,0.0032952567181114877,0.006864299763558465,-0.007090967267914733,-0.06119831909456824,1.1396647526380113,-7.19472131982063
1772919183.3380415,1.3565496795304133,-4.653874015953909,0.39761104472613873,0.009409915953333412,0.0032984672818714097,-0.00968979952819227,-0.11701464587192724,1.0475318322752523,-7.271491154823045
1772919183.3609157,1.3319647984365193,-4.640296590503034,0.4072246877356319,0.0029143441067879805,0.0068376082250571745,-0.007116080617948339,-0.09239684418195311,1.0946502265350793,-7.231884205116281
1772919183.3922484,1.3320503399070582,-4.640095237217544,0.40701582599852976,0.002914068336602425,0.0068376290698901184,-0.007115775363211658,-0.06350375540782276,1.1362476071560854,-7.19754976142294
1772919183.4145901,1.3321166842713486,-4.639939554515889,0.40685382049229707,0.002914040051190363,0.0068376457319982206,-0.007115765433849683,-0.05965470365896738,1.141785027996452,-7.1929764807336705
1772919183.4325752,1.3548405239150987,-4.65282492132927,0.3966661021743948,0.008851982846556306,0.003420598350952991,-0.009743537672269981,-0.07529774400791538,1.115817118210634,-7.214641044636426
1772919183.4526231,1.3311016504599842,-4.639058901976197,0.4045494317387255,0.002583767168323735,0.007023179705138419,-0.0076362700835326995,-0.20050746542928707,0.9487248391074491,-7.351371431511989
1772919183.4972367,1.3312253892242378,-4.638697273640964,0.40417564743998124,0.0025795447259483366,0.007020734449357713,-0.007627993207940141,-0.07799338414371887,1.1167417956853964,-7.213566508955963
1772919183.5370831,1.353326331643378,-4.65138268889556,0.39477299865858245,0.008332690524568179,0.0036434374641117,-0.010017665614041537,-0.08095154868512729,1.1072641404846775,-7.221729246279413
1772919183.5728436,1.3290788253323387,-4.639158167363204,0.4051166923270848,0.0019172626436277152,0.006803273732363305,-0.0072196364714472334,-0.085743299732185,1.107331482527558,-7.2212189352659895
1772919183.594768,1.3291265119138773,-4.6389881930036605,0.40493669968871787,0.0019169956240018312,0.006803333984998485,-0.007219421574062086,-0.061521922860271284,1.1393699581018868,-7.194953526276458
1772919183.6251304,1.3504189748931203,-4.653127787395387,0.3979239947649609,0.007483833363214141,0.0030453081232119455,-0.009002710248425437,-0.14604913182691154,0.9817543366883502,-7.32722258453519
1772919183.6482565,1.3263988240560043,-4.640798115680337,0.40756692703388336,0.001142015266394186,0.006258501627084282,-0.006420342251240106,-0.14856021003054515,1.0234926576561918,-7.289889024823017
1772919183.6841865,1.3264319881946236,-4.6406014998517175,0.4073697612852301,0.0011406961563994351,0.006258077436828892,-0.0064182948379280895,-0.06843088391737201,1.130172131430261,-7.202501072133745
1772919183.7143154,1.3264703956028867,-4.640390672717118,0.4071535706723105,0.0011406164743671002,0.006258113416869369,-0.006418254758886919,-0.059831586975362665,1.141600388433948,-7.193124472742144
1772919183.7335544,1.3247752964587336,-4.643412342502857,0.41130534723328804,0.0006903409024275208,0.005426690151996934,-0.0052907342203837235,-0.3457793136585235,0.7113470856150608,-7.5476980636016675
1772919183.766235,1.324792936187912,-4.643272940175463,0.41116956186217374,0.0006881976444942729,0.005427871947012177,-0.005289820478411583,-0.07940129432219684,1.1122419234817706,-7.217441483510894
1772919183.8016207,1.324818844190873,-4.643068577726149,0.41097040012262875,0.0006880838575544026,0.0054279343243904465,-0.005289771408743918,-0.061091721872517143,1.139612353470378,-7.194777766592792
1772919183.8274133,1.3464139232048271,-4.658370924043543,0.40317602217806237,0.006358713476508895,0.0013701858441638685,-0.00730270161920407,-0.15771068180913642,0.9011323181121015,-7.397737311495093
1772919183.8598094,1.3229819407606123,-4.645111290391377,0.41233033371330735,0.00014849816721541003,0.004842807128353433,-0.00483616460103608,-0.079485952615123,1.1120932377346133,-7.217563003038391
1772919183.8867917,1.3229871896876761,-4.64494011291573,0.41215939102938975,0.00014849816721541003,0.004842807128353433,-0.00483616460103608,-0.079485952615123,1.1120932377346133,-7.217563003038391
1772919183.9184053,1.32299046112651,-4.644827235001347,0.4120470014491449,0.00014833425738728251,0.004842827199455778,-0.0048359869916822775,-0.06079305789151519,1.1400568846611532,-7.194409432007189
1772919183.9635637,1.3209459063256295,-4.646226180242725,0.413769299128169,-0.0004230839078807214,0.004445627288210412,-0.0043170003236350845,-0.08450716341813874,1.0964463766284462,-7.231004963373577
1772919183.9849575,1.320934541586315,-4.646106763280089,0.41365333730030374,-0.0004230839078807214,0.004445627288210412,-0.0043170003236350845,-0.08450716341813874,1.0964463766284462,-7.231004963373577
1772919184.0270853,1.3209177427751355,-4.6459321933846764,0.41348420191913426,-0.00042330920660856004,0.004445692379464736,-0.004316767771745448,-0.06085907873584033,1.1394246869220455,-7.194965239493353
1772919184.0557265,1.3430737740278516,-4.6596200270517105,0.40404994266638605,0.005366890848926196,0.0008396686442407003,-0.0067513854456256,-0.07171153837424873,1.1191746810106775,-7.211985489077006
1772919184.0744214,1.3431981620191948,-4.6596004457977,0.40389311486846585,0.005366883493798675,0.0008397687977235647,-0.0067515655291199685,-0.06067074627751794,1.1397037533959484,-7.194735316761418
1772919184.1009817,1.3433408985086701,-4.659578109763564,0.4037135468466884,0.005366877574611145,0.0008397769799722836,-0.0067515716579613794,-0.059359394824182704,1.1421410654468815,-7.192686835346632
1772919184.127289,1.364326978628838,-4.67278346627065,0.3924367487262834,0.010832618472356073,-0.0026265484925735508,-0.009663118696152667,-0.16256983466730354,0.8988184220427582,-7.399322386701396
1772919184.1668937,1.3381932503507268,-4.657092988966279,0.4051042303682069,0.0038950036915679533,0.0015026981065104305,-0.006259643530481871,-0.17532492121354373,0.9153046433388463,-7.383450643396322
1772919184.1946845,1.3383206671592005,-4.657046652390384,0.4049114496122909,0.003892344607297409,0.0015021541838610708,-0.006254031872250231,-0.06889163945536687,1.123552670829745,-7.208349902037675
1772919184.2302547,1.3341763056543203,-4.655860400587448,0.4057870756334126,0.0027738289241095535,0.0017985263087632777,-0.005968537798523217,-0.10677098217459043,1.049378379699819,-7.270809183285245
1772919184.2503214,1.3342285423127094,-4.655826530797001,0.4056746763187487,0.0027738289241095535,0.0017985263087632777,-0.005968537798523217,-0.10677098217459043,1.049378379699819,-7.270809183285245
1772919184.2714262,1.3342824232055823,-4.655791585563025,0.40555873941390586,0.0027735184812291494,0.0017988128801463105,-0.005968587031657902,-0.06296801857362555,1.135077437424982,-7.198641020997229
1772919184.2879214,1.334319469542565,-4.655767558527121,0.40547901602717434,0.0027735184812291494,0.0017988128801463105,-0.005968587031657902,-0.06296801857362555,1.135077437424982,-7.198641020997229
1772919184.3062918,1.334373001807364,-4.65573283860134,0.40536381422686,0.002773501294843831,0.001798828918048536,-0.005968590106385125,-0.059625063644130935,1.1416067897324,-7.19313789775276
1772919184.3491051,1.354489643146977,-4.669053698126936,0.39304881101315975,0.007976584792686892,-0.0016865254281779578,-0.009107335803920457,-0.06646098456029809,1.120696221865406,-7.211118179608203
1772919184.3721197,1.3281151026605043,-4.655591157375901,0.40845423307479417,0.00103513087745677,0.0018418007371592562,-0.00502510087534265,-0.2571218806553109,0.7883567100455764,-7.488157783807819
1772919184.4002469,1.3281268806240794,-4.65554850253191,0.4083560109344839,0.0010284385356717392,0.0018382751065038861,-0.005008355720200512,-0.08054407300318564,1.1044608909941707,-7.224256032793113
1772919184.4133978,1.3281385924666833,-4.655527359642846,0.40829858138068964,0.0010282768611209483,0.0018383211737343515,-0.0050081914829925925,-0.06104473006656117,1.139157358900613,-7.195186870798303
1772919184.4264698,1.3470801642866097,-4.669131810467077,0.39612022912111905,0.005979919202766174,-0.0017261826782483999,-0.00817797840164875,-0.10123425614752436,0.9773694401500151,-7.3353696700377915
1772919184.4467726,1.3228300381855573,-4.656095101865161,0.40942216345000765,-0.00038650796556051123,0.0016897186014967556,-0.0046633305121187045,-0.09049101774856451,1.0764106496968835,-7.2482848926225945
1772919184.46901,1.3228218604577655,-4.6560593508328445,0.4093234967964611,-0.00038650796556051123,0.0016897186014967556,-0.0046633305121187045,-0.09049101774856451,1.0764106496968835,-7.2482848926225945
1772919184.5116608,1.3228038599599488,-4.655981821273667,0.40910986035568875,-0.0003867313944871915,0.0016897966380650582,-0.004663087281670493,-0.06180274199280071,1.1369507106267545,-7.197081000116769
1772919184.5308053,1.3420217681970577,-4.6694813453436605,0.39610604030631597,0.004636768159274807,-0.0018462905962326817,-0.008036959558444946,-0.09648352175990935,0.9993589216398552,-7.316261659030815
1772919184.576699,1.3170649876838019,-4.65670265337082,0.4101978527276701,-0.001906995746948333,0.0014981267739128659,-0.004274640939225242,-0.09155790095746298,1.0798174319647598,-7.245155526534025
1772919184.591203,1.3170415720606028,-4.656684794057173,0.4101472465927727,-0.001907243191080492,0.0014981515388653376,-0.004274273512877633,-0.062086512912626055,1.1368567464777188,-7.197138456838746
1772919184.6036253,1.3170185385616955,-4.656666701098711,0.41009562681258477,-0.001907243191080492,0.0014981515388653376,-0.004274273512877633,-0.062086512912626055,1.1368567464777188,-7.197138456838746
1772919184.6200662,1.3364102531162771,-4.670078231877771,0.39644961667201056,0.0031747128355375416,-0.002017658448927527,-0.007823450170974501,-0.08985766828011005,1.028294008283723,-7.291150474013063
1772919184.6335616,1.336457237084966,-4.670105885384555,0.3963279868316791,0.003174965547987367,-0.0020171620504623343,-0.007826283873334883,-0.06286140908398904,1.1288396651655606,-7.204203247950948
1772919184.6500514,1.312706582951974,-4.65731640735839,0.40988576964180223,-0.0030475037642822412,0.0013347796906412065,-0.0042547822648047046,-0.1294057087994158,1.0061504102319214,-7.307106028262488
1772919184.6696591,1.312640694716868,-4.657291340634323,0.4098082251819995,-0.0030485381975527597,0.0013342821022999363,-0.004252041144593448,-0.06729873393664221,1.1267497931206774,-7.205651722777842
1772919184.6879957,1.3125653224407197,-4.657258397759016,0.40970327329059714,-0.0030485753965060736,0.0013342864754481768,-0.004251987101365275,-0.06004418750021185,1.140802204159238,-7.193815318284615
1772919184.712591,1.3312898389732772,-4.670905939193557,0.3957843898991174,0.0018732790794710986,-0.002248996225736941,-0.00787885158328327,-0.068083209344683,1.1009861433211514,-7.228509848532371
1772919184.729763,1.3313192085561656,-4.670941199332738,0.39566086394552297,0.0018732790794710986,-0.002248996225736941,-0.00787885158328327,-0.068083209344683,1.1009861433211514,-7.228509848532371
1772919184.7523375,1.3066109676675695,-4.6589978521069115,0.413247666449318,-0.004605045397380774,0.0008917156353736187,-0.0032241500188544096,-0.1467771546211094,0.9696022614910699,-7.337945584498477
1772919184.7774425,1.306476522975974,-4.658975625639877,0.4131692047250255,-0.0046063307096154615,0.0008910245743586,-0.0032205379239301857,-0.06762273909161096,1.125862120349363,-7.206412269634639
1772919184.804434,1.3063813400621291,-4.658957213953735,0.4131026571401749,-0.0046063307096154615,0.0008910245743586,-0.0032205379239301857,-0.06762273909161096,1.125862120349363,-7.206412269634639
1772919184.8228042,1.3229358268534217,-4.675304012027373,0.40350037912195635,-0.000245012465998627,-0.0033980226429364126,-0.005721508838004141,-0.04985635628132039,1.0590176833033393,-7.267567555925885
1772919184.8508549,1.2975394849627797,-4.663643958555844,0.4231167836833504,-0.0068847595176853614,-0.0003201737613614964,-0.0005443529607134373,-0.1792102679160511,0.8885353613364848,-7.4068265711738945
1772919184.8638995,1.297447776895302,-4.663648223413148,0.42310953265912443,-0.0068847595176853614,-0.0003201737613614964,-0.0005443529607134373,-0.1792102679160511,0.8885353613364848,-7.4068265711738945
1772919184.8830388,1.2973193324665975,-4.663658362856744,0.42312034463683085,-0.006886389020724908,-0.00032147530729760603,-0.0005385011523947323,-0.0697695539614432,1.1201739547652185,-7.2112737314385855
1772919184.9007077,1.2971756298197399,-4.663665118457866,0.4231093442032576,-0.006886409398109037,-0.00032150452738758913,-0.0005383997434501533,-0.06054570817663051,1.1396028796570725,-7.194836351099421
1772919184.924978,1.3133533922850404,-4.679663555673734,0.4150342759644321,-0.0026180761696187717,-0.004499071802542055,-0.0026443633000930336,-0.05604624583764191,1.1167516439423009,-7.215595573859198
1772919184.944125,1.287782087965146,-4.6685956537277065,0.4344799609159065,-0.00928440486983311,-0.0015832010841278902,0.0024492126097208516,-0.2883597874628644,0.6865507899537592,-7.5752216682167886
1772919184.9758513,1.2875018671592569,-4.668652738245042,0.4346004271386783,-0.009287847133270627,-0.0015873895269253211,0.0024636795516261192,-0.07587653089620117,1.1095177313495364,-7.220184914755077
1772919185.007421,1.2871963924357288,-4.668705043383751,0.4346819311058078,-0.009287857434113488,-0.0015874813745082846,0.0024638845387136314,-0.06151458130759365,1.1378702684318687,-7.196288303583474
1772919185.0371125,1.2822393930667677,-4.671382163555739,0.4417054503437183,-0.010523551221906766,-0.0022766488665845906,0.004284733821839307,-0.32276700978148687,0.567981626093751,-7.67688097363508
1772919185.0903022,1.2816284193558096,-4.671514454987644,0.44195441264199276,-0.010522556791086973,-0.002278327591916658,0.004286598727806216,-0.06153690144839454,1.1373989274495484,-7.196706913127186
1772919185.1043992,1.2814852085556716,-4.671545462766827,0.4420127527627322,-0.010522556791086973,-0.002278327591916658,0.004286598727806216,-0.06153690144839454,1.1373989274495484,-7.196706913127186
1772919185.137809,1.3018970900038291,-4.684571556118874,0.42910264957165334,-0.005117716679575346,-0.005642142194208835,0.0008908596941841318,-0.07226599226853657,1.108890851014723,-7.221085621810594
1772919185.1701934,1.2761465577712219,-4.674068053814798,0.4490998865730376,-0.011802929831996177,-0.002858601164822841,0.006104049392425222,-0.17640731904582044,0.9311497491540737,-7.369283560279456
1772919185.1878352,1.2759262053148586,-4.674125339513574,0.44923132603464644,-0.011804258405427571,-0.002860704682963572,0.006110006682065537,-0.07247246592057625,1.1185892853629997,-7.212435864197795
1772919185.2095208,1.27572252743433,-4.67417475812932,0.4493370062916939,-0.011804232887723323,-0.0028608021407605343,0.0061101473146860695,-0.06088864380452237,1.1394044783801902,-7.1949815779481945
1772919185.2288268,1.296648314425165,-4.686129047275696,0.4346289186395234,-0.006283070699593792,-0.00597005204849445,0.0022400436024479103,-0.06861567559636274,1.1205730229207522,-7.211027870670454
1772919185.252485,1.2717174423033464,-4.67590209093754,0.45456843976935807,-0.01276575508124422,-0.003247307137247226,0.0074437947988890505,-0.2872764044424489,0.7136581121856599,-7.551413730555927
1772919185.293146,1.2712118644214723,-4.6760391001902555,0.45490285857954577,-0.01276787664486951,-0.003253005803808705,0.007458199154156504,-0.07538162992906934,1.112230571823412,-7.21782394309135
1772919185.3204172,1.270840280019999,-4.676133826296396,0.45512015366124037,-0.012767775048010998,-0.0032532003893755755,0.007458408929935793,-0.06054531373733835,1.1399271775680315,-7.19454795565236
1772919185.341796,1.2953248019848387,-4.6866647389944305,0.4370069132711367,-0.006279856136096309,-0.005991526472577258,0.0026684789174001187,-0.29417438213073294,0.7341987014998174,-7.532539548071537
1772919185.3686838,1.268214493026099,-4.677314205396331,0.46288768766764254,-0.013334354181706419,-0.003503065394473634,0.00942634125132761,-0.24383298890756427,0.7943918471428514,-7.484142903014848
1772919185.405459,1.2676675298237867,-4.6774614704046416,0.4632906711489552,-0.013334028659661532,-0.0035070940322502195,0.009433596580499396,-0.07177573762258653,1.118867697798389,-7.212253519775795
1772919185.453925,1.2904356662503749,-4.689540513034532,0.44654078571543704,-0.0072557648035555125,-0.0066070224837936785,0.004966648487493759,-0.0761268424642871,1.1071458882945586,-7.2222803642435
1772919185.4812129,1.262840653537116,-4.680165246801244,0.4725358735391454,-0.014408644903727907,-0.004115747883662653,0.01171885371125939,-0.09332200361462553,1.078741890265323,-7.245949736257444
1772919185.5152829,1.2623651755170127,-4.680301269048119,0.47292349524206,-0.014408404628316464,-0.004116248731551551,0.011719427706320078,-0.06251342755797325,1.1362584425890725,-7.197631731521639
1772919185.564905,1.2823605730541132,-4.695377384146859,0.46055495394433504,-0.009032295421107788,-0.007975556557485872,0.008357899297771625,-0.06459335586358726,1.1220493354061756,-7.210086998454501
1772919185.6322649,1.25086687392568,-4.691970460638422,0.4924343460672105,-0.017041169554671724,-0.006968904773256332,0.016472276215791705,-0.3810546730421837,-0.06623576758443096,-8.231744609527656
1772919185.6702452,1.2501014098520895,-4.692284766202548,0.4931873189325021,-0.017030293071359122,-0.006981296112870088,0.01648372546948561,-0.08158987116335537,1.0611336634360151,-7.262732913782625
1772919185.6869578,1.2498688460677059,-4.692380133129707,0.49341252208519215,-0.017029526552204688,-0.006982087090277761,0.01648421463014537,-0.06115978347612432,1.1353294703163417,-7.1985857509778475
1772919185.7034233,1.2496644988309393,-4.6924639160946215,0.4936103274368441,-0.017029483947845994,-0.006982130714112701,0.016484240506160455,-0.05943160619612264,1.1415907379002777,-7.193170281173715
1772919185.7218208,1.261337386676315,-4.712276154494027,0.49224383931540594,-0.01387655439606221,-0.012124699146296528,0.016030977791858834,0.02517977507672022,1.1144215245382318,-7.225212542073438
1772919185.7499356,1.2415892438809877,-4.697628123173588,0.5044098750931924,-0.01892442243901934,-0.00819838322464956,0.019079206055674234,-0.058430858520059435,1.0982818429976509,-7.231811315264487
1772919185.7898703,1.2409279824841293,-4.697914559668909,0.5050770930470644,-0.0189239403020467,-0.008198798677972317,0.0190796449788456,-0.05914705959459189,1.139584910990285,-7.194981702485147
1772919185.8115938,1.2405280728989843,-4.698087820529262,0.5054802930564928,-0.0189239403020467,-0.008198798677972317,0.0190796449788456,-0.05914705959459189,1.139584910990285,-7.194981702485147
1772919185.836155,1.243754014582434,-4.726054257105127,0.5231514681977297,-0.01794279404970686,-0.015457661475779034,0.02356580009890063,0.010021255374419271,1.1893272629819938,-7.157044618200995
1772919185.8678694,1.2266314839273091,-4.707437435736185,0.5285961604565115,-0.022279129330381117,-0.010475334479837712,0.024807497992430476,-0.042180353145293614,1.1328781577862024,-7.202501015603706
1772919185.8887606,1.226052620736636,-4.7077094860168796,0.5292410898938988,-0.022279069424019592,-0.01047523414982339,0.024807588761107634,-0.05748293716193419,1.1414821447446513,-7.193444635628402
1772919185.9060996,1.2257448264144208,-4.707854205598017,0.5295838167297102,-0.022279069424019592,-0.01047523414982339,0.024807588761107634,-0.05748293716193419,1.1414821447446513,-7.193444635628402
1772919185.9225805,1.2379982105171037,-4.729701953080087,0.5372708191047973,-0.018962765188815883,-0.01614825677755702,0.026702733763943467,-0.029590778549813065,1.159382488362672,-7.180080451837057
1772919185.9355388,1.237771722717245,-4.729894824906147,0.5375897516739765,-0.018962765188815883,-0.01614825677755702,0.026702733763943467,-0.029590778549813065,1.159382488362672,-7.180080451837057
1772919185.9634802,1.2236634280960708,-4.71010363960599,0.5392421521499682,-0.02250267531421907,-0.010852581962715647,0.02692809249764881,-0.047407646306709454,1.1398614527116488,-7.195820570981378
1772919185.987207,1.2232617088073632,-4.710297380636592,0.5397228742869298,-0.02250267531421907,-0.010852581962715647,0.02692809249764881,-0.047407646306709454,1.1398614527116488,-7.195820570981378
1772919186.017097,1.2224635620241688,-4.710682249469961,0.5406781300803971,-0.022502674507845363,-0.010852497896879853,0.026928111028134357,-0.05786273527431222,1.1421531294153127,-7.192814338015603
1772919186.0363717,1.2283997861255496,-4.70654868223593,0.5334380696001094,-0.020865592168230133,-0.0097295284719127,0.024933205218855614,0.03525840022474426,1.1103015407587953,-7.229824040770273
1772919186.0688837,1.2274898555474392,-4.706972978627607,0.53452538529458,-0.020865592168230133,-0.0097295284719127,0.024933205218855614,0.03525840022474426,1.1103015407587953,-7.229824040770273
1772919186.109838,1.2267744618117398,-4.707306529171317,0.5353802510264045,-0.02086566428019567,-0.009728927745632842,0.024933379697740097,-0.05857226419087909,1.1422329626527767,-7.1926777476314605
1772919186.147342,1.2485726982280845,-4.721961126227765,0.5268302988002767,-0.014994103256717654,-0.013472321458026869,0.022486174074247748,-0.12005195147357044,1.022051503559228,-7.29385539317848
1772919186.198872,1.2343614300558403,-4.702051933694927,0.5269826520977635,-0.018459537513522136,-0.008124033412107675,0.022204473068991412,-0.03918798954216677,1.1298816272267456,-7.205515868866425
1772919186.2149334,1.2340178363896899,-4.702203065679613,0.5273962178395422,-0.018459433935864997,-0.008123943598699036,0.022204595607710775,-0.0580429807920434,1.141721341018412,-7.1931848750413705
1772919186.22864,1.2569228979523523,-4.716883959870921,0.5190310985599239,-0.01239273892623357,-0.01195190618330527,0.019942163021868225,-0.07228997535428523,1.119248998244286,-7.211864704732659
1772919186.2570884,1.242574779807241,-4.6972365165843035,0.5184722179250292,-0.016062405223883358,-0.006711307094067486,0.0196469316531922,0.07136111627031395,1.1158800026067717,-7.228261891394082
1772919186.285062,1.2421010215230959,-4.69742696366909,0.5190687982821139,-0.016060075397770664,-0.006707818296413886,0.01964827367178965,-0.04677014156069114,1.1399133864544508,-7.195838831775105
1772919186.3090045,1.2417236245770773,-4.697584517553818,0.5195306791655269,-0.016060064529905375,-0.006707739990955517,0.019648292487923647,-0.057944819716254745,1.1421904190998637,-7.192774122573999
1772919186.338479,1.263216597626547,-4.712413792961244,0.5114538611956828,-0.010342700389664212,-0.01055723809116368,0.017425905596172256,-0.17086982959420802,0.8994544168244659,-7.397950129998131
1772919186.3669088,1.2489538352417853,-4.690023179376065,0.5022535420603074,-0.013968409576574832,-0.00459686134893527,0.014846106573592076,0.053860159065292894,1.2226164302216327,-7.131390276660135
1772919186.408638,1.2483957336757234,-4.690203760797873,0.5028457719213507,-0.013968104301744262,-0.004594535572080822,0.014844272155196958,-0.050152253960644565,1.1488650333200783,-7.187552520904332
1772919186.4255106,1.2481916725839637,-4.690270860264082,0.5030626254258201,-0.01396816103002628,-0.004594434508497299,0.01484423065240606,-0.058423969624084915,1.1429932020098916,-7.192014816739506
1772919186.443109,1.2556931913932539,-4.679435145740398,0.47629109604139336,-0.011919361699611074,-0.0017271281450759487,0.007738468536985477,0.08388522893470735,1.1209411256916864,-7.2248480628139164
1772919186.4926689,1.2549918155881234,-4.679536707325271,0.47674648673781467,-0.011919424796912489,-0.001726378630529683,0.007738566492333915,-0.04840199052438354,1.1408202341905866,-7.194874776709605
1772919186.5330431,1.2742588929203047,-4.68674177701826,0.44911315995730733,-0.006769529055904647,-0.003600772089672724,0.0004278534776962086,-0.08727880549667848,1.0636151911616027,-7.2599527991847035
1772919186.5615633,1.2593524528853661,-4.66292801414771,0.44016689314573737,-0.010625051102672789,0.0026676664702234517,-0.0019197374721913137,0.12863606696632943,1.213096824515461,-7.14688146094317
1772919186.597063,1.2589863952587033,-4.662818160286797,0.44008944866560973,-0.010621460437374207,0.002672245487340171,-0.001922343090951433,-0.04311853734609365,1.1484994020162576,-7.188540920274902
1772919186.669495,1.2632673954102003,-4.64740713646893,0.4075649215493567,-0.009358677343430055,0.006684640448165543,-0.010345236572002956,0.24369287499419176,1.3001811119536424,-7.079518789531301
1772919186.722775,1.2627998517572279,-4.647022950648532,0.4069897694756939,-0.009349868512816956,0.0066930204102442995,-0.010352942263655626,-0.03757445126957515,1.1537305505517825,-7.184394907585582
1772919186.7452958,1.277614723316822,-4.658874175452672,0.38581005909568056,-0.005422935440732756,0.0035558363222939334,-0.015842680928233134,-0.062473285442474075,1.0847888365647151,-7.243428979862277
1772919186.783186,1.263294371541241,-4.6361958340251075,0.3799460968153803,-0.009088542083997968,0.009413181117422675,-0.01719983687030819,-0.04942852592994982,1.1394411526695905,-7.196014078154143
1772919186.811696,1.2816594106923849,-4.643262335155826,0.35157472807444684,-0.00418543443143435,0.007477523133271619,-0.024518733760654558,-0.271015722997618,0.4848540393891105,-7.75572544691371
1772919186.8443842,1.281561802176627,-4.643025592059601,0.35072804944299046,-0.00418515271192997,0.0074861456025026776,-0.024547268170981715,-0.07784108763090344,1.0854444476957426,-7.241430017758723
1772919186.8791468,1.2676094477913034,-4.621871416575677,0.34848947491039967,-0.0077963847920753185,0.012952014269070404,-0.024928829145821327,-0.04602794958381766,1.138518295512636,-7.197156435512776
1772919186.9078152,1.2673715295825192,-4.621475790532025,0.3477284087157508,-0.007796329919122067,0.012952121829001476,-0.024928777766963568,-0.05741600761283067,1.1419145171720373,-7.193069696710053
1772919186.9320035,1.2881584731987332,-4.630854545723147,0.32555416152502625,-0.0022930091703828584,0.010412551723965121,-0.030601706440869507,-0.2596695485512693,0.6285634541900432,-7.629548478754981
1772919186.9519873,1.2881341376846782,-4.630595867360278,0.3247358408891916,-0.0022912451731063235,0.010421418890164992,-0.030629168048788822,-0.0803657751267521,1.0887258110965552,-7.2382745634003625
1772919186.976405,1.273379561276572,-4.612037716814759,0.32632513738668917,-0.006131575259286823,0.015205257693178447,-0.030025521269627004,-0.05253337464961126,1.1325493276139755,-7.201865170088993
1772919187.0170271,1.2731609318206432,-4.611495407337181,0.32525449360319025,-0.006131648923869269,0.015205411316186041,-0.030025401072847444,-0.05858121016552292,1.1415324824873392,-7.193301251292396
1772919187.036573,1.2730157418571777,-4.611135361753868,0.3245435287487231,-0.006131648923869269,0.015205411316186041,-0.030025401072847444,-0.05858121016552292,1.1415324824873392,-7.193301251292396
1772919187.057337,1.2771224314539964,-4.595507866417395,0.29088984948079183,-0.0050259957412056785,0.019203472860964053,-0.03864790967089271,-0.08919385107608847,1.04530940968485,-7.2760746675374826
1772919187.0774612,1.2770158710512982,-4.595100717285833,0.29007044233641144,-0.0050259957412056785,0.019203472860964053,-0.03864790967089271,-0.08919385107608847,1.04530940968485,-7.2760746675374826
1772919187.108561,1.2768747295460574,-4.594561663873673,0.28898571354373015,-0.005027909349601294,0.019204849266781364,-0.03864696875806154,-0.061688654111732855,1.1343921776960237,-7.199369133225146
1772919187.138505,1.2843640110895698,-4.6040694396285025,0.26250713087821564,-0.0030300365508959463,0.016546946128253564,-0.0451882210623993,-0.05339798874192214,1.0886892083771669,-7.240827697345839
1772919187.1820939,1.2676465471334666,-4.585962235363305,0.26652663273358546,-0.0073496620966634904,0.021075544753146023,-0.04362951172012475,-0.05414831267392824,1.124094231860131,-7.209236834984156
1772919187.2324812,1.267308262949748,-4.584992109744085,0.2645186658338791,-0.007350027351242332,0.02107597239530174,-0.04362919632297895,-0.058843221408768846,1.1411632106671732,-7.193605162368216
1772919187.261476,1.2513794860816265,-4.5670364497270155,0.2659604653482145,-0.011471593522853332,0.0256260985776299,-0.042922498359761765,-0.0361488333387411,1.0796644294542421,-7.218658948260723
1772919187.2860672,1.2511275200133127,-4.566463793493419,0.2650112880516569,-0.011470952812062155,0.025627664199761698,-0.04292106818215071,-0.08297547625450673,1.111764064345791,-7.191365963597127
1772919187.3049107,1.2508620088553581,-4.565870605559615,0.26401782022902703,-0.011470952812062155,0.025627664199761698,-0.04292106818215071,-0.08297547625450673,1.111764064345791,-7.191365963597127
1772919187.3351903,1.2655349884256317,-4.5806802983789625,0.24183025714558415,-0.007567587765390397,0.021597306211602746,-0.048441981703362766,-0.06434513312271405,1.071762291274158,-7.22828981879466
1772919187.362314,1.250391317644256,-4.562864827680283,0.2433567903341127,-0.011476525029323528,0.02610767879995079,-0.04770922826011154,-0.005365627839983311,1.0075027114874493,-7.291092953945628
1772919187.3970952,1.2500118633606307,-4.5619869284761725,0.24177700399284258,-0.011477017600250591,0.02611181334373716,-0.04770398899951128,-0.07323476210900372,1.1069943855753233,-7.196969494400102
1772919187.449175,1.2662075721189838,-4.5780353269036596,0.22627914341009692,-0.007078502189622296,0.021535012430303875,-0.05104383151947386,-0.015412679778924248,0.7216537401717189,-7.545708867425922
1772919187.4845934,1.2507064616615498,-4.558917434640251,0.22781078934270135,-0.01105337395923086,0.02630729394086649,-0.05012848805783782,-0.023749144130222232,1.0213618757305067,-7.2614582276402775
1772919187.5242238,1.2665586347629563,-4.576443577687044,0.22113930229643572,-0.006791000157554586,0.021434876383335563,-0.05129544572978974,-0.025831801064227885,0.9959065247400118,-7.269884804028473
1772919187.5706556,1.2514191683704194,-4.558807421941309,0.2212036251915518,-0.010654886869537387,0.02577063391631301,-0.05065473583139335,-0.0006949142941132445,1.0092330767270743,-7.266797157201326
1772919187.5957253,1.251183494040313,-4.558213577614014,0.220071664084727,-0.010656221437222222,0.025776639847467434,-0.05064785764240466,-0.09066820800066275,1.1327669156552784,-7.182894571870214
1772919187.613303,1.268484090742244,-4.577216969064392,0.21824228226655784,-0.006088731839116053,0.020711228317989848,-0.0509556083871298,-0.06145668069153327,1.1438619419289704,-7.202565562133359
1772919187.6440098,1.2682643002635408,-4.576450677896179,0.21636254866661453,-0.0060894015368691224,0.02071218115081132,-0.0509567164404134,0.0016650838993322694,1.2171969078288605,-7.202646539336146
1772919187.671438,1.2538744479267674,-4.559582004998989,0.21528179789968194,-0.009809132173251883,0.02499279616528076,-0.05094412257965613,0.09024918126278487,1.1851377904930531,-7.2393080077591785
1772919187.696914,1.2535562443592352,-4.558822202134924,0.2137079513223374,-0.009817017182705718,0.024987830859155565,-0.05094242701512223,0.24463763461851734,1.2513870220459273,-7.247557893385785
1772919187.7568412,1.258767841717016,-4.557774847849372,0.20306884453486115,-0.008342627958811006,0.024850752650747678,-0.052783424633983056,0.8481965999681822,1.3605975219568476,-7.309124910828324
1772919187.8059921,1.2584920009574105,-4.557148947690536,0.20164058346873096,-0.008365973152918661,0.024835918814458065,-0.05277879511485208,1.3222479217288643,1.4587159168441084,-7.276114139829075
1772919187.8466878,1.2449803834672297,-4.539267831689173,0.1935067379746555,-0.011829553715076928,0.029191209046836947,-0.05419870810099042,2.5736403235025738,1.9706762523618646,-6.950645806415984
1772919187.8859916,1.2442824202531066,-4.538324815569852,0.19139260258145824,-0.01191820638978975,0.02912519348299204,-0.05416632188676632,4.301856790149891,2.42529836041289,-6.646937598734252
1772919187.9246404,1.2438308880694464,-4.537295716460026,0.18944587342335992,-0.011950409867646691,0.02911747138364242,-0.05415882607744271,5.7937087386141695,2.8479396059048665,-6.370856908735239
1772919187.959474,1.2496883023708114,-4.541794644415231,0.17779210798212994,-0.010393292765893299,0.027665156579628425,-0.05666156832378621,8.733734274252093,3.82713687180723,-6.055396313681087
1772919187.9846308,1.2494579480020278,-4.541184341604149,0.176541691762435,-0.010417362566258005,0.027661231828882468,-0.05665896210861457,10.013638960661133,4.286523125824702,-5.9183050269825275
1772919188.0152428,1.2492142165951172,-4.540539936982017,0.17522103743167602,-0.010460469730649112,0.027645375896945622,-0.05665876939857198,12.026344016082453,4.987071216428287,-6.023188934173696
1772919188.0610511,1.2612247062594513,-4.543133194351677,0.1655024922848068,-0.0072535234572987,0.026611053980259987,-0.058337752681145265,12.383282884249198,4.94593004004138,-6.062782772226827
1772919188.089075,1.2607013288736515,-4.543152205348077,0.16437309551801083,-0.007527759288331626,0.026407349665751215,-0.0582895548286883,17.6773436409849,6.889060060506784,-6.027344833561559
1772919188.1110904,1.260570699231155,-4.542693957081363,0.16336159350035753,-0.007527759288331626,0.026407349665751215,-0.0582895548286883,17.6773436409849,6.889060060506784,-6.027344833561559
1772919188.1519592,1.2666701767128832,-4.553828945060829,0.17524195743264637,-0.0059998105679753815,0.023165383881115425,-0.05448977943732837,23.073791111454085,8.320795428122855,-6.42710603719906
1772919188.1660392,1.266566024460816,-4.553426811214454,0.1742960553614489,-0.0059998105679753815,0.023165383881115425,-0.05448977943732837,23.073791111454085,8.320795428122855,-6.42710603719906
1772919188.1838236,1.2664467143714535,-4.553045857144485,0.17332636590742181,-0.0060142017641533355,0.023152743821342848,-0.05448969494969381,24.327120563614827,8.527031575689659,-6.4872193938294345
1772919188.1977882,1.266360135591345,-4.552723919774399,0.17255852948508305,-0.006026585721876835,0.023147463460717953,-0.054490100163337635,25.698702041537178,8.657824576702264,-6.524713968240297
1772919188.2153835,1.2795245453279231,-4.582109535033993,0.2064857052106393,-0.002584978854644097,0.015393381129127758,-0.04543573543917822,26.415077620289882,9.297881430377386,-5.910767159411868
1772919188.2332401,1.279567646407217,-4.5815006716596,0.20571588341575225,-0.002563995346816017,0.01546592847443496,-0.045410931299477694,28.382284436096544,8.853445697278973,-6.426005799975876
1772919188.2582216,1.2598355473185177,-4.578023433336792,0.23562519584301392,-0.00768773767041931,0.0162780006819812,-0.037321048261286904,28.228927025301882,8.07806600268103,-7.123756501889695
1772919188.2788818,1.25954268894229,-4.577972227418391,0.23478885141713238,-0.007743859287412371,0.016177829011196028,-0.03727160475757051,30.487637231167415,8.744551400235746,-6.4343560729899165
1772919188.2948165,1.2594418943586714,-4.57782271289779,0.23435235269499646,-0.007761374643604849,0.016164466015331263,-0.03726926563950432,32.69192467204169,8.681703635917021,-6.193821002721037
1772919188.3190548,1.2693183058503792,-4.605344247886641,0.2690455877034836,-0.005149494627868057,0.008899659882511636,-0.02799798755764468,34.88442395921334,8.451572438163316,-5.858616361706342
1772919188.345704,1.2691725835049386,-4.605092401947297,0.2682532900685978,-0.005149494627868057,0.008899659882511636,-0.02799798755764468,34.88442395921334,8.451572438163316,-5.858616361706342
1772919188.3795965,1.2508731294425777,-4.60363755283585,0.29341275963530583,-0.009876227560204388,0.009204821491528924,-0.02122752322499949,37.95889496674851,7.900020639155116,-5.676504213077161
1772919188.4043207,1.2505961226706364,-4.60344659725221,0.29283283979082964,-0.009891486604627917,0.00917931696482388,-0.02122605565966548,41.06717859812872,7.564069792163055,-5.393219613949185
1772919188.4274364,1.2591617200889298,-4.631543616538639,0.334498296562758,-0.007609274015133812,0.001795758118449297,-0.010230720253852826,41.88180617844113,8.341626520537389,-4.648711525907517
1772919188.448821,1.2422916463038263,-4.625836088139976,0.34546882361620496,-0.011970433029330593,0.0032699779957145523,-0.007316729515242407,44.30595700394111,6.984588926529666,-5.266437296022586
1772919188.4648743,1.2421488992391796,-4.6258998091617,0.34536214357039124,-0.011969775705368673,0.003239614507679207,-0.007321184197313272,45.57187379428362,6.66695949477407,-5.200430082981718
1772919188.4864826,1.24181170871987,-4.625821022893694,0.34515355205636894,-0.011970493308930052,0.003232371163772564,-0.0073220163366460415,46.7937760613755,6.322806660656358,-5.1053785041117745
1772919188.5114026,1.2415163637710835,-4.625741271418864,0.34497289780226675,-0.011970493308930052,0.003232371163772564,-0.0073220163366460415,46.7937760613755,6.322806660656358,-5.1053785041117745
1772919188.548255,1.2529361413245024,-4.646695086701633,0.3845080634050526,-0.008913717439388546,-0.002257189113341069,0.0030162013942265395,50.69613906915804,5.628148564683961,-4.467981117660295
1772919188.5674212,1.2368301808764501,-4.641772950975314,0.3911184711682417,-0.013065088895399465,-0.0009609874058969493,0.004722967737820445,50.78761266128792,5.566029414053373,-4.521053283000329
1772919188.597319,1.236460153891481,-4.641879449785737,0.39125111589619516,-0.013061505072473441,-0.0009861242462097751,0.004721235633362064,51.78407067379838,5.407928760294402,-4.450727284976619
1772919188.6218753,1.2565152858520225,-4.6537531293987335,0.42288451707361596,-0.007736452078158758,-0.004088727289739532,0.0129452584310269,53.35008068341672,5.056033993269295,-4.541490911919671
1772919188.6559439,1.2563099709544445,-4.653839364674863,0.42323502779919275,-0.007738694621172398,-0.004088034293978716,0.012946182630057246,54.34747904463569,4.399078255612976,-4.99588554902008
1772919188.6930356,1.2365828374628558,-4.652481643082369,0.43604574050372813,-0.012777545785858189,-0.003689462508960447,0.016127706598696247,54.34747904463569,4.399078255612976,-4.99588554902008
1772919188.7224526,1.2640608649888352,-4.658943153943677,0.4650773748765581,-0.0054819676052646335,-0.005368955222657892,0.023601149142610883,56.641610402473454,4.265486010461555,-4.818763151838825
1772919188.7615528,1.2415916100173112,-4.659980537841226,0.48132338423108495,-0.011303565392012375,-0.005593194651769768,0.027609976510568936,57.21951540522732,3.217523352384248,-5.6746717667894355
1772919188.7894676,1.2412485206947728,-4.660320478208935,0.48222297564110034,-0.011293155098226131,-0.005646560964123159,0.027595988328500323,59.01025067489895,2.7286832474136937,-5.8524914319102574
1772919188.8109453,1.240997341820884,-4.660456710669952,0.48283910004150155,-0.011295148104013079,-0.005660814483308722,0.027591454717823826,60.317260148293585,2.2006667364353714,-6.083935079334484
1772919188.8481214,1.275378064559615,-4.660716627996614,0.5088755223919558,-0.0022297129072027955,-0.005675189186376808,0.0341204772140123,60.533451288307596,2.5290419927916052,-5.802001358397648
1772919188.8964443,1.2502492200845614,-4.664983783496808,0.5277806392691273,-0.008707795196879796,-0.006715950862448494,0.03855581792855329,63.77628632001358,2.1506362862095,-6.08219263565024
1772919188.913797,1.2501297695858737,-4.665075910569338,0.5283095345376481,-0.008707795196879796,-0.006715950862448494,0.03855581792855329,63.77628632001358,2.1506362862095,-6.08219263565024
1772919188.965467,1.2624306225879078,-4.667636446499608,0.5739411293634348,-0.005465481183899307,-0.007296685306696706,0.04985365347356627,66.24092646375522,2.2691425430846768,-6.659752684325011
1772919188.983698,1.2623641997826298,-4.667725124200801,0.5745470082249006,-0.005465481183899307,-0.007296685306696706,0.04985365347356627,66.24092646375522,2.2691425430846768,-6.659752684325011
1772919189.0130286,1.2621969648657623,-4.667979509537255,0.5761482442841684,-0.005463278186018387,-0.007305151217034897,0.04985247232366663,67.65814819420395,2.219806584083819,-6.864795813541597
1772919189.044388,1.3110407029497286,-4.663566952823942,0.5755080485366141,0.006981286547443982,-0.006258640806881467,0.04922720487104476,-35.26214450576403,-0.7474057841867771,-0.7689545504143577
1772919189.0583184,1.2875322869882277,-4.662924074031291,0.5960307429827557,0.0010297817378811004,-0.005765151010457194,0.054427977363782194,45.33900008297799,0.9113620421496982,-5.760161145381626
1772919189.0725498,1.287544929994217,-4.6629948548929745,0.5966989751124125,0.0010297817378811004,-0.005765151010457194,0.054427977363782194,45.33900008297799,0.9113620421496982,-5.760161145381626
1772919189.098586,1.2875990272265052,-4.663779893431599,0.5984284404259035,0.0011011180395139927,-0.00587670040801252,0.054438093659062325,68.12368541382557,2.8423656428116355,-5.834235862159289
1772919189.143813,1.3320073873607068,-4.639892007167251,0.5965807345808702,0.012686724596944482,0.0004178508175933258,0.05342852620320293,73.16038130938102,3.4045006639803304,-5.551917702076375
1772919189.1730702,1.3324189402856927,-4.639845654420381,0.5983810455677968,0.012686628644939038,0.00043332076282104305,0.05342755129564802,75.25453037706708,3.209986363167555,-5.358503484390486
1772919189.205979,1.313182430259193,-4.647031282831273,0.6135848910557337,0.00758706407886599,-0.0014446662978725869,0.05689321226976605,76.40556143671188,2.8976530760038925,-4.709732533011546
1772919189.2260597,1.358602829739634,-4.619341562381406,0.6064984523491835,0.01947357815169734,0.005820081035949297,0.054852724524032365,76.48364610375428,2.7126417795301827,-4.877196417363439
1772919189.2558029,1.342136703209155,-4.626055987031371,0.6195798831308943,0.015020812908768014,0.0040177522895406895,0.057772760827897146,77.47570604332121,2.765916394738886,-4.0368445649974545
1772919189.2755978,1.3424998095302416,-4.625972052940437,0.6209475630280705,0.01503685054709894,0.004022780325931512,0.05776973511775701,79.00274464840412,2.813823407000428,-3.398125615666538
1772919189.3085318,1.342975162760305,-4.625845868042552,0.6227711982613295,0.01503876100140362,0.004025109378228291,0.057769139010900014,79.75085969793112,2.7902921509105956,-3.2437333533334813
1772919189.3309493,1.3869917922652495,-4.595914686552743,0.6124740979630413,0.026471303168574246,0.011833858881943993,0.05474373787672418,79.86218977310234,2.465715237778063,-3.5352270757670556
1772919189.3677762,1.3709977933532518,-4.601749785393869,0.6224269110306954,0.02202714555385687,0.010209361395147653,0.05679574725614568,81.5817075983368,2.4383325834069014,-3.3029320717135966
1772919189.4309826,1.3721846409182608,-4.601274329319683,0.6253704973787009,0.02203361232768949,0.010206954297375016,0.056795723097032444,82.57445709414507,2.4344117029441636,-3.300362520998443
1772919189.4898696,1.400747014409693,-4.570725697144312,0.6106846498383189,0.028975352482574514,0.0179212646713812,0.051980404545511574,83.73254169866485,2.1785820756916676,-3.6615260302467036
1772919189.525536,1.4393157550122766,-4.5353889653373445,0.5875252060859386,0.038903960979428685,0.027080052573477613,0.04555781425848969,84.0047442240408,1.6728015066299464,-4.091447637173768
1772919189.566279,1.4251741846816215,-4.538059323825827,0.5887775295170382,0.034723915473156924,0.02606522082383146,0.045334734080953426,84.4431026710393,1.836361370730346,-4.055325407065035
1772919189.595262,1.4262542289722577,-4.537253446391077,0.5901731451305285,0.034723595842786587,0.026059944471309,0.04533533165550706,84.51016339326615,1.5849609826452613,-4.038888356006163
1772919189.6178973,1.4269643692689038,-4.536721104451682,0.5910999683563566,0.03472409770635867,0.02605992633439893,0.04533499562771748,84.58075404644943,1.542920560200479,-3.9709085948742895
1772919189.6389315,1.4278036728342565,-4.536091219428599,0.5921957440849976,0.03472409770635867,0.02605992633439893,0.04533499562771748,84.58075404644943,1.542920560200479,-3.9709085948742895
1772919189.6721463,1.414697047387996,-4.536960869342887,0.5900868731501577,0.03098298460236216,0.02558215305731317,0.04435288230961022,84.75363291142284,1.3200745357744972,-3.8144674863704644
1772919189.709463,1.415694093477782,-4.536143889306446,0.591511697247291,0.030981335502098382,0.025592828107209073,0.04434857503481761,85.12345459202683,1.4529592386587171,-3.6964768243757837
1772919189.728109,1.4517498318634368,-4.500843668618778,0.5729544939830453,0.040247750566400675,0.034694928537559865,0.0392456923078158,85.30273416292657,1.5074228691803488,-3.7035047904310736
1772919189.7417731,1.452233815808167,-4.500426458013479,0.5734264280590993,0.040247750566400675,0.034694928537559865,0.0392456923078158,85.30273416292657,1.5074228691803488,-3.7035047904310736
1772919189.758667,1.445354487866901,-4.510511154048779,0.5685693804347621,0.03753908140571683,0.03281693438293849,0.03772558342998607,156.153102217507,-1.722936938817849,0.9429067752576733
1772919189.7713137,1.4457996168355483,-4.510122019109696,0.5690167208974206,0.03753908140571683,0.03281693438293849,0.03772558342998607,156.153102217507,-1.722936938817849,0.9429067752576733
1772919189.804693,1.4468212430529472,-4.508224812146712,0.5705284833337869,0.03831730912158887,0.03180930587755652,0.03780223581823751,87.97366510833191,1.964941117387995,-3.321293255671396
1772919189.8583055,1.4615976325705617,-4.479359965677768,0.5492840372587295,0.04182194218118464,0.039050388888571534,0.0319373588944635,87.69689875201409,2.0156480849931726,-3.4849562180316678
1772919189.886011,1.463321291617486,-4.477750534059261,0.5506003108395886,0.04182194218118464,0.039050388888571534,0.0319373588944635,87.69689875201409,2.0156480849931726,-3.4849562180316678
1772919189.9140131,1.4878317696905945,-4.448774028757707,0.5407950557482832,0.047822982577296634,0.04626276308693741,0.02908745083546451,88.04442921977804,1.758008309206899,-3.9094195739721913
1772919189.9540238,1.4891316011085927,-4.447328080494038,0.5416023119501583,0.04778464658902896,0.046305312921786405,0.029070760648614993,88.71121890123256,2.0575535767966615,-3.926265176485711
1772919189.972346,1.4728425669988332,-4.449305601255485,0.5297326690765771,0.04300328525743674,0.04530819819313464,0.025658318142665074,89.39433250486783,2.363775464532863,-3.9738086002478674
1772919190.0060952,1.4734830326970154,-4.448679479276604,0.5300742271239266,0.043000259119637646,0.045307667308099986,0.025658477905687725,89.67620629020196,2.299383978420799,-4.240258793648657
1772919190.0210161,1.4739939438614824,-4.448146161182974,0.5303763754962308,0.042997738801228196,0.04530939270271878,0.02565941812362344,89.85706699907085,2.283234624235479,-4.317359745497925
1772919190.061503,1.4768391438177904,-4.424512780209177,0.5072943698852532,0.043260584129726075,0.05097328223882019,0.01937472460255912,90.05437788016997,2.3003666271881444,-4.35326894499046
1772919190.0848436,1.4779023652853875,-4.423260002674143,0.5077705452199286,0.043260584129726075,0.05097328223882019,0.01937472460255912,90.05437788016997,2.3003666271881444,-4.35326894499046
1772919190.1431434,1.4773050591733647,-4.401399894866145,0.4852448869316414,0.04241247802558849,0.05586654815278529,0.013180084861809003,90.28804585259851,2.7361669381952742,-4.018635715668025
1772919190.174702,1.4788289648461543,-4.399392426440588,0.4857194820732783,0.042405973802939353,0.05586241835536437,0.013211575787936808,90.31720914811747,2.1386422291081675,-4.56749745727929
1772919190.2069821,1.4797908491887144,-4.398124834229125,0.4860193836825694,0.04239478489669784,0.05586931459658573,0.013218331847607375,90.6458425782064,2.028846493701178,-4.7156031420654445
1772919190.2396896,1.4876253408804878,-4.377323146653951,0.4812272288609237,0.0440886789139337,0.06084543757319781,0.01186695163741423,90.84081743482409,1.9455191997067018,-4.797559286365737
1772919190.2781792,1.4764103452754929,-4.37537074346402,0.45745073947112164,0.04065289755239587,0.06063365234927543,0.0055650829442734796,91.00700346808225,1.906940773134332,-4.917367921320082
1772919190.2917862,1.4769459379425594,-4.37457190890287,0.45752405817153474,0.04065289755239587,0.06063365234927543,0.0055650829442734796,91.00700346808225,1.906940773134332,-4.917367921320082
1772919190.3058841,1.4774934332311394,-4.3737535068731495,0.4575984958829665,0.04065510967623283,0.06063205440817688,0.005566555106993309,90.88357541823683,1.8964436937097422,-5.011745564061894
1772919190.3224282,1.4818938740045866,-4.357506937513942,0.4551704911598046,0.041674425626960866,0.06467882555879426,0.004913966105998351,90.65774259090422,1.8219453767567884,-5.067869802491593
1772919190.3720794,1.4710486962613858,-4.3554555268761295,0.4310480800050077,0.03828142292222031,0.06433186100515045,-0.0014559526290772013,90.4751529303651,2.065575475550395,-5.044742407283559
1772919190.3953156,1.4718967316948732,-4.354030404885616,0.43101582677812417,0.03828142292222031,0.06433186100515045,-0.0014559526290772013,90.4751529303651,2.065575475550395,-5.044742407283559
1772919190.4310527,1.4765360995202665,-4.337511874581619,0.42899288189529916,0.03911777387561488,0.06798953073189418,-0.001966259741463607,90.06012894776305,2.0119460311632866,-5.171637747712757
1772919190.4828644,1.467983363276882,-4.334248344002683,0.4016204387441113,0.03642369075205657,0.0680043926293632,-0.009045865476041746,90.06400865811243,2.3121190403753995,-5.197825394380756
1772919190.5107188,1.4690367439251393,-4.332282078384587,0.4013586726465457,0.036422549094499705,0.06800505734041423,-0.009045406765416743,90.10259568912251,2.3627128838667035,-5.314381161336502
1772919190.5363336,1.4727663131990487,-4.319394852075315,0.40051280909546877,0.03721592557419249,0.07102843723651361,-0.009220180530686965,89.98358356456126,2.3438756414048587,-5.3262018766210435
1772919190.563724,1.4632902601866955,-4.318468718782336,0.37608584026301783,0.03448680180805652,0.07079996106111079,-0.015555942605981778,90.07653008060014,2.611791498566217,-5.467267764357405
1772919190.5880675,1.4645275602487313,-4.315927631411786,0.3755262926528209,0.034490937315981886,0.07079799603394918,-0.015556225952510907,90.00802157207465,2.770610095631186,-5.7936251274437724
1772919190.6099813,1.4652919023229858,-4.314358668110996,0.375181575974169,0.034492103305944384,0.07079698325721451,-0.015558258763445208,89.97403515763386,2.885652880650798,-5.865046617994611
1772919190.6439934,1.4677354313016102,-4.305766350219134,0.3825300845741106,0.03482311052083115,0.07240793368497879,-0.013509921181014557,89.97568732429501,2.931378758025477,-5.897644869522321
1772919190.678508,1.460361114926172,-4.304120248166681,0.3557718085454968,0.03262545711347266,0.07226077185889383,-0.020373352446651817,89.96904714239184,2.929821941721967,-5.8415563988756665
1772919190.6964536,1.4609967707975213,-4.302712046435279,0.35537414134266126,0.03262600828269008,0.07226091620215704,-0.020372176087028508,89.95558867777154,2.8950200130106776,-5.881037352095241
1772919190.7169898,1.4617870423923989,-4.30096173272851,0.35488068373215864,0.03262600828269008,0.07226091620215704,-0.020372176087028508,89.95558867777154,2.8950200130106776,-5.881037352095241
1772919190.7545729,1.4564741531328276,-4.294847926775955,0.33938196916630936,0.030855550487679153,0.07301188348589852,-0.02421411865260399,90.09889546442876,3.4155300720346133,-5.421644325071859
1772919190.7930217,1.4573352182945307,-4.2927855016936824,0.33862362025194676,0.030863001777469153,0.07301861370999158,-0.024206881113232295,89.97169211956259,2.894201876411671,-5.891106327175396
1772919190.8122666,1.4580131985405436,-4.291181471792652,0.3380918577445055,0.030863001777469153,0.07301861370999158,-0.024206881113232295,89.97169211956259,2.894201876411671,-5.891106327175396
1772919190.8356566,1.4503018803465813,-4.288476503967786,0.32923237827243373,0.02865573110033536,0.07328936351624718,-0.026397605050711266,90.03634804792092,3.425593047898721,-5.387404344674276
1772919190.8637018,1.4510385197116409,-4.286592723636697,0.3285541606613815,0.028662368332116238,0.0732965254684897,-0.0263699497199068,90.0106318869089,2.8749868438362918,-5.910507895117121
1772919190.9001043,1.4521634022324577,-4.28371613941624,0.3275193133086131,0.028662816419394558,0.07329730799276546,-0.02636728295105738,90.0150052786451,2.8183220606584074,-5.967613152737667
1772919190.9232726,1.4520873742993994,-4.278918480152789,0.34004192412438905,0.028353823068940662,0.07381018062684003,-0.022843471490610598,89.96077853985904,3.134293321923986,-5.68342434001235
1772919191.018741,1.4479809257257987,-4.275379661061919,0.3117826255277419,0.026718316689331043,0.07321466460010531,-0.029631871318516634,90.01263358179361,2.7772377534587043,-5.987995639158083
1772919191.0640638,1.45019428266663,-4.274397531331018,0.30289362265354575,0.026987489633428473,0.07264492452726357,-0.031639830929185,90.08984467791251,3.41263586436234,-5.423429003772027
1772919191.1223571,1.451764785013916,-4.270171918475323,0.30105472051128757,0.027004846956081744,0.07266100027766184,-0.031587952616238674,90.0051635630688,2.590871187586423,-6.16389043408435
1772919191.137169,1.4566080453610002,-4.27155378373945,0.2950482713431674,0.028226519123537547,0.07217486686639198,-0.033130493246594964,90.10568069417617,3.121908175691101,-5.6942700510933735
1772919191.1875815,1.4583271252526764,-4.267159061173621,0.2930324538859789,0.028235307344869398,0.07218145998673212,-0.03310825591220075,90.01108045853924,2.582684656661883,-6.176709302825227
1772919191.2287912,1.4595529655426067,-4.264025537524048,0.2915956625291306,0.028238052871888165,0.07218399760498916,-0.03310037619609347,90.0005670767605,2.4673472103637755,-6.283599760860528
1772919191.2838364,1.4665175485673392,-4.266859105798193,0.2981504619656504,0.02968372138728687,0.070514449420805,-0.030966771500337782,89.9999270282114,2.437702396289255,-6.321668749486218
1772919191.309749,1.4671750640119283,-4.265297212230444,0.29746471163679244,0.029685141273448068,0.07051604374911079,-0.030961802066781587,89.99491021248667,2.356190929693317,-6.387222610425093
1772919191.3495321,1.4681679083522816,-4.262938744258354,0.29642916831004923,0.029685141273448068,0.07051604374911079,-0.030961802066781587,89.99491021248667,2.356190929693317,-6.387222610425093
1772919191.3862839,1.47353096472752,-4.266365443088886,0.3065118176779722,0.03071281120538364,0.06875940689985449,-0.027960104089779513,89.9818579961545,2.28361563789571,-6.465762856625461
1772919191.4285114,1.474882326153192,-4.263340018284987,0.3052817270389402,0.03071313086012071,0.06876046788631543,-0.027957154539069325,89.98869270237692,2.248138939656526,-6.499134004800505
1772919191.484621,1.480205030205142,-4.264197960559941,0.31052070891296685,0.03166884064247861,0.06760613128133354,-0.02622911968804735,89.96992938085967,2.168784012553116,-6.572432741460168
1772919191.5279672,1.4817765485824372,-4.2608431084222875,0.30921912847068334,0.03166884064247861,0.06760613128133354,-0.02622911968804735,89.96992938085967,2.168784012553116,-6.572432741460168
1772919191.5794964,1.4846773838693728,-4.266635053712701,0.3261415339707307,0.03202429830120536,0.06525748636166664,-0.02150768261623108,89.95563986937111,2.0892485032788337,-6.646563626592112
1772919191.6101043,1.4965185194170834,-4.249171069211382,0.31832679492477595,0.03491400211813622,0.06936122825085683,-0.023362722267763394,89.77540543977815,1.6215806715313592,-7.049820789959848
1772919191.6416185,1.497760606044577,-4.246623575246419,0.31736056991727807,0.0348875212898463,0.0693654794030092,-0.023433121538067543,89.97647204470933,2.064325194612992,-6.674008993616394
1772919191.6601124,1.498440816591222,-4.245270919727012,0.31690383491920726,0.03488745285637238,0.06936560887147328,-0.023432802744388866,89.9803791790546,2.059872247667596,-6.681987349905146
1772919191.6843426,1.4992895115663034,-4.243583493757319,0.3163338602780462,0.034887626065144305,0.06936571833237691,-0.02343220457241016,89.97894379373925,2.0467181270136017,-6.698111413732614
1772919191.6981459,1.4996927446978041,-4.242781760908837,0.31606302954826093,0.034887626065144305,0.06936571833237691,-0.02343220457241016,89.97894379373925,2.0467181270136017,-6.698111413732614
1772919191.7286863,1.5132478559492724,-4.2220341977816425,0.30161333300289905,0.03813367433946084,0.07419062871019426,-0.027005859919770163,89.91900235616961,1.8292019117506852,-6.891689893962491
1772919191.8122375,1.5036159764747574,-4.243368774322949,0.3224644061283497,0.034830523592226194,0.0671366309010159,-0.021120052031634074,89.96553289837401,1.9629600615433356,-6.776154056560928
1772919191.8513043,1.5183885978988254,-4.220447287693572,0.30356464679834794,0.03836559206589748,0.07249106878175013,-0.025826583440868238,89.83703640723398,1.4821165747556895,-7.194276235978055
1772919191.8893447,1.506861916186236,-4.246198018467479,0.324292986194776,0.03496095186910522,0.06505885452207236,-0.02022352787673259,89.93826597683467,1.8792018346059058,-6.852441985216427
1772919191.931628,1.508408467140244,-4.243320522176236,0.323398839686287,0.03495932149861305,0.06505899429740489,-0.020225659781176304,89.97220702791238,1.919377168977241,-6.819662794128201
1772919191.9780157,1.5084025677486461,-4.245804934970378,0.3207946213876038,0.034659339231085114,0.06384773147573347,-0.020710164741766943,89.9210778328122,1.8063826161535352,-6.920225661118193
1772919192.0197604,1.5103836551627707,-4.242156293785621,0.3196118917800062,0.03465651659069798,0.06384764076376713,-0.020714732967961495,89.972094878076,1.8877188782598806,-6.855716159440684
1772919192.0616636,1.5230421795362756,-4.217856666145733,0.29862619562748965,0.03753502579348599,0.0694064434326791,-0.025925203527847454,89.95918959261117,1.8306608056867824,-6.901939947469018
1772919192.0839105,1.5238222232630272,-4.2164142784118415,0.2980874243878502,0.03753502579348599,0.0694064434326791,-0.025925203527847454,89.95918959261117,1.8306608056867824,-6.901939947469018
1772919192.1085706,1.5246781891072552,-4.214831104430587,0.29749573695350523,0.0375338130784386,0.06940643455946567,-0.025927120508356744,89.97656354369899,1.8573090576625484,-6.88297311229898
1772919192.14023,1.5362493349292872,-4.1950433258549555,0.2808282187621876,0.04023245746601974,0.07397193939574437,-0.030040234280794685,89.89694390115933,1.6170776528528685,-7.09065891556481
1772919192.1935341,1.522602671699002,-4.225407586683944,0.30904681791859306,0.036100883563378774,0.06500046465968065,-0.02226258515436714,89.79951584867855,1.460463294400265,-7.218031765992098
1772919192.2095523,1.529591095183823,-4.207205222999008,0.29196476070856076,0.03779752995859424,0.0695359498679945,-0.02666581629067326,89.92984994689039,1.740617732867436,-6.9873418575083335
1772919192.260677,1.51857649513709,-4.234293646534055,0.3155926169287189,0.03439329342484547,0.061498520088869045,-0.020135341286437316,89.9320640155105,1.7298066971462758,-6.993707347833912
1772919192.296899,1.5198121367595385,-4.232084200343423,0.3148692181698854,0.03439329342484547,0.061498520088869045,-0.020135341286437316,89.9320640155105,1.7298066971462758,-6.993707347833912
1772919192.310883,1.5201076657864347,-4.231556981553703,0.31469769574648726,0.034391758540104615,0.061498447843268286,-0.020137598291270403,89.96811471164037,1.7829482768725606,-6.948885984442676
1772919192.3330116,1.5305818846830093,-4.209838255423693,0.29597690805839644,0.03688378844462369,0.0667317188453488,-0.024869071746605846,89.95739922803274,1.751703689980976,-6.983193783174089
1772919192.354757,1.5177541117572835,-4.237528724333698,0.31959483342214695,0.033337740112220765,0.05914275130965427,-0.01857217039995079,89.78573316652154,1.3996114947496363,-7.282265934947007
1772919192.3968801,1.5187859858404582,-4.235729823099421,0.31907159777966676,0.033334409151654004,0.05913882710170451,-0.018572069470542275,89.95239535202032,1.7342237237644347,-6.995429214034307
1772919192.4434118,1.532259063678775,-4.211448819637817,0.3028341053126688,0.03635662133622236,0.06459795727047268,-0.022522944605683576,89.95288892588381,1.705730432860221,-7.020305816612367
1772919192.463461,1.5182553956493454,-4.2359000599191114,0.31935897800021096,0.03252685352586924,0.05790343057574399,-0.018094324062747316,89.88369532745527,1.5499033023852504,-7.157050597185851
1772919192.5172753,1.5200791411648642,-4.2326629910576115,0.3183607038666909,0.03252326201984224,0.05790198749762846,-0.018099617171685074,89.96471428656942,1.722003617745899,-7.011315960094565
1772919192.5606623,1.5203898472479367,-4.229107631519521,0.30965019541888367,0.03200666967491505,0.05775851297410059,-0.02001344263048539,89.9700660132721,1.7086396910224184,-7.0235340971778495
1772919192.6244934,1.5352055104855693,-4.205831192404616,0.29107879287311256,0.035651675373119265,0.06341661756829683,-0.02469557186746915,89.78821162882413,1.0831632798789843,-7.5639582959110205
1772919192.6583397,1.5230610199055619,-4.228093577290149,0.3023633121257148,0.03207207972568207,0.05688054772452196,-0.021484627476567045,89.75223006307102,1.3274759695628588,-7.347947760737892
1772919192.685002,1.523981836622211,-4.226507439367188,0.30181317091329996,0.03206676299376995,0.056874942267458414,-0.021485790429892,89.95059764712904,1.6679766605535584,-7.066115746850748
1772919192.7076075,1.5245500438605182,-4.22549964341719,0.3014324532947058,0.03206676299376995,0.056874942267458414,-0.021485790429892,89.95059764712904,1.6679766605535584,-7.066115746850748
1772919192.733223,1.5266980367199985,-4.227117810678476,0.29696798328495855,0.032419374614165476,0.056076320485706835,-0.02249374144168895,89.77401501834022,1.1733698220989794,-7.487067333306162
1772919192.7688513,1.5279663760686553,-4.22492370093214,0.29608756022120564,0.032409304662072536,0.056073636877765565,-0.02251494720347552,89.95299346892732,1.6367672195980594,-7.090119260425751
1772919192.7827063,1.5283510096973738,-4.2242582190079645,0.29582035282710767,0.032409304662072536,0.056073636877765565,-0.02251494720347552,89.95299346892732,1.6367672195980594,-7.090119260425751
1772919192.8074446,1.5292204494515687,-4.2227539030817764,0.2952162924309109,0.03240861037322774,0.05607355107637719,-0.022516160315053435,89.96704681919445,1.663274740856894,-7.063742227976014
1772919192.8503282,1.5302927408912168,-4.222517293114685,0.28777993545060115,0.03233738725115805,0.05551133498863547,-0.024144114851762898,89.69367172944155,0.9701425156753628,-7.658622151771686
1772919192.8708987,1.531372986970537,-4.220879224234002,0.28084447934150425,0.03168466034430625,0.057031333610914024,-0.02353587663698317,10.701734571176798,-70.94451434534848,98.54781023571383
1772919192.8893123,1.532005961922975,-4.219739890395876,0.28037429533975106,0.03168466034430625,0.057031333610914024,-0.02353587663698317,10.701734571176798,-70.94451434534848,98.54781023571383
1772919192.911967,1.536504341521458,-4.202317162444592,0.26973928086201876,0.03314642524775483,0.06037207757185958,-0.027786460749751163,90.03669127971587,-15.27630809013352,-0.4808167397234868
1772919192.9352226,1.523731277570621,-4.226755132039605,0.2868853181968955,0.029507040735066836,0.05341165434802703,-0.023006743408516335,89.88007281798264,-16.08478768129515,-1.1618574303431868
1772919192.9729927,1.5245065731848924,-4.225969378412644,0.2875401428997252,0.029621851637429586,0.05307612046753393,-0.02308473635449775,90.03059382493902,0.17633835644330267,-6.608359002595472
1772919192.9964557,1.5252968203757782,-4.224559387900853,0.286934630496564,0.02962739327810214,0.05306205914981752,-0.02310528307294086,89.97474364579251,1.476042064841956,-7.047739323379897
1772919193.0138063,1.5257466225605436,-4.223753904821221,0.2865839489082712,0.029627871714609625,0.053060874908026884,-0.0231073322711325,89.96840792711696,1.610241272206126,-7.0931962428009925
1772919193.0443492,1.5352700149529153,-4.199447787383726,0.26672547230586535,0.03184242736156659,0.0589134186544455,-0.02807068071357593,89.94533625713228,1.586705943152126,-7.131353893671056
1772919193.0623488,1.535728713097157,-4.198599124827292,0.26632110711709645,0.03184242736156659,0.0589134186544455,-0.02807068071357593,89.94533625713228,1.586705943152126,-7.131353893671056
1772919193.085983,1.536521401750235,-4.197131841984607,0.2656212709575354,0.031841498755705556,0.058913289444955115,-0.028072286010766678,89.96534985930981,1.6239526576583783,-7.1024253083820925
1772919193.1007872,1.536896795403167,-4.196437277935719,0.2652903006155463,0.031841419566495256,0.058913272591360144,-0.028072414109451632,89.96732842517434,1.6276324145978716,-7.099566162625431
1772919193.1293795,1.5505421161706805,-4.1713110908848385,0.2429006981621116,0.03512282359592021,0.06495377622080457,-0.033667464788984705,89.95304174023107,1.5885285354707186,-7.133222520391014
1772919193.1520672,1.5366701113048535,-4.199984266569266,0.2659726677604715,0.031367891732966814,0.057218793410183544,-0.027506704602951026,89.93252383702041,1.5541381603144042,-7.162114152636147
1772919193.1724827,1.5375930113405722,-4.198300786310804,0.2651633708247171,0.031367891732966814,0.057218793410183544,-0.027506704602951026,89.93252383702041,1.5541381603144042,-7.162114152636147
1772919193.1863728,1.5379934337023862,-4.197571709640854,0.26481462710337206,0.03136667889862049,0.05721828002387009,-0.02750842541693877,89.96375310618679,1.62004125910772,-7.106058820727191
1772919193.20012,1.5383982543978199,-4.196833246254735,0.2644596013149052,0.03136667889862049,0.05721828002387009,-0.02750842541693877,89.96375310618679,1.62004125910772,-7.106058820727191
1772919193.2215345,1.5480107924820223,-4.1778928710075105,0.2517711108757931,0.03369485781884512,0.06183002631246449,-0.03065868954245491,89.94802627663125,1.5908191378418166,-7.1307699000596765
1772919193.244044,1.548849841280114,-4.176353217403913,0.2510076668882872,0.03369485781884512,0.06183002631246449,-0.03065868954245491,89.94802627663125,1.5908191378418166,-7.1307699000596765
1772919193.291528,1.5400790139102452,-4.20053902465042,0.26940558635901507,0.031011611963250287,0.05481764202236244,-0.025527474827091463,89.96420713641444,1.6228216232315242,-7.10362151444941
1772919193.3118372,1.5411868207040094,-4.188849779103834,0.26660622498058356,0.031142946690981704,0.05758979951760916,-0.026128033941104745,89.94392988580977,1.6190869648061736,-7.105271212680925
1772919193.3273478,1.5415486363113915,-4.188180706633004,0.2663026721227278,0.031142946690981704,0.05758979951760916,-0.026128033941104745,89.94392988580977,1.6190869648061736,-7.105271212680925
1772919193.3474526,1.5325533787191532,-4.212598920323519,0.2837409569876373,0.028638079144049314,0.05092808217982735,-0.021445852321258212,89.92643634435694,1.5704682917054484,-7.147085498974997
1772919193.363102,1.5330103455894135,-4.2117882742445065,0.28340119092528226,0.02863742681197165,0.05092784757652152,-0.021446513487585646,89.96179658150578,1.6199969211509302,-7.105937650072851
1772919193.3802474,1.5334782133625386,-4.210956233754551,0.28305080565594154,0.02863742681197165,0.05092784757652152,-0.021446513487585646,89.96179658150578,1.6199969211509302,-7.105937650072851
1772919193.4119027,1.534491962147399,-4.209153416625233,0.28229161115392576,0.02863742681197165,0.05092784757652152,-0.021446513487585646,89.96179658150578,1.6199969211509302,-7.105937650072851
1772919193.4615648,1.5354376918155757,-4.217698343117418,0.28988838921853016,0.02857864765261498,0.048115329991943546,-0.019178028049669546,89.51641919520607,0.955156111489687,-7.656134223421124
1772919193.483562,1.5362915277546598,-4.216260815405562,0.28931541285559603,0.02857864765261498,0.048115329991943546,-0.019178028049669546,89.51641919520607,0.955156111489687,-7.656134223421124
1772919193.5465643,1.5408625460324115,-4.220846406486764,0.2932810846705929,0.02921111255290048,0.04602469018503614,-0.017801352732893357,89.82081113713708,1.3521657506597184,-7.332084086039703
1772919193.5963027,1.5422439419396063,-4.2186833540549475,0.2924613605960811,0.029206777335788595,0.046022653401067586,-0.017806463099890393,89.95612974569241,1.6066716047539769,-7.1173298227511035
1772919193.6505308,1.5356590737749367,-4.230446615465976,0.30872459990307316,0.027148242326959685,0.04239549187550454,-0.01331789686102583,89.67091275498183,0.9910224374844585,-7.638843740916144
1772919193.7104626,1.5377220671855807,-4.227279287318834,0.30781133269074656,0.027140804922964275,0.042388077288629374,-0.013320392342071942,89.94634000471113,1.583016536166263,-7.137580400093734
1772919193.7485645,1.534768405805608,-4.233652470307942,0.31661605343635046,0.026154035634277158,0.04037496324552895,-0.010893205138067609,89.58818006982622,0.7829338107652986,-7.814942878563817
1772919193.8142297,1.5365510298931315,-4.230899546645599,0.3158718173288387,0.026141351372938524,0.04037479684784125,-0.010922204673827625,89.96524439783684,1.6229906963609673,-7.103556579670887
1772919193.8442292,1.5495859045514329,-4.206654300621185,0.29758748712485045,0.029353999329689937,0.04640742159362174,-0.015611480932090697,89.94399000089244,1.5743306627367841,-7.145109056119481
1772919193.8791268,1.535016057288407,-4.2342684344528525,0.3204059910981509,0.025256558148423553,0.03873535466436733,-0.009498634019295838,89.93399523789392,1.549635095937306,-7.166248417696148
1772919193.934001,1.5337333991117241,-4.237352919592544,0.32119044786534545,0.02460795008714449,0.03744405209538057,-0.009169734932385648,89.74161928292071,1.2244747969567742,-7.43842111599728
1772919193.9646916,1.5346222511326695,-4.236000878180057,0.3208599305947826,0.024603991796056518,0.037444548321882765,-0.009177840218519185,89.9633121077471,1.620527289028457,-7.105590228961864
1772919193.986018,1.535079292590038,-4.235305311742001,0.3206894438906845,0.024603991796056518,0.037444548321882765,-0.009177840218519185,89.9633121077471,1.620527289028457,-7.105590228961864
1772919194.0142264,1.53579003226447,-4.234223640595247,0.3204243159804526,0.02460391662854375,0.037444559343753424,-0.009177996637112029,89.96713732727012,1.6273132278636098,-7.099864137433452
1772919194.0518186,1.5258367991822437,-4.2466159398112175,0.333316689532517,0.021739606250403255,0.03378760009205834,-0.005700706516826209,89.93902809074194,1.576917063973781,-7.142405979269058
1772919194.0708375,1.5262333860706163,-4.245999566219545,0.3332126938376091,0.021739606250403255,0.03378760009205834,-0.005700706516826209,89.93902809074194,1.576917063973781,-7.142405979269058
1772919194.105081,1.527003015160022,-4.24480429115768,0.3330121646810536,0.021739304586316593,0.033787589054867374,-0.005701253310170521,89.96412911875012,1.6219176819939638,-7.104421316841934
1772919194.1440327,1.539670997175032,-4.2226677775820125,0.3174005386045793,0.02481662929279419,0.03920543856387873,-0.009703842406811432,89.94711182033271,1.5789659252821904,-7.141244701370897
1772919194.1684947,1.5256073542383881,-4.249929486590864,0.3369292907755969,0.020982166468392894,0.03183114623605018,-0.00454038993744178,89.93367508685417,1.5589360062525972,-7.157946233867087
1772919194.1847122,1.5257499716032352,-4.249713127893917,0.3368984294034297,0.020982166468392894,0.03183114623605018,-0.00454038993744178,89.93367508685417,1.5589360062525972,-7.157946233867087
1772919194.209246,1.5265190581637664,-4.2485474310647335,0.33673376941343297,0.02098168798988091,0.03183116590039582,-0.004541450505639221,89.96433538471216,1.62149271822921,-7.1048151581208865
1772919194.2465923,1.5444271260781721,-4.2225548849379635,0.31765461423238994,0.025447122361905567,0.03829523744931567,-0.009448691294927224,89.8474732950044,1.1661020089086973,-7.499628994134852
1772919194.2781682,1.5314041434737022,-4.248633001746264,0.3352653073593291,0.021872119175255365,0.03123272507976848,-0.004809993613539581,89.9315938808617,1.549482515560798,-7.166077668714967
1772919194.313236,1.5321945949427977,-4.247504876424684,0.3350926248252838,0.021871505865203138,0.031232802414333127,-0.004811556963538506,89.96436023947842,1.6210824179016445,-7.105173136026942
1772919194.3459241,1.5374759973768009,-4.2301452933320745,0.33000144955544664,0.023026263771381183,0.03543880888098216,-0.006089021242876909,89.95637103246125,1.6207473376737336,-7.104819697768846
1772919194.504037,1.5183225264938056,-4.262506461609346,0.3650194933049688,0.01726986390167307,0.025881710399372246,0.0030660178106078125,89.96476376615526,1.6263751529252395,-7.1005034763518236
1772919194.583765,1.5133087522187565,-4.254286613852874,0.37448369020012284,0.015591920368605806,0.027415539083544466,0.0054323438604619925,89.84130227736745,1.719463272975811,-7.007616757668123
1772919194.605613,1.5060021225545284,-4.2766132104846335,0.38679642697117683,0.01359634540694057,0.021437118060436557,0.008626972349042287,89.9271746542875,1.5936565334086499,-7.126639924629487
1772919194.6380572,1.4912403216677974,-4.2919427276980775,0.4097843492483754,0.009647106212049388,0.017278761494741376,0.01460127154345766,89.28757291817692,1.5277549925596237,-7.131501876425068
1772919194.6796215,1.491750282734284,-4.291041622711852,0.4105502385834124,0.009639661652006548,0.017283667540065207,0.014599936395330105,89.92582771574644,1.621916053775856,-7.101247941421327
1772919194.7524543,1.485017764460933,-4.284875063712952,0.41976813528495405,0.0077078366718230425,0.0185558014852455,0.016715685455914897,89.95605017243612,1.6355959511988754,-7.0915762436817955
1772919194.8074505,1.4790305730469773,-4.3053261718419105,0.43032575721546906,0.006033787123968079,0.01294858453294042,0.019226285199732168,89.94624659661352,1.6104168339234595,-7.1131850489549775
1772919194.8966558,1.4688005856414392,-4.317083809439082,0.44452878434117543,0.003258054712941613,0.009627626869973763,0.022479304655498168,90.41234870853644,1.692635748570549,-7.077980844390045
1772919195.0050082,1.4590962964028622,-4.328525990429658,0.457085372887345,0.0006691803231164404,0.00641739633158972,0.02510765967266721,91.07434294758995,1.7443209836370424,-7.158095206792402
1772919195.0741355,1.4516047092060993,-4.336019775234626,0.46840998980915255,-0.0012910699310359451,0.0043366221696505836,0.027585501504790156,90.75435793108004,1.6280835166393364,-7.136391444143031
1772919195.151143,1.4515105928577372,-4.335703979937903,0.470418788381487,-0.0012922042142868365,0.004336135550523621,0.02758554046270363,91.3148044802665,1.6777927184956505,-7.192473212713114
1772919195.2027051,1.4438764187342137,-4.3412797981309215,0.4749220599679582,-0.00325966843620068,0.0028228251925639315,0.028356273398301525,91.67704913894484,1.6720655385290497,-7.241421834101517
1772919195.2250767,1.4367706577836585,-4.330060814457361,0.4682196849647324,-0.005097739600065966,0.005742895997302469,0.026347987429026873,91.79987539380176,1.6193375658946556,-7.281712484970807
1772919195.2737114,1.4365652315801207,-4.329829390058588,0.4692814432052543,-0.005097739600065966,0.005742895997302469,0.026347987429026873,92.143812967512,1.6632374765437345,-7.271861410648034
1772919195.357053,1.4308199094499114,-4.36176345968345,0.49823994471583094,-0.006478626293783589,-0.002651546117989201,0.033315313957572715,92.64002274121319,1.7194518848098093,-7.23357392991728
1772919195.4699082,1.4073706032933733,-4.362658527093931,0.5171511931093645,-0.012251373777590802,-0.002909509156148893,0.03707265936480181,92.87852545235312,1.502068147790153,-7.51659646850174
1772919195.5945272,1.4035430197704462,-4.3720887497834395,0.548854576306334,-0.013034878265611057,-0.0053234901651281145,0.04474009933523832,93.48419184541513,1.8285734419657276,-7.24285776418606
1772919195.6306434,1.4027043858808086,-4.372433263716741,0.5517379308195156,-0.013031175116141241,-0.0053342206641186,0.04473990927706626,94.81149682138049,1.896600500896997,-7.238032730539197
1772919195.6470358,1.4077244539473581,-4.377210873256486,0.5757842449823697,-0.01166432564042294,-0.006563621150026996,0.05087087644735616,94.72405393634816,1.9823636925294192,-7.154742325109271
1772919195.6644256,1.407456122685635,-4.377361994885784,0.5769543851751363,-0.011666005779900866,-0.006568273231824245,0.05086986803716679,95.13830920823968,1.9000349325299477,-7.247339305610696
1772919195.6801572,1.4073209859485691,-4.377438080482642,0.5775436518111393,-0.011666005779900866,-0.006568273231824245,0.05086986803716679,95.23719752411884,1.9126006089973546,-7.24404974702726
1772919195.7015672,1.4070232589143732,-4.377605731133992,0.5788418616838563,-0.011666259111475445,-0.006569197687184829,0.05086969018506407,95.47872036184441,1.9019226664109659,-7.256126471276315
1772919195.7247057,1.4155638290207482,-4.365508140482769,0.5924786168477112,-0.009361764993891191,-0.003362595353274078,0.054152221437126495,95.74046121121982,1.9442519318805425,-7.235841284140689
1772919195.7418816,1.4154462261870568,-4.365550381528379,0.5931588790307339,-0.009361764993891191,-0.003362595353274078,0.054152221437126495,95.84770606230839,1.9578569102288852,-7.232190052416407
1772919195.7786815,1.4166709208549342,-4.377356890661445,0.5999959967548548,-0.008954640109631892,-0.00641313344514727,0.055426685380216424,96.08542285944459,1.939325181838654,-7.258042731678991
1772919195.8264453,1.416323868280519,-4.377601883356903,0.602128927319797,-0.008955514616022857,-0.006412040770948265,0.055426735664576766,96.2485358379363,1.978073593019997,-7.237834105104587
1772919195.8746507,1.4285831905508362,-4.3694315530815615,0.6107816147819595,-0.005637286091938686,-0.00419287332713622,0.05690054679790766,96.33435376043387,1.9824899176595305,-7.2514615157182325
1772919195.9210458,1.441718193936928,-4.344711613970102,0.6065861556073707,-0.0021074782856879658,0.002351114811971454,0.05489275364881463,96.5261998811932,1.8741510681176046,-7.369913654903151
1772919195.9704146,1.4422300271007902,-4.3570654035580105,0.6120676746356332,-0.001954535355568914,-0.0009168568315184515,0.05588622937785498,96.50851931113118,1.9143199381771054,-7.348551957965002
1772919196.0003016,1.4421659995044787,-4.357095438389009,0.6138984222472245,-0.001954535355568914,-0.0009168568315184515,0.05588622937785498,96.78811378240938,1.9503338522259592,-7.339124272244393
1772919196.190858,1.4730926713766443,-4.327112960490054,0.6040833668466244,0.005988934888824719,0.006695405445306486,0.05028321011870016,97.46381224480581,0.7752199688960097,-8.422957717683667
1772919196.241051,1.4887222858708897,-4.297407485503922,0.5915798409532247,0.010086357893958411,0.014551695527393887,0.04644571611534119,99.47552978123234,1.8380368037700947,-7.498575731373494
1772919196.3197203,1.5027996263773107,-4.287771221033754,0.5927285561390878,0.013604394456877725,0.016823051733136498,0.04598734511030759,100.2223016982337,1.4235626616098338,-7.835140586627513
1772919196.358582,1.5004135078903849,-4.30475039104236,0.6034339836954677,0.01285849675958211,0.012221729011624893,0.04836708102143997,100.76633407025909,1.7819082401262298,-7.509020152745028
1772919196.4068186,1.5010437968962145,-4.304216802463354,0.6056829265564705,0.012869109088705772,0.012223026224917213,0.048373278962136994,101.66528531319089,2.012329511928157,-7.320943890106494
1772919196.4655635,1.5161533276311763,-4.278606811956312,0.6062794948626534,0.01653637830279263,0.018626007456270844,0.047592721127196896,102.412251552462,2.05632682656506,-7.302951817941718
1772919196.4972422,1.5114388545142263,-4.297000791531835,0.6143453107325102,0.015219724236160605,0.013693706904376265,0.04950360993352886,102.33173994242452,1.776273753885541,-7.54485550526605
1772919196.5281255,1.5258111703775719,-4.272543299622412,0.614651485891322,0.018808976815086694,0.019959681001422463,0.04898716654374019,103.10415434622287,1.9944073132188274,-7.390684219819844
1772919196.5684345,1.5196866074536601,-4.289858707238151,0.6236661010461133,0.017013745336933374,0.0152181957081432,0.05086147094440032,103.4354060361692,1.9439741164589412,-7.474167135651401
1772919196.6246953,1.5205336233754518,-4.289158462300206,0.626106471384347,0.017024008243505584,0.015217115856935188,0.05086635833338604,104.1398965593353,2.0956783789921007,-7.3230636841982
1772919196.736509,1.5295922332629468,-4.282496569979429,0.6367447510173073,0.018814310472993857,0.01641879820301326,0.05204799463704733,104.99935515834913,2.113522526348118,-7.313517421039135
1772919196.8148634,1.5466471092712049,-4.250068305843028,0.6238564993720392,0.022840381611490934,0.024489476792474513,0.047649562689887764,106.15605234406783,1.7700491315399587,-7.575287330319686
1772919196.9714773,1.5551044435907702,-4.233724596502995,0.5940221446692796,0.024060270603172215,0.027698114468815947,0.037989030773964726,107.80182226901064,0.06963498741519694,-9.051600428591824
1772919197.0439239,1.5702464826267473,-4.196498561446084,0.5655584225900381,0.027620214940718486,0.03702557694029525,0.029857894455758476,108.8493979216371,0.35866267681479336,-8.802915491636032
1772919197.0783396,1.5627345286920746,-4.216463369767292,0.5754121862736566,0.02543792819419177,0.03153728974497523,0.032090268970312565,109.22858868417764,1.8324441370343958,-7.426133750865908
1772919197.1440854,1.5644991180309256,-4.214277672343805,0.5776369138440346,0.02543192084022371,0.031544643895495036,0.032088042235038236,110.13758021976648,1.9422506006409068,-7.339981939838202
1772919197.2333164,1.5682850260918713,-4.196246681372814,0.5544959166371595,0.02579084438604684,0.03538367185084837,0.025535232624477988,110.92622614296185,0.17446950109452308,-9.003715025322382
1772919197.3015509,1.5835254391896267,-4.155464401213931,0.5181555258855585,0.029387538342795408,0.045574323601016216,0.015482747823626847,111.71892653449808,1.2065436711646877,-8.038522686879253
1772919197.3907175,1.587128171466536,-4.139869259303135,0.4953293228806605,0.02964425062441664,0.04863433741064864,0.00903264545669326,112.63256868251862,1.7544692548733074,-7.598389125046941
1772919197.428086,1.5859499832911357,-4.129542082487905,0.4768456491706232,0.02907376187345655,0.05093357557174276,0.0040666743654709184,113.04010628421666,1.6052489331025976,-7.792467917849482
1772919197.4720237,1.5746236821189192,-4.1532847678860865,0.49390675051488,0.025838738847045163,0.04425145012846464,0.008531675825109709,113.49941813346665,0.9490245182366046,-8.420080353593
1772919197.572288,1.5846440904969783,-4.111778305151952,0.45835652632791757,0.027665348765467022,0.05372077440946191,-0.00101280253060145,114.49787382749035,1.88549709208116,-7.597166598201732
1772919197.625646,1.5777355630822334,-4.102562046898882,0.4422579056428801,0.02550271380023442,0.05545843150121163,-0.005256866815840027,115.10629204697446,1.7924756308971992,-7.668914133708719
1772919197.6822062,1.579093353436966,-4.099609383744256,0.44197802472061537,0.02550271380023442,0.05545843150121163,-0.005256866815840027,115.56034502793884,1.8535263074290522,-7.654469722215238
1772919197.7399259,1.5671962171822142,-4.126836100868487,0.46466912530708415,0.022018167049146442,0.04753694341901602,0.0006849098476243067,116.16313489210872,1.9152168886809418,-7.5749953225975215
1772919197.7835078,1.5572642757206896,-4.152100517395421,0.4830208329307406,0.019221580815691107,0.04050989319277998,0.005453690329382912,116.5724580233892,1.8959905281222733,-7.5790558647457855
1772919197.829561,1.5581584360623557,-4.150216055327214,0.48327453077458715,0.019221580815691107,0.04050989319277998,0.005453690329382912,116.96928572265338,1.9487146242701494,-7.565744190321498
1772919197.9044707,1.5536317472761907,-4.132872208466607,0.463174444555977,0.017613658029973903,0.0440874900202597,0.00032718345066320986,117.93549834825663,-0.19258183146135952,-9.472250305823653
1772919197.9285586,1.5540908124302932,-4.13177780648056,0.46361593576413457,0.01760855945524306,0.04407113087528191,0.0003069691911104646,118.27864368531291,1.8195292251262618,-7.6266362360201105
1772919197.9684515,1.5488610912654786,-4.11516632091667,0.4449023293958846,0.016078530207784648,0.04797282515114161,-0.004569349251757695,118.60384457129113,1.7337383902892154,-7.676615942804372
1772919197.9864514,1.5491592592899177,-4.1142768342731095,0.44481771814271753,0.01607730809511189,0.047972970491388545,-0.00457242495358674,118.82443236356904,1.8625276918049036,-7.567795012712643
1772919198.008294,1.549498019727292,-4.113266009303551,0.44472137386244526,0.01607730809511189,0.047972970491388545,-0.00457242495358674,119.00417482124914,1.8863854967663691,-7.561915703213593
1772919198.0586016,1.552640114084937,-4.068363695971102,0.4048244592035156,0.016671871748326048,0.05902157621744843,-0.014927974698312883,119.39329954325812,1.7610836733886315,-7.65962337572141
1772919198.1778007,1.5411728439621155,-4.074726249144483,0.39366228626810373,0.013218247117862493,0.05587786576694117,-0.017528039605613274,120.74554515817336,1.6789684951562118,-7.764174809530007
1772919198.278888,1.5431822009023028,-4.0289407782270095,0.35754627709298964,0.013414684346920336,0.06628482251161132,-0.026295886582890782,121.19831715419807,0.11858297058961831,-9.20078183818431
1772919198.3436954,1.5374161189362765,-4.034199435171552,0.34177339755643177,0.011636997837069188,0.06385807322566282,-0.03012604118964512,122.07718040148644,-0.07616713742394923,-9.310530472607109
1772919198.4108253,1.5382286814740818,-4.029742755435616,0.33966961981192717,0.0115913737508767,0.06380448416040382,-0.030264469411981267,123.2658928839247,1.8322220816754418,-7.659463243784415
1772919198.4676576,1.5365934216493453,-3.9857072810009937,0.3032104874985301,0.01098255088793745,0.07427713884389879,-0.039284261003107966,123.89919967591882,1.8378180734732903,-7.639659220792022
1772919198.51989,1.538240189755548,-4.007052991279204,0.31080407103476804,0.01126071378226977,0.06771481196709224,-0.036777625645176414,124.34761290409504,1.9028162683733258,-7.587647458227854
1772919198.5850084,1.5350590117593241,-3.983300948082417,0.27925910212050453,0.010300257257739335,0.07311237961752982,-0.04452984745163783,124.39331398877994,0.9654428259481767,-8.419149716417238
1772919198.6210568,1.5355894099913516,-3.9795296725296905,0.27695943646372556,0.01025149835567208,0.07307005940488334,-0.04461222925933654,125.46617218424682,1.9807898987951973,-7.53743311861453
1772919198.6978276,1.529793190476307,-3.9342093510443323,0.23943205101942966,0.008508023014561827,0.08331523347682962,-0.053447623833219646,126.58544037373129,1.9992633821051937,-7.561702654981227
1772919198.778741,1.5239456911536946,-3.9151289929306174,0.21126184057002032,0.006878604435624767,0.08641768503103334,-0.05937141494439061,125.73203350450555,0.2335348512539107,-9.040656286185293
1772919198.8831816,1.5112713576171175,-3.90463195805141,0.19903367192190305,0.0031591119898870513,0.08693534046840254,-0.0613756652852765,128.65416924711138,1.93895541329122,-7.595019601791184
1772919198.9276812,1.489285242979549,-3.9058236308613012,0.20811993151168717,-0.0023752390738297786,0.0851067241330916,-0.05792294421224059,125.20619243150313,1.7286482713880122,-7.46497591733413
1772919199.020147,1.4887056363811109,-3.898908690746144,0.20342355694089692,-0.0029320599225086696,0.08511746793760203,-0.05793149767180006,130.540634774459,1.963600597627098,-7.586973187377614
1772919199.123816,1.4716703045971153,-3.9025596349267904,0.21420613279248396,-0.007054282083756743,0.08184519196485669,-0.05347909130943461,129.8418508644482,1.215690350436608,-8.18429629961834
1772919199.181569,1.4488691621940908,-3.881699677946929,0.21571321457790504,-0.013112266510216707,0.08614273572707401,-0.052496993498943954,131.33194743566617,2.0106515971190695,-7.549813617416061
1772919199.2462385,1.4565130157643402,-3.9013366646583827,0.22041114767887687,-0.010966743182360288,0.07945974898448888,-0.050306792917077126,132.5164035616765,1.955785910743428,-7.667392948528978
1772919199.297169,1.4374507378160015,-3.878035353131307,0.21854426783994232,-0.015700281847452726,0.08438960182254403,-0.05009638610062826,131.7426284634184,1.90813922396048,-7.643285422093011
1772919199.4081697,1.4345312451076873,-3.9007243771928146,0.22426280536661458,-0.016147850869988014,0.07616202049690797,-0.04725800467072466,133.1141396223155,1.8080455478064887,-7.829850180512337
1772919199.4776788,1.4225352183452424,-3.8742662846037352,0.22237392793740948,-0.018992997205373504,0.08161153353015617,-0.04688819568827952,133.03120607959065,1.8592822344079551,-7.743834916858235
1772919199.5489779,1.419715621740752,-3.8701565249342296,0.2194582828471086,-0.019424074955725634,0.08112924659253991,-0.04676437130945728,133.3440620230163,1.82211515206103,-7.790770355048471
1772919199.6133509,1.4241048372950977,-3.8912339615699856,0.21988032966224974,-0.01807212544809125,0.0744774504095876,-0.04602127506637022,133.63930476147783,1.7492812881121427,-7.851072473727464
1772919199.7090676,1.420250237505627,-3.881029833924519,0.21284033112469244,-0.018665108050863223,0.07508324897292372,-0.04659330429093352,134.2372070758216,1.8698265542844617,-7.829326200307966
1772919199.736239,1.4163264248969298,-3.8543740099345323,0.2087825248774689,-0.019549642460604272,0.08142065639090086,-0.04727021469362836,134.30409833040096,1.8791974358492225,-7.819629604715205
1772919199.7656302,1.4182335725018107,-3.876488245118427,0.21013814390147242,-0.018923631994622356,0.07512526643704752,-0.04661300978965028,134.06532685373855,1.7846122223464815,-7.8820164890386195
1772919199.803261,1.4177015759496137,-3.8742201704110184,0.20874007332927114,-0.0189496548929287,0.07511110805039767,-0.04661948923904357,134.5374507079433,1.8915203998469194,-7.8094562757288
1772919199.8470597,1.416360364035883,-3.84385229938167,0.2034592657626379,-0.01903508866497987,0.08198828737267368,-0.04732747001224546,134.1130746143362,1.6780218948295742,-7.96072313193716
1772919199.9091675,1.4155349591091395,-3.8658247608818854,0.20291238112411145,-0.018918131761244565,0.07471836576445033,-0.046585963879115025,134.00434045439368,1.5929108844017967,-8.011527597099546
1772919199.998725,1.4142917937711545,-3.8633875596704432,0.20573838169969288,-0.018953599379927584,0.07359796232546516,-0.04488629343184415,134.99778404658574,1.850616658290142,-7.8779524925729625
1772919200.0423172,1.4135744848541882,-3.836182267744929,0.20481044226564693,-0.018996080778362175,0.08013295646165688,-0.04477707201458202,134.7643470847275,1.8030249145443493,-7.898941982720047
1772919200.088599,1.4133025826182894,-3.857394969904372,0.20630117355946972,-0.018746471496022276,0.07312484473381592,-0.04356171301588015,135.0863467680947,1.8703914907073897,-7.8574027692144375
1772919200.1243963,1.4129933374222308,-3.8561886891943584,0.20558257163562998,-0.018746471496022276,0.07312484473381592,-0.04356171301588015,134.94572625186026,1.850989845416208,-7.861968645281993
1772919200.1557603,1.4116388283628023,-3.8546770546081564,0.21042240207722773,-0.01895515889895414,0.07287056969567375,-0.041873800452286426,134.97764259142068,1.4250086469461363,-8.244629844408877
1772919200.1907697,1.410605834492672,-3.850654884450976,0.2081281881629339,-0.01897427155194588,0.07284412595435337,-0.04190342624255076,134.9542596328002,1.8203251232156799,-7.883207209481582
1772919200.2484667,1.4098119295645553,-3.8476094022669924,0.2063758493246108,-0.019001851235923968,0.07283335171254299,-0.04190952855945987,135.11817002951355,1.8576205336845064,-7.8258507450966155
1772919200.3021016,1.4070075264154929,-3.872459534439767,0.21065860351471724,-0.019518396526128367,0.06541029532703364,-0.04026484593968079,135.3092050156498,1.8543737856314484,-7.866094169862533
1772919200.3259282,1.406563657011689,-3.8709720337247076,0.20974293745897485,-0.019518396526128367,0.06541029532703364,-0.04026484593968079,135.11535691563518,1.8275951189075421,-7.872321684131999
1772919200.3529208,1.4021033754773602,-3.8974860696890956,0.21499409735064282,-0.020572179202812166,0.05800680670897345,-0.03861667804846163,135.4609383073689,1.7702091473094834,-7.976742804770495
1772919200.3907015,1.4013081466133883,-3.8951610952154403,0.2134633497651271,-0.02057171395478649,0.05800152782807218,-0.03861707626186311,135.37712283405696,1.8469957357236493,-7.9065902220610935
1772919200.40703,1.4010092947240897,-3.8943184884102062,0.21290234710752576,-0.02057171395478649,0.05800152782807218,-0.03861707626186311,135.25330191180612,1.829804118057066,-7.910562476400434
1772919200.4267917,1.390978898372816,-3.870137971561684,0.22913693894528148,-0.023083404285072537,0.06398837532448878,-0.03416258326093676,135.29477424615183,1.9037281852759955,-7.876425752192884
1772919200.4507396,1.3905281551996096,-3.8688884884704606,0.22846985574586295,-0.023083404285072537,0.06398837532448878,-0.03416258326093676,135.12832493541302,1.8807056430527638,-7.881921814581977
1772919200.5109317,1.385151898488969,-3.893211237930574,0.22948027189153572,-0.02417758661159591,0.05682599006768217,-0.03344779084438766,135.00843186546544,1.7807912344869423,-7.98043009790399
1772919200.6114817,1.367749627098142,-3.8916017581448297,0.24390234811396522,-0.027977050739066072,0.055606815741794026,-0.028774620824158235,134.09578054379463,1.7625965292066714,-7.967737174965371
1772919200.6352453,1.3551501173233418,-3.8730134507582177,0.26165272925458544,-0.031058410917356945,0.06001243208387747,-0.023923473416712922,134.08542973166132,1.765977126973114,-7.945835641198773
1772919200.6719227,1.350793310498656,-3.8926000682183313,0.2588170883159069,-0.03168976596280683,0.05399475524254659,-0.024276764238137176,133.61256996432616,1.6356240600201102,-8.002398250324092
1772919200.7237144,1.350239082006348,-3.8916557434219365,0.25839250725533314,-0.03168976596280683,0.05399475524254659,-0.024276764238137176,133.4635557207484,1.6146779258038757,-8.006624361172788
1772919200.7924452,1.3350170053075703,-3.8946746243354755,0.27439003688077596,-0.03497552929492791,0.05205734307619093,-0.019691436566017705,132.96618330871098,1.5485171192616038,-7.99870491324188
1772919200.8448505,1.320169304568023,-3.8974301798856157,0.29008078236813467,-0.03829761414151117,0.05054934901520404,-0.015323421818810742,132.50828379690506,1.5510644990923623,-7.975835665840407
1772919200.9395325,1.3170148713961944,-3.8932672059687734,0.2888186733545849,-0.03830450650263214,0.05054370388856098,-0.015324810369031083,131.96857531252084,1.4791792924294715,-8.019639069732873
1772919200.976694,1.3055606418557735,-3.897012986700586,0.3009503887120495,-0.04100166846584165,0.04917097805998408,-0.012061886011044277,131.67176525104955,1.6812308451402593,-7.826238727190779
1772919201.0174074,1.3034047046502126,-3.8944082245415514,0.3002918564463448,-0.04100357901181139,0.04916849102849757,-0.01205965789378476,131.4299196565495,1.42324931481857,-8.045109810004577
1772919201.1290169,1.2884304635295107,-3.891887142980271,0.3068095666767492,-0.043609932252197794,0.048353108443272806,-0.010041850516136172,130.54210949747252,1.3051969072470744,-8.057548024119978
1772919201.187965,1.2799415204858315,-3.8710502353709653,0.31725720935532137,-0.04521760465991875,0.05303456272539071,-0.007189575668288854,130.3927991808963,1.316145869439659,-8.043041522757656
1772919201.2143736,1.2760162471600065,-3.8941395745189302,0.31593579218276796,-0.0460303734333494,0.04676663197421482,-0.007506140691816981,130.16797076005727,1.30926501131749,-8.035823716498555
1772919201.242451,1.274531156381239,-3.892630729625471,0.31569361947170604,-0.0460303734333494,0.04676663197421482,-0.007506140691816981,129.89314028237735,1.2704594885573743,-8.042010284138733
1772919201.2911184,1.26654394912448,-3.893412679638928,0.3279910229984861,-0.0476363892223795,0.04600313629089544,-0.004233119752185847,129.7848342179986,1.2460404345640603,-8.059301752704556
1772919201.3350756,1.2640723733226902,-3.8910282993988803,0.3277750801899793,-0.047635879594045,0.04600409412196299,-0.004233680184860607,129.3038630588296,1.224529467253849,-8.024477101123567
1772919201.3755617,1.259149135924562,-3.8862552208244643,0.3318885057257006,-0.04835856492284915,0.04666506753681667,-0.0031216388144700447,129.0176605090494,1.1950647392855487,-8.051437732262533
1772919201.408495,1.2574963896809725,-3.884659104569404,0.3317819969604255,-0.04836380748389873,0.04665914421141749,-0.003122675480533493,128.9073636655182,1.18125753798582,-8.03746791365079
1772919201.4582305,1.2552608334793172,-3.860515981025898,0.33498223462493687,-0.048381458326222974,0.05242677167605368,-0.0022465424849877277,128.47575610790688,1.175966713242548,-7.99679936468011
1772919201.4904785,1.2533494129250293,-3.877937661098502,0.33283698619443197,-0.04843773268613221,0.047389748173357935,-0.0027881339149878454,128.2245673654351,1.0915273576014817,-8.037607058811309
1772919201.5082474,1.2524021970645076,-3.877010938921252,0.3327824633148693,-0.04843773268613221,0.047389748173357935,-0.0027881339149878454,128.05800053113924,1.068005924161811,-8.040745907735054
1772919201.5365343,1.2524957732101833,-3.85514291068139,0.3357415878695313,-0.04812026594044016,0.0528041614695034,-0.0019958600551140578,127.93620675014243,1.069284699984284,-8.034576554600513
1772919201.5580778,1.2515870058068101,-3.8541460425379994,0.335703881074341,-0.04812064742103512,0.05280389502316309,-0.0019959051492542275,127.79039229891347,1.0480288419012544,-8.037304800308013
1772919201.5942714,1.2489006983793012,-3.870711391367431,0.33417248385027293,-0.04831601370319381,0.04793996135366849,-0.002377142081104559,127.5211256494187,1.0176544204268332,-8.027272075707728
1772919201.612223,1.2480524532389754,-3.8698697482737883,0.33413075029107353,-0.04831601370319381,0.04793996135366849,-0.002377142081104559,127.37158649635936,0.9965652215433686,-8.02990044875633
1772919201.6559253,1.2486147339080813,-3.8466002188441757,0.33872102311420427,-0.047665428642427246,0.05349031976521125,-0.001154117460165127,127.15559630962134,0.9821779056456966,-8.023789645653897
1772919201.6863298,1.2466588963548126,-3.8614427304151393,0.33136471362012576,-0.04774439413365289,0.049113685771525355,-0.003075512470176102,126.9387970701846,1.0281687565855335,-7.960378359169895
1772919201.7139173,1.2454250652771082,-3.8601735135165876,0.33128523490991424,-0.04774439413365289,0.049113685771525355,-0.003075512470176102,126.71864170978844,0.9973803240833756,-7.964269682706168
1772919201.7797496,1.246090101901935,-3.8350991648614565,0.336354680505673,-0.046940991580001305,0.05493195913790589,-0.0017111773309931,126.39114118816727,1.0948256793494158,-7.884542905448146
1772919201.8129878,1.246700048722967,-3.846629853630407,0.3250570407015097,-0.04618263795901172,0.051217166280063314,-0.004634820988696247,126.40000843581257,0.914524488201751,-7.982432569989368
1772919201.8376791,1.251387118330239,-3.8218204796277138,0.3278723580264849,-0.04464088887410564,0.05732999608367307,-0.0038653235662283276,126.22181695843773,0.8947550587612154,-7.98063321904255
1772919201.8991094,1.2500973823089692,-3.8324923787648286,0.3178830754981248,-0.0443019042660196,0.05367124720127026,-0.006389130650140076,126.10533161767263,0.8746747601900385,-7.9658068316398385
1772919201.9344842,1.2543586948998011,-3.809326901558348,0.3258465685763144,-0.04290648727877889,0.05941096499931072,-0.004265473137147633,126.10273052986749,1.1540744669565057,-7.716175016027788
1772919201.969435,1.2520714194002014,-3.80613056100411,0.32568839800264615,-0.04289196228360946,0.059416354216123325,-0.004230991303357614,125.48264813019397,0.8107471625576222,-8.011244184234858
1772919202.0375264,1.2506076851522143,-3.818547927447118,0.31378917677509316,-0.04264719292137573,0.05529436996764821,-0.007275510244697986,125.16976702353259,0.7823780427145753,-8.016338306015774
1772919202.0565333,1.256573215755784,-3.8145691387395813,0.3224372638606979,-0.04087145734294852,0.05606435265259356,-0.004975989732521552,125.01868606581934,0.9584192697669214,-7.84331141859346
1772919202.0779781,1.2556886612117795,-3.8133554835545933,0.3223262125746753,-0.040871312835242715,0.05606499264470897,-0.00497251226100303,124.8281612535401,0.7653223506414966,-7.99945037604784
1772919202.0969994,1.2548962782778605,-3.8122684509841522,0.32222975251263286,-0.040872326812405685,0.05606426505088197,-0.004972157798702281,124.71579268769906,0.7265363573171288,-8.029760305506294
1772919202.1230733,1.2592819597088274,-3.7949004515646676,0.3429349800912578,-0.039443257970537784,0.060233111553277555,0.000483133490437538,124.6113704554773,1.1697185410264768,-7.624058546615693
1772919202.1596434,1.2582811963059966,-3.7934043031484057,0.3430181228100526,-0.03945224493226606,0.060229695742782606,0.000516450327410642,124.52536226687856,0.7601484202003015,-8.007446861286432
1772919202.1899438,1.2554307154295645,-3.809672677986833,0.3402570048282501,-0.03973611266694572,0.05525081626583509,-0.00021608367383447766,124.33792082822005,0.7341908155928948,-8.0274489613907
1772919202.2299256,1.2594303186292373,-3.791786714404961,0.36311669806800956,-0.038261210292475346,0.05932301226602385,0.005758214123111124,124.08363389897777,0.7711487212997479,-7.98665076955002
1772919202.2659545,1.2584400326444993,-3.790251301720145,0.3632657335715822,-0.038261210292475346,0.05932301226602385,0.005758214123111124,123.86316854373355,0.7402136628940937,-7.9895584340476855
1772919202.2864027,1.2516049569295908,-3.8127188036097044,0.3701474993783306,-0.03980938721759733,0.053010074518288194,0.007520382906761359,123.97700667061929,0.7094503728945387,-8.048565147940668
1772919202.3136377,1.2504126980983936,-3.8111311949097417,0.37037272874158506,-0.03980938721759733,0.053010074518288194,0.007520382906761359,123.72194150318862,0.6733783843717952,-8.051643066514439
1772919202.3408701,1.2494140418351871,-3.8098007907552613,0.3705620106270433,-0.03981029235430566,0.053009403478551244,0.007519467641648387,123.54347990689666,0.6725524812051865,-8.037970429899525
1772919202.3879669,1.2366079631935574,-3.8200279979877534,0.4080131491031818,-0.042764262719519865,0.049827662987045246,0.01721846136098059,123.33030461553608,0.6507268879416461,-8.0389382493381
1772919202.4111567,1.2347751977159782,-3.8178925134793436,0.40875108773587654,-0.042764262719519865,0.049827662987045246,0.01721846136098059,122.96530193820051,0.599166084361983,-8.042919404913924
1772919202.4427125,1.2392987432981166,-3.799056894013814,0.42350729617910643,-0.04131917767837955,0.0544378649701086,0.020967227736921418,122.89661944449763,0.6425706651453724,-8.013908750642937
1772919202.463162,1.2153872891953437,-3.8359003454179703,0.4668102700915548,-0.04738111149467601,0.04447823344036006,0.03222397812310469,122.89186796421644,0.20353443859053502,-8.412757128463413
1772919202.4841545,1.2147282379139606,-3.835281671946247,0.4672584920391485,-0.04738111149467601,0.04447823344036006,0.03222397812310469,122.77352208694614,0.1860313844891627,-8.413159456851321
1772919202.521475,1.2126121267435588,-3.8332979021016036,0.46872644765876065,-0.04737966917658092,0.044486077581045565,0.032221509387370596,122.36947195659958,0.5671942866683443,-8.044559204022526
1772919202.540076,1.2185691347474361,-3.812963049930256,0.47753555778292384,-0.045582736758893336,0.04960645335269983,0.03437801335279949,122.24326948536694,0.5912987548218799,-8.034850277766575
1772919202.5591338,1.19288815088643,-3.8531715051130186,0.5363068500814102,-0.05220858693463523,0.038870569752764775,0.04973872951707521,122.5693495866705,-0.492088233270208,-9.041006327259558
1772919202.5765114,1.1917286470779325,-3.8523529244161487,0.5375368625843211,-0.052212915634195244,0.038894268752872406,0.04976847823521898,122.01458395504646,0.4446660018830061,-8.154255416860693
1772919202.6035805,1.1896593951109233,-3.850811818119879,0.53951174645222,-0.052212498930692304,0.03889767690683169,0.049766960421095616,121.65791742754634,0.5435162329680385,-8.050464762918331
1772919202.6693468,1.194538183989885,-3.8310339642319637,0.5493628516343326,-0.05038711582871586,0.043641442976541725,0.05180490638539322,121.44925607986406,0.6711591469627789,-7.913833490656982
1772919202.7065263,1.1680968341726172,-3.8707496228401674,0.6113081002719802,-0.05670031426733396,0.03279338157790575,0.0673581092697201,121.1597811331584,0.4718315005382898,-8.084957675571737
1772919202.7535748,1.1715698343065493,-3.8517701324496096,0.6219703492856942,-0.0550196062626222,0.037280439908218846,0.06920714788338309,120.7989209173801,0.5007363422219909,-8.051005387310285
1772919202.7672312,1.1709169009708345,-3.8513277148526894,0.6227916502180766,-0.0550196062626222,0.037280439908218846,0.06920714788338309,120.69785595914357,0.4864405743611018,-8.051876025490808
1772919202.7998147,1.1518327679096347,-3.8857794002241293,0.6696617439671961,-0.059528225601446445,0.027981029910106356,0.08083542735816997,120.49154159205656,0.41380604780856534,-8.109523889689177
1772919202.826703,1.158711384055752,-3.8669090529636514,0.6730669371603063,-0.057277044674220394,0.03272241027866214,0.08112456297943142,120.36578020510939,0.4568130480527914,-8.055773800918063
1772919202.8526676,1.1570313703311628,-3.865949821495431,0.6754442120358398,-0.057279637605104114,0.0327212784358352,0.08112343252321576,120.17891671921572,0.4493362026999792,-8.079905815585082
1772919202.902533,1.1412243843640344,-3.8973386728889294,0.7142046718527264,-0.060839828016865743,0.02422904219905617,0.0904261324654305,119.88308311468502,0.39554912263607206,-8.097831170060386
1772919202.961353,1.1484551128652143,-3.875833094162815,0.7183126605043227,-0.057897791975611575,0.02939704997254132,0.0899244319060336,119.77202106250854,0.14854140416710138,-8.304105064855163
1772919203.0016065,1.1341957444083488,-3.9070475461934167,0.7540910398438427,-0.061004523672757834,0.020908628225315452,0.09832022207358035,119.20606131260762,-0.2283884389626883,-8.636720080235607
1772919203.0634727,1.1424310268887972,-3.885651536864224,0.7601892481234538,-0.057845724979335905,0.02626413653289143,0.0983296902892148,118.74300648291337,0.36242928098075927,-8.066800082754064
1772919203.1173203,1.1297451866579031,-3.913527645875103,0.7966843565148346,-0.06022232884014277,0.018628213782310152,0.10624037051779617,118.28435948193383,0.3273729046499922,-8.058397244476238
1772919203.1466274,1.1284044395769182,-3.913112920577466,0.7990496165337988,-0.06022232884014277,0.018628213782310152,0.10624037051779617,118.094767085396,0.30052897375884574,-8.05943610753999
1772919203.1843717,1.1385392875470308,-3.891247923837361,0.802103748927746,-0.05694675156063258,0.024167938951938424,0.10595085788333809,117.92721065058578,0.303637435844403,-8.042718152912546
1772919203.2193131,1.136592204633362,-3.890419634514759,0.8057367123191307,-0.05694158930946538,0.02417418660696749,0.10595003761237681,117.52644197039595,0.29544697109588375,-7.9938890344868625
1772919203.2403197,1.148139302099209,-3.870708264981979,0.8096684043554394,-0.05363745033451758,0.02921263929379836,0.10645787287947994,117.52353208820146,0.2821030191489794,-8.00536769277867
1772919203.2703001,1.1463920719660625,-3.869752863228384,0.8131543150404344,-0.05363383624064614,0.029217339290310868,0.10645579482424906,117.14561275352688,0.28377142257981763,-8.000915806552378
1772919203.320288,1.136452587923994,-3.8988901174985933,0.8439867933931877,-0.055540208973885674,0.021310793110648672,0.11310940013166702,116.70302492593821,0.1999420955239439,-8.052832652336395
1772919203.3529048,1.1475136345962873,-3.8788635392538904,0.8522268647220297,-0.05223759243703391,0.026394312233315575,0.11443196777497447,116.52551682394494,0.24193664651610142,-8.012054811603479
1772919203.384977,1.138271347128727,-3.9063831154232926,0.8822371809528005,-0.05411702068044294,0.018970260013666394,0.12108516545399334,116.2299569944797,0.17220614189167424,-8.078745422891105
1772919203.4142034,1.1369834450667209,-3.9059316523404917,0.8851188221131184,-0.05411702068044294,0.018970260013666394,0.12108516545399334,116.02730351838669,0.14344004842496547,-8.079303638400493
1772919203.4586818,1.1483808234317006,-3.8846498168993424,0.8924138611474868,-0.05053779380804613,0.02428973693123473,0.12160649084654147,115.72666221613463,0.1614597733711683,-8.030405648444287
1772919203.5023186,1.1387792009922257,-3.911807652309281,0.9215389763812928,-0.052344770073644714,0.01684374104111816,0.1275047990965762,115.34269274091793,-0.18983464889016766,-8.293017850101014
1772919203.5280995,1.1380108759270302,-3.911563605755956,0.9234499216852291,-0.05233866581436116,0.01687132691823437,0.12751315766896443,115.22747690150226,0.1254795423644678,-8.038503721700394
1772919203.5565097,1.1460358428835737,-3.913920463567407,0.9421781012465872,-0.0498355101489241,0.016064108601966623,0.13137122306829763,114.92824567944557,-0.02793461555421946,-8.101037409935582
1772919203.5730271,1.1452238586001104,-3.913658726431103,0.9443185703239989,-0.0498355101489241,0.016064108601966623,0.13137122306829763,114.78950986001435,-0.047682101845743216,-8.10094586085587
1772919203.6029496,1.1436511457818896,-3.913153114683885,0.9484848150003673,-0.049833050834540454,0.016072026297960156,0.13137564868208465,114.53398873104103,0.06727478387303931,-7.973299067659313
1772919203.6695092,1.1562569871567976,-3.888822904416013,0.9530584674940025,-0.04583374484161052,0.022160494323474014,0.13065147039582406,114.18455001364117,0.056650804469357545,-7.980049265349778
1772919203.688695,1.1548730373327134,-3.888153768338946,0.9570034883535348,-0.04583374484161052,0.022160494323474014,0.13065147039582406,113.9273660055585,0.02059681698721011,-7.980222636633895
1772919203.7140455,1.1633866856935058,-3.889107380875686,0.9720453432157737,-0.04326943478187874,0.021792246648548966,0.13363455584936437,113.91231266532363,-0.08237883919327182,-8.079834891633439
1772919203.7481866,1.161496268099864,-3.888151431890249,0.9778632761419407,-0.043263099261385274,0.02181652985183823,0.13362587981242036,113.52586100823704,0.07727253190919747,-7.918196374617465
1772919203.7885242,1.1557579373150164,-3.910956487142367,0.9914506116816537,-0.04440763884186069,0.01564102927010811,0.1360527307128575,113.12392345726089,-0.305180951031307,-8.207089199374398
1772919203.8479207,1.1663297712161083,-3.9027616839364465,0.9970824975616519,-0.0407091573096637,0.017424094149510384,0.13461551354321605,112.67328442378735,-0.11306568816769136,-8.037305658428473
1772919203.912146,1.1649331232100157,-3.9021638988689062,1.0017008807708427,-0.0407091573096637,0.017424094149510384,0.13461551354321605,112.38110837114536,-0.15432057256582446,-8.036623898215757
1772919203.9812315,1.177630722237626,-3.8739621528201735,1.0027073212375595,-0.03662777301127103,0.024444771101223915,0.13230516472708623,111.90470695538866,-0.018980978550749584,-7.911416238295046
1772919204.0116415,1.1734130209852929,-3.8939317111720344,1.007664507722393,-0.03744688959023086,0.019049230052084132,0.1325687289835622,111.79938682944133,-0.004803158068034477,-7.9046124908992725
1772919204.0469046,1.178577830990601,-3.8890437200900165,1.013696190189071,-0.035789703938773745,0.020122168985770905,0.13300816681361688,111.56642379194916,-0.037308927416259415,-7.961488205416814
1772919204.068301,1.1777738497591939,-3.8885916949425763,1.0166840905618972,-0.035789703938773745,0.020122168985770905,0.13300816681361688,111.37507881421315,-0.06406929478693257,-7.961318923928171
1772919204.1267047,1.1755776124683603,-3.8873568432942527,1.0248458112559153,-0.03578992355162868,0.020126965158950735,0.13300786536379916,110.82303021679637,-0.04494274723806635,-7.9319842356855546
1772919204.1628883,1.185492774222153,-3.862474514792615,1.0229857140828376,-0.03288721460613701,0.026443524744336262,0.13133666462475788,110.79571925350638,-0.012744980810364352,-7.922790845573829
1772919204.1993694,1.1765778901482644,-3.8833399455618434,1.037562970037205,-0.0349311237280304,0.02073603191757511,0.1339697800599958,110.4877554447855,-0.4045099395228815,-8.229948206971638
1772919204.2425585,1.1755946244424385,-3.8827592329498244,1.0414109108114586,-0.03491781720603827,0.020777801091389863,0.1339815205731731,110.29010103483833,-0.03386280645137253,-7.927140688662923
1772919204.2830336,1.1831229522011812,-3.859552206422148,1.0475267834079236,-0.03246751030559386,0.02649634302739854,0.13365631230443248,109.74262642519068,-0.0598773932588727,-7.902288806497212
1772919204.315034,1.1734705886858596,-3.880969908061133,1.0596173938476134,-0.03467524384041849,0.02062919031290233,0.13548446559200256,109.58871204704475,-0.18815837171494162,-8.007285324497825
1772919204.3544703,1.1825171888681398,-3.8587868008030655,1.0662170004473732,-0.031934481972113564,0.026198112322938068,0.13571684237066395,109.44350400199482,-0.037658193309619684,-7.864149416509038
1772919204.411643,1.1721823063184673,-3.878578470005316,1.0786991157905157,-0.034176010953432076,0.020706275809892306,0.13708524715939827,108.97897531614746,-0.10403200212579525,-7.8754738129855895
1772919204.4927483,1.1741293238316393,-3.8718977656735496,1.0847865544989748,-0.032967470128795064,0.022004549454484264,0.13582244642397667,108.45549186858493,-0.26512600936647557,-7.964068061239292
1772919204.5526228,1.1847082692143296,-3.8417540459923076,1.074114675739062,-0.029682958873303203,0.029499308177388692,0.13081578860007628,108.12865251597036,-0.6928161408404511,-8.345900011310988
1772919204.6336334,1.175397583020221,-3.8582111086773585,1.080065444094914,-0.031507129013758996,0.024739396591536983,0.1298249330217001,107.65929350356514,-0.002803306344611855,-7.796891135417595
1772919204.6607835,1.1875078597420874,-3.830580208303587,1.0694828757155885,-0.028134242386674696,0.031829590310268975,0.12623081530598051,107.47485213385481,-0.3781621807643211,-8.108098507294754
1772919204.695179,1.1786244729554325,-3.8483325954157905,1.0743070559799792,-0.03013870776697653,0.026810797178959875,0.12603820736179316,107.05529516863056,-0.13081292002331066,-7.866803158465813
1772919204.7568307,1.1824265330611363,-3.8377161360356213,1.0692957205046656,-0.02863594054009422,0.029114151316531223,0.12252802777894978,106.87228843411229,-0.33348896965357766,-8.067102409531637
1772919204.823172,1.1809589800079903,-3.836221641857966,1.0755875867164222,-0.02862340180487593,0.02913571629216989,0.12252716706349923,106.56641673002633,-0.10884606159440248,-7.754111990552121
1772919204.8633027,1.1825988565528927,-3.8287200131865977,1.0722543398409083,-0.027877518853076978,0.030699066188054354,0.1201527948451796,106.54443479055759,-0.09378471997913246,-7.808588661294556
1772919204.9043152,1.1813792605430284,-3.8273623285235074,1.077628965678484,-0.027875983734844817,0.030700439261473457,0.12015339050415696,106.4650467272155,-0.025401458405517833,-7.757195990799101
1772919204.933254,1.19008653614489,-3.801729774584089,1.0702429287631792,-0.025383389721894047,0.03720060796180911,0.11731522667837989,106.366451280024,-0.046530764368877466,-7.771812131999862
1772919204.9791837,1.1891032098737893,-3.8002886614975178,1.074787599339366,-0.025383389721894047,0.03720060796180911,0.11731522667837989,106.03632823597407,-0.09158547436287465,-7.771414236446536
1772919205.0526779,1.1797545916594707,-3.8170448372807884,1.0843035267622505,-0.027313839438599746,0.03211645601818429,0.11733938850352557,105.98402867708214,0.04746085389356618,-7.7657659194056095
1772919205.078723,1.182407375239501,-3.806598592914368,1.0647513573225456,-0.026488791990192523,0.03470233904519376,0.11163280048248277,105.66525854580127,-0.006967224742609015,-7.812324352782985
1772919205.1420677,1.180494306228385,-3.80409213914234,1.0728140693089139,-0.026489561883482927,0.03470570749232381,0.11163159309046697,105.14681922041956,-0.02145477110434874,-7.7751517567955934
1772919205.2222528,1.1785150363778432,-3.789525201893585,1.0523022209180444,-0.02653807327004128,0.037759760233934826,0.10419978857577189,104.58912076478578,-0.13327043262589186,-7.8512462889193975
1772919205.2530332,1.187584941910513,-3.7544215418853795,1.0251625729191485,-0.023958407941116117,0.0466458711975952,0.09622726047002957,104.81604311039139,-0.10291159153896046,-7.8227134645017244
1772919205.2754889,1.1869606632688396,-3.7532061013109277,1.0276699441771138,-0.023958407941116117,0.0466458711975952,0.09622726047002957,104.59402087406838,-0.13341359609019074,-7.8222555819366955
1772919205.3345242,1.177571223009593,-3.771038808664416,1.027583938365783,-0.026088912299796516,0.041375607742880016,0.09490500507971598,104.4579921335995,-0.03940337062657923,-7.776134831953895
1772919205.3611472,1.1812073689052134,-3.751027817208706,0.9881220463025099,-0.02495865494409661,0.04629083384909815,0.08387877906324306,104.02588810391575,-0.627749522452005,-8.24231151445151
1772919205.4158819,1.1798274968010836,-3.748466160028155,0.9927619646099614,-0.02495353494104164,0.04631454092828537,0.0838682873695628,103.84722861522938,-0.12317569502724332,-7.816893274187779
1772919205.4635477,1.1897626051348587,-3.7100689136588536,0.9620499976099882,-0.022042514686951835,0.055745026568886885,0.07473347164288875,103.68039593643144,-0.12039389476413041,-7.842805646744523
1772919205.481874,1.1893064230854191,-3.7089147671588503,0.9635944695852042,-0.022041929354021817,0.05574835013593518,0.07473071579076108,103.50372814360303,-0.04709833079085699,-7.800130661167822
1772919205.4986703,1.1801263410487013,-3.7304249886805314,0.9664394541764713,-0.024367935021701752,0.04988198170027197,0.07518813187256927,103.34463636944227,-0.10215796431765059,-7.829383567499772
1772919205.5676208,1.1817206795412,-3.708191372888022,0.9333015447242765,-0.02354653362977203,0.054777861940927486,0.06525344284639065,102.81643103218151,-0.1326185288476419,-7.882184660575132
1772919205.5936449,1.181082695570251,-3.7067071884882856,0.935069560825492,-0.02354653362977203,0.054777861940927486,0.06525344284639065,102.58559841188112,-0.16457475585091574,-7.881585995858655
1772919205.612574,1.1806079036142005,-3.705600420114855,0.936390205370119,-0.023552031982538527,0.054781458760041,0.06524844759781788,102.62256576259901,-0.03383720732703437,-7.809507340243054
1772919205.672411,1.191272182314134,-3.6628907934688124,0.8961749246867924,-0.020477407893095285,0.06520155907295566,0.05393342229279132,101.89428193551477,-1.3424229439869824,-8.865183570326922
1772919205.7363183,1.1806522872358665,-3.683104835348088,0.9066282151878601,-0.02279860321314075,0.05861639294577008,0.05543280715239375,101.67289714848134,-0.07459260054228668,-7.807107756244507
1772919205.775896,1.19149662812806,-3.6380820761958144,0.8616917011135272,-0.019772428473972526,0.06993293735382695,0.0432100823830593,101.03447340502535,-1.3728705604842213,-8.870897988203108
1772919205.8225067,1.18205841344828,-3.6608917098547167,0.871817004341188,-0.02199330542477082,0.06318025265937595,0.04528898012007139,101.06819687987165,-0.0960996343048636,-7.824662165311342
1772919205.8394108,1.1817659614411162,-3.66005158185456,0.8724192263756988,-0.02199330542477082,0.06318025265937595,0.04528898012007139,100.95489484173771,-0.11166954283895497,-7.824456734244494
1772919205.8902466,1.180827498080659,-3.6400395159446943,0.8451899270502836,-0.02193924804526688,0.06750752929778282,0.037554540164936465,100.60175173619177,-0.13972503895171132,-7.853338723091495
1772919205.9377007,1.1797757323154117,-3.6368034219797623,0.846989991167625,-0.021943924951365885,0.06751047734270728,0.037546529551986195,100.3076220478479,-0.031402507598354286,-7.78646649132142
1772919205.9871736,1.1906740778793974,-3.587875308190229,0.799550958731912,-0.018831227603393973,0.07945229293786103,0.024729431584442782,99.68044178407744,-0.7662103550708663,-8.354079574556929
1772919206.049566,1.189121413458558,-3.5719677900774194,0.7690747477888069,-0.019062657775053636,0.08297135960195903,0.01653762537265292,98.84780753286219,-2.218569415481654,-9.541177264422156
1772919206.0974894,1.1877316920205658,-3.5659939122668782,0.7701471759350392,-0.01910714953652468,0.08300405756900024,0.016369207050067613,98.96512174973076,-0.23396391298214292,-7.868730728807298
1772919206.1242151,1.1724625985929997,-3.5948130881890843,0.7886810214997165,-0.02293176109123342,0.07461605649627627,0.02107333778904316,98.70754387259146,-0.42393868583875555,-8.045737970336871
1772919206.153676,1.1839047522354134,-3.5452497516991923,0.7369137805917584,-0.01974749437249442,0.0870821019244245,0.0074312430003815756,97.73611424627622,-2.6345469069805043,-9.846219971422203
1772919206.204167,1.1830280754786877,-3.541619026496077,0.736843032246889,-0.01979688733324883,0.08712071532807443,0.007226497651584037,98.26697617555374,-0.3234367240567056,-7.90675157129265
1772919206.247475,1.1771886405622458,-3.533450676648485,0.7355316433666634,-0.021015470729890413,0.08810765752471399,0.006674569706161799,97.99980189960858,-0.3299171503338496,-7.8911650205999795
1772919206.2881672,1.1602276925825512,-3.562601448728947,0.7642023276599166,-0.025269543894413313,0.07962442122808551,0.014119087938638582,97.70385674926064,-0.2738103445577997,-7.8457200249925085
1772919206.3251278,1.1592444749247617,-3.5595033264490263,0.7647516900319149,-0.025269543894413313,0.07962442122808551,0.014119087938638582,97.37233684579013,-0.3194869135638418,-7.8440035849945255
1772919206.349253,1.1702667596130243,-3.518605641690591,0.7288605496374501,-0.022216039676947127,0.08976947298785938,0.004634151086987923,97.173060651203,-0.306205732511223,-7.837208422096423
1772919206.3768191,1.1524252146854392,-3.549372140546243,0.7577993970442612,-0.026762768363794556,0.08110708561139127,0.012251592297358508,96.78811683354532,-1.422387548225537,-8.773634444196455
1772919206.4610376,1.1630669142250973,-3.5062966302733733,0.7259277674036444,-0.023420776687342083,0.09060783738491736,0.00359600709249739,96.39577122178501,-0.8430134096329742,-8.248039880067294
1772919206.512809,1.1440614903900475,-3.5360174613331816,0.7606282063254478,-0.02797213719482569,0.08133080456042814,0.012524935761106238,95.77932903380459,-0.33019978668609623,-7.921426727822946
1772919206.5702589,1.1582379721029947,-3.493557862374558,0.7193280907021711,-0.024022565196654296,0.0917120167556475,0.0015485431953205962,95.66369970931692,-0.19604327167428398,-7.86849238521586
1772919206.6139998,1.1400213723659998,-3.520311668687196,0.745747169819508,-0.028426239440050106,0.08339603765120678,0.008402232608074241,95.22196504210308,-0.1743773957335949,-7.825158966222201
1772919206.6394656,1.1395271888015155,-3.5188618479595104,0.7458932406801521,-0.028426239440050106,0.08339603765120678,0.008402232608074241,95.07383483344977,-0.19473425716956752,-7.82468182354788
1772919206.7047498,1.1379612857113788,-3.5036624618645145,0.7267353006888769,-0.02832814117335101,0.08579547263671057,0.0032680789497553414,94.60022031009926,-0.22804403362504092,-7.8496973342402345
1772919206.7654288,1.151453345523711,-3.46623348773931,0.6987646126801161,-0.024360286932294882,0.09406033325171094,-0.004138011649366036,94.21858867429528,-0.11511648843749989,-7.746988824509257
1772919206.8515587,1.1321553525318588,-3.4825725106823944,0.7070736335932405,-0.02882386949115019,0.08775035238764124,-0.001918001240415326,93.72825682645122,-0.10262684495565258,-7.711938487107063
1772919206.8921912,1.1319776614639174,-3.467699729435288,0.6830300313165825,-0.028505092633832555,0.09049543951466764,-0.008148495758100031,93.32836631955469,-0.1558703066729538,-7.706246777511778
1772919206.9251044,1.1313711124363608,-3.465774111387277,0.6828566425736791,-0.028505092633832555,0.09049543951466764,-0.008148495758100031,93.1470066509663,-0.18041028800889045,-7.705714559410332
1772919206.981463,1.1304719030224775,-3.453206813401858,0.6640074945168292,-0.028347457661384273,0.09243412781075665,-0.01295181421728909,92.80136991236786,-0.14203046773441777,-7.735190856894217
1772919207.0280886,1.1295585376290118,-3.4502285521931806,0.6635901823532491,-0.028347457661384273,0.09243412781075665,-0.01295181421728909,92.52677170085548,-0.17932740319689652,-7.734420779627796
1772919207.0712047,1.1452944882933036,-3.4121970167526317,0.6306104150681098,-0.023827461070728848,0.1009814887384678,-0.021364291783619864,92.24848172778283,-0.23111186169205816,-7.7772458565017555
1772919207.1026452,1.1283558576916906,-3.4401720325913985,0.6488729808969657,-0.028249640616094175,0.09342511253475069,-0.016520085049020465,92.12294242200291,-0.1370706202767829,-7.74202519139111
1772919207.135472,1.1267988859218947,-3.4350229312352654,0.6479624806040418,-0.028249640616094175,0.09342511253475069,-0.016520085049020465,91.65323424430738,-0.20092281033749754,-7.7406397580896
1772919207.1692216,1.1279513206313876,-3.4236424715390488,0.6279568989472053,-0.027643115826366412,0.09550912709364931,-0.021559573828201735,91.02378126681124,-1.5065085414286223,-8.835544860924816
1772919207.2249799,1.1264249909989492,-3.4183800314848525,0.6267659244702255,-0.02771556178814389,0.09546870249346778,-0.021648755959743388,91.16460421523605,-0.2329306327773461,-7.742949158589636
1772919207.2692032,1.127840260972963,-3.4078120228372226,0.608314319792582,-0.027112047125831637,0.09722307889736077,-0.026208162245282905,90.77145174071207,-0.6058731298046601,-8.026037403458943
1772919207.3071804,1.1263150384732334,-3.402309058682212,0.6068848195739874,-0.027126906192556317,0.09720700464511016,-0.026212258432631134,90.52226354400426,-0.2449894240844908,-7.678771848501786
1772919207.372882,1.1445067286079786,-3.3642867577885953,0.5752414928506607,-0.022018422713544126,0.1057042155120643,-0.03407418493780885,90.24305215882188,-0.31688296385352027,-7.71555704415313
1772919207.4256036,1.1273153673601473,-3.3855071660524847,0.5867760054811106,-0.02621123698201521,0.09875059593505678,-0.030630128093912665,89.9534407324191,-0.26550428180118746,-7.67171781625531
1772919207.4552805,1.1314511364587405,-3.3769179090709747,0.5734822511014147,-0.024902630330009737,0.10043396971881863,-0.03384623435588401,89.18584855434406,-2.191638522221969,-9.262399120731168
1772919207.5116255,1.1301382173708139,-3.3716418598592486,0.5717146842815667,-0.024973162165908034,0.10038277536502191,-0.03394020986769775,89.267245062301,-0.3521653995343635,-7.713897296112022
1772919207.5687444,1.133089452749646,-3.3613592634670684,0.5605918815360053,-0.023802820445278948,0.10134212947977358,-0.03628502651649031,89.00442677701206,-0.2723961046096909,-7.606333051744984
1772919207.6126072,1.132390487109544,-3.358383369641209,0.5595263781078076,-0.023802820445278948,0.10134212947977358,-0.03628502651649031,88.75408661837315,-0.305823596390989,-7.605069858931483
1772919207.6424294,1.150664329418221,-3.323181006607695,0.5335288971995884,-0.018640381546144245,0.10935603787011726,-0.04262408175263497,88.05142191282691,-1.3084751353377473,-8.467387904990353
1772919207.6876585,1.1332235760195521,-3.3457325794787565,0.5463972356312666,-0.02308356193834467,0.10231417066497545,-0.03887477682717707,87.98970816368434,-0.5274281379334356,-7.806460179566172
1772919207.7513487,1.1517589053991086,-3.307500239612225,0.519174583009348,-0.017821464567249378,0.11050242567806719,-0.04534264720745206,87.691866527384,-0.24763956813104387,-7.54277915732892
1772919207.7721338,1.1353882097737913,-3.3312261196691875,0.5308650909506283,-0.02203515324944727,0.1037688256089049,-0.042056417788267964,87.39097069045789,-0.5540788615951251,-7.777084394611173
1772919207.7954247,1.1349671120706057,-3.3291754935953826,0.5300664846241936,-0.02205448161545693,0.10375150852823523,-0.04205957947097442,87.5566680540835,-0.22940713252015166,-7.47977413138427
1772919207.848479,1.1531166764529244,-3.296450042949277,0.5075612844295355,-0.017023623884727612,0.11081493096069683,-0.04733881666939882,87.18326932578,-0.24270844287995275,-7.492033575696095
1772919207.894855,1.1366793803569848,-3.3188886765613153,0.5227184335913406,-0.021141678383395153,0.1035792791340973,-0.04278997919605626,86.99821198591583,-0.2901194158532583,-7.498837956298771
1772919207.9548547,1.1561261805946392,-3.2855992644623533,0.4996733732451995,-0.015760009481758038,0.11066851231812798,-0.04814226867559118,86.69886651436425,-0.26921806642184426,-7.526221095815558
1772919207.9857278,1.1392145907848248,-3.309241911121652,0.5154446775109335,-0.020066710547639796,0.10342665945700122,-0.04354116646116142,86.3805937925689,-0.5512296496181107,-7.745683836437987
1772919208.001952,1.1388243612626399,-3.3072306130663347,0.5145979493666681,-0.020066710547639796,0.10342665945700122,-0.04354116646116142,86.21485648721494,-0.5737693233751675,-7.7440567407046474
1772919208.027156,1.161868410407388,-3.276881489268396,0.49393682830515073,-0.013907141803441141,0.11085955672635028,-0.048758908797010295,86.33823288786151,-0.5987106651693778,-7.819568691774548
1772919208.0585291,1.1614035692597946,-3.2732958360033755,0.4922917880287523,-0.013933335419023819,0.11085505528649954,-0.04879950323682859,86.30900406417146,-0.15645578088930678,-7.435981772293147
1772919208.1123643,1.1435965671411479,-3.2951815700914,0.509518508270514,-0.018389741649003304,0.10365714680791126,-0.043661959550106245,85.92008622090215,-0.15794378444239504,-7.449336661251576
1772919208.1442442,1.1429710236397022,-3.2916555795798574,0.5080333076854128,-0.018389741649003304,0.10365714680791126,-0.043661959550106245,85.629992430665,-0.19587202230182643,-7.448440959761036
1772919208.1902845,1.1487409808656044,-3.2887878147138356,0.5108766251430428,-0.016730528756904128,0.10317423021746588,-0.04237429506350177,85.2204460384848,-0.7121307963396131,-7.9795588779905104
1772919208.2067773,1.1483967247802704,-3.2866059241101695,0.5101117624539175,-0.01675307433010359,0.10314660175301642,-0.04237059047688581,85.23776902722646,-0.054006238390345795,-7.4839330336846155
1772919208.2219465,1.1723139492287717,-3.2614337444527783,0.49721445122307745,-0.010399597319703741,0.10939093347164422,-0.04559701567079552,85.10707649173175,-0.3522905567264424,-7.733187813744172
1772919208.2473125,1.1542610404944489,-3.2832719938364567,0.5133359590433801,-0.015078129467498935,0.10288849761914787,-0.04103029987880926,84.77850909654346,-0.5784371778660673,-7.892342625247772
1772919208.3081934,1.1534736240329535,-3.277801061339075,0.5112220002581542,-0.015106080455818165,0.10286438520663485,-0.041036955390107425,84.6479751593456,-0.0823090144669715,-7.434846329030057
1772919208.3563788,1.1598088593926454,-3.26812109310488,0.511692058660666,-0.01315412470105076,0.10308005313936264,-0.040022151309155776,84.28050796843813,-0.018619087918558805,-7.404645951406743
1772919208.4341838,1.1819063136185601,-3.2399645740095946,0.49747992798329355,-0.007190597843837641,0.10908532680016354,-0.04321536094954659,83.9917716836241,-0.021239853838960276,-7.4172038388560715
1772919208.4721205,1.1647790995110552,-3.262580113021163,0.5137151112174015,-0.01167717115863015,0.10263943035133759,-0.038751456834020884,83.88925218719662,0.04213168741769973,-7.442424583740796
1772919208.5347612,1.1638304624752607,-3.254239365697923,0.5105672871649415,-0.011689237216081906,0.10263520264899173,-0.03875753529527123,83.3182294536014,0.06577393326082775,-7.341004280361169
1772919208.567651,1.169653873098114,-3.251810718194793,0.5143481489281946,-0.0100837514930568,0.10243663057409003,-0.03746913391038931,83.10338085323133,0.020535043757195868,-7.40563728557217
1772919208.5911844,1.1693850239487797,-3.2490804039340087,0.5133494049308541,-0.010087777037820914,0.10243530282714812,-0.037471657320579804,82.94578492382026,0.06456372676015312,-7.347259850661344
1772919208.6445067,1.1907702334938963,-3.2181119145205894,0.4965031848898078,-0.004331940622007951,0.10880813065074897,-0.04125091748176214,82.50210296402841,-0.021268287990212145,-7.3815314766985525
1772919208.7212734,1.1718336241432543,-3.2356913241610368,0.5110595716459347,-0.009207544954000214,0.10238461234037381,-0.036803882608461416,82.20304113557911,0.024841307254970624,-7.369675188476799
1772919208.7423704,1.1934897920772334,-3.2061814127618473,0.4922395513076572,-0.003447187537851214,0.10933190624727215,-0.041442145000475016,81.86728173499993,-0.2364337759507545,-7.562165306024884
1772919208.794913,1.174076663737167,-3.2252492904270924,0.5052163742801424,-0.008489530314871674,0.10315365688210741,-0.03761581679116555,81.52478040470706,-0.07343981909388986,-7.373268866659906
1772919208.8315284,1.1959764770456836,-3.1945754403154876,0.4837208030744324,-0.0026420299332520847,0.11046659626840544,-0.04298557227101581,81.10566681822121,-0.4797484532766663,-7.707698500126078
1772919208.8861923,1.1957854521988243,-3.1872327196233248,0.4808087643620204,-0.0026803936271210392,0.11045963905422045,-0.04303421708187471,80.8341443163018,-0.028625631198638427,-7.317828035216259
1772919208.9572446,1.1952085875370053,-3.1764608357527004,0.47104853810966385,-0.0027461275431218644,0.11138216054532998,-0.04483993563916238,80.09528099821505,-0.38901585510033687,-7.572517341059897
1772919208.989488,1.1750463850316504,-3.196911702271547,0.485061054811593,-0.008027961955060822,0.10497537376723581,-0.04076293243763594,79.86463267054123,-0.3912390099372752,-7.562395480156989
1772919209.0148351,1.1958293312885218,-3.164729984069752,0.4600740169538307,-0.0025300132666103894,0.11271950789056985,-0.047078488718052154,79.99111248475042,-0.12308254847045881,-7.321083659497684
1772919209.0957735,1.1757078328334323,-3.180197703511655,0.47037035842416525,-0.007769828102459738,0.10639198439893498,-0.0434459704867397,79.39000347551732,-0.10965193669550417,-7.300449001286451
1772919209.1118438,1.1755590907216673,-3.1781614482825824,0.4695408598175166,-0.0077712005418578,0.10639111191409054,-0.0434471006540492,79.23588117019858,-0.07788465188455948,-7.253447400160482
1772919209.1327934,1.198050360107445,-3.145482818964662,0.44173816087039885,-0.0018147869485744738,0.11446802084520677,-0.050527864176564644,78.91392102028614,-0.4717663911961985,-7.564843417213247
1772919209.152344,1.198002513759889,-3.1431507629827324,0.44067661565889255,-0.0018395515541913565,0.11446596940151657,-0.05055365888643069,79.00252542060223,-0.12419747007836526,-7.256177416213721
1772919209.1666412,1.1780624139364866,-3.1648068522070147,0.45427102149206405,-0.007073730045247362,0.1083785847185987,-0.04679895542632226,78.76801821677508,-0.38492377137100825,-7.460212705970747
1772919209.22109,1.177658176968775,-3.1584694768638064,0.4515586681083541,-0.007086469902767586,0.10836639658525495,-0.046804466071125206,78.4839957986145,-0.09995517555709194,-7.272850534428311
1772919209.236588,1.177608086995991,-3.1577035003014107,0.4512278356256321,-0.007086469902767586,0.10836639658525495,-0.046804466071125206,78.4236914409427,-0.1076512293556652,-7.272741280611206
1772919209.2633271,1.1825900381138583,-3.1441662450998553,0.43278915065742796,-0.0057420503555527256,0.11094916753415944,-0.05120967075222924,78.09800862261919,-0.34032290353552824,-7.435307964953714
1772919209.279462,1.1825055920093004,-3.1425345587818923,0.4320360299178057,-0.0057420503555527256,0.11094916753415944,-0.05120967075222924,77.97258215903312,-0.3566904144053267,-7.434545051760066
1772919209.3028336,1.1823872138855234,-3.140188655553551,0.4309652061130734,-0.0057536095066477696,0.11094197391133226,-0.05121572796788746,77.94810857808604,-0.11860553759641601,-7.263306855679807
1772919209.322626,1.1822606752014078,-3.1377487173937393,0.4298388226114488,-0.0057536095066477696,0.11094197391133226,-0.05121572796788746,77.76047067793557,-0.14251962659947806,-7.262879276368072
1772919209.341974,1.1821868724172582,-3.1363231419731203,0.4291806279079889,-0.005763647407668603,0.11093929845223267,-0.051220003697996,77.81816714818216,-0.07125222348449267,-7.247438508049157
1772919209.366407,1.1635288150905243,-3.1547691711786787,0.43906778509738037,-0.010609940366727771,0.1051359398788228,-0.048185189336943206,77.49391968361638,-0.07087682295620633,-7.248599688208614
1772919209.382443,1.1634033997097026,-3.1535264060469066,0.43849820942948975,-0.010609940366727771,0.1051359398788228,-0.048185189336943206,77.39306668121452,-0.08370431062542738,-7.248463640047966
1772919209.398332,1.163176767993723,-3.1512799206049356,0.43747039907616697,-0.010611316794789145,0.10513417958763678,-0.04818786724932111,77.2284990928945,-0.01158352259645792,-7.2268159084153325
1772919209.4257636,1.1899225497530066,-3.108276548535864,0.3993056245196264,-0.003537974002596275,0.11565356160258783,-0.057837419678329914,77.05138653917875,-0.09223001561149816,-7.299825255902884
1772919209.441234,1.1898755151483653,-3.106739024647524,0.39853672113988486,-0.003537974002596275,0.11565356160258783,-0.057837419678329914,76.9379730914338,-0.10675804653353434,-7.2996283136622155
1772919209.4640248,1.171063123097561,-3.127430110953814,0.41223147211688876,-0.008447215424945847,0.10951268357988167,-0.053884518425726495,76.65994822451329,-0.28415891594411724,-7.431341594621032
1772919209.488639,1.1709109988317028,-3.125315184711218,0.4112089128333479,-0.008465700725085533,0.10949849525179788,-0.053890545732456406,76.76572077325143,-0.014453269524160229,-7.284419695022938
1772919209.5412347,1.179564549791282,-3.100366431702587,0.3834634987414279,-0.005915386667111567,0.11437294863260954,-0.0602053328543285,75.00996791760963,-2.3275106452261896,-9.086488568993477
1772919209.5807273,1.179376070301759,-3.0968593442560914,0.3816196318488821,-0.006118905839944355,0.11429188391111395,-0.0603322885712857,76.14906558234516,0.015319088561948085,-7.254363217923161
1772919209.5991466,1.1792290360946796,-3.094112968193758,0.38016987752295955,-0.006118905839944355,0.11429188391111395,-0.0603322885712857,75.94404875122247,-0.010778254762230955,-7.2543713419803
1772919209.630132,1.2060352951687363,-3.048823473788002,0.3380155727794743,0.0010002941559093459,0.1253920786183636,-0.07094202793397517,75.28515046858273,-0.8024766199113977,-7.944868852626222
1772919209.6626425,1.2060503386856174,-3.043567351699892,0.33498501853465185,0.0008917139737747341,0.12537252863391876,-0.07102046088732637,75.59086448908553,-0.03713693168922628,-7.307842357883692
1772919209.73452,1.1856531875564533,-3.0614189972372845,0.3489882908901548,-0.004381484060364419,0.11846207368982277,-0.0661030506781077,74.9302645921497,-0.08706767438547833,-7.267084651941523
1772919209.7704523,1.1660339589577509,-3.083449921595135,0.36564150942561796,-0.009489724934158538,0.11177427938704658,-0.06124430780290264,74.77797193688892,-0.05456269455586935,-7.270231451473975
1772919209.7891793,1.1658519884575191,-3.0813065906056454,0.3644671173958624,-0.009489724934158538,0.11177427938704658,-0.06124430780290264,74.61437417668014,-0.07543339473670152,-7.270045861196079
1772919209.8262382,1.1654917221757095,-3.077071516431585,0.3621495406646138,-0.009489540289045159,0.1117726933654764,-0.06124689884564604,74.24971921719471,-0.01508769252495719,-7.238614752200501
1772919209.8693116,1.1733062330883242,-3.0514151646024263,0.3354730674890785,-0.007386899239826428,0.11699362605793209,-0.0673730565139806,74.02141837179803,-0.0020157856218094993,-7.302212807775734
1772919209.8950176,1.1731308571405141,-3.0486375623377304,0.33387353116681723,-0.007386899239826428,0.11699362605793209,-0.0673730565139806,73.81888038030831,-0.027969382448532414,-7.302159809612717
1772919209.9199934,1.1729419007142783,-3.0456422324951014,0.3321496874593054,-0.007391802717075611,0.11699051606906806,-0.067377004286112,73.6594829337455,0.053711962525040624,-7.259266900134575
1772919209.9687324,1.1780755612239588,-3.027842584962656,0.31561145417706504,-0.006045023263435571,0.1200073654458424,-0.07074809171577427,73.16301566280069,-0.21944012567857085,-7.4587033699023255
1772919210.001792,1.1779068856465984,-3.0244296392574346,0.31360847852368234,-0.006065309958478798,0.11999720129884833,-0.07075579207371814,73.13643542101309,0.023582792659073332,-7.275766370044341
1772919210.0337045,1.205293140901534,-2.983897350378054,0.2771678165480185,0.0012384381851551739,0.12929104369385686,-0.079463518165685,72.19167491617978,-0.8979891452475538,-7.993605163097493
1772919210.0710027,1.205284846970662,-2.980078673891535,0.27470697824593054,0.0011265953011800904,0.12928536602952112,-0.07955650250035316,72.49054251849624,-0.3019892258238555,-7.479400217109066
1772919210.136672,1.1822665455809642,-2.999896784611728,0.295468779234666,-0.004829232972051391,0.12205280648713202,-0.07291374008774631,72.18672175927504,-0.06482078500296683,-7.269110237246955
1772919210.1718435,1.1820839637144176,-2.9952853910258956,0.29271395369671777,-0.00483624069573192,0.12205131726624259,-0.07291565639562347,71.92655802526035,-0.06275812213271259,-7.227350013685872
1772919210.2129161,1.1877663120507789,-2.980861711297813,0.282470357915083,-0.0033482001352009285,0.12427692649013297,-0.07468830433557253,71.64498532554232,-0.11376472645710635,-7.24028467655964
1772919210.2420528,1.2134200402404525,-2.9573934271407323,0.26934008358667155,0.003376960607762226,0.1296320118482213,-0.07764026808650241,71.30290683649496,-0.4501867186340521,-7.49882856465926
1772919210.272762,1.1912411397463778,-2.977578714702016,0.28509286422496477,-0.002460944866151272,0.12328348497986438,-0.07290513834816992,71.22184319761735,-0.17423296453704004,-7.277993987167654
1772919210.3001535,1.1911746966305827,-2.9742332368592637,0.2831157046135742,-0.002471065871879941,0.12328031402976367,-0.07290894783196657,71.10210979413729,-0.08201652683512171,-7.1797002201610045
1772919210.3209999,1.2168125317256406,-2.954916784336051,0.27284803592429396,0.0042555006739816,0.12785947434397765,-0.07530553874781484,70.89924739123198,-0.36025425431623853,-7.40399769114985
1772919210.3510904,1.2169383947115162,-2.951135143479596,0.2706207586458033,0.0042555006739816,0.12785947434397765,-0.07530553874781484,70.64698263682978,-0.3930312567269538,-7.402339398582908
1772919210.4045515,1.1941438504569397,-2.965662468397287,0.2815630176773026,-0.0017315714682038226,0.12223385161387994,-0.07139601197051966,70.3479550322024,-0.13901187538803644,-7.167237877628528
1772919210.4237044,1.2204442775065458,-2.9551819491694724,0.2863683454102626,0.005139008399108697,0.12435050628629399,-0.0697821485640217,70.3837320078851,-0.04253233263605374,-7.097170039870558
1772919210.4495423,1.220568894941349,-2.952166534539567,0.28467617609008505,0.005139008399108697,0.12435050628629399,-0.0697821485640217,70.17676810458339,-0.06830031764442039,-7.0969698647437385
1772919210.489618,1.1974379820758325,-2.9638366746937956,0.29008005719340874,-0.0009158909740503919,0.1199221248587399,-0.06759464252572774,69.85173064453552,-0.1289738670824123,-7.113683073949102
1772919210.5184305,1.2231060539790917,-2.9605936588340547,0.3073359317726149,0.005789788820341078,0.11982280720328609,-0.06255285295297369,69.86908848658192,0.08157251832232343,-6.920555712454176
1772919210.541233,1.2232072575082977,-2.958499197128344,0.30624252928813905,0.005789788820341078,0.11982280720328609,-0.06255285295297369,69.71984592481493,0.06345760902630695,-6.920744597871681
1772919210.5799057,1.1993522641620142,-2.9672398044512107,0.3062971062436959,-0.0005108316279249523,0.11614766613516041,-0.06180886706035394,69.30000446989632,-0.14456798176499583,-7.137422374450509
1772919210.6136265,1.199332424537842,-2.964032696959059,0.30461365097238313,-0.000511839136283161,0.11614769945279617,-0.06180747362316312,69.00910149980035,-0.07401054767253244,-7.082983320311026
1772919210.6500359,1.2252096364301401,-2.957156562997679,0.314374782112308,0.006207779213488592,0.11678235230483426,-0.05865975397937896,68.8930334930556,-0.030296839379442927,-7.050430299427743
1772919210.6878827,1.2020604220160664,-2.9617184522747566,0.30955870787375045,0.00010239308055319264,0.11413294041317103,-0.059183187992129085,68.51605062342773,-0.04290260785155826,-7.084692274779127
1772919210.745252,1.2295112151442371,-2.948515385172776,0.30961018964536763,0.007262542757829988,0.1159536948443624,-0.05833763518482884,68.09247294001189,0.025361125728943692,-7.089829024317198
1772919210.7980707,1.2057904180790393,-2.9546633583209805,0.30598030143037735,0.000955569135151556,0.11315596147289546,-0.05869887710067857,67.84985098609219,0.033665959772569864,-7.1039309504223604
1772919210.8402233,1.2333697635019436,-2.9457223634824587,0.30953237098552805,0.008127038240982187,0.11394565142427039,-0.056974590464647236,67.82412070633244,0.15189007997568219,-6.995458760148707
1772919210.8816888,1.2336757432507277,-2.9416393477912735,0.3074897859507596,0.008153004653226137,0.11393993157092457,-0.056966853079117766,67.29427486060885,0.03871678103378945,-7.050619265329428
1772919210.9022744,1.210914620121845,-2.9509293732408963,0.3073017696802253,0.0021677475114616597,0.11086902519496726,-0.05669061946656032,67.08987521594581,-0.04283884718361295,-7.100452514468854
1772919210.9442184,1.2372408299963336,-2.9469887711250755,0.3137294915618684,0.008995732760669787,0.11077595034024239,-0.05444686601040911,67.07128320464088,0.07256175304888003,-7.0147075025080685
1772919210.9810221,1.214685310568929,-2.952870665609206,0.31344179343594414,0.002988966634626763,0.10803554176184257,-0.05393307754922022,66.81555539707541,0.03826738467226157,-7.051127756025181
1772919210.99917,1.2147030100404752,-2.9522309221021215,0.31312242320262534,0.002988966634626763,0.10803554176184257,-0.05393307754922022,66.76501047000724,0.032015446218034295,-7.0511587569174345
1772919211.0686913,1.2425861990469493,-2.9471656967763353,0.3228349380940564,0.010136925279762636,0.10699224798949576,-0.05024690316905301,66.33520254687687,0.11891411696815096,-7.013906238701714
1772919211.1103628,1.2429694553242756,-2.9431205401301606,0.3209352061216619,0.010136925279762636,0.10699224798949576,-0.05024690316905301,66.01245987587505,0.07920514193571691,-7.014464235123038
1772919211.1610997,1.2464018499287681,-2.9505048058621974,0.3318356054393687,0.010872100630301803,0.10353634512837967,-0.04669432789849859,66.29550624500801,0.5261975200322839,-6.686825624959892
1772919211.1911073,1.2467066019932316,-2.9479191017798683,0.33069785016762493,0.010934458423121704,0.10352394732938754,-0.04666147005320758,65.48364857476714,0.11769848553899373,-6.989461556942819
1772919211.2286167,1.2483936506036561,-2.9504403510665127,0.3337478215450549,0.011306845773441428,0.10186313495898176,-0.04540870608790759,65.32731991329418,0.19367673379633524,-7.005506473925698
1772919211.2469404,1.2486476129598956,-2.948152409558645,0.3327278994356585,0.011306845773441428,0.10186313495898176,-0.04540870608790759,65.13558081911924,0.17011449066732778,-7.006115183239387
1772919211.3089955,1.2249033843107087,-2.9471923365329245,0.3262372875530422,0.005000360569251612,0.10076440619902767,-0.046489134139849383,64.75530572621919,0.09272918158652992,-7.013767987657595
1772919211.4082727,1.2281103837379421,-2.934295643273684,0.31416801643163766,0.005565836219471301,0.10101629814530518,-0.048227312986106476,64.1493021387021,0.14143169048345114,-7.025191583188214
1772919211.4982235,1.2325169451130191,-2.920925629833049,0.30160941979805905,0.006582165115567134,0.10234382304209508,-0.050484048196745894,63.728264712457566,0.24254555188531782,-7.0187289641749055
1772919211.518016,1.2326727415469871,-2.91850320462969,0.30041448856445546,0.006582165115567134,0.10234382304209508,-0.050484048196745894,63.52621402130846,0.21766852349765076,-7.0195404237744095
1772919211.5933027,1.2371125020288578,-2.905676639931461,0.28615163593873905,0.007514067204189466,0.10397369784444879,-0.05339345148258196,63.45135922751694,0.4572606901256672,-6.866440222974733
1772919211.6419113,1.265979021207964,-2.8977543426668877,0.2859731749887252,0.015000747742179068,0.10440949871485042,-0.05259368498450767,62.81434597081464,0.28421161529178507,-7.076245479501668
1772919211.7462363,1.2693860251327251,-2.890391685990904,0.279908344223369,0.015567121825106193,0.10359673840912385,-0.05278733274531108,62.178980023913844,0.3139849661798156,-7.048260892040914
1772919211.834514,1.2457498889112173,-2.8857499707791128,0.27205633152285263,0.009114516629675032,0.10240815795216221,-0.0536021589846025,61.2122862411792,0.22232922041008318,-7.047451039777924
1772919211.8782015,1.250380564474026,-2.8838890789307747,0.27065317743854056,0.010215688376655907,0.1018183985148821,-0.05340624630706104,60.99913528755771,0.1828803223068978,-7.070326134087335
1772919211.915681,1.2507756569351396,-2.8799512452603753,0.26858768713438047,0.010215688376655907,0.1018183985148821,-0.05340624630706104,60.669029951612465,0.14193444754822554,-7.0712618334485375
1772919211.9671707,1.280040811315419,-2.868129807902711,0.26058626016569253,0.01768955932794661,0.10354606213923212,-0.05478839284308771,60.45756065231727,-0.014839143623863824,-7.219063128777033
1772919212.0077963,1.2538991083854911,-2.8768061448809754,0.26957802925593727,0.010687634265784719,0.10036703784050532,-0.051966625641468214,60.32260045566288,0.2419553514174728,-7.065151267278848
1772919212.0316803,1.283030742043534,-2.865104960273701,0.2601367104979847,0.018257442264389426,0.10258966951435812,-0.05400061907686059,60.07386562653729,0.02782777703908015,-7.2287567132290045
1772919212.0517404,1.28335306959325,-2.863318136547618,0.2591583477331536,0.01825419847963057,0.10258570364260358,-0.05401744790155027,59.89369668552809,0.23455070114051235,-7.086533998138294
1772919212.06892,1.2577708878437326,-2.873239638703486,0.27060660682135,0.011454015151833195,0.09954291100270793,-0.05076935933451449,59.661244003133206,-0.1260729582549364,-7.381294123881684
1772919212.091968,1.2580395439590357,-2.8709756391118124,0.2694970765963877,0.011432542223644504,0.0995311439083259,-0.050766295296251,59.698259589363346,0.2345226649422458,-7.116614201017483
1772919212.1328053,1.28697611106959,-2.8567592381053566,0.2578281078930682,0.01886866455940893,0.10187262555988649,-0.053102348791192355,59.253147243351194,-0.23004572212236576,-7.479421526130286
1772919212.1636698,1.287357066324093,-2.854674307104534,0.25666702195207064,0.01883306697035748,0.101871607111154,-0.053148309450550435,59.22802839937803,0.21678471881929962,-7.095118353149405
1772919212.1905224,1.2603856436188048,-2.8638193064437734,0.27008732108396766,0.01161677730697826,0.09878594095970263,-0.04926840956024139,58.984898106770764,0.21120434893459566,-7.136849832493723
1772919212.2353928,1.2608916018078928,-2.8595219008099004,0.2679445440924127,0.01160322951870483,0.09878497723736415,-0.049271856018990576,58.787135756274516,0.26907636276926894,-7.067051145653846
1772919212.2684731,1.2922166765519423,-2.8472468142668568,0.25503562274702624,0.019782816873328682,0.10136094194715767,-0.05233380071152212,58.563284127570554,-0.07838504659721353,-7.352170293512661
1772919212.2968485,1.2928985527863333,-2.843748689170471,0.2531839115657132,0.01975914125996516,0.10135732233759376,-0.0523669175149044,58.34782744473115,0.26861420630290317,-7.064501991962613
1772919212.3121643,1.2647921006868121,-2.8535285612772006,0.26696702894086155,0.012284658351094786,0.09834549701370651,-0.048510153408564384,58.163135796727154,0.0734012667314455,-7.218223688688567
1772919212.333075,1.2650855646502197,-2.8511985884385243,0.26583348873838697,0.012273353827682357,0.09834123187051559,-0.04851105214843364,58.095596261277834,0.26775198316781734,-7.063320784460656
1772919212.367115,1.271071209577441,-2.846518600788207,0.2622099007879159,0.013722039441817758,0.09868535489606636,-0.049029532106695105,57.86186083114451,0.25452285669885705,-7.112701241349283
1772919212.380255,1.2712486245852443,-2.845242677986555,0.2615759881061899,0.013722039441817758,0.09868535489606636,-0.049029532106695105,57.75591876844598,0.24130291469815016,-7.113159640351923
1772919212.410821,1.2716144063950992,-2.842611693403209,0.2602688230593399,0.013719732775290414,0.0986849966229164,-0.0490308778975683,57.573990563977866,0.25985181025514015,-7.093680961217493
1772919212.4647994,1.3036586460295665,-2.827034455358345,0.2412003821131296,0.02189034310537342,0.10135755337166097,-0.053313736961681436,57.16535898920343,0.17858141954769505,-7.130601712100964
1772919212.5388093,1.2761864567218584,-2.8290011981765484,0.2502202179942937,0.014250214629122416,0.09874213206310756,-0.04986752792409668,56.73363101407835,0.2180078489605057,-7.136918541516848
1772919212.6050563,1.2831630142496449,-2.8228300543523717,0.2417527894817199,0.015817552882574228,0.09874597164316187,-0.05121578481461813,56.15419607486017,-0.753156623335417,-7.928873450471102
1772919212.6846225,1.3176072151008162,-2.809181392733735,0.22485927810668713,0.024370847830006395,0.1001465819355332,-0.054553334888205865,55.745491530687126,0.15523418713528667,-7.137953961597871
1772919212.726503,1.2889235415353961,-2.8162112159731527,0.23631026689296114,0.016657475095042222,0.09745296360284285,-0.05111166327625845,55.48967838450803,0.23441044422826393,-7.111487398261063
1772919212.748231,1.3220055221341507,-2.8078828345465223,0.22268788806151427,0.02522154784502499,0.09880415700708198,-0.05424308499886071,55.37031764415884,-0.13604501439880343,-7.4286220029008225
1772919212.7831595,1.2949202575183634,-2.8149803311369292,0.23315785868413122,0.01789458320787979,0.09610921886753818,-0.05104865644238099,55.05883824233344,0.034346201238439615,-7.25419458250889
1772919212.8181689,1.2954882434970776,-2.8119297605755595,0.23153754035904697,0.01789458320787979,0.09610921886753818,-0.05104865644238099,54.85973731766237,0.009002395516870957,-7.254269900049386
1772919212.8751483,1.3295452388379423,-2.8020797593332945,0.21704886669216425,0.026638335095144322,0.09760045652845277,-0.05428624954198088,54.71239481146537,0.06679284391763153,-7.160845477748677
1772919212.9441187,1.3326370130547696,-2.801402952077082,0.21595497598726546,0.02691818833001466,0.09552090275456929,-0.053251471610180574,53.79546685389105,-1.248669874335386,-8.233230942171627
1772919212.9859436,1.3334998215777298,-2.7983412211757632,0.21424810689926596,0.02691818833001466,0.09552090275456929,-0.053251471610180574,53.594823438304246,-1.2776868995167299,-8.228807786328327
1772919213.0188015,1.3043013684227647,-2.8054833427598114,0.22555669597199662,0.018863183725415154,0.09272265395693301,-0.049902085525453645,53.56965251303299,0.0798788304805171,-7.122365483558921
1772919213.0420306,1.3369380410796698,-2.8023327158163434,0.2158828324951546,0.027304474055292308,0.09289497078508378,-0.05207973603685128,53.65080491030756,-0.22569642514757085,-7.404319666192785
1772919213.064446,1.3094538697350084,-2.8080457825231875,0.22624816839298495,0.019838303884408073,0.09056081720461565,-0.048904614574605196,53.226123743222495,-0.033127445877329076,-7.225773957608051
1772919213.0971768,1.3100062644702808,-2.8055222074097745,0.22490259048245126,0.01982895049334361,0.09055885350547235,-0.048905647072776476,53.142110582469485,0.16129120943458938,-7.047384317374987
1772919213.1577024,1.3109269153861596,-2.801317592977522,0.2226319191837203,0.01982895049334361,0.09055885350547235,-0.048905647072776476,52.93224665499478,0.135346012216202,-7.04792758124685
1772919213.2072766,1.3458574226846218,-2.799038451831685,0.21258937733271807,0.028813499176496588,0.09024431573003036,-0.05105843282653607,52.0841636465765,0.14446218566187802,-6.990142218965037
1772919213.287628,1.3221059310826186,-2.8092154397242983,0.22640544074213287,0.02188704793716822,0.08543903768029089,-0.04617294726647218,51.92639419615876,-0.6881743070366279,-7.754270977622387
1772919213.3162715,1.3229221821921562,-2.806048662670161,0.22486553402211168,0.02179639876629,0.0854175814646116,-0.04618000622321409,52.072886202827156,0.2564133553013494,-7.011974769332157
1772919213.3437061,1.3566809028469382,-2.80556463862101,0.21892189390950006,0.03050311898200741,0.08493164887898842,-0.04740340867240447,52.19915038579117,0.08051654964404364,-7.182355004429375
1772919213.3719842,1.3572986091215984,-2.803903192736004,0.2179340647671502,0.030508936443921456,0.08491865491189632,-0.047420865529145845,51.90105432427794,0.27931022493703644,-6.991970770047231
1772919213.4011707,1.3286513502445247,-2.8123883774134915,0.23200603710359424,0.022812994868408713,0.0822512671333433,-0.043479049724880356,51.85175427575842,0.2543401054542934,-6.986984170172188
1772919213.4325929,1.329648163886008,-2.808792654965235,0.23010655114057554,0.02281550628148406,0.0822497559258712,-0.043480849464455455,51.675425439123565,0.299579349199037,-6.961000174555319
1772919213.451904,1.3366469576184599,-2.8202550418348533,0.2409159546288014,0.024528329268424492,0.07877295625897525,-0.0403879526008824,51.70184225650703,-0.03857517806606434,-7.265005072361463
1772919213.4687672,1.3370383824324275,-2.818997977425292,0.24027144082354673,0.024528329268424492,0.07877295625897525,-0.0403879526008824,51.66870028289819,-0.042800182014997086,-7.264981537121091
1772919213.4995546,1.337825963460186,-2.8164678907909906,0.2389742404296399,0.024523049960995517,0.07877033877502806,-0.04039609645549905,51.49761216496496,0.26004747563364544,-6.958347382008292
1772919213.5327435,1.3741136755136285,-2.81634962225107,0.2330746467447484,0.03378854686767463,0.07797128538158977,-0.04151614376420582,51.55257504251046,0.18856026832530987,-7.005136749908537
1772919213.5573921,1.374636393332986,-2.815143385699176,0.2324323809432166,0.03378854686767463,0.07797128538158977,-0.04151614376420582,51.544587267372115,0.1875787693590397,-7.00516296919283
1772919213.592177,1.3464182562437195,-2.821406120313838,0.24350153260963323,0.02606990655010491,0.07559090445677162,-0.038219385480559497,51.23927543659299,0.07878936138019882,-7.074167110461032
1772919213.6266677,1.3809847726862985,-2.8222968827901864,0.23758006857419262,0.034906950294472924,0.07462452337649378,-0.03940858757741904,51.46387531757642,0.1350171730922644,-7.029215326565466
1772919213.6485996,1.3816539987812786,-2.820866202712216,0.2368245383731687,0.034906950294472924,0.07462452337649378,-0.03940858757741904,51.45397690867144,0.1337966789717956,-7.029238546661396
1772919213.6896882,1.353931131071399,-2.8247061097082513,0.2454389650715284,0.0271888494676969,0.07265520561962834,-0.03665059353137029,51.26328270740415,0.2675999693868766,-6.9200614947592465
1772919213.7316039,1.354905371110236,-2.8221032452354695,0.24412619038736544,0.02718642148148856,0.07265548369842922,-0.03665145906506471,51.28736475482857,0.2984466110487188,-6.895829469162312
1772919213.7511046,1.3555036753393213,-2.820504282194577,0.24331958467150416,0.02718642148148856,0.07265548369842922,-0.03665145906506471,51.27599888751783,0.29707204201185466,-6.895888535952266
1772919213.7926,1.3609596178299468,-2.828429763074675,0.252731987892936,0.02830073442585265,0.06987135408708292,-0.03381060480431191,51.23961477797044,-0.016784892835187394,-7.189152055036007
1772919213.821787,1.3921842544980005,-2.8302800966163817,0.2540870106085829,0.036240409947666155,0.06880447398014315,-0.03318650629751369,51.360726682637726,0.35717820562781105,-6.920298005624301
1772919213.852411,1.3930953662806176,-2.8285502845766834,0.2532522903982413,0.03623997911579283,0.0688039762336122,-0.03318811651492447,51.394437246455965,0.40098019770825544,-6.921413614027682
1772919213.8801305,1.365202084486962,-2.8311989957486317,0.2627392554515834,0.02853903370568696,0.06740203045416274,-0.030357264680326002,51.410241084208934,0.3743633985458045,-6.949366293504791
1772919213.9186532,1.3658930342263493,-2.829567145986066,0.2620042850830805,0.02853903370568696,0.06740203045416274,-0.030357264680326002,51.44156399232521,0.37818113366111566,-6.949160591491466
1772919213.95903,1.397299937179339,-2.832568783250018,0.2679228641527895,0.036431114991605035,0.06583963562949545,-0.028459484171804706,51.48234292668921,0.43231760800508423,-6.893365990327932
1772919214.003338,1.370519389569884,-2.83211171683386,0.2749333084967444,0.028985913234042354,0.06512863571011983,-0.026273227983633414,51.48625129290579,0.4117530419701497,-6.953492445731373
1772919214.0530825,1.4034981635429433,-2.83445485818014,0.27914705195943007,0.0372451915273972,0.06359060819136272,-0.024797883676092026,51.61786048201105,0.5233412295483089,-6.906905429382681
1772919214.1137233,1.4076677820734813,-2.837625879318734,0.2910486235938345,0.03771985839129334,0.061591745898834885,-0.021241712037206845,52.131415291314,0.7061574287397115,-6.83783607261248
1772919214.1620712,1.4081154694049518,-2.8370215780140895,0.2908422489264845,0.03776369966533057,0.06154750396845365,-0.02122147590380106,51.45979274385173,0.5009055579303736,-6.978142052109715
1772919214.1952662,1.3800492956039208,-2.834854090813164,0.2932921224852735,0.029901689981825828,0.06135612557707593,-0.02030602944811607,51.719689560123165,0.3247354923360021,-7.161632431508411
1772919214.2458775,1.4136898392509722,-2.839256726131586,0.3004504750475476,0.03829503469377855,0.05930722089608414,-0.01814533282838248,51.772962863267615,0.5823277334842698,-6.961591635763216
1772919214.2661161,1.3863039951463754,-2.837593965708439,0.30223297529788884,0.03092821139178406,0.05949058523960385,-0.01759750442534088,51.678094458145495,0.4841820482510479,-7.029013816294258
1772919214.312109,1.387646552935387,-2.834998811765524,0.3014711609516599,0.030930822694297984,0.05949106804030427,-0.01759762866388558,51.64632645613225,0.5334702931302767,-7.004497407116694
1772919214.3537538,1.422871224500253,-2.8403444155320803,0.306795098573477,0.03974324396351351,0.057345083179974346,-0.0159847023593665,52.688573042410916,0.7808587915406012,-6.8853860468455315
1772919214.4171243,1.3965644498287673,-2.835412051192116,0.30522475740061455,0.0322324520124843,0.057629869718239565,-0.016110360850639098,52.090884531741025,0.5708580654311828,-7.045350970205393
1772919214.4488842,1.4299513645631377,-2.841687540822257,0.3128934012785976,0.0407385411441905,0.05553535623972492,-0.013983592160700782,51.84837520090476,0.6339384737192568,-7.025021479124943
1772919214.4804025,1.403036868334898,-2.8388747695570054,0.31128082208736213,0.03337182270161127,0.0558446516374644,-0.014299758240807795,51.8818427907466,0.642330142683574,-7.072083175741986
1772919214.5022056,1.4035538951843576,-2.8380095730541517,0.31105927713258436,0.03337182270161127,0.0558446516374644,-0.014299758240807795,51.91812156441863,0.646830537322409,-7.071675046347526
1772919214.5342228,1.4368766135864715,-2.8448087949912133,0.3225626182406324,0.04174898389726191,0.05344899171971332,-0.011126336895166082,52.33793471920005,0.8323668381280286,-6.981918408497079
1772919214.57615,1.438329818850817,-2.8429483339957513,0.32217533093829415,0.04174898389726191,0.05344899171971332,-0.011126336895166082,52.42869803549542,0.8434798447199006,-6.980591085486215
1772919214.6549904,1.4139347189541933,-2.8347302710135125,0.31553325506461916,0.0345423030496525,0.054377762495593465,-0.01258206532919996,52.47578379727232,0.6700558566078464,-7.138704495728523
1772919214.6875067,1.4479801826625756,-2.8456206670977506,0.335828496610995,0.043288472873248156,0.05121982694045655,-0.007187762998680345,53.2239162553476,1.224695408045563,-6.713572609588613
1772919214.7306263,1.4509502262733445,-2.8486659348352106,0.3465359050800483,0.04350115049414929,0.049724028482110195,-0.004277882371021646,52.832997616430276,0.8013373132493048,-7.057191642204184
1772919214.7557855,1.4518531174057345,-2.847634199441774,0.34644919714094885,0.04350201075909161,0.049723492423945505,-0.004274347348332422,52.86327667419551,0.72046604926275,-7.1508057658291575
1772919214.8176832,1.4270322235057946,-2.8388154153818443,0.33879745210706536,0.03627349805224922,0.05112101698287073,-0.006184086843970683,53.14160882326953,0.7568556820414648,-7.1687036659122985
1772919214.8679974,1.4600045068362837,-2.84831221978189,0.36121847597547024,0.044476514030709485,0.04803195528219178,-0.00024233506865991607,53.40940351131857,0.8542516210600493,-7.175883198373192
1772919214.8885822,1.460873558105575,-2.847373230845151,0.3612163178344884,0.04447637292477852,0.04803213817119677,-0.0002401058933792159,53.47140045225265,0.8118776504336513,-7.243420845557036
1772919214.943861,1.4342420285459394,-2.8375264200039405,0.3504711393067739,0.03688734977418321,0.04985815413259853,-0.0030249265234485877,53.6237994169036,0.8430880198113082,-7.266696956245556
1772919214.99919,1.4685629947717365,-2.8451488897450496,0.3733140009460917,0.04526368713955187,0.047167992544430236,0.0029498649712558197,53.90424934121351,0.8852223814480517,-7.254822176760013
1772919215.0533075,1.472585521768626,-2.8463204557909587,0.38613812212569254,0.045759202743046276,0.04621669962212135,0.006275212430738786,54.682839849413355,1.413035776357722,-6.8755347579318515
1772919215.0878623,1.4440021079962506,-2.8398788381417344,0.37953154344093804,0.03764607255348369,0.047291385210606746,0.004486011575332991,54.65150772250796,0.9687087049027476,-7.2386227619631045
1772919215.1286488,1.4449092461676458,-2.838739281800452,0.37963964056930444,0.03764607255348369,0.047291385210606746,0.004486011575332991,54.74693897464772,0.9808267126213028,-7.236999276979775
1772919215.1680503,1.4788748131818215,-2.845670333517787,0.40159983041168573,0.04606189760481431,0.04492803900408749,0.010158536503887355,54.849873192017625,0.9789643391702934,-7.297123802882128
1772919215.2607834,1.4534092600095758,-2.838133488070735,0.3953497993493925,0.03842480971247705,0.04582020567688727,0.00831391615786516,55.196477288881795,0.9636441245329254,-7.337427608837099
1772919215.3425145,1.4887427554078005,-2.843867015721822,0.41866717604871634,0.04678034063266631,0.04344680750407072,0.014180959978762396,55.71692893162549,1.0193356033710332,-7.3525997734963475
1772919215.4030576,1.466427694773151,-2.8380383039864614,0.42019461649372436,0.040177139577390074,0.04420495522561305,0.014338138906216737,56.28646911890238,1.0373999233403879,-7.360859334507745
1772919215.4369895,1.4970109901284503,-2.8451096744478535,0.4409415910360949,0.0478692840156805,0.04199044818418565,0.01966013605804047,56.52041200611025,1.087648391436244,-7.3012411876269425
1772919215.4532743,1.4977476146550046,-2.8444635149188464,0.4412441261316898,0.0478692840156805,0.04199044818418565,0.01966013605804047,56.58134903820677,1.0954539036066755,-7.300080336500555
1772919215.477521,1.4990647766000236,-2.84330923784539,0.44178702387094837,0.047869429293611834,0.04198917762876879,0.019662607260644477,56.65024897447396,1.0405835993169483,-7.339369429780811
1772919215.6394396,1.4818178209534085,-2.832218047982682,0.44125628114121346,0.04188609418211228,0.04340298463803999,0.018958905480047153,57.628085127349024,1.1976186996621305,-7.250179137550759
1772919215.7120366,1.457915036199249,-2.8063851373784416,0.41427898875298225,0.03453671781531667,0.04908566613882785,0.011399052229038226,58.18024409171735,1.1911763044057755,-7.281499445186767
1772919215.7567508,1.4913351875912255,-2.814911716965799,0.4412286202707225,0.042563809020234926,0.04599616151702493,0.018172170138804882,58.500284158624,1.1539871801841268,-7.317312501707135
1772919215.796577,1.4648075361414983,-2.780359531091687,0.40165158309594806,0.03521535170108266,0.05455587247486433,0.00766731343605765,58.87037846572202,1.2701848480738567,-7.240849388396
1772919216.0115802,1.5071125896541229,-2.7495453894528827,0.4011955920059036,0.044258152398168195,0.05973420325594476,0.007129374576339502,60.075744353274274,1.3577845551974286,-7.233538134132794
1772919216.0540824,1.509017704872972,-2.7469740995652043,0.40150247964739544,0.044258152398168195,0.05973420325594476,0.007129374576339502,60.2824994956501,1.3840102200823083,-7.228591637928282
1772919216.150354,1.5151726211490326,-2.710290081918769,0.3833513244643574,0.04452356531460932,0.06820821380703443,0.0018433883617277624,66.53517374628939,6.056161252654697,-3.1727481649096685
1772919216.2302434,1.5185257603053364,-2.6992696103716107,0.38699542891978933,0.044870752035610605,0.06924111075851273,0.0033300073960951535,62.70868243728742,2.5147032020313804,-6.345873273205437
1772919216.25723,1.5198774338555119,-2.6971838111872604,0.3870957410989928,0.044870752035610605,0.06924111075851273,0.0033300073960951535,62.90744935792835,2.536771550230748,-6.337113972337913
1772919216.2844598,1.5213988959507811,-2.694843020871355,0.38721303487989484,0.044922630412755106,0.06920371814884345,0.003407067838366106,61.98325326808763,1.3448989253299692,-7.288066526635331
1772919216.3503559,1.4988073533703603,-2.661945901392116,0.3482440467987076,0.0383995963047036,0.07665446986445475,-0.006710756601327632,62.48814588529302,1.4102237675467084,-7.280472506315494
1772919216.410262,1.5000388239878704,-2.659486402434662,0.348027328297812,0.03841225558828795,0.07664960917430814,-0.006696915996459032,62.54804665638869,1.270918745803423,-7.401222257198789
1772919216.4632008,1.5072921101220602,-2.6353466788728603,0.3379003555782063,0.03936314340122605,0.08123525677170225,-0.009245114227354852,65.01815757214112,2.9190727084255137,-6.130505334504363
1772919216.5032382,1.5089275035435847,-2.63198040576763,0.33752034668159503,0.039472278531696194,0.08119280312992433,-0.009145337700026413,63.67196052797245,1.4527624012965892,-7.3603048520385155
1772919216.5288298,1.5098983089232898,-2.62998399759484,0.3372955738355523,0.03948047320206844,0.0811893050834188,-0.009140966401163866,63.66443072557271,1.370231778847909,-7.422156989266701
1772919216.5560195,1.5411513972935813,-2.6474117731238422,0.3790074398266525,0.047386197134535395,0.07618217581144321,0.0017652237114879421,63.777961484189,1.4041978787478842,-7.414191232343443
1772919216.5955167,1.5147665418303784,-2.5857659169016642,0.31891475053311286,0.03985997825099372,0.0908720335106852,-0.013740169298816175,64.24344819752855,1.4249327652101131,-7.429903676489717
1772919216.6469793,1.5462200860066095,-2.6059674925959704,0.3647752863400461,0.04763029433937315,0.08479625982576885,-0.0017281688126206587,65.65454916981957,2.5923975707375133,-6.4937786820209835
1772919216.6977508,1.548700397042479,-2.6018046749207526,0.3649298493130402,0.04769896081327481,0.08473311925130746,-0.001600901129736638,65.06758934918837,1.5218326285548849,-7.3895266535401625
1772919216.72409,1.5187279703571592,-2.5237670075326517,0.29242113080957516,0.039539848505151215,0.10445857268805903,-0.02046580889020528,65.57656215286845,1.6331138442954385,-7.304073784043641
1772919216.7451262,1.519478834395358,-2.5217722510198723,0.29202333536343483,0.03954855388912282,0.10445771228410436,-0.02045912801264258,65.54016841553916,1.4461053378520135,-7.44908632212342
1772919216.7637794,1.520131885126494,-2.520047379218714,0.29168550130395143,0.03954855388912282,0.10445771228410436,-0.02045912801264258,65.68103652369905,1.464513240935476,-7.445508663679884
1772919216.7970755,1.4942777952340942,-2.4414510095496897,0.2209183218731032,0.03244223582808636,0.12388770397313988,-0.03864340321946818,67.04281236111039,2.2357921446459663,-6.875156221815263
1772919216.822947,1.4950657580110023,-2.4382556510344444,0.21986987472287484,0.03250645714860622,0.12389965844159927,-0.03862431049504907,66.24643149496977,1.5390975726267189,-7.424743159869198
1772919216.8571873,1.5303572510655186,-2.469050113307679,0.281148891170618,0.041183541259065905,0.11435612681203661,-0.022330091913467943,66.67482180950059,1.4927171742511969,-7.5108133351695425
1772919216.9019191,1.5039389702529942,-2.3999408502757573,0.21179292831237878,0.0340078781100139,0.131219033528575,-0.04006428073046123,67.06671240357532,1.6434096842001436,-7.382648328412937
1772919216.9666517,1.538540841019726,-2.432079496191856,0.2749358453339573,0.0423631184109204,0.12081325592574046,-0.023138280367147667,68.25619746699621,2.3158554696761238,-6.856378506259059
1772919216.990755,1.5402834262370237,-2.4272243749703337,0.27406649727169263,0.04242533310070771,0.12079092285309928,-0.02307474418162146,67.89494536575815,1.6757977370934811,-7.393593319457293
1772919217.0489142,1.5443129455453968,-2.390208225914219,0.26141115778121715,0.04298453046484527,0.12889603406751995,-0.025989183722675294,70.08355932231353,3.266221266741406,-6.093933363701811
1772919217.0723445,1.5193585383048942,-2.3168640741673316,0.1896700383767012,0.03643692219419681,0.14715227712835244,-0.04432803230935072,68.90146980877459,1.9334768143302512,-7.202984872894409
1772919217.1000261,1.5203436451703134,-2.3128856723229436,0.1884715878400249,0.03643692219419681,0.14715227712835244,-0.04432803230935072,69.13229901202745,1.9626166719648592,-7.195138220425983
1772919217.144275,1.551051218906062,-2.3482820303844503,0.24549963818440537,0.043949972022607836,0.13632846313654018,-0.029076140364178677,70.12035747397253,2.4831263697956185,-6.792919797233405
1772919217.159297,1.5516213427731829,-2.3466640702638193,0.2452266012082314,0.04402672221945268,0.13630363970768147,-0.02899986807521453,69.42558683874742,1.7360023892642413,-7.39058797801036
1772919217.1882656,1.5279810547440855,-2.2710985409388167,0.17105938830184017,0.03751098471692702,0.15497897802934768,-0.04808984352700773,71.11487074998928,2.8671769974347106,-6.497210611068622
1772919217.216225,1.5291314521732888,-2.2660181998038618,0.16939606283309175,0.03763003616619052,0.15499790865917618,-0.048045355617065966,69.90602505091607,1.8156466965673346,-7.364348553522288
1772919217.2534583,1.5573991484798146,-2.306074472333571,0.22842049877354673,0.04467695947980527,0.14317401581180714,-0.032253316398380735,70.16948991408732,1.8054489326669425,-7.349070056022116
1772919217.2816684,1.5587849560941598,-2.3016339428068173,0.22742316271610916,0.04467922074206786,0.143175151539756,-0.03224435513205403,70.41854785454842,1.7019923344914214,-7.4055209386966245
1772919217.300749,1.559951250631081,-2.2978965365967206,0.22658146461546047,0.04467922074206786,0.143175151539756,-0.03224435513205403,70.64128793945426,1.7309169107973623,-7.398849128657951
1772919217.337496,1.5582753364285198,-2.2632708444949783,0.20820301850314546,0.04396348975241099,0.15116434143183313,-0.03675826942442196,71.44710365718949,2.0872453728594893,-7.115839855607972
1772919217.402445,1.5385878373468798,-2.1896999321424038,0.13643075423145085,0.03814164865453425,0.16758046494424517,-0.05464603771658065,71.84257432534046,2.016064264483386,-7.219585968375892
1772919217.4296796,1.539620451992217,-2.1851637044870897,0.13494853292289952,0.03815655202674214,0.16758661522353477,-0.05461806511888701,72.02145649094727,1.7949515514009156,-7.381376416163013
1772919217.4697611,1.5643497539441575,-2.2352473973277682,0.20737638302895153,0.04417923242736043,0.15282646962651159,-0.0352274667498521,72.58695131070525,1.9836048783493856,-7.236390422231808
1772919217.5525348,1.5636092728445754,-2.206242558330112,0.197486862578889,0.04320120015487348,0.15708573475655163,-0.03691278144120574,73.63936288280551,2.0815242186775627,-7.158987489065445
1772919217.5809953,1.564956983718798,-2.201350069940039,0.1963387456866573,0.04325423141438185,0.15707991770441596,-0.03687522397356381,73.56724709438474,1.842152513311762,-7.35398209973129
1772919217.656811,1.5418589441586947,-2.138469493406365,0.13339608585024582,0.0365300868690828,0.17027651616373934,-0.05235498015464271,74.43971201743558,1.94081535154892,-7.295064578548028
1772919217.6730998,1.562892085900741,-2.1945290541784748,0.20823338373904396,0.04175422996436353,0.1547946680566629,-0.03262798325590224,75.64433218838091,2.935672474173599,-6.485901010682495
1772919217.6908288,1.53816555170673,-2.134221422606287,0.14659794579230412,0.03513111961362642,0.1697329212627671,-0.048503256549052035,75.50496992210779,2.559828232365666,-6.8092279188254645
1772919217.710954,1.5387384874965482,-2.131310474399361,0.14572476713985585,0.035171808314710666,0.16974208196572077,-0.048484152746777455,74.99300540407876,2.0000533332483594,-7.282449475910216
1772919217.742803,1.5579985370095923,-2.1813248570200354,0.21562267822018108,0.03990931953524304,0.15542902422164345,-0.029938857124655882,75.33624293906911,2.06140238344103,-7.256258328755421
1772919217.7852857,1.534000706007791,-2.1116696389745573,0.14935692360458863,0.03311467317461197,0.17174611422728916,-0.04693671211394185,75.76111775700657,2.1557250814096136,-7.175534887634229
1772919217.823604,1.552602077304515,-2.1627321660661774,0.22137181561511404,0.03767336344910978,0.15740330166375735,-0.027905735019684266,77.59886889029734,3.7958265286931883,-5.807732587564788
1772919217.8568413,1.5543985974848518,-2.155685538474969,0.22032404917171497,0.03787582767796003,0.1573639903773478,-0.02767357085880828,76.42620660659165,2.1135056769532516,-7.205408142530955
1772919217.8903468,1.5316160569514896,-2.0873457373267312,0.15249471990904084,0.03158324686037342,0.17379623147745707,-0.04511169152804109,76.95077022874725,2.220525998133355,-7.1445568954570655
1772919217.9407296,1.5333630095102726,-2.077732610068834,0.14999947344833547,0.03158324686037342,0.17379623147745707,-0.04511169152804109,77.42317921323867,2.2796178388427295,-7.126009505868068
1772919217.9760656,1.5311133557872327,-2.0872852585479675,0.17177904451872272,0.030514559339759457,0.16963985230023276,-0.03916677933535413,79.32320623663664,3.5702811062189364,-6.007756608473743
1772919218.0332978,1.5516578711627318,-2.134656703135857,0.24294426457470114,0.03558381770841251,0.1553499297819556,-0.020040844256530813,80.3003109985795,4.034474569119954,-5.59167493281094
1772919218.113383,1.5292534294146987,-2.1105634027017035,0.23077478762826642,0.029023467266936335,0.15791318208005878,-0.02256245072157806,79.3521711263964,2.0476903829069864,-7.286911012461352
1772919218.1290345,1.5296368311068171,-2.1084773603739397,0.23047673634082266,0.029023467266936335,0.15791318208005878,-0.02256245072157806,79.4649426716866,2.0620972564917266,-7.2828673646684585
1772919218.1467059,1.549818507521179,-2.1571408549134445,0.29971319978970684,0.03414662332402807,0.14443603543866695,-0.00434120417198915,80.50943112916401,2.931633797157334,-6.554405123957636
1772919218.1650548,1.5503604733340837,-2.1551780633492914,0.29980024298279584,0.034203494710056834,0.14440845904257904,-0.004257247086525467,79.85815181576464,2.11412996504176,-7.224453333171939
1772919218.1795135,1.52693199309702,-2.1644364346366145,0.31294974426317,0.027933089166075384,0.1414310234473481,-0.000788149445080359,79.94929296286305,1.9723646829513635,-7.335242820634631
1772919218.1993191,1.527277222120999,-2.162688468491704,0.3129400034120219,0.027933089166075384,0.1414310234473481,-0.000788149445080359,80.05478404177728,1.9859328554241626,-7.331599601467827
1772919218.2594478,1.5475292307102273,-2.1993614041850775,0.37859441598917565,0.032713006878196664,0.1294469116857735,0.016337442409242908,80.93269898347732,2.0293109262893254,-7.262636481119097
1772919218.3118432,1.5258034543019732,-2.211184120233736,0.38930181008183823,0.026593025479161675,0.12452231973983315,0.018885804861804002,81.3897523942093,2.0066316521201872,-7.288057665430531
1772919218.329142,1.5428963791109092,-2.249588669971621,0.4467109739922308,0.030930691641599794,0.11385935536103398,0.033822963975357265,82.31882844864093,2.814476602047014,-6.630690750585413
1772919218.3458588,1.543468875820937,-2.247699796076944,0.44742898220999006,0.03095628646316908,0.11383361172941435,0.03388998897001745,81.96665247392306,2.158573709994407,-7.184850034954715
1772919218.3711765,1.5213348016410653,-2.2751576698539004,0.4757775255849662,0.024964782346746796,0.10595640224066592,0.04114337941646052,81.96030522014061,1.7212066767342833,-7.560999778994355
1772919218.39702,1.5220102729250937,-2.2723428743006773,0.47690559710876335,0.024963025606642767,0.1059587858386953,0.04113790604660904,82.38809968697959,2.0123975578232365,-7.311342526507524
1772919218.412318,1.522410735586114,-2.2706430588214124,0.4775655409626786,0.024963025606642767,0.1059587858386953,0.04113790604660904,82.52503864106369,2.0299506116997135,-7.3065128479171255
1772919218.4435103,1.5404764902331476,-2.3015553464260714,0.526189466993767,0.029563099691598906,0.09727172859353644,0.053665090583065664,82.87723140604085,2.103499215042491,-7.201891594162189
1772919218.475196,1.5415030533183658,-2.298177636820138,0.5280529590339174,0.029563099691598906,0.09727172859353644,0.053665090583065664,83.17373787588173,2.1409121800421356,-7.190911635593125
1772919218.5322366,1.521368263376037,-2.3224787657509864,0.5441328217280271,0.023855317032787066,0.08944597832214107,0.05701502131484821,83.79163446064837,2.0192161052142836,-7.289357710714481
1772919218.549671,1.5383587911595868,-2.3508129618385993,0.587973500766425,0.02818532879549088,0.08156001720510582,0.06818964013011258,84.8322158931532,2.87408364708901,-6.59680205519672
1772919218.5750136,1.5192910965957354,-2.377212385020509,0.5929243849167166,0.023053890171348748,0.07424432673366223,0.06921557177666819,84.16614413609622,2.035377013018942,-7.272356322787375
1772919218.5974805,1.5199237024777819,-2.3751750977144965,0.5948236816301862,0.023053890171348748,0.07424432673366223,0.06921557177666819,84.40040443678245,2.0652350797665355,-7.263975190741493
1772919218.627608,1.5205467059045488,-2.3732093437365442,0.5966640581458352,0.023050021052775045,0.07424249876258113,0.0692164003017252,84.79040745399712,2.0608217521437466,-7.2502922231914955
1772919218.6739843,1.536915477981203,-2.394106184676398,0.6343897385433245,0.026983395755056032,0.06779133774996304,0.07807280238402402,85.31861533418018,2.1352516825777634,-7.222709984240881
1772919218.7276962,1.5315218985159047,-2.4386559472506444,0.6658566988923493,0.02525765008333026,0.05531304595028431,0.08527037914736042,86.75544702238398,2.9824871123976457,-6.538220796257809
1772919218.7554183,1.5323442196933967,-2.437103060512834,0.6685833761438637,0.0252660825515791,0.05524804008680494,0.08535429895345337,86.31830871890278,2.1511233260441127,-7.222242618223149
1772919218.804673,1.5150200583030333,-2.4678172049414844,0.6830920217381099,0.020607365934357854,0.04696225273073183,0.08885235853780817,86.40491671584944,1.9950589667064167,-7.328753546103606
1772919218.8321671,1.5163340278541948,-2.4648257104237326,0.6887534538429346,0.020603226408769566,0.04696235619368494,0.08885313482178887,87.04836592460184,2.0459587852824734,-7.3167892779992725
1772919218.847909,1.5292414764968598,-2.4827511501990873,0.7177670323265621,0.023949360834807528,0.04212747965485,0.09621020427452243,87.65873092510525,2.5513819967830456,-6.910589382613522
1772919218.8676302,1.529751857782666,-2.4820211327046855,0.7197255116485739,0.023958468317044967,0.0420934679838487,0.09625608999280909,87.4460241293942,2.132706042927177,-7.257885454394745
1772919218.9068732,1.5131431996343772,-2.5144673844694276,0.7524763688310319,0.01940659416417543,0.03324941600207731,0.10382959230438411,87.72560745963938,2.0269988279945035,-7.314003657984875
1772919218.935062,1.5241118357521257,-2.528329088222942,0.7817583978742579,0.022092156680066224,0.029284883245140933,0.11033772665433624,88.77572172379783,2.787478982921285,-6.708979310514367
1772919218.9900398,1.506779965285391,-2.5617957334544923,0.8136399113111663,0.017193107091093274,0.020040403983017555,0.11731568877659884,88.59691692960489,1.4263278898684768,-7.832051765916301
1772919219.0310981,1.5075023699259795,-2.5610501835865835,0.8183834396070095,0.017238321475103506,0.020082816829535447,0.11732830546141867,89.43587296489235,2.1478405181701756,-7.265453091759861
1772919219.0867188,1.4996335001424885,-2.6000112491682636,0.8596068811323834,0.01495942939468302,0.009679916985118747,0.12644848017721827,89.82149013629898,2.244340403626996,-7.221752889421085
1772919219.1166716,1.500024886840649,-2.5997579827327466,0.8629166435516769,0.014956949350645935,0.009671285583471193,0.12644945632803398,89.78922941093873,2.200925558302414,-7.262167402986162
1772919219.1855943,1.5111822187426447,-2.6080527539846505,0.8925421106415599,0.017570002737872,0.007334716241573754,0.13187022291503586,90.62147808464174,2.272854366284522,-7.259791509402096
1772919219.2274635,1.4956717620777407,-2.6222597315391623,0.8881138538405078,0.013304680909608882,0.0035678252958543737,0.12889558823237665,91.25600884141758,2.773092149262112,-6.85645666785402
1772919219.2995708,1.4992847624555523,-2.635993656521099,0.9312876454066411,0.013967366397655492,-0.00013526889457871375,0.1379603541077227,91.86437180466685,2.3522590213372,-7.229062386091803
1772919219.336425,1.481832875054313,-2.662930527481677,0.9529165591420549,0.00933018198661632,-0.0071669049761823814,0.14288134204210245,92.16647129703267,2.7012040995687023,-6.938752465574785
1772919219.358882,1.4821856872410897,-2.663204381055918,0.9583249871438065,0.009288240617402807,-0.007228281739090042,0.14288341553926862,92.24684262800491,2.2492149261322067,-7.2982022709925305
1772919219.3751523,1.4823105844280418,-2.6633015783716307,0.9602463129791333,0.009288240617402807,-0.007228281739090042,0.14288341553926862,92.36164763281005,2.2639021288636836,-7.293681914781958
1772919219.4070294,1.4702655851878483,-2.6852831446725585,0.9733521520790904,0.00604137807992885,-0.012916923724665581,0.14496712398983932,92.78830773214241,2.144392042220044,-7.393152800424773
1772919219.4380744,1.4632510002010823,-2.695857956093804,0.9943941994936708,0.004165561956066363,-0.015572235578719493,0.14935263292633325,93.30342221156728,2.275617354861466,-7.285966412686397
1772919219.4716306,1.463362576334695,-2.6962750642429336,0.9983946655778512,0.004165561956066363,-0.015572235578719493,0.14935263292633325,93.53212077637826,2.304815544028823,-7.2768273370554635
1772919219.5240119,1.4543406466150584,-2.718130884515784,1.0151684903460854,0.0017585174890172694,-0.02099825508986828,0.15139411820997628,94.11643455741661,2.244902126584585,-7.346284018384514
1772919219.5632613,1.4404351123165584,-2.7482426466263985,1.048223248979341,-0.0018356031666469117,-0.028775253875702816,0.1597990391696166,93.67340432179758,2.9401372419318066,-6.698955148541818
1772919219.6098428,1.440286136107423,-2.7505455399251613,1.0609329545284847,-0.001916092376408273,-0.028918173111958843,0.15977505254835672,94.86961535281476,2.2362927751243373,-7.289301115821871
1772919219.6329856,1.4367652573920822,-2.756020892424564,1.0811249536409393,-0.0028344086881600694,-0.030228923309696867,0.16428284169983445,95.02992779663964,2.1592682212804757,-7.282974938333256
1772919219.658807,1.4366949679350276,-2.756770528359444,1.0851989433216407,-0.0028344086881600694,-0.030228923309696867,0.16428284169983445,95.24164747193728,2.1862917116828915,-7.274947984904489
1772919219.700699,1.4291797414976202,-2.7727864175875,1.0869052011350253,-0.004755659061631301,-0.03401588940859133,0.162618560016282,95.77365320680495,2.1752691957141677,-7.2837506205989815
1772919219.7519162,1.4289833741003288,-2.7742028579650637,1.0936688178775564,-0.004755868039810313,-0.03402764414273226,0.16261590116539737,96.32294804724275,2.1313862283743608,-7.326260183841344
1772919219.7864535,1.4290410659101376,-2.7689415968396416,1.1002497598477743,-0.004688872425268673,-0.03232241931931982,0.16270295778536079,96.78709708732917,2.1012391839448497,-7.3055233488300315
1772919219.855598,1.4261768941466566,-2.7653842084511377,1.078824901685793,-0.0053577420766612845,-0.030844661670021735,0.1543818343568356,97.42871185244634,2.115814968359039,-7.322148864183321
1772919219.9107978,1.4258389551623594,-2.7673180163076516,1.088509629503829,-0.005350626136729963,-0.030853436475252884,0.1543803822627963,98.27287201256524,2.1208598677391266,-7.310243186208781
1772919219.9924757,1.4262518266729403,-2.7536150740310057,1.0549740689691953,-0.005200618320174261,-0.026727913300998874,0.14245206848634887,98.42018041748113,1.470909717220561,-7.898432602979385
1772919220.0545244,1.42936057366365,-2.728748080231764,1.0101669532425326,-0.0042109153219987636,-0.019718181100260315,0.1284117840442631,99.59221049060251,2.1031387094427756,-7.3501488696808055
1772919220.1004148,1.4292086774004915,-2.729458585568218,1.014793401971183,-0.004209488167947409,-0.01972418194380748,0.1284109420381012,99.54774640305607,2.037797204016703,-7.3577455618833625
1772919220.1257458,1.434148166886096,-2.6917178263068626,0.9501183740124578,-0.0028621821006942793,-0.009641267784991843,0.11045817092097569,100.241177535478,2.075872066623732,-7.352705414699161
1772919220.1813452,1.4339519044111682,-2.692379578933446,0.9577017167511277,-0.002855540259628309,-0.009637137457048216,0.1104587286309608,100.78661195395509,2.103573589161142,-7.352546939240074
1772919220.316015,1.4360529378845668,-2.640002989117617,0.8524000235942045,-0.00218422639863135,0.004276049257920989,0.07966233758175527,101.99068058799567,3.5751121318257675,-6.1489576666010075
1772919220.3600788,1.444864648239815,-2.5878488356880203,0.7781618540872464,8.731950904183709e-05,0.017825514931880795,0.0592798349491762,102.01771183339359,2.261888229950036,-7.271044603231283
1772919220.4522736,1.4532503228542348,-2.5341473130398677,0.710574319629951,0.0022854807587367,0.03141694816810968,0.03986348416243286,102.1450133876482,2.1617234131138705,-7.356433976657821
1772919220.5279071,1.453397821263485,-2.5321198058837338,0.7131472285811108,0.00228569963936369,0.03141196787995845,0.03986708197649084,102.31509236141243,2.082960692018042,-7.428636439474888
1772919220.5589674,1.4675029106738129,-2.4888097449218956,0.6850812734980111,0.005961756123097114,0.04248493603028736,0.032215851019455156,102.3015513224495,2.028873605161605,-7.475527343209036
1772919220.5853145,1.4621549052063805,-2.483106908393335,0.6464402131395145,0.004519490888004089,0.04374072082510202,0.021833957698702243,102.81345529029197,3.1834446968881394,-6.481239928567668
1772919220.6506584,1.4623675917903096,-2.4802370963385574,0.6475764809390658,0.004509735954915227,0.04373473055211513,0.02179527052015642,102.45583770463396,2.025981341391833,-7.434822254394846
1772919220.6684852,1.4761495851881294,-2.4370210131143475,0.6210828146848598,0.008106829439430748,0.05486471947413011,0.01476203028946586,102.43588883701086,1.6314845166949097,-7.784897776292681
1772919220.6937685,1.4702626641807792,-2.4340990252016175,0.5855222023164192,0.006510639977287359,0.05523441461421813,0.005333599389599685,102.52907497657299,2.06694171895027,-7.3786845370080325
1772919220.7203045,1.4705194531955765,-2.4319128661319676,0.5857321315197008,0.0065148744066016685,0.055233528588380015,0.0053381058557535055,102.72469857637242,2.000738919479301,-7.472455359259761
1772919220.7661355,1.4820119117858626,-2.3901749936970504,0.5627885174198991,0.009480584945302201,0.0657556730293696,-0.0006999404685913641,102.85401980702959,1.8058489182584574,-7.657188671820159
1772919220.7862089,1.4763828423815777,-2.394275685115659,0.5347661393616342,0.007937474297107382,0.06429095099742352,-0.008065968016570257,103.20011543731842,2.0046588347119565,-7.416447200632834
1772919220.814059,1.4765777657324068,-2.3926968695973545,0.5345680605452979,0.007937474297107382,0.06429095099742352,-0.008065968016570257,103.40969135349646,2.031908559231685,-7.4090662614033915
1772919220.843431,1.4858509457062983,-2.3529478929168115,0.5133379081139263,0.010273078155533626,0.07401666883805258,-0.013526672454226488,103.77617883526774,1.8862651031402975,-7.474123196664454
1772919220.8822982,1.4803439414167052,-2.355870914493295,0.4858842411190489,0.008732497070952238,0.07262463896822655,-0.020651935880192738,104.18065347634206,2.7014345376185536,-6.77770060228285
1772919220.9489167,1.487847739126721,-2.316745257984579,0.4667443458382067,0.010500435421357535,0.08143516394722039,-0.02517783214760816,105.24673231786153,1.985340445453942,-7.425830157672865
1772919220.9806943,1.4881776229547758,-2.314187000989181,0.46595350273457514,0.010500781930444849,0.08143586627501916,-0.025175395979405345,105.50522084536874,1.9689400990368529,-7.423227160772272
1772919221.0031917,1.4883539476967542,-2.312819563954125,0.465530768005897,0.010500781930444849,0.08143586627501916,-0.025175395979405345,105.6485165095472,1.9875926255572545,-7.418280534236651
1772919221.0509942,1.4929419548702367,-2.2779864179379663,0.4478182591145726,0.011570688823144529,0.0895543948029509,-0.029482559813631785,106.08543235164989,1.957307017651806,-7.471619834839489
1772919221.0857682,1.4933741943940628,-2.2746230648134227,0.4467110848918315,0.011561050499270975,0.08955566132339275,-0.029483058532785187,106.54506598237862,1.9969519918400285,-7.437835588002249
1772919221.122888,1.4953109310310508,-2.2405288108038417,0.4294102058919774,0.011972381046034824,0.09743464250050603,-0.033601995951096995,106.33203045161694,1.3444525671970033,-7.998035785641662
1772919221.159978,1.4955821125252815,-2.237128650409418,0.42810228046768606,0.011871136574056359,0.09744237027204042,-0.03370053536928972,107.40131658244665,1.9784997386323746,-7.4723883422021125
1772919221.2090318,1.48919670284061,-2.245969784009769,0.4001375345602909,0.0100432886850532,0.09395190779464085,-0.04054624243258228,108.13060324800533,2.0526092972544876,-7.385633437182549
1772919221.26058,1.4883247055558615,-2.21591656944032,0.38564354450523375,0.009742893726552739,0.1008617055434244,-0.04388503448533534,107.94498986711926,1.6110766399758625,-7.762305292501398
1772919221.3027556,1.483197695577984,-2.2240110748855035,0.36177401410707855,0.008231838498008359,0.0973508410296539,-0.04952773845793686,108.78200788808158,2.0345217686260098,-7.379994582823011
1772919221.3552105,1.48030150225813,-2.195746074353128,0.347598515697429,0.007366513771552471,0.10343699646157664,-0.05254028679654712,109.21532856612338,1.7119463003893767,-7.658673243169966
1772919221.382595,1.4804521907669483,-2.192590656654059,0.3459639129715878,0.007302866452249244,0.10343684807994939,-0.05257546783493416,110.05143116757506,1.995082873443321,-7.407752878198978
1772919221.4074695,1.4755319115334549,-2.2030866810815004,0.32667511894210327,0.00595103609888331,0.09983760403331798,-0.057129601911078506,110.5737138507274,2.0412819833520333,-7.372997077945929
1772919221.464544,1.4693707752268328,-2.18081347388699,0.3175483420511689,0.004273783854621358,0.10433522777713543,-0.05876280880788085,110.9803993973219,2.008714714940032,-7.39837124290031
1772919221.5393274,1.4653410850151807,-2.1940466971369794,0.3076448236211758,0.0031477274469270057,0.09920909435588465,-0.060338685652288955,111.68645667475505,1.9927641150227753,-7.388768777904046
1772919221.590638,1.4577299485677482,-2.17137545392859,0.30040638647862083,0.0011025772436788165,0.10348524657120955,-0.061238164549993715,112.45820096372447,1.988403392049875,-7.41046852353524
1772919221.6386824,1.4471568528576249,-2.18103029743158,0.31429196488222944,-0.001673787560112772,0.09971773507719557,-0.05688894106994281,112.91864471938875,1.8966192713996657,-7.441206082916038
1772919221.6994576,1.4470448056859415,-2.174642403822829,0.3106479664121305,-0.001698351675228005,0.09971674261018795,-0.056890796409400875,113.7599521486671,1.973501765066199,-7.392648981387847
1772919221.7525253,1.4401952992457892,-2.186439859120805,0.3360805605121618,-0.0033503248873662335,0.09556033798522534,-0.04948455330765873,112.85418190051624,0.2197171934992937,-8.841051863375403
1772919221.7878845,1.4399144807908784,-2.182400110909199,0.3337635980684412,-0.0035063534819267795,0.09549110635541,-0.049707283665757496,114.50674176533781,1.938573799235663,-7.484815338209186
1772919221.89993,1.4359428265174725,-2.1888874400359124,0.35583079317531074,-0.004506655606266411,0.09173677556329081,-0.04302652215670033,115.81240035896494,1.9831539931489632,-7.394678150441731
1772919221.9359434,1.4341802396287329,-2.229718208503384,0.3957319026691606,-0.0048785641645489606,0.07988801601714646,-0.03203809543849168,115.9654179076574,1.1338900049015737,-8.165368038542415
1772919222.015697,1.4333632943735248,-2.194322261293923,0.3790610848316656,-0.0050342883562769745,0.08742095455017898,-0.035762257318719605,117.09603786396654,2.05328913029769,-7.436683417502107
1772919222.059569,1.4341370789248167,-2.2071284966423437,0.4050501550948094,-0.004743638496083019,0.08301732606924982,-0.028501068524528068,116.99874772022737,0.7332775380382847,-8.60080996745881
1772919222.1427143,1.4343258277945021,-2.213344146248715,0.42715117595170377,-0.0046399060243827416,0.07954691446272331,-0.02224943777205024,118.52480371176617,1.8690880315724043,-7.572154579580687
1772919222.180058,1.4341701566233958,-2.2106753074258476,0.4264046961703811,-0.0046399060243827416,0.07954691446272331,-0.02224943777205024,118.81100467601455,1.9070893043185784,-7.56272498182519
1772919222.2133873,1.434008949169638,-2.2079517214415656,0.4256410948848189,-0.004650385098900736,0.07954449774037015,-0.022257074302093005,119.3492884884807,2.084550652348535,-7.415907643610203
1772919222.251492,1.4353915356064604,-2.169286215935255,0.40466385708616287,-0.004242647080281634,0.08886686061754252,-0.027493687562047994,119.5748510578357,2.0208255483574833,-7.484473079125892
1772919222.2733448,1.435281867418121,-2.167085059807379,0.40398275113932747,-0.004251254870650945,0.08886653145134811,-0.027494496021026438,119.971004401444,2.065611975874683,-7.472159759958427
1772919222.313759,1.4344289862477877,-2.2172545817127913,0.45102383362425463,-0.004420503266704302,0.0749130933007307,-0.01501701043898784,120.15096480623086,1.5553490578143017,-7.944706110722488
1772919222.3814664,1.4340188377812486,-2.2213325933640133,0.46110163073660065,-0.004441044472045204,0.07263978583233237,-0.012031593979805076,120.24370734304549,0.1889150518347364,-9.123842769711779
1772919222.424018,1.4347379960851565,-2.1829745654366337,0.441369393066111,-0.004228296975912488,0.08147556380187271,-0.017065526115083347,121.32075389780213,1.4036485971521904,-8.111901578422968
1772919222.479806,1.4345621288231982,-2.1800824519130817,0.4406678822778638,-0.004254541430465842,0.08146530119505366,-0.017149530200109876,121.85965951654653,2.10081524765547,-7.4963104852251075
1772919222.5372245,1.4322115468488565,-2.1917927816681577,0.46203181909642865,-0.004783255502707368,0.07725036220380804,-0.011357104358952697,121.90118210021882,1.3632155698303865,-8.13191532367328
1772919222.5649624,1.4320560535800524,-2.1893826351991854,0.46155471162591527,-0.004789879567064132,0.07724519667749026,-0.011442811750994217,122.21770449294601,2.109431699807561,-7.482892904956281
1772919222.628578,1.4301574910258827,-2.202252336073438,0.4866296427091539,-0.005202150209858802,0.07298664070800422,-0.004758350148845161,122.07050636103205,0.5814466187078463,-8.81992004777051
1772919222.6494853,1.4299364104867895,-2.199901223751407,0.48622579211587325,-0.005243037647871384,0.0729868176222361,-0.004932215905372631,122.79789799248732,2.149739465702862,-7.524258204901449
1772919222.6700282,1.429782857277655,-2.197858162125603,0.48608581119166316,-0.005254579413504103,0.07298624688822236,-0.004935453413503628,123.31949946187598,2.2464044344554717,-7.450126411037501
1772919222.716871,1.4301243479631827,-2.2401143945193054,0.5266783430693086,-0.005103135235188665,0.061071343701984956,0.005596864456767681,123.81196784527542,2.2252875959335814,-7.48372627322967
1772919222.7581162,1.4281343702075995,-2.2056656958103247,0.5058141131720715,-0.00559172862158659,0.06954096870096246,0.00013097647928238856,124.28684339065836,2.230434871321052,-7.47684480719934
1772919222.7838135,1.4285722477463043,-2.2491684187132424,0.5498407704325412,-0.005421253921995754,0.0574587072511111,0.01162451729025862,124.63344926846914,2.129059057587605,-7.549064952638414
1772919222.8165915,1.4257210008135697,-2.2173251513552916,0.5300669948643956,-0.006126516366756331,0.06541913664066938,0.006397716253933114,124.47739799111196,1.3903323497812263,-8.189701459269346
1772919222.8662553,1.4253644751195083,-2.214249892848175,0.530188230078706,-0.006158818365592327,0.06542811753843032,0.006316076143289063,125.16714218827975,2.193736243680225,-7.505552726597396
1772919222.919254,1.4220132237133722,-2.2279132480317294,0.5530489216787906,-0.006971424960703791,0.06127009035004428,0.012248009266621474,125.00045495908446,0.6182448825595693,-8.854598454926489
1772919222.9670613,1.4215135225114732,-2.2239498465336123,0.5536810358430849,-0.007008383309537218,0.06128836004549576,0.012134184489536345,125.99629300302371,2.1078368661484648,-7.563226158302028
1772919223.052135,1.4222608003595842,-2.2585309748213755,0.5839991426905771,-0.006685537508416627,0.05111116213176357,0.019686712611336598,126.86924519325542,2.164988981583429,-7.504011254232994
1772919223.1175632,1.4146652568199645,-2.219660599338113,0.5533549833999056,-0.008556573901525215,0.060458304362814935,0.011433961386879545,126.96559967378776,1.187809527023486,-8.33629599013949
1772919223.1401842,1.4143975619587055,-2.2177691439980878,0.5537126981514321,-0.008556573901525215,0.060458304362814935,0.011433961386879545,127.1154631457834,1.2097602275967043,-8.333160662131476
1772919223.1841335,1.4153739152210547,-2.23361140423498,0.5529684672209656,-0.008252207801578747,0.055771822669969905,0.01106456570552973,127.90699283325563,2.22808254236611,-7.440313952565516
1772919223.2104306,1.4150645565894702,-2.2315206310556075,0.553383255479822,-0.008252207801578747,0.055771822669969905,0.01106456570552973,128.0562907555404,2.2475572091728817,-7.434484254169524
1772919223.2563498,1.4107824007146024,-2.2016976415782885,0.5340289588013389,-0.009299160776539821,0.06304617786625122,0.005910287770655343,128.2138902476915,2.0215419729903474,-7.616206553645966
1772919223.3043854,1.4114386499552758,-2.21051199212912,0.5251682386653053,-0.009000622346373407,0.05979603479760045,0.0034879172907806254,128.7560286188461,2.3708225725149545,-7.290555251839691
1772919223.3509295,1.406259124816959,-2.1838901471039276,0.5068383602610559,-0.010309280215124908,0.066352274901866,-0.0013347007024389836,129.11155557174214,2.1402324547094134,-7.479036981999608
1772919223.4002147,1.4056070793802646,-2.179693472150755,0.5067539425825937,-0.010309280215124908,0.066352274901866,-0.0013347007024389836,129.32090972820046,2.16768253015676,-7.47116843982354
1772919223.4386766,1.3971871772129123,-2.1515400014208392,0.48773889154271327,-0.01238909755299545,0.07278863586579061,-0.0062622215230632005,129.83970667138678,2.0947863021344877,-7.5081410079753
1772919223.4678977,1.3968995636260495,-2.1498502092019427,0.4875935137227169,-0.01238909755299545,0.07278863586579061,-0.0062622215230632005,129.916540965414,2.1049041177863517,-7.5053257214898
1772919223.500643,1.3987132303491596,-2.156674750010976,0.47525720275799854,-0.011794167185363717,0.07024209588983792,-0.009415284837625784,130.2027990894689,2.1682925444237173,-7.451178227224554
1772919223.5383968,1.3912938519216937,-2.1290071759209668,0.45408371166363953,-0.013629158444683898,0.07693984419736828,-0.014828455256808063,129.87726720943846,1.3752670883927682,-8.12648812889315
1772919223.5744066,1.3907230328550613,-2.126262020254812,0.45342683827308033,-0.013693554123275982,0.07692426944726408,-0.014924312432199417,130.57662941671714,2.0886387341977173,-7.489870632705255
1772919223.6286774,1.3898982306838465,-2.1216286501386237,0.45252790398712767,-0.013693554123275982,0.07692426944726408,-0.014924312432199417,130.65616086977076,2.0990859148088084,-7.48696481874308
1772919223.6763098,1.3836291750914118,-2.10110957526778,0.41420459824900085,-0.01526347844211944,0.0817402410038098,-0.024818730019804783,131.1193774835958,2.0561551032035257,-7.494584051851761
1772919223.7091193,1.3830016929010847,-2.09774923079208,0.4131842992959791,-0.01526347844211944,0.0817402410038098,-0.024818730019804783,131.1736573318875,2.0632904084655963,-7.492633168747982
1772919223.7718284,1.377508056471536,-2.0768807009133403,0.3785827445331184,-0.016473872163096308,0.08590565032218443,-0.03338455767897013,131.5236674920648,2.097766699612809,-7.473973610608837
1772919223.847019,1.3697396248188258,-2.0618893395699445,0.35328285547722516,-0.01813610128128968,0.08790231182867869,-0.039196781212675544,131.71648950832875,2.044047195022755,-7.516117117077999
1772919223.8993466,1.368524873418138,-2.0560159387801917,0.35066315879299076,-0.018154367014564955,0.08789698392972516,-0.03920063863545328,131.90871419385397,2.084083750072328,-7.502618945732462
1772919223.9703174,1.3604222098515797,-2.05508517164469,0.3477985200313671,-0.02001680817957943,0.08692853238384822,-0.03939681580987282,131.99489671226647,1.9722978467158923,-7.579869512764731
1772919224.024405,1.3521252838453854,-2.0516460734774724,0.34492764233278667,-0.02192303456968023,0.0866912654745121,-0.03961192383571348,131.85837135828982,1.554284208987469,-7.952347383522011
1772919224.0459743,1.351613788674803,-2.0496234445626222,0.3440034405451625,-0.02192303456968023,0.0866912654745121,-0.03961192383571348,131.84267081754058,1.5520917026900913,-7.952772945484445
1772919224.090697,1.3535606168155945,-2.067147301573625,0.35020878870919564,-0.021124509963863045,0.08092752902369377,-0.03745652981274572,132.00326581715518,1.629030661396671,-7.913462333480674
1772919224.1347182,1.3526999436148757,-2.06366504657905,0.3486802830129714,-0.02113024796369084,0.08090647602228335,-0.03746638814586425,132.17741553171356,1.996441141156241,-7.567801583914336
1772919224.1537366,1.3424888725959048,-2.039720503465503,0.3357291758885197,-0.023678270899857766,0.08678434706473416,-0.04063797688454321,131.64895145971425,1.4996518955463691,-7.96148472521695
1772919224.1812222,1.3417384841914193,-2.0373975782155824,0.334541789163905,-0.02374495551454929,0.08675984049071894,-0.04069865913338079,132.24050227731684,1.9867228924283493,-7.623700639488114
1772919224.248505,1.3437637811021952,-2.065504641141971,0.35618649114729406,-0.022847428888226547,0.07801494479707809,-0.03444733906870489,132.33057327242307,1.9788670311195131,-7.580703348458463
1772919224.3016787,1.3342481949140292,-2.036967267686593,0.34014948006024837,-0.02500655114075395,0.08428047160334504,-0.03811475824890641,132.3941827762748,1.9843745354103715,-7.593897444519217
1772919224.3718753,1.3359971429262207,-2.072225907724111,0.37016180100401913,-0.024159907400970865,0.0737220657608049,-0.029701475915169712,132.4311919916381,1.9495799450245195,-7.6060180041768835
1772919224.4033918,1.3354122606366685,-2.070425018727206,0.3694380423419205,-0.02417318964977006,0.07371503685489637,-0.02970644141496329,132.6442565101162,2.03626119369564,-7.535444775001299
1772919224.4277391,1.3365119178349134,-2.1093975287619395,0.4037836496799932,-0.02366924416671132,0.06292164013394388,-0.02049155251052413,132.37500001282476,1.5367080339679715,-7.954999069077535
1772919224.4839642,1.3300658934026195,-2.077912848820572,0.3855901829377688,-0.02503779876704221,0.07020893106898017,-0.024935342463769654,132.4817858695731,1.8719405011099002,-7.626570954932874
1772919224.578661,1.3231541723394755,-2.090875426490049,0.40859313909262773,-0.026229970122406878,0.06508975161915223,-0.018419094465984564,132.57592504774934,1.564196114075746,-7.899006278738178
1772919224.6074715,1.3254083142622124,-2.128745740989116,0.4410386265843199,-0.025550543234916512,0.05502449565611514,-0.009740216620704858,132.32858120688843,-0.48694588786345894,-9.687795107266076
1772919224.683989,1.310010109290433,-2.107073489771701,0.4309222475565249,-0.029168105814353393,0.059519563896957464,-0.012384590556434687,133.6661805230547,1.9320765475526975,-7.60824567790611
1772919224.7116578,1.3124758004601333,-2.1370008281929644,0.45532689170181917,-0.028150767561280102,0.05093341074188983,-0.005894703559506007,133.88149372744567,1.9321023562429773,-7.623895528247504
1772919224.7698915,1.3013011734025137,-2.1457446908538933,0.46789851310523395,-0.030559166264324915,0.04771235113463416,-0.0024865515103438263,133.92189475921532,1.8920252257377779,-7.680978317847536
1772919224.807249,1.3004794872174021,-2.144461783478495,0.4678316537869219,-0.030559166264324915,0.04771235113463416,-0.0024865515103438263,133.7039418591284,1.862632436836002,-7.688118399787561
1772919224.9260075,1.2712639396313417,-2.1284970824034013,0.4586191535869334,-0.037206776084110965,0.05020912048304302,-0.004705575484352894,134.08054205556186,1.495238831580685,-8.00758385433097
1772919224.9850845,1.2692677997279032,-2.1258033679927206,0.4583666999217267,-0.037206776084110965,0.05020912048304302,-0.004705575484352894,133.64609946458464,1.4341000182653536,-8.018688487535218
1772919225.043827,1.2540984559212967,-2.1236438727956792,0.44963001498950145,-0.04060055869741114,0.049934956400654935,-0.0069459532965183085,133.38277063092835,0.9839780437647446,-8.350215034359744
1772919225.0951045,1.2523623624172837,-2.1216395187279873,0.4492340694264728,-0.040667088755166926,0.049900528511975815,-0.007021896965014229,134.2267651010073,1.9204245953892876,-7.5843008157431
1772919225.1600618,1.2549759855820968,-2.14255077085547,0.4633478669628969,-0.039263187956190354,0.04351765402368365,-0.0032331283237008795,134.28773845504853,1.9681435096961537,-7.58692098217206
1772919225.267746,1.2406828183970888,-2.138540514758113,0.4571237448508721,-0.041780454338959425,0.04310747869563612,-0.004669402667976454,134.06713237042916,1.9892441111583927,-7.640854272096089
1772919225.3265681,1.2278534938476457,-2.1335823761249513,0.4500759691846524,-0.04443016138470065,0.04380178484818458,-0.0063546419963462115,132.1074969373823,0.36826034166384264,-8.870368855260404
1772919225.3669808,1.2261190459005717,-2.1318691011425015,0.4498367566321929,-0.04449756768041598,0.043717694932103306,-0.0064586140740029736,133.3433343884795,1.9581442426343423,-7.742309289808518
1772919225.4005096,1.2307167689068386,-2.152344764352721,0.4642194051309241,-0.042791766863072726,0.03790248860922387,-0.0026018449939011422,132.6264102217619,1.1664998374682218,-8.376849072464696
1772919225.4565103,1.2135066607501375,-2.1259097412087495,0.44504023231477813,-0.04694877965967337,0.04446284378701666,-0.00763169318262166,133.07192285960252,1.9383728587674822,-7.752275793411043
1772919225.4888003,1.2175823951541684,-2.142295758944816,0.45736828528681,-0.04496962194699603,0.039285726475975655,-0.004290307961193568,132.94564619790972,1.9532693730689312,-7.7588157780639
1772919225.56268,1.2011402616667015,-2.118370879323173,0.444776370483651,-0.048807906943866886,0.04515488061745963,-0.007522131367954885,132.1320281835513,1.5346211334988895,-8.056151031063518
1772919225.5921881,1.1995627424651991,-2.116911429498834,0.44453324785430287,-0.048807906943866886,0.04515488061745963,-0.007522131367954885,131.8566938448449,1.4956459275568117,-8.063431157104429
1772919225.6479895,1.1896179959593443,-2.118288416268604,0.44059992736841525,-0.05066411857048013,0.04405269622901336,-0.008424157540715451,132.08537339462106,1.9048586750514307,-7.790581189559405
1772919225.6681392,1.1886060191151295,-2.1174084975062364,0.44043166129365147,-0.05066411857048013,0.04405269622901336,-0.008424157540715451,131.91507423027176,1.881563299251055,-7.7962073251861765
1772919225.704815,1.1954715680829806,-2.136955294652417,0.4523562022090239,-0.04844244386565942,0.03858910292131086,-0.00525166537616099,131.67707568352355,1.8551650181177468,-7.802085182509789
1772919225.767405,1.1923585454220254,-2.134474340838086,0.45201963571512976,-0.04844720330733557,0.03858204864582393,-0.005254422684790226,131.2909214264017,1.850919836620853,-7.753820366351983
1772919225.8190777,1.1682397982956143,-2.094035196965426,0.4326037631174651,-0.05395394506129372,0.048475737283185494,-0.010181761800437972,130.46461967408322,1.1168060069582293,-8.327363358076173
1772919225.885593,1.1704890647347386,-2.1114447500342397,0.4499048516435711,-0.052397206674568875,0.042998157129607056,-0.005507745552751658,130.5335694447109,1.3774462927393378,-8.057035938788191
1772919226.0011618,1.1517915156266432,-2.061498482038646,0.4448995524585035,-0.0556941544583275,0.05479954843891576,-0.006436361594083648,128.47482475366235,-0.6211330620923756,-9.64073193103112
1772919226.0693614,1.1482033412756643,-2.057993409811168,0.4444582057534074,-0.055801347488578644,0.05465964921478053,-0.006620694978699354,129.6706248411976,1.5862063122610566,-7.82774920121123
1772919226.1295755,1.1501860950127794,-2.079932779354702,0.4666850090899837,-0.05426429853448285,0.04792069413877685,-0.0007516297903185593,129.39593714311872,1.6231120766696794,-7.799037315053474
1772919226.1752167,1.1414839674130834,-2.0427889106422272,0.4546305847865407,-0.05614823650158241,0.05731773939324802,-0.003909457846791788,129.16760940661274,1.6411638025974773,-7.802224002253781
1772919226.2473023,1.1436851238354093,-2.0677638509744627,0.4796176503789499,-0.0544187681662815,0.049600843577602985,0.0027034048421284308,128.5498513450986,1.5411112694562625,-7.830292696764888
1772919226.2888613,1.1388678470156812,-2.06277641916213,0.4994765493661929,-0.05476441556950499,0.050042920180968876,0.00782131998961189,128.05441961968862,1.4595029494467306,-7.864416416990534
1772919226.3553388,1.1365805629081243,-2.0606857927196214,0.4998042804740067,-0.05476867548080614,0.050038606839183736,0.007816967854222178,127.84404176986484,1.5253144734914656,-7.790622094860909
1772919226.423839,1.1360880067223436,-2.0814489685810336,0.5212458537869057,-0.05392489297965168,0.04374107735401598,0.013234791185044515,127.44276681801998,1.438766933474219,-7.781845328317236
1772919226.4515555,1.1315623355577655,-2.0506504819804707,0.5190656044222234,-0.05470491858612301,0.05149754733572268,0.012574312083928927,126.95207799966873,1.2285979443266453,-7.92055500208625
1772919226.4994218,1.1290175105167013,-2.0714014215095715,0.5370546684484229,-0.054679870117448855,0.04536965406096157,0.01712063447750193,126.98720925953654,1.021455447912408,-8.126788849558514
1772919226.5379765,1.1255674726233238,-2.0428470547603883,0.5368089920478892,-0.054936423116756665,0.05230661363319262,0.016840962947522384,126.55911797778899,1.4010825475510078,-7.81206071465922
1772919226.5646343,1.1244779117576884,-2.0418159445004576,0.5371353053160904,-0.05494071390015761,0.052305107219754204,0.01683738057658272,126.40841455616557,1.4416634770171517,-7.7977581443770285
1772919226.617053,1.1208378238847774,-2.0609378967531513,0.5538228365163168,-0.05508800755550418,0.04658615287556891,0.02091669695884273,126.05526693769406,1.3759773933984034,-7.841097735891266
1772919226.6765428,1.1179512991838287,-2.014743394669244,0.5418319452529996,-0.05498432871495468,0.0578336178953288,0.017492852807142828,125.55328435130987,1.1957544124082515,-7.958368133526545
1772919226.706591,1.1171195683184554,-2.0138779650353853,0.5420771675181643,-0.05499319321657314,0.05783105514372819,0.017479942169053932,125.60097563482952,1.3812778177660625,-7.815424682785104
1772919226.7344148,1.113271655393566,-2.035504266091623,0.557560641910566,-0.05540071042140009,0.05157094057791162,0.021319468779747615,125.28141346153323,1.3346731993715661,-7.823876132389031
1772919226.751113,1.1139919267085305,-1.9902239282519483,0.544789184361007,-0.05494280742340285,0.06311754705325362,0.017892240175103793,125.15226578133876,1.3161268210331976,-7.827530177532146
1772919226.778444,1.1086631121905262,-2.016935660884235,0.5647702220051313,-0.05601374680801225,0.05578396393262521,0.022990178857718178,125.04693366155496,1.3220835207408848,-7.856859553538832
1772919226.7982233,1.1070917159512665,-2.015370710918735,0.5654151829773146,-0.05601374680801225,0.05578396393262521,0.022990178857718178,124.80785538074643,1.2890890649253164,-7.862306914287351
1772919226.8544793,1.1073638520938858,-1.967067599661096,0.5505795864471278,-0.05516113095274821,0.06752423403052732,0.018807533178985182,124.62757557623426,1.2698862066640437,-7.894305145420172
1772919226.8880363,1.1005400813434243,-1.9929326358017396,0.5659903779259396,-0.05648258860787978,0.06019484173536049,0.022680963569165217,124.24443272748525,1.2444613408261764,-7.876586398544858
1772919226.9333642,1.097952938017353,-1.9901749291292736,0.5670312893063937,-0.056483603768168356,0.06019481049468341,0.022678295420876394,123.88893834320238,1.2746837271030695,-7.85017362475682
1772919227.0121021,1.0929454344025584,-1.9669755826317086,0.563419031897158,-0.05661644681127466,0.06478448264823128,0.021305979967975827,123.4231722938807,0.9808701859989252,-8.105917631709813
1772919227.046786,1.096183137344494,-1.9159177943298198,0.5450367805217294,-0.0552576470826362,0.077501249677807,0.01630770700510032,123.2258333002508,1.1318601702797102,-7.921939378005234
1772919227.0864575,1.087896988564211,-1.9384926802471927,0.5524231565408643,-0.056900779587399114,0.07085720218914764,0.018071472806366066,123.10228308946844,1.1910783249779697,-7.855411482847387
1772919227.1254432,1.085670842479808,-1.9357205128999455,0.5531301721339544,-0.056900779587399114,0.07085720218914764,0.018071472806366066,122.76888528200669,1.1450692603327781,-7.862207924034106
1772919227.18523,1.0836859553703613,-1.9056217911739064,0.5371718663332523,-0.05659043684723261,0.0775495327098954,0.01367086481092646,122.38275603846604,0.9218456404871007,-8.051748512614198
1772919227.248777,1.080375859527739,-1.9010948668325798,0.5379917514366153,-0.05658520650401467,0.07755800053353558,0.013655682644175193,121.79297822865169,1.1163040076079276,-7.856100047882681
1772919227.2882676,1.0853677892278095,-1.8474859393785061,0.5170561257613727,-0.0546423404948325,0.09057992728307142,0.008083428507267957,121.39879474445743,0.7696646233609514,-8.119811843684056
1772919227.3932278,1.0805218395723133,-1.8180408402352215,0.5035071179462455,-0.05445946071526124,0.09582233952561853,0.004344582370158301,120.78961744843002,0.9326376112526831,-7.956290351471242
1772919227.4279122,1.0784430921168937,-1.8143840295589775,0.5036711933667191,-0.05446370781702841,0.0958207290209326,0.0043284877173832515,120.50789486597576,1.0240753645085796,-7.8790239439973515
1772919227.4769015,1.0759733241399423,-1.794168203748805,0.49148900481117286,-0.05439633800410084,0.09981541098984355,0.0011096302245921948,120.09725798470498,0.9163545798759694,-7.945725198589752
1772919227.5433748,1.061862042314578,-1.81697120596294,0.49544285015893413,-0.05717434440259522,0.092207539621819,0.0020900887792128005,120.07863141213866,0.9736662608630134,-7.886537699683207
1772919227.638142,1.0587765623548273,-1.790352331435837,0.4730662104752505,-0.05653925903611705,0.09673121982023042,-0.0037104997251307184,119.10317201313738,0.8008329329886565,-7.942535828474486
1772919227.7043715,1.0693793520445245,-1.739136951045683,0.45219733925397293,-0.05298717460823558,0.10865107463605987,-0.009107604100391789,118.98101949786351,0.8223149156489195,-7.977032833237549
1772919227.7567594,1.0650795822213939,-1.7255348012719505,0.442812396736293,-0.05325373242943614,0.11045300168293906,-0.011398157529993838,118.37555677628448,0.794814502895826,-7.917245579384825
1772919227.7880676,1.0633229596531604,-1.721892950526969,0.4424358756655677,-0.05326857265811434,0.11044409204700259,-0.011415468450674354,118.24974844143992,0.9114326416893567,-7.909836461878279
1772919227.8541324,1.0435320635268097,-1.749700615426687,0.44580737474164484,-0.05741070905582996,0.10123607522261452,-0.010332627847134348,117.73753166873028,0.7617438402926047,-7.986011183305142
1772919227.947059,1.0355168239998498,-1.7384954312543477,0.43647777075104216,-0.05863501096311395,0.10224748128647952,-0.012611467332352537,117.44380754231572,0.8026866124113929,-7.892270314844068
1772919228.0164776,1.0265858238782595,-1.7251689351942547,0.4309296889968833,-0.060192792342653685,0.10438798122873595,-0.013896891357184055,117.00066148620313,0.7960077002699597,-7.862989417030309
1772919228.0823321,1.0350778137711971,-1.671767962956446,0.42395269035776045,-0.05633305754321828,0.11542286094307093,-0.015341991227333242,116.40069268881,0.7185198521418114,-7.902088357975844
1772919228.1096635,1.010071080817373,-1.707180690608086,0.42549773149803566,-0.06265030214332828,0.1053401488034943,-0.014817033201934818,116.98495886994357,0.48076235107040577,-8.181252634084649
1772919228.1334558,1.0084339561798852,-1.7044280310514204,0.425110545334849,-0.06265030214332828,0.1053401488034943,-0.014817033201934818,116.76249261487338,0.44877620971454596,-8.183057208211505
1772919228.2206297,1.019696309029954,-1.647730704712614,0.4198250684341784,-0.05782849675369733,0.11705974252205374,-0.015821739724747888,115.74251535938845,0.5669409496059515,-8.087854281331904
1772919228.2702017,1.0088010220274037,-1.651812275607971,0.42304600981443546,-0.06031499734344231,0.11527425113636011,-0.014898019415884561,115.43888711051905,0.6964546355397264,-7.912398254531378
1772919228.3004088,0.9833368004198989,-1.6948385327207625,0.43404147633412976,-0.06651295148328168,0.10307612248985562,-0.011889039974967916,115.33163220213525,0.44183019767187426,-8.150773260752958
1772919228.3296216,0.9975029695145767,-1.652507119214229,0.43106868269284965,-0.062142192217121674,0.11315555757194928,-0.012564503757217743,115.05420361728063,0.601442569344319,-7.954768729025555
1772919228.3602583,0.995801750157076,-1.6494160708980414,0.4307161636238111,-0.06214802365337582,0.11315302210984741,-0.012571511147347147,114.90600584743942,0.6575807075951435,-7.836523831263812
1772919228.3751762,0.9950112353994591,-1.6479767792104139,0.4305562556411703,-0.06214802365337582,0.11315302210984741,-0.012571511147347147,114.79762053961348,0.6426631438551889,-7.837753628209351
1772919228.3946419,0.9939091421667473,-1.6459715811986857,0.4303334229558566,-0.06215714314521114,0.113148049006155,-0.012572485980451744,114.79480955594096,0.6358111440468105,-7.839497856978889
1772919228.4370687,0.9663701549772041,-1.6923493537238434,0.44506246056033083,-0.06863449749804988,0.09981103014403034,-0.008596295249476353,114.45947432950496,0.527469774306257,-7.897614900035009
1772919228.4944706,0.9808734610133651,-1.6424112941292817,0.4394205136050004,-0.06379099629897975,0.11123712724537126,-0.009939029169953014,114.2938559033217,0.5517371222335602,-7.852548521068238
1772919228.5335798,0.9731663923703221,-1.650976288910718,0.45262794143302365,-0.06516545268896722,0.10805117305174461,-0.006436987297441849,114.21962804902022,0.5364812903007206,-7.886738555751726
1772919228.5605478,0.9714505553055638,-1.6481312506279686,0.4524584525254111,-0.06516545268896722,0.10805117305174461,-0.006436987297441849,113.995300133866,0.5054033149165599,-7.888778155267021
1772919228.5910876,0.9461902060999158,-1.7012107222656327,0.47416960934306335,-0.07125193984364976,0.09310735261608559,-0.0006514733524109438,113.85863175676113,0.12091532536202598,-8.224758316987636
1772919228.6776993,0.9597554790185259,-1.6513271851080102,0.4644218108325886,-0.06633036994919861,0.10422146894818911,-0.0032531017338796172,113.35633959214995,0.5437992022868225,-7.813301372962675
1772919228.7221088,0.9332434499336643,-1.7053414850435196,0.4883841030031165,-0.07225356410571887,0.08834940290432342,0.0031138698283234407,112.91136110565124,0.07193314589091061,-8.192073196910384
1772919228.7820456,0.9507369540000533,-1.6540226745681268,0.4749764323640299,-0.0667234134855352,0.10061532427177493,-0.0004543394485058106,112.54607215866021,0.4145904866549236,-7.812858150955846
1772919228.8120067,0.9486689450188956,-1.6509073913549315,0.474960831321016,-0.06674093617393015,0.10060420358545828,-0.0004651657944529024,112.52886995706875,0.5179526621857213,-7.762617695360616
1772919228.8444126,0.966451329940932,-1.6048302763170346,0.46288298469535905,-0.06163170163018777,0.11197366806374962,-0.003616712102149072,112.32740793143586,0.442582636566056,-7.806697802508394
1772919228.867619,0.9646039668789773,-1.601479036559004,0.462772259663087,-0.061641357824325636,0.11196887897114949,-0.003622446505874285,112.22345020367199,0.49250493232016834,-7.74630275541865
1772919228.8911848,0.9400686929075815,-1.6581749251552076,0.481952804329638,-0.0676478862326237,0.09637336222677917,0.0014108610302218843,112.1537498196957,0.47090141238597377,-7.734285693923192
1772919228.908349,0.9391790602637138,-1.6569075257756998,0.4819713584648571,-0.0676478862326237,0.09637336222677917,0.0014108610302218843,112.0416676315469,0.45567859458582843,-7.735191973739092
1772919228.9386666,0.9576403973031548,-1.6072050190197074,0.46800960788115437,-0.062221456006646504,0.10851010746821364,-0.00225883381824656,111.84796936755895,0.4472409135997012,-7.745796902327983
1772919228.9528153,0.9569279880496034,-1.6059626243599627,0.46798374519298164,-0.062221456006646504,0.10851010746821364,-0.00225883381824656,111.75039036412512,0.4339680231922566,-7.7465472775254876
1772919228.9721553,0.933368076002539,-1.656608428368533,0.48069555521907714,-0.06802347446769111,0.09446617473827469,0.0011064943183326757,111.68784638575883,0.16031638970756049,-8.002773138088301
1772919229.0005813,0.9313379103460091,-1.6538022562424888,0.480797053232339,-0.06802390710681872,0.0944660470311366,0.0011111704981935928,111.40102638737419,0.4659661743712891,-7.7228081794264885
1772919229.0311968,0.9303237800893347,-1.6523939089421122,0.4808218365684069,-0.06802449166316901,0.09446565423545521,0.001069829649012893,111.28634997278766,1.285245690865433,-7.8493052233289555
1772919229.0499907,0.950526808130687,-1.6029078894243836,0.46721159245232924,-0.06232042567985907,0.10682408475375317,-0.0024915949743428527,111.10527501467855,1.2098381959100295,-7.8978772062700555
1772919229.0775993,0.9485637612564307,-1.5995450283562105,0.46714543114872276,-0.06232316148276674,0.10682297400051989,-0.0024574675002686838,110.89395821456607,0.5484387806624264,-7.726513282242479
1772919229.1361794,0.9232005816902386,-1.6559570750351111,0.4935451927219207,-0.06796089724486833,0.09049358395073862,0.0044130590633220486,110.7612696178221,0.4041085292170779,-7.739197408940494
1772919229.1536365,0.9452450065700854,-1.6069313676857018,0.47959829070865234,-0.06184321451520502,0.10292840865815296,0.0007329986308622213,110.54151649220617,0.36082955521686577,-7.840054913589295
1772919229.1660626,0.9345302919932895,-1.601772658750371,0.47912567828846886,-0.06706077603773034,0.1021926111208867,0.0003858019015328675,-157.6757914300716,4.949526335750938,-4.305446644984702
1772919229.1798177,0.9369437010197869,-1.6534751061873758,0.5090936256442974,-0.06624231430960686,0.08832935039923567,0.008237426645572862,-157.23479874224134,4.680870241889493,-4.545096884261644
1772919229.195596,0.9352591235729469,-1.659287367548615,0.5088728510476294,-0.06432863073357888,0.08829663563760205,0.008341328025109795,129.78502465599365,1.7143177018897637,-7.671647441336562
1772919229.2140596,0.9502605706716205,-1.6102234342795645,0.4950920570602041,-0.059881775214573336,0.10043793206962895,0.004677319134628221,129.96911734519804,1.325411233444477,-8.033191023231062
1772919229.260181,0.9384569342492689,-1.6651303447749797,0.5219545293058302,-0.061175472609051054,0.08542977292808777,0.011762762886057562,110.80020052834912,-0.28130368265550454,-8.367573484295358
1772919229.3403838,0.9336608077802083,-1.6585530984289625,0.5229848851140659,-0.061154154617489874,0.0854756974856557,0.011759766036641525,109.20768376391752,0.4187589888752482,-7.638123168372713
1772919229.3619564,0.9479799473768913,-1.6657112576528024,0.53656045116733,-0.057046986551721815,0.08311658910189504,0.015289902170330587,108.66626747718213,-0.9607967450570423,-8.790126517610778
1772919229.3874311,0.946642738951898,-1.66376357283957,0.5369183175444588,-0.05705996246482121,0.08311556283965109,0.015238565533359472,108.83745624862024,0.2777227988739148,-7.739346956157652
1772919229.4128928,0.9447710378182675,-1.6610376633434378,0.5374179340746972,-0.0570685247328894,0.08311091536138619,0.015231711674204857,108.75527835400169,0.3986238404791717,-7.634419212841067
1772919229.440805,0.9434188403961258,-1.6590684103089584,0.5377788384673913,-0.0570685247328894,0.08311091536138619,0.015231711674204857,108.55329244011477,0.37154780404311294,-7.63577675452257
1772919229.4707074,0.941883435909463,-1.6568323914575294,0.5381885657768924,-0.057069251817390455,0.08311075486220058,0.015229861168876145,108.34228276875677,0.38422266384609444,-7.617095586539692
1772919229.4884863,0.9339068908238344,-1.718463438624432,0.5759140058624425,-0.058925307380247906,0.06666587843484165,0.02505283840095403,107.76396199597242,-0.42085781619385815,-8.258948491882686
1772919229.5064666,0.9329276866322217,-1.7173288651830916,0.5764838078257455,-0.05892564890389853,0.06665220319745008,0.02506111177268653,108.099839942678,0.3467792323582289,-7.6738959567038405
1772919229.5208724,0.9553687320944055,-1.6628427349168908,0.5571649216293579,-0.05275822377773831,0.08061410304824301,0.019885084368778103,107.98659026586698,0.23309552287223126,-7.765675806854137
1772919229.533745,0.9547507735444881,-1.661898499674392,0.5573978361784392,-0.05275822377773831,0.08061410304824301,0.019885084368778103,107.88677283647179,0.219482903494646,-7.766070034053799
1772919229.5515437,0.9540954912761682,-1.6608996147079569,0.5576239099890923,-0.05276009372035992,0.08061550886240679,0.019875828633133773,107.8368059089059,0.3953826330610246,-7.636966728671864
1772919229.5826313,0.9458307583825255,-1.7204402970001142,0.5961596393306158,-0.05442128421952767,0.06426532970551006,0.029779272904424094,107.16076719159429,-0.21594453007215997,-8.128527434560493
1772919229.6170683,0.9437734252227633,-1.7179902712789141,0.5973705866286871,-0.05442917521493646,0.06425557757882189,0.029772082344846216,107.3497504682368,0.40330991489871826,-7.6702063718097255
1772919229.6463974,0.9643438609771064,-1.6644134817154812,0.5776891384479983,-0.04865237900685089,0.07778480017028673,0.024428264096325487,107.08000055894254,-0.15475339894834675,-8.13403384136913
1772919229.6850526,0.9625438004682279,-1.6615453233322224,0.5784880732109939,-0.04865996661511635,0.07779525609372813,0.024379267692618944,106.93360000518314,0.4091554947911401,-7.683221811311882
1772919229.704142,0.9553310789905253,-1.7237727746996274,0.6169043944065521,-0.05034645056562868,0.06124519501540432,0.03428708375997562,106.72612706823094,0.40558235665732834,-7.7252442579349845
1772919229.7233095,0.9545470324698044,-1.722819001761849,0.6174383480105431,-0.05034645056562868,0.06124519501540432,0.03428708375997562,106.59340028113307,0.38757677913294675,-7.726162935300348
1772919229.763714,0.9728795727224836,-1.6735627101425796,0.5961797114347008,-0.04523926099164424,0.07370021160156466,0.028542331876378182,106.29696507697165,-0.36330744848234464,-8.355925186004399
1772919229.8023648,0.9626839645572061,-1.729361690653677,0.6320093662114643,-0.047215941857034156,0.05812715149304273,0.03736079596783872,106.11219075597661,0.48555985860581913,-7.686309050720006
1772919229.8183272,0.9620099422358174,-1.7285319074058136,0.6325427032463036,-0.047215941857034156,0.05812715149304273,0.03736079596783872,105.99051171020747,0.4691372798765062,-7.687322784530631
1772919229.8626304,0.9770485889892823,-1.6798642784491074,0.6119834131699395,-0.042733731204469556,0.07000491878682248,0.03157483030402297,105.61173146455565,0.4462603686577981,-7.651914794735735
1772919229.8923674,0.9757174558652446,-1.6776847924608906,0.6129659821298404,-0.042738273859889604,0.07000333076103632,0.03157264569717861,105.46247058307272,0.4626593745695751,-7.665831734417257
1772919229.938997,0.9660183593064574,-1.7352920525464022,0.6497290621974661,-0.04479480615200815,0.054321861547691475,0.040754673656235085,104.87234387240944,0.05650727268118573,-7.9556576101417775
1772919229.9842913,0.9839795315139666,-1.6869348556564563,0.618579265936804,-0.03961039847144259,0.06624839482569131,0.03215915397119301,104.78132871561783,0.3599121183915725,-7.785646032882803
1772919230.0289931,0.9995238560560539,-1.6421354378061077,0.5930493702652667,-0.035041159774000484,0.07704753174787578,0.025129373753615583,104.17910571415963,-0.9974407115498266,-8.913655942486283
1772919230.0659008,0.9876364294986097,-1.7023059877222104,0.6334414024787235,-0.037796143691285124,0.060631467654850196,0.03536122089195939,103.75480003638232,-0.5171844367887544,-8.51374680173386
1772919230.1032236,0.9865225290336775,-1.700481115520738,0.6346774430954002,-0.0377933210300494,0.06063097728701124,0.03536840810610848,103.96660337278199,0.41891691918673674,-7.816171109741418
1772919230.1442642,0.9915068216400836,-1.71176737257255,0.6466982420142703,-0.03611677379444064,0.05698527077119102,0.038151615657956155,103.78267821447912,0.44618198835350437,-7.828117302132978
1772919230.1706707,0.9905076657963378,-1.7101902003619787,0.6477568218004748,-0.03611726819190279,0.05698603936131696,0.03815005692644891,103.61290182413815,0.5290524909855886,-7.751571033955058
1772919230.216695,0.9931189776584705,-1.710516784221253,0.6607572991935238,-0.03457073674601692,0.055715773136450805,0.04054260115436049,101.7139010892233,-2.351573746381724,-10.023211228381472
1772919230.2874494,0.9920454086758133,-1.7089254776222453,0.6612437849594668,-0.03463224267611667,0.05584638804740127,0.04030148012849374,103.11123354831128,0.4123233874550392,-7.833911964032945
1772919230.3075938,0.9963934914002011,-1.7140288367708096,0.6713790170213955,-0.033291437715743284,0.05419747149756377,0.04272476623376854,102.62390355124344,0.27214618246037775,-7.94520869144121
1772919230.325083,0.9957340210559884,-1.7129552386435936,0.6722253522423361,-0.033291437715743284,0.05419747149756377,0.04272476623376854,102.45516549043852,0.24859519684730724,-7.9459754900972985
1772919230.3414326,0.9953453361409718,-1.7123225063453305,0.672723535148742,-0.033291910657566426,0.054200143552956256,0.04272094170353757,102.47215881968904,0.4559581759777164,-7.774466988317272
1772919230.3731837,0.9940947286602344,-1.7102865092088126,0.6743282916324542,-0.033292498759666576,0.0542002849975276,0.04272030368182819,101.87890858789143,-0.1456952572091424,-8.215595751324766
1772919230.4176164,0.9839602447178093,-1.7570267869414287,0.7110287697013643,-0.035560887939394076,0.04147843558428378,0.05175768464171035,101.9753241100077,0.39820170971469493,-7.770926857499096
1772919230.4638605,0.9960927016764372,-1.7078311113690177,0.6830561665451352,-0.032023516254798996,0.05380625259739802,0.04393528004045555,101.73365065508763,0.4015926407717193,-7.7556365981796285
1772919230.5897686,0.996698394192807,-1.7107963180774444,0.6996490213899663,-0.030794096005311744,0.05139522678222107,0.04669318551354464,100.29009759633449,-0.6013227081670085,-8.481807812595601
1772919230.6711013,0.9996506299559182,-1.7092233909737407,0.7065596555929163,-0.029327827135835368,0.05088318733568133,0.047334230954857066,100.25055515720956,0.24196207602761163,-7.903126966730728
1772919230.6931756,0.9990310158663721,-1.7081496865866872,0.7075518843097709,-0.029328493167599036,0.050886191126905976,0.0473304080997434,100.19149700746587,0.3932208845754179,-7.762472831593649
1772919230.711236,0.9890609074308983,-1.7552443544962104,0.7390059292687944,-0.031847963178949584,0.03836476148041303,0.05541103781198015,99.7379009812261,-0.1606219598557511,-8.199010277374075
1772919230.7495203,1.001424551938126,-1.7053174591439224,0.7108007619197662,-0.02824886746620267,0.050948160154185684,0.04741626776969128,99.5706219193381,-0.028781279186891443,-8.06693962229458
1772919230.7828183,1.0005243983401626,-1.7037022695239108,0.7122730700349386,-0.028252302001997954,0.050958420103682234,0.04740119987402165,99.57384050851672,0.3591269444181616,-7.752816597096868
1772919230.8545146,1.0017830146414732,-1.694630886459694,0.7116910574979238,-0.027267245041095796,0.05242819775266293,0.04608626650711094,98.56738435426092,-0.8886528598438754,-8.722188138735879
1772919230.9237401,1.0001253987969392,-1.6914897344730846,0.7142327248135765,-0.027273783160948407,0.052481985079457526,0.04600513367101858,98.69692397570381,0.243577460178618,-7.730920780981463
1772919230.951255,1.0026489555732403,-1.6977505652342553,0.7199673853963825,-0.026415330939448797,0.05045179778041938,0.04716042604486206,98.44503651709387,0.06001550693656107,-7.889100410302607
1772919230.9892619,1.0015884391066674,-1.6957251455822837,0.7218600657545772,-0.026418315654445926,0.0504575718863698,0.04715254506056513,98.33087230990014,0.29982548596195663,-7.697204889268607
1772919231.0658998,1.0065247872064724,-1.6913307078806687,0.7204158952778558,-0.024644757948036097,0.05077839502824153,0.04588332187390163,97.45227435409146,-0.8670137914534054,-8.61730991616392
1772919231.1435368,1.0219040835158402,-1.6488433448248967,0.6975210127540797,-0.02012859307340449,0.060913579245953905,0.039004095428948865,96.75833145773747,-1.305965437984309,-9.025121693094015
1772919231.2202609,1.0094653893135848,-1.6915382437004152,0.728656378759651,-0.02298568630654621,0.048823249783674305,0.046295410049116734,97.00456575200121,0.3404909792405494,-7.681877017361461
1772919231.2731993,1.016111978779671,-1.693588023517745,0.7364746902929874,-0.020905876430434657,0.04755696074363957,0.04760279823971034,96.57901788477602,0.2695201352566696,-7.713717787669551
1772919231.3156734,1.0253786348262217,-1.6883936727872866,0.7339850547890945,-0.018155939196766283,0.04805833494527006,0.04621170288012065,94.96916761732264,-2.291081097558376,-9.742619242061545
1772919231.352025,1.0249346682521603,-1.6872135187547403,0.7351140880551666,-0.018143944184956087,0.04813337277872093,0.046140260659937544,96.08948434093105,0.14166868274328343,-7.769620801528082
1772919231.3761764,1.0245298848215063,-1.686139878246836,0.7361431382369577,-0.01814785714459525,0.04813548389801106,0.046136513627424706,96.14945052016024,0.2920946093815178,-7.655246171597954
1772919231.4179528,1.0145116510106238,-1.7199978568521317,0.7622400538421741,-0.02056369986822404,0.03866043957196816,0.05244576879635233,95.12384721269878,-0.7431062146456722,-8.44463573416411
1772919231.4610095,1.0332577824782816,-1.6795732489196087,0.7360857769044828,-0.015412265768387213,0.048757191459461495,0.044947454198733354,95.2016053090999,-0.49349218148828666,-8.309802759644565
1772919231.5045428,1.022167600462732,-1.7117228120560533,0.7603382342691756,-0.018176712722589812,0.03985609866456141,0.05087171543816294,94.9193731315391,-0.42989424159183426,-8.238911693421372
1772919231.5558178,1.04323025895972,-1.674230825903131,0.7347584407115465,-0.01240047107474986,0.04913848211039901,0.04344399231514831,94.81954614900874,-0.5163918137617445,-8.364963654289411
1772919231.603717,1.0426411036504661,-1.671943157039185,0.7366159206824555,-0.012395033934093124,0.049169664839794534,0.04338827789185294,94.70155154773605,0.283387225424417,-7.64119072372145
1772919231.6257067,1.053373954777187,-1.6642883145402547,0.7273163454651027,-0.009524887885727603,0.050817750554921465,0.040766737428119225,94.45931988208923,0.1436257323014838,-7.742775013408939
1772919231.7394872,1.0522792666155287,-1.6584436892911054,0.7319578366469014,-0.009514490973370546,0.050904980974720036,0.04066601511085336,93.86610398577893,0.2574664796256925,-7.585386732372386
1772919231.7918935,1.0619884633965804,-1.6463337205129724,0.7173139349693426,-0.006906410909552443,0.053358624756941773,0.03638852146066366,93.61723895765664,0.16723947268593348,-7.648380246547734
1772919231.832991,1.0483447599012294,-1.6789413996271785,0.74199537497073,-0.010392656733934753,0.044103039278525095,0.04240725141546423,92.60945689719159,-0.9271540436237856,-8.489881974386513
1772919231.8672016,1.0718467912760992,-1.627866132180434,0.7037709566647616,-0.004157773666840626,0.05712982434824649,0.03203345624330424,92.8024200727169,-0.605107532178843,-8.247890919592493
1772919231.9142246,1.0588377131040105,-1.6580647588759951,0.7286697375974373,-0.007498536241858925,0.04867749112856912,0.038146144159321625,92.73978484258078,0.0541148183379816,-7.719588837491434
1772919231.9344833,1.0586929396287619,-1.6571249475141816,0.7294062213162802,-0.007498536241858925,0.04867749112856912,0.038146144159321625,92.57523630533875,0.03180950508517747,-7.719712221190145
1772919231.9595802,1.0812423341300197,-1.6128983239990244,0.6952249454183772,-0.0015199546564433819,0.059959056505662335,0.02888968713830871,92.39000051868469,-0.45004983797912934,-8.179107452680366
1772919232.015289,1.0682643916019294,-1.642111160809619,0.7196833011256538,-0.004885217184072544,0.05148039484682089,0.03484468306982788,91.9933638121514,-0.2451334050842576,-7.965424926947031
1772919232.0488708,1.0681027820914277,-1.6402888505559539,0.7209551866230237,-0.004888607287431977,0.05148986732012356,0.034831771568575705,92.05468288586432,0.2222772532226543,-7.635303754082328
1772919232.0880086,1.0910957449416754,-1.6006528010093852,0.689764781434282,0.0011614909579683692,0.061254106007322076,0.026301546488467966,91.78342301683395,0.18786150851725214,-7.620450297378017
1772919232.1342363,1.0768466349002668,-1.6318632826438415,0.7145736372782117,-0.0025704053871512707,0.05260627609999145,0.03256764703185133,91.37171111247348,-0.14076369454608284,-7.861828313086418
1772919232.1975567,1.0995038661827545,-1.594815288402557,0.6879149724460071,0.0033487201266765637,0.06118040530722656,0.024983731043969074,91.03298089753454,0.1787917408222353,-7.632955416066413
1772919232.3848383,1.0815355392731287,-1.62453795455479,0.7186987360240302,-0.0014556796458418942,0.05138254746939432,0.03219945542922929,89.84298929277023,0.18688534713896654,-7.691944135600076
1772919232.4871478,1.134856620850592,-1.554780780487463,0.6707699877757339,0.012343624522078309,0.0678984815080233,0.01900522426657435,89.0510743608922,-0.7614966655562077,-8.499004683588476
1772919232.5188243,1.1160432323255265,-1.5848043313323277,0.6926834225929478,0.007327687954739159,0.05949846809814303,0.024557657575839574,88.54379484696578,-0.3692134060802372,-8.148402976369002
1772919232.5459971,1.1358525839209341,-1.5671556462767673,0.6857760286295846,0.012444100815697714,0.06362365492349144,0.022524872493664787,88.64703143930024,0.0950465368707683,-7.786344526887064
1772919232.6046512,1.1193626947961839,-1.5916041524126445,0.7035642921729733,0.007977891988520612,0.05637115701144861,0.026840941073894817,88.05019894612887,-0.09255287161560719,-7.917082561907514
1772919232.6684685,1.1395702448483918,-1.575809677579193,0.6993342394557974,0.013166245038665283,0.05974923099854157,0.025344688836482766,87.94702904206987,0.21904526821682932,-7.698348003793655
1772919232.702641,1.1216659012976709,-1.600705235827513,0.7159138432834362,0.008313543056084451,0.05256388743816459,0.029426406969894802,87.67865167053066,0.18649250425864214,-7.728134923980786
1772919232.7296176,1.1218863210754342,-1.5993115917085932,0.7166940355601733,0.008313543056084451,0.05256388743816459,0.029426406969894802,87.45268801977481,0.15582676646862162,-7.728809944905321
1772919232.7917705,1.1233456717772219,-1.6102535606104582,0.729809253290828,0.008469907962858483,0.04864392462724305,0.03234391031712645,86.53957990145258,-0.48243409630059314,-8.235605619002948
1772919232.8394697,1.1421398643912992,-1.6003011966284217,0.7296319470502011,0.013314678005165299,0.050768605874374845,0.03192886191909635,86.768718180874,0.09905776203545066,-7.776501260906274
1772919232.8762226,1.1425637794880905,-1.5986848166855614,0.7306485038595821,0.013314678005165299,0.050768605874374845,0.03192886191909635,86.49740481178037,0.06200485593754069,-7.7768826023544575
1772919232.9393983,1.1234344237435225,-1.6196205492387938,0.7462020132299623,0.008116797210799666,0.04446677134008491,0.035420362154166614,85.88830936837549,0.19302900065922618,-7.709697640763593
1772919232.9727714,1.1432273973696956,-1.6080164644890724,0.744841542620436,0.01323014864447868,0.047124840899259286,0.03475508943694459,85.76953346118232,0.21160624217651963,-7.707617809064669
1772919232.999556,1.1232798648297373,-1.6282323050280503,0.756685197549417,0.007895690197844429,0.04147599426516909,0.03761135192499848,85.52120127346626,0.18799541259822955,-7.723775682450072
1772919233.0458946,1.1417196889278616,-1.6155613302991914,0.7545051871192014,0.01263889697354486,0.04431308190838794,0.03659911282318565,85.35567504801216,-0.049350746208478596,-7.915170794217168
1772919233.0607824,1.1419345918570394,-1.6148078617708108,0.7551274927339616,0.01263889697354486,0.04431308190838794,0.03659911282318565,85.21082741094237,-0.06948891595866222,-7.915020576777515
1772919233.0933235,1.1212830833040706,-1.6352627023976916,0.7669166846826535,0.007140321968192822,0.03872839782122284,0.03954309638483435,84.98239804486643,-0.040081824041695906,-7.921163754462446
1772919233.1260056,1.121608283612003,-1.6335459175141698,0.7687024263552861,0.007143180443893864,0.03873445922806524,0.0395400289533013,84.78086171509813,0.1979711375986075,-7.728387131095619
1772919233.155536,1.1422217346880048,-1.6204120065192544,0.7653287200740324,0.012481203882394522,0.04178463020994361,0.03824841566161756,84.6133750641643,0.00030471326171919636,-7.884261282819981
1772919233.17995,1.142496590302847,-1.6195702894222266,0.7660681792454069,0.012493223776505193,0.04178395266547881,0.03823190006028534,84.29130897381592,0.18634404025367712,-7.705116834988019
1772919233.202962,1.1270157902674023,-1.6386435589051924,0.7836250397212868,0.008282313747032517,0.03629614343704245,0.042393307152579926,84.06184513438149,-0.0473119783485068,-7.925179614576862
1772919233.2758918,1.1274286254690828,-1.636835893426439,0.7857354270442692,0.008287693394395525,0.036300193054480255,0.04238819021252891,83.57749722536529,0.1234309945263814,-7.747833512496094
1772919233.3548827,1.106247864245362,-1.6530340743127792,0.8015652781463064,0.0026205994211963442,0.03137876648905068,0.045649490184935936,83.15993507354949,0.16118823629862725,-7.702400030180974
1772919233.4012558,1.0855833796096133,-1.6743301012121592,0.8213296935189878,-0.002791615149522356,0.025436602667698868,0.05020224455130492,82.84885065676045,0.15061438177057418,-7.709833391972111
1772919233.4274905,1.0806624875874709,-1.6824373018672951,0.8270891664913594,-0.004061091076525933,0.023135761558176645,0.05135839812945671,82.85918350144406,0.4042176627905794,-7.485180755731755
1772919233.4657724,1.0805229239402774,-1.6816152404836306,0.8290066788733739,-0.004066371241933836,0.023124132222280772,0.05137578457702117,82.45695347847823,0.16355230176439803,-7.6790922590872785
1772919233.5099525,1.061748262419064,-1.6950415430003973,0.8408867582336942,-0.008962851657796993,0.019298851725363865,0.05385798768823639,82.11566086932318,-0.20122566206709852,-8.040059274298734
1772919233.5535996,1.0543599322726347,-1.7051722505599038,0.8490367130247878,-0.010804713886682615,0.01645821794234359,0.05545417813788771,82.00519086444103,0.2981993759596853,-7.70883527103088
1772919233.5778537,1.0540816575096965,-1.7047488260425252,0.8504667613389638,-0.010805263403621809,0.016457538417037683,0.055454994765134345,81.7857918010341,0.23887546010296634,-7.727501566921868
1772919233.596741,1.038978336655915,-1.7152762138959137,0.8572796407217457,-0.01472486238044479,0.01360847904404121,0.05697309422109899,81.67300133353204,0.24900538026468969,-7.733738351031099
1772919233.6266103,1.0310793054486822,-1.72574328653529,0.8631632497394318,-0.01671629769115056,0.010779697837198048,0.05819146763412961,81.5571073283285,0.317464276159351,-7.65941999363603
1772919233.659963,1.030360867274391,-1.7252809913953262,0.8656706707765198,-0.01671807991583423,0.01077888358403551,0.058192505272453766,81.17515009572728,0.2358459537857876,-7.724981027260056
1772919233.7368004,1.0160594764236037,-1.7301926221258042,0.8728158575099666,-0.020095755690697093,0.009292177341293277,0.05889513431471184,80.56196537433415,0.16648389094700644,-7.7027753140509185
1772919233.753295,1.0091043553482266,-1.7392221924533826,0.8760380948278856,-0.0218481960188287,0.006882768580108504,0.05951313878405136,80.63659391805605,0.20291719250893797,-7.716049438815504
1772919233.7724001,0.9966861950749045,-1.7438257940710113,0.880070698125644,-0.024948992980797023,0.005621193472432742,0.060129802964029755,80.50509060871175,0.16581270099906475,-7.73713268904399
1772919233.8013225,0.9961179298524916,-1.743697759694582,0.8814402794903627,-0.024948992980797023,0.005621193472432742,0.060129802964029755,80.3400914428957,0.14339445330164596,-7.737577912909346
1772919233.87191,0.9878290992183429,-1.7518463205213513,0.8885692434286206,-0.026636424730172092,0.0034079333761390523,0.060870683758185044,79.84635768148222,0.11133972916188921,-7.696218854168564
1772919233.9109533,0.9756835940196069,-1.7558216586828905,0.890865712308127,-0.029617831481489762,0.002332316185609467,0.06098657469641503,79.79902581930142,0.04173910722692758,-7.7525714750626475
1772919233.9624832,0.9647870613684892,-1.7665780887882743,0.901457360595127,-0.032031502361103414,-0.000504001929798483,0.06287663143431807,79.34266811363051,0.13302987496955918,-7.609476985861098
1772919233.9988875,0.9634392699597784,-1.766599414047519,0.9041031952410602,-0.03203185776951098,-0.0005022258745352364,0.06287641288981793,79.15940435351794,0.1426568911786027,-7.626135943838959
1772919234.034104,0.952285860631163,-1.7676790002625784,0.9043065966746491,-0.03477263124826329,-0.0007839999583124089,0.06257684598497147,79.22097284794704,0.1471905443793821,-7.629290392790098
1772919234.0798903,0.9398632709215501,-1.7798141730499097,0.9148261317269393,-0.03751837429527626,-0.0039283713014798055,0.06444294963758274,78.76879312051787,0.15868790950880848,-7.535050084021828
1772919234.1329775,0.9277805765447674,-1.78001885612285,0.9165900611590175,-0.040008862440456205,-0.003915539870156535,0.06377227679218274,78.74914102518426,0.19427177190284073,-7.501175162000299
1772919234.2062383,0.9254186228220319,-1.7802386195274245,0.9203351302593394,-0.040021264937092675,-0.0039038310016586563,0.06376427066310701,78.38442354516975,0.1656534630980429,-7.637224236173168
1772919234.27086,0.8958415564672526,-1.809013642239647,0.9504937689209547,-0.04692647477375059,-0.011283193022153018,0.07052303439536625,78.56457161430515,1.450601521839902,-6.508761534678272
1772919234.3301337,0.8775390213969058,-1.8224459621692353,0.9653596529288483,-0.051206028743827826,-0.014713214038416798,0.07346757336573759,78.16729826384787,0.5692370868832367,-7.292797497976072
1772919234.3930109,0.8681600123584846,-1.819643545880724,0.9635930620260947,-0.05276644433988161,-0.013726568748217302,0.07167985422989404,77.83870799102971,0.27144961583891497,-7.595346407670252
1772919234.4362373,0.8660766688647539,-1.82018550314259,0.9664231514855914,-0.05276644433988161,-0.013726568748217302,0.07167985422989404,77.83870799102971,0.27144961583891497,-7.595346407670252
1772919234.4860246,0.8631371092795269,-1.8209482315987726,0.9704149535189426,-0.05276878448756808,-0.013718264824529421,0.07167982906471564,77.65806935490335,0.26727256360839796,-7.593718703890211
1772919234.5450914,0.8716949688331334,-1.8213511259870483,0.9787528048210667,-0.0496985455780588,-0.013574632025900943,0.07263939210634841,77.72681436211253,0.32324585199786293,-7.612533830510617
1772919234.5953603,0.8693346486034591,-1.8219958224909087,0.9822026487685231,-0.0496985455780588,-0.013574632025900943,0.07263939210634841,77.72681436211253,0.32324585199786293,-7.612533830510617
1772919234.639911,0.8803067089952619,-1.8134998371385316,0.9773587024542867,-0.04640533386017826,-0.011246550767248177,0.07074135175761753,77.91235162269265,0.3545934559624355,-7.607350397902025
1772919234.6612673,0.8779074439944495,-1.8140811453869472,0.9810159711845288,-0.04640982944471743,-0.011240883073582165,0.07073931082830259,77.68497720002992,0.30500689042718165,-7.647946067144934
1772919234.7640734,0.888430379650764,-1.80444573826937,0.9803787786959877,-0.04268736714055284,-0.008508997339336927,0.06907552081940785,77.69210901459448,0.3436281374761744,-7.648892982899012
1772919234.8000586,0.9014796610953995,-1.793813277365465,0.9743598020010978,-0.038882008300643776,-0.005667287252717308,0.06686714808651419,78.31242414045754,0.3785973173906799,-7.6882254666020335
1772919234.8522124,0.8994500856505213,-1.7941104987317285,0.977852736252746,-0.038883511323381685,-0.005649470633737372,0.06686797416325271,77.70183102198502,0.3646857790756488,-7.654504996582686
1772919234.8926606,0.8985151783413637,-1.7942463334649763,0.9794604963460635,-0.038883511323381685,-0.005649470633737372,0.06686797416325271,77.70183102198502,0.3646857790756488,-7.654504996582686
1772919234.945216,0.8878288841455653,-1.7929027217949047,0.9797323994746666,-0.04107835868685747,-0.005212219212672782,0.06594933790510789,77.67796118867103,0.4634158612945911,-7.661437360824712
1772919234.9745762,0.9108854675138315,-1.7838837258074656,0.9786319872803264,-0.034648667925076065,-0.002815845626697568,0.06496122287214612,77.83988753241312,0.37115059906687503,-7.761773234552113
1772919235.0348358,0.9005740252539907,-1.7842100045877682,0.9788391921043944,-0.036747252087200005,-0.0028460501542223187,0.06398171739781365,77.67040708791589,0.5309957140107143,-7.678382431861566
1772919235.05615,0.9261324695471965,-1.7722579776403797,0.9717884886479147,-0.029865497487308084,0.0002891744194438166,0.06177680161050689,77.77500394359774,0.3899599300202148,-7.815572798086443
1772919235.0757542,0.9167566424078715,-1.7728016228810066,0.9687260856638689,-0.03219948521497711,0.0001452615411871258,0.06073385386665776,77.99524591181492,0.5160178468019018,-7.728504931715917
1772919235.1105125,0.9155831404780691,-1.7727634680713849,0.9709003751866876,-0.03220456996340188,0.00015921824650275666,0.060736550970109375,77.69698517299923,0.5510681237316596,-7.686354774136394
1772919235.1443458,0.9406576480128703,-1.7603212540448707,0.9644473580151248,-0.025309484109766807,0.0034016662227203793,0.05838619596709188,77.88740522606847,0.250697035624871,-8.006416599609292
1772919235.1892726,0.9397687157301353,-1.7602221092090573,0.9664846253249119,-0.025288902959904356,0.003409304934157065,0.05837372340120323,77.67845046085291,0.5837810085465357,-7.707812387490653
1772919235.2726412,0.9527814278360469,-1.7500151322237885,0.9600702456868615,-0.021269683963548495,0.005990368991371476,0.055323118842685086,77.69901624949723,0.6217610718793339,-7.716895095235476
1772919235.2903366,0.9524623854164028,-1.7499252774887184,0.9609000850830686,-0.021269683963548495,0.005990368991371476,0.055323118842685086,77.69901624949723,0.6217610718793339,-7.716895095235476
1772919235.3399208,0.9644484746501163,-1.7427615623999926,0.952170274534995,-0.01783827883520473,0.007782088252465299,0.05231282069587486,77.7896445712445,0.6163582102651698,-7.7764820863308985
1772919235.3745558,0.9527091826569372,-1.7450067588775513,0.9514232707651977,-0.02071351319256935,0.007116905018089466,0.051570680957022184,77.74135774329845,0.7140545213015633,-7.692155088599266
1772919235.419965,0.9520984148466428,-1.744794431560425,0.9529374112816296,-0.02071428005885456,0.007118539514133946,0.05157029460901928,77.66851118842246,0.7077867504076512,-7.706922595676645
1772919235.4561017,0.9763250342101529,-1.7363287975970239,0.9483413709611133,-0.014158039884765819,0.009246249682505243,0.04978422556932182,77.66965460467185,0.7042554676618591,-7.732298224220844
1772919235.4965334,0.9628329220867389,-1.7398721424510952,0.9492266714384188,-0.017529762927954794,0.008213450047632905,0.049448831163037235,77.7154737348146,0.7444580894128252,-7.716573289332574
1772919235.5330384,0.9860071168119932,-1.7307573474310167,0.9422390513549574,-0.01120833883142443,0.01045903511364636,0.04684076340239733,77.74178183168294,0.5390164877111284,-7.924615480155244
1772919235.613733,0.9718443118703414,-1.7336593092768802,0.9423289146957917,-0.014725181570303237,0.009552785700015807,0.04616877698222549,77.68235214243732,0.7656633288700808,-7.712122366208893
1772919235.6343865,0.9715822549347607,-1.733489302969328,0.943150558093376,-0.014725181570303237,0.009552785700015807,0.04616877698222549,77.65468089054355,0.7619163092618574,-7.712491230985914
1772919235.6792533,0.9803500361285357,-1.728930927962072,0.933917426835273,-0.01229097477800624,0.010601747689831438,0.043157484760999384,77.77980086203192,0.7973725436819246,-7.743705426439505
1772919235.735401,0.9798286158115097,-1.7284783899592024,0.9357301462607931,-0.012291224059200691,0.010604786933241366,0.04315823798853281,77.62159013292646,0.8039788025691034,-7.7251994077777075
1772919235.7985837,0.9870397879707591,-1.7258357873968357,0.9319910785284016,-0.010299938583333954,0.011104673831846932,0.04154490399030067,77.70724181423367,0.7652710967095135,-7.802369948605255
1772919235.8379004,1.0102191002903296,-1.7169352697836524,0.9231264397714039,-0.004098617415999744,0.013303847728444045,0.03872327923954909,77.86933215911753,0.47697051030010235,-8.083948769172588
1772919235.8720348,1.0100955765393462,-1.716490283027431,0.9244025513360165,-0.004080638081710417,0.01330896479552793,0.038705823260393915,77.63776242151545,0.8325257659213452,-7.756064033450098
1772919235.8985596,0.9939233631003321,-1.7213218047134495,0.9280426564207761,-0.008277867846642882,0.01192517711006183,0.03931293200683563,77.74719678765115,0.7454560360149453,-7.845295828936725
1772919235.9458134,1.0171213357687994,-1.7118367992884596,0.9196259192590418,-0.0020925788510228983,0.01427076913511815,0.03663365349145885,77.64909721348972,0.8367785759804993,-7.768180472976443
1772919235.9596639,1.0170971563399633,-1.7116722612269843,0.9200456207041517,-0.0020922561360406378,0.014271243146977058,0.03663310679490881,77.63979923146269,0.873803906235056,-7.742303559192789
1772919235.981647,1.0015981048273173,-1.716700738008113,0.9210619031606184,-0.00615924459382827,0.012905370753882435,0.03678561963126796,77.70078410472709,0.852817555183965,-7.767436773617436
1772919236.0132387,1.0013329893626912,-1.7161472495165537,0.92263815202124,-0.00615922096441868,0.01290634871123688,0.03678674661567659,77.60280994590255,0.8763384008683924,-7.745072994888525
1772919236.0557384,1.0236616374246088,-1.7067467415520563,0.9146085736706278,-0.0002846716257572917,0.01523727063064892,0.034354413411579715,77.6491929890071,0.8849379005068814,-7.757014323786807
1772919236.0812051,1.023652242576663,-1.706276708915241,0.9156657410908128,-0.000285030288485765,0.015237895383787043,0.03435411875830571,77.5984561875941,0.8993418326295041,-7.747248744777828
1772919236.154407,1.0282030181147717,-1.7019403179548351,0.9115526728738017,0.0008979444997700514,0.016089042774814065,0.03267367124581755,77.4405778520473,0.8484345755611744,-7.816214898686882
1772919236.219517,1.0282646569138518,-1.7008353527139979,0.9137963491121633,0.0008975923632182472,0.016090912115151096,0.03267276111243561,77.2743213872796,0.8734167058229452,-7.790898280231409
1772919236.2515268,1.009980001445646,-1.7067984826316334,0.9167273366804558,-0.003899428162009417,0.014414545570581616,0.03320732317096503,77.43016418004434,0.7444755610325057,-7.92237949631094
1772919236.2944255,1.0177484013283535,-1.7022470043413054,0.910223873516563,-0.0018140170324135838,0.015425321006227665,0.03108459600948344,77.40020775188896,0.6131846611261993,-8.03125552262144
1772919236.3356953,1.039961335998504,-1.6928198466470543,0.904945263399503,0.004021218769658342,0.017722040341401242,0.029360033603148608,77.10845292749799,0.5974944571250447,-8.015863995806287
1772919236.3584197,1.0400637813126565,-1.6924496988066162,0.9055408748499058,0.0040328715459998984,0.017721840111830332,0.029346480563482134,76.85572174711568,0.8360651660701804,-7.781960534353326
1772919236.3844814,1.02222940472125,-1.6957286021061426,0.9049636773527973,-0.0006849263157695414,0.016724268994170653,0.028967913528476025,76.82387426732012,0.8493735877654639,-7.783189638220244
1772919236.4278045,1.0449139375879393,-1.6870989744174691,0.9017921045381442,0.005258418172606533,0.018823893899208553,0.027864825457114294,76.64647198302856,0.8320175218288963,-7.799329322285314
1772919236.444779,1.045027384049109,-1.6866921862502573,0.902393500258908,0.005258536277696899,0.018824119530239394,0.027864581844681685,76.58044183523882,0.8397192659440709,-7.7757729909691475
1772919236.4637835,1.0451260026670262,-1.686339158610332,0.9029160727781871,0.005258536277696899,0.018824119530239394,0.027864581844681685,76.50532089760958,0.8294616920306226,-7.776867190437362
1772919236.4830036,1.0452028695694124,-1.6860638144302844,0.9033235766042547,0.005258225473996216,0.01882432551047376,0.027864506547993283,76.48195028703927,0.8324903900891044,-7.787147089109806
1772919236.512394,1.0454015368550607,-1.6853525901452433,0.9043763587470512,0.005258225473996216,0.01882432551047376,0.027864506547993283,76.33061493269369,0.8117938068999554,-7.789318539985792
1772919236.5472467,1.0455622781842677,-1.6847770936331599,0.9052281927405048,0.005258010765234138,0.018824869508065827,0.02786417944733862,76.24216465598055,0.8186780680002183,-7.784536220230882
1772919236.5633183,1.0686738497574386,-1.6748454242882451,0.9017857545152731,0.011282028265850098,0.02132827278365049,0.02682077193752078,76.28440727214868,0.7087890052080547,-7.886846373691151
1772919236.5951989,1.0468864360129477,-1.6791309895227922,0.9003611623157615,0.005492533072948175,0.02003597272059385,0.026228396991551984,76.20578303254771,0.811170676965439,-7.803314815904735
1772919236.6347415,1.0470812355418118,-1.6784129316011496,0.9012982101640183,0.005492484949927584,0.020036630451911373,0.026228210534532115,76.00485595985703,0.8078876627721452,-7.8277512696826665
1772919236.657428,1.0694504707806067,-1.669299503056566,0.8972599267626972,0.011298565301806196,0.022284021184550192,0.0250008944493102,76.07890906730849,0.6416703207968685,-7.983714670779033
1772919236.696413,1.0476761640512462,-1.6730526388993257,0.8962771369718858,0.005499186842948752,0.02108294517854543,0.024489353750880963,75.91276770528575,0.8085659816646538,-7.816944619456958
1772919236.712377,1.0477482133863876,-1.6727764140271186,0.8965979919830325,0.005499186842948752,0.02108294517854543,0.024489353750880963,75.82468633235413,0.7964740130973069,-7.818178301358412
1772919236.7622747,1.0682271553547051,-1.6648072901058384,0.8909834668085338,0.010745162026986636,0.02288350340667238,0.02272228810216622,75.66055680790065,0.7915868837495136,-7.8416761395283014
1772919236.7914813,1.0467020172841728,-1.6712384500149642,0.8929656744989302,0.0050187828014685056,0.02099067324795002,0.023028276385633165,75.61293947387718,0.7691249635132844,-7.844454711672046
1772919236.8237777,1.0468311830408794,-1.6706685437103321,0.8935879223159847,0.00501920445649969,0.02099253985495221,0.02302910771702161,75.41208204890212,0.797265639273673,-7.799003481940671
1772919236.8476794,1.0662739087183806,-1.6641692325938273,0.8872773436859659,0.010078621237487682,0.02256316193544527,0.021234274254891845,75.40595252502864,0.728331287474742,-7.872860290086773
1772919236.8665261,1.0664907473950576,-1.6636905163963385,0.8877217407402075,0.010080081691625609,0.02256296554341166,0.02123148611008244,75.30078049364158,0.7894770105394321,-7.812296360920267
1772919236.896923,1.045331252854861,-1.6700965946416924,0.8888933913769814,0.004503835584288743,0.020728992834482422,0.02137596796381208,75.1751491988851,0.7634667210647398,-7.82176945930104
1772919236.9357982,1.0455288340629694,-1.669189877589199,0.8898295952994036,0.004503334198571261,0.020729476112675713,0.021375570585502,75.02942899335284,0.7731248808520379,-7.802596141918469
1772919236.9811423,1.0617803582065417,-1.664982038110505,0.8849141003065285,0.00870647521423674,0.021662025174361776,0.019922387763066284,75.00107218097834,0.7705857432819123,-7.832268113642159
1772919236.9992445,1.0621057105905496,-1.6641725496137831,0.8856585802705034,0.00870647521423674,0.021662025174361776,0.019922387763066284,74.80683028012473,0.7438643314958581,-7.834835156014507
1772919237.0376198,1.055354474189378,-1.6677879469306036,0.8828073152193321,0.006883831505731793,0.020556305350817042,0.019027400983696086,74.80725118783924,0.7366131053200335,-7.853896311078445
1772919237.0543678,1.0554551139785513,-1.6674873605233222,0.8830854198231307,0.006884049080473783,0.020556648739365396,0.01902693632291441,74.75491166968865,0.7688807248452052,-7.814058625192203
1772919237.088682,1.0351711759001894,-1.6733086727676503,0.8840742022789467,0.001542284068112295,0.0188786224978892,0.01913522370926999,74.59222302002823,0.7354214531648215,-7.809437521145713
1772919237.1547787,1.0513705831020355,-1.6691204127124049,0.8826590080517241,0.005758514598720354,0.019654737196994,0.018438377435697484,74.49172307198926,0.6822868136203356,-7.876604345240185
1772919237.1864579,1.0295211408211977,-1.6777108617393521,0.8843222785521154,-2.4356173596351387e-05,0.01721277812637679,0.018693515096050644,74.31425126750733,0.7084386884559809,-7.873004291298517
1772919237.2027273,1.0295167683394202,-1.677342500414827,0.8847217948574838,-2.4688109713990234e-05,0.01721426359755437,0.018694672713180514,74.14067599914014,0.7302381540669873,-7.838626744163182
1772919237.219157,1.0466442530844247,-1.6729092302980766,0.8813897619196623,0.004451462058504578,0.018320694754856915,0.01776841790330265,74.1539469357932,0.6773254988556257,-7.887068038090052
1772919237.2426004,1.046764289577073,-1.672421112719933,0.8818577174911708,0.004452261686224591,0.0183207679654542,0.01776637046646261,74.00403232806326,0.726827590462191,-7.846393405715689
1772919237.2698393,1.0254533062198532,-1.6793521143415993,0.8832875027889776,-0.0011663397997313599,0.01635734108283178,0.017996091802479387,73.99773146018903,0.6689009768129212,-7.892227005521688
1772919237.3251777,1.0253967790588507,-1.6786091862661534,0.884113725686309,-0.001165780343132036,0.01635908279636603,0.01799888995422985,73.73825985716954,0.7282073874108046,-7.817595095323562
1772919237.3650606,1.0434892173985864,-1.6712567841509758,0.8793767484069003,0.003555813908069628,0.018079901461355213,0.016555874049873277,73.53319704223347,0.7074383541372784,-7.779072791726101
1772919237.381784,1.0215328639499568,-1.6773065975796813,0.881701828901879,-0.0022049240017303906,0.01641194321564184,0.017084752814321157,73.46510217084278,0.6923108610342656,-7.786642122486555
1772919237.3986745,1.0214895314493708,-1.6769840601414503,0.8820375888014312,-0.0022049240017303906,0.01641194321564184,0.017084752814321157,73.37298815697538,0.6797146854072413,-7.787744994195807
1772919237.433631,1.039998387730161,-1.6666190765517552,0.8735001174726618,0.0026550524385200213,0.018973369791642172,0.014697467420864752,73.28952590973645,0.6613329996710212,-7.820704868888334
1772919237.4678743,1.0400916804426266,-1.6659630014938602,0.8740084610226566,0.0026562890814960235,0.0189729759304597,0.014696947544909132,73.04836542131517,0.6702490142495946,-7.788523302866535
1772919237.5414808,1.0374960436417329,-1.6560743875142363,0.8632992833312261,0.002017043053225872,0.021234493821512886,0.01161655344593534,72.83114014095929,0.6306908638927818,-7.815494648541832
1772919237.5619736,1.0375272512012936,-1.6557458488002914,0.8634790138942278,0.002017043053225872,0.021234493821512886,0.01161655344593534,72.75862725617812,0.6207379373532949,-7.816286529915625
1772919237.5801957,1.0375705986416501,-1.6552881475422843,0.8637278804697097,0.002017088870823421,0.02123475724938396,0.011615926176673558,72.71393943001574,0.6565787251852884,-7.792602374476627
1772919237.6091192,1.0162301097577628,-1.6615218178630051,0.865221994743202,-0.003556558963543848,0.019435179270145566,0.011907375665061762,72.63896737512222,0.6569855763786657,-7.788077900519616
1772919237.6299667,1.0358389670347934,-1.6434706212905403,0.8518136577628548,0.0015968770835790918,0.023981020512664646,0.008303007495971694,72.5186860142007,0.6150404734153266,-7.756561498280886
1772919237.6650276,1.01504444131378,-1.6506057426524328,0.8532340659099348,-0.003873875838141981,0.022003677616503996,0.008639807992286634,72.64543997558965,0.5352911224574743,-7.841653529058887
1772919237.7026973,1.014912403756153,-1.6499174095004692,0.8535134373670513,-0.0038750535961313195,0.022009710669359007,0.008643913812020808,72.41627259809306,0.607359438375321,-7.749400212237075
1772919237.7535229,1.0348831266925835,-1.6298262346644121,0.8387743071954757,0.0014014074741282778,0.0268945014914922,0.004663515876064796,71.9629236897036,-0.21248201765949395,-8.422458583756313
1772919237.788053,1.0349218532235038,-1.6287686624937663,0.8388110899683277,0.0013942195583764232,0.026909748499042235,0.004613259269856068,72.2529454137017,0.5981724709181048,-7.752315754655642
1772919237.8318105,1.011889669519147,-1.63680895999826,0.8399177155491057,-0.0046592330286106985,0.024506875536404404,0.0048510482087728455,72.31754244807138,0.6037808580939525,-7.768376581070207
1772919237.852164,1.033129350146789,-1.6189620517205312,0.8252085291690312,0.0009273733068252948,0.029049372417016505,0.0009783298418947657,72.1495159829393,0.17696609659241935,-8.128038753758103
1772919237.9190757,1.0103615434125504,-1.6267984682023853,0.8267020564379268,-0.005044064751374856,0.026603046178999855,0.0013492938359768794,72.26652635188613,0.5365269585431516,-7.837894780811429
1772919237.951909,1.0313479371264052,-1.6093502276852203,0.813015951015791,0.0005100917391170062,0.03087062498556319,-0.0022493856258436824,72.13870011446343,0.38033834210221495,-7.991252330943864
1772919237.9797094,1.0313610851828636,-1.6083774875495545,0.8129180663138031,0.0005075098896540409,0.030872787442890952,-0.002259774221817168,72.14156529949916,0.6289935509550518,-7.819808703603273
1772919238.0276794,1.0081247136414184,-1.6169759592321036,0.8142639019178947,-0.0055470062595962865,0.028259212304834316,-0.0018828193728159684,71.91405515142104,0.6078790096521819,-7.787332405074311
1772919238.064175,1.0289259422581725,-1.6004863199859025,0.8008433103730089,-8.572421925959576e-05,0.03233532596256308,-0.005362276982020747,71.66761565947562,0.5617504311510307,-7.753442710206522
1772919238.127961,1.0055741847224455,-1.610273273190917,0.8045008774483786,-0.006162228472932026,0.029216013680868416,-0.0043170583435233004,71.51114860340797,0.5491378621714262,-7.761600054228006
1772919238.1670783,1.025648343503337,-1.5957420815766454,0.7929537804766836,-0.0008747686714364561,0.032727183362892626,-0.007287320249395285,71.5130084579249,0.5494509409664007,-7.763024769654153
1772919238.184032,1.0256258944032586,-1.5949022071748817,0.7927667667130165,-0.0008747686714364561,0.032727183362892626,-0.007287320249395285,71.43208705756633,0.5384192276701522,-7.7637929821728004
1772919238.2171986,1.0255995452212596,-1.5939329233437907,0.7925506340571679,-0.0008760803798879953,0.03272728600077684,-0.0072877297668914,71.384411068641,0.55118299754353,-7.741236599767285
1772919238.2487202,1.0451385851603323,-1.5795238069731414,0.780981489659421,0.004230228603245315,0.03624444461131156,-0.010251979961143482,71.32499422625969,0.517807314002614,-7.773684583493772
1772919238.2867224,1.045293239625479,-1.578182329449064,0.780602060391223,0.00422691896193314,0.036245202542836585,-0.010253146141256171,71.28976816998775,0.5446540913126919,-7.779493628697687
1772919238.3265362,1.0169780038946281,-1.5923207512434403,0.7878999612134091,-0.0032234189641113025,0.03219851270774523,-0.008247327106710436,71.22291066316419,0.5274365502676228,-7.781874715632216
1772919238.3612192,1.036940026082226,-1.5779124517821834,0.7762852491372253,0.0020082433050844168,0.03563991126872571,-0.011189385649516265,70.99974200662395,0.3015292175615497,-7.956783393158542
1772919238.4018772,1.010082340255566,-1.590458882487352,0.7826532174896871,-0.0050337952730808095,0.03195548197135775,-0.009404913683492154,71.02055080056961,0.4917539492903477,-7.800216218292913
1772919238.4403505,1.009822017354764,-1.5888072416728034,0.7821681373150752,-0.005033752096919962,0.0319551973354682,-0.00940575461128943,70.74148532563441,0.5294686040184852,-7.792213588906541
1772919238.4954553,1.0085558683887286,-1.5855067582887128,0.775865009651765,-0.005306360275936766,0.03240393250888246,-0.010920025783725718,70.61460737988469,0.5087438982064707,-7.810537270019649
1772919238.5350196,1.0261062549265614,-1.572870180522937,0.7634213725856448,-0.0006727785029280912,0.03530447514058841,-0.014028599155642507,70.35148437538965,0.47486472399813767,-7.859040756211247
1772919238.5646515,1.0260896129658315,-1.5719968831653037,0.7630743588281782,-0.0006727785029280912,0.03530447514058841,-0.014028599155642507,70.1913087466247,0.45275408034972686,-7.860337364820961
1772919238.6078176,1.0028232204804373,-1.5841698443626533,0.7701782074295772,-0.006730110792401146,0.031811578100110365,-0.01205250409609442,70.12261275455076,0.4645942603439435,-7.865585374848547
1772919238.6397784,1.0271245770068884,-1.5678637688890762,0.7602468264939374,-0.00031472722769673896,0.035771492878791035,-0.014532353105590416,69.90886238303365,0.36031910496581115,-7.923504513273381
1772919238.6584315,1.0271187272307005,-1.5674124799740619,0.7600529872734257,-0.00031672578643747863,0.035772438362351645,-0.014536903491475071,69.89180629719094,0.4730721257988709,-7.853584961637581
1772919238.6761315,1.0271147618001493,-1.5669646063684,0.7598709841537072,-0.00031672578643747863,0.035772438362351645,-0.014536903491475071,69.81073310673062,0.46188911851936854,-7.854246436738163
1772919238.7247286,1.0053180728192486,-1.576901983158337,0.7662978764836255,-0.00595879025238577,0.032643904004853425,-0.012651854207785123,69.52000832089824,0.5165959095367849,-7.86597006437194
1772919238.7442887,1.0320379822959722,-1.560372501791225,0.7584448859429316,0.001062256381696016,0.03679189621005843,-0.014634986631437624,69.3447096797345,0.285486380648128,-8.050969939908374
1772919238.7882853,1.011523727215777,-1.569699712795942,0.7656434304431936,-0.004306529906761976,0.03400203236069345,-0.01261926690871173,69.27519920994162,0.504790696975143,-7.8930318254342895
1772919238.8206615,1.038457961042557,-1.5530585115767188,0.7591277248725581,0.002788657115701282,0.03809098249614801,-0.014222531947224275,69.04329888087194,0.23175007542025472,-8.108859974436939
1772919238.8668563,1.0385962971657305,-1.5511330223866828,0.758358210350846,0.002784992398738527,0.038093175002961395,-0.014239744686683672,68.90686144246965,0.46105251165109273,-7.906936843539272
1772919238.9131896,1.0169994505262476,-1.5590951342765744,0.7634896879501869,-0.0028609497687208615,0.03557136456595657,-0.012737284707623961,68.64397155990918,0.4380344319284721,-7.831860315520095
1772919238.9355528,1.0169301820827281,-1.5582307298022313,0.7631801131929014,-0.0028618674244365845,0.03557084581554521,-0.01273797838273597,68.58665393271748,0.45371178247783006,-7.846121221678256
1772919238.9681017,1.0455949797754187,-1.5422602672153773,0.7592761758111438,0.004616311003975704,0.03942991440390416,-0.013646526922406052,68.45125048261438,0.3756426952929029,-7.899729005440479
1772919239.001959,1.0226485003686006,-1.552805497792256,0.764260313243117,-0.0013920154155926685,0.03633275295325957,-0.012231086482598526,68.38096796483852,0.4242429639279713,-7.859342223469088
1772919239.0309696,1.022614161166907,-1.5519092162440973,0.7639585883189862,-0.0013920154155926685,0.03633275295325957,-0.012231086482598526,68.27797917231453,0.41002625615600696,-7.860092013812502
1772919239.0777435,1.0517407491380126,-1.53533500503269,0.760126445423977,0.006208024489779465,0.04024481728696131,-0.013091722628054941,68.03982227893015,0.3296924849386121,-7.900473626557538
1772919239.1203346,1.0257403403482934,-1.5481606232116103,0.7669123639640592,-0.000672842181326223,0.03639473153689993,-0.011154747529994166,67.83004719844844,0.1734832005816501,-8.036725736568972
1772919239.1439512,1.0546673492038254,-1.5321737490310892,0.7623242349204254,0.006910666489629942,0.04033305605434543,-0.012283449965202576,67.81067594285902,0.3585978701542604,-7.884788469836775
1772919239.1657672,1.0547955349178064,-1.5314256125676788,0.7620963896313637,0.006910666489629942,0.04033305605434543,-0.012283449965202576,67.71743867048694,0.3456851246715143,-7.885361505298349
1772919239.2288396,1.0293361609985985,-1.5424242513127129,0.7671048838371605,0.000209247256476528,0.03678163668294421,-0.010777042331845609,67.52000114924147,0.4423118829787609,-7.828226040274269
1772919239.265351,1.0585149027375527,-1.526276948694876,0.763182819047362,0.007814851808201082,0.04076528488712992,-0.011734109764358618,67.4269435656328,0.4778694348069961,-7.838827797259601
1772919239.3121092,1.0337547346532623,-1.5364400995126375,0.7664367765449063,0.001235734980989514,0.037491325682250616,-0.010702673585192647,67.11417001677113,0.22963723421317656,-8.022882237390446
1772919239.3437817,1.062797046411624,-1.5222300559553985,0.7624286772918693,0.00884341938895827,0.040940107855417816,-0.011677473335856708,67.06874969044488,0.2931982535523797,-7.981357513018644
1772919239.3754866,1.0630477531197546,-1.5210663505057456,0.7620621631378515,0.008841648148989885,0.04094095539760418,-0.011690163080551711,66.96739443936482,0.46870398189830664,-7.841001049688786
1772919239.4083514,1.0405445035902885,-1.5317189148186088,0.765661816236777,0.002909271948931797,0.03780729239421773,-0.010651634007227134,66.83958022342682,0.4693965218853298,-7.8512812024720455
1772919239.4492059,1.0680264775577442,-1.5185551186299662,0.7623972359339961,0.010056796104205134,0.04080628645458691,-0.011381382230866538,66.76598706071051,0.4614996273603566,-7.841851373931932
1772919239.475038,1.0682643033071375,-1.5175901208756646,0.762128086024806,0.010056796104205134,0.04080628645458691,-0.011381382230866538,66.66322387986868,0.4473460402342824,-7.842666398346339
1772919239.5553956,1.0459346717674842,-1.5275286634420564,0.7668523814978828,0.0040711627398305715,0.03733506619255693,-0.009912384887722975,66.22841353342419,0.4535586599630213,-7.8536122671106465
1772919239.5836864,1.0743067106983095,-1.51430314056026,0.7638566991884375,0.011457222027939466,0.04049198976250169,-0.010612733955816887,66.12321579823912,0.27781255616926515,-7.997518115796523
1772919239.6660724,1.0786885513701583,-1.5132389099683852,0.7651798947297644,0.012461366289791137,0.03998213001075315,-0.010066553050607555,65.79842851978597,0.031097480423743096,-8.17090905302233
1772919239.7025704,1.0791237787269714,-1.5118350812622452,0.7647214664607977,0.012456269888101388,0.03998475571475489,-0.01010549426733541,65.71033039739412,0.4110328614312888,-7.853615932556273
1772919239.7259648,1.081251891849248,-1.5125051397419786,0.7650593974802011,0.012954298561834056,0.03962059094265715,-0.009968653719595022,65.62864743754754,0.3105059164337826,-7.934492435597285
1772919239.7626858,1.081743565954835,-1.5110010408858108,0.764680664777156,0.012951513542212587,0.039620480303650465,-0.009972828607176833,65.50375292153672,0.45328189263738305,-7.836687927917952
1772919239.8006024,1.0607491895986683,-1.5197271746703287,0.7692877109162795,0.007356332397037149,0.03699545876626755,-0.0086838694038361,65.33582934067536,0.4509562583665645,-7.867439015509184
1772919239.8490677,1.0611774412824713,-1.517573469990521,0.7687821761615399,0.007356332397037149,0.03699545876626755,-0.0086838694038361,65.03327269469808,0.4091432624572948,-7.869709924527478
1772919239.892178,1.088443147117406,-1.5043516612717003,0.7627508379864126,0.014337390149295281,0.03993166540176922,-0.01013552917021022,64.91700288432853,0.43612121143764165,-7.836191676822904
1772919239.9796214,1.0907532157460083,-1.5041276100519527,0.7663794169952328,0.014712265605149025,0.03920536873505221,-0.009009312271848776,64.5124736033299,0.40526426998088144,-7.848965764348398
1772919240.0269303,1.091429772260405,-1.5046214427054547,0.7688345152204062,0.014711687874252453,0.0386103695086406,-0.008262247933640185,64.37257288014662,0.3642035870011466,-7.841994005346026
1772919240.0586452,1.092178111894331,-1.5026571295402136,0.7684139892351604,0.014710306810621205,0.03861045368705784,-0.00826437905691644,64.19332142137213,0.44551602136065604,-7.801102232918804
1772919240.0965106,1.0677387751203995,-1.5146623958319603,0.7781600790704193,0.008263063133752883,0.03538991421676345,-0.005686556838207667,64.1161106057987,0.2184781944623088,-7.993899302668191
1772919240.1616535,1.0683311417961956,-1.5121416834137724,0.7777742129525528,0.0082573142585975,0.03538789016688919,-0.0056884870005453805,63.931231234698636,0.4383510746709938,-7.797277144442814
1772919240.1946616,1.0966058365074882,-1.499421496374383,0.7727931104604102,0.015571855037472306,0.03836552307857566,-0.006931876864348455,63.757813909236226,0.2291478975123707,-7.962972817145334
1772919240.2148023,1.0692964917518073,-1.5119435535434689,0.783840381691975,0.008325495838402981,0.034859816641862815,-0.003999223183371996,63.651633580476165,0.22035652071809775,-7.962880501301957
1772919240.2574885,1.0960165602571579,-1.4997825448814268,0.7773877033730027,0.015234693954623827,0.0376934555284889,-0.00564986664187701,63.501564909039736,0.35548689791801924,-7.811181999019859
1772919240.297876,1.0691706808221686,-1.5127623632660094,0.7894657043659989,0.008007747502008982,0.033819736909204895,-0.0024139008857310762,63.276052212001495,0.2116685095618821,-7.911263118245959
1772919240.3479977,1.0951562606288991,-1.5006076515101354,0.7821930092977071,0.01465640349298063,0.03655126740779488,-0.004280245898815579,63.11651821294389,0.36549898311350093,-7.789148387947222
1772919240.37195,1.095487428010147,-1.4997817607986441,0.7820962954056472,0.01465640349298063,0.03655126740779488,-0.004280245898815579,63.02342734552181,0.3527648463712999,-7.7897318810141405
1772919240.427818,1.0959744261275133,-1.4997965159213509,0.783388844382221,0.014638176405938206,0.03603190409280342,-0.0039037552855964025,62.795558179586315,0.3486811030476196,-7.7619121244036915
1772919240.4531457,1.0962312911004568,-1.4991642422136677,0.7833203428169982,0.014638176405938206,0.03603190409280342,-0.0039037552855964025,62.72826423753986,0.3395084717547181,-7.762316261644216
1772919240.5015244,1.0716641327399925,-1.5094786107029061,0.7920565042613238,0.008022384491952443,0.03281022358781886,-0.0015740500247175082,62.59359602300621,0.33002702753630275,-7.742141822868931
1772919240.540062,1.0993209128321106,-1.4958334954028694,0.7835814432250455,0.015177617331447953,0.03598817082111503,-0.003766362811838131,62.31377371845828,-0.21546245445112877,-8.192996922234885
1772919240.591342,1.1000615829313507,-1.4940557808732657,0.783272146342181,0.015173061920242915,0.03599514252198869,-0.0038145469440079437,62.26084818909487,0.38083769285501073,-7.718497608372043
1772919240.62622,1.0737476698708124,-1.505172650730602,0.7906656678800593,0.008187740118864861,0.032851393658815044,-0.0018536098036593244,62.14388116929901,0.2154724223500639,-7.85180944785052
1772919240.6663914,1.1020097854010473,-1.4918219552917433,0.782575551130615,0.015490615821246185,0.035979271853651254,-0.003949882660507384,61.994971827216034,0.2221594201590545,-7.8142667225477265
1772919240.7273686,1.0781294028335087,-1.5000632203596163,0.7892308198916883,0.009078840013184403,0.03344944683584721,-0.0021678578409068073,61.883725693042834,0.20162792888344683,-7.823193482429411
1772919240.7568057,1.0785999690575254,-1.4983257968333121,0.7891341421552988,0.009078020672664514,0.033449122348813864,-0.0021676796081155055,61.724300444122754,0.3572379340785812,-7.672709947464692
1772919240.8090007,1.0840479116529138,-1.494598087722198,0.7876493493313478,0.010356071255673486,0.033931287155847804,-0.002525152615484018,61.56969501378988,0.3461238279026065,-7.669343039588585
1772919240.833872,1.1122311467153225,-1.4811280940193599,0.7792716300019134,0.017667614415663585,0.0372351324969205,-0.004698513284195221,61.428203394218365,0.11677545719751634,-7.856583820758854
1772919240.868411,1.112710688121697,-1.4801091566530404,0.7791032402437759,0.017666160288647554,0.03723767287048974,-0.0047132589582033,61.40317755562161,0.34585578275299594,-7.67389967294998
1772919240.8930895,1.1131464350850238,-1.4791901694820626,0.7789863512639611,0.017665630200692298,0.037237913910388665,-0.004714077249869327,61.34993458297868,0.3717071438178065,-7.647758793257003
1772919240.9217265,1.142292181049083,-1.4642222218731402,0.7700543472612009,0.02521614164617251,0.04093492110406467,-0.0070293045607320945,61.1814162127479,0.18782287682378607,-7.794561103580327
1772919240.9508953,1.1431614753021293,-1.4627997312221868,0.7697864619960348,0.025213232356624125,0.04093814942255961,-0.007040505764359251,61.210854060757526,0.3664716751847124,-7.641101658151159
1772919240.9862132,1.115840850656827,-1.4729196167094645,0.7781223663127088,0.017831429116617534,0.03789849377703053,-0.004790724806204871,61.074574395678155,0.12576365272391285,-7.839174026441066
1772919241.0555308,1.1472490577633792,-1.4560184860060397,0.7682303599876859,0.025744706806993506,0.04165954426467532,-0.007301858700852311,60.89896954625525,0.24677126045712264,-7.705101615448472
1772919241.100348,1.1483881973125034,-1.4541663604579766,0.7678900128474655,0.025742704791880587,0.04166190910285289,-0.007309138626112531,60.85661418813214,0.3687510362053481,-7.601116430344868
1772919241.1163318,1.1196813087633721,-1.466090416472911,0.7753812320515695,0.018153607308196,0.038399307427006514,-0.0053213525917246525,60.75146828098407,0.12057654953139424,-7.809435643007286
1772919241.1571653,1.1486853072719225,-1.4519031310132509,0.7679925572657783,0.025526986557096634,0.041710089102162465,-0.007201388856077149,60.77361766353991,0.38463014086136277,-7.600752381892183
1772919241.2005723,1.121434717558246,-1.4634983069427974,0.7745286411269469,0.018101830759822614,0.03819509637941263,-0.005409091665022127,60.68619682283798,0.3749401530871631,-7.610273483132332
1772919241.2429907,1.1505041692941946,-1.4509420441414047,0.7696121281719173,0.025462687675627142,0.04098874548500003,-0.0066183216538070735,60.47439130285701,0.0988204405581137,-7.831418230519549
1772919241.2699132,1.1509829555356437,-1.4501431894432735,0.7694257228984763,0.02545761602380078,0.04099588522260902,-0.006643069880730378,60.539643040485316,0.4088524612441625,-7.653542120454744
1772919241.306746,1.1522917631277885,-1.4480346045756152,0.7690833398612452,0.025456754760049286,0.04099637144964728,-0.006644360725885484,60.399985941650186,0.43174687377932697,-7.640549893973021
1772919241.3474572,1.1814745694577682,-1.4349826913929966,0.763321396526848,0.032841753343174324,0.04403363471057994,-0.008087314053644813,60.32663607800085,0.3736474418202174,-7.66997310255496
1772919241.3739758,1.1820647840021687,-1.4341847060516428,0.7631679008489192,0.0328404546877945,0.044035434684008536,-0.008090837614708597,60.315309266126356,0.4352808664940328,-7.6331194094884935
1772919241.4021025,1.1507742486990646,-1.4474838153159384,0.7710949624860078,0.024394498434236408,0.040161312942350785,-0.005946221251762182,60.07603037340904,0.1544040574717028,-7.855086003353758
1772919241.424551,1.1513795801403135,-1.4465192421951083,0.7709965404977501,0.024389282526890158,0.04015733524085768,-0.005943494289588288,60.17598558207305,0.4353987215786721,-7.6501344810708565
1772919241.454267,1.180149341818518,-1.4340313380273406,0.7665971130041891,0.031709145794113346,0.043115032390084775,-0.00704041315055023,59.980551828347274,0.22031892540092465,-7.81898659454805
1772919241.5057023,1.1502108895084855,-1.4469679489331226,0.7757742731868525,0.023523815648942046,0.03922274082018665,-0.004580736237157753,60.0009092971984,0.41198988104762696,-7.680576336579742
1772919241.5310996,1.176608605917107,-1.4362964294904041,0.7738592365979802,0.03013731139098559,0.04158709784711144,-0.005028099247463787,59.804930440187135,0.2869976794313654,-7.769271801145117
1772919241.6298795,1.1720199271901888,-1.4397930065444144,0.7780975670313338,0.028204099884122685,0.03966206965148998,-0.003810306558185918,59.49957049391581,0.406544036725769,-7.763067214992824
1772919241.7194648,1.1736981907455357,-1.4374325768118,0.7778706943881052,0.028197193164802698,0.03966657047116355,-0.003814664619272905,59.411271450800285,0.4588100483320745,-7.708260045479144
1772919241.770255,1.1446620727122636,-1.4502605822282033,0.7851429210096186,0.02024946474318612,0.03567160712389467,-0.0018802941910997736,59.089466622353854,0.3872650738113264,-7.735310885484838
1772919241.7999666,1.11601567214351,-1.4633280767269568,0.7932031294643528,0.012573607254657084,0.03180357678621611,0.00027585713050595046,58.328053836379,-0.47133025062426703,-8.401686752908951
1772919241.8403955,1.1458883482558457,-1.4523434129027373,0.7874220584398683,0.020265498234590413,0.03451152175053836,-0.0012751096148308143,58.83995357675151,0.24229890682865854,-7.8668712471316695
1772919241.8604224,1.146218532983612,-1.4517640511043686,0.7873686980942943,0.02026312297392224,0.03451616739885941,-0.0012875188921052118,58.86042309712732,0.4328188252656967,-7.732609894047802
1772919241.8748574,1.146580933493152,-1.4511467387251853,0.7873456711648747,0.02026312297392224,0.03451616739885941,-0.0012875188921052118,58.77049109655048,0.42060721804483564,-7.733279660815621
1772919241.8945193,1.1200840637506082,-1.4636444039056857,0.7931649150374209,0.013277785478990745,0.03110291746354662,0.00023424062185158187,58.76650032309722,0.4418718279378884,-7.756081633412324
1772919241.9536798,1.1210134947706287,-1.4615284923877323,0.7932290855150999,0.013276379158940919,0.031094024196181246,0.00024268445674763533,58.41768715009684,0.3943559527096368,-7.758627070485163
1772919241.9840307,1.1215428299459471,-1.4649360159355216,0.7919396756183009,0.0133764851839988,0.030125060158695316,-9.431507659254387e-05,58.36252985020253,0.38855752121956044,-7.771365253296651
1772919242.01978,1.1222372437288963,-1.4633721329947778,0.791934779437561,0.0133764851839988,0.030125060158695316,-9.431507659254387e-05,58.19101493771989,0.36514899006720297,-7.7724933562264855
1772919242.0639815,1.1501329932730577,-1.4522257479249918,0.7846937435146143,0.020469766335209916,0.03271978415035151,-0.001967925569080121,58.04792024718711,0.3074080538658034,-7.794733304867574
1772919242.1134343,1.1380435582504271,-1.4642865778951608,0.7946826106651818,0.01706738021498255,0.02916123911467042,0.0006598116752262774,57.51686325784056,-0.2011329243671606,-8.186262948673823
1772919242.1630228,1.1390194689581974,-1.4626170390393407,0.794717452368481,0.01705718929557194,0.029167676312104308,0.0006396852111082156,57.70245566998509,0.3991177049255735,-7.6858692656790355
1772919242.1809697,1.1393293513050977,-1.462087142358674,0.7947290736943079,0.01705718929557194,0.029167676312104308,0.0006396852111082156,57.64206356151163,0.39096750717058965,-7.6862856535764505
1772919242.2492316,1.12500348869144,-1.4749661418844806,0.8038841852527282,0.013126854731154384,0.0253663735270086,0.0029979999340091863,56.78808049330103,-0.5315042460727329,-8.384158847906514
1772919242.2804923,1.1254933813650676,-1.4739556328307652,0.8038988641832836,0.013115595930645553,0.025387378612554613,0.002955462878223752,57.2931967695948,0.3398085069592212,-7.6624897644065895
1772919242.3268762,1.0756480096689407,-1.5049925248047533,0.823258459522069,0.00010780065196122782,0.017107490213614615,0.00792191865046423,57.091374434591714,0.3208233811657581,-7.680775559097943
1772919242.4278524,1.0506790016684238,-1.5258043354415867,0.8381736902855792,-0.0063668108276866905,0.011291157762905932,0.011554023662257398,56.91646331593261,0.4028053430200938,-7.644830936588403
1772919242.469984,1.0789561375122951,-1.5139390532343917,0.8315767518288261,0.0010512793498794167,0.01427100978333667,0.009728287912784985,56.68771185059555,0.11508308652755415,-7.874000078616125
1772919242.5635576,1.052252780393255,-1.5365863189553717,0.8462226237790045,-0.005660390936953912,0.008122110696469627,0.013159107399156255,56.437188645298384,0.35549316920467267,-7.5949816919159785
1772919242.606986,1.052144541697465,-1.5364310069497804,0.846474253858713,-0.005660390936953912,0.008122110696469627,0.013159107399156255,56.38710276999399,0.34881474026302556,-7.595289530107875
1772919242.6401467,0.9909115113761109,-1.5745662549559216,0.872182899694412,-0.021503058908633004,-0.0018631950257190603,0.019693693065914477,55.85651244402454,-0.04567206851712002,-7.899093780484837
1772919242.6781516,1.0212390757139815,-1.5624874684969985,0.8652088777584723,-0.013381376754342722,0.001305455489081383,0.017708316930199558,56.14827682180196,0.29137296530677625,-7.622324736986413
1772919242.7212691,1.0207131433289423,-1.562432028025692,0.8658956504005708,-0.013380212281640652,0.0013064958075660513,0.017707042480524755,56.112548478070096,0.39664605992704693,-7.536372673875857
1772919242.7726753,1.0495863723083412,-1.5495361784057538,0.8562815996105277,-0.005696237702339376,0.0046238639314997885,0.01494365112962146,56.00951475017128,0.37283210750059914,-7.540603513935445
1772919242.8007727,0.9850392702676893,-1.587818006265726,0.8809072479119109,-0.022392122828356266,-0.00533337801653297,0.021211548827595315,55.52235546795877,-0.14153430282586565,-7.939784538424998
1772919242.842718,1.0151959870007128,-1.574748597121789,0.870684125002297,-0.01431632960704793,-0.0018863118464735142,0.018346309212721783,55.862688810795355,0.33687365168506184,-7.548331988131281
1772919242.8875773,0.9499776047886229,-1.6119745789797675,0.8937590513777522,-0.03119332514844851,-0.011587037018020755,0.024161431868217693,55.60405762220147,0.1359589538265549,-7.65706630770379
1772919242.9276292,0.9485657443132004,-1.6124990270632964,0.8948526369612708,-0.03119332514844851,-0.011587037018020755,0.024161431868217693,55.60405762220147,0.1359589538265549,-7.65706630770379
1772919242.9475427,0.9253071602414044,-1.6303952495324696,0.9039635396605654,-0.03715688684048141,-0.01622174600696801,0.026457682252390036,55.60186396964137,0.05741161240279573,-7.733503272085387
1772919242.9630814,0.9245714205993707,-1.630718165665343,0.9044902299223597,-0.037152299727662694,-0.0162239194611456,0.026463457564504786,55.8428255869992,0.3709987076649314,-7.497223325412891
1772919242.9772673,0.9241217101689456,-1.6309145482811576,0.904810557142454,-0.037152299727662694,-0.0162239194611456,0.026463457564504786,55.8428255869992,0.3709987076649314,-7.497223325412891
1772919242.9988904,0.9233230617216561,-1.631263356144632,0.9053795266853188,-0.03715147588061655,-0.01622431203116867,0.026464387940695576,55.88036634958198,0.4175341646318439,-7.44337364436172
1772919243.0256236,0.9580737744403589,-1.6144718528076796,0.8929469766950242,-0.027848852808773302,-0.011740507964699097,0.02305841538385082,55.85459137246012,0.37641566372229635,-7.484811835107634
1772919243.0476024,0.9574040693618276,-1.6147541868004829,0.8935014820454416,-0.027848852808773302,-0.011740507964699097,0.02305841538385082,55.85459137246012,0.37641566372229635,-7.484811835107634
1772919243.0695379,0.8968272283684741,-1.6499546324773657,0.9184094629803166,-0.043538193330874254,-0.020876153861051225,0.02943991905073805,55.640436429729746,0.15172999762875797,-7.693363480024931
1772919243.1011066,0.8952545692473419,-1.650708707721927,0.9194728731422559,-0.043538193330874254,-0.020876153861051225,0.02943991905073805,55.640436429729746,0.15172999762875797,-7.693363480024931
1772919243.147851,0.9309460705058663,-1.6327475201043795,0.9058960999299387,-0.0334306886481954,-0.015825877191621335,0.025369727741223095,55.86354950587347,0.440706533802709,-7.4799694086820026
1772919243.2272007,0.8663018397174265,-1.6716193402372606,0.9349404849461098,-0.04986571670263755,-0.025739888809611075,0.03260248604266681,55.20984462031323,-0.3632105110078701,-8.115457935607004
1772919243.2656686,0.9044682546767057,-1.6516690426294383,0.9194241757864254,-0.039385962316141596,-0.02030096298642892,0.028261254807414062,55.80994798998103,0.39260228219543236,-7.532052632423723
1772919243.299381,0.8463642094263867,-1.6856437207642108,0.9432853372506694,-0.05430665256678751,-0.029016819981012975,0.03427612484102841,55.121882399424166,-0.4414369826645801,-8.188615840315373
1772919243.3571827,0.8426742748410623,-1.6877453548767969,0.9458139983853017,-0.05427304596328221,-0.029060527592874422,0.03435784111770221,55.82643328092996,0.43893697462511166,-7.51762003695011
1772919243.4092114,0.8837686649606814,-1.6665642759841564,0.9291261404373916,-0.04274390000379842,-0.023126804339374637,0.02952189042039376,55.85938737107764,0.4915780461436661,-7.489411544912281
1772919243.5070822,0.8251202141565895,-1.6993772213042915,0.950232794860856,-0.056998904459844006,-0.03111739978190228,0.03433719508275982,55.83650652174364,0.49294949680499317,-7.502234390683548
1772919243.5378282,0.8215450196115824,-1.7062475809522155,0.9527117121408292,-0.057778381669162195,-0.03278342327620211,0.034811581406853025,54.853165265875205,-0.878222668884772,-8.593618781610099
1772919243.5773132,0.819040644681331,-1.7076685619663752,0.9542206026503788,-0.057778381669162195,-0.03278342327620211,0.034811581406853025,54.853165265875205,-0.878222668884772,-8.593618781610099
1772919243.7131119,0.8390546515953571,-1.7034872109861352,0.945244833812251,-0.050704594216087064,-0.03044875740755083,0.03102766300689835,53.68541123703897,-2.4666360463913626,-9.823162211977337
1772919243.7772954,0.8360065319876037,-1.705328735853693,0.9471304048414655,-0.05040919958009216,-0.03057056934346413,0.03137688013224118,55.81608502081389,0.488649211419061,-7.528000128093354
1772919243.8029156,0.7888717133822396,-1.7310361238154641,0.9634123004033188,-0.06239366566814284,-0.03708371399554418,0.03542290504509238,55.82736529756566,0.5114650206737261,-7.508980241149948
1772919243.8318233,0.8300106398570813,-1.7106134627460083,0.9477456469238026,-0.051180217806812145,-0.03147493554996239,0.03106973658007373,55.715279127912844,0.323199691370539,-7.663927879520926
1772919243.861982,0.8286548792389546,-1.711429300111447,0.948534747553215,-0.05117568251916499,-0.031472410155861115,0.031067509500284484,55.86360813434303,0.5478586855385107,-7.4805148201024965
1772919243.9313903,0.8227767628339954,-1.7171428688618449,0.9500412814216309,-0.05154920481042967,-0.032272069330359206,0.030808677848296606,55.654717804448595,0.2379910412241751,-7.732750079946622
1772919243.9695609,0.7735063514387797,-1.7450429363490216,0.9721364725132319,-0.0641167785447434,-0.039371339915028426,0.0363997209829123,55.80680544433005,0.4717989022666926,-7.54199479889018
1772919244.0498815,0.7683996994076783,-1.7481787104397921,0.9750355687140679,-0.0641167785447434,-0.039371339915028426,0.0363997209829123,55.80680544433006,0.4717989022666929,-7.5419947988901805
1772919244.1516945,0.806884974897883,-1.7324597307003111,0.9633840738899551,-0.052365885881801195,-0.034204561643675274,0.03237239916474767,55.84087520213806,0.5198380420911519,-7.502991319778696
1772919244.1766589,0.8057243942580915,-1.7332178034678722,0.9641015405975558,-0.052365885881801195,-0.034204561643675274,0.03237239916474767,55.84087520213806,0.5198380420911519,-7.502991319778696
1772919244.2872002,0.7998607915604983,-1.7378391689089348,0.9654926049966948,-0.05208317389421749,-0.034243059766842214,0.031660748195626955,55.831978324173434,0.5078956813533223,-7.512664074232802
1772919244.3338573,0.8418972901099376,-1.7177554155607155,0.9522149459508719,-0.040612395886139345,-0.028627934921478082,0.02781195771880143,55.20438096323111,-0.39621024628428253,-8.239684189729385
1772919244.3580742,0.8409110052233482,-1.7184506540200886,0.9528903681456476,-0.040612395886139345,-0.028627934921478082,0.02781195771880143,55.20438096323111,-0.39621024628428253,-8.239684189729385
1772919244.3965087,0.7882812945050699,-1.745365909381337,0.9704806503645304,-0.05373994938875043,-0.03526993565650645,0.03206885385676512,55.49850190152591,0.07213623455079689,-7.861795768783557
1772919244.4375834,0.7868558219408492,-1.7463399583857875,0.9713938686776422,-0.05371282651403738,-0.035289971919379985,0.03211475650148545,55.865072623856314,0.5541687641969524,-7.475057960893278
1772919244.459364,0.8318685771570616,-1.7240650833964621,0.9562061232853489,-0.04161110284240355,-0.029242514940739782,0.02793615647840927,55.638123095445,0.23633608122777106,-7.732348900024649
1772919244.4942746,0.7823455848890607,-1.7487964182553708,0.9713967164545992,-0.054159890439695435,-0.035432972924331896,0.031648754343123565,55.82662888504459,0.5041537337901533,-7.515406123491994
1772919244.5224376,0.780924074741264,-1.7497264114693458,0.9722273869950792,-0.054159890439695435,-0.035432972924331896,0.031648754343123565,55.82662888504459,0.5041537337901533,-7.515406123491994
1772919244.5614913,0.8248313059012428,-1.7286137414560412,0.956993368342728,-0.0421954021330765,-0.029590544257321917,0.027374467035466848,55.688623785060145,0.28628619367442987,-7.693704377647832
1772919244.5890157,0.8237445239435208,-1.7293576823917753,0.9576645929758062,-0.042187609512123296,-0.029588923387704226,0.027375775790675055,55.869672023701895,0.5572938414244221,-7.4727701451246435
1772919244.6553643,0.7693202440509965,-1.758705737690279,0.9805741571833555,-0.05552331021219799,-0.03666653312072519,0.032833113143618364,55.864581736682275,0.5511341872709524,-7.477705269279579
1772919244.6836064,0.7712470530390456,-1.7595349459936016,0.9801933131022192,-0.05468449104742331,-0.03664274176602309,0.03250183472279396,55.34953429098009,-0.20565853170224413,-8.089458620142857
1772919244.707519,0.7696132240536956,-1.760634562872841,0.9811730583755807,-0.05466048556519921,-0.036652983809494125,0.032533463136176353,55.838247309162895,0.512277989614141,-7.509434078976818
1772919244.737859,0.8127224749769789,-1.7387081306211953,0.9648443923832848,-0.043023240322467717,-0.03065605492298935,0.02801461748793527,55.388331968067476,-0.14281298245470048,-8.03866312853071
1772919244.7751942,0.8111840182840073,-1.739741374100444,0.965733172106068,-0.042994601380625344,-0.030651438106184238,0.02802175504139868,55.858241553955175,0.5415981254273355,-7.48550783257306
1772919244.819781,0.7635676625225646,-1.7644752605866023,0.9827130593316243,-0.0548777459859549,-0.036709902319869425,0.03208373840760874,55.65457432956592,0.23322594284637313,-7.737084707943687
1772919244.842473,0.8076570143385768,-1.7422013455781407,0.9671628563436703,-0.04313298468151271,-0.030707082817518022,0.027833281269055446,55.00093787799457,-0.7356599157932231,-8.511590366366288
1772919244.8713503,0.8061924654267546,-1.7431356699238136,0.967906340166995,-0.04308270210493679,-0.030698456467115165,0.0278451452540958,55.87689230034918,0.511849547630186,-7.514005092635459
1772919244.9334595,0.7566248990380622,-1.7695640940617985,0.9853534230688048,-0.05526108607323347,-0.03705318700387951,0.0319094442958373,55.73220909994082,0.3105761331847873,-7.781853081061059
1772919244.969197,0.8021184462707711,-1.7464263380833072,0.9679725785148592,-0.04294331361429114,-0.03071493604704906,0.027121701072467162,55.666443885400795,0.2933424517252523,-7.7591722399055625
1772919245.003294,0.7637140328454965,-1.7636403743446365,0.9762687845277045,-0.05259824929209078,-0.03494281440830208,0.029059141341397636,55.62957721671148,0.42430267307851843,-7.555200002238789
1772919245.0780916,0.8047034991814848,-1.7440926821928149,0.9635025027478301,-0.04093988065169095,-0.029185920797046353,0.025182565975561594,55.78656758598534,0.5162131597235479,-7.462785197751356
1772919245.1208181,0.81964397489893,-1.731150074827624,0.9523622194907424,-0.03682361057885615,-0.025642849399873963,0.022136104659376758,55.65613272921339,0.47279168087214496,-7.4574760724857265
1772919245.1493464,0.8178673951932374,-1.73238723123689,0.9534301906560555,-0.03682361057885615,-0.025642849399873963,0.022136104659376758,55.825290273251575,0.494931066563368,-7.456047557324044
1772919245.1763155,0.7959878177938993,-1.7326970668370194,0.94984479857075,-0.04227548459126947,-0.025507943652509912,0.021016084119193614,55.73057308239513,0.53759618782903,-7.409991195208727
1772919245.24509,0.8384584555008926,-1.7128171123116451,0.9364747647075294,-0.03043726348223629,-0.019841643098263573,0.017108967887595024,55.5007773779593,-0.3129938532340649,-8.135986337208013
1772919245.2917933,0.8370838453362766,-1.7136982366699602,0.9371229475006301,-0.030411397078052314,-0.01983644502911142,0.017120843892607287,55.88704026523113,0.5252202589345174,-7.4383855941851245
1772919245.352813,0.8534501751392107,-1.6986813957118156,0.9258697692506135,-0.025958010387353583,-0.01579899461101174,0.014084773057683563,56.011133924801605,0.5558736733825395,-7.421322087349637
1772919245.3745542,0.8518231516471646,-1.6996716617221626,0.9267525894784748,-0.025958010387353583,-0.01579899461101174,0.014084773057683563,56.34815271032572,0.5997600418946847,-7.417923365626924
1772919245.4117754,0.83746175312944,-1.694671172267536,0.921434243122336,-0.029544912289804496,-0.014365557248822793,0.012583590447957498,56.36754537371328,0.6131021897954801,-7.398050711144437
1772919245.4457152,0.8363921273127652,-1.6951912540587268,0.9218898116844482,-0.029544912289804496,-0.014365557248822793,0.012583590447957498,56.629416520287705,0.6470955658970847,-7.395170888485288
1772919245.4837117,0.8655308960246957,-1.6859095077026298,0.9145134986058275,-0.02170295952074744,-0.011825361253966061,0.01055585807847281,56.80945593293443,0.5437582970188479,-7.4669914613445245
1772919245.56335,0.853309154175096,-1.6788428894021092,0.9073870495593234,-0.024339273792007426,-0.00974469842312244,0.008485340225003425,57.79161284540482,0.6329553041323208,-7.426510402519967
1772919245.6107671,0.8692396722807668,-1.677116950427105,0.9021704383506209,-0.019864715148637465,-0.009145187055247453,0.006997665509323849,58.212295091579804,0.6355700193101856,-7.409899753336086
1772919245.6485465,0.8685362351479122,-1.6774392344226294,0.9024184836109856,-0.01986450676270961,-0.0091457486514993,0.006997500918253552,58.58349449031169,0.6565893332982933,-7.429049822332447
1772919245.6890578,0.8679866239893508,-1.6776922789896205,0.9026120904612668,-0.01986450676270961,-0.0091457486514993,0.006997500918253552,58.800823701283946,0.6849207103354377,-7.426505629542804
1772919245.7256925,0.8671659967896743,-1.6766076300621724,0.8957882417526454,-0.01987166582379386,-0.008801753892153128,0.00516213538019723,59.376417889628364,0.7054156457348097,-7.40320796830408
1772919245.7435231,0.8667606336220263,-1.676785397832705,0.8958936412255797,-0.019871670873430464,-0.008801695261914847,0.005162143190915026,59.57392459243209,0.7183421438195131,-7.405230830543502
1772919245.760992,0.8664635940471456,-1.6769169646161668,0.8959708043805389,-0.019871670873430464,-0.008801695261914847,0.005162143190915026,59.68163450095133,0.7323387970713452,-7.403867304413566
1772919245.8018188,0.861122784392779,-1.6677713596925419,0.8874725688163783,-0.021000400363916188,-0.006308464614216811,0.0028838654584469963,60.23429922726267,0.8048019957557291,-7.379025585974323
1772919245.8357959,0.8605743490564786,-1.6679394110945474,0.8875477236617637,-0.02099954026054256,-0.006311285399683405,0.0028835956679754524,60.62354913851132,0.8042158592292598,-7.376692906254795
1772919245.8590846,0.8656494049040341,-1.6742023804105437,0.8875169583886345,-0.019572423512243333,-0.007921762595637096,0.0028621433943576136,60.93265136828423,0.8243618320808355,-7.3900508420325455
1772919245.8918226,0.8616621788657991,-1.6643691133478786,0.8797216078410452,-0.020424318838642878,-0.005258084313485126,0.0007867605504232734,61.32684916755027,1.0041862115644302,-7.227342178346714
1772919245.9312823,0.8686716707829151,-1.6681595775781952,0.8762876527724793,-0.01837492053326367,-0.006194338582563064,-0.00012094138412206896,61.59230140854296,0.838459262888998,-7.38468074285503
1772919245.960132,0.8647361169921224,-1.6610856742465274,0.8726540652069034,-0.01924438132282825,-0.0042841707838221915,-0.001074209207101104,62.19255003367679,0.9400178746586694,-7.330470604462773
1772919246.0272079,0.8633857984903085,-1.6614008395869058,0.8725760711615976,-0.019242241109602886,-0.004290933101081528,-0.00107532044972988,62.62880076874675,0.9204326461717564,-7.337871943055599
1772919246.0776968,0.8696249870173902,-1.6578725721392882,0.8643587612075464,-0.017432886333014656,-0.0033198907753622343,-0.0032121996789306207,63.47534638140918,1.054728721226498,-7.249201476648844
1772919246.11508,0.8688474037287897,-1.6580081715578416,0.8642059820469863,-0.017434005383423993,-0.0033159962363184144,-0.0032154369681691693,63.51304639275892,0.9820592849013947,-7.255232382715082
1772919246.1691744,0.878747454810617,-1.6608551973711332,0.8595010074424899,-0.014657993163819074,-0.004027498359392781,-0.004412186743554045,63.791286200299446,0.8875202450484887,-7.372123360420775
1772919246.1905947,0.8786415118310997,-1.660884306756806,0.8594691176602683,-0.014657993163819074,-0.004027498359392781,-0.004412186743554045,63.810775168316496,0.8900414229613318,-7.371821056709958
1772919246.2420413,0.8934259082162361,-1.6497485532772893,0.8484833166405364,-0.010439211943378877,-0.0010603136029075006,-0.0071571435951528276,64.2474724164692,0.808895175623345,-7.452732157559487
1772919246.2856512,0.890958728696359,-1.6427614259471461,0.8446705174984945,-0.011002731920132713,0.0007754904748116167,-0.008095837639914803,64.98266685067956,1.1174610448314757,-7.2499703357607554
1772919246.326345,0.8905127741782383,-1.6426624068647318,0.8443628167573493,-0.011010995882066043,0.0008035707173845564,-0.008095676833704317,64.34687128320948,1.0465215220353081,-7.182083100962625
1772919246.3630707,0.916821915744003,-1.632231924572328,0.8389913564474377,-0.004025874700124036,0.0035202213050712075,-0.009411167365129071,63.629018042293666,0.9878685777899665,-7.227930281227644
1772919246.3933604,0.912876736229512,-1.6267388473315074,0.8348115739972582,-0.005029517552718845,0.004931218442149124,-0.010432086780283019,63.888933501827935,1.1136905107623396,-7.140321306197701
1772919246.5062723,0.9448206116668381,-1.611458461947976,0.8287664444431829,0.0033822568704654403,0.008742191409126214,-0.01169564467975184,64.38169620070563,1.0501151001188975,-7.231750775438278
1772919246.5553522,0.9681509608291402,-1.5942252448741938,0.8197656101678441,0.009378151655079454,0.013077040057566833,-0.013853866892791897,64.39818819854277,1.0574632521888763,-7.234962395100841
1772919246.5942774,0.9683425170464753,-1.5939581359150405,0.8194826339018321,0.009378151655079454,0.013077040057566833,-0.013853866892791897,64.39818819854277,1.0574632521888763,-7.234962395100841
1772919246.631237,0.9926580493318072,-1.5688204396947278,0.8084435887438304,0.01567509971911695,0.01953822838137323,-0.016603206586954064,64.35943779345311,1.018881324992012,-7.2569916756584565
1772919246.6525908,0.9930825070293196,-1.5683026819592494,0.8079970634337645,0.015680263863682313,0.01953291902363861,-0.01660327856121691,63.740065026389274,1.0078978544952573,-7.2088248689658885
1772919246.684853,0.9834627327471872,-1.5679876121426928,0.8059551151597791,0.01308471597091136,0.01953723567097329,-0.017071757215128144,64.29289260036582,1.0524912361994252,-7.222710714128349
1772919246.745525,1.014770918589849,-1.5459070867347469,0.7946426139985391,0.021102253510810236,0.025030990226321263,-0.01977197606746046,63.88465435313797,0.5196303526544545,-7.655036428496589
1772919246.797851,1.016356392532904,-1.5439531625930387,0.7930653090806785,0.02107581849924236,0.02504796527071657,-0.019808698577896078,64.36938386589388,1.034783564587567,-7.245992761015517
1772919246.8567047,1.039635079943825,-1.5252491577539558,0.7847201715596547,0.026932255833741946,0.02962035617527065,-0.021717950987496244,64.15909523337416,0.7084256301309775,-7.515173331252881
1772919246.9455786,1.057822621724413,-1.5080853626500212,0.7744929925875579,0.031045355346682568,0.03342209349733806,-0.023904489350577738,64.38668460550602,1.0410728599292787,-7.244054341861948
1772919246.9761302,1.0587903538902483,-1.5070435438476353,0.773747852356625,0.031045355346682568,0.03342209349733806,-0.023904489350577738,64.38668460550603,1.0410728599292791,-7.244054341861951
1772919247.0299208,1.045976845456522,-1.5084986375914666,0.7719825285617822,0.0274671098255702,0.03281314694502864,-0.02420697852266517,64.40298523313136,1.0536664870948418,-7.234521730209492
1772919247.0560153,1.0476208409010015,-1.506534389819927,0.7705336007963133,0.027467352568580194,0.03281297859080144,-0.02420697163754671,64.39176477299635,1.0532866890661308,-7.233808569957182
1772919247.0822413,1.035057648903342,-1.5079133405989393,0.7690571677985285,0.0240049877509645,0.03225628957837004,-0.024451337881280663,64.42681639379741,1.0550327785970177,-7.235568899485437
1772919247.097811,1.0355144431872938,-1.5072995311334338,0.7685918798552472,0.0240049877509645,0.03225628957837004,-0.024451337881280663,64.42681639379741,1.0550327785970177,-7.235568899485437
1772919247.121433,1.035938515906596,-1.5067253357320682,0.7681587270778005,0.024005049847735802,0.03225674784633533,-0.02445132261273735,64.3843363977923,1.0521040070197132,-7.234159228065822
1772919247.1484876,1.0663205094580497,-1.4907781844903722,0.7608716112036539,0.03179702508686376,0.036223753184786114,-0.026202495884794914,64.38038909969222,1.0343293007121412,-7.249606079351326
1772919247.1686184,1.0524755529516148,-1.49260863314607,0.7599820136665351,0.02796351363310805,0.035516443650394705,-0.02627092921776823,64.43438994317086,1.0170221603248988,-7.270173394489365
1772919247.1939735,1.0533237251434056,-1.491523836484224,0.7591875143137523,0.027963288464116387,0.035516737196061715,-0.026270590119890247,64.34830711884453,1.0455168095006577,-7.26044900161296
1772919247.2283764,1.0855147029857852,-1.4723334474620815,0.7502639254929433,0.0361401803645754,0.04021703647994345,-0.028358750767677708,64.09932595118826,0.6956950933815225,-7.546825279652329
1772919247.2591534,1.0865618154237533,-1.471143918331083,0.7493631468678731,0.036131375981165406,0.04022156889263222,-0.028388905058224664,64.16579537873733,1.0125152453402528,-7.2913429138510635
1772919247.2887926,1.0876059675624785,-1.4699820105479486,0.7485423303435315,0.03613136007944586,0.040221088645762966,-0.028389685490337966,64.10366258652448,1.0264501262656354,-7.269870415672478
1772919247.330861,1.1217585599308093,-1.4496574022966087,0.7402058432773282,0.04462297630465178,0.04505310324115093,-0.03022898499928598,63.96323519658194,0.9232778387180854,-7.353058167783502
1772919247.3504264,1.1225299677941931,-1.4488714456309708,0.7396716971699241,0.0446198362739276,0.04505517683521411,-0.030234716650282708,63.99937031985792,1.005056592625868,-7.278139780445533
1772919247.3678975,1.1232632906944575,-1.4481309679486707,0.7391747923859947,0.0446198362739276,0.04505517683521411,-0.030234716650282708,63.97373255520085,1.0017826608972082,-7.278588751066135
1772919247.410377,1.1040078026015872,-1.4521933098370614,0.7386900583559405,0.03910150921737971,0.043466372590768895,-0.030001718968118565,63.887862919750695,0.999690081555645,-7.285749462158305
1772919247.4654906,1.134014893060113,-1.43631874198723,0.7298794875876625,0.046246886136232575,0.046903267753931804,-0.03182580448373901,63.72540227696674,0.9731514727469502,-7.295501266145101
1772919247.5046248,1.135699690877815,-1.4346105408772827,0.7287199880459135,0.04624740961486438,0.0469024406239289,-0.03182624081456091,63.594888876347326,0.9687788547117566,-7.282907074230745
1772919247.542815,1.145053792266011,-1.4278548615946591,0.724970948874578,0.04824700828748868,0.04818524676132763,-0.03246447024624119,63.3877478540382,0.7276449010415578,-7.470234646668415
1772919247.568079,1.1462492868708885,-1.4266092778107913,0.7241148515773291,0.04823183965305917,0.04819990099937965,-0.03248570593066455,63.52866624630842,0.9339350244976151,-7.3068547251627685
1772919247.614016,1.1256208114390658,-1.4352828169725025,0.7258814593087441,0.042326131357012596,0.04538841734281195,-0.03164327738589174,63.25328996474651,0.7716690211902818,-7.423578545005179
1772919247.6675,1.159052990539121,-1.4194956076614265,0.7209675635903564,0.05056470805833794,0.04903573410501263,-0.0325875669006509,63.69187953929094,0.7966672517497203,-7.46368747469758
1772919247.6902046,1.1607054088372268,-1.417792793295062,0.7198460625583312,0.05053478161454411,0.049069670095170645,-0.032609244916786004,64.08760781011098,0.9933230726164662,-7.2978437899960875
1772919247.7122178,1.138248835023915,-1.4280906801018534,0.7224970197391994,0.04446486497123388,0.04616720430696433,-0.031769234086818664,63.97470351672902,0.9093744592798233,-7.361490718313059
1772919247.7371302,1.16930053525076,-1.4130651793760645,0.7195613228260421,0.05220177371073219,0.04973650698498915,-0.03230274240784494,63.967731185895275,0.9326036956070546,-7.339432296674814
1772919247.7760637,1.1710163801894071,-1.4114122052790352,0.7184884202679755,0.052196534640582826,0.04974252029379787,-0.03230704683441344,63.96668821014309,0.9806945445475536,-7.286069120174973
1772919247.8287716,1.149153326816972,-1.4200267706979972,0.719134911506115,0.0459204042778762,0.046942638836300954,-0.03176669490120269,63.867461820901504,0.9609272495527773,-7.285318439288151
1772919247.8558924,1.1817119944373873,-1.4058085116134598,0.7166813891433852,0.05388310000029367,0.0501335736913032,-0.032056439733650584,63.97577093916774,0.9459356003916575,-7.308584930623165
1772919247.8761702,1.1591291943237803,-1.41567812707948,0.7217937073828259,0.047784373350776566,0.04735980333377488,-0.030594645445270317,64.00413810031456,0.9668229260521597,-7.310346125796199
1772919247.911367,1.161059123061032,-1.4137673320212583,0.720558648303474,0.04777795097173808,0.04736474705761803,-0.030596562432607093,63.98636423549256,0.9891014206674242,-7.309198265315081
1772919247.9469392,1.1913727523705888,-1.4012318419540561,0.7177501671254384,0.05523037251052143,0.05019981803686744,-0.031050943851165788,63.85895327911578,0.9761148731869824,-7.318990661760532
1772919247.9740567,1.1929729871221333,-1.399777361571392,0.7168505027349906,0.05523037251052143,0.05019981803686744,-0.031050943851165788,63.68344140229647,0.9535707304962497,-7.321946088926313
1772919248.0274498,1.1688441598762136,-1.409807582957656,0.7238776639780633,0.048340168376733356,0.047028634183104476,-0.028873156844727646,63.61285290420726,0.9360022497608453,-7.381607893270943
1772919248.0596535,1.200273136438512,-1.3960930838004622,0.7208968729032207,0.05600359946125646,0.05008086870696951,-0.02931701636317885,63.47147269456351,0.825870392820531,-7.522045251192314
1772919248.105068,1.1761029391842588,-1.4076952224538966,0.7308651443052444,0.049150120429100344,0.04655894725034848,-0.026423826664991757,63.17377202682214,0.6428174745264403,-7.67308459094128
1772919248.1388025,1.2058978069964732,-1.3938460262302543,0.7272908681448594,0.056438638509528335,0.04973382473658532,-0.02711979061734383,63.16417304867103,0.8800213280644908,-7.475829049103813
1772919248.167058,1.1839086615098156,-1.4036518514205691,0.7372397920946792,0.05025856759004985,0.04680304344717689,-0.024319527807122803,63.135696989509285,0.8926362516247502,-7.489063677822441
1772919248.202743,1.1848711978966329,-1.4027554941527065,0.7367740320950008,0.05025856759004985,0.04680304344717689,-0.024319527807122803,62.9919644894249,0.873740826894357,-7.49127916278656
1772919248.273689,1.215958009810224,-1.3883651732071478,0.729927123868045,0.05751573700420242,0.04975664642396872,-0.025675781789173357,62.536548018370496,0.9499040966240351,-7.424559253398974
1772919248.3537593,1.2223976270661747,-1.383577895745301,0.732644344643567,0.05773558469799323,0.049750961323619856,-0.024362674842183792,61.950158022019174,0.8871665700413165,-7.436967781156862
1772919248.3762176,1.223377106203779,-1.3827338750439062,0.7322310339986852,0.05773558469799323,0.049750961323619856,-0.024362674842183792,61.82282210619059,0.8705447122536858,-7.438920901400057
1772919248.436022,1.2310099812672957,-1.3746118464364028,0.7328511765169092,0.05879891849625446,0.05105565625032028,-0.023823516415490666,61.69541828589935,0.8086492832398068,-7.493271772211977
1772919248.4612067,1.232388612513378,-1.3734084228960697,0.7322798034313627,0.0587963332893367,0.05105778997632247,-0.023830708683536532,61.59637926373113,0.906998641307962,-7.438036296037076
1772919248.4871895,1.2120876162816179,-1.376537038517776,0.7372078443793835,0.052563448620907595,0.049405656936974185,-0.022165570751130508,61.31398654077909,0.873861549273515,-7.43772276380734
1772919248.5513783,1.2133761177170836,-1.375325908861414,0.7366645213034356,0.05256369662188346,0.049405090764737536,-0.022166242499603764,61.13135422832933,0.8748756773787921,-7.455369443561919
1772919248.9934704,1.271923120011715,-1.2846376397164256,0.6968211535845596,0.061453801590794825,0.06655096737197162,-0.029770684844911594,58.81141875898492,0.6298284600305313,-7.324483965953679
1772919249.3336842,1.2796721662590727,-1.2414885625439753,0.6755764725652116,0.058209159685604965,0.0716623356503526,-0.032605974417906546,58.87639205010031,0.6563115990489199,-7.289963972613957
1772919249.3890545,1.2854438934472001,-1.2340505720551516,0.670311702513578,0.058830212550106765,0.07258319147196253,-0.03350738515648486,58.96620550780325,0.5671643018911955,-7.387022926440397
1772919249.4127371,1.287016372295353,-1.2321000706683032,0.6694256120082268,0.05883063550790972,0.07258097360520256,-0.03351088425294617,58.880216925060026,0.6629497665890565,-7.291819384371212
1772919249.4462001,1.311332620732659,-1.227756180368976,0.6664054738207495,0.06495216653722861,0.07337771972752895,-0.034145376236334804,58.89011390530533,0.6576475009806626,-7.297491030426457
1772919249.4703777,1.3137827987707043,-1.2249886642570067,0.6651170961755422,0.06495243843402561,0.07337717514020001,-0.03414601227520329,58.875925413798164,0.6683792107718296,-7.286477110275242
1772919249.4999032,1.2935624263495114,-1.2267762839804897,0.6665041870374537,0.05913859422116164,0.07234244579663958,-0.03351307189452236,58.96939315920779,0.5689024431202195,-7.384679519432116
1772919249.5512009,1.3182519363660536,-1.221315096044909,0.6633284198835168,0.06489149693931015,0.07291130363120835,-0.03395333266184839,58.8763725872858,0.6735346852885608,-7.291084375684378
1772919249.578707,1.3205145113217307,-1.2187728941022413,0.6621445673948878,0.06489149693931015,0.07291130363120835,-0.03395333266184839,58.8763725872858,0.6735346852885608,-7.291084375684378
1772919249.708765,1.325246250445233,-1.21420461956276,0.6592581249447398,0.06409693096937769,0.0718419866731574,-0.03363724910829109,59.19596054481603,0.47650725869301064,-7.507175857168014
1772919249.7620823,1.3292120903437028,-1.2097612480756457,0.6571761425083879,0.06410915478507609,0.0718206358995799,-0.03365958997879336,58.886926226485386,0.680028196804806,-7.292219972268097
1772919249.8196664,1.3301356451987136,-1.2115286848131697,0.658391682447607,0.06338086800055019,0.0702676880816178,-0.03284437189860086,58.88801560376439,0.6782563812127335,-7.293853527364573
1772919249.8592756,1.3307883609607485,-1.2127575067845502,0.6593690901639958,0.06270113335656242,0.06900789579975256,-0.03214632817401523,59.04302358215851,0.6155933112574505,-7.374215462883776
1772919249.9655976,1.3567535437855653,-1.2072520096075658,0.6555194756211578,0.06790434614988163,0.06870551482060258,-0.032341348723161745,59.214887536282454,0.635451705462563,-7.3731783312508234
1772919249.9872084,1.3586102935485145,-1.2054547647647629,0.6546245821423914,0.06792207423741145,0.0686760310991337,-0.03235148938889578,58.899317845085996,0.6953642255436325,-7.287255060477692
1772919250.0356948,1.3359917757756503,-1.206092724945372,0.6566731263929522,0.06125939580334688,0.06771084930670677,-0.03144638355238562,58.88781256732787,0.6957733951194204,-7.294325041613503
1772919250.0823622,1.3356170871992816,-1.2071919009688965,0.6564782178213815,0.06015207610549594,0.06636256097920462,-0.030973172243513904,59.35948848210077,0.39067695794374646,-7.615548432583597
1772919250.139989,1.338207412637732,-1.204301418871586,0.6551624412675389,0.06016470401141079,0.06634168550527765,-0.03099490891395903,58.90155562508532,0.6891999305296511,-7.30211417808426
1772919250.1860068,1.33669139359152,-1.2069573903703552,0.6567805822740266,0.05904237282968915,0.06492306777510613,-0.030217742755115136,59.110812752372595,0.5656624205134425,-7.433780212782393
1772919250.2128203,1.3384820718328074,-1.2049478593866088,0.6558846728405106,0.05904585181332968,0.06491965461302271,-0.030221266533759256,58.8915008279366,0.6965984970446608,-7.294560114876049
1772919250.2686985,1.361280630934998,-1.2031131877175814,0.653622001195388,0.06412528525199031,0.06447617234980987,-0.03037249229107107,59.24728456936302,0.6440085476133908,-7.378019467625654
1772919250.2991676,1.3628841485638885,-1.2015676732875673,0.6528555560689905,0.06414561467223309,0.06444544598037559,-0.030381921677396177,58.89686336943392,0.7017886150102808,-7.290495431198815
1772919250.3271284,1.3392187377357345,-1.2034472222201278,0.6559144382618931,0.05760336314202584,0.06360140615045479,-0.02941644826882158,58.89185420859905,0.6927966939458625,-7.297979664923896
1772919250.3620431,1.3613999143342446,-1.2030009810660431,0.6558419429973897,0.06271327363213978,0.06298099457926776,-0.02909597761217286,58.89009555655995,0.7044875373166318,-7.28740334462427
1772919250.4067333,1.3403475293397273,-1.2023194589993247,0.6556449137252975,0.056461309277511806,0.062395701060385396,-0.028795141773685563,58.89396330023405,0.6989388863758275,-7.292730507352466
1772919250.4317045,1.3611485775330523,-1.2021910715828124,0.6565113395272044,0.061552290739982925,0.062050485454225666,-0.028391163665285664,59.147535370244285,0.7159202148009122,-7.303402675823488
1772919250.4609761,1.3631639188623865,-1.2002096237927935,0.6555868175913245,0.06156294003097824,0.06203366093797858,-0.028391035407464762,58.90004589389318,0.7059129215700467,-7.287145342147595
1772919250.487637,1.3645589045153306,-1.1988043535869821,0.6549435340769072,0.06156358393268929,0.0620329874075769,-0.028391015270409874,58.87933450027531,0.7050786335022852,-7.285782874114923
1772919250.5044844,1.3656160217100823,-1.197739176197341,0.6544560278516097,0.06156358393268929,0.0620329874075769,-0.028391015270409874,58.87933450027531,0.7050786335022852,-7.285782874114923
1772919250.550627,1.3879407590836608,-1.1976625817529452,0.6531376160690049,0.06670307713895192,0.061348774833780026,-0.028414005882834912,58.897565896685364,0.703375762039346,-7.289150533439327
1772919250.5926495,1.3615398427074776,-1.198433518777449,0.6554256202489888,0.05897625191931363,0.060402375242143154,-0.02745826306061008,59.10434589957371,0.5407422720862377,-7.455381728430321
1772919250.6239843,1.3631586070926174,-1.1967300093227908,0.6547015655955037,0.058977261696601675,0.060401570668502894,-0.027459307077805646,58.892231100800934,0.6942811381043247,-7.296697666001869
1772919250.6397202,1.3838578366016192,-1.197799469028123,0.6536254997753471,0.06411688273435073,0.05983684789428055,-0.02761132283269664,58.907526711500466,0.7000503643557473,-7.293125320550699
1772919250.657454,1.3851786358032445,-1.196568030191827,0.6530565698238587,0.0641173838328015,0.05983609616497304,-0.027611552430828207,58.88186487483277,0.7042780327335431,-7.2867525034622425
1772919250.6888292,1.3585104985651508,-1.2006490951747157,0.6575559752352915,0.05681295852791451,0.0584436366812136,-0.026287954612536277,58.88167876431742,0.6986739916201444,-7.291720320671254
1772919250.7111053,1.3600440799058386,-1.199071496101923,0.656846370987894,0.05681295852791451,0.0584436366812136,-0.026287954612536277,58.88167876431742,0.6986739916201444,-7.291720320671254
1772919250.7438943,1.361807093968504,-1.1972578500317452,0.6560306423270061,0.0568129679585748,0.05844351059847306,-0.026288208327974173,58.87783052895199,0.7044531073949326,-7.286186630660303
1772919250.7823877,1.3858540906367898,-1.1959735246521634,0.6531666443145314,0.06217792292898014,0.0578939418745704,-0.02663337771266477,58.89628735716492,0.7010823043540239,-7.291063006962544
1772919250.8305762,1.3578803777670005,-1.1997288494577523,0.6565657400063658,0.05453554161031282,0.05658099485497444,-0.025596762393035388,58.887518613123184,0.6944133047663256,-7.296102926975623
1772919250.8588722,1.3598062374130098,-1.1977307569935596,0.6556618199148871,0.05453554161031282,0.05658099485497444,-0.025596762393035388,58.887518613123184,0.6944133047663256,-7.296102926975623
1772919250.908572,1.3560901908037235,-1.2023806392561638,0.6567897720316942,0.052803578019065656,0.05462545787415418,-0.02496215315093894,58.93599861176802,0.6464553973012707,-7.343738398823022
1772919250.9282796,1.3572571934113256,-1.2011682849505525,0.6562426377075312,0.05280360880362585,0.054625082057905554,-0.024962671265967212,58.8852678757289,0.6971910164436839,-7.293402679826443
1772919250.9442644,1.3787030414712556,-1.202446283926799,0.6534330595328166,0.05813742313170251,0.05402647541639146,-0.025571313719505304,59.07974471418431,0.6403367673524735,-7.363999878381702
1772919250.9890118,1.3548851096304535,-1.2045843139773382,0.6556192006995977,0.05143852892136831,0.05302865966169838,-0.0247953569700208,58.9631524654039,0.6372792099095016,-7.354705749108385
1772919251.0338054,1.3574275610517044,-1.2019552322092615,0.6543992937614564,0.05143909776321823,0.05302749386781444,-0.024796772101831715,58.884084737392996,0.6997647935001331,-7.29099326098736
1772919251.0724528,1.3798853631124186,-1.2012403151362872,0.6510323713581045,0.05666995635222416,0.0525762054237035,-0.02537479152750362,58.952962205119434,0.6813820967342812,-7.314382261172707
1772919251.123647,1.3563074826657135,-1.2023900842282877,0.6525640727946246,0.04981324594107068,0.05155995481451467,-0.024639936145454667,58.88810386905992,0.6981034462689538,-7.292877056259344
1772919251.1442125,1.3572057306778416,-1.2014603390160936,0.6521197577687016,0.04981324594107068,0.05155995481451467,-0.024639936145454667,58.88810386905992,0.6981034462689538,-7.292877056259344
1772919251.1607249,1.3782677111368837,-1.2018780470017782,0.6476988180913773,0.05504720860226112,0.05119372576596911,-0.025662381324008474,59.115766882590854,0.5840011283546838,-7.418055012905628
1772919251.1916919,1.3540743994949733,-1.2045060254189073,0.6512305251491665,0.048302300974567676,0.05009152375667996,-0.024539244036607778,58.9499802671427,0.6275095294899843,-7.3620571261423375
1772919251.2142904,1.3549319701988163,-1.2036097772824677,0.6508013708047308,0.04830218685272146,0.05009104937745827,-0.024539883859402995,58.884909086529966,0.6970378975532368,-7.2935036816802254
1772919251.2495344,1.375368188085381,-1.2021945035791561,0.6474588059124285,0.05313152633769465,0.04996185149816526,-0.025160849545688715,59.0685268752158,0.6202138387946264,-7.380814122120918
1772919251.2694197,1.3763815389818157,-1.2012666027289316,0.6469692352190155,0.053137203360711975,0.049950707821270715,-0.02516881123113677,58.8895157327587,0.6996439307682529,-7.291655525098964
1772919251.2890775,1.352036310843504,-1.204864076480817,0.6523446520214431,0.04661223221217738,0.04886179932134993,-0.023688706527226974,58.887324382539276,0.6903220145566328,-7.299725182603309
1772919251.3152592,1.3543472834479209,-1.2024414080978307,0.6511704083859128,0.04661222760643735,0.048861590476867924,-0.023689112750489415,58.8784103595181,0.7035941898559616,-7.287009625367479
1772919251.3668394,1.3754327755135072,-1.2002832255263107,0.6484066698775265,0.05168524140381868,0.04897726185570484,-0.024188325189728917,59.08099486142869,0.6185496562640729,-7.3835861457439025
1772919251.4076803,1.3516762301991807,-1.2024775014000557,0.6532443362176861,0.0449213594134994,0.04785471389100138,-0.022663325714185757,58.88342826202985,0.696819480380189,-7.293547369027807
1772919251.4457822,1.3528313451781675,-1.2012469576775964,0.6526615678565343,0.0449213594134994,0.04785471389100138,-0.022663325714185757,58.88342826202987,0.696819480380189,-7.293547369027809
1772919251.4884,1.3500593949627784,-1.202238467145612,0.6545233351156341,0.04338214338570803,0.0467794868171631,-0.02178311884140045,58.92104756558621,0.6385337735726049,-7.349272380748316
1772919251.5227618,1.3513152139425288,-1.200880065562319,0.6538983543622595,0.0433818265410618,0.04677938500039841,-0.02178315150224828,58.88258612683325,0.6971834897718907,-7.293138561156379
1772919251.5731843,1.3725377230982434,-1.1965106386324789,0.6509870824320895,0.048444791319650723,0.047430358966978094,-0.022315070499829136,58.8822904203834,0.701075090618579,-7.289646441994621
1772919251.607994,1.348450709722963,-1.1994113762432053,0.6552932113800128,0.04167376885953542,0.04619328160082248,-0.020968472621127738,58.88461014890546,0.6932746213462464,-7.296823014721019
1772919251.6430674,1.3496914627141319,-1.1980360638131893,0.6546689171096145,0.04167376885953542,0.04619328160082248,-0.020968472621127738,58.88461014890547,0.6932746213462468,-7.2968230147210225
1772919251.6767137,1.3711160551095065,-1.1938956504977898,0.651239533454325,0.04678988925033827,0.04677215408045053,-0.021633493843565707,58.89211836785737,0.692980062529097,-7.297853775475976
1772919251.6916618,1.3457467680382456,-1.1998695924997926,0.6570706979597457,0.039982199361951624,0.045057053286316776,-0.020033614997253965,58.893720901596495,0.6375105941512794,-7.347384231312972
1772919251.7099159,1.3464670400012086,-1.1990558412753296,0.6567161938372942,0.03998163769732637,0.04505692905959788,-0.020033403092627907,58.87946453843091,0.6966813030500373,-7.293268739211892
1772919251.7312746,1.36704409293215,-1.1965532303538131,0.6530507812829276,0.045179446033406984,0.04548265767965811,-0.02089252869849293,58.893587100547826,0.6913869982484973,-7.299420861365605
1772919251.7511628,1.368257645108868,-1.1953315336957964,0.6524895930456827,0.045179446033406984,0.04548265767965811,-0.02089252869849293,58.893587100547826,0.6913869982484973,-7.299420861365605
1772919251.7810194,1.369649177928741,-1.193931072865063,0.6518457868561192,0.045179603847407004,0.04548228192965962,-0.020893006762400173,58.87901903994397,0.7036899120796365,-7.286986854057931
1772919251.8271084,1.3446863442312942,-1.200565160891891,0.6573496373605497,0.0383113903158743,0.043385777810718645,-0.019285417718612308,58.880555787196435,0.5256177043919534,-7.445592369370012
1772919251.900116,1.36867692492551,-1.1942110912117547,0.6512803448759612,0.043817565086692926,0.04419641033802462,-0.020483729624735186,59.064596908730486,0.4352546297733354,-7.545558360111045
1772919251.928855,1.3429856597940069,-1.1985913873931944,0.6570907682558843,0.03664833857572066,0.0425917930752943,-0.018773556265287258,58.89374039384088,0.668374174193914,-7.319866129858474
1772919251.9856896,1.3652338024399548,-1.1930476376593813,0.6517695845714271,0.0419770422285002,0.043492981031189176,-0.019921217032071836,58.88935819282804,0.6847940365291119,-7.304855313521056
1772919252.0106626,1.3395282601340714,-1.1986775814455797,0.6572209877557729,0.03494343765445792,0.04170940339813386,-0.01835181118836631,58.88304005664272,0.6827838920612586,-7.305996471144322
1772919252.0612009,1.3618567172609792,-1.1927673167719033,0.651658359026785,0.040269926501145886,0.04264308832446467,-0.01952811238936604,59.0116204860579,0.4628276837218744,-7.515348607716305
1772919252.1203532,1.3391302425181626,-1.1977346256613444,0.6563780688211156,0.03381952594986588,0.04080861473585478,-0.018059808333737166,58.89499176977315,0.5828557820178867,-7.396150980126251
1772919252.1568122,1.3594437252694973,-1.1927118413845077,0.6519128577371316,0.03873931620945089,0.04166123978790696,-0.019026038040076618,58.88888158812679,0.6796928993359912,-7.309352033005578
1772919252.207523,1.3377107837286013,-1.1979925228114818,0.6574351768478922,0.0326126558748388,0.03976665493679404,-0.01735558615186423,58.878196054612275,0.6873522972188278,-7.301439686432678
1772919252.2411494,1.3584391214992397,-1.193451805189762,0.6530655885068379,0.03778155643119089,0.040617295742204185,-0.018352489526354338,58.95523291098353,0.5929216278611906,-7.393447708824576
1772919252.2820513,1.3601492604500973,-1.1916359561404362,0.652206295706474,0.03778358365849759,0.04061239101167056,-0.01836284701585394,58.88759139565502,0.6903824365449079,-7.299704131255658
1772919252.3461525,1.336611825290142,-1.1970124124558807,0.6585580492513842,0.03111991816957131,0.038638088414964404,-0.016450953108109633,58.878830100720705,0.6810141482711319,-7.30714010477327
1772919252.3652794,1.337547410388749,-1.1958508020826553,0.6580634699757586,0.03111991816957131,0.038638088414964404,-0.016450953108109633,58.878830100720705,0.6810141482711319,-7.30714010477327
1772919252.4866338,1.3375786089438493,-1.1950563873272417,0.6593817360538099,0.03021541270798287,0.03770763656781129,-0.01563616247459941,58.8888876630134,0.6717698912523195,-7.316404405168491
1772919252.5149248,1.3387019571540175,-1.1936545044595785,0.6588003090215495,0.03021499696115764,0.03770666242502955,-0.015639312291758148,58.87781249261436,0.7039891809487708,-7.286597834487101
1772919252.550066,1.3354470643373912,-1.196463517286712,0.661114880643179,0.02912155790359588,0.036671709060553094,-0.014898018479633656,59.00367296696914,0.3761092968277261,-7.591742902704614
1772919252.5867925,1.357505580873182,-1.1901945563671252,0.654688456330709,0.034703554395977276,0.038047700962901214,-0.01648650468859427,58.91013471944684,0.5690481283550342,-7.410036691937167
1772919252.6211512,1.3344041482492934,-1.1952080434444836,0.6584190883024414,0.0282793263078322,0.036317208555712834,-0.015334363452344749,58.88282531943535,0.6794105209428006,-7.308979696159273
1772919252.6564462,1.3553831646809624,-1.1894158952524052,0.6524847303216481,0.03354994334690161,0.03755909246220936,-0.016770951520953137,58.881194433069545,0.6902214768130517,-7.299195915155017
1772919252.7401671,1.3357592875962703,-1.1923199606370727,0.6561304868865824,0.02768031395754944,0.03588961054412515,-0.015423003963911025,58.87885032362205,0.6926111637310732,-7.296828908808862
1772919252.8005188,1.3348041621295017,-1.19300249473067,0.6537731429263194,0.026960448990655216,0.035133310585789015,-0.015783997672108176,58.88999288626064,0.5601938629380131,-7.4158046192711575
1772919252.8191895,1.3351730654421246,-1.1925185783156724,0.6535746894374302,0.02695870598610133,0.035132860869626845,-0.015782932957485403,58.87848534579069,0.6930557901369966,-7.296395418326512
1772919252.8396733,1.3358189114701575,-1.1916768647108653,0.6531967947229042,0.02695864340222449,0.03513283401050105,-0.015783037176649375,58.87761737726128,0.7032093688432782,-7.2872717762222265
1772919252.8624556,1.35679451660412,-1.186716879736635,0.6471837966379507,0.03231023802951286,0.03624959363139629,-0.01727575874230326,58.88062116054928,0.6960347955955081,-7.293963003631429
1772919252.8837345,1.3572767855221186,-1.1861758112281784,0.6469259352916911,0.03231023802951286,0.03624959363139629,-0.01727575874230326,58.88062116054928,0.6960347955955081,-7.293963003631429
1772919252.903888,1.3336761066829266,-1.1927157610410912,0.6531996454155716,0.025887643729417396,0.03427229949722672,-0.015505899448338613,58.877674080583134,0.6830127132691762,-7.305250386891103
1772919252.92619,1.3340911773126825,-1.1921661913139725,0.6529516553304475,0.025887502150981675,0.03427225347465062,-0.015506043464201088,58.87749158499626,0.702088013588062,-7.288256951287458
1772919252.9494328,1.3552859517076723,-1.1877818460147362,0.6469429804977026,0.031211077348820414,0.0351268785387169,-0.016944327865449235,58.918321017506116,0.6285372258587604,-7.357910441688973
1772919253.0018268,1.3326180044875167,-1.1928148434889037,0.652817284616808,0.02491006941714679,0.03338144872093935,-0.015204309984630642,58.88332527381139,0.6726952438493747,-7.3150072257366885
1772919253.0340958,1.3334014076490797,-1.191764879388465,0.6523395689165605,0.024909815322531264,0.033381271576935836,-0.015204991569659286,58.87788579620387,0.7026761676470934,-7.287773522902779
1772919253.0546422,1.3339471329995007,-1.1910335609947738,0.6520064572798397,0.024909815322531264,0.033381271576935836,-0.015204991569659286,58.87788579620387,0.7026761676470934,-7.287773522902779
1772919253.0791914,1.3558288512046868,-1.1872503826378673,0.646505795895489,0.03046656183377578,0.0341478834630668,-0.016542726587240382,58.888146981291015,0.6897626005991967,-7.3003132084750275
1772919253.0938745,1.3326009488241841,-1.1939270456365358,0.6540376066078621,0.02423482440206548,0.03224390639407444,-0.014492547402331817,58.878776926552696,0.6805273410419065,-7.307571872797727
1772919253.106043,1.3328749662326609,-1.1935624714385682,0.6538737428135335,0.02423482440206548,0.03224390639407444,-0.014492547402331817,58.878776926552696,0.6805273410419065,-7.307571872797727
1772919253.1182926,1.333160346584865,-1.1931826656796336,0.6537038349024155,0.024234709172409177,0.03224386860270464,-0.014492597556472383,58.8776780757972,0.7010034976167789,-7.289240591053561
1772919253.1308002,1.333445144447659,-1.1928037469642931,0.6535335229427772,0.024234709172409177,0.03224386860270464,-0.014492597556472383,58.8776780757972,0.7010034976167789,-7.289240591053561
1772919253.158496,1.3340485685109298,-1.1920008989437385,0.6531726808537319,0.024234687692997185,0.03224385938646903,-0.014492649959435534,58.87748739757728,0.7045691326514198,-7.286048520000083
1772919253.1829097,1.3112572842862265,-1.199665756127994,0.660553560343218,0.018096997468728646,0.030007007982664043,-0.012458116504287024,58.87423385661729,0.6868588038489509,-7.301478736677856
1772919253.1982455,1.3114707142222082,-1.1993119099796066,0.6604071781195362,0.01809689211589917,0.03000697755454122,-0.012458141756023604,58.87695512609117,0.7021458685633277,-7.288151155163849
1772919253.2140448,1.3118433131831926,-1.1986940929208818,0.6601506760282179,0.01809689211589917,0.03000697755454122,-0.012458141756023604,58.87695512609117,0.7021458685633277,-7.288151155163849
1772919253.232136,1.3350836254410274,-1.1930732082496414,0.6556843724678891,0.02410525828578504,0.03135043556343636,-0.01357420465408004,58.882655229958644,0.6920383149330402,-7.29772740868865
1772919253.2498841,1.3355607358810697,-1.1924526954996906,0.6554157010154222,0.02410525828578504,0.03135043556343636,-0.01357420465408004,58.882655229958644,0.6920383149330402,-7.29772740868865
1772919253.2744222,1.312559261306244,-1.199577262723534,0.6637536151567816,0.01791922367221025,0.02929413462136773,-0.011302031230308854,58.867722976539405,0.5662444080948821,-7.4081234333313475
1772919253.3110375,1.3132185644807273,-1.1984988826056808,0.663354320487972,0.017917954801188827,0.029293627408696874,-0.011299721481383633,58.876576716702004,0.692535439794433,-7.29666538583993
1772919253.3251107,1.3134832918265673,-1.1980660798365736,0.6631875393429685,0.017917883472338636,0.02929360984344468,-0.011299823340515335,58.89741800395979,0.6400499506979638,-7.3455131592395935
1772919253.3601925,1.3378298588707749,-1.1909634817617392,0.6591645317232423,0.024085608175630782,0.030848279313989705,-0.012234262594153684,58.87919736387041,0.699351958421212,-7.2908658204202625
1772919253.3824708,1.3144629275371706,-1.1996325525671594,0.6680287613864215,0.0178399703098469,0.028416697564301888,-0.009849256096330208,58.87350525434117,0.6856935968801016,-7.30244087879103
1772919253.4077804,1.3149274477144108,-1.198892633769096,0.6677723047831823,0.0178399703098469,0.028416697564301888,-0.009849256096330208,58.87350525434117,0.6856935968801016,-7.30244087879103
1772919253.4433293,1.3390015332983387,-1.1912944901244955,0.6633892718610299,0.023989361139717485,0.030159248669762904,-0.010910159793053363,58.88650912286152,0.6280621062224847,-7.355065061284817
1772919253.4726572,1.3397869832067544,-1.1903091539121342,0.6630216114775741,0.023989348899081227,0.030158843952237436,-0.010914190072404632,58.87838420608772,0.6971403514700962,-7.292751697613765
1772919253.495545,1.316037702513424,-1.1997822443117796,0.6715014319203965,0.01763999733266177,0.027510226552077903,-0.008634021109631048,58.86800853208003,0.6740596546621098,-7.312231592872006
1772919253.5151122,1.3163047183975023,-1.199365823190763,0.6713707391126673,0.01763999733266177,0.027510226552077903,-0.008634021109631048,58.86800853208003,0.6740596546621098,-7.312231592872006
1772919253.5614007,1.3402589431950458,-1.1928275792069167,0.6670726757643622,0.02367582411474254,0.028891669316712738,-0.009651991273759139,58.903660931157034,0.6371948414505381,-7.34869685883009
1772919253.5930555,1.3410084479150772,-1.1919158701678352,0.6667610646344428,0.023676052204844717,0.028890816615258223,-0.009655023735393793,58.87947670038305,0.6997862334511094,-7.290507781951181
1772919253.6196332,1.3171678390712642,-1.201186124769592,0.6735554908897926,0.01727898411918502,0.026263365204310753,-0.0078114249337881934,58.86872168857478,0.6792210305753394,-7.3077131152506904
1772919253.635968,1.3175351645885678,-1.2006280414937034,0.6733903371251709,0.017278819853199474,0.02626332623674339,-0.007811483462385996,58.87641097071288,0.7018990260995781,-7.2883154973496875
1772919253.6534717,1.3400673235733709,-1.1964786887264414,0.6718140412824606,0.02310953534735087,0.027262755043714438,-0.008197233791594047,58.91211324501037,0.674653648091856,-7.316206980877619
1772919253.678373,1.3175104648938563,-1.206079468432371,0.679190084654269,0.016983663968173274,0.024461924435032284,-0.006186887204393369,58.834589205106475,0.5985817464528305,-7.375935352078118
1772919253.7270296,1.3181244338678455,-1.2051969715838144,0.6789719823631699,0.0169825482042549,0.024461748679011405,-0.0061875142066394025,58.87492696892477,0.6987190933648286,-7.290994482350315
1772919253.7480295,1.3184531118399307,-1.2047235421636373,0.6788522300387705,0.0169825482042549,0.024461748679011405,-0.0061875142066394025,58.87492696892477,0.6987190933648286,-7.290994482350315
1772919253.7749057,1.3419403712358826,-1.2001215425201615,0.6751385597639361,0.02298150063387588,0.025483033701134507,-0.007109579123910016,58.888435654384274,0.6903858821097638,-7.299787055817918
1772919253.8135872,1.319505228375463,-1.2080894900931147,0.6817989417250672,0.016886187595998713,0.02312352985319485,-0.005298177220651926,58.874408077684876,0.6928627200744297,-7.296153700333604
1772919253.8540525,1.3417970757381565,-1.2037669250067586,0.679350272096166,0.02255313317293588,0.024060416036992025,-0.0058912615563298555,58.928978400107454,0.6415338035649188,-7.347439603086204
1772919253.8934386,1.3188339283281438,-1.2105619675896129,0.6851277455025563,0.01630912701620444,0.02203900836862261,-0.004316967782169315,58.86911190809835,0.5023394209871215,-7.465100759494882
1772919253.9244277,1.319398393536671,-1.2097976772445111,0.6850122253201039,0.0163077455253275,0.022038446986866723,-0.004311707957325925,58.8768631420359,0.6909182983539591,-7.298132807657656
1772919253.9597998,1.3201184963120158,-1.2115843019899755,0.6861855104942063,0.016333405868662304,0.02135557663587858,-0.003957319631859644,59.08342145222014,0.36174840398238367,-7.61313556278433
1772919253.9996276,1.320665013865286,-1.210867567776186,0.6860562179324482,0.016334676631858915,0.021353738156326036,-0.003962106917841719,58.89181952450032,0.6809342818328324,-7.308546518488138
1772919254.022503,1.3211446276970988,-1.210240582673732,0.6859398894201708,0.016334779918129313,0.021353585933298697,-0.003962502120583662,58.87854116281439,0.7031968493429998,-7.287377159808253
1772919254.04702,1.343378352013636,-1.206034089419065,0.6837948377309916,0.02205049502804592,0.02232875152463982,-0.0044981080249050995,58.96688049440992,0.6224434734670421,-7.368334051868738
1772919254.0941484,1.3446320907849563,-1.2047770237483608,0.6835277171085687,0.02205241063787229,0.02232523633740217,-0.004503113891967909,58.88277957864842,0.7000888722946487,-7.290573901992298
1772919254.1177385,1.3189345371866816,-1.2126116006742755,0.6892159272945696,0.015253448204947874,0.02019359515095772,-0.003000403491416736,58.87739652940228,0.6826437723439547,-7.30554927627873
1772919254.1559644,1.3419009087581548,-1.206430910349767,0.6857115526357269,0.021148972708101406,0.021645821733463882,-0.0038899797055743112,58.947485531793326,0.4831986568613684,-7.490412964909743
1772919254.190212,1.342689079465314,-1.2056411821325825,0.6855199910490531,0.02115112126349229,0.021642145853081714,-0.003907249963110823,58.88134288288388,0.6926445583627953,-7.297055551957104
1772919254.2374876,1.3181889712634867,-1.2125881159852607,0.6896031484303394,0.01452594540760499,0.01957429220022388,-0.00279979528819701,58.87747945549346,0.6918917089582012,-7.297329303267351
1772919254.2710593,1.3416724742539599,-1.2066011482822598,0.6854275502702727,0.020520758497475314,0.0209556295905829,-0.0038639579745216304,58.88189475470545,0.692900127529468,-7.29688355214722
1772919254.2860386,1.3177682467126437,-1.2145896896518662,0.6896064711268178,0.014183168440537722,0.01878290577938729,-0.002755260727029486,58.87181401394654,0.6343944547382911,-7.347911821887131
1772919254.3066392,1.317951264000775,-1.2143473006038286,0.6895763545732067,0.014182955551198946,0.018782798500434014,-0.002754521910473411,58.87683299364831,0.6971630618611617,-7.292572808303678
1772919254.3357384,1.3185004469061457,-1.2136200052076316,0.6894697473314596,0.014182937948384274,0.018782797102304915,-0.002754597447380266,58.87740959711619,0.7043256468795385,-7.286257353621995
1772919254.3618572,1.3408286654443426,-1.2071561112864138,0.684832313673255,0.01992122675086879,0.020355183521543953,-0.003946454491785811,58.88015934701823,0.6860873254061907,-7.302770291963137
1772919254.40034,1.3170812506980563,-1.2148614027125195,0.6885758280281883,0.013498629305698426,0.018130471614434738,-0.002926226709652192,58.86279280908332,0.6298644869472902,-7.351020938477481
1772919254.4176903,1.3173543019034104,-1.2144957243908474,0.6885258628181482,0.013498333534661141,0.0181301381377171,-0.002924600551655107,58.875961676397736,0.6973292036735639,-7.292336913950076
1772919254.4408686,1.317682634562148,-1.21405472799357,0.6884547250089954,0.013498333534661141,0.0181301381377171,-0.002924600551655107,58.875961676397736,0.6973292036735639,-7.292336913950076
1772919254.4660356,1.3406173573350282,-1.2080890501042054,0.6820566599829797,0.01940295333737259,0.019569925872304238,-0.004576892013020803,58.88193830607904,0.6843320255073619,-7.304514833887536
1772919254.4876797,1.316974958887462,-1.2149129114777348,0.6854470475374207,0.013102237234372106,0.017670552997501632,-0.003663745381769729,58.87867213163437,0.6868929060713429,-7.301899797354069
1772919254.5244956,1.3174362841501928,-1.2142907373895735,0.6853180483237299,0.013102237234372106,0.017670552997501632,-0.003663745381769729,58.87867213163437,0.6868929060713429,-7.301899797354069
1772919254.5637844,1.3405521392597,-1.2095693786595785,0.6815862443057392,0.018964205050513352,0.018695274198339763,-0.004591653130020437,58.88904529322028,0.6885471442555319,-7.301485820366183
1772919254.623981,1.3165218131581302,-1.2157533555200637,0.6851902444647922,0.012456728137691702,0.016837633248022055,-0.0035937144929363016,58.87838653782691,0.6981319158552919,-7.2918688702146515
1772919254.6528668,1.3168149794493498,-1.2153570856137388,0.6851056672035762,0.012456728137691702,0.016837633248022055,-0.0035937144929363016,58.87838653782691,0.6981319158552919,-7.2918688702146515
1772919254.7377884,1.3170364794671574,-1.216092308976269,0.6850420508448248,0.012093193798566965,0.01613712162420185,-0.00349654397231858,58.87796873521266,0.7031481300162405,-7.287362005858788
1772919254.8207185,1.3187792151601332,-1.2163717534475678,0.6838014549673694,0.012356371796351464,0.01581493841207006,-0.0037630592143713857,58.89249392910306,0.6832232644273378,-7.3065746603779385
1772919254.8458862,1.3402227249597911,-1.2130522265320385,0.6807051072073852,0.017866973140517425,0.01656146165555586,-0.004544026017014025,58.89048830645602,0.6924332301952828,-7.298174569775948
1772919254.8740492,1.3185576721466932,-1.2178792995685264,0.6835004198680041,0.012102779791625586,0.015229961777186173,-0.0037909584241492796,58.943788257484115,0.583265715773522,-7.4008384842899675
1772919254.893049,1.3188953783941173,-1.21744225608274,0.6834132961335817,0.012101990858386593,0.015231259852770414,-0.0037873367717485293,58.88274419390861,0.6952906296349437,-7.294839519501019
1772919254.9260166,1.3193338316938423,-1.2168904298403012,0.6832760814947529,0.012101990858386593,0.015231259852770414,-0.0037873367717485293,58.88274419390861,0.6952906296349437,-7.294839519501019
1772919254.9606555,1.319289525746263,-1.2199757902166941,0.682645258056437,0.011976094410167247,0.014280591765232256,-0.003915675899968534,59.02806056639917,0.5293652515128666,-7.457665077107276
1772919255.0086968,1.3197875315112872,-1.2193818953902889,0.6824825056092129,0.011976678291401456,0.01427969171857397,-0.003917317264789155,58.891356900928116,0.688756008674336,-7.30153342605201
1772919255.047416,1.341191705854892,-1.2166465796061348,0.679481374142601,0.01744778435546003,0.014838610867415492,-0.004659479588646264,58.89486903539281,0.6916500065714623,-7.299316257468579
1772919255.0764008,1.341892934405779,-1.2160506637165787,0.6792937577293602,0.01744790425748744,0.014838371566103051,-0.0046597626456474596,58.879009198549646,0.7038176969133734,-7.286872025416587
1772919255.1216075,1.3180934928912191,-1.2208188066982777,0.6820614951625357,0.011061327609260273,0.01345552293548908,-0.0038913074891203585,58.968600729235945,0.5580127857576125,-7.425917386641114
1772919255.1436772,1.3182917265843515,-1.2205599388486659,0.6820162803527611,0.011060229715791363,0.013457352839372386,-0.0038868049135979076,58.882299779971746,0.6971840825933006,-7.293109764208314
1772919255.1771,1.3176595900639732,-1.2233546306244492,0.68328763075251,0.01076184999499169,0.0126041349004207,-0.003513645445164311,58.9041330832763,0.6364217849721839,-7.349422576550944
1772919255.2174742,1.318155603599219,-1.2227705723872502,0.6831323398597022,0.010761560687740743,0.012604469666784896,-0.0035122746443151313,58.88078934665777,0.6964400851794574,-7.293618172837842
1772919255.2496002,1.3185081153803053,-1.2223576581584314,0.6830173635043852,0.010761558840513575,0.012604454596116815,-0.0035123224001616152,58.87776655863979,0.7042244931085165,-7.286383597674797
1772919255.28779,1.3400953622735106,-1.2194315322822682,0.6792306490680827,0.016290955558100336,0.013255226856266412,-0.004467591614609154,58.888893661494734,0.6938838280703227,-7.29671851637208
1772919255.3244035,1.3180122940119172,-1.2253047336598715,0.6841645007083987,0.010379740220738532,0.011604822345709727,-0.0031404615860202156,58.879940761753986,0.6900762322608928,-7.29919410205076
1772919255.380988,1.3396008500966,-1.2212300537393588,0.6795559218022472,0.01581338936748425,0.01246909966016787,-0.004285448689269721,58.884162366818394,0.6944264117730317,-7.2957553207027805
1772919255.4092774,1.3161236923577644,-1.2270621064233258,0.6825906511279707,0.009525585487012739,0.010834042430082654,-0.0034534071196228432,58.89767278303171,0.6384926765014095,-7.346921833280091
1772919255.444021,1.3163988464544534,-1.2267463738811948,0.6824982079857115,0.009525261919311696,0.010834287369337435,-0.003452000612348841,58.87914063964182,0.699476080630456,-7.290749265750494
1772919255.4635565,1.337732153226081,-1.2234607612660486,0.6787994789662855,0.015063519243633982,0.01164090821658672,-0.004402331258023903,58.95627312834947,0.6115470205293038,-7.37695209794099
1772919255.5041075,1.315180143962654,-1.228606572539508,0.6822624800506558,0.009046312062247028,0.010192526389848876,-0.0034602680739125873,58.89078869836629,0.6799986451935444,-7.309270149392955
1772919255.5302258,1.3154315617068593,-1.2283231535929373,0.6821665451564515,0.009046311919491531,0.010192466573553959,-0.003460413610465644,58.87841409276847,0.703219924639453,-7.287343409692812
1772919255.5533824,1.3366912381369092,-1.224957801571066,0.6782343630492037,0.014567223903762664,0.011017666293431648,-0.004470657648533294,58.95759402003158,0.6061845755568289,-7.3818634457973955
1772919255.583361,1.3135777832417965,-1.2303033455199783,0.6830613329788389,0.008367704383132755,0.009518180168993598,-0.003163728032320427,58.92890836462989,0.5474543321100237,-7.431193709751936
1772919255.615749,1.3139214178050946,-1.2298992576352437,0.6829640824397489,0.008366286312861529,0.009519792282505121,-0.0031558714916592027,58.883016613405616,0.6879336479428806,-7.3014152823479
1772919255.6522079,1.3346707547131018,-1.2241339425845084,0.6772608728521328,0.013729703271833408,0.010958032337206125,-0.004623423483517552,58.8809690964255,0.6822447798415501,-7.30627108888267
1772919255.6870236,1.311313695511082,-1.2292672208231312,0.6824801568631134,0.0074847143682087725,0.009518082868402528,-0.0032143405528736674,58.9192114467155,0.5775389647388609,-7.403409524139303
1772919255.7140214,1.311555262680408,-1.2289521591207424,0.6823947293790884,0.007483890291808693,0.009518932454346098,-0.0032101293101123364,58.881247685544054,0.6934149582048745,-7.296358000785569
1772919255.747867,1.3332363528637465,-1.2144869011048194,0.6720940876506702,0.013126865936473919,0.01324878407195096,-0.005892558932701179,58.7980035136755,0.6011453271403165,-7.369898000126863
1772919255.7692327,1.3334972717088882,-1.2142169280465411,0.6719669221000353,0.013126073437019362,0.013250479983804304,-0.005895734661829784,58.86819220546423,0.6929009058081846,-7.295488361414591
1772919255.8050504,1.305231189972436,-1.202977901572597,0.6760211907457842,0.006102177764750184,0.015638535289726276,-0.0047306901166775375,-42.75091676084164,-0.30891731987962084,-0.1871296464849544
1772919255.8264363,1.305356038405622,-1.202657942583608,0.6759244024725277,0.006102177764750184,0.015638535289726276,-0.0047306901166775375,-42.75091676084164,-0.30891731987962084,-0.1871296464849544
1772919255.8597772,1.3281408658376477,-1.196804753143713,0.667149715433419,0.011325265790068104,0.017335026975921285,-0.007054426828808608,39.79356463472233,-0.49123711837597794,-6.313607683981042
1772919255.9182239,1.3050555621571862,-1.2007747793207386,0.6710667212698656,0.0048785002784815235,0.016112131767487717,-0.005935204524964626,57.72648918898915,0.6134244658403881,-7.251970105648991
1772919255.9366705,1.3051285703568731,-1.2005336565030045,0.6709778991785657,0.0048785002784815235,0.016112131767487717,-0.005935204524964626,57.72648918898915,0.6134244658403881,-7.251970105648991
1772919255.969744,1.3056475506924938,-1.198335797378991,0.6670959480014943,0.004963626500123442,0.016545555063616862,-0.006897383739724331,58.73658999805335,0.5481596906823066,-7.411140126893006
1772919255.9878395,1.3057327751032584,-1.1980516961545868,0.6669776238304692,0.004962082804702728,0.016545616806749434,-0.006898232794005939,58.864843440465876,0.690980246491761,-7.296904702201575
1772919256.0313978,1.3059748909352766,-1.197244369663533,0.6666410303161924,0.004961930954768861,0.01654562562655262,-0.00689832002299463,58.89872609792899,0.5877485657707795,-7.392212143640078
1772919256.07048,1.3295632353053777,-1.1905420484189835,0.6600019139491385,0.011036993016201271,0.01809780989299432,-0.008545414096126252,58.87902484245915,0.6963543453121517,-7.293516738387318
1772919256.1052125,1.305090977900462,-1.1988774010117111,0.6657317909846826,0.00451820786462653,0.015703643126465574,-0.006947026270459266,58.873636541041094,0.6871758136238449,-7.301135130393377
1772919256.1510124,1.3052149147565508,-1.1984466416893096,0.6655412303418514,0.00451820786462653,0.015703643126465574,-0.006947026270459266,58.873636541041094,0.6871758136238449,-7.301135130393377
1772919256.1896636,1.3070748274068387,-1.1992722373271145,0.664047473905702,0.00496654396563463,0.01534915375332433,-0.007275703452436062,58.94484502117806,0.3750509541569555,-7.586416403469616
1772919256.2249053,1.3072976970874395,-1.1985831806720577,0.6637210652665427,0.004965447495566018,0.015348476316972155,-0.007277844719708785,58.882096451313096,0.682034634491271,-7.306573792028415
1772919256.2755475,1.3297418138755388,-1.194245552967856,0.6595026942385281,0.010737165927577952,0.016296293772647387,-0.008290042452295057,58.88383454143771,0.6956199247462787,-7.294660588374005
1772919256.297483,1.3299428792307086,-1.1939403867706073,0.6593474539878619,0.010737165927577952,0.016296293772647387,-0.008290042452295057,58.88383454143771,0.6956199247462787,-7.294660588374005
1772919256.3511271,1.3289569057212602,-1.1944020126364832,0.6605143218205156,0.010367112331000978,0.01592021690054958,-0.007862975356851565,58.8876537578452,0.6803086553681066,-7.308678058504036
1772919256.3818977,1.329204581926024,-1.1940220940391484,0.6603257655719544,0.010367121823169997,0.015920109389547726,-0.007863317169204435,58.87892704347081,0.7014563405245045,-7.288965513762404
1772919256.4120753,1.3069660883098,-1.1983078884391096,0.6657118220759576,0.004472326123782352,0.014697836423099504,-0.006401128749571058,58.95096403064508,0.5228875437839368,-7.455379591651554
1772919256.441828,1.3278718558134601,-1.1943394728617303,0.6626112525707634,0.009890995479284823,0.015596484678036364,-0.00715191254915296,58.941144815680516,0.6235082229901177,-7.364740537433786
1772919256.4731483,1.3282006070633892,-1.1938270750812476,0.6623680919562016,0.009891535281526403,0.015595144299068962,-0.007154432790250961,58.88173734419893,0.6995275470417128,-7.29096790491148
1772919256.5211098,1.3063956210359324,-1.1988003945907577,0.6678932390870447,0.004103845816099578,0.014125794846085045,-0.005636247828299735,58.87971718792735,0.6948381243592892,-7.2949349832577655
1772919256.5551229,1.3067654339695534,-1.2011794127357205,0.6698184856406657,0.004163025398024726,0.013370063295211855,-0.0050780881710756585,58.89891359437447,0.665438758458606,-7.323063300265233
1772919256.584268,1.3068893370325019,-1.2007814829525207,0.6696673477978322,0.004163025398024726,0.013370063295211855,-0.0050780881710756585,58.89891359437448,0.665438758458606,-7.323063300265235
1772919256.6163974,1.3070150918218786,-1.2003775758092003,0.6695139717528256,0.004163034663497699,0.013369994039884618,-0.005078260263357378,58.87930164916029,0.7016116297631841,-7.288865166449855
1772919256.6451771,1.3288033315233734,-1.1979740972177462,0.666295674696274,0.009834370508499491,0.013888395558493803,-0.005878539035041798,58.932377285886034,0.6648887892790925,-7.32697097675531
1772919256.6651278,1.3289908228983616,-1.197714969482798,0.6661804626888045,0.009834903219396441,0.013887257722405679,-0.005879816090838743,58.883205370983354,0.7008065072827607,-7.289978134561518
1772919256.6875765,1.3063711995577085,-1.2039283568804724,0.6723895336891068,0.0038551390793083217,0.012193160382368798,-0.004223016760302716,58.89694510906419,0.5447827826630135,-7.430244545311871
1772919256.7074635,1.3064694968071833,-1.203605319169732,0.6723092457083945,0.0038540367641142896,0.01219356225406373,-0.004215808433204316,58.87957335964128,0.6874925170343378,-7.301457177044687
1772919256.7303557,1.3065554260714154,-1.2033333427789572,0.6722154922838258,0.0038539980698655252,0.012193549585639703,-0.004215817955074398,58.87763501390123,0.7035836057406113,-7.28694057533434
1772919256.7536542,1.3281557408600928,-1.2009662257566305,0.6696018382608243,0.009492685946399773,0.012743309911683674,-0.004876203503231195,58.88927810515315,0.6970299040487703,-7.293957074159291
1772919256.7679007,1.3071397985143645,-1.2049765665865837,0.6745430825659572,0.003930216914139159,0.011632069419027346,-0.003556047816511359,58.94228987814178,0.5793228511033416,-7.40419414768015
1772919256.7852197,1.3071873218230081,-1.2048140508282277,0.6745202973339584,0.003929049274425475,0.011634076803891369,-0.0035501796277137327,58.88574010989849,0.6889230131903733,-7.3008109918716855
1772919256.8012135,1.3072591209669666,-1.2046011055763004,0.6744557404800349,0.003929036801477641,0.01163409439079495,-0.0035501266449431395,58.87848150914173,0.7030260874214147,-7.28752257507302
1772919256.8213687,1.307346450923225,-1.204342516765457,0.6743768324880053,0.003929036801477641,0.01163409439079495,-0.0035501266449431395,58.87848150914173,0.7030260874214147,-7.28752257507302
1772919256.8442366,1.3286146395657348,-1.201027085170897,0.6704492499125436,0.009480867073359326,0.01244977811022946,-0.004562282734752968,58.89011768942452,0.6897062854117972,-7.300561729107544
1772919256.865431,1.3288283528144544,-1.2007467823768312,0.6703460775990282,0.00948092010097377,0.01244966312901824,-0.0045624901269979146,58.87853664335212,0.7037065017608277,-7.286922890147355
1772919256.8943849,1.3069386831492855,-1.2041361580087802,0.6759671642074182,0.0036902316031346355,0.011459451880816547,-0.003057522512712056,58.89017837455985,0.6818587323342564,-7.307552020320491
1772919256.9251308,1.30701266974835,-1.2039058922386274,0.6759063052691002,0.003690229441212538,0.011459465088269406,-0.0030574898628716587,58.87853889503679,0.7030461496263922,-7.287510715146734
1772919256.9503129,1.3281196842693737,-1.2003460184538106,0.6709193008103002,0.009176267271674587,0.012278357606016385,-0.004332349015447376,58.8859701790462,0.6924538846789958,-7.297694101807173
1772919256.971874,1.3282834886772479,-1.2001268390164885,0.6708419645858671,0.009176267271674587,0.012278357606016385,-0.004332349015447376,58.8859701790462,0.6924538846789958,-7.297694101807173
1772919257.0020735,1.3057533572245217,-1.204464234573301,0.6772565854143178,0.0032225929708046422,0.011047572661262203,-0.0026236849766238853,58.88683365159283,0.6803477897716527,-7.308555281442273
1772919257.0244586,1.3058170325304534,-1.2042455068688307,0.67720522322341,0.003222579000526353,0.011047582136238285,-0.0026236397901682235,58.878278215275216,0.7028600627553333,-7.2876497872507064
1772919257.054021,1.3276840743378842,-1.200716319450181,0.6715442799767701,0.00893945670411567,0.011888027964556286,-0.004089272201377673,58.89011186549716,0.6850791723291604,-7.304680489564733
1772919257.0693061,1.3278328498762748,-1.2005184721067272,0.671476223975883,0.00893945670411567,0.011888027964556286,-0.004089272201377673,58.89011186549716,0.6850791723291604,-7.304680489564733
1772919257.1046681,1.306080550533386,-1.2030114271233572,0.6752615497244745,0.0031848897788863332,0.011114607039847142,-0.0030615946285597576,58.88863478502735,0.6922075438623977,-7.298184610634684
1772919257.125876,1.306124990186133,-1.2028560249028766,0.6752189895765518,0.0031849048521988485,0.011114617962518263,-0.0030615838746974543,58.87851450871418,0.7037999554525498,-7.286837495873786
1772919257.1400065,1.3061904491330247,-1.2026275875646535,0.6751560652301244,0.0031849048521988485,0.011114617962518263,-0.0030615838746974543,58.87851450871418,0.7037999554525498,-7.286837495873786
1772919257.1732793,1.3070754704904735,-1.2018299856451118,0.6721483823761167,0.0033483084308201247,0.011221292143401052,-0.003813395071341628,59.019322610688036,0.5873638715135454,-7.4050330459904705
1772919257.2027824,1.3071702735780588,-1.2014734294260916,0.672053222383351,0.00334702593274011,0.011225096026661623,-0.003808715680200679,58.88852837467647,0.6958102455598105,-7.294967226934772
1772919257.239094,1.3072654825555774,-1.2011538042552523,0.6719449861357262,0.0033470399982773145,0.01122511154557547,-0.003808701873114434,58.87862578334437,0.7040380273007504,-7.286636952222923
1772919257.2933092,1.3073379396593814,-1.2003708163096085,0.6715052581000026,0.0032769676373067365,0.01125794691699807,-0.0038602809074427084,58.902779606252054,0.6807018898053276,-7.309865832958445
1772919257.3148692,1.3074185587468792,-1.2000933341812128,0.6714104874425653,0.0032770204823289887,0.011257942128230286,-0.0038603042590401016,58.87952330506308,0.7030259186837352,-7.287628665123271
1772919257.3291612,1.3074375529935875,-1.2000280809637351,0.6713881123698854,0.0032770204823289887,0.011257942128230286,-0.0038603042590401016,58.87952330506308,0.7030259186837352,-7.287628665123271
1772919257.362945,1.3289705435716819,-1.1974141176217266,0.6667057128946805,0.008866987423005646,0.01182448442292615,-0.005043579066272313,58.88789879499434,0.6942191451582276,-7.296318755295357
1772919257.3934178,1.307439107222269,-1.1985805213237573,0.6705470196002277,0.003163910394363161,0.011419754798435388,-0.003996560883670056,59.00507665858258,0.6006956494914666,-7.391656105975711
1772919257.4082284,1.3074779654140425,-1.1984151477800475,0.6705052151528315,0.003163274396705473,0.011422032649768602,-0.0039938326126853505,58.88683936975977,0.6973269199798315,-7.293444492790236
1772919257.437534,1.3075738779320971,-1.1980688243899924,0.6703841195744744,0.003163274396705473,0.011422032649768602,-0.0039938326126853505,58.88683936975977,0.6973269199798315,-7.293444492790236
1772919257.455007,1.3076265544228827,-1.1978784790097936,0.6703176538696699,0.003163299924849658,0.011422027683980823,-0.003993845057737756,58.878181432304174,0.7044159677172904,-7.286255369591328
1772919257.4786549,1.287210668279707,-1.197839888700818,0.6719516863793359,-0.002211238474374291,0.011354534048455591,-0.0035382242073748534,59.062282370386164,0.6373076705014505,-7.364877862405586
1772919257.5114582,1.2871292645460466,-1.1974492738962172,0.6718596455847835,-0.002213608049784147,0.011362981342105182,-0.003533330862716445,58.8945934299893,0.6987170377191294,-7.292994375359098
1772919257.5367074,1.2870667937583002,-1.1971288451883504,0.6717602912539471,-0.002213570119179559,0.011363073525349163,-0.0035332833615961514,58.87921563388048,0.7043604411916008,-7.286409701495732
1772919257.555921,1.2870269064023376,-1.1969240907511256,0.6716966272873987,-0.0022135645235178015,0.011363075614865532,-0.0035332827228286155,58.877660088739795,0.7049314124958929,-7.285743695924186
1772919257.5770037,1.26746087042985,-1.1985869289014364,0.6740920111866946,-0.007317764545167568,0.010874545563994692,-0.0028905723300967122,58.89058224483406,0.6960077075794406,-7.2949986917223875
1772919257.5892217,1.2673784930984109,-1.1984645122756148,0.6740594715178633,-0.007317764545167568,0.010874545563994692,-0.0028905723300967122,58.89058224483406,0.6960077075794406,-7.2949986917223875
1772919257.6079838,1.2672513195294353,-1.1982754061796155,0.6740095777928072,-0.0073177535186203175,0.010874650366301877,-0.002890474586350094,58.878739754560165,0.7041284738518947,-7.286567864340905
1772919257.631573,1.2929280506137608,-1.1956841729023098,0.668996612948833,-0.0005703848364605772,0.011473453581895382,-0.00417700536070606,58.89503957376315,0.6893111331850497,-7.301414231870702
1772919257.6510975,1.2929206768590118,-1.1955328681055675,0.6689408434138104,-0.0005703009542779178,0.011473348163908657,-0.004177158493616935,58.8794216592674,0.7032551665317545,-7.287414432189312
1772919257.6813414,1.2928997504793152,-1.195111869967183,0.6687875685437005,-0.0005703009542779178,0.011473348163908657,-0.004177158493616935,58.87942165926741,0.7032551665317545,-7.287414432189314
1772919257.714126,1.2725553598839976,-1.1982121679852504,0.6703549295242441,-0.00583722431189483,0.010567570568982065,-0.0037338829805343937,58.886743637150076,0.6969646770563709,-7.293756728981805
1772919257.7324517,1.2724678976903545,-1.198053784885187,0.6702992455055998,-0.0058372136535463914,0.010567634155974323,-0.0037338108840183947,58.878203536184024,0.7043627528238467,-7.286304936986174
1772919257.7475917,1.297388182697984,-1.194965436271855,0.6644482350447469,0.0006824103254566699,0.011354798895764188,-0.00525504718207529,58.952995952106136,0.6117078815619628,-7.376467349813581
1772919257.7721803,1.2974102097827407,-1.1946547670322356,0.6642894958250242,0.0006832905744768108,0.01135306759347457,-0.005258273913372232,58.88357562223012,0.6974434101987214,-7.293009286363759
1772919257.7913766,1.278012438425588,-1.196877931232249,0.665483760124179,-0.004362842590315811,0.010698341788637258,-0.004912362288911537,58.88422509636293,0.7005214460406712,-7.290335542958359
1772919257.8159118,1.27790938898078,-1.1966252340284003,0.6653678689296942,-0.004362841486817996,0.010698371645553376,-0.0049123348479833025,58.87845489617429,0.7043465216462544,-7.286344959525231
1772919257.8294673,1.2778547533966413,-1.1964912590063983,0.6653063520754342,-0.004362841486817996,0.010698371645553376,-0.0049123348479833025,58.87845489617429,0.7043465216462544,-7.286344959525231
1772919257.8543067,1.277727131329261,-1.1961783096794214,0.6651626561995108,-0.004362841486817996,0.010698371645553376,-0.0049123348479833025,58.87845489617429,0.7043465216462544,-7.286344959525231
1772919257.8880172,1.2775916348561176,-1.1958460505744533,0.6650100954211924,-0.004362838314351845,0.010698373660945651,-0.004912333641178199,58.87753157958733,0.7049586431930063,-7.285706426351502
1772919257.9162073,1.2579662530197293,-1.199335471592184,0.6658737230013896,-0.009415202419029699,0.009717074935857457,-0.004653141939755898,58.883580336061286,0.6999862168139789,-7.290745810977571
1772919257.9604816,1.2850032372482902,-1.1961156474869319,0.6612898590841847,-0.0023143990623787506,0.010447205017858084,-0.005790275272826488,58.8962859104232,0.6891346633348551,-7.301698651681222
1772919257.985352,1.2849303720695655,-1.195786733829311,0.661107561463399,-0.0023143990623787506,0.010447205017858084,-0.005790275272826488,58.8962859104232,0.6891346633348551,-7.301698651681222
1772919258.0313866,1.2656894523514326,-1.1978158010503015,0.6629418855109123,-0.007251290007399548,0.009804277665755933,-0.00525082796599623,58.88240529734652,0.7012455372920199,-7.28950583455965
1772919258.051523,1.29197036430966,-1.1954593230812958,0.6600025342625471,-0.00039773739331022684,0.01036463464790382,-0.005985788830383994,58.89695752621358,0.6936578172598022,-7.2977398703226495
1772919258.065978,1.2919657141349723,-1.195338144226863,0.6599325509917435,-0.00039773739331022684,0.01036463464790382,-0.005985788830383994,58.89695752621358,0.6936578172598022,-7.2977398703226495
1772919258.08489,1.273738862184522,-1.1974992936993936,0.6623856920725089,-0.005120591735126321,0.009763346118296589,-0.005326320546059938,58.89113923154027,0.6937223156458193,-7.297088873966524
1772919258.1184664,1.2735756621727996,-1.1971881229825354,0.6622159352122632,-0.005120591735126321,0.009763346118296589,-0.005326320546059938,58.89113923154027,0.6937223156458193,-7.297088873966524
1772919258.135501,1.2734734487965143,-1.1969932001754617,0.6621098635759928,-0.005120574875646084,0.009763415205164829,-0.005326247040473601,58.87826329899735,0.7043439832677368,-7.286327662908293
1772919258.1794217,1.2989484241296076,-1.1943924114673317,0.660401274179321,0.0014960157297706771,0.010314488032773904,-0.005701391922293241,58.885753455364075,0.7016202507400358,-7.289512693072036
1772919258.1994255,1.2992607794759008,-1.1951229419699079,0.6603259342977725,0.0020805511334272783,0.010039064969848336,-0.005654629000076793,-44.62997928529454,-0.10244214005087078,-0.09509408429003952
1772919258.2196841,1.2992761521079024,-1.1947600485805654,0.6601793169487752,0.0018251064072917127,0.010101694326523749,-0.005675122564713038,32.011229286630055,-0.8024426229748687,-5.763505422322583
1772919258.237997,1.324361049800967,-1.200816003622499,0.6601571384782096,0.00831928794736349,0.008484397099123445,-0.005654025491589559,32.04874291933982,-0.8287550618532501,-5.790918819252587
1772919258.26627,1.303222278848863,-1.1972506543297385,0.6633990882168639,0.002702507377814507,0.009391806225382271,-0.00478368811002113,55.94038428976343,0.4469861791858143,-7.211211847576911
1772919258.2913144,1.3033756244339363,-1.1973553162046557,0.6633143773405098,0.002719197114427009,0.00931720633840578,-0.004780290300403907,58.50756177325865,0.6723028162309409,-7.277013633596552
1772919258.3208125,1.3034647024336805,-1.1970577088348235,0.6631599889451059,0.002718150609615659,0.00931660715418385,-0.004780366493737282,58.84190126163692,0.7018570221782341,-7.284837738918132
1772919258.3520586,1.3271057666398283,-1.1966511262847166,0.6626024241640148,0.008820882902371109,0.009344238460465386,-0.004884743089805669,58.9516247768874,0.6907227370658431,-7.305916174632294
1772919258.3786595,1.3273628040917882,-1.1963869066898734,0.6624591742960496,0.00882160222621785,0.00934251328588659,-0.004885333416467585,58.88525027052251,0.7035027333774475,-7.28778572302921
1772919258.3937883,1.305482339296713,-1.1977905382884888,0.6664277163087767,0.003117911966818006,0.008950088749877821,-0.0038410419774939897,58.895532496857975,0.6913164748457132,-7.299678117584455
1772919258.407505,1.305536429736117,-1.197635269557897,0.6663610808006089,0.003117911966818006,0.008950088749877821,-0.0038410419774939897,58.895532496857975,0.6913164748457132,-7.299678117584455
1772919258.4199572,1.3055613362682392,-1.197562482119329,0.6663307884551761,0.0031178699892258303,0.008950221642000452,-0.0038408927008154905,58.88037249910968,0.7027997926761944,-7.287916117615539
1772919258.4357271,1.3278219094504438,-1.1977465463742227,0.6643941911611451,0.008870037986882597,0.008861218134915265,-0.0043244980136339685,59.042041752385956,0.6501829864882012,-7.351314576752578
1772919258.4722788,1.3083977452475926,-1.197950130642946,0.6672247945312433,0.00375697363703276,0.008722484595417171,-0.003549621202403765,59.0634344665205,0.6034964757759871,-7.395170667888611
1772919258.5119705,1.3085376821927919,-1.1975892943108495,0.6671018956469471,0.0037557195288402735,0.00872679114227798,-0.0035460544381442113,58.88966953719214,0.6983272792310095,-7.292840480962512
1772919258.5306325,1.308614309751673,-1.1974109961193946,0.6670296102883362,0.0037557342526056713,0.008726803736864814,-0.0035460470057613463,58.87874034947212,0.7043051979573048,-7.2864105700328485
1772919258.5608602,1.3310821337823773,-1.1982265615213386,0.667171460379382,0.009545044512816505,0.008454613695066901,-0.003484156799814711,59.11777739440069,0.6846521824191446,-7.328284355612191
1772919258.590319,1.3112946407336479,-1.1982820196501114,0.668785394340284,0.004334992978396816,0.008369554961306706,-0.00303675733368625,59.01289504347249,0.6595997580624382,-7.339910244222769
1772919258.6302278,1.311454322176721,-1.1979460975550007,0.6686783722243813,0.004333855010314539,0.008373422915335585,-0.003034679229491299,58.87953124613995,0.7043092647165786,-7.286487159343657
1772919258.6651223,1.3325574123991288,-1.1983732423248943,0.6670178812335512,0.009749302605118972,0.008183389846543796,-0.00343469668348549,59.1086004786144,0.6402731852744454,-7.366999077699667
1772919258.7133691,1.3125192976219415,-1.1993820566426452,0.6696320424431175,0.004495522151519553,0.007838008037024842,-0.0027272808705752724,58.8805211044809,0.7035917620947966,-7.287224519195669
1772919258.7837431,1.3337988749857268,-1.197782366684545,0.666642575253518,0.009857186762607502,0.008088407957834097,-0.0034383798343964726,58.884387592652715,0.7011063695535942,-7.2898310643033
1772919258.8066103,1.312874587612051,-1.1999215232515383,0.6698402187134663,0.004384799976533956,0.007488371545892866,-0.002591107480488999,58.88583687454853,0.6981226878868688,-7.2926336816470805
1772919258.826916,1.3129381030146956,-1.1998130514999337,0.6698026855909066,0.004384799976533956,0.007488371545892866,-0.002591107480488999,58.88583687454853,0.6981226878868688,-7.2926336816470805
1772919258.844012,1.313044827151368,-1.1996306159637689,0.6697397201013674,0.0043848009728199985,0.00748838365916774,-0.002591094106724519,58.87852972669535,0.704127573410824,-7.286547322279519
1772919258.8805683,1.3134109606178672,-1.2005602855015145,0.6687574767561674,0.00441030690306281,0.007186620099457449,-0.0028193256466015797,58.9868391623328,0.6310465299875271,-7.362710041924359
1772919258.8986197,1.3134829770698935,-1.2004287056545124,0.6687181873044157,0.004409645610374006,0.007188546889348255,-0.0028173641782065846,58.88681381273377,0.6986729903253808,-7.292243469289375
1772919258.9224157,1.313651645199157,-1.2001536012564402,0.6686104920424565,0.004409651367152824,0.007188552543408192,-0.002817360068564798,58.878564848782034,0.7042580186492943,-7.286434837065275
1772919258.9712427,1.3347179401091,-1.1990726796847413,0.6658298464019866,0.009800599222440282,0.007394043800690734,-0.0035057458187010447,58.96554445747343,0.6581331473672288,-7.336381861339794
1772919259.0038404,1.3136701353563467,-1.2013499347710335,0.6690606249807349,0.004281055461953742,0.006753625035879963,-0.0026454076847830838,58.89936179859095,0.6876857006087636,-7.303299627492419
1772919259.0325797,1.3137950001803482,-1.2011524463297818,0.6689837584430082,0.004281059336056177,0.006753652810103432,-0.0026453784762412377,58.879467676259985,0.7034184202259006,-7.287273650880857
1772919259.077505,1.3133493270456467,-1.200600796963902,0.6678903154614044,0.004068364678929224,0.006809035026859225,-0.0028897129624850877,58.96632490641433,0.6419396223132637,-7.350896177288739
1772919259.091275,1.3134057806848247,-1.2004941160800244,0.667856047617692,0.004067737709033284,0.006810731887424491,-0.002887896602188715,58.88691649035223,0.6982879110240203,-7.292597005667481
1772919259.1118464,1.3135103666529238,-1.2003188381114258,0.6677818764142799,0.004067738366388393,0.006810744026256818,-0.002887884775227623,58.87867323777585,0.704144254053519,-7.286547131782706
1772919259.147977,1.3328950804126058,-1.19917921748498,0.6652366665299679,0.00907314294674125,0.007055383586958825,-0.0035272805979388875,58.88701693771403,0.6996746708778712,-7.291372672958284
1772919259.162099,1.3125234479213126,-1.1995527792732852,0.6668953953374334,0.003678307942577669,0.006884240174902456,-0.003058940044409268,58.899643275264616,0.6959401171475476,-7.295980011842896
1772919259.2208755,1.3126560445932047,-1.1993039544618107,0.6667852625733801,0.003678319346947604,0.006884300181512828,-0.003058904916438719,58.87957287854789,0.7041414310631487,-7.286640902122525
1772919259.2451982,1.3127531800774712,-1.1991221500108569,0.6667044858111263,0.0036783228480639853,0.006884298125629016,-0.003058906543415278,58.8777003744149,0.7049067815043607,-7.285769707726525
1772919259.2740428,1.3331860075073956,-1.1970173273304912,0.6632073115548432,0.008956778064563443,0.007379411945534539,-0.003944240781693376,58.88610716937054,0.6978106897743107,-7.292939465090732
1772919259.3357744,1.3117410441868917,-1.1977590956939523,0.6648884530436879,0.003294492240465968,0.007075257416536988,-0.003450930790052684,58.88349758149148,0.7021041065478397,-7.288852915525882
1772919259.3510182,1.3325576997247228,-1.19514878198973,0.66145896451421,0.0087318542405705,0.007734824305019787,-0.00433669398463671,58.916469429546986,0.6684906691445773,-7.322137011118048
1772919259.3741965,1.332784840553993,-1.1949475767979691,0.6613461545381358,0.0087318542405705,0.007734824305019787,-0.00433669398463671,58.916469429546986,0.6684906691445773,-7.322137011118048
1772919259.4410439,1.310175947776086,-1.197180747293186,0.6641568742042202,0.0027188733554539303,0.00703021861135641,-0.003536845524226977,58.9667743999327,0.6332541131115106,-7.3586806355814725
1772919259.4878762,1.310323722398379,-1.196787325609756,0.6639684145030409,0.0027184960755158613,0.007031344622228541,-0.0035355025587118435,58.88228542732826,0.7011253238581809,-7.2896007606310524
1772919259.5241408,1.3114143077310163,-1.197449582172423,0.6651899753697805,0.0029820791572732247,0.006808585741715823,-0.003192922524784792,58.90087050574357,0.683167390341755,-7.307476848219666
1772919259.5819716,1.3109213125724137,-1.1975165787823692,0.6669721937608584,0.0027579285148833597,0.006671706639720452,-0.002670967412745044,58.883280994794575,0.695413154588064,-7.294785534557389
1772919259.6234882,1.3110174122476994,-1.1972841039962319,0.6668791242343355,0.0027579285148833597,0.006671706639720452,-0.002670967412745044,58.88328099479459,0.6954131545880644,-7.29478553455739
1772919259.6496415,1.3320383704763095,-1.1932907091332423,0.6633851899710255,0.008227578403024197,0.007656699876929867,-0.003559211179572731,59.053646180285455,0.45675041187334964,-7.525152707272657
1772919259.688842,1.3323444035894911,-1.1930434185907457,0.6632035295292499,0.008230997283611994,0.007648925224915374,-0.003575422825619077,58.885146165875206,0.6941331734844028,-7.296115849489473
1772919259.721402,1.3107493688203604,-1.1970451989798097,0.6683665456936113,0.0025528158182588955,0.006554993361000282,-0.002207126217248155,58.88253822637158,0.6946964536301975,-7.2953480420421775
1772919259.7573073,1.3323009122592886,-1.1924807708809315,0.6629753239889787,0.008145993756034493,0.007654714486593175,-0.003583060117988657,58.98629950621396,0.46502708473872617,-7.510655033450851
1772919259.7919633,1.3100842852198158,-1.1976479903281194,0.6669412071555554,0.002275308528425624,0.006248774337259698,-0.0025216616426646456,58.8840259236292,0.6867858669061444,-7.3025403278694965
1772919259.8106875,1.3101266196769106,-1.1975312904263877,0.6668948331545103,0.0022752771277281154,0.006248805340758861,-0.0025215204119590873,58.878434789762736,0.7023075750483536,-7.28815749128487
1772919259.847141,1.3307077009375237,-1.1937073239171534,0.6630916637403592,0.007614682546500701,0.007183511392515221,-0.0034875400945005024,58.88297956492388,0.6968292906198961,-7.2934953090551335
1772919259.8761857,1.3309066766402236,-1.1935197154925614,0.6630003956962329,0.007614691940046692,0.007183477829202798,-0.0034876104190330547,58.8781381227388,0.7040043953444157,-7.286617294785303
1772919259.892985,1.3310042407521379,-1.193427676360791,0.6629557102886138,0.007614691940046692,0.007183477829202798,-0.0034876104190330547,58.8781381227388,0.7040043953444157,-7.286617294785303
1772919259.9206686,1.3076127064617762,-1.1983303307863142,0.6672554549233397,0.0014448307449688243,0.005849408459555829,-0.0023383307191794794,58.88412895809548,0.6904322372466708,-7.2993055616643785
1772919259.9473166,1.329254191733563,-1.1940840462977311,0.6634034132976369,0.007098132468067227,0.0069125695492655275,-0.0033267451612144835,58.97462716140539,0.5472000696198533,-7.43619801470459
1772919259.9685638,1.3074199716054853,-1.1983747604660269,0.6656469877354488,0.001337058752961768,0.005748939524974039,-0.0027203981139290894,58.935638724939764,0.627366664821452,-7.360730178858837
1772919259.9825873,1.3074328066299923,-1.1983016109776612,0.6656270275148656,0.00133634928823965,0.005750393702965656,-0.002717494643384693,58.884086734298876,0.6961545895856575,-7.294208420240389
1772919260.0027905,1.307461154169438,-1.1981793353592534,0.665569483007832,0.0013363391269174852,0.00575041353571024,-0.0027174548167516344,58.87841165359614,0.7037371979222063,-7.286882880026406
1772919260.0182648,1.3074851437645083,-1.1980761055058209,0.6655207000010621,0.0013363391269174852,0.00575041353571024,-0.0027174548167516344,58.87841165359614,0.7037371979222063,-7.286882880026406
1772919260.0461411,1.3287704686113688,-1.1959085772894906,0.662321595536635,0.006896003860639344,0.0062853979194290276,-0.003538760580919255,58.92430422019314,0.6689344613657352,-7.322541779190645
1772919260.0627456,1.328875964030604,-1.1958163895514613,0.6622646852716454,0.0068963480369834025,0.006284539809663776,-0.0035397579735166646,58.882688495592134,0.7009780118458152,-7.289772897999515
1772919260.0834837,1.3290593137839697,-1.195649355127478,0.6621705408741871,0.006896356531315511,0.006284516130867651,-0.003539785244534252,58.878041449548,0.7045585149783679,-7.286114289456709
1772919260.1075573,1.3068858484248196,-1.1994741949989565,0.6643979069653433,0.0010660587815147662,0.005245716402151425,-0.0029358036042183054,58.881554623763385,0.7008224640701134,-7.2897961109991405
1772919260.1309328,1.3069094072771246,-1.199358269817254,0.6643330285883647,0.0010660587815147662,0.005245716402151425,-0.0029358036042183054,58.881554623763385,0.7008224640701134,-7.2897961109991405
1772919260.1607814,1.3287320179239202,-1.196974485184901,0.661148169483504,0.0067794123553545395,0.005848426060403227,-0.003757419903955307,59.07417891401222,0.5486715686269947,-7.44525328048026
1772919260.1878042,1.3069391430062025,-1.2011585389785568,0.6638148529831774,0.0009915877873372904,0.004694740029116821,-0.0030215555862393747,58.991279777413816,0.5547479556087141,-7.431178055902199
1772919260.227777,1.3069738015271601,-1.2009484977932625,0.6637169924652877,0.0009898022902900113,0.0046980804700084014,-0.0030148745943580383,58.88456619858823,0.6956044063362791,-7.294745599384355
1772919260.258973,1.3087758048496598,-1.1994373126459286,0.660207845509213,0.0014538762785688182,0.005054801695142494,-0.0039089616449002286,58.95044433335094,0.5174965888984197,-7.460133431480077
1772919260.2850368,1.3088134633650044,-1.1993061684244901,0.6601067208283593,0.0014535975703047588,0.005054637571043421,-0.003909239066648572,58.883353682153604,0.6898089416993729,-7.299781748022632
1772919260.3143718,1.3088495883752602,-1.1991805475698643,0.6600095682446778,0.001453579876936516,0.005054626091321097,-0.003909260167437641,58.87807247857066,0.7034334801528656,-7.287118727131851
1772919260.3383868,1.3303052888278901,-1.1955835769903476,0.6547831274768448,0.007059135922001417,0.005953970440782037,-0.005244304675251589,58.94417901515628,0.596611674671372,-7.389006788830747
1772919260.3866045,1.3095662954218845,-1.198044318720601,0.6557626487323708,0.0015356402777952551,0.005247704776391517,-0.004935211343443992,58.97637923979546,0.6486569105004841,-7.345943894136516
1772919260.417253,1.309624605689587,-1.1978243795547747,0.6555721378198983,0.001534825261428867,0.005249833450021627,-0.004933346494729668,58.88456440663804,0.7009541516424916,-7.289985033298665
1772919260.4338412,1.33099758502795,-1.1945083261361877,0.6508025239121936,0.007135191227953978,0.006098437188966825,-0.006164111701869176,58.89026344915654,0.6876545635262433,-7.302402730874392
1772919260.455193,1.331114801905022,-1.1944081410480138,0.6507012599235306,0.007135191227953978,0.006098437188966825,-0.006164111701869176,58.89026344915654,0.6876545635262433,-7.302402730874392
1772919260.506977,1.311116576572694,-1.1977149088826864,0.6534987811030355,0.0018236851448206286,0.0051364212426969055,-0.005333503829738042,58.880514210397294,0.7007938680392385,-7.289715934515006
1772919260.544057,1.311159717035661,-1.197593403484108,0.6533726135871657,0.0018236851448206286,0.0051364212426969055,-0.005333503829738042,58.880514210397294,0.7007938680392385,-7.289715934515006
1772919260.5961707,1.3330723363206889,-1.1945910833955866,0.6495017905220895,0.007491404076042648,0.005840700208487721,-0.006260135411277086,58.89211373505269,0.6907809837486251,-7.299808327213952
1772919260.6211138,1.312145470609547,-1.1967486060082824,0.6516631770790933,0.001974714048470157,0.005233777380732355,-0.005649309058598032,58.89185633284725,0.6949328026386219,-7.296085822706823
1772919260.6740832,1.333030575676649,-1.1955376692384474,0.648890660109274,0.007380366631959082,0.0054889322716182125,-0.006305682889946156,58.890601909731366,0.697795768397633,-7.293410081412575
1772919260.762744,1.3129790866505424,-1.1988381519477203,0.6532956599846015,0.00205503790171396,0.004505842631407931,-0.00501962550789779,58.881463076981,0.6979542188436139,-7.292338698650401
1772919260.8298979,1.3357626865766945,-1.1956631916848555,0.6491070800821437,0.007916644501607563,0.005255522967879113,-0.006024850443687957,58.885548608601866,0.6966170322663587,-7.293945792622946
1772919260.8534918,1.3118631783179946,-1.1995639621311085,0.6534276558152617,0.0016119748736762723,0.004211933388250385,-0.004866495124244922,59.017222206741515,0.5162597573969137,-7.468207939728691
1772919260.9102585,1.3131786375628614,-1.2008036823989703,0.6551854268738979,0.001932420992802086,0.0038227177930324338,-0.004332005588495633,59.191056054465456,0.3793443332989898,-7.6089084739246715
1772919260.9820185,1.3143021392105079,-1.2032729392063948,0.656628127973911,0.002182935996396823,0.0030926879807413477,-0.0038607934308420616,59.032264643927824,0.5387094759680255,-7.449766487732769
1772919261.0494838,1.3144493060760187,-1.2030643263541492,0.6563678530331817,0.0021827539842652855,0.003092453580804795,-0.003861065034207539,58.894600006013896,0.6865484496645782,-7.303828542005892
1772919261.1152854,1.3153153281197285,-1.2061122421736017,0.6600274180295105,0.0023333833174306543,0.0022442183359926847,-0.002841827429986774,58.9032605067366,0.6718777933732787,-7.317640932880436
1772919261.177197,1.3365774066563814,-1.2064272002872505,0.658525650852999,0.007903052661194591,0.0021472479447418777,-0.003216474550963896,59.31753103630226,0.5547704120537,-7.465242501742139
1772919261.2350194,1.3140872827604826,-1.2116334559960134,0.6647335133563884,0.0018393533044453534,0.0007350559605859201,-0.001516480135212823,58.884527534063274,0.6843325027536562,-7.304767376929884
1772919261.2593904,1.314127929346836,-1.211617212506791,0.6647000017191078,0.0018393533044453534,0.0007350559605859201,-0.001516480135212823,58.884527534063274,0.6843325027536562,-7.304767376929884
1772919261.3518586,1.3134965360844346,-1.2153533913851702,0.6683297606715807,0.0015709520658130013,-0.0002593543046430374,-0.0005249595878655828,58.990462761727066,0.4093264365080154,-7.560661631215487
1772919261.4266305,1.3131646078973458,-1.2182654021186408,0.6713809548132622,0.0013976282510758265,-0.0010159536458685605,0.0002831161404548573,58.89815124700378,0.6832300887335298,-7.30714442112562
1772919261.469273,1.3132117779307926,-1.2182996906123222,0.6713905099992026,0.0013976282510758265,-0.0010159536458685605,0.0002831161404548573,58.89815124700378,0.6832300887335298,-7.30714442112562
1772919261.554609,1.3121065689828093,-1.222210461175399,0.6741711541567624,0.0010767602146753417,-0.0019968268579740292,0.0009917467309791888,58.89051380829197,0.6948123566741123,-7.29605626901787
1772919261.5834832,1.308395069307513,-1.228537853073968,0.6770161958872186,9.854784506125019e-05,-0.0036510550096609134,0.001735318422750772,59.19329911596605,0.48343885493102556,-7.51603475693821
1772919261.6358733,1.30840105857912,-1.2287603461993644,0.6771219508330029,9.833535183643558e-05,-0.003651126030415509,0.0017352966162147564,58.90506457361314,0.685565888493856,-7.305769140289401
1772919261.7092552,1.3046751907747471,-1.2337604656603103,0.6783686781514063,-0.0008932117709110317,-0.004919477124876235,0.002045386975720994,58.9044481400061,0.6736605822765325,-7.316302722104003
1772919261.7619774,1.3045864592754377,-1.2342490216230562,0.6785718913107429,-0.0008932769360655831,-0.0049194092128444725,0.002045518533558151,58.87833719150357,0.7039887742194685,-7.2866512663317815
1772919261.8254113,1.3018080018940816,-1.2386138351488856,0.6793013587886727,-0.0016044278676718674,-0.005990422625768863,0.002208751141380348,58.88779893868131,0.6942122820091475,-7.296314363907229
1772919261.8412302,1.3017723734771631,-1.2387468603095235,0.6793504069934065,-0.0016044278676718674,-0.005990422625768863,0.002208751141380348,58.88779893868131,0.6942122820091475,-7.296314363907229
1772919261.9017396,1.3227399563301383,-1.2372072442870576,0.6753536112844174,0.003883674459251494,-0.005518304369969466,0.0011399901484504269,59.116061143130565,0.490085086969879,-7.50194980660631
1772919261.983414,1.319995500324208,-1.241512283020926,0.6767287033241801,0.0031509908649924013,-0.006502150951294278,0.0014592790026552126,58.893927742939596,0.6919146395753126,-7.298994260844869
1772919262.005243,1.2956463781936036,-1.2462834334628985,0.6810985336524594,-0.003262526602903362,-0.00771339222616817,0.0025970980358613082,58.96011607148206,0.5854082938899112,-7.4006357034882395
1772919262.032311,1.29557063424052,-1.2464457217338432,0.6811727291569079,-0.003263635705172611,-0.0077112608802316065,0.0026017345723692293,58.88459353564763,0.6946672222672523,-7.2955837176576415
1772919262.0839436,1.316429112174916,-1.2457406675438254,0.6787332661338316,0.0021879337986909393,-0.0074077560341205915,0.0019294892708780675,58.885861530418204,0.6995666324394256,-7.2913520092350455
1772919262.1533632,1.3143324481821883,-1.2464487202802563,0.6798648045280907,0.0016134180476773002,-0.007509993570955504,0.0022047483535544035,59.1236737501658,0.48339725712673914,-7.508729694483859
1772919262.1879208,1.314411477571699,-1.246816671744337,0.6799727394871651,0.0016125897254562727,-0.007510194896670846,0.0022047512233931044,58.89242943617616,0.6914842337323119,-7.299213698313255
1772919262.2198198,1.3144764882254474,-1.2471194468872029,0.6800616240977267,0.0016125520179258405,-0.007510202509223591,0.0022047532612489047,58.878619143971804,0.7039597477633408,-7.286705829656799
1772919262.2458148,1.2909353152961915,-1.2491814488725625,0.6833850404979916,-0.004560217780514097,-0.008004366594323116,0.003061255955968253,58.892919680478364,0.6944852931161406,-7.296592315518147
1772919262.2836454,1.2926461251921832,-1.247185210265555,0.6818753135599507,-0.00408486264541397,-0.007396205586607439,0.0026347917131062776,58.908268095639905,0.6844932024081483,-7.3070513417979726
1772919262.307931,1.292553798794577,-1.2473523799055264,0.6819348653364558,-0.00408486264541397,-0.007396205586607439,0.0026347917131062776,58.908268095639905,0.6844932024081483,-7.3070513417979726
1772919262.3476284,1.315543087521426,-1.2423618924743354,0.6783264153354746,0.0019971932656764058,-0.006019059671558862,0.0016623642456636291,58.95305306366049,0.5428291358004212,-7.437830166226949
1772919262.383834,1.3156405665444517,-1.2426476145213583,0.6783654639402893,0.0019988506006342584,-0.006021884670392276,0.0016532421605801387,58.88325226912165,0.6925454577015422,-7.297335134706696
1772919262.4053025,1.315678432523264,-1.2427616418866418,0.6783965175332457,0.001998857181016564,-0.006021904282727928,0.0016531826777361508,58.877937370919646,0.7039846333976721,-7.28661443221048
1772919262.4220757,1.2936307378651863,-1.2445584857857814,0.6799328775758225,-0.003794438718038189,-0.006457519046644855,0.002046178026220338,59.021168787706394,0.6433222330414194,-7.355293369801851
1772919262.4466488,1.31648631745871,-1.2373831382066731,0.6754489834449983,0.0022297846822254006,-0.004544015865644396,0.0008588794187545561,58.88745292496284,0.5969081834208734,-7.382862960002899
1772919262.4623692,1.316527250765208,-1.2374665550476096,0.675464750337099,0.0022297846822254006,-0.004544015865644396,0.0008588794187545561,58.88745292496284,0.5969081834208734,-7.382862960002899
1772919262.4847763,1.2965359710857438,-1.2401631017436128,0.6776305859243765,-0.003011058465660439,-0.005226427264530514,0.0014210016927973558,58.89293921358842,0.6836297612795161,-7.306277447635286
1772919262.5027206,1.296483399786169,-1.2402539016174297,0.6776558441207006,-0.0030111005728130935,-0.0052263510221502805,0.0014211612926190893,58.879754385377055,0.7018391696595125,-7.288711367907865
1772919262.5245373,1.2964151440045448,-1.2403723654745078,0.6776880663565329,-0.0030111032473914747,-0.005226346990203994,0.001421169950517146,58.877710648748895,0.704662795706494,-7.285988216901866
1772919262.5654356,1.3192668578497582,-1.2331488319096795,0.6728662486386012,0.002980411725474268,-0.0032872619012727766,0.0001486839679512384,58.869904193135824,0.5891869880429685,-7.387944069970254
1772919262.6111689,1.2987088719671764,-1.2356674817631617,0.675189390767583,-0.002399861259939288,-0.00390200003011552,0.0007505945240136316,58.89333095929016,0.6853618585147296,-7.304785902524827
1772919262.6568546,1.322417268244739,-1.2275381359894082,0.6702398165087541,0.0038356431806591466,-0.0017247957348232616,-0.0005543495563037495,58.84875562399494,0.5364449024412428,-7.432662579291957
1772919262.6818023,1.302190177105978,-1.2301575342809334,0.6736854032631622,-0.001492114998100754,-0.0024020261544940606,0.00035247936227235637,58.92156539152214,0.6460176728625827,-7.342681880658218
1772919262.7245576,1.3021291827107129,-1.2302515259306646,0.673704308088444,-0.0014924405475678093,-0.0024013950432560482,0.0003537501086774632,58.88203822108344,0.6988798671840055,-7.291575380038543
1772919262.7517042,1.3251241986095954,-1.2225537009287013,0.6685448462050034,0.004559780106080529,-0.00036211045788661677,-0.0010041011406288524,58.867970222659544,0.6227116798265105,-7.357918025693078
1772919262.768266,1.3252349201243279,-1.2225615977659334,0.6685117957947906,0.004559865920669134,-0.0003618835697335172,-0.0010065092300230298,58.87658486061294,0.6974196597443696,-7.292319905497644
1772919262.7954826,1.3047580440378868,-1.2255927120486467,0.6725668012752778,-0.0008248660463236953,-0.0011516583814359317,6.038164399182572e-05,58.88237193549483,0.6975425266575488,-7.292799239473539
1772919262.810516,1.3047478783105573,-1.225606905195685,0.6725675454243808,-0.0008248660463236953,-0.0011516583814359317,6.038164399182572e-05,58.88237193549483,0.6975425266575488,-7.292799239473539
1772919262.8250675,1.30473642404109,-1.225622837954554,0.6725684623215525,-0.0008248723504511579,-0.0011516480286297385,6.040570669679974e-05,58.877975915840565,0.7042252984531333,-7.286404274073008
1772919262.8615143,1.328151557130497,-1.2213258264466595,0.6710166468145141,0.005303105042448054,-1.7614126542037446e-05,-0.0003457151533923091,58.88358035182899,0.6997712347564704,-7.290937597962225
1772919262.8765182,1.3282219338682997,-1.221326060201178,0.6710120588788594,0.005303105042448054,-1.7614126542037446e-05,-0.0003457151533923091,58.88358035182899,0.6997712347564704,-7.290937597962225
1772919262.90597,1.3070413633763243,-1.2253607629067442,0.675729674628375,-0.000270070225066886,-0.001071540871160374,0.0008890750418715039,58.88743218035565,0.686720792375174,-7.3029455102239345
1772919262.932975,1.3070339342294204,-1.225389742313478,0.6757542918954854,-0.0002700879974110183,-0.0010714968899858024,0.0008891915455011831,58.878365241260354,0.7033501465781327,-7.287222613302344
1772919262.9588244,1.3294973538490251,-1.2220715167702654,0.6746904573880657,0.0056117607984116896,-0.00019513418156749668,0.0006044637318415465,58.8903934263584,0.6976854917797654,-7.293486489155564
1772919262.9872315,1.3082690727896524,-1.2254684210614364,0.6795989060553539,4.358422817595485e-06,-0.001083035920632171,0.0018843224058538316,58.89079208756898,0.6856496538238034,-7.304240948882421
1772919263.0092318,1.3082690106180457,-1.2254855477581514,0.6796297750879994,4.336194648798513e-06,-0.001082962550436889,0.0018844740835201833,58.87898747991716,0.7027906506411897,-7.287783734919743
1772919263.030698,1.3082691247739773,-1.2255144883955622,0.6796801492441494,4.336993401633288e-06,-0.0010829611632591138,0.0018844763245432644,58.87764017488269,0.7047476844996889,-7.285905198174725
1772919263.0571215,1.3303419361602231,-1.222185353706484,0.6787365442736019,0.005774432027533073,-0.00020537011797352653,0.001625364161132563,58.91644760230716,0.6834101080365315,-7.308847663346976
1772919263.0848124,1.3100255114676043,-1.2251602159719062,0.6813859505865083,0.0004145212890175713,-0.0009829451028849185,0.0023075338286944747,58.9200978332986,0.6672235961324481,-7.323634907861359
1772919263.1135232,1.3100347919629856,-1.225182185195396,0.6814475196843692,0.00041425122618703175,-0.0009822518413209024,0.0023084507587294145,58.88243277205317,0.7005978391565444,-7.290085190196698
1772919263.1651285,1.3321958434255694,-1.2233293141027588,0.6801149776444241,0.006174627082964436,-0.0004858724469684122,0.0019285237826839,58.87911966598428,0.7042545164750084,-7.286494265555048
1772919263.1881087,1.3115637219784744,-1.2262918660245197,0.683432154377247,0.0007204684457827043,-0.001260954879901873,0.002788407060409503,58.96128192529128,0.6183582485388269,-7.371391449484217
1772919263.2118516,1.3115744561079792,-1.2263082560441059,0.6835055919606515,0.0007194327569725141,-0.0012584438350778692,0.0027922710702063362,58.88516701561686,0.6970298980869863,-7.293538777601617
1772919263.2420163,1.3347021397775116,-1.2241928678934033,0.6796290216653503,0.0067693136802121495,-0.0006939530483803512,0.0017539140852298515,58.893249739455044,0.6915141233833352,-7.299270735146314
1772919263.2841213,1.3137082162138058,-1.2272535480563584,0.68421097555624,0.001178286706648735,-0.001492447649884111,0.002942411325513468,58.96741525352706,0.5877439090192697,-7.3993075836175075
1772919263.305567,1.3137388494172337,-1.2272881824026334,0.6843188791067004,0.0011771882573095077,-0.0014898951263118288,0.00294733078565844,58.884986890632085,0.6951784311513692,-7.295168512774569
1772919263.3623466,1.3173824494671995,-1.2265960701588878,0.6835131306358397,0.002123214827473567,-0.0012925093193895296,0.0027051994832170538,59.07707764496296,0.46735694030011643,-7.518143344234073
1772919263.4032927,1.3174946051146028,-1.2266642477877354,0.6836563076657922,0.0021235839467634928,-0.001292580015346503,0.0027049336756148025,58.89049582198486,0.6894292274643963,-7.300846382184103
1772919263.4330332,1.317563444075296,-1.226706147961559,0.6837439925367195,0.0021236037530639107,-0.0012925863164367946,0.002704915419058477,58.878512151690536,0.703750595071431,-7.286881122197248
1772919263.4737651,1.3414554621188726,-1.222680372342437,0.6759316363979949,0.00836170162789564,-0.00023202742064477955,0.0006458440372864126,58.881558580247514,0.6958256801685536,-7.294243882679014
1772919263.502594,1.3185001256456852,-1.2267674334416636,0.679951865296813,0.002229240133917198,-0.0013011059212226124,0.001691693317870128,58.889190001709935,0.6884009022854845,-7.301629140071905
1772919263.5204272,1.3185373605659716,-1.2267888939362115,0.6799810517534287,0.0022291986223506705,-0.0013010183302713978,0.0016918775802248036,58.8793162509685,0.702380364563818,-7.2881823256779485
1772919263.5422063,1.3425215909484438,-1.2191313949103575,0.6707869164219092,0.008505615472073725,0.0007127882432598849,-0.0007262270902336975,58.87265301094816,0.5271779204160708,-7.4433910287313045
1772919263.5745506,1.3193328875258772,-1.2240112470501632,0.675995967590228,0.002346150416378762,-0.0005755920315256921,0.0006480323406902459,58.90611242868771,0.6241497941244315,-7.3605643294071115
1772919263.5975506,1.3194065525709657,-1.2240279325197085,0.6760236419203227,0.00234588259468165,-0.0005751994030458815,0.000649718010506488,58.88040740227202,0.6966813015517198,-7.293366118215224
1772919263.6218078,1.319460027994006,-1.2240410444424792,0.6760384525274467,0.00234588259468165,-0.0005751994030458815,0.000649718010506488,58.88040740227202,0.6966813015517198,-7.293366118215224
1772919263.6525116,1.3425451406460396,-1.2103556104514448,0.6635835875456235,0.008381887974707434,0.00301374577928029,-0.002617741774304209,58.858690216438546,0.6712869043544141,-7.313747996314359
1772919263.6856496,1.3428920907078106,-1.2102306019427942,0.6634746356627371,0.008381805633620804,0.003013865410363967,-0.0026180749272545372,58.87593488598211,0.7022582820659398,-7.287947342291319
1772919263.713094,1.3200390227333993,-1.2150711139678567,0.6689885925333244,0.0023451531114220673,0.0017254393216933866,-0.0011570141636109497,58.87995344283543,0.6976811043667442,-7.292429730096892
1772919263.732386,1.341852019368766,-1.2065570219137232,0.6603505685194164,0.008052933522735877,0.003948636787915633,-0.003415382693734954,58.839015761316716,0.5103852837224373,-7.454810288942256
1772919263.7543058,1.3420064540733676,-1.2064760161295942,0.6602489433086998,0.008053017747221782,0.0039501593507531504,-0.003425395267697821,58.87303435112053,0.6827339050237098,-7.30502703611414
1772919263.7715223,1.3421159017718092,-1.2064222693493902,0.6602019749372072,0.008052981713298537,0.003950177612106635,-0.003425595296821819,58.87702277591443,0.7027860267151824,-7.287588293039433
1772919263.791741,1.3191036832991874,-1.2132926648455118,0.6647199832570232,0.00197080118971829,0.002125040198986219,-0.002220310293938995,58.88027433618706,0.6159769782346529,-7.365176614680637
1772919263.8174784,1.3191476526875332,-1.2132442650004054,0.6646798163003854,0.0019704647066600715,0.0021250179954460475,-0.002217819478304179,58.87770232338722,0.6973045367753001,-7.292535992360898
1772919263.8484838,1.3408884653916526,-1.2070718318739568,0.658987730771263,0.007648330027160291,0.0037243532816472556,-0.0036900325470114,58.893817593542146,0.5354303515486744,-7.438260946625913
1772919263.8721378,1.341107923407588,-1.2069674331312172,0.6588583214015687,0.0076485863181179016,0.003723833253886073,-0.0036972804215723507,58.87857098956477,0.6933758818835629,-7.296120896279338
1772919263.890819,1.3194580700506864,-1.2119486788356524,0.6619946802511947,0.0019485358124752218,0.002402794121321691,-0.00285908153403531,58.881327980040716,0.6953076302030238,-7.29468216968293
1772919263.9041426,1.3194801156197355,-1.211921493826594,0.661962332845018,0.0019485358124752218,0.002402794121321691,-0.00285908153403531,58.881327980040716,0.6953076302030238,-7.29468216968293
1772919263.9221778,1.319515759539972,-1.2118774487072324,0.6619101818154889,0.0019485196667607143,0.002402801916890757,-0.0028590417756598667,58.87795670849905,0.7037671657213704,-7.286810062239463
1772919263.9376621,1.3413430883511435,-1.2071760266686975,0.6580740439863265,0.007657461181140894,0.003622924540294273,-0.003849977438083422,58.884637604457765,0.6904425046854888,-7.299348596658456
1772919263.9562922,1.3414898128572226,-1.2071066078624952,0.6580002746227405,0.007657461181140894,0.003622924540294273,-0.003849977438083422,58.884637604457765,0.6904425046854888,-7.299348596658456
1772919264.0073674,1.3210894843412408,-1.2114746701576944,0.6613180158923766,0.0022580106065013196,0.0024428154230229145,-0.0029405756597449557,58.88300448661054,0.6934445813630382,-7.296510177566089
1772919264.0287678,1.341812417561339,-1.2068796819390943,0.6577777874056326,0.0076930950597519105,0.0036368089374733225,-0.0038540677907014814,58.897860467111514,0.6618926125591871,-7.326111113835456
1772919264.0465815,1.3419551277018762,-1.206813990513299,0.6577022637077445,0.007693257694293689,0.0036363834796435883,-0.003855352095700655,58.87993165400363,0.6997837861049893,-7.2905558581733585
1772919264.0671937,1.3211926705492436,-1.2107635293839853,0.6618855348874516,0.0021996190895620035,0.0025788756979529225,-0.0027351563424505764,58.9280311606933,0.6109374227825721,-7.3745789628593785
1772919264.108046,1.3212769309842762,-1.2106589091518785,0.6617883453960683,0.002199015410729104,0.0025796806433810112,-0.0027328051258731396,58.881251091589235,0.6979467609749017,-7.2923248959741125
1772919264.1338816,1.3213321821006996,-1.2105940468414584,0.6617197431539759,0.0021990057212306663,0.002579682179185105,-0.0027327949095648516,58.877866847965,0.7042529119138174,-7.286368558045194
1772919264.15,1.342695880066778,-1.208363648079176,0.6603306109330884,0.007792476652279405,0.0031524618449878866,-0.003083669432008668,58.98556357191701,0.6537513786175765,-7.342338567215182
1772919264.1701512,1.3428441662837165,-1.2083195718575992,0.6602637176573645,0.0077938500896471965,0.0031485924589213336,-0.003086522257051403,58.88722747611087,0.7003690059062107,-7.290776034100366
1772919264.209373,1.3209799786147165,-1.2133618636545735,0.6654796299597963,0.0020187165585825585,0.0018039752213879136,-0.0016974951711219378,58.8807285828054,0.69634790418279,-7.293693766648875
1772919264.2265737,1.3210243260350332,-1.2133222336990734,0.6654423391714884,0.0020187165585825585,0.0018039752213879136,-0.0016974951711219378,58.8807285828054,0.69634790418279,-7.293693766648875
1772919264.2452006,1.3422204321799804,-1.2098269924660074,0.662389429879406,0.0075613705077375755,0.0027104101049204377,-0.002487953964106177,58.98628809483854,0.5773029629365267,-7.410576489890975
1772919264.2734947,1.342403033052555,-1.2097758113993546,0.6623096312917675,0.007562738393367161,0.0027067773462892985,-0.002494209747019335,58.88411305499913,0.6971850587512628,-7.293294127811862
1772919264.291173,1.3204671248499569,-1.2146744471562503,0.6683270879875293,0.0017811046896841283,0.0014119811315658163,-0.000906946596704917,58.88324207601227,0.6881547805559368,-7.301241756112212
1772919264.3042126,1.3204961449003367,-1.2146514413420435,0.6683123108460841,0.0017811046896841283,0.0014119811315658163,-0.000906946596704917,58.88324207601227,0.6881547805559368,-7.301241756112212
1772919264.3208263,1.3205333717717358,-1.2146218075459412,0.6682936797314623,0.0017810864802504885,0.0014119955833169886,-0.0009068737629104446,58.878109444902705,0.7031209987553081,-7.287400484992621
1772919264.3479571,1.3423089742439167,-1.2111139589505298,0.6647657277730272,0.007470733113784366,0.0023209123014679774,-0.001824044226737384,58.96230573509865,0.6023950696561232,-7.385724907967253
1772919264.400359,1.32030736972395,-1.2160754349589296,0.6710047689612851,0.0016114103145829757,0.0009912614343081123,-0.0001656739823324147,58.96127720940045,0.4366536336609852,-7.533269212367733
1772919264.4495938,1.3420322639024738,-1.2127800601567815,0.6666976705138342,0.007263952656569344,0.001838310995008423,-0.0012891635010444445,58.97799013663345,0.5634550937008391,-7.4220650747032835
1772919264.487215,1.3422990253514395,-1.2127243600497204,0.6666291046376018,0.007265245992115749,0.0018352497882234559,-0.0012955046342957854,58.88506332851516,0.694278324361255,-7.295978527228032
1772919264.5021226,1.3201378658978555,-1.2177474870755536,0.6735101650914976,0.0014297825625047573,0.0005119084670304501,0.0005130795621399473,58.895599965400216,0.6392192075359068,-7.346063307339497
1772919264.538822,1.3417024794186538,-1.211857495619055,0.6677484200637586,0.007063079907797932,0.0020494687768845923,-0.0009997019891679984,58.88673057342403,0.6414165453275839,-7.343197667801545
1772919264.5935133,1.3205408902101108,-1.2161214861896268,0.6732679501203765,0.0014367951428440155,0.0009078322741231837,0.0004567737574959303,58.90914046173763,0.6237913529952326,-7.361190108002765
1772919264.6425552,1.3206288054913697,-1.216065937331383,0.6732958994028904,0.0014367951428440155,0.0009078322741231837,0.0004567737574959303,58.90914046173763,0.6237913529952326,-7.361190108002765
1772919264.6939182,1.344040643374366,-1.2031352965241342,0.6629359705351042,0.007519025843352756,0.004265101031698146,-0.0022482233272971713,58.75029819137316,0.4776528910799613,-7.474607006968709
1772919264.7125158,1.3441468153294092,-1.203061595260778,0.6628744681010955,0.0075181303202618965,0.004268714138708369,-0.002256975624891251,58.86866339522481,0.6893259165207872,-7.298716745911095
1772919264.7488792,1.320740884521597,-1.20859423491069,0.6700644046952231,0.0013448946769835687,0.002781201902605344,-0.00036153651111753326,58.87971880174349,0.6907756657489057,-7.298554072148271
1772919264.8008428,1.3434825720248278,-1.1976760356686627,0.6606644632582636,0.007216329524827111,0.00557128841609141,-0.002790169833748244,58.823978387646314,0.5592132580507615,-7.40983548129433
1772919264.8415358,1.3198813610364002,-1.2043862123952882,0.6680365124868974,0.0009919881390973257,0.0037742447284229456,-0.0008427280484484534,58.882315331872434,0.5657462436712021,-7.410090924138885
1772919264.888876,1.3199937917207232,-1.1935147622772577,0.6605682429765972,0.0009430893429250558,0.0065098274512767115,-0.002746143681830593,58.84798447983813,0.5862534538156691,-7.3882673714002
1772919264.914528,1.320014115239581,-1.1933744758855611,0.6605090637447223,0.0009430893429250558,0.0065098274512767115,-0.002746143681830593,58.84798447983813,0.5862534538156691,-7.3882673714002
1772919264.9641075,1.3410143882193952,-1.1763150629227033,0.6467467852515435,0.006382765983319048,0.010848478710313442,-0.006280810835270386,58.83458290101636,0.6472870925698951,-7.33263358771
1772919265.0171874,1.3201385418675633,-1.1841517894075408,0.6521157010805201,0.0008369914203558199,0.008646753296973321,-0.004789374406554071,58.86993621208922,0.6845575784967871,-7.303095432670559
1772919265.072552,1.3423448525825594,-1.1694207468501083,0.6406317464529447,0.006637105232999117,0.012364218813622867,-0.0077155141508997585,58.50696378087779,0.16106420984764408,-7.728872206150229
1772919265.1375186,1.3410213694297197,-1.1677793705444526,0.6397631061441025,0.0062277191695378695,0.01261986975254896,-0.007839823485478695,58.69269943725833,0.24577008893067742,-7.674127079648316
1772919265.2088177,1.3191235137239992,-1.1749542735041185,0.646250081723907,0.0003934138316533447,0.01051128506798907,-0.00600431707016522,58.84547650541091,0.5524069489518547,-7.418136229584499
1772919265.2686417,1.3191457619583504,-1.1743515056484646,0.6459164068597844,0.00039223137784948585,0.01051052348791217,-0.006001926128651109,58.875521138770715,0.6957840581999578,-7.293667880018519
1772919265.2890384,1.3191542717967029,-1.174123403914708,0.6457861931045495,0.0003921743302065085,0.010510507672333521,-0.006001942569232477,58.877337431058585,0.7044020661287289,-7.286182102634833
1772919265.30819,1.2956029345771223,-1.1831784950073618,0.6550310786336806,-0.005774542578598116,0.008084501122414087,-0.003550320166666246,58.83657274680219,0.5257814674878204,-7.440873542109292
1772919265.3361647,1.2955668033431387,-1.1824822094298955,0.6516902956433748,-0.005784024437393677,0.008391428119530595,-0.004048282108150843,7.615052944637382,-55.3967728205597,84.8764785390245
1772919265.3553748,1.3193725248255097,-1.1754518758544525,0.6476542663814192,0.0004969870806540109,0.01003351607995753,-0.005392954306106775,58.62937317640242,-12.674942926138613,2.8955691703499062
1772919265.376092,1.2977683357232632,-1.184370579474648,0.6564249550357405,-0.00515464761929664,0.007658494844107594,-0.0030766577571474715,58.61036355543777,-12.860856208723671,2.731549554461616
1772919265.3942313,1.2976678609845347,-1.1843484888129638,0.6567658574196883,-0.005152215552678319,0.007605645670818901,-0.003027301754517324,58.96182998650755,-0.7390850775489285,-6.228057291693504
1772919265.4098794,1.2975621387435616,-1.1841945922585921,0.6567104520443573,-0.005151960930057953,0.007603815758893372,-0.00302919565320004,58.89250873025046,0.47783880449707755,-7.119065711501127
1772919265.4222162,1.2975270639744563,-1.1841428251575439,0.65668982915153,-0.005151960930057953,0.007603815758893372,-0.00302919565320004,58.89250873025046,0.47783880449707755,-7.119065711501127
1772919265.4378147,1.3203438006542467,-1.1780832247351571,0.6496591062000306,0.0008353494271114106,0.009145165535377142,-0.004849779264321199,58.88226084941587,0.664016562250563,-7.288056032138976
1772919265.454469,1.3203543821676862,-1.1779683823786105,0.64959730491911,0.0008353557359687915,0.009145111712659785,-0.004850082589135861,58.878193614286516,0.6987695549579964,-7.28602430245912
1772919265.47381,1.2990244794429326,-1.1869365518676231,0.6576930529591397,-0.004748927006176919,0.006744648636142081,-0.0027037300683979,58.82860731407357,0.5489613383285982,-7.414183142785129
1772919265.495022,1.2989418687091683,-1.186825309978028,0.6576701172381403,-0.0047492859680128814,0.006742965696578191,-0.0026974737296632245,58.87212243452432,0.6880032971255209,-7.29967419458831
1772919265.5218568,1.298784123222247,-1.1866013452780153,0.657580521810573,-0.0047492859680128814,0.006742965696578191,-0.0026974737296632245,58.87212243452432,0.6880032971255209,-7.29967419458831
1772919265.5907705,1.3220480258931369,-1.1807936793215352,0.6523474193530509,0.0013653471670704714,0.008139344170883595,-0.004010741721177943,58.88394073131832,0.6850149207553126,-7.304084352858391
1772919265.631111,1.2996835975252596,-1.1890780238918612,0.6611862868770226,-0.004501996346473554,0.005892859626667385,-0.0016591154413365477,58.8716960803612,0.673670745108614,-7.312953091885243
1772919265.6721568,1.29949062142788,-1.1888254290504525,0.6611151696218471,-0.004501996346473554,0.005892859626667385,-0.0016591154413365477,58.8716960803612,0.673670745108614,-7.312953091885243
1772919265.7329128,1.3014181028062686,-1.1900381479982862,0.6630584613998992,-0.003992957473035283,0.005456951310827084,-0.0011104283952014632,58.875670010492115,0.6651828238514186,-7.320913869909339
1772919265.7498467,1.3013713798315345,-1.1899742943259286,0.6630454678936564,-0.003992957473035283,0.005456951310827084,-0.0011104283952014632,58.875670010492115,0.6651828238514186,-7.320913869909339
1772919265.7741218,1.3042759992988395,-1.1939286288440583,0.6652799155274268,-0.0032115849291409313,0.004393346291935153,-0.0005210006833070685,58.87639100302233,0.6619989269204221,-7.323823170399197
1772919265.8011923,1.304166155587938,-1.1937783661324595,0.6652620960863411,-0.0032115849291409313,0.004393346291935153,-0.0005210006833070685,58.87639100302233,0.6619989269204221,-7.323823170399197
1772919265.8375423,1.3040603250049212,-1.1936335986228663,0.6652449612033936,-0.0032116039004119763,0.004393339686522246,-0.0005209385500480005,58.877380831575294,0.701703620061029,-7.288588135821323
1772919265.858452,1.326606700853063,-1.1883228582996141,0.6614325113768942,0.0027030918343088177,0.0057668457434494665,-0.0015167219856260334,58.896410280182266,0.6577118324175311,-7.329685099529752
1772919265.8808534,1.326672386250673,-1.18818272338048,0.6613956548833689,0.0027030918343088177,0.0057668457434494665,-0.0015167219856260334,58.896410280182266,0.6577118324175311,-7.329685099529752
1772919265.9348478,1.3049539034338442,-1.1964316081812068,0.6688743007860081,-0.002956634187021956,0.0035536244927511598,0.00043955588015978154,58.872042198237004,0.6729921570994419,-7.313594735426913
1772919265.9561834,1.3048660729499784,-1.19632604336022,0.6688873583383458,-0.002956634187021956,0.0035536244927511598,0.00043955588015978154,58.872042198237004,0.6729921570994419,-7.313594735426913
1772919265.9977877,1.3067959543168846,-1.1987080292442809,0.671199889145415,-0.002423278506993371,0.002896482975524566,0.0010330865386228498,58.88030608377791,0.6554000307756075,-7.330101097981588
1772919266.0211434,1.3067450944461503,-1.1986472380608593,0.6712216014891071,-0.0024232310681055777,0.0028965013247917366,0.001033158831331199,58.87763307143805,0.7020367200011248,-7.288317589313433
1772919266.038224,1.306716626144644,-1.1986132097446525,0.6712337391170459,-0.0024232310681055777,0.0028965013247917366,0.001033158831331199,58.87763307143805,0.7020367200011248,-7.288317589313433
1772919266.0759926,1.3286550569477926,-1.194198925067257,0.6664750991088702,0.003310613003023151,0.004017978075890322,-0.00021512470877762253,58.886276860088316,0.6870721904891687,-7.302515831713021
1772919266.126561,1.3069698988928904,-1.2022808626770694,0.6747258346115877,-0.0023619225195121124,0.0018652629536827282,0.0019288915494740442,58.87366371860046,0.6822845564580091,-7.3054878911748
1772919266.1931517,1.308429544645507,-1.2050593991548932,0.6785756676147818,-0.0019443895149970924,0.0011119206131481494,0.002904235498036801,58.886614603470484,0.6683393113901761,-7.319228859574419
1772919266.2196488,1.3083601362689672,-1.2050197072083957,0.6786793393685394,-0.0019443895149970924,0.0011119206131481494,0.002904235498036801,58.886614603470505,0.6683393113901765,-7.31922885957442
1772919266.2651744,1.3300833902749565,-1.199844592022574,0.6741094805369985,0.00372344232415363,0.0024436840858948956,0.001682797285043013,58.87958503436168,0.6983637907616034,-7.291784557588452
1772919266.3080962,1.3078445638134775,-1.2060689309376105,0.6801477495639213,-0.0021120853471165925,0.0008010900029391415,0.003249240362601916,58.89475545748351,0.5427448959513204,-7.431842810784532
1772919266.3945017,1.3302200796594457,-1.2001523002878138,0.6755957389768061,0.0037235198415376996,0.002309139515186782,0.0019898170035873965,58.88273042228282,0.6767458635011266,-7.311345528500256
1772919266.4500537,1.3053600239029313,-1.2078555338377297,0.6826084888285188,-0.0028431752491501123,0.0002614109057862118,0.003808035829793598,58.875128412012124,0.5272718892489953,-7.443569566493638
1772919266.4960716,1.3051694595939234,-1.2078389719771185,0.682891433133784,-0.0028433210523266823,0.0002613434767615738,0.0038159292326528796,58.877270797704206,0.6915887444865111,-7.297578980434923
1772919266.5430298,1.306350219646005,-1.209421494045568,0.6854424999114666,-0.002507668649000413,-0.0001516319304227544,0.0044404002628728205,58.88198069044627,0.6785155589704953,-7.309694715508326
1772919266.5912673,1.329217532232238,-1.2053395730106413,0.6814997589234268,0.003499898662525231,0.000917763833704205,0.003363419542048136,58.88865351204356,0.6866142330415841,-7.303168080275196
1772919266.6302872,1.3057062630863217,-1.2136234114321964,0.6886801824763967,-0.0027090409328901486,-0.0012659817925075299,0.005205165033707041,58.82800763692343,0.2692735267143033,-7.667856640516408
1772919266.6814077,1.3276378810332865,-1.2090254281698345,0.6837257132602064,0.003023385673841477,-5.282882959013247e-05,0.003837639981945005,58.88377832425745,0.661249142859634,-7.325243399672875
1772919266.7276146,1.3056284303115115,-1.2170556227358658,0.6912756775582749,-0.002717136251027377,-0.0021343085394677093,0.005753032412886805,58.87523260478923,0.6883616244095646,-7.300240626314829
1772919266.75849,1.3280805565544695,-1.2122764933209966,0.6856529467056854,0.003197295904000033,-0.0008618740221304363,0.004227160926713251,58.953523300242885,0.47108238040632827,-7.501824505836318
1772919266.849137,1.3052961648592298,-1.219305098941241,0.6926624289660185,-0.002818128570295751,-0.0026768674262419587,0.005963060808099207,58.886460600605425,0.47490315377504966,-7.491339681598042
1772919266.9336972,1.3069703839965792,-1.220833659689577,0.6920026619531908,-0.002341862195135336,-0.003016298325506426,0.00566586925252713,58.87740612918036,0.6929620224759679,-7.296369483414169
1772919267.0151427,1.3080892287453236,-1.222105828449026,0.6906973369435813,-0.0020192221458504595,-0.0032858617201628193,0.005212252871656019,58.8822825439452,0.6625430002677392,-7.323939975089611
1772919267.0750494,1.3079714123302466,-1.222297545872879,0.6910015656126431,-0.002018944855154818,-0.0032857591392340658,0.00521244600567734,58.87764602390068,0.7033963780201292,-7.287108451772543
1772919267.1023777,1.3308897583312738,-1.215786582668723,0.6840009399017114,0.004002199903294342,-0.0015586386015513205,0.0033448037102749395,58.893749239911145,0.4687789959683693,-7.497560496894728
1772919267.1453013,1.3315793713168416,-1.2128531428378881,0.681293838695223,0.004159427835072482,-0.0007585803324242617,0.002574185553200296,58.86220015577235,0.4205188259176909,-7.537116381696548
1772919267.1774254,1.331658437317845,-1.212864647740698,0.6812974465707363,0.004160903473276954,-0.0007577049565980755,0.0025624886946809425,58.87639405646218,0.6857938794907532,-7.3026437964551825
1772919267.2115874,1.3106411475964845,-1.2175544567290457,0.6860188695904718,-0.001381956138374357,-0.0019790288642310807,0.003775368844548503,58.88273678990394,0.6895425941943999,-7.299957897076763
1772919267.234285,1.3106089935805647,-1.2176005028544175,0.6861067112133419,-0.001381956138374357,-0.0019790288642310807,0.003775368844548503,58.88273678990394,0.6895425941943999,-7.299957897076763
1772919267.2585187,1.330825806853846,-1.2120063155289578,0.6792399928115948,0.003900399471227862,-0.0005056253391017883,0.001957061870306707,58.879419501263094,0.6862478317717401,-7.302550093723179
1772919267.276269,1.3110117900875111,-1.216662981382768,0.6836273691224826,-0.001320597300627173,-0.0017277804677521362,0.0031034358504831543,58.9299140956889,0.5302854591384856,-7.446610543309255
1772919267.3090303,1.3109582186186173,-1.2167216142354698,0.6837734305923112,-0.0013214295681432664,-0.0017261788929765153,0.0031111976766246842,58.881349313243575,0.6920002938791334,-7.297628284197784
1772919267.3470163,1.3109096095164428,-1.216785043295394,0.6838880005982165,-0.0013214124163994031,-0.0017261592682631716,0.0031112592259532534,58.87777754708872,0.7039541928565671,-7.2866254186749195
1772919267.366172,1.3324826962585596,-1.210771861911336,0.6762625746537655,0.00435396628708148,-0.00013837109207427028,0.0010937970038033176,58.898082779416185,0.4550912275714267,-7.5101996184987865
1772919267.4154654,1.3121197517968004,-1.2162985989409798,0.6817700689055016,-0.001016690389206626,-0.0015797313577862505,0.0025177928136579097,58.882078945964246,0.666072026873732,-7.3207792589564376
1772919267.4339113,1.3121012939255858,-1.2163272787418957,0.6818157790803915,-0.001016690389206626,-0.0015797313577862505,0.0025177928136579097,58.882078945964246,0.666072026873732,-7.3207792589564376
1772919267.4676986,1.3120701441604554,-1.2163755955279012,0.6818932149709587,-0.0010166355731889903,-0.0015797013384757474,0.0025179267644533806,58.8778268659152,0.701936311582016,-7.2884263372576745
1772919267.5430412,1.3129698748599092,-1.2169581195759311,0.680170641066727,-0.0007359846854549492,-0.0016896607222683742,0.002010328766955066,58.88340795663574,0.6726600275049736,-7.315056677840329
1772919267.626029,1.3138741625001005,-1.2166346731130575,0.6769065266948983,-0.0005219228879517548,-0.001576431233364832,0.0011317734990875224,58.94283020914223,0.5395870262247545,-7.4396761161740415
1772919267.659174,1.3138561596903615,-1.2166787026692658,0.6769545450024779,-0.0005223675180858049,-0.001575438878106824,0.0011354022165733482,58.880076867449304,0.6983667103696686,-7.291832381070186
1772919267.7236202,1.2940511949449887,-1.2216582378179726,0.6809400899922134,-0.00564925011446292,-0.002838955639761491,0.002148902586869765,58.880471463185664,0.6948260365932726,-7.29502328300658
1772919267.7889972,1.3178011575429474,-1.2163174662150633,0.6738164043089436,0.0006221644159691491,-0.0014036029358216239,0.0002609340109331384,58.87830575020153,0.7018695281015148,-7.28853431217375
1772919267.8026044,1.2977111670295507,-1.2218622717093142,0.6776552307892725,-0.004648432903469685,-0.0028535011589225613,0.00126660567354627,58.89257243572954,0.6119724428522093,-7.370005508823038
1772919267.8199663,1.2976093945501133,-1.2219203127759755,0.6777084954825083,-0.004649187294718431,-0.0028528090064738653,0.00127347585108595,58.87976301207637,0.6907921588974597,-7.298541470240919
1772919267.8393931,1.2975217685915523,-1.2219740144753048,0.6777328828621257,-0.004649193086762931,-0.0028527924115285394,0.0012736129919016256,58.87768981452197,0.7036076409628794,-7.286924885970244
1772919267.8578358,1.2974254699325134,-1.2220331033760423,0.6777592686316266,-0.0046491928127438825,-0.0028527917809731554,0.0012736170945727447,58.87749624799487,0.7048050136624837,-7.285839569887022
1772919267.8903894,1.2782265929969212,-1.2283713055735603,0.6819777243183115,-0.009604280754516907,-0.004478310595009381,0.0023600482446922925,58.87375732013166,0.6611046356807749,-7.324349768993951
1772919267.9041185,1.2780518149192661,-1.228452976373572,0.6820241345627183,-0.009604274558687313,-0.00447837513526493,0.0023611916371227963,58.87712883077357,0.7010463112713561,-7.289147539914231
1772919267.927573,1.2778454776627193,-1.228549189328913,0.6820748621633932,-0.009604274558687313,-0.00447837513526493,0.0023611916371227963,58.87712883077357,0.7010463112713561,-7.289147539914231
1772919267.967334,1.3027662379949172,-1.2225369659821697,0.6762026276406583,-0.003054300312693953,-0.002879060145150945,0.0008170882688168398,58.8821100911635,0.6869223752678442,-7.302224750444129
1772919267.9940503,1.2819890821519078,-1.2286107816518193,0.6800757804630435,-0.008431137003416828,-0.004435030391476947,0.0018173913108715744,58.87894936757626,0.6913970287003107,-7.297919962087905
1772919268.0109682,1.2818765987543197,-1.2286699512853618,0.6801000270562741,-0.008431137003416828,-0.004435030391476947,0.0018173913108715744,58.87894936757626,0.6913970287003107,-7.297919962087905
1772919268.0617237,1.30626665513427,-1.2230828507843134,0.6747842649257677,-0.0019859648961096914,-0.0029251331126263513,0.0004131630226154605,58.88133076177509,0.6929770034259818,-7.296756331201374
1772919268.09434,1.2850399489575457,-1.2291565969318474,0.6790186780225708,-0.007524402819300823,-0.004499068609148618,0.0015173636437028455,58.895958668673416,0.5619634416324825,-7.41486231165593
1772919268.1165116,1.284758671957075,-1.2293217654970883,0.6790967102937998,-0.007524901220174044,-0.0044985250329422875,0.0015237915218194013,58.87867796890418,0.6955374978617418,-7.294207469173846
1772919268.1846144,1.3089468948652154,-1.2248260301847747,0.6744279103555191,-0.0011575352651617115,-0.003286235512944574,0.00029425528624413126,58.88498605856159,0.6913359850448704,-7.298589342232343
1772919268.2205474,1.287010619451248,-1.2317582203330328,0.6796879995034437,-0.006850516614061288,-0.005031227001494537,0.0016578082907582577,58.88764031665626,0.3604758809425666,-7.593244402379255
1772919268.2928753,1.291011795274268,-1.233273507405141,0.6796438848888168,-0.005681907142947045,-0.005333378995597625,0.0016151118796156304,59.03139380836103,0.25668653304412525,-7.701228917442778
1772919268.3454282,1.2907003993321233,-1.2335635671710121,0.679738329022817,-0.00568204715487773,-0.00533228920327588,0.0016193283225505563,58.888722560876495,0.6718527447860925,-7.316313626010068
1772919268.3785982,1.3134314798765374,-1.2293667627033837,0.6752331856965836,0.00025915842439982757,-0.0042000098868298155,0.000438088083160069,58.90674884416082,0.6519490764972716,-7.335872326663227
1772919268.4219897,1.292149225134806,-1.2369250616889595,0.6816593390271063,-0.005250888189825252,-0.0061125833563915235,0.0020966165042020104,58.87697436854296,0.6817673754714196,-7.306279261936308
1772919268.4532447,1.2919585781777825,-1.2371469800398776,0.6817357478307564,-0.005250858429593641,-0.00611257564452845,0.0020968083166565056,58.87743025828862,0.7034062819094274,-7.2870770395663325
1772919268.504872,1.293675763084526,-1.2375054165746127,0.6806613062464016,-0.004813445444260196,-0.006150271980141918,0.0018128741841930565,58.85720290935604,0.5889002661712114,-7.386888147130306
1772919268.5730824,1.3146921724397833,-1.23048689909338,0.6749063827387611,0.0007107589655998454,-0.004225410799645628,0.0002921906662648819,58.872631150326534,0.6736171631914435,-7.313099750793711
1772919268.6193972,1.3147233261464544,-1.2306719729721127,0.6749188384200598,0.0007107889341273179,-0.004225394141834075,0.00029212818071219055,58.87719936155413,0.7032860765628499,-7.28716128024489
1772919268.6431491,1.2932494319718384,-1.2386769729593285,0.6802170869349684,-0.004881086484123485,-0.006285155779573938,0.0016688445075414152,58.848367104025414,0.5798635330234404,-7.39401492275785
1772919268.7073667,1.2937347292073074,-1.2393029401445677,0.6800411179081518,-0.00475712519157012,-0.006357377848687479,0.0016139319828085124,58.89125587544193,0.5192428611367309,-7.452413410969825
1772919268.7529125,1.314822079187005,-1.2336555876875521,0.6761821758550848,0.0008050419502815872,-0.00481452004945596,0.0005885780429233385,58.89669186679941,0.5708093781810921,-7.407070739740941
1772919268.7910993,1.2949831038144084,-1.2394309841838655,0.6816097792370405,-0.004352842516350212,-0.006245777236664586,0.0019887069468089618,58.88079846531927,0.6772853718980414,-7.310667560500939
1772919268.8733919,1.3169530668932807,-1.2330275002512239,0.676683589925722,0.0014426896499396468,-0.004485756543089403,0.0006751573886462851,58.87800291569583,0.6831568631417078,-7.305156750821451
1772919268.9099464,1.2978185889332305,-1.2368024049047064,0.681462873755691,-0.003517216191919156,-0.005399192381782965,0.0018998853736475545,58.88002773086493,0.6984861570304288,-7.291721348104439
1772919268.9343982,1.2977707778825336,-1.236875798476953,0.6814886997245714,-0.003517216191919156,-0.005399192381782965,0.0018998853736475545,58.88002773086493,0.6984861570304288,-7.291721348104439
1772919269.0391848,1.2780507507825505,-1.2432190548010449,0.6861024059598178,-0.008520606857767612,-0.0068939606359253065,0.0030432985918234343,58.87781414558409,0.6959705507373006,-7.293734785385461
1772919269.083564,1.2846369776066457,-1.2400324397186588,0.6836602976242651,-0.006733149938875175,-0.005987730859834773,0.0023737859519378573,58.89543434244369,0.33063044072820424,-7.6207986076857095
1772919269.132657,1.3069521854460178,-1.233551134982628,0.6797721776625085,-0.0008055465473382952,-0.004212881165407868,0.0013254025509547617,58.89010637699215,0.4323643260214577,-7.529586854981618
1772919269.2359498,1.2867596626844118,-1.2407929032045042,0.6846638228091035,-0.00599581295628572,-0.005972223810345655,0.002554587657719401,58.875460126353836,0.6747860895118024,-7.312349216463016
1772919269.3121853,1.2895287999435767,-1.2422293226130399,0.684738265766575,-0.005184644860704546,-0.006229629566800024,0.002527290853273771,58.87711616439876,0.5768323008244058,-7.399671909913512
1772919269.406331,1.3124253456946569,-1.2363128117770321,0.6792284179009905,0.000859184572434422,-0.004545218684909383,0.0010415224623602606,58.87912725353544,0.6900143102163467,-7.29916895525552
1772919269.4567165,1.2903384393852002,-1.242455423584981,0.684160415456262,-0.0048935384303672395,-0.006088876278497706,0.0023121054457964055,58.87984912790532,0.6907326974060026,-7.298603880427746
1772919269.5505497,1.2929763451893643,-1.2424003386657998,0.6838253832515124,-0.0040896707964926575,-0.00592299964442713,0.0021680625687640477,58.887541742966164,0.673122737984891,-7.315061700439431
1772919269.5981922,1.2726213108157858,-1.247386968866571,0.6887337718289722,-0.009343811591628474,-0.007138808553024227,0.00341715418973662,58.91999133158164,0.5701446492233385,-7.410077326764998
1772919269.6844893,1.2964379629120506,-1.2411693053386592,0.6843408108457775,-0.0030126475024062852,-0.005385177068008037,0.0022105476575715504,58.967399509914735,0.2653833547627657,-7.686396067156266
1772919269.7215564,1.3180607453186521,-1.2365345238933283,0.6817492847221753,0.002606879986189314,-0.004133970439760704,0.001523314254427394,58.88733220638899,0.6778162547182349,-7.310856630830641
1772919269.767149,1.2963891954835516,-1.2419007082209976,0.6876204387809223,-0.003048003329605257,-0.005484894651946266,0.0030318453248911036,58.88353717055309,0.6821419376666951,-7.306624384029054
1772919269.828706,1.297585124128512,-1.2424234926630444,0.6897038778639046,-0.0026903531368135465,-0.005528278541944905,0.003516895002453751,58.88458524646681,0.6839704186974821,-7.30510448079981
1772919269.9446929,1.3188397271020271,-1.2379639561844369,0.687303998340803,0.0028533506594233034,-0.004219502938361837,0.002796086316510137,58.88224121868916,0.6943756570482212,-7.295603359083497
1772919269.970275,1.2969956663863353,-1.2428900999056904,0.6926909347984547,-0.0028655556410886107,-0.005481230250178917,0.004186091874586937,58.98456652201042,0.4070426433208065,-7.5621525031207515
1772919270.0511146,1.2981494129820805,-1.2436366136970989,0.6960442497785102,-0.0025680129775198087,-0.005573532275375104,0.004979473774935,58.89317617291307,0.6597272645888718,-7.3275700176530965
1772919270.1032193,1.3203249584627854,-1.238024395999917,0.6934182503141146,0.003259015127918824,-0.00402756253900247,0.004221984615555036,58.903968152504575,0.6078820329514222,-7.374819035229797
1772919270.139674,1.2995729052588583,-1.2436909315490225,0.6996199153182051,-0.002163845545603328,-0.005456075937862823,0.005787419725686143,58.88223973311224,0.6790253834324306,-7.309263586470243
1772919270.2245703,1.3011159981661238,-1.2438555273832137,0.7030729106978131,-0.0017651375531299912,-0.005386169528556806,0.006557358700818374,58.8818637337069,0.6931643284438407,-7.296643621727026
1772919270.282255,1.3031201240543633,-1.2420975901755562,0.703899214506094,-0.001249205043324919,-0.0048574861814360505,0.006687839346458484,58.89844259070701,0.6139066819713398,-7.368892836291086
1772919270.3286288,1.303057524750705,-1.2423387137247865,0.7042356094414327,-0.001248965303928475,-0.004857212122801262,0.006688935245880806,58.878951775419566,0.6985237038163099,-7.2915781388352165
1772919270.365266,1.305719924156476,-1.2393347494434213,0.7047542516687191,-0.0005416798149908553,-0.0040326576161632014,0.006772685862678698,58.890308091429596,0.6679364732481596,-7.319959959413877
1772919270.39005,1.3057045245948755,-1.2394493949547647,0.7049467941823165,-0.0005416798149908553,-0.0040326576161632014,0.006772685862678698,58.890308091429596,0.6679364732481596,-7.319959959413877
1772919270.4264767,1.3056861833001645,-1.239585962750661,0.705176171048313,-0.000541555108914267,-0.004032610361515008,0.006772727027163354,58.87857881664413,0.7017837363457613,-7.288638492319987
1772919270.4721267,1.3082224035212293,-1.2385499558452728,0.7034203886225848,0.00012826830911481367,-0.003706301401192542,0.0062206251336799,58.88994585522042,0.6722098813070524,-7.316118408155745
1772919270.5040488,1.3082260058443342,-1.2386539874073124,0.7035949958791667,0.0001283643810867333,-0.0037062683872556078,0.006220643437230344,58.878587102227584,0.7020509263236228,-7.288401473297804
1772919270.521945,1.30822838739108,-1.2387227498735263,0.7037104075923747,0.0001283643810867333,-0.0037062683872556078,0.006220643437230344,58.878587102227584,0.7020509263236228,-7.288401473297804
1772919270.5571117,1.3296420431993479,-1.2346552766186785,0.6988267190904126,0.00572536659307829,-0.002613548544857609,0.004894853670428721,58.88530333119432,0.6882508523738655,-7.3013667474971715
1772919270.5740552,1.3100247734108934,-1.2393254748952096,0.704278097699616,0.0005132138674737389,-0.0038191498705241107,0.006285489209111295,58.90103122902698,0.6238713256481667,-7.360284418421133
1772919270.6077342,1.3100359973457463,-1.2394089993127226,0.7044155607065088,0.0005132138674737389,-0.0038191498705241107,0.006285489209111295,58.90103122902698,0.6238713256481667,-7.360284418421133
1772919270.6223397,1.3100420213805286,-1.2394616082201464,0.7045143757773483,0.0005130882870040308,-0.0038186353822989385,0.006287876086949955,58.87978460237726,0.6969975849321053,-7.293020755323984
1772919270.6350825,1.3310475984085692,-1.2352680036688592,0.6989302139122382,0.0060279736921271514,-0.0027043528897786467,0.004800350805323993,58.93544173946967,0.5570462724034398,-7.423343212733375
1772919270.6520438,1.3311331817358405,-1.2353122010293964,0.6989635977761556,0.006029566039264046,-0.002706397561649436,0.0047921849535069215,58.88415874568203,0.6878656601437944,-7.301593417472007
1772919270.6749468,1.3120126042933302,-1.2402001374445681,0.7042616037711941,0.0009832151460050726,-0.00396717238693674,0.006145586562225297,58.88257243800035,0.6833537537510463,-7.305447125035768
1772919270.6908884,1.312024511522245,-1.240248361013616,0.7043369308642659,0.000983253290718229,-0.00396713636792354,0.006145716744194687,58.87797598649512,0.702832748711432,-7.287643529074096
1772919270.7127123,1.312044610725984,-1.2403294553591648,0.7044625587305849,0.000983253290718229,-0.00396713636792354,0.006145716744194687,58.87797598649512,0.702832748711432,-7.287643529074096
1772919270.7290971,1.3120631966070533,-1.2404044453554304,0.7045787366796781,0.0009832585357030196,-0.003967134526073713,0.006145718283390565,58.87751790522998,0.7047755013538666,-7.285868026859381
1772919270.7981346,1.313217862028311,-1.2411536517447839,0.703793251517858,0.0012095908556031725,-0.004101590262004256,0.005838609767558701,58.87764253593008,0.7027199797387198,-7.287710137312284
1772919270.8226802,1.3132438830733546,-1.241241886261822,0.7039188532674492,0.0012095908556031725,-0.004101590262004256,0.005838609767558701,58.87764253593008,0.7027199797387198,-7.287710137312284
1772919270.8658354,1.3348464210736748,-1.2370403235605436,0.697520318010403,0.0068633590130469015,-0.0029487250706409537,0.004087986082476388,58.88323386079688,0.6883696716396991,-7.301050472954087
1772919270.8977005,1.3138548567445558,-1.2432123937518338,0.7022131626365128,0.0013015468233255703,-0.004549537020896684,0.005292124218306604,58.87938960047935,0.688814972126504,-7.300262441609175
1772919270.912585,1.3138737513894183,-1.2432784396940606,0.702289988768221,0.0013015468233255703,-0.004549537020896684,0.005292124218306604,58.87938960047935,0.6888149721265044,-7.300262441609177
1772919270.9303296,1.334675245498486,-1.2395008843009339,0.6960154192545179,0.006763123377790736,-0.0035215144522484387,0.0036020094554149572,58.928135370709796,0.5778111009920736,-7.404092104552767
1772919270.964125,1.3348629577494107,-1.239598624851796,0.6961153939651594,0.006763123377790736,-0.0035215144522484387,0.0036020094554149572,58.92813537070981,0.5778111009920736,-7.4040921045527694
1772919271.0049136,1.3135572834103515,-1.245794285441387,0.7007193070712944,0.0011316778710856708,-0.005099432637778678,0.004763521822665336,58.88225377364159,0.6821355818944029,-7.306491962005899
1772919271.0423956,1.334883029193369,-1.2411731590580581,0.6957638432962373,0.006731065607270555,-0.0038405921745618826,0.0034198990519448726,58.89955087509541,0.6393533643009043,-7.346347872111072
1772919271.0795448,1.3128685904498987,-1.2476933039083145,0.701023056764742,0.0008409938765367841,-0.0054971243646552825,0.004751098367466363,58.894918300745665,0.5612555022150035,-7.415388544775113
1772919271.1810899,1.3129398644934782,-1.248166839033771,0.7014463765441523,0.0008413999623986863,-0.005496652063836433,0.004754528013393943,58.878233815343094,0.698607161293828,-7.291430586949388
1772919271.2888749,1.3125765088551768,-1.2493989925003874,0.7020696246048752,0.00062046085985786,-0.00570330124208436,0.004829934303488026,58.96085229127589,0.45390522472495337,-7.517881053485663
1772919271.35274,1.335636110333601,-1.2442190096906873,0.696022027440089,0.006599391708735649,-0.004249496809022888,0.003164284014132382,58.883966247822265,0.6802763141498473,-7.308320610195863
1772919271.4203815,1.3333321488288954,-1.2431029717616207,0.698463223274873,0.005957563660549409,-0.0039051715804313465,0.003753454276084711,58.88285066021197,0.692061832883401,-7.297724963232282
1772919271.4492102,1.311865235215777,-1.2455274224191666,0.7030409788904904,0.0002589927320392135,-0.004491195884271675,0.004906893292393006,59.10764278879629,0.4666328335302064,-7.522052366386842
1772919271.5505784,1.2900705340800478,-1.2482979361828657,0.7066461051771832,-0.005426963837277492,-0.005091060488941091,0.005710358246126363,59.192912041743995,0.4565988518919337,-7.540042733599704
1772919271.5931985,1.2934513332310846,-1.2426969698133497,0.7035585254054576,-0.004493271153978646,-0.0035811256582916166,0.004838484203451119,59.8199875324857,-0.5676612375123075,-8.529713050387278
1772919271.644538,1.3157815146927203,-1.2364469864961736,0.6990992244659525,0.0014330929315510687,-0.0018787337812162992,0.003597099692070281,58.88138593574941,0.6829463029273547,-7.305676961484961
1772919271.7071483,1.295538225986537,-1.2381546854294256,0.7007620186650516,-0.0038813367413708328,-0.0023042963259237615,0.003990840901892708,58.89511836365799,0.6953552025884681,-7.296046082490275
1772919271.7276418,1.2954418834587942,-1.238211882665198,0.7008610793047041,-0.0038813367413708328,-0.0023042963259237615,0.003990840901892708,58.89511836365799,0.6953552025884681,-7.296046082490275
1772919271.7674718,1.318251092345603,-1.2327391436975772,0.6954033927868125,0.002115255288459832,-0.0008492178973852173,0.0025200167688444923,58.898028328487115,0.6303924169881618,-7.3541690015242605
1772919271.7962666,1.3182971382814772,-1.2327584131160152,0.6954510065289831,0.002115595999968122,-0.0008494822492185546,0.002518359706581113,58.879088942227085,0.6990957405481704,-7.291082517300869
1772919271.8326247,1.2980191242934007,-1.2349152614133125,0.697467342916722,-0.0031695911038430898,-0.0013995265521424374,0.0030127735872461825,58.882930981325224,0.701304390050359,-7.289507407360999
1772919271.862668,1.3032692703808764,-1.2235866688471604,0.6918811038091282,-0.0017205540523999971,0.001487673071663965,0.0015379075557440803,148.4423095436356,-1.2597466382876938,0.9132067041183716
1772919271.8965924,1.3013409153662585,-1.23573458014387,0.6953310688354085,-0.0022054348122712533,-0.0016810510168117812,0.0024195720528343363,148.58604590192317,-1.3285919788587137,0.8502491374410625
1772919271.940807,1.2993420467987833,-1.2363381219620204,0.6955023213434949,-0.002764949004682505,-0.0017182806639247624,0.002423732608558701,73.54883705100474,1.3105368545124918,-5.8959947736210285
1772919271.992035,1.3013687901520528,-1.2357851714052335,0.6954182511043063,-0.0022754340537808017,-0.0015385517411956166,0.002374866580034712,59.01626570306453,0.6722467256156813,-7.316556043429921
1772919272.0356212,1.3012735723540234,-1.2358388610428084,0.6955175301941958,-0.002276236329719398,-0.0015362199062186055,0.0023756631052989988,58.89222009221941,0.7015178019194508,-7.288941459954248
1772919272.0557477,1.301232416381948,-1.2358666369915254,0.6955604838731027,-0.002276236329719398,-0.0015362199062186055,0.0023756631052989988,58.89222009221941,0.7015178019194508,-7.288941459954248
1772919272.1012754,1.282581842628679,-1.2377774877960468,0.6966780565571279,-0.00710466132299559,-0.002015446016061392,0.002638816595330083,58.88983391882972,0.6998259300167364,-7.291456839763684
1772919272.1466658,1.2878560673321737,-1.2331571861832618,0.6914565111749333,-0.005622877737024917,-0.0007799062485619168,0.0012369306054564502,58.91584897170473,0.6292788816939069,-7.35698633449651
1772919272.2092927,1.2875608726832743,-1.2331980966394867,0.6915215365066991,-0.005622816871088451,-0.0007797319893165754,0.0012373323495753167,58.87991724587132,0.7001570388563085,-7.2902218092770825
1772919272.2303464,1.2874536514336543,-1.2332129653147752,0.6915451311432946,-0.005622816871088451,-0.0007797319893165754,0.0012373323495753167,58.87991724587132,0.7001570388563085,-7.2902218092770825
1772919272.3256235,1.292028640883651,-1.2299556508798173,0.6869408068127036,-0.0043684817409630405,6.437165731446696e-05,3.4275309401360794e-05,58.880442412506646,0.7019949938641707,-7.288640149230273
1772919272.3622801,1.3161226608239278,-1.2252887070753915,0.6804830205880803,0.0019536331002967667,0.0012779172161764124,-0.0016466809058725501,58.88365611971677,0.6911953452113518,-7.298578322301861
1772919272.410178,1.2956771676485679,-1.2291833566405135,0.6821112738053711,-0.003340728602893579,0.0002536026180202455,-0.0011992739595307815,58.878729329569246,0.7030859110431507,-7.287494802834359
1772919272.5288615,1.2988018355080215,-1.2299514322212248,0.6803325862489049,-0.0025277384293761,3.809076414980285e-05,-0.0016182924453728685,59.008732576357254,0.5591973729847566,-7.429037214909179
1772919272.565586,1.3210957255877336,-1.2277369179769622,0.6771144492935399,0.0033154694776371045,0.0006149070130128353,-0.0024359392910062202,58.992798809957534,0.6165364382734828,-7.376266351665129
1772919272.6449752,1.299451833457848,-1.2329737157266285,0.6796867802153151,-0.0023434703320785537,-0.0007507673011919853,-0.0017258046210667478,58.886323952592804,0.6920754223266155,-7.29805596663551
1772919272.7048213,1.3000857893904394,-1.2345886531874648,0.679763072490993,-0.0021948132350949425,-0.001168695587525893,-0.0016722224240929943,59.09262641596732,0.2913103281560128,-7.676706272980733
1772919272.731508,1.3000180527445668,-1.2346007261955667,0.6797729755923875,-0.002198645673868582,-0.0011641839713455063,-0.0016582205445579404,58.886762777808165,0.6869821021600023,-7.302633925190416
1772919272.7747672,1.3220355851123406,-1.2307493666752094,0.6734521654883421,0.0035137177620898903,-0.00015387154716538844,-0.0032655431236929613,58.88398361259351,0.6915094312200722,-7.298330791942851
1772919272.8006968,1.3000629174916778,-1.2355312294918008,0.6772335141896825,-0.002230788546703915,-0.001400193663198342,-0.0022658331147369423,58.884342722854306,0.6905559452823865,-7.299217397840561
1772919272.8401816,1.3214483885079154,-1.2318498302950478,0.6720845374209492,0.0033825402521269134,-0.0004214882175506312,-0.003583193333129384,58.88880758542239,0.6847121701282229,-7.30487357526333
1772919272.8640783,1.3215200860669325,-1.2318587643133005,0.6720085867459175,0.0033825402521269134,-0.0004214882175506312,-0.003583193333129384,58.88880758542239,0.6847121701282229,-7.30487357526333
1772919272.9499094,1.299207363668437,-1.236990376530428,0.6742436415978151,-0.0024808162138383483,-0.0017446419720350478,-0.0029273662373006503,58.882258537426615,0.6966996546956461,-7.293537245170911
1772919272.9796278,1.300623456556765,-1.237088446092987,0.671268415744283,-0.0020767680553208964,-0.0017439943787842995,-0.0036547561055642283,58.89294136918002,0.6823760052625683,-7.307374381449365
1772919273.041496,1.3005312975748438,-1.2371658211359287,0.6711062691654714,-0.0020768620723022892,-0.0017439898737073606,-0.0036546987472808627,58.878426376734986,0.7035960916202841,-7.287009946100297
1772919273.0712616,1.300484000031696,-1.2372055378246798,0.6710230390666564,-0.0020768653527678963,-0.0017439897871139617,-0.0036546968817433873,58.87757274994281,0.7048445460985906,-7.2858121513884395
1772919273.1219263,1.3006271203221662,-1.2368679676163927,0.6684516030615326,-0.0020483278162093323,-0.0016434697238558304,-0.004279447891559049,58.88853770707901,0.6878687609817867,-7.302042220186555
1772919273.1656897,1.3227866914303312,-1.232870660180598,0.6633832913864113,0.0037853577112153176,-0.0005736559050374651,-0.00554853971539857,59.043299956417265,0.4113723859180052,-7.564526827840094
1772919273.2597716,1.3019275038650162,-1.2381902318830524,0.6681830717369585,-0.0016925562246598576,-0.0019301789565273927,-0.004165415741127542,58.92508635384924,0.5277261778558009,-7.448363307992665
1772919273.3217962,1.3060358698786216,-1.238418535336411,0.6691861523314384,-0.0005964664164000598,-0.0019614580451348777,-0.003843168816289672,59.00631536422137,0.28227781060095847,-7.675669668092277
1772919273.4271684,1.3077891445370917,-1.2342238460661352,0.6678817308649171,-0.00013251643327622127,-0.0008348798566533457,-0.004079716460465333,58.87433289229852,0.6174713201731236,-7.363030407570551
1772919273.494628,1.30941154537377,-1.2282906746027837,0.6665796069697045,0.00029262243142908466,0.0007242708816432417,-0.0043684337277489875,58.85909523612289,0.6368758569343553,-7.344397028779565
1772919273.5470848,1.3304884917361905,-1.2172926877499604,0.6593754167982265,0.005811160279931152,0.003591649278463428,-0.006164930660910195,58.75484512302412,0.5112851507345167,-7.445232358872649
1772919273.5915318,1.3076591906421005,-1.2258279373470766,0.6684932248618835,-0.00024016832348914066,0.0013083291742401687,-0.003690379154006572,58.79852975024859,0.32114645375952217,-7.618739644655472
1772919273.6475062,1.3299388231339342,-1.2173875255235418,0.6616199416874721,0.005617016086353321,0.0035046684825736233,-0.0054371213226704195,58.77591431236807,0.24606170971632688,-7.682920632765175
1772919273.7351513,1.30641715188985,-1.2262884931172233,0.671428020384816,-0.0006224004805423237,0.0011146191200288901,-0.0027707666441061543,58.87149649722311,0.6741759403233099,-7.312487540224586
1772919273.7928858,1.3057927503030893,-1.226235611133495,0.6715606110046545,-0.000826140694346552,0.001098131768439222,-0.0026863460039282024,58.857257069896384,0.5855338879049555,-7.389889210233093
1772919273.828075,1.305765640707662,-1.2262014492291309,0.6714836267927797,-0.00082641880364676,0.0010977243168109297,-0.002683820753475597,58.87497049349883,0.6903313258044975,-7.298464331019395
1772919273.900262,1.3287753252566423,-1.2172933816245683,0.6610998310881874,0.005168265528806501,0.0033935202936132714,-0.00533477888729802,58.87064576908743,0.6682702336768624,-7.317655789617687
1772919273.9398267,1.304155325639901,-1.226054532262257,0.6706281024635411,-0.001320411998350034,0.0010662268627056252,-0.002784123569317486,58.87302060594708,0.6738318549805401,-7.3129493714006735
1772919273.9693189,1.3271079143240032,-1.2173114075114355,0.6613495494251962,0.0047052395181914385,0.0033489550657486793,-0.005192798432587995,58.813305927563434,0.35600929164614503,-7.589300594123211
