# ekf covariance log started at 1774889304.2909994
# timestamp: 1774889304.7783773
 9.890620e-03   1.590938e-05   0.000000e+00   6.900770e-02   1.701148e-04   0.000000e+00   0.000000e+00   0.000000e+00  -1.326172e-03
 1.590938e-05   9.894077e-03   0.000000e+00   1.707546e-04   6.904409e-02   0.000000e+00   0.000000e+00   0.000000e+00  -1.478033e-03
 0.000000e+00   0.000000e+00   9.908352e-03   0.000000e+00   0.000000e+00   6.919730e-02   1.326172e-03   1.478033e-03   0.000000e+00
 6.900770e-02   1.707546e-04   0.000000e+00   9.828354e-01   2.381246e-03   0.000000e+00   0.000000e+00   0.000000e+00  -1.818113e-02
 1.701148e-04   6.904409e-02   0.000000e+00   2.381246e-03   9.833351e-01   0.000000e+00   0.000000e+00   0.000000e+00  -2.018546e-02
 0.000000e+00   0.000000e+00   6.919730e-02   0.000000e+00   0.000000e+00   9.854796e-01   1.838689e-02   2.000085e-02   0.000000e+00
 0.000000e+00   0.000000e+00   1.326172e-03   0.000000e+00   0.000000e+00   1.838689e-02   6.361069e-01  -4.264411e-01   0.000000e+00
 0.000000e+00   0.000000e+00   1.478033e-03   0.000000e+00   0.000000e+00   2.000085e-02  -4.264411e-01   5.434600e-01   0.000000e+00
-1.326172e-03  -1.478033e-03   0.000000e+00  -1.818113e-02  -2.018546e-02   0.000000e+00   0.000000e+00   0.000000e+00   1.608337e-01

# timestamp: 1774889304.9437602
 6.297441e-03   2.974158e-05   0.000000e+00   2.900370e-02   1.615412e-04   0.000000e+00   0.000000e+00   0.000000e+00  -1.022350e-03
 2.974158e-05   6.316321e-03   0.000000e+00   1.584397e-04   2.910646e-02   0.000000e+00   0.000000e+00   0.000000e+00  -1.388519e-03
 0.000000e+00   0.000000e+00   6.338406e-03   0.000000e+00   0.000000e+00   2.922615e-02   6.467263e-04   1.684302e-03   0.000000e+00
 2.900370e-02   1.584397e-04   0.000000e+00   1.859896e-01   9.082438e-04   0.000000e+00   0.000000e+00   0.000000e+00  -5.908072e-03
 1.615412e-04   2.910646e-02   0.000000e+00   9.082438e-04   1.865754e-01   0.000000e+00   0.000000e+00   0.000000e+00  -8.229571e-03
 0.000000e+00   0.000000e+00   2.922615e-02   0.000000e+00   0.000000e+00   1.872668e-01   2.022302e-03   1.127513e-02   0.000000e+00
 0.000000e+00   0.000000e+00   6.467263e-04   0.000000e+00   0.000000e+00   2.022302e-03   6.499117e-01  -4.522234e-01   0.000000e+00
 0.000000e+00   0.000000e+00   1.684302e-03   0.000000e+00   0.000000e+00   1.127513e-02  -4.522234e-01   4.205854e-01   0.000000e+00
-1.022350e-03  -1.388519e-03   0.000000e+00  -5.908072e-03  -8.229571e-03   0.000000e+00   0.000000e+00   0.000000e+00   6.859227e-02

# timestamp: 1774889304.9577508
 7.339793e-03   3.536656e-05   0.000000e+00   3.212419e-02   1.769584e-04   0.000000e+00   0.000000e+00   0.000000e+00  -1.121480e-03
 3.536656e-05   7.362288e-03   0.000000e+00   1.737191e-04   3.223701e-02   0.000000e+00   0.000000e+00   0.000000e+00  -1.526634e-03
 0.000000e+00   0.000000e+00   7.388583e-03   0.000000e+00   0.000000e+00   3.236837e-02   6.804389e-04   1.873687e-03   0.000000e+00
 3.212419e-02   1.737191e-04   0.000000e+00   1.859916e-01   9.093868e-04   0.000000e+00   0.000000e+00   0.000000e+00  -5.909795e-03
 1.769584e-04   3.223701e-02   0.000000e+00   9.093868e-04   1.865797e-01   0.000000e+00   0.000000e+00   0.000000e+00  -8.240688e-03
 0.000000e+00   0.000000e+00   3.236837e-02   0.000000e+00   0.000000e+00   1.872722e-01   1.966424e-03   1.133109e-02   0.000000e+00
 0.000000e+00   0.000000e+00   6.804389e-04   0.000000e+00   0.000000e+00   1.966424e-03   6.515894e-01  -4.522234e-01   0.000000e+00
 0.000000e+00   0.000000e+00   1.873687e-03   0.000000e+00   0.000000e+00   1.133109e-02  -4.522234e-01   4.222632e-01   0.000000e+00
-1.121480e-03  -1.526634e-03   0.000000e+00  -5.909795e-03  -8.240688e-03   0.000000e+00   0.000000e+00   0.000000e+00   7.027002e-02

# timestamp: 1774889304.9982462
 3.520630e-03   5.497798e-06   0.000000e+00   1.463352e-02   2.827344e-05   0.000000e+00   0.000000e+00   0.000000e+00  -3.578386e-04
 5.497798e-06   3.524145e-03   0.000000e+00   2.618860e-05   1.465224e-02   0.000000e+00   0.000000e+00   0.000000e+00  -4.898066e-04
 0.000000e+00   0.000000e+00   3.528192e-03   0.000000e+00   0.000000e+00   1.467239e-02   2.536753e-04   5.696469e-04   0.000000e+00
 1.463352e-02   2.618860e-05   0.000000e+00   9.817381e-02   1.644035e-04   0.000000e+00   0.000000e+00   0.000000e+00  -1.934509e-03
 2.827344e-05   1.465224e-02   0.000000e+00   1.644035e-04   9.829087e-02   0.000000e+00   0.000000e+00   0.000000e+00  -2.941053e-03
 0.000000e+00   0.000000e+00   1.467239e-02   0.000000e+00   0.000000e+00   9.842830e-02  -1.513488e-03   5.552751e-03   0.000000e+00
 0.000000e+00   0.000000e+00   2.536753e-04   0.000000e+00   0.000000e+00  -1.513488e-03   6.538656e-01  -4.540685e-01   0.000000e+00
 0.000000e+00   0.000000e+00   5.696469e-04   0.000000e+00   0.000000e+00   5.552751e-03  -4.540685e-01   3.954227e-01   0.000000e+00
-3.578386e-04  -4.898066e-04   0.000000e+00  -1.934509e-03  -2.941053e-03   0.000000e+00   0.000000e+00   0.000000e+00   5.245974e-02

# timestamp: 1774889305.0226965
 4.659287e-03   7.520990e-06   0.000000e+00   1.795924e-02   3.403421e-05   0.000000e+00   0.000000e+00   0.000000e+00  -4.222006e-04
 7.520990e-06   4.664228e-03   0.000000e+00   2.912468e-05   1.798423e-02   0.000000e+00   0.000000e+00   0.000000e+00  -5.896535e-04
 0.000000e+00   0.000000e+00   4.669792e-03   0.000000e+00   0.000000e+00   1.800834e-02   1.867053e-04   7.689368e-04   0.000000e+00
 1.795924e-02   2.912468e-05   0.000000e+00   9.816098e-02   1.522356e-04   0.000000e+00   0.000000e+00   0.000000e+00  -1.686462e-03
 3.403421e-05   1.798423e-02   0.000000e+00   1.522356e-04   9.829780e-02   0.000000e+00   0.000000e+00   0.000000e+00  -2.974181e-03
 0.000000e+00   0.000000e+00   1.800834e-02   0.000000e+00   0.000000e+00   9.846765e-02  -4.727846e-03   7.825559e-03   0.000000e+00
 0.000000e+00   0.000000e+00   1.867053e-04   0.000000e+00   0.000000e+00  -4.727846e-03   6.572551e-01  -4.540685e-01   0.000000e+00
 0.000000e+00   0.000000e+00   7.689368e-04   0.000000e+00   0.000000e+00   7.825559e-03  -4.540685e-01   3.988122e-01   0.000000e+00
-4.222006e-04  -5.896535e-04   0.000000e+00  -1.686462e-03  -2.974181e-03   0.000000e+00   0.000000e+00   0.000000e+00   5.584919e-02

# timestamp: 1774889305.056192
 6.000464e-03   9.764077e-06   0.000000e+00   2.123264e-02   3.923267e-05   0.000000e+00   0.000000e+00   0.000000e+00  -4.753601e-04
 9.764077e-06   6.007287e-03   0.000000e+00   3.117627e-05   2.126481e-02   0.000000e+00   0.000000e+00   0.000000e+00  -6.893146e-04
 0.000000e+00   0.000000e+00   6.014652e-03   0.000000e+00   0.000000e+00   2.129514e-02  -1.012505e-05   1.057628e-03   0.000000e+00
 2.123264e-02   3.117627e-05   0.000000e+00   9.815055e-02   1.399606e-04   0.000000e+00   0.000000e+00   0.000000e+00  -1.430822e-03
 3.923267e-05   2.126481e-02   0.000000e+00   1.399606e-04   9.830466e-02   0.000000e+00   0.000000e+00   0.000000e+00  -3.008324e-03
 0.000000e+00   0.000000e+00   2.129514e-02   0.000000e+00   0.000000e+00   9.853724e-02  -7.903787e-03   1.006464e-02   0.000000e+00
 0.000000e+00   0.000000e+00  -1.012505e-05   0.000000e+00   0.000000e+00  -7.903787e-03   6.605920e-01  -4.540685e-01   0.000000e+00
 0.000000e+00   0.000000e+00   1.057628e-03   0.000000e+00   0.000000e+00   1.006464e-02  -4.540685e-01   4.021490e-01   0.000000e+00
-4.753601e-04  -6.893146e-04   0.000000e+00  -1.430822e-03  -3.008324e-03   0.000000e+00   0.000000e+00   0.000000e+00   5.918608e-02

# timestamp: 1774889305.3348265
 3.160916e-03   2.987015e-06   0.000000e+00   6.646385e-03   6.992031e-06   0.000000e+00   0.000000e+00   0.000000e+00  -1.045192e-04
 2.987015e-06   3.164935e-03   0.000000e+00   2.612742e-06   6.656899e-03   0.000000e+00   0.000000e+00   0.000000e+00  -2.786440e-04
 0.000000e+00   0.000000e+00   3.170957e-03   0.000000e+00   0.000000e+00   6.711975e-03  -1.502682e-03   1.302202e-03   0.000000e+00
 6.646385e-03   2.612742e-06   0.000000e+00   1.997890e-02   5.778734e-06   0.000000e+00   0.000000e+00   0.000000e+00   5.462201e-04
 6.992031e-06   6.656899e-03   0.000000e+00   5.778734e-06   1.999213e-02   0.000000e+00   0.000000e+00   0.000000e+00  -7.894508e-04
 0.000000e+00   0.000000e+00   6.711975e-03   0.000000e+00   0.000000e+00   2.064572e-02  -2.005975e-02   1.319646e-02   0.000000e+00
 0.000000e+00   0.000000e+00  -1.502682e-03   0.000000e+00   0.000000e+00  -2.005975e-02   6.525401e-01  -3.846652e-01   0.000000e+00
 0.000000e+00   0.000000e+00   1.302202e-03   0.000000e+00   0.000000e+00   1.319646e-02  -3.846652e-01   2.913805e-01   0.000000e+00
-1.045192e-04  -2.786440e-04   0.000000e+00   5.462201e-04  -7.894508e-04   0.000000e+00   0.000000e+00   0.000000e+00   4.683911e-02

# timestamp: 1774889305.3545995
 3.444128e-03   3.172645e-06   0.000000e+00   7.031803e-03   7.116606e-06   0.000000e+00   0.000000e+00   0.000000e+00  -9.366175e-05
 3.172645e-06   3.448559e-03   0.000000e+00   2.417439e-06   7.042726e-03   0.000000e+00   0.000000e+00   0.000000e+00  -2.939361e-04
 0.000000e+00   0.000000e+00   3.456979e-03   0.000000e+00   0.000000e+00   7.112782e-03  -1.894568e-03   1.559755e-03   0.000000e+00
 7.031803e-03   2.417439e-06   0.000000e+00   1.998202e-02   4.839853e-06   0.000000e+00   0.000000e+00   0.000000e+00   5.963431e-04
 7.116606e-06   7.042726e-03   0.000000e+00   4.839853e-06   1.999438e-02   0.000000e+00   0.000000e+00   0.000000e+00  -7.988747e-04
 0.000000e+00   0.000000e+00   7.112782e-03   0.000000e+00   0.000000e+00   2.069547e-02  -2.081600e-02   1.365437e-02   0.000000e+00
 0.000000e+00   0.000000e+00  -1.894568e-03   0.000000e+00   0.000000e+00  -2.081600e-02   6.544696e-01  -3.846652e-01   0.000000e+00
 0.000000e+00   0.000000e+00   1.559755e-03   0.000000e+00   0.000000e+00   1.365437e-02  -3.846652e-01   2.933100e-01   0.000000e+00
-9.366175e-05  -2.939361e-04   0.000000e+00   5.963431e-04  -7.988747e-04   0.000000e+00   0.000000e+00   0.000000e+00   4.876858e-02

# timestamp: 1774889305.376898
 2.197276e-03   1.084550e-06   0.000000e+00   4.338062e-03   2.417537e-06   0.000000e+00   0.000000e+00   0.000000e+00  -3.344578e-05
 1.084550e-06   2.198791e-03   0.000000e+00   1.821608e-07   4.341628e-03   0.000000e+00   0.000000e+00   0.000000e+00  -1.413089e-04
 0.000000e+00   0.000000e+00   2.202848e-03   0.000000e+00   0.000000e+00   4.387804e-03  -1.404082e-03   1.026398e-03   0.000000e+00
 4.338062e-03   1.821608e-07   0.000000e+00   1.377424e-02   7.518000e-09   0.000000e+00   0.000000e+00   0.000000e+00   5.636077e-04
 2.417537e-06   4.341628e-03   0.000000e+00   7.518000e-09   1.377093e-02   0.000000e+00   0.000000e+00   0.000000e+00  -4.312350e-04
 0.000000e+00   0.000000e+00   4.387804e-03   0.000000e+00   0.000000e+00   1.437862e-02  -1.954643e-02   1.210567e-02   0.000000e+00
 0.000000e+00   0.000000e+00  -1.404082e-03   0.000000e+00   0.000000e+00  -1.954643e-02   6.540929e-01  -3.771059e-01   0.000000e+00
 0.000000e+00   0.000000e+00   1.026398e-03   0.000000e+00   0.000000e+00   1.210567e-02  -3.771059e-01   2.719693e-01   0.000000e+00
-3.344578e-05  -1.413089e-04   0.000000e+00   5.636077e-04  -4.312350e-04   0.000000e+00   0.000000e+00   0.000000e+00   4.014804e-02

# timestamp: 1774889305.6304789
 2.208136e-03   2.073377e-07   0.000000e+00   3.242617e-03   1.842147e-07   0.000000e+00   0.000000e+00   0.000000e+00   5.854406e-05
 2.073377e-07   2.208429e-03   0.000000e+00  -6.269350e-07   3.241986e-03   0.000000e+00   0.000000e+00   0.000000e+00  -6.967653e-05
 0.000000e+00   0.000000e+00   2.228977e-03   0.000000e+00   0.000000e+00   3.348699e-03  -3.591065e-03   2.186857e-03   0.000000e+00
 3.242617e-03  -6.269350e-07   0.000000e+00   7.502790e-03  -1.912875e-06   0.000000e+00   0.000000e+00   0.000000e+00   4.620323e-04
 1.842147e-07   3.241986e-03   0.000000e+00  -1.912875e-06   7.494445e-03   0.000000e+00   0.000000e+00   0.000000e+00  -2.087488e-04
 0.000000e+00   0.000000e+00   3.348699e-03   0.000000e+00   0.000000e+00   8.052657e-03  -1.893502e-02   1.127774e-02   0.000000e+00
 0.000000e+00   0.000000e+00  -3.591065e-03   0.000000e+00   0.000000e+00  -1.893502e-02   6.746930e-01  -3.775455e-01   0.000000e+00
 0.000000e+00   0.000000e+00   2.186857e-03   0.000000e+00   0.000000e+00   1.127774e-02  -3.775455e-01   2.701132e-01   0.000000e+00
 5.854406e-05  -6.967653e-05   0.000000e+00   4.620323e-04  -2.087488e-04   0.000000e+00   0.000000e+00   0.000000e+00   4.401773e-02

# timestamp: 1774889305.664365
 2.492715e-03   1.878892e-07   0.000000e+00   3.517861e-03   9.265629e-08   0.000000e+00   0.000000e+00   0.000000e+00   7.570101e-05
 1.878892e-07   2.492951e-03   0.000000e+00  -7.256700e-07   3.516917e-03   0.000000e+00   0.000000e+00   0.000000e+00  -7.749785e-05
 0.000000e+00   0.000000e+00   2.522135e-03   0.000000e+00   0.000000e+00   3.646400e-03  -4.289988e-03   2.603190e-03   0.000000e+00
 3.517861e-03  -7.256700e-07   0.000000e+00   7.506783e-03  -2.114295e-06   0.000000e+00   0.000000e+00   0.000000e+00   4.781112e-04
 9.265629e-08   3.516917e-03   0.000000e+00  -2.114295e-06   7.498228e-03   0.000000e+00   0.000000e+00   0.000000e+00  -2.212512e-04
 0.000000e+00   0.000000e+00   3.646400e-03   0.000000e+00   0.000000e+00   8.075727e-03  -1.927188e-02   1.148229e-02   0.000000e+00
 0.000000e+00   0.000000e+00  -4.289988e-03   0.000000e+00   0.000000e+00  -1.927188e-02   6.783601e-01  -3.775455e-01   0.000000e+00
 0.000000e+00   0.000000e+00   2.603190e-03   0.000000e+00   0.000000e+00   1.148229e-02  -3.775455e-01   2.737802e-01   0.000000e+00
 7.570101e-05  -7.749785e-05   0.000000e+00   4.781112e-04  -2.212512e-04   0.000000e+00   0.000000e+00   0.000000e+00   4.768478e-02

# timestamp: 1774889305.6837077
 1.759886e-03   8.680340e-08   0.000000e+00   2.434014e-03   1.166322e-08   0.000000e+00   0.000000e+00   0.000000e+00   4.554999e-05
 8.680340e-08   1.759966e-03   0.000000e+00  -4.690729e-07   2.433256e-03   0.000000e+00   0.000000e+00   0.000000e+00  -4.303302e-05
 0.000000e+00   0.000000e+00   1.775518e-03   0.000000e+00   0.000000e+00   2.517815e-03  -3.129018e-03   1.892794e-03   0.000000e+00
 2.434014e-03  -4.690729e-07   0.000000e+00   5.809672e-03  -1.471656e-06   0.000000e+00   0.000000e+00   0.000000e+00   3.513922e-04
 1.166322e-08   2.433256e-03   0.000000e+00  -1.471656e-06   5.802793e-03   0.000000e+00   0.000000e+00   0.000000e+00  -1.504315e-04
 0.000000e+00   0.000000e+00   2.517815e-03   0.000000e+00   0.000000e+00   6.265001e-03  -1.720958e-02   1.026190e-02   0.000000e+00
 0.000000e+00   0.000000e+00  -3.129018e-03   0.000000e+00   0.000000e+00  -1.720958e-02   6.745691e-01  -3.807266e-01   0.000000e+00
 0.000000e+00   0.000000e+00   1.892794e-03   0.000000e+00   0.000000e+00   1.026190e-02  -3.807266e-01   2.676529e-01   0.000000e+00
 4.554999e-05  -4.303302e-05   0.000000e+00   3.513922e-04  -1.504315e-04   0.000000e+00   0.000000e+00   0.000000e+00   3.939176e-02

# timestamp: 1774889305.7197995
 1.987217e-03   6.737660e-08   0.000000e+00   2.651150e-03  -5.968447e-08   0.000000e+00   0.000000e+00   0.000000e+00   5.873624e-05
 6.737660e-08   1.987230e-03   0.000000e+00  -5.305686e-07   2.650142e-03   0.000000e+00   0.000000e+00   0.000000e+00  -4.880393e-05
 0.000000e+00   0.000000e+00   2.009773e-03   0.000000e+00   0.000000e+00   2.753047e-03  -3.774301e-03   2.277693e-03   0.000000e+00
 2.651150e-03  -5.305686e-07   0.000000e+00   5.813484e-03  -1.585634e-06   0.000000e+00   0.000000e+00   0.000000e+00   3.558700e-04
-5.968447e-08   2.650142e-03   0.000000e+00  -1.585634e-06   5.806615e-03   0.000000e+00   0.000000e+00   0.000000e+00  -1.619263e-04
 0.000000e+00   0.000000e+00   2.753047e-03   0.000000e+00   0.000000e+00   6.278119e-03  -1.738682e-02   1.037697e-02   0.000000e+00
 0.000000e+00   0.000000e+00  -3.774301e-03   0.000000e+00   0.000000e+00  -1.738682e-02   6.783049e-01  -3.807266e-01   0.000000e+00
 0.000000e+00   0.000000e+00   2.277693e-03   0.000000e+00   0.000000e+00   1.037697e-02  -3.807266e-01   2.713887e-01   0.000000e+00
 5.873624e-05  -4.880393e-05   0.000000e+00   3.558700e-04  -1.619263e-04   0.000000e+00   0.000000e+00   0.000000e+00   4.312759e-02

# timestamp: 1774889305.9354796
 1.773736e-03   9.263819e-07   0.000000e+00   1.949712e-03   9.019088e-07   0.000000e+00   0.000000e+00   0.000000e+00  -2.069139e-05
 9.263819e-07   1.774509e-03   0.000000e+00   6.566202e-07   1.949938e-03   0.000000e+00   0.000000e+00   0.000000e+00  -1.224603e-04
 0.000000e+00   0.000000e+00   1.799196e-03   0.000000e+00   0.000000e+00   2.033772e-03  -3.799073e-03   2.462068e-03   0.000000e+00
 1.949712e-03   6.566202e-07   0.000000e+00   3.757691e-03   1.965961e-07   0.000000e+00   0.000000e+00   0.000000e+00   8.000690e-05
 9.019088e-07   1.949938e-03   0.000000e+00   1.965961e-07   3.755573e-03   0.000000e+00   0.000000e+00   0.000000e+00  -2.272937e-04
 0.000000e+00   0.000000e+00   2.033772e-03   0.000000e+00   0.000000e+00   4.044008e-03  -1.331470e-02   8.333237e-03   0.000000e+00
 0.000000e+00   0.000000e+00  -3.799073e-03   0.000000e+00   0.000000e+00  -1.331470e-02   6.775033e-01  -3.881024e-01   0.000000e+00
 0.000000e+00   0.000000e+00   2.462068e-03   0.000000e+00   0.000000e+00   8.333237e-03  -3.881024e-01   2.816751e-01   0.000000e+00
-2.069139e-05  -1.224603e-04   0.000000e+00   8.000690e-05  -2.272937e-04   0.000000e+00   0.000000e+00   0.000000e+00   4.391540e-02

# timestamp: 1774889306.006363
 1.506472e-03   5.160130e-07   0.000000e+00   1.569911e-03   4.246245e-07   0.000000e+00   0.000000e+00   0.000000e+00  -8.683901e-06
 5.160130e-07   1.506829e-03   0.000000e+00   3.299569e-07   1.569730e-03   0.000000e+00   0.000000e+00   0.000000e+00  -7.750968e-05
 0.000000e+00   0.000000e+00   1.525852e-03   0.000000e+00   0.000000e+00   1.634605e-03  -3.343489e-03   2.151433e-03   0.000000e+00
 1.569911e-03   3.299569e-07   0.000000e+00   3.115931e-03  -6.054004e-08   0.000000e+00   0.000000e+00   0.000000e+00   4.770311e-05
 4.246245e-07   1.569730e-03   0.000000e+00  -6.054004e-08   3.113845e-03   0.000000e+00   0.000000e+00   0.000000e+00  -1.586297e-04
 0.000000e+00   0.000000e+00   1.634605e-03   0.000000e+00   0.000000e+00   3.337279e-03  -1.165269e-02   7.338255e-03   0.000000e+00
 0.000000e+00   0.000000e+00  -3.343489e-03   0.000000e+00   0.000000e+00  -1.165269e-02   6.734755e-01  -3.920590e-01   0.000000e+00
 0.000000e+00   0.000000e+00   2.151433e-03   0.000000e+00   0.000000e+00   7.338255e-03  -3.920590e-01   2.827344e-01   0.000000e+00
-8.683901e-06  -7.750968e-05   0.000000e+00   4.770311e-05  -1.586297e-04   0.000000e+00   0.000000e+00   0.000000e+00   4.004777e-02

# timestamp: 1774889306.4698853
 1.493594e-03   4.259093e-07   0.000000e+00   1.150124e-03   2.871805e-07   0.000000e+00   0.000000e+00   0.000000e+00  -4.284987e-05
 4.259093e-07   1.493660e-03   0.000000e+00   4.546364e-07   1.149672e-03   0.000000e+00   0.000000e+00   0.000000e+00  -6.358812e-05
 0.000000e+00   0.000000e+00   1.512014e-03   0.000000e+00   0.000000e+00   1.180590e-03  -3.150012e-03   2.129853e-03   0.000000e+00
 1.150124e-03   4.546364e-07   0.000000e+00   1.825064e-03   4.532794e-07   0.000000e+00   0.000000e+00   0.000000e+00  -1.664564e-04
 2.871805e-07   1.149672e-03   0.000000e+00   4.532794e-07   1.823477e-03   0.000000e+00   0.000000e+00   0.000000e+00  -1.068035e-04
 0.000000e+00   0.000000e+00   1.180590e-03   0.000000e+00   0.000000e+00   1.876388e-03  -5.095307e-03   3.510531e-03   0.000000e+00
 0.000000e+00   0.000000e+00  -3.150012e-03   0.000000e+00   0.000000e+00  -5.095307e-03   6.751505e-01  -4.064903e-01   0.000000e+00
 0.000000e+00   0.000000e+00   2.129853e-03   0.000000e+00   0.000000e+00   3.510531e-03  -4.064903e-01   3.114010e-01   0.000000e+00
-4.284987e-05  -6.358812e-05   0.000000e+00  -1.664564e-04  -1.068035e-04   0.000000e+00   0.000000e+00   0.000000e+00   4.794237e-02

# timestamp: 1774889306.517894
 1.278562e-03   2.647916e-07   0.000000e+00   9.589647e-04   1.636111e-07   0.000000e+00   0.000000e+00   0.000000e+00  -3.210003e-05
 2.647916e-07   1.278560e-03   0.000000e+00   2.950480e-07   9.585307e-04   0.000000e+00   0.000000e+00   0.000000e+00  -4.212842e-05
 0.000000e+00   0.000000e+00   1.291385e-03   0.000000e+00   0.000000e+00   9.802095e-04  -2.618710e-03   1.771946e-03   0.000000e+00
 9.589647e-04   2.950480e-07   0.000000e+00   1.625928e-03   3.204775e-07   0.000000e+00   0.000000e+00   0.000000e+00  -1.496695e-04
 1.636111e-07   9.585307e-04   0.000000e+00   3.204775e-07   1.624418e-03   0.000000e+00   0.000000e+00   0.000000e+00  -7.743077e-05
 0.000000e+00   0.000000e+00   9.802095e-04   0.000000e+00   0.000000e+00   1.662004e-03  -4.159515e-03   2.887780e-03   0.000000e+00
 0.000000e+00   0.000000e+00  -2.618710e-03   0.000000e+00   0.000000e+00  -4.159515e-03   6.711284e-01  -4.109173e-01   0.000000e+00
 0.000000e+00   0.000000e+00   1.771946e-03   0.000000e+00   0.000000e+00   2.887780e-03  -4.109173e-01   3.109778e-01   0.000000e+00
-3.210003e-05  -4.212842e-05   0.000000e+00  -1.496695e-04  -7.743077e-05   0.000000e+00   0.000000e+00   0.000000e+00   4.240214e-02

# timestamp: 1774889306.7709033
 1.120368e-03   5.517942e-07   0.000000e+00   7.199823e-04   3.704111e-07   0.000000e+00   0.000000e+00   0.000000e+00  -6.557834e-05
 5.517942e-07   1.120558e-03   0.000000e+00   5.418755e-07   7.196593e-04   0.000000e+00   0.000000e+00   0.000000e+00  -7.297608e-05
 0.000000e+00   0.000000e+00   1.127242e-03   0.000000e+00   0.000000e+00   7.263983e-04  -1.699254e-03   1.269551e-03   0.000000e+00
 7.199823e-04   5.418755e-07   0.000000e+00   1.211126e-03   5.342388e-07   0.000000e+00   0.000000e+00   0.000000e+00  -1.794183e-04
 3.704111e-07   7.196593e-04   0.000000e+00   5.342388e-07   1.209612e-03   0.000000e+00   0.000000e+00   0.000000e+00  -7.975317e-05
 0.000000e+00   0.000000e+00   7.263983e-04   0.000000e+00   0.000000e+00   1.218758e-03  -1.111103e-03   9.515243e-04   0.000000e+00
 0.000000e+00   0.000000e+00  -1.699254e-03   0.000000e+00   0.000000e+00  -1.111103e-03   6.660894e-01  -4.255476e-01   0.000000e+00
 0.000000e+00   0.000000e+00   1.269551e-03   0.000000e+00   0.000000e+00   9.515243e-04  -4.255476e-01   3.291142e-01   0.000000e+00
-6.557834e-05  -7.297608e-05   0.000000e+00  -1.794183e-04  -7.975317e-05   0.000000e+00   0.000000e+00   0.000000e+00   3.990218e-02

# timestamp: 1774889306.8451047
 1.220676e-03   5.899722e-07   0.000000e+00   7.689282e-04   3.986206e-07   0.000000e+00   0.000000e+00   0.000000e+00  -7.305726e-05
 5.899722e-07   1.220837e-03   0.000000e+00   5.946911e-07   7.685200e-04   0.000000e+00   0.000000e+00   0.000000e+00  -7.624202e-05
 0.000000e+00   0.000000e+00   1.228062e-03   0.000000e+00   0.000000e+00   7.750173e-04  -1.740595e-03   1.305783e-03   0.000000e+00
 7.689282e-04   5.946911e-07   0.000000e+00   1.215309e-03   5.834202e-07   0.000000e+00   0.000000e+00   0.000000e+00  -1.967235e-04
 3.986206e-07   7.685200e-04   0.000000e+00   5.834202e-07   1.213656e-03   0.000000e+00   0.000000e+00   0.000000e+00  -8.336060e-05
 0.000000e+00   0.000000e+00   7.750173e-04   0.000000e+00   0.000000e+00   1.222129e-03  -8.748187e-04   8.063182e-04   0.000000e+00
 0.000000e+00   0.000000e+00  -1.740595e-03   0.000000e+00   0.000000e+00  -8.748187e-04   6.701197e-01  -4.255476e-01   0.000000e+00
 0.000000e+00   0.000000e+00   1.305783e-03   0.000000e+00   0.000000e+00   8.063182e-04  -4.255476e-01   3.331445e-01   0.000000e+00
-7.305726e-05  -7.624202e-05   0.000000e+00  -1.967235e-04  -8.336060e-05   0.000000e+00   0.000000e+00   0.000000e+00   4.393244e-02

# timestamp: 1774889307.1202717
 1.099598e-03   5.521315e-07   0.000000e+00   6.093530e-04   3.643751e-07   0.000000e+00   0.000000e+00   0.000000e+00  -7.020126e-05
 5.521315e-07   1.099729e-03   0.000000e+00   5.513041e-07   6.089021e-04   0.000000e+00   0.000000e+00   0.000000e+00  -6.770870e-05
 0.000000e+00   0.000000e+00   1.102791e-03   0.000000e+00   0.000000e+00   6.102900e-04  -8.785007e-04   7.148085e-04   0.000000e+00
 6.093530e-04   5.513041e-07   0.000000e+00   9.697988e-04   5.495230e-07   0.000000e+00   0.000000e+00   0.000000e+00  -1.754523e-04
 3.643751e-07   6.089021e-04   0.000000e+00   5.495230e-07   9.681825e-04   0.000000e+00   0.000000e+00   0.000000e+00  -6.800095e-05
 0.000000e+00   0.000000e+00   6.102900e-04   0.000000e+00   0.000000e+00   9.744499e-04   1.058775e-03  -5.380284e-04   0.000000e+00
 0.000000e+00   0.000000e+00  -8.785007e-04   0.000000e+00   0.000000e+00   1.058775e-03   6.852779e-01  -4.393903e-01   0.000000e+00
 0.000000e+00   0.000000e+00   7.148085e-04   0.000000e+00   0.000000e+00  -5.380284e-04  -4.393903e-01   3.428023e-01   0.000000e+00
-7.020126e-05  -6.770870e-05   0.000000e+00  -1.754523e-04  -6.800095e-05   0.000000e+00   0.000000e+00   0.000000e+00   4.245861e-02

# timestamp: 1774889307.153457
 1.178306e-03   5.851140e-07   0.000000e+00   6.433377e-04   3.881889e-07   0.000000e+00   0.000000e+00   0.000000e+00  -7.649580e-05
 5.851140e-07   1.178403e-03   0.000000e+00   5.909591e-07   6.428115e-04   0.000000e+00   0.000000e+00   0.000000e+00  -7.011694e-05
 0.000000e+00   0.000000e+00   1.181565e-03   0.000000e+00   0.000000e+00   6.442142e-04  -8.392657e-04   6.946222e-04   0.000000e+00
 6.433377e-04   5.909591e-07   0.000000e+00   9.733982e-04   5.799644e-07   0.000000e+00   0.000000e+00   0.000000e+00  -1.884000e-04
 3.881889e-07   6.428115e-04   0.000000e+00   5.799644e-07   9.716844e-04   0.000000e+00   0.000000e+00   0.000000e+00  -7.054650e-05
 0.000000e+00   0.000000e+00   6.442142e-04   0.000000e+00   0.000000e+00   9.785407e-04   1.233026e-03  -6.457388e-04   0.000000e+00
 0.000000e+00   0.000000e+00  -8.392657e-04   0.000000e+00   0.000000e+00   1.233026e-03   6.887719e-01  -4.393903e-01   0.000000e+00
 0.000000e+00   0.000000e+00   6.946222e-04   0.000000e+00   0.000000e+00  -6.457388e-04  -4.393903e-01   3.462963e-01   0.000000e+00
-7.649580e-05  -7.011694e-05   0.000000e+00  -1.884000e-04  -7.054650e-05   0.000000e+00   0.000000e+00   0.000000e+00   4.595261e-02

# timestamp: 1774889307.1879046
 1.206576e-03   5.972436e-07   0.000000e+00   6.553321e-04   3.969025e-07   0.000000e+00   0.000000e+00   0.000000e+00  -7.881281e-05
 5.972436e-07   1.206659e-03   0.000000e+00   6.053346e-07   6.547782e-04   0.000000e+00   0.000000e+00   0.000000e+00  -7.098455e-05
 0.000000e+00   0.000000e+00   1.209857e-03   0.000000e+00   0.000000e+00   6.561934e-04  -8.241015e-04   6.866807e-04   0.000000e+00
 6.553321e-04   6.053346e-07   0.000000e+00   9.746670e-04   5.910386e-07   0.000000e+00   0.000000e+00   0.000000e+00  -1.932143e-04
 3.969025e-07   6.547782e-04   0.000000e+00   5.910386e-07   9.729171e-04   0.000000e+00   0.000000e+00   0.000000e+00  -7.149300e-05
 0.000000e+00   0.000000e+00   6.561934e-04   0.000000e+00   0.000000e+00   9.800018e-04   1.294616e-03  -6.836007e-04   0.000000e+00
 0.000000e+00   0.000000e+00  -8.241015e-04   0.000000e+00   0.000000e+00   1.294616e-03   6.900017e-01  -4.393903e-01   0.000000e+00
 0.000000e+00   0.000000e+00   6.866807e-04   0.000000e+00   0.000000e+00  -6.836007e-04  -4.393903e-01   3.475262e-01   0.000000e+00
-7.881281e-05  -7.098455e-05   0.000000e+00  -1.932143e-04  -7.149300e-05   0.000000e+00   0.000000e+00   0.000000e+00   4.718245e-02

# timestamp: 1774889307.4459982
 1.082982e-03   4.506195e-07   0.000000e+00   5.300422e-04   3.025613e-07   0.000000e+00   0.000000e+00   0.000000e+00  -6.249669e-05
 4.506195e-07   1.082981e-03   0.000000e+00   4.370651e-07   5.295098e-04   0.000000e+00   0.000000e+00   0.000000e+00  -5.425990e-05
 0.000000e+00   0.000000e+00   1.084441e-03   0.000000e+00   0.000000e+00   5.312327e-04  -6.873529e-05   1.438076e-04   0.000000e+00
 5.300422e-04   4.370651e-07   0.000000e+00   8.140121e-04   4.618978e-07   0.000000e+00   0.000000e+00   0.000000e+00  -1.494959e-04
 3.025613e-07   5.295098e-04   0.000000e+00   4.618978e-07   8.125122e-04   0.000000e+00   0.000000e+00   0.000000e+00  -5.496652e-05
 0.000000e+00   0.000000e+00   5.312327e-04   0.000000e+00   0.000000e+00   8.239927e-04   2.397867e-03  -1.491617e-03   0.000000e+00
 0.000000e+00   0.000000e+00  -6.873529e-05   0.000000e+00   0.000000e+00   2.397867e-03   7.047058e-01  -4.539305e-01   0.000000e+00
 0.000000e+00   0.000000e+00   1.438076e-04   0.000000e+00   0.000000e+00  -1.491617e-03  -4.539305e-01   3.564912e-01   0.000000e+00
-6.249669e-05  -5.425990e-05   0.000000e+00  -1.494959e-04  -5.496652e-05   0.000000e+00   0.000000e+00   0.000000e+00   4.442204e-02

# timestamp: 1774889307.4620693
 1.118283e-03   4.633727e-07   0.000000e+00   5.439267e-04   3.124077e-07   0.000000e+00   0.000000e+00   0.000000e+00  -6.505984e-05
 4.633727e-07   1.118263e-03   0.000000e+00   4.507389e-07   5.433635e-04   0.000000e+00   0.000000e+00   0.000000e+00  -5.520082e-05
 0.000000e+00   0.000000e+00   1.119785e-03   0.000000e+00   0.000000e+00   5.452816e-04  -2.768626e-05   1.182754e-04   0.000000e+00
 5.439267e-04   4.507389e-07   0.000000e+00   8.157461e-04   4.723201e-07   0.000000e+00   0.000000e+00   0.000000e+00  -1.542966e-04
 3.124077e-07   5.433635e-04   0.000000e+00   4.723201e-07   8.142176e-04   0.000000e+00   0.000000e+00   0.000000e+00  -5.634573e-05
 0.000000e+00   0.000000e+00   5.452816e-04   0.000000e+00   0.000000e+00   8.261135e-04   2.458287e-03  -1.528474e-03   0.000000e+00
 0.000000e+00   0.000000e+00  -2.768626e-05   0.000000e+00   0.000000e+00   2.458287e-03   7.064079e-01  -4.539305e-01   0.000000e+00
 0.000000e+00   0.000000e+00   1.182754e-04   0.000000e+00   0.000000e+00  -1.528474e-03  -4.539305e-01   3.581933e-01   0.000000e+00
-6.505984e-05  -5.520082e-05   0.000000e+00  -1.542966e-04  -5.634573e-05   0.000000e+00   0.000000e+00   0.000000e+00   4.612413e-02

# timestamp: 1774889307.4781861
 9.395075e-04   3.051591e-07   0.000000e+00   4.544762e-04   2.154490e-07   0.000000e+00   0.000000e+00   0.000000e+00  -4.381115e-05
 3.051591e-07   9.394854e-04   0.000000e+00   3.128341e-07   4.540212e-04   0.000000e+00   0.000000e+00   0.000000e+00  -3.633187e-05
 0.000000e+00   0.000000e+00   9.405296e-04   0.000000e+00   0.000000e+00   4.556035e-04   2.308365e-06   6.446596e-05   0.000000e+00
 4.544762e-04   3.128341e-07   0.000000e+00   7.679367e-04   3.810523e-07   0.000000e+00   0.000000e+00   0.000000e+00  -1.212913e-04
 2.154490e-07   4.540212e-04   0.000000e+00   3.810523e-07   7.665765e-04   0.000000e+00   0.000000e+00   0.000000e+00  -4.192574e-05
 0.000000e+00   0.000000e+00   4.556035e-04   0.000000e+00   0.000000e+00   7.783990e-04   2.488898e-03  -1.592077e-03   0.000000e+00
 0.000000e+00   0.000000e+00   2.308365e-06   0.000000e+00   0.000000e+00   2.488898e-03   7.031639e-01  -4.588824e-01   0.000000e+00
 0.000000e+00   0.000000e+00   6.446596e-05   0.000000e+00   0.000000e+00  -1.592077e-03  -4.588824e-01   3.545979e-01   0.000000e+00
-4.381115e-05  -3.633187e-05   0.000000e+00  -1.212913e-04  -4.192574e-05   0.000000e+00   0.000000e+00   0.000000e+00   3.801542e-02

# timestamp: 1774889307.5076387
 1.011190e-03   3.253725e-07   0.000000e+00   4.829918e-04   2.334806e-07   0.000000e+00   0.000000e+00   0.000000e+00  -4.840365e-05
 3.253725e-07   1.011132e-03   0.000000e+00   3.353175e-07   4.824785e-04   0.000000e+00   0.000000e+00   0.000000e+00  -3.792105e-05
 0.000000e+00   0.000000e+00   1.012310e-03   0.000000e+00   0.000000e+00   4.845216e-04   9.581424e-05   4.691928e-06   0.000000e+00
 4.829918e-04   3.353175e-07   0.000000e+00   7.716914e-04   4.004628e-07   0.000000e+00   0.000000e+00   0.000000e+00  -1.301243e-04
 2.334806e-07   4.824785e-04   0.000000e+00   4.004628e-07   7.702833e-04   0.000000e+00   0.000000e+00   0.000000e+00  -4.512476e-05
 0.000000e+00   0.000000e+00   4.845216e-04   0.000000e+00   0.000000e+00   7.829528e-04   2.606535e-03  -1.663942e-03   0.000000e+00
 0.000000e+00   0.000000e+00   9.581424e-05   0.000000e+00   0.000000e+00   2.606535e-03   7.068638e-01  -4.588824e-01   0.000000e+00
 0.000000e+00   0.000000e+00   4.691928e-06   0.000000e+00   0.000000e+00  -1.663942e-03  -4.588824e-01   3.582977e-01   0.000000e+00
-4.840365e-05  -3.792105e-05   0.000000e+00  -1.301243e-04  -4.512476e-05   0.000000e+00   0.000000e+00   0.000000e+00   4.171527e-02

# timestamp: 1774889307.5397794
 1.078290e-03   3.451106e-07   0.000000e+00   5.090734e-04   2.508676e-07   0.000000e+00   0.000000e+00   0.000000e+00  -5.287912e-05
 3.451106e-07   1.078196e-03   0.000000e+00   3.567434e-07   5.085049e-04   0.000000e+00   0.000000e+00   0.000000e+00  -3.947449e-05
 0.000000e+00   0.000000e+00   1.079526e-03   0.000000e+00   0.000000e+00   5.110090e-04   1.847644e-04  -5.205365e-05   0.000000e+00
 5.090734e-04   3.567434e-07   0.000000e+00   7.751132e-04   4.194000e-07   0.000000e+00   0.000000e+00   0.000000e+00  -1.388622e-04
 2.508676e-07   5.085049e-04   0.000000e+00   4.194000e-07   7.736584e-04   0.000000e+00   0.000000e+00   0.000000e+00  -4.828937e-05
 0.000000e+00   0.000000e+00   5.110090e-04   0.000000e+00   0.000000e+00   7.871335e-04   2.714329e-03  -1.729115e-03   0.000000e+00
 0.000000e+00   0.000000e+00   1.847644e-04   0.000000e+00   0.000000e+00   2.714329e-03   7.102322e-01  -4.588824e-01   0.000000e+00
 0.000000e+00   0.000000e+00  -5.205365e-05   0.000000e+00   0.000000e+00  -1.729115e-03  -4.588824e-01   3.616661e-01   0.000000e+00
-5.287912e-05  -3.947449e-05   0.000000e+00  -1.388622e-04  -4.828937e-05   0.000000e+00   0.000000e+00   0.000000e+00   4.508365e-02

# timestamp: 1774889307.8181543
 9.621982e-04   1.600627e-07   0.000000e+00   4.178800e-04   1.557843e-07   0.000000e+00   0.000000e+00   0.000000e+00  -3.092100e-05
 1.600627e-07   9.620139e-04   0.000000e+00   2.084364e-07   4.173528e-04   0.000000e+00   0.000000e+00   0.000000e+00  -1.617146e-05
 0.000000e+00   0.000000e+00   9.635077e-04   0.000000e+00   0.000000e+00   4.219201e-04   6.831710e-04  -4.362012e-04   0.000000e+00
 4.178800e-04   2.084364e-07   0.000000e+00   6.742590e-04   3.306799e-07   0.000000e+00   0.000000e+00   0.000000e+00  -1.066905e-04
 1.557843e-07   4.173528e-04   0.000000e+00   3.306799e-07   6.730067e-04   0.000000e+00   0.000000e+00   0.000000e+00  -3.460976e-05
 0.000000e+00   0.000000e+00   4.219201e-04   0.000000e+00   0.000000e+00   6.912937e-04   3.361492e-03  -2.221938e-03   0.000000e+00
 0.000000e+00   0.000000e+00   6.831710e-04   0.000000e+00   0.000000e+00   3.361492e-03   7.240440e-01  -4.735434e-01   0.000000e+00
 0.000000e+00   0.000000e+00  -4.362012e-04   0.000000e+00   0.000000e+00  -2.221938e-03  -4.735434e-01   3.692384e-01   0.000000e+00
-3.092100e-05  -1.617146e-05   0.000000e+00  -1.066905e-04  -3.460976e-05   0.000000e+00   0.000000e+00   0.000000e+00   4.095757e-02

# timestamp: 1774889307.855399
 1.053413e-03   1.787544e-07   0.000000e+00   4.509459e-04   1.745956e-07   0.000000e+00   0.000000e+00   0.000000e+00  -3.631987e-05
 1.787544e-07   1.053174e-03   0.000000e+00   2.289472e-07   4.503497e-04   0.000000e+00   0.000000e+00   0.000000e+00  -1.791690e-05
 0.000000e+00   0.000000e+00   1.055163e-03   0.000000e+00   0.000000e+00   4.559833e-04   8.498489e-04  -5.462700e-04   0.000000e+00
 4.509459e-04   2.289472e-07   0.000000e+00   6.791927e-04   3.469577e-07   0.000000e+00   0.000000e+00   0.000000e+00  -1.170731e-04
 1.745956e-07   4.503497e-04   0.000000e+00   3.469577e-07   6.778927e-04   0.000000e+00   0.000000e+00   0.000000e+00  -3.765689e-05
 0.000000e+00   0.000000e+00   4.559833e-04   0.000000e+00   0.000000e+00   6.974812e-04   3.500383e-03  -2.307978e-03   0.000000e+00
 0.000000e+00   0.000000e+00   8.498489e-04   0.000000e+00   0.000000e+00   3.500383e-03   7.289250e-01  -4.735434e-01   0.000000e+00
 0.000000e+00   0.000000e+00  -5.462700e-04   0.000000e+00   0.000000e+00  -2.307978e-03  -4.735434e-01   3.741194e-01   0.000000e+00
-3.631987e-05  -1.791690e-05   0.000000e+00  -1.170731e-04  -3.765689e-05   0.000000e+00   0.000000e+00   0.000000e+00   4.583852e-02

# timestamp: 1774889307.877378
 1.093398e-03   1.873402e-07   0.000000e+00   4.651576e-04   1.830022e-07   0.000000e+00   0.000000e+00   0.000000e+00  -3.878378e-05
 1.873402e-07   1.093134e-03   0.000000e+00   2.380921e-07   4.645309e-04   0.000000e+00   0.000000e+00   0.000000e+00  -1.870884e-05
 0.000000e+00   0.000000e+00   1.095367e-03   0.000000e+00   0.000000e+00   4.706495e-04   9.231596e-04  -5.945959e-04   0.000000e+00
 4.651576e-04   2.380921e-07   0.000000e+00   6.813037e-04   3.543709e-07   0.000000e+00   0.000000e+00   0.000000e+00  -1.218677e-04
 1.830022e-07   4.645309e-04   0.000000e+00   3.543709e-07   6.799818e-04   0.000000e+00   0.000000e+00   0.000000e+00  -3.906402e-05
 0.000000e+00   0.000000e+00   4.706495e-04   0.000000e+00   0.000000e+00   7.001431e-04   3.560120e-03  -2.344660e-03   0.000000e+00
 0.000000e+00   0.000000e+00   9.231596e-04   0.000000e+00   0.000000e+00   3.560120e-03   7.310118e-01  -4.735434e-01   0.000000e+00
 0.000000e+00   0.000000e+00  -5.945959e-04   0.000000e+00   0.000000e+00  -2.344660e-03  -4.735434e-01   3.762062e-01   0.000000e+00
-3.878378e-05  -1.870884e-05   0.000000e+00  -1.218677e-04  -3.906402e-05   0.000000e+00   0.000000e+00   0.000000e+00   4.792533e-02

# timestamp: 1774889308.1686013
 1.041498e-03   1.176385e-07   0.000000e+00   4.100823e-04   1.378250e-07   0.000000e+00   0.000000e+00   0.000000e+00  -2.796388e-05
 1.176385e-07   1.041205e-03   0.000000e+00   1.699845e-07   4.095173e-04   0.000000e+00   0.000000e+00   0.000000e+00  -9.957367e-06
 0.000000e+00   0.000000e+00   1.044788e-03   0.000000e+00   0.000000e+00   4.183128e-04   1.410477e-03  -9.155894e-04   0.000000e+00
 4.100823e-04   1.699845e-07   0.000000e+00   6.113973e-04   2.574566e-07   0.000000e+00   0.000000e+00   0.000000e+00  -8.190363e-05
 1.378250e-07   4.095173e-04   0.000000e+00   2.574566e-07   6.103325e-04   0.000000e+00   0.000000e+00   0.000000e+00  -1.866656e-05
 0.000000e+00   0.000000e+00   4.183128e-04   0.000000e+00   0.000000e+00   6.330185e-04   3.880838e-03  -2.524308e-03   0.000000e+00
 0.000000e+00   0.000000e+00   1.410477e-03   0.000000e+00   0.000000e+00   3.880838e-03   7.583638e-01  -4.758652e-01   0.000000e+00
 0.000000e+00   0.000000e+00  -9.155894e-04   0.000000e+00   0.000000e+00  -2.524308e-03  -4.758652e-01   3.652979e-01   0.000000e+00
-2.796388e-05  -9.957367e-06   0.000000e+00  -8.190363e-05  -1.866656e-05   0.000000e+00   0.000000e+00   0.000000e+00   4.696745e-02

# timestamp: 1774889308.210429
 9.088246e-04   8.624020e-08   0.000000e+00   3.551892e-04   1.113266e-07   0.000000e+00   0.000000e+00   0.000000e+00  -2.003686e-05
 8.624020e-08   9.086010e-04   0.000000e+00   1.371941e-07   3.547197e-04   0.000000e+00   0.000000e+00   0.000000e+00  -6.888224e-06
 0.000000e+00   0.000000e+00   9.114618e-04   0.000000e+00   0.000000e+00   3.623940e-04   1.272385e-03  -8.213153e-04   0.000000e+00
 3.551892e-04   1.371941e-07   0.000000e+00   5.856745e-04   2.287555e-07   0.000000e+00   0.000000e+00   0.000000e+00  -6.299498e-05
 1.113266e-07   3.547197e-04   0.000000e+00   2.287555e-07   5.847138e-04   0.000000e+00   0.000000e+00   0.000000e+00  -1.333096e-05
 0.000000e+00   0.000000e+00   3.623940e-04   0.000000e+00   0.000000e+00   6.062409e-04   3.788793e-03  -2.450359e-03   0.000000e+00
 0.000000e+00   0.000000e+00   1.272385e-03   0.000000e+00   0.000000e+00   3.788793e-03   7.610594e-01  -4.764515e-01   0.000000e+00
 0.000000e+00   0.000000e+00  -8.213153e-04   0.000000e+00   0.000000e+00  -2.450359e-03  -4.764515e-01   3.546876e-01   0.000000e+00
-2.003686e-05  -6.888224e-06   0.000000e+00  -6.299498e-05  -1.333096e-05   0.000000e+00   0.000000e+00   0.000000e+00   3.989455e-02

# timestamp: 1774889308.2431924
 1.003642e-03   1.004147e-07   0.000000e+00   3.872649e-04   1.226222e-07   0.000000e+00   0.000000e+00   0.000000e+00  -2.342011e-05
 1.004147e-07   1.003364e-03   0.000000e+00   1.491144e-07   3.867443e-04   0.000000e+00   0.000000e+00   0.000000e+00  -7.579137e-06
 0.000000e+00   0.000000e+00   1.007123e-03   0.000000e+00   0.000000e+00   3.955417e-04   1.478148e-03  -9.544486e-04   0.000000e+00
 3.872649e-04   1.491144e-07   0.000000e+00   5.911084e-04   2.249852e-07   0.000000e+00   0.000000e+00   0.000000e+00  -6.024197e-05
 1.226222e-07   3.867443e-04   0.000000e+00   2.249852e-07   5.901543e-04   0.000000e+00   0.000000e+00   0.000000e+00  -1.120654e-05
 0.000000e+00   0.000000e+00   3.955417e-04   0.000000e+00   0.000000e+00   6.114443e-04   3.763767e-03  -2.437769e-03   0.000000e+00
 0.000000e+00   0.000000e+00   1.478148e-03   0.000000e+00   0.000000e+00   3.763767e-03   7.665011e-01  -4.764515e-01   0.000000e+00
 0.000000e+00   0.000000e+00  -9.544486e-04   0.000000e+00   0.000000e+00  -2.437769e-03  -4.764515e-01   3.601293e-01   0.000000e+00
-2.342011e-05  -7.579137e-06   0.000000e+00  -6.024197e-05  -1.120654e-05   0.000000e+00   0.000000e+00   0.000000e+00   4.533622e-02

# timestamp: 1774889308.520789
 9.525271e-04   2.510046e-07   0.000000e+00   3.459240e-04   1.553908e-07   0.000000e+00   0.000000e+00   0.000000e+00  -2.660263e-05
 2.510046e-07   9.525208e-04   0.000000e+00   1.642573e-07   3.455911e-04   0.000000e+00   0.000000e+00   0.000000e+00  -3.953142e-05
 0.000000e+00   0.000000e+00   9.561825e-04   0.000000e+00   0.000000e+00   3.522266e-04   1.466802e-03  -8.272247e-04   0.000000e+00
 3.459240e-04   1.642573e-07   0.000000e+00   5.441247e-04   1.849367e-07   0.000000e+00   0.000000e+00   0.000000e+00  -1.426000e-06
 1.553908e-07   3.455911e-04   0.000000e+00   1.849367e-07   5.434513e-04   0.000000e+00   0.000000e+00   0.000000e+00  -5.155823e-06
 0.000000e+00   0.000000e+00   3.522266e-04   0.000000e+00   0.000000e+00   5.558174e-04   2.753743e-03  -1.651724e-03   0.000000e+00
 0.000000e+00   0.000000e+00   1.466802e-03   0.000000e+00   0.000000e+00   2.753743e-03   7.777387e-01  -4.403354e-01   0.000000e+00
 0.000000e+00   0.000000e+00  -8.272247e-04   0.000000e+00   0.000000e+00  -1.651724e-03  -4.403354e-01   3.079869e-01   0.000000e+00
-2.660263e-05  -3.953142e-05   0.000000e+00  -1.426000e-06  -5.155823e-06   0.000000e+00   0.000000e+00   0.000000e+00   4.374334e-02

# timestamp: 1774889308.5689964
 8.479102e-04   1.794690e-07   0.000000e+00   3.056616e-04   1.207929e-07   0.000000e+00   0.000000e+00   0.000000e+00  -1.756785e-05
 1.794690e-07   8.478846e-04   0.000000e+00   1.255600e-07   3.053647e-04   0.000000e+00   0.000000e+00   0.000000e+00  -2.625425e-05
 0.000000e+00   0.000000e+00   8.507815e-04   0.000000e+00   0.000000e+00   3.108848e-04   1.302336e-03  -7.258810e-04   0.000000e+00
 3.056616e-04   1.255600e-07   0.000000e+00   5.260275e-04   1.659944e-07   0.000000e+00   0.000000e+00   0.000000e+00   5.771765e-06
 1.207929e-07   3.053647e-04   0.000000e+00   1.659944e-07   5.253955e-04   0.000000e+00   0.000000e+00   0.000000e+00   1.575247e-07
 0.000000e+00   0.000000e+00   3.108848e-04   0.000000e+00   0.000000e+00   5.361837e-04   2.545690e-03  -1.494478e-03   0.000000e+00
 0.000000e+00   0.000000e+00   1.302336e-03   0.000000e+00   0.000000e+00   2.545690e-03   7.777385e-01  -4.315749e-01   0.000000e+00
 0.000000e+00   0.000000e+00  -7.258810e-04   0.000000e+00   0.000000e+00  -1.494478e-03  -4.315749e-01   2.897073e-01   0.000000e+00
-1.756785e-05  -2.625425e-05   0.000000e+00   5.771765e-06   1.575247e-07   0.000000e+00   0.000000e+00   0.000000e+00   3.788325e-02

# timestamp: 1774889308.8356884
 9.399093e-04   3.146568e-07   0.000000e+00   3.233765e-04   1.594632e-07   0.000000e+00   0.000000e+00   0.000000e+00  -2.171482e-05
 3.146568e-07   9.400655e-04   0.000000e+00   1.330953e-07   3.231480e-04   0.000000e+00   0.000000e+00   0.000000e+00  -5.104783e-05
 0.000000e+00   0.000000e+00   9.430919e-04   0.000000e+00   0.000000e+00   3.270953e-04   1.300737e-03  -6.621629e-04   0.000000e+00
 3.233765e-04   1.330953e-07   0.000000e+00   5.105618e-04   1.703246e-07   0.000000e+00   0.000000e+00   0.000000e+00   3.786021e-05
 1.594632e-07   3.231480e-04   0.000000e+00   1.703246e-07   5.099996e-04   0.000000e+00   0.000000e+00   0.000000e+00   3.397191e-06
 0.000000e+00   0.000000e+00   3.270953e-04   0.000000e+00   0.000000e+00   5.154453e-04   1.594628e-03  -9.152969e-04   0.000000e+00
 0.000000e+00   0.000000e+00   1.300737e-03   0.000000e+00   0.000000e+00   1.594628e-03   7.994055e-01  -4.193370e-01   0.000000e+00
 0.000000e+00   0.000000e+00  -6.621629e-04   0.000000e+00   0.000000e+00  -9.152969e-04  -4.193370e-01   2.769233e-01   0.000000e+00
-2.171482e-05  -5.104783e-05   0.000000e+00   3.786021e-05   3.397191e-06   0.000000e+00   0.000000e+00   0.000000e+00   4.406402e-02

# timestamp: 1774889308.8512738
 9.621343e-04   3.186064e-07   0.000000e+00   3.302507e-04   1.612165e-07   0.000000e+00   0.000000e+00   0.000000e+00  -2.119602e-05
 3.186064e-07   9.622842e-04   0.000000e+00   1.320011e-07   3.300147e-04   0.000000e+00   0.000000e+00   0.000000e+00  -5.099838e-05
 0.000000e+00   0.000000e+00   9.654172e-04   0.000000e+00   0.000000e+00   3.339655e-04   1.322027e-03  -6.743948e-04   0.000000e+00
 3.302507e-04   1.320011e-07   0.000000e+00   5.119110e-04   1.715841e-07   0.000000e+00   0.000000e+00   0.000000e+00   4.085322e-05
 1.612165e-07   3.300147e-04   0.000000e+00   1.715841e-07   5.113438e-04   0.000000e+00   0.000000e+00   0.000000e+00   4.538273e-06
 0.000000e+00   0.000000e+00   3.339655e-04   0.000000e+00   0.000000e+00   5.166261e-04   1.552093e-03  -8.944874e-04   0.000000e+00
 0.000000e+00   0.000000e+00   1.322027e-03   0.000000e+00   0.000000e+00   1.552093e-03   8.007495e-01  -4.193370e-01   0.000000e+00
 0.000000e+00   0.000000e+00  -6.743948e-04   0.000000e+00   0.000000e+00  -8.944874e-04  -4.193370e-01   2.782673e-01   0.000000e+00
-2.119602e-05  -5.099838e-05   0.000000e+00   4.085322e-05   4.538273e-06   0.000000e+00   0.000000e+00   0.000000e+00   4.540804e-02

# timestamp: 1774889308.873283
 8.361715e-04   2.229735e-07   0.000000e+00   2.857469e-04   1.222562e-07   0.000000e+00   0.000000e+00   0.000000e+00  -1.324274e-05
 2.229735e-07   8.362603e-04   0.000000e+00   1.016250e-07   2.855303e-04   0.000000e+00   0.000000e+00   0.000000e+00  -3.347584e-05
 0.000000e+00   0.000000e+00   8.385777e-04   0.000000e+00   0.000000e+00   2.886581e-04   1.132220e-03  -5.806608e-04   0.000000e+00
 2.857469e-04   1.016250e-07   0.000000e+00   4.948100e-04   1.565591e-07   0.000000e+00   0.000000e+00   0.000000e+00   3.780664e-05
 1.222562e-07   2.855303e-04   0.000000e+00   1.565591e-07   4.942712e-04   0.000000e+00   0.000000e+00   0.000000e+00   7.640367e-06
 0.000000e+00   0.000000e+00   2.886581e-04   0.000000e+00   0.000000e+00   4.987868e-04   1.392321e-03  -7.941682e-04   0.000000e+00
 0.000000e+00   0.000000e+00   1.132220e-03   0.000000e+00   0.000000e+00   1.392321e-03   8.028649e-01  -4.180838e-01   0.000000e+00
 0.000000e+00   0.000000e+00  -5.806608e-04   0.000000e+00   0.000000e+00  -7.941682e-04  -4.180838e-01   2.664016e-01   0.000000e+00
-1.324274e-05  -3.347584e-05   0.000000e+00   3.780664e-05   7.640367e-06   0.000000e+00   0.000000e+00   0.000000e+00   3.786752e-02

# timestamp: 1774889308.9145439
 8.931945e-04   2.311388e-07   0.000000e+00   3.035923e-04   1.270203e-07   0.000000e+00   0.000000e+00   0.000000e+00  -1.181288e-05
 2.311388e-07   8.932672e-04   0.000000e+00   1.009277e-07   3.033561e-04   0.000000e+00   0.000000e+00   0.000000e+00  -3.317353e-05
 0.000000e+00   0.000000e+00   8.958114e-04   0.000000e+00   0.000000e+00   3.064653e-04   1.180998e-03  -6.085798e-04   0.000000e+00
 3.035923e-04   1.009277e-07   0.000000e+00   4.984138e-04   1.613588e-07   0.000000e+00   0.000000e+00   0.000000e+00   4.554808e-05
 1.270203e-07   3.033561e-04   0.000000e+00   1.613588e-07   4.978604e-04   0.000000e+00   0.000000e+00   0.000000e+00   1.061270e-05
 0.000000e+00   0.000000e+00   3.064653e-04   0.000000e+00   0.000000e+00   5.019781e-04   1.269038e-03  -7.339984e-04   0.000000e+00
 0.000000e+00   0.000000e+00   1.180998e-03   0.000000e+00   0.000000e+00   1.269038e-03   8.064528e-01  -4.180838e-01   0.000000e+00
 0.000000e+00   0.000000e+00  -6.085798e-04   0.000000e+00   0.000000e+00  -7.339984e-04  -4.180838e-01   2.699895e-01   0.000000e+00
-1.181288e-05  -3.317353e-05   0.000000e+00   4.554808e-05   1.061270e-05   0.000000e+00   0.000000e+00   0.000000e+00   4.145539e-02

# timestamp: 1774889309.1545792
 9.655301e-04   3.606426e-07   0.000000e+00   3.159970e-04   1.650731e-07   0.000000e+00   0.000000e+00   0.000000e+00  -1.878913e-05
 3.606426e-07   9.657596e-04   0.000000e+00   1.109912e-07   3.158086e-04   0.000000e+00   0.000000e+00   0.000000e+00  -5.404467e-05
 0.000000e+00   0.000000e+00   9.679785e-04   0.000000e+00   0.000000e+00   3.174730e-04   1.032220e-03  -4.952625e-04   0.000000e+00
 3.159970e-04   1.109912e-07   0.000000e+00   4.865471e-04   1.880913e-07   0.000000e+00   0.000000e+00   0.000000e+00   6.536928e-05
 1.650731e-07   3.158086e-04   0.000000e+00   1.880913e-07   4.859955e-04   0.000000e+00   0.000000e+00   0.000000e+00   1.317987e-05
 0.000000e+00   0.000000e+00   3.174730e-04   0.000000e+00   0.000000e+00   4.879921e-04   3.443681e-04  -2.375886e-04   0.000000e+00
 0.000000e+00   0.000000e+00   1.032220e-03   0.000000e+00   0.000000e+00   3.443681e-04   8.296608e-01  -4.230113e-01   0.000000e+00
 0.000000e+00   0.000000e+00  -4.952625e-04   0.000000e+00   0.000000e+00  -2.375886e-04  -4.230113e-01   2.747875e-01   0.000000e+00
-1.878913e-05  -5.404467e-05   0.000000e+00   6.536928e-05   1.317987e-05   0.000000e+00   0.000000e+00   0.000000e+00   4.633460e-02

# timestamp: 1774889309.1818454
 8.229155e-04   2.521129e-07   0.000000e+00   2.690478e-04   1.247761e-07   0.000000e+00   0.000000e+00   0.000000e+00  -1.206006e-05
 2.521129e-07   8.230656e-04   0.000000e+00   9.026615e-08   2.688736e-04   0.000000e+00   0.000000e+00   0.000000e+00  -3.593251e-05
 0.000000e+00   0.000000e+00   8.246490e-04   0.000000e+00   0.000000e+00   2.701631e-04   8.644762e-04  -4.244755e-04   0.000000e+00
 2.690478e-04   9.026615e-08   0.000000e+00   4.706841e-04   1.712436e-07   0.000000e+00   0.000000e+00   0.000000e+00   5.439660e-05
 1.247761e-07   2.688736e-04   0.000000e+00   1.712436e-07   4.701674e-04   0.000000e+00   0.000000e+00   0.000000e+00   1.340260e-05
 0.000000e+00   0.000000e+00   2.701631e-04   0.000000e+00   0.000000e+00   4.719662e-04   2.655816e-04  -1.881822e-04   0.000000e+00
 0.000000e+00   0.000000e+00   8.644762e-04   0.000000e+00   0.000000e+00   2.655816e-04   8.291652e-01  -4.261157e-01   0.000000e+00
 0.000000e+00   0.000000e+00  -4.244755e-04   0.000000e+00   0.000000e+00  -1.881822e-04  -4.261157e-01   2.672100e-01   0.000000e+00
-1.206006e-05  -3.593251e-05   0.000000e+00   5.439660e-05   1.340260e-05   0.000000e+00   0.000000e+00   0.000000e+00   3.776374e-02

# timestamp: 1774889309.2202253
 8.933370e-04   2.620885e-07   0.000000e+00   2.904586e-04   1.317241e-07   0.000000e+00   0.000000e+00   0.000000e+00  -9.516060e-06
 2.620885e-07   8.934704e-04   0.000000e+00   9.054802e-08   2.902600e-04   0.000000e+00   0.000000e+00   0.000000e+00  -3.529203e-05
 0.000000e+00   0.000000e+00   8.951709e-04   0.000000e+00   0.000000e+00   2.914844e-04   8.750482e-04  -4.322906e-04   0.000000e+00
 2.904586e-04   9.054802e-08   0.000000e+00   4.752247e-04   1.794856e-07   0.000000e+00   0.000000e+00   0.000000e+00   6.316408e-05
 1.317241e-07   2.902600e-04   0.000000e+00   1.794856e-07   4.746856e-04   0.000000e+00   0.000000e+00   0.000000e+00   1.693107e-05
 0.000000e+00   0.000000e+00   2.914844e-04   0.000000e+00   0.000000e+00   4.764252e-04   1.251101e-04  -1.207981e-04   0.000000e+00
 0.000000e+00   0.000000e+00   8.750482e-04   0.000000e+00   0.000000e+00   1.251101e-04   8.336808e-01  -4.261157e-01   0.000000e+00
 0.000000e+00   0.000000e+00  -4.322906e-04   0.000000e+00   0.000000e+00  -1.207981e-04  -4.261157e-01   2.717257e-01   0.000000e+00
-9.516060e-06  -3.529203e-05   0.000000e+00   6.316408e-05   1.693107e-05   0.000000e+00   0.000000e+00   0.000000e+00   4.227941e-02

# timestamp: 1774889309.253706
 9.521215e-04   2.704217e-07   0.000000e+00   3.080220e-04   1.378685e-07   0.000000e+00   0.000000e+00   0.000000e+00  -7.094652e-06
 2.704217e-07   9.522395e-04   0.000000e+00   9.121362e-08   3.078023e-04   0.000000e+00   0.000000e+00   0.000000e+00  -3.462973e-05
 0.000000e+00   0.000000e+00   9.540293e-04   0.000000e+00   0.000000e+00   3.089713e-04   8.781677e-04  -4.360281e-04   0.000000e+00
 3.080220e-04   9.121362e-08   0.000000e+00   4.789255e-04   1.873463e-07   0.000000e+00   0.000000e+00   0.000000e+00   7.089265e-05
 1.378685e-07   3.078023e-04   0.000000e+00   1.873463e-07   4.783658e-04   0.000000e+00   0.000000e+00   0.000000e+00   2.004143e-05
 0.000000e+00   0.000000e+00   3.089713e-04   0.000000e+00   0.000000e+00   4.800924e-04   1.012188e-05  -6.615731e-05   0.000000e+00
 0.000000e+00   0.000000e+00   8.781677e-04   0.000000e+00   0.000000e+00   1.012188e-05   8.373584e-01  -4.261157e-01   0.000000e+00
 0.000000e+00   0.000000e+00  -4.360281e-04   0.000000e+00   0.000000e+00  -6.615731e-05  -4.261157e-01   2.754032e-01   0.000000e+00
-7.094652e-06  -3.462973e-05   0.000000e+00   7.089265e-05   2.004143e-05   0.000000e+00   0.000000e+00   0.000000e+00   4.595697e-02

# timestamp: 1774889309.4614766
 9.782026e-04   4.153110e-07   0.000000e+00   3.076959e-04   1.823086e-07   0.000000e+00   0.000000e+00   0.000000e+00  -1.845025e-05
 4.153110e-07   9.785118e-04   0.000000e+00   1.114199e-07   3.075382e-04   0.000000e+00   0.000000e+00   0.000000e+00  -6.148137e-05
 0.000000e+00   0.000000e+00   9.797796e-04   0.000000e+00   0.000000e+00   3.081211e-04   5.626022e-04  -2.333347e-04   0.000000e+00
 3.076959e-04   1.114199e-07   0.000000e+00   4.676872e-04   2.016416e-07   0.000000e+00   0.000000e+00   0.000000e+00   7.301391e-05
 1.823086e-07   3.075382e-04   0.000000e+00   2.016416e-07   4.671396e-04   0.000000e+00   0.000000e+00   0.000000e+00   1.113002e-05
 0.000000e+00   0.000000e+00   3.081211e-04   0.000000e+00   0.000000e+00   4.692936e-04  -7.455187e-04   3.507536e-04   0.000000e+00
 0.000000e+00   0.000000e+00   5.626022e-04   0.000000e+00   0.000000e+00  -7.455187e-04   8.537519e-01  -4.353167e-01   0.000000e+00
 0.000000e+00   0.000000e+00  -2.333347e-04   0.000000e+00   0.000000e+00   3.507536e-04  -4.353167e-01   2.828903e-01   0.000000e+00
-1.845025e-05  -6.148137e-05   0.000000e+00   7.301391e-05   1.113002e-05   0.000000e+00   0.000000e+00   0.000000e+00   4.776834e-02

# timestamp: 1774889309.535663
 9.031838e-04   7.705390e-07   0.000000e+00   2.819252e-04   2.759592e-07   0.000000e+00   0.000000e+00   0.000000e+00  -6.160897e-05
 7.705390e-07   9.039364e-04   0.000000e+00   1.896769e-07   2.819489e-04   0.000000e+00   0.000000e+00   0.000000e+00  -1.206015e-04
 0.000000e+00   0.000000e+00   9.053250e-04   0.000000e+00   0.000000e+00   2.823255e-04   6.284148e-04  -1.881168e-04   0.000000e+00
 2.819252e-04   1.896769e-07   0.000000e+00   4.567431e-04   2.143810e-07   0.000000e+00   0.000000e+00   0.000000e+00   5.078567e-05
 2.759592e-07   2.819489e-04   0.000000e+00   2.143810e-07   4.562787e-04   0.000000e+00   0.000000e+00   0.000000e+00  -1.159478e-05
 0.000000e+00   0.000000e+00   2.823255e-04   0.000000e+00   0.000000e+00   4.586019e-04  -8.746089e-04   4.587001e-04   0.000000e+00
 0.000000e+00   0.000000e+00   6.284148e-04   0.000000e+00   0.000000e+00  -8.746089e-04   8.544288e-01  -4.413111e-01   0.000000e+00
 0.000000e+00   0.000000e+00  -1.881168e-04   0.000000e+00   0.000000e+00   4.587001e-04  -4.413111e-01   2.828570e-01   0.000000e+00
-6.160897e-05  -1.206015e-04   0.000000e+00   5.078567e-05  -1.159478e-05   0.000000e+00   0.000000e+00   0.000000e+00   4.287400e-02

# timestamp: 1774889309.5607667
 9.383756e-04   7.809737e-07   0.000000e+00   2.921651e-04   2.793931e-07   0.000000e+00   0.000000e+00   0.000000e+00  -6.044718e-05
 7.809737e-07   9.391290e-04   0.000000e+00   1.847264e-07   2.921805e-04   0.000000e+00   0.000000e+00   0.000000e+00  -1.208535e-04
 0.000000e+00   0.000000e+00   9.405351e-04   0.000000e+00   0.000000e+00   2.925671e-04   6.084205e-04  -1.776437e-04   0.000000e+00
 2.921651e-04   1.847264e-07   0.000000e+00   4.589873e-04   2.146608e-07   0.000000e+00   0.000000e+00   0.000000e+00   5.436554e-05
 2.793931e-07   2.921805e-04   0.000000e+00   2.146608e-07   4.585139e-04   0.000000e+00   0.000000e+00   0.000000e+00  -1.060246e-05
 0.000000e+00   0.000000e+00   2.925671e-04   0.000000e+00   0.000000e+00   4.609623e-04  -9.338035e-04   4.879502e-04   0.000000e+00
 0.000000e+00   0.000000e+00   6.084205e-04   0.000000e+00   0.000000e+00  -9.338035e-04   8.566645e-01  -4.413111e-01   0.000000e+00
 0.000000e+00   0.000000e+00  -1.776437e-04   0.000000e+00   0.000000e+00   4.879502e-04  -4.413111e-01   2.850927e-01   0.000000e+00
-6.044718e-05  -1.208535e-04   0.000000e+00   5.436554e-05  -1.060246e-05   0.000000e+00   0.000000e+00   0.000000e+00   4.510970e-02

# timestamp: 1774889309.782629
 8.961448e-04   3.745590e-06   0.000000e+00   2.734986e-04   1.355448e-06   0.000000e+00   0.000000e+00   0.000000e+00   2.941861e-04
 3.745590e-06   8.999351e-04   0.000000e+00   1.906593e-06   2.742771e-04   0.000000e+00   0.000000e+00   0.000000e+00   4.872785e-04
 0.000000e+00   0.000000e+00   9.027198e-04   0.000000e+00   0.000000e+00   2.764256e-04  -4.404801e-04  -4.067834e-04   0.000000e+00
 2.734986e-04   1.906593e-06   0.000000e+00   4.448039e-04   7.822963e-07   0.000000e+00   0.000000e+00   0.000000e+00   1.505485e-04
 1.355448e-06   2.742771e-04   0.000000e+00   7.822963e-07   4.445511e-04   0.000000e+00   0.000000e+00   0.000000e+00   1.713870e-04
 0.000000e+00   0.000000e+00   2.764256e-04   0.000000e+00   0.000000e+00   4.489039e-04  -1.606929e-03   6.349063e-04   0.000000e+00
 0.000000e+00   0.000000e+00  -4.404801e-04   0.000000e+00   0.000000e+00  -1.606929e-03   8.635571e-01  -4.546339e-01   0.000000e+00
 0.000000e+00   0.000000e+00  -4.067834e-04   0.000000e+00   0.000000e+00   6.349063e-04  -4.546339e-01   2.954863e-01   0.000000e+00
 2.941861e-04   4.872785e-04   0.000000e+00   1.505485e-04   1.713870e-04   0.000000e+00   0.000000e+00   0.000000e+00   4.344973e-02

# timestamp: 1774889309.8180678
 8.634230e-04   5.050438e-07   0.000000e+00   2.623999e-04   1.922175e-07   0.000000e+00   0.000000e+00   0.000000e+00  -3.661230e-05
 5.050438e-07   8.638301e-04   0.000000e+00   1.421330e-07   2.623230e-04   0.000000e+00   0.000000e+00   0.000000e+00  -7.012923e-05
 0.000000e+00   0.000000e+00   8.646277e-04   0.000000e+00   0.000000e+00   2.627512e-04   2.427163e-04  -4.513446e-05   0.000000e+00
 2.623999e-04   1.421330e-07   0.000000e+00   4.402761e-04   1.884346e-07   0.000000e+00   0.000000e+00   0.000000e+00   4.519169e-05
 1.922175e-07   2.623230e-04   0.000000e+00   1.884346e-07   4.398257e-04   0.000000e+00   0.000000e+00   0.000000e+00   3.275018e-07
 0.000000e+00   0.000000e+00   2.627512e-04   0.000000e+00   0.000000e+00   4.433910e-04  -1.420530e-03   7.677703e-04   0.000000e+00
 0.000000e+00   0.000000e+00   2.427163e-04   0.000000e+00   0.000000e+00  -1.420530e-03   8.601235e-01  -4.576185e-01   0.000000e+00
 0.000000e+00   0.000000e+00  -4.513446e-05   0.000000e+00   0.000000e+00   7.677703e-04  -4.576185e-01   2.970133e-01   0.000000e+00
-3.661230e-05  -7.012923e-05   0.000000e+00   4.519169e-05   3.275018e-07   0.000000e+00   0.000000e+00   0.000000e+00   4.126447e-02

# timestamp: 1774889309.8475018
 9.109489e-04   5.154911e-07   0.000000e+00   2.760656e-04   1.967586e-07   0.000000e+00   0.000000e+00   0.000000e+00  -3.518569e-05
 5.154911e-07   9.113508e-04   0.000000e+00   1.424889e-07   2.759749e-04   0.000000e+00   0.000000e+00   0.000000e+00  -7.010489e-05
 0.000000e+00   0.000000e+00   9.121781e-04   0.000000e+00   0.000000e+00   2.765018e-04   1.983736e-04  -2.119091e-05   0.000000e+00
 2.760656e-04   1.424889e-07   0.000000e+00   4.433726e-04   1.902272e-07   0.000000e+00   0.000000e+00   0.000000e+00   4.858800e-05
 1.967586e-07   2.759749e-04   0.000000e+00   1.902272e-07   4.429150e-04   0.000000e+00   0.000000e+00   0.000000e+00   1.908313e-06
 0.000000e+00   0.000000e+00   2.765018e-04   0.000000e+00   0.000000e+00   4.466495e-04  -1.471287e-03   7.926567e-04   0.000000e+00
 0.000000e+00   0.000000e+00   1.983736e-04   0.000000e+00   0.000000e+00  -1.471287e-03   8.632127e-01  -4.576185e-01   0.000000e+00
 0.000000e+00   0.000000e+00  -2.119091e-05   0.000000e+00   0.000000e+00   7.926567e-04  -4.576185e-01   3.001025e-01   0.000000e+00
-3.518569e-05  -7.010489e-05   0.000000e+00   4.858800e-05   1.908313e-06   0.000000e+00   0.000000e+00   0.000000e+00   4.435366e-02

# timestamp: 1774889309.8709953
 9.431996e-04   5.225580e-07   0.000000e+00   2.852548e-04   1.998571e-07   0.000000e+00   0.000000e+00   0.000000e+00  -3.417064e-05
 5.225580e-07   9.435975e-04   0.000000e+00   1.427619e-07   2.851548e-04   0.000000e+00   0.000000e+00   0.000000e+00  -7.006016e-05
 0.000000e+00   0.000000e+00   9.444481e-04   0.000000e+00   0.000000e+00   2.857521e-04   1.678179e-04  -4.737396e-06   0.000000e+00
 2.852548e-04   1.427619e-07   0.000000e+00   4.454434e-04   1.915671e-07   0.000000e+00   0.000000e+00   0.000000e+00   5.098903e-05
 1.998571e-07   2.851548e-04   0.000000e+00   1.915671e-07   4.449807e-04   0.000000e+00   0.000000e+00   0.000000e+00   3.025871e-06
 0.000000e+00   0.000000e+00   2.857521e-04   0.000000e+00   0.000000e+00   4.488317e-04  -1.505356e-03   8.092366e-04   0.000000e+00
 0.000000e+00   0.000000e+00   1.678179e-04   0.000000e+00   0.000000e+00  -1.505356e-03   8.652783e-01  -4.576185e-01   0.000000e+00
 0.000000e+00   0.000000e+00  -4.737396e-06   0.000000e+00   0.000000e+00   8.092366e-04  -4.576185e-01   3.021681e-01   0.000000e+00
-3.417064e-05  -7.006016e-05   0.000000e+00   5.098903e-05   3.025871e-06   0.000000e+00   0.000000e+00   0.000000e+00   4.641927e-02

# timestamp: 1774889310.1075423
 1.063496e-03   3.423003e-05   0.000000e+00   3.150172e-04   1.067873e-05   0.000000e+00   0.000000e+00   0.000000e+00   9.958294e-04
 3.423003e-05   1.096831e-03   0.000000e+00   1.223429e-05   3.241664e-04   0.000000e+00   0.000000e+00   0.000000e+00   1.596788e-03
 0.000000e+00   0.000000e+00   1.121563e-03   0.000000e+00   0.000000e+00   3.363095e-04  -2.479635e-03  -7.474044e-04   0.000000e+00
 3.150172e-04   1.223429e-05   0.000000e+00   4.466642e-04   3.903327e-06   0.000000e+00   0.000000e+00   0.000000e+00   3.508388e-04
 1.067873e-05   3.241664e-04   0.000000e+00   3.903327e-06   4.488359e-04   0.000000e+00   0.000000e+00   0.000000e+00   4.948694e-04
 0.000000e+00   0.000000e+00   3.363095e-04   0.000000e+00   0.000000e+00   4.576641e-04  -2.370426e-03   6.617587e-04   0.000000e+00
 0.000000e+00   0.000000e+00  -2.479635e-03   0.000000e+00   0.000000e+00  -2.370426e-03   8.680219e-01  -4.667210e-01   0.000000e+00
 0.000000e+00   0.000000e+00  -7.474044e-04   0.000000e+00   0.000000e+00   6.617587e-04  -4.667210e-01   3.227345e-01   0.000000e+00
 9.958294e-04   1.596788e-03   0.000000e+00   3.508388e-04   4.948694e-04   0.000000e+00   0.000000e+00   0.000000e+00   5.483605e-02

# timestamp: 1774889310.1306744
 1.087044e-03   3.456080e-05   0.000000e+00   3.214857e-04   1.076495e-05   0.000000e+00   0.000000e+00   0.000000e+00   1.000883e-03
 3.456080e-05   1.120643e-03   0.000000e+00   1.233175e-05   3.306885e-04   0.000000e+00   0.000000e+00   0.000000e+00   1.603914e-03
 0.000000e+00   0.000000e+00   1.145726e-03   0.000000e+00   0.000000e+00   3.429974e-04  -2.513774e-03  -7.378739e-04   0.000000e+00
 3.214857e-04   1.233175e-05   0.000000e+00   4.481212e-04   3.926614e-06   0.000000e+00   0.000000e+00   0.000000e+00   3.522768e-04
 1.076495e-05   3.306885e-04   0.000000e+00   3.926614e-06   4.503045e-04   0.000000e+00   0.000000e+00   0.000000e+00   4.965456e-04
 0.000000e+00   0.000000e+00   3.429974e-04   0.000000e+00   0.000000e+00   4.591855e-04  -2.378786e-03   6.640548e-04   0.000000e+00
 0.000000e+00   0.000000e+00  -2.513774e-03   0.000000e+00   0.000000e+00  -2.378786e-03   8.694608e-01  -4.667210e-01   0.000000e+00
 0.000000e+00   0.000000e+00  -7.378739e-04   0.000000e+00   0.000000e+00   6.640548e-04  -4.667210e-01   3.241734e-01   0.000000e+00
 1.000883e-03   1.603914e-03   0.000000e+00   3.522768e-04   4.965456e-04   0.000000e+00   0.000000e+00   0.000000e+00   5.627497e-02

# timestamp: 1774889310.1527643
 1.140615e-03   3.531311e-05   0.000000e+00   3.360975e-04   1.096032e-05   0.000000e+00   0.000000e+00   0.000000e+00   1.012304e-03
 3.531311e-05   1.174813e-03   0.000000e+00   1.255249e-05   3.454216e-04   0.000000e+00   0.000000e+00   0.000000e+00   1.620004e-03
 0.000000e+00   0.000000e+00   1.200703e-03   0.000000e+00   0.000000e+00   3.581070e-04  -2.590857e-03  -7.163580e-04   0.000000e+00
 3.360975e-04   1.255249e-05   0.000000e+00   4.513941e-04   3.979242e-06   0.000000e+00   0.000000e+00   0.000000e+00   3.556527e-04
 1.096032e-05   3.454216e-04   0.000000e+00   3.979242e-06   4.536036e-04   0.000000e+00   0.000000e+00   0.000000e+00   5.004805e-04
 0.000000e+00   0.000000e+00   3.581070e-04   0.000000e+00   0.000000e+00   4.626036e-04  -2.397711e-03   6.690423e-04   0.000000e+00
 0.000000e+00   0.000000e+00  -2.590857e-03   0.000000e+00   0.000000e+00  -2.397711e-03   8.726928e-01  -4.667210e-01   0.000000e+00
 0.000000e+00   0.000000e+00  -7.163580e-04   0.000000e+00   0.000000e+00   6.690423e-04  -4.667210e-01   3.274054e-01   0.000000e+00
 1.012304e-03   1.620004e-03   0.000000e+00   3.556527e-04   5.004805e-04   0.000000e+00   0.000000e+00   0.000000e+00   5.950695e-02

# timestamp: 1774889310.187268
 1.089554e-03   5.923262e-05   0.000000e+00   3.204032e-04   1.804357e-05   0.000000e+00   0.000000e+00   0.000000e+00   1.352704e-03
 5.923262e-05   1.145792e-03   0.000000e+00   1.997497e-05   3.360427e-04   0.000000e+00   0.000000e+00   0.000000e+00   2.140814e-03
 0.000000e+00   0.000000e+00   1.189305e-03   0.000000e+00   0.000000e+00   3.551052e-04  -3.432493e-03  -9.379319e-04   0.000000e+00
 3.204032e-04   1.997497e-05   0.000000e+00   4.459337e-04   6.168507e-06   0.000000e+00   0.000000e+00   0.000000e+00   4.498375e-04
 1.804357e-05   3.360427e-04   0.000000e+00   6.168507e-06   4.499625e-04   0.000000e+00   0.000000e+00   0.000000e+00   6.493844e-04
 0.000000e+00   0.000000e+00   3.551052e-04   0.000000e+00   0.000000e+00   4.611078e-04  -2.619043e-03   6.055471e-04   0.000000e+00
 0.000000e+00   0.000000e+00  -3.432493e-03   0.000000e+00   0.000000e+00  -2.619043e-03   8.666341e-01  -4.696009e-01   0.000000e+00
 0.000000e+00   0.000000e+00  -9.379319e-04   0.000000e+00   0.000000e+00   6.055471e-04  -4.696009e-01   3.295693e-01   0.000000e+00
 1.352704e-03   2.140814e-03   0.000000e+00   4.498375e-04   6.493844e-04   0.000000e+00   0.000000e+00   0.000000e+00   5.711250e-02

# timestamp: 1774889310.207273
 1.123512e-03   6.001855e-05   0.000000e+00   3.296527e-04   1.823131e-05   0.000000e+00   0.000000e+00   0.000000e+00   1.361975e-03
 6.001855e-05   1.180397e-03   0.000000e+00   2.017086e-05   3.454277e-04   0.000000e+00   0.000000e+00   0.000000e+00   2.154197e-03
 0.000000e+00   0.000000e+00   1.224700e-03   0.000000e+00   0.000000e+00   3.647764e-04  -3.486441e-03  -9.254675e-04   0.000000e+00
 3.296527e-04   2.017086e-05   0.000000e+00   4.480206e-04   6.209361e-06   0.000000e+00   0.000000e+00   0.000000e+00   4.517058e-04
 1.823131e-05   3.454277e-04   0.000000e+00   6.209361e-06   4.520785e-04   0.000000e+00   0.000000e+00   0.000000e+00   6.519887e-04
 0.000000e+00   0.000000e+00   3.647764e-04   0.000000e+00   0.000000e+00   4.632795e-04  -2.625859e-03   6.058110e-04   0.000000e+00
 0.000000e+00   0.000000e+00  -3.486441e-03   0.000000e+00   0.000000e+00  -2.625859e-03   8.686921e-01  -4.696009e-01   0.000000e+00
 0.000000e+00   0.000000e+00  -9.254675e-04   0.000000e+00   0.000000e+00   6.058110e-04  -4.696009e-01   3.316273e-01   0.000000e+00
 1.361975e-03   2.154197e-03   0.000000e+00   4.517058e-04   6.519887e-04   0.000000e+00   0.000000e+00   0.000000e+00   5.917055e-02

# timestamp: 1774889310.4075453
 1.233943e-03   1.306391e-04   0.000000e+00   3.549903e-04   3.809585e-05   0.000000e+00   0.000000e+00   0.000000e+00   2.140432e-03
 1.306391e-04   1.351443e-03   0.000000e+00   4.047851e-05   3.874467e-04   0.000000e+00   0.000000e+00   0.000000e+00   3.304734e-03
 0.000000e+00   0.000000e+00   1.451243e-03   0.000000e+00   0.000000e+00   4.247970e-04  -5.507027e-03  -1.319641e-03   0.000000e+00
 3.549903e-04   4.047851e-05   0.000000e+00   4.497619e-04   1.187625e-05   0.000000e+00   0.000000e+00   0.000000e+00   6.567227e-04
 3.809585e-05   3.874467e-04   0.000000e+00   1.187625e-05   4.584574e-04   0.000000e+00   0.000000e+00   0.000000e+00   9.639106e-04
 0.000000e+00   0.000000e+00   4.247970e-04   0.000000e+00   0.000000e+00   4.748612e-04  -3.062221e-03   4.544969e-04   0.000000e+00
 0.000000e+00   0.000000e+00  -5.507027e-03   0.000000e+00   0.000000e+00  -3.062221e-03   8.707770e-01  -4.755369e-01   0.000000e+00
 0.000000e+00   0.000000e+00  -1.319641e-03   0.000000e+00   0.000000e+00   4.544969e-04  -4.755369e-01   3.491345e-01   0.000000e+00
 2.140432e-03   3.304734e-03   0.000000e+00   6.567227e-04   9.639106e-04   0.000000e+00   0.000000e+00   0.000000e+00   6.752770e-02

# timestamp: 1774889310.4398332
 1.287394e-03   1.330895e-04   0.000000e+00   3.691006e-04   3.862275e-05   0.000000e+00   0.000000e+00   0.000000e+00   2.160822e-03
 1.330895e-04   1.406917e-03   0.000000e+00   4.100060e-05   4.019718e-04   0.000000e+00   0.000000e+00   0.000000e+00   3.334666e-03
 0.000000e+00   0.000000e+00   1.509051e-03   0.000000e+00   0.000000e+00   4.399401e-04  -5.602016e-03  -1.305587e-03   0.000000e+00
 3.691006e-04   4.100060e-05   0.000000e+00   4.529228e-04   1.196894e-05   0.000000e+00   0.000000e+00   0.000000e+00   6.599287e-04
 3.862275e-05   4.019718e-04   0.000000e+00   1.196894e-05   4.616993e-04   0.000000e+00   0.000000e+00   0.000000e+00   9.690139e-04
 0.000000e+00   0.000000e+00   4.399401e-04   0.000000e+00   0.000000e+00   4.781772e-04  -3.067557e-03   4.506485e-04   0.000000e+00
 0.000000e+00   0.000000e+00  -5.602016e-03   0.000000e+00   0.000000e+00  -3.067557e-03   8.738773e-01  -4.755369e-01   0.000000e+00
 0.000000e+00   0.000000e+00  -1.305587e-03   0.000000e+00   0.000000e+00   4.506485e-04  -4.755369e-01   3.522348e-01   0.000000e+00
 2.160822e-03   3.334666e-03   0.000000e+00   6.599287e-04   9.690139e-04   0.000000e+00   0.000000e+00   0.000000e+00   7.062800e-02

# timestamp: 1774889310.4653502
 1.343443e-03   1.356517e-04   0.000000e+00   3.837518e-04   3.917086e-05   0.000000e+00   0.000000e+00   0.000000e+00   2.181966e-03
 1.356517e-04   1.465082e-03   0.000000e+00   4.154366e-05   4.170548e-04   0.000000e+00   0.000000e+00   0.000000e+00   3.365717e-03
 0.000000e+00   0.000000e+00   1.569663e-03   0.000000e+00   0.000000e+00   4.556644e-04  -5.700174e-03  -1.291226e-03   0.000000e+00
 3.837518e-04   4.154366e-05   0.000000e+00   4.561833e-04   1.206504e-05   0.000000e+00   0.000000e+00   0.000000e+00   6.633759e-04
 3.917086e-05   4.170548e-04   0.000000e+00   1.206504e-05   4.650438e-04   0.000000e+00   0.000000e+00   0.000000e+00   9.745013e-04
 0.000000e+00   0.000000e+00   4.556644e-04   0.000000e+00   0.000000e+00   4.815986e-04  -3.073201e-03   4.464556e-04   0.000000e+00
 0.000000e+00   0.000000e+00  -5.700174e-03   0.000000e+00   0.000000e+00  -3.073201e-03   8.770750e-01  -4.755369e-01   0.000000e+00
 0.000000e+00   0.000000e+00  -1.291226e-03   0.000000e+00   0.000000e+00   4.464556e-04  -4.755369e-01   3.554325e-01   0.000000e+00
 2.181966e-03   3.365717e-03   0.000000e+00   6.633759e-04   9.745013e-04   0.000000e+00   0.000000e+00   0.000000e+00   7.382569e-02

# timestamp: 1774889310.4867313
 1.258205e-03   1.733967e-04   0.000000e+00   3.588898e-04   4.982457e-05   0.000000e+00   0.000000e+00   0.000000e+00   2.546165e-03
 1.733967e-04   1.411726e-03   0.000000e+00   5.233533e-05   4.011127e-04   0.000000e+00   0.000000e+00   0.000000e+00   3.905605e-03
 0.000000e+00   0.000000e+00   1.544582e-03   0.000000e+00   0.000000e+00   4.483239e-04  -6.401782e-03  -1.616157e-03   0.000000e+00
 3.588898e-04   5.233533e-05   0.000000e+00   4.485975e-04   1.510607e-05   0.000000e+00   0.000000e+00   0.000000e+00   7.622988e-04
 4.982457e-05   4.011127e-04   0.000000e+00   1.510607e-05   4.599600e-04   0.000000e+00   0.000000e+00   0.000000e+00   1.123851e-03
 0.000000e+00   0.000000e+00   4.483239e-04   0.000000e+00   0.000000e+00   4.790481e-04  -3.248515e-03   3.522986e-04   0.000000e+00
 0.000000e+00   0.000000e+00  -6.401782e-03   0.000000e+00   0.000000e+00  -3.248515e-03   8.728085e-01  -4.788431e-01   0.000000e+00
 0.000000e+00   0.000000e+00  -1.616157e-03   0.000000e+00   0.000000e+00   3.522986e-04  -4.788431e-01   3.557552e-01   0.000000e+00
 2.546165e-03   3.905605e-03   0.000000e+00   7.622988e-04   1.123851e-03   0.000000e+00   0.000000e+00   0.000000e+00   7.003496e-02

# timestamp: 1774889310.6797662
 1.351596e-03   2.721445e-04   0.000000e+00   3.787382e-04   7.591195e-05   0.000000e+00   0.000000e+00   0.000000e+00   3.331219e-03
 2.721445e-04   1.595122e-03   0.000000e+00   7.924127e-05   4.442710e-04   0.000000e+00   0.000000e+00   0.000000e+00   5.149856e-03
 0.000000e+00   0.000000e+00   1.797747e-03   0.000000e+00   0.000000e+00   5.114095e-04  -7.742030e-03  -2.527825e-03   0.000000e+00
 3.787382e-04   7.924127e-05   0.000000e+00   4.494549e-04   2.216319e-05   0.000000e+00   0.000000e+00   0.000000e+00   9.684341e-04
 7.591195e-05   4.442710e-04   0.000000e+00   2.216319e-05   4.668660e-04   0.000000e+00   0.000000e+00   0.000000e+00   1.442808e-03
 0.000000e+00   0.000000e+00   5.114095e-04   0.000000e+00   0.000000e+00   4.914623e-04  -3.588610e-03   1.150249e-04   0.000000e+00
 0.000000e+00   0.000000e+00  -7.742030e-03   0.000000e+00   0.000000e+00  -3.588610e-03   8.857511e-01  -4.826048e-01   0.000000e+00
 0.000000e+00   0.000000e+00  -2.527825e-03   0.000000e+00   0.000000e+00   1.150249e-04  -4.826048e-01   3.669684e-01   0.000000e+00
 3.331219e-03   5.149856e-03   0.000000e+00   9.684341e-04   1.442808e-03   0.000000e+00   0.000000e+00   0.000000e+00   7.837793e-02

# timestamp: 1774889310.698267
 1.385200e-03   2.751082e-04   0.000000e+00   3.875607e-04   7.653000e-05   0.000000e+00   0.000000e+00   0.000000e+00   3.349681e-03
 2.751082e-04   1.631227e-03   0.000000e+00   8.004441e-05   4.534808e-04   0.000000e+00   0.000000e+00   0.000000e+00   5.177336e-03
 0.000000e+00   0.000000e+00   1.836420e-03   0.000000e+00   0.000000e+00   5.215084e-04  -7.810542e-03  -2.525547e-03   0.000000e+00
 3.875607e-04   8.004441e-05   0.000000e+00   4.515005e-04   2.232632e-05   0.000000e+00   0.000000e+00   0.000000e+00   9.742969e-04
 7.653000e-05   4.534808e-04   0.000000e+00   2.232632e-05   4.689375e-04   0.000000e+00   0.000000e+00   0.000000e+00   1.447461e-03
 0.000000e+00   0.000000e+00   5.215084e-04   0.000000e+00   0.000000e+00   4.938817e-04  -3.625709e-03   1.290366e-04   0.000000e+00
 0.000000e+00   0.000000e+00  -7.810542e-03   0.000000e+00   0.000000e+00  -3.625709e-03   8.876537e-01  -4.826048e-01   0.000000e+00
 0.000000e+00   0.000000e+00  -2.525547e-03   0.000000e+00   0.000000e+00   1.290366e-04  -4.826048e-01   3.688710e-01   0.000000e+00
 3.349681e-03   5.177336e-03   0.000000e+00   9.742969e-04   1.447461e-03   0.000000e+00   0.000000e+00   0.000000e+00   8.028054e-02

# timestamp: 1774889310.7331307
 1.457466e-03   2.814707e-04   0.000000e+00   4.063833e-04   7.785207e-05   0.000000e+00   0.000000e+00   0.000000e+00   3.389123e-03
 2.814707e-04   1.708837e-03   0.000000e+00   8.176177e-05   4.731257e-04   0.000000e+00   0.000000e+00   0.000000e+00   5.235801e-03
 0.000000e+00   0.000000e+00   1.919579e-03   0.000000e+00   0.000000e+00   5.430682e-04  -7.957785e-03  -2.519912e-03   0.000000e+00
 4.063833e-04   8.176177e-05   0.000000e+00   4.558349e-04   2.267404e-05   0.000000e+00   0.000000e+00   0.000000e+00   9.872064e-04
 7.785207e-05   4.731257e-04   0.000000e+00   2.267404e-05   4.733256e-04   0.000000e+00   0.000000e+00   0.000000e+00   1.457707e-03
 0.000000e+00   0.000000e+00   5.430682e-04   0.000000e+00   0.000000e+00   4.990174e-04  -3.704761e-03   1.583133e-04   0.000000e+00
 0.000000e+00   0.000000e+00  -7.957785e-03   0.000000e+00   0.000000e+00  -3.704761e-03   8.916824e-01  -4.826048e-01   0.000000e+00
 0.000000e+00   0.000000e+00  -2.519912e-03   0.000000e+00   0.000000e+00   1.583133e-04  -4.826048e-01   3.728998e-01   0.000000e+00
 3.389123e-03   5.235801e-03   0.000000e+00   9.872064e-04   1.457707e-03   0.000000e+00   0.000000e+00   0.000000e+00   8.430926e-02

# timestamp: 1774889310.7540464
 1.481963e-03   2.836257e-04   0.000000e+00   4.127132e-04   7.829838e-05   0.000000e+00   0.000000e+00   0.000000e+00   3.402432e-03
 2.836257e-04   1.735134e-03   0.000000e+00   8.234108e-05   4.797312e-04   0.000000e+00   0.000000e+00   0.000000e+00   5.255443e-03
 0.000000e+00   0.000000e+00   1.947767e-03   0.000000e+00   0.000000e+00   5.503241e-04  -8.007765e-03  -2.517748e-03   0.000000e+00
 4.127132e-04   8.234108e-05   0.000000e+00   4.572847e-04   2.279100e-05   0.000000e+00   0.000000e+00   0.000000e+00   9.916521e-04
 7.829838e-05   4.797312e-04   0.000000e+00   2.279100e-05   4.747930e-04   0.000000e+00   0.000000e+00   0.000000e+00   1.461235e-03
 0.000000e+00   0.000000e+00   5.503241e-04   0.000000e+00   0.000000e+00   5.007381e-04  -3.731317e-03   1.679964e-04   0.000000e+00
 0.000000e+00   0.000000e+00  -8.007765e-03   0.000000e+00   0.000000e+00  -3.731317e-03   8.930291e-01  -4.826048e-01   0.000000e+00
 0.000000e+00   0.000000e+00  -2.517748e-03   0.000000e+00   0.000000e+00   1.679964e-04  -4.826048e-01   3.742465e-01   0.000000e+00
 3.402432e-03   5.255443e-03   0.000000e+00   9.916521e-04   1.461235e-03   0.000000e+00   0.000000e+00   0.000000e+00   8.565597e-02

# timestamp: 1774889310.7682872
 1.503449e-03   2.855151e-04   0.000000e+00   4.182450e-04   7.868905e-05   0.000000e+00   0.000000e+00   0.000000e+00   3.414081e-03
 2.855151e-04   1.758196e-03   0.000000e+00   8.284803e-05   4.855035e-04   0.000000e+00   0.000000e+00   0.000000e+00   5.272600e-03
 0.000000e+00   0.000000e+00   1.972490e-03   0.000000e+00   0.000000e+00   5.566674e-04  -8.051621e-03  -2.515751e-03   0.000000e+00
 4.182450e-04   8.284803e-05   0.000000e+00   4.585485e-04   2.289322e-05   0.000000e+00   0.000000e+00   0.000000e+00   9.955811e-04
 7.868905e-05   4.855035e-04   0.000000e+00   2.289322e-05   4.760719e-04   0.000000e+00   0.000000e+00   0.000000e+00   1.464353e-03
 0.000000e+00   0.000000e+00   5.566674e-04   0.000000e+00   0.000000e+00   5.022391e-04  -3.754512e-03   1.763905e-04   0.000000e+00
 0.000000e+00   0.000000e+00  -8.051621e-03   0.000000e+00   0.000000e+00  -3.754512e-03   8.942027e-01  -4.826048e-01   0.000000e+00
 0.000000e+00   0.000000e+00  -2.515751e-03   0.000000e+00   0.000000e+00   1.763905e-04  -4.826048e-01   3.754200e-01   0.000000e+00
 3.414081e-03   5.272600e-03   0.000000e+00   9.955811e-04   1.464353e-03   0.000000e+00   0.000000e+00   0.000000e+00   8.682949e-02

# timestamp: 1774889310.970124
 1.593642e-03   4.015269e-04   0.000000e+00   4.371652e-04   1.077564e-04   0.000000e+00   0.000000e+00   0.000000e+00   4.182268e-03
 4.015269e-04   1.982712e-03   0.000000e+00   1.150598e-04   5.368526e-04   0.000000e+00   0.000000e+00   0.000000e+00   6.727344e-03
 0.000000e+00   0.000000e+00   2.260094e-03   0.000000e+00   0.000000e+00   6.258361e-04  -8.467987e-03  -4.239333e-03   0.000000e+00
 4.371652e-04   1.150598e-04   0.000000e+00   4.597316e-04   3.094355e-05   0.000000e+00   0.000000e+00   0.000000e+00   1.211552e-03
 1.077564e-04   5.368526e-04   0.000000e+00   3.094355e-05   4.850015e-04   0.000000e+00   0.000000e+00   0.000000e+00   1.824108e-03
 0.000000e+00   0.000000e+00   6.258361e-04   0.000000e+00   0.000000e+00   5.169524e-04  -4.090011e-03  -1.490283e-04   0.000000e+00
 0.000000e+00   0.000000e+00  -8.467987e-03   0.000000e+00   0.000000e+00  -4.090011e-03   9.133911e-01  -4.783573e-01   0.000000e+00
 0.000000e+00   0.000000e+00  -4.239333e-03   0.000000e+00   0.000000e+00  -1.490283e-04  -4.783573e-01   3.758294e-01   0.000000e+00
 4.182268e-03   6.727344e-03   0.000000e+00   1.211552e-03   1.824108e-03   0.000000e+00   0.000000e+00   0.000000e+00   9.580825e-02

# timestamp: 1774889310.987824
 1.488512e-03   4.445105e-04   0.000000e+00   4.082155e-04   1.191685e-04   0.000000e+00   0.000000e+00   0.000000e+00   4.487449e-03
 4.445105e-04   1.932257e-03   0.000000e+00   1.270248e-04   5.222123e-04   0.000000e+00   0.000000e+00   0.000000e+00   7.314456e-03
 0.000000e+00   0.000000e+00   2.230011e-03   0.000000e+00   0.000000e+00   6.162708e-04  -8.481325e-03  -5.016982e-03   0.000000e+00
 4.082155e-04   1.270248e-04   0.000000e+00   4.515391e-04   3.411798e-05   0.000000e+00   0.000000e+00   0.000000e+00   1.291060e-03
 1.191685e-04   5.222123e-04   0.000000e+00   3.411798e-05   4.805593e-04   0.000000e+00   0.000000e+00   0.000000e+00   1.978013e-03
 0.000000e+00   0.000000e+00   6.162708e-04   0.000000e+00   0.000000e+00   5.138194e-04  -4.109093e-03  -3.517788e-04   0.000000e+00
 0.000000e+00   0.000000e+00  -8.481325e-03   0.000000e+00   0.000000e+00  -4.109093e-03   9.153090e-01  -4.776554e-01   0.000000e+00
 0.000000e+00   0.000000e+00  -5.016982e-03   0.000000e+00   0.000000e+00  -3.517788e-04  -4.776554e-01   3.697904e-01   0.000000e+00
 4.487449e-03   7.314456e-03   0.000000e+00   1.291060e-03   1.978013e-03   0.000000e+00   0.000000e+00   0.000000e+00   9.239267e-02

# timestamp: 1774889311.0079827
 1.537138e-03   4.510914e-04   0.000000e+00   4.206954e-04   1.204585e-04   0.000000e+00   0.000000e+00   0.000000e+00   4.521865e-03
 4.510914e-04   1.986969e-03   0.000000e+00   1.286312e-04   5.356563e-04   0.000000e+00   0.000000e+00   0.000000e+00   7.367128e-03
 0.000000e+00   0.000000e+00   2.289761e-03   0.000000e+00   0.000000e+00   6.312186e-04  -8.591046e-03  -5.026196e-03   0.000000e+00
 4.206954e-04   1.286312e-04   0.000000e+00   4.544435e-04   3.441494e-05   0.000000e+00   0.000000e+00   0.000000e+00   1.299972e-03
 1.204585e-04   5.356563e-04   0.000000e+00   3.441494e-05   4.835521e-04   0.000000e+00   0.000000e+00   0.000000e+00   1.985937e-03
 0.000000e+00   0.000000e+00   6.312186e-04   0.000000e+00   0.000000e+00   5.173196e-04  -4.155748e-03  -3.378079e-04   0.000000e+00
 0.000000e+00   0.000000e+00  -8.591046e-03   0.000000e+00   0.000000e+00  -4.155748e-03   9.179679e-01  -4.776554e-01   0.000000e+00
 0.000000e+00   0.000000e+00  -5.026196e-03   0.000000e+00   0.000000e+00  -3.378079e-04  -4.776554e-01   3.724493e-01   0.000000e+00
 4.521865e-03   7.367128e-03   0.000000e+00   1.299972e-03   1.985937e-03   0.000000e+00   0.000000e+00   0.000000e+00   9.505156e-02

# timestamp: 1774889311.0462933
 1.596748e-03   4.591383e-04   0.000000e+00   4.358837e-04   1.220301e-04   0.000000e+00   0.000000e+00   0.000000e+00   4.563717e-03
 4.591383e-04   2.053997e-03   0.000000e+00   1.305880e-04   5.520136e-04   0.000000e+00   0.000000e+00   0.000000e+00   7.430995e-03
 0.000000e+00   0.000000e+00   2.362975e-03   0.000000e+00   0.000000e+00   6.494182e-04  -8.725046e-03  -5.036881e-03   0.000000e+00
 4.358837e-04   1.305880e-04   0.000000e+00   4.579535e-04   3.477561e-05   0.000000e+00   0.000000e+00   0.000000e+00   1.311106e-03
 1.220301e-04   5.520136e-04   0.000000e+00   3.477561e-05   4.871684e-04   0.000000e+00   0.000000e+00   0.000000e+00   1.995835e-03
 0.000000e+00   0.000000e+00   6.494182e-04   0.000000e+00   0.000000e+00   5.215555e-04  -4.212463e-03  -3.212641e-04   0.000000e+00
 0.000000e+00   0.000000e+00  -8.725046e-03   0.000000e+00   0.000000e+00  -4.212463e-03   9.211790e-01  -4.776554e-01   0.000000e+00
 0.000000e+00   0.000000e+00  -5.036881e-03   0.000000e+00   0.000000e+00  -3.212641e-04  -4.776554e-01   3.756605e-01   0.000000e+00
 4.563717e-03   7.430995e-03   0.000000e+00   1.311106e-03   1.995835e-03   0.000000e+00   0.000000e+00   0.000000e+00   9.826270e-02

# timestamp: 1774889311.0596318
 1.621038e-03   4.624135e-04   0.000000e+00   4.420313e-04   1.226680e-04   0.000000e+00   0.000000e+00   0.000000e+00   4.580691e-03
 4.624135e-04   2.081297e-03   0.000000e+00   1.313818e-04   5.586337e-04   0.000000e+00   0.000000e+00   0.000000e+00   7.456825e-03
 0.000000e+00   0.000000e+00   2.392803e-03   0.000000e+00   0.000000e+00   6.567892e-04  -8.779608e-03  -5.041015e-03   0.000000e+00
 4.420313e-04   1.313818e-04   0.000000e+00   4.593681e-04   3.492155e-05   0.000000e+00   0.000000e+00   0.000000e+00   1.315681e-03
 1.226680e-04   5.586337e-04   0.000000e+00   3.492155e-05   4.886257e-04   0.000000e+00   0.000000e+00   0.000000e+00   1.999903e-03
 0.000000e+00   0.000000e+00   6.567892e-04   0.000000e+00   0.000000e+00   5.232645e-04  -4.235398e-03  -3.146798e-04   0.000000e+00
 0.000000e+00   0.000000e+00  -8.779608e-03   0.000000e+00   0.000000e+00  -4.235398e-03   9.224725e-01  -4.776554e-01   0.000000e+00
 0.000000e+00   0.000000e+00  -5.041015e-03   0.000000e+00   0.000000e+00  -3.146798e-04  -4.776554e-01   3.769540e-01   0.000000e+00
 4.580691e-03   7.456825e-03   0.000000e+00   1.315681e-03   1.999903e-03   0.000000e+00   0.000000e+00   0.000000e+00   9.955622e-02

# timestamp: 1774889311.2682645
 1.732816e-03   6.032167e-04   0.000000e+00   4.656667e-04   1.555207e-04   0.000000e+00   0.000000e+00   0.000000e+00   5.509767e-03
 6.032167e-04   2.338530e-03   0.000000e+00   1.669228e-04   6.147427e-04   0.000000e+00   0.000000e+00   0.000000e+00   8.972824e-03
 0.000000e+00   0.000000e+00   2.741094e-03   0.000000e+00   0.000000e+00   7.371770e-04  -1.015305e-02  -6.312629e-03   0.000000e+00
 4.656667e-04   1.669228e-04   0.000000e+00   4.619937e-04   4.311324e-05   0.000000e+00   0.000000e+00   0.000000e+00   1.540316e-03
 1.555207e-04   6.147427e-04   0.000000e+00   4.311324e-05   4.983917e-04   0.000000e+00   0.000000e+00   0.000000e+00   2.341472e-03
 0.000000e+00   0.000000e+00   7.371770e-04   0.000000e+00   0.000000e+00   5.396651e-04  -4.644713e-03  -5.568394e-04   0.000000e+00
 0.000000e+00   0.000000e+00  -1.015305e-02   0.000000e+00   0.000000e+00  -4.644713e-03   9.418545e-01  -4.811007e-01   0.000000e+00
 0.000000e+00   0.000000e+00  -6.312629e-03   0.000000e+00   0.000000e+00  -5.568394e-04  -4.811007e-01   3.884855e-01   0.000000e+00
 5.509767e-03   8.972824e-03   0.000000e+00   1.540316e-03   2.341472e-03   0.000000e+00   0.000000e+00   0.000000e+00   1.100647e-01

# timestamp: 1774889311.2914567
 1.651085e-03   6.531404e-04   0.000000e+00   4.431830e-04   1.679662e-04   0.000000e+00   0.000000e+00   0.000000e+00   5.887119e-03
 6.531404e-04   2.305452e-03   0.000000e+00   1.798936e-04   6.040467e-04   0.000000e+00   0.000000e+00   0.000000e+00   9.561149e-03
 0.000000e+00   0.000000e+00   2.740524e-03   0.000000e+00   0.000000e+00   7.351884e-04  -1.064304e-02  -6.835530e-03   0.000000e+00
 4.431830e-04   1.798936e-04   0.000000e+00   4.555453e-04   4.633971e-05   0.000000e+00   0.000000e+00   0.000000e+00   1.633127e-03
 1.679662e-04   6.040467e-04   0.000000e+00   4.633971e-05   4.948090e-04   0.000000e+00   0.000000e+00   0.000000e+00   2.485674e-03
 0.000000e+00   0.000000e+00   7.351884e-04   0.000000e+00   0.000000e+00   5.384050e-04  -4.770702e-03  -6.813763e-04   0.000000e+00
 0.000000e+00   0.000000e+00  -1.064304e-02   0.000000e+00   0.000000e+00  -4.770702e-03   9.432854e-01  -4.834213e-01   0.000000e+00
 0.000000e+00   0.000000e+00  -6.835530e-03   0.000000e+00   0.000000e+00  -6.813763e-04  -4.834213e-01   3.881490e-01   0.000000e+00
 5.887119e-03   9.561149e-03   0.000000e+00   1.633127e-03   2.485674e-03   0.000000e+00   0.000000e+00   0.000000e+00   1.081491e-01

# timestamp: 1774889311.3169758
 1.679582e-03   6.583887e-04   0.000000e+00   4.502862e-04   1.688975e-04   0.000000e+00   0.000000e+00   0.000000e+00   5.911715e-03
 6.583887e-04   2.338800e-03   0.000000e+00   1.809643e-04   6.118904e-04   0.000000e+00   0.000000e+00   0.000000e+00   9.598577e-03
 0.000000e+00   0.000000e+00   2.777832e-03   0.000000e+00   0.000000e+00   7.439964e-04  -1.071491e-02  -6.845772e-03   0.000000e+00
 4.502862e-04   1.809643e-04   0.000000e+00   4.571775e-04   4.650100e-05   0.000000e+00   0.000000e+00   0.000000e+00   1.637374e-03
 1.688975e-04   6.118904e-04   0.000000e+00   4.650100e-05   4.965106e-04   0.000000e+00   0.000000e+00   0.000000e+00   2.489990e-03
 0.000000e+00   0.000000e+00   7.439964e-04   0.000000e+00   0.000000e+00   5.403353e-04  -4.788317e-03  -6.779616e-04   0.000000e+00
 0.000000e+00   0.000000e+00  -1.071491e-02   0.000000e+00   0.000000e+00  -4.788317e-03   9.447904e-01  -4.834213e-01   0.000000e+00
 0.000000e+00   0.000000e+00  -6.845772e-03   0.000000e+00   0.000000e+00  -6.779616e-04  -4.834213e-01   3.896541e-01   0.000000e+00
 5.911715e-03   9.598577e-03   0.000000e+00   1.637374e-03   2.489990e-03   0.000000e+00   0.000000e+00   0.000000e+00   1.096542e-01

# timestamp: 1774889311.3349185
 1.727435e-03   6.671810e-04   0.000000e+00   4.621547e-04   1.704534e-04   0.000000e+00   0.000000e+00   0.000000e+00   5.952747e-03
 6.671810e-04   2.394770e-03   0.000000e+00   1.827532e-04   6.249933e-04   0.000000e+00   0.000000e+00   0.000000e+00   9.660945e-03
 0.000000e+00   0.000000e+00   2.840450e-03   0.000000e+00   0.000000e+00   7.587140e-04  -1.083497e-02  -6.862692e-03   0.000000e+00
 4.621547e-04   1.827532e-04   0.000000e+00   4.598920e-04   4.676991e-05   0.000000e+00   0.000000e+00   0.000000e+00   1.644570e-03
 1.704534e-04   6.249933e-04   0.000000e+00   4.676991e-05   4.993406e-04   0.000000e+00   0.000000e+00   0.000000e+00   2.497302e-03
 0.000000e+00   0.000000e+00   7.587140e-04   0.000000e+00   0.000000e+00   5.435472e-04  -4.817737e-03  -6.724199e-04   0.000000e+00
 0.000000e+00   0.000000e+00  -1.083497e-02   0.000000e+00   0.000000e+00  -4.817737e-03   9.472929e-01  -4.834213e-01   0.000000e+00
 0.000000e+00   0.000000e+00  -6.862692e-03   0.000000e+00   0.000000e+00  -6.724199e-04  -4.834213e-01   3.921565e-01   0.000000e+00
 5.952747e-03   9.660945e-03   0.000000e+00   1.644570e-03   2.497302e-03   0.000000e+00   0.000000e+00   0.000000e+00   1.121566e-01

# timestamp: 1774889311.3622923
 1.773933e-03   6.757004e-04   0.000000e+00   4.736135e-04   1.719558e-04   0.000000e+00   0.000000e+00   0.000000e+00   5.992307e-03
 6.757004e-04   2.449118e-03   0.000000e+00   1.844805e-04   6.376413e-04   0.000000e+00   0.000000e+00   0.000000e+00   9.720991e-03
 0.000000e+00   0.000000e+00   2.901255e-03   0.000000e+00   0.000000e+00   7.729255e-04  -1.095092e-02  -6.878804e-03   0.000000e+00
 4.736135e-04   1.844805e-04   0.000000e+00   4.624987e-04   4.702895e-05   0.000000e+00   0.000000e+00   0.000000e+00   1.651628e-03
 1.719558e-04   6.376413e-04   0.000000e+00   4.702895e-05   5.020580e-04   0.000000e+00   0.000000e+00   0.000000e+00   2.504474e-03
 0.000000e+00   0.000000e+00   7.729255e-04   0.000000e+00   0.000000e+00   5.466334e-04  -4.846130e-03  -6.672530e-04   0.000000e+00
 0.000000e+00   0.000000e+00  -1.095092e-02   0.000000e+00   0.000000e+00  -4.846130e-03   9.496950e-01  -4.834213e-01   0.000000e+00
 0.000000e+00   0.000000e+00  -6.878804e-03   0.000000e+00   0.000000e+00  -6.672530e-04  -4.834213e-01   3.945587e-01   0.000000e+00
 5.992307e-03   9.720991e-03   0.000000e+00   1.651628e-03   2.504474e-03   0.000000e+00   0.000000e+00   0.000000e+00   1.145588e-01

# timestamp: 1774889311.5769238
 1.776654e-03   8.796765e-04   0.000000e+00   4.669460e-04   2.184227e-04   0.000000e+00   0.000000e+00   0.000000e+00   7.440938e-03
 8.796765e-04   2.626699e-03   0.000000e+00   2.323865e-04   6.691510e-04   0.000000e+00   0.000000e+00   0.000000e+00   1.184822e-02
 0.000000e+00   0.000000e+00   3.227467e-03   0.000000e+00   0.000000e+00   8.415609e-04  -1.341363e-02  -8.404734e-03   0.000000e+00
 4.669460e-04   2.323865e-04   0.000000e+00   4.571540e-04   5.779676e-05   0.000000e+00   0.000000e+00   0.000000e+00   1.978622e-03
 2.184227e-04   6.691510e-04   0.000000e+00   5.779676e-05   5.050416e-04   0.000000e+00   0.000000e+00   0.000000e+00   2.979103e-03
 0.000000e+00   0.000000e+00   8.415609e-04   0.000000e+00   0.000000e+00   5.583370e-04  -5.341296e-03  -1.033921e-03   0.000000e+00
 0.000000e+00   0.000000e+00  -1.341363e-02   0.000000e+00   0.000000e+00  -5.341296e-03   9.634327e-01  -4.909244e-01   0.000000e+00
 0.000000e+00   0.000000e+00  -8.404734e-03   0.000000e+00   0.000000e+00  -1.033921e-03  -4.909244e-01   4.085996e-01   0.000000e+00
 7.440938e-03   1.184822e-02   0.000000e+00   1.978622e-03   2.979103e-03   0.000000e+00   0.000000e+00   0.000000e+00   1.219302e-01

# timestamp: 1774889311.6122286
 1.847546e-03   8.961508e-04   0.000000e+00   4.840506e-04   2.212844e-04   0.000000e+00   0.000000e+00   0.000000e+00   7.512915e-03
 8.961508e-04   2.712369e-03   0.000000e+00   2.351255e-04   6.888072e-04   0.000000e+00   0.000000e+00   0.000000e+00   1.195663e-02
 0.000000e+00   0.000000e+00   3.325746e-03   0.000000e+00   0.000000e+00   8.635238e-04  -1.360775e-02  -8.442481e-03   0.000000e+00
 4.840506e-04   2.351255e-04   0.000000e+00   4.609989e-04   5.815607e-05   0.000000e+00   0.000000e+00   0.000000e+00   1.985245e-03
 2.212844e-04   6.888072e-04   0.000000e+00   5.815607e-05   5.092793e-04   0.000000e+00   0.000000e+00   0.000000e+00   2.991685e-03
 0.000000e+00   0.000000e+00   8.635238e-04   0.000000e+00   0.000000e+00   5.627503e-04  -5.343070e-03  -1.049360e-03   0.000000e+00
 0.000000e+00   0.000000e+00  -1.360775e-02   0.000000e+00   0.000000e+00  -5.343070e-03   9.670667e-01  -4.909244e-01   0.000000e+00
 0.000000e+00   0.000000e+00  -8.442481e-03   0.000000e+00   0.000000e+00  -1.049360e-03  -4.909244e-01   4.122336e-01   0.000000e+00
 7.512915e-03   1.195663e-02   0.000000e+00   1.985245e-03   2.991685e-03   0.000000e+00   0.000000e+00   0.000000e+00   1.255641e-01

# timestamp: 1774889311.700293
 1.888765e-03   9.769422e-04   0.000000e+00   4.909660e-04   2.386922e-04   0.000000e+00   0.000000e+00   0.000000e+00   8.081441e-03
 9.769422e-04   2.810659e-03   0.000000e+00   2.521983e-04   7.074975e-04   0.000000e+00   0.000000e+00   0.000000e+00   1.272205e-02
 0.000000e+00   0.000000e+00   3.490204e-03   0.000000e+00   0.000000e+00   8.973140e-04  -1.472965e-02  -8.872614e-03   0.000000e+00
 4.909660e-04   2.521983e-04   0.000000e+00   4.612275e-04   6.172259e-05   0.000000e+00   0.000000e+00   0.000000e+00   2.100268e-03
 2.386922e-04   7.074975e-04   0.000000e+00   6.172259e-05   5.119456e-04   0.000000e+00   0.000000e+00   0.000000e+00   3.150796e-03
 0.000000e+00   0.000000e+00   8.973140e-04   0.000000e+00   0.000000e+00   5.683563e-04  -5.497082e-03  -1.177428e-03   0.000000e+00
 0.000000e+00   0.000000e+00  -1.472965e-02   0.000000e+00   0.000000e+00  -5.497082e-03   9.711114e-01  -4.934744e-01   0.000000e+00
 0.000000e+00   0.000000e+00  -8.872614e-03   0.000000e+00   0.000000e+00  -1.177428e-03  -4.934744e-01   4.198579e-01   0.000000e+00
 8.081441e-03   1.272205e-02   0.000000e+00   2.100268e-03   3.150796e-03   0.000000e+00   0.000000e+00   0.000000e+00   1.299947e-01

# timestamp: 1774889311.9069507
 2.027676e-03   1.161033e-03   0.000000e+00   5.164977e-04   2.769332e-04   0.000000e+00   0.000000e+00   0.000000e+00   9.370851e-03
 1.161033e-03   3.068774e-03   0.000000e+00   2.881747e-04   7.572704e-04   0.000000e+00   0.000000e+00   0.000000e+00   1.441778e-02
 0.000000e+00   0.000000e+00   3.905864e-03   0.000000e+00   0.000000e+00   9.798872e-04  -1.727036e-02  -9.805424e-03   0.000000e+00
 5.164977e-04   2.881747e-04   0.000000e+00   4.640445e-04   6.886239e-05   0.000000e+00   0.000000e+00   0.000000e+00   2.342123e-03
 2.769332e-04   7.572704e-04   0.000000e+00   6.886239e-05   5.197549e-04   0.000000e+00   0.000000e+00   0.000000e+00   3.490301e-03
 0.000000e+00   0.000000e+00   9.798872e-04   0.000000e+00   0.000000e+00   5.815113e-04  -5.746267e-03  -1.496281e-03   0.000000e+00
 0.000000e+00   0.000000e+00  -1.727036e-02   0.000000e+00   0.000000e+00  -5.746267e-03   9.813489e-01  -4.984776e-01   0.000000e+00
 0.000000e+00   0.000000e+00  -9.805424e-03   0.000000e+00   0.000000e+00  -1.496281e-03  -4.984776e-01   4.381662e-01   0.000000e+00
 9.370851e-03   1.441778e-02   0.000000e+00   2.342123e-03   3.490301e-03   0.000000e+00   0.000000e+00   0.000000e+00   1.416847e-01

# timestamp: 1774889311.9225142
 2.043345e-03   1.165385e-03   0.000000e+00   5.201242e-04   2.776699e-04   0.000000e+00   0.000000e+00   0.000000e+00   9.388871e-03
 1.165385e-03   3.088152e-03   0.000000e+00   2.887819e-04   7.615934e-04   0.000000e+00   0.000000e+00   0.000000e+00   1.444463e-02
 0.000000e+00   0.000000e+00   3.928670e-03   0.000000e+00   0.000000e+00   9.846762e-04  -1.731457e-02  -9.816936e-03   0.000000e+00
 5.201242e-04   2.887819e-04   0.000000e+00   4.648390e-04   6.893270e-05   0.000000e+00   0.000000e+00   0.000000e+00   2.342886e-03
 2.776699e-04   7.615934e-04   0.000000e+00   6.893270e-05   5.206782e-04   0.000000e+00   0.000000e+00   0.000000e+00   3.493440e-03
 0.000000e+00   0.000000e+00   9.846762e-04   0.000000e+00   0.000000e+00   5.824083e-04  -5.740545e-03  -1.503282e-03   0.000000e+00
 0.000000e+00   0.000000e+00  -1.731457e-02   0.000000e+00   0.000000e+00  -5.740545e-03   9.821183e-01  -4.984776e-01   0.000000e+00
 0.000000e+00   0.000000e+00  -9.816936e-03   0.000000e+00   0.000000e+00  -1.503282e-03  -4.984776e-01   4.389356e-01   0.000000e+00
 9.388871e-03   1.444463e-02   0.000000e+00   2.342886e-03   3.493440e-03   0.000000e+00   0.000000e+00   0.000000e+00   1.424541e-01

# timestamp: 1774889311.998816
 2.075618e-03   1.249752e-03   0.000000e+00   5.236267e-04   2.952047e-04   0.000000e+00   0.000000e+00   0.000000e+00   1.001258e-02
 1.249752e-03   3.168514e-03   0.000000e+00   3.048953e-04   7.751043e-04   0.000000e+00   0.000000e+00   0.000000e+00   1.524454e-02
 0.000000e+00   0.000000e+00   4.084136e-03   0.000000e+00   0.000000e+00   1.013170e-03  -1.847317e-02  -1.028722e-02   0.000000e+00
 5.236267e-04   3.048953e-04   0.000000e+00   4.641596e-04   7.216084e-05   0.000000e+00   0.000000e+00   0.000000e+00   2.460815e-03
 2.952047e-04   7.751043e-04   0.000000e+00   7.216084e-05   5.221383e-04   0.000000e+00   0.000000e+00   0.000000e+00   3.656087e-03
 0.000000e+00   0.000000e+00   1.013170e-03   0.000000e+00   0.000000e+00   5.862249e-04  -5.847722e-03  -1.665594e-03   0.000000e+00
 0.000000e+00   0.000000e+00  -1.847317e-02   0.000000e+00   0.000000e+00  -5.847722e-03   9.857250e-01  -5.008671e-01   0.000000e+00
 0.000000e+00   0.000000e+00  -1.028722e-02   0.000000e+00   0.000000e+00  -1.665594e-03  -5.008671e-01   4.461025e-01   0.000000e+00
 1.001258e-02   1.524454e-02   0.000000e+00   2.460815e-03   3.656087e-03   0.000000e+00   0.000000e+00   0.000000e+00   1.465043e-01

# timestamp: 1774889312.2073653
 2.221834e-03   1.444451e-03   0.000000e+00   5.484618e-04   3.343402e-04   0.000000e+00   0.000000e+00   0.000000e+00   1.135675e-02
 1.444451e-03   3.427100e-03   0.000000e+00   3.390546e-04   8.238427e-04   0.000000e+00   0.000000e+00   0.000000e+00   1.697552e-02
 0.000000e+00   0.000000e+00   4.515536e-03   0.000000e+00   0.000000e+00   1.092467e-03  -2.091358e-02  -1.134588e-02   0.000000e+00
 5.484618e-04   3.390546e-04   0.000000e+00   4.667067e-04   7.866188e-05   0.000000e+00   0.000000e+00   0.000000e+00   2.688460e-03
 3.343402e-04   8.238427e-04   0.000000e+00   7.866188e-05   5.299270e-04   0.000000e+00   0.000000e+00   0.000000e+00   3.992846e-03
 0.000000e+00   0.000000e+00   1.092467e-03   0.000000e+00   0.000000e+00   5.976476e-04  -5.949716e-03  -2.068214e-03   0.000000e+00
 0.000000e+00   0.000000e+00  -2.091358e-02   0.000000e+00   0.000000e+00  -5.949716e-03   9.978043e-01  -5.052557e-01   0.000000e+00
 0.000000e+00   0.000000e+00  -1.134588e-02   0.000000e+00   0.000000e+00  -2.068214e-03  -5.052557e-01   4.638118e-01   0.000000e+00
 1.135675e-02   1.697552e-02   0.000000e+00   2.688460e-03   3.992846e-03   0.000000e+00   0.000000e+00   0.000000e+00   1.586796e-01

# timestamp: 1774889312.2912445
 2.270605e-03   1.536233e-03   0.000000e+00   5.545895e-04   3.529362e-04   0.000000e+00   0.000000e+00   0.000000e+00   1.203761e-02
 1.536233e-03   3.519877e-03   0.000000e+00   3.546507e-04   8.399196e-04   0.000000e+00   0.000000e+00   0.000000e+00   1.781542e-02
 0.000000e+00   0.000000e+00   4.694683e-03   0.000000e+00   0.000000e+00   1.123145e-03  -2.212645e-02  -1.185641e-02   0.000000e+00
 5.545895e-04   3.546507e-04   0.000000e+00   4.665223e-04   8.168865e-05   0.000000e+00   0.000000e+00   0.000000e+00   2.804945e-03
 3.529362e-04   8.399196e-04   0.000000e+00   8.168865e-05   5.320747e-04   0.000000e+00   0.000000e+00   0.000000e+00   4.160641e-03
 0.000000e+00   0.000000e+00   1.123145e-03   0.000000e+00   0.000000e+00   6.014758e-04  -5.995482e-03  -2.274273e-03   0.000000e+00
 0.000000e+00   0.000000e+00  -2.212645e-02   0.000000e+00   0.000000e+00  -5.995482e-03   1.002088e+00  -5.073653e-01   0.000000e+00
 0.000000e+00   0.000000e+00  -1.185641e-02   0.000000e+00   0.000000e+00  -2.274273e-03  -5.073653e-01   4.716367e-01   0.000000e+00
 1.203761e-02   1.781542e-02   0.000000e+00   2.804945e-03   4.160641e-03   0.000000e+00   0.000000e+00   0.000000e+00   1.635738e-01

# timestamp: 1774889312.476878
 2.531189e-03   1.701239e-03   0.000000e+00   6.086558e-04   3.863036e-04   0.000000e+00   0.000000e+00   0.000000e+00   1.300130e-02
 1.701239e-03   3.877565e-03   0.000000e+00   3.811064e-04   9.172879e-04   0.000000e+00   0.000000e+00   0.000000e+00   1.904931e-02
 0.000000e+00   0.000000e+00   5.200760e-03   0.000000e+00   0.000000e+00   1.222597e-03  -2.393179e-02  -1.257608e-02   0.000000e+00
 6.086558e-04   3.811064e-04   0.000000e+00   4.770216e-04   8.679798e-05   0.000000e+00   0.000000e+00   0.000000e+00   2.945018e-03
 3.863036e-04   9.172879e-04   0.000000e+00   8.679798e-05   5.482581e-04   0.000000e+00   0.000000e+00   0.000000e+00   4.408368e-03
 0.000000e+00   0.000000e+00   1.222597e-03   0.000000e+00   0.000000e+00   6.193625e-04  -5.933979e-03  -2.641081e-03   0.000000e+00
 0.000000e+00   0.000000e+00  -2.393179e-02   0.000000e+00   0.000000e+00  -5.933979e-03   1.015387e+00  -5.092426e-01   0.000000e+00
 0.000000e+00   0.000000e+00  -1.257608e-02   0.000000e+00   0.000000e+00  -2.641081e-03  -5.092426e-01   4.891768e-01   0.000000e+00
 1.300130e-02   1.904931e-02   0.000000e+00   2.945018e-03   4.408368e-03   0.000000e+00   0.000000e+00   0.000000e+00   1.781653e-01

# timestamp: 1774889312.502764
 2.460452e-03   1.753663e-03   0.000000e+00   5.889010e-04   3.988520e-04   0.000000e+00   0.000000e+00   0.000000e+00   1.354186e-02
 1.753663e-03   3.815405e-03   0.000000e+00   3.925045e-04   9.007278e-04   0.000000e+00   0.000000e+00   0.000000e+00   1.966903e-02
 0.000000e+00   0.000000e+00   5.194640e-03   0.000000e+00   0.000000e+00   1.217844e-03  -2.476547e-02  -1.301100e-02   0.000000e+00
 5.889010e-04   3.925045e-04   0.000000e+00   4.715240e-04   8.957687e-05   0.000000e+00   0.000000e+00   0.000000e+00   3.068022e-03
 3.988520e-04   9.007278e-04   0.000000e+00   8.957687e-05   5.438244e-04   0.000000e+00   0.000000e+00   0.000000e+00   4.555349e-03
 0.000000e+00   0.000000e+00   1.217844e-03   0.000000e+00   0.000000e+00   6.173609e-04  -6.065298e-03  -2.781072e-03   0.000000e+00
 0.000000e+00   0.000000e+00  -2.476547e-02   0.000000e+00   0.000000e+00  -6.065298e-03   1.014897e+00  -5.112155e-01   0.000000e+00
 0.000000e+00   0.000000e+00  -1.301100e-02   0.000000e+00   0.000000e+00  -2.781072e-03  -5.112155e-01   4.912530e-01   0.000000e+00
 1.354186e-02   1.966903e-02   0.000000e+00   3.068022e-03   4.555349e-03   0.000000e+00   0.000000e+00   0.000000e+00   1.776694e-01

# timestamp: 1774889312.9987988
 2.814699e-03   2.288303e-03   0.000000e+00   6.883774e-04   5.517319e-04   0.000000e+00   0.000000e+00   0.000000e+00   1.715289e-02
 2.288303e-03   4.528218e-03   0.000000e+00   5.463341e-04   1.104643e-03   0.000000e+00   0.000000e+00   0.000000e+00   2.472011e-02
 0.000000e+00   0.000000e+00   6.320571e-03   0.000000e+00   0.000000e+00   1.539093e-03  -2.907042e-02  -1.774098e-02   0.000000e+00
 6.883774e-04   5.463341e-04   0.000000e+00   4.975991e-04   1.327937e-04   0.000000e+00   0.000000e+00   0.000000e+00   4.189020e-03
 5.517319e-04   1.104643e-03   0.000000e+00   1.327937e-04   5.998424e-04   0.000000e+00   0.000000e+00   0.000000e+00   6.093103e-03
 0.000000e+00   0.000000e+00   1.539093e-03   0.000000e+00   0.000000e+00   7.061001e-04  -7.365119e-03  -4.236883e-03   0.000000e+00
 0.000000e+00   0.000000e+00  -2.907042e-02   0.000000e+00   0.000000e+00  -7.365119e-03   1.058112e+00  -5.150954e-01   0.000000e+00
 0.000000e+00   0.000000e+00  -1.774098e-02   0.000000e+00   0.000000e+00  -4.236883e-03  -5.150954e-01   5.250123e-01   0.000000e+00
 1.715289e-02   2.472011e-02   0.000000e+00   4.189020e-03   6.093103e-03   0.000000e+00   0.000000e+00   0.000000e+00   2.102806e-01

# timestamp: 1774889313.2049127
 3.002669e-03   2.548756e-03   0.000000e+00   7.657636e-04   6.524263e-04   0.000000e+00   0.000000e+00   0.000000e+00   1.867172e-02
 2.548756e-03   4.976045e-03   0.000000e+00   6.569140e-04   1.267732e-03   0.000000e+00   0.000000e+00   0.000000e+00   2.727450e-02
 0.000000e+00   0.000000e+00   6.917492e-03   0.000000e+00   0.000000e+00   1.776610e-03  -2.998967e-02  -2.077778e-02   0.000000e+00
 7.657636e-04   6.569140e-04   0.000000e+00   5.244581e-04   1.698390e-04   0.000000e+00   0.000000e+00   0.000000e+00   4.932964e-03
 6.524263e-04   1.267732e-03   0.000000e+00   1.698390e-04   6.535713e-04   0.000000e+00   0.000000e+00   0.000000e+00   7.144229e-03
 0.000000e+00   0.000000e+00   1.776610e-03   0.000000e+00   0.000000e+00   7.885320e-04  -8.387417e-03  -5.155591e-03   0.000000e+00
 0.000000e+00   0.000000e+00  -2.998967e-02   0.000000e+00   0.000000e+00  -8.387417e-03   1.078056e+00  -5.104107e-01   0.000000e+00
 0.000000e+00   0.000000e+00  -2.077778e-02   0.000000e+00   0.000000e+00  -5.155591e-03  -5.104107e-01   5.349197e-01   0.000000e+00
 1.867172e-02   2.727450e-02   0.000000e+00   4.932964e-03   7.144229e-03   0.000000e+00   0.000000e+00   0.000000e+00   2.269271e-01

# timestamp: 1774889313.2620764
 3.137302e-03   2.618659e-03   0.000000e+00   8.085011e-04   6.806558e-04   0.000000e+00   0.000000e+00   0.000000e+00   1.893390e-02
 2.618659e-03   5.164155e-03   0.000000e+00   6.878690e-04   1.330333e-03   0.000000e+00   0.000000e+00   0.000000e+00   2.765354e-02
 0.000000e+00   0.000000e+00   7.160008e-03   0.000000e+00   0.000000e+00   1.863840e-03  -3.043610e-02  -2.105071e-02   0.000000e+00
 8.085011e-04   6.878690e-04   0.000000e+00   5.376713e-04   1.807021e-04   0.000000e+00   0.000000e+00   0.000000e+00   5.115584e-03
 6.806558e-04   1.330333e-03   0.000000e+00   1.807021e-04   6.735440e-04   0.000000e+00   0.000000e+00   0.000000e+00   7.377667e-03
 0.000000e+00   0.000000e+00   1.863840e-03   0.000000e+00   0.000000e+00   8.179621e-04  -8.727780e-03  -5.296368e-03   0.000000e+00
 0.000000e+00   0.000000e+00  -3.043610e-02   0.000000e+00   0.000000e+00  -8.727780e-03   1.083292e+00  -5.104107e-01   0.000000e+00
 0.000000e+00   0.000000e+00  -2.105071e-02   0.000000e+00   0.000000e+00  -5.296368e-03  -5.104107e-01   5.401555e-01   0.000000e+00
 1.893390e-02   2.765354e-02   0.000000e+00   5.115584e-03   7.377667e-03   0.000000e+00   0.000000e+00   0.000000e+00   2.321628e-01

# timestamp: 1774889313.5168579
 3.219953e-03   2.945147e-03   0.000000e+00   8.866455e-04   8.449377e-04   0.000000e+00   0.000000e+00   0.000000e+00   2.084566e-02
 2.945147e-03   5.702404e-03   0.000000e+00   8.592504e-04   1.590619e-03   0.000000e+00   0.000000e+00   0.000000e+00   3.149791e-02
 0.000000e+00   0.000000e+00   7.828001e-03   0.000000e+00   0.000000e+00   2.219135e-03  -3.026050e-02  -2.641547e-02   0.000000e+00
 8.866455e-04   8.592504e-04   0.000000e+00   5.748019e-04   2.492042e-04   0.000000e+00   0.000000e+00   0.000000e+00   6.220957e-03
 8.449377e-04   1.590619e-03   0.000000e+00   2.492042e-04   7.764306e-04   0.000000e+00   0.000000e+00   0.000000e+00   9.236911e-03
 0.000000e+00   0.000000e+00   2.219135e-03   0.000000e+00   0.000000e+00   9.648416e-04  -9.704415e-03  -7.326487e-03   0.000000e+00
 0.000000e+00   0.000000e+00  -3.026050e-02   0.000000e+00   0.000000e+00  -9.704415e-03   1.098586e+00  -4.951074e-01   0.000000e+00
 0.000000e+00   0.000000e+00  -2.641547e-02   0.000000e+00   0.000000e+00  -7.326487e-03  -4.951074e-01   5.429650e-01   0.000000e+00
 2.084566e-02   3.149791e-02   0.000000e+00   6.220957e-03   9.236911e-03   0.000000e+00   0.000000e+00   0.000000e+00   2.510736e-01

# timestamp: 1774889313.5331287
 3.258777e-03   2.969018e-03   0.000000e+00   8.996772e-04   8.566317e-04   0.000000e+00   0.000000e+00   0.000000e+00   2.093263e-02
 2.969018e-03   5.760954e-03   0.000000e+00   8.702821e-04   1.613880e-03   0.000000e+00   0.000000e+00   0.000000e+00   3.162707e-02
 0.000000e+00   0.000000e+00   7.904155e-03   0.000000e+00   0.000000e+00   2.250280e-03  -3.039608e-02  -2.651798e-02   0.000000e+00
 8.996772e-04   8.702821e-04   0.000000e+00   5.791801e-04   2.538723e-04   0.000000e+00   0.000000e+00   0.000000e+00   6.281126e-03
 8.566317e-04   1.613880e-03   0.000000e+00   2.538723e-04   7.851104e-04   0.000000e+00   0.000000e+00   0.000000e+00   9.335806e-03
 0.000000e+00   0.000000e+00   2.250280e-03   0.000000e+00   0.000000e+00   9.766694e-04  -9.772637e-03  -7.421719e-03   0.000000e+00
 0.000000e+00   0.000000e+00  -3.039608e-02   0.000000e+00   0.000000e+00  -9.772637e-03   1.099981e+00  -4.951074e-01   0.000000e+00
 0.000000e+00   0.000000e+00  -2.651798e-02   0.000000e+00   0.000000e+00  -7.421719e-03  -4.951074e-01   5.443597e-01   0.000000e+00
 2.093263e-02   3.162707e-02   0.000000e+00   6.281126e-03   9.335806e-03   0.000000e+00   0.000000e+00   0.000000e+00   2.524682e-01

# timestamp: 1774889313.5736804
 3.386944e-03   3.048425e-03   0.000000e+00   9.424356e-04   8.951714e-04   0.000000e+00   0.000000e+00   0.000000e+00   2.121971e-02
 3.048425e-03   5.954896e-03   0.000000e+00   9.066541e-04   1.690374e-03   0.000000e+00   0.000000e+00   0.000000e+00   3.205432e-02
 0.000000e+00   0.000000e+00   8.156568e-03   0.000000e+00   0.000000e+00   2.352745e-03  -3.084128e-02  -2.685858e-02   0.000000e+00
 9.424356e-04   9.066541e-04   0.000000e+00   5.935541e-04   2.693126e-04   0.000000e+00   0.000000e+00   0.000000e+00   6.478330e-03
 8.951714e-04   1.690374e-03   0.000000e+00   2.693126e-04   8.137491e-04   0.000000e+00   0.000000e+00   0.000000e+00   9.659934e-03
 0.000000e+00   0.000000e+00   2.352745e-03   0.000000e+00   0.000000e+00   1.015706e-03  -9.995914e-03  -7.733988e-03   0.000000e+00
 0.000000e+00   0.000000e+00  -3.084128e-02   0.000000e+00   0.000000e+00  -9.995914e-03   1.104496e+00  -4.951074e-01   0.000000e+00
 0.000000e+00   0.000000e+00  -2.685858e-02   0.000000e+00   0.000000e+00  -7.733988e-03  -4.951074e-01   5.488751e-01   0.000000e+00
 2.121971e-02   3.205432e-02   0.000000e+00   6.478330e-03   9.659934e-03   0.000000e+00   0.000000e+00   0.000000e+00   2.569836e-01

# timestamp: 1774889313.609586
 3.269212e-03   3.071885e-03   0.000000e+00   9.215145e-04   9.183410e-04   0.000000e+00   0.000000e+00   0.000000e+00   2.155023e-02
 3.071885e-03   5.927525e-03   0.000000e+00   9.270528e-04   1.712168e-03   0.000000e+00   0.000000e+00   0.000000e+00   3.290740e-02
 0.000000e+00   0.000000e+00   8.111355e-03   0.000000e+00   0.000000e+00   2.377521e-03  -3.036491e-02  -2.825816e-02   0.000000e+00
 9.215145e-04   9.270528e-04   0.000000e+00   5.911476e-04   2.800866e-04   0.000000e+00   0.000000e+00   0.000000e+00   6.638223e-03
 9.183410e-04   1.712168e-03   0.000000e+00   2.800866e-04   8.286413e-04   0.000000e+00   0.000000e+00   0.000000e+00   1.004436e-02
 0.000000e+00   0.000000e+00   2.377521e-03   0.000000e+00   0.000000e+00   1.033858e-03  -9.903447e-03  -8.292294e-03   0.000000e+00
 0.000000e+00   0.000000e+00  -3.036491e-02   0.000000e+00   0.000000e+00  -9.903447e-03   1.104928e+00  -4.911186e-01   0.000000e+00
 0.000000e+00   0.000000e+00  -2.825816e-02   0.000000e+00   0.000000e+00  -8.292294e-03  -4.911186e-01   5.463207e-01   0.000000e+00
 2.155023e-02   3.290740e-02   0.000000e+00   6.638223e-03   1.004436e-02   0.000000e+00   0.000000e+00   0.000000e+00   2.584457e-01

# timestamp: 1774889313.8414345
 3.535866e-03   3.455425e-03   0.000000e+00   1.047197e-03   1.157027e-03   0.000000e+00   0.000000e+00   0.000000e+00   2.351583e-02
 3.455425e-03   6.638725e-03   0.000000e+00   1.117485e-03   2.114090e-03   0.000000e+00   0.000000e+00   0.000000e+00   3.643427e-02
 0.000000e+00   0.000000e+00   9.042181e-03   0.000000e+00   0.000000e+00   2.887883e-03  -3.178510e-02  -3.219997e-02   0.000000e+00
 1.047197e-03   1.117485e-03   0.000000e+00   6.439045e-04   3.778282e-04   0.000000e+00   0.000000e+00   0.000000e+00   7.741489e-03
 1.157027e-03   2.114090e-03   0.000000e+00   3.778282e-04   1.013800e-03   0.000000e+00   0.000000e+00   0.000000e+00   1.246145e-02
 0.000000e+00   0.000000e+00   2.887883e-03   0.000000e+00   0.000000e+00   1.265477e-03  -1.000176e-02  -1.133657e-02   0.000000e+00
 0.000000e+00   0.000000e+00  -3.178510e-02   0.000000e+00   0.000000e+00  -1.000176e-02   1.126209e+00  -4.879909e-01   0.000000e+00
 0.000000e+00   0.000000e+00  -3.219997e-02   0.000000e+00   0.000000e+00  -1.133657e-02  -4.879909e-01   5.630907e-01   0.000000e+00
 2.351583e-02   3.643427e-02   0.000000e+00   7.741489e-03   1.246145e-02   0.000000e+00   0.000000e+00   0.000000e+00   2.788357e-01

# timestamp: 1774889313.8682954
 3.627500e-03   3.522950e-03   0.000000e+00   1.077807e-03   1.195577e-03   0.000000e+00   0.000000e+00   0.000000e+00   2.374439e-02
 3.522950e-03   6.793891e-03   0.000000e+00   1.146650e-03   2.186519e-03   0.000000e+00   0.000000e+00   0.000000e+00   3.680311e-02
 0.000000e+00   0.000000e+00   9.243202e-03   0.000000e+00   0.000000e+00   2.978492e-03  -3.207870e-02  -3.253658e-02   0.000000e+00
 1.077807e-03   1.146650e-03   0.000000e+00   6.544765e-04   3.930112e-04   0.000000e+00   0.000000e+00   0.000000e+00   7.878788e-03
 1.195577e-03   2.186519e-03   0.000000e+00   3.930112e-04   1.045870e-03   0.000000e+00   0.000000e+00   0.000000e+00   1.278557e-02
 0.000000e+00   0.000000e+00   2.978492e-03   0.000000e+00   0.000000e+00   1.304826e-03  -9.990156e-03  -1.175016e-02   0.000000e+00
 0.000000e+00   0.000000e+00  -3.207870e-02   0.000000e+00   0.000000e+00  -9.990156e-03   1.129145e+00  -4.879909e-01   0.000000e+00
 0.000000e+00   0.000000e+00  -3.253658e-02   0.000000e+00   0.000000e+00  -1.175016e-02  -4.879909e-01   5.660273e-01   0.000000e+00
 2.374439e-02   3.680311e-02   0.000000e+00   7.878788e-03   1.278557e-02   0.000000e+00   0.000000e+00   0.000000e+00   2.817723e-01

# timestamp: 1774889313.9044425
 3.568416e-03   3.580845e-03   0.000000e+00   1.076268e-03   1.249273e-03   0.000000e+00   0.000000e+00   0.000000e+00   2.431548e-02
 3.580845e-03   6.820620e-03   0.000000e+00   1.182648e-03   2.256101e-03   0.000000e+00   0.000000e+00   0.000000e+00   3.783386e-02
 0.000000e+00   0.000000e+00   9.293105e-03   0.000000e+00   0.000000e+00   3.064746e-03  -3.243175e-02  -3.370494e-02   0.000000e+00
 1.076268e-03   1.182648e-03   0.000000e+00   6.590651e-04   4.162624e-04   0.000000e+00   0.000000e+00   0.000000e+00   8.149400e-03
 1.249273e-03   2.256101e-03   0.000000e+00   4.162624e-04   1.089534e-03   0.000000e+00   0.000000e+00   0.000000e+00   1.344781e-02
 0.000000e+00   0.000000e+00   3.064746e-03   0.000000e+00   0.000000e+00   1.357343e-03  -9.888824e-03  -1.263445e-02   0.000000e+00
 0.000000e+00   0.000000e+00  -3.243175e-02   0.000000e+00   0.000000e+00  -9.888824e-03   1.133821e+00  -4.877404e-01   0.000000e+00
 0.000000e+00   0.000000e+00  -3.370494e-02   0.000000e+00   0.000000e+00  -1.263445e-02  -4.877404e-01   5.694755e-01   0.000000e+00
 2.431548e-02   3.783386e-02   0.000000e+00   8.149400e-03   1.344781e-02   0.000000e+00   0.000000e+00   0.000000e+00   2.856940e-01

# timestamp: 1774889313.931676
 3.629389e-03   3.627975e-03   0.000000e+00   1.096834e-03   1.277283e-03   0.000000e+00   0.000000e+00   0.000000e+00   2.447279e-02
 3.627975e-03   6.927430e-03   0.000000e+00   1.202914e-03   2.308247e-03   0.000000e+00   0.000000e+00   0.000000e+00   3.809398e-02
 0.000000e+00   0.000000e+00   9.431207e-03   0.000000e+00   0.000000e+00   3.129138e-03  -3.262171e-02  -3.394990e-02   0.000000e+00
 1.096834e-03   1.202914e-03   0.000000e+00   6.662454e-04   4.273031e-04   0.000000e+00   0.000000e+00   0.000000e+00   8.241444e-03
 1.277283e-03   2.308247e-03   0.000000e+00   4.273031e-04   1.113603e-03   0.000000e+00   0.000000e+00   0.000000e+00   1.368207e-02
 0.000000e+00   0.000000e+00   3.129138e-03   0.000000e+00   0.000000e+00   1.386479e-03  -9.854746e-03  -1.294394e-02   0.000000e+00
 0.000000e+00   0.000000e+00  -3.262171e-02   0.000000e+00   0.000000e+00  -9.854746e-03   1.135745e+00  -4.877404e-01   0.000000e+00
 0.000000e+00   0.000000e+00  -3.394990e-02   0.000000e+00   0.000000e+00  -1.294394e-02  -4.877404e-01   5.713986e-01   0.000000e+00
 2.447279e-02   3.809398e-02   0.000000e+00   8.241444e-03   1.368207e-02   0.000000e+00   0.000000e+00   0.000000e+00   2.876172e-01

# timestamp: 1774889314.1995993
 3.862582e-03   4.113896e-03   0.000000e+00   1.227612e-03   1.656745e-03   0.000000e+00   0.000000e+00   0.000000e+00   2.743895e-02
 4.113896e-03   7.640912e-03   0.000000e+00   1.439254e-03   2.890503e-03   0.000000e+00   0.000000e+00   0.000000e+00   4.282089e-02
 0.000000e+00   0.000000e+00   1.046281e-02   0.000000e+00   0.000000e+00   3.844506e-03  -3.624830e-02  -3.832512e-02   0.000000e+00
 1.227612e-03   1.439254e-03   0.000000e+00   7.273365e-04   5.833324e-04   0.000000e+00   0.000000e+00   0.000000e+00   9.677509e-03
 1.656745e-03   2.890503e-03   0.000000e+00   5.833324e-04   1.451631e-03   0.000000e+00   0.000000e+00   0.000000e+00   1.747444e-02
 0.000000e+00   0.000000e+00   3.844506e-03   0.000000e+00   0.000000e+00   1.791288e-03  -9.170704e-03  -1.799436e-02   0.000000e+00
 0.000000e+00   0.000000e+00  -3.624830e-02   0.000000e+00   0.000000e+00  -9.170704e-03   1.159866e+00  -4.877469e-01   0.000000e+00
 0.000000e+00   0.000000e+00  -3.832512e-02   0.000000e+00   0.000000e+00  -1.799436e-02  -4.877469e-01   5.965815e-01   0.000000e+00
 2.743895e-02   4.282089e-02   0.000000e+00   9.677509e-03   1.747444e-02   0.000000e+00   0.000000e+00   0.000000e+00   3.123236e-01

# timestamp: 1774889314.226347
 3.971497e-03   4.211718e-03   0.000000e+00   1.265272e-03   1.718962e-03   0.000000e+00   0.000000e+00   0.000000e+00   2.774263e-02
 4.211718e-03   7.855267e-03   0.000000e+00   1.480760e-03   3.004806e-03   0.000000e+00   0.000000e+00   0.000000e+00   4.337068e-02
 0.000000e+00   0.000000e+00   1.073731e-02   0.000000e+00   0.000000e+00   3.981888e-03  -3.653378e-02  -3.889256e-02   0.000000e+00
 1.265272e-03   1.480760e-03   0.000000e+00   7.408882e-04   6.082504e-04   0.000000e+00   0.000000e+00   0.000000e+00   9.845584e-03
 1.718962e-03   3.004806e-03   0.000000e+00   6.082504e-04   1.510869e-03   0.000000e+00   0.000000e+00   0.000000e+00   1.797263e-02
 0.000000e+00   0.000000e+00   3.981888e-03   0.000000e+00   0.000000e+00   1.862186e-03  -9.019309e-03  -1.868205e-02   0.000000e+00
 0.000000e+00   0.000000e+00  -3.653378e-02   0.000000e+00   0.000000e+00  -9.019309e-03   1.162991e+00  -4.877469e-01   0.000000e+00
 0.000000e+00   0.000000e+00  -3.889256e-02   0.000000e+00   0.000000e+00  -1.868205e-02  -4.877469e-01   5.997067e-01   0.000000e+00
 2.774263e-02   4.337068e-02   0.000000e+00   9.845584e-03   1.797263e-02   0.000000e+00   0.000000e+00   0.000000e+00   3.154488e-01

# timestamp: 1774889314.4293485
 4.303339e-03   4.694603e-03   0.000000e+00   1.426751e-03   2.103155e-03   0.000000e+00   0.000000e+00   0.000000e+00   3.032955e-02
 4.694603e-03   8.586299e-03   0.000000e+00   1.721942e-03   3.591739e-03   0.000000e+00   0.000000e+00   0.000000e+00   4.714043e-02
 0.000000e+00   0.000000e+00   1.185064e-02   0.000000e+00   0.000000e+00   4.723143e-03  -4.085718e-02  -4.181453e-02   0.000000e+00
 1.426751e-03   1.721942e-03   0.000000e+00   8.139817e-04   7.752838e-04   0.000000e+00   0.000000e+00   0.000000e+00   1.120921e-02
 2.103155e-03   3.591739e-03   0.000000e+00   7.752838e-04   1.880587e-03   0.000000e+00   0.000000e+00   0.000000e+00   2.138755e-02
 0.000000e+00   0.000000e+00   4.723143e-03   0.000000e+00   0.000000e+00   2.316583e-03  -9.099532e-03  -2.292588e-02   0.000000e+00
 0.000000e+00   0.000000e+00  -4.085718e-02   0.000000e+00   0.000000e+00  -9.099532e-03   1.176424e+00  -4.838382e-01   0.000000e+00
 0.000000e+00   0.000000e+00  -4.181453e-02   0.000000e+00   0.000000e+00  -2.292588e-02  -4.838382e-01   6.180933e-01   0.000000e+00
 3.032955e-02   4.714043e-02   0.000000e+00   1.120921e-02   2.138755e-02   0.000000e+00   0.000000e+00   0.000000e+00   3.351636e-01

# timestamp: 1774889314.4429684
 4.372052e-03   4.762941e-03   0.000000e+00   1.452582e-03   2.145972e-03   0.000000e+00   0.000000e+00   0.000000e+00   3.052903e-02
 4.762941e-03   8.732517e-03   0.000000e+00   1.753423e-03   3.670402e-03   0.000000e+00   0.000000e+00   0.000000e+00   4.752152e-02
 0.000000e+00   0.000000e+00   1.203723e-02   0.000000e+00   0.000000e+00   4.819782e-03  -4.101838e-02  -4.222342e-02   0.000000e+00
 1.452582e-03   1.753423e-03   0.000000e+00   8.241383e-04   7.940131e-04   0.000000e+00   0.000000e+00   0.000000e+00   1.133430e-02
 2.145972e-03   3.670402e-03   0.000000e+00   7.940131e-04   1.923331e-03   0.000000e+00   0.000000e+00   0.000000e+00   2.170732e-02
 0.000000e+00   0.000000e+00   4.819782e-03   0.000000e+00   0.000000e+00   2.369096e-03  -9.077478e-03  -2.333470e-02   0.000000e+00
 0.000000e+00   0.000000e+00  -4.101838e-02   0.000000e+00   0.000000e+00  -9.077478e-03   1.178197e+00  -4.838382e-01   0.000000e+00
 0.000000e+00   0.000000e+00  -4.222342e-02   0.000000e+00   0.000000e+00  -2.333470e-02  -4.838382e-01   6.198663e-01   0.000000e+00
 3.052903e-02   4.752152e-02   0.000000e+00   1.133430e-02   2.170732e-02   0.000000e+00   0.000000e+00   0.000000e+00   3.369366e-01

# timestamp: 1774889314.4565682
 4.418661e-03   4.809525e-03   0.000000e+00   1.470053e-03   2.174988e-03   0.000000e+00   0.000000e+00   0.000000e+00   3.066408e-02
 4.809525e-03   8.832172e-03   0.000000e+00   1.774808e-03   3.723801e-03   0.000000e+00   0.000000e+00   0.000000e+00   4.778034e-02
 0.000000e+00   0.000000e+00   1.216433e-02   0.000000e+00   0.000000e+00   4.885386e-03  -4.112630e-02  -4.250176e-02   0.000000e+00
 1.470053e-03   1.774808e-03   0.000000e+00   8.310037e-04   8.067105e-04   0.000000e+00   0.000000e+00   0.000000e+00   1.141857e-02
 2.174988e-03   3.723801e-03   0.000000e+00   8.067105e-04   1.952345e-03   0.000000e+00   0.000000e+00   0.000000e+00   2.192277e-02
 0.000000e+00   0.000000e+00   4.885386e-03   0.000000e+00   0.000000e+00   2.404750e-03  -9.063055e-03  -2.360989e-02   0.000000e+00
 0.000000e+00   0.000000e+00  -4.112630e-02   0.000000e+00   0.000000e+00  -9.063055e-03   1.179387e+00  -4.838382e-01   0.000000e+00
 0.000000e+00   0.000000e+00  -4.250176e-02   0.000000e+00   0.000000e+00  -2.360989e-02  -4.838382e-01   6.210556e-01   0.000000e+00
 3.066408e-02   4.778034e-02   0.000000e+00   1.141857e-02   2.192277e-02   0.000000e+00   0.000000e+00   0.000000e+00   3.381260e-01

# timestamp: 1774889314.4979038
 4.395356e-03   4.849682e-03   0.000000e+00   1.490075e-03   2.247743e-03   0.000000e+00   0.000000e+00   0.000000e+00   3.138900e-02
 4.849682e-03   8.730297e-03   0.000000e+00   1.818098e-03   3.778404e-03   0.000000e+00   0.000000e+00   0.000000e+00   4.833729e-02
 0.000000e+00   0.000000e+00   1.218844e-02   0.000000e+00   0.000000e+00   4.992162e-03  -4.353321e-02  -4.228603e-02   0.000000e+00
 1.490075e-03   1.818098e-03   0.000000e+00   8.476487e-04   8.463503e-04   0.000000e+00   0.000000e+00   0.000000e+00   1.184235e-02
 2.247743e-03   3.778404e-03   0.000000e+00   8.463503e-04   2.018935e-03   0.000000e+00   0.000000e+00   0.000000e+00   2.263286e-02
 0.000000e+00   0.000000e+00   4.992162e-03   0.000000e+00   0.000000e+00   2.497212e-03  -9.867014e-03  -2.418904e-02   0.000000e+00
 0.000000e+00   0.000000e+00  -4.353321e-02   0.000000e+00   0.000000e+00  -9.867014e-03   1.176267e+00  -4.784598e-01   0.000000e+00
 0.000000e+00   0.000000e+00  -4.228603e-02   0.000000e+00   0.000000e+00  -2.418904e-02  -4.784598e-01   6.221075e-01   0.000000e+00
 3.138900e-02   4.833729e-02   0.000000e+00   1.184235e-02   2.263286e-02   0.000000e+00   0.000000e+00   0.000000e+00   3.417518e-01

# timestamp: 1774889314.521055
 4.448248e-03   4.903766e-03   0.000000e+00   1.511823e-03   2.281638e-03   0.000000e+00   0.000000e+00   0.000000e+00   3.154610e-02
 4.903766e-03   8.844123e-03   0.000000e+00   1.845521e-03   3.840141e-03   0.000000e+00   0.000000e+00   0.000000e+00   4.863763e-02
 0.000000e+00   0.000000e+00   1.233455e-02   0.000000e+00   0.000000e+00   5.070448e-03  -4.366395e-02  -4.260710e-02   0.000000e+00
 1.511823e-03   1.845521e-03   0.000000e+00   8.568961e-04   8.624781e-04   0.000000e+00   0.000000e+00   0.000000e+00   1.195647e-02
 2.281638e-03   3.840141e-03   0.000000e+00   8.624781e-04   2.052964e-03   0.000000e+00   0.000000e+00   0.000000e+00   2.287916e-02
 0.000000e+00   0.000000e+00   5.070448e-03   0.000000e+00   0.000000e+00   2.540094e-03  -9.915166e-03  -2.447750e-02   0.000000e+00
 0.000000e+00   0.000000e+00  -4.366395e-02   0.000000e+00   0.000000e+00  -9.915166e-03   1.177590e+00  -4.784598e-01   0.000000e+00
 0.000000e+00   0.000000e+00  -4.260710e-02   0.000000e+00   0.000000e+00  -2.447750e-02  -4.784598e-01   6.234309e-01   0.000000e+00
 3.154610e-02   4.863763e-02   0.000000e+00   1.195647e-02   2.287916e-02   0.000000e+00   0.000000e+00   0.000000e+00   3.430752e-01

# timestamp: 1774889314.7252395
 4.907225e-03   5.413188e-03   0.000000e+00   1.779727e-03   2.720831e-03   0.000000e+00   0.000000e+00   0.000000e+00   3.433927e-02
 5.413188e-03   9.405821e-03   0.000000e+00   2.183497e-03   4.397963e-03   0.000000e+00   0.000000e+00   0.000000e+00   5.125153e-02
 0.000000e+00   0.000000e+00   1.374329e-02   0.000000e+00   0.000000e+00   6.012894e-03  -5.294345e-02  -4.291942e-02   0.000000e+00
 1.779727e-03   2.183497e-03   0.000000e+00   9.965195e-04   1.101381e-03   0.000000e+00   0.000000e+00   0.000000e+00   1.396164e-02
 2.720831e-03   4.397963e-03   0.000000e+00   1.101381e-03   2.462575e-03   0.000000e+00   0.000000e+00   0.000000e+00   2.600391e-02
 0.000000e+00   0.000000e+00   6.012894e-03   0.000000e+00   0.000000e+00   3.131222e-03  -1.421766e-02  -2.691867e-02   0.000000e+00
 0.000000e+00   0.000000e+00  -5.294345e-02   0.000000e+00   0.000000e+00  -1.421766e-02   1.157177e+00  -4.471973e-01   0.000000e+00
 0.000000e+00   0.000000e+00  -4.291942e-02   0.000000e+00   0.000000e+00  -2.691867e-02  -4.471973e-01   6.209331e-01   0.000000e+00
 3.433927e-02   5.125153e-02   0.000000e+00   1.396164e-02   2.600391e-02   0.000000e+00   0.000000e+00   0.000000e+00   3.568305e-01

# timestamp: 1774889314.7458246
 4.992539e-03   5.505107e-03   0.000000e+00   1.818068e-03   2.777232e-03   0.000000e+00   0.000000e+00   0.000000e+00   3.459998e-02
 5.505107e-03   9.589367e-03   0.000000e+00   2.233585e-03   4.497509e-03   0.000000e+00   0.000000e+00   0.000000e+00   5.173704e-02
 0.000000e+00   0.000000e+00   1.398735e-02   0.000000e+00   0.000000e+00   6.146680e-03  -5.320887e-02  -4.342204e-02   0.000000e+00
 1.818068e-03   2.233585e-03   0.000000e+00   1.014434e-03   1.130899e-03   0.000000e+00   0.000000e+00   0.000000e+00   1.416603e-02
 2.777232e-03   4.497509e-03   0.000000e+00   1.130899e-03   2.518693e-03   0.000000e+00   0.000000e+00   0.000000e+00   2.637484e-02
 0.000000e+00   0.000000e+00   6.146680e-03   0.000000e+00   0.000000e+00   3.205600e-03  -1.441565e-02  -2.730793e-02   0.000000e+00
 0.000000e+00   0.000000e+00  -5.320887e-02   0.000000e+00   0.000000e+00  -1.441565e-02   1.159035e+00  -4.471973e-01   0.000000e+00
 0.000000e+00   0.000000e+00  -4.342204e-02   0.000000e+00   0.000000e+00  -2.730793e-02  -4.471973e-01   6.227913e-01   0.000000e+00
 3.459998e-02   5.173704e-02   0.000000e+00   1.416603e-02   2.637484e-02   0.000000e+00   0.000000e+00   0.000000e+00   3.586887e-01

# timestamp: 1774889314.7691472
 4.891306e-03   5.350463e-03   0.000000e+00   1.807458e-03   2.759514e-03   0.000000e+00   0.000000e+00   0.000000e+00   3.480367e-02
 5.350463e-03   9.004224e-03   0.000000e+00   2.190075e-03   4.318119e-03   0.000000e+00   0.000000e+00   0.000000e+00   5.038390e-02
 0.000000e+00   0.000000e+00   1.378275e-02   0.000000e+00   0.000000e+00   6.108643e-03  -5.812139e-02  -4.070460e-02   0.000000e+00
 1.807458e-03   2.190075e-03   0.000000e+00   1.019515e-03   1.132978e-03   0.000000e+00   0.000000e+00   0.000000e+00   1.431514e-02
 2.759514e-03   4.318119e-03   0.000000e+00   1.132978e-03   2.478991e-03   0.000000e+00   0.000000e+00   0.000000e+00   2.613936e-02
 0.000000e+00   0.000000e+00   6.108643e-03   0.000000e+00   0.000000e+00   3.219298e-03  -1.665075e-02  -2.645192e-02   0.000000e+00
 0.000000e+00   0.000000e+00  -5.812139e-02   0.000000e+00   0.000000e+00  -1.665075e-02   1.131163e+00  -4.220476e-01   0.000000e+00
 0.000000e+00   0.000000e+00  -4.070460e-02   0.000000e+00   0.000000e+00  -2.645192e-02  -4.220476e-01   6.056360e-01   0.000000e+00
 3.480367e-02   5.038390e-02   0.000000e+00   1.431514e-02   2.613936e-02   0.000000e+00   0.000000e+00   0.000000e+00   3.546560e-01

# timestamp: 1774889314.796609
 4.969621e-03   5.434552e-03   0.000000e+00   1.842346e-03   2.812628e-03   0.000000e+00   0.000000e+00   0.000000e+00   3.504596e-02
 5.434552e-03   9.167946e-03   0.000000e+00   2.234821e-03   4.409302e-03   0.000000e+00   0.000000e+00   0.000000e+00   5.082639e-02
 0.000000e+00   0.000000e+00   1.400728e-02   0.000000e+00   0.000000e+00   6.232368e-03  -5.840304e-02  -4.115249e-02   0.000000e+00
 1.842346e-03   2.234821e-03   0.000000e+00   1.035697e-03   1.160166e-03   0.000000e+00   0.000000e+00   0.000000e+00   1.449422e-02
 2.812628e-03   4.409302e-03   0.000000e+00   1.160166e-03   2.531644e-03   0.000000e+00   0.000000e+00   0.000000e+00   2.648411e-02
 0.000000e+00   0.000000e+00   6.232368e-03   0.000000e+00   0.000000e+00   3.289421e-03  -1.681173e-02  -2.682741e-02   0.000000e+00
 0.000000e+00   0.000000e+00  -5.840304e-02   0.000000e+00   0.000000e+00  -1.681173e-02   1.132851e+00  -4.220476e-01   0.000000e+00
 0.000000e+00   0.000000e+00  -4.115249e-02   0.000000e+00   0.000000e+00  -2.682741e-02  -4.220476e-01   6.073238e-01   0.000000e+00
 3.504596e-02   5.082639e-02   0.000000e+00   1.449422e-02   2.648411e-02   0.000000e+00   0.000000e+00   0.000000e+00   3.563438e-01

# timestamp: 1774889314.8117275
 5.060860e-03   5.533032e-03   0.000000e+00   1.882815e-03   2.874360e-03   0.000000e+00   0.000000e+00   0.000000e+00   3.532757e-02
 5.533032e-03   9.359491e-03   0.000000e+00   2.286951e-03   4.515440e-03   0.000000e+00   0.000000e+00   0.000000e+00   5.134107e-02
 0.000000e+00   0.000000e+00   1.426991e-02   0.000000e+00   0.000000e+00   6.376348e-03  -5.872932e-02  -4.167403e-02   0.000000e+00
 1.882815e-03   2.286951e-03   0.000000e+00   1.054458e-03   1.191743e-03   0.000000e+00   0.000000e+00   0.000000e+00   1.470036e-02
 2.874360e-03   4.515440e-03   0.000000e+00   1.191743e-03   2.592792e-03   0.000000e+00   0.000000e+00   0.000000e+00   2.688094e-02
 0.000000e+00   0.000000e+00   6.376348e-03   0.000000e+00   0.000000e+00   3.370857e-03  -1.699713e-02  -2.725947e-02   0.000000e+00
 0.000000e+00   0.000000e+00  -5.872932e-02   0.000000e+00   0.000000e+00  -1.699713e-02   1.134784e+00  -4.220476e-01   0.000000e+00
 0.000000e+00   0.000000e+00  -4.167403e-02   0.000000e+00   0.000000e+00  -2.725947e-02  -4.220476e-01   6.092575e-01   0.000000e+00
 3.532757e-02   5.134107e-02   0.000000e+00   1.470036e-02   2.688094e-02   0.000000e+00   0.000000e+00   0.000000e+00   3.582775e-01

# timestamp: 1774889315.0519602
 5.641575e-03   6.047195e-03   0.000000e+00   2.186957e-03   3.381043e-03   0.000000e+00   0.000000e+00   0.000000e+00   3.799590e-02
 6.047195e-03   9.808968e-03   0.000000e+00   2.601635e-03   5.067925e-03   0.000000e+00   0.000000e+00   0.000000e+00   5.289276e-02
 0.000000e+00   0.000000e+00   1.621474e-02   0.000000e+00   0.000000e+00   7.559435e-03  -7.082812e-02  -4.101342e-02   0.000000e+00
 2.186957e-03   2.601635e-03   0.000000e+00   1.209261e-03   1.458148e-03   0.000000e+00   0.000000e+00   0.000000e+00   1.644166e-02
 3.381043e-03   5.067925e-03   0.000000e+00   1.458148e-03   3.062685e-03   0.000000e+00   0.000000e+00   0.000000e+00   2.981359e-02
 0.000000e+00   0.000000e+00   7.559435e-03   0.000000e+00   0.000000e+00   4.136201e-03  -2.199405e-02  -2.982117e-02   0.000000e+00
 0.000000e+00   0.000000e+00  -7.082812e-02   0.000000e+00   0.000000e+00  -2.199405e-02   1.121758e+00  -3.865621e-01   0.000000e+00
 0.000000e+00   0.000000e+00  -4.101342e-02   0.000000e+00   0.000000e+00  -2.982117e-02  -3.865621e-01   5.981841e-01   0.000000e+00
 3.799590e-02   5.289276e-02   0.000000e+00   1.644166e-02   2.981359e-02   0.000000e+00   0.000000e+00   0.000000e+00   3.658044e-01

# timestamp: 1774889315.074661
 5.739594e-03   6.156481e-03   0.000000e+00   2.226393e-03   3.450220e-03   0.000000e+00   0.000000e+00   0.000000e+00   3.829485e-02
 6.156481e-03   1.001248e-02   0.000000e+00   2.652507e-03   5.183187e-03   0.000000e+00   0.000000e+00   0.000000e+00   5.343532e-02
 0.000000e+00   0.000000e+00   1.650915e-02   0.000000e+00   0.000000e+00   7.713425e-03  -7.122737e-02  -4.155648e-02   0.000000e+00
 2.226393e-03   2.652507e-03   0.000000e+00   1.226131e-03   1.490237e-03   0.000000e+00   0.000000e+00   0.000000e+00   1.660894e-02
 3.450220e-03   5.183187e-03   0.000000e+00   1.490237e-03   3.131394e-03   0.000000e+00   0.000000e+00   0.000000e+00   3.022271e-02
 0.000000e+00   0.000000e+00   7.713425e-03   0.000000e+00   0.000000e+00   4.225096e-03  -2.207498e-02  -3.031312e-02   0.000000e+00
 0.000000e+00   0.000000e+00  -7.122737e-02   0.000000e+00   0.000000e+00  -2.207498e-02   1.123572e+00  -3.865621e-01   0.000000e+00
 0.000000e+00   0.000000e+00  -4.155648e-02   0.000000e+00   0.000000e+00  -3.031312e-02  -3.865621e-01   5.999977e-01   0.000000e+00
 3.829485e-02   5.343532e-02   0.000000e+00   1.660894e-02   3.022271e-02   0.000000e+00   0.000000e+00   0.000000e+00   3.676181e-01

# timestamp: 1774889315.106524
 5.623999e-03   5.974408e-03   0.000000e+00   2.198081e-03   3.431162e-03   0.000000e+00   0.000000e+00   0.000000e+00   3.834403e-02
 5.974408e-03   9.451534e-03   0.000000e+00   2.580183e-03   5.013274e-03   0.000000e+00   0.000000e+00   0.000000e+00   5.214289e-02
 0.000000e+00   0.000000e+00   1.627856e-02   0.000000e+00   0.000000e+00   7.654080e-03  -7.471716e-02  -3.943567e-02   0.000000e+00
 2.198081e-03   2.580183e-03   0.000000e+00   1.219694e-03   1.484825e-03   0.000000e+00   0.000000e+00   0.000000e+00   1.660145e-02
 3.431162e-03   5.013274e-03   0.000000e+00   1.484825e-03   3.107693e-03   0.000000e+00   0.000000e+00   0.000000e+00   3.010363e-02
 0.000000e+00   0.000000e+00   7.654080e-03   0.000000e+00   0.000000e+00   4.246932e-03  -2.325107e-02  -3.002906e-02   0.000000e+00
 0.000000e+00   0.000000e+00  -7.471716e-02   0.000000e+00   0.000000e+00  -2.325107e-02   1.121207e+00  -3.774186e-01   0.000000e+00
 0.000000e+00   0.000000e+00  -3.943567e-02   0.000000e+00   0.000000e+00  -3.002906e-02  -3.774186e-01   5.918501e-01   0.000000e+00
 3.834403e-02   5.214289e-02   0.000000e+00   1.660145e-02   3.010363e-02   0.000000e+00   0.000000e+00   0.000000e+00   3.643462e-01

# timestamp: 1774889315.3096547
 5.950898e-03   6.321774e-03   0.000000e+00   2.303803e-03   3.858115e-03   0.000000e+00   0.000000e+00   0.000000e+00   4.019028e-02
 6.321774e-03   9.790110e-03   0.000000e+00   2.683350e-03   5.514572e-03   0.000000e+00   0.000000e+00   0.000000e+00   5.383971e-02
 0.000000e+00   0.000000e+00   1.737090e-02   0.000000e+00   0.000000e+00   8.305680e-03  -7.993081e-02  -4.049667e-02   0.000000e+00
 2.303803e-03   2.683350e-03   0.000000e+00   1.250021e-03   1.639844e-03   0.000000e+00   0.000000e+00   0.000000e+00   1.702991e-02
 3.858115e-03   5.514572e-03   0.000000e+00   1.639844e-03   3.581819e-03   0.000000e+00   0.000000e+00   0.000000e+00   3.300077e-02
 0.000000e+00   0.000000e+00   8.305680e-03   0.000000e+00   0.000000e+00   4.810520e-03  -2.205960e-02  -3.442120e-02   0.000000e+00
 0.000000e+00   0.000000e+00  -7.993081e-02   0.000000e+00   0.000000e+00  -2.205960e-02   1.139080e+00  -3.749394e-01   0.000000e+00
 0.000000e+00   0.000000e+00  -4.049667e-02   0.000000e+00   0.000000e+00  -3.442120e-02  -3.749394e-01   5.989350e-01   0.000000e+00
 4.019028e-02   5.383971e-02   0.000000e+00   1.702991e-02   3.300077e-02   0.000000e+00   0.000000e+00   0.000000e+00   3.725503e-01

# timestamp: 1774889315.328045
 6.056036e-03   6.444789e-03   0.000000e+00   2.332646e-03   3.943215e-03   0.000000e+00   0.000000e+00   0.000000e+00   4.050836e-02
 6.444789e-03   1.001672e-02   0.000000e+00   2.721459e-03   5.654940e-03   0.000000e+00   0.000000e+00   0.000000e+00   5.445860e-02
 0.000000e+00   0.000000e+00   1.770202e-02   0.000000e+00   0.000000e+00   8.461969e-03  -8.034025e-02  -4.114364e-02   0.000000e+00
 2.332646e-03   2.721459e-03   0.000000e+00   1.256502e-03   1.667278e-03   0.000000e+00   0.000000e+00   0.000000e+00   1.708049e-02
 3.943215e-03   5.654940e-03   0.000000e+00   1.667278e-03   3.673117e-03   0.000000e+00   0.000000e+00   0.000000e+00   3.350344e-02
 0.000000e+00   0.000000e+00   8.461969e-03   0.000000e+00   0.000000e+00   4.911902e-03  -2.170967e-02  -3.517758e-02   0.000000e+00
 0.000000e+00   0.000000e+00  -8.034025e-02   0.000000e+00   0.000000e+00  -2.170967e-02   1.140946e+00  -3.749394e-01   0.000000e+00
 0.000000e+00   0.000000e+00  -4.114364e-02   0.000000e+00   0.000000e+00  -3.517758e-02  -3.749394e-01   6.008009e-01   0.000000e+00
 4.050836e-02   5.445860e-02   0.000000e+00   1.708049e-02   3.350344e-02   0.000000e+00   0.000000e+00   0.000000e+00   3.744163e-01

# timestamp: 1774889315.341561
 6.122975e-03   6.523654e-03   0.000000e+00   2.350942e-03   3.997431e-03   0.000000e+00   0.000000e+00   0.000000e+00   4.070968e-02
 6.523654e-03   1.016253e-02   0.000000e+00   2.745830e-03   5.744883e-03   0.000000e+00   0.000000e+00   0.000000e+00   5.485425e-02
 0.000000e+00   0.000000e+00   1.791411e-02   0.000000e+00   0.000000e+00   8.562113e-03  -8.059537e-02  -4.155949e-02   0.000000e+00
 2.350942e-03   2.745830e-03   0.000000e+00   1.260601e-03   1.684669e-03   0.000000e+00   0.000000e+00   0.000000e+00   1.711255e-02
 3.997431e-03   5.744883e-03   0.000000e+00   1.684669e-03   3.731459e-03   0.000000e+00   0.000000e+00   0.000000e+00   3.382209e-02
 0.000000e+00   0.000000e+00   8.562113e-03   0.000000e+00   0.000000e+00   4.976913e-03  -2.148887e-02  -3.565642e-02   0.000000e+00
 0.000000e+00   0.000000e+00  -8.059537e-02   0.000000e+00   0.000000e+00  -2.148887e-02   1.142125e+00  -3.749394e-01   0.000000e+00
 0.000000e+00   0.000000e+00  -4.155949e-02   0.000000e+00   0.000000e+00  -3.565642e-02  -3.749394e-01   6.019790e-01   0.000000e+00
 4.070968e-02   5.485425e-02   0.000000e+00   1.711255e-02   3.382209e-02   0.000000e+00   0.000000e+00   0.000000e+00   3.755944e-01

# timestamp: 1774889315.36673
 6.265021e-03   6.692297e-03   0.000000e+00   2.389598e-03   4.112573e-03   0.000000e+00   0.000000e+00   0.000000e+00   4.113386e-02
 6.692297e-03   1.047563e-02   0.000000e+00   2.797781e-03   5.937158e-03   0.000000e+00   0.000000e+00   0.000000e+00   5.569700e-02
 0.000000e+00   0.000000e+00   1.836731e-02   0.000000e+00   0.000000e+00   8.776207e-03  -8.112357e-02  -4.245038e-02   0.000000e+00
 2.389598e-03   2.797781e-03   0.000000e+00   1.269232e-03   1.721392e-03   0.000000e+00   0.000000e+00   0.000000e+00   1.718026e-02
 4.112573e-03   5.937158e-03   0.000000e+00   1.721392e-03   3.855819e-03   0.000000e+00   0.000000e+00   0.000000e+00   3.449516e-02
 0.000000e+00   0.000000e+00   8.776207e-03   0.000000e+00   0.000000e+00   5.116050e-03  -2.102524e-02  -3.666608e-02   0.000000e+00
 0.000000e+00   0.000000e+00  -8.112357e-02   0.000000e+00   0.000000e+00  -2.102524e-02   1.144600e+00  -3.749394e-01   0.000000e+00
 0.000000e+00   0.000000e+00  -4.245038e-02   0.000000e+00   0.000000e+00  -3.666608e-02  -3.749394e-01   6.044546e-01   0.000000e+00
 4.113386e-02   5.569700e-02   0.000000e+00   1.718026e-02   3.449516e-02   0.000000e+00   0.000000e+00   0.000000e+00   3.780699e-01

# timestamp: 1774889315.3912313
 5.912859e-03   6.325315e-03   0.000000e+00   2.259922e-03   3.963368e-03   0.000000e+00   0.000000e+00   0.000000e+00   4.049164e-02
 6.325315e-03   9.754838e-03   0.000000e+00   2.638754e-03   5.647227e-03   0.000000e+00   0.000000e+00   0.000000e+00   5.429933e-02
 0.000000e+00   0.000000e+00   1.721472e-02   0.000000e+00   0.000000e+00   8.296945e-03  -7.889052e-02  -4.145474e-02   0.000000e+00
 2.259922e-03   2.638754e-03   0.000000e+00   1.218763e-03   1.655337e-03   0.000000e+00   0.000000e+00   0.000000e+00   1.681532e-02
 3.963368e-03   5.647227e-03   0.000000e+00   1.655337e-03   3.753241e-03   0.000000e+00   0.000000e+00   0.000000e+00   3.410750e-02
 0.000000e+00   0.000000e+00   8.296945e-03   0.000000e+00   0.000000e+00   4.953380e-03  -1.941896e-02  -3.680559e-02   0.000000e+00
 0.000000e+00   0.000000e+00  -7.889052e-02   0.000000e+00   0.000000e+00  -1.941896e-02   1.142094e+00  -3.780097e-01   0.000000e+00
 0.000000e+00   0.000000e+00  -4.145474e-02   0.000000e+00   0.000000e+00  -3.680559e-02  -3.780097e-01   6.045297e-01   0.000000e+00
 4.049164e-02   5.429933e-02   0.000000e+00   1.681532e-02   3.410750e-02   0.000000e+00   0.000000e+00   0.000000e+00   3.755814e-01

# timestamp: 1774889315.4089403
 6.039864e-03   6.477827e-03   0.000000e+00   2.289312e-03   4.072290e-03   0.000000e+00   0.000000e+00   0.000000e+00   4.087663e-02
 6.477827e-03   1.003960e-02   0.000000e+00   2.678813e-03   5.829311e-03   0.000000e+00   0.000000e+00   0.000000e+00   5.508475e-02
 0.000000e+00   0.000000e+00   1.762114e-02   0.000000e+00   0.000000e+00   8.487152e-03  -7.933056e-02  -4.230470e-02   0.000000e+00
 2.289312e-03   2.678813e-03   0.000000e+00   1.222248e-03   1.685790e-03   0.000000e+00   0.000000e+00   0.000000e+00   1.682873e-02
 4.072290e-03   5.829311e-03   0.000000e+00   1.685790e-03   3.875193e-03   0.000000e+00   0.000000e+00   0.000000e+00   3.476280e-02
 0.000000e+00   0.000000e+00   8.487152e-03   0.000000e+00   0.000000e+00   5.086734e-03  -1.880282e-02  -3.784525e-02   0.000000e+00
 0.000000e+00   0.000000e+00  -7.933056e-02   0.000000e+00   0.000000e+00  -1.880282e-02   1.144383e+00  -3.780097e-01   0.000000e+00
 0.000000e+00   0.000000e+00  -4.230470e-02   0.000000e+00   0.000000e+00  -3.784525e-02  -3.780097e-01   6.068187e-01   0.000000e+00
 4.087663e-02   5.508475e-02   0.000000e+00   1.682873e-02   3.476280e-02   0.000000e+00   0.000000e+00   0.000000e+00   3.778704e-01

# timestamp: 1774889315.5962617
 6.034950e-03   6.665200e-03   0.000000e+00   2.157274e-03   4.417063e-03   0.000000e+00   0.000000e+00   0.000000e+00   4.147871e-02
 6.665200e-03   1.048480e-02   0.000000e+00   2.570661e-03   6.435196e-03   0.000000e+00   0.000000e+00   0.000000e+00   5.736539e-02
 0.000000e+00   0.000000e+00   1.766013e-02   0.000000e+00   0.000000e+00   8.676161e-03  -7.470116e-02  -4.667167e-02   0.000000e+00
 2.157274e-03   2.570661e-03   0.000000e+00   1.117507e-03   1.704589e-03   0.000000e+00   0.000000e+00   0.000000e+00   1.584485e-02
 4.417063e-03   6.435196e-03   0.000000e+00   1.704589e-03   4.466860e-03   0.000000e+00   0.000000e+00   0.000000e+00   3.810946e-02
 0.000000e+00   0.000000e+00   8.676161e-03   0.000000e+00   0.000000e+00   5.680084e-03  -9.995739e-03  -4.532134e-02   0.000000e+00
 0.000000e+00   0.000000e+00  -7.470116e-02   0.000000e+00   0.000000e+00  -9.995739e-03   1.146183e+00  -3.850288e-01   0.000000e+00
 0.000000e+00   0.000000e+00  -4.667167e-02   0.000000e+00   0.000000e+00  -4.532134e-02  -3.850288e-01   6.219287e-01   0.000000e+00
 4.147871e-02   5.736539e-02   0.000000e+00   1.584485e-02   3.810946e-02   0.000000e+00   0.000000e+00   0.000000e+00   3.864993e-01

# timestamp: 1774889315.6165016
 6.179954e-03   6.856989e-03   0.000000e+00   2.185331e-03   4.555118e-03   0.000000e+00   0.000000e+00   0.000000e+00   4.190849e-02
 6.856989e-03   1.086711e-02   0.000000e+00   2.614057e-03   6.685279e-03   0.000000e+00   0.000000e+00   0.000000e+00   5.840823e-02
 0.000000e+00   0.000000e+00   1.816441e-02   0.000000e+00   0.000000e+00   8.932208e-03  -7.496322e-02  -4.791567e-02   0.000000e+00
 2.185331e-03   2.614057e-03   0.000000e+00   1.118477e-03   1.737159e-03   0.000000e+00   0.000000e+00   0.000000e+00   1.582348e-02
 4.555118e-03   6.685279e-03   0.000000e+00   1.737159e-03   4.638423e-03   0.000000e+00   0.000000e+00   0.000000e+00   3.895997e-02
 0.000000e+00   0.000000e+00   8.932208e-03   0.000000e+00   0.000000e+00   5.883374e-03  -9.088991e-03  -4.670884e-02   0.000000e+00
 0.000000e+00   0.000000e+00  -7.496322e-02   0.000000e+00   0.000000e+00  -9.088991e-03   1.148897e+00  -3.850288e-01   0.000000e+00
 0.000000e+00   0.000000e+00  -4.791567e-02   0.000000e+00   0.000000e+00  -4.670884e-02  -3.850288e-01   6.246425e-01   0.000000e+00
 4.190849e-02   5.840823e-02   0.000000e+00   1.582348e-02   3.895997e-02   0.000000e+00   0.000000e+00   0.000000e+00   3.892131e-01

# timestamp: 1774889315.642583
 6.305655e-03   7.025545e-03   0.000000e+00   2.209422e-03   4.675092e-03   0.000000e+00   0.000000e+00   0.000000e+00   4.227700e-02
 7.025545e-03   1.120614e-02   0.000000e+00   2.651954e-03   6.905516e-03   0.000000e+00   0.000000e+00   0.000000e+00   5.932154e-02
 0.000000e+00   0.000000e+00   1.860846e-02   0.000000e+00   0.000000e+00   9.158617e-03  -7.516900e-02  -4.901305e-02   0.000000e+00
 2.209422e-03   2.651954e-03   0.000000e+00   1.119313e-03   1.765045e-03   0.000000e+00   0.000000e+00   0.000000e+00   1.580501e-02
 4.675092e-03   6.905516e-03   0.000000e+00   1.765045e-03   4.788689e-03   0.000000e+00   0.000000e+00   0.000000e+00   3.969495e-02
 0.000000e+00   0.000000e+00   9.158617e-03   0.000000e+00   0.000000e+00   6.062834e-03  -8.310447e-03  -4.790483e-02   0.000000e+00
 0.000000e+00   0.000000e+00  -7.516900e-02   0.000000e+00   0.000000e+00  -8.310447e-03   1.151226e+00  -3.850288e-01   0.000000e+00
 0.000000e+00   0.000000e+00  -4.901305e-02   0.000000e+00   0.000000e+00  -4.790483e-02  -3.850288e-01   6.269723e-01   0.000000e+00
 4.227700e-02   5.932154e-02   0.000000e+00   1.580501e-02   3.969495e-02   0.000000e+00   0.000000e+00   0.000000e+00   3.915428e-01

# timestamp: 1774889315.671288
 6.436186e-03   7.202864e-03   0.000000e+00   2.234216e-03   4.799958e-03   0.000000e+00   0.000000e+00   0.000000e+00   4.265578e-02
 7.202864e-03   1.156585e-02   0.000000e+00   2.691584e-03   7.137653e-03   0.000000e+00   0.000000e+00   0.000000e+00   6.027930e-02
 0.000000e+00   0.000000e+00   1.907658e-02   0.000000e+00   0.000000e+00   9.398196e-03  -7.536187e-02  -5.017142e-02   0.000000e+00
 2.234216e-03   2.691584e-03   0.000000e+00   1.120174e-03   1.793669e-03   0.000000e+00   0.000000e+00   0.000000e+00   1.578589e-02
 4.799958e-03   7.137653e-03   0.000000e+00   1.793669e-03   4.946223e-03   0.000000e+00   0.000000e+00   0.000000e+00   4.045591e-02
 0.000000e+00   0.000000e+00   9.398196e-03   0.000000e+00   0.000000e+00   6.252299e-03  -7.509128e-03  -4.914021e-02   0.000000e+00
 0.000000e+00   0.000000e+00  -7.536187e-02   0.000000e+00   0.000000e+00  -7.509128e-03   1.153624e+00  -3.850288e-01   0.000000e+00
 0.000000e+00   0.000000e+00  -5.017142e-02   0.000000e+00   0.000000e+00  -4.914021e-02  -3.850288e-01   6.293698e-01   0.000000e+00
 4.265578e-02   6.027930e-02   0.000000e+00   1.578589e-02   4.045591e-02   0.000000e+00   0.000000e+00   0.000000e+00   3.939404e-01

# timestamp: 1774889315.690923
 5.989872e-03   6.708092e-03   0.000000e+00   2.069776e-03   4.561654e-03   0.000000e+00   0.000000e+00   0.000000e+00   4.148706e-02
 6.708092e-03   1.066923e-02   0.000000e+00   2.487447e-03   6.724373e-03   0.000000e+00   0.000000e+00   0.000000e+00   5.821988e-02
 0.000000e+00   0.000000e+00   1.766601e-02   0.000000e+00   0.000000e+00   8.753975e-03  -7.325100e-02  -4.805394e-02   0.000000e+00
 2.069776e-03   2.487447e-03   0.000000e+00   1.058032e-03   1.692199e-03   0.000000e+00   0.000000e+00   0.000000e+00   1.520746e-02
 4.561654e-03   6.724373e-03   0.000000e+00   1.692199e-03   4.770367e-03   0.000000e+00   0.000000e+00   0.000000e+00   3.966197e-02
 0.000000e+00   0.000000e+00   8.753975e-03   0.000000e+00   0.000000e+00   6.023626e-03  -5.678638e-03  -4.879214e-02   0.000000e+00
 0.000000e+00   0.000000e+00  -7.325100e-02   0.000000e+00   0.000000e+00  -5.678638e-03   1.153128e+00  -3.889887e-01   0.000000e+00
 0.000000e+00   0.000000e+00  -4.805394e-02   0.000000e+00   0.000000e+00  -4.879214e-02  -3.889887e-01   6.260030e-01   0.000000e+00
 4.148706e-02   5.821988e-02   0.000000e+00   1.520746e-02   3.966197e-02   0.000000e+00   0.000000e+00   0.000000e+00   3.890563e-01

# timestamp: 1774889315.8780522
 5.893526e-03   6.758103e-03   0.000000e+00   1.908076e-03   4.805941e-03   0.000000e+00   0.000000e+00   0.000000e+00   4.115806e-02
 6.758103e-03   1.098024e-02   0.000000e+00   2.322920e-03   7.244125e-03   0.000000e+00   0.000000e+00   0.000000e+00   5.925882e-02
 0.000000e+00   0.000000e+00   1.789963e-02   0.000000e+00   0.000000e+00   8.937817e-03  -7.351329e-02  -4.910021e-02   0.000000e+00
 1.908076e-03   2.322920e-03   0.000000e+00   9.552323e-04   1.652152e-03   0.000000e+00   0.000000e+00   0.000000e+00   1.395486e-02
 4.805941e-03   7.244125e-03   0.000000e+00   1.652152e-03   5.340452e-03   0.000000e+00   0.000000e+00   0.000000e+00   4.218212e-02
 0.000000e+00   0.000000e+00   8.937817e-03   0.000000e+00   0.000000e+00   6.717766e-03   8.717481e-04  -5.405793e-02   0.000000e+00
 0.000000e+00   0.000000e+00  -7.351329e-02   0.000000e+00   0.000000e+00   8.717481e-04   1.172148e+00  -3.892870e-01   0.000000e+00
 0.000000e+00   0.000000e+00  -4.910021e-02   0.000000e+00   0.000000e+00  -5.405793e-02  -3.892870e-01   6.217681e-01   0.000000e+00
 4.115806e-02   5.925882e-02   0.000000e+00   1.395486e-02   4.218212e-02   0.000000e+00   0.000000e+00   0.000000e+00   3.897627e-01

# timestamp: 1774889315.9006143
 5.965227e-03   6.864487e-03   0.000000e+00   1.920396e-03   4.881678e-03   0.000000e+00   0.000000e+00   0.000000e+00   4.136518e-02
 6.864487e-03   1.121192e-02   0.000000e+00   2.344797e-03   7.397770e-03   0.000000e+00   0.000000e+00   0.000000e+00   5.988688e-02
 0.000000e+00   0.000000e+00   1.818179e-02   0.000000e+00   0.000000e+00   9.096274e-03  -7.349836e-02  -4.990571e-02   0.000000e+00
 1.920396e-03   2.344797e-03   0.000000e+00   9.554520e-04   1.667494e-03   0.000000e+00   0.000000e+00   0.000000e+00   1.393713e-02
 4.881678e-03   7.397770e-03   0.000000e+00   1.667494e-03   5.446987e-03   0.000000e+00   0.000000e+00   0.000000e+00   4.266606e-02
 0.000000e+00   0.000000e+00   9.096274e-03   0.000000e+00   0.000000e+00   6.854188e-03   1.406933e-03  -5.484677e-02   0.000000e+00
 0.000000e+00   0.000000e+00  -7.349836e-02   0.000000e+00   0.000000e+00   1.406933e-03   1.173633e+00  -3.892870e-01   0.000000e+00
 0.000000e+00   0.000000e+00  -4.990571e-02   0.000000e+00   0.000000e+00  -5.484677e-02  -3.892870e-01   6.232528e-01   0.000000e+00
 4.136518e-02   5.988688e-02   0.000000e+00   1.393713e-02   4.266606e-02   0.000000e+00   0.000000e+00   0.000000e+00   3.912474e-01

# timestamp: 1774889315.919136
 6.043549e-03   6.981704e-03   0.000000e+00   1.933776e-03   4.964516e-03   0.000000e+00   0.000000e+00   0.000000e+00   4.158993e-02
 6.981704e-03   1.146878e-02   0.000000e+00   2.368785e-03   7.567374e-03   0.000000e+00   0.000000e+00   0.000000e+00   6.057723e-02
 0.000000e+00   0.000000e+00   1.849369e-02   0.000000e+00   0.000000e+00   9.271862e-03  -7.347337e-02  -5.079387e-02   0.000000e+00
 1.933776e-03   2.368785e-03   0.000000e+00   9.556925e-04   1.684114e-03   0.000000e+00   0.000000e+00   0.000000e+00   1.391779e-02
 4.964516e-03   7.567374e-03   0.000000e+00   1.684114e-03   5.564100e-03   0.000000e+00   0.000000e+00   0.000000e+00   4.319401e-02
 0.000000e+00   0.000000e+00   9.271862e-03   0.000000e+00   0.000000e+00   7.004686e-03   1.988502e-03  -5.570600e-02   0.000000e+00
 0.000000e+00   0.000000e+00  -7.347337e-02   0.000000e+00   0.000000e+00   1.988502e-03   1.175246e+00  -3.892870e-01   0.000000e+00
 0.000000e+00   0.000000e+00  -5.079387e-02   0.000000e+00   0.000000e+00  -5.570600e-02  -3.892870e-01   6.248659e-01   0.000000e+00
 4.158993e-02   6.057723e-02   0.000000e+00   1.391779e-02   4.319401e-02   0.000000e+00   0.000000e+00   0.000000e+00   3.928606e-01

# timestamp: 1774889315.9418314
 6.184380e-03   7.195219e-03   0.000000e+00   1.957633e-03   5.113752e-03   0.000000e+00   0.000000e+00   0.000000e+00   4.199019e-02
 7.195219e-03   1.194104e-02   0.000000e+00   2.412186e-03   7.877131e-03   0.000000e+00   0.000000e+00   0.000000e+00   6.183077e-02
 0.000000e+00   0.000000e+00   1.906464e-02   0.000000e+00   0.000000e+00   9.594353e-03  -7.340498e-02  -5.241392e-02   0.000000e+00
 1.957633e-03   2.412186e-03   0.000000e+00   9.561265e-04   1.713643e-03   0.000000e+00   0.000000e+00   0.000000e+00   1.388309e-02
 5.113752e-03   7.877131e-03   0.000000e+00   1.713643e-03   5.776625e-03   0.000000e+00   0.000000e+00   0.000000e+00   4.414141e-02
 0.000000e+00   0.000000e+00   9.594353e-03   0.000000e+00   0.000000e+00   7.279141e-03   3.026487e-03  -5.724456e-02   0.000000e+00
 0.000000e+00   0.000000e+00  -7.340498e-02   0.000000e+00   0.000000e+00   3.026487e-03   1.178125e+00  -3.892870e-01   0.000000e+00
 0.000000e+00   0.000000e+00  -5.241392e-02   0.000000e+00   0.000000e+00  -5.724456e-02  -3.892870e-01   6.277445e-01   0.000000e+00
 4.199019e-02   6.183077e-02   0.000000e+00   1.388309e-02   4.414141e-02   0.000000e+00   0.000000e+00   0.000000e+00   3.957392e-01

# timestamp: 1774889315.9554958
 6.242747e-03   7.284752e-03   0.000000e+00   1.967446e-03   5.175706e-03   0.000000e+00   0.000000e+00   0.000000e+00   4.215465e-02
 7.284752e-03   1.214073e-02   0.000000e+00   2.430275e-03   8.007333e-03   0.000000e+00   0.000000e+00   0.000000e+00   6.235496e-02
 0.000000e+00   0.000000e+00   1.930518e-02   0.000000e+00   0.000000e+00   9.730591e-03  -7.336786e-02  -5.309410e-02   0.000000e+00
 1.967446e-03   2.430275e-03   0.000000e+00   9.563070e-04   1.725749e-03   0.000000e+00   0.000000e+00   0.000000e+00   1.386873e-02
 5.175706e-03   8.007333e-03   0.000000e+00   1.725749e-03   5.865431e-03   0.000000e+00   0.000000e+00   0.000000e+00   4.453332e-02
 0.000000e+00   0.000000e+00   9.730591e-03   0.000000e+00   0.000000e+00   7.394317e-03   3.453823e-03  -5.787981e-02   0.000000e+00
 0.000000e+00   0.000000e+00  -7.336786e-02   0.000000e+00   0.000000e+00   3.453823e-03   1.179310e+00  -3.892870e-01   0.000000e+00
 0.000000e+00   0.000000e+00  -5.309410e-02   0.000000e+00   0.000000e+00  -5.787981e-02  -3.892870e-01   6.289294e-01   0.000000e+00
 4.215465e-02   6.235496e-02   0.000000e+00   1.386873e-02   4.453332e-02   0.000000e+00   0.000000e+00   0.000000e+00   3.969241e-01

# timestamp: 1774889316.1617255
 6.070428e-03   7.301034e-03   0.000000e+00   1.752790e-03   5.359655e-03   0.000000e+00   0.000000e+00   0.000000e+00   4.117570e-02
 7.301034e-03   1.263467e-02   0.000000e+00   2.195286e-03   8.617850e-03   0.000000e+00   0.000000e+00   0.000000e+00   6.342888e-02
 0.000000e+00   0.000000e+00   1.966727e-02   0.000000e+00   0.000000e+00   9.968863e-03  -7.311130e-02  -5.452897e-02   0.000000e+00
 1.752790e-03   2.195286e-03   0.000000e+00   8.381191e-04   1.610077e-03   0.000000e+00   0.000000e+00   0.000000e+00   1.217047e-02
 5.359655e-03   8.617850e-03   0.000000e+00   1.610077e-03   6.492578e-03   0.000000e+00   0.000000e+00   0.000000e+00   4.679546e-02
 0.000000e+00   0.000000e+00   9.968863e-03   0.000000e+00   0.000000e+00   8.279404e-03   1.100383e-02  -6.297623e-02   0.000000e+00
 0.000000e+00   0.000000e+00  -7.311130e-02   0.000000e+00   0.000000e+00   1.100383e-02   1.199956e+00  -3.858301e-01   0.000000e+00
 0.000000e+00   0.000000e+00  -5.452897e-02   0.000000e+00   0.000000e+00  -6.297623e-02  -3.858301e-01   6.182607e-01   0.000000e+00
 4.117570e-02   6.342888e-02   0.000000e+00   1.217047e-02   4.679546e-02   0.000000e+00   0.000000e+00   0.000000e+00   3.947856e-01

# timestamp: 1774889316.1934695
 5.644337e-03   6.738800e-03   0.000000e+00   1.610394e-03   5.044222e-03   0.000000e+00   0.000000e+00   0.000000e+00   3.968232e-02
 6.738800e-03   1.151796e-02   0.000000e+00   1.995196e-03   8.005463e-03   0.000000e+00   0.000000e+00   0.000000e+00   6.031160e-02
 0.000000e+00   0.000000e+00   1.832452e-02   0.000000e+00   0.000000e+00   9.158071e-03  -7.398971e-02  -5.043220e-02   0.000000e+00
 1.610394e-03   1.995196e-03   0.000000e+00   7.909062e-04   1.493192e-03   0.000000e+00   0.000000e+00   0.000000e+00   1.155178e-02
 5.044222e-03   8.005463e-03   0.000000e+00   1.493192e-03   6.167762e-03   0.000000e+00   0.000000e+00   0.000000e+00   4.516817e-02
 0.000000e+00   0.000000e+00   9.158071e-03   0.000000e+00   0.000000e+00   7.877309e-03   1.130005e-02  -6.092704e-02   0.000000e+00
 0.000000e+00   0.000000e+00  -7.398971e-02   0.000000e+00   0.000000e+00   1.130005e-02   1.201865e+00  -3.822716e-01   0.000000e+00
 0.000000e+00   0.000000e+00  -5.043220e-02   0.000000e+00   0.000000e+00  -6.092704e-02  -3.822716e-01   6.034229e-01   0.000000e+00
 3.968232e-02   6.031160e-02   0.000000e+00   1.155178e-02   4.516817e-02   0.000000e+00   0.000000e+00   0.000000e+00   3.852237e-01

# timestamp: 1774889316.2140014
 5.730590e-03   6.883234e-03   0.000000e+00   1.622725e-03   5.143047e-03   0.000000e+00   0.000000e+00   0.000000e+00   3.991737e-02
 6.883234e-03   1.186845e-02   0.000000e+00   2.019916e-03   8.236640e-03   0.000000e+00   0.000000e+00   0.000000e+00   6.123614e-02
 0.000000e+00   0.000000e+00   1.872236e-02   0.000000e+00   0.000000e+00   9.400856e-03  -7.375432e-02  -5.168052e-02   0.000000e+00
 1.622725e-03   2.019916e-03   0.000000e+00   7.907472e-04   1.508635e-03   0.000000e+00   0.000000e+00   0.000000e+00   1.151498e-02
 5.143047e-03   8.236640e-03   0.000000e+00   1.508635e-03   6.325818e-03   0.000000e+00   0.000000e+00   0.000000e+00   4.583098e-02
 0.000000e+00   0.000000e+00   9.400856e-03   0.000000e+00   0.000000e+00   8.092332e-03   1.207001e-02  -6.200034e-02   0.000000e+00
 0.000000e+00   0.000000e+00  -7.375432e-02   0.000000e+00   0.000000e+00   1.207001e-02   1.203902e+00  -3.822716e-01   0.000000e+00
 0.000000e+00   0.000000e+00  -5.168052e-02   0.000000e+00   0.000000e+00  -6.200034e-02  -3.822716e-01   6.054598e-01   0.000000e+00
 3.991737e-02   6.123614e-02   0.000000e+00   1.151498e-02   4.583098e-02   0.000000e+00   0.000000e+00   0.000000e+00   3.872607e-01

# timestamp: 1774889316.230451
 5.856004e-03   7.095978e-03   0.000000e+00   1.640489e-03   5.286977e-03   0.000000e+00   0.000000e+00   0.000000e+00   4.025547e-02
 7.095978e-03   1.239050e-02   0.000000e+00   2.055932e-03   8.578639e-03   0.000000e+00   0.000000e+00   0.000000e+00   6.259243e-02
 0.000000e+00   0.000000e+00   1.931381e-02   0.000000e+00   0.000000e+00   9.762630e-03  -7.338933e-02  -5.351762e-02   0.000000e+00
 1.640489e-03   2.055932e-03   0.000000e+00   7.905301e-04   1.530703e-03   0.000000e+00   0.000000e+00   0.000000e+00   1.146148e-02
 5.286977e-03   8.578639e-03   0.000000e+00   1.530703e-03   6.557994e-03   0.000000e+00   0.000000e+00   0.000000e+00   4.679444e-02
 0.000000e+00   0.000000e+00   9.762630e-03   0.000000e+00   0.000000e+00   8.409479e-03   1.318181e-02  -6.355635e-02   0.000000e+00
 0.000000e+00   0.000000e+00  -7.338933e-02   0.000000e+00   0.000000e+00   1.318181e-02   1.206843e+00  -3.822716e-01   0.000000e+00
 0.000000e+00   0.000000e+00  -5.351762e-02   0.000000e+00   0.000000e+00  -6.355635e-02  -3.822716e-01   6.084001e-01   0.000000e+00
 4.025547e-02   6.259243e-02   0.000000e+00   1.146148e-02   4.679444e-02   0.000000e+00   0.000000e+00   0.000000e+00   3.902010e-01

# timestamp: 1774889316.2592947
 5.949041e-03   7.256220e-03   0.000000e+00   1.653534e-03   5.393939e-03   0.000000e+00   0.000000e+00   0.000000e+00   4.050343e-02
 7.256220e-03   1.278851e-02   0.000000e+00   2.082796e-03   8.837290e-03   0.000000e+00   0.000000e+00   0.000000e+00   6.361106e-02
 0.000000e+00   0.000000e+00   1.976364e-02   0.000000e+00   0.000000e+00   1.003833e-02  -7.309797e-02  -5.490242e-02   0.000000e+00
 1.653534e-03   2.082796e-03   0.000000e+00   7.903796e-04   1.546790e-03   0.000000e+00   0.000000e+00   0.000000e+00   1.142183e-02
 5.393939e-03   8.837290e-03   0.000000e+00   1.546790e-03   6.732081e-03   0.000000e+00   0.000000e+00   0.000000e+00   4.750846e-02
 0.000000e+00   0.000000e+00   1.003833e-02   0.000000e+00   0.000000e+00   8.648231e-03   1.400104e-02  -6.470687e-02   0.000000e+00
 0.000000e+00   0.000000e+00  -7.309797e-02   0.000000e+00   0.000000e+00   1.400104e-02   1.209009e+00  -3.822716e-01   0.000000e+00
 0.000000e+00   0.000000e+00  -5.490242e-02   0.000000e+00   0.000000e+00  -6.470687e-02  -3.822716e-01   6.105661e-01   0.000000e+00
 4.050343e-02   6.361106e-02   0.000000e+00   1.142183e-02   4.750846e-02   0.000000e+00   0.000000e+00   0.000000e+00   3.923669e-01

# timestamp: 1774889316.4533598
 5.634241e-03   6.958093e-03   0.000000e+00   1.503568e-03   5.288787e-03   0.000000e+00   0.000000e+00   0.000000e+00   3.846163e-02
 6.958093e-03   1.261066e-02   0.000000e+00   1.900126e-03   8.898228e-03   0.000000e+00   0.000000e+00   0.000000e+00   6.191955e-02
 0.000000e+00   0.000000e+00   1.990096e-02   0.000000e+00   0.000000e+00   9.950394e-03  -7.745918e-02  -5.270815e-02   0.000000e+00
 1.503568e-03   1.900126e-03   0.000000e+00   7.306971e-04   1.443232e-03   0.000000e+00   0.000000e+00   0.000000e+00   1.036063e-02
 5.288787e-03   8.898228e-03   0.000000e+00   1.443232e-03   6.920753e-03   0.000000e+00   0.000000e+00   0.000000e+00   4.724156e-02
 0.000000e+00   0.000000e+00   9.950394e-03   0.000000e+00   0.000000e+00   8.885065e-03   1.443168e-02  -6.399509e-02   0.000000e+00
 0.000000e+00   0.000000e+00  -7.745918e-02   0.000000e+00   0.000000e+00   1.443168e-02   1.214035e+00  -3.546756e-01   0.000000e+00
 0.000000e+00   0.000000e+00  -5.270815e-02   0.000000e+00   0.000000e+00  -6.399509e-02  -3.546756e-01   5.745894e-01   0.000000e+00
 3.846163e-02   6.191955e-02   0.000000e+00   1.036063e-02   4.724156e-02   0.000000e+00   0.000000e+00   0.000000e+00   3.790216e-01

# timestamp: 1774889316.476268
 5.717016e-03   7.107022e-03   0.000000e+00   1.524014e-03   5.383804e-03   0.000000e+00   0.000000e+00   0.000000e+00   3.867502e-02
 7.107022e-03   1.300151e-02   0.000000e+00   1.938676e-03   9.147289e-03   0.000000e+00   0.000000e+00   0.000000e+00   6.289527e-02
 0.000000e+00   0.000000e+00   2.033586e-02   0.000000e+00   0.000000e+00   1.023580e-02  -7.715952e-02  -5.403027e-02   0.000000e+00
 1.524014e-03   1.938676e-03   0.000000e+00   7.356451e-04   1.467390e-03   0.000000e+00   0.000000e+00   0.000000e+00   1.041358e-02
 5.383804e-03   9.147289e-03   0.000000e+00   1.467390e-03   7.083413e-03   0.000000e+00   0.000000e+00   0.000000e+00   4.788380e-02
 0.000000e+00   0.000000e+00   1.023580e-02   0.000000e+00   0.000000e+00   9.100693e-03   1.486131e-02  -6.491815e-02   0.000000e+00
 0.000000e+00   0.000000e+00  -7.715952e-02   0.000000e+00   0.000000e+00   1.486131e-02   1.216092e+00  -3.546756e-01   0.000000e+00
 0.000000e+00   0.000000e+00  -5.403027e-02   0.000000e+00   0.000000e+00  -6.491815e-02  -3.546756e-01   5.766455e-01   0.000000e+00
 3.867502e-02   6.289527e-02   0.000000e+00   1.041358e-02   4.788380e-02   0.000000e+00   0.000000e+00   0.000000e+00   3.810777e-01

# timestamp: 1774889316.5051434
 5.241141e-03   6.300015e-03   0.000000e+00   1.399213e-03   4.889010e-03   0.000000e+00   0.000000e+00   0.000000e+00   3.630196e-02
 6.300015e-03   1.120777e-02   0.000000e+00   1.722074e-03   8.036496e-03   0.000000e+00   0.000000e+00   0.000000e+00   5.684112e-02
 0.000000e+00   0.000000e+00   1.910563e-02   0.000000e+00   0.000000e+00   9.122204e-03  -8.415945e-02  -4.651430e-02   0.000000e+00
 1.399213e-03   1.722074e-03   0.000000e+00   7.027869e-04   1.335943e-03   0.000000e+00   0.000000e+00   0.000000e+00   9.812414e-03
 4.889010e-03   8.036496e-03   0.000000e+00   1.335943e-03   6.400199e-03   0.000000e+00   0.000000e+00   0.000000e+00   4.412710e-02
 0.000000e+00   0.000000e+00   9.122204e-03   0.000000e+00   0.000000e+00   8.120210e-03   9.015578e-03  -5.832914e-02   0.000000e+00
 0.000000e+00   0.000000e+00  -8.415945e-02   0.000000e+00   0.000000e+00   9.015578e-03   1.189395e+00  -3.171520e-01   0.000000e+00
 0.000000e+00   0.000000e+00  -4.651430e-02   0.000000e+00   0.000000e+00  -5.832914e-02  -3.171520e-01   5.320208e-01   0.000000e+00
 3.630196e-02   5.684112e-02   0.000000e+00   9.812414e-03   4.412710e-02   0.000000e+00   0.000000e+00   0.000000e+00   3.584967e-01

# timestamp: 1774889316.5191402
 5.286657e-03   6.379310e-03   0.000000e+00   1.415382e-03   4.939861e-03   0.000000e+00   0.000000e+00   0.000000e+00   3.641939e-02
 6.379310e-03   1.141293e-02   0.000000e+00   1.750279e-03   8.168001e-03   0.000000e+00   0.000000e+00   0.000000e+00   5.736921e-02
 0.000000e+00   0.000000e+00   1.933703e-02   0.000000e+00   0.000000e+00   9.282467e-03  -8.405161e-02  -4.721232e-02   0.000000e+00
 1.415382e-03   1.750279e-03   0.000000e+00   7.081775e-04   1.354809e-03   0.000000e+00   0.000000e+00   0.000000e+00   9.888962e-03
 4.939861e-03   8.168001e-03   0.000000e+00   1.354809e-03   6.486213e-03   0.000000e+00   0.000000e+00   0.000000e+00   4.447117e-02
 0.000000e+00   0.000000e+00   9.282467e-03   0.000000e+00   0.000000e+00   8.229661e-03   9.065683e-03  -5.877178e-02   0.000000e+00
 0.000000e+00   0.000000e+00  -8.405161e-02   0.000000e+00   0.000000e+00   9.065683e-03   1.190590e+00  -3.171520e-01   0.000000e+00
 0.000000e+00   0.000000e+00  -4.721232e-02   0.000000e+00   0.000000e+00  -5.877178e-02  -3.171520e-01   5.332153e-01   0.000000e+00
 3.641939e-02   5.736921e-02   0.000000e+00   9.888962e-03   4.447117e-02   0.000000e+00   0.000000e+00   0.000000e+00   3.596912e-01

# timestamp: 1774889316.5359416
 5.357759e-03   6.503716e-03   0.000000e+00   1.440545e-03   5.019115e-03   0.000000e+00   0.000000e+00   0.000000e+00   3.660266e-02
 6.503716e-03   1.173621e-02   0.000000e+00   1.794532e-03   8.374257e-03   0.000000e+00   0.000000e+00   0.000000e+00   5.819339e-02
 0.000000e+00   0.000000e+00   1.970220e-02   0.000000e+00   0.000000e+00   9.533992e-03  -8.388380e-02  -4.830140e-02   0.000000e+00
 1.440545e-03   1.794532e-03   0.000000e+00   7.165727e-04   1.384254e-03   0.000000e+00   0.000000e+00   0.000000e+00   1.000777e-02
 5.019115e-03   8.374257e-03   0.000000e+00   1.384254e-03   6.620442e-03   0.000000e+00   0.000000e+00   0.000000e+00   4.500517e-02
 0.000000e+00   0.000000e+00   9.533992e-03   0.000000e+00   0.000000e+00   8.400438e-03   9.142612e-03  -5.945812e-02   0.000000e+00
 0.000000e+00   0.000000e+00  -8.388380e-02   0.000000e+00   0.000000e+00   9.142612e-03   1.192436e+00  -3.171520e-01   0.000000e+00
 0.000000e+00   0.000000e+00  -4.830140e-02   0.000000e+00   0.000000e+00  -5.945812e-02  -3.171520e-01   5.350612e-01   0.000000e+00
 3.660266e-02   5.819339e-02   0.000000e+00   1.000777e-02   4.500517e-02   0.000000e+00   0.000000e+00   0.000000e+00   3.615371e-01

# timestamp: 1774889316.5552642
 5.435439e-03   6.640362e-03   0.000000e+00   1.467911e-03   5.105457e-03   0.000000e+00   0.000000e+00   0.000000e+00   3.680264e-02
 6.640362e-03   1.209322e-02   0.000000e+00   1.843148e-03   8.600729e-03   0.000000e+00   0.000000e+00   0.000000e+00   5.909267e-02
 0.000000e+00   0.000000e+00   2.010626e-02   0.000000e+00   0.000000e+00   9.810395e-03  -8.370134e-02  -4.948935e-02   0.000000e+00
 1.467911e-03   1.843148e-03   0.000000e+00   7.257101e-04   1.416389e-03   0.000000e+00   0.000000e+00   0.000000e+00   1.013652e-02
 5.105457e-03   8.600729e-03   0.000000e+00   1.416389e-03   6.766906e-03   0.000000e+00   0.000000e+00   0.000000e+00   4.558389e-02
 0.000000e+00   0.000000e+00   9.810395e-03   0.000000e+00   0.000000e+00   8.586747e-03   9.224846e-03  -6.020105e-02   0.000000e+00
 0.000000e+00   0.000000e+00  -8.370134e-02   0.000000e+00   0.000000e+00   9.224846e-03   1.194426e+00  -3.171520e-01   0.000000e+00
 0.000000e+00   0.000000e+00  -4.948935e-02   0.000000e+00   0.000000e+00  -6.020105e-02  -3.171520e-01   5.370509e-01   0.000000e+00
 3.680264e-02   5.909267e-02   0.000000e+00   1.013652e-02   4.558389e-02   0.000000e+00   0.000000e+00   0.000000e+00   3.635268e-01

# timestamp: 1774889316.736953
 4.969168e-03   5.660345e-03   0.000000e+00   1.443714e-03   4.479014e-03   0.000000e+00   0.000000e+00   0.000000e+00   3.235213e-02
 5.660345e-03   1.005674e-02   0.000000e+00   1.728804e-03   7.249751e-03   0.000000e+00   0.000000e+00   0.000000e+00   4.912964e-02
 0.000000e+00   0.000000e+00   2.101675e-02   0.000000e+00   0.000000e+00   9.713606e-03  -1.007791e-01  -4.162355e-02   0.000000e+00
 1.443714e-03   1.728804e-03   0.000000e+00   7.507450e-04   1.367817e-03   0.000000e+00   0.000000e+00   0.000000e+00   9.937615e-03
 4.479014e-03   7.249751e-03   0.000000e+00   1.367817e-03   5.887275e-03   0.000000e+00   0.000000e+00   0.000000e+00   3.896556e-02
 0.000000e+00   0.000000e+00   9.713606e-03   0.000000e+00   0.000000e+00   7.584298e-03  -9.425550e-03  -4.876101e-02   0.000000e+00
 0.000000e+00   0.000000e+00  -1.007791e-01   0.000000e+00   0.000000e+00  -9.425550e-03   1.105059e+00  -2.069661e-01   0.000000e+00
 0.000000e+00   0.000000e+00  -4.162355e-02   0.000000e+00   0.000000e+00  -4.876101e-02  -2.069661e-01   4.417545e-01   0.000000e+00
 3.235213e-02   4.912964e-02   0.000000e+00   9.937615e-03   3.896556e-02   0.000000e+00   0.000000e+00   0.000000e+00   3.142876e-01

# timestamp: 1774889316.754042
 5.044706e-03   5.781121e-03   0.000000e+00   1.479225e-03   4.554144e-03   0.000000e+00   0.000000e+00   0.000000e+00   3.254513e-02
 5.781121e-03   1.035888e-02   0.000000e+00   1.787416e-03   7.438183e-03   0.000000e+00   0.000000e+00   0.000000e+00   4.988431e-02
 0.000000e+00   0.000000e+00   2.141527e-02   0.000000e+00   0.000000e+00   9.989017e-03  -1.009635e-01  -4.256754e-02   0.000000e+00
 1.479225e-03   1.787416e-03   0.000000e+00   7.656069e-04   1.408054e-03   0.000000e+00   0.000000e+00   0.000000e+00   1.014088e-02
 4.554144e-03   7.438183e-03   0.000000e+00   1.408054e-03   6.006243e-03   0.000000e+00   0.000000e+00   0.000000e+00   3.943666e-02
 0.000000e+00   0.000000e+00   9.989017e-03   0.000000e+00   0.000000e+00   7.744999e-03  -9.829211e-03  -4.928908e-02   0.000000e+00
 0.000000e+00   0.000000e+00  -1.009635e-01   0.000000e+00   0.000000e+00  -9.829211e-03   1.106988e+00  -2.069661e-01   0.000000e+00
 0.000000e+00   0.000000e+00  -4.256754e-02   0.000000e+00   0.000000e+00  -4.928908e-02  -2.069661e-01   4.436835e-01   0.000000e+00
 3.254513e-02   4.988431e-02   0.000000e+00   1.014088e-02   3.943666e-02   0.000000e+00   0.000000e+00   0.000000e+00   3.162166e-01

# timestamp: 1774889316.787988
 4.598398e-03   4.925598e-03   0.000000e+00   1.364481e-03   4.002888e-03   0.000000e+00   0.000000e+00   0.000000e+00   2.981369e-02
 4.925598e-03   8.408433e-03   0.000000e+00   1.545502e-03   6.151466e-03   0.000000e+00   0.000000e+00   0.000000e+00   4.250114e-02
 0.000000e+00   0.000000e+00   2.085857e-02   0.000000e+00   0.000000e+00   9.297069e-03  -1.081630e-01  -3.665001e-02   0.000000e+00
 1.364481e-03   1.545502e-03   0.000000e+00   7.368718e-04   1.255616e-03   0.000000e+00   0.000000e+00   0.000000e+00   9.415657e-03
 4.002888e-03   6.151466e-03   0.000000e+00   1.255616e-03   5.157951e-03   0.000000e+00   0.000000e+00   0.000000e+00   3.450569e-02
 0.000000e+00   0.000000e+00   9.297069e-03   0.000000e+00   0.000000e+00   6.922062e-03  -1.719947e-02  -4.298306e-02   0.000000e+00
 0.000000e+00   0.000000e+00  -1.081630e-01   0.000000e+00   0.000000e+00  -1.719947e-02   1.064982e+00  -1.612066e-01   0.000000e+00
 0.000000e+00   0.000000e+00  -3.665001e-02   0.000000e+00   0.000000e+00  -4.298306e-02  -1.612066e-01   3.991073e-01   0.000000e+00
 2.981369e-02   4.250114e-02   0.000000e+00   9.415657e-03   3.450569e-02   0.000000e+00   0.000000e+00   0.000000e+00   2.852374e-01

# timestamp: 1774889316.823227
 4.770918e-03   5.182932e-03   0.000000e+00   1.453036e-03   4.164985e-03   0.000000e+00   0.000000e+00   0.000000e+00   3.024914e-02
 5.182932e-03   9.027785e-03   0.000000e+00   1.682723e-03   6.539392e-03   0.000000e+00   0.000000e+00   0.000000e+00   4.408311e-02
 0.000000e+00   0.000000e+00   2.177264e-02   0.000000e+00   0.000000e+00   9.944236e-03  -1.089648e-01  -3.861848e-02   0.000000e+00
 1.453036e-03   1.682723e-03   0.000000e+00   7.764048e-04   1.352215e-03   0.000000e+00   0.000000e+00   0.000000e+00   9.936905e-03
 4.164985e-03   6.539392e-03   0.000000e+00   1.352215e-03   5.403476e-03   0.000000e+00   0.000000e+00   0.000000e+00   3.549807e-02
 0.000000e+00   0.000000e+00   9.944236e-03   0.000000e+00   0.000000e+00   7.290987e-03  -1.857569e-02  -4.407594e-02   0.000000e+00
 0.000000e+00   0.000000e+00  -1.089648e-01   0.000000e+00   0.000000e+00  -1.857569e-02   1.069524e+00  -1.612066e-01   0.000000e+00
 0.000000e+00   0.000000e+00  -3.861848e-02   0.000000e+00   0.000000e+00  -4.407594e-02  -1.612066e-01   4.036486e-01   0.000000e+00
 3.024914e-02   4.408311e-02   0.000000e+00   9.936905e-03   3.549807e-02   0.000000e+00   0.000000e+00   0.000000e+00   2.897788e-01

# timestamp: 1774889317.0353475
 4.571076e-03   4.480758e-03   0.000000e+00   1.579991e-03   3.690680e-03   0.000000e+00   0.000000e+00   0.000000e+00   2.705143e-02
 4.480758e-03   7.503222e-03   0.000000e+00   1.709801e-03   5.429146e-03   0.000000e+00   0.000000e+00   0.000000e+00   3.597433e-02
 0.000000e+00   0.000000e+00   2.424323e-02   0.000000e+00   0.000000e+00   1.131601e-02  -1.254978e-01  -3.451118e-02   0.000000e+00
 1.579991e-03   1.709801e-03   0.000000e+00   8.928256e-04   1.409078e-03   0.000000e+00   0.000000e+00   0.000000e+00   1.058382e-02
 3.690680e-03   5.429146e-03   0.000000e+00   1.409078e-03   4.609642e-03   0.000000e+00   0.000000e+00   0.000000e+00   2.972992e-02
 0.000000e+00   0.000000e+00   1.131601e-02   0.000000e+00   0.000000e+00   7.423514e-03  -3.702626e-02  -3.729992e-02   0.000000e+00
 0.000000e+00   0.000000e+00  -1.254978e-01   0.000000e+00   0.000000e+00  -3.702626e-02   1.034471e+00  -9.682630e-02   0.000000e+00
 0.000000e+00   0.000000e+00  -3.451118e-02   0.000000e+00   0.000000e+00  -3.729992e-02  -9.682630e-02   3.500699e-01   0.000000e+00
 2.705143e-02   3.597433e-02   0.000000e+00   1.058382e-02   2.972992e-02   0.000000e+00   0.000000e+00   0.000000e+00   2.503049e-01

# timestamp: 1774889317.0525503
 4.650934e-03   4.584521e-03   0.000000e+00   1.626478e-03   3.754877e-03   0.000000e+00   0.000000e+00   0.000000e+00   2.725455e-02
 4.584521e-03   7.731179e-03   0.000000e+00   1.776125e-03   5.566996e-03   0.000000e+00   0.000000e+00   0.000000e+00   3.654225e-02
 0.000000e+00   0.000000e+00   2.469795e-02   0.000000e+00   0.000000e+00   1.164207e-02  -1.262086e-01  -3.522335e-02   0.000000e+00
 1.626478e-03   1.776125e-03   0.000000e+00   9.178546e-04   1.455955e-03   0.000000e+00   0.000000e+00   0.000000e+00   1.085520e-02
 3.754877e-03   5.566996e-03   0.000000e+00   1.455955e-03   4.693126e-03   0.000000e+00   0.000000e+00   0.000000e+00   3.007311e-02
 0.000000e+00   0.000000e+00   1.164207e-02   0.000000e+00   0.000000e+00   7.608638e-03  -3.801143e-02  -3.767476e-02   0.000000e+00
 0.000000e+00   0.000000e+00  -1.262086e-01   0.000000e+00   0.000000e+00  -3.801143e-02   1.036374e+00  -9.682630e-02   0.000000e+00
 0.000000e+00   0.000000e+00  -3.522335e-02   0.000000e+00   0.000000e+00  -3.767476e-02  -9.682630e-02   3.519729e-01   0.000000e+00
 2.725455e-02   3.654225e-02   0.000000e+00   1.085520e-02   3.007311e-02   0.000000e+00   0.000000e+00   0.000000e+00   2.522078e-01

# timestamp: 1774889317.0732586
 4.244664e-03   3.843124e-03   0.000000e+00   1.500656e-03   3.274863e-03   0.000000e+00   0.000000e+00   0.000000e+00   2.508151e-02
 3.843124e-03   6.125805e-03   0.000000e+00   1.506073e-03   4.497745e-03   0.000000e+00   0.000000e+00   0.000000e+00   3.059411e-02
 0.000000e+00   0.000000e+00   2.414027e-02   0.000000e+00   0.000000e+00   1.111309e-02  -1.311006e-01  -3.032296e-02   0.000000e+00
 1.500656e-03   1.506073e-03   0.000000e+00   8.782121e-04   1.283310e-03   0.000000e+00   0.000000e+00   0.000000e+00   1.003715e-02
 3.274863e-03   4.497745e-03   0.000000e+00   1.283310e-03   3.980362e-03   0.000000e+00   0.000000e+00   0.000000e+00   2.604865e-02
 0.000000e+00   0.000000e+00   1.111309e-02   0.000000e+00   0.000000e+00   7.075553e-03  -4.249273e-02  -3.333034e-02   0.000000e+00
 0.000000e+00   0.000000e+00  -1.311006e-01   0.000000e+00   0.000000e+00  -4.249273e-02   1.020922e+00  -7.366709e-02   0.000000e+00
 0.000000e+00   0.000000e+00  -3.032296e-02   0.000000e+00   0.000000e+00  -3.333034e-02  -7.366709e-02   3.228277e-01   0.000000e+00
 2.508151e-02   3.059411e-02   0.000000e+00   1.003715e-02   2.604865e-02   0.000000e+00   0.000000e+00   0.000000e+00   2.268988e-01

# timestamp: 1774889317.0929794
 4.356738e-03   3.977220e-03   0.000000e+00   1.567367e-03   3.360421e-03   0.000000e+00   0.000000e+00   0.000000e+00   2.536268e-02
 3.977220e-03   6.406228e-03   0.000000e+00   1.593874e-03   4.669597e-03   0.000000e+00   0.000000e+00   0.000000e+00   3.131829e-02
 0.000000e+00   0.000000e+00   2.479307e-02   0.000000e+00   0.000000e+00   1.159146e-02  -1.322904e-01  -3.124896e-02   0.000000e+00
 1.567367e-03   1.593874e-03   0.000000e+00   9.150326e-04   1.347081e-03   0.000000e+00   0.000000e+00   0.000000e+00   1.041785e-02
 3.360421e-03   4.669597e-03   0.000000e+00   1.347081e-03   4.086009e-03   0.000000e+00   0.000000e+00   0.000000e+00   2.649634e-02
 0.000000e+00   0.000000e+00   1.159146e-02   0.000000e+00   0.000000e+00   7.353946e-03  -4.405130e-02  -3.384320e-02   0.000000e+00
 0.000000e+00   0.000000e+00  -1.322904e-01   0.000000e+00   0.000000e+00  -4.405130e-02   1.023685e+00  -7.366709e-02   0.000000e+00
 0.000000e+00   0.000000e+00  -3.124896e-02   0.000000e+00   0.000000e+00  -3.384320e-02  -7.366709e-02   3.255902e-01   0.000000e+00
 2.536268e-02   3.131829e-02   0.000000e+00   1.041785e-02   2.649634e-02   0.000000e+00   0.000000e+00   0.000000e+00   2.296613e-01

# timestamp: 1774889317.1116045
 4.417686e-03   4.050305e-03   0.000000e+00   1.603361e-03   3.406747e-03   0.000000e+00   0.000000e+00   0.000000e+00   2.551608e-02
 4.050305e-03   6.558849e-03   0.000000e+00   1.641657e-03   4.762519e-03   0.000000e+00   0.000000e+00   0.000000e+00   3.170742e-02
 0.000000e+00   0.000000e+00   2.515011e-02   0.000000e+00   0.000000e+00   1.184989e-02  -1.329389e-01  -3.174588e-02   0.000000e+00
 1.603361e-03   1.641657e-03   0.000000e+00   9.350800e-04   1.381514e-03   0.000000e+00   0.000000e+00   0.000000e+00   1.062166e-02
 3.406747e-03   4.762519e-03   0.000000e+00   1.381514e-03   4.142762e-03   0.000000e+00   0.000000e+00   0.000000e+00   2.673601e-02
 0.000000e+00   0.000000e+00   1.184989e-02   0.000000e+00   0.000000e+00   7.504540e-03  -4.487989e-02  -3.411744e-02   0.000000e+00
 0.000000e+00   0.000000e+00  -1.329389e-01   0.000000e+00   0.000000e+00  -4.487989e-02   1.025150e+00  -7.366709e-02   0.000000e+00
 0.000000e+00   0.000000e+00  -3.174588e-02   0.000000e+00   0.000000e+00  -3.411744e-02  -7.366709e-02   3.270556e-01   0.000000e+00
 2.551608e-02   3.170742e-02   0.000000e+00   1.062166e-02   2.673601e-02   0.000000e+00   0.000000e+00   0.000000e+00   2.311266e-01

# timestamp: 1774889317.1379564
 4.527610e-03   4.182407e-03   0.000000e+00   1.667793e-03   3.489954e-03   0.000000e+00   0.000000e+00   0.000000e+00   2.579359e-02
 4.182407e-03   6.834278e-03   0.000000e+00   1.727867e-03   4.929155e-03   0.000000e+00   0.000000e+00   0.000000e+00   3.240126e-02
 0.000000e+00   0.000000e+00   2.579749e-02   0.000000e+00   0.000000e+00   1.231301e-02  -1.341109e-01  -3.263073e-02   0.000000e+00
 1.667793e-03   1.727867e-03   0.000000e+00   9.712539e-04   1.443170e-03   0.000000e+00   0.000000e+00   0.000000e+00   1.098356e-02
 3.489954e-03   4.929155e-03   0.000000e+00   1.443170e-03   4.243895e-03   0.000000e+00   0.000000e+00   0.000000e+00   2.716159e-02
 0.000000e+00   0.000000e+00   1.231301e-02   0.000000e+00   0.000000e+00   7.774623e-03  -4.634175e-02  -3.460388e-02   0.000000e+00
 0.000000e+00   0.000000e+00  -1.341109e-01   0.000000e+00   0.000000e+00  -4.634175e-02   1.027730e+00  -7.366709e-02   0.000000e+00
 0.000000e+00   0.000000e+00  -3.263073e-02   0.000000e+00   0.000000e+00  -3.460388e-02  -7.366709e-02   3.296354e-01   0.000000e+00
 2.579359e-02   3.240126e-02   0.000000e+00   1.098356e-02   2.716159e-02   0.000000e+00   0.000000e+00   0.000000e+00   2.337064e-01

# timestamp: 1774889317.348797
 4.554389e-03   3.735681e-03   0.000000e+00   1.866848e-03   3.211376e-03   0.000000e+00   0.000000e+00   0.000000e+00   2.435300e-02
 3.735681e-03   5.770191e-03   0.000000e+00   1.754309e-03   4.138856e-03   0.000000e+00   0.000000e+00   0.000000e+00   2.700870e-02
 0.000000e+00   0.000000e+00   2.891759e-02   0.000000e+00   0.000000e+00   1.443445e-02  -1.504411e-01  -2.822828e-02   0.000000e+00
 1.866848e-03   1.754309e-03   0.000000e+00   1.145452e-03   1.510728e-03   0.000000e+00   0.000000e+00   0.000000e+00   1.183617e-02
 3.211376e-03   4.138856e-03   0.000000e+00   1.510728e-03   3.673828e-03   0.000000e+00   0.000000e+00   0.000000e+00   2.338390e-02
 0.000000e+00   0.000000e+00   1.443445e-02   0.000000e+00   0.000000e+00   8.798250e-03  -6.262150e-02  -3.036900e-02   0.000000e+00
 0.000000e+00   0.000000e+00  -1.504411e-01   0.000000e+00   0.000000e+00  -6.262150e-02   1.038626e+00  -5.264224e-02   0.000000e+00
 0.000000e+00   0.000000e+00  -2.822828e-02   0.000000e+00   0.000000e+00  -3.036900e-02  -5.264224e-02   3.036512e-01   0.000000e+00
 2.435300e-02   2.700870e-02   0.000000e+00   1.183617e-02   2.338390e-02   0.000000e+00   0.000000e+00   0.000000e+00   2.109749e-01

# timestamp: 1774889317.3650882
 4.659831e-03   3.846478e-03   0.000000e+00   1.926313e-03   3.283296e-03   0.000000e+00   0.000000e+00   0.000000e+00   2.461616e-02
 3.846478e-03   5.977195e-03   0.000000e+00   1.825837e-03   4.263074e-03   0.000000e+00   0.000000e+00   0.000000e+00   2.752678e-02
 0.000000e+00   0.000000e+00   2.958427e-02   0.000000e+00   0.000000e+00   1.488456e-02  -1.518320e-01  -2.890091e-02   0.000000e+00
 1.926313e-03   1.825837e-03   0.000000e+00   1.180810e-03   1.561982e-03   0.000000e+00   0.000000e+00   0.000000e+00   1.213006e-02
 3.283296e-03   4.263074e-03   0.000000e+00   1.561982e-03   3.749445e-03   0.000000e+00   0.000000e+00   0.000000e+00   2.371504e-02
 0.000000e+00   0.000000e+00   1.488456e-02   0.000000e+00   0.000000e+00   9.070885e-03  -6.397827e-02  -3.077176e-02   0.000000e+00
 0.000000e+00   0.000000e+00  -1.518320e-01   0.000000e+00   0.000000e+00  -6.397827e-02   1.040831e+00  -5.264224e-02   0.000000e+00
 0.000000e+00   0.000000e+00  -2.890091e-02   0.000000e+00   0.000000e+00  -3.077176e-02  -5.264224e-02   3.058563e-01   0.000000e+00
 2.461616e-02   2.752678e-02   0.000000e+00   1.213006e-02   2.371504e-02   0.000000e+00   0.000000e+00   0.000000e+00   2.131800e-01

# timestamp: 1774889317.3884342
 4.366124e-03   3.343973e-03   0.000000e+00   1.826366e-03   2.974039e-03   0.000000e+00   0.000000e+00   0.000000e+00   2.352139e-02
 3.343973e-03   4.933044e-03   0.000000e+00   1.601955e-03   3.588307e-03   0.000000e+00   0.000000e+00   0.000000e+00   2.405505e-02
 0.000000e+00   0.000000e+00   2.865468e-02   0.000000e+00   0.000000e+00   1.428443e-02  -1.536034e-01  -2.444460e-02   0.000000e+00
 1.826366e-03   1.601955e-03   0.000000e+00   1.144183e-03   1.426157e-03   0.000000e+00   0.000000e+00   0.000000e+00   1.156378e-02
 2.974039e-03   3.588307e-03   0.000000e+00   1.426157e-03   3.314790e-03   0.000000e+00   0.000000e+00   0.000000e+00   2.145319e-02
 0.000000e+00   0.000000e+00   1.428443e-02   0.000000e+00   0.000000e+00   8.660446e-03  -6.548812e-02  -2.786999e-02   0.000000e+00
 0.000000e+00   0.000000e+00  -1.536034e-01   0.000000e+00   0.000000e+00  -6.548812e-02   1.043144e+00  -5.184522e-02   0.000000e+00
 0.000000e+00   0.000000e+00  -2.444460e-02   0.000000e+00   0.000000e+00  -2.786999e-02  -5.184522e-02   2.920469e-01   0.000000e+00
 2.352139e-02   2.405505e-02   0.000000e+00   1.156378e-02   2.145319e-02   0.000000e+00   0.000000e+00   0.000000e+00   1.992544e-01

# timestamp: 1774889317.4070845
 4.445386e-03   3.422043e-03   0.000000e+00   1.869276e-03   3.027512e-03   0.000000e+00   0.000000e+00   0.000000e+00   2.371789e-02
 3.422043e-03   5.072621e-03   0.000000e+00   1.650321e-03   3.674652e-03   0.000000e+00   0.000000e+00   0.000000e+00   2.441913e-02
 0.000000e+00   0.000000e+00   2.915908e-02   0.000000e+00   0.000000e+00   1.461530e-02  -1.547156e-01  -2.491753e-02   0.000000e+00
 1.869276e-03   1.650321e-03   0.000000e+00   1.168965e-03   1.461899e-03   0.000000e+00   0.000000e+00   0.000000e+00   1.176229e-02
 3.027512e-03   3.674652e-03   0.000000e+00   1.461899e-03   3.369702e-03   0.000000e+00   0.000000e+00   0.000000e+00   2.170052e-02
 0.000000e+00   0.000000e+00   1.461530e-02   0.000000e+00   0.000000e+00   8.861871e-03  -6.645802e-02  -2.818044e-02   0.000000e+00
 0.000000e+00   0.000000e+00  -1.547156e-01   0.000000e+00   0.000000e+00  -6.645802e-02   1.044837e+00  -5.184522e-02   0.000000e+00
 0.000000e+00   0.000000e+00  -2.491753e-02   0.000000e+00   0.000000e+00  -2.818044e-02  -5.184522e-02   2.937394e-01   0.000000e+00
 2.371789e-02   2.441913e-02   0.000000e+00   1.176229e-02   2.170052e-02   0.000000e+00   0.000000e+00   0.000000e+00   2.009469e-01

# timestamp: 1774889317.4302664
 4.525250e-03   3.500998e-03   0.000000e+00   1.912341e-03   3.081260e-03   0.000000e+00   0.000000e+00   0.000000e+00   2.391564e-02
 3.500998e-03   5.213622e-03   0.000000e+00   1.699132e-03   3.761450e-03   0.000000e+00   0.000000e+00   0.000000e+00   2.478349e-02
 0.000000e+00   0.000000e+00   2.966924e-02   0.000000e+00   0.000000e+00   1.494772e-02  -1.558323e-01  -2.539066e-02   0.000000e+00
 1.912341e-03   1.699132e-03   0.000000e+00   1.193874e-03   1.497747e-03   0.000000e+00   0.000000e+00   0.000000e+00   1.196036e-02
 3.081260e-03   3.761450e-03   0.000000e+00   1.497747e-03   3.424639e-03   0.000000e+00   0.000000e+00   0.000000e+00   2.194729e-02
 0.000000e+00   0.000000e+00   1.494772e-02   0.000000e+00   0.000000e+00   9.063821e-03  -6.741935e-02  -2.848967e-02   0.000000e+00
 0.000000e+00   0.000000e+00  -1.558323e-01   0.000000e+00   0.000000e+00  -6.741935e-02   1.046512e+00  -5.184522e-02   0.000000e+00
 0.000000e+00   0.000000e+00  -2.539066e-02   0.000000e+00   0.000000e+00  -2.848967e-02  -5.184522e-02   2.954140e-01   0.000000e+00
 2.391564e-02   2.478349e-02   0.000000e+00   1.196036e-02   2.194729e-02   0.000000e+00   0.000000e+00   0.000000e+00   2.026215e-01

# timestamp: 1774889317.447653
 4.624202e-03   3.599231e-03   0.000000e+00   1.965455e-03   3.147666e-03   0.000000e+00   0.000000e+00   0.000000e+00   2.416039e-02
 3.599231e-03   5.388785e-03   0.000000e+00   1.759692e-03   3.868681e-03   0.000000e+00   0.000000e+00   0.000000e+00   2.523164e-02
 0.000000e+00   0.000000e+00   3.030404e-02   0.000000e+00   0.000000e+00   1.535818e-02  -1.572106e-01  -2.597231e-02   0.000000e+00
 1.965455e-03   1.759692e-03   0.000000e+00   1.224632e-03   1.541913e-03   0.000000e+00   0.000000e+00   0.000000e+00   1.220285e-02
 3.147666e-03   3.868681e-03   0.000000e+00   1.541913e-03   3.492134e-03   0.000000e+00   0.000000e+00   0.000000e+00   2.224942e-02
 0.000000e+00   0.000000e+00   1.535818e-02   0.000000e+00   0.000000e+00   9.312497e-03  -6.858829e-02  -2.886760e-02   0.000000e+00
 0.000000e+00   0.000000e+00  -1.572106e-01   0.000000e+00   0.000000e+00  -6.858829e-02   1.048544e+00  -5.184522e-02   0.000000e+00
 0.000000e+00   0.000000e+00  -2.597231e-02   0.000000e+00   0.000000e+00  -2.886760e-02  -5.184522e-02   2.974466e-01   0.000000e+00
 2.416039e-02   2.523164e-02   0.000000e+00   1.220285e-02   2.224942e-02   0.000000e+00   0.000000e+00   0.000000e+00   2.046542e-01

# timestamp: 1774889317.6308281
 4.787629e-03   3.432240e-03   0.000000e+00   2.100358e-03   3.131940e-03   0.000000e+00   0.000000e+00   0.000000e+00   2.454851e-02
 3.432240e-03   4.813522e-03   0.000000e+00   1.727185e-03   3.514686e-03   0.000000e+00   0.000000e+00   0.000000e+00   2.314041e-02
 0.000000e+00   0.000000e+00   3.147681e-02   0.000000e+00   0.000000e+00   1.597749e-02  -1.637287e-01  -2.123327e-02   0.000000e+00
 2.100358e-03   1.727185e-03   0.000000e+00   1.315483e-03   1.578652e-03   0.000000e+00   0.000000e+00   0.000000e+00   1.260078e-02
 3.131940e-03   3.514686e-03   0.000000e+00   1.578652e-03   3.305806e-03   0.000000e+00   0.000000e+00   0.000000e+00   2.129372e-02
 0.000000e+00   0.000000e+00   1.597749e-02   0.000000e+00   0.000000e+00   9.663416e-03  -7.281822e-02  -2.683015e-02   0.000000e+00
 0.000000e+00   0.000000e+00  -1.637287e-01   0.000000e+00   0.000000e+00  -7.281822e-02   1.056918e+00  -6.438160e-02   0.000000e+00
 0.000000e+00   0.000000e+00  -2.123327e-02   0.000000e+00   0.000000e+00  -2.683015e-02  -6.438160e-02   2.949487e-01   0.000000e+00
 2.454851e-02   2.314041e-02   0.000000e+00   1.260078e-02   2.129372e-02   0.000000e+00   0.000000e+00   0.000000e+00   1.996282e-01

# timestamp: 1774889317.6482167
 4.891990e-03   3.530047e-03   0.000000e+00   2.144606e-03   3.204559e-03   0.000000e+00   0.000000e+00   0.000000e+00   2.480048e-02
 3.530047e-03   4.975300e-03   0.000000e+00   1.775833e-03   3.619825e-03   0.000000e+00   0.000000e+00   0.000000e+00   2.356678e-02
 0.000000e+00   0.000000e+00   3.213918e-02   0.000000e+00   0.000000e+00   1.632630e-02  -1.651836e-01  -2.177067e-02   0.000000e+00
 2.144606e-03   1.775833e-03   0.000000e+00   1.335826e-03   1.615176e-03   0.000000e+00   0.000000e+00   0.000000e+00   1.274628e-02
 3.204559e-03   3.619825e-03   0.000000e+00   1.615176e-03   3.378873e-03   0.000000e+00   0.000000e+00   0.000000e+00   2.162651e-02
 0.000000e+00   0.000000e+00   1.632630e-02   0.000000e+00   0.000000e+00   9.860923e-03  -7.347779e-02  -2.727418e-02   0.000000e+00
 0.000000e+00   0.000000e+00  -1.651836e-01   0.000000e+00   0.000000e+00  -7.347779e-02   1.058910e+00  -6.438160e-02   0.000000e+00
 0.000000e+00   0.000000e+00  -2.177067e-02   0.000000e+00   0.000000e+00  -2.727418e-02  -6.438160e-02   2.969407e-01   0.000000e+00
 2.480048e-02   2.356678e-02   0.000000e+00   1.274628e-02   2.162651e-02   0.000000e+00   0.000000e+00   0.000000e+00   2.016203e-01

# timestamp: 1774889317.6635425
 4.959985e-03   3.594181e-03   0.000000e+00   2.173349e-03   3.251828e-03   0.000000e+00   0.000000e+00   0.000000e+00   2.496394e-02
 3.594181e-03   5.081483e-03   0.000000e+00   1.807643e-03   3.688532e-03   0.000000e+00   0.000000e+00   0.000000e+00   2.384429e-02
 0.000000e+00   0.000000e+00   3.257219e-02   0.000000e+00   0.000000e+00   1.655356e-02  -1.661255e-01  -2.212069e-02   0.000000e+00
 2.173349e-03   1.807643e-03   0.000000e+00   1.349009e-03   1.638900e-03   0.000000e+00   0.000000e+00   0.000000e+00   1.284052e-02
 3.251828e-03   3.688532e-03   0.000000e+00   1.638900e-03   3.426406e-03   0.000000e+00   0.000000e+00   0.000000e+00   2.184207e-02
 0.000000e+00   0.000000e+00   1.655356e-02   0.000000e+00   0.000000e+00   9.989112e-03  -7.390234e-02  -2.756121e-02   0.000000e+00
 0.000000e+00   0.000000e+00  -1.661255e-01   0.000000e+00   0.000000e+00  -7.390234e-02   1.060190e+00  -6.438160e-02   0.000000e+00
 0.000000e+00   0.000000e+00  -2.212069e-02   0.000000e+00   0.000000e+00  -2.756121e-02  -6.438160e-02   2.982207e-01   0.000000e+00
 2.496394e-02   2.384429e-02   0.000000e+00   1.284052e-02   2.184207e-02   0.000000e+00   0.000000e+00   0.000000e+00   2.029003e-01

# timestamp: 1774889317.7036378
 4.805181e-03   3.350530e-03   0.000000e+00   2.115405e-03   3.133121e-03   0.000000e+00   0.000000e+00   0.000000e+00   2.494978e-02
 3.350530e-03   4.537541e-03   0.000000e+00   1.683891e-03   3.372380e-03   0.000000e+00   0.000000e+00   0.000000e+00   2.261509e-02
 0.000000e+00   0.000000e+00   3.044775e-02   0.000000e+00   0.000000e+00   1.533227e-02  -1.604797e-01  -1.912880e-02   0.000000e+00
 2.115405e-03   1.683891e-03   0.000000e+00   1.322441e-03   1.576470e-03   0.000000e+00   0.000000e+00   0.000000e+00   1.267136e-02
 3.133121e-03   3.372380e-03   0.000000e+00   1.576470e-03   3.255005e-03   0.000000e+00   0.000000e+00   0.000000e+00   2.125598e-02
 0.000000e+00   0.000000e+00   1.533227e-02   0.000000e+00   0.000000e+00   9.330977e-03  -7.026157e-02  -2.629319e-02   0.000000e+00
 0.000000e+00   0.000000e+00  -1.604797e-01   0.000000e+00   0.000000e+00  -7.026157e-02   1.043153e+00  -7.435135e-02   0.000000e+00
 0.000000e+00   0.000000e+00  -1.912880e-02   0.000000e+00   0.000000e+00  -2.629319e-02  -7.435135e-02   2.972643e-01   0.000000e+00
 2.494978e-02   2.261509e-02   0.000000e+00   1.267136e-02   2.125598e-02   0.000000e+00   0.000000e+00   0.000000e+00   1.996802e-01

# timestamp: 1774889317.7261376
 4.923267e-03   3.459721e-03   0.000000e+00   2.159598e-03   3.218608e-03   0.000000e+00   0.000000e+00   0.000000e+00   2.523455e-02
 3.459721e-03   4.713386e-03   0.000000e+00   1.732645e-03   3.491484e-03   0.000000e+00   0.000000e+00   0.000000e+00   2.309429e-02
 0.000000e+00   0.000000e+00   3.116389e-02   0.000000e+00   0.000000e+00   1.567414e-02  -1.620574e-01  -1.972197e-02   0.000000e+00
 2.159598e-03   1.732645e-03   0.000000e+00   1.339283e-03   1.614033e-03   0.000000e+00   0.000000e+00   0.000000e+00   1.278675e-02
 3.218608e-03   3.491484e-03   0.000000e+00   1.614033e-03   3.342393e-03   0.000000e+00   0.000000e+00   0.000000e+00   2.165521e-02
 0.000000e+00   0.000000e+00   1.567414e-02   0.000000e+00   0.000000e+00   9.519508e-03  -7.071318e-02  -2.684341e-02   0.000000e+00
 0.000000e+00   0.000000e+00  -1.620574e-01   0.000000e+00   0.000000e+00  -7.071318e-02   1.045394e+00  -7.435135e-02   0.000000e+00
 0.000000e+00   0.000000e+00  -1.972197e-02   0.000000e+00   0.000000e+00  -2.684341e-02  -7.435135e-02   2.995051e-01   0.000000e+00
 2.523455e-02   2.309429e-02   0.000000e+00   1.278675e-02   2.165521e-02   0.000000e+00   0.000000e+00   0.000000e+00   2.019210e-01

# timestamp: 1774889317.915565
 5.219179e-03   3.625695e-03   0.000000e+00   2.213662e-03   3.499822e-03   0.000000e+00   0.000000e+00   0.000000e+00   2.688866e-02
 3.625695e-03   4.722735e-03   0.000000e+00   1.733016e-03   3.630451e-03   0.000000e+00   0.000000e+00   0.000000e+00   2.395902e-02
 0.000000e+00   0.000000e+00   2.954322e-02   0.000000e+00   0.000000e+00   1.428330e-02  -1.532353e-01  -1.818013e-02   0.000000e+00
 2.213662e-03   1.733016e-03   0.000000e+00   1.319868e-03   1.673767e-03   0.000000e+00   0.000000e+00   0.000000e+00   1.279487e-02
 3.499822e-03   3.630451e-03   0.000000e+00   1.673767e-03   3.589292e-03   0.000000e+00   0.000000e+00   0.000000e+00   2.329305e-02
 0.000000e+00   0.000000e+00   1.428330e-02   0.000000e+00   0.000000e+00   8.851392e-03  -6.102091e-02  -2.852544e-02   0.000000e+00
 0.000000e+00   0.000000e+00  -1.532353e-01   0.000000e+00   0.000000e+00  -6.102091e-02   1.003377e+00  -9.358488e-02   0.000000e+00
 0.000000e+00   0.000000e+00  -1.818013e-02   0.000000e+00   0.000000e+00  -2.852544e-02  -9.358488e-02   3.124476e-01   0.000000e+00
 2.688866e-02   2.395902e-02   0.000000e+00   1.279487e-02   2.329305e-02   0.000000e+00   0.000000e+00   0.000000e+00   2.103043e-01

# timestamp: 1774889317.9460702
 5.378896e-03   3.780836e-03   0.000000e+00   2.256734e-03   3.628130e-03   0.000000e+00   0.000000e+00   0.000000e+00   2.726268e-02
 3.780836e-03   4.968586e-03   0.000000e+00   1.786320e-03   3.807822e-03   0.000000e+00   0.000000e+00   0.000000e+00   2.464588e-02
 0.000000e+00   0.000000e+00   3.041594e-02   0.000000e+00   0.000000e+00   1.462355e-02  -1.550162e-01  -1.902284e-02   0.000000e+00
 2.256734e-03   1.786320e-03   0.000000e+00   1.326972e-03   1.714928e-03   0.000000e+00   0.000000e+00   0.000000e+00   1.282951e-02
 3.628130e-03   3.807822e-03   0.000000e+00   1.714928e-03   3.729665e-03   0.000000e+00   0.000000e+00   0.000000e+00   2.391081e-02
 0.000000e+00   0.000000e+00   1.462355e-02   0.000000e+00   0.000000e+00   9.042967e-03  -6.091251e-02  -2.942536e-02   0.000000e+00
 0.000000e+00   0.000000e+00  -1.550162e-01   0.000000e+00   0.000000e+00  -6.091251e-02   1.006297e+00  -9.358488e-02   0.000000e+00
 0.000000e+00   0.000000e+00  -1.902284e-02   0.000000e+00   0.000000e+00  -2.942536e-02  -9.358488e-02   3.153679e-01   0.000000e+00
 2.726268e-02   2.464588e-02   0.000000e+00   1.282951e-02   2.391081e-02   0.000000e+00   0.000000e+00   0.000000e+00   2.132246e-01

# timestamp: 1774889317.9686239
 5.519439e-03   3.919639e-03   0.000000e+00   2.294304e-03   3.741255e-03   0.000000e+00   0.000000e+00   0.000000e+00   2.758783e-02
 3.919639e-03   5.190185e-03   0.000000e+00   1.833584e-03   3.966577e-03   0.000000e+00   0.000000e+00   0.000000e+00   2.525573e-02
 0.000000e+00   0.000000e+00   3.118890e-02   0.000000e+00   0.000000e+00   1.492537e-02  -1.565580e-01  -1.977429e-02   0.000000e+00
 2.294304e-03   1.833584e-03   0.000000e+00   1.333141e-03   1.750789e-03   0.000000e+00   0.000000e+00   0.000000e+00   1.285994e-02
 3.741255e-03   3.966577e-03   0.000000e+00   1.750789e-03   3.854329e-03   0.000000e+00   0.000000e+00   0.000000e+00   2.445365e-02
 0.000000e+00   0.000000e+00   1.492537e-02   0.000000e+00   0.000000e+00   9.213336e-03  -6.081890e-02  -3.021289e-02   0.000000e+00
 0.000000e+00   0.000000e+00  -1.565580e-01   0.000000e+00   0.000000e+00  -6.081890e-02   1.008829e+00  -9.358488e-02   0.000000e+00
 0.000000e+00   0.000000e+00  -1.977429e-02   0.000000e+00   0.000000e+00  -3.021289e-02  -9.358488e-02   3.179004e-01   0.000000e+00
 2.758783e-02   2.525573e-02   0.000000e+00   1.285994e-02   2.445365e-02   0.000000e+00   0.000000e+00   0.000000e+00   2.157571e-01

# timestamp: 1774889317.989878
 5.233003e-03   3.611797e-03   0.000000e+00   2.170566e-03   3.568544e-03   0.000000e+00   0.000000e+00   0.000000e+00   2.742154e-02
 3.611797e-03   4.601166e-03   0.000000e+00   1.676935e-03   3.620769e-03   0.000000e+00   0.000000e+00   0.000000e+00   2.409288e-02
 0.000000e+00   0.000000e+00   2.788734e-02   0.000000e+00   0.000000e+00   1.314428e-02  -1.465900e-01  -1.705083e-02   0.000000e+00
 2.170566e-03   1.676935e-03   0.000000e+00   1.274950e-03   1.657346e-03   0.000000e+00   0.000000e+00   0.000000e+00   1.257632e-02
 3.568544e-03   3.620769e-03   0.000000e+00   1.657346e-03   3.664132e-03   0.000000e+00   0.000000e+00   0.000000e+00   2.390381e-02
 0.000000e+00   0.000000e+00   1.314428e-02   0.000000e+00   0.000000e+00   8.317702e-03  -5.486870e-02  -2.919955e-02   0.000000e+00
 0.000000e+00   0.000000e+00  -1.465900e-01   0.000000e+00   0.000000e+00  -5.486870e-02   9.789695e-01  -1.032808e-01   0.000000e+00
 0.000000e+00   0.000000e+00  -1.705083e-02   0.000000e+00   0.000000e+00  -2.919955e-02  -1.032808e-01   3.172910e-01   0.000000e+00
 2.742154e-02   2.409288e-02   0.000000e+00   1.257632e-02   2.390381e-02   0.000000e+00   0.000000e+00   0.000000e+00   2.129666e-01

# timestamp: 1774889318.0028174
 5.298963e-03   3.676747e-03   0.000000e+00   2.186082e-03   3.624232e-03   0.000000e+00   0.000000e+00   0.000000e+00   2.757639e-02
 3.676747e-03   4.703396e-03   0.000000e+00   1.697219e-03   3.697195e-03   0.000000e+00   0.000000e+00   0.000000e+00   2.438806e-02
 0.000000e+00   0.000000e+00   2.822475e-02   0.000000e+00   0.000000e+00   1.326806e-02  -1.472652e-01  -1.741163e-02   0.000000e+00
 2.186082e-03   1.697219e-03   0.000000e+00   1.276004e-03   1.673265e-03   0.000000e+00   0.000000e+00   0.000000e+00   1.257481e-02
 3.624232e-03   3.697195e-03   0.000000e+00   1.673265e-03   3.726877e-03   0.000000e+00   0.000000e+00   0.000000e+00   2.417746e-02
 0.000000e+00   0.000000e+00   1.326806e-02   0.000000e+00   0.000000e+00   8.393394e-03  -5.472963e-02  -2.960740e-02   0.000000e+00
 0.000000e+00   0.000000e+00  -1.472652e-01   0.000000e+00   0.000000e+00  -5.472963e-02   9.802008e-01  -1.032808e-01   0.000000e+00
 0.000000e+00   0.000000e+00  -1.741163e-02   0.000000e+00   0.000000e+00  -2.960740e-02  -1.032808e-01   3.185224e-01   0.000000e+00
 2.757639e-02   2.438806e-02   0.000000e+00   1.257481e-02   2.417746e-02   0.000000e+00   0.000000e+00   0.000000e+00   2.141980e-01

# timestamp: 1774889318.1989639
 5.506623e-03   3.862074e-03   0.000000e+00   2.110360e-03   3.948162e-03   0.000000e+00   0.000000e+00   0.000000e+00   2.876363e-02
 3.862074e-03   4.851693e-03   0.000000e+00   1.632320e-03   3.975056e-03   0.000000e+00   0.000000e+00   0.000000e+00   2.550965e-02
 0.000000e+00   0.000000e+00   2.693501e-02   0.000000e+00   0.000000e+00   1.181785e-02  -1.407735e-01  -1.620064e-02   0.000000e+00
 2.110360e-03   1.632320e-03   0.000000e+00   1.170399e-03   1.667309e-03   0.000000e+00   0.000000e+00   0.000000e+00   1.187729e-02
 3.948162e-03   3.975056e-03   0.000000e+00   1.667309e-03   4.134027e-03   0.000000e+00   0.000000e+00   0.000000e+00   2.624724e-02
 0.000000e+00   0.000000e+00   1.181785e-02   0.000000e+00   0.000000e+00   7.901073e-03  -4.385008e-02  -3.245745e-02   0.000000e+00
 0.000000e+00   0.000000e+00  -1.407735e-01   0.000000e+00   0.000000e+00  -4.385008e-02   9.589615e-01  -1.215481e-01   0.000000e+00
 0.000000e+00   0.000000e+00  -1.620064e-02   0.000000e+00   0.000000e+00  -3.245745e-02  -1.215481e-01   3.297541e-01   0.000000e+00
 2.876363e-02   2.550965e-02   0.000000e+00   1.187729e-02   2.624724e-02   0.000000e+00   0.000000e+00   0.000000e+00   2.215942e-01

# timestamp: 1774889318.2292068
 5.671929e-03   4.040235e-03   0.000000e+00   2.151947e-03   4.096737e-03   0.000000e+00   0.000000e+00   0.000000e+00   2.913725e-02
 4.040235e-03   5.139023e-03   0.000000e+00   1.689440e-03   4.192940e-03   0.000000e+00   0.000000e+00   0.000000e+00   2.634294e-02
 0.000000e+00   0.000000e+00   2.771875e-02   0.000000e+00   0.000000e+00   1.214743e-02  -1.421484e-01  -1.723299e-02   0.000000e+00
 2.151947e-03   1.689440e-03   0.000000e+00   1.177401e-03   1.710876e-03   0.000000e+00   0.000000e+00   0.000000e+00   1.191357e-02
 4.096737e-03   4.192940e-03   0.000000e+00   1.710876e-03   4.312802e-03   0.000000e+00   0.000000e+00   0.000000e+00   2.698490e-02
 0.000000e+00   0.000000e+00   1.214743e-02   0.000000e+00   0.000000e+00   8.136131e-03  -4.360496e-02  -3.353226e-02   0.000000e+00
 0.000000e+00   0.000000e+00  -1.421484e-01   0.000000e+00   0.000000e+00  -4.360496e-02   9.621036e-01  -1.215481e-01   0.000000e+00
 0.000000e+00   0.000000e+00  -1.723299e-02   0.000000e+00   0.000000e+00  -3.353226e-02  -1.215481e-01   3.328962e-01   0.000000e+00
 2.913725e-02   2.634294e-02   0.000000e+00   1.191357e-02   2.698490e-02   0.000000e+00   0.000000e+00   0.000000e+00   2.247363e-01

# timestamp: 1774889318.2474594
 5.749465e-03   4.125065e-03   0.000000e+00   2.171325e-03   4.166510e-03   0.000000e+00   0.000000e+00   0.000000e+00   2.931087e-02
 4.125065e-03   5.276975e-03   0.000000e+00   1.716443e-03   4.296841e-03   0.000000e+00   0.000000e+00   0.000000e+00   2.673732e-02
 0.000000e+00   0.000000e+00   2.808926e-02   0.000000e+00   0.000000e+00   1.230403e-02  -1.427833e-01  -1.772333e-02   0.000000e+00
 2.171325e-03   1.716443e-03   0.000000e+00   1.180652e-03   1.731158e-03   0.000000e+00   0.000000e+00   0.000000e+00   1.193056e-02
 4.166510e-03   4.296841e-03   0.000000e+00   1.731158e-03   4.397352e-03   0.000000e+00   0.000000e+00   0.000000e+00   2.733038e-02
 0.000000e+00   0.000000e+00   1.230403e-02   0.000000e+00   0.000000e+00   8.247505e-03  -4.349147e-02  -3.403407e-02   0.000000e+00
 0.000000e+00   0.000000e+00  -1.427833e-01   0.000000e+00   0.000000e+00  -4.349147e-02   9.635604e-01  -1.215481e-01   0.000000e+00
 0.000000e+00   0.000000e+00  -1.772333e-02   0.000000e+00   0.000000e+00  -3.403407e-02  -1.215481e-01   3.343531e-01   0.000000e+00
 2.931087e-02   2.673732e-02   0.000000e+00   1.193056e-02   2.733038e-02   0.000000e+00   0.000000e+00   0.000000e+00   2.261931e-01

# timestamp: 1774889318.2698638
 5.841875e-03   4.227158e-03   0.000000e+00   2.194316e-03   4.249738e-03   0.000000e+00   0.000000e+00   0.000000e+00   2.951648e-02
 4.227158e-03   5.443962e-03   0.000000e+00   1.748776e-03   4.422046e-03   0.000000e+00   0.000000e+00   0.000000e+00   2.720986e-02
 0.000000e+00   0.000000e+00   2.853324e-02   0.000000e+00   0.000000e+00   1.249230e-02  -1.435319e-01  -1.831213e-02   0.000000e+00
 2.194316e-03   1.748776e-03   0.000000e+00   1.184499e-03   1.755208e-03   0.000000e+00   0.000000e+00   0.000000e+00   1.195079e-02
 4.249738e-03   4.422046e-03   0.000000e+00   1.755208e-03   4.498699e-03   0.000000e+00   0.000000e+00   0.000000e+00   2.774192e-02
 0.000000e+00   0.000000e+00   1.249230e-02   0.000000e+00   0.000000e+00   8.381166e-03  -4.335742e-02  -3.463045e-02   0.000000e+00
 0.000000e+00   0.000000e+00  -1.435319e-01   0.000000e+00   0.000000e+00  -4.335742e-02   9.652831e-01  -1.215481e-01   0.000000e+00
 0.000000e+00   0.000000e+00  -1.831213e-02   0.000000e+00   0.000000e+00  -3.463045e-02  -1.215481e-01   3.360758e-01   0.000000e+00
 2.951648e-02   2.720986e-02   0.000000e+00   1.195079e-02   2.774192e-02   0.000000e+00   0.000000e+00   0.000000e+00   2.279158e-01

# timestamp: 1774889318.5046558
 5.321100e-03   3.530785e-03   0.000000e+00   1.912515e-03   3.884808e-03   0.000000e+00   0.000000e+00   0.000000e+00   2.735919e-02
 3.530785e-03   4.361471e-03   0.000000e+00   1.391662e-03   3.730772e-03   0.000000e+00   0.000000e+00   0.000000e+00   2.287747e-02
 0.000000e+00   0.000000e+00   2.714234e-02   0.000000e+00   0.000000e+00   1.067259e-02  -1.460387e-01  -9.015874e-03   0.000000e+00
 1.912515e-03   1.391662e-03   0.000000e+00   1.040068e-03   1.527594e-03   0.000000e+00   0.000000e+00   0.000000e+00   1.049290e-02
 3.884808e-03   3.730772e-03   0.000000e+00   1.527594e-03   4.151851e-03   0.000000e+00   0.000000e+00   0.000000e+00   2.540634e-02
 0.000000e+00   0.000000e+00   1.067259e-02   0.000000e+00   0.000000e+00   7.368950e-03  -3.938679e-02  -3.088348e-02   0.000000e+00
 0.000000e+00   0.000000e+00  -1.460387e-01   0.000000e+00   0.000000e+00  -3.938679e-02   9.794289e-01  -1.358131e-01   0.000000e+00
 0.000000e+00   0.000000e+00  -9.015874e-03   0.000000e+00   0.000000e+00  -3.088348e-02  -1.358131e-01   3.151162e-01   0.000000e+00
 2.735919e-02   2.287747e-02   0.000000e+00   1.049290e-02   2.540634e-02   0.000000e+00   0.000000e+00   0.000000e+00   2.085211e-01

# timestamp: 1774889318.518926
 5.469749e-03   3.693982e-03   0.000000e+00   1.967301e-03   4.018696e-03   0.000000e+00   0.000000e+00   0.000000e+00   2.768070e-02
 3.693982e-03   4.624662e-03   0.000000e+00   1.458062e-03   3.932562e-03   0.000000e+00   0.000000e+00   0.000000e+00   2.365713e-02
 0.000000e+00   0.000000e+00   2.783358e-02   0.000000e+00   0.000000e+00   1.105156e-02  -1.472442e-01  -9.964010e-03   0.000000e+00
 1.967301e-03   1.458062e-03   0.000000e+00   1.060615e-03   1.582161e-03   0.000000e+00   0.000000e+00   0.000000e+00   1.066738e-02
 4.018696e-03   3.932562e-03   0.000000e+00   1.582161e-03   4.316887e-03   0.000000e+00   0.000000e+00   0.000000e+00   2.607057e-02
 0.000000e+00   0.000000e+00   1.105156e-02   0.000000e+00   0.000000e+00   7.634589e-03  -3.977114e-02  -3.177086e-02   0.000000e+00
 0.000000e+00   0.000000e+00  -1.472442e-01   0.000000e+00   0.000000e+00  -3.977114e-02   9.824849e-01  -1.358131e-01   0.000000e+00
 0.000000e+00   0.000000e+00  -9.964010e-03   0.000000e+00   0.000000e+00  -3.177086e-02  -1.358131e-01   3.181722e-01   0.000000e+00
 2.768070e-02   2.365713e-02   0.000000e+00   1.066738e-02   2.607057e-02   0.000000e+00   0.000000e+00   0.000000e+00   2.115771e-01

# timestamp: 1774889318.534121
 5.542716e-03   3.775154e-03   0.000000e+00   1.994036e-03   4.084235e-03   0.000000e+00   0.000000e+00   0.000000e+00   2.783808e-02
 3.775154e-03   4.756395e-03   0.000000e+00   1.490992e-03   4.032735e-03   0.000000e+00   0.000000e+00   0.000000e+00   2.404217e-02
 0.000000e+00   0.000000e+00   2.817595e-02   0.000000e+00   0.000000e+00   1.123892e-02  -1.478305e-01  -1.043338e-02   0.000000e+00
 1.994036e-03   1.490992e-03   0.000000e+00   1.070617e-03   1.608845e-03   0.000000e+00   0.000000e+00   0.000000e+00   1.075208e-02
 4.084235e-03   4.032735e-03   0.000000e+00   1.608845e-03   4.397899e-03   0.000000e+00   0.000000e+00   0.000000e+00   2.639301e-02
 0.000000e+00   0.000000e+00   1.123892e-02   0.000000e+00   0.000000e+00   7.764800e-03  -3.995696e-02  -3.220082e-02   0.000000e+00
 0.000000e+00   0.000000e+00  -1.478305e-01   0.000000e+00   0.000000e+00  -3.995696e-02   9.839572e-01  -1.358131e-01   0.000000e+00
 0.000000e+00   0.000000e+00  -1.043338e-02   0.000000e+00   0.000000e+00  -3.220082e-02  -1.358131e-01   3.196446e-01   0.000000e+00
 2.783808e-02   2.404217e-02   0.000000e+00   1.075208e-02   2.639301e-02   0.000000e+00   0.000000e+00   0.000000e+00   2.130495e-01

# timestamp: 1774889318.5524964
 5.618362e-03   3.859903e-03   0.000000e+00   2.021671e-03   4.152101e-03   0.000000e+00   0.000000e+00   0.000000e+00   2.800075e-02
 3.859903e-03   4.894564e-03   0.000000e+00   1.525329e-03   4.137311e-03   0.000000e+00   0.000000e+00   0.000000e+00   2.444194e-02
 0.000000e+00   0.000000e+00   2.853280e-02   0.000000e+00   0.000000e+00   1.143403e-02  -1.484345e-01  -1.092125e-02   0.000000e+00
 2.021671e-03   1.525329e-03   0.000000e+00   1.080945e-03   1.636477e-03   0.000000e+00   0.000000e+00   0.000000e+00   1.083955e-02
 4.152101e-03   4.137311e-03   0.000000e+00   1.636477e-03   4.481994e-03   0.000000e+00   0.000000e+00   0.000000e+00   2.672601e-02
 0.000000e+00   0.000000e+00   1.143403e-02   0.000000e+00   0.000000e+00   7.899842e-03  -4.014812e-02  -3.264408e-02   0.000000e+00
 0.000000e+00   0.000000e+00  -1.484345e-01   0.000000e+00   0.000000e+00  -4.014812e-02   9.854671e-01  -1.358131e-01   0.000000e+00
 0.000000e+00   0.000000e+00  -1.092125e-02   0.000000e+00   0.000000e+00  -3.264408e-02  -1.358131e-01   3.211545e-01   0.000000e+00
 2.800075e-02   2.444194e-02   0.000000e+00   1.083955e-02   2.672601e-02   0.000000e+00   0.000000e+00   0.000000e+00   2.145594e-01

# timestamp: 1774889318.8427134
 4.764474e-03   2.666233e-03   0.000000e+00   1.770935e-03   3.257151e-03   0.000000e+00   0.000000e+00   0.000000e+00   2.224843e-02
 2.666233e-03   3.452169e-03   0.000000e+00   1.115595e-03   2.906440e-03   0.000000e+00   0.000000e+00   0.000000e+00   1.599158e-02
 0.000000e+00   0.000000e+00   3.081870e-02   0.000000e+00   0.000000e+00   1.178681e-02  -1.642247e-01   5.888826e-04   0.000000e+00
 1.770935e-03   1.115595e-03   0.000000e+00   1.015318e-03   1.359286e-03   0.000000e+00   0.000000e+00   0.000000e+00   9.247604e-03
 3.257151e-03   2.906440e-03   0.000000e+00   1.359286e-03   3.524406e-03   0.000000e+00   0.000000e+00   0.000000e+00   2.016377e-02
 0.000000e+00   0.000000e+00   1.178681e-02   0.000000e+00   0.000000e+00   7.431148e-03  -5.072918e-02  -2.322948e-02   0.000000e+00
 0.000000e+00   0.000000e+00  -1.642247e-01   0.000000e+00   0.000000e+00  -5.072918e-02   1.011469e+00  -1.215376e-01   0.000000e+00
 0.000000e+00   0.000000e+00   5.888826e-04   0.000000e+00   0.000000e+00  -2.322948e-02  -1.215376e-01   2.643640e-01   0.000000e+00
 2.224843e-02   1.599158e-02   0.000000e+00   9.247604e-03   2.016377e-02   0.000000e+00   0.000000e+00   0.000000e+00   1.705760e-01

# timestamp: 1774889318.864443
 4.890019e-03   2.787591e-03   0.000000e+00   1.832960e-03   3.355194e-03   0.000000e+00   0.000000e+00   0.000000e+00   2.250373e-02
 2.787591e-03   3.641848e-03   0.000000e+00   1.178057e-03   3.047888e-03   0.000000e+00   0.000000e+00   0.000000e+00   1.654719e-02
 0.000000e+00   0.000000e+00   3.150075e-02   0.000000e+00   0.000000e+00   1.224239e-02  -1.656230e-01  -5.119000e-05   0.000000e+00
 1.832960e-03   1.178057e-03   0.000000e+00   1.046467e-03   1.415438e-03   0.000000e+00   0.000000e+00   0.000000e+00   9.508645e-03
 3.355194e-03   3.047888e-03   0.000000e+00   1.415438e-03   3.636972e-03   0.000000e+00   0.000000e+00   0.000000e+00   2.062768e-02
 0.000000e+00   0.000000e+00   1.224239e-02   0.000000e+00   0.000000e+00   7.715958e-03  -5.193702e-02  -2.376178e-02   0.000000e+00
 0.000000e+00   0.000000e+00  -1.656230e-01   0.000000e+00   0.000000e+00  -5.193702e-02   1.014201e+00  -1.215376e-01   0.000000e+00
 0.000000e+00   0.000000e+00  -5.119000e-05   0.000000e+00   0.000000e+00  -2.376178e-02  -1.215376e-01   2.670962e-01   0.000000e+00
 2.250373e-02   1.654719e-02   0.000000e+00   9.508645e-03   2.062768e-02   0.000000e+00   0.000000e+00   0.000000e+00   1.733082e-01

# timestamp: 1774889318.9159749
 4.387635e-03   2.194849e-03   0.000000e+00   1.653880e-03   2.875368e-03   0.000000e+00   0.000000e+00   0.000000e+00   2.015852e-02
 2.194849e-03   2.892454e-03   0.000000e+00   9.404649e-04   2.408627e-03   0.000000e+00   0.000000e+00   0.000000e+00   1.290285e-02
 0.000000e+00   0.000000e+00   3.129075e-02   0.000000e+00   0.000000e+00   1.184413e-02  -1.683667e-01   4.719659e-03   0.000000e+00
 1.653880e-03   9.404649e-04   0.000000e+00   9.818021e-04   1.228591e-03   0.000000e+00   0.000000e+00   0.000000e+00   8.585065e-03
 2.875368e-03   2.408627e-03   0.000000e+00   1.228591e-03   3.103619e-03   0.000000e+00   0.000000e+00   0.000000e+00   1.757753e-02
 0.000000e+00   0.000000e+00   1.184413e-02   0.000000e+00   0.000000e+00   7.202080e-03  -5.428420e-02  -1.954212e-02   0.000000e+00
 0.000000e+00   0.000000e+00  -1.683667e-01   0.000000e+00   0.000000e+00  -5.428420e-02   1.017578e+00  -1.180586e-01   0.000000e+00
 0.000000e+00   0.000000e+00   4.719659e-03   0.000000e+00   0.000000e+00  -1.954212e-02  -1.180586e-01   2.440607e-01   0.000000e+00
 2.015852e-02   1.290285e-02   0.000000e+00   8.585065e-03   1.757753e-02   0.000000e+00   0.000000e+00   0.000000e+00   1.544378e-01

# timestamp: 1774889319.1654341
 4.393627e-03   1.949231e-03   0.000000e+00   1.759431e-03   2.729822e-03   0.000000e+00   0.000000e+00   0.000000e+00   1.862391e-02
 1.949231e-03   2.754389e-03   0.000000e+00   9.036367e-04   2.189885e-03   0.000000e+00   0.000000e+00   0.000000e+00   1.059005e-02
 0.000000e+00   0.000000e+00   3.517178e-02   0.000000e+00   0.000000e+00   1.394440e-02  -1.815672e-01   1.042100e-02   0.000000e+00
 1.759431e-03   9.036367e-04   0.000000e+00   1.078923e-03   1.269836e-03   0.000000e+00   0.000000e+00   0.000000e+00   8.843271e-03
 2.729822e-03   2.189885e-03   0.000000e+00   1.269836e-03   2.929389e-03   0.000000e+00   0.000000e+00   0.000000e+00   1.595621e-02
 0.000000e+00   0.000000e+00   1.394440e-02   0.000000e+00   0.000000e+00   8.209393e-03  -6.476089e-02  -1.626376e-02   0.000000e+00
 0.000000e+00   0.000000e+00  -1.815672e-01   0.000000e+00   0.000000e+00  -6.476089e-02   1.041607e+00  -1.254574e-01   0.000000e+00
 0.000000e+00   0.000000e+00   1.042100e-02   0.000000e+00   0.000000e+00  -1.626376e-02  -1.254574e-01   2.354255e-01   0.000000e+00
 1.862391e-02   1.059005e-02   0.000000e+00   8.843271e-03   1.595621e-02   0.000000e+00   0.000000e+00   0.000000e+00   1.458126e-01

# timestamp: 1774889319.2048059
 4.007539e-03   1.529648e-03   0.000000e+00   1.616579e-03   2.398306e-03   0.000000e+00   0.000000e+00   0.000000e+00   1.731865e-02
 1.529648e-03   2.239031e-03   0.000000e+00   7.183003e-04   1.751585e-03   0.000000e+00   0.000000e+00   0.000000e+00   8.259887e-03
 0.000000e+00   0.000000e+00   3.421792e-02   0.000000e+00   0.000000e+00   1.321791e-02  -1.809054e-01   1.498221e-02   0.000000e+00
 1.616579e-03   7.183003e-04   0.000000e+00   1.023884e-03   1.127899e-03   0.000000e+00   0.000000e+00   0.000000e+00   8.222011e-03
 2.398306e-03   1.751585e-03   0.000000e+00   1.127899e-03   2.569116e-03   0.000000e+00   0.000000e+00   0.000000e+00   1.404676e-02
 0.000000e+00   0.000000e+00   1.321791e-02   0.000000e+00   0.000000e+00   7.664984e-03  -6.443911e-02  -1.328068e-02   0.000000e+00
 0.000000e+00   0.000000e+00  -1.809054e-01   0.000000e+00   0.000000e+00  -6.443911e-02   1.040808e+00  -1.328560e-01   0.000000e+00
 0.000000e+00   0.000000e+00   1.498221e-02   0.000000e+00   0.000000e+00  -1.328068e-02  -1.328560e-01   2.249783e-01   0.000000e+00
 1.731865e-02   8.259887e-03   0.000000e+00   8.222011e-03   1.404676e-02   0.000000e+00   0.000000e+00   0.000000e+00   1.338902e-01

# timestamp: 1774889319.2262902
 4.129797e-03   1.620160e-03   0.000000e+00   1.675766e-03   2.481639e-03   0.000000e+00   0.000000e+00   0.000000e+00   1.755551e-02
 1.620160e-03   2.370176e-03   0.000000e+00   7.654165e-04   1.850500e-03   0.000000e+00   0.000000e+00   0.000000e+00   8.664566e-03
 0.000000e+00   0.000000e+00   3.501248e-02   0.000000e+00   0.000000e+00   1.370574e-02  -1.827580e-01   1.459906e-02   0.000000e+00
 1.675766e-03   7.654165e-04   0.000000e+00   1.055012e-03   1.176226e-03   0.000000e+00   0.000000e+00   0.000000e+00   8.452344e-03
 2.481639e-03   1.850500e-03   0.000000e+00   1.176226e-03   2.654578e-03   0.000000e+00   0.000000e+00   0.000000e+00   1.444068e-02
 0.000000e+00   0.000000e+00   1.370574e-02   0.000000e+00   0.000000e+00   7.966988e-03  -6.582197e-02  -1.371347e-02   0.000000e+00
 0.000000e+00   0.000000e+00  -1.827580e-01   0.000000e+00   0.000000e+00  -6.582197e-02   1.043664e+00  -1.328560e-01   0.000000e+00
 0.000000e+00   0.000000e+00   1.459906e-02   0.000000e+00   0.000000e+00  -1.371347e-02  -1.328560e-01   2.278339e-01   0.000000e+00
 1.755551e-02   8.664566e-03   0.000000e+00   8.452344e-03   1.444068e-02   0.000000e+00   0.000000e+00   0.000000e+00   1.367458e-01

# timestamp: 1774889319.251621
 4.194292e-03   1.668411e-03   0.000000e+00   1.706840e-03   2.525494e-03   0.000000e+00   0.000000e+00   0.000000e+00   1.768056e-02
 1.668411e-03   2.440154e-03   0.000000e+00   7.905748e-04   1.903021e-03   0.000000e+00   0.000000e+00   0.000000e+00   8.878211e-03
 0.000000e+00   0.000000e+00   3.543408e-02   0.000000e+00   0.000000e+00   1.396277e-02  -1.837310e-01   1.439606e-02   0.000000e+00
 1.706840e-03   7.905748e-04   0.000000e+00   1.071389e-03   1.201701e-03   0.000000e+00   0.000000e+00   0.000000e+00   8.573013e-03
 2.525494e-03   1.903021e-03   0.000000e+00   1.201701e-03   2.699597e-03   0.000000e+00   0.000000e+00   0.000000e+00   1.464705e-02
 0.000000e+00   0.000000e+00   1.396277e-02   0.000000e+00   0.000000e+00   8.125721e-03  -6.653762e-02  -1.393990e-02   0.000000e+00
 0.000000e+00   0.000000e+00  -1.837310e-01   0.000000e+00   0.000000e+00  -6.653762e-02   1.045138e+00  -1.328560e-01   0.000000e+00
 0.000000e+00   0.000000e+00   1.439606e-02   0.000000e+00   0.000000e+00  -1.393990e-02  -1.328560e-01   2.293081e-01   0.000000e+00
 1.768056e-02   8.878211e-03   0.000000e+00   8.573013e-03   1.464705e-02   0.000000e+00   0.000000e+00   0.000000e+00   1.382200e-01

# timestamp: 1774889319.4483857
 4.181455e-03   1.438762e-03   0.000000e+00   1.715976e-03   2.453691e-03   0.000000e+00   0.000000e+00   0.000000e+00   1.722923e-02
 1.438762e-03   2.228174e-03   0.000000e+00   6.910326e-04   1.688743e-03   0.000000e+00   0.000000e+00   0.000000e+00   7.322982e-03
 0.000000e+00   0.000000e+00   3.692905e-02   0.000000e+00   0.000000e+00   1.406329e-02  -1.884315e-01   2.031726e-02   0.000000e+00
 1.715976e-03   6.910326e-04   0.000000e+00   1.082963e-03   1.183628e-03   0.000000e+00   0.000000e+00   0.000000e+00   8.395880e-03
 2.453691e-03   1.688743e-03   0.000000e+00   1.183628e-03   2.598832e-03   0.000000e+00   0.000000e+00   0.000000e+00   1.400427e-02
 0.000000e+00   0.000000e+00   1.406329e-02   0.000000e+00   0.000000e+00   8.144221e-03  -6.685747e-02  -1.249234e-02   0.000000e+00
 0.000000e+00   0.000000e+00  -1.884315e-01   0.000000e+00   0.000000e+00  -6.685747e-02   1.046998e+00  -1.498634e-01   0.000000e+00
 0.000000e+00   0.000000e+00   2.031726e-02   0.000000e+00   0.000000e+00  -1.249234e-02  -1.498634e-01   2.330337e-01   0.000000e+00
 1.722923e-02   7.322982e-03   0.000000e+00   8.395880e-03   1.400427e-02   0.000000e+00   0.000000e+00   0.000000e+00   1.348047e-01

# timestamp: 1774889319.4684062
 4.278605e-03   1.508139e-03   0.000000e+00   1.749738e-03   2.523631e-03   0.000000e+00   0.000000e+00   0.000000e+00   1.741259e-02
 1.508139e-03   2.324989e-03   0.000000e+00   7.213891e-04   1.764942e-03   0.000000e+00   0.000000e+00   0.000000e+00   7.630359e-03
 0.000000e+00   0.000000e+00   3.756790e-02   0.000000e+00   0.000000e+00   1.430070e-02  -1.898887e-01   2.004163e-02   0.000000e+00
 1.749738e-03   7.213891e-04   0.000000e+00   1.094942e-03   1.213235e-03   0.000000e+00   0.000000e+00   0.000000e+00   8.475052e-03
 2.523631e-03   1.764942e-03   0.000000e+00   1.213235e-03   2.672838e-03   0.000000e+00   0.000000e+00   0.000000e+00   1.434946e-02
 0.000000e+00   0.000000e+00   1.430070e-02   0.000000e+00   0.000000e+00   8.288803e-03  -6.708700e-02  -1.299931e-02   0.000000e+00
 0.000000e+00   0.000000e+00  -1.898887e-01   0.000000e+00   0.000000e+00  -6.708700e-02   1.049175e+00  -1.498634e-01   0.000000e+00
 0.000000e+00   0.000000e+00   2.004163e-02   0.000000e+00   0.000000e+00  -1.299931e-02  -1.498634e-01   2.352108e-01   0.000000e+00
 1.741259e-02   7.630359e-03   0.000000e+00   8.475052e-03   1.434946e-02   0.000000e+00   0.000000e+00   0.000000e+00   1.369818e-01

# timestamp: 1774889319.4887648
 4.027252e-03   1.263868e-03   0.000000e+00   1.651669e-03   2.363922e-03   0.000000e+00   0.000000e+00   0.000000e+00   1.734054e-02
 1.263868e-03   1.953103e-03   0.000000e+00   6.061091e-04   1.494732e-03   0.000000e+00   0.000000e+00   0.000000e+00   6.612047e-03
 0.000000e+00   0.000000e+00   3.516295e-02   0.000000e+00   0.000000e+00   1.296538e-02  -1.833580e-01   2.160684e-02   0.000000e+00
 1.651669e-03   6.061091e-04   0.000000e+00   1.051409e-03   1.132895e-03   0.000000e+00   0.000000e+00   0.000000e+00   8.249202e-03
 2.363922e-03   1.494732e-03   0.000000e+00   1.132895e-03   2.489199e-03   0.000000e+00   0.000000e+00   0.000000e+00   1.367896e-02
 0.000000e+00   0.000000e+00   1.296538e-02   0.000000e+00   0.000000e+00   7.627461e-03  -6.308828e-02  -1.255823e-02   0.000000e+00
 0.000000e+00   0.000000e+00  -1.833580e-01   0.000000e+00   0.000000e+00  -6.308828e-02   1.030681e+00  -1.545600e-01   0.000000e+00
 0.000000e+00   0.000000e+00   2.160684e-02   0.000000e+00   0.000000e+00  -1.255823e-02  -1.545600e-01   2.357598e-01   0.000000e+00
 1.734054e-02   6.612047e-03   0.000000e+00   8.249202e-03   1.367896e-02   0.000000e+00   0.000000e+00   0.000000e+00   1.320251e-01

# timestamp: 1774889319.5128727
 4.162663e-03   1.358458e-03   0.000000e+00   1.682342e-03   2.469964e-03   0.000000e+00   0.000000e+00   0.000000e+00   1.759806e-02
 1.358458e-03   2.080729e-03   0.000000e+00   6.409425e-04   1.601402e-03   0.000000e+00   0.000000e+00   0.000000e+00   7.044782e-03
 0.000000e+00   0.000000e+00   3.600946e-02   0.000000e+00   0.000000e+00   1.309555e-02  -1.853211e-01   2.120470e-02   0.000000e+00
 1.682342e-03   6.409425e-04   0.000000e+00   1.052447e-03   1.164223e-03   0.000000e+00   0.000000e+00   0.000000e+00   8.232231e-03
 2.469964e-03   1.601402e-03   0.000000e+00   1.164223e-03   2.604343e-03   0.000000e+00   0.000000e+00   0.000000e+00   1.421762e-02
 0.000000e+00   0.000000e+00   1.309555e-02   0.000000e+00   0.000000e+00   7.719488e-03  -6.233693e-02  -1.353303e-02   0.000000e+00
 0.000000e+00   0.000000e+00  -1.853211e-01   0.000000e+00   0.000000e+00  -6.233693e-02   1.033805e+00  -1.545600e-01   0.000000e+00
 0.000000e+00   0.000000e+00   2.120470e-02   0.000000e+00   0.000000e+00  -1.353303e-02  -1.545600e-01   2.388836e-01   0.000000e+00
 1.759806e-02   7.044782e-03   0.000000e+00   8.232231e-03   1.421762e-02   0.000000e+00   0.000000e+00   0.000000e+00   1.351489e-01

# timestamp: 1774889319.530881
 4.216967e-03   1.397317e-03   0.000000e+00   1.694520e-03   2.512634e-03   0.000000e+00   0.000000e+00   0.000000e+00   1.770017e-02
 1.397317e-03   2.133341e-03   0.000000e+00   6.550636e-04   1.645310e-03   0.000000e+00   0.000000e+00   0.000000e+00   7.221835e-03
 0.000000e+00   0.000000e+00   3.634771e-02   0.000000e+00   0.000000e+00   1.314848e-02  -1.860936e-01   2.103560e-02   0.000000e+00
 1.694520e-03   6.550636e-04   0.000000e+00   1.052861e-03   1.176627e-03   0.000000e+00   0.000000e+00   0.000000e+00   8.225394e-03
 2.512634e-03   1.645310e-03   0.000000e+00   1.176627e-03   2.651279e-03   0.000000e+00   0.000000e+00   0.000000e+00   1.443465e-02
 0.000000e+00   0.000000e+00   1.314848e-02   0.000000e+00   0.000000e+00   7.758267e-03  -6.203845e-02  -1.392326e-02   0.000000e+00
 0.000000e+00   0.000000e+00  -1.860936e-01   0.000000e+00   0.000000e+00  -6.203845e-02   1.035046e+00  -1.545600e-01   0.000000e+00
 0.000000e+00   0.000000e+00   2.103560e-02   0.000000e+00   0.000000e+00  -1.392326e-02  -1.545600e-01   2.401242e-01   0.000000e+00
 1.770017e-02   7.221835e-03   0.000000e+00   8.225394e-03   1.443465e-02   0.000000e+00   0.000000e+00   0.000000e+00   1.363895e-01

# timestamp: 1774889319.545125
 4.276222e-03   1.440266e-03   0.000000e+00   1.707731e-03   2.559283e-03   0.000000e+00   0.000000e+00   0.000000e+00   1.781085e-02
 1.440266e-03   2.191654e-03   0.000000e+00   6.705429e-04   1.693923e-03   0.000000e+00   0.000000e+00   0.000000e+00   7.416903e-03
 0.000000e+00   0.000000e+00   3.671619e-02   0.000000e+00   0.000000e+00   1.320673e-02  -1.869274e-01   2.084678e-02   0.000000e+00
 1.707731e-03   6.705429e-04   0.000000e+00   1.053311e-03   1.190059e-03   0.000000e+00   0.000000e+00   0.000000e+00   8.217904e-03
 2.559283e-03   1.693923e-03   0.000000e+00   1.190059e-03   2.702985e-03   0.000000e+00   0.000000e+00   0.000000e+00   1.467237e-02
 0.000000e+00   0.000000e+00   1.320673e-02   0.000000e+00   0.000000e+00   7.801782e-03  -6.171455e-02  -1.434889e-02   0.000000e+00
 0.000000e+00   0.000000e+00  -1.869274e-01   0.000000e+00   0.000000e+00  -6.171455e-02   1.036392e+00  -1.545600e-01   0.000000e+00
 0.000000e+00   0.000000e+00   2.084678e-02   0.000000e+00   0.000000e+00  -1.434889e-02  -1.545600e-01   2.414701e-01   0.000000e+00
 1.781085e-02   7.416903e-03   0.000000e+00   8.217904e-03   1.467237e-02   0.000000e+00   0.000000e+00   0.000000e+00   1.377353e-01

# timestamp: 1774889319.750157
 4.655729e-03   1.757494e-03   0.000000e+00   1.617349e-03   3.075775e-03   0.000000e+00   0.000000e+00   0.000000e+00   2.004579e-02
 1.757494e-03   2.398202e-03   0.000000e+00   6.921320e-04   2.053701e-03   0.000000e+00   0.000000e+00   0.000000e+00   9.648292e-03
 0.000000e+00   0.000000e+00   3.353116e-02   0.000000e+00   0.000000e+00   9.985116e-03  -1.712453e-01   1.421230e-02   0.000000e+00
 1.617349e-03   6.921320e-04   0.000000e+00   9.138781e-04   1.193570e-03   0.000000e+00   0.000000e+00   0.000000e+00   7.355130e-03
 3.075775e-03   2.053701e-03   0.000000e+00   1.193570e-03   3.317412e-03   0.000000e+00   0.000000e+00   0.000000e+00   1.802415e-02
 0.000000e+00   0.000000e+00   9.985116e-03   0.000000e+00   0.000000e+00   7.047424e-03  -4.115223e-02  -2.338374e-02   0.000000e+00
 0.000000e+00   0.000000e+00  -1.712453e-01   0.000000e+00   0.000000e+00  -4.115223e-02   9.716765e-01  -1.453127e-01   0.000000e+00
 0.000000e+00   0.000000e+00   1.421230e-02   0.000000e+00   0.000000e+00  -2.338374e-02  -1.453127e-01   2.609881e-01   0.000000e+00
 2.004579e-02   9.648292e-03   0.000000e+00   7.355130e-03   1.802415e-02   0.000000e+00   0.000000e+00   0.000000e+00   1.521105e-01

# timestamp: 1774889319.7676108
 4.712275e-03   1.808053e-03   0.000000e+00   1.616417e-03   3.128905e-03   0.000000e+00   0.000000e+00   0.000000e+00   2.014354e-02
 1.808053e-03   2.467020e-03   0.000000e+00   7.016536e-04   2.116351e-03   0.000000e+00   0.000000e+00   0.000000e+00   9.889579e-03
 0.000000e+00   0.000000e+00   3.381114e-02   0.000000e+00   0.000000e+00   9.941596e-03  -1.717911e-01   1.389856e-02   0.000000e+00
 1.616417e-03   7.016536e-04   0.000000e+00   9.056978e-04   1.195251e-03   0.000000e+00   0.000000e+00   0.000000e+00   7.255430e-03
 3.128905e-03   2.116351e-03   0.000000e+00   1.195251e-03   3.385934e-03   0.000000e+00   0.000000e+00   0.000000e+00   1.830730e-02
 0.000000e+00   0.000000e+00   9.941596e-03   0.000000e+00   0.000000e+00   7.083312e-03  -4.025014e-02  -2.396288e-02   0.000000e+00
 0.000000e+00   0.000000e+00  -1.717911e-01   0.000000e+00   0.000000e+00  -4.025014e-02   9.730100e-01  -1.453127e-01   0.000000e+00
 0.000000e+00   0.000000e+00   1.389856e-02   0.000000e+00   0.000000e+00  -2.396288e-02  -1.453127e-01   2.623216e-01   0.000000e+00
 2.014354e-02   9.889579e-03   0.000000e+00   7.255430e-03   1.830730e-02   0.000000e+00   0.000000e+00   0.000000e+00   1.534440e-01

# timestamp: 1774889319.8083518
 4.656191e-03   1.835007e-03   0.000000e+00   1.520737e-03   3.213264e-03   0.000000e+00   0.000000e+00   0.000000e+00   2.089140e-02
 1.835007e-03   2.371362e-03   0.000000e+00   6.677032e-04   2.141082e-03   0.000000e+00   0.000000e+00   0.000000e+00   1.053008e-02
 0.000000e+00   0.000000e+00   3.033065e-02   0.000000e+00   0.000000e+00   8.432129e-03  -1.581608e-01   9.783228e-03   0.000000e+00
 1.520737e-03   6.677032e-04   0.000000e+00   8.451171e-04   1.151197e-03   0.000000e+00   0.000000e+00   0.000000e+00   6.957219e-03
 3.213264e-03   2.141082e-03   0.000000e+00   1.151197e-03   3.510910e-03   0.000000e+00   0.000000e+00   0.000000e+00   1.919595e-02
 0.000000e+00   0.000000e+00   8.432129e-03   0.000000e+00   0.000000e+00   6.821057e-03  -3.224665e-02  -2.688530e-02   0.000000e+00
 0.000000e+00   0.000000e+00  -1.581608e-01   0.000000e+00   0.000000e+00  -3.224665e-02   9.239594e-01  -1.348895e-01   0.000000e+00
 0.000000e+00   0.000000e+00   9.783228e-03   0.000000e+00   0.000000e+00  -2.688530e-02  -1.348895e-01   2.648207e-01   0.000000e+00
 2.089140e-02   1.053008e-02   0.000000e+00   6.957219e-03   1.919595e-02   0.000000e+00   0.000000e+00   0.000000e+00   1.563717e-01

# timestamp: 1774889319.8227663
 4.706735e-03   1.883781e-03   0.000000e+00   1.515030e-03   3.263914e-03   0.000000e+00   0.000000e+00   0.000000e+00   2.097798e-02
 1.883781e-03   2.438046e-03   0.000000e+00   6.737780e-04   2.203721e-03   0.000000e+00   0.000000e+00   0.000000e+00   1.077085e-02
 0.000000e+00   0.000000e+00   3.055413e-02   0.000000e+00   0.000000e+00   8.378174e-03  -1.585609e-01   9.445445e-03   0.000000e+00
 1.515030e-03   6.737780e-04   0.000000e+00   8.356730e-04   1.148144e-03   0.000000e+00   0.000000e+00   0.000000e+00   6.835250e-03
 3.263914e-03   2.203721e-03   0.000000e+00   1.148144e-03   3.579079e-03   0.000000e+00   0.000000e+00   0.000000e+00   1.946822e-02
 0.000000e+00   0.000000e+00   8.378174e-03   0.000000e+00   0.000000e+00   6.867081e-03  -3.129607e-02  -2.744985e-02   0.000000e+00
 0.000000e+00   0.000000e+00  -1.585609e-01   0.000000e+00   0.000000e+00  -3.129607e-02   9.252093e-01  -1.348895e-01   0.000000e+00
 0.000000e+00   0.000000e+00   9.445445e-03   0.000000e+00   0.000000e+00  -2.744985e-02  -1.348895e-01   2.660706e-01   0.000000e+00
 2.097798e-02   1.077085e-02   0.000000e+00   6.835250e-03   1.946822e-02   0.000000e+00   0.000000e+00   0.000000e+00   1.576215e-01

# timestamp: 1774889320.0321393
 4.946067e-03   2.442450e-03   0.000000e+00   1.170458e-03   3.877226e-03   0.000000e+00   0.000000e+00   0.000000e+00   2.296509e-02
 2.442450e-03   3.018760e-03   0.000000e+00   5.881196e-04   2.983264e-03   0.000000e+00   0.000000e+00   0.000000e+00   1.482936e-02
 0.000000e+00   0.000000e+00   2.625278e-02   0.000000e+00   0.000000e+00   5.542961e-03  -1.374725e-01  -1.189699e-03   0.000000e+00
 1.170458e-03   5.881196e-04   0.000000e+00   6.308356e-04   9.121698e-04   0.000000e+00   0.000000e+00   0.000000e+00   4.621989e-03
 3.877226e-03   2.983264e-03   0.000000e+00   9.121698e-04   4.570443e-03   0.000000e+00   0.000000e+00   0.000000e+00   2.402852e-02
 0.000000e+00   0.000000e+00   5.542961e-03   0.000000e+00   0.000000e+00   7.625172e-03  -7.740697e-03  -3.817005e-02   0.000000e+00
 0.000000e+00   0.000000e+00  -1.374725e-01   0.000000e+00   0.000000e+00  -7.740697e-03   8.599012e-01  -1.215777e-01   0.000000e+00
 0.000000e+00   0.000000e+00  -1.189699e-03   0.000000e+00   0.000000e+00  -3.817005e-02  -1.215777e-01   2.846250e-01   0.000000e+00
 2.296509e-02   1.482936e-02   0.000000e+00   4.621989e-03   2.402852e-02   0.000000e+00   0.000000e+00   0.000000e+00   1.756295e-01

# timestamp: 1774889320.0485284
 4.991983e-03   2.504151e-03   0.000000e+00   1.153935e-03   3.932665e-03   0.000000e+00   0.000000e+00   0.000000e+00   2.302803e-02
 2.504151e-03   3.115669e-03   0.000000e+00   5.841086e-04   3.074609e-03   0.000000e+00   0.000000e+00   0.000000e+00   1.516109e-02
 0.000000e+00   0.000000e+00   2.641952e-02   0.000000e+00   0.000000e+00   5.500760e-03  -1.375750e-01  -1.717133e-03   0.000000e+00
 1.153935e-03   5.841086e-04   0.000000e+00   6.223073e-04   8.941411e-04   0.000000e+00   0.000000e+00   0.000000e+00   4.428664e-03
 3.932665e-03   3.074609e-03   0.000000e+00   8.941411e-04   4.662122e-03   0.000000e+00   0.000000e+00   0.000000e+00   2.435823e-02
 0.000000e+00   0.000000e+00   5.500760e-03   0.000000e+00   0.000000e+00   7.754602e-03  -6.571681e-03  -3.883622e-02   0.000000e+00
 0.000000e+00   0.000000e+00  -1.375750e-01   0.000000e+00   0.000000e+00  -6.571681e-03   8.612771e-01  -1.215777e-01   0.000000e+00
 0.000000e+00   0.000000e+00  -1.717133e-03   0.000000e+00   0.000000e+00  -3.883622e-02  -1.215777e-01   2.860009e-01   0.000000e+00
 2.302803e-02   1.516109e-02   0.000000e+00   4.428664e-03   2.435823e-02   0.000000e+00   0.000000e+00   0.000000e+00   1.770054e-01

# timestamp: 1774889320.0652204
 5.052493e-03   2.587341e-03   0.000000e+00   1.131666e-03   4.006306e-03   0.000000e+00   0.000000e+00   0.000000e+00   2.310802e-02
 2.587341e-03   3.248533e-03   0.000000e+00   5.777945e-04   3.199085e-03   0.000000e+00   0.000000e+00   0.000000e+00   1.560922e-02
 0.000000e+00   0.000000e+00   2.664027e-02   0.000000e+00   0.000000e+00   5.448660e-03  -1.376886e-01  -2.432430e-03   0.000000e+00
 1.131666e-03   5.777945e-04   0.000000e+00   6.116131e-04   8.690123e-04   0.000000e+00   0.000000e+00   0.000000e+00   4.168751e-03
 4.006306e-03   3.199085e-03   0.000000e+00   8.690123e-04   4.786101e-03   0.000000e+00   0.000000e+00   0.000000e+00   2.480151e-02
 0.000000e+00   0.000000e+00   5.448660e-03   0.000000e+00   0.000000e+00   7.934764e-03  -5.012761e-03  -3.972745e-02   0.000000e+00
 0.000000e+00   0.000000e+00  -1.376886e-01   0.000000e+00   0.000000e+00  -5.012761e-03   8.631089e-01  -1.215777e-01   0.000000e+00
 0.000000e+00   0.000000e+00  -2.432430e-03   0.000000e+00   0.000000e+00  -3.972745e-02  -1.215777e-01   2.878327e-01   0.000000e+00
 2.310802e-02   1.560922e-02   0.000000e+00   4.168751e-03   2.480151e-02   0.000000e+00   0.000000e+00   0.000000e+00   1.788372e-01

# timestamp: 1774889320.1087792
 4.938661e-03   2.649569e-03   0.000000e+00   9.655398e-04   4.085440e-03   0.000000e+00   0.000000e+00   0.000000e+00   2.363566e-02
 2.649569e-03   3.264211e-03   0.000000e+00   4.900146e-04   3.328795e-03   0.000000e+00   0.000000e+00   0.000000e+00   1.662488e-02
 0.000000e+00   0.000000e+00   2.438710e-02   0.000000e+00   0.000000e+00   4.498167e-03  -1.290019e-01  -5.150437e-03   0.000000e+00
 9.655398e-04   4.900146e-04   0.000000e+00   5.537629e-04   7.368084e-04   0.000000e+00   0.000000e+00   0.000000e+00   3.424216e-03
 4.085440e-03   3.328795e-03   0.000000e+00   7.368084e-04   5.000520e-03   0.000000e+00   0.000000e+00   0.000000e+00   2.595887e-02
 0.000000e+00   0.000000e+00   4.498167e-03   0.000000e+00   0.000000e+00   8.311015e-03   2.282129e-03  -4.256710e-02   0.000000e+00
 0.000000e+00   0.000000e+00  -1.290019e-01   0.000000e+00   0.000000e+00   2.282129e-03   8.412616e-01  -1.199071e-01   0.000000e+00
 0.000000e+00   0.000000e+00  -5.150437e-03   0.000000e+00   0.000000e+00  -4.256710e-02  -1.199071e-01   2.930745e-01   0.000000e+00
 2.363566e-02   1.662488e-02   0.000000e+00   3.424216e-03   2.595887e-02   0.000000e+00   0.000000e+00   0.000000e+00   1.827490e-01

# timestamp: 1774889320.1349063
 5.000384e-03   2.747083e-03   0.000000e+00   9.326159e-04   4.169420e-03   0.000000e+00   0.000000e+00   0.000000e+00   2.370580e-02
 2.747083e-03   3.429374e-03   0.000000e+00   4.733438e-04   3.485074e-03   0.000000e+00   0.000000e+00   0.000000e+00   1.717852e-02
 0.000000e+00   0.000000e+00   2.459947e-02   0.000000e+00   0.000000e+00   4.449908e-03  -1.289402e-01  -6.059714e-03   0.000000e+00
 9.326159e-04   4.733438e-04   0.000000e+00   5.436371e-04   6.968462e-04   0.000000e+00   0.000000e+00   0.000000e+00   3.077399e-03
 4.169420e-03   3.485074e-03   0.000000e+00   6.968462e-04   5.154664e-03   0.000000e+00   0.000000e+00   0.000000e+00   2.649268e-02
 0.000000e+00   0.000000e+00   4.449908e-03   0.000000e+00   0.000000e+00   8.575254e-03   4.216541e-03  -4.364649e-02   0.000000e+00
 0.000000e+00   0.000000e+00  -1.289402e-01   0.000000e+00   0.000000e+00   4.216541e-03   8.433801e-01  -1.199071e-01   0.000000e+00
 0.000000e+00   0.000000e+00  -6.059714e-03   0.000000e+00   0.000000e+00  -4.364649e-02  -1.199071e-01   2.951930e-01   0.000000e+00
 2.370580e-02   1.717852e-02   0.000000e+00   3.077399e-03   2.649268e-02   0.000000e+00   0.000000e+00   0.000000e+00   1.848675e-01

# timestamp: 1774889320.3178833
 4.840763e-03   3.094272e-03   0.000000e+00   4.898737e-04   4.468326e-03   0.000000e+00   0.000000e+00   0.000000e+00   2.425545e-02
 3.094272e-03   4.027624e-03   0.000000e+00   1.707640e-04   4.247020e-03   0.000000e+00   0.000000e+00   0.000000e+00   2.064824e-02
 0.000000e+00   0.000000e+00   2.217711e-02   0.000000e+00   0.000000e+00   2.886421e-03  -1.182546e-01  -1.195710e-02   0.000000e+00
 4.898737e-04   1.707640e-04   0.000000e+00   4.605087e-04   2.289655e-04   0.000000e+00   0.000000e+00   0.000000e+00   3.601133e-04
 4.468326e-03   4.247020e-03   0.000000e+00   2.289655e-04   6.045841e-03   0.000000e+00   0.000000e+00   0.000000e+00   3.006160e-02
 0.000000e+00   0.000000e+00   2.886421e-03   0.000000e+00   0.000000e+00   1.067573e-02   2.334076e-02  -5.171606e-02   0.000000e+00
 0.000000e+00   0.000000e+00  -1.182546e-01   0.000000e+00   0.000000e+00   2.334076e-02   8.434509e-01  -1.245574e-01   0.000000e+00
 0.000000e+00   0.000000e+00  -1.195710e-02   0.000000e+00   0.000000e+00  -5.171606e-02  -1.245574e-01   3.103797e-01   0.000000e+00
 2.425545e-02   2.064824e-02   0.000000e+00   3.601133e-04   3.006160e-02   0.000000e+00   0.000000e+00   0.000000e+00   1.965286e-01

# timestamp: 1774889320.3452024
 4.893843e-03   3.220740e-03   0.000000e+00   4.553801e-04   4.563820e-03   0.000000e+00   0.000000e+00   0.000000e+00   2.426134e-02
 3.220740e-03   4.291156e-03   0.000000e+00   1.353736e-04   4.491691e-03   0.000000e+00   0.000000e+00   0.000000e+00   2.147091e-02
 0.000000e+00   0.000000e+00   2.236504e-02   0.000000e+00   0.000000e+00   3.000002e-03  -1.176004e-01  -1.337374e-02   0.000000e+00
 4.553801e-04   1.353736e-04   0.000000e+00   4.625679e-04   1.706159e-04   0.000000e+00   0.000000e+00   0.000000e+00  -2.408198e-05
 4.563820e-03   4.491691e-03   0.000000e+00   1.706159e-04   6.273987e-03   0.000000e+00   0.000000e+00   0.000000e+00   3.079592e-02
 0.000000e+00   0.000000e+00   3.000002e-03   0.000000e+00   0.000000e+00   1.116131e-02   2.544018e-02  -5.311354e-02   0.000000e+00
 0.000000e+00   0.000000e+00  -1.176004e-01   0.000000e+00   0.000000e+00   2.544018e-02   8.461629e-01  -1.245574e-01   0.000000e+00
 0.000000e+00   0.000000e+00  -1.337374e-02   0.000000e+00   0.000000e+00  -5.311354e-02  -1.245574e-01   3.130917e-01   0.000000e+00
 2.426134e-02   2.147091e-02   0.000000e+00  -2.408198e-05   3.079592e-02   0.000000e+00   0.000000e+00   0.000000e+00   1.992406e-01

# timestamp: 1774889320.3639112
 4.937598e-03   3.329601e-03   0.000000e+00   4.260766e-04   4.643865e-03   0.000000e+00   0.000000e+00   0.000000e+00   2.425832e-02
 3.329601e-03   4.525991e-03   0.000000e+00   1.027118e-04   4.707229e-03   0.000000e+00   0.000000e+00   0.000000e+00   2.218649e-02
 0.000000e+00   0.000000e+00   2.253037e-02   0.000000e+00   0.000000e+00   3.112293e-03  -1.169998e-01  -1.460869e-02   0.000000e+00
 4.260766e-04   1.027118e-04   0.000000e+00   4.655010e-04   1.186956e-04   0.000000e+00   0.000000e+00   0.000000e+00  -3.553310e-04
 4.643865e-03   4.707229e-03   0.000000e+00   1.186956e-04   6.472486e-03   0.000000e+00   0.000000e+00   0.000000e+00   3.142904e-02
 0.000000e+00   0.000000e+00   3.112293e-03   0.000000e+00   0.000000e+00   1.158921e-02   2.723134e-02  -5.431111e-02   0.000000e+00
 0.000000e+00   0.000000e+00  -1.169998e-01   0.000000e+00   0.000000e+00   2.723134e-02   8.484712e-01  -1.245574e-01   0.000000e+00
 0.000000e+00   0.000000e+00  -1.460869e-02   0.000000e+00   0.000000e+00  -5.431111e-02  -1.245574e-01   3.154000e-01   0.000000e+00
 2.425832e-02   2.218649e-02   0.000000e+00  -3.553310e-04   3.142904e-02   0.000000e+00   0.000000e+00   0.000000e+00   2.015489e-01

# timestamp: 1774889320.3898497
 4.615775e-03   3.018847e-03   0.000000e+00   3.310749e-04   4.376995e-03   0.000000e+00   0.000000e+00   0.000000e+00   2.373228e-02
 3.018847e-03   3.980512e-03   0.000000e+00   4.425994e-05   4.258268e-03   0.000000e+00   0.000000e+00   0.000000e+00   2.066296e-02
 0.000000e+00   0.000000e+00   2.155755e-02   0.000000e+00   0.000000e+00   2.161644e-03  -1.174013e-01  -1.225597e-02   0.000000e+00
 3.310749e-04   4.425994e-05   0.000000e+00   4.486268e-04   4.909679e-05   0.000000e+00   0.000000e+00   0.000000e+00  -4.976590e-04
 4.376995e-03   4.258268e-03   0.000000e+00   4.909679e-05   6.104050e-03   0.000000e+00   0.000000e+00   0.000000e+00   3.009989e-02
 0.000000e+00   0.000000e+00   2.161644e-03   0.000000e+00   0.000000e+00   1.101723e-02   2.804950e-02  -5.211229e-02   0.000000e+00
 0.000000e+00   0.000000e+00  -1.174013e-01   0.000000e+00   0.000000e+00   2.804950e-02   8.498314e-01  -1.212468e-01   0.000000e+00
 0.000000e+00   0.000000e+00  -1.225597e-02   0.000000e+00   0.000000e+00  -5.211229e-02  -1.212468e-01   3.062620e-01   0.000000e+00
 2.373228e-02   2.066296e-02   0.000000e+00  -4.976590e-04   3.009989e-02   0.000000e+00   0.000000e+00   0.000000e+00   1.940809e-01

# timestamp: 1774889320.4085064
 4.639315e-03   3.081759e-03   0.000000e+00   3.133272e-04   4.424149e-03   0.000000e+00   0.000000e+00   0.000000e+00   2.372453e-02
 3.081759e-03   4.117238e-03   0.000000e+00   2.349391e-05   4.386606e-03   0.000000e+00   0.000000e+00   0.000000e+00   2.109193e-02
 0.000000e+00   0.000000e+00   2.163476e-02   0.000000e+00   0.000000e+00   2.225108e-03  -1.169990e-01  -1.299887e-02   0.000000e+00
 3.133272e-04   2.349391e-05   0.000000e+00   4.512621e-04   1.710518e-05   0.000000e+00   0.000000e+00   0.000000e+00  -6.962251e-04
 4.424149e-03   4.386606e-03   0.000000e+00   1.710518e-05   6.224368e-03   0.000000e+00   0.000000e+00   0.000000e+00   3.048290e-02
 0.000000e+00   0.000000e+00   2.225108e-03   0.000000e+00   0.000000e+00   1.128283e-02   2.915322e-02  -5.283883e-02   0.000000e+00
 0.000000e+00   0.000000e+00  -1.169990e-01   0.000000e+00   0.000000e+00   2.915322e-02   8.512522e-01  -1.212468e-01   0.000000e+00
 0.000000e+00   0.000000e+00  -1.299887e-02   0.000000e+00   0.000000e+00  -5.283883e-02  -1.212468e-01   3.076828e-01   0.000000e+00
 2.372453e-02   2.109193e-02   0.000000e+00  -6.962251e-04   3.048290e-02   0.000000e+00   0.000000e+00   0.000000e+00   1.955017e-01

# timestamp: 1774889320.611716
 4.127775e-03   2.902790e-03   0.000000e+00   4.552946e-05   4.113712e-03   0.000000e+00   0.000000e+00   0.000000e+00   2.113294e-02
 2.902790e-03   4.260817e-03   0.000000e+00  -2.489206e-04   4.531317e-03   0.000000e+00   0.000000e+00   0.000000e+00   2.062038e-02
 0.000000e+00   0.000000e+00   2.126747e-02   0.000000e+00   0.000000e+00   1.522582e-03  -1.155018e-01  -1.642684e-02   0.000000e+00
 4.552946e-05  -2.489206e-04   0.000000e+00   4.762612e-04  -3.718992e-04   0.000000e+00   0.000000e+00   0.000000e+00  -2.474002e-03
 4.113712e-03   4.531317e-03   0.000000e+00  -3.718992e-04   6.353093e-03   0.000000e+00   0.000000e+00   0.000000e+00   2.958260e-02
 0.000000e+00   0.000000e+00   1.522582e-03   0.000000e+00   0.000000e+00   1.194292e-02   3.465175e-02  -5.108181e-02   0.000000e+00
 0.000000e+00   0.000000e+00  -1.155018e-01   0.000000e+00   0.000000e+00   3.465175e-02   8.475843e-01  -8.958903e-02   0.000000e+00
 0.000000e+00   0.000000e+00  -1.642684e-02   0.000000e+00   0.000000e+00  -5.108181e-02  -8.958903e-02   2.854620e-01   0.000000e+00
 2.113294e-02   2.062038e-02   0.000000e+00  -2.474002e-03   2.958260e-02   0.000000e+00   0.000000e+00   0.000000e+00   1.841095e-01

# timestamp: 1774889320.6328673
 4.142967e-03   2.956686e-03   0.000000e+00   3.578712e-05   4.149866e-03   0.000000e+00   0.000000e+00   0.000000e+00   2.109795e-02
 2.956686e-03   4.402628e-03   0.000000e+00  -2.704762e-04   4.661398e-03   0.000000e+00   0.000000e+00   0.000000e+00   2.103406e-02
 0.000000e+00   0.000000e+00   2.132581e-02   0.000000e+00   0.000000e+00   1.633765e-03  -1.150158e-01  -1.714118e-02   0.000000e+00
 3.578712e-05  -2.704762e-04   0.000000e+00   4.816143e-04  -4.000388e-04   0.000000e+00   0.000000e+00   0.000000e+00  -2.617965e-03
 4.149866e-03   4.661398e-03   0.000000e+00  -4.000388e-04   6.471348e-03   0.000000e+00   0.000000e+00   0.000000e+00   2.994610e-02
 0.000000e+00   0.000000e+00   1.633765e-03   0.000000e+00   0.000000e+00   1.220065e-02   3.548744e-02  -5.171393e-02   0.000000e+00
 0.000000e+00   0.000000e+00  -1.150158e-01   0.000000e+00   0.000000e+00   3.548744e-02   8.489785e-01  -8.958903e-02   0.000000e+00
 0.000000e+00   0.000000e+00  -1.714118e-02   0.000000e+00   0.000000e+00  -5.171393e-02  -8.958903e-02   2.868562e-01   0.000000e+00
 2.109795e-02   2.103406e-02   0.000000e+00  -2.617965e-03   2.994610e-02   0.000000e+00   0.000000e+00   0.000000e+00   1.855037e-01

# timestamp: 1774889320.653104
 4.170177e-03   3.055912e-03   0.000000e+00   1.820337e-05   4.214956e-03   0.000000e+00   0.000000e+00   0.000000e+00   2.102890e-02
 3.055912e-03   4.671891e-03   0.000000e+00  -3.118443e-04   4.906119e-03   0.000000e+00   0.000000e+00   0.000000e+00   2.180469e-02
 0.000000e+00   0.000000e+00   2.144125e-02   0.000000e+00   0.000000e+00   1.851356e-03  -1.140966e-01  -1.847200e-02   0.000000e+00
 1.820337e-05  -3.118443e-04   0.000000e+00   4.920099e-04  -4.530871e-04   0.000000e+00   0.000000e+00   0.000000e+00  -2.884778e-03
 4.214956e-03   4.906119e-03   0.000000e+00  -4.530871e-04   6.691805e-03   0.000000e+00   0.000000e+00   0.000000e+00   3.061978e-02
 0.000000e+00   0.000000e+00   1.851356e-03   0.000000e+00   0.000000e+00   1.268283e-02   3.702198e-02  -5.287992e-02   0.000000e+00
 0.000000e+00   0.000000e+00  -1.140966e-01   0.000000e+00   0.000000e+00   3.702198e-02   8.515336e-01  -8.958903e-02   0.000000e+00
 0.000000e+00   0.000000e+00  -1.847200e-02   0.000000e+00   0.000000e+00  -5.287992e-02  -8.958903e-02   2.894114e-01   0.000000e+00
 2.102890e-02   2.180469e-02   0.000000e+00  -2.884778e-03   3.061978e-02   0.000000e+00   0.000000e+00   0.000000e+00   1.880589e-01

# timestamp: 1774889320.6793454
 4.199054e-03   3.165581e-03   0.000000e+00  -6.825416e-07   4.284593e-03   0.000000e+00   0.000000e+00   0.000000e+00   2.094514e-02
 3.165581e-03   4.982407e-03   0.000000e+00  -3.601690e-04   5.184811e-03   0.000000e+00   0.000000e+00   0.000000e+00   2.267136e-02
 0.000000e+00   0.000000e+00   2.158146e-02   0.000000e+00   0.000000e+00   2.111936e-03  -1.130414e-01  -1.996870e-02   0.000000e+00
-6.825416e-07  -3.601690e-04   0.000000e+00   5.043158e-04  -5.136076e-04   0.000000e+00   0.000000e+00   0.000000e+00  -3.182167e-03
 4.284593e-03   5.184811e-03   0.000000e+00  -5.136076e-04   6.939678e-03   0.000000e+00   0.000000e+00   0.000000e+00   3.137067e-02
 0.000000e+00   0.000000e+00   2.111936e-03   0.000000e+00   0.000000e+00   1.322742e-02   3.871238e-02  -5.417176e-02   0.000000e+00
 0.000000e+00   0.000000e+00  -1.130414e-01   0.000000e+00   0.000000e+00   3.871238e-02   8.543413e-01  -8.958903e-02   0.000000e+00
 0.000000e+00   0.000000e+00  -1.996870e-02   0.000000e+00   0.000000e+00  -5.417176e-02  -8.958903e-02   2.922190e-01   0.000000e+00
 2.094514e-02   2.267136e-02   0.000000e+00  -3.182167e-03   3.137067e-02   0.000000e+00   0.000000e+00   0.000000e+00   1.908666e-01

# timestamp: 1774889320.7008724
 3.826265e-03   2.666396e-03   0.000000e+00  -1.319623e-05   3.815688e-03   0.000000e+00   0.000000e+00   0.000000e+00   1.949645e-02
 2.666396e-03   4.066293e-03   0.000000e+00  -3.132749e-04   4.313061e-03   0.000000e+00   0.000000e+00   0.000000e+00   1.920745e-02
 0.000000e+00   0.000000e+00   2.116744e-02   0.000000e+00   0.000000e+00   1.297496e-03  -1.155656e-01  -1.748666e-02   0.000000e+00
-1.319623e-05  -3.132749e-04   0.000000e+00   4.882389e-04  -4.667080e-04   0.000000e+00   0.000000e+00   0.000000e+00  -2.775955e-03
 3.815688e-03   4.313061e-03   0.000000e+00  -4.667080e-04   6.101249e-03   0.000000e+00   0.000000e+00   0.000000e+00   2.787579e-02
 0.000000e+00   0.000000e+00   1.297496e-03   0.000000e+00   0.000000e+00   1.152207e-02   3.306965e-02  -4.782254e-02   0.000000e+00
 0.000000e+00   0.000000e+00  -1.155656e-01   0.000000e+00   0.000000e+00   3.306965e-02   8.350984e-01  -6.622934e-02   0.000000e+00
 0.000000e+00   0.000000e+00  -1.748666e-02   0.000000e+00   0.000000e+00  -4.782254e-02  -6.622934e-02   2.690107e-01   0.000000e+00
 1.949645e-02   1.920745e-02   0.000000e+00  -2.775955e-03   2.787579e-02   0.000000e+00   0.000000e+00   0.000000e+00   1.734179e-01

# timestamp: 1774889320.8922853
 3.310393e-03   2.220344e-03   0.000000e+00  -4.586771e-06   3.233778e-03   0.000000e+00   0.000000e+00   0.000000e+00   1.639428e-02
 2.220344e-03   3.710147e-03   0.000000e+00  -3.299725e-04   3.866267e-03   0.000000e+00   0.000000e+00   0.000000e+00   1.634792e-02
 0.000000e+00   0.000000e+00   2.118723e-02   0.000000e+00   0.000000e+00   1.612020e-03  -1.155426e-01  -2.031804e-02   0.000000e+00
-4.586771e-06  -3.299725e-04   0.000000e+00   4.919933e-04  -4.935792e-04   0.000000e+00   0.000000e+00   0.000000e+00  -2.469602e-03
 3.233778e-03   3.866267e-03   0.000000e+00  -4.935792e-04   5.540550e-03   0.000000e+00   0.000000e+00   0.000000e+00   2.430461e-02
 0.000000e+00   0.000000e+00   1.612020e-03   0.000000e+00   0.000000e+00   1.038738e-02   2.538848e-02  -4.144095e-02   0.000000e+00
 0.000000e+00   0.000000e+00  -1.155426e-01   0.000000e+00   0.000000e+00   2.538848e-02   8.075567e-01  -1.949830e-02   0.000000e+00
 0.000000e+00   0.000000e+00  -2.031804e-02   0.000000e+00   0.000000e+00  -4.144095e-02  -1.949830e-02   2.414045e-01   0.000000e+00
 1.639428e-02   1.634792e-02   0.000000e+00  -2.469602e-03   2.430461e-02   0.000000e+00   0.000000e+00   0.000000e+00   1.530973e-01

# timestamp: 1774889320.9114397
 3.337796e-03   2.299606e-03   0.000000e+00   1.280865e-05   3.283966e-03   0.000000e+00   0.000000e+00   0.000000e+00   1.632739e-02
 2.299606e-03   3.953096e-03   0.000000e+00  -3.393654e-04   4.084196e-03   0.000000e+00   0.000000e+00   0.000000e+00   1.701469e-02
 0.000000e+00   0.000000e+00   2.131184e-02   0.000000e+00   0.000000e+00   2.007534e-03  -1.148526e-01  -2.145420e-02   0.000000e+00
 1.280865e-05  -3.393654e-04   0.000000e+00   4.935267e-04  -4.971559e-04   0.000000e+00   0.000000e+00   0.000000e+00  -2.432033e-03
 3.283966e-03   4.084196e-03   0.000000e+00  -4.971559e-04   5.734876e-03   0.000000e+00   0.000000e+00   0.000000e+00   2.490791e-02
 0.000000e+00   0.000000e+00   2.007534e-03   0.000000e+00   0.000000e+00   1.070419e-02   2.526815e-02  -4.238334e-02   0.000000e+00
 0.000000e+00   0.000000e+00  -1.148526e-01   0.000000e+00   0.000000e+00   2.526815e-02   8.102786e-01  -1.949830e-02   0.000000e+00
 0.000000e+00   0.000000e+00  -2.145420e-02   0.000000e+00   0.000000e+00  -4.238334e-02  -1.949830e-02   2.441264e-01   0.000000e+00
 1.632739e-02   1.701469e-02   0.000000e+00  -2.432033e-03   2.490791e-02   0.000000e+00   0.000000e+00   0.000000e+00   1.558192e-01

# timestamp: 1774889320.948111
 3.370723e-03   2.392846e-03   0.000000e+00   3.298195e-05   3.341651e-03   0.000000e+00   0.000000e+00   0.000000e+00   1.625125e-02
 2.392846e-03   4.249670e-03   0.000000e+00  -3.501645e-04   4.346635e-03   0.000000e+00   0.000000e+00   0.000000e+00   1.780812e-02
 0.000000e+00   0.000000e+00   2.148372e-02   0.000000e+00   0.000000e+00   2.481995e-03  -1.140578e-01  -2.280307e-02   0.000000e+00
 3.298195e-05  -3.501645e-04   0.000000e+00   4.953254e-04  -5.009287e-04   0.000000e+00   0.000000e+00   0.000000e+00  -2.387727e-03
 3.341651e-03   4.346635e-03   0.000000e+00  -5.009287e-04   5.965836e-03   0.000000e+00   0.000000e+00   0.000000e+00   2.561938e-02
 0.000000e+00   0.000000e+00   2.481995e-03   0.000000e+00   0.000000e+00   1.108036e-02   2.512800e-02  -4.348750e-02   0.000000e+00
 0.000000e+00   0.000000e+00  -1.140578e-01   0.000000e+00   0.000000e+00   2.512800e-02   8.134306e-01  -1.949830e-02   0.000000e+00
 0.000000e+00   0.000000e+00  -2.280307e-02   0.000000e+00   0.000000e+00  -4.348750e-02  -1.949830e-02   2.472784e-01   0.000000e+00
 1.625125e-02   1.780812e-02   0.000000e+00  -2.387727e-03   2.561938e-02   0.000000e+00   0.000000e+00   0.000000e+00   1.589712e-01

# timestamp: 1774889320.9728048
 3.397451e-03   2.467029e-03   0.000000e+00   4.883856e-05   3.386599e-03   0.000000e+00   0.000000e+00   0.000000e+00   1.619247e-02
 2.467029e-03   4.494138e-03   0.000000e+00  -3.585588e-04   4.560241e-03   0.000000e+00   0.000000e+00   0.000000e+00   1.844639e-02
 0.000000e+00   0.000000e+00   2.163978e-02   0.000000e+00   0.000000e+00   2.866814e-03  -1.134371e-01  -2.388579e-02   0.000000e+00
 4.883856e-05  -3.585588e-04   0.000000e+00   4.967545e-04  -5.036071e-04   0.000000e+00   0.000000e+00   0.000000e+00  -2.352333e-03
 3.386599e-03   4.560241e-03   0.000000e+00  -5.036071e-04   6.151611e-03   0.000000e+00   0.000000e+00   0.000000e+00   2.618775e-02
 0.000000e+00   0.000000e+00   2.866814e-03   0.000000e+00   0.000000e+00   1.138262e-02   2.501739e-02  -4.436402e-02   0.000000e+00
 0.000000e+00   0.000000e+00  -1.134371e-01   0.000000e+00   0.000000e+00   2.501739e-02   8.159041e-01  -1.949830e-02   0.000000e+00
 0.000000e+00   0.000000e+00  -2.388579e-02   0.000000e+00   0.000000e+00  -4.436402e-02  -1.949830e-02   2.497519e-01   0.000000e+00
 1.619247e-02   1.844639e-02   0.000000e+00  -2.352333e-03   2.618775e-02   0.000000e+00   0.000000e+00   0.000000e+00   1.614447e-01

# timestamp: 1774889321.1830122
 2.368845e-03   9.955406e-04   0.000000e+00   3.667794e-04   1.791689e-03   0.000000e+00   0.000000e+00   0.000000e+00   9.526410e-03
 9.955406e-04   2.306712e-03   0.000000e+00  -2.528614e-05   2.076522e-03   0.000000e+00   0.000000e+00   0.000000e+00   6.389299e-03
 0.000000e+00   0.000000e+00   2.051062e-02   0.000000e+00   0.000000e+00   3.061831e-03  -1.188201e-01  -1.317450e-02   0.000000e+00
 3.667794e-04  -2.528614e-05   0.000000e+00   4.722878e-04   9.755856e-06   0.000000e+00   0.000000e+00   0.000000e+00   1.144265e-03
 1.791689e-03   2.076522e-03   0.000000e+00   9.755856e-06   3.396726e-03   0.000000e+00   0.000000e+00   0.000000e+00   1.296186e-02
 0.000000e+00   0.000000e+00   3.061831e-03   0.000000e+00   0.000000e+00   5.868088e-03  -4.749627e-03  -2.124405e-02   0.000000e+00
 0.000000e+00   0.000000e+00  -1.188201e-01   0.000000e+00   0.000000e+00  -4.749627e-03   7.903848e-01   3.918525e-02   0.000000e+00
 0.000000e+00   0.000000e+00  -1.317450e-02   0.000000e+00   0.000000e+00  -2.124405e-02   3.918525e-02   1.482471e-01   0.000000e+00
 9.526410e-03   6.389299e-03   0.000000e+00   1.144265e-03   1.296186e-02   0.000000e+00   0.000000e+00   0.000000e+00   9.741638e-02

# timestamp: 1774889321.2088761
 2.429687e-03   1.056740e-03   0.000000e+00   4.358583e-04   1.842861e-03   0.000000e+00   0.000000e+00   0.000000e+00   9.572118e-03
 1.056740e-03   2.486862e-03   0.000000e+00   1.287229e-05   2.228686e-03   0.000000e+00   0.000000e+00   0.000000e+00   6.836728e-03
 0.000000e+00   0.000000e+00   2.077787e-02   0.000000e+00   0.000000e+00   3.993187e-03  -1.190384e-01  -1.390969e-02   0.000000e+00
 4.358583e-04   1.287229e-05   0.000000e+00   4.913504e-04   9.015984e-05   0.000000e+00   0.000000e+00   0.000000e+00   1.694149e-03
 1.842861e-03   2.228686e-03   0.000000e+00   9.015984e-05   3.538116e-03   0.000000e+00   0.000000e+00   0.000000e+00   1.348154e-02
 0.000000e+00   0.000000e+00   3.993187e-03   0.000000e+00   0.000000e+00   6.176173e-03  -9.330596e-03  -2.224538e-02   0.000000e+00
 0.000000e+00   0.000000e+00  -1.190384e-01   0.000000e+00   0.000000e+00  -9.330596e-03   7.937873e-01   3.918525e-02   0.000000e+00
 0.000000e+00   0.000000e+00  -1.390969e-02   0.000000e+00   0.000000e+00  -2.224538e-02   3.918525e-02   1.516496e-01   0.000000e+00
 9.572118e-03   6.836728e-03   0.000000e+00   1.694149e-03   1.348154e-02   0.000000e+00   0.000000e+00   0.000000e+00   1.008189e-01

# timestamp: 1774889321.2346935
 2.469835e-03   1.096299e-03   0.000000e+00   4.791768e-04   1.876167e-03   0.000000e+00   0.000000e+00   0.000000e+00   9.610287e-03
 1.096299e-03   2.603833e-03   0.000000e+00   3.918866e-05   2.326664e-03   0.000000e+00   0.000000e+00   0.000000e+00   7.123311e-03
 0.000000e+00   0.000000e+00   2.097649e-02   0.000000e+00   0.000000e+00   4.578799e-03  -1.192551e-01  -1.438317e-02   0.000000e+00
 4.791768e-04   3.918866e-05   0.000000e+00   5.062476e-04   1.429022e-04   0.000000e+00   0.000000e+00   0.000000e+00   2.043975e-03
 1.876167e-03   2.326664e-03   0.000000e+00   1.429022e-04   3.628493e-03   0.000000e+00   0.000000e+00   0.000000e+00   1.381215e-02
 0.000000e+00   0.000000e+00   4.578799e-03   0.000000e+00   0.000000e+00   6.397805e-03  -1.217857e-02  -2.287447e-02   0.000000e+00
 0.000000e+00   0.000000e+00  -1.192551e-01   0.000000e+00   0.000000e+00  -1.217857e-02   7.958959e-01   3.918525e-02   0.000000e+00
 0.000000e+00   0.000000e+00  -1.438317e-02   0.000000e+00   0.000000e+00  -2.287447e-02   3.918525e-02   1.537582e-01   0.000000e+00
 9.610287e-03   7.123311e-03   0.000000e+00   2.043975e-03   1.381215e-02   0.000000e+00   0.000000e+00   0.000000e+00   1.029275e-01

# timestamp: 1774889321.2641842
 2.545404e-03   1.169544e-03   0.000000e+00   5.573184e-04   1.938287e-03   0.000000e+00   0.000000e+00   0.000000e+00   9.695012e-03
 1.169544e-03   2.821784e-03   0.000000e+00   9.118053e-05   2.507606e-03   0.000000e+00   0.000000e+00   0.000000e+00   7.648339e-03
 0.000000e+00   0.000000e+00   2.138679e-02   0.000000e+00   0.000000e+00   5.636811e-03  -1.197763e-01  -1.525440e-02   0.000000e+00
 5.573184e-04   9.118053e-05   0.000000e+00   5.387196e-04   2.422646e-04   0.000000e+00   0.000000e+00   0.000000e+00   2.684583e-03
 1.938287e-03   2.507606e-03   0.000000e+00   2.422646e-04   3.794389e-03   0.000000e+00   0.000000e+00   0.000000e+00   1.441757e-02
 0.000000e+00   0.000000e+00   5.636811e-03   0.000000e+00   0.000000e+00   6.849764e-03  -1.725639e-02  -2.401007e-02   0.000000e+00
 0.000000e+00   0.000000e+00  -1.197763e-01   0.000000e+00   0.000000e+00  -1.725639e-02   7.996412e-01   3.918525e-02   0.000000e+00
 0.000000e+00   0.000000e+00  -1.525440e-02   0.000000e+00   0.000000e+00  -2.401007e-02   3.918525e-02   1.575035e-01   0.000000e+00
 9.695012e-03   7.648339e-03   0.000000e+00   2.684583e-03   1.441757e-02   0.000000e+00   0.000000e+00   0.000000e+00   1.066728e-01

# timestamp: 1774889321.4767737
 2.251104e-03   5.748120e-04   0.000000e+00   8.071758e-04   1.319676e-03   0.000000e+00   0.000000e+00   0.000000e+00   7.258090e-03
 5.748120e-04   2.252098e-03   0.000000e+00   7.420651e-05   1.618470e-03   0.000000e+00   0.000000e+00   0.000000e+00   2.620532e-03
 0.000000e+00   0.000000e+00   1.925371e-02   0.000000e+00   0.000000e+00   7.175063e-03  -1.142203e-01  -1.954319e-03   0.000000e+00
 8.071758e-04   7.420651e-05   0.000000e+00   7.904129e-04   5.002729e-04   0.000000e+00   0.000000e+00   0.000000e+00   4.990782e-03
 1.319676e-03   1.618470e-03   0.000000e+00   5.002729e-04   2.739306e-03   0.000000e+00   0.000000e+00   0.000000e+00   9.456092e-03
 0.000000e+00   0.000000e+00   7.175063e-03   0.000000e+00   0.000000e+00   6.394075e-03  -3.699431e-02  -1.431629e-02   0.000000e+00
 0.000000e+00   0.000000e+00  -1.142203e-01   0.000000e+00   0.000000e+00  -3.699431e-02   7.953859e-01   9.010476e-04   0.000000e+00
 0.000000e+00   0.000000e+00  -1.954319e-03   0.000000e+00   0.000000e+00  -1.431629e-02   9.010476e-04   1.186155e-01   0.000000e+00
 7.258090e-03   2.620532e-03   0.000000e+00   4.990782e-03   9.456092e-03   0.000000e+00   0.000000e+00   0.000000e+00   8.845297e-02

# timestamp: 1774889321.5069568
 2.051691e-03   3.331679e-04   0.000000e+00   7.877052e-04   1.100075e-03   0.000000e+00   0.000000e+00   0.000000e+00   6.732168e-03
 3.331679e-04   1.882541e-03   0.000000e+00  -2.181011e-05   1.210975e-03   0.000000e+00   0.000000e+00   0.000000e+00   7.852391e-04
 0.000000e+00   0.000000e+00   1.826881e-02   0.000000e+00   0.000000e+00   6.691325e-03  -1.121377e-01   2.046663e-03   0.000000e+00
 7.877052e-04  -2.181011e-05   0.000000e+00   8.112347e-04   4.454567e-04   0.000000e+00   0.000000e+00   0.000000e+00   4.923413e-03
 1.100075e-03   1.210975e-03   0.000000e+00   4.454567e-04   2.321617e-03   0.000000e+00   0.000000e+00   0.000000e+00   7.655324e-03
 0.000000e+00   0.000000e+00   6.691325e-03   0.000000e+00   0.000000e+00   5.853271e-03  -3.806615e-02  -1.111942e-02   0.000000e+00
 0.000000e+00   0.000000e+00  -1.121377e-01   0.000000e+00   0.000000e+00  -3.806615e-02   7.912349e-01  -8.896553e-03   0.000000e+00
 0.000000e+00   0.000000e+00   2.046663e-03   0.000000e+00   0.000000e+00  -1.111942e-02  -8.896553e-03   1.081351e-01   0.000000e+00
 6.732168e-03   7.852391e-04   0.000000e+00   4.923413e-03   7.655324e-03   0.000000e+00   0.000000e+00   0.000000e+00   8.000093e-02

# timestamp: 1774889321.5268486
 2.108930e-03   3.572314e-04   0.000000e+00   8.296949e-04   1.133423e-03   0.000000e+00   0.000000e+00   0.000000e+00   6.842246e-03
 3.572314e-04   1.958775e-03   0.000000e+00  -8.560024e-06   1.265392e-03   0.000000e+00   0.000000e+00   0.000000e+00   9.551919e-04
 0.000000e+00   0.000000e+00   1.859283e-02   0.000000e+00   0.000000e+00   7.211780e-03  -1.129928e-01   1.800244e-03   0.000000e+00
 8.296949e-04  -8.560024e-06   0.000000e+00   8.490191e-04   4.901454e-04   0.000000e+00   0.000000e+00   0.000000e+00   5.209584e-03
 1.133423e-03   1.265392e-03   0.000000e+00   4.901454e-04   2.377076e-03   0.000000e+00   0.000000e+00   0.000000e+00   7.933698e-03
 0.000000e+00   0.000000e+00   7.211780e-03   0.000000e+00   0.000000e+00   6.209731e-03  -4.082032e-02  -1.146268e-02   0.000000e+00
 0.000000e+00   0.000000e+00  -1.129928e-01   0.000000e+00   0.000000e+00  -4.082032e-02   7.934287e-01  -8.896553e-03   0.000000e+00
 0.000000e+00   0.000000e+00   1.800244e-03   0.000000e+00   0.000000e+00  -1.146268e-02  -8.896553e-03   1.103289e-01   0.000000e+00
 6.842246e-03   9.551919e-04   0.000000e+00   5.209584e-03   7.933698e-03   0.000000e+00   0.000000e+00   0.000000e+00   8.219467e-02

# timestamp: 1774889321.541068
 2.140984e-03   3.708195e-04   0.000000e+00   8.531485e-04   1.152222e-03   0.000000e+00   0.000000e+00   0.000000e+00   6.905120e-03
 3.708195e-04   2.001419e-03   0.000000e+00  -6.449833e-07   1.295879e-03   0.000000e+00   0.000000e+00   0.000000e+00   1.050681e-03
 0.000000e+00   0.000000e+00   1.877975e-02   0.000000e+00   0.000000e+00   7.501026e-03  -1.134862e-01   1.662380e-03   0.000000e+00
 8.531485e-04  -6.449833e-07   0.000000e+00   8.705054e-04   5.153782e-04   0.000000e+00   0.000000e+00   0.000000e+00   5.368953e-03
 1.152222e-03   1.295879e-03   0.000000e+00   5.153782e-04   2.408166e-03   0.000000e+00   0.000000e+00   0.000000e+00   8.088725e-03
 0.000000e+00   0.000000e+00   7.501026e-03   0.000000e+00   0.000000e+00   6.413528e-03  -4.232720e-02  -1.165313e-02   0.000000e+00
 0.000000e+00   0.000000e+00  -1.134862e-01   0.000000e+00   0.000000e+00  -4.232720e-02   7.946264e-01  -8.896553e-03   0.000000e+00
 0.000000e+00   0.000000e+00   1.662380e-03   0.000000e+00   0.000000e+00  -1.165313e-02  -8.896553e-03   1.115266e-01   0.000000e+00
 6.905120e-03   1.050681e-03   0.000000e+00   5.368953e-03   8.088725e-03   0.000000e+00   0.000000e+00   0.000000e+00   8.339243e-02

# timestamp: 1774889321.5573645
 2.188753e-03   3.912151e-04   0.000000e+00   8.880654e-04   1.180404e-03   0.000000e+00   0.000000e+00   0.000000e+00   7.000047e-03
 3.912151e-04   2.065002e-03   0.000000e+00   1.177382e-05   1.341366e-03   0.000000e+00   0.000000e+00   0.000000e+00   1.193147e-03
 0.000000e+00   0.000000e+00   1.906433e-02   0.000000e+00   0.000000e+00   7.929824e-03  -1.142361e-01   1.457349e-03   0.000000e+00
 8.880654e-04   1.177382e-05   0.000000e+00   9.029888e-04   5.533017e-04   0.000000e+00   0.000000e+00   0.000000e+00   5.606175e-03
 1.180404e-03   1.341366e-03   0.000000e+00   5.533017e-04   2.454613e-03   0.000000e+00   0.000000e+00   0.000000e+00   8.319484e-03
 0.000000e+00   0.000000e+00   7.929824e-03   0.000000e+00   0.000000e+00   6.722786e-03  -4.453202e-02  -1.193562e-02   0.000000e+00
 0.000000e+00   0.000000e+00  -1.142361e-01   0.000000e+00   0.000000e+00  -4.453202e-02   7.963754e-01  -8.896553e-03   0.000000e+00
 0.000000e+00   0.000000e+00   1.457349e-03   0.000000e+00   0.000000e+00  -1.193562e-02  -8.896553e-03   1.132756e-01   0.000000e+00
 7.000047e-03   1.193147e-03   0.000000e+00   5.606175e-03   8.319484e-03   0.000000e+00   0.000000e+00   0.000000e+00   8.514138e-02

# timestamp: 1774889321.5731816
 2.244809e-03   4.153994e-04   0.000000e+00   9.289579e-04   1.213731e-03   0.000000e+00   0.000000e+00   0.000000e+00   7.113737e-03
 4.153994e-04   2.139519e-03   0.000000e+00   2.727825e-05   1.394772e-03   0.000000e+00   0.000000e+00   0.000000e+00   1.360928e-03
 0.000000e+00   0.000000e+00   1.940826e-02   0.000000e+00   0.000000e+00   8.429291e-03  -1.151414e-01   1.217022e-03   0.000000e+00
 9.289579e-04   2.727825e-05   0.000000e+00   9.416884e-04   5.981632e-04   0.000000e+00   0.000000e+00   0.000000e+00   5.882460e-03
 1.213731e-03   1.394772e-03   0.000000e+00   5.981632e-04   2.509155e-03   0.000000e+00   0.000000e+00   0.000000e+00   8.588242e-03
 0.000000e+00   0.000000e+00   8.429291e-03   0.000000e+00   0.000000e+00   7.092610e-03  -4.705312e-02  -1.226339e-02   0.000000e+00
 0.000000e+00   0.000000e+00  -1.151414e-01   0.000000e+00   0.000000e+00  -4.705312e-02   7.983707e-01  -8.896553e-03   0.000000e+00
 0.000000e+00   0.000000e+00   1.217022e-03   0.000000e+00   0.000000e+00  -1.226339e-02  -8.896553e-03   1.152709e-01   0.000000e+00
 7.113737e-03   1.360928e-03   0.000000e+00   5.882460e-03   8.588242e-03   0.000000e+00   0.000000e+00   0.000000e+00   8.713673e-02

# timestamp: 1774889321.7621727
 2.367039e-03   2.099323e-04   0.000000e+00   1.170194e-03   1.216310e-03   0.000000e+00   0.000000e+00   0.000000e+00   7.938816e-03
 2.099323e-04   1.955783e-03   0.000000e+00  -5.249024e-05   1.094976e-03   0.000000e+00   0.000000e+00   0.000000e+00   9.511986e-07
 0.000000e+00   0.000000e+00   2.139460e-02   0.000000e+00   0.000000e+00   1.094224e-02  -1.233269e-01   4.008956e-03   0.000000e+00
 1.170194e-03  -5.249024e-05   0.000000e+00   1.191466e-03   7.799490e-04   0.000000e+00   0.000000e+00   0.000000e+00   7.109553e-03
 1.216310e-03   1.094976e-03   0.000000e+00   7.799490e-04   2.323325e-03   0.000000e+00   0.000000e+00   0.000000e+00   8.347338e-03
 0.000000e+00   0.000000e+00   1.094224e-02   0.000000e+00   0.000000e+00   8.930151e-03  -6.312420e-02  -1.117519e-02   0.000000e+00
 0.000000e+00   0.000000e+00  -1.233269e-01   0.000000e+00   0.000000e+00  -6.312420e-02   8.138452e-01  -1.403607e-02   0.000000e+00
 0.000000e+00   0.000000e+00   4.008956e-03   0.000000e+00   0.000000e+00  -1.117519e-02  -1.403607e-02   1.193033e-01   0.000000e+00
 7.938816e-03   9.511986e-07   0.000000e+00   7.109553e-03   8.347338e-03   0.000000e+00   0.000000e+00   0.000000e+00   8.929913e-02

# timestamp: 1774889321.7797282
 2.271692e-03   9.724930e-05   0.000000e+00   1.175890e-03   1.170871e-03   0.000000e+00   0.000000e+00   0.000000e+00   8.365646e-03
 9.724930e-05   1.671246e-03   0.000000e+00  -9.933903e-05   8.710437e-04   0.000000e+00   0.000000e+00   0.000000e+00  -5.819807e-04
 0.000000e+00   0.000000e+00   2.144397e-02   0.000000e+00   0.000000e+00   1.099544e-02  -1.250191e-01   4.590342e-03   0.000000e+00
 1.175890e-03  -9.933903e-05   0.000000e+00   1.205094e-03   7.665012e-04   0.000000e+00   0.000000e+00   0.000000e+00   7.139174e-03
 1.170871e-03   8.710437e-04   0.000000e+00   7.665012e-04   2.160858e-03   0.000000e+00   0.000000e+00   0.000000e+00   7.882770e-03
 0.000000e+00   0.000000e+00   1.099544e-02   0.000000e+00   0.000000e+00   8.952454e-03  -6.500998e-02  -1.079893e-02   0.000000e+00
 0.000000e+00   0.000000e+00  -1.250191e-01   0.000000e+00   0.000000e+00  -6.500998e-02   8.136557e-01  -1.224507e-02   0.000000e+00
 0.000000e+00   0.000000e+00   4.590342e-03   0.000000e+00   0.000000e+00  -1.079893e-02  -1.224507e-02   1.189646e-01   0.000000e+00
 8.365646e-03  -5.819807e-04   0.000000e+00   7.139174e-03   7.882770e-03   0.000000e+00   0.000000e+00   0.000000e+00   8.559248e-02

# timestamp: 1774889321.7970662
 2.361471e-03   1.264832e-04   0.000000e+00   1.221601e-03   1.231821e-03   0.000000e+00   0.000000e+00   0.000000e+00   8.555758e-03
 1.264832e-04   1.745296e-03   0.000000e+00  -7.935750e-05   9.268405e-04   0.000000e+00   0.000000e+00   0.000000e+00  -3.698656e-04
 0.000000e+00   0.000000e+00   2.206177e-02   0.000000e+00   0.000000e+00   1.141594e-02  -1.267501e-01   4.299874e-03   0.000000e+00
 1.221601e-03  -7.935750e-05   0.000000e+00   1.230786e-03   8.136033e-04   0.000000e+00   0.000000e+00   0.000000e+00   7.278854e-03
 1.231821e-03   9.268405e-04   0.000000e+00   8.136033e-04   2.240196e-03   0.000000e+00   0.000000e+00   0.000000e+00   8.297023e-03
 0.000000e+00   0.000000e+00   1.141594e-02   0.000000e+00   0.000000e+00   9.269911e-03  -6.625535e-02  -1.135181e-02   0.000000e+00
 0.000000e+00   0.000000e+00  -1.267501e-01   0.000000e+00   0.000000e+00  -6.625535e-02   8.163021e-01  -1.224507e-02   0.000000e+00
 0.000000e+00   0.000000e+00   4.299874e-03   0.000000e+00   0.000000e+00  -1.135181e-02  -1.224507e-02   1.216110e-01   0.000000e+00
 8.555758e-03  -3.698656e-04   0.000000e+00   7.278854e-03   8.297023e-03   0.000000e+00   0.000000e+00   0.000000e+00   8.823886e-02

# timestamp: 1774889321.8216715
 2.441940e-03   1.538426e-04   0.000000e+00   1.262364e-03   1.286867e-03   0.000000e+00   0.000000e+00   0.000000e+00   8.725033e-03
 1.538426e-04   1.812476e-03   0.000000e+00  -6.055783e-05   9.782176e-04   0.000000e+00   0.000000e+00   0.000000e+00  -1.751820e-04
 0.000000e+00   0.000000e+00   2.262032e-02   0.000000e+00   0.000000e+00   1.179390e-02  -1.282905e-01   4.033625e-03   0.000000e+00
 1.262364e-03  -6.055783e-05   0.000000e+00   1.253606e-03   8.558620e-04   0.000000e+00   0.000000e+00   0.000000e+00   7.404271e-03
 1.286867e-03   9.782176e-04   0.000000e+00   8.558620e-04   2.312783e-03   0.000000e+00   0.000000e+00   0.000000e+00   8.668974e-03
 0.000000e+00   0.000000e+00   1.179390e-02   0.000000e+00   0.000000e+00   9.554920e-03  -6.734698e-02  -1.184490e-02   0.000000e+00
 0.000000e+00   0.000000e+00  -1.282905e-01   0.000000e+00   0.000000e+00  -6.734698e-02   8.186146e-01  -1.224507e-02   0.000000e+00
 0.000000e+00   0.000000e+00   4.033625e-03   0.000000e+00   0.000000e+00  -1.184490e-02  -1.224507e-02   1.239235e-01   0.000000e+00
 8.725033e-03  -1.751820e-04   0.000000e+00   7.404271e-03   8.668974e-03   0.000000e+00   0.000000e+00   0.000000e+00   9.055140e-02

# timestamp: 1774889321.8356261
 2.509109e-03   1.775059e-04   0.000000e+00   1.296243e-03   1.333103e-03   0.000000e+00   0.000000e+00   0.000000e+00   8.865580e-03
 1.775059e-04   1.869159e-03   0.000000e+00  -4.424085e-05   1.022090e-03   0.000000e+00   0.000000e+00   0.000000e+00  -9.450072e-06
 0.000000e+00   0.000000e+00   2.308997e-02   0.000000e+00   0.000000e+00   1.211015e-02  -1.295686e-01   3.807266e-03   0.000000e+00
 1.296243e-03  -4.424085e-05   0.000000e+00   1.272514e-03   8.911666e-04   0.000000e+00   0.000000e+00   0.000000e+00   7.509041e-03
 1.333103e-03   1.022090e-03   0.000000e+00   8.911666e-04   2.374398e-03   0.000000e+00   0.000000e+00   0.000000e+00   8.979694e-03
 0.000000e+00   0.000000e+00   1.211015e-02   0.000000e+00   0.000000e+00   9.793093e-03  -6.824114e-02  -1.225459e-02   0.000000e+00
 0.000000e+00   0.000000e+00  -1.295686e-01   0.000000e+00   0.000000e+00  -6.824114e-02   8.205040e-01  -1.224507e-02   0.000000e+00
 0.000000e+00   0.000000e+00   3.807266e-03   0.000000e+00   0.000000e+00  -1.225459e-02  -1.224507e-02   1.258128e-01   0.000000e+00
 8.865580e-03  -9.450072e-06   0.000000e+00   7.509041e-03   8.979694e-03   0.000000e+00   0.000000e+00   0.000000e+00   9.244072e-02

# timestamp: 1774889322.0583541
 3.119945e-03   3.715167e-04   0.000000e+00   1.577622e-03   1.924193e-03   0.000000e+00   0.000000e+00   0.000000e+00   1.165568e-02
 3.715167e-04   1.895393e-03   0.000000e+00   1.324998e-04   1.199331e-03   0.000000e+00   0.000000e+00   0.000000e+00   1.688522e-03
 0.000000e+00   0.000000e+00   2.799595e-02   0.000000e+00   0.000000e+00   1.399397e-02  -1.455402e-01   1.110854e-03   0.000000e+00
 1.577622e-03   1.324998e-04   0.000000e+00   1.333537e-03   1.205325e-03   0.000000e+00   0.000000e+00   0.000000e+00   7.875922e-03
 1.924193e-03   1.199331e-03   0.000000e+00   1.205325e-03   2.962157e-03   0.000000e+00   0.000000e+00   0.000000e+00   1.231559e-02
 0.000000e+00   0.000000e+00   1.399397e-02   0.000000e+00   0.000000e+00   1.096441e-02  -7.058296e-02  -1.741249e-02   0.000000e+00
 0.000000e+00   0.000000e+00  -1.455402e-01   0.000000e+00   0.000000e+00  -7.058296e-02   8.416131e-01  -1.170067e-02   0.000000e+00
 0.000000e+00   0.000000e+00   1.110854e-03   0.000000e+00   0.000000e+00  -1.741249e-02  -1.170067e-02   1.473888e-01   0.000000e+00
 1.165568e-02   1.688522e-03   0.000000e+00   7.875922e-03   1.231559e-02   0.000000e+00   0.000000e+00   0.000000e+00   1.064609e-01

# timestamp: 1774889322.0815551
 3.079346e-03   3.568307e-04   0.000000e+00   1.569166e-03   1.980042e-03   0.000000e+00   0.000000e+00   0.000000e+00   1.240986e-02
 3.568307e-04   1.653810e-03   0.000000e+00   1.401365e-04   1.082299e-03   0.000000e+00   0.000000e+00   0.000000e+00   1.801748e-03
 0.000000e+00   0.000000e+00   2.735010e-02   0.000000e+00   0.000000e+00   1.343613e-02  -1.450374e-01   7.695025e-04   0.000000e+00
 1.569166e-03   1.401365e-04   0.000000e+00   1.320498e-03   1.224563e-03   0.000000e+00   0.000000e+00   0.000000e+00   7.960089e-03
 1.980042e-03   1.082299e-03   0.000000e+00   1.224563e-03   2.949032e-03   0.000000e+00   0.000000e+00   0.000000e+00   1.256173e-02
 0.000000e+00   0.000000e+00   1.343613e-02   0.000000e+00   0.000000e+00   1.063351e-02  -6.898697e-02  -1.799371e-02   0.000000e+00
 0.000000e+00   0.000000e+00  -1.450374e-01   0.000000e+00   0.000000e+00  -6.898697e-02   8.405622e-01  -1.176106e-02   0.000000e+00
 0.000000e+00   0.000000e+00   7.695025e-04   0.000000e+00   0.000000e+00  -1.799371e-02  -1.176106e-02   1.495421e-01   0.000000e+00
 1.240986e-02   1.801748e-03   0.000000e+00   7.960089e-03   1.256173e-02   0.000000e+00   0.000000e+00   0.000000e+00   1.053794e-01

# timestamp: 1774889322.0998988
 3.169584e-03   4.037556e-04   0.000000e+00   1.586902e-03   2.057438e-03   0.000000e+00   0.000000e+00   0.000000e+00   1.258187e-02
 4.037556e-04   1.723970e-03   0.000000e+00   1.651357e-04   1.155077e-03   0.000000e+00   0.000000e+00   0.000000e+00   2.077362e-03
 0.000000e+00   0.000000e+00   2.795788e-02   0.000000e+00   0.000000e+00   1.353857e-02  -1.465283e-01   3.746853e-04   0.000000e+00
 1.586902e-03   1.651357e-04   0.000000e+00   1.308966e-03   1.245525e-03   0.000000e+00   0.000000e+00   0.000000e+00   7.867614e-03
 2.057438e-03   1.155077e-03   0.000000e+00   1.245525e-03   3.054601e-03   0.000000e+00   0.000000e+00   0.000000e+00   1.299397e-02
 0.000000e+00   0.000000e+00   1.353857e-02   0.000000e+00   0.000000e+00   1.066504e-02  -6.821049e-02  -1.861484e-02   0.000000e+00
 0.000000e+00   0.000000e+00  -1.465283e-01   0.000000e+00   0.000000e+00  -6.821049e-02   8.427316e-01  -1.176106e-02   0.000000e+00
 0.000000e+00   0.000000e+00   3.746853e-04   0.000000e+00   0.000000e+00  -1.861484e-02  -1.176106e-02   1.517115e-01   0.000000e+00
 1.258187e-02   2.077362e-03   0.000000e+00   7.867614e-03   1.299397e-02   0.000000e+00   0.000000e+00   0.000000e+00   1.075487e-01

# timestamp: 1774889322.1209047
 3.221904e-03   4.318116e-04   0.000000e+00   1.596935e-03   2.102536e-03   0.000000e+00   0.000000e+00   0.000000e+00   1.268001e-02
 4.318116e-04   1.765842e-03   0.000000e+00   1.796396e-04   1.198575e-03   0.000000e+00   0.000000e+00   0.000000e+00   2.240520e-03
 0.000000e+00   0.000000e+00   2.830993e-02   0.000000e+00   0.000000e+00   1.359806e-02  -1.473793e-01   1.409514e-04   0.000000e+00
 1.596935e-03   1.796396e-04   0.000000e+00   1.302396e-03   1.257257e-03   0.000000e+00   0.000000e+00   0.000000e+00   7.813518e-03
 2.102536e-03   1.198575e-03   0.000000e+00   1.257257e-03   3.117011e-03   0.000000e+00   0.000000e+00   0.000000e+00   1.324683e-02
 0.000000e+00   0.000000e+00   1.359806e-02   0.000000e+00   0.000000e+00   1.068610e-02  -6.776239e-02  -1.897649e-02   0.000000e+00
 0.000000e+00   0.000000e+00  -1.473793e-01   0.000000e+00   0.000000e+00  -6.776239e-02   8.439811e-01  -1.176106e-02   0.000000e+00
 0.000000e+00   0.000000e+00   1.409514e-04   0.000000e+00   0.000000e+00  -1.897649e-02  -1.176106e-02   1.529610e-01   0.000000e+00
 1.268001e-02   2.240520e-03   0.000000e+00   7.813518e-03   1.324683e-02   0.000000e+00   0.000000e+00   0.000000e+00   1.087983e-01

# timestamp: 1774889322.1474764
 3.341848e-03   4.982627e-04   0.000000e+00   1.619287e-03   2.206490e-03   0.000000e+00   0.000000e+00   0.000000e+00   1.290088e-02
 4.982627e-04   1.865133e-03   0.000000e+00   2.127644e-04   1.301726e-03   0.000000e+00   0.000000e+00   0.000000e+00   2.622197e-03
 0.000000e+00   0.000000e+00   2.911664e-02   0.000000e+00   0.000000e+00   1.373483e-02  -1.492953e-01  -4.057664e-04   0.000000e+00
 1.619287e-03   2.127644e-04   0.000000e+00   1.287662e-03   1.282983e-03   0.000000e+00   0.000000e+00   0.000000e+00   7.687973e-03
 2.206490e-03   1.301726e-03   0.000000e+00   1.282983e-03   3.263356e-03   0.000000e+00   0.000000e+00   0.000000e+00   1.383365e-02
 0.000000e+00   0.000000e+00   1.373483e-02   0.000000e+00   0.000000e+00   1.074199e-02  -6.674098e-02  -1.981069e-02   0.000000e+00
 0.000000e+00   0.000000e+00  -1.492953e-01   0.000000e+00   0.000000e+00  -6.674098e-02   8.468224e-01  -1.176106e-02   0.000000e+00
 0.000000e+00   0.000000e+00  -4.057664e-04   0.000000e+00   0.000000e+00  -1.981069e-02  -1.176106e-02   1.558023e-01   0.000000e+00
 1.290088e-02   2.622197e-03   0.000000e+00   7.687973e-03   1.383365e-02   0.000000e+00   0.000000e+00   0.000000e+00   1.116396e-01

# timestamp: 1774889322.3488762
 3.895296e-03   9.493860e-04   0.000000e+00   1.591652e-03   2.958107e-03   0.000000e+00   0.000000e+00   0.000000e+00   1.551616e-02
 9.493860e-04   2.055731e-03   0.000000e+00   3.870347e-04   1.816425e-03   0.000000e+00   0.000000e+00   0.000000e+00   5.463044e-03
 0.000000e+00   0.000000e+00   3.049585e-02   0.000000e+00   0.000000e+00   1.199222e-02  -1.519818e-01  -4.576118e-03   0.000000e+00
 1.591652e-03   3.870347e-04   0.000000e+00   1.103590e-03   1.345248e-03   0.000000e+00   0.000000e+00   0.000000e+00   6.641584e-03
 2.958107e-03   1.816425e-03   0.000000e+00   1.345248e-03   4.238393e-03   0.000000e+00   0.000000e+00   0.000000e+00   1.799582e-02
 0.000000e+00   0.000000e+00   1.199222e-02   0.000000e+00   0.000000e+00   9.969834e-03  -5.130969e-02  -2.599574e-02   0.000000e+00
 0.000000e+00   0.000000e+00  -1.519818e-01   0.000000e+00   0.000000e+00  -5.130969e-02   8.453525e-01  -1.286562e-02   0.000000e+00
 0.000000e+00   0.000000e+00  -4.576118e-03   0.000000e+00   0.000000e+00  -2.599574e-02  -1.286562e-02   1.760718e-01   0.000000e+00
 1.551616e-02   5.463044e-03   0.000000e+00   6.641584e-03   1.799582e-02   0.000000e+00   0.000000e+00   0.000000e+00   1.264358e-01

# timestamp: 1774889322.3699906
 4.002444e-03   1.036378e-03   0.000000e+00   1.593920e-03   3.066356e-03   0.000000e+00   0.000000e+00   0.000000e+00   1.568390e-02
 1.036378e-03   2.177446e-03   0.000000e+00   4.119363e-04   1.953637e-03   0.000000e+00   0.000000e+00   0.000000e+00   5.928753e-03
 0.000000e+00   0.000000e+00   3.113659e-02   0.000000e+00   0.000000e+00   1.201938e-02  -1.532793e-01  -5.248740e-03   0.000000e+00
 1.593920e-03   4.119363e-04   0.000000e+00   1.084578e-03   1.345963e-03   0.000000e+00   0.000000e+00   0.000000e+00   6.430348e-03
 3.066356e-03   1.953637e-03   0.000000e+00   1.345963e-03   4.413960e-03   0.000000e+00   0.000000e+00   0.000000e+00   1.860114e-02
 0.000000e+00   0.000000e+00   1.201938e-02   0.000000e+00   0.000000e+00   1.005536e-02  -4.985156e-02  -2.685695e-02   0.000000e+00
 0.000000e+00   0.000000e+00  -1.532793e-01   0.000000e+00   0.000000e+00  -4.985156e-02   8.479084e-01  -1.286562e-02   0.000000e+00
 0.000000e+00   0.000000e+00  -5.248740e-03   0.000000e+00   0.000000e+00  -2.685695e-02  -1.286562e-02   1.786277e-01   0.000000e+00
 1.568390e-02   5.928753e-03   0.000000e+00   6.430348e-03   1.860114e-02   0.000000e+00   0.000000e+00   0.000000e+00   1.289917e-01

# timestamp: 1774889322.391187
 3.862177e-03   9.789105e-04   0.000000e+00   1.521246e-03   3.053571e-03   0.000000e+00   0.000000e+00   0.000000e+00   1.629577e-02
 9.789105e-04   1.898160e-03   0.000000e+00   3.849804e-04   1.784197e-03   0.000000e+00   0.000000e+00   0.000000e+00   5.807753e-03
 0.000000e+00   0.000000e+00   2.885479e-02   0.000000e+00   0.000000e+00   1.068251e-02  -1.474323e-01  -4.628225e-03   0.000000e+00
 1.521246e-03   3.849804e-04   0.000000e+00   1.047441e-03   1.319791e-03   0.000000e+00   0.000000e+00   0.000000e+00   6.522801e-03
 3.053571e-03   1.784197e-03   0.000000e+00   1.319791e-03   4.334532e-03   0.000000e+00   0.000000e+00   0.000000e+00   1.863718e-02
 0.000000e+00   0.000000e+00   1.068251e-02   0.000000e+00   0.000000e+00   9.400471e-03  -4.575346e-02  -2.678985e-02   0.000000e+00
 0.000000e+00   0.000000e+00  -1.474323e-01   0.000000e+00   0.000000e+00  -4.575346e-02   8.330376e-01  -1.527119e-02   0.000000e+00
 0.000000e+00   0.000000e+00  -4.628225e-03   0.000000e+00   0.000000e+00  -2.678985e-02  -1.527119e-02   1.795560e-01   0.000000e+00
 1.629577e-02   5.807753e-03   0.000000e+00   6.522801e-03   1.863718e-02   0.000000e+00   0.000000e+00   0.000000e+00   1.274241e-01

# timestamp: 1774889322.410198
 3.948673e-03   1.053339e-03   0.000000e+00   1.521111e-03   3.145839e-03   0.000000e+00   0.000000e+00   0.000000e+00   1.643384e-02
 1.053339e-03   1.998042e-03   0.000000e+00   4.048545e-04   1.901589e-03   0.000000e+00   0.000000e+00   0.000000e+00   6.209299e-03
 0.000000e+00   0.000000e+00   2.933415e-02   0.000000e+00   0.000000e+00   1.070103e-02  -1.484010e-01  -5.205459e-03   0.000000e+00
 1.521111e-03   4.048545e-04   0.000000e+00   1.031978e-03   1.319124e-03   0.000000e+00   0.000000e+00   0.000000e+00   6.346595e-03
 3.145839e-03   1.901589e-03   0.000000e+00   1.319124e-03   4.484388e-03   0.000000e+00   0.000000e+00   0.000000e+00   1.914105e-02
 0.000000e+00   0.000000e+00   1.070103e-02   0.000000e+00   0.000000e+00   9.491476e-03  -4.455265e-02  -2.751846e-02   0.000000e+00
 0.000000e+00   0.000000e+00  -1.484010e-01   0.000000e+00   0.000000e+00  -4.455265e-02   8.351733e-01  -1.527119e-02   0.000000e+00
 0.000000e+00   0.000000e+00  -5.205459e-03   0.000000e+00   0.000000e+00  -2.751846e-02  -1.527119e-02   1.816916e-01   0.000000e+00
 1.643384e-02   6.209299e-03   0.000000e+00   6.346595e-03   1.914105e-02   0.000000e+00   0.000000e+00   0.000000e+00   1.295597e-01

# timestamp: 1774889322.4234836
 4.008642e-03   1.106337e-03   0.000000e+00   1.520718e-03   3.210115e-03   0.000000e+00   0.000000e+00   0.000000e+00   1.652738e-02
 1.106337e-03   2.070268e-03   0.000000e+00   4.182899e-04   1.985792e-03   0.000000e+00   0.000000e+00   0.000000e+00   6.493954e-03
 0.000000e+00   0.000000e+00   2.966705e-02   0.000000e+00   0.000000e+00   1.071560e-02  -1.490577e-01  -5.614701e-03   0.000000e+00
 1.520718e-03   4.182899e-04   0.000000e+00   1.021542e-03   1.317848e-03   0.000000e+00   0.000000e+00   0.000000e+00   6.222691e-03
 3.210115e-03   1.985792e-03   0.000000e+00   1.317848e-03   4.590614e-03   0.000000e+00   0.000000e+00   0.000000e+00   1.949537e-02
 0.000000e+00   0.000000e+00   1.071560e-02   0.000000e+00   0.000000e+00   9.559861e-03  -4.371837e-02  -2.802858e-02   0.000000e+00
 0.000000e+00   0.000000e+00  -1.490577e-01   0.000000e+00   0.000000e+00  -4.371837e-02   8.366539e-01  -1.527119e-02   0.000000e+00
 0.000000e+00   0.000000e+00  -5.614701e-03   0.000000e+00   0.000000e+00  -2.802858e-02  -1.527119e-02   1.831723e-01   0.000000e+00
 1.652738e-02   6.493954e-03   0.000000e+00   6.222691e-03   1.949537e-02   0.000000e+00   0.000000e+00   0.000000e+00   1.310404e-01

# timestamp: 1774889322.4364753
 4.056956e-03   1.149932e-03   0.000000e+00   1.520220e-03   3.262088e-03   0.000000e+00   0.000000e+00   0.000000e+00   1.660136e-02
 1.149932e-03   2.130358e-03   0.000000e+00   4.289199e-04   2.055434e-03   0.000000e+00   0.000000e+00   0.000000e+00   6.727536e-03
 0.000000e+00   0.000000e+00   2.993558e-02   0.000000e+00   0.000000e+00   1.072849e-02  -1.495776e-01  -5.950522e-03   0.000000e+00
 1.520220e-03   4.289199e-04   0.000000e+00   1.013300e-03   1.316327e-03   0.000000e+00   0.000000e+00   0.000000e+00   6.121847e-03
 3.262088e-03   2.055434e-03   0.000000e+00   1.316327e-03   4.677660e-03   0.000000e+00   0.000000e+00   0.000000e+00   1.978374e-02
 0.000000e+00   0.000000e+00   1.072849e-02   0.000000e+00   0.000000e+00   9.618167e-03  -4.304482e-02  -2.844257e-02   0.000000e+00
 0.000000e+00   0.000000e+00  -1.495776e-01   0.000000e+00   0.000000e+00  -4.304482e-02   8.378477e-01  -1.527119e-02   0.000000e+00
 0.000000e+00   0.000000e+00  -5.950522e-03   0.000000e+00   0.000000e+00  -2.844257e-02  -1.527119e-02   1.843660e-01   0.000000e+00
 1.660136e-02   6.727536e-03   0.000000e+00   6.121847e-03   1.978374e-02   0.000000e+00   0.000000e+00   0.000000e+00   1.322341e-01

# timestamp: 1774889322.6581938
 4.415806e-03   1.702348e-03   0.000000e+00   1.306942e-03   3.959265e-03   0.000000e+00   0.000000e+00   0.000000e+00   1.849539e-02
 1.702348e-03   2.602917e-03   0.000000e+00   4.763463e-04   2.867457e-03   0.000000e+00   0.000000e+00   0.000000e+00   1.006430e-02
 0.000000e+00   0.000000e+00   2.920953e-02   0.000000e+00   0.000000e+00   8.320661e-03  -1.454842e-01  -8.652408e-03   0.000000e+00
 1.306942e-03   4.763463e-04   0.000000e+00   8.239437e-04   1.149622e-03   0.000000e+00   0.000000e+00   0.000000e+00   4.606769e-03
 3.959265e-03   2.867457e-03   0.000000e+00   1.149622e-03   5.883899e-03   0.000000e+00   0.000000e+00   0.000000e+00   2.408790e-02
 0.000000e+00   0.000000e+00   8.320661e-03   0.000000e+00   0.000000e+00   9.641087e-03  -2.486162e-02  -3.409333e-02   0.000000e+00
 0.000000e+00   0.000000e+00  -1.454842e-01   0.000000e+00   0.000000e+00  -2.486162e-02   8.336976e-01  -2.459432e-02   0.000000e+00
 0.000000e+00   0.000000e+00  -8.652408e-03   0.000000e+00   0.000000e+00  -3.409333e-02  -2.459432e-02   2.028831e-01   0.000000e+00
 1.849539e-02   1.006430e-02   0.000000e+00   4.606769e-03   2.408790e-02   0.000000e+00   0.000000e+00   0.000000e+00   1.463597e-01

# timestamp: 1774889322.6893678
 4.275970e-03   1.641360e-03   0.000000e+00   1.204911e-03   3.924109e-03   0.000000e+00   0.000000e+00   0.000000e+00   1.881823e-02
 1.641360e-03   2.386690e-03   0.000000e+00   4.330412e-04   2.729914e-03   0.000000e+00   0.000000e+00   0.000000e+00   9.915768e-03
 0.000000e+00   0.000000e+00   2.763167e-02   0.000000e+00   0.000000e+00   7.141738e-03  -1.419846e-01  -7.460896e-03   0.000000e+00
 1.204911e-03   4.330412e-04   0.000000e+00   7.756343e-04   1.075857e-03   0.000000e+00   0.000000e+00   0.000000e+00   4.440482e-03
 3.924109e-03   2.729914e-03   0.000000e+00   1.075857e-03   5.822051e-03   0.000000e+00   0.000000e+00   0.000000e+00   2.409151e-02
 0.000000e+00   0.000000e+00   7.141738e-03   0.000000e+00   0.000000e+00   9.219942e-03  -2.053373e-02  -3.400231e-02   0.000000e+00
 0.000000e+00   0.000000e+00  -1.419846e-01   0.000000e+00   0.000000e+00  -2.053373e-02   8.286184e-01  -2.933850e-02   0.000000e+00
 0.000000e+00   0.000000e+00  -7.460896e-03   0.000000e+00   0.000000e+00  -3.400231e-02  -2.933850e-02   2.037635e-01   0.000000e+00
 1.881823e-02   9.915768e-03   0.000000e+00   4.440482e-03   2.409151e-02   0.000000e+00   0.000000e+00   0.000000e+00   1.451368e-01

# timestamp: 1774889322.709888
 4.337676e-03   1.720820e-03   0.000000e+00   1.200940e-03   4.003993e-03   0.000000e+00   0.000000e+00   0.000000e+00   1.889770e-02
 1.720820e-03   2.505825e-03   0.000000e+00   4.427251e-04   2.868881e-03   0.000000e+00   0.000000e+00   0.000000e+00   1.035430e-02
 0.000000e+00   0.000000e+00   2.790977e-02   0.000000e+00   0.000000e+00   7.199395e-03  -1.423507e-01  -8.079971e-03   0.000000e+00
 1.200940e-03   4.427251e-04   0.000000e+00   7.691188e-04   1.066702e-03   0.000000e+00   0.000000e+00   0.000000e+00   4.301133e-03
 4.003993e-03   2.868881e-03   0.000000e+00   1.066702e-03   5.979778e-03   0.000000e+00   0.000000e+00   0.000000e+00   2.456052e-02
 0.000000e+00   0.000000e+00   7.199395e-03   0.000000e+00   0.000000e+00   9.403623e-03  -1.964954e-02  -3.468714e-02   0.000000e+00
 0.000000e+00   0.000000e+00  -1.423507e-01   0.000000e+00   0.000000e+00  -1.964954e-02   8.304269e-01  -2.933850e-02   0.000000e+00
 0.000000e+00   0.000000e+00  -8.079971e-03   0.000000e+00   0.000000e+00  -3.468714e-02  -2.933850e-02   2.055720e-01   0.000000e+00
 1.889770e-02   1.035430e-02   0.000000e+00   4.301133e-03   2.456052e-02   0.000000e+00   0.000000e+00   0.000000e+00   1.469454e-01

# timestamp: 1774889322.7279377
 4.396666e-03   1.798347e-03   0.000000e+00   1.196968e-03   4.080581e-03   0.000000e+00   0.000000e+00   0.000000e+00   1.897160e-02
 1.798347e-03   2.624575e-03   0.000000e+00   4.514235e-04   3.005857e-03   0.000000e+00   0.000000e+00   0.000000e+00   1.078154e-02
 0.000000e+00   0.000000e+00   2.817835e-02   0.000000e+00   0.000000e+00   7.259191e-03  -1.426873e-01  -8.683454e-03   0.000000e+00
 1.196968e-03   4.514235e-04   0.000000e+00   7.631308e-04   1.057094e-03   0.000000e+00   0.000000e+00   0.000000e+00   4.165977e-03
 4.080581e-03   3.005857e-03   0.000000e+00   1.057094e-03   6.133629e-03   0.000000e+00   0.000000e+00   0.000000e+00   2.501541e-02
 0.000000e+00   0.000000e+00   7.259191e-03   0.000000e+00   0.000000e+00   9.585199e-03  -1.880124e-02  -3.534867e-02   0.000000e+00
 0.000000e+00   0.000000e+00  -1.426873e-01   0.000000e+00   0.000000e+00  -1.880124e-02   8.321585e-01  -2.933850e-02   0.000000e+00
 0.000000e+00   0.000000e+00  -8.683454e-03   0.000000e+00   0.000000e+00  -3.534867e-02  -2.933850e-02   2.073037e-01   0.000000e+00
 1.897160e-02   1.078154e-02   0.000000e+00   4.165977e-03   2.501541e-02   0.000000e+00   0.000000e+00   0.000000e+00   1.486770e-01

# timestamp: 1774889322.9479918
 4.423292e-03   2.176622e-03   0.000000e+00   9.764541e-04   4.384327e-03   0.000000e+00   0.000000e+00   0.000000e+00   1.927370e-02
 2.176622e-03   3.146649e-03   0.000000e+00   4.011412e-04   3.726854e-03   0.000000e+00   0.000000e+00   0.000000e+00   1.323247e-02
 0.000000e+00   0.000000e+00   2.753185e-02   0.000000e+00   0.000000e+00   5.840570e-03  -1.405542e-01  -1.021759e-02   0.000000e+00
 9.764541e-04   4.011412e-04   0.000000e+00   6.540686e-04   8.163585e-04   0.000000e+00   0.000000e+00   0.000000e+00   2.945229e-03
 4.384327e-03   3.726854e-03   0.000000e+00   8.163585e-04   6.974632e-03   0.000000e+00   0.000000e+00   0.000000e+00   2.740948e-02
 0.000000e+00   0.000000e+00   5.840570e-03   0.000000e+00   0.000000e+00   1.025595e-02  -6.596392e-03  -3.891551e-02   0.000000e+00
 0.000000e+00   0.000000e+00  -1.405542e-01   0.000000e+00   0.000000e+00  -6.596392e-03   8.477840e-01  -3.780323e-02   0.000000e+00
 0.000000e+00   0.000000e+00  -1.021759e-02   0.000000e+00   0.000000e+00  -3.891551e-02  -3.780323e-02   2.172365e-01   0.000000e+00
 1.927370e-02   1.323247e-02   0.000000e+00   2.945229e-03   2.740948e-02   0.000000e+00   0.000000e+00   0.000000e+00   1.551154e-01

# timestamp: 1774889322.9656432
 4.475169e-03   2.261098e-03   0.000000e+00   9.783140e-04   4.456356e-03   0.000000e+00   0.000000e+00   0.000000e+00   1.932490e-02
 2.261098e-03   3.297533e-03   0.000000e+00   4.086800e-04   3.890691e-03   0.000000e+00   0.000000e+00   0.000000e+00   1.371590e-02
 0.000000e+00   0.000000e+00   2.775697e-02   0.000000e+00   0.000000e+00   5.983682e-03  -1.406667e-01  -1.090401e-02   0.000000e+00
 9.783140e-04   4.086800e-04   0.000000e+00   6.529279e-04   8.112852e-04   0.000000e+00   0.000000e+00   0.000000e+00   2.867406e-03
 4.456356e-03   3.890691e-03   0.000000e+00   8.112852e-04   7.141717e-03   0.000000e+00   0.000000e+00   0.000000e+00   2.787685e-02
 0.000000e+00   0.000000e+00   5.983682e-03   0.000000e+00   0.000000e+00   1.048617e-02  -6.060600e-03  -3.958748e-02   0.000000e+00
 0.000000e+00   0.000000e+00  -1.406667e-01   0.000000e+00   0.000000e+00  -6.060600e-03   8.495378e-01  -3.780323e-02   0.000000e+00
 0.000000e+00   0.000000e+00  -1.090401e-02   0.000000e+00   0.000000e+00  -3.958748e-02  -3.780323e-02   2.189903e-01   0.000000e+00
 1.932490e-02   1.371590e-02   0.000000e+00   2.867406e-03   2.787685e-02   0.000000e+00   0.000000e+00   0.000000e+00   1.568691e-01

# timestamp: 1774889322.9957597
 4.196237e-03   2.009624e-03   0.000000e+00   8.796719e-04   4.173486e-03   0.000000e+00   0.000000e+00   0.000000e+00   1.880296e-02
 2.009624e-03   2.871701e-03   0.000000e+00   3.436889e-04   3.447168e-03   0.000000e+00   0.000000e+00   0.000000e+00   1.236373e-02
 0.000000e+00   0.000000e+00   2.671419e-02   0.000000e+00   0.000000e+00   4.931050e-03  -1.401144e-01  -8.558381e-03   0.000000e+00
 8.796719e-04   3.436889e-04   0.000000e+00   6.206013e-04   7.218632e-04   0.000000e+00   0.000000e+00   0.000000e+00   2.715429e-03
 4.173486e-03   3.447168e-03   0.000000e+00   7.218632e-04   6.657810e-03   0.000000e+00   0.000000e+00   0.000000e+00   2.628397e-02
 0.000000e+00   0.000000e+00   4.931050e-03   0.000000e+00   0.000000e+00   9.775601e-03  -4.208657e-03  -3.763655e-02   0.000000e+00
 0.000000e+00   0.000000e+00  -1.401144e-01   0.000000e+00   0.000000e+00  -4.208657e-03   8.524519e-01  -3.962838e-02   0.000000e+00
 0.000000e+00   0.000000e+00  -8.558381e-03   0.000000e+00   0.000000e+00  -3.763655e-02  -3.962838e-02   2.132034e-01   0.000000e+00
 1.880296e-02   1.236373e-02   0.000000e+00   2.715429e-03   2.628397e-02   0.000000e+00   0.000000e+00   0.000000e+00   1.496238e-01

# timestamp: 1774889323.0166898
 4.235826e-03   2.074624e-03   0.000000e+00   8.790064e-04   4.229755e-03   0.000000e+00   0.000000e+00   0.000000e+00   1.884159e-02
 2.074624e-03   2.986379e-03   0.000000e+00   3.475842e-04   3.573880e-03   0.000000e+00   0.000000e+00   0.000000e+00   1.274157e-02
 0.000000e+00   0.000000e+00   2.687145e-02   0.000000e+00   0.000000e+00   5.022459e-03  -1.401728e-01  -9.099473e-03   0.000000e+00
 8.790064e-04   3.475842e-04   0.000000e+00   6.193153e-04   7.149574e-04   0.000000e+00   0.000000e+00   0.000000e+00   2.638913e-03
 4.229755e-03   3.573880e-03   0.000000e+00   7.149574e-04   6.788411e-03   0.000000e+00   0.000000e+00   0.000000e+00   2.665170e-02
 0.000000e+00   0.000000e+00   5.022459e-03   0.000000e+00   0.000000e+00   9.958028e-03  -3.678592e-03  -3.817954e-02   0.000000e+00
 0.000000e+00   0.000000e+00  -1.401728e-01   0.000000e+00   0.000000e+00  -3.678592e-03   8.538845e-01  -3.962838e-02   0.000000e+00
 0.000000e+00   0.000000e+00  -9.099473e-03   0.000000e+00   0.000000e+00  -3.817954e-02  -3.962838e-02   2.146359e-01   0.000000e+00
 1.884159e-02   1.274157e-02   0.000000e+00   2.638913e-03   2.665170e-02   0.000000e+00   0.000000e+00   0.000000e+00   1.510564e-01

# timestamp: 1774889323.0418668
 4.299766e-03   2.181447e-03   0.000000e+00   8.778545e-04   4.320667e-03   0.000000e+00   0.000000e+00   0.000000e+00   1.890173e-02
 2.181447e-03   3.179424e-03   0.000000e+00   3.532498e-04   3.784543e-03   0.000000e+00   0.000000e+00   0.000000e+00   1.336306e-02
 0.000000e+00   0.000000e+00   2.713131e-02   0.000000e+00   0.000000e+00   5.178449e-03  -1.402514e-01  -9.989968e-03   0.000000e+00
 8.778545e-04   3.532498e-04   0.000000e+00   6.174025e-04   7.030039e-04   0.000000e+00   0.000000e+00   0.000000e+00   2.513705e-03
 4.320667e-03   3.784543e-03   0.000000e+00   7.030039e-04   7.003264e-03   0.000000e+00   0.000000e+00   0.000000e+00   2.725344e-02
 0.000000e+00   0.000000e+00   5.178449e-03   0.000000e+00   0.000000e+00   1.025957e-02  -2.820510e-03  -3.906448e-02   0.000000e+00
 0.000000e+00   0.000000e+00  -1.402514e-01   0.000000e+00   0.000000e+00  -2.820510e-03   8.561993e-01  -3.962838e-02   0.000000e+00
 0.000000e+00   0.000000e+00  -9.989968e-03   0.000000e+00   0.000000e+00  -3.906448e-02  -3.962838e-02   2.169508e-01   0.000000e+00
 1.890173e-02   1.336306e-02   0.000000e+00   2.513705e-03   2.725344e-02   0.000000e+00   0.000000e+00   0.000000e+00   1.533712e-01

# timestamp: 1774889323.2333767
 4.068767e-03   2.233411e-03   0.000000e+00   6.836620e-04   4.203217e-03   0.000000e+00   0.000000e+00   0.000000e+00   1.818541e-02
 2.233411e-03   3.374352e-03   0.000000e+00   2.422964e-04   4.018666e-03   0.000000e+00   0.000000e+00   0.000000e+00   1.409055e-02
 0.000000e+00   0.000000e+00   2.650881e-02   0.000000e+00   0.000000e+00   4.094435e-03  -1.395787e-01  -1.111040e-02   0.000000e+00
 6.836620e-04   2.422964e-04   0.000000e+00   5.574535e-04   4.528340e-04   0.000000e+00   0.000000e+00   0.000000e+00   1.547422e-03
 4.203217e-03   4.018666e-03   0.000000e+00   4.528340e-04   7.142854e-03   0.000000e+00   0.000000e+00   0.000000e+00   2.730569e-02
 0.000000e+00   0.000000e+00   4.094435e-03   0.000000e+00   0.000000e+00   1.068928e-02   5.373842e-03  -4.048424e-02   0.000000e+00
 0.000000e+00   0.000000e+00  -1.395787e-01   0.000000e+00   0.000000e+00   5.373842e-03   8.755751e-01  -4.071608e-02   0.000000e+00
 0.000000e+00   0.000000e+00  -1.111040e-02   0.000000e+00   0.000000e+00  -4.048424e-02  -4.071608e-02   2.198081e-01   0.000000e+00
 1.818541e-02   1.409055e-02   0.000000e+00   1.547422e-03   2.730569e-02   0.000000e+00   0.000000e+00   0.000000e+00   1.517718e-01

# timestamp: 1774889323.2565947
 4.129604e-03   2.348477e-03   0.000000e+00   6.816722e-04   4.293153e-03   0.000000e+00   0.000000e+00   0.000000e+00   1.822382e-02
 2.348477e-03   3.612323e-03   0.000000e+00   2.407267e-04   4.267013e-03   0.000000e+00   0.000000e+00   0.000000e+00   1.479796e-02
 0.000000e+00   0.000000e+00   2.675039e-02   0.000000e+00   0.000000e+00   4.298113e-03  -1.394314e-01  -1.215935e-02   0.000000e+00
 6.816722e-04   2.407267e-04   0.000000e+00   5.573705e-04   4.344440e-04   0.000000e+00   0.000000e+00   0.000000e+00   1.409979e-03
 4.293153e-03   4.267013e-03   0.000000e+00   4.344440e-04   7.383640e-03   0.000000e+00   0.000000e+00   0.000000e+00   2.796676e-02
 0.000000e+00   0.000000e+00   4.298113e-03   0.000000e+00   0.000000e+00   1.105558e-02   6.335375e-03  -4.147503e-02   0.000000e+00
 0.000000e+00   0.000000e+00  -1.394314e-01   0.000000e+00   0.000000e+00   6.335375e-03   8.781426e-01  -4.071608e-02   0.000000e+00
 0.000000e+00   0.000000e+00  -1.215935e-02   0.000000e+00   0.000000e+00  -4.147503e-02  -4.071608e-02   2.223757e-01   0.000000e+00
 1.822382e-02   1.479796e-02   0.000000e+00   1.409979e-03   2.796676e-02   0.000000e+00   0.000000e+00   0.000000e+00   1.543393e-01

# timestamp: 1774889323.2935708
 3.878145e-03   2.100898e-03   0.000000e+00   6.145210e-04   4.008198e-03   0.000000e+00   0.000000e+00   0.000000e+00   1.769413e-02
 2.100898e-03   3.174071e-03   0.000000e+00   1.981457e-04   3.804046e-03   0.000000e+00   0.000000e+00   0.000000e+00   1.346201e-02
 0.000000e+00   0.000000e+00   2.604580e-02   0.000000e+00   0.000000e+00   3.541839e-03  -1.396838e-01  -1.068956e-02   0.000000e+00
 6.145210e-04   1.981457e-04   0.000000e+00   5.384195e-04   3.763438e-04   0.000000e+00   0.000000e+00   0.000000e+00   1.367536e-03
 4.008198e-03   3.804046e-03   0.000000e+00   3.763438e-04   6.863156e-03   0.000000e+00   0.000000e+00   0.000000e+00   2.632838e-02
 0.000000e+00   0.000000e+00   3.541839e-03   0.000000e+00   0.000000e+00   1.046667e-02   7.050549e-03  -3.979224e-02   0.000000e+00
 0.000000e+00   0.000000e+00  -1.396838e-01   0.000000e+00   0.000000e+00   7.050549e-03   8.817517e-01  -3.926227e-02   0.000000e+00
 0.000000e+00   0.000000e+00  -1.068956e-02   0.000000e+00   0.000000e+00  -3.979224e-02  -3.926227e-02   2.174792e-01   0.000000e+00
 1.769413e-02   1.346201e-02   0.000000e+00   1.367536e-03   2.632838e-02   0.000000e+00   0.000000e+00   0.000000e+00   1.473124e-01

# timestamp: 1774889323.3082638
 3.905349e-03   2.152302e-03   0.000000e+00   6.150889e-04   4.048673e-03   0.000000e+00   0.000000e+00   0.000000e+00   1.771064e-02
 2.152302e-03   3.280149e-03   0.000000e+00   1.980684e-04   3.915800e-03   0.000000e+00   0.000000e+00   0.000000e+00   1.378373e-02
 0.000000e+00   0.000000e+00   2.614570e-02   0.000000e+00   0.000000e+00   3.644991e-03  -1.395968e-01  -1.117581e-02   0.000000e+00
 6.150889e-04   1.980684e-04   0.000000e+00   5.387280e-04   3.700923e-04   0.000000e+00   0.000000e+00   0.000000e+00   1.317300e-03
 4.048673e-03   3.915800e-03   0.000000e+00   3.700923e-04   6.971770e-03   0.000000e+00   0.000000e+00   0.000000e+00   2.662898e-02
 0.000000e+00   0.000000e+00   3.644991e-03   0.000000e+00   0.000000e+00   1.063512e-02   7.429318e-03  -4.024845e-02   0.000000e+00
 0.000000e+00   0.000000e+00  -1.395968e-01   0.000000e+00   0.000000e+00   7.429318e-03   8.829702e-01  -3.926227e-02   0.000000e+00
 0.000000e+00   0.000000e+00  -1.117581e-02   0.000000e+00   0.000000e+00  -4.024845e-02  -3.926227e-02   2.186977e-01   0.000000e+00
 1.771064e-02   1.378373e-02   0.000000e+00   1.317300e-03   2.662898e-02   0.000000e+00   0.000000e+00   0.000000e+00   1.485309e-01

# timestamp: 1774889323.3238525
 3.945662e-03   2.229334e-03   0.000000e+00   6.159272e-04   4.108533e-03   0.000000e+00   0.000000e+00   0.000000e+00   1.773396e-02
 2.229334e-03   3.442305e-03   0.000000e+00   1.976097e-04   4.084960e-03   0.000000e+00   0.000000e+00   0.000000e+00   1.426696e-02
 0.000000e+00   0.000000e+00   2.629835e-02   0.000000e+00   0.000000e+00   3.803439e-03  -1.394593e-01  -1.190619e-02   0.000000e+00
 6.159272e-04   1.976097e-04   0.000000e+00   5.392478e-04   3.604578e-04   0.000000e+00   0.000000e+00   0.000000e+00   1.242146e-03
 4.108533e-03   4.084960e-03   0.000000e+00   3.604578e-04   7.134876e-03   0.000000e+00   0.000000e+00   0.000000e+00   2.707869e-02
 0.000000e+00   0.000000e+00   3.803439e-03   0.000000e+00   0.000000e+00   1.088846e-02   7.991022e-03  -4.092860e-02   0.000000e+00
 0.000000e+00   0.000000e+00  -1.394593e-01   0.000000e+00   0.000000e+00   7.991022e-03   8.847747e-01  -3.926227e-02   0.000000e+00
 0.000000e+00   0.000000e+00  -1.190619e-02   0.000000e+00   0.000000e+00  -4.092860e-02  -3.926227e-02   2.205023e-01   0.000000e+00
 1.773396e-02   1.426696e-02   0.000000e+00   1.242146e-03   2.707869e-02   0.000000e+00   0.000000e+00   0.000000e+00   1.503355e-01

# timestamp: 1774889323.5285153
 3.658904e-03   2.114822e-03   0.000000e+00   5.719197e-04   3.773497e-03   0.000000e+00   0.000000e+00   0.000000e+00   1.632898e-02
 2.114822e-03   3.484878e-03   0.000000e+00   1.653279e-04   4.033228e-03   0.000000e+00   0.000000e+00   0.000000e+00   1.379695e-02
 0.000000e+00   0.000000e+00   2.627686e-02   0.000000e+00   0.000000e+00   3.950346e-03  -1.405594e-01  -1.346541e-02   0.000000e+00
 5.719197e-04   1.653279e-04   0.000000e+00   5.219962e-04   2.955344e-04   0.000000e+00   0.000000e+00   0.000000e+00   1.267504e-03
 3.773497e-03   4.033228e-03   0.000000e+00   2.955344e-04   6.824909e-03   0.000000e+00   0.000000e+00   0.000000e+00   2.548373e-02
 0.000000e+00   0.000000e+00   3.950346e-03   0.000000e+00   0.000000e+00   1.077078e-02   7.057000e-03  -3.977969e-02   0.000000e+00
 0.000000e+00   0.000000e+00  -1.405594e-01   0.000000e+00   0.000000e+00   7.057000e-03   9.001894e-01  -2.854980e-02   0.000000e+00
 0.000000e+00   0.000000e+00  -1.346541e-02   0.000000e+00   0.000000e+00  -3.977969e-02  -2.854980e-02   2.155517e-01   0.000000e+00
 1.632898e-02   1.379695e-02   0.000000e+00   1.267504e-03   2.548373e-02   0.000000e+00   0.000000e+00   0.000000e+00   1.435949e-01

# timestamp: 1774889323.5452304
 3.697254e-03   2.185333e-03   0.000000e+00   5.822820e-04   3.826012e-03   0.000000e+00   0.000000e+00   0.000000e+00   1.635160e-02
 2.185333e-03   3.648960e-03   0.000000e+00   1.715238e-04   4.196385e-03   0.000000e+00   0.000000e+00   0.000000e+00   1.425317e-02
 0.000000e+00   0.000000e+00   2.643935e-02   0.000000e+00   0.000000e+00   4.192770e-03  -1.404336e-01  -1.417739e-02   0.000000e+00
 5.822820e-04   1.715238e-04   0.000000e+00   5.239396e-04   3.008541e-04   0.000000e+00   0.000000e+00   0.000000e+00   1.276770e-03
 3.826012e-03   4.196385e-03   0.000000e+00   3.008541e-04   6.975152e-03   0.000000e+00   0.000000e+00   0.000000e+00   2.590203e-02
 0.000000e+00   0.000000e+00   4.192770e-03   0.000000e+00   0.000000e+00   1.100332e-02   7.081800e-03  -4.040407e-02   0.000000e+00
 0.000000e+00   0.000000e+00  -1.404336e-01   0.000000e+00   0.000000e+00   7.081800e-03   9.019699e-01  -2.854980e-02   0.000000e+00
 0.000000e+00   0.000000e+00  -1.417739e-02   0.000000e+00   0.000000e+00  -4.040407e-02  -2.854980e-02   2.173322e-01   0.000000e+00
 1.635160e-02   1.425317e-02   0.000000e+00   1.276770e-03   2.590203e-02   0.000000e+00   0.000000e+00   0.000000e+00   1.453754e-01

# timestamp: 1774889323.5611572
 3.723873e-03   2.234488e-03   0.000000e+00   5.894379e-04   3.862264e-03   0.000000e+00   0.000000e+00   0.000000e+00   1.636728e-02
 2.234488e-03   3.765336e-03   0.000000e+00   1.758620e-04   4.311053e-03   0.000000e+00   0.000000e+00   0.000000e+00   1.457160e-02
 0.000000e+00   0.000000e+00   2.655628e-02   0.000000e+00   0.000000e+00   4.363298e-03  -1.403467e-01  -1.467404e-02   0.000000e+00
 5.894379e-04   1.758620e-04   0.000000e+00   5.252783e-04   3.045482e-04   0.000000e+00   0.000000e+00   0.000000e+00   1.283216e-03
 3.862264e-03   4.311053e-03   0.000000e+00   3.045482e-04   7.080011e-03   0.000000e+00   0.000000e+00   0.000000e+00   2.619306e-02
 0.000000e+00   0.000000e+00   4.363298e-03   0.000000e+00   0.000000e+00   1.116553e-02   7.098808e-03  -4.083699e-02   0.000000e+00
 0.000000e+00   0.000000e+00  -1.403467e-01   0.000000e+00   0.000000e+00   7.098808e-03   9.031958e-01  -2.854980e-02   0.000000e+00
 0.000000e+00   0.000000e+00  -1.467404e-02   0.000000e+00   0.000000e+00  -4.083699e-02  -2.854980e-02   2.185582e-01   0.000000e+00
 1.636728e-02   1.457160e-02   0.000000e+00   1.283216e-03   2.619306e-02   0.000000e+00   0.000000e+00   0.000000e+00   1.466014e-01

# timestamp: 1774889323.580232
 3.773255e-03   2.326084e-03   0.000000e+00   6.026364e-04   3.929091e-03   0.000000e+00   0.000000e+00   0.000000e+00   1.639628e-02
 2.326084e-03   3.986562e-03   0.000000e+00   1.839873e-04   4.526777e-03   0.000000e+00   0.000000e+00   0.000000e+00   1.516579e-02
 0.000000e+00   0.000000e+00   2.678213e-02   0.000000e+00   0.000000e+00   4.684411e-03  -1.401865e-01  -1.560013e-02   0.000000e+00
 6.026364e-04   1.839873e-04   0.000000e+00   5.277404e-04   3.114051e-04   0.000000e+00   0.000000e+00   0.000000e+00   1.295212e-03
 3.929091e-03   4.526777e-03   0.000000e+00   3.114051e-04   7.275777e-03   0.000000e+00   0.000000e+00   0.000000e+00   2.673460e-02
 0.000000e+00   0.000000e+00   4.684411e-03   0.000000e+00   0.000000e+00   1.146818e-02   7.129922e-03  -4.163931e-02   0.000000e+00
 0.000000e+00   0.000000e+00  -1.401865e-01   0.000000e+00   0.000000e+00   7.129922e-03   9.054491e-01  -2.854980e-02   0.000000e+00
 0.000000e+00   0.000000e+00  -1.560013e-02   0.000000e+00   0.000000e+00  -4.163931e-02  -2.854980e-02   2.208114e-01   0.000000e+00
 1.639628e-02   1.516579e-02   0.000000e+00   1.295212e-03   2.673460e-02   0.000000e+00   0.000000e+00   0.000000e+00   1.488546e-01

# timestamp: 1774889323.625102
 3.498998e-03   1.986185e-03   0.000000e+00   5.794049e-04   3.538675e-03   0.000000e+00   0.000000e+00   0.000000e+00   1.551624e-02
 1.986185e-03   3.386220e-03   0.000000e+00   1.688230e-04   3.852764e-03   0.000000e+00   0.000000e+00   0.000000e+00   1.302648e-02
 0.000000e+00   0.000000e+00   2.639672e-02   0.000000e+00   0.000000e+00   4.193154e-03  -1.418950e-01  -1.385412e-02   0.000000e+00
 5.794049e-04   1.688230e-04   0.000000e+00   5.199195e-04   3.063158e-04   0.000000e+00   0.000000e+00   0.000000e+00   1.501481e-03
 3.538675e-03   3.852764e-03   0.000000e+00   3.063158e-04   6.487644e-03   0.000000e+00   0.000000e+00   0.000000e+00   2.410650e-02
 0.000000e+00   0.000000e+00   4.193154e-03   0.000000e+00   0.000000e+00   1.038450e-02   4.018974e-03  -3.815884e-02   0.000000e+00
 0.000000e+00   0.000000e+00  -1.418950e-01   0.000000e+00   0.000000e+00   4.018974e-03   9.056342e-01  -2.012611e-02   0.000000e+00
 0.000000e+00   0.000000e+00  -1.385412e-02   0.000000e+00   0.000000e+00  -3.815884e-02  -2.012611e-02   2.100769e-01   0.000000e+00
 1.551624e-02   1.302648e-02   0.000000e+00   1.501481e-03   2.410650e-02   0.000000e+00   0.000000e+00   0.000000e+00   1.382191e-01

# timestamp: 1774889323.817937
 3.297517e-03   1.796803e-03   0.000000e+00   6.262833e-04   3.204129e-03   0.000000e+00   0.000000e+00   0.000000e+00   1.451190e-02
 1.796803e-03   3.207353e-03   0.000000e+00   1.983656e-04   3.548646e-03   0.000000e+00   0.000000e+00   0.000000e+00   1.186822e-02
 0.000000e+00   0.000000e+00   2.689205e-02   0.000000e+00   0.000000e+00   4.987930e-03  -1.450107e-01  -1.492631e-02   0.000000e+00
 6.262833e-04   1.983656e-04   0.000000e+00   5.273902e-04   3.707344e-04   0.000000e+00   0.000000e+00   0.000000e+00   2.094973e-03
 3.204129e-03   3.548646e-03   0.000000e+00   3.707344e-04   5.937957e-03   0.000000e+00   0.000000e+00   0.000000e+00   2.204279e-02
 0.000000e+00   0.000000e+00   4.987930e-03   0.000000e+00   0.000000e+00   9.883860e-03  -2.774190e-03  -3.612449e-02   0.000000e+00
 0.000000e+00   0.000000e+00  -1.450107e-01   0.000000e+00   0.000000e+00  -2.774190e-03   9.174137e-01  -6.723975e-03   0.000000e+00
 0.000000e+00   0.000000e+00  -1.492631e-02   0.000000e+00   0.000000e+00  -3.612449e-02  -6.723975e-03   2.044125e-01   0.000000e+00
 1.451190e-02   1.186822e-02   0.000000e+00   2.094973e-03   2.204279e-02   0.000000e+00   0.000000e+00   0.000000e+00   1.312189e-01

# timestamp: 1774889323.8464727
 3.359076e-03   1.889925e-03   0.000000e+00   6.452689e-04   3.276140e-03   0.000000e+00   0.000000e+00   0.000000e+00   1.456908e-02
 1.889925e-03   3.432242e-03   0.000000e+00   2.124582e-04   3.763531e-03   0.000000e+00   0.000000e+00   0.000000e+00   1.247092e-02
 0.000000e+00   0.000000e+00   2.719897e-02   0.000000e+00   0.000000e+00   5.371062e-03  -1.450882e-01  -1.591359e-02   0.000000e+00
 6.452689e-04   2.124582e-04   0.000000e+00   5.314463e-04   3.868146e-04   0.000000e+00   0.000000e+00   0.000000e+00   2.137232e-03
 3.276140e-03   3.763531e-03   0.000000e+00   3.868146e-04   6.130357e-03   0.000000e+00   0.000000e+00   0.000000e+00   2.260808e-02
 0.000000e+00   0.000000e+00   5.371062e-03   0.000000e+00   0.000000e+00   1.019907e-02  -3.037579e-03  -3.699860e-02   0.000000e+00
 0.000000e+00   0.000000e+00  -1.450882e-01   0.000000e+00   0.000000e+00  -3.037579e-03   9.201257e-01  -6.723975e-03   0.000000e+00
 0.000000e+00   0.000000e+00  -1.591359e-02   0.000000e+00   0.000000e+00  -3.699860e-02  -6.723975e-03   2.071245e-01   0.000000e+00
 1.456908e-02   1.247092e-02   0.000000e+00   2.137232e-03   2.260808e-02   0.000000e+00   0.000000e+00   0.000000e+00   1.339309e-01

# timestamp: 1774889323.869889
 3.413571e-03   1.973044e-03   0.000000e+00   6.619171e-04   3.339458e-03   0.000000e+00   0.000000e+00   0.000000e+00   1.461988e-02
 1.973044e-03   3.637950e-03   0.000000e+00   2.252629e-04   3.957273e-03   0.000000e+00   0.000000e+00   0.000000e+00   1.300916e-02
 0.000000e+00   0.000000e+00   2.748378e-02   0.000000e+00   0.000000e+00   5.715577e-03  -1.451618e-01  -1.679405e-02   0.000000e+00
 6.619171e-04   2.252629e-04   0.000000e+00   5.350030e-04   4.011229e-04   0.000000e+00   0.000000e+00   0.000000e+00   2.174737e-03
 3.339458e-03   3.957273e-03   0.000000e+00   4.011229e-04   6.301976e-03   0.000000e+00   0.000000e+00   0.000000e+00   2.310976e-02
 0.000000e+00   0.000000e+00   5.715577e-03   0.000000e+00   0.000000e+00   1.047998e-02  -3.267785e-03  -3.776941e-02   0.000000e+00
 0.000000e+00   0.000000e+00  -1.451618e-01   0.000000e+00   0.000000e+00  -3.267785e-03   9.224890e-01  -6.723975e-03   0.000000e+00
 0.000000e+00   0.000000e+00  -1.679405e-02   0.000000e+00   0.000000e+00  -3.776941e-02  -6.723975e-03   2.094879e-01   0.000000e+00
 1.461988e-02   1.300916e-02   0.000000e+00   2.174737e-03   2.310976e-02   0.000000e+00   0.000000e+00   0.000000e+00   1.362942e-01

# timestamp: 1774889323.8911839
 3.215328e-03   1.705586e-03   0.000000e+00   6.348260e-04   3.078710e-03   0.000000e+00   0.000000e+00   0.000000e+00   1.438040e-02
 1.705586e-03   3.042173e-03   0.000000e+00   2.039307e-04   3.356611e-03   0.000000e+00   0.000000e+00   0.000000e+00   1.140754e-02
 0.000000e+00   0.000000e+00   2.695934e-02   0.000000e+00   0.000000e+00   5.093292e-03  -1.464723e-01  -1.512395e-02   0.000000e+00
 6.348260e-04   2.039307e-04   0.000000e+00   5.286725e-04   3.877950e-04   0.000000e+00   0.000000e+00   0.000000e+00   2.296761e-03
 3.078710e-03   3.356611e-03   0.000000e+00   3.877950e-04   5.677091e-03   0.000000e+00   0.000000e+00   0.000000e+00   2.131791e-02
 0.000000e+00   0.000000e+00   5.093292e-03   0.000000e+00   0.000000e+00   9.642870e-03  -4.757355e-03  -3.552632e-02   0.000000e+00
 0.000000e+00   0.000000e+00  -1.464723e-01   0.000000e+00   0.000000e+00  -4.757355e-03   9.239825e-01  -2.994707e-03   0.000000e+00
 0.000000e+00   0.000000e+00  -1.512395e-02   0.000000e+00   0.000000e+00  -3.552632e-02  -2.994707e-03   2.037747e-01   0.000000e+00
 1.438040e-02   1.140754e-02   0.000000e+00   2.296761e-03   2.131791e-02   0.000000e+00   0.000000e+00   0.000000e+00   1.287508e-01

# timestamp: 1774889323.9187093
 3.262061e-03   1.773387e-03   0.000000e+00   6.418600e-04   3.133112e-03   0.000000e+00   0.000000e+00   0.000000e+00   1.442728e-02
 1.773387e-03   3.203317e-03   0.000000e+00   2.087866e-04   3.511744e-03   0.000000e+00   0.000000e+00   0.000000e+00   1.184772e-02
 0.000000e+00   0.000000e+00   2.719306e-02   0.000000e+00   0.000000e+00   5.304036e-03  -1.465681e-01  -1.585726e-02   0.000000e+00
 6.418600e-04   2.087866e-04   0.000000e+00   5.295119e-04   3.894162e-04   0.000000e+00   0.000000e+00   0.000000e+00   2.262165e-03
 3.133112e-03   3.511744e-03   0.000000e+00   3.894162e-04   5.817864e-03   0.000000e+00   0.000000e+00   0.000000e+00   2.173717e-02
 0.000000e+00   0.000000e+00   5.304036e-03   0.000000e+00   0.000000e+00   9.873522e-03  -4.501684e-03  -3.618810e-02   0.000000e+00
 0.000000e+00   0.000000e+00  -1.465681e-01   0.000000e+00   0.000000e+00  -4.501684e-03   9.260340e-01  -2.994707e-03   0.000000e+00
 0.000000e+00   0.000000e+00  -1.585726e-02   0.000000e+00   0.000000e+00  -3.618810e-02  -2.994707e-03   2.058262e-01   0.000000e+00
 1.442728e-02   1.184772e-02   0.000000e+00   2.262165e-03   2.173717e-02   0.000000e+00   0.000000e+00   0.000000e+00   1.308023e-01

# timestamp: 1774889324.1099806
 3.268508e-03   1.848067e-03   0.000000e+00   6.023733e-04   3.159314e-03   0.000000e+00   0.000000e+00   0.000000e+00   1.482645e-02
 1.848067e-03   3.311890e-03   0.000000e+00   1.832079e-04   3.635233e-03   0.000000e+00   0.000000e+00   0.000000e+00   1.275507e-02
 0.000000e+00   0.000000e+00   2.742182e-02   0.000000e+00   0.000000e+00   5.203149e-03  -1.478411e-01  -1.839854e-02   0.000000e+00
 6.023733e-04   1.832079e-04   0.000000e+00   5.117880e-04   3.323134e-04   0.000000e+00   0.000000e+00   0.000000e+00   1.958153e-03
 3.159314e-03   3.635233e-03   0.000000e+00   3.323134e-04   5.873335e-03   0.000000e+00   0.000000e+00   0.000000e+00   2.237007e-02
 0.000000e+00   0.000000e+00   5.203149e-03   0.000000e+00   0.000000e+00   1.028309e-02  -1.063373e-03  -3.819712e-02   0.000000e+00
 0.000000e+00   0.000000e+00  -1.478411e-01   0.000000e+00   0.000000e+00  -1.063373e-03   9.446325e-01  -1.508792e-03   0.000000e+00
 0.000000e+00   0.000000e+00  -1.839854e-02   0.000000e+00   0.000000e+00  -3.819712e-02  -1.508792e-03   2.146027e-01   0.000000e+00
 1.482645e-02   1.275507e-02   0.000000e+00   1.958153e-03   2.237007e-02   0.000000e+00   0.000000e+00   0.000000e+00   1.346585e-01

# timestamp: 1774889324.1307023
 3.309418e-03   1.910241e-03   0.000000e+00   6.007500e-04   3.208845e-03   0.000000e+00   0.000000e+00   0.000000e+00   1.486226e-02
 1.910241e-03   3.467432e-03   0.000000e+00   1.795325e-04   3.782843e-03   0.000000e+00   0.000000e+00   0.000000e+00   1.317118e-02
 0.000000e+00   0.000000e+00   2.763612e-02   0.000000e+00   0.000000e+00   5.339354e-03  -1.478576e-01  -1.910885e-02   0.000000e+00
 6.007500e-04   1.795325e-04   0.000000e+00   5.107856e-04   3.210014e-04   0.000000e+00   0.000000e+00   0.000000e+00   1.856338e-03
 3.208845e-03   3.782843e-03   0.000000e+00   3.210014e-04   6.007151e-03   0.000000e+00   0.000000e+00   0.000000e+00   2.276786e-02
 0.000000e+00   0.000000e+00   5.339354e-03   0.000000e+00   0.000000e+00   1.050908e-02  -3.510342e-04  -3.882976e-02   0.000000e+00
 0.000000e+00   0.000000e+00  -1.478576e-01   0.000000e+00   0.000000e+00  -3.510342e-04   9.464847e-01  -1.508792e-03   0.000000e+00
 0.000000e+00   0.000000e+00  -1.910885e-02   0.000000e+00   0.000000e+00  -3.882976e-02  -1.508792e-03   2.164548e-01   0.000000e+00
 1.486226e-02   1.317118e-02   0.000000e+00   1.856338e-03   2.276786e-02   0.000000e+00   0.000000e+00   0.000000e+00   1.365107e-01

# timestamp: 1774889324.156999
 3.364158e-03   1.994950e-03   0.000000e+00   5.985035e-04   3.275064e-03   0.000000e+00   0.000000e+00   0.000000e+00   1.490722e-02
 1.994950e-03   3.684735e-03   0.000000e+00   1.737772e-04   3.986658e-03   0.000000e+00   0.000000e+00   0.000000e+00   1.374101e-02
 0.000000e+00   0.000000e+00   2.793147e-02   0.000000e+00   0.000000e+00   5.531980e-03  -1.478585e-01  -2.008014e-02   0.000000e+00
 5.985035e-04   1.737772e-04   0.000000e+00   5.096826e-04   3.048927e-04   0.000000e+00   0.000000e+00   0.000000e+00   1.717709e-03
 3.275064e-03   3.986658e-03   0.000000e+00   3.048927e-04   6.190248e-03   0.000000e+00   0.000000e+00   0.000000e+00   2.330948e-02
 0.000000e+00   0.000000e+00   5.531980e-03   0.000000e+00   0.000000e+00   1.081959e-02   6.061714e-04  -3.968627e-02   0.000000e+00
 0.000000e+00   0.000000e+00  -1.478585e-01   0.000000e+00   0.000000e+00   6.061714e-04   9.489680e-01  -1.508792e-03   0.000000e+00
 0.000000e+00   0.000000e+00  -2.008014e-02   0.000000e+00   0.000000e+00  -3.968627e-02  -1.508792e-03   2.189381e-01   0.000000e+00
 1.490722e-02   1.374101e-02   0.000000e+00   1.717709e-03   2.330948e-02   0.000000e+00   0.000000e+00   0.000000e+00   1.389940e-01

# timestamp: 1774889324.1858594
 3.232268e-03   1.840384e-03   0.000000e+00   5.548004e-04   3.139722e-03   0.000000e+00   0.000000e+00   0.000000e+00   1.502343e-02
 1.840384e-03   3.244592e-03   0.000000e+00   1.503676e-04   3.589149e-03   0.000000e+00   0.000000e+00   0.000000e+00   1.295380e-02
 0.000000e+00   0.000000e+00   2.717162e-02   0.000000e+00   0.000000e+00   4.720267e-03  -1.479038e-01  -1.899401e-02   0.000000e+00
 5.548004e-04   1.503676e-04   0.000000e+00   4.974292e-04   2.733681e-04   0.000000e+00   0.000000e+00   0.000000e+00   1.668988e-03
 3.139722e-03   3.589149e-03   0.000000e+00   2.733681e-04   5.816182e-03   0.000000e+00   0.000000e+00   0.000000e+00   2.248407e-02
 0.000000e+00   0.000000e+00   4.720267e-03   0.000000e+00   0.000000e+00   1.030076e-02   2.045697e-03  -3.866785e-02   0.000000e+00
 0.000000e+00   0.000000e+00  -1.479038e-01   0.000000e+00   0.000000e+00   2.045697e-03   9.524116e-01  -1.339566e-03   0.000000e+00
 0.000000e+00   0.000000e+00  -1.899401e-02   0.000000e+00   0.000000e+00  -3.866785e-02  -1.339566e-03   2.172523e-01   0.000000e+00
 1.502343e-02   1.295380e-02   0.000000e+00   1.668988e-03   2.248407e-02   0.000000e+00   0.000000e+00   0.000000e+00   1.353151e-01

# timestamp: 1774889324.2035763
 3.269527e-03   1.898633e-03   0.000000e+00   5.479660e-04   3.186573e-03   0.000000e+00   0.000000e+00   0.000000e+00   1.505233e-02
 1.898633e-03   3.391001e-03   0.000000e+00   1.413454e-04   3.729405e-03   0.000000e+00   0.000000e+00   0.000000e+00   1.335202e-02
 0.000000e+00   0.000000e+00   2.735830e-02   0.000000e+00   0.000000e+00   4.804009e-03  -1.478638e-01  -1.967868e-02   0.000000e+00
 5.479660e-04   1.413454e-04   0.000000e+00   4.958750e-04   2.542953e-04   0.000000e+00   0.000000e+00   0.000000e+00   1.527055e-03
 3.186573e-03   3.729405e-03   0.000000e+00   2.542953e-04   5.944839e-03   0.000000e+00   0.000000e+00   0.000000e+00   2.286654e-02
 0.000000e+00   0.000000e+00   4.804009e-03   0.000000e+00   0.000000e+00   1.052591e-02   3.039797e-03  -3.928098e-02   0.000000e+00
 0.000000e+00   0.000000e+00  -1.478638e-01   0.000000e+00   0.000000e+00   3.039797e-03   9.541762e-01  -1.339566e-03   0.000000e+00
 0.000000e+00   0.000000e+00  -1.967868e-02   0.000000e+00   0.000000e+00  -3.928098e-02  -1.339566e-03   2.190169e-01   0.000000e+00
 1.505233e-02   1.335202e-02   0.000000e+00   1.527055e-03   2.286654e-02   0.000000e+00   0.000000e+00   0.000000e+00   1.370797e-01

# timestamp: 1774889324.397303
 3.247810e-03   2.015819e-03   0.000000e+00   3.724975e-04   3.246595e-03   0.000000e+00   0.000000e+00   0.000000e+00   1.537122e-02
 2.015819e-03   3.618351e-03   0.000000e+00  -1.339959e-05   3.993001e-03   0.000000e+00   0.000000e+00   0.000000e+00   1.476165e-02
 0.000000e+00   0.000000e+00   2.694634e-02   0.000000e+00   0.000000e+00   3.526067e-03  -1.466132e-01  -2.252265e-02   0.000000e+00
 3.724975e-04  -1.339959e-05   0.000000e+00   4.699231e-04  -9.017758e-06   0.000000e+00   0.000000e+00   0.000000e+00   1.181225e-04
 3.246595e-03   3.993001e-03   0.000000e+00  -9.017758e-06   6.171294e-03   0.000000e+00   0.000000e+00   0.000000e+00   2.407247e-02
 0.000000e+00   0.000000e+00   3.526067e-03   0.000000e+00   0.000000e+00   1.130009e-02   1.527226e-02  -4.153069e-02   0.000000e+00
 0.000000e+00   0.000000e+00  -1.466132e-01   0.000000e+00   0.000000e+00   1.527226e-02   9.732644e-01  -4.214066e-04   0.000000e+00
 0.000000e+00   0.000000e+00  -2.252265e-02   0.000000e+00   0.000000e+00  -4.153069e-02  -4.214066e-04   2.274361e-01   0.000000e+00
 1.537122e-02   1.476165e-02   0.000000e+00   1.181225e-04   2.407247e-02   0.000000e+00   0.000000e+00   0.000000e+00   1.423935e-01

# timestamp: 1774889324.4145124
 3.281273e-03   2.078216e-03   0.000000e+00   3.573375e-04   3.293312e-03   0.000000e+00   0.000000e+00   0.000000e+00   1.537205e-02
 2.078216e-03   3.794253e-03   0.000000e+00  -3.757512e-05   4.159012e-03   0.000000e+00   0.000000e+00   0.000000e+00   1.522796e-02
 0.000000e+00   0.000000e+00   2.710353e-02   0.000000e+00   0.000000e+00   3.585526e-03  -1.463093e-01  -2.332677e-02   0.000000e+00
 3.573375e-04  -3.757512e-05   0.000000e+00   4.718325e-04  -4.729476e-05   0.000000e+00   0.000000e+00   0.000000e+00  -1.083617e-04
 3.293312e-03   4.159012e-03   0.000000e+00  -4.729476e-05   6.322189e-03   0.000000e+00   0.000000e+00   0.000000e+00   2.451301e-02
 0.000000e+00   0.000000e+00   3.585526e-03   0.000000e+00   0.000000e+00   1.160942e-02   1.680976e-02  -4.223265e-02   0.000000e+00
 0.000000e+00   0.000000e+00  -1.463093e-01   0.000000e+00   0.000000e+00   1.680976e-02   9.751898e-01  -4.214066e-04   0.000000e+00
 0.000000e+00   0.000000e+00  -2.332677e-02   0.000000e+00   0.000000e+00  -4.223265e-02  -4.214066e-04   2.293614e-01   0.000000e+00
 1.537205e-02   1.522796e-02   0.000000e+00  -1.083617e-04   2.451301e-02   0.000000e+00   0.000000e+00   0.000000e+00   1.443189e-01

# timestamp: 1774889324.4351678
 3.319432e-03   2.151168e-03   0.000000e+00   3.397934e-04   3.346638e-03   0.000000e+00   0.000000e+00   0.000000e+00   1.536769e-02
 2.151168e-03   4.006551e-03   0.000000e+00  -6.751716e-05   4.357203e-03   0.000000e+00   0.000000e+00   0.000000e+00   1.577976e-02
 0.000000e+00   0.000000e+00   2.728936e-02   0.000000e+00   0.000000e+00   3.665778e-03  -1.459204e-01  -2.427693e-02   0.000000e+00
 3.397934e-04  -6.751716e-05   0.000000e+00   4.749520e-04  -9.349487e-05   0.000000e+00   0.000000e+00   0.000000e+00  -3.752643e-04
 3.346638e-03   4.357203e-03   0.000000e+00  -9.349487e-05   6.500811e-03   0.000000e+00   0.000000e+00   0.000000e+00   2.503217e-02
 0.000000e+00   0.000000e+00   3.665778e-03   0.000000e+00   0.000000e+00   1.198010e-02   1.859892e-02  -4.305535e-02   0.000000e+00
 0.000000e+00   0.000000e+00  -1.459204e-01   0.000000e+00   0.000000e+00   1.859892e-02   9.774254e-01  -4.214066e-04   0.000000e+00
 0.000000e+00   0.000000e+00  -2.427693e-02   0.000000e+00   0.000000e+00  -4.305535e-02  -4.214066e-04   2.315971e-01   0.000000e+00
 1.536769e-02   1.577976e-02   0.000000e+00  -3.752643e-04   2.503217e-02   0.000000e+00   0.000000e+00   0.000000e+00   1.465546e-01

# timestamp: 1774889324.4612236
 3.351129e-03   2.213175e-03   0.000000e+00   3.250394e-04   3.390917e-03   0.000000e+00   0.000000e+00   0.000000e+00   1.535962e-02
 2.213175e-03   4.192818e-03   0.000000e+00  -9.442953e-05   4.529272e-03   0.000000e+00   0.000000e+00   0.000000e+00   1.625458e-02
 0.000000e+00   0.000000e+00   2.744976e-02   0.000000e+00   0.000000e+00   3.743166e-03  -1.455625e-01  -2.509335e-02   0.000000e+00
 3.250394e-04  -9.442953e-05   0.000000e+00   4.783559e-04  -1.340296e-04   0.000000e+00   0.000000e+00   0.000000e+00  -6.042020e-04
 3.390917e-03   4.529272e-03   0.000000e+00  -1.340296e-04   6.654661e-03   0.000000e+00   0.000000e+00   0.000000e+00   2.547749e-02
 0.000000e+00   0.000000e+00   3.743166e-03   0.000000e+00   0.000000e+00   1.230305e-02   2.011424e-02  -4.375717e-02   0.000000e+00
 0.000000e+00   0.000000e+00  -1.455625e-01   0.000000e+00   0.000000e+00   2.011424e-02   9.793147e-01  -4.214066e-04   0.000000e+00
 0.000000e+00   0.000000e+00  -2.509335e-02   0.000000e+00   0.000000e+00  -4.375717e-02  -4.214066e-04   2.334863e-01   0.000000e+00
 1.535962e-02   1.625458e-02   0.000000e+00  -6.042020e-04   2.547749e-02   0.000000e+00   0.000000e+00   0.000000e+00   1.484438e-01

# timestamp: 1774889324.4863243
 3.198211e-03   2.034613e-03   0.000000e+00   2.640969e-04   3.232810e-03   0.000000e+00   0.000000e+00   0.000000e+00   1.537965e-02
 2.034613e-03   3.672460e-03   0.000000e+00  -1.172864e-04   4.060833e-03   0.000000e+00   0.000000e+00   0.000000e+00   1.523444e-02
 0.000000e+00   0.000000e+00   2.660971e-02   0.000000e+00   0.000000e+00   2.684182e-03  -1.458473e-01  -2.370044e-02   0.000000e+00
 2.640969e-04  -1.172864e-04   0.000000e+00   4.693089e-04  -1.756481e-04   0.000000e+00   0.000000e+00   0.000000e+00  -7.282133e-04
 3.232810e-03   4.060833e-03   0.000000e+00  -1.756481e-04   6.219122e-03   0.000000e+00   0.000000e+00   0.000000e+00   2.442557e-02
 0.000000e+00   0.000000e+00   2.684182e-03   0.000000e+00   0.000000e+00   1.167086e-02   2.199606e-02  -4.205116e-02   0.000000e+00
 0.000000e+00   0.000000e+00  -1.458473e-01   0.000000e+00   0.000000e+00   2.199606e-02   9.816326e-01   1.904164e-03   0.000000e+00
 0.000000e+00   0.000000e+00  -2.370044e-02   0.000000e+00   0.000000e+00  -4.205116e-02   1.904164e-03   2.297154e-01   0.000000e+00
 1.537965e-02   1.523444e-02   0.000000e+00  -7.282133e-04   2.442557e-02   0.000000e+00   0.000000e+00   0.000000e+00   1.437590e-01

# timestamp: 1774889324.6867323
 3.077549e-03   2.156620e-03   0.000000e+00  -8.414726e-05   3.247475e-03   0.000000e+00   0.000000e+00   0.000000e+00   1.527113e-02
 2.156620e-03   4.093858e-03   0.000000e+00  -5.286613e-04   4.514808e-03   0.000000e+00   0.000000e+00   0.000000e+00   1.731623e-02
 0.000000e+00   0.000000e+00   2.538702e-02   0.000000e+00   0.000000e+00   2.937079e-04  -1.406370e-01  -2.774863e-02   0.000000e+00
-8.414726e-05  -5.286613e-04   0.000000e+00   5.645751e-04  -7.894716e-04   0.000000e+00   0.000000e+00   0.000000e+00  -3.825038e-03
 3.247475e-03   4.514808e-03   0.000000e+00  -7.894716e-04   6.621153e-03   0.000000e+00   0.000000e+00   0.000000e+00   2.617651e-02
 0.000000e+00   0.000000e+00   2.937079e-04   0.000000e+00   0.000000e+00   1.409131e-02   4.593809e-02  -4.470924e-02   0.000000e+00
 0.000000e+00   0.000000e+00  -1.406370e-01   0.000000e+00   0.000000e+00   4.593809e-02   1.000794e+00   5.115798e-03   0.000000e+00
 0.000000e+00   0.000000e+00  -2.774863e-02   0.000000e+00   0.000000e+00  -4.470924e-02   5.115798e-03   2.392813e-01   0.000000e+00
 1.527113e-02   1.731623e-02   0.000000e+00  -3.825038e-03   2.617651e-02   0.000000e+00   0.000000e+00   0.000000e+00   1.506269e-01

# timestamp: 1774889324.7055054
 3.092959e-03   2.208009e-03   0.000000e+00  -1.228378e-04   3.276503e-03   0.000000e+00   0.000000e+00   0.000000e+00   1.519518e-02
 2.208009e-03   4.287863e-03   0.000000e+00  -6.018536e-04   4.693666e-03   0.000000e+00   0.000000e+00   0.000000e+00   1.781739e-02
 0.000000e+00   0.000000e+00   2.541764e-02   0.000000e+00   0.000000e+00   1.921235e-04  -1.397418e-01  -2.860416e-02   0.000000e+00
-1.228378e-04  -6.018536e-04   0.000000e+00   5.930327e-04  -8.874942e-04   0.000000e+00   0.000000e+00   0.000000e+00  -4.320278e-03
 3.276503e-03   4.693666e-03   0.000000e+00  -8.874942e-04   6.778019e-03   0.000000e+00   0.000000e+00   0.000000e+00   2.662233e-02
 0.000000e+00   0.000000e+00   1.921235e-04   0.000000e+00   0.000000e+00   1.466783e-02   4.919018e-02  -4.539858e-02   0.000000e+00
 0.000000e+00   0.000000e+00  -1.397418e-01   0.000000e+00   0.000000e+00   4.919018e-02   1.002698e+00   5.115798e-03   0.000000e+00
 0.000000e+00   0.000000e+00  -2.860416e-02   0.000000e+00   0.000000e+00  -4.539858e-02   5.115798e-03   2.411850e-01   0.000000e+00
 1.519518e-02   1.781739e-02   0.000000e+00  -4.320278e-03   2.662233e-02   0.000000e+00   0.000000e+00   0.000000e+00   1.525307e-01

# timestamp: 1774889324.7200203
 3.097679e-03   2.224627e-03   0.000000e+00  -1.353151e-04   3.285536e-03   0.000000e+00   0.000000e+00   0.000000e+00   1.516828e-02
 2.224627e-03   4.352798e-03   0.000000e+00  -6.265541e-04   4.753131e-03   0.000000e+00   0.000000e+00   0.000000e+00   1.798314e-02
 0.000000e+00   0.000000e+00   2.542682e-02   0.000000e+00   0.000000e+00   1.625021e-04  -1.394355e-01  -2.888681e-02   0.000000e+00
-1.353151e-04  -6.265541e-04   0.000000e+00   6.030426e-04  -9.201843e-04   0.000000e+00   0.000000e+00   0.000000e+00  -4.483580e-03
 3.285536e-03   4.753131e-03   0.000000e+00  -9.201843e-04   6.829891e-03   0.000000e+00   0.000000e+00   0.000000e+00   2.676933e-02
 0.000000e+00   0.000000e+00   1.625021e-04   0.000000e+00   0.000000e+00   1.486186e-02   5.025508e-02  -4.562523e-02   0.000000e+00
 0.000000e+00   0.000000e+00  -1.394355e-01   0.000000e+00   0.000000e+00   5.025508e-02   1.003320e+00   5.115798e-03   0.000000e+00
 0.000000e+00   0.000000e+00  -2.888681e-02   0.000000e+00   0.000000e+00  -4.562523e-02   5.115798e-03   2.418076e-01   0.000000e+00
 1.516828e-02   1.798314e-02   0.000000e+00  -4.483580e-03   2.676933e-02   0.000000e+00   0.000000e+00   0.000000e+00   1.531533e-01

# timestamp: 1774889324.7344687
 3.109556e-03   2.268299e-03   0.000000e+00  -1.680197e-04   3.308489e-03   0.000000e+00   0.000000e+00   0.000000e+00   1.509232e-02
 2.268299e-03   4.528833e-03   0.000000e+00  -6.940214e-04   4.913394e-03   0.000000e+00   0.000000e+00   0.000000e+00   1.842754e-02
 0.000000e+00   0.000000e+00   2.545019e-02   0.000000e+00   0.000000e+00   9.241288e-05  -1.385926e-01  -2.964397e-02   0.000000e+00
-1.680197e-04  -6.940214e-04   0.000000e+00   6.313353e-04  -1.008561e-03   0.000000e+00   0.000000e+00   0.000000e+00  -4.920936e-03
 3.308489e-03   4.913394e-03   0.000000e+00  -1.008561e-03   6.969072e-03   0.000000e+00   0.000000e+00   0.000000e+00   2.716304e-02
 0.000000e+00   0.000000e+00   9.241288e-05   0.000000e+00   0.000000e+00   1.539049e-02   5.308766e-02  -4.623052e-02   0.000000e+00
 0.000000e+00   0.000000e+00  -1.385926e-01   0.000000e+00   0.000000e+00   5.308766e-02   1.004974e+00   5.115798e-03   0.000000e+00
 0.000000e+00   0.000000e+00  -2.964397e-02   0.000000e+00   0.000000e+00  -4.623052e-02   5.115798e-03   2.434617e-01   0.000000e+00
 1.509232e-02   1.842754e-02   0.000000e+00  -4.920936e-03   2.716304e-02   0.000000e+00   0.000000e+00   0.000000e+00   1.548074e-01

# timestamp: 1774889324.751564
 3.123424e-03   2.324244e-03   0.000000e+00  -2.097081e-04   3.335921e-03   0.000000e+00   0.000000e+00   0.000000e+00   1.498174e-02
 2.324244e-03   4.767231e-03   0.000000e+00  -7.864244e-04   5.128277e-03   0.000000e+00   0.000000e+00   0.000000e+00   1.901890e-02
 0.000000e+00   0.000000e+00   2.547722e-02   0.000000e+00   0.000000e+00   2.099631e-05  -1.374176e-01  -3.064982e-02   0.000000e+00
-2.097081e-04  -7.864244e-04   0.000000e+00   6.721045e-04  -1.127542e-03   0.000000e+00   0.000000e+00   0.000000e+00  -5.499880e-03
 3.335921e-03   5.128277e-03   0.000000e+00  -1.127542e-03   7.154166e-03   0.000000e+00   0.000000e+00   0.000000e+00   2.768421e-02
 0.000000e+00   0.000000e+00   2.099631e-05   0.000000e+00   0.000000e+00   1.611083e-02   5.679947e-02  -4.702843e-02   0.000000e+00
 0.000000e+00   0.000000e+00  -1.374176e-01   0.000000e+00   0.000000e+00   5.679947e-02   1.007138e+00   5.115798e-03   0.000000e+00
 0.000000e+00   0.000000e+00  -3.064982e-02   0.000000e+00   0.000000e+00  -4.702843e-02   5.115798e-03   2.456251e-01   0.000000e+00
 1.498174e-02   1.901890e-02   0.000000e+00  -5.499880e-03   2.768421e-02   0.000000e+00   0.000000e+00   0.000000e+00   1.569708e-01

# timestamp: 1774889324.7648005
 3.130466e-03   2.355358e-03   0.000000e+00  -2.327822e-04   3.350136e-03   0.000000e+00   0.000000e+00   0.000000e+00   1.491315e-02
 2.355358e-03   4.906833e-03   0.000000e+00  -8.410441e-04   5.253015e-03   0.000000e+00   0.000000e+00   0.000000e+00   1.935995e-02
 0.000000e+00   0.000000e+00   2.549105e-02   0.000000e+00   0.000000e+00  -8.920003e-06  -1.367133e-01  -3.122900e-02   0.000000e+00
-2.327822e-04  -8.410441e-04   0.000000e+00   6.971757e-04  -1.196838e-03   0.000000e+00   0.000000e+00   0.000000e+00  -5.832099e-03
 3.350136e-03   5.253015e-03   0.000000e+00  -1.196838e-03   7.260835e-03   0.000000e+00   0.000000e+00   0.000000e+00   2.798328e-02
 0.000000e+00   0.000000e+00  -8.920003e-06   0.000000e+00   0.000000e+00   1.653454e-02   5.891081e-02  -4.748465e-02   0.000000e+00
 0.000000e+00   0.000000e+00  -1.367133e-01   0.000000e+00   0.000000e+00   5.891081e-02   1.008366e+00   5.115798e-03   0.000000e+00
 0.000000e+00   0.000000e+00  -3.122900e-02   0.000000e+00   0.000000e+00  -4.748465e-02   5.115798e-03   2.468537e-01   0.000000e+00
 1.491315e-02   1.935995e-02   0.000000e+00  -5.832099e-03   2.798328e-02   0.000000e+00   0.000000e+00   0.000000e+00   1.581994e-01

# timestamp: 1774889324.9858158
 2.664613e-03   2.172230e-03   0.000000e+00  -6.585195e-04   3.007010e-03   0.000000e+00   0.000000e+00   0.000000e+00   1.390056e-02
 2.172230e-03   4.854467e-03   0.000000e+00  -1.543984e-03   5.266648e-03   0.000000e+00   0.000000e+00   0.000000e+00   2.064757e-02
 0.000000e+00   0.000000e+00   2.239160e-02   0.000000e+00   0.000000e+00  -2.998106e-03  -1.252691e-01  -3.551963e-02   0.000000e+00
-6.585195e-04  -1.543984e-03   0.000000e+00   1.171876e-03  -2.133374e-03   0.000000e+00   0.000000e+00   0.000000e+00  -1.011085e-02
 3.007010e-03   5.266648e-03   0.000000e+00  -2.133374e-03   7.201197e-03   0.000000e+00   0.000000e+00   0.000000e+00   2.852802e-02
 0.000000e+00   0.000000e+00  -2.998106e-03   0.000000e+00   0.000000e+00   2.109845e-02   8.890448e-02  -4.687589e-02   0.000000e+00
 0.000000e+00   0.000000e+00  -1.252691e-01   0.000000e+00   0.000000e+00   8.890448e-02   1.008643e+00   2.177870e-02   0.000000e+00
 0.000000e+00   0.000000e+00  -3.551963e-02   0.000000e+00   0.000000e+00  -4.687589e-02   2.177870e-02   2.523678e-01   0.000000e+00
 1.390056e-02   2.064757e-02   0.000000e+00  -1.011085e-02   2.852802e-02   0.000000e+00   0.000000e+00   0.000000e+00   1.591295e-01

# timestamp: 1774889325.0083501
 2.659049e-03   2.197072e-03   0.000000e+00  -6.807879e-04   3.005255e-03   0.000000e+00   0.000000e+00   0.000000e+00   1.372130e-02
 2.197072e-03   5.059179e-03   0.000000e+00  -1.647676e-03   5.448623e-03   0.000000e+00   0.000000e+00   0.000000e+00   2.114909e-02
 0.000000e+00   0.000000e+00   2.230804e-02   0.000000e+00   0.000000e+00  -2.918670e-03  -1.236984e-01  -3.634330e-02   0.000000e+00
-6.807879e-04  -1.647676e-03   0.000000e+00   1.238503e-03  -2.250526e-03   0.000000e+00   0.000000e+00   0.000000e+00  -1.061315e-02
 3.005255e-03   5.448623e-03   0.000000e+00  -2.250526e-03   7.353748e-03   0.000000e+00   0.000000e+00   0.000000e+00   2.894899e-02
 0.000000e+00   0.000000e+00  -2.918670e-03   0.000000e+00   0.000000e+00   2.191410e-02   9.200909e-02  -4.747331e-02   0.000000e+00
 0.000000e+00   0.000000e+00  -1.236984e-01   0.000000e+00   0.000000e+00   9.200909e-02   1.010394e+00   2.177870e-02   0.000000e+00
 0.000000e+00   0.000000e+00  -3.634330e-02   0.000000e+00   0.000000e+00  -4.747331e-02   2.177870e-02   2.541195e-01   0.000000e+00
 1.372130e-02   2.114909e-02   0.000000e+00  -1.061315e-02   2.894899e-02   0.000000e+00   0.000000e+00   0.000000e+00   1.608812e-01

# timestamp: 1774889325.0307162
 2.650772e-03   2.226043e-03   0.000000e+00  -7.066585e-04   2.999208e-03   0.000000e+00   0.000000e+00   0.000000e+00   1.347875e-02
 2.226043e-03   5.330467e-03   0.000000e+00  -1.785638e-03   5.687260e-03   0.000000e+00   0.000000e+00   0.000000e+00   2.180161e-02
 0.000000e+00   0.000000e+00   2.220533e-02   0.000000e+00   0.000000e+00  -2.785159e-03  -1.216078e-01  -3.741246e-02   0.000000e+00
-7.066585e-04  -1.785638e-03   0.000000e+00   1.328321e-03  -2.404213e-03   0.000000e+00   0.000000e+00   0.000000e+00  -1.126325e-02
 2.999208e-03   5.687260e-03   0.000000e+00  -2.404213e-03   7.552080e-03   0.000000e+00   0.000000e+00   0.000000e+00   2.949383e-02
 0.000000e+00   0.000000e+00  -2.785159e-03   0.000000e+00   0.000000e+00   2.299015e-02   9.598718e-02  -4.824380e-02   0.000000e+00
 0.000000e+00   0.000000e+00  -1.216078e-01   0.000000e+00   0.000000e+00   9.598718e-02   1.012634e+00   2.177870e-02   0.000000e+00
 0.000000e+00   0.000000e+00  -3.741246e-02   0.000000e+00   0.000000e+00  -4.824380e-02   2.177870e-02   2.563596e-01   0.000000e+00
 1.347875e-02   2.180161e-02   0.000000e+00  -1.126325e-02   2.949383e-02   0.000000e+00   0.000000e+00   0.000000e+00   1.631213e-01

# timestamp: 1774889325.0539308
 2.635628e-03   2.265649e-03   0.000000e+00  -7.418718e-04   2.980846e-03   0.000000e+00   0.000000e+00   0.000000e+00   1.306121e-02
 2.265649e-03   5.788017e-03   0.000000e+00  -2.019740e-03   6.083886e-03   0.000000e+00   0.000000e+00   0.000000e+00   2.287247e-02
 0.000000e+00   0.000000e+00   2.205766e-02   0.000000e+00   0.000000e+00  -2.495916e-03  -1.180808e-01  -3.916168e-02   0.000000e+00
-7.418718e-04  -2.019740e-03   0.000000e+00   1.483454e-03  -2.660058e-03   0.000000e+00   0.000000e+00   0.000000e+00  -1.232668e-02
 2.980846e-03   6.083886e-03   0.000000e+00  -2.660058e-03   7.878077e-03   0.000000e+00   0.000000e+00   0.000000e+00   3.038509e-02
 0.000000e+00   0.000000e+00  -2.495916e-03   0.000000e+00   0.000000e+00   2.479452e-02   1.023913e-01  -4.949717e-02   0.000000e+00
 0.000000e+00   0.000000e+00  -1.180808e-01   0.000000e+00   0.000000e+00   1.023913e-01   1.016229e+00   2.177870e-02   0.000000e+00
 0.000000e+00   0.000000e+00  -3.916168e-02   0.000000e+00   0.000000e+00  -4.949717e-02   2.177870e-02   2.599545e-01   0.000000e+00
 1.306121e-02   2.287247e-02   0.000000e+00  -1.232668e-02   3.038509e-02   0.000000e+00   0.000000e+00   0.000000e+00   1.667162e-01

# timestamp: 1774889325.0801954
 2.626263e-03   2.282952e-03   0.000000e+00  -7.571854e-04   2.965867e-03   0.000000e+00   0.000000e+00   0.000000e+00   1.281920e-02
 2.282952e-03   6.046389e-03   0.000000e+00  -2.152456e-03   6.304711e-03   0.000000e+00   0.000000e+00   0.000000e+00   2.346298e-02
 0.000000e+00   0.000000e+00   2.198610e-02   0.000000e+00   0.000000e+00  -2.298251e-03  -1.160793e-01  -4.012291e-02   0.000000e+00
-7.571854e-04  -2.152456e-03   0.000000e+00   1.572566e-03  -2.802407e-03   0.000000e+00   0.000000e+00   0.000000e+00  -1.290714e-02
 2.965867e-03   6.304711e-03   0.000000e+00  -2.802407e-03   8.057379e-03   0.000000e+00   0.000000e+00   0.000000e+00   3.087156e-02
 0.000000e+00   0.000000e+00  -2.298251e-03   0.000000e+00   0.000000e+00   2.580450e-02   1.058437e-01  -5.017838e-02   0.000000e+00
 0.000000e+00   0.000000e+00  -1.160793e-01   0.000000e+00   0.000000e+00   1.058437e-01   1.018163e+00   2.177870e-02   0.000000e+00
 0.000000e+00   0.000000e+00  -4.012291e-02   0.000000e+00   0.000000e+00  -5.017838e-02   2.177870e-02   2.618877e-01   0.000000e+00
 1.281920e-02   2.346298e-02   0.000000e+00  -1.290714e-02   3.087156e-02   0.000000e+00   0.000000e+00   0.000000e+00   1.686494e-01

# timestamp: 1774889325.2661874
 2.237567e-03   1.951162e-03   0.000000e+00  -8.451525e-04   2.457087e-03   0.000000e+00   0.000000e+00   0.000000e+00   1.077287e-02
 1.951162e-03   6.191269e-03   0.000000e+00  -2.805480e-03   6.349407e-03   0.000000e+00   0.000000e+00   0.000000e+00   2.382946e-02
 0.000000e+00   0.000000e+00   2.017435e-02   0.000000e+00   0.000000e+00  -2.527253e-03  -1.038405e-01  -4.495017e-02   0.000000e+00
-8.451525e-04  -2.805480e-03   0.000000e+00   2.234988e-03  -3.534272e-03   0.000000e+00   0.000000e+00   0.000000e+00  -1.590583e-02
 2.457087e-03   6.349407e-03   0.000000e+00  -3.534272e-03   7.902826e-03   0.000000e+00   0.000000e+00   0.000000e+00   3.027060e-02
 0.000000e+00   0.000000e+00  -2.527253e-03   0.000000e+00   0.000000e+00   2.899756e-02   1.166227e-01  -4.561298e-02   0.000000e+00
 0.000000e+00   0.000000e+00  -1.038405e-01   0.000000e+00   0.000000e+00   1.166227e-01   9.678516e-01   5.454589e-02   0.000000e+00
 0.000000e+00   0.000000e+00  -4.495017e-02   0.000000e+00   0.000000e+00  -4.561298e-02   5.454589e-02   2.648750e-01   0.000000e+00
 1.077287e-02   2.382946e-02   0.000000e+00  -1.590583e-02   3.027060e-02   0.000000e+00   0.000000e+00   0.000000e+00   1.653560e-01

# timestamp: 1774889325.2803564
 2.232301e-03   1.948218e-03   0.000000e+00  -8.425299e-04   2.441853e-03   0.000000e+00   0.000000e+00   0.000000e+00   1.064835e-02
 1.948218e-03   6.298990e-03   0.000000e+00  -2.866776e-03   6.439378e-03   0.000000e+00   0.000000e+00   0.000000e+00   2.406642e-02
 0.000000e+00   0.000000e+00   2.014438e-02   0.000000e+00   0.000000e+00  -2.391175e-03  -1.029276e-01  -4.530724e-02   0.000000e+00
-8.425299e-04  -2.866776e-03   0.000000e+00   2.280548e-03  -3.595413e-03   0.000000e+00   0.000000e+00   0.000000e+00  -1.613799e-02
 2.441853e-03   6.439378e-03   0.000000e+00  -3.595413e-03   7.974521e-03   0.000000e+00   0.000000e+00   0.000000e+00   3.046458e-02
 0.000000e+00   0.000000e+00  -2.391175e-03   0.000000e+00   0.000000e+00   2.943286e-02   1.179125e-01  -4.584693e-02   0.000000e+00
 0.000000e+00   0.000000e+00  -1.029276e-01   0.000000e+00   0.000000e+00   1.179125e-01   9.686344e-01   5.454589e-02   0.000000e+00
 0.000000e+00   0.000000e+00  -4.530724e-02   0.000000e+00   0.000000e+00  -4.584693e-02   5.454589e-02   2.656578e-01   0.000000e+00
 1.064835e-02   2.406642e-02   0.000000e+00  -1.613799e-02   3.046458e-02   0.000000e+00   0.000000e+00   0.000000e+00   1.661388e-01

# timestamp: 1774889325.2969596
 2.101809e-03   1.765290e-03   0.000000e+00  -8.386828e-04   2.288910e-03   0.000000e+00   0.000000e+00   0.000000e+00   1.063135e-02
 1.765290e-03   5.261127e-03   0.000000e+00  -2.502258e-03   5.485198e-03   0.000000e+00   0.000000e+00   0.000000e+00   2.133047e-02
 0.000000e+00   0.000000e+00   1.976589e-02   0.000000e+00   0.000000e+00  -3.231472e-03  -1.049434e-01  -4.462939e-02   0.000000e+00
-8.386828e-04  -2.502258e-03   0.000000e+00   2.123905e-03  -3.243492e-03   0.000000e+00   0.000000e+00   0.000000e+00  -1.475027e-02
 2.288910e-03   5.485198e-03   0.000000e+00  -3.243492e-03   7.071337e-03   0.000000e+00   0.000000e+00   0.000000e+00   2.760509e-02
 0.000000e+00   0.000000e+00  -3.231472e-03   0.000000e+00   0.000000e+00   2.528683e-02   1.024597e-01  -3.979133e-02   0.000000e+00
 0.000000e+00   0.000000e+00  -1.049434e-01   0.000000e+00   0.000000e+00   1.024597e-01   9.054230e-01   7.833463e-02   0.000000e+00
 0.000000e+00   0.000000e+00  -4.462939e-02   0.000000e+00   0.000000e+00  -3.979133e-02   7.833463e-02   2.590758e-01   0.000000e+00
 1.063135e-02   2.133047e-02   0.000000e+00  -1.475027e-02   2.760509e-02   0.000000e+00   0.000000e+00   0.000000e+00   1.535629e-01

# timestamp: 1774889325.3138504
 2.092491e-03   1.761545e-03   0.000000e+00  -8.297561e-04   2.266456e-03   0.000000e+00   0.000000e+00   0.000000e+00   1.042131e-02
 1.761545e-03   5.432450e-03   0.000000e+00  -2.592674e-03   5.634973e-03   0.000000e+00   0.000000e+00   0.000000e+00   2.172272e-02
 0.000000e+00   0.000000e+00   1.969282e-02   0.000000e+00   0.000000e+00  -2.980798e-03  -1.034863e-01  -4.519453e-02   0.000000e+00
-8.297561e-04  -2.592674e-03   0.000000e+00   2.186201e-03  -3.334101e-03   0.000000e+00   0.000000e+00   0.000000e+00  -1.506600e-02
 2.266456e-03   5.634973e-03   0.000000e+00  -3.334101e-03   7.199045e-03   0.000000e+00   0.000000e+00   0.000000e+00   2.795656e-02
 0.000000e+00   0.000000e+00  -2.980798e-03   0.000000e+00   0.000000e+00   2.589195e-02   1.041326e-01  -4.022269e-02   0.000000e+00
 0.000000e+00   0.000000e+00  -1.034863e-01   0.000000e+00   0.000000e+00   1.041326e-01   9.068394e-01   7.833463e-02   0.000000e+00
 0.000000e+00   0.000000e+00  -4.519453e-02   0.000000e+00   0.000000e+00  -4.022269e-02   7.833463e-02   2.604923e-01   0.000000e+00
 1.042131e-02   2.172272e-02   0.000000e+00  -1.506600e-02   2.795656e-02   0.000000e+00   0.000000e+00   0.000000e+00   1.549794e-01

# timestamp: 1774889325.3360977
 2.076546e-03   1.750770e-03   0.000000e+00  -8.104708e-04   2.221834e-03   0.000000e+00   0.000000e+00   0.000000e+00   1.003403e-02
 1.750770e-03   5.750155e-03   0.000000e+00  -2.759964e-03   5.910174e-03   0.000000e+00   0.000000e+00   0.000000e+00   2.243785e-02
 0.000000e+00   0.000000e+00   1.958053e-02   0.000000e+00   0.000000e+00  -2.499480e-03  -1.008173e-01  -4.622230e-02   0.000000e+00
-8.104708e-04  -2.759964e-03   0.000000e+00   2.301121e-03  -3.500143e-03   0.000000e+00   0.000000e+00   0.000000e+00  -1.563949e-02
 2.221834e-03   5.910174e-03   0.000000e+00  -3.500143e-03   7.431996e-03   0.000000e+00   0.000000e+00   0.000000e+00   2.859499e-02
 0.000000e+00   0.000000e+00  -2.499480e-03   0.000000e+00   0.000000e+00   2.699871e-02   1.071388e-01  -4.100430e-02   0.000000e+00
 0.000000e+00   0.000000e+00  -1.008173e-01   0.000000e+00   0.000000e+00   1.071388e-01   9.093785e-01   7.833463e-02   0.000000e+00
 0.000000e+00   0.000000e+00  -4.622230e-02   0.000000e+00   0.000000e+00  -4.100430e-02   7.833463e-02   2.630314e-01   0.000000e+00
 1.003403e-02   2.243785e-02   0.000000e+00  -1.563949e-02   2.859499e-02   0.000000e+00   0.000000e+00   0.000000e+00   1.575184e-01

# timestamp: 1774889325.3494174
 2.069430e-03   1.743862e-03   0.000000e+00  -7.999639e-04   2.199001e-03   0.000000e+00   0.000000e+00   0.000000e+00   9.848394e-03
 1.743862e-03   5.902967e-03   0.000000e+00  -2.840222e-03   6.041378e-03   0.000000e+00   0.000000e+00   0.000000e+00   2.277669e-02
 0.000000e+00   0.000000e+00   1.953656e-02   0.000000e+00   0.000000e+00  -2.260624e-03  -9.954692e-02  -4.670799e-02   0.000000e+00
-7.999639e-04  -2.840222e-03   0.000000e+00   2.356051e-03  -3.579031e-03   0.000000e+00   0.000000e+00   0.000000e+00  -1.590936e-02
 2.199001e-03   6.041378e-03   0.000000e+00  -3.579031e-03   7.542210e-03   0.000000e+00   0.000000e+00   0.000000e+00   2.889541e-02
 0.000000e+00   0.000000e+00  -2.260624e-03   0.000000e+00   0.000000e+00   2.752356e-02   1.085410e-01  -4.137138e-02   0.000000e+00
 0.000000e+00   0.000000e+00  -9.954692e-02   0.000000e+00   0.000000e+00   1.085410e-01   9.105604e-01   7.833463e-02   0.000000e+00
 0.000000e+00   0.000000e+00  -4.670799e-02   0.000000e+00   0.000000e+00  -4.137138e-02   7.833463e-02   2.642132e-01   0.000000e+00
 9.848394e-03   2.277669e-02   0.000000e+00  -1.590936e-02   2.889541e-02   0.000000e+00   0.000000e+00   0.000000e+00   1.587003e-01

# timestamp: 1774889325.5641453
 1.808908e-03   1.242869e-03   0.000000e+00  -4.487671e-04   1.596932e-03   0.000000e+00   0.000000e+00   0.000000e+00   7.232507e-03
 1.242869e-03   5.496085e-03   0.000000e+00  -2.535251e-03   5.534043e-03   0.000000e+00   0.000000e+00   0.000000e+00   1.948119e-02
 0.000000e+00   0.000000e+00   1.890337e-02   0.000000e+00   0.000000e+00   9.584016e-04  -8.919200e-02  -5.166458e-02   0.000000e+00
-4.487671e-04  -2.535251e-03   0.000000e+00   2.114301e-03  -3.220302e-03   0.000000e+00   0.000000e+00   0.000000e+00  -1.295661e-02
 1.596932e-03   5.534043e-03   0.000000e+00  -3.220302e-03   6.953437e-03   0.000000e+00   0.000000e+00   0.000000e+00   2.544069e-02
 0.000000e+00   0.000000e+00   9.584016e-04   0.000000e+00   0.000000e+00   2.059347e-02   6.918366e-02  -3.424343e-02   0.000000e+00
 0.000000e+00   0.000000e+00  -8.919200e-02   0.000000e+00   0.000000e+00   6.918366e-02   7.501829e-01   1.387938e-01   0.000000e+00
 0.000000e+00   0.000000e+00  -5.166458e-02   0.000000e+00   0.000000e+00  -3.424343e-02   1.387938e-01   2.659564e-01   0.000000e+00
 7.232507e-03   1.948119e-02   0.000000e+00  -1.295661e-02   2.544069e-02   0.000000e+00   0.000000e+00   0.000000e+00   1.398944e-01

# timestamp: 1774889325.5847194
 1.721600e-03   1.066756e-03   0.000000e+00  -3.919441e-04   1.463628e-03   0.000000e+00   0.000000e+00   0.000000e+00   7.183069e-03
 1.066756e-03   4.140622e-03   0.000000e+00  -1.859082e-03   4.203902e-03   0.000000e+00   0.000000e+00   0.000000e+00   1.482377e-02
 0.000000e+00   0.000000e+00   1.869954e-02   0.000000e+00   0.000000e+00   4.010111e-04  -9.235317e-02  -5.059522e-02   0.000000e+00
-3.919441e-04  -1.859082e-03   0.000000e+00   1.723415e-03  -2.512261e-03   0.000000e+00   0.000000e+00   0.000000e+00  -9.966363e-03
 1.463628e-03   4.203902e-03   0.000000e+00  -2.512261e-03   5.629132e-03   0.000000e+00   0.000000e+00   0.000000e+00   2.053001e-02
 0.000000e+00   0.000000e+00   4.010111e-04   0.000000e+00   0.000000e+00   1.521887e-02   4.747575e-02  -2.737787e-02   0.000000e+00
 0.000000e+00   0.000000e+00  -9.235317e-02   0.000000e+00   0.000000e+00   4.747575e-02   6.751617e-01   1.687690e-01   0.000000e+00
 0.000000e+00   0.000000e+00  -5.059522e-02   0.000000e+00   0.000000e+00  -2.737787e-02   1.687690e-01   2.564009e-01   0.000000e+00
 7.183069e-03   1.482377e-02   0.000000e+00  -9.966363e-03   2.053001e-02   0.000000e+00   0.000000e+00   0.000000e+00   1.183455e-01

# timestamp: 1774889325.6024604
 1.724993e-03   1.060816e-03   0.000000e+00  -3.646062e-04   1.450911e-03   0.000000e+00   0.000000e+00   0.000000e+00   7.043434e-03
 1.060816e-03   4.274050e-03   0.000000e+00  -1.887656e-03   4.331389e-03   0.000000e+00   0.000000e+00   0.000000e+00   1.511312e-02
 0.000000e+00   0.000000e+00   1.872924e-02   0.000000e+00   0.000000e+00   8.187455e-04  -9.169005e-02  -5.098243e-02   0.000000e+00
-3.646062e-04  -1.887656e-03   0.000000e+00   1.715898e-03  -2.534711e-03   0.000000e+00   0.000000e+00   0.000000e+00  -9.912788e-03
 1.450911e-03   4.331389e-03   0.000000e+00  -2.534711e-03   5.762897e-03   0.000000e+00   0.000000e+00   0.000000e+00   2.091138e-02
 0.000000e+00   0.000000e+00   8.187455e-04   0.000000e+00   0.000000e+00   1.535581e-02   4.663328e-02  -2.827592e-02   0.000000e+00
 0.000000e+00   0.000000e+00  -9.169005e-02   0.000000e+00   0.000000e+00   4.663328e-02   6.765646e-01   1.687690e-01   0.000000e+00
 0.000000e+00   0.000000e+00  -5.098243e-02   0.000000e+00   0.000000e+00  -2.827592e-02   1.687690e-01   2.578038e-01   0.000000e+00
 7.043434e-03   1.511312e-02   0.000000e+00  -9.912788e-03   2.091138e-02   0.000000e+00   0.000000e+00   0.000000e+00   1.197484e-01

# timestamp: 1774889325.6267183
 1.736014e-03   1.044490e-03   0.000000e+00  -3.008294e-04   1.417955e-03   0.000000e+00   0.000000e+00   0.000000e+00   6.717309e-03
 1.044490e-03   4.603049e-03   0.000000e+00  -1.955736e-03   4.643198e-03   0.000000e+00   0.000000e+00   0.000000e+00   1.581670e-02
 0.000000e+00   0.000000e+00   1.884611e-02   0.000000e+00   0.000000e+00   1.815264e-03  -9.017415e-02  -5.194565e-02   0.000000e+00
-3.008294e-04  -1.955736e-03   0.000000e+00   1.698371e-03  -2.586261e-03   0.000000e+00   0.000000e+00   0.000000e+00  -9.784031e-03
 1.417955e-03   4.643198e-03   0.000000e+00  -2.586261e-03   6.087957e-03   0.000000e+00   0.000000e+00   0.000000e+00   2.182791e-02
 0.000000e+00   0.000000e+00   1.815264e-03   0.000000e+00   0.000000e+00   1.570439e-02   4.464493e-02  -3.041038e-02   0.000000e+00
 0.000000e+00   0.000000e+00  -9.017415e-02   0.000000e+00   0.000000e+00   4.464493e-02   6.798716e-01   1.687690e-01   0.000000e+00
 0.000000e+00   0.000000e+00  -5.194565e-02   0.000000e+00   0.000000e+00  -3.041038e-02   1.687690e-01   2.611108e-01   0.000000e+00
 6.717309e-03   1.581670e-02   0.000000e+00  -9.784031e-03   2.182791e-02   0.000000e+00   0.000000e+00   0.000000e+00   1.230554e-01

# timestamp: 1774889325.646549
 1.747599e-03   1.029189e-03   0.000000e+00  -2.513471e-04   1.389139e-03   0.000000e+00   0.000000e+00   0.000000e+00   6.463917e-03
 1.029189e-03   4.876005e-03   0.000000e+00  -2.009784e-03   4.899431e-03   0.000000e+00   0.000000e+00   0.000000e+00   1.638979e-02
 0.000000e+00   0.000000e+00   1.898327e-02   0.000000e+00   0.000000e+00   2.610552e-03  -8.902676e-02  -5.274949e-02   0.000000e+00
-2.513471e-04  -2.009784e-03   0.000000e+00   1.684794e-03  -2.625389e-03   0.000000e+00   0.000000e+00   0.000000e+00  -9.680279e-03
 1.389139e-03   4.899431e-03   0.000000e+00  -2.625389e-03   6.353160e-03   0.000000e+00   0.000000e+00   0.000000e+00   2.256645e-02
 0.000000e+00   0.000000e+00   2.610552e-03   0.000000e+00   0.000000e+00   1.600389e-02   4.308007e-02  -3.210585e-02   0.000000e+00
 0.000000e+00   0.000000e+00  -8.902676e-02   0.000000e+00   0.000000e+00   4.308007e-02   6.824700e-01   1.687690e-01   0.000000e+00
 0.000000e+00   0.000000e+00  -5.274949e-02   0.000000e+00   0.000000e+00  -3.210585e-02   1.687690e-01   2.637092e-01   0.000000e+00
 6.463917e-03   1.638979e-02   0.000000e+00  -9.680279e-03   2.256645e-02   0.000000e+00   0.000000e+00   0.000000e+00   1.256538e-01

# timestamp: 1774889325.8575103
 1.749952e-03   7.257922e-04   0.000000e+00   1.706007e-04   1.178692e-03   0.000000e+00   0.000000e+00   0.000000e+00   5.824266e-03
 7.257922e-04   3.804298e-03   0.000000e+00  -9.747373e-04   3.790421e-03   0.000000e+00   0.000000e+00   0.000000e+00   1.093177e-02
 0.000000e+00   0.000000e+00   1.983412e-02   0.000000e+00   0.000000e+00   7.430883e-03  -9.443691e-02  -5.364647e-02   0.000000e+00
 1.706007e-04  -9.747373e-04   0.000000e+00   9.762206e-04  -1.288400e-03   0.000000e+00   0.000000e+00   0.000000e+00  -2.621956e-03
 1.178692e-03   3.790421e-03   0.000000e+00  -1.288400e-03   5.415627e-03   0.000000e+00   0.000000e+00   0.000000e+00   1.801598e-02
 0.000000e+00   0.000000e+00   7.430883e-03   0.000000e+00   0.000000e+00   1.146433e-02  -7.150475e-03  -3.680873e-02   0.000000e+00
 0.000000e+00   0.000000e+00  -9.443691e-02   0.000000e+00   0.000000e+00  -7.150475e-03   6.259574e-01   2.133164e-01   0.000000e+00
 0.000000e+00   0.000000e+00  -5.364647e-02   0.000000e+00   0.000000e+00  -3.680873e-02   2.133164e-01   2.568726e-01   0.000000e+00
 5.824266e-03   1.093177e-02   0.000000e+00  -2.621956e-03   1.801598e-02   0.000000e+00   0.000000e+00   0.000000e+00   1.030401e-01

# timestamp: 1774889325.8710845
 1.766544e-03   7.282333e-04   0.000000e+00   1.965426e-04   1.183635e-03   0.000000e+00   0.000000e+00   0.000000e+00   5.793047e-03
 7.282333e-04   3.910019e-03   0.000000e+00  -9.634501e-04   3.896207e-03   0.000000e+00   0.000000e+00   0.000000e+00   1.115266e-02
 0.000000e+00   0.000000e+00   2.003189e-02   0.000000e+00   0.000000e+00   7.992012e-03  -9.453106e-02  -5.409984e-02   0.000000e+00
 1.965426e-04  -9.634501e-04   0.000000e+00   9.653400e-04  -1.253131e-03   0.000000e+00   0.000000e+00   0.000000e+00  -2.369985e-03
 1.183635e-03   3.896207e-03   0.000000e+00  -1.253131e-03   5.545821e-03   0.000000e+00   0.000000e+00   0.000000e+00   1.838432e-02
 0.000000e+00   0.000000e+00   7.992012e-03   0.000000e+00   0.000000e+00   1.177164e-02  -9.425750e-03  -3.823919e-02   0.000000e+00
 0.000000e+00   0.000000e+00  -9.453106e-02   0.000000e+00   0.000000e+00  -9.425750e-03   6.271772e-01   2.133164e-01   0.000000e+00
 0.000000e+00   0.000000e+00  -5.409984e-02   0.000000e+00   0.000000e+00  -3.823919e-02   2.133164e-01   2.580924e-01   0.000000e+00
 5.793047e-03   1.115266e-02   0.000000e+00  -2.369985e-03   1.838432e-02   0.000000e+00   0.000000e+00   0.000000e+00   1.042600e-01

# timestamp: 1774889325.8852637
 1.643684e-03   4.822599e-04   0.000000e+00   2.565128e-04   9.715665e-04   0.000000e+00   0.000000e+00   0.000000e+00   5.421559e-03
 4.822599e-04   2.643096e-03   0.000000e+00  -6.182572e-04   2.498243e-03   0.000000e+00   0.000000e+00   0.000000e+00   6.107653e-03
 0.000000e+00   0.000000e+00   1.704712e-02   0.000000e+00   0.000000e+00   5.034086e-03  -9.276038e-02  -4.102090e-02   0.000000e+00
 2.565128e-04  -6.182572e-04   0.000000e+00   8.680552e-04  -8.352577e-04   0.000000e+00   0.000000e+00   0.000000e+00  -6.584671e-04
 9.715665e-04   2.498243e-03   0.000000e+00  -8.352577e-04   3.996709e-03   0.000000e+00   0.000000e+00   0.000000e+00   1.262525e-02
 0.000000e+00   0.000000e+00   5.034086e-03   0.000000e+00   0.000000e+00   8.184644e-03  -9.712742e-03  -2.469888e-02   0.000000e+00
 0.000000e+00   0.000000e+00  -9.276038e-02   0.000000e+00   0.000000e+00  -9.712742e-03   6.272153e-01   2.053084e-01   0.000000e+00
 0.000000e+00   0.000000e+00  -4.102090e-02   0.000000e+00   0.000000e+00  -2.469888e-02   2.053084e-01   2.018143e-01   0.000000e+00
 5.421559e-03   6.107653e-03   0.000000e+00  -6.584671e-04   1.262525e-02   0.000000e+00   0.000000e+00   0.000000e+00   8.127667e-02

# timestamp: 1774889325.8993664
 1.667420e-03   4.877104e-04   0.000000e+00   2.912643e-04   9.842763e-04   0.000000e+00   0.000000e+00   0.000000e+00   5.412637e-03
 4.877104e-04   2.736876e-03   0.000000e+00  -6.063137e-04   2.589809e-03   0.000000e+00   0.000000e+00   0.000000e+00   6.304099e-03
 0.000000e+00   0.000000e+00   1.722431e-02   0.000000e+00   0.000000e+00   5.721877e-03  -9.292363e-02  -4.140909e-02   0.000000e+00
 2.912643e-04  -6.063137e-04   0.000000e+00   8.656856e-04  -7.870529e-04   0.000000e+00   0.000000e+00   0.000000e+00  -3.334703e-04
 9.842763e-04   2.589809e-03   0.000000e+00  -7.870529e-04   4.118634e-03   0.000000e+00   0.000000e+00   0.000000e+00   1.301234e-02
 0.000000e+00   0.000000e+00   5.721877e-03   0.000000e+00   0.000000e+00   8.516564e-03  -1.315413e-02  -2.646140e-02   0.000000e+00
 0.000000e+00   0.000000e+00  -9.292363e-02   0.000000e+00   0.000000e+00  -1.315413e-02   6.287595e-01   2.053084e-01   0.000000e+00
 0.000000e+00   0.000000e+00  -4.140909e-02   0.000000e+00   0.000000e+00  -2.646140e-02   2.053084e-01   2.033586e-01   0.000000e+00
 5.412637e-03   6.304099e-03   0.000000e+00  -3.334703e-04   1.301234e-02   0.000000e+00   0.000000e+00   0.000000e+00   8.282088e-02

# timestamp: 1774889325.9259984
 1.713064e-03   4.986180e-04   0.000000e+00   3.539935e-04   1.009184e-03   0.000000e+00   0.000000e+00   0.000000e+00   5.409555e-03
 4.986180e-04   2.913731e-03   0.000000e+00  -5.807501e-04   2.762600e-03   0.000000e+00   0.000000e+00   0.000000e+00   6.674674e-03
 0.000000e+00   0.000000e+00   1.759952e-02   0.000000e+00   0.000000e+00   6.986087e-03  -9.335558e-02  -4.218088e-02   0.000000e+00
 3.539935e-04  -5.807501e-04   0.000000e+00   8.679953e-04  -6.920792e-04   0.000000e+00   0.000000e+00   0.000000e+00   2.691248e-04
 1.009184e-03   2.762600e-03   0.000000e+00  -6.920792e-04   4.348346e-03   0.000000e+00   0.000000e+00   0.000000e+00   1.373007e-02
 0.000000e+00   0.000000e+00   6.986087e-03   0.000000e+00   0.000000e+00   9.227504e-03  -1.938908e-02  -2.966496e-02   0.000000e+00
 0.000000e+00   0.000000e+00  -9.335558e-02   0.000000e+00   0.000000e+00  -1.938908e-02   6.315504e-01   2.053084e-01   0.000000e+00
 0.000000e+00   0.000000e+00  -4.218088e-02   0.000000e+00   0.000000e+00  -2.966496e-02   2.053084e-01   2.061495e-01   0.000000e+00
 5.409555e-03   6.674674e-03   0.000000e+00   2.691248e-04   1.373007e-02   0.000000e+00   0.000000e+00   0.000000e+00   8.561178e-02

# timestamp: 1774889325.9407067
 1.744179e-03   5.064218e-04   0.000000e+00   3.942731e-04   1.026636e-03   0.000000e+00   0.000000e+00   0.000000e+00   5.416718e-03
 5.064218e-04   3.032255e-03   0.000000e+00  -5.615111e-04   2.878468e-03   0.000000e+00   0.000000e+00   0.000000e+00   6.922997e-03
 0.000000e+00   0.000000e+00   1.787807e-02   0.000000e+00   0.000000e+00   7.812815e-03  -9.372616e-02  -4.272364e-02   0.000000e+00
 3.942731e-04  -5.615111e-04   0.000000e+00   8.740445e-04  -6.257846e-04   0.000000e+00   0.000000e+00   0.000000e+00   6.654179e-04
 1.026636e-03   2.878468e-03   0.000000e+00  -6.257846e-04   4.502011e-03   0.000000e+00   0.000000e+00   0.000000e+00   1.420208e-02
 0.000000e+00   0.000000e+00   7.812815e-03   0.000000e+00   0.000000e+00   9.758442e-03  -2.339418e-02  -3.172972e-02   0.000000e+00
 0.000000e+00   0.000000e+00  -9.372616e-02   0.000000e+00   0.000000e+00  -2.339418e-02   6.333386e-01   2.053084e-01   0.000000e+00
 0.000000e+00   0.000000e+00  -4.272364e-02   0.000000e+00   0.000000e+00  -3.172972e-02   2.053084e-01   2.079377e-01   0.000000e+00
 5.416718e-03   6.922997e-03   0.000000e+00   6.654179e-04   1.420208e-02   0.000000e+00   0.000000e+00   0.000000e+00   8.739999e-02

# timestamp: 1774889326.1546938
 1.903522e-03   2.213894e-04   0.000000e+00   9.016692e-04   9.848500e-04   0.000000e+00   0.000000e+00   0.000000e+00   5.576870e-03
 2.213894e-04   2.450330e-03   0.000000e+00  -2.634920e-04   1.993136e-03   0.000000e+00   0.000000e+00   0.000000e+00   2.689521e-03
 0.000000e+00   0.000000e+00   1.497967e-02   0.000000e+00   0.000000e+00   1.046135e-02  -8.561002e-02  -2.465239e-02   0.000000e+00
 9.016692e-04  -2.634920e-04   0.000000e+00   1.270463e-03   3.822416e-04   0.000000e+00   0.000000e+00   0.000000e+00   5.704947e-03
 9.848500e-04   1.993136e-03   0.000000e+00   3.822416e-04   3.777254e-03   0.000000e+00   0.000000e+00   0.000000e+00   1.127589e-02
 0.000000e+00   0.000000e+00   1.046135e-02   0.000000e+00   0.000000e+00   1.161651e-02  -5.472368e-02  -2.903630e-02   0.000000e+00
 0.000000e+00   0.000000e+00  -8.561002e-02   0.000000e+00   0.000000e+00  -5.472368e-02   6.162628e-01   1.481915e-01   0.000000e+00
 0.000000e+00   0.000000e+00  -2.465239e-02   0.000000e+00   0.000000e+00  -2.903630e-02   1.481915e-01   1.427131e-01   0.000000e+00
 5.576870e-03   2.689521e-03   0.000000e+00   5.704947e-03   1.127589e-02   0.000000e+00   0.000000e+00   0.000000e+00   7.793234e-02

# timestamp: 1774889326.1783168
 1.815968e-03   9.283414e-05   0.000000e+00   9.451181e-04   9.190757e-04   0.000000e+00   0.000000e+00   0.000000e+00   5.701454e-03
 9.283414e-05   1.994905e-03   0.000000e+00  -2.971594e-04   1.463647e-03   0.000000e+00   0.000000e+00   0.000000e+00   9.190527e-04
 0.000000e+00   0.000000e+00   1.363121e-02   0.000000e+00   0.000000e+00   9.502658e-03  -8.270000e-02  -1.939613e-02   0.000000e+00
 9.451181e-04  -2.971594e-04   0.000000e+00   1.344478e-03   4.371966e-04   0.000000e+00   0.000000e+00   0.000000e+00   6.051847e-03
 9.190757e-04   1.463647e-03   0.000000e+00   4.371966e-04   3.218735e-03   0.000000e+00   0.000000e+00   0.000000e+00   9.402453e-03
 0.000000e+00   0.000000e+00   9.502658e-03   0.000000e+00   0.000000e+00   1.069741e-02  -5.539135e-02  -2.476700e-02   0.000000e+00
 0.000000e+00   0.000000e+00  -8.270000e-02   0.000000e+00   0.000000e+00  -5.539135e-02   6.090383e-01   1.347062e-01   0.000000e+00
 0.000000e+00   0.000000e+00  -1.939613e-02   0.000000e+00   0.000000e+00  -2.476700e-02   1.347062e-01   1.263626e-01   0.000000e+00
 5.701454e-03   9.190527e-04   0.000000e+00   6.051847e-03   9.402453e-03   0.000000e+00   0.000000e+00   0.000000e+00   7.104924e-02

# timestamp: 1774889326.1990292
 1.877300e-03   1.062987e-04   0.000000e+00   1.005163e-03   9.655568e-04   0.000000e+00   0.000000e+00   0.000000e+00   5.830433e-03
 1.062987e-04   2.078353e-03   0.000000e+00  -2.816846e-04   1.538349e-03   0.000000e+00   0.000000e+00   0.000000e+00   1.118395e-03
 0.000000e+00   0.000000e+00   1.406134e-02   0.000000e+00   0.000000e+00   1.031209e-02  -8.388461e-02  -1.992355e-02   0.000000e+00
 1.005163e-03  -2.816846e-04   0.000000e+00   1.414580e-03   5.292751e-04   0.000000e+00   0.000000e+00   0.000000e+00   6.446163e-03
 9.655568e-04   1.538349e-03   0.000000e+00   5.292751e-04   3.343081e-03   0.000000e+00   0.000000e+00   0.000000e+00   9.862266e-03
 0.000000e+00   0.000000e+00   1.031209e-02   0.000000e+00   0.000000e+00   1.164937e-02  -5.956885e-02  -2.631107e-02   0.000000e+00
 0.000000e+00   0.000000e+00  -8.388461e-02   0.000000e+00   0.000000e+00  -5.956885e-02   6.111249e-01   1.347062e-01   0.000000e+00
 0.000000e+00   0.000000e+00  -1.992355e-02   0.000000e+00   0.000000e+00  -2.631107e-02   1.347062e-01   1.284493e-01   0.000000e+00
 5.830433e-03   1.118395e-03   0.000000e+00   6.446163e-03   9.862266e-03   0.000000e+00   0.000000e+00   0.000000e+00   7.313588e-02

# timestamp: 1774889326.2143238
 1.914831e-03   1.149106e-04   0.000000e+00   1.041769e-03   9.944102e-04   0.000000e+00   0.000000e+00   0.000000e+00   5.910818e-03
 1.149106e-04   2.129265e-03   0.000000e+00  -2.710697e-04   1.584448e-03   0.000000e+00   0.000000e+00   0.000000e+00   1.241112e-03
 0.000000e+00   0.000000e+00   1.433247e-02   0.000000e+00   0.000000e+00   1.080582e-02  -8.462831e-02  -2.025149e-02   0.000000e+00
 1.041769e-03  -2.710697e-04   0.000000e+00   1.458136e-03   5.861845e-04   0.000000e+00   0.000000e+00   0.000000e+00   6.684872e-03
 9.944102e-04   1.584448e-03   0.000000e+00   5.861845e-04   3.419493e-03   0.000000e+00   0.000000e+00   0.000000e+00   1.014062e-02
 0.000000e+00   0.000000e+00   1.080582e-02   0.000000e+00   0.000000e+00   1.224382e-02  -6.204781e-02  -2.723149e-02   0.000000e+00
 0.000000e+00   0.000000e+00  -8.462831e-02   0.000000e+00   0.000000e+00  -6.204781e-02   6.123606e-01   1.347062e-01   0.000000e+00
 0.000000e+00   0.000000e+00  -2.025149e-02   0.000000e+00   0.000000e+00  -2.723149e-02   1.347062e-01   1.296849e-01   0.000000e+00
 5.910818e-03   1.241112e-03   0.000000e+00   6.684872e-03   1.014062e-02   0.000000e+00   0.000000e+00   0.000000e+00   7.437151e-02

# timestamp: 1774889326.2361066
 1.980910e-03   1.306821e-04   0.000000e+00   1.106100e-03   1.045939e-03   0.000000e+00   0.000000e+00   0.000000e+00   6.054062e-03
 1.306821e-04   2.218878e-03   0.000000e+00  -2.504495e-04   1.666352e-03   0.000000e+00   0.000000e+00   0.000000e+00   1.457653e-03
 0.000000e+00   0.000000e+00   1.482148e-02   0.000000e+00   0.000000e+00   1.167398e-02  -8.595992e-02  -2.083445e-02   0.000000e+00
 1.106100e-03  -2.504495e-04   0.000000e+00   1.536148e-03   6.876062e-04   0.000000e+00   0.000000e+00   0.000000e+00   7.103095e-03
 1.045939e-03   1.666352e-03   0.000000e+00   6.876062e-04   3.554930e-03   0.000000e+00   0.000000e+00   0.000000e+00   1.062832e-02
 0.000000e+00   0.000000e+00   1.167398e-02   0.000000e+00   0.000000e+00   1.331232e-02  -6.629279e-02  -2.881593e-02   0.000000e+00
 0.000000e+00   0.000000e+00  -8.595992e-02   0.000000e+00   0.000000e+00  -6.629279e-02   6.144712e-01   1.347062e-01   0.000000e+00
 0.000000e+00   0.000000e+00  -2.083445e-02   0.000000e+00   0.000000e+00  -2.881593e-02   1.347062e-01   1.317956e-01   0.000000e+00
 6.054062e-03   1.457653e-03   0.000000e+00   7.103095e-03   1.062832e-02   0.000000e+00   0.000000e+00   0.000000e+00   7.648218e-02

# timestamp: 1774889326.4596913
 2.598590e-03   1.566554e-04   0.000000e+00   1.917405e-03   1.683990e-03   0.000000e+00   0.000000e+00   0.000000e+00   8.544344e-03
 1.566554e-04   2.213458e-03   0.000000e+00  -7.254141e-05   1.613855e-03   0.000000e+00   0.000000e+00   0.000000e+00   1.340678e-03
 0.000000e+00   0.000000e+00   1.957873e-02   0.000000e+00   0.000000e+00   1.974847e-02  -1.021898e-01  -2.194884e-02   0.000000e+00
 1.917405e-03  -7.254141e-05   0.000000e+00   2.537833e-03   1.806391e-03   0.000000e+00   0.000000e+00   0.000000e+00   1.117881e-02
 1.683990e-03   1.613855e-03   0.000000e+00   1.806391e-03   4.140909e-03   0.000000e+00   0.000000e+00   0.000000e+00   1.309327e-02
 0.000000e+00   0.000000e+00   1.974847e-02   0.000000e+00   0.000000e+00   2.449735e-02  -1.060360e-01  -3.832557e-02   0.000000e+00
 0.000000e+00   0.000000e+00  -1.021898e-01   0.000000e+00   0.000000e+00  -1.060360e-01   6.324848e-01   1.253893e-01   0.000000e+00
 0.000000e+00   0.000000e+00  -2.194884e-02   0.000000e+00   0.000000e+00  -3.832557e-02   1.253893e-01   1.381809e-01   0.000000e+00
 8.544344e-03   1.340678e-03   0.000000e+00   1.117881e-02   1.309327e-02   0.000000e+00   0.000000e+00   0.000000e+00   8.700262e-02

# timestamp: 1774889326.480207
 2.514366e-03   8.322874e-05   0.000000e+00   1.948604e-03   1.693724e-03   0.000000e+00   0.000000e+00   0.000000e+00   9.049307e-03
 8.322874e-05   1.843559e-03   0.000000e+00  -1.196619e-04   1.269135e-03   0.000000e+00   0.000000e+00   0.000000e+00   5.824599e-04
 0.000000e+00   0.000000e+00   1.883157e-02   0.000000e+00   0.000000e+00   1.910531e-02  -1.017821e-01  -2.006521e-02   0.000000e+00
 1.948604e-03  -1.196619e-04   0.000000e+00   2.592447e-03   1.825587e-03   0.000000e+00   0.000000e+00   0.000000e+00   1.133365e-02
 1.693724e-03   1.269135e-03   0.000000e+00   1.825587e-03   3.854748e-03   0.000000e+00   0.000000e+00   0.000000e+00   1.240725e-02
 0.000000e+00   0.000000e+00   1.910531e-02   0.000000e+00   0.000000e+00   2.400206e-02  -1.064788e-01  -3.673877e-02   0.000000e+00
 0.000000e+00   0.000000e+00  -1.017821e-01   0.000000e+00   0.000000e+00  -1.064788e-01   6.311481e-01   1.219005e-01   0.000000e+00
 0.000000e+00   0.000000e+00  -2.006521e-02   0.000000e+00   0.000000e+00  -3.673877e-02   1.219005e-01   1.351396e-01   0.000000e+00
 9.049307e-03   5.824599e-04   0.000000e+00   1.133365e-02   1.240725e-02   0.000000e+00   0.000000e+00   0.000000e+00   8.395291e-02

# timestamp: 1774889326.505369
 2.618425e-03   1.173698e-04   0.000000e+00   2.042868e-03   1.791749e-03   0.000000e+00   0.000000e+00   0.000000e+00   9.288754e-03
 1.173698e-04   1.919286e-03   0.000000e+00  -7.738026e-05   1.355714e-03   0.000000e+00   0.000000e+00   0.000000e+00   8.456054e-04
 0.000000e+00   0.000000e+00   1.966977e-02   0.000000e+00   0.000000e+00   2.019005e-02  -1.040322e-01  -2.084290e-02   0.000000e+00
 2.042868e-03  -7.738026e-05   0.000000e+00   2.692980e-03   1.953539e-03   0.000000e+00   0.000000e+00   0.000000e+00   1.169847e-02
 1.791749e-03   1.355714e-03   0.000000e+00   1.953539e-03   4.019261e-03   0.000000e+00   0.000000e+00   0.000000e+00   1.295390e-02
 0.000000e+00   0.000000e+00   2.019005e-02   0.000000e+00   0.000000e+00   2.540884e-02  -1.099633e-01  -3.813432e-02   0.000000e+00
 0.000000e+00   0.000000e+00  -1.040322e-01   0.000000e+00   0.000000e+00  -1.099633e-01   6.332386e-01   1.219005e-01   0.000000e+00
 0.000000e+00   0.000000e+00  -2.084290e-02   0.000000e+00   0.000000e+00  -3.813432e-02   1.219005e-01   1.372301e-01   0.000000e+00
 9.288754e-03   8.456054e-04   0.000000e+00   1.169847e-02   1.295390e-02   0.000000e+00   0.000000e+00   0.000000e+00   8.604339e-02

# timestamp: 1774889326.526617
 2.758018e-03   1.655949e-04   0.000000e+00   2.168701e-03   1.924035e-03   0.000000e+00   0.000000e+00   0.000000e+00   9.607337e-03
 1.655949e-04   2.022169e-03   0.000000e+00  -1.744982e-05   1.474623e-03   0.000000e+00   0.000000e+00   0.000000e+00   1.199930e-03
 0.000000e+00   0.000000e+00   2.081368e-02   0.000000e+00   0.000000e+00   2.164985e-02  -1.070266e-01  -2.188341e-02   0.000000e+00
 2.168701e-03  -1.744982e-05   0.000000e+00   2.826976e-03   2.125134e-03   0.000000e+00   0.000000e+00   0.000000e+00   1.218186e-02
 1.924035e-03   1.474623e-03   0.000000e+00   2.125134e-03   4.241373e-03   0.000000e+00   0.000000e+00   0.000000e+00   1.367824e-02
 0.000000e+00   0.000000e+00   2.164985e-02   0.000000e+00   0.000000e+00   2.728898e-02  -1.144601e-01  -3.995074e-02   0.000000e+00
 0.000000e+00   0.000000e+00  -1.070266e-01   0.000000e+00   0.000000e+00  -1.144601e-01   6.359279e-01   1.219005e-01   0.000000e+00
 0.000000e+00   0.000000e+00  -2.188341e-02   0.000000e+00   0.000000e+00  -3.995074e-02   1.219005e-01   1.399194e-01   0.000000e+00
 9.607337e-03   1.199930e-03   0.000000e+00   1.218186e-02   1.367824e-02   0.000000e+00   0.000000e+00   0.000000e+00   8.873273e-02

# timestamp: 1774889326.543808
 2.827257e-03   1.905886e-04   0.000000e+00   2.230819e-03   1.989924e-03   0.000000e+00   0.000000e+00   0.000000e+00   9.764678e-03
 1.905886e-04   2.073669e-03   0.000000e+00   1.363984e-05   1.534750e-03   0.000000e+00   0.000000e+00   0.000000e+00   1.376883e-03
 0.000000e+00   0.000000e+00   2.139002e-02   0.000000e+00   0.000000e+00   2.237551e-02  -1.085048e-01  -2.239975e-02   0.000000e+00
 2.230819e-03   1.363984e-05   0.000000e+00   2.892914e-03   2.209986e-03   0.000000e+00   0.000000e+00   0.000000e+00   1.241761e-02
 1.989924e-03   1.534750e-03   0.000000e+00   2.209986e-03   4.351785e-03   0.000000e+00   0.000000e+00   0.000000e+00   1.403149e-02
 0.000000e+00   0.000000e+00   2.237551e-02   0.000000e+00   0.000000e+00   2.821571e-02  -1.166141e-01  -4.082596e-02   0.000000e+00
 0.000000e+00   0.000000e+00  -1.085048e-01   0.000000e+00   0.000000e+00  -1.166141e-01   6.372133e-01   1.219005e-01   0.000000e+00
 0.000000e+00   0.000000e+00  -2.239975e-02   0.000000e+00   0.000000e+00  -4.082596e-02   1.219005e-01   1.412049e-01   0.000000e+00
 9.764678e-03   1.376883e-03   0.000000e+00   1.241761e-02   1.403149e-02   0.000000e+00   0.000000e+00   0.000000e+00   9.001814e-02

# timestamp: 1774889326.8255708
 4.150792e-03   7.812437e-04   0.000000e+00   3.671482e-03   3.728148e-03   0.000000e+00   0.000000e+00   0.000000e+00   1.528385e-02
 7.812437e-04   2.101473e-03   0.000000e+00   7.810823e-04   2.126830e-03   0.000000e+00   0.000000e+00   0.000000e+00   4.298185e-03
 0.000000e+00   0.000000e+00   2.775804e-02   0.000000e+00   0.000000e+00   3.057949e-02  -1.221795e-01  -2.473968e-02   0.000000e+00
 3.671482e-03   7.810823e-04   0.000000e+00   4.366431e-03   4.179894e-03   0.000000e+00   0.000000e+00   0.000000e+00   1.771917e-02
 3.728148e-03   2.126830e-03   0.000000e+00   4.179894e-03   6.357996e-03   0.000000e+00   0.000000e+00   0.000000e+00   2.089857e-02
 0.000000e+00   0.000000e+00   3.057949e-02   0.000000e+00   0.000000e+00   3.922793e-02  -1.347170e-01  -4.860270e-02   0.000000e+00
 0.000000e+00   0.000000e+00  -1.221795e-01   0.000000e+00   0.000000e+00  -1.347170e-01   6.076308e-01   9.598072e-02   0.000000e+00
 0.000000e+00   0.000000e+00  -2.473968e-02   0.000000e+00   0.000000e+00  -4.860270e-02   9.598072e-02   1.578323e-01   0.000000e+00
 1.528385e-02   4.298185e-03   0.000000e+00   1.771917e-02   2.089857e-02   0.000000e+00   0.000000e+00   0.000000e+00   1.105534e-01

# timestamp: 1774889326.859434
 4.442788e-03   9.422365e-04   0.000000e+00   3.909074e-03   4.033736e-03   0.000000e+00   0.000000e+00   0.000000e+00   1.589589e-02
 9.422365e-04   2.289469e-03   0.000000e+00   9.534433e-04   2.397494e-03   0.000000e+00   0.000000e+00   0.000000e+00   5.024621e-03
 0.000000e+00   0.000000e+00   2.994833e-02   0.000000e+00   0.000000e+00   3.289816e-02  -1.268288e-01  -2.642356e-02   0.000000e+00
 3.909074e-03   9.534433e-04   0.000000e+00   4.567846e-03   4.481003e-03   0.000000e+00   0.000000e+00   0.000000e+00   1.833895e-02
 4.033736e-03   2.397494e-03   0.000000e+00   4.481003e-03   6.797783e-03   0.000000e+00   0.000000e+00   0.000000e+00   2.204552e-02
 0.000000e+00   0.000000e+00   3.289816e-02   0.000000e+00   0.000000e+00   4.174441e-02  -1.390419e-01  -5.075722e-02   0.000000e+00
 0.000000e+00   0.000000e+00  -1.268288e-01   0.000000e+00   0.000000e+00  -1.390419e-01   6.110464e-01   9.598072e-02   0.000000e+00
 0.000000e+00   0.000000e+00  -2.642356e-02   0.000000e+00   0.000000e+00  -5.075722e-02   9.598072e-02   1.612478e-01   0.000000e+00
 1.589589e-02   5.024621e-03   0.000000e+00   1.833895e-02   2.204552e-02   0.000000e+00   0.000000e+00   0.000000e+00   1.139690e-01

# timestamp: 1774889326.890184
 4.412622e-03   9.631445e-04   0.000000e+00   3.971432e-03   4.167855e-03   0.000000e+00   0.000000e+00   0.000000e+00   1.682888e-02
 9.631445e-04   2.054405e-03   0.000000e+00   9.982765e-04   2.281152e-03   0.000000e+00   0.000000e+00   0.000000e+00   5.202765e-03
 0.000000e+00   0.000000e+00   2.601957e-02   0.000000e+00   0.000000e+00   2.865570e-02  -1.138395e-01  -2.235592e-02   0.000000e+00
 3.971432e-03   9.982765e-04   0.000000e+00   4.664649e-03   4.643964e-03   0.000000e+00   0.000000e+00   0.000000e+00   1.903115e-02
 4.167855e-03   2.281152e-03   0.000000e+00   4.643964e-03   6.878858e-03   0.000000e+00   0.000000e+00   0.000000e+00   2.279047e-02
 0.000000e+00   0.000000e+00   2.865570e-02   0.000000e+00   0.000000e+00   3.722571e-02  -1.243416e-01  -4.676829e-02   0.000000e+00
 0.000000e+00   0.000000e+00  -1.138395e-01   0.000000e+00   0.000000e+00  -1.243416e-01   5.636276e-01   7.916478e-02   0.000000e+00
 0.000000e+00   0.000000e+00  -2.235592e-02   0.000000e+00   0.000000e+00  -4.676829e-02   7.916478e-02   1.594645e-01   0.000000e+00
 1.682888e-02   5.202765e-03   0.000000e+00   1.903115e-02   2.279047e-02   0.000000e+00   0.000000e+00   0.000000e+00   1.159690e-01

# timestamp: 1774889326.9136999
 4.542370e-03   1.038652e-03   0.000000e+00   4.074062e-03   4.306860e-03   0.000000e+00   0.000000e+00   0.000000e+00   1.710326e-02
 1.038652e-03   2.135936e-03   0.000000e+00   1.076768e-03   2.403694e-03   0.000000e+00   0.000000e+00   0.000000e+00   5.532076e-03
 0.000000e+00   0.000000e+00   2.686774e-02   0.000000e+00   0.000000e+00   2.952898e-02  -1.156319e-01  -2.303109e-02   0.000000e+00
 4.074062e-03   1.076768e-03   0.000000e+00   4.745438e-03   4.772415e-03   0.000000e+00   0.000000e+00   0.000000e+00   1.927363e-02
 4.306860e-03   2.403694e-03   0.000000e+00   4.772415e-03   7.074499e-03   0.000000e+00   0.000000e+00   0.000000e+00   2.328384e-02
 0.000000e+00   0.000000e+00   2.952898e-02   0.000000e+00   0.000000e+00   3.814324e-02  -1.258451e-01  -4.760899e-02   0.000000e+00
 0.000000e+00   0.000000e+00  -1.156319e-01   0.000000e+00   0.000000e+00  -1.258451e-01   5.650648e-01   7.916478e-02   0.000000e+00
 0.000000e+00   0.000000e+00  -2.303109e-02   0.000000e+00   0.000000e+00  -4.760899e-02   7.916478e-02   1.609018e-01   0.000000e+00
 1.710326e-02   5.532076e-03   0.000000e+00   1.927363e-02   2.328384e-02   0.000000e+00   0.000000e+00   0.000000e+00   1.174063e-01

# timestamp: 1774889327.195549
 5.716495e-03   2.087964e-03   0.000000e+00   5.054027e-03   6.125980e-03   0.000000e+00   0.000000e+00   0.000000e+00   2.237113e-02
 2.087964e-03   2.641024e-03   0.000000e+00   2.130923e-03   3.750935e-03   0.000000e+00   0.000000e+00   0.000000e+00   1.056445e-02
 0.000000e+00   0.000000e+00   2.192558e-02   0.000000e+00   0.000000e+00   2.321894e-02  -8.861691e-02  -1.842258e-02   0.000000e+00
 5.054027e-03   2.130923e-03   0.000000e+00   5.448652e-03   6.355131e-03   0.000000e+00   0.000000e+00   0.000000e+00   2.303455e-02
 6.125980e-03   3.750935e-03   0.000000e+00   6.355131e-03   9.593591e-03   0.000000e+00   0.000000e+00   0.000000e+00   3.124150e-02
 0.000000e+00   0.000000e+00   2.321894e-02   0.000000e+00   0.000000e+00   3.066984e-02  -8.766784e-02  -4.463487e-02   0.000000e+00
 0.000000e+00   0.000000e+00  -8.861691e-02   0.000000e+00   0.000000e+00  -8.766784e-02   4.318912e-01   2.985974e-02   0.000000e+00
 0.000000e+00   0.000000e+00  -1.842258e-02   0.000000e+00   0.000000e+00  -4.463487e-02   2.985974e-02   1.737773e-01   0.000000e+00
 2.237113e-02   1.056445e-02   0.000000e+00   2.303455e-02   3.124150e-02   0.000000e+00   0.000000e+00   0.000000e+00   1.402946e-01

# timestamp: 1774889327.218506
 6.158181e-03   2.421907e-03   0.000000e+00   5.364814e-03   6.626865e-03   0.000000e+00   0.000000e+00   0.000000e+00   2.327267e-02
 2.421907e-03   2.988700e-03   0.000000e+00   2.430536e-03   4.255815e-03   0.000000e+00   0.000000e+00   0.000000e+00   1.179727e-02
 0.000000e+00   0.000000e+00   2.382815e-02   0.000000e+00   0.000000e+00   2.502708e-02  -9.204644e-02  -2.018156e-02   0.000000e+00
 5.364814e-03   2.430536e-03   0.000000e+00   5.649138e-03   6.743272e-03   0.000000e+00   0.000000e+00   0.000000e+00   2.363611e-02
 6.626865e-03   4.255815e-03   0.000000e+00   6.743272e-03   1.029242e-02   0.000000e+00   0.000000e+00   0.000000e+00   3.279140e-02
 0.000000e+00   0.000000e+00   2.502708e-02   0.000000e+00   0.000000e+00   3.241247e-02  -8.982199e-02  -4.667400e-02   0.000000e+00
 0.000000e+00   0.000000e+00  -9.204644e-02   0.000000e+00   0.000000e+00  -8.982199e-02   4.357693e-01   2.985974e-02   0.000000e+00
 0.000000e+00   0.000000e+00  -2.018156e-02   0.000000e+00   0.000000e+00  -4.667400e-02   2.985974e-02   1.776554e-01   0.000000e+00
 2.327267e-02   1.179727e-02   0.000000e+00   2.363611e-02   3.279140e-02   0.000000e+00   0.000000e+00   0.000000e+00   1.441727e-01

# timestamp: 1774889327.3280697
 6.537486e-03   2.880488e-03   0.000000e+00   5.592540e-03   7.232096e-03   0.000000e+00   0.000000e+00   0.000000e+00   2.481684e-02
 2.880488e-03   3.348092e-03   0.000000e+00   2.822514e-03   4.902155e-03   0.000000e+00   0.000000e+00   0.000000e+00   1.387335e-02
 0.000000e+00   0.000000e+00   2.243021e-02   0.000000e+00   0.000000e+00   2.317662e-02  -8.462792e-02  -1.954146e-02   0.000000e+00
 5.592540e-03   2.822514e-03   0.000000e+00   5.719368e-03   7.151573e-03   0.000000e+00   0.000000e+00   0.000000e+00   2.442368e-02
 7.232096e-03   4.902155e-03   0.000000e+00   7.151573e-03   1.119867e-02   0.000000e+00   0.000000e+00   0.000000e+00   3.538362e-02
 0.000000e+00   0.000000e+00   2.317662e-02   0.000000e+00   0.000000e+00   3.017791e-02  -7.876159e-02  -4.652030e-02   0.000000e+00
 0.000000e+00   0.000000e+00  -8.462792e-02   0.000000e+00   0.000000e+00  -7.876159e-02   4.061040e-01   1.672255e-02   0.000000e+00
 0.000000e+00   0.000000e+00  -1.954146e-02   0.000000e+00   0.000000e+00  -4.652030e-02   1.672255e-02   1.831985e-01   0.000000e+00
 2.481684e-02   1.387335e-02   0.000000e+00   2.442368e-02   3.538362e-02   0.000000e+00   0.000000e+00   0.000000e+00   1.514925e-01

# timestamp: 1774889327.5240073
 2.581604e-03   8.877076e-04   0.000000e+00   1.895542e-03   2.292918e-03   0.000000e+00   0.000000e+00   0.000000e+00   6.430301e-03
 8.877076e-04   2.019806e-03   0.000000e+00   9.421189e-04   2.169728e-03   0.000000e+00   0.000000e+00   0.000000e+00   4.248007e-03
 0.000000e+00   0.000000e+00   3.739090e-03   0.000000e+00   0.000000e+00   3.938970e-03  -8.278376e-03  -4.562116e-03   0.000000e+00
 1.895542e-03   9.421189e-04   0.000000e+00   2.206391e-03   2.472555e-03   0.000000e+00   0.000000e+00   0.000000e+00   6.960465e-03
 2.292918e-03   2.169728e-03   0.000000e+00   2.472555e-03   4.792068e-03   0.000000e+00   0.000000e+00   0.000000e+00   1.204392e-02
 0.000000e+00   0.000000e+00   3.938970e-03   0.000000e+00   0.000000e+00   1.064122e-02   3.008969e-03  -3.282844e-02   0.000000e+00
 0.000000e+00   0.000000e+00  -8.278376e-03   0.000000e+00   0.000000e+00   3.008969e-03   1.071391e-01  -6.053750e-02   0.000000e+00
 0.000000e+00   0.000000e+00  -4.562116e-03   0.000000e+00   0.000000e+00  -3.282844e-02  -6.053750e-02   1.810474e-01   0.000000e+00
 6.430301e-03   4.248007e-03   0.000000e+00   6.960465e-03   1.204392e-02   0.000000e+00   0.000000e+00   0.000000e+00   6.552915e-02

# timestamp: 1774889327.5443194
 2.704004e-03   9.712052e-04   0.000000e+00   1.959541e-03   2.402384e-03   0.000000e+00   0.000000e+00   0.000000e+00   6.606405e-03
 9.712052e-04   2.157953e-03   0.000000e+00   1.010453e-03   2.323567e-03   0.000000e+00   0.000000e+00   0.000000e+00   4.554535e-03
 0.000000e+00   0.000000e+00   3.970433e-03   0.000000e+00   0.000000e+00   4.257398e-03  -8.200843e-03  -5.397197e-03   0.000000e+00
 1.959541e-03   1.010453e-03   0.000000e+00   2.226347e-03   2.537650e-03   0.000000e+00   0.000000e+00   0.000000e+00   7.044498e-03
 2.402384e-03   2.323567e-03   0.000000e+00   2.537650e-03   4.969326e-03   0.000000e+00   0.000000e+00   0.000000e+00   1.252410e-02
 0.000000e+00   0.000000e+00   4.257398e-03   0.000000e+00   0.000000e+00   1.111159e-02   3.303723e-03  -3.405490e-02   0.000000e+00
 0.000000e+00   0.000000e+00  -8.200843e-03   0.000000e+00   0.000000e+00   3.303723e-03   1.096626e-01  -6.053750e-02   0.000000e+00
 0.000000e+00   0.000000e+00  -5.397197e-03   0.000000e+00   0.000000e+00  -3.405490e-02  -6.053750e-02   1.835710e-01   0.000000e+00
 6.606405e-03   4.554535e-03   0.000000e+00   7.044498e-03   1.252410e-02   0.000000e+00   0.000000e+00   0.000000e+00   6.805269e-02

# timestamp: 1774889327.5655975
 2.823672e-03   1.055123e-03   0.000000e+00   2.021202e-03   2.509421e-03   0.000000e+00   0.000000e+00   0.000000e+00   6.776401e-03
 1.055123e-03   2.297101e-03   0.000000e+00   1.077596e-03   2.476662e-03   0.000000e+00   0.000000e+00   0.000000e+00   4.859315e-03
 0.000000e+00   0.000000e+00   4.206407e-03   0.000000e+00   0.000000e+00   4.578154e-03  -8.119221e-03  -6.225185e-03   0.000000e+00
 2.021202e-03   1.077596e-03   0.000000e+00   2.245555e-03   2.600789e-03   0.000000e+00   0.000000e+00   0.000000e+00   7.127107e-03
 2.509421e-03   2.476662e-03   0.000000e+00   2.600789e-03   5.144631e-03   0.000000e+00   0.000000e+00   0.000000e+00   1.299614e-02
 0.000000e+00   0.000000e+00   4.578154e-03   0.000000e+00   0.000000e+00   1.157532e-02   3.581955e-03  -3.523786e-02   0.000000e+00
 0.000000e+00   0.000000e+00  -8.119221e-03   0.000000e+00   0.000000e+00   3.581955e-03   1.120666e-01  -6.053750e-02   0.000000e+00
 0.000000e+00   0.000000e+00  -6.225185e-03   0.000000e+00   0.000000e+00  -3.523786e-02  -6.053750e-02   1.859750e-01   0.000000e+00
 6.776401e-03   4.859315e-03   0.000000e+00   7.127107e-03   1.299614e-02   0.000000e+00   0.000000e+00   0.000000e+00   7.045666e-02

# timestamp: 1774889327.6067586
 1.815521e-03   5.022563e-04   0.000000e+00   1.197008e-03   1.337911e-03   0.000000e+00   0.000000e+00   0.000000e+00   3.004301e-03
 5.022563e-04   1.645410e-03   0.000000e+00   5.717236e-04   1.555556e-03   0.000000e+00   0.000000e+00   0.000000e+00   2.322495e-03
 0.000000e+00   0.000000e+00   2.419002e-03   0.000000e+00   0.000000e+00   2.767133e-03  -2.425867e-03  -4.280184e-03   0.000000e+00
 1.197008e-03   5.717236e-04   0.000000e+00   1.534649e-03   1.558358e-03   0.000000e+00   0.000000e+00   0.000000e+00   3.638999e-03
 1.337911e-03   1.555556e-03   0.000000e+00   1.558358e-03   3.498430e-03   0.000000e+00   0.000000e+00   0.000000e+00   7.709586e-03
 0.000000e+00   0.000000e+00   2.767133e-03   0.000000e+00   0.000000e+00   9.878358e-03   1.063503e-02  -3.373325e-02   0.000000e+00
 0.000000e+00   0.000000e+00  -2.425867e-03   0.000000e+00   0.000000e+00   1.063503e-02   9.262353e-02  -7.240481e-02   0.000000e+00
 0.000000e+00   0.000000e+00  -4.280184e-03   0.000000e+00   0.000000e+00  -3.373325e-02  -7.240481e-02   1.840799e-01   0.000000e+00
 3.004301e-03   2.322495e-03   0.000000e+00   3.638999e-03   7.709586e-03   0.000000e+00   0.000000e+00   0.000000e+00   5.029272e-02

# timestamp: 1774889327.849327
 1.412044e-03   3.202814e-04   0.000000e+00   7.770941e-04   7.692107e-04   0.000000e+00   0.000000e+00   0.000000e+00   1.112178e-03
 3.202814e-04   1.488056e-03   0.000000e+00   3.762803e-04   1.277142e-03   0.000000e+00   0.000000e+00   0.000000e+00   1.517441e-03
 0.000000e+00   0.000000e+00   2.062180e-03   0.000000e+00   0.000000e+00   3.099466e-03   2.324392e-03  -7.161888e-03   0.000000e+00
 7.770941e-04   3.762803e-04   0.000000e+00   1.054535e-03   9.219288e-04   0.000000e+00   0.000000e+00   0.000000e+00   1.370239e-03
 7.692107e-04   1.277142e-03   0.000000e+00   9.219288e-04   2.833813e-03   0.000000e+00   0.000000e+00   0.000000e+00   6.013817e-03
 0.000000e+00   0.000000e+00   3.099466e-03   0.000000e+00   0.000000e+00   1.164090e-02   1.914734e-02  -3.887160e-02   0.000000e+00
 0.000000e+00   0.000000e+00   2.324392e-03   0.000000e+00   0.000000e+00   1.914734e-02   1.002909e-01  -8.511332e-02   0.000000e+00
 0.000000e+00   0.000000e+00  -7.161888e-03   0.000000e+00   0.000000e+00  -3.887160e-02  -8.511332e-02   1.844922e-01   0.000000e+00
 1.112178e-03   1.517441e-03   0.000000e+00   1.370239e-03   6.013817e-03   0.000000e+00   0.000000e+00   0.000000e+00   4.667422e-02

# timestamp: 1774889327.8672104
 1.481689e-03   3.519361e-04   0.000000e+00   8.050861e-04   8.037894e-04   0.000000e+00   0.000000e+00   0.000000e+00   1.148931e-03
 3.519361e-04   1.586262e-03   0.000000e+00   4.005442e-04   1.368397e-03   0.000000e+00   0.000000e+00   0.000000e+00   1.683669e-03
 0.000000e+00   0.000000e+00   2.266219e-03   0.000000e+00   0.000000e+00   3.487786e-03   2.848427e-03  -8.226312e-03   0.000000e+00
 8.050861e-04   4.005442e-04   0.000000e+00   1.056074e-03   9.308122e-04   0.000000e+00   0.000000e+00   0.000000e+00   1.349650e-03
 8.037894e-04   1.368397e-03   0.000000e+00   9.308122e-04   2.941915e-03   0.000000e+00   0.000000e+00   0.000000e+00   6.423891e-03
 0.000000e+00   0.000000e+00   3.487786e-03   0.000000e+00   0.000000e+00   1.233292e-02   1.991227e-02  -4.048621e-02   0.000000e+00
 0.000000e+00   0.000000e+00   2.848427e-03   0.000000e+00   0.000000e+00   1.991227e-02   1.029879e-01  -8.511332e-02   0.000000e+00
 0.000000e+00   0.000000e+00  -8.226312e-03   0.000000e+00   0.000000e+00  -4.048621e-02  -8.511332e-02   1.871892e-01   0.000000e+00
 1.148931e-03   1.683669e-03   0.000000e+00   1.349650e-03   6.423891e-03   0.000000e+00   0.000000e+00   0.000000e+00   4.937123e-02

# timestamp: 1774889327.903305
 1.183764e-03   2.227299e-04   0.000000e+00   6.248667e-04   5.672140e-04   0.000000e+00   0.000000e+00   0.000000e+00   6.666321e-04
 2.227299e-04   1.260942e-03   0.000000e+00   2.829807e-04   1.045067e-03   0.000000e+00   0.000000e+00   0.000000e+00   1.089450e-03
 0.000000e+00   0.000000e+00   1.688575e-03   0.000000e+00   0.000000e+00   2.635311e-03   2.692673e-03  -6.122971e-03   0.000000e+00
 6.248667e-04   2.829807e-04   0.000000e+00   9.325472e-04   7.335349e-04   0.000000e+00   0.000000e+00   0.000000e+00   8.543309e-04
 5.672140e-04   1.045067e-03   0.000000e+00   7.335349e-04   2.498737e-03   0.000000e+00   0.000000e+00   0.000000e+00   5.003401e-03
 0.000000e+00   0.000000e+00   2.635311e-03   0.000000e+00   0.000000e+00   1.094617e-02   2.031753e-02  -3.624227e-02   0.000000e+00
 0.000000e+00   0.000000e+00   2.692673e-03   0.000000e+00   0.000000e+00   2.031753e-02   1.008461e-01  -8.765842e-02   0.000000e+00
 0.000000e+00   0.000000e+00  -6.122971e-03   0.000000e+00   0.000000e+00  -3.624227e-02  -8.765842e-02   1.708071e-01   0.000000e+00
 6.666321e-04   1.089450e-03   0.000000e+00   8.543309e-04   5.003401e-03   0.000000e+00   0.000000e+00   0.000000e+00   4.086423e-02

# timestamp: 1774889327.920063
 1.228769e-03   2.399039e-04   0.000000e+00   6.430362e-04   5.860628e-04   0.000000e+00   0.000000e+00   0.000000e+00   6.834904e-04
 2.399039e-04   1.323304e-03   0.000000e+00   2.969252e-04   1.102304e-03   0.000000e+00   0.000000e+00   0.000000e+00   1.189838e-03
 0.000000e+00   0.000000e+00   1.817683e-03   0.000000e+00   0.000000e+00   2.898307e-03   3.098348e-03  -6.846817e-03   0.000000e+00
 6.430362e-04   2.969252e-04   0.000000e+00   9.336343e-04   7.361120e-04   0.000000e+00   0.000000e+00   0.000000e+00   8.317564e-04
 5.860628e-04   1.102304e-03   0.000000e+00   7.361120e-04   2.565425e-03   0.000000e+00   0.000000e+00   0.000000e+00   5.270646e-03
 0.000000e+00   0.000000e+00   2.898307e-03   0.000000e+00   0.000000e+00   1.143374e-02   2.092411e-02  -3.737456e-02   0.000000e+00
 0.000000e+00   0.000000e+00   3.098348e-03   0.000000e+00   0.000000e+00   2.092411e-02   1.028303e-01  -8.765842e-02   0.000000e+00
 0.000000e+00   0.000000e+00  -6.846817e-03   0.000000e+00   0.000000e+00  -3.737456e-02  -8.765842e-02   1.727914e-01   0.000000e+00
 6.834904e-04   1.189838e-03   0.000000e+00   8.317564e-04   5.270646e-03   0.000000e+00   0.000000e+00   0.000000e+00   4.284847e-02

# timestamp: 1774889327.9348295
 1.257719e-03   2.511533e-04   0.000000e+00   6.545762e-04   5.981070e-04   0.000000e+00   0.000000e+00   0.000000e+00   6.939240e-04
 2.511533e-04   1.364120e-03   0.000000e+00   3.057856e-04   1.139732e-03   0.000000e+00   0.000000e+00   0.000000e+00   1.256790e-03
 0.000000e+00   0.000000e+00   1.905322e-03   0.000000e+00   0.000000e+00   3.073280e-03   3.363190e-03  -7.319985e-03   0.000000e+00
 6.545762e-04   3.057856e-04   0.000000e+00   9.343373e-04   7.375989e-04   0.000000e+00   0.000000e+00   0.000000e+00   8.169617e-04
 5.981070e-04   1.139732e-03   0.000000e+00   7.375989e-04   2.609539e-03   0.000000e+00   0.000000e+00   0.000000e+00   5.445792e-03
 0.000000e+00   0.000000e+00   3.073280e-03   0.000000e+00   0.000000e+00   1.175111e-02   2.130974e-02  -3.809899e-02   0.000000e+00
 0.000000e+00   0.000000e+00   3.363190e-03   0.000000e+00   0.000000e+00   2.130974e-02   1.040903e-01  -8.765842e-02   0.000000e+00
 0.000000e+00   0.000000e+00  -7.319985e-03   0.000000e+00   0.000000e+00  -3.809899e-02  -8.765842e-02   1.740513e-01   0.000000e+00
 6.939240e-04   1.256790e-03   0.000000e+00   8.169617e-04   5.445792e-03   0.000000e+00   0.000000e+00   0.000000e+00   4.410841e-02

# timestamp: 1774889328.1531088
 1.162412e-03   1.985054e-04   0.000000e+00   5.434432e-04   4.124046e-04   0.000000e+00   0.000000e+00   0.000000e+00   2.341238e-04
 1.985054e-04   1.343186e-03   0.000000e+00   2.388888e-04   1.095505e-03   0.000000e+00   0.000000e+00   0.000000e+00   1.160053e-03
 0.000000e+00   0.000000e+00   2.063291e-03   0.000000e+00   0.000000e+00   3.580454e-03   5.614216e-03  -8.268927e-03   0.000000e+00
 5.434432e-04   2.388888e-04   0.000000e+00   7.894188e-04   4.878694e-04   0.000000e+00   0.000000e+00   0.000000e+00   1.236119e-04
 4.124046e-04   1.095505e-03   0.000000e+00   4.878694e-04   2.488934e-03   0.000000e+00   0.000000e+00   0.000000e+00   5.358566e-03
 0.000000e+00   0.000000e+00   3.580454e-03   0.000000e+00   0.000000e+00   1.205179e-02   2.432153e-02  -3.487595e-02   0.000000e+00
 0.000000e+00   0.000000e+00   5.614216e-03   0.000000e+00   0.000000e+00   2.432153e-02   1.163066e-01  -8.423743e-02   0.000000e+00
 0.000000e+00   0.000000e+00  -8.268927e-03   0.000000e+00   0.000000e+00  -3.487595e-02  -8.423743e-02   1.461848e-01   0.000000e+00
 2.341238e-04   1.160053e-03   0.000000e+00   1.236119e-04   5.358566e-03   0.000000e+00   0.000000e+00   0.000000e+00   4.516589e-02

# timestamp: 1774889328.1894858
 1.004778e-03   1.419842e-04   0.000000e+00   4.583405e-04   3.141459e-04   0.000000e+00   0.000000e+00   0.000000e+00   1.213189e-04
 1.419842e-04   1.146648e-03   0.000000e+00   1.856233e-04   9.153484e-04   0.000000e+00   0.000000e+00   0.000000e+00   8.646079e-04
 0.000000e+00   0.000000e+00   1.659780e-03   0.000000e+00   0.000000e+00   2.866483e-03   4.781736e-03  -6.449603e-03   0.000000e+00
 4.583405e-04   1.856233e-04   0.000000e+00   7.328231e-04   4.015542e-04   0.000000e+00   0.000000e+00   0.000000e+00   1.201672e-05
 3.141459e-04   9.153484e-04   0.000000e+00   4.015542e-04   2.258360e-03   0.000000e+00   0.000000e+00   0.000000e+00   4.546129e-03
 0.000000e+00   0.000000e+00   2.866483e-03   0.000000e+00   0.000000e+00   1.054057e-02   2.274115e-02  -3.028446e-02   0.000000e+00
 0.000000e+00   0.000000e+00   4.781736e-03   0.000000e+00   0.000000e+00   2.274115e-02   1.120810e-01  -8.090575e-02   0.000000e+00
 0.000000e+00   0.000000e+00  -6.449603e-03   0.000000e+00   0.000000e+00  -3.028446e-02  -8.090575e-02   1.297783e-01   0.000000e+00
 1.213189e-04   8.646079e-04   0.000000e+00   1.201672e-05   4.546129e-03   0.000000e+00   0.000000e+00   0.000000e+00   3.911639e-02

# timestamp: 1774889328.4847813
 9.255186e-04   9.577593e-05   0.000000e+00   3.809157e-04   1.815519e-04   0.000000e+00   0.000000e+00   0.000000e+00  -3.101481e-05
 9.577593e-05   1.101474e-03   0.000000e+00   1.260764e-04   8.678050e-04   0.000000e+00   0.000000e+00   0.000000e+00   8.123804e-04
 0.000000e+00   0.000000e+00   1.650081e-03   0.000000e+00   0.000000e+00   2.723984e-03   5.222123e-03  -5.672059e-03   0.000000e+00
 3.809157e-04   1.260764e-04   0.000000e+00   6.315902e-04   2.259571e-04   0.000000e+00   0.000000e+00   0.000000e+00  -1.596243e-04
 1.815519e-04   8.678050e-04   0.000000e+00   2.259571e-04   2.147446e-03   0.000000e+00   0.000000e+00   0.000000e+00   4.323648e-03
 0.000000e+00   0.000000e+00   2.723984e-03   0.000000e+00   0.000000e+00   8.814789e-03   2.048865e-02  -2.324741e-02   0.000000e+00
 0.000000e+00   0.000000e+00   5.222123e-03   0.000000e+00   0.000000e+00   2.048865e-02   1.143065e-01  -6.905219e-02   0.000000e+00
 0.000000e+00   0.000000e+00  -5.672059e-03   0.000000e+00   0.000000e+00  -2.324741e-02  -6.905219e-02   1.021735e-01   0.000000e+00
-3.101481e-05   8.123804e-04   0.000000e+00  -1.596243e-04   4.323648e-03   0.000000e+00   0.000000e+00   0.000000e+00   3.862720e-02

# timestamp: 1774889328.5066898
 9.726899e-04   1.040894e-04   0.000000e+00   3.977229e-04   1.872628e-04   0.000000e+00   0.000000e+00   0.000000e+00  -3.532576e-05
 1.040894e-04   1.175658e-03   0.000000e+00   1.318420e-04   9.322800e-04   0.000000e+00   0.000000e+00   0.000000e+00   9.296228e-04
 0.000000e+00   0.000000e+00   1.828130e-03   0.000000e+00   0.000000e+00   3.009419e-03   5.770223e-03  -6.295450e-03   0.000000e+00
 3.977229e-04   1.318420e-04   0.000000e+00   6.343189e-04   2.236423e-04   0.000000e+00   0.000000e+00   0.000000e+00  -1.690482e-04
 1.872628e-04   9.322800e-04   0.000000e+00   2.236423e-04   2.219402e-03   0.000000e+00   0.000000e+00   0.000000e+00   4.636547e-03
 0.000000e+00   0.000000e+00   3.009419e-03   0.000000e+00   0.000000e+00   9.193202e-03   2.105001e-02  -2.406809e-02   0.000000e+00
 0.000000e+00   0.000000e+00   5.770223e-03   0.000000e+00   0.000000e+00   2.105001e-02   1.169587e-01  -6.905219e-02   0.000000e+00
 0.000000e+00   0.000000e+00  -6.295450e-03   0.000000e+00   0.000000e+00  -2.406809e-02  -6.905219e-02   1.048257e-01   0.000000e+00
-3.532576e-05   9.296228e-04   0.000000e+00  -1.690482e-04   4.636547e-03   0.000000e+00   0.000000e+00   0.000000e+00   4.127932e-02

# timestamp: 1774889328.5361476
 1.015382e-03   1.117349e-04   0.000000e+00   4.127267e-04   1.922582e-04   0.000000e+00   0.000000e+00   0.000000e+00  -3.937982e-05
 1.117349e-04   1.244553e-03   0.000000e+00   1.368910e-04   9.920638e-04   0.000000e+00   0.000000e+00   0.000000e+00   1.041206e-03
 0.000000e+00   0.000000e+00   1.999507e-03   0.000000e+00   0.000000e+00   3.276114e-03   6.270473e-03  -6.868747e-03   0.000000e+00
 4.127267e-04   1.368910e-04   0.000000e+00   6.367489e-04   2.214580e-04   0.000000e+00   0.000000e+00   0.000000e+00  -1.779299e-04
 1.922582e-04   9.920638e-04   0.000000e+00   2.214580e-04   2.287568e-03   0.000000e+00   0.000000e+00   0.000000e+00   4.931443e-03
 0.000000e+00   0.000000e+00   3.276114e-03   0.000000e+00   0.000000e+00   9.540673e-03   2.154964e-02  -2.481449e-02   0.000000e+00
 0.000000e+00   0.000000e+00   6.270473e-03   0.000000e+00   0.000000e+00   2.154964e-02   1.193168e-01  -6.905219e-02   0.000000e+00
 0.000000e+00   0.000000e+00  -6.868747e-03   0.000000e+00   0.000000e+00  -2.481449e-02  -6.905219e-02   1.071838e-01   0.000000e+00
-3.937982e-05   1.041206e-03   0.000000e+00  -1.779299e-04   4.931443e-03   0.000000e+00   0.000000e+00   0.000000e+00   4.363744e-02

# timestamp: 1774889328.549149
 1.038796e-03   1.159732e-04   0.000000e+00   4.208746e-04   1.949291e-04   0.000000e+00   0.000000e+00   0.000000e+00  -4.166765e-05
 1.159732e-04   1.283058e-03   0.000000e+00   1.395929e-04   1.025461e-03   0.000000e+00   0.000000e+00   0.000000e+00   1.104701e-03
 0.000000e+00   0.000000e+00   2.097675e-03   0.000000e+00   0.000000e+00   3.425765e-03   6.546508e-03  -7.186913e-03   0.000000e+00
 4.208746e-04   1.395929e-04   0.000000e+00   6.380663e-04   2.202232e-04   0.000000e+00   0.000000e+00   0.000000e+00  -1.829340e-04
 1.949291e-04   1.025461e-03   0.000000e+00   2.202232e-04   2.326206e-03   0.000000e+00   0.000000e+00   0.000000e+00   5.097591e-03
 0.000000e+00   0.000000e+00   3.425765e-03   0.000000e+00   0.000000e+00   9.733237e-03   2.182039e-02  -2.522512e-02   0.000000e+00
 0.000000e+00   0.000000e+00   6.546508e-03   0.000000e+00   0.000000e+00   2.182039e-02   1.205937e-01  -6.905219e-02   0.000000e+00
 0.000000e+00   0.000000e+00  -7.186913e-03   0.000000e+00   0.000000e+00  -2.522512e-02  -6.905219e-02   1.084607e-01   0.000000e+00
-4.166765e-05   1.104701e-03   0.000000e+00  -1.829340e-04   5.097591e-03   0.000000e+00   0.000000e+00   0.000000e+00   4.491439e-02

# timestamp: 1774889328.565696
 1.068891e-03   1.214653e-04   0.000000e+00   4.312686e-04   1.982927e-04   0.000000e+00   0.000000e+00   0.000000e+00  -4.466630e-05
 1.214653e-04   1.333291e-03   0.000000e+00   1.429980e-04   1.069009e-03   0.000000e+00   0.000000e+00   0.000000e+00   1.188401e-03
 0.000000e+00   0.000000e+00   2.228119e-03   0.000000e+00   0.000000e+00   3.621438e-03   6.902445e-03  -7.598907e-03   0.000000e+00
 4.312686e-04   1.429980e-04   0.000000e+00   6.397443e-04   2.185971e-04   0.000000e+00   0.000000e+00   0.000000e+00  -1.895211e-04
 1.982927e-04   1.069009e-03   0.000000e+00   2.185971e-04   2.377193e-03   0.000000e+00   0.000000e+00   0.000000e+00   5.316300e-03
 0.000000e+00   0.000000e+00   3.621438e-03   0.000000e+00   0.000000e+00   9.982807e-03   2.216512e-02  -2.575493e-02   0.000000e+00
 0.000000e+00   0.000000e+00   6.902445e-03   0.000000e+00   0.000000e+00   2.216512e-02   1.222186e-01  -6.905219e-02   0.000000e+00
 0.000000e+00   0.000000e+00  -7.598907e-03   0.000000e+00   0.000000e+00  -2.575493e-02  -6.905219e-02   1.100856e-01   0.000000e+00
-4.466630e-05   1.188401e-03   0.000000e+00  -1.895211e-04   5.316300e-03   0.000000e+00   0.000000e+00   0.000000e+00   4.653924e-02

# timestamp: 1774889328.8171313
 1.041747e-03   8.172689e-05   0.000000e+00   3.955417e-04   7.371128e-05   0.000000e+00   0.000000e+00   0.000000e+00  -5.207678e-04
 8.172689e-05   1.299381e-03   0.000000e+00   9.947017e-05   9.567755e-04   0.000000e+00   0.000000e+00   0.000000e+00   4.305665e-04
 0.000000e+00   0.000000e+00   2.100188e-03   0.000000e+00   0.000000e+00   3.023135e-03   7.181169e-03  -5.068937e-03   0.000000e+00
 3.955417e-04   9.947017e-05   0.000000e+00   5.882658e-04   1.039843e-04   0.000000e+00   0.000000e+00   0.000000e+00  -4.228107e-04
 7.371128e-05   9.567755e-04   0.000000e+00   1.039843e-04   2.175034e-03   0.000000e+00   0.000000e+00   0.000000e+00   4.582976e-03
 0.000000e+00   0.000000e+00   3.023135e-03   0.000000e+00   0.000000e+00   7.766430e-03   2.004444e-02  -1.838591e-02   0.000000e+00
 0.000000e+00   0.000000e+00   7.181169e-03   0.000000e+00   0.000000e+00   2.004444e-02   1.292111e-01  -5.904256e-02   0.000000e+00
 0.000000e+00   0.000000e+00  -5.068937e-03   0.000000e+00   0.000000e+00  -1.838591e-02  -5.904256e-02   8.835785e-02   0.000000e+00
-5.207678e-04   4.305665e-04   0.000000e+00  -4.228107e-04   4.582976e-03   0.000000e+00   0.000000e+00   0.000000e+00   4.601116e-02

# timestamp: 1774889328.8426719
 1.089692e-03   8.636029e-05   0.000000e+00   4.112599e-04   7.251087e-05   0.000000e+00   0.000000e+00   0.000000e+00  -5.320348e-04
 8.636029e-05   1.378301e-03   0.000000e+00   1.021388e-04   1.018968e-03   0.000000e+00   0.000000e+00   0.000000e+00   5.552698e-04
 0.000000e+00   0.000000e+00   2.293383e-03   0.000000e+00   0.000000e+00   3.272728e-03   7.717071e-03  -5.562751e-03   0.000000e+00
 4.112599e-04   1.021388e-04   0.000000e+00   5.910160e-04   1.002808e-04   0.000000e+00   0.000000e+00   0.000000e+00  -4.282357e-04
 7.251087e-05   1.018968e-03   0.000000e+00   1.002808e-04   2.248446e-03   0.000000e+00   0.000000e+00   0.000000e+00   4.938203e-03
 0.000000e+00   0.000000e+00   3.272728e-03   0.000000e+00   0.000000e+00   8.052059e-03   2.049824e-02  -1.906265e-02   0.000000e+00
 0.000000e+00   0.000000e+00   7.717071e-03   0.000000e+00   0.000000e+00   2.049824e-02   1.318648e-01  -5.904256e-02   0.000000e+00
 0.000000e+00   0.000000e+00  -5.562751e-03   0.000000e+00   0.000000e+00  -1.906265e-02  -5.904256e-02   9.101148e-02   0.000000e+00
-5.320348e-04   5.552698e-04   0.000000e+00  -4.282357e-04   4.938203e-03   0.000000e+00   0.000000e+00   0.000000e+00   4.866478e-02

# timestamp: 1774889328.8645525
 1.126800e-03   8.991329e-05   0.000000e+00   4.232892e-04   7.147234e-05   0.000000e+00   0.000000e+00   0.000000e+00  -5.407253e-04
 8.991329e-05   1.440720e-03   0.000000e+00   1.040942e-04   1.068385e-03   0.000000e+00   0.000000e+00   0.000000e+00   6.570212e-04
 0.000000e+00   0.000000e+00   2.449760e-03   0.000000e+00   0.000000e+00   3.470789e-03   8.133998e-03  -5.951833e-03   0.000000e+00
 4.232892e-04   1.040942e-04   0.000000e+00   5.931132e-04   9.740240e-05   0.000000e+00   0.000000e+00   0.000000e+00  -4.325646e-04
 7.147234e-05   1.068385e-03   0.000000e+00   9.740240e-05   2.308031e-03   0.000000e+00   0.000000e+00   0.000000e+00   5.221665e-03
 0.000000e+00   0.000000e+00   3.470789e-03   0.000000e+00   0.000000e+00   8.276687e-03   2.084434e-02  -1.959119e-02   0.000000e+00
 0.000000e+00   0.000000e+00   8.133998e-03   0.000000e+00   0.000000e+00   2.084434e-02   1.338875e-01  -5.904256e-02   0.000000e+00
 0.000000e+00   0.000000e+00  -5.951833e-03   0.000000e+00   0.000000e+00  -1.959119e-02  -5.904256e-02   9.303422e-02   0.000000e+00
-5.407253e-04   6.570212e-04   0.000000e+00  -4.325646e-04   5.221665e-03   0.000000e+00   0.000000e+00   0.000000e+00   5.068753e-02

# timestamp: 1774889328.8937106
 9.418518e-04   5.964016e-05   0.000000e+00   3.512364e-04   5.526954e-05   0.000000e+00   0.000000e+00   0.000000e+00  -3.536387e-04
 5.964016e-05   1.153749e-03   0.000000e+00   7.774372e-05   8.464809e-04   0.000000e+00   0.000000e+00   0.000000e+00   4.594266e-04
 0.000000e+00   0.000000e+00   1.720071e-03   0.000000e+00   0.000000e+00   2.425991e-03   5.659250e-03  -4.199147e-03   0.000000e+00
 3.512364e-04   7.774372e-05   0.000000e+00   5.626910e-04   8.275375e-05   0.000000e+00   0.000000e+00   0.000000e+00  -3.196818e-04
 5.526954e-05   8.464809e-04   0.000000e+00   8.275375e-05   2.050611e-03   0.000000e+00   0.000000e+00   0.000000e+00   4.160698e-03
 0.000000e+00   0.000000e+00   2.425991e-03   0.000000e+00   0.000000e+00   6.709772e-03   1.766456e-02  -1.650011e-02   0.000000e+00
 0.000000e+00   0.000000e+00   5.659250e-03   0.000000e+00   0.000000e+00   1.766456e-02   1.217049e-01  -5.794176e-02   0.000000e+00
 0.000000e+00   0.000000e+00  -4.199147e-03   0.000000e+00   0.000000e+00  -1.650011e-02  -5.794176e-02   8.268830e-02   0.000000e+00
-3.536387e-04   4.594266e-04   0.000000e+00  -3.196818e-04   4.160698e-03   0.000000e+00   0.000000e+00   0.000000e+00   4.080203e-02

# timestamp: 1774889329.1672833
 1.040479e-03   4.583726e-05   0.000000e+00   3.666904e-04   2.917300e-05   0.000000e+00   0.000000e+00   0.000000e+00  -2.176417e-04
 4.583726e-05   1.344823e-03   0.000000e+00   5.287900e-05   1.009883e-03   0.000000e+00   0.000000e+00   0.000000e+00   1.026628e-03
 0.000000e+00   0.000000e+00   2.068612e-03   0.000000e+00   0.000000e+00   2.749230e-03   6.349565e-03  -5.227152e-03   0.000000e+00
 3.666904e-04   5.287900e-05   0.000000e+00   5.404630e-04   2.635063e-05   0.000000e+00   0.000000e+00   0.000000e+00  -3.422991e-04
 2.917300e-05   1.009883e-03   0.000000e+00   2.635063e-05   2.180509e-03   0.000000e+00   0.000000e+00   0.000000e+00   4.962458e-03
 0.000000e+00   0.000000e+00   2.749230e-03   0.000000e+00   0.000000e+00   6.571778e-03   1.744471e-02  -1.675421e-02   0.000000e+00
 0.000000e+00   0.000000e+00   6.349565e-03   0.000000e+00   0.000000e+00   1.744471e-02   1.302781e-01  -5.682476e-02   0.000000e+00
 0.000000e+00   0.000000e+00  -5.227152e-03   0.000000e+00   0.000000e+00  -1.675421e-02  -5.682476e-02   8.744913e-02   0.000000e+00
-2.176417e-04   1.026628e-03   0.000000e+00  -3.422991e-04   4.962458e-03   0.000000e+00   0.000000e+00   0.000000e+00   4.792683e-02

# timestamp: 1774889329.1836772
 9.634127e-04   5.015600e-05   0.000000e+00   3.361607e-04   7.084017e-05   0.000000e+00   0.000000e+00   0.000000e+00   2.371206e-04
 5.015600e-05   1.259689e-03   0.000000e+00   4.662365e-05   1.004258e-03   0.000000e+00   0.000000e+00   0.000000e+00   1.614716e-03
 0.000000e+00   0.000000e+00   1.851328e-03   0.000000e+00   0.000000e+00   2.529305e-03   4.893715e-03  -5.650024e-03   0.000000e+00
 3.361607e-04   4.662365e-05   0.000000e+00   5.273221e-04   3.720171e-05   0.000000e+00   0.000000e+00   0.000000e+00  -1.535878e-04
 7.084017e-05   1.004258e-03   0.000000e+00   3.720171e-05   2.185941e-03   0.000000e+00   0.000000e+00   0.000000e+00   5.085412e-03
 0.000000e+00   0.000000e+00   2.529305e-03   0.000000e+00   0.000000e+00   6.342626e-03   1.585959e-02  -1.727220e-02   0.000000e+00
 0.000000e+00   0.000000e+00   4.893715e-03   0.000000e+00   0.000000e+00   1.585959e-02   1.222617e-01  -5.792462e-02   0.000000e+00
 0.000000e+00   0.000000e+00  -5.650024e-03   0.000000e+00   0.000000e+00  -1.727220e-02  -5.792462e-02   8.865167e-02   0.000000e+00
 2.371206e-04   1.614716e-03   0.000000e+00  -1.535878e-04   5.085412e-03   0.000000e+00   0.000000e+00   0.000000e+00   4.486561e-02

# timestamp: 1774889329.553562
 9.673869e-04   1.709487e-05   0.000000e+00   3.208247e-04   7.975125e-07   0.000000e+00   0.000000e+00   0.000000e+00  -1.128860e-04
 1.709487e-05   1.253858e-03   0.000000e+00   1.493234e-05   9.139779e-04   0.000000e+00   0.000000e+00   0.000000e+00   9.451946e-04
 0.000000e+00   0.000000e+00   1.782925e-03   0.000000e+00   0.000000e+00   2.213698e-03   5.272763e-03  -4.702174e-03   0.000000e+00
 3.208247e-04   1.493234e-05   0.000000e+00   4.969152e-04  -2.370173e-05   0.000000e+00   0.000000e+00   0.000000e+00  -3.104868e-04
 7.975125e-07   9.139779e-04   0.000000e+00  -2.370173e-05   1.912772e-03   0.000000e+00   0.000000e+00   0.000000e+00   4.125510e-03
 0.000000e+00   0.000000e+00   2.213698e-03   0.000000e+00   0.000000e+00   5.295315e-03   1.520393e-02  -1.511069e-02   0.000000e+00
 0.000000e+00   0.000000e+00   5.272763e-03   0.000000e+00   0.000000e+00   1.520393e-02   1.242523e-01  -5.898258e-02   0.000000e+00
 0.000000e+00   0.000000e+00  -4.702174e-03   0.000000e+00   0.000000e+00  -1.511069e-02  -5.898258e-02   9.021281e-02   0.000000e+00
-1.128860e-04   9.451946e-04   0.000000e+00  -3.104868e-04   4.125510e-03   0.000000e+00   0.000000e+00   0.000000e+00   4.553251e-02

# timestamp: 1774889329.6238513
 8.951265e-04   1.213799e-05   0.000000e+00   2.941959e-04  -2.277927e-06   0.000000e+00   0.000000e+00   0.000000e+00  -9.015632e-05
 1.213799e-05   1.135305e-03   0.000000e+00   1.017456e-05   8.153608e-04   0.000000e+00   0.000000e+00   0.000000e+00   7.719495e-04
 0.000000e+00   0.000000e+00   1.547651e-03   0.000000e+00   0.000000e+00   1.903919e-03   4.486372e-03  -4.170201e-03   0.000000e+00
 2.941959e-04   1.017456e-05   0.000000e+00   4.841693e-04  -2.651778e-05   0.000000e+00   0.000000e+00   0.000000e+00  -2.724018e-04
-2.277927e-06   8.153608e-04   0.000000e+00  -2.651778e-05   1.785551e-03   0.000000e+00   0.000000e+00   0.000000e+00   3.615981e-03
 0.000000e+00   0.000000e+00   1.903919e-03   0.000000e+00   0.000000e+00   4.851020e-03   1.408108e-02  -1.446178e-02   0.000000e+00
 0.000000e+00   0.000000e+00   4.486372e-03   0.000000e+00   0.000000e+00   1.408108e-02   1.157957e-01  -5.981246e-02   0.000000e+00
 0.000000e+00   0.000000e+00  -4.170201e-03   0.000000e+00   0.000000e+00  -1.446178e-02  -5.981246e-02   8.985153e-02   0.000000e+00
-9.015632e-05   7.719495e-04   0.000000e+00  -2.724018e-04   3.615981e-03   0.000000e+00   0.000000e+00   0.000000e+00   4.123054e-02

# timestamp: 1774889330.330154
 8.553395e-04  -3.706641e-06   0.000000e+00   2.600960e-04  -2.372636e-05   0.000000e+00   0.000000e+00   0.000000e+00  -1.217391e-04
-3.706641e-06   1.066207e-03   0.000000e+00  -1.011543e-05   6.895583e-04   0.000000e+00   0.000000e+00   0.000000e+00   6.257815e-04
 0.000000e+00   0.000000e+00   1.431754e-03   0.000000e+00   0.000000e+00   1.667389e-03   3.272435e-03  -4.886366e-03   0.000000e+00
 2.600960e-04  -1.011543e-05   0.000000e+00   4.413357e-04  -3.828993e-05   0.000000e+00   0.000000e+00   0.000000e+00  -8.680347e-05
-2.372636e-05   6.895583e-04   0.000000e+00  -3.828993e-05   1.437121e-03   0.000000e+00   0.000000e+00   0.000000e+00   2.955129e-03
 0.000000e+00   0.000000e+00   1.667389e-03   0.000000e+00   0.000000e+00   4.209789e-03   9.678351e-03  -1.633337e-02   0.000000e+00
 0.000000e+00   0.000000e+00   3.272435e-03   0.000000e+00   0.000000e+00   9.678351e-03   7.643495e-02  -5.245649e-02   0.000000e+00
 0.000000e+00   0.000000e+00  -4.886366e-03   0.000000e+00   0.000000e+00  -1.633337e-02  -5.245649e-02   1.191109e-01   0.000000e+00
-1.217391e-04   6.257815e-04   0.000000e+00  -8.680347e-05   2.955129e-03   0.000000e+00   0.000000e+00   0.000000e+00   4.000837e-02

# timestamp: 1774889330.8311489
 7.921421e-04  -5.027944e-06   0.000000e+00   2.327012e-04  -1.337416e-05   0.000000e+00   0.000000e+00   0.000000e+00  -5.651887e-07
-5.027944e-06   9.618565e-04   0.000000e+00  -6.721183e-06   5.896167e-04   0.000000e+00   0.000000e+00   0.000000e+00   5.232306e-04
 0.000000e+00   0.000000e+00   1.269236e-03   0.000000e+00   0.000000e+00   1.490083e-03   2.485288e-03  -4.693546e-03   0.000000e+00
 2.327012e-04  -6.721183e-06   0.000000e+00   4.199551e-04  -1.097524e-05   0.000000e+00   0.000000e+00   0.000000e+00   8.232754e-05
-1.337416e-05   5.896167e-04   0.000000e+00  -1.097524e-05   1.289127e-03   0.000000e+00   0.000000e+00   0.000000e+00   2.669569e-03
 0.000000e+00   0.000000e+00   1.490083e-03   0.000000e+00   0.000000e+00   4.083495e-03   8.265146e-03  -1.694883e-02   0.000000e+00
 0.000000e+00   0.000000e+00   2.485288e-03   0.000000e+00   0.000000e+00   8.265146e-03   6.639055e-02  -5.006098e-02   0.000000e+00
 0.000000e+00   0.000000e+00  -4.693546e-03   0.000000e+00   0.000000e+00  -1.694883e-02  -5.006098e-02   1.244288e-01   0.000000e+00
-5.651887e-07   5.232306e-04   0.000000e+00   8.232754e-05   2.669569e-03   0.000000e+00   0.000000e+00   0.000000e+00   3.710062e-02

# timestamp: 1774889331.0255487
 8.715204e-04  -5.686038e-06   0.000000e+00   2.524303e-04  -1.109932e-05   0.000000e+00   0.000000e+00   0.000000e+00   7.277958e-07
-5.686038e-06   1.078001e-03   0.000000e+00  -8.764527e-06   6.531122e-04   0.000000e+00   0.000000e+00   0.000000e+00   6.786412e-04
 0.000000e+00   0.000000e+00   1.495747e-03   0.000000e+00   0.000000e+00   1.755781e-03   3.299940e-03  -5.304235e-03   0.000000e+00
 2.524303e-04  -8.764527e-06   0.000000e+00   4.199180e-04  -1.880049e-05   0.000000e+00   0.000000e+00   0.000000e+00  -7.824648e-05
-1.109932e-05   6.531122e-04   0.000000e+00  -1.880049e-05   1.322229e-03   0.000000e+00   0.000000e+00   0.000000e+00   3.073058e-03
 0.000000e+00   0.000000e+00   1.755781e-03   0.000000e+00   0.000000e+00   4.376262e-03   1.001157e-02  -1.704802e-02   0.000000e+00
 0.000000e+00   0.000000e+00   3.299940e-03   0.000000e+00   0.000000e+00   1.001157e-02   8.241206e-02  -5.393713e-02   0.000000e+00
 0.000000e+00   0.000000e+00  -5.304235e-03   0.000000e+00   0.000000e+00  -1.704802e-02  -5.393713e-02   1.178667e-01   0.000000e+00
 7.277958e-07   6.786412e-04   0.000000e+00  -7.824648e-05   3.073058e-03   0.000000e+00   0.000000e+00   0.000000e+00   4.280027e-02

# timestamp: 1774889331.0929644
 8.506498e-04  -4.945833e-06   0.000000e+00   2.450613e-04  -1.028327e-05   0.000000e+00   0.000000e+00   0.000000e+00  -3.010924e-05
-4.945833e-06   1.043038e-03   0.000000e+00  -9.007370e-06   6.241665e-04   0.000000e+00   0.000000e+00   0.000000e+00   5.799249e-04
 0.000000e+00   0.000000e+00   1.422612e-03   0.000000e+00   0.000000e+00   1.647193e-03   3.309147e-03  -4.736026e-03   0.000000e+00
 2.450613e-04  -9.007370e-06   0.000000e+00   4.162414e-04  -2.273388e-05   0.000000e+00   0.000000e+00   0.000000e+00  -1.407654e-04
-1.028327e-05   6.241665e-04   0.000000e+00  -2.273388e-05   1.288972e-03   0.000000e+00   0.000000e+00   0.000000e+00   2.910798e-03
 0.000000e+00   0.000000e+00   1.647193e-03   0.000000e+00   0.000000e+00   4.194004e-03   1.035784e-02  -1.588121e-02   0.000000e+00
 0.000000e+00   0.000000e+00   3.309147e-03   0.000000e+00   0.000000e+00   1.035784e-02   8.622312e-02  -5.520437e-02   0.000000e+00
 0.000000e+00   0.000000e+00  -4.736026e-03   0.000000e+00   0.000000e+00  -1.588121e-02  -5.520437e-02   1.101160e-01   0.000000e+00
-3.010924e-05   5.799249e-04   0.000000e+00  -1.407654e-04   2.910798e-03   0.000000e+00   0.000000e+00   0.000000e+00   4.114822e-02

# timestamp: 1774889331.4421463
 8.853765e-04  -6.255145e-06   0.000000e+00   2.520924e-04  -1.500021e-05   0.000000e+00   0.000000e+00   0.000000e+00  -7.371764e-05
-6.255145e-06   1.090404e-03   0.000000e+00  -1.883722e-05   6.401407e-04   0.000000e+00   0.000000e+00   0.000000e+00   6.808874e-04
 0.000000e+00   0.000000e+00   1.532174e-03   0.000000e+00   0.000000e+00   1.772943e-03   4.119353e-03  -4.826663e-03   0.000000e+00
 2.520924e-04  -1.883722e-05   0.000000e+00   4.202739e-04  -6.196214e-05   0.000000e+00   0.000000e+00   0.000000e+00  -5.483612e-04
-1.500021e-05   6.401407e-04   0.000000e+00  -6.196214e-05   1.266610e-03   0.000000e+00   0.000000e+00   0.000000e+00   2.986051e-03
 0.000000e+00   0.000000e+00   1.772943e-03   0.000000e+00   0.000000e+00   4.320752e-03   1.257488e-02  -1.523073e-02   0.000000e+00
 0.000000e+00   0.000000e+00   4.119353e-03   0.000000e+00   0.000000e+00   1.257488e-02   1.033104e-01  -5.855055e-02   0.000000e+00
 0.000000e+00   0.000000e+00  -4.826663e-03   0.000000e+00   0.000000e+00  -1.523073e-02  -5.855055e-02   1.021711e-01   0.000000e+00
-7.371764e-05   6.808874e-04   0.000000e+00  -5.483612e-04   2.986051e-03   0.000000e+00   0.000000e+00   0.000000e+00   4.383432e-02

# timestamp: 1774889331.668697
 9.227607e-04  -9.337971e-06   0.000000e+00   2.633251e-04  -2.497783e-05   0.000000e+00   0.000000e+00   0.000000e+00  -1.551506e-04
-9.337971e-06   1.141033e-03   0.000000e+00  -3.162255e-05   6.568381e-04   0.000000e+00   0.000000e+00   0.000000e+00   6.995949e-04
 0.000000e+00   0.000000e+00   1.630252e-03   0.000000e+00   0.000000e+00   1.863586e-03   4.753343e-03  -4.642919e-03   0.000000e+00
 2.633251e-04  -3.162255e-05   0.000000e+00   4.363610e-04  -1.043407e-04   0.000000e+00   0.000000e+00   0.000000e+00  -9.322149e-04
-2.497783e-05   6.568381e-04   0.000000e+00  -1.043407e-04   1.246106e-03   0.000000e+00   0.000000e+00   0.000000e+00   3.002838e-03
 0.000000e+00   0.000000e+00   1.863586e-03   0.000000e+00   0.000000e+00   4.387733e-03   1.417677e-02  -1.425263e-02   0.000000e+00
 0.000000e+00   0.000000e+00   4.753343e-03   0.000000e+00   0.000000e+00   1.417677e-02   1.166822e-01  -5.768641e-02   0.000000e+00
 0.000000e+00   0.000000e+00  -4.642919e-03   0.000000e+00   0.000000e+00  -1.425263e-02  -5.768641e-02   9.414646e-02   0.000000e+00
-1.551506e-04   6.995949e-04   0.000000e+00  -9.322149e-04   3.002838e-03   0.000000e+00   0.000000e+00   0.000000e+00   4.627245e-02

# timestamp: 1774889331.710939
 8.227904e-04  -7.460763e-06   0.000000e+00   2.346180e-04  -2.200476e-05   0.000000e+00   0.000000e+00   0.000000e+00  -1.264386e-04
-7.460763e-06   9.898673e-04   0.000000e+00  -2.722512e-05   5.628414e-04   0.000000e+00   0.000000e+00   0.000000e+00   5.203457e-04
 0.000000e+00   0.000000e+00   1.337452e-03   0.000000e+00   0.000000e+00   1.518479e-03   4.016024e-03  -3.619717e-03   0.000000e+00
 2.346180e-04  -2.722512e-05   0.000000e+00   4.279405e-04  -9.873004e-05   0.000000e+00   0.000000e+00   0.000000e+00  -8.336386e-04
-2.200476e-05   5.628414e-04   0.000000e+00  -9.873004e-05   1.162445e-03   0.000000e+00   0.000000e+00   0.000000e+00   2.506537e-03
 0.000000e+00   0.000000e+00   1.518479e-03   0.000000e+00   0.000000e+00   3.958580e-03   1.360876e-02  -1.258185e-02   0.000000e+00
 0.000000e+00   0.000000e+00   4.016024e-03   0.000000e+00   0.000000e+00   1.360876e-02   1.151805e-01  -5.753234e-02   0.000000e+00
 0.000000e+00   0.000000e+00  -3.619717e-03   0.000000e+00   0.000000e+00  -1.258185e-02  -5.753234e-02   8.371056e-02   0.000000e+00
-1.264386e-04   5.203457e-04   0.000000e+00  -8.336386e-04   2.506537e-03   0.000000e+00   0.000000e+00   0.000000e+00   3.947472e-02

# timestamp: 1774889331.740025
 8.752250e-04  -9.341654e-06   0.000000e+00   2.502930e-04  -2.635584e-05   0.000000e+00   0.000000e+00   0.000000e+00  -1.567727e-04
-9.341654e-06   1.066443e-03   0.000000e+00  -3.247674e-05   6.072499e-04   0.000000e+00   0.000000e+00   0.000000e+00   6.104971e-04
 0.000000e+00   0.000000e+00   1.485479e-03   0.000000e+00   0.000000e+00   1.692980e-03   4.501393e-03  -4.068649e-03   0.000000e+00
 2.502930e-04  -3.247674e-05   0.000000e+00   4.365418e-04  -1.107708e-04   0.000000e+00   0.000000e+00   0.000000e+00  -9.535471e-04
-2.635584e-05   6.072499e-04   0.000000e+00  -1.107708e-04   1.193028e-03   0.000000e+00   0.000000e+00   0.000000e+00   2.725088e-03
 0.000000e+00   0.000000e+00   1.692980e-03   0.000000e+00   0.000000e+00   4.174432e-03   1.424104e-02  -1.319243e-02   0.000000e+00
 0.000000e+00   0.000000e+00   4.501393e-03   0.000000e+00   0.000000e+00   1.424104e-02   1.187123e-01  -5.753234e-02   0.000000e+00
 0.000000e+00   0.000000e+00  -4.068649e-03   0.000000e+00   0.000000e+00  -1.319243e-02  -5.753234e-02   8.724240e-02   0.000000e+00
-1.567727e-04   6.104971e-04   0.000000e+00  -9.535471e-04   2.725088e-03   0.000000e+00   0.000000e+00   0.000000e+00   4.300656e-02

# timestamp: 1774889331.7538285
 9.044638e-04  -1.052929e-05   0.000000e+00   2.590594e-04  -2.901718e-05   0.000000e+00   0.000000e+00   0.000000e+00  -1.755282e-04
-1.052929e-05   1.109811e-03   0.000000e+00  -3.566708e-05   6.323079e-04   0.000000e+00   0.000000e+00   0.000000e+00   6.638059e-04
 0.000000e+00   0.000000e+00   1.572180e-03   0.000000e+00   0.000000e+00   1.793838e-03   4.778725e-03  -4.325628e-03   0.000000e+00
 2.590594e-04  -3.566708e-05   0.000000e+00   4.415553e-04  -1.179139e-04   0.000000e+00   0.000000e+00   0.000000e+00  -1.022870e-03
-2.901718e-05   6.323079e-04   0.000000e+00  -1.179139e-04   1.210785e-03   0.000000e+00   0.000000e+00   0.000000e+00   2.851439e-03
 0.000000e+00   0.000000e+00   1.793838e-03   0.000000e+00   0.000000e+00   4.297071e-03   1.459142e-02  -1.353383e-02   0.000000e+00
 0.000000e+00   0.000000e+00   4.778725e-03   0.000000e+00   0.000000e+00   1.459142e-02   1.206497e-01  -5.753234e-02   0.000000e+00
 0.000000e+00   0.000000e+00  -4.325628e-03   0.000000e+00   0.000000e+00  -1.353383e-02  -5.753234e-02   8.917979e-02   0.000000e+00
-1.755282e-04   6.638059e-04   0.000000e+00  -1.022870e-03   2.851439e-03   0.000000e+00   0.000000e+00   0.000000e+00   4.494394e-02

# timestamp: 1774889332.019484
 8.506889e-04  -1.446784e-05   0.000000e+00   2.481668e-04  -4.084578e-05   0.000000e+00   0.000000e+00   0.000000e+00  -2.178636e-04
-1.446784e-05   1.020245e-03   0.000000e+00  -4.576175e-05   5.636543e-04   0.000000e+00   0.000000e+00   0.000000e+00   5.536338e-04
 0.000000e+00   0.000000e+00   1.421740e-03   0.000000e+00   0.000000e+00   1.624011e-03   4.833275e-03  -3.643064e-03   0.000000e+00
 2.481668e-04  -4.576175e-05   0.000000e+00   4.562700e-04  -1.475652e-04   0.000000e+00   0.000000e+00   0.000000e+00  -1.140040e-03
-4.084578e-05   5.636543e-04   0.000000e+00  -1.475652e-04   1.109991e-03   0.000000e+00   0.000000e+00   0.000000e+00   2.418346e-03
 0.000000e+00   0.000000e+00   1.624011e-03   0.000000e+00   0.000000e+00   4.077092e-03   1.548747e-02  -1.193729e-02   0.000000e+00
 0.000000e+00   0.000000e+00   4.833275e-03   0.000000e+00   0.000000e+00   1.548747e-02   1.299865e-01  -5.721025e-02   0.000000e+00
 0.000000e+00   0.000000e+00  -3.643064e-03   0.000000e+00   0.000000e+00  -1.193729e-02  -5.721025e-02   7.880216e-02   0.000000e+00
-2.178636e-04   5.536338e-04   0.000000e+00  -1.140040e-03   2.418346e-03   0.000000e+00   0.000000e+00   0.000000e+00   4.152950e-02

# timestamp: 1774889332.0458565
 9.015684e-04  -1.758395e-05   0.000000e+00   2.643043e-04  -4.706281e-05   0.000000e+00   0.000000e+00   0.000000e+00  -2.576210e-04
-1.758395e-05   1.093149e-03   0.000000e+00  -5.246719e-05   6.041116e-04   0.000000e+00   0.000000e+00   0.000000e+00   6.374253e-04
 0.000000e+00   0.000000e+00   1.570087e-03   0.000000e+00   0.000000e+00   1.794989e-03   5.361849e-03  -4.051079e-03   0.000000e+00
 2.643043e-04  -5.246719e-05   0.000000e+00   4.659299e-04  -1.596364e-04   0.000000e+00   0.000000e+00   0.000000e+00  -1.254862e-03
-4.706281e-05   6.041116e-04   0.000000e+00  -1.596364e-04   1.136285e-03   0.000000e+00   0.000000e+00   0.000000e+00   2.617232e-03
 0.000000e+00   0.000000e+00   1.794989e-03   0.000000e+00   0.000000e+00   4.274633e-03   1.609556e-02  -1.245643e-02   0.000000e+00
 0.000000e+00   0.000000e+00   5.361849e-03   0.000000e+00   0.000000e+00   1.609556e-02   1.333510e-01  -5.721025e-02   0.000000e+00
 0.000000e+00   0.000000e+00  -4.051079e-03   0.000000e+00   0.000000e+00  -1.245643e-02  -5.721025e-02   8.216667e-02   0.000000e+00
-2.576210e-04   6.374253e-04   0.000000e+00  -1.254862e-03   2.617232e-03   0.000000e+00   0.000000e+00   0.000000e+00   4.489401e-02

# timestamp: 1774889332.0694733
 9.348875e-04  -1.982772e-05   0.000000e+00   2.749208e-04  -5.138647e-05   0.000000e+00   0.000000e+00   0.000000e+00  -2.853352e-04
-1.982772e-05   1.141517e-03   0.000000e+00  -5.712537e-05   6.308345e-04   0.000000e+00   0.000000e+00   0.000000e+00   6.950346e-04
 0.000000e+00   0.000000e+00   1.671776e-03   0.000000e+00   0.000000e+00   1.910354e-03   5.713094e-03  -4.323155e-03   0.000000e+00
 2.749208e-04  -5.712537e-05   0.000000e+00   4.724739e-04  -1.679723e-04   0.000000e+00   0.000000e+00   0.000000e+00  -1.333306e-03
-5.138647e-05   6.308345e-04   0.000000e+00  -1.679723e-04   1.154189e-03   0.000000e+00   0.000000e+00   0.000000e+00   2.753108e-03
 0.000000e+00   0.000000e+00   1.910354e-03   0.000000e+00   0.000000e+00   4.405971e-03   1.649140e-02  -1.279839e-02   0.000000e+00
 0.000000e+00   0.000000e+00   5.713094e-03   0.000000e+00   0.000000e+00   1.649140e-02   1.355159e-01  -5.721025e-02   0.000000e+00
 0.000000e+00   0.000000e+00  -4.323155e-03   0.000000e+00   0.000000e+00  -1.279839e-02  -5.721025e-02   8.433161e-02   0.000000e+00
-2.853352e-04   6.950346e-04   0.000000e+00  -1.333306e-03   2.753108e-03   0.000000e+00   0.000000e+00   0.000000e+00   4.705895e-02

# timestamp: 1774889332.0988274
 8.240312e-04  -1.514001e-05   0.000000e+00   2.417643e-04  -4.319978e-05   0.000000e+00   0.000000e+00   0.000000e+00  -2.151782e-04
-1.514001e-05   9.784363e-04   0.000000e+00  -4.715283e-05   5.342227e-04   0.000000e+00   0.000000e+00   0.000000e+00   4.995896e-04
 0.000000e+00   0.000000e+00   1.347495e-03   0.000000e+00   0.000000e+00   1.537331e-03   4.685328e-03  -3.405950e-03   0.000000e+00
 2.417643e-04  -4.715283e-05   0.000000e+00   4.586356e-04  -1.528238e-04   0.000000e+00   0.000000e+00   0.000000e+00  -1.119831e-03
-4.319978e-05   5.342227e-04   0.000000e+00  -1.528238e-04   1.074161e-03   0.000000e+00   0.000000e+00   0.000000e+00   2.256658e-03
 0.000000e+00   0.000000e+00   1.537331e-03   0.000000e+00   0.000000e+00   3.966771e-03   1.546822e-02  -1.151842e-02   0.000000e+00
 0.000000e+00   0.000000e+00   4.685328e-03   0.000000e+00   0.000000e+00   1.546822e-02   1.306655e-01  -5.764368e-02   0.000000e+00
 0.000000e+00   0.000000e+00  -3.405950e-03   0.000000e+00   0.000000e+00  -1.151842e-02  -5.764368e-02   7.629861e-02   0.000000e+00
-2.151782e-04   4.995896e-04   0.000000e+00  -1.119831e-03   2.256658e-03   0.000000e+00   0.000000e+00   0.000000e+00   3.959535e-02

# timestamp: 1774889332.3172133
 8.616563e-04  -2.182421e-05   0.000000e+00   2.577375e-04  -5.687145e-05   0.000000e+00   0.000000e+00   0.000000e+00  -2.569306e-04
-2.182421e-05   1.021533e-03   0.000000e+00  -5.968256e-05   5.437185e-04   0.000000e+00   0.000000e+00   0.000000e+00   4.791780e-04
 0.000000e+00   0.000000e+00   1.436979e-03   0.000000e+00   0.000000e+00   1.615815e-03   5.143019e-03  -3.390567e-03   0.000000e+00
 2.577375e-04  -5.968256e-05   0.000000e+00   4.766433e-04  -1.757180e-04   0.000000e+00   0.000000e+00   0.000000e+00  -1.214243e-03
-5.687145e-05   5.437185e-04   0.000000e+00  -1.757180e-04   1.043716e-03   0.000000e+00   0.000000e+00   0.000000e+00   2.230959e-03
 0.000000e+00   0.000000e+00   1.615815e-03   0.000000e+00   0.000000e+00   3.973568e-03   1.604434e-02  -1.102351e-02   0.000000e+00
 0.000000e+00   0.000000e+00   5.143019e-03   0.000000e+00   0.000000e+00   1.604434e-02   1.380129e-01  -5.595933e-02   0.000000e+00
 0.000000e+00   0.000000e+00  -3.390567e-03   0.000000e+00   0.000000e+00  -1.102351e-02  -5.595933e-02   7.491760e-02   0.000000e+00
-2.569306e-04   4.791780e-04   0.000000e+00  -1.214243e-03   2.230959e-03   0.000000e+00   0.000000e+00   0.000000e+00   4.204274e-02

# timestamp: 1774889332.3340394
 8.825707e-04  -2.346217e-05   0.000000e+00   2.645771e-04  -5.976382e-05   0.000000e+00   0.000000e+00   0.000000e+00  -2.737598e-04
-2.346217e-05   1.050417e-03   0.000000e+00  -6.261135e-05   5.589628e-04   0.000000e+00   0.000000e+00   0.000000e+00   5.100828e-04
 0.000000e+00   0.000000e+00   1.495949e-03   0.000000e+00   0.000000e+00   1.681968e-03   5.364269e-03  -3.542664e-03   0.000000e+00
 2.645771e-04  -6.261135e-05   0.000000e+00   4.804749e-04  -1.800966e-04   0.000000e+00   0.000000e+00   0.000000e+00  -1.257081e-03
-5.976382e-05   5.589628e-04   0.000000e+00  -1.800966e-04   1.052884e-03   0.000000e+00   0.000000e+00   0.000000e+00   2.304975e-03
 0.000000e+00   0.000000e+00   1.681968e-03   0.000000e+00   0.000000e+00   4.045293e-03   1.627879e-02  -1.120967e-02   0.000000e+00
 0.000000e+00   0.000000e+00   5.364269e-03   0.000000e+00   0.000000e+00   1.627879e-02   1.393869e-01  -5.595933e-02   0.000000e+00
 0.000000e+00   0.000000e+00  -3.542664e-03   0.000000e+00   0.000000e+00  -1.120967e-02  -5.595933e-02   7.629158e-02   0.000000e+00
-2.737598e-04   5.100828e-04   0.000000e+00  -1.257081e-03   2.304975e-03   0.000000e+00   0.000000e+00   0.000000e+00   4.341672e-02

# timestamp: 1774889332.3557603
 9.204798e-04  -2.659874e-05   0.000000e+00   2.769960e-04  -6.517027e-05   0.000000e+00   0.000000e+00   0.000000e+00  -3.054059e-04
-2.659874e-05   1.103175e-03   0.000000e+00  -6.808747e-05   5.867075e-04   0.000000e+00   0.000000e+00   0.000000e+00   5.680315e-04
 0.000000e+00   0.000000e+00   1.606129e-03   0.000000e+00   0.000000e+00   1.804103e-03   5.768518e-03  -3.821464e-03   0.000000e+00
 2.769960e-04  -6.808747e-05   0.000000e+00   4.875513e-04  -1.883105e-04   0.000000e+00   0.000000e+00   0.000000e+00  -1.337109e-03
-6.517027e-05   5.867075e-04   0.000000e+00  -1.883105e-04   1.069944e-03   0.000000e+00   0.000000e+00   0.000000e+00   2.443245e-03
 0.000000e+00   0.000000e+00   1.804103e-03   0.000000e+00   0.000000e+00   4.176460e-03   1.670178e-02  -1.154867e-02   0.000000e+00
 0.000000e+00   0.000000e+00   5.768518e-03   0.000000e+00   0.000000e+00   1.670178e-02   1.418462e-01  -5.595933e-02   0.000000e+00
 0.000000e+00   0.000000e+00  -3.821464e-03   0.000000e+00   0.000000e+00  -1.154867e-02  -5.595933e-02   7.875097e-02   0.000000e+00
-3.054059e-04   5.680315e-04   0.000000e+00  -1.337109e-03   2.443245e-03   0.000000e+00   0.000000e+00   0.000000e+00   4.587610e-02

# timestamp: 1774889332.382917
 8.107653e-04  -2.030945e-05   0.000000e+00   2.432179e-04  -5.468384e-05   0.000000e+00   0.000000e+00   0.000000e+00  -2.277869e-04
-2.030945e-05   9.475870e-04   0.000000e+00  -5.654765e-05   4.986935e-04   0.000000e+00   0.000000e+00   0.000000e+00   4.124530e-04
 0.000000e+00   0.000000e+00   1.299102e-03   0.000000e+00   0.000000e+00   1.455326e-03   4.731189e-03  -3.014844e-03   0.000000e+00
 2.432179e-04  -5.654765e-05   0.000000e+00   4.722912e-04  -1.717054e-04   0.000000e+00   0.000000e+00   0.000000e+00  -1.113100e-03
-5.468384e-05   4.986935e-04   0.000000e+00  -1.717054e-04   1.000690e-03   0.000000e+00   0.000000e+00   0.000000e+00   2.010913e-03
 0.000000e+00   0.000000e+00   1.455326e-03   0.000000e+00   0.000000e+00   3.763886e-03   1.563753e-02  -1.036716e-02   0.000000e+00
 0.000000e+00   0.000000e+00   4.731189e-03   0.000000e+00   0.000000e+00   1.563753e-02   1.374896e-01  -5.602407e-02   0.000000e+00
 0.000000e+00   0.000000e+00  -3.014844e-03   0.000000e+00   0.000000e+00  -1.036716e-02  -5.602407e-02   7.060752e-02   0.000000e+00
-2.277869e-04   4.124530e-04   0.000000e+00  -1.113100e-03   2.010913e-03   0.000000e+00   0.000000e+00   0.000000e+00   3.865071e-02

# timestamp: 1774889332.668156
 8.569689e-04  -2.639083e-05   0.000000e+00   2.555521e-04  -5.676810e-05   0.000000e+00   0.000000e+00   0.000000e+00  -4.071182e-06
-2.639083e-05   1.018553e-03   0.000000e+00  -8.466926e-05   5.435179e-04   0.000000e+00   0.000000e+00   0.000000e+00   9.941198e-04
 0.000000e+00   0.000000e+00   1.432439e-03   0.000000e+00   0.000000e+00   1.582300e-03   4.832981e-03  -3.955442e-03   0.000000e+00
 2.555521e-04  -8.466926e-05   0.000000e+00   4.844535e-04  -1.939814e-04   0.000000e+00   0.000000e+00   0.000000e+00  -1.109239e-03
-5.676810e-05   5.435179e-04   0.000000e+00  -1.939814e-04   9.963964e-04   0.000000e+00   0.000000e+00   0.000000e+00   2.341073e-03
 0.000000e+00   0.000000e+00   1.582300e-03   0.000000e+00   0.000000e+00   3.778479e-03   1.557239e-02  -1.100381e-02   0.000000e+00
 0.000000e+00   0.000000e+00   4.832981e-03   0.000000e+00   0.000000e+00   1.557239e-02   1.419914e-01  -5.732984e-02   0.000000e+00
 0.000000e+00   0.000000e+00  -3.955442e-03   0.000000e+00   0.000000e+00  -1.100381e-02  -5.732984e-02   7.534576e-02   0.000000e+00
-4.071182e-06   9.941198e-04   0.000000e+00  -1.109239e-03   2.341073e-03   0.000000e+00   0.000000e+00   0.000000e+00   4.210185e-02

# timestamp: 1774889332.7162201
 8.540126e-04  -2.897268e-05   0.000000e+00   2.620632e-04  -7.057525e-05   0.000000e+00   0.000000e+00   0.000000e+00  -2.847517e-04
-2.897268e-05   9.897945e-04   0.000000e+00  -6.874111e-05   4.983840e-04   0.000000e+00   0.000000e+00   0.000000e+00   3.219439e-04
 0.000000e+00   0.000000e+00   1.384375e-03   0.000000e+00   0.000000e+00   1.498056e-03   5.215475e-03  -2.905070e-03   0.000000e+00
 2.620632e-04  -6.874111e-05   0.000000e+00   4.860117e-04  -1.871929e-04   0.000000e+00   0.000000e+00   0.000000e+00  -1.110481e-03
-7.057525e-05   4.983840e-04   0.000000e+00  -1.871929e-04   9.525615e-04   0.000000e+00   0.000000e+00   0.000000e+00   1.962688e-03
 0.000000e+00   0.000000e+00   1.498056e-03   0.000000e+00   0.000000e+00   3.631688e-03   1.585513e-02  -9.705367e-03   0.000000e+00
 0.000000e+00   0.000000e+00   5.215475e-03   0.000000e+00   0.000000e+00   1.585513e-02   1.461302e-01  -5.514796e-02   0.000000e+00
 0.000000e+00   0.000000e+00  -2.905070e-03   0.000000e+00   0.000000e+00  -9.705367e-03  -5.514796e-02   7.013248e-02   0.000000e+00
-2.847517e-04   3.219439e-04   0.000000e+00  -1.110481e-03   1.962688e-03   0.000000e+00   0.000000e+00   0.000000e+00   4.102523e-02

# timestamp: 1774889333.0243573
 8.805608e-04  -3.678349e-05   0.000000e+00   2.724327e-04  -8.073571e-05   0.000000e+00   0.000000e+00   0.000000e+00  -2.615290e-04
-3.678349e-05   1.009238e-03   0.000000e+00  -7.669926e-05   4.927459e-04   0.000000e+00   0.000000e+00   0.000000e+00   4.318591e-04
 0.000000e+00   0.000000e+00   1.439756e-03   0.000000e+00   0.000000e+00   1.519359e-03   5.395187e-03  -3.465023e-03   0.000000e+00
 2.724327e-04  -7.669926e-05   0.000000e+00   4.826797e-04  -1.856957e-04   0.000000e+00   0.000000e+00   0.000000e+00  -9.327734e-04
-8.073571e-05   4.927459e-04   0.000000e+00  -1.856957e-04   9.162235e-04   0.000000e+00   0.000000e+00   0.000000e+00   2.042707e-03
 0.000000e+00   0.000000e+00   1.519359e-03   0.000000e+00   0.000000e+00   3.484274e-03   1.517705e-02  -1.050782e-02   0.000000e+00
 0.000000e+00   0.000000e+00   5.395187e-03   0.000000e+00   0.000000e+00   1.517705e-02   1.438827e-01  -6.078979e-02   0.000000e+00
 0.000000e+00   0.000000e+00  -3.465023e-03   0.000000e+00   0.000000e+00  -1.050782e-02  -6.078979e-02   7.985982e-02   0.000000e+00
-2.615290e-04   4.318591e-04   0.000000e+00  -9.327734e-04   2.042707e-03   0.000000e+00   0.000000e+00   0.000000e+00   4.297869e-02

# timestamp: 1774889333.0466661
 9.220478e-04  -4.112122e-05   0.000000e+00   2.856047e-04  -8.662276e-05   0.000000e+00   0.000000e+00   0.000000e+00  -2.867752e-04
-4.112122e-05   1.062792e-03   0.000000e+00  -8.212588e-05   5.188241e-04   0.000000e+00   0.000000e+00   0.000000e+00   4.876698e-04
 0.000000e+00   0.000000e+00   1.550123e-03   0.000000e+00   0.000000e+00   1.630106e-03   5.802628e-03  -3.747997e-03   0.000000e+00
 2.856047e-04  -8.212588e-05   0.000000e+00   4.871088e-04  -1.907231e-04   0.000000e+00   0.000000e+00   0.000000e+00  -9.741325e-04
-8.662276e-05   5.188241e-04   0.000000e+00  -1.907231e-04   9.324980e-04   0.000000e+00   0.000000e+00   0.000000e+00   2.186443e-03
 0.000000e+00   0.000000e+00   1.630106e-03   0.000000e+00   0.000000e+00   3.584044e-03   1.550760e-02  -1.082661e-02   0.000000e+00
 0.000000e+00   0.000000e+00   5.802628e-03   0.000000e+00   0.000000e+00   1.550760e-02   1.465456e-01  -6.078979e-02   0.000000e+00
 0.000000e+00   0.000000e+00  -3.747997e-03   0.000000e+00   0.000000e+00  -1.082661e-02  -6.078979e-02   8.252274e-02   0.000000e+00
-2.867752e-04   4.876698e-04   0.000000e+00  -9.741325e-04   2.186443e-03   0.000000e+00   0.000000e+00   0.000000e+00   4.564161e-02

# timestamp: 1774889333.0745661
 8.189153e-04  -3.191763e-05   0.000000e+00   2.525383e-04  -7.323607e-05   0.000000e+00   0.000000e+00   0.000000e+00  -2.108292e-04
-3.191763e-05   9.265217e-04   0.000000e+00  -6.929830e-05   4.479659e-04   0.000000e+00   0.000000e+00   0.000000e+00   3.656141e-04
 0.000000e+00   0.000000e+00   1.276955e-03   0.000000e+00   0.000000e+00   1.337105e-03   4.683197e-03  -3.179116e-03   0.000000e+00
 2.525383e-04  -6.929830e-05   0.000000e+00   4.721770e-04  -1.748295e-04   0.000000e+00   0.000000e+00   0.000000e+00  -7.922266e-04
-7.323607e-05   4.479659e-04   0.000000e+00  -1.748295e-04   8.810627e-04   0.000000e+00   0.000000e+00   0.000000e+00   1.838541e-03
 0.000000e+00   0.000000e+00   1.337105e-03   0.000000e+00   0.000000e+00   3.255821e-03   1.414592e-02  -1.030451e-02   0.000000e+00
 0.000000e+00   0.000000e+00   4.683197e-03   0.000000e+00   0.000000e+00   1.414592e-02   1.358220e-01  -6.264631e-02   0.000000e+00
 0.000000e+00   0.000000e+00  -3.179116e-03   0.000000e+00   0.000000e+00  -1.030451e-02  -6.264631e-02   7.974940e-02   0.000000e+00
-2.108292e-04   3.656141e-04   0.000000e+00  -7.922266e-04   1.838541e-03   0.000000e+00   0.000000e+00   0.000000e+00   3.890517e-02

# timestamp: 1774889333.4014316
 8.844577e-04  -3.983473e-05   0.000000e+00   2.697855e-04  -8.163563e-05   0.000000e+00   0.000000e+00   0.000000e+00  -2.280930e-04
-3.983473e-05   9.979104e-04   0.000000e+00  -7.394696e-05   4.695246e-04   0.000000e+00   0.000000e+00   0.000000e+00   4.051700e-04
 0.000000e+00   0.000000e+00   1.405263e-03   0.000000e+00   0.000000e+00   1.402127e-03   4.622517e-03  -3.934280e-03   0.000000e+00
 2.697855e-04  -7.394696e-05   0.000000e+00   4.607398e-04  -1.594696e-04   0.000000e+00   0.000000e+00   0.000000e+00  -5.300343e-04
-8.163563e-05   4.695246e-04   0.000000e+00  -1.594696e-04   8.795781e-04   0.000000e+00   0.000000e+00   0.000000e+00   2.077523e-03
 0.000000e+00   0.000000e+00   1.402127e-03   0.000000e+00   0.000000e+00   3.121698e-03   1.230120e-02  -1.170441e-02   0.000000e+00
 0.000000e+00   0.000000e+00   4.622517e-03   0.000000e+00   0.000000e+00   1.230120e-02   1.201115e-01  -6.546852e-02   0.000000e+00
 0.000000e+00   0.000000e+00  -3.934280e-03   0.000000e+00   0.000000e+00  -1.170441e-02  -6.546852e-02   9.943101e-02   0.000000e+00
-2.280930e-04   4.051700e-04   0.000000e+00  -5.300343e-04   2.077523e-03   0.000000e+00   0.000000e+00   0.000000e+00   4.293404e-02

# timestamp: 1774889333.4685295
 9.507115e-04  -4.675592e-05   0.000000e+00   2.895251e-04  -8.977200e-05   0.000000e+00   0.000000e+00   0.000000e+00  -2.507445e-04
-4.675592e-05   1.081976e-03   0.000000e+00  -8.086016e-05   5.098730e-04   0.000000e+00   0.000000e+00   0.000000e+00   4.972175e-04
 0.000000e+00   0.000000e+00   1.573323e-03   0.000000e+00   0.000000e+00   1.560849e-03   5.151060e-03  -4.440320e-03   0.000000e+00
 2.895251e-04  -8.086016e-05   0.000000e+00   4.651881e-04  -1.627653e-04   0.000000e+00   0.000000e+00   0.000000e+00  -5.385412e-04
-8.977200e-05   5.098730e-04   0.000000e+00  -1.627653e-04   9.075847e-04   0.000000e+00   0.000000e+00   0.000000e+00   2.323976e-03
 0.000000e+00   0.000000e+00   1.560849e-03   0.000000e+00   0.000000e+00   3.260078e-03   1.267773e-02  -1.226824e-02   0.000000e+00
 0.000000e+00   0.000000e+00   5.151060e-03   0.000000e+00   0.000000e+00   1.267773e-02   1.243606e-01  -6.546852e-02   0.000000e+00
 0.000000e+00   0.000000e+00  -4.440320e-03   0.000000e+00   0.000000e+00  -1.226824e-02  -6.546852e-02   1.036800e-01   0.000000e+00
-2.507445e-04   4.972175e-04   0.000000e+00  -5.385412e-04   2.323976e-03   0.000000e+00   0.000000e+00   0.000000e+00   4.718306e-02

# timestamp: 1774889333.7028263
 8.412832e-04  -3.554304e-05   0.000000e+00   2.517693e-04  -7.006856e-05   0.000000e+00   0.000000e+00   0.000000e+00  -1.113916e-04
-3.554304e-05   9.383403e-04   0.000000e+00  -6.305168e-05   4.350506e-04   0.000000e+00   0.000000e+00   0.000000e+00   4.096227e-04
 0.000000e+00   0.000000e+00   1.274649e-03   0.000000e+00   0.000000e+00   1.233575e-03   3.449182e-03  -4.037601e-03   0.000000e+00
 2.517693e-04  -6.305168e-05   0.000000e+00   4.405112e-04  -1.264135e-04   0.000000e+00   0.000000e+00   0.000000e+00  -1.913349e-04
-7.006856e-05   4.350506e-04   0.000000e+00  -1.264135e-04   8.535805e-04   0.000000e+00   0.000000e+00   0.000000e+00   2.022476e-03
 0.000000e+00   0.000000e+00   1.233575e-03   0.000000e+00   0.000000e+00   2.860466e-03   9.625874e-03  -1.252084e-02   0.000000e+00
 0.000000e+00   0.000000e+00   3.449182e-03   0.000000e+00   0.000000e+00   9.625874e-03   9.507021e-02  -6.335360e-02   0.000000e+00
 0.000000e+00   0.000000e+00  -4.037601e-03   0.000000e+00   0.000000e+00  -1.252084e-02  -6.335360e-02   1.151962e-01   0.000000e+00
-1.113916e-04   4.096227e-04   0.000000e+00  -1.913349e-04   2.022476e-03   0.000000e+00   0.000000e+00   0.000000e+00   4.036301e-02

# timestamp: 1774889333.7495315
 8.834543e-04  -3.934590e-05   0.000000e+00   2.640464e-04  -7.402128e-05   0.000000e+00   0.000000e+00   0.000000e+00  -1.166346e-04
-3.934590e-05   9.910490e-04   0.000000e+00  -6.641413e-05   4.606615e-04   0.000000e+00   0.000000e+00   0.000000e+00   4.667779e-04
 0.000000e+00   0.000000e+00   1.373492e-03   0.000000e+00   0.000000e+00   1.328741e-03   3.718123e-03  -4.388274e-03   0.000000e+00
 2.640464e-04  -6.641413e-05   0.000000e+00   4.431683e-04  -1.263941e-04   0.000000e+00   0.000000e+00   0.000000e+00  -1.768798e-04
-7.402128e-05   4.606615e-04   0.000000e+00  -1.263941e-04   8.722139e-04   0.000000e+00   0.000000e+00   0.000000e+00   2.183023e-03
 0.000000e+00   0.000000e+00   1.328741e-03   0.000000e+00   0.000000e+00   2.952630e-03   9.831676e-03  -1.294199e-02   0.000000e+00
 0.000000e+00   0.000000e+00   3.718123e-03   0.000000e+00   0.000000e+00   9.831676e-03   9.785224e-02  -6.335360e-02   0.000000e+00
 0.000000e+00   0.000000e+00  -4.388274e-03   0.000000e+00   0.000000e+00  -1.294199e-02  -6.335360e-02   1.179782e-01   0.000000e+00
-1.166346e-04   4.667779e-04   0.000000e+00  -1.768798e-04   2.183023e-03   0.000000e+00   0.000000e+00   0.000000e+00   4.314504e-02

# timestamp: 1774889333.786546
 9.578942e-04  -4.639179e-05   0.000000e+00   2.854195e-04  -8.088581e-05   0.000000e+00   0.000000e+00   0.000000e+00  -1.247213e-04
-4.639179e-05   1.085488e-03   0.000000e+00  -7.216637e-05   5.066911e-04   0.000000e+00   0.000000e+00   0.000000e+00   5.762196e-04
 0.000000e+00   0.000000e+00   1.556955e-03   0.000000e+00   0.000000e+00   1.502185e-03   4.195894e-03  -5.021518e-03   0.000000e+00
 2.854195e-04  -7.216637e-05   0.000000e+00   4.477809e-04  -1.260912e-04   0.000000e+00   0.000000e+00   0.000000e+00  -1.496763e-04
-8.088581e-05   5.066911e-04   0.000000e+00  -1.260912e-04   9.073823e-04   0.000000e+00   0.000000e+00   0.000000e+00   2.485160e-03
 0.000000e+00   0.000000e+00   1.502185e-03   0.000000e+00   0.000000e+00   3.119074e-03   1.018483e-02  -1.369414e-02   0.000000e+00
 0.000000e+00   0.000000e+00   4.195894e-03   0.000000e+00   0.000000e+00   1.018483e-02   1.026565e-01  -6.335360e-02   0.000000e+00
 0.000000e+00   0.000000e+00  -5.021518e-03   0.000000e+00   0.000000e+00  -1.369414e-02  -6.335360e-02   1.227824e-01   0.000000e+00
-1.247213e-04   5.762196e-04   0.000000e+00  -1.496763e-04   2.485160e-03   0.000000e+00   0.000000e+00   0.000000e+00   4.794927e-02

# timestamp: 1774889334.0671768
 9.092309e-04  -3.742618e-05   0.000000e+00   2.655801e-04  -6.337113e-05   0.000000e+00   0.000000e+00   0.000000e+00  -6.877760e-05
-3.742618e-05   1.021171e-03   0.000000e+00  -5.567818e-05   4.738305e-04   0.000000e+00   0.000000e+00   0.000000e+00   5.235691e-04
 0.000000e+00   0.000000e+00   1.431170e-03   0.000000e+00   0.000000e+00   1.387660e-03   3.539017e-03  -5.112601e-03   0.000000e+00
 2.655801e-04  -5.567818e-05   0.000000e+00   4.321216e-04  -8.642968e-05   0.000000e+00   0.000000e+00   0.000000e+00   1.072844e-04
-6.337113e-05   4.738305e-04   0.000000e+00  -8.642968e-05   8.921481e-04   0.000000e+00   0.000000e+00   0.000000e+00   2.380408e-03
 0.000000e+00   0.000000e+00   1.387660e-03   0.000000e+00   0.000000e+00   3.052379e-03   8.986996e-03  -1.469560e-02   0.000000e+00
 0.000000e+00   0.000000e+00   3.539017e-03   0.000000e+00   0.000000e+00   8.986996e-03   9.000525e-02  -6.344218e-02   0.000000e+00
 0.000000e+00   0.000000e+00  -5.112601e-03   0.000000e+00   0.000000e+00  -1.469560e-02  -6.344218e-02   1.349132e-01   0.000000e+00
-6.877760e-05   5.235691e-04   0.000000e+00   1.072844e-04   2.380408e-03   0.000000e+00   0.000000e+00   0.000000e+00   4.476608e-02

# timestamp: 1774889334.114655
 8.379640e-04  -3.061713e-05   0.000000e+00   2.437478e-04  -5.547446e-05   0.000000e+00   0.000000e+00   0.000000e+00  -1.021178e-04
-3.061713e-05   9.312218e-04   0.000000e+00  -4.799202e-05   4.294152e-04   0.000000e+00   0.000000e+00   0.000000e+00   4.082208e-04
 0.000000e+00   0.000000e+00   1.265761e-03   0.000000e+00   0.000000e+00   1.232075e-03   3.094864e-03  -4.611961e-03   0.000000e+00
 2.437478e-04  -4.799202e-05   0.000000e+00   4.241702e-04  -7.702106e-05   0.000000e+00   0.000000e+00   0.000000e+00   1.209604e-04
-5.547446e-05   4.294152e-04   0.000000e+00  -7.702106e-05   8.607814e-04   0.000000e+00   0.000000e+00   0.000000e+00   2.112918e-03
 0.000000e+00   0.000000e+00   1.232075e-03   0.000000e+00   0.000000e+00   2.915110e-03   8.391984e-03  -1.439997e-02   0.000000e+00
 0.000000e+00   0.000000e+00   3.094864e-03   0.000000e+00   0.000000e+00   8.391984e-03   8.167063e-02  -6.247546e-02   0.000000e+00
 0.000000e+00   0.000000e+00  -4.611961e-03   0.000000e+00   0.000000e+00  -1.439997e-02  -6.247546e-02   1.353056e-01   0.000000e+00
-1.021178e-04   4.082208e-04   0.000000e+00   1.209604e-04   2.112918e-03   0.000000e+00   0.000000e+00   0.000000e+00   4.008369e-02

# timestamp: 1774889334.1360939
 8.727500e-04  -3.306254e-05   0.000000e+00   2.535733e-04  -5.756864e-05   0.000000e+00   0.000000e+00   0.000000e+00  -9.909848e-05
-3.306254e-05   9.748938e-04   0.000000e+00  -4.947554e-05   4.509602e-04   0.000000e+00   0.000000e+00   0.000000e+00   4.583162e-04
 0.000000e+00   0.000000e+00   1.348023e-03   0.000000e+00   0.000000e+00   1.313733e-03   3.290938e-03  -4.949526e-03   0.000000e+00
 2.535733e-04  -4.947554e-05   0.000000e+00   4.266713e-04  -7.515270e-05   0.000000e+00   0.000000e+00   0.000000e+00   1.484751e-04
-5.756864e-05   4.509602e-04   0.000000e+00  -7.515270e-05   8.769803e-04   0.000000e+00   0.000000e+00   0.000000e+00   2.245509e-03
 0.000000e+00   0.000000e+00   1.313733e-03   0.000000e+00   0.000000e+00   2.999212e-03   8.535938e-03  -1.479450e-02   0.000000e+00
 0.000000e+00   0.000000e+00   3.290938e-03   0.000000e+00   0.000000e+00   8.535938e-03   8.399382e-02  -6.247546e-02   0.000000e+00
 0.000000e+00   0.000000e+00  -4.949526e-03   0.000000e+00   0.000000e+00  -1.479450e-02  -6.247546e-02   1.376288e-01   0.000000e+00
-9.909848e-05   4.583162e-04   0.000000e+00   1.484751e-04   2.245509e-03   0.000000e+00   0.000000e+00   0.000000e+00   4.240688e-02

# timestamp: 1774889334.1669326
 9.139423e-04  -3.602077e-05   0.000000e+00   2.651231e-04  -5.994381e-05   0.000000e+00   0.000000e+00   0.000000e+00  -9.476982e-05
-3.602077e-05   1.027161e-03   0.000000e+00  -5.110727e-05   4.768067e-04   0.000000e+00   0.000000e+00   0.000000e+00   5.206747e-04
 0.000000e+00   0.000000e+00   1.448928e-03   0.000000e+00   0.000000e+00   1.412755e-03   3.523955e-03  -5.354998e-03   0.000000e+00
 2.651231e-04  -5.110727e-05   0.000000e+00   4.296388e-04  -7.274264e-05   0.000000e+00   0.000000e+00   0.000000e+00   1.825924e-04
-5.994381e-05   4.768067e-04   0.000000e+00  -7.274264e-05   8.969948e-04   0.000000e+00   0.000000e+00   0.000000e+00   2.409917e-03
 0.000000e+00   0.000000e+00   1.412755e-03   0.000000e+00   0.000000e+00   3.100374e-03   8.702009e-03  -1.526473e-02   0.000000e+00
 0.000000e+00   0.000000e+00   3.523955e-03   0.000000e+00   0.000000e+00   8.702009e-03   8.670615e-02  -6.247546e-02   0.000000e+00
 0.000000e+00   0.000000e+00  -5.354998e-03   0.000000e+00   0.000000e+00  -1.526473e-02  -6.247546e-02   1.403412e-01   0.000000e+00
-9.476982e-05   5.206747e-04   0.000000e+00   1.825924e-04   2.409917e-03   0.000000e+00   0.000000e+00   0.000000e+00   4.511920e-02

# timestamp: 1774889334.3860216
 7.819103e-04  -2.268526e-05   0.000000e+00   2.244578e-04  -3.896950e-05   0.000000e+00   0.000000e+00   0.000000e+00  -1.022953e-05
-2.268526e-05   8.641548e-04   0.000000e+00  -3.317855e-05   3.982084e-04   0.000000e+00   0.000000e+00   0.000000e+00   3.785396e-04
 0.000000e+00   0.000000e+00   1.143729e-03   0.000000e+00   0.000000e+00   1.121609e-03   2.203284e-03  -4.499784e-03   0.000000e+00
 2.244578e-04  -3.317855e-05   0.000000e+00   4.149763e-04  -4.111124e-05   0.000000e+00   0.000000e+00   0.000000e+00   3.089314e-04
-3.896950e-05   3.982084e-04   0.000000e+00  -4.111124e-05   8.430741e-04   0.000000e+00   0.000000e+00   0.000000e+00   1.952038e-03
 0.000000e+00   0.000000e+00   1.121609e-03   0.000000e+00   0.000000e+00   2.850246e-03   6.419054e-03  -1.500494e-02   0.000000e+00
 0.000000e+00   0.000000e+00   2.203284e-03   0.000000e+00   0.000000e+00   6.419054e-03   6.290139e-02  -5.254206e-02   0.000000e+00
 0.000000e+00   0.000000e+00  -4.499784e-03   0.000000e+00   0.000000e+00  -1.500494e-02  -5.254206e-02   1.456710e-01   0.000000e+00
-1.022953e-05   3.785396e-04   0.000000e+00   3.089314e-04   1.952038e-03   0.000000e+00   0.000000e+00   0.000000e+00   3.689238e-02

# timestamp: 1774889334.4184313
 8.490002e-04  -2.605544e-05   0.000000e+00   2.435838e-04  -4.076549e-05   0.000000e+00   0.000000e+00   0.000000e+00   4.935604e-06
-2.605544e-05   9.481035e-04   0.000000e+00  -3.414894e-05   4.399824e-04   0.000000e+00   0.000000e+00   0.000000e+00   4.712278e-04
 0.000000e+00   0.000000e+00   1.298697e-03   0.000000e+00   0.000000e+00   1.280788e-03   2.499573e-03  -5.197275e-03   0.000000e+00
 2.435838e-04  -3.414894e-05   0.000000e+00   4.208396e-04  -3.508397e-05   0.000000e+00   0.000000e+00   0.000000e+00   3.837758e-04
-4.076549e-05   4.399824e-04   0.000000e+00  -3.508397e-05   8.734206e-04   0.000000e+00   0.000000e+00   0.000000e+00   2.200721e-03
 0.000000e+00   0.000000e+00   1.280788e-03   0.000000e+00   0.000000e+00   3.021970e-03   6.621984e-03  -1.583114e-02   0.000000e+00
 0.000000e+00   0.000000e+00   2.499573e-03   0.000000e+00   0.000000e+00   6.621984e-03   6.747154e-02  -5.254206e-02   0.000000e+00
 0.000000e+00   0.000000e+00  -5.197275e-03   0.000000e+00   0.000000e+00  -1.583114e-02  -5.254206e-02   1.502412e-01   0.000000e+00
 4.935604e-06   4.712278e-04   0.000000e+00   3.837758e-04   2.200721e-03   0.000000e+00   0.000000e+00   0.000000e+00   4.146253e-02

# timestamp: 1774889334.4361007
 8.705813e-04  -2.714433e-05   0.000000e+00   2.496887e-04  -4.124718e-05   0.000000e+00   0.000000e+00   0.000000e+00   1.057022e-05
-2.714433e-05   9.754627e-04   0.000000e+00  -3.435573e-05   4.536250e-04   0.000000e+00   0.000000e+00   0.000000e+00   5.033262e-04
 0.000000e+00   0.000000e+00   1.350865e-03   0.000000e+00   0.000000e+00   1.333701e-03   2.595497e-03  -5.427007e-03   0.000000e+00
 2.496887e-04  -3.435573e-05   0.000000e+00   4.227534e-04  -3.297964e-05   0.000000e+00   0.000000e+00   0.000000e+00   4.089361e-04
-4.124718e-05   4.536250e-04   0.000000e+00  -3.297964e-05   8.836760e-04   0.000000e+00   0.000000e+00   0.000000e+00   2.284319e-03
 0.000000e+00   0.000000e+00   1.333701e-03   0.000000e+00   0.000000e+00   3.078271e-03   6.684664e-03  -1.609737e-02   0.000000e+00
 0.000000e+00   0.000000e+00   2.595497e-03   0.000000e+00   0.000000e+00   6.684664e-03   6.891676e-02  -5.254206e-02   0.000000e+00
 0.000000e+00   0.000000e+00  -5.427007e-03   0.000000e+00   0.000000e+00  -1.609737e-02  -5.254206e-02   1.516864e-01   0.000000e+00
 1.057022e-05   5.033262e-04   0.000000e+00   4.089361e-04   2.284319e-03   0.000000e+00   0.000000e+00   0.000000e+00   4.290775e-02

# timestamp: 1774889334.454132
 9.006644e-04  -2.866251e-05   0.000000e+00   2.581674e-04  -4.184138e-05   0.000000e+00   0.000000e+00   0.000000e+00   1.896594e-05
-2.866251e-05   1.013886e-03   0.000000e+00  -3.455771e-05   4.728137e-04   0.000000e+00   0.000000e+00   0.000000e+00   5.496884e-04
 0.000000e+00   0.000000e+00   1.425437e-03   0.000000e+00   0.000000e+00   1.408763e-03   2.729430e-03  -5.750625e-03   0.000000e+00
 2.581674e-04  -3.455771e-05   0.000000e+00   4.254454e-04  -2.990885e-05   0.000000e+00   0.000000e+00   0.000000e+00   4.450452e-04
-4.184138e-05   4.728137e-04   0.000000e+00  -2.990885e-05   8.983844e-04   0.000000e+00   0.000000e+00   0.000000e+00   2.404298e-03
 0.000000e+00   0.000000e+00   1.408763e-03   0.000000e+00   0.000000e+00   3.157602e-03   6.769818e-03  -1.646946e-02   0.000000e+00
 0.000000e+00   0.000000e+00   2.729430e-03   0.000000e+00   0.000000e+00   6.769818e-03   7.091187e-02  -5.254206e-02   0.000000e+00
 0.000000e+00   0.000000e+00  -5.750625e-03   0.000000e+00   0.000000e+00  -1.646946e-02  -5.254206e-02   1.536815e-01   0.000000e+00
 1.896594e-05   5.496884e-04   0.000000e+00   4.450452e-04   2.404298e-03   0.000000e+00   0.000000e+00   0.000000e+00   4.490286e-02

# timestamp: 1774889334.5019276
 8.276023e-04  -2.295362e-05   0.000000e+00   2.369496e-04  -3.462533e-05   0.000000e+00   0.000000e+00   0.000000e+00   3.222772e-05
-2.295362e-05   9.222488e-04   0.000000e+00  -2.879275e-05   4.279536e-04   0.000000e+00   0.000000e+00   0.000000e+00   4.516508e-04
 0.000000e+00   0.000000e+00   1.252352e-03   0.000000e+00   0.000000e+00   1.241356e-03   2.204297e-03  -5.123431e-03   0.000000e+00
 2.369496e-04  -2.879275e-05   0.000000e+00   4.190450e-04  -2.308234e-05   0.000000e+00   0.000000e+00   0.000000e+00   4.380812e-04
-3.462533e-05   4.279536e-04   0.000000e+00  -2.308234e-05   8.653474e-04   0.000000e+00   0.000000e+00   0.000000e+00   2.126442e-03
 0.000000e+00   0.000000e+00   1.241356e-03   0.000000e+00   0.000000e+00   3.002740e-03   5.980926e-03  -1.597341e-02   0.000000e+00
 0.000000e+00   0.000000e+00   2.204297e-03   0.000000e+00   0.000000e+00   5.980926e-03   6.201418e-02  -4.893538e-02   0.000000e+00
 0.000000e+00   0.000000e+00  -5.123431e-03   0.000000e+00   0.000000e+00  -1.597341e-02  -4.893538e-02   1.528527e-01   0.000000e+00
 3.222772e-05   4.516508e-04   0.000000e+00   4.380812e-04   2.126442e-03   0.000000e+00   0.000000e+00   0.000000e+00   4.017008e-02

# timestamp: 1774889334.7797744
 9.391517e-04  -2.041816e-05   0.000000e+00   2.688640e-04  -1.829347e-05   0.000000e+00   0.000000e+00   0.000000e+00   1.702643e-04
-2.041816e-05   1.064599e-03   0.000000e+00  -1.419830e-05   4.987518e-04   0.000000e+00   0.000000e+00   0.000000e+00   6.093450e-04
 0.000000e+00   0.000000e+00   1.519480e-03   0.000000e+00   0.000000e+00   1.515653e-03   1.992763e-03  -6.388834e-03   0.000000e+00
 2.688640e-04  -1.419830e-05   0.000000e+00   4.349388e-04   2.450358e-05   0.000000e+00   0.000000e+00   0.000000e+00   7.829965e-04
-1.829347e-05   4.987518e-04   0.000000e+00   2.450358e-05   9.221853e-04   0.000000e+00   0.000000e+00   0.000000e+00   2.560377e-03
 0.000000e+00   0.000000e+00   1.515653e-03   0.000000e+00   0.000000e+00   3.339873e-03   4.735418e-03  -1.786184e-02   0.000000e+00
 0.000000e+00   0.000000e+00   1.992763e-03   0.000000e+00   0.000000e+00   4.735418e-03   6.118228e-02  -3.983135e-02   0.000000e+00
 0.000000e+00   0.000000e+00  -6.388834e-03   0.000000e+00   0.000000e+00  -1.786184e-02  -3.983135e-02   1.657000e-01   0.000000e+00
 1.702643e-04   6.093450e-04   0.000000e+00   7.829965e-04   2.560377e-03   0.000000e+00   0.000000e+00   0.000000e+00   4.722952e-02

# timestamp: 1774889335.1194117
 8.644307e-04  -6.709341e-06   0.000000e+00   2.484211e-04   3.484208e-06   0.000000e+00   0.000000e+00   0.000000e+00   1.294930e-04
-6.709341e-06   9.708215e-04   0.000000e+00   6.805876e-06   4.529826e-04   0.000000e+00   0.000000e+00   0.000000e+00   4.949098e-04
 0.000000e+00   0.000000e+00   1.363419e-03   0.000000e+00   0.000000e+00   1.404646e-03   1.482003e-03  -6.170471e-03   0.000000e+00
 2.484211e-04   6.805876e-06   0.000000e+00   4.355362e-04   6.354761e-05   0.000000e+00   0.000000e+00   0.000000e+00   8.144961e-04
 3.484208e-06   4.529826e-04   0.000000e+00   6.354761e-05   8.806793e-04   0.000000e+00   0.000000e+00   0.000000e+00   2.197315e-03
 0.000000e+00   0.000000e+00   1.404646e-03   0.000000e+00   0.000000e+00   3.330268e-03   3.596667e-03  -1.834190e-02   0.000000e+00
 0.000000e+00   0.000000e+00   1.482003e-03   0.000000e+00   0.000000e+00   3.596667e-03   5.160199e-02  -3.331750e-02   0.000000e+00
 0.000000e+00   0.000000e+00  -6.170471e-03   0.000000e+00   0.000000e+00  -1.834190e-02  -3.331750e-02   1.728210e-01   0.000000e+00
 1.294930e-04   4.949098e-04   0.000000e+00   8.144961e-04   2.197315e-03   0.000000e+00   0.000000e+00   0.000000e+00   4.279855e-02

# timestamp: 1774889335.1552892
 9.146203e-04  -6.275922e-06   0.000000e+00   2.632417e-04   6.294180e-06   0.000000e+00   0.000000e+00   0.000000e+00   1.575548e-04
-6.275922e-06   1.035141e-03   0.000000e+00   9.952931e-06   4.847607e-04   0.000000e+00   0.000000e+00   0.000000e+00   5.702782e-04
 0.000000e+00   0.000000e+00   1.494241e-03   0.000000e+00   0.000000e+00   1.541395e-03   1.602023e-03  -6.788227e-03   0.000000e+00
 2.632417e-04   9.952931e-06   0.000000e+00   4.418261e-04   7.104648e-05   0.000000e+00   0.000000e+00   0.000000e+00   8.924635e-04
 6.294180e-06   4.847607e-04   0.000000e+00   7.104648e-05   9.028630e-04   0.000000e+00   0.000000e+00   0.000000e+00   2.381925e-03
 0.000000e+00   0.000000e+00   1.541395e-03   0.000000e+00   0.000000e+00   3.474894e-03   3.640687e-03  -1.900438e-02   0.000000e+00
 0.000000e+00   0.000000e+00   1.602023e-03   0.000000e+00   0.000000e+00   3.640687e-03   5.492235e-02  -3.331750e-02   0.000000e+00
 0.000000e+00   0.000000e+00  -6.788227e-03   0.000000e+00   0.000000e+00  -1.900438e-02  -3.331750e-02   1.761414e-01   0.000000e+00
 1.575548e-04   5.702782e-04   0.000000e+00   8.924635e-04   2.381925e-03   0.000000e+00   0.000000e+00   0.000000e+00   4.611891e-02

# timestamp: 1774889335.2064173
 8.427719e-04  -3.953791e-06   0.000000e+00   2.427953e-04   8.229270e-06   0.000000e+00   0.000000e+00   0.000000e+00   1.412209e-04
-3.953791e-06   9.438012e-04   0.000000e+00   1.081654e-05   4.395297e-04   0.000000e+00   0.000000e+00   0.000000e+00   4.668566e-04
 0.000000e+00   0.000000e+00   1.317409e-03   0.000000e+00   0.000000e+00   1.365255e-03   1.371204e-03  -6.050304e-03   0.000000e+00
 2.427953e-04   1.081654e-05   0.000000e+00   4.351796e-04   7.040767e-05   0.000000e+00   0.000000e+00   0.000000e+00   8.044666e-04
 8.229270e-06   4.395297e-04   0.000000e+00   7.040767e-05   8.676694e-04   0.000000e+00   0.000000e+00   0.000000e+00   2.094307e-03
 0.000000e+00   0.000000e+00   1.365255e-03   0.000000e+00   0.000000e+00   3.298706e-03   3.428582e-03  -1.827856e-02   0.000000e+00
 0.000000e+00   0.000000e+00   1.371204e-03   0.000000e+00   0.000000e+00   3.428582e-03   4.963625e-02  -3.266829e-02   0.000000e+00
 0.000000e+00   0.000000e+00  -6.050304e-03   0.000000e+00   0.000000e+00  -1.827856e-02  -3.266829e-02   1.735896e-01   0.000000e+00
 1.412209e-04   4.668566e-04   0.000000e+00   8.044666e-04   2.094307e-03   0.000000e+00   0.000000e+00   0.000000e+00   4.135115e-02

# timestamp: 1774889335.4292696
 8.681951e-04   2.330212e-06   0.000000e+00   2.514639e-04   2.008668e-05   0.000000e+00   0.000000e+00   0.000000e+00   1.448306e-04
 2.330212e-06   9.746334e-04   0.000000e+00   2.169707e-05   4.513756e-04   0.000000e+00   0.000000e+00   0.000000e+00   4.653205e-04
 0.000000e+00   0.000000e+00   1.379836e-03   0.000000e+00   0.000000e+00   1.425116e-03   1.418778e-03  -6.322171e-03   0.000000e+00
 2.514639e-04   2.169707e-05   0.000000e+00   4.416197e-04   8.979576e-05   0.000000e+00   0.000000e+00   0.000000e+00   8.357731e-04
 2.008668e-05   4.513756e-04   0.000000e+00   8.979576e-05   8.654355e-04   0.000000e+00   0.000000e+00   0.000000e+00   2.091093e-03
 0.000000e+00   0.000000e+00   1.425116e-03   0.000000e+00   0.000000e+00   3.337812e-03   3.407333e-03  -1.846737e-02   0.000000e+00
 0.000000e+00   0.000000e+00   1.418778e-03   0.000000e+00   0.000000e+00   3.407333e-03   5.117085e-02  -3.318024e-02   0.000000e+00
 0.000000e+00   0.000000e+00  -6.322171e-03   0.000000e+00   0.000000e+00  -1.846737e-02  -3.318024e-02   1.765364e-01   0.000000e+00
 1.448306e-04   4.653205e-04   0.000000e+00   8.357731e-04   2.091093e-03   0.000000e+00   0.000000e+00   0.000000e+00   4.276156e-02

# timestamp: 1774889335.453996
 9.107979e-04   3.587105e-06   0.000000e+00   2.641725e-04   2.318984e-05   0.000000e+00   0.000000e+00   0.000000e+00   1.688654e-04
 3.587105e-06   1.028837e-03   0.000000e+00   2.496225e-05   4.775406e-04   0.000000e+00   0.000000e+00   0.000000e+00   5.254021e-04
 0.000000e+00   0.000000e+00   1.491072e-03   0.000000e+00   0.000000e+00   1.539869e-03   1.514892e-03  -6.846125e-03   0.000000e+00
 2.641725e-04   2.496225e-05   0.000000e+00   4.467925e-04   9.558414e-05   0.000000e+00   0.000000e+00   0.000000e+00   8.966919e-04
 2.318984e-05   4.775406e-04   0.000000e+00   9.558414e-05   8.824282e-04   0.000000e+00   0.000000e+00   0.000000e+00   2.237502e-03
 0.000000e+00   0.000000e+00   1.539869e-03   0.000000e+00   0.000000e+00   3.454084e-03   3.443683e-03  -1.900693e-02   0.000000e+00
 0.000000e+00   0.000000e+00   1.514892e-03   0.000000e+00   0.000000e+00   3.443683e-03   5.398193e-02  -3.318024e-02   0.000000e+00
 0.000000e+00   0.000000e+00  -6.846125e-03   0.000000e+00   0.000000e+00  -1.900693e-02  -3.318024e-02   1.793474e-01   0.000000e+00
 1.688654e-04   5.254021e-04   0.000000e+00   8.966919e-04   2.237502e-03   0.000000e+00   0.000000e+00   0.000000e+00   4.557263e-02

# timestamp: 1774889335.4739993
 7.913404e-04   2.836129e-06   0.000000e+00   2.290884e-04   1.953646e-05   0.000000e+00   0.000000e+00   0.000000e+00   1.239353e-04
 2.836129e-06   8.781701e-04   0.000000e+00   2.044865e-05   4.038904e-04   0.000000e+00   0.000000e+00   0.000000e+00   3.713028e-04
 0.000000e+00   0.000000e+00   1.195239e-03   0.000000e+00   0.000000e+00   1.233013e-03   1.225453e-03  -5.484091e-03   0.000000e+00
 2.290884e-04   2.044865e-05   0.000000e+00   4.339711e-04   8.703011e-05   0.000000e+00   0.000000e+00   0.000000e+00   7.359065e-04
 1.953646e-05   4.038904e-04   0.000000e+00   8.703011e-05   8.308645e-04   0.000000e+00   0.000000e+00   0.000000e+00   1.817620e-03
 0.000000e+00   0.000000e+00   1.233013e-03   0.000000e+00   0.000000e+00   3.130097e-03   3.303350e-03  -1.755276e-02   0.000000e+00
 0.000000e+00   0.000000e+00   1.225453e-03   0.000000e+00   0.000000e+00   3.303350e-03   4.598054e-02  -3.345226e-02   0.000000e+00
 0.000000e+00   0.000000e+00  -5.484091e-03   0.000000e+00   0.000000e+00  -1.755276e-02  -3.345226e-02   1.729253e-01   0.000000e+00
 1.239353e-04   3.713028e-04   0.000000e+00   7.359065e-04   1.817620e-03   0.000000e+00   0.000000e+00   0.000000e+00   3.756533e-02

# timestamp: 1774889335.4970238
 8.356904e-04   4.133000e-06   0.000000e+00   2.424511e-04   2.269709e-05   0.000000e+00   0.000000e+00   0.000000e+00   1.467503e-04
 4.133000e-06   9.334461e-04   0.000000e+00   2.372291e-05   4.305402e-04   0.000000e+00   0.000000e+00   0.000000e+00   4.275946e-04
 0.000000e+00   0.000000e+00   1.302974e-03   0.000000e+00   0.000000e+00   1.346940e-03   1.325542e-03  -6.019350e-03   0.000000e+00
 2.424511e-04   2.372291e-05   0.000000e+00   4.392108e-04   9.242003e-05   0.000000e+00   0.000000e+00   0.000000e+00   7.933603e-04
 2.269709e-05   4.305402e-04   0.000000e+00   9.242003e-05   8.469263e-04   0.000000e+00   0.000000e+00   0.000000e+00   1.954173e-03
 0.000000e+00   0.000000e+00   1.346940e-03   0.000000e+00   0.000000e+00   3.246834e-03   3.349413e-03  -1.810905e-02   0.000000e+00
 0.000000e+00   0.000000e+00   1.325542e-03   0.000000e+00   0.000000e+00   3.349413e-03   4.899456e-02  -3.345226e-02   0.000000e+00
 0.000000e+00   0.000000e+00  -6.019350e-03   0.000000e+00   0.000000e+00  -1.810905e-02  -3.345226e-02   1.759393e-01   0.000000e+00
 1.467503e-04   4.275946e-04   0.000000e+00   7.933603e-04   1.954173e-03   0.000000e+00   0.000000e+00   0.000000e+00   4.057935e-02

# timestamp: 1774889335.5212379
 8.778358e-04   5.525265e-06   0.000000e+00   2.551042e-04   2.587428e-05   0.000000e+00   0.000000e+00   0.000000e+00   1.696718e-04
 5.525265e-06   9.865296e-04   0.000000e+00   2.700891e-05   4.560563e-04   0.000000e+00   0.000000e+00   0.000000e+00   4.840028e-04
 0.000000e+00   0.000000e+00   1.409910e-03   0.000000e+00   0.000000e+00   1.458120e-03   1.420228e-03  -6.534526e-03   0.000000e+00
 2.551042e-04   2.700891e-05   0.000000e+00   4.442601e-04   9.782489e-05   0.000000e+00   0.000000e+00   0.000000e+00   8.509390e-04
 2.587428e-05   4.560563e-04   0.000000e+00   9.782489e-05   8.628082e-04   0.000000e+00   0.000000e+00   0.000000e+00   2.091024e-03
 0.000000e+00   0.000000e+00   1.458120e-03   0.000000e+00   0.000000e+00   3.359232e-03   3.388495e-03  -1.863784e-02   0.000000e+00
 0.000000e+00   0.000000e+00   1.420228e-03   0.000000e+00   0.000000e+00   3.388495e-03   5.180900e-02  -3.345226e-02   0.000000e+00
 0.000000e+00   0.000000e+00  -6.534526e-03   0.000000e+00   0.000000e+00  -1.863784e-02  -3.345226e-02   1.787537e-01   0.000000e+00
 1.696718e-04   4.840028e-04   0.000000e+00   8.509390e-04   2.091024e-03   0.000000e+00   0.000000e+00   0.000000e+00   4.339379e-02

# timestamp: 1774889335.7410965
 8.947146e-04   1.167737e-05   0.000000e+00   2.616304e-04   3.617810e-05   0.000000e+00   0.000000e+00   0.000000e+00   2.001949e-04
 1.167737e-05   1.006402e-03   0.000000e+00   3.659974e-05   4.625330e-04   0.000000e+00   0.000000e+00   0.000000e+00   5.047454e-04
 0.000000e+00   0.000000e+00   1.459529e-03   0.000000e+00   0.000000e+00   1.505579e-03   1.454929e-03  -6.847701e-03   0.000000e+00
 2.616304e-04   3.659974e-05   0.000000e+00   4.489877e-04   1.113870e-04   0.000000e+00   0.000000e+00   0.000000e+00   8.776132e-04
 3.617810e-05   4.625330e-04   0.000000e+00   1.113870e-04   8.551145e-04   0.000000e+00   0.000000e+00   0.000000e+00   2.085835e-03
 0.000000e+00   0.000000e+00   1.505579e-03   0.000000e+00   0.000000e+00   3.369519e-03   3.406346e-03  -1.881105e-02   0.000000e+00
 0.000000e+00   0.000000e+00   1.454929e-03   0.000000e+00   0.000000e+00   3.406346e-03   5.320410e-02  -3.441438e-02   0.000000e+00
 0.000000e+00   0.000000e+00  -6.847701e-03   0.000000e+00   0.000000e+00  -1.881105e-02  -3.441438e-02   1.822709e-01   0.000000e+00
 2.001949e-04   5.047454e-04   0.000000e+00   8.776132e-04   2.085835e-03   0.000000e+00   0.000000e+00   0.000000e+00   4.449465e-02

# timestamp: 1774889335.7654285
 9.391431e-04   1.389155e-05   0.000000e+00   2.750000e-04   4.016901e-05   0.000000e+00   0.000000e+00   0.000000e+00   2.262744e-04
 1.389155e-05   1.062822e-03   0.000000e+00   4.065626e-05   4.892330e-04   0.000000e+00   0.000000e+00   0.000000e+00   5.666727e-04
 0.000000e+00   0.000000e+00   1.578805e-03   0.000000e+00   0.000000e+00   1.625596e-03   1.553802e-03  -7.397575e-03   0.000000e+00
 2.750000e-04   4.065626e-05   0.000000e+00   4.544644e-04   1.174244e-04   0.000000e+00   0.000000e+00   0.000000e+00   9.433720e-04
 4.016901e-05   4.892330e-04   0.000000e+00   1.174244e-04   8.721017e-04   0.000000e+00   0.000000e+00   0.000000e+00   2.236872e-03
 0.000000e+00   0.000000e+00   1.625596e-03   0.000000e+00   0.000000e+00   3.487201e-03   3.440476e-03  -1.936263e-02   0.000000e+00
 0.000000e+00   0.000000e+00   1.553802e-03   0.000000e+00   0.000000e+00   3.440476e-03   5.609560e-02  -3.441438e-02   0.000000e+00
 0.000000e+00   0.000000e+00  -7.397575e-03   0.000000e+00   0.000000e+00  -1.936263e-02  -3.441438e-02   1.851624e-01   0.000000e+00
 2.262744e-04   5.666727e-04   0.000000e+00   9.433720e-04   2.236872e-03   0.000000e+00   0.000000e+00   0.000000e+00   4.738614e-02

# timestamp: 1774889335.8149416
 8.465957e-04   1.171620e-05   0.000000e+00   2.472608e-04   3.503826e-05   0.000000e+00   0.000000e+00   0.000000e+00   1.260134e-04
 1.171620e-05   9.440126e-04   0.000000e+00   3.548225e-05   4.301487e-04   0.000000e+00   0.000000e+00   0.000000e+00   4.057389e-04
 0.000000e+00   0.000000e+00   1.327683e-03   0.000000e+00   0.000000e+00   1.357401e-03   1.434983e-03  -6.118392e-03   0.000000e+00
 2.472608e-04   3.548225e-05   0.000000e+00   4.440922e-04   1.098436e-04   0.000000e+00   0.000000e+00   0.000000e+00   7.915339e-04
 3.503826e-05   4.301487e-04   0.000000e+00   1.098436e-04   8.295769e-04   0.000000e+00   0.000000e+00   0.000000e+00   1.886504e-03
 0.000000e+00   0.000000e+00   1.357401e-03   0.000000e+00   0.000000e+00   3.188794e-03   3.501158e-03  -1.792128e-02   0.000000e+00
 0.000000e+00   0.000000e+00   1.434983e-03   0.000000e+00   0.000000e+00   3.501158e-03   5.048633e-02  -3.586645e-02   0.000000e+00
 0.000000e+00   0.000000e+00  -6.118392e-03   0.000000e+00   0.000000e+00  -1.792128e-02  -3.586645e-02   1.784393e-01   0.000000e+00
 1.260134e-04   4.057389e-04   0.000000e+00   7.915339e-04   1.886504e-03   0.000000e+00   0.000000e+00   0.000000e+00   4.099922e-02

# timestamp: 1774889335.8407981
 8.980640e-04   1.426268e-05   0.000000e+00   2.627523e-04   3.940754e-05   0.000000e+00   0.000000e+00   0.000000e+00   1.537762e-04
 1.426268e-05   1.008431e-03   0.000000e+00   4.005648e-05   4.603964e-04   0.000000e+00   0.000000e+00   0.000000e+00   4.718213e-04
 0.000000e+00   0.000000e+00   1.458521e-03   0.000000e+00   0.000000e+00   1.490100e-03   1.554863e-03  -6.736113e-03   0.000000e+00
 2.627523e-04   4.005648e-05   0.000000e+00   4.502978e-04   1.163485e-04   0.000000e+00   0.000000e+00   0.000000e+00   8.647272e-04
 3.940754e-05   4.603964e-04   0.000000e+00   1.163485e-04   8.481074e-04   0.000000e+00   0.000000e+00   0.000000e+00   2.052883e-03
 0.000000e+00   0.000000e+00   1.490100e-03   0.000000e+00   0.000000e+00   3.320358e-03   3.549670e-03  -1.855485e-02   0.000000e+00
 0.000000e+00   0.000000e+00   1.554863e-03   0.000000e+00   0.000000e+00   3.549670e-03   5.389507e-02  -3.586645e-02   0.000000e+00
 0.000000e+00   0.000000e+00  -6.736113e-03   0.000000e+00   0.000000e+00  -1.855485e-02  -3.586645e-02   1.818481e-01   0.000000e+00
 1.537762e-04   4.718213e-04   0.000000e+00   8.647272e-04   2.052883e-03   0.000000e+00   0.000000e+00   0.000000e+00   4.440796e-02

# timestamp: 1774889336.07502
 9.418764e-04   2.156484e-05   0.000000e+00   2.767974e-04   4.975316e-05   0.000000e+00   0.000000e+00   0.000000e+00   1.751433e-04
 2.156484e-05   1.060142e-03   0.000000e+00   5.056800e-05   4.797089e-04   0.000000e+00   0.000000e+00   0.000000e+00   5.145660e-04
 0.000000e+00   0.000000e+00   1.563468e-03   0.000000e+00   0.000000e+00   1.576936e-03   1.721456e-03  -7.176505e-03   0.000000e+00
 2.767974e-04   5.056800e-05   0.000000e+00   4.580436e-04   1.309749e-04   0.000000e+00   0.000000e+00   0.000000e+00   9.379443e-04
 4.975316e-05   4.797089e-04   0.000000e+00   1.309749e-04   8.506444e-04   0.000000e+00   0.000000e+00   0.000000e+00   2.163669e-03
 0.000000e+00   0.000000e+00   1.576936e-03   0.000000e+00   0.000000e+00   3.358129e-03   3.739154e-03  -1.884616e-02   0.000000e+00
 0.000000e+00   0.000000e+00   1.721456e-03   0.000000e+00   0.000000e+00   3.739154e-03   5.779529e-02  -3.811258e-02   0.000000e+00
 0.000000e+00   0.000000e+00  -7.176505e-03   0.000000e+00   0.000000e+00  -1.884616e-02  -3.811258e-02   1.856161e-01   0.000000e+00
 1.751433e-04   5.145660e-04   0.000000e+00   9.379443e-04   2.163669e-03   0.000000e+00   0.000000e+00   0.000000e+00   4.719098e-02

# timestamp: 1774889336.1031523
 8.298155e-04   1.674050e-05   0.000000e+00   2.433272e-04   4.218296e-05   0.000000e+00   0.000000e+00   0.000000e+00   1.118735e-04
 1.674050e-05   9.188701e-04   0.000000e+00   4.231558e-05   4.116486e-04   0.000000e+00   0.000000e+00   0.000000e+00   3.566148e-04
 0.000000e+00   0.000000e+00   1.270755e-03   0.000000e+00   0.000000e+00   1.272545e-03   1.479006e-03  -5.734969e-03   0.000000e+00
 2.433272e-04   4.231558e-05   0.000000e+00   4.454216e-04   1.205685e-04   0.000000e+00   0.000000e+00   0.000000e+00   7.767585e-04
 4.218296e-05   4.116486e-04   0.000000e+00   1.205685e-04   8.042911e-04   0.000000e+00   0.000000e+00   0.000000e+00   1.782576e-03
 0.000000e+00   0.000000e+00   1.272545e-03   0.000000e+00   0.000000e+00   3.030467e-03   3.729652e-03  -1.725832e-02   0.000000e+00
 0.000000e+00   0.000000e+00   1.479006e-03   0.000000e+00   0.000000e+00   3.729652e-03   5.114186e-02  -3.963043e-02   0.000000e+00
 0.000000e+00   0.000000e+00  -5.734969e-03   0.000000e+00   0.000000e+00  -1.725832e-02  -3.963043e-02   1.778672e-01   0.000000e+00
 1.118735e-04   3.566148e-04   0.000000e+00   7.767585e-04   1.782576e-03   0.000000e+00   0.000000e+00   0.000000e+00   3.966197e-02

# timestamp: 1774889336.1309087
 8.652084e-04   1.881170e-05   0.000000e+00   2.540615e-04   4.539757e-05   0.000000e+00   0.000000e+00   0.000000e+00   1.306234e-04
 1.881170e-05   9.624349e-04   0.000000e+00   4.567297e-05   4.317979e-04   0.000000e+00   0.000000e+00   0.000000e+00   3.995928e-04
 0.000000e+00   0.000000e+00   1.356470e-03   0.000000e+00   0.000000e+00   1.358967e-03   1.567485e-03  -6.146232e-03   0.000000e+00
 2.540615e-04   4.567297e-05   0.000000e+00   4.497578e-04   1.249621e-04   0.000000e+00   0.000000e+00   0.000000e+00   8.274877e-04
 4.539757e-05   4.317979e-04   0.000000e+00   1.249621e-04   8.164336e-04   0.000000e+00   0.000000e+00   0.000000e+00   1.892365e-03
 0.000000e+00   0.000000e+00   1.358967e-03   0.000000e+00   0.000000e+00   3.116614e-03   3.770283e-03  -1.768722e-02   0.000000e+00
 0.000000e+00   0.000000e+00   1.567485e-03   0.000000e+00   0.000000e+00   3.770283e-03   5.350562e-02  -3.963043e-02   0.000000e+00
 0.000000e+00   0.000000e+00  -6.146232e-03   0.000000e+00   0.000000e+00  -1.768722e-02  -3.963043e-02   1.802310e-01   0.000000e+00
 1.306234e-04   3.995928e-04   0.000000e+00   8.274877e-04   1.892365e-03   0.000000e+00   0.000000e+00   0.000000e+00   4.202572e-02

# timestamp: 1774889336.1629338
 9.187278e-04   2.218255e-05   0.000000e+00   2.702453e-04   5.046490e-05   0.000000e+00   0.000000e+00   0.000000e+00   1.606990e-04
 2.218255e-05   1.028928e-03   0.000000e+00   5.095800e-05   4.624909e-04   0.000000e+00   0.000000e+00   0.000000e+00   4.682470e-04
 0.000000e+00   0.000000e+00   1.491468e-03   0.000000e+00   0.000000e+00   1.492967e-03   1.700586e-03  -6.775549e-03   0.000000e+00
 2.702453e-04   5.095800e-05   0.000000e+00   4.564387e-04   1.320072e-04   0.000000e+00   0.000000e+00   0.000000e+00   9.083446e-04
 5.046490e-05   4.624909e-04   0.000000e+00   1.320072e-04   8.355934e-04   0.000000e+00   0.000000e+00   0.000000e+00   2.067357e-03
 0.000000e+00   0.000000e+00   1.492967e-03   0.000000e+00   0.000000e+00   3.248668e-03   3.825142e-03  -1.833624e-02   0.000000e+00
 0.000000e+00   0.000000e+00   1.700586e-03   0.000000e+00   0.000000e+00   3.825142e-03   5.701695e-02  -3.963043e-02   0.000000e+00
 0.000000e+00   0.000000e+00  -6.775549e-03   0.000000e+00   0.000000e+00  -1.833624e-02  -3.963043e-02   1.837423e-01   0.000000e+00
 1.606990e-04   4.682470e-04   0.000000e+00   9.083446e-04   2.067357e-03   0.000000e+00   0.000000e+00   0.000000e+00   4.553706e-02

# timestamp: 1774889336.421545
 8.811605e-04   2.485917e-05   0.000000e+00   2.607190e-04   5.445723e-05   0.000000e+00   0.000000e+00   0.000000e+00   1.710028e-04
 2.485917e-05   9.781852e-04   0.000000e+00   5.461727e-05   4.345608e-04   0.000000e+00   0.000000e+00   0.000000e+00   4.344048e-04
 0.000000e+00   0.000000e+00   1.392083e-03   0.000000e+00   0.000000e+00   1.384850e-03   1.754755e-03  -6.383876e-03   0.000000e+00
 2.607190e-04   5.461727e-05   0.000000e+00   4.554056e-04   1.377469e-04   0.000000e+00   0.000000e+00   0.000000e+00   8.825605e-04
 5.445723e-05   4.345608e-04   0.000000e+00   1.377469e-04   8.080642e-04   0.000000e+00   0.000000e+00   0.000000e+00   1.946991e-03
 0.000000e+00   0.000000e+00   1.384850e-03   0.000000e+00   0.000000e+00   3.102328e-03   4.211357e-03  -1.781733e-02   0.000000e+00
 0.000000e+00   0.000000e+00   1.754755e-03   0.000000e+00   0.000000e+00   4.211357e-03   5.781791e-02  -4.459170e-02   0.000000e+00
 0.000000e+00   0.000000e+00  -6.383876e-03   0.000000e+00   0.000000e+00  -1.781733e-02  -4.459170e-02   1.830639e-01   0.000000e+00
 1.710028e-04   4.344048e-04   0.000000e+00   8.825605e-04   1.946991e-03   0.000000e+00   0.000000e+00   0.000000e+00   4.348038e-02

# timestamp: 1774889336.461512
 9.209535e-04   2.779300e-05   0.000000e+00   2.728550e-04   5.863528e-05   0.000000e+00   0.000000e+00   0.000000e+00   1.944244e-04
 2.779300e-05   1.027258e-03   0.000000e+00   5.887195e-05   4.570772e-04   0.000000e+00   0.000000e+00   0.000000e+00   4.860762e-04
 0.000000e+00   0.000000e+00   1.492304e-03   0.000000e+00   0.000000e+00   1.483754e-03   1.864497e-03  -6.850443e-03   0.000000e+00
 2.728550e-04   5.887195e-05   0.000000e+00   4.604704e-04   1.431990e-04   0.000000e+00   0.000000e+00   0.000000e+00   9.437261e-04
 5.863528e-05   4.570772e-04   0.000000e+00   1.431990e-04   8.226945e-04   0.000000e+00   0.000000e+00   0.000000e+00   2.082093e-03
 0.000000e+00   0.000000e+00   1.483754e-03   0.000000e+00   0.000000e+00   3.201397e-03   4.264032e-03  -1.830917e-02   0.000000e+00
 0.000000e+00   0.000000e+00   1.864497e-03   0.000000e+00   0.000000e+00   4.264032e-03   6.041288e-02  -4.459170e-02   0.000000e+00
 0.000000e+00   0.000000e+00  -6.850443e-03   0.000000e+00   0.000000e+00  -1.830917e-02  -4.459170e-02   1.856589e-01   0.000000e+00
 1.944244e-04   4.860762e-04   0.000000e+00   9.437261e-04   2.082093e-03   0.000000e+00   0.000000e+00   0.000000e+00   4.607536e-02

# timestamp: 1774889336.5150964
 8.546617e-04   2.432889e-05   0.000000e+00   2.524567e-04   5.279139e-05   0.000000e+00   0.000000e+00   0.000000e+00   9.322623e-05
 2.432889e-05   9.434772e-04   0.000000e+00   5.345771e-05   4.161775e-04   0.000000e+00   0.000000e+00   0.000000e+00   3.643038e-04
 0.000000e+00   0.000000e+00   1.319026e-03   0.000000e+00   0.000000e+00   1.300386e-03   1.856400e-03  -5.924798e-03   0.000000e+00
 2.524567e-04   5.345771e-05   0.000000e+00   4.525761e-04   1.368836e-04   0.000000e+00   0.000000e+00   0.000000e+00   8.209683e-04
 5.279139e-05   4.161775e-04   0.000000e+00   1.368836e-04   7.941968e-04   0.000000e+00   0.000000e+00   0.000000e+00   1.843009e-03
 0.000000e+00   0.000000e+00   1.300386e-03   0.000000e+00   0.000000e+00   2.993568e-03   4.510497e-03  -1.720978e-02   0.000000e+00
 0.000000e+00   0.000000e+00   1.856400e-03   0.000000e+00   0.000000e+00   4.510497e-03   5.791755e-02  -4.763128e-02   0.000000e+00
 0.000000e+00   0.000000e+00  -5.924798e-03   0.000000e+00   0.000000e+00  -1.720978e-02  -4.763128e-02   1.794979e-01   0.000000e+00
 9.322623e-05   3.643038e-04   0.000000e+00   8.209683e-04   1.843009e-03   0.000000e+00   0.000000e+00   0.000000e+00   4.137486e-02

# timestamp: 1774889336.744687
 8.998857e-04   3.033313e-05   0.000000e+00   2.671424e-04   6.132503e-05   0.000000e+00   0.000000e+00   0.000000e+00   1.493568e-04
 3.033313e-05   9.963436e-04   0.000000e+00   6.220164e-05   4.383377e-04   0.000000e+00   0.000000e+00   0.000000e+00   4.433533e-04
 0.000000e+00   0.000000e+00   1.426856e-03   0.000000e+00   0.000000e+00   1.403338e-03   2.132805e-03  -6.475616e-03   0.000000e+00
 2.671424e-04   6.220164e-05   0.000000e+00   4.599089e-04   1.487868e-04   0.000000e+00   0.000000e+00   0.000000e+00   9.027793e-04
 6.132503e-05   4.383377e-04   0.000000e+00   1.487868e-04   8.064681e-04   0.000000e+00   0.000000e+00   0.000000e+00   2.025579e-03
 0.000000e+00   0.000000e+00   1.403338e-03   0.000000e+00   0.000000e+00   3.082987e-03   5.004715e-03  -1.773910e-02   0.000000e+00
 0.000000e+00   0.000000e+00   2.132805e-03   0.000000e+00   0.000000e+00   5.004715e-03   6.413005e-02  -5.180275e-02   0.000000e+00
 0.000000e+00   0.000000e+00  -6.475616e-03   0.000000e+00   0.000000e+00  -1.773910e-02  -5.180275e-02   1.825001e-01   0.000000e+00
 1.493568e-04   4.433533e-04   0.000000e+00   9.027793e-04   2.025579e-03   0.000000e+00   0.000000e+00   0.000000e+00   4.457306e-02

# timestamp: 1774889336.7857275
 9.602225e-04   3.538296e-05   0.000000e+00   2.855188e-04   6.801645e-05   0.000000e+00   0.000000e+00   0.000000e+00   1.856374e-04
 3.538296e-05   1.070562e-03   0.000000e+00   6.910325e-05   4.723230e-04   0.000000e+00   0.000000e+00   0.000000e+00   5.247897e-04
 0.000000e+00   0.000000e+00   1.580179e-03   0.000000e+00   0.000000e+00   1.552547e-03   2.328642e-03  -7.174482e-03   0.000000e+00
 2.855188e-04   6.910325e-05   0.000000e+00   4.676567e-04   1.575067e-04   0.000000e+00   0.000000e+00   0.000000e+00   9.986702e-04
 6.801645e-05   4.723230e-04   0.000000e+00   1.575067e-04   8.300457e-04   0.000000e+00   0.000000e+00   0.000000e+00   2.243388e-03
 0.000000e+00   0.000000e+00   1.552547e-03   0.000000e+00   0.000000e+00   3.233512e-03   5.108171e-03  -1.848823e-02   0.000000e+00
 0.000000e+00   0.000000e+00   2.328642e-03   0.000000e+00   0.000000e+00   5.108171e-03   6.801651e-02  -5.180275e-02   0.000000e+00
 0.000000e+00   0.000000e+00  -7.174482e-03   0.000000e+00   0.000000e+00  -1.848823e-02  -5.180275e-02   1.863866e-01   0.000000e+00
 1.856374e-04   5.247897e-04   0.000000e+00   9.986702e-04   2.243388e-03   0.000000e+00   0.000000e+00   0.000000e+00   4.845952e-02

# timestamp: 1774889336.85094
 8.938424e-04   3.094860e-05   0.000000e+00   2.649885e-04   6.146430e-05   0.000000e+00   0.000000e+00   0.000000e+00   9.578432e-05
 3.094860e-05   9.866088e-04   0.000000e+00   6.273786e-05   4.315076e-04   0.000000e+00   0.000000e+00   0.000000e+00   3.967839e-04
 0.000000e+00   0.000000e+00   1.398929e-03   0.000000e+00   0.000000e+00   1.362518e-03   2.253687e-03  -6.199598e-03   0.000000e+00
 2.649885e-04   6.273786e-05   0.000000e+00   4.596264e-04   1.507506e-04   0.000000e+00   0.000000e+00   0.000000e+00   8.795426e-04
 6.146430e-05   4.315076e-04   0.000000e+00   1.507506e-04   8.025623e-04   0.000000e+00   0.000000e+00   0.000000e+00   2.003661e-03
 0.000000e+00   0.000000e+00   1.362518e-03   0.000000e+00   0.000000e+00   3.024605e-03   5.292205e-03  -1.736817e-02   0.000000e+00
 0.000000e+00   0.000000e+00   2.253687e-03   0.000000e+00   0.000000e+00   5.292205e-03   6.560660e-02  -5.454554e-02   0.000000e+00
 0.000000e+00   0.000000e+00  -6.199598e-03   0.000000e+00   0.000000e+00  -1.736817e-02  -5.454554e-02   1.798192e-01   0.000000e+00
 9.578432e-05   3.967839e-04   0.000000e+00   8.795426e-04   2.003661e-03   0.000000e+00   0.000000e+00   0.000000e+00   4.363905e-02

# timestamp: 1774889337.0788205
 8.005047e-04   2.637697e-05   0.000000e+00   2.381320e-04   5.702442e-05   0.000000e+00   0.000000e+00   0.000000e+00   1.300858e-04
 2.637697e-05   8.724824e-04   0.000000e+00   5.741432e-05   3.791625e-04   0.000000e+00   0.000000e+00   0.000000e+00   3.456258e-04
 0.000000e+00   0.000000e+00   1.181718e-03   0.000000e+00   0.000000e+00   1.146560e-03   2.115594e-03  -5.234107e-03   0.000000e+00
 2.381320e-04   5.741432e-05   0.000000e+00   4.506399e-04   1.471093e-04   0.000000e+00   0.000000e+00   0.000000e+00   7.892292e-04
 5.702442e-05   3.791625e-04   0.000000e+00   1.471093e-04   7.694740e-04   0.000000e+00   0.000000e+00   0.000000e+00   1.777094e-03
 0.000000e+00   0.000000e+00   1.146560e-03   0.000000e+00   0.000000e+00   2.785372e-03   5.786130e-03  -1.612895e-02   0.000000e+00
 0.000000e+00   0.000000e+00   2.115594e-03   0.000000e+00   0.000000e+00   5.786130e-03   6.652852e-02  -6.146205e-02   0.000000e+00
 0.000000e+00   0.000000e+00  -5.234107e-03   0.000000e+00   0.000000e+00  -1.612895e-02  -6.146205e-02   1.713645e-01   0.000000e+00
 1.300858e-04   3.456258e-04   0.000000e+00   7.892292e-04   1.777094e-03   0.000000e+00   0.000000e+00   0.000000e+00   3.807188e-02

# timestamp: 1774889337.409435
 8.472265e-04   3.251292e-05   0.000000e+00   2.539602e-04   6.627572e-05   0.000000e+00   0.000000e+00   0.000000e+00   1.617337e-04
 3.251292e-05   9.259874e-04   0.000000e+00   6.738150e-05   4.026192e-04   0.000000e+00   0.000000e+00   0.000000e+00   4.043544e-04
 0.000000e+00   0.000000e+00   1.281587e-03   0.000000e+00   0.000000e+00   1.235879e-03   2.338268e-03  -5.773872e-03   0.000000e+00
 2.539602e-04   6.738150e-05   0.000000e+00   4.622635e-04   1.640204e-04   0.000000e+00   0.000000e+00   0.000000e+00   9.392647e-04
 6.627572e-05   4.026192e-04   0.000000e+00   1.640204e-04   7.848835e-04   0.000000e+00   0.000000e+00   0.000000e+00   1.931214e-03
 0.000000e+00   0.000000e+00   1.235879e-03   0.000000e+00   0.000000e+00   2.846012e-03   5.884847e-03  -1.667131e-02   0.000000e+00
 0.000000e+00   0.000000e+00   2.338268e-03   0.000000e+00   0.000000e+00   5.884847e-03   6.997204e-02  -6.268555e-02   0.000000e+00
 0.000000e+00   0.000000e+00  -5.773872e-03   0.000000e+00   0.000000e+00  -1.667131e-02  -6.268555e-02   1.776086e-01   0.000000e+00
 1.617337e-04   4.043544e-04   0.000000e+00   9.392647e-04   1.931214e-03   0.000000e+00   0.000000e+00   0.000000e+00   4.108029e-02

# timestamp: 1774889337.4265702
 8.642084e-04   3.403362e-05   0.000000e+00   2.592897e-04   6.833406e-05   0.000000e+00   0.000000e+00   0.000000e+00   1.722751e-04
 3.403362e-05   9.463467e-04   0.000000e+00   6.954103e-05   4.119786e-04   0.000000e+00   0.000000e+00   0.000000e+00   4.260285e-04
 0.000000e+00   0.000000e+00   1.320909e-03   0.000000e+00   0.000000e+00   1.273561e-03   2.404314e-03  -5.960975e-03   0.000000e+00
 2.592897e-04   6.954103e-05   0.000000e+00   4.648147e-04   1.666910e-04   0.000000e+00   0.000000e+00   0.000000e+00   9.708367e-04
 6.833406e-05   4.119786e-04   0.000000e+00   1.666910e-04   7.909500e-04   0.000000e+00   0.000000e+00   0.000000e+00   1.984502e-03
 0.000000e+00   0.000000e+00   1.273561e-03   0.000000e+00   0.000000e+00   2.880636e-03   5.910812e-03  -1.685010e-02   0.000000e+00
 0.000000e+00   0.000000e+00   2.404314e-03   0.000000e+00   0.000000e+00   5.910812e-03   7.109435e-02  -6.268555e-02   0.000000e+00
 0.000000e+00   0.000000e+00  -5.960975e-03   0.000000e+00   0.000000e+00  -1.685010e-02  -6.268555e-02   1.787309e-01   0.000000e+00
 1.722751e-04   4.260285e-04   0.000000e+00   9.708367e-04   1.984502e-03   0.000000e+00   0.000000e+00   0.000000e+00   4.220260e-02

# timestamp: 1774889337.4540193
 9.236241e-04   3.963907e-05   0.000000e+00   2.779357e-04   7.575738e-05   0.000000e+00   0.000000e+00   0.000000e+00   2.111699e-04
 3.963907e-05   1.018094e-03   0.000000e+00   7.733670e-05   4.449577e-04   0.000000e+00   0.000000e+00   0.000000e+00   5.050479e-04
 0.000000e+00   0.000000e+00   1.462865e-03   0.000000e+00   0.000000e+00   1.407720e-03   2.633813e-03  -6.619822e-03   0.000000e+00
 2.779357e-04   7.733670e-05   0.000000e+00   4.739792e-04   1.765256e-04   0.000000e+00   0.000000e+00   0.000000e+00   1.086473e-03
 7.575738e-05   4.449577e-04   0.000000e+00   1.765256e-04   8.129192e-04   0.000000e+00   0.000000e+00   0.000000e+00   2.179675e-03
 0.000000e+00   0.000000e+00   1.407720e-03   0.000000e+00   0.000000e+00   3.003116e-03   5.993361e-03  -1.747753e-02   0.000000e+00
 0.000000e+00   0.000000e+00   2.633813e-03   0.000000e+00   0.000000e+00   5.993361e-03   7.496011e-02  -6.268555e-02   0.000000e+00
 0.000000e+00   0.000000e+00  -6.619822e-03   0.000000e+00   0.000000e+00  -1.747753e-02  -6.268555e-02   1.825967e-01   0.000000e+00
 2.111699e-04   5.050479e-04   0.000000e+00   1.086473e-03   2.179675e-03   0.000000e+00   0.000000e+00   0.000000e+00   4.606837e-02

# timestamp: 1774889337.7317994
 8.751457e-04   3.753247e-05   0.000000e+00   2.643678e-04   7.387714e-05   0.000000e+00   0.000000e+00   0.000000e+00   1.654199e-04
 3.753247e-05   9.565925e-04   0.000000e+00   7.559068e-05   4.149068e-04   0.000000e+00   0.000000e+00   0.000000e+00   4.187622e-04
 0.000000e+00   0.000000e+00   1.336017e-03   0.000000e+00   0.000000e+00   1.277997e-03   2.405835e-03  -6.063640e-03   0.000000e+00
 2.643678e-04   7.559068e-05   0.000000e+00   4.738699e-04   1.792300e-04   0.000000e+00   0.000000e+00   0.000000e+00   1.037677e-03
 7.387714e-05   4.149068e-04   0.000000e+00   1.792300e-04   7.913750e-04   0.000000e+00   0.000000e+00   0.000000e+00   1.994059e-03
 0.000000e+00   0.000000e+00   1.277997e-03   0.000000e+00   0.000000e+00   2.866612e-03   5.731701e-03  -1.700245e-02   0.000000e+00
 0.000000e+00   0.000000e+00   2.405835e-03   0.000000e+00   0.000000e+00   5.731701e-03   7.039253e-02  -6.217005e-02   0.000000e+00
 0.000000e+00   0.000000e+00  -6.063640e-03   0.000000e+00   0.000000e+00  -1.700245e-02  -6.217005e-02   1.825433e-01   0.000000e+00
 1.654199e-04   4.187622e-04   0.000000e+00   1.037677e-03   1.994059e-03   0.000000e+00   0.000000e+00   0.000000e+00   4.263583e-02

# timestamp: 1774889337.7603166
 9.233458e-04   4.238695e-05   0.000000e+00   2.796410e-04   8.027073e-05   0.000000e+00   0.000000e+00   0.000000e+00   1.984765e-04
 4.238695e-05   1.014525e-03   0.000000e+00   8.216211e-05   4.416137e-04   0.000000e+00   0.000000e+00   0.000000e+00   4.823206e-04
 0.000000e+00   0.000000e+00   1.450151e-03   0.000000e+00   0.000000e+00   1.388452e-03   2.585555e-03  -6.598997e-03   0.000000e+00
 2.796410e-04   8.216211e-05   0.000000e+00   4.812285e-04   1.874880e-04   0.000000e+00   0.000000e+00   0.000000e+00   1.125815e-03
 8.027073e-05   4.416137e-04   0.000000e+00   1.874880e-04   8.105921e-04   0.000000e+00   0.000000e+00   0.000000e+00   2.168118e-03
 0.000000e+00   0.000000e+00   1.388452e-03   0.000000e+00   0.000000e+00   2.980922e-03   5.829695e-03  -1.759596e-02   0.000000e+00
 0.000000e+00   0.000000e+00   2.585555e-03   0.000000e+00   0.000000e+00   5.829695e-03   7.351474e-02  -6.217005e-02   0.000000e+00
 0.000000e+00   0.000000e+00  -6.598997e-03   0.000000e+00   0.000000e+00  -1.759596e-02  -6.217005e-02   1.856655e-01   0.000000e+00
 1.984765e-04   4.823206e-04   0.000000e+00   1.125815e-03   2.168118e-03   0.000000e+00   0.000000e+00   0.000000e+00   4.575804e-02

# timestamp: 1774889337.799583
 8.929568e-04   5.054560e-05   0.000000e+00   2.839002e-04   1.061928e-04   0.000000e+00   0.000000e+00   0.000000e+00   7.594727e-04
 5.054560e-05   9.730698e-04   0.000000e+00   8.982344e-05   4.386310e-04   0.000000e+00   0.000000e+00   0.000000e+00   8.038371e-04
 0.000000e+00   0.000000e+00   1.403314e-03   0.000000e+00   0.000000e+00   1.391828e-03   1.778567e-03  -6.982660e-03   0.000000e+00
 2.839002e-04   8.982344e-05   0.000000e+00   4.867129e-04   1.980728e-04   0.000000e+00   0.000000e+00   0.000000e+00   1.269888e-03
 1.061928e-04   4.386310e-04   0.000000e+00   1.980728e-04   8.156571e-04   0.000000e+00   0.000000e+00   0.000000e+00   2.262101e-03
 0.000000e+00   0.000000e+00   1.391828e-03   0.000000e+00   0.000000e+00   3.021545e-03   5.293314e-03  -1.805694e-02   0.000000e+00
 0.000000e+00   0.000000e+00   1.778567e-03   0.000000e+00   0.000000e+00   5.293314e-03   7.007015e-02  -6.155176e-02   0.000000e+00
 0.000000e+00   0.000000e+00  -6.982660e-03   0.000000e+00   0.000000e+00  -1.805694e-02  -6.155176e-02   1.883091e-01   0.000000e+00
 7.594727e-04   8.038371e-04   0.000000e+00   1.269888e-03   2.262101e-03   0.000000e+00   0.000000e+00   0.000000e+00   4.372380e-02

# timestamp: 1774889338.0579512
 9.123248e-04   4.401864e-05   0.000000e+00   2.773461e-04   8.255746e-05   0.000000e+00   0.000000e+00   0.000000e+00   1.413022e-04
 4.401864e-05   9.986498e-04   0.000000e+00   8.507781e-05   4.340843e-04   0.000000e+00   0.000000e+00   0.000000e+00   4.292848e-04
 0.000000e+00   0.000000e+00   1.402714e-03   0.000000e+00   0.000000e+00   1.315412e-03   2.969357e-03  -6.013480e-03   0.000000e+00
 2.773461e-04   8.507781e-05   0.000000e+00   4.852428e-04   1.972650e-04   0.000000e+00   0.000000e+00   0.000000e+00   1.107611e-03
 8.255746e-05   4.340843e-04   0.000000e+00   1.972650e-04   8.154164e-04   0.000000e+00   0.000000e+00   0.000000e+00   2.180791e-03
 0.000000e+00   0.000000e+00   1.315412e-03   0.000000e+00   0.000000e+00   2.849521e-03   6.748854e-03  -1.637289e-02   0.000000e+00
 0.000000e+00   0.000000e+00   2.969357e-03   0.000000e+00   0.000000e+00   6.748854e-03   8.418271e-02  -7.111662e-02   0.000000e+00
 0.000000e+00   0.000000e+00  -6.013480e-03   0.000000e+00   0.000000e+00  -1.637289e-02  -7.111662e-02   1.730149e-01   0.000000e+00
 1.413022e-04   4.292848e-04   0.000000e+00   1.107611e-03   2.180791e-03   0.000000e+00   0.000000e+00   0.000000e+00   4.458774e-02

# timestamp: 1774889338.139844
 8.841550e-04   4.191848e-05   0.000000e+00   2.696834e-04   8.106168e-05   0.000000e+00   0.000000e+00   0.000000e+00   1.651541e-04
 4.191848e-05   9.649181e-04   0.000000e+00   8.318685e-05   4.197432e-04   0.000000e+00   0.000000e+00   0.000000e+00   4.243655e-04
 0.000000e+00   0.000000e+00   1.338956e-03   0.000000e+00   0.000000e+00   1.257545e-03   2.837591e-03  -5.809781e-03   0.000000e+00
 2.696834e-04   8.318685e-05   0.000000e+00   4.837651e-04   1.966493e-04   0.000000e+00   0.000000e+00   0.000000e+00   1.092982e-03
 8.106168e-05   4.197432e-04   0.000000e+00   1.966493e-04   8.064753e-04   0.000000e+00   0.000000e+00   0.000000e+00   2.106711e-03
 0.000000e+00   0.000000e+00   1.257545e-03   0.000000e+00   0.000000e+00   2.791140e-03   6.707379e-03  -1.617240e-02   0.000000e+00
 0.000000e+00   0.000000e+00   2.837591e-03   0.000000e+00   0.000000e+00   6.707379e-03   8.304669e-02  -7.192135e-02   0.000000e+00
 0.000000e+00   0.000000e+00  -5.809781e-03   0.000000e+00   0.000000e+00  -1.617240e-02  -7.192135e-02   1.729254e-01   0.000000e+00
 1.651541e-04   4.243655e-04   0.000000e+00   1.092982e-03   2.106711e-03   0.000000e+00   0.000000e+00   0.000000e+00   4.306211e-02

# timestamp: 1774889338.4060245
 8.395605e-04   3.970481e-05   0.000000e+00   2.584346e-04   8.027571e-05   0.000000e+00   0.000000e+00   0.000000e+00   1.645264e-04
 3.970481e-05   9.109207e-04   0.000000e+00   8.217468e-05   3.964141e-04   0.000000e+00   0.000000e+00   0.000000e+00   3.815659e-04
 0.000000e+00   0.000000e+00   1.236320e-03   0.000000e+00   0.000000e+00   1.155475e-03   2.664651e-03  -5.433506e-03   0.000000e+00
 2.584346e-04   8.217468e-05   0.000000e+00   4.863699e-04   2.012953e-04   0.000000e+00   0.000000e+00   0.000000e+00   1.085824e-03
 8.027571e-05   3.964141e-04   0.000000e+00   2.012953e-04   7.921307e-04   0.000000e+00   0.000000e+00   0.000000e+00   1.944465e-03
 0.000000e+00   0.000000e+00   1.155475e-03   0.000000e+00   0.000000e+00   2.666944e-03   6.580074e-03  -1.572734e-02   0.000000e+00
 0.000000e+00   0.000000e+00   2.664651e-03   0.000000e+00   0.000000e+00   6.580074e-03   8.097862e-02  -7.368949e-02   0.000000e+00
 0.000000e+00   0.000000e+00  -5.433506e-03   0.000000e+00   0.000000e+00  -1.572734e-02  -7.368949e-02   1.739900e-01   0.000000e+00
 1.645264e-04   3.815659e-04   0.000000e+00   1.085824e-03   1.944465e-03   0.000000e+00   0.000000e+00   0.000000e+00   4.027606e-02

# timestamp: 1774889338.423196
 8.685609e-04   4.287076e-05   0.000000e+00   2.679876e-04   8.454855e-05   0.000000e+00   0.000000e+00   0.000000e+00   1.855467e-04
 4.287076e-05   9.452836e-04   0.000000e+00   8.664194e-05   4.124881e-04   0.000000e+00   0.000000e+00   0.000000e+00   4.191143e-04
 0.000000e+00   0.000000e+00   1.300308e-03   0.000000e+00   0.000000e+00   1.215450e-03   2.789980e-03  -5.734196e-03   0.000000e+00
 2.679876e-04   8.664194e-05   0.000000e+00   4.916093e-04   2.068606e-04   0.000000e+00   0.000000e+00   0.000000e+00   1.147941e-03
 8.454855e-05   4.124881e-04   0.000000e+00   2.068606e-04   8.032597e-04   0.000000e+00   0.000000e+00   0.000000e+00   2.040688e-03
 0.000000e+00   0.000000e+00   1.215450e-03   0.000000e+00   0.000000e+00   2.722634e-03   6.627778e-03  -1.602309e-02   0.000000e+00
 0.000000e+00   0.000000e+00   2.789980e-03   0.000000e+00   0.000000e+00   6.627778e-03   8.287865e-02  -7.368949e-02   0.000000e+00
 0.000000e+00   0.000000e+00  -5.734196e-03   0.000000e+00   0.000000e+00  -1.602309e-02  -7.368949e-02   1.758901e-01   0.000000e+00
 1.855467e-04   4.191143e-04   0.000000e+00   1.147941e-03   2.040688e-03   0.000000e+00   0.000000e+00   0.000000e+00   4.217609e-02

# timestamp: 1774889338.4458957
 9.093692e-04   4.753763e-05   0.000000e+00   2.814530e-04   9.072821e-05   0.000000e+00   0.000000e+00   0.000000e+00   2.165389e-04
 4.753763e-05   9.939386e-04   0.000000e+00   9.310435e-05   4.352710e-04   0.000000e+00   0.000000e+00   0.000000e+00   4.740364e-04
 0.000000e+00   0.000000e+00   1.392799e-03   0.000000e+00   0.000000e+00   1.301163e-03   2.965084e-03  -6.159746e-03   0.000000e+00
 2.814530e-04   9.310435e-05   0.000000e+00   4.991898e-04   2.150671e-04   0.000000e+00   0.000000e+00   0.000000e+00   1.239089e-03
 9.072821e-05   4.352710e-04   0.000000e+00   2.150671e-04   8.194489e-04   0.000000e+00   0.000000e+00   0.000000e+00   2.181882e-03
 0.000000e+00   0.000000e+00   1.301163e-03   0.000000e+00   0.000000e+00   2.801902e-03   6.688879e-03  -1.644089e-02   0.000000e+00
 0.000000e+00   0.000000e+00   2.965084e-03   0.000000e+00   0.000000e+00   6.688879e-03   8.551272e-02  -7.368949e-02   0.000000e+00
 0.000000e+00   0.000000e+00  -6.159746e-03   0.000000e+00   0.000000e+00  -1.644089e-02  -7.368949e-02   1.785241e-01   0.000000e+00
 2.165389e-04   4.740364e-04   0.000000e+00   1.239089e-03   2.181882e-03   0.000000e+00   0.000000e+00   0.000000e+00   4.481016e-02

# timestamp: 1774889338.4711924
 9.436197e-04   5.165035e-05   0.000000e+00   2.927799e-04   9.608154e-05   0.000000e+00   0.000000e+00   0.000000e+00   2.440519e-04
 5.165035e-05   1.035048e-03   0.000000e+00   9.870163e-05   4.545599e-04   0.000000e+00   0.000000e+00   0.000000e+00   5.223667e-04
 0.000000e+00   0.000000e+00   1.472678e-03   0.000000e+00   0.000000e+00   1.374355e-03   3.110962e-03  -6.519949e-03   0.000000e+00
 2.927799e-04   9.870163e-05   0.000000e+00   5.057440e-04   2.222988e-04   0.000000e+00   0.000000e+00   0.000000e+00   1.318341e-03
 9.608154e-05   4.545599e-04   0.000000e+00   2.222988e-04   8.335233e-04   0.000000e+00   0.000000e+00   0.000000e+00   2.304649e-03
 0.000000e+00   0.000000e+00   1.374355e-03   0.000000e+00   0.000000e+00   2.869240e-03   6.735395e-03  -1.679216e-02   0.000000e+00
 0.000000e+00   0.000000e+00   3.110962e-03   0.000000e+00   0.000000e+00   6.735395e-03   8.768865e-02  -7.368949e-02   0.000000e+00
 0.000000e+00   0.000000e+00  -6.519949e-03   0.000000e+00   0.000000e+00  -1.679216e-02  -7.368949e-02   1.807001e-01   0.000000e+00
 2.440519e-04   5.223667e-04   0.000000e+00   1.318341e-03   2.304649e-03   0.000000e+00   0.000000e+00   0.000000e+00   4.698609e-02

# timestamp: 1774889338.495092
 9.103331e-04   5.880718e-05   0.000000e+00   2.983763e-04   1.223039e-04   0.000000e+00   0.000000e+00   0.000000e+00   7.909728e-04
 5.880718e-05   9.883575e-04   0.000000e+00   1.055783e-04   4.484349e-04   0.000000e+00   0.000000e+00   0.000000e+00   7.947648e-04
 0.000000e+00   0.000000e+00   1.385822e-03   0.000000e+00   0.000000e+00   1.319185e-03   2.002511e-03  -6.399431e-03   0.000000e+00
 2.983763e-04   1.055783e-04   0.000000e+00   5.123364e-04   2.323660e-04   0.000000e+00   0.000000e+00   0.000000e+00   1.452025e-03
 1.223039e-04   4.484349e-04   0.000000e+00   2.323660e-04   8.354198e-04   0.000000e+00   0.000000e+00   0.000000e+00   2.354639e-03
 0.000000e+00   0.000000e+00   1.319185e-03   0.000000e+00   0.000000e+00   2.837859e-03   5.806071e-03  -1.677379e-02   0.000000e+00
 0.000000e+00   0.000000e+00   2.002511e-03   0.000000e+00   0.000000e+00   5.806071e-03   8.076549e-02  -7.003173e-02   0.000000e+00
 0.000000e+00   0.000000e+00  -6.399431e-03   0.000000e+00   0.000000e+00  -1.677379e-02  -7.003173e-02   1.815007e-01   0.000000e+00
 7.909728e-04   7.947648e-04   0.000000e+00   1.452025e-03   2.354639e-03   0.000000e+00   0.000000e+00   0.000000e+00   4.476324e-02

# timestamp: 1774889338.726213
 8.922013e-04   4.842552e-05   0.000000e+00   2.806104e-04   9.468713e-05   0.000000e+00   0.000000e+00   0.000000e+00   2.553477e-04
 4.842552e-05   9.719867e-04   0.000000e+00   9.708625e-05   4.264642e-04   0.000000e+00   0.000000e+00   0.000000e+00   4.708789e-04
 0.000000e+00   0.000000e+00   1.348249e-03   0.000000e+00   0.000000e+00   1.253910e-03   2.765317e-03  -6.113266e-03   0.000000e+00
 2.806104e-04   9.708625e-05   0.000000e+00   5.114869e-04   2.271505e-04   0.000000e+00   0.000000e+00   0.000000e+00   1.324948e-03
 9.468713e-05   4.264642e-04   0.000000e+00   2.271505e-04   8.123703e-04   0.000000e+00   0.000000e+00   0.000000e+00   2.104469e-03
 0.000000e+00   0.000000e+00   1.253910e-03   0.000000e+00   0.000000e+00   2.730817e-03   6.262596e-03  -1.639267e-02   0.000000e+00
 0.000000e+00   0.000000e+00   2.765317e-03   0.000000e+00   0.000000e+00   6.262596e-03   8.205191e-02  -7.313745e-02   0.000000e+00
 0.000000e+00   0.000000e+00  -6.113266e-03   0.000000e+00   0.000000e+00  -1.639267e-02  -7.313745e-02   1.835022e-01   0.000000e+00
 2.553477e-04   4.708789e-04   0.000000e+00   1.324948e-03   2.104469e-03   0.000000e+00   0.000000e+00   0.000000e+00   4.369283e-02

# timestamp: 1774889338.7503393
 9.244504e-04   5.246614e-05   0.000000e+00   2.916510e-04   1.000731e-04   0.000000e+00   0.000000e+00   0.000000e+00   2.830695e-04
 5.246614e-05   1.010357e-03   0.000000e+00   1.026847e-04   4.444669e-04   0.000000e+00   0.000000e+00   0.000000e+00   5.148033e-04
 0.000000e+00   0.000000e+00   1.421505e-03   0.000000e+00   0.000000e+00   1.320977e-03   2.894014e-03  -6.451769e-03   0.000000e+00
 2.916510e-04   1.026847e-04   0.000000e+00   5.183969e-04   2.343733e-04   0.000000e+00   0.000000e+00   0.000000e+00   1.405157e-03
 1.000731e-04   4.444669e-04   0.000000e+00   2.343733e-04   8.251142e-04   0.000000e+00   0.000000e+00   0.000000e+00   2.216009e-03
 0.000000e+00   0.000000e+00   1.320977e-03   0.000000e+00   0.000000e+00   2.792477e-03   6.295144e-03  -1.672009e-02   0.000000e+00
 0.000000e+00   0.000000e+00   2.894014e-03   0.000000e+00   0.000000e+00   6.295144e-03   8.410329e-02  -7.313745e-02   0.000000e+00
 0.000000e+00   0.000000e+00  -6.451769e-03   0.000000e+00   0.000000e+00  -1.672009e-02  -7.313745e-02   1.855536e-01   0.000000e+00
 2.830695e-04   5.148033e-04   0.000000e+00   1.405157e-03   2.216009e-03   0.000000e+00   0.000000e+00   0.000000e+00   4.574421e-02

# timestamp: 1774889338.7740085
 9.463405e-04   5.530118e-05   0.000000e+00   2.991660e-04   1.038011e-04   0.000000e+00   0.000000e+00   0.000000e+00   3.024092e-04
 5.530118e-05   1.036512e-03   0.000000e+00   1.065617e-04   4.567479e-04   0.000000e+00   0.000000e+00   0.000000e+00   5.453032e-04
 0.000000e+00   0.000000e+00   1.472160e-03   0.000000e+00   0.000000e+00   1.366967e-03   2.980657e-03  -6.681895e-03   0.000000e+00
 2.991660e-04   1.065617e-04   0.000000e+00   5.231967e-04   2.394469e-04   0.000000e+00   0.000000e+00   0.000000e+00   1.461432e-03
 1.038011e-04   4.567479e-04   0.000000e+00   2.394469e-04   8.339811e-04   0.000000e+00   0.000000e+00   0.000000e+00   2.294265e-03
 0.000000e+00   0.000000e+00   1.366967e-03   0.000000e+00   0.000000e+00   2.834701e-03   6.314523e-03  -1.694319e-02   0.000000e+00
 0.000000e+00   0.000000e+00   2.980657e-03   0.000000e+00   0.000000e+00   6.314523e-03   8.547963e-02  -7.313745e-02   0.000000e+00
 0.000000e+00   0.000000e+00  -6.681895e-03   0.000000e+00   0.000000e+00  -1.694319e-02  -7.313745e-02   1.869299e-01   0.000000e+00
 3.024092e-04   5.453032e-04   0.000000e+00   1.461432e-03   2.294265e-03   0.000000e+00   0.000000e+00   0.000000e+00   4.712055e-02

# timestamp: 1774889338.8164086
 9.652620e-04   7.088574e-05   0.000000e+00   3.265777e-04   1.423303e-04   0.000000e+00   0.000000e+00   0.000000e+00   9.437042e-04
 7.088574e-05   1.048230e-03   0.000000e+00   1.240935e-04   4.786601e-04   0.000000e+00   0.000000e+00   0.000000e+00   8.918217e-04
 0.000000e+00   0.000000e+00   1.497135e-03   0.000000e+00   0.000000e+00   1.415122e-03   1.936530e-03  -7.012586e-03   0.000000e+00
 3.265777e-04   1.240935e-04   0.000000e+00   5.441528e-04   2.636632e-04   0.000000e+00   0.000000e+00   0.000000e+00   1.741282e-03
 1.423303e-04   4.786601e-04   0.000000e+00   2.636632e-04   8.574322e-04   0.000000e+00   0.000000e+00   0.000000e+00   2.534357e-03
 0.000000e+00   0.000000e+00   1.415122e-03   0.000000e+00   0.000000e+00   2.900583e-03   5.307483e-03  -1.738392e-02   0.000000e+00
 0.000000e+00   0.000000e+00   1.936530e-03   0.000000e+00   0.000000e+00   5.307483e-03   8.102282e-02  -6.854632e-02   0.000000e+00
 0.000000e+00   0.000000e+00  -7.012586e-03   0.000000e+00   0.000000e+00  -1.738392e-02  -6.854632e-02   1.904365e-01   0.000000e+00
 9.437042e-04   8.918217e-04   0.000000e+00   1.741282e-03   2.534357e-03   0.000000e+00   0.000000e+00   0.000000e+00   4.792564e-02

# timestamp: 1774889339.051147
 1.246379e-03   1.763263e-04   0.000000e+00   4.919149e-04   3.063152e-04   0.000000e+00   0.000000e+00   0.000000e+00   2.477660e-03
 1.763263e-04   1.313398e-03   0.000000e+00   2.269007e-04   6.571043e-04   0.000000e+00   0.000000e+00   0.000000e+00   1.957001e-03
 0.000000e+00   0.000000e+00   2.154880e-03   0.000000e+00   0.000000e+00   2.087187e-03   5.391447e-04  -1.019665e-02   0.000000e+00
 4.919149e-04   2.269007e-04   0.000000e+00   6.629510e-04   3.953319e-04   0.000000e+00   0.000000e+00   0.000000e+00   2.946032e-03
 3.063152e-04   6.571043e-04   0.000000e+00   3.953319e-04   1.019795e-03   0.000000e+00   0.000000e+00   0.000000e+00   3.874790e-03
 0.000000e+00   0.000000e+00   2.087187e-03   0.000000e+00   0.000000e+00   3.583539e-03   3.513140e-03  -2.073199e-02   0.000000e+00
 0.000000e+00   0.000000e+00   5.391447e-04   0.000000e+00   0.000000e+00   3.513140e-03   8.753774e-02  -6.099943e-02   0.000000e+00
 0.000000e+00   0.000000e+00  -1.019665e-02   0.000000e+00   0.000000e+00  -2.073199e-02  -6.099943e-02   2.097639e-01   0.000000e+00
 2.477660e-03   1.957001e-03   0.000000e+00   2.946032e-03   3.874790e-03   0.000000e+00   0.000000e+00   0.000000e+00   6.176961e-02

# timestamp: 1774889339.07642
 1.232813e-03   2.037940e-04   0.000000e+00   5.131521e-04   3.484425e-04   0.000000e+00   0.000000e+00   0.000000e+00   3.075757e-03
 2.037940e-04   1.248044e-03   0.000000e+00   2.428682e-04   6.480760e-04   0.000000e+00   0.000000e+00   0.000000e+00   2.257323e-03
 0.000000e+00   0.000000e+00   2.107817e-03   0.000000e+00   0.000000e+00   2.082024e-03  -5.149691e-04  -1.028788e-02   0.000000e+00
 5.131521e-04   2.428682e-04   0.000000e+00   6.808503e-04   4.162789e-04   0.000000e+00   0.000000e+00   0.000000e+00   3.135648e-03
 3.484425e-04   6.480760e-04   0.000000e+00   4.162789e-04   1.028670e-03   0.000000e+00   0.000000e+00   0.000000e+00   4.001149e-03
 0.000000e+00   0.000000e+00   2.082024e-03   0.000000e+00   0.000000e+00   3.607904e-03   2.662602e-03  -2.092773e-02   0.000000e+00
 0.000000e+00   0.000000e+00  -5.149691e-04   0.000000e+00   0.000000e+00   2.662602e-03   8.338354e-02  -5.811795e-02   0.000000e+00
 0.000000e+00   0.000000e+00  -1.028788e-02   0.000000e+00   0.000000e+00  -2.092773e-02  -5.811795e-02   2.112953e-01   0.000000e+00
 3.075757e-03   2.257323e-03   0.000000e+00   3.135648e-03   4.001149e-03   0.000000e+00   0.000000e+00   0.000000e+00   5.997196e-02

# timestamp: 1774889339.1018786
 1.286876e-03   2.198191e-04   0.000000e+00   5.390194e-04   3.694901e-04   0.000000e+00   0.000000e+00   0.000000e+00   3.159780e-03
 2.198191e-04   1.309463e-03   0.000000e+00   2.597668e-04   6.828373e-04   0.000000e+00   0.000000e+00   0.000000e+00   2.364545e-03
 0.000000e+00   0.000000e+00   2.247167e-03   0.000000e+00   0.000000e+00   2.213114e-03  -4.449472e-04  -1.084451e-02   0.000000e+00
 5.390194e-04   2.597668e-04   0.000000e+00   6.993283e-04   4.365296e-04   0.000000e+00   0.000000e+00   0.000000e+00   3.287928e-03
 3.694901e-04   6.828373e-04   0.000000e+00   4.365296e-04   1.057197e-03   0.000000e+00   0.000000e+00   0.000000e+00   4.196187e-03
 0.000000e+00   0.000000e+00   2.213114e-03   0.000000e+00   0.000000e+00   3.731351e-03   2.636162e-03  -2.145742e-02   0.000000e+00
 0.000000e+00   0.000000e+00  -4.449472e-04   0.000000e+00   0.000000e+00   2.636162e-03   8.602154e-02  -5.811795e-02   0.000000e+00
 0.000000e+00   0.000000e+00  -1.084451e-02   0.000000e+00   0.000000e+00  -2.145742e-02  -5.811795e-02   2.139333e-01   0.000000e+00
 3.159780e-03   2.364545e-03   0.000000e+00   3.287928e-03   4.196187e-03   0.000000e+00   0.000000e+00   0.000000e+00   6.260996e-02

# timestamp: 1774889339.1228626
 1.331465e-03   2.334873e-04   0.000000e+00   5.603857e-04   3.870544e-04   0.000000e+00   0.000000e+00   0.000000e+00   3.230573e-03
 2.334873e-04   1.360326e-03   0.000000e+00   2.739864e-04   7.116699e-04   0.000000e+00   0.000000e+00   0.000000e+00   2.454898e-03
 0.000000e+00   0.000000e+00   2.364639e-03   0.000000e+00   0.000000e+00   2.322376e-03  -3.890734e-04  -1.130376e-02   0.000000e+00
 5.603857e-04   2.739864e-04   0.000000e+00   7.147770e-04   4.535633e-04   0.000000e+00   0.000000e+00   0.000000e+00   3.415209e-03
 3.870544e-04   7.116699e-04   0.000000e+00   4.535633e-04   1.081102e-03   0.000000e+00   0.000000e+00   0.000000e+00   4.359206e-03
 0.000000e+00   0.000000e+00   2.322376e-03   0.000000e+00   0.000000e+00   3.833401e-03   2.610305e-03  -2.189016e-02   0.000000e+00
 0.000000e+00   0.000000e+00  -3.890734e-04   0.000000e+00   0.000000e+00   2.610305e-03   8.814769e-02  -5.811795e-02   0.000000e+00
 0.000000e+00   0.000000e+00  -1.130376e-02   0.000000e+00   0.000000e+00  -2.189016e-02  -5.811795e-02   2.160594e-01   0.000000e+00
 3.230573e-03   2.454898e-03   0.000000e+00   3.415209e-03   4.359206e-03   0.000000e+00   0.000000e+00   0.000000e+00   6.473611e-02

# timestamp: 1774889339.1718068
 1.422596e-03   2.626122e-04   0.000000e+00   6.041727e-04   4.235174e-04   0.000000e+00   0.000000e+00   0.000000e+00   3.378806e-03
 2.626122e-04   1.464868e-03   0.000000e+00   3.038142e-04   7.710725e-04   0.000000e+00   0.000000e+00   0.000000e+00   2.644123e-03
 0.000000e+00   0.000000e+00   2.611515e-03   0.000000e+00   0.000000e+00   2.548658e-03  -2.799745e-04  -1.224087e-02   0.000000e+00
 6.041727e-04   3.038142e-04   0.000000e+00   7.469549e-04   4.893168e-04   0.000000e+00   0.000000e+00   0.000000e+00   3.680652e-03
 4.235174e-04   7.710725e-04   0.000000e+00   4.893168e-04   1.131036e-03   0.000000e+00   0.000000e+00   0.000000e+00   4.699182e-03
 0.000000e+00   0.000000e+00   2.548658e-03   0.000000e+00   0.000000e+00   4.042726e-03   2.546010e-03  -2.276506e-02   0.000000e+00
 0.000000e+00   0.000000e+00  -2.799745e-04   0.000000e+00   0.000000e+00   2.546010e-03   9.236438e-02  -5.811795e-02   0.000000e+00
 0.000000e+00   0.000000e+00  -1.224087e-02   0.000000e+00   0.000000e+00  -2.276506e-02  -5.811795e-02   2.202761e-01   0.000000e+00
 3.378806e-03   2.644123e-03   0.000000e+00   3.680652e-03   4.699182e-03   0.000000e+00   0.000000e+00   0.000000e+00   6.895280e-02

# timestamp: 1774889339.380755
 1.686819e-03   5.219516e-04   0.000000e+00   8.471769e-04   7.271081e-04   0.000000e+00   0.000000e+00   0.000000e+00   5.766739e-03
 5.219516e-04   1.630738e-03   0.000000e+00   5.200922e-04   1.003901e-03   0.000000e+00   0.000000e+00   0.000000e+00   4.814810e-03
 0.000000e+00   0.000000e+00   3.512106e-03   0.000000e+00   0.000000e+00   3.562323e-03  -2.605696e-03  -1.735909e-02   0.000000e+00
 8.471769e-04   5.200922e-04   0.000000e+00   9.486229e-04   7.270458e-04   0.000000e+00   0.000000e+00   0.000000e+00   5.346885e-03
 7.271081e-04   1.003901e-03   0.000000e+00   7.270458e-04   1.390656e-03   0.000000e+00   0.000000e+00   0.000000e+00   6.600039e-03
 0.000000e+00   0.000000e+00   3.562323e-03   0.000000e+00   0.000000e+00   5.065336e-03   4.330590e-04  -2.734473e-02   0.000000e+00
 0.000000e+00   0.000000e+00  -2.605696e-03   0.000000e+00   0.000000e+00   4.330590e-04   1.021515e-01  -5.684482e-02   0.000000e+00
 0.000000e+00   0.000000e+00  -1.735909e-02   0.000000e+00   0.000000e+00  -2.734473e-02  -5.684482e-02   2.412440e-01   0.000000e+00
 5.766739e-03   4.814810e-03   0.000000e+00   5.346885e-03   6.600039e-03   0.000000e+00   0.000000e+00   0.000000e+00   7.839118e-02

# timestamp: 1774889339.443476
 1.842383e-03   5.955812e-04   0.000000e+00   9.345805e-04   8.086648e-04   0.000000e+00   0.000000e+00   0.000000e+00   6.075485e-03
 5.955812e-04   1.805329e-03   0.000000e+00   5.901246e-04   1.117268e-03   0.000000e+00   0.000000e+00   0.000000e+00   5.195625e-03
 0.000000e+00   0.000000e+00   3.989586e-03   0.000000e+00   0.000000e+00   3.989236e-03  -2.585239e-03  -1.891925e-02   0.000000e+00
 9.345805e-04   5.901246e-04   0.000000e+00   1.015431e-03   8.014851e-04   0.000000e+00   0.000000e+00   0.000000e+00   5.797828e-03
 8.086648e-04   1.117268e-03   0.000000e+00   8.014851e-04   1.486808e-03   0.000000e+00   0.000000e+00   0.000000e+00   7.141152e-03
 0.000000e+00   0.000000e+00   3.989236e-03   0.000000e+00   0.000000e+00   5.436308e-03   2.262617e-04  -2.864694e-02   0.000000e+00
 0.000000e+00   0.000000e+00  -2.585239e-03   0.000000e+00   0.000000e+00   2.262617e-04   1.077666e-01  -5.684482e-02   0.000000e+00
 0.000000e+00   0.000000e+00  -1.891925e-02   0.000000e+00   0.000000e+00  -2.864694e-02  -5.684482e-02   2.468592e-01   0.000000e+00
 6.075485e-03   5.195625e-03   0.000000e+00   5.797828e-03   7.141152e-03   0.000000e+00   0.000000e+00   0.000000e+00   8.400637e-02

# timestamp: 1774889339.4738917
 1.951874e-03   6.497009e-04   0.000000e+00   9.960548e-04   8.667042e-04   0.000000e+00   0.000000e+00   0.000000e+00   6.296577e-03
 6.497009e-04   1.929195e-03   0.000000e+00   6.405046e-04   1.197498e-03   0.000000e+00   0.000000e+00   0.000000e+00   5.467820e-03
 0.000000e+00   0.000000e+00   4.336004e-03   0.000000e+00   0.000000e+00   4.291960e-03  -2.578627e-03  -2.000343e-02   0.000000e+00
 9.960548e-04   6.405046e-04   0.000000e+00   1.062826e-03   8.545357e-04   0.000000e+00   0.000000e+00   0.000000e+00   6.114889e-03
 8.667042e-04   1.197498e-03   0.000000e+00   8.545357e-04   1.555022e-03   0.000000e+00   0.000000e+00   0.000000e+00   7.521613e-03
 0.000000e+00   0.000000e+00   4.291960e-03   0.000000e+00   0.000000e+00   5.694794e-03   7.209829e-05  -2.953522e-02   0.000000e+00
 0.000000e+00   0.000000e+00  -2.578627e-03   0.000000e+00   0.000000e+00   7.209829e-05   1.115132e-01  -5.684482e-02   0.000000e+00
 0.000000e+00   0.000000e+00  -2.000343e-02   0.000000e+00   0.000000e+00  -2.953522e-02  -5.684482e-02   2.506057e-01   0.000000e+00
 6.296577e-03   5.467820e-03   0.000000e+00   6.114889e-03   7.521613e-03   0.000000e+00   0.000000e+00   0.000000e+00   8.775290e-02

# timestamp: 1774889339.6699884
 2.325539e-03   1.024918e-03   0.000000e+00   1.315408e-03   1.241096e-03   0.000000e+00   0.000000e+00   0.000000e+00   8.522098e-03
 1.024918e-03   2.339198e-03   0.000000e+00   9.784828e-04   1.597446e-03   0.000000e+00   0.000000e+00   0.000000e+00   8.086574e-03
 0.000000e+00   0.000000e+00   5.817388e-03   0.000000e+00   0.000000e+00   5.722674e-03  -4.263483e-03  -2.623028e-02   0.000000e+00
 1.315408e-03   9.784828e-04   0.000000e+00   1.345455e-03   1.185635e-03   0.000000e+00   0.000000e+00   0.000000e+00   8.112175e-03
 1.241096e-03   1.597446e-03   0.000000e+00   1.185635e-03   1.936897e-03   0.000000e+00   0.000000e+00   0.000000e+00   9.857371e-03
 0.000000e+00   0.000000e+00   5.722674e-03   0.000000e+00   0.000000e+00   6.955577e-03  -1.859682e-03  -3.427409e-02   0.000000e+00
 0.000000e+00   0.000000e+00  -4.263483e-03   0.000000e+00   0.000000e+00  -1.859682e-03   1.272691e-01  -5.700669e-02   0.000000e+00
 0.000000e+00   0.000000e+00  -2.623028e-02   0.000000e+00   0.000000e+00  -3.427409e-02  -5.700669e-02   2.699775e-01   0.000000e+00
 8.522098e-03   8.086574e-03   0.000000e+00   8.112175e-03   9.857371e-03   0.000000e+00   0.000000e+00   0.000000e+00   1.011782e-01

# timestamp: 1774889339.696171
 2.245024e-03   1.068556e-03   0.000000e+00   1.319730e-03   1.277440e-03   0.000000e+00   0.000000e+00   0.000000e+00   9.047071e-03
 1.068556e-03   2.271707e-03   0.000000e+00   1.023299e-03   1.613493e-03   0.000000e+00   0.000000e+00   0.000000e+00   8.813260e-03
 0.000000e+00   0.000000e+00   5.702086e-03   0.000000e+00   0.000000e+00   5.705817e-03  -4.918060e-03  -2.696393e-02   0.000000e+00
 1.319730e-03   1.023299e-03   0.000000e+00   1.373089e-03   1.226305e-03   0.000000e+00   0.000000e+00   0.000000e+00   8.448819e-03
 1.277440e-03   1.613493e-03   0.000000e+00   1.226305e-03   1.973961e-03   0.000000e+00   0.000000e+00   0.000000e+00   1.028256e-02
 0.000000e+00   0.000000e+00   5.705817e-03   0.000000e+00   0.000000e+00   6.981272e-03  -2.404533e-03  -3.479222e-02   0.000000e+00
 0.000000e+00   0.000000e+00  -4.918060e-03   0.000000e+00   0.000000e+00  -2.404533e-03   1.285765e-01  -5.694582e-02   0.000000e+00
 0.000000e+00   0.000000e+00  -2.696393e-02   0.000000e+00   0.000000e+00  -3.479222e-02  -5.694582e-02   2.722180e-01   0.000000e+00
 9.047071e-03   8.813260e-03   0.000000e+00   8.448819e-03   1.028256e-02   0.000000e+00   0.000000e+00   0.000000e+00   1.012401e-01

# timestamp: 1774889339.713333
 2.318358e-03   1.115154e-03   0.000000e+00   1.366758e-03   1.322173e-03   0.000000e+00   0.000000e+00   0.000000e+00   9.216879e-03
 1.115154e-03   2.356990e-03   0.000000e+00   1.066962e-03   1.672726e-03   0.000000e+00   0.000000e+00   0.000000e+00   9.019659e-03
 0.000000e+00   0.000000e+00   5.953146e-03   0.000000e+00   0.000000e+00   5.916499e-03  -4.966972e-03  -2.766045e-02   0.000000e+00
 1.366758e-03   1.066962e-03   0.000000e+00   1.411326e-03   1.267026e-03   0.000000e+00   0.000000e+00   0.000000e+00   8.666039e-03
 1.322173e-03   1.672726e-03   0.000000e+00   1.267026e-03   2.021403e-03   0.000000e+00   0.000000e+00   0.000000e+00   1.050680e-02
 0.000000e+00   0.000000e+00   5.916499e-03   0.000000e+00   0.000000e+00   7.146936e-03  -2.555150e-03  -3.526965e-02   0.000000e+00
 0.000000e+00   0.000000e+00  -4.966972e-03   0.000000e+00   0.000000e+00  -2.555150e-03   1.305693e-01  -5.694582e-02   0.000000e+00
 0.000000e+00   0.000000e+00  -2.766045e-02   0.000000e+00   0.000000e+00  -3.526965e-02  -5.694582e-02   2.742108e-01   0.000000e+00
 9.216879e-03   9.019659e-03   0.000000e+00   8.666039e-03   1.050680e-02   0.000000e+00   0.000000e+00   0.000000e+00   1.032330e-01

# timestamp: 1774889339.7354844
 2.392447e-03   1.162798e-03   0.000000e+00   1.414192e-03   1.367406e-03   0.000000e+00   0.000000e+00   0.000000e+00   9.388409e-03
 1.162798e-03   2.443331e-03   0.000000e+00   1.111205e-03   1.732451e-03   0.000000e+00   0.000000e+00   0.000000e+00   9.227369e-03
 0.000000e+00   0.000000e+00   6.208748e-03   0.000000e+00   0.000000e+00   6.128884e-03  -5.018117e-03  -2.835589e-02   0.000000e+00
 1.414192e-03   1.111205e-03   0.000000e+00   1.449899e-03   1.308075e-03   0.000000e+00   0.000000e+00   0.000000e+00   8.884135e-03
 1.367406e-03   1.732451e-03   0.000000e+00   1.308075e-03   2.069103e-03   0.000000e+00   0.000000e+00   0.000000e+00   1.073194e-02
 0.000000e+00   0.000000e+00   6.128884e-03   0.000000e+00   0.000000e+00   7.312806e-03  -2.707639e-03  -3.574421e-02   0.000000e+00
 0.000000e+00   0.000000e+00  -5.018117e-03   0.000000e+00   0.000000e+00  -2.707639e-03   1.325324e-01  -5.694582e-02   0.000000e+00
 0.000000e+00   0.000000e+00  -2.835589e-02   0.000000e+00   0.000000e+00  -3.574421e-02  -5.694582e-02   2.761739e-01   0.000000e+00
 9.388409e-03   9.227369e-03   0.000000e+00   8.884135e-03   1.073194e-02   0.000000e+00   0.000000e+00   0.000000e+00   1.051960e-01

# timestamp: 1774889339.756125
 2.483079e-03   1.221807e-03   0.000000e+00   1.472123e-03   1.422789e-03   0.000000e+00   0.000000e+00   0.000000e+00   9.598041e-03
 1.221807e-03   2.549185e-03   0.000000e+00   1.165497e-03   1.805364e-03   0.000000e+00   0.000000e+00   0.000000e+00   9.480254e-03
 0.000000e+00   0.000000e+00   6.523929e-03   0.000000e+00   0.000000e+00   6.388066e-03  -5.082800e-03  -2.919561e-02   0.000000e+00
 1.472123e-03   1.165497e-03   0.000000e+00   1.497027e-03   1.358189e-03   0.000000e+00   0.000000e+00   0.000000e+00   9.149365e-03
 1.422789e-03   1.805364e-03   0.000000e+00   1.358189e-03   2.127175e-03   0.000000e+00   0.000000e+00   0.000000e+00   1.100574e-02
 0.000000e+00   0.000000e+00   6.388066e-03   0.000000e+00   0.000000e+00   7.513820e-03  -2.894754e-03  -3.631496e-02   0.000000e+00
 0.000000e+00   0.000000e+00  -5.082800e-03   0.000000e+00   0.000000e+00  -2.894754e-03   1.348697e-01  -5.694582e-02   0.000000e+00
 0.000000e+00   0.000000e+00  -2.919561e-02   0.000000e+00   0.000000e+00  -3.631496e-02  -5.694582e-02   2.785112e-01   0.000000e+00
 9.598041e-03   9.480254e-03   0.000000e+00   9.149365e-03   1.100574e-02   0.000000e+00   0.000000e+00   0.000000e+00   1.075333e-01

# timestamp: 1774889339.9543588
 2.914353e-03   1.743669e-03   0.000000e+00   1.894056e-03   1.879283e-03   0.000000e+00   0.000000e+00   0.000000e+00   1.215082e-02
 1.743669e-03   3.195207e-03   0.000000e+00   1.686987e-03   2.378888e-03   0.000000e+00   0.000000e+00   0.000000e+00   1.297642e-02
 0.000000e+00   0.000000e+00   8.391968e-03   0.000000e+00   0.000000e+00   8.028035e-03  -6.914553e-03  -3.614594e-02   0.000000e+00
 1.894056e-03   1.686987e-03   0.000000e+00   1.920573e-03   1.818688e-03   0.000000e+00   0.000000e+00   0.000000e+00   1.186969e-02
 1.879283e-03   2.378888e-03   0.000000e+00   1.818688e-03   2.618867e-03   0.000000e+00   0.000000e+00   0.000000e+00   1.386925e-02
 0.000000e+00   0.000000e+00   8.028035e-03   0.000000e+00   0.000000e+00   8.809289e-03  -5.531013e-03  -4.072485e-02   0.000000e+00
 0.000000e+00   0.000000e+00  -6.914553e-03   0.000000e+00   0.000000e+00  -5.531013e-03   1.538888e-01  -5.637883e-02   0.000000e+00
 0.000000e+00   0.000000e+00  -3.614594e-02   0.000000e+00   0.000000e+00  -4.072485e-02  -5.637883e-02   2.978988e-01   0.000000e+00
 1.215082e-02   1.297642e-02   0.000000e+00   1.186969e-02   1.386925e-02   0.000000e+00   0.000000e+00   0.000000e+00   1.243938e-01

# timestamp: 1774889339.9739087
 2.992481e-03   1.802010e-03   0.000000e+00   1.947456e-03   1.929998e-03   0.000000e+00   0.000000e+00   0.000000e+00   1.234372e-02
 1.802010e-03   3.289206e-03   0.000000e+00   1.740260e-03   2.444034e-03   0.000000e+00   0.000000e+00   0.000000e+00   1.320162e-02
 0.000000e+00   0.000000e+00   8.670764e-03   0.000000e+00   0.000000e+00   8.246686e-03  -7.004749e-03  -3.680632e-02   0.000000e+00
 1.947456e-03   1.740260e-03   0.000000e+00   1.965347e-03   1.864434e-03   0.000000e+00   0.000000e+00   0.000000e+00   1.209588e-02
 1.929998e-03   2.444034e-03   0.000000e+00   1.864434e-03   2.668489e-03   0.000000e+00   0.000000e+00   0.000000e+00   1.408495e-02
 0.000000e+00   0.000000e+00   8.246686e-03   0.000000e+00   0.000000e+00   8.971733e-03  -5.713501e-03  -4.113698e-02   0.000000e+00
 0.000000e+00   0.000000e+00  -7.004749e-03   0.000000e+00   0.000000e+00  -5.713501e-03   1.555063e-01  -5.637883e-02   0.000000e+00
 0.000000e+00   0.000000e+00  -3.680632e-02   0.000000e+00   0.000000e+00  -4.113698e-02  -5.637883e-02   2.995163e-01   0.000000e+00
 1.234372e-02   1.320162e-02   0.000000e+00   1.209588e-02   1.408495e-02   0.000000e+00   0.000000e+00   0.000000e+00   1.260113e-01

# timestamp: 1774889340.003059
 2.897396e-03   1.838198e-03   0.000000e+00   1.955352e-03   1.959821e-03   0.000000e+00   0.000000e+00   0.000000e+00   1.291637e-02
 1.838198e-03   3.247037e-03   0.000000e+00   1.803205e-03   2.476032e-03   0.000000e+00   0.000000e+00   0.000000e+00   1.408678e-02
 0.000000e+00   0.000000e+00   8.380287e-03   0.000000e+00   0.000000e+00   8.064916e-03  -7.769754e-03  -3.697034e-02   0.000000e+00
 1.955352e-03   1.803205e-03   0.000000e+00   2.015818e-03   1.923627e-03   0.000000e+00   0.000000e+00   0.000000e+00   1.264777e-02
 1.959821e-03   2.476032e-03   0.000000e+00   1.923627e-03   2.719667e-03   0.000000e+00   0.000000e+00   0.000000e+00   1.470906e-02
 0.000000e+00   0.000000e+00   8.064916e-03   0.000000e+00   0.000000e+00   8.845649e-03  -6.504503e-03  -4.111974e-02   0.000000e+00
 0.000000e+00   0.000000e+00  -7.769754e-03   0.000000e+00   0.000000e+00  -6.504503e-03   1.583081e-01  -5.560121e-02   0.000000e+00
 0.000000e+00   0.000000e+00  -3.697034e-02   0.000000e+00   0.000000e+00  -4.111974e-02  -5.560121e-02   3.011498e-01   0.000000e+00
 1.291637e-02   1.408678e-02   0.000000e+00   1.264777e-02   1.470906e-02   0.000000e+00   0.000000e+00   0.000000e+00   1.284048e-01

# timestamp: 1774889340.0366757
 3.056458e-03   1.960750e-03   0.000000e+00   2.067382e-03   2.066605e-03   0.000000e+00   0.000000e+00   0.000000e+00   1.332335e-02
 1.960750e-03   3.439916e-03   0.000000e+00   1.916616e-03   2.612306e-03   0.000000e+00   0.000000e+00   0.000000e+00   1.455894e-02
 0.000000e+00   0.000000e+00   8.936787e-03   0.000000e+00   0.000000e+00   8.505731e-03  -7.980726e-03  -3.828558e-02   0.000000e+00
 2.067382e-03   1.916616e-03   0.000000e+00   2.110700e-03   2.020370e-03   0.000000e+00   0.000000e+00   0.000000e+00   1.311207e-02
 2.066605e-03   2.612306e-03   0.000000e+00   2.020370e-03   2.823900e-03   0.000000e+00   0.000000e+00   0.000000e+00   1.515045e-02
 0.000000e+00   0.000000e+00   8.505731e-03   0.000000e+00   0.000000e+00   9.177643e-03  -6.887077e-03  -4.194785e-02   0.000000e+00
 0.000000e+00   0.000000e+00  -7.980726e-03   0.000000e+00   0.000000e+00  -6.887077e-03   1.614832e-01  -5.560121e-02   0.000000e+00
 0.000000e+00   0.000000e+00  -3.828558e-02   0.000000e+00   0.000000e+00  -4.194785e-02  -5.560121e-02   3.043249e-01   0.000000e+00
 1.332335e-02   1.455894e-02   0.000000e+00   1.311207e-02   1.515045e-02   0.000000e+00   0.000000e+00   0.000000e+00   1.315799e-01

# timestamp: 1774889340.2831278
 3.868588e-03   2.823923e-03   0.000000e+00   2.791287e-03   2.834226e-03   0.000000e+00   0.000000e+00   0.000000e+00   1.720244e-02
 2.823923e-03   4.540299e-03   0.000000e+00   2.751213e-03   3.541935e-03   0.000000e+00   0.000000e+00   0.000000e+00   1.925617e-02
 0.000000e+00   0.000000e+00   1.132318e-02   0.000000e+00   0.000000e+00   1.045212e-02  -1.157186e-02  -4.423111e-02   0.000000e+00
 2.791287e-03   2.751213e-03   0.000000e+00   2.798971e-03   2.762055e-03   0.000000e+00   0.000000e+00   0.000000e+00   1.703658e-02
 2.834226e-03   3.541935e-03   0.000000e+00   2.762055e-03   3.625587e-03   0.000000e+00   0.000000e+00   0.000000e+00   1.937984e-02
 0.000000e+00   0.000000e+00   1.045212e-02   0.000000e+00   0.000000e+00   1.068182e-02  -1.103334e-02  -4.560010e-02   0.000000e+00
 0.000000e+00   0.000000e+00  -1.157186e-02   0.000000e+00   0.000000e+00  -1.103334e-02   1.849956e-01  -5.288448e-02   0.000000e+00
 0.000000e+00   0.000000e+00  -4.423111e-02   0.000000e+00   0.000000e+00  -4.560010e-02  -5.288448e-02   3.196581e-01   0.000000e+00
 1.720244e-02   1.925617e-02   0.000000e+00   1.703658e-02   1.937984e-02   0.000000e+00   0.000000e+00   0.000000e+00   1.554108e-01

# timestamp: 1774889340.3128395
 3.688060e-03   2.754727e-03   0.000000e+00   2.738076e-03   2.797842e-03   0.000000e+00   0.000000e+00   0.000000e+00   1.768711e-02
 2.754727e-03   4.344513e-03   0.000000e+00   2.727042e-03   3.471540e-03   0.000000e+00   0.000000e+00   0.000000e+00   1.983003e-02
 0.000000e+00   0.000000e+00   1.031036e-02   0.000000e+00   0.000000e+00   9.668386e-03  -1.268218e-02  -4.187270e-02   0.000000e+00
 2.738076e-03   2.727042e-03   0.000000e+00   2.804383e-03   2.770125e-03   0.000000e+00   0.000000e+00   0.000000e+00   1.751316e-02
 2.797842e-03   3.471540e-03   0.000000e+00   2.770125e-03   3.617932e-03   0.000000e+00   0.000000e+00   0.000000e+00   1.992529e-02
 0.000000e+00   0.000000e+00   9.668386e-03   0.000000e+00   0.000000e+00   1.007069e-02  -1.203187e-02  -4.368371e-02   0.000000e+00
 0.000000e+00   0.000000e+00  -1.268218e-02   0.000000e+00   0.000000e+00  -1.203187e-02   1.875670e-01  -5.114681e-02   0.000000e+00
 0.000000e+00   0.000000e+00  -4.187270e-02   0.000000e+00   0.000000e+00  -4.368371e-02  -5.114681e-02   3.143634e-01   0.000000e+00
 1.768711e-02   1.983003e-02   0.000000e+00   1.751316e-02   1.992529e-02   0.000000e+00   0.000000e+00   0.000000e+00   1.583474e-01

# timestamp: 1774889340.33148
 3.850204e-03   2.893489e-03   0.000000e+00   2.854381e-03   2.919853e-03   0.000000e+00   0.000000e+00   0.000000e+00   1.812224e-02
 2.893489e-03   4.543532e-03   0.000000e+00   2.848194e-03   3.621033e-03   0.000000e+00   0.000000e+00   0.000000e+00   2.032509e-02
 0.000000e+00   0.000000e+00   1.082050e-02   0.000000e+00   0.000000e+00   1.007784e-02  -1.298155e-02  -4.295622e-02   0.000000e+00
 2.854381e-03   2.848194e-03   0.000000e+00   2.898272e-03   2.874243e-03   0.000000e+00   0.000000e+00   0.000000e+00   1.792597e-02
 2.919853e-03   3.621033e-03   0.000000e+00   2.874243e-03   3.738973e-03   0.000000e+00   0.000000e+00   0.000000e+00   2.039588e-02
 0.000000e+00   0.000000e+00   1.007784e-02   0.000000e+00   0.000000e+00   1.039538e-02  -1.236965e-02  -4.448116e-02   0.000000e+00
 0.000000e+00   0.000000e+00  -1.298155e-02   0.000000e+00   0.000000e+00  -1.236965e-02   1.900329e-01  -5.114681e-02   0.000000e+00
 0.000000e+00   0.000000e+00  -4.295622e-02   0.000000e+00   0.000000e+00  -4.448116e-02  -5.114681e-02   3.168293e-01   0.000000e+00
 1.812224e-02   2.032509e-02   0.000000e+00   1.792597e-02   2.039588e-02   0.000000e+00   0.000000e+00   0.000000e+00   1.608133e-01

# timestamp: 1774889340.375574
 3.760762e-03   2.890426e-03   0.000000e+00   2.858098e-03   2.941143e-03   0.000000e+00   0.000000e+00   0.000000e+00   1.877488e-02
 2.890426e-03   4.447793e-03   0.000000e+00   2.876260e-03   3.618910e-03   0.000000e+00   0.000000e+00   0.000000e+00   2.105167e-02
 0.000000e+00   0.000000e+00   1.013656e-02   0.000000e+00   0.000000e+00   9.543597e-03  -1.412990e-02  -4.115850e-02   0.000000e+00
 2.858098e-03   2.876260e-03   0.000000e+00   2.945948e-03   2.928171e-03   0.000000e+00   0.000000e+00   0.000000e+00   1.857718e-02
 2.941143e-03   3.618910e-03   0.000000e+00   2.928171e-03   3.785259e-03   0.000000e+00   0.000000e+00   0.000000e+00   2.112910e-02
 0.000000e+00   0.000000e+00   9.543597e-03   0.000000e+00   0.000000e+00   9.971618e-03  -1.345107e-02  -4.294735e-02   0.000000e+00
 0.000000e+00   0.000000e+00  -1.412990e-02   0.000000e+00   0.000000e+00  -1.345107e-02   1.941437e-01  -4.976397e-02   0.000000e+00
 0.000000e+00   0.000000e+00  -4.115850e-02   0.000000e+00   0.000000e+00  -4.294735e-02  -4.976397e-02   3.125343e-01   0.000000e+00
 1.877488e-02   2.105167e-02   0.000000e+00   1.857718e-02   2.112910e-02   0.000000e+00   0.000000e+00   0.000000e+00   1.650748e-01

# timestamp: 1774889340.5636628
 4.701468e-03   3.794833e-03   0.000000e+00   3.579139e-03   3.784709e-03   0.000000e+00   0.000000e+00   0.000000e+00   2.218827e-02
 3.794833e-03   5.622422e-03   0.000000e+00   3.656103e-03   4.613631e-03   0.000000e+00   0.000000e+00   0.000000e+00   2.493637e-02
 0.000000e+00   0.000000e+00   1.246962e-02   0.000000e+00   0.000000e+00   1.146524e-02  -1.728069e-02  -4.543129e-02   0.000000e+00
 3.579139e-03   3.656103e-03   0.000000e+00   3.535006e-03   3.647335e-03   0.000000e+00   0.000000e+00   0.000000e+00   2.153177e-02
 3.784709e-03   4.613631e-03   0.000000e+00   3.647335e-03   4.679106e-03   0.000000e+00   0.000000e+00   0.000000e+00   2.501760e-02
 0.000000e+00   0.000000e+00   1.146524e-02   0.000000e+00   0.000000e+00   1.154963e-02  -1.628409e-02  -4.640888e-02   0.000000e+00
 0.000000e+00   0.000000e+00  -1.728069e-02   0.000000e+00   0.000000e+00  -1.628409e-02   2.126881e-01  -4.886260e-02   0.000000e+00
 0.000000e+00   0.000000e+00  -4.543129e-02   0.000000e+00   0.000000e+00  -4.640888e-02  -4.886260e-02   3.219446e-01   0.000000e+00
 2.218827e-02   2.493637e-02   0.000000e+00   2.153177e-02   2.501760e-02   0.000000e+00   0.000000e+00   0.000000e+00   1.834051e-01

# timestamp: 1774889340.5920975
 4.375703e-03   3.557912e-03   0.000000e+00   3.400434e-03   3.618666e-03   0.000000e+00   0.000000e+00   0.000000e+00   2.217921e-02
 3.557912e-03   5.223401e-03   0.000000e+00   3.482961e-03   4.386347e-03   0.000000e+00   0.000000e+00   0.000000e+00   2.488729e-02
 0.000000e+00   0.000000e+00   1.104151e-02   0.000000e+00   0.000000e+00   1.033145e-02  -1.785111e-02  -4.199553e-02   0.000000e+00
 3.400434e-03   3.482961e-03   0.000000e+00   3.432210e-03   3.543461e-03   0.000000e+00   0.000000e+00   0.000000e+00   2.159027e-02
 3.618666e-03   4.386347e-03   0.000000e+00   3.543461e-03   4.557250e-03   0.000000e+00   0.000000e+00   0.000000e+00   2.516392e-02
 0.000000e+00   0.000000e+00   1.033145e-02   0.000000e+00   0.000000e+00   1.065034e-02  -1.676190e-02  -4.368904e-02   0.000000e+00
 0.000000e+00   0.000000e+00  -1.785111e-02   0.000000e+00   0.000000e+00  -1.676190e-02   2.153779e-01  -4.857582e-02   0.000000e+00
 0.000000e+00   0.000000e+00  -4.199553e-02   0.000000e+00   0.000000e+00  -4.368904e-02  -4.857582e-02   3.140635e-01   0.000000e+00
 2.217921e-02   2.488729e-02   0.000000e+00   2.159027e-02   2.516392e-02   0.000000e+00   0.000000e+00   0.000000e+00   1.852631e-01

# timestamp: 1774889340.675357
 5.053872e-03   4.183384e-03   0.000000e+00   3.867851e-03   4.181745e-03   0.000000e+00   0.000000e+00   0.000000e+00   2.400742e-02
 4.183384e-03   6.080287e-03   0.000000e+00   3.984608e-03   5.069917e-03   0.000000e+00   0.000000e+00   0.000000e+00   2.703472e-02
 0.000000e+00   0.000000e+00   1.294364e-02   0.000000e+00   0.000000e+00   1.187777e-02  -1.927055e-02  -4.570617e-02   0.000000e+00
 3.867851e-03   3.984608e-03   0.000000e+00   3.772396e-03   3.984281e-03   0.000000e+00   0.000000e+00   0.000000e+00   2.300294e-02
 4.181745e-03   5.069917e-03   0.000000e+00   3.984281e-03   5.143130e-03   0.000000e+00   0.000000e+00   0.000000e+00   2.725525e-02
 0.000000e+00   0.000000e+00   1.187777e-02   0.000000e+00   0.000000e+00   1.191404e-02  -1.786334e-02  -4.683846e-02   0.000000e+00
 0.000000e+00   0.000000e+00  -1.927055e-02   0.000000e+00   0.000000e+00  -1.786334e-02   2.236013e-01  -4.857582e-02   0.000000e+00
 0.000000e+00   0.000000e+00  -4.570617e-02   0.000000e+00   0.000000e+00  -4.683846e-02  -4.857582e-02   3.222870e-01   0.000000e+00
 2.400742e-02   2.703472e-02   0.000000e+00   2.300294e-02   2.725525e-02   0.000000e+00   0.000000e+00   0.000000e+00   1.934865e-01

# timestamp: 1774889340.863884
 5.548451e-03   4.773837e-03   0.000000e+00   4.286573e-03   4.791618e-03   0.000000e+00   0.000000e+00   0.000000e+00   2.685995e-02
 4.773837e-03   6.761673e-03   0.000000e+00   4.481573e-03   5.778894e-03   0.000000e+00   0.000000e+00   0.000000e+00   3.041665e-02
 0.000000e+00   0.000000e+00   1.341938e-02   0.000000e+00   0.000000e+00   1.229519e-02  -2.250702e-02  -4.540408e-02   0.000000e+00
 4.286573e-03   4.481573e-03   0.000000e+00   4.118770e-03   4.499234e-03   0.000000e+00   0.000000e+00   0.000000e+00   2.529780e-02
 4.791618e-03   5.778894e-03   0.000000e+00   4.499234e-03   5.876418e-03   0.000000e+00   0.000000e+00   0.000000e+00   3.079221e-02
 0.000000e+00   0.000000e+00   1.229519e-02   0.000000e+00   0.000000e+00   1.227943e-02  -2.040141e-02  -4.679143e-02   0.000000e+00
 0.000000e+00   0.000000e+00  -2.250702e-02   0.000000e+00   0.000000e+00  -2.040141e-02   2.427837e-01  -4.949344e-02   0.000000e+00
 0.000000e+00   0.000000e+00  -4.540408e-02   0.000000e+00   0.000000e+00  -4.679143e-02  -4.949344e-02   3.217328e-01   0.000000e+00
 2.685995e-02   3.041665e-02   0.000000e+00   2.529780e-02   3.079221e-02   0.000000e+00   0.000000e+00   0.000000e+00   2.095375e-01

# timestamp: 1774889340.8800344
 5.007795e-03   4.299298e-03   0.000000e+00   3.938020e-03   4.417215e-03   0.000000e+00   0.000000e+00   0.000000e+00   2.604702e-02
 4.299298e-03   6.069067e-03   0.000000e+00   4.110688e-03   5.301882e-03   0.000000e+00   0.000000e+00   0.000000e+00   2.938758e-02
 0.000000e+00   0.000000e+00   1.164529e-02   0.000000e+00   0.000000e+00   1.087348e-02  -2.232738e-02  -4.143114e-02   0.000000e+00
 3.938020e-03   4.110688e-03   0.000000e+00   3.878800e-03   4.224433e-03   0.000000e+00   0.000000e+00   0.000000e+00   2.470946e-02
 4.417215e-03   5.301882e-03   0.000000e+00   4.224433e-03   5.541162e-03   0.000000e+00   0.000000e+00   0.000000e+00   3.010441e-02
 0.000000e+00   0.000000e+00   1.087348e-02   0.000000e+00   0.000000e+00   1.113933e-02  -2.025774e-02  -4.360405e-02   0.000000e+00
 0.000000e+00   0.000000e+00  -2.232738e-02   0.000000e+00   0.000000e+00  -2.025774e-02   2.442102e-01  -5.056266e-02   0.000000e+00
 0.000000e+00   0.000000e+00  -4.143114e-02   0.000000e+00   0.000000e+00  -4.360405e-02  -5.056266e-02   3.131210e-01   0.000000e+00
 2.604702e-02   2.938758e-02   0.000000e+00   2.470946e-02   3.010441e-02   0.000000e+00   0.000000e+00   0.000000e+00   2.084337e-01

# timestamp: 1774889340.900266
 5.174486e-03   4.459775e-03   0.000000e+00   4.056727e-03   4.557357e-03   0.000000e+00   0.000000e+00   0.000000e+00   2.650801e-02
 4.459775e-03   6.287255e-03   0.000000e+00   4.241900e-03   5.474567e-03   0.000000e+00   0.000000e+00   0.000000e+00   2.994945e-02
 0.000000e+00   0.000000e+00   1.207312e-02   0.000000e+00   0.000000e+00   1.121873e-02  -2.270539e-02  -4.224458e-02   0.000000e+00
 4.056727e-03   4.241900e-03   0.000000e+00   3.967818e-03   4.335213e-03   0.000000e+00   0.000000e+00   0.000000e+00   2.507654e-02
 4.557357e-03   5.474567e-03   0.000000e+00   4.335213e-03   5.683582e-03   0.000000e+00   0.000000e+00   0.000000e+00   3.059000e-02
 0.000000e+00   0.000000e+00   1.121873e-02   0.000000e+00   0.000000e+00   1.141611e-02  -2.057036e-02  -4.424357e-02   0.000000e+00
 0.000000e+00   0.000000e+00  -2.270539e-02   0.000000e+00   0.000000e+00  -2.057036e-02   2.460667e-01  -5.056266e-02   0.000000e+00
 0.000000e+00   0.000000e+00  -4.224458e-02   0.000000e+00   0.000000e+00  -4.424357e-02  -5.056266e-02   3.149774e-01   0.000000e+00
 2.650801e-02   2.994945e-02   0.000000e+00   2.507654e-02   3.059000e-02   0.000000e+00   0.000000e+00   0.000000e+00   2.102902e-01

# timestamp: 1774889340.9266837
 5.440250e-03   4.717199e-03   0.000000e+00   4.244642e-03   4.779637e-03   0.000000e+00   0.000000e+00   0.000000e+00   2.723211e-02
 4.717199e-03   6.636399e-03   0.000000e+00   4.450240e-03   5.748653e-03   0.000000e+00   0.000000e+00   0.000000e+00   3.083338e-02
 0.000000e+00   0.000000e+00   1.275821e-02   0.000000e+00   0.000000e+00   1.176631e-02  -2.329957e-02  -4.352198e-02   0.000000e+00
 4.244642e-03   4.450240e-03   0.000000e+00   4.107647e-03   4.509425e-03   0.000000e+00   0.000000e+00   0.000000e+00   2.564922e-02
 4.779637e-03   5.748653e-03   0.000000e+00   4.509425e-03   5.907676e-03   0.000000e+00   0.000000e+00   0.000000e+00   3.134756e-02
 0.000000e+00   0.000000e+00   1.176631e-02   0.000000e+00   0.000000e+00   1.185100e-02  -2.105903e-02  -4.523854e-02   0.000000e+00
 0.000000e+00   0.000000e+00  -2.329957e-02   0.000000e+00   0.000000e+00  -2.105903e-02   2.489299e-01  -5.056266e-02   0.000000e+00
 0.000000e+00   0.000000e+00  -4.352198e-02   0.000000e+00   0.000000e+00  -4.523854e-02  -5.056266e-02   3.178407e-01   0.000000e+00
 2.723211e-02   3.083338e-02   0.000000e+00   2.564922e-02   3.134756e-02   0.000000e+00   0.000000e+00   0.000000e+00   2.131535e-01

# timestamp: 1774889340.9461608
 5.619844e-03   4.892219e-03   0.000000e+00   4.370703e-03   4.929042e-03   0.000000e+00   0.000000e+00   0.000000e+00   2.771436e-02
 4.892219e-03   6.873208e-03   0.000000e+00   4.590430e-03   5.933011e-03   0.000000e+00   0.000000e+00   0.000000e+00   3.142301e-02
 0.000000e+00   0.000000e+00   1.322318e-02   0.000000e+00   0.000000e+00   1.213433e-02  -2.369560e-02  -4.437248e-02   0.000000e+00
 4.370703e-03   4.590430e-03   0.000000e+00   4.200699e-03   4.625486e-03   0.000000e+00   0.000000e+00   0.000000e+00   2.602752e-02
 4.929042e-03   5.933011e-03   0.000000e+00   4.625486e-03   6.057050e-03   0.000000e+00   0.000000e+00   0.000000e+00   3.184799e-02
 0.000000e+00   0.000000e+00   1.213433e-02   0.000000e+00   0.000000e+00   1.214046e-02  -2.138244e-02  -4.589410e-02   0.000000e+00
 0.000000e+00   0.000000e+00  -2.369560e-02   0.000000e+00   0.000000e+00  -2.138244e-02   2.508010e-01  -5.056266e-02   0.000000e+00
 0.000000e+00   0.000000e+00  -4.437248e-02   0.000000e+00   0.000000e+00  -4.589410e-02  -5.056266e-02   3.197117e-01   0.000000e+00
 2.771436e-02   3.142301e-02   0.000000e+00   2.602752e-02   3.184799e-02   0.000000e+00   0.000000e+00   0.000000e+00   2.150245e-01

# timestamp: 1774889341.1722515
 6.228064e-03   5.529988e-03   0.000000e+00   4.889216e-03   5.467092e-03   0.000000e+00   0.000000e+00   0.000000e+00   3.045241e-02
 5.529988e-03   7.614876e-03   0.000000e+00   5.156969e-03   6.534522e-03   0.000000e+00   0.000000e+00   0.000000e+00   3.440109e-02
 0.000000e+00   0.000000e+00   1.395524e-02   0.000000e+00   0.000000e+00   1.259699e-02  -2.753922e-02  -4.357565e-02   0.000000e+00
 4.889216e-03   5.156969e-03   0.000000e+00   4.656285e-03   5.099402e-03   0.000000e+00   0.000000e+00   0.000000e+00   2.853183e-02
 5.467092e-03   6.534522e-03   0.000000e+00   5.099402e-03   6.539553e-03   0.000000e+00   0.000000e+00   0.000000e+00   3.421851e-02
 0.000000e+00   0.000000e+00   1.259699e-02   0.000000e+00   0.000000e+00   1.235664e-02  -2.500808e-02  -4.417405e-02   0.000000e+00
 0.000000e+00   0.000000e+00  -2.753922e-02   0.000000e+00   0.000000e+00  -2.500808e-02   2.725196e-01  -5.322103e-02   0.000000e+00
 0.000000e+00   0.000000e+00  -4.357565e-02   0.000000e+00   0.000000e+00  -4.417405e-02  -5.322103e-02   3.183800e-01   0.000000e+00
 3.045241e-02   3.440109e-02   0.000000e+00   2.853183e-02   3.421851e-02   0.000000e+00   0.000000e+00   0.000000e+00   2.286388e-01

# timestamp: 1774889341.2143545
 5.852464e-03   5.152562e-03   0.000000e+00   4.673604e-03   5.137581e-03   0.000000e+00   0.000000e+00   0.000000e+00   2.988933e-02
 5.152562e-03   7.036060e-03   0.000000e+00   4.887349e-03   6.078738e-03   0.000000e+00   0.000000e+00   0.000000e+00   3.337462e-02
 0.000000e+00   0.000000e+00   1.270692e-02   0.000000e+00   0.000000e+00   1.156703e-02  -2.801136e-02  -4.022934e-02   0.000000e+00
 4.673604e-03   4.887349e-03   0.000000e+00   4.539491e-03   4.873636e-03   0.000000e+00   0.000000e+00   0.000000e+00   2.831959e-02
 5.137581e-03   6.078738e-03   0.000000e+00   4.873636e-03   6.154271e-03   0.000000e+00   0.000000e+00   0.000000e+00   3.322902e-02
 0.000000e+00   0.000000e+00   1.156703e-02   0.000000e+00   0.000000e+00   1.148312e-02  -2.578758e-02  -4.093982e-02   0.000000e+00
 0.000000e+00   0.000000e+00  -2.801136e-02   0.000000e+00   0.000000e+00  -2.578758e-02   2.766720e-01  -5.457395e-02   0.000000e+00
 0.000000e+00   0.000000e+00  -4.022934e-02   0.000000e+00   0.000000e+00  -4.093982e-02  -5.457395e-02   3.111981e-01   0.000000e+00
 2.988933e-02   3.337462e-02   0.000000e+00   2.831959e-02   3.322902e-02   0.000000e+00   0.000000e+00   0.000000e+00   2.276956e-01

# timestamp: 1774889341.246501
 6.164905e-03   5.455574e-03   0.000000e+00   4.920470e-03   5.358850e-03   0.000000e+00   0.000000e+00   0.000000e+00   3.073516e-02
 5.455574e-03   7.432858e-03   0.000000e+00   5.156973e-03   6.346721e-03   0.000000e+00   0.000000e+00   0.000000e+00   3.436407e-02
 0.000000e+00   0.000000e+00   1.343567e-02   0.000000e+00   0.000000e+00   1.211569e-02  -2.878242e-02  -4.144749e-02   0.000000e+00
 4.920470e-03   5.156973e-03   0.000000e+00   4.750842e-03   5.066085e-03   0.000000e+00   0.000000e+00   0.000000e+00   2.915328e-02
 5.358850e-03   6.346721e-03   0.000000e+00   5.066085e-03   6.322693e-03   0.000000e+00   0.000000e+00   0.000000e+00   3.379662e-02
 0.000000e+00   0.000000e+00   1.211569e-02   0.000000e+00   0.000000e+00   1.187981e-02  -2.666413e-02  -4.151567e-02   0.000000e+00
 0.000000e+00   0.000000e+00  -2.878242e-02   0.000000e+00   0.000000e+00  -2.666413e-02   2.796372e-01  -5.457395e-02   0.000000e+00
 0.000000e+00   0.000000e+00  -4.144749e-02   0.000000e+00   0.000000e+00  -4.151567e-02  -5.457395e-02   3.141632e-01   0.000000e+00
 3.073516e-02   3.436407e-02   0.000000e+00   2.915328e-02   3.379662e-02   0.000000e+00   0.000000e+00   0.000000e+00   2.306607e-01

# timestamp: 1774889341.2646773
 6.434970e-03   5.717713e-03   0.000000e+00   5.131945e-03   5.548020e-03   0.000000e+00   0.000000e+00   0.000000e+00   3.145516e-02
 5.717713e-03   7.773456e-03   0.000000e+00   5.387138e-03   6.574129e-03   0.000000e+00   0.000000e+00   0.000000e+00   3.519622e-02
 0.000000e+00   0.000000e+00   1.406403e-02   0.000000e+00   0.000000e+00   1.258317e-02  -2.944168e-02  -4.246893e-02   0.000000e+00
 5.131945e-03   5.387138e-03   0.000000e+00   4.930175e-03   5.228326e-03   0.000000e+00   0.000000e+00   0.000000e+00   2.984984e-02
 5.548020e-03   6.574129e-03   0.000000e+00   5.228326e-03   6.464071e-03   0.000000e+00   0.000000e+00   0.000000e+00   3.427085e-02
 0.000000e+00   0.000000e+00   1.258317e-02   0.000000e+00   0.000000e+00   1.221477e-02  -2.739612e-02  -4.199672e-02   0.000000e+00
 0.000000e+00   0.000000e+00  -2.944168e-02   0.000000e+00   0.000000e+00  -2.739612e-02   2.820887e-01  -5.457395e-02   0.000000e+00
 0.000000e+00   0.000000e+00  -4.246893e-02   0.000000e+00   0.000000e+00  -4.199672e-02  -5.457395e-02   3.166148e-01   0.000000e+00
 3.145516e-02   3.519622e-02   0.000000e+00   2.984984e-02   3.427085e-02   0.000000e+00   0.000000e+00   0.000000e+00   2.331123e-01

# timestamp: 1774889341.4442303
 6.609998e-03   5.719059e-03   0.000000e+00   5.489978e-03   5.303958e-03   0.000000e+00   0.000000e+00   0.000000e+00   3.259925e-02
 5.719059e-03   7.491621e-03   0.000000e+00   5.570485e-03   6.061920e-03   0.000000e+00   0.000000e+00   0.000000e+00   3.489327e-02
 0.000000e+00   0.000000e+00   1.360968e-02   0.000000e+00   0.000000e+00   1.202122e-02  -3.349738e-02  -3.806766e-02   0.000000e+00
 5.489978e-03   5.570485e-03   0.000000e+00   5.440065e-03   5.165212e-03   0.000000e+00   0.000000e+00   0.000000e+00   3.201518e-02
 5.303958e-03   6.061920e-03   0.000000e+00   5.165212e-03   5.730544e-03   0.000000e+00   0.000000e+00   0.000000e+00   3.218604e-02
 0.000000e+00   0.000000e+00   1.202122e-02   0.000000e+00   0.000000e+00   1.153832e-02  -3.303962e-02  -3.509662e-02   0.000000e+00
 0.000000e+00   0.000000e+00  -3.349738e-02   0.000000e+00   0.000000e+00  -3.303962e-02   2.995881e-01  -5.749002e-02   0.000000e+00
 0.000000e+00   0.000000e+00  -3.806766e-02   0.000000e+00   0.000000e+00  -3.509662e-02  -5.749002e-02   3.090362e-01   0.000000e+00
 3.259925e-02   3.489327e-02   0.000000e+00   3.201518e-02   3.218604e-02   0.000000e+00   0.000000e+00   0.000000e+00   2.365995e-01

# timestamp: 1774889341.4636867
 6.869826e-03   5.954706e-03   0.000000e+00   5.709423e-03   5.447998e-03   0.000000e+00   0.000000e+00   0.000000e+00   3.328827e-02
 5.954706e-03   7.775068e-03   0.000000e+00   5.790622e-03   6.219868e-03   0.000000e+00   0.000000e+00   0.000000e+00   3.558244e-02
 0.000000e+00   0.000000e+00   1.415190e-02   0.000000e+00   0.000000e+00   1.241252e-02  -3.420925e-02  -3.881827e-02   0.000000e+00
 5.709423e-03   5.790622e-03   0.000000e+00   5.641645e-03   5.296806e-03   0.000000e+00   0.000000e+00   0.000000e+00   3.274822e-02
 5.447998e-03   6.219868e-03   0.000000e+00   5.296806e-03   5.796746e-03   0.000000e+00   0.000000e+00   0.000000e+00   3.242207e-02
 0.000000e+00   0.000000e+00   1.241252e-02   0.000000e+00   0.000000e+00   1.181637e-02  -3.390964e-02  -3.522744e-02   0.000000e+00
 0.000000e+00   0.000000e+00  -3.420925e-02   0.000000e+00   0.000000e+00  -3.390964e-02   3.017241e-01  -5.749002e-02   0.000000e+00
 0.000000e+00   0.000000e+00  -3.881827e-02   0.000000e+00   0.000000e+00  -3.522744e-02  -5.749002e-02   3.111723e-01   0.000000e+00
 3.328827e-02   3.558244e-02   0.000000e+00   3.274822e-02   3.242207e-02   0.000000e+00   0.000000e+00   0.000000e+00   2.387356e-01

# timestamp: 1774889341.4932895
 6.221360e-03   5.269810e-03   0.000000e+00   5.274889e-03   4.868894e-03   0.000000e+00   0.000000e+00   0.000000e+00   3.185573e-02
 5.269810e-03   6.802974e-03   0.000000e+00   5.244899e-03   5.461199e-03   0.000000e+00   0.000000e+00   0.000000e+00   3.331928e-02
 0.000000e+00   0.000000e+00   1.245066e-02   0.000000e+00   0.000000e+00   1.108262e-02  -3.375590e-02  -3.495537e-02   0.000000e+00
 5.274889e-03   5.244899e-03   0.000000e+00   5.348482e-03   4.845154e-03   0.000000e+00   0.000000e+00   0.000000e+00   3.177924e-02
 4.868894e-03   5.461199e-03   0.000000e+00   4.845154e-03   5.175840e-03   0.000000e+00   0.000000e+00   0.000000e+00   3.040933e-02
 0.000000e+00   0.000000e+00   1.108262e-02   0.000000e+00   0.000000e+00   1.077534e-02  -3.407052e-02  -3.159844e-02   0.000000e+00
 0.000000e+00   0.000000e+00  -3.375590e-02   0.000000e+00   0.000000e+00  -3.407052e-02   3.038197e-01  -6.040598e-02   0.000000e+00
 0.000000e+00   0.000000e+00  -3.495537e-02   0.000000e+00   0.000000e+00  -3.159844e-02  -6.040598e-02   3.044310e-01   0.000000e+00
 3.185573e-02   3.331928e-02   0.000000e+00   3.177924e-02   3.040933e-02   0.000000e+00   0.000000e+00   0.000000e+00   2.341332e-01

# timestamp: 1774889341.5074086
 6.359433e-03   5.390651e-03   0.000000e+00   5.397044e-03   4.938059e-03   0.000000e+00   0.000000e+00   0.000000e+00   3.223387e-02
 5.390651e-03   6.945167e-03   0.000000e+00   5.363564e-03   5.534683e-03   0.000000e+00   0.000000e+00   0.000000e+00   3.368017e-02
 0.000000e+00   0.000000e+00   1.272734e-02   0.000000e+00   0.000000e+00   1.128533e-02  -3.416153e-02  -3.533011e-02   0.000000e+00
 5.397044e-03   5.363564e-03   0.000000e+00   5.465879e-03   4.911915e-03   0.000000e+00   0.000000e+00   0.000000e+00   3.220609e-02
 4.938059e-03   5.534683e-03   0.000000e+00   4.911915e-03   5.198831e-03   0.000000e+00   0.000000e+00   0.000000e+00   3.049348e-02
 0.000000e+00   0.000000e+00   1.128533e-02   0.000000e+00   0.000000e+00   1.092388e-02  -3.460231e-02  -3.159805e-02   0.000000e+00
 0.000000e+00   0.000000e+00  -3.416153e-02   0.000000e+00   0.000000e+00  -3.460231e-02   3.050056e-01  -6.040598e-02   0.000000e+00
 0.000000e+00   0.000000e+00  -3.533011e-02   0.000000e+00   0.000000e+00  -3.159805e-02  -6.040598e-02   3.056170e-01   0.000000e+00
 3.223387e-02   3.368017e-02   0.000000e+00   3.220609e-02   3.049348e-02   0.000000e+00   0.000000e+00   0.000000e+00   2.353192e-01

# timestamp: 1774889341.5242977
 6.587409e-03   5.589520e-03   0.000000e+00   5.597719e-03   5.051138e-03   0.000000e+00   0.000000e+00   0.000000e+00   3.285204e-02
 5.589520e-03   7.177326e-03   0.000000e+00   5.557294e-03   5.653613e-03   0.000000e+00   0.000000e+00   0.000000e+00   3.426218e-02
 0.000000e+00   0.000000e+00   1.318208e-02   0.000000e+00   0.000000e+00   1.161662e-02  -3.482643e-02  -3.593231e-02   0.000000e+00
 5.597719e-03   5.557294e-03   0.000000e+00   5.657796e-03   5.019843e-03   0.000000e+00   0.000000e+00   0.000000e+00   3.289662e-02
 5.051138e-03   5.653613e-03   0.000000e+00   5.019843e-03   5.235906e-03   0.000000e+00   0.000000e+00   0.000000e+00   3.062961e-02
 0.000000e+00   0.000000e+00   1.161662e-02   0.000000e+00   0.000000e+00   1.116664e-02  -3.546147e-02  -3.159832e-02   0.000000e+00
 0.000000e+00   0.000000e+00  -3.482643e-02   0.000000e+00   0.000000e+00  -3.546147e-02   3.069114e-01  -6.040598e-02   0.000000e+00
 0.000000e+00   0.000000e+00  -3.593231e-02   0.000000e+00   0.000000e+00  -3.159832e-02  -6.040598e-02   3.075228e-01   0.000000e+00
 3.285204e-02   3.426218e-02   0.000000e+00   3.289662e-02   3.062961e-02   0.000000e+00   0.000000e+00   0.000000e+00   2.372250e-01

# timestamp: 1774889341.540047
 6.843592e-03   5.812048e-03   0.000000e+00   5.821782e-03   5.176604e-03   0.000000e+00   0.000000e+00   0.000000e+00   3.353776e-02
 5.812048e-03   7.434504e-03   0.000000e+00   5.771871e-03   5.783902e-03   0.000000e+00   0.000000e+00   0.000000e+00   3.489692e-02
 0.000000e+00   0.000000e+00   1.369008e-02   0.000000e+00   0.000000e+00   1.198413e-02  -3.556646e-02  -3.658610e-02   0.000000e+00
 5.821782e-03   5.771871e-03   0.000000e+00   5.870733e-03   5.137918e-03   0.000000e+00   0.000000e+00   0.000000e+00   3.365273e-02
 5.176604e-03   5.783902e-03   0.000000e+00   5.137918e-03   5.276333e-03   0.000000e+00   0.000000e+00   0.000000e+00   3.077867e-02
 0.000000e+00   0.000000e+00   1.198413e-02   0.000000e+00   0.000000e+00   1.143589e-02  -3.640066e-02  -3.159988e-02   0.000000e+00
 0.000000e+00   0.000000e+00  -3.556646e-02   0.000000e+00   0.000000e+00  -3.640066e-02   3.089805e-01  -6.040598e-02   0.000000e+00
 0.000000e+00   0.000000e+00  -3.658610e-02   0.000000e+00   0.000000e+00  -3.159988e-02  -6.040598e-02   3.095918e-01   0.000000e+00
 3.353776e-02   3.489692e-02   0.000000e+00   3.365273e-02   3.077867e-02   0.000000e+00   0.000000e+00   0.000000e+00   2.392941e-01

# timestamp: 1774889341.7595057
 7.535249e-03   6.046113e-03   0.000000e+00   6.724180e-03   4.842798e-03   0.000000e+00   0.000000e+00   0.000000e+00   3.597217e-02
 6.046113e-03   7.249578e-03   0.000000e+00   6.224246e-03   5.083488e-03   0.000000e+00   0.000000e+00   0.000000e+00   3.458775e-02
 0.000000e+00   0.000000e+00   1.412346e-02   0.000000e+00   0.000000e+00   1.220398e-02  -4.027605e-02  -3.363308e-02   0.000000e+00
 6.724180e-03   6.224246e-03   0.000000e+00   7.006669e-03   4.976333e-03   0.000000e+00   0.000000e+00   0.000000e+00   3.757049e-02
 4.842798e-03   5.083488e-03   0.000000e+00   4.976333e-03   4.238640e-03   0.000000e+00   0.000000e+00   0.000000e+00   2.717642e-02
 0.000000e+00   0.000000e+00   1.220398e-02   0.000000e+00   0.000000e+00   1.170183e-02  -4.426069e-02  -2.384007e-02   0.000000e+00
 0.000000e+00   0.000000e+00  -4.027605e-02   0.000000e+00   0.000000e+00  -4.426069e-02   3.273403e-01  -6.734891e-02   0.000000e+00
 0.000000e+00   0.000000e+00  -3.363308e-02   0.000000e+00   0.000000e+00  -2.384007e-02  -6.734891e-02   3.149032e-01   0.000000e+00
 3.597217e-02   3.458775e-02   0.000000e+00   3.757049e-02   2.717642e-02   0.000000e+00   0.000000e+00   0.000000e+00   2.451098e-01

# timestamp: 1774889341.7850232
 6.822425e-03   5.342176e-03   0.000000e+00   6.219111e-03   4.283256e-03   0.000000e+00   0.000000e+00   0.000000e+00   3.441285e-02
 5.342176e-03   6.324672e-03   0.000000e+00   5.633721e-03   4.415218e-03   0.000000e+00   0.000000e+00   0.000000e+00   3.236542e-02
 0.000000e+00   0.000000e+00   1.248293e-02   0.000000e+00   0.000000e+00   1.097567e-02  -3.882295e-02  -3.080877e-02   0.000000e+00
 6.219111e-03   5.633721e-03   0.000000e+00   6.648302e-03   4.511344e-03   0.000000e+00   0.000000e+00   0.000000e+00   3.646072e-02
 4.283256e-03   4.415218e-03   0.000000e+00   4.511344e-03   3.734011e-03   0.000000e+00   0.000000e+00   0.000000e+00   2.529121e-02
 0.000000e+00   0.000000e+00   1.097567e-02   0.000000e+00   0.000000e+00   1.082139e-02  -4.371873e-02  -2.102915e-02   0.000000e+00
 0.000000e+00   0.000000e+00  -3.882295e-02   0.000000e+00   0.000000e+00  -4.371873e-02   3.270213e-01  -7.130624e-02   0.000000e+00
 0.000000e+00   0.000000e+00  -3.080877e-02   0.000000e+00   0.000000e+00  -2.102915e-02  -7.130624e-02   3.124901e-01   0.000000e+00
 3.441285e-02   3.236542e-02   0.000000e+00   3.646072e-02   2.529121e-02   0.000000e+00   0.000000e+00   0.000000e+00   2.406176e-01

# timestamp: 1774889341.8199234
 7.342660e-03   5.724054e-03   0.000000e+00   6.688444e-03   4.462845e-03   0.000000e+00   0.000000e+00   0.000000e+00   3.580276e-02
 5.724054e-03   6.699584e-03   0.000000e+00   6.004769e-03   4.563147e-03   0.000000e+00   0.000000e+00   0.000000e+00   3.331661e-02
 0.000000e+00   0.000000e+00   1.336753e-02   0.000000e+00   0.000000e+00   1.163788e-02  -4.049243e-02  -3.159420e-02   0.000000e+00
 6.688444e-03   6.004769e-03   0.000000e+00   7.101725e-03   4.672694e-03   0.000000e+00   0.000000e+00   0.000000e+00   3.792983e-02
 4.462845e-03   4.563147e-03   0.000000e+00   4.672694e-03   3.749072e-03   0.000000e+00   0.000000e+00   0.000000e+00   2.534545e-02
 0.000000e+00   0.000000e+00   1.163788e-02   0.000000e+00   0.000000e+00   1.137493e-02  -4.569423e-02  -2.066839e-02   0.000000e+00
 0.000000e+00   0.000000e+00  -4.049243e-02   0.000000e+00   0.000000e+00  -4.569423e-02   3.307794e-01  -7.130624e-02   0.000000e+00
 0.000000e+00   0.000000e+00  -3.159420e-02   0.000000e+00   0.000000e+00  -2.066839e-02  -7.130624e-02   3.162481e-01   0.000000e+00
 3.580276e-02   3.331661e-02   0.000000e+00   3.792983e-02   2.534545e-02   0.000000e+00   0.000000e+00   0.000000e+00   2.443757e-01

# timestamp: 1774889341.8374517
 7.525347e-03   5.856873e-03   0.000000e+00   6.851668e-03   4.524580e-03   0.000000e+00   0.000000e+00   0.000000e+00   3.628210e-02
 5.856873e-03   6.827751e-03   0.000000e+00   6.131791e-03   4.612907e-03   0.000000e+00   0.000000e+00   0.000000e+00   3.363593e-02
 0.000000e+00   0.000000e+00   1.367566e-02   0.000000e+00   0.000000e+00   1.186708e-02  -4.107011e-02  -3.185417e-02   0.000000e+00
 6.851668e-03   6.131791e-03   0.000000e+00   7.257699e-03   4.726924e-03   0.000000e+00   0.000000e+00   0.000000e+00   3.842690e-02
 4.524580e-03   4.612907e-03   0.000000e+00   4.726924e-03   3.754125e-03   0.000000e+00   0.000000e+00   0.000000e+00   2.536380e-02
 0.000000e+00   0.000000e+00   1.186708e-02   0.000000e+00   0.000000e+00   1.156579e-02  -4.636104e-02  -2.054764e-02   0.000000e+00
 0.000000e+00   0.000000e+00  -4.107011e-02   0.000000e+00   0.000000e+00  -4.636104e-02   3.320390e-01  -7.130624e-02   0.000000e+00
 0.000000e+00   0.000000e+00  -3.185417e-02   0.000000e+00   0.000000e+00  -2.054764e-02  -7.130624e-02   3.175078e-01   0.000000e+00
 3.628210e-02   3.363593e-02   0.000000e+00   3.842690e-02   2.536380e-02   0.000000e+00   0.000000e+00   0.000000e+00   2.456354e-01

# timestamp: 1774889341.8600223
 7.876248e-03   6.110369e-03   0.000000e+00   7.163261e-03   4.641328e-03   0.000000e+00   0.000000e+00   0.000000e+00   3.719025e-02
 6.110369e-03   7.069661e-03   0.000000e+00   6.371775e-03   4.705764e-03   0.000000e+00   0.000000e+00   0.000000e+00   3.423092e-02
 0.000000e+00   0.000000e+00   1.426448e-02   0.000000e+00   0.000000e+00   1.230321e-02  -4.216673e-02  -3.233425e-02   0.000000e+00
 7.163261e-03   6.371775e-03   0.000000e+00   7.553421e-03   4.828069e-03   0.000000e+00   0.000000e+00   0.000000e+00   3.935930e-02
 4.641328e-03   4.705764e-03   0.000000e+00   4.828069e-03   3.763539e-03   0.000000e+00   0.000000e+00   0.000000e+00   2.539823e-02
 0.000000e+00   0.000000e+00   1.230321e-02   0.000000e+00   0.000000e+00   1.192825e-02  -4.760940e-02  -2.032313e-02   0.000000e+00
 0.000000e+00   0.000000e+00  -4.216673e-02   0.000000e+00   0.000000e+00  -4.760940e-02   3.343838e-01  -7.130624e-02   0.000000e+00
 0.000000e+00   0.000000e+00  -3.233425e-02   0.000000e+00   0.000000e+00  -2.032313e-02  -7.130624e-02   3.198526e-01   0.000000e+00
 3.719025e-02   3.423092e-02   0.000000e+00   3.935930e-02   2.539823e-02   0.000000e+00   0.000000e+00   0.000000e+00   2.479801e-01

# timestamp: 1774889342.0576098
 8.531681e-03   6.171525e-03   0.000000e+00   7.957922e-03   4.281138e-03   0.000000e+00   0.000000e+00   0.000000e+00   3.953162e-02
 6.171525e-03   6.657219e-03   0.000000e+00   6.527095e-03   4.049872e-03   0.000000e+00   0.000000e+00   0.000000e+00   3.340787e-02
 0.000000e+00   0.000000e+00   1.441057e-02   0.000000e+00   0.000000e+00   1.241808e-02  -4.449585e-02  -3.071292e-02   0.000000e+00
 7.957922e-03   6.527095e-03   0.000000e+00   8.498884e-03   4.513921e-03   0.000000e+00   0.000000e+00   0.000000e+00   4.236642e-02
 4.281138e-03   4.049872e-03   0.000000e+00   4.513921e-03   3.032160e-03   0.000000e+00   0.000000e+00   0.000000e+00   2.254614e-02
 0.000000e+00   0.000000e+00   1.241808e-02   0.000000e+00   0.000000e+00   1.234216e-02  -5.217470e-02  -1.502782e-02   0.000000e+00
 0.000000e+00   0.000000e+00  -4.449585e-02   0.000000e+00   0.000000e+00  -5.217470e-02   3.425448e-01  -7.901785e-02   0.000000e+00
 0.000000e+00   0.000000e+00  -3.071292e-02   0.000000e+00   0.000000e+00  -1.502782e-02  -7.901785e-02   3.343764e-01   0.000000e+00
 3.953162e-02   3.340787e-02   0.000000e+00   4.236642e-02   2.254614e-02   0.000000e+00   0.000000e+00   0.000000e+00   2.537079e-01

# timestamp: 1774889342.083226
 7.639945e-03   5.457150e-03   0.000000e+00   7.279042e-03   3.770597e-03   0.000000e+00   0.000000e+00   0.000000e+00   3.749882e-02
 5.457150e-03   5.878165e-03   0.000000e+00   5.920300e-03   3.548738e-03   0.000000e+00   0.000000e+00   0.000000e+00   3.150996e-02
 0.000000e+00   0.000000e+00   1.269934e-02   0.000000e+00   0.000000e+00   1.106011e-02  -4.099227e-02  -2.986574e-02   0.000000e+00
 7.279042e-03   5.920300e-03   0.000000e+00   7.982900e-03   4.081716e-03   0.000000e+00   0.000000e+00   0.000000e+00   4.085153e-02
 3.770597e-03   3.548738e-03   0.000000e+00   4.081716e-03   2.695698e-03   0.000000e+00   0.000000e+00   0.000000e+00   2.107851e-02
 0.000000e+00   0.000000e+00   1.106011e-02   0.000000e+00   0.000000e+00   1.130704e-02  -4.968878e-02  -1.388073e-02   0.000000e+00
 0.000000e+00   0.000000e+00  -4.099227e-02   0.000000e+00   0.000000e+00  -4.968878e-02   3.352265e-01  -8.158671e-02   0.000000e+00
 0.000000e+00   0.000000e+00  -2.986574e-02   0.000000e+00   0.000000e+00  -1.388073e-02  -8.158671e-02   3.365027e-01   0.000000e+00
 3.749882e-02   3.150996e-02   0.000000e+00   4.085153e-02   2.107851e-02   0.000000e+00   0.000000e+00   0.000000e+00   2.488649e-01

# timestamp: 1774889342.113523
 8.103374e-03   5.744643e-03   0.000000e+00   7.682755e-03   3.911600e-03   0.000000e+00   0.000000e+00   0.000000e+00   3.869956e-02
 5.744643e-03   6.116946e-03   0.000000e+00   6.180096e-03   3.645102e-03   0.000000e+00   0.000000e+00   0.000000e+00   3.212593e-02
 0.000000e+00   0.000000e+00   1.338672e-02   0.000000e+00   0.000000e+00   1.159415e-02  -4.245356e-02  -3.026919e-02   0.000000e+00
 7.682755e-03   6.180096e-03   0.000000e+00   8.348066e-03   4.196887e-03   0.000000e+00   0.000000e+00   0.000000e+00   4.194942e-02
 3.911600e-03   3.645102e-03   0.000000e+00   4.196887e-03   2.721756e-03   0.000000e+00   0.000000e+00   0.000000e+00   2.121581e-02
 0.000000e+00   0.000000e+00   1.159415e-02   0.000000e+00   0.000000e+00   1.176608e-02  -5.111986e-02  -1.370905e-02   0.000000e+00
 0.000000e+00   0.000000e+00  -4.245356e-02   0.000000e+00   0.000000e+00  -5.111986e-02   3.381433e-01  -8.158671e-02   0.000000e+00
 0.000000e+00   0.000000e+00  -3.026919e-02   0.000000e+00   0.000000e+00  -1.370905e-02  -8.158671e-02   3.394195e-01   0.000000e+00
 3.869956e-02   3.212593e-02   0.000000e+00   4.194942e-02   2.121581e-02   0.000000e+00   0.000000e+00   0.000000e+00   2.517818e-01

# timestamp: 1774889342.1263266
 8.306818e-03   5.869889e-03   0.000000e+00   7.858416e-03   3.972521e-03   0.000000e+00   0.000000e+00   0.000000e+00   3.921808e-02
 5.869889e-03   6.219595e-03   0.000000e+00   6.291738e-03   3.686167e-03   0.000000e+00   0.000000e+00   0.000000e+00   3.238763e-02
 0.000000e+00   0.000000e+00   1.368720e-02   0.000000e+00   0.000000e+00   1.182620e-02  -4.308556e-02  -3.043795e-02   0.000000e+00
 7.858416e-03   6.291738e-03   0.000000e+00   8.505278e-03   4.245919e-03   0.000000e+00   0.000000e+00   0.000000e+00   4.241664e-02
 3.972521e-03   3.686167e-03   0.000000e+00   4.245919e-03   2.732814e-03   0.000000e+00   0.000000e+00   0.000000e+00   2.127425e-02
 0.000000e+00   0.000000e+00   1.182620e-02   0.000000e+00   0.000000e+00   1.196379e-02  -5.172788e-02  -1.363690e-02   0.000000e+00
 0.000000e+00   0.000000e+00  -4.308556e-02   0.000000e+00   0.000000e+00  -5.172788e-02   3.393760e-01  -8.158671e-02   0.000000e+00
 0.000000e+00   0.000000e+00  -3.043795e-02   0.000000e+00   0.000000e+00  -1.363690e-02  -8.158671e-02   3.406522e-01   0.000000e+00
 3.921808e-02   3.238763e-02   0.000000e+00   4.241664e-02   2.127425e-02   0.000000e+00   0.000000e+00   0.000000e+00   2.530144e-01

# timestamp: 1774889342.1391532
 8.511972e-03   5.995648e-03   0.000000e+00   8.034712e-03   4.033386e-03   0.000000e+00   0.000000e+00   0.000000e+00   3.973572e-02
 5.995648e-03   6.321941e-03   0.000000e+00   6.403038e-03   3.726906e-03   0.000000e+00   0.000000e+00   0.000000e+00   3.264673e-02
 0.000000e+00   0.000000e+00   1.398954e-02   0.000000e+00   0.000000e+00   1.205890e-02  -4.371695e-02  -3.060370e-02   0.000000e+00
 8.034712e-03   6.403038e-03   0.000000e+00   8.662201e-03   4.294544e-03   0.000000e+00   0.000000e+00   0.000000e+00   4.288017e-02
 4.033386e-03   3.726906e-03   0.000000e+00   4.294544e-03   2.743758e-03   0.000000e+00   0.000000e+00   0.000000e+00   2.133222e-02
 0.000000e+00   0.000000e+00   1.205890e-02   0.000000e+00   0.000000e+00   1.216117e-02  -5.233043e-02  -1.356595e-02   0.000000e+00
 0.000000e+00   0.000000e+00  -4.371695e-02   0.000000e+00   0.000000e+00  -5.233043e-02   3.405930e-01  -8.158671e-02   0.000000e+00
 0.000000e+00   0.000000e+00  -3.060370e-02   0.000000e+00   0.000000e+00  -1.356595e-02  -8.158671e-02   3.418692e-01   0.000000e+00
 3.973572e-02   3.264673e-02   0.000000e+00   4.288017e-02   2.133222e-02   0.000000e+00   0.000000e+00   0.000000e+00   2.542315e-01

# timestamp: 1774889342.1555297
 8.738692e-03   6.134020e-03   0.000000e+00   8.228603e-03   4.100008e-03   0.000000e+00   0.000000e+00   0.000000e+00   4.030183e-02
 6.134020e-03   6.433754e-03   0.000000e+00   6.524619e-03   3.771186e-03   0.000000e+00   0.000000e+00   0.000000e+00   3.292774e-02
 0.000000e+00   0.000000e+00   1.432291e-02   0.000000e+00   0.000000e+00   1.231463e-02  -4.440795e-02  -3.078203e-02   0.000000e+00
 8.228603e-03   6.524619e-03   0.000000e+00   8.833840e-03   4.347376e-03   0.000000e+00   0.000000e+00   0.000000e+00   4.338409e-02
 4.100008e-03   3.771186e-03   0.000000e+00   4.347376e-03   2.755625e-03   0.000000e+00   0.000000e+00   0.000000e+00   2.139524e-02
 0.000000e+00   0.000000e+00   1.231463e-02   0.000000e+00   0.000000e+00   1.237710e-02  -5.298472e-02  -1.348952e-02   0.000000e+00
 0.000000e+00   0.000000e+00  -4.440795e-02   0.000000e+00   0.000000e+00  -5.298472e-02   3.419094e-01  -8.158671e-02   0.000000e+00
 0.000000e+00   0.000000e+00  -3.078203e-02   0.000000e+00   0.000000e+00  -1.348952e-02  -8.158671e-02   3.431856e-01   0.000000e+00
 4.030183e-02   3.292774e-02   0.000000e+00   4.338409e-02   2.139524e-02   0.000000e+00   0.000000e+00   0.000000e+00   2.555479e-01

# timestamp: 1774889342.3434572
 9.135193e-03   6.015411e-03   0.000000e+00   8.736041e-03   3.694153e-03   0.000000e+00   0.000000e+00   0.000000e+00   4.167915e-02
 6.015411e-03   5.969891e-03   0.000000e+00   6.455299e-03   3.217178e-03   0.000000e+00   0.000000e+00   0.000000e+00   3.175061e-02
 0.000000e+00   0.000000e+00   1.416877e-02   0.000000e+00   0.000000e+00   1.212284e-02  -4.445191e-02  -3.067940e-02   0.000000e+00
 8.736041e-03   6.455299e-03   0.000000e+00   9.454239e-03   3.950898e-03   0.000000e+00   0.000000e+00   0.000000e+00   4.516758e-02
 3.694153e-03   3.217178e-03   0.000000e+00   3.950898e-03   2.234870e-03   0.000000e+00   0.000000e+00   0.000000e+00   1.889074e-02
 0.000000e+00   0.000000e+00   1.212284e-02   0.000000e+00   0.000000e+00   1.250942e-02  -5.473759e-02  -9.936011e-03   0.000000e+00
 0.000000e+00   0.000000e+00  -4.445191e-02   0.000000e+00   0.000000e+00  -5.473759e-02   3.402403e-01  -8.641492e-02   0.000000e+00
 0.000000e+00   0.000000e+00  -3.067940e-02   0.000000e+00   0.000000e+00  -9.936011e-03  -8.641492e-02   3.611462e-01   0.000000e+00
 4.167915e-02   3.175061e-02   0.000000e+00   4.516758e-02   1.889074e-02   0.000000e+00   0.000000e+00   0.000000e+00   2.581736e-01

# timestamp: 1774889342.3631227
 9.527941e-03   6.230351e-03   0.000000e+00   9.072747e-03   3.780125e-03   0.000000e+00   0.000000e+00   0.000000e+00   4.263050e-02
 6.230351e-03   6.126530e-03   0.000000e+00   6.641900e-03   3.266142e-03   0.000000e+00   0.000000e+00   0.000000e+00   3.214619e-02
 0.000000e+00   0.000000e+00   1.470482e-02   0.000000e+00   0.000000e+00   1.253540e-02  -4.560539e-02  -3.088563e-02   0.000000e+00
 9.072747e-03   6.641900e-03   0.000000e+00   9.750936e-03   4.015004e-03   0.000000e+00   0.000000e+00   0.000000e+00   4.600633e-02
 3.780125e-03   3.266142e-03   0.000000e+00   4.015004e-03   2.239482e-03   0.000000e+00   0.000000e+00   0.000000e+00   1.890803e-02
 0.000000e+00   0.000000e+00   1.253540e-02   0.000000e+00   0.000000e+00   1.287011e-02  -5.583576e-02  -9.680941e-03   0.000000e+00
 0.000000e+00   0.000000e+00  -4.560539e-02   0.000000e+00   0.000000e+00  -5.583576e-02   3.423337e-01  -8.641492e-02   0.000000e+00
 0.000000e+00   0.000000e+00  -3.088563e-02   0.000000e+00   0.000000e+00  -9.680941e-03  -8.641492e-02   3.632396e-01   0.000000e+00
 4.263050e-02   3.214619e-02   0.000000e+00   4.600633e-02   1.890803e-02   0.000000e+00   0.000000e+00   0.000000e+00   2.602670e-01

# timestamp: 1774889342.3882666
 8.550088e-03   5.493166e-03   0.000000e+00   8.301595e-03   3.289062e-03   0.000000e+00   0.000000e+00   0.000000e+00   4.044718e-02
 5.493166e-03   5.387633e-03   0.000000e+00   5.994113e-03   2.823875e-03   0.000000e+00   0.000000e+00   0.000000e+00   3.014389e-02
 0.000000e+00   0.000000e+00   1.300696e-02   0.000000e+00   0.000000e+00   1.122767e-02  -4.272748e-02  -2.933928e-02   0.000000e+00
 8.301595e-03   5.994113e-03   0.000000e+00   9.142476e-03   3.579196e-03   0.000000e+00   0.000000e+00   0.000000e+00   4.429722e-02
 3.289062e-03   2.823875e-03   0.000000e+00   3.579196e-03   1.965699e-03   0.000000e+00   0.000000e+00   0.000000e+00   1.741685e-02
 0.000000e+00   0.000000e+00   1.122767e-02   0.000000e+00   0.000000e+00   1.193819e-02  -5.397496e-02  -7.782534e-03   0.000000e+00
 0.000000e+00   0.000000e+00  -4.272748e-02   0.000000e+00   0.000000e+00  -5.397496e-02   3.368984e-01  -8.985505e-02   0.000000e+00
 0.000000e+00   0.000000e+00  -2.933928e-02   0.000000e+00   0.000000e+00  -7.782534e-03  -8.985505e-02   3.652761e-01   0.000000e+00
 4.044718e-02   3.014389e-02   0.000000e+00   4.429722e-02   1.741685e-02   0.000000e+00   0.000000e+00   0.000000e+00   2.549890e-01

# timestamp: 1774889342.410955
 8.879303e-03   5.666070e-03   0.000000e+00   8.591804e-03   3.346732e-03   0.000000e+00   0.000000e+00   0.000000e+00   4.126867e-02
 5.666070e-03   5.510816e-03   0.000000e+00   6.149231e-03   2.853742e-03   0.000000e+00   0.000000e+00   0.000000e+00   3.046474e-02
 0.000000e+00   0.000000e+00   1.344506e-02   0.000000e+00   0.000000e+00   1.157062e-02  -4.372902e-02  -2.948072e-02   0.000000e+00
 8.591804e-03   6.149231e-03   0.000000e+00   9.405829e-03   3.620736e-03   0.000000e+00   0.000000e+00   0.000000e+00   4.504717e-02
 3.346732e-03   2.853742e-03   0.000000e+00   3.620736e-03   1.960255e-03   0.000000e+00   0.000000e+00   0.000000e+00   1.736316e-02
 0.000000e+00   0.000000e+00   1.157062e-02   0.000000e+00   0.000000e+00   1.225577e-02  -5.498350e-02  -7.442728e-03   0.000000e+00
 0.000000e+00   0.000000e+00  -4.372902e-02   0.000000e+00   0.000000e+00  -5.498350e-02   3.387425e-01  -8.985505e-02   0.000000e+00
 0.000000e+00   0.000000e+00  -2.948072e-02   0.000000e+00   0.000000e+00  -7.442728e-03  -8.985505e-02   3.671202e-01   0.000000e+00
 4.126867e-02   3.046474e-02   0.000000e+00   4.504717e-02   1.736316e-02   0.000000e+00   0.000000e+00   0.000000e+00   2.568331e-01

# timestamp: 1774889342.4305792
 9.135610e-03   5.799546e-03   0.000000e+00   8.816299e-03   3.390762e-03   0.000000e+00   0.000000e+00   0.000000e+00   4.189947e-02
 5.799546e-03   5.604799e-03   0.000000e+00   6.267787e-03   2.876241e-03   0.000000e+00   0.000000e+00   0.000000e+00   3.070699e-02
 0.000000e+00   0.000000e+00   1.378510e-02   0.000000e+00   0.000000e+00   1.183604e-02  -4.449920e-02  -2.958373e-02   0.000000e+00
 8.816299e-03   6.267787e-03   0.000000e+00   9.608110e-03   3.651971e-03   0.000000e+00   0.000000e+00   0.000000e+00   4.561857e-02
 3.390762e-03   2.876241e-03   0.000000e+00   3.651971e-03   1.956149e-03   0.000000e+00   0.000000e+00   0.000000e+00   1.732226e-02
 0.000000e+00   0.000000e+00   1.183604e-02   0.000000e+00   0.000000e+00   1.250019e-02  -5.575063e-02  -7.185237e-03   0.000000e+00
 0.000000e+00   0.000000e+00  -4.449920e-02   0.000000e+00   0.000000e+00  -5.575063e-02   3.401385e-01  -8.985505e-02   0.000000e+00
 0.000000e+00   0.000000e+00  -2.958373e-02   0.000000e+00   0.000000e+00  -7.185237e-03  -8.985505e-02   3.685162e-01   0.000000e+00
 4.189947e-02   3.070699e-02   0.000000e+00   4.561857e-02   1.732226e-02   0.000000e+00   0.000000e+00   0.000000e+00   2.582291e-01

# timestamp: 1774889342.6426458
 1.023144e-02   5.803098e-03   0.000000e+00   9.956366e-03   2.765333e-03   0.000000e+00   0.000000e+00   0.000000e+00   4.504378e-02
 5.803098e-03   5.125611e-03   0.000000e+00   6.253842e-03   2.183848e-03   0.000000e+00   0.000000e+00   0.000000e+00   2.902336e-02
 0.000000e+00   0.000000e+00   1.442910e-02   0.000000e+00   0.000000e+00   1.257627e-02  -4.940072e-02  -2.531646e-02   0.000000e+00
 9.956366e-03   6.253842e-03   0.000000e+00   1.081013e-02   2.964431e-03   0.000000e+00   0.000000e+00   0.000000e+00   4.896794e-02
 2.765333e-03   2.183848e-03   0.000000e+00   2.964431e-03   1.362672e-03   0.000000e+00   0.000000e+00   0.000000e+00   1.306645e-02
 0.000000e+00   0.000000e+00   1.257627e-02   0.000000e+00   0.000000e+00   1.402842e-02  -6.280134e-02   2.258574e-03   0.000000e+00
 0.000000e+00   0.000000e+00  -4.940072e-02   0.000000e+00   0.000000e+00  -6.280134e-02   3.491146e-01  -9.773948e-02   0.000000e+00
 0.000000e+00   0.000000e+00  -2.531646e-02   0.000000e+00   0.000000e+00   2.258574e-03  -9.773948e-02   3.848749e-01   0.000000e+00
 4.504378e-02   2.902336e-02   0.000000e+00   4.896794e-02   1.306645e-02   0.000000e+00   0.000000e+00   0.000000e+00   2.636393e-01

# timestamp: 1774889342.6570766
 1.047890e-02   5.909455e-03   0.000000e+00   1.017431e-02   2.774121e-03   0.000000e+00   0.000000e+00   0.000000e+00   4.562004e-02
 5.909455e-03   5.188700e-03   0.000000e+00   6.346604e-03   2.183149e-03   0.000000e+00   0.000000e+00   0.000000e+00   2.917628e-02
 0.000000e+00   0.000000e+00   1.473848e-02   0.000000e+00   0.000000e+00   1.282661e-02  -5.014000e-02  -2.528873e-02   0.000000e+00
 1.017431e-02   6.346604e-03   0.000000e+00   1.100721e-02   2.962134e-03   0.000000e+00   0.000000e+00   0.000000e+00   4.949425e-02
 2.774121e-03   2.183149e-03   0.000000e+00   2.962134e-03   1.348992e-03   0.000000e+00   0.000000e+00   0.000000e+00   1.291523e-02
 0.000000e+00   0.000000e+00   1.282661e-02   0.000000e+00   0.000000e+00   1.428382e-02  -6.355360e-02   2.673581e-03   0.000000e+00
 0.000000e+00   0.000000e+00  -5.014000e-02   0.000000e+00   0.000000e+00  -6.355360e-02   3.502882e-01  -9.773948e-02   0.000000e+00
 0.000000e+00   0.000000e+00  -2.528873e-02   0.000000e+00   0.000000e+00   2.673581e-03  -9.773948e-02   3.860486e-01   0.000000e+00
 4.562004e-02   2.917628e-02   0.000000e+00   4.949425e-02   1.291523e-02   0.000000e+00   0.000000e+00   0.000000e+00   2.648130e-01

# timestamp: 1774889342.6888187
 1.116477e-02   6.199548e-03   0.000000e+00   1.077362e-02   2.795602e-03   0.000000e+00   0.000000e+00   0.000000e+00   4.718733e-02
 6.199548e-03   5.357674e-03   0.000000e+00   6.596339e-03   2.180152e-03   0.000000e+00   0.000000e+00   0.000000e+00   2.957798e-02
 0.000000e+00   0.000000e+00   1.559391e-02   0.000000e+00   0.000000e+00   1.351745e-02  -5.215440e-02  -2.519435e-02   0.000000e+00
 1.077362e-02   6.596339e-03   0.000000e+00   1.154480e-02   2.953014e-03   0.000000e+00   0.000000e+00   0.000000e+00   5.091554e-02
 2.795602e-03   2.180152e-03   0.000000e+00   2.953014e-03   1.313249e-03   0.000000e+00   0.000000e+00   0.000000e+00   1.250685e-02
 0.000000e+00   0.000000e+00   1.351745e-02   0.000000e+00   0.000000e+00   1.498418e-02  -6.557934e-02   3.787629e-03   0.000000e+00
 0.000000e+00   0.000000e+00  -5.215440e-02   0.000000e+00   0.000000e+00  -6.557934e-02   3.534281e-01  -9.773948e-02   0.000000e+00
 0.000000e+00   0.000000e+00  -2.519435e-02   0.000000e+00   0.000000e+00   3.787629e-03  -9.773948e-02   3.891884e-01   0.000000e+00
 4.718733e-02   2.957798e-02   0.000000e+00   5.091554e-02   1.250685e-02   0.000000e+00   0.000000e+00   0.000000e+00   2.679528e-01

# timestamp: 1774889342.9339576
 1.116054e-02   5.018631e-03   0.000000e+00   1.103240e-02   1.150303e-03   0.000000e+00   0.000000e+00   0.000000e+00   4.778795e-02
 5.018631e-03   3.877237e-03   0.000000e+00   5.432101e-03   9.742606e-04   0.000000e+00   0.000000e+00   0.000000e+00   2.392571e-02
 0.000000e+00   0.000000e+00   1.451176e-02   0.000000e+00   0.000000e+00   1.349762e-02  -5.588410e-02  -1.471650e-02   0.000000e+00
 1.103240e-02   5.432101e-03   0.000000e+00   1.202881e-02   1.227508e-03   0.000000e+00   0.000000e+00   0.000000e+00   5.203661e-02
 1.150303e-03   9.742606e-04   0.000000e+00   1.227508e-03   6.664797e-04   0.000000e+00   0.000000e+00   0.000000e+00   4.445656e-03
 0.000000e+00   0.000000e+00   1.349762e-02   0.000000e+00   0.000000e+00   1.708869e-02  -7.296409e-02   2.124854e-02   0.000000e+00
 0.000000e+00   0.000000e+00  -5.588410e-02   0.000000e+00   0.000000e+00  -7.296409e-02   3.558509e-01  -1.100326e-01   0.000000e+00
 0.000000e+00   0.000000e+00  -1.471650e-02   0.000000e+00   0.000000e+00   2.124854e-02  -1.100326e-01   4.060736e-01   0.000000e+00
 4.778795e-02   2.392571e-02   0.000000e+00   5.203661e-02   4.445656e-03   0.000000e+00   0.000000e+00   0.000000e+00   2.652889e-01

# timestamp: 1774889342.9735212
 1.237378e-02   5.353285e-03   0.000000e+00   1.209568e-02   9.754259e-04   0.000000e+00   0.000000e+00   0.000000e+00   5.046361e-02
 5.353285e-03   4.022800e-03   0.000000e+00   5.702199e-03   8.939789e-04   0.000000e+00   0.000000e+00   0.000000e+00   2.412298e-02
 0.000000e+00   0.000000e+00   1.598732e-02   0.000000e+00   0.000000e+00   1.483953e-02  -5.964372e-02  -1.358256e-02   0.000000e+00
 1.209568e-02   5.702199e-03   0.000000e+00   1.297559e-02   1.010653e-03   0.000000e+00   0.000000e+00   0.000000e+00   5.440944e-02
 9.754259e-04   8.939789e-04   0.000000e+00   1.010653e-03   6.355830e-04   0.000000e+00   0.000000e+00   0.000000e+00   3.182711e-03
 0.000000e+00   0.000000e+00   1.483953e-02   0.000000e+00   0.000000e+00   1.863121e-02  -7.665634e-02   2.414799e-02   0.000000e+00
 0.000000e+00   0.000000e+00  -5.964372e-02   0.000000e+00   0.000000e+00  -7.665634e-02   3.608953e-01  -1.100326e-01   0.000000e+00
 0.000000e+00   0.000000e+00  -1.358256e-02   0.000000e+00   0.000000e+00   2.414799e-02  -1.100326e-01   4.111180e-01   0.000000e+00
 5.046361e-02   2.412298e-02   0.000000e+00   5.440944e-02   3.182711e-03   0.000000e+00   0.000000e+00   0.000000e+00   2.703333e-01

# timestamp: 1774889343.0254462
 1.149897e-02   4.709948e-03   0.000000e+00   1.140411e-02   5.281980e-04   0.000000e+00   0.000000e+00   0.000000e+00   4.873785e-02
 4.709948e-03   3.489473e-03   0.000000e+00   5.096270e-03   6.349037e-04   0.000000e+00   0.000000e+00   0.000000e+00   2.208995e-02
 0.000000e+00   0.000000e+00   1.460798e-02   0.000000e+00   0.000000e+00   1.389132e-02  -5.752749e-02  -1.150685e-02   0.000000e+00
 1.140411e-02   5.096270e-03   0.000000e+00   1.242986e-02   5.536361e-04   0.000000e+00   0.000000e+00   0.000000e+00   5.301465e-02
 5.281980e-04   6.349037e-04   0.000000e+00   5.536361e-04   5.694792e-04   0.000000e+00   0.000000e+00   0.000000e+00   1.350224e-03
 0.000000e+00   0.000000e+00   1.389132e-02   0.000000e+00   0.000000e+00   1.832500e-02  -7.557240e-02   2.767870e-02   0.000000e+00
 0.000000e+00   0.000000e+00  -5.752749e-02   0.000000e+00   0.000000e+00  -7.557240e-02   3.542828e-01  -1.119860e-01   0.000000e+00
 0.000000e+00   0.000000e+00  -1.150685e-02   0.000000e+00   0.000000e+00   2.767870e-02  -1.119860e-01   4.151535e-01   0.000000e+00
 4.873785e-02   2.208995e-02   0.000000e+00   5.301465e-02   1.350224e-03   0.000000e+00   0.000000e+00   0.000000e+00   2.659711e-01

# timestamp: 1774889343.227133
 1.247819e-02   4.115077e-03   0.000000e+00   1.236194e-02  -6.414407e-04   0.000000e+00   0.000000e+00   0.000000e+00   5.099674e-02
 4.115077e-03   2.850271e-03   0.000000e+00   4.416852e-03   1.654400e-04   0.000000e+00   0.000000e+00   0.000000e+00   1.843764e-02
 0.000000e+00   0.000000e+00   1.507892e-02   0.000000e+00   0.000000e+00   1.464534e-02  -5.925569e-02  -8.015397e-03   0.000000e+00
 1.236194e-02   4.416852e-03   0.000000e+00   1.336473e-02  -7.094977e-04   0.000000e+00   0.000000e+00   0.000000e+00   5.506455e-02
-6.414407e-04   1.654400e-04   0.000000e+00  -7.094977e-04   5.903655e-04   0.000000e+00   0.000000e+00   0.000000e+00  -4.046989e-03
 0.000000e+00   0.000000e+00   1.464534e-02   0.000000e+00   0.000000e+00   2.026393e-02  -7.701252e-02   3.619491e-02   0.000000e+00
 0.000000e+00   0.000000e+00  -5.925569e-02   0.000000e+00   0.000000e+00  -7.701252e-02   3.392184e-01  -1.029616e-01   0.000000e+00
 0.000000e+00   0.000000e+00  -8.015397e-03   0.000000e+00   0.000000e+00   3.619491e-02  -1.029616e-01   4.320547e-01   0.000000e+00
 5.099674e-02   1.843764e-02   0.000000e+00   5.506455e-02  -4.046989e-03   0.000000e+00   0.000000e+00   0.000000e+00   2.672267e-01

# timestamp: 1774889343.2500072
 1.295894e-02   4.184319e-03   0.000000e+00   1.277501e-02  -7.310252e-04   0.000000e+00   0.000000e+00   0.000000e+00   5.201700e-02
 4.184319e-03   2.874673e-03   0.000000e+00   4.461734e-03   1.494049e-04   0.000000e+00   0.000000e+00   0.000000e+00   1.836062e-02
 0.000000e+00   0.000000e+00   1.564640e-02   0.000000e+00   0.000000e+00   1.520314e-02  -6.068287e-02  -7.342283e-03   0.000000e+00
 1.277501e-02   4.461734e-03   0.000000e+00   1.371993e-02  -8.045419e-04   0.000000e+00   0.000000e+00   0.000000e+00   5.591928e-02
-7.310252e-04   1.494049e-04   0.000000e+00  -8.045419e-04   6.046799e-04   0.000000e+00   0.000000e+00   0.000000e+00  -4.441422e-03
 0.000000e+00   0.000000e+00   1.520314e-02   0.000000e+00   0.000000e+00   2.086788e-02  -7.824773e-02   3.715933e-02   0.000000e+00
 0.000000e+00   0.000000e+00  -6.068287e-02   0.000000e+00   0.000000e+00  -7.824773e-02   3.410617e-01  -1.029616e-01   0.000000e+00
 0.000000e+00   0.000000e+00  -7.342283e-03   0.000000e+00   0.000000e+00   3.715933e-02  -1.029616e-01   4.338980e-01   0.000000e+00
 5.201700e-02   1.836062e-02   0.000000e+00   5.591928e-02  -4.441422e-03   0.000000e+00   0.000000e+00   0.000000e+00   2.690700e-01

# timestamp: 1774889343.2869058
 1.393795e-02   4.316595e-03   0.000000e+00   1.360681e-02  -9.148125e-04   0.000000e+00   0.000000e+00   0.000000e+00   5.404524e-02
 4.316595e-03   2.920697e-03   0.000000e+00   4.543517e-03   1.193240e-04   0.000000e+00   0.000000e+00   0.000000e+00   1.819117e-02
 0.000000e+00   0.000000e+00   1.680993e-02   0.000000e+00   0.000000e+00   1.633621e-02  -6.352190e-02  -5.984460e-03   0.000000e+00
 1.360681e-02   4.543517e-03   0.000000e+00   1.442701e-02  -9.967878e-04   0.000000e+00   0.000000e+00   0.000000e+00   5.760092e-02
-9.148125e-04   1.193240e-04   0.000000e+00  -9.967878e-04   6.358867e-04   0.000000e+00   0.000000e+00   0.000000e+00  -5.217456e-03
 0.000000e+00   0.000000e+00   1.633621e-02   0.000000e+00   0.000000e+00   2.207422e-02  -8.066998e-02   3.904483e-02   0.000000e+00
 0.000000e+00   0.000000e+00  -6.352190e-02   0.000000e+00   0.000000e+00  -8.066998e-02   3.446497e-01  -1.029616e-01   0.000000e+00
 0.000000e+00   0.000000e+00  -5.984460e-03   0.000000e+00   0.000000e+00   3.904483e-02  -1.029616e-01   4.374860e-01   0.000000e+00
 5.404524e-02   1.819117e-02   0.000000e+00   5.760092e-02  -5.217456e-03   0.000000e+00   0.000000e+00   0.000000e+00   2.726579e-01

# timestamp: 1774889343.310548
 1.214147e-02   3.699877e-03   0.000000e+00   1.208183e-02  -1.021900e-03   0.000000e+00   0.000000e+00   0.000000e+00   4.991108e-02
 3.699877e-03   2.564271e-03   0.000000e+00   3.991423e-03   4.324681e-05   0.000000e+00   0.000000e+00   0.000000e+00   1.675578e-02
 0.000000e+00   0.000000e+00   1.435475e-02   0.000000e+00   0.000000e+00   1.375391e-02  -5.633159e-02  -9.984187e-03   0.000000e+00
 1.208183e-02   3.991423e-03   0.000000e+00   1.313181e-02  -1.120854e-03   0.000000e+00   0.000000e+00   0.000000e+00   5.405355e-02
-1.021900e-03   4.324681e-05   0.000000e+00  -1.120854e-03   6.437639e-04   0.000000e+00   0.000000e+00   0.000000e+00  -5.675664e-03
 0.000000e+00   0.000000e+00   1.375391e-02   0.000000e+00   0.000000e+00   1.946532e-02  -7.285338e-02   3.542076e-02   0.000000e+00
 0.000000e+00   0.000000e+00  -5.633159e-02   0.000000e+00   0.000000e+00  -7.285338e-02   3.210311e-01  -8.859762e-02   0.000000e+00
 0.000000e+00   0.000000e+00  -9.984187e-03   0.000000e+00   0.000000e+00   3.542076e-02  -8.859762e-02   4.328087e-01   0.000000e+00
 4.991108e-02   1.675578e-02   0.000000e+00   5.405355e-02  -5.675664e-03   0.000000e+00   0.000000e+00   0.000000e+00   2.621038e-01

# timestamp: 1774889343.5157573
 1.285728e-02   3.056690e-03   0.000000e+00   1.269038e-02  -2.117938e-03   0.000000e+00   0.000000e+00   0.000000e+00   5.104375e-02
 3.056690e-03   2.131436e-03   0.000000e+00   3.256341e-03  -1.628296e-04   0.000000e+00   0.000000e+00   0.000000e+00   1.334373e-02
 0.000000e+00   0.000000e+00   1.469108e-02   0.000000e+00   0.000000e+00   1.400013e-02  -5.653228e-02  -9.066552e-03   0.000000e+00
 1.269038e-02   3.256341e-03   0.000000e+00   1.362265e-02  -2.277158e-03   0.000000e+00   0.000000e+00   0.000000e+00   5.463959e-02
-2.117938e-03  -1.628296e-04   0.000000e+00  -2.277158e-03   9.388810e-04   0.000000e+00   0.000000e+00   0.000000e+00  -1.030262e-02
 0.000000e+00   0.000000e+00   1.400013e-02   0.000000e+00   0.000000e+00   2.044401e-02  -7.078768e-02   4.057192e-02   0.000000e+00
 0.000000e+00   0.000000e+00  -5.653228e-02   0.000000e+00   0.000000e+00  -7.078768e-02   3.036835e-01  -7.082706e-02   0.000000e+00
 0.000000e+00   0.000000e+00  -9.066552e-03   0.000000e+00   0.000000e+00   4.057192e-02  -7.082706e-02   4.450294e-01   0.000000e+00
 5.104375e-02   1.334373e-02   0.000000e+00   5.463959e-02  -1.030262e-02   0.000000e+00   0.000000e+00   0.000000e+00   2.598759e-01

# timestamp: 1774889343.5428207
 1.342067e-02   3.079083e-03   0.000000e+00   1.316178e-02  -2.289948e-03   0.000000e+00   0.000000e+00   0.000000e+00   5.219926e-02
 3.079083e-03   2.145599e-03   0.000000e+00   3.253686e-03  -1.740239e-04   0.000000e+00   0.000000e+00   0.000000e+00   1.312275e-02
 0.000000e+00   0.000000e+00   1.531260e-02   0.000000e+00   0.000000e+00   1.461708e-02  -5.802964e-02  -8.204180e-03   0.000000e+00
 1.316178e-02   3.253686e-03   0.000000e+00   1.401220e-02  -2.445216e-03   0.000000e+00   0.000000e+00   0.000000e+00   5.555823e-02
-2.289948e-03  -1.740239e-04   0.000000e+00  -2.445216e-03   9.913491e-04   0.000000e+00   0.000000e+00   0.000000e+00  -1.092264e-02
 0.000000e+00   0.000000e+00   1.461708e-02   0.000000e+00   0.000000e+00   2.114389e-02  -7.202842e-02   4.188031e-02   0.000000e+00
 0.000000e+00   0.000000e+00  -5.802964e-02   0.000000e+00   0.000000e+00  -7.202842e-02   3.057866e-01  -7.082706e-02   0.000000e+00
 0.000000e+00   0.000000e+00  -8.204180e-03   0.000000e+00   0.000000e+00   4.188031e-02  -7.082706e-02   4.471325e-01   0.000000e+00
 5.219926e-02   1.312275e-02   0.000000e+00   5.555823e-02  -1.092264e-02   0.000000e+00   0.000000e+00   0.000000e+00   2.619790e-01

# timestamp: 1774889343.5650687
 1.424025e-02   3.104160e-03   0.000000e+00   1.384029e-02  -2.540682e-03   0.000000e+00   0.000000e+00   0.000000e+00   5.384329e-02
 3.104160e-03   2.164783e-03   0.000000e+00   3.242910e-03  -1.868955e-04   0.000000e+00   0.000000e+00   0.000000e+00   1.279356e-02
 0.000000e+00   0.000000e+00   1.622396e-02   0.000000e+00   0.000000e+00   1.551512e-02  -6.016168e-02  -6.956601e-03   0.000000e+00
 1.384029e-02   3.242910e-03   0.000000e+00   1.456700e-02  -2.687218e-03   0.000000e+00   0.000000e+00   0.000000e+00   5.685407e-02
-2.540682e-03  -1.868955e-04   0.000000e+00  -2.687218e-03   1.069563e-03   0.000000e+00   0.000000e+00   0.000000e+00  -1.179723e-02
 0.000000e+00   0.000000e+00   1.551512e-02   0.000000e+00   0.000000e+00   2.214624e-02  -7.377401e-02   4.371613e-02   0.000000e+00
 0.000000e+00   0.000000e+00  -6.016168e-02   0.000000e+00   0.000000e+00  -7.377401e-02   3.087232e-01  -7.082706e-02   0.000000e+00
 0.000000e+00   0.000000e+00  -6.956601e-03   0.000000e+00   0.000000e+00   4.371613e-02  -7.082706e-02   4.500691e-01   0.000000e+00
 5.384329e-02   1.279356e-02   0.000000e+00   5.685407e-02  -1.179723e-02   0.000000e+00   0.000000e+00   0.000000e+00   2.649156e-01

# timestamp: 1774889343.597221
 1.245634e-02   2.667322e-03   0.000000e+00   1.232026e-02  -2.455639e-03   0.000000e+00   0.000000e+00   0.000000e+00   5.002991e-02
 2.667322e-03   1.919749e-03   0.000000e+00   2.848180e-03  -2.003324e-04   0.000000e+00   0.000000e+00   0.000000e+00   1.181802e-02
 0.000000e+00   0.000000e+00   1.405420e-02   0.000000e+00   0.000000e+00   1.336165e-02  -5.485822e-02  -9.074898e-03   0.000000e+00
 1.232026e-02   2.848180e-03   0.000000e+00   1.326428e-02  -2.639329e-03   0.000000e+00   0.000000e+00   0.000000e+00   5.353447e-02
-2.455639e-03  -2.003324e-04   0.000000e+00  -2.639329e-03   1.082742e-03   0.000000e+00   0.000000e+00   0.000000e+00  -1.181834e-02
 0.000000e+00   0.000000e+00   1.336165e-02   0.000000e+00   0.000000e+00   2.010325e-02  -6.817293e-02   4.210849e-02   0.000000e+00
 0.000000e+00   0.000000e+00  -5.485822e-02   0.000000e+00   0.000000e+00  -6.817293e-02   2.940222e-01  -6.303113e-02   0.000000e+00
 0.000000e+00   0.000000e+00  -9.074898e-03   0.000000e+00   0.000000e+00   4.210849e-02  -6.303113e-02   4.491220e-01   0.000000e+00
 5.002991e-02   1.181802e-02   0.000000e+00   5.353447e-02  -1.181834e-02   0.000000e+00   0.000000e+00   0.000000e+00   2.560456e-01

# timestamp: 1774889343.611025
 1.275991e-02   2.671439e-03   0.000000e+00   1.257407e-02  -2.553559e-03   0.000000e+00   0.000000e+00   0.000000e+00   5.066018e-02
 2.671439e-03   1.926848e-03   0.000000e+00   2.839493e-03  -2.029694e-04   0.000000e+00   0.000000e+00   0.000000e+00   1.167820e-02
 0.000000e+00   0.000000e+00   1.438318e-02   0.000000e+00   0.000000e+00   1.369436e-02  -5.566089e-02  -8.578196e-03   0.000000e+00
 1.257407e-02   2.839493e-03   0.000000e+00   1.347289e-02  -2.733419e-03   0.000000e+00   0.000000e+00   0.000000e+00   5.402994e-02
-2.553559e-03  -2.029694e-04   0.000000e+00  -2.733419e-03   1.115556e-03   0.000000e+00   0.000000e+00   0.000000e+00  -1.215739e-02
 0.000000e+00   0.000000e+00   1.369436e-02   0.000000e+00   0.000000e+00   2.048070e-02  -6.882483e-02   4.282388e-02   0.000000e+00
 0.000000e+00   0.000000e+00  -5.566089e-02   0.000000e+00   0.000000e+00  -6.882483e-02   2.951968e-01  -6.303113e-02   0.000000e+00
 0.000000e+00   0.000000e+00  -8.578196e-03   0.000000e+00   0.000000e+00   4.282388e-02  -6.303113e-02   4.502966e-01   0.000000e+00
 5.066018e-02   1.167820e-02   0.000000e+00   5.402994e-02  -1.215739e-02   0.000000e+00   0.000000e+00   0.000000e+00   2.572202e-01

# timestamp: 1774889343.824341
 1.243822e-02   1.944387e-03   0.000000e+00   1.210751e-02  -2.936569e-03   0.000000e+00   0.000000e+00   0.000000e+00   4.791422e-02
 1.944387e-03   1.663957e-03   0.000000e+00   2.046587e-03  -1.198640e-04   0.000000e+00   0.000000e+00   0.000000e+00   8.435804e-03
 0.000000e+00   0.000000e+00   1.422224e-02   0.000000e+00   0.000000e+00   1.286610e-02  -5.335693e-02  -1.300423e-02   0.000000e+00
 1.210751e-02   2.046587e-03   0.000000e+00   1.285551e-02  -3.111858e-03   0.000000e+00   0.000000e+00   0.000000e+00   5.068557e-02
-2.936569e-03  -1.198640e-04   0.000000e+00  -3.111858e-03   1.308309e-03   0.000000e+00   0.000000e+00   0.000000e+00  -1.322806e-02
 0.000000e+00   0.000000e+00   1.286610e-02   0.000000e+00   0.000000e+00   1.871666e-02  -6.134713e-02   3.638613e-02   0.000000e+00
 0.000000e+00   0.000000e+00  -5.335693e-02   0.000000e+00   0.000000e+00  -6.134713e-02   2.728883e-01  -2.690176e-02   0.000000e+00
 0.000000e+00   0.000000e+00  -1.300423e-02   0.000000e+00   0.000000e+00   3.638613e-02  -2.690176e-02   4.387679e-01   0.000000e+00
 4.791422e-02   8.435804e-03   0.000000e+00   5.068557e-02  -1.322806e-02   0.000000e+00   0.000000e+00   0.000000e+00   2.411386e-01

# timestamp: 1774889343.840812
 1.283862e-02   1.929507e-03   0.000000e+00   1.243597e-02  -3.039282e-03   0.000000e+00   0.000000e+00   0.000000e+00   4.871317e-02
 1.929507e-03   1.676158e-03   0.000000e+00   2.018732e-03  -1.082943e-04   0.000000e+00   0.000000e+00   0.000000e+00   8.226893e-03
 0.000000e+00   0.000000e+00   1.464794e-02   0.000000e+00   0.000000e+00   1.328773e-02  -5.432386e-02  -1.243028e-02   0.000000e+00
 1.243597e-02   2.018732e-03   0.000000e+00   1.312071e-02  -3.202590e-03   0.000000e+00   0.000000e+00   0.000000e+00   5.131190e-02
-3.039282e-03  -1.082943e-04   0.000000e+00  -3.202590e-03   1.339328e-03   0.000000e+00   0.000000e+00   0.000000e+00  -1.349508e-02
 0.000000e+00   0.000000e+00   1.328773e-02   0.000000e+00   0.000000e+00   1.911807e-02  -6.208518e-02   3.694046e-02   0.000000e+00
 0.000000e+00   0.000000e+00  -5.432386e-02   0.000000e+00   0.000000e+00  -6.208518e-02   2.744599e-01  -2.690176e-02   0.000000e+00
 0.000000e+00   0.000000e+00  -1.243028e-02   0.000000e+00   0.000000e+00   3.694046e-02  -2.690176e-02   4.403394e-01   0.000000e+00
 4.871317e-02   8.226893e-03   0.000000e+00   5.131190e-02  -1.349508e-02   0.000000e+00   0.000000e+00   0.000000e+00   2.427102e-01

# timestamp: 1774889343.861566
 1.352102e-02   1.900453e-03   0.000000e+00   1.299085e-02  -3.213597e-03   0.000000e+00   0.000000e+00   0.000000e+00   5.005072e-02
 1.900453e-03   1.697111e-03   0.000000e+00   1.968557e-03  -8.765707e-05   0.000000e+00   0.000000e+00   0.000000e+00   7.873713e-03
 0.000000e+00   0.000000e+00   1.537856e-02   0.000000e+00   0.000000e+00   1.400315e-02  -5.594196e-02  -1.146596e-02   0.000000e+00
 1.299085e-02   1.968557e-03   0.000000e+00   1.356489e-02  -3.355150e-03   0.000000e+00   0.000000e+00   0.000000e+00   5.235331e-02
-3.213597e-03  -8.765707e-05   0.000000e+00  -3.355150e-03   1.391738e-03   0.000000e+00   0.000000e+00   0.000000e+00  -1.393905e-02
 0.000000e+00   0.000000e+00   1.400315e-02   0.000000e+00   0.000000e+00   1.979065e-02  -6.331069e-02   3.785794e-02   0.000000e+00
 0.000000e+00   0.000000e+00  -5.594196e-02   0.000000e+00   0.000000e+00  -6.331069e-02   2.770498e-01  -2.690176e-02   0.000000e+00
 0.000000e+00   0.000000e+00  -1.146596e-02   0.000000e+00   0.000000e+00   3.785794e-02  -2.690176e-02   4.429293e-01   0.000000e+00
 5.005072e-02   7.873713e-03   0.000000e+00   5.235331e-02  -1.393905e-02   0.000000e+00   0.000000e+00   0.000000e+00   2.453001e-01

# timestamp: 1774889343.8835886
 1.128210e-02   1.697904e-03   0.000000e+00   1.104906e-02  -2.778728e-03   0.000000e+00   0.000000e+00   0.000000e+00   4.478897e-02
 1.697904e-03   1.545609e-03   0.000000e+00   1.804952e-03  -9.833970e-05   0.000000e+00   0.000000e+00   0.000000e+00   7.742070e-03
 0.000000e+00   0.000000e+00   1.316216e-02   0.000000e+00   0.000000e+00   1.153740e-02  -5.040309e-02  -1.606276e-02   0.000000e+00
 1.104906e-02   1.804952e-03   0.000000e+00   1.187087e-02  -2.972693e-03   0.000000e+00   0.000000e+00   0.000000e+00   4.765687e-02
-2.778728e-03  -9.833970e-05   0.000000e+00  -2.972693e-03   1.288831e-03   0.000000e+00   0.000000e+00   0.000000e+00  -1.275855e-02
 0.000000e+00   0.000000e+00   1.153740e-02   0.000000e+00   0.000000e+00   1.703360e-02  -5.688154e-02   3.277321e-02   0.000000e+00
 0.000000e+00   0.000000e+00  -5.040309e-02   0.000000e+00   0.000000e+00  -5.688154e-02   2.624837e-01  -1.381516e-02   0.000000e+00
 0.000000e+00   0.000000e+00  -1.606276e-02   0.000000e+00   0.000000e+00   3.277321e-02  -1.381516e-02   4.347665e-01   0.000000e+00
 4.478897e-02   7.742070e-03   0.000000e+00   4.765687e-02  -1.275855e-02   0.000000e+00   0.000000e+00   0.000000e+00   2.310194e-01

# timestamp: 1774889343.9135447
 1.195494e-02   1.667210e-03   0.000000e+00   1.160666e-02  -2.951806e-03   0.000000e+00   0.000000e+00   0.000000e+00   4.615902e-02
 1.667210e-03   1.569334e-03   0.000000e+00   1.753910e-03  -7.528899e-05   0.000000e+00   0.000000e+00   0.000000e+00   7.373935e-03
 0.000000e+00   0.000000e+00   1.386706e-02   0.000000e+00   0.000000e+00   1.224219e-02  -5.203799e-02  -1.511929e-02   0.000000e+00
 1.160666e-02   1.753910e-03   0.000000e+00   1.232634e-02  -3.125206e-03   0.000000e+00   0.000000e+00   0.000000e+00   4.875064e-02
-2.951806e-03  -7.528899e-05   0.000000e+00  -3.125206e-03   1.341001e-03   0.000000e+00   0.000000e+00   0.000000e+00  -1.320115e-02
 0.000000e+00   0.000000e+00   1.224219e-02   0.000000e+00   0.000000e+00   1.770273e-02  -5.814928e-02   3.366775e-02   0.000000e+00
 0.000000e+00   0.000000e+00  -5.203799e-02   0.000000e+00   0.000000e+00  -5.814928e-02   2.653378e-01  -1.381516e-02   0.000000e+00
 0.000000e+00   0.000000e+00  -1.511929e-02   0.000000e+00   0.000000e+00   3.366775e-02  -1.381516e-02   4.376206e-01   0.000000e+00
 4.615902e-02   7.373935e-03   0.000000e+00   4.875064e-02  -1.320115e-02   0.000000e+00   0.000000e+00   0.000000e+00   2.338735e-01

# timestamp: 1774889344.0962431
 1.128677e-02   1.255723e-03   0.000000e+00   1.087888e-02  -2.922518e-03   0.000000e+00   0.000000e+00   0.000000e+00   4.342775e-02
 1.255723e-03   1.447828e-03   0.000000e+00   1.315186e-03   1.105856e-05   0.000000e+00   0.000000e+00   0.000000e+00   5.758645e-03
 0.000000e+00   0.000000e+00   1.362439e-02   0.000000e+00   0.000000e+00   1.153847e-02  -5.092575e-02  -1.865935e-02   0.000000e+00
 1.087888e-02   1.315186e-03   0.000000e+00   1.152129e-02  -3.080749e-03   0.000000e+00   0.000000e+00   0.000000e+00   4.563531e-02
-2.922518e-03   1.105856e-05   0.000000e+00  -3.080749e-03   1.360833e-03   0.000000e+00   0.000000e+00   0.000000e+00  -1.283052e-02
 0.000000e+00   0.000000e+00   1.153847e-02   0.000000e+00   0.000000e+00   1.623918e-02  -5.379672e-02   2.883672e-02   0.000000e+00
 0.000000e+00   0.000000e+00  -5.092575e-02   0.000000e+00   0.000000e+00  -5.379672e-02   2.567810e-01   8.157345e-03   0.000000e+00
 0.000000e+00   0.000000e+00  -1.865935e-02   0.000000e+00   0.000000e+00   2.883672e-02   8.157345e-03   4.379875e-01   0.000000e+00
 4.342775e-02   5.758645e-03   0.000000e+00   4.563531e-02  -1.283052e-02   0.000000e+00   0.000000e+00   0.000000e+00   2.219008e-01

# timestamp: 1774889344.1084032
 1.155944e-02   1.236143e-03   0.000000e+00   1.110303e-02  -2.983224e-03   0.000000e+00   0.000000e+00   0.000000e+00   4.397154e-02
 1.236143e-03   1.460153e-03   0.000000e+00   1.289571e-03   2.420574e-05   0.000000e+00   0.000000e+00   0.000000e+00   5.605764e-03
 0.000000e+00   0.000000e+00   1.391344e-02   0.000000e+00   0.000000e+00   1.182381e-02  -5.156675e-02  -1.831590e-02   0.000000e+00
 1.110303e-02   1.289571e-03   0.000000e+00   1.170376e-02  -3.131268e-03   0.000000e+00   0.000000e+00   0.000000e+00   4.607569e-02
-2.983224e-03   2.420574e-05   0.000000e+00  -3.131268e-03   1.376100e-03   0.000000e+00   0.000000e+00   0.000000e+00  -1.295217e-02
 0.000000e+00   0.000000e+00   1.182381e-02   0.000000e+00   0.000000e+00   1.648565e-02  -5.430159e-02   2.906023e-02   0.000000e+00
 0.000000e+00   0.000000e+00  -5.156675e-02   0.000000e+00   0.000000e+00  -5.430159e-02   2.579697e-01   8.157345e-03   0.000000e+00
 0.000000e+00   0.000000e+00  -1.831590e-02   0.000000e+00   0.000000e+00   2.906023e-02   8.157345e-03   4.391763e-01   0.000000e+00
 4.397154e-02   5.605764e-03   0.000000e+00   4.607569e-02  -1.295217e-02   0.000000e+00   0.000000e+00   0.000000e+00   2.230896e-01

# timestamp: 1774889344.1261756
 1.221952e-02   1.186169e-03   0.000000e+00   1.164115e-02  -3.129036e-03   0.000000e+00   0.000000e+00   0.000000e+00   4.526623e-02
 1.186169e-03   1.490296e-03   0.000000e+00   1.225993e-03   5.606201e-05   0.000000e+00   0.000000e+00   0.000000e+00   5.241872e-03
 0.000000e+00   0.000000e+00   1.461769e-02   0.000000e+00   0.000000e+00   1.250983e-02  -5.309222e-02  -1.750068e-02   0.000000e+00
 1.164115e-02   1.225993e-03   0.000000e+00   1.213832e-02  -3.251582e-03   0.000000e+00   0.000000e+00   0.000000e+00   4.711741e-02
-3.129036e-03   5.606201e-05   0.000000e+00  -3.251582e-03   1.412408e-03   0.000000e+00   0.000000e+00   0.000000e+00  -1.323993e-02
 0.000000e+00   0.000000e+00   1.250983e-02   0.000000e+00   0.000000e+00   1.707221e-02  -5.549449e-02   2.958677e-02   0.000000e+00
 0.000000e+00   0.000000e+00  -5.309222e-02   0.000000e+00   0.000000e+00  -5.549449e-02   2.607561e-01   8.157345e-03   0.000000e+00
 0.000000e+00   0.000000e+00  -1.750068e-02   0.000000e+00   0.000000e+00   2.958677e-02   8.157345e-03   4.419627e-01   0.000000e+00
 4.526623e-02   5.241872e-03   0.000000e+00   4.711741e-02  -1.323993e-02   0.000000e+00   0.000000e+00   0.000000e+00   2.258760e-01

# timestamp: 1774889344.1507154
 1.254449e-02   1.160292e-03   0.000000e+00   1.190380e-02  -3.200241e-03   0.000000e+00   0.000000e+00   0.000000e+00   4.589302e-02
 1.160292e-03   1.505279e-03   0.000000e+00   1.193933e-03   7.175396e-05   0.000000e+00   0.000000e+00   0.000000e+00   5.065753e-03
 0.000000e+00   0.000000e+00   1.496663e-02   0.000000e+00   0.000000e+00   1.284514e-02  -5.383039e-02  -1.710730e-02   0.000000e+00
 1.190380e-02   1.193933e-03   0.000000e+00   1.234865e-02  -3.309810e-03   0.000000e+00   0.000000e+00   0.000000e+00   4.761792e-02
-3.200241e-03   7.175396e-05   0.000000e+00  -3.309810e-03   1.429957e-03   0.000000e+00   0.000000e+00   0.000000e+00  -1.337819e-02
 0.000000e+00   0.000000e+00   1.284514e-02   0.000000e+00   0.000000e+00   1.735587e-02  -5.606698e-02   2.983872e-02   0.000000e+00
 0.000000e+00   0.000000e+00  -5.383039e-02   0.000000e+00   0.000000e+00  -5.606698e-02   2.620829e-01   8.157345e-03   0.000000e+00
 0.000000e+00   0.000000e+00  -1.710730e-02   0.000000e+00   0.000000e+00   2.983872e-02   8.157345e-03   4.432894e-01   0.000000e+00
 4.589302e-02   5.065753e-03   0.000000e+00   4.761792e-02  -1.337819e-02   0.000000e+00   0.000000e+00   0.000000e+00   2.272027e-01

# timestamp: 1774889344.1818907
 1.058129e-02   1.106068e-03   0.000000e+00   1.018335e-02  -2.710355e-03   0.000000e+00   0.000000e+00   0.000000e+00   4.101076e-02
 1.106068e-03   1.403842e-03   0.000000e+00   1.161360e-03   4.989509e-05   0.000000e+00   0.000000e+00   0.000000e+00   5.277396e-03
 0.000000e+00   0.000000e+00   1.328828e-02   0.000000e+00   0.000000e+00   1.089893e-02  -4.977719e-02  -2.174495e-02   0.000000e+00
 1.018335e-02   1.161360e-03   0.000000e+00   1.082748e-02  -2.866384e-03   0.000000e+00   0.000000e+00   0.000000e+00   4.316746e-02
-2.710355e-03   4.989509e-05   0.000000e+00  -2.866384e-03   1.287781e-03   0.000000e+00   0.000000e+00   0.000000e+00  -1.189759e-02
 0.000000e+00   0.000000e+00   1.089893e-02   0.000000e+00   0.000000e+00   1.502094e-02  -5.104194e-02   2.433936e-02   0.000000e+00
 0.000000e+00   0.000000e+00  -4.977719e-02   0.000000e+00   0.000000e+00  -5.104194e-02   2.517610e-01   2.129027e-02   0.000000e+00
 0.000000e+00   0.000000e+00  -2.174495e-02   0.000000e+00   0.000000e+00   2.433936e-02   2.129027e-02   4.347780e-01   0.000000e+00
 4.101076e-02   5.277396e-03   0.000000e+00   4.316746e-02  -1.189759e-02   0.000000e+00   0.000000e+00   0.000000e+00   2.126615e-01

# timestamp: 1774889344.4047153
 9.984088e-03   9.261803e-04   0.000000e+00   9.514584e-03  -2.127689e-03   0.000000e+00   0.000000e+00   0.000000e+00   3.748307e-02
 9.261803e-04   1.415701e-03   0.000000e+00   9.746544e-04   1.598075e-04   0.000000e+00   0.000000e+00   0.000000e+00   4.652587e-03
 0.000000e+00   0.000000e+00   1.398937e-02   0.000000e+00   0.000000e+00   1.108765e-02  -5.049025e-02  -2.855723e-02   0.000000e+00
 9.514584e-03   9.746544e-04   0.000000e+00   1.010242e-02  -2.245873e-03   0.000000e+00   0.000000e+00   0.000000e+00   3.958274e-02
-2.127689e-03   1.598075e-04   0.000000e+00  -2.245873e-03   1.017384e-03   0.000000e+00   0.000000e+00   0.000000e+00  -8.738791e-03
 0.000000e+00   0.000000e+00   1.108765e-02   0.000000e+00   0.000000e+00   1.359279e-02  -4.915853e-02   1.182539e-02   0.000000e+00
 0.000000e+00   0.000000e+00  -5.049025e-02   0.000000e+00   0.000000e+00  -4.915853e-02   2.495291e-01   4.704068e-02   0.000000e+00
 0.000000e+00   0.000000e+00  -2.855723e-02   0.000000e+00   0.000000e+00   1.182539e-02   4.704068e-02   4.295249e-01   0.000000e+00
 3.748307e-02   4.652587e-03   0.000000e+00   3.958274e-02  -8.738791e-03   0.000000e+00   0.000000e+00   0.000000e+00   1.964599e-01

# timestamp: 1774889344.4209495
 1.038875e-02   9.024727e-04   0.000000e+00   9.851770e-03  -2.166477e-03   0.000000e+00   0.000000e+00   0.000000e+00   3.827594e-02
 9.024727e-04   1.442394e-03   0.000000e+00   9.457740e-04   1.808039e-04   0.000000e+00   0.000000e+00   0.000000e+00   4.478768e-03
 0.000000e+00   0.000000e+00   1.445874e-02   0.000000e+00   0.000000e+00   1.154567e-02  -5.147511e-02  -2.832329e-02   0.000000e+00
 9.851770e-03   9.457740e-04   0.000000e+00   1.038620e-02  -2.270244e-03   0.000000e+00   0.000000e+00   0.000000e+00   4.028062e-02
-2.166477e-03   1.808039e-04   0.000000e+00  -2.270244e-03   1.016577e-03   0.000000e+00   0.000000e+00   0.000000e+00  -8.707055e-03
 0.000000e+00   0.000000e+00   1.154567e-02   0.000000e+00   0.000000e+00   1.394107e-02  -5.005120e-02   1.159028e-02   0.000000e+00
 0.000000e+00   0.000000e+00  -5.147511e-02   0.000000e+00   0.000000e+00  -5.005120e-02   2.515205e-01   4.704068e-02   0.000000e+00
 0.000000e+00   0.000000e+00  -2.832329e-02   0.000000e+00   0.000000e+00   1.159028e-02   4.704068e-02   4.315163e-01   0.000000e+00
 3.827594e-02   4.478768e-03   0.000000e+00   4.028062e-02  -8.707055e-03   0.000000e+00   0.000000e+00   0.000000e+00   1.984514e-01

# timestamp: 1774889344.4499257
 1.090488e-02   8.714726e-04   0.000000e+00   1.027796e-02  -2.214650e-03   0.000000e+00   0.000000e+00   0.000000e+00   3.926987e-02
 8.714726e-04   1.476349e-03   0.000000e+00   9.087770e-04   2.065510e-04   0.000000e+00   0.000000e+00   0.000000e+00   4.265996e-03
 0.000000e+00   0.000000e+00   1.506110e-02   0.000000e+00   0.000000e+00   1.212306e-02  -5.271040e-02  -2.804224e-02   0.000000e+00
 1.027796e-02   9.087770e-04   0.000000e+00   1.074180e-02  -2.299891e-03   0.000000e+00   0.000000e+00   0.000000e+00   4.114794e-02
-2.214650e-03   2.065510e-04   0.000000e+00  -2.299891e-03   1.015598e-03   0.000000e+00   0.000000e+00   0.000000e+00  -8.667614e-03
 0.000000e+00   0.000000e+00   1.212306e-02   0.000000e+00   0.000000e+00   1.437794e-02  -5.115796e-02   1.130086e-02   0.000000e+00
 0.000000e+00   0.000000e+00  -5.271040e-02   0.000000e+00   0.000000e+00  -5.115796e-02   2.539683e-01   4.704068e-02   0.000000e+00
 0.000000e+00   0.000000e+00  -2.804224e-02   0.000000e+00   0.000000e+00   1.130086e-02   4.704068e-02   4.339642e-01   0.000000e+00
 3.926987e-02   4.265996e-03   0.000000e+00   4.114794e-02  -8.667614e-03   0.000000e+00   0.000000e+00   0.000000e+00   2.008992e-01

# timestamp: 1774889344.4641302
 1.117788e-02   8.547493e-04   0.000000e+00   1.050172e-02  -2.239571e-03   0.000000e+00   0.000000e+00   0.000000e+00   3.978810e-02
 8.547493e-04   1.494260e-03   0.000000e+00   8.891543e-04   2.197368e-04   0.000000e+00   0.000000e+00   0.000000e+00   4.157194e-03
 0.000000e+00   0.000000e+00   1.538123e-02   0.000000e+00   0.000000e+00   1.242557e-02  -5.335474e-02  -2.790076e-02   0.000000e+00
 1.050172e-02   8.891543e-04   0.000000e+00   1.092719e-02  -2.314971e-03   0.000000e+00   0.000000e+00   0.000000e+00   4.159712e-02
-2.239571e-03   2.197368e-04   0.000000e+00  -2.314971e-03   1.015102e-03   0.000000e+00   0.000000e+00   0.000000e+00  -8.647189e-03
 0.000000e+00   0.000000e+00   1.242557e-02   0.000000e+00   0.000000e+00   1.460588e-02  -5.172999e-02   1.115217e-02   0.000000e+00
 0.000000e+00   0.000000e+00  -5.335474e-02   0.000000e+00   0.000000e+00  -5.172999e-02   2.552244e-01   4.704068e-02   0.000000e+00
 0.000000e+00   0.000000e+00  -2.790076e-02   0.000000e+00   0.000000e+00   1.115217e-02   4.704068e-02   4.352202e-01   0.000000e+00
 3.978810e-02   4.157194e-03   0.000000e+00   4.159712e-02  -8.647189e-03   0.000000e+00   0.000000e+00   0.000000e+00   2.021552e-01

# timestamp: 1774889344.490794
 9.349339e-03   9.375273e-04   0.000000e+00   8.925848e-03  -1.761925e-03   0.000000e+00   0.000000e+00   0.000000e+00   3.518754e-02
 9.375273e-04   1.414387e-03   0.000000e+00   9.950020e-04   1.826482e-04   0.000000e+00   0.000000e+00   0.000000e+00   4.856559e-03
 0.000000e+00   0.000000e+00   1.407843e-02   0.000000e+00   0.000000e+00   1.100385e-02  -5.032475e-02  -3.240473e-02   0.000000e+00
 8.925848e-03   9.950020e-04   0.000000e+00   9.556120e-03  -1.873805e-03   0.000000e+00   0.000000e+00   0.000000e+00   3.744068e-02
-1.761925e-03   1.826482e-04   0.000000e+00  -1.873805e-03   8.823291e-04   0.000000e+00   0.000000e+00   0.000000e+00  -7.056001e-03
 0.000000e+00   0.000000e+00   1.100385e-02   0.000000e+00   0.000000e+00   1.290741e-02  -4.837233e-02   5.645029e-03   0.000000e+00
 0.000000e+00   0.000000e+00  -5.032475e-02   0.000000e+00   0.000000e+00  -4.837233e-02   2.481564e-01   5.763304e-02   0.000000e+00
 0.000000e+00   0.000000e+00  -3.240473e-02   0.000000e+00   0.000000e+00   5.645029e-03   5.763304e-02   4.271232e-01   0.000000e+00
 3.518754e-02   4.856559e-03   0.000000e+00   3.744068e-02  -7.056001e-03   0.000000e+00   0.000000e+00   0.000000e+00   1.876846e-01

# timestamp: 1774889344.6858466
 8.578289e-03   1.010821e-03   0.000000e+00   8.219064e-03  -1.104231e-03   0.000000e+00   0.000000e+00   0.000000e+00   3.255483e-02
 1.010821e-03   1.441382e-03   0.000000e+00   1.089183e-03   2.440923e-04   0.000000e+00   0.000000e+00   0.000000e+00   5.440277e-03
 0.000000e+00   0.000000e+00   1.444459e-02   0.000000e+00   0.000000e+00   1.128044e-02  -5.053406e-02  -3.871177e-02   0.000000e+00
 8.219064e-03   1.089183e-03   0.000000e+00   8.916082e-03  -1.186787e-03   0.000000e+00   0.000000e+00   0.000000e+00   3.506721e-02
-1.104231e-03   2.440923e-04   0.000000e+00  -1.186787e-03   6.747711e-04   0.000000e+00   0.000000e+00   0.000000e+00  -3.980012e-03
 0.000000e+00   0.000000e+00   1.128044e-02   0.000000e+00   0.000000e+00   1.227847e-02  -4.828649e-02  -4.875200e-03   0.000000e+00
 0.000000e+00   0.000000e+00  -5.053406e-02   0.000000e+00   0.000000e+00  -4.828649e-02   2.474250e-01   7.172665e-02   0.000000e+00
 0.000000e+00   0.000000e+00  -3.871177e-02   0.000000e+00   0.000000e+00  -4.875200e-03   7.172665e-02   4.358551e-01   0.000000e+00
 3.255483e-02   5.440277e-03   0.000000e+00   3.506721e-02  -3.980012e-03   0.000000e+00   0.000000e+00   0.000000e+00   1.783254e-01

# timestamp: 1774889344.7010574
 8.904688e-03   1.010353e-03   0.000000e+00   8.492589e-03  -1.108681e-03   0.000000e+00   0.000000e+00   0.000000e+00   3.320600e-02
 1.010353e-03   1.469129e-03   0.000000e+00   1.084861e-03   2.593991e-04   0.000000e+00   0.000000e+00   0.000000e+00   5.367360e-03
 0.000000e+00   0.000000e+00   1.488618e-02   0.000000e+00   0.000000e+00   1.169620e-02  -5.143097e-02  -3.880466e-02   0.000000e+00
 8.492589e-03   1.084861e-03   0.000000e+00   9.148250e-03  -1.180912e-03   0.000000e+00   0.000000e+00   0.000000e+00   3.565201e-02
-1.108681e-03   2.593991e-04   0.000000e+00  -1.180912e-03   6.724619e-04   0.000000e+00   0.000000e+00   0.000000e+00  -3.885135e-03
 0.000000e+00   0.000000e+00   1.169620e-02   0.000000e+00   0.000000e+00   1.260300e-02  -4.913424e-02  -5.339757e-03   0.000000e+00
 0.000000e+00   0.000000e+00  -5.143097e-02   0.000000e+00   0.000000e+00  -4.913424e-02   2.492717e-01   7.172665e-02   0.000000e+00
 0.000000e+00   0.000000e+00  -3.880466e-02   0.000000e+00   0.000000e+00  -5.339757e-03   7.172665e-02   4.377018e-01   0.000000e+00
 3.320600e-02   5.367360e-03   0.000000e+00   3.565201e-02  -3.885135e-03   0.000000e+00   0.000000e+00   0.000000e+00   1.801721e-01

# timestamp: 1774889344.717471
 9.165687e-03   1.009861e-03   0.000000e+00   8.709896e-03  -1.111821e-03   0.000000e+00   0.000000e+00   0.000000e+00   3.372004e-02
 1.009861e-03   1.491115e-03   0.000000e+00   1.081403e-03   2.712599e-04   0.000000e+00   0.000000e+00   0.000000e+00   5.311771e-03
 0.000000e+00   0.000000e+00   1.524043e-02   0.000000e+00   0.000000e+00   1.202597e-02  -5.213951e-02  -3.888266e-02   0.000000e+00
 8.709896e-03   1.081403e-03   0.000000e+00   9.331610e-03  -1.175909e-03   0.000000e+00   0.000000e+00   0.000000e+00   3.611152e-02
-1.111821e-03   2.712599e-04   0.000000e+00  -1.175909e-03   6.707342e-04   0.000000e+00   0.000000e+00   0.000000e+00  -3.810585e-03
 0.000000e+00   0.000000e+00   1.202597e-02   0.000000e+00   0.000000e+00   1.285978e-02  -4.979842e-02  -5.702053e-03   0.000000e+00
 0.000000e+00   0.000000e+00  -5.213951e-02   0.000000e+00   0.000000e+00  -4.979842e-02   2.507091e-01   7.172665e-02   0.000000e+00
 0.000000e+00   0.000000e+00  -3.888266e-02   0.000000e+00   0.000000e+00  -5.702053e-03   7.172665e-02   4.391392e-01   0.000000e+00
 3.372004e-02   5.311771e-03   0.000000e+00   3.611152e-02  -3.810585e-03   0.000000e+00   0.000000e+00   0.000000e+00   1.816095e-01

# timestamp: 1774889344.7447608
 9.850229e-03   1.008219e-03   0.000000e+00   9.274074e-03  -1.118434e-03   0.000000e+00   0.000000e+00   0.000000e+00   3.504234e-02
 1.008219e-03   1.547914e-03   0.000000e+00   1.072434e-03   3.008857e-04   0.000000e+00   0.000000e+00   0.000000e+00   5.176730e-03
 0.000000e+00   0.000000e+00   1.617398e-02   0.000000e+00   0.000000e+00   1.288013e-02  -5.396402e-02  -3.910192e-02   0.000000e+00
 9.274074e-03   1.072434e-03   0.000000e+00   9.803165e-03  -1.161643e-03   0.000000e+00   0.000000e+00   0.000000e+00   3.728335e-02
-1.118434e-03   3.008857e-04   0.000000e+00  -1.161643e-03   6.666620e-04   0.000000e+00   0.000000e+00   0.000000e+00  -3.620472e-03
 0.000000e+00   0.000000e+00   1.288013e-02   0.000000e+00   0.000000e+00   1.352189e-02  -5.148502e-02  -6.615888e-03   0.000000e+00
 0.000000e+00   0.000000e+00  -5.396402e-02   0.000000e+00   0.000000e+00  -5.148502e-02   2.543243e-01   7.172665e-02   0.000000e+00
 0.000000e+00   0.000000e+00  -3.910192e-02   0.000000e+00   0.000000e+00  -6.615888e-03   7.172665e-02   4.427544e-01   0.000000e+00
 3.504234e-02   5.176730e-03   0.000000e+00   3.728335e-02  -3.620472e-03   0.000000e+00   0.000000e+00   0.000000e+00   1.852248e-01

# timestamp: 1774889344.7693627
 1.039011e-02   1.006651e-03   0.000000e+00   9.713485e-03  -1.122125e-03   0.000000e+00   0.000000e+00   0.000000e+00   3.606068e-02
 1.006651e-03   1.591846e-03   0.000000e+00   1.065534e-03   3.228861e-04   0.000000e+00   0.000000e+00   0.000000e+00   5.080179e-03
 0.000000e+00   0.000000e+00   1.691431e-02   0.000000e+00   0.000000e+00   1.354358e-02  -5.537074e-02  -3.928798e-02   0.000000e+00
 9.713485e-03   1.065534e-03   0.000000e+00   1.016614e-02  -1.149359e-03   0.000000e+00   0.000000e+00   0.000000e+00   3.817579e-02
-1.122125e-03   3.228861e-04   0.000000e+00  -1.149359e-03   6.638722e-04   0.000000e+00   0.000000e+00   0.000000e+00  -3.475685e-03
 0.000000e+00   0.000000e+00   1.354358e-02   0.000000e+00   0.000000e+00   1.403310e-02  -5.276294e-02  -7.302615e-03   0.000000e+00
 0.000000e+00   0.000000e+00  -5.537074e-02   0.000000e+00   0.000000e+00  -5.276294e-02   2.570315e-01   7.172665e-02   0.000000e+00
 0.000000e+00   0.000000e+00  -3.928798e-02   0.000000e+00   0.000000e+00  -7.302615e-03   7.172665e-02   4.454616e-01   0.000000e+00
 3.606068e-02   5.080179e-03   0.000000e+00   3.817579e-02  -3.475685e-03   0.000000e+00   0.000000e+00   0.000000e+00   1.879320e-01

# timestamp: 1774889344.9878948
 8.953754e-03   1.197046e-03   0.000000e+00   8.591676e-03  -4.529522e-04   0.000000e+00   0.000000e+00   0.000000e+00   3.449977e-02
 1.197046e-03   1.496047e-03   0.000000e+00   1.286311e-03   3.366893e-04   0.000000e+00   0.000000e+00   0.000000e+00   6.268576e-03
 0.000000e+00   0.000000e+00   1.477158e-02   0.000000e+00   0.000000e+00   1.206379e-02  -5.148629e-02  -3.948813e-02   0.000000e+00
 8.591676e-03   1.286311e-03   0.000000e+00   9.284177e-03  -4.818935e-04   0.000000e+00   0.000000e+00   0.000000e+00   3.694920e-02
-4.529522e-04   3.366893e-04   0.000000e+00  -4.818935e-04   5.461893e-04   0.000000e+00   0.000000e+00   0.000000e+00  -1.014122e-03
 0.000000e+00   0.000000e+00   1.206379e-02   0.000000e+00   0.000000e+00   1.257545e-02  -5.011624e-02  -1.066630e-02   0.000000e+00
 0.000000e+00   0.000000e+00  -5.148629e-02   0.000000e+00   0.000000e+00  -5.011624e-02   2.502516e-01   6.839740e-02   0.000000e+00
 0.000000e+00   0.000000e+00  -3.948813e-02   0.000000e+00   0.000000e+00  -1.066630e-02   6.839740e-02   4.631346e-01   0.000000e+00
 3.449977e-02   6.268576e-03   0.000000e+00   3.694920e-02  -1.014122e-03   0.000000e+00   0.000000e+00   0.000000e+00   1.875785e-01

# timestamp: 1774889345.004866
 9.365870e-03   1.215705e-03   0.000000e+00   8.928938e-03  -4.441546e-04   0.000000e+00   0.000000e+00   0.000000e+00   3.532902e-02
 1.215705e-03   1.533698e-03   0.000000e+00   1.298545e-03   3.523635e-04   0.000000e+00   0.000000e+00   0.000000e+00   6.246716e-03
 0.000000e+00   0.000000e+00   1.534148e-02   0.000000e+00   0.000000e+00   1.256005e-02  -5.261120e-02  -3.972976e-02   0.000000e+00
 8.928938e-03   1.298545e-03   0.000000e+00   9.559063e-03  -4.647463e-04   0.000000e+00   0.000000e+00   0.000000e+00   3.764038e-02
-4.441546e-04   3.523635e-04   0.000000e+00  -4.647463e-04   5.473542e-04   0.000000e+00   0.000000e+00   0.000000e+00  -9.093612e-04
 0.000000e+00   0.000000e+00   1.256005e-02   0.000000e+00   0.000000e+00   1.295968e-02  -5.107441e-02  -1.117375e-02   0.000000e+00
 0.000000e+00   0.000000e+00  -5.261120e-02   0.000000e+00   0.000000e+00  -5.107441e-02   2.524823e-01   6.839740e-02   0.000000e+00
 0.000000e+00   0.000000e+00  -3.972976e-02   0.000000e+00   0.000000e+00  -1.117375e-02   6.839740e-02   4.653653e-01   0.000000e+00
 3.532902e-02   6.246716e-03   0.000000e+00   3.764038e-02  -9.093612e-04   0.000000e+00   0.000000e+00   0.000000e+00   1.898092e-01

# timestamp: 1774889345.0235538
 9.809920e-03   1.235585e-03   0.000000e+00   9.288928e-03  -4.341150e-04   0.000000e+00   0.000000e+00   0.000000e+00   3.620644e-02
 1.235585e-03   1.573535e-03   0.000000e+00   1.311580e-03   3.686570e-04   0.000000e+00   0.000000e+00   0.000000e+00   6.226486e-03
 0.000000e+00   0.000000e+00   1.595695e-02   0.000000e+00   0.000000e+00   1.308905e-02  -5.380192e-02  -3.999261e-02   0.000000e+00
 9.288928e-03   1.311580e-03   0.000000e+00   9.849894e-03  -4.461247e-04   0.000000e+00   0.000000e+00   0.000000e+00   3.836679e-02
-4.341150e-04   3.686570e-04   0.000000e+00  -4.461247e-04   5.486874e-04   0.000000e+00   0.000000e+00   0.000000e+00  -7.992598e-04
 0.000000e+00   0.000000e+00   1.308905e-02   0.000000e+00   0.000000e+00   1.336671e-02  -5.207808e-02  -1.170203e-02   0.000000e+00
 0.000000e+00   0.000000e+00  -5.380192e-02   0.000000e+00   0.000000e+00  -5.207808e-02   2.547988e-01   6.839740e-02   0.000000e+00
 0.000000e+00   0.000000e+00  -3.999261e-02   0.000000e+00   0.000000e+00  -1.170203e-02   6.839740e-02   4.676817e-01   0.000000e+00
 3.620644e-02   6.226486e-03   0.000000e+00   3.836679e-02  -7.992598e-04   0.000000e+00   0.000000e+00   0.000000e+00   1.921256e-01

# timestamp: 1774889345.0422711
 1.005805e-02   1.246621e-03   0.000000e+00   9.488580e-03  -4.282729e-04   0.000000e+00   0.000000e+00   0.000000e+00   3.668997e-02
 1.246621e-03   1.595473e-03   0.000000e+00   1.318815e-03   3.775061e-04   0.000000e+00   0.000000e+00   0.000000e+00   6.216628e-03
 0.000000e+00   0.000000e+00   1.630148e-02   0.000000e+00   0.000000e+00   1.338214e-02  -5.445827e-02  -4.014061e-02   0.000000e+00
 9.488580e-03   1.318815e-03   0.000000e+00   1.001003e-02  -4.356684e-04   0.000000e+00   0.000000e+00   0.000000e+00   3.876449e-02
-4.282729e-04   3.775061e-04   0.000000e+00  -4.356684e-04   5.494642e-04   0.000000e+00   0.000000e+00   0.000000e+00  -7.389810e-04
 0.000000e+00   0.000000e+00   1.338214e-02   0.000000e+00   0.000000e+00   1.359105e-02  -5.262623e-02  -1.198923e-02   0.000000e+00
 0.000000e+00   0.000000e+00  -5.445827e-02   0.000000e+00   0.000000e+00  -5.262623e-02   2.560558e-01   6.839740e-02   0.000000e+00
 0.000000e+00   0.000000e+00  -4.014061e-02   0.000000e+00   0.000000e+00  -1.198923e-02   6.839740e-02   4.689387e-01   0.000000e+00
 3.668997e-02   6.216628e-03   0.000000e+00   3.876449e-02  -7.389810e-04   0.000000e+00   0.000000e+00   0.000000e+00   1.933826e-01

# timestamp: 1774889345.0574985
 1.041523e-02   1.262414e-03   0.000000e+00   9.774203e-03  -4.195843e-04   0.000000e+00   0.000000e+00   0.000000e+00   3.737784e-02
 1.262414e-03   1.626669e-03   0.000000e+00   1.329176e-03   3.899496e-04   0.000000e+00   0.000000e+00   0.000000e+00   6.204079e-03
 0.000000e+00   0.000000e+00   1.679812e-02   0.000000e+00   0.000000e+00   1.380110e-02  -5.539218e-02  -4.035471e-02   0.000000e+00
 9.774203e-03   1.329176e-03   0.000000e+00   1.023779e-02  -4.205571e-04   0.000000e+00   0.000000e+00   0.000000e+00   3.932753e-02
-4.195843e-04   3.899496e-04   0.000000e+00  -4.205571e-04   5.506193e-04   0.000000e+00   0.000000e+00   0.000000e+00  -6.536418e-04
 0.000000e+00   0.000000e+00   1.380110e-02   0.000000e+00   0.000000e+00   1.391034e-02  -5.340064e-02  -1.239337e-02   0.000000e+00
 0.000000e+00   0.000000e+00  -5.539218e-02   0.000000e+00   0.000000e+00  -5.340064e-02   2.578217e-01   6.839740e-02   0.000000e+00
 0.000000e+00   0.000000e+00  -4.035471e-02   0.000000e+00   0.000000e+00  -1.239337e-02   6.839740e-02   4.707047e-01   0.000000e+00
 3.737784e-02   6.204079e-03   0.000000e+00   3.932753e-02  -6.536418e-04   0.000000e+00   0.000000e+00   0.000000e+00   1.951486e-01

# timestamp: 1774889345.0870876
 9.335909e-03   1.252668e-03   0.000000e+00   8.930282e-03  -2.765097e-04   0.000000e+00   0.000000e+00   0.000000e+00   3.603420e-02
 1.252668e-03   1.507057e-03   0.000000e+00   1.334956e-03   3.649143e-04   0.000000e+00   0.000000e+00   0.000000e+00   6.422412e-03
 0.000000e+00   0.000000e+00   1.472031e-02   0.000000e+00   0.000000e+00   1.223910e-02  -5.167975e-02  -3.747381e-02   0.000000e+00
 8.930282e-03   1.334956e-03   0.000000e+00   9.574072e-03  -2.909313e-04   0.000000e+00   0.000000e+00   0.000000e+00   3.826206e-02
-2.765097e-04   3.649143e-04   0.000000e+00  -2.909313e-04   5.294846e-04   0.000000e+00   0.000000e+00   0.000000e+00  -2.514985e-04
 0.000000e+00   0.000000e+00   1.223910e-02   0.000000e+00   0.000000e+00   1.268841e-02  -5.058435e-02  -1.053041e-02   0.000000e+00
 0.000000e+00   0.000000e+00  -5.167975e-02   0.000000e+00   0.000000e+00  -5.058435e-02   2.512101e-01   6.262670e-02   0.000000e+00
 0.000000e+00   0.000000e+00  -3.747381e-02   0.000000e+00   0.000000e+00  -1.053041e-02   6.262670e-02   4.696204e-01   0.000000e+00
 3.603420e-02   6.422412e-03   0.000000e+00   3.826206e-02  -2.514985e-04   0.000000e+00   0.000000e+00   0.000000e+00   1.937813e-01

# timestamp: 1774889345.2804928
 9.939570e-03   1.341613e-03   0.000000e+00   9.423497e-03   8.875886e-05   0.000000e+00   0.000000e+00   0.000000e+00   3.873696e-02
 1.341613e-03   1.511499e-03   0.000000e+00   1.404009e-03   4.166545e-04   0.000000e+00   0.000000e+00   0.000000e+00   6.675804e-03
 0.000000e+00   0.000000e+00   1.428973e-02   0.000000e+00   0.000000e+00   1.220845e-02  -5.125860e-02  -3.294118e-02   0.000000e+00
 9.423497e-03   1.404009e-03   0.000000e+00   9.941269e-03   9.332375e-05   0.000000e+00   0.000000e+00   0.000000e+00   4.035849e-02
 8.875886e-05   4.166545e-04   0.000000e+00   9.332375e-05   5.182912e-04   0.000000e+00   0.000000e+00   0.000000e+00   1.290357e-03
 0.000000e+00   0.000000e+00   1.220845e-02   0.000000e+00   0.000000e+00   1.253656e-02  -5.047174e-02  -9.870655e-03   0.000000e+00
 0.000000e+00   0.000000e+00  -5.125860e-02   0.000000e+00   0.000000e+00  -5.047174e-02   2.511942e-01   5.018324e-02   0.000000e+00
 0.000000e+00   0.000000e+00  -3.294118e-02   0.000000e+00   0.000000e+00  -9.870655e-03   5.018324e-02   4.815471e-01   0.000000e+00
 3.873696e-02   6.675804e-03   0.000000e+00   4.035849e-02   1.290357e-03   0.000000e+00   0.000000e+00   0.000000e+00   2.051172e-01

# timestamp: 1774889345.2959003
 1.020170e-02   1.361261e-03   0.000000e+00   9.630809e-03   1.025835e-04   0.000000e+00   0.000000e+00   0.000000e+00   3.926681e-02
 1.361261e-03   1.535612e-03   0.000000e+00   1.418372e-03   4.256033e-04   0.000000e+00   0.000000e+00   0.000000e+00   6.692915e-03
 0.000000e+00   0.000000e+00   1.462548e-02   0.000000e+00   0.000000e+00   1.248520e-02  -5.192124e-02  -3.307127e-02   0.000000e+00
 9.630809e-03   1.418372e-03   0.000000e+00   1.010134e-02   1.089228e-04   0.000000e+00   0.000000e+00   0.000000e+00   4.076186e-02
 1.025835e-04   4.256033e-04   0.000000e+00   1.089228e-04   5.204498e-04   0.000000e+00   0.000000e+00   0.000000e+00   1.356463e-03
 0.000000e+00   0.000000e+00   1.248520e-02   0.000000e+00   0.000000e+00   1.274284e-02  -5.098138e-02  -1.012364e-02   0.000000e+00
 0.000000e+00   0.000000e+00  -5.192124e-02   0.000000e+00   0.000000e+00  -5.098138e-02   2.525039e-01   5.018324e-02   0.000000e+00
 0.000000e+00   0.000000e+00  -3.307127e-02   0.000000e+00   0.000000e+00  -1.012364e-02   5.018324e-02   4.828567e-01   0.000000e+00
 3.926681e-02   6.692915e-03   0.000000e+00   4.076186e-02   1.356463e-03   0.000000e+00   0.000000e+00   0.000000e+00   2.064269e-01

# timestamp: 1774889345.3129423
 1.057757e-02   1.389380e-03   0.000000e+00   9.926085e-03   1.225530e-04   0.000000e+00   0.000000e+00   0.000000e+00   4.001693e-02
 1.389380e-03   1.569734e-03   0.000000e+00   1.438869e-03   4.381767e-04   0.000000e+00   0.000000e+00   0.000000e+00   6.718329e-03
 0.000000e+00   0.000000e+00   1.510742e-02   0.000000e+00   0.000000e+00   1.287913e-02  -5.285947e-02  -3.325887e-02   0.000000e+00
 9.926085e-03   1.438869e-03   0.000000e+00   1.032788e-02   1.311764e-04   0.000000e+00   0.000000e+00   0.000000e+00   4.133026e-02
 1.225530e-04   4.381767e-04   0.000000e+00   1.311764e-04   5.235403e-04   0.000000e+00   0.000000e+00   0.000000e+00   1.449614e-03
 0.000000e+00   0.000000e+00   1.287913e-02   0.000000e+00   0.000000e+00   1.303498e-02  -5.169842e-02  -1.047816e-02   0.000000e+00
 0.000000e+00   0.000000e+00  -5.285947e-02   0.000000e+00   0.000000e+00  -5.169842e-02   2.543356e-01   5.018324e-02   0.000000e+00
 0.000000e+00   0.000000e+00  -3.325887e-02   0.000000e+00   0.000000e+00  -1.047816e-02   5.018324e-02   4.846885e-01   0.000000e+00
 4.001693e-02   6.718329e-03   0.000000e+00   4.133026e-02   1.449614e-03   0.000000e+00   0.000000e+00   0.000000e+00   2.082586e-01

# timestamp: 1774889345.3295658
 1.089892e-02   1.413354e-03   0.000000e+00   1.017679e-02   1.397614e-04   0.000000e+00   0.000000e+00   0.000000e+00   4.064950e-02
 1.413354e-03   1.598512e-03   0.000000e+00   1.456302e-03   4.487065e-04   0.000000e+00   0.000000e+00   0.000000e+00   6.740742e-03
 0.000000e+00   0.000000e+00   1.551985e-02   0.000000e+00   0.000000e+00   1.321340e-02  -5.365074e-02  -3.341989e-02   0.000000e+00
 1.017679e-02   1.456302e-03   0.000000e+00   1.051903e-02   1.501095e-04   0.000000e+00   0.000000e+00   0.000000e+00   4.180789e-02
 1.397614e-04   4.487065e-04   0.000000e+00   1.501095e-04   5.261795e-04   0.000000e+00   0.000000e+00   0.000000e+00   1.527890e-03
 0.000000e+00   0.000000e+00   1.321340e-02   0.000000e+00   0.000000e+00   1.328164e-02  -5.229990e-02  -1.077422e-02   0.000000e+00
 0.000000e+00   0.000000e+00  -5.365074e-02   0.000000e+00   0.000000e+00  -5.229990e-02   2.558619e-01   5.018324e-02   0.000000e+00
 0.000000e+00   0.000000e+00  -3.341989e-02   0.000000e+00   0.000000e+00  -1.077422e-02   5.018324e-02   4.862148e-01   0.000000e+00
 4.064950e-02   6.740742e-03   0.000000e+00   4.180789e-02   1.527890e-03   0.000000e+00   0.000000e+00   0.000000e+00   2.097849e-01

# timestamp: 1774889345.3476985
 1.117709e-02   1.434086e-03   0.000000e+00   1.039251e-02   1.547446e-04   0.000000e+00   0.000000e+00   0.000000e+00   4.119100e-02
 1.434086e-03   1.623130e-03   0.000000e+00   1.471338e-03   4.576586e-04   0.000000e+00   0.000000e+00   0.000000e+00   6.760699e-03
 0.000000e+00   0.000000e+00   1.587719e-02   0.000000e+00   0.000000e+00   1.350088e-02  -5.432815e-02  -3.355991e-02   0.000000e+00
 1.039251e-02   1.471338e-03   0.000000e+00   1.068255e-02   1.664177e-04   0.000000e+00   0.000000e+00   0.000000e+00   4.221483e-02
 1.547446e-04   4.576586e-04   0.000000e+00   1.664177e-04   5.284596e-04   0.000000e+00   0.000000e+00   0.000000e+00   1.594580e-03
 0.000000e+00   0.000000e+00   1.350088e-02   0.000000e+00   0.000000e+00   1.349279e-02  -5.281168e-02  -1.102528e-02   0.000000e+00
 0.000000e+00   0.000000e+00  -5.432815e-02   0.000000e+00   0.000000e+00  -5.281168e-02   2.571540e-01   5.018324e-02   0.000000e+00
 0.000000e+00   0.000000e+00  -3.355991e-02   0.000000e+00   0.000000e+00  -1.102528e-02   5.018324e-02   4.875069e-01   0.000000e+00
 4.119100e-02   6.760699e-03   0.000000e+00   4.221483e-02   1.594580e-03   0.000000e+00   0.000000e+00   0.000000e+00   2.110770e-01

# timestamp: 1774889345.370199
 1.173542e-02   1.475591e-03   0.000000e+00   1.082217e-02   1.850660e-04   0.000000e+00   0.000000e+00   0.000000e+00   4.226129e-02
 1.475591e-03   1.671796e-03   0.000000e+00   1.501358e-03   4.752223e-04   0.000000e+00   0.000000e+00   0.000000e+00   6.801960e-03
 0.000000e+00   0.000000e+00   1.659513e-02   0.000000e+00   0.000000e+00   1.407309e-02  -5.566714e-02  -3.384177e-02   0.000000e+00
 1.082217e-02   1.501358e-03   0.000000e+00   1.100599e-02   1.989653e-04   0.000000e+00   0.000000e+00   0.000000e+00   4.301598e-02
 1.850660e-04   4.752223e-04   0.000000e+00   1.989653e-04   5.330282e-04   0.000000e+00   0.000000e+00   0.000000e+00   1.725876e-03
 0.000000e+00   0.000000e+00   1.407309e-02   0.000000e+00   0.000000e+00   1.391071e-02  -5.381730e-02  -1.151611e-02   0.000000e+00
 0.000000e+00   0.000000e+00  -5.566714e-02   0.000000e+00   0.000000e+00  -5.381730e-02   2.596737e-01   5.018324e-02   0.000000e+00
 0.000000e+00   0.000000e+00  -3.384177e-02   0.000000e+00   0.000000e+00  -1.151611e-02   5.018324e-02   4.900266e-01   0.000000e+00
 4.226129e-02   6.801960e-03   0.000000e+00   4.301598e-02   1.725876e-03   0.000000e+00   0.000000e+00   0.000000e+00   2.135967e-01

# timestamp: 1774889345.573899
 1.067150e-02   1.382846e-03   0.000000e+00   9.924107e-03   4.034074e-04   0.000000e+00   0.000000e+00   0.000000e+00   4.221398e-02
 1.382846e-03   1.478677e-03   0.000000e+00   1.403476e-03   4.441899e-04   0.000000e+00   0.000000e+00   0.000000e+00   6.651470e-03
 0.000000e+00   0.000000e+00   1.346839e-02   0.000000e+00   0.000000e+00   1.172444e-02  -5.034052e-02  -2.479247e-02   0.000000e+00
 9.924107e-03   1.403476e-03   0.000000e+00   1.018786e-02   4.069280e-04   0.000000e+00   0.000000e+00   0.000000e+00   4.259945e-02
 4.034074e-04   4.441899e-04   0.000000e+00   4.069280e-04   5.177119e-04   0.000000e+00   0.000000e+00   0.000000e+00   2.415921e-03
 0.000000e+00   0.000000e+00   1.172444e-02   0.000000e+00   0.000000e+00   1.191852e-02  -4.931137e-02  -5.692516e-03   0.000000e+00
 0.000000e+00   0.000000e+00  -5.034052e-02   0.000000e+00   0.000000e+00  -4.931137e-02   2.509333e-01   3.018814e-02   0.000000e+00
 0.000000e+00   0.000000e+00  -2.479247e-02   0.000000e+00   0.000000e+00  -5.692516e-03   3.018814e-02   4.968672e-01   0.000000e+00
 4.221398e-02   6.651470e-03   0.000000e+00   4.259945e-02   2.415921e-03   0.000000e+00   0.000000e+00   0.000000e+00   2.199552e-01

# timestamp: 1774889345.5877237
 1.092967e-02   1.405140e-03   0.000000e+00   1.012518e-02   4.067821e-04   0.000000e+00   0.000000e+00   0.000000e+00   4.273860e-02
 1.405140e-03   1.501956e-03   0.000000e+00   1.420297e-03   4.503060e-04   0.000000e+00   0.000000e+00   0.000000e+00   6.681129e-03
 0.000000e+00   0.000000e+00   1.377114e-02   0.000000e+00   0.000000e+00   1.196039e-02  -5.094777e-02  -2.486252e-02   0.000000e+00
 1.012518e-02   1.420297e-03   0.000000e+00   1.034059e-02   4.095562e-04   0.000000e+00   0.000000e+00   0.000000e+00   4.299041e-02
 4.067821e-04   4.503060e-04   0.000000e+00   4.095562e-04   5.187557e-04   0.000000e+00   0.000000e+00   0.000000e+00   2.407454e-03
 0.000000e+00   0.000000e+00   1.196039e-02   0.000000e+00   0.000000e+00   1.209466e-02  -4.975600e-02  -5.726867e-03   0.000000e+00
 0.000000e+00   0.000000e+00  -5.094777e-02   0.000000e+00   0.000000e+00  -4.975600e-02   2.521620e-01   3.018814e-02   0.000000e+00
 0.000000e+00   0.000000e+00  -2.486252e-02   0.000000e+00   0.000000e+00  -5.726867e-03   3.018814e-02   4.980960e-01   0.000000e+00
 4.273860e-02   6.681129e-03   0.000000e+00   4.299041e-02   2.407454e-03   0.000000e+00   0.000000e+00   0.000000e+00   2.211839e-01

# timestamp: 1774889345.6064968
 1.135187e-02   1.441225e-03   0.000000e+00   1.045182e-02   4.121900e-04   0.000000e+00   0.000000e+00   0.000000e+00   4.358555e-02
 1.441225e-03   1.539413e-03   0.000000e+00   1.447311e-03   4.600896e-04   0.000000e+00   0.000000e+00   0.000000e+00   6.728239e-03
 0.000000e+00   0.000000e+00   1.426627e-02   0.000000e+00   0.000000e+00   1.234358e-02  -5.192791e-02  -2.497516e-02   0.000000e+00
 1.045182e-02   1.447311e-03   0.000000e+00   1.058715e-02   4.136874e-04   0.000000e+00   0.000000e+00   0.000000e+00   4.361878e-02
 4.121900e-04   4.600896e-04   0.000000e+00   4.136874e-04   5.204226e-04   0.000000e+00   0.000000e+00   0.000000e+00   2.393845e-03
 0.000000e+00   0.000000e+00   1.234358e-02   0.000000e+00   0.000000e+00   1.237898e-02  -5.047001e-02  -5.781578e-03   0.000000e+00
 0.000000e+00   0.000000e+00  -5.192791e-02   0.000000e+00   0.000000e+00  -5.047001e-02   2.541225e-01   3.018814e-02   0.000000e+00
 0.000000e+00   0.000000e+00  -2.497516e-02   0.000000e+00   0.000000e+00  -5.781578e-03   3.018814e-02   5.000565e-01   0.000000e+00
 4.358555e-02   6.728239e-03   0.000000e+00   4.361878e-02   2.393845e-03   0.000000e+00   0.000000e+00   0.000000e+00   2.231444e-01

# timestamp: 1774889345.6324344
 1.195604e-02   1.492097e-03   0.000000e+00   1.091486e-02   4.196947e-04   0.000000e+00   0.000000e+00   0.000000e+00   4.477481e-02
 1.492097e-03   1.591795e-03   0.000000e+00   1.484988e-03   4.736590e-04   0.000000e+00   0.000000e+00   0.000000e+00   6.792909e-03
 0.000000e+00   0.000000e+00   1.497479e-02   0.000000e+00   0.000000e+00   1.288654e-02  -5.330381e-02  -2.513243e-02   0.000000e+00
 1.091486e-02   1.484988e-03   0.000000e+00   1.093366e-02   4.192677e-04   0.000000e+00   0.000000e+00   0.000000e+00   4.449653e-02
 4.196947e-04   4.736590e-04   0.000000e+00   4.192677e-04   5.227282e-04   0.000000e+00   0.000000e+00   0.000000e+00   2.374834e-03
 0.000000e+00   0.000000e+00   1.288654e-02   0.000000e+00   0.000000e+00   1.277844e-02  -5.146609e-02  -5.856956e-03   0.000000e+00
 0.000000e+00   0.000000e+00  -5.330381e-02   0.000000e+00   0.000000e+00  -5.146609e-02   2.568311e-01   3.018814e-02   0.000000e+00
 0.000000e+00   0.000000e+00  -2.513243e-02   0.000000e+00   0.000000e+00  -5.856956e-03   3.018814e-02   5.027651e-01   0.000000e+00
 4.477481e-02   6.792909e-03   0.000000e+00   4.449653e-02   2.374834e-03   0.000000e+00   0.000000e+00   0.000000e+00   2.258530e-01

# timestamp: 1774889345.6459312
 1.225314e-02   1.516792e-03   0.000000e+00   1.114063e-02   4.232951e-04   0.000000e+00   0.000000e+00   0.000000e+00   4.535063e-02
 1.516792e-03   1.617020e-03   0.000000e+00   1.503086e-03   4.801448e-04   0.000000e+00   0.000000e+00   0.000000e+00   6.823539e-03
 0.000000e+00   0.000000e+00   1.532320e-02   0.000000e+00   0.000000e+00   1.315118e-02  -5.396978e-02  -2.520816e-02   0.000000e+00
 1.114063e-02   1.503086e-03   0.000000e+00   1.110124e-02   4.218750e-04   0.000000e+00   0.000000e+00   0.000000e+00   4.491837e-02
 4.232951e-04   4.801448e-04   0.000000e+00   4.218750e-04   5.238282e-04   0.000000e+00   0.000000e+00   0.000000e+00   2.365698e-03
 0.000000e+00   0.000000e+00   1.315118e-02   0.000000e+00   0.000000e+00   1.297157e-02  -5.194432e-02  -5.892809e-03   0.000000e+00
 0.000000e+00   0.000000e+00  -5.396978e-02   0.000000e+00   0.000000e+00  -5.194432e-02   2.581221e-01   3.018814e-02   0.000000e+00
 0.000000e+00   0.000000e+00  -2.520816e-02   0.000000e+00   0.000000e+00  -5.892809e-03   3.018814e-02   5.040561e-01   0.000000e+00
 4.535063e-02   6.823539e-03   0.000000e+00   4.491837e-02   2.365698e-03   0.000000e+00   0.000000e+00   0.000000e+00   2.271440e-01

# timestamp: 1774889345.6623547
 1.270203e-02   1.553731e-03   0.000000e+00   1.147965e-02   4.286179e-04   0.000000e+00   0.000000e+00   0.000000e+00   4.620959e-02
 1.553731e-03   1.654564e-03   0.000000e+00   1.529968e-03   4.897454e-04   0.000000e+00   0.000000e+00   0.000000e+00   6.868557e-03
 0.000000e+00   0.000000e+00   1.584962e-02   0.000000e+00   0.000000e+00   1.354846e-02  -5.496303e-02  -2.532071e-02   0.000000e+00
 1.147965e-02   1.529968e-03   0.000000e+00   1.135149e-02   4.256614e-04   0.000000e+00   0.000000e+00   0.000000e+00   4.554585e-02
 4.286179e-04   4.897454e-04   0.000000e+00   4.256614e-04   5.254534e-04   0.000000e+00   0.000000e+00   0.000000e+00   2.352108e-03
 0.000000e+00   0.000000e+00   1.354846e-02   0.000000e+00   0.000000e+00   1.325992e-02  -5.265505e-02  -5.945627e-03   0.000000e+00
 0.000000e+00   0.000000e+00  -5.496303e-02   0.000000e+00   0.000000e+00  -5.265505e-02   2.600278e-01   3.018814e-02   0.000000e+00
 0.000000e+00   0.000000e+00  -2.532071e-02   0.000000e+00   0.000000e+00  -5.945627e-03   3.018814e-02   5.059617e-01   0.000000e+00
 4.620959e-02   6.868557e-03   0.000000e+00   4.554585e-02   2.352108e-03   0.000000e+00   0.000000e+00   0.000000e+00   2.290497e-01

# timestamp: 1774889345.8618248
 1.310993e-02   1.415251e-03   0.000000e+00   1.171206e-02   8.835253e-05   0.000000e+00   0.000000e+00   0.000000e+00   4.805451e-02
 1.415251e-03   1.596268e-03   0.000000e+00   1.371037e-03   4.255698e-04   0.000000e+00   0.000000e+00   0.000000e+00   6.114534e-03
 0.000000e+00   0.000000e+00   1.521400e-02   0.000000e+00   0.000000e+00   1.300557e-02  -5.438655e-02  -1.747680e-02   0.000000e+00
 1.171206e-02   1.371037e-03   0.000000e+00   1.141440e-02   8.715830e-05   0.000000e+00   0.000000e+00   0.000000e+00   4.660329e-02
 8.835253e-05   4.255698e-04   0.000000e+00   8.715830e-05   4.916000e-04   0.000000e+00   0.000000e+00   0.000000e+00   5.102773e-04
 0.000000e+00   0.000000e+00   1.300557e-02   0.000000e+00   0.000000e+00   1.286979e-02  -5.182722e-02   3.151570e-03   0.000000e+00
 0.000000e+00   0.000000e+00  -5.438655e-02   0.000000e+00   0.000000e+00  -5.182722e-02   2.603443e-01   1.542953e-02   0.000000e+00
 0.000000e+00   0.000000e+00  -1.747680e-02   0.000000e+00   0.000000e+00   3.151570e-03   1.542953e-02   5.146395e-01   0.000000e+00
 4.805451e-02   6.114534e-03   0.000000e+00   4.660329e-02   5.102773e-04   0.000000e+00   0.000000e+00   0.000000e+00   2.365925e-01

# timestamp: 1774889345.8752408
 1.131395e-02   1.134686e-03   0.000000e+00   1.029961e-02   1.874940e-05   0.000000e+00   0.000000e+00   0.000000e+00   4.480569e-02
 1.134686e-03   1.393630e-03   0.000000e+00   1.121425e-03   3.700538e-04   0.000000e+00   0.000000e+00   0.000000e+00   5.217216e-03
 0.000000e+00   0.000000e+00   1.283407e-02   0.000000e+00   0.000000e+00   1.129144e-02  -5.012886e-02  -1.205471e-02   0.000000e+00
 1.029961e-02   1.121425e-03   0.000000e+00   1.029703e-02   1.869011e-05   0.000000e+00   0.000000e+00   0.000000e+00   4.398481e-02
 1.874940e-05   3.700538e-04   0.000000e+00   1.869011e-05   4.767612e-04   0.000000e+00   0.000000e+00   0.000000e+00   1.786517e-04
 0.000000e+00   0.000000e+00   1.129144e-02   0.000000e+00   0.000000e+00   1.164758e-02  -4.875023e-02   7.357383e-03   0.000000e+00
 0.000000e+00   0.000000e+00  -5.012886e-02   0.000000e+00   0.000000e+00  -4.875023e-02   2.527420e-01   5.721008e-03   0.000000e+00
 0.000000e+00   0.000000e+00  -1.205471e-02   0.000000e+00   0.000000e+00   7.357383e-03   5.721008e-03   5.051789e-01   0.000000e+00
 4.480569e-02   5.217216e-03   0.000000e+00   4.398481e-02   1.786517e-04   0.000000e+00   0.000000e+00   0.000000e+00   2.301490e-01

# timestamp: 1774889345.8933604
 1.172060e-02   1.155683e-03   0.000000e+00   1.061591e-02  -2.851906e-05   0.000000e+00   0.000000e+00   0.000000e+00   4.562730e-02
 1.155683e-03   1.426079e-03   0.000000e+00   1.135684e-03   3.734924e-04   0.000000e+00   0.000000e+00   0.000000e+00   5.219048e-03
 0.000000e+00   0.000000e+00   1.327809e-02   0.000000e+00   0.000000e+00   1.163526e-02  -5.103941e-02  -1.191476e-02   0.000000e+00
 1.061591e-02   1.135684e-03   0.000000e+00   1.053987e-02  -2.738477e-05   0.000000e+00   0.000000e+00   0.000000e+00   4.461416e-02
-2.851906e-05   3.734924e-04   0.000000e+00  -2.738477e-05   4.784991e-04   0.000000e+00   0.000000e+00   0.000000e+00  -6.283901e-05
 0.000000e+00   0.000000e+00   1.163526e-02   0.000000e+00   0.000000e+00   1.193238e-02  -4.943506e-02   7.870348e-03   0.000000e+00
 0.000000e+00   0.000000e+00  -5.103941e-02   0.000000e+00   0.000000e+00  -4.943506e-02   2.546011e-01   5.721008e-03   0.000000e+00
 0.000000e+00   0.000000e+00  -1.191476e-02   0.000000e+00   0.000000e+00   7.870348e-03   5.721008e-03   5.070381e-01   0.000000e+00
 4.562730e-02   5.219048e-03   0.000000e+00   4.461416e-02  -6.283901e-05   0.000000e+00   0.000000e+00   0.000000e+00   2.320081e-01

# timestamp: 1774889345.918786
 1.228039e-02   1.182725e-03   0.000000e+00   1.104765e-02  -9.418652e-05   0.000000e+00   0.000000e+00   0.000000e+00   4.673901e-02
 1.182725e-03   1.469529e-03   0.000000e+00   1.153412e-03   3.781356e-04   0.000000e+00   0.000000e+00   0.000000e+00   5.214929e-03
 0.000000e+00   0.000000e+00   1.388930e-02   0.000000e+00   0.000000e+00   1.210547e-02  -5.227111e-02  -1.171440e-02   0.000000e+00
 1.104765e-02   1.153412e-03   0.000000e+00   1.086874e-02  -9.082108e-05   0.000000e+00   0.000000e+00   0.000000e+00   4.546098e-02
-9.418652e-05   3.781356e-04   0.000000e+00  -9.082108e-05   4.816019e-04   0.000000e+00   0.000000e+00   0.000000e+00  -3.877752e-04
 0.000000e+00   0.000000e+00   1.210547e-02   0.000000e+00   0.000000e+00   1.231929e-02  -5.035580e-02   8.556964e-03   0.000000e+00
 0.000000e+00   0.000000e+00  -5.227111e-02   0.000000e+00   0.000000e+00  -5.035580e-02   2.570780e-01   5.721008e-03   0.000000e+00
 0.000000e+00   0.000000e+00  -1.171440e-02   0.000000e+00   0.000000e+00   8.556964e-03   5.721008e-03   5.095149e-01   0.000000e+00
 4.673901e-02   5.214929e-03   0.000000e+00   4.546098e-02  -3.877752e-04   0.000000e+00   0.000000e+00   0.000000e+00   2.344850e-01

# timestamp: 1774889345.9351885
 1.258840e-02   1.196638e-03   0.000000e+00   1.128334e-02  -1.305453e-04   0.000000e+00   0.000000e+00   0.000000e+00   4.734187e-02
 1.196638e-03   1.492820e-03   0.000000e+00   1.162180e-03   3.806520e-04   0.000000e+00   0.000000e+00   0.000000e+00   5.209223e-03
 0.000000e+00   0.000000e+00   1.422556e-02   0.000000e+00   0.000000e+00   1.236262e-02  -5.293884e-02  -1.160000e-02   0.000000e+00
 1.128334e-02   1.162180e-03   0.000000e+00   1.104690e-02  -1.256679e-04   0.000000e+00   0.000000e+00   0.000000e+00   4.591668e-02
-1.305453e-04   3.806520e-04   0.000000e+00  -1.256679e-04   4.836303e-04   0.000000e+00   0.000000e+00   0.000000e+00  -5.626347e-04
 0.000000e+00   0.000000e+00   1.236262e-02   0.000000e+00   0.000000e+00   1.252945e-02  -5.085097e-02   8.924982e-03   0.000000e+00
 0.000000e+00   0.000000e+00  -5.293884e-02   0.000000e+00   0.000000e+00  -5.085097e-02   2.584008e-01   5.721008e-03   0.000000e+00
 0.000000e+00   0.000000e+00  -1.160000e-02   0.000000e+00   0.000000e+00   8.924982e-03   5.721008e-03   5.108377e-01   0.000000e+00
 4.734187e-02   5.209223e-03   0.000000e+00   4.591668e-02  -5.626347e-04   0.000000e+00   0.000000e+00   0.000000e+00   2.358078e-01

# timestamp: 1774889345.954084
 1.305831e-02   1.216756e-03   0.000000e+00   1.164074e-02  -1.864067e-04   0.000000e+00   0.000000e+00   0.000000e+00   4.824966e-02
 1.216756e-03   1.527669e-03   0.000000e+00   1.174471e-03   3.844666e-04   0.000000e+00   0.000000e+00   0.000000e+00   5.197017e-03
 0.000000e+00   0.000000e+00   1.473861e-02   0.000000e+00   0.000000e+00   1.275313e-02  -5.394413e-02  -1.142177e-02   0.000000e+00
 1.164074e-02   1.174471e-03   0.000000e+00   1.131561e-02  -1.788437e-04   0.000000e+00   0.000000e+00   0.000000e+00   4.660099e-02
-1.864067e-04   3.844666e-04   0.000000e+00  -1.788437e-04   4.871362e-04   0.000000e+00   0.000000e+00   0.000000e+00  -8.252148e-04
 0.000000e+00   0.000000e+00   1.275313e-02   0.000000e+00   0.000000e+00   1.284714e-02  -5.159410e-02   9.475330e-03   0.000000e+00
 0.000000e+00   0.000000e+00  -5.394413e-02   0.000000e+00   0.000000e+00  -5.159410e-02   2.603715e-01   5.721008e-03   0.000000e+00
 0.000000e+00   0.000000e+00  -1.142177e-02   0.000000e+00   0.000000e+00   9.475330e-03   5.721008e-03   5.128084e-01   0.000000e+00
 4.824966e-02   5.197017e-03   0.000000e+00   4.660099e-02  -8.252148e-04   0.000000e+00   0.000000e+00   0.000000e+00   2.377785e-01

# timestamp: 1774889346.1363647
 1.293330e-02   8.308037e-04   0.000000e+00   1.152042e-02  -5.014490e-04   0.000000e+00   0.000000e+00   0.000000e+00   4.865548e-02
 8.308037e-04   1.421330e-03   0.000000e+00   8.002838e-04   3.511298e-04   0.000000e+00   0.000000e+00   0.000000e+00   3.490121e-03
 0.000000e+00   0.000000e+00   1.413508e-02   0.000000e+00   0.000000e+00   1.250087e-02  -5.331232e-02  -3.774487e-03   0.000000e+00
 1.152042e-02   8.002838e-04   0.000000e+00   1.118517e-02  -4.817106e-04   0.000000e+00   0.000000e+00   0.000000e+00   4.683650e-02
-5.014490e-04   3.511298e-04   0.000000e+00  -4.817106e-04   4.951345e-04   0.000000e+00   0.000000e+00   0.000000e+00  -2.258167e-03
 0.000000e+00   0.000000e+00   1.250087e-02   0.000000e+00   0.000000e+00   1.282003e-02  -5.124214e-02   1.615517e-02   0.000000e+00
 0.000000e+00   0.000000e+00  -5.331232e-02   0.000000e+00   0.000000e+00  -5.124214e-02   2.600686e-01  -3.717438e-03   0.000000e+00
 0.000000e+00   0.000000e+00  -3.774487e-03   0.000000e+00   0.000000e+00   1.615517e-02  -3.717438e-03   5.250482e-01   0.000000e+00
 4.865548e-02   3.490121e-03   0.000000e+00   4.683650e-02  -2.258167e-03   0.000000e+00   0.000000e+00   0.000000e+00   2.408507e-01

# timestamp: 1774889346.1536644
 1.346756e-02   8.371749e-04   0.000000e+00   1.193271e-02  -5.156023e-04   0.000000e+00   0.000000e+00   0.000000e+00   4.968705e-02
 8.371749e-04   1.458842e-03   0.000000e+00   8.012161e-04   3.617603e-04   0.000000e+00   0.000000e+00   0.000000e+00   3.440543e-03
 0.000000e+00   0.000000e+00   1.471330e-02   0.000000e+00   0.000000e+00   1.296472e-02  -5.444085e-02  -3.420337e-03   0.000000e+00
 1.193271e-02   8.012161e-04   0.000000e+00   1.150332e-02  -4.926657e-04   0.000000e+00   0.000000e+00   0.000000e+00   4.764683e-02
-5.156023e-04   3.617603e-04   0.000000e+00  -4.926657e-04   4.976483e-04   0.000000e+00   0.000000e+00   0.000000e+00  -2.275476e-03
 0.000000e+00   0.000000e+00   1.296472e-02   0.000000e+00   0.000000e+00   1.317018e-02  -5.211700e-02   1.620521e-02   0.000000e+00
 0.000000e+00   0.000000e+00  -5.444085e-02   0.000000e+00   0.000000e+00  -5.211700e-02   2.622585e-01  -3.717438e-03   0.000000e+00
 0.000000e+00   0.000000e+00  -3.420337e-03   0.000000e+00   0.000000e+00   1.620521e-02  -3.717438e-03   5.272381e-01   0.000000e+00
 4.968705e-02   3.440543e-03   0.000000e+00   4.764683e-02  -2.275476e-03   0.000000e+00   0.000000e+00   0.000000e+00   2.430406e-01

# timestamp: 1774889346.1960495
 1.209809e-02   7.505666e-04   0.000000e+00   1.088563e-02  -4.383733e-04   0.000000e+00   0.000000e+00   0.000000e+00   4.732405e-02
 7.505666e-04   1.338035e-03   0.000000e+00   7.311124e-04   3.333971e-04   0.000000e+00   0.000000e+00   0.000000e+00   3.305510e-03
 0.000000e+00   0.000000e+00   1.310008e-02   0.000000e+00   0.000000e+00   1.163437e-02  -5.126861e-02  -5.468518e-03   0.000000e+00
 1.088563e-02   7.311124e-04   0.000000e+00   1.070512e-02  -4.255749e-04   0.000000e+00   0.000000e+00   0.000000e+00   4.588211e-02
-4.383733e-04   3.333971e-04   0.000000e+00  -4.255749e-04   4.821337e-04   0.000000e+00   0.000000e+00   0.000000e+00  -1.971528e-03
 0.000000e+00   0.000000e+00   1.163437e-02   0.000000e+00   0.000000e+00   1.201175e-02  -4.946560e-02   1.373029e-02   0.000000e+00
 0.000000e+00   0.000000e+00  -5.126861e-02   0.000000e+00   0.000000e+00  -4.946560e-02   2.560137e-01   1.441379e-03   0.000000e+00
 0.000000e+00   0.000000e+00  -5.468518e-03   0.000000e+00   0.000000e+00   1.373029e-02   1.441379e-03   5.283205e-01   0.000000e+00
 4.732405e-02   3.305510e-03   0.000000e+00   4.588211e-02  -1.971528e-03   0.000000e+00   0.000000e+00   0.000000e+00   2.392357e-01

# timestamp: 1774889346.2158356
 1.262897e-02   7.574964e-04   0.000000e+00   1.130949e-02  -4.002737e-04   0.000000e+00   0.000000e+00   0.000000e+00   4.838358e-02
 7.574964e-04   1.376595e-03   0.000000e+00   7.335999e-04   3.477162e-04   0.000000e+00   0.000000e+00   0.000000e+00   3.261987e-03
 0.000000e+00   0.000000e+00   1.366631e-02   0.000000e+00   0.000000e+00   1.210805e-02  -5.241085e-02  -5.157211e-03   0.000000e+00
 1.130949e-02   7.335999e-04   0.000000e+00   1.104612e-02  -3.864689e-04   0.000000e+00   0.000000e+00   0.000000e+00   4.676249e-02
-4.002737e-04   3.477162e-04   0.000000e+00  -3.864689e-04   4.807597e-04   0.000000e+00   0.000000e+00   0.000000e+00  -1.733029e-03
 0.000000e+00   0.000000e+00   1.210805e-02   0.000000e+00   0.000000e+00   1.235251e-02  -5.040874e-02   1.320020e-02   0.000000e+00
 0.000000e+00   0.000000e+00  -5.241085e-02   0.000000e+00   0.000000e+00  -5.040874e-02   2.583090e-01   1.441379e-03   0.000000e+00
 0.000000e+00   0.000000e+00  -5.157211e-03   0.000000e+00   0.000000e+00   1.320020e-02   1.441379e-03   5.306158e-01   0.000000e+00
 4.838358e-02   3.261987e-03   0.000000e+00   4.676249e-02  -1.733029e-03   0.000000e+00   0.000000e+00   0.000000e+00   2.415310e-01

# timestamp: 1774889346.229323
 1.290246e-02   7.613639e-04   0.000000e+00   1.152630e-02  -3.804584e-04   0.000000e+00   0.000000e+00   0.000000e+00   4.892242e-02
 7.613639e-04   1.396158e-03   0.000000e+00   7.351608e-04   3.548586e-04   0.000000e+00   0.000000e+00   0.000000e+00   3.242410e-03
 0.000000e+00   0.000000e+00   1.395839e-02   0.000000e+00   0.000000e+00   1.234982e-02  -5.299169e-02  -5.006232e-03   0.000000e+00
 1.152630e-02   7.351608e-04   0.000000e+00   1.121933e-02  -3.662265e-04   0.000000e+00   0.000000e+00   0.000000e+00   4.720631e-02
-3.804584e-04   3.548586e-04   0.000000e+00  -3.662265e-04   4.802496e-04   0.000000e+00   0.000000e+00   0.000000e+00  -1.612794e-03
 0.000000e+00   0.000000e+00   1.234982e-02   0.000000e+00   0.000000e+00   1.252616e-02  -5.088400e-02   1.293393e-02   0.000000e+00
 0.000000e+00   0.000000e+00  -5.299169e-02   0.000000e+00   0.000000e+00  -5.088400e-02   2.594586e-01   1.441379e-03   0.000000e+00
 0.000000e+00   0.000000e+00  -5.006232e-03   0.000000e+00   0.000000e+00   1.293393e-02   1.441379e-03   5.317653e-01   0.000000e+00
 4.892242e-02   3.242410e-03   0.000000e+00   4.720631e-02  -1.612794e-03   0.000000e+00   0.000000e+00   0.000000e+00   2.426806e-01

# timestamp: 1774889346.436176
 1.218645e-02   1.077571e-03   0.000000e+00   1.094549e-02   8.428140e-04   0.000000e+00   0.000000e+00   0.000000e+00   4.533074e-02
 1.077571e-03   1.470109e-03   0.000000e+00   1.054525e-03   4.712528e-04   0.000000e+00   0.000000e+00   0.000000e+00   4.877167e-03
 0.000000e+00   0.000000e+00   1.447859e-02   0.000000e+00   0.000000e+00   1.284582e-02  -5.292701e-02  -2.197081e-02   0.000000e+00
 1.094549e-02   1.054525e-03   0.000000e+00   1.077670e-02   8.283609e-04   0.000000e+00   0.000000e+00   0.000000e+00   4.446281e-02
 8.428140e-04   4.712528e-04   0.000000e+00   8.283609e-04   5.475791e-04   0.000000e+00   0.000000e+00   0.000000e+00   4.356644e-03
 0.000000e+00   0.000000e+00   1.284582e-02   0.000000e+00   0.000000e+00   1.248401e-02  -5.113751e-02  -1.446661e-02   0.000000e+00
 0.000000e+00   0.000000e+00  -5.292701e-02   0.000000e+00   0.000000e+00  -5.113751e-02   2.570538e-01   3.947845e-02   0.000000e+00
 0.000000e+00   0.000000e+00  -2.197081e-02   0.000000e+00   0.000000e+00  -1.446661e-02   3.947845e-02   4.893351e-01   0.000000e+00
 4.533074e-02   4.877167e-03   0.000000e+00   4.446281e-02   4.356644e-03   0.000000e+00   0.000000e+00   0.000000e+00   2.270485e-01

# timestamp: 1774889346.4590883
 1.267205e-02   1.118870e-03   0.000000e+00   1.133596e-02   1.025650e-03   0.000000e+00   0.000000e+00   0.000000e+00   4.626599e-02
 1.118870e-03   1.511211e-03   0.000000e+00   1.090578e-03   5.006215e-04   0.000000e+00   0.000000e+00   0.000000e+00   4.973897e-03
 0.000000e+00   0.000000e+00   1.504589e-02   0.000000e+00   0.000000e+00   1.337963e-02  -5.400354e-02  -2.228638e-02   0.000000e+00
 1.133596e-02   1.090578e-03   0.000000e+00   1.109693e-02   1.005661e-03   0.000000e+00   0.000000e+00   0.000000e+00   4.527273e-02
 1.025650e-03   5.006215e-04   0.000000e+00   1.005661e-03   5.837379e-04   0.000000e+00   0.000000e+00   0.000000e+00   5.173385e-03
 0.000000e+00   0.000000e+00   1.337963e-02   0.000000e+00   0.000000e+00   1.296265e-02  -5.219495e-02  -1.636103e-02   0.000000e+00
 0.000000e+00   0.000000e+00  -5.400354e-02   0.000000e+00   0.000000e+00  -5.219495e-02   2.591447e-01   3.947845e-02   0.000000e+00
 0.000000e+00   0.000000e+00  -2.228638e-02   0.000000e+00   0.000000e+00  -1.636103e-02   3.947845e-02   4.914260e-01   0.000000e+00
 4.626599e-02   4.973897e-03   0.000000e+00   4.527273e-02   5.173385e-03   0.000000e+00   0.000000e+00   0.000000e+00   2.291394e-01

# timestamp: 1774889346.4747303
 1.303310e-02   1.151576e-03   0.000000e+00   1.162433e-02   1.162175e-03   0.000000e+00   0.000000e+00   0.000000e+00   4.695215e-02
 1.151576e-03   1.541675e-03   0.000000e+00   1.119159e-03   5.225634e-04   0.000000e+00   0.000000e+00   0.000000e+00   5.054293e-03
 0.000000e+00   0.000000e+00   1.546970e-02   0.000000e+00   0.000000e+00   1.377471e-02  -5.479494e-02  -2.253873e-02   0.000000e+00
 1.162433e-02   1.119159e-03   0.000000e+00   1.133189e-02   1.137380e-03   0.000000e+00   0.000000e+00   0.000000e+00   4.586258e-02
 1.162175e-03   5.225634e-04   0.000000e+00   1.137380e-03   6.135107e-04   0.000000e+00   0.000000e+00   0.000000e+00   5.768205e-03
 0.000000e+00   0.000000e+00   1.377471e-02   0.000000e+00   0.000000e+00   1.332160e-02  -5.296364e-02  -1.773449e-02   0.000000e+00
 0.000000e+00   0.000000e+00  -5.479494e-02   0.000000e+00   0.000000e+00  -5.296364e-02   2.606554e-01   3.947845e-02   0.000000e+00
 0.000000e+00   0.000000e+00  -2.253873e-02   0.000000e+00   0.000000e+00  -1.773449e-02   3.947845e-02   4.929367e-01   0.000000e+00
 4.695215e-02   5.054293e-03   0.000000e+00   4.586258e-02   5.768205e-03   0.000000e+00   0.000000e+00   0.000000e+00   2.306501e-01

# timestamp: 1774889346.504113
 9.436220e-03   1.234091e-03   0.000000e+00   8.530926e-03   1.197274e-03   0.000000e+00   0.000000e+00   0.000000e+00   3.545858e-02
 1.234091e-03   1.493618e-03   0.000000e+00   1.241721e-03   5.657971e-04   0.000000e+00   0.000000e+00   0.000000e+00   6.064357e-03
 0.000000e+00   0.000000e+00   1.406909e-02   0.000000e+00   0.000000e+00   1.277907e-02  -5.021248e-02  -3.516262e-02   0.000000e+00
 8.530926e-03   1.241721e-03   0.000000e+00   8.656461e-03   1.207090e-03   0.000000e+00   0.000000e+00   0.000000e+00   3.570633e-02
 1.197274e-03   5.657971e-04   0.000000e+00   1.207090e-03   6.753606e-04   0.000000e+00   0.000000e+00   0.000000e+00   6.375997e-03
 0.000000e+00   0.000000e+00   1.277907e-02   0.000000e+00   0.000000e+00   1.264068e-02  -4.956119e-02  -3.066489e-02   0.000000e+00
 0.000000e+00   0.000000e+00  -5.021248e-02   0.000000e+00   0.000000e+00  -4.956119e-02   2.467581e-01   7.291101e-02   0.000000e+00
 0.000000e+00   0.000000e+00  -3.516262e-02   0.000000e+00   0.000000e+00  -3.066489e-02   7.291101e-02   4.281452e-01   0.000000e+00
 3.545858e-02   6.064357e-03   0.000000e+00   3.570633e-02   6.375997e-03   0.000000e+00   0.000000e+00   0.000000e+00   1.892363e-01

# timestamp: 1774889346.5218194
 9.799005e-03   1.284102e-03   0.000000e+00   8.822891e-03   1.385953e-03   0.000000e+00   0.000000e+00   0.000000e+00   3.617007e-02
 1.284102e-03   1.536482e-03   0.000000e+00   1.287207e-03   6.075963e-04   0.000000e+00   0.000000e+00   0.000000e+00   6.196371e-03
 0.000000e+00   0.000000e+00   1.460455e-02   0.000000e+00   0.000000e+00   1.336380e-02  -5.120188e-02  -3.578456e-02   0.000000e+00
 8.822891e-03   1.287207e-03   0.000000e+00   8.896804e-03   1.393568e-03   0.000000e+00   0.000000e+00   0.000000e+00   3.633682e-02
 1.385953e-03   6.075963e-04   0.000000e+00   1.393568e-03   7.393239e-04   0.000000e+00   0.000000e+00   0.000000e+00   7.243322e-03
 0.000000e+00   0.000000e+00   1.336380e-02   0.000000e+00   0.000000e+00   1.326357e-02  -5.071385e-02  -3.286084e-02   0.000000e+00
 0.000000e+00   0.000000e+00  -5.120188e-02   0.000000e+00   0.000000e+00  -5.071385e-02   2.487392e-01   7.291101e-02   0.000000e+00
 0.000000e+00   0.000000e+00  -3.578456e-02   0.000000e+00   0.000000e+00  -3.286084e-02   7.291101e-02   4.301262e-01   0.000000e+00
 3.617007e-02   6.196371e-03   0.000000e+00   3.633682e-02   7.243322e-03   0.000000e+00   0.000000e+00   0.000000e+00   1.912173e-01

# timestamp: 1774889346.535694
 1.006250e-02   1.322272e-03   0.000000e+00   9.033619e-03   1.523572e-03   0.000000e+00   0.000000e+00   0.000000e+00   3.668056e-02
 1.322272e-03   1.567794e-03   0.000000e+00   1.321864e-03   6.383200e-04   0.000000e+00   0.000000e+00   0.000000e+00   6.299935e-03
 0.000000e+00   0.000000e+00   1.499715e-02   0.000000e+00   0.000000e+00   1.378846e-02  -5.191501e-02  -3.625015e-02   0.000000e+00
 9.033619e-03   1.321864e-03   0.000000e+00   9.069265e-03   1.528894e-03   0.000000e+00   0.000000e+00   0.000000e+00   3.678662e-02
 1.523572e-03   6.383200e-04   0.000000e+00   1.528894e-03   7.893331e-04   0.000000e+00   0.000000e+00   0.000000e+00   7.862085e-03
 0.000000e+00   0.000000e+00   1.378846e-02   0.000000e+00   0.000000e+00   1.372067e-02  -5.153285e-02  -3.441900e-02   0.000000e+00
 0.000000e+00   0.000000e+00  -5.191501e-02   0.000000e+00   0.000000e+00  -5.153285e-02   2.501398e-01   7.291101e-02   0.000000e+00
 0.000000e+00   0.000000e+00  -3.625015e-02   0.000000e+00   0.000000e+00  -3.441900e-02   7.291101e-02   4.315268e-01   0.000000e+00
 3.668056e-02   6.299935e-03   0.000000e+00   3.678662e-02   7.862085e-03   0.000000e+00   0.000000e+00   0.000000e+00   1.926180e-01

# timestamp: 1774889346.746308
 6.389713e-03   1.549853e-03   0.000000e+00   5.627717e-03   2.140404e-03   0.000000e+00   0.000000e+00   0.000000e+00   2.140619e-02
 1.549853e-03   1.936540e-03   0.000000e+00   1.659250e-03   1.197663e-03   0.000000e+00   0.000000e+00   0.000000e+00   8.350700e-03
 0.000000e+00   0.000000e+00   1.796428e-02   0.000000e+00   0.000000e+00   1.867897e-02  -5.044851e-02  -6.140743e-02   0.000000e+00
 5.627717e-03   1.659250e-03   0.000000e+00   5.961401e-03   2.304321e-03   0.000000e+00   0.000000e+00   0.000000e+00   2.315795e-02
 2.140404e-03   1.197663e-03   0.000000e+00   2.304321e-03   1.643713e-03   0.000000e+00   0.000000e+00   0.000000e+00   1.216746e-02
 0.000000e+00   0.000000e+00   1.867897e-02   0.000000e+00   0.000000e+00   2.073033e-02  -5.548057e-02  -7.000401e-02   0.000000e+00
 0.000000e+00   0.000000e+00  -5.044851e-02   0.000000e+00   0.000000e+00  -5.548057e-02   2.302781e-01   1.198894e-01   0.000000e+00
 0.000000e+00   0.000000e+00  -6.140743e-02   0.000000e+00   0.000000e+00  -7.000401e-02   1.198894e-01   3.936123e-01   0.000000e+00
 2.140619e-02   8.350700e-03   0.000000e+00   2.315795e-02   1.216746e-02   0.000000e+00   0.000000e+00   0.000000e+00   1.352313e-01

# timestamp: 1774889346.7688456
 6.804173e-03   1.680686e-03   0.000000e+00   5.944392e-03   2.410930e-03   0.000000e+00   0.000000e+00   0.000000e+00   2.218013e-02
 1.680686e-03   2.052319e-03   0.000000e+00   1.784354e-03   1.329785e-03   0.000000e+00   0.000000e+00   0.000000e+00   8.766256e-03
 0.000000e+00   0.000000e+00   1.927398e-02   0.000000e+00   0.000000e+00   2.020971e-02  -5.230857e-02  -6.376771e-02   0.000000e+00
 5.944392e-03   1.784354e-03   0.000000e+00   6.215155e-03   2.577594e-03   0.000000e+00   0.000000e+00   0.000000e+00   2.388961e-02
 2.410930e-03   1.329785e-03   0.000000e+00   2.577594e-03   1.869863e-03   0.000000e+00   0.000000e+00   0.000000e+00   1.336710e-02
 0.000000e+00   0.000000e+00   2.020971e-02   0.000000e+00   0.000000e+00   2.259424e-02  -5.776468e-02  -7.409717e-02   0.000000e+00
 0.000000e+00   0.000000e+00  -5.230857e-02   0.000000e+00   0.000000e+00  -5.776468e-02   2.335856e-01   1.198894e-01   0.000000e+00
 0.000000e+00   0.000000e+00  -6.376771e-02   0.000000e+00   0.000000e+00  -7.409717e-02   1.198894e-01   3.969197e-01   0.000000e+00
 2.218013e-02   8.766256e-03   0.000000e+00   2.388961e-02   1.336710e-02   0.000000e+00   0.000000e+00   0.000000e+00   1.385387e-01

# timestamp: 1774889346.8147945
 5.081203e-03   1.502208e-03   0.000000e+00   4.481203e-03   2.038370e-03   0.000000e+00   0.000000e+00   0.000000e+00   1.704359e-02
 1.502208e-03   2.052780e-03   0.000000e+00   1.694326e-03   1.403166e-03   0.000000e+00   0.000000e+00   0.000000e+00   8.982033e-03
 0.000000e+00   0.000000e+00   1.833666e-02   0.000000e+00   0.000000e+00   1.994516e-02  -4.725446e-02  -6.827373e-02   0.000000e+00
 4.481203e-03   1.694326e-03   0.000000e+00   4.972158e-03   2.310398e-03   0.000000e+00   0.000000e+00   0.000000e+00   1.943551e-02
 2.038370e-03   1.403166e-03   0.000000e+00   2.310398e-03   1.917231e-03   0.000000e+00   0.000000e+00   0.000000e+00   1.264820e-02
 0.000000e+00   0.000000e+00   1.994516e-02   0.000000e+00   0.000000e+00   2.305334e-02  -5.441379e-02  -7.999445e-02   0.000000e+00
 0.000000e+00   0.000000e+00  -4.725446e-02   0.000000e+00   0.000000e+00  -5.441379e-02   2.164744e-01   1.251547e-01   0.000000e+00
 0.000000e+00   0.000000e+00  -6.827373e-02   0.000000e+00   0.000000e+00  -7.999445e-02   1.251547e-01   3.991697e-01   0.000000e+00
 1.704359e-02   8.982033e-03   0.000000e+00   1.943551e-02   1.264820e-02   0.000000e+00   0.000000e+00   0.000000e+00   1.208252e-01

# timestamp: 1774889346.8317213
 5.238982e-03   1.561657e-03   0.000000e+00   4.603598e-03   2.145086e-03   0.000000e+00   0.000000e+00   0.000000e+00   1.734951e-02
 1.561657e-03   2.113216e-03   0.000000e+00   1.754251e-03   1.470680e-03   0.000000e+00   0.000000e+00   0.000000e+00   9.182197e-03
 0.000000e+00   0.000000e+00   1.898655e-02   0.000000e+00   0.000000e+00   2.071305e-02  -4.811168e-02  -6.953534e-02   0.000000e+00
 4.603598e-03   1.754251e-03   0.000000e+00   5.073593e-03   2.422722e-03   0.000000e+00   0.000000e+00   0.000000e+00   1.974653e-02
 2.145086e-03   1.470680e-03   0.000000e+00   2.422722e-03   2.023400e-03   0.000000e+00   0.000000e+00   0.000000e+00   1.314311e-02
 0.000000e+00   0.000000e+00   2.071305e-02   0.000000e+00   0.000000e+00   2.399175e-02  -5.547620e-02  -8.193725e-02   0.000000e+00
 0.000000e+00   0.000000e+00  -4.811168e-02   0.000000e+00   0.000000e+00  -5.547620e-02   2.180426e-01   1.251547e-01   0.000000e+00
 0.000000e+00   0.000000e+00  -6.953534e-02   0.000000e+00   0.000000e+00  -8.193725e-02   1.251547e-01   4.007379e-01   0.000000e+00
 1.734951e-02   9.182197e-03   0.000000e+00   1.974653e-02   1.314311e-02   0.000000e+00   0.000000e+00   0.000000e+00   1.223934e-01

# timestamp: 1774889347.1292493
 4.111309e-03   2.000496e-03   0.000000e+00   3.700697e-03   2.684279e-03   0.000000e+00   0.000000e+00   0.000000e+00   1.418981e-02
 2.000496e-03   3.144877e-03   0.000000e+00   2.546975e-03   2.838101e-03   0.000000e+00   0.000000e+00   0.000000e+00   1.362615e-02
 0.000000e+00   0.000000e+00   2.219491e-02   0.000000e+00   0.000000e+00   2.623257e-02  -3.960158e-02  -8.199284e-02   0.000000e+00
 3.700697e-03   2.546975e-03   0.000000e+00   4.511253e-03   3.432285e-03   0.000000e+00   0.000000e+00   0.000000e+00   1.848670e-02
 2.684279e-03   2.838101e-03   0.000000e+00   3.432285e-03   3.824871e-03   0.000000e+00   0.000000e+00   0.000000e+00   1.865665e-02
 0.000000e+00   0.000000e+00   2.623257e-02   0.000000e+00   0.000000e+00   3.260767e-02  -5.041556e-02  -1.020856e-01   0.000000e+00
 0.000000e+00   0.000000e+00  -3.960158e-02   0.000000e+00   0.000000e+00  -5.041556e-02   1.943279e-01   9.230850e-02   0.000000e+00
 0.000000e+00   0.000000e+00  -8.199284e-02   0.000000e+00   0.000000e+00  -1.020856e-01   9.230850e-02   4.056369e-01   0.000000e+00
 1.418981e-02   1.362615e-02   0.000000e+00   1.848670e-02   1.865665e-02   0.000000e+00   0.000000e+00   0.000000e+00   1.226756e-01

# timestamp: 1774889347.1489017
 4.260904e-03   2.094035e-03   0.000000e+00   3.825274e-03   2.804116e-03   0.000000e+00   0.000000e+00   0.000000e+00   1.451670e-02
 2.094035e-03   3.264009e-03   0.000000e+00   2.650890e-03   2.962662e-03   0.000000e+00   0.000000e+00   0.000000e+00   1.395655e-02
 0.000000e+00   0.000000e+00   2.314966e-02   0.000000e+00   0.000000e+00   2.727583e-02  -4.049279e-02  -8.379724e-02   0.000000e+00
 3.825274e-03   2.650890e-03   0.000000e+00   4.628654e-03   3.566994e-03   0.000000e+00   0.000000e+00   0.000000e+00   1.887058e-02
 2.804116e-03   2.962662e-03   0.000000e+00   3.566994e-03   3.980861e-03   0.000000e+00   0.000000e+00   0.000000e+00   1.916238e-02
 0.000000e+00   0.000000e+00   2.727583e-02   0.000000e+00   0.000000e+00   3.376519e-02  -5.139770e-02  -1.040311e-01   0.000000e+00
 0.000000e+00   0.000000e+00  -4.049279e-02   0.000000e+00   0.000000e+00  -5.139770e-02   1.960873e-01   9.230850e-02   0.000000e+00
 0.000000e+00   0.000000e+00  -8.379724e-02   0.000000e+00   0.000000e+00  -1.040311e-01   9.230850e-02   4.073963e-01   0.000000e+00
 1.451670e-02   1.395655e-02   0.000000e+00   1.887058e-02   1.916238e-02   0.000000e+00   0.000000e+00   0.000000e+00   1.244350e-01

# timestamp: 1774889347.1672127
 4.412414e-03   2.189969e-03   0.000000e+00   3.950873e-03   2.925670e-03   0.000000e+00   0.000000e+00   0.000000e+00   1.484498e-02
 2.189969e-03   3.385566e-03   0.000000e+00   2.756479e-03   3.089257e-03   0.000000e+00   0.000000e+00   0.000000e+00   1.429039e-02
 0.000000e+00   0.000000e+00   2.412537e-02   0.000000e+00   0.000000e+00   2.833228e-02  -4.138661e-02  -8.560618e-02   0.000000e+00
 3.950873e-03   2.756479e-03   0.000000e+00   4.746491e-03   3.702601e-03   0.000000e+00   0.000000e+00   0.000000e+00   1.925351e-02
 2.925670e-03   3.089257e-03   0.000000e+00   3.702601e-03   4.138380e-03   0.000000e+00   0.000000e+00   0.000000e+00   1.966686e-02
 0.000000e+00   0.000000e+00   2.833228e-02   0.000000e+00   0.000000e+00   3.492544e-02  -5.236922e-02  -1.059520e-01   0.000000e+00
 0.000000e+00   0.000000e+00  -4.138661e-02   0.000000e+00   0.000000e+00  -5.236922e-02   1.978182e-01   9.230850e-02   0.000000e+00
 0.000000e+00   0.000000e+00  -8.560618e-02   0.000000e+00   0.000000e+00  -1.059520e-01   9.230850e-02   4.091272e-01   0.000000e+00
 1.484498e-02   1.429039e-02   0.000000e+00   1.925351e-02   1.966686e-02   0.000000e+00   0.000000e+00   0.000000e+00   1.261659e-01

# timestamp: 1774889347.5048003
 3.843941e-03   2.842874e-03   0.000000e+00   3.859932e-03   3.559805e-03   0.000000e+00   0.000000e+00   0.000000e+00   1.576435e-02
 2.842874e-03   4.945502e-03   0.000000e+00   4.103257e-03   4.957118e-03   0.000000e+00   0.000000e+00   0.000000e+00   2.088902e-02
 0.000000e+00   0.000000e+00   1.890509e-02   0.000000e+00   0.000000e+00   2.239946e-02  -2.562241e-02  -6.681067e-02   0.000000e+00
 3.859932e-03   4.103257e-03   0.000000e+00   5.345963e-03   5.146334e-03   0.000000e+00   0.000000e+00   0.000000e+00   2.325190e-02
 3.559805e-03   4.957118e-03   0.000000e+00   5.146334e-03   6.244065e-03   0.000000e+00   0.000000e+00   0.000000e+00   2.622672e-02
 0.000000e+00   0.000000e+00   2.239946e-02   0.000000e+00   0.000000e+00   2.821824e-02  -3.665628e-02  -8.157397e-02   0.000000e+00
 0.000000e+00   0.000000e+00  -2.562241e-02   0.000000e+00   0.000000e+00  -3.665628e-02   1.903268e-01   2.560210e-02   0.000000e+00
 0.000000e+00   0.000000e+00  -6.681067e-02   0.000000e+00   0.000000e+00  -8.157397e-02   2.560210e-02   3.286666e-01   0.000000e+00
 1.576435e-02   2.088902e-02   0.000000e+00   2.325190e-02   2.622672e-02   0.000000e+00   0.000000e+00   0.000000e+00   1.450539e-01

# timestamp: 1774889347.5625033
 4.356543e-03   3.296771e-03   0.000000e+00   4.361449e-03   4.027635e-03   0.000000e+00   0.000000e+00   0.000000e+00   1.710217e-02
 3.296771e-03   5.584805e-03   0.000000e+00   4.653488e-03   5.539153e-03   0.000000e+00   0.000000e+00   0.000000e+00   2.238809e-02
 0.000000e+00   0.000000e+00   2.159834e-02   0.000000e+00   0.000000e+00   2.504758e-02  -2.772682e-02  -7.144964e-02   0.000000e+00
 4.361449e-03   4.653488e-03   0.000000e+00   5.905760e-03   5.700940e-03   0.000000e+00   0.000000e+00   0.000000e+00   2.495662e-02
 4.027635e-03   5.539153e-03   0.000000e+00   5.700940e-03   6.796846e-03   0.000000e+00   0.000000e+00   0.000000e+00   2.773046e-02
 0.000000e+00   0.000000e+00   2.504758e-02   0.000000e+00   0.000000e+00   3.078715e-02  -3.914128e-02  -8.523452e-02   0.000000e+00
 0.000000e+00   0.000000e+00  -2.772682e-02   0.000000e+00   0.000000e+00  -3.914128e-02   1.959070e-01   2.560210e-02   0.000000e+00
 0.000000e+00   0.000000e+00  -7.144964e-02   0.000000e+00   0.000000e+00  -8.523452e-02   2.560210e-02   3.342469e-01   0.000000e+00
 1.710217e-02   2.238809e-02   0.000000e+00   2.495662e-02   2.773046e-02   0.000000e+00   0.000000e+00   0.000000e+00   1.506342e-01

# timestamp: 1774889347.973125
 5.591941e-03   4.917503e-03   0.000000e+00   6.285562e-03   5.332149e-03   0.000000e+00   0.000000e+00   0.000000e+00   2.391662e-02
 4.917503e-03   7.554252e-03   0.000000e+00   7.102984e-03   7.057641e-03   0.000000e+00   0.000000e+00   0.000000e+00   2.972830e-02
 0.000000e+00   0.000000e+00   1.729310e-02   0.000000e+00   0.000000e+00   1.905468e-02  -2.811897e-02  -4.971299e-02   0.000000e+00
 6.285562e-03   7.102984e-03   0.000000e+00   8.897248e-03   7.707108e-03   0.000000e+00   0.000000e+00   0.000000e+00   3.556252e-02
 5.332149e-03   7.057641e-03   0.000000e+00   7.707108e-03   7.704539e-03   0.000000e+00   0.000000e+00   0.000000e+00   3.232108e-02
 0.000000e+00   0.000000e+00   1.905468e-02   0.000000e+00   0.000000e+00   2.304083e-02  -4.307604e-02  -5.232401e-02   0.000000e+00
 0.000000e+00   0.000000e+00  -2.811897e-02   0.000000e+00   0.000000e+00  -4.307604e-02   2.261332e-01  -9.822871e-03   0.000000e+00
 0.000000e+00   0.000000e+00  -4.971299e-02   0.000000e+00   0.000000e+00  -5.232401e-02  -9.822871e-03   2.663573e-01   0.000000e+00
 2.391662e-02   2.972830e-02   0.000000e+00   3.556252e-02   3.232108e-02   0.000000e+00   0.000000e+00   0.000000e+00   1.823347e-01

# timestamp: 1774889348.1773849
 6.423939e-03   5.540346e-03   0.000000e+00   7.487874e-03   5.530822e-03   0.000000e+00   0.000000e+00   0.000000e+00   2.742640e-02
 5.540346e-03   7.804617e-03   0.000000e+00   7.966275e-03   6.775752e-03   0.000000e+00   0.000000e+00   0.000000e+00   3.114082e-02
 0.000000e+00   0.000000e+00   1.614699e-02   0.000000e+00   0.000000e+00   1.742505e-02  -3.114582e-02  -4.236562e-02   0.000000e+00
 7.487874e-03   7.966275e-03   0.000000e+00   1.063002e-02   7.947211e-03   0.000000e+00   0.000000e+00   0.000000e+00   4.052478e-02
 5.530822e-03   6.775752e-03   0.000000e+00   7.947211e-03   6.850936e-03   0.000000e+00   0.000000e+00   0.000000e+00   3.091192e-02
 0.000000e+00   0.000000e+00   1.742505e-02   0.000000e+00   0.000000e+00   2.118903e-02  -4.864723e-02  -3.958929e-02   0.000000e+00
 0.000000e+00   0.000000e+00  -3.114582e-02   0.000000e+00   0.000000e+00  -4.864723e-02   2.420217e-01  -2.169119e-02   0.000000e+00
 0.000000e+00   0.000000e+00  -4.236562e-02   0.000000e+00   0.000000e+00  -3.958929e-02  -2.169119e-02   2.548825e-01   0.000000e+00
 2.742640e-02   3.114082e-02   0.000000e+00   4.052478e-02   3.091192e-02   0.000000e+00   0.000000e+00   0.000000e+00   1.931277e-01

# timestamp: 1774889348.22426
 5.874404e-03   4.963981e-03   0.000000e+00   6.979518e-03   4.964440e-03   0.000000e+00   0.000000e+00   0.000000e+00   2.653149e-02
 4.963981e-03   6.919869e-03   0.000000e+00   7.290095e-03   5.981445e-03   0.000000e+00   0.000000e+00   0.000000e+00   2.947735e-02
 0.000000e+00   0.000000e+00   1.371931e-02   0.000000e+00   0.000000e+00   1.504287e-02  -2.959343e-02  -3.728807e-02   0.000000e+00
 6.979518e-03   7.290095e-03   0.000000e+00   1.012899e-02   7.282226e-03   0.000000e+00   0.000000e+00   0.000000e+00   3.957750e-02
 4.964440e-03   5.981445e-03   0.000000e+00   7.282226e-03   6.098174e-03   0.000000e+00   0.000000e+00   0.000000e+00   2.907775e-02
 0.000000e+00   0.000000e+00   1.504287e-02   0.000000e+00   0.000000e+00   1.888855e-02  -4.752003e-02  -3.381156e-02   0.000000e+00
 0.000000e+00   0.000000e+00  -2.959343e-02   0.000000e+00   0.000000e+00  -4.752003e-02   2.429211e-01  -2.783487e-02   0.000000e+00
 0.000000e+00   0.000000e+00  -3.728807e-02   0.000000e+00   0.000000e+00  -3.381156e-02  -2.783487e-02   2.476520e-01   0.000000e+00
 2.653149e-02   2.947735e-02   0.000000e+00   3.957750e-02   2.907775e-02   0.000000e+00   0.000000e+00   0.000000e+00   1.911693e-01

# timestamp: 1774889348.494306
 6.349183e-03   5.001942e-03   0.000000e+00   7.523419e-03   4.548305e-03   0.000000e+00   0.000000e+00   0.000000e+00   2.876179e-02
 5.001942e-03   6.339781e-03   0.000000e+00   7.119593e-03   4.970481e-03   0.000000e+00   0.000000e+00   0.000000e+00   2.863841e-02
 0.000000e+00   0.000000e+00   1.245011e-02   0.000000e+00   0.000000e+00   1.316805e-02  -2.963117e-02  -3.318436e-02   0.000000e+00
 7.523419e-03   7.119593e-03   0.000000e+00   1.063793e-02   6.463984e-03   0.000000e+00   0.000000e+00   0.000000e+00   4.127103e-02
 4.548305e-03   4.970481e-03   0.000000e+00   6.463984e-03   4.685498e-03   0.000000e+00   0.000000e+00   0.000000e+00   2.550554e-02
 0.000000e+00   0.000000e+00   1.316805e-02   0.000000e+00   0.000000e+00   1.659014e-02  -4.823953e-02  -2.435344e-02   0.000000e+00
 0.000000e+00   0.000000e+00  -2.963117e-02   0.000000e+00   0.000000e+00  -4.823953e-02   2.519599e-01  -4.505514e-02   0.000000e+00
 0.000000e+00   0.000000e+00  -3.318436e-02   0.000000e+00   0.000000e+00  -2.435344e-02  -4.505514e-02   2.599088e-01   0.000000e+00
 2.876179e-02   2.863841e-02   0.000000e+00   4.127103e-02   2.550554e-02   0.000000e+00   0.000000e+00   0.000000e+00   1.973601e-01

# timestamp: 1774889348.5207179
 6.674811e-03   5.238099e-03   0.000000e+00   7.845347e-03   4.712839e-03   0.000000e+00   0.000000e+00   0.000000e+00   2.958953e-02
 5.238099e-03   6.560251e-03   0.000000e+00   7.355966e-03   5.098637e-03   0.000000e+00   0.000000e+00   0.000000e+00   2.914852e-02
 0.000000e+00   0.000000e+00   1.300378e-02   0.000000e+00   0.000000e+00   1.365258e-02  -3.059883e-02  -3.367089e-02   0.000000e+00
 7.845347e-03   7.355966e-03   0.000000e+00   1.094607e-02   6.607476e-03   0.000000e+00   0.000000e+00   0.000000e+00   4.200152e-02
 4.712839e-03   5.098637e-03   0.000000e+00   6.607476e-03   4.748157e-03   0.000000e+00   0.000000e+00   0.000000e+00   2.574075e-02
 0.000000e+00   0.000000e+00   1.365258e-02   0.000000e+00   0.000000e+00   1.700789e-02  -4.911742e-02  -2.449705e-02   0.000000e+00
 0.000000e+00   0.000000e+00  -3.059883e-02   0.000000e+00   0.000000e+00  -4.911742e-02   2.539537e-01  -4.505514e-02   0.000000e+00
 0.000000e+00   0.000000e+00  -3.367089e-02   0.000000e+00   0.000000e+00  -2.449705e-02  -4.505514e-02   2.619026e-01   0.000000e+00
 2.958953e-02   2.914852e-02   0.000000e+00   4.200152e-02   2.574075e-02   0.000000e+00   0.000000e+00   0.000000e+00   1.993539e-01

# timestamp: 1774889348.5352368
 6.879385e-03   5.385802e-03   0.000000e+00   8.045838e-03   4.814889e-03   0.000000e+00   0.000000e+00   0.000000e+00   3.010060e-02
 5.385802e-03   6.696967e-03   0.000000e+00   7.502171e-03   5.177555e-03   0.000000e+00   0.000000e+00   0.000000e+00   2.946134e-02
 0.000000e+00   0.000000e+00   1.335036e-02   0.000000e+00   0.000000e+00   1.395367e-02  -3.119653e-02  -3.396845e-02   0.000000e+00
 8.045838e-03   7.502171e-03   0.000000e+00   1.113626e-02   6.695663e-03   0.000000e+00   0.000000e+00   0.000000e+00   4.244965e-02
 4.814889e-03   5.177555e-03   0.000000e+00   6.695663e-03   4.786568e-03   0.000000e+00   0.000000e+00   0.000000e+00   2.588504e-02
 0.000000e+00   0.000000e+00   1.395367e-02   0.000000e+00   0.000000e+00   1.726549e-02  -4.965527e-02  -2.458559e-02   0.000000e+00
 0.000000e+00   0.000000e+00  -3.119653e-02   0.000000e+00   0.000000e+00  -4.965527e-02   2.551673e-01  -4.505514e-02   0.000000e+00
 0.000000e+00   0.000000e+00  -3.396845e-02   0.000000e+00   0.000000e+00  -2.458559e-02  -4.505514e-02   2.631162e-01   0.000000e+00
 3.010060e-02   2.946134e-02   0.000000e+00   4.244965e-02   2.588504e-02   0.000000e+00   0.000000e+00   0.000000e+00   2.005675e-01

# timestamp: 1774889348.734192
 7.384891e-03   5.447886e-03   0.000000e+00   8.343017e-03   4.606332e-03   0.000000e+00   0.000000e+00   0.000000e+00   3.186971e-02
 5.447886e-03   6.341460e-03   0.000000e+00   7.209111e-03   4.616619e-03   0.000000e+00   0.000000e+00   0.000000e+00   2.883602e-02
 0.000000e+00   0.000000e+00   1.310956e-02   0.000000e+00   0.000000e+00   1.326826e-02  -3.240881e-02  -3.218131e-02   0.000000e+00
 8.343017e-03   7.209111e-03   0.000000e+00   1.100026e-02   6.087001e-03   0.000000e+00   0.000000e+00   0.000000e+00   4.249138e-02
 4.606332e-03   4.616619e-03   0.000000e+00   6.087001e-03   4.079335e-03   0.000000e+00   0.000000e+00   0.000000e+00   2.395683e-02
 0.000000e+00   0.000000e+00   1.326826e-02   0.000000e+00   0.000000e+00   1.605913e-02  -4.965676e-02  -2.027851e-02   0.000000e+00
 0.000000e+00   0.000000e+00  -3.240881e-02   0.000000e+00   0.000000e+00  -4.965676e-02   2.622607e-01  -5.432183e-02   0.000000e+00
 0.000000e+00   0.000000e+00  -3.218131e-02   0.000000e+00   0.000000e+00  -2.027851e-02  -5.432183e-02   2.765000e-01   0.000000e+00
 3.186971e-02   2.883602e-02   0.000000e+00   4.249138e-02   2.395683e-02   0.000000e+00   0.000000e+00   0.000000e+00   2.052593e-01

# timestamp: 1774889348.748057
 7.666472e-03   5.635682e-03   0.000000e+00   8.593934e-03   4.734471e-03   0.000000e+00   0.000000e+00   0.000000e+00   3.254014e-02
 5.635682e-03   6.503694e-03   0.000000e+00   7.374563e-03   4.709774e-03   0.000000e+00   0.000000e+00   0.000000e+00   2.921373e-02
 0.000000e+00   0.000000e+00   1.354763e-02   0.000000e+00   0.000000e+00   1.363258e-02  -3.319229e-02  -3.250092e-02   0.000000e+00
 8.593934e-03   7.374563e-03   0.000000e+00   1.120524e-02   6.186480e-03   0.000000e+00   0.000000e+00   0.000000e+00   4.298267e-02
 4.734471e-03   4.709774e-03   0.000000e+00   6.186480e-03   4.128450e-03   0.000000e+00   0.000000e+00   0.000000e+00   2.416080e-02
 0.000000e+00   0.000000e+00   1.363258e-02   0.000000e+00   0.000000e+00   1.633862e-02  -5.023002e-02  -2.042360e-02   0.000000e+00
 0.000000e+00   0.000000e+00  -3.319229e-02   0.000000e+00   0.000000e+00  -5.023002e-02   2.638340e-01  -5.432183e-02   0.000000e+00
 0.000000e+00   0.000000e+00  -3.250092e-02   0.000000e+00   0.000000e+00  -2.042360e-02  -5.432183e-02   2.780733e-01   0.000000e+00
 3.254014e-02   2.921373e-02   0.000000e+00   4.298267e-02   2.416080e-02   0.000000e+00   0.000000e+00   0.000000e+00   2.068326e-01

# timestamp: 1774889348.768028
 8.065264e-03   5.900574e-03   0.000000e+00   8.945617e-03   4.913687e-03   0.000000e+00   0.000000e+00   0.000000e+00   3.347142e-02
 5.900574e-03   6.730777e-03   0.000000e+00   7.605278e-03   4.839279e-03   0.000000e+00   0.000000e+00   0.000000e+00   2.973650e-02
 0.000000e+00   0.000000e+00   1.416669e-02   0.000000e+00   0.000000e+00   1.414251e-02  -3.428058e-02  -3.294257e-02   0.000000e+00
 8.945617e-03   7.605278e-03   0.000000e+00   1.148988e-02   6.324356e-03   0.000000e+00   0.000000e+00   0.000000e+00   4.366175e-02
 4.913687e-03   4.839279e-03   0.000000e+00   6.324356e-03   4.196397e-03   0.000000e+00   0.000000e+00   0.000000e+00   2.444274e-02
 0.000000e+00   0.000000e+00   1.414251e-02   0.000000e+00   0.000000e+00   1.672646e-02  -5.102142e-02  -2.062487e-02   0.000000e+00
 0.000000e+00   0.000000e+00  -3.428058e-02   0.000000e+00   0.000000e+00  -5.102142e-02   2.659895e-01  -5.432183e-02   0.000000e+00
 0.000000e+00   0.000000e+00  -3.294257e-02   0.000000e+00   0.000000e+00  -2.062487e-02  -5.432183e-02   2.802289e-01   0.000000e+00
 3.347142e-02   2.973650e-02   0.000000e+00   4.366175e-02   2.444274e-02   0.000000e+00   0.000000e+00   0.000000e+00   2.089881e-01

# timestamp: 1774889348.803848
 7.033857e-03   5.081564e-03   0.000000e+00   7.884937e-03   4.255297e-03   0.000000e+00   0.000000e+00   0.000000e+00   3.122207e-02
 5.081564e-03   5.857282e-03   0.000000e+00   6.676424e-03   4.199428e-03   0.000000e+00   0.000000e+00   0.000000e+00   2.774823e-02
 0.000000e+00   0.000000e+00   1.218050e-02   0.000000e+00   0.000000e+00   1.222370e-02  -3.120224e-02  -3.111885e-02   0.000000e+00
 7.884937e-03   6.676424e-03   0.000000e+00   1.033849e-02   5.585492e-03   0.000000e+00   0.000000e+00   0.000000e+00   4.108123e-02
 4.255297e-03   4.199428e-03   0.000000e+00   5.585492e-03   3.705347e-03   0.000000e+00   0.000000e+00   0.000000e+00   2.276298e-02
 0.000000e+00   0.000000e+00   1.222370e-02   0.000000e+00   0.000000e+00   1.482940e-02  -4.782420e-02  -1.864871e-02   0.000000e+00
 0.000000e+00   0.000000e+00  -3.120224e-02   0.000000e+00   0.000000e+00  -4.782420e-02   2.616323e-01  -5.835466e-02   0.000000e+00
 0.000000e+00   0.000000e+00  -3.111885e-02   0.000000e+00   0.000000e+00  -1.864871e-02  -5.835466e-02   2.814390e-01   0.000000e+00
 3.122207e-02   2.774823e-02   0.000000e+00   4.108123e-02   2.276298e-02   0.000000e+00   0.000000e+00   0.000000e+00   2.040830e-01

# timestamp: 1774889348.8178537
 7.239916e-03   5.215718e-03   0.000000e+00   8.064948e-03   4.346553e-03   0.000000e+00   0.000000e+00   0.000000e+00   3.172336e-02
 5.215718e-03   5.972401e-03   0.000000e+00   6.792146e-03   4.265039e-03   0.000000e+00   0.000000e+00   0.000000e+00   2.802585e-02
 0.000000e+00   0.000000e+00   1.249302e-02   0.000000e+00   0.000000e+00   1.248143e-02  -3.178580e-02  -3.134625e-02   0.000000e+00
 8.064948e-03   6.792146e-03   0.000000e+00   1.047990e-02   5.654371e-03   0.000000e+00   0.000000e+00   0.000000e+00   4.142953e-02
 4.346553e-03   4.265039e-03   0.000000e+00   5.654371e-03   3.739862e-03   0.000000e+00   0.000000e+00   0.000000e+00   2.291243e-02
 0.000000e+00   0.000000e+00   1.248143e-02   0.000000e+00   0.000000e+00   1.502108e-02  -4.822775e-02  -1.875540e-02   0.000000e+00
 0.000000e+00   0.000000e+00  -3.178580e-02   0.000000e+00   0.000000e+00  -4.822775e-02   2.628500e-01  -5.835466e-02   0.000000e+00
 0.000000e+00   0.000000e+00  -3.134625e-02   0.000000e+00   0.000000e+00  -1.875540e-02  -5.835466e-02   2.826567e-01   0.000000e+00
 3.172336e-02   2.802585e-02   0.000000e+00   4.142953e-02   2.291243e-02   0.000000e+00   0.000000e+00   0.000000e+00   2.053006e-01

# timestamp: 1774889348.8360424
 7.571723e-03   5.431054e-03   0.000000e+00   8.352249e-03   4.491994e-03   0.000000e+00   0.000000e+00   0.000000e+00   3.251744e-02
 5.431054e-03   6.156039e-03   0.000000e+00   6.976145e-03   4.369118e-03   0.000000e+00   0.000000e+00   0.000000e+00   2.846459e-02
 0.000000e+00   0.000000e+00   1.299551e-02   0.000000e+00   0.000000e+00   1.289238e-02  -3.271016e-02  -3.170523e-02   0.000000e+00
 8.352249e-03   6.976145e-03   0.000000e+00   1.070391e-02   5.763344e-03   0.000000e+00   0.000000e+00   0.000000e+00   4.197960e-02
 4.491994e-03   4.369118e-03   0.000000e+00   5.763344e-03   3.794395e-03   0.000000e+00   0.000000e+00   0.000000e+00   2.314844e-02
 0.000000e+00   0.000000e+00   1.289238e-02   0.000000e+00   0.000000e+00   1.532458e-02  -4.886439e-02  -1.892441e-02   0.000000e+00
 0.000000e+00   0.000000e+00  -3.271016e-02   0.000000e+00   0.000000e+00  -4.886439e-02   2.647583e-01  -5.835466e-02   0.000000e+00
 0.000000e+00   0.000000e+00  -3.170523e-02   0.000000e+00   0.000000e+00  -1.892441e-02  -5.835466e-02   2.845650e-01   0.000000e+00
 3.251744e-02   2.846459e-02   0.000000e+00   4.197960e-02   2.314844e-02   0.000000e+00   0.000000e+00   0.000000e+00   2.072089e-01

# timestamp: 1774889349.0116735
 7.605455e-03   5.183821e-03   0.000000e+00   8.066036e-03   4.128943e-03   0.000000e+00   0.000000e+00   0.000000e+00   3.316892e-02
 5.183821e-03   5.629133e-03   0.000000e+00   6.350045e-03   3.819699e-03   0.000000e+00   0.000000e+00   0.000000e+00   2.740588e-02
 0.000000e+00   0.000000e+00   1.234936e-02   0.000000e+00   0.000000e+00   1.189927e-02  -3.334682e-02  -2.981521e-02   0.000000e+00
 8.066036e-03   6.350045e-03   0.000000e+00   9.891194e-03   5.055905e-03   0.000000e+00   0.000000e+00   0.000000e+00   4.055312e-02
 4.128943e-03   3.819699e-03   0.000000e+00   5.055905e-03   3.238999e-03   0.000000e+00   0.000000e+00   0.000000e+00   2.141293e-02
 0.000000e+00   0.000000e+00   1.189927e-02   0.000000e+00   0.000000e+00   1.381966e-02  -4.760607e-02  -1.569540e-02   0.000000e+00
 0.000000e+00   0.000000e+00  -3.334682e-02   0.000000e+00   0.000000e+00  -4.760607e-02   2.705675e-01  -6.588927e-02   0.000000e+00
 0.000000e+00   0.000000e+00  -2.981521e-02   0.000000e+00   0.000000e+00  -1.569540e-02  -6.588927e-02   2.976306e-01   0.000000e+00
 3.316892e-02   2.740588e-02   0.000000e+00   4.055312e-02   2.141293e-02   0.000000e+00   0.000000e+00   0.000000e+00   2.103667e-01

# timestamp: 1774889349.0307026
 7.912567e-03   5.371333e-03   0.000000e+00   8.317329e-03   4.245126e-03   0.000000e+00   0.000000e+00   0.000000e+00   3.388922e-02
 5.371333e-03   5.783263e-03   0.000000e+00   6.501778e-03   3.898809e-03   0.000000e+00   0.000000e+00   0.000000e+00   2.778572e-02
 0.000000e+00   0.000000e+00   1.279363e-02   0.000000e+00   0.000000e+00   1.224439e-02  -3.419240e-02  -3.009342e-02   0.000000e+00
 8.317329e-03   6.501778e-03   0.000000e+00   1.007526e-02   5.135770e-03   0.000000e+00   0.000000e+00   0.000000e+00   4.102585e-02
 4.245126e-03   3.898809e-03   0.000000e+00   5.135770e-03   3.274316e-03   0.000000e+00   0.000000e+00   0.000000e+00   2.157801e-02
 0.000000e+00   0.000000e+00   1.224439e-02   0.000000e+00   0.000000e+00   1.406000e-02  -4.816191e-02  -1.578134e-02   0.000000e+00
 0.000000e+00   0.000000e+00  -3.419240e-02   0.000000e+00   0.000000e+00  -4.816191e-02   2.723368e-01  -6.588927e-02   0.000000e+00
 0.000000e+00   0.000000e+00  -3.009342e-02   0.000000e+00   0.000000e+00  -1.578134e-02  -6.588927e-02   2.993999e-01   0.000000e+00
 3.388922e-02   2.778572e-02   0.000000e+00   4.102585e-02   2.157801e-02   0.000000e+00   0.000000e+00   0.000000e+00   2.121360e-01

# timestamp: 1774889349.0482116
 8.195405e-03   5.543432e-03   0.000000e+00   8.546714e-03   4.350938e-03   0.000000e+00   0.000000e+00   0.000000e+00   3.454174e-02
 5.543432e-03   5.923807e-03   0.000000e+00   6.639723e-03   3.970512e-03   0.000000e+00   0.000000e+00   0.000000e+00   2.812862e-02
 0.000000e+00   0.000000e+00   1.320224e-02   0.000000e+00   0.000000e+00   1.255916e-02  -3.495842e-02  -3.034408e-02   0.000000e+00
 8.546714e-03   6.639723e-03   0.000000e+00   1.024210e-02   5.208006e-03   0.000000e+00   0.000000e+00   0.000000e+00   4.145327e-02
 4.350938e-03   3.970512e-03   0.000000e+00   5.208006e-03   3.306202e-03   0.000000e+00   0.000000e+00   0.000000e+00   2.172727e-02
 0.000000e+00   0.000000e+00   1.255916e-02   0.000000e+00   0.000000e+00   1.427772e-02  -4.866385e-02  -1.585964e-02   0.000000e+00
 0.000000e+00   0.000000e+00  -3.495842e-02   0.000000e+00   0.000000e+00  -4.866385e-02   2.739232e-01  -6.588927e-02   0.000000e+00
 0.000000e+00   0.000000e+00  -3.034408e-02   0.000000e+00   0.000000e+00  -1.585964e-02  -6.588927e-02   3.009863e-01   0.000000e+00
 3.454174e-02   2.812862e-02   0.000000e+00   4.145327e-02   2.172727e-02   0.000000e+00   0.000000e+00   0.000000e+00   2.137224e-01

# timestamp: 1774889349.0842848
 7.380470e-03   4.922128e-03   0.000000e+00   7.727791e-03   3.869831e-03   0.000000e+00   0.000000e+00   0.000000e+00   3.296793e-02
 4.922128e-03   5.268547e-03   0.000000e+00   5.942296e-03   3.513725e-03   0.000000e+00   0.000000e+00   0.000000e+00   2.662645e-02
 0.000000e+00   0.000000e+00   1.173087e-02   0.000000e+00   0.000000e+00   1.120819e-02  -3.322328e-02  -2.857576e-02   0.000000e+00
 7.727791e-03   5.942296e-03   0.000000e+00   9.361712e-03   4.673362e-03   0.000000e+00   0.000000e+00   0.000000e+00   3.953791e-02
 3.869831e-03   3.513725e-03   0.000000e+00   4.673362e-03   2.969949e-03   0.000000e+00   0.000000e+00   0.000000e+00   2.048172e-02
 0.000000e+00   0.000000e+00   1.120819e-02   0.000000e+00   0.000000e+00   1.298444e-02  -4.675524e-02  -1.404500e-02   0.000000e+00
 0.000000e+00   0.000000e+00  -3.322328e-02   0.000000e+00   0.000000e+00  -4.675524e-02   2.725445e-01  -6.935356e-02   0.000000e+00
 0.000000e+00   0.000000e+00  -2.857576e-02   0.000000e+00   0.000000e+00  -1.404500e-02  -6.935356e-02   3.026300e-01   0.000000e+00
 3.296793e-02   2.662645e-02   0.000000e+00   3.953791e-02   2.048172e-02   0.000000e+00   0.000000e+00   0.000000e+00   2.108896e-01

# timestamp: 1774889349.3099635
 8.220373e-03   5.159325e-03   0.000000e+00   8.058188e-03   3.762786e-03   0.000000e+00   0.000000e+00   0.000000e+00   3.563659e-02
 5.159325e-03   5.204280e-03   0.000000e+00   5.751367e-03   3.213113e-03   0.000000e+00   0.000000e+00   0.000000e+00   2.670733e-02
 0.000000e+00   0.000000e+00   1.239533e-02   0.000000e+00   0.000000e+00   1.122797e-02  -3.650572e-02  -2.750133e-02   0.000000e+00
 8.058188e-03   5.751367e-03   0.000000e+00   9.037011e-03   4.197574e-03   0.000000e+00   0.000000e+00   0.000000e+00   3.948098e-02
 3.762786e-03   3.213113e-03   0.000000e+00   4.197574e-03   2.560113e-03   0.000000e+00   0.000000e+00   0.000000e+00   1.903833e-02
 0.000000e+00   0.000000e+00   1.122797e-02   0.000000e+00   0.000000e+00   1.227707e-02  -4.724204e-02  -1.104561e-02   0.000000e+00
 0.000000e+00   0.000000e+00  -3.650572e-02   0.000000e+00   0.000000e+00  -4.724204e-02   2.837549e-01  -7.566854e-02   0.000000e+00
 0.000000e+00   0.000000e+00  -2.750133e-02   0.000000e+00   0.000000e+00  -1.104561e-02  -7.566854e-02   3.221661e-01   0.000000e+00
 3.563659e-02   2.670733e-02   0.000000e+00   3.948098e-02   1.903833e-02   0.000000e+00   0.000000e+00   0.000000e+00   2.202265e-01

# timestamp: 1774889349.3442354
 8.701224e-03   5.425689e-03   0.000000e+00   8.427987e-03   3.890723e-03   0.000000e+00   0.000000e+00   0.000000e+00   3.673140e-02
 5.425689e-03   5.411104e-03   0.000000e+00   5.955776e-03   3.292446e-03   0.000000e+00   0.000000e+00   0.000000e+00   2.723279e-02
 0.000000e+00   0.000000e+00   1.305363e-02   0.000000e+00   0.000000e+00   1.169971e-02  -3.781611e-02  -2.780456e-02   0.000000e+00
 8.427987e-03   5.955776e-03   0.000000e+00   9.298955e-03   4.272272e-03   0.000000e+00   0.000000e+00   0.000000e+00   4.020339e-02
 3.890723e-03   3.292446e-03   0.000000e+00   4.272272e-03   2.574988e-03   0.000000e+00   0.000000e+00   0.000000e+00   1.910889e-02
 0.000000e+00   0.000000e+00   1.169971e-02   0.000000e+00   0.000000e+00   1.259707e-02  -4.814705e-02  -1.090242e-02   0.000000e+00
 0.000000e+00   0.000000e+00  -3.781611e-02   0.000000e+00   0.000000e+00  -4.814705e-02   2.865116e-01  -7.566854e-02   0.000000e+00
 0.000000e+00   0.000000e+00  -2.780456e-02   0.000000e+00   0.000000e+00  -1.090242e-02  -7.566854e-02   3.249229e-01   0.000000e+00
 3.673140e-02   2.723279e-02   0.000000e+00   4.020339e-02   1.910889e-02   0.000000e+00   0.000000e+00   0.000000e+00   2.229833e-01

# timestamp: 1774889349.3580637
 8.931002e-03   5.552210e-03   0.000000e+00   8.602970e-03   3.950822e-03   0.000000e+00   0.000000e+00   0.000000e+00   3.724561e-02
 5.552210e-03   5.508359e-03   0.000000e+00   6.051703e-03   3.329374e-03   0.000000e+00   0.000000e+00   0.000000e+00   2.747680e-02
 0.000000e+00   0.000000e+00   1.336750e-02   0.000000e+00   0.000000e+00   1.192273e-02  -3.843197e-02  -2.794350e-02   0.000000e+00
 8.602970e-03   6.051703e-03   0.000000e+00   9.421829e-03   4.307012e-03   0.000000e+00   0.000000e+00   0.000000e+00   4.054063e-02
 3.950822e-03   3.329374e-03   0.000000e+00   4.307012e-03   2.581891e-03   0.000000e+00   0.000000e+00   0.000000e+00   1.914183e-02
 0.000000e+00   0.000000e+00   1.192273e-02   0.000000e+00   0.000000e+00   1.274720e-02  -4.856884e-02  -1.083640e-02   0.000000e+00
 0.000000e+00   0.000000e+00  -3.843197e-02   0.000000e+00   0.000000e+00  -4.856884e-02   2.877880e-01  -7.566854e-02   0.000000e+00
 0.000000e+00   0.000000e+00  -2.794350e-02   0.000000e+00   0.000000e+00  -1.083640e-02  -7.566854e-02   3.261992e-01   0.000000e+00
 3.724561e-02   2.747680e-02   0.000000e+00   4.054063e-02   1.914183e-02   0.000000e+00   0.000000e+00   0.000000e+00   2.242597e-01

# timestamp: 1774889349.3814619
 7.873216e-03   4.819646e-03   0.000000e+00   7.661668e-03   3.433059e-03   0.000000e+00   0.000000e+00   0.000000e+00   3.525599e-02
 4.819646e-03   4.795538e-03   0.000000e+00   5.329514e-03   2.880585e-03   0.000000e+00   0.000000e+00   0.000000e+00   2.573056e-02
 0.000000e+00   0.000000e+00   1.164791e-02   0.000000e+00   0.000000e+00   1.050972e-02  -3.652352e-02  -2.570599e-02   0.000000e+00
 7.661668e-03   5.329514e-03   0.000000e+00   8.547199e-03   3.803226e-03   0.000000e+00   0.000000e+00   0.000000e+00   3.856474e-02
 3.433059e-03   2.880585e-03   0.000000e+00   3.803226e-03   2.284180e-03   0.000000e+00   0.000000e+00   0.000000e+00   1.782452e-02
 0.000000e+00   0.000000e+00   1.050972e-02   0.000000e+00   0.000000e+00   1.157467e-02  -4.691551e-02  -8.713124e-03   0.000000e+00
 0.000000e+00   0.000000e+00  -3.652352e-02   0.000000e+00   0.000000e+00  -4.691551e-02   2.861330e-01  -7.902951e-02   0.000000e+00
 0.000000e+00   0.000000e+00  -2.570599e-02   0.000000e+00   0.000000e+00  -8.713124e-03  -7.902951e-02   3.261057e-01   0.000000e+00
 3.525599e-02   2.573056e-02   0.000000e+00   3.856474e-02   1.782452e-02   0.000000e+00   0.000000e+00   0.000000e+00   2.205412e-01

# timestamp: 1774889349.3961687
 8.066609e-03   4.923315e-03   0.000000e+00   7.809353e-03   3.481115e-03   0.000000e+00   0.000000e+00   0.000000e+00   3.571030e-02
 4.923315e-03   4.875368e-03   0.000000e+00   5.408403e-03   2.909832e-03   0.000000e+00   0.000000e+00   0.000000e+00   2.594021e-02
 0.000000e+00   0.000000e+00   1.190872e-02   0.000000e+00   0.000000e+00   1.069720e-02  -3.707626e-02  -2.580822e-02   0.000000e+00
 7.809353e-03   5.408403e-03   0.000000e+00   8.650323e-03   3.830253e-03   0.000000e+00   0.000000e+00   0.000000e+00   3.885632e-02
 3.481115e-03   2.909832e-03   0.000000e+00   3.830253e-03   2.288620e-03   0.000000e+00   0.000000e+00   0.000000e+00   1.784479e-02
 0.000000e+00   0.000000e+00   1.069720e-02   0.000000e+00   0.000000e+00   1.170148e-02  -4.728623e-02  -8.638979e-03   0.000000e+00
 0.000000e+00   0.000000e+00  -3.707626e-02   0.000000e+00   0.000000e+00  -4.728623e-02   2.873089e-01  -7.902951e-02   0.000000e+00
 0.000000e+00   0.000000e+00  -2.580822e-02   0.000000e+00   0.000000e+00  -8.638979e-03  -7.902951e-02   3.272816e-01   0.000000e+00
 3.571030e-02   2.594021e-02   0.000000e+00   3.885632e-02   1.784479e-02   0.000000e+00   0.000000e+00   0.000000e+00   2.217170e-01

# timestamp: 1774889349.6172419
 8.713456e-03   4.977141e-03   0.000000e+00   8.034456e-03   3.137086e-03   0.000000e+00   0.000000e+00   0.000000e+00   3.806216e-02
 4.977141e-03   4.669402e-03   0.000000e+00   5.157032e-03   2.492031e-03   0.000000e+00   0.000000e+00   0.000000e+00   2.558153e-02
 0.000000e+00   0.000000e+00   1.230595e-02   0.000000e+00   0.000000e+00   1.054621e-02  -3.999243e-02  -2.436719e-02   0.000000e+00
 8.034456e-03   5.157032e-03   0.000000e+00   8.411539e-03   3.258600e-03   0.000000e+00   0.000000e+00   0.000000e+00   3.908982e-02
 3.137086e-03   2.492031e-03   0.000000e+00   3.258600e-03   1.827057e-03   0.000000e+00   0.000000e+00   0.000000e+00   1.556336e-02
 0.000000e+00   0.000000e+00   1.054621e-02   0.000000e+00   0.000000e+00   1.114150e-02  -4.820241e-02  -4.602629e-03   0.000000e+00
 0.000000e+00   0.000000e+00  -3.999243e-02   0.000000e+00   0.000000e+00  -4.820241e-02   2.965434e-01  -8.383217e-02   0.000000e+00
 0.000000e+00   0.000000e+00  -2.436719e-02   0.000000e+00   0.000000e+00  -4.602629e-03  -8.383217e-02   3.470609e-01   0.000000e+00
 3.806216e-02   2.558153e-02   0.000000e+00   3.908982e-02   1.556336e-02   0.000000e+00   0.000000e+00   0.000000e+00   2.308970e-01

# timestamp: 1774889349.6396875
 9.211401e-03   5.218063e-03   0.000000e+00   8.395342e-03   3.223944e-03   0.000000e+00   0.000000e+00   0.000000e+00   3.918803e-02
 5.218063e-03   4.842290e-03   0.000000e+00   5.329268e-03   2.539835e-03   0.000000e+00   0.000000e+00   0.000000e+00   2.602713e-02
 0.000000e+00   0.000000e+00   1.295011e-02   0.000000e+00   0.000000e+00   1.098788e-02  -4.138116e-02  -2.449647e-02   0.000000e+00
 8.395342e-03   5.329268e-03   0.000000e+00   8.653615e-03   3.298787e-03   0.000000e+00   0.000000e+00   0.000000e+00   3.979617e-02
 3.223944e-03   2.539835e-03   0.000000e+00   3.298787e-03   1.824449e-03   0.000000e+00   0.000000e+00   0.000000e+00   1.552234e-02
 0.000000e+00   0.000000e+00   1.098788e-02   0.000000e+00   0.000000e+00   1.143792e-02  -4.912259e-02  -4.286949e-03   0.000000e+00
 0.000000e+00   0.000000e+00  -4.138116e-02   0.000000e+00   0.000000e+00  -4.912259e-02   2.994088e-01  -8.383217e-02   0.000000e+00
 0.000000e+00   0.000000e+00  -2.449647e-02   0.000000e+00   0.000000e+00  -4.286949e-03  -8.383217e-02   3.499262e-01   0.000000e+00
 3.918803e-02   2.602713e-02   0.000000e+00   3.979617e-02   1.552234e-02   0.000000e+00   0.000000e+00   0.000000e+00   2.337623e-01

# timestamp: 1774889349.6571896
 9.552017e-03   5.381331e-03   0.000000e+00   8.639512e-03   3.281894e-03   0.000000e+00   0.000000e+00   0.000000e+00   3.994373e-02
 5.381331e-03   4.957903e-03   0.000000e+00   5.444325e-03   2.571298e-03   0.000000e+00   0.000000e+00   0.000000e+00   2.632057e-02
 0.000000e+00   0.000000e+00   1.338982e-02   0.000000e+00   0.000000e+00   1.128672e-02  -4.231416e-02  -2.457624e-02   0.000000e+00
 8.639512e-03   5.444325e-03   0.000000e+00   8.815775e-03   3.325179e-03   0.000000e+00   0.000000e+00   0.000000e+00   4.026665e-02
 3.281894e-03   2.571298e-03   0.000000e+00   3.325179e-03   1.822735e-03   0.000000e+00   0.000000e+00   0.000000e+00   1.549502e-02
 0.000000e+00   0.000000e+00   1.128672e-02   0.000000e+00   0.000000e+00   1.163673e-02  -4.973422e-02  -4.078313e-03   0.000000e+00
 0.000000e+00   0.000000e+00  -4.231416e-02   0.000000e+00   0.000000e+00  -4.973422e-02   3.013003e-01  -8.383217e-02   0.000000e+00
 0.000000e+00   0.000000e+00  -2.457624e-02   0.000000e+00   0.000000e+00  -4.078313e-03  -8.383217e-02   3.518177e-01   0.000000e+00
 3.994373e-02   2.632057e-02   0.000000e+00   4.026665e-02   1.549502e-02   0.000000e+00   0.000000e+00   0.000000e+00   2.356538e-01

# timestamp: 1774889349.7113504
 9.134338e-03   5.038897e-03   0.000000e+00   8.249379e-03   2.933606e-03   0.000000e+00   0.000000e+00   0.000000e+00   3.948545e-02
 5.038897e-03   4.589131e-03   0.000000e+00   5.086951e-03   2.277871e-03   0.000000e+00   0.000000e+00   0.000000e+00   2.545485e-02
 0.000000e+00   0.000000e+00   1.263782e-02   0.000000e+00   0.000000e+00   1.059536e-02  -4.178513e-02  -2.359015e-02   0.000000e+00
 8.249379e-03   5.086951e-03   0.000000e+00   8.419691e-03   2.970572e-03   0.000000e+00   0.000000e+00   0.000000e+00   3.956307e-02
 2.933606e-03   2.277871e-03   0.000000e+00   2.970572e-03   1.600397e-03   0.000000e+00   0.000000e+00   0.000000e+00   1.420164e-02
 0.000000e+00   0.000000e+00   1.059536e-02   0.000000e+00   0.000000e+00   1.105790e-02  -4.919211e-02  -2.144288e-03   0.000000e+00
 0.000000e+00   0.000000e+00  -4.178513e-02   0.000000e+00   0.000000e+00  -4.919211e-02   3.015931e-01  -8.576361e-02   0.000000e+00
 0.000000e+00   0.000000e+00  -2.359015e-02   0.000000e+00   0.000000e+00  -2.144288e-03  -8.576361e-02   3.571069e-01   0.000000e+00
 3.948545e-02   2.545485e-02   0.000000e+00   3.956307e-02   1.420164e-02   0.000000e+00   0.000000e+00   0.000000e+00   2.361293e-01

# timestamp: 1774889349.941297
 1.000908e-02   5.007359e-03   0.000000e+00   8.733527e-03   2.289095e-03   0.000000e+00   0.000000e+00   0.000000e+00   4.248239e-02
 5.007359e-03   4.274949e-03   0.000000e+00   4.843454e-03   1.718678e-03   0.000000e+00   0.000000e+00   0.000000e+00   2.449330e-02
 0.000000e+00   0.000000e+00   1.321028e-02   0.000000e+00   0.000000e+00   1.072075e-02  -4.592716e-02  -2.061352e-02   0.000000e+00
 8.733527e-03   4.843454e-03   0.000000e+00   8.542571e-03   2.223413e-03   0.000000e+00   0.000000e+00   0.000000e+00   4.089660e-02
 2.289095e-03   1.718678e-03   0.000000e+00   2.223413e-03   1.111944e-03   0.000000e+00   0.000000e+00   0.000000e+00   1.041707e-02
 0.000000e+00   0.000000e+00   1.072075e-02   0.000000e+00   0.000000e+00   1.120786e-02  -5.226336e-02   4.985425e-03   0.000000e+00
 0.000000e+00   0.000000e+00  -4.592716e-02   0.000000e+00   0.000000e+00  -5.226336e-02   3.123138e-01  -9.016299e-02   0.000000e+00
 0.000000e+00   0.000000e+00  -2.061352e-02   0.000000e+00   0.000000e+00   4.985425e-03  -9.016299e-02   3.781777e-01   0.000000e+00
 4.248239e-02   2.449330e-02   0.000000e+00   4.089660e-02   1.041707e-02   0.000000e+00   0.000000e+00   0.000000e+00   2.468202e-01

# timestamp: 1774889349.9811692
 1.049831e-02   5.194946e-03   0.000000e+00   9.087146e-03   2.297278e-03   0.000000e+00   0.000000e+00   0.000000e+00   4.355434e-02
 5.194946e-03   4.390872e-03   0.000000e+00   4.974878e-03   1.719165e-03   0.000000e+00   0.000000e+00   0.000000e+00   2.476241e-02
 0.000000e+00   0.000000e+00   1.380469e-02   0.000000e+00   0.000000e+00   1.113181e-02  -4.729782e-02  -2.047773e-02   0.000000e+00
 9.087146e-03   4.974878e-03   0.000000e+00   8.791394e-03   2.206672e-03   0.000000e+00   0.000000e+00   0.000000e+00   4.163822e-02
 2.297278e-03   1.719165e-03   0.000000e+00   2.206672e-03   1.090950e-03   0.000000e+00   0.000000e+00   0.000000e+00   1.013158e-02
 0.000000e+00   0.000000e+00   1.113181e-02   0.000000e+00   0.000000e+00   1.153765e-02  -5.330390e-02   5.690752e-03   0.000000e+00
 0.000000e+00   0.000000e+00  -4.729782e-02   0.000000e+00   0.000000e+00  -5.330390e-02   3.149199e-01  -9.016299e-02   0.000000e+00
 0.000000e+00   0.000000e+00  -2.047773e-02   0.000000e+00   0.000000e+00   5.690752e-03  -9.016299e-02   3.807837e-01   0.000000e+00
 4.355434e-02   2.476241e-02   0.000000e+00   4.163822e-02   1.013158e-02   0.000000e+00   0.000000e+00   0.000000e+00   2.494263e-01

# timestamp: 1774889350.0340874
 9.663074e-03   4.657752e-03   0.000000e+00   8.433216e-03   1.918775e-03   0.000000e+00   0.000000e+00   0.000000e+00   4.226304e-02
 4.657752e-03   3.909004e-03   0.000000e+00   4.502803e-03   1.444237e-03   0.000000e+00   0.000000e+00   0.000000e+00   2.342796e-02
 0.000000e+00   0.000000e+00   1.253889e-02   0.000000e+00   0.000000e+00   1.016906e-02  -4.569890e-02  -1.931061e-02   0.000000e+00
 8.433216e-03   4.502803e-03   0.000000e+00   8.259245e-03   1.868157e-03   0.000000e+00   0.000000e+00   0.000000e+00   4.051812e-02
 1.918775e-03   1.444237e-03   0.000000e+00   1.868157e-03   9.436938e-04   0.000000e+00   0.000000e+00   0.000000e+00   8.867278e-03
 0.000000e+00   0.000000e+00   1.016906e-02   0.000000e+00   0.000000e+00   1.088562e-02  -5.218821e-02   7.540120e-03   0.000000e+00
 0.000000e+00   0.000000e+00  -4.569890e-02   0.000000e+00   0.000000e+00  -5.218821e-02   3.125323e-01  -9.170789e-02   0.000000e+00
 0.000000e+00   0.000000e+00  -1.931061e-02   0.000000e+00   0.000000e+00   7.540120e-03  -9.170789e-02   3.848021e-01   0.000000e+00
 4.226304e-02   2.342796e-02   0.000000e+00   4.051812e-02   8.867278e-03   0.000000e+00   0.000000e+00   0.000000e+00   2.478874e-01

# timestamp: 1774889350.3170369
 1.045986e-02   4.337718e-03   0.000000e+00   8.868198e-03   9.716772e-04   0.000000e+00   0.000000e+00   0.000000e+00   4.548212e-02
 4.337718e-03   3.364641e-03   0.000000e+00   4.036957e-03   8.320302e-04   0.000000e+00   0.000000e+00   0.000000e+00   2.144541e-02
 0.000000e+00   0.000000e+00   1.283835e-02   0.000000e+00   0.000000e+00   1.001884e-02  -4.844089e-02  -1.810286e-02   0.000000e+00
 8.868198e-03   4.036957e-03   0.000000e+00   8.368190e-03   9.191495e-04   0.000000e+00   0.000000e+00   0.000000e+00   4.200400e-02
 9.716772e-04   8.320302e-04   0.000000e+00   9.191495e-04   6.076713e-04   0.000000e+00   0.000000e+00   0.000000e+00   4.032396e-03
 0.000000e+00   0.000000e+00   1.001884e-02   0.000000e+00   0.000000e+00   1.095848e-02  -5.330189e-02   1.399166e-02   0.000000e+00
 0.000000e+00   0.000000e+00  -4.844089e-02   0.000000e+00   0.000000e+00  -5.330189e-02   3.137780e-01  -8.662683e-02   0.000000e+00
 0.000000e+00   0.000000e+00  -1.810286e-02   0.000000e+00   0.000000e+00   1.399166e-02  -8.662683e-02   4.138226e-01   0.000000e+00
 4.548212e-02   2.144541e-02   0.000000e+00   4.200400e-02   4.032396e-03   0.000000e+00   0.000000e+00   0.000000e+00   2.599729e-01

# timestamp: 1774889350.3564272
 1.121670e-02   4.536949e-03   0.000000e+00   9.390476e-03   9.391496e-04   0.000000e+00   0.000000e+00   0.000000e+00   4.715218e-02
 4.536949e-03   3.469894e-03   0.000000e+00   4.159471e-03   8.244322e-04   0.000000e+00   0.000000e+00   0.000000e+00   2.159972e-02
 0.000000e+00   0.000000e+00   1.368971e-02   0.000000e+00   0.000000e+00   1.063219e-02  -5.056090e-02  -1.753902e-02   0.000000e+00
 9.390476e-03   4.159471e-03   0.000000e+00   8.714839e-03   8.723944e-04   0.000000e+00   0.000000e+00   0.000000e+00   4.306226e-02
 9.391496e-04   8.244322e-04   0.000000e+00   8.723944e-04   6.003777e-04   0.000000e+00   0.000000e+00   0.000000e+00   3.648081e-03
 0.000000e+00   0.000000e+00   1.063219e-02   0.000000e+00   0.000000e+00   1.143989e-02  -5.470366e-02   1.495007e-02   0.000000e+00
 0.000000e+00   0.000000e+00  -5.056090e-02   0.000000e+00   0.000000e+00  -5.470366e-02   3.177228e-01  -8.662683e-02   0.000000e+00
 0.000000e+00   0.000000e+00  -1.753902e-02   0.000000e+00   0.000000e+00   1.495007e-02  -8.662683e-02   4.177674e-01   0.000000e+00
 4.715218e-02   2.159972e-02   0.000000e+00   4.306226e-02   3.648081e-03   0.000000e+00   0.000000e+00   0.000000e+00   2.639176e-01

# timestamp: 1774889350.391431
 1.011639e-02   4.095812e-03   0.000000e+00   8.581927e-03   7.555138e-04   0.000000e+00   0.000000e+00   0.000000e+00   4.505496e-02
 4.095812e-03   3.142296e-03   0.000000e+00   3.809906e-03   7.026636e-04   0.000000e+00   0.000000e+00   0.000000e+00   2.075350e-02
 0.000000e+00   0.000000e+00   1.232523e-02   0.000000e+00   0.000000e+00   9.500551e-03  -4.739562e-02  -1.884927e-02   0.000000e+00
 8.581927e-03   3.809906e-03   0.000000e+00   8.110787e-03   7.204461e-04   0.000000e+00   0.000000e+00   0.000000e+00   4.147196e-02
 7.555138e-04   7.026636e-04   0.000000e+00   7.204461e-04   5.615545e-04   0.000000e+00   0.000000e+00   0.000000e+00   3.146935e-03
 0.000000e+00   0.000000e+00   9.500551e-03   0.000000e+00   0.000000e+00   1.052848e-02  -5.197991e-02   1.420589e-02   0.000000e+00
 0.000000e+00   0.000000e+00  -4.739562e-02   0.000000e+00   0.000000e+00  -5.197991e-02   3.095444e-01  -8.265177e-02   0.000000e+00
 0.000000e+00   0.000000e+00  -1.884927e-02   0.000000e+00   0.000000e+00   1.420589e-02  -8.265177e-02   4.188066e-01   0.000000e+00
 4.505496e-02   2.075350e-02   0.000000e+00   4.147196e-02   3.146935e-03   0.000000e+00   0.000000e+00   0.000000e+00   2.599171e-01

# timestamp: 1774889350.6634831
 1.173191e-02   4.124128e-03   0.000000e+00   9.550820e-03   2.305085e-04   0.000000e+00   0.000000e+00   0.000000e+00   4.902108e-02
 4.124128e-03   3.010616e-03   0.000000e+00   3.656475e-03   4.762729e-04   0.000000e+00   0.000000e+00   0.000000e+00   1.950698e-02
 0.000000e+00   0.000000e+00   1.391633e-02   0.000000e+00   0.000000e+00   1.027350e-02  -5.146580e-02  -1.953441e-02   0.000000e+00
 9.550820e-03   3.656475e-03   0.000000e+00   8.583709e-03   2.167157e-04   0.000000e+00   0.000000e+00   0.000000e+00   4.328106e-02
 2.305085e-04   4.762729e-04   0.000000e+00   2.167157e-04   5.049147e-04   0.000000e+00   0.000000e+00   0.000000e+00   4.701721e-04
 0.000000e+00   0.000000e+00   1.027350e-02   0.000000e+00   0.000000e+00   1.096171e-02  -5.279149e-02   1.621787e-02   0.000000e+00
 0.000000e+00   0.000000e+00  -5.146580e-02   0.000000e+00   0.000000e+00  -5.279149e-02   3.113608e-01  -7.058773e-02   0.000000e+00
 0.000000e+00   0.000000e+00  -1.953441e-02   0.000000e+00   0.000000e+00   1.621787e-02  -7.058773e-02   4.402141e-01   0.000000e+00
 4.902108e-02   1.950698e-02   0.000000e+00   4.328106e-02   4.701721e-04   0.000000e+00   0.000000e+00   0.000000e+00   2.702287e-01

# timestamp: 1774889350.6955261
 1.249457e-02   4.268904e-03   0.000000e+00   1.005442e-02   1.810271e-04   0.000000e+00   0.000000e+00   0.000000e+00   5.064007e-02
 4.268904e-03   3.083268e-03   0.000000e+00   3.734422e-03   4.729221e-04   0.000000e+00   0.000000e+00   0.000000e+00   1.952066e-02
 0.000000e+00   0.000000e+00   1.473566e-02   0.000000e+00   0.000000e+00   1.085465e-02  -5.344070e-02  -1.892300e-02   0.000000e+00
 1.005442e-02   3.734422e-03   0.000000e+00   8.903606e-03   1.681111e-04   0.000000e+00   0.000000e+00   0.000000e+00   4.426603e-02
 1.810271e-04   4.729221e-04   0.000000e+00   1.681111e-04   5.079105e-04   0.000000e+00   0.000000e+00   0.000000e+00   1.602480e-04
 0.000000e+00   0.000000e+00   1.085465e-02   0.000000e+00   0.000000e+00   1.138885e-02  -5.400523e-02   1.697591e-02   0.000000e+00
 0.000000e+00   0.000000e+00  -5.344070e-02   0.000000e+00   0.000000e+00  -5.400523e-02   3.150737e-01  -7.058773e-02   0.000000e+00
 0.000000e+00   0.000000e+00  -1.892300e-02   0.000000e+00   0.000000e+00   1.697591e-02  -7.058773e-02   4.439270e-01   0.000000e+00
 5.064007e-02   1.952066e-02   0.000000e+00   4.426603e-02   1.602480e-04   0.000000e+00   0.000000e+00   0.000000e+00   2.739416e-01

# timestamp: 1774889350.738289
 1.131781e-02   3.876448e-03   0.000000e+00   9.193122e-03   7.531525e-05   0.000000e+00   0.000000e+00   0.000000e+00   4.819988e-02
 3.876448e-03   2.830804e-03   0.000000e+00   3.430170e-03   4.001259e-04   0.000000e+00   0.000000e+00   0.000000e+00   1.876755e-02
 0.000000e+00   0.000000e+00   1.345233e-02   0.000000e+00   0.000000e+00   9.738556e-03  -5.028743e-02  -2.105019e-02   0.000000e+00
 9.193122e-03   3.430170e-03   0.000000e+00   8.260209e-03   8.007514e-05   0.000000e+00   0.000000e+00   0.000000e+00   4.237403e-02
 7.531525e-05   4.001259e-04   0.000000e+00   8.007514e-05   4.926276e-04   0.000000e+00   0.000000e+00   0.000000e+00  -1.381176e-04
 0.000000e+00   0.000000e+00   9.738556e-03   0.000000e+00   0.000000e+00   1.043673e-02  -5.102394e-02   1.549251e-02   0.000000e+00
 0.000000e+00   0.000000e+00  -5.028743e-02   0.000000e+00   0.000000e+00  -5.102394e-02   3.062088e-01  -6.375217e-02   0.000000e+00
 0.000000e+00   0.000000e+00  -2.105019e-02   0.000000e+00   0.000000e+00   1.549251e-02  -6.375217e-02   4.444927e-01   0.000000e+00
 4.819988e-02   1.876755e-02   0.000000e+00   4.237403e-02  -1.381176e-04   0.000000e+00   0.000000e+00   0.000000e+00   2.683689e-01

# timestamp: 1774889350.9675488
 1.227828e-02   3.725833e-03   0.000000e+00   9.629437e-03  -2.757749e-04   0.000000e+00   0.000000e+00   0.000000e+00   5.063561e-02
 3.725833e-03   2.657502e-03   0.000000e+00   3.167924e-03   2.898374e-04   0.000000e+00   0.000000e+00   0.000000e+00   1.744078e-02
 0.000000e+00   0.000000e+00   1.441253e-02   0.000000e+00   0.000000e+00   1.010953e-02  -5.321388e-02  -2.130581e-02   0.000000e+00
 9.629437e-03   3.167924e-03   0.000000e+00   8.314880e-03  -2.229295e-04   0.000000e+00   0.000000e+00   0.000000e+00   4.286071e-02
-2.757749e-04   2.898374e-04   0.000000e+00  -2.229295e-04   4.946305e-04   0.000000e+00   0.000000e+00   0.000000e+00  -1.667399e-03
 0.000000e+00   0.000000e+00   1.010953e-02   0.000000e+00   0.000000e+00   1.045698e-02  -5.089808e-02   1.648361e-02   0.000000e+00
 0.000000e+00   0.000000e+00  -5.321388e-02   0.000000e+00   0.000000e+00  -5.089808e-02   3.091694e-01  -5.476785e-02   0.000000e+00
 0.000000e+00   0.000000e+00  -2.130581e-02   0.000000e+00   0.000000e+00   1.648361e-02  -5.476785e-02   4.634653e-01   0.000000e+00
 5.063561e-02   1.744078e-02   0.000000e+00   4.286071e-02  -1.667399e-03   0.000000e+00   0.000000e+00   0.000000e+00   2.749963e-01

# timestamp: 1774889350.992072
 1.105813e-02   3.396782e-03   0.000000e+00   8.771391e-03  -3.042538e-04   0.000000e+00   0.000000e+00   0.000000e+00   4.829893e-02
 3.396782e-03   2.433717e-03   0.000000e+00   2.922741e-03   2.430569e-04   0.000000e+00   0.000000e+00   0.000000e+00   1.689822e-02
 0.000000e+00   0.000000e+00   1.307561e-02   0.000000e+00   0.000000e+00   9.090062e-03  -5.047253e-02  -2.222234e-02   0.000000e+00
 8.771391e-03   2.922741e-03   0.000000e+00   7.701069e-03  -2.487780e-04   0.000000e+00   0.000000e+00   0.000000e+00   4.112735e-02
-3.042538e-04   2.430569e-04   0.000000e+00  -2.487780e-04   4.846962e-04   0.000000e+00   0.000000e+00   0.000000e+00  -1.747078e-03
 0.000000e+00   0.000000e+00   9.090062e-03   0.000000e+00   0.000000e+00   9.678293e-03  -4.861646e-02   1.593690e-02   0.000000e+00
 0.000000e+00   0.000000e+00  -5.047253e-02   0.000000e+00   0.000000e+00  -4.861646e-02   3.030411e-01  -5.188426e-02   0.000000e+00
 0.000000e+00   0.000000e+00  -2.222234e-02   0.000000e+00   0.000000e+00   1.593690e-02  -5.188426e-02   4.650832e-01   0.000000e+00
 4.829893e-02   1.689822e-02   0.000000e+00   4.112735e-02  -1.747078e-03   0.000000e+00   0.000000e+00   0.000000e+00   2.702725e-01

# timestamp: 1774889351.0169106
 1.154290e-02   3.464111e-03   0.000000e+00   9.075147e-03  -3.453400e-04   0.000000e+00   0.000000e+00   0.000000e+00   4.936371e-02
 3.464111e-03   2.472143e-03   0.000000e+00   2.951762e-03   2.437775e-04   0.000000e+00   0.000000e+00   0.000000e+00   1.685160e-02
 0.000000e+00   0.000000e+00   1.357794e-02   0.000000e+00   0.000000e+00   9.434710e-03  -5.173122e-02  -2.180794e-02   0.000000e+00
 9.075147e-03   2.951762e-03   0.000000e+00   7.878996e-03  -2.817432e-04   0.000000e+00   0.000000e+00   0.000000e+00   4.170320e-02
-3.453400e-04   2.437775e-04   0.000000e+00  -2.817432e-04   4.898594e-04   0.000000e+00   0.000000e+00   0.000000e+00  -1.937976e-03
 0.000000e+00   0.000000e+00   9.434710e-03   0.000000e+00   0.000000e+00   9.910828e-03  -4.929808e-02   1.637435e-02   0.000000e+00
 0.000000e+00   0.000000e+00  -5.173122e-02   0.000000e+00   0.000000e+00  -4.929808e-02   3.056184e-01  -5.188426e-02   0.000000e+00
 0.000000e+00   0.000000e+00  -2.180794e-02   0.000000e+00   0.000000e+00   1.637435e-02  -5.188426e-02   4.676605e-01   0.000000e+00
 4.936371e-02   1.685160e-02   0.000000e+00   4.170320e-02  -1.937976e-03   0.000000e+00   0.000000e+00   0.000000e+00   2.728498e-01

# timestamp: 1774889351.0798707
 1.121720e-02   3.271844e-03   0.000000e+00   8.777838e-03  -4.376809e-04   0.000000e+00   0.000000e+00   0.000000e+00   4.895852e-02
 3.271844e-03   2.328057e-03   0.000000e+00   2.771467e-03   2.031946e-04   0.000000e+00   0.000000e+00   0.000000e+00   1.625142e-02
 0.000000e+00   0.000000e+00   1.317351e-02   0.000000e+00   0.000000e+00   9.058405e-03  -5.128961e-02  -2.191072e-02   0.000000e+00
 8.777838e-03   2.771467e-03   0.000000e+00   7.596179e-03  -3.585633e-04   0.000000e+00   0.000000e+00   0.000000e+00   4.102362e-02
-4.376809e-04   2.031946e-04   0.000000e+00  -3.585633e-04   4.908279e-04   0.000000e+00   0.000000e+00   0.000000e+00  -2.345457e-03
 0.000000e+00   0.000000e+00   9.058405e-03   0.000000e+00   0.000000e+00   9.572734e-03  -4.828510e-02   1.667739e-02   0.000000e+00
 0.000000e+00   0.000000e+00  -5.128961e-02   0.000000e+00   0.000000e+00  -4.828510e-02   3.042168e-01  -4.910439e-02   0.000000e+00
 0.000000e+00   0.000000e+00  -2.191072e-02   0.000000e+00   0.000000e+00   1.667739e-02  -4.910439e-02   4.738918e-01   0.000000e+00
 4.895852e-02   1.625142e-02   0.000000e+00   4.102362e-02  -2.345457e-03   0.000000e+00   0.000000e+00   0.000000e+00   2.727650e-01

# timestamp: 1774889351.3029454
 1.169490e-02   3.005251e-03   0.000000e+00   8.873247e-03  -7.660980e-04   0.000000e+00   0.000000e+00   0.000000e+00   5.067586e-02
 3.005251e-03   2.133125e-03   0.000000e+00   2.458347e-03   1.277730e-04   0.000000e+00   0.000000e+00   0.000000e+00   1.479822e-02
 0.000000e+00   0.000000e+00   1.349827e-02   0.000000e+00   0.000000e+00   9.080523e-03  -5.334411e-02  -2.073254e-02   0.000000e+00
 8.873247e-03   2.458347e-03   0.000000e+00   7.429364e-03  -6.161383e-04   0.000000e+00   0.000000e+00   0.000000e+00   4.100512e-02
-7.660980e-04   1.277730e-04   0.000000e+00  -6.161383e-04   5.223338e-04   0.000000e+00   0.000000e+00   0.000000e+00  -3.859586e-03
 0.000000e+00   0.000000e+00   9.080523e-03   0.000000e+00   0.000000e+00   9.470667e-03  -4.784448e-02   1.895310e-02   0.000000e+00
 0.000000e+00   0.000000e+00  -5.334411e-02   0.000000e+00   0.000000e+00  -4.784448e-02   3.078097e-01  -4.358323e-02   0.000000e+00
 0.000000e+00   0.000000e+00  -2.073254e-02   0.000000e+00   0.000000e+00   1.895310e-02  -4.358323e-02   4.931214e-01   0.000000e+00
 5.067586e-02   1.479822e-02   0.000000e+00   4.100512e-02  -3.859586e-03   0.000000e+00   0.000000e+00   0.000000e+00   2.790366e-01

# timestamp: 1774889351.3185728
 1.208804e-02   3.039990e-03   0.000000e+00   9.111567e-03  -8.163093e-04   0.000000e+00   0.000000e+00   0.000000e+00   5.152942e-02
 3.039990e-03   2.159243e-03   0.000000e+00   2.469283e-03   1.279757e-04   0.000000e+00   0.000000e+00   0.000000e+00   1.471677e-02
 0.000000e+00   0.000000e+00   1.390075e-02   0.000000e+00   0.000000e+00   9.351163e-03  -5.434005e-02  -2.033651e-02   0.000000e+00
 9.111567e-03   2.469283e-03   0.000000e+00   7.565470e-03  -6.524949e-04   0.000000e+00   0.000000e+00   0.000000e+00   4.146089e-02
-8.163093e-04   1.279757e-04   0.000000e+00  -6.524949e-04   5.301563e-04   0.000000e+00   0.000000e+00   0.000000e+00  -4.063061e-03
 0.000000e+00   0.000000e+00   9.351163e-03   0.000000e+00   0.000000e+00   9.656949e-03  -4.837865e-02   1.938275e-02   0.000000e+00
 0.000000e+00   0.000000e+00  -5.434005e-02   0.000000e+00   0.000000e+00  -4.837865e-02   3.098837e-01  -4.358323e-02   0.000000e+00
 0.000000e+00   0.000000e+00  -2.033651e-02   0.000000e+00   0.000000e+00   1.938275e-02  -4.358323e-02   4.951954e-01   0.000000e+00
 5.152942e-02   1.471677e-02   0.000000e+00   4.146089e-02  -4.063061e-03   0.000000e+00   0.000000e+00   0.000000e+00   2.811106e-01

# timestamp: 1774889351.3360238
 1.236164e-02   3.063188e-03   0.000000e+00   9.276389e-03  -8.513160e-04   0.000000e+00   0.000000e+00   0.000000e+00   5.211649e-02
 3.063188e-03   2.177048e-03   0.000000e+00   2.476225e-03   1.282424e-04   0.000000e+00   0.000000e+00   0.000000e+00   1.465886e-02
 0.000000e+00   0.000000e+00   1.418149e-02   0.000000e+00   0.000000e+00   9.538906e-03  -5.502508e-02  -2.006154e-02   0.000000e+00
 9.276389e-03   2.476225e-03   0.000000e+00   7.659070e-03  -6.776498e-04   0.000000e+00   0.000000e+00   0.000000e+00   4.177341e-02
-8.513160e-04   1.282424e-04   0.000000e+00  -6.776498e-04   5.356565e-04   0.000000e+00   0.000000e+00   0.000000e+00  -4.202581e-03
 0.000000e+00   0.000000e+00   9.538906e-03   0.000000e+00   0.000000e+00   9.785244e-03  -4.874458e-02   1.967639e-02   0.000000e+00
 0.000000e+00   0.000000e+00  -5.502508e-02   0.000000e+00   0.000000e+00  -4.874458e-02   3.112970e-01  -4.358323e-02   0.000000e+00
 0.000000e+00   0.000000e+00  -2.006154e-02   0.000000e+00   0.000000e+00   1.967639e-02  -4.358323e-02   4.966087e-01   0.000000e+00
 5.211649e-02   1.465886e-02   0.000000e+00   4.177341e-02  -4.202581e-03   0.000000e+00   0.000000e+00   0.000000e+00   2.825239e-01

# timestamp: 1774889351.3532634
 1.279371e-02   3.098251e-03   0.000000e+00   9.535029e-03  -9.067016e-04   0.000000e+00   0.000000e+00   0.000000e+00   5.303247e-02
 3.098251e-03   2.204596e-03   0.000000e+00   2.486131e-03   1.288668e-04   0.000000e+00   0.000000e+00   0.000000e+00   1.456552e-02
 0.000000e+00   0.000000e+00   1.462591e-02   0.000000e+00   0.000000e+00   9.834423e-03  -5.609392e-02  -1.962850e-02   0.000000e+00
 9.535029e-03   2.486131e-03   0.000000e+00   7.805114e-03  -7.171420e-04   0.000000e+00   0.000000e+00   0.000000e+00   4.225961e-02
-9.067016e-04   1.288668e-04   0.000000e+00  -7.171420e-04   5.444306e-04   0.000000e+00   0.000000e+00   0.000000e+00  -4.419638e-03
 0.000000e+00   0.000000e+00   9.834423e-03   0.000000e+00   0.000000e+00   9.985722e-03  -4.931335e-02   2.013168e-02   0.000000e+00
 0.000000e+00   0.000000e+00  -5.609392e-02   0.000000e+00   0.000000e+00  -4.931335e-02   3.134816e-01  -4.358323e-02   0.000000e+00
 0.000000e+00   0.000000e+00  -1.962850e-02   0.000000e+00   0.000000e+00   2.013168e-02  -4.358323e-02   4.987932e-01   0.000000e+00
 5.303247e-02   1.456552e-02   0.000000e+00   4.225961e-02  -4.419638e-03   0.000000e+00   0.000000e+00   0.000000e+00   2.847084e-01

# timestamp: 1774889351.3820164
 1.165452e-02   2.856805e-03   0.000000e+00   8.758390e-03  -8.904555e-04   0.000000e+00   0.000000e+00   0.000000e+00   5.082783e-02
 2.856805e-03   2.035168e-03   0.000000e+00   2.311246e-03   9.865324e-05   0.000000e+00   0.000000e+00   0.000000e+00   1.416819e-02
 0.000000e+00   0.000000e+00   1.342307e-02   0.000000e+00   0.000000e+00   8.915121e-03  -5.361696e-02  -2.079677e-02   0.000000e+00
 8.758390e-03   2.311246e-03   0.000000e+00   7.265761e-03  -7.108948e-04   0.000000e+00   0.000000e+00   0.000000e+00   4.065718e-02
-8.904555e-04   9.865324e-05   0.000000e+00  -7.108948e-04   5.382230e-04   0.000000e+00   0.000000e+00   0.000000e+00  -4.446153e-03
 0.000000e+00   0.000000e+00   8.915121e-03   0.000000e+00   0.000000e+00   9.292791e-03  -4.719149e-02   1.948300e-02   0.000000e+00
 0.000000e+00   0.000000e+00  -5.361696e-02   0.000000e+00   0.000000e+00  -4.719149e-02   3.078593e-01  -3.957570e-02   0.000000e+00
 0.000000e+00   0.000000e+00  -2.079677e-02   0.000000e+00   0.000000e+00   1.948300e-02  -3.957570e-02   5.003391e-01   0.000000e+00
 5.082783e-02   1.416819e-02   0.000000e+00   4.065718e-02  -4.446153e-03   0.000000e+00   0.000000e+00   0.000000e+00   2.801415e-01

# timestamp: 1774889351.6425226
 1.291106e-02   2.682172e-03   0.000000e+00   9.351780e-03  -1.260497e-03   0.000000e+00   0.000000e+00   0.000000e+00   5.352905e-02
 2.682172e-03   1.978083e-03   0.000000e+00   2.085087e-03   7.641082e-05   0.000000e+00   0.000000e+00   0.000000e+00   1.270478e-02
 0.000000e+00   0.000000e+00   1.486166e-02   0.000000e+00   0.000000e+00   9.581573e-03  -5.748146e-02  -2.116506e-02   0.000000e+00
 9.351780e-03   2.085087e-03   0.000000e+00   7.440677e-03  -9.723777e-04   0.000000e+00   0.000000e+00   0.000000e+00   4.137019e-02
-1.260497e-03   7.641082e-05   0.000000e+00  -9.723777e-04   6.003943e-04   0.000000e+00   0.000000e+00   0.000000e+00  -5.936915e-03
 0.000000e+00   0.000000e+00   9.581573e-03   0.000000e+00   0.000000e+00   9.523745e-03  -4.754634e-02   2.021477e-02   0.000000e+00
 0.000000e+00   0.000000e+00  -5.748146e-02   0.000000e+00   0.000000e+00  -4.754634e-02   3.143364e-01  -2.683988e-02   0.000000e+00
 0.000000e+00   0.000000e+00  -2.116506e-02   0.000000e+00   0.000000e+00   2.021477e-02  -2.683988e-02   5.174597e-01   0.000000e+00
 5.352905e-02   1.270478e-02   0.000000e+00   4.137019e-02  -5.936915e-03   0.000000e+00   0.000000e+00   0.000000e+00   2.866330e-01

# timestamp: 1774889351.6704726
 1.340963e-02   2.702098e-03   0.000000e+00   9.646699e-03  -1.327410e-03   0.000000e+00   0.000000e+00   0.000000e+00   5.456667e-02
 2.702098e-03   2.007193e-03   0.000000e+00   2.085534e-03   8.171432e-05   0.000000e+00   0.000000e+00   0.000000e+00   1.255515e-02
 0.000000e+00   0.000000e+00   1.537295e-02   0.000000e+00   0.000000e+00   9.920789e-03  -5.867393e-02  -2.065714e-02   0.000000e+00
 9.646699e-03   2.085534e-03   0.000000e+00   7.608612e-03  -1.016860e-03   0.000000e+00   0.000000e+00   0.000000e+00   4.194331e-02
-1.327410e-03   8.171432e-05   0.000000e+00  -1.016860e-03   6.123259e-04   0.000000e+00   0.000000e+00   0.000000e+00  -6.161890e-03
 0.000000e+00   0.000000e+00   9.920789e-03   0.000000e+00   0.000000e+00   9.748229e-03  -4.819540e-02   2.067297e-02   0.000000e+00
 0.000000e+00   0.000000e+00  -5.867393e-02   0.000000e+00   0.000000e+00  -4.819540e-02   3.168375e-01  -2.683988e-02   0.000000e+00
 0.000000e+00   0.000000e+00  -2.065714e-02   0.000000e+00   0.000000e+00   2.067297e-02  -2.683988e-02   5.199608e-01   0.000000e+00
 5.456667e-02   1.255515e-02   0.000000e+00   4.194331e-02  -6.161890e-03   0.000000e+00   0.000000e+00   0.000000e+00   2.891341e-01

# timestamp: 1774889351.7272565
 1.252103e-02   2.542961e-03   0.000000e+00   9.034148e-03  -1.296465e-03   0.000000e+00   0.000000e+00   0.000000e+00   5.259669e-02
 2.542961e-03   1.904090e-03   0.000000e+00   1.968996e-03   6.585092e-05   0.000000e+00   0.000000e+00   0.000000e+00   1.226635e-02
 0.000000e+00   0.000000e+00   1.460023e-02   0.000000e+00   0.000000e+00   9.232752e-03  -5.698074e-02  -2.271634e-02   0.000000e+00
 9.034148e-03   1.968996e-03   0.000000e+00   7.175718e-03  -9.977881e-04   0.000000e+00   0.000000e+00   0.000000e+00   4.046462e-02
-1.296465e-03   6.585092e-05   0.000000e+00  -9.977881e-04   6.084325e-04   0.000000e+00   0.000000e+00   0.000000e+00  -6.128704e-03
 0.000000e+00   0.000000e+00   9.232752e-03   0.000000e+00   0.000000e+00   9.160090e-03  -4.635642e-02   1.930678e-02   0.000000e+00
 0.000000e+00   0.000000e+00  -5.698074e-02   0.000000e+00   0.000000e+00  -4.635642e-02   3.125707e-01  -1.955973e-02   0.000000e+00
 0.000000e+00   0.000000e+00  -2.271634e-02   0.000000e+00   0.000000e+00   1.930678e-02  -1.955973e-02   5.203963e-01   0.000000e+00
 5.259669e-02   1.226635e-02   0.000000e+00   4.046462e-02  -6.128704e-03   0.000000e+00   0.000000e+00   0.000000e+00   2.840140e-01

