timestamp,yaw,pitch,roll,ax,ay,az,gx,gy,gz,mx,my,mz
1772913246.2098546,-9.349598112138285,0.45513956468208877,-9.050036317876502,-0.07234990274169144,-1.551893653840376,9.769696511657965,0.002181661564992912,0.002181661564992912,-0.001090830782496456,-7.5625,56.0,-41.375
1772913246.222991,-9.378327763324693,0.45989822381464335,-9.050906603830763,-0.07156383402446205,-1.5546053171845902,9.776488255313202,0.0,0.002181661564992912,-0.001090830782496456,-8.25,55.1875,-40.5625
1772913246.2380383,-9.378327763324693,0.45989822381464335,-9.050906603830763,-0.07104071407410881,-1.5597550105562197,9.781008084847015,-0.001090830782496456,0.001090830782496456,0.0,-8.25,55.1875,-40.5625
1772913246.2532692,-9.378327763324693,0.45989822381464335,-9.050906603830763,-0.07104071407410881,-1.5597550105562197,9.781008084847015,-0.001090830782496456,0.001090830782496456,0.0,-8.25,55.1875,-40.5625
1772913246.2704577,-9.307855199835743,0.4544812844615255,-9.098856713984757,-0.06734747188346207,-1.563182073969195,9.784015980911962,-0.030543261909900768,0.0,0.02181661564992912,-8.25,55.1875,-40.5625
1772913246.2909482,-9.307855199835743,0.4544812844615255,-9.098856713984757,-0.06734747188346207,-1.563182073969195,9.784015980911962,-0.030543261909900768,0.0,0.02181661564992912,-8.25,55.1875,-40.5625
1772913246.3087473,-9.307855199835743,0.4544812844615255,-9.098856713984757,-0.06734747188346207,-1.563182073969195,9.784015980911962,-0.030543261909900768,0.0,0.02181661564992912,-8.25,55.1875,-40.5625
1772913246.3288274,-9.124690135352436,0.4516577667370752,-9.138623176310578,-0.06488966046180518,-1.8263814595586354,9.786017702142784,0.016362461737446838,-0.007635815477475192,0.06435901616729091,-9.0,54.5,-41.0
1772913246.3696866,-9.22392306364204,0.47257931677306353,-9.042825810496016,-0.12346602514799396,-2.011573045660583,9.817455830627079,0.06763150851478027,0.030543261909900768,-0.055632369907319255,-9.0,54.5,-41.0
1772913246.3864381,-9.22392306364204,0.47257931677306353,-9.042825810496016,-0.12346602514799396,-2.011573045660583,9.817455830627079,0.06763150851478027,0.030543261909900768,-0.055632369907319255,-9.0,54.5,-41.0
1772913246.4038157,-9.3559224359143,0.4533794549917898,-8.979716163814297,-0.16244794150578476,-2.134815977485864,9.838377553946472,0.061086523819801536,0.0,-0.08072147790473774,-7.1875,55.5625,-39.75
1772913246.433068,-9.3559224359143,0.4533794549917898,-8.979716163814297,-0.16244794150578476,-2.134815977485864,9.838377553946472,0.061086523819801536,0.0,-0.08072147790473774,-7.1875,55.5625,-39.75
1772913246.4499402,-9.377823593063672,0.46387266928073495,-9.001662686732137,-0.07465617333649742,-1.731791574340523,9.88240673247044,-0.020725784867432664,-0.006544984694978736,0.08290313946973066,-7.1875,55.5625,-39.75
1772913246.4708984,-9.377823593063672,0.46387266928073495,-9.001662686732137,-0.07465617333649742,-1.731791574340523,9.88240673247044,-0.020725784867432664,-0.006544984694978736,0.08290313946973066,-7.1875,55.5625,-39.75
1772913246.5385914,-9.3288233480411,0.4654265884147323,-9.029296613148567,-0.016231732318145314,-1.4635833361248707,9.911707658939989,-0.001090830782496456,-0.003272492347489368,-0.019634954084936207,-8.25,56.375,-39.0625
1772913246.5748434,-9.41281761341792,0.46285877991990343,-8.980920640669622,0.03937463907239567,-1.3453057604064358,9.92117176307072,0.008726646259971648,-0.007635815477475192,0.06435901616729091,-8.25,56.375,-39.0625
1772913246.5998611,-9.413033664638373,0.46114904261008083,-9.002023191208316,-0.06745974534580168,-1.3435309242812559,9.860567784502365,-0.02181661564992912,-0.00545415391248228,0.0,-8.0,57.5,-37.875
1772913246.6188502,-9.413033664638373,0.46114904261008083,-9.002023191208316,-0.06745974534580168,-1.3435309242812559,9.860567784502365,-0.02181661564992912,-0.00545415391248228,0.0,-8.0,57.5,-37.875
1772913246.643023,-9.42641425183032,0.4542516121289137,-8.987512401210969,0.005282968656891623,-1.3423497906661672,9.820236513755923,0.017453292519943295,0.006544984694978736,0.011999138607461015,-8.0,57.5,-37.875
1772913246.6637666,-9.35682597254437,0.4689788317666837,-8.95977793891825,-0.009864690202742865,-1.3850502116346046,9.79339650360398,0.009817477042468103,-0.006544984694978736,0.05345070834232634,-8.0,57.0625,-36.25
1772913246.6806805,-9.35682597254437,0.4689788317666837,-8.95977793891825,-0.009864690202742865,-1.3850502116346046,9.79339650360398,0.009817477042468103,-0.006544984694978736,0.05345070834232634,-8.0,57.0625,-36.25
1772913246.7052777,-9.32106066434439,0.46473970488725114,-8.958837243851603,-0.013255064548754233,-1.4134668647941435,9.735393436182587,0.006544984694978736,-0.016362461737446838,0.04363323129985824,-8.0,57.0625,-36.25
1772913246.7511692,-9.2431244259937,0.4563156750831019,-8.964468108501661,-0.022201544217700576,-1.4323778300370016,9.723553936408925,-0.011999138607461015,0.014180800172453928,-0.02181661564992912,-8.375,57.0625,-36.6875
1772913246.790133,-9.2431244259937,0.4563156750831019,-8.964468108501661,-0.022201544217700576,-1.4323778300370016,9.723553936408925,-0.011999138607461015,0.014180800172453928,-0.02181661564992912,-8.375,57.0625,-36.6875
1772913246.8490734,-9.103370487433581,0.467862058515876,-8.95708782128534,-0.021465103084019426,-1.3880959671323707,9.672188429370278,0.007635815477475192,-0.014180800172453928,0.06326818538479445,-8.375,57.0625,-36.6875
1772913246.8759806,-9.103370487433581,0.467862058515876,-8.95708782128534,-0.021465103084019426,-1.3880959671323707,9.672188429370278,0.007635815477475192,-0.014180800172453928,0.06326818538479445,-8.375,57.0625,-36.6875
1772913246.924414,-9.103370487433581,0.467862058515876,-8.95708782128534,-0.021465103084019426,-1.3880959671323707,9.672188429370278,0.007635815477475192,-0.014180800172453928,0.06326818538479445,-8.375,57.0625,-36.6875
1772913246.961964,-8.725663866558481,0.4968977951443589,-8.962441474834588,0.03254677758096902,-1.4389095630058242,9.604554141153175,0.0,-0.013089969389957472,0.05890486225480862,-8.6875,57.875,-34.6875
1772913246.9956348,-8.495035945840279,0.5160465518089248,-8.947634963290003,0.06849108081127844,-1.392442762458884,9.559544277869197,0.006544984694978736,-0.007635815477475192,0.07963064712224129,-8.6875,57.875,-34.6875
1772913247.0379088,-8.355592414374051,0.5334023634982765,-8.954313511382356,0.09241161308687326,-1.3581745140557488,9.55635161030538,0.00545415391248228,-0.00545415391248228,0.07090400086226964,-8.6875,58.875,-33.875
1772913247.077294,-8.355592414374051,0.5334023634982765,-8.954313511382356,0.04811844937467883,-1.3353693775448794,9.554226925706095,-0.004363323129985824,-0.007635815477475192,0.08508480103472356,-8.6875,58.875,-33.875
1772913247.1093569,-8.17437465747432,0.5550930347844719,-8.947003000810266,0.04811844937467883,-1.3353693775448794,9.554226925706095,-0.004363323129985824,-0.007635815477475192,0.08508480103472356,-8.6875,58.875,-33.875
1772913247.1292384,-7.921701022280058,0.5618578047407274,-8.930955169442703,0.018641843711271974,-1.3804048246787113,9.596299424034704,0.00545415391248228,-0.018544123302439753,0.1189005552921137,-8.6875,58.875,-33.0625
1772913247.1551204,-7.830489023196492,0.5684159591354706,-8.937074661982056,-0.0009745080824649713,-1.447171640447882,9.577466637789321,-0.007635815477475192,-0.016362461737446838,0.0818123086872342,-8.6875,58.875,-33.0625
1772913247.1685498,-7.830489023196492,0.5684159591354706,-8.937074661982056,-0.0009745080824649713,-1.447171640447882,9.577466637789321,-0.007635815477475192,-0.016362461737446838,0.0818123086872342,-8.6875,58.875,-33.0625
1772913247.1986978,-7.691250529730237,0.5853415989707624,-8.950756416512258,-0.030754529608786333,-1.4916042105080638,9.59838474599222,-0.015271630954950384,-0.009817477042468103,0.07308566242726255,-8.6875,58.875,-33.0625
1772913247.2775583,-7.239335205389129,0.6505305847364211,-8.922446967054173,-0.06376163967579693,-1.5274712341428462,9.695162086050274,-0.016362461737446838,-0.002181661564992912,0.08399397025222712,-9.75,60.0,-31.5
1772913247.3035362,-7.239335205389129,0.6505305847364211,-8.922446967054173,-0.06376163967579693,-1.5274712341428462,9.695162086050274,-0.016362461737446838,-0.002181661564992912,0.08399397025222712,-9.75,60.0,-31.5
1772913247.337948,-7.115111468866742,0.6816424916041594,-8.915966346860277,-0.10598978137912637,-1.531662246277549,9.750302209626607,0.013089969389957472,0.013089969389957472,0.05781403147231216,-8.6875,60.375,-28.75
1772913247.35484,-7.115111468866742,0.6816424916041594,-8.915966346860277,-0.1340921379634409,-1.5478317648657982,9.786997345911118,0.014180800172453928,-0.004363323129985824,0.07090400086226964,-8.6875,60.375,-28.75
1772913247.3744464,-7.002710475771031,0.6838206228093806,-8.907827744084765,-0.1340921379634409,-1.5478317648657982,9.786997345911118,0.014180800172453928,-0.004363323129985824,0.07090400086226964,-8.6875,60.375,-28.75
1772913247.3982008,-6.828344477660583,0.6970486714715992,-8.914093284892234,-0.08254659649270293,-1.5585923988609203,9.901735565294553,-0.003272492347489368,-0.003272492347489368,0.10471975511965978,-8.6875,60.375,-28.75
1772913247.4491804,-6.505065768026031,0.6914453705848609,-8.959444607192287,-0.04824361444535319,-1.572443703995155,9.991473015413614,0.009817477042468103,-0.016362461737446838,0.09708393964218458,-8.6875,61.1875,-26.75
1772913247.4717698,-6.314642658747877,0.6852926336384476,-8.956837882950229,-0.02541536308225907,-1.5983871513693686,10.037811839205572,0.006544984694978736,-0.014180800172453928,0.10144726277217041,-8.6875,61.1875,-26.75
1772913247.5120435,-6.314642658747877,0.6852926336384476,-8.956837882950229,-0.02541536308225907,-1.5983871513693686,10.037811839205572,0.006544984694978736,-0.014180800172453928,0.10144726277217041,-8.6875,61.1875,-26.75
1772913247.529687,-6.1122939274568555,0.7011842319877696,-8.955856135499733,-0.03698431046695161,-1.6156522257896115,9.968296457580959,-0.001090830782496456,-0.007635815477475192,0.08508480103472356,-7.5625,61.5,-25.5625
1772913247.5541205,-6.021147647584147,0.7009887031850648,-8.962138946167551,-0.044683315717854444,-1.620451716538126,9.918689635940153,-0.015271630954950384,-0.001090830782496456,0.10144726277217041,-7.5625,61.5,-25.5625
1772913247.579255,-5.6653395529082315,0.73615413686574,-8.952931103934485,-0.013010688928293213,-1.623645724017438,9.818774616136317,0.011999138607461015,0.0,0.1265363707695889,-7.1875,61.5,-25.5625
1772913247.6245732,-5.6653395529082315,0.73615413686574,-8.952931103934485,-0.013010688928293213,-1.623645724017438,9.818774616136317,0.011999138607461015,0.0,0.1265363707695889,-7.1875,61.5,-25.5625
1772913247.653412,-5.393602170185686,0.7647665463534827,-8.944533940928006,0.008067090393736136,-1.5454886193398534,9.752282286580765,-0.003272492347489368,-0.016362461737446838,0.09708393964218458,-7.1875,61.5,-25.5625
1772913247.6745129,-5.178257154928692,0.7952811101465188,-8.95057079255144,0.028784340492962773,-1.5235819446148609,9.714722607444175,-0.008726646259971648,-0.009817477042468103,0.10690141668465268,-8.375,62.1875,-23.25
1772913247.6921878,-5.178257154928692,0.7952811101465188,-8.95057079255144,0.028784340492962773,-1.5235819446148609,9.714722607444175,-0.008726646259971648,-0.009817477042468103,0.10690141668465268,-8.375,62.1875,-23.25
1772913247.76513,-4.946910606801917,0.7997109169254013,-8.941580519414059,0.015810545348595672,-1.445446174859901,9.689727060547881,0.003272492347489368,-0.011999138607461015,0.1461713248545251,-8.375,62.1875,-23.25
1772913247.8156545,-4.335322485208118,0.7919779699260252,-8.921188734881628,0.010521741314126531,-1.4570048153607822,9.673092803306952,-0.008726646259971648,-0.016362461737446838,0.0916297857297023,-6.0625,62.5625,-21.25
1772913247.9277534,-3.6358097312374995,0.8254513660943373,-8.915296563187772,-0.007601649393290601,-1.5868121686265713,9.614514647414232,-0.004363323129985824,-0.016362461737446838,0.07963064712224129,-6.875,61.875,-18.5
1772913247.9467664,-3.6358097312374995,0.8254513660943373,-8.915296563187772,-0.007601649393290601,-1.5868121686265713,9.614514647414232,-0.004363323129985824,-0.016362461737446838,0.07963064712224129,-6.875,61.875,-18.5
1772913247.9693112,-3.4323469581909203,0.8274942320701523,-8.906398623648931,-0.015094147877205383,-1.5343567465142827,9.582898442056381,0.004363323129985824,-0.006544984694978736,0.14180800172453928,-6.5,62.1875,-17.25
1772913248.0653315,-3.0416270705007173,0.8583051347503882,-8.88967384372928,-0.02008032192155856,-1.4994482490640137,9.5986544393474,-0.001090830782496456,-0.006544984694978736,0.1505346479845109,-6.5,62.1875,-17.25
1772913248.1386547,-2.201520318083882,0.8808157619404846,-8.917234795266731,-0.014487966406517734,-1.5098146182015086,9.60608248773376,0.003272492347489368,-0.01090830782496456,0.1407171709420428,-5.6875,62.5625,-14.5
1772913248.1590788,-2.201520318083882,0.8808157619404846,-8.917234795266731,-0.014487966406517734,-1.5098146182015086,9.60608248773376,0.003272492347489368,-0.01090830782496456,0.1407171709420428,-5.6875,62.5625,-14.5
1772913248.1953094,-1.9993131574464063,0.8966163171312919,-8.915936139049956,-0.02636713833894541,-1.5299473007278708,9.604047827640978,-0.014180800172453928,-0.020725784867432664,0.11562806294462433,-5.6875,62.5625,-14.5
1772913248.2298746,-1.5302558404575837,0.9122952623449453,-8.897797093692894,-0.03427259456093072,-1.5199295941011293,9.606038895785192,-0.002181661564992912,-0.009817477042468103,0.13744467859455345,-6.5,63.0,-12.5625
1772913248.2566526,-1.2505829469201875,0.9271370411116833,-8.88111304719235,-0.03284336395229087,-1.5065726988315093,9.614054152808118,0.003272492347489368,-0.015271630954950384,0.17671458676442586,-6.5,63.0,-12.5625
1772913248.2785978,-1.0280007594506888,0.9514831071085587,-8.879753408212176,-0.03189222694779306,-1.5043740576505127,9.619388216820587,0.0,-0.014180800172453928,0.14180800172453928,-6.5,61.5,-10.5625
1772913248.3115318,-0.8740177406055913,0.9564100639245221,-8.878321814668068,-0.031259255896196284,-1.5196364450415876,9.622937976835486,-0.008726646259971648,-0.016362461737446838,0.13199052468207118,-6.5,61.5,-10.5625
1772913248.3674796,-0.3402535341713334,0.9486891756269576,-8.880454735656697,-0.024986447254719046,-1.5231722821732638,9.617967865898667,-0.003272492347489368,-0.020725784867432664,0.15707963267948966,-6.5,62.1875,-9.375
1772913248.5678492,1.3868918296191286,1.0262049839843792,-8.837772820461808,0.006787580420124534,-1.4953502246910382,9.628682972577947,-0.001090830782496456,0.004363323129985824,0.1734420944169365,-4.25,60.375,-4.5625
1772913248.5959904,1.3868918296191286,1.0262049839843792,-8.837772820461808,0.006787580420124534,-1.4953502246910382,9.628682972577947,-0.001090830782496456,0.004363323129985824,0.1734420944169365,-4.25,60.375,-4.5625
1772913248.615196,1.8418588109764507,1.0403086297485058,-8.833942998441474,-0.015553611296564806,-1.4768349562293632,9.64250397979206,-0.013089969389957472,-0.015271630954950384,0.1538071403320003,-4.25,60.375,-4.5625
1772913248.6335592,2.347346893881712,1.0372746733522442,-8.830299064985997,-0.0003154194506832589,-1.4645132518972193,9.645011482287648,-0.001090830782496456,-0.019634954084936207,0.17998707911191522,-4.25,59.6875,-3.5
1772913248.6723468,2.347346893881712,1.0372746733522442,-8.830299064985997,-0.0003154194506832589,-1.4645132518972193,9.645011482287648,-0.001090830782496456,-0.019634954084936207,0.17998707911191522,-4.25,59.6875,-3.5
1772913248.6934822,2.66776767764893,1.068852556597431,-8.820193488882138,-0.020280578364879877,-1.4496230718919947,9.690166649382975,0.009817477042468103,-0.015271630954950384,0.18653206380689397,-4.25,59.6875,-3.5
1772913248.7313926,3.132197990585125,1.0551966625568823,-8.803369454719224,-0.01349649835292309,-1.4162980414814914,9.673385344766178,-0.003272492347489368,-0.02399827721492203,0.16253378659197193,-3.5,58.875,0.0625
1772913248.764445,3.6142135069312222,1.0852760869537283,-8.799135450039717,-0.008981768888105108,-1.3941206060082831,9.662217574003154,-0.006544984694978736,-0.017453292519943295,0.2203478180642841,-3.5,58.875,0.0625
1772913248.7833705,3.85214360286642,1.0960829773228749,-8.78306900233101,-0.005977266862101368,-1.4027775523902855,9.654785547312535,0.020725784867432664,-0.025089107997418487,0.21925698728178766,-3.5,58.875,0.0625
1772913248.8544729,4.432774531819278,1.1195981648312738,-8.777722623343823,-0.020703362862879538,-1.4219191003323581,9.746847856083368,0.002181661564992912,-0.016362461737446838,0.14726215563702155,-2.75,57.875,0.875
1772913248.8820462,4.432774531819278,1.1195981648312738,-8.777722623343823,-0.020703362862879538,-1.4219191003323581,9.746847856083368,0.002181661564992912,-0.016362461737446838,0.14726215563702155,-2.75,57.875,0.875
1772913248.9360952,4.965986686400528,1.1254715471670815,-8.77401751289937,-0.030503415250126488,-1.4346575866627065,9.808114294166986,-0.002181661564992912,-0.017453292519943295,0.18653206380689397,-2.75,57.875,0.875
1772913249.0241125,5.819824481014368,1.169211457637222,-8.752833145158398,-0.037025240640081135,-1.4431349070173372,9.82212553066212,0.008726646259971648,-0.02399827721492203,0.19198621771937624,-2.75,56.375,4.5
1772913249.0449831,6.400929272022502,1.1930427824550833,-8.754750515519735,-0.017949660632297085,-1.4922629212106227,9.784618288131394,-0.003272492347489368,-0.00545415391248228,0.16907877128695067,-2.75,56.375,4.5
1772913249.1255455,7.143523972950287,1.2266394353731032,-8.71314266323631,-0.011945298639946401,-1.524957065860377,9.739586966966632,0.007635815477475192,-0.017453292519943295,0.2007128639793479,-0.1875,52.25,6.0
1772913249.1701806,7.781643413552276,1.248200967715833,-8.72217022138336,-0.007949462807155298,-1.5400244304926238,9.7096191257643,-0.018544123302439753,-0.007635815477475192,0.17671458676442586,-0.1875,52.25,6.0
1772913249.1932003,8.076774280652161,1.250710378227334,-8.734450010460625,-0.011980502111482546,-1.5467064816345735,9.689675862206869,0.003272492347489368,-0.018544123302439753,0.17562375598192942,-0.5625,52.6875,8.0
1772913249.3075244,9.440979272147885,1.2546011007852962,-8.783297283006728,-0.0298288086394099,-1.5697192092805277,9.66088123921167,0.001090830782496456,-0.015271630954950384,0.1832595714594046,0.0625,49.0,10.0
1772913249.381776,9.849746221524992,1.2555874459871914,-8.753550345233052,-0.039921409183818236,-1.5798484720347872,9.650551119729322,-0.01090830782496456,-0.018544123302439753,0.17780541754692233,0.0625,49.0,10.0
1772913249.4500384,10.383970059168009,1.2672387303010701,-8.735973284960117,-0.04663792210438674,-1.5129969256854414,9.66709232256005,0.015271630954950384,-0.019634954084936207,0.19525871006686563,-1.0,46.375,11.5625
1772913249.4787917,11.02296752240591,1.302045158654874,-8.73046833753565,-0.08455880349785352,-1.468507968370656,9.738312318998306,0.007635815477475192,-0.018544123302439753,0.18216874067690814,-1.0,46.375,11.5625
1772913249.5304956,11.565615292482564,1.3015827208658681,-8.728260490135561,-0.05292782743677524,-1.4489363993738404,9.725496420316727,-0.002181661564992912,-0.02399827721492203,0.19853120241435498,0.0625,45.5625,12.0
1772913249.5684245,11.565615292482564,1.3015827208658681,-8.728260490135561,-0.05292782743677524,-1.4489363993738404,9.725496420316727,-0.002181661564992912,-0.02399827721492203,0.19853120241435498,0.0625,45.5625,12.0
1772913249.5880919,12.143507039571292,1.3038265910784037,-8.72580407248983,-0.06867399498979539,-1.4626726324937658,9.753763811687618,0.001090830782496456,-0.017453292519943295,0.20507618710933373,0.0625,45.5625,12.0
1772913249.6211207,12.566475330688704,1.3143785724140482,-8.716519774843393,-0.06911755847815534,-1.4718139421912981,9.752504774633579,0.002181661564992912,-0.014180800172453928,0.1832595714594046,-1.375,43.0,14.6875
1772913249.6397538,12.566475330688704,1.3143785724140482,-8.716519774843393,-0.06911755847815534,-1.4718139421912981,9.752504774633579,0.002181661564992912,-0.014180800172453928,0.1832595714594046,-1.375,43.0,14.6875
1772913249.8935387,12.868705874001863,1.3296515257301993,-8.706716449930598,-0.06941274502473008,-1.4578267114359693,9.751666899538481,-0.00545415391248228,-0.008726646259971648,0.18762289458939044,-1.375,43.0,14.6875
1772913249.9725065,13.847889516326077,1.3701521280814788,-8.706516354944636,-0.07643014264320483,-1.47242977081956,9.727322446818425,-0.007635815477475192,-0.015271630954950384,0.1636246173744684,-2.25,33.375,14.6875
1772913249.9903183,14.115763285146913,1.3757638857942507,-8.697846858261165,-0.0809694115142918,-1.4883425438746956,9.711492559731294,0.017453292519943295,-0.02399827721492203,0.15817046346198613,-2.25,33.375,14.6875
1772913250.019688,14.363321001359145,1.3795642770681624,-8.576596934426751,-0.08399024424104441,-1.1577309224389891,9.700957946706234,0.0545415391248228,-0.02181661564992912,0.11562806294462433,-1.25,33.375,15.875
1772913250.0466776,14.363321001359145,1.3795642770681624,-8.576596934426751,-0.08399024424104441,-1.1577309224389891,9.700957946706234,0.0545415391248228,-0.02181661564992912,0.11562806294462433,-1.25,33.375,15.875
1772913250.1047034,14.277429691824189,1.3845624413535462,-8.667835078295589,-0.10962341184802055,-1.0321408763768258,9.789564189912452,-0.007635815477475192,0.016362461737446838,0.030543261909900768,-2.6875,31.1875,17.5
1772913250.1193144,14.277429691824189,1.3845624413535462,-8.667835078295589,-0.10962341184802055,-1.0321408763768258,9.789564189912452,-0.007635815477475192,0.016362461737446838,0.030543261909900768,-2.6875,31.1875,17.5
1772913250.1477323,14.248834275114879,1.390181492284007,-8.617703271912516,-0.11643960820626174,-1.3291396712650467,9.716117515694028,0.017453292519943295,-0.001090830782496456,-0.037088246604879506,-2.6875,31.1875,17.5
1772913250.2027826,14.214012153939803,1.3866705980419252,-8.611319524992254,0.08307610340571352,-1.526789051569234,9.667239574454777,-0.016362461737446838,0.014180800172453928,0.0,-1.875,32.0,17.875
1772913250.2381725,14.255409330041624,1.4002504687729078,-8.637835928892708,-0.15545581876550046,-1.6482871711514673,9.664817855928309,-0.003272492347489368,-0.002181661564992912,0.0,-1.875,32.0,17.875
1772913250.3035293,14.24881606454167,1.391053024976104,-8.624705671870313,-0.05666882545659473,-1.6102427070012504,9.66881211320572,-0.004363323129985824,-0.002181661564992912,0.0,-2.25,33.5,17.875
1772913250.3438659,14.24881606454167,1.391053024976104,-8.624705671870313,-0.05666882545659473,-1.6102427070012504,9.66881211320572,-0.004363323129985824,-0.002181661564992912,0.0,-2.25,33.5,17.875
1772913250.3658526,14.242658427613081,1.3784207429661977,-8.640440848918342,-0.03771247030910536,-1.600126183676159,9.672554586315291,0.004363323129985824,-0.002181661564992912,0.008726646259971648,-3.0625,33.5,17.875
1772913250.3932073,14.242658427613081,1.3784207429661977,-8.640440848918342,-0.06189345649532628,-1.5465621865098098,9.675045160363547,0.004363323129985824,0.0,0.001090830782496456,-3.0625,33.5,17.875
1772913250.4165254,14.244708286526718,1.349865874130712,-8.636862598737642,-0.05122473902438654,-1.510915944744658,9.693428168107722,-0.001090830782496456,0.001090830782496456,-0.008726646259971648,-1.875,33.875,16.6875
1772913250.4574583,14.244708286526718,1.349865874130712,-8.636862598737642,-0.05122473902438654,-1.510915944744658,9.693428168107722,-0.001090830782496456,0.001090830782496456,-0.008726646259971648,-1.875,33.875,16.6875
1772913250.4917388,14.246205848455512,1.3308454230518996,-8.653437274502629,-0.05416016184681729,-1.4871937690445611,9.70566185440982,-0.002181661564992912,0.001090830782496456,0.00545415391248228,-1.875,33.875,16.6875
1772913250.513524,14.247736730823005,1.310082964421466,-8.656007845181552,-0.05611365294432348,-1.5082031548907255,9.727183682813912,0.00545415391248228,-0.002181661564992912,-0.003272492347489368,-1.5625,33.5,17.0625
1772913250.5368218,14.247736730823005,1.310082964421466,-8.656007845181552,-0.05611365294432348,-1.5082031548907255,9.727183682813912,0.00545415391248228,-0.002181661564992912,-0.003272492347489368,-1.5625,33.5,17.0625
1772913250.5538082,14.242120948516241,1.2896575768739538,-8.665594405106338,-0.0674490145697466,-1.5221846664811305,9.734815995787622,-0.004363323129985824,-0.001090830782496456,0.00545415391248228,-1.5625,33.5,17.0625
1772913250.574768,14.242120948516241,1.2896575768739538,-8.665594405106338,-0.0674490145697466,-1.5221846664811305,9.734815995787622,-0.004363323129985824,-0.001090830782496456,0.00545415391248228,-1.5625,33.5,17.0625
1772913250.6059196,14.243133510271052,1.2766867831276478,-8.674311327171175,-0.07499257110717955,-1.531489206260827,9.739895214813103,-0.001090830782496456,0.0,0.0,-2.25,33.875,17.0625
1772913250.631243,14.244671911576193,1.2559247675918408,-8.676883493824718,-0.08335783542311262,-1.5376812735456953,9.743275378335968,0.0,-0.001090830782496456,0.003272492347489368,-2.25,33.875,17.0625
1772913250.6727717,14.245689444651308,1.242954142648171,-8.685601660882282,-0.07888949025728266,-1.5451471368611707,9.732144392572255,-0.003272492347489368,0.0,0.002181661564992912,-2.6875,33.875,16.6875
1772913250.7028992,14.245689444651308,1.242954142648171,-8.685601660882282,-0.07888949025728266,-1.5451471368611707,9.732144392572255,-0.003272492347489368,0.0,0.002181661564992912,-2.6875,33.875,16.6875
1772913250.734731,14.246717740237337,1.2291129587199894,-8.687317521449232,-0.08260607987874764,-1.5300449152545454,9.731427069302402,0.001090830782496456,0.0,0.0,-2.6875,33.875,16.6875
1772913250.763638,14.246717740237337,1.2291129587199894,-8.687317521449232,-0.08260607987874764,-1.5300449152545454,9.731427069302402,0.001090830782496456,0.0,0.0,-2.6875,33.875,16.6875
1772913250.7930517,14.241634121414144,1.2017659851354126,-8.697760283294297,-0.07504409363284806,-1.540065225722122,9.72760458697202,-0.002181661564992912,-0.002181661564992912,0.003272492347489368,-1.5625,33.875,17.0625
1772913250.8293147,14.242665771428577,1.1879250123102492,-8.69947676012358,-0.07670189967376193,-1.5300080718674949,9.725060767681077,0.002181661564992912,-0.002181661564992912,-0.002181661564992912,-1.5625,33.875,17.0625
1772913250.8490021,14.243181907701022,1.1810045519479135,-8.700335185817343,-0.07111492766044444,-1.5233151483230105,9.723367884359277,0.002181661564992912,-0.001090830782496456,0.003272492347489368,-0.875,33.5,16.6875
1772913250.8630202,14.243181907701022,1.1810045519479135,-8.700335185817343,-0.07111492766044444,-1.5233151483230105,9.723367884359277,0.002181661564992912,-0.001090830782496456,0.003272492347489368,-0.875,33.5,16.6875
1772913250.8773131,14.243693285301228,1.1749542869891567,-8.708196591717888,-0.06739686019614836,-1.518861082469011,9.722241289419365,-0.001090830782496456,-0.001090830782496456,0.001090830782496456,-0.875,33.5,16.6875
1772913250.8897257,14.244210250542489,1.1680338588413168,-8.709055250141104,-0.0649225278321943,-1.525932286520308,9.724836664779064,-0.002181661564992912,-0.001090830782496456,0.001090830782496456,-0.875,33.5,16.6875
1772913250.9014192,14.244210250542489,1.1680338588413168,-8.709055250141104,-0.0649225278321943,-1.525932286520308,9.724836664779064,-0.002181661564992912,-0.001090830782496456,0.001090830782496456,-0.875,33.5,16.6875
1772913250.9158344,14.24472742335906,1.1611134477360514,-8.709914033639299,-0.0699661106987252,-1.5306380938259212,9.726563858088701,0.0,0.0,0.002181661564992912,-1.875,34.1875,18.6875
1772913250.9305527,14.24472742335906,1.1611134477360514,-8.709914033639299,-0.0733225587558893,-1.5304246443131755,9.72771328594225,0.0,0.0,0.0,-1.875,34.1875,18.6875
1772913250.945613,14.245244803771751,1.1541930535722749,-8.710772942249113,-0.0755562374439505,-1.5269374843395112,9.735168440753476,-0.001090830782496456,0.0,0.0,-1.875,34.1875,18.6875
1772913250.9705935,14.245244803771751,1.1541930535722749,-8.710772942249113,-0.0755562374439505,-1.5269374843395112,9.735168440753476,-0.001090830782496456,0.0,0.0,-1.875,34.1875,18.6875
1772913250.9891694,14.246277290581347,1.1412224834840814,-8.719494037761455,-0.07704272565902937,-1.5246168183311668,9.74012976300081,0.001090830782496456,0.0,0.0,-0.875,33.1875,19.0625
1772913251.0140896,14.246277290581347,1.1412224834840814,-8.719494037761455,-0.07704272565902937,-1.5246168183311668,9.74012976300081,0.001090830782496456,0.0,0.0,-0.875,33.1875,19.0625
1772913251.0443141,14.247314332614398,1.1273818079692728,-8.721212698203233,-0.0746868552536836,-1.5331077761481098,9.730051020705535,0.0,-0.001090830782496456,0.0,-0.875,33.1875,19.0625
1772913251.0667272,14.240697503581673,1.1199252225955756,-8.722073904622075,-0.07311904981572276,-1.5387584137250716,9.723343730294957,0.0,0.001090830782496456,0.0,-1.25,33.5,17.0625
1772913251.0808468,14.240697503581673,1.1199252225955756,-8.722073904622075,-0.07311904981572276,-1.5387584137250716,9.723343730294957,0.0,0.001090830782496456,0.0,-1.25,33.5,17.0625
1772913251.096267,14.241215319253582,1.1138746598525928,-8.729936095311936,-0.06873058110297472,-1.5324835147888238,9.725570326866698,-0.002181661564992912,0.0,0.0,-1.25,33.5,17.0625
1772913251.116036,14.241734997951893,1.1069543786327791,-8.730795426246686,-0.06581010419704851,-1.5283076396419648,9.727052102012479,0.0,-0.002181661564992912,-0.001090830782496456,-1.25,33.5,17.0625
1772913251.133804,14.241734997951893,1.1069543786327791,-8.730795426246686,-0.06581010419704851,-1.5283076396419648,9.727052102012479,0.0,-0.002181661564992912,-0.001090830782496456,-1.25,33.5,17.0625
1772913251.1467156,14.242254884303746,1.1000341135634282,-8.731654882790767,-0.06386655944001926,-1.525528641379312,9.728038206819484,-0.001090830782496456,-0.001090830782496456,-0.002181661564992912,-2.6875,33.875,17.875
1772913251.158525,14.242254884303746,1.1000341135634282,-8.731654882790767,-0.06591826382235318,-1.5236792490789615,9.73538467196767,-0.001090830782496456,-0.002181661564992912,-0.001090830782496456,-2.6875,33.875,17.875
1772913251.1702445,14.242254884303746,1.1000341135634282,-8.731654882790767,-0.06591826382235318,-1.5236792490789615,9.73538467196767,-0.001090830782496456,-0.002181661564992912,-0.001090830782496456,-2.6875,33.875,17.875
1772913251.181927,14.24277497833014,1.093113864543474,-8.732514464980898,-0.06728365016975672,-1.525793610869463,9.740273662458396,0.001090830782496456,-0.002181661564992912,0.001090830782496456,-2.6875,33.875,17.875
1772913251.1940088,14.24277497833014,1.093113864543474,-8.732514464980898,-0.06728365016975672,-1.525793610869463,9.740273662458396,0.001090830782496456,-0.002181661564992912,0.001090830782496456,-2.6875,33.875,17.875
1772913251.2191732,14.243295280052084,1.0861936314718525,-8.733374172853807,-0.06819229953158891,-1.5272006950220731,9.743527231016373,0.001090830782496456,-0.002181661564992912,-0.001090830782496456,-2.25,33.5,17.5
1772913251.2364671,14.24381661716458,1.0801431371269616,-8.741237027443473,-0.06879699553160978,-1.5281370938074752,9.739002221132324,0.002181661564992912,0.002181661564992912,0.0,-2.25,33.5,17.5
1772913251.262473,14.24381661716458,1.0801431371269616,-8.741237027443473,-0.06879699553160978,-1.5281370938074752,9.739002221132324,0.002181661564992912,0.002181661564992912,0.0,-2.25,33.5,17.5
1772913251.2901914,14.244337748172041,1.0732229336754102,-8.7420969710513,-0.06919941396472674,-1.5287602567389005,9.735990877602163,0.001090830782496456,-0.002181661564992912,0.0,-1.875,33.1875,17.5
1772913251.3128037,14.244859086934435,1.0663027458817125,-8.742957040552255,-0.06946721893665764,-1.529174964708578,9.733986862121752,0.0,-0.001090830782496456,-0.001090830782496456,-1.875,33.1875,17.5
1772913251.3299801,14.244859086934435,1.0663027458817125,-8.742957040552255,-0.06946721893665764,-1.529174964708578,9.733986862121752,0.0,-0.001090830782496456,-0.001090830782496456,-1.875,33.1875,17.5
1772913251.3488727,14.245380633472859,1.059382573644812,-8.743817235983103,-0.0696454401539001,-1.5294509482298067,9.732653212205857,0.001090830782496456,0.001090830782496456,-0.001090830782496456,-1.25,33.875,17.875
1772913251.3628855,14.245902387808437,1.0524624168636545,-8.744677557380626,-0.06976404438311352,-1.5296346121802464,9.738455906499315,0.001090830782496456,-0.001090830782496456,0.001090830782496456,-1.25,33.875,17.875
1772913251.3776414,14.245902387808437,1.0524624168636545,-8.744677557380626,-0.06649786246543961,-1.5297568384876035,9.742317534731267,0.0,-0.001090830782496456,0.0,-1.25,33.875,17.875
1772913251.3972762,14.245902387808437,1.0524624168636545,-8.744677557380626,-0.06649786246543961,-1.5297568384876035,9.742317534731267,0.0,-0.001090830782496456,0.0,-1.25,33.875,17.875
1772913251.4191475,14.1514652807942,-28.623513667502728,149.25637579096713,-0.06766936659218967,-1.5264930670224728,9.744887405182418,0.001090830782496456,0.001090830782496456,0.0,-1.875,33.1875,18.25
1772913251.4313264,14.1514652807942,-28.623513667502728,149.25637579096713,-0.06766936659218967,-1.5264930670224728,9.744887405182418,0.001090830782496456,0.001090830782496456,0.0,-1.875,33.1875,18.25
1772913251.4438264,14.239814571771182,1.0389543218049586,-8.753398262560484,-0.07179410120930266,-1.527666175278464,9.746597625260325,0.001090830782496456,-0.001090830782496456,0.0,-1.875,33.1875,18.25
1772913251.4562342,14.239814571771182,1.0389543218049586,-8.753398262560484,-0.07179410120930266,-1.527666175278464,9.746597625260325,0.001090830782496456,-0.001090830782496456,0.0,-1.875,33.1875,18.25
1772913251.4697764,14.239814571771182,1.0389543218049586,-8.753398262560484,-0.07453906602068662,-1.5251017540110288,9.747735757617763,0.001090830782496456,-0.001090830782496456,0.0,-1.875,33.1875,18.25
1772913251.4860096,14.239814571771182,1.0389543218049586,-8.753398262560484,-0.07453906602068662,-1.5251017540110288,9.747735757617763,0.001090830782496456,-0.001090830782496456,0.0,-1.875,33.1875,18.25
1772913251.5198286,14.239814571771182,1.0389543218049586,-8.753398262560484,-0.06643899441609848,-1.52448557572977,9.748997222790296,0.0,-0.002181661564992912,0.0,-1.25,33.1875,17.5
1772913251.5503297,14.239814571771182,1.0389543218049586,-8.753398262560484,-0.06643899441609848,-1.52448557572977,9.748997222790296,0.0,-0.002181661564992912,0.0,-1.25,33.1875,17.5
1772913251.577967,14.239814571771182,1.0389543218049586,-8.753398262560484,-0.06763019056295234,-1.5229851005409978,9.745987551261377,0.0,-0.001090830782496456,0.001090830782496456,-2.25,33.875,17.875
1772913251.6033967,14.239814571771182,1.0389543218049586,-8.753398262560484,-0.06842291829215075,-1.521986551064276,9.743984648479117,0.002181661564992912,0.003272492347489368,0.001090830782496456,-2.25,33.875,17.875
1772913251.6312683,14.239814571771182,1.0389543218049586,-8.753398262560484,-0.06842291829215075,-1.521986551064276,9.743984648479117,0.002181661564992912,0.003272492347489368,0.001090830782496456,-2.25,33.875,17.875
1772913251.6456902,14.239814571771182,1.0389543218049586,-8.753398262560484,-0.06895046974058333,-1.5213220275420463,9.742651739051412,-0.001090830782496456,0.001090830782496456,-0.001090830782496456,-1.5625,33.1875,17.875
1772913251.6587365,14.239814571771182,1.0389543218049586,-8.753398262560484,-0.0693015493363794,-1.5242249062685358,9.741764702716848,0.0,0.0,-0.002181661564992912,-1.5625,33.1875,17.875
1772913251.6756017,14.239814571771182,1.0389543218049586,-8.753398262560484,-0.0693015493363794,-1.5242249062685358,9.741764702716848,0.0,0.0,-0.002181661564992912,-1.5625,33.1875,17.875
1772913251.6951451,14.239814571771182,1.0389543218049586,-8.753398262560484,-0.06284496547092686,-1.5295018513410539,9.737829278237722,0.0,0.001090830782496456,-0.002181661564992912,-1.5625,33.1875,17.875
1772913251.7118418,14.239814571771182,1.0389543218049586,-8.753398262560484,-0.06284496547092686,-1.5295018513410539,9.737829278237722,0.0,0.001090830782496456,-0.002181661564992912,-1.5625,33.1875,17.875
1772913251.7389252,14.239814571771182,1.0389543218049586,-8.753398262560484,-0.06523840444787456,-1.5330135993394758,9.735210297208436,0.002181661564992912,0.002181661564992912,0.0,-1.25,33.5,17.0625
1772913251.7607489,14.239814571771182,1.0389543218049586,-8.753398262560484,-0.06683121135056803,-1.5353506284036302,9.73346739458938,-0.001090830782496456,0.003272492347489368,0.0,-1.25,33.5,17.0625
1772913251.7774723,14.239814571771182,1.0389543218049586,-8.753398262560484,-0.0678912065514916,-1.5335607834321803,9.735652624073216,0.0,0.002181661564992912,-0.001090830782496456,-1.25,33.5,17.0625
1772913251.796759,14.239814571771182,1.0389543218049586,-8.753398262560484,-0.0678912065514916,-1.5335607834321803,9.735652624073216,0.0,0.002181661564992912,-0.001090830782496456,-1.25,33.5,17.0625
1772913251.822404,14.239814571771182,1.0389543218049586,-8.753398262560484,-0.06859662151678399,-1.5323696615975588,9.733761758176778,0.001090830782496456,0.0,0.0,-1.875,33.1875,17.5
1772913251.8574548,14.239814571771182,1.0389543218049586,-8.753398262560484,-0.06906606729618459,-1.5349220950296403,9.735848519752373,0.001090830782496456,0.002181661564992912,0.001090830782496456,-1.875,33.1875,17.5
1772913251.8806098,14.239814571771182,1.0389543218049586,-8.753398262560484,-0.06906606729618459,-1.5349220950296403,9.735848519752373,0.001090830782496456,0.002181661564992912,0.001090830782496456,-1.875,33.1875,17.5
1772913251.90431,14.239814571771182,1.0389543218049586,-8.753398262560484,-0.06603336651100333,-1.536620710966141,9.733892124562958,0.001090830782496456,0.003272492347489368,-0.001090830782496456,-1.875,33.1875,17.875
1772913251.9446576,14.239814571771182,1.0389543218049586,-8.753398262560484,-0.06401513801595274,-1.5377511208970986,9.735935277126089,0.001090830782496456,0.001090830782496456,0.0,-1.875,33.1875,17.875
1772913251.9743636,14.239814571771182,1.0389543218049586,-8.753398262560484,-0.06401513801595274,-1.5377511208970986,9.735935277126089,0.001090830782496456,0.001090830782496456,0.0,-1.875,33.1875,17.875
1772913252.0099497,14.239814571771182,1.0389543218049586,-8.753398262560484,-0.06267202949758607,-1.5385033960786447,9.737294972333341,0.0,0.003272492347489368,-0.002181661564992912,-2.6875,32.75,17.5
1772913252.028466,14.239814571771182,1.0389543218049586,-8.753398262560484,-0.06512331748943767,-1.5390040268084992,9.738199834304977,0.001090830782496456,0.003272492347489368,0.001090830782496456,-2.6875,32.75,17.5
1772913252.0431933,14.239814571771182,1.0389543218049586,-8.753398262560484,-0.06512331748943767,-1.5390040268084992,9.738199834304977,0.001090830782496456,0.003272492347489368,0.001090830782496456,-2.6875,32.75,17.5
1772913252.0762153,14.239814571771182,1.0389543218049586,-8.753398262560484,-0.06340951055801446,-1.5359920792594863,9.735456898131812,0.0,0.002181661564992912,0.0,-1.875,33.5,17.0625
1772913252.0890265,14.239814571771182,1.0389543218049586,-8.753398262560484,-0.062268991189630134,-1.533987661811277,9.733631504749175,0.0,0.001090830782496456,0.0,-1.875,33.5,17.0625
1772913252.1113267,14.239814571771182,1.0389543218049586,-8.753398262560484,-0.062268991189630134,-1.533987661811277,9.733631504749175,0.0,0.001090830782496456,0.0,-1.875,33.5,17.0625
1772913252.1352174,14.239814571771182,1.0389543218049586,-8.753398262560484,-0.061509988290406506,-1.5293086326829843,9.739106949258648,0.0,-0.002181661564992912,0.0,-1.875,33.5,17.0625
1772913252.1646197,14.239814571771182,1.0389543218049586,-8.753398262560484,-0.05765976863227172,-1.529539902773605,9.74275079641498,-0.002181661564992912,0.0,0.0,-2.25,33.1875,18.6875
1772913252.1767945,14.239814571771182,1.0389543218049586,-8.753398262560484,-0.05765976863227172,-1.529539902773605,9.74275079641498,-0.002181661564992912,0.0,0.0,-2.25,33.1875,18.6875
1772913252.1983225,0.00030200099791789076,1.0389765834294635,-8.753585102681292,-0.43616486231668966,-1.4674948341137728,9.73848551257844,-0.0002683236354524167,-0.0010573146280551636,0.002181661564992912,-2.25,33.1875,18.6875
1772913252.5237713,0.00030200099791789076,1.0389765834294635,-8.753585102681292,-0.44255370034200825,-1.466096276997441,9.741417281295652,-0.0005206673571503302,0.002382952891562744,0.002181661564992912,6.951900778921009,32.47527877955842,17.5
1772913252.8995388,0.00030200099791789076,1.0389765834294635,-8.753585102681292,-0.4397315999750851,-1.4676504423076164,9.738582999140656,0.0,0.0,-0.001090830782496456,5.195090470575855,32.9211193233543,18.25
1772913252.9274154,0.00030200099791789076,1.0389765834294635,-8.753585102681292,-0.4397315999750851,-1.4676504423076164,9.738582999140656,0.0,0.0,-0.001090830782496456,5.195090470575855,32.9211193233543,18.25
1772913252.9830513,0.00030200099791789076,1.0389765834294635,-8.753585102681292,-0.43599823198466264,-1.4647317536019435,9.739372445203292,-0.002114629256110327,0.0005366472709048334,0.001090830782496456,7.315378773751041,32.38303590842824,16.6875
1772913253.090164,0.00030200099791789076,1.0389765834294635,-8.753585102681292,-0.4419841937968794,-1.4642567430998834,9.739582369293037,-0.0013256382635075804,-0.0007889909926027469,-0.001090830782496456,7.02876983819616,32.77817710858345,17.5
1772913253.1241493,0.00030200099791789076,1.0389765834294635,-8.753585102681292,-0.4459677845153349,-1.4639406289169774,9.739722071429757,-0.002114629256110327,0.0005366472709048334,0.001090830782496456,7.02876983819616,32.77817710858345,17.5
1772913253.1830394,0.00030200099791789076,1.0389765834294635,-8.753585102681292,-0.4459677845153349,-1.4639406289169774,9.739722071429757,-0.002114629256110327,0.0005366472709048334,0.001090830782496456,7.02876983819616,32.77817710858345,17.5
1772913253.2287009,0.00030200099791789076,1.0389765834294635,-8.753585102681292,-0.44498298619114834,-1.464960679919412,9.734305666097123,0.0005366472709048334,0.002114629256110327,0.003272492347489368,5.635437524681039,33.13177478124914,17.5
1772913253.264704,0.00030200099791789076,1.0389765834294635,-8.753585102681292,-0.44498298619114834,-1.464960679919412,9.734305666097123,0.0005366472709048334,0.002114629256110327,0.003272492347489368,5.635437524681039,33.13177478124914,17.5
1772913253.2874656,0.00030200099791789076,1.0389765834294635,-8.753585102681292,-0.4479634473550149,-1.4644090910068843,9.732865372690194,0.001309658349753077,-0.0037085911550703244,0.002181661564992912,6.649002449895982,32.55214783883357,17.0625
1772913253.3023365,0.00030200099791789076,1.0389765834294635,-8.753585102681292,-0.4499469109656354,-1.464042014747249,9.738597096931652,-0.002382952891562744,-0.0005206673571503302,0.0,6.649002449895982,32.55214783883357,17.0625
1772913253.3357732,0.00030200099791789076,1.0389765834294635,-8.753585102681292,-0.45126688384176294,-1.463797729596972,9.742411495386788,-0.0013256382635075804,-0.0007889909926027469,0.003272492347489368,6.649002449895982,32.55214783883357,17.0625
1772913253.3757114,0.00030200099791789076,1.0389765834294635,-8.753585102681292,-0.4464834809562067,-1.4685231603239803,9.744949934949059,0.002114629256110327,-0.0005366472709048334,0.0,6.346104120870955,32.62901689810872,17.5
1772913253.3987923,0.00030200099791789076,1.0389765834294635,-8.753585102681292,-0.44330017976998043,-1.4716678816862843,9.743294126414202,0.0010573146280551636,-0.0002683236354524167,0.0,6.346104120870955,32.62901689810872,17.5
1772913253.4297242,0.00030200099791789076,1.0389765834294635,-8.753585102681292,-0.4411817283903511,-1.4737606586240584,9.742192204330848,-0.0005366472709048334,-0.002114629256110327,0.001090830782496456,6.346104120870955,32.62901689810872,17.5
1772913253.47998,0.00030200099791789076,1.0389765834294635,-8.753585102681292,-0.4411817283903511,-1.4737606586240584,9.742192204330848,-0.0005366472709048334,-0.002114629256110327,0.001090830782496456,6.346104120870955,32.62901689810872,17.5
1772913253.5272884,0.00030200099791789076,1.0389765834294635,-8.753585102681292,-0.443961440772765,-1.4736366575844986,9.737625761622866,-0.001593961898959997,-0.0018463056206579104,0.003272492347489368,6.054001695625379,31.47800324781362,17.5
1772913253.565548,0.00030200099791789076,1.0389765834294635,-8.753585102681292,-0.4440412883015337,-1.4710056911143368,9.738419970881997,-0.0015779819852054938,0.0026512765270151604,0.002181661564992912,6.818114380301316,33.21852416268863,17.5
1772913253.5867305,0.00030200099791789076,1.0389765834294635,-8.753585102681292,-0.44249776172773325,-1.4765623101845375,9.742293619979371,-0.0002683236354524167,-0.0010573146280551636,0.0,6.818114380301316,33.21852416268863,17.5
1772913253.620074,0.00030200099791789076,1.0389765834294635,-8.753585102681292,-0.4398248942584742,-1.47377551412634,9.744871490182177,-0.0002683236354524167,-0.0010573146280551636,0.001090830782496456,5.558568465405887,32.828876452224115,17.5
1772913253.6677706,0.00030200099791789076,1.0389765834294635,-8.753585102681292,-0.4398248942584742,-1.47377551412634,9.744871490182177,-0.0002683236354524167,-0.0010573146280551636,0.001090830782496456,5.558568465405887,32.828876452224115,17.5
1772913253.7053666,0.00030200099791789076,1.0389765834294635,-8.753585102681292,-0.4380461308155683,-1.4719209324801612,9.746587034005447,0.0007889909926027469,-0.0013256382635075802,0.001090830782496456,5.558568465405887,32.828876452224115,17.5
1772913253.7588437,0.00030200099791789076,1.0389765834294635,-8.753585102681292,-0.43686238361440405,-1.4706867291116636,9.747728709255954,-0.002651276527015161,-0.0015779819852054938,-0.002181661564992912,6.151738056446257,33.38763609309396,16.375
1772913253.7734587,0.00030200099791789076,1.0389765834294635,-8.753585102681292,-0.43686238361440405,-1.4706867291116636,9.747728709255954,-0.002651276527015161,-0.0015779819852054938,-0.002181661564992912,6.151738056446257,33.38763609309396,16.375
1772913253.7914135,0.00030200099791789076,1.0389765834294635,-8.753585102681292,-0.4393169450643091,-1.4690425466685253,9.748488481381818,0.0010573146280551636,-0.0002683236354524167,0.001090830782496456,6.151738056446257,33.38763609309396,16.375
1772913253.8064868,0.00030200099791789076,1.0389765834294635,-8.753585102681292,-0.4393169450643091,-1.4690425466685253,9.748488481381818,0.0010573146280551636,-0.0002683236354524167,0.001090830782496456,6.151738056446257,33.38763609309396,16.375
1772913253.8409605,0.00030200099791789076,1.0389765834294635,-8.753585102681292,-0.44095042828997283,-1.467948361619338,9.748994101244369,-0.0013256382635075804,-0.0007889909926027469,-0.001090830782496456,7.121012709326343,33.14165510341348,16.375
1772913253.862035,0.00030200099791789076,1.0389765834294635,-8.753585102681292,-0.44527982511840597,-1.4663973598035938,9.749330585614754,0.0,0.0,-0.001090830782496456,7.121012709326343,33.14165510341348,16.375
1772913253.8823626,0.00030200099791789076,1.0389765834294635,-8.753585102681292,-0.44527982511840597,-1.4663973598035938,9.749330585614754,0.0,0.0,-0.001090830782496456,7.121012709326343,33.14165510341348,16.375
1772913253.9053845,0.00030200099791789076,1.0389765834294635,-8.753585102681292,-0.44167632636728255,-1.4670108531977577,9.749554512204467,-0.0013256382635075804,-0.0007889909926027469,0.001090830782496456,5.875009443055712,32.29720210860387,17.5
1772913253.936719,0.00030200099791789076,1.0389765834294635,-8.753585102681292,-0.43927823820212847,-1.4674191261984035,9.749703532848498,0.0007889909926027469,-0.0013256382635075802,-0.002181661564992912,5.875009443055712,32.29720210860387,17.5
1772913253.958715,0.00030200099791789076,1.0389765834294635,-8.753585102681292,-0.43768233731661854,-1.4676908273196252,9.74980270442243,-0.0005366472709048334,-0.002114629256110327,0.0,6.0594951853160754,33.02415809826393,17.875
1772913253.9760034,0.00030200099791789076,1.0389765834294635,-8.753585102681292,-0.44068544898200795,-1.4702911394812967,9.749868701997064,-0.0018622855344124138,-0.0029036202487130744,0.001090830782496456,6.0594951853160754,33.02415809826393,17.875
1772913254.0012407,0.00030200099791789076,1.0389765834294635,-8.753585102681292,-0.44268398624836924,-1.472021618177499,9.749912622645741,-0.001593961898959997,-0.0018463056206579104,0.003272492347489368,6.0594951853160754,33.02415809826393,17.875
1772913254.0163155,0.00030200099791789076,1.0389765834294635,-8.753585102681292,-0.44268398624836924,-1.472021618177499,9.749912622645741,-0.001593961898959997,-0.0018463056206579104,0.003272492347489368,6.0594951853160754,33.02415809826393,17.875
1772913254.0451086,0.00030200099791789076,1.0389765834294635,-8.753585102681292,-0.4440139904740086,-1.4731732324191078,9.746596739639491,0.0,0.0,0.0,6.422973180146108,32.93191522713375,18.6875
1772913254.0687294,0.00030200099791789076,1.0389765834294635,-8.753585102681292,-0.4375915955627785,-1.472342954620284,9.74773516824699,-0.0005366472709048334,-0.002114629256110327,0.001090830782496456,6.422973180146108,32.93191522713375,18.6875
1772913254.0868843,0.00030200099791789076,1.0389765834294635,-8.753585102681292,-0.439802227470121,-1.470144746243261,9.74514766806088,-0.0002523437216979134,0.0034402675196179076,-0.002181661564992912,6.422973180146108,32.93191522713375,18.6875
1772913254.1074398,0.00030200099791789076,1.0389765834294635,-8.753585102681292,-0.441273378310081,-1.4686818631239487,9.746770827298615,0.0010573146280551636,-0.0002683236354524167,0.0,6.346104120870955,32.62901689810872,17.875
1772913254.1362824,0.00030200099791789076,1.0389765834294635,-8.753585102681292,-0.441273378310081,-1.4686818631239487,9.746770827298615,0.0010573146280551636,-0.0002683236354524167,0.0,6.346104120870955,32.62901689810872,17.875
1772913254.1719127,0.00030200099791789076,1.0389765834294635,-8.753585102681292,-0.4422524127602427,-1.4677083307495216,9.741160798224813,-0.0018463056206579104,0.001593961898959997,-0.001090830782496456,6.346104120870955,32.62901689810872,17.875
1772913254.1962867,0.00030200099791789076,1.0389765834294635,-8.753585102681292,-0.44372678313865216,-1.4703027878183665,9.744117609958966,-0.0010573146280551636,0.0002683236354524167,-0.001090830782496456,6.422973180146108,32.93191522713375,17.5
1772913254.2364275,0.00030200099791789076,1.0389765834294635,-8.753585102681292,-0.44470796015568737,-1.4720293700156986,9.746085335138295,0.0002683236354524167,0.0010573146280551636,-0.001090830782496456,6.422973180146108,32.93191522713375,17.5
1772913254.2508032,0.00030200099791789076,1.0389765834294635,-8.753585102681292,-0.44470796015568737,-1.4720293700156986,9.746085335138295,0.0002683236354524167,0.0010573146280551636,-0.001090830782496456,6.422973180146108,32.93191522713375,17.5
1772913254.2742984,0.00030200099791789076,1.0389765834294635,-8.753585102681292,-0.44453808861170063,-1.4699360591918789,9.747394834264208,0.0010573146280551636,-0.0002683236354524167,-0.001090830782496456,6.422973180146108,32.93191522713375,17.5
1772913254.2951488,0.00030200099791789076,1.0389765834294635,-8.753585102681292,-0.4444250409967669,-1.468542984222441,9.748266291304438,-0.0005206673571503302,0.002382952891562744,-0.001090830782496456,5.875009443055712,32.29720210860387,17.875
1772913254.3300762,0.00030200099791789076,1.0389765834294635,-8.753585102681292,-0.4443498090718532,-1.467615908391947,9.752191347937218,-0.0005206673571503302,0.002382952891562744,0.0,5.875009443055712,32.29720210860387,17.875
1772913254.3666465,0.00030200099791789076,1.0389765834294635,-8.753585102681292,-0.4442997430662187,-1.466998949782869,9.754803429280578,-0.001593961898959997,-0.0018463056206579104,0.0,6.422973180146108,32.93191522713375,16.6875
1772913254.4060643,0.00030200099791789076,1.0389765834294635,-8.753585102681292,-0.4442664246987429,-1.4665883707204068,9.759886851943042,-0.0005366472709048334,-0.002114629256110327,0.001090830782496456,6.422973180146108,32.93191522713375,16.6875
1772913254.4647913,0.00030200099791789076,1.0389765834294635,-8.753585102681292,-0.44424425169737836,-1.466315134940807,9.76326981293936,-0.0002683236354524167,-0.0010573146280551636,0.0,6.346104120870955,32.62901689810872,17.875
1772913254.4909942,0.00030200099791789076,1.0389765834294635,-8.753585102681292,-0.44505232970101705,-1.4693756315706838,9.75883091227762,-0.0002683236354524167,-0.0010573146280551636,-0.001090830782496456,6.346104120870955,32.62901689810872,17.875
1772913254.5166006,0.00030200099791789076,1.0389765834294635,-8.753585102681292,-0.4455900965856159,-1.4714123578898797,9.749186650058364,0.0013256382635075804,0.0007889909926027469,0.0,6.346104120870955,32.62901689810872,17.875
1772913254.5393858,0.00030200099791789076,1.0389765834294635,-8.753585102681292,-0.4455900965856159,-1.4714123578898797,9.749186650058364,0.0013256382635075804,0.0007889909926027469,0.0,6.346104120870955,32.62901689810872,17.875
1772913254.560191,0.00030200099791789076,1.0389765834294635,-8.753585102681292,-0.44270564245110955,-1.4735906103919387,9.749458724699556,0.0002683236354524167,0.0010573146280551636,0.001090830782496456,6.5152160512762896,33.29539322196378,18.25
1772913254.5774934,0.00030200099791789076,1.0389765834294635,-8.753585102681292,-0.4399632365577013,-1.4717978811104273,9.749639787333995,0.0013256382635075804,0.0007889909926027469,0.002181661564992912,6.5152160512762896,33.29539322196378,18.25
1772913254.606075,0.00030200099791789076,1.0389765834294635,-8.753585102681292,-0.43813819607031923,-1.4706048397996796,9.749760282494613,0.0013256382635075804,0.0007889909926027469,0.0,6.5152160512762896,33.29539322196378,18.25
1772913254.6405108,0.00030200099791789076,1.0389765834294635,-8.753585102681292,-0.43692365201300454,-1.4698108841345217,9.749840470677984,-0.0018463056206579104,0.001593961898959997,-0.001090830782496456,6.844284095935796,32.05122111892338,17.875
1772913254.6651497,0.00030200099791789076,1.0389765834294635,-8.753585102681292,-0.4393577184991648,-1.4684596816200668,9.749893835018257,-0.0029196001624675776,-0.0026352966132606576,0.001090830782496456,6.844284095935796,32.05122111892338,17.875
1772913254.6826603,0.00030200099791789076,1.0389765834294635,-8.753585102681292,-0.4377352305664431,-1.4683833053289765,9.739894013268632,-0.0013256382635075804,-0.0007889909926027469,-0.001090830782496456,6.844284095935796,32.05122111892338,17.875
1772913254.7096407,0.00030200099791789076,1.0389765834294635,-8.753585102681292,-0.4377352305664431,-1.4683833053289765,9.739894013268632,-0.0013256382635075804,-0.0007889909926027469,-0.001090830782496456,6.844284095935796,32.05122111892338,17.875
1772913254.735573,0.00030200099791789076,1.0389765834294635,-8.753585102681292,-0.43665548297159457,-1.4683324777604347,9.743274578721543,-0.0002683236354524167,-0.0010573146280551636,-0.001090830782496456,5.804549455086373,33.7981511051042,17.875
1772913254.7752545,0.00030200099791789076,1.0389765834294635,-8.753585102681292,-0.43665548297159457,-1.4683324777604347,9.743274578721543,-0.0002683236354524167,-0.0010573146280551636,-0.001090830782496456,5.804549455086373,33.7981511051042,17.875
1772913254.8140836,0.00030200099791789076,1.0389765834294635,-8.753585102681292,-0.43593692300879383,-1.4682986525813515,9.738834083852426,-0.0002683236354524167,-0.0010573146280551636,0.001090830782496456,5.804549455086373,33.7981511051042,17.875
1772913254.8382118,0.00030200099791789076,1.0389765834294635,-8.753585102681292,-0.43545872938039065,-1.4682761423025235,9.735878984120607,-0.0005206673571503302,0.002382952891562744,0.002181661564992912,4.969061200825981,33.30088671165448,17.875
1772913254.8541677,0.00030200099791789076,1.0389765834294635,-8.753585102681292,-0.43838282885141827,-1.4674383280750616,9.733912398259708,0.0007889909926027469,-0.0013256382635075802,-0.002181661564992912,4.969061200825981,33.30088671165448,17.875
1772913254.870085,0.00030200099791789076,1.0389765834294635,-8.753585102681292,-0.44032878438505585,-1.466880772065684,9.732603657337483,0.0010573146280551636,-0.0002683236354524167,0.001090830782496456,4.969061200825981,33.30088671165448,17.875
1772913254.8980784,0.00030200099791789076,1.0389765834294635,-8.753585102681292,-0.44032878438505585,-1.466880772065684,9.732603657337483,0.0010573146280551636,-0.0002683236354524167,0.001090830782496456,4.969061200825981,33.30088671165448,17.875
1772913254.9289749,0.00030200099791789076,1.0389765834294635,-8.753585102681292,-0.441623796054944,-1.4665097247697518,9.735077816580656,0.0,0.0,-0.002181661564992912,5.271959529851007,33.224017652379324,17.875
1772913254.9486098,0.00030200099791789076,1.0389765834294635,-8.753585102681292,-0.44006611375442745,-1.4703279628164942,9.733379230211499,-0.0010573146280551636,0.0002683236354524167,0.001090830782496456,5.271959529851007,33.224017652379324,17.875
1772913254.962498,0.00030200099791789076,1.0389765834294635,-8.753585102681292,-0.44006611375442745,-1.4703279628164942,9.733379230211499,-0.0010573146280551636,0.0002683236354524167,0.001090830782496456,5.271959529851007,33.224017652379324,17.875
1772913254.9858158,0.00030200099791789076,1.0389765834294635,-8.753585102681292,-0.43902949358388516,-1.4728689575840876,9.735593951664598,0.0007889909926027469,-0.0013256382635075802,0.0,5.271959529851007,33.224017652379324,17.875
1772913255.044788,0.00030200099791789076,1.0389765834294635,-8.753585102681292,-0.437516800551837,-1.4713176292281922,9.740412935758894,-0.0005366472709048334,-0.002114629256110327,0.0,6.422973180146108,32.93191522713375,17.5
1772913255.071131,0.00030200099791789076,1.0389765834294635,-8.753585102681292,-0.4365101202368974,-1.4702852375368172,9.743619915842068,0.0013256382635075804,0.0007889909926027469,0.0,6.422973180146108,32.93191522713375,17.5
1772913255.1040363,0.00030200099791789076,1.0389765834294635,-8.753585102681292,-0.4365101202368974,-1.4702852375368172,9.743619915842068,0.0013256382635075804,0.0007889909926027469,0.0,6.422973180146108,32.93191522713375,17.5
1772913255.1425004,0.00030200099791789076,1.0389765834294635,-8.753585102681292,-0.43215201981479334,-1.469963805422568,9.747174417792126,-0.0002683236354524167,-0.0010573146280551636,0.0,6.8949834395764675,33.52142249171366,17.5
1772913255.1740716,0.00030200099791789076,1.0389765834294635,-8.753585102681292,-0.43215201981479334,-1.469963805422568,9.747174417792126,-0.0002683236354524167,-0.0010573146280551636,0.0,6.8949834395764675,33.52142249171366,17.5
1772913255.1938381,0.00030200099791789076,1.0389765834294635,-8.753585102681292,-0.4386017486744784,-1.4644962831517039,9.744774494897161,-0.0010573146280551636,0.0002683236354524167,0.0,5.450951782420675,32.40481879158908,17.5
1772913255.2253876,0.00030200099791789076,1.0389765834294635,-8.753585102681292,-0.4331669752155352,-1.4633262098217437,9.743177373019458,-0.0018463056206579104,0.001593961898959997,-0.001090830782496456,5.450951782420675,32.40481879158908,17.5
1772913255.251026,0.00030200099791789076,1.0389765834294635,-8.753585102681292,-0.43768052594363666,-1.4673865352924287,9.732079171128909,-0.001593961898959997,-0.0018463056206579104,0.001090830782496456,5.450951782420675,32.40481879158908,17.5
1772913255.2720613,0.00030200099791789076,1.0389765834294635,-8.753585102681292,-0.43768052594363666,-1.4673865352924287,9.732079171128909,-0.001593961898959997,-0.0018463056206579104,0.001090830782496456,5.450951782420675,32.40481879158908,17.5
1772913255.3074307,0.00030200099791789076,1.0389765834294635,-8.753585102681292,-0.43744191154456574,-1.4709114704247201,9.741419000282384,-0.0002683236354524167,-0.0010573146280551636,-0.001090830782496456,6.818114380301316,33.21852416268863,16.6875
1772913255.3496082,0.00030200099791789076,1.0389765834294635,-8.753585102681292,-0.4397026144280805,-1.4691921095018394,9.744289440543975,0.0,0.0,0.001090830782496456,6.818114380301316,33.21852416268863,16.6875
1772913255.3941853,0.00030200099791789076,1.0389765834294635,-8.753585102681292,-0.4379647549543966,-1.4688707279025406,9.749544798180464,-0.0013256382635075804,-0.0007889909926027469,0.001090830782496456,7.121012709326343,33.14165510341348,16.375
1772913255.4629111,0.00030200099791789076,1.0389765834294635,-8.753585102681292,-0.43686140759811787,-1.4717568520287132,9.74979840232034,-0.0013256382635075804,-0.0007889909926027469,0.001090830782496456,6.5152160512762896,33.29539322196378,17.0625
1772913255.4968402,0.00030200099791789076,1.0389765834294635,-8.753585102681292,-0.4368967974357744,-1.4738198673930807,9.743175615581542,-0.0010573146280551636,0.0002683236354524167,0.001090830782496456,6.5152160512762896,33.29539322196378,17.0625
1772913255.5281327,0.00030200099791789076,1.0389765834294635,-8.753585102681292,-0.4368967974357744,-1.4738198673930807,9.743175615581542,-0.0010573146280551636,0.0002683236354524167,0.001090830782496456,6.5152160512762896,33.29539322196378,17.0625
1772913255.5785835,0.00030200099791789076,1.0389765834294635,-8.753585102681292,-0.43692034897740456,-1.475192781072676,9.745458448402886,-0.0008049709063572502,-0.003171943884165491,0.0,6.98722631070665,33.884900486543685,17.0625
1772913255.6074028,0.00030200099791789076,1.0389765834294635,-8.753585102681292,-0.43204802249959795,-1.4704446097004398,9.740287424729937,-0.0005366472709048334,-0.002114629256110327,0.001090830782496456,6.98722631070665,33.884900486543685,17.0625
1772913255.6532807,0.00030200099791789076,1.0389765834294635,-8.753585102681292,-0.43204802249959795,-1.4704446097004398,9.740287424729937,-0.0005366472709048334,-0.002114629256110327,0.001090830782496456,6.98722631070665,33.884900486543685,17.0625
1772913255.7072325,0.00030200099791789076,1.0389765834294635,-8.753585102681292,-0.42880554365607065,-1.4672847546927663,9.740191277947028,0.0002683236354524167,0.0010573146280551636,-0.002181661564992912,6.592085110551442,33.598291550988804,19.0625
1772913255.7792583,0.00030200099791789076,1.0389765834294635,-8.753585102681292,-0.4274705440949234,-1.4684242384720099,9.740127293337032,1.5979913754503327e-05,0.004497582147673071,-0.002181661564992912,6.592085110551442,33.598291550988804,19.0625
1772913255.81707,0.00030200099791789076,1.0389765834294635,-8.753585102681292,-0.4265821167999021,-1.4691825521982285,9.740084712293836,-0.001593961898959997,-0.0018463056206579104,0.002181661564992912,5.271959529851007,33.224017652379324,17.5
1772913255.9159389,0.00030200099791789076,1.0389765834294635,-8.753585102681292,-0.42923321034840567,-1.4688643676237494,9.74340148679257,-0.0007889909926027469,0.0013256382635075802,0.001090830782496456,5.271959529851007,33.224017652379324,17.5
1772913255.9350893,0.00030200099791789076,1.0389765834294635,-8.753585102681292,-0.42923321034840567,-1.4688643676237494,9.74340148679257,-0.0007889909926027469,0.0013256382635075802,0.001090830782496456,5.271959529851007,33.224017652379324,17.5
1772913255.9688003,0.00030200099791789076,1.0389765834294635,-8.753585102681292,-0.42923321034840567,-1.4688643676237494,9.74340148679257,-0.0007889909926027469,0.0013256382635075802,0.001090830782496456,5.271959529851007,33.224017652379324,17.5
1772913256.0040364,0.00030200099791789076,1.0389765834294635,-8.753585102681292,-0.4309974834902795,-1.4686526193437883,9.745608763170678,-0.0002683236354524167,-0.0010573146280551636,0.0,6.818114380301316,33.21852416268863,17.5
1772913256.0942857,0.00030200099791789076,1.0389765834294635,-8.753585102681292,-0.428929255569017,-1.4693345371172155,9.747077680943416,-0.0005206673571503302,0.002382952891562744,-0.001090830782496456,6.818114380301316,33.21852416268863,17.5
1772913256.148867,0.00030200099791789076,1.0389765834294635,-8.753585102681292,-0.4275528729910366,-1.4697883457779108,9.748055229312286,-0.001593961898959997,-0.0018463056206579104,0.0,6.0594951853160754,33.02415809826393,17.875
1772913256.1946394,0.00030200099791789076,1.0389765834294635,-8.753585102681292,-0.42663690576059143,-1.4700903503722287,9.742015553417199,0.0005206673571503302,-0.002382952891562744,0.0,6.0594951853160754,33.02415809826393,17.875
1772913256.229109,0.00030200099791789076,1.0389765834294635,-8.753585102681292,-0.42685017368911277,-1.473533663045092,9.741341328283939,-0.0010573146280551636,0.0002683236354524167,0.0,6.951900778921009,32.47527877955842,17.0625
1772913256.2535605,0.00030200099791789076,1.0389765834294635,-8.753585102681292,-0.42685017368911277,-1.473533663045092,9.741341328283939,-0.0010573146280551636,0.0002683236354524167,0.0,6.951900778921009,32.47527877955842,17.0625
1772913256.298692,0.00030200099791789076,1.0389765834294635,-8.753585102681292,-0.42941159921378375,-1.4717599832872441,9.740892638989342,-0.0013256382635075804,-0.0007889909926027469,0.001090830782496456,6.951900778921009,32.47527877955842,17.0625
1772913256.3189063,0.00030200099791789076,1.0389765834294635,-8.753585102681292,-0.42941159921378375,-1.4717599832872441,9.740892638989342,-0.0013256382635075804,-0.0007889909926027469,0.001090830782496456,6.951900778921009,32.47527877955842,17.0625
1772913256.3407323,0.00030200099791789076,1.0389765834294635,-8.753585102681292,-0.4351813651647697,-1.4729991173222965,9.743939152983296,0.0013256382635075804,0.0007889909926027469,0.0,5.635437524681039,33.13177478124914,17.0625
1772913256.4106774,0.00030200099791789076,1.0389765834294635,-8.753585102681292,-0.4351813651647697,-1.4729991173222965,9.743939152983296,0.0013256382635075804,0.0007889909926027469,0.0,5.635437524681039,33.13177478124914,17.0625
1772913256.4577427,0.00030200099791789076,1.0389765834294635,-8.753585102681292,-0.43577874796368493,-1.474646581068948,9.745966574014481,-0.002114629256110327,0.0005366472709048334,-0.001090830782496456,5.635437524681039,33.13177478124914,17.0625
1772913256.4919503,0.00030200099791789076,1.0389765834294635,-8.753585102681292,-0.439418631532117,-1.4749201159006102,9.737280464941,0.0,0.0,0.0,4.692332587435434,32.21045272716438,17.875
1772913256.545945,0.00043086880835268285,1.038117015671136,-8.746663604633603,-0.4377757675094296,-1.4726826521748986,9.731499956382795,0.00978415528794889,-0.0013575980910165869,-0.004363323129985824,4.692332587435434,32.21045272716438,17.875
1772913256.5916317,0.00043086880835268285,1.038117015671136,-8.746663604633603,-0.4377757675094296,-1.4726826521748986,9.731499956382795,0.00978415528794889,-0.0013575980910165869,-0.004363323129985824,4.692332587435434,32.21045272716438,17.875
1772913256.6452012,0.00043086880835268285,1.038117015671136,-8.746663604633603,-0.44372543806740905,-1.4509749790866706,9.736235539937029,0.004229258512220654,-0.0010732945418096668,-0.003272492347489368,5.982626126040924,32.721259769238905,17.5
1772913256.6628087,0.00043086880835268285,1.038117015671136,-8.746663604633603,-0.44372543806740905,-1.4509749790866706,9.736235539937029,0.004229258512220654,-0.0010732945418096668,-0.003272492347489368,5.982626126040924,32.721259769238905,17.5
1772913256.6860068,0.0005596339339451762,1.0372574242969455,-8.739742045524133,-0.43551619712668593,-1.4349264042316068,9.77847415379987,-0.002114629256110327,0.0005366472709048334,0.002181661564992912,5.364202400981189,33.58749564720936,17.0625
1772913256.7133136,0.0005596339339451762,1.0372574242969455,-8.739742045524133,-0.41727240971968627,-1.4299046274378993,9.805745460057187,-0.006612211403783398,0.0005526271846593368,0.004363323129985824,5.364202400981189,33.58749564720936,17.0625
1772913256.7567792,0.0005596339339451762,1.0372574242969455,-8.739742045524133,-0.41485836896365796,-1.4240941894135344,9.783752869243148,-0.002903620248713074,0.0018622855344124138,0.0,5.558568465405887,32.828876452224115,17.875
1772913256.7789168,0.0005596339339451762,1.0372574242969455,-8.739742045524133,-0.41485836896365796,-1.4240941894135344,9.783752869243148,-0.002903620248713074,0.0018622855344124138,0.0,5.558568465405887,32.828876452224115,17.875
1772913256.8153183,0.0005596339339451762,1.0372574242969455,-8.739742045524133,-0.4084128556059255,-1.428357739569796,9.769117045729741,0.007669526031838562,-0.0008209508201117537,-0.004363323129985824,5.558568465405887,32.828876452224115,17.875
1772913256.8488274,0.0005596339339451762,1.0372574242969455,-8.739742045524133,-0.4073657704564136,-1.430372250683454,9.762722180381749,-0.005034229418577904,-0.002098649342355824,0.0,6.422973180146108,32.93191522713375,17.875
1772913256.8806303,0.0005596339339451762,1.0372574242969455,-8.739742045524133,-0.4034266149971638,-1.432535719214388,9.758466468927987,-0.0034402675196179076,-0.0002523437216979134,-0.004363323129985824,6.422973180146108,32.93191522713375,17.875
1772913256.921361,0.002644674437289923,1.0095756690328197,-8.743181510064808,-0.4130986558031801,-1.4688183013443674,9.75897945220224,0.013981453972660533,-0.011426056928172397,0.004363323129985824,6.54138576691077,32.12809017819853,17.0625
1772913256.950579,0.003687811041998091,0.9957348418533339,-8.744901608785453,-0.40656596295998043,-1.4962552900023027,9.759320836840857,0.009531811566250976,0.0020826694286013208,-0.008726646259971648,6.54138576691077,32.12809017819853,17.0625
1772913256.9934936,0.003687811041998091,0.9957348418533339,-8.744901608785453,-0.40656596295998043,-1.4962552900023027,9.759320836840857,0.009531811566250976,0.0020826694286013208,-0.008726646259971648,6.54138576691077,32.12809017819853,17.0625
1772913257.0336115,-0.0033599382777317593,0.9960727977572963,-8.75194935810518,-0.38411618330391123,-1.4431829957058568,9.782963806455575,-0.0033763478645998947,0.017737984868994368,-0.015271630954950384,6.951900778921009,32.47527877955842,17.0625
1772913257.058857,-0.004658380864287223,1.0116325041604344,-8.764073078321257,-0.36917610572326776,-1.4078639767079448,9.835494167405407,-0.005270593226521314,0.005839200324935154,-0.002181661564992912,6.951900778921009,32.47527877955842,17.0625
1772913257.0740807,-0.004658380864287223,1.0116325041604344,-8.764073078321257,-0.36917610572326776,-1.4078639767079448,9.835494167405407,-0.005270593226521314,0.005839200324935154,-0.002181661564992912,6.951900778921009,32.47527877955842,17.0625
1772913257.1037707,0.030470065643124444,1.0073255764912386,-8.764297283769002,-0.3575879832082349,-1.377874900126214,9.833656307034428,-0.008742820573648228,-0.0034083076921089003,0.020725784867432664,6.54138576691077,32.12809017819853,17.5
1772913257.1278837,0.12321210576298176,1.000535213316788,-8.765417585088798,-0.44260120197666036,-1.4241157908300117,9.869229460268299,0.0017504261381308906,-0.028579454784998425,0.09599310885968812,6.54138576691077,32.12809017819853,17.5
1772913257.1487129,0.47006270965485797,0.8980103553773942,-8.693935552054644,-0.505759220514035,-1.4808272429604514,9.912973666611197,0.022529180682880585,-0.1373903168905274,0.24870941840919197,6.54138576691077,32.12809017819853,17.5
1772913257.1803622,1.1455975700411358,0.6541309918438802,-8.494699094643654,-0.6546013444147732,-1.6674703345144777,9.985571399472747,0.06161452719503849,-0.23171503758,0.3785182815262702,6.356900024650406,31.40113418853847,17.5
1772913257.2126777,2.1019000933802423,0.4202046497462443,-8.043943546989354,-0.9430712436523503,-1.8989109737539727,10.070680608502807,0.23583507701619708,-0.26805058776235774,0.5803219762881145,6.356900024650406,31.40113418853847,17.5
1772913257.2312589,3.1574907246850388,0.2692507522637721,-7.54224241769629,-1.2355570308327113,-2.0274242832674116,10.271159639794886,0.2576138963307322,-0.24431693832925735,0.6130468997630083,6.356900024650406,31.40113418853847,17.5
1772913257.2479002,3.1574907246850388,0.2692507522637721,-7.54224241769629,-1.2355570308327113,-2.0274242832674116,10.271159639794886,0.2576138963307322,-0.24431693832925735,0.6130468997630083,6.356900024650406,31.40113418853847,17.5
1772913257.2872539,4.963274909241627,0.38219577360298207,-6.997749597296612,-1.5543898243431884,-2.0355449300202566,10.498934669345967,0.17307069060895053,0.012348862449443254,0.6981317007977318,5.727680395811221,33.49525277607918,17.0625
1772913257.307728,4.963274909241627,0.38219577360298207,-6.997749597296612,-1.5543898243431884,-2.0355449300202566,10.498934669345967,0.17307069060895053,0.012348862449443254,0.6981317007977318,5.727680395811221,33.49525277607918,17.0625
1772913257.3274834,6.188949724226116,0.7946862840151625,-6.6548287228141145,-1.577046041982571,-1.9968877141866221,10.278513661667185,0.2566052160220567,0.14195445901347642,0.779944009484966,5.727680395811221,33.49525277607918,17.0625
1772913257.351189,7.439969503596675,1.3678078555833724,-6.243503916861412,-1.5921235017350464,-1.9711617688787342,9.998021475028171,0.2925093085330429,0.19474029084746206,0.7853981633974483,0.9696966004785719,29.73767340854056,12.375
1772913257.3655393,8.261658681618549,1.8000696764034938,-5.956848013320091,-1.622483212160634,-1.966138930156968,9.801321723000976,0.308324423110981,0.25262427175504365,0.7744898555724837,0.9696966004785719,29.73767340854056,12.375
1772913257.378166,9.043846963289779,2.572235413381934,-6.230977116709865,-1.6761294283445076,-2.0129789275785392,9.67042023530708,0.2962212345864874,0.27145153107960224,0.770126532442498,0.9696966004785719,29.73767340854056,12.375
1772913257.3929567,9.043846963289779,2.572235413381934,-6.230977116709865,-1.6761294283445076,-2.0129789275785392,9.67042023530708,0.2962212345864874,0.27145153107960224,0.770126532442498,0.9696966004785719,29.73767340854056,12.375
1772913257.419207,10.18384126948758,3.4313126267697873,-6.21290179132396,-1.7443517129658974,-2.0635064074303306,9.623448098000054,0.21805985167917782,0.31379539084144636,0.7341291166201148,-8.142889555495474,24.828355884693668,2.0625
1772913257.4444203,10.18384126948758,3.4313126267697873,-6.21290179132396,-1.7443517129658974,-2.0635064074303306,9.623448098000054,0.21805985167917782,0.31379539084144636,0.7341291166201148,-8.142889555495474,24.828355884693668,2.0625
1772913257.4763706,11.624553687374611,4.317549812294046,-6.121850089369184,-1.7897528812885786,-2.097131880842765,9.602224000457342,0.061433467503223066,0.3130290495593464,0.681769239060285,-8.142889555495474,24.828355884693668,2.0625
1772913257.5298135,13.741411535169295,5.470775110586502,-6.246832941008949,-1.743453526733458,-2.049196802166795,9.58809960063137,-0.02304317824328265,0.2905764335468642,0.6643159465403417,-12.710894118877063,23.343887357265423,-5.0
1772913257.5503619,14.762727319410681,5.954108010506385,-6.284153437088582,-1.5760228478582243,-1.9277261094912161,9.565319523497793,-0.02274622967869535,0.2252273305878785,0.6381360077604268,-12.710894118877063,23.343887357265423,-5.0
1772913257.5648072,15.828177114358155,6.40041049919143,-6.241760547347588,-1.3010231217155908,-1.7054899788866915,9.5100182961477,0.0062739928946808875,0.2021068930960813,0.6599526234103559,-12.710894118877063,23.343887357265423,-5.0
1772913257.6077845,15.828177114358155,6.40041049919143,-6.241760547347588,-1.035113894157345,-1.516511852363917,9.4732159471014,0.02828584111878528,0.14250111097950366,0.7243116395776468,-18.179544510399626,20.089065872867227,-21.25
1772913257.6417077,17.37553185464708,6.911858953806242,-6.071600662336014,-1.035113894157345,-1.516511852363917,9.4732159471014,0.02828584111878528,0.14250111097950366,0.7243116395776468,-18.179544510399626,20.089065872867227,-21.25
1772913257.6698956,18.858820088584935,7.090333817865991,-5.952006500988141,-0.8515716025111681,-1.3648103642753473,9.542387522725205,0.0026865712528983086,0.08597472816293869,0.6697701004528239,-18.179544510399626,20.089065872867227,-21.25
1772913257.7154505,20.280559374853336,6.615195072926825,-5.870795229325487,-0.7075037641235594,-1.2590647259323402,9.58842043360572,0.021906658624571154,0.05971430661448499,0.6523168079328807,-20.043971501729995,20.11084875602807,-36.5
1772913257.7370055,21.888720220773525,6.337756102979636,-5.694393002133375,-0.5856895711081527,-1.1952748559781141,9.619054821575393,0.02697284787065806,0.07080812025218694,0.7733990247899872,-20.043971501729995,20.11084875602807,-36.5
1772913257.7546747,21.888720220773525,6.337756102979636,-5.694393002133375,-0.5856895711081527,-1.1952748559781141,9.619054821575393,0.02697284787065806,0.07080812025218694,0.7733990247899872,-20.043971501729995,20.11084875602807,-36.5
1772913257.7912207,23.656890702303908,6.414079354269091,-5.458520338404158,-0.4819272624873961,-1.1585832473216218,9.652822111389952,0.05012191029159013,0.03342192523852229,0.806123948264881,-19.42901902752878,22.534035388228283,-45.875
1772913257.8597753,25.497224339053403,5.689322644711129,-5.29537483908474,-0.3925487758146411,-1.1220679011298562,9.675293865556199,0.03209628697501471,-0.050910901284192886,0.8333947178272924,-19.42901902752878,22.534035388228283,-45.875
1772913257.9235249,30.058588368564738,4.2443022874517595,-4.780524025367635,-0.3038874034564243,-1.1051728511376042,9.633381667903466,0.025288981707803124,-0.17973084175399745,0.9064803802545549,-16.361963460647527,23.948043927687188,-54.0625
1772913257.9870818,32.91754768675472,3.747827623273934,-4.7878331165988675,-0.23186591904415083,-1.0834285578070808,9.605489568555496,-0.11798514035054879,-0.1456217802240315,0.8453938564347534,-16.361963460647527,23.948043927687188,-54.0625
1772913258.0241706,35.33931943635742,3.5715573240854526,-5.159484763270052,-0.10093843681298084,-1.000291185661211,9.583582576307268,-0.2400011104515159,-0.08539611636940242,0.8628471489546967,-16.21902124587667,25.781723295307494,-59.0625
1772913258.056868,36.75283380180069,3.1250246342847934,-5.427571638711468,-0.013807659943944601,-0.9449641932034327,9.589074387927127,-0.2563368923866043,-0.14089714438542125,0.830122225479803,-16.21902124587667,25.781723295307494,-59.0625
1772913258.0842738,36.75283380180069,3.1250246342847934,-5.427571638711468,-0.013807659943944601,-0.9449641932034327,9.589074387927127,-0.2563368923866043,-0.14089714438542125,0.830122225479803,-16.21902124587667,25.781723295307494,-59.0625
1772913258.1227083,39.49957952142894,2.3469942262200183,-6.037758708852747,-0.017623423300240703,-0.9476795012637236,9.62618024428578,-0.2983485088579781,-0.20001088407398343,0.7952156404399164,-16.233288400514642,30.29902851504841,-64.5625
1772913258.1386962,39.49957952142894,2.3469942262200183,-6.037758708852747,-0.017623423300240703,-0.9476795012637236,9.62618024428578,-0.2983485088579781,-0.20001088407398343,0.7952156404399164,-16.233288400514642,30.29902851504841,-64.5625
1772913258.1574101,41.23141033764036,1.5911755222247836,-6.256336126189096,-0.020162771188986184,-0.9494865084458688,9.65087377719289,-0.23372781213495122,-0.2557995505375833,0.7461282552275759,-16.233288400514642,30.29902851504841,-64.5625
1772913258.1913052,42.908573781460824,0.8295441066074456,-6.30590548722742,0.0644366455983593,-0.8690529357500864,9.68737771774165,-0.19277684519000676,-0.27181906909595577,0.7155849933176751,-15.99260982492291,34.04234072794905,-66.875
1772913258.2110252,44.114398474246734,0.28227232653228723,-6.31847180788277,0.13046360839980192,-0.817993793287997,9.711670682401117,-0.15155755460960987,-0.2867812730262731,0.6915867161027531,-15.99260982492291,34.04234072794905,-66.875
1772913258.248288,45.61040103671684,-0.2806892372461792,-6.3300822246708695,0.17028964513286882,-0.8002261642922557,9.788049389743543,-0.1286734809257561,-0.24982320078560588,0.6370451769779303,-15.833378216681913,36.19429223644942,-69.25
1772913258.2742891,45.61040103671684,-0.2806892372461792,-6.3300822246708695,0.17028964513286882,-0.8002261642922557,9.788049389743543,-0.1286734809257561,-0.24982320078560588,0.6370451769779303,-15.833378216681913,36.19429223644942,-69.25
1772913258.3154988,46.9238352981478,-0.697078497969866,-6.345298898084813,0.15464311183630194,-0.7777051651243538,9.838878566273863,-0.12054387229341107,-0.19561585120558564,0.5606870222031783,-15.833378216681913,36.19429223644942,-69.25
1772913258.3492126,48.53275148998393,-0.9064539384933462,-6.430022843706977,0.11582336113393457,-0.7658620166141655,9.819183028138575,-0.05670549676623867,-0.09927571564090386,0.5672320068981571,-16.365777066315335,39.940351194195415,-72.0
1772913258.394819,48.53275148998393,-0.9064539384933462,-6.430022843706977,0.11582336113393457,-0.7658620166141655,9.819183028138575,-0.05670549676623867,-0.09927571564090386,0.5672320068981571,-16.365777066315335,39.940351194195415,-72.0
1772913258.4403832,52.22678593364832,-0.5608875169317824,-6.256835330616033,0.03242140669094026,-0.780439505454367,9.635787059295476,0.051303729331307196,-0.006267323097932605,0.5465062220307244,-14.957795446958356,43.70983312273054,-75.875
1772913258.4929912,53.461304314714845,-0.3713303211088636,-6.129894943729009,0.004384352747678015,-0.7911028402413129,9.650576781852047,0.031326610794540605,0.030313901009374814,0.5672320068981571,-14.957795446958356,43.70983312273054,-75.875
1772913258.551064,54.99107074187558,-0.21169104392619692,-6.01267931361965,-0.0012556619368449535,-0.7876983441340172,9.687180070659975,-0.027490180329434254,0.006976414521762835,0.559596191420682,-14.225345967607593,45.07150223092049,-75.875
1772913258.5949054,56.11456090139561,-0.1456418386714882,-6.060768061596423,-0.0033633609295863997,-0.7789480260274111,9.738300044134679,-0.01907960304625645,-0.008662921004875713,0.4799655442984406,-14.225345967607593,45.07150223092049,-75.875
1772913258.631869,57.18841330067078,-0.022515797791340646,-5.902313979318781,0.007576497260657639,-0.7244898072405661,9.772319815434575,0.06880535039235813,0.005046874433958267,0.4908738521234052,-13.518150622276197,47.85816685795073,-79.75
1772913258.6609955,58.03555531038549,0.12842355749495454,-5.728337897520817,0.014709839986614622,-0.7296249565086446,9.811685151745506,0.10461356342081733,0.030847213381905502,0.5137812985558308,-13.518150622276197,47.85816685795073,-79.75
1772913258.7094495,58.03555531038549,0.12842355749495454,-5.728337897520817,0.014709839986614622,-0.7296249565086446,9.811685151745506,0.10461356342081733,0.030847213381905502,0.5137812985558308,-13.518150622276197,47.85816685795073,-79.75
1772913258.7647314,60.08011143478975,0.6716524644925881,-5.681172662033609,-0.0098071381196482,-0.7270882332927068,9.855316281672371,-0.020574350564315287,0.09187784814289185,0.3567016658763411,-12.359812319060168,49.62760423330556,-79.75
1772913258.7898169,60.08011143478975,0.6716524644925881,-5.681172662033609,-0.0098071381196482,-0.7270882332927068,9.855316281672371,-0.020574350564315287,0.09187784814289185,0.3567016658763411,-12.359812319060168,49.62760423330556,-79.75
1772913258.8231976,61.263158226630395,0.998756082439985,-5.643210058155935,-0.051835405901138026,-0.758289387377973,9.835640711732253,0.006110858858761711,0.08172948973696352,0.19962203319685143,-11.828137975439919,49.94404521095539,-82.5625
1772913258.865024,61.41072128564819,1.046555132883707,-5.637003434215677,-0.06398111958297996,-0.8112050020846742,9.87055005942745,0.00440503756352019,0.04840010908259411,0.11999138607461016,-11.828137975439919,49.94404521095539,-82.5625
1772913258.882601,61.41072128564819,1.046555132883707,-5.637003434215677,-0.06398111958297996,-0.8112050020846742,9.87055005942745,0.00440503756352019,0.04840010908259411,0.11999138607461016,-11.828137975439919,49.94404521095539,-82.5625
1772913258.9181075,61.57466023758288,0.9759644620075699,-5.546088695522796,-0.07826582783515007,-0.8730971076254693,9.909242331047349,0.031939822735843816,-0.02048514087853655,0.018544123302439753,-9.94375926417894,51.27130436897481,-84.5
1772913258.9672558,61.48601495965242,0.8702923269110844,-5.518922776600554,-0.07431177583110984,-0.8998037550550615,9.859319104165936,0.01982065429759569,-0.006155463701651082,-0.039269908169872414,-7.867761233338615,51.06686690678383,-86.0625
1772913259.033673,61.31302384650165,0.9585168639502776,-5.427805709619372,-0.042499410491462095,-0.9249822355818795,9.826095754355341,0.029480305173882695,0.031907862908334805,-0.030543261909900768,-7.867761233338615,51.06686690678383,-86.0625
1772913259.0730038,61.17172805841801,0.7705112213476465,-5.480574708563527,-0.03531681282742151,-0.9968578769226911,9.89095889057583,-0.005839200324935155,-0.005270593226521315,-0.05235987755982989,-10.17783769286292,53.65203189207039,-86.0625
1772913259.1008978,61.175562352091,0.6782904022937221,-5.578314468245476,-0.03218254209359201,-1.0511749773093932,9.934124583161857,-0.019616250317161285,-0.01077755026098604,0.0,-10.17783769286292,53.65203189207039,-86.0625
1772913259.1412027,61.362768247056316,0.5902439223620156,-5.714725541417925,-0.09436554364548906,-1.1365842003197872,9.875877964995173,-0.028122707082866107,-0.02212370762038592,0.07526732399225546,-10.183331182553616,52.10587704162008,-87.1875
1772913259.1609719,61.494542910058996,0.5268221870063492,-5.795216798614191,-0.18438261638299158,-1.1810805758242962,9.837115491262603,-0.06502019456688944,-0.05665088722822688,0.10799224746714914,-10.183331182553616,52.10587704162008,-87.1875
1772913259.1832366,61.62247818885084,0.4529601712777999,-5.919094098507068,-0.27022662864486696,-1.2041097455585983,9.80797438629146,-0.10868635769386707,-0.06019967924575216,0.10690141668465268,-10.183331182553616,52.10587704162008,-87.1875
1772913259.2035778,61.62247818885084,0.4529601712777999,-5.919094098507068,-0.27022662864486696,-1.2041097455585983,9.80797438629146,-0.10868635769386707,-0.06019967924575216,0.10690141668465268,-10.183331182553616,52.10587704162008,-87.1875
1772913259.2503734,61.83747257236211,0.3782643708450927,-6.17258266884693,-0.35005118378739525,-1.213675563545587,9.77854597133868,-0.12422981373797862,-0.04162476364289154,0.13199052468207118,-9.624571541683771,51.51270745057971,-86.5
1772913259.284678,62.2766749183358,0.5368761297610914,-6.760417229986035,-0.4154180347324618,-1.2410921647047228,9.75896168992454,-0.11153870330294251,0.0305569346140665,0.12217304763960307,-9.624571541683771,51.51270745057971,-86.5
1772913259.302037,62.2766749183358,0.5368761297610914,-6.760417229986035,-0.4154180347324618,-1.2410921647047228,9.75896168992454,-0.11153870330294251,0.0305569346140665,0.12217304763960307,-9.624571541683771,51.51270745057971,-86.5
1772913259.3259242,62.33666640806722,0.7104436236023188,-7.05486117778136,-0.5140385876531048,-1.245349430410536,9.72585789917027,-0.07494149928188058,0.05503163529850615,-0.007635815477475192,-13.50167015320411,52.496631409301656,-85.6875
1772913259.3458545,62.33666640806722,0.7104436236023188,-7.05486117778136,-0.5140385876531048,-1.245349430410536,9.72585789917027,-0.07494149928188058,0.05503163529850615,-0.007635815477475192,-13.50167015320411,52.496631409301656,-85.6875
1772913259.3635473,62.19500225667714,0.7928103405359894,-7.1714649291922905,-0.5747324606278833,-1.2287286012472383,9.74062392499739,-0.0304703652485457,0.06175237120019694,-0.09272061651219876,-13.50167015320411,52.496631409301656,-85.6875
1772913259.3845978,61.930374583513995,0.8746038758764072,-7.185087404371105,-0.5721014017883367,-1.2113299718214037,9.76048588535998,0.004941684834425025,0.05051473833870444,-0.11562806294462433,-12.129014065632772,54.856491630851515,-86.0
1772913259.428132,61.680539551442074,0.8761558914148743,-7.208955578279802,-0.5614953030074342,-1.2192543737921544,9.787084244937926,-0.0073852224826316416,0.006375847595839988,-0.16580627893946132,-12.129014065632772,54.856491630851515,-86.0
1772913259.4490187,61.33863246324288,0.8281835982518502,-7.2232461957617815,-0.5259809016054228,-1.2075914880781264,9.804785156113905,-0.009279467844553062,-0.005522936948219228,-0.21271200258680892,-12.129014065632772,54.856491630851515,-86.0
1772913259.4656475,61.11093302099608,0.7903655801415548,-7.251775444505235,-0.5023464641942421,-1.1998299679184106,9.799839356232788,-0.02171489965951711,-0.005743320842408134,-0.21707532571679475,-12.129014065632772,54.856491630851515,-86.0
1772913259.4843643,61.11093302099608,0.7903655801415548,-7.251775444505235,-0.5023464641942421,-1.1998299679184106,9.799839356232788,-0.02171489965951711,-0.005743320842408134,-0.21707532571679475,-12.129014065632772,54.856491630851515,-86.0
1772913259.518065,60.812914974907585,0.7513469367693274,-7.330886704271538,-0.45738801864597667,-1.1882781061050183,9.766441976294235,-0.04256090875765896,0.009675630790041505,-0.17235126363444003,-12.129014065632772,54.856491630851515,-86.0
1772913259.5582232,60.47642636264581,0.6813001776808165,-7.396600041372485,-0.42664584146399137,-1.1773481391220002,9.734181057896349,-0.027774483878641173,0.0014215177460346006,-0.15707963267948966,-13.65979510422805,54.922564786347216,-86.375
1772913259.584003,60.25763532506414,0.5721074742959092,-7.435098607890283,-0.41586525836439625,-1.1538137046812718,9.712711777080626,-0.03904407656764268,-0.04298569663228227,-0.14180800172453928,-13.65979510422805,54.922564786347216,-86.375
1772913259.60626,60.073309116397816,0.4707711161200974,-7.50371139502641,-0.4045767312968287,-1.12194014151304,9.698424210525344,-0.05963774194408661,-0.03100701251945054,-0.09599310885968812,-13.65979510422805,54.922564786347216,-86.375
1772913259.6353793,60.00755463874604,0.4034718650731378,-7.525217327906494,-0.3938220106455152,-1.10155147516397,9.6922611062927,-0.018875199065822048,-0.02559593496751283,-0.018544123302439753,-13.13269866868338,53.95054338862178,-86.75
1772913259.6549418,60.01962578114105,0.369224491473709,-7.525421950259251,-0.38666486419016755,-1.0879830454649901,9.755061863418648,-0.009848074942966903,-0.0166327304996757,0.003272492347489368,-13.13269866868338,53.95054338862178,-86.75
1772913259.6799269,60.01962578114105,0.369224491473709,-7.525421950259251,-0.38666486419016755,-1.0879830454649901,9.755061863418648,-0.009848074942966903,-0.0166327304996757,0.003272492347489368,-13.13269866868338,53.95054338862178,-86.75
1772913259.7071114,59.98661897003604,0.33638630500655176,-7.566146350203961,-0.4144721937576963,-1.1121015537185879,9.806890400877501,-0.029684709154317097,-0.014974848945697686,-0.022907446432425576,-14.006983705587933,55.33307979835745,-86.25
1772913259.749753,59.94764733451551,0.3100938248658387,-7.593160809349843,-0.43380049484502037,-1.131394483528924,9.84138171359367,-0.009816115115457895,-0.007637566204329554,-0.007635815477475192,-14.006983705587933,55.33307979835745,-86.25
1772913259.7741346,60.01565992891937,0.3399917513119663,-7.626340492997001,-0.44584042941900603,-1.1409913808125982,9.86433529691307,-0.003912995135504728,0.015623355612884044,0.038179077387375956,-14.283712318978479,54.242645813867355,-88.0
1772913259.811657,60.01565992891937,0.3399917513119663,-7.626340492997001,-0.44584042941900603,-1.1409913808125982,9.86433529691307,-0.003912995135504728,0.015623355612884044,0.038179077387375956,-14.283712318978479,54.242645813867355,-88.0
1772913259.878977,60.389051305997256,0.24230622677143218,-7.90384363351249,-0.40872928762337485,-1.247248217657486,9.92320370426908,-0.052300459202718474,-0.05087560655830974,0.07417649320975901,-13.93011464631278,55.63597812738248,-87.0625
1772913259.9193516,60.51637292742801,0.12328334526231662,-8.03629137180993,-0.4133361896477563,-1.3325422108994323,9.92213202940335,-0.06572928599071967,-0.03283733822635394,0.039269908169872414,-13.93011464631278,55.63597812738248,-87.0625
1772913259.9494631,60.602936780095575,0.010154425644435977,-8.180404650855927,-0.4034327035266862,-1.392595746159046,9.877932389556449,-0.06937395749077199,-0.016156667985414732,0.02945243112740431,-14.673360029442991,55.50219172876279,-87.5625
1772913259.9823992,60.602936780095575,0.010154425644435977,-8.180404650855927,-0.4034327035266862,-1.392595746159046,9.877932389556449,-0.06937395749077199,-0.016156667985414732,0.02945243112740431,-14.673360029442991,55.50219172876279,-87.5625
1772913260.0234447,60.664540524438856,-0.04359386782188121,-8.392938272293124,-0.3406545486192953,-1.3743457379245736,9.81841201761479,-0.09388061800272066,0.011445371740301044,0.025089107997418487,-14.673360029442991,55.50219172876279,-87.5625
1772913260.0515907,60.68025254986921,0.12450039971050011,-8.530360674531664,-0.29887638780636666,-1.3622005613104822,9.778801874973736,-0.026745794179720873,0.06755961169762309,0.009817477042468103,-14.140770104207625,56.07632518148766,-87.5625
1772913260.0676937,60.68025254986921,0.12450039971050011,-8.530360674531664,-0.29887638780636666,-1.3622005613104822,9.778801874973736,-0.026745794179720873,0.06755961169762309,0.009817477042468103,-14.140770104207625,56.07632518148766,-87.5625
1772913260.0868475,60.70323666687754,0.154413074870278,-8.543867920785916,-0.3340886729302496,-1.5072325121847072,9.762477102642357,-0.002050709601092314,0.018526975861597118,0.022907446432425576,-14.140770104207625,56.07632518148766,-87.5625
1772913260.110566,60.7569345401628,0.16826132349014114,-8.54524716011076,-0.3737337152779811,-1.5996354859366673,9.751613149015482,0.006912494866744822,0.009499851738741969,0.031634092692397225,-14.140770104207625,56.07632518148766,-87.5625
1772913260.129087,60.7569345401628,0.16826132349014114,-8.54524716011076,-0.3737337152779811,-1.5996354859366673,9.751613149015482,0.006912494866744822,0.009499851738741969,0.031634092692397225,-14.140770104207625,56.07632518148766,-87.5625
1772913260.165729,60.810039727913214,0.26371787769664207,-8.571873870848862,-0.37378636366879325,-1.5573740091131194,9.700896857039957,-0.006452412266238366,0.045528448661390046,0.015271630954950384,-14.304388544922263,56.956103708082914,-88.0
1772913260.193513,60.7875395948833,0.41165573529890553,-8.651801833745688,-0.3803060645626719,-1.5276038006019608,9.653765284439071,-0.023493950726782866,0.08924255152963119,-0.00545415391248228,-14.304388544922263,56.956103708082914,-88.0
1772913260.2272239,60.73833319841556,0.5746290506516286,-8.754183831491813,-0.38953285244339064,-1.5134538894823597,9.635780196196622,-0.029725979098832327,0.12233556837605719,-0.016362461737446838,-14.504248099037657,56.16856805261784,-88.0
1772913260.243627,60.73833319841556,0.5746290506516286,-8.754183831491813,-0.38953285244339064,-1.5134538894823597,9.635780196196622,-0.029725979098832327,0.12233556837605719,-0.016362461737446838,-14.504248099037657,56.16856805261784,-88.0
1772913260.2670333,60.67788945359173,0.7520663233270937,-8.853735139198802,-0.3981416783731095,-1.5137642776640006,9.660607549658385,-0.01683379958173596,0.10218267078799106,-0.02399827721492203,-14.504248099037657,56.16856805261784,-88.0
1772913260.2909997,60.71865828209417,0.7509233690180829,-8.84757653556656,-0.4161152570588722,-1.5350214936776025,9.677129876047479,0.04440721437831687,-0.011269592689001504,0.026179938779914945,-14.530417814672138,57.335871096383094,-88.0
1772913260.3228831,60.68492002768,0.7342144292323393,-8.840996702076515,-0.4280764728962178,-1.549167933475993,9.711541081644176,-0.012751695191679976,-0.014770444965263283,-0.002181661564992912,-14.530417814672138,57.335871096383094,-88.0
1772913260.3747985,60.694733958909886,0.7336808689540127,-8.850810633306402,-0.5058201715297268,-1.5615795453023134,9.670884232131357,-0.005538916861973732,0.004781885696879992,0.002181661564992912,-14.438174943541956,57.69934909121312,-88.25
1772913260.3991225,60.694407278995726,0.7366222556869885,-8.866124192780374,-0.5275049091628619,-1.5602103454880212,9.670588446605898,-0.0015620020714509904,0.0071488586746882325,0.0,-14.438174943541956,57.69934909121312,-88.25
1772913260.4417734,60.73076703907869,0.7210651673749459,-8.853504912905272,-0.541935859823322,-1.5592991583065738,9.670391604642845,-0.002635296613260657,0.002919600162467577,0.018544123302439753,-13.137085501157017,56.982273423717395,-88.0
1772913260.5023646,60.74195527483097,0.7061576397835402,-8.821623865589988,-0.5034823325152,-1.5053168045093455,9.670260608515303,-0.010336782472608226,-0.005254613312766812,0.004363323129985824,-13.137085501157017,56.982273423717395,-88.0
1772913260.5357141,60.722519856841686,0.7007482866745228,-8.850876048756705,-0.4778919396456904,-1.4693921510796935,9.70027943742162,-0.01686909430761911,0.01778592461025788,-0.020725784867432664,-13.044842630026835,57.34575141854743,-88.6875
1772913260.56532,60.73257875967554,0.6998601188458122,-8.825826129797603,-0.45989197447266544,-1.4008658780054168,9.660044621994736,0.010052478923401305,-0.0003002834629614233,0.0,-13.044842630026835,57.34575141854743,-88.6875
1772913260.5816376,60.72905917408768,0.6910171669677292,-8.814353623659963,-0.45764019468967443,-1.3527939070980382,9.723586817878104,0.01106185381019296,-0.014061353541433053,0.002181661564992912,-13.044842630026835,57.34575141854743,-88.6875
1772913260.6100013,60.72905917408768,0.6910171669677292,-8.814353623659963,-0.44641466443125094,-1.323271049123353,9.695626093571942,-0.008474496938195812,-0.002350993064053737,0.007635815477475192,-13.940910550092232,56.86386083695273,-87.5625
1772913260.6456954,60.738435557198905,0.69731350230994,-8.810152284452426,-0.47737237437211644,-1.3870527111931834,9.677018543887948,0.0023989328053172472,0.005018249504823401,-0.004363323129985824,-13.940910550092232,56.86386083695273,-87.5625
1772913260.666784,60.738435557198905,0.69731350230994,-8.810152284452426,-0.47737237437211644,-1.3870527111931834,9.677018543887948,0.0023989328053172472,0.005018249504823401,-0.004363323129985824,-13.940910550092232,56.86386083695273,-87.5625
1772913260.6998384,60.738836204044446,0.6917784734287814,-8.814394015198342,-0.49797438451748327,-1.429498694812806,9.664635427433199,0.00897918438159164,-0.004529541975182077,-0.008726646259971648,-13.940910550092232,56.86386083695273,-87.5625
1772913260.7320585,60.738836204044446,0.6917784734287814,-8.814394015198342,-0.510861958241334,-1.4545036907700026,9.709916389078147,-0.006075564132878565,0.002667256440769664,0.002181661564992912,-13.940910550092232,56.86386083695273,-88.0
1772913260.7500222,60.73811434260457,0.7002611919222543,-8.82546479781638,-0.5324078225467536,-1.4678529007019774,9.740050363231378,-0.0021306091698648304,-0.003960934876768238,0.001090830782496456,-13.940910550092232,56.86386083695273,-88.0
1772913260.7723145,60.73815418545656,0.6989675287277548,-8.835241720141816,-0.5297118607257921,-1.477608488244095,9.72999818104593,0.003960934876768238,-0.0021306091698648304,-0.004363323129985824,-13.940910550092232,56.86386083695273,-88.0
1772913260.7882874,60.73815418545656,0.6989675287277548,-8.835241720141816,-0.5297118607257921,-1.477608488244095,9.72999818104593,0.003960934876768238,-0.0021306091698648304,-0.004363323129985824,-13.940910550092232,56.86386083695273,-88.0
1772913260.8290648,60.73815418545656,0.6989675287277548,-8.835241720141816,-0.524675396260852,-1.4849235566646788,9.723308566091747,0.005018249504823402,-0.0023989328053172472,-0.002181661564992912,-14.048527233077444,56.439803176317696,-88.75
1772913260.8531559,60.73779234672824,0.7032087338822668,-8.840777016785477,-0.5196780176437125,-1.483306989005995,9.725546925482272,-0.002114629256110327,0.0005366472709048334,0.0,-14.048527233077444,56.439803176317696,-88.75
1772913260.8759236,60.73229669522153,0.7015128251026016,-8.850916066452031,-0.516352317998383,-1.4822311812873847,9.727036528652553,-0.0021306091698648304,-0.003960934876768238,0.001090830782496456,-14.048527233077444,56.439803176317696,-88.75
1772913260.907799,60.73229669522153,0.7015128251026016,-8.850916066452031,-0.5173814340238725,-1.480692409379851,9.728027842922419,0.0029196001624675776,0.0026352966132606576,-0.002181661564992912,-14.893895809502173,57.428113967513276,-87.5625
1772913260.9395828,60.73229669522153,0.7015128251026016,-8.850916066452031,-0.5115326317004667,-1.4675218797971257,9.728687551495309,-0.002114629256110327,0.0005366472709048334,0.0,-14.893895809502173,57.428113967513276,-87.5625
1772913260.9730804,60.73229669522153,0.7015128251026016,-8.850916066452031,-0.5115326317004667,-1.4675218797971257,9.728687551495309,-0.002114629256110327,0.0005366472709048334,0.0,-14.893895809502173,57.428113967513276,-87.5625
1772913261.019965,60.731934164201355,0.7057538003501174,-8.856451681524716,-0.5108826510786001,-1.4579342055959192,9.729126580181138,-0.0010573146280551636,0.0002683236354524167,0.001090830782496456,-14.60728687394729,57.03297276735807,-88.75
1772913261.0497663,60.73157122596073,0.7099947069037141,-8.861987284571665,-0.50720776424655,-1.4523765494047127,9.736108972281924,-0.0010573146280551636,0.0002683236354524167,0.001090830782496456,-14.60728687394729,57.03297276735807,-88.75
1772913261.0856612,60.731973930219034,0.7044595640035893,-8.86622848839121,-0.5105220053295039,-1.471374315215252,9.73406545281193,-0.0005366472709048334,-0.002114629256110327,0.001090830782496456,-13.638012221067205,56.78699177767758,-88.25
1772913261.1117005,60.731973930219034,0.7044595640035893,-8.86622848839121,-0.5102590940826363,-1.4742901201763454,9.739395736846895,0.001593961898959997,0.0018463056206579104,-0.001090830782496456,-13.638012221067205,56.78699177767758,-88.25
1772913261.1453311,60.7358520434609,0.7090638624189222,-8.872167038562548,-0.510084129584757,-1.4762305558062776,9.742942981328989,0.0,0.0,0.0,-14.304388544922263,56.956103708082914,-88.75
1772913261.1714907,60.7358520434609,0.7090638624189222,-8.872167038562548,-0.510084129584757,-1.4762305558062776,9.742942981328989,0.0,0.0,0.0,-14.304388544922263,56.956103708082914,-88.75
1772913261.1970234,60.7358520434609,0.7090638624189222,-8.872167038562548,-0.5099676926658998,-1.477521894041911,9.745303632906506,-0.0013256382635075804,-0.0007889909926027469,0.0,-14.304388544922263,56.956103708082914,-88.75
1772913261.2239478,60.7358520434609,0.7090638624189222,-8.872167038562548,-0.5090673713087278,-1.4751389332235747,9.750219731868457,0.0002683236354524167,0.0010573146280551636,-0.002181661564992912,-14.227519485647111,57.25900203710794,-88.25
1772913261.2379625,60.7358520434609,0.7090638624189222,-8.872167038562548,-0.5090673713087278,-1.4751389332235747,9.750219731868457,0.0002683236354524167,0.0010573146280551636,-0.002181661564992912,-14.227519485647111,57.25900203710794,-88.25
1772913261.2686985,60.7358520434609,0.7090638624189222,-8.872167038562548,-0.5052258855138213,-1.4743759333067468,9.746801117396574,0.0002683236354524167,0.0010573146280551636,0.0,-14.227519485647111,57.25900203710794,-88.25
1772913261.291905,60.73548833601388,0.7133050553239074,-8.877702662817809,-0.5026694196295189,-1.4738681653853651,9.744526067653961,-0.002114629256110327,0.0005366472709048334,-0.001090830782496456,-12.773607506326986,56.89003055258721,-88.0
1772913261.3143895,60.73548833601388,0.7133050553239074,-8.877702662817809,-0.5034366218061855,-1.4832572474726964,9.736321824049584,0.0002683236354524167,0.0010573146280551636,0.001090830782496456,-12.773607506326986,56.89003055258721,-88.0
1772913261.330727,60.73548833601388,0.7133050553239074,-8.877702662817809,-0.5034366218061855,-1.4832572474726964,9.736321824049584,0.0002683236354524167,0.0010573146280551636,0.001090830782496456,-12.773607506326986,56.89003055258721,-88.0
1772913261.3580263,60.73548833601388,0.7133050553239074,-8.877702662817809,-0.5039471862845473,-1.4895055767188963,9.737552214992917,-0.0005366472709048334,-0.002114629256110327,-0.001090830782496456,-12.773607506326986,56.89003055258721,-88.0
1772913261.3860798,60.73548833601388,0.7133050553239074,-8.877702662817809,-0.5018184595764436,-1.4839367740669598,9.748406361543294,-0.002651276527015161,-0.0015779819852054938,0.001090830782496456,-13.638012221067205,56.78699177767758,-87.5625
1772913261.4055371,60.735527675312845,0.7120110363552354,-8.887479703194678,-0.5101288116985072,-1.477762296444623,9.755629674823808,0.002382952891562744,0.0005206673571503302,-0.002181661564992912,-13.638012221067205,56.78699177767758,-87.5625
1772913261.42764,60.735527675312845,0.7120110363552354,-8.887479703194678,-0.5101288116985072,-1.477762296444623,9.755629674823808,0.002382952891562744,0.0005206673571503302,-0.002181661564992912,-13.638012221067205,56.78699177767758,-87.5625
1772913261.4617326,60.735527675312845,0.7120110363552354,-8.887479703194678,-0.5220805498714532,-1.4817188618422603,9.754719378861333,-0.0018622855344124138,-0.0029036202487130744,-0.001090830782496456,-14.590997480477146,57.35124490823812,-88.0
1772913261.5021174,60.735527675312845,0.7120110363552354,-8.887479703194678,-0.5228391761235744,-1.4868361304900182,9.749795582205982,0.0005366472709048334,0.002114629256110327,-0.002181661564992912,-14.590997480477146,57.35124490823812,-88.0
1772913261.5414734,60.735527675312845,0.7120110363552354,-8.887479703194678,-0.5233440334199506,-1.4902416156114644,9.746518850534258,0.0,0.0,0.0,-14.590997480477146,57.35124490823812,-88.0
1772913261.568033,60.735527675312845,0.7120110363552354,-8.887479703194678,-0.5236800103110635,-1.4925079279180258,9.754373557332174,-0.002382952891562744,-0.0005206673571503302,0.004363323129985824,-13.771798619686898,57.53023716080779,-87.5625
1772913261.5862136,60.735527675312845,0.7120110363552354,-8.887479703194678,-0.5236800103110635,-1.4925079279180258,9.754373557332174,-0.002382952891562744,-0.0005206673571503302,0.004363323129985824,-13.771798619686898,57.53023716080779,-87.5625
1772913261.613972,60.735527675312845,0.7120110363552354,-8.887479703194678,-0.5271949347324241,-1.5069854613975036,9.759600776963364,0.0007889909926027469,-0.0013256382635075802,-0.002181661564992912,-13.771798619686898,57.53023716080779,-87.5625
1772913261.6352596,60.735527675312845,0.7120110363552354,-8.887479703194678,-0.529534077670561,-1.5166200982034501,9.76307943323605,0.003171943884165491,-0.0008049709063572502,0.001090830782496456,-13.86404149081708,57.16675916597776,-88.0
1772913261.6673503,60.735527675312845,0.7120110363552354,-8.887479703194678,-0.5180724196456483,-1.5125310150811089,9.762049328419069,-0.0002683236354524167,-0.0010573146280551636,0.001090830782496456,-13.86404149081708,57.16675916597776,-88.0
1772913261.6813707,60.735527675312845,0.7120110363552354,-8.887479703194678,-0.5180724196456483,-1.5125310150811089,9.762049328419069,-0.0002683236354524167,-0.0010573146280551636,0.001090830782496456,-13.86404149081708,57.16675916597776,-88.0
1772913261.6958513,60.735527675312845,0.7120110363552354,-8.887479703194678,-0.5104448142651783,-1.509809775941242,9.761363805170392,-0.002114629256110327,0.0005366472709048334,0.0,-13.86404149081708,57.16675916597776,-88.0
1772913261.709147,60.735527675312845,0.7120110363552354,-8.887479703194678,-0.5104448142651783,-1.509809775941242,9.761363805170392,-0.002114629256110327,0.0005366472709048334,0.0,-13.86404149081708,57.16675916597776,-88.0
1772913261.7229233,60.735527675312845,0.7120110363552354,-8.887479703194678,-0.5086110600793676,-1.5071759878035356,9.744182038569598,-0.0008049709063572502,-0.003171943884165491,-0.002181661564992912,-13.638012221067205,56.78699177767758,-88.75
1772913261.741573,60.735527675312845,0.7120110363552354,-8.887479703194678,-0.5065678832647289,-1.5021808992302759,9.732747764829677,-0.0005366472709048334,-0.002114629256110327,0.0,-13.638012221067205,56.78699177767758,-88.75
1772913261.763694,60.735527675312845,0.7120110363552354,-8.887479703194678,-0.5065678832647289,-1.5021808992302759,9.732747764829677,-0.0005366472709048334,-0.002114629256110327,0.0,-13.638012221067205,56.78699177767758,-88.75
1772913261.7867768,60.735527675312845,0.7120110363552354,-8.887479703194678,-0.5052081719183673,-1.4988567235835673,9.738518830214245,0.0,0.0,0.002181661564992912,-14.048527233077444,56.439803176317696,-88.25
1772913261.8075547,60.735527675312845,0.7120110363552354,-8.887479703194678,-0.5052081719183673,-1.4988567235835673,9.738518830214245,0.0,0.0,0.002181661564992912,-14.048527233077444,56.439803176317696,-88.25
1772913261.8339317,60.735527675312845,0.7120110363552354,-8.887479703194678,-0.5051261330946928,-1.4998868538131147,9.74235940976065,0.0,0.0,-0.004363323129985824,-14.048527233077444,56.439803176317696,-88.25
1772913261.8542647,60.735527675312845,0.7120110363552354,-8.887479703194678,-0.5051261330946928,-1.4998868538131147,9.74235940976065,0.0,0.0,-0.004363323129985824,-14.048527233077444,56.439803176317696,-88.25
1772913261.8770518,60.735527675312845,0.7120110363552354,-8.887479703194678,-0.5115562011518854,-1.4989267261968535,9.741570160839379,-0.0018463056206579104,0.001593961898959997,0.001090830782496456,-13.745628904052417,56.36293411704254,-88.75
1772913261.8980808,60.735527675312845,0.7120110363552354,-8.887479703194678,-0.5158353396153804,-1.49828777199356,9.74104492449876,-0.0005206673571503302,0.002382952891562744,0.0,-13.745628904052417,56.36293411704254,-88.75
1772913261.9190807,60.735527675312845,0.7120110363552354,-8.887479703194678,-0.5178602245733696,-1.4946202231198973,9.737350273874034,-0.0005206673571503302,0.002382952891562744,0.0,-14.60728687394729,57.03297276735807,-89.0625
1772913261.9523075,60.735527675312845,0.7120110363552354,-8.887479703194678,-0.5178602245733696,-1.4946202231198973,9.737350273874034,-0.0005206673571503302,0.002382952891562744,0.0,-14.60728687394729,57.03297276735807,-89.0625
1772913261.9778037,60.735527675312845,0.7120110363552354,-8.887479703194678,-0.515965430904507,-1.493002344202038,9.73489152515523,0.032767443352703846,0.1379875489180761,-0.001090830782496456,-14.60728687394729,57.03297276735807,-89.0625
1772913262.0093834,60.735527675312845,0.7120110363552354,-8.887479703194678,-0.5147044668841112,-1.4919256638550944,9.73325525534889,-0.0013256382635075804,-0.0007889909926027469,0.0,-14.304388544922263,56.956103708082914,-88.0
1772913262.0246506,60.735527675312845,0.7120110363552354,-8.887479703194678,-0.5147044668841112,-1.4919256638550944,9.73325525534889,-0.0013256382635075804,-0.0007889909926027469,0.0,-14.304388544922263,56.956103708082914,-88.0
1772913262.0553846,60.735527675312845,0.7120110363552354,-8.887479703194678,-0.5138653094144289,-1.491209145111511,9.735511447778421,0.0002683236354524167,0.0010573146280551636,0.0,-14.304388544922263,56.956103708082914,-88.0
1772913262.077139,60.735527675312845,0.7120110363552354,-8.887479703194678,-0.5133068594923583,-1.4907323098916951,9.740358030344272,0.0005366472709048334,0.002114629256110327,0.001090830782496456,-14.048527233077444,56.439803176317696,-89.0625
1772913262.0949814,60.735527675312845,0.7120110363552354,-8.887479703194678,-0.513758051195873,-1.4936573133684632,9.740238265194652,0.0013256382635075804,0.0007889909926027469,-0.001090830782496456,-14.048527233077444,56.439803176317696,-89.0625
1772913262.1119854,60.735527675312845,0.7120110363552354,-8.887479703194678,-0.513758051195873,-1.4936573133684632,9.740238265194652,0.0013256382635075804,0.0007889909926027469,-0.001090830782496456,-14.048527233077444,56.439803176317696,-89.0625
1772913262.1303763,60.735527675312845,0.7120110363552354,-8.887479703194678,-0.5140583142344205,-1.4956038705078225,9.736813451118126,0.0005366472709048334,0.002114629256110327,0.001090830782496456,-14.048527233077444,56.439803176317696,-89.0625
1772913262.1598752,60.735527675312845,0.7120110363552354,-8.887479703194678,-0.5134353020440577,-1.4936569505506412,9.734534275607876,-0.0002683236354524167,-0.0010573146280551636,0.001090830782496456,-13.93011464631278,55.63597812738248,-87.5625
1772913262.1834524,60.735527675312845,0.7120110363552354,-8.887479703194678,-0.5130206943908734,-1.4923612970676576,9.736362621473184,-0.0007889909926027469,0.0013256382635075802,0.0,-13.93011464631278,55.63597812738248,-87.5625
1772913262.2115183,60.735527675312845,0.7120110363552354,-8.887479703194678,-0.5159871096181073,-1.4906762202597719,9.740924476929903,0.0010573146280551636,-0.0002683236354524167,-0.001090830782496456,-13.93011464631278,55.63597812738248,-87.5625
1772913262.2354634,60.735527675312845,0.7120110363552354,-8.887479703194678,-0.5171383919264441,-1.4863124884787082,9.740615229069766,0.0008049709063572502,0.003171943884165491,-0.001090830782496456,-13.468900290661871,57.45336810153264,-89.5625
1772913262.2595298,60.735527675312845,0.7120110363552354,-8.887479703194678,-0.5171383919264441,-1.4863124884787082,9.740615229069766,0.0008049709063572502,0.003171943884165491,-0.001090830782496456,-13.468900290661871,57.45336810153264,-89.5625
1772913262.2879503,60.735527675312845,0.7120110363552354,-8.887479703194678,-0.5187273913303342,-1.486650805713445,9.74040942807337,0.0002683236354524167,0.0010573146280551636,-0.002181661564992912,-13.468900290661871,57.45336810153264,-89.5625
1772913262.316053,60.735527675312845,0.7120110363552354,-8.887479703194678,-0.5189620187949786,-1.4836336200649545,9.740272469809216,0.0010573146280551636,-0.0002683236354524167,-0.002181661564992912,-14.412005227907475,56.53204604744788,-88.25
1772913262.3526661,60.735527675312845,0.7120110363552354,-8.887479703194678,-0.5189620187949786,-1.4836336200649545,9.740272469809216,0.0010573146280551636,-0.0002683236354524167,-0.002181661564992912,-14.412005227907475,56.53204604744788,-88.25
1772913262.376437,60.735527675312845,0.7120110363552354,-8.887479703194678,-0.5158758287627817,-1.4824485506084142,9.733491102199707,-0.0007889909926027469,0.0013256382635075802,0.001090830782496456,-14.412005227907475,56.53204604744788,-88.25
1772913262.3981977,60.735527675312845,0.7120110363552354,-8.887479703194678,-0.5170643357603134,-1.4808370662348216,9.728978177808418,-0.0002683236354524167,-0.0010573146280551636,0.002181661564992912,-13.86404149081708,57.16675916597776,-88.0
1772913262.4256778,60.735527675312845,0.7120110363552354,-8.887479703194678,-0.5154357757900788,-1.4838298072629712,9.725974877038684,0.0,0.0,-0.001090830782496456,-13.86404149081708,57.16675916597776,-88.0
1772913262.4514987,60.735527675312845,0.7120110363552354,-8.887479703194678,-0.5154357757900788,-1.4838298072629712,9.725974877038684,0.0,0.0,-0.001090830782496456,-13.86404149081708,57.16675916597776,-88.0
1772913262.4849935,60.735527675312845,0.7120110363552354,-8.887479703194678,-0.5143519873220945,-1.4858214429860968,9.727321325632815,0.0007889909926027469,-0.0013256382635075802,0.0,-13.638012221067205,56.78699177767758,-89.0625
1772913262.5094411,60.735527675312845,0.7120110363552354,-8.887479703194678,-0.5136307382033615,-1.4871468543118083,9.731562483838712,0.0,0.0,0.002181661564992912,-13.638012221067205,56.78699177767758,-89.0625
1772913262.5227666,60.735527675312845,0.7120110363552354,-8.887479703194678,-0.5136307382033615,-1.4871468543118083,9.731562483838712,0.0,0.0,0.002181661564992912,-13.638012221067205,56.78699177767758,-89.0625
1772913262.5437498,60.735527675312845,0.7120110363552354,-8.887479703194678,-0.5131507549717251,-1.4880289007432543,9.734384927247893,0.0002683236354524167,0.0010573146280551636,0.002181661564992912,-13.638012221067205,56.78699177767758,-89.0625
1772913262.5648255,60.735527675312845,0.7120110363552354,-8.887479703194678,-0.5128313314928352,-1.4886158927902777,9.736263231807946,0.0010573146280551636,-0.0002683236354524167,0.0,-13.940910550092232,56.86386083695273,-88.25
1772913262.5805967,60.735527675312845,0.7120110363552354,-8.887479703194678,-0.5128313314928352,-1.4886158927902777,9.736263231807946,0.0010573146280551636,-0.0002683236354524167,0.0,-13.940910550092232,56.86386083695273,-88.25
1772913262.6030083,60.735527675312845,0.7120110363552354,-8.887479703194678,-0.515861090724785,-1.4881836955520826,9.734168110803305,-0.0005206673571503302,0.002382952891562744,0.002181661564992912,-13.940910550092232,56.86386083695273,-88.25
1772913262.6213114,60.735527675312845,0.7120110363552354,-8.887479703194678,-0.5146350296600624,-1.4887189070063815,9.73277383117875,0.0,0.0,0.0,-13.940910550092232,56.86386083695273,-88.25
1772913262.645089,60.735527675312845,0.7120110363552354,-8.887479703194678,-0.513819099717489,-1.4890750842505138,9.738536177078373,0.0002683236354524167,0.0010573146280551636,-0.001090830782496456,-13.638012221067205,56.78699177767758,-88.75
1772913262.6594527,60.735527675312845,0.7120110363552354,-8.887479703194678,-0.513819099717489,-1.4890750842505138,9.738536177078373,0.0002683236354524167,0.0010573146280551636,-0.001090830782496456,-13.638012221067205,56.78699177767758,-88.75
1772913262.6736755,60.735527675312845,0.7120110363552354,-8.887479703194678,-0.5124532735668829,-1.4860697842387662,9.74237095390495,-0.0002683236354524167,-0.0010573146280551636,0.002181661564992912,-13.638012221067205,56.78699177767758,-88.75
1772913262.6896665,60.735527675312845,0.7120110363552354,-8.887479703194678,-0.5115443315209323,-1.484069790652349,9.744922955045773,0.0,0.0,0.001090830782496456,-13.638012221067205,56.78699177767758,-88.75
1772913262.7111151,60.735527675312845,0.7120110363552354,-8.887479703194678,-0.5115443315209323,-1.484069790652349,9.744922955045773,0.0,0.0,0.001090830782496456,-13.638012221067205,56.78699177767758,-88.75
1772913262.7492008,60.735527675312845,0.7120110363552354,-8.887479703194678,-0.5085199426423012,-1.4868039831392958,9.743276171589951,-0.0018463056206579104,0.001593961898959997,0.0,-14.140770104207625,56.07632518148766,-88.75
1772913262.7785885,60.735527675312845,0.7120110363552354,-8.887479703194678,-0.5129919096061238,-1.4869778899197112,9.745525367303197,0.0005366472709048334,0.002114629256110327,0.002181661564992912,-14.140770104207625,56.07632518148766,-88.75
1772913262.8131933,60.735527675312845,0.7120110363552354,-8.887479703194678,-0.5129919096061238,-1.4869778899197112,9.745525367303197,0.0005366472709048334,0.002114629256110327,0.002181661564992912,-14.140770104207625,56.07632518148766,-88.75
1772913262.8688312,60.735527675312845,0.7120110363552354,-8.887479703194678,-0.5049906066060613,-1.4904590700310532,9.743566026387878,-0.002382952891562744,-0.0005206673571503302,0.0,-14.807146428062683,56.245437111893,-88.0
1772913262.8923905,60.735527675312845,0.7120110363552354,-8.887479703194678,-0.5049906066060613,-1.4904590700310532,9.743566026387878,-0.002382952891562744,-0.0005206673571503302,0.0,-14.807146428062683,56.245437111893,-88.0
1772913262.92256,60.735527675312845,0.7120110363552354,-8.887479703194678,-0.5041585119213589,-1.4910559771928962,9.739028039018688,0.001593961898959997,0.0018463056206579104,0.002181661564992912,-13.940910550092232,56.86386083695273,-87.875
1772913262.952541,60.735527675312845,0.7120110363552354,-8.887479703194678,-0.5036047622037959,-1.491453212241213,9.742698282531771,-0.0005366472709048334,-0.002114629256110327,-0.001090830782496456,-13.940910550092232,56.86386083695273,-87.875
1772913262.9857397,60.735527675312845,0.7120110363552354,-8.887479703194678,-0.5036047622037959,-1.491453212241213,9.742698282531771,-0.0005366472709048334,-0.002114629256110327,-0.001090830782496456,-13.940910550092232,56.86386083695273,-87.875
1772913263.036004,60.735527675312845,0.7120110363552354,-8.887479703194678,-0.5064785799415046,-1.4908947338401033,9.745140788590422,-0.0002683236354524167,-0.0010573146280551636,0.0,-14.304388544922263,56.956103708082914,-88.75
1772913263.0791833,60.735527675312845,0.7120110363552354,-8.887479703194678,-0.5116334055322592,-1.4897002388144192,9.746766249087875,0.0,0.0,0.0,-14.304388544922263,56.956103708082914,-88.75
1772913263.0993273,60.735527675312845,0.7120110363552354,-8.887479703194678,-0.510175884614058,-1.483243485628654,9.744502863184026,0.0,0.0,0.0,-15.317953470137208,57.535730650498486,-88.25
1772913263.1138875,60.735527675312845,0.7120110363552354,-8.887479703194678,-0.510175884614058,-1.483243485628654,9.744502863184026,0.0,0.0,0.0,-15.317953470137208,57.535730650498486,-88.25
1772913263.136859,60.735527675312845,0.7120110363552354,-8.887479703194678,-0.5092059207245706,-1.4789465885101862,9.742996605148692,0.0002683236354524167,0.0010573146280551636,-0.001090830782496456,-15.317953470137208,57.535730650498486,-88.25
1772913263.151407,60.735527675312845,0.7120110363552354,-8.887479703194678,-0.5085604205913234,-1.4760870514773319,9.741994207252182,-0.0007889909926027469,0.0013256382635075802,0.001090830782496456,-15.317953470137208,57.535730650498486,-88.25
1772913263.1787157,60.735527675312845,0.7120110363552354,-8.887479703194678,-0.5015971799209664,-1.4620375674576187,9.74467223435689,0.006327907854576478,-0.006107523960387572,0.0,-14.227519485647111,57.25900203710794,-88.0
1772913263.2083287,60.735527675312845,0.7120110363552354,-8.887479703194678,-0.501900224369488,-1.4721417847192622,9.746454431479552,0.0029196001624675776,0.0026352966132606576,0.0,-14.227519485647111,57.25900203710794,-88.0
1772913263.2678998,60.735527675312845,0.7120110363552354,-8.887479703194678,-0.5134255572438627,-1.4690900289040365,9.727569793512322,-0.009515831652496472,0.0024149127190717505,-0.007635815477475192,-15.078381551762536,56.701157977853214,-88.0
1772913263.322976,60.735527675312845,0.7120110363552354,-8.887479703194678,-0.5227412053020716,-1.473543783477264,9.711657166193039,-0.004765905783125488,-0.0010413347143006604,-0.002181661564992912,-15.078381551762536,56.701157977853214,-88.0
1772913263.3400524,60.735527675312845,0.7120110363552354,-8.887479703194678,-0.5272949972454859,-1.4700230434161343,9.704412602175069,0.0007889909926027469,-0.0013256382635075802,-0.003272492347489368,-14.304388544922263,56.956103708082914,-87.5625
1772913263.3688903,60.735527675312845,0.7120110363552354,-8.887479703194678,-0.5272949972454859,-1.4700230434161343,9.704412602175069,0.0007889909926027469,-0.0013256382635075802,-0.003272492347489368,-14.304388544922263,56.956103708082914,-87.5625
1772913263.3939478,60.735527675312845,0.7120110363552354,-8.887479703194678,-0.5295026610262807,-1.464437698245739,9.71631698428479,-0.001593961898959997,-0.0018463056206579104,0.002181661564992912,-14.304388544922263,56.956103708082914,-87.5625
1772913263.4182196,60.735527675312845,0.7120110363552354,-8.887479703194678,-0.5212448406443081,-1.4631892150923091,9.724239217598148,-0.0010573146280551636,0.0002683236354524167,0.001090830782496456,-14.304388544922263,56.956103708082914,-87.5625
1772913263.4331472,60.735527675312845,0.7120110363552354,-8.887479703194678,-0.5212448406443081,-1.4631892150923091,9.724239217598148,-0.0010573146280551636,0.0002683236354524167,0.001090830782496456,-14.304388544922263,56.956103708082914,-87.5625
1772913263.454865,60.735527675312845,0.7120110363552354,-8.887479703194678,-0.5182178550910779,-1.4720853594670436,9.729511375371043,0.0010413347143006604,-0.004765905783125488,0.0,-14.412005227907475,56.53204604744788,-87.5625
1772913263.4724243,60.735527675312845,0.7120110363552354,-8.887479703194678,-0.5162034300190473,-1.478005644171985,9.736365049182362,-0.0013256382635075804,-0.0007889909926027469,0.001090830782496456,-14.412005227907475,56.53204604744788,-87.5625
1772913263.494481,60.735527675312845,0.7120110363552354,-8.887479703194678,-0.5162034300190473,-1.478005644171985,9.736365049182362,-0.0013256382635075804,-0.0007889909926027469,0.001090830782496456,-14.412005227907475,56.53204604744788,-87.5625
1772913263.5182462,60.735527675312845,0.7120110363552354,-8.887479703194678,-0.5181051846251705,-1.481122693620852,9.740926092543242,-0.0002523437216979134,0.0034402675196179076,0.001090830782496456,-14.412005227907475,56.53204604744788,-87.5625
1772913263.5357716,60.735527675312845,0.7120110363552354,-8.887479703194678,-0.5128861170936404,-1.4848427229860655,9.743961415949716,0.0013256382635075804,0.0007889909926027469,0.0,-13.771798619686898,57.53023716080779,-90.0
1772913263.5611598,60.735527675312845,0.7120110363552354,-8.887479703194678,-0.5094128859522115,-1.4873183609731642,9.742636278062621,-0.0007889909926027469,0.0013256382635075802,0.002181661564992912,-13.771798619686898,57.53023716080779,-90.0
1772913263.5897932,60.735527675312845,0.7120110363552354,-8.887479703194678,-0.5094128859522115,-1.4873183609731642,9.742636278062621,-0.0007889909926027469,0.0013256382635075802,0.002181661564992912,-13.771798619686898,57.53023716080779,-90.0
1772913263.6155267,60.735527675312845,0.7120110363552354,-8.887479703194678,-0.5062786555377664,-1.485723538409933,9.74175441360152,0.0002683236354524167,0.0010573146280551636,0.001090830782496456,-13.745628904052417,56.36293411704254,-86.75
1772913263.6608248,60.735527675312845,0.7120110363552354,-8.887479703194678,-0.5074351921975581,-1.4838393679210797,9.741167542653727,0.0002683236354524167,0.0010573146280551636,0.002181661564992912,-13.745628904052417,56.36293411704254,-86.75
1772913263.6831036,60.735527675312845,0.7120110363552354,-8.887479703194678,-0.5090276883136466,-1.4858278054972687,9.73743187488643,-0.0013256382635075804,-0.0007889909926027469,0.0,-14.048527233077444,56.439803176317696,-88.375
1772913263.7015536,60.735527675312845,0.7120110363552354,-8.887479703194678,-0.5090276883136466,-1.4858278054972687,9.73743187488643,-0.0013256382635075804,-0.0007889909926027469,0.0,-14.048527233077444,56.439803176317696,-88.375
1772913263.7381666,60.735527675312845,0.7120110363552354,-8.887479703194678,-0.5100874766895563,-1.4871510884919192,9.734945829717438,-0.002114629256110327,0.0005366472709048334,-0.001090830782496456,-14.048527233077444,56.439803176317696,-88.375
1772913263.7619991,60.735527675312845,0.7120110363552354,-8.887479703194678,-0.5100874766895563,-1.4871510884919192,9.734945829717438,-0.002114629256110327,0.0005366472709048334,-0.001090830782496456,-14.048527233077444,56.439803176317696,-88.375
1772913263.787949,60.735527675312845,0.7120110363552354,-8.887479703194678,-0.5107927540151125,-1.4880317185428196,9.729946282721098,0.0013256382635075804,0.0007889909926027469,0.001090830782496456,-14.60728687394729,57.03297276735807,-88.25
1772913263.814046,60.735527675312845,0.7120110363552354,-8.887479703194678,-0.5153272740741214,-1.4910372661050102,9.726619140043633,0.0010573146280551636,-0.0002683236354524167,0.0,-14.60728687394729,57.03297276735807,-88.25
1772913263.8441668,60.735527675312845,0.7120110363552354,-8.887479703194678,-0.5183449465194837,-1.4930374244334819,9.731095187173038,0.0,0.0,0.001090830782496456,-14.60728687394729,57.03297276735807,-88.25
1772913263.8644726,60.735527675312845,0.7120110363552354,-8.887479703194678,-0.5203531738222624,-1.4943685074578474,9.734073946536935,0.0,0.0,-0.001090830782496456,-13.837871775182599,55.999456122212514,-89.5
1772913263.8782966,60.735527675312845,0.7120110363552354,-8.887479703194678,-0.5203531738222624,-1.4943685074578474,9.734073946536935,0.0,0.0,-0.001090830782496456,-13.837871775182599,55.999456122212514,-89.5
1772913263.9027185,60.735527675312845,0.7120110363552354,-8.887479703194678,-0.5143821287926204,-1.4936576641291504,9.736056277618685,0.0,0.0,0.0,-13.837871775182599,55.999456122212514,-89.5
1772913263.9173958,60.735527675312845,0.7120110363552354,-8.887479703194678,-0.510408465026337,-1.4931846058345426,9.734030385102182,0.0,0.0,0.0,-13.837871775182599,55.999456122212514,-89.5
1772913263.939914,60.735527675312845,0.7120110363552354,-8.887479703194678,-0.510408465026337,-1.4931846058345426,9.734030385102182,0.0,0.0,0.0,-13.837871775182599,55.999456122212514,-89.5
1772913263.9595783,60.735527675312845,0.7120110363552354,-8.887479703194678,-0.5110063681675652,-1.4920469569355306,9.73602728797047,0.0002683236354524167,0.0010573146280551636,-0.002181661564992912,-14.304388544922263,56.956103708082914,-88.375
1772913263.9748275,60.735527675312845,0.7120110363552354,-8.887479703194678,-0.5110063681675652,-1.4920469569355306,9.73602728797047,0.0002683236354524167,0.0010573146280551636,-0.002181661564992912,-14.304388544922263,56.956103708082914,-88.375
1772913263.995312,60.735527675312845,0.7120110363552354,-8.887479703194678,-0.5105814321406787,-1.4880475323126516,9.737356204522449,0.0005206673571503302,-0.002382952891562744,0.0,-14.304388544922263,56.956103708082914,-88.375
1772913264.0232549,60.735527675312845,0.7120110363552354,-8.887479703194678,-0.5105814321406787,-1.4880475323126516,9.737356204522449,0.0005206673571503302,-0.002382952891562744,0.0,-14.304388544922263,56.956103708082914,-88.375
1772913264.0756738,60.735527675312845,0.7120110363552354,-8.887479703194678,-0.5155460347831692,-1.4914342790044517,9.735484016360946,0.0,0.0,-0.001090830782496456,-14.596490970167839,55.805090057787815,-88.375
1772913264.102268,60.735527675312845,0.7120110363552354,-8.887479703194678,-0.5155460347831692,-1.4914342790044517,9.735484016360946,0.0,0.0,-0.001090830782496456,-14.596490970167839,55.805090057787815,-88.375
1772913264.123095,60.735527675312845,0.7120110363552354,-8.887479703194678,-0.5184905293276378,-1.4933016320831356,9.733649551627733,-0.0002683236354524167,-0.0010573146280551636,0.0,-14.596490970167839,55.805090057787815,-88.375
1772913264.1488426,60.735527675312845,0.7120110363552354,-8.887479703194678,-0.5184905293276378,-1.4933016320831356,9.733649551627733,-0.0002683236354524167,-0.0010573146280551636,0.0,-14.596490970167839,55.805090057787815,-88.375
1772913264.1762161,60.735527675312845,0.7120110363552354,-8.887479703194678,-0.5163848916775071,-1.4921248365967001,9.732428735840093,0.001593961898959997,0.0018463056206579104,-0.001090830782496456,-14.412005227907475,56.53204604744788,-88.0
1772913264.2271204,60.735527675312845,0.7120110363552354,-8.887479703194678,-0.5140510782644552,-1.490820518595694,9.737765850727307,0.0002683236354524167,0.0010573146280551636,0.002181661564992912,-13.638012221067205,56.78699177767758,-89.0625
1772913264.2774422,60.735527675312845,0.7120110363552354,-8.887479703194678,-0.5166728185758339,-1.4896508493983032,9.735168086908786,-0.0002683236354524167,-0.0010573146280551636,-0.001090830782496456,-13.638012221067205,56.78699177767758,-89.0625
1772913264.2935772,60.735527675312845,0.7120110363552354,-8.887479703194678,-0.5166728185758339,-1.4896508493983032,9.735168086908786,-0.0002683236354524167,-0.0010573146280551636,-0.001090830782496456,-13.638012221067205,56.78699177767758,-89.0625
1772913264.3403542,60.735527675312845,0.7120110363552354,-8.887479703194678,-0.5184175574662983,-1.4888724476135007,9.740129527521121,0.0005206673571503302,-0.002382952891562744,-0.001090830782496456,-14.970764868777325,57.12521563848825,-88.375
1772913264.3600907,60.735527675312845,0.7120110363552354,-8.887479703194678,-0.5195786617078918,-1.4883544299210323,9.73674108741107,-0.0002683236354524167,-0.0010573146280551636,0.001090830782496456,-14.970764868777325,57.12521563848825,-88.375
1772913264.3852096,60.735527675312845,0.7120110363552354,-8.887479703194678,-0.5162861977329729,-1.4855901968327325,9.734486118369187,0.0005366472709048334,0.002114629256110327,0.0,-14.970764868777325,57.12521563848825,-88.375
1772913264.4238942,60.735527675312845,0.7120110363552354,-8.887479703194678,-0.5108527677479396,-1.484573464479334,9.732985461661467,0.0,0.0,-0.001090830782496456,-14.504248099037657,56.16856805261784,-88.25
1772913264.4429417,60.735527675312845,0.7120110363552354,-8.887479703194678,-0.5072368807882899,-1.483896840455792,9.731986791385914,0.0,0.0,-0.001090830782496456,-14.504248099037657,56.16856805261784,-88.25
1772913264.462758,60.735527675312845,0.7120110363552354,-8.887479703194678,-0.5072368807882899,-1.483896840455792,9.731986791385914,0.0,0.0,-0.001090830782496456,-14.504248099037657,56.16856805261784,-88.25
1772913264.483733,60.735527675312845,0.7120110363552354,-8.887479703194678,-0.5056533822971051,-1.4866888867154675,9.73801241088805,-0.0007889909926027469,0.0013256382635075802,0.001090830782496456,-14.504248099037657,56.16856805261784,-88.25
1772913264.5149167,60.735527675312845,0.7120110363552354,-8.887479703194678,-0.5070190798406577,-1.4844817964347659,9.742022393356143,-0.0005366472709048334,-0.002114629256110327,0.0,-13.940910550092232,56.86386083695273,-87.5625
1772913264.5368507,60.735527675312845,0.7120110363552354,-8.887479703194678,-0.5070190798406577,-1.4844817964347659,9.742022393356143,-0.0005366472709048334,-0.002114629256110327,0.0,-13.940910550092232,56.86386083695273,-87.5625
1772913264.5735164,60.735527675312845,0.7120110363552354,-8.887479703194678,-0.5087507701884091,-1.48625533449673,9.744690991894219,0.0007889909926027469,-0.0013256382635075802,0.001090830782496456,-13.940910550092232,56.86386083695273,-87.5625
1772913264.607515,60.735527675312845,0.7120110363552354,-8.887479703194678,-0.5090803568822306,-1.4841932722762916,9.74312180270379,0.0013256382635075804,0.0007889909926027469,-0.004363323129985824,-14.504248099037657,56.16856805261784,-89.0625
1772913264.6578207,60.735527675312845,0.7120110363552354,-8.887479703194678,-0.5101225270336026,-1.4860633248922914,9.74207752482655,-0.002382952891562744,-0.0005206673571503302,0.0,-14.504248099037657,56.16856805261784,-89.0625
1772913264.6895275,60.735527675312845,0.7120110363552354,-8.887479703194678,-0.5075737476385801,-1.488130657906741,9.741382569564596,-0.002651276527015161,-0.0015779819852054938,-0.001090830782496456,-14.227519485647111,57.25900203710794,-88.0
1772913264.7394292,60.735527675312845,0.7120110363552354,-8.887479703194678,-0.5123622274008381,-1.4878607771575179,9.737574972893606,0.0007889909926027469,-0.0013256382635075802,0.0,-14.227519485647111,57.25900203710794,-88.0
1772913264.8262312,60.735527675312845,0.7120110363552354,-8.887479703194678,-0.5123622274008381,-1.4878607771575179,9.737574972893606,0.0007889909926027469,-0.0013256382635075802,0.0,-14.227519485647111,57.25900203710794,-88.0
1772913264.8836324,60.735527675312845,0.7120110363552354,-8.887479703194678,-0.5123065752028401,-1.4885040084220333,9.735041059842704,-0.0007889909926027469,0.0013256382635075802,0.0,-13.321571243417381,56.25531743405733,-87.5625
1772913264.9106183,60.735527675312845,0.7120110363552354,-8.887479703194678,-0.5114467053983899,-1.4856897396542474,9.733354769012992,-0.002382952891562744,-0.0005206673571503302,-0.001090830782496456,-13.321571243417381,56.25531743405733,-87.5625
1772913264.9814546,60.735527675312845,0.7120110363552354,-8.887479703194678,-0.5108744716489033,-1.483816875226728,9.73223256130292,0.0013256382635075804,0.0007889909926027469,-0.001090830782496456,-16.53229353108266,57.07012946237394,-90.0
1772913265.0125813,60.735527675312845,0.7120110363552354,-8.887479703194678,-0.5108744716489033,-1.483816875226728,9.73223256130292,0.0013256382635075804,0.0007889909926027469,-0.001090830782496456,-16.53229353108266,57.07012946237394,-90.0
1772913265.0459337,60.735527675312845,0.7120110363552354,-8.887479703194678,-0.5121393242576063,-1.4890551688493945,9.738175968022388,-0.0013256382635075804,-0.0007889909926027469,0.0,-16.53229353108266,57.07012946237394,-90.0
1772913265.1286707,60.735527675312845,0.7120110363552354,-8.887479703194678,-0.5129810695393687,-1.4925411947397051,9.74547635050931,0.001593961898959997,0.0018463056206579104,-0.001090830782496456,-13.940910550092232,56.86386083695273,-88.0
1772913265.1747599,60.735527675312845,0.7120110363552354,-8.887479703194678,-0.5094760757441553,-1.4924416079276472,9.746989561796422,-0.0005206673571503302,0.002382952891562744,-0.001090830782496456,-13.940910550092232,56.86386083695273,-88.0
1772913265.2335799,60.735527675312845,0.7120110363552354,-8.887479703194678,-0.5063207076384288,-1.4891330020277231,9.747996587004318,-0.0013256382635075804,-0.0007889909926027469,0.0,-14.667866539752298,57.048346579213096,-88.0
1772913265.279555,60.735527675312845,0.7120110363552354,-8.887479703194678,-0.5042208454118391,-1.4869311617608734,9.741976527616325,0.0013256382635075804,0.0007889909926027469,-0.001090830782496456,-14.667866539752298,57.048346579213096,-88.0
1772913265.3107102,60.735527675312845,0.7120110363552354,-8.887479703194678,-0.5042208454118391,-1.4869311617608734,9.741976527616325,0.0013256382635075804,0.0007889909926027469,-0.001090830782496456,-14.667866539752298,57.048346579213096,-88.0
1772913265.3692324,60.735527675312845,0.7120110363552354,-8.887479703194678,-0.5060657425459987,-1.4846430277710938,9.744660468756724,0.0007889909926027469,-0.0013256382635075802,0.002181661564992912,-14.412005227907475,56.53204604744788,-89.0625
1772913265.4199502,60.735527675312845,0.7120110363552354,-8.887479703194678,-0.5072935009799306,-1.483120300161027,9.743101489896752,0.0005366472709048334,0.002114629256110327,-0.001090830782496456,-14.412005227907475,56.53204604744788,-89.0625
1772913265.4461918,60.735527675312845,0.7120110363552354,-8.887479703194678,-0.5089333943911102,-1.4853492739354668,9.748754230295015,0.0021306091698648304,0.003960934876768238,0.0,-13.745628904052417,56.36293411704254,-88.75
1772913265.471942,60.735527675312845,0.7120110363552354,-8.887479703194678,-0.5100247251374405,-1.4868326310830877,9.749170954177492,0.0005366472709048334,0.002114629256110327,-0.001090830782496456,-13.745628904052417,56.36293411704254,-88.75
1772913265.489186,60.735527675312845,0.7120110363552354,-8.887479703194678,-0.51075099355816,-1.4878197886946445,9.752793390973489,0.0,0.0,0.0,-13.745628904052417,56.36293411704254,-88.75
1772913265.5139077,60.735527675312845,0.7120110363552354,-8.887479703194678,-0.51075099355816,-1.4878197886946445,9.752793390973489,0.0,0.0,0.0,-13.745628904052417,56.36293411704254,-88.75
1772913265.5494375,60.735527675312845,0.7120110363552354,-8.887479703194678,-0.5144766490681563,-1.4876538971695041,9.751858970488636,0.0010573146280551636,-0.0002683236354524167,0.001090830782496456,-14.714903556932502,56.60891510672303,-88.25
1772913265.5838668,60.735527675312845,0.7120110363552354,-8.887479703194678,-0.5169560311917597,-1.4875434982126532,9.747892012386806,0.0002683236354524167,0.0010573146280551636,-0.001090830782496456,-14.714903556932502,56.60891510672303,-88.25
1772913265.6191697,60.735527675312845,0.7120110363552354,-8.887479703194678,-0.5169560311917597,-1.4875434982126532,9.747892012386806,0.0002683236354524167,0.0010573146280551636,-0.001090830782496456,-14.714903556932502,56.60891510672303,-88.25
1772913265.6536195,60.735527675312845,0.7120110363552354,-8.887479703194678,-0.5121213683205904,-1.4891156967168222,9.738561822669226,-0.0018463056206579104,0.001593961898959997,0.001090830782496456,-13.745628904052417,56.36293411704254,-89.0625
1772913265.6827307,60.735527675312845,0.7120110363552354,-8.887479703194678,-0.5089039541865503,-1.4901619772587387,9.732352685637224,0.0005366472709048334,0.002114629256110327,-0.001090830782496456,-13.745628904052417,56.36293411704254,-89.0625
1772913265.6993997,60.735527675312845,0.7120110363552354,-8.887479703194678,-0.5089039541865503,-1.4901619772587387,9.732352685637224,0.0005366472709048334,0.002114629256110327,-0.001090830782496456,-13.745628904052417,56.36293411704254,-89.0625
1772913265.7289743,60.735527675312845,0.7120110363552354,-8.887479703194678,-0.5067628010212174,-1.4908582652716649,9.728220574303032,-0.0010573146280551636,0.0002683236354524167,0.0,-14.530417814672138,57.335871096383094,-88.25
1772913265.757069,60.735527675312845,0.7120110363552354,-8.887479703194678,-0.5085802194968936,-1.490498803277862,9.728815812076155,0.0010573146280551636,-0.0002683236354524167,0.001090830782496456,-14.530417814672138,57.335871096383094,-88.25
1772913265.7817075,60.735527675312845,0.7120110363552354,-8.887479703194678,-0.5065473592016043,-1.4910824192247982,9.732557047872247,0.0010573146280551636,-0.0002683236354524167,0.0,-14.504248099037657,56.16856805261784,-88.0
1772913265.8274877,60.735527675312845,0.7120110363552354,-8.887479703194678,-0.5084368453725837,-1.4906479752297086,9.741737021916842,0.0010573146280551636,-0.0002683236354524167,0.001090830782496456,-14.504248099037657,56.16856805261784,-88.0
1772913265.8606894,60.735527675312845,0.7120110363552354,-8.887479703194678,-0.5096942773124271,-1.4903588576040339,9.741155968681852,0.0010573146280551636,-0.0002683236354524167,0.001090830782496456,-14.530417814672138,57.335871096383094,-88.25
1772913265.8808904,60.735527675312845,0.7120110363552354,-8.887479703194678,-0.5096942773124271,-1.4903588576040339,9.741155968681852,0.0010573146280551636,-0.0002683236354524167,0.001090830782496456,-14.530417814672138,57.335871096383094,-88.25
1772913265.9050179,60.735527675312845,0.7120110363552354,-8.887479703194678,-0.5105310842219577,-1.4901664530538028,9.747459507659395,-0.0010573146280551636,0.0002683236354524167,0.0,-14.530417814672138,57.335871096383094,-88.25
1772913265.9377968,60.735527675312845,0.7120110363552354,-8.887479703194678,-0.5078456378835475,-1.490861243863282,9.741619107311847,0.0002683236354524167,0.0010573146280551636,0.001090830782496456,-14.530417814672138,57.335871096383094,-88.25
1772913265.957345,60.735527675312845,0.7120110363552354,-8.887479703194678,-0.5078456378835475,-1.490861243863282,9.741619107311847,0.0002683236354524167,0.0010573146280551636,0.001090830782496456,-14.530417814672138,57.335871096383094,-88.25
1772913265.972659,60.735527675312845,0.7120110363552354,-8.887479703194678,-0.5060585033437368,-1.4913236193856685,9.74776772124406,-0.001593961898959997,-0.0018463056206579104,-0.001090830782496456,-14.867726093867692,56.260810923748025,-88.375
1772913265.9888566,60.735527675312845,0.7120110363552354,-8.887479703194678,-0.5081115172600507,-1.4908084912423853,9.74851444342411,-0.003171943884165491,0.0008049709063572502,-0.001090830782496456,-14.867726093867692,56.260810923748025,-88.375
1772913266.0069163,60.735527675312845,0.7120110363552354,-8.887479703194678,-0.5081115172600507,-1.4908084912423853,9.74851444342411,-0.003171943884165491,0.0008049709063572502,-0.001090830782496456,-14.867726093867692,56.260810923748025,-88.375
1772913266.0266566,60.735527675312845,0.7120110363552354,-8.887479703194678,-0.5127201070766466,-1.489642845329031,9.749011378693499,0.0010573146280551636,-0.0002683236354524167,0.0,-14.867726093867692,56.260810923748025,-88.375
1772913266.0466213,60.735527675312845,0.7120110363552354,-8.887479703194678,-0.5127201070766466,-1.489642845329031,9.749011378693499,0.0010573146280551636,-0.0002683236354524167,0.0,-14.867726093867692,56.260810923748025,-88.375
1772913266.0764587,60.735527675312845,0.7120110363552354,-8.887479703194678,-0.5125447401293126,-1.4896899548831695,9.749342083564148,-0.002382952891562744,-0.0005206673571503302,0.0,-15.317953470137208,57.535730650498486,-88.25
1772913266.09171,60.735527675312845,0.7120110363552354,-8.887479703194678,-0.5148475334854379,-1.4856561398878854,9.749562163961349,-0.0007889909926027469,0.0013256382635075802,0.0,-15.317953470137208,57.535730650498486,-88.25
1772913266.1086047,60.735527675312845,0.7120110363552354,-8.887479703194678,-0.5131376847510949,-1.4837945149575478,9.749708625007226,0.0013256382635075804,0.0007889909926027469,-0.001090830782496456,-15.317953470137208,57.535730650498486,-88.25
1772913266.137756,60.735527675312845,0.7120110363552354,-8.887479703194678,-0.5131376847510949,-1.4837945149575478,9.749708625007226,0.0013256382635075804,0.0007889909926027469,-0.001090830782496456,-15.317953470137208,57.535730650498486,-88.25
1772913266.1595109,60.735527675312845,0.7120110363552354,-8.887479703194678,-0.5135964637308922,-1.475248126495849,9.749806093197181,0.0002683236354524167,0.0010573146280551636,0.0,-15.170624422892718,56.33767998302318,-88.25
1772913266.3121483,60.735527675312845,0.7120110363552354,-8.887479703194678,-0.5047449300924934,-1.477162139706273,9.728784708697694,0.0002683236354524167,0.0010573146280551636,-0.001090830782496456,-13.638012221067205,56.78699177767758,-88.25
1772913266.3668935,60.735527675312845,0.7120110363552354,-8.887479703194678,-0.5039950169459658,-1.4822070185981995,9.735881460628647,-0.0002683236354524167,-0.0010573146280551636,-0.001090830782496456,-14.807146428062683,56.245437111893,-89.0625
1772913266.4057536,60.735527675312845,0.7120110363552354,-8.887479703194678,-0.5039950169459658,-1.4822070185981995,9.735881460628647,-0.0002683236354524167,-0.0010573146280551636,-0.001090830782496456,-14.807146428062683,56.245437111893,-89.0625
1772913266.4442127,60.735527675312845,0.7120110363552354,-8.887479703194678,-0.5067382901129875,-1.4847414952574283,9.740604269762784,0.0,0.0,0.0,-14.807146428062683,56.245437111893,-89.0625
1772913266.492394,60.735527675312845,0.7120110363552354,-8.887479703194678,-0.5077410738729131,-1.4831858291732287,9.740402134776998,0.0,0.0,0.0,-14.77548322273751,56.62428891857806,-88.0
1772913266.5478244,60.735527675312845,0.7120110363552354,-8.887479703194678,-0.508408415263315,-1.4821505507721227,9.740267616201953,0.0,0.0,0.0,-14.77548322273751,56.62428891857806,-88.0
1772913266.5716417,60.735527675312845,0.7120110363552354,-8.887479703194678,-0.5096753573922939,-1.4847039165499614,9.74352320730025,0.0,0.0,-0.002181661564992912,-14.048527233077444,56.439803176317696,-88.6875
1772913266.5996447,60.735527675312845,0.7120110363552354,-8.887479703194678,-0.5105184932264585,-1.4864031529521484,9.745689766808832,0.0002683236354524167,0.0010573146280551636,-0.001090830782496456,-14.048527233077444,56.439803176317696,-88.6875
1772913266.6758106,60.735527675312845,0.7120110363552354,-8.887479703194678,-0.5110795907056506,-1.4875339757960895,9.747131587959737,0.0010573146280551636,-0.0002683236354524167,0.0,-13.940910550092232,56.86386083695273,-88.25
1772913266.6932695,60.735527675312845,0.7120110363552354,-8.887479703194678,-0.5114529948101834,-1.4882865257666134,9.744745992122148,-0.001593961898959997,-0.0018463056206579104,0.001090830782496456,-13.940910550092232,56.86386083695273,-88.25
1772913266.7496746,60.735527675312845,0.7120110363552354,-8.887479703194678,-0.5117014910705527,-1.488787339365463,9.739813293033764,-0.0008049709063572502,-0.003171943884165491,0.0,-14.504248099037657,56.16856805261784,-88.0
1772913266.7845864,60.735527675312845,0.7120110363552354,-8.887479703194678,-0.5110440286675854,-1.4858782932320858,9.736530636892304,-0.0008049709063572502,-0.003171943884165491,0.0,-14.504248099037657,56.16856805261784,-88.0
1772913266.8318384,60.735527675312845,0.7120110363552354,-8.887479703194678,-0.5110440286675854,-1.4858782932320858,9.736530636892304,-0.0008049709063572502,-0.003171943884165491,0.0,-14.504248099037657,56.16856805261784,-88.0
1772913266.863243,60.735527675312845,0.7120110363552354,-8.887479703194678,-0.5138488267717038,-1.4831195216381396,9.734346065899835,0.0,0.0,-0.001090830782496456,-15.502439212397572,56.808774660838424,-89.0625
1772913266.9113688,60.735527675312845,0.7120110363552354,-8.887479703194678,-0.515715388578347,-1.4812835899598664,9.732892258307603,0.001593961898959997,0.0018463056206579104,-0.002181661564992912,-15.502439212397572,56.808774660838424,-89.0625
1772913266.9539998,60.735527675312845,0.7120110363552354,-8.887479703194678,-0.5177803984981646,-1.4833041299256333,9.738614989009706,-0.0005366472709048334,-0.002114629256110327,0.0,-14.048527233077444,56.439803176317696,-87.5625
1772913267.0056264,60.735527675312845,0.7120110363552354,-8.887479703194678,-0.5177803984981646,-1.4833041299256333,9.738614989009706,-0.0005366472709048334,-0.002114629256110327,0.0,-14.048527233077444,56.439803176317696,-87.5625
1772913267.043892,60.735527675312845,0.7120110363552354,-8.887479703194678,-0.5118471416658585,-1.4830521124897003,9.742423402364865,0.0,0.0,0.0,-14.048527233077444,56.439803176317696,-87.5625
1772913267.0675852,60.735527675312845,0.7120110363552354,-8.887479703194678,-0.5143832895006947,-1.4812387299245895,9.74495785890996,-0.0007889909926027469,0.0013256382635075802,0.0,-14.304388544922263,56.956103708082914,-89.0625
1772913267.089013,60.719683786916,0.7128434347450026,-8.947759636533394,-0.5160710675541504,-1.4800319440843188,9.746644511428984,-0.09515831652496472,0.024149127190717504,-0.032724923474893676,-14.304388544922263,56.956103708082914,-89.0625
1772913267.112265,60.719683786916,0.7128434347450026,-8.947759636533394,-0.5160710675541504,-1.4800319440843188,9.746644511428984,-0.09515831652496472,0.024149127190717504,-0.032724923474893676,-14.304388544922263,56.956103708082914,-89.0625
1772913267.1901784,60.84045895164004,0.6906484956736957,-8.998023505020807,-0.6447335176905302,-1.9817902998766508,9.747766959839252,-0.004008874618031747,-0.011362137273154382,0.0545415391248228,-13.940910550092232,56.86386083695273,-89.0625
1772913267.2467077,60.848405232396935,0.6843883872624299,-8.896540716317574,-0.6266023173559225,-2.3420355650758196,9.731788378181118,0.025279671590796898,-0.03342526013689643,0.001090830782496456,-13.940910550092232,56.86386083695273,-89.0625
1772913267.3172932,61.04448819027242,0.7203005051018185,-8.968062177836094,-0.516618973357394,-2.195937258176682,9.721154810580083,-0.024065892723570848,0.0027311760957876774,0.05781403147231216,-13.837871775182599,55.999456122212514,-88.25
1772913267.3535125,61.04448819027242,0.7203005051018185,-8.968062177836094,-0.516618973357394,-2.195937258176682,9.721154810580083,-0.024065892723570848,0.0027311760957876774,0.05781403147231216,-13.837871775182599,55.999456122212514,-88.25
1772913267.5009968,62.92501954142201,0.8610446638139259,-9.059544677452088,-0.4773827811352352,-1.675291370496237,9.742796421901431,-0.025455450642096443,-0.01604814348750735,0.17453292519943295,-11.646016826821016,58.53830859633204,-85.0625
1772913267.584021,63.640966553547784,0.8979982893604753,-9.05180605325729,-0.4558309942456453,-1.6320151432908476,9.735170764122685,0.0033443880370908874,-0.026733149164340515,0.20616701789183017,-11.646016826821016,58.53830859633204,-85.0625
1772913267.628616,63.640966553547784,0.8979982893604753,-9.05180605325729,-0.4558309942456453,-1.6320151432908476,9.735170764122685,0.0033443880370908874,-0.026733149164340515,0.20616701789183017,-11.646016826821016,58.53830859633204,-85.0625
1772913267.6629007,64.43341968768567,0.966139705551938,-9.041124269240877,-0.5063351605989994,-1.58675861974563,9.730095974055107,-0.0058871400661986645,-0.018763339669540528,0.2007128639793479,-11.77980322544071,59.281553979462245,-85.5625
1772913267.681445,64.43341968768567,0.966139705551938,-9.041124269240877,-0.5063351605989994,-1.58675861974563,9.730095974055107,-0.0058871400661986645,-0.018763339669540528,0.2007128639793479,-11.77980322544071,59.281553979462245,-85.5625
1772913267.7165182,64.97438565704029,0.99899544919939,-9.035360958634882,-0.5010371352711672,-1.5665149155350793,9.776895433564045,-0.004293178167238667,-0.016917034048882618,0.20180369476184434,-11.77980322544071,59.281553979462245,-85.5625
1772913267.7471921,65.41088468803072,1.024491310628413,-9.02083352053939,-0.5097068562302617,-1.5603014508217476,9.808039951083027,-0.01409331336894206,-0.0200570181055391,0.18435040224190105,-12.158655032125772,59.313217184787426,-83.5625
1772913267.811259,65.41088468803072,1.024491310628413,-9.02083352053939,-0.5097068562302617,-1.5603014508217476,9.808039951083027,-0.01409331336894206,-0.0200570181055391,0.18435040224190105,-12.158655032125772,59.313217184787426,-83.5625
1772913267.8497062,66.58355876481389,1.1092623249306517,-9.044366127364773,-0.5196396316876768,-1.5861702812529463,9.828766279584851,-0.0013735780047710905,-0.014281737435621961,0.1832595714594046,-12.158655032125772,59.313217184787426,-83.5625
1772913267.8855598,66.910323398146,1.1350579362893356,-9.040855947072673,-0.5360747858940372,-1.6285015209544373,9.855939866503833,-0.0008209508201117536,-0.007669526031838562,0.14180800172453928,-9.853880986690221,59.502089759521425,-82.0
1772913267.963307,67.51005156639563,1.1605170899636266,-9.06289577514521,-0.543769865436711,-1.6574953219932063,9.87402358504956,-0.016728609982202717,-0.017137417943071526,0.14726215563702155,-9.853880986690221,59.502089759521425,-82.0
1772913268.0440512,67.51005156639563,1.1605170899636266,-9.06289577514521,-0.543769865436711,-1.6574953219932063,9.87402358504956,-0.016728609982202717,-0.017137417943071526,0.14726215563702155,-9.853880986690221,59.502089759521425,-82.0
1772913268.1044595,68.78874497499146,1.276929393985247,-9.045446412359382,-0.49981484299805173,-1.5650034244302213,9.845916757245538,-0.008442537110686805,0.006644171231292404,0.2007128639793479,-8.741664119039283,61.08978813746125,-81.1875
1772913268.1857207,69.82014433123152,1.2980622939722601,-9.050891025279334,-0.46837618088232874,-1.5305776871182821,9.731195462500727,-0.01357264601179173,-0.022439970997101846,0.16798794050445423,-8.741664119039283,61.08978813746125,-79.5625
1772913268.220858,69.82014433123152,1.2980622939722601,-9.050891025279334,-0.46837618088232874,-1.5305776871182821,9.731195462500727,-0.01357264601179173,-0.022439970997101846,0.16798794050445423,-8.741664119039283,61.08978813746125,-79.5625
1772913268.2662556,70.29204810159936,1.3009268847419744,-9.038793295875088,-0.4766476957521439,-1.5461616262868614,9.700689561574169,-0.002747156009542181,-0.028563474871243923,0.2203478180642841,-8.741664119039283,61.08978813746125,-79.5625
1772913268.33104,71.3578369370925,1.3252379065021487,-9.033988139968427,-0.45534180313463984,-1.5460807409932658,9.643591996500271,-0.007465122051404158,-0.016112063142525366,0.20943951023931956,-7.530070802939176,60.78231190036064,-78.875
1772913268.4255936,72.41208519678537,1.3631027252303165,-9.044840371664087,-0.44764763357802023,-1.5443812449572094,9.59221375793591,-0.009075063864118658,-0.022455950910856348,0.20943951023931956,-7.530070802939176,60.78231190036064,-78.875
1772913268.450687,72.41208519678537,1.3631027252303165,-9.044840371664087,-0.44764763357802023,-1.5443812449572094,9.59221375793591,-0.009075063864118658,-0.022455950910856348,0.20943951023931956,-7.530070802939176,60.78231190036064,-78.875
1772913268.5017865,72.9951839622773,1.3994610019183817,-9.027358903552129,-0.44828708690610286,-1.5659465732525282,9.558022114103858,-0.0019421851031849306,-0.02539153098707843,0.19962203319685143,-6.022712735133029,62.656619213855336,-77.0
1772913268.5733707,154.7131455876786,36.80471836327115,137.1899034270301,-0.4584396319196514,-1.5778295566674867,9.55868373903055,0.0028716604212040676,-0.010857449829758555,0.21162117180431245,-6.022712735133029,62.656619213855336,-77.0
1772913268.6670985,75.67014568431101,1.456411735167975,-9.017054282718707,-0.48273315523008975,-1.47038825708719,9.65973495166104,-0.004293178167238667,-0.016917034048882618,0.21271200258680892,-5.01902813208242,63.56256745608507,-75.375
1772913268.7465334,76.30376675739853,1.471713136179149,-9.033581062648127,-0.4648084207053537,-1.4218056012482732,9.706655177193678,-0.01570325518165656,-0.026400905873870083,0.19198621771937624,-4.0054632068674785,62.9829405136695,-75.0
1772913268.793001,76.76428026426177,1.4833342619902123,-9.032884688678177,-0.45138105302825704,-1.424366208045945,9.754605621688983,0.002855680507449564,-0.015355031977431627,0.2181661564992912,-4.0054632068674785,62.9829405136695,-75.0
1772913268.8296566,76.76428026426177,1.4833342619902123,-9.032884688678177,-0.45138105302825704,-1.424366208045945,9.754605621688983,0.002855680507449564,-0.015355031977431627,0.2181661564992912,-4.0054632068674785,62.9829405136695,-75.0
1772913268.8598816,77.67936251412826,1.5209509569076578,-9.026508117185498,-0.46728343564310676,-1.4941138376349008,9.807752178276248,-0.006139483787896578,-0.01532307214992262,0.18980455615438332,-4.09770607799766,62.61946251883946,-73.75
1772913268.9567847,78.46159969502281,1.5434874323038448,-9.036879182544691,-0.4717573129959391,-1.491891519994587,9.79177854121606,-0.010100418664664816,-0.01319246298005779,0.20289452554434081,-4.36894120169751,63.07518338479968,-74.1875
1772913268.9886072,78.98520794815735,1.5748663575850632,-9.02972051328118,-0.48886249260635706,-1.482894715113869,9.797489715527906,-0.0047978656106344945,-0.010036499009646802,0.17453292519943295,-4.36894120169751,63.07518338479968,-74.1875
1772913269.0442438,79.53990819340925,1.5937191706126108,-9.018099875551663,-0.5048470995254571,-1.5038303076519175,9.808364768847495,0.005759300756162638,-0.017217317511844042,0.210530341021816,-2.503598628752029,63.31109297671389,-73.0
1772913269.0657425,79.53990819340925,1.5937191706126108,-9.018099875551663,-0.5048470995254571,-1.5038303076519175,9.808364768847495,0.005759300756162638,-0.017217317511844042,0.210530341021816,-2.503598628752029,63.31109297671389,-73.0
1772913269.097467,80.44045231642757,1.6344643275217967,-8.996371258414085,-0.5095745316623661,-1.530343176520499,9.781407745479886,-0.0019102252756759235,-0.016396366691732285,0.20180369476184434,-1.80830584441714,62.74775542776846,-71.375
1772913269.1293776,80.65473848629073,1.62293340451323,-9.024586551646843,-0.5008224059915689,-1.54682839599205,9.767556392062039,-0.017233297425598544,-0.01025688290383571,0.19416787928436915,-1.80830584441714,62.74775542776846,-71.375
1772913269.1625495,80.86575171630147,1.654159426535325,-9.01565686515388,-0.49499796412530295,-1.5577991253983994,9.691436236945831,0.004717966041861978,-0.012451411728718553,0.18980455615438332,-1.80830584441714,62.74775542776846,-71.375
1772913269.1923046,80.86575171630147,1.654159426535325,-9.01565686515388,-0.49499796412530295,-1.5577991253983994,9.691436236945831,0.004717966041861978,-0.012451411728718553,0.18980455615438332,-1.80830584441714,62.74775542776846,-71.375
1772913269.251031,81.34373186071414,1.6984924759839872,-9.043094767261426,-0.5511785102690018,-1.5705658390989008,9.640779124033843,-0.005554896775728234,0.00028430354920692003,0.11999138607461016,-1.7640155720822825,62.41410947503338,-71.0625
1772913269.3033988,81.50596549481457,1.7181103916119296,-9.075437727322914,-0.5762235278244392,-1.5304269646186914,9.590341822731347,0.003960934876768238,-0.0021306091698648304,0.028361600344907856,-1.7640155720822825,62.41410947503338,-71.0625
1772913269.3610494,81.64229839493687,1.6892650108676486,-9.075266049588476,-0.5890215556169928,-1.5564641413088667,9.653784601648368,-0.004213278598466151,0.005570876689482738,0.04799655442984406,-1.020770188952071,62.54789587365307,-69.5
1772913269.4058025,81.76033829433139,1.7044160973310145,-9.088329370004473,-0.6008298357030322,-1.5867609194976855,9.69935017402269,-0.019268027112936355,0.01276767510543448,-0.009817477042468103,-1.020770188952071,62.54789587365307,-69.5
1772913269.4206963,81.76033829433139,1.7044160973310145,-9.088329370004473,-0.6008298357030322,-1.5867609194976855,9.69935017402269,-0.019268027112936355,0.01276767510543448,-0.009817477042468103,-1.020770188952071,62.54789587365307,-69.5
1772913269.4476788,81.91004712548124,1.7006790845118214,-9.072277015546442,-0.5146604865134039,-1.6307852697075447,9.733018665144327,0.0010732945418096668,0.004229258512220654,0.0719948316447661,-1.6926400024978279,61.17085295360809,-69.5
1772913269.464886,82.0781201760206,1.709883550679579,-9.084872185751248,-0.5542426819197906,-1.5388528334279385,9.755424669884086,-0.014061353541433053,-0.01106185381019296,0.10144726277217041,-1.6926400024978279,61.17085295360809,-69.5
1772913269.483416,82.0781201760206,1.709883550679579,-9.084872185751248,-0.5542426819197906,-1.5388528334279385,9.755424669884086,-0.014061353541433053,-0.01106185381019296,0.10144726277217041,-1.6926400024978279,61.17085295360809,-69.5
1772913269.504462,82.23789190481982,1.6986619556681357,-9.098723314197992,-0.46947306572327113,-1.488614682407498,9.770335615746923,-0.03542802999672524,0.006740050713819425,0.08508480103472356,-1.6926400024978279,61.17085295360809,-69.5
1772913269.5181878,82.39361694962997,1.6760352808585564,-9.093177393221952,-0.4130598330831465,-1.455181754100313,9.746807566579268,-0.010384722213871737,-0.018747359755786026,0.1265363707695889,-0.7341612533971914,62.15275467349786,-68.25
1772913269.5433295,82.39361694962997,1.6760352808585564,-9.093177393221952,-0.4130598330831465,-1.455181754100313,9.746807566579268,-0.010384722213871737,-0.018747359755786026,0.1265363707695889,-0.7341612533971914,62.15275467349786,-68.25
1772913269.568308,82.70020131569163,1.6998214953636412,-9.078943789835252,-0.3413994657074799,-1.4208840268436425,9.711079242439807,-0.004529541975182078,-0.008979184381591638,0.18544123302439752,-0.7341612533971914,62.15275467349786,-68.25
1772913269.6045158,83.18035507686714,1.7266456730954594,-9.052274586187387,-0.29371029171772844,-1.3980592724850456,9.687302441836527,-3.1959827509006654e-05,-0.008995164295346142,0.21271200258680892,0.8888626563282693,62.45015951283219,-68.25
1772913269.6296735,83.76010612994038,1.7580815572347044,-9.04980741011838,-0.34312998600340683,-1.38988312990803,9.694895028590548,0.0007410512513392367,-0.014818384706526794,0.21380283336930536,0.8888626563282693,62.45015951283219,-68.25
1772913269.6720867,84.09258565414092,1.7660421932875883,-9.065856567344639,-0.41763974385130676,-1.4532557968840292,9.699947810260596,0.004449642406409562,-0.013508726356773715,0.2007128639793479,1.022649054947962,61.70691412970198,-67.1875
1772913269.6894677,84.28930638402238,1.7976566741011029,-9.076872778058053,-0.5185736546923622,-1.5617748956999131,9.696620156604105,0.001025354800546157,-0.009263487930798559,0.17235126363444003,1.022649054947962,61.70691412970198,-67.1875
1772913269.7149873,84.28930638402238,1.7976566741011029,-9.076872778058053,-0.5185736546923622,-1.5617748956999131,9.696620156604105,0.001025354800546157,-0.009263487930798559,0.17235126363444003,1.022649054947962,61.70691412970198,-67.1875
1772913269.7332559,84.54523542780905,1.8225210638837943,-9.13185439593068,-0.5873897126281394,-1.640477807702035,9.67768008173144,-0.014834364620281298,-0.005238633399012308,0.10799224746714914,1.022649054947962,61.70691412970198,-67.1875
1772913269.7524593,84.63527337515016,1.8198635569975221,-9.131421986242398,-0.6282980306929894,-1.6871918863807582,9.681801232014777,-0.014109293282696564,-0.024554600253212173,0.06981317007977318,1.191760985353296,62.37329045355704,-66.0
1772913269.7687206,84.63527337515016,1.8198635569975221,-9.131421986242398,-0.6282980306929894,-1.6871918863807582,9.681801232014777,-0.014109293282696564,-0.024554600253212173,0.06981317007977318,1.191760985353296,62.37329045355704,-66.0
1772913269.7905593,84.71494064605687,1.815458167003712,-9.120604031805184,-0.6358720531976464,-1.6680479398644006,9.59422579539445,-0.014882304361544807,-0.01873137984203152,0.04690572364734761,1.191760985353296,62.37329045355704,-66.0
1772913269.8221297,84.84055414577978,1.8057712942287651,-9.120572753801929,-0.6002608217939677,-1.6311128763036704,9.669749788898125,0.0033923277783543975,-0.0132404027213213,0.04799655442984406,2.020840168307876,61.0667075214814,-67.1875
1772913269.8503482,84.84055414577978,1.8057712942287651,-9.120572753801929,-0.6002608217939677,-1.6311128763036704,9.669749788898125,0.0033923277783543975,-0.0132404027213213,0.04799655442984406,2.020840168307876,61.0667075214814,-67.1875
1772913269.884256,85.14692718153215,1.8301094382712826,-9.115317390851985,-0.5270551278111489,-1.601841018587928,9.653107928770147,-0.018779319583295033,0.0013895579185255935,0.15162547876700738,2.020840168307876,61.0667075214814,-67.1875
1772913269.9400117,85.94440992228462,1.8900809019511944,-9.118006558157516,-0.4685125531309442,-1.5572451022428784,9.642032956756736,-0.008049709063572502,-0.0317194388416549,0.2083486794568231,1.8870537696881828,61.80995290461161,-65.1875
1772913269.9748762,86.45534431104593,1.919943640469898,-9.100428273510346,-0.4295531236446767,-1.527567018084275,9.634662686597355,-0.013840969647244147,-0.02349728562515701,0.2301652951067522,1.8870537696881828,61.80995290461161,-65.1875
1772913270.0056586,86.80953522787817,1.914997087690131,-9.112591258623008,-0.43459972489766635,-1.5482722291178974,9.649828524381515,-0.01219906800702064,-0.008158233561479884,0.20180369476184434,3.0642371356177636,60.35054743560079,-64.375
1772913270.0662274,87.36250366832034,1.9171065787383124,-9.132252770418578,-0.49482150037523975,-1.582132127332609,9.67999189025728,-0.015118668169488215,-0.010793530174740542,0.17780541754692233,3.0642371356177636,60.35054743560079,-64.375
1772913270.108062,87.36250366832034,1.9171065787383124,-9.132252770418578,-0.49482150037523975,-1.582132127332609,9.67999189025728,-0.015118668169488215,-0.010793530174740542,0.17780541754692233,3.0642371356177636,60.35054743560079,-64.375
1772913270.1476274,88.34109270301481,1.9141444157701277,-9.149722125825127,-0.492023276618405,-1.6397043436027259,9.700065273300728,-0.009295447758307566,-0.010020519095892298,0.21271200258680892,3.6438640780333365,61.36411236081573,-64.0
1772913270.1697145,88.34109270301481,1.9141444157701277,-9.149722125825127,-0.492023276618405,-1.6397043436027259,9.700065273300728,-0.009295447758307566,-0.010020519095892298,0.21271200258680892,3.6438640780333365,61.36411236081573,-64.0
1772913270.202765,88.79034120448632,1.9819463024827115,-9.158693606994193,-0.533036232582288,-1.6429791781586207,9.713423885481761,0.004497582147673071,-1.5979913754503246e-05,0.11453723216212788,3.6438640780333365,61.36411236081573,-64.0
1772913270.2746434,89.04021892090157,1.9726338156884644,-9.202509323940582,-0.5358898978031477,-1.6168493935254897,9.718968780955445,-0.0053664727090483345,-0.021146292561103272,0.038179077387375956,4.728804572832735,59.54122889697488,-64.0
1772913270.3020382,89.18894596493638,1.9901430756093719,-9.204453403004615,-0.5262693056930857,-1.5540676658955614,9.722658846952639,-0.002935580076222081,-0.007132878760933729,0.09708393964218458,4.728804572832735,59.54122889697488,-64.0
1772913270.3454099,89.529951156074,1.9738274015772548,-9.208661564782401,-0.4782944093224324,-1.4572654907923748,9.74853032660427,-0.018274632139899202,-0.005490977120710221,0.15489797111449674,5.681789832242672,58.976975766414334,-63.1875
1772913270.3688087,89.87492004549122,1.98071956968906,-9.195535976901297,-0.43988298772455553,-1.3944903923890697,9.765747507309067,-0.0130519786546414,-0.02482292388866459,0.21380283336930536,5.681789832242672,58.976975766414334,-63.1875
1772913270.4107597,90.34330525026627,2.0042287702946764,-9.1941962572185,-0.44713596414023915,-1.4548232215153776,9.800621130690834,-0.013793029905980638,-0.010004539182137796,0.2083486794568231,5.0922825676627665,59.44898602584469,-61.6875
1772913270.4463403,90.67775788216758,2.0199985810797947,-9.179937938013856,-0.4454780749459071,-1.4966197131137908,9.770307350170391,-0.005871160152444162,-0.014265757521867458,0.1930770485018727,5.0922825676627665,59.44898602584469,-61.6875
1772913270.4648688,90.67775788216758,2.0199985810797947,-9.179937938013856,-0.4454780749459071,-1.4966197131137908,9.770307350170391,-0.005871160152444162,-0.014265757521867458,0.1930770485018727,5.0922825676627665,59.44898602584469,-61.6875
1772913270.5059888,90.98207811795058,2.024645860651692,-9.176733633341994,-0.4704114312475231,-1.5454364639566387,9.750133867861154,-0.007717465773102072,-0.01267179562290746,0.18544123302439752,5.395180896687793,59.37211696656954,-61.1875
1772913270.5553703,91.64241065164737,2.0340380700330902,-9.17591733619282,-0.4610656454307521,-1.5845061374305818,9.72332819390764,-0.002382952891562744,-0.0005206673571503302,0.20943951023931956,5.395180896687793,59.37211696656954,-61.1875
1772913270.5878098,91.64241065164737,2.0340380700330902,-9.17591733619282,-0.4610656454307521,-1.5845061374305818,9.72332819390764,-0.002382952891562744,-0.0005206673571503302,0.20943951023931956,5.395180896687793,59.37211696656954,-61.1875
1772913270.6411312,92.89394747752176,1.9972787447923117,-9.208927632135113,-0.48057088534854203,-1.591491529289917,9.68358240911989,-0.02709735228231995,-0.03138719555118448,0.20507618710933373,7.151991205032947,58.92627642277366,-61.6875
1772913270.6683638,92.89394747752176,1.9972787447923117,-9.208927632135113,-0.48057088534854203,-1.591491529289917,9.68358240911989,-0.02709735228231995,-0.03138719555118448,0.20507618710933373,7.151991205032947,58.92627642277366,-61.6875
1772913270.7062588,93.3708395630096,2.0047542512822214,-9.195509902594535,-0.48965113511630765,-1.592360937889438,9.689074276665794,-0.014834364620281298,-0.005238633399012308,0.21380283336930536,6.469325487707742,58.777116212298935,-61.1875
1772913270.7568352,93.92867940115723,1.9964218550784316,-9.198888342224233,-0.4842722725956562,-1.5751311954434628,9.726180170242607,-0.0042771982534841645,-0.012419451901209548,0.2083486794568231,6.469325487707742,58.777116212298935,-61.1875
1772913270.783868,93.92867940115723,1.9964218550784316,-9.198888342224233,-0.4842722725956562,-1.5751311954434628,9.726180170242607,-0.0042771982534841645,-0.012419451901209548,0.2083486794568231,6.469325487707742,58.777116212298935,-61.1875
1772913270.859782,94.6449659089175,1.9757465032323505,-9.19949983542297,-0.4797718586566844,-1.5328383386371702,9.750873727917986,0.0009614351455281432,-0.027253816521490844,0.23234695667174513,6.546194546982894,59.08001454132396,-60.5625
1772913270.8959131,95.70712408119019,1.9823756952135332,-9.219940700490172,-0.49066705242635444,-1.5322282349986462,9.753926567876558,-0.014313697263130965,-0.0076215862905750515,0.18871372537188688,6.546194546982894,59.08001454132396,-60.5625
1772913270.909356,95.70712408119019,1.9823756952135332,-9.219940700490172,-0.49066705242635444,-1.5322282349986462,9.753926567876558,-0.014313697263130965,-0.0076215862905750515,0.18871372537188688,6.546194546982894,59.08001454132396,-60.5625
1772913270.9404588,95.99114730505914,2.0109185369731586,-9.218557102211273,-0.5231805148895066,-1.5633737002792498,9.692401076327464,-0.0053185329677848244,-0.007653546118084059,0.16689710972195776,6.546194546982894,59.08001454132396,-60.5625
1772913270.9668505,96.2290773575046,2.00260485451714,-9.229542001755416,-0.5448178609595606,-1.5841006595058478,9.651456548986314,-0.012735715277925474,-0.010272862817590213,0.13308135546456762,8.589613790882927,58.23903279737288,-59.75
1772913270.9857452,96.2290773575046,2.00260485451714,-9.229542001755416,-0.5448178609595606,-1.5841006595058478,9.651456548986314,-0.012735715277925474,-0.010272862817590213,0.13308135546456762,8.589613790882927,58.23903279737288,-59.75
1772913271.018325,96.64722852854494,1.952190684828651,-9.258061368455932,-0.5543292732985153,-1.5922323892462873,9.644279093665036,0.0031080242291474775,-0.018795299497049535,0.15271630954950383,8.589613790882927,58.23903279737288,-59.75
1772913271.0362225,96.96920304119404,1.9706312686464302,-9.238951513283707,-0.5598361780722939,-1.5944016325622195,9.639502577326153,0.0020347296873378107,-0.02302455800927019,0.14726215563702155,8.147435573547511,57.51299238932793,-58.5625
1772913271.054894,96.96920304119404,1.9706312686464302,-9.238951513283707,-0.5598361780722939,-1.5944016325622195,9.639502577326153,0.0020347296873378107,-0.02302455800927019,0.14726215563702155,8.147435573547511,57.51299238932793,-58.5625
1772913271.0839345,97.20042085231438,1.97554243353113,-9.24229305154947,-0.5635009616830865,-1.595845239756937,9.719951651742797,-0.018574915602860627,-0.015543456044111526,0.13853550937704992,8.147435573547511,57.51299238932793,-58.5625
1772913271.102988,97.33678879338942,1.9809747005629492,-9.210826434569645,-0.5635009616830865,-1.595845239756937,9.719951651742797,0.012119168438248123,-0.01432967717688547,0.11780972450961724,8.147435573547511,57.51299238932793,-58.5625
1772913271.1232107,97.33678879338942,1.9809747005629492,-9.210826434569645,-0.5635009616830865,-1.595845239756937,9.719951651742797,0.012119168438248123,-0.01432967717688547,0.11780972450961724,8.147435573547511,57.51299238932793,-58.5625
1772913271.1463995,97.52218545377526,1.997763384089887,-9.21726067743757,-0.5674384913210431,-1.5619141226642268,9.76010916526275,-0.02379756908811843,0.003788490723842841,0.04799655442984406,8.921428580387783,57.767938119557634,-58.1875
1772913271.171991,97.61372746292705,1.9933909497088247,-9.233196029015893,-0.5685602162267257,-1.574225164829087,9.786833541921458,-0.014582020898583382,-0.008678900918630215,0.0916297857297023,8.921428580387783,57.767938119557634,-58.1875
1772913271.189176,97.61372746292705,1.9933909497088247,-9.233196029015893,-0.5685602162267257,-1.574225164829087,9.786833541921458,-0.014582020898583382,-0.008678900918630215,0.0916297857297023,8.921428580387783,57.767938119557634,-58.1875
1772913271.21108,97.8078398602226,2.024561163584495,-9.231596519368312,-0.5297229045585529,-1.6304261860703508,9.774512310691108,0.01058912619430614,0.001814345793148904,0.11671889372712078,8.921428580387783,57.767938119557634,-58.1875
1772913271.2312872,97.8078398602226,2.024561163584495,-9.231596519368312,-0.5297229045585529,-1.6304261860703508,9.774512310691108,0.01058912619430614,0.001814345793148904,0.11671889372712078,8.921428580387783,57.767938119557634,-58.1875
1772913271.250347,97.98409722289368,2.04279244580308,-9.197603484829685,-0.5038771074845817,-1.667827337899869,9.759622445529843,0.001025354800546157,-0.009263487930798559,0.044724062082354694,9.08504702110242,56.88815959296238,-59.75
1772913271.278229,98.06922213634066,2.0496046253685405,-9.195948860734719,-0.4964040142151961,-1.6902488849790973,9.749713406595712,0.002335013150299234,-0.012972079085868882,0.04363323129985824,9.08504702110242,56.88815959296238,-59.75
1772913271.2981117,98.1090648685765,2.0547063495298685,-9.230212876493432,-0.5354227520154031,-1.7561266449012358,9.743119051876265,-0.0399096322306438,0.011253612775247,0.03599741582238305,9.08504702110242,56.88815959296238,-59.75
1772913271.3373039,98.27028474380914,2.0638070364170833,-9.20783655072244,-0.5675901554523691,-1.9467933387470016,9.798942593205991,0.03638946514225338,-0.03399386723531027,0.1407171709420428,9.013671451517965,58.13141611438766,-59.375
1772913271.365416,98.46204696481533,2.0831409943138244,-9.173582079295675,-0.6181781910068429,-2.066274388619608,9.77253541393204,0.014834364620281298,0.005238633399012308,0.055632369907319255,9.013671451517965,58.13141611438766,-59.375
1772913271.382433,98.5230149955183,2.0821186312548385,-9.143310599279078,-0.6274427415913403,-1.9000462846532393,9.835244412088413,0.010224923076326699,-0.026228461720944687,0.05781403147231216,9.013671451517965,58.13141611438766,-59.375
1772913271.4553707,98.57372159863964,2.0784058313971867,-9.153999231690074,-0.6270255254066466,-1.7634846824415542,9.87028632644143,-0.01399743388641504,0.006928474780499325,-0.007635815477475192,8.746823160291752,55.555406945252265,-58.875
1772913271.4808607,98.63295429543614,2.092830728277941,-9.150804131921944,-0.6202632087184289,-1.6742501294394456,9.893606328999532,0.01058912619430614,0.001814345793148904,0.022907446432425576,8.746823160291752,55.555406945252265,-58.875
1772913271.535786,98.64464074779941,2.0881191156014673,-9.172495227464681,-0.615762962502447,-1.6148655312318134,9.882364636541896,-0.005570876689482738,-0.004213278598466151,-0.003272492347489368,10.503633468636906,55.109566401456384,-57.375
1772913271.551183,98.64464074779941,2.0881191156014673,-9.172495227464681,-0.615762962502447,-1.6148655312318134,9.882364636541896,-0.005570876689482738,-0.004213278598466151,-0.003272492347489368,10.503633468636906,55.109566401456384,-57.375
1772913271.5813775,98.50506371215397,2.105970411888473,-9.168596988786923,-0.6191607086924756,-1.6136439568744554,9.806383084489086,-0.013745090164717127,0.0034882072608814177,-0.02945243112740431,9.136470870756265,54.29586103035683,-56.5625
1772913271.6879892,98.08904968541664,2.057002768917555,-9.250228059653297,-0.5589887762213269,-1.557694320829879,9.744035860692012,0.006107523960387572,0.006327907854576479,-0.11126473981463851,9.136470870756265,54.29586103035683,-56.5625
1772913271.7753308,98.08904968541664,2.057002768917555,-9.250228059653297,-0.5589887762213269,-1.557694320829879,9.744035860692012,0.006107523960387572,0.006327907854576479,-0.11126473981463851,9.136470870756265,54.29586103035683,-56.5625
1772913271.813842,97.00407293796101,1.8445392162755605,-9.277450502667165,-0.4922963597546533,-1.4956817466112788,9.652647444446083,-0.0134448067017557,0.013540686184282722,-0.12435470920459599,9.663567306300934,53.323839632631405,-57.0
1772913271.874977,97.00407293796101,1.8445392162755605,-9.277450502667165,-0.4922963597546533,-1.4956817466112788,9.652647444446083,-0.0134448067017557,0.013540686184282722,-0.12435470920459599,9.663567306300934,53.323839632631405,-57.0
1772913271.9458497,96.13247016010114,1.7532718185580831,-9.344944163977043,-0.5306543920806229,-1.6269597939938878,9.665671912032789,-0.013713130337208116,0.012483371556227559,-0.14289883250703572,9.950176241855813,52.928698432476196,-55.75
1772913272.0099778,96.13247016010114,1.7532718185580831,-9.344944163977043,-0.5306543920806229,-1.6269597939938878,9.665671912032789,-0.013713130337208116,0.012483371556227559,-0.14289883250703572,9.950176241855813,52.928698432476196,-55.75
1772913272.0389273,95.61305458050617,1.697046314402771,-9.360376880131337,-0.5431599680702287,-1.5866856768138882,9.700570822878925,0.0037245710688248277,0.005807240497426149,-0.11126473981463851,9.852439881034934,51.019065587195854,-57.375
1772913272.075652,95.28537105385865,1.6287017855255237,-9.38707082801643,-0.5875889731536836,-1.6749619855477045,9.72379565820065,0.006596231490028895,-0.005050209332332408,-0.10581058590215622,9.852439881034934,51.019065587195854,-57.375
1772913272.1384435,94.77020425144354,1.5292537677604545,-9.353681571677747,-0.5843406313268402,-1.6315999270291672,9.715835744717614,0.010068458837155809,0.004197298684711648,-0.11235557059713497,8.848755277984324,50.11311734496612,-55.75
1772913272.205507,94.55721295236735,1.4906419299072244,-9.350064051712101,-0.5692095681716033,-1.6060342970244454,9.687122729261477,0.020120937760557116,0.0038970152217502243,-0.14508049407202864,8.848755277984324,50.11311734496612,-55.75
1772913272.2485456,94.19296557381863,1.445305445798621,-9.35184545783142,-0.5550258452250526,-1.5728089958983171,9.691430320172053,0.0005845870121683435,0.01560737569912954,-0.14726215563702155,8.756512406854142,49.74963935013609,-55.375
1772913272.2881253,93.82389896971904,1.4068712517665996,-9.367690192964972,-0.54558673604669,-1.5506979291498113,9.650810521608946,0.009027124122855149,0.008963204467837134,-0.14180800172453928,8.756512406854142,49.74963935013609,-55.375
1772913272.3917136,93.82389896971904,1.4068712517665996,-9.367690192964972,-0.54558673604669,-1.5506979291498113,9.650810521608946,0.009027124122855149,0.008963204467837134,-0.14180800172453928,8.756512406854142,49.74963935013609,-55.375
1772913272.429947,92.92148941674714,1.3317684248108095,-9.404001118883395,-0.5620014382529478,-1.5302234240069728,9.667264951613232,0.007969809494799985,0.009231528103289552,-0.12217304763960307,9.084664869898534,48.24777477202064,-55.0
1772913272.468526,92.92148941674714,1.3317684248108095,-9.404001118883395,-0.5620014382529478,-1.5302234240069728,9.667264951613232,0.007969809494799985,0.009231528103289552,-0.12217304763960307,9.084664869898534,48.24777477202064,-55.0
1772913272.487221,92.54219290646493,1.3005353717751356,-9.40809266829445,-0.5778622425371234,-1.536051861483365,9.678215190973058,-0.02237605134208383,0.031562974602484015,-0.12762720155208535,9.084664869898534,48.24777477202064,-55.0
1772913272.512155,92.54219290646493,1.3005353717751356,-9.40809266829445,-0.5778622425371234,-1.536051861483365,9.678215190973058,-0.02237605134208383,0.031562974602484015,-0.12762720155208535,9.084664869898534,48.24777477202064,-55.0
1772913272.5421636,92.34335929567362,1.2757799541401866,-9.421457668328094,-0.5768977561744344,-1.4945379736705917,9.685502452944831,0.007653546118084059,-0.0053185329677848244,-0.10471975511965978,9.566555451493228,47.35170685195524,-55.375
1772913272.6166613,92.02759215576444,1.210422949766189,-9.395356061459504,-0.5373479174065983,-1.476784951732002,9.767289613651343,0.017453681319787452,-0.00217854891112834,-0.11126473981463851,9.566555451493228,47.35170685195524,-55.375
1772913272.6631157,91.57139574402076,1.1560526085372786,-9.422727449738954,-0.5110279415072504,-1.4649705139461198,9.771541379869287,-0.004181318770957144,0.01456604098482888,-0.13308135546456762,9.745547704062895,46.532507991165,-54.5625
1772913272.6892896,91.15303029712229,1.1244723471829192,-9.411373219852495,-0.4883792739715778,-1.3824854982650434,9.774370882791988,0.009043104036609653,0.013460786615510208,-0.1308996938995747,9.745547704062895,46.532507991165,-54.5625
1772913272.7225015,90.863218230435,1.1130525356323566,-9.432341434720433,-0.5439725459986353,-1.578848869109224,9.729422321476957,0.004309158080993171,0.021414616196555686,-0.14289883250703572,10.179485686862266,44.93931612353448,-55.375
1772913272.7881289,90.52523329199587,1.0907705930086184,-9.440206324901304,-0.5455873903157001,-1.5701062233582925,9.699509556030133,0.013793029905980638,0.010004539182137796,-0.12871803233458182,10.179485686862266,44.93931612353448,-55.375
1772913272.816405,90.52523329199587,1.0907705930086184,-9.440206324901304,-0.5455873903157001,-1.5701062233582925,9.699509556030133,0.013793029905980638,0.010004539182137796,-0.12871803233458182,10.179485686862266,44.93931612353448,-55.375
1772913272.843996,90.15526420337847,1.030709949129004,-9.447623984887619,-0.5852862403580735,-1.702885531909597,9.689638279894714,0.005855180238689658,0.009768175374194384,-0.15271630954950383,9.723764820902051,44.66808099983463,-54.5625
1772913272.868173,89.90281430298725,0.9944386600633341,-9.446551261986707,-0.5919573682754641,-1.7134327107734568,9.709829949554527,0.006139483787896578,0.01532307214992262,-0.11126473981463851,9.723764820902051,44.66808099983463,-54.5625
1772913272.903174,89.90281430298725,0.9944386600633341,-9.446551261986707,-0.5919573682754641,-1.7134327107734568,9.709829949554527,0.006139483787896578,0.01532307214992262,-0.11126473981463851,9.723764820902051,44.66808099983463,-54.5625
1772913272.9388304,89.4731273573932,0.9281734632790597,-9.443805435649976,-0.5801852694383203,-1.7245659099294388,9.696506386498848,0.011662420736115807,0.006043604305369558,-0.1090830782496456,9.239127494462009,44.791071494674874,-55.0
1772913272.9853983,89.1065615683527,0.8813319055777546,-9.433263926108694,-0.5295637069705351,-1.5633736661759918,9.724435932899759,-0.004229258512220654,0.0010732945418096668,-0.1090830782496456,9.239127494462009,44.791071494674874,-55.0
1772913273.0111356,89.0574292239525,0.8784716710974603,-9.443904424996143,-0.5023602866060428,-1.454456360816702,9.743022734036089,-0.01423379769435845,0.014866324447790303,-0.09272061651219876,9.239127494462009,44.791071494674874,-55.0
1772913273.037587,89.0574292239525,0.8784716710974603,-9.443904424996143,-0.5023602866060428,-1.454456360816702,9.743022734036089,-0.01423379769435845,0.014866324447790303,-0.09272061651219876,9.239127494462009,44.791071494674874,-55.0
1772913273.0767705,88.68556568795145,0.8401131247742034,-9.467250691050841,-0.5283957228200786,-1.4743060671246804,9.755392042564143,0.009279467844553062,0.005522936948219228,-0.12544553998709243,9.90001032862637,43.07580471381923,-54.5625
1772913273.1218586,88.42803929168905,0.8154978985256431,-9.43965393436883,-0.6073263225758256,-1.4718819810580859,9.787039461166568,-0.002855680507449564,0.015355031977431627,-0.1090830782496456,9.90001032862637,43.07580471381923,-54.5625
1772913273.1526937,88.0359210473437,0.7939476558362828,-9.496431587960583,-0.5982494472105186,-1.485902622738389,9.798065129599696,-0.01527513240865911,0.01963223023091579,-0.11235557059713497,9.992253199756554,43.43928270864926,-55.0
1772913273.170566,87.88566171903257,0.7957205825033701,-9.49067857904328,-0.52881190178992,-1.4630058975241322,9.805402588777154,0.021478535851573704,0.013681170509699116,-0.12980886311707826,9.992253199756554,43.43928270864926,-55.0
1772913273.1873279,87.88566171903257,0.7957205825033701,-9.49067857904328,-0.52881190178992,-1.4630058975241322,9.805402588777154,0.021478535851573704,0.013681170509699116,-0.12980886311707826,9.992253199756554,43.43928270864926,-55.0
1772913273.268899,87.43353251557737,0.7112189037477793,-9.473570904152044,-0.5056413398547475,-1.538553678358023,9.810285585894963,0.015639335526638546,0.008410577283177798,-0.1090830782496456,10.257994833765707,41.43740699223874,-54.5625
1772913273.3168821,87.3079346045224,0.721989465565956,-9.437352661518814,-0.5371128946477152,-1.5424183865873087,9.82691561275949,0.011742320304888323,0.028531515043734915,-0.0818123086872342,10.257994833765707,41.43740699223874,-54.5625
1772913273.3530376,87.07335718326306,0.7223702054984787,-9.436747776034542,-0.5677838587690043,-1.542521805077204,9.881469162063414,-0.016048143487507355,0.025455450642096443,-0.07308566242726255,11.027409932530396,40.40389034709318,-55.0
1772913273.3734,87.07335718326306,0.7223702054984787,-9.436747776034542,-0.5677838587690043,-1.542521805077204,9.881469162063414,-0.016048143487507355,0.025455450642096443,-0.07308566242726255,11.027409932530396,40.40389034709318,-55.0
1772913273.4034164,86.99896112746195,0.7206975084684054,-9.432021476923426,-0.573384032784156,-1.4842286531257411,9.874287487526948,0.018763339669540528,-0.0058871400661986645,-0.03381575425739013,11.027409932530396,40.40389034709318,-55.0
1772913273.430161,86.99896112746195,0.7206975084684054,-9.432021476923426,-0.573384032784156,-1.4842286531257411,9.874287487526948,0.018763339669540528,-0.0058871400661986645,-0.03381575425739013,11.027409932530396,40.40389034709318,-55.0
1772913273.4808016,86.58148392004396,0.7034188964284508,-9.457770075834164,-0.521991242220926,-1.4594233877813063,9.836057046274297,-0.009199568275780546,0.016964973790146127,-0.1189005552921137,10.663931937700365,40.49613321822336,-54.25
1772913273.5425336,85.9784087123855,0.6391173879941099,-9.467254242006069,-0.4984867547448399,-1.4850660766439971,9.810615114682669,0.0021465890836193336,0.008458517024441309,-0.11126473981463851,11.585253991785127,39.55302828097776,-55.75
1772913273.6164162,85.9784087123855,0.6391173879941099,-9.467254242006069,-0.48284478089183364,-1.5021309996345147,9.793683793413438,0.003187923797919994,0.0036926112413158208,-0.08944812416470939,11.585253991785127,39.55302828097776,-55.75
1772913273.7028506,85.23625411861364,0.5203845022541114,-9.441291283553895,-0.4260805807860174,-1.4563288594253812,9.735918999602802,0.022487910738365355,-7.989956877251687e-05,-0.06217735460229799,11.748872432499764,38.67324975438251,-55.75
1772913273.851207,84.69183320594367,0.48533596411789653,-9.443236012452626,-0.47416576193928733,-1.6565866144999541,9.905330010826464,-0.005174713743994294,0.03282469321097358,-0.06872233929727672,12.138520142964275,37.413703839487084,-54.5625
1772913273.9253166,84.24302496587075,0.4916798322287202,-9.42657182945982,-0.5715309107848692,-1.6759406201943179,9.950378626567362,0.0035681068296539347,0.036233000903082485,-0.11126473981463851,12.246136825949488,37.83776150012212,-54.5625
1772913273.994244,83.72468774227352,0.4443450371879354,-9.434180867957561,-0.6289208247064022,-1.6596395068848935,9.843208397116824,0.009231528103289553,-0.007969809494799985,-0.09272061651219876,12.246136825949488,37.83776150012212,-54.5625
1772913274.059979,83.29460864069088,0.4081832269381834,-9.425496226063819,-0.5638383566242391,-1.5818191815799518,9.90903738658749,0.013540686184282722,0.013444806701755702,-0.1308996938995747,13.223460637763674,35.590820375646224,-54.5625
1772913274.1087656,83.08847477558531,0.37729639843478613,-9.442211673867961,-0.5140420371564501,-1.5316762921762228,9.81569626372213,-0.02534359124581492,0.015434931546204143,-0.13853550937704992,13.223460637763674,35.590820375646224,-54.5625
1772913274.1525965,83.08847477558531,0.37729639843478613,-9.442211673867961,-0.5140420371564501,-1.5316762921762228,9.81569626372213,-0.02534359124581492,0.015434931546204143,-0.13853550937704992,13.223460637763674,35.590820375646224,-54.5625
1772913274.2644725,82.01803343101051,0.2753670249821466,-9.470687614993386,-0.5236063327258379,-1.6723729085995598,9.60081538008585,0.01115773329271998,0.012924139344605373,-0.13853550937704992,13.331077320748888,36.01487803628126,-54.5625
1772913274.2903855,81.75577949605288,0.26199477763121026,-9.441178984166132,-0.5323769278394923,-1.7288905598164421,9.670789972192448,0.01537101189118613,0.007353262655122634,-0.11235557059713497,12.400599450512964,34.38105822277635,-55.0625
1772913274.3431003,81.5386888412097,0.24407061745327943,-9.441765032753361,-0.49721897718917957,-1.6457623114424507,9.717357281571978,0.005570876689482738,0.004213278598466151,-0.12326387842209953,12.400599450512964,34.38105822277635,-55.0625
1772913274.3849232,81.12613132204274,0.2439917920377033,-9.425807240209362,-0.47299891988308035,-1.5871990587639813,9.748347305773125,0.019363906595463377,0.014217817780603948,-0.11017390903214205,13.398790563872877,33.74085161455577,-54.5625
1772913274.4509258,81.12613132204274,0.2439917920377033,-9.425807240209362,-0.47299891988308035,-1.5871990587639813,9.748347305773125,0.019363906595463377,0.014217817780603948,-0.11017390903214205,13.398790563872877,33.74085161455577,-54.5625
1772913274.499709,80.50677605608884,0.22702288077320215,-9.410996462622482,-0.4860127266377773,-1.5270282014614465,9.745555038746499,0.0021625689973738373,0.01295609917211438,-0.14289883250703572,13.39329707418218,32.194696764105466,-54.6875
1772913274.5679567,80.23654879661292,0.1897035385380448,-9.406839434812607,-0.49055910021749033,-1.4707735081343416,9.743696816231946,-0.0018303257069034072,0.006091544046633068,-0.11780972450961724,13.39329707418218,32.194696764105466,-54.6875
1772913274.5948737,79.78901241021173,0.13783160661410904,-9.40325553183553,-0.5033116570153401,-1.4308681364661782,9.715699296247662,-0.002335013150299234,0.012972079085868882,-0.1090830782496456,14.679012704712092,31.41704143080473,-55.5
1772913274.6157298,79.78901241021173,0.13783160661410904,-9.40325553183553,-0.5033116570153401,-1.4308681364661782,9.715699296247662,-0.002335013150299234,0.012972079085868882,-0.1090830782496456,14.679012704712092,31.41704143080473,-55.5
1772913274.659495,79.2168814917603,0.09107458833265056,-9.413594498441256,-0.5225931887865236,-1.4740461969380407,9.680341700914314,-0.0007410512513392367,0.014818384706526794,-0.14835298641951802,14.151916269167423,32.389062828530164,-55.5
1772913274.6765747,79.2168814917603,0.09107458833265056,-9.413594498441256,-0.5225931887865236,-1.4740461969380407,9.680341700914314,-0.0007410512513392367,0.014818384706526794,-0.14835298641951802,14.151916269167423,32.389062828530164,-55.5
1772913274.7036517,78.97855153228339,0.09073316774894859,-9.393258531523589,-0.5354248327914235,-1.5027807138515263,9.65681161619019,0.035760273287195665,0.012307592504928024,-0.13962634015954636,14.151916269167423,32.389062828530164,-55.5
1772913274.7247005,78.69592375227062,0.0876117419900448,-9.403018409602907,-0.5342371525709576,-1.5243717155369396,9.681293948142388,-0.00814225364772538,0.01669665015469371,-0.1189005552921137,14.480984313826928,31.144890725489766,-55.0625
1772913274.7601676,78.39438975519333,0.07296442732518196,-9.413040853906272,-0.5269621006735807,-1.5403859537480065,9.697586666571008,0.0042771982534841645,0.012419451901209548,-0.12980886311707826,14.480984313826928,31.144890725489766,-55.0625
1772913274.7999268,78.08753810687176,0.061676512637950646,-9.368283844339704,-0.5221206349035309,-1.5510432503867093,9.725154847220262,0.01776994469650338,0.012371512159946035,-0.1341721862470641,14.583107507121444,30.02279353567449,-55.0625
1772913274.8287482,78.08753810687176,0.061676512637950646,-9.368283844339704,-0.5221206349035309,-1.5510432503867093,9.725154847220262,0.01776994469650338,0.012371512159946035,-0.1341721862470641,14.583107507121444,30.02279353567449,-55.0625
1772913274.8692017,77.73712377030864,0.03801225318499984,-9.37340673292277,-0.4768589775274495,-1.4418973396241634,9.755710432018375,0.005050209332332408,0.006596231490028895,-0.13308135546456762,14.659976566396596,30.325691864699518,-56.25
1772913274.955853,77.00630522337516,-0.006745800568199425,-9.397974592174105,-0.4699503938350513,-1.438510865819559,9.797286680913675,-0.0018463056206579104,0.001593961898959997,-0.1189005552921137,14.659976566396596,30.325691864699518,-56.25
1772913274.973869,76.84441354908009,-0.02988224740990779,-9.40763693855517,-0.4189903161345121,-1.4031580622474835,9.731292082311423,0.007717465773102072,0.01267179562290746,-0.14944381720201447,14.659976566396596,30.325691864699518,-56.25
1772913275.026381,76.47928382823608,-0.05505839400802429,-9.392912481546698,-0.4117404363572344,-1.3487065035806773,9.680683190734957,0.00827009295776141,0.01928400702669086,-0.14944381720201447,15.984488979570669,27.668235728213386,-56.6875
1772913275.0646446,76.17778349831954,-0.06993675741958852,-9.382559022545314,-0.40691572235191964,-1.3124695995516835,9.620242645070624,-0.0028397005936950603,0.0198526141251047,-0.16798794050445423,15.984488979570669,27.668235728213386,-56.6875
1772913275.0799518,76.17778349831954,-0.06993675741958852,-9.382559022545314,-0.40691572235191964,-1.3124695995516835,9.620242645070624,-0.0028397005936950603,0.0198526141251047,-0.16798794050445423,15.984488979570669,27.668235728213386,-56.6875
1772913275.0981114,76.01965526257986,-0.07793990628405727,-9.387409604704743,-0.4167722641617494,-1.31264733284807,9.6067810307547,0.007969809494799985,0.009231528103289552,-0.12435470920459599,15.984488979570669,27.668235728213386,-56.6875
1772913275.115999,75.82168817914138,-0.08426960495490761,-9.387278353516384,-0.4364970248451359,-1.3646429241947176,9.664724710949924,-0.0017823859656398969,0.01958429048965228,-0.12326387842209953,15.940198707235808,28.001881680948475,-57.0
1772913275.1335032,75.82168817914138,-0.08426960495490761,-9.387278353516384,-0.4364970248451359,-1.3646429241947176,9.664724710949924,-0.0017823859656398969,0.01958429048965228,-0.12326387842209953,15.940198707235808,28.001881680948475,-57.0
1772913275.1522565,75.64432916406851,0.5419423699589492,-8.74179635441778,-0.4553834699584229,-1.4219417333297983,9.760152481870957,-0.0033923277783543975,0.0132404027213213,-0.1090830782496456,15.940198707235808,28.001881680948475,-57.0
1772913275.1776843,75.37281161643234,-0.05656450015300708,-9.372254897322478,-0.4728891915360489,-1.4795274426733,9.766791698396426,-0.002018749773583307,0.02752214015694326,-0.14508049407202864,16.150854165130653,27.56153462684329,-56.5625
1772913275.1909547,75.37281161643234,-0.05656450015300708,-9.372254897322478,-0.4728891915360489,-1.4795274426733,9.766791698396426,-0.002018749773583307,0.02752214015694326,-0.14508049407202864,16.150854165130653,27.56153462684329,-56.5625
1772913275.222954,75.14031590759635,-0.06570042344070383,-9.372494777076874,-0.4845390536942359,-1.5178500889668778,9.751139352585302,0.009563771393759983,0.011077833723947463,-0.13526301702956053,16.150854165130653,27.56153462684329,-56.5625
1772913275.2453094,74.86838304497718,-0.07767633725641322,-9.322549292095609,-0.49229190682302204,-1.5433533819832448,9.740722891296159,0.00850645676570482,0.01134615735939988,-0.11126473981463851,16.64811855858038,26.7260463725829,-57.375
1772913275.259524,74.86838304497718,-0.07767633725641322,-9.322549292095609,-0.49229190682302204,-1.5433533819832448,9.740722891296159,0.00850645676570482,0.01134615735939988,-0.11126473981463851,16.64811855858038,26.7260463725829,-57.375
1772913275.2781122,74.72092081099196,-0.09470530499178072,-9.327224267653637,-0.49251434064503596,-1.5408715466614447,9.696994623887216,0.0039928947042772445,0.006864555125481312,-0.13853550937704992,16.64811855858038,26.7260463725829,-57.375
1772913275.2966201,74.56399974127227,-0.11742792629086873,-9.326857363120153,-0.505631695824666,-1.535928577425271,9.728105961135068,0.010605106108060643,0.006311927940821975,-0.13853550937704992,16.64811855858038,26.7260463725829,-57.375
1772913275.318585,74.56399974127227,-0.11742792629086873,-9.326857363120153,-0.505631695824666,-1.535928577425271,9.728105961135068,0.010605106108060643,0.006311927940821975,-0.13853550937704992,16.64811855858038,26.7260463725829,-57.375
1772913275.3400242,74.26401836950224,-0.15143372717687173,-9.296929965567228,-0.5143611491662514,-1.5326390866151818,9.725394426585869,0.016948993876391625,0.004701986128107474,-0.12980886311707826,17.251168471785082,25.799230828807442,-57.0
1772913275.3683755,74.14075203278308,-0.16160118440892587,-9.306884205354034,-0.4964063272172568,-1.4640066632357047,9.723589930633203,-0.012371512159946033,0.01776994469650338,-0.12326387842209953,17.251168471785082,25.799230828807442,-57.0
1772913275.3900237,73.88069347197086,-0.1978986659813087,-9.321113638996298,-0.4844575937787039,-1.4183325521510666,9.722389058734244,-0.014265757521867458,0.005871160152444162,-0.1090830782496456,17.799132208875477,26.433943947337323,-58.1875
1772913275.415731,73.65558483824061,-0.2360864053253246,-9.32002331882998,-0.4855570179233854,-1.4236025933160195,9.708209445070827,0.009279467844553062,0.005522936948219228,-0.12544553998709243,17.799132208875477,26.433943947337323,-58.1875
1772913275.4461863,73.54708828835432,-0.24454234616415077,-9.299915963964146,-0.47046904098131864,-1.5415612110363623,9.78909108667211,0.014598000812337886,0.013176483066303285,-0.09708393964218458,17.799132208875477,26.433943947337323,-58.1875
1772913275.4672139,73.3358729001588,-0.27164411415807843,-9.299292801992207,-0.43409747644265667,-1.516306729798525,9.856297362479904,-0.006059584219124062,0.007164838588442735,-0.13744467859455345,19.084847839405388,25.656288614036587,-59.375
1772913275.4838116,73.22288151899929,-0.28612993923422086,-9.313896907172605,-0.5140392587016077,-1.5835067649718149,9.9010223882867,-0.025880238516719754,0.013320302290093818,-0.10690141668465268,19.084847839405388,25.656288614036587,-59.375
1772913275.502844,73.22288151899929,-0.28612993923422086,-9.313896907172605,-0.5140392587016077,-1.5835067649718149,9.9010223882867,-0.025880238516719754,0.013320302290093818,-0.10690141668465268,19.084847839405388,25.656288614036587,-59.375
1772913275.5257375,72.99115089854564,-0.305004357463939,-9.313263716415763,-0.5367947679174658,-1.508261354114647,9.873919494325419,-0.005270593226521314,0.005839200324935154,-0.14944381720201447,19.084847839405388,25.656288614036587,-59.375
1772913275.5616555,72.74716133017627,-0.2951125814314337,-9.313275991609789,-0.5980170028529851,-1.639756965117114,9.85588282115335,0.0037725108100883373,0.019299986940445362,-0.11453723216212788,18.981809064495756,26.520693328776808,-58.5625
1772913275.5803576,72.60248037127646,-0.28678610192068044,-9.303672298891518,-0.6288857096450997,-1.6883578414695488,9.877330733713372,4.793974126351019e-05,0.013492746443019213,-0.12326387842209953,18.981809064495756,26.520693328776808,-58.5625
1772913275.6198237,72.60248037127646,-0.28678610192068044,-9.303672298891518,-0.6288857096450997,-1.6883578414695488,9.877330733713372,4.793974126351019e-05,0.013492746443019213,-0.12326387842209953,18.981809064495756,26.520693328776808,-58.5625
1772913275.639397,72.19035010881065,-0.28607207743868257,-9.318662462967627,-0.649428489189203,-1.7207011817747329,9.891604079933185,0.008238133130252403,0.010288842731344715,-0.09599310885968812,18.62546464698471,24.35428359003653,-58.1875
1772913275.6787019,71.95745450476623,-0.2903325007844844,-9.3232732672651,-0.6419018126585099,-1.7130933291129098,9.837545709959677,0.003456247433372411,0.004749925869370984,-0.10144726277217041,18.62546464698471,24.35428359003653,-58.1875
1772913275.7145889,71.67219022887599,-0.32350956854517693,-9.322170775548093,-0.5790107266416199,-1.6295385972218477,9.79822535690655,-0.009515831652496472,0.0024149127190717505,-0.136353847812057,19.60828194848959,23.65349731601095,-60.875
1772913275.7574463,71.48352507115058,-0.3245795272174642,-9.33720089446234,-0.5501267393926712,-1.5706425209624253,9.775403212894135,0.010857449829758555,0.002871660421204067,-0.11235557059713497,19.60828194848959,23.65349731601095,-60.875
1772913275.7768073,71.2608803378686,-0.33283356633201766,-9.336648430930303,-0.5531212835194462,-1.6189908038259013,9.810392006603717,-0.011298217618136366,0.021999203208724033,-0.09599310885968812,21.246679670070083,24.011481821150284,-59.75
1772913275.808452,71.06427995953611,-0.35880846196384447,-9.335818254400019,-0.5551141191845652,-1.6511660459858373,9.83367665796701,-0.004465622320164064,0.009011144209100645,-0.11999138607461016,21.246679670070083,24.011481821150284,-59.75
1772913275.8485935,71.06427995953611,-0.35880846196384447,-9.335818254400019,-0.5551141191845652,-1.6511660459858373,9.83367665796701,-0.004465622320164064,0.009011144209100645,-0.11999138607461016,21.246679670070083,24.011481821150284,-59.75
1772913275.8827186,70.68427190846624,-0.32991977261986727,-9.327652458197164,-0.5229001538934855,-1.5948113460517748,9.80234076944021,0.02621248180719018,0.005727340928653631,-0.12435470920459599,21.169810610794933,23.708583492125257,-58.5625
1772913275.9311,70.32426342515168,-0.36022257013676534,-9.346123822747101,-0.5014621198458429,-1.5573079227689024,9.781487085670436,-0.011330177445645377,0.01300403891337789,-0.11344640137963143,21.169810610794933,23.708583492125257,-58.5625
1772913275.9841325,70.03757472720004,-0.3769520901255849,-9.310646043994607,-0.5213133388964315,-1.5443983004533581,9.767609192072563,0.006692110972555915,0.02193528355370602,-0.08290313946973066,21.876814880524382,22.17505570868463,-62.1875
1772913276.0172925,70.03757472720004,-0.3769520901255849,-9.310646043994607,-0.5213133388964315,-1.5443983004533581,9.767609192072563,0.006692110972555915,0.02193528355370602,-0.08290313946973066,21.876814880524382,22.17505570868463,-62.1875
1772913276.059207,69.85984744273739,-0.39142655603642423,-9.31011940917551,-0.5476894456356827,-1.5876844028356072,9.838656289885073,0.0050821691598414145,0.015591395785375035,-0.09272061651219876,21.876814880524382,22.17505570868463,-62.1875
1772913276.0851102,69.48902954526065,-0.41498381418195407,-9.368812301614573,-0.5652424500302364,-1.6164908204335475,9.885937339831212,0.008254113044006904,0.014786424879017785,-0.10253809355466686,21.805439310939928,23.418312230109912,-61.375
1772913276.1025188,69.28481336884013,-0.4119123438121425,-9.369460800517256,-0.5866507743417765,-1.6331926678911333,9.890641456747879,0.011662420736115807,0.006043604305369558,-0.12326387842209953,21.805439310939928,23.418312230109912,-61.375
1772913276.1302905,69.28481336884013,-0.4119123438121425,-9.369460800517256,-0.5866507743417765,-1.6331926678911333,9.890641456747879,0.011662420736115807,0.006043604305369558,-0.12326387842209953,21.805439310939928,23.418312230109912,-61.375
1772913276.1486454,69.09180287929117,-0.4177977699221148,-9.368827434242355,-0.5926694361408722,-1.6118842409127245,9.893771994007492,-0.0012936784359985735,0.008206173302743395,-0.11344640137963143,21.805439310939928,23.418312230109912,-61.375
1772913276.168013,68.89154788416619,-0.3992305932907716,-9.365082642271776,-0.5430538016063314,-1.5768000753367633,9.859059102802858,0.015907659162090963,0.009467891911232963,-0.11562806294462433,22.68247109268983,22.808853245599394,-61.75
1772913276.1827998,68.81026397711582,-0.38144191206236644,-9.371627769018852,-0.5100351510665478,-1.55345195506177,9.835958061474576,0.010148358405928325,0.026685209423077005,-0.13853550937704992,22.68247109268983,22.808853245599394,-61.75
1772913276.197566,68.81026397711582,-0.38144191206236644,-9.371627769018852,-0.5100351510665478,-1.55345195506177,9.835958061474576,0.010148358405928325,0.026685209423077005,-0.13853550937704992,22.68247109268983,22.808853245599394,-61.75
1772913276.2179372,68.61056722338778,-0.37087351504830346,-9.337861881033254,-0.4921267738521313,-1.5403335399349538,9.827274799940785,0.019900553866368208,0.016332447036714274,-0.11235557059713497,22.68247109268983,22.808853245599394,-61.75
1772913276.2361777,68.61056722338778,-0.37087351504830346,-9.337861881033254,-0.4921267738521313,-1.5403335399349538,9.827274799940785,0.019900553866368208,0.016332447036714274,-0.11235557059713497,22.68247109268983,22.808853245599394,-61.75
1772913276.2563863,68.34170668146785,-0.36840126245349974,-9.3437057300151,-0.4866936128435327,-1.52995771343364,9.821496186388433,0.009043104036609653,0.013460786615510208,-0.1265363707695889,22.102844150274258,21.79528832038445,-62.5
1772913276.2730484,68.21780124521389,-0.37193294484692235,-9.318778255670361,-0.49542041321006847,-1.5716876966369486,9.834376142157282,0.013208442893812294,-0.0056028365169917445,-0.04690572364734761,22.102844150274258,21.79528832038445,-62.5
1772913276.2965136,68.21780124521389,-0.37193294484692235,-9.318778255670361,-0.49542041321006847,-1.5716876966369486,9.834376142157282,0.013208442893812294,-0.0056028365169917445,-0.04690572364734761,22.102844150274258,21.79528832038445,-62.5
1772913276.337924,68.05107235495817,-0.4000351367413394,-9.312208275004476,-0.48230282193701185,-1.524884898558281,9.806151380062404,-0.0007730110788482436,0.005823220411180651,-0.10799224746714914,22.102844150274258,21.79528832038445,-62.5
1772913276.3617508,67.91500083737027,-0.4401417138521775,-9.299906334424387,-0.4468117216778734,-1.4970784983763477,9.904447025935694,-0.008790760314911739,-0.016901054135128116,-0.06763150851478027,23.633625188869537,21.72921516488875,-62.0625
1772913276.3818939,67.88504794962043,-0.4372790777417008,-9.29504686136557,-0.41661011981011836,-1.4526349937614564,10.030073690961807,0.016428326519241292,0.007084939019670218,-0.044724062082354694,23.633625188869537,21.72921516488875,-62.0625
1772913276.4053037,67.88504794962043,-0.4372790777417008,-9.29504686136557,-0.41661011981011836,-1.4526349937614564,10.030073690961807,0.016428326519241292,0.007084939019670218,-0.044724062082354694,23.633625188869537,21.72921516488875,-62.0625
1772913276.430746,67.81145619319688,-0.4510970240675817,-9.26456008244164,-0.47432725887609645,-1.4033103245861263,10.113676833194885,0.008758800487402732,0.00790588983978197,-0.039269908169872414,23.633625188869537,21.72921516488875,-62.0625
1772913276.4442003,67.68782263274359,-0.45649875519699806,-9.269033151853561,-0.5201428751770399,-1.3996662961432151,10.152588231906112,0.011093813637701965,-0.005066189246086911,-0.06763150851478027,24.592103937970172,22.711116884778516,-63.75
1772913276.4570937,67.68782263274359,-0.45649875519699806,-9.269033151853561,-0.5201428751770399,-1.3996662961432151,10.152588231906112,0.011093813637701965,-0.005066189246086911,-0.06763150851478027,24.592103937970172,22.711116884778516,-63.75
1772913276.4699218,67.65866806398851,-0.46345239130626203,-9.26348242660611,-0.5506326560313495,-1.3972412359209228,10.061404423323449,-0.0018303257069034072,0.006091544046633068,-0.02399827721492203,24.592103937970172,22.711116884778516,-63.75
1772913276.482777,67.57364650025474,-0.45831306705212116,-9.23425506115134,-0.5524391172447665,-1.445183206284351,9.970616611935696,0.016728609982202717,0.017137417943071526,-0.05235987755982989,24.592103937970172,22.711116884778516,-63.75
1772913276.5106952,67.57364650025474,-0.45831306705212116,-9.23425506115134,-0.5524391172447665,-1.445183206284351,9.970616611935696,0.016728609982202717,0.017137417943071526,-0.05235987755982989,24.592103937970172,22.711116884778516,-63.75
1772913276.5459933,67.57364650025474,-0.45831306705212116,-9.23425506115134,-0.5524391172447665,-1.445183206284351,9.970616611935696,0.016728609982202717,0.017137417943071526,-0.05235987755982989,24.592103937970172,22.711116884778516,-63.75
1772913276.5735738,67.31487199807101,-0.45869084173338587,-9.224903377091474,-0.5536412970028015,-1.4770880520143133,9.86336677372098,0.010637065935569649,0.015307092236168118,-0.07963064712224129,23.193278134764356,21.518559706993905,-63.75
1772913276.5901968,67.10144744068822,-0.46293397933488556,-9.249641253018101,-0.512917837976559,-1.4570908956079909,9.748506752253126,-0.006027624391615055,0.01616000288378888,-0.10581058590215622,23.193278134764356,21.518559706993905,-63.75
1772913276.6426308,66.89137484017623,-0.4540571851758109,-9.236249114172768,-0.485816830905439,-1.443783011402457,9.715555143231931,0.01139409710066339,0.004986289677314395,-0.0818123086872342,25.9799427617946,20.81136436166251,-64.5
1772913276.6585863,66.78327311243756,-0.47268757968573877,-9.235157569393195,-0.5258595945597963,-1.5685872014291296,9.74045777942439,0.0065802515762743916,-0.00954779148000548,-0.09817477042468103,25.9799427617946,20.81136436166251,-64.5
1772913276.6926792,66.78327311243756,-0.47268757968573877,-9.235157569393195,-0.5258595945597963,-1.5685872014291296,9.74045777942439,0.0065802515762743916,-0.00954779148000548,-0.09817477042468103,25.9799427617946,20.81136436166251,-64.5
1772913276.7208366,66.54695506905283,-0.506215260920864,-9.228133670189136,-0.5525076064647922,-1.6516429957377285,9.757030205629796,0.018542955775351616,0.006548291748765384,-0.0916297857297023,25.313566437939542,20.980476292067845,-63.75
1772913276.7538457,66.24693855207451,-0.5431554750115785,-9.200196693632954,-0.5169533722243891,-1.5513327671506218,9.771404081850683,0.01772200495523987,-0.0011212342830731763,-0.11671889372712078,25.313566437939542,20.980476292067845,-63.75
1772913276.7819097,65.9690264867653,-0.5610244913029613,-9.204687484787424,-0.4770807665594352,-1.4886916000063675,9.794350182738244,0.008238133130252403,0.010288842731344715,-0.11780972450961724,25.9799427617946,20.81136436166251,-66.0625
1772913276.8155613,65.86477233800532,-0.5623138822774311,-9.17972216622449,-0.4745061827869372,-1.568616554387682,9.809620556554172,0.010416682041380743,0.027742524051132166,-0.06326818538479445,25.9799427617946,20.81136436166251,-66.0625
1772913276.8499599,65.86477233800532,-0.5623138822774311,-9.17972216622449,-0.4745061827869372,-1.568616554387682,9.809620556554172,0.010416682041380743,0.027742524051132166,-0.06326818538479445,25.9799427617946,20.81136436166251,-66.0625
1772913276.8850567,65.76052141061881,-0.5635578023846695,-9.154755446430995,-0.47279282604632494,-1.621805718708206,9.81978281974742,0.015307092236168118,-0.010637065935569649,-0.03599741582238305,27.736753070139752,20.36552381786663,-65.6875
1772913276.9063356,65.76052141061881,-0.5635578023846695,-9.154755446430995,-0.4315297600032473,-1.5534968933194666,9.736227676284987,-0.018463056206579107,0.01593961898959997,-0.05890486225480862,27.736753070139752,20.36552381786663,-65.6875
1772913276.931033,65.6015467909535,-0.5735678295990261,-9.179417380050726,-0.4315297600032473,-1.5534968933194666,9.736227676284987,-0.018463056206579107,0.01593961898959997,-0.05890486225480862,27.736753070139752,20.36552381786663,-65.6875
1772913276.9591186,65.41317095880241,0.11274094717357054,-8.587399742042104,-0.388435806611423,-1.446433825292653,9.680622661682847,0.024318236445268763,-0.0061714436154055845,-0.07853981633974483,28.024277587309747,20.228075092786472,-64.875
1772913276.9842765,65.27223194018588,-0.5685432074417397,-9.160812625943326,-0.37539110589897134,-1.4367888572838268,9.643618145613834,-0.012355532246191533,0.02226752684417645,-0.09926560120717749,28.024277587309747,20.228075092786472,-64.875
1772913277.00215,65.27223194018588,-0.5685432074417397,-9.160812625943326,-0.37539110589897134,-1.4367888572838268,9.643618145613834,-0.012355532246191533,0.02226752684417645,-0.09926560120717749,28.024277587309747,20.228075092786472,-64.875
1772913277.0206935,65.0881559167657,-0.5672095417920808,-9.200821140103331,-0.47080765189164675,-1.5005846872971491,9.752796521830211,-0.011582521167343289,0.016444306432995798,-0.11126473981463851,27.613762575299507,19.880886491426587,-65.25
1772913277.0412242,64.87991922983771,-0.5820830636301513,-9.180160441074573,-0.5343062973771145,-1.5430400995248994,9.825453511599836,0.015118668169488215,0.010793530174740542,-0.1189005552921137,27.613762575299507,19.880886491426587,-65.25
1772913277.058728,64.87991922983771,-0.5820830636301513,-9.180160441074573,-0.5343062973771145,-1.5430400995248994,9.825453511599836,0.015118668169488215,0.010793530174740542,-0.1189005552921137,27.613762575299507,19.880886491426587,-65.25
1772913277.0889583,64.6714712838775,-0.5933976637485323,-9.174640853877401,-0.5734196117613405,-1.5997008596811693,9.833664586171933,0.003740550982579331,0.010304822645099219,-0.11344640137963143,27.613762575299507,19.880886491426587,-65.25
1772913277.133712,64.19655333981973,-0.6423806398776474,-9.18110778724673,-0.5053276455526801,-1.5540018619891631,9.852800782484676,0.007969809494799985,0.009231528103289552,-0.13199052468207118,28.535084629384272,18.937781554180983,-66.0625
1772913277.1621578,64.07087478443009,-0.6327402809765025,-9.182584948865943,-0.4947048151729662,-1.549603658930784,9.86189922457872,0.00850645676570482,0.01134615735939988,-0.11235557059713497,28.535084629384272,18.937781554180983,-66.0625
1772913277.1780143,64.07087478443009,-0.6327402809765025,-9.182584948865943,-0.4947048151729662,-1.549603658930784,9.86189922457872,0.00850645676570482,0.01134615735939988,-0.11235557059713497,28.535084629384272,18.937781554180983,-66.0625
1772913277.1976147,63.85587106719797,-0.6182986254467359,-9.164268567982857,-0.4876354402200573,-1.5466767039265803,9.794361678595022,0.007180818502197238,0.010557166366797132,-0.13308135546456762,28.869646163734473,19.239764301590892,-74.5
1772913277.2232149,63.65705133378216,-0.6254043001590609,-9.173945094689964,-0.5148253575470559,-1.616011148260093,9.749416196186694,-0.01660077067216669,0.018843239238313044,-0.11235557059713497,28.869646163734473,19.239764301590892,-74.5
1772913277.237411,63.65705133378216,-0.6254043001590609,-9.173945094689964,-0.5148253575470559,-1.616011148260093,9.749416196186694,-0.01660077067216669,0.018843239238313044,-0.11235557059713497,28.869646163734473,19.239764301590892,-74.5
1772913277.2662425,63.521889363745565,-0.6209227091104071,-9.169923732187254,-0.5024750899276422,-1.5421861628561409,9.756301708498398,0.01035276238636273,0.00975219546043988,-0.1090830782496456,28.869646163734473,19.239764301590892,-74.5
1772913277.292419,63.23536028742518,-0.6000748393542986,-9.178404078319964,-0.49749845677740845,-1.492233625860575,9.7909899453915,0.010905389571022066,0.01636440686422328,-0.14508049407202864,30.508043885314965,19.597748806730227,-67.25
1772913277.326578,62.92861963239309,-0.574286121385292,-9.172563886461749,-0.4941865630085628,-1.4589907704964262,9.783968574184989,-0.006800635470463297,0.021983223294969528,-0.14289883250703572,30.508043885314965,19.597748806730227,-67.25
1772913277.3448002,62.92861963239309,-0.574286121385292,-9.172563886461749,-0.4941865630085628,-1.4589907704964262,9.783968574184989,-0.006800635470463297,0.021983223294969528,-0.14289883250703572,30.508043885314965,19.597748806730227,-67.25
1772913277.3749692,62.72187680784873,-0.5514418538669883,-9.176129202956659,-0.5183132191291359,-1.5406226452452387,9.745844813007718,0.009295447758307566,0.010020519095892298,-0.11453723216212788,30.40042720232975,19.17369114609519,-74.875
1772913277.4033995,62.458286924996266,-0.5592609248012208,-9.146159347362053,-0.5408539032428834,-1.5933020782260667,9.72047387581456,0.0013575980910165869,0.009784155287948888,-0.10799224746714914,30.40042720232975,19.17369114609519,-74.875
1772913277.433117,62.458286924996266,-0.5592609248012208,-9.146159347362053,-0.5408539032428834,-1.5933020782260667,9.72047387581456,0.0013575980910165869,0.009784155287948888,-0.10799224746714914,30.40042720232975,19.17369114609519,-74.875
1772913277.4547446,62.16583609275088,-0.5881643752261029,-9.14903112282712,-0.591618135732122,-1.6468928033234163,9.703589800524453,0.005823220411180652,0.0007730110788482436,-0.08508480103472356,30.993596793370124,19.732450786965035,-68.0625
1772913277.4738715,62.02536341229625,-0.5871945547929628,-9.130156128357036,-0.588373640403958,-1.5366518927250081,9.685663413611728,0.022772214287572274,0.005474997206955717,-0.12980886311707826,30.993596793370124,19.732450786965035,-68.0625
1772913277.4892871,61.82614755942627,-0.5908206311387532,-9.110409867246233,-0.5829231294530197,-1.4503184702376002,9.673733603372172,0.014613980726092391,0.01767406521397636,-0.12217304763960307,30.993596793370124,19.732450786965035,-68.0625
1772913277.509452,61.82614755942627,-0.5908206311387532,-9.110409867246233,-0.5829231294530197,-1.4503184702376002,9.673733603372172,0.014613980726092391,0.01767406521397636,-0.12217304763960307,30.993596793370124,19.732450786965035,-68.0625
1772913277.532597,-67.68643696514391,6.238769221712447,2.464282488871291,-0.514449235522225,-1.409321219746914,9.66579444792246,-0.006043604305369558,0.011662420736115805,-0.12544553998709243,31.40411180538036,20.07963938832492,-67.6875
1772913277.5467975,61.40784584334188,-0.6069199521962297,-9.130057307755536,-0.47052629179151134,-1.3885226714925722,9.6170245764617,-0.0052066735715033015,0.023829528915627438,-0.12980886311707826,31.40411180538036,20.07963938832492,-67.6875
1772913277.5695698,61.40784584334188,-0.6069199521962297,-9.130057307755536,-0.47052629179151134,-1.3885226714925722,9.6170245764617,-0.0052066735715033015,0.023829528915627438,-0.12980886311707826,31.40411180538036,20.07963938832492,-67.6875
1772913277.5938473,61.232487800038655,-0.6085827113397188,-9.111023706339711,-0.44129606339015176,-1.3746814699643148,9.564498101555811,0.019127542787519967,0.022155667447894926,-0.1559888018969932,31.40411180538036,20.07963938832492,-67.6875
1772913277.6160278,60.91770995367621,-0.605827743298074,-9.087622840825809,-0.40345753268908696,-1.442610449503651,9.549612989509027,0.005634796344500752,0.022203607189158436,-0.14835298641951802,31.901376198830086,19.24415113406453,-68.0625
1772913277.6414173,60.91770995367621,-0.605827743298074,-9.087622840825809,-0.40345753268908696,-1.442610449503651,9.549612989509027,0.005634796344500752,0.022203607189158436,-0.14835298641951802,31.901376198830086,19.24415113406453,-68.0625
1772913277.6614301,60.717561137370716,-0.6102435798266895,-9.11321819582573,-0.3782764131916118,-1.4878164265706577,9.65344091176835,-0.03272881372844656,0.021810779142044132,-0.11780972450961724,31.901376198830086,19.24415113406453,-68.0625
1772913277.7040517,60.717561137370716,-0.6102435798266895,-9.11321819582573,-0.3782764131916118,-1.4878164265706577,9.65344091176835,-0.03272881372844656,0.021810779142044132,-0.11780972450961724,31.901376198830086,19.24415113406453,-68.0625
1772913277.727472,60.00404523220563,-0.6375970769630775,-9.113166504735247,-0.47775615952216016,-1.5642619238565254,9.765174953211185,-0.020309361827237013,0.017533580888559965,-0.11780972450961724,32.46562932939063,20.19713639347447,-69.25
1772913277.765944,59.84756963918716,-0.6290579923645523,-9.1055198862942,-0.4860342916157305,-1.5401709519818518,9.763443873554028,-0.005238633399012308,0.014834364620281298,-0.1407171709420428,32.46562932939063,20.19713639347447,-69.25
1772913277.779654,59.84756963918716,-0.6290579923645523,-9.1055198862942,-0.4860342916157305,-1.5401709519818518,9.763443873554028,-0.005238633399012308,0.014834364620281298,-0.1407171709420428,32.46562932939063,20.19713639347447,-69.25
1772913277.7974124,59.72657697214637,-0.624662135568746,-9.112041433269571,-0.5178739804786693,-1.6278933029596727,9.762291859379618,0.00028430354920692003,0.005554896775728234,-0.10362892433716332,33.4014096137153,19.056918646958817,-68.875
1772913277.8219185,59.59069110195676,-0.6102097638627174,-9.10956151390906,-0.48979091157178517,-1.5193159519634918,9.748144759986111,0.016964973790146127,0.009199568275780546,-0.26398104936414235,33.4014096137153,19.056918646958817,-68.875
1772913277.8751664,59.393314449975406,-0.581015178304755,-9.109709871747157,-0.5657666169406287,-1.602494858976054,9.762145805324424,-0.0031240041429019807,0.014297717349376465,-0.11017390903214205,33.4014096137153,19.056918646958817,-68.875
1772913277.9167016,58.804970384855245,-0.6306073611217097,-9.091531093245246,-0.5127587640629023,-1.5081244048656346,9.738012227521953,0.011694380563624812,0.0150387686007157,-0.14835298641951802,34.57054382071078,19.5984733127434,-70.5
1772913277.940057,58.58622112659602,-0.6494616704016668,-9.099827193607947,-0.6217521285433725,-1.6330341522503782,9.75874782986465,-0.02188734381244251,0.02018485741557513,-0.13308135546456762,34.57054382071078,19.5984733127434,-70.5
1772913277.9608977,58.58622112659602,-0.6494616704016668,-9.099827193607947,-0.6217521285433725,-1.6330341522503782,9.75874782986465,-0.02188734381244251,0.02018485741557513,-0.13308135546456762,34.57054382071078,19.5984733127434,-70.5
1772913277.978268,58.3527157624376,-0.6778446118889006,-9.096936030942324,-0.6446321670888502,-1.6700917227612901,9.77254714159186,-0.0007889909926027469,0.0013256382635075802,-0.13962634015954636,34.06778593757036,18.887806716553484,-70.0625
1772913278.0152144,58.04215490660231,-0.6912271763540845,-9.087005243216844,-0.6598585771540882,-1.6947531219761156,9.781730429397905,0.007180818502197238,0.010557166366797132,-0.13962634015954636,34.06778593757036,18.887806716553484,-70.0625
1772913278.0560076,57.76669405677542,-0.7023029251673526,-9.112116836402796,-0.6209645746121968,-1.613170221239582,9.714249347287755,-0.007068959105915713,0.020925908666914367,-0.14180800172453928,34.662786691840964,19.961951307573433,-71.25
1772913278.0799067,57.76669405677542,-0.7023029251673526,-9.112116836402796,-0.6209645746121968,-1.613170221239582,9.714249347287755,-0.007068959105915713,0.020925908666914367,-0.14180800172453928,34.662786691840964,19.961951307573433,-71.25
1772913278.1111887,57.414157718456224,-0.6985025864400526,-9.13032905871598,-0.4935989141555889,-1.539766745157721,9.60912943022478,-0.006736715815445281,0.03997355188566182,-0.16471544815696484,34.662786691840964,19.961951307573433,-71.25
1772913278.1298382,57.20311849730481,-0.6925411614664919,-9.112425651851106,-0.510320626128823,-1.51002851877821,9.599385310417535,0.019932513693877215,0.025327611332060414,-0.12544553998709243,35.81380034213607,19.669848882327855,-71.6875
1772913278.1500716,57.20311849730481,-0.6925411614664919,-9.112425651851106,-0.510320626128823,-1.51002851877821,9.599385310417535,0.019932513693877215,0.025327611332060414,-0.12544553998709243,35.81380034213607,19.669848882327855,-71.6875
1772913278.1739235,56.998058874424466,-0.7088878008502036,-9.11127409569492,-0.5269635580493772,-1.4439735760221672,9.679873611925068,0.009011144209100645,0.004465622320164064,-0.12762720155208535,35.81380034213607,19.669848882327855,-71.6875
1772913278.2047517,56.67523658395415,-0.7615403119754041,-9.119804434535979,-0.5503817516541478,-1.4486497293344363,9.73343767746509,-0.0020826694286013208,0.009531811566250976,-0.1636246173744684,36.116698671161096,19.592979823052705,-72.375
1772913278.2193716,56.67523658395415,-0.7615403119754041,-9.119804434535979,-0.5503817516541478,-1.4486497293344363,9.73343767746509,-0.0020826694286013208,0.009531811566250976,-0.1636246173744684,36.116698671161096,19.592979823052705,-72.375
1772913278.2345018,56.49243522482198,-0.7386453860713266,-9.134867820997947,-0.5605984891970577,-1.5394026279584891,9.685456172049173,0.004545521888936581,0.01347676652926471,-0.11126473981463851,36.116698671161096,19.592979823052705,-72.375
1772913278.2503276,56.33503879730759,-0.7208995301511153,-9.103877965238588,-0.5673976139034278,-1.5997976682164934,9.646834792768777,0.02913208196965776,0.008362637541914289,-0.13853550937704992,36.116698671161096,19.592979823052705,-72.375
1772913278.2632358,56.33503879730759,-0.7208995301511153,-9.103877965238588,-0.5673976139034278,-1.5997976682164934,9.646834792768777,0.02913208196965776,0.008362637541914289,-0.13853550937704992,36.116698671161096,19.592979823052705,-72.375
1772913278.2786965,56.1458658911819,-0.7416747781863967,-9.106486133575103,-0.5882320225180545,-1.6634600470979721,9.627822919701385,0.007701485859347569,0.008174213475234388,-0.10144726277217041,36.38793379486094,19.13725895709249,-71.5625
1772913278.306547,56.1458658911819,-0.7416747781863967,-9.106486133575103,-0.5882320225180545,-1.6634600470979721,9.627822919701385,0.007701485859347569,0.008174213475234388,-0.10144726277217041,36.38793379486094,19.13725895709249,-71.5625
1772913278.3615053,55.50924000887047,-0.6659331740039619,-9.100028758841686,-0.6350935987595552,-1.7279889725945476,9.796173210167193,-0.0004887075296413235,0.011378117186908886,-0.1265363707695889,36.46571843575121,19.69784976119257,-71.25
1772913278.4050624,55.50924000887047,-0.6659331740039619,-9.100028758841686,-0.6350935987595552,-1.7279889725945476,9.796173210167193,-0.0004887075296413235,0.011378117186908886,-0.1265363707695889,36.46571843575121,19.69784976119257,-71.25
1772913278.4273286,55.20564532416276,-0.6434772670757444,-9.091288443559018,-0.6428629294995514,-1.7049249409732348,9.840939766309463,0.0198685940388592,0.0073372827413681315,-0.12762720155208535,36.46571843575121,19.69784976119257,-71.25
1772913278.443156,55.20564532416276,-0.6434772670757444,-9.091288443559018,-0.6428629294995514,-1.7049249409732348,9.840939766309463,0.0198685940388592,0.0073372827413681315,-0.12762720155208535,36.46571843575121,19.69784976119257,-71.25
1772913278.4656374,54.9143015471679,-0.60271598293068,-9.07146083443359,-0.642322498663876,-1.6806719234928527,9.854005850810347,-0.00023636380794341002,0.007937849667290978,-0.1090830782496456,37.41870369516115,19.133596630632027,-73.1875
1772913278.495825,54.705639551941815,-0.5722887272408239,-9.088827151701079,-0.6069240157316694,-1.6216566686677663,9.832595178722084,-0.0012617186084895673,0.017201337598089537,-0.1505346479845109,37.41870369516115,19.133596630632027,-73.1875
1772913278.5260217,54.49218636919034,-0.5539109650953331,-9.114464551149737,-0.5898513847451641,-1.5807370080485468,9.818346615620223,0.005839200324935155,0.005270593226521315,-0.12435470920459599,37.41870369516115,19.133596630632027,-73.1875
1772913278.5539384,54.27805961100556,-0.530386461872341,-9.085968227518691,-0.5736997469007068,-1.5754279246078333,9.822244802872092,0.027554099984452265,0.011013914068929449,-0.1407171709420428,37.695432308551695,20.22403061512212,-73.1875
1772913278.5811605,54.02208838337799,-0.5430272408926675,-9.070883482754219,-0.5809063471912905,-1.6018496071088826,9.831529226357244,0.007717465773102072,0.01267179562290746,-0.11344640137963143,37.695432308551695,20.22403061512212,-73.1875
1772913278.629375,54.02208838337799,-0.5430272408926675,-9.070883482754219,-0.5809063471912905,-1.6018496071088826,9.831529226357244,0.007717465773102072,0.01267179562290746,-0.11344640137963143,37.695432308551695,20.22403061512212,-73.1875
1772913278.6734722,53.70471166759732,-0.562151484912985,-9.116037431862063,-0.6068509224566087,-1.63477276415575,9.837707906472806,-0.025563975140003827,0.027870363361168195,-0.12980886311707826,38.58600673892639,19.159766346266508,-73.5
1772913278.7113912,53.272869040331194,-0.5401515014071703,-9.110026029350175,-0.6241167474757823,-1.6566827573946783,9.80502352028882,-0.00023636380794341002,0.007937849667290978,-0.09926560120717749,38.58600673892639,19.159766346266508,-73.5
1772913278.7505114,53.02175900199477,-0.5640405779135178,-9.103016464380088,-0.5725427731374122,-1.5043570210599466,9.69964463370891,0.012940119258359877,-0.006660151145046909,-0.12435470920459599,40.09244922511743,20.776381184686155,-75.0625
1772913278.7952085,53.02175900199477,-0.5640405779135178,-9.103016464380088,-0.5725427731374122,-1.5043570210599466,9.69964463370891,0.012940119258359877,-0.006660151145046909,-0.12435470920459599,40.09244922511743,20.776381184686155,-75.0625
1772913278.8305922,52.6340472252379,-0.5831748281673207,-9.093134713545098,-0.5382208693342692,-1.4029859451191506,9.713143954532258,0.01271973536417097,0.0057752806699171415,-0.09272061651219876,40.09244922511743,20.776381184686155,-75.0625
1772913278.8727243,52.331146679654715,-0.5916685924144458,-9.089599434035003,-0.54751955096451,-1.4757677358831802,9.68867648466971,-0.002303053322790227,0.021967243381215026,-0.07853981633974483,38.86273535231694,20.250200330756602,-74.6875
1772913278.912699,52.331146679654715,-0.5916685924144458,-9.089599434035003,-0.54751955096451,-1.4757677358831802,9.68867648466971,-0.002303053322790227,0.021967243381215026,-0.07853981633974483,38.86273535231694,20.250200330756602,-74.6875
1772913278.9682133,51.92683427733003,-0.5497093324838781,-9.072946633497917,-0.5912640571939786,-1.5905975050376744,9.67239365679573,0.007449142137649655,0.011614480994852298,-0.10362892433716332,38.86273535231694,20.250200330756602,-74.6875
1772913278.9934952,51.92683427733003,-0.5497093324838781,-9.072946633497917,-0.5912640571939786,-1.5905975050376744,9.67239365679573,0.007449142137649655,0.011614480994852298,-0.10362892433716332,38.86273535231694,20.250200330756602,-74.6875
1772913279.0311038,51.50453274326529,-0.5263534717267485,-9.042398382256138,-0.6009215454977943,-1.6719524370075693,9.661557616736703,0.016444306432995798,0.01158252116734329,-0.09053895494720585,40.75699438574225,20.091884304130716,-76.6875
1772913279.070001,51.15371786477615,-0.5207810786083513,-9.027803732064921,-0.5876004827621738,-1.6482772677044275,9.6510012414166,0.012231027834529647,0.017153397856826028,-0.13199052468207118,40.75699438574225,20.091884304130716,-76.6875
1772913279.1196837,50.77242536498934,-0.4992204975323729,-8.976227245824346,-0.5722508003397252,-1.6341673747788727,9.684117432051341,0.02701745271354743,0.008899284812819123,-0.09272061651219876,42.15032669925738,19.73828663146502,-77.5
1772913279.1675663,50.45605703866623,-0.48533238095758235,-8.983519182491976,-0.5735554325917881,-1.670170046500147,9.706155886986673,-0.005522936948219228,0.009279467844553062,-0.12435470920459599,42.15032669925738,19.73828663146502,-77.5
1772913279.197172,50.24941903307811,-0.5068540874178628,-8.961125813472295,-0.5744236507818388,-1.69412942235446,9.734202679389742,0.016144022970034373,0.001530042243941983,-0.12435470920459599,42.65400016401291,20.70664570272999,-77.0625
1772913279.222353,50.002554255078834,-0.5358647861187953,-8.957759401458697,-0.5710730583970679,-1.5178066874114862,9.762902841552743,-0.002098649342355824,0.005034229418577904,-0.1265363707695889,42.65400016401291,20.70664570272999,-77.0625
1772913279.26829,49.81009284620181,-0.5650923731708857,-8.974332551361893,-0.5104813007923444,-1.4152768869513912,9.771967143748444,0.0010892744555641703,0.008726840659893726,-0.13853550937704992,42.03466085733806,21.31518910562539,-78.25
1772913279.287523,49.60960412325211,-0.5896782794010563,-8.94549853576883,-0.5493360037932442,-1.4822525490325276,9.660920425848614,0.0008369307338662567,0.012167108179511632,-0.10690141668465268,42.03466085733806,21.31518910562539,-78.25
1772913279.323119,49.339356563884934,-0.5966377882119811,-8.927370379360172,-0.5751933746048712,-1.5268241039803563,9.587020075559396,0.018795299497049535,0.003108024229147478,-0.13199052468207118,42.03466085733806,21.31518910562539,-78.25
1772913279.351199,49.339356563884934,-0.5966377882119811,-8.927370379360172,-0.5751933746048712,-1.5268241039803563,9.587020075559396,0.018795299497049535,0.003108024229147478,-0.13199052468207118,42.03466085733806,21.31518910562539,-78.25
1772913279.3870876,49.13362242366951,-0.6283031044310017,-8.92742817503912,-0.567716149383505,-1.459216016232531,9.537840217962923,-0.008426557196932302,0.011141753378965476,-0.1265363707695889,43.18567450763316,21.023086680379812,-78.6875
1772913279.4112432,48.85327496036578,-0.6299391850203195,-8.905296838975044,-0.5359296461602737,-1.4037717663419003,9.521837130644075,0.020657585031461947,0.006011644477860551,-0.1090830782496456,43.18567450763316,21.023086680379812,-78.6875
1772913279.446468,48.85327496036578,-0.6299391850203195,-8.905296838975044,-0.5359296461602737,-1.4037717663419003,9.521837130644075,0.020657585031461947,0.006011644477860551,-0.1090830782496456,43.18567450763316,21.023086680379812,-78.6875
1772913279.473078,48.53252597011859,-0.6395781712329349,-8.861467347160527,-0.4441942801161122,-1.4095562278287124,9.567657003831044,0.021146292561103272,-0.0053664727090483345,-0.020725784867432664,43.02297164853364,22.160557682050115,-79.5
1772913279.5017648,48.53252597011859,-0.6395781712329349,-8.861467347160527,-0.4441942801161122,-1.4095562278287124,9.567657003831044,0.021146292561103272,-0.0053664727090483345,-0.020725784867432664,43.02297164853364,22.160557682050115,-79.5
1772913279.5306475,48.45668776586083,-0.6407537730646501,-8.841638800105091,-0.424693244785327,-1.419505722423127,9.658758778320166,0.027221856693981836,-0.008033729149817998,-0.044724062082354694,43.02297164853364,22.160557682050115,-79.5
1772913279.5444438,48.45668776586083,-0.6407537730646501,-8.841638800105091,-0.424693244785327,-1.419505722423127,9.658758778320166,0.027221856693981836,-0.008033729149817998,-0.044724062082354694,43.02297164853364,22.160557682050115,-79.5
1772913279.5603645,48.3586145027875,-0.6327129204214612,-8.839939737576433,-0.39443601195800554,-1.3580380281644737,9.719385991569174,0.010573146280551636,-0.0026832363545241673,-0.044724062082354694,45.07005321889414,22.35034583839923,-81.5
1772913279.5784445,48.3586145027875,-0.6327129204214612,-8.839939737576433,-0.39443601195800554,-1.3580380281644737,9.719385991569174,0.010573146280551636,-0.0026832363545241673,-0.044724062082354694,45.07005321889414,22.35034583839923,-81.5
1772913279.5989149,48.230387371940935,-0.6115205253023066,-8.795614878362507,-0.4067234813964312,-1.3089036253908934,9.71624627254089,0.018038268331955796,0.0134288267880012,-0.044724062082354694,45.07005321889414,22.35034583839923,-81.5
1772913279.617767,48.230387371940935,-0.6115205253023066,-8.795614878362507,-0.4067234813964312,-1.3089036253908934,9.71624627254089,0.018038268331955796,0.0134288267880012,-0.044724062082354694,45.07005321889414,22.35034583839923,-81.5
1772913279.6362488,48.16987010082216,-0.6090537072872332,-8.766210590390267,-0.4173691567127508,-1.2859322251791894,9.714156824600526,0.025139187265380513,0.001498082416432977,-0.030543261909900768,46.27981537176401,21.527484651148523,-80.6875
1772913279.6616914,48.028987189043995,-0.5765817368082647,-8.755888647871389,-0.4998502043501478,-1.2549621675023728,9.762942995946666,0.0023989328053172472,0.005018249504823401,-0.0916297857297023,46.27981537176401,21.527484651148523,-80.6875
1772913279.6793375,48.028987189043995,-0.5765817368082647,-8.755888647871389,-0.4998502043501478,-1.2549621675023728,9.762942995946666,0.0023989328053172472,0.005018249504823401,-0.0916297857297023,46.27981537176401,21.527484651148523,-80.6875
1772913279.694901,47.841670772184315,-0.5957028365359921,-8.77401608466761,-0.5547404201791624,-1.2343519400766638,9.79540964800028,-0.006848575211726808,0.008490476851950316,-0.1090830782496456,46.27981537176401,21.527484651148523,-80.6875
1772913279.71214,47.66228854380344,-0.5962299799679082,-8.740882891436446,-0.48102995802494297,-1.248612416160359,9.723352714460752,0.018574915602860627,0.015543456044111526,-0.11126473981463851,46.556543985154555,22.617918635638617,-81.5
1772913279.7375712,47.66228854380344,-0.5962299799679082,-8.740882891436446,-0.48102995802494297,-1.248612416160359,9.723352714460752,0.018574915602860627,0.015543456044111526,-0.11126473981463851,46.556543985154555,22.617918635638617,-81.5
1772913279.7564986,47.48287809420302,-0.5943045884083634,-8.738848196612258,-0.42457096386589993,-1.2289216157934886,9.675399630118884,0.013540686184282722,0.013444806701755702,-0.13199052468207118,46.556543985154555,22.617918635638617,-81.5
1772913279.7770536,47.357063173500386,-0.600292412619494,-8.743701341466684,-0.477783429632145,-1.1927782592359593,9.75722118620928,-0.0002683236354524167,-0.0010573146280551636,-0.10362892433716332,46.556543985154555,22.617918635638617,-81.5
1772913279.7908332,47.357063173500386,-0.600292412619494,-8.743701341466684,-0.477783429632145,-1.1927782592359593,9.75722118620928,-0.0002683236354524167,-0.0010573146280551636,-0.10362892433716332,46.556543985154555,22.617918635638617,-81.5
1772913279.8275452,47.15778201176135,-0.6204551562064259,-8.762157838420919,-0.5707941033624642,-1.395688498421668,9.81167251778077,-0.016616750585921193,0.014345657090639972,-0.12871803233458182,45.96886788380488,23.605313845219083,-83.5
1772913279.8490832,46.822190737231914,-0.638701155162706,-8.731315341661448,-0.629449335743731,-1.531545829832226,9.857944605802327,0.014882304361544807,0.01873137984203152,-0.1189005552921137,45.96886788380488,23.605313845219083,-83.5
1772913279.8818665,46.62936757542911,-0.6665783702974948,-8.721793309645394,-0.6279300860273845,-1.6253467089425055,9.861977269829026,0.021162272474857774,-0.0008688905613752639,-0.11235557059713497,46.92551546967528,24.071830614958746,-82.25
1772913279.9464283,46.45209565564888,-0.6932324112291917,-8.71219323447093,-0.651016016189325,-1.619534163704394,9.864660962690985,0.010020519095892298,-0.009295447758307566,-0.06654067773228381,46.92551546967528,24.071830614958746,-82.25
1772913279.9606965,46.27313029735773,-0.6992845447679542,-8.682419737112763,-0.668602928668055,-1.556432166524754,9.866446930311806,0.029620789499299083,-0.0030154796449945974,-0.07308566242726255,46.8387660882358,25.25450747057902,-83.75
1772913279.9735625,46.18460640524892,-0.6893689365585551,-8.69663635972397,-0.680306822463965,-1.5144384922971987,9.984714381569075,-0.02052974572142592,0.029969012703524017,-0.08726646259971647,46.8387660882358,25.25450747057902,-83.75
1772913279.9892998,46.18460640524892,-0.6893689365585551,-8.69663635972397,-0.680306822463965,-1.5144384922971987,9.984714381569075,-0.02052974572142592,0.029969012703524017,-0.08726646259971647,46.8387660882358,25.25450747057902,-83.75
1772913280.0200305,46.022659631890676,-0.7112550448894596,-8.692951525021524,-0.6244046253969002,-1.3715118945020506,10.063420049246792,-0.0016099418127145004,-0.006343887768330982,-0.10471975511965978,46.8387660882358,25.25450747057902,-83.75
1772913280.060497,45.90736602859571,-0.6816820033515767,-8.7024468208516,-0.6160505273742395,-1.4036696217217757,9.928471536276511,0.005398432536557342,0.030141456856449415,-0.061086523819801536,47.9952732282216,26.508559895783755,-85.375
1772913280.0943284,45.736052299684076,-0.6608384110877422,-8.690093575684765,-0.6104909684615484,-1.4250702299611522,9.838664808368453,0.00827009295776141,0.01928400702669086,-0.1090830782496456,47.9952732282216,26.508559895783755,-85.375
1772913280.1573985,45.07306923388462,-0.6607426547269885,-8.689664797274643,-0.6042309452039978,-1.4212055745421166,9.765887138893353,0.015386991804940632,0.011850844802795706,-0.10471975511965978,47.75570130984692,27.34313256842903,-83.75
1772913280.2160714,44.72869025942337,-0.6739066576982718,-8.696532782715082,-0.5733461735310712,-1.4165613919805113,9.63680358029174,-0.001309658349753077,0.0037085911550703244,-0.11235557059713497,47.269232820176654,26.95073811311917,-85.375
1772913280.24566,44.56581706698975,-0.6835965229525411,-8.68573837254698,-0.5388045268861545,-1.3583510965524108,9.69808482912225,0.027269796435245346,0.005459017293201214,-0.14180800172453928,47.269232820176654,26.95073811311917,-85.375
1772913280.259475,44.453101478410105,-0.689474657922815,-8.67550945681237,-0.5421481313269003,-1.4233674188432437,9.73886681566255,0.02302455800927019,0.0020347296873378107,-0.09599310885968812,47.269232820176654,26.95073811311917,-85.375
1772913280.278267,44.453101478410105,-0.689474657922815,-8.67550945681237,-0.5421481313269003,-1.4233674188432437,9.73886681566255,0.02302455800927019,0.0020347296873378107,-0.09599310885968812,47.269232820176654,26.95073811311917,-85.375
1772913280.300511,44.23768382938973,-0.7058178468931966,-8.674265821333075,-0.49273074202304384,-1.3175367871203338,9.76600677214048,-0.00047272761588682005,0.015875699334581956,-0.13744467859455345,48.702468573553,29.295224522814,-85.25
1772913280.340448,44.0510907048029,-0.6879196430796305,-8.687210559606111,-0.5439098620679712,-1.3879776129583241,9.737236546100894,-0.008710860746139222,0.005586856603237242,-0.10253809355466686,48.702468573553,29.295224522814,-85.25
1772913280.363689,43.738104035882216,-0.7021417652237424,-8.687870455968621,-0.5711903093848711,-1.3537478923895205,9.71809028205603,0.011109793551456469,-0.0005686070984138401,-0.136353847812057,48.5551395263085,30.493275190289307,-86.0625
1772913280.4042969,43.59787211475397,-0.712829257629918,-8.687449021978793,-0.589345142331704,-1.3309683957220146,9.735454662577832,0.010873429743513059,0.007369242568877138,-0.13308135546456762,48.5551395263085,30.493275190289307,-86.0625
1772913280.4303496,43.24766111203112,-0.729314362374774,-8.703676967091496,-0.5787306569323493,-1.3215687323719476,9.747010463842251,-0.024506660511948664,0.027602039725715777,-0.12217304763960307,48.801120515988984,31.46254984316939,-84.875
1772913280.4482887,43.1042649982455,-0.7435851342986988,-8.69657233295087,-0.5207593682291214,-1.3730975211488459,9.754700720496963,0.012735715277925474,0.010272862817590213,-0.1308996938995747,48.801120515988984,31.46254984316939,-84.875
1772913280.4671986,43.1042649982455,-0.7435851342986988,-8.69657233295087,-0.5207593682291214,-1.3730975211488459,9.754700720496963,0.012735715277925474,0.010272862817590213,-0.1308996938995747,48.801120515988984,31.46254984316939,-84.875
1772913280.4818375,42.94317937533932,-0.7306386319023399,-8.69771540073001,-0.5178457750573775,-1.3983381816936449,9.746438053565601,0.001153194110582184,0.026717169250586013,-0.1461713248545251,48.801120515988984,31.46254984316939,-84.875
1772913280.4986172,42.94317937533932,-0.7306386319023399,-8.69771540073001,-0.5178457750573775,-1.3983381816936449,9.746438053565601,0.001153194110582184,0.026717169250586013,-0.1461713248545251,48.801120515988984,31.46254984316939,-84.875
1772913280.537855,42.65373430842285,-0.6433962462354024,-8.676215534785726,-0.5052099707998938,-1.3729852434731136,9.740939341022818,0.03072604386861776,0.010208943162572199,-0.13308135546456762,49.57786026767461,32.49057299862425,-85.25
1772913280.574856,42.18866993913711,-0.5941107498811811,-8.668118025987928,-0.49680098421772045,-1.3561131462982265,9.73728000925024,0.005146088814859427,0.033581724376067316,-0.13962634015954636,49.57786026767461,32.49057299862425,-85.25
1772913280.5971534,42.00472609086075,-0.5667852516873468,-8.68490558857823,-0.518838224834668,-1.3585791088172494,9.741534988247642,0.0008529106476207598,0.016664690327184702,-0.10799224746714914,48.68820141891502,33.812529742554915,-85.25
1772913280.631122,41.794960430794056,-0.5327736505537041,-8.673172148769272,-0.5043227743925252,-1.3676256843222765,9.744366629239183,0.0024149127190717505,0.009515831652496472,-0.12544553998709243,48.68820141891502,33.812529742554915,-85.25
1772913280.647938,41.794960430794056,-0.5327736505537041,-8.673172148769272,-0.5043227743925252,-1.3676256843222765,9.744366629239183,0.0024149127190717505,0.009515831652496472,-0.12544553998709243,48.68820141891502,33.812529742554915,-85.25
1772913280.671437,41.67705184931377,-0.5515787387778643,-8.654125235732426,-0.5401535592458357,-1.3897107285153605,9.746251054687551,0.0,0.0,-0.11235557059713497,48.68820141891502,33.812529742554915,-85.25
1772913280.6956344,41.49206146856868,-0.556783105536849,-8.624567469129259,-0.4816763806170541,-1.2976071373420677,9.670567549504682,0.013224422807566796,-0.0011052543693186737,-0.08617563181722002,50.361924672281155,35.58013595467952,-86.875
1772913280.7629828,40.96358376137889,-0.5328030532424276,-8.683722107769269,-0.5242228250144948,-1.5280705618265402,9.62455058702761,-0.0015140623301874805,0.020641605117707445,-0.136353847812057,50.27517529084167,36.7628128102998,-86.5
1772913280.7996216,40.700283255389195,-0.5370863202983425,-8.68185547792731,-0.5196218543571922,-1.5809816481785182,9.626373476540806,-0.008126273733970879,0.021194232302366785,-0.1090830782496456,50.27517529084167,36.7628128102998,-86.5
1772913280.822973,40.55472902249932,-0.5606149652358364,-8.687990060423866,-0.5009261159021614,-1.5545890773000122,9.661037706222022,-0.008426557196932302,0.011141753378965476,-0.12762720155208535,50.27517529084167,36.7628128102998,-86.5
1772913280.843072,40.55472902249932,-0.5606149652358364,-8.687990060423866,-0.5009261159021614,-1.5545890773000122,9.661037706222022,-0.008426557196932302,0.011141753378965476,-0.12762720155208535,50.27517529084167,36.7628128102998,-86.5
1772913280.870895,40.1905649482477,-0.556721360619244,-8.701286006379602,-0.4917266427943782,-1.5362022823163426,9.684106363850054,0.004829825438143501,0.019031663304992945,-0.14835298641951802,50.035603372466994,37.59738548294507,-86.5
1772913280.8879693,40.05642580318964,-0.5669173624715231,-8.700500884863317,-0.5065081416585527,-1.4703450889196872,9.629210951954011,0.003235863539183504,0.017185357684335035,-0.11999138607461016,50.035603372466994,37.59738548294507,-86.5
1772913280.918529,40.05642580318964,-0.5669173624715231,-8.700500884863317,-0.5065081416585527,-1.4703450889196872,9.629210951954011,0.003235863539183504,0.017185357684335035,-0.11999138607461016,50.035603372466994,37.59738548294507,-86.5
1772913280.9355285,39.79903706987686,-0.564590214104852,-8.696326986643689,-0.5163450640324995,-1.4265178623872665,9.592678668559126,0.007196798415951742,0.015054748514470202,-0.10253809355466686,49.72282472127764,39.15982972686553,-85.6875
1772913280.9517367,39.58699797151642,-0.5806073051693185,-8.710737356018262,-0.522891425986738,-1.3973513327121398,9.551641283515577,-0.01262385588164395,0.021210212216121283,-0.13962634015954636,49.72282472127764,39.15982972686553,-85.6875
1772913280.9816897,39.472106131847,-0.5956343731620016,-8.713587961410145,-0.5378467901593345,-1.3925073251928966,9.507605803650126,-0.0007730110788482436,0.005823220411180651,-0.10471975511965978,49.72282472127764,39.15982972686553,-85.6875
1772913281.0304189,39.040117135492586,-0.6097419941689441,-8.686171680705295,-0.5477994179538332,-1.3892836922999499,9.478300683708209,0.009816115115457895,0.007637566204329554,-0.11453723216212788,48.71750003059874,42.058688944956565,-85.25
1772913281.070434,38.843816067098004,-0.6277662960608837,-8.678645103490155,-0.5307566120684499,-1.348279420317023,9.555806693258766,-0.006043604305369558,0.011662420736115805,-0.11453723216212788,48.71750003059874,42.058688944956565,-85.25
1772913281.1022666,38.843816067098004,-0.6277662960608837,-8.678645103490155,-0.5307566120684499,-1.348279420317023,9.555806693258766,-0.006043604305369558,0.011662420736115805,-0.11453723216212788,48.71750003059874,42.058688944956565,-85.25
1772913281.141664,38.283250574653344,-0.5574088873705517,-8.682421562154282,-0.5118669759675377,-1.3028317527469424,9.641711580393547,-0.013460786615510208,0.009043104036609653,-0.12762720155208535,49.56836209671416,42.61653300421129,-85.6875
1772913281.1782846,38.283250574653344,-0.5574088873705517,-8.682421562154282,-0.5118669759675377,-1.3028317527469424,9.641711580393547,-0.013460786615510208,0.009043104036609653,-0.12762720155208535,49.56836209671416,42.61653300421129,-85.6875
1772913281.1990068,38.08481586605157,-0.5472678607414507,-8.668814876377713,-0.5381116610758592,-1.413955235856309,9.647829261046938,-0.006311927940821975,0.010605106108060642,-0.12326387842209953,49.363200128510016,44.60303490876679,-84.5625
1772913281.226792,37.86740059553478,-0.5354805009403673,-8.66211640098131,-0.584758193743719,-1.4805011675397266,9.661935844304757,0.0037725108100883373,0.019299986940445362,-0.09381144729469522,49.363200128510016,44.60303490876679,-84.5625
1772913281.2459204,37.749686768656325,-0.5539094006382049,-8.673622743941284,-0.6058779299334932,-1.4720865959966047,9.671323617881976,-0.024838903802419092,0.008554396506968329,-0.11562806294462433,49.363200128510016,44.60303490876679,-84.5625
1772913281.2595685,37.749686768656325,-0.5539094006382049,-8.673622743941284,-0.6058779299334932,-1.4720865959966047,9.671323617881976,-0.024838903802419092,0.008554396506968329,-0.11562806294462433,49.363200128510016,44.60303490876679,-84.5625
1772913281.2859197,37.48763717659883,-0.5737966645508527,-8.672585845005402,-0.6199328784448763,-1.4664867926315803,9.680916188036633,-0.005506957034464725,0.013777049992226132,-0.11344640137963143,48.119943607084736,44.53165933918233,-84.5625
1772913281.3356423,37.20518123996563,-0.5729604076974578,-8.652468034427038,-0.6164639724127383,-1.5074280071320514,9.77761795241615,0.009247508017044055,-0.003472227347126914,-0.09599310885968812,48.119943607084736,44.53165933918233,-84.5625
1772913281.3629003,37.20518123996563,-0.5729604076974578,-8.652468034427038,-0.6164639724127383,-1.5074280071320514,9.77761795241615,0.009247508017044055,-0.003472227347126914,-0.09599310885968812,48.119943607084736,44.53165933918233,-84.5625
1772913281.3978348,36.874449558200986,-0.5979978827308835,-8.651082098560376,-0.6076707902206556,-1.5363195958154992,9.751653880283609,0.003976914790522741,0.002366972977808241,-0.11235557059713497,48.27642847048038,45.91053342245754,-84.5625
1772913281.418449,36.55001382542329,-0.5380993589353132,-8.663326539371097,-0.5902013441321396,-1.4825696538103683,9.764481085682966,0.015639335526638546,0.008410577283177798,-0.15489797111449674,48.27642847048038,45.91053342245754,-84.5625
1772913281.4510374,36.19912668710838,-0.5452474699580924,-8.6367890550887,-0.5671539555986681,-1.4289913436751214,9.773017447586966,0.02094188858066887,0.011566541253588785,-0.12980886311707826,48.01068683647123,47.912409138868064,-82.5625
1772913281.498412,36.19912668710838,-0.5452474699580924,-8.6367890550887,-0.5671539555986681,-1.4289913436751214,9.773017447586966,0.02094188858066887,0.011566541253588785,-0.12980886311707826,48.01068683647123,47.912409138868064,-82.5625
1772913281.5433064,35.861980171923626,-0.5681677956141623,-8.657362182828825,-0.4999388641625283,-1.406500919002786,9.778698301076666,0.004781885696879992,0.005538916861973732,-0.11999138607461016,48.01068683647123,47.912409138868064,-82.5625
1772913281.5705159,35.4435084478788,-0.5552868938708543,-8.634776876572023,-0.455207971653546,-1.3915337926178517,9.822620186102602,0.001641901640223507,0.015339052063677123,-0.11671889372712078,46.756634411266496,49.06891627885386,-81.6875
1772913281.638434,34.69533184951,-0.45559851011662483,-8.652292485746946,-0.48796521117312236,-1.3967661490009595,9.79832792263065,0.0008529106476207598,0.016664690327184702,-0.12980886311707826,46.5622683468418,49.8275354738391,-80.875
1772913281.7123077,34.447828651738604,-0.42153340612330037,-8.666060150458136,-0.5130561237044916,-1.4132175516804957,9.782161692652428,-0.002066689514846817,0.014029393713924048,-0.09926560120717749,46.5622683468418,49.8275354738391,-80.875
1772913281.7977626,34.141713140703686,-0.4418521566118816,-8.671281009090826,-0.526462510156827,-1.4111964484336892,9.771403247190543,-0.002066689514846817,0.014029393713924048,-0.09926560120717749,45.474581107197054,50.8773415124548,-79.5
1772913281.812153,34.141713140703686,-0.4418521566118816,-8.671281009090826,-0.526462510156827,-1.4111964484336892,9.771403247190543,-0.002066689514846817,0.014029393713924048,-0.09926560120717749,45.474581107197054,50.8773415124548,-79.5
1772913281.8902404,33.726148264787014,-0.4270591274664429,-8.687376624542098,-0.5666519983393186,-1.533060042380512,9.774278957037327,0.0011372141968276801,0.022219587102912938,-0.14289883250703572,45.474581107197054,50.8773415124548,-79.5
1772913281.9920976,32.80533514122676,-0.3739204673831914,-8.61442002141379,-0.542381952700559,-1.4131343195312411,9.776192709816577,0.01776994469650338,0.012371512159946035,-0.09490227807719166,42.935728633077524,53.069196460816386,-77.5
1772913282.037284,32.35419206104559,-0.4364605596775477,-8.617979151585297,-0.4646262006519534,-1.3489589345119595,9.7172542801814,0.006880535039235815,0.0005046874433958268,-0.12435470920459599,42.935728633077524,53.069196460816386,-77.5
1772913282.1067376,32.35419206104559,-0.4364605596775477,-8.617979151585297,-0.4646262006519534,-1.3489589345119595,9.7172542801814,0.006880535039235815,0.0005046874433958268,-0.12435470920459599,42.935728633077524,53.069196460816386,-77.5
1772913282.1662269,31.93472506807928,-0.45694590153736886,-8.588660603075324,-0.4128806162522693,-1.3062509326676508,9.67803141364459,0.005570876689482738,0.004213278598466151,-0.09272061651219876,42.33634104633328,55.02678190489205,-76.25
1772913282.192488,31.483672560102104,-0.4363833141088153,-8.571551068586091,-0.37844450787033185,-1.2778292345199036,9.692070374600302,0.016191962711297882,0.015022788686961198,-0.08617563181722002,42.33634104633328,55.02678190489205,-76.25
1772913282.2377787,31.202980383482757,-0.46221655550578183,-8.594925674964431,-0.44254181361902595,-1.3162090359842402,9.701413146290859,-0.015575415871620535,0.009579751307514485,-0.11126473981463851,41.210581530057546,53.89388881129733,-74.0
1772913282.2562997,30.96683653904464,-0.45622606008678956,-8.61432100311784,-0.48118169226812174,-1.3531230288718696,9.731046438436563,0.0042771982534841645,0.012419451901209548,-0.15271630954950383,41.210581530057546,53.89388881129733,-74.0
1772913282.2874866,30.96683653904464,-0.45622606008678956,-8.61432100311784,-0.48118169226812174,-1.3531230288718696,9.731046438436563,0.0042771982534841645,0.012419451901209548,-0.15271630954950383,41.210581530057546,53.89388881129733,-74.0
1772913282.3056378,30.72244793154827,-0.42770804113719735,-8.616797605745973,-0.5598412634074189,-1.436726677778427,9.750767063333965,-0.004717966041861978,0.012451411728718553,-0.10035643198967395,40.98455226030767,54.273656199597504,-73.1875
1772913282.35766,30.448888180815665,-0.39074628995563354,-8.645410652437507,-0.6294678409711597,-1.560452943979889,9.787306700860608,-0.004701986128107474,0.016948993876391625,-0.1341721862470641,40.98455226030767,54.273656199597504,-73.1875
1772913282.3810658,30.212815436644984,-0.38791760986026985,-8.620978470048616,-0.6585240389044734,-1.5747024202559095,9.811623421460093,0.017533580888559965,0.020309361827237013,-0.13199052468207118,40.98455226030767,54.273656199597504,-73.1875
1772913282.427256,29.928759622710885,-0.3703104348437196,-8.60380333100113,-0.5954404412285768,-1.4498000224744663,9.827805927383482,0.013020018827132393,0.01582775959331845,-0.13199052468207118,39.986361146947765,54.913862807818084,-72.0
1772913282.4786003,29.560098765392016,-0.3694104491345672,-8.599017177026342,-0.5502166796762699,-1.3675017058904781,9.801778975524549,0.017485641147296456,0.006816615384217801,-0.11453723216212788,39.986361146947765,54.913862807818084,-72.0
1772913282.51964,29.315346147255003,-0.3734337795614514,-8.5393621467264,-0.5039091116009417,-1.3168472649780587,9.74766210102202,0.020877968925650855,-0.006423787337103498,-0.06981317007977318,38.20776795544176,53.4952763602836,-70.75
1772913282.5363176,29.239882345620398,-0.37387190598311354,-8.552067289166384,-0.4788517795547478,-1.305833624320724,9.711647925565684,-0.03246049009299414,0.022868093770099296,-0.07744898555724837,38.20776795544176,53.4952763602836,-70.75
1772913282.5601783,29.239882345620398,-0.37387190598311354,-8.552067289166384,-0.4788517795547478,-1.305833624320724,9.711647925565684,-0.03246049009299414,0.022868093770099296,-0.07744898555724837,38.20776795544176,53.4952763602836,-70.75
1772913282.594627,28.98469261283818,-0.3747547061940783,-8.559293388585443,-0.5052475618604971,-1.3186339846223691,9.717786899470067,0.005538916861973732,-0.004781885696879992,-0.08835729338221293,37.79999968827688,53.92116518414887,-70.0
1772913282.6618419,28.65989001411089,-0.3689832693452004,-8.538935427364011,-0.6084271613707647,-1.4469227507472304,9.745288099977838,-0.014502121329810868,0.01380900981973514,-0.09381144729469522,37.79999968827688,53.92116518414887,-70.0
1772913282.702749,28.366235838843604,-0.3948739712971726,-8.546637444515818,-0.643355842830514,-1.3993618799766672,9.76358984170722,-0.013965474058906033,0.015923639075845465,-0.11562806294462433,37.69696091336724,54.78556989888909,-67.5625
1772913282.7225528,28.11219506791494,-0.41132654606610913,-8.552348889911439,-0.65329836396361,-1.5056812737749372,9.745663441018399,0.0018942453619214203,0.011898784544059215,-0.13199052468207118,37.69696091336724,54.78556989888909,-67.5625
1772913282.77159,28.11219506791494,-0.41132654606610913,-8.552348889911439,-0.65329836396361,-1.5056812737749372,9.745663441018399,0.0018942453619214203,0.011898784544059215,-0.13199052468207118,37.69696091336724,54.78556989888909,-67.5625
1772913282.8018348,27.848835783276577,-0.3907447408963263,-8.558636290944444,-0.6108389887978091,-1.4646486944099315,9.686902057708533,0.0018782654481669173,0.007401202396386145,-0.10471975511965978,37.241240047407025,54.51433477518924,-68.0625
1772913282.8426652,27.572086579651728,-0.4008546293723259,-8.546264275236656,-0.5825827489272668,-1.437341971206465,9.677903018889353,0.020673564945216452,0.010509226625533623,-0.10471975511965978,37.241240047407025,54.51433477518924,-68.0625
1772913282.8668118,27.260507357719774,-0.36171542015002744,-8.551267434865911,-0.5555501980527202,-1.3867463320610722,9.655188700544443,0.0037725108100883373,0.019299986940445362,-0.14726215563702155,36.632696644511626,53.89499546851439,-66.5
1772913282.8928747,27.042365450737506,-0.35338770745591125,-8.556219675843762,-0.49700668577488716,-1.3564648420825196,9.640072575421467,0.02304053792302469,0.006532311835010881,-0.13744467859455345,36.632696644511626,53.89499546851439,-66.5
1772913282.9420962,26.819003602831312,-0.364343576986723,-8.531157769203626,-0.5034392801732711,-1.3247931743311852,9.630012963010307,-0.0015620020714509904,0.0071488586746882325,-0.07417649320975901,35.510599454696354,53.79287227521987,-66.5
1772913282.9924746,26.65359715751909,-0.347168660769359,-8.549562502776373,-0.5159974423366657,-1.3499315149721403,9.566451504299485,0.02570779436379436,0.012607875967889448,-0.10581058590215622,35.510599454696354,53.79287227521987,-66.5
1772913283.022947,26.51675947399529,-0.32864950672873217,-8.545818014051452,-0.5275970909614986,-1.365837965966673,9.614470079653072,0.010148358405928325,0.026685209423077005,-0.0818123086872342,34.42565895989696,55.615755739060724,-67.25
1772913283.0450196,26.51675947399529,-0.32864950672873217,-8.545818014051452,-0.5275970909614986,-1.365837965966673,9.614470079653072,0.010148358405928325,0.026685209423077005,-0.0818123086872342,34.42565895989696,55.615755739060724,-67.25
1772913283.0650957,26.309396666947343,-0.34414913220636184,-8.545391153637905,-0.5197316872304295,-1.3286113854708361,9.582868782709184,-0.011077833723947463,0.009563771393759983,-0.0916297857297023,34.42565895989696,55.615755739060724,-67.25
1772913283.0962052,26.309396666947343,-0.34414913220636184,-8.545391153637905,-0.5197316872304295,-1.3286113854708361,9.582868782709184,-0.011077833723947463,0.009563771393759983,-0.0916297857297023,34.42565895989696,55.615755739060724,-67.25
1772913283.1461089,25.895778285134554,-0.3006885620904337,-8.584009783445653,-0.5177396808986768,-1.3030146781106502,9.561838472602643,0.0008209508201117536,0.007669526031838562,-0.1265363707695889,33.88757554497089,53.49546743588554,-64.0625
1772913283.2050478,25.509486369296173,-0.32729119181902666,-8.589455707002895,-0.5229966940439297,-1.3119190112080594,9.547843036150697,-0.005002269591068898,0.006896514952990318,-0.11562806294462433,33.88757554497089,53.49546743588554,-64.0625
1772913283.2270813,25.509486369296173,-0.32729119181902666,-8.589455707002895,-0.5229966940439297,-1.3119190112080594,9.547843036150697,-0.005002269591068898,0.006896514952990318,-0.11562806294462433,33.88757554497089,53.49546743588554,-64.0625
1772913283.271792,25.191053384470987,-0.3398776353933105,-8.599526704345013,-0.5598393384742916,-1.340443062210216,9.548564564653153,0.004309158080993171,0.021414616196555686,-0.12980886311707826,34.25105353980093,53.403224564755355,-64.0625
1772913283.305534,24.929166050117576,-0.33973226824338504,-8.591465941837527,-0.6291235349983366,-1.3998321404683978,9.736370989421422,0.009059083950364156,0.017958368763183276,-0.14289883250703572,34.25105353980093,53.403224564755355,-64.0625
1772913283.3424962,24.53761832681946,-0.2645119337757801,-8.612985725779303,-0.6657494156854087,-1.5107842195157524,9.827902950096284,-0.004954329849805388,0.020389261396009533,-0.1189005552921137,33.50780815667071,53.269438166135664,-63.25
1772913283.3741984,24.257143135207187,-0.19198089125547643,-8.646267146800735,-0.673666852377596,-1.5197749489266916,9.888816447446409,0.004056814359295257,0.024854883716173597,-0.13962634015954636,33.50780815667071,53.269438166135664,-63.25
1772913283.4133806,24.257143135207187,-0.19198089125547643,-8.646267146800735,-0.673666852377596,-1.5197749489266916,9.888816447446409,0.004056814359295257,0.024854883716173597,-0.13962634015954636,33.50780815667071,53.269438166135664,-63.25
1772913283.4474983,23.880838704451484,-0.11363249827289679,-8.675492370490382,-0.6945696619314896,-1.5873624867068286,9.919318364362608,-0.0017664060518853936,0.024081872637325353,-0.13962634015954636,33.41556528554053,52.90596017130564,-63.0
1772913283.481851,23.70357705495812,-0.1160940731861659,-8.664312048113949,-0.7083822410609721,-1.6047569144088696,9.939617049341601,0.0008529106476207598,0.016664690327184702,-0.09272061651219876,33.41556528554053,52.90596017130564,-63.0
1772913283.5261822,23.280385465015485,-0.0925143490084661,-8.696831744749458,-0.7337860181198095,-1.6122185422942976,9.973196267687868,0.0232769017309681,-0.0014055378322800974,-0.12544553998709243,32.14064555879007,52.45573279503612,-61.75
1772913283.578434,22.909495171600703,-0.11634830570634015,-8.665045320748746,-0.7114409391548668,-1.530513046051197,9.995542862392863,0.015923639075845465,0.013965474058906033,-0.11344640137963143,32.14064555879007,52.45573279503612,-61.75
1772913283.598304,22.909495171600703,-0.11634830570634015,-8.665045320748746,-0.7114409391548668,-1.530513046051197,9.995542862392863,0.015923639075845465,0.013965474058906033,-0.11344640137963143,32.14064555879007,52.45573279503612,-61.75
1772913283.6174269,22.63658793184091,-0.11484493791435217,-8.686988904414509,-0.6965705387145846,-1.4761389510116103,9.960237595931426,-0.02193528355370602,0.006692110972555915,-0.1090830782496456,31.879290757254555,51.42587847635102,-61.375
1772913283.6424744,22.446922278334473,-0.12925541197078244,-8.687110805807986,-0.6461208016906325,-1.4433429408435896,9.856459654511342,0.007937849667290978,0.0002363638079434099,-0.10035643198967395,31.879290757254555,51.42587847635102,-61.375
1772913283.672348,22.216058706977655,-0.12679758182102038,-8.679908220653044,-0.6109013974849644,-1.4150328984542957,9.787396593771842,0.016428326519241292,0.007084939019670218,-0.12435470920459599,31.879290757254555,51.42587847635102,-61.375
1772913283.7331553,22.216058706977655,-0.12679758182102038,-8.679908220653044,-0.6109013974849644,-1.4150328984542957,9.787396593771842,0.016428326519241292,0.007084939019670218,-0.12435470920459599,31.879290757254555,51.42587847635102,-61.375
1772913283.7744265,21.72412059618426,-0.13329606702118016,-8.706447870187707,-0.6263712612801011,-1.3863188748278168,9.774887015407836,-0.009467891911232961,0.015907659162090963,-0.11562806294462433,30.728277106959457,51.717980901596604,-59.375
1772913283.7963784,21.503393339390275,-0.14772528946807015,-8.69061093234186,-0.6715581043807086,-1.3687086699443454,9.773252254162376,0.010336782472608226,0.005254613312766812,-0.12435470920459599,30.728277106959457,51.717980901596604,-59.375
1772913283.8113072,21.281749667216832,-0.1493248976098407,-8.714566365515012,-0.7040979453591261,-1.3667162712801444,9.78219967393696,-0.01153458142607978,0.029937052876015013,-0.136353847812057,30.728277106959457,51.717980901596604,-59.375
1772913283.833758,21.145581644645056,-0.16852480674045353,-8.71040132468981,-0.6681647005590766,-1.3696515323608882,9.788154081847718,0.0013575980910165869,0.009784155287948888,-0.12217304763960307,30.706494223798614,49.853553910266236,-60.5625
1772913283.8531435,21.011438195894808,-0.15443463426374138,-8.717019830254626,-0.6434286936569309,-1.3683625838321516,9.75532044501672,-0.0033763478645998947,0.017737984868994368,-0.1308996938995747,30.706494223798614,49.853553910266236,-60.5625
1772913283.876178,21.011438195894808,-0.15443463426374138,-8.717019830254626,-0.6434286936569309,-1.3683625838321516,9.75532044501672,-0.0033763478645998947,0.017737984868994368,-0.1308996938995747,30.706494223798614,49.853553910266236,-60.5625
1772913283.9059522,21.011438195894808,-0.15443463426374138,-8.717019830254626,-0.6434286936569309,-1.3683625838321516,9.75532044501672,-0.0033763478645998947,0.017737984868994368,-0.1308996938995747,30.706494223798614,49.853553910266236,-60.5625
1772913283.9453998,20.60085008728905,-0.0928109722239609,-8.730959497864596,-0.6269671573828552,-1.3675048029847758,9.733470026481445,0.004008874618031747,0.011362137273154382,-0.11562806294462433,29.295041353583116,49.37349449190177,-59.375
1772913283.995598,20.038116293107628,-0.10482939836344482,-8.735990933199895,-0.6322238488246523,-1.362819789971096,9.718928817031388,0.012183088093266136,0.0036606514138068148,-0.13526301702956053,29.295041353583116,49.37349449190177,-59.375
1772913284.0530436,19.516147825212414,-0.09687812445326126,-8.771869174814482,-0.6268028426845098,-1.3133075808224701,9.697216974722906,0.0021785489111283405,0.017453681319787452,-0.1636246173744684,27.870045834742815,49.34824035788241,-59.0625
1772913284.074952,19.516147825212414,-0.09687812445326126,-8.771869174814482,-0.6268028426845098,-1.3133075808224701,9.697216974722906,0.0021785489111283405,0.017453681319787452,-0.1636246173744684,27.870045834742815,49.34824035788241,-59.0625
1772913284.0952325,19.386202022480667,-0.1109055380014997,-8.758632826666636,-0.6616385120803628,-1.415891771958805,9.711528374595801,0.0042771982534841645,0.012419451901209548,-0.11235557059713497,27.870045834742815,49.34824035788241,-59.0625
1772913284.1142483,19.1804743288786,-0.11792118765199036,-8.762803745774507,-0.5691549343239305,-1.3547611470481054,9.7210524513424,0.001641901640223507,0.015339052063677123,-0.12326387842209953,27.429698780637633,49.137584899987566,-59.0625
1772913284.1635253,19.00608005514717,-0.10380113995161788,-8.806007263377209,-0.6232744730357284,-1.4434786572152887,9.730735729733674,-0.02930452612258315,0.017565540716068972,-0.12544553998709243,27.429698780637633,49.137584899987566,-59.0625
1772913284.1905158,18.737267590361647,-0.12923440090310423,-8.81440500966799,-0.6895392611049209,-1.5673168054066913,9.73717984333376,0.018274632139899202,0.005490977120710221,-0.10799224746714914,27.33745590950745,48.77410690515754,-58.6875
1772913284.2120922,18.530580334479062,-0.09805527880422071,-8.800521422710952,-0.733637737338784,-1.6497297096653125,9.788299892851622,0.026496785356397105,0.011282237704381866,-0.12217304763960307,27.33745590950745,48.77410690515754,-58.6875
1772913284.2297096,18.34758581931632,-0.11213220272574,-8.800008177383797,-0.7165242811040269,-1.6438911100640878,9.82231971475739,-0.006832595297972305,0.012988058999623386,-0.09926560120717749,27.33745590950745,48.77410690515754,-58.6875
1772913284.2580209,18.34758581931632,-0.11213220272574,-8.800008177383797,-0.7165242811040269,-1.6438911100640878,9.82231971475739,-0.006832595297972305,0.012988058999623386,-0.09926560120717749,27.33745590950745,48.77410690515754,-58.6875
1772913284.2824893,18.14578743453323,-0.14395787074989616,-8.819105866167291,-0.6886787893824642,-1.5751589474717618,9.844959526209367,-0.010541186453042629,0.011678400649870309,-0.12871803233458182,26.442303571057167,48.549908798637894,-58.6875
1772913284.3049915,18.14578743453323,-0.14395787074989616,-8.819105866167291,-0.6886787893824642,-1.5751589474717618,9.844959526209367,-0.010541186453042629,0.011678400649870309,-0.12871803233458182,26.442303571057167,48.549908798637894,-58.6875
1772913284.3271596,17.851941360468686,-0.10687127622393842,-8.823682733481181,-0.6865555998989762,-1.5804729389900882,9.76636294002245,0.019884573952613702,0.0118348648890412,-0.12435470920459599,26.442303571057167,48.549908798637894,-58.6875
1772913284.3504183,17.585475162833266,-0.07538010453554647,-8.801051787593833,-0.6719772988015643,-1.5321320291610458,9.687296896237898,0.022772214287572274,0.005474997206955717,-0.1265363707695889,-1959.5119640539517,552.1553572235576,-57.875
1772913284.3655992,17.585475162833266,-0.07538010453554647,-8.801051787593833,-0.6719772988015643,-1.5321320291610458,9.687296896237898,0.022772214287572274,0.005474997206955717,-0.1265363707695889,-1959.5119640539517,552.1553572235576,-57.875
1772913284.3946526,17.400900450643796,-0.04335270851817997,-8.809694929033778,-0.6851679404521329,-1.5493705038314027,9.661440220983414,0.007985789408554489,0.013729110250962623,-0.11017390903214205,-1959.5119640539517,552.1553572235576,-57.875
1772913284.4174669,17.218219487477803,-0.036121181336593026,-8.781947713490593,-0.6651469790289273,-1.4473608965446472,9.71113512658593,0.018795299497049535,0.003108024229147478,-0.10690141668465268,25.51091011920613,46.65839651005793,-57.5
1772913284.4496908,17.218219487477803,-0.036121181336593026,-8.781947713490593,-0.6651469790289273,-1.4473608965446472,9.71113512658593,0.018795299497049535,0.003108024229147478,-0.10690141668465268,25.51091011920613,46.65839651005793,-57.5
1772913284.47946,16.913044628219723,0.03582264561970143,-8.784083512111716,-0.6600515917341592,-1.4118979623068602,9.744206531135935,0.010084438750910312,0.008694880832384719,-0.13962634015954636,25.51091011920613,46.65839651005793,-57.5
1772913284.5076623,16.572467601042565,0.016426737965615987,-8.782312293911891,-0.5933126857128439,-1.3698626319310638,9.722728729237017,0.012483371556227559,0.013713130337208118,-0.10799224746714914,25.1474321243761,46.750639381188115,-56.6875
1772913284.5270514,16.368891836413862,0.0075597731608271525,-8.780326408228465,-0.5571270281616695,-1.3743119090209497,9.708435491996054,0.00031626337671592685,0.014550061071074377,-0.11344640137963143,25.1474321243761,46.750639381188115,-56.6875
1772913284.5537434,16.368891836413862,0.0075597731608271525,-8.780326408228465,-0.5571270281616695,-1.3743119090209497,9.708435491996054,0.00031626337671592685,0.014550061071074377,-0.11344640137963143,25.1474321243761,46.750639381188115,-56.6875
1772913284.6017513,16.203144796837258,-0.005165229854291924,-8.7804707395058,-0.5330458772816435,-1.377272853222587,9.72902950764399,-0.004717966041861978,0.012451411728718553,-0.136353847812057,25.1474321243761,46.750639381188115,-56.6875
1772913284.6320295,15.74758088670737,-0.033364933934834175,-8.778580575074344,-0.5601893043777708,-1.42695746732991,9.742734595007462,0.009563771393759983,0.011077833723947463,-0.09053895494720585,24.252279785925815,46.52644127466847,-57.875
1772913284.678103,15.495439756919845,-0.05091976730411113,-8.785398205893564,-0.5480531158514206,-1.4090165486343476,9.745164954137358,-0.005254613312766812,0.010336782472608226,-0.10253809355466686,24.252279785925815,46.52644127466847,-57.875
1772913284.7312977,15.157297641144778,-0.07834219110031101,-8.807424239086131,-0.5391537840688851,-1.3938347356666874,9.720021437330859,0.009279467844553062,0.005522936948219228,-0.10362892433716332,23.62744698956027,45.588829827113564,-56.6875
1772913284.7473176,14.895086942904097,-0.07666783518630677,-8.779646293678747,-0.5052550259754787,-1.2734921211041308,9.70328870776762,0.013540686184282722,0.013444806701755702,-0.11671889372712078,23.62744698956027,45.588829827113564,-56.6875
1772913284.7909877,14.895086942904097,-0.07666783518630677,-8.779646293678747,-0.5052550259754787,-1.2734921211041308,9.70328870776762,0.013540686184282722,0.013444806701755702,-0.11671889372712078,23.62744698956027,45.588829827113564,-56.6875
1772913284.8074849,14.518841403020291,-0.07314665857189871,-8.79290467842296,-0.49271679849198197,-1.2736899248278828,9.668737481208884,0.015671295354147553,0.017405741578523943,-0.13526301702956053,23.324548660535243,45.66569888638871,-57.5
1772913284.8389368,14.314026131729843,-0.06515719820998597,-8.771924553292168,-0.5103114040745499,-1.2672388898895617,9.645744025896535,0.028106727169111605,0.017626125472712844,-0.11562806294462433,23.324548660535243,45.66569888638871,-57.5
1772913284.8564394,14.188624841726117,-0.02717760457876811,-8.76002539690506,-0.5220204175451263,-1.262945798200891,9.630442138239893,0.027586059811961276,0.020009078364275592,-0.10144726277217041,23.324548660535243,45.66569888638871,-57.5
1772913284.8797657,13.965615819889551,-0.047676770737017586,-8.746335739046733,-0.5638816228778316,-1.2583451187333894,9.647019796596238,0.014313697263130965,0.0076215862905750515,-0.13853550937704992,22.29103201538969,44.89628378762402,-57.5
1772913284.8984973,13.965615819889551,-0.047676770737017586,-8.746335739046733,-0.5638816228778316,-1.2583451187333894,9.647019796596238,0.014313697263130965,0.0076215862905750515,-0.13853550937704992,22.29103201538969,44.89628378762402,-57.5
1772913284.919918,13.82016670946825,-0.03668346920749983,-8.747967811873327,-0.5917397874064436,-1.255283417940724,9.658052043047809,-0.007369242568877139,0.010873429743513059,-0.12435470920459599,22.29103201538969,44.89628378762402,-57.5
1772913284.95337,13.557632032031423,-0.007415078583958527,-8.742879840897888,-0.5835665984686074,-1.2703783912267392,9.645323209579145,0.010621086021815147,0.010809510088495046,-0.11235557059713497,22.970950987869543,44.272366572873594,-56.375
1772913284.9883277,13.297997201638134,0.07312580192461171,-8.739726789954236,-0.5684004365641087,-1.2828924289917567,9.623471866266858,0.006107523960387572,0.006327907854576479,-0.12326387842209953,22.970950987869543,44.272366572873594,-56.375
1772913285.0164657,13.297997201638134,0.07312580192461171,-8.739726789954236,-0.5684004365641087,-1.2828924289917567,9.623471866266858,0.006107523960387572,0.006327907854576479,-0.12326387842209953,22.970950987869543,44.272366572873594,-56.375
1772913285.0520914,13.079946105156449,0.09901721589391903,-8.736911648199717,-0.5902510361863367,-1.3762948433701816,9.622310488217307,-0.0007570311650937402,0.010320802558853722,-0.12762720155208535,21.517039008549418,44.64133805739432,-57.5
1772913285.0798008,12.697831546550272,0.09028989759683768,-8.732210217856169,-0.5613291807581808,-1.3079859968835235,9.608157157269495,-0.0012936784359985735,0.008206173302743395,-0.11999138607461016,21.517039008549418,44.64133805739432,-57.5
1772913285.106814,12.697831546550272,0.09028989759683768,-8.732210217856169,-0.5613291807581808,-1.3079859968835235,9.608157157269495,-0.0012936784359985735,0.008206173302743395,-0.11999138607461016,21.517039008549418,44.64133805739432,-57.5
1772913285.142182,12.359400469162502,0.0881572279439871,-8.74129460095899,-0.6075166916018878,-1.4115764869695409,9.578667603382877,0.024129812378588862,0.015259152494904608,-0.14726215563702155,21.861480865063953,43.457745620158924,-57.0625
1772913285.1584451,12.172926667661113,0.07913190156526778,-8.733107951432475,-0.6123153082084153,-1.487097472047055,9.559042634691234,0.0040408344455407546,0.020357301568500526,-0.12217304763960307,21.861480865063953,43.457745620158924,-57.0625
1772913285.1766853,12.029691526324388,0.06136239166718448,-8.734618874267886,-0.6414473898676565,-1.5307731728845948,9.71323802261818,0.006091544046633068,0.0018303257069034074,-0.11344640137963143,21.861480865063953,43.457745620158924,-57.0625
1772913285.2002568,12.029691526324388,0.06136239166718448,-8.734618874267886,-0.6414473898676565,-1.5307731728845948,9.71323802261818,0.006091544046633068,0.0018303257069034074,-0.11344640137963143,21.861480865063953,43.457745620158924,-57.0625
1772913285.2256773,11.679355671498515,0.03618018982911369,-8.741746042539688,-0.7049244698052194,-1.6383796583968087,9.815853330808217,0.004293178167238667,0.016917034048882618,-0.16471544815696484,21.558582536038926,43.53461467943408,-57.0625
1772913285.24716,11.563479749981147,0.038858606735695064,-8.760444195478511,-0.7241284085441937,-1.6192052767711838,9.840656219925433,0.01167840064987031,0.01054118645304263,-0.09926560120717749,21.558582536038926,43.53461467943408,-57.0625
1772913285.2783785,11.362085474242312,0.046131067550811804,-8.734118975282366,-0.7336660832639722,-1.6072677738795655,9.803640478249406,0.029384425691355673,0.004922370022296381,-0.11017390903214205,21.558582536038926,43.53461467943408,-57.0625
1772913285.3016787,11.117111187877065,0.045727876536855436,-8.751384991941118,-0.7400132992471771,-1.5993234990558387,9.745555798583744,-0.0020347296873378107,0.02302455800927019,-0.1090830782496456,20.46357064347325,42.52288091744937,-56.375
1772913285.3285367,11.117111187877065,0.045727876536855436,-8.751384991941118,-0.7400132992471771,-1.5993234990558387,9.745555798583744,-0.0020347296873378107,0.02302455800927019,-0.1090830782496456,20.46357064347325,42.52288091744937,-56.375
1772913285.3487918,10.989682341120272,0.020754941511016523,-8.747691289251556,-0.7004903205122687,-1.6120410113189418,9.619928188724328,0.012451411728718553,0.004717966041861978,-0.11999138607461016,20.46357064347325,42.52288091744937,-56.375
1772913285.371695,10.829631439150084,0.044271785932160385,-8.746903595639173,-0.6815937246600118,-1.6496853615667306,9.53632441771524,0.010180318233437333,0.03568037371842315,-0.13962634015954636,20.46357064347325,42.52288091744937,-56.375
1772913285.3930223,10.627811871791897,0.0570457879247032,-8.71232278077855,-0.6616127462139177,-1.6455562682410745,9.480687042024007,0.010937349398531073,0.02535957115956942,-0.12544553998709243,20.827048638303282,42.43063804631918,-57.0625
1772913285.4370296,10.359332589469728,0.07621682374889525,-8.696245015151097,-0.6374717770181125,-1.5592816013688426,9.554049676353241,-0.002855680507449564,0.015355031977431627,-0.11562806294462433,20.827048638303282,42.43063804631918,-57.0625
1772913285.4542158,10.15373605440714,0.04835522743952618,-8.706284095709911,-0.624648563679557,-1.501043940428191,9.602871689985024,0.009800135201703392,0.003139984056656484,-0.1341721862470641,19.62808238921286,42.025616523999645,-56.6875
1772913285.4855933,10.002305367458888,0.04906939144438752,-8.69634680184206,-0.641671712551007,-1.5765918811313433,9.635362194679349,0.015102688255733713,0.006295948027067471,-0.07090400086226964,19.62808238921286,42.025616523999645,-56.6875
1772913285.5441475,9.78981828981751,0.02167249916611293,-8.677625350882364,-0.6497580959749669,-1.627691025631855,9.693780491391216,0.0007889909926027469,-0.0013256382635075802,-0.08944812416470939,19.732952327352724,41.67659675940953,-57.0625
1772913285.574327,9.701540941831391,0.04242052935540196,-8.671620241659133,-0.6197576366133881,-1.5222766599569448,9.73265721527783,-0.0037085911550703244,-0.001309658349753077,-0.05345070834232634,19.732952327352724,41.67659675940953,-57.0625
1772913285.5983768,9.701540941831391,0.04242052935540196,-8.671620241659133,-0.6197576366133881,-1.5222766599569448,9.73265721527783,-0.0037085911550703244,-0.001309658349753077,-0.05345070834232634,19.732952327352724,41.67659675940953,-57.0625
1772913285.6354377,9.449148907632543,0.17786756279386262,-8.725577521328692,-0.6953802741008558,-1.5400132847406736,9.718879885656033,-0.01869942001452251,0.02387746865689095,-0.061086523819801536,19.54846658509236,40.949640769749465,-55.875
1772913285.7015798,9.182166546998637,0.19728250432541045,-8.710497897409791,-0.7309421951323227,-1.6056208657507314,9.779466587148336,-0.001197798953471554,0.03519166618878182,-0.09053895494720585,19.54846658509236,40.949640769749465,-55.875
1772913285.7341738,8.963267153611875,0.25355681742726605,-8.717427057951358,-0.7645802701153267,-1.7157742855840827,9.732813455803358,0.0008529106476207598,0.016664690327184702,-0.08617563181722002,18.47157524922706,40.77156409879491,-57.0625
1772913285.766182,8.963267153611875,0.25355681742726605,-8.717427057951358,-0.7645802701153267,-1.7157742855840827,9.732813455803358,0.0008529106476207598,0.016664690327184702,-0.08617563181722002,18.47157524922706,40.77156409879491,-57.0625
1772913285.7948275,8.633828693156447,0.2615162217521015,-8.740126335885314,-0.753229843831911,-1.6561445444416116,9.7017663180429,0.016680670240939208,0.0036446715000523107,-0.10799224746714914,18.47157524922706,40.77156409879491,-57.0625
1772913285.857784,8.203744162513836,0.2726614709174937,-8.746595827981281,-0.7063762495495765,-1.5159983297259565,9.681104794682568,-0.006832595297972305,0.012988058999623386,-0.11780972450961724,18.513118776716574,39.66484072083467,-57.0625
1772913285.8872302,7.946300019898175,0.2749745790698321,-8.7500571784023,-0.6362877220761396,-1.4326065960287833,9.64393899973937,0.0019102252756759235,0.016396366691732285,-0.1265363707695889,18.513118776716574,39.66484072083467,-57.0625
1772913285.9349594,7.946300019898175,0.2749745790698321,-8.7500571784023,-0.6362877220761396,-1.4326065960287833,9.64393899973937,0.0019102252756759235,0.016396366691732285,-0.1265363707695889,18.513118776716574,39.66484072083467,-57.0625
1772913286.005238,7.582076384610526,0.2542281322346607,-8.713440876406686,-0.6019870983080928,-1.4257453086343739,9.619205578373805,-0.0010413347143006604,0.004765905783125488,-0.0818123086872342,17.846742452861516,39.833952651240004,-57.875
1772913286.0325363,7.373654008272412,0.28101287676672876,-8.713187504395085,-0.5791604163535311,-1.4211791985189968,9.60274576274544,0.01423379769435845,-0.014866324447790303,-0.055632369907319255,17.846742452861516,39.833952651240004,-57.875
1772913286.0660424,7.373654008272412,0.28101287676672876,-8.713187504395085,-0.5791604163535311,-1.4211791985189968,9.60274576274544,0.01423379769435845,-0.014866324447790303,-0.055632369907319255,17.846742452861516,39.833952651240004,-57.875
1772913286.0930488,7.116490067053961,0.37000693792275224,-8.721638438304891,-0.5062833618972187,-1.3948173596908504,9.571721269069037,-0.007449142137649655,-0.011614480994852298,-0.0916297857297023,17.739125769876303,39.40989499060497,-57.875
1772913286.1260898,6.848329831548597,0.42236470381873475,-8.7302518307687,-0.5809931118269525,-1.3460061626741422,9.671498836557191,0.0014534775735436072,0.03676964817398732,-0.10471975511965978,17.739125769876303,39.40989499060497,-57.875
1772913286.1819582,6.848329831548597,0.42236470381873475,-8.7302518307687,-0.5809931118269525,-1.3460061626741422,9.671498836557191,0.0014534775735436072,0.03676964817398732,-0.10471975511965978,17.739125769876303,39.40989499060497,-57.875
1772913286.2294924,6.346751013472667,0.45183151006310135,-8.712627347766045,-0.6031762957187031,-1.3274130252894583,9.617475671668599,0.019347926681708868,0.009720235632930877,-0.11017390903214205,18.39195944510656,39.69558834454473,-57.875
1772913286.2675092,6.346751013472667,0.45183151006310135,-8.712627347766045,-0.6031762957187031,-1.3274130252894583,9.617475671668599,0.019347926681708868,0.009720235632930877,-0.11017390903214205,18.39195944510656,39.69558834454473,-57.875
1772913286.2891784,5.911342013241361,0.4743927667185826,-8.747441624779011,-0.6204074584613369,-1.3247664960257761,9.665151651596519,0.0021306091698648304,0.003960934876768238,-0.09599310885968812,18.39195944510656,39.69558834454473,-57.875
1772913286.3278246,5.911342013241361,0.4743927667185826,-8.747441624779011,-0.6204074584613369,-1.3247664960257761,9.665151651596519,0.0021306091698648304,0.003960934876768238,-0.09599310885968812,18.39195944510656,39.69558834454473,-57.875
1772913286.3566048,5.4065316497997085,0.4553030096565141,-8.738719205315322,-0.6067097791940855,-1.3190381016161006,9.660083254882444,0.006912494866744822,0.009499851738741969,-0.10581058590215622,17.725583121251503,39.86470027495006,-58.6875
1772913286.3948145,5.145946546212978,0.42393439466139343,-8.756019545891744,-0.6000626283199075,-1.3249529150936914,9.65671029348693,-0.009499851738741969,0.006912494866744822,-0.13199052468207118,17.725583121251503,39.86470027495006,-58.6875
1772913286.4493678,4.850048373318928,0.38744748923491296,-8.759459832179777,-0.6209508599478841,-1.374232801671156,9.600943838039552,-0.0036766313275613176,0.007685505945593065,-0.1308996938995747,17.371985448585807,38.47136796143494,-58.6875
1772913286.4969923,4.46172700104856,0.3392852175942351,-8.735018040542469,-0.6348517447594664,-1.4070280156960557,9.563831884891446,-0.005270593226521314,0.005839200324935154,-0.10471975511965978,17.371985448585807,38.47136796143494,-58.6875
1772913286.519304,4.46172700104856,0.3392852175942351,-8.735018040542469,-0.6348517447594664,-1.4070280156960557,9.563831884891446,-0.005270593226521314,0.005839200324935154,-0.10471975511965978,17.371985448585807,38.47136796143494,-58.6875
1772913286.568989,4.15165018319381,0.3075604426168521,-8.73023114698485,-0.6864489584328615,-1.4733246711111716,9.579275635126894,-0.008710860746139222,0.005586856603237242,-0.10799224746714914,14.22348291435382,35.46599871757575,-59.5
1772913286.5965812,3.980815931287694,0.31085267200851313,-8.699753700182463,-0.6655196732481654,-1.4900560452772948,9.59958861351255,0.023529245452666013,-0.0048458053518980046,-0.07635815477475191,14.22348291435382,35.46599871757575,-59.5
1772913286.6146307,3.8801639718042895,0.31593108661407776,-8.690541563095389,-0.6515914677531847,-1.501190587883154,9.60307133859541,0.011646440822361303,0.0015460221576964871,-0.06326818538479445,14.6693234581497,37.2228090259209,-59.5
1772913286.653554,3.8169798805715134,0.3122388999687457,-8.697828386213914,-0.6317235691648196,-1.4940345094382934,9.528451483965119,0.0045135620614275744,0.004481602233918567,-0.030543261909900768,14.6693234581497,37.2228090259209,-59.5
1772913286.6732275,3.8169798805715134,0.3122388999687457,-8.697828386213914,-0.6317235691648196,-1.4940345094382934,9.528451483965119,0.0045135620614275744,0.004481602233918567,-0.030543261909900768,14.6693234581497,37.2228090259209,-59.5
1772913286.704156,3.8236536780616324,0.31636732932789136,-8.675969668629154,-0.6185017045932321,-1.4892722191718726,9.478792804267053,0.004481602233918568,-0.0045135620614275744,0.0,14.366425129124673,37.29967808519606,-59.0625
1772913286.725381,3.82079527028333,0.45769837879309627,-8.717608670692195,-0.6309983753871072,-1.5428192762223492,9.55947930570065,-0.015843739507072952,0.008522436679459322,-0.038179077387375956,14.366425129124673,37.29967808519606,-59.0625
1772913286.7657354,3.82079527028333,0.45769837879309627,-8.717608670692195,-0.6309983753871072,-1.5428192762223492,9.55947930570065,-0.015843739507072952,0.008522436679459322,-0.038179077387375956,14.366425129124673,37.29967808519606,-59.0625
1772913286.7944505,3.8715556567364,0.4418872445838141,-8.727525198007447,-0.6516572785288446,-1.6270892243639774,9.680077505223817,0.0033603679508453907,-0.022235567016667443,0.04363323129985824,16.338468803440254,37.701952862670254,-58.6875
1772913286.828435,3.9696480806039505,0.45629171603357166,-8.725915392190139,-0.7585613380215237,-1.6422732568996985,9.763679371543645,-0.01196270419907723,-0.016096083228770864,0.05672320068981571,16.338468803440254,37.701952862670254,-58.6875
1772913286.8463101,3.9696480806039505,0.45629171603357166,-8.725915392190139,-0.7585613380215237,-1.6422732568996985,9.763679371543645,-0.01196270419907723,-0.016096083228770864,0.05672320068981571,16.338468803440254,37.701952862670254,-58.6875
1772913286.865959,4.004210614822528,0.4703078834009217,-8.752318015053776,-0.7713428196160822,-1.6671890709259112,9.815970367978133,0.001309658349753077,-0.0037085911550703244,0.020725784867432664,14.68469727000473,37.28338869172591,-59.5
1772913286.8867404,4.0410873892815555,0.4545878761144288,-8.769363263427769,-0.7609235734065175,-1.6091966310864627,9.90763634100101,-0.03364564403108534,-0.012844239775832857,0.03599741582238305,14.68469727000473,37.28338869172591,-59.5
1772913286.9146535,4.0410873892815555,0.4545878761144288,-8.769363263427769,-0.7609235734065175,-1.6091966310864627,9.90763634100101,-0.03364564403108534,-0.012844239775832857,0.03599741582238305,14.68469727000473,37.28338869172591,-59.5
1772913286.945099,4.360446334195502,0.4673942331856574,-8.82686551879866,-0.692336370089998,-1.5724449922259292,9.901736787925335,-0.028863758334205344,-0.007305322913859125,0.12871803233458182,14.581658495095098,38.14779340646613,-59.875
1772913286.9651213,4.694371361399907,0.47356708631419253,-8.83590918977121,-0.6384640135685349,-1.5155638672173788,9.871049807597243,-0.0014215177460346002,-0.027774483878641173,0.21598449493429828,14.581658495095098,38.14779340646613,-59.875
1772913286.996996,4.694371361399907,0.47356708631419253,-8.83590918977121,-0.6384640135685349,-1.5155638672173788,9.871049807597243,-0.0014215177460346002,-0.027774483878641173,0.21598449493429828,14.581658495095098,38.14779340646613,-59.875
1772913287.0410402,5.386929742148499,0.5408996102944855,-8.830695873373108,-0.6180503917180578,-1.4841457743414268,9.79710617766782,-0.006155463701651082,-0.01982065429759569,0.21380283336930536,14.65852755437025,38.450691735491155,-59.875
1772913287.0715756,5.386929742148499,0.5408996102944855,-8.830695873373108,-0.6180503917180578,-1.4841457743414268,9.79710617766782,-0.006155463701651082,-0.01982065429759569,0.21380283336930536,14.65852755437025,38.450691735491155,-59.875
1772913287.0962567,6.012687275121892,0.6506322101883475,-8.852313548489565,-0.6368886743012339,-1.4550090456119924,9.77800352332013,-0.015655315440393048,-0.012908159430850868,0.17562375598192942,14.65852755437025,38.450691735491155,-59.875
1772913287.13519,6.310424134054252,0.677446711274169,-8.871413161618822,-0.6494253409229326,-1.4356188781211399,9.7351849148765,-0.016444306432995798,-0.01158252116734329,0.17889624832941878,14.884556824120125,38.07092434719098,-60.25
1772913287.1740217,6.967720454142886,0.7529720237562755,-8.88402201310767,-0.6739800124607165,-1.41860076881655,9.736795614638336,-0.0040408344455407546,-0.020357301568500526,0.18980455615438332,14.884556824120125,38.07092434719098,-60.25
1772913287.2047088,7.293761100301468,0.7878222453522551,-8.89441244349904,-0.6506880614485661,-1.441491405538797,9.714451735385907,-0.007465122051404158,-0.016112063142525366,0.18980455615438332,14.761566329279882,37.58628702075094,-59.5
1772913287.2374668,7.633648717762138,0.8224594031412421,-8.897452653560338,-0.6692565159044084,-1.454981193666618,9.6995821333409,-0.003235863539183504,-0.017185357684335035,0.21489366415180183,14.761566329279882,37.58628702075094,-59.5
1772913287.2596135,7.633648717762138,0.8224594031412421,-8.897452653560338,-0.6692565159044084,-1.454981193666618,9.6995821333409,-0.003235863539183504,-0.017185357684335035,0.21489366415180183,14.761566329279882,37.58628702075094,-59.5
1772913287.282444,8.034979412926742,0.9004932055597616,-8.878183649872728,-0.6832592826982606,-1.47044316095279,9.689686579284288,-0.010368742300117232,-0.014249777608112952,0.16907877128695067,15.293240672900131,37.90272799840076,-59.875
1772913287.3126473,8.034979412926742,0.9004932055597616,-8.878183649872728,-0.6832592826982606,-1.47044316095279,9.689686579284288,-0.010368742300117232,-0.014249777608112952,0.16907877128695067,15.293240672900131,37.90272799840076,-59.875
1772913287.3586774,8.518643846384835,0.9422064282048289,-8.8950584704294,-0.6999834725736389,-1.5099139153608594,9.676410975185554,-0.0130519786546414,-0.02482292388866459,0.17889624832941878,15.293240672900131,37.90272799840076,-59.875
1772913287.394634,9.188301876047372,0.9819433069389776,-8.898951241657862,-0.7175488945276997,-1.5207434318813098,9.644160427004827,-0.019932513693877215,-0.025327611332060414,0.17235126363444003,14.202806688410035,38.17945661179131,-58.25
1772913287.416002,9.38151528430745,0.9915663928890105,-8.905736506542052,-0.6806035067851505,-1.5402928624774164,9.622698047452781,-0.01513464808324272,-0.015291112322413616,0.17562375598192942,14.202806688410035,38.17945661179131,-58.25
1772913287.4505095,9.731534046949607,1.0203129522312937,-8.909846450232365,-0.6827292501850462,-1.5361702891955817,9.692042866294369,-0.0016259217264690037,-0.010841469916004052,0.21598449493429828,14.869183012265093,38.01034468138597,-59.0625
1772913287.467794,9.731534046949607,1.0203129522312937,-8.909846450232365,-0.6827292501850462,-1.5361702891955817,9.692042866294369,-0.0016259217264690037,-0.010841469916004052,0.21598449493429828,14.869183012265093,38.01034468138597,-59.0625
1772913287.5015764,10.051725455231757,1.0437363522362302,-8.899814694316365,-0.6841439086715672,-1.5334267627286815,9.80174819104013,-0.002430892632826254,-0.014013413800169544,0.17998707911191522,14.869183012265093,38.01034468138597,-59.0625
1772913287.5450585,10.42135335114706,1.0861790633160182,-8.893275185920094,-0.6776798430963522,-1.5024199886115444,9.81119873673059,0.005506957034464725,-0.013777049992226132,0.16253378659197193,14.869183012265093,38.01034468138597,-59.0625
1772913287.5745475,10.956444099530874,1.1430206738489808,-8.892092497937652,-0.6771982277193274,-1.4152440156846173,9.844248862976634,-0.01778592461025788,-0.01686909430761911,0.20725784867432664,14.6693234581497,37.2228090259209,-59.875
1772913287.592457,10.956444099530874,1.1430206738489808,-8.892092497937652,-0.6771982277193274,-1.4152440156846173,9.844248862976634,-0.01778592461025788,-0.01686909430761911,0.20725784867432664,14.6693234581497,37.2228090259209,-59.875
1772913287.6327085,11.579850734314029,1.1793799432307066,-8.895818057577637,-0.6541813941432137,-1.36298921673968,9.84617268255536,-0.009343387499571075,-0.02351326553891151,0.18544123302439752,14.6693234581497,37.2228090259209,-59.875
1772913287.6840007,12.209416814044829,1.2266871655870804,-8.882191007510903,-0.6527541174863261,-1.3557495518900728,9.847452962994529,-0.0003322432904704304,-0.01904764321874745,0.18544123302439752,15.354735920320254,38.14504666162078,-60.25
1772913287.705006,12.417473171790885,1.2428521944611082,-8.880031873447637,-0.6453196168369781,-1.3525773035817312,9.811508746544614,-0.012483371556227559,-0.013713130337208118,0.18544123302439752,15.354735920320254,38.14504666162078,-60.25
1772913287.7317529,12.726581295809556,1.2515470425938082,-8.872986640355235,-0.6436143716926079,-1.3496433738805071,9.787588272020402,-0.010384722213871737,-0.018747359755786026,0.17671458676442586,15.354735920320254,38.14504666162078,-60.25
1772913287.7627456,12.726581295809556,1.2515470425938082,-8.872986640355235,-0.6436143716926079,-1.3496433738805071,9.787588272020402,-0.010384722213871737,-0.018747359755786026,0.17671458676442586,15.354735920320254,38.14504666162078,-60.25
1772913287.7827039,13.324678582120093,1.2843640852085436,-8.87011309211903,-0.6261139360117932,-1.357279782907175,9.774491580952391,-0.01328834246258481,-0.01688507422137361,0.16471544815696484,14.704648989935341,38.63243073290617,-60.25
1772913287.8067465,13.324678582120093,1.2843640852085436,-8.87011309211903,-0.6261139360117932,-1.357279782907175,9.774491580952391,-0.01328834246258481,-0.01688507422137361,0.16471544815696484,14.704648989935341,38.63243073290617,-60.25
1772913287.8394303,13.631937602796837,1.3132053954251799,-8.886621938936369,-0.6073630513983774,-1.3690824884151909,9.762953761827612,-0.006660151145046908,-0.012940119258359877,0.18544123302439752,14.704648989935341,38.63243073290617,-60.25
1772913287.8823583,14.164476611911768,1.3596771679923019,-8.8721903494074,-0.5916422151602977,-1.3777598909742743,9.758620583793276,0.007621586290575052,-0.014313697263130965,0.19198621771937624,14.079816193569794,37.694819285351265,-61.0625
1772913287.9070938,14.164476611911768,1.3596771679923019,-8.8721903494074,-0.5916422151602977,-1.3777598909742743,9.758620583793276,0.007621586290575052,-0.014313697263130965,0.19198621771937624,14.079816193569794,37.694819285351265,-61.0625
1772913287.9506178,14.704028740692314,1.404779833538433,-8.850353607767405,-0.5697585069490397,-1.3657262812873803,9.752391790508876,0.002319033236544731,-0.017469661233541954,0.18871372537188688,14.079816193569794,37.694819285351265,-61.0625
1772913287.9839406,15.1595856026259,1.4365040785062149,-8.831523653489846,-0.5592113059043254,-1.3463453847213926,9.751591709865606,0.008126273733970879,-0.021194232302366785,0.21707532571679475,14.915304447830184,38.19208367880099,-60.25
1772913288.0056417,15.534320907917946,1.4581532970682407,-8.79943792586877,-0.5586769254069378,-1.3318019467788116,9.700882589525206,0.019220087371672846,-0.026260421548453695,0.22689280275926285,14.915304447830184,38.19208367880099,-60.25
1772913288.0501108,16.24222499468484,1.507008319109939,-8.769880362129292,-0.5770994698941592,-1.3553206015023243,9.710622688591812,-7.989956877251642e-05,-0.022487910738365355,0.2007128639793479,15.11516400194558,38.97961933426606,-61.5
1772913288.0777044,16.597445524519575,1.5361464660478272,-8.772182315537897,-0.5893594674570988,-1.3709720035002344,9.717104615716602,-0.011141753378965476,-0.008426557196932302,0.21380283336930536,15.11516400194558,38.97961933426606,-61.5
1772913288.1023405,16.597445524519575,1.5361464660478272,-8.772182315537897,-0.5893594674570988,-1.3709720035002344,9.717104615716602,-0.011141753378965476,-0.008426557196932302,0.21380283336930536,15.11516400194558,38.97961933426606,-61.5
1772913288.1379771,16.929511471151812,1.5547749173785546,-8.769176692897238,-0.5975183588820888,-1.3813878366922274,9.788320499956667,0.005190693657748796,-0.028327111063300513,0.19962203319685143,15.11516400194558,38.97961933426606,-61.5
1772913288.1784387,17.42512468081765,1.5744990580030462,-8.775238150810877,-0.6175630057171755,-1.3915127857534997,9.835713875384878,-0.023088477664288204,-0.020025058278030094,0.17453292519943295,14.218180500265067,38.24003627759631,-60.25
1772913288.1999,17.84770101819449,1.593458751021895,-8.773451508259141,-0.6309024942725491,-1.3982508262506845,9.75017472755748,0.0054909771207102215,-0.018274632139899202,0.1908953869368798,14.218180500265067,38.24003627759631,-60.25
1772913288.2264597,18.187610695849813,1.6242369713659772,-8.759737824091633,-0.6258896059211614,-1.3751995968088193,9.693249380213238,-0.007196798415951742,-0.015054748514470202,0.2007128639793479,14.218180500265067,38.24003627759631,-60.25
1772913288.262002,18.187610695849813,1.6242369713659772,-8.759737824091633,-0.6258896059211614,-1.3751995968088193,9.693249380213238,-0.007196798415951742,-0.015054748514470202,0.2007128639793479,14.218180500265067,38.24003627759631,-60.25
1772913288.2781637,18.70677733797434,1.6311150930515435,-8.740227367867398,-0.6095842567651164,-1.3631505966677957,9.672091755990039,-0.00827009295776141,-0.01928400702669086,0.23561944901923448,14.510282925510642,39.391049927891416,-59.5
1772913288.3062,19.135087579235673,1.6637666702919096,-8.733779913269588,-0.618285228107147,-1.3777794420283194,9.711533380732758,-0.0045615018026910845,-0.01797434867693778,0.2585268954516601,14.510282925510642,39.391049927891416,-59.5
1772913288.3333826,19.135087579235673,1.6637666702919096,-8.733779913269588,-0.618285228107147,-1.3777794420283194,9.711533380732758,-0.0045615018026910845,-0.01797434867693778,0.2585268954516601,14.510282925510642,39.391049927891416,-59.5
1772913288.3721156,19.647656539097223,1.6942059429861696,-8.722041085509813,-0.6557741204692143,-1.4036284280166718,9.767887346773096,-7.989956877251642e-05,-0.022487910738365355,0.22580197197676638,14.084394101645374,38.983281660726526,-60.6875
1772913288.394064,20.12030486258733,1.7280524590051034,-8.707832768710032,-0.6782540578927282,-1.4111036434729558,9.785319611413975,-0.013540686184282722,-0.013444806701755702,0.20507618710933373,14.084394101645374,38.983281660726526,-60.6875
1772913288.4150486,20.364383868089924,1.7291365646047316,-8.695347098098853,-0.6770025451859362,-1.4201924852972758,9.796920588801324,-0.008806740228666243,-0.021398636282801184,0.2181661564992912,14.084394101645374,38.983281660726526,-60.6875
1772913288.4452755,20.913912219227125,1.7468568991399278,-8.657637969679817,-0.6770025451859362,-1.4201924852972758,9.796920588801324,-0.0061714436154055845,-0.024318236445268763,0.26725354171163174,14.192010784630586,39.40733932136156,-61.0625
1772913288.4595327,20.913912219227125,1.7468568991399278,-8.657637969679817,-0.6770025451859362,-1.4201924852972758,9.796920588801324,-0.0061714436154055845,-0.024318236445268763,0.26725354171163174,14.192010784630586,39.40733932136156,-61.0625
1772913288.5036144,21.19883959294535,1.7662327301544871,-8.646418441085428,-0.6508578411786776,-1.3808973637214212,9.79126046283192,-0.012483371556227559,-0.013713130337208118,0.2476185876266955,14.192010784630586,39.40733932136156,-61.0625
1772913288.5471623,22.066274773005663,1.822852607239942,-8.650804935759304,-0.6334588327173272,-1.3547468992679594,9.770768153690433,-0.004577481716445588,-0.022471930824610853,0.1930770485018727,16.025690152250892,39.26439710659071,-61.0
1772913288.5678124,22.066274773005663,1.822852607239942,-8.650804935759304,-0.6334588327173272,-1.3547468992679594,9.770768153690433,-0.004577481716445588,-0.022471930824610853,0.1930770485018727,16.025690152250892,39.26439710659071,-61.0
1772913288.5891387,22.581276400999737,1.8484447681186311,-8.64686752038527,-0.6227028208343162,-1.3405863892829664,9.757130750870868,-0.014629960639846893,-0.02217164736164943,0.18544123302439752,16.025690152250892,39.26439710659071,-61.0
1772913288.6095119,22.7954763470854,1.8602384787250867,-8.65238469890294,-0.5831214951891267,-1.3393910669547968,9.748055211634217,-0.014582020898583382,-0.008678900918630215,0.19525871006686563,13.102110230551721,31.301375588885417,-61.5
1772913288.6302948,23.03303631369341,1.8604496638786077,-8.63987091495896,-0.5567805651246317,-1.3385955932980251,9.795537328969752,-0.008001769322308993,-0.018226692398635693,0.20943951023931956,13.102110230551721,31.301375588885417,-61.5
1772913288.649267,23.392938770701186,1.8852842400035505,-8.627077639633423,-0.5791287988634496,-1.372811025326685,9.827136147646547,-0.007749425600611079,-0.0216669599182536,0.21489366415180183,13.102110230551721,31.301375588885417,-61.5
1772913288.6771567,23.392938770701186,1.8852842400035505,-8.627077639633423,-0.5791287988634496,-1.372811025326685,9.827136147646547,-0.007749425600611079,-0.0216669599182536,0.21489366415180183,13.102110230551721,31.301375588885417,-61.5
1772913288.7022932,23.754983664762168,1.9082440037285773,-8.630051430121927,-0.6175204565815625,-1.3930635079007887,9.831439249957423,-0.01513464808324272,-0.015291112322413616,0.210530341021816,15.146827207270757,39.35847114095112,-61.5
1772913288.73097,23.977317926873965,1.9296698550812423,-8.63983230517951,-0.6552161699975197,-1.4000076412764109,9.810887134525274,-0.010621086021815147,-0.010809510088495046,0.19525871006686563,15.146827207270757,39.35847114095112,-61.5
1772913288.7583103,24.272153986535173,1.9588706007062806,-8.654635433047384,-0.6761880767453385,-1.3884172245220492,9.79720993128735,-0.031499054947466,-0.004385722751391547,0.16035212502697901,15.146827207270757,39.35847114095112,-61.5
1772913288.7774372,24.611437764665325,1.9829380439321145,-8.686253803501188,-0.6698188170278868,-1.3686064411424659,9.818213910682758,-0.024618519908230187,-0.00388103530799572,0.15271630954950383,15.423555820661303,40.448905125441215,-61.875
1772913288.7999141,25.036730167886898,1.9973705241107993,-8.67077224197723,-0.6307863314095215,-1.3815082527093876,9.832191824340578,-0.0061235038741420745,-0.010825490002249548,0.20943951023931956,15.423555820661303,40.448905125441215,-61.875
1772913288.8383462,25.036730167886898,1.9973705241107993,-8.67077224197723,-0.6307863314095215,-1.3815082527093876,9.832191824340578,-0.0061235038741420745,-0.010825490002249548,0.20943951023931956,15.423555820661303,40.448905125441215,-61.875
1772913288.87345,25.652530111755517,2.04401240281379,-8.659977246047468,-0.6023421465868585,-1.380367268217624,9.771246623882623,-0.0148503445340358,-0.00973621554668538,0.2203478180642841,15.919904632495912,39.35572439610577,-61.875
1772913288.8925452,25.652530111755517,2.04401240281379,-8.659977246047468,-0.6023421465868585,-1.380367268217624,9.771246623882623,-0.0148503445340358,-0.00973621554668538,0.2203478180642841,15.919904632495912,39.35572439610577,-61.875
1772913288.9215539,25.994868876469912,2.065761329561272,-8.662893838800903,-0.5996245192745255,-1.3754937863421965,9.730688273780352,-0.013540686184282722,-0.013444806701755702,0.19416787928436915,15.919904632495912,39.35572439610577,-61.875
1772913288.9549017,26.39788394662986,2.080678489364697,-8.653933032274649,-0.6083167949468081,-1.359232207074155,9.727112926804983,-0.01115773329271998,-0.012924139344605373,0.17998707911191522,15.925398122186607,40.901879246556085,-61.875
1772913288.9830422,26.815025668508063,2.0792655851288377,-8.658109285446884,-0.6083415700891233,-1.3257139838023162,9.741459131868714,-0.021494515765328202,-0.018178752657372184,0.2007128639793479,15.925398122186607,40.901879246556085,-61.875
1772913289.0186539,26.815025668508063,2.0792655851288377,-8.658109285446884,-0.6083415700891233,-1.3257139838023162,9.741459131868714,-0.021494515765328202,-0.018178752657372184,0.2007128639793479,15.925398122186607,40.901879246556085,-61.875
1772913289.05743,27.79915690555343,2.1039413490261314,-8.667103476940166,-0.5829897717325075,-1.3697507437500285,9.74622927975778,0.00572734092865363,-0.026212481807190182,0.18216874067690814,16.543821847246342,40.03564336858563,-61.875
1772913289.0853014,27.79915690555343,2.1039413490261314,-8.667103476940166,-0.5829897717325075,-1.3697507437500285,9.74622927975778,0.00572734092865363,-0.026212481807190182,0.18216874067690814,16.543821847246342,40.03564336858563,-61.875
1772913289.118518,28.258031003453407,2.1151210411261143,-8.675428776567756,-0.5860209032297401,-1.3927705996027764,9.774251521459062,-0.009043104036609653,-0.013460786615510208,0.16580627893946132,16.39649280000185,41.23369403606094,-62.25
1772913289.143164,28.54114151100827,2.125971359227973,-8.68134959058203,-0.5896837551579074,-1.4145747205020558,9.792900010282315,-0.007717465773102072,-0.01267179562290746,0.17889624832941878,16.39649280000185,41.23369403606094,-62.25
1772913289.1852791,28.54114151100827,2.125971359227973,-8.68134959058203,-0.5896837551579074,-1.4145747205020558,9.792900010282315,-0.007717465773102072,-0.01267179562290746,0.17889624832941878,16.39649280000185,41.23369403606094,-62.25
1772913289.2304592,29.042670421260393,2.1054437812609916,-8.695596263908895,-0.5880071727575746,-1.4128734594477508,9.791929924447643,-0.027033432627301936,-0.013396866960492191,0.18653206380689397,15.362060573241182,40.206586462221196,-62.6875
1772913289.2643933,29.54523793830108,2.1528194636523614,-8.727833009287457,-0.6007325913074681,-1.425484447500153,9.744452779258767,-0.004213278598466151,0.005570876689482738,0.11453723216212788,15.362060573241182,40.206586462221196,-62.6875
1772913289.2828305,29.63529550427899,2.164947803782949,-8.739163337690275,-0.6873112043220074,-1.4968818769195824,9.585743024611894,-0.025928178257983263,-0.00017244415292539734,0.07963064712224129,16.365745176291792,41.11253470445092,-63.0
1772913289.3024256,29.709878967289633,2.181021460635467,-8.726048265911077,-0.7449283041367059,-1.5443960686366676,9.40318588653018,-0.013793029905980638,-0.010004539182137796,0.07090400086226964,16.365745176291792,41.11253470445092,-63.0
1772913289.3527825,29.920870076216268,2.185291857156559,-8.711550295370971,-0.7222453487140053,-1.5259315991029188,9.281696150433653,0.0007889909926027469,-0.0013256382635075802,0.07417649320975901,15.910024310331577,40.84129958075108,-62.6875
1772913289.378685,30.240687193935603,2.184060667256702,-8.753978436371037,-0.60861626962806,-1.4109569289539579,9.555427929166544,-0.026512765270151607,-0.015779819852054938,0.15162547876700738,15.910024310331577,40.84129958075108,-62.6875
1772913289.4366753,30.786152213156182,2.21015762582282,-8.742556249335193,-0.5329973868163463,-1.3344425703210443,9.737593370128959,-0.011710360477379316,-0.01953635074838877,0.18871372537188688,16.07913624073691,41.50767590460613,-62.25
1772913289.4730523,30.786152213156182,2.21015762582282,-8.742556249335193,-0.5329973868163463,-1.3344425703210443,9.737593370128959,-0.011710360477379316,-0.01953635074838877,0.18871372537188688,16.07913624073691,41.50767590460613,-62.25
1772913289.5066795,31.316284844292298,2.2274516595429907,-8.749369926453145,-0.5325237072619406,-1.384760237789307,9.808645760558347,-0.010368742300117232,-0.014249777608112952,0.17671458676442586,16.07913624073691,41.50767590460613,-62.25
1772913289.554803,31.80508846395588,2.233450302188155,-8.79145563034715,-0.5866522994271706,-1.442392060845774,9.825824327316022,-0.00028430354920692003,-0.005554896775728234,0.14944381720201447,16.442614235566943,41.41543303347595,-61.5
1772913289.5728846,31.80508846395588,2.233450302188155,-8.79145563034715,-0.5866522994271706,-1.442392060845774,9.825824327316022,-0.00028430354920692003,-0.005554896775728234,0.14944381720201447,16.442614235566943,41.41543303347595,-61.5
1772913289.5932744,32.08703719031298,2.249611252552501,-8.77321747581876,-0.6226742728571378,-1.4807453953002063,9.73355800866919,0.008694880832384719,-0.010084438750910312,0.1505346479845109,16.442614235566943,41.41543303347595,-61.5
1772913289.614694,32.08703719031298,2.249611252552501,-8.77321747581876,-0.6226742728571378,-1.4807453953002063,9.73355800866919,0.008694880832384719,-0.010084438750910312,0.1505346479845109,16.442614235566943,41.41543303347595,-61.5
1772913289.6382067,32.44476755175013,2.25767735810199,-8.774346187909321,-0.6052210046859363,-1.4926239597940536,9.672155804292036,-0.016760569809711724,-0.026132582238417666,0.15271630954950383,16.334997552581733,40.99137537284091,-62.6875
1772913289.6563423,32.66407874230311,2.271624654367725,-8.763341091027746,-0.5706157043742281,-1.4235358779258367,9.648018881723202,-0.010937349398531073,-0.02535957115956942,0.20616701789183017,16.334997552581733,40.99137537284091,-62.6875
1772913289.6744363,32.66407874230311,2.271624654367725,-8.763341091027746,-0.5706157043742281,-1.4235358779258367,9.648018881723202,-0.010937349398531073,-0.02535957115956942,0.20616701789183017,16.334997552581733,40.99137537284091,-62.6875
1772913289.7201462,33.115175478429876,2.2905167143852196,-8.75367458239612,-0.5508285955722768,-1.376735697318623,9.631956029380735,-0.013824989733489643,-0.018999703477483938,0.21162117180431245,16.334997552581733,40.99137537284091,-62.6875
1772913289.7688117,33.86487048569484,2.3064724007878663,-8.74901453246921,-0.5817505007210794,-1.4241314944111718,9.621266380580641,-0.009027124122855149,-0.008963204467837134,0.17780541754692233,16.171379111867093,41.871153899436166,-61.875
1772913289.797362,34.30649350751273,2.2804733671146695,-8.744131670591115,-0.602328683177294,-1.4556728679305186,9.627532985544658,-0.010148358405928325,-0.026685209423077005,0.20289452554434081,16.171379111867093,41.871153899436166,-61.875
1772913289.8255994,34.53066093168714,2.2662392068878567,-8.738412607776286,-0.5915342313357017,-1.4345619873754485,9.631703341145647,-0.007244738157215252,-0.028547494957489417,0.20180369476184434,16.171379111867093,41.871153899436166,-61.875
1772913289.854739,34.53066093168714,2.2662392068878567,-8.738412607776286,-0.5915342313357017,-1.4345619873754485,9.631703341145647,-0.007244738157215252,-0.028547494957489417,0.20180369476184434,16.171379111867093,41.871153899436166,-61.875
1772913289.8826778,35.46801319596141,2.3352559097431813,-8.697705677261704,-0.5217764918450797,-1.3915279585473261,9.63447866621218,-0.005919099893707672,-0.02775850396488667,0.31306843457648287,17.160605484677788,42.974214950935945,-62.6875
1772913289.9062407,35.46801319596141,2.3352559097431813,-8.697705677261704,-0.5217764918450797,-1.3915279585473261,9.63447866621218,-0.005919099893707672,-0.02775850396488667,0.31306843457648287,17.160605484677788,42.974214950935945,-62.6875
1772913289.938635,35.94017838076302,2.3584881306478604,-8.694208449710803,-0.47535349545907923,-1.362889293083811,9.636325614041546,-0.024950763198700616,-0.02292867852674317,0.2825251726665821,17.160605484677788,42.974214950935945,-62.6875
1772913289.9813502,36.347996910610526,2.4017900077559964,-8.69542492875514,-0.5854376728236934,-1.5185734835850502,9.747943423531769,-0.006896514952990319,-0.005002269591068898,0.1265363707695889,16.52039887645721,41.97602383757603,-62.6875
1772913290.0425973,36.92593816600428,2.4425402547307455,-8.676585085433725,-0.6586974631390082,-1.6221795732572657,9.711835142553344,-0.009579751307514485,-0.015575415871620533,0.21271200258680892,16.52039887645721,41.97602383757603,-62.6875
1772913290.06433,37.442080560632114,2.462867194325596,-8.67519649188802,-0.6745376796940427,-1.5614349890199863,9.781468612723073,-0.025691814450039853,-0.008110293820216375,0.22362031041177347,18.522274592867735,42.24176547158518,-61.0625
1772913290.0881953,37.80845828517131,2.474957974361793,-8.667198319078665,-0.6127780185257636,-1.4944936747939075,9.7073848878007,-0.01939586642297238,-0.02321298207595009,0.21707532571679475,18.522274592867735,42.24176547158518,-61.0625
1772913290.1064315,37.80845828517131,2.474957974361793,-8.667198319078665,-0.6127780185257636,-1.4944936747939075,9.7073848878007,-0.01939586642297238,-0.02321298207595009,0.21707532571679475,18.522274592867735,42.24176547158518,-61.0625
1772913290.1263537,38.05716554828304,2.4590115373603894,-8.686195840542632,-0.58237449446755,-1.4920952938163712,9.728330342287999,-0.013540686184282722,-0.013444806701755702,0.21925698728178766,18.522274592867735,42.24176547158518,-61.0625
1772913290.1539593,38.512646746823535,2.44329195755797,-8.716922889413746,-0.5687239599432917,-1.5164378539791485,9.728888861443961,-0.013840969647244147,-0.02349728562515701,0.19962203319685143,18.251039469167885,42.6974863375454,-63.5
1772913290.210101,38.9149839425002,2.4300916742627914,-8.730420306220696,-0.5531550177259456,-1.534283223619979,9.729260549703188,-0.011978684112831733,-0.020593665376443936,0.17235126363444003,18.251039469167885,42.6974863375454,-63.5
1772913290.2269208,39.39366511825968,2.4131172988942646,-8.707626196801325,-0.51496471908603,-1.4772963156781294,9.706092122136438,-0.010400702127626239,-0.023244941903459097,0.22580197197676638,18.072962798213332,43.7743776734107,-63.0
1772913290.2584865,39.66564394179477,2.38685723851535,-8.70255109662455,-0.489549501954755,-1.4393721650283011,9.663912898740504,0.0014821025026784734,-0.029636769413053588,0.2399827721492203,18.072962798213332,43.7743776734107,-63.0
1772913290.2831287,40.02613382567069,2.392266577713237,-8.698106741685793,-0.5294992775784076,-1.4342148779755592,9.635843096743308,-0.010905389571022066,-0.01636440686422328,0.20289452554434081,18.072962798213332,43.7743776734107,-63.0
1772913290.3098605,40.02613382567069,2.392266577713237,-8.698106741685793,-0.5294992775784076,-1.4342148779755592,9.635843096743308,-0.010905389571022066,-0.01636440686422328,0.20289452554434081,18.072962798213332,43.7743776734107,-63.0
1772913290.3668256,40.67834333570774,2.34853268807664,-8.732919256192837,-0.563490911982938,-1.4599637489532447,9.620508068781726,-0.006676131058801412,-0.01743770140603295,0.2007128639793479,19.163396782703426,43.49764906002015,-63.5
1772913290.4065495,41.2422183062037,2.3196458278483654,-8.735148280806316,-0.5925966289456309,-1.4754536671784426,9.71400124190368,-0.0006005669259228466,-0.02010495784680261,0.19962203319685143,19.163396782703426,43.49764906002015,-63.5
1772913290.4392629,41.69568317835727,2.2980882962269744,-8.739690752887094,-0.5657996802828591,-1.507831539015832,9.672521441302266,-0.005618816430746248,-0.017706025041485364,0.20725784867432664,19.163396782703426,43.49764906002015,-62.6875
1772913290.4654279,41.69568317835727,2.2980882962269744,-8.739690752887094,-0.5657996802828591,-1.507831539015832,9.672521441302266,-0.005618816430746248,-0.017706025041485364,0.20725784867432664,19.163396782703426,43.49764906002015,-62.6875
1772913290.549091,42.26231368387302,2.2814934043956945,-8.720644237184935,-0.588422254804565,-1.49840498466833,9.755305783703298,-0.0114420368419269,-0.01847903612033361,0.1908953869368798,19.163396782703426,43.49764906002015,-62.6875
1772913290.6589909,43.40053775145283,2.215377723197834,-8.725286686306859,-0.588960336834451,-1.516522713315471,9.800362503687529,-0.005114128987350421,-0.02458656008072118,0.20398535632683726,18.707675916743213,43.2264139363203,-61.875
1772913290.7422245,44.70773834643908,2.1607338330999126,-8.754398152534895,-0.584381421084421,-1.5091258674081107,9.830347247520493,-0.002731176095787677,-0.024065892723570848,0.17998707911191522,18.87678784714855,43.89279026017536,-61.875
1772913290.8166032,45.47164979984864,2.1113762197339754,-8.777420719872737,-0.5805113699142582,-1.5009610170959882,9.803470195687323,-0.011426056928172395,-0.013981453972660535,0.18871372537188688,18.87678784714855,43.89279026017536,-61.875
1772913290.8881052,46.168500378295356,2.124918120129165,-8.779576714439811,-0.5761432156216755,-1.4476662509101506,9.785583817928691,-0.011173713206474483,-0.017421721492278445,0.16580627893946132,19.922931559303784,43.9497075995199,-63.0625
1772913290.991182,47.343038843663464,2.109039372937942,-8.771458511029603,-0.5732362577354424,-1.4121991793550226,9.773680633334253,-0.004593461630200091,-0.02696951297228392,0.20180369476184434,18.529599245788663,44.3033052721856,-62.375
1772913291.0469277,48.52547743602982,2.081857999454472,-8.771698712426483,-0.5568322028785032,-1.3934898230829598,9.708108399433444,-0.009059083950364156,-0.017958368763183276,0.19198621771937624,19.799941064463543,43.46507027307985,-61.5625
1772913291.098104,48.954983080337,2.067912664863575,-8.768004705051363,-0.5296073423601534,-1.3908583746878758,9.671944932173007,0.0017504261381308906,-0.028579454784998425,0.1930770485018727,19.799941064463543,43.46507027307985,-61.5625
1772913291.1818106,49.80494132323412,2.0779777363791734,-8.770235826778556,-0.5238320101321835,-1.4377421550105085,9.647878548683584,-0.009295447758307566,-0.010020519095892298,0.18762289458939044,20.957363786064455,44.97681517335964,-62.375
1772913291.2003963,49.80494132323412,2.0779777363791734,-8.770235826778556,-0.5238320101321835,-1.4377421550105085,9.647878548683584,-0.009295447758307566,-0.010020519095892298,0.18762289458939044,20.957363786064455,44.97681517335964,-62.375
1772913291.220551,50.07018203734839,2.0774232546378237,-8.745464801786786,-0.5497963985802271,-1.4096109667060654,9.59172129882266,0.013933514231397026,-0.02491880337119161,0.14835298641951802,20.957363786064455,44.97681517335964,-62.375
1772913291.250325,50.25252669567922,2.089818066465109,-8.726693062926278,-0.5721981999315001,-1.234288195083696,9.681463521235935,-0.007417182310140649,-0.002619316699506154,0.031634092692397225,18.643433924477744,42.21101784787512,-63.5625
1772913291.305173,50.408891002282125,2.0967830309850726,-8.768220044225787,-0.5449560326298122,-1.12830968960135,9.667593510204634,-0.004765905783125488,-0.0010413347143006604,0.10799224746714914,18.643433924477744,42.21101784787512,-63.5625
1772913291.3679955,-134.47104955441785,-5.2012837567344405,-1.026043703231336,-0.7214258242151178,-1.2534287259652348,9.718575183533227,0.017405741578523943,-0.015671295354147553,0.10581058590215622,18.965368391818267,43.22549835470518,-63.0625
1772913291.4247854,50.75910654806617,2.1401100666270985,-8.709286954951555,-0.6200805953105107,-1.4129235772246431,9.7525029176308,-0.025375551073323926,0.006439767250858002,0.015271630954950384,18.965368391818267,43.22549835470518,-63.0625
1772913291.473344,50.75910654806617,2.1401100666270985,-8.709286954951555,-0.6200805953105107,-1.4129235772246431,9.7525029176308,-0.025375551073323926,0.006439767250858002,0.015271630954950384,18.965368391818267,43.22549835470518,-63.0625
1772913291.535649,51.02274055894169,2.163258470321689,-8.761490470345663,-0.6876587889791189,-1.6159435502164576,9.788461892504388,-0.03913662115179556,0.005430392364066347,0.06435901616729091,20.77379362541921,44.50755165877463,-64.25
1772913291.586578,50.99508880773294,2.156060864990824,-8.714997715746915,-0.6430016584088519,-1.6426534687708916,9.812392188594693,-0.0036926112413158208,0.003187923797919994,-0.02945243112740431,20.77379362541921,44.50755165877463,-64.25
1772913291.7366338,51.08856412292007,2.168283067942165,-8.760189752139645,-0.6593023043430287,-1.5969826313747228,9.804901751372633,-0.011898784544059215,0.0018942453619214205,0.006544984694978736,20.578511979379392,45.00847837868481,-62.0
1772913291.795563,50.829923597744525,2.1554953935267034,-8.801886724355358,-0.6710531148170841,-1.5077306793838177,9.82001540078108,-0.011662420736115807,-0.006043604305369558,-0.06544984694978735,20.355229454474866,46.16132319221015,-62.375
1772913291.8655605,50.50843767248975,2.147459760578599,-8.84734233617798,-0.6851797259647283,-1.4812053627478055,9.833390695877048,-0.01186682471655021,0.010889409657267562,-0.06981317007977318,20.355229454474866,46.16132319221015,-62.375
1772913291.9019752,50.50843767248975,2.147459760578599,-8.84734233617798,-0.6851797259647283,-1.4812053627478055,9.833390695877048,-0.01186682471655021,0.010889409657267562,-0.06981317007977318,20.355229454474866,46.16132319221015,-62.375
1772913291.9461455,50.15060097240491,2.077663414791333,-8.905521583236956,-0.7200886784180034,-1.5640653524914112,9.772044459497872,-0.00070909142383023,0.023813549001872936,-0.10253809355466686,19.99083587802972,45.99587358826528,-62.375
1772913291.98141,49.80190001645076,2.0497120325307625,-8.93664053947385,-0.7433201963171079,-1.6192077500590467,9.731219224469893,-0.0036606514138068143,0.012183088093266136,-0.12217304763960307,19.99083587802972,45.99587358826528,-62.375
1772913292.0063205,49.49996875274112,1.9986016706719671,-8.950849363060419,-0.729599524065289,-1.6633099046545905,9.69067003977725,0.003219883625429001,0.012687775536661963,-0.136353847812057,19.627357883199686,46.088116459395465,-62.375
1772913292.0407932,49.18171618902668,1.9580952040707293,-8.957844283447216,-0.678318254095213,-1.7033562364332346,9.697136127401565,-0.013745090164717127,0.0034882072608814177,-0.09599310885968812,19.627357883199686,46.088116459395465,-62.375
1772913292.09952,49.18171618902668,1.9580952040707293,-8.957844283447216,-0.678318254095213,-1.7033562364332346,9.697136127401565,-0.013745090164717127,0.0034882072608814177,-0.09599310885968812,19.627357883199686,46.088116459395465,-62.375
1772913292.1603503,48.80761979966316,1.9118475325499276,-8.950149666477731,-0.6351399690075074,-1.6943409710065567,9.72485501843585,0.005855180238689658,0.009768175374194384,-0.055632369907319255,19.790976323914325,45.20833793280021,-61.5625
1772913292.2077243,48.64332049581512,1.8689962586223772,-8.970719678954483,-0.6243606374651409,-1.7182962307967122,9.793478306388655,0.014361637004394476,0.021114332733594265,-0.0818123086872342,19.790976323914325,45.20833793280021,-61.5625
1772913292.247542,48.34821293069922,1.8578356477860998,-8.968234200997667,-0.6320859031483895,-1.588960068716661,9.815730555997657,0.0011372141968276801,0.022219587102912938,-0.09926560120717749,20.05233112544984,46.2381922514853,-61.5625
1772913292.311439,47.970171501651436,1.7837107304655655,-8.968660665842963,-0.6709631705864055,-1.6358239091792246,9.830539179538533,-0.015827759593318447,0.013020018827132393,-0.12435470920459599,20.05233112544984,46.2381922514853,-61.5625
1772913292.3443682,47.970171501651436,1.7837107304655655,-8.968660665842963,-0.6709631705864055,-1.6358239091792246,9.830539179538533,-0.015827759593318447,0.013020018827132393,-0.12435470920459599,20.05233112544984,46.2381922514853,-61.5625
1772913292.3969045,47.636378411542324,1.7442759689561274,-8.965279716003169,-0.7157607372111108,-1.7415849072496745,9.827013706252545,0.004293178167238667,0.016917034048882618,-0.13308135546456762,20.293734207054747,45.91900452899013,-60.375
1772913292.446885,47.24014907140099,1.6962931187628358,-8.997623122531177,-0.7261190254445012,-1.8169046733679495,9.824667543162837,0.0008369307338662567,0.012167108179511632,-0.12871803233458182,20.293734207054747,45.91900452899013,-60.375
1772913292.492844,46.922397055844826,1.6940930861086174,-9.013264406698156,-0.7000989950198334,-1.7373358567844601,9.806380639298398,-0.009972579354628789,0.02278819420132678,-0.1090830782496456,20.293734207054747,45.91900452899013,-62.375
1772913292.5479345,46.406712016063075,1.6444758812482543,-9.074813984791827,-0.6287238478607993,-1.544982196306618,9.758255858616367,-0.0010093748867916535,0.01376107007847163,-0.11126473981463851,20.293734207054747,45.91900452899013,-62.375
1772913292.5671346,46.276703400135986,1.617440555895223,-9.061806273326306,-0.5960815870589612,-1.483495521468422,9.772219740221805,0.010605106108060643,0.006311927940821975,-0.11126473981463851,20.03695731359481,46.17761258568029,-62.0
1772913292.6151009,45.97153727404569,1.5734813354408337,-9.101713965586502,-0.5794915447213352,-1.517199465525254,9.781512547443446,0.0028716604212040676,-0.010857449829758555,-0.09490227807719166,20.03695731359481,46.17761258568029,-62.0
1772913292.6775312,45.66466365086298,1.5628624295637337,-9.073828574729417,-0.5330691996691583,-1.4002087882721963,9.73417501952488,0.036280940644345984,0.009924639613365281,-0.11562806294462433,19.760228700204262,45.0871786011902,-61.1875
1772913292.7129784,45.30106374834774,1.54705650499315,-9.087306283791179,-0.5360098441601447,-1.4828727346673956,9.70267242348991,-0.015811779679563945,0.017517600974805463,-0.11453723216212788,19.760228700204262,45.0871786011902,-61.1875
1772913292.7406173,45.30106374834774,1.54705650499315,-9.087306283791179,-0.5360098441601447,-1.4828727346673956,9.70267242348991,-0.015811779679563945,0.017517600974805463,-0.11453723216212788,19.760228700204262,45.0871786011902,-61.1875
1772913292.7895355,44.98668934821585,1.5499599007940785,-9.083911003376663,-0.5498192829003609,-1.448598028969105,9.681707797735692,0.014598000812337886,0.013176483066303285,-0.11780972450961724,19.76572218989496,46.63333345164051,-62.375
1772913292.8058207,44.65584463784177,1.5175091636464983,-9.091402786589128,-0.5265859902308653,-1.4340169340840243,9.684481632023072,0.009531811566250976,0.0020826694286013208,-0.15707963267948966,19.76572218989496,46.63333345164051,-62.375
1772913292.8495352,44.65584463784177,1.5175091636464983,-9.091402786589128,-0.5265859902308653,-1.4340169340840243,9.684481632023072,0.009531811566250976,0.0020826694286013208,-0.15707963267948966,19.76572218989496,46.63333345164051,-62.375
1772913292.8782141,44.18756144974475,1.4737217177367483,-9.15770126055113,-0.5078821615032433,-1.4251362122078635,9.723123816536077,-0.011598501081097792,0.011946724285322726,-0.14180800172453928,19.24942165812974,46.37747213979569,-60.375
1772913292.8995266,44.18756144974475,1.4737217177367483,-9.15770126055113,-0.5078821615032433,-1.4251362122078635,9.723123816536077,-0.011598501081097792,0.011946724285322726,-0.14180800172453928,19.24942165812974,46.37747213979569,-60.375
1772913292.9331791,43.89238294465648,1.4336981945271454,-9.146390066320532,-0.48473813187181125,-1.3770758751469996,9.748839758667998,0.010621086021815147,0.010809510088495046,-0.136353847812057,19.24942165812974,46.37747213979569,-60.375
1772913292.9776497,43.59810046273541,1.3815236306309264,-9.141605480230202,-0.5309505731857579,-1.5606828331855465,9.79940454796409,0.005066189246086911,0.011093813637701965,-0.12326387842209953,19.37058098973975,46.34672451608563,-61.5625
1772913293.0265884,43.18536135692442,1.3559005505517578,-9.174628110898453,-0.620066412454623,-1.6680602027456415,9.78622328649246,0.008522436679459322,0.015843739507072952,-0.12217304763960307,19.37058098973975,46.34672451608563,-61.5625
1772913293.0637188,43.18536135692442,1.3559005505517578,-9.174628110898453,-0.620066412454623,-1.6680602027456415,9.78622328649246,0.008522436679459322,0.015843739507072952,-0.12217304763960307,19.37058098973975,46.34672451608563,-61.5625
1772913293.1186588,42.875420424218596,1.3052435745830446,-9.160086061760236,-0.6793720079989009,-1.7395186427040732,9.76741596910547,0.02143059611031019,0.0001884240666798995,-0.1090830782496456,19.201469059334418,45.68034819223057,-61.5625
1772913293.1603076,42.465265146515605,1.255739936907828,-9.134108517217035,-0.5698287318403792,-1.6350758612881537,9.75489990947593,0.0,0.0,-0.05999569303730508,19.201469059334418,45.68034819223057,-61.5625
1772913293.1927402,42.19639007705126,1.2356414000687115,-9.183927106841399,-0.4969289052354566,-1.5655703569581734,9.746570611606018,-0.008931244640328129,0.01802228841820129,-0.14180800172453928,18.583045334274683,46.54658407020102,-60.75
1772913293.2329826,41.99749546119773,1.212589616804718,-9.157873169761658,-0.363144408679632,-1.4960900838297246,9.720956886674028,0.038948197085115654,0.016000203746243842,-0.1308996938995747,18.583045334274683,46.54658407020102,-60.75
1772913293.2687793,41.55379102225028,1.18907595119803,-9.140283959500046,-0.4883512497860265,-1.4645055107975402,9.703911238855843,0.02572377427754886,0.01710545811556252,-0.1189005552921137,18.782904888390078,47.33411972566609,-60.75
1772913293.2986593,41.55379102225028,1.18907595119803,-9.140283959500046,-0.4883512497860265,-1.4645055107975402,9.703911238855843,0.02572377427754886,0.01710545811556252,-0.1189005552921137,18.782904888390078,47.33411972566609,-60.75
1772913293.3299258,41.14569742125844,1.1502680488463903,-9.147903291686887,-0.47271037288036805,-1.4478945210960652,9.692567550645204,0.026969512972283925,-0.004593461630200091,-0.09599310885968812,18.782904888390078,47.33411972566609,-60.75
1772913293.3571024,41.14569742125844,1.1502680488463903,-9.147903291686887,-0.47271037288036805,-1.4478945210960652,9.692567550645204,0.026969512972283925,-0.004593461630200091,-0.09599310885968812,18.782904888390078,47.33411972566609,-60.75
1772913293.3835988,40.697676232333315,1.1044542842644005,-9.118071212947726,-0.46723854734984477,-1.4562940849403896,9.701744011394922,-0.005506957034464725,0.013777049992226132,-0.13526301702956053,19.596610259489626,45.96695712778545,-61.5625
1772913293.3997092,40.57083566345127,1.0816129183101286,-9.109775586653365,-0.45866010525342854,-1.4424299089157686,9.707850843516075,0.01716937777058053,-0.007733445686856575,-0.10581058590215622,19.596610259489626,45.96695712778545,-61.5625
1772913293.4192386,40.359538079070404,1.0553265486652588,-9.108740299628147,-0.48542357131978736,-1.438767277604982,9.711914872074919,0.0034882072608814177,0.013745090164717127,-0.13199052468207118,19.596610259489626,45.96695712778545,-61.5625
1772913293.45357,40.359538079070404,1.0553265486652588,-9.108740299628147,-0.48542357131978736,-1.438767277604982,9.711914872074919,0.0034882072608814177,0.013745090164717127,-0.13199052468207118,19.596610259489626,45.96695712778545,-61.5625
1772913293.484282,40.07726648756631,1.0139260016952178,-9.1050352657125,-0.5064766910084011,-1.4355070034935677,9.724654772804614,-0.0007570311650937402,0.010320802558853722,-0.11780972450961724,19.083972054184873,46.74186571624084,-61.1875
1772913293.5057087,39.7937222060674,0.9969493515586857,-9.026107287571106,-0.520487306982417,-1.4333373274920698,9.709717252474974,0.04710643064659554,0.003801135739223204,-0.11671889372712078,19.083972054184873,46.74186571624084,-61.1875
1772913293.53552,39.7937222060674,0.9969493515586857,-9.026107287571106,-0.520487306982417,-1.4333373274920698,9.709717252474974,0.04710643064659554,0.003801135739223204,-0.11671889372712078,19.083972054184873,46.74186571624084,-61.1875
1772913293.5583513,39.371675380142364,0.9414574422811216,-8.985863247179308,-0.48987415668281437,-1.1521320402823212,9.646254712241523,0.02510722743787151,-0.007497081878913165,-0.27052603405912107,18.97635537119966,46.3178080556058,-59.5625
1772913293.575697,39.12324294720661,0.9093738554536848,-8.978614290004954,-0.4571589388043515,-0.9163580830787602,9.604021100639187,0.004481602233918568,-0.0045135620614275744,-0.15489797111449674,18.97635537119966,46.3178080556058,-59.5625
1772913293.596645,39.20727205839818,0.9190548605536373,-8.968320586415228,-0.042438336464898876,-0.9109423642065959,9.589295550727464,0.008158233561479886,-0.01219906800702064,0.055632369907319255,18.97635537119966,46.3178080556058,-59.5625
1772913293.6444151,39.26149862623668,0.9423281897378513,-9.02106743573148,0.20640007334350818,-1.0143352194302988,9.643052984195451,-0.019015683391238443,0.009327407585816572,0.018544123302439753,18.807243440794327,45.65143173175074,-62.0
1772913293.6842804,39.20908747571,0.9319111185521167,-9.009299980242101,0.12150663161804731,-1.254250551555394,9.678827955658518,0.01432967717688547,0.012119168438248123,-0.019634954084936207,18.807243440794327,45.65143173175074,-62.0
1772913293.7206974,39.23591209782272,0.9496591172830209,-9.008536816487473,-0.2721915323799048,-1.328336800665529,9.702635799534573,-0.0010732945418096668,-0.004229258512220654,0.01090830782496456,18.97635537119966,46.3178080556058,-61.5625
1772913293.7835248,39.215187473409785,0.932410437592803,-9.024594667233883,-0.2522573902780464,-1.4906034056704178,9.664957866365935,-0.004733945955616481,0.007953829581045482,0.003272492347489368,18.97635537119966,46.3178080556058,-61.5625
1772913293.8046818,39.24573975816623,0.9441938367191192,-9.011836370205861,-0.3997461677384817,-1.4024922119715044,9.68337007492745,0.013745090164717127,-0.0034882072608814177,0.01090830782496456,18.47542865128947,46.122526409565985,-60.75
1772913293.827385,39.24573975816623,0.9441938367191192,-9.011836370205861,-0.3997461677384817,-1.4024922119715044,9.68337007492745,0.013745090164717127,-0.0034882072608814177,0.01090830782496456,18.47542865128947,46.122526409565985,-60.75
1772913293.8826566,39.22468048295884,0.9331390526851965,-9.009169583414101,-0.375806541275647,-1.4611181876430916,9.695623194047291,-0.007669526031838562,0.0008209508201117537,0.00545415391248228,18.47542865128947,46.122526409565985,-60.75
1772913293.9197724,39.236841931163596,0.9372019083460021,-9.014803240476331,-0.48308360286815033,-1.4688654317998626,9.703777507945237,-0.0005206673571503302,0.002382952891562744,-0.002181661564992912,16.929273800839162,46.128019899256685,-60.75
1772913293.9330583,39.236841931163596,0.9372019083460021,-9.014803240476331,-0.48308360286815033,-1.4688654317998626,9.703777507945237,-0.0005206673571503302,0.002382952891562744,-0.002181661564992912,16.929273800839162,46.128019899256685,-60.75
1772913293.955054,39.23091041566546,0.9336040807511509,-9.008871724978203,-0.4636899933038642,-1.4970604851178353,9.729274782998582,0.0034402675196179076,0.0002523437216979134,0.006544984694978736,16.929273800839162,46.128019899256685,-60.75
1772913293.974423,39.23714001013349,0.9340690509448105,-9.008573832264743,-0.5318420625035731,-1.4952531309326085,9.726172264479441,-0.007401202396386145,0.0018782654481669173,0.002181661564992912,17.630060074864744,47.110837200761566,-62.375
1772913294.0152712,39.236841931163596,0.9372019083460021,-9.014803240476331,-0.518060697122373,-1.5194111967574866,9.724107573062357,0.0034402675196179076,0.0002523437216979134,-0.003272492347489368,17.630060074864744,47.110837200761566,-62.375
1772913294.0434105,39.236841931163596,0.9372019083460021,-9.014803240476331,-0.518060697122373,-1.5194111967574866,9.724107573062357,0.0034402675196179076,0.0002523437216979134,-0.003272492347489368,17.630060074864744,47.110837200761566,-62.375
1772913294.067708,39.236841931163596,0.9372019083460021,-9.014803240476331,-0.551039668265565,-1.5247912791520086,9.7227335439884,0.0,0.0,0.001090830782496456,17.52244339187953,46.68677954012653,-61.5625
1772913294.0926886,39.236841931163596,0.9372019083460021,-9.014803240476331,-0.5291908215289545,-1.5325838404568475,9.718474031281275,-0.002635296613260657,0.002919600162467577,0.0,17.52244339187953,46.68677954012653,-61.5625
1772913294.1114924,39.236841931163596,0.9372019083460021,-9.014803240476331,-0.5291908215289545,-1.5325838404568475,9.718474031281275,-0.002635296613260657,0.002919600162467577,0.0,17.52244339187953,46.68677954012653,-61.5625
1772913294.1537306,39.23730735518655,0.9309733740225039,-9.017936503857191,-0.5397664801166487,-1.5279446998607815,9.715639373156558,0.0037245710688248277,0.005807240497426149,0.001090830782496456,18.383185780159288,45.75904841473596,-62.375
1772913294.173259,39.23730735518655,0.9309733740225039,-9.017936503857191,-0.5176234748682982,-1.5322629086119193,9.713752939839763,-0.002903620248713074,0.0018622855344124138,0.003272492347489368,18.383185780159288,45.75904841473596,-62.375
1772913294.1876504,39.23730735518655,0.9309733740225039,-9.017936503857191,-0.5176234748682982,-1.5322629086119193,9.713752939839763,-0.002903620248713074,0.0018622855344124138,0.003272492347489368,18.383185780159288,45.75904841473596,-62.375
1772913294.2301917,39.23730735518655,0.9309733740225039,-9.017936503857191,-0.5237752384132514,-1.5085526144230053,9.733947069389487,0.002114629256110327,-0.0005366472709048334,0.001090830782496456,18.388679269849984,47.305203265186265,-60.375
1772913294.2525327,39.23730735518655,0.9309733740225039,-9.017936503857191,-0.5237752384132514,-1.5085526144230053,9.733947069389487,0.002114629256110327,-0.0005366472709048334,0.001090830782496456,18.388679269849984,47.305203265186265,-60.375
1772913294.274624,39.23730735518655,0.9309733740225039,-9.017936503857191,-0.518256138763198,-1.4957895310013338,9.739316954001689,0.0013256382635075804,0.0007889909926027469,0.001090830782496456,18.388679269849984,47.305203265186265,-60.375
1772913294.3044934,39.23730735518655,0.9309733740225039,-9.017936503857191,-0.5145832395984702,-1.487295841557195,9.742890552225568,0.0002683236354524167,0.0010573146280551636,0.001090830782496456,18.552297710564623,46.42542473859101,-62.25
1772913294.3461947,39.23730735518655,0.9309733740225039,-9.017936503857191,-0.515381298222273,-1.4808205522244904,9.74526874192385,0.0007889909926027469,-0.0013256382635075802,0.0,18.552297710564623,46.42542473859101,-62.25
1772913294.3963385,39.23730735518655,0.9309733740225039,-9.017936503857191,-0.5183808989865893,-1.486238315474168,9.746851400601937,-0.0007889909926027469,0.0013256382635075802,0.001090830782496456,17.52244339187953,46.68677954012653,-61.5625
1772913294.4313822,39.23730735518655,0.9309733740225039,-9.017936503857191,-0.5183808989865893,-1.486238315474168,9.746851400601937,-0.0007889909926027469,0.0013256382635075802,0.001090830782496456,17.52244339187953,46.68677954012653,-61.5625
1772913294.466141,39.23730735518655,0.9309733740225039,-9.017936503857191,-0.5195542658991477,-1.4866014444074906,9.747904642272749,0.002382952891562744,0.0005206673571503302,0.0,17.52244339187953,46.68677954012653,-61.5625
1772913294.5135148,39.23730735518655,0.9309733740225039,-9.017936503857191,-0.520335128472088,-1.4868431026562008,9.748605562839193,0.0013256382635075804,0.0007889909926027469,0.001090830782496456,17.80905232743441,46.29163833997132,-61.5
1772913294.5463324,39.23730735518655,0.9309733740225039,-9.017936503857191,-0.5265166138811292,-1.4821159237555444,9.749072017646366,0.0018463056206579104,-0.001593961898959997,0.001090830782496456,17.80905232743441,46.29163833997132,-61.5
1772913294.5862782,39.23730735518655,0.9309733740225039,-9.017936503857191,-0.5289846555924134,-1.4724853750252918,9.7493824381099,0.0002683236354524167,0.0010573146280551636,0.0,18.552297710564623,46.42542473859101,1986.9375
1772913294.6090794,39.23730735518655,0.9309733740225039,-9.017936503857191,-0.5289846555924134,-1.4724853750252918,9.7493824381099,0.0002683236354524167,0.0010573146280551636,0.0,18.552297710564623,46.42542473859101,1986.9375
1772913294.6718557,39.23730735518655,0.9309733740225039,-9.017936503857191,-0.5249957524099284,-1.4715622774445345,9.753071608749407,0.0010573146280551636,-0.0002683236354524167,0.001090830782496456,17.630060074864744,47.110837200761566,-61.0625
1772913294.7053914,39.23730735518655,0.9309733740225039,-9.017936503857191,-0.5249957524099284,-1.4715622774445345,9.753071608749407,0.0010573146280551636,-0.0002683236354524167,0.001090830782496456,17.630060074864744,47.110837200761566,-61.0625
1772913294.7353075,39.23730735518655,0.9309733740225039,-9.017936503857191,-0.5231335430712671,-1.4735923730518992,9.745353897895974,-0.0002683236354524167,-0.0010573146280551636,0.002181661564992912,17.630060074864744,47.110837200761566,-61.0625
1772913294.7610908,39.23730735518655,0.9309733740225039,-9.017936503857191,-0.5251365955475865,-1.474120545112588,9.743562959242812,-0.0002683236354524167,-0.0010573146280551636,0.002181661564992912,18.552297710564623,46.42542473859101,-60.75
1772913294.79009,39.23730735518655,0.9309733740225039,-9.017936503857191,-0.5264696045950148,-1.4744720377189082,9.74237110957523,-0.0010573146280551636,0.0002683236354524167,0.0,18.552297710564623,46.42542473859101,-60.75
1772913294.8568068,39.23730735518655,0.9309733740225039,-9.017936503857191,-0.5281795411137498,-1.4779482841109415,9.748268170349924,0.0005366472709048334,0.002114629256110327,0.001090830782496456,18.111950656459438,46.21476928069617,-61.5
1772913294.9038641,39.23730735518655,0.9309733740225039,-9.017936503857191,-0.5281795411137498,-1.4779482841109415,9.748268170349924,0.0005366472709048334,0.002114629256110327,0.001090830782496456,18.111950656459438,46.21476928069617,-61.5
1772913294.9299521,39.23730735518655,0.9309733740225039,-9.017936503857191,-0.5260751527767684,-1.4810845211409815,9.752192598420999,-0.0013256382635075804,-0.0007889909926027469,0.0,18.111950656459438,46.21476928069617,-61.5
1772913294.968292,39.23730735518655,0.9309733740225039,-9.017936503857191,-0.5246747058460652,-1.4831716518504099,9.748114038048927,-0.0005206673571503302,0.002382952891562744,-0.001090830782496456,17.44557433260438,46.3838812111015,-62.0
1772913294.99555,39.23730735518655,0.9309733740225039,-9.017936503857191,-0.5220970562809831,-1.4780759500448424,9.738709578267178,-0.0005366472709048334,-0.002114629256110327,-0.001090830782496456,17.44557433260438,46.3838812111015,-62.0
1772913295.0545218,39.23730735518655,0.9309733740225039,-9.017936503857191,-0.5203816592896533,-1.4746848174159564,9.732451015337125,0.0005206673571503302,-0.002382952891562744,0.004363323129985824,18.019707785329256,45.85129128586614,-61.5
1772913295.0800107,39.23730735518655,0.9309733740225039,-9.017936503857191,-0.5203816592896533,-1.4746848174159564,9.732451015337125,0.0005206673571503302,-0.002382952891562744,0.004363323129985824,18.019707785329256,45.85129128586614,-61.5
1772913295.1251247,39.23730735518655,0.9309733740225039,-9.017936503857191,-0.5192400817541633,-1.4724280565328662,9.73832134674186,-0.0007889909926027469,0.0013256382635075802,0.001090830782496456,18.019707785329256,45.85129128586614,-61.5
1772913295.167418,39.23730735518655,0.9309733740225039,-9.017936503857191,-0.5225455405338666,-1.4733457054754395,9.742227986715813,0.0013256382635075804,0.0007889909926027469,0.0,17.52244339187953,46.68677954012653,-61.5
1772913295.2313638,39.23730735518655,0.9309733740225039,-9.017936503857191,-0.523922452539007,-1.4707140586069547,9.74482781197845,0.0005206673571503302,-0.002382952891562744,0.001090830782496456,17.52244339187953,46.68677954012653,-61.5
1772913295.262262,39.23730735518655,0.9309733740225039,-9.017936503857191,-0.523922452539007,-1.4707140586069547,9.74482781197845,0.0005206673571503302,-0.002382952891562744,0.001090830782496456,17.52244339187953,46.68677954012653,-61.5
1772913295.2836869,39.23730735518655,0.9309733740225039,-9.017936503857191,-0.524838772097313,-1.4689627270133996,9.746557966648783,-0.002114629256110327,0.0005366472709048334,-0.001090830782496456,18.296436398719802,46.94172527035623,-62.0
1772913295.3082922,39.23730735518655,0.9309733740225039,-9.017936503857191,-0.5222062405384484,-1.4686200692899025,9.744364253547477,0.0002683236354524167,0.0010573146280551636,0.0,18.296436398719802,46.94172527035623,-62.0
1772913295.3469563,39.23730735518655,0.9309733740225039,-9.017936503857191,-0.5222062405384484,-1.4686200692899025,9.744364253547477,0.0002683236354524167,0.0010573146280551636,0.0,18.296436398719802,46.94172527035623,-62.0
1772913295.371879,39.23730735518655,0.9309733740225039,-9.017936503857191,-0.5204543201933284,-1.468392034402653,9.742904361983939,0.0010413347143006604,-0.004765905783125488,0.002181661564992912,18.296436398719802,46.94172527035623,-61.0625
1772913295.4170768,39.23730735518655,0.9309733740225039,-9.017936503857191,-0.5192884367738836,-1.4682402797325051,9.741932820456462,0.002382952891562744,0.0005206673571503302,0.001090830782496456,18.296436398719802,46.94172527035623,-61.0625
1772913295.4683242,39.23730735518655,0.9309733740225039,-9.017936503857191,-0.5192884367738836,-1.4682402797325051,9.741932820456462,0.002382952891562744,0.0005206673571503302,0.001090830782496456,18.296436398719802,46.94172527035623,-61.0625
1772913295.5258405,39.23730735518655,0.9309733740225039,-9.017936503857191,-0.5103822226273836,-1.4633002924935345,9.758011828959354,-0.0002683236354524167,-0.0010573146280551636,0.003272492347489368,18.388679269849984,47.305203265186265,-61.5
1772913295.5788972,39.23730735518655,0.9309733740225039,-9.017936503857191,-0.5067337952073221,-1.459696898773882,9.759107667998116,-0.0007889909926027469,0.0013256382635075802,0.001090830782496456,17.885921386709562,46.59453666899635,-61.0625
1772913295.624427,39.23730735518655,0.9309733740225039,-9.017936503857191,-0.5125770787646019,-1.4583885982252718,9.752715939606109,0.0007889909926027469,-0.0013256382635075802,0.001090830782496456,17.885921386709562,46.59453666899635,-61.0625
1772913295.6565893,39.23730735518655,0.9309733740225039,-9.017936503857191,-0.5164657186982174,-1.4575179388248467,9.755152539176152,0.0010573146280551636,-0.0002683236354524167,0.001090830782496456,17.885921386709562,46.59453666899635,-61.0625
1772913295.7106757,39.23730735518655,0.9309733740225039,-9.017936503857191,-0.5164657186982174,-1.4575179388248467,9.755152539176152,0.0010573146280551636,-0.0002683236354524167,0.001090830782496456,17.885921386709562,46.59453666899635,-61.0625
1772913295.7420557,39.66176576248534,0.9873094382534466,-9.13670535485238,-0.5174569009228435,-1.4642460225860388,9.756774068971414,-0.028815818592941835,0.006187423529160088,0.04145156973486533,19.33983336602969,46.22556518447562,-61.0625
1772913295.789431,39.62483574507466,0.9781329048792138,-9.140449803772732,-0.5732463921411006,-1.6859597304316178,9.707676503326695,0.006864555125481312,-0.0039928947042772445,-0.03599741582238305,19.33983336602969,46.22556518447562,-61.0625
1772913295.8147366,39.62483574507466,0.9781329048792138,-9.140449803772732,-0.5732463921411006,-1.6859597304316178,9.707676503326695,0.006864555125481312,-0.0039928947042772445,-0.03599741582238305,19.33983336602969,46.22556518447562,-61.0625
1772913295.8427405,39.4051022419017,0.9625035617788428,-8.913037356643846,-0.5909196834036569,-1.8384447296286026,9.67500262184588,0.02643286570137909,-0.006708090886310418,0.01090830782496456,17.993538069694775,47.018594329631384,-60.375
1772913295.8944051,39.4051022419017,0.9625035617788428,-8.913037356643846,-0.5909196834036569,-1.8384447296286026,9.67500262184588,0.02643286570137909,-0.006708090886310418,0.01090830782496456,17.993538069694775,47.018594329631384,-60.375
1772913295.920589,39.48626150235412,0.9628640284180555,-8.962736649363535,-0.5654575220812671,-1.7388482063453292,9.576320949443224,-0.007701485859347569,-0.008174213475234388,-0.008726646259971648,17.993538069694775,47.018594329631384,-60.375
1772913295.9814887,39.53848102495076,0.9793516055309224,-8.940131317267168,-0.5355434101963669,-1.675859168219807,9.500614063683807,0.028010847686584583,-0.009359367413325579,0.038179077387375956,18.552297710564623,46.42542473859101,-60.375
1772913296.0173004,39.547693409922125,0.9831813216233772,-8.930918932295802,-0.5286052308553192,-1.6306493314274992,9.450231976912242,-0.011410077014417893,-0.009483871824987465,0.013089969389957472,18.552297710564623,46.42542473859101,-60.375
1772913296.0731745,39.5162066312739,0.9838957253368462,-8.937422290663992,-0.5229691018621326,-1.5421517107034826,9.53712728243405,-0.0036606514138068143,0.012183088093266136,-0.02181661564992912,17.885921386709562,46.59453666899635,-60.75
1772913296.1317277,39.58464281504599,0.9922928084129243,-8.927184502999461,-0.5419146448995528,-1.4774976954763406,9.6384415897698,-0.00031626337671592685,-0.014550061071074377,0.032724923474893676,17.885921386709562,46.59453666899635,-60.75
1772913296.196202,39.62534613383256,0.9953940878394258,-8.911462696128096,-0.5391828696634217,-1.4556198338502848,9.685794459302855,0.006548291748765385,-0.01854295577535162,0.037088246604879506,18.18881971573459,46.517667609721194,-60.25
1772913296.2211225,39.65653382496751,0.9978221735939898,-8.911175529810256,-0.5373649037597051,-1.4410603613298725,9.717307265010891,-0.009768175374194386,0.005855180238689658,0.015271630954950384,18.18881971573459,46.517667609721194,-60.25
1772913296.2584927,39.72572700905985,0.9968154606080325,-8.897862804027218,-0.5004894158802635,-1.440422367779443,9.738278685188485,-0.0047978656106344945,-0.010036499009646802,0.03381575425739013,18.296436398719802,46.94172527035623,-60.75
1772913296.2882986,39.83881355366505,0.9932925784469205,-8.91922498208838,-0.4850003633946255,-1.4756634420770152,9.7589251544652,-0.015655315440393048,-0.012908159430850868,0.06872233929727672,18.296436398719802,46.94172527035623,-60.75
1772913296.3429978,40.11389751417287,1.0054680290227067,-8.929428656715222,-0.4746925719894867,-1.4991159833534553,9.77266514913268,0.008410577283177796,-0.01563933552663855,0.10362892433716332,18.111950656459438,46.21476928069617,-60.75
1772913296.4116056,40.486614247056814,1.0562145785698247,-8.906738160491768,-0.5090623267940743,-1.4731998913648874,9.765083403561492,-0.010336782472608226,-0.005254613312766812,0.13526301702956053,18.111950656459438,46.21476928069617,-60.75
1772913296.448275,40.69840665840192,1.0759403688748652,-8.91095527825721,-0.5319350146812095,-1.455953021648212,9.760037836577515,-0.004261218339729661,-0.007921869753536476,0.08617563181722002,18.97635537119966,46.3178080556058,-60.0
1772913296.4680326,40.69840665840192,1.0759403688748652,-8.91095527825721,-0.5319350146812095,-1.455953021648212,9.760037836577515,-0.004261218339729661,-0.007921869753536476,0.08617563181722002,18.97635537119966,46.3178080556058,-60.0
1772913296.4943893,40.801672395196945,1.080757326126145,-8.90391062626889,-0.5455108651887166,-1.4379907585340086,9.800166520307506,0.01077755026098604,-0.019616250317161285,0.08944812416470939,18.97635537119966,46.3178080556058,-60.0
1772913296.5191946,41.11204975837355,1.0833591125425075,-8.920376952305041,-0.5311242913671691,-1.456138902001056,9.826871711063047,-0.022235567016667443,-0.0033603679508453907,0.12544553998709243,19.268457796445237,47.4688217059009,-59.5625
1772913296.5670981,41.292796029304206,1.0977776082497537,-8.934204870162555,-0.5273100244159964,-1.49091261267303,9.811192600121139,-0.005350492795293831,-0.0166487104134302,0.11126473981463851,19.268457796445237,47.4688217059009,-59.5625
1772913296.593393,41.292796029304206,1.0977776082497537,-8.934204870162555,-0.5273100244159964,-1.49091261267303,9.811192600121139,-0.005350492795293831,-0.0166487104134302,0.11126473981463851,19.268457796445237,47.4688217059009,-59.5625
1772913296.6429713,41.68656958501125,1.1190166290129733,-8.927281380803793,-0.5344986683350159,-1.5115856270123538,9.76061698644861,-0.00850645676570482,-0.01134615735939988,0.07308566242726255,20.298312115130326,47.20746690436538,-59.5625
1772913296.6654642,41.83572315966392,1.1397363637052473,-8.913057619269146,-0.5243736134413102,-1.4393969876328712,9.726959480516166,0.005791260583671644,-0.008222153216497899,0.14726215563702155,20.298312115130326,47.20746690436538,-59.5625
1772913296.6844654,41.83572315966392,1.1397363637052473,-8.913057619269146,-0.5243736134413102,-1.4393969876328712,9.726959480516166,0.005791260583671644,-0.008222153216497899,0.14726215563702155,20.298312115130326,47.20746690436538,-59.5625
1772913296.705226,42.16978183043282,1.1629304242786016,-8.919403643863596,-0.5176355025138232,-1.391356254525765,9.71459612141906,-0.010384722213871737,-0.018747359755786026,0.1189005552921137,19.083972054184873,46.74186571624084,-59.1875
1772913296.720368,42.272557102166765,1.1714083674738571,-8.933952741135373,-0.5246710393982262,-1.4047783311385367,9.709713555755025,-0.005871160152444162,-0.014265757521867458,0.09490227807719166,19.083972054184873,46.74186571624084,-59.1875
1772913296.7352276,42.37616821713869,1.1728476322805643,-8.920613862840552,-0.5261107786137428,-1.4145334070782747,9.729880044798676,0.015291112322413614,-0.01513464808324272,0.08399397025222712,19.083972054184873,46.74186571624084,-59.1875
1772913296.7785165,42.5815451415498,1.197863005412397,-8.905711746340309,-0.48970858575900794,-1.4097996480946713,9.746645729690103,-0.00028430354920692003,-0.005554896775728234,0.08944812416470939,19.842591249170113,46.93623178066554,-59.1875
1772913296.807916,42.5815451415498,1.197863005412397,-8.905711746340309,-0.48970858575900794,-1.4097996480946713,9.746645729690103,-0.00028430354920692003,-0.005554896775728234,0.08944812416470939,19.842591249170113,46.93623178066554,-59.1875
1772913296.8508635,42.74084967398509,1.2074561533616683,-8.913571102681214,-0.44655815362108164,-1.3320757486246226,9.754457993993057,-0.008474496938195812,-0.002350993064053737,0.038179077387375956,19.842591249170113,46.93623178066554,-59.1875
1772913296.872207,42.925197602218276,1.21904835712508,-8.921312400348832,-0.4178420230552022,-1.2803513617601514,9.752966745203324,0.005270593226521314,-0.005839200324935154,0.08508480103472356,19.26296430675454,45.92266685545059,-60.0
1772913296.9020476,43.012143846978766,1.23198695815673,-8.917044617589822,-0.49499309717398704,-1.394057783446872,9.751974335792097,-0.007953829581045482,-0.004733945955616482,0.08072147790473774,19.26296430675454,45.92266685545059,-60.0
1772913296.926084,43.012143846978766,1.23198695815673,-8.917044617589822,-0.5203976192544139,-1.4763108080022935,9.764694345244143,0.007889909926027469,-0.013256382635075803,0.05781403147231216,21.752224094450455,46.838495419844655,-58.75
1772913296.9611406,43.22486375697715,1.2417715219447665,-8.902145841794507,-0.5249615365864586,-1.4824142971830818,9.773159369442663,-0.016664690327184702,0.00085291064762076,0.04799655442984406,21.752224094450455,46.838495419844655,-58.75
1772913296.9926636,43.22486375697715,1.2417715219447665,-8.902145841794507,-0.5249615365864586,-1.4824142971830818,9.773159369442663,-0.016664690327184702,0.00085291064762076,0.04799655442984406,21.752224094450455,46.838495419844655,-58.75
1772913297.023886,43.376117414312255,1.234459125270618,-8.894793287916254,-0.49537943844116344,-1.4395357925592904,9.755376966535026,0.002587356871997147,-0.01641234660548679,0.05781403147231216,21.041557498260534,47.34125330298508,-59.1875
1772913297.0474317,43.4167535623208,1.2376354493387447,-8.894473349461611,-0.4691592150367682,-1.398854132648968,9.74354297604245,-0.007433162223895152,-0.007116898847179225,0.050178215994836975,21.041557498260534,47.34125330298508,-59.1875
1772913297.0702581,43.530400140479564,1.2308178976252404,-8.894008318310153,-0.4484676172712731,-1.3726037763109245,9.702216470490782,-0.010100418664664816,-0.01319246298005779,0.06872233929727672,21.041557498260534,47.34125330298508,-59.1875
1772913297.0898376,43.61800516745113,1.236977221012355,-8.87744951390998,-0.4503314339774339,-1.4167387651938352,9.684749477815421,-0.007669526031838562,0.0008209508201117537,0.050178215994836975,21.7685134879206,47.15676756072472,-58.75
1772913297.1036692,43.67162257883583,1.2363758239628992,-8.839196280585336,-0.4677834431199726,-1.4419959378334914,9.67312538930906,0.037747063233269956,-0.02420971194736138,0.05126904677733343,21.7685134879206,47.15676756072472,-58.75
1772913297.1420765,43.70267913856691,1.241500454661477,-8.829281218798167,-0.4399015336114226,-1.3031723686141365,9.722256587282084,-0.007132878760933729,0.002935580076222081,0.017453292519943295,21.7685134879206,47.15676756072472,-58.75
1772913297.1681972,43.70267913856691,1.241500454661477,-8.829281218798167,-0.4399015336114226,-1.3031723686141365,9.722256587282084,-0.007132878760933729,0.002935580076222081,0.017453292519943295,21.7685134879206,47.15676756072472,-58.75
1772913297.1980317,43.77785648657307,1.2425732969312202,-8.863483654979262,-0.4399015336114226,-1.3031723686141365,9.722256587282084,-0.023324841472231614,-0.012087208610739116,0.04581489286485115,19.055055593705042,47.13609133478093,-60.375
1772913297.2188003,43.80901995013014,1.2449733674420689,-8.863042005257842,-0.46025441816230483,-1.2009128273992362,9.75495285070169,0.014550061071074377,-0.0003162633767159268,0.015271630954950384,19.055055593705042,47.13609133478093,-60.375
1772913297.2342107,43.8181715530489,1.2491160888014765,-8.869250563024378,-0.511071578272797,-1.3477259937586457,9.763331401936965,0.016901054135128116,-0.008790760314911739,0.01090830782496456,19.055055593705042,47.13609133478093,-60.375
1772913297.2514777,43.8181715530489,1.2491160888014765,-8.869250563024378,-0.511071578272797,-1.3477259937586457,9.763331401936965,0.016901054135128116,-0.008790760314911739,0.01090830782496456,19.055055593705042,47.13609133478093,-60.375
1772913297.2661517,43.84007600147393,1.2500925854903255,-8.853118214321043,-0.5448898306614561,-1.4454285159603062,9.732111005408978,0.007669526031838562,-0.0008209508201117537,0.013089969389957472,22.01083215114062,47.09527231330459,-58.375
1772913297.281179,43.84007600147393,1.2500925854903255,-8.853118214321043,-0.5448898306614561,-1.4454285159603062,9.732111005408978,0.007669526031838562,-0.0008209508201117537,0.013089969389957472,22.01083215114062,47.09527231330459,-58.375
1772913297.30316,43.87090947573462,1.2558706299419145,-8.858772860792959,-0.5550529915261037,-1.4618134732424695,9.711334180274283,-0.011898784544059215,0.0018942453619214205,0.0272707695624114,22.01083215114062,47.09527231330459,-58.375
1772913297.353749,43.95153781790554,1.2689661320996957,-8.870281727747956,-0.5423624696178383,-1.4776544826119327,9.700852546946807,-0.017737984868994368,-0.0033763478645998943,0.030543261909900768,20.811865902050197,46.69025079098505,-59.1875
1772913297.3718712,43.96102146729393,1.2697316442099411,-8.870386260490523,-0.5728250529177914,-1.4783224907313428,9.707257583884166,0.0010413347143006604,-0.004765905783125488,0.002181661564992912,20.811865902050197,46.69025079098505,-59.1875
1772913297.3987906,43.97703751643582,1.2648370700442366,-8.873547551751335,-0.5583037473888638,-1.5048527092777546,9.74831629319754,0.0015620020714509904,-0.0071488586746882325,0.02399827721492203,20.811865902050197,46.69025079098505,-59.1875
1772913297.419486,43.97703751643582,1.2648370700442366,-8.873547551751335,-0.5583037473888638,-1.5048527092777546,9.74831629319754,0.0015620020714509904,-0.0071488586746882325,0.02399827721492203,20.811865902050197,46.69025079098505,-59.1875
1772913297.4399745,43.99348935774669,1.2538489776708253,-8.880098622981846,-0.5875479646404591,-1.5126342666981336,9.775640405589755,-0.007417182310140649,-0.002619316699506154,0.01090830782496456,21.452072510270774,47.68844190434496,-60.0
1772913297.465817,43.99380875937025,1.2457288488387723,-8.908551261714452,-0.5657801897029513,-1.5593363024616906,9.74030250983933,-0.004765905783125488,-0.0010413347143006604,0.009817477042468103,21.452072510270774,47.68844190434496,-60.0
1772913297.4850469,43.994246665510595,1.2396346616990679,-8.911939653785295,-0.5618438084992482,-1.591189815890298,9.716785534967581,0.01134615735939988,-0.008506456765704818,0.008726646259971648,21.452072510270774,47.68844190434496,-60.0
1772913297.526891,43.994246665510595,1.2396346616990679,-8.911939653785295,-0.5618438084992482,-1.591189815890298,9.716785534967581,0.01134615735939988,-0.008506456765704818,0.008726646259971648,21.452072510270774,47.68844190434496,-60.0
1772913297.578038,44.090571341416585,1.255992000973056,-8.898155323240799,-0.5478821049186396,-1.5886717225759512,9.807716331470333,-1.5979913754503327e-05,-0.004497582147673071,0.0272707695624114,18.240243565388436,43.92536904711565,-62.0
1772913297.6097348,44.11563798308826,1.257963749517454,-8.898034476999982,-0.5438789744046345,-1.5052629152904045,9.754958456786646,0.002098649342355824,-0.005034229418577904,0.015271630954950384,21.34445582728556,47.26438424370993,-59.5625
1772913297.6312208,44.12858960042401,1.2493515236624175,-8.89467543952572,-0.5128567817532061,-1.4604031227634815,9.719848680528727,0.0015779819852054938,-0.0026512765270151604,0.009817477042468103,21.34445582728556,47.26438424370993,-59.5625
1772913297.6742117,44.12858960042401,1.2493515236624175,-8.89467543952572,-0.5128567817532061,-1.4604031227634815,9.719848680528727,0.0015779819852054938,-0.0026512765270151604,0.009817477042468103,21.34445582728556,47.26438424370993,-59.5625
1772913297.7055342,44.19517502762173,1.2423197463368725,-8.901006085829346,-0.5051811870401073,-1.4272580964000987,9.729934633704175,0.008995164295346142,-3.195982750900649e-05,0.03599741582238305,18.40935549579377,44.591745370970706,-61.1875
1772913297.7392747,44.197220014332146,1.2469024724881261,-8.994913640034138,-0.5066558356074167,-1.4311391075211288,9.750027169704234,-0.03386602792527423,-0.0004088079608688068,0.00545415391248228,18.40935549579377,44.591745370970706,-61.1875
1772913297.7752066,44.197220014332146,1.2469024724881261,-8.994913640034138,-0.535613549960236,-1.543961164692981,9.76339852796394,0.010288842731344715,-0.008238133130252403,0.06763150851478027,19.135395903838717,44.149567153635296,-60.0
1772913297.8696146,44.4372689276079,1.2765015772066914,-8.954386295007852,-0.5127342695267304,-1.629739823984548,9.718775230200805,0.0018622855344124138,0.0029036202487130744,0.037088246604879506,19.135395903838717,44.149567153635296,-60.0
1772913297.9064977,44.4372689276079,1.2765015772066914,-8.954386295007852,-0.5127342695267304,-1.629739823984548,9.718775230200805,0.0018622855344124138,0.0029036202487130744,0.037088246604879506,19.135395903838717,44.149567153635296,-60.0
1772913297.9454052,44.55559879864072,1.29107017740549,-8.933857016095889,-0.485165855651168,-1.63818958369832,9.662318030355781,0.007164838588442735,0.006059584219124062,0.007635815477475192,20.50896757302517,46.7671198502602,-59.1875
1772913297.9887378,44.55549881781173,1.2937306199872356,-8.924359739750328,-0.5126428373942946,-1.5251981671962842,9.624746394527163,0.008490476851950316,0.006848575211726808,0.009817477042468103,20.50896757302517,46.7671198502602,-59.1875
1772913298.0204906,44.54123061411109,1.2742897095519865,-8.93484758369099,-0.5449166379084374,-1.505123285523275,9.646574454488361,-0.011093813637701965,0.005066189246086911,0.009817477042468103,23.027143821200912,47.28872279611417,-59.5625
1772913298.0730507,44.4696337892494,1.263350533831273,-8.954665794058277,-0.5945566313829781,-1.425947191660082,9.664445896264452,-0.002619316699506154,0.007417182310140649,-0.04036073895236887,23.027143821200912,47.28872279611417,-59.5625
1772913298.1251953,44.25289357731871,1.2601003870186074,-8.98144875706016,-0.6008300027252094,-1.3765967247669562,9.696409811373272,-0.008126273733970879,0.021194232302366785,-0.10362892433716332,22.495469477580663,46.97228181846435,-58.375
1772913298.1443017,44.25289357731871,1.2601003870186074,-8.98144875706016,-0.6008300027252094,-1.3765967247669562,9.696409811373272,-0.008126273733970879,0.021194232302366785,-0.10362892433716332,22.495469477580663,46.97228181846435,-58.375
1772913298.1911073,44.00994308484902,1.2309529657662783,-9.03824812799712,-0.6033591934985983,-1.3372698763525033,9.717681439817863,-0.014502121329810868,0.01380900981973514,-0.09817477042468103,22.495469477580663,46.97228181846435,-58.375
1772913298.2201755,43.68909030705149,1.1980922233839015,-9.013500878997318,-0.5531650298820628,-1.3242636402560979,9.644864566537775,0.022235567016667443,0.0033603679508453907,-0.11017390903214205,22.603086160565876,47.39633947909939,-58.0
1772913298.2591782,43.44342895068312,1.1664471754768932,-9.022831309789677,-0.4880628815706408,-1.2994944826072827,9.59640575078765,0.0029196001624675776,0.0026352966132606576,-0.11235557059713497,22.603086160565876,47.39633947909939,-58.0
1772913298.283232,43.44342895068312,1.1664471754768932,-9.022831309789677,-0.4880628815706408,-1.2994944826072827,9.59640575078765,0.0029196001624675776,0.0026352966132606576,-0.11235557059713497,22.603086160565876,47.39633947909939,-58.0
1772913298.3037555,43.17272798957061,1.1327627132137312,-9.032101409038008,-0.44473812910803695,-1.2830108848816169,9.62771407266545,-0.012908159430850866,0.015655315440393048,-0.13853550937704992,23.088639068621035,47.5310414593342,-58.75
1772913298.3256862,43.17272798957061,1.1327627132137312,-9.032101409038008,-0.44473812910803695,-1.2830108848816169,9.62771407266545,-0.012908159430850866,0.015655315440393048,-0.13853550937704992,23.088639068621035,47.5310414593342,-58.75
1772913298.3753448,42.910472511563505,1.114856563097346,-9.025222690578117,-0.4757768499056159,-1.4535628225461596,9.661929857967532,0.014345657090639974,0.016616750585921193,-0.1189005552921137,23.088639068621035,47.5310414593342,-58.75
1772913298.399136,42.48132644526671,1.0642814746740688,-8.998307357421247,-0.49643277187117496,-1.5670632318719357,9.684700080870703,-0.006059584219124062,0.007164838588442735,-0.136353847812057,22.495469477580663,46.97228181846435,-57.1875
1772913298.4588907,42.292076426654546,1.036563830701436,-8.991038213938928,-0.45539221162881777,-1.5219053760447725,9.699853409852707,0.011662420736115807,0.006043604305369558,-0.061086523819801536,22.495469477580663,46.97228181846435,-57.1875
1772913298.4945796,41.977328369287925,1.0060757023713887,-9.01293372035806,-0.42808017724062614,-1.4918533274380978,9.699902445894496,-0.011646440822361303,-0.0015460221576964871,-0.09708393964218458,22.01083215114062,47.09527231330459,-58.0
1772913298.5193167,41.75553317627138,0.9943937063710783,-8.995965762801376,-0.40990432345069944,-1.471854024793735,9.699935078832539,0.035491949651743245,0.011250277876872859,-0.1439896632895322,22.01083215114062,47.09527231330459,-58.0
1772913298.5671282,41.34431934722656,0.9554766519641664,-8.986909640108937,-0.4226302964275381,-1.365966738129818,9.693266572273632,0.009027124122855149,0.008963204467837134,-0.11126473981463851,22.43488981177566,46.98765563031938,-56.75
1772913298.5984387,41.34431934722656,0.9554766519641664,-8.986909640108937,-0.4226302964275381,-1.365966738129818,9.693266572273632,0.009027124122855149,0.008963204467837134,-0.11126473981463851,22.43488981177566,46.98765563031938,-56.75
1772913298.6600459,41.116339994474494,0.940832393411316,-8.995088116709205,-0.4310992892851914,-1.2954999316934763,9.678793420528821,0.0021306091698648304,0.003960934876768238,-0.11344640137963143,22.43488981177566,46.98765563031938,-56.75
1772913298.6783957,40.69910252310505,0.9012754769600124,-8.970333474661135,-0.4367353094271107,-1.2486050591758961,9.679197034840307,0.010288842731344715,-0.008238133130252403,-0.12871803233458182,22.419515999920627,46.92707596451437,-57.5625
1772913298.7051156,40.44284749724445,0.8467985944500016,-8.982198610138157,-0.4170648671909813,-1.24749887428342,9.669430300533975,-0.007180818502197238,-0.010557166366797132,-0.10799224746714914,22.419515999920627,46.92707596451437,-57.5625
1772913298.7403696,40.44284749724445,0.8467985944500016,-8.982198610138157,-0.4170648671909813,-1.24749887428342,9.669430300533975,-0.007180818502197238,-0.010557166366797132,-0.10799224746714914,22.419515999920627,46.92707596451437,-57.5625
1772913298.7864213,40.01772714633185,0.7879150670783257,-8.950636701628175,-0.4039744076160745,-1.2467627205943723,9.706417100149833,0.014550061071074377,-0.0003162633767159268,-0.1308996938995747,22.87523686588084,47.198311088214226,-55.6875
1772913298.8044236,39.76009760799882,0.7520589607861156,-8.952436189905304,-0.39526285299898883,-1.2462728185376866,9.731031402124563,0.0021306091698648304,0.003960934876768238,-0.12217304763960307,22.87523686588084,47.198311088214226,-55.6875
1772913298.8274574,39.57439528099077,0.7187624427218818,-8.963208896584376,-0.43186074439458055,-1.304210762863803,9.747411945128977,-0.015591395785375033,0.0050821691598414145,-0.10581058590215622,22.87523686588084,47.198311088214226,-55.6875
1772913298.857173,39.57439528099077,0.7187624427218818,-8.963208896584376,-0.43186074439458055,-1.304210762863803,9.747411945128977,-0.015591395785375033,0.0050821691598414145,-0.10581058590215622,22.87523686588084,47.198311088214226,-55.6875
1772913298.8779132,39.29392409030237,0.6936829617516818,-8.974411495065775,-0.4920288948650679,-1.3750931303642082,9.741587454979163,0.008222153216497899,0.005791260583671645,-0.11780972450961724,22.256813140821105,48.06454696618468,-56.875
1772913298.913665,39.06693432475075,0.6695361524143093,-8.947513554438725,-0.5320701268808969,-1.4222645541278014,9.73102109843364,0.018006308504446785,0.004433662492655058,-0.14508049407202864,22.256813140821105,48.06454696618468,-56.875
1772913298.929387,38.94172686022601,0.6660140355322164,-8.945128362780267,-0.5124526341993286,-1.4481417903070135,9.73067952960117,0.0013735780047710905,0.014281737435621961,-0.11344640137963143,22.256813140821105,48.06454696618468,-56.875
1772913298.9671218,38.64017222351873,0.6298784742869338,-8.953282943310697,-0.4993974119614969,-1.4653628019166107,9.727107107651417,-0.0028716604212040676,0.010857449829758555,-0.13308135546456762,21.922251606470905,47.76256421877477,-54.5625
1772913298.9801574,38.49889688077647,0.6313868623437144,-8.947827816573076,-0.4997604801705481,-1.5124888446500213,9.724729700750423,0.019900553866368208,0.016332447036714274,-0.13526301702956053,21.922251606470905,47.76256421877477,-54.5625
1772913299.0000591,38.49889688077647,0.6313868623437144,-8.947827816573076,-0.4997604801705481,-1.5124888446500213,9.724729700750423,0.019900553866368208,0.016332447036714274,-0.13526301702956053,21.922251606470905,47.76256421877477,-54.5625
1772913299.018541,38.263675033859755,0.631937709955612,-8.92417900453846,-0.5291830859085479,-1.5364451946614914,9.723147563015187,0.015655315440393048,0.012908159430850868,-0.13962634015954636,21.922251606470905,47.76256421877477,-54.5625
1772913299.0545182,38.263675033859755,0.631937709955612,-8.92417900453846,-0.5291830859085479,-1.5364451946614914,9.723147563015187,0.015655315440393048,0.012908159430850868,-0.13962634015954636,21.922251606470905,47.76256421877477,-54.5625
1772913299.1251423,37.47956529253847,0.5489135128635332,-8.915250015234637,-0.5198124996659157,-1.383972487378841,9.710286945788997,-0.006564271662519889,0.01404537362767855,-0.11999138607461016,21.421324886560715,47.56728257273495,-54.875
1772913299.1503263,37.17246764319617,0.5029751347246385,-8.919637380070256,-0.49756563841413365,-1.3553437061917768,9.67673984214399,0.006628191317537902,0.003944954963013734,-0.136353847812057,21.421324886560715,47.56728257273495,-54.875
1772913299.222435,36.777642703523945,0.4564801712853731,-8.920756626245012,-0.5503697635958671,-1.412314861381053,9.734697300389604,-0.006059584219124062,0.007164838588442735,-0.10253809355466686,22.388768376210567,46.80591663290436,-55.6875
1772913299.2918873,36.15859942105485,0.4268528227386495,-8.92972816353863,-0.5386950859392878,-1.493275119302891,9.670796610710717,0.01724927733935305,0.014754465051508781,-0.1265363707695889,22.311899316935417,46.50301830387934,-54.5625
1772913299.3661227,36.15859942105485,0.4268528227386495,-8.92972816353863,-0.5386950859392878,-1.493275119302891,9.670796610710717,0.01724927733935305,0.014754465051508781,-0.1265363707695889,22.311899316935417,46.50301830387934,-54.5625
1772913299.4162736,35.75847706810546,0.40408098613306176,-8.96588476727143,-0.540527638951531,-1.534257508494057,9.65380457699266,-0.023481305711402507,0.018338551794917217,-0.11017390903214205,22.311899316935417,46.50301830387934,-54.5625
1772913299.4548566,35.26445835148305,0.3825069793042565,-8.921124762768333,-0.553648658755312,-1.486036353934171,9.67929279714726,0.004293178167238667,0.016917034048882618,-0.12435470920459599,22.311899316935417,46.50301830387934,-53.375
1772913299.5110035,34.99001140415225,0.3576520358691733,-8.931528702198857,-0.585419899737363,-1.5447310099309572,9.696254922938072,-0.005506957034464725,0.013777049992226132,-0.13526301702956053,22.311899316935417,46.50301830387934,-53.375
1772913299.633669,34.43651286104983,0.3307009467387645,-8.918066920136047,-0.5737969608620006,-1.4954748538088256,9.657366352562706,0.035728313459686654,0.0033124282095818797,-0.10581058590215622,20.85798733761529,46.871989788400064,-53.6875
1772913299.694251,33.824785394965986,0.282992066222567,-8.919669576078633,-0.5759360315374799,-1.5016034160043488,9.631486443391696,0.009295447758307566,0.010020519095892298,-0.11017390903214205,20.85798733761529,46.871989788400064,-53.6875
1772913299.8084495,33.08274715946328,0.2528324905413045,-8.932018818515864,-0.5561618923376157,-1.4765499213488058,9.70792678074086,0.004008874618031747,0.011362137273154382,-0.09708393964218458,21.81463492348569,47.33850655813973,-52.1875
1772913299.8453822,32.75304125246069,0.25113208270348514,-8.952611547589544,-0.6095927382765244,-1.4774894104205383,9.75879697135221,-0.002335013150299234,0.012972079085868882,-0.13199052468207118,21.81463492348569,47.33850655813973,-52.1875
1772913299.9076138,32.44260394900502,0.23972116832050805,-8.94811351815483,-0.5834970580325501,-1.479956311937615,9.752509174458968,-0.0012776985222440705,0.012703755450416465,-0.1308996938995747,21.81188817864034,46.56542913291457,-51.6875
1772913299.9658308,32.03838267775363,0.22462947936573477,-8.987253418523432,-0.6082809901944765,-1.470901166791477,9.74832471586581,-0.023765609260609426,0.012783655019188983,-0.10144726277217041,20.357976199320216,46.9344006174353,-50.5625
1772913300.0302522,31.67571863297651,0.1981056057169337,-8.957011014295077,-0.6025579052079044,-1.3773321051474798,9.745540005415528,0.018574915602860627,0.015543456044111526,-0.1265363707695889,20.357976199320216,46.9344006174353,-50.5625
1772913300.0688527,31.26108433092293,0.1516468035178119,-8.978710415002292,-0.598749256080389,-1.315062939858305,9.743686811718119,-0.01821071248488119,0.012499351469982064,-0.10253809355466686,19.855218316179794,46.223734021245384,-50.875
1772913300.134475,30.912242275090343,0.11347822427519788,-8.952976754704926,-0.5637913227418548,-1.2818518448340945,9.742453532014023,0.018763339669540528,-0.0058871400661986645,-0.09490227807719166,19.855218316179794,46.223734021245384,-50.875
1772913300.1690018,30.912242275090343,0.11347822427519788,-8.952976754704926,-0.5637913227418548,-1.2818518448340945,9.742453532014023,0.018763339669540528,-0.0058871400661986645,-0.09490227807719166,19.855218316179794,46.223734021245384,-50.875
1772913300.261972,30.28066872529583,0.06019881821061054,-8.962890327551078,-0.4909713877590967,-1.241266084735765,9.872092154733041,0.004213278598466151,-0.005570876689482738,-0.09381144729469522,19.68610638577446,45.55735769739033,-51.0
1772913300.3033931,30.081268142476425,0.07729302077800143,-8.987184818199466,-0.4846608503364869,-1.2035598742143168,9.958365209994243,-0.0067526957291997895,0.035475969737988736,-0.06872233929727672,19.68610638577446,45.55735769739033,-51.0
1772913300.4163141,29.30603863564222,0.04501230864748361,-9.02145747463713,-0.4992667473376983,-1.1562859773366923,9.755354197528579,0.014045373627678548,0.006564271662519888,-0.11780972450961724,19.57848970278925,45.133300036755294,-49.375
1772913300.4314086,29.30603863564222,0.04501230864748361,-9.02145747463713,-0.4992667473376983,-1.1562859773366923,9.755354197528579,0.014045373627678548,0.006564271662519888,-0.11780972450961724,19.57848970278925,45.133300036755294,-49.375
1772913300.460332,29.30603863564222,0.04501230864748361,-9.02145747463713,-0.4992667473376983,-1.1562859773366923,9.755354197528579,0.014045373627678548,0.006564271662519888,-0.11780972450961724,19.57848970278925,45.133300036755294,-49.375
1772913300.566738,28.483726495132803,0.01565299312941008,-8.977329404288081,-0.4863374954657743,-1.2357012448954556,9.608602358818485,0.01271973536417097,0.0057752806699171415,-0.09381144729469522,18.573889518123522,43.96965931945051,-48.5625
1772913300.6135216,28.483726495132803,0.01565299312941008,-8.977329404288081,-0.4863374954657743,-1.2357012448954556,9.608602358818485,0.01271973536417097,0.0057752806699171415,-0.09381144729469522,18.573889518123522,43.96965931945051,-48.5625
1772913300.6772885,28.23918280858989,-0.006456631968819261,-9.008832257924391,-0.3943771080287376,-1.3186181833589026,9.515406757601435,0.003928975049259231,-0.011125773465210972,-0.06981317007977318,18.573889518123522,43.96965931945051,-48.5625
1772913300.6924152,28.23918280858989,-0.006456631968819261,-9.008832257924391,-0.3943771080287376,-1.3186181833589026,9.515406757601435,0.003928975049259231,-0.011125773465210972,-0.06981317007977318,18.573889518123522,43.96965931945051,-48.5625
1772913300.7252877,27.884794592543354,0.009950066052532585,-9.006842219642179,-0.34058400244945053,-1.402979467564048,9.453386126054566,0.0034882072608814177,0.013745090164717127,-0.10581058590215622,18.166121250958632,44.39554814331578,-49.875
1772913300.7595494,27.64405982627731,0.022214529149603927,-9.010044958527885,-0.42325291810292104,-1.4635679275106723,9.465633875893085,0.014061353541433053,0.01106185381019296,-0.11126473981463851,18.166121250958632,44.39554814331578,-49.875
1772913300.8183494,27.64405982627731,0.022214529149603927,-9.010044958527885,-0.42325291810292104,-1.4635679275106723,9.465633875893085,0.014061353541433053,0.01106185381019296,-0.11126473981463851,18.166121250958632,44.39554814331578,-49.875
1772913300.8427002,27.01727347784001,0.05656540312723766,-8.993351383182103,-0.4847528219759235,-1.50224320301099,9.51392595708212,0.01196270419907723,0.016096083228770864,-0.12544553998709243,18.555768961423144,43.13600222842035,-49.5
1772913300.8735893,27.01727347784001,0.05656540312723766,-8.993351383182103,-0.4847528219759235,-1.50224320301099,9.51392595708212,0.01196270419907723,0.016096083228770864,-0.12544553998709243,18.555768961423144,43.13600222842035,-49.5
1772913300.9301498,26.76083595922685,0.07005402173427575,-9.00315554830853,-0.5297944904462571,-1.5441928267701015,9.592895361558002,-0.0118348648890412,0.019884573952613702,-0.09817477042468103,18.555768961423144,43.13600222842035,-49.5
1772913300.9632227,26.31782610116096,0.11629310234939685,-9.040952619981425,-0.5270028728239587,-1.483793038748064,9.59861705418818,0.009579751307514485,0.015575415871620533,-0.14508049407202864,16.706715781947807,43.2183647773862,-48.6875
1772913300.9875329,26.31782610116096,0.11629310234939685,-9.040952619981425,-0.5270028728239587,-1.483793038748064,9.59861705418818,0.009579751307514485,0.015575415871620533,-0.14508049407202864,16.706715781947807,43.2183647773862,-48.6875
1772913301.0332115,26.110136118889304,0.10471410652466948,-9.05440189054808,-0.548184431354761,-1.5343829502200381,9.568973659644877,-0.029745293910960972,0.04243640434599707,-0.13853550937704992,16.706715781947807,43.2183647773862,-48.6875
1772913301.0513277,25.755689140682946,0.06886862791987583,-9.094882620220435,-0.5812057013757361,-1.6426236069243105,9.472308742446376,-0.01072961051972253,0.033108996760180504,-0.1439896632895322,16.42998716855726,42.1279307928961,-48.25
1772913301.0694685,25.53937924747937,0.05292342003072374,-9.057221721906956,-0.6129079836698107,-1.7121880531685683,9.484916889136997,0.004813845524388998,0.014534081157319873,-0.11453723216212788,16.42998716855726,42.1279307928961,-48.25
1772913301.0960603,25.336751382991565,0.0609057252056607,-9.041164229677758,-0.5879758042152364,-1.5907039855209293,9.576935262600363,0.019696149885933805,0.0332654609993514,-0.1265363707695889,16.42998716855726,42.1279307928961,-48.25
1772913301.1734362,24.764935406952286,0.022721790030838518,-9.060805776398347,-0.5713837172989106,-1.50985769556738,9.63817246222765,-0.0025713769582426443,0.020909928753159862,-0.07308566242726255,15.945349842117219,42.25092128773635,-49.0625
1772913301.2458308,24.475702665073424,0.004097874993049181,-9.051818774603444,-0.5677473737970749,-1.48523638061614,9.678925134515268,-0.012908159430850866,0.015655315440393048,-0.13962634015954636,15.945349842117219,42.25092128773635,-49.0625
1772913301.279223,24.475702665073424,0.004097874993049181,-9.051818774603444,-0.5677473737970749,-1.48523638061614,9.678925134515268,-0.012908159430850866,0.015655315440393048,-0.13962634015954636,15.945349842117219,42.25092128773635,-49.0625
1772913301.304708,23.96671267501593,-0.040784312658273716,-9.03860720399803,-0.5867701124790105,-1.5669439641112703,9.69935535927086,0.0011372141968276801,0.022219587102912938,-0.12326387842209953,15.60712598130655,40.91816864002623,-49.0625
1772913301.3239856,23.82505426037271,-0.01653227771250159,-9.034068104013718,-0.5909561758679636,-1.519935319083263,9.756437897820296,-0.0049703097635598915,0.01589167924833646,-0.12217304763960307,15.60712598130655,40.91816864002623,-49.0625
1772913301.3588643,23.59449432807918,-0.019197483985592328,-9.03591383059485,-0.5725932910169852,-1.473311768446145,9.750939237376057,0.005334512881539328,0.01215112826575713,-0.14508049407202864,15.60712598130655,40.91816864002623,-49.0625
1772913301.3783548,23.400219845023603,-0.0034585638868365027,-9.04001105737481,-0.5733423242313518,-1.4389929807628963,9.79076639246963,0.008238133130252403,0.010288842731344715,-0.10144726277217041,15.412759916881853,41.67678783501147,-49.5
1772913301.4531622,23.021914154442477,0.01100741236720493,-9.03995017443989,-0.6067541530025915,-1.545847490483956,9.780474690505416,-0.0026033367857516507,0.011914764457813719,-0.11999138607461016,15.412759916881853,41.67678783501147,-49.5
1772913301.488288,22.733362637388193,0.01260785283981133,-9.046591061684547,-0.6623335127221495,-1.6395562898539853,9.773625677814076,0.017265257253107548,0.019252047199181853,-0.15162547876700738,14.819590325841483,41.11802819414162,-50.25
1772913301.5337026,22.46755751296889,0.007138688739795463,-9.026768532924793,-0.6993209557533865,-1.7019184490388617,9.769067736376472,0.005855180238689658,0.009768175374194384,-0.10799224746714914,14.819590325841483,41.11802819414162,-50.25
1772913301.566342,22.46755751296889,0.007138688739795463,-9.026768532924793,-0.6993209557533865,-1.7019184490388617,9.769067736376472,0.005855180238689658,0.009768175374194384,-0.10799224746714914,14.819590325841483,41.11802819414162,-50.25
1772913301.6054235,22.008630295826496,0.030683791813149668,-9.051527577774017,-0.7083018420350577,-1.6818154615552485,9.755999142143333,-0.011330177445645377,0.01300403891337789,-0.15271630954950383,16.165885622176397,40.32499904898586,-50.25
1772913301.6236994,22.008630295826496,0.030683791813149668,-9.051527577774017,-0.7083018420350577,-1.6818154615552485,9.755999142143333,-0.011330177445645377,0.01300403891337789,-0.15271630954950383,16.165885622176397,40.32499904898586,-50.25
1772913301.6588387,21.637822436843184,0.03470674514024481,-9.040462655406355,-0.6866941978440636,-1.6685351550789398,9.767372808910856,0.01115773329271998,0.012924139344605373,-0.1439896632895322,16.165885622176397,40.32499904898586,-50.25
1772913301.7016907,21.163134876655356,-0.022871828389473485,-9.046832930232439,-0.641967705267856,-1.5673152995666604,9.72811029318999,0.014297717349376463,0.003124004142901981,-0.12762720155208535,15.346686761386152,40.14600679641619,-50.6875
1772913301.7254052,21.163134876655356,-0.022871828389473485,-9.046832930232439,-0.641967705267856,-1.5673152995666604,9.72811029318999,0.014297717349376463,0.003124004142901981,-0.12762720155208535,15.346686761386152,40.14600679641619,-50.6875
1772913301.7479994,20.87578498452952,-0.036118817717613994,-9.006881896490533,-0.5773109025314033,-1.498455959339822,9.748813091471263,0.01641234660548679,0.0025873568719971475,-0.1341721862470641,15.346686761386152,40.14600679641619,-50.6875
1772913301.7939227,20.621426005572438,-0.04774932681383562,-9.03392968392759,-0.5667058424636763,-1.4444024987445099,9.769280795876679,-0.01636440686422328,0.010905389571022066,-0.1090830782496456,14.651393977051265,40.709344345361615,-51.5
1772913301.8268218,20.365139320710064,-0.06173550707419228,-9.05374247889995,-0.5889762920489284,-1.4424015050723846,9.79962738305584,-0.003928975049259231,0.011125773465210972,-0.11344640137963143,14.651393977051265,40.709344345361615,-51.5
1772913301.8895252,20.365139320710064,-0.06173550707419228,-9.05374247889995,-0.5889762920489284,-1.4424015050723846,9.79962738305584,-0.003928975049259231,0.011125773465210972,-0.11344640137963143,14.651393977051265,40.709344345361615,-51.5
1772913301.9441192,19.810098840530298,-0.0029969025818622273,-9.029470285812119,-0.6037970274706911,-1.4410698661361492,9.819822697829983,0.001641901640223507,0.015339052063677123,-0.13308135546456762,14.348495648026239,40.78621340463677,-51.0625
1772913301.9837377,19.550395299202513,-0.03260312312665719,-9.12014682740786,-0.5646820565497253,-1.3559810507155328,9.793121113727894,-0.02349728562515701,0.013840969647244147,-0.04581489286485115,14.348495648026239,40.78621340463677,-51.0625
1772913302.0516975,19.601678342095504,-0.03522540052597245,-9.122121715472481,-0.5213719686891551,-1.2312664227893613,9.725174832174401,0.014061353541433053,0.01106185381019296,0.02399827721492203,14.333121836171207,40.72563373883176,-50.1875
1772913302.1086254,19.50743964902559,-0.050061932533096196,-9.146125105538342,-0.38879496537670016,-1.174600915485634,9.696682899346847,-0.02274025446006327,0.0035201670883904246,0.030543261909900768,14.333121836171207,40.72563373883176,-50.1875
1772913302.1523058,19.50743964902559,-0.050061932533096196,-9.146125105538342,-0.38879496537670016,-1.174600915485634,9.696682899346847,-0.02274025446006327,0.0035201670883904246,0.030543261909900768,14.333121836171207,40.72563373883176,-50.1875
1772913302.1990693,19.535615142697896,-0.04109398379602892,-9.143997774591256,-0.47742881544213084,-1.4109299659149426,9.607223964373587,-0.0013256382635075804,-0.0007889909926027469,0.013089969389957472,14.636020165196234,40.64876467955661,-51.375
1772913302.2255974,19.535615142697896,-0.04109398379602892,-9.143997774591256,-0.47742881544213084,-1.4109299659149426,9.607223964373587,-0.0013256382635075804,-0.0007889909926027469,0.013089969389957472,14.636020165196234,40.64876467955661,-51.375
1772913302.2521856,19.57953253429151,-0.03554165302123155,-9.150777716025923,-0.5507120911307617,-1.4354657308789507,9.651639031496124,0.00028430354920692003,0.005554896775728234,0.022907446432425576,14.891881477041053,40.13246414779139,-51.75
1772913302.2768826,19.57286216045058,-0.036076097148203125,-9.150937897117407,-0.5994812924737172,-1.4517940083800447,9.684541874224683,0.006896514952990319,0.005002269591068898,-0.009817477042468103,14.891881477041053,40.13246414779139,-51.75
1772913302.3170009,19.57286216045058,-0.036076097148203125,-9.150937897117407,-0.5994812924737172,-1.4517940083800447,9.684541874224683,0.006896514952990319,0.005002269591068898,-0.009817477042468103,14.891881477041053,40.13246414779139,-51.75
1772913302.3550878,19.57286216045058,-0.036076097148203125,-9.150937897117407,-0.631936651179779,-1.462660294658212,9.703093236804383,-0.0036926112413158208,0.003187923797919994,0.002181661564992912,14.528403482211022,40.22470701892157,-51.6875
1772913302.395409,19.57286216045058,-0.036076097148203125,-9.150937897117407,-0.6022358340912172,-1.4173385517737163,9.718784073076195,0.0008049709063572502,0.003171943884165491,-0.002181661564992912,14.528403482211022,40.22470701892157,-51.6875
1772913302.439741,19.556959522588578,-0.030634491356906626,-9.148696903115832,-0.5956356143123765,-1.4390547499844386,9.73257126104428,0.0,0.0,-0.008726646259971648,14.056393222780661,39.63519975434167,-51.75
1772913302.4545784,19.549593827119914,-0.02247163447526806,-9.153501848576688,-0.5912432417788439,-1.4535066373078456,9.741746480624059,0.0002683236354524167,0.0010573146280551636,-0.006544984694978736,14.056393222780661,39.63519975434167,-51.75
1772913302.4707665,19.549593827119914,-0.02247163447526806,-9.153501848576688,-0.5912432417788439,-1.4535066373078456,9.741746480624059,0.0002683236354524167,0.0010573146280551636,-0.006544984694978736,14.056393222780661,39.63519975434167,-51.75
1772913302.4979486,19.5482018642327,-0.005077726949430099,-9.162791317256838,-0.608744003439322,-1.5028060210747811,9.757887821882441,-0.011077833723947463,0.009563771393759983,-0.002181661564992912,14.056393222780661,39.63519975434167,-51.75
1772913302.5243604,19.541530921653973,-0.005612378021787652,-9.16295333874702,-0.620390564828053,-1.535614210261476,9.768629704179299,-0.007132878760933729,0.002935580076222081,-0.01090830782496456,14.133262282055814,39.9380980833667,-52.5625
1772913302.5831172,19.516165460222545,0.03407525673321024,-9.179469068776278,-0.631432556885071,-1.5704170216295632,9.77577830685317,-0.006091544046633068,-0.0018303257069034074,-0.009817477042468103,14.133262282055814,39.9380980833667,-52.5625
1772913302.6378222,19.518229720494965,0.09202812495936705,-9.176454780776616,-0.6256645406026277,-1.5554927538430217,9.767155175248229,0.002114629256110327,-0.0005366472709048334,-0.003272492347489368,14.43616061108084,39.86122902409154,-53.6875
1772913302.6714926,19.5029482140435,0.11502181947850569,-9.184065044646244,-0.6243924989936513,-1.5828721400013177,9.761416577491833,-0.01215112826575713,0.005334512881539328,-0.01090830782496456,14.43616061108084,39.86122902409154,-53.6875
1772913302.7062135,19.501177420392384,0.1370599915059417,-9.18466872277785,-0.6300306334904275,-1.599447147865164,9.787703610155162,-0.005034229418577904,-0.002098649342355824,-0.001090830782496456,14.999498160026265,40.55652180842643,-51.375
1772913302.7545388,19.501177420392384,0.1370599915059417,-9.18466872277785,-0.6300306334904275,-1.599447147865164,9.787703610155162,-0.005034229418577904,-0.002098649342355824,-0.001090830782496456,14.999498160026265,40.55652180842643,-51.375
1772913302.7959218,19.50430700705639,0.18166893875682733,-9.18570502817311,-0.6272980850380289,-1.6121232982203002,9.805197336747213,-0.0018463056206579104,0.001593961898959997,0.004363323129985824,14.999498160026265,40.55652180842643,-51.375
1772913302.8322976,19.522093582822148,0.23621082798639256,-9.191567328724057,-0.6261554277624549,-1.582424981136163,9.813494104669173,-0.0037085911550703244,-0.001309658349753077,0.01090830782496456,13.969643841341176,40.81787660996194,-52.5625
1772913302.8749943,19.514003456088776,0.2530677905401567,-9.201041467071246,-0.6148451722546491,-1.5618872525447265,9.782219282259755,-0.0002683236354524167,-0.0010573146280551636,-0.008726646259971648,13.969643841341176,40.81787660996194,-52.5625
1772913302.919931,19.498526656143426,0.27808502386210276,-9.215347172017044,-0.6048988254574378,-1.5522847894659015,9.798202466089457,-0.012419451901209546,0.0042771982534841645,-0.004363323129985824,14.359291551805688,39.558330695066516,-52.5625
1772913302.953165,19.498526656143426,0.27808502386210276,-9.215347172017044,-0.6048988254574378,-1.5522847894659015,9.798202466089457,-0.012419451901209546,0.0042771982534841645,-0.004363323129985824,14.359291551805688,39.558330695066516,-52.5625
1772913303.0342867,19.503240324879535,0.3026772259188531,-9.222445614629246,-0.5958111411067929,-1.536167461586613,9.772042867603748,0.0029196001624675776,0.0026352966132606576,0.007635815477475192,14.359291551805688,39.558330695066516,-52.5625
1772913303.0703173,19.500213921985903,0.3400798235218757,-9.225680873275913,-0.5897633886875246,-1.525441559925296,9.76132417044801,-0.0029196001624675776,-0.0026352966132606576,0.004363323129985824,13.862027158355964,40.393818949326906,-52.5625
1772913303.1163273,19.46812897782217,0.3798225465054724,-9.22043447324456,-0.5856406698813712,-1.4907192684974884,9.744155662104601,-0.002382952891562744,-0.0005206673571503302,-0.004363323129985824,13.862027158355964,40.393818949326906,-52.5625
1772913303.1638722,19.416478400304502,0.3864394771478375,-9.231996536805124,-0.5731700506027915,-1.4700804730907668,9.742765546708824,0.0007730110788482436,-0.005823220411180651,-0.030543261909900768,13.466885958200756,40.107210013772026,-52.1875
1772913303.1806917,19.482032219715975,0.39784420681298516,-9.251937705196077,-0.5780853385570486,-1.522015058965545,9.731805105319584,-0.01216710817951163,0.0008369307338662569,0.03490658503988659,13.466885958200756,40.107210013772026,-52.1875
1772913303.2002966,19.502440607560846,0.419037118405158,-9.267883122945886,-0.5813564077832426,-1.5565769457178726,9.744581724255113,0.006359867682085485,0.0028876403349585708,0.014180800172453928,14.012102950445803,39.96884570707675,-51.375
1772913303.2245579,19.502440607560846,0.419037118405158,-9.267883122945886,-0.5813564077832426,-1.5565769457178726,9.744581724255113,0.006359867682085485,0.0028876403349585708,0.014180800172453928,14.012102950445803,39.96884570707675,-51.375
1772913303.2523713,19.4431907236401,0.4121877997471255,-9.261114879747613,-0.6248117462166457,-1.5518461608881742,9.753084421432522,-0.002651276527015161,-0.0015779819852054938,-0.04036073895236887,14.012102950445803,39.96884570707675,-51.375
1772913303.3092778,19.351266730453304,0.39335649559835717,-9.272647961009131,-0.6537307885161384,-1.548697876430339,9.758742871422736,-0.0021306091698648304,-0.003960934876768238,-0.03490658503988659,13.345726626590745,40.13795763748209,-52.0625
1772913303.3453443,19.379443620967074,0.40235391938631954,-9.270422387042927,-0.6638269082186898,-1.48335275272539,9.769198730096836,0.0037085911550703244,0.001309658349753077,0.018544123302439753,13.345726626590745,40.13795763748209,-52.0625
1772913303.3776543,19.372769361965382,0.40181992061475186,-9.270609249625043,-0.670545763099691,-1.439866302852607,9.782847210659494,0.0005206673571503302,-0.002382952891562744,-0.004363323129985824,13.842991020040468,39.3024693832217,-51.75
1772913303.4278562,19.34151162248215,0.4059848451709455,-9.268275922397688,-0.6750170859684705,-1.4109265562377444,9.791930122010424,0.001309658349753077,-0.0037085911550703244,-0.016362461737446838,13.842991020040468,39.3024693832217,-51.75
1772913303.477576,19.389781161472584,0.44144896972311626,-9.251286173934629,-0.5829349512402154,-1.449459731465289,9.736249498950931,-0.005554896775728234,0.00028430354920692003,0.009817477042468103,13.437969497720927,40.501435632312116,-52.1875
1772913303.5437918,19.389781161472584,0.44144896972311626,-9.251286173934629,-0.5829349512402154,-1.449459731465289,9.736249498950931,-0.005554896775728234,0.00028430354920692003,0.009817477042468103,13.437969497720927,40.501435632312116,-52.1875
1772913303.5697956,19.411285835636058,0.44990772637196474,-9.249235504812189,-0.5584491006806073,-1.4597062094926858,9.727468748325728,0.003424287605863404,-0.004245238425975158,0.016362461737446838,13.648624955615771,40.061088578206935,-52.1875
1772913303.5954902,19.411285835636058,0.44990772637196474,-9.249235504812189,-0.5584491006806073,-1.4597062094926858,9.727468748325728,0.003424287605863404,-0.004245238425975158,0.016362461737446838,13.648624955615771,40.061088578206935,-52.1875
1772913303.6767876,19.523850195661353,0.512131517774408,-9.254712970199586,-0.5924836918336095,-1.4744594436559866,9.70489969833547,-0.0029196001624675776,-0.0026352966132606576,0.016362461737446838,13.648624955615771,40.061088578206935,-52.1875
1772913303.7070513,19.60929282897535,0.5520381460145439,-9.26640987501331,-0.6111661733062742,-1.5094423817750138,9.713296029630998,0.0023669729778082404,-0.003976914790522741,0.02945243112740431,14.407244150601011,40.25545464263163,-52.5625
1772913303.768561,19.621374802835366,0.5684661871125245,-9.268631454304925,-0.6178393188108326,-1.5100268123855023,9.69546791236377,0.0002683236354524167,0.0010573146280551636,0.0,14.407244150601011,40.25545464263163,-52.5625
1772913303.804868,19.621374802835366,0.5684661871125245,-9.268631454304925,-0.6178393188108326,-1.5100268123855023,9.69546791236377,0.0002683236354524167,0.0010573146280551636,0.0,14.407244150601011,40.25545464263163,-52.5625
1772913303.841193,19.622673739397996,0.5773613616071508,-9.27380469186879,-0.5857427332688347,-1.5024324233670612,9.707019281426783,-0.007116898847179225,0.007433162223895152,0.001090830782496456,13.345726626590745,40.13795763748209,-52.1875
1772913303.8979135,19.451121045610915,0.5882430800468997,-9.25935568007298,-0.5643828141329883,-1.4973784423101726,9.701326141671693,0.011930744371568222,0.0071009189334247215,-0.1341721862470641,13.345726626590745,40.13795763748209,-52.1875
1772913303.9339223,18.533156937131793,0.5455907559894854,-9.247573812543623,-0.5469256945650562,-1.494837908261839,9.724298314419775,-0.014217817780603947,0.019363906595463377,-0.25743606466916363,12.189219486604948,38.883905212277355,-52.1875
1772913303.9525926,18.182970558234704,0.5124597195542728,-9.257315823827199,-0.5205073932186817,-1.6660096547932857,9.712825145109084,-0.005506957034464725,0.013777049992226132,-0.19962203319685143,12.189219486604948,38.883905212277355,-52.1875
1772913303.9747412,17.989500086464073,0.4861834336627816,-9.247155070449978,-0.502926308784432,-1.7799225399962673,9.765401889828267,0.010889409657267562,0.01186682471655021,-0.16580627893946132,12.189219486604948,38.883905212277355,-52.1875
1772913304.0055227,17.989500086464073,0.4861834336627816,-9.247155070449978,-0.502926308784432,-1.7799225399962673,9.765401889828267,0.010889409657267562,0.01186682471655021,-0.16580627893946132,12.189219486604948,38.883905212277355,-52.1875
1772913304.0372472,17.67877392791236,0.45144089681294075,-9.316625685386883,-0.5422317678575,-1.8255304565616717,9.639825764166831,0.012687775536661963,-0.003219883625429001,-0.12326387842209953,12.705520018370166,39.13976652412217,-54.5625
1772913304.0654776,17.352250243716377,0.4248288818869266,-9.317764656978852,-0.5796147648500404,-1.818521692342418,9.646574271414007,-0.0031240041429019807,0.014297717349376465,-0.1341721862470641,12.705520018370166,39.13976652412217,-54.5625
1772913304.1292841,16.694922410615607,0.3645030307632784,-9.322159727038432,-0.6341045250263041,-1.699356970287771,9.644375104186599,0.015875699334581956,0.0004727276158868198,-0.19853120241435498,13.068998013200199,39.04752365299199,-52.0625
1772913304.1946797,16.209800514686783,0.3212507820691905,-9.309830578653475,-0.6596700111844466,-1.577903863061128,9.649601806377705,0.012499351469982064,0.01821071248488119,-0.21380283336930536,13.068998013200199,39.04752365299199,-52.0625
1772913304.229018,15.726723200293483,0.2751378199566121,-9.31294963512636,-0.6215639128252269,-1.51106635302399,9.663115453421755,0.0045135620614275744,0.004481602233918567,-0.15162547876700738,14.012102950445803,39.96884570707675,-52.875
1772913304.2694008,15.496424902031373,0.26136950125981234,-9.305247900654589,-0.6052559028121165,-1.5022523885967112,9.672108634572242,0.0013416181772620836,0.005286573140275818,-0.07308566242726255,14.012102950445803,39.96884570707675,-52.875
1772913304.3039992,15.349468291056494,0.26796091960658325,-9.293109140342112,-0.5976454363097569,-1.4955639598404329,9.678093496167474,-0.0031559639704109876,0.005302553054030321,-0.06872233929727672,12.758050525241071,41.12535284706255,-52.5625
1772913304.3238423,15.349468291056494,0.26796091960658325,-9.293109140342112,-0.5976454363097569,-1.4955639598404329,9.678093496167474,-0.0031559639704109876,0.005302553054030321,-0.06872233929727672,12.758050525241071,41.12535284706255,-52.5625
1772913304.3945086,15.067940014115203,0.2554219107922577,-9.30560119486777,-0.5818047626131722,-1.4589697568775424,9.705940190031697,-0.002335013150299234,0.012972079085868882,-0.07308566242726255,13.437969497720927,40.501435632312116,-51.6875
1772913304.437519,14.98226138776635,0.24166049343491777,-9.307621084197564,-0.5542096229630085,-1.3978970498380208,9.717333576939101,-0.0015779819852054938,0.0026512765270151604,-0.038179077387375956,13.437969497720927,40.501435632312116,-51.6875
1772913304.4610093,14.97567247654871,0.23935807207445184,-9.30103217297992,-0.5025992120058032,-1.3622398524246833,9.724915748653508,-0.0005206673571503302,0.002382952891562744,0.00545415391248228,13.648624955615771,40.061088578206935,-52.1875
1772913304.5530207,15.073913455396934,0.2659305665992371,-9.288428100543905,-0.4682530600398491,-1.3385103858631011,9.626263136304138,-0.0005526271846593368,-0.006612211403783399,0.044724062082354694,13.648624955615771,40.061088578206935,-52.1875
1772913304.601001,15.11573481448829,0.2964878950085795,-9.281500048018042,-0.49814522885431095,-1.3265878425612907,9.560610924807518,0.008458517024441309,-0.0021465890836193336,0.002181661564992912,13.725494014890923,40.36398690723196,-52.1875
1772913304.6261766,15.121070109767698,0.3140492647068971,-9.291296749729291,-0.5361404788268108,-1.3899848269345274,9.553716340220287,-0.0005366472709048334,-0.002114629256110327,0.009817477042468103,13.725494014890923,40.36398690723196,-52.1875
1772913304.6753783,15.123900224052331,0.3621159382060905,-9.307518109993767,-0.5614258932487571,-1.4321748118441984,9.582579188268236,-0.005823220411180652,-0.0007730110788482436,0.004363323129985824,13.059117691035864,40.5330988376373,-52.5625
1772913304.7463517,15.116069933955323,0.3750604658783206,-9.304153912276906,-0.5749617185365432,-1.447282447552744,9.601787091225006,-0.0018463056206579104,0.001593961898959997,0.013089969389957472,13.059117691035864,40.5330988376373,-52.5625
1772913304.7626212,15.116069933955323,0.3750604658783206,-9.304153912276906,-0.5749617185365432,-1.447282447552744,9.601787091225006,-0.0018463056206579104,0.001593961898959997,0.013089969389957472,13.059117691035864,40.5330988376373,-52.5625
1772913304.8106596,15.113564739101184,0.40556515048217595,-9.310584420451468,-0.5993584851169161,-1.4499799089226841,9.617914847783721,-0.0007889909926027469,0.0013256382635075802,0.00545415391248228,13.514838556996079,40.80433396133714,-53.6875
1772913304.838263,15.10644557589919,0.41000263244089624,-9.302243779126504,-0.5944455974714801,-1.43643521683981,9.642028136443978,0.0008049709063572502,0.003171943884165491,0.00545415391248228,13.514838556996079,40.80433396133714,-53.6875
1772913304.8823504,15.111563927469122,0.4307772769574054,-9.296783436225713,-0.6009031215908646,-1.424952873897707,9.658075260684296,0.005538916861973732,-0.004781885696879992,0.003272492347489368,13.846653346500933,40.333239283521905,-52.5625
1772913304.910163,15.111563927469122,0.4307772769574054,-9.296783436225713,-0.6009031215908646,-1.424952873897707,9.658075260684296,0.005538916861973732,-0.004781885696879992,0.003272492347489368,13.846653346500933,40.333239283521905,-52.5625
1772913304.944315,15.1323084707992,0.4478243481013119,-9.300031387945932,-0.5832780381582269,-1.4125215102991904,9.69551533626666,-0.004229258512220654,0.0010732945418096668,0.016362461737446838,13.846653346500933,40.333239283521905,-52.5625
1772913304.9700491,15.1323084707992,0.4478243481013119,-9.300031387945932,-0.5832780381582269,-1.4125215102991904,9.69551533626666,-0.004229258512220654,0.0010732945418096668,0.016362461737446838,13.846653346500933,40.333239283521905,-52.5625
1772913304.9988563,15.121454353601866,0.4965698019737614,-9.32333524520552,-0.5984082389478553,-1.4284925612622728,9.720431288333673,0.010320802558853722,0.0007570311650937405,-0.006544984694978736,13.314979002880683,40.01679830587208,-54.0625
1772913305.0473676,15.121454353601866,0.4965698019737614,-9.32333524520552,-0.5984082389478553,-1.4284925612622728,9.720431288333673,0.010320802558853722,0.0007570311650937405,-0.006544984694978736,13.314979002880683,40.01679830587208,-54.0625
1772913305.0881858,15.090738281224974,0.5179858933072317,-9.3316873557551,-0.5849090571824022,-1.4278464606552386,9.73032235269021,-0.001593961898959997,-0.0018463056206579104,0.007635815477475192,13.314979002880683,40.01679830587208,-54.0625
1772913305.1807911,15.088394082076864,0.5467259004869895,-9.331382994258384,-0.5795399917796102,-1.4649308198243065,9.713429023527196,-0.003960934876768238,0.0021306091698648304,-0.004363323129985824,13.541008272630558,39.6370309175719,-53.6875
1772913305.2386785,15.088394082076864,0.5467259004869895,-9.331382994258384,-0.5795399917796102,-1.4649308198243065,9.713429023527196,-0.003960934876768238,0.0021306091698648304,-0.004363323129985824,13.541008272630558,39.6370309175719,-53.6875
1772913305.2727177,15.062776901873717,0.7871757949560446,-10.197447972153922,-0.5935501163034769,-1.4812276990223916,9.732352647096562,-0.003424287605863404,0.004245238425975158,0.009817477042468103,13.725494014890923,40.36398690723196,-53.375
1772913305.3134882,15.085693858128282,0.5789893497368157,-9.344569451495065,-0.6061650332241972,-1.5050424180364765,9.744946107191248,0.0008049709063572502,0.003171943884165491,-0.002181661564992912,13.725494014890923,40.36398690723196,-53.375
1772913305.3375378,15.091717578981589,0.5880377838009612,-9.349373564709392,-0.6080754555391672,-1.5225365152892245,9.713185573718263,-0.001593961898959997,-0.0018463056206579104,0.002181661564992912,13.662167604240569,39.606283293861836,-52.875
1772913305.390162,15.090453460234418,0.6032880399917976,-9.352594132762752,-0.5864544820683616,-1.484769831430818,9.67866884665112,-0.002903620248713074,0.0018622855344124138,0.001090830782496456,13.662167604240569,39.606283293861836,-52.875
1772913305.414884,15.090453460234418,0.6032880399917976,-9.352594132762752,-0.5864544820683616,-1.484769831430818,9.67866884665112,-0.002903620248713074,0.0018622855344124138,0.001090830782496456,13.662167604240569,39.606283293861836,-52.875
1772913305.4507527,15.091131087718807,0.6169570672330349,-9.349612384725878,-0.5720659657456394,-1.4596365252045502,9.655698350365043,-0.003171943884165491,0.0008049709063572502,0.0,13.817736886021105,40.727464902061996,-52.875
1772913305.488334,15.081359554521432,0.6314846784333815,-9.352473139895729,-0.5706209006177572,-1.4477495868695933,9.66717263534247,-0.006612211403783398,0.0005526271846593368,-0.013089969389957472,13.817736886021105,40.727464902061996,-52.875
1772913305.515682,15.045512850026121,0.6335796280023039,-9.344332954101455,-0.5696592259175868,-1.4398389621934813,9.674808643818784,-0.004213278598466151,0.005570876689482738,-0.019634954084936207,13.846653346500933,40.333239283521905,-52.875
1772913305.5505786,15.038225720068942,0.6397835775527404,-9.342755427931719,-0.5650520833988698,-1.4597393554267708,9.676545210452648,0.001309658349753077,-0.0037085911550703244,-0.009817477042468103,13.846653346500933,40.333239283521905,-52.875
1772913305.6431632,14.99242840529684,0.6581665373424365,-9.344239358380234,-0.5586947459643848,-1.4600135168657382,9.677700876148766,-0.0029196001624675776,-0.0026352966132606576,-0.026179938779914945,12.358331417010282,39.55028153613242,-53.375
1772913305.6669772,14.985681898540422,0.6576253747138264,-9.344421837680775,-0.5626923478014295,-1.4926192881303582,9.701885740711136,-0.005018249504823402,0.0023989328053172472,0.003272492347489368,12.358331417010282,39.55028153613242,-53.375
1772913305.6879086,14.990979557975473,0.6751698665169596,-9.354220415024685,-0.6001955251580141,-1.502024559915735,9.717980497914754,-0.013745090164717127,0.0034882072608814177,0.003272492347489368,14.031139088761298,41.06019527318197,-52.875
1772913305.723751,14.990979557975473,0.6751698665169596,-9.354220415024685,-0.6001955251580141,-1.502024559915735,9.717980497914754,-0.013745090164717127,0.0034882072608814177,0.003272492347489368,14.031139088761298,41.06019527318197,-52.875
1772913305.7567344,14.976760931565158,0.6825879983794303,-9.359579396505357,-0.5870683207717531,-1.521400001874389,9.725346267336224,-0.0018463056206579104,0.001593961898959997,-0.015271630954950384,14.031139088761298,41.06019527318197,-52.875
1772913305.7899747,14.976576717972378,0.6843427815102199,-9.366326121709488,-0.6010776403803529,-1.5423264666856837,9.730248104605177,0.005554896775728234,-0.00028430354920692003,-0.001090830782496456,14.031139088761298,41.06019527318197,-52.5625
1772913305.8240457,14.976034707490623,0.6910890107887282,-9.36457126196037,-0.5909466941517797,-1.561189798583821,9.70340421718468,0.0021306091698648304,0.003960934876768238,0.001090830782496456,14.031139088761298,41.06019527318197,-52.5625
1772913305.8416145,14.975677851669559,0.6960806069389712,-9.35606965850792,-0.5921389801034765,-1.5234134840692586,9.702265468508807,-0.005286573140275818,0.0013416181772620836,-0.004363323129985824,13.846653346500933,40.333239283521905,-52.875
1772913305.8654373,14.975136619061422,0.7028269542858252,-9.354314876651475,-0.567718603933374,-1.48051444815635,9.70150764398567,-0.005270593226521314,0.005839200324935154,0.0,13.846653346500933,40.333239283521905,-52.875
1772913305.8852618,14.975136619061422,0.7028269542858252,-9.354314876651475,-0.567718603933374,-1.48051444815635,9.70150764398567,-0.005270593226521314,0.005839200324935154,0.0,13.846653346500933,40.333239283521905,-52.875
1772913305.918181,14.975136619061422,0.7028269542858252,-9.354314876651475,-0.567718603933374,-1.48051444815635,9.70150764398567,-0.005270593226521314,0.005839200324935154,0.0,13.846653346500933,40.333239283521905,-52.875
1772913305.9607172,14.994220371697212,0.7386425558480707,-9.374262871249561,-0.5788908838281209,-1.4703997267473028,9.74638028507492,-0.005823220411180652,-0.0007730110788482436,-0.016362461737446838,13.059117691035864,40.5330988376373,-52.5625
1772913306.01241,14.978596495256394,0.7408806486000699,-9.387589478307543,-0.5825193087930663,-1.4703012033198832,9.77435201381078,0.0018463056206579104,-0.001593961898959997,0.007635815477475192,13.422595685865897,40.440855966507115,-52.5625
1772913306.0605593,14.96547845327332,0.7362880719013155,-9.374471436324468,-0.5849339850750749,-1.4702356370795144,9.756170658039299,-0.007669526031838562,0.0008209508201117537,-0.01090830782496456,13.422595685865897,40.440855966507115,-52.5625
1772913306.0890226,14.95023089219512,0.7350171418038963,-9.374304348447286,-0.5703292652222647,-1.474306172920763,9.744071168872429,0.010304822645099219,-0.003740550982579331,-0.018544123302439753,13.422595685865897,40.440855966507115,-52.5625
1772913306.1049807,14.95023089219512,0.7350171418038963,-9.374304348447286,-0.5703292652222647,-1.474306172920763,9.744071168872429,0.010304822645099219,-0.003740550982579331,-0.018544123302439753,13.422595685865897,40.440855966507115,-52.5625
1772913306.127951,14.944025734713076,0.7277286526366908,-9.376244332010105,-0.5834533219217567,-1.5126317173663013,9.772815322772539,-0.0018622855344124138,-0.0029036202487130744,0.0,13.238109943605531,39.71389997684705,-54.5
1772913306.1508443,14.958168260223083,0.741006555085128,-9.39490019714362,-0.5963014044917404,-1.5543485990152093,9.791944236099825,-0.006359867682085485,-0.0028876403349585708,0.015271630954950384,13.238109943605531,39.71389997684705,-54.5
1772913306.1738613,14.985989351246166,0.7536220727643982,-9.406428499128058,-0.6147256665798766,-1.6210187016119406,9.797984090820533,-0.008206173302743395,-0.0012936784359985738,0.022907446432425576,13.238109943605531,39.71389997684705,-54.5
1772913306.187305,14.985989351246166,0.7536220727643982,-9.406428499128058,-0.6147256665798766,-1.6210187016119406,9.797984090820533,-0.008206173302743395,-0.0012936784359985738,0.022907446432425576,13.238109943605531,39.71389997684705,-54.5
1772913306.2153332,14.970009042863659,0.7608462421275346,-9.411255507503668,-0.6464407991207809,-1.6604499068060716,9.768552429594372,-0.0010732945418096668,-0.004229258512220654,-0.011999138607461015,13.422595685865897,40.440855966507115,-52.1875
1772913306.2449603,14.934710849957714,0.7561870992946694,-9.40491118839538,-0.6436846827831209,-1.5926633057075865,9.74896598782156,-0.003171943884165491,0.0008049709063572502,0.002181661564992912,13.422595685865897,40.440855966507115,-52.1875
1772913306.2580285,14.934710849957714,0.7561870992946694,-9.40491118839538,-0.6436846827831209,-1.5926633057075865,9.74896598782156,-0.003171943884165491,0.0008049709063572502,0.002181661564992912,13.422595685865897,40.440855966507115,-52.1875
1772913306.2721837,14.956515593438263,0.7597590953700885,-9.411634335312176,-0.609427198258674,-1.5557804187860769,9.742621653031282,-0.005807240497426148,0.0037245710688248277,0.020725784867432664,13.422595685865897,40.440855966507115,-52.1875
1772913306.2854276,14.970295386989548,0.7780361711165205,-9.42178460684787,-0.6022630688676368,-1.59283957733884,9.738399569099215,-0.005270593226521314,0.005839200324935154,0.004363323129985824,11.789691453976102,41.62902631181809,-53.0
1772913306.3039804,14.970295386989548,0.7780361711165205,-9.42178460684787,-0.6022630688676368,-1.59283957733884,9.738399569099215,-0.005270593226521314,0.005839200324935154,0.004363323129985824,11.789691453976102,41.62902631181809,-53.0
1772913306.329089,14.93311464368482,0.7923825151585392,-9.46092528970111,-0.6542607323754578,-1.6099985212536023,9.735589819406194,-0.01136213727315438,0.004008874618031747,-0.02399827721492203,11.789691453976102,41.62902631181809,-53.0
1772913306.3564777,14.904182369383461,0.7917561467091927,-9.467893885302162,-0.6888645965879521,-1.621417606750914,9.72033951554317,-0.004481602233918568,0.0045135620614275744,-0.017453292519943295,11.789691453976102,41.62902631181809,-53.0
1772913306.3787456,14.904182369383461,0.7917561467091927,-9.467893885302162,-0.6888645965879521,-1.621417606750914,9.72033951554317,-0.004481602233918568,0.0045135620614275744,-0.017453292519943295,11.789691453976102,41.62902631181809,-53.0
1772913306.403409,14.903798255159131,0.7952556763659658,-9.481388937087765,-0.674336744193253,-1.5626225801629248,9.740296614045258,-0.015591395785375033,0.0050821691598414145,-0.001090830782496456,12.8746319487755,39.806142847977235,-52.5625
1772913306.4271867,14.903443571902416,0.8002528245271038,-9.472891537082319,-0.6492307910904224,-1.5170594863386606,9.743542505041043,1.5979913754503327e-05,0.004497582147673071,0.002181661564992912,12.8746319487755,39.806142847977235,-52.5625
1772913306.4550679,14.909998448948512,0.8025495432668417,-9.479446414128418,-0.6349915614174354,-1.4964647523385919,9.745702609239759,-0.0028876403349585708,0.006359867682085484,-0.002181661564992912,12.635060030400828,40.64071552062251,-54.5
1772913306.4832525,14.909612664018024,0.806049525610597,-9.492940901922978,-0.6255155131326803,-1.482759186919799,9.733759687624783,0.0073852224826316416,-0.006375847595839988,-0.002181661564992912,12.635060030400828,40.64071552062251,-54.5
1772913306.5301402,14.909612664018024,0.806049525610597,-9.492940901922978,-0.6255155131326803,-1.482759186919799,9.733759687624783,0.0073852224826316416,-0.006375847595839988,-0.002181661564992912,12.635060030400828,40.64071552062251,-54.5
1772913306.5633903,14.909064960333739,0.8127960573842367,-9.491190807062331,-0.6094823128866996,-1.4761067878998642,9.725811806701191,0.0036926112413158208,-0.003187923797919994,0.00545415391248228,13.817736886021105,40.727464902061996,-53.375
1772913306.5767908,14.909064960333739,0.8127960573842367,-9.491190807062331,-0.6094823128866996,-1.4761067878998642,9.725811806701191,0.0036926112413158208,-0.003187923797919994,0.00545415391248228,13.817736886021105,40.727464902061996,-53.375
1772913306.5938337,14.967748813704272,0.8245031013813741,-9.489529737464375,-0.5988123972255815,-1.4716796906642635,9.697106798778954,-0.006075564132878565,0.002667256440769664,0.022907446432425576,13.817736886021105,40.727464902061996,-53.375
1772913306.610826,15.00268841677517,0.8341787025563636,-9.487348411237484,-0.5934063588850673,-1.4890103327299888,9.718145277150485,-0.006359867682085485,-0.0028876403349585708,0.028361600344907856,13.817736886021105,40.727464902061996,-53.375
1772913306.6288538,15.00268841677517,0.8341787025563636,-9.487348411237484,-0.5934063588850673,-1.4890103327299888,9.718145277150485,-0.006359867682085485,-0.0028876403349585708,0.028361600344907856,13.817736886021105,40.727464902061996,-53.375
1772913306.6664047,15.081616479768707,0.8475233358182402,-9.485078056821566,-0.5939228702006512,-1.5167553413735577,9.725455926076899,0.003944954963013734,-0.006628191317537902,0.031634092692397225,13.422595685865897,40.440855966507115,-52.5625
1772913306.694504,15.138004478560877,0.8657733490242175,-9.481071663282373,-0.5942666027113628,-1.5352193346937986,9.730321081272127,0.006596231490028895,-0.005050209332332408,0.0272707695624114,13.422595685865897,40.440855966507115,-52.5625
1772913306.7176895,15.195137191827431,0.8755102267460874,-9.472070646303427,-0.6001081793825779,-1.528826754382239,9.733558787707207,0.006864555125481312,-0.0039928947042772445,0.031634092692397225,13.422595685865897,40.440855966507115,-52.5625
1772913306.7415576,15.195137191827431,0.8755102267460874,-9.472070646303427,-0.6001081793825779,-1.528826754382239,9.733558787707207,0.006864555125481312,-0.0039928947042772445,0.031634092692397225,13.422595685865897,40.440855966507115,-52.5625
1772913306.7791252,15.293751660834266,0.897214966911309,-9.467378520542729,-0.6039956834025845,-1.5245725635946967,9.722332998342925,0.00975219546043988,-0.01035276238636273,0.04799655442984406,13.514838556996079,40.80433396133714,-52.5625
1772913306.8204758,15.381343434596303,0.9080995206671526,-9.480632199781764,-0.6213937838920811,-1.5801034229492403,9.744968366287154,-0.0002683236354524167,-0.0010573146280551636,0.055632369907319255,13.514838556996079,40.80433396133714,-52.5625
1772913306.8633554,15.510271005878879,0.9341685918308551,-9.482890913206322,-0.6264873614404102,-1.6187042573060613,9.713200386897938,0.009499851738741969,-0.006912494866744822,0.04581489286485115,13.938896217631115,40.69671727835193,-53.25
1772913306.8914392,15.479610354404649,0.9347576424687591,-9.467354431429815,-0.6232944092929681,-1.6184540254592956,9.73554560368115,0.011630460908606798,-0.002951559989976584,-0.03381575425739013,13.938896217631115,40.69671727835193,-53.25
1772913306.9056737,15.422132527461882,0.930005234845605,-9.467889326788777,-0.6064565324449618,-1.5875098468476914,9.730345425594034,0.005807240497426148,-0.0037245710688248277,-0.02181661564992912,13.938896217631115,40.69671727835193,-53.25
1772913306.9194005,15.422132527461882,0.930005234845605,-9.467889326788777,-0.6064565324449618,-1.5875098468476914,9.730345425594034,0.005807240497426148,-0.0037245710688248277,-0.02181661564992912,13.938896217631115,40.69671727835193,-53.25
1772913306.9359229,15.430449855854116,0.9325313098378377,-9.474970343477615,-0.5984934454829793,-1.566094007762435,9.726884765166854,0.008458517024441309,-0.0021465890836193336,0.009817477042468103,13.32047249257138,41.562953156322386,-53.6875
1772913306.9525757,15.43718967959438,0.9330751547459541,-9.47476755594905,-0.5984934454829793,-1.566094007762435,9.726884765166854,0.0008049709063572502,0.003171943884165491,0.01090830782496456,13.32047249257138,41.562953156322386,-53.6875
1772913306.9735272,15.43718967959438,0.9330751547459541,-9.47476755594905,-0.5984934454829793,-1.566094007762435,9.726884765166854,0.0008049709063572502,0.003171943884165491,0.01090830782496456,13.32047249257138,41.562953156322386,-53.6875
1772913307.0027497,15.341504715396661,0.9354837601514133,-9.486928845001845,-0.6005996050585137,-1.5810229939824083,9.724581734310675,0.0031559639704109876,-0.005302553054030321,-0.032724923474893676,13.514838556996079,40.80433396133714,-53.6875
1772913307.0382116,15.341504715396661,0.9354837601514133,-9.486928845001845,-0.6005996050585137,-1.5810229939824083,9.724581734310675,0.0031559639704109876,-0.005302553054030321,-0.032724923474893676,13.514838556996079,40.80433396133714,-53.6875
1772913307.0931067,15.284291037989588,0.9303762936860707,-9.458719114699134,-0.6330848294374032,-1.634783060543651,9.723159934558975,-0.008206173302743395,-0.0012936784359985738,0.0,14.35032681125647,41.30159835478687,-53.0
1772913307.1257548,15.284291037989588,0.9303762936860707,-9.458719114699134,-0.6330848294374032,-1.634783060543651,9.723159934558975,-0.008206173302743395,-0.0012936784359985738,0.0,14.35032681125647,41.30159835478687,-53.0
1772913307.3878956,15.266930956389329,0.9574839007534253,-9.429498719827507,-0.6249714310589675,-1.5504664842141065,9.708722454320938,0.010825490002249548,-0.006123503874142075,-0.002181661564992912,13.725494014890923,40.36398690723196,-54.0625
1772913307.4285512,15.31092817914669,0.9611357865323008,-9.429363160271924,-0.6261547261775824,-1.5202934004563233,9.72922047786562,0.0015779819852054938,-0.0026512765270151604,0.02181661564992912,13.725494014890923,40.36398690723196,-54.0625
1772913307.4931796,15.303033782300359,0.9726535212741315,-9.448019897303801,-0.6399115238165766,-1.4969222147175165,9.742861683556681,-0.0021306091698648304,-0.003960934876768238,-0.003272492347489368,13.428089175556593,41.98701081695742,-53.0
1772913307.5530884,15.30228736659489,0.9811669553916835,-9.452989319298187,-0.6353723642565932,-1.5090022789344404,9.755284865269148,0.0031559639704109876,-0.005302553054030321,-0.003272492347489368,13.428089175556593,41.98701081695742,-53.0
1772913307.584279,15.30228736659489,0.9811669553916835,-9.452989319298187,-0.6353723642565932,-1.5090022789344404,9.755284865269148,0.0031559639704109876,-0.005302553054030321,-0.003272492347489368,13.428089175556593,41.98701081695742,-53.0
1772913307.5999887,15.302491933306436,0.9793946186663509,-9.446247252012585,-0.6372886076053081,-1.5364954186613868,9.770242577337402,0.004481602233918568,-0.0045135620614275744,0.007635815477475192,13.817736886021105,40.727464902061996,-53.0
1772913307.6138601,15.302491933306436,0.9793946186663509,-9.446247252012585,-0.6372886076053081,-1.5364954186613868,9.770242577337402,0.004481602233918568,-0.0045135620614275744,0.007635815477475192,13.817736886021105,40.727464902061996,-53.0
1772913307.636133,15.302082593239508,0.9829392503289259,-9.4597313291249,-0.6320791821701229,-1.5564374638078917,9.776851655922915,-0.007937849667290978,-0.0002363638079434099,0.007635815477475192,13.817736886021105,40.727464902061996,-53.0
1772913307.6707604,15.301540216785376,0.9896802529441093,-9.45795882300292,-0.6286123677361022,-1.5697086720856501,9.784595035600647,-0.0037085911550703244,-0.001309658349753077,-0.004363323129985824,13.514838556996079,40.80433396133714,-53.6875
1772913307.700997,15.301540216785376,0.9896802529441093,-9.45795882300292,-0.6286123677361022,-1.5697086720856501,9.784595035600647,-0.0037085911550703244,-0.001309658349753077,-0.004363323129985824,13.514838556996079,40.80433396133714,-53.6875
1772913307.7445157,15.321839724552008,0.992727107384698,-9.43534469674614,-0.6205454042386088,-1.5558441890226886,9.78640305656964,0.002114629256110327,-0.0005366472709048334,0.014180800172453928,13.514838556996079,40.80433396133714,-53.6875
1772913307.7799282,15.330355350261511,0.9934730580723035,-9.435680335750254,-0.6313885900896993,-1.5425033609789205,9.777570939205628,0.006075564132878565,-0.002667256440769664,-0.002181661564992912,12.484984238310988,41.06568876287266,-53.375
1772913307.802737,15.3291967800942,1.005535314539672,-9.454131337208297,-0.6613989401989285,-1.5554496754124723,9.771693263761094,0.008458517024441309,-0.0021465890836193336,-0.003272492347489368,12.484984238310988,41.06568876287266,-53.375
1772913307.8579001,15.284994012359364,1.0036440228524832,-9.461026032060259,-0.6813704929590442,-1.564065303048193,9.767781736410694,0.0,0.0,-0.015271630954950384,13.909979757151287,41.090942896892024,-52.1875
1772913307.883614,15.2851999376802,1.0018728928285083,-9.454283910826932,-0.6619439969476136,-1.495274274815361,9.721692206458473,0.007401202396386145,-0.0018782654481669173,0.007635815477475192,13.909979757151287,41.090942896892024,-52.1875
1772913307.9040105,15.300456083746147,1.0031623397768101,-9.454413983104521,-0.6328042209154006,-1.453608783414338,9.691020139129055,0.0008049709063572502,0.003171943884165491,0.014180800172453928,13.909979757151287,41.090942896892024,-52.1875
1772913307.9290943,15.300456083746147,1.0031623397768101,-9.454413983104521,-0.6328042209154006,-1.453608783414338,9.691020139129055,0.0008049709063572502,0.003171943884165491,0.014180800172453928,13.909979757151287,41.090942896892024,-52.1875
1772913307.9542015,15.30644986318014,1.0122173480445804,-9.459177185293491,-0.6216403643621715,-1.458304184210564,9.66726310924345,0.007132878760933729,-0.002935580076222081,-0.00545415391248228,12.484984238310988,41.06568876287266,-53.6875
1772913307.9810195,15.277503185750744,1.0116137733841217,-9.466203358232603,-0.6150337764228048,-1.4646712529783457,9.66148840635995,0.00028430354920692003,0.005554896775728234,-0.008726646259971648,12.484984238310988,41.06568876287266,-53.6875
1772913308.0366166,15.277503185750744,1.0116137733841217,-9.466203358232603,-0.6150337764228048,-1.4646712529783457,9.66148840635995,0.00028430354920692003,0.005554896775728234,-0.008726646259971648,12.484984238310988,41.06568876287266,-53.6875
1772913308.139058,15.319999758238101,1.0323087080045126,-9.475984242119075,-0.6099919552071543,-1.503364288950023,9.672920648130889,0.0028876403349585708,-0.006359867682085484,0.0,14.273457751981319,40.99870002576184,-54.0625
1772913308.2196298,15.304743359079799,1.0310155675104,-9.475857669167729,-0.5966340532672161,-1.466300095315849,9.678633882119968,-0.006091544046633068,-0.0018303257069034074,0.004363323129985824,14.088972009720955,40.27174403610178,-53.6875
1772913308.3189476,15.31325791006411,1.0317661333133719,-9.47619233231231,-0.5673469898810021,-1.4587517165268453,9.690537472384575,-0.0010413347143006604,0.004765905783125488,0.003272492347489368,13.981355326735741,39.84768637546674,-53.375
1772913308.3957353,15.31325791006411,1.0317661333133719,-9.47619233231231,-0.5673469898810021,-1.4587517165268453,9.690537472384575,-0.0010413347143006604,0.004765905783125488,0.003272492347489368,13.981355326735741,39.84768637546674,-53.375
1772913308.4444518,15.276339171265391,1.0236665633399786,-9.484659184226658,-0.5757088137778374,-1.4795840764681123,9.693702793575294,0.007937849667290978,0.0002363638079434099,-0.009817477042468103,13.981355326735741,39.84768637546674,-53.375
1772913308.5412931,15.276339171265391,1.0236665633399786,-9.484659184226658,-0.5757088137778374,-1.4795840764681123,9.693702793575294,0.007937849667290978,0.0002363638079434099,-0.009817477042468103,13.981355326735741,39.84768637546674,-53.375
1772913308.603153,15.269596916807934,1.0231232811660418,-9.484866686551781,-0.5907336898499451,-1.525358785763853,9.736209845568238,-0.0018622855344124138,-0.0029036202487130744,-0.009817477042468103,12.72730290153101,41.00419351545254,-54.0625
1772913308.6695552,15.269596916807934,1.0231232811660418,-9.484866686551781,-0.5907336898499451,-1.525358785763853,9.736209845568238,-0.0018622855344124138,-0.0029036202487130744,-0.009817477042468103,12.72730290153101,41.00419351545254,-54.0625
1772913308.7386005,15.291594632655405,1.0249606372957405,-9.484787301570488,-0.6099525629704728,-1.5295231635207056,9.714061912613227,-0.006612211403783398,0.0005526271846593368,0.00545415391248228,14.653225140281497,41.22472929551172,-54.0625
1772913308.7888699,15.284644690879196,1.0261883838887402,-9.491737243346687,-0.6276305081089778,-1.5379563404882994,9.699322710640288,0.0010573146280551636,-0.0002683236354524167,-0.01090830782496456,14.653225140281497,41.22472929551172,-54.0625
1772913308.9076037,15.262983479478475,1.0193779554647813,-9.500329090521442,-0.6523643110788949,-1.540277190002041,9.712929718326208,0.0005206673571503302,-0.002382952891562744,-0.015271630954950384,13.24360343329623,41.26005482729736,-52.0625
1772913309.1183245,15.192355135309716,1.008542406094026,-9.50982095296185,-0.6472080425133548,-1.509701389893556,9.750296223390881,0.009247508017044055,-0.003472227347126914,-0.026179938779914945,13.059117691035864,40.5330988376373,-52.5625
1772913309.1717582,15.192355135309716,1.008542406094026,-9.50982095296185,-0.6472080425133548,-1.509701389893556,9.750296223390881,0.009247508017044055,-0.003472227347126914,-0.026179938779914945,13.059117691035864,40.5330988376373,-52.5625
1772913309.2617803,15.220473841021263,1.0162312937726723,-9.529768308889263,-0.6328226109466208,-1.4883256893607404,9.756887356772237,-0.01347676652926471,0.004545521888936581,0.019634954084936207,13.059117691035864,40.5330988376373,-52.5625
