# ekf covariance log started at 1774889698.2677047
# timestamp: 1774889699.1416628
 6.158939e-03   1.018861e-05   0.000000e+00   1.998734e-02   4.758969e-05   0.000000e+00   0.000000e+00   0.000000e+00   8.677538e-05
 1.018861e-05   6.158204e-03   0.000000e+00   5.202769e-05   1.998910e-02   0.000000e+00   0.000000e+00   0.000000e+00   2.525289e-06
 0.000000e+00   0.000000e+00   6.170138e-03   0.000000e+00   0.000000e+00   2.005030e-02  -8.519341e-04   7.939171e-04   0.000000e+00
 1.998734e-02   5.202769e-05   0.000000e+00   8.222221e-02   3.859059e-04   0.000000e+00   0.000000e+00   0.000000e+00  -1.624991e-03
 4.758969e-05   1.998910e-02   0.000000e+00   3.859059e-04   8.227447e-02   0.000000e+00   0.000000e+00   0.000000e+00  -2.337150e-03
 0.000000e+00   0.000000e+00   2.005030e-02   0.000000e+00   0.000000e+00   8.274484e-02  -5.314358e-03   9.564319e-03   0.000000e+00
 0.000000e+00   0.000000e+00  -8.519341e-04   0.000000e+00   0.000000e+00  -5.314358e-03   5.191407e-01  -4.803646e-01   0.000000e+00
 0.000000e+00   0.000000e+00   7.939171e-04   0.000000e+00   0.000000e+00   9.564319e-03  -4.803646e-01   5.568722e-01   0.000000e+00
 8.677538e-05   2.525289e-06   0.000000e+00  -1.624991e-03  -2.337150e-03   0.000000e+00   0.000000e+00   0.000000e+00   5.721620e-02

# timestamp: 1774889699.1935585
 3.699717e-03   3.667047e-06   0.000000e+00   1.085233e-02   2.265449e-05   0.000000e+00   0.000000e+00   0.000000e+00  -2.973582e-05
 3.667047e-06   3.699756e-03   0.000000e+00   2.406821e-05   1.085535e-02   0.000000e+00   0.000000e+00   0.000000e+00  -8.084589e-05
 0.000000e+00   0.000000e+00   3.704281e-03   0.000000e+00   0.000000e+00   1.088808e-02  -5.976956e-04   7.226417e-04   0.000000e+00
 1.085233e-02   2.406821e-05   0.000000e+00   4.493101e-02   2.125520e-04   0.000000e+00   0.000000e+00   0.000000e+00  -1.213733e-03
 2.265449e-05   1.085535e-02   0.000000e+00   2.125520e-04   4.498065e-02   0.000000e+00   0.000000e+00   0.000000e+00  -1.881016e-03
 0.000000e+00   0.000000e+00   1.088808e-02   0.000000e+00   0.000000e+00   4.530429e-02  -6.639653e-03   9.914016e-03   0.000000e+00
 0.000000e+00   0.000000e+00  -5.976956e-04   0.000000e+00   0.000000e+00  -6.639653e-03   5.228437e-01  -4.851202e-01   0.000000e+00
 0.000000e+00   0.000000e+00   7.226417e-04   0.000000e+00   0.000000e+00   9.914016e-03  -4.851202e-01   5.439725e-01   0.000000e+00
-2.973582e-05  -8.084589e-05   0.000000e+00  -1.213733e-03  -1.881016e-03   0.000000e+00   0.000000e+00   0.000000e+00   4.813153e-02

# timestamp: 1774889699.4165115
 3.920205e-03   9.221446e-05   0.000000e+00   7.728635e-03   1.473208e-04   0.000000e+00   0.000000e+00   0.000000e+00   1.883555e-03
 9.221446e-05   3.946560e-03   0.000000e+00   1.892934e-04   7.733208e-03   0.000000e+00   0.000000e+00   0.000000e+00   2.179519e-03
 0.000000e+00   0.000000e+00   4.032471e-03   0.000000e+00   0.000000e+00   7.866596e-03  -2.236487e-04  -3.787633e-03   0.000000e+00
 7.728635e-03   1.892934e-04   0.000000e+00   2.044690e-02   3.274277e-04   0.000000e+00   0.000000e+00   0.000000e+00   3.701356e-03
 1.473208e-04   7.733208e-03   0.000000e+00   3.274277e-04   2.039298e-02   0.000000e+00   0.000000e+00   0.000000e+00   3.177877e-03
 0.000000e+00   0.000000e+00   7.866596e-03   0.000000e+00   0.000000e+00   2.093045e-02  -1.302559e-02   5.815070e-03   0.000000e+00
 0.000000e+00   0.000000e+00  -2.236487e-04   0.000000e+00   0.000000e+00  -1.302559e-02   5.419533e-01  -4.715414e-01   0.000000e+00
 0.000000e+00   0.000000e+00  -3.787633e-03   0.000000e+00   0.000000e+00   5.815070e-03  -4.715414e-01   5.084472e-01   0.000000e+00
 1.883555e-03   2.179519e-03   0.000000e+00   3.701356e-03   3.177877e-03   0.000000e+00   0.000000e+00   0.000000e+00   5.326840e-02

# timestamp: 1774889699.440341
 4.350080e-03   1.009807e-04   0.000000e+00   8.251053e-03   1.539761e-04   0.000000e+00   0.000000e+00   0.000000e+00   1.978467e-03
 1.009807e-04   4.376508e-03   0.000000e+00   2.028116e-04   8.247602e-03   0.000000e+00   0.000000e+00   0.000000e+00   2.259536e-03
 0.000000e+00   0.000000e+00   4.469520e-03   0.000000e+00   0.000000e+00   8.395106e-03  -5.692739e-04  -3.625836e-03   0.000000e+00
 8.251053e-03   2.028116e-04   0.000000e+00   2.046695e-02   3.315245e-04   0.000000e+00   0.000000e+00   0.000000e+00   3.829007e-03
 1.539761e-04   8.247602e-03   0.000000e+00   3.315245e-04   2.039007e-02   0.000000e+00   0.000000e+00   0.000000e+00   3.130611e-03
 0.000000e+00   0.000000e+00   8.395106e-03   0.000000e+00   0.000000e+00   2.100884e-02  -1.469683e-02   7.351924e-03   0.000000e+00
 0.000000e+00   0.000000e+00  -5.692739e-04   0.000000e+00   0.000000e+00  -1.469683e-02   5.444852e-01  -4.715414e-01   0.000000e+00
 0.000000e+00   0.000000e+00  -3.625836e-03   0.000000e+00   0.000000e+00   7.351924e-03  -4.715414e-01   5.109791e-01   0.000000e+00
 1.978467e-03   2.259536e-03   0.000000e+00   3.829007e-03   3.130611e-03   0.000000e+00   0.000000e+00   0.000000e+00   5.580028e-02

# timestamp: 1774889699.464558
 3.208633e-03   1.575743e-05   0.000000e+00   5.922355e-03   3.854656e-05   0.000000e+00   0.000000e+00   0.000000e+00  -3.543153e-04
 1.575743e-05   3.215780e-03   0.000000e+00   3.367688e-05   5.945130e-03   0.000000e+00   0.000000e+00   0.000000e+00  -5.823028e-04
 0.000000e+00   0.000000e+00   3.239616e-03   0.000000e+00   0.000000e+00   6.058977e-03  -1.975780e-03   2.775869e-03   0.000000e+00
 5.922355e-03   3.367688e-05   0.000000e+00   1.548827e-02   9.572117e-05   0.000000e+00   0.000000e+00   0.000000e+00  -5.512279e-04
 3.854656e-05   5.945130e-03   0.000000e+00   9.572117e-05   1.557518e-02   0.000000e+00   0.000000e+00   0.000000e+00  -2.051008e-03
 0.000000e+00   0.000000e+00   6.058977e-03   0.000000e+00   0.000000e+00   1.631738e-02  -1.758916e-02   1.912057e-02   0.000000e+00
 0.000000e+00   0.000000e+00  -1.975780e-03   0.000000e+00   0.000000e+00  -1.758916e-02   5.455424e-01  -4.670512e-01   0.000000e+00
 0.000000e+00   0.000000e+00   2.775869e-03   0.000000e+00   0.000000e+00   1.912057e-02  -4.670512e-01   4.878806e-01   0.000000e+00
-3.543153e-04  -5.823028e-04   0.000000e+00  -5.512279e-04  -2.051008e-03   0.000000e+00   0.000000e+00   0.000000e+00   4.866360e-02

# timestamp: 1774889699.4854352
 2.685381e-03   2.921972e-05   0.000000e+00   4.793587e-03   3.673613e-05   0.000000e+00   0.000000e+00   0.000000e+00   8.746558e-04
 2.921972e-05   2.697492e-03   0.000000e+00   6.002958e-05   4.788607e-03   0.000000e+00   0.000000e+00   0.000000e+00   1.107894e-03
 0.000000e+00   0.000000e+00   2.724117e-03   0.000000e+00   0.000000e+00   4.810859e-03   2.650516e-04  -2.152713e-03   0.000000e+00
 4.793587e-03   6.002958e-05   0.000000e+00   1.278709e-02   9.329084e-05   0.000000e+00   0.000000e+00   0.000000e+00   1.695047e-03
 3.673613e-05   4.788607e-03   0.000000e+00   9.329084e-05   1.275561e-02   0.000000e+00   0.000000e+00   0.000000e+00   1.090734e-03
 0.000000e+00   0.000000e+00   4.810859e-03   0.000000e+00   0.000000e+00   1.315277e-02  -1.346889e-02   9.647860e-03   0.000000e+00
 0.000000e+00   0.000000e+00   2.650516e-04   0.000000e+00   0.000000e+00  -1.346889e-02   5.397202e-01  -4.501258e-01   0.000000e+00
 0.000000e+00   0.000000e+00  -2.152713e-03   0.000000e+00   0.000000e+00   9.647860e-03  -4.501258e-01   4.565029e-01   0.000000e+00
 8.746558e-04   1.107894e-03   0.000000e+00   1.695047e-03   1.090734e-03   0.000000e+00   0.000000e+00   0.000000e+00   4.590794e-02

# timestamp: 1774889699.5408158
 3.314551e-03   3.494147e-05   0.000000e+00   5.508731e-03   4.046008e-05   0.000000e+00   0.000000e+00   0.000000e+00   9.723431e-04
 3.494147e-05   3.325793e-03   0.000000e+00   6.873031e-05   5.497017e-03   0.000000e+00   0.000000e+00   0.000000e+00   1.166890e-03
 0.000000e+00   0.000000e+00   3.356167e-03   0.000000e+00   0.000000e+00   5.543695e-03  -5.380873e-04  -1.568302e-03   0.000000e+00
 5.508731e-03   6.873031e-05   0.000000e+00   1.280347e-02   9.369769e-05   0.000000e+00   0.000000e+00   0.000000e+00   1.845555e-03
 4.046008e-05   5.497017e-03   0.000000e+00   9.369769e-05   1.275784e-02   0.000000e+00   0.000000e+00   0.000000e+00   1.012533e-03
 0.000000e+00   0.000000e+00   5.543695e-03   0.000000e+00   0.000000e+00   1.328195e-02  -1.584420e-02   1.175451e-02   0.000000e+00
 0.000000e+00   0.000000e+00  -5.380873e-04   0.000000e+00   0.000000e+00  -1.584420e-02   5.452873e-01  -4.501258e-01   0.000000e+00
 0.000000e+00   0.000000e+00  -1.568302e-03   0.000000e+00   0.000000e+00   1.175451e-02  -4.501258e-01   4.620700e-01   0.000000e+00
 9.723431e-04   1.166890e-03   0.000000e+00   1.845555e-03   1.012533e-03   0.000000e+00   0.000000e+00   0.000000e+00   5.147504e-02

# timestamp: 1774889699.7814376
 2.167343e-03   1.202003e-05   0.000000e+00   2.788945e-03   2.011081e-05   0.000000e+00   0.000000e+00   0.000000e+00  -3.930275e-04
 1.202003e-05   2.181030e-03   0.000000e+00   1.177355e-05   2.818254e-03   0.000000e+00   0.000000e+00   0.000000e+00  -8.262577e-04
 0.000000e+00   0.000000e+00   2.225703e-03   0.000000e+00   0.000000e+00   2.998756e-03  -3.817347e-03   4.123600e-03   0.000000e+00
 2.788945e-03   1.177355e-05   0.000000e+00   5.791238e-03   2.220118e-05   0.000000e+00   0.000000e+00   0.000000e+00  -1.833689e-04
 2.011081e-05   2.818254e-03   0.000000e+00   2.220118e-05   5.855149e-03   0.000000e+00   0.000000e+00   0.000000e+00  -1.578816e-03
 0.000000e+00   0.000000e+00   2.998756e-03   0.000000e+00   0.000000e+00   6.666464e-03  -1.935616e-02   1.686353e-02   0.000000e+00
 0.000000e+00   0.000000e+00  -3.817347e-03   0.000000e+00   0.000000e+00  -1.935616e-02   5.329099e-01  -3.793967e-01   0.000000e+00
 0.000000e+00   0.000000e+00   4.123600e-03   0.000000e+00   0.000000e+00   1.686353e-02  -3.793967e-01   3.422654e-01   0.000000e+00
-3.930275e-04  -8.262577e-04   0.000000e+00  -1.833689e-04  -1.578816e-03   0.000000e+00   0.000000e+00   0.000000e+00   4.611744e-02

# timestamp: 1774889699.816133
 1.972043e-03   8.000365e-06   0.000000e+00   2.462597e-03   6.513752e-06   0.000000e+00   0.000000e+00   0.000000e+00   3.524287e-04
 8.000365e-06   1.976721e-03   0.000000e+00   1.540022e-05   2.460586e-03   0.000000e+00   0.000000e+00   0.000000e+00   4.938088e-04
 0.000000e+00   0.000000e+00   1.986830e-03   0.000000e+00   0.000000e+00   2.515785e-03  -1.682106e-03   5.011569e-04   0.000000e+00
 2.462597e-03   1.540022e-05   0.000000e+00   5.148371e-03   1.568409e-05   0.000000e+00   0.000000e+00   0.000000e+00   7.541280e-04
 6.513752e-06   2.460586e-03   0.000000e+00   1.568409e-05   5.145636e-03   0.000000e+00   0.000000e+00   0.000000e+00   1.661047e-04
 0.000000e+00   0.000000e+00   2.515785e-03   0.000000e+00   0.000000e+00   5.659515e-03  -1.587660e-02   1.115878e-02   0.000000e+00
 0.000000e+00   0.000000e+00  -1.682106e-03   0.000000e+00   0.000000e+00  -1.587660e-02   5.202367e-01  -3.552125e-01   0.000000e+00
 0.000000e+00   0.000000e+00   5.011569e-04   0.000000e+00   0.000000e+00   1.115878e-02  -3.552125e-01   3.095710e-01   0.000000e+00
 3.524287e-04   4.938088e-04   0.000000e+00   7.541280e-04   1.661047e-04   0.000000e+00   0.000000e+00   0.000000e+00   4.408623e-02

# timestamp: 1774889699.842399
 2.145496e-03   8.642577e-06   0.000000e+00   2.610064e-03   6.915270e-06   0.000000e+00   0.000000e+00   0.000000e+00   3.743186e-04
 8.642577e-06   2.150050e-03   0.000000e+00   1.630988e-05   2.607559e-03   0.000000e+00   0.000000e+00   0.000000e+00   4.985053e-04
 0.000000e+00   0.000000e+00   2.163767e-03   0.000000e+00   0.000000e+00   2.679726e-03  -2.140026e-03   8.229825e-04   0.000000e+00
 2.610064e-03   1.630988e-05   0.000000e+00   5.152666e-03   1.573655e-05   0.000000e+00   0.000000e+00   0.000000e+00   7.969005e-04
 6.915270e-06   2.607559e-03   0.000000e+00   1.573655e-05   5.148451e-03   0.000000e+00   0.000000e+00   0.000000e+00   1.602210e-04
 0.000000e+00   0.000000e+00   2.679726e-03   0.000000e+00   0.000000e+00   5.695215e-03  -1.640643e-02   1.152807e-02   0.000000e+00
 0.000000e+00   0.000000e+00  -2.140026e-03   0.000000e+00   0.000000e+00  -1.640643e-02   5.230931e-01  -3.552125e-01   0.000000e+00
 0.000000e+00   0.000000e+00   8.229825e-04   0.000000e+00   0.000000e+00   1.152807e-02  -3.552125e-01   3.124274e-01   0.000000e+00
 3.743186e-04   4.985053e-04   0.000000e+00   7.969005e-04   1.602210e-04   0.000000e+00   0.000000e+00   0.000000e+00   4.694261e-02

# timestamp: 1774889700.1389449
 1.664035e-03   4.039850e-06   0.000000e+00   1.605214e-03   2.982246e-06   0.000000e+00   0.000000e+00   0.000000e+00   2.259482e-04
 4.039850e-06   1.667249e-03   0.000000e+00   6.819278e-06   1.606069e-03   0.000000e+00   0.000000e+00   0.000000e+00   3.055492e-04
 0.000000e+00   0.000000e+00   1.690077e-03   0.000000e+00   0.000000e+00   1.702654e-03  -3.183638e-03   1.529212e-03   0.000000e+00
 1.605214e-03   6.819278e-06   0.000000e+00   2.876802e-03   5.504063e-06   0.000000e+00   0.000000e+00   0.000000e+00   4.988491e-04
 2.982246e-06   1.606069e-03   0.000000e+00   5.504063e-06   2.877910e-03   0.000000e+00   0.000000e+00   0.000000e+00   1.187120e-04
 0.000000e+00   0.000000e+00   1.702654e-03   0.000000e+00   0.000000e+00   3.311026e-03  -1.429316e-02   8.427695e-03   0.000000e+00
 0.000000e+00   0.000000e+00  -3.183638e-03   0.000000e+00   0.000000e+00  -1.429316e-02   5.096045e-01  -2.859406e-01   0.000000e+00
 0.000000e+00   0.000000e+00   1.529212e-03   0.000000e+00   0.000000e+00   8.427695e-03  -2.859406e-01   2.212800e-01   0.000000e+00
 2.259482e-04   3.055492e-04   0.000000e+00   4.988491e-04   1.187120e-04   0.000000e+00   0.000000e+00   0.000000e+00   4.493394e-02

# timestamp: 1774889700.185254
 1.397781e-03   2.309731e-06   0.000000e+00   1.302463e-03   1.573644e-06   0.000000e+00   0.000000e+00   0.000000e+00   1.492034e-04
 2.309731e-06   1.399484e-03   0.000000e+00   4.157923e-06   1.302733e-03   0.000000e+00   0.000000e+00   0.000000e+00   1.817253e-04
 0.000000e+00   0.000000e+00   1.418986e-03   0.000000e+00   0.000000e+00   1.389011e-03  -2.948609e-03   1.476859e-03   0.000000e+00
 1.302463e-03   4.157923e-06   0.000000e+00   2.470623e-03   3.228366e-06   0.000000e+00   0.000000e+00   0.000000e+00   3.812247e-04
 1.573644e-06   1.302733e-03   0.000000e+00   3.228366e-06   2.471732e-03   0.000000e+00   0.000000e+00   0.000000e+00   3.327460e-05
 0.000000e+00   0.000000e+00   1.389011e-03   0.000000e+00   0.000000e+00   2.868805e-03  -1.364409e-02   7.814540e-03   0.000000e+00
 0.000000e+00   0.000000e+00  -2.948609e-03   0.000000e+00   0.000000e+00  -1.364409e-02   5.086619e-01  -2.752562e-01   0.000000e+00
 0.000000e+00   0.000000e+00   1.476859e-03   0.000000e+00   0.000000e+00   7.814540e-03  -2.752562e-01   2.021369e-01   0.000000e+00
 1.492034e-04   1.817253e-04   0.000000e+00   3.812247e-04   3.327460e-05   0.000000e+00   0.000000e+00   0.000000e+00   4.011758e-02

# timestamp: 1774889700.212867
 1.514199e-03   2.495187e-06   0.000000e+00   1.380704e-03   1.671127e-06   0.000000e+00   0.000000e+00   0.000000e+00   1.615078e-04
 2.495187e-06   1.515918e-03   0.000000e+00   4.354741e-06   1.380917e-03   0.000000e+00   0.000000e+00   0.000000e+00   1.827626e-04
 0.000000e+00   0.000000e+00   1.541313e-03   0.000000e+00   0.000000e+00   1.481646e-03  -3.383102e-03   1.725624e-03   0.000000e+00
 1.380704e-03   4.354741e-06   0.000000e+00   2.474191e-03   3.233764e-06   0.000000e+00   0.000000e+00   0.000000e+00   4.030852e-04
 1.671127e-06   1.380917e-03   0.000000e+00   3.233764e-06   2.474891e-03   0.000000e+00   0.000000e+00   0.000000e+00   3.203292e-05
 0.000000e+00   0.000000e+00   1.481646e-03   0.000000e+00   0.000000e+00   2.886744e-03  -1.391739e-02   7.963501e-03   0.000000e+00
 0.000000e+00   0.000000e+00  -3.383102e-03   0.000000e+00   0.000000e+00  -1.391739e-02   5.118227e-01  -2.752562e-01   0.000000e+00
 0.000000e+00   0.000000e+00   1.725624e-03   0.000000e+00   0.000000e+00   7.963501e-03  -2.752562e-01   2.052977e-01   0.000000e+00
 1.615078e-04   1.827626e-04   0.000000e+00   4.030852e-04   3.203292e-05   0.000000e+00   0.000000e+00   0.000000e+00   4.327841e-02

# timestamp: 1774889700.47436
 1.333825e-03   5.104129e-06   0.000000e+00   1.033195e-03   4.360184e-06   0.000000e+00   0.000000e+00   0.000000e+00  -2.381168e-04
 5.104129e-06   1.345021e-03   0.000000e+00   5.988474e-07   1.044909e-03   0.000000e+00   0.000000e+00   0.000000e+00  -6.799799e-04
 0.000000e+00   0.000000e+00   1.394985e-03   0.000000e+00   0.000000e+00   1.185792e-03  -4.412791e-03   3.185580e-03   0.000000e+00
 1.033195e-03   5.988474e-07   0.000000e+00   1.763565e-03   4.129191e-07   0.000000e+00   0.000000e+00   0.000000e+00   4.607313e-05
 4.360184e-06   1.044909e-03   0.000000e+00   4.129191e-07   1.775267e-03   0.000000e+00   0.000000e+00   0.000000e+00  -6.141732e-04
 0.000000e+00   0.000000e+00   1.185792e-03   0.000000e+00   0.000000e+00   2.188720e-03  -1.382120e-02   8.024407e-03   0.000000e+00
 0.000000e+00   0.000000e+00  -4.412791e-03   0.000000e+00   0.000000e+00  -1.382120e-02   5.260723e-01  -2.580592e-01   0.000000e+00
 0.000000e+00   0.000000e+00   3.185580e-03   0.000000e+00   0.000000e+00   8.024407e-03  -2.580592e-01   1.805951e-01   0.000000e+00
-2.381168e-04  -6.799799e-04   0.000000e+00   4.607313e-05  -6.141732e-04   0.000000e+00   0.000000e+00   0.000000e+00   4.263418e-02

# timestamp: 1774889700.5013893
 1.263025e-03   2.020826e-06   0.000000e+00   9.606719e-04   1.201382e-06   0.000000e+00   0.000000e+00   0.000000e+00   1.433821e-04
 2.020826e-06   1.265543e-03   0.000000e+00   2.820653e-06   9.618513e-04   0.000000e+00   0.000000e+00   0.000000e+00   2.195612e-04
 0.000000e+00   0.000000e+00   1.294518e-03   0.000000e+00   0.000000e+00   1.061976e-03  -3.648479e-03   1.597874e-03   0.000000e+00
 9.606719e-04   2.820653e-06   0.000000e+00   1.667663e-03   1.536648e-06   0.000000e+00   0.000000e+00   0.000000e+00   3.261210e-04
 1.201382e-06   9.618513e-04   0.000000e+00   1.536648e-06   1.668183e-03   0.000000e+00   0.000000e+00   0.000000e+00   8.823483e-05
 0.000000e+00   0.000000e+00   1.061976e-03   0.000000e+00   0.000000e+00   2.021313e-03  -1.295796e-02   6.450172e-03   0.000000e+00
 0.000000e+00   0.000000e+00  -3.648479e-03   0.000000e+00   0.000000e+00  -1.295796e-02   5.224469e-01  -2.474717e-01   0.000000e+00
 0.000000e+00   0.000000e+00   1.597874e-03   0.000000e+00   0.000000e+00   6.450172e-03  -2.474717e-01   1.681093e-01   0.000000e+00
 1.433821e-04   2.195612e-04   0.000000e+00   3.261210e-04   8.823483e-05   0.000000e+00   0.000000e+00   0.000000e+00   4.078506e-02

# timestamp: 1774889700.526811
 1.329809e-03   2.113067e-06   0.000000e+00   9.984023e-04   1.244828e-06   0.000000e+00   0.000000e+00   0.000000e+00   1.508593e-04
 2.113067e-06   1.332380e-03   0.000000e+00   2.938803e-06   9.995484e-04   0.000000e+00   0.000000e+00   0.000000e+00   2.215702e-04
 0.000000e+00   0.000000e+00   1.366076e-03   0.000000e+00   0.000000e+00   1.109049e-03  -3.942294e-03   1.744073e-03   0.000000e+00
 9.984023e-04   2.938803e-06   0.000000e+00   1.670171e-03   1.589137e-06   0.000000e+00   0.000000e+00   0.000000e+00   3.420294e-04
 1.244828e-06   9.995484e-04   0.000000e+00   1.589137e-06   1.670450e-03   0.000000e+00   0.000000e+00   0.000000e+00   9.062307e-05
 0.000000e+00   0.000000e+00   1.109049e-03   0.000000e+00   0.000000e+00   2.032652e-03  -1.314104e-02   6.533668e-03   0.000000e+00
 0.000000e+00   0.000000e+00  -3.942294e-03   0.000000e+00   0.000000e+00  -1.314104e-02   5.247038e-01  -2.474717e-01   0.000000e+00
 0.000000e+00   0.000000e+00   1.744073e-03   0.000000e+00   0.000000e+00   6.533668e-03  -2.474717e-01   1.703662e-01   0.000000e+00
 1.508593e-04   2.215702e-04   0.000000e+00   3.420294e-04   9.062307e-05   0.000000e+00   0.000000e+00   0.000000e+00   4.304202e-02

# timestamp: 1774889700.5607388
 1.418091e-03   2.236402e-06   0.000000e+00   1.046965e-03   1.302827e-06   0.000000e+00   0.000000e+00   0.000000e+00   1.609051e-04
 2.236402e-06   1.420728e-03   0.000000e+00   3.093332e-06   1.048057e-03   0.000000e+00   0.000000e+00   0.000000e+00   2.242169e-04
 0.000000e+00   0.000000e+00   1.461100e-03   0.000000e+00   0.000000e+00   1.170025e-03  -4.324661e-03   1.934121e-03   0.000000e+00
 1.046965e-03   3.093332e-06   0.000000e+00   1.673411e-03   1.659301e-06   0.000000e+00   0.000000e+00   0.000000e+00   3.639326e-04
 1.302827e-06   1.048057e-03   0.000000e+00   1.659301e-06   1.673362e-03   0.000000e+00   0.000000e+00   0.000000e+00   9.391126e-05
 0.000000e+00   0.000000e+00   1.170025e-03   0.000000e+00   0.000000e+00   2.047406e-03  -1.337768e-02   6.640692e-03   0.000000e+00
 0.000000e+00   0.000000e+00  -4.324661e-03   0.000000e+00   0.000000e+00  -1.337768e-02   5.276028e-01  -2.474717e-01   0.000000e+00
 0.000000e+00   0.000000e+00   1.934121e-03   0.000000e+00   0.000000e+00   6.640692e-03  -2.474717e-01   1.732652e-01   0.000000e+00
 1.609051e-04   2.242169e-04   0.000000e+00   3.639326e-04   9.391126e-05   0.000000e+00   0.000000e+00   0.000000e+00   4.594095e-02

# timestamp: 1774889700.8136053
 1.181228e-03   1.614525e-06   0.000000e+00   7.593307e-04   9.342314e-07   0.000000e+00   0.000000e+00   0.000000e+00   1.284171e-04
 1.614525e-06   1.183787e-03   0.000000e+00   1.982792e-06   7.605296e-04   0.000000e+00   0.000000e+00   0.000000e+00   2.164538e-04
 0.000000e+00   0.000000e+00   1.221309e-03   0.000000e+00   0.000000e+00   8.667525e-04  -4.167840e-03   1.630075e-03   0.000000e+00
 7.593307e-04   1.982792e-06   0.000000e+00   1.242939e-03   1.121677e-06   0.000000e+00   0.000000e+00   0.000000e+00   2.771966e-04
 9.342314e-07   7.605296e-04   0.000000e+00   1.121677e-06   1.242665e-03   0.000000e+00   0.000000e+00   0.000000e+00   1.356773e-04
 0.000000e+00   0.000000e+00   8.667525e-04   0.000000e+00   0.000000e+00   1.547137e-03  -1.207946e-02   5.250256e-03   0.000000e+00
 0.000000e+00   0.000000e+00  -4.167840e-03   0.000000e+00   0.000000e+00  -1.207946e-02   5.360128e-01  -2.236902e-01   0.000000e+00
 0.000000e+00   0.000000e+00   1.630075e-03   0.000000e+00   0.000000e+00   5.250256e-03  -2.236902e-01   1.434059e-01   0.000000e+00
 1.284171e-04   2.164538e-04   0.000000e+00   2.771966e-04   1.356773e-04   0.000000e+00   0.000000e+00   0.000000e+00   4.200087e-02

# timestamp: 1774889700.8311107
 1.234221e-03   1.676229e-06   0.000000e+00   7.852766e-04   9.739058e-07   0.000000e+00   0.000000e+00   0.000000e+00   1.342598e-04
 1.676229e-06   1.236830e-03   0.000000e+00   2.057970e-06   7.864643e-04   0.000000e+00   0.000000e+00   0.000000e+00   2.193151e-04
 0.000000e+00   0.000000e+00   1.278919e-03   0.000000e+00   0.000000e+00   8.998480e-04  -4.420092e-03   1.739660e-03   0.000000e+00
 7.852766e-04   2.057970e-06   0.000000e+00   1.245154e-03   1.188034e-06   0.000000e+00   0.000000e+00   0.000000e+00   2.874031e-04
 9.739058e-07   7.864643e-04   0.000000e+00   1.188034e-06   1.244781e-03   0.000000e+00   0.000000e+00   0.000000e+00   1.408785e-04
 0.000000e+00   0.000000e+00   8.998480e-04   0.000000e+00   0.000000e+00   1.553662e-03  -1.217906e-02   5.285516e-03   0.000000e+00
 0.000000e+00   0.000000e+00  -4.420092e-03   0.000000e+00   0.000000e+00  -1.217906e-02   5.380953e-01  -2.236902e-01   0.000000e+00
 0.000000e+00   0.000000e+00   1.739660e-03   0.000000e+00   0.000000e+00   5.285516e-03  -2.236902e-01   1.454884e-01   0.000000e+00
 1.342598e-04   2.193151e-04   0.000000e+00   2.874031e-04   1.408785e-04   0.000000e+00   0.000000e+00   0.000000e+00   4.408344e-02

# timestamp: 1774889700.8706138
 1.186027e-03   3.370202e-06   0.000000e+00   7.385481e-04   1.973935e-06   0.000000e+00   0.000000e+00   0.000000e+00  -1.820101e-04
 3.370202e-06   1.194796e-03   0.000000e+00  -5.160517e-07   7.448217e-04   0.000000e+00   0.000000e+00   0.000000e+00  -5.755611e-04
 0.000000e+00   0.000000e+00   1.246008e-03   0.000000e+00   0.000000e+00   8.698773e-04  -4.565681e-03   2.747176e-03   0.000000e+00
 7.385481e-04  -5.160517e-07   0.000000e+00   1.188234e-03  -4.258916e-07   0.000000e+00   0.000000e+00   0.000000e+00   7.906223e-05
 1.973935e-06   7.448217e-04   0.000000e+00  -4.258916e-07   1.191800e-03   0.000000e+00   0.000000e+00   0.000000e+00  -3.503037e-04
 0.000000e+00   0.000000e+00   8.698773e-04   0.000000e+00   0.000000e+00   1.506180e-03  -1.214628e-02   5.860216e-03   0.000000e+00
 0.000000e+00   0.000000e+00  -4.565681e-03   0.000000e+00   0.000000e+00  -1.214628e-02   5.412858e-01  -2.255462e-01   0.000000e+00
 0.000000e+00   0.000000e+00   2.747176e-03   0.000000e+00   0.000000e+00   5.860216e-03  -2.255462e-01   1.451800e-01   0.000000e+00
-1.820101e-04  -5.755611e-04   0.000000e+00   7.906223e-05  -3.503037e-04   0.000000e+00   0.000000e+00   0.000000e+00   4.296404e-02

# timestamp: 1774889701.190486
 1.043055e-03   1.151909e-06   0.000000e+00   5.648280e-04   7.379579e-07   0.000000e+00   0.000000e+00   0.000000e+00   9.559578e-05
 1.151909e-06   1.045314e-03   0.000000e+00   1.213805e-06   5.659997e-04   0.000000e+00   0.000000e+00   0.000000e+00   1.961863e-04
 0.000000e+00   0.000000e+00   1.081432e-03   0.000000e+00   0.000000e+00   6.540377e-04  -4.081177e-03   1.435859e-03   0.000000e+00
 5.648280e-04   1.213805e-06   0.000000e+00   9.248900e-04   9.529755e-07   0.000000e+00   0.000000e+00   0.000000e+00   1.779219e-04
 7.379579e-07   5.659997e-04   0.000000e+00   9.529755e-07   9.248602e-04   0.000000e+00   0.000000e+00   0.000000e+00   1.695982e-04
 0.000000e+00   0.000000e+00   6.540377e-04   0.000000e+00   0.000000e+00   1.141498e-03  -1.018693e-02   3.924172e-03   0.000000e+00
 0.000000e+00   0.000000e+00  -4.081177e-03   0.000000e+00   0.000000e+00  -1.018693e-02   5.557973e-01  -2.093689e-01   0.000000e+00
 0.000000e+00   0.000000e+00   1.435859e-03   0.000000e+00   0.000000e+00   3.924172e-03  -2.093689e-01   1.257027e-01   0.000000e+00
 9.559578e-05   1.961863e-04   0.000000e+00   1.779219e-04   1.695982e-04   0.000000e+00   0.000000e+00   0.000000e+00   4.057861e-02

# timestamp: 1774889701.2102127
 1.075117e-03   1.181434e-06   0.000000e+00   5.786881e-04   7.664454e-07   0.000000e+00   0.000000e+00   0.000000e+00   9.827080e-05
 1.181434e-06   1.077411e-03   0.000000e+00   1.246198e-06   5.798790e-04   0.000000e+00   0.000000e+00   0.000000e+00   1.987450e-04
 0.000000e+00   0.000000e+00   1.116212e-03   0.000000e+00   0.000000e+00   6.712988e-04  -4.233625e-03   1.494558e-03   0.000000e+00
 5.786881e-04   1.246198e-06   0.000000e+00   9.264184e-04   9.945849e-07   0.000000e+00   0.000000e+00   0.000000e+00   1.817087e-04
 7.664454e-07   5.798790e-04   0.000000e+00   9.945849e-07   9.264058e-04   0.000000e+00   0.000000e+00   0.000000e+00   1.756150e-04
 0.000000e+00   0.000000e+00   6.712988e-04   0.000000e+00   0.000000e+00   1.143713e-03  -1.020729e-02   3.924884e-03   0.000000e+00
 0.000000e+00   0.000000e+00  -4.233625e-03   0.000000e+00   0.000000e+00  -1.020729e-02   5.572931e-01  -2.093689e-01   0.000000e+00
 0.000000e+00   0.000000e+00   1.494558e-03   0.000000e+00   0.000000e+00   3.924884e-03  -2.093689e-01   1.271985e-01   0.000000e+00
 9.827080e-05   1.987450e-04   0.000000e+00   1.817087e-04   1.756150e-04   0.000000e+00   0.000000e+00   0.000000e+00   4.207437e-02

# timestamp: 1774889701.262645
 1.074772e-03   2.552922e-06   0.000000e+00   5.651488e-04   1.035300e-06   0.000000e+00   0.000000e+00   0.000000e+00  -1.555546e-04
 2.552922e-06   1.081712e-03   0.000000e+00  -1.330329e-07   5.682461e-04   0.000000e+00   0.000000e+00   0.000000e+00  -5.005949e-04
 0.000000e+00   0.000000e+00   1.128979e-03   0.000000e+00   0.000000e+00   6.683094e-04  -4.431171e-03   2.386579e-03   0.000000e+00
 5.651488e-04  -1.330329e-07   0.000000e+00   8.976515e-04   6.112400e-08   0.000000e+00   0.000000e+00   0.000000e+00   4.245432e-05
 1.035300e-06   5.682461e-04   0.000000e+00   6.112400e-08   8.984090e-04   0.000000e+00   0.000000e+00   0.000000e+00  -1.860353e-04
 0.000000e+00   0.000000e+00   6.683094e-04   0.000000e+00   0.000000e+00   1.114878e-03  -1.008815e-02   4.312020e-03   0.000000e+00
 0.000000e+00   0.000000e+00  -4.431171e-03   0.000000e+00   0.000000e+00  -1.008815e-02   5.616679e-01  -2.114349e-01   0.000000e+00
 0.000000e+00   0.000000e+00   2.386579e-03   0.000000e+00   0.000000e+00   4.312020e-03  -2.114349e-01   1.288449e-01   0.000000e+00
-1.555546e-04  -5.005949e-04   0.000000e+00   4.245432e-05  -1.860353e-04   0.000000e+00   0.000000e+00   0.000000e+00   4.265071e-02

# timestamp: 1774889701.4984238
 1.126137e-03   9.531763e-06   0.000000e+00   5.411014e-04   5.458716e-06   0.000000e+00   0.000000e+00   0.000000e+00   3.857959e-04
 9.531763e-06   1.147268e-03   0.000000e+00   7.283998e-06   5.522585e-04   0.000000e+00   0.000000e+00   0.000000e+00   1.002694e-03
 0.000000e+00   0.000000e+00   1.194573e-03   0.000000e+00   0.000000e+00   6.428904e-04  -4.818923e-03   6.817102e-04   0.000000e+00
 5.411014e-04   7.283998e-06   0.000000e+00   8.053646e-04   4.336155e-06   0.000000e+00   0.000000e+00   0.000000e+00   3.045575e-04
 5.458716e-06   5.522585e-04   0.000000e+00   4.336155e-06   8.107656e-04   0.000000e+00   0.000000e+00   0.000000e+00   5.802794e-04
 0.000000e+00   0.000000e+00   6.428904e-04   0.000000e+00   0.000000e+00   9.903712e-04  -9.427056e-03   2.884680e-03   0.000000e+00
 0.000000e+00   0.000000e+00  -4.818923e-03   0.000000e+00   0.000000e+00  -9.427056e-03   5.783455e-01  -2.011550e-01   0.000000e+00
 0.000000e+00   0.000000e+00   6.817102e-04   0.000000e+00   0.000000e+00   2.884680e-03  -2.011550e-01   1.233344e-01   0.000000e+00
 3.857959e-04   1.002694e-03   0.000000e+00   3.045575e-04   5.802794e-04   0.000000e+00   0.000000e+00   0.000000e+00   4.714788e-02

# timestamp: 1774889701.529806
 1.180255e-03   9.864817e-06   0.000000e+00   5.619405e-04   5.662008e-06   0.000000e+00   0.000000e+00   0.000000e+00   3.937045e-04
 9.864817e-06   1.201966e-03   0.000000e+00   7.575263e-06   5.734029e-04   0.000000e+00   0.000000e+00   0.000000e+00   1.017720e-03
 0.000000e+00   0.000000e+00   1.254063e-03   0.000000e+00   0.000000e+00   6.691454e-04  -5.061980e-03   7.559993e-04   0.000000e+00
 5.619405e-04   7.575263e-06   0.000000e+00   8.080467e-04   4.510515e-06   0.000000e+00   0.000000e+00   0.000000e+00   3.131591e-04
 5.662008e-06   5.734029e-04   0.000000e+00   4.510515e-06   8.136093e-04   0.000000e+00   0.000000e+00   0.000000e+00   5.915589e-04
 0.000000e+00   0.000000e+00   6.691454e-04   0.000000e+00   0.000000e+00   9.949392e-04  -9.482716e-03   2.891218e-03   0.000000e+00
 0.000000e+00   0.000000e+00  -5.061980e-03   0.000000e+00   0.000000e+00  -9.482716e-03   5.809188e-01  -2.011550e-01   0.000000e+00
 0.000000e+00   0.000000e+00   7.559993e-04   0.000000e+00   0.000000e+00   2.891218e-03  -2.011550e-01   1.259077e-01   0.000000e+00
 3.937045e-04   1.017720e-03   0.000000e+00   3.131591e-04   5.915589e-04   0.000000e+00   0.000000e+00   0.000000e+00   4.972123e-02

# timestamp: 1774889701.573871
 1.091661e-03   1.656983e-06   0.000000e+00   5.152392e-04   1.006346e-06   0.000000e+00   0.000000e+00   0.000000e+00   4.550731e-05
 1.656983e-06   1.095200e-03   0.000000e+00   1.237229e-06   5.168622e-04   0.000000e+00   0.000000e+00   0.000000e+00   5.320259e-05
 0.000000e+00   0.000000e+00   1.141223e-03   0.000000e+00   0.000000e+00   6.060177e-04  -4.589357e-03   1.696457e-03   0.000000e+00
 5.152392e-04   1.237229e-06   0.000000e+00   7.798315e-04   1.115158e-06   0.000000e+00   0.000000e+00   0.000000e+00   1.333074e-04
 1.006346e-06   5.168622e-04   0.000000e+00   1.115158e-06   7.801700e-04   0.000000e+00   0.000000e+00   0.000000e+00   1.229423e-04
 0.000000e+00   0.000000e+00   6.060177e-04   0.000000e+00   0.000000e+00   9.544051e-04  -9.168294e-03   3.353628e-03   0.000000e+00
 0.000000e+00   0.000000e+00  -4.589357e-03   0.000000e+00   0.000000e+00  -9.168294e-03   5.802090e-01  -2.048019e-01   0.000000e+00
 0.000000e+00   0.000000e+00   1.696457e-03   0.000000e+00   0.000000e+00   3.353628e-03  -2.048019e-01   1.231477e-01   0.000000e+00
 4.550731e-05   5.320259e-05   0.000000e+00   1.333074e-04   1.229423e-04   0.000000e+00   0.000000e+00   0.000000e+00   4.478397e-02

# timestamp: 1774889701.5995135
 1.047615e-03   6.101086e-06   0.000000e+00   4.889756e-04   3.564545e-06   0.000000e+00   0.000000e+00   0.000000e+00   2.716259e-04
 6.101086e-06   1.061867e-03   0.000000e+00   4.971079e-06   4.965401e-04   0.000000e+00   0.000000e+00   0.000000e+00   7.463399e-04
 0.000000e+00   0.000000e+00   1.099790e-03   0.000000e+00   0.000000e+00   5.734193e-04  -4.248519e-03   7.336580e-04   0.000000e+00
 4.889756e-04   4.971079e-06   0.000000e+00   7.583984e-04   3.072334e-06   0.000000e+00   0.000000e+00   0.000000e+00   2.311187e-04
 3.564545e-06   4.965401e-04   0.000000e+00   3.072334e-06   7.619742e-04   0.000000e+00   0.000000e+00   0.000000e+00   4.421561e-04
 0.000000e+00   0.000000e+00   5.734193e-04   0.000000e+00   0.000000e+00   9.221785e-04  -8.840268e-03   2.760102e-03   0.000000e+00
 0.000000e+00   0.000000e+00  -4.248519e-03   0.000000e+00   0.000000e+00  -8.840268e-03   5.801108e-01  -1.988527e-01   0.000000e+00
 0.000000e+00   0.000000e+00   7.336580e-04   0.000000e+00   0.000000e+00   2.760102e-03  -1.988527e-01   1.171029e-01   0.000000e+00
 2.716259e-04   7.463399e-04   0.000000e+00   2.311187e-04   4.421561e-04   0.000000e+00   0.000000e+00   0.000000e+00   4.340776e-02

# timestamp: 1774889701.8013604
 1.018984e-03   3.175084e-06   0.000000e+00   4.441697e-04   1.892695e-06   0.000000e+00   0.000000e+00   0.000000e+00   1.478935e-04
 3.175084e-06   1.027378e-03   0.000000e+00   2.722910e-06   4.486178e-04   0.000000e+00   0.000000e+00   0.000000e+00   4.891346e-04
 0.000000e+00   0.000000e+00   1.058779e-03   0.000000e+00   0.000000e+00   5.107896e-04  -3.745416e-03   7.365046e-04   0.000000e+00
 4.441697e-04   2.722910e-06   0.000000e+00   6.898387e-04   1.790446e-06   0.000000e+00   0.000000e+00   0.000000e+00   1.369553e-04
 1.892695e-06   4.486178e-04   0.000000e+00   1.790446e-06   6.919024e-04   0.000000e+00   0.000000e+00   0.000000e+00   3.000962e-04
 0.000000e+00   0.000000e+00   5.107896e-04   0.000000e+00   0.000000e+00   8.172109e-04  -7.672432e-03   2.265041e-03   0.000000e+00
 0.000000e+00   0.000000e+00  -3.745416e-03   0.000000e+00   0.000000e+00  -7.672432e-03   5.851297e-01  -1.830847e-01   0.000000e+00
 0.000000e+00   0.000000e+00   7.365046e-04   0.000000e+00   0.000000e+00   2.265041e-03  -1.830847e-01   1.050720e-01   0.000000e+00
 1.478935e-04   4.891346e-04   0.000000e+00   1.369553e-04   3.000962e-04   0.000000e+00   0.000000e+00   0.000000e+00   4.316019e-02

# timestamp: 1774889701.8269567
 1.055144e-03   3.263622e-06   0.000000e+00   4.573181e-04   1.942121e-06   0.000000e+00   0.000000e+00   0.000000e+00   1.505021e-04
 3.263622e-06   1.063707e-03   0.000000e+00   2.766998e-06   4.618531e-04   0.000000e+00   0.000000e+00   0.000000e+00   4.948625e-04
 0.000000e+00   0.000000e+00   1.097517e-03   0.000000e+00   0.000000e+00   5.263557e-04  -3.891285e-03   7.795437e-04   0.000000e+00
 4.573181e-04   2.766998e-06   0.000000e+00   6.917459e-04   1.810553e-06   0.000000e+00   0.000000e+00   0.000000e+00   1.378541e-04
 1.942121e-06   4.618531e-04   0.000000e+00   1.810553e-06   6.938657e-04   0.000000e+00   0.000000e+00   0.000000e+00   3.046438e-04
 0.000000e+00   0.000000e+00   5.263557e-04   0.000000e+00   0.000000e+00   8.189604e-04  -7.665582e-03   2.257869e-03   0.000000e+00
 0.000000e+00   0.000000e+00  -3.891285e-03   0.000000e+00   0.000000e+00  -7.665582e-03   5.870314e-01  -1.830847e-01   0.000000e+00
 0.000000e+00   0.000000e+00   7.795437e-04   0.000000e+00   0.000000e+00   2.257869e-03  -1.830847e-01   1.069736e-01   0.000000e+00
 1.505021e-04   4.948625e-04   0.000000e+00   1.378541e-04   3.046438e-04   0.000000e+00   0.000000e+00   0.000000e+00   4.506181e-02

# timestamp: 1774889701.8462658
 1.098247e-03   3.369842e-06   0.000000e+00   4.728084e-04   2.000985e-06   0.000000e+00   0.000000e+00   0.000000e+00   1.535861e-04
 3.369842e-06   1.107015e-03   0.000000e+00   2.819389e-06   4.774473e-04   0.000000e+00   0.000000e+00   0.000000e+00   5.016935e-04
 0.000000e+00   0.000000e+00   1.143768e-03   0.000000e+00   0.000000e+00   5.446796e-04  -4.062432e-03   8.299231e-04   0.000000e+00
 4.728084e-04   2.819389e-06   0.000000e+00   6.939856e-04   1.834406e-06   0.000000e+00   0.000000e+00   0.000000e+00   1.389616e-04
 2.000985e-06   4.774473e-04   0.000000e+00   1.834406e-06   6.961725e-04   0.000000e+00   0.000000e+00   0.000000e+00   3.102478e-04
 0.000000e+00   0.000000e+00   5.446796e-04   0.000000e+00   0.000000e+00   8.210165e-04  -7.657590e-03   2.249184e-03   0.000000e+00
 0.000000e+00   0.000000e+00  -4.062432e-03   0.000000e+00   0.000000e+00  -7.657590e-03   5.892646e-01  -1.830847e-01   0.000000e+00
 0.000000e+00   0.000000e+00   8.299231e-04   0.000000e+00   0.000000e+00   2.249184e-03  -1.830847e-01   1.092068e-01   0.000000e+00
 1.535861e-04   5.016935e-04   0.000000e+00   1.389616e-04   3.102478e-04   0.000000e+00   0.000000e+00   0.000000e+00   4.729501e-02

# timestamp: 1774889701.8871267
 9.646528e-04   2.307368e-06   0.000000e+00   4.105228e-04   1.389395e-06   0.000000e+00   0.000000e+00   0.000000e+00   1.071451e-04
 2.307368e-06   9.711178e-04   0.000000e+00   1.997956e-06   4.139358e-04   0.000000e+00   0.000000e+00   0.000000e+00   3.962539e-04
 0.000000e+00   0.000000e+00   9.977674e-04   0.000000e+00   0.000000e+00   4.676163e-04  -3.392767e-03   6.588974e-04   0.000000e+00
 4.105228e-04   1.997956e-06   0.000000e+00   6.597493e-04   1.367974e-06   0.000000e+00   0.000000e+00   0.000000e+00   1.007149e-04
 1.389395e-06   4.139358e-04   0.000000e+00   1.367974e-06   6.613129e-04   0.000000e+00   0.000000e+00   0.000000e+00   2.461935e-04
 0.000000e+00   0.000000e+00   4.676163e-04   0.000000e+00   0.000000e+00   7.711894e-04  -7.093933e-03   1.997409e-03   0.000000e+00
 0.000000e+00   0.000000e+00  -3.392767e-03   0.000000e+00   0.000000e+00  -7.093933e-03   5.837946e-01  -1.724175e-01   0.000000e+00
 0.000000e+00   0.000000e+00   6.588974e-04   0.000000e+00   0.000000e+00   1.997409e-03  -1.724175e-01   9.573392e-02   0.000000e+00
 1.071451e-04   3.962539e-04   0.000000e+00   1.007149e-04   2.461935e-04   0.000000e+00   0.000000e+00   0.000000e+00   4.089098e-02

# timestamp: 1774889701.91349
 1.017661e-03   2.406193e-06   0.000000e+00   4.295844e-04   1.443083e-06   0.000000e+00   0.000000e+00   0.000000e+00   1.100441e-04
 2.406193e-06   1.024325e-03   0.000000e+00   2.035020e-06   4.330958e-04   0.000000e+00   0.000000e+00   0.000000e+00   4.033963e-04
 0.000000e+00   0.000000e+00   1.054156e-03   0.000000e+00   0.000000e+00   4.897710e-04  -3.596886e-03   7.163123e-04   0.000000e+00
 4.295844e-04   2.035020e-06   0.000000e+00   6.626288e-04   1.379519e-06   0.000000e+00   0.000000e+00   0.000000e+00   1.004532e-04
 1.443083e-06   4.330958e-04   0.000000e+00   1.379519e-06   6.642583e-04   0.000000e+00   0.000000e+00   0.000000e+00   2.517600e-04
 0.000000e+00   0.000000e+00   4.897710e-04   0.000000e+00   0.000000e+00   7.734665e-04  -7.067959e-03   1.983665e-03   0.000000e+00
 0.000000e+00   0.000000e+00  -3.596886e-03   0.000000e+00   0.000000e+00  -7.067959e-03   5.866753e-01  -1.724175e-01   0.000000e+00
 0.000000e+00   0.000000e+00   7.163123e-04   0.000000e+00   0.000000e+00   1.983665e-03  -1.724175e-01   9.861466e-02   0.000000e+00
 1.100441e-04   4.033963e-04   0.000000e+00   1.004532e-04   2.517600e-04   0.000000e+00   0.000000e+00   0.000000e+00   4.377172e-02

# timestamp: 1774889702.1332552
 1.105688e-03   6.306173e-06   0.000000e+00   4.407388e-04   3.135962e-06   0.000000e+00   0.000000e+00   0.000000e+00   2.197403e-04
 6.306173e-06   1.131188e-03   0.000000e+00   3.663893e-06   4.527052e-04   0.000000e+00   0.000000e+00   0.000000e+00   1.025642e-03
 0.000000e+00   0.000000e+00   1.156186e-03   0.000000e+00   0.000000e+00   4.966201e-04  -3.137364e-03  -1.950377e-04   0.000000e+00
 4.407388e-04   3.663893e-06   0.000000e+00   6.321302e-04   1.975519e-06   0.000000e+00   0.000000e+00   0.000000e+00   1.164584e-04
 3.135962e-06   4.527052e-04   0.000000e+00   1.975519e-06   6.375737e-04   0.000000e+00   0.000000e+00   0.000000e+00   4.893351e-04
 0.000000e+00   0.000000e+00   4.966201e-04   0.000000e+00   0.000000e+00   7.181648e-04  -5.895287e-03   1.154999e-03   0.000000e+00
 0.000000e+00   0.000000e+00  -3.137364e-03   0.000000e+00   0.000000e+00  -5.895287e-03   5.891263e-01  -1.517255e-01   0.000000e+00
 0.000000e+00   0.000000e+00  -1.950377e-04   0.000000e+00   0.000000e+00   1.154999e-03  -1.517255e-01   9.301758e-02   0.000000e+00
 2.197403e-04   1.025642e-03   0.000000e+00   1.164584e-04   4.893351e-04   0.000000e+00   0.000000e+00   0.000000e+00   5.020216e-02

# timestamp: 1774889702.158634
 1.066175e-03   1.717723e-06   0.000000e+00   4.202518e-04   9.902688e-07   0.000000e+00   0.000000e+00   0.000000e+00   3.311201e-05
 1.717723e-06   1.071430e-03   0.000000e+00   1.226402e-06   4.226674e-04   0.000000e+00   0.000000e+00   0.000000e+00   4.395751e-05
 0.000000e+00   0.000000e+00   1.105399e-03   0.000000e+00   0.000000e+00   4.758317e-04  -3.782105e-03   9.959090e-04   0.000000e+00
 4.202518e-04   1.226402e-06   0.000000e+00   6.177271e-04   8.562370e-07   0.000000e+00   0.000000e+00   0.000000e+00   3.508805e-05
 9.902688e-07   4.226674e-04   0.000000e+00   8.562370e-07   6.187738e-04   0.000000e+00   0.000000e+00   0.000000e+00   9.039883e-05
 0.000000e+00   0.000000e+00   4.758317e-04   0.000000e+00   0.000000e+00   7.024604e-04  -6.001182e-03   1.564952e-03   0.000000e+00
 0.000000e+00   0.000000e+00  -3.782105e-03   0.000000e+00   0.000000e+00  -6.001182e-03   5.921963e-01  -1.484023e-01   0.000000e+00
 0.000000e+00   0.000000e+00   9.959090e-04   0.000000e+00   0.000000e+00   1.564952e-03  -1.484023e-01   8.765996e-02   0.000000e+00
 3.311201e-05   4.395751e-05   0.000000e+00   3.508805e-05   9.039883e-05   0.000000e+00   0.000000e+00   0.000000e+00   4.711022e-02

# timestamp: 1774889702.1992083
 1.010178e-03   3.757672e-06   0.000000e+00   3.955647e-04   1.926941e-06   0.000000e+00   0.000000e+00   0.000000e+00   1.365316e-04
 3.757672e-06   1.026635e-03   0.000000e+00   2.260872e-06   4.033584e-04   0.000000e+00   0.000000e+00   0.000000e+00   7.321940e-04
 0.000000e+00   0.000000e+00   1.046526e-03   0.000000e+00   0.000000e+00   4.400798e-04  -2.726161e-03  -6.206627e-05   0.000000e+00
 3.955647e-04   2.260872e-06   0.000000e+00   6.042461e-04   1.302128e-06   0.000000e+00   0.000000e+00   0.000000e+00   7.148540e-05
 1.926941e-06   4.033584e-04   0.000000e+00   1.302128e-06   6.077847e-04   0.000000e+00   0.000000e+00   0.000000e+00   3.542864e-04
 0.000000e+00   0.000000e+00   4.400798e-04   0.000000e+00   0.000000e+00   6.779012e-04  -5.374274e-03   1.017128e-03   0.000000e+00
 0.000000e+00   0.000000e+00  -2.726161e-03   0.000000e+00   0.000000e+00  -5.374274e-03   5.817073e-01  -1.364769e-01   0.000000e+00
 0.000000e+00   0.000000e+00  -6.206627e-05   0.000000e+00   0.000000e+00   1.017128e-03  -1.364769e-01   7.961285e-02   0.000000e+00
 1.365316e-04   7.321940e-04   0.000000e+00   7.148540e-05   3.542864e-04   0.000000e+00   0.000000e+00   0.000000e+00   4.477491e-02

# timestamp: 1774889702.2171993
 1.047586e-03   3.845027e-06   0.000000e+00   4.081220e-04   1.963715e-06   0.000000e+00   0.000000e+00   0.000000e+00   1.380063e-04
 3.845027e-06   1.064369e-03   0.000000e+00   2.269357e-06   4.160454e-04   0.000000e+00   0.000000e+00   0.000000e+00   7.395644e-04
 0.000000e+00   0.000000e+00   1.085811e-03   0.000000e+00   0.000000e+00   4.540985e-04  -2.837456e-03  -4.103424e-05   0.000000e+00
 4.081220e-04   2.269357e-06   0.000000e+00   6.063166e-04   1.298248e-06   0.000000e+00   0.000000e+00   0.000000e+00   7.032722e-05
 1.963715e-06   4.160454e-04   0.000000e+00   1.298248e-06   6.099094e-04   0.000000e+00   0.000000e+00   0.000000e+00   3.575741e-04
 0.000000e+00   0.000000e+00   4.540985e-04   0.000000e+00   0.000000e+00   6.795619e-04  -5.349923e-03   1.007935e-03   0.000000e+00
 0.000000e+00   0.000000e+00  -2.837456e-03   0.000000e+00   0.000000e+00  -5.349923e-03   5.837813e-01  -1.364769e-01   0.000000e+00
 0.000000e+00   0.000000e+00  -4.103424e-05   0.000000e+00   0.000000e+00   1.007935e-03  -1.364769e-01   8.168685e-02   0.000000e+00
 1.380063e-04   7.395644e-04   0.000000e+00   7.032722e-05   3.575741e-04   0.000000e+00   0.000000e+00   0.000000e+00   4.684891e-02

# timestamp: 1774889702.232499
 1.069233e-03   3.895447e-06   0.000000e+00   4.153284e-04   1.984772e-06   0.000000e+00   0.000000e+00   0.000000e+00   1.388392e-04
 3.895447e-06   1.086205e-03   0.000000e+00   2.274095e-06   4.233268e-04   0.000000e+00   0.000000e+00   0.000000e+00   7.438150e-04
 0.000000e+00   0.000000e+00   1.108560e-03   0.000000e+00   0.000000e+00   4.621356e-04  -2.900925e-03  -2.908446e-05   0.000000e+00
 4.153284e-04   2.274095e-06   0.000000e+00   6.075017e-04   1.295952e-06   0.000000e+00   0.000000e+00   0.000000e+00   6.964158e-05
 1.984772e-06   4.233268e-04   0.000000e+00   1.295952e-06   6.111258e-04   0.000000e+00   0.000000e+00   0.000000e+00   3.595204e-04
 0.000000e+00   0.000000e+00   4.621356e-04   0.000000e+00   0.000000e+00   6.805136e-04  -5.335962e-03   1.002608e-03   0.000000e+00
 0.000000e+00   0.000000e+00  -2.900925e-03   0.000000e+00   0.000000e+00  -5.335962e-03   5.849685e-01  -1.364769e-01   0.000000e+00
 0.000000e+00   0.000000e+00  -2.908446e-05   0.000000e+00   0.000000e+00   1.002608e-03  -1.364769e-01   8.287398e-02   0.000000e+00
 1.388392e-04   7.438150e-04   0.000000e+00   6.964158e-05   3.595204e-04   0.000000e+00   0.000000e+00   0.000000e+00   4.803605e-02

# timestamp: 1774889702.4725335
 9.750448e-04   1.283384e-06   0.000000e+00   3.592716e-04   6.473807e-07   0.000000e+00   0.000000e+00   0.000000e+00  -3.038403e-05
 1.283384e-06   9.805687e-04   0.000000e+00   8.727084e-07   3.613034e-04   0.000000e+00   0.000000e+00   0.000000e+00  -2.505789e-04
 0.000000e+00   0.000000e+00   1.004952e-03   0.000000e+00   0.000000e+00   3.971462e-04  -3.044997e-03   8.996158e-04   0.000000e+00
 3.592716e-04   8.727084e-07   0.000000e+00   5.581238e-04   5.420832e-07   0.000000e+00   0.000000e+00   0.000000e+00  -2.130297e-05
 6.473807e-07   3.613034e-04   0.000000e+00   5.420832e-07   5.588303e-04   0.000000e+00   0.000000e+00   0.000000e+00  -4.859159e-05
 0.000000e+00   0.000000e+00   3.971462e-04   0.000000e+00   0.000000e+00   6.117832e-04  -4.459510e-03   9.967256e-04   0.000000e+00
 0.000000e+00   0.000000e+00  -3.044997e-03   0.000000e+00   0.000000e+00  -4.459510e-03   5.882502e-01  -1.113122e-01   0.000000e+00
 0.000000e+00   0.000000e+00   8.996158e-04   0.000000e+00   0.000000e+00   9.967256e-04  -1.113122e-01   6.647046e-02   0.000000e+00
-3.038403e-05  -2.505789e-04   0.000000e+00  -2.130297e-05  -4.859159e-05   0.000000e+00   0.000000e+00   0.000000e+00   4.356930e-02

# timestamp: 1774889702.5039077
 9.433907e-04   1.555063e-06   0.000000e+00   3.451872e-04   8.172247e-07   0.000000e+00   0.000000e+00   0.000000e+00   5.954580e-05
 1.555063e-06   9.508034e-04   0.000000e+00   7.637201e-07   3.485286e-04   0.000000e+00   0.000000e+00   0.000000e+00   3.984096e-04
 0.000000e+00   0.000000e+00   9.678902e-04   0.000000e+00   0.000000e+00   3.765044e-04  -2.499567e-03   8.662992e-05   0.000000e+00
 3.451872e-04   7.637201e-07   0.000000e+00   5.493906e-04   5.191424e-07   0.000000e+00   0.000000e+00   0.000000e+00   9.607440e-06
 8.172247e-07   3.485286e-04   0.000000e+00   5.191424e-07   5.507989e-04   0.000000e+00   0.000000e+00   0.000000e+00   1.854635e-04
 0.000000e+00   0.000000e+00   3.765044e-04   0.000000e+00   0.000000e+00   5.971344e-04  -4.115261e-03   6.321749e-04   0.000000e+00
 0.000000e+00   0.000000e+00  -2.499567e-03   0.000000e+00   0.000000e+00  -4.115261e-03   5.867989e-01  -1.053721e-01   0.000000e+00
 0.000000e+00   0.000000e+00   8.662992e-05   0.000000e+00   0.000000e+00   6.321749e-04  -1.053721e-01   6.271031e-02   0.000000e+00
 5.954580e-05   3.984096e-04   0.000000e+00   9.607440e-06   1.854635e-04   0.000000e+00   0.000000e+00   0.000000e+00   4.220659e-02

# timestamp: 1774889702.5219107
 9.930551e-04   1.601300e-06   0.000000e+00   3.612314e-04   8.349276e-07   0.000000e+00   0.000000e+00   0.000000e+00   5.979972e-05
 1.601300e-06   1.000664e-03   0.000000e+00   7.524184e-07   3.646360e-04   0.000000e+00   0.000000e+00   0.000000e+00   4.038253e-04
 0.000000e+00   0.000000e+00   1.019415e-03   0.000000e+00   0.000000e+00   3.937633e-04  -2.618948e-03   1.049404e-04   0.000000e+00
 3.612314e-04   7.524184e-07   0.000000e+00   5.523000e-04   5.073159e-07   0.000000e+00   0.000000e+00   0.000000e+00   6.715658e-06
 8.349276e-07   3.646360e-04   0.000000e+00   5.073159e-07   5.537262e-04   0.000000e+00   0.000000e+00   0.000000e+00   1.874622e-04
 0.000000e+00   0.000000e+00   3.937633e-04   0.000000e+00   0.000000e+00   5.994526e-04  -4.071982e-03   6.223565e-04   0.000000e+00
 0.000000e+00   0.000000e+00  -2.618948e-03   0.000000e+00   0.000000e+00  -4.071982e-03   5.897094e-01  -1.053721e-01   0.000000e+00
 0.000000e+00   0.000000e+00   1.049404e-04   0.000000e+00   0.000000e+00   6.223565e-04  -1.053721e-01   6.562078e-02   0.000000e+00
 5.979972e-05   4.038253e-04   0.000000e+00   6.715658e-06   1.874622e-04   0.000000e+00   0.000000e+00   0.000000e+00   4.511706e-02

# timestamp: 1774889702.5786827
 9.933405e-04   1.199339e-06   0.000000e+00   3.575819e-04   5.873790e-07   0.000000e+00   0.000000e+00   0.000000e+00  -3.527537e-05
 1.199339e-06   9.989509e-04   0.000000e+00   8.459400e-07   3.595531e-04   0.000000e+00   0.000000e+00   0.000000e+00  -2.902029e-04
 0.000000e+00   0.000000e+00   1.022764e-03   0.000000e+00   0.000000e+00   3.924056e-04  -2.990895e-03   8.834982e-04   0.000000e+00
 3.575819e-04   8.459400e-07   0.000000e+00   5.456596e-04   4.918710e-07   0.000000e+00   0.000000e+00   0.000000e+00  -3.191891e-05
 5.873790e-07   3.595531e-04   0.000000e+00   4.918710e-07   5.463000e-04   0.000000e+00   0.000000e+00   0.000000e+00  -6.933658e-05
 0.000000e+00   0.000000e+00   3.924056e-04   0.000000e+00   0.000000e+00   5.918763e-04  -4.044912e-03   8.718414e-04   0.000000e+00
 0.000000e+00   0.000000e+00  -2.990895e-03   0.000000e+00   0.000000e+00  -4.044912e-03   5.948982e-01  -1.041855e-01   0.000000e+00
 0.000000e+00   0.000000e+00   8.834982e-04   0.000000e+00   0.000000e+00   8.718414e-04  -1.041855e-01   6.523989e-02   0.000000e+00
-3.527537e-05  -2.902029e-04   0.000000e+00  -3.191891e-05  -6.933658e-05   0.000000e+00   0.000000e+00   0.000000e+00   4.536107e-02

# timestamp: 1774889702.8255782
 9.574159e-04   8.526665e-07   0.000000e+00   3.299867e-04   4.431589e-07   0.000000e+00   0.000000e+00   0.000000e+00   3.176663e-05
 8.526665e-07   9.620806e-04   0.000000e+00   3.156703e-07   3.318359e-04   0.000000e+00   0.000000e+00   0.000000e+00   2.849261e-04
 0.000000e+00   0.000000e+00   9.772880e-04   0.000000e+00   0.000000e+00   3.536032e-04  -2.312250e-03   7.700579e-05   0.000000e+00
 3.299867e-04   3.156703e-07   0.000000e+00   5.149968e-04   2.636913e-07   0.000000e+00   0.000000e+00   0.000000e+00  -1.116534e-05
 4.431589e-07   3.318359e-04   0.000000e+00   2.636913e-07   5.156521e-04   0.000000e+00   0.000000e+00   0.000000e+00   1.156310e-04
 0.000000e+00   0.000000e+00   3.536032e-04   0.000000e+00   0.000000e+00   5.470530e-04  -3.189473e-03   3.942311e-04   0.000000e+00
 0.000000e+00   0.000000e+00  -2.312250e-03   0.000000e+00   0.000000e+00  -3.189473e-03   6.072024e-01  -8.670808e-02   0.000000e+00
 0.000000e+00   0.000000e+00   7.700579e-05   0.000000e+00   0.000000e+00   3.942311e-04  -8.670808e-02   5.803021e-02   0.000000e+00
 3.176663e-05   2.849261e-04   0.000000e+00  -1.116534e-05   1.156310e-04   0.000000e+00   0.000000e+00   0.000000e+00   4.460135e-02

# timestamp: 1774889702.8513336
 9.885924e-04   8.669024e-07   0.000000e+00   3.396289e-04   4.482018e-07   0.000000e+00   0.000000e+00   0.000000e+00   3.155400e-05
 8.669024e-07   9.933265e-04   0.000000e+00   3.149205e-07   3.414921e-04   0.000000e+00   0.000000e+00   0.000000e+00   2.870862e-04
 0.000000e+00   0.000000e+00   1.009357e-03   0.000000e+00   0.000000e+00   3.637970e-04  -2.371750e-03   8.435823e-05   0.000000e+00
 3.396289e-04   3.149205e-07   0.000000e+00   5.168645e-04   2.613565e-07   0.000000e+00   0.000000e+00   0.000000e+00  -1.207457e-05
 4.482018e-07   3.414921e-04   0.000000e+00   2.613565e-07   5.175203e-04   0.000000e+00   0.000000e+00   0.000000e+00   1.158199e-04
 0.000000e+00   0.000000e+00   3.637970e-04   0.000000e+00   0.000000e+00   5.487913e-04  -3.177090e-03   3.922734e-04   0.000000e+00
 0.000000e+00   0.000000e+00  -2.371750e-03   0.000000e+00   0.000000e+00  -3.177090e-03   6.090697e-01  -8.670808e-02   0.000000e+00
 0.000000e+00   0.000000e+00   8.435823e-05   0.000000e+00   0.000000e+00   3.922734e-04  -8.670808e-02   5.989750e-02   0.000000e+00
 3.155400e-05   2.870862e-04   0.000000e+00  -1.207457e-05   1.158199e-04   0.000000e+00   0.000000e+00   0.000000e+00   4.646864e-02

# timestamp: 1774889702.8910608
 8.926825e-04   6.156567e-07   0.000000e+00   3.043302e-04   3.338231e-07   0.000000e+00   0.000000e+00   0.000000e+00   1.891265e-05
 6.156567e-07   8.963022e-04   0.000000e+00   2.315657e-07   3.057272e-04   0.000000e+00   0.000000e+00   0.000000e+00   2.283074e-04
 0.000000e+00   0.000000e+00   9.085871e-04   0.000000e+00   0.000000e+00   3.241814e-04  -2.031848e-03   6.327259e-05   0.000000e+00
 3.043302e-04   2.315657e-07   0.000000e+00   5.012462e-04   2.200520e-07   0.000000e+00   0.000000e+00   0.000000e+00  -1.379259e-05
 3.338231e-07   3.057272e-04   0.000000e+00   2.200520e-07   5.017118e-04   0.000000e+00   0.000000e+00   0.000000e+00   9.002137e-05
 0.000000e+00   0.000000e+00   3.241814e-04   0.000000e+00   0.000000e+00   5.296238e-04  -2.946466e-03   3.403436e-04   0.000000e+00
 0.000000e+00   0.000000e+00  -2.031848e-03   0.000000e+00   0.000000e+00  -2.946466e-03   6.085840e-01  -7.956923e-02   0.000000e+00
 0.000000e+00   0.000000e+00   6.327259e-05   0.000000e+00   0.000000e+00   3.403436e-04  -7.956923e-02   5.216927e-02   0.000000e+00
 1.891265e-05   2.283074e-04   0.000000e+00  -1.379259e-05   9.002137e-05   0.000000e+00   0.000000e+00   0.000000e+00   4.095141e-02

# timestamp: 1774889702.9176624
 9.290988e-04   6.284428e-07   0.000000e+00   3.156358e-04   3.387029e-07   0.000000e+00   0.000000e+00   0.000000e+00   1.859625e-05
 6.284428e-07   9.327816e-04   0.000000e+00   2.302049e-07   3.170432e-04   0.000000e+00   0.000000e+00   0.000000e+00   2.303304e-04
 0.000000e+00   0.000000e+00   9.459097e-04   0.000000e+00   0.000000e+00   3.360677e-04  -2.097994e-03   7.091232e-05   0.000000e+00
 3.156358e-04   2.302049e-07   0.000000e+00   5.034950e-04   2.176296e-07   0.000000e+00   0.000000e+00   0.000000e+00  -1.496062e-05
 3.387029e-07   3.170432e-04   0.000000e+00   2.176296e-07   5.039592e-04   0.000000e+00   0.000000e+00   0.000000e+00   8.989888e-05
 0.000000e+00   0.000000e+00   3.360677e-04   0.000000e+00   0.000000e+00   5.317128e-04  -2.929981e-03   3.383192e-04   0.000000e+00
 0.000000e+00   0.000000e+00  -2.097994e-03   0.000000e+00   0.000000e+00  -2.929981e-03   6.108320e-01  -7.956923e-02   0.000000e+00
 0.000000e+00   0.000000e+00   7.091232e-05   0.000000e+00   0.000000e+00   3.383192e-04  -7.956923e-02   5.441725e-02   0.000000e+00
 1.859625e-05   2.303304e-04   0.000000e+00  -1.496062e-05   8.989888e-05   0.000000e+00   0.000000e+00   0.000000e+00   4.319938e-02

# timestamp: 1774889703.271631
 1.002129e-03   2.955824e-07   0.000000e+00   3.237016e-04   1.839592e-07   0.000000e+00   0.000000e+00   0.000000e+00   1.043515e-06
 2.955824e-07   1.003743e-03   0.000000e+00   1.067669e-07   3.242297e-04   0.000000e+00   0.000000e+00   0.000000e+00   9.322679e-05
 0.000000e+00   0.000000e+00   1.015607e-03   0.000000e+00   0.000000e+00   3.392649e-04  -1.906512e-03   1.127532e-04   0.000000e+00
 3.237016e-04   1.067669e-07   0.000000e+00   4.838996e-04   1.398879e-07   0.000000e+00   0.000000e+00   0.000000e+00  -2.377357e-05
 1.839592e-07   3.242297e-04   0.000000e+00   1.398879e-07   4.840049e-04   0.000000e+00   0.000000e+00   0.000000e+00   2.856791e-05
 0.000000e+00   0.000000e+00   3.392649e-04   0.000000e+00   0.000000e+00   5.032095e-04  -2.236843e-03   2.174185e-04   0.000000e+00
 0.000000e+00   0.000000e+00  -1.906512e-03   0.000000e+00   0.000000e+00  -2.236843e-03   6.337379e-01  -6.060584e-02   0.000000e+00
 0.000000e+00   0.000000e+00   1.127532e-04   0.000000e+00   0.000000e+00   2.174185e-04  -6.060584e-02   5.498749e-02   0.000000e+00
 1.043515e-06   9.322679e-05   0.000000e+00  -2.377357e-05   2.856791e-05   0.000000e+00   0.000000e+00   0.000000e+00   4.865878e-02

# timestamp: 1774889703.3034022
 9.529854e-04   7.883378e-07   0.000000e+00   3.067725e-04   3.384240e-07   0.000000e+00   0.000000e+00   0.000000e+00  -3.979502e-05
 7.883378e-07   9.620629e-04   0.000000e+00   6.134403e-07   3.097169e-04   0.000000e+00   0.000000e+00   0.000000e+00  -5.847376e-04
 0.000000e+00   0.000000e+00   9.754014e-04   0.000000e+00   0.000000e+00   3.256065e-04  -2.113583e-03   8.137874e-04   0.000000e+00
 3.067725e-04   6.134403e-07   0.000000e+00   4.770227e-04   3.007712e-07   0.000000e+00   0.000000e+00   0.000000e+00  -3.548723e-05
 3.384240e-07   3.097169e-04   0.000000e+00   3.007712e-07   4.779116e-04   0.000000e+00   0.000000e+00   0.000000e+00  -1.911812e-04
 0.000000e+00   0.000000e+00   3.256065e-04   0.000000e+00   0.000000e+00   4.971869e-04  -2.266737e-03   4.393319e-04   0.000000e+00
 0.000000e+00   0.000000e+00  -2.113583e-03   0.000000e+00   0.000000e+00  -2.266737e-03   6.361076e-01  -5.938760e-02   0.000000e+00
 0.000000e+00   0.000000e+00   8.137874e-04   0.000000e+00   0.000000e+00   4.393319e-04  -5.938760e-02   5.190882e-02   0.000000e+00
-3.979502e-05  -5.847376e-04   0.000000e+00  -3.548723e-05  -1.911812e-04   0.000000e+00   0.000000e+00   0.000000e+00   4.587154e-02

# timestamp: 1774889703.5580552
 9.732695e-04   2.441208e-07   0.000000e+00   3.035469e-04   1.374742e-07   0.000000e+00   0.000000e+00   0.000000e+00   9.427368e-06
 2.441208e-07   9.753964e-04   0.000000e+00   8.533697e-08   3.041219e-04   0.000000e+00   0.000000e+00   0.000000e+00   1.557300e-04
 0.000000e+00   0.000000e+00   9.847700e-04   0.000000e+00   0.000000e+00   3.157222e-04  -1.690449e-03  -1.702693e-05   0.000000e+00
 3.035469e-04   8.533697e-08   0.000000e+00   4.630866e-04   1.139145e-07   0.000000e+00   0.000000e+00   0.000000e+00  -1.232121e-05
 1.374742e-07   3.041219e-04   0.000000e+00   1.139145e-07   4.631906e-04   0.000000e+00   0.000000e+00   0.000000e+00   3.162945e-05
 0.000000e+00   0.000000e+00   3.157222e-04   0.000000e+00   0.000000e+00   4.777025e-04  -1.880382e-03   1.256176e-04   0.000000e+00
 0.000000e+00   0.000000e+00  -1.690449e-03   0.000000e+00   0.000000e+00  -1.880382e-03   6.577359e-01  -4.849422e-02   0.000000e+00
 0.000000e+00   0.000000e+00  -1.702693e-05   0.000000e+00   0.000000e+00   1.256176e-04  -4.849422e-02   5.152508e-02   0.000000e+00
 9.427368e-06   1.557300e-04   0.000000e+00  -1.232121e-05   3.162945e-05   0.000000e+00   0.000000e+00   0.000000e+00   4.764543e-02

# timestamp: 1774889703.6140468
 9.644735e-04   1.014390e-06   0.000000e+00   2.990659e-04   3.563647e-07   0.000000e+00   0.000000e+00   0.000000e+00   4.566765e-05
 1.014390e-06   9.799947e-04   0.000000e+00   1.219832e-07   3.035182e-04   0.000000e+00   0.000000e+00   0.000000e+00   7.841787e-04
 0.000000e+00   0.000000e+00   9.880792e-04   0.000000e+00   0.000000e+00   3.139243e-04  -1.515295e-03  -6.721039e-04   0.000000e+00
 2.990659e-04   1.219832e-07   0.000000e+00   4.595199e-04   1.171979e-07   0.000000e+00   0.000000e+00   0.000000e+00   4.352088e-07
 3.563647e-07   3.035182e-04   0.000000e+00   1.171979e-07   4.607451e-04   0.000000e+00   0.000000e+00   0.000000e+00   2.245791e-04
 0.000000e+00   0.000000e+00   3.139243e-04   0.000000e+00   0.000000e+00   4.742820e-04  -1.791561e-03  -8.761027e-05   0.000000e+00
 0.000000e+00   0.000000e+00  -1.515295e-03   0.000000e+00   0.000000e+00  -1.791561e-03   6.618582e-01  -4.626392e-02   0.000000e+00
 0.000000e+00   0.000000e+00  -6.721039e-04   0.000000e+00   0.000000e+00  -8.761027e-05  -4.626392e-02   5.108807e-02   0.000000e+00
 4.566765e-05   7.841787e-04   0.000000e+00   4.352088e-07   2.245791e-04   0.000000e+00   0.000000e+00   0.000000e+00   4.758627e-02

# timestamp: 1774889703.6374092
 9.993913e-04   1.024819e-06   0.000000e+00   3.090751e-04   3.583884e-07   0.000000e+00   0.000000e+00   0.000000e+00   4.567659e-05
 1.024819e-06   1.015106e-03   0.000000e+00   1.233518e-07   3.135451e-04   0.000000e+00   0.000000e+00   0.000000e+00   7.890511e-04
 0.000000e+00   0.000000e+00   1.023649e-03   0.000000e+00   0.000000e+00   3.242441e-04  -1.554193e-03  -6.740024e-04   0.000000e+00
 3.090751e-04   1.233518e-07   0.000000e+00   4.616913e-04   1.168590e-07   0.000000e+00   0.000000e+00   0.000000e+00   3.621077e-07
 3.583884e-07   3.135451e-04   0.000000e+00   1.168590e-07   4.629113e-04   0.000000e+00   0.000000e+00   0.000000e+00   2.240222e-04
 0.000000e+00   0.000000e+00   3.242441e-04   0.000000e+00   0.000000e+00   4.764460e-04  -1.791098e-03  -8.708259e-05   0.000000e+00
 0.000000e+00   0.000000e+00  -1.554193e-03   0.000000e+00   0.000000e+00  -1.791098e-03   6.640295e-01  -4.626392e-02   0.000000e+00
 0.000000e+00   0.000000e+00  -6.740024e-04   0.000000e+00   0.000000e+00  -8.708259e-05  -4.626392e-02   5.325940e-02   0.000000e+00
 4.567659e-05   7.890511e-04   0.000000e+00   3.621077e-07   2.240222e-04   0.000000e+00   0.000000e+00   0.000000e+00   4.975760e-02

# timestamp: 1774889703.6580062
 1.035259e-03   1.035475e-06   0.000000e+00   3.192774e-04   3.604338e-07   0.000000e+00   0.000000e+00   0.000000e+00   4.568401e-05
 1.035475e-06   1.051171e-03   0.000000e+00   1.247252e-07   3.237652e-04   0.000000e+00   0.000000e+00   0.000000e+00   7.939815e-04
 0.000000e+00   0.000000e+00   1.060192e-03   0.000000e+00   0.000000e+00   3.347613e-04  -1.593642e-03  -6.759166e-04   0.000000e+00
 3.192774e-04   1.247252e-07   0.000000e+00   4.638940e-04   1.165170e-07   0.000000e+00   0.000000e+00   0.000000e+00   2.846230e-07
 3.604338e-07   3.237652e-04   0.000000e+00   1.165170e-07   4.651088e-04   0.000000e+00   0.000000e+00   0.000000e+00   2.234319e-04
 0.000000e+00   0.000000e+00   3.347613e-04   0.000000e+00   0.000000e+00   4.786413e-04  -1.790624e-03  -8.652195e-05   0.000000e+00
 0.000000e+00   0.000000e+00  -1.593642e-03   0.000000e+00   0.000000e+00  -1.790624e-03   6.662322e-01  -4.626392e-02   0.000000e+00
 0.000000e+00   0.000000e+00  -6.759166e-04   0.000000e+00   0.000000e+00  -8.652195e-05  -4.626392e-02   5.546210e-02   0.000000e+00
 4.568401e-05   7.939815e-04   0.000000e+00   2.846230e-07   2.234319e-04   0.000000e+00   0.000000e+00   0.000000e+00   5.196030e-02

# timestamp: 1774889703.9186463
 9.175339e-04   4.687115e-07   0.000000e+00   2.761140e-04   1.639734e-07   0.000000e+00   0.000000e+00   0.000000e+00   2.995053e-05
 4.687115e-07   9.231346e-04   0.000000e+00   1.156043e-07   2.774504e-04   0.000000e+00   0.000000e+00   0.000000e+00   3.479315e-04
 0.000000e+00   0.000000e+00   9.298140e-04   0.000000e+00   0.000000e+00   2.860289e-04  -1.447884e-03  -2.477946e-04   0.000000e+00
 2.761140e-04   1.156043e-07   0.000000e+00   4.413756e-04   9.549362e-08   0.000000e+00   0.000000e+00   0.000000e+00   6.210722e-06
 1.639734e-07   2.774504e-04   0.000000e+00   9.549362e-08   4.416561e-04   0.000000e+00   0.000000e+00   0.000000e+00   8.051511e-05
 0.000000e+00   0.000000e+00   2.860289e-04   0.000000e+00   0.000000e+00   4.527843e-04  -1.690459e-03   3.866082e-05   0.000000e+00
 0.000000e+00   0.000000e+00  -1.447884e-03   0.000000e+00   0.000000e+00  -1.690459e-03   6.904210e-01  -4.512925e-02   0.000000e+00
 0.000000e+00   0.000000e+00  -2.477946e-04   0.000000e+00   0.000000e+00   3.866082e-05  -4.512925e-02   4.747839e-02   0.000000e+00
 2.995053e-05   3.479315e-04   0.000000e+00   6.210722e-06   8.051511e-05   0.000000e+00   0.000000e+00   0.000000e+00   4.432008e-02

# timestamp: 1774889703.9369779
 9.425691e-04   4.732374e-07   0.000000e+00   2.832203e-04   1.649903e-07   0.000000e+00   0.000000e+00   0.000000e+00   3.005215e-05
 4.732374e-07   9.482127e-04   0.000000e+00   1.209315e-07   2.845547e-04   0.000000e+00   0.000000e+00   0.000000e+00   3.492212e-04
 0.000000e+00   0.000000e+00   9.551707e-04   0.000000e+00   0.000000e+00   2.933298e-04  -1.475057e-03  -2.471687e-04   0.000000e+00
 2.832203e-04   1.209315e-07   0.000000e+00   4.429812e-04   9.625256e-08   0.000000e+00   0.000000e+00   0.000000e+00   6.705534e-06
 1.649903e-07   2.845547e-04   0.000000e+00   9.625256e-08   4.432588e-04   0.000000e+00   0.000000e+00   0.000000e+00   7.972773e-05
 0.000000e+00   0.000000e+00   2.933298e-04   0.000000e+00   0.000000e+00   4.544280e-04  -1.698755e-03   3.999316e-05   0.000000e+00
 0.000000e+00   0.000000e+00  -1.475057e-03   0.000000e+00   0.000000e+00  -1.698755e-03   6.920265e-01  -4.512925e-02   0.000000e+00
 0.000000e+00   0.000000e+00  -2.471687e-04   0.000000e+00   0.000000e+00   3.999316e-05  -4.512925e-02   4.908390e-02   0.000000e+00
 3.005215e-05   3.492212e-04   0.000000e+00   6.705534e-06   7.972773e-05   0.000000e+00   0.000000e+00   0.000000e+00   4.592559e-02

# timestamp: 1774889703.9780521
 9.230518e-04   4.265091e-07   0.000000e+00   2.763764e-04   1.813576e-07   0.000000e+00   0.000000e+00   0.000000e+00  -2.741493e-05
 4.265091e-07   9.281214e-04   0.000000e+00   1.297938e-07   2.779206e-04   0.000000e+00   0.000000e+00   0.000000e+00  -3.213064e-04
 0.000000e+00   0.000000e+00   9.340894e-04   0.000000e+00   0.000000e+00   2.858818e-04  -1.222105e-03   4.160444e-04   0.000000e+00
 2.763764e-04   1.297938e-07   0.000000e+00   4.396033e-04   1.056997e-07   0.000000e+00   0.000000e+00   0.000000e+00  -8.665220e-06
 1.813576e-07   2.779206e-04   0.000000e+00   1.056997e-07   4.400618e-04   0.000000e+00   0.000000e+00   0.000000e+00  -1.213824e-04
 0.000000e+00   0.000000e+00   2.858818e-04   0.000000e+00   0.000000e+00   4.507299e-04  -1.629546e-03   2.457017e-04   0.000000e+00
 0.000000e+00   0.000000e+00  -1.222105e-03   0.000000e+00   0.000000e+00  -1.629546e-03   6.949589e-01  -4.757761e-02   0.000000e+00
 0.000000e+00   0.000000e+00   4.160444e-04   0.000000e+00   0.000000e+00   2.457017e-04  -4.757761e-02   4.820571e-02   0.000000e+00
-2.741493e-05  -3.213064e-04   0.000000e+00  -8.665220e-06  -1.213824e-04   0.000000e+00   0.000000e+00   0.000000e+00   4.471587e-02

# timestamp: 1774889704.234303
 9.241886e-04   3.511712e-07   0.000000e+00   2.712837e-04   1.135515e-07   0.000000e+00   0.000000e+00   0.000000e+00   2.999033e-05
 3.511712e-07   9.272979e-04   0.000000e+00   1.725003e-07   2.718994e-04   0.000000e+00   0.000000e+00   0.000000e+00   2.155877e-04
 0.000000e+00   0.000000e+00   9.333134e-04   0.000000e+00   0.000000e+00   2.797700e-04  -1.435104e-03  -9.753970e-05   0.000000e+00
 2.712837e-04   1.725003e-07   0.000000e+00   4.307058e-04   8.889354e-08   0.000000e+00   0.000000e+00   0.000000e+00   2.019004e-05
 1.135515e-07   2.718994e-04   0.000000e+00   8.889354e-08   4.307991e-04   0.000000e+00   0.000000e+00   0.000000e+00   3.924854e-05
 0.000000e+00   0.000000e+00   2.797700e-04   0.000000e+00   0.000000e+00   4.411350e-04  -1.817887e-03   1.118693e-04   0.000000e+00
 0.000000e+00   0.000000e+00  -1.435104e-03   0.000000e+00   0.000000e+00  -1.817887e-03   7.170297e-01  -5.662151e-02   0.000000e+00
 0.000000e+00   0.000000e+00  -9.753970e-05   0.000000e+00   0.000000e+00   1.118693e-04  -5.662151e-02   5.019531e-02   0.000000e+00
 2.999033e-05   2.155877e-04   0.000000e+00   2.019004e-05   3.924854e-05   0.000000e+00   0.000000e+00   0.000000e+00   4.541381e-02

# timestamp: 1774889704.2653494
 9.176465e-04   6.189694e-07   0.000000e+00   2.683021e-04   2.277867e-07   0.000000e+00   0.000000e+00   0.000000e+00  -4.107649e-05
 6.189694e-07   9.241265e-04   0.000000e+00   6.095058e-08   2.702782e-04   0.000000e+00   0.000000e+00   0.000000e+00  -4.459586e-04
 0.000000e+00   0.000000e+00   9.291691e-04   0.000000e+00   0.000000e+00   2.773020e-04  -1.133083e-03   5.512977e-04   0.000000e+00
 2.683021e-04   6.095058e-08   0.000000e+00   4.285144e-04   6.397579e-08   0.000000e+00   0.000000e+00   0.000000e+00   1.188914e-06
 2.277867e-07   2.702782e-04   0.000000e+00   6.397579e-08   4.291160e-04   0.000000e+00   0.000000e+00   0.000000e+00  -1.533839e-04
 0.000000e+00   0.000000e+00   2.773020e-04   0.000000e+00   0.000000e+00   4.390297e-04  -1.758051e-03   3.107444e-04   0.000000e+00
 0.000000e+00   0.000000e+00  -1.133083e-03   0.000000e+00   0.000000e+00  -1.758051e-03   7.202319e-01  -5.964089e-02   0.000000e+00
 0.000000e+00   0.000000e+00   5.512977e-04   0.000000e+00   0.000000e+00   3.107444e-04  -5.964089e-02   5.033944e-02   0.000000e+00
-4.107649e-05  -4.459586e-04   0.000000e+00   1.188914e-06  -1.533839e-04   0.000000e+00   0.000000e+00   0.000000e+00   4.506189e-02

# timestamp: 1774889704.3275993
 8.987268e-04   2.953247e-07   0.000000e+00   2.621588e-04   9.862896e-08   0.000000e+00   0.000000e+00   0.000000e+00   2.271354e-05
 2.953247e-07   9.014736e-04   0.000000e+00   1.655819e-07   2.626967e-04   0.000000e+00   0.000000e+00   0.000000e+00   1.964302e-04
 0.000000e+00   0.000000e+00   9.065344e-04   0.000000e+00   0.000000e+00   2.697804e-04  -1.270280e-03  -8.670016e-05   0.000000e+00
 2.621588e-04   1.655819e-07   0.000000e+00   4.257930e-04   8.266258e-08   0.000000e+00   0.000000e+00   0.000000e+00   2.075621e-05
 9.862896e-08   2.626967e-04   0.000000e+00   8.266258e-08   4.258728e-04   0.000000e+00   0.000000e+00   0.000000e+00   3.576022e-05
 0.000000e+00   0.000000e+00   2.697804e-04   0.000000e+00   0.000000e+00   4.358230e-04  -1.824063e-03   1.230062e-04   0.000000e+00
 0.000000e+00   0.000000e+00  -1.270280e-03   0.000000e+00   0.000000e+00  -1.824063e-03   7.240368e-01  -6.017718e-02   0.000000e+00
 0.000000e+00   0.000000e+00  -8.670016e-05   0.000000e+00   0.000000e+00   1.230062e-04  -6.017718e-02   4.912984e-02   0.000000e+00
 2.271354e-05   1.964302e-04   0.000000e+00   2.075621e-05   3.576022e-05   0.000000e+00   0.000000e+00   0.000000e+00   4.379903e-02

# timestamp: 1774889704.5637486
 8.620740e-04   5.033336e-07   0.000000e+00   2.478724e-04   1.750886e-07   0.000000e+00   0.000000e+00   0.000000e+00  -3.464439e-05
 5.033336e-07   8.677036e-04   0.000000e+00   1.586147e-08   2.495107e-04   0.000000e+00   0.000000e+00   0.000000e+00  -4.121508e-04
 0.000000e+00   0.000000e+00   8.715777e-04   0.000000e+00   0.000000e+00   2.553535e-04  -1.023105e-03   5.062868e-04   0.000000e+00
 2.478724e-04   1.586147e-08   0.000000e+00   4.164989e-04   3.810145e-08   0.000000e+00   0.000000e+00   0.000000e+00   4.371543e-06
 1.750886e-07   2.495107e-04   0.000000e+00   3.810145e-08   4.169746e-04   0.000000e+00   0.000000e+00   0.000000e+00  -1.317264e-04
 0.000000e+00   0.000000e+00   2.553535e-04   0.000000e+00   0.000000e+00   4.259707e-04  -1.800635e-03   2.912381e-04   0.000000e+00
 0.000000e+00   0.000000e+00  -1.023105e-03   0.000000e+00   0.000000e+00  -1.800635e-03   7.460074e-01  -6.186972e-02   0.000000e+00
 0.000000e+00   0.000000e+00   5.062868e-04   0.000000e+00   0.000000e+00   2.912381e-04  -6.186972e-02   4.733806e-02   0.000000e+00
-3.464439e-05  -4.121508e-04   0.000000e+00   4.371543e-06  -1.317264e-04   0.000000e+00   0.000000e+00   0.000000e+00   4.189824e-02

# timestamp: 1774889704.5962205
 8.580069e-04   1.962060e-07   0.000000e+00   2.461146e-04   7.340425e-08   0.000000e+00   0.000000e+00   0.000000e+00   7.180019e-06
 1.962060e-07   8.606604e-04   0.000000e+00   1.277019e-07   2.467046e-04   0.000000e+00   0.000000e+00   0.000000e+00   2.060742e-04
 0.000000e+00   0.000000e+00   8.637951e-04   0.000000e+00   0.000000e+00   2.517426e-04  -8.380755e-04  -1.364013e-04   0.000000e+00
 2.461146e-04   1.277019e-07   0.000000e+00   4.150712e-04   6.606433e-08   0.000000e+00   0.000000e+00   0.000000e+00   1.493474e-05
 7.340425e-08   2.467046e-04   0.000000e+00   6.606433e-08   4.151907e-04   0.000000e+00   0.000000e+00   0.000000e+00   4.779704e-05
 0.000000e+00   0.000000e+00   2.517426e-04   0.000000e+00   0.000000e+00   4.235999e-04  -1.725297e-03   9.588868e-05   0.000000e+00
 0.000000e+00   0.000000e+00  -8.380755e-04   0.000000e+00   0.000000e+00  -1.725297e-03   7.498050e-01  -5.965156e-02   0.000000e+00
 0.000000e+00   0.000000e+00  -1.364013e-04   0.000000e+00   0.000000e+00   9.588868e-05  -5.965156e-02   4.665368e-02   0.000000e+00
 7.180019e-06   2.060742e-04   0.000000e+00   1.493474e-05   4.779704e-05   0.000000e+00   0.000000e+00   0.000000e+00   4.162505e-02

# timestamp: 1774889704.6341772
 8.930241e-04   2.009370e-07   0.000000e+00   2.558290e-04   7.506570e-08   0.000000e+00   0.000000e+00   0.000000e+00   7.529341e-06
 2.009370e-07   8.957053e-04   0.000000e+00   1.299754e-07   2.564250e-04   0.000000e+00   0.000000e+00   0.000000e+00   2.071937e-04
 0.000000e+00   0.000000e+00   8.990794e-04   0.000000e+00   0.000000e+00   2.616611e-04  -8.783129e-04  -1.341698e-04   0.000000e+00
 2.558290e-04   1.299754e-07   0.000000e+00   4.174028e-04   6.647336e-08   0.000000e+00   0.000000e+00   0.000000e+00   1.508730e-05
 7.506570e-08   2.564250e-04   0.000000e+00   6.647336e-08   4.175237e-04   0.000000e+00   0.000000e+00   0.000000e+00   4.848533e-05
 0.000000e+00   0.000000e+00   2.616611e-04   0.000000e+00   0.000000e+00   4.259405e-04  -1.727000e-03   9.533088e-05   0.000000e+00
 0.000000e+00   0.000000e+00  -8.783129e-04   0.000000e+00   0.000000e+00  -1.727000e-03   7.521364e-01  -5.965156e-02   0.000000e+00
 0.000000e+00   0.000000e+00  -1.341698e-04   0.000000e+00   0.000000e+00   9.533088e-05  -5.965156e-02   4.898515e-02   0.000000e+00
 7.529341e-06   2.071937e-04   0.000000e+00   1.508730e-05   4.848533e-05   0.000000e+00   0.000000e+00   0.000000e+00   4.395652e-02

# timestamp: 1774889704.8990984
 8.888980e-04   3.086054e-07   0.000000e+00   2.507087e-04   1.066405e-07   0.000000e+00   0.000000e+00   0.000000e+00  -3.241515e-05
 3.086054e-07   8.919767e-04   0.000000e+00   6.791649e-08   2.515061e-04   0.000000e+00   0.000000e+00   0.000000e+00  -1.274169e-04
 0.000000e+00   0.000000e+00   8.943563e-04   0.000000e+00   0.000000e+00   2.551600e-04  -4.868004e-04   1.611952e-04   0.000000e+00
 2.507087e-04   6.791649e-08   0.000000e+00   4.110500e-04   4.716915e-08   0.000000e+00   0.000000e+00   0.000000e+00  -8.223841e-06
 1.066405e-07   2.515061e-04   0.000000e+00   4.716915e-08   4.112586e-04   0.000000e+00   0.000000e+00   0.000000e+00  -3.987068e-05
 0.000000e+00   0.000000e+00   2.551600e-04   0.000000e+00   0.000000e+00   4.174331e-04  -1.346834e-03   1.261738e-04   0.000000e+00
 0.000000e+00   0.000000e+00  -4.868004e-04   0.000000e+00   0.000000e+00  -1.346834e-03   7.690887e-01  -4.509759e-02   0.000000e+00
 0.000000e+00   0.000000e+00   1.611952e-04   0.000000e+00   0.000000e+00   1.261738e-04  -4.509759e-02   4.618104e-02   0.000000e+00
-3.241515e-05  -1.274169e-04   0.000000e+00  -8.223841e-06  -3.987068e-05   0.000000e+00   0.000000e+00   0.000000e+00   4.335180e-02

# timestamp: 1774889704.9271095
 9.367438e-04   3.142208e-07   0.000000e+00   2.637640e-04   1.081184e-07   0.000000e+00   0.000000e+00   0.000000e+00  -3.269379e-05
 3.142208e-07   9.398730e-04   0.000000e+00   7.473198e-08   2.645665e-04   0.000000e+00   0.000000e+00   0.000000e+00  -1.286761e-04
 0.000000e+00   0.000000e+00   9.424892e-04   0.000000e+00   0.000000e+00   2.683930e-04  -5.290272e-04   1.651621e-04   0.000000e+00
 2.637640e-04   7.473198e-08   0.000000e+00   4.142100e-04   4.881029e-08   0.000000e+00   0.000000e+00   0.000000e+00  -1.010685e-05
 1.081184e-07   2.645665e-04   0.000000e+00   4.881029e-08   4.144178e-04   0.000000e+00   0.000000e+00   0.000000e+00  -3.983037e-05
 0.000000e+00   0.000000e+00   2.683930e-04   0.000000e+00   0.000000e+00   4.204820e-04  -1.314876e-03   1.242646e-04   0.000000e+00
 0.000000e+00   0.000000e+00  -5.290272e-04   0.000000e+00   0.000000e+00  -1.314876e-03   7.722479e-01  -4.509759e-02   0.000000e+00
 0.000000e+00   0.000000e+00   1.651621e-04   0.000000e+00   0.000000e+00   1.242646e-04  -4.509759e-02   4.934030e-02   0.000000e+00
-3.269379e-05  -1.286761e-04   0.000000e+00  -1.010685e-05  -3.983037e-05   0.000000e+00   0.000000e+00   0.000000e+00   4.651106e-02

# timestamp: 1774889704.941236
 9.607219e-04   3.171005e-07   0.000000e+00   2.702579e-04   1.088699e-07   0.000000e+00   0.000000e+00   0.000000e+00  -3.285532e-05
 3.171005e-07   9.638763e-04   0.000000e+00   7.814248e-08   2.710629e-04   0.000000e+00   0.000000e+00   0.000000e+00  -1.292986e-04
 0.000000e+00   0.000000e+00   9.666135e-04   0.000000e+00   0.000000e+00   2.749728e-04  -5.495216e-04   1.671010e-04   0.000000e+00
 2.702579e-04   7.814248e-08   0.000000e+00   4.157735e-04   4.962101e-08   0.000000e+00   0.000000e+00   0.000000e+00  -1.108370e-05
 1.088699e-07   2.710629e-04   0.000000e+00   4.962101e-08   4.159809e-04   0.000000e+00   0.000000e+00   0.000000e+00  -3.980946e-05
 0.000000e+00   0.000000e+00   2.749728e-04   0.000000e+00   0.000000e+00   4.219915e-04  -1.299019e-03   1.233190e-04   0.000000e+00
 0.000000e+00   0.000000e+00  -5.495216e-04   0.000000e+00   0.000000e+00  -1.299019e-03   7.738110e-01  -4.509759e-02   0.000000e+00
 0.000000e+00   0.000000e+00   1.671010e-04   0.000000e+00   0.000000e+00   1.233190e-04  -4.509759e-02   5.090339e-02   0.000000e+00
-3.285532e-05  -1.292986e-04   0.000000e+00  -1.108370e-05  -3.980946e-05   0.000000e+00   0.000000e+00   0.000000e+00   4.807416e-02

# timestamp: 1774889705.214695
 9.111198e-04   7.613071e-09   0.000000e+00   2.533627e-04   1.409520e-08   0.000000e+00   0.000000e+00   0.000000e+00  -4.350293e-05
 7.613071e-09   9.139218e-04   0.000000e+00  -6.299523e-08   2.540168e-04   0.000000e+00   0.000000e+00   0.000000e+00   1.099440e-04
 0.000000e+00   0.000000e+00   9.156978e-04   0.000000e+00   0.000000e+00   2.562657e-04   1.598749e-04  -1.091915e-04   0.000000e+00
 2.533627e-04  -6.299523e-08   0.000000e+00   4.070127e-04   3.900254e-09   0.000000e+00   0.000000e+00   0.000000e+00  -4.222036e-05
 1.409520e-08   2.540168e-04   0.000000e+00   3.900254e-09   4.071426e-04   0.000000e+00   0.000000e+00   0.000000e+00   3.139071e-05
 0.000000e+00   0.000000e+00   2.562657e-04   0.000000e+00   0.000000e+00   4.103685e-04  -3.086029e-04  -2.501749e-05   0.000000e+00
 0.000000e+00   0.000000e+00   1.598749e-04   0.000000e+00   0.000000e+00  -3.086029e-04   7.582689e-01  -6.830353e-03   0.000000e+00
 0.000000e+00   0.000000e+00  -1.091915e-04   0.000000e+00   0.000000e+00  -2.501749e-05  -6.830353e-03   4.536835e-02   0.000000e+00
-4.350293e-05   1.099440e-04   0.000000e+00  -4.222036e-05   3.139071e-05   0.000000e+00   0.000000e+00   0.000000e+00   4.521696e-02

# timestamp: 1774889705.2503254
 9.462342e-04   6.397092e-09   0.000000e+00   2.628292e-04   1.344243e-08   0.000000e+00   0.000000e+00   0.000000e+00  -4.451419e-05
 6.397092e-09   9.490665e-04   0.000000e+00  -7.340094e-08   2.634839e-04   0.000000e+00   0.000000e+00   0.000000e+00   1.106767e-04
 0.000000e+00   0.000000e+00   9.509487e-04   0.000000e+00   0.000000e+00   2.658217e-04   1.532779e-04  -1.097816e-04   0.000000e+00
 2.628292e-04  -7.340094e-08   0.000000e+00   4.093371e-04   1.703091e-10   0.000000e+00   0.000000e+00   0.000000e+00  -4.665357e-05
 1.344243e-08   2.634839e-04   0.000000e+00   1.703091e-10   4.094596e-04   0.000000e+00   0.000000e+00   0.000000e+00   3.214760e-05
 0.000000e+00   0.000000e+00   2.658217e-04   0.000000e+00   0.000000e+00   4.126336e-04  -2.364704e-04  -2.642426e-05   0.000000e+00
 0.000000e+00   0.000000e+00   1.532779e-04   0.000000e+00   0.000000e+00  -2.364704e-04   7.605849e-01  -6.830353e-03   0.000000e+00
 0.000000e+00   0.000000e+00  -1.097816e-04   0.000000e+00   0.000000e+00  -2.642426e-05  -6.830353e-03   4.768433e-02   0.000000e+00
-4.451419e-05   1.106767e-04   0.000000e+00  -4.665357e-05   3.214760e-05   0.000000e+00   0.000000e+00   0.000000e+00   4.753294e-02

# timestamp: 1774889705.2969134
 8.548434e-04  -4.327618e-08   0.000000e+00   2.370553e-04  -2.764344e-09   0.000000e+00   0.000000e+00   0.000000e+00  -4.064846e-05
-4.327618e-08   8.573501e-04   0.000000e+00  -9.297277e-08   2.376272e-04   0.000000e+00   0.000000e+00   0.000000e+00   1.214013e-04
 0.000000e+00   0.000000e+00   8.588984e-04   0.000000e+00   0.000000e+00   2.396595e-04   2.455805e-04  -1.183390e-04   0.000000e+00
 2.370553e-04  -9.297277e-08   0.000000e+00   4.016268e-04  -7.316126e-09   0.000000e+00   0.000000e+00   0.000000e+00  -4.588349e-05
-2.764344e-09   2.376272e-04   0.000000e+00  -7.316126e-09   4.017225e-04   0.000000e+00   0.000000e+00   0.000000e+00   3.576578e-05
 0.000000e+00   0.000000e+00   2.396595e-04   0.000000e+00   0.000000e+00   4.046082e-04  -4.930426e-05  -3.344653e-05   0.000000e+00
 0.000000e+00   0.000000e+00   2.455805e-04   0.000000e+00   0.000000e+00  -4.930426e-05   7.523099e-01   4.865604e-03   0.000000e+00
 0.000000e+00   0.000000e+00  -1.183390e-04   0.000000e+00   0.000000e+00  -3.344653e-05   4.865604e-03   4.156148e-02   0.000000e+00
-4.064846e-05   1.214013e-04   0.000000e+00  -4.588349e-05   3.576578e-05   0.000000e+00   0.000000e+00   0.000000e+00   4.144141e-02

# timestamp: 1774889705.5606723
 8.583854e-04   1.062972e-08   0.000000e+00   2.360522e-04   1.109743e-08   0.000000e+00   0.000000e+00   0.000000e+00  -1.215780e-06
 1.062972e-08   8.645716e-04   0.000000e+00   6.755616e-07   2.375722e-04   0.000000e+00   0.000000e+00   0.000000e+00  -4.264532e-04
 0.000000e+00   0.000000e+00   8.658956e-04   0.000000e+00   0.000000e+00   2.394768e-04   9.905400e-05   4.328350e-04   0.000000e+00
 2.360522e-04   6.755616e-07   0.000000e+00   3.985981e-04   1.894771e-07   0.000000e+00   0.000000e+00   0.000000e+00  -6.269645e-05
 1.109743e-08   2.375722e-04   0.000000e+00   1.894771e-07   3.988463e-04   0.000000e+00   0.000000e+00   0.000000e+00  -1.106191e-04
 0.000000e+00   0.000000e+00   2.394768e-04   0.000000e+00   0.000000e+00   4.024690e-04   9.440686e-04   1.462558e-04   0.000000e+00
 0.000000e+00   0.000000e+00   9.905400e-05   0.000000e+00   0.000000e+00   9.440686e-04   7.588460e-01   2.620060e-02   0.000000e+00
 0.000000e+00   0.000000e+00   4.328350e-04   0.000000e+00   0.000000e+00   1.462558e-04   2.620060e-02   4.318308e-02   0.000000e+00
-1.215780e-06  -4.264532e-04   0.000000e+00  -6.269645e-05  -1.106191e-04   0.000000e+00   0.000000e+00   0.000000e+00   4.216535e-02

# timestamp: 1774889705.5905623
 8.187239e-04  -1.440823e-07   0.000000e+00   2.250398e-04  -3.641707e-08   0.000000e+00   0.000000e+00   0.000000e+00  -3.036100e-05
-1.440823e-07   8.213774e-04   0.000000e+00  -2.562365e-07   2.256424e-04   0.000000e+00   0.000000e+00   0.000000e+00   1.880315e-04
 0.000000e+00   0.000000e+00   8.226175e-04   0.000000e+00   0.000000e+00   2.276796e-04   2.926235e-04  -1.771235e-04   0.000000e+00
 2.250398e-04  -2.562365e-07   0.000000e+00   3.953642e-04  -6.830946e-08   0.000000e+00   0.000000e+00   0.000000e+00  -6.821472e-05
-3.641707e-08   2.256424e-04   0.000000e+00  -6.830946e-08   3.953721e-04   0.000000e+00   0.000000e+00   0.000000e+00   5.779637e-05
 0.000000e+00   0.000000e+00   2.276796e-04   0.000000e+00   0.000000e+00   3.992782e-04   1.087172e-03  -1.717624e-05   0.000000e+00
 0.000000e+00   0.000000e+00   2.926235e-04   0.000000e+00   0.000000e+00   1.087172e-03   7.607119e-01   2.757189e-02   0.000000e+00
 0.000000e+00   0.000000e+00  -1.771235e-04   0.000000e+00   0.000000e+00  -1.717624e-05   2.757189e-02   4.053252e-02   0.000000e+00
-3.036100e-05   1.880315e-04   0.000000e+00  -6.821472e-05   5.779637e-05   0.000000e+00   0.000000e+00   0.000000e+00   3.943279e-02

# timestamp: 1774889705.6268907
 8.863159e-04  -1.586567e-07   0.000000e+00   2.433815e-04  -4.127191e-08   0.000000e+00   0.000000e+00   0.000000e+00  -3.370376e-05
-1.586567e-07   8.890248e-04   0.000000e+00  -3.136534e-07   2.439827e-04   0.000000e+00   0.000000e+00   0.000000e+00   1.907222e-04
 0.000000e+00   0.000000e+00   8.904642e-04   0.000000e+00   0.000000e+00   2.463029e-04   3.463821e-04  -1.778102e-04   0.000000e+00
 2.433815e-04  -3.136534e-07   0.000000e+00   4.000095e-04  -8.813139e-08   0.000000e+00   0.000000e+00   0.000000e+00  -8.024458e-05
-4.127191e-08   2.439827e-04   0.000000e+00  -8.813139e-08   3.999802e-04   0.000000e+00   0.000000e+00   0.000000e+00   5.958853e-05
 0.000000e+00   0.000000e+00   2.463029e-04   0.000000e+00   0.000000e+00   4.045620e-04   1.303096e-03  -1.117621e-05   0.000000e+00
 0.000000e+00   0.000000e+00   3.463821e-04   0.000000e+00   0.000000e+00   1.303096e-03   7.653151e-01   2.757189e-02   0.000000e+00
 0.000000e+00   0.000000e+00  -1.778102e-04   0.000000e+00   0.000000e+00  -1.117621e-05   2.757189e-02   4.513567e-02   0.000000e+00
-3.370376e-05   1.907222e-04   0.000000e+00  -8.024458e-05   5.958853e-05   0.000000e+00   0.000000e+00   0.000000e+00   4.403594e-02

# timestamp: 1774889705.8661475
 8.622346e-04   1.595969e-07   0.000000e+00   2.353984e-04   4.384315e-08   0.000000e+00   0.000000e+00   0.000000e+00  -1.779322e-05
 1.595969e-07   8.678013e-04   0.000000e+00   8.745627e-07   2.366553e-04   0.000000e+00   0.000000e+00   0.000000e+00  -4.078137e-04
 0.000000e+00   0.000000e+00   8.695132e-04   0.000000e+00   0.000000e+00   2.402727e-04   7.009069e-04   4.306608e-04   0.000000e+00
 2.353984e-04   8.745627e-07   0.000000e+00   3.958554e-04   2.194670e-07   0.000000e+00   0.000000e+00   0.000000e+00  -8.706164e-05
 4.384315e-08   2.366553e-04   0.000000e+00   2.194670e-07   3.958700e-04   0.000000e+00   0.000000e+00   0.000000e+00  -1.013471e-04
 0.000000e+00   0.000000e+00   2.402727e-04   0.000000e+00   0.000000e+00   4.051416e-04   2.370927e-03   1.748514e-04   0.000000e+00
 0.000000e+00   0.000000e+00   7.009069e-04   0.000000e+00   0.000000e+00   2.370927e-03   7.877238e-01   2.333185e-02   0.000000e+00
 0.000000e+00   0.000000e+00   4.306608e-04   0.000000e+00   0.000000e+00   1.748514e-04   2.333185e-02   4.356350e-02   0.000000e+00
-1.779322e-05  -4.078137e-04   0.000000e+00  -8.706164e-05  -1.013471e-04   0.000000e+00   0.000000e+00   0.000000e+00   4.281358e-02

# timestamp: 1774889705.8832133
 8.235483e-04  -7.848506e-08   0.000000e+00   2.247781e-04  -2.126039e-08   0.000000e+00   0.000000e+00   0.000000e+00  -1.545922e-05
-7.848506e-08   8.259082e-04   0.000000e+00  -3.345334e-07   2.253080e-04   0.000000e+00   0.000000e+00   0.000000e+00   1.839706e-04
 0.000000e+00   0.000000e+00   8.270340e-04   0.000000e+00   0.000000e+00   2.278133e-04   3.787996e-04  -1.737270e-04   0.000000e+00
 2.247781e-04  -3.345334e-07   0.000000e+00   3.927950e-04  -1.111104e-07   0.000000e+00   0.000000e+00   0.000000e+00  -8.181004e-05
-2.126039e-08   2.253080e-04   0.000000e+00  -1.111104e-07   3.926537e-04   0.000000e+00   0.000000e+00   0.000000e+00   5.987600e-05
 0.000000e+00   0.000000e+00   2.278133e-04   0.000000e+00   0.000000e+00   4.017983e-04   2.361440e-03   2.847501e-06   0.000000e+00
 0.000000e+00   0.000000e+00   3.787996e-04   0.000000e+00   0.000000e+00   2.361440e-03   7.880029e-01   2.028329e-02   0.000000e+00
 0.000000e+00   0.000000e+00  -1.737270e-04   0.000000e+00   0.000000e+00   2.847501e-06   2.028329e-02   4.075234e-02   0.000000e+00
-1.545922e-05   1.839706e-04   0.000000e+00  -8.181004e-05   5.987600e-05   0.000000e+00   0.000000e+00   0.000000e+00   4.018346e-02

# timestamp: 1774889705.90013
 8.437283e-04  -8.349275e-08   0.000000e+00   2.302417e-04  -2.317813e-08   0.000000e+00   0.000000e+00   0.000000e+00  -1.660501e-05
-8.349275e-08   8.461029e-04   0.000000e+00  -3.507767e-07   2.307723e-04   0.000000e+00   0.000000e+00   0.000000e+00   1.848041e-04
 0.000000e+00   0.000000e+00   8.473002e-04   0.000000e+00   0.000000e+00   2.334376e-04   4.117650e-04  -1.736850e-04   0.000000e+00
 2.302417e-04  -3.507767e-07   0.000000e+00   3.941952e-04  -1.177182e-07   0.000000e+00   0.000000e+00   0.000000e+00  -8.508852e-05
-2.317813e-08   2.307723e-04   0.000000e+00  -1.177182e-07   3.940432e-04   0.000000e+00   0.000000e+00   0.000000e+00   6.077072e-05
 0.000000e+00   0.000000e+00   2.334376e-04   0.000000e+00   0.000000e+00   4.035657e-04   2.423747e-03   3.553419e-06   0.000000e+00
 0.000000e+00   0.000000e+00   4.117650e-04   0.000000e+00   0.000000e+00   2.423747e-03   7.893898e-01   2.028329e-02   0.000000e+00
 0.000000e+00   0.000000e+00  -1.736850e-04   0.000000e+00   0.000000e+00   3.553419e-06   2.028329e-02   4.213927e-02   0.000000e+00
-1.660501e-05   1.848041e-04   0.000000e+00  -8.508852e-05   6.077072e-05   0.000000e+00   0.000000e+00   0.000000e+00   4.157038e-02

# timestamp: 1774889705.9214656
 8.747389e-04  -9.160308e-08   0.000000e+00   2.385962e-04  -2.632431e-08   0.000000e+00   0.000000e+00   0.000000e+00  -1.843764e-05
-9.160308e-08   8.771359e-04   0.000000e+00  -3.758094e-07   2.391274e-04   0.000000e+00   0.000000e+00   0.000000e+00   1.860970e-04
 0.000000e+00   0.000000e+00   8.784508e-04   0.000000e+00   0.000000e+00   2.420515e-04   4.636046e-04  -1.736027e-04   0.000000e+00
 2.385962e-04  -3.758094e-07   0.000000e+00   3.963277e-04  -1.280563e-07   0.000000e+00   0.000000e+00   0.000000e+00  -9.029116e-05
-2.632431e-08   2.391274e-04   0.000000e+00  -1.280563e-07   3.961585e-04   0.000000e+00   0.000000e+00   0.000000e+00   6.219056e-05
 0.000000e+00   0.000000e+00   2.420515e-04   0.000000e+00   0.000000e+00   4.062749e-04   2.518806e-03   4.570146e-06   0.000000e+00
 0.000000e+00   0.000000e+00   4.636046e-04   0.000000e+00   0.000000e+00   2.518806e-03   7.915011e-01   2.028329e-02   0.000000e+00
 0.000000e+00   0.000000e+00  -1.736027e-04   0.000000e+00   0.000000e+00   4.570146e-06   2.028329e-02   4.425051e-02   0.000000e+00
-1.843764e-05   1.860970e-04   0.000000e+00  -9.029116e-05   6.219056e-05   0.000000e+00   0.000000e+00   0.000000e+00   4.368163e-02

# timestamp: 1774889705.936371
 8.945267e-04  -9.704213e-08   0.000000e+00   2.439011e-04  -2.845981e-08   0.000000e+00   0.000000e+00   0.000000e+00  -1.965407e-05
-9.704213e-08   8.969379e-04   0.000000e+00  -3.918310e-07   2.444324e-04   0.000000e+00   0.000000e+00   0.000000e+00   1.869302e-04
 0.000000e+00   0.000000e+00   8.983328e-04   0.000000e+00   0.000000e+00   2.475300e-04   4.974239e-04  -1.735397e-04   0.000000e+00
 2.439011e-04  -3.918310e-07   0.000000e+00   3.976765e-04  -1.347729e-07   0.000000e+00   0.000000e+00   0.000000e+00  -9.371102e-05
-2.845981e-08   2.444324e-04   0.000000e+00  -1.347729e-07   3.974959e-04   0.000000e+00   0.000000e+00   0.000000e+00   6.312386e-05
 0.000000e+00   0.000000e+00   2.475300e-04   0.000000e+00   0.000000e+00   4.079997e-04   2.579034e-03   5.177278e-06   0.000000e+00
 0.000000e+00   0.000000e+00   4.974239e-04   0.000000e+00   0.000000e+00   2.579034e-03   7.928358e-01   2.028329e-02   0.000000e+00
 0.000000e+00   0.000000e+00  -1.735397e-04   0.000000e+00   0.000000e+00   5.177278e-06   2.028329e-02   4.558527e-02   0.000000e+00
-1.965407e-05   1.869302e-04   0.000000e+00  -9.371102e-05   6.312386e-05   0.000000e+00   0.000000e+00   0.000000e+00   4.501639e-02

# timestamp: 1774889705.9715707
 8.772764e-04   1.779916e-07   0.000000e+00   2.389961e-04   4.558196e-08   0.000000e+00   0.000000e+00   0.000000e+00  -1.889109e-05
 1.779916e-07   8.829354e-04   0.000000e+00   9.250650e-07   2.402363e-04   0.000000e+00   0.000000e+00   0.000000e+00  -4.170788e-04
 0.000000e+00   0.000000e+00   8.848284e-04   0.000000e+00   0.000000e+00   2.445731e-04   8.136292e-04   4.379913e-04   0.000000e+00
 2.389961e-04   9.250650e-07   0.000000e+00   3.960413e-04   2.210841e-07   0.000000e+00   0.000000e+00   0.000000e+00  -9.196537e-05
 4.558196e-08   2.402363e-04   0.000000e+00   2.210841e-07   3.959972e-04   0.000000e+00   0.000000e+00   0.000000e+00  -1.011988e-04
 0.000000e+00   0.000000e+00   2.445731e-04   0.000000e+00   0.000000e+00   4.079769e-04   2.802721e-03   1.698585e-04   0.000000e+00
 0.000000e+00   0.000000e+00   8.136292e-04   0.000000e+00   0.000000e+00   2.802721e-03   7.961836e-01   1.851752e-02   0.000000e+00
 0.000000e+00   0.000000e+00   4.379913e-04   0.000000e+00   0.000000e+00   1.698585e-04   1.851752e-02   4.445079e-02   0.000000e+00
-1.889109e-05  -4.170788e-04   0.000000e+00  -9.196537e-05  -1.011988e-04   0.000000e+00   0.000000e+00   0.000000e+00   4.397677e-02

# timestamp: 1774889706.2173634
 9.363555e-04   2.271721e-08   0.000000e+00   2.535824e-04   4.509416e-09   0.000000e+00   0.000000e+00   0.000000e+00   1.483091e-06
 2.271721e-08   9.518429e-04   0.000000e+00  -1.712710e-06   2.579857e-04   0.000000e+00   0.000000e+00   0.000000e+00   7.838409e-04
 0.000000e+00   0.000000e+00   9.531744e-04   0.000000e+00   0.000000e+00   2.614403e-04   4.813386e-04  -7.815289e-04   0.000000e+00
 2.535824e-04  -1.712710e-06   0.000000e+00   3.982984e-04  -5.234414e-07   0.000000e+00   0.000000e+00   0.000000e+00  -9.317000e-05
 4.509416e-09   2.579857e-04   0.000000e+00  -5.234414e-07   3.991802e-04   0.000000e+00   0.000000e+00   0.000000e+00   2.326909e-04
 0.000000e+00   0.000000e+00   2.614403e-04   0.000000e+00   0.000000e+00   4.157721e-04   3.416726e-03  -2.132603e-04   0.000000e+00
 0.000000e+00   0.000000e+00   4.813386e-04   0.000000e+00   0.000000e+00   3.416726e-03   8.103797e-01   4.326101e-03   0.000000e+00
 0.000000e+00   0.000000e+00  -7.815289e-04   0.000000e+00   0.000000e+00  -2.132603e-04   4.326101e-03   4.834388e-02   0.000000e+00
 1.483091e-06   7.838409e-04   0.000000e+00  -9.317000e-05   2.326909e-04   0.000000e+00   0.000000e+00   0.000000e+00   4.829489e-02

# timestamp: 1774889706.239671
 9.924693e-04  -4.271611e-08   0.000000e+00   2.683539e-04  -1.552433e-08   0.000000e+00   0.000000e+00   0.000000e+00  -2.061317e-06
-4.271611e-08   1.008285e-03   0.000000e+00  -1.859126e-06   2.728757e-04   0.000000e+00   0.000000e+00   0.000000e+00   7.924945e-04
 0.000000e+00   0.000000e+00   1.009896e-03   0.000000e+00   0.000000e+00   2.770468e-04   6.090877e-04  -7.894567e-04   0.000000e+00
 2.683539e-04  -1.859126e-06   0.000000e+00   4.020166e-04  -5.717370e-07   0.000000e+00   0.000000e+00   0.000000e+00  -1.012797e-04
-1.552433e-08   2.728757e-04   0.000000e+00  -5.717370e-07   4.029185e-04   0.000000e+00   0.000000e+00   0.000000e+00   2.381995e-04
 0.000000e+00   0.000000e+00   2.770468e-04   0.000000e+00   0.000000e+00   4.206218e-04   3.546470e-03  -2.180811e-04   0.000000e+00
 0.000000e+00   0.000000e+00   6.090877e-04   0.000000e+00   0.000000e+00   3.546470e-03   8.140668e-01   4.326101e-03   0.000000e+00
 0.000000e+00   0.000000e+00  -7.894567e-04   0.000000e+00   0.000000e+00  -2.180811e-04   4.326101e-03   5.203093e-02   0.000000e+00
-2.061317e-06   7.924945e-04   0.000000e+00  -1.012797e-04   2.381995e-04   0.000000e+00   0.000000e+00   0.000000e+00   5.198194e-02

# timestamp: 1774889706.279235
 9.700604e-04   5.062042e-09   0.000000e+00   2.618144e-04  -1.042162e-08   0.000000e+00   0.000000e+00   0.000000e+00  -1.562487e-05
 5.062042e-09   9.736930e-04   0.000000e+00  -1.415550e-07   2.626024e-04   0.000000e+00   0.000000e+00   0.000000e+00  -9.071276e-05
 0.000000e+00   0.000000e+00   9.759002e-04   0.000000e+00   0.000000e+00   2.684748e-04   9.558600e-04   9.518187e-05   0.000000e+00
 2.618144e-04  -1.415550e-07   0.000000e+00   3.998750e-04  -1.114519e-07   0.000000e+00   0.000000e+00   0.000000e+00  -9.862579e-05
-1.042162e-08   2.626024e-04   0.000000e+00  -1.114519e-07   3.996535e-04   0.000000e+00   0.000000e+00   0.000000e+00  -5.636198e-07
 0.000000e+00   0.000000e+00   2.684748e-04   0.000000e+00   0.000000e+00   4.190952e-04   3.747871e-03   1.610610e-05   0.000000e+00
 0.000000e+00   0.000000e+00   9.558600e-04   0.000000e+00   0.000000e+00   3.747871e-03   8.184824e-01   2.858574e-03   0.000000e+00
 0.000000e+00   0.000000e+00   9.518187e-05   0.000000e+00   0.000000e+00   1.610610e-05   2.858574e-03   4.932588e-02   0.000000e+00
-1.562487e-05  -9.071276e-05   0.000000e+00  -9.862579e-05  -5.636198e-07   0.000000e+00   0.000000e+00   0.000000e+00   4.929455e-02

# timestamp: 1774889706.563235
 8.599586e-04   6.693506e-08   0.000000e+00   2.308742e-04   2.622299e-09   0.000000e+00   0.000000e+00   0.000000e+00  -1.566057e-05
 6.693506e-08   8.649468e-04   0.000000e+00   6.676753e-08   2.319431e-04   0.000000e+00   0.000000e+00   0.000000e+00  -3.138644e-04
 0.000000e+00   0.000000e+00   8.672172e-04   0.000000e+00   0.000000e+00   2.385791e-04   1.100858e-03   2.989944e-04   0.000000e+00
 2.308742e-04   6.676753e-08   0.000000e+00   3.900036e-04  -5.277161e-08   0.000000e+00   0.000000e+00   0.000000e+00  -6.616718e-05
 2.622299e-09   2.319431e-04   0.000000e+00  -5.277161e-08   3.898917e-04   0.000000e+00   0.000000e+00   0.000000e+00  -6.304309e-05
 0.000000e+00   0.000000e+00   2.385791e-04   0.000000e+00   0.000000e+00   4.118162e-04   4.035807e-03   6.579780e-06   0.000000e+00
 0.000000e+00   0.000000e+00   1.100858e-03   0.000000e+00   0.000000e+00   4.035807e-03   8.353147e-01  -1.187864e-02   0.000000e+00
 0.000000e+00   0.000000e+00   2.989944e-04   0.000000e+00   0.000000e+00   6.579780e-06  -1.187864e-02   4.218204e-02   0.000000e+00
-1.566057e-05  -3.138644e-04   0.000000e+00  -6.616718e-05  -6.304309e-05   0.000000e+00   0.000000e+00   0.000000e+00   4.198814e-02

# timestamp: 1774889706.5944278
 8.422587e-04   2.150853e-08   0.000000e+00   2.260222e-04   2.363041e-09   0.000000e+00   0.000000e+00   0.000000e+00   1.013718e-05
 2.150853e-08   8.466641e-04   0.000000e+00  -7.629838e-07   2.272527e-04   0.000000e+00   0.000000e+00   0.000000e+00   2.832957e-04
 0.000000e+00   0.000000e+00   8.482230e-04   0.000000e+00   0.000000e+00   2.323631e-04   8.072432e-04  -2.984399e-04   0.000000e+00
 2.260222e-04  -7.629838e-07   0.000000e+00   3.885062e-04  -2.688024e-07   0.000000e+00   0.000000e+00   0.000000e+00  -5.435080e-05
 2.363041e-09   2.272527e-04   0.000000e+00  -2.688024e-07   3.885321e-04   0.000000e+00   0.000000e+00   0.000000e+00   9.540710e-05
 0.000000e+00   0.000000e+00   2.323631e-04   0.000000e+00   0.000000e+00   4.096562e-04   3.952158e-03  -1.686234e-04   0.000000e+00
 0.000000e+00   0.000000e+00   8.072432e-04   0.000000e+00   0.000000e+00   3.952158e-03   8.364776e-01  -1.540823e-02   0.000000e+00
 0.000000e+00   0.000000e+00  -2.984399e-04   0.000000e+00   0.000000e+00  -1.686234e-04  -1.540823e-02   4.128041e-02   0.000000e+00
 1.013718e-05   2.832957e-04   0.000000e+00  -5.435080e-05   9.540710e-05   0.000000e+00   0.000000e+00   0.000000e+00   4.096674e-02

# timestamp: 1774889706.622606
 8.892412e-04  -3.310303e-09   0.000000e+00   2.385497e-04  -6.030674e-09   0.000000e+00   0.000000e+00   0.000000e+00   8.372211e-06
-3.310303e-09   8.937258e-04   0.000000e+00  -7.837904e-07   2.397909e-04   0.000000e+00   0.000000e+00   0.000000e+00   2.863731e-04
 0.000000e+00   0.000000e+00   8.956353e-04   0.000000e+00   0.000000e+00   2.456212e-04   9.344576e-04  -3.038739e-04   0.000000e+00
 2.385497e-04  -7.837904e-07   0.000000e+00   3.917188e-04  -2.747169e-07   0.000000e+00   0.000000e+00   0.000000e+00  -5.617620e-05
-6.030674e-09   2.397909e-04   0.000000e+00  -2.747169e-07   3.917465e-04   0.000000e+00   0.000000e+00   0.000000e+00   9.683281e-05
 0.000000e+00   0.000000e+00   2.456212e-04   0.000000e+00   0.000000e+00   4.132127e-04   3.988279e-03  -1.707139e-04   0.000000e+00
 0.000000e+00   0.000000e+00   9.344576e-04   0.000000e+00   0.000000e+00   3.988279e-03   8.396855e-01  -1.540823e-02   0.000000e+00
 0.000000e+00   0.000000e+00  -3.038739e-04   0.000000e+00   0.000000e+00  -1.707139e-04  -1.540823e-02   4.448838e-02   0.000000e+00
 8.372211e-06   2.863731e-04   0.000000e+00  -5.617620e-05   9.683281e-05   0.000000e+00   0.000000e+00   0.000000e+00   4.417471e-02

# timestamp: 1774889706.8877096
 8.393549e-04  -1.170363e-07   0.000000e+00   2.244516e-04  -4.541630e-08   0.000000e+00   0.000000e+00   0.000000e+00  -9.777853e-06
-1.170363e-07   8.422250e-04   0.000000e+00  -4.765704e-07   2.251069e-04   0.000000e+00   0.000000e+00   0.000000e+00   2.060681e-04
 0.000000e+00   0.000000e+00   8.460624e-04   0.000000e+00   0.000000e+00   2.341826e-04   1.611031e-03  -2.416997e-04   0.000000e+00
 2.244516e-04  -4.765704e-07   0.000000e+00   3.866728e-04  -1.704727e-07   0.000000e+00   0.000000e+00   0.000000e+00  -3.701285e-05
-4.541630e-08   2.251069e-04   0.000000e+00  -1.704727e-07   3.865553e-04   0.000000e+00   0.000000e+00   0.000000e+00   6.158406e-05
 0.000000e+00   0.000000e+00   2.341826e-04   0.000000e+00   0.000000e+00   4.086192e-04   4.086065e-03  -1.517483e-04   0.000000e+00
 0.000000e+00   0.000000e+00   1.611031e-03   0.000000e+00   0.000000e+00   4.086065e-03   8.642942e-01  -1.853602e-02   0.000000e+00
 0.000000e+00   0.000000e+00  -2.416997e-04   0.000000e+00   0.000000e+00  -1.517483e-04  -1.853602e-02   4.148825e-02   0.000000e+00
-9.777853e-06   2.060681e-04   0.000000e+00  -3.701285e-05   6.158406e-05   0.000000e+00   0.000000e+00   0.000000e+00   4.106417e-02

# timestamp: 1774889706.926389
 8.696198e-04  -1.279803e-07   0.000000e+00   2.325128e-04  -4.890020e-08   0.000000e+00   0.000000e+00   0.000000e+00  -1.055236e-05
-1.279803e-07   8.725171e-04   0.000000e+00  -4.841476e-07   2.331642e-04   0.000000e+00   0.000000e+00   0.000000e+00   2.073455e-04
 0.000000e+00   0.000000e+00   8.767416e-04   0.000000e+00   0.000000e+00   2.427316e-04   1.696025e-03  -2.448526e-04   0.000000e+00
 2.325128e-04  -4.841476e-07   0.000000e+00   3.887515e-04  -1.714369e-07   0.000000e+00   0.000000e+00   0.000000e+00  -3.783948e-05
-4.890020e-08   2.331642e-04   0.000000e+00  -1.714369e-07   3.886318e-04   0.000000e+00   0.000000e+00   0.000000e+00   6.132030e-05
 0.000000e+00   0.000000e+00   2.427316e-04   0.000000e+00   0.000000e+00   4.108541e-04   4.102807e-03  -1.518428e-04   0.000000e+00
 0.000000e+00   0.000000e+00   1.696025e-03   0.000000e+00   0.000000e+00   4.102807e-03   8.663714e-01  -1.853602e-02   0.000000e+00
 0.000000e+00   0.000000e+00  -2.448526e-04   0.000000e+00   0.000000e+00  -1.518428e-04  -1.853602e-02   4.356552e-02   0.000000e+00
-1.055236e-05   2.073455e-04   0.000000e+00  -3.783948e-05   6.132030e-05   0.000000e+00   0.000000e+00   0.000000e+00   4.314144e-02

# timestamp: 1774889706.981429
 8.765490e-04   3.596855e-08   0.000000e+00   2.341516e-04  -5.108540e-09   0.000000e+00   0.000000e+00   0.000000e+00  -1.199278e-05
 3.596855e-08   8.826407e-04   0.000000e+00   6.855460e-08   2.355840e-04   0.000000e+00   0.000000e+00   0.000000e+00  -4.298310e-04
 0.000000e+00   0.000000e+00   8.864020e-04   0.000000e+00   0.000000e+00   2.444425e-04   1.572351e-03   4.014733e-04   0.000000e+00
 2.341516e-04   6.855460e-08   0.000000e+00   3.889320e-04  -1.988440e-08   0.000000e+00   0.000000e+00   0.000000e+00  -3.572791e-05
-5.108540e-09   2.355840e-04   0.000000e+00  -1.988440e-08   3.890103e-04   0.000000e+00   0.000000e+00   0.000000e+00  -1.112745e-04
 0.000000e+00   0.000000e+00   2.444425e-04   0.000000e+00   0.000000e+00   4.106132e-04   4.042645e-03   3.755762e-05   0.000000e+00
 0.000000e+00   0.000000e+00   1.572351e-03   0.000000e+00   0.000000e+00   4.042645e-03   8.705387e-01  -1.549981e-02   0.000000e+00
 0.000000e+00   0.000000e+00   4.014733e-04   0.000000e+00   0.000000e+00   3.755762e-05  -1.549981e-02   4.397676e-02   0.000000e+00
-1.199278e-05  -4.298310e-04   0.000000e+00  -3.572791e-05  -1.112745e-04   0.000000e+00   0.000000e+00   0.000000e+00   4.367826e-02

# timestamp: 1774889707.2243073
 9.124481e-04  -1.546594e-08   0.000000e+00   2.427193e-04  -1.686142e-08   0.000000e+00   0.000000e+00   0.000000e+00  -7.171191e-06
-1.546594e-08   9.158819e-04   0.000000e+00  -2.958628e-08   2.434663e-04   0.000000e+00   0.000000e+00   0.000000e+00  -9.396763e-05
 0.000000e+00   0.000000e+00   9.209690e-04   0.000000e+00   0.000000e+00   2.536145e-04   1.884573e-03   6.899322e-05   0.000000e+00
 2.427193e-04  -2.958628e-08   0.000000e+00   3.902154e-04  -3.090857e-08   0.000000e+00   0.000000e+00   0.000000e+00  -2.423632e-05
-1.686142e-08   2.434663e-04   0.000000e+00  -3.090857e-08   3.901573e-04   0.000000e+00   0.000000e+00   0.000000e+00  -3.498214e-05
 0.000000e+00   0.000000e+00   2.536145e-04   0.000000e+00   0.000000e+00   4.107084e-04   3.956284e-03  -1.748917e-05   0.000000e+00
 0.000000e+00   0.000000e+00   1.884573e-03   0.000000e+00   0.000000e+00   3.956284e-03   8.925032e-01  -1.123440e-02   0.000000e+00
 0.000000e+00   0.000000e+00   6.899322e-05   0.000000e+00   0.000000e+00  -1.748917e-05  -1.123440e-02   4.574550e-02   0.000000e+00
-7.171191e-06  -9.396763e-05   0.000000e+00  -2.423632e-05  -3.498214e-05   0.000000e+00   0.000000e+00   0.000000e+00   4.559152e-02

# timestamp: 1774889707.2395673
 9.320399e-04  -1.608077e-08   0.000000e+00   2.478611e-04  -1.710222e-08   0.000000e+00   0.000000e+00   0.000000e+00  -7.489975e-06
-1.608077e-08   9.354934e-04   0.000000e+00  -2.984969e-08   2.486095e-04   0.000000e+00   0.000000e+00   0.000000e+00  -9.443078e-05
 0.000000e+00   0.000000e+00   9.408508e-04   0.000000e+00   0.000000e+00   2.590301e-04   1.936577e-03   6.876665e-05   0.000000e+00
 2.478611e-04  -2.984969e-08   0.000000e+00   3.915298e-04  -3.031997e-08   0.000000e+00   0.000000e+00   0.000000e+00  -2.430590e-05
-1.710222e-08   2.486095e-04   0.000000e+00  -3.031997e-08   3.914733e-04   0.000000e+00   0.000000e+00   0.000000e+00  -3.600992e-05
 0.000000e+00   0.000000e+00   2.590301e-04   0.000000e+00   0.000000e+00   4.120339e-04   3.957371e-03  -1.647478e-05   0.000000e+00
 0.000000e+00   0.000000e+00   1.936577e-03   0.000000e+00   0.000000e+00   3.957371e-03   8.938175e-01  -1.123440e-02   0.000000e+00
 0.000000e+00   0.000000e+00   6.876665e-05   0.000000e+00   0.000000e+00  -1.647478e-05  -1.123440e-02   4.705988e-02   0.000000e+00
-7.489975e-06  -9.443078e-05   0.000000e+00  -2.430590e-05  -3.600992e-05   0.000000e+00   0.000000e+00   0.000000e+00   4.690590e-02

# timestamp: 1774889707.2865155
 8.243049e-04  -1.489488e-08   0.000000e+00   2.191633e-04  -1.527628e-08   0.000000e+00   0.000000e+00   0.000000e+00  -5.500231e-06
-1.489488e-08   8.267409e-04   0.000000e+00  -3.395500e-08   2.196568e-04   0.000000e+00   0.000000e+00   0.000000e+00  -6.320757e-05
 0.000000e+00   0.000000e+00   8.310348e-04   0.000000e+00   0.000000e+00   2.287694e-04   1.738133e-03   4.635318e-05   0.000000e+00
 2.191633e-04  -3.395500e-08   0.000000e+00   3.837940e-04  -3.079870e-08   0.000000e+00   0.000000e+00   0.000000e+00  -1.869719e-05
-1.527628e-08   2.196568e-04   0.000000e+00  -3.079870e-08   3.836808e-04   0.000000e+00   0.000000e+00   0.000000e+00  -2.717669e-05
 0.000000e+00   0.000000e+00   2.287694e-04   0.000000e+00   0.000000e+00   4.032708e-04   3.861296e-03  -1.029042e-05   0.000000e+00
 0.000000e+00   0.000000e+00   1.738133e-03   0.000000e+00   0.000000e+00   3.861296e-03   8.953509e-01  -8.161543e-03   0.000000e+00
 0.000000e+00   0.000000e+00   4.635318e-05   0.000000e+00   0.000000e+00  -1.029042e-05  -8.161543e-03   3.982515e-02   0.000000e+00
-5.500231e-06  -6.320757e-05   0.000000e+00  -1.869719e-05  -2.717669e-05   0.000000e+00   0.000000e+00   0.000000e+00   3.974239e-02

# timestamp: 1774889707.3132722
 8.919682e-04  -1.726216e-08   0.000000e+00   2.371409e-04  -1.624218e-08   0.000000e+00   0.000000e+00   0.000000e+00  -6.355459e-06
-1.726216e-08   8.944500e-04   0.000000e+00  -3.672133e-08   2.376342e-04   0.000000e+00   0.000000e+00   0.000000e+00  -6.451815e-05
 0.000000e+00   0.000000e+00   8.996317e-04   0.000000e+00   0.000000e+00   2.476140e-04   1.917246e-03   4.592561e-05   0.000000e+00
 2.371409e-04  -3.672133e-08   0.000000e+00   3.884395e-04  -3.004285e-08   0.000000e+00   0.000000e+00   0.000000e+00  -1.779580e-05
-1.624218e-08   2.376342e-04   0.000000e+00  -3.004285e-08   3.883314e-04   0.000000e+00   0.000000e+00   0.000000e+00  -3.037259e-05
 0.000000e+00   0.000000e+00   2.476140e-04   0.000000e+00   0.000000e+00   4.077539e-04   3.841798e-03  -6.916764e-06   0.000000e+00
 0.000000e+00   0.000000e+00   1.917246e-03   0.000000e+00   0.000000e+00   3.841798e-03   8.999972e-01  -8.161543e-03   0.000000e+00
 0.000000e+00   0.000000e+00   4.592561e-05   0.000000e+00   0.000000e+00  -6.916764e-06  -8.161543e-03   4.447145e-02   0.000000e+00
-6.355459e-06  -6.451815e-05   0.000000e+00  -1.779580e-05  -3.037259e-05   0.000000e+00   0.000000e+00   0.000000e+00   4.438869e-02

# timestamp: 1774889707.5442152
 9.146995e-04   1.083787e-08   0.000000e+00   2.428062e-04  -1.708368e-08   0.000000e+00   0.000000e+00   0.000000e+00   1.304624e-05
 1.083787e-08   9.169315e-04   0.000000e+00  -2.485880e-08   2.431973e-04   0.000000e+00   0.000000e+00   0.000000e+00   5.836853e-05
 0.000000e+00   0.000000e+00   9.211174e-04   0.000000e+00   0.000000e+00   2.510446e-04   1.645784e-03  -8.436012e-05   0.000000e+00
 2.428062e-04  -2.485880e-08   0.000000e+00   3.892828e-04  -2.926059e-08   0.000000e+00   0.000000e+00   0.000000e+00   3.296239e-06
-1.708368e-08   2.431973e-04   0.000000e+00  -2.926059e-08   3.891790e-04   0.000000e+00   0.000000e+00   0.000000e+00  -6.340370e-06
 0.000000e+00   0.000000e+00   2.510446e-04   0.000000e+00   0.000000e+00   4.041155e-04   3.302718e-03  -4.547810e-05   0.000000e+00
 0.000000e+00   0.000000e+00   1.645784e-03   0.000000e+00   0.000000e+00   3.302718e-03   9.170076e-01  -1.368460e-02   0.000000e+00
 0.000000e+00   0.000000e+00  -8.436012e-05   0.000000e+00   0.000000e+00  -4.547810e-05  -1.368460e-02   4.643149e-02   0.000000e+00
 1.304624e-05   5.836853e-05   0.000000e+00   3.296239e-06  -6.340370e-06   0.000000e+00   0.000000e+00   0.000000e+00   4.621097e-02

# timestamp: 1774889707.577305
 8.188600e-04   4.775783e-08   0.000000e+00   2.173352e-04  -5.997809e-09   0.000000e+00   0.000000e+00   0.000000e+00   1.416308e-05
 4.775783e-08   8.211790e-04   0.000000e+00  -6.150165e-09   2.177586e-04   0.000000e+00   0.000000e+00   0.000000e+00   1.086712e-04
 0.000000e+00   0.000000e+00   8.244132e-04   0.000000e+00   0.000000e+00   2.243640e-04   1.429495e-03  -1.414103e-04   0.000000e+00
 2.173352e-04  -6.150165e-09   0.000000e+00   3.824277e-04  -2.462157e-08   0.000000e+00   0.000000e+00   0.000000e+00   5.767178e-06
-5.997809e-09   2.177586e-04   0.000000e+00  -2.462157e-08   3.823391e-04   0.000000e+00   0.000000e+00   0.000000e+00   9.026577e-06
 0.000000e+00   0.000000e+00   2.243640e-04   0.000000e+00   0.000000e+00   3.960501e-04   3.142769e-03  -8.050329e-05   0.000000e+00
 0.000000e+00   0.000000e+00   1.429495e-03   0.000000e+00   0.000000e+00   3.142769e-03   9.158645e-01  -2.015545e-02   0.000000e+00
 0.000000e+00   0.000000e+00  -1.414103e-04   0.000000e+00   0.000000e+00  -8.050329e-05  -2.015545e-02   4.024080e-02   0.000000e+00
 1.416308e-05   1.086712e-04   0.000000e+00   5.767178e-06   9.026577e-06   0.000000e+00   0.000000e+00   0.000000e+00   3.976718e-02

# timestamp: 1774889707.6202853
 8.844402e-04   4.727970e-08   0.000000e+00   2.347321e-04  -8.304354e-09   0.000000e+00   0.000000e+00   0.000000e+00   1.447785e-05
 4.727970e-08   8.867970e-04   0.000000e+00   7.309691e-10   2.351414e-04   0.000000e+00   0.000000e+00   0.000000e+00   1.090173e-04
 0.000000e+00   0.000000e+00   8.906516e-04   0.000000e+00   0.000000e+00   2.422436e-04   1.570211e-03  -1.449576e-04   0.000000e+00
 2.347321e-04   7.309691e-10   0.000000e+00   3.869452e-04  -2.469533e-08   0.000000e+00   0.000000e+00   0.000000e+00   8.887175e-06
-8.304354e-09   2.351414e-04   0.000000e+00  -2.469533e-08   3.868543e-04   0.000000e+00   0.000000e+00   0.000000e+00   5.484736e-06
 0.000000e+00   0.000000e+00   2.422436e-04   0.000000e+00   0.000000e+00   4.000973e-04   3.073666e-03  -7.544261e-05   0.000000e+00
 0.000000e+00   0.000000e+00   1.570211e-03   0.000000e+00   0.000000e+00   3.073666e-03   9.203810e-01  -2.015545e-02   0.000000e+00
 0.000000e+00   0.000000e+00  -1.449576e-04   0.000000e+00   0.000000e+00  -7.544261e-05  -2.015545e-02   4.475723e-02   0.000000e+00
 1.447785e-05   1.090173e-04   0.000000e+00   8.887175e-06   5.484736e-06   0.000000e+00   0.000000e+00   0.000000e+00   4.428362e-02

# timestamp: 1774889707.8481207
 9.207886e-04   4.593184e-08   0.000000e+00   2.440683e-04  -6.408236e-09   0.000000e+00   0.000000e+00   0.000000e+00   7.237611e-06
 4.593184e-08   9.229808e-04   0.000000e+00   2.883975e-08   2.443969e-04   0.000000e+00   0.000000e+00   0.000000e+00   1.355077e-04
 0.000000e+00   0.000000e+00   9.277631e-04   0.000000e+00   0.000000e+00   2.514532e-04   1.807293e-03  -1.892354e-04   0.000000e+00
 2.440683e-04   2.883975e-08   0.000000e+00   3.889022e-04  -2.283824e-08   0.000000e+00   0.000000e+00   0.000000e+00   1.505468e-05
-6.408236e-09   2.443969e-04   0.000000e+00  -2.283824e-08   3.888130e-04   0.000000e+00   0.000000e+00   0.000000e+00   5.306877e-06
 0.000000e+00   0.000000e+00   2.514532e-04   0.000000e+00   0.000000e+00   3.992468e-04   2.667141e-03  -8.459885e-05   0.000000e+00
 0.000000e+00   0.000000e+00   1.807293e-03   0.000000e+00   0.000000e+00   2.667141e-03   9.402012e-01  -2.679731e-02   0.000000e+00
 0.000000e+00   0.000000e+00  -1.892354e-04   0.000000e+00   0.000000e+00  -8.459885e-05  -2.679731e-02   4.778158e-02   0.000000e+00
 7.237611e-06   1.355077e-04   0.000000e+00   1.505468e-05   5.306877e-06   0.000000e+00   0.000000e+00   0.000000e+00   4.697141e-02

# timestamp: 1774889707.8965678
 8.769379e-04   2.410272e-07   0.000000e+00   2.324163e-04   6.399603e-08   0.000000e+00   0.000000e+00   0.000000e+00  -1.919887e-05
 2.410272e-07   8.839690e-04   0.000000e+00  -1.002653e-07   2.344629e-04   0.000000e+00   0.000000e+00   0.000000e+00  -4.803315e-04
 0.000000e+00   0.000000e+00   8.889820e-04   0.000000e+00   0.000000e+00   2.416178e-04   1.905421e-03   4.249392e-04   0.000000e+00
 2.324163e-04  -1.002653e-07   0.000000e+00   3.857642e-04  -5.194205e-08   0.000000e+00   0.000000e+00   0.000000e+00   7.506147e-06
 6.399603e-08   2.344629e-04   0.000000e+00  -5.194205e-08   3.862476e-04   0.000000e+00   0.000000e+00   0.000000e+00  -1.562331e-04
 0.000000e+00   0.000000e+00   2.416178e-04   0.000000e+00   0.000000e+00   3.965133e-04   2.654705e-03   7.822902e-05   0.000000e+00
 0.000000e+00   0.000000e+00   1.905421e-03   0.000000e+00   0.000000e+00   2.654705e-03   9.425033e-01  -2.710106e-02   0.000000e+00
 0.000000e+00   0.000000e+00   4.249392e-04   0.000000e+00   0.000000e+00   7.822902e-05  -2.710106e-02   4.496264e-02   0.000000e+00
-1.919887e-05  -4.803315e-04   0.000000e+00   7.506147e-06  -1.562331e-04   0.000000e+00   0.000000e+00   0.000000e+00   4.413795e-02

# timestamp: 1774889707.9311178
 8.912999e-04   4.924583e-08   0.000000e+00   2.363099e-04  -4.715950e-09   0.000000e+00   0.000000e+00   0.000000e+00   6.833575e-06
 4.924583e-08   8.933259e-04   0.000000e+00   3.085765e-08   2.366024e-04   0.000000e+00   0.000000e+00   0.000000e+00   1.346394e-04
 0.000000e+00   0.000000e+00   8.977841e-04   0.000000e+00   0.000000e+00   2.430979e-04   1.748326e-03  -1.914048e-04   0.000000e+00
 2.363099e-04   3.085765e-08   0.000000e+00   3.866689e-04  -2.273241e-08   0.000000e+00   0.000000e+00   0.000000e+00   1.476592e-05
-4.715950e-09   2.366024e-04   0.000000e+00  -2.273241e-08   3.865823e-04   0.000000e+00   0.000000e+00   0.000000e+00   5.335091e-06
 0.000000e+00   0.000000e+00   2.430979e-04   0.000000e+00   0.000000e+00   3.960671e-04   2.522370e-03  -8.724466e-05   0.000000e+00
 0.000000e+00   0.000000e+00   1.748326e-03   0.000000e+00   0.000000e+00   2.522370e-03   9.471444e-01  -2.953813e-02   0.000000e+00
 0.000000e+00   0.000000e+00  -1.914048e-04   0.000000e+00   0.000000e+00  -8.724466e-05  -2.953813e-02   4.598482e-02   0.000000e+00
 6.833575e-06   1.346394e-04   0.000000e+00   1.476592e-05   5.335091e-06   0.000000e+00   0.000000e+00   0.000000e+00   4.501291e-02

# timestamp: 1774889708.1670835
 8.585630e-04   3.887746e-07   0.000000e+00   2.274777e-04   1.106350e-07   0.000000e+00   0.000000e+00   0.000000e+00  -2.997110e-05
 3.887746e-07   8.658286e-04   0.000000e+00  -3.221712e-08   2.296181e-04   0.000000e+00   0.000000e+00   0.000000e+00  -5.137817e-04
 0.000000e+00   0.000000e+00   8.706288e-04   0.000000e+00   0.000000e+00   2.357582e-04   1.892923e-03   4.395587e-04   0.000000e+00
 2.274777e-04  -3.221712e-08   0.000000e+00   3.839067e-04  -3.211065e-08   0.000000e+00   0.000000e+00   0.000000e+00   2.113276e-06
 1.106350e-07   2.296181e-04   0.000000e+00  -3.211065e-08   3.844582e-04   0.000000e+00   0.000000e+00   0.000000e+00  -1.654745e-04
 0.000000e+00   0.000000e+00   2.357582e-04   0.000000e+00   0.000000e+00   3.924102e-04   2.294001e-03   7.439245e-05   0.000000e+00
 0.000000e+00   0.000000e+00   1.892923e-03   0.000000e+00   0.000000e+00   2.294001e-03   9.660860e-01  -3.759868e-02   0.000000e+00
 0.000000e+00   0.000000e+00   4.395587e-04   0.000000e+00   0.000000e+00   7.439245e-05  -3.759868e-02   4.472631e-02   0.000000e+00
-2.997110e-05  -5.137817e-04   0.000000e+00   2.113276e-06  -1.654745e-04   0.000000e+00   0.000000e+00   0.000000e+00   4.318745e-02

# timestamp: 1774889708.2033796
 8.524096e-04   4.688689e-08   0.000000e+00   2.259288e-04  -7.075318e-09   0.000000e+00   0.000000e+00   0.000000e+00   9.206063e-06
 4.688689e-08   8.535975e-04   0.000000e+00   1.853021e-08   2.260420e-04   0.000000e+00   0.000000e+00   0.000000e+00   8.373941e-05
 0.000000e+00   0.000000e+00   8.570104e-04   0.000000e+00   0.000000e+00   2.309763e-04   1.495720e-03  -1.501499e-04   0.000000e+00
 2.259288e-04   1.853021e-08   0.000000e+00   3.834467e-04  -2.584158e-08   0.000000e+00   0.000000e+00   0.000000e+00   1.229399e-05
-7.075318e-09   2.260420e-04   0.000000e+00  -2.584158e-08   3.833549e-04   0.000000e+00   0.000000e+00   0.000000e+00  -6.702929e-06
 0.000000e+00   0.000000e+00   2.309763e-04   0.000000e+00   0.000000e+00   3.905042e-04   2.127386e-03  -8.758182e-05   0.000000e+00
 0.000000e+00   0.000000e+00   1.495720e-03   0.000000e+00   0.000000e+00   2.127386e-03   9.672260e-01  -4.138247e-02   0.000000e+00
 0.000000e+00   0.000000e+00  -1.501499e-04   0.000000e+00   0.000000e+00  -8.758182e-05  -4.138247e-02   4.449979e-02   0.000000e+00
 9.206063e-06   8.373941e-05   0.000000e+00   1.229399e-05  -6.702929e-06   0.000000e+00   0.000000e+00   0.000000e+00   4.264131e-02

# timestamp: 1774889708.2231755
 8.721840e-04   4.703921e-08   0.000000e+00   2.311466e-04  -7.627717e-09   0.000000e+00   0.000000e+00   0.000000e+00   9.374100e-06
 4.703921e-08   8.733749e-04   0.000000e+00   1.886444e-08   2.312567e-04   0.000000e+00   0.000000e+00   0.000000e+00   8.364532e-05
 0.000000e+00   0.000000e+00   8.769229e-04   0.000000e+00   0.000000e+00   2.362739e-04   1.524562e-03  -1.513341e-04   0.000000e+00
 2.311466e-04   1.886444e-08   0.000000e+00   3.848041e-04  -2.616849e-08   0.000000e+00   0.000000e+00   0.000000e+00   1.265199e-05
-7.627717e-09   2.312567e-04   0.000000e+00  -2.616849e-08   3.847123e-04   0.000000e+00   0.000000e+00   0.000000e+00  -7.641544e-06
 0.000000e+00   0.000000e+00   2.362739e-04   0.000000e+00   0.000000e+00   3.918228e-04   2.118557e-03  -8.626396e-05   0.000000e+00
 0.000000e+00   0.000000e+00   1.524562e-03   0.000000e+00   0.000000e+00   2.118557e-03   9.685831e-01  -4.138247e-02   0.000000e+00
 0.000000e+00   0.000000e+00  -1.513341e-04   0.000000e+00   0.000000e+00  -8.626396e-05  -4.138247e-02   4.585691e-02   0.000000e+00
 9.374100e-06   8.364532e-05   0.000000e+00   1.265199e-05  -7.641544e-06   0.000000e+00   0.000000e+00   0.000000e+00   4.399844e-02

# timestamp: 1774889708.249083
 9.152837e-04   4.735486e-08   0.000000e+00   2.424603e-04  -8.846106e-09   0.000000e+00   0.000000e+00   0.000000e+00   9.751540e-06
 4.735486e-08   9.164809e-04   0.000000e+00   1.956742e-08   2.425636e-04   0.000000e+00   0.000000e+00   0.000000e+00   8.340243e-05
 0.000000e+00   0.000000e+00   9.203280e-04   0.000000e+00   0.000000e+00   2.477571e-04   1.586350e-03  -1.538303e-04   0.000000e+00
 2.424603e-04   1.956742e-08   0.000000e+00   3.877293e-04  -2.692706e-08   0.000000e+00   0.000000e+00   0.000000e+00   1.346491e-05
-8.846106e-09   2.425636e-04   0.000000e+00  -2.692706e-08   3.876379e-04   0.000000e+00   0.000000e+00   0.000000e+00  -9.772917e-06
 0.000000e+00   0.000000e+00   2.477571e-04   0.000000e+00   0.000000e+00   3.946652e-04   2.099490e-03  -8.331525e-05   0.000000e+00
 0.000000e+00   0.000000e+00   1.586350e-03   0.000000e+00   0.000000e+00   2.099490e-03   9.715079e-01  -4.138247e-02   0.000000e+00
 0.000000e+00   0.000000e+00  -1.538303e-04   0.000000e+00   0.000000e+00  -8.331525e-05  -4.138247e-02   4.878171e-02   0.000000e+00
 9.751540e-06   8.340243e-05   0.000000e+00   1.346491e-05  -9.772917e-06   0.000000e+00   0.000000e+00   0.000000e+00   4.692324e-02

# timestamp: 1774889708.2834425
 7.994451e-04   3.118029e-08   0.000000e+00   2.117588e-04  -9.382287e-09   0.000000e+00   0.000000e+00   0.000000e+00   6.697476e-06
 3.118029e-08   8.002770e-04   0.000000e+00   1.110989e-08   2.118046e-04   0.000000e+00   0.000000e+00   0.000000e+00   5.535346e-05
 0.000000e+00   0.000000e+00   8.031893e-04   0.000000e+00   0.000000e+00   2.161540e-04   1.379590e-03  -1.225510e-04   0.000000e+00
 2.117588e-04   1.110989e-08   0.000000e+00   3.795611e-04  -2.703786e-08   0.000000e+00   0.000000e+00   0.000000e+00   1.087201e-05
-9.382287e-09   2.118046e-04   0.000000e+00  -2.703786e-08   3.794637e-04   0.000000e+00   0.000000e+00   0.000000e+00  -1.178321e-05
 0.000000e+00   0.000000e+00   2.161540e-04   0.000000e+00   0.000000e+00   3.859773e-04   2.010245e-03  -8.603227e-05   0.000000e+00
 0.000000e+00   0.000000e+00   1.379590e-03   0.000000e+00   0.000000e+00   2.010245e-03   9.710745e-01  -4.582925e-02   0.000000e+00
 0.000000e+00   0.000000e+00  -1.225510e-04   0.000000e+00   0.000000e+00  -8.603227e-05  -4.582925e-02   4.119234e-02   0.000000e+00
 6.697476e-06   5.535346e-05   0.000000e+00   1.087201e-05  -1.178321e-05   0.000000e+00   0.000000e+00   0.000000e+00   3.893262e-02

# timestamp: 1774889708.5581155
 9.142074e-04   2.076457e-07   0.000000e+00   2.415681e-04   2.977334e-08   0.000000e+00   0.000000e+00   0.000000e+00   1.939433e-05
 2.076457e-07   9.171731e-04   0.000000e+00   8.102182e-08   2.421062e-04   0.000000e+00   0.000000e+00   0.000000e+00   2.385089e-04
 0.000000e+00   0.000000e+00   9.204611e-04   0.000000e+00   0.000000e+00   2.460770e-04   1.436299e-03  -3.265489e-04   0.000000e+00
 2.415681e-04   8.102182e-08   0.000000e+00   3.868181e-04  -1.397435e-08   0.000000e+00   0.000000e+00   0.000000e+00   1.699824e-05
 2.977334e-08   2.421062e-04   0.000000e+00  -1.397435e-08   3.868631e-04   0.000000e+00   0.000000e+00   0.000000e+00   2.984841e-05
 0.000000e+00   0.000000e+00   2.460770e-04   0.000000e+00   0.000000e+00   3.917170e-04   1.632577e-03  -1.293613e-04   0.000000e+00
 0.000000e+00   0.000000e+00   1.436299e-03   0.000000e+00   0.000000e+00   1.632577e-03   9.926941e-01  -5.789203e-02   0.000000e+00
 0.000000e+00   0.000000e+00  -3.265489e-04   0.000000e+00   0.000000e+00  -1.293613e-04  -5.789203e-02   4.971943e-02   0.000000e+00
 1.939433e-05   2.385089e-04   0.000000e+00   1.699824e-05   2.984841e-05   0.000000e+00   0.000000e+00   0.000000e+00   4.617015e-02

# timestamp: 1774889708.6138349
 8.461573e-04   1.369871e-07   0.000000e+00   2.237524e-04   1.474455e-08   0.000000e+00   0.000000e+00   0.000000e+00   1.372115e-05
 1.369871e-07   8.481322e-04   0.000000e+00   4.755030e-08   2.240789e-04   0.000000e+00   0.000000e+00   0.000000e+00   1.612968e-04
 0.000000e+00   0.000000e+00   8.508693e-04   0.000000e+00   0.000000e+00   2.275609e-04   1.311835e-03  -2.472689e-04   0.000000e+00
 2.237524e-04   4.755030e-08   0.000000e+00   3.820813e-04  -2.019380e-08   0.000000e+00   0.000000e+00   0.000000e+00   1.332313e-05
 1.474455e-08   2.240789e-04   0.000000e+00  -2.019380e-08   3.820846e-04   0.000000e+00   0.000000e+00   0.000000e+00   1.367860e-05
 0.000000e+00   0.000000e+00   2.275609e-04   0.000000e+00   0.000000e+00   3.865734e-04   1.557536e-03  -1.152993e-04   0.000000e+00
 0.000000e+00   0.000000e+00   1.311835e-03   0.000000e+00   0.000000e+00   1.557536e-03   9.949663e-01  -6.252057e-02   0.000000e+00
 0.000000e+00   0.000000e+00  -2.472689e-04   0.000000e+00   0.000000e+00  -1.152993e-04  -6.252057e-02   4.600360e-02   0.000000e+00
 1.372115e-05   1.612968e-04   0.000000e+00   1.332313e-05   1.367860e-05   0.000000e+00   0.000000e+00   0.000000e+00   4.189423e-02

# timestamp: 1774889708.918723
 8.577312e-04   3.350636e-07   0.000000e+00   2.265409e-04   5.995900e-08   0.000000e+00   0.000000e+00   0.000000e+00   2.898828e-05
 3.350636e-07   8.619078e-04   0.000000e+00   1.345091e-07   2.274053e-04   0.000000e+00   0.000000e+00   0.000000e+00   3.265270e-04
 0.000000e+00   0.000000e+00   8.639975e-04   0.000000e+00   0.000000e+00   2.298666e-04   1.072965e-03  -4.086427e-04   0.000000e+00
 2.265409e-04   1.345091e-07   0.000000e+00   3.822933e-04   8.409781e-10   0.000000e+00   0.000000e+00   0.000000e+00   1.897388e-05
 5.995900e-08   2.274053e-04   0.000000e+00   8.409781e-10   3.824425e-04   0.000000e+00   0.000000e+00   0.000000e+00   6.000432e-05
 0.000000e+00   0.000000e+00   2.298666e-04   0.000000e+00   0.000000e+00   3.854311e-04   1.124008e-03  -1.450106e-04   0.000000e+00
 0.000000e+00   0.000000e+00   1.072965e-03   0.000000e+00   0.000000e+00   1.124008e-03   1.021531e+00  -7.340902e-02   0.000000e+00
 0.000000e+00   0.000000e+00  -4.086427e-04   0.000000e+00   0.000000e+00  -1.450106e-04  -7.340902e-02   4.814790e-02   0.000000e+00
 2.898828e-05   3.265270e-04   0.000000e+00   1.897388e-05   6.000432e-05   0.000000e+00   0.000000e+00   0.000000e+00   4.263899e-02

# timestamp: 1774889709.3191621
 8.412591e-04   3.072608e-07   0.000000e+00   2.222439e-04   5.206738e-08   0.000000e+00   0.000000e+00   0.000000e+00   2.604586e-05
 3.072608e-07   8.450121e-04   0.000000e+00   1.837146e-07   2.230133e-04   0.000000e+00   0.000000e+00   0.000000e+00   2.987570e-04
 0.000000e+00   0.000000e+00   8.463377e-04   0.000000e+00   0.000000e+00   2.242736e-04   7.742634e-04  -3.626385e-04   0.000000e+00
 2.222439e-04   1.837146e-07   0.000000e+00   3.807155e-04   8.888254e-09   0.000000e+00   0.000000e+00   0.000000e+00   2.579673e-05
 5.206738e-08   2.230133e-04   0.000000e+00   8.888254e-09   3.808475e-04   0.000000e+00   0.000000e+00   0.000000e+00   5.711567e-05
 0.000000e+00   0.000000e+00   2.242736e-04   0.000000e+00   0.000000e+00   3.823394e-04   3.554665e-04  -8.742588e-05   0.000000e+00
 0.000000e+00   0.000000e+00   7.742634e-04   0.000000e+00   0.000000e+00   3.554665e-04   1.057551e+00  -8.127314e-02   0.000000e+00
 0.000000e+00   0.000000e+00  -3.626385e-04   0.000000e+00   0.000000e+00  -8.742588e-05  -8.127314e-02   4.836897e-02   0.000000e+00
 2.604586e-05   2.987570e-04   0.000000e+00   2.579673e-05   5.711567e-05   0.000000e+00   0.000000e+00   0.000000e+00   4.186440e-02

# timestamp: 1774889709.395154
 8.221611e-04   2.087439e-07   0.000000e+00   2.173805e-04   2.832511e-08   0.000000e+00   0.000000e+00   0.000000e+00   1.931026e-05
 2.087439e-07   8.246639e-04   0.000000e+00   1.297017e-07   2.178545e-04   0.000000e+00   0.000000e+00   0.000000e+00   2.062864e-04
 0.000000e+00   0.000000e+00   8.257882e-04   0.000000e+00   0.000000e+00   2.189411e-04   6.913098e-04  -2.637942e-04   0.000000e+00
 2.173805e-04   1.297017e-07   0.000000e+00   3.794016e-04  -3.706577e-09   0.000000e+00   0.000000e+00   0.000000e+00   2.205305e-05
 2.832511e-08   2.178545e-04   0.000000e+00  -3.706577e-09   3.794665e-04   0.000000e+00   0.000000e+00   0.000000e+00   3.464304e-05
 0.000000e+00   0.000000e+00   2.189411e-04   0.000000e+00   0.000000e+00   3.808199e-04   2.594788e-04  -5.727082e-05   0.000000e+00
 0.000000e+00   0.000000e+00   6.913098e-04   0.000000e+00   0.000000e+00   2.594788e-04   1.064960e+00  -8.312949e-02   0.000000e+00
 0.000000e+00   0.000000e+00  -2.637942e-04   0.000000e+00   0.000000e+00  -5.727082e-05  -8.312949e-02   4.765492e-02   0.000000e+00
 1.931026e-05   2.062864e-04   0.000000e+00   2.205305e-05   3.464304e-05   0.000000e+00   0.000000e+00   0.000000e+00   4.090572e-02

# timestamp: 1774889709.6278281
 8.659467e-04   1.999347e-07   0.000000e+00   2.286146e-04   2.780554e-08   0.000000e+00   0.000000e+00   0.000000e+00   1.582868e-05
 1.999347e-07   8.685031e-04   0.000000e+00   9.109909e-08   2.291221e-04   0.000000e+00   0.000000e+00   0.000000e+00   2.093891e-04
 0.000000e+00   0.000000e+00   8.695848e-04   0.000000e+00   0.000000e+00   2.300929e-04   6.823827e-04  -2.668766e-04   0.000000e+00
 2.286146e-04   9.109909e-08   0.000000e+00   3.821509e-04  -9.369526e-09   0.000000e+00   0.000000e+00   0.000000e+00   1.439910e-05
 2.780554e-08   2.291221e-04   0.000000e+00  -9.369526e-09   3.822372e-04   0.000000e+00   0.000000e+00   0.000000e+00   3.829231e-05
 0.000000e+00   0.000000e+00   2.300929e-04   0.000000e+00   0.000000e+00   3.834077e-04   2.052981e-04  -5.632401e-05   0.000000e+00
 0.000000e+00   0.000000e+00   6.823827e-04   0.000000e+00   0.000000e+00   2.052981e-04   1.087591e+00  -8.607407e-02   0.000000e+00
 0.000000e+00   0.000000e+00  -2.668766e-04   0.000000e+00   0.000000e+00  -5.632401e-05  -8.607407e-02   5.073225e-02   0.000000e+00
 1.582868e-05   2.093891e-04   0.000000e+00   1.439910e-05   3.829231e-05   0.000000e+00   0.000000e+00   0.000000e+00   4.363475e-02

# timestamp: 1774889709.6716452
 7.847093e-04   1.349123e-07   0.000000e+00   2.070091e-04   1.406950e-08   0.000000e+00   0.000000e+00   0.000000e+00   1.094870e-05
 1.349123e-07   7.864198e-04   0.000000e+00   5.587717e-08   2.073265e-04   0.000000e+00   0.000000e+00   0.000000e+00   1.405004e-04
 0.000000e+00   0.000000e+00   7.872588e-04   0.000000e+00   0.000000e+00   2.081595e-04   5.939575e-04  -1.915593e-04   0.000000e+00
 2.070091e-04   5.587717e-08   0.000000e+00   3.763823e-04  -1.618505e-08   0.000000e+00   0.000000e+00   0.000000e+00   1.013145e-05
 1.406950e-08   2.073265e-04   0.000000e+00  -1.618505e-08   3.764279e-04   0.000000e+00   0.000000e+00   0.000000e+00   2.315510e-05
 0.000000e+00   0.000000e+00   2.081595e-04   0.000000e+00   0.000000e+00   3.775227e-04   1.987964e-04  -4.071105e-05   0.000000e+00
 0.000000e+00   0.000000e+00   5.939575e-04   0.000000e+00   0.000000e+00   1.987964e-04   1.090953e+00  -8.908004e-02   0.000000e+00
 0.000000e+00   0.000000e+00  -1.915593e-04   0.000000e+00   0.000000e+00  -4.071105e-05  -8.908004e-02   4.547366e-02   0.000000e+00
 1.094870e-05   1.405004e-04   0.000000e+00   1.013145e-05   2.315510e-05   0.000000e+00   0.000000e+00   0.000000e+00   3.793686e-02

# timestamp: 1774889709.7121427
 8.428915e-04   1.377000e-07   0.000000e+00   2.224360e-04   1.323649e-08   0.000000e+00   0.000000e+00   0.000000e+00   1.135262e-05
 1.377000e-07   8.446279e-04   0.000000e+00   5.312701e-08   2.227534e-04   0.000000e+00   0.000000e+00   0.000000e+00   1.414343e-04
 0.000000e+00   0.000000e+00   8.455368e-04   0.000000e+00   0.000000e+00   2.236391e-04   6.022624e-04  -1.932252e-04   0.000000e+00
 2.224360e-04   5.312701e-08   0.000000e+00   3.804524e-04  -1.666936e-08   0.000000e+00   0.000000e+00   0.000000e+00   9.532194e-06
 1.323649e-08   2.227534e-04   0.000000e+00  -1.666936e-08   3.804975e-04   0.000000e+00   0.000000e+00   0.000000e+00   2.255012e-05
 0.000000e+00   0.000000e+00   2.236391e-04   0.000000e+00   0.000000e+00   3.815979e-04   2.136219e-04  -4.130951e-05   0.000000e+00
 0.000000e+00   0.000000e+00   6.022624e-04   0.000000e+00   0.000000e+00   2.136219e-04   1.095023e+00  -8.908004e-02   0.000000e+00
 0.000000e+00   0.000000e+00  -1.932252e-04   0.000000e+00   0.000000e+00  -4.130951e-05  -8.908004e-02   4.954399e-02   0.000000e+00
 1.135262e-05   1.414343e-04   0.000000e+00   9.532194e-06   2.255012e-05   0.000000e+00   0.000000e+00   0.000000e+00   4.200719e-02

# timestamp: 1774889709.961912
 8.435710e-04   7.732599e-07   0.000000e+00   2.225279e-04   2.103131e-07   0.000000e+00   0.000000e+00   0.000000e+00  -5.950731e-05
 7.732599e-07   8.499551e-04   0.000000e+00   1.539764e-07   2.243391e-04   0.000000e+00   0.000000e+00   0.000000e+00  -4.789646e-04
 0.000000e+00   0.000000e+00   8.510533e-04   0.000000e+00   0.000000e+00   2.251585e-04   8.059524e-04   4.056477e-04   0.000000e+00
 2.225279e-04   1.539764e-07   0.000000e+00   3.803472e-04   2.070765e-08   0.000000e+00   0.000000e+00   0.000000e+00  -1.197622e-05
 2.103131e-07   2.243391e-04   0.000000e+00   2.070765e-08   3.808664e-04   0.000000e+00   0.000000e+00   0.000000e+00  -1.442675e-04
 0.000000e+00   0.000000e+00   2.251585e-04   0.000000e+00   0.000000e+00   3.818132e-04   2.191574e-04   1.243899e-04   0.000000e+00
 0.000000e+00   0.000000e+00   8.059524e-04   0.000000e+00   0.000000e+00   2.191574e-04   1.106575e+00  -1.054891e-01   0.000000e+00
 0.000000e+00   0.000000e+00   4.056477e-04   0.000000e+00   0.000000e+00   1.243899e-04  -1.054891e-01   5.290986e-02   0.000000e+00
-5.950731e-05  -4.789646e-04   0.000000e+00  -1.197622e-05  -1.442675e-04   0.000000e+00   0.000000e+00   0.000000e+00   4.244262e-02

# timestamp: 1774889709.9916627
 8.176942e-04   1.830202e-07   0.000000e+00   2.156823e-04   2.300403e-08   0.000000e+00   0.000000e+00   0.000000e+00   1.871054e-05
 1.830202e-07   8.193233e-04   0.000000e+00   5.051802e-08   2.159822e-04   0.000000e+00   0.000000e+00   0.000000e+00   1.382244e-04
 0.000000e+00   0.000000e+00   8.198636e-04   0.000000e+00   0.000000e+00   2.166198e-04   2.895832e-04  -1.696872e-04   0.000000e+00
 2.156823e-04   5.051802e-08   0.000000e+00   3.785262e-04  -1.468809e-08   0.000000e+00   0.000000e+00   0.000000e+00   8.553711e-06
 2.300403e-08   2.159822e-04   0.000000e+00  -1.468809e-08   3.785801e-04   0.000000e+00   0.000000e+00   0.000000e+00   1.848472e-05
 0.000000e+00   0.000000e+00   2.166198e-04   0.000000e+00   0.000000e+00   3.794578e-04   6.385107e-05  -2.577883e-05   0.000000e+00
 0.000000e+00   0.000000e+00   2.895832e-04   0.000000e+00   0.000000e+00   6.385107e-05   1.106134e+00  -1.094332e-01   0.000000e+00
 0.000000e+00   0.000000e+00  -1.696872e-04   0.000000e+00   0.000000e+00  -2.577883e-05  -1.094332e-01   5.166241e-02   0.000000e+00
 1.871054e-05   1.382244e-04   0.000000e+00   8.553711e-06   1.848472e-05   0.000000e+00   0.000000e+00   0.000000e+00   4.041502e-02

# timestamp: 1774889710.0142548
 8.773938e-04   1.860500e-07   0.000000e+00   2.314153e-04   2.117785e-08   0.000000e+00   0.000000e+00   0.000000e+00   1.907482e-05
 1.860500e-07   8.790475e-04   0.000000e+00   5.278453e-08   2.317082e-04   0.000000e+00   0.000000e+00   0.000000e+00   1.389517e-04
 0.000000e+00   0.000000e+00   8.796417e-04   0.000000e+00   0.000000e+00   2.323738e-04   2.918261e-04  -1.706764e-04   0.000000e+00
 2.314153e-04   5.278453e-08   0.000000e+00   3.826521e-04  -1.491114e-08   0.000000e+00   0.000000e+00   0.000000e+00   9.449730e-06
 2.117785e-08   2.317082e-04   0.000000e+00  -1.491114e-08   3.827035e-04   0.000000e+00   0.000000e+00   0.000000e+00   1.570760e-05
 0.000000e+00   0.000000e+00   2.323738e-04   0.000000e+00   0.000000e+00   3.835784e-04   3.383982e-05  -2.001137e-05   0.000000e+00
 0.000000e+00   0.000000e+00   2.918261e-04   0.000000e+00   0.000000e+00   3.383982e-05   1.110260e+00  -1.094332e-01   0.000000e+00
 0.000000e+00   0.000000e+00  -1.706764e-04   0.000000e+00   0.000000e+00  -2.001137e-05  -1.094332e-01   5.578796e-02   0.000000e+00
 1.907482e-05   1.389517e-04   0.000000e+00   9.449730e-06   1.570760e-05   0.000000e+00   0.000000e+00   0.000000e+00   4.454057e-02

# timestamp: 1774889710.2899444
 8.187885e-04   1.543070e-07   0.000000e+00   2.157183e-04   1.664559e-08   0.000000e+00   0.000000e+00   0.000000e+00   1.211705e-05
 1.543070e-07   8.202648e-04   0.000000e+00   4.991872e-08   2.159767e-04   0.000000e+00   0.000000e+00   0.000000e+00   1.245518e-04
 0.000000e+00   0.000000e+00   8.207134e-04   0.000000e+00   0.000000e+00   2.164328e-04   2.756030e-04  -1.554096e-04   0.000000e+00
 2.157183e-04   4.991872e-08   0.000000e+00   3.783687e-04  -1.543921e-08   0.000000e+00   0.000000e+00   0.000000e+00   1.028101e-05
 1.664559e-08   2.159767e-04   0.000000e+00  -1.543921e-08   3.784252e-04   0.000000e+00   0.000000e+00   0.000000e+00   9.679775e-06
 0.000000e+00   0.000000e+00   2.164328e-04   0.000000e+00   0.000000e+00   3.791822e-04  -2.129805e-04   1.215789e-05   0.000000e+00
 0.000000e+00   0.000000e+00   2.756030e-04   0.000000e+00   0.000000e+00  -2.129805e-04   1.133331e+00  -1.175239e-01   0.000000e+00
 0.000000e+00   0.000000e+00  -1.554096e-04   0.000000e+00   0.000000e+00   1.215789e-05  -1.175239e-01   5.298498e-02   0.000000e+00
 1.211705e-05   1.245518e-04   0.000000e+00   1.028101e-05   9.679775e-06   0.000000e+00   0.000000e+00   0.000000e+00   4.034475e-02

# timestamp: 1774889710.3365052
 8.799181e-04   1.571158e-07   0.000000e+00   2.318048e-04   1.530700e-08   0.000000e+00   0.000000e+00   0.000000e+00   1.256361e-05
 1.571158e-07   8.814161e-04   0.000000e+00   5.144107e-08   2.320585e-04   0.000000e+00   0.000000e+00   0.000000e+00   1.249217e-04
 0.000000e+00   0.000000e+00   8.819044e-04   0.000000e+00   0.000000e+00   2.325404e-04   2.661658e-04  -1.548110e-04   0.000000e+00
 2.318048e-04   5.144107e-08   0.000000e+00   3.825922e-04  -1.587464e-08   0.000000e+00   0.000000e+00   0.000000e+00   1.103070e-05
 1.530700e-08   2.320585e-04   0.000000e+00  -1.587464e-08   3.826474e-04   0.000000e+00   0.000000e+00   0.000000e+00   7.326531e-06
 0.000000e+00   0.000000e+00   2.325404e-04   0.000000e+00   0.000000e+00   3.834149e-04  -2.392867e-04   1.725930e-05   0.000000e+00
 0.000000e+00   0.000000e+00   2.661658e-04   0.000000e+00   0.000000e+00  -2.392867e-04   1.137554e+00  -1.175239e-01   0.000000e+00
 0.000000e+00   0.000000e+00  -1.548110e-04   0.000000e+00   0.000000e+00   1.725930e-05  -1.175239e-01   5.720812e-02   0.000000e+00
 1.256361e-05   1.249217e-04   0.000000e+00   1.103070e-05   7.326531e-06   0.000000e+00   0.000000e+00   0.000000e+00   4.456788e-02

# timestamp: 1774889710.3616965
 8.443467e-04   6.891077e-07   0.000000e+00   2.223534e-04   1.930735e-07   0.000000e+00   0.000000e+00   0.000000e+00  -5.122455e-05
 6.891077e-07   8.506979e-04   0.000000e+00   8.753100e-08   2.242460e-04   0.000000e+00   0.000000e+00   0.000000e+00  -4.751895e-04
 0.000000e+00   0.000000e+00   8.511967e-04   0.000000e+00   0.000000e+00   2.247047e-04   2.946030e-04   4.494386e-04   0.000000e+00
 2.223534e-04   8.753100e-08   0.000000e+00   3.800738e-04   3.819736e-09   0.000000e+00   0.000000e+00   0.000000e+00  -6.164227e-06
 1.930735e-07   2.242460e-04   0.000000e+00   3.819736e-09   3.806558e-04   0.000000e+00   0.000000e+00   0.000000e+00  -1.494350e-04
 0.000000e+00   0.000000e+00   2.247047e-04   0.000000e+00   0.000000e+00   3.814117e-04  -2.485210e-04   1.771617e-04   0.000000e+00
 0.000000e+00   0.000000e+00   2.946030e-04   0.000000e+00   0.000000e+00  -2.485210e-04   1.140305e+00  -1.178210e-01   0.000000e+00
 0.000000e+00   0.000000e+00   4.494386e-04   0.000000e+00   0.000000e+00   1.771617e-04  -1.178210e-01   5.488252e-02   0.000000e+00
-5.122455e-05  -4.751895e-04   0.000000e+00  -6.164227e-06  -1.494350e-04   0.000000e+00   0.000000e+00   0.000000e+00   4.223751e-02

# timestamp: 1774889710.5727408
 9.235969e-04   3.311248e-06   0.000000e+00   2.427333e-04   9.371181e-07   0.000000e+00   0.000000e+00   0.000000e+00  -1.339705e-04
 3.311248e-06   9.496328e-04   0.000000e+00   6.733239e-07   2.502202e-04   0.000000e+00   0.000000e+00   0.000000e+00  -1.062064e-03
 0.000000e+00   0.000000e+00   9.507381e-04   0.000000e+00   0.000000e+00   2.506783e-04   6.933774e-04   1.000201e-03   0.000000e+00
 2.427333e-04   6.733239e-07   0.000000e+00   3.852793e-04   1.729356e-07   0.000000e+00   0.000000e+00   0.000000e+00  -2.791419e-05
 9.371181e-07   2.502202e-04   0.000000e+00   1.729356e-07   3.874490e-04   0.000000e+00   0.000000e+00   0.000000e+00  -3.066179e-04
 0.000000e+00   0.000000e+00   2.506783e-04   0.000000e+00   0.000000e+00   3.881629e-04  -2.338261e-04   3.365320e-04   0.000000e+00
 0.000000e+00   0.000000e+00   6.933774e-04   0.000000e+00   0.000000e+00  -2.338261e-04   1.158285e+00  -1.240836e-01   0.000000e+00
 0.000000e+00   0.000000e+00   1.000201e-03   0.000000e+00   0.000000e+00   3.365320e-04  -1.240836e-01   6.210394e-02   0.000000e+00
-1.339705e-04  -1.062064e-03   0.000000e+00  -2.791419e-05  -3.066179e-04   0.000000e+00   0.000000e+00   0.000000e+00   4.822889e-02

# timestamp: 1774889710.6091805
 8.976101e-04   4.712264e-07   0.000000e+00   2.358833e-04   1.298269e-07   0.000000e+00   0.000000e+00   0.000000e+00  -2.629013e-05
 4.712264e-07   9.018056e-04   0.000000e+00   4.804279e-08   2.371607e-04   0.000000e+00   0.000000e+00   0.000000e+00  -2.608586e-04
 0.000000e+00   0.000000e+00   9.022196e-04   0.000000e+00   0.000000e+00   2.375978e-04   1.101263e-04   2.514524e-04   0.000000e+00
 2.358833e-04   4.804279e-08   0.000000e+00   3.834665e-04  -6.832382e-09   0.000000e+00   0.000000e+00   0.000000e+00  -3.037486e-07
 1.298269e-07   2.371607e-04   0.000000e+00  -6.832382e-09   3.838804e-04   0.000000e+00   0.000000e+00   0.000000e+00  -9.414957e-05
 0.000000e+00   0.000000e+00   2.375978e-04   0.000000e+00   0.000000e+00   3.846323e-04  -4.015673e-04   1.406504e-04   0.000000e+00
 0.000000e+00   0.000000e+00   1.101263e-04   0.000000e+00   0.000000e+00  -4.015673e-04   1.158672e+00  -1.283295e-01   0.000000e+00
 0.000000e+00   0.000000e+00   2.514524e-04   0.000000e+00   0.000000e+00   1.406504e-04  -1.283295e-01   6.007564e-02   0.000000e+00
-2.629013e-05  -2.608586e-04   0.000000e+00  -3.037486e-07  -9.414957e-05   0.000000e+00   0.000000e+00   0.000000e+00   4.527863e-02

# timestamp: 1774889710.6363392
 9.505645e-04   4.775546e-07   0.000000e+00   2.496330e-04   1.311907e-07   0.000000e+00   0.000000e+00   0.000000e+00  -2.629654e-05
 4.775546e-07   9.548520e-04   0.000000e+00   4.589731e-08   2.509416e-04   0.000000e+00   0.000000e+00   0.000000e+00  -2.642526e-04
 0.000000e+00   0.000000e+00   9.552981e-04   0.000000e+00   0.000000e+00   2.514044e-04   9.559777e-05   2.565281e-04   0.000000e+00
 2.496330e-04   4.589731e-08   0.000000e+00   3.870312e-04  -7.512192e-09   0.000000e+00   0.000000e+00   0.000000e+00   3.837218e-08
 1.311907e-07   2.509416e-04   0.000000e+00  -7.512192e-09   3.874569e-04   0.000000e+00   0.000000e+00   0.000000e+00  -9.707093e-05
 0.000000e+00   0.000000e+00   2.514044e-04   0.000000e+00   0.000000e+00   3.882206e-04  -4.178119e-04   1.454050e-04   0.000000e+00
 0.000000e+00   0.000000e+00   9.559777e-05   0.000000e+00   0.000000e+00  -4.178119e-04   1.162237e+00  -1.283295e-01   0.000000e+00
 0.000000e+00   0.000000e+00   2.565281e-04   0.000000e+00   0.000000e+00   1.454050e-04  -1.283295e-01   6.364041e-02   0.000000e+00
-2.629654e-05  -2.642526e-04   0.000000e+00   3.837218e-08  -9.707093e-05   0.000000e+00   0.000000e+00   0.000000e+00   4.884340e-02

# timestamp: 1774889710.6775882
 9.091582e-04   2.480244e-06   0.000000e+00   2.386973e-04   7.112723e-07   0.000000e+00   0.000000e+00   0.000000e+00  -1.131148e-04
 2.480244e-06   9.278285e-04   0.000000e+00   4.771539e-07   2.441618e-04   0.000000e+00   0.000000e+00   0.000000e+00  -8.507800e-04
 0.000000e+00   0.000000e+00   9.287098e-04   0.000000e+00   0.000000e+00   2.445451e-04   5.724370e-04   7.969667e-04   0.000000e+00
 2.386973e-04   4.771539e-07   0.000000e+00   3.841361e-04   1.199832e-07   0.000000e+00   0.000000e+00   0.000000e+00  -2.273860e-05
 7.112723e-07   2.441618e-04   0.000000e+00   1.199832e-07   3.857529e-04   0.000000e+00   0.000000e+00   0.000000e+00  -2.504219e-04
 0.000000e+00   0.000000e+00   2.445451e-04   0.000000e+00   0.000000e+00   3.864576e-04  -3.166060e-04   2.911259e-04   0.000000e+00
 0.000000e+00   0.000000e+00   5.724370e-04   0.000000e+00   0.000000e+00  -3.166060e-04   1.161546e+00  -1.321429e-01   0.000000e+00
 0.000000e+00   0.000000e+00   7.969667e-04   0.000000e+00   0.000000e+00   2.911259e-04  -1.321429e-01   6.223856e-02   0.000000e+00
-1.131148e-04  -8.507800e-04   0.000000e+00  -2.273860e-05  -2.504219e-04   0.000000e+00   0.000000e+00   0.000000e+00   4.656851e-02

# timestamp: 1774889710.9123616
 8.757700e-04   3.328898e-07   0.000000e+00   2.297173e-04   6.176192e-08   0.000000e+00   0.000000e+00   0.000000e+00   2.498843e-05
 3.328898e-07   8.783392e-04   0.000000e+00   3.961638e-08   2.304207e-04   0.000000e+00   0.000000e+00   0.000000e+00   2.447000e-05
 0.000000e+00   0.000000e+00   8.790660e-04   0.000000e+00   0.000000e+00   2.313582e-04  -6.834127e-04   7.145802e-05   0.000000e+00
 2.297173e-04   3.961638e-08   0.000000e+00   3.817118e-04  -2.081107e-08   0.000000e+00   0.000000e+00   0.000000e+00   1.796969e-05
 6.176192e-08   2.304207e-04   0.000000e+00  -2.081107e-08   3.819445e-04   0.000000e+00   0.000000e+00   0.000000e+00  -2.325165e-05
 0.000000e+00   0.000000e+00   2.313582e-04   0.000000e+00   0.000000e+00   3.832257e-04  -9.439336e-04   1.579037e-04   0.000000e+00
 0.000000e+00   0.000000e+00  -6.834127e-04   0.000000e+00   0.000000e+00  -9.439336e-04   1.144167e+00  -1.602728e-01   0.000000e+00
 0.000000e+00   0.000000e+00   7.145802e-05   0.000000e+00   0.000000e+00   1.579037e-04  -1.602728e-01   6.694299e-02   0.000000e+00
 2.498843e-05   2.447000e-05   0.000000e+00   1.796969e-05  -2.325165e-05   0.000000e+00   0.000000e+00   0.000000e+00   4.357348e-02

# timestamp: 1774889710.935613
 9.059209e-04   3.349603e-07   0.000000e+00   2.375899e-04   6.010407e-08   0.000000e+00   0.000000e+00   0.000000e+00   2.536612e-05
 3.349603e-07   9.085191e-04   0.000000e+00   3.984932e-08   2.382962e-04   0.000000e+00   0.000000e+00   0.000000e+00   2.397755e-05
 0.000000e+00   0.000000e+00   9.092853e-04   0.000000e+00   0.000000e+00   2.392846e-04  -7.030788e-04   7.475543e-05   0.000000e+00
 2.375899e-04   3.984932e-08   0.000000e+00   3.837677e-04  -2.238575e-08   0.000000e+00   0.000000e+00   0.000000e+00   1.921906e-05
 6.010407e-08   2.382962e-04   0.000000e+00  -2.238575e-08   3.840017e-04   0.000000e+00   0.000000e+00   0.000000e+00  -2.542369e-05
 0.000000e+00   0.000000e+00   2.392846e-04   0.000000e+00   0.000000e+00   3.853498e-04  -9.835209e-04   1.656601e-04   0.000000e+00
 0.000000e+00   0.000000e+00  -7.030788e-04   0.000000e+00   0.000000e+00  -9.835209e-04   1.146222e+00  -1.602728e-01   0.000000e+00
 0.000000e+00   0.000000e+00   7.475543e-05   0.000000e+00   0.000000e+00   1.656601e-04  -1.602728e-01   6.899784e-02   0.000000e+00
 2.536612e-05   2.397755e-05   0.000000e+00   1.921906e-05  -2.542369e-05   0.000000e+00   0.000000e+00   0.000000e+00   4.562834e-02

# timestamp: 1774889710.978487
 8.292745e-04   3.541418e-07   0.000000e+00   2.174847e-04   6.465302e-08   0.000000e+00   0.000000e+00   0.000000e+00   2.869030e-05
 3.541418e-07   8.317405e-04   0.000000e+00   5.772991e-08   2.181277e-04   0.000000e+00   0.000000e+00   0.000000e+00   7.549773e-05
 0.000000e+00   0.000000e+00   8.324015e-04   0.000000e+00   0.000000e+00   2.190721e-04  -6.604170e-04   2.125334e-05   0.000000e+00
 2.174847e-04   5.772991e-08   0.000000e+00   3.784886e-04  -1.847665e-08   0.000000e+00   0.000000e+00   0.000000e+00   1.980721e-05
 6.465302e-08   2.181277e-04   0.000000e+00  -1.847665e-08   3.786992e-04   0.000000e+00   0.000000e+00   0.000000e+00  -1.005200e-05
 0.000000e+00   0.000000e+00   2.190721e-04   0.000000e+00   0.000000e+00   3.801522e-04  -1.058090e-03   1.688735e-04   0.000000e+00
 0.000000e+00   0.000000e+00  -6.604170e-04   0.000000e+00   0.000000e+00  -1.058090e-03   1.141811e+00  -1.687639e-01   0.000000e+00
 0.000000e+00   0.000000e+00   2.125334e-05   0.000000e+00   0.000000e+00   1.688735e-04  -1.687639e-01   6.636283e-02   0.000000e+00
 2.869030e-05   7.549773e-05   0.000000e+00   1.980721e-05  -1.005200e-05   0.000000e+00   0.000000e+00   0.000000e+00   4.047595e-02

# timestamp: 1774889711.0049152
 8.595579e-04   3.567071e-07   0.000000e+00   2.254585e-04   6.279229e-08   0.000000e+00   0.000000e+00   0.000000e+00   2.911434e-05
 3.567071e-07   8.620509e-04   0.000000e+00   5.952270e-08   2.261013e-04   0.000000e+00   0.000000e+00   0.000000e+00   7.527228e-05
 0.000000e+00   0.000000e+00   8.627525e-04   0.000000e+00   0.000000e+00   2.271013e-04  -6.829122e-04   2.485500e-05   0.000000e+00
 2.254585e-04   5.952270e-08   0.000000e+00   3.805885e-04  -1.983054e-08   0.000000e+00   0.000000e+00   0.000000e+00   2.102437e-05
 6.279229e-08   2.261013e-04   0.000000e+00  -1.983054e-08   3.807991e-04   0.000000e+00   0.000000e+00   0.000000e+00  -1.216803e-05
 0.000000e+00   0.000000e+00   2.271013e-04   0.000000e+00   0.000000e+00   3.823311e-04  -1.099839e-03   1.772019e-04   0.000000e+00
 0.000000e+00   0.000000e+00  -6.829122e-04   0.000000e+00   0.000000e+00  -1.099839e-03   1.143910e+00  -1.687639e-01   0.000000e+00
 0.000000e+00   0.000000e+00   2.485500e-05   0.000000e+00   0.000000e+00   1.772019e-04  -1.687639e-01   6.846156e-02   0.000000e+00
 2.911434e-05   7.527228e-05   0.000000e+00   2.102437e-05  -1.216803e-05   0.000000e+00   0.000000e+00   0.000000e+00   4.257468e-02

# timestamp: 1774889711.2393732
 8.810040e-04   3.887437e-07   0.000000e+00   2.311309e-04   5.528081e-08   0.000000e+00   0.000000e+00   0.000000e+00   3.585353e-05
 3.887437e-07   8.834485e-04   0.000000e+00   1.047069e-07   2.316755e-04   0.000000e+00   0.000000e+00   0.000000e+00   1.327324e-04
 0.000000e+00   0.000000e+00   8.842782e-04   0.000000e+00   0.000000e+00   2.330922e-04  -8.011644e-04  -8.746654e-06   0.000000e+00
 2.311309e-04   1.047069e-07   0.000000e+00   3.820860e-04  -2.433107e-08   0.000000e+00   0.000000e+00   0.000000e+00   3.008853e-05
 5.528081e-08   2.316755e-04   0.000000e+00  -2.433107e-08   3.822616e-04   0.000000e+00   0.000000e+00   0.000000e+00  -5.040262e-06
 0.000000e+00   0.000000e+00   2.330922e-04   0.000000e+00   0.000000e+00   3.849047e-04  -1.596534e-03   2.588160e-04   0.000000e+00
 0.000000e+00   0.000000e+00  -8.011644e-04   0.000000e+00   0.000000e+00  -1.596534e-03   1.156795e+00  -1.804845e-01   0.000000e+00
 0.000000e+00   0.000000e+00  -8.746654e-06   0.000000e+00   0.000000e+00   2.588160e-04  -1.804845e-01   7.355131e-02   0.000000e+00
 3.585353e-05   1.327324e-04   0.000000e+00   3.008853e-05  -5.040262e-06   0.000000e+00   0.000000e+00   0.000000e+00   4.425733e-02

# timestamp: 1774889711.3737075
 8.717869e-04   1.108266e-06   0.000000e+00   2.288234e-04   3.431143e-07   0.000000e+00   0.000000e+00   0.000000e+00  -7.489663e-05
 1.108266e-06   8.794058e-04   0.000000e+00  -4.088161e-08   2.313777e-04   0.000000e+00   0.000000e+00   0.000000e+00  -5.180533e-04
 0.000000e+00   0.000000e+00   8.803266e-04   0.000000e+00   0.000000e+00   2.329732e-04  -7.096706e-04   6.469906e-04   0.000000e+00
 2.288234e-04  -4.088161e-08   0.000000e+00   3.814706e-04  -4.494288e-08   0.000000e+00   0.000000e+00   0.000000e+00   4.249470e-06
 3.431143e-07   2.313777e-04   0.000000e+00  -4.494288e-08   3.823515e-04   0.000000e+00   0.000000e+00   0.000000e+00  -1.782565e-04
 0.000000e+00   0.000000e+00   2.329732e-04   0.000000e+00   0.000000e+00   3.858989e-04  -1.888912e-03   4.876640e-04   0.000000e+00
 0.000000e+00   0.000000e+00  -7.096706e-04   0.000000e+00   0.000000e+00  -1.888912e-03   1.169697e+00  -1.848215e-01   0.000000e+00
 0.000000e+00   0.000000e+00   6.469906e-04   0.000000e+00   0.000000e+00   4.876640e-04  -1.848215e-01   7.440976e-02   0.000000e+00
-7.489663e-05  -5.180533e-04   0.000000e+00   4.249470e-06  -1.782565e-04   0.000000e+00   0.000000e+00   0.000000e+00   4.405613e-02

# timestamp: 1774889711.6208405
 8.835436e-04   2.548875e-07   0.000000e+00   2.319677e-04   2.456868e-08   0.000000e+00   0.000000e+00   0.000000e+00   1.992953e-05
 2.548875e-07   8.853284e-04   0.000000e+00   7.919857e-08   2.323092e-04   0.000000e+00   0.000000e+00   0.000000e+00   1.236007e-04
 0.000000e+00   0.000000e+00   8.859357e-04   0.000000e+00   0.000000e+00   2.338290e-04  -6.776154e-04  -1.797710e-05   0.000000e+00
 2.319677e-04   7.919857e-08   0.000000e+00   3.822877e-04  -4.397501e-08   0.000000e+00   0.000000e+00   0.000000e+00   2.645613e-05
 2.456868e-08   2.323092e-04   0.000000e+00  -4.397501e-08   3.824262e-04   0.000000e+00   0.000000e+00   0.000000e+00  -1.170700e-05
 0.000000e+00   0.000000e+00   2.338290e-04   0.000000e+00   0.000000e+00   3.869115e-04  -2.198392e-03   3.606131e-04   0.000000e+00
 0.000000e+00   0.000000e+00  -6.776154e-04   0.000000e+00   0.000000e+00  -2.198392e-03   1.194619e+00  -1.847711e-01   0.000000e+00
 0.000000e+00   0.000000e+00  -1.797710e-05   0.000000e+00   0.000000e+00   3.606131e-04  -1.847711e-01   7.426635e-02   0.000000e+00
 1.992953e-05   1.236007e-04   0.000000e+00   2.645613e-05  -1.170700e-05   0.000000e+00   0.000000e+00   0.000000e+00   4.457677e-02

# timestamp: 1774889712.1584868
 8.431023e-04   6.009235e-07   0.000000e+00   2.215873e-04   1.762969e-07   0.000000e+00   0.000000e+00   0.000000e+00  -4.263218e-05
 6.009235e-07   8.491834e-04   0.000000e+00  -1.588830e-07   2.237472e-04   0.000000e+00   0.000000e+00   0.000000e+00  -4.510405e-04
 0.000000e+00   0.000000e+00   8.515791e-04   0.000000e+00   0.000000e+00   2.283980e-04  -1.563024e-03   6.687793e-04   0.000000e+00
 2.215873e-04  -1.588830e-07   0.000000e+00   3.795611e-04  -1.137378e-07   0.000000e+00   0.000000e+00   0.000000e+00   1.418323e-05
 1.762969e-07   2.237472e-04   0.000000e+00  -1.137378e-07   3.803963e-04   0.000000e+00   0.000000e+00   0.000000e+00  -1.680057e-04
 0.000000e+00   0.000000e+00   2.283980e-04   0.000000e+00   0.000000e+00   3.897758e-04  -3.288413e-03   6.117925e-04   0.000000e+00
 0.000000e+00   0.000000e+00  -1.563024e-03   0.000000e+00   0.000000e+00  -3.288413e-03   1.236931e+00  -1.615499e-01   0.000000e+00
 0.000000e+00   0.000000e+00   6.687793e-04   0.000000e+00   0.000000e+00   6.117925e-04  -1.615499e-01   6.404934e-02   0.000000e+00
-4.263218e-05  -4.510405e-04   0.000000e+00   1.418323e-05  -1.680057e-04   0.000000e+00   0.000000e+00   0.000000e+00   4.219694e-02

# timestamp: 1774889712.4555533
 9.068504e-04   1.455460e-07   0.000000e+00   2.384191e-04  -3.922283e-08   0.000000e+00   0.000000e+00   0.000000e+00   2.719503e-05
 1.455460e-07   9.078305e-04   0.000000e+00   6.571657e-08   2.385512e-04   0.000000e+00   0.000000e+00   0.000000e+00   6.709472e-05
 0.000000e+00   0.000000e+00   9.115681e-04   0.000000e+00   0.000000e+00   2.456098e-04  -2.081666e-03   2.259813e-04   0.000000e+00
 2.384191e-04   6.571657e-08   0.000000e+00   3.839576e-04  -9.231592e-08   0.000000e+00   0.000000e+00   0.000000e+00   4.002869e-05
-3.922283e-08   2.385512e-04   0.000000e+00  -9.231592e-08   3.840645e-04   0.000000e+00   0.000000e+00   0.000000e+00  -2.626330e-05
 0.000000e+00   0.000000e+00   2.456098e-04   0.000000e+00   0.000000e+00   3.974900e-04  -3.991030e-03   5.899330e-04   0.000000e+00
 0.000000e+00   0.000000e+00  -2.081666e-03   0.000000e+00   0.000000e+00  -3.991030e-03   1.253325e+00  -1.722507e-01   0.000000e+00
 0.000000e+00   0.000000e+00   2.259813e-04   0.000000e+00   0.000000e+00   5.899330e-04  -1.722507e-01   7.095219e-02   0.000000e+00
 2.719503e-05   6.709472e-05   0.000000e+00   4.002869e-05  -2.626330e-05   0.000000e+00   0.000000e+00   0.000000e+00   4.635918e-02

# timestamp: 1774889712.6733155
 8.433883e-04   1.284787e-06   0.000000e+00   2.215498e-04   3.364093e-07   0.000000e+00   0.000000e+00   0.000000e+00  -1.053405e-04
 1.284787e-06   8.486094e-04   0.000000e+00   6.578745e-09   2.231632e-04   0.000000e+00   0.000000e+00   0.000000e+00  -4.220529e-04
 0.000000e+00   0.000000e+00   8.495680e-04   0.000000e+00   0.000000e+00   2.256920e-04  -6.133269e-04   5.552832e-04   0.000000e+00
 2.215498e-04   6.578745e-09   0.000000e+00   3.794489e-04  -6.913245e-08   0.000000e+00   0.000000e+00   0.000000e+00  -5.890520e-07
 3.364093e-07   2.231632e-04   0.000000e+00  -6.913245e-08   3.800035e-04   0.000000e+00   0.000000e+00   0.000000e+00  -1.265508e-04
 0.000000e+00   0.000000e+00   2.256920e-04   0.000000e+00   0.000000e+00   3.912016e-04  -3.447067e-03   7.666786e-04   0.000000e+00
 0.000000e+00   0.000000e+00  -6.133269e-04   0.000000e+00   0.000000e+00  -3.447067e-03   1.155265e+00  -2.076091e-01   0.000000e+00
 0.000000e+00   0.000000e+00   5.552832e-04   0.000000e+00   0.000000e+00   7.666786e-04  -2.076091e-01   8.080942e-02   0.000000e+00
-1.053405e-04  -4.220529e-04   0.000000e+00  -5.890520e-07  -1.265508e-04   0.000000e+00   0.000000e+00   0.000000e+00   4.201377e-02

# timestamp: 1774889712.7393873
 8.797803e-04   4.482455e-07   0.000000e+00   2.312410e-04   7.555916e-08   0.000000e+00   0.000000e+00   0.000000e+00   4.664639e-05
 4.482455e-07   8.817781e-04   0.000000e+00   1.581907e-07   2.317550e-04   0.000000e+00   0.000000e+00   0.000000e+00   1.725903e-04
 0.000000e+00   0.000000e+00   8.851829e-04   0.000000e+00   0.000000e+00   2.382431e-04  -1.882149e-03   1.797741e-04   0.000000e+00
 2.312410e-04   1.581907e-07   0.000000e+00   3.820196e-04  -2.844407e-08   0.000000e+00   0.000000e+00   0.000000e+00   3.870203e-05
 7.555916e-08   2.317550e-04   0.000000e+00  -2.844407e-08   3.822094e-04   0.000000e+00   0.000000e+00   0.000000e+00   4.487470e-05
 0.000000e+00   0.000000e+00   2.382431e-04   0.000000e+00   0.000000e+00   3.948890e-04  -3.691643e-03   6.573056e-04   0.000000e+00
 0.000000e+00   0.000000e+00  -1.882149e-03   0.000000e+00   0.000000e+00  -3.691643e-03   1.149049e+00  -2.134567e-01   0.000000e+00
 0.000000e+00   0.000000e+00   1.797741e-04   0.000000e+00   0.000000e+00   6.573056e-04  -2.134567e-01   8.576287e-02   0.000000e+00
 4.664639e-05   1.725903e-04   0.000000e+00   3.870203e-05   4.487470e-05   0.000000e+00   0.000000e+00   0.000000e+00   4.443345e-02

# timestamp: 1774889713.0737002
 7.971332e-04   4.059904e-07   0.000000e+00   2.095850e-04   1.655933e-07   0.000000e+00   0.000000e+00   0.000000e+00   3.957060e-05
 4.059904e-07   7.986133e-04   0.000000e+00   1.253814e-07   2.102990e-04   0.000000e+00   0.000000e+00   0.000000e+00   1.371770e-04
 0.000000e+00   0.000000e+00   8.008541e-04   0.000000e+00   0.000000e+00   2.140423e-04  -1.390353e-03   2.155645e-04   0.000000e+00
 2.095850e-04   1.253814e-07   0.000000e+00   3.763109e-04   5.708696e-08   0.000000e+00   0.000000e+00   0.000000e+00   2.806862e-05
 1.655933e-07   2.102990e-04   0.000000e+00   5.708696e-08   3.768782e-04   0.000000e+00   0.000000e+00   0.000000e+00   1.247617e-04
 0.000000e+00   0.000000e+00   2.140423e-04   0.000000e+00   0.000000e+00   3.833589e-04  -2.394294e-03   4.930096e-04   0.000000e+00
 0.000000e+00   0.000000e+00  -1.390353e-03   0.000000e+00   0.000000e+00  -2.394294e-03   1.017299e+00  -2.580024e-01   0.000000e+00
 0.000000e+00   0.000000e+00   2.155645e-04   0.000000e+00   0.000000e+00   4.930096e-04  -2.580024e-01   1.070310e-01   0.000000e+00
 3.957060e-05   1.371770e-04   0.000000e+00   2.806862e-05   1.247617e-04   0.000000e+00   0.000000e+00   0.000000e+00   3.889301e-02

# timestamp: 1774889713.285494
 8.794398e-04   2.080320e-06   0.000000e+00   2.311812e-04  -1.949037e-07   0.000000e+00   0.000000e+00   0.000000e+00  -1.749850e-04
 2.080320e-06   8.843346e-04   0.000000e+00   2.730040e-07   2.308219e-04   0.000000e+00   0.000000e+00   0.000000e+00  -4.470199e-04
 0.000000e+00   0.000000e+00   8.854911e-04   0.000000e+00   0.000000e+00   2.317896e-04  -1.537071e-04   5.400266e-04   0.000000e+00
 2.311812e-04   2.730040e-07   0.000000e+00   3.819798e-04  -2.783408e-08   0.000000e+00   0.000000e+00   0.000000e+00  -2.222782e-05
-1.949037e-07   2.308219e-04   0.000000e+00  -2.783408e-08   3.824243e-04   0.000000e+00   0.000000e+00   0.000000e+00   6.127062e-05
 0.000000e+00   0.000000e+00   2.317896e-04   0.000000e+00   0.000000e+00   3.848754e-04  -1.231958e-03   2.970071e-04   0.000000e+00
 0.000000e+00   0.000000e+00  -1.537071e-04   0.000000e+00   0.000000e+00  -1.231958e-03   9.814921e-01  -2.719636e-01   0.000000e+00
 0.000000e+00   0.000000e+00   5.400266e-04   0.000000e+00   0.000000e+00   2.970071e-04  -2.719636e-01   1.238813e-01   0.000000e+00
-1.749850e-04  -4.470199e-04   0.000000e+00  -2.222782e-05   6.127062e-05   0.000000e+00   0.000000e+00   0.000000e+00   4.481690e-02

# timestamp: 1774889713.3069432
 8.423136e-04   5.391301e-07   0.000000e+00   2.215148e-04   3.045023e-07   0.000000e+00   0.000000e+00   0.000000e+00   5.153628e-05
 5.391301e-07   8.439862e-04   0.000000e+00   1.952152e-07   2.226481e-04   0.000000e+00   0.000000e+00   0.000000e+00   1.673973e-04
 0.000000e+00   0.000000e+00   8.460680e-04   0.000000e+00   0.000000e+00   2.249812e-04  -1.265506e-03   1.912832e-04   0.000000e+00
 2.215148e-04   1.952152e-07   0.000000e+00   3.794634e-04   1.970250e-07   0.000000e+00   0.000000e+00   0.000000e+00   3.655347e-05
 3.045023e-07   2.226481e-04   0.000000e+00   1.970250e-07   3.809815e-04   0.000000e+00   0.000000e+00   0.000000e+00   2.206071e-04
 0.000000e+00   0.000000e+00   2.249812e-04   0.000000e+00   0.000000e+00   3.837854e-04  -1.382968e-03   1.749333e-04   0.000000e+00
 0.000000e+00   0.000000e+00  -1.265506e-03   0.000000e+00   0.000000e+00  -1.382968e-03   9.690232e-01  -2.769251e-01   0.000000e+00
 0.000000e+00   0.000000e+00   1.912832e-04   0.000000e+00   0.000000e+00   1.749333e-04  -2.769251e-01   1.248338e-01   0.000000e+00
 5.153628e-05   1.673973e-04   0.000000e+00   3.655347e-05   2.206071e-04   0.000000e+00   0.000000e+00   0.000000e+00   4.200308e-02

# timestamp: 1774889713.3292794
 8.830367e-04   5.536921e-07   0.000000e+00   2.321972e-04   3.389592e-07   0.000000e+00   0.000000e+00   0.000000e+00   5.258698e-05
 5.536921e-07   8.847760e-04   0.000000e+00   2.112401e-07   2.334664e-04   0.000000e+00   0.000000e+00   0.000000e+00   1.738242e-04
 0.000000e+00   0.000000e+00   8.869881e-04   0.000000e+00   0.000000e+00   2.357514e-04  -1.303263e-03   1.956340e-04   0.000000e+00
 2.321972e-04   2.112401e-07   0.000000e+00   3.822692e-04   2.315173e-07   0.000000e+00   0.000000e+00   0.000000e+00   3.914550e-05
 3.389592e-07   2.334664e-04   0.000000e+00   2.315173e-07   3.840375e-04   0.000000e+00   0.000000e+00   0.000000e+00   2.445733e-04
 0.000000e+00   0.000000e+00   2.357514e-04   0.000000e+00   0.000000e+00   3.865823e-04  -1.288804e-03   1.220055e-04   0.000000e+00
 0.000000e+00   0.000000e+00  -1.303263e-03   0.000000e+00   0.000000e+00  -1.288804e-03   9.718245e-01  -2.769251e-01   0.000000e+00
 0.000000e+00   0.000000e+00   1.956340e-04   0.000000e+00   0.000000e+00   1.220055e-04  -2.769251e-01   1.276352e-01   0.000000e+00
 5.258698e-05   1.738242e-04   0.000000e+00   3.914550e-05   2.445733e-04   0.000000e+00   0.000000e+00   0.000000e+00   4.480443e-02

# timestamp: 1774889713.3539572
 9.131935e-04   5.652578e-07   0.000000e+00   2.400577e-04   3.651595e-07   0.000000e+00   0.000000e+00   0.000000e+00   5.340232e-05
 5.652578e-07   9.149864e-04   0.000000e+00   2.238402e-07   2.414331e-04   0.000000e+00   0.000000e+00   0.000000e+00   1.789588e-04
 0.000000e+00   0.000000e+00   9.172920e-04   0.000000e+00   0.000000e+00   2.436764e-04  -1.329193e-03   1.978639e-04   0.000000e+00
 2.400577e-04   2.238402e-07   0.000000e+00   3.843211e-04   2.585824e-07   0.000000e+00   0.000000e+00   0.000000e+00   4.114526e-05
 3.651595e-07   2.414331e-04   0.000000e+00   2.585824e-07   3.862891e-04   0.000000e+00   0.000000e+00   0.000000e+00   2.630633e-04
 0.000000e+00   0.000000e+00   2.436764e-04   0.000000e+00   0.000000e+00   3.886574e-04  -1.220055e-03   8.233871e-05   0.000000e+00
 0.000000e+00   0.000000e+00  -1.329193e-03   0.000000e+00   0.000000e+00  -1.220055e-03   9.738729e-01  -2.769251e-01   0.000000e+00
 0.000000e+00   0.000000e+00   1.978639e-04   0.000000e+00   0.000000e+00   8.233871e-05  -2.769251e-01   1.296835e-01   0.000000e+00
 5.340232e-05   1.789588e-04   0.000000e+00   4.114526e-05   2.630633e-04   0.000000e+00   0.000000e+00   0.000000e+00   4.685278e-02

# timestamp: 1774889713.6167526
 8.476256e-04   7.194580e-07   0.000000e+00   2.227294e-04   4.981177e-07   0.000000e+00   0.000000e+00   0.000000e+00   5.752764e-05
 7.194580e-07   8.498257e-04   0.000000e+00   3.105165e-07   2.250194e-04   0.000000e+00   0.000000e+00   0.000000e+00   2.206362e-04
 0.000000e+00   0.000000e+00   8.505169e-04   0.000000e+00   0.000000e+00   2.253494e-04  -3.603117e-04  -1.185213e-04   0.000000e+00
 2.227294e-04   3.105165e-07   0.000000e+00   3.797337e-04   4.380289e-07   0.000000e+00   0.000000e+00   0.000000e+00   4.040570e-05
 4.981177e-07   2.250194e-04   0.000000e+00   4.380289e-07   3.839545e-04   0.000000e+00   0.000000e+00   0.000000e+00   3.530972e-04
 0.000000e+00   0.000000e+00   2.253494e-04   0.000000e+00   0.000000e+00   3.856098e-04   7.756130e-04  -6.443326e-04   0.000000e+00
 0.000000e+00   0.000000e+00  -3.603117e-04   0.000000e+00   0.000000e+00   7.756130e-04   9.073595e-01  -3.024639e-01   0.000000e+00
 0.000000e+00   0.000000e+00  -1.185213e-04   0.000000e+00   0.000000e+00  -6.443326e-04  -3.024639e-01   1.479736e-01   0.000000e+00
 5.752764e-05   2.206362e-04   0.000000e+00   4.040570e-05   3.530972e-04   0.000000e+00   0.000000e+00   0.000000e+00   4.213978e-02

# timestamp: 1774889713.6396098
 8.739497e-04   7.344181e-07   0.000000e+00   2.296382e-04   5.358310e-07   0.000000e+00   0.000000e+00   0.000000e+00   5.826475e-05
 7.344181e-07   8.762353e-04   0.000000e+00   3.241035e-07   2.321200e-04   0.000000e+00   0.000000e+00   0.000000e+00   2.271355e-04
 0.000000e+00   0.000000e+00   8.769387e-04   0.000000e+00   0.000000e+00   2.324398e-04  -3.456554e-04  -1.305103e-04   0.000000e+00
 2.296382e-04   3.241035e-07   0.000000e+00   3.815482e-04   4.678242e-07   0.000000e+00   0.000000e+00   0.000000e+00   4.146944e-05
 5.358310e-07   2.321200e-04   0.000000e+00   4.678242e-07   3.861387e-04   0.000000e+00   0.000000e+00   0.000000e+00   3.752969e-04
 0.000000e+00   0.000000e+00   2.324398e-04   0.000000e+00   0.000000e+00   3.880739e-04   9.077512e-04  -7.131473e-04   0.000000e+00
 0.000000e+00   0.000000e+00  -3.456554e-04   0.000000e+00   0.000000e+00   9.077512e-04   9.091720e-01  -3.024639e-01   0.000000e+00
 0.000000e+00   0.000000e+00  -1.305103e-04   0.000000e+00   0.000000e+00  -7.131473e-04  -3.024639e-01   1.497861e-01   0.000000e+00
 5.826475e-05   2.271355e-04   0.000000e+00   4.146944e-05   3.752969e-04   0.000000e+00   0.000000e+00   0.000000e+00   4.395228e-02

# timestamp: 1774889713.678639
 8.601627e-04   1.783190e-06   0.000000e+00   2.258678e-04  -1.056007e-06   0.000000e+00   0.000000e+00   0.000000e+00  -1.838465e-04
 1.783190e-06   8.627736e-04   0.000000e+00   2.796776e-07   2.245496e-04   0.000000e+00   0.000000e+00   0.000000e+00  -3.094489e-04
 0.000000e+00   0.000000e+00   8.649021e-04   0.000000e+00   0.000000e+00   2.267566e-04   1.042981e-03  -3.156782e-06   0.000000e+00
 2.258678e-04   2.796776e-07   0.000000e+00   3.805150e-04  -1.606881e-08   0.000000e+00   0.000000e+00   0.000000e+00  -2.302024e-05
-1.056007e-06   2.245496e-04   0.000000e+00  -1.606881e-08   3.834663e-04   0.000000e+00   0.000000e+00   0.000000e+00   2.444965e-04
 0.000000e+00   0.000000e+00   2.267566e-04   0.000000e+00   0.000000e+00   3.872881e-04   1.617016e-03  -8.256850e-04   0.000000e+00
 0.000000e+00   0.000000e+00   1.042981e-03   0.000000e+00   0.000000e+00   1.617016e-03   8.882223e-01  -3.054109e-01   0.000000e+00
 0.000000e+00   0.000000e+00  -3.156782e-06   0.000000e+00   0.000000e+00  -8.256850e-04  -3.054109e-01   1.535240e-01   0.000000e+00
-1.838465e-04  -3.094489e-04   0.000000e+00  -2.302024e-05   2.444965e-04   0.000000e+00   0.000000e+00   0.000000e+00   4.305225e-02

# timestamp: 1774889713.9925168
 8.177399e-04   8.932096e-07   0.000000e+00   2.150932e-04   8.675746e-07   0.000000e+00   0.000000e+00   0.000000e+00   7.176403e-05
 8.932096e-07   8.202721e-04   0.000000e+00   4.186300e-07   2.192993e-04   0.000000e+00   0.000000e+00   0.000000e+00   2.396377e-04
 0.000000e+00   0.000000e+00   8.220645e-04   0.000000e+00   0.000000e+00   2.254630e-04   8.286348e-04  -6.455499e-04   0.000000e+00
 2.150932e-04   4.186300e-07   0.000000e+00   3.777810e-04   7.408233e-07   0.000000e+00   0.000000e+00   0.000000e+00   4.035983e-05
 8.675746e-07   2.192993e-04   0.000000e+00   7.408233e-07   3.876700e-04   0.000000e+00   0.000000e+00   0.000000e+00   4.862195e-04
 0.000000e+00   0.000000e+00   2.254630e-04   0.000000e+00   0.000000e+00   4.158897e-04   4.378934e-03  -2.469041e-03   0.000000e+00
 0.000000e+00   0.000000e+00   8.286348e-04   0.000000e+00   0.000000e+00   4.378934e-03   7.526674e-01  -3.189348e-01   0.000000e+00
 0.000000e+00   0.000000e+00  -6.455499e-04   0.000000e+00   0.000000e+00  -2.469041e-03  -3.189348e-01   1.834997e-01   0.000000e+00
 7.176403e-05   2.396377e-04   0.000000e+00   4.035983e-05   4.862195e-04   0.000000e+00   0.000000e+00   0.000000e+00   4.048496e-02

# timestamp: 1774889714.2473345
 9.042853e-04   9.628978e-07   0.000000e+00   2.377816e-04   8.938983e-07   0.000000e+00   0.000000e+00   0.000000e+00   5.594423e-05
 9.628978e-07   9.085683e-04   0.000000e+00   4.292540e-07   2.457037e-04   0.000000e+00   0.000000e+00   0.000000e+00   3.213043e-04
 0.000000e+00   0.000000e+00   9.209558e-04   0.000000e+00   0.000000e+00   2.789653e-04   2.740895e-03  -1.692895e-03   0.000000e+00
 2.377816e-04   4.292540e-07   0.000000e+00   3.837113e-04   7.030181e-07   0.000000e+00   0.000000e+00   0.000000e+00   2.232296e-05
 8.938983e-07   2.457037e-04   0.000000e+00   7.030181e-07   4.012695e-04   0.000000e+00   0.000000e+00   0.000000e+00   6.779036e-04
 0.000000e+00   0.000000e+00   2.789653e-04   0.000000e+00   0.000000e+00   4.934817e-04   7.802007e-03  -4.512903e-03   0.000000e+00
 0.000000e+00   0.000000e+00   2.740895e-03   0.000000e+00   0.000000e+00   7.802007e-03   7.160224e-01  -3.281117e-01   0.000000e+00
 0.000000e+00   0.000000e+00  -1.692895e-03   0.000000e+00   0.000000e+00  -4.512903e-03  -3.281117e-01   2.073575e-01   0.000000e+00
 5.594423e-05   3.213043e-04   0.000000e+00   2.232296e-05   6.779036e-04   0.000000e+00   0.000000e+00   0.000000e+00   4.642714e-02

# timestamp: 1774889714.264102
 8.487603e-04   1.879094e-06   0.000000e+00   2.231255e-04  -2.736327e-06   0.000000e+00   0.000000e+00   0.000000e+00  -2.427240e-04
 1.879094e-06   8.505975e-04   0.000000e+00   5.870746e-07   2.231182e-04   0.000000e+00   0.000000e+00   0.000000e+00  -2.382359e-04
 0.000000e+00   0.000000e+00   8.686992e-04   0.000000e+00   0.000000e+00   2.641413e-04   3.525765e-03  -1.387773e-03   0.000000e+00
 2.231255e-04   5.870746e-07   0.000000e+00   3.798429e-04  -3.158680e-07   0.000000e+00   0.000000e+00   0.000000e+00  -5.958401e-05
-2.736327e-06   2.231182e-04   0.000000e+00  -3.158680e-07   3.930008e-04   0.000000e+00   0.000000e+00   0.000000e+00   4.827849e-04
 0.000000e+00   0.000000e+00   2.641413e-04   0.000000e+00   0.000000e+00   4.938620e-04   8.236156e-03  -4.534859e-03   0.000000e+00
 0.000000e+00   0.000000e+00   3.525765e-03   0.000000e+00   0.000000e+00   8.236156e-03   7.110692e-01  -3.315060e-01   0.000000e+00
 0.000000e+00   0.000000e+00  -1.387773e-03   0.000000e+00   0.000000e+00  -4.534859e-03  -3.315060e-01   2.068718e-01   0.000000e+00
-2.427240e-04  -2.382359e-04   0.000000e+00  -5.958401e-05   4.827849e-04   0.000000e+00   0.000000e+00   0.000000e+00   4.239109e-02

# timestamp: 1774889714.2949483
 8.048379e-04   6.360192e-07   0.000000e+00   2.115875e-04   2.060960e-07   0.000000e+00   0.000000e+00   0.000000e+00   1.980401e-05
 6.360192e-07   8.087196e-04   0.000000e+00   2.717591e-07   2.187935e-04   0.000000e+00   0.000000e+00   0.000000e+00   2.947212e-04
 0.000000e+00   0.000000e+00   8.275002e-04   0.000000e+00   0.000000e+00   2.638526e-04   3.479003e-03  -2.027288e-03   0.000000e+00
 2.115875e-04   2.717591e-07   0.000000e+00   3.768110e-04   3.921911e-07   0.000000e+00   0.000000e+00   0.000000e+00   4.239741e-06
 2.060960e-07   2.187935e-04   0.000000e+00   3.921911e-07   3.935786e-04   0.000000e+00   0.000000e+00   0.000000e+00   5.931331e-04
 0.000000e+00   0.000000e+00   2.638526e-04   0.000000e+00   0.000000e+00   5.033725e-04   8.554778e-03  -4.830206e-03   0.000000e+00
 0.000000e+00   0.000000e+00   3.479003e-03   0.000000e+00   0.000000e+00   8.554778e-03   7.123841e-01  -3.331153e-01   0.000000e+00
 0.000000e+00   0.000000e+00  -2.027288e-03   0.000000e+00   0.000000e+00  -4.830206e-03  -3.331153e-01   2.044821e-01   0.000000e+00
 1.980401e-05   2.947212e-04   0.000000e+00   4.239741e-06   5.931331e-04   0.000000e+00   0.000000e+00   0.000000e+00   3.947278e-02

# timestamp: 1774889714.5658913
 8.699082e-04   1.345598e-06   0.000000e+00   2.293935e-04  -3.683826e-06   0.000000e+00   0.000000e+00   0.000000e+00  -2.086941e-04
 1.345598e-06   8.731982e-04   0.000000e+00   9.274234e-07   2.310099e-04   0.000000e+00   0.000000e+00   0.000000e+00  -2.121133e-04
 0.000000e+00   0.000000e+00   9.143455e-04   0.000000e+00   0.000000e+00   3.381007e-04   5.290876e-03  -2.011618e-03   0.000000e+00
 2.293935e-04   9.274234e-07   0.000000e+00   3.819557e-04  -2.703466e-06   0.000000e+00   0.000000e+00   0.000000e+00  -1.655952e-04
-3.683826e-06   2.310099e-04   0.000000e+00  -2.703466e-06   4.039282e-04   0.000000e+00   0.000000e+00   0.000000e+00   6.345161e-04
 0.000000e+00   0.000000e+00   3.381007e-04   0.000000e+00   0.000000e+00   6.882132e-04   1.377021e-02  -6.588638e-03   0.000000e+00
 0.000000e+00   0.000000e+00   5.290876e-03   0.000000e+00   0.000000e+00   1.377021e-02   7.027021e-01  -2.876295e-01   0.000000e+00
 0.000000e+00   0.000000e+00  -2.011618e-03   0.000000e+00   0.000000e+00  -6.588638e-03  -2.876295e-01   1.696410e-01   0.000000e+00
-2.086941e-04  -2.121133e-04   0.000000e+00  -1.655952e-04   6.345161e-04   0.000000e+00   0.000000e+00   0.000000e+00   4.389009e-02

# timestamp: 1774889714.6359859
 8.816465e-04  -2.820101e-07   0.000000e+00   2.321716e-04  -1.808042e-06   0.000000e+00   0.000000e+00   0.000000e+00  -5.586801e-05
-2.820101e-07   8.885635e-04   0.000000e+00  -1.344107e-06   2.455934e-04   0.000000e+00   0.000000e+00   0.000000e+00   3.774496e-04
 0.000000e+00   0.000000e+00   9.636193e-04   0.000000e+00   0.000000e+00   4.063692e-04   6.967124e-03  -3.289906e-03   0.000000e+00
 2.321716e-04  -1.344107e-06   0.000000e+00   3.827876e-04  -3.437917e-06   0.000000e+00   0.000000e+00   0.000000e+00  -1.525576e-04
-1.808042e-06   2.455934e-04   0.000000e+00  -3.437917e-06   4.126798e-04   0.000000e+00   0.000000e+00   0.000000e+00   8.320785e-04
 0.000000e+00   0.000000e+00   4.063692e-04   0.000000e+00   0.000000e+00   7.581883e-04   1.502942e-02  -7.099571e-03   0.000000e+00
 0.000000e+00   0.000000e+00   6.967124e-03   0.000000e+00   0.000000e+00   1.502942e-02   6.934264e-01  -2.721654e-01   0.000000e+00
 0.000000e+00   0.000000e+00  -3.289906e-03   0.000000e+00   0.000000e+00  -7.099571e-03  -2.721654e-01   1.593596e-01   0.000000e+00
-5.586801e-05   3.774496e-04   0.000000e+00  -1.525576e-04   8.320785e-04   0.000000e+00   0.000000e+00   0.000000e+00   4.488922e-02

# timestamp: 1774889714.6732147
 8.680065e-04   1.273990e-06   0.000000e+00   2.289724e-04  -3.844282e-06   0.000000e+00   0.000000e+00   0.000000e+00  -1.957233e-04
 1.273990e-06   8.726256e-04   0.000000e+00   1.046015e-06   2.311303e-04   0.000000e+00   0.000000e+00   0.000000e+00  -2.590101e-04
 0.000000e+00   0.000000e+00   9.173860e-04   0.000000e+00   0.000000e+00   3.520591e-04   5.306190e-03  -1.741381e-03   0.000000e+00
 2.289724e-04   1.046015e-06   0.000000e+00   3.821929e-04  -3.959861e-06   0.000000e+00   0.000000e+00   0.000000e+00  -2.033183e-04
-3.844282e-06   2.311303e-04   0.000000e+00  -3.959861e-06   4.072785e-04   0.000000e+00   0.000000e+00   0.000000e+00   6.617222e-04
 0.000000e+00   0.000000e+00   3.520591e-04   0.000000e+00   0.000000e+00   7.385553e-04   1.431593e-02  -6.186268e-03   0.000000e+00
 0.000000e+00   0.000000e+00   5.306190e-03   0.000000e+00   0.000000e+00   1.431593e-02   6.550739e-01  -2.380114e-01   0.000000e+00
 0.000000e+00   0.000000e+00  -1.741381e-03   0.000000e+00   0.000000e+00  -6.186268e-03  -2.380114e-01   1.365472e-01   0.000000e+00
-1.957233e-04  -2.590101e-04   0.000000e+00  -2.033183e-04   6.617222e-04   0.000000e+00   0.000000e+00   0.000000e+00   4.357534e-02

# timestamp: 1774889714.99134
 8.760529e-04   2.442315e-07   0.000000e+00   2.314461e-04  -4.597072e-06   0.000000e+00   0.000000e+00   0.000000e+00  -1.386917e-04
 2.442315e-07   8.823570e-04   0.000000e+00   2.105825e-07   2.372315e-04   0.000000e+00   0.000000e+00   0.000000e+00  -1.904058e-04
 0.000000e+00   0.000000e+00   9.481638e-04   0.000000e+00   0.000000e+00   4.152232e-04   5.850407e-03  -1.371671e-03   0.000000e+00
 2.314461e-04   2.105825e-07   0.000000e+00   3.843522e-04  -8.965634e-06   0.000000e+00   0.000000e+00   0.000000e+00  -2.863596e-04
-4.597072e-06   2.372315e-04   0.000000e+00  -8.965634e-06   4.221776e-04   0.000000e+00   0.000000e+00   0.000000e+00   8.309339e-04
 0.000000e+00   0.000000e+00   4.152232e-04   0.000000e+00   0.000000e+00   9.059469e-04   1.594727e-02  -5.100957e-03   0.000000e+00
 0.000000e+00   0.000000e+00   5.850407e-03   0.000000e+00   0.000000e+00   1.594727e-02   5.679971e-01  -1.406190e-01   0.000000e+00
 0.000000e+00   0.000000e+00  -1.371671e-03   0.000000e+00   0.000000e+00  -5.100957e-03  -1.406190e-01   8.219973e-02   0.000000e+00
-1.386917e-04  -1.904058e-04   0.000000e+00  -2.863596e-04   8.309339e-04   0.000000e+00   0.000000e+00   0.000000e+00   4.406724e-02

# timestamp: 1774889715.0439932
 8.814694e-04  -1.507116e-06   0.000000e+00   2.328318e-04  -4.544949e-06   0.000000e+00   0.000000e+00   0.000000e+00  -9.821486e-05
-1.507116e-06   8.918031e-04   0.000000e+00  -4.281358e-06   2.536223e-04   0.000000e+00   0.000000e+00   0.000000e+00   4.225809e-04
 0.000000e+00   0.000000e+00   1.001298e-03   0.000000e+00   0.000000e+00   4.976605e-04   7.447525e-03  -2.313430e-03   0.000000e+00
 2.328318e-04  -4.281358e-06   0.000000e+00   3.850848e-04  -1.115861e-05   0.000000e+00   0.000000e+00   0.000000e+00  -2.997508e-04
-4.544949e-06   2.536223e-04   0.000000e+00  -1.115861e-05   4.329784e-04   0.000000e+00   0.000000e+00   0.000000e+00   1.035049e-03
 0.000000e+00   0.000000e+00   4.976605e-04   0.000000e+00   0.000000e+00   9.781375e-04   1.678864e-02  -5.264848e-03   0.000000e+00
 0.000000e+00   0.000000e+00   7.447525e-03   0.000000e+00   0.000000e+00   1.678864e-02   5.613366e-01  -1.298940e-01   0.000000e+00
 0.000000e+00   0.000000e+00  -2.313430e-03   0.000000e+00   0.000000e+00  -5.264848e-03  -1.298940e-01   7.782902e-02   0.000000e+00
-9.821486e-05   4.225809e-04   0.000000e+00  -2.997508e-04   1.035049e-03   0.000000e+00   0.000000e+00   0.000000e+00   4.467600e-02

# timestamp: 1774889715.0839689
 8.870195e-04  -1.763039e-07   0.000000e+00   2.345213e-04  -5.023481e-06   0.000000e+00   0.000000e+00   0.000000e+00  -1.213958e-04
-1.763039e-07   8.943787e-04   0.000000e+00  -1.817589e-07   2.418358e-04   0.000000e+00   0.000000e+00   0.000000e+00  -1.849075e-04
 0.000000e+00   0.000000e+00   9.664197e-04   0.000000e+00   0.000000e+00   4.329666e-04   5.788632e-03  -1.080525e-03   0.000000e+00
 2.345213e-04  -1.817589e-07   0.000000e+00   3.860624e-04  -1.150507e-05   0.000000e+00   0.000000e+00   0.000000e+00  -3.295671e-04
-5.023481e-06   2.418358e-04   0.000000e+00  -1.150507e-05   4.290886e-04   0.000000e+00   0.000000e+00   0.000000e+00   8.986093e-04
 0.000000e+00   0.000000e+00   4.329666e-04   0.000000e+00   0.000000e+00   9.385146e-04   1.557718e-02  -4.286883e-03   0.000000e+00
 0.000000e+00   0.000000e+00   5.788632e-03   0.000000e+00   0.000000e+00   1.557718e-02   5.211330e-01  -1.030529e-01   0.000000e+00
 0.000000e+00   0.000000e+00  -1.080525e-03   0.000000e+00   0.000000e+00  -4.286883e-03  -1.030529e-01   6.763972e-02   0.000000e+00
-1.213958e-04  -1.849075e-04   0.000000e+00  -3.295671e-04   8.986093e-04   0.000000e+00   0.000000e+00   0.000000e+00   4.481628e-02

# timestamp: 1774889715.3692539
 8.625278e-04  -1.613816e-06   0.000000e+00   2.284065e-04  -5.051080e-06   0.000000e+00   0.000000e+00   0.000000e+00  -2.991317e-05
-1.613816e-06   8.722690e-04   0.000000e+00  -1.899581e-06   2.407030e-04   0.000000e+00   0.000000e+00   0.000000e+00  -1.744451e-04
 0.000000e+00   0.000000e+00   9.370477e-04   0.000000e+00   0.000000e+00   4.147291e-04   4.480490e-03  -1.288028e-04   0.000000e+00
 2.284065e-04  -1.899581e-06   0.000000e+00   3.875058e-04  -1.860644e-05   0.000000e+00   0.000000e+00   0.000000e+00  -4.060482e-04
-5.051080e-06   2.407030e-04   0.000000e+00  -1.860644e-05   4.426200e-04   0.000000e+00   0.000000e+00   0.000000e+00   9.758853e-04
 0.000000e+00   0.000000e+00   4.147291e-04   0.000000e+00   0.000000e+00   9.171530e-04   1.275499e-02  -1.782235e-03   0.000000e+00
 0.000000e+00   0.000000e+00   4.480490e-03   0.000000e+00   0.000000e+00   1.275499e-02   3.959667e-01  -1.871835e-02   0.000000e+00
 0.000000e+00   0.000000e+00  -1.288028e-04   0.000000e+00   0.000000e+00  -1.782235e-03  -1.871835e-02   4.526148e-02   0.000000e+00
-2.991317e-05  -1.744451e-04   0.000000e+00  -4.060482e-04   9.758853e-04   0.000000e+00   0.000000e+00   0.000000e+00   4.349472e-02

# timestamp: 1774889715.425903
 8.758765e-04  -3.513535e-06   0.000000e+00   2.331834e-04  -8.763723e-06   0.000000e+00   0.000000e+00   0.000000e+00  -1.417515e-04
-3.513535e-06   8.900546e-04   0.000000e+00  -8.985165e-06   2.620442e-04   0.000000e+00   0.000000e+00   0.000000e+00   4.566727e-04
 0.000000e+00   0.000000e+00   9.964398e-04   0.000000e+00   0.000000e+00   4.977046e-04   5.864037e-03  -7.522193e-04   0.000000e+00
 2.331834e-04  -8.985165e-06   0.000000e+00   3.900205e-04  -2.339035e-05   0.000000e+00   0.000000e+00   0.000000e+00  -4.680288e-04
-8.763723e-06   2.620442e-04   0.000000e+00  -2.339035e-05   4.568854e-04   0.000000e+00   0.000000e+00   0.000000e+00   1.200437e-03
 0.000000e+00   0.000000e+00   4.977046e-04   0.000000e+00   0.000000e+00   9.816098e-04   1.336234e-02  -1.837251e-03   0.000000e+00
 0.000000e+00   0.000000e+00   5.864037e-03   0.000000e+00   0.000000e+00   1.336234e-02   3.942115e-01  -1.243896e-02   0.000000e+00
 0.000000e+00   0.000000e+00  -7.522193e-04   0.000000e+00   0.000000e+00  -1.837251e-03  -1.243896e-02   4.589128e-02   0.000000e+00
-1.417515e-04   4.566727e-04   0.000000e+00  -4.680288e-04   1.200437e-03   0.000000e+00   0.000000e+00   0.000000e+00   4.455556e-02

# timestamp: 1774889715.6926923
 8.432036e-04  -4.331435e-06   0.000000e+00   2.249770e-04  -9.955192e-06   0.000000e+00   0.000000e+00   0.000000e+00  -1.088458e-04
-4.331435e-06   8.603202e-04   0.000000e+00  -1.179274e-05   2.602622e-04   0.000000e+00   0.000000e+00   0.000000e+00   4.830370e-04
 0.000000e+00   0.000000e+00   9.396683e-04   0.000000e+00   0.000000e+00   4.416530e-04   4.295175e-03  -1.385028e-04   0.000000e+00
 2.249770e-04  -1.179274e-05   0.000000e+00   3.903403e-04  -3.044755e-05   0.000000e+00   0.000000e+00   0.000000e+00  -4.626061e-04
-9.955192e-06   2.602622e-04   0.000000e+00  -3.044755e-05   4.718841e-04   0.000000e+00   0.000000e+00   0.000000e+00   1.247538e-03
 0.000000e+00   0.000000e+00   4.416530e-04   0.000000e+00   0.000000e+00   8.926431e-04   1.048916e-02  -3.770214e-04   0.000000e+00
 0.000000e+00   0.000000e+00   4.295175e-03   0.000000e+00   0.000000e+00   1.048916e-02   3.315947e-01   3.073510e-02   0.000000e+00
 0.000000e+00   0.000000e+00  -1.385028e-04   0.000000e+00   0.000000e+00  -3.770214e-04   3.073510e-02   4.618887e-02   0.000000e+00
-1.088458e-04   4.830370e-04   0.000000e+00  -4.626061e-04   1.247538e-03   0.000000e+00   0.000000e+00   0.000000e+00   4.223612e-02

# timestamp: 1774889715.730077
 8.793976e-04  -4.893547e-06   0.000000e+00   2.347724e-04  -1.094165e-05   0.000000e+00   0.000000e+00   0.000000e+00  -1.205195e-04
-4.893547e-06   8.983280e-04   0.000000e+00  -1.286365e-05   2.729868e-04   0.000000e+00   0.000000e+00   0.000000e+00   5.146034e-04
 0.000000e+00   0.000000e+00   9.869619e-04   0.000000e+00   0.000000e+00   4.668989e-04   4.556362e-03  -1.483987e-04   0.000000e+00
 2.347724e-04  -1.286365e-05   0.000000e+00   3.933916e-04  -3.211265e-05   0.000000e+00   0.000000e+00   0.000000e+00  -4.890106e-04
-1.094165e-05   2.729868e-04   0.000000e+00  -3.211265e-05   4.791892e-04   0.000000e+00   0.000000e+00   0.000000e+00   1.329821e-03
 0.000000e+00   0.000000e+00   4.668989e-04   0.000000e+00   0.000000e+00   9.093591e-04   1.063189e-02  -4.482372e-04   0.000000e+00
 0.000000e+00   0.000000e+00   4.556362e-03   0.000000e+00   0.000000e+00   1.063189e-02   3.340743e-01   3.073510e-02   0.000000e+00
 0.000000e+00   0.000000e+00  -1.483987e-04   0.000000e+00   0.000000e+00  -4.482372e-04   3.073510e-02   4.866840e-02   0.000000e+00
-1.205195e-04   5.146034e-04   0.000000e+00  -4.890106e-04   1.329821e-03   0.000000e+00   0.000000e+00   0.000000e+00   4.471565e-02

# timestamp: 1774889715.7716928
 8.551135e-04  -3.526925e-06   0.000000e+00   2.268257e-04  -6.519793e-06   0.000000e+00   0.000000e+00   0.000000e+00   3.081298e-05
-3.526925e-06   8.682206e-04   0.000000e+00  -6.311142e-06   2.485498e-04   0.000000e+00   0.000000e+00   0.000000e+00  -9.635090e-05
 0.000000e+00   0.000000e+00   9.328089e-04   0.000000e+00   0.000000e+00   4.032534e-04   3.589748e-03   5.089231e-04   0.000000e+00
 2.268257e-04  -6.311142e-06   0.000000e+00   3.907242e-04  -2.906616e-05   0.000000e+00   0.000000e+00   0.000000e+00  -4.194402e-04
-6.519793e-06   2.485498e-04   0.000000e+00  -2.906616e-05   4.680757e-04   0.000000e+00   0.000000e+00   0.000000e+00   1.110747e-03
 0.000000e+00   0.000000e+00   4.032534e-04   0.000000e+00   0.000000e+00   8.511738e-04   9.727107e-03  -8.727779e-06   0.000000e+00
 0.000000e+00   0.000000e+00   3.589748e-03   0.000000e+00   0.000000e+00   9.727107e-03   3.229111e-01   3.810866e-02   0.000000e+00
 0.000000e+00   0.000000e+00   5.089231e-04   0.000000e+00   0.000000e+00  -8.727779e-06   3.810866e-02   4.839527e-02   0.000000e+00
 3.081298e-05  -9.635090e-05   0.000000e+00  -4.194402e-04   1.110747e-03   0.000000e+00   0.000000e+00   0.000000e+00   4.270790e-02

# timestamp: 1774889716.0392845
 8.804175e-04  -6.825795e-06   0.000000e+00   2.357825e-04  -1.457842e-05   0.000000e+00   0.000000e+00   0.000000e+00  -1.342661e-04
-6.825795e-06   9.041834e-04   0.000000e+00  -1.611261e-05   2.837479e-04   0.000000e+00   0.000000e+00   0.000000e+00   5.458151e-04
 0.000000e+00   0.000000e+00   9.930574e-04   0.000000e+00   0.000000e+00   4.599741e-04   4.318760e-03   1.169977e-04   0.000000e+00
 2.357825e-04  -1.611261e-05   0.000000e+00   3.946308e-04  -3.820163e-05   0.000000e+00   0.000000e+00   0.000000e+00  -4.464117e-04
-1.457842e-05   2.837479e-04   0.000000e+00  -3.820163e-05   5.022172e-04   0.000000e+00   0.000000e+00   0.000000e+00   1.425912e-03
 0.000000e+00   0.000000e+00   4.599741e-04   0.000000e+00   0.000000e+00   8.559653e-04   9.136573e-03  -2.550824e-05   0.000000e+00
 0.000000e+00   0.000000e+00   4.318760e-03   0.000000e+00   0.000000e+00   9.136573e-03   3.306623e-01   5.062012e-02   0.000000e+00
 0.000000e+00   0.000000e+00   1.169977e-04   0.000000e+00   0.000000e+00  -2.550824e-05   5.062012e-02   5.376972e-02   0.000000e+00
-1.342661e-04   5.458151e-04   0.000000e+00  -4.464117e-04   1.425912e-03   0.000000e+00   0.000000e+00   0.000000e+00   4.453331e-02

# timestamp: 1774889716.0681782
 8.604613e-04  -4.944884e-06   0.000000e+00   2.300945e-04  -1.290448e-05   0.000000e+00   0.000000e+00   0.000000e+00  -8.733485e-05
-4.944884e-06   8.776845e-04   0.000000e+00  -9.770514e-06   2.582744e-04   0.000000e+00   0.000000e+00   0.000000e+00  -9.884580e-05
 0.000000e+00   0.000000e+00   9.771980e-04   0.000000e+00   0.000000e+00   4.458624e-04   4.741290e-03   8.590985e-04   0.000000e+00
 2.300945e-04  -9.770514e-06   0.000000e+00   3.928259e-04  -3.587942e-05   0.000000e+00   0.000000e+00   0.000000e+00  -4.074337e-04
-1.290448e-05   2.582744e-04   0.000000e+00  -3.587942e-05   4.902441e-04   0.000000e+00   0.000000e+00   0.000000e+00   1.195961e-03
 0.000000e+00   0.000000e+00   4.458624e-04   0.000000e+00   0.000000e+00   8.470624e-04   9.288716e-03   2.555251e-04   0.000000e+00
 0.000000e+00   0.000000e+00   4.741290e-03   0.000000e+00   0.000000e+00   9.288716e-03   3.344673e-01   5.005973e-02   0.000000e+00
 0.000000e+00   0.000000e+00   8.590985e-04   0.000000e+00   0.000000e+00   2.555251e-04   5.005973e-02   5.155120e-02   0.000000e+00
-8.733485e-05  -9.884580e-05   0.000000e+00  -4.074337e-04   1.195961e-03   0.000000e+00   0.000000e+00   0.000000e+00   4.276367e-02

# timestamp: 1774889716.1293318
 8.703672e-04  -6.944376e-06   0.000000e+00   2.331464e-04  -1.482291e-05   0.000000e+00   0.000000e+00   0.000000e+00  -1.095640e-04
-6.944376e-06   8.952240e-04   0.000000e+00  -1.670678e-05   2.835969e-04   0.000000e+00   0.000000e+00   0.000000e+00   5.420730e-04
 0.000000e+00   0.000000e+00   9.818370e-04   0.000000e+00   0.000000e+00   4.564897e-04   4.187319e-03  -9.923022e-07   0.000000e+00
 2.331464e-04  -1.670678e-05   0.000000e+00   3.940113e-04  -3.939012e-05   0.000000e+00   0.000000e+00   0.000000e+00  -4.224711e-04
-1.482291e-05   2.835969e-04   0.000000e+00  -3.939012e-05   5.077526e-04   0.000000e+00   0.000000e+00   0.000000e+00   1.431774e-03
 0.000000e+00   0.000000e+00   4.564897e-04   0.000000e+00   0.000000e+00   8.579346e-04   9.041849e-03  -2.708905e-04   0.000000e+00
 0.000000e+00   0.000000e+00   4.187319e-03   0.000000e+00   0.000000e+00   9.041849e-03   3.289935e-01   4.109816e-02   0.000000e+00
 0.000000e+00   0.000000e+00  -9.923022e-07   0.000000e+00   0.000000e+00  -2.708905e-04   4.109816e-02   4.999934e-02   0.000000e+00
-1.095640e-04   5.420730e-04   0.000000e+00  -4.224711e-04   1.431774e-03   0.000000e+00   0.000000e+00   0.000000e+00   4.378153e-02

# timestamp: 1774889716.3363757
 1.003591e-03  -4.584385e-06   0.000000e+00   2.658458e-04  -9.794877e-06   0.000000e+00   0.000000e+00   0.000000e+00   1.119676e-04
-4.584385e-06   1.115550e-03   0.000000e+00  -3.642945e-05   4.108584e-04   0.000000e+00   0.000000e+00   0.000000e+00   1.971801e-03
 0.000000e+00   0.000000e+00   1.185684e-03   0.000000e+00   0.000000e+00   5.509054e-04   2.323162e-03  -1.944342e-03   0.000000e+00
 2.658458e-04  -3.642945e-05   0.000000e+00   4.041250e-04  -5.189128e-05   0.000000e+00   0.000000e+00   0.000000e+00  -4.894218e-04
-9.794877e-06   4.108584e-04   0.000000e+00  -5.189128e-05   5.917907e-04   0.000000e+00   0.000000e+00   0.000000e+00   2.326136e-03
 0.000000e+00   0.000000e+00   5.509054e-04   0.000000e+00   0.000000e+00   9.241218e-04   7.856827e-03  -2.070849e-03   0.000000e+00
 0.000000e+00   0.000000e+00   2.323162e-03   0.000000e+00   0.000000e+00   7.856827e-03   2.863042e-01   1.163919e-02   0.000000e+00
 0.000000e+00   0.000000e+00  -1.944342e-03   0.000000e+00   0.000000e+00  -2.070849e-03   1.163919e-02   5.659122e-02   0.000000e+00
 1.119676e-04   1.971801e-03   0.000000e+00  -4.894218e-04   2.326136e-03   0.000000e+00   0.000000e+00   0.000000e+00   5.467809e-02

# timestamp: 1774889716.3644016
 1.046545e-03  -5.922165e-06   0.000000e+00   2.770867e-04  -1.101665e-05   0.000000e+00   0.000000e+00   0.000000e+00   9.798010e-05
-5.922165e-06   1.166827e-03   0.000000e+00  -3.915907e-05   4.323886e-04   0.000000e+00   0.000000e+00   0.000000e+00   2.037968e-03
 0.000000e+00   0.000000e+00   1.245047e-03   0.000000e+00   0.000000e+00   5.832361e-04   2.543457e-03  -2.003374e-03   0.000000e+00
 2.770867e-04  -3.915907e-05   0.000000e+00   4.075420e-04  -5.461719e-05   0.000000e+00   0.000000e+00   0.000000e+00  -5.246577e-04
-1.101665e-05   4.323886e-04   0.000000e+00  -5.461719e-05   6.062006e-04   0.000000e+00   0.000000e+00   0.000000e+00   2.463132e-03
 0.000000e+00   0.000000e+00   5.832361e-04   0.000000e+00   0.000000e+00   9.471932e-04   8.008452e-03  -2.205222e-03   0.000000e+00
 0.000000e+00   0.000000e+00   2.543457e-03   0.000000e+00   0.000000e+00   8.008452e-03   2.890881e-01   1.163919e-02   0.000000e+00
 0.000000e+00   0.000000e+00  -2.003374e-03   0.000000e+00   0.000000e+00  -2.205222e-03   1.163919e-02   5.937509e-02   0.000000e+00
 9.798010e-05   2.037968e-03   0.000000e+00  -5.246577e-04   2.463132e-03   0.000000e+00   0.000000e+00   0.000000e+00   5.746196e-02

# timestamp: 1774889716.4038706
 1.037081e-03   1.357321e-05   0.000000e+00   2.699514e-04   8.930938e-06   0.000000e+00   0.000000e+00   0.000000e+00   4.766709e-04
 1.357321e-05   1.204609e-03   0.000000e+00  -4.200286e-05   4.700236e-04   0.000000e+00   0.000000e+00   0.000000e+00   2.572957e-03
 0.000000e+00   0.000000e+00   1.268795e-03   0.000000e+00   0.000000e+00   5.737341e-04   6.108640e-04  -2.777382e-03   0.000000e+00
 2.699514e-04  -4.200286e-05   0.000000e+00   4.051434e-04  -5.410478e-05   0.000000e+00   0.000000e+00   0.000000e+00  -4.520952e-04
 8.930938e-06   4.700236e-04   0.000000e+00  -5.410478e-05   6.330622e-04   0.000000e+00   0.000000e+00   0.000000e+00   2.705386e-03
 0.000000e+00   0.000000e+00   5.737341e-04   0.000000e+00   0.000000e+00   9.379753e-04   6.509514e-03  -2.998614e-03   0.000000e+00
 0.000000e+00   0.000000e+00   6.108640e-04   0.000000e+00   0.000000e+00   6.509514e-03   2.396024e-01  -3.145044e-03   0.000000e+00
 0.000000e+00   0.000000e+00  -2.777382e-03   0.000000e+00   0.000000e+00  -2.998614e-03  -3.145044e-03   6.114891e-02   0.000000e+00
 4.766709e-04   2.572957e-03   0.000000e+00  -4.520952e-04   2.705386e-03   0.000000e+00   0.000000e+00   0.000000e+00   5.802779e-02

# timestamp: 1774889716.6498876
 1.200187e-03   8.164976e-05   0.000000e+00   2.963767e-04   7.385053e-05   0.000000e+00   0.000000e+00   0.000000e+00   1.359617e-03
 8.164976e-05   1.522866e-03   0.000000e+00  -5.682470e-05   6.637507e-04   0.000000e+00   0.000000e+00   0.000000e+00   3.953594e-03
 0.000000e+00   0.000000e+00   1.651736e-03   0.000000e+00   0.000000e+00   7.613985e-04  -1.355543e-03  -4.497227e-03   0.000000e+00
 2.963767e-04  -5.682470e-05   0.000000e+00   4.126310e-04  -6.264110e-05   0.000000e+00   0.000000e+00   0.000000e+00  -4.456024e-04
 7.385053e-05   6.637507e-04   0.000000e+00  -6.264110e-05   7.730727e-04   0.000000e+00   0.000000e+00   0.000000e+00   3.862246e-03
 0.000000e+00   0.000000e+00   7.613985e-04   0.000000e+00   0.000000e+00   1.099953e-03   5.362879e-03  -5.137867e-03   0.000000e+00
 0.000000e+00   0.000000e+00  -1.355543e-03   0.000000e+00   0.000000e+00   5.362879e-03   1.928042e-01  -1.961841e-02   0.000000e+00
 0.000000e+00   0.000000e+00  -4.497227e-03   0.000000e+00   0.000000e+00  -5.137867e-03  -1.961841e-02   8.063158e-02   0.000000e+00
 1.359617e-03   3.953594e-03   0.000000e+00  -4.456024e-04   3.862246e-03   0.000000e+00   0.000000e+00   0.000000e+00   7.048308e-02

# timestamp: 1774889716.669957
 1.223620e-03   8.188749e-05   0.000000e+00   3.019941e-04   7.469609e-05   0.000000e+00   0.000000e+00   0.000000e+00   1.352999e-03
 8.188749e-05   1.557189e-03   0.000000e+00  -5.907230e-05   6.803594e-04   0.000000e+00   0.000000e+00   0.000000e+00   4.010549e-03
 0.000000e+00   0.000000e+00   1.688994e-03   0.000000e+00   0.000000e+00   7.831239e-04  -1.276604e-03  -4.572953e-03   0.000000e+00
 3.019941e-04  -5.907230e-05   0.000000e+00   4.143996e-04  -6.453260e-05   0.000000e+00   0.000000e+00   0.000000e+00  -4.692922e-04
 7.469609e-05   6.803594e-04   0.000000e+00  -6.453260e-05   7.847570e-04   0.000000e+00   0.000000e+00   0.000000e+00   3.955810e-03
 0.000000e+00   0.000000e+00   7.831239e-04   0.000000e+00   0.000000e+00   1.118577e-03   5.452693e-03  -5.251189e-03   0.000000e+00
 0.000000e+00   0.000000e+00  -1.276604e-03   0.000000e+00   0.000000e+00   5.452693e-03   1.942701e-01  -1.961841e-02   0.000000e+00
 0.000000e+00   0.000000e+00  -4.572953e-03   0.000000e+00   0.000000e+00  -5.251189e-03  -1.961841e-02   8.209743e-02   0.000000e+00
 1.352999e-03   4.010549e-03   0.000000e+00  -4.692922e-04   3.955810e-03   0.000000e+00   0.000000e+00   0.000000e+00   7.194892e-02

# timestamp: 1774889716.6970882
 1.157953e-03   1.261502e-04   0.000000e+00   2.780054e-04   1.099387e-04   0.000000e+00   0.000000e+00   0.000000e+00   1.841407e-03
 1.261502e-04   1.513263e-03   0.000000e+00  -5.214059e-05   6.854079e-04   0.000000e+00   0.000000e+00   0.000000e+00   4.424965e-03
 0.000000e+00   0.000000e+00   1.680838e-03   0.000000e+00   0.000000e+00   7.733360e-04  -2.321148e-03  -5.037032e-03   0.000000e+00
 2.780054e-04  -5.214059e-05   0.000000e+00   4.066310e-04  -5.746517e-05   0.000000e+00   0.000000e+00   0.000000e+00  -3.317478e-04
 1.099387e-04   6.854079e-04   0.000000e+00  -5.746517e-05   7.935499e-04   0.000000e+00   0.000000e+00   0.000000e+00   4.024561e-03
 0.000000e+00   0.000000e+00   7.733360e-04   0.000000e+00   0.000000e+00   1.119822e-03   4.830956e-03  -5.666583e-03   0.000000e+00
 0.000000e+00   0.000000e+00  -2.321148e-03   0.000000e+00   0.000000e+00   4.830956e-03   1.778260e-01  -2.490462e-02   0.000000e+00
 0.000000e+00   0.000000e+00  -5.037032e-03   0.000000e+00   0.000000e+00  -5.666583e-03  -2.490462e-02   8.314957e-02   0.000000e+00
 1.841407e-03   4.424965e-03   0.000000e+00  -3.317478e-04   4.024561e-03   0.000000e+00   0.000000e+00   0.000000e+00   6.898254e-02

# timestamp: 1774889716.713591
 1.192197e-03   1.273988e-04   0.000000e+00   2.860924e-04   1.122656e-04   0.000000e+00   0.000000e+00   0.000000e+00   1.833911e-03
 1.273988e-04   1.565669e-03   0.000000e+00  -5.548870e-05   7.117248e-04   0.000000e+00   0.000000e+00   0.000000e+00   4.514057e-03
 0.000000e+00   0.000000e+00   1.737254e-03   0.000000e+00   0.000000e+00   8.070833e-04  -2.214447e-03  -5.162353e-03   0.000000e+00
 2.860924e-04  -5.548870e-05   0.000000e+00   4.091415e-04  -6.003901e-05   0.000000e+00   0.000000e+00   0.000000e+00  -3.642945e-04
 1.122656e-04   7.117248e-04   0.000000e+00  -6.003901e-05   8.118018e-04   0.000000e+00   0.000000e+00   0.000000e+00   4.162783e-03
 0.000000e+00   0.000000e+00   8.070833e-04   0.000000e+00   0.000000e+00   1.149119e-03   4.962652e-03  -5.844108e-03   0.000000e+00
 0.000000e+00   0.000000e+00  -2.214447e-03   0.000000e+00   0.000000e+00   4.962652e-03   1.800150e-01  -2.490462e-02   0.000000e+00
 0.000000e+00   0.000000e+00  -5.162353e-03   0.000000e+00   0.000000e+00  -5.844108e-03  -2.490462e-02   8.533856e-02   0.000000e+00
 1.833911e-03   4.514057e-03   0.000000e+00  -3.642945e-04   4.162783e-03   0.000000e+00   0.000000e+00   0.000000e+00   7.117153e-02

# timestamp: 1774889716.7381957
 1.231085e-03   1.287713e-04   0.000000e+00   2.952477e-04   1.147936e-04   0.000000e+00   0.000000e+00   0.000000e+00   1.824658e-03
 1.287713e-04   1.625906e-03   0.000000e+00  -5.936740e-05   7.419742e-04   0.000000e+00   0.000000e+00   0.000000e+00   4.617665e-03
 0.000000e+00   0.000000e+00   1.802390e-03   0.000000e+00   0.000000e+00   8.461112e-04  -2.091257e-03  -5.307646e-03   0.000000e+00
 2.952477e-04  -5.936740e-05   0.000000e+00   4.119978e-04  -6.308496e-05   0.000000e+00   0.000000e+00   0.000000e+00  -4.020941e-04
 1.147936e-04   7.419742e-04   0.000000e+00  -6.308496e-05   8.329607e-04   0.000000e+00   0.000000e+00   0.000000e+00   4.323314e-03
 0.000000e+00   0.000000e+00   8.461112e-04   0.000000e+00   0.000000e+00   1.183014e-03   5.111818e-03  -6.048783e-03   0.000000e+00
 0.000000e+00   0.000000e+00  -2.091257e-03   0.000000e+00   0.000000e+00   5.111818e-03   1.824737e-01  -2.490462e-02   0.000000e+00
 0.000000e+00   0.000000e+00  -5.307646e-03   0.000000e+00   0.000000e+00  -6.048783e-03  -2.490462e-02   8.779726e-02   0.000000e+00
 1.824658e-03   4.617665e-03   0.000000e+00  -4.020941e-04   4.323314e-03   0.000000e+00   0.000000e+00   0.000000e+00   7.363022e-02

# timestamp: 1774889716.962306
 1.361587e-03   2.460180e-04   0.000000e+00   3.074327e-04   2.146907e-04   0.000000e+00   0.000000e+00   0.000000e+00   2.668121e-03
 2.460180e-04   1.995686e-03   0.000000e+00  -7.342514e-05   9.986539e-04   0.000000e+00   0.000000e+00   0.000000e+00   6.366912e-03
 0.000000e+00   0.000000e+00   2.301887e-03   0.000000e+00   0.000000e+00   1.166809e-03  -2.797057e-03  -7.541769e-03   0.000000e+00
 3.074327e-04  -7.342514e-05   0.000000e+00   4.157927e-04  -7.169885e-05   0.000000e+00   0.000000e+00   0.000000e+00  -4.220339e-04
 2.146907e-04   9.986539e-04   0.000000e+00  -7.169885e-05   1.027880e-03   0.000000e+00   0.000000e+00   0.000000e+00   5.734964e-03
 0.000000e+00   0.000000e+00   1.166809e-03   0.000000e+00   0.000000e+00   1.490102e-03   5.456843e-03  -8.470227e-03   0.000000e+00
 0.000000e+00   0.000000e+00  -2.797057e-03   0.000000e+00   0.000000e+00   5.456843e-03   1.818423e-01  -3.294446e-02   0.000000e+00
 0.000000e+00   0.000000e+00  -7.541769e-03   0.000000e+00   0.000000e+00  -8.470227e-03  -3.294446e-02   1.067280e-01   0.000000e+00
 2.668121e-03   6.366912e-03   0.000000e+00  -4.220339e-04   5.734964e-03   0.000000e+00   0.000000e+00   0.000000e+00   8.522037e-02

# timestamp: 1774889716.9982703
 1.313560e-03   3.047880e-04   0.000000e+00   2.864096e-04   2.606585e-04   0.000000e+00   0.000000e+00   0.000000e+00   3.167235e-03
 3.047880e-04   1.972845e-03   0.000000e+00  -6.580686e-05   1.020678e-03   0.000000e+00   0.000000e+00   0.000000e+00   6.847683e-03
 0.000000e+00   0.000000e+00   2.337653e-03   0.000000e+00   0.000000e+00   1.195509e-03  -3.546947e-03  -8.131622e-03   0.000000e+00
 2.864096e-04  -6.580686e-05   0.000000e+00   4.091670e-04  -6.535641e-05   0.000000e+00   0.000000e+00   0.000000e+00  -3.150615e-04
 2.606585e-04   1.020678e-03   0.000000e+00  -6.535641e-05   1.053528e-03   0.000000e+00   0.000000e+00   0.000000e+00   5.930480e-03
 0.000000e+00   0.000000e+00   1.195509e-03   0.000000e+00   0.000000e+00   1.531581e-03   5.161578e-03  -9.020919e-03   0.000000e+00
 0.000000e+00   0.000000e+00  -3.546947e-03   0.000000e+00   0.000000e+00   5.161578e-03   1.753035e-01  -3.587951e-02   0.000000e+00
 0.000000e+00   0.000000e+00  -8.131622e-03   0.000000e+00   0.000000e+00  -9.020919e-03  -3.587951e-02   1.095479e-01   0.000000e+00
 3.167235e-03   6.847683e-03   0.000000e+00  -3.150615e-04   5.930480e-03   0.000000e+00   0.000000e+00   0.000000e+00   8.388024e-02

# timestamp: 1774889717.0302796
 1.372920e-03   3.120572e-04   0.000000e+00   2.993434e-04   2.690702e-04   0.000000e+00   0.000000e+00   0.000000e+00   3.154572e-03
 3.120572e-04   2.088756e-03   0.000000e+00  -7.380522e-05   1.084936e-03   0.000000e+00   0.000000e+00   0.000000e+00   7.073448e-03
 0.000000e+00   0.000000e+00   2.467375e-03   0.000000e+00   0.000000e+00   1.280071e-03  -3.350396e-03  -8.474542e-03   0.000000e+00
 2.993434e-04  -7.380522e-05   0.000000e+00   4.134547e-04  -7.132333e-05   0.000000e+00   0.000000e+00   0.000000e+00  -3.826528e-04
 2.690702e-04   1.084936e-03   0.000000e+00  -7.132333e-05   1.099348e-03   0.000000e+00   0.000000e+00   0.000000e+00   6.229219e-03
 0.000000e+00   0.000000e+00   1.280071e-03   0.000000e+00   0.000000e+00   1.607485e-03   5.424931e-03  -9.436585e-03   0.000000e+00
 0.000000e+00   0.000000e+00  -3.350396e-03   0.000000e+00   0.000000e+00   5.424931e-03   1.790451e-01  -3.587951e-02   0.000000e+00
 0.000000e+00   0.000000e+00  -8.474542e-03   0.000000e+00   0.000000e+00  -9.436585e-03  -3.587951e-02   1.132895e-01   0.000000e+00
 3.154572e-03   7.073448e-03   0.000000e+00  -3.826528e-04   6.229219e-03   0.000000e+00   0.000000e+00   0.000000e+00   8.762186e-02

# timestamp: 1774889717.2521782
 1.533209e-03   4.858557e-04   0.000000e+00   3.006973e-04   4.252168e-04   0.000000e+00   0.000000e+00   0.000000e+00   4.368144e-03
 4.858557e-04   2.453964e-03   0.000000e+00  -9.488672e-05   1.364988e-03   0.000000e+00   0.000000e+00   0.000000e+00   8.625367e-03
 0.000000e+00   0.000000e+00   3.092757e-03   0.000000e+00   0.000000e+00   1.676361e-03  -4.766081e-03  -1.095484e-02   0.000000e+00
 3.006973e-04  -9.488672e-05   0.000000e+00   4.172038e-04  -8.799812e-05   0.000000e+00   0.000000e+00   0.000000e+00  -5.034583e-04
 4.252168e-04   1.364988e-03   0.000000e+00  -8.799812e-05   1.333911e-03   0.000000e+00   0.000000e+00   0.000000e+00   7.709496e-03
 0.000000e+00   0.000000e+00   1.676361e-03   0.000000e+00   0.000000e+00   2.014389e-03   5.378948e-03  -1.228690e-02   0.000000e+00
 0.000000e+00   0.000000e+00  -4.766081e-03   0.000000e+00   0.000000e+00   5.378948e-03   1.729385e-01  -3.707448e-02   0.000000e+00
 0.000000e+00   0.000000e+00  -1.095484e-02   0.000000e+00   0.000000e+00  -1.228690e-02  -3.707448e-02   1.350176e-01   0.000000e+00
 4.368144e-03   8.625367e-03   0.000000e+00  -5.034583e-04   7.709496e-03   0.000000e+00   0.000000e+00   0.000000e+00   9.830627e-02

# timestamp: 1774889717.276802
 1.494186e-03   5.447491e-04   0.000000e+00   2.765117e-04   4.817410e-04   0.000000e+00   0.000000e+00   0.000000e+00   5.068605e-03
 5.447491e-04   2.287102e-03   0.000000e+00  -7.747821e-05   1.303086e-03   0.000000e+00   0.000000e+00   0.000000e+00   8.522786e-03
 0.000000e+00   0.000000e+00   3.052991e-03   0.000000e+00   0.000000e+00   1.624000e-03  -6.188414e-03  -1.104784e-02   0.000000e+00
 2.765117e-04  -7.747821e-05   0.000000e+00   4.086217e-04  -7.486537e-05   0.000000e+00   0.000000e+00   0.000000e+00  -3.280028e-04
 4.817410e-04   1.303086e-03   0.000000e+00  -7.486537e-05   1.312399e-03   0.000000e+00   0.000000e+00   0.000000e+00   7.576496e-03
 0.000000e+00   0.000000e+00   1.624000e-03   0.000000e+00   0.000000e+00   1.981706e-03   4.333568e-03  -1.246465e-02   0.000000e+00
 0.000000e+00   0.000000e+00  -6.188414e-03   0.000000e+00   0.000000e+00   4.333568e-03   1.595681e-01  -3.477694e-02   0.000000e+00
 0.000000e+00   0.000000e+00  -1.104784e-02   0.000000e+00   0.000000e+00  -1.246465e-02  -3.477694e-02   1.372523e-01   0.000000e+00
 5.068605e-03   8.522786e-03   0.000000e+00  -3.280028e-04   7.576496e-03   0.000000e+00   0.000000e+00   0.000000e+00   9.443219e-02

# timestamp: 1774889717.2978263
 1.528711e-03   5.536852e-04   0.000000e+00   2.811147e-04   4.906157e-04   0.000000e+00   0.000000e+00   0.000000e+00   5.060725e-03
 5.536852e-04   2.367864e-03   0.000000e+00  -8.683588e-05   1.350469e-03   0.000000e+00   0.000000e+00   0.000000e+00   8.692011e-03
 0.000000e+00   0.000000e+00   3.148295e-03   0.000000e+00   0.000000e+00   1.686422e-03  -6.090887e-03  -1.132618e-02   0.000000e+00
 2.811147e-04  -8.683588e-05   0.000000e+00   4.114917e-04  -8.243549e-05   0.000000e+00   0.000000e+00   0.000000e+00  -4.129164e-04
 4.906157e-04   1.350469e-03   0.000000e+00  -8.243549e-05   1.346715e-03   0.000000e+00   0.000000e+00   0.000000e+00   7.777048e-03
 0.000000e+00   0.000000e+00   1.686422e-03   0.000000e+00   0.000000e+00   2.044578e-03   4.548861e-03  -1.278552e-02   0.000000e+00
 0.000000e+00   0.000000e+00  -6.090887e-03   0.000000e+00   0.000000e+00   4.548861e-03   1.617824e-01  -3.477694e-02   0.000000e+00
 0.000000e+00   0.000000e+00  -1.132618e-02   0.000000e+00   0.000000e+00  -1.278552e-02  -3.477694e-02   1.394666e-01   0.000000e+00
 5.060725e-03   8.692011e-03   0.000000e+00  -4.129164e-04   7.777048e-03   0.000000e+00   0.000000e+00   0.000000e+00   9.664653e-02

# timestamp: 1774889717.3178582
 1.561192e-03   5.620314e-04   0.000000e+00   2.854861e-04   4.987448e-04   0.000000e+00   0.000000e+00   0.000000e+00   5.051618e-03
 5.620314e-04   2.445343e-03   0.000000e+00  -9.588190e-05   1.395818e-03   0.000000e+00   0.000000e+00   0.000000e+00   8.854418e-03
 0.000000e+00   0.000000e+00   3.239997e-03   0.000000e+00   0.000000e+00   1.746712e-03  -5.995268e-03  -1.159311e-02   0.000000e+00
 2.854861e-04  -9.588190e-05   0.000000e+00   4.143141e-04  -8.984210e-05   0.000000e+00   0.000000e+00   0.000000e+00  -4.941025e-04
 4.987448e-04   1.395818e-03   0.000000e+00  -8.984210e-05   1.379584e-03   0.000000e+00   0.000000e+00   0.000000e+00   7.968797e-03
 0.000000e+00   0.000000e+00   1.746712e-03   0.000000e+00   0.000000e+00   2.104962e-03   4.752013e-03  -1.308983e-02   0.000000e+00
 0.000000e+00   0.000000e+00  -5.995268e-03   0.000000e+00   0.000000e+00   4.752013e-03   1.638539e-01  -3.477694e-02   0.000000e+00
 0.000000e+00   0.000000e+00  -1.159311e-02   0.000000e+00   0.000000e+00  -1.308983e-02  -3.477694e-02   1.415381e-01   0.000000e+00
 5.051618e-03   8.854418e-03   0.000000e+00  -4.941025e-04   7.968797e-03   0.000000e+00   0.000000e+00   0.000000e+00   9.871798e-02

# timestamp: 1774889717.357023
 1.613746e-03   5.753789e-04   0.000000e+00   2.926519e-04   5.114364e-04   0.000000e+00   0.000000e+00   0.000000e+00   5.033539e-03
 5.753789e-04   2.573709e-03   0.000000e+00  -1.110233e-04   1.470747e-03   0.000000e+00   0.000000e+00   0.000000e+00   9.123384e-03
 0.000000e+00   0.000000e+00   3.392546e-03   0.000000e+00   0.000000e+00   1.847434e-03  -5.833131e-03  -1.203466e-02   0.000000e+00
 2.926519e-04  -1.110233e-04   0.000000e+00   4.191323e-04  -1.024112e-04   0.000000e+00   0.000000e+00   0.000000e+00  -6.281758e-04
 5.114364e-04   1.470747e-03   0.000000e+00  -1.024112e-04   1.433962e-03   0.000000e+00   0.000000e+00   0.000000e+00   8.285458e-03
 0.000000e+00   0.000000e+00   1.847434e-03   0.000000e+00   0.000000e+00   2.205157e-03   5.081952e-03  -1.358724e-02   0.000000e+00
 0.000000e+00   0.000000e+00  -5.833131e-03   0.000000e+00   0.000000e+00   5.081952e-03   1.671804e-01  -3.477694e-02   0.000000e+00
 0.000000e+00   0.000000e+00  -1.203466e-02   0.000000e+00   0.000000e+00  -1.358724e-02  -3.477694e-02   1.448646e-01   0.000000e+00
 5.033539e-03   9.123384e-03   0.000000e+00  -6.281758e-04   8.285458e-03   0.000000e+00   0.000000e+00   0.000000e+00   1.020445e-01

# timestamp: 1774889717.5499566
 1.764009e-03   7.374827e-04   0.000000e+00   2.484083e-04   6.809390e-04   0.000000e+00   0.000000e+00   0.000000e+00   6.311934e-03
 7.374827e-04   2.712841e-03   0.000000e+00  -1.718179e-04   1.625943e-03   0.000000e+00   0.000000e+00   0.000000e+00   9.799546e-03
 0.000000e+00   0.000000e+00   3.966509e-03   0.000000e+00   0.000000e+00   2.133341e-03  -8.241372e-03  -1.406039e-02   0.000000e+00
 2.484083e-04  -1.718179e-04   0.000000e+00   4.284179e-04  -1.604542e-04   0.000000e+00   0.000000e+00   0.000000e+00  -1.152799e-03
 6.809390e-04   1.625943e-03   0.000000e+00  -1.604542e-04   1.605093e-03   0.000000e+00   0.000000e+00   0.000000e+00   9.229686e-03
 0.000000e+00   0.000000e+00   2.133341e-03   0.000000e+00   0.000000e+00   2.581596e-03   4.567270e-03  -1.604365e-02   0.000000e+00
 0.000000e+00   0.000000e+00  -8.241372e-03   0.000000e+00   0.000000e+00   4.567270e-03   1.583814e-01  -2.771380e-02   0.000000e+00
 0.000000e+00   0.000000e+00  -1.406039e-02   0.000000e+00   0.000000e+00  -1.604365e-02  -2.771380e-02   1.625007e-01   0.000000e+00
 6.311934e-03   9.799546e-03   0.000000e+00  -1.152799e-03   9.229686e-03   0.000000e+00   0.000000e+00   0.000000e+00   1.075327e-01

# timestamp: 1774889717.5722654
 1.796021e-03   7.482643e-04   0.000000e+00   2.487082e-04   6.901424e-04   0.000000e+00   0.000000e+00   0.000000e+00   6.286245e-03
 7.482643e-04   2.804595e-03   0.000000e+00  -1.893892e-04   1.680590e-03   0.000000e+00   0.000000e+00   0.000000e+00   9.998067e-03
 0.000000e+00   0.000000e+00   4.080327e-03   0.000000e+00   0.000000e+00   2.206381e-03  -8.141910e-03  -1.440539e-02   0.000000e+00
 2.487082e-04  -1.893892e-04   0.000000e+00   4.340275e-04  -1.761423e-04   0.000000e+00   0.000000e+00   0.000000e+00  -1.306792e-03
 6.901424e-04   1.680590e-03   0.000000e+00  -1.761423e-04   1.645024e-03   0.000000e+00   0.000000e+00   0.000000e+00   9.450160e-03
 0.000000e+00   0.000000e+00   2.206381e-03   0.000000e+00   0.000000e+00   2.662715e-03   4.849208e-03  -1.641452e-02   0.000000e+00
 0.000000e+00   0.000000e+00  -8.141910e-03   0.000000e+00   0.000000e+00   4.849208e-03   1.605155e-01  -2.771380e-02   0.000000e+00
 0.000000e+00   0.000000e+00  -1.440539e-02   0.000000e+00   0.000000e+00  -1.641452e-02  -2.771380e-02   1.646347e-01   0.000000e+00
 6.286245e-03   9.998067e-03   0.000000e+00  -1.306792e-03   9.450160e-03   0.000000e+00   0.000000e+00   0.000000e+00   1.096667e-01

# timestamp: 1774889717.5883389
 1.747933e-03   7.730380e-04   0.000000e+00   2.162583e-04   7.314191e-04   0.000000e+00   0.000000e+00   0.000000e+00   6.958252e-03
 7.730380e-04   2.501664e-03   0.000000e+00  -1.644740e-04   1.534019e-03   0.000000e+00   0.000000e+00   0.000000e+00   9.485347e-03
 0.000000e+00   0.000000e+00   3.936830e-03   0.000000e+00   0.000000e+00   2.057452e-03  -9.721723e-03  -1.408419e-02   0.000000e+00
 2.162583e-04  -1.644740e-04   0.000000e+00   4.217141e-04  -1.581646e-04   0.000000e+00   0.000000e+00   0.000000e+00  -1.082699e-03
 7.314191e-04   1.534019e-03   0.000000e+00  -1.581646e-04   1.570634e-03   0.000000e+00   0.000000e+00   0.000000e+00   9.035501e-03
 0.000000e+00   0.000000e+00   2.057452e-03   0.000000e+00   0.000000e+00   2.544707e-03   3.607966e-03  -1.617902e-02   0.000000e+00
 0.000000e+00   0.000000e+00  -9.721723e-03   0.000000e+00   0.000000e+00   3.607966e-03   1.500749e-01  -2.352598e-02   0.000000e+00
 0.000000e+00   0.000000e+00  -1.408419e-02   0.000000e+00   0.000000e+00  -1.617902e-02  -2.352598e-02   1.647315e-01   0.000000e+00
 6.958252e-03   9.485347e-03   0.000000e+00  -1.082699e-03   9.035501e-03   0.000000e+00   0.000000e+00   0.000000e+00   1.038415e-01

# timestamp: 1774889717.6489978
 1.840033e-03   8.086357e-04   0.000000e+00   2.082989e-04   7.620404e-04   0.000000e+00   0.000000e+00   0.000000e+00   6.873387e-03
 8.086357e-04   2.773686e-03   0.000000e+00  -2.269669e-04   1.698738e-03   0.000000e+00   0.000000e+00   0.000000e+00   1.008539e-02
 0.000000e+00   0.000000e+00   4.279355e-03   0.000000e+00   0.000000e+00   2.268803e-03  -9.463628e-03  -1.515807e-02   0.000000e+00
 2.082989e-04  -2.269669e-04   0.000000e+00   4.421918e-04  -2.148609e-04   0.000000e+00   0.000000e+00   0.000000e+00  -1.638433e-03
 7.620404e-04   1.698738e-03   0.000000e+00  -2.148609e-04   1.691744e-03   0.000000e+00   0.000000e+00   0.000000e+00   9.694082e-03
 0.000000e+00   0.000000e+00   2.268803e-03   0.000000e+00   0.000000e+00   2.798460e-03   4.546712e-03  -1.733209e-02   0.000000e+00
 0.000000e+00   0.000000e+00  -9.463628e-03   0.000000e+00   0.000000e+00   4.546712e-03   1.565178e-01  -2.352598e-02   0.000000e+00
 0.000000e+00   0.000000e+00  -1.515807e-02   0.000000e+00   0.000000e+00  -1.733209e-02  -2.352598e-02   1.711743e-01   0.000000e+00
 6.873387e-03   1.008539e-02   0.000000e+00  -1.638433e-03   9.694082e-03   0.000000e+00   0.000000e+00   0.000000e+00   1.102843e-01

# timestamp: 1774889717.8373728
 2.018221e-03   9.119097e-04   0.000000e+00   1.376777e-04   8.658519e-04   0.000000e+00   0.000000e+00   0.000000e+00   7.118980e-03
 9.119097e-04   3.232341e-03   0.000000e+00  -4.154138e-04   2.012004e-03   0.000000e+00   0.000000e+00   0.000000e+00   1.123370e-02
 0.000000e+00   0.000000e+00   5.114348e-03   0.000000e+00   0.000000e+00   2.717686e-03  -1.019288e-02  -1.793737e-02   0.000000e+00
 1.376777e-04  -4.154138e-04   0.000000e+00   5.198666e-04  -3.960107e-04   0.000000e+00   0.000000e+00   0.000000e+00  -3.223013e-03
 8.658519e-04   2.012004e-03   0.000000e+00  -3.960107e-04   1.956419e-03   0.000000e+00   0.000000e+00   0.000000e+00   1.108673e-02
 0.000000e+00   0.000000e+00   2.717686e-03   0.000000e+00   0.000000e+00   3.440315e-03   6.157727e-03  -2.025186e-02   0.000000e+00
 0.000000e+00   0.000000e+00  -1.019288e-02   0.000000e+00   0.000000e+00   6.157727e-03   1.645469e-01  -1.916244e-02   0.000000e+00
 0.000000e+00   0.000000e+00  -1.793737e-02   0.000000e+00   0.000000e+00  -2.025186e-02  -1.916244e-02   1.880053e-01   0.000000e+00
 7.118980e-03   1.123370e-02   0.000000e+00  -3.223013e-03   1.108673e-02   0.000000e+00   0.000000e+00   0.000000e+00   1.214097e-01

# timestamp: 1774889717.8634655
 2.053561e-03   9.239596e-04   0.000000e+00   1.337775e-04   8.731083e-04   0.000000e+00   0.000000e+00   0.000000e+00   7.026431e-03
 9.239596e-04   3.373596e-03   0.000000e+00  -4.567501e-04   2.096960e-03   0.000000e+00   0.000000e+00   0.000000e+00   1.154404e-02
 0.000000e+00   0.000000e+00   5.295663e-03   0.000000e+00   0.000000e+00   2.836216e-03  -1.001738e-02  -1.850383e-02   0.000000e+00
 1.337775e-04  -4.567501e-04   0.000000e+00   5.403899e-04  -4.344378e-04   0.000000e+00   0.000000e+00   0.000000e+00  -3.546074e-03
 8.731083e-04   2.096960e-03   0.000000e+00  -4.344378e-04   2.018488e-03   0.000000e+00   0.000000e+00   0.000000e+00   1.141135e-02
 0.000000e+00   0.000000e+00   2.836216e-03   0.000000e+00   0.000000e+00   3.584877e-03   6.644457e-03  -2.080229e-02   0.000000e+00
 0.000000e+00   0.000000e+00  -1.001738e-02   0.000000e+00   0.000000e+00   6.644457e-03   1.673162e-01  -1.916244e-02   0.000000e+00
 0.000000e+00   0.000000e+00  -1.850383e-02   0.000000e+00   0.000000e+00  -2.080229e-02  -1.916244e-02   1.907746e-01   0.000000e+00
 7.026431e-03   1.154404e-02   0.000000e+00  -3.546074e-03   1.141135e-02   0.000000e+00   0.000000e+00   0.000000e+00   1.241790e-01

# timestamp: 1774889717.8892531
 2.082993e-03   9.332938e-04   0.000000e+00   1.311568e-04   8.781630e-04   0.000000e+00   0.000000e+00   0.000000e+00   6.942176e-03
 9.332938e-04   3.495430e-03   0.000000e+00  -4.928001e-04   2.170009e-03   0.000000e+00   0.000000e+00   0.000000e+00   1.181056e-02
 0.000000e+00   0.000000e+00   5.452510e-03   0.000000e+00   0.000000e+00   2.940020e-03  -9.860291e-03  -1.898939e-02   0.000000e+00
 1.311568e-04  -4.928001e-04   0.000000e+00   5.588783e-04  -4.679137e-04   0.000000e+00   0.000000e+00   0.000000e+00  -3.822065e-03
 8.781630e-04   2.170009e-03   0.000000e+00  -4.679137e-04   2.071753e-03   0.000000e+00   0.000000e+00   0.000000e+00   1.168868e-02
 0.000000e+00   0.000000e+00   2.940020e-03   0.000000e+00   0.000000e+00   3.710057e-03   7.057397e-03  -2.126856e-02   0.000000e+00
 0.000000e+00   0.000000e+00  -9.860291e-03   0.000000e+00   0.000000e+00   7.057397e-03   1.696334e-01  -1.916244e-02   0.000000e+00
 0.000000e+00   0.000000e+00  -1.898939e-02   0.000000e+00   0.000000e+00  -2.126856e-02  -1.916244e-02   1.930918e-01   0.000000e+00
 6.942176e-03   1.181056e-02   0.000000e+00  -3.822065e-03   1.168868e-02   0.000000e+00   0.000000e+00   0.000000e+00   1.264962e-01

# timestamp: 1774889717.9031165
 2.105464e-03   9.399430e-04   0.000000e+00   1.295782e-04   8.813567e-04   0.000000e+00   0.000000e+00   0.000000e+00   6.872989e-03
 9.399430e-04   3.591218e-03   0.000000e+00  -5.213853e-04   2.227292e-03   0.000000e+00   0.000000e+00   0.000000e+00   1.201954e-02
 0.000000e+00   0.000000e+00   5.576135e-03   0.000000e+00   0.000000e+00   3.022630e-03  -9.732990e-03  -1.936947e-02   0.000000e+00
 1.295782e-04  -5.213853e-04   0.000000e+00   5.738834e-04  -4.944162e-04   0.000000e+00   0.000000e+00   0.000000e+00  -4.036986e-03
 8.813567e-04   2.227292e-03   0.000000e+00  -4.944162e-04   2.113435e-03   0.000000e+00   0.000000e+00   0.000000e+00   1.190464e-02
 0.000000e+00   0.000000e+00   3.022630e-03   0.000000e+00   0.000000e+00   3.808688e-03   7.377341e-03  -2.162941e-02   0.000000e+00
 0.000000e+00   0.000000e+00  -9.732990e-03   0.000000e+00   0.000000e+00   7.377341e-03   1.714104e-01  -1.916244e-02   0.000000e+00
 0.000000e+00   0.000000e+00  -1.936947e-02   0.000000e+00   0.000000e+00  -2.162941e-02  -1.916244e-02   1.948688e-01   0.000000e+00
 6.872989e-03   1.201954e-02   0.000000e+00  -4.036986e-03   1.190464e-02   0.000000e+00   0.000000e+00   0.000000e+00   1.282732e-01

# timestamp: 1774889717.9192224
 2.122160e-03   9.445949e-04   0.000000e+00   1.286552e-04   8.833525e-04   0.000000e+00   0.000000e+00   0.000000e+00   6.819069e-03
 9.445949e-04   3.663822e-03   0.000000e+00  -5.431949e-04   2.270632e-03   0.000000e+00   0.000000e+00   0.000000e+00   1.217751e-02
 0.000000e+00   0.000000e+00   5.670054e-03   0.000000e+00   0.000000e+00   3.085805e-03  -9.634637e-03  -1.965639e-02   0.000000e+00
 1.286552e-04  -5.431949e-04   0.000000e+00   5.855225e-04  -5.146139e-04   0.000000e+00   0.000000e+00   0.000000e+00  -4.198913e-03
 8.833525e-04   2.270632e-03   0.000000e+00  -5.146139e-04   2.144932e-03   0.000000e+00   0.000000e+00   0.000000e+00   1.206735e-02
 0.000000e+00   0.000000e+00   3.085805e-03   0.000000e+00   0.000000e+00   3.883586e-03   7.617425e-03  -2.189996e-02   0.000000e+00
 0.000000e+00   0.000000e+00  -9.634637e-03   0.000000e+00   0.000000e+00   7.617425e-03   1.727328e-01  -1.916244e-02   0.000000e+00
 0.000000e+00   0.000000e+00  -1.965639e-02   0.000000e+00   0.000000e+00  -2.189996e-02  -1.916244e-02   1.961913e-01   0.000000e+00
 6.819069e-03   1.217751e-02   0.000000e+00  -4.198913e-03   1.206735e-02   0.000000e+00   0.000000e+00   0.000000e+00   1.295957e-01

# timestamp: 1774889717.9324877
 2.137384e-03   9.486090e-04   0.000000e+00   1.280095e-04   8.848758e-04   0.000000e+00   0.000000e+00   0.000000e+00   6.767906e-03
 9.486090e-04   3.731146e-03   0.000000e+00  -5.635236e-04   2.310757e-03   0.000000e+00   0.000000e+00   0.000000e+00   1.232371e-02
 0.000000e+00   0.000000e+00   5.757308e-03   0.000000e+00   0.000000e+00   3.144807e-03  -9.541972e-03  -1.992164e-02   0.000000e+00
 1.280095e-04  -5.635236e-04   0.000000e+00   5.965083e-04  -5.334179e-04   0.000000e+00   0.000000e+00   0.000000e+00  -4.348212e-03
 8.848758e-04   2.310757e-03   0.000000e+00  -5.334179e-04   2.174057e-03   0.000000e+00   0.000000e+00   0.000000e+00   1.221737e-02
 0.000000e+00   0.000000e+00   3.144807e-03   0.000000e+00   0.000000e+00   3.953112e-03   7.838104e-03  -2.214846e-02   0.000000e+00
 0.000000e+00   0.000000e+00  -9.541972e-03   0.000000e+00   0.000000e+00   7.838104e-03   1.739406e-01  -1.916244e-02   0.000000e+00
 0.000000e+00   0.000000e+00  -1.992164e-02   0.000000e+00   0.000000e+00  -2.214846e-02  -1.916244e-02   1.973990e-01   0.000000e+00
 6.767906e-03   1.232371e-02   0.000000e+00  -4.348212e-03   1.221737e-02   0.000000e+00   0.000000e+00   0.000000e+00   1.308034e-01

# timestamp: 1774889718.1102352
 2.367017e-03   9.761913e-04   0.000000e+00   1.451795e-04   8.694784e-04   0.000000e+00   0.000000e+00   0.000000e+00   5.774186e-03
 9.761913e-04   4.865260e-03   0.000000e+00  -9.196793e-04   2.978920e-03   0.000000e+00   0.000000e+00   0.000000e+00   1.474392e-02
 0.000000e+00   0.000000e+00   7.256589e-03   0.000000e+00   0.000000e+00   4.192027e-03  -7.822260e-03  -2.427028e-02   0.000000e+00
 1.451795e-04  -9.196793e-04   0.000000e+00   8.042305e-04  -8.586114e-04   0.000000e+00   0.000000e+00   0.000000e+00  -6.753217e-03
 8.694784e-04   2.978920e-03   0.000000e+00  -8.586114e-04   2.654259e-03   0.000000e+00   0.000000e+00   0.000000e+00   1.463402e-02
 0.000000e+00   0.000000e+00   4.192027e-03   0.000000e+00   0.000000e+00   5.129002e-03   1.131372e-02  -2.604219e-02   0.000000e+00
 0.000000e+00   0.000000e+00  -7.822260e-03   0.000000e+00   0.000000e+00   1.131372e-02   1.920556e-01  -1.916244e-02   0.000000e+00
 0.000000e+00   0.000000e+00  -2.427028e-02   0.000000e+00   0.000000e+00  -2.604219e-02  -1.916244e-02   2.155140e-01   0.000000e+00
 5.774186e-03   1.474392e-02   0.000000e+00  -6.753217e-03   1.463402e-02   0.000000e+00   0.000000e+00   0.000000e+00   1.489184e-01

# timestamp: 1774889718.1237173
 2.384540e-03   9.753178e-04   0.000000e+00   1.488134e-04   8.651257e-04   0.000000e+00   0.000000e+00   0.000000e+00   5.682361e-03
 9.753178e-04   4.959827e-03   0.000000e+00  -9.504152e-04   3.034044e-03   0.000000e+00   0.000000e+00   0.000000e+00   1.494217e-02
 0.000000e+00   0.000000e+00   7.384387e-03   0.000000e+00   0.000000e+00   4.283298e-03  -7.668587e-03  -2.462294e-02   0.000000e+00
 1.488134e-04  -9.504152e-04   0.000000e+00   8.231022e-04  -8.862563e-04   0.000000e+00   0.000000e+00   0.000000e+00  -6.945005e-03
 8.651257e-04   3.034044e-03   0.000000e+00  -8.862563e-04   2.693476e-03   0.000000e+00   0.000000e+00   0.000000e+00   1.482673e-02
 0.000000e+00   0.000000e+00   4.283298e-03   0.000000e+00   0.000000e+00   5.226976e-03   1.158532e-02  -2.634501e-02   0.000000e+00
 0.000000e+00   0.000000e+00  -7.668587e-03   0.000000e+00   0.000000e+00   1.158532e-02   1.934059e-01  -1.916244e-02   0.000000e+00
 0.000000e+00   0.000000e+00  -2.462294e-02   0.000000e+00   0.000000e+00  -2.634501e-02  -1.916244e-02   2.168643e-01   0.000000e+00
 5.682361e-03   1.494217e-02   0.000000e+00  -6.945005e-03   1.482673e-02   0.000000e+00   0.000000e+00   0.000000e+00   1.502687e-01

# timestamp: 1774889718.1422231
 2.402416e-03   9.739421e-04   0.000000e+00   1.528828e-04   8.602064e-04   0.000000e+00   0.000000e+00   0.000000e+00   5.586595e-03
 9.739421e-04   5.057258e-03   0.000000e+00  -9.822298e-04   3.090751e-03   0.000000e+00   0.000000e+00   0.000000e+00   1.514587e-02
 0.000000e+00   0.000000e+00   7.516531e-03   0.000000e+00   0.000000e+00   4.377886e-03  -7.509003e-03  -2.498476e-02   0.000000e+00
 1.528828e-04  -9.822298e-04   0.000000e+00   8.427443e-04  -9.147980e-04   0.000000e+00   0.000000e+00   0.000000e+00  -7.141277e-03
 8.602064e-04   3.090751e-03   0.000000e+00  -9.147980e-04   2.733755e-03   0.000000e+00   0.000000e+00   0.000000e+00   1.502396e-02
 0.000000e+00   0.000000e+00   4.377886e-03   0.000000e+00   0.000000e+00   5.327845e-03   1.186252e-02  -2.665389e-02   0.000000e+00
 0.000000e+00   0.000000e+00  -7.509003e-03   0.000000e+00   0.000000e+00   1.186252e-02   1.947754e-01  -1.916244e-02   0.000000e+00
 0.000000e+00   0.000000e+00  -2.498476e-02   0.000000e+00   0.000000e+00  -2.665389e-02  -1.916244e-02   2.182338e-01   0.000000e+00
 5.586595e-03   1.514587e-02   0.000000e+00  -7.141277e-03   1.502396e-02   0.000000e+00   0.000000e+00   0.000000e+00   1.516382e-01

# timestamp: 1774889718.1626732
 2.433817e-03   9.703456e-04   0.000000e+00   1.609018e-04   8.504353e-04   0.000000e+00   0.000000e+00   0.000000e+00   5.413886e-03
 9.703456e-04   5.230414e-03   0.000000e+00  -1.039133e-03   3.191328e-03   0.000000e+00   0.000000e+00   0.000000e+00   1.550637e-02
 0.000000e+00   0.000000e+00   7.752581e-03   0.000000e+00   0.000000e+00   4.547299e-03  -7.222769e-03  -2.562376e-02   0.000000e+00
 1.609018e-04  -1.039133e-03   0.000000e+00   8.781340e-04  -9.656745e-04   0.000000e+00   0.000000e+00   0.000000e+00  -7.487127e-03
 8.504353e-04   3.191328e-03   0.000000e+00  -9.656745e-04   2.805055e-03   0.000000e+00   0.000000e+00   0.000000e+00   1.537148e-02
 0.000000e+00   0.000000e+00   4.547299e-03   0.000000e+00   0.000000e+00   5.506957e-03   1.234916e-02  -2.719566e-02   0.000000e+00
 0.000000e+00   0.000000e+00  -7.222769e-03   0.000000e+00   0.000000e+00   1.234916e-02   1.971575e-01  -1.916244e-02   0.000000e+00
 0.000000e+00   0.000000e+00  -2.562376e-02   0.000000e+00   0.000000e+00  -2.719566e-02  -1.916244e-02   2.206159e-01   0.000000e+00
 5.413886e-03   1.550637e-02   0.000000e+00  -7.487127e-03   1.537148e-02   0.000000e+00   0.000000e+00   0.000000e+00   1.540204e-01

# timestamp: 1774889718.1810865
 2.458796e-03   9.663511e-04   0.000000e+00   1.681110e-04   8.415659e-04   0.000000e+00   0.000000e+00   0.000000e+00   5.271770e-03
 9.663511e-04   5.370193e-03   0.000000e+00  -1.085384e-03   3.272318e-03   0.000000e+00   0.000000e+00   0.000000e+00   1.579635e-02
 0.000000e+00   0.000000e+00   7.944240e-03   0.000000e+00   0.000000e+00   4.685266e-03  -6.988787e-03  -2.613642e-02   0.000000e+00
 1.681110e-04  -1.085384e-03   0.000000e+00   9.070968e-04  -1.006834e-03   0.000000e+00   0.000000e+00   0.000000e+00  -7.762934e-03
 8.415659e-04   3.272318e-03   0.000000e+00  -1.006834e-03   2.862296e-03   0.000000e+00   0.000000e+00   0.000000e+00   1.564862e-02
 0.000000e+00   0.000000e+00   4.685266e-03   0.000000e+00   0.000000e+00   5.651238e-03   1.273580e-02  -2.762570e-02   0.000000e+00
 0.000000e+00   0.000000e+00  -6.988787e-03   0.000000e+00   0.000000e+00   1.273580e-02   1.990327e-01  -1.916244e-02   0.000000e+00
 0.000000e+00   0.000000e+00  -2.613642e-02   0.000000e+00   0.000000e+00  -2.762570e-02  -1.916244e-02   2.224912e-01   0.000000e+00
 5.271770e-03   1.579635e-02   0.000000e+00  -7.762934e-03   1.564862e-02   0.000000e+00   0.000000e+00   0.000000e+00   1.558956e-01

# timestamp: 1774889718.194649
 2.475427e-03   9.631419e-04   0.000000e+00   1.733074e-04   8.351480e-04   0.000000e+00   0.000000e+00   0.000000e+00   5.175175e-03
 9.631419e-04   5.464075e-03   0.000000e+00  -1.116604e-03   3.326621e-03   0.000000e+00   0.000000e+00   0.000000e+00   1.599049e-02
 0.000000e+00   0.000000e+00   8.073533e-03   0.000000e+00   0.000000e+00   4.778504e-03  -6.830451e-03  -2.647903e-02   0.000000e+00
 1.733074e-04  -1.116604e-03   0.000000e+00   9.267414e-04  -1.034526e-03   0.000000e+00   0.000000e+00   0.000000e+00  -7.946692e-03
 8.351480e-04   3.326621e-03   0.000000e+00  -1.034526e-03   2.900601e-03   0.000000e+00   0.000000e+00   0.000000e+00   1.583327e-02
 0.000000e+00   0.000000e+00   4.778504e-03   0.000000e+00   0.000000e+00   5.748013e-03   1.299266e-02  -2.791122e-02   0.000000e+00
 0.000000e+00   0.000000e+00  -6.830451e-03   0.000000e+00   0.000000e+00   1.299266e-02   2.002698e-01  -1.916244e-02   0.000000e+00
 0.000000e+00   0.000000e+00  -2.647903e-02   0.000000e+00   0.000000e+00  -2.791122e-02  -1.916244e-02   2.237282e-01   0.000000e+00
 5.175175e-03   1.599049e-02   0.000000e+00  -7.946692e-03   1.583327e-02   0.000000e+00   0.000000e+00   0.000000e+00   1.571326e-01

# timestamp: 1774889718.2095294
 2.500644e-03   9.574363e-04   0.000000e+00   1.817857e-04   8.246480e-04   0.000000e+00   0.000000e+00   0.000000e+00   5.025886e-03
 9.574363e-04   5.607552e-03   0.000000e+00  -1.164550e-03   3.409467e-03   0.000000e+00   0.000000e+00   0.000000e+00   1.628624e-02
 0.000000e+00   0.000000e+00   8.272005e-03   0.000000e+00   0.000000e+00   4.921851e-03  -6.586780e-03  -2.700001e-02   0.000000e+00
 1.817857e-04  -1.164550e-03   0.000000e+00   9.570446e-04  -1.076915e-03   0.000000e+00   0.000000e+00   0.000000e+00  -8.225272e-03
 8.246480e-04   3.409467e-03   0.000000e+00  -1.076915e-03   2.958924e-03   0.000000e+00   0.000000e+00   0.000000e+00   1.611320e-02
 0.000000e+00   0.000000e+00   4.921851e-03   0.000000e+00   0.000000e+00   5.895692e-03   1.338099e-02  -2.834256e-02   0.000000e+00
 0.000000e+00   0.000000e+00  -6.586780e-03   0.000000e+00   0.000000e+00   1.338099e-02   2.021267e-01  -1.916244e-02   0.000000e+00
 0.000000e+00   0.000000e+00  -2.700001e-02   0.000000e+00   0.000000e+00  -2.834256e-02  -1.916244e-02   2.255852e-01   0.000000e+00
 5.025886e-03   1.628624e-02   0.000000e+00  -8.225272e-03   1.611320e-02   0.000000e+00   0.000000e+00   0.000000e+00   1.589896e-01

# timestamp: 1774889718.4036748
 2.781685e-03   8.283910e-04   0.000000e+00   3.205783e-04   6.523994e-04   0.000000e+00   0.000000e+00   0.000000e+00   3.200862e-03
 8.283910e-04   7.254577e-03   0.000000e+00  -1.732274e-03   4.349250e-03   0.000000e+00   0.000000e+00   0.000000e+00   1.960270e-02
 0.000000e+00   0.000000e+00   1.062568e-02   0.000000e+00   0.000000e+00   6.629220e-03  -3.685530e-03  -3.276780e-02   0.000000e+00
 3.205783e-04  -1.732274e-03   0.000000e+00   1.323330e-03  -1.566430e-03   0.000000e+00   0.000000e+00   0.000000e+00  -1.124449e-02
 6.523994e-04   4.349250e-03   0.000000e+00  -1.566430e-03   3.610817e-03   0.000000e+00   0.000000e+00   0.000000e+00   1.914703e-02
 0.000000e+00   0.000000e+00   6.629220e-03   0.000000e+00   0.000000e+00   7.566972e-03   1.751669e-02  -3.291676e-02   0.000000e+00
 0.000000e+00   0.000000e+00  -3.685530e-03   0.000000e+00   0.000000e+00   1.751669e-02   2.210179e-01  -1.916244e-02   0.000000e+00
 0.000000e+00   0.000000e+00  -3.276780e-02   0.000000e+00   0.000000e+00  -3.291676e-02  -1.916244e-02   2.444763e-01   0.000000e+00
 3.200862e-03   1.960270e-02   0.000000e+00  -1.124449e-02   1.914703e-02   0.000000e+00   0.000000e+00   0.000000e+00   1.778807e-01

# timestamp: 1774889718.4242828
 2.817179e-03   8.044224e-04   0.000000e+00   3.429990e-04   6.247446e-04   0.000000e+00   0.000000e+00   0.000000e+00   2.958671e-03
 8.044224e-04   7.463487e-03   0.000000e+00  -1.806222e-03   4.467107e-03   0.000000e+00   0.000000e+00   0.000000e+00   2.001332e-02
 0.000000e+00   0.000000e+00   1.093386e-02   0.000000e+00   0.000000e+00   6.852462e-03  -3.308776e-03  -3.347311e-02   0.000000e+00
 3.429990e-04  -1.806222e-03   0.000000e+00   1.371591e-03  -1.628627e-03   0.000000e+00   0.000000e+00   0.000000e+00  -1.160647e-02
 6.247446e-04   4.467107e-03   0.000000e+00  -1.628627e-03   3.691366e-03   0.000000e+00   0.000000e+00   0.000000e+00   1.951076e-02
 0.000000e+00   0.000000e+00   6.852462e-03   0.000000e+00   0.000000e+00   7.775449e-03   1.800464e-02  -3.345428e-02   0.000000e+00
 0.000000e+00   0.000000e+00  -3.308776e-03   0.000000e+00   0.000000e+00   1.800464e-02   2.231491e-01  -1.916244e-02   0.000000e+00
 0.000000e+00   0.000000e+00  -3.347311e-02   0.000000e+00   0.000000e+00  -3.345428e-02  -1.916244e-02   2.466075e-01   0.000000e+00
 2.958671e-03   2.001332e-02   0.000000e+00  -1.160647e-02   1.951076e-02   0.000000e+00   0.000000e+00   0.000000e+00   1.800119e-01

# timestamp: 1774889718.4575987
 2.876586e-03   7.610381e-04   0.000000e+00   3.824631e-04   5.761969e-04   0.000000e+00   0.000000e+00   0.000000e+00   2.551262e-03
 7.610381e-04   7.811507e-03   0.000000e+00  -1.930215e-03   4.662823e-03   0.000000e+00   0.000000e+00   0.000000e+00   2.069273e-02
 0.000000e+00   0.000000e+00   1.145186e-02   0.000000e+00   0.000000e+00   7.227054e-03  -2.678455e-03  -3.463609e-02   0.000000e+00
 3.824631e-04  -1.930215e-03   0.000000e+00   1.452614e-03  -1.732163e-03   0.000000e+00   0.000000e+00   0.000000e+00  -1.219992e-02
 5.761969e-04   4.662823e-03   0.000000e+00  -1.732163e-03   3.824546e-03   0.000000e+00   0.000000e+00   0.000000e+00   2.010708e-02
 0.000000e+00   0.000000e+00   7.227054e-03   0.000000e+00   0.000000e+00   8.120823e-03   1.880142e-02  -3.433114e-02   0.000000e+00
 0.000000e+00   0.000000e+00  -2.678455e-03   0.000000e+00   0.000000e+00   1.880142e-02   2.265897e-01  -1.916244e-02   0.000000e+00
 0.000000e+00   0.000000e+00  -3.463609e-02   0.000000e+00   0.000000e+00  -3.433114e-02  -1.916244e-02   2.500481e-01   0.000000e+00
 2.551262e-03   2.069273e-02   0.000000e+00  -1.219992e-02   2.010708e-02   0.000000e+00   0.000000e+00   0.000000e+00   1.834526e-01

# timestamp: 1774889718.470397
 2.897821e-03   7.445845e-04   0.000000e+00   3.971189e-04   5.582050e-04   0.000000e+00   0.000000e+00   0.000000e+00   2.405174e-03
 7.445845e-04   7.935313e-03   0.000000e+00  -1.974554e-03   4.732263e-03   0.000000e+00   0.000000e+00   0.000000e+00   2.093310e-02
 0.000000e+00   0.000000e+00   1.163751e-02   0.000000e+00   0.000000e+00   7.361079e-03  -2.453441e-03  -3.504636e-02   0.000000e+00
 3.971189e-04  -1.974554e-03   0.000000e+00   1.481601e-03  -1.768955e-03   0.000000e+00   0.000000e+00   0.000000e+00  -1.240813e-02
 5.582050e-04   4.732263e-03   0.000000e+00  -1.768955e-03   3.871616e-03   0.000000e+00   0.000000e+00   0.000000e+00   2.031630e-02
 0.000000e+00   0.000000e+00   7.361079e-03   0.000000e+00   0.000000e+00   8.243077e-03   1.908011e-02  -3.463759e-02   0.000000e+00
 0.000000e+00   0.000000e+00  -2.453441e-03   0.000000e+00   0.000000e+00   1.908011e-02   2.277821e-01  -1.916244e-02   0.000000e+00
 0.000000e+00   0.000000e+00  -3.504636e-02   0.000000e+00   0.000000e+00  -3.463759e-02  -1.916244e-02   2.512405e-01   0.000000e+00
 2.405174e-03   2.093310e-02   0.000000e+00  -1.240813e-02   2.031630e-02   0.000000e+00   0.000000e+00   0.000000e+00   1.846449e-01

# timestamp: 1774889718.6494095
 3.273647e-03   3.905696e-04   0.000000e+00   6.897653e-04   2.029379e-04   0.000000e+00   0.000000e+00   0.000000e+00  -1.432180e-04
 3.905696e-04   1.004397e-02   0.000000e+00  -2.745067e-03   5.901323e-03   0.000000e+00   0.000000e+00   0.000000e+00   2.492218e-02
 0.000000e+00   0.000000e+00   1.490280e-02   0.000000e+00   0.000000e+00   9.692685e-03   1.404068e-03  -4.177273e-02   0.000000e+00
 6.897653e-04  -2.745067e-03   0.000000e+00   1.984396e-03  -2.391196e-03   0.000000e+00   0.000000e+00   0.000000e+00  -1.575317e-02
 2.029379e-04   5.901323e-03   0.000000e+00  -2.391196e-03   4.651024e-03   0.000000e+00   0.000000e+00   0.000000e+00   2.367753e-02
 0.000000e+00   0.000000e+00   9.692685e-03   0.000000e+00   0.000000e+00   1.027756e-02   2.350078e-02  -3.948283e-02   0.000000e+00
 0.000000e+00   0.000000e+00   1.404068e-03   0.000000e+00   0.000000e+00   2.350078e-02   2.459821e-01  -1.916244e-02   0.000000e+00
 0.000000e+00   0.000000e+00  -4.177273e-02   0.000000e+00   0.000000e+00  -3.948283e-02  -1.916244e-02   2.694405e-01   0.000000e+00
-1.432180e-04   2.492218e-02   0.000000e+00  -1.575317e-02   2.367753e-02   0.000000e+00   0.000000e+00   0.000000e+00   2.028449e-01

# timestamp: 1774889718.667277
 3.317273e-03   3.436187e-04   0.000000e+00   7.265187e-04   1.587752e-04   0.000000e+00   0.000000e+00   0.000000e+00  -4.297844e-04
 3.436187e-04   1.027720e-02   0.000000e+00  -2.831776e-03   6.029153e-03   0.000000e+00   0.000000e+00   0.000000e+00   2.535185e-02
 0.000000e+00   0.000000e+00   1.527518e-02   0.000000e+00   0.000000e+00   9.955112e-03   1.831183e-03  -4.248870e-02   0.000000e+00
 7.265187e-04  -2.831776e-03   0.000000e+00   2.040691e-03  -2.459374e-03   0.000000e+00   0.000000e+00   0.000000e+00  -1.610221e-02
 1.587752e-04   6.029153e-03   0.000000e+00  -2.459374e-03   4.734827e-03   0.000000e+00   0.000000e+00   0.000000e+00   2.402825e-02
 0.000000e+00   0.000000e+00   9.955112e-03   0.000000e+00   0.000000e+00   1.049713e-02   2.395654e-02  -3.998080e-02   0.000000e+00
 0.000000e+00   0.000000e+00   1.831183e-03   0.000000e+00   0.000000e+00   2.395654e-02   2.477879e-01  -1.916244e-02   0.000000e+00
 0.000000e+00   0.000000e+00  -4.248870e-02   0.000000e+00   0.000000e+00  -3.998080e-02  -1.916244e-02   2.712463e-01   0.000000e+00
-4.297844e-04   2.535185e-02   0.000000e+00  -1.610221e-02   2.402825e-02   0.000000e+00   0.000000e+00   0.000000e+00   2.046507e-01

# timestamp: 1774889718.6884637
 3.366499e-03   2.895803e-04   0.000000e+00   7.684194e-04   1.085332e-04   0.000000e+00   0.000000e+00   0.000000e+00  -7.500999e-04
 2.895803e-04   1.053740e-02   0.000000e+00  -2.928798e-03   6.171441e-03   0.000000e+00   0.000000e+00   0.000000e+00   2.582861e-02
 0.000000e+00   0.000000e+00   1.569308e-02   0.000000e+00   0.000000e+00   1.024871e-02   2.307277e-03  -4.328135e-02   0.000000e+00
 7.684194e-04  -2.928798e-03   0.000000e+00   2.103589e-03  -2.535265e-03   0.000000e+00   0.000000e+00   0.000000e+00  -1.648725e-02
 1.085332e-04   6.171441e-03   0.000000e+00  -2.535265e-03   4.827801e-03   0.000000e+00   0.000000e+00   0.000000e+00   2.441517e-02
 0.000000e+00   0.000000e+00   1.024871e-02   0.000000e+00   0.000000e+00   1.074085e-02   2.445823e-02  -4.052863e-02   0.000000e+00
 0.000000e+00   0.000000e+00   2.307277e-03   0.000000e+00   0.000000e+00   2.445823e-02   2.497614e-01  -1.916244e-02   0.000000e+00
 0.000000e+00   0.000000e+00  -4.328135e-02   0.000000e+00   0.000000e+00  -4.052863e-02  -1.916244e-02   2.732199e-01   0.000000e+00
-7.500999e-04   2.582861e-02   0.000000e+00  -1.648725e-02   2.441517e-02   0.000000e+00   0.000000e+00   0.000000e+00   2.066243e-01

# timestamp: 1774889718.700635
 3.401065e-03   2.510108e-04   0.000000e+00   7.980840e-04   7.302703e-05   0.000000e+00   0.000000e+00   0.000000e+00  -9.730952e-04
 2.510108e-04   1.071825e-02   0.000000e+00  -2.996404e-03   6.270140e-03   0.000000e+00   0.000000e+00   0.000000e+00   2.615841e-02
 0.000000e+00   0.000000e+00   1.598503e-02   0.000000e+00   0.000000e+00   1.045327e-02   2.637920e-03  -4.382859e-02   0.000000e+00
 7.980840e-04  -2.996404e-03   0.000000e+00   2.147352e-03  -2.587901e-03   0.000000e+00   0.000000e+00   0.000000e+00  -1.675222e-02
 7.302703e-05   6.270140e-03   0.000000e+00  -2.587901e-03   4.892103e-03   0.000000e+00   0.000000e+00   0.000000e+00   2.468141e-02
 0.000000e+00   0.000000e+00   1.045327e-02   0.000000e+00   0.000000e+00   1.090948e-02   2.480282e-02  -4.090473e-02   0.000000e+00
 0.000000e+00   0.000000e+00   2.637920e-03   0.000000e+00   0.000000e+00   2.480282e-02   2.511086e-01  -1.916244e-02   0.000000e+00
 0.000000e+00   0.000000e+00  -4.382859e-02   0.000000e+00   0.000000e+00  -4.090473e-02  -1.916244e-02   2.745670e-01   0.000000e+00
-9.730952e-04   2.615841e-02   0.000000e+00  -1.675222e-02   2.468141e-02   0.000000e+00   0.000000e+00   0.000000e+00   2.079714e-01

# timestamp: 1774889718.7156222
 3.432088e-03   2.159711e-04   0.000000e+00   8.248683e-04   4.100855e-05   0.000000e+00   0.000000e+00   0.000000e+00  -1.171978e-03
 2.159711e-04   1.087931e-02   0.000000e+00  -3.056720e-03   6.357897e-03   0.000000e+00   0.000000e+00   0.000000e+00   2.645111e-02
 0.000000e+00   0.000000e+00   1.624604e-02   0.000000e+00   0.000000e+00   1.063575e-02   2.932255e-03  -4.431351e-02   0.000000e+00
 8.248683e-04  -3.056720e-03   0.000000e+00   2.186345e-03  -2.634689e-03   0.000000e+00   0.000000e+00   0.000000e+00  -1.698628e-02
 4.100855e-05   6.357897e-03   0.000000e+00  -2.634689e-03   4.949138e-03   0.000000e+00   0.000000e+00   0.000000e+00   2.491661e-02
 0.000000e+00   0.000000e+00   1.063575e-02   0.000000e+00   0.000000e+00   1.105909e-02   2.510680e-02  -4.123639e-02   0.000000e+00
 0.000000e+00   0.000000e+00   2.932255e-03   0.000000e+00   0.000000e+00   2.510680e-02   2.522917e-01  -1.916244e-02   0.000000e+00
 0.000000e+00   0.000000e+00  -4.431351e-02   0.000000e+00   0.000000e+00  -4.123639e-02  -1.916244e-02   2.757501e-01   0.000000e+00
-1.171978e-03   2.645111e-02   0.000000e+00  -1.698628e-02   2.491661e-02   0.000000e+00   0.000000e+00   0.000000e+00   2.091545e-01

# timestamp: 1774889718.7321692
 3.479109e-03   1.621699e-04   0.000000e+00   8.657114e-04  -7.740649e-06   0.000000e+00   0.000000e+00   0.000000e+00  -1.470967e-03
 1.621699e-04   1.112113e-02   0.000000e+00  -3.147474e-03   6.489426e-03   0.000000e+00   0.000000e+00   0.000000e+00   2.688875e-02
 0.000000e+00   0.000000e+00   1.663973e-02   0.000000e+00   0.000000e+00   1.091029e-02   3.373813e-03  -4.503729e-02   0.000000e+00
 8.657114e-04  -3.147474e-03   0.000000e+00   2.244929e-03  -2.704796e-03   0.000000e+00   0.000000e+00   0.000000e+00  -1.733458e-02
-7.740649e-06   6.489426e-03   0.000000e+00  -2.704796e-03   5.034392e-03   0.000000e+00   0.000000e+00   0.000000e+00   2.526659e-02
 0.000000e+00   0.000000e+00   1.091029e-02   0.000000e+00   0.000000e+00   1.128280e-02   2.555842e-02  -4.172892e-02   0.000000e+00
 0.000000e+00   0.000000e+00   3.373813e-03   0.000000e+00   0.000000e+00   2.555842e-02   2.540399e-01  -1.916244e-02   0.000000e+00
 0.000000e+00   0.000000e+00  -4.503729e-02   0.000000e+00   0.000000e+00  -4.172892e-02  -1.916244e-02   2.774984e-01   0.000000e+00
-1.470967e-03   2.688875e-02   0.000000e+00  -1.733458e-02   2.526659e-02   0.000000e+00   0.000000e+00   0.000000e+00   2.109028e-01

# timestamp: 1774889718.746203
 3.527384e-03   1.061320e-04   0.000000e+00   9.079140e-04  -5.802040e-05   0.000000e+00   0.000000e+00   0.000000e+00  -1.774826e-03
 1.061320e-04   1.136658e-02   0.000000e+00  -3.239815e-03   6.622646e-03   0.000000e+00   0.000000e+00   0.000000e+00   2.733073e-02
 0.000000e+00   0.000000e+00   1.704146e-02   0.000000e+00   0.000000e+00   1.118957e-02   3.821465e-03  -4.576674e-02   0.000000e+00
 9.079140e-04  -3.239815e-03   0.000000e+00   2.304428e-03  -2.775778e-03   0.000000e+00   0.000000e+00   0.000000e+00  -1.768435e-02
-5.802040e-05   6.622646e-03   0.000000e+00  -2.775778e-03   5.120466e-03   0.000000e+00   0.000000e+00   0.000000e+00   2.561805e-02
 0.000000e+00   0.000000e+00   1.118957e-02   0.000000e+00   0.000000e+00   1.150873e-02   2.601110e-02  -4.222236e-02   0.000000e+00
 0.000000e+00   0.000000e+00   3.821465e-03   0.000000e+00   0.000000e+00   2.601110e-02   2.557812e-01  -1.916244e-02   0.000000e+00
 0.000000e+00   0.000000e+00  -4.576674e-02   0.000000e+00   0.000000e+00  -4.222236e-02  -1.916244e-02   2.792396e-01   0.000000e+00
-1.774826e-03   2.733073e-02   0.000000e+00  -1.768435e-02   2.561805e-02   0.000000e+00   0.000000e+00   0.000000e+00   2.126440e-01

# timestamp: 1774889718.9176295
 4.087675e-03  -5.856802e-04   0.000000e+00   1.407789e-03  -6.476972e-04   0.000000e+00   0.000000e+00   0.000000e+00  -5.080200e-03
-5.856802e-04   1.402913e-02   0.000000e+00  -4.253196e-03   8.050339e-03   0.000000e+00   0.000000e+00   0.000000e+00   3.198999e-02
 0.000000e+00   0.000000e+00   2.152619e-02   0.000000e+00   0.000000e+00   1.424933e-02   8.629323e-03  -5.337111e-02   0.000000e+00
 1.407789e-03  -4.253196e-03   0.000000e+00   2.949615e-03  -3.533690e-03   0.000000e+00   0.000000e+00   0.000000e+00  -2.126039e-02
-6.476972e-04   8.050339e-03   0.000000e+00  -3.533690e-03   6.026438e-03   0.000000e+00   0.000000e+00   0.000000e+00   2.921140e-02
 0.000000e+00   0.000000e+00   1.424933e-02   0.000000e+00   0.000000e+00   1.388944e-02   3.059465e-02  -4.720574e-02   0.000000e+00
 0.000000e+00   0.000000e+00   8.629323e-03   0.000000e+00   0.000000e+00   3.059465e-02   2.728285e-01  -1.916244e-02   0.000000e+00
 0.000000e+00   0.000000e+00  -5.337111e-02   0.000000e+00   0.000000e+00  -4.720574e-02  -1.916244e-02   2.962869e-01   0.000000e+00
-5.080200e-03   3.198999e-02   0.000000e+00  -2.126039e-02   2.921140e-02   0.000000e+00   0.000000e+00   0.000000e+00   2.296913e-01

# timestamp: 1774889718.9339874
 4.156854e-03  -6.746966e-04   0.000000e+00   1.469930e-03  -7.203697e-04   0.000000e+00   0.000000e+00   0.000000e+00  -5.462132e-03
-6.746966e-04   1.433705e-02   0.000000e+00  -4.371498e-03   8.213519e-03   0.000000e+00   0.000000e+00   0.000000e+00   3.251391e-02
 0.000000e+00   0.000000e+00   2.205861e-02   0.000000e+00   0.000000e+00   1.460581e-02   9.178550e-03  -5.421718e-02   0.000000e+00
 1.469930e-03  -4.371498e-03   0.000000e+00   3.023978e-03  -3.619892e-03   0.000000e+00   0.000000e+00   0.000000e+00  -2.165089e-02
-7.203697e-04   8.213519e-03   0.000000e+00  -3.619892e-03   6.128181e-03   0.000000e+00   0.000000e+00   0.000000e+00   2.960379e-02
 0.000000e+00   0.000000e+00   1.460581e-02   0.000000e+00   0.000000e+00   1.415692e-02   3.109068e-02  -4.774372e-02   0.000000e+00
 0.000000e+00   0.000000e+00   9.178550e-03   0.000000e+00   0.000000e+00   3.109068e-02   2.746140e-01  -1.916244e-02   0.000000e+00
 0.000000e+00   0.000000e+00  -5.421718e-02   0.000000e+00   0.000000e+00  -4.774372e-02  -1.916244e-02   2.980724e-01   0.000000e+00
-5.462132e-03   3.251391e-02   0.000000e+00  -2.165089e-02   2.960379e-02   0.000000e+00   0.000000e+00   0.000000e+00   2.314769e-01

# timestamp: 1774889718.9509594
 4.211880e-03  -7.458615e-04   0.000000e+00   1.519328e-03  -7.780531e-04   0.000000e+00   0.000000e+00   0.000000e+00  -5.762091e-03
-7.458615e-04   1.457913e-02   0.000000e+00  -4.464635e-03   8.341546e-03   0.000000e+00   0.000000e+00   0.000000e+00   3.292368e-02
 0.000000e+00   0.000000e+00   2.247902e-02   0.000000e+00   0.000000e+00   1.488633e-02   9.609120e-03  -5.487779e-02   0.000000e+00
 1.519328e-03  -4.464635e-03   0.000000e+00   3.082390e-03  -3.687464e-03   0.000000e+00   0.000000e+00   0.000000e+00  -2.195500e-02
-7.780531e-04   8.341546e-03   0.000000e+00  -3.687464e-03   6.207775e-03   0.000000e+00   0.000000e+00   0.000000e+00   2.990938e-02
 0.000000e+00   0.000000e+00   1.488633e-02   0.000000e+00   0.000000e+00   1.436618e-02   3.147640e-02  -4.816189e-02   0.000000e+00
 0.000000e+00   0.000000e+00   9.609120e-03   0.000000e+00   0.000000e+00   3.147640e-02   2.759948e-01  -1.916244e-02   0.000000e+00
 0.000000e+00   0.000000e+00  -5.487779e-02   0.000000e+00   0.000000e+00  -4.816189e-02  -1.916244e-02   2.994532e-01   0.000000e+00
-5.762091e-03   3.292368e-02   0.000000e+00  -2.195500e-02   2.990938e-02   0.000000e+00   0.000000e+00   0.000000e+00   2.328576e-01

# timestamp: 1774889718.97276
 4.303111e-03  -8.645010e-04   0.000000e+00   1.601154e-03  -8.734448e-04   0.000000e+00   0.000000e+00   0.000000e+00  -6.252367e-03
-8.645010e-04   1.497519e-02   0.000000e+00  -4.617244e-03   8.550519e-03   0.000000e+00   0.000000e+00   0.000000e+00   3.359029e-02
 0.000000e+00   0.000000e+00   2.317026e-02   0.000000e+00   0.000000e+00   1.534574e-02   1.031142e-02  -5.595033e-02   0.000000e+00
 1.601154e-03  -4.617244e-03   0.000000e+00   3.177837e-03  -3.797624e-03   0.000000e+00   0.000000e+00   0.000000e+00  -2.244705e-02
-8.734448e-04   8.550519e-03   0.000000e+00  -3.797624e-03   6.337244e-03   0.000000e+00   0.000000e+00   0.000000e+00   3.040380e-02
 0.000000e+00   0.000000e+00   1.534574e-02   0.000000e+00   0.000000e+00   1.470654e-02   3.209945e-02  -4.883706e-02   0.000000e+00
 0.000000e+00   0.000000e+00   1.031142e-02   0.000000e+00   0.000000e+00   3.209945e-02   2.782114e-01  -1.916244e-02   0.000000e+00
 0.000000e+00   0.000000e+00  -5.595033e-02   0.000000e+00   0.000000e+00  -4.883706e-02  -1.916244e-02   3.016698e-01   0.000000e+00
-6.252367e-03   3.359029e-02   0.000000e+00  -2.244705e-02   3.040380e-02   0.000000e+00   0.000000e+00   0.000000e+00   2.350742e-01

# timestamp: 1774889718.9858284
 4.353526e-03  -9.304010e-04   0.000000e+00   1.646329e-03  -9.260341e-04   0.000000e+00   0.000000e+00   0.000000e+00  -6.519822e-03
-9.304010e-04   1.519135e-02   0.000000e+00  -4.700642e-03   8.664310e-03   0.000000e+00   0.000000e+00   0.000000e+00   3.395228e-02
 0.000000e+00   0.000000e+00   2.354928e-02   0.000000e+00   0.000000e+00   1.559669e-02   1.069375e-02  -5.653159e-02   0.000000e+00
 1.646329e-03  -4.700642e-03   0.000000e+00   3.229844e-03  -3.857521e-03   0.000000e+00   0.000000e+00   0.000000e+00  -2.271258e-02
-9.260341e-04   8.664310e-03   0.000000e+00  -3.857521e-03   6.407493e-03   0.000000e+00   0.000000e+00   0.000000e+00   3.067063e-02
 0.000000e+00   0.000000e+00   1.559669e-02   0.000000e+00   0.000000e+00   1.489120e-02   3.243520e-02  -4.920075e-02   0.000000e+00
 0.000000e+00   0.000000e+00   1.069375e-02   0.000000e+00   0.000000e+00   3.243520e-02   2.793994e-01  -1.916244e-02   0.000000e+00
 0.000000e+00   0.000000e+00  -5.653159e-02   0.000000e+00   0.000000e+00  -4.920075e-02  -1.916244e-02   3.028578e-01   0.000000e+00
-6.519822e-03   3.395228e-02   0.000000e+00  -2.271258e-02   3.067063e-02   0.000000e+00   0.000000e+00   0.000000e+00   2.362622e-01

# timestamp: 1774889719.002395
 4.434802e-03  -1.037059e-03   0.000000e+00   1.719056e-03  -1.010583e-03   0.000000e+00   0.000000e+00   0.000000e+00  -6.945710e-03
-1.037059e-03   1.553592e-02   0.000000e+00  -4.833735e-03   8.845332e-03   0.000000e+00   0.000000e+00   0.000000e+00   3.452649e-02
 0.000000e+00   0.000000e+00   2.415594e-02   0.000000e+00   0.000000e+00   1.599700e-02   1.130152e-02  -5.745208e-02   0.000000e+00
 1.719056e-03  -4.833735e-03   0.000000e+00   3.312638e-03  -3.952698e-03   0.000000e+00   0.000000e+00   0.000000e+00  -2.313187e-02
-1.010583e-03   8.845332e-03   0.000000e+00  -3.952698e-03   6.518916e-03   0.000000e+00   0.000000e+00   0.000000e+00   3.109194e-02
 0.000000e+00   0.000000e+00   1.599700e-02   0.000000e+00   0.000000e+00   1.518409e-02   3.296462e-02  -4.977403e-02   0.000000e+00
 0.000000e+00   0.000000e+00   1.130152e-02   0.000000e+00   0.000000e+00   3.296462e-02   2.812631e-01  -1.916244e-02   0.000000e+00
 0.000000e+00   0.000000e+00  -5.745208e-02   0.000000e+00   0.000000e+00  -4.977403e-02  -1.916244e-02   3.047215e-01   0.000000e+00
-6.945710e-03   3.452649e-02   0.000000e+00  -2.313187e-02   3.109194e-02   0.000000e+00   0.000000e+00   0.000000e+00   2.381259e-01

# timestamp: 1774889719.015356
 4.489133e-03  -1.108625e-03   0.000000e+00   1.767598e-03  -1.066939e-03   0.000000e+00   0.000000e+00   0.000000e+00  -7.226920e-03
-1.108625e-03   1.576368e-02   0.000000e+00  -4.921802e-03   8.964736e-03   0.000000e+00   0.000000e+00   0.000000e+00   3.490419e-02
 0.000000e+00   0.000000e+00   2.455858e-02   0.000000e+00   0.000000e+00   1.626177e-02   1.170213e-02  -5.805653e-02   0.000000e+00
 1.767598e-03  -4.921802e-03   0.000000e+00   3.367283e-03  -4.015401e-03   0.000000e+00   0.000000e+00   0.000000e+00  -2.340631e-02
-1.066939e-03   8.964736e-03   0.000000e+00  -4.015401e-03   6.592189e-03   0.000000e+00   0.000000e+00   0.000000e+00   3.136771e-02
 0.000000e+00   0.000000e+00   1.626177e-02   0.000000e+00   0.000000e+00   1.537668e-02   3.331071e-02  -5.014864e-02   0.000000e+00
 0.000000e+00   0.000000e+00   1.170213e-02   0.000000e+00   0.000000e+00   3.331071e-02   2.824752e-01  -1.916244e-02   0.000000e+00
 0.000000e+00   0.000000e+00  -5.805653e-02   0.000000e+00   0.000000e+00  -5.014864e-02  -1.916244e-02   3.059336e-01   0.000000e+00
-7.226920e-03   3.490419e-02   0.000000e+00  -2.340631e-02   3.136771e-02   0.000000e+00   0.000000e+00   0.000000e+00   2.393380e-01

# timestamp: 1774889719.1975873
 5.468237e-03  -2.420151e-03   0.000000e+00   2.627734e-03  -2.057212e-03   0.000000e+00   0.000000e+00   0.000000e+00  -1.188873e-02
-2.420151e-03   1.957570e-02   0.000000e+00  -6.404188e-03   1.093624e-02   0.000000e+00   0.000000e+00   0.000000e+00   4.102506e-02
 0.000000e+00   0.000000e+00   3.147396e-02   0.000000e+00   0.000000e+00   2.070371e-02   1.827272e-02  -6.774734e-02   0.000000e+00
 2.627734e-03  -6.404188e-03   0.000000e+00   4.271108e-03  -5.041280e-03   0.000000e+00   0.000000e+00   0.000000e+00  -2.771968e-02
-2.057212e-03   1.093624e-02   0.000000e+00  -5.041280e-03   7.778069e-03   0.000000e+00   0.000000e+00   0.000000e+00   3.570195e-02
 0.000000e+00   0.000000e+00   2.070371e-02   0.000000e+00   0.000000e+00   1.849070e-02   3.870584e-02  -5.597536e-02   0.000000e+00
 0.000000e+00   0.000000e+00   1.827272e-02   0.000000e+00   0.000000e+00   3.870584e-02   3.007790e-01  -1.916244e-02   0.000000e+00
 0.000000e+00   0.000000e+00  -6.774734e-02   0.000000e+00   0.000000e+00  -5.597536e-02  -1.916244e-02   3.242374e-01   0.000000e+00
-1.188873e-02   4.102506e-02   0.000000e+00  -2.771968e-02   3.570195e-02   0.000000e+00   0.000000e+00   0.000000e+00   2.576418e-01

# timestamp: 1774889719.2189772
 5.601984e-03  -2.601018e-03   0.000000e+00   2.742785e-03  -2.188655e-03   0.000000e+00   0.000000e+00   0.000000e+00  -1.247505e-02
-2.601018e-03   2.006117e-02   0.000000e+00  -6.593764e-03   1.118390e-02   0.000000e+00   0.000000e+00   0.000000e+00   4.177923e-02
 0.000000e+00   0.000000e+00   3.237614e-02   0.000000e+00   0.000000e+00   2.126975e-02   1.909087e-02  -6.892892e-02   0.000000e+00
 2.742785e-03  -6.593764e-03   0.000000e+00   4.384647e-03  -5.168885e-03   0.000000e+00   0.000000e+00   0.000000e+00  -2.823560e-02
-2.188655e-03   1.118390e-02   0.000000e+00  -5.168885e-03   7.924099e-03   0.000000e+00   0.000000e+00   0.000000e+00   3.622037e-02
 0.000000e+00   0.000000e+00   2.126975e-02   0.000000e+00   0.000000e+00   1.887365e-02   3.934602e-02  -5.666521e-02   0.000000e+00
 0.000000e+00   0.000000e+00   1.909087e-02   0.000000e+00   0.000000e+00   3.934602e-02   3.028815e-01  -1.916244e-02   0.000000e+00
 0.000000e+00   0.000000e+00  -6.892892e-02   0.000000e+00   0.000000e+00  -5.666521e-02  -1.916244e-02   3.263399e-01   0.000000e+00
-1.247505e-02   4.177923e-02   0.000000e+00  -2.823560e-02   3.622037e-02   0.000000e+00   0.000000e+00   0.000000e+00   2.597443e-01

# timestamp: 1774889719.2353983
 5.743540e-03  -2.792640e-03   0.000000e+00   2.863896e-03  -2.326806e-03   0.000000e+00   0.000000e+00   0.000000e+00  -1.308463e-02
-2.792640e-03   2.056745e-02   0.000000e+00  -6.791584e-03   1.144140e-02   0.000000e+00   0.000000e+00   0.000000e+00   4.256016e-02
 0.000000e+00   0.000000e+00   3.332165e-02   0.000000e+00   0.000000e+00   2.185994e-02   1.993974e-02  -7.014977e-02   0.000000e+00
 2.863896e-03  -6.791584e-03   0.000000e+00   4.502649e-03  -5.301254e-03   0.000000e+00   0.000000e+00   0.000000e+00  -2.876647e-02
-2.326806e-03   1.144140e-02   0.000000e+00  -5.301254e-03   8.075283e-03   0.000000e+00   0.000000e+00   0.000000e+00   3.675381e-02
 0.000000e+00   0.000000e+00   2.185994e-02   0.000000e+00   0.000000e+00   1.926999e-02   4.000371e-02  -5.737361e-02   0.000000e+00
 0.000000e+00   0.000000e+00   1.993974e-02   0.000000e+00   0.000000e+00   4.000371e-02   3.050272e-01  -1.916244e-02   0.000000e+00
 0.000000e+00   0.000000e+00  -7.014977e-02   0.000000e+00   0.000000e+00  -5.737361e-02  -1.916244e-02   3.284856e-01   0.000000e+00
-1.308463e-02   4.256016e-02   0.000000e+00  -2.876647e-02   3.675381e-02   0.000000e+00   0.000000e+00   0.000000e+00   2.618900e-01

# timestamp: 1774889719.2517376
 5.822554e-03  -2.899687e-03   0.000000e+00   2.931213e-03  -2.403507e-03   0.000000e+00   0.000000e+00   0.000000e+00  -1.342035e-02
-2.899687e-03   2.084684e-02   0.000000e+00  -6.900793e-03   1.158317e-02   0.000000e+00   0.000000e+00   0.000000e+00   4.298886e-02
 0.000000e+00   0.000000e+00   3.384544e-02   0.000000e+00   0.000000e+00   2.218555e-02   2.040647e-02  -7.081878e-02   0.000000e+00
 2.931213e-03  -6.900793e-03   0.000000e+00   4.567574e-03  -5.373977e-03   0.000000e+00   0.000000e+00   0.000000e+00  -2.905622e-02
-2.403507e-03   1.158317e-02   0.000000e+00  -5.373977e-03   8.158218e-03   0.000000e+00   0.000000e+00   0.000000e+00   3.704496e-02
 0.000000e+00   0.000000e+00   2.218555e-02   0.000000e+00   0.000000e+00   1.948734e-02   4.036225e-02  -5.775968e-02   0.000000e+00
 0.000000e+00   0.000000e+00   2.040647e-02   0.000000e+00   0.000000e+00   4.036225e-02   3.061913e-01  -1.916244e-02   0.000000e+00
 0.000000e+00   0.000000e+00  -7.081878e-02   0.000000e+00   0.000000e+00  -5.775968e-02  -1.916244e-02   3.296497e-01   0.000000e+00
-1.342035e-02   4.298886e-02   0.000000e+00  -2.905622e-02   3.704496e-02   0.000000e+00   0.000000e+00   0.000000e+00   2.630541e-01

# timestamp: 1774889719.2650456
 5.909354e-03  -3.017318e-03   0.000000e+00   3.004921e-03  -2.487415e-03   0.000000e+00   0.000000e+00   0.000000e+00  -1.378537e-02
-3.017318e-03   2.115123e-02   0.000000e+00  -7.019804e-03   1.173735e-02   0.000000e+00   0.000000e+00   0.000000e+00   4.345398e-02
 0.000000e+00   0.000000e+00   3.441764e-02   0.000000e+00   0.000000e+00   2.254023e-02   2.091338e-02  -7.154375e-02   0.000000e+00
 3.004921e-03  -7.019804e-03   0.000000e+00   4.638167e-03  -5.452968e-03   0.000000e+00   0.000000e+00   0.000000e+00  -2.936953e-02
-2.487415e-03   1.173735e-02   0.000000e+00  -5.452968e-03   8.248203e-03   0.000000e+00   0.000000e+00   0.000000e+00   3.735979e-02
 0.000000e+00   0.000000e+00   2.254023e-02   0.000000e+00   0.000000e+00   1.972312e-02   4.074962e-02  -5.817667e-02   0.000000e+00
 0.000000e+00   0.000000e+00   2.091338e-02   0.000000e+00   0.000000e+00   4.074962e-02   3.074442e-01  -1.916244e-02   0.000000e+00
 0.000000e+00   0.000000e+00  -7.154375e-02   0.000000e+00   0.000000e+00  -5.817667e-02  -1.916244e-02   3.309026e-01   0.000000e+00
-1.378537e-02   4.345398e-02   0.000000e+00  -2.936953e-02   3.735979e-02   0.000000e+00   0.000000e+00   0.000000e+00   2.643070e-01

# timestamp: 1774889719.2841914
 6.040015e-03  -3.194456e-03   0.000000e+00   3.115407e-03  -2.613055e-03   0.000000e+00   0.000000e+00   0.000000e+00  -1.432779e-02
-3.194456e-03   2.160462e-02   0.000000e+00  -7.197129e-03   1.196651e-02   0.000000e+00   0.000000e+00   0.000000e+00   4.414322e-02
 0.000000e+00   0.000000e+00   3.527294e-02   0.000000e+00   0.000000e+00   2.306837e-02   2.166555e-02  -7.261637e-02   0.000000e+00
 3.115407e-03  -7.197129e-03   0.000000e+00   4.743035e-03  -5.570155e-03   0.000000e+00   0.000000e+00   0.000000e+00  -2.983165e-02
-2.613055e-03   1.196651e-02   0.000000e+00  -5.570155e-03   8.381520e-03   0.000000e+00   0.000000e+00   0.000000e+00   3.782415e-02
 0.000000e+00   0.000000e+00   2.306837e-02   0.000000e+00   0.000000e+00   2.007234e-02   4.132032e-02  -5.879084e-02   0.000000e+00
 0.000000e+00   0.000000e+00   2.166555e-02   0.000000e+00   0.000000e+00   4.132032e-02   3.092815e-01  -1.916244e-02   0.000000e+00
 0.000000e+00   0.000000e+00  -7.261637e-02   0.000000e+00   0.000000e+00  -5.879084e-02  -1.916244e-02   3.327399e-01   0.000000e+00
-1.432779e-02   4.414322e-02   0.000000e+00  -2.983165e-02   3.782415e-02   0.000000e+00   0.000000e+00   0.000000e+00   2.661443e-01

# timestamp: 1774889719.456217
 7.511786e-03  -5.188612e-03   0.000000e+00   4.323659e-03  -3.977824e-03   0.000000e+00   0.000000e+00   0.000000e+00  -1.994979e-02
-5.188612e-03   2.638557e-02   0.000000e+00  -9.068483e-03   1.434854e-02   0.000000e+00   0.000000e+00   0.000000e+00   5.117042e-02
 0.000000e+00   0.000000e+00   4.448651e-02   0.000000e+00   0.000000e+00   2.861938e-02   2.939279e-02  -8.344642e-02   0.000000e+00
 4.323659e-03  -9.068483e-03   0.000000e+00   5.828244e-03  -6.773504e-03   0.000000e+00   0.000000e+00   0.000000e+00  -3.440912e-02
-3.977824e-03   1.434854e-02   0.000000e+00  -6.773504e-03   9.739412e-03   0.000000e+00   0.000000e+00   0.000000e+00   4.242377e-02
 0.000000e+00   0.000000e+00   2.861938e-02   0.000000e+00   0.000000e+00   2.362204e-02   4.693551e-02  -6.482216e-02   0.000000e+00
 0.000000e+00   0.000000e+00   2.939279e-02   0.000000e+00   0.000000e+00   4.693551e-02   3.268398e-01  -1.916244e-02   0.000000e+00
 0.000000e+00   0.000000e+00  -8.344642e-02   0.000000e+00   0.000000e+00  -6.482216e-02  -1.916244e-02   3.502982e-01   0.000000e+00
-1.994979e-02   5.117042e-02   0.000000e+00  -3.440912e-02   4.242377e-02   0.000000e+00   0.000000e+00   0.000000e+00   2.837026e-01

# timestamp: 1774889719.4700685
 7.623059e-03  -5.338997e-03   0.000000e+00   4.412512e-03  -4.077614e-03   0.000000e+00   0.000000e+00   0.000000e+00  -2.034438e-02
-5.338997e-03   2.672696e-02   0.000000e+00  -9.202079e-03   1.451638e-02   0.000000e+00   0.000000e+00   0.000000e+00   5.165672e-02
 0.000000e+00   0.000000e+00   4.515668e-02   0.000000e+00   0.000000e+00   2.901414e-02   2.993090e-02  -8.418927e-02   0.000000e+00
 4.412512e-03  -9.202079e-03   0.000000e+00   5.904310e-03  -6.857294e-03   0.000000e+00   0.000000e+00   0.000000e+00  -3.471754e-02
-4.077614e-03   1.451638e-02   0.000000e+00  -6.857294e-03   9.833300e-03   0.000000e+00   0.000000e+00   0.000000e+00   4.273368e-02
 0.000000e+00   0.000000e+00   2.901414e-02   0.000000e+00   0.000000e+00   2.386696e-02   4.731155e-02  -6.522537e-02   0.000000e+00
 0.000000e+00   0.000000e+00   2.993090e-02   0.000000e+00   0.000000e+00   4.731155e-02   3.279840e-01  -1.916244e-02   0.000000e+00
 0.000000e+00   0.000000e+00  -8.418927e-02   0.000000e+00   0.000000e+00  -6.522537e-02  -1.916244e-02   3.514424e-01   0.000000e+00
-2.034438e-02   5.165672e-02   0.000000e+00  -3.471754e-02   4.273368e-02   0.000000e+00   0.000000e+00   0.000000e+00   2.848468e-01

# timestamp: 1774889719.4830408
 7.744553e-03  -5.503101e-03   0.000000e+00   4.509159e-03  -4.186078e-03   0.000000e+00   0.000000e+00   0.000000e+00  -2.077104e-02
-5.503101e-03   2.709702e-02   0.000000e+00  -9.346878e-03   1.469800e-02   0.000000e+00   0.000000e+00   0.000000e+00   5.218167e-02
 0.000000e+00   0.000000e+00   4.588480e-02   0.000000e+00   0.000000e+00   2.944179e-02   3.051219e-02  -8.499028e-02   0.000000e+00
 4.509159e-03  -9.346878e-03   0.000000e+00   5.986561e-03  -6.947826e-03   0.000000e+00   0.000000e+00   0.000000e+00  -3.504942e-02
-4.186078e-03   1.469800e-02   0.000000e+00  -6.947826e-03   9.934654e-03   0.000000e+00   0.000000e+00   0.000000e+00   4.306717e-02
 0.000000e+00   0.000000e+00   2.944179e-02   0.000000e+00   0.000000e+00   2.413129e-02   4.771589e-02  -6.565882e-02   0.000000e+00
 0.000000e+00   0.000000e+00   3.051219e-02   0.000000e+00   0.000000e+00   4.771589e-02   3.292100e-01  -1.916244e-02   0.000000e+00
 0.000000e+00   0.000000e+00  -8.499028e-02   0.000000e+00   0.000000e+00  -6.565882e-02  -1.916244e-02   3.526684e-01   0.000000e+00
-2.077104e-02   5.218167e-02   0.000000e+00  -3.504942e-02   4.306717e-02   0.000000e+00   0.000000e+00   0.000000e+00   2.860728e-01

# timestamp: 1774889719.537465
 8.344384e-03  -6.311823e-03   0.000000e+00   4.980928e-03  -4.714436e-03   0.000000e+00   0.000000e+00   0.000000e+00  -2.281857e-02
-6.311823e-03   2.888599e-02   0.000000e+00  -1.004649e-02   1.557144e-02   0.000000e+00   0.000000e+00   0.000000e+00   5.468868e-02
 0.000000e+00   0.000000e+00   4.942816e-02   0.000000e+00   0.000000e+00   3.150485e-02   3.329391e-02  -8.880330e-02   0.000000e+00
 4.980928e-03  -1.004649e-02   0.000000e+00   6.381150e-03  -7.381155e-03   0.000000e+00   0.000000e+00   0.000000e+00  -3.661901e-02
-4.714436e-03   1.557144e-02   0.000000e+00  -7.381155e-03   1.041860e-02   0.000000e+00   0.000000e+00   0.000000e+00   4.464435e-02
 0.000000e+00   0.000000e+00   3.150485e-02   0.000000e+00   0.000000e+00   2.539231e-02   4.962403e-02  -6.770310e-02   0.000000e+00
 0.000000e+00   0.000000e+00   3.329391e-02   0.000000e+00   0.000000e+00   4.962403e-02   3.349384e-01  -1.916244e-02   0.000000e+00
 0.000000e+00   0.000000e+00  -8.880330e-02   0.000000e+00   0.000000e+00  -6.770310e-02  -1.916244e-02   3.583969e-01   0.000000e+00
-2.281857e-02   5.468868e-02   0.000000e+00  -3.661901e-02   4.464435e-02   0.000000e+00   0.000000e+00   0.000000e+00   2.918013e-01

# timestamp: 1774889719.5562248
 8.488541e-03  -6.505799e-03   0.000000e+00   5.093031e-03  -4.839731e-03   0.000000e+00   0.000000e+00   0.000000e+00  -2.329707e-02
-6.505799e-03   2.930718e-02   0.000000e+00  -1.021109e-02   1.577601e-02   0.000000e+00   0.000000e+00   0.000000e+00   5.527179e-02
 0.000000e+00   0.000000e+00   5.026782e-02   0.000000e+00   0.000000e+00   3.198951e-02   3.394218e-02  -8.968733e-02   0.000000e+00
 5.093031e-03  -1.021109e-02   0.000000e+00   6.473328e-03  -7.482159e-03   0.000000e+00   0.000000e+00   0.000000e+00  -3.698051e-02
-4.839731e-03   1.577601e-02   0.000000e+00  -7.482159e-03   1.053113e-02   0.000000e+00   0.000000e+00   0.000000e+00   4.500760e-02
 0.000000e+00   0.000000e+00   3.198951e-02   0.000000e+00   0.000000e+00   2.568528e-02   5.006257e-02  -6.817263e-02   0.000000e+00
 0.000000e+00   0.000000e+00   3.394218e-02   0.000000e+00   0.000000e+00   5.006257e-02   3.362419e-01  -1.916244e-02   0.000000e+00
 0.000000e+00   0.000000e+00  -8.968733e-02   0.000000e+00   0.000000e+00  -6.817263e-02  -1.916244e-02   3.597003e-01   0.000000e+00
-2.329707e-02   5.527179e-02   0.000000e+00  -3.698051e-02   4.500760e-02   0.000000e+00   0.000000e+00   0.000000e+00   2.931047e-01

# timestamp: 1774889719.7279458
 1.068038e-02  -9.435832e-03   0.000000e+00   6.744365e-03  -6.675918e-03   0.000000e+00   0.000000e+00   0.000000e+00  -3.004884e-02
-9.435832e-03   3.537744e-02   0.000000e+00  -1.257677e-02   1.868252e-02   0.000000e+00   0.000000e+00   0.000000e+00   6.340360e-02
 0.000000e+00   0.000000e+00   6.257123e-02   0.000000e+00   0.000000e+00   3.892542e-02   4.302395e-02  -1.019121e-01   0.000000e+00
 6.744365e-03  -1.257677e-02   0.000000e+00   7.772389e-03  -8.897885e-03   0.000000e+00   0.000000e+00   0.000000e+00  -4.189154e-02
-6.675918e-03   1.868252e-02   0.000000e+00  -8.897885e-03   1.209913e-02   0.000000e+00   0.000000e+00   0.000000e+00   4.994240e-02
 0.000000e+00   0.000000e+00   3.892542e-02   0.000000e+00   0.000000e+00   2.975711e-02   5.598824e-02  -7.450730e-02   0.000000e+00
 0.000000e+00   0.000000e+00   4.302395e-02   0.000000e+00   0.000000e+00   5.598824e-02   3.534100e-01  -1.916244e-02   0.000000e+00
 0.000000e+00   0.000000e+00  -1.019121e-01   0.000000e+00   0.000000e+00  -7.450730e-02  -1.916244e-02   3.768684e-01   0.000000e+00
-3.004884e-02   6.340360e-02   0.000000e+00  -4.189154e-02   4.994240e-02   0.000000e+00   0.000000e+00   0.000000e+00   3.102728e-01

# timestamp: 1774889719.7458367
 1.098322e-02  -9.837821e-03   0.000000e+00   6.965573e-03  -6.920703e-03   0.000000e+00   0.000000e+00   0.000000e+00  -3.091667e-02
-9.837821e-03   3.617528e-02   0.000000e+00  -1.288662e-02   1.905911e-02   0.000000e+00   0.000000e+00   0.000000e+00   6.443744e-02
 0.000000e+00   0.000000e+00   6.421350e-02   0.000000e+00   0.000000e+00   3.982999e-02   4.418325e-02  -1.034536e-01   0.000000e+00
 6.965573e-03  -1.288662e-02   0.000000e+00   7.939260e-03  -9.078818e-03   0.000000e+00   0.000000e+00   0.000000e+00  -4.250016e-02
-6.920703e-03   1.905911e-02   0.000000e+00  -9.078818e-03   1.229840e-02   0.000000e+00   0.000000e+00   0.000000e+00   5.055397e-02
 0.000000e+00   0.000000e+00   3.982999e-02   0.000000e+00   0.000000e+00   3.027323e-02   5.671872e-02  -7.528698e-02   0.000000e+00
 0.000000e+00   0.000000e+00   4.418325e-02   0.000000e+00   0.000000e+00   5.671872e-02   3.554716e-01  -1.916244e-02   0.000000e+00
 0.000000e+00   0.000000e+00  -1.034536e-01   0.000000e+00   0.000000e+00  -7.528698e-02  -1.916244e-02   3.789301e-01   0.000000e+00
-3.091667e-02   6.443744e-02   0.000000e+00  -4.250016e-02   5.055397e-02   0.000000e+00   0.000000e+00   0.000000e+00   3.123345e-01

# timestamp: 1774889719.761147
 1.116066e-02  -1.007305e-02   0.000000e+00   7.094482e-03  -7.063240e-03   0.000000e+00   0.000000e+00   0.000000e+00  -3.141903e-02
-1.007305e-02   3.663886e-02   0.000000e+00  -1.306652e-02   1.927738e-02   0.000000e+00   0.000000e+00   0.000000e+00   6.503481e-02
 0.000000e+00   0.000000e+00   6.517016e-02   0.000000e+00   0.000000e+00   4.035482e-02   4.485354e-02  -1.043430e-01   0.000000e+00
 7.094482e-03  -1.306652e-02   0.000000e+00   8.035807e-03  -9.183417e-03   0.000000e+00   0.000000e+00   0.000000e+00  -4.285014e-02
-7.063240e-03   1.927738e-02   0.000000e+00  -9.183417e-03   1.241349e-02   0.000000e+00   0.000000e+00   0.000000e+00   5.090565e-02
 0.000000e+00   0.000000e+00   4.035482e-02   0.000000e+00   0.000000e+00   3.057119e-02   5.713841e-02  -7.573484e-02   0.000000e+00
 0.000000e+00   0.000000e+00   4.485354e-02   0.000000e+00   0.000000e+00   5.713841e-02   3.566512e-01  -1.916244e-02   0.000000e+00
 0.000000e+00   0.000000e+00  -1.043430e-01   0.000000e+00   0.000000e+00  -7.573484e-02  -1.916244e-02   3.801097e-01   0.000000e+00
-3.141903e-02   6.503481e-02   0.000000e+00  -4.285014e-02   5.090565e-02   0.000000e+00   0.000000e+00   0.000000e+00   3.135141e-01

# timestamp: 1774889719.779016
 1.143729e-02  -1.043928e-02   0.000000e+00   7.294467e-03  -7.284191e-03   0.000000e+00   0.000000e+00   0.000000e+00  -3.219300e-02
-1.043928e-02   3.735625e-02   0.000000e+00  -1.334475e-02   1.961442e-02   0.000000e+00   0.000000e+00   0.000000e+00   6.595388e-02
 0.000000e+00   0.000000e+00   6.665390e-02   0.000000e+00   0.000000e+00   4.116592e-02   4.588529e-02  -1.057098e-01   0.000000e+00
 7.294467e-03  -1.334475e-02   0.000000e+00   8.184743e-03  -9.344654e-03   0.000000e+00   0.000000e+00   0.000000e+00  -4.338744e-02
-7.284191e-03   1.961442e-02   0.000000e+00  -9.344654e-03   1.259077e-02   0.000000e+00   0.000000e+00   0.000000e+00   5.144554e-02
 0.000000e+00   0.000000e+00   4.116592e-02   0.000000e+00   0.000000e+00   3.102993e-02   5.778216e-02  -7.642160e-02   0.000000e+00
 0.000000e+00   0.000000e+00   4.588529e-02   0.000000e+00   0.000000e+00   5.778216e-02   3.584524e-01  -1.916244e-02   0.000000e+00
 0.000000e+00   0.000000e+00  -1.057098e-01   0.000000e+00   0.000000e+00  -7.642160e-02  -1.916244e-02   3.819108e-01   0.000000e+00
-3.219300e-02   6.595388e-02   0.000000e+00  -4.338744e-02   5.144554e-02   0.000000e+00   0.000000e+00   0.000000e+00   3.153152e-01

# timestamp: 1774889719.7942314
 1.173565e-02  -1.083371e-02   0.000000e+00   7.508826e-03  -7.520830e-03   0.000000e+00   0.000000e+00   0.000000e+00  -3.301676e-02
-1.083371e-02   3.812275e-02   0.000000e+00  -1.364175e-02   1.997347e-02   0.000000e+00   0.000000e+00   0.000000e+00   6.692998e-02
 0.000000e+00   0.000000e+00   6.824378e-02   0.000000e+00   0.000000e+00   4.203099e-02   4.698187e-02  -1.071591e-01   0.000000e+00
 7.508826e-03  -1.364175e-02   0.000000e+00   8.343033e-03  -9.515864e-03   0.000000e+00   0.000000e+00   0.000000e+00  -4.395432e-02
-7.520830e-03   1.997347e-02   0.000000e+00  -9.515864e-03   1.277882e-02   0.000000e+00   0.000000e+00   0.000000e+00   5.201517e-02
 0.000000e+00   0.000000e+00   4.203099e-02   0.000000e+00   0.000000e+00   3.151629e-02   5.846077e-02  -7.714537e-02   0.000000e+00
 0.000000e+00   0.000000e+00   4.698187e-02   0.000000e+00   0.000000e+00   5.846077e-02   3.603428e-01  -1.916244e-02   0.000000e+00
 0.000000e+00   0.000000e+00  -1.071591e-01   0.000000e+00   0.000000e+00  -7.714537e-02  -1.916244e-02   3.838012e-01   0.000000e+00
-3.301676e-02   6.692998e-02   0.000000e+00  -4.395432e-02   5.201517e-02   0.000000e+00   0.000000e+00   0.000000e+00   3.172056e-01

# timestamp: 1774889719.814359
 1.208545e-02  -1.129534e-02   0.000000e+00   7.758455e-03  -7.796136e-03   0.000000e+00   0.000000e+00   0.000000e+00  -3.396790e-02
-1.129534e-02   3.901247e-02   0.000000e+00  -1.398614e-02   2.038896e-02   0.000000e+00   0.000000e+00   0.000000e+00   6.805475e-02
 0.000000e+00   0.000000e+00   7.009479e-02   0.000000e+00   0.000000e+00   4.303320e-02   4.824631e-02  -1.088263e-01   0.000000e+00
 7.758455e-03  -1.398614e-02   0.000000e+00   8.525846e-03  -9.713407e-03   0.000000e+00   0.000000e+00   0.000000e+00  -4.460439e-02
-7.796136e-03   2.038896e-02   0.000000e+00  -9.713407e-03   1.299556e-02   0.000000e+00   0.000000e+00   0.000000e+00   5.266838e-02
 0.000000e+00   0.000000e+00   4.303320e-02   0.000000e+00   0.000000e+00   3.207652e-02   5.923812e-02  -7.797419e-02   0.000000e+00
 0.000000e+00   0.000000e+00   4.824631e-02   0.000000e+00   0.000000e+00   5.923812e-02   3.624964e-01  -1.916244e-02   0.000000e+00
 0.000000e+00   0.000000e+00  -1.088263e-01   0.000000e+00   0.000000e+00  -7.797419e-02  -1.916244e-02   3.859548e-01   0.000000e+00
-3.396790e-02   6.805475e-02   0.000000e+00  -4.460439e-02   5.266838e-02   0.000000e+00   0.000000e+00   0.000000e+00   3.193593e-01

# timestamp: 1774889720.0028353
 1.557071e-02  -1.585259e-02   0.000000e+00   1.015914e-02  -1.043131e-02   0.000000e+00   0.000000e+00   0.000000e+00  -4.274134e-02
-1.585259e-02   4.744246e-02   0.000000e+00  -1.722953e-02   2.426136e-02   0.000000e+00   0.000000e+00   0.000000e+00   7.832407e-02
 0.000000e+00   0.000000e+00   8.789789e-02   0.000000e+00   0.000000e+00   5.242579e-02   5.982809e-02  -1.239176e-01   0.000000e+00
 1.015914e-02  -1.722953e-02   0.000000e+00   1.020956e-02  -1.152434e-02   0.000000e+00   0.000000e+00   0.000000e+00  -5.037406e-02
-1.043131e-02   2.426136e-02   0.000000e+00  -1.152434e-02   1.497211e-02   0.000000e+00   0.000000e+00   0.000000e+00   5.846598e-02
 0.000000e+00   0.000000e+00   5.242579e-02   0.000000e+00   0.000000e+00   3.716965e-02   6.610230e-02  -8.528184e-02   0.000000e+00
 0.000000e+00   0.000000e+00   5.982809e-02   0.000000e+00   0.000000e+00   6.610230e-02   3.810157e-01  -1.916244e-02   0.000000e+00
 0.000000e+00   0.000000e+00  -1.239176e-01   0.000000e+00   0.000000e+00  -8.528184e-02  -1.916244e-02   4.044741e-01   0.000000e+00
-4.274134e-02   7.832407e-02   0.000000e+00  -5.037406e-02   5.846598e-02   0.000000e+00   0.000000e+00   0.000000e+00   3.378785e-01

# timestamp: 1774889720.0172234
 1.598494e-02  -1.638953e-02   0.000000e+00   1.043537e-02  -1.073324e-02   0.000000e+00   0.000000e+00   0.000000e+00  -4.371277e-02
-1.638953e-02   4.840098e-02   0.000000e+00  -1.759601e-02   2.469487e-02   0.000000e+00   0.000000e+00   0.000000e+00   7.945093e-02
 0.000000e+00   0.000000e+00   8.994896e-02   0.000000e+00   0.000000e+00   5.348216e-02   6.110232e-02  -1.255605e-01   0.000000e+00
 1.043537e-02  -1.759601e-02   0.000000e+00   1.039590e-02  -1.172392e-02   0.000000e+00   0.000000e+00   0.000000e+00  -5.099111e-02
-1.073324e-02   2.469487e-02   0.000000e+00  -1.172392e-02   1.518893e-02   0.000000e+00   0.000000e+00   0.000000e+00   5.908601e-02
 0.000000e+00   0.000000e+00   5.348216e-02   0.000000e+00   0.000000e+00   3.772665e-02   6.683285e-02  -8.605847e-02   0.000000e+00
 0.000000e+00   0.000000e+00   6.110232e-02   0.000000e+00   0.000000e+00   6.683285e-02   3.829363e-01  -1.916244e-02   0.000000e+00
 0.000000e+00   0.000000e+00  -1.255605e-01   0.000000e+00   0.000000e+00  -8.605847e-02  -1.916244e-02   4.063948e-01   0.000000e+00
-4.371277e-02   7.945093e-02   0.000000e+00  -5.099111e-02   5.908601e-02   0.000000e+00   0.000000e+00   0.000000e+00   3.397992e-01

# timestamp: 1774889720.032455
 1.640725e-02  -1.693603e-02   0.000000e+00   1.071524e-02  -1.103893e-02   0.000000e+00   0.000000e+00   0.000000e+00  -4.469006e-02
-1.693603e-02   4.937029e-02   0.000000e+00  -1.796611e-02   2.513194e-02   0.000000e+00   0.000000e+00   0.000000e+00   8.058277e-02
 0.000000e+00   0.000000e+00   9.202806e-02   0.000000e+00   0.000000e+00   5.454807e-02   6.238274e-02  -1.272082e-01   0.000000e+00
 1.071524e-02  -1.796611e-02   0.000000e+00   1.058333e-02  -1.192454e-02   0.000000e+00   0.000000e+00   0.000000e+00  -5.160786e-02
-1.103893e-02   2.513194e-02   0.000000e+00  -1.192454e-02   1.540669e-02   0.000000e+00   0.000000e+00   0.000000e+00   5.970575e-02
 0.000000e+00   0.000000e+00   5.454807e-02   0.000000e+00   0.000000e+00   3.828573e-02   6.756243e-02  -8.683387e-02   0.000000e+00
 0.000000e+00   0.000000e+00   6.238274e-02   0.000000e+00   0.000000e+00   6.756243e-02   3.848453e-01  -1.916244e-02   0.000000e+00
 0.000000e+00   0.000000e+00  -1.272082e-01   0.000000e+00   0.000000e+00  -8.683387e-02  -1.916244e-02   4.083037e-01   0.000000e+00
-4.469006e-02   8.058277e-02   0.000000e+00  -5.160786e-02   5.970575e-02   0.000000e+00   0.000000e+00   0.000000e+00   3.417081e-01

# timestamp: 1774889720.05109
 1.667962e-02  -1.728802e-02   0.000000e+00   1.089483e-02  -1.123496e-02   0.000000e+00   0.000000e+00   0.000000e+00  -4.531365e-02
-1.728802e-02   4.999135e-02   0.000000e+00  -1.820299e-02   2.541130e-02   0.000000e+00   0.000000e+00   0.000000e+00   8.130403e-02
 0.000000e+00   0.000000e+00   9.336275e-02   0.000000e+00   0.000000e+00   5.522979e-02   6.319896e-02  -1.282570e-01   0.000000e+00
 1.089483e-02  -1.820299e-02   0.000000e+00   1.070290e-02  -1.205244e-02   0.000000e+00   0.000000e+00   0.000000e+00  -5.199927e-02
-1.123496e-02   2.541130e-02   0.000000e+00  -1.205244e-02   1.554542e-02   0.000000e+00   0.000000e+00   0.000000e+00   6.009905e-02
 0.000000e+00   0.000000e+00   5.522979e-02   0.000000e+00   0.000000e+00   3.864176e-02   6.802512e-02  -8.732551e-02   0.000000e+00
 0.000000e+00   0.000000e+00   6.319896e-02   0.000000e+00   0.000000e+00   6.802512e-02   3.860514e-01  -1.916244e-02   0.000000e+00
 0.000000e+00   0.000000e+00  -1.282570e-01   0.000000e+00   0.000000e+00  -8.732551e-02  -1.916244e-02   4.095098e-01   0.000000e+00
-4.531365e-02   8.130403e-02   0.000000e+00  -5.199927e-02   6.009905e-02   0.000000e+00   0.000000e+00   0.000000e+00   3.429142e-01

# timestamp: 1774889720.0643883
 1.695392e-02  -1.764211e-02   0.000000e+00   1.107500e-02  -1.143153e-02   0.000000e+00   0.000000e+00   0.000000e+00  -4.593648e-02
-1.764211e-02   5.061369e-02   0.000000e+00  -1.844014e-02   2.569071e-02   0.000000e+00   0.000000e+00   0.000000e+00   8.202370e-02
 0.000000e+00   0.000000e+00   9.470212e-02   0.000000e+00   0.000000e+00   5.591193e-02   6.401359e-02  -1.293024e-01   0.000000e+00
 1.107500e-02  -1.844014e-02   0.000000e+00   1.082231e-02  -1.218011e-02   0.000000e+00   0.000000e+00   0.000000e+00  -5.238862e-02
-1.143153e-02   2.569071e-02   0.000000e+00  -1.218011e-02   1.568384e-02   0.000000e+00   0.000000e+00   0.000000e+00   6.049029e-02
 0.000000e+00   0.000000e+00   5.591193e-02   0.000000e+00   0.000000e+00   3.899684e-02   6.848512e-02  -8.781423e-02   0.000000e+00
 0.000000e+00   0.000000e+00   6.401359e-02   0.000000e+00   0.000000e+00   6.848512e-02   3.872469e-01  -1.916244e-02   0.000000e+00
 0.000000e+00   0.000000e+00  -1.293024e-01   0.000000e+00   0.000000e+00  -8.781423e-02  -1.916244e-02   4.107053e-01   0.000000e+00
-4.593648e-02   8.202370e-02   0.000000e+00  -5.238862e-02   6.049029e-02   0.000000e+00   0.000000e+00   0.000000e+00   3.441097e-01

# timestamp: 1774889720.0774682
 1.725977e-02  -1.803650e-02   0.000000e+00   1.127508e-02  -1.164972e-02   0.000000e+00   0.000000e+00   0.000000e+00  -4.662495e-02
-1.803650e-02   5.130404e-02   0.000000e+00  -1.870299e-02   2.600004e-02   0.000000e+00   0.000000e+00   0.000000e+00   8.281843e-02
 0.000000e+00   0.000000e+00   9.619010e-02   0.000000e+00   0.000000e+00   5.666752e-02   6.491343e-02  -1.304558e-01   0.000000e+00
 1.127508e-02  -1.870299e-02   0.000000e+00   1.095432e-02  -1.232119e-02   0.000000e+00   0.000000e+00   0.000000e+00  -5.281733e-02
-1.164972e-02   2.600004e-02   0.000000e+00  -1.232119e-02   1.583671e-02   0.000000e+00   0.000000e+00   0.000000e+00   6.092108e-02
 0.000000e+00   0.000000e+00   5.666752e-02   0.000000e+00   0.000000e+00   3.938885e-02   6.899135e-02  -8.835196e-02   0.000000e+00
 0.000000e+00   0.000000e+00   6.491343e-02   0.000000e+00   0.000000e+00   6.899135e-02   3.885584e-01  -1.916244e-02   0.000000e+00
 0.000000e+00   0.000000e+00  -1.304558e-01   0.000000e+00   0.000000e+00  -8.835196e-02  -1.916244e-02   4.120168e-01   0.000000e+00
-4.662495e-02   8.281843e-02   0.000000e+00  -5.281733e-02   6.092108e-02   0.000000e+00   0.000000e+00   0.000000e+00   3.454212e-01

# timestamp: 1774889720.0945463
 1.768674e-02  -1.858631e-02   0.000000e+00   1.155300e-02  -1.195261e-02   0.000000e+00   0.000000e+00   0.000000e+00  -4.757597e-02
-1.858631e-02   5.226164e-02   0.000000e+00  -1.906715e-02   2.642807e-02   0.000000e+00   0.000000e+00   0.000000e+00   8.391485e-02
 0.000000e+00   0.000000e+00   9.825790e-02   0.000000e+00   0.000000e+00   5.771363e-02   6.615523e-02  -1.320452e-01   0.000000e+00
 1.155300e-02  -1.906715e-02   0.000000e+00   1.113662e-02  -1.251591e-02   0.000000e+00   0.000000e+00   0.000000e+00  -5.340634e-02
-1.195261e-02   2.642807e-02   0.000000e+00  -1.251591e-02   1.604756e-02   0.000000e+00   0.000000e+00   0.000000e+00   6.151294e-02
 0.000000e+00   0.000000e+00   5.771363e-02   0.000000e+00   0.000000e+00   3.992929e-02   6.968638e-02  -8.909009e-02   0.000000e+00
 0.000000e+00   0.000000e+00   6.615523e-02   0.000000e+00   0.000000e+00   6.968638e-02   3.903523e-01  -1.916244e-02   0.000000e+00
 0.000000e+00   0.000000e+00  -1.320452e-01   0.000000e+00   0.000000e+00  -8.909009e-02  -1.916244e-02   4.138107e-01   0.000000e+00
-4.757597e-02   8.391485e-02   0.000000e+00  -5.340634e-02   6.151294e-02   0.000000e+00   0.000000e+00   0.000000e+00   3.472151e-01

# timestamp: 1774889720.2806277
 2.265864e-02  -2.493069e-02   0.000000e+00   1.468459e-02  -1.535272e-02   0.000000e+00   0.000000e+00   0.000000e+00  -5.791263e-02
-2.493069e-02   6.297109e-02   0.000000e+00  -2.310724e-02   3.113800e-02   0.000000e+00   0.000000e+00   0.000000e+00   9.574041e-02
 0.000000e+00   0.000000e+00   1.216513e-01   0.000000e+00   0.000000e+00   6.926458e-02   7.957288e-02  -1.490595e-01   0.000000e+00
 1.468459e-02  -2.310724e-02   0.000000e+00   1.311661e-02  -1.462335e-02   0.000000e+00   0.000000e+00   0.000000e+00  -5.960059e-02
-1.535272e-02   3.113800e-02   0.000000e+00  -1.462335e-02   1.832050e-02   0.000000e+00   0.000000e+00   0.000000e+00   6.773716e-02
 0.000000e+00   0.000000e+00   6.926458e-02   0.000000e+00   0.000000e+00   4.573675e-02   7.696418e-02  -9.680926e-02   0.000000e+00
 0.000000e+00   0.000000e+00   7.957288e-02   0.000000e+00   0.000000e+00   7.696418e-02   4.086863e-01  -1.916244e-02   0.000000e+00
 0.000000e+00   0.000000e+00  -1.490595e-01   0.000000e+00   0.000000e+00  -9.680926e-02  -1.916244e-02   4.321447e-01   0.000000e+00
-5.791263e-02   9.574041e-02   0.000000e+00  -5.960059e-02   6.773716e-02   0.000000e+00   0.000000e+00   0.000000e+00   3.655492e-01

# timestamp: 1774889720.2964404
 2.320096e-02  -2.561693e-02   0.000000e+00   1.501593e-02  -1.571124e-02   0.000000e+00   0.000000e+00   0.000000e+00  -5.897022e-02
-2.561693e-02   6.409772e-02   0.000000e+00  -2.352882e-02   3.162584e-02   0.000000e+00   0.000000e+00   0.000000e+00   9.694190e-02
 0.000000e+00   0.000000e+00   1.241377e-01   0.000000e+00   0.000000e+00   7.046450e-02   8.093814e-02  -1.507760e-01   0.000000e+00
 1.501593e-02  -2.352882e-02   0.000000e+00   1.331908e-02  -1.483818e-02   0.000000e+00   0.000000e+00   0.000000e+00  -6.021490e-02
-1.571124e-02   3.162584e-02   0.000000e+00  -1.483818e-02   1.855134e-02   0.000000e+00   0.000000e+00   0.000000e+00   6.835445e-02
 0.000000e+00   0.000000e+00   7.046450e-02   0.000000e+00   0.000000e+00   4.632475e-02   7.768301e-02  -9.757074e-02   0.000000e+00
 0.000000e+00   0.000000e+00   8.093814e-02   0.000000e+00   0.000000e+00   7.768301e-02   4.104547e-01  -1.916244e-02   0.000000e+00
 0.000000e+00   0.000000e+00  -1.507760e-01   0.000000e+00   0.000000e+00  -9.757074e-02  -1.916244e-02   4.339131e-01   0.000000e+00
-5.897022e-02   9.694190e-02   0.000000e+00  -6.021490e-02   6.835445e-02   0.000000e+00   0.000000e+00   0.000000e+00   3.673176e-01

# timestamp: 1774889720.3160756
 2.386552e-02  -2.645647e-02   0.000000e+00   1.541957e-02  -1.614771e-02   0.000000e+00   0.000000e+00   0.000000e+00  -6.025004e-02
-2.645647e-02   6.546893e-02   0.000000e+00  -2.404108e-02   3.221780e-02   0.000000e+00   0.000000e+00   0.000000e+00   9.839405e-02
 0.000000e+00   0.000000e+00   1.271695e-01   0.000000e+00   0.000000e+00   7.192121e-02   8.258861e-02  -1.528478e-01   0.000000e+00
 1.541957e-02  -2.404108e-02   0.000000e+00   1.356417e-02  -1.509806e-02   0.000000e+00   0.000000e+00   0.000000e+00  -6.095432e-02
-1.614771e-02   3.221780e-02   0.000000e+00  -1.509806e-02   1.883042e-02   0.000000e+00   0.000000e+00   0.000000e+00   6.909744e-02
 0.000000e+00   0.000000e+00   7.192121e-02   0.000000e+00   0.000000e+00   4.703519e-02   7.854754e-02  -9.848635e-02   0.000000e+00
 0.000000e+00   0.000000e+00   8.258861e-02   0.000000e+00   0.000000e+00   7.854754e-02   4.125717e-01  -1.916244e-02   0.000000e+00
 0.000000e+00   0.000000e+00  -1.528478e-01   0.000000e+00   0.000000e+00  -9.848635e-02  -1.916244e-02   4.360301e-01   0.000000e+00
-6.025004e-02   9.839405e-02   0.000000e+00  -6.095432e-02   6.909744e-02   0.000000e+00   0.000000e+00   0.000000e+00   3.694345e-01

# timestamp: 1774889720.3330445
 2.430308e-02  -2.700844e-02   0.000000e+00   1.568392e-02  -1.643340e-02   0.000000e+00   0.000000e+00   0.000000e+00  -6.108350e-02
-2.700844e-02   6.636631e-02   0.000000e+00  -2.437580e-02   3.260413e-02   0.000000e+00   0.000000e+00   0.000000e+00   9.933865e-02
 0.000000e+00   0.000000e+00   1.291570e-01   0.000000e+00   0.000000e+00   7.287233e-02   8.366244e-02  -1.541938e-01   0.000000e+00
 1.568392e-02  -2.437580e-02   0.000000e+00   1.372374e-02  -1.526718e-02   0.000000e+00   0.000000e+00   0.000000e+00  -6.143321e-02
-1.643340e-02   3.260413e-02   0.000000e+00  -1.526718e-02   1.901191e-02   0.000000e+00   0.000000e+00   0.000000e+00   6.957865e-02
 0.000000e+00   0.000000e+00   7.287233e-02   0.000000e+00   0.000000e+00   4.749698e-02   7.910708e-02  -9.907883e-02   0.000000e+00
 0.000000e+00   0.000000e+00   8.366244e-02   0.000000e+00   0.000000e+00   7.910708e-02   4.139363e-01  -1.916244e-02   0.000000e+00
 0.000000e+00   0.000000e+00  -1.541938e-01   0.000000e+00   0.000000e+00  -9.907883e-02  -1.916244e-02   4.373947e-01   0.000000e+00
-6.108350e-02   9.933865e-02   0.000000e+00  -6.143321e-02   6.957865e-02   0.000000e+00   0.000000e+00   0.000000e+00   3.707992e-01

# timestamp: 1774889720.3504994
 2.498178e-02  -2.786334e-02   0.000000e+00   1.609181e-02  -1.687396e-02   0.000000e+00   0.000000e+00   0.000000e+00  -6.236227e-02
-2.786334e-02   6.774998e-02   0.000000e+00  -2.489113e-02   3.319820e-02   0.000000e+00   0.000000e+00   0.000000e+00   1.007863e-01
 0.000000e+00   0.000000e+00   1.322266e-01   0.000000e+00   0.000000e+00   7.433549e-02   8.530850e-02  -1.562543e-01   0.000000e+00
 1.609181e-02  -2.489113e-02   0.000000e+00   1.396856e-02  -1.552652e-02   0.000000e+00   0.000000e+00   0.000000e+00  -6.216419e-02
-1.687396e-02   3.319820e-02   0.000000e+00  -1.552652e-02   1.929007e-02   0.000000e+00   0.000000e+00   0.000000e+00   7.031317e-02
 0.000000e+00   0.000000e+00   7.433549e-02   0.000000e+00   0.000000e+00   4.820432e-02   7.996061e-02  -9.998242e-02   0.000000e+00
 0.000000e+00   0.000000e+00   8.530850e-02   0.000000e+00   0.000000e+00   7.996061e-02   4.160097e-01  -1.916244e-02   0.000000e+00
 0.000000e+00   0.000000e+00  -1.562543e-01   0.000000e+00   0.000000e+00  -9.998242e-02  -1.916244e-02   4.394682e-01   0.000000e+00
-6.236227e-02   1.007863e-01   0.000000e+00  -6.216419e-02   7.031317e-02   0.000000e+00   0.000000e+00   0.000000e+00   3.728726e-01

# timestamp: 1774889720.3648589
 2.548677e-02  -2.849848e-02   0.000000e+00   1.639366e-02  -1.719980e-02   0.000000e+00   0.000000e+00   0.000000e+00  -6.330301e-02
-2.849848e-02   6.877327e-02   0.000000e+00  -2.527164e-02   3.363632e-02   0.000000e+00   0.000000e+00   0.000000e+00   1.018501e-01
 0.000000e+00   0.000000e+00   1.345005e-01   0.000000e+00   0.000000e+00   7.541499e-02   8.651833e-02  -1.577667e-01   0.000000e+00
 1.639366e-02  -2.527164e-02   0.000000e+00   1.414870e-02  -1.571724e-02   0.000000e+00   0.000000e+00   0.000000e+00  -6.269926e-02
-1.719980e-02   3.363632e-02   0.000000e+00  -1.571724e-02   1.949450e-02   0.000000e+00   0.000000e+00   0.000000e+00   7.085083e-02
 0.000000e+00   0.000000e+00   7.541499e-02   0.000000e+00   0.000000e+00   4.872390e-02   8.058493e-02  -1.006432e-01   0.000000e+00
 0.000000e+00   0.000000e+00   8.651833e-02   0.000000e+00   0.000000e+00   8.058493e-02   4.175200e-01  -1.916244e-02   0.000000e+00
 0.000000e+00   0.000000e+00  -1.577667e-01   0.000000e+00   0.000000e+00  -1.006432e-01  -1.916244e-02   4.409784e-01   0.000000e+00
-6.330301e-02   1.018501e-01   0.000000e+00  -6.269926e-02   7.085083e-02   0.000000e+00   0.000000e+00   0.000000e+00   3.743828e-01

# timestamp: 1774889720.378725
 2.596758e-02  -2.910249e-02   0.000000e+00   1.667979e-02  -1.750853e-02   0.000000e+00   0.000000e+00   0.000000e+00  -6.419064e-02
-2.910249e-02   6.974277e-02   0.000000e+00  -2.563167e-02   3.405043e-02   0.000000e+00   0.000000e+00   0.000000e+00   1.028530e-01
 0.000000e+00   0.000000e+00   1.366577e-01   0.000000e+00   0.000000e+00   7.643570e-02   8.765896e-02  -1.591908e-01   0.000000e+00
 1.667979e-02  -2.563167e-02   0.000000e+00   1.431862e-02  -1.589706e-02   0.000000e+00   0.000000e+00   0.000000e+00  -6.320177e-02
-1.750853e-02   3.405043e-02   0.000000e+00  -1.589706e-02   1.968716e-02   0.000000e+00   0.000000e+00   0.000000e+00   7.135577e-02
 0.000000e+00   0.000000e+00   7.643570e-02   0.000000e+00   0.000000e+00   4.921334e-02   8.117094e-02  -1.012634e-01   0.000000e+00
 0.000000e+00   0.000000e+00   8.765896e-02   0.000000e+00   0.000000e+00   8.117094e-02   4.189329e-01  -1.916244e-02   0.000000e+00
 0.000000e+00   0.000000e+00  -1.591908e-01   0.000000e+00   0.000000e+00  -1.012634e-01  -1.916244e-02   4.423913e-01   0.000000e+00
-6.419064e-02   1.028530e-01   0.000000e+00  -6.320177e-02   7.135577e-02   0.000000e+00   0.000000e+00   0.000000e+00   3.757957e-01

# timestamp: 1774889720.5655525
 3.320068e-02  -3.811229e-02   0.000000e+00   2.085263e-02  -2.199693e-02   0.000000e+00   0.000000e+00   0.000000e+00  -7.672456e-02
-3.811229e-02   8.384653e-02   0.000000e+00  -3.081827e-02   3.997658e-02   0.000000e+00   0.000000e+00   0.000000e+00   1.169265e-01
 0.000000e+00   0.000000e+00   1.683256e-01   0.000000e+00   0.000000e+00   9.107243e-02   1.036810e-01  -1.790409e-01   0.000000e+00
 2.085263e-02  -3.081827e-02   0.000000e+00   1.671573e-02  -1.842694e-02   0.000000e+00   0.000000e+00   0.000000e+00  -7.008339e-02
-2.199693e-02   3.997658e-02   0.000000e+00  -1.842694e-02   2.238890e-02   0.000000e+00   0.000000e+00   0.000000e+00   7.827069e-02
 0.000000e+00   0.000000e+00   9.107243e-02   0.000000e+00   0.000000e+00   5.605526e-02   8.916633e-02  -1.097149e-01   0.000000e+00
 0.000000e+00   0.000000e+00   1.036810e-01   0.000000e+00   0.000000e+00   8.916633e-02   4.377780e-01  -1.916244e-02   0.000000e+00
 0.000000e+00   0.000000e+00  -1.790409e-01   0.000000e+00   0.000000e+00  -1.097149e-01  -1.916244e-02   4.612364e-01   0.000000e+00
-7.672456e-02   1.169265e-01   0.000000e+00  -7.008339e-02   7.827069e-02   0.000000e+00   0.000000e+00   0.000000e+00   3.946408e-01

# timestamp: 1774889720.5882092
 3.402537e-02  -3.913145e-02   0.000000e+00   2.131460e-02  -2.249238e-02   0.000000e+00   0.000000e+00   0.000000e+00  -7.806953e-02
-3.913145e-02   8.540577e-02   0.000000e+00  -3.138607e-02   4.062132e-02   0.000000e+00   0.000000e+00   0.000000e+00   1.184281e-01
 0.000000e+00   0.000000e+00   1.718555e-01   0.000000e+00   0.000000e+00   9.266757e-02   1.053916e-01  -1.811449e-01   0.000000e+00
 2.131460e-02  -3.138607e-02   0.000000e+00   1.697288e-02  -1.869763e-02   0.000000e+00   0.000000e+00   0.000000e+00  -7.080067e-02
-2.249238e-02   4.062132e-02   0.000000e+00  -1.869763e-02   2.267711e-02   0.000000e+00   0.000000e+00   0.000000e+00   7.899145e-02
 0.000000e+00   0.000000e+00   9.266757e-02   0.000000e+00   0.000000e+00   5.678282e-02   8.999665e-02  -1.105916e-01   0.000000e+00
 0.000000e+00   0.000000e+00   1.053916e-01   0.000000e+00   0.000000e+00   8.999665e-02   4.396906e-01  -1.916244e-02   0.000000e+00
 0.000000e+00   0.000000e+00  -1.811449e-01   0.000000e+00   0.000000e+00  -1.105916e-01  -1.916244e-02   4.631490e-01   0.000000e+00
-7.806953e-02   1.184281e-01   0.000000e+00  -7.080067e-02   7.899145e-02   0.000000e+00   0.000000e+00   0.000000e+00   3.965534e-01

# timestamp: 1774889720.6249952
 3.564496e-02  -4.112866e-02   0.000000e+00   2.221470e-02  -2.345697e-02   0.000000e+00   0.000000e+00   0.000000e+00  -8.066797e-02
-4.112866e-02   8.844341e-02   0.000000e+00  -3.248920e-02   4.187190e-02   0.000000e+00   0.000000e+00   0.000000e+00   1.213250e-01
 0.000000e+00   0.000000e+00   1.787468e-01   0.000000e+00   0.000000e+00   9.576283e-02   1.086923e-01  -1.851970e-01   0.000000e+00
 2.221470e-02  -3.248920e-02   0.000000e+00   1.746981e-02  -1.922038e-02   0.000000e+00   0.000000e+00   0.000000e+00  -7.217645e-02
-2.345697e-02   4.187190e-02   0.000000e+00  -1.922038e-02   2.323323e-02   0.000000e+00   0.000000e+00   0.000000e+00   8.037389e-02
 0.000000e+00   0.000000e+00   9.576283e-02   0.000000e+00   0.000000e+00   5.818557e-02   9.158769e-02  -1.122710e-01   0.000000e+00
 0.000000e+00   0.000000e+00   1.086923e-01   0.000000e+00   0.000000e+00   9.158769e-02   4.433329e-01  -1.916244e-02   0.000000e+00
 0.000000e+00   0.000000e+00  -1.851970e-01   0.000000e+00   0.000000e+00  -1.122710e-01  -1.916244e-02   4.667913e-01   0.000000e+00
-8.066797e-02   1.213250e-01   0.000000e+00  -7.217645e-02   8.037389e-02   0.000000e+00   0.000000e+00   0.000000e+00   4.001957e-01

# timestamp: 1774889720.6571038
 3.704435e-02  -4.285000e-02   0.000000e+00   2.298504e-02  -2.428177e-02   0.000000e+00   0.000000e+00   0.000000e+00  -8.287056e-02
-4.285000e-02   9.104312e-02   0.000000e+00  -3.343007e-02   4.293652e-02   0.000000e+00   0.000000e+00   0.000000e+00   1.237762e-01
 0.000000e+00   0.000000e+00   1.846593e-01   0.000000e+00   0.000000e+00   9.839899e-02   1.114857e-01  -1.886184e-01   0.000000e+00
 2.298504e-02  -3.343007e-02   0.000000e+00   1.789079e-02  -1.966289e-02   0.000000e+00   0.000000e+00   0.000000e+00  -7.333118e-02
-2.428177e-02   4.293652e-02   0.000000e+00  -1.966289e-02   2.370357e-02   0.000000e+00   0.000000e+00   0.000000e+00   8.153420e-02
 0.000000e+00   0.000000e+00   9.839899e-02   0.000000e+00   0.000000e+00   5.937071e-02   9.292163e-02  -1.136786e-01   0.000000e+00
 0.000000e+00   0.000000e+00   1.114857e-01   0.000000e+00   0.000000e+00   9.292163e-02   4.463652e-01  -1.916244e-02   0.000000e+00
 0.000000e+00   0.000000e+00  -1.886184e-01   0.000000e+00   0.000000e+00  -1.136786e-01  -1.916244e-02   4.698236e-01   0.000000e+00
-8.287056e-02   1.237762e-01   0.000000e+00  -7.333118e-02   8.153420e-02   0.000000e+00   0.000000e+00   0.000000e+00   4.032280e-01

# timestamp: 1774889720.8343832
 4.634499e-02  -5.420072e-02   0.000000e+00   2.795385e-02  -2.958737e-02   0.000000e+00   0.000000e+00   0.000000e+00  -9.664984e-02
-5.420072e-02   1.078272e-01   0.000000e+00  -3.943732e-02   4.969497e-02   0.000000e+00   0.000000e+00   0.000000e+00   1.390321e-01
 0.000000e+00   0.000000e+00   2.231120e-01   0.000000e+00   0.000000e+00   1.151529e-01   1.288766e-01  -2.097763e-01   0.000000e+00
 2.795385e-02  -3.943732e-02   0.000000e+00   2.052310e-02  -2.242344e-02   0.000000e+00   0.000000e+00   0.000000e+00  -8.035076e-02
-2.958737e-02   4.969497e-02   0.000000e+00  -2.242344e-02   2.662965e-02   0.000000e+00   0.000000e+00   0.000000e+00   8.858776e-02
 0.000000e+00   0.000000e+00   1.151529e-01   0.000000e+00   0.000000e+00   6.672031e-02   1.010029e-01  -1.221970e-01   0.000000e+00
 0.000000e+00   0.000000e+00   1.288766e-01   0.000000e+00   0.000000e+00   1.010029e-01   4.643300e-01  -1.916244e-02   0.000000e+00
 0.000000e+00   0.000000e+00  -2.097763e-01   0.000000e+00   0.000000e+00  -1.221970e-01  -1.916244e-02   4.877884e-01   0.000000e+00
-9.664984e-02   1.390321e-01   0.000000e+00  -8.035076e-02   8.858776e-02   0.000000e+00   0.000000e+00   0.000000e+00   4.211928e-01

# timestamp: 1774889720.8465393
 4.703569e-02  -5.503813e-02   0.000000e+00   2.831355e-02  -2.997057e-02   0.000000e+00   0.000000e+00   0.000000e+00  -9.762136e-02
-5.503813e-02   1.090440e-01   0.000000e+00  -3.986853e-02   5.017778e-02   0.000000e+00   0.000000e+00   0.000000e+00   1.401030e-01
 0.000000e+00   0.000000e+00   2.259166e-01   0.000000e+00   0.000000e+00   1.163507e-01   1.300977e-01  -2.112533e-01   0.000000e+00
 2.831355e-02  -3.986853e-02   0.000000e+00   2.070864e-02  -2.261764e-02   0.000000e+00   0.000000e+00   0.000000e+00  -8.083346e-02
-2.997057e-02   5.017778e-02   0.000000e+00  -2.261764e-02   2.683501e-02   0.000000e+00   0.000000e+00   0.000000e+00   8.907280e-02
 0.000000e+00   0.000000e+00   1.163507e-01   0.000000e+00   0.000000e+00   6.723467e-02   1.015570e-01  -1.227805e-01   0.000000e+00
 0.000000e+00   0.000000e+00   1.300977e-01   0.000000e+00   0.000000e+00   1.015570e-01   4.655372e-01  -1.916244e-02   0.000000e+00
 0.000000e+00   0.000000e+00  -2.112533e-01   0.000000e+00   0.000000e+00  -1.227805e-01  -1.916244e-02   4.889957e-01   0.000000e+00
-9.762136e-02   1.401030e-01   0.000000e+00  -8.083346e-02   8.907280e-02   0.000000e+00   0.000000e+00   0.000000e+00   4.224001e-01

# timestamp: 1774889720.859301
 4.770139e-02  -5.584458e-02   0.000000e+00   2.865913e-02  -3.033862e-02   0.000000e+00   0.000000e+00   0.000000e+00  -9.855175e-02
-5.584458e-02   1.102134e-01   0.000000e+00  -4.028240e-02   5.064090e-02   0.000000e+00   0.000000e+00   0.000000e+00   1.411281e-01
 0.000000e+00   0.000000e+00   2.286138e-01   0.000000e+00   0.000000e+00   1.174998e-01   1.312665e-01  -2.126661e-01   0.000000e+00
 2.865913e-02  -4.028240e-02   0.000000e+00   2.088630e-02  -2.280355e-02   0.000000e+00   0.000000e+00   0.000000e+00  -8.129428e-02
-3.033862e-02   5.064090e-02   0.000000e+00  -2.280355e-02   2.703156e-02   0.000000e+00   0.000000e+00   0.000000e+00   8.953585e-02
 0.000000e+00   0.000000e+00   1.174998e-01   0.000000e+00   0.000000e+00   6.772679e-02   1.020858e-01  -1.233373e-01   0.000000e+00
 0.000000e+00   0.000000e+00   1.312665e-01   0.000000e+00   0.000000e+00   1.020858e-01   4.666866e-01  -1.916244e-02   0.000000e+00
 0.000000e+00   0.000000e+00  -2.126661e-01   0.000000e+00   0.000000e+00  -1.233373e-01  -1.916244e-02   4.901450e-01   0.000000e+00
-9.855175e-02   1.411281e-01   0.000000e+00  -8.129428e-02   8.953585e-02   0.000000e+00   0.000000e+00   0.000000e+00   4.235494e-01

# timestamp: 1774889720.8754249
 4.882387e-02  -5.720297e-02   0.000000e+00   2.923946e-02  -3.095647e-02   0.000000e+00   0.000000e+00   0.000000e+00  -1.001075e-01
-5.720297e-02   1.121778e-01   0.000000e+00  -4.097651e-02   5.141704e-02   0.000000e+00   0.000000e+00   0.000000e+00   1.428412e-01
 0.000000e+00   0.000000e+00   2.331488e-01   0.000000e+00   0.000000e+00   1.194257e-01   1.332196e-01  -2.150250e-01   0.000000e+00
 2.923946e-02  -4.097651e-02   0.000000e+00   2.118342e-02  -2.311437e-02   0.000000e+00   0.000000e+00   0.000000e+00  -8.206200e-02
-3.095647e-02   5.141704e-02   0.000000e+00  -2.311437e-02   2.736004e-02   0.000000e+00   0.000000e+00   0.000000e+00   9.030728e-02
 0.000000e+00   0.000000e+00   1.194257e-01   0.000000e+00   0.000000e+00   6.854887e-02   1.029662e-01  -1.242642e-01   0.000000e+00
 0.000000e+00   0.000000e+00   1.332196e-01   0.000000e+00   0.000000e+00   1.029662e-01   4.685944e-01  -1.916244e-02   0.000000e+00
 0.000000e+00   0.000000e+00  -2.150250e-01   0.000000e+00   0.000000e+00  -1.242642e-01  -1.916244e-02   4.920528e-01   0.000000e+00
-1.001075e-01   1.428412e-01   0.000000e+00  -8.206200e-02   9.030728e-02   0.000000e+00   0.000000e+00   0.000000e+00   4.254572e-01

# timestamp: 1774889720.8960726
 5.003593e-02  -5.866781e-02   0.000000e+00   2.986284e-02  -3.161986e-02   0.000000e+00   0.000000e+00   0.000000e+00  -1.017697e-01
-5.866781e-02   1.142890e-01   0.000000e+00  -4.172090e-02   5.224861e-02   0.000000e+00   0.000000e+00   0.000000e+00   1.446699e-01
 0.000000e+00   0.000000e+00   2.380282e-01   0.000000e+00   0.000000e+00   1.214894e-01   1.353046e-01  -2.175403e-01   0.000000e+00
 2.986284e-02  -4.172090e-02   0.000000e+00   2.150087e-02  -2.344634e-02   0.000000e+00   0.000000e+00   0.000000e+00  -8.287825e-02
-3.161986e-02   5.224861e-02   0.000000e+00  -2.344634e-02   2.771072e-02   0.000000e+00   0.000000e+00   0.000000e+00   9.112749e-02
 0.000000e+00   0.000000e+00   1.214894e-01   0.000000e+00   0.000000e+00   6.942600e-02   1.039018e-01  -1.252491e-01   0.000000e+00
 0.000000e+00   0.000000e+00   1.353046e-01   0.000000e+00   0.000000e+00   1.039018e-01   4.706133e-01  -1.916244e-02   0.000000e+00
 0.000000e+00   0.000000e+00  -2.175403e-01   0.000000e+00   0.000000e+00  -1.252491e-01  -1.916244e-02   4.940718e-01   0.000000e+00
-1.017697e-01   1.446699e-01   0.000000e+00  -8.287825e-02   9.112749e-02   0.000000e+00   0.000000e+00   0.000000e+00   4.274762e-01

# timestamp: 1774889720.912132
 5.076866e-02  -5.955239e-02   0.000000e+00   3.023807e-02  -3.201903e-02   0.000000e+00   0.000000e+00   0.000000e+00  -1.027660e-01
-5.955239e-02   1.155604e-01   0.000000e+00  -4.216836e-02   5.274811e-02   0.000000e+00   0.000000e+00   0.000000e+00   1.457652e-01
 0.000000e+00   0.000000e+00   2.409692e-01   0.000000e+00   0.000000e+00   1.227291e-01   1.365535e-01  -2.190455e-01   0.000000e+00
 3.023807e-02  -4.216836e-02   0.000000e+00   2.169110e-02  -2.364521e-02   0.000000e+00   0.000000e+00   0.000000e+00  -8.336534e-02
-3.201903e-02   5.274811e-02   0.000000e+00  -2.364521e-02   2.792072e-02   0.000000e+00   0.000000e+00   0.000000e+00   9.161693e-02
 0.000000e+00   0.000000e+00   1.227291e-01   0.000000e+00   0.000000e+00   6.995099e-02   1.044598e-01  -1.258364e-01   0.000000e+00
 0.000000e+00   0.000000e+00   1.365535e-01   0.000000e+00   0.000000e+00   1.044598e-01   4.718137e-01  -1.916244e-02   0.000000e+00
 0.000000e+00   0.000000e+00  -2.190455e-01   0.000000e+00   0.000000e+00  -1.258364e-01  -1.916244e-02   4.952721e-01   0.000000e+00
-1.027660e-01   1.457652e-01   0.000000e+00  -8.336534e-02   9.161693e-02   0.000000e+00   0.000000e+00   0.000000e+00   4.286765e-01

# timestamp: 1774889720.9273345
 5.192952e-02  -6.095240e-02   0.000000e+00   3.083014e-02  -3.264864e-02   0.000000e+00   0.000000e+00   0.000000e+00  -1.043315e-01
-6.095240e-02   1.175673e-01   0.000000e+00  -4.287353e-02   5.353470e-02   0.000000e+00   0.000000e+00   0.000000e+00   1.474852e-01
 0.000000e+00   0.000000e+00   2.456159e-01   0.000000e+00   0.000000e+00   1.246815e-01   1.385146e-01  -2.214072e-01   0.000000e+00
 3.083014e-02  -4.287353e-02   0.000000e+00   2.199001e-02  -2.395760e-02   0.000000e+00   0.000000e+00   0.000000e+00  -8.412779e-02
-3.264864e-02   5.353470e-02   0.000000e+00  -2.395760e-02   2.825048e-02   0.000000e+00   0.000000e+00   0.000000e+00   9.238307e-02
 0.000000e+00   0.000000e+00   1.246815e-01   0.000000e+00   0.000000e+00   7.077504e-02   1.053329e-01  -1.267552e-01   0.000000e+00
 0.000000e+00   0.000000e+00   1.385146e-01   0.000000e+00   0.000000e+00   1.053329e-01   4.736859e-01  -1.916244e-02   0.000000e+00
 0.000000e+00   0.000000e+00  -2.214072e-01   0.000000e+00   0.000000e+00  -1.267552e-01  -1.916244e-02   4.971443e-01   0.000000e+00
-1.043315e-01   1.474852e-01   0.000000e+00  -8.412779e-02   9.238307e-02   0.000000e+00   0.000000e+00   0.000000e+00   4.305487e-01

# timestamp: 1774889721.1055503
 6.413509e-02  -7.557665e-02   0.000000e+00   3.689418e-02  -3.908328e-02   0.000000e+00   0.000000e+00   0.000000e+00  -1.199498e-01
-7.557665e-02   1.381910e-01   0.000000e+00  -5.003986e-02   6.149274e-02   0.000000e+00   0.000000e+00   0.000000e+00   1.645768e-01
 0.000000e+00   0.000000e+00   2.936239e-01   0.000000e+00   0.000000e+00   1.444412e-01   1.580003e-01  -2.447457e-01   0.000000e+00
 3.689418e-02  -5.003986e-02   0.000000e+00   2.497074e-02  -2.706727e-02   0.000000e+00   0.000000e+00   0.000000e+00  -9.154657e-02
-3.908328e-02   6.149274e-02   0.000000e+00  -2.706727e-02   3.152605e-02   0.000000e+00   0.000000e+00   0.000000e+00   9.983776e-02
 0.000000e+00   0.000000e+00   1.444412e-01   0.000000e+00   0.000000e+00   7.893678e-02   1.138043e-01  -1.356621e-01   0.000000e+00
 0.000000e+00   0.000000e+00   1.580003e-01   0.000000e+00   0.000000e+00   1.138043e-01   4.914962e-01  -1.916244e-02   0.000000e+00
 0.000000e+00   0.000000e+00  -2.447457e-01   0.000000e+00   0.000000e+00  -1.356621e-01  -1.916244e-02   5.149547e-01   0.000000e+00
-1.199498e-01   1.645768e-01   0.000000e+00  -9.154657e-02   9.983776e-02   0.000000e+00   0.000000e+00   0.000000e+00   4.483591e-01

# timestamp: 1774889721.1203313
 6.500953e-02  -7.661832e-02   0.000000e+00   3.731845e-02  -3.953261e-02   0.000000e+00   0.000000e+00   0.000000e+00  -1.210165e-01
-7.661832e-02   1.396391e-01   0.000000e+00  -5.053781e-02   6.204350e-02   0.000000e+00   0.000000e+00   0.000000e+00   1.657401e-01
 0.000000e+00   0.000000e+00   2.970104e-01   0.000000e+00   0.000000e+00   1.458090e-01   1.593262e-01  -2.463261e-01   0.000000e+00
 3.731845e-02  -5.053781e-02   0.000000e+00   2.517426e-02  -2.727926e-02   0.000000e+00   0.000000e+00   0.000000e+00  -9.204175e-02
-3.953261e-02   6.204350e-02   0.000000e+00  -2.727926e-02   3.174892e-02   0.000000e+00   0.000000e+00   0.000000e+00   1.003353e-01
 0.000000e+00   0.000000e+00   1.458090e-01   0.000000e+00   0.000000e+00   7.949062e-02   1.143683e-01  -1.362546e-01   0.000000e+00
 0.000000e+00   0.000000e+00   1.593262e-01   0.000000e+00   0.000000e+00   1.143683e-01   4.926599e-01  -1.916244e-02   0.000000e+00
 0.000000e+00   0.000000e+00  -2.463261e-01   0.000000e+00   0.000000e+00  -1.362546e-01  -1.916244e-02   5.161183e-01   0.000000e+00
-1.210165e-01   1.657401e-01   0.000000e+00  -9.204175e-02   1.003353e-01   0.000000e+00   0.000000e+00   0.000000e+00   4.495227e-01

# timestamp: 1774889721.133848
 6.644713e-02  -7.832928e-02   0.000000e+00   3.801331e-02  -4.026828e-02   0.000000e+00   0.000000e+00   0.000000e+00  -1.227567e-01
-7.832928e-02   1.420123e-01   0.000000e+00  -5.135248e-02   6.294399e-02   0.000000e+00   0.000000e+00   0.000000e+00   1.676366e-01
 0.000000e+00   0.000000e+00   3.025643e-01   0.000000e+00   0.000000e+00   1.480454e-01   1.614881e-01  -2.489008e-01   0.000000e+00
 3.801331e-02  -5.135248e-02   0.000000e+00   2.550632e-02  -2.762504e-02   0.000000e+00   0.000000e+00   0.000000e+00  -9.284674e-02
-4.026828e-02   6.294399e-02   0.000000e+00  -2.762504e-02   3.211234e-02   0.000000e+00   0.000000e+00   0.000000e+00   1.011442e-01
 0.000000e+00   0.000000e+00   1.480454e-01   0.000000e+00   0.000000e+00   8.039333e-02   1.152847e-01  -1.372172e-01   0.000000e+00
 0.000000e+00   0.000000e+00   1.614881e-01   0.000000e+00   0.000000e+00   1.152847e-01   4.945451e-01  -1.916244e-02   0.000000e+00
 0.000000e+00   0.000000e+00  -2.489008e-01   0.000000e+00   0.000000e+00  -1.372172e-01  -1.916244e-02   5.180035e-01   0.000000e+00
-1.227567e-01   1.676366e-01   0.000000e+00  -9.284674e-02   1.011442e-01   0.000000e+00   0.000000e+00   0.000000e+00   4.514079e-01

# timestamp: 1774889721.1502888
 6.742801e-02  -7.949556e-02   0.000000e+00   3.848553e-02  -4.076808e-02   0.000000e+00   0.000000e+00   0.000000e+00  -1.239347e-01
-7.949556e-02   1.436263e-01   0.000000e+00  -5.190552e-02   6.355491e-02   0.000000e+00   0.000000e+00   0.000000e+00   1.689197e-01
 0.000000e+00   0.000000e+00   3.063442e-01   0.000000e+00   0.000000e+00   1.495627e-01   1.629505e-01  -2.506412e-01   0.000000e+00
 3.848553e-02  -5.190552e-02   0.000000e+00   2.573108e-02  -2.785903e-02   0.000000e+00   0.000000e+00   0.000000e+00  -9.338960e-02
-4.076808e-02   6.355491e-02   0.000000e+00  -2.785903e-02   3.235820e-02   0.000000e+00   0.000000e+00   0.000000e+00   1.016897e-01
 0.000000e+00   0.000000e+00   1.495627e-01   0.000000e+00   0.000000e+00   8.100375e-02   1.159024e-01  -1.378660e-01   0.000000e+00
 0.000000e+00   0.000000e+00   1.629505e-01   0.000000e+00   0.000000e+00   1.159024e-01   4.958120e-01  -1.916244e-02   0.000000e+00
 0.000000e+00   0.000000e+00  -2.506412e-01   0.000000e+00   0.000000e+00  -1.378660e-01  -1.916244e-02   5.192704e-01   0.000000e+00
-1.239347e-01   1.689197e-01   0.000000e+00  -9.338960e-02   1.016897e-01   0.000000e+00   0.000000e+00   0.000000e+00   4.526748e-01

# timestamp: 1774889721.1702943
 6.918148e-02  -8.157830e-02   0.000000e+00   3.932608e-02  -4.165741e-02   0.000000e+00   0.000000e+00   0.000000e+00  -1.260220e-01
-8.157830e-02   1.465013e-01   0.000000e+00  -5.288874e-02   6.464026e-02   0.000000e+00   0.000000e+00   0.000000e+00   1.711920e-01
 0.000000e+00   0.000000e+00   3.130827e-01   0.000000e+00   0.000000e+00   1.522582e-01   1.655403e-01  -2.537206e-01   0.000000e+00
 3.932608e-02  -5.288874e-02   0.000000e+00   2.612942e-02  -2.827362e-02   0.000000e+00   0.000000e+00   0.000000e+00  -9.434785e-02
-4.165741e-02   6.464026e-02   0.000000e+00  -2.827362e-02   3.279366e-02   0.000000e+00   0.000000e+00   0.000000e+00   1.026526e-01
 0.000000e+00   0.000000e+00   1.522582e-01   0.000000e+00   0.000000e+00   8.208439e-02   1.169923e-01  -1.390105e-01   0.000000e+00
 0.000000e+00   0.000000e+00   1.655403e-01   0.000000e+00   0.000000e+00   1.169923e-01   4.980394e-01  -1.916244e-02   0.000000e+00
 0.000000e+00   0.000000e+00  -2.537206e-01   0.000000e+00   0.000000e+00  -1.390105e-01  -1.916244e-02   5.214979e-01   0.000000e+00
-1.260220e-01   1.711920e-01   0.000000e+00  -9.434785e-02   1.026526e-01   0.000000e+00   0.000000e+00   0.000000e+00   4.549023e-01

# timestamp: 1774889721.1892464
 7.145851e-02  -8.427886e-02   0.000000e+00   4.041074e-02  -4.280446e-02   0.000000e+00   0.000000e+00   0.000000e+00  -1.286987e-01
-8.427886e-02   1.502157e-01   0.000000e+00  -5.415534e-02   6.603702e-02   0.000000e+00   0.000000e+00   0.000000e+00   1.741032e-01
 0.000000e+00   0.000000e+00   3.217983e-01   0.000000e+00   0.000000e+00   1.557272e-01   1.688581e-01  -2.576608e-01   0.000000e+00
 4.041074e-02  -5.415534e-02   0.000000e+00   2.664017e-02  -2.880500e-02   0.000000e+00   0.000000e+00   0.000000e+00  -9.556920e-02
-4.280446e-02   6.603702e-02   0.000000e+00  -2.880500e-02   3.335152e-02   0.000000e+00   0.000000e+00   0.000000e+00   1.038799e-01
 0.000000e+00   0.000000e+00   1.557272e-01   0.000000e+00   0.000000e+00   8.346778e-02   1.183805e-01  -1.404680e-01   0.000000e+00
 0.000000e+00   0.000000e+00   1.688581e-01   0.000000e+00   0.000000e+00   1.183805e-01   5.008629e-01  -1.916244e-02   0.000000e+00
 0.000000e+00   0.000000e+00  -2.576608e-01   0.000000e+00   0.000000e+00  -1.404680e-01  -1.916244e-02   5.243213e-01   0.000000e+00
-1.286987e-01   1.741032e-01   0.000000e+00  -9.556920e-02   1.038799e-01   0.000000e+00   0.000000e+00   0.000000e+00   4.577257e-01

# timestamp: 1774889721.3837664
 8.795017e-02  -1.037167e-01   0.000000e+00   4.806066e-02  -5.087820e-02   0.000000e+00   0.000000e+00   0.000000e+00  -1.470884e-01
-1.037167e-01   1.765588e-01   0.000000e+00  -6.302614e-02   7.577936e-02   0.000000e+00   0.000000e+00   0.000000e+00   1.940323e-01
 0.000000e+00   0.000000e+00   3.838888e-01   0.000000e+00   0.000000e+00   1.799195e-01   1.915614e-01  -2.844868e-01   0.000000e+00
 4.806066e-02  -6.302614e-02   0.000000e+00   3.014706e-02  -3.244768e-02   0.000000e+00   0.000000e+00   0.000000e+00  -1.037492e-01
-5.087820e-02   7.577936e-02   0.000000e+00  -3.244768e-02   3.716838e-02   0.000000e+00   0.000000e+00   0.000000e+00   1.120994e-01
 0.000000e+00   0.000000e+00   1.799195e-01   0.000000e+00   0.000000e+00   9.290463e-02   1.276528e-01  -1.501945e-01   0.000000e+00
 0.000000e+00   0.000000e+00   1.915614e-01   0.000000e+00   0.000000e+00   1.276528e-01   5.193442e-01  -1.916244e-02   0.000000e+00
 0.000000e+00   0.000000e+00  -2.844868e-01   0.000000e+00   0.000000e+00  -1.501945e-01  -1.916244e-02   5.428027e-01   0.000000e+00
-1.470884e-01   1.940323e-01   0.000000e+00  -1.037492e-01   1.120994e-01   0.000000e+00   0.000000e+00   0.000000e+00   4.762071e-01

# timestamp: 1774889721.3972821
 8.908909e-02  -1.050520e-01   0.000000e+00   4.857697e-02  -5.142217e-02   0.000000e+00   0.000000e+00   0.000000e+00  -1.483012e-01
-1.050520e-01   1.783462e-01   0.000000e+00  -6.362131e-02   7.643073e-02   0.000000e+00   0.000000e+00   0.000000e+00   1.953426e-01
 0.000000e+00   0.000000e+00   3.881172e-01   0.000000e+00   0.000000e+00   1.815366e-01   1.930534e-01  -2.862421e-01   0.000000e+00
 4.857697e-02  -6.362131e-02   0.000000e+00   3.037828e-02  -3.268753e-02   0.000000e+00   0.000000e+00   0.000000e+00  -1.042768e-01
-5.142217e-02   7.643073e-02   0.000000e+00  -3.268753e-02   3.741927e-02   0.000000e+00   0.000000e+00   0.000000e+00   1.126296e-01
 0.000000e+00   0.000000e+00   1.815366e-01   0.000000e+00   0.000000e+00   9.352329e-02   1.282494e-01  -1.508199e-01   0.000000e+00
 0.000000e+00   0.000000e+00   1.930534e-01   0.000000e+00   0.000000e+00   1.282494e-01   5.205117e-01  -1.916244e-02   0.000000e+00
 0.000000e+00   0.000000e+00  -2.862421e-01   0.000000e+00   0.000000e+00  -1.508199e-01  -1.916244e-02   5.439701e-01   0.000000e+00
-1.483012e-01   1.953426e-01   0.000000e+00  -1.042768e-01   1.126296e-01   0.000000e+00   0.000000e+00   0.000000e+00   4.773745e-01

# timestamp: 1774889721.415243
 9.128597e-02  -1.076254e-01   0.000000e+00   4.956896e-02  -5.246702e-02   0.000000e+00   0.000000e+00   0.000000e+00  -1.506217e-01
-1.076254e-01   1.817837e-01   0.000000e+00  -6.476374e-02   7.768030e-02   0.000000e+00   0.000000e+00   0.000000e+00   1.978484e-01
 0.000000e+00   0.000000e+00   3.962542e-01   0.000000e+00   0.000000e+00   1.846386e-01   1.959066e-01  -2.895964e-01   0.000000e+00
 4.956896e-02  -6.476374e-02   0.000000e+00   3.082083e-02  -3.314648e-02   0.000000e+00   0.000000e+00   0.000000e+00  -1.052830e-01
-5.246702e-02   7.768030e-02   0.000000e+00  -3.314648e-02   3.789924e-02   0.000000e+00   0.000000e+00   0.000000e+00   1.136407e-01
 0.000000e+00   0.000000e+00   1.846386e-01   0.000000e+00   0.000000e+00   9.470625e-02   1.293867e-01  -1.520118e-01   0.000000e+00
 0.000000e+00   0.000000e+00   1.959066e-01   0.000000e+00   0.000000e+00   1.293867e-01   5.227300e-01  -1.916244e-02   0.000000e+00
 0.000000e+00   0.000000e+00  -2.895964e-01   0.000000e+00   0.000000e+00  -1.520118e-01  -1.916244e-02   5.461884e-01   0.000000e+00
-1.506217e-01   1.978484e-01   0.000000e+00  -1.052830e-01   1.136407e-01   0.000000e+00   0.000000e+00   0.000000e+00   4.795928e-01

# timestamp: 1774889721.4311235
 9.248068e-02  -1.090236e-01   0.000000e+00   5.010625e-02  -5.303277e-02   0.000000e+00   0.000000e+00   0.000000e+00  -1.518737e-01
-1.090236e-01   1.836475e-01   0.000000e+00  -6.538189e-02   7.835601e-02   0.000000e+00   0.000000e+00   0.000000e+00   1.991997e-01
 0.000000e+00   0.000000e+00   4.006687e-01   0.000000e+00   0.000000e+00   1.863160e-01   1.974452e-01  -2.914037e-01   0.000000e+00
 5.010625e-02  -6.538189e-02   0.000000e+00   3.105952e-02  -3.339397e-02   0.000000e+00   0.000000e+00   0.000000e+00  -1.058236e-01
-5.303277e-02   7.835601e-02   0.000000e+00  -3.339397e-02   3.815798e-02   0.000000e+00   0.000000e+00   0.000000e+00   1.141838e-01
 0.000000e+00   0.000000e+00   1.863160e-01   0.000000e+00   0.000000e+00   9.534368e-02   1.299974e-01  -1.526518e-01   0.000000e+00
 0.000000e+00   0.000000e+00   1.974452e-01   0.000000e+00   0.000000e+00   1.299974e-01   5.239177e-01  -1.916244e-02   0.000000e+00
 0.000000e+00   0.000000e+00  -2.914037e-01   0.000000e+00   0.000000e+00  -1.526518e-01  -1.916244e-02   5.473761e-01   0.000000e+00
-1.518737e-01   1.991997e-01   0.000000e+00  -1.058236e-01   1.141838e-01   0.000000e+00   0.000000e+00   0.000000e+00   4.807805e-01

# timestamp: 1774889721.446254
 9.389877e-02  -1.106821e-01   0.000000e+00   5.074210e-02  -5.370216e-02   0.000000e+00   0.000000e+00   0.000000e+00  -1.533508e-01
-1.106821e-01   1.858549e-01   0.000000e+00  -6.611289e-02   7.915476e-02   0.000000e+00   0.000000e+00   0.000000e+00   2.007934e-01
 0.000000e+00   0.000000e+00   4.058992e-01   0.000000e+00   0.000000e+00   1.882986e-01   1.992595e-01  -2.935339e-01   0.000000e+00
 5.074210e-02  -6.611289e-02   0.000000e+00   3.134118e-02  -3.368594e-02   0.000000e+00   0.000000e+00   0.000000e+00  -1.064597e-01
-5.370216e-02   7.915476e-02   0.000000e+00  -3.368594e-02   3.846318e-02   0.000000e+00   0.000000e+00   0.000000e+00   1.148230e-01
 0.000000e+00   0.000000e+00   1.882986e-01   0.000000e+00   0.000000e+00   9.609529e-02   1.307159e-01  -1.534047e-01   0.000000e+00
 0.000000e+00   0.000000e+00   1.992595e-01   0.000000e+00   0.000000e+00   1.307159e-01   5.253114e-01  -1.916244e-02   0.000000e+00
 0.000000e+00   0.000000e+00  -2.935339e-01   0.000000e+00   0.000000e+00  -1.534047e-01  -1.916244e-02   5.487698e-01   0.000000e+00
-1.533508e-01   2.007934e-01   0.000000e+00  -1.064597e-01   1.148230e-01   0.000000e+00   0.000000e+00   0.000000e+00   4.821742e-01

# timestamp: 1774889721.4624867
 9.579072e-02  -1.128930e-01   0.000000e+00   5.158721e-02  -5.459161e-02   0.000000e+00   0.000000e+00   0.000000e+00  -1.553069e-01
-1.128930e-01   1.887917e-01   0.000000e+00  -6.708358e-02   8.021481e-02   0.000000e+00   0.000000e+00   0.000000e+00   2.029028e-01
 0.000000e+00   0.000000e+00   4.128619e-01   0.000000e+00   0.000000e+00   1.909297e-01   2.016608e-01  -2.963513e-01   0.000000e+00
 5.158721e-02  -6.708358e-02   0.000000e+00   3.171408e-02  -3.407243e-02   0.000000e+00   0.000000e+00   0.000000e+00  -1.072988e-01
-5.459161e-02   8.021481e-02   0.000000e+00  -3.407243e-02   3.886706e-02   0.000000e+00   0.000000e+00   0.000000e+00   1.156662e-01
 0.000000e+00   0.000000e+00   1.909297e-01   0.000000e+00   0.000000e+00   9.708950e-02   1.316634e-01  -1.543973e-01   0.000000e+00
 0.000000e+00   0.000000e+00   2.016608e-01   0.000000e+00   0.000000e+00   1.316634e-01   5.271440e-01  -1.916244e-02   0.000000e+00
 0.000000e+00   0.000000e+00  -2.963513e-01   0.000000e+00   0.000000e+00  -1.543973e-01  -1.916244e-02   5.506024e-01   0.000000e+00
-1.553069e-01   2.029028e-01   0.000000e+00  -1.072988e-01   1.156662e-01   0.000000e+00   0.000000e+00   0.000000e+00   4.840068e-01

# timestamp: 1774889721.4751089
 9.707713e-02  -1.143950e-01   0.000000e+00   5.215980e-02  -5.519410e-02   0.000000e+00   0.000000e+00   0.000000e+00  -1.566276e-01
-1.143950e-01   1.907833e-01   0.000000e+00  -6.774069e-02   8.093205e-02   0.000000e+00   0.000000e+00   0.000000e+00   2.043263e-01
 0.000000e+00   0.000000e+00   4.175863e-01   0.000000e+00   0.000000e+00   1.927098e-01   2.032812e-01  -2.982512e-01   0.000000e+00
 5.215980e-02  -6.774069e-02   0.000000e+00   3.196583e-02  -3.433331e-02   0.000000e+00   0.000000e+00   0.000000e+00  -1.078634e-01
-5.519410e-02   8.093205e-02   0.000000e+00  -3.433331e-02   3.913961e-02   0.000000e+00   0.000000e+00   0.000000e+00   1.162336e-01
 0.000000e+00   0.000000e+00   1.927098e-01   0.000000e+00   0.000000e+00   9.776014e-02   1.323007e-01  -1.550649e-01   0.000000e+00
 0.000000e+00   0.000000e+00   2.032812e-01   0.000000e+00   0.000000e+00   1.323007e-01   5.283732e-01  -1.916244e-02   0.000000e+00
 0.000000e+00   0.000000e+00  -2.982512e-01   0.000000e+00   0.000000e+00  -1.550649e-01  -1.916244e-02   5.518316e-01   0.000000e+00
-1.566276e-01   2.043263e-01   0.000000e+00  -1.078634e-01   1.162336e-01   0.000000e+00   0.000000e+00   0.000000e+00   4.852360e-01

# timestamp: 1774889721.658945
 1.185178e-01  -1.393020e-01   0.000000e+00   6.148320e-02  -6.498830e-02   0.000000e+00   0.000000e+00   0.000000e+00  -1.776426e-01
-1.393020e-01   2.234270e-01   0.000000e+00  -7.838199e-02   9.250931e-02   0.000000e+00   0.000000e+00   0.000000e+00   2.269144e-01
 0.000000e+00   0.000000e+00   4.952677e-01   0.000000e+00   0.000000e+00   2.214283e-01   2.289782e-01  -3.282581e-01   0.000000e+00
 6.148320e-02  -7.838199e-02   0.000000e+00   3.597078e-02  -3.847817e-02   0.000000e+00   0.000000e+00   0.000000e+00  -1.166525e-01
-6.498830e-02   9.250931e-02   0.000000e+00  -3.847817e-02   4.346332e-02   0.000000e+00   0.000000e+00   0.000000e+00   1.250652e-01
 0.000000e+00   0.000000e+00   2.214283e-01   0.000000e+00   0.000000e+00   1.083709e-01   1.421977e-01  -1.654252e-01   0.000000e+00
 0.000000e+00   0.000000e+00   2.289782e-01   0.000000e+00   0.000000e+00   1.421977e-01   5.471212e-01  -1.916244e-02   0.000000e+00
 0.000000e+00   0.000000e+00  -3.282581e-01   0.000000e+00   0.000000e+00  -1.654252e-01  -1.916244e-02   5.705796e-01   0.000000e+00
-1.776426e-01   2.269144e-01   0.000000e+00  -1.166525e-01   1.250652e-01   0.000000e+00   0.000000e+00   0.000000e+00   5.039840e-01

# timestamp: 1774889721.673612
 1.200707e-01  -1.410975e-01   0.000000e+00   6.214380e-02  -6.568121e-02   0.000000e+00   0.000000e+00   0.000000e+00  -1.790992e-01
-1.410975e-01   2.257553e-01   0.000000e+00  -7.913218e-02   9.332301e-02   0.000000e+00   0.000000e+00   0.000000e+00   2.284759e-01
 0.000000e+00   0.000000e+00   5.008240e-01   0.000000e+00   0.000000e+00   2.234457e-01   2.307537e-01  -3.303233e-01   0.000000e+00
 6.214380e-02  -7.913218e-02   0.000000e+00   3.624833e-02  -3.876509e-02   0.000000e+00   0.000000e+00   0.000000e+00  -1.172489e-01
-6.568121e-02   9.332301e-02   0.000000e+00  -3.876509e-02   4.376219e-02   0.000000e+00   0.000000e+00   0.000000e+00   1.256645e-01
 0.000000e+00   0.000000e+00   2.234457e-01   0.000000e+00   0.000000e+00   1.091024e-01   1.428679e-01  -1.661262e-01   0.000000e+00
 0.000000e+00   0.000000e+00   2.307537e-01   0.000000e+00   0.000000e+00   1.428679e-01   5.483683e-01  -1.916244e-02   0.000000e+00
 0.000000e+00   0.000000e+00  -3.303233e-01   0.000000e+00   0.000000e+00  -1.661262e-01  -1.916244e-02   5.718267e-01   0.000000e+00
-1.790992e-01   2.284759e-01   0.000000e+00  -1.172489e-01   1.256645e-01   0.000000e+00   0.000000e+00   0.000000e+00   5.052311e-01

# timestamp: 1774889721.6907136
 1.217513e-01  -1.430394e-01   0.000000e+00   6.285669e-02  -6.642883e-02   0.000000e+00   0.000000e+00   0.000000e+00  -1.806666e-01
-1.430394e-01   2.282701e-01   0.000000e+00  -7.994124e-02   9.420025e-02   0.000000e+00   0.000000e+00   0.000000e+00   2.301557e-01
 0.000000e+00   0.000000e+00   5.068276e-01   0.000000e+00   0.000000e+00   2.256203e-01   2.326633e-01  -3.325436e-01   0.000000e+00
 6.285669e-02  -7.994124e-02   0.000000e+00   3.654702e-02  -3.907380e-02   0.000000e+00   0.000000e+00   0.000000e+00  -1.178891e-01
-6.642883e-02   9.420025e-02   0.000000e+00  -3.907380e-02   4.408371e-02   0.000000e+00   0.000000e+00   0.000000e+00   1.263078e-01
 0.000000e+00   0.000000e+00   2.256203e-01   0.000000e+00   0.000000e+00   1.098892e-01   1.435870e-01  -1.668783e-01   0.000000e+00
 0.000000e+00   0.000000e+00   2.326633e-01   0.000000e+00   0.000000e+00   1.435870e-01   5.497033e-01  -1.916244e-02   0.000000e+00
 0.000000e+00   0.000000e+00  -3.325436e-01   0.000000e+00   0.000000e+00  -1.668783e-01  -1.916244e-02   5.731618e-01   0.000000e+00
-1.806666e-01   2.301557e-01   0.000000e+00  -1.178891e-01   1.263078e-01   0.000000e+00   0.000000e+00   0.000000e+00   5.065662e-01

# timestamp: 1774889721.7099233
 1.246940e-01  -1.464369e-01   0.000000e+00   6.410005e-02  -6.773240e-02   0.000000e+00   0.000000e+00   0.000000e+00  -1.833891e-01
-1.464369e-01   2.326618e-01   0.000000e+00  -8.135110e-02   9.572809e-02   0.000000e+00   0.000000e+00   0.000000e+00   2.330721e-01
 0.000000e+00   0.000000e+00   5.173168e-01   0.000000e+00   0.000000e+00   2.294073e-01   2.359785e-01  -3.363955e-01   0.000000e+00
 6.410005e-02  -8.135110e-02   0.000000e+00   3.706594e-02  -3.961004e-02   0.000000e+00   0.000000e+00   0.000000e+00  -1.189973e-01
-6.773240e-02   9.572809e-02   0.000000e+00  -3.961004e-02   4.464205e-02   0.000000e+00   0.000000e+00   0.000000e+00   1.274213e-01
 0.000000e+00   0.000000e+00   2.294073e-01   0.000000e+00   0.000000e+00   1.112547e-01   1.448312e-01  -1.681796e-01   0.000000e+00
 0.000000e+00   0.000000e+00   2.359785e-01   0.000000e+00   0.000000e+00   1.448312e-01   5.520057e-01  -1.916244e-02   0.000000e+00
 0.000000e+00   0.000000e+00  -3.363955e-01   0.000000e+00   0.000000e+00  -1.681796e-01  -1.916244e-02   5.754641e-01   0.000000e+00
-1.833891e-01   2.330721e-01   0.000000e+00  -1.189973e-01   1.274213e-01   0.000000e+00   0.000000e+00   0.000000e+00   5.088685e-01

# timestamp: 1774889721.723949
 1.263237e-01  -1.483168e-01   0.000000e+00   6.478590e-02  -6.845128e-02   0.000000e+00   0.000000e+00   0.000000e+00  -1.848854e-01
-1.483168e-01   2.350874e-01   0.000000e+00  -8.212811e-02   9.656968e-02   0.000000e+00   0.000000e+00   0.000000e+00   2.346741e-01
 0.000000e+00   0.000000e+00   5.231129e-01   0.000000e+00   0.000000e+00   2.314931e-01   2.377994e-01  -3.385097e-01   0.000000e+00
 6.478590e-02  -8.212811e-02   0.000000e+00   3.735102e-02  -3.990457e-02   0.000000e+00   0.000000e+00   0.000000e+00  -1.196037e-01
-6.845128e-02   9.656968e-02   0.000000e+00  -3.990457e-02   4.494864e-02   0.000000e+00   0.000000e+00   0.000000e+00   1.280307e-01
 0.000000e+00   0.000000e+00   2.314931e-01   0.000000e+00   0.000000e+00   1.120042e-01   1.455118e-01  -1.688913e-01   0.000000e+00
 0.000000e+00   0.000000e+00   2.377994e-01   0.000000e+00   0.000000e+00   1.455118e-01   5.532615e-01  -1.916244e-02   0.000000e+00
 0.000000e+00   0.000000e+00  -3.385097e-01   0.000000e+00   0.000000e+00  -1.688913e-01  -1.916244e-02   5.767199e-01   0.000000e+00
-1.848854e-01   2.346741e-01   0.000000e+00  -1.196037e-01   1.280307e-01   0.000000e+00   0.000000e+00   0.000000e+00   5.101243e-01

# timestamp: 1774889721.7418735
 1.289219e-01  -1.513119e-01   0.000000e+00   6.587550e-02  -6.959309e-02   0.000000e+00   0.000000e+00   0.000000e+00  -1.872540e-01
-1.513119e-01   2.389454e-01   0.000000e+00  -8.336160e-02   9.790508e-02   0.000000e+00   0.000000e+00   0.000000e+00   2.372092e-01
 0.000000e+00   0.000000e+00   5.323356e-01   0.000000e+00   0.000000e+00   2.348023e-01   2.406806e-01  -3.418529e-01   0.000000e+00
 6.587550e-02  -8.336160e-02   0.000000e+00   3.780234e-02  -4.037078e-02   0.000000e+00   0.000000e+00   0.000000e+00  -1.205606e-01
-6.959309e-02   9.790508e-02   0.000000e+00  -4.037078e-02   4.543383e-02   0.000000e+00   0.000000e+00   0.000000e+00   1.289922e-01
 0.000000e+00   0.000000e+00   2.348023e-01   0.000000e+00   0.000000e+00   1.131899e-01   1.465855e-01  -1.700139e-01   0.000000e+00
 0.000000e+00   0.000000e+00   2.406806e-01   0.000000e+00   0.000000e+00   1.465855e-01   5.552367e-01  -1.916244e-02   0.000000e+00
 0.000000e+00   0.000000e+00  -3.418529e-01   0.000000e+00   0.000000e+00  -1.700139e-01  -1.916244e-02   5.786951e-01   0.000000e+00
-1.872540e-01   2.372092e-01   0.000000e+00  -1.205606e-01   1.289922e-01   0.000000e+00   0.000000e+00   0.000000e+00   5.120995e-01

# timestamp: 1774889721.9339783
 1.565355e-01  -1.829905e-01   0.000000e+00   7.718923e-02  -8.143125e-02   0.000000e+00   0.000000e+00   0.000000e+00  -2.112945e-01
-1.829905e-01   2.793265e-01   0.000000e+00  -9.610651e-02   1.116621e-01   0.000000e+00   0.000000e+00   0.000000e+00   2.628738e-01
 0.000000e+00   0.000000e+00   6.291138e-01   0.000000e+00   0.000000e+00   2.688651e-01   2.698266e-01  -3.755443e-01   0.000000e+00
 7.718923e-02  -9.610651e-02   0.000000e+00   4.238135e-02  -4.509546e-02   0.000000e+00   0.000000e+00   0.000000e+00  -1.300601e-01
-8.143125e-02   1.116621e-01   0.000000e+00  -4.509546e-02   5.034411e-02   0.000000e+00   0.000000e+00   0.000000e+00   1.385377e-01
 0.000000e+00   0.000000e+00   2.688651e-01   0.000000e+00   0.000000e+00   1.251568e-01   1.572204e-01  -1.811259e-01   0.000000e+00
 0.000000e+00   0.000000e+00   2.698266e-01   0.000000e+00   0.000000e+00   1.572204e-01   5.744483e-01  -1.916244e-02   0.000000e+00
 0.000000e+00   0.000000e+00  -3.755443e-01   0.000000e+00   0.000000e+00  -1.811259e-01  -1.916244e-02   5.979067e-01   0.000000e+00
-2.112945e-01   2.628738e-01   0.000000e+00  -1.300601e-01   1.385377e-01   0.000000e+00   0.000000e+00   0.000000e+00   5.313112e-01

# timestamp: 1774889721.9472916
 1.585723e-01  -1.853172e-01   0.000000e+00   7.800621e-02  -8.228496e-02   0.000000e+00   0.000000e+00   0.000000e+00  -2.129941e-01
-1.853172e-01   2.822650e-01   0.000000e+00  -9.702281e-02   1.126485e-01   0.000000e+00   0.000000e+00   0.000000e+00   2.646841e-01
 0.000000e+00   0.000000e+00   6.361715e-01   0.000000e+00   0.000000e+00   2.713056e-01   2.718809e-01  -3.779107e-01   0.000000e+00
 7.800621e-02  -9.702281e-02   0.000000e+00   4.270505e-02  -4.542912e-02   0.000000e+00   0.000000e+00   0.000000e+00  -1.307182e-01
-8.228496e-02   1.126485e-01   0.000000e+00  -4.542912e-02   5.069043e-02   0.000000e+00   0.000000e+00   0.000000e+00   1.391990e-01
 0.000000e+00   0.000000e+00   2.713056e-01   0.000000e+00   0.000000e+00   1.259987e-01   1.579556e-01  -1.818936e-01   0.000000e+00
 0.000000e+00   0.000000e+00   2.718809e-01   0.000000e+00   0.000000e+00   1.579556e-01   5.757535e-01  -1.916244e-02   0.000000e+00
 0.000000e+00   0.000000e+00  -3.779107e-01   0.000000e+00   0.000000e+00  -1.818936e-01  -1.916244e-02   5.992119e-01   0.000000e+00
-2.129941e-01   2.646841e-01   0.000000e+00  -1.307182e-01   1.391990e-01   0.000000e+00   0.000000e+00   0.000000e+00   5.326163e-01

# timestamp: 1774889721.9631538
 1.604785e-01  -1.874936e-01   0.000000e+00   7.876879e-02  -8.308168e-02   0.000000e+00   0.000000e+00   0.000000e+00  -2.145765e-01
-1.874936e-01   2.850104e-01   0.000000e+00  -9.787763e-02   1.135685e-01   0.000000e+00   0.000000e+00   0.000000e+00   2.663690e-01
 0.000000e+00   0.000000e+00   6.427673e-01   0.000000e+00   0.000000e+00   2.735813e-01   2.737928e-01  -3.801122e-01   0.000000e+00
 7.876879e-02  -9.787763e-02   0.000000e+00   4.300639e-02  -4.573969e-02   0.000000e+00   0.000000e+00   0.000000e+00  -1.313292e-01
-8.308168e-02   1.135685e-01   0.000000e+00  -4.573969e-02   5.101275e-02   0.000000e+00   0.000000e+00   0.000000e+00   1.398130e-01
 0.000000e+00   0.000000e+00   2.735813e-01   0.000000e+00   0.000000e+00   1.267820e-01   1.586381e-01  -1.826062e-01   0.000000e+00
 0.000000e+00   0.000000e+00   2.737928e-01   0.000000e+00   0.000000e+00   1.586381e-01   5.769626e-01  -1.916244e-02   0.000000e+00
 0.000000e+00   0.000000e+00  -3.801122e-01   0.000000e+00   0.000000e+00  -1.826062e-01  -1.916244e-02   6.004210e-01   0.000000e+00
-2.145765e-01   2.663690e-01   0.000000e+00  -1.313292e-01   1.398130e-01   0.000000e+00   0.000000e+00   0.000000e+00   5.338254e-01

# timestamp: 1774889721.9811826
 1.635935e-01  -1.910478e-01   0.000000e+00   8.001090e-02  -8.437914e-02   0.000000e+00   0.000000e+00   0.000000e+00  -2.171454e-01
-1.910478e-01   2.894878e-01   0.000000e+00  -9.926909e-02   1.150654e-01   0.000000e+00   0.000000e+00   0.000000e+00   2.691035e-01
 0.000000e+00   0.000000e+00   6.535274e-01   0.000000e+00   0.000000e+00   2.772836e-01   2.768954e-01  -3.836827e-01   0.000000e+00
 8.001090e-02  -9.926909e-02   0.000000e+00   4.349564e-02  -4.624386e-02   0.000000e+00   0.000000e+00   0.000000e+00  -1.323183e-01
-8.437914e-02   1.150654e-01   0.000000e+00  -4.624386e-02   5.153588e-02   0.000000e+00   0.000000e+00   0.000000e+00   1.408068e-01
 0.000000e+00   0.000000e+00   2.772836e-01   0.000000e+00   0.000000e+00   1.280528e-01   1.597425e-01  -1.837592e-01   0.000000e+00
 0.000000e+00   0.000000e+00   2.768954e-01   0.000000e+00   0.000000e+00   1.597425e-01   5.789138e-01  -1.916244e-02   0.000000e+00
 0.000000e+00   0.000000e+00  -3.836827e-01   0.000000e+00   0.000000e+00  -1.837592e-01  -1.916244e-02   6.023722e-01   0.000000e+00
-2.171454e-01   2.691035e-01   0.000000e+00  -1.323183e-01   1.408068e-01   0.000000e+00   0.000000e+00   0.000000e+00   5.357766e-01

# timestamp: 1774889721.9974966
 1.665599e-01  -1.944298e-01   0.000000e+00   8.118911e-02  -8.560956e-02   0.000000e+00   0.000000e+00   0.000000e+00  -2.195729e-01
-1.944298e-01   2.937413e-01   0.000000e+00  -1.005879e-01   1.164835e-01   0.000000e+00   0.000000e+00   0.000000e+00   2.716864e-01
 0.000000e+00   0.000000e+00   6.637531e-01   0.000000e+00   0.000000e+00   2.807905e-01   2.798255e-01  -3.870527e-01   0.000000e+00
 8.118911e-02  -1.005879e-01   0.000000e+00   4.395790e-02  -4.672012e-02   0.000000e+00   0.000000e+00   0.000000e+00  -1.332494e-01
-8.560956e-02   1.164835e-01   0.000000e+00  -4.672012e-02   5.202996e-02   0.000000e+00   0.000000e+00   0.000000e+00   1.417424e-01
 0.000000e+00   0.000000e+00   2.807905e-01   0.000000e+00   0.000000e+00   1.292525e-01   1.607817e-01  -1.848440e-01   0.000000e+00
 0.000000e+00   0.000000e+00   2.798255e-01   0.000000e+00   0.000000e+00   1.607817e-01   5.807441e-01  -1.916244e-02   0.000000e+00
 0.000000e+00   0.000000e+00  -3.870527e-01   0.000000e+00   0.000000e+00  -1.848440e-01  -1.916244e-02   6.042025e-01   0.000000e+00
-2.195729e-01   2.716864e-01   0.000000e+00  -1.332494e-01   1.417424e-01   0.000000e+00   0.000000e+00   0.000000e+00   5.376070e-01

# timestamp: 1774889722.0113792
 1.685295e-01  -1.966739e-01   0.000000e+00   8.196894e-02  -8.642379e-02   0.000000e+00   0.000000e+00   0.000000e+00  -2.211747e-01
-1.966739e-01   2.965599e-01   0.000000e+00  -1.014603e-01   1.174211e-01   0.000000e+00   0.000000e+00   0.000000e+00   2.733902e-01
 0.000000e+00   0.000000e+00   6.705312e-01   0.000000e+00   0.000000e+00   2.831089e-01   2.817580e-01  -3.892743e-01   0.000000e+00
 8.196894e-02  -1.014603e-01   0.000000e+00   4.426290e-02  -4.703432e-02   0.000000e+00   0.000000e+00   0.000000e+00  -1.338618e-01
-8.642379e-02   1.174211e-01   0.000000e+00  -4.703432e-02   5.235584e-02   0.000000e+00   0.000000e+00   0.000000e+00   1.423578e-01
 0.000000e+00   0.000000e+00   2.831089e-01   0.000000e+00   0.000000e+00   1.300436e-01   1.614652e-01  -1.855573e-01   0.000000e+00
 0.000000e+00   0.000000e+00   2.817580e-01   0.000000e+00   0.000000e+00   1.614652e-01   5.819448e-01  -1.916244e-02   0.000000e+00
 0.000000e+00   0.000000e+00  -3.892743e-01   0.000000e+00   0.000000e+00  -1.855573e-01  -1.916244e-02   6.054032e-01   0.000000e+00
-2.211747e-01   2.733902e-01   0.000000e+00  -1.338618e-01   1.423578e-01   0.000000e+00   0.000000e+00   0.000000e+00   5.388077e-01

# timestamp: 1774889722.0279593
 1.715014e-01  -2.000582e-01   0.000000e+00   8.314205e-02  -8.764843e-02   0.000000e+00   0.000000e+00   0.000000e+00  -2.235770e-01
-2.000582e-01   3.008051e-01   0.000000e+00  -1.027719e-01   1.188303e-01   0.000000e+00   0.000000e+00   0.000000e+00   2.759446e-01
 0.000000e+00   0.000000e+00   6.807428e-01   0.000000e+00   0.000000e+00   2.865928e-01   2.846552e-01  -3.926031e-01   0.000000e+00
 8.314205e-02  -1.027719e-01   0.000000e+00   4.472032e-02  -4.750546e-02   0.000000e+00   0.000000e+00   0.000000e+00  -1.347777e-01
-8.764843e-02   1.188303e-01   0.000000e+00  -4.750546e-02   5.284444e-02   0.000000e+00   0.000000e+00   0.000000e+00   1.432781e-01
 0.000000e+00   0.000000e+00   2.865928e-01   0.000000e+00   0.000000e+00   1.312291e-01   1.624869e-01  -1.866236e-01   0.000000e+00
 0.000000e+00   0.000000e+00   2.846552e-01   0.000000e+00   0.000000e+00   1.624869e-01   5.837354e-01  -1.916244e-02   0.000000e+00
 0.000000e+00   0.000000e+00  -3.926031e-01   0.000000e+00   0.000000e+00  -1.866236e-01  -1.916244e-02   6.071938e-01   0.000000e+00
-2.235770e-01   2.759446e-01   0.000000e+00  -1.347777e-01   1.432781e-01   0.000000e+00   0.000000e+00   0.000000e+00   5.405982e-01

# timestamp: 1774889722.2090316
 2.041919e-01  -2.371363e-01   0.000000e+00   9.578230e-02  -1.008277e-01   0.000000e+00   0.000000e+00   0.000000e+00  -2.489435e-01
-2.371363e-01   3.469267e-01   0.000000e+00  -1.168482e-01   1.339185e-01   0.000000e+00   0.000000e+00   0.000000e+00   3.028626e-01
 0.000000e+00   0.000000e+00   7.918790e-01   0.000000e+00   0.000000e+00   3.238584e-01   3.151608e-01  -4.275426e-01   0.000000e+00
 9.578230e-02  -1.168482e-01   0.000000e+00   4.954932e-02  -5.247487e-02   0.000000e+00   0.000000e+00   0.000000e+00  -1.442615e-01
-1.008277e-01   1.339185e-01   0.000000e+00  -5.247487e-02   5.799209e-02   0.000000e+00   0.000000e+00   0.000000e+00   1.528079e-01
 0.000000e+00   0.000000e+00   3.238584e-01   0.000000e+00   0.000000e+00   1.436895e-01   1.730466e-01  -1.976377e-01   0.000000e+00
 0.000000e+00   0.000000e+00   3.151608e-01   0.000000e+00   0.000000e+00   1.730466e-01   6.019395e-01  -1.916244e-02   0.000000e+00
 0.000000e+00   0.000000e+00  -4.275426e-01   0.000000e+00   0.000000e+00  -1.976377e-01  -1.916244e-02   6.253979e-01   0.000000e+00
-2.489435e-01   3.028626e-01   0.000000e+00  -1.442615e-01   1.528079e-01   0.000000e+00   0.000000e+00   0.000000e+00   5.588023e-01

# timestamp: 1774889722.225635
 2.064842e-01  -2.397270e-01   0.000000e+00   9.665198e-02  -1.017334e-01   0.000000e+00   0.000000e+00   0.000000e+00  -2.506562e-01
-2.397270e-01   3.501251e-01   0.000000e+00  -1.178132e-01   1.349507e-01   0.000000e+00   0.000000e+00   0.000000e+00   3.046766e-01
 0.000000e+00   0.000000e+00   7.995975e-01   0.000000e+00   0.000000e+00   3.264053e-01   3.172151e-01  -4.298885e-01   0.000000e+00
 9.665198e-02  -1.178132e-01   0.000000e+00   4.987533e-02  -5.281008e-02   0.000000e+00   0.000000e+00   0.000000e+00  -1.448903e-01
-1.017334e-01   1.349507e-01   0.000000e+00  -5.281008e-02   5.833896e-02   0.000000e+00   0.000000e+00   0.000000e+00   1.534396e-01
 0.000000e+00   0.000000e+00   3.264053e-01   0.000000e+00   0.000000e+00   1.445273e-01   1.737454e-01  -1.983662e-01   0.000000e+00
 0.000000e+00   0.000000e+00   3.172151e-01   0.000000e+00   0.000000e+00   1.737454e-01   6.031254e-01  -1.916244e-02   0.000000e+00
 0.000000e+00   0.000000e+00  -4.298885e-01   0.000000e+00   0.000000e+00  -1.983662e-01  -1.916244e-02   6.265838e-01   0.000000e+00
-2.506562e-01   3.046766e-01   0.000000e+00  -1.448903e-01   1.534396e-01   0.000000e+00   0.000000e+00   0.000000e+00   5.599882e-01

# timestamp: 1774889722.243367
 2.102656e-01  -2.439982e-01   0.000000e+00   9.808224e-02  -1.032228e-01   0.000000e+00   0.000000e+00   0.000000e+00  -2.534642e-01
-2.439982e-01   3.553919e-01   0.000000e+00  -1.193994e-01   1.366467e-01   0.000000e+00   0.000000e+00   0.000000e+00   3.076499e-01
 0.000000e+00   0.000000e+00   8.123104e-01   0.000000e+00   0.000000e+00   3.305894e-01   3.205817e-01  -4.337315e-01   0.000000e+00
 9.808224e-02  -1.193994e-01   0.000000e+00   5.040987e-02  -5.335964e-02   0.000000e+00   0.000000e+00   0.000000e+00  -1.459182e-01
-1.032228e-01   1.366467e-01   0.000000e+00  -5.335964e-02   5.890756e-02   0.000000e+00   0.000000e+00   0.000000e+00   1.544726e-01
 0.000000e+00   0.000000e+00   3.305894e-01   0.000000e+00   0.000000e+00   1.459001e-01   1.748876e-01  -1.995568e-01   0.000000e+00
 0.000000e+00   0.000000e+00   3.205817e-01   0.000000e+00   0.000000e+00   1.748876e-01   6.050588e-01  -1.916244e-02   0.000000e+00
 0.000000e+00   0.000000e+00  -4.337315e-01   0.000000e+00   0.000000e+00  -1.995568e-01  -1.916244e-02   6.285173e-01   0.000000e+00
-2.534642e-01   3.076499e-01   0.000000e+00  -1.459182e-01   1.544726e-01   0.000000e+00   0.000000e+00   0.000000e+00   5.619217e-01

# timestamp: 1774889722.271214
 2.164974e-01  -2.510308e-01   0.000000e+00   1.004276e-01  -1.056643e-01   0.000000e+00   0.000000e+00   0.000000e+00  -2.580465e-01
-2.510308e-01   3.640472e-01   0.000000e+00  -1.219983e-01   1.394238e-01   0.000000e+00   0.000000e+00   0.000000e+00   3.124998e-01
 0.000000e+00   0.000000e+00   8.332099e-01   0.000000e+00   0.000000e+00   3.374390e-01   3.260719e-01  -4.399939e-01   0.000000e+00
 1.004276e-01  -1.219983e-01   0.000000e+00   5.128210e-02  -5.425619e-02   0.000000e+00   0.000000e+00   0.000000e+00  -1.475877e-01
-1.056643e-01   1.394238e-01   0.000000e+00  -5.425619e-02   5.983493e-02   0.000000e+00   0.000000e+00   0.000000e+00   1.561501e-01
 0.000000e+00   0.000000e+00   3.374390e-01   0.000000e+00   0.000000e+00   1.481377e-01   1.767419e-01  -2.014892e-01   0.000000e+00
 0.000000e+00   0.000000e+00   3.260719e-01   0.000000e+00   0.000000e+00   1.767419e-01   6.081849e-01  -1.916244e-02   0.000000e+00
 0.000000e+00   0.000000e+00  -4.399939e-01   0.000000e+00   0.000000e+00  -2.014892e-01  -1.916244e-02   6.316433e-01   0.000000e+00
-2.580465e-01   3.124998e-01   0.000000e+00  -1.475877e-01   1.561501e-01   0.000000e+00   0.000000e+00   0.000000e+00   5.650477e-01

# timestamp: 1774889722.2847857
 2.189419e-01  -2.537871e-01   0.000000e+00   1.013438e-01  -1.066178e-01   0.000000e+00   0.000000e+00   0.000000e+00  -2.598289e-01
-2.537871e-01   3.674342e-01   0.000000e+00  -1.230126e-01   1.405072e-01   0.000000e+00   0.000000e+00   0.000000e+00   3.143855e-01
 0.000000e+00   0.000000e+00   8.413906e-01   0.000000e+00   0.000000e+00   3.401106e-01   3.282063e-01  -4.424269e-01   0.000000e+00
 1.013438e-01  -1.230126e-01   0.000000e+00   5.162136e-02  -5.460485e-02   0.000000e+00   0.000000e+00   0.000000e+00  -1.482345e-01
-1.066178e-01   1.405072e-01   0.000000e+00  -5.460485e-02   6.019549e-02   0.000000e+00   0.000000e+00   0.000000e+00   1.568000e-01
 0.000000e+00   0.000000e+00   3.401106e-01   0.000000e+00   0.000000e+00   1.490073e-01   1.774599e-01  -2.022375e-01   0.000000e+00
 0.000000e+00   0.000000e+00   3.282063e-01   0.000000e+00   0.000000e+00   1.774599e-01   6.093913e-01  -1.916244e-02   0.000000e+00
 0.000000e+00   0.000000e+00  -4.424269e-01   0.000000e+00   0.000000e+00  -2.022375e-01  -1.916244e-02   6.328497e-01   0.000000e+00
-2.598289e-01   3.143855e-01   0.000000e+00  -1.482345e-01   1.568000e-01   0.000000e+00   0.000000e+00   0.000000e+00   5.662541e-01

# timestamp: 1774889722.2987828
 2.213820e-01  -2.565375e-01   0.000000e+00   1.022561e-01  -1.075672e-01   0.000000e+00   0.000000e+00   0.000000e+00  -2.616000e-01
-2.565375e-01   3.708108e-01   0.000000e+00  -1.240223e-01   1.415854e-01   0.000000e+00   0.000000e+00   0.000000e+00   3.162588e-01
 0.000000e+00   0.000000e+00   8.495474e-01   0.000000e+00   0.000000e+00   3.427691e-01   3.303264e-01  -4.448428e-01   0.000000e+00
 1.022561e-01  -1.240223e-01   0.000000e+00   5.195845e-02  -5.495124e-02   0.000000e+00   0.000000e+00   0.000000e+00  -1.488757e-01
-1.075672e-01   1.415854e-01   0.000000e+00  -5.495124e-02   6.055367e-02   0.000000e+00   0.000000e+00   0.000000e+00   1.574443e-01
 0.000000e+00   0.000000e+00   3.427691e-01   0.000000e+00   0.000000e+00   1.498708e-01   1.781716e-01  -2.029791e-01   0.000000e+00
 0.000000e+00   0.000000e+00   3.303264e-01   0.000000e+00   0.000000e+00   1.781716e-01   6.105848e-01  -1.916244e-02   0.000000e+00
 0.000000e+00   0.000000e+00  -4.448428e-01   0.000000e+00   0.000000e+00  -2.029791e-01  -1.916244e-02   6.340432e-01   0.000000e+00
-2.616000e-01   3.162588e-01   0.000000e+00  -1.488757e-01   1.574443e-01   0.000000e+00   0.000000e+00   0.000000e+00   5.674476e-01

# timestamp: 1774889722.479062
 2.613976e-01  -3.014871e-01   0.000000e+00   1.169370e-01  -1.228284e-01   0.000000e+00   0.000000e+00   0.000000e+00  -2.895755e-01
-3.014871e-01   4.256073e-01   0.000000e+00  -1.402170e-01   1.588437e-01   0.000000e+00   0.000000e+00   0.000000e+00   3.457985e-01
 0.000000e+00   0.000000e+00   9.820793e-01   0.000000e+00   0.000000e+00   3.852748e-01   3.637302e-01  -4.828031e-01   0.000000e+00
 1.169370e-01  -1.402170e-01   0.000000e+00   5.728198e-02  -6.041759e-02   0.000000e+00   0.000000e+00   0.000000e+00  -1.588231e-01
-1.228284e-01   1.588437e-01   0.000000e+00  -6.041759e-02   6.620067e-02   0.000000e+00   0.000000e+00   0.000000e+00   1.674399e-01
 0.000000e+00   0.000000e+00   3.852748e-01   0.000000e+00   0.000000e+00   1.634559e-01   1.891951e-01  -2.144591e-01   0.000000e+00
 0.000000e+00   0.000000e+00   3.637302e-01   0.000000e+00   0.000000e+00   1.891951e-01   6.287901e-01  -1.916244e-02   0.000000e+00
 0.000000e+00   0.000000e+00  -4.828031e-01   0.000000e+00   0.000000e+00  -2.144591e-01  -1.916244e-02   6.522485e-01   0.000000e+00
-2.895755e-01   3.457985e-01   0.000000e+00  -1.588231e-01   1.674399e-01   0.000000e+00   0.000000e+00   0.000000e+00   5.856529e-01

# timestamp: 1774889722.4927444
 2.640984e-01  -3.045114e-01   0.000000e+00   1.179102e-01  -1.238391e-01   0.000000e+00   0.000000e+00   0.000000e+00  -2.913974e-01
-3.045114e-01   4.292701e-01   0.000000e+00  -1.412873e-01   1.599822e-01   0.000000e+00   0.000000e+00   0.000000e+00   3.477191e-01
 0.000000e+00   0.000000e+00   9.909475e-01   0.000000e+00   0.000000e+00   3.880756e-01   3.659003e-01  -4.852628e-01   0.000000e+00
 1.179102e-01  -1.412873e-01   0.000000e+00   5.762862e-02  -6.077327e-02   0.000000e+00   0.000000e+00   0.000000e+00  -1.594598e-01
-1.238391e-01   1.599822e-01   0.000000e+00  -6.077327e-02   6.656778e-02   0.000000e+00   0.000000e+00   0.000000e+00   1.680796e-01
 0.000000e+00   0.000000e+00   3.880756e-01   0.000000e+00   0.000000e+00   1.643372e-01   1.898994e-01  -2.151923e-01   0.000000e+00
 0.000000e+00   0.000000e+00   3.659003e-01   0.000000e+00   0.000000e+00   1.898994e-01   6.299360e-01  -1.916244e-02   0.000000e+00
 0.000000e+00   0.000000e+00  -4.852628e-01   0.000000e+00   0.000000e+00  -2.151923e-01  -1.916244e-02   6.533944e-01   0.000000e+00
-2.913974e-01   3.477191e-01   0.000000e+00  -1.594598e-01   1.680796e-01   0.000000e+00   0.000000e+00   0.000000e+00   5.867988e-01

# timestamp: 1774889722.5073333
 2.688307e-01  -3.098077e-01   0.000000e+00   1.196106e-01  -1.256047e-01   0.000000e+00   0.000000e+00   0.000000e+00  -2.945709e-01
-3.098077e-01   4.356781e-01   0.000000e+00  -1.431563e-01   1.619695e-01   0.000000e+00   0.000000e+00   0.000000e+00   3.510638e-01
 0.000000e+00   0.000000e+00   1.006465e+00   0.000000e+00   0.000000e+00   3.929643e-01   3.696789e-01  -4.895440e-01   0.000000e+00
 1.196106e-01  -1.431563e-01   0.000000e+00   5.823253e-02  -6.139287e-02   0.000000e+00   0.000000e+00   0.000000e+00  -1.605660e-01
-1.256047e-01   1.619695e-01   0.000000e+00  -6.139287e-02   6.720720e-02   0.000000e+00   0.000000e+00   0.000000e+00   1.691912e-01
 0.000000e+00   0.000000e+00   3.929643e-01   0.000000e+00   0.000000e+00   1.658717e-01   1.911230e-01  -2.164658e-01   0.000000e+00
 0.000000e+00   0.000000e+00   3.696789e-01   0.000000e+00   0.000000e+00   1.911230e-01   6.319216e-01  -1.916244e-02   0.000000e+00
 0.000000e+00   0.000000e+00  -4.895440e-01   0.000000e+00   0.000000e+00  -2.164658e-01  -1.916244e-02   6.553800e-01   0.000000e+00
-2.945709e-01   3.510638e-01   0.000000e+00  -1.605660e-01   1.691912e-01   0.000000e+00   0.000000e+00   0.000000e+00   5.887844e-01

# timestamp: 1774889722.5260074
 2.721905e-01  -3.135659e-01   0.000000e+00   1.208140e-01  -1.268540e-01   0.000000e+00   0.000000e+00   0.000000e+00  -2.968099e-01
-3.135659e-01   4.402202e-01   0.000000e+00  -1.444784e-01   1.633749e-01   0.000000e+00   0.000000e+00   0.000000e+00   3.534230e-01
 0.000000e+00   0.000000e+00   1.017465e+00   0.000000e+00   0.000000e+00   3.964206e-01   3.723438e-01  -4.925620e-01   0.000000e+00
 1.208140e-01  -1.444784e-01   0.000000e+00   5.865862e-02  -6.182998e-02   0.000000e+00   0.000000e+00   0.000000e+00  -1.613441e-01
-1.268540e-01   1.633749e-01   0.000000e+00  -6.182998e-02   6.765822e-02   0.000000e+00   0.000000e+00   0.000000e+00   1.699731e-01
 0.000000e+00   0.000000e+00   3.964206e-01   0.000000e+00   0.000000e+00   1.669536e-01   1.919835e-01  -2.173613e-01   0.000000e+00
 0.000000e+00   0.000000e+00   3.723438e-01   0.000000e+00   0.000000e+00   1.919835e-01   6.333144e-01  -1.916244e-02   0.000000e+00
 0.000000e+00   0.000000e+00  -4.925620e-01   0.000000e+00   0.000000e+00  -2.173613e-01  -1.916244e-02   6.567728e-01   0.000000e+00
-2.968099e-01   3.534230e-01   0.000000e+00  -1.613441e-01   1.699731e-01   0.000000e+00   0.000000e+00   0.000000e+00   5.901772e-01

# timestamp: 1774889722.5420463
 2.765780e-01  -3.184710e-01   0.000000e+00   1.223807e-01  -1.284803e-01   0.000000e+00   0.000000e+00   0.000000e+00  -2.997168e-01
-3.184710e-01   4.461422e-01   0.000000e+00  -1.461989e-01   1.652032e-01   0.000000e+00   0.000000e+00   0.000000e+00   3.564851e-01
 0.000000e+00   0.000000e+00   1.031810e+00   0.000000e+00   0.000000e+00   4.009163e-01   3.758023e-01  -4.964770e-01   0.000000e+00
 1.223807e-01  -1.461989e-01   0.000000e+00   5.921171e-02  -6.239730e-02   0.000000e+00   0.000000e+00   0.000000e+00  -1.623513e-01
-1.284803e-01   1.652032e-01   0.000000e+00  -6.239730e-02   6.824352e-02   0.000000e+00   0.000000e+00   0.000000e+00   1.709852e-01
 0.000000e+00   0.000000e+00   4.009163e-01   0.000000e+00   0.000000e+00   1.683572e-01   1.930969e-01  -2.185199e-01   0.000000e+00
 0.000000e+00   0.000000e+00   3.758023e-01   0.000000e+00   0.000000e+00   1.930969e-01   6.351124e-01  -1.916244e-02   0.000000e+00
 0.000000e+00   0.000000e+00  -4.964770e-01   0.000000e+00   0.000000e+00  -2.185199e-01  -1.916244e-02   6.585708e-01   0.000000e+00
-2.997168e-01   3.564851e-01   0.000000e+00  -1.623513e-01   1.709852e-01   0.000000e+00   0.000000e+00   0.000000e+00   5.919752e-01

# timestamp: 1774889722.555311
 2.796024e-01  -3.218507e-01   0.000000e+00   1.234578e-01  -1.295981e-01   0.000000e+00   0.000000e+00   0.000000e+00  -3.017096e-01
-3.218507e-01   4.502185e-01   0.000000e+00  -1.473810e-01   1.664591e-01   0.000000e+00   0.000000e+00   0.000000e+00   3.585837e-01
 0.000000e+00   0.000000e+00   1.041685e+00   0.000000e+00   0.000000e+00   4.040039e-01   3.781723e-01  -4.991588e-01   0.000000e+00
 1.234578e-01  -1.473810e-01   0.000000e+00   5.959087e-02  -6.278618e-02   0.000000e+00   0.000000e+00   0.000000e+00  -1.630399e-01
-1.295981e-01   1.664591e-01   0.000000e+00  -6.278618e-02   6.864466e-02   0.000000e+00   0.000000e+00   0.000000e+00   1.716772e-01
 0.000000e+00   0.000000e+00   4.040039e-01   0.000000e+00   0.000000e+00   1.693189e-01   1.938580e-01  -2.193119e-01   0.000000e+00
 0.000000e+00   0.000000e+00   3.781723e-01   0.000000e+00   0.000000e+00   1.938580e-01   6.363385e-01  -1.916244e-02   0.000000e+00
 0.000000e+00   0.000000e+00  -4.991588e-01   0.000000e+00   0.000000e+00  -2.193119e-01  -1.916244e-02   6.597969e-01   0.000000e+00
-3.017096e-01   3.585837e-01   0.000000e+00  -1.630399e-01   1.716772e-01   0.000000e+00   0.000000e+00   0.000000e+00   5.932013e-01

# timestamp: 1774889722.5676818
 2.825029e-01  -3.250907e-01   0.000000e+00   1.244884e-01  -1.306676e-01   0.000000e+00   0.000000e+00   0.000000e+00  -3.036124e-01
-3.250907e-01   4.541234e-01   0.000000e+00  -1.485118e-01   1.676602e-01   0.000000e+00   0.000000e+00   0.000000e+00   3.605873e-01
 0.000000e+00   0.000000e+00   1.051146e+00   0.000000e+00   0.000000e+00   4.069563e-01   3.804346e-01  -5.017180e-01   0.000000e+00
 1.244884e-01  -1.485118e-01   0.000000e+00   5.995288e-02  -6.315744e-02   0.000000e+00   0.000000e+00   0.000000e+00  -1.636961e-01
-1.306676e-01   1.676602e-01   0.000000e+00  -6.315744e-02   6.902759e-02   0.000000e+00   0.000000e+00   0.000000e+00   1.723364e-01
 0.000000e+00   0.000000e+00   4.069563e-01   0.000000e+00   0.000000e+00   1.702366e-01   1.945830e-01  -2.200662e-01   0.000000e+00
 0.000000e+00   0.000000e+00   3.804346e-01   0.000000e+00   0.000000e+00   1.945830e-01   6.375044e-01  -1.916244e-02   0.000000e+00
 0.000000e+00   0.000000e+00  -5.017180e-01   0.000000e+00   0.000000e+00  -2.200662e-01  -1.916244e-02   6.609628e-01   0.000000e+00
-3.036124e-01   3.605873e-01   0.000000e+00  -1.636961e-01   1.723364e-01   0.000000e+00   0.000000e+00   0.000000e+00   5.943672e-01

# timestamp: 1774889722.582537
 2.871068e-01  -3.302310e-01   0.000000e+00   1.261198e-01  -1.323603e-01   0.000000e+00   0.000000e+00   0.000000e+00  -3.066161e-01
-3.302310e-01   4.603125e-01   0.000000e+00  -1.503009e-01   1.695600e-01   0.000000e+00   0.000000e+00   0.000000e+00   3.637492e-01
 0.000000e+00   0.000000e+00   1.066144e+00   0.000000e+00   0.000000e+00   4.116254e-01   3.840045e-01  -5.057548e-01   0.000000e+00
 1.261198e-01  -1.503009e-01   0.000000e+00   6.052436e-02  -6.374346e-02   0.000000e+00   0.000000e+00   0.000000e+00  -1.647291e-01
-1.323603e-01   1.695600e-01   0.000000e+00  -6.374346e-02   6.963196e-02   0.000000e+00   0.000000e+00   0.000000e+00   1.733745e-01
 0.000000e+00   0.000000e+00   4.116254e-01   0.000000e+00   0.000000e+00   1.716846e-01   1.957243e-01  -2.212535e-01   0.000000e+00
 0.000000e+00   0.000000e+00   3.840045e-01   0.000000e+00   0.000000e+00   1.957243e-01   6.393355e-01  -1.916244e-02   0.000000e+00
 0.000000e+00   0.000000e+00  -5.057548e-01   0.000000e+00   0.000000e+00  -2.212535e-01  -1.916244e-02   6.627939e-01   0.000000e+00
-3.066161e-01   3.637492e-01   0.000000e+00  -1.647291e-01   1.733745e-01   0.000000e+00   0.000000e+00   0.000000e+00   5.961983e-01

# timestamp: 1774889722.75169
 3.330131e-01  -3.813358e-01   0.000000e+00   1.421050e-01  -1.489316e-01   0.000000e+00   0.000000e+00   0.000000e+00  -3.355510e-01
-3.813358e-01   5.214827e-01   0.000000e+00  -1.677836e-01   1.880922e-01   0.000000e+00   0.000000e+00   0.000000e+00   3.941643e-01
 0.000000e+00   0.000000e+00   1.214485e+00   0.000000e+00   0.000000e+00   4.571206e-01   4.183158e-01  -5.444612e-01   0.000000e+00
 1.421050e-01  -1.677836e-01   0.000000e+00   6.602844e-02  -6.938397e-02   0.000000e+00   0.000000e+00   0.000000e+00  -1.745161e-01
-1.489316e-01   1.880922e-01   0.000000e+00  -6.938397e-02   7.544441e-02   0.000000e+00   0.000000e+00   0.000000e+00   1.832089e-01
 0.000000e+00   0.000000e+00   4.571206e-01   0.000000e+00   0.000000e+00   1.855823e-01   2.065206e-01  -2.324804e-01   0.000000e+00
 0.000000e+00   0.000000e+00   4.183158e-01   0.000000e+00   0.000000e+00   2.065206e-01   6.564127e-01  -1.916244e-02   0.000000e+00
 0.000000e+00   0.000000e+00  -5.444612e-01   0.000000e+00   0.000000e+00  -2.324804e-01  -1.916244e-02   6.798711e-01   0.000000e+00
-3.355510e-01   3.941643e-01   0.000000e+00  -1.745161e-01   1.832089e-01   0.000000e+00   0.000000e+00   0.000000e+00   6.132755e-01

# timestamp: 1774889722.7656975
 3.369708e-01  -3.857299e-01   0.000000e+00   1.434609e-01  -1.503360e-01   0.000000e+00   0.000000e+00   0.000000e+00  -3.379658e-01
-3.857299e-01   5.267140e-01   0.000000e+00  -1.692628e-01   1.896577e-01   0.000000e+00   0.000000e+00   0.000000e+00   3.966993e-01
 0.000000e+00   0.000000e+00   1.227179e+00   0.000000e+00   0.000000e+00   4.609596e-01   4.211732e-01  -5.476776e-01   0.000000e+00
 1.434609e-01  -1.692628e-01   0.000000e+00   6.648785e-02  -6.985449e-02   0.000000e+00   0.000000e+00   0.000000e+00  -1.753205e-01
-1.503360e-01   1.896577e-01   0.000000e+00  -6.985449e-02   7.592892e-02   0.000000e+00   0.000000e+00   0.000000e+00   1.840171e-01
 0.000000e+00   0.000000e+00   4.609596e-01   0.000000e+00   0.000000e+00   1.867386e-01   2.074066e-01  -2.334014e-01   0.000000e+00
 0.000000e+00   0.000000e+00   4.211732e-01   0.000000e+00   0.000000e+00   2.074066e-01   6.577949e-01  -1.916244e-02   0.000000e+00
 0.000000e+00   0.000000e+00  -5.476776e-01   0.000000e+00   0.000000e+00  -2.334014e-01  -1.916244e-02   6.812533e-01   0.000000e+00
-3.379658e-01   3.966993e-01   0.000000e+00  -1.753205e-01   1.840171e-01   0.000000e+00   0.000000e+00   0.000000e+00   6.146577e-01

# timestamp: 1774889722.780853
 3.403257e-01  -3.894534e-01   0.000000e+00   1.446077e-01  -1.515237e-01   0.000000e+00   0.000000e+00   0.000000e+00  -3.400039e-01
-3.894534e-01   5.311436e-01   0.000000e+00  -1.705134e-01   1.909810e-01   0.000000e+00   0.000000e+00   0.000000e+00   3.988384e-01
 0.000000e+00   0.000000e+00   1.237929e+00   0.000000e+00   0.000000e+00   4.642041e-01   4.235841e-01  -5.503905e-01   0.000000e+00
 1.446077e-01  -1.705134e-01   0.000000e+00   6.687549e-02  -7.025148e-02   0.000000e+00   0.000000e+00   0.000000e+00  -1.759976e-01
-1.515237e-01   1.909810e-01   0.000000e+00  -7.025148e-02   7.633766e-02   0.000000e+00   0.000000e+00   0.000000e+00   1.846975e-01
 0.000000e+00   0.000000e+00   4.642041e-01   0.000000e+00   0.000000e+00   1.877137e-01   2.081524e-01  -2.341765e-01   0.000000e+00
 0.000000e+00   0.000000e+00   4.235841e-01   0.000000e+00   0.000000e+00   2.081524e-01   6.589562e-01  -1.916244e-02   0.000000e+00
 0.000000e+00   0.000000e+00  -5.503905e-01   0.000000e+00   0.000000e+00  -2.341765e-01  -1.916244e-02   6.824147e-01   0.000000e+00
-3.400039e-01   3.988384e-01   0.000000e+00  -1.759976e-01   1.846975e-01   0.000000e+00   0.000000e+00   0.000000e+00   6.158191e-01

# timestamp: 1774889722.800405
 3.462885e-01  -3.960682e-01   0.000000e+00   1.466401e-01  -1.536285e-01   0.000000e+00   0.000000e+00   0.000000e+00  -3.436057e-01
-3.960682e-01   5.390058e-01   0.000000e+00  -1.727289e-01   1.933247e-01   0.000000e+00   0.000000e+00   0.000000e+00   4.026179e-01
 0.000000e+00   0.000000e+00   1.257011e+00   0.000000e+00   0.000000e+00   4.699495e-01   4.278433e-01  -5.551814e-01   0.000000e+00
 1.466401e-01  -1.727289e-01   0.000000e+00   6.756067e-02  -7.095310e-02   0.000000e+00   0.000000e+00   0.000000e+00  -1.771914e-01
-1.536285e-01   1.933247e-01   0.000000e+00  -7.095310e-02   7.705997e-02   0.000000e+00   0.000000e+00   0.000000e+00   1.858970e-01
 0.000000e+00   0.000000e+00   4.699495e-01   0.000000e+00   0.000000e+00   1.894365e-01   2.094668e-01  -2.355425e-01   0.000000e+00
 0.000000e+00   0.000000e+00   4.278433e-01   0.000000e+00   0.000000e+00   2.094668e-01   6.609982e-01  -1.916244e-02   0.000000e+00
 0.000000e+00   0.000000e+00  -5.551814e-01   0.000000e+00   0.000000e+00  -2.355425e-01  -1.916244e-02   6.844566e-01   0.000000e+00
-3.436057e-01   4.026179e-01   0.000000e+00  -1.771914e-01   1.858970e-01   0.000000e+00   0.000000e+00   0.000000e+00   6.178610e-01

# timestamp: 1774889722.8139896
 3.497408e-01  -3.998962e-01   0.000000e+00   1.478135e-01  -1.548434e-01   0.000000e+00   0.000000e+00   0.000000e+00  -3.456794e-01
-3.998962e-01   5.435515e-01   0.000000e+00  -1.740074e-01   1.946768e-01   0.000000e+00   0.000000e+00   0.000000e+00   4.047934e-01
 0.000000e+00   0.000000e+00   1.268045e+00   0.000000e+00   0.000000e+00   4.732634e-01   4.302947e-01  -5.579378e-01   0.000000e+00
 1.478135e-01  -1.740074e-01   0.000000e+00   6.795509e-02  -7.135695e-02   0.000000e+00   0.000000e+00   0.000000e+00  -1.778766e-01
-1.548434e-01   1.946768e-01   0.000000e+00  -7.135695e-02   7.747568e-02   0.000000e+00   0.000000e+00   0.000000e+00   1.865856e-01
 0.000000e+00   0.000000e+00   4.732634e-01   0.000000e+00   0.000000e+00   1.904276e-01   2.102212e-01  -2.363264e-01   0.000000e+00
 0.000000e+00   0.000000e+00   4.302947e-01   0.000000e+00   0.000000e+00   2.102212e-01   6.621674e-01  -1.916244e-02   0.000000e+00
 0.000000e+00   0.000000e+00  -5.579378e-01   0.000000e+00   0.000000e+00  -2.363264e-01  -1.916244e-02   6.856258e-01   0.000000e+00
-3.456794e-01   4.047934e-01   0.000000e+00  -1.778766e-01   1.865856e-01   0.000000e+00   0.000000e+00   0.000000e+00   6.190302e-01

# timestamp: 1774889722.827426
 3.543869e-01  -4.050460e-01   0.000000e+00   1.493890e-01  -1.564744e-01   0.000000e+00   0.000000e+00   0.000000e+00  -3.484568e-01
-4.050460e-01   5.496622e-01   0.000000e+00  -1.757234e-01   1.964912e-01   0.000000e+00   0.000000e+00   0.000000e+00   4.077066e-01
 0.000000e+00   0.000000e+00   1.282878e+00   0.000000e+00   0.000000e+00   4.777096e-01   4.335768e-01  -5.616271e-01   0.000000e+00
 1.493890e-01  -1.757234e-01   0.000000e+00   6.848350e-02  -7.189794e-02   0.000000e+00   0.000000e+00   0.000000e+00  -1.787928e-01
-1.564744e-01   1.964912e-01   0.000000e+00  -7.189794e-02   7.803250e-02   0.000000e+00   0.000000e+00   0.000000e+00   1.875062e-01
 0.000000e+00   0.000000e+00   4.777096e-01   0.000000e+00   0.000000e+00   1.917548e-01   2.112295e-01  -2.373741e-01   0.000000e+00
 0.000000e+00   0.000000e+00   4.335768e-01   0.000000e+00   0.000000e+00   2.112295e-01   6.637268e-01  -1.916244e-02   0.000000e+00
 0.000000e+00   0.000000e+00  -5.616271e-01   0.000000e+00   0.000000e+00  -2.373741e-01  -1.916244e-02   6.871852e-01   0.000000e+00
-3.484568e-01   4.077066e-01   0.000000e+00  -1.787928e-01   1.875062e-01   0.000000e+00   0.000000e+00   0.000000e+00   6.205896e-01

# timestamp: 1774889722.8413095
 3.578969e-01  -4.089349e-01   0.000000e+00   1.505762e-01  -1.577034e-01   0.000000e+00   0.000000e+00   0.000000e+00  -3.505453e-01
-4.089349e-01   5.542732e-01   0.000000e+00  -1.770161e-01   1.978578e-01   0.000000e+00   0.000000e+00   0.000000e+00   4.098968e-01
 0.000000e+00   0.000000e+00   1.294072e+00   0.000000e+00   0.000000e+00   4.810577e-01   4.360440e-01  -5.643995e-01   0.000000e+00
 1.505762e-01  -1.770161e-01   0.000000e+00   6.888071e-02  -7.230458e-02   0.000000e+00   0.000000e+00   0.000000e+00  -1.794797e-01
-1.577034e-01   1.978578e-01   0.000000e+00  -7.230458e-02   7.845099e-02   0.000000e+00   0.000000e+00   0.000000e+00   1.881965e-01
 0.000000e+00   0.000000e+00   4.810577e-01   0.000000e+00   0.000000e+00   1.927520e-01   2.119855e-01  -2.381596e-01   0.000000e+00
 0.000000e+00   0.000000e+00   4.360440e-01   0.000000e+00   0.000000e+00   2.119855e-01   6.648938e-01  -1.916244e-02   0.000000e+00
 0.000000e+00   0.000000e+00  -5.643995e-01   0.000000e+00   0.000000e+00  -2.381596e-01  -1.916244e-02   6.883522e-01   0.000000e+00
-3.505453e-01   4.098968e-01   0.000000e+00  -1.794797e-01   1.881965e-01   0.000000e+00   0.000000e+00   0.000000e+00   6.217566e-01

# timestamp: 1774889723.0225055
 4.162994e-01  -4.734694e-01   0.000000e+00   1.699977e-01  -1.777912e-01   0.000000e+00   0.000000e+00   0.000000e+00  -3.841442e-01
-4.734694e-01   6.303840e-01   0.000000e+00  -1.981100e-01   2.201217e-01   0.000000e+00   0.000000e+00   0.000000e+00   4.450858e-01
 0.000000e+00   0.000000e+00   1.478929e+00   0.000000e+00   0.000000e+00   5.355396e-01   4.756501e-01  -6.088070e-01   0.000000e+00
 1.699977e-01  -1.981100e-01   0.000000e+00   7.527008e-02  -7.884181e-02   0.000000e+00   0.000000e+00   0.000000e+00  -1.903540e-01
-1.777912e-01   2.201217e-01   0.000000e+00  -7.884181e-02   8.517392e-02   0.000000e+00   0.000000e+00   0.000000e+00   1.991234e-01
 0.000000e+00   0.000000e+00   5.355396e-01   0.000000e+00   0.000000e+00   2.087405e-01   2.239347e-01  -2.505696e-01   0.000000e+00
 0.000000e+00   0.000000e+00   4.756501e-01   0.000000e+00   0.000000e+00   2.239347e-01   6.830829e-01  -1.916244e-02   0.000000e+00
 0.000000e+00   0.000000e+00  -6.088070e-01   0.000000e+00   0.000000e+00  -2.505696e-01  -1.916244e-02   7.065413e-01   0.000000e+00
-3.841442e-01   4.450858e-01   0.000000e+00  -1.903540e-01   1.991234e-01   0.000000e+00   0.000000e+00   0.000000e+00   6.399457e-01

# timestamp: 1774889723.0361085
 4.222717e-01  -4.800517e-01   0.000000e+00   1.719508e-01  -1.798096e-01   0.000000e+00   0.000000e+00   0.000000e+00  -3.874673e-01
-4.800517e-01   6.381074e-01   0.000000e+00  -2.002261e-01   2.223519e-01   0.000000e+00   0.000000e+00   0.000000e+00   4.485618e-01
 0.000000e+00   0.000000e+00   1.497695e+00   0.000000e+00   0.000000e+00   5.409903e-01   4.795590e-01  -6.131803e-01   0.000000e+00
 1.719508e-01  -2.002261e-01   0.000000e+00   7.590198e-02  -7.948797e-02   0.000000e+00   0.000000e+00   0.000000e+00  -1.914122e-01
-1.798096e-01   2.223519e-01   0.000000e+00  -7.948797e-02   8.583797e-02   0.000000e+00   0.000000e+00   0.000000e+00   2.001867e-01
 0.000000e+00   0.000000e+00   5.409903e-01   0.000000e+00   0.000000e+00   2.103166e-01   2.250959e-01  -2.517750e-01   0.000000e+00
 0.000000e+00   0.000000e+00   4.795590e-01   0.000000e+00   0.000000e+00   2.250959e-01   6.848254e-01  -1.916244e-02   0.000000e+00
 0.000000e+00   0.000000e+00  -6.131803e-01   0.000000e+00   0.000000e+00  -2.517750e-01  -1.916244e-02   7.082838e-01   0.000000e+00
-3.874673e-01   4.485618e-01   0.000000e+00  -1.914122e-01   2.001867e-01   0.000000e+00   0.000000e+00   0.000000e+00   6.416882e-01

# timestamp: 1774889723.0501819
 4.263411e-01  -4.845350e-01   0.000000e+00   1.732782e-01  -1.811814e-01   0.000000e+00   0.000000e+00   0.000000e+00  -3.897206e-01
-4.845350e-01   6.433641e-01   0.000000e+00  -2.016639e-01   2.238668e-01   0.000000e+00   0.000000e+00   0.000000e+00   4.509183e-01
 0.000000e+00   0.000000e+00   1.510468e+00   0.000000e+00   0.000000e+00   5.446923e-01   4.822087e-01  -6.161438e-01   0.000000e+00
 1.732782e-01  -2.016639e-01   0.000000e+00   7.633044e-02  -7.992606e-02   0.000000e+00   0.000000e+00   0.000000e+00  -1.921280e-01
-1.811814e-01   2.238668e-01   0.000000e+00  -7.992606e-02   8.628815e-02   0.000000e+00   0.000000e+00   0.000000e+00   2.009060e-01
 0.000000e+00   0.000000e+00   5.446923e-01   0.000000e+00   0.000000e+00   2.113848e-01   2.258812e-01  -2.525902e-01   0.000000e+00
 0.000000e+00   0.000000e+00   4.822087e-01   0.000000e+00   0.000000e+00   2.258812e-01   6.860015e-01  -1.916244e-02   0.000000e+00
 0.000000e+00   0.000000e+00  -6.161438e-01   0.000000e+00   0.000000e+00  -2.525902e-01  -1.916244e-02   7.094599e-01   0.000000e+00
-3.897206e-01   4.509183e-01   0.000000e+00  -1.921280e-01   2.009060e-01   0.000000e+00   0.000000e+00   0.000000e+00   6.428643e-01

# timestamp: 1774889723.0695548
 4.333707e-01  -4.922765e-01   0.000000e+00   1.755653e-01  -1.835445e-01   0.000000e+00   0.000000e+00   0.000000e+00  -3.935922e-01
-4.922765e-01   6.524339e-01   0.000000e+00  -2.041402e-01   2.264753e-01   0.000000e+00   0.000000e+00   0.000000e+00   4.549664e-01
 0.000000e+00   0.000000e+00   1.532507e+00   0.000000e+00   0.000000e+00   5.510652e-01   4.867597e-01  -6.212323e-01   0.000000e+00
 1.755653e-01  -2.041402e-01   0.000000e+00   7.706670e-02  -8.067882e-02   0.000000e+00   0.000000e+00   0.000000e+00  -1.933551e-01
-1.835445e-01   2.264753e-01   0.000000e+00  -8.067882e-02   8.706158e-02   0.000000e+00   0.000000e+00   0.000000e+00   2.021390e-01
 0.000000e+00   0.000000e+00   5.510652e-01   0.000000e+00   0.000000e+00   2.132194e-01   2.272272e-01  -2.539872e-01   0.000000e+00
 0.000000e+00   0.000000e+00   4.867597e-01   0.000000e+00   0.000000e+00   2.272272e-01   6.880124e-01  -1.916244e-02   0.000000e+00
 0.000000e+00   0.000000e+00  -6.212323e-01   0.000000e+00   0.000000e+00  -2.539872e-01  -1.916244e-02   7.114708e-01   0.000000e+00
-3.935922e-01   4.549664e-01   0.000000e+00  -1.933551e-01   2.021390e-01   0.000000e+00   0.000000e+00   0.000000e+00   6.448752e-01

# timestamp: 1774889723.0839965
 4.375025e-01  -4.968248e-01   0.000000e+00   1.769059e-01  -1.849295e-01   0.000000e+00   0.000000e+00   0.000000e+00  -3.958558e-01
-4.968248e-01   6.577584e-01   0.000000e+00  -2.055911e-01   2.280035e-01   0.000000e+00   0.000000e+00   0.000000e+00   4.573328e-01
 0.000000e+00   0.000000e+00   1.545446e+00   0.000000e+00   0.000000e+00   5.547978e-01   4.894197e-01  -6.242054e-01   0.000000e+00
 1.769059e-01  -2.055911e-01   0.000000e+00   7.749711e-02  -8.111883e-02   0.000000e+00   0.000000e+00   0.000000e+00  -1.940706e-01
-1.849295e-01   2.280035e-01   0.000000e+00  -8.111883e-02   8.751363e-02   0.000000e+00   0.000000e+00   0.000000e+00   2.028580e-01
 0.000000e+00   0.000000e+00   5.547978e-01   0.000000e+00   0.000000e+00   2.142914e-01   2.280117e-01  -2.548015e-01   0.000000e+00
 0.000000e+00   0.000000e+00   4.894197e-01   0.000000e+00   0.000000e+00   2.280117e-01   6.891820e-01  -1.916244e-02   0.000000e+00
 0.000000e+00   0.000000e+00  -6.242054e-01   0.000000e+00   0.000000e+00  -2.548015e-01  -1.916244e-02   7.126404e-01   0.000000e+00
-3.958558e-01   4.573328e-01   0.000000e+00  -1.940706e-01   2.028580e-01   0.000000e+00   0.000000e+00   0.000000e+00   6.460448e-01

# timestamp: 1774889723.0985107
 4.419806e-01  -5.017528e-01   0.000000e+00   1.783560e-01  -1.864274e-01   0.000000e+00   0.000000e+00   0.000000e+00  -3.982993e-01
-5.017528e-01   6.635239e-01   0.000000e+00  -2.071601e-01   2.296556e-01   0.000000e+00   0.000000e+00   0.000000e+00   4.598868e-01
 0.000000e+00   0.000000e+00   1.559458e+00   0.000000e+00   0.000000e+00   5.588327e-01   4.922903e-01  -6.274130e-01   0.000000e+00
 1.783560e-01  -2.071601e-01   0.000000e+00   7.796174e-02  -8.159379e-02   0.000000e+00   0.000000e+00   0.000000e+00  -1.948414e-01
-1.864274e-01   2.296556e-01   0.000000e+00  -8.159379e-02   8.800154e-02   0.000000e+00   0.000000e+00   0.000000e+00   2.036325e-01
 0.000000e+00   0.000000e+00   5.588327e-01   0.000000e+00   0.000000e+00   2.154482e-01   2.288569e-01  -2.556786e-01   0.000000e+00
 0.000000e+00   0.000000e+00   4.922903e-01   0.000000e+00   0.000000e+00   2.288569e-01   6.904398e-01  -1.916244e-02   0.000000e+00
 0.000000e+00   0.000000e+00  -6.274130e-01   0.000000e+00   0.000000e+00  -2.556786e-01  -1.916244e-02   7.138982e-01   0.000000e+00
-3.982993e-01   4.598868e-01   0.000000e+00  -1.948414e-01   2.036325e-01   0.000000e+00   0.000000e+00   0.000000e+00   6.473026e-01

# timestamp: 1774889723.1137388
 4.490045e-01  -5.094794e-01   0.000000e+00   1.806243e-01  -1.887704e-01   0.000000e+00   0.000000e+00   0.000000e+00  -4.021114e-01
-5.094794e-01   6.725565e-01   0.000000e+00  -2.096136e-01   2.322384e-01   0.000000e+00   0.000000e+00   0.000000e+00   4.638706e-01
 0.000000e+00   0.000000e+00   1.581410e+00   0.000000e+00   0.000000e+00   5.651395e-01   4.967674e-01  -6.324141e-01   0.000000e+00
 1.806243e-01  -2.096136e-01   0.000000e+00   7.868666e-02  -8.233477e-02   0.000000e+00   0.000000e+00   0.000000e+00  -1.960411e-01
-1.887704e-01   2.322384e-01   0.000000e+00  -8.233477e-02   8.876265e-02   0.000000e+00   0.000000e+00   0.000000e+00   2.048380e-01
 0.000000e+00   0.000000e+00   5.651395e-01   0.000000e+00   0.000000e+00   2.172520e-01   2.301720e-01  -2.570433e-01   0.000000e+00
 0.000000e+00   0.000000e+00   4.967674e-01   0.000000e+00   0.000000e+00   2.301720e-01   6.923924e-01  -1.916244e-02   0.000000e+00
 0.000000e+00   0.000000e+00  -6.324141e-01   0.000000e+00   0.000000e+00  -2.570433e-01  -1.916244e-02   7.158508e-01   0.000000e+00
-4.021114e-01   4.638706e-01   0.000000e+00  -1.960411e-01   2.048380e-01   0.000000e+00   0.000000e+00   0.000000e+00   6.492552e-01

# timestamp: 1774889723.295152
 5.194211e-01  -5.867448e-01   0.000000e+00   2.029812e-01  -2.118449e-01   0.000000e+00   0.000000e+00   0.000000e+00  -4.390666e-01
-5.867448e-01   7.624418e-01   0.000000e+00  -2.337398e-01   2.576008e-01   0.000000e+00   0.000000e+00   0.000000e+00   5.024437e-01
 0.000000e+00   0.000000e+00   1.799906e+00   0.000000e+00   0.000000e+00   6.269870e-01   5.400767e-01  -6.806918e-01   0.000000e+00
 2.029812e-01  -2.337398e-01   0.000000e+00   8.571238e-02  -8.951238e-02   0.000000e+00   0.000000e+00   0.000000e+00  -2.074815e-01
-2.118449e-01   2.576008e-01   0.000000e+00  -8.951238e-02   9.613029e-02   0.000000e+00   0.000000e+00   0.000000e+00   2.163337e-01
 0.000000e+00   0.000000e+00   6.269870e-01   0.000000e+00   0.000000e+00   2.346797e-01   2.426960e-01  -2.700341e-01   0.000000e+00
 0.000000e+00   0.000000e+00   5.400767e-01   0.000000e+00   0.000000e+00   2.426960e-01   7.107274e-01  -1.916244e-02   0.000000e+00
 0.000000e+00   0.000000e+00  -6.806918e-01   0.000000e+00   0.000000e+00  -2.700341e-01  -1.916244e-02   7.341859e-01   0.000000e+00
-4.390666e-01   5.024437e-01   0.000000e+00  -2.074815e-01   2.163337e-01   0.000000e+00   0.000000e+00   0.000000e+00   6.675903e-01

# timestamp: 1774889723.3088374
 5.243562e-01  -5.921477e-01   0.000000e+00   2.045237e-01  -2.134358e-01   0.000000e+00   0.000000e+00   0.000000e+00  -4.415771e-01
-5.921477e-01   7.686994e-01   0.000000e+00  -2.354010e-01   2.593448e-01   0.000000e+00   0.000000e+00   0.000000e+00   5.050611e-01
 0.000000e+00   0.000000e+00   1.815119e+00   0.000000e+00   0.000000e+00   6.312345e-01   5.430131e-01  -6.839587e-01   0.000000e+00
 2.045237e-01  -2.354010e-01   0.000000e+00   8.618963e-02  -8.999971e-02   0.000000e+00   0.000000e+00   0.000000e+00  -2.082469e-01
-2.134358e-01   2.593448e-01   0.000000e+00  -8.999971e-02   9.663022e-02   0.000000e+00   0.000000e+00   0.000000e+00   2.171029e-01
 0.000000e+00   0.000000e+00   6.312345e-01   0.000000e+00   0.000000e+00   2.358601e-01   2.435329e-01  -2.709018e-01   0.000000e+00
 0.000000e+00   0.000000e+00   5.430131e-01   0.000000e+00   0.000000e+00   2.435329e-01   7.119363e-01  -1.916244e-02   0.000000e+00
 0.000000e+00   0.000000e+00  -6.839587e-01   0.000000e+00   0.000000e+00  -2.709018e-01  -1.916244e-02   7.353947e-01   0.000000e+00
-4.415771e-01   5.050611e-01   0.000000e+00  -2.082469e-01   2.171029e-01   0.000000e+00   0.000000e+00   0.000000e+00   6.687991e-01

# timestamp: 1774889723.3230562
 5.294829e-01  -5.977586e-01   0.000000e+00   2.061229e-01  -2.150850e-01   0.000000e+00   0.000000e+00   0.000000e+00  -4.441747e-01
-5.977586e-01   7.751946e-01   0.000000e+00  -2.371227e-01   2.611521e-01   0.000000e+00   0.000000e+00   0.000000e+00   5.077692e-01
 0.000000e+00   0.000000e+00   1.830911e+00   0.000000e+00   0.000000e+00   6.356356e-01   5.460507e-01  -6.873375e-01   0.000000e+00
 2.061229e-01  -2.371227e-01   0.000000e+00   8.668347e-02  -9.050396e-02   0.000000e+00   0.000000e+00   0.000000e+00  -2.090375e-01
-2.150850e-01   2.611521e-01   0.000000e+00  -9.050396e-02   9.714746e-02   0.000000e+00   0.000000e+00   0.000000e+00   2.178974e-01
 0.000000e+00   0.000000e+00   6.356356e-01   0.000000e+00   0.000000e+00   2.370811e-01   2.443972e-01  -2.717979e-01   0.000000e+00
 0.000000e+00   0.000000e+00   5.460507e-01   0.000000e+00   0.000000e+00   2.443972e-01   7.131825e-01  -1.916244e-02   0.000000e+00
 0.000000e+00   0.000000e+00  -6.873375e-01   0.000000e+00   0.000000e+00  -2.717979e-01  -1.916244e-02   7.366409e-01   0.000000e+00
-4.441747e-01   5.077692e-01   0.000000e+00  -2.090375e-01   2.178974e-01   0.000000e+00   0.000000e+00   0.000000e+00   6.700453e-01

# timestamp: 1774889723.3431456
 5.384187e-01  -6.075346e-01   0.000000e+00   2.089028e-01  -2.179516e-01   0.000000e+00   0.000000e+00   0.000000e+00  -4.486777e-01
-6.075346e-01   7.865029e-01   0.000000e+00  -2.401146e-01   2.642920e-01   0.000000e+00   0.000000e+00   0.000000e+00   5.124627e-01
 0.000000e+00   0.000000e+00   1.858404e+00   0.000000e+00   0.000000e+00   6.432800e-01   5.513147e-01  -6.931909e-01   0.000000e+00
 2.089028e-01  -2.401146e-01   0.000000e+00   8.753965e-02  -9.137810e-02   0.000000e+00   0.000000e+00   0.000000e+00  -2.104048e-01
-2.179516e-01   2.642920e-01   0.000000e+00  -9.137810e-02   9.804404e-02   0.000000e+00   0.000000e+00   0.000000e+00   2.192712e-01
 0.000000e+00   0.000000e+00   6.432800e-01   0.000000e+00   0.000000e+00   2.391969e-01   2.458914e-01  -2.733470e-01   0.000000e+00
 0.000000e+00   0.000000e+00   5.513147e-01   0.000000e+00   0.000000e+00   2.458914e-01   7.153320e-01  -1.916244e-02   0.000000e+00
 0.000000e+00   0.000000e+00  -6.931909e-01   0.000000e+00   0.000000e+00  -2.733470e-01  -1.916244e-02   7.387904e-01   0.000000e+00
-4.486777e-01   5.124627e-01   0.000000e+00  -2.104048e-01   2.192712e-01   0.000000e+00   0.000000e+00   0.000000e+00   6.721948e-01

# timestamp: 1774889723.356106
 5.434735e-01  -6.130625e-01   0.000000e+00   2.104710e-01  -2.195685e-01   0.000000e+00   0.000000e+00   0.000000e+00  -4.512116e-01
-6.130625e-01   7.928925e-01   0.000000e+00  -2.418018e-01   2.660623e-01   0.000000e+00   0.000000e+00   0.000000e+00   5.151032e-01
 0.000000e+00   0.000000e+00   1.873939e+00   0.000000e+00   0.000000e+00   6.475891e-01   5.542757e-01  -6.964823e-01   0.000000e+00
 2.104710e-01  -2.418018e-01   0.000000e+00   8.802133e-02  -9.186984e-02   0.000000e+00   0.000000e+00   0.000000e+00  -2.111719e-01
-2.195685e-01   2.660623e-01   0.000000e+00  -9.186984e-02   9.854836e-02   0.000000e+00   0.000000e+00   0.000000e+00   2.200421e-01
 0.000000e+00   0.000000e+00   6.475891e-01   0.000000e+00   0.000000e+00   2.403866e-01   2.467297e-01  -2.742159e-01   0.000000e+00
 0.000000e+00   0.000000e+00   5.542757e-01   0.000000e+00   0.000000e+00   2.467297e-01   7.165352e-01  -1.916244e-02   0.000000e+00
 0.000000e+00   0.000000e+00  -6.964823e-01   0.000000e+00   0.000000e+00  -2.742159e-01  -1.916244e-02   7.399936e-01   0.000000e+00
-4.512116e-01   5.151032e-01   0.000000e+00  -2.111719e-01   2.200421e-01   0.000000e+00   0.000000e+00   0.000000e+00   6.733980e-01

# timestamp: 1774889723.370603
 5.491582e-01  -6.192775e-01   0.000000e+00   2.122312e-01  -2.213831e-01   0.000000e+00   0.000000e+00   0.000000e+00  -4.540496e-01
-6.192775e-01   8.000724e-01   0.000000e+00  -2.436950e-01   2.680484e-01   0.000000e+00   0.000000e+00   0.000000e+00   5.180603e-01
 0.000000e+00   0.000000e+00   1.891395e+00   0.000000e+00   0.000000e+00   6.524226e-01   5.575914e-01  -7.001672e-01   0.000000e+00
 2.122312e-01  -2.436950e-01   0.000000e+00   8.856088e-02  -9.242064e-02   0.000000e+00   0.000000e+00   0.000000e+00  -2.120296e-01
-2.213831e-01   2.680484e-01   0.000000e+00  -9.242064e-02   9.911319e-02   0.000000e+00   0.000000e+00   0.000000e+00   2.209039e-01
 0.000000e+00   0.000000e+00   6.524226e-01   0.000000e+00   0.000000e+00   2.417188e-01   2.476667e-01  -2.751873e-01   0.000000e+00
 0.000000e+00   0.000000e+00   5.575914e-01   0.000000e+00   0.000000e+00   2.476667e-01   7.178778e-01  -1.916244e-02   0.000000e+00
 0.000000e+00   0.000000e+00  -7.001672e-01   0.000000e+00   0.000000e+00  -2.751873e-01  -1.916244e-02   7.413362e-01   0.000000e+00
-4.540496e-01   5.180603e-01   0.000000e+00  -2.120296e-01   2.209039e-01   0.000000e+00   0.000000e+00   0.000000e+00   6.747406e-01

# timestamp: 1774889723.3834655
 5.551901e-01  -6.258702e-01   0.000000e+00   2.140947e-01  -2.233042e-01   0.000000e+00   0.000000e+00   0.000000e+00  -4.570479e-01
-6.258702e-01   8.076840e-01   0.000000e+00  -2.456989e-01   2.701503e-01   0.000000e+00   0.000000e+00   0.000000e+00   5.211840e-01
 0.000000e+00   0.000000e+00   1.909902e+00   0.000000e+00   0.000000e+00   6.575370e-01   5.610933e-01  -7.040580e-01   0.000000e+00
 2.140947e-01  -2.456989e-01   0.000000e+00   8.913093e-02  -9.300253e-02   0.000000e+00   0.000000e+00   0.000000e+00  -2.129339e-01
-2.233042e-01   2.701503e-01   0.000000e+00  -9.300253e-02   9.970986e-02   0.000000e+00   0.000000e+00   0.000000e+00   2.218126e-01
 0.000000e+00   0.000000e+00   6.575370e-01   0.000000e+00   0.000000e+00   2.431257e-01   2.486545e-01  -2.762111e-01   0.000000e+00
 0.000000e+00   0.000000e+00   5.610933e-01   0.000000e+00   0.000000e+00   2.486545e-01   7.192904e-01  -1.916244e-02   0.000000e+00
 0.000000e+00   0.000000e+00  -7.040580e-01   0.000000e+00   0.000000e+00  -2.762111e-01  -1.916244e-02   7.427488e-01   0.000000e+00
-4.570479e-01   5.211840e-01   0.000000e+00  -2.129339e-01   2.218126e-01   0.000000e+00   0.000000e+00   0.000000e+00   6.761532e-01

# timestamp: 1774889723.5656395
 6.380928e-01  -7.162797e-01   0.000000e+00   2.393060e-01  -2.492762e-01   0.000000e+00   0.000000e+00   0.000000e+00  -4.969931e-01
-7.162797e-01   9.116307e-01   0.000000e+00  -2.727553e-01   2.984946e-01   0.000000e+00   0.000000e+00   0.000000e+00   5.627562e-01
 0.000000e+00   0.000000e+00   2.162628e+00   0.000000e+00   0.000000e+00   7.264165e-01   6.076598e-01  -7.557000e-01   0.000000e+00
 2.393060e-01  -2.727553e-01   0.000000e+00   9.672322e-02  -1.007490e-01   0.000000e+00   0.000000e+00   0.000000e+00  -2.247977e-01
-2.492762e-01   2.984946e-01   0.000000e+00  -1.007490e-01   1.076486e-01   0.000000e+00   0.000000e+00   0.000000e+00   2.337338e-01
 0.000000e+00   0.000000e+00   7.264165e-01   0.000000e+00   0.000000e+00   2.618112e-01   2.615980e-01  -2.896220e-01   0.000000e+00
 0.000000e+00   0.000000e+00   6.076598e-01   0.000000e+00   0.000000e+00   2.615980e-01   7.375591e-01  -1.916244e-02   0.000000e+00
 0.000000e+00   0.000000e+00  -7.557000e-01   0.000000e+00   0.000000e+00  -2.896220e-01  -1.916244e-02   7.610175e-01   0.000000e+00
-4.969931e-01   5.627562e-01   0.000000e+00  -2.247977e-01   2.337338e-01   0.000000e+00   0.000000e+00   0.000000e+00   6.944219e-01

# timestamp: 1774889723.5797927
 6.439962e-01  -7.227045e-01   0.000000e+00   2.410746e-01  -2.510971e-01   0.000000e+00   0.000000e+00   0.000000e+00  -4.997540e-01
-7.227045e-01   9.189888e-01   0.000000e+00  -2.746499e-01   3.004770e-01   0.000000e+00   0.000000e+00   0.000000e+00   5.656269e-01
 0.000000e+00   0.000000e+00   2.180518e+00   0.000000e+00   0.000000e+00   7.312280e-01   6.108725e-01  -7.592567e-01   0.000000e+00
 2.410746e-01  -2.746499e-01   0.000000e+00   9.724798e-02  -1.012842e-01   0.000000e+00   0.000000e+00   0.000000e+00  -2.256059e-01
-2.510971e-01   3.004770e-01   0.000000e+00  -1.012842e-01   1.081968e-01   0.000000e+00   0.000000e+00   0.000000e+00   2.345460e-01
 0.000000e+00   0.000000e+00   7.312280e-01   0.000000e+00   0.000000e+00   2.630992e-01   2.624788e-01  -2.905342e-01   0.000000e+00
 0.000000e+00   0.000000e+00   6.108725e-01   0.000000e+00   0.000000e+00   2.624788e-01   7.387862e-01  -1.916244e-02   0.000000e+00
 0.000000e+00   0.000000e+00  -7.592567e-01   0.000000e+00   0.000000e+00  -2.905342e-01  -1.916244e-02   7.622446e-01   0.000000e+00
-4.997540e-01   5.656269e-01   0.000000e+00  -2.256059e-01   2.345460e-01   0.000000e+00   0.000000e+00   0.000000e+00   6.956490e-01

# timestamp: 1774889723.5997682
 6.535596e-01  -7.331090e-01   0.000000e+00   2.439326e-01  -2.540392e-01   0.000000e+00   0.000000e+00   0.000000e+00  -5.042048e-01
-7.331090e-01   9.308974e-01   0.000000e+00  -2.777106e-01   3.036791e-01   0.000000e+00   0.000000e+00   0.000000e+00   5.702537e-01
 0.000000e+00   0.000000e+00   2.209469e+00   0.000000e+00   0.000000e+00   7.389981e-01   6.160501e-01  -7.649870e-01   0.000000e+00
 2.439326e-01  -2.777106e-01   0.000000e+00   9.809396e-02  -1.021469e-01   0.000000e+00   0.000000e+00   0.000000e+00  -2.269059e-01
-2.540392e-01   3.036791e-01   0.000000e+00  -1.021469e-01   1.090803e-01   0.000000e+00   0.000000e+00   0.000000e+00   2.358522e-01
 0.000000e+00   0.000000e+00   7.389981e-01   0.000000e+00   0.000000e+00   2.651747e-01   2.638951e-01  -2.920010e-01   0.000000e+00
 0.000000e+00   0.000000e+00   6.160501e-01   0.000000e+00   0.000000e+00   2.638951e-01   7.407552e-01  -1.916244e-02   0.000000e+00
 0.000000e+00   0.000000e+00  -7.649870e-01   0.000000e+00   0.000000e+00  -2.920010e-01  -1.916244e-02   7.642136e-01   0.000000e+00
-5.042048e-01   5.702537e-01   0.000000e+00  -2.269059e-01   2.358522e-01   0.000000e+00   0.000000e+00   0.000000e+00   6.976180e-01

# timestamp: 1774889723.6152935
 6.631156e-01  -7.435014e-01   0.000000e+00   2.467799e-01  -2.569699e-01   0.000000e+00   0.000000e+00   0.000000e+00  -5.086257e-01
-7.435014e-01   9.427831e-01   0.000000e+00  -2.807587e-01   3.068673e-01   0.000000e+00   0.000000e+00   0.000000e+00   5.748486e-01
 0.000000e+00   0.000000e+00   2.238364e+00   0.000000e+00   0.000000e+00   7.467323e-01   6.211911e-01  -7.706749e-01   0.000000e+00
 2.467799e-01  -2.807587e-01   0.000000e+00   9.893424e-02  -1.030038e-01   0.000000e+00   0.000000e+00   0.000000e+00  -2.281934e-01
-2.569699e-01   3.068673e-01   0.000000e+00  -1.030038e-01   1.099578e-01   0.000000e+00   0.000000e+00   0.000000e+00   2.371459e-01
 0.000000e+00   0.000000e+00   7.467323e-01   0.000000e+00   0.000000e+00   2.672351e-01   2.652975e-01  -2.934532e-01   0.000000e+00
 0.000000e+00   0.000000e+00   6.211911e-01   0.000000e+00   0.000000e+00   2.652975e-01   7.426999e-01  -1.916244e-02   0.000000e+00
 0.000000e+00   0.000000e+00  -7.706749e-01   0.000000e+00   0.000000e+00  -2.934532e-01  -1.916244e-02   7.661583e-01   0.000000e+00
-5.086257e-01   5.748486e-01   0.000000e+00  -2.281934e-01   2.371459e-01   0.000000e+00   0.000000e+00   0.000000e+00   6.995627e-01

# timestamp: 1774889723.631131
 6.692556e-01  -7.501765e-01   0.000000e+00   2.486048e-01  -2.588482e-01   0.000000e+00   0.000000e+00   0.000000e+00  -5.114525e-01
-7.501765e-01   9.504126e-01   0.000000e+00  -2.827117e-01   3.089097e-01   0.000000e+00   0.000000e+00   0.000000e+00   5.777863e-01
 0.000000e+00   0.000000e+00   2.256912e+00   0.000000e+00   0.000000e+00   7.516862e-01   6.244774e-01  -7.743098e-01   0.000000e+00
 2.486048e-01  -2.827117e-01   0.000000e+00   9.947150e-02  -1.035516e-01   0.000000e+00   0.000000e+00   0.000000e+00  -2.290146e-01
-2.588482e-01   3.089097e-01   0.000000e+00  -1.035516e-01   1.105188e-01   0.000000e+00   0.000000e+00   0.000000e+00   2.379711e-01
 0.000000e+00   0.000000e+00   7.516862e-01   0.000000e+00   0.000000e+00   2.685520e-01   2.661919e-01  -2.943794e-01   0.000000e+00
 0.000000e+00   0.000000e+00   6.244774e-01   0.000000e+00   0.000000e+00   2.661919e-01   7.439376e-01  -1.916244e-02   0.000000e+00
 0.000000e+00   0.000000e+00  -7.743098e-01   0.000000e+00   0.000000e+00  -2.943794e-01  -1.916244e-02   7.673960e-01   0.000000e+00
-5.114525e-01   5.777863e-01   0.000000e+00  -2.290146e-01   2.379711e-01   0.000000e+00   0.000000e+00   0.000000e+00   7.008004e-01

# timestamp: 1774889723.6446958
 6.762860e-01  -7.578176e-01   0.000000e+00   2.506903e-01  -2.609943e-01   0.000000e+00   0.000000e+00   0.000000e+00  -5.146762e-01
-7.578176e-01   9.591418e-01   0.000000e+00  -2.849431e-01   3.112429e-01   0.000000e+00   0.000000e+00   0.000000e+00   5.811359e-01
 0.000000e+00   0.000000e+00   2.278133e+00   0.000000e+00   0.000000e+00   7.573441e-01   6.282241e-01  -7.784530e-01   0.000000e+00
 2.506903e-01  -2.849431e-01   0.000000e+00   1.000843e-01  -1.041764e-01   0.000000e+00   0.000000e+00   0.000000e+00  -2.299495e-01
-2.609943e-01   3.112429e-01   0.000000e+00  -1.041764e-01   1.111585e-01   0.000000e+00   0.000000e+00   0.000000e+00   2.389106e-01
 0.000000e+00   0.000000e+00   7.573441e-01   0.000000e+00   0.000000e+00   2.700534e-01   2.672099e-01  -2.954335e-01   0.000000e+00
 0.000000e+00   0.000000e+00   6.282241e-01   0.000000e+00   0.000000e+00   2.672099e-01   7.453438e-01  -1.916244e-02   0.000000e+00
 0.000000e+00   0.000000e+00  -7.784530e-01   0.000000e+00   0.000000e+00  -2.954335e-01  -1.916244e-02   7.688022e-01   0.000000e+00
-5.146762e-01   5.811359e-01   0.000000e+00  -2.299495e-01   2.389106e-01   0.000000e+00   0.000000e+00   0.000000e+00   7.022066e-01

# timestamp: 1774889723.6597478
 6.833859e-01  -7.655321e-01   0.000000e+00   2.527919e-01  -2.631569e-01   0.000000e+00   0.000000e+00   0.000000e+00  -5.179180e-01
-7.655321e-01   9.679502e-01   0.000000e+00  -2.871911e-01   3.135930e-01   0.000000e+00   0.000000e+00   0.000000e+00   5.845039e-01
 0.000000e+00   0.000000e+00   2.299546e+00   0.000000e+00   0.000000e+00   7.630423e-01   6.319910e-01  -7.826175e-01   0.000000e+00
 2.527919e-01  -2.871911e-01   0.000000e+00   1.007005e-01  -1.048046e-01   0.000000e+00   0.000000e+00   0.000000e+00  -2.308877e-01
-2.631569e-01   3.135930e-01   0.000000e+00  -1.048046e-01   1.118017e-01   0.000000e+00   0.000000e+00   0.000000e+00   2.398533e-01
 0.000000e+00   0.000000e+00   7.630423e-01   0.000000e+00   0.000000e+00   2.715626e-01   2.682314e-01  -2.964911e-01   0.000000e+00
 0.000000e+00   0.000000e+00   6.319910e-01   0.000000e+00   0.000000e+00   2.682314e-01   7.467522e-01  -1.916244e-02   0.000000e+00
 0.000000e+00   0.000000e+00  -7.826175e-01   0.000000e+00   0.000000e+00  -2.964911e-01  -1.916244e-02   7.702106e-01   0.000000e+00
-5.179180e-01   5.845039e-01   0.000000e+00  -2.308877e-01   2.398533e-01   0.000000e+00   0.000000e+00   0.000000e+00   7.036150e-01

# timestamp: 1774889723.8412886
 7.815995e-01  -8.720349e-01   0.000000e+00   2.814246e-01  -2.926031e-01   0.000000e+00   0.000000e+00   0.000000e+00  -5.614393e-01
-8.720349e-01   1.089102e+00   0.000000e+00  -3.177655e-01   3.455218e-01   0.000000e+00   0.000000e+00   0.000000e+00   6.296779e-01
 0.000000e+00   0.000000e+00   2.594010e+00   0.000000e+00   0.000000e+00   8.403548e-01   6.824702e-01  -8.383310e-01   0.000000e+00
 2.814246e-01  -3.177655e-01   0.000000e+00   1.089707e-01  -1.132330e-01   0.000000e+00   0.000000e+00   0.000000e+00  -2.432985e-01
-2.926031e-01   3.455218e-01   0.000000e+00  -1.132330e-01   1.204265e-01   0.000000e+00   0.000000e+00   0.000000e+00   2.523241e-01
 0.000000e+00   0.000000e+00   8.403548e-01   0.000000e+00   0.000000e+00   2.917652e-01   2.817280e-01  -3.104600e-01   0.000000e+00
 0.000000e+00   0.000000e+00   6.824702e-01   0.000000e+00   0.000000e+00   2.817280e-01   7.651256e-01  -1.916244e-02   0.000000e+00
 0.000000e+00   0.000000e+00  -8.383310e-01   0.000000e+00   0.000000e+00  -3.104600e-01  -1.916244e-02   7.885840e-01   0.000000e+00
-5.614393e-01   6.296779e-01   0.000000e+00  -2.432985e-01   2.523241e-01   0.000000e+00   0.000000e+00   0.000000e+00   7.219884e-01

# timestamp: 1774889723.8565834
 7.897219e-01  -8.808263e-01   0.000000e+00   2.837583e-01  -2.950018e-01   0.000000e+00   0.000000e+00   0.000000e+00  -5.649356e-01
-8.808263e-01   1.099068e+00   0.000000e+00  -3.202534e-01   3.481172e-01   0.000000e+00   0.000000e+00   0.000000e+00   6.333037e-01
 0.000000e+00   0.000000e+00   2.618228e+00   0.000000e+00   0.000000e+00   8.466314e-01   6.865184e-01  -8.427918e-01   0.000000e+00
 2.837583e-01  -3.202534e-01   0.000000e+00   1.096352e-01  -1.139099e-01   0.000000e+00   0.000000e+00   0.000000e+00  -2.442817e-01
-2.950018e-01   3.481172e-01   0.000000e+00  -1.139099e-01   1.211188e-01   0.000000e+00   0.000000e+00   0.000000e+00   2.533121e-01
 0.000000e+00   0.000000e+00   8.466314e-01   0.000000e+00   0.000000e+00   2.933843e-01   2.827961e-01  -3.115651e-01   0.000000e+00
 0.000000e+00   0.000000e+00   6.865184e-01   0.000000e+00   0.000000e+00   2.827961e-01   7.665611e-01  -1.916244e-02   0.000000e+00
 0.000000e+00   0.000000e+00  -8.427918e-01   0.000000e+00   0.000000e+00  -3.115651e-01  -1.916244e-02   7.900195e-01   0.000000e+00
-5.649356e-01   6.333037e-01   0.000000e+00  -2.442817e-01   2.533121e-01   0.000000e+00   0.000000e+00   0.000000e+00   7.234240e-01

# timestamp: 1774889723.8704782
 7.975729e-01  -8.893217e-01   0.000000e+00   2.860094e-01  -2.973154e-01   0.000000e+00   0.000000e+00   0.000000e+00  -5.683011e-01
-8.893217e-01   1.108693e+00   0.000000e+00  -3.226526e-01   3.506197e-01   0.000000e+00   0.000000e+00   0.000000e+00   6.367936e-01
 0.000000e+00   0.000000e+00   2.641617e+00   0.000000e+00   0.000000e+00   8.526822e-01   6.904144e-01  -8.470839e-01   0.000000e+00
 2.860094e-01  -3.226526e-01   0.000000e+00   1.102748e-01  -1.145615e-01   0.000000e+00   0.000000e+00   0.000000e+00  -2.452263e-01
-2.973154e-01   3.506197e-01   0.000000e+00  -1.145615e-01   1.217852e-01   0.000000e+00   0.000000e+00   0.000000e+00   2.542612e-01
 0.000000e+00   0.000000e+00   8.526822e-01   0.000000e+00   0.000000e+00   2.949422e-01   2.838220e-01  -3.126264e-01   0.000000e+00
 0.000000e+00   0.000000e+00   6.904144e-01   0.000000e+00   0.000000e+00   2.838220e-01   7.679375e-01  -1.916244e-02   0.000000e+00
 0.000000e+00   0.000000e+00  -8.470839e-01   0.000000e+00   0.000000e+00  -3.126264e-01  -1.916244e-02   7.913960e-01   0.000000e+00
-5.683011e-01   6.367936e-01   0.000000e+00  -2.452263e-01   2.542612e-01   0.000000e+00   0.000000e+00   0.000000e+00   7.248004e-01

# timestamp: 1774889723.8906002
 8.076293e-01  -9.002005e-01   0.000000e+00   2.888864e-01  -3.002719e-01   0.000000e+00   0.000000e+00   0.000000e+00  -5.725920e-01
-9.002005e-01   1.121012e+00   0.000000e+00  -3.257182e-01   3.538167e-01   0.000000e+00   0.000000e+00   0.000000e+00   6.412424e-01
 0.000000e+00   0.000000e+00   2.671551e+00   0.000000e+00   0.000000e+00   8.604106e-01   6.953802e-01  -8.525534e-01   0.000000e+00
 2.888864e-01  -3.257182e-01   0.000000e+00   1.110905e-01  -1.153924e-01   0.000000e+00   0.000000e+00   0.000000e+00  -2.464284e-01
-3.002719e-01   3.538167e-01   0.000000e+00  -1.153924e-01   1.226349e-01   0.000000e+00   0.000000e+00   0.000000e+00   2.554692e-01
 0.000000e+00   0.000000e+00   8.604106e-01   0.000000e+00   0.000000e+00   2.969283e-01   2.851274e-01  -3.139769e-01   0.000000e+00
 0.000000e+00   0.000000e+00   6.953802e-01   0.000000e+00   0.000000e+00   2.851274e-01   7.696853e-01  -1.916244e-02   0.000000e+00
 0.000000e+00   0.000000e+00  -8.525534e-01   0.000000e+00   0.000000e+00  -3.139769e-01  -1.916244e-02   7.931437e-01   0.000000e+00
-5.725920e-01   6.412424e-01   0.000000e+00  -2.464284e-01   2.554692e-01   0.000000e+00   0.000000e+00   0.000000e+00   7.265481e-01

# timestamp: 1774889723.911271
 8.210415e-01  -9.147040e-01   0.000000e+00   2.927119e-01  -3.042027e-01   0.000000e+00   0.000000e+00   0.000000e+00  -5.782814e-01
-9.147040e-01   1.137425e+00   0.000000e+00  -3.297930e-01   3.580655e-01   0.000000e+00   0.000000e+00   0.000000e+00   6.471401e-01
 0.000000e+00   0.000000e+00   2.711429e+00   0.000000e+00   0.000000e+00   8.706788e-01   7.019622e-01  -8.598005e-01   0.000000e+00
 2.927119e-01  -3.297930e-01   0.000000e+00   1.121718e-01  -1.164938e-01   0.000000e+00   0.000000e+00   0.000000e+00  -2.480174e-01
-3.042027e-01   3.580655e-01   0.000000e+00  -1.164938e-01   1.237612e-01   0.000000e+00   0.000000e+00   0.000000e+00   2.570659e-01
 0.000000e+00   0.000000e+00   8.706788e-01   0.000000e+00   0.000000e+00   2.995598e-01   2.868525e-01  -3.157614e-01   0.000000e+00
 0.000000e+00   0.000000e+00   7.019622e-01   0.000000e+00   0.000000e+00   2.868525e-01   7.719892e-01  -1.916244e-02   0.000000e+00
 0.000000e+00   0.000000e+00  -8.598005e-01   0.000000e+00   0.000000e+00  -3.157614e-01  -1.916244e-02   7.954476e-01   0.000000e+00
-5.782814e-01   6.471401e-01   0.000000e+00  -2.480174e-01   2.570659e-01   0.000000e+00   0.000000e+00   0.000000e+00   7.288520e-01

# timestamp: 1774889723.9277565
 8.330646e-01  -9.277001e-01   0.000000e+00   2.961302e-01  -3.077147e-01   0.000000e+00   0.000000e+00   0.000000e+00  -5.833497e-01
-9.277001e-01   1.152121e+00   0.000000e+00  -3.334329e-01   3.618598e-01   0.000000e+00   0.000000e+00   0.000000e+00   6.523930e-01
 0.000000e+00   0.000000e+00   2.747133e+00   0.000000e+00   0.000000e+00   8.798461e-01   7.078235e-01  -8.662517e-01   0.000000e+00
 2.961302e-01  -3.334329e-01   0.000000e+00   1.131350e-01  -1.174747e-01   0.000000e+00   0.000000e+00   0.000000e+00  -2.494282e-01
-3.077147e-01   3.618598e-01   0.000000e+00  -1.174747e-01   1.247641e-01   0.000000e+00   0.000000e+00   0.000000e+00   2.584835e-01
 0.000000e+00   0.000000e+00   8.798461e-01   0.000000e+00   0.000000e+00   3.019023e-01   2.883839e-01  -3.173454e-01   0.000000e+00
 0.000000e+00   0.000000e+00   7.078235e-01   0.000000e+00   0.000000e+00   2.883839e-01   7.740289e-01  -1.916244e-02   0.000000e+00
 0.000000e+00   0.000000e+00  -8.662517e-01   0.000000e+00   0.000000e+00  -3.173454e-01  -1.916244e-02   7.974873e-01   0.000000e+00
-5.833497e-01   6.523930e-01   0.000000e+00  -2.494282e-01   2.584835e-01   0.000000e+00   0.000000e+00   0.000000e+00   7.308917e-01

# timestamp: 1774889724.1138523
 9.476847e-01  -1.051367e+00   0.000000e+00   3.282331e-01  -3.406792e-01   0.000000e+00   0.000000e+00   0.000000e+00  -6.302592e-01
-1.051367e+00   1.291484e+00   0.000000e+00  -3.675613e-01   3.974006e-01   0.000000e+00   0.000000e+00   0.000000e+00   7.009697e-01
 0.000000e+00   0.000000e+00   3.085616e+00   0.000000e+00   0.000000e+00   9.656003e-01   7.619779e-01  -9.257627e-01   0.000000e+00
 3.282331e-01  -3.675613e-01   0.000000e+00   1.220473e-01  -1.265482e-01   0.000000e+00   0.000000e+00   0.000000e+00  -2.622972e-01
-3.406792e-01   3.974006e-01   0.000000e+00  -1.265482e-01   1.340369e-01   0.000000e+00   0.000000e+00   0.000000e+00   2.714148e-01
 0.000000e+00   0.000000e+00   9.656003e-01   0.000000e+00   0.000000e+00   3.235246e-01   3.023375e-01  -3.317730e-01   0.000000e+00
 0.000000e+00   0.000000e+00   7.619779e-01   0.000000e+00   0.000000e+00   3.023375e-01   7.923791e-01  -1.916244e-02   0.000000e+00
 0.000000e+00   0.000000e+00  -9.257627e-01   0.000000e+00   0.000000e+00  -3.317730e-01  -1.916244e-02   8.158375e-01   0.000000e+00
-6.302592e-01   7.009697e-01   0.000000e+00  -2.622972e-01   2.714148e-01   0.000000e+00   0.000000e+00   0.000000e+00   7.492419e-01

# timestamp: 1774889724.1283903
 9.558773e-01  -1.060192e+00   0.000000e+00   3.304961e-01  -3.430018e-01   0.000000e+00   0.000000e+00   0.000000e+00  -6.335210e-01
-1.060192e+00   1.301398e+00   0.000000e+00  -3.699637e-01   3.999001e-01   0.000000e+00   0.000000e+00   0.000000e+00   7.043448e-01
 0.000000e+00   0.000000e+00   3.109686e+00   0.000000e+00   0.000000e+00   9.716235e-01   7.657374e-01  -9.298881e-01   0.000000e+00
 3.304961e-01  -3.699637e-01   0.000000e+00   1.226671e-01  -1.271789e-01   0.000000e+00   0.000000e+00   0.000000e+00  -2.631802e-01
-3.430018e-01   3.999001e-01   0.000000e+00  -1.271789e-01   1.346812e-01   0.000000e+00   0.000000e+00   0.000000e+00   2.723020e-01
 0.000000e+00   0.000000e+00   9.716235e-01   0.000000e+00   0.000000e+00   3.250246e-01   3.032938e-01  -3.327615e-01   0.000000e+00
 0.000000e+00   0.000000e+00   7.657374e-01   0.000000e+00   0.000000e+00   3.032938e-01   7.936216e-01  -1.916244e-02   0.000000e+00
 0.000000e+00   0.000000e+00  -9.298881e-01   0.000000e+00   0.000000e+00  -3.327615e-01  -1.916244e-02   8.170801e-01   0.000000e+00
-6.335210e-01   7.043448e-01   0.000000e+00  -2.631802e-01   2.723020e-01   0.000000e+00   0.000000e+00   0.000000e+00   7.504845e-01

# timestamp: 1774889724.1430442
 9.640134e-01  -1.068954e+00   0.000000e+00   3.327397e-01  -3.453042e-01   0.000000e+00   0.000000e+00   0.000000e+00  -6.367492e-01
-1.068954e+00   1.311238e+00   0.000000e+00  -3.723448e-01   4.023772e-01   0.000000e+00   0.000000e+00   0.000000e+00   7.076848e-01
 0.000000e+00   0.000000e+00   3.133575e+00   0.000000e+00   0.000000e+00   9.775919e-01   7.694574e-01  -9.339693e-01   0.000000e+00
 3.327397e-01  -3.723448e-01   0.000000e+00   1.232804e-01  -1.278030e-01   0.000000e+00   0.000000e+00   0.000000e+00  -2.640525e-01
-3.453042e-01   4.023772e-01   0.000000e+00  -1.278030e-01   1.353187e-01   0.000000e+00   0.000000e+00   0.000000e+00   2.731786e-01
 0.000000e+00   0.000000e+00   9.775919e-01   0.000000e+00   0.000000e+00   3.265086e-01   3.042386e-01  -3.337380e-01   0.000000e+00
 0.000000e+00   0.000000e+00   7.694574e-01   0.000000e+00   0.000000e+00   3.042386e-01   7.948472e-01  -1.916244e-02   0.000000e+00
 0.000000e+00   0.000000e+00  -9.339693e-01   0.000000e+00   0.000000e+00  -3.337380e-01  -1.916244e-02   8.183056e-01   0.000000e+00
-6.367492e-01   7.076848e-01   0.000000e+00  -2.640525e-01   2.731786e-01   0.000000e+00   0.000000e+00   0.000000e+00   7.517100e-01

# timestamp: 1774889724.1604428
 9.781604e-01  -1.084184e+00   0.000000e+00   3.366316e-01  -3.492980e-01   0.000000e+00   0.000000e+00   0.000000e+00  -6.423357e-01
-1.084184e+00   1.328334e+00   0.000000e+00  -3.764745e-01   4.066727e-01   0.000000e+00   0.000000e+00   0.000000e+00   7.134641e-01
 0.000000e+00   0.000000e+00   3.175077e+00   0.000000e+00   0.000000e+00   9.879393e-01   7.758934e-01  -9.410287e-01   0.000000e+00
 3.366316e-01  -3.764745e-01   0.000000e+00   1.243418e-01  -1.288832e-01   0.000000e+00   0.000000e+00   0.000000e+00  -2.655590e-01
-3.492980e-01   4.066727e-01   0.000000e+00  -1.288832e-01   1.364221e-01   0.000000e+00   0.000000e+00   0.000000e+00   2.746923e-01
 0.000000e+00   0.000000e+00   9.879393e-01   0.000000e+00   0.000000e+00   3.290761e-01   3.058698e-01  -3.354239e-01   0.000000e+00
 0.000000e+00   0.000000e+00   7.758934e-01   0.000000e+00   0.000000e+00   3.058698e-01   7.969589e-01  -1.916244e-02   0.000000e+00
 0.000000e+00   0.000000e+00  -9.410287e-01   0.000000e+00   0.000000e+00  -3.354239e-01  -1.916244e-02   8.204173e-01   0.000000e+00
-6.423357e-01   7.134641e-01   0.000000e+00  -2.655590e-01   2.746923e-01   0.000000e+00   0.000000e+00   0.000000e+00   7.538217e-01

# timestamp: 1774889724.1763084
 9.899269e-01  -1.096848e+00   0.000000e+00   3.398597e-01  -3.526102e-01   0.000000e+00   0.000000e+00   0.000000e+00  -6.469575e-01
-1.096848e+00   1.342539e+00   0.000000e+00  -3.798989e-01   4.102339e-01   0.000000e+00   0.000000e+00   0.000000e+00   7.182446e-01
 0.000000e+00   0.000000e+00   3.209562e+00   0.000000e+00   0.000000e+00   9.965158e-01   7.812163e-01  -9.468654e-01   0.000000e+00
 3.398597e-01  -3.798989e-01   0.000000e+00   1.252199e-01  -1.297767e-01   0.000000e+00   0.000000e+00   0.000000e+00  -2.668017e-01
-3.526102e-01   4.102339e-01   0.000000e+00  -1.297767e-01   1.373345e-01   0.000000e+00   0.000000e+00   0.000000e+00   2.759411e-01
 0.000000e+00   0.000000e+00   9.965158e-01   0.000000e+00   0.000000e+00   3.311989e-01   3.072153e-01  -3.368143e-01   0.000000e+00
 0.000000e+00   0.000000e+00   7.812163e-01   0.000000e+00   0.000000e+00   3.072153e-01   7.986966e-01  -1.916244e-02   0.000000e+00
 0.000000e+00   0.000000e+00  -9.468654e-01   0.000000e+00   0.000000e+00  -3.368143e-01  -1.916244e-02   8.221550e-01   0.000000e+00
-6.469575e-01   7.182446e-01   0.000000e+00  -2.668017e-01   2.759411e-01   0.000000e+00   0.000000e+00   0.000000e+00   7.555594e-01

# timestamp: 1774889724.1944811
 1.002443e+00  -1.110315e+00   0.000000e+00   3.432850e-01  -3.561245e-01   0.000000e+00   0.000000e+00   0.000000e+00  -6.518494e-01
-1.110315e+00   1.357638e+00   0.000000e+00  -3.835315e-01   4.140110e-01   0.000000e+00   0.000000e+00   0.000000e+00   7.233039e-01
 0.000000e+00   0.000000e+00   3.246211e+00   0.000000e+00   0.000000e+00   1.005610e+00   7.868486e-01  -9.530398e-01   0.000000e+00
 3.432850e-01  -3.835315e-01   0.000000e+00   1.261492e-01  -1.307223e-01   0.000000e+00   0.000000e+00   0.000000e+00  -2.681139e-01
-3.561245e-01   4.140110e-01   0.000000e+00  -1.307223e-01   1.383002e-01   0.000000e+00   0.000000e+00   0.000000e+00   2.772596e-01
 0.000000e+00   0.000000e+00   1.005610e+00   0.000000e+00   0.000000e+00   3.334448e-01   3.086357e-01  -3.382822e-01   0.000000e+00
 0.000000e+00   0.000000e+00   7.868486e-01   0.000000e+00   0.000000e+00   3.086357e-01   8.005271e-01  -1.916244e-02   0.000000e+00
 0.000000e+00   0.000000e+00  -9.530398e-01   0.000000e+00   0.000000e+00  -3.382822e-01  -1.916244e-02   8.239855e-01   0.000000e+00
-6.518494e-01   7.233039e-01   0.000000e+00  -2.681139e-01   2.772596e-01   0.000000e+00   0.000000e+00   0.000000e+00   7.573899e-01

# timestamp: 1774889724.2082257
 1.010667e+00  -1.119161e+00   0.000000e+00   3.455308e-01  -3.584285e-01   0.000000e+00   0.000000e+00   0.000000e+00  -6.550501e-01
-1.119161e+00   1.367551e+00   0.000000e+00  -3.859127e-01   4.164866e-01   0.000000e+00   0.000000e+00   0.000000e+00   7.266137e-01
 0.000000e+00   0.000000e+00   3.270273e+00   0.000000e+00   0.000000e+00   1.011570e+00   7.905329e-01  -9.570778e-01   0.000000e+00
 3.455308e-01  -3.859127e-01   0.000000e+00   1.267573e-01  -1.313409e-01   0.000000e+00   0.000000e+00   0.000000e+00  -2.689707e-01
-3.584285e-01   4.164866e-01   0.000000e+00  -1.313409e-01   1.389320e-01   0.000000e+00   0.000000e+00   0.000000e+00   2.781206e-01
 0.000000e+00   0.000000e+00   1.011570e+00   0.000000e+00   0.000000e+00   3.349138e-01   3.095630e-01  -3.392404e-01   0.000000e+00
 0.000000e+00   0.000000e+00   7.905329e-01   0.000000e+00   0.000000e+00   3.095630e-01   8.017200e-01  -1.916244e-02   0.000000e+00
 0.000000e+00   0.000000e+00  -9.570778e-01   0.000000e+00   0.000000e+00  -3.392404e-01  -1.916244e-02   8.251784e-01   0.000000e+00
-6.550501e-01   7.266137e-01   0.000000e+00  -2.689707e-01   2.781206e-01   0.000000e+00   0.000000e+00   0.000000e+00   7.585828e-01

# timestamp: 1774889724.3922982
 1.144944e+00  -1.263364e+00   0.000000e+00   3.816949e-01  -3.955110e-01   0.000000e+00   0.000000e+00   0.000000e+00  -7.058972e-01
-1.263364e+00   1.528680e+00   0.000000e+00  -4.242042e-01   4.562614e-01   0.000000e+00   0.000000e+00   0.000000e+00   7.791556e-01
 0.000000e+00   0.000000e+00   3.661191e+00   0.000000e+00   0.000000e+00   1.107196e+00   8.489707e-01  -1.021037e+00   0.000000e+00
 3.816949e-01  -4.242042e-01   0.000000e+00   1.364158e-01  -1.411649e-01   0.000000e+00   0.000000e+00   0.000000e+00  -2.824012e-01
-3.955110e-01   4.562614e-01   0.000000e+00  -1.411649e-01   1.489599e-01   0.000000e+00   0.000000e+00   0.000000e+00   2.916161e-01
 0.000000e+00   0.000000e+00   1.107196e+00   0.000000e+00   0.000000e+00   3.581946e-01   3.240844e-01  -3.542410e-01   0.000000e+00
 0.000000e+00   0.000000e+00   8.489707e-01   0.000000e+00   0.000000e+00   3.240844e-01   8.201793e-01  -1.916244e-02   0.000000e+00
 0.000000e+00   0.000000e+00  -1.021037e+00   0.000000e+00   0.000000e+00  -3.542410e-01  -1.916244e-02   8.436377e-01   0.000000e+00
-7.058972e-01   7.791556e-01   0.000000e+00  -2.824012e-01   2.916161e-01   0.000000e+00   0.000000e+00   0.000000e+00   7.770421e-01

# timestamp: 1774889724.443362
 1.184858e+00  -1.306151e+00   0.000000e+00   3.922740e-01  -4.063526e-01   0.000000e+00   0.000000e+00   0.000000e+00  -7.205367e-01
-1.306151e+00   1.576330e+00   0.000000e+00  -4.353879e-01   4.678668e-01   0.000000e+00   0.000000e+00   0.000000e+00   7.942704e-01
 0.000000e+00   0.000000e+00   3.776735e+00   0.000000e+00   0.000000e+00   1.135056e+00   8.657652e-01  -1.039388e+00   0.000000e+00
 3.922740e-01  -4.353879e-01   0.000000e+00   1.391968e-01  -1.439924e-01   0.000000e+00   0.000000e+00   0.000000e+00  -2.862087e-01
-4.063526e-01   4.678668e-01   0.000000e+00  -1.439924e-01   1.518447e-01   0.000000e+00   0.000000e+00   0.000000e+00   2.954420e-01
 0.000000e+00   0.000000e+00   1.135056e+00   0.000000e+00   0.000000e+00   3.648802e-01   3.281965e-01  -3.584872e-01   0.000000e+00
 0.000000e+00   0.000000e+00   8.657652e-01   0.000000e+00   0.000000e+00   3.281965e-01   8.253329e-01  -1.916244e-02   0.000000e+00
 0.000000e+00   0.000000e+00  -1.039388e+00   0.000000e+00   0.000000e+00  -3.584872e-01  -1.916244e-02   8.487913e-01   0.000000e+00
-7.205367e-01   7.942704e-01   0.000000e+00  -2.862087e-01   2.954420e-01   0.000000e+00   0.000000e+00   0.000000e+00   7.821957e-01

# timestamp: 1774889724.458679
 1.194959e+00  -1.316973e+00   0.000000e+00   3.949393e-01  -4.090838e-01   0.000000e+00   0.000000e+00   0.000000e+00  -7.242093e-01
-1.316973e+00   1.588372e+00   0.000000e+00  -4.382045e-01   4.707888e-01   0.000000e+00   0.000000e+00   0.000000e+00   7.980614e-01
 0.000000e+00   0.000000e+00   3.805929e+00   0.000000e+00   0.000000e+00   1.142068e+00   8.699764e-01  -1.043988e+00   0.000000e+00
 3.949393e-01  -4.382045e-01   0.000000e+00   1.398944e-01  -1.447017e-01   0.000000e+00   0.000000e+00   0.000000e+00  -2.871598e-01
-4.090838e-01   4.707888e-01   0.000000e+00  -1.447017e-01   1.525683e-01   0.000000e+00   0.000000e+00   0.000000e+00   2.963978e-01
 0.000000e+00   0.000000e+00   1.142068e+00   0.000000e+00   0.000000e+00   3.665562e-01   3.292234e-01  -3.595475e-01   0.000000e+00
 0.000000e+00   0.000000e+00   8.699764e-01   0.000000e+00   0.000000e+00   3.292234e-01   8.266150e-01  -1.916244e-02   0.000000e+00
 0.000000e+00   0.000000e+00  -1.043988e+00   0.000000e+00   0.000000e+00  -3.595475e-01  -1.916244e-02   8.500734e-01   0.000000e+00
-7.242093e-01   7.980614e-01   0.000000e+00  -2.871598e-01   2.963978e-01   0.000000e+00   0.000000e+00   0.000000e+00   7.834779e-01

# timestamp: 1774889724.4718094
 1.209614e+00  -1.332672e+00   0.000000e+00   3.987986e-01  -4.130380e-01   0.000000e+00   0.000000e+00   0.000000e+00  -7.295161e-01
-1.332672e+00   1.605832e+00   0.000000e+00  -4.422818e-01   4.750182e-01   0.000000e+00   0.000000e+00   0.000000e+00   8.035387e-01
 0.000000e+00   0.000000e+00   3.848258e+00   0.000000e+00   0.000000e+00   1.152215e+00   8.760600e-01  -1.050631e+00   0.000000e+00
 3.987986e-01  -4.422818e-01   0.000000e+00   1.409024e-01  -1.457265e-01   0.000000e+00   0.000000e+00   0.000000e+00  -2.885313e-01
-4.130380e-01   4.750182e-01   0.000000e+00  -1.457265e-01   1.536136e-01   0.000000e+00   0.000000e+00   0.000000e+00   2.977759e-01
 0.000000e+00   0.000000e+00   1.152215e+00   0.000000e+00   0.000000e+00   3.689770e-01   3.307040e-01  -3.610761e-01   0.000000e+00
 0.000000e+00   0.000000e+00   8.760600e-01   0.000000e+00   0.000000e+00   3.307040e-01   8.284601e-01  -1.916244e-02   0.000000e+00
 0.000000e+00   0.000000e+00  -1.050631e+00   0.000000e+00   0.000000e+00  -3.610761e-01  -1.916244e-02   8.519185e-01   0.000000e+00
-7.295161e-01   8.035387e-01   0.000000e+00  -2.885313e-01   2.977759e-01   0.000000e+00   0.000000e+00   0.000000e+00   7.853229e-01

# timestamp: 1774889724.486748
 1.219192e+00  -1.342928e+00   0.000000e+00   4.013154e-01  -4.156166e-01   0.000000e+00   0.000000e+00   0.000000e+00  -7.329699e-01
-1.342928e+00   1.617235e+00   0.000000e+00  -4.449403e-01   4.777755e-01   0.000000e+00   0.000000e+00   0.000000e+00   8.071030e-01
 0.000000e+00   0.000000e+00   3.875899e+00   0.000000e+00   0.000000e+00   1.158829e+00   8.800184e-01  -1.054953e+00   0.000000e+00
 4.013154e-01  -4.449403e-01   0.000000e+00   1.415584e-01  -1.463933e-01   0.000000e+00   0.000000e+00   0.000000e+00  -2.894221e-01
-4.156166e-01   4.777755e-01   0.000000e+00  -1.463933e-01   1.542939e-01   0.000000e+00   0.000000e+00   0.000000e+00   2.986710e-01
 0.000000e+00   0.000000e+00   1.158829e+00   0.000000e+00   0.000000e+00   3.705519e-01   3.316654e-01  -3.620687e-01   0.000000e+00
 0.000000e+00   0.000000e+00   8.800184e-01   0.000000e+00   0.000000e+00   3.316654e-01   8.296562e-01  -1.916244e-02   0.000000e+00
 0.000000e+00   0.000000e+00  -1.054953e+00   0.000000e+00   0.000000e+00  -3.620687e-01  -1.916244e-02   8.531146e-01   0.000000e+00
-7.329699e-01   8.071030e-01   0.000000e+00  -2.894221e-01   2.986710e-01   0.000000e+00   0.000000e+00   0.000000e+00   7.865190e-01

# timestamp: 1774889724.66909
 4.837128e-03  -1.728567e-04   0.000000e+00   1.171437e-03  -5.933082e-04   0.000000e+00   0.000000e+00   0.000000e+00  -3.042489e-04
-1.728567e-04   5.029831e-03   0.000000e+00   4.148152e-04   1.577813e-04   0.000000e+00   0.000000e+00   0.000000e+00  -4.278278e-03
 0.000000e+00   0.000000e+00   5.556191e-03   0.000000e+00   0.000000e+00  -9.147958e-04  -2.306599e-05   1.524573e-02   0.000000e+00
 1.171437e-03   4.148152e-04   0.000000e+00   5.428915e-03  -5.004337e-03   0.000000e+00   0.000000e+00   0.000000e+00  -1.697415e-02
-5.933082e-04   1.577813e-04   0.000000e+00  -5.004337e-03   5.511858e-03   0.000000e+00   0.000000e+00   0.000000e+00   1.710723e-02
 0.000000e+00   0.000000e+00  -9.147958e-04   0.000000e+00   0.000000e+00   1.975587e-02   2.182417e-02  -6.576110e-02   0.000000e+00
 0.000000e+00   0.000000e+00  -2.306599e-05   0.000000e+00   0.000000e+00   2.182417e-02   1.435234e-01   3.292958e-03   0.000000e+00
 0.000000e+00   0.000000e+00   1.524573e-02   0.000000e+00   0.000000e+00  -6.576110e-02   3.292958e-03   4.693503e-01   0.000000e+00
-3.042489e-04  -4.278278e-03   0.000000e+00  -1.697415e-02   1.710723e-02   0.000000e+00   0.000000e+00   0.000000e+00   1.242647e-01

# timestamp: 1774889724.7000005
 4.901100e-03  -1.778956e-04   0.000000e+00   1.272543e-03  -6.867953e-04   0.000000e+00   0.000000e+00   0.000000e+00  -6.197339e-04
-1.778956e-04   5.056144e-03   0.000000e+00   3.231352e-04   2.570344e-04   0.000000e+00   0.000000e+00   0.000000e+00  -3.960070e-03
 0.000000e+00   0.000000e+00   5.547502e-03   0.000000e+00   0.000000e+00  -5.588020e-04   3.825274e-04   1.402256e-02   0.000000e+00
 1.272543e-03   3.231352e-04   0.000000e+00   5.442252e-03  -5.023946e-03   0.000000e+00   0.000000e+00   0.000000e+00  -1.701660e-02
-6.867953e-04   2.570344e-04   0.000000e+00  -5.023946e-03   5.541610e-03   0.000000e+00   0.000000e+00   0.000000e+00   1.720941e-02
 0.000000e+00   0.000000e+00  -5.588020e-04   0.000000e+00   0.000000e+00   1.987970e-02   2.187044e-02  -6.614267e-02   0.000000e+00
 0.000000e+00   0.000000e+00   3.825274e-04   0.000000e+00   0.000000e+00   2.187044e-02   1.453809e-01   3.292958e-03   0.000000e+00
 0.000000e+00   0.000000e+00   1.402256e-02   0.000000e+00   0.000000e+00  -6.614267e-02   3.292958e-03   4.712079e-01   0.000000e+00
-6.197339e-04  -3.960070e-03   0.000000e+00  -1.701660e-02   1.720941e-02   0.000000e+00   0.000000e+00   0.000000e+00   1.261223e-01

# timestamp: 1774889724.7318494
 5.009428e-03  -1.928212e-04   0.000000e+00   1.432419e-03  -8.352189e-04   0.000000e+00   0.000000e+00   0.000000e+00  -1.117964e-03
-1.928212e-04   5.105072e-03   0.000000e+00   1.778584e-04   4.149238e-04   0.000000e+00   0.000000e+00   0.000000e+00  -3.455292e-03
 0.000000e+00   0.000000e+00   5.560777e-03   0.000000e+00   0.000000e+00   8.562771e-06   1.022747e-03   1.208272e-02   0.000000e+00
 1.432419e-03   1.778584e-04   0.000000e+00   5.463305e-03  -5.054955e-03   0.000000e+00   0.000000e+00   0.000000e+00  -1.708469e-02
-8.352189e-04   4.149238e-04   0.000000e+00  -5.054955e-03   5.588784e-03   0.000000e+00   0.000000e+00   0.000000e+00   1.737331e-02
 0.000000e+00   0.000000e+00   8.562771e-06   0.000000e+00   0.000000e+00   2.007595e-02   2.194456e-02  -6.674637e-02   0.000000e+00
 0.000000e+00   0.000000e+00   1.022747e-03   0.000000e+00   0.000000e+00   2.194456e-02   1.483050e-01   3.292958e-03   0.000000e+00
 0.000000e+00   0.000000e+00   1.208272e-02   0.000000e+00   0.000000e+00  -6.674637e-02   3.292958e-03   4.741320e-01   0.000000e+00
-1.117964e-03  -3.455292e-03   0.000000e+00  -1.708469e-02   1.737331e-02   0.000000e+00   0.000000e+00   0.000000e+00   1.290464e-01

# timestamp: 1774889724.7503593
 3.910280e-03   4.139018e-05   0.000000e+00   2.015561e-03  -1.565395e-03   0.000000e+00   0.000000e+00   0.000000e+00  -7.255558e-03
 4.139018e-05   3.477899e-03   0.000000e+00   9.628505e-05   3.378271e-04   0.000000e+00   0.000000e+00   0.000000e+00  -2.547312e-03
 0.000000e+00   0.000000e+00   4.370719e-03   0.000000e+00   0.000000e+00   1.111158e-03   8.124877e-03   1.094939e-02   0.000000e+00
 2.015561e-03   9.628505e-05   0.000000e+00   5.412928e-03  -4.939820e-03   0.000000e+00   0.000000e+00   0.000000e+00  -1.589886e-02
-1.565395e-03   3.378271e-04   0.000000e+00  -4.939820e-03   5.369184e-03   0.000000e+00   0.000000e+00   0.000000e+00   1.544296e-02
 0.000000e+00   0.000000e+00   1.111158e-03   0.000000e+00   0.000000e+00   2.039793e-02   2.172862e-02  -6.783219e-02   0.000000e+00
 0.000000e+00   0.000000e+00   8.124877e-03   0.000000e+00   0.000000e+00   2.172862e-02   1.257203e-01  -7.279582e-03   0.000000e+00
 0.000000e+00   0.000000e+00   1.094939e-02   0.000000e+00   0.000000e+00  -6.783219e-02  -7.279582e-03   4.751837e-01   0.000000e+00
-7.255558e-03  -2.547312e-03   0.000000e+00  -1.589886e-02   1.544296e-02   0.000000e+00   0.000000e+00   0.000000e+00   1.122378e-01

# timestamp: 1774889724.9968765
 1.565319e-03  -1.395912e-04   0.000000e+00   8.843412e-04  -6.987992e-04   0.000000e+00   0.000000e+00   0.000000e+00  -7.670016e-04
-1.395912e-04   1.551177e-03   0.000000e+00  -6.110657e-04   8.687844e-04   0.000000e+00   0.000000e+00   0.000000e+00   1.377928e-03
 0.000000e+00   0.000000e+00   2.329640e-03   0.000000e+00   0.000000e+00   4.462388e-03   2.838710e-03  -1.580649e-02   0.000000e+00
 8.843412e-04  -6.110657e-04   0.000000e+00   3.469701e-03  -3.215286e-03   0.000000e+00   0.000000e+00   0.000000e+00  -4.670194e-03
-6.987992e-04   8.687844e-04   0.000000e+00  -3.215286e-03   3.845963e-03   0.000000e+00   0.000000e+00   0.000000e+00   5.684849e-03
 0.000000e+00   0.000000e+00   4.462388e-03   0.000000e+00   0.000000e+00   2.069376e-02   1.445855e-02  -7.202203e-02   0.000000e+00
 0.000000e+00   0.000000e+00   2.838710e-03   0.000000e+00   0.000000e+00   1.445855e-02   6.210884e-02  -5.039646e-02   0.000000e+00
 0.000000e+00   0.000000e+00  -1.580649e-02   0.000000e+00   0.000000e+00  -7.202203e-02  -5.039646e-02   4.042540e-01   0.000000e+00
-7.670016e-04   1.377928e-03   0.000000e+00  -4.670194e-03   5.684849e-03   0.000000e+00   0.000000e+00   0.000000e+00   5.270399e-02

# timestamp: 1774889725.0260875
 1.638137e-03  -1.750872e-04   0.000000e+00   9.731267e-04  -7.834931e-04   0.000000e+00   0.000000e+00   0.000000e+00  -8.861705e-04
-1.750872e-04   1.623518e-03   0.000000e+00  -6.936468e-04   9.716931e-04   0.000000e+00   0.000000e+00   0.000000e+00   1.524162e-03
 0.000000e+00   0.000000e+00   2.596914e-03   0.000000e+00   0.000000e+00   5.047293e-03   3.208623e-03  -1.765227e-02   0.000000e+00
 9.731267e-04  -6.936468e-04   0.000000e+00   3.475465e-03  -3.231725e-03   0.000000e+00   0.000000e+00   0.000000e+00  -4.688897e-03
-7.834931e-04   9.716931e-04   0.000000e+00  -3.231725e-03   3.884155e-03   0.000000e+00   0.000000e+00   0.000000e+00   5.853039e-03
 0.000000e+00   0.000000e+00   5.047293e-03   0.000000e+00   0.000000e+00   2.115525e-02   1.463618e-02  -7.329365e-02   0.000000e+00
 0.000000e+00   0.000000e+00   3.208623e-03   0.000000e+00   0.000000e+00   1.463618e-02   6.465730e-02  -5.039646e-02   0.000000e+00
 0.000000e+00   0.000000e+00  -1.765227e-02   0.000000e+00   0.000000e+00  -7.329365e-02  -5.039646e-02   4.068024e-01   0.000000e+00
-8.861705e-04   1.524162e-03   0.000000e+00  -4.688897e-03   5.853039e-03   0.000000e+00   0.000000e+00   0.000000e+00   5.525245e-02

# timestamp: 1774889725.050893
 1.712494e-03  -2.132879e-04   0.000000e+00   1.058750e-03  -8.657475e-04   0.000000e+00   0.000000e+00   0.000000e+00  -1.001320e-03
-2.132879e-04   1.698124e-03   0.000000e+00  -7.735718e-04   1.072099e-03   0.000000e+00   0.000000e+00   0.000000e+00   1.669055e-03
 0.000000e+00   0.000000e+00   2.882692e-03   0.000000e+00   0.000000e+00   5.627012e-03   3.568965e-03  -1.945971e-02   0.000000e+00
 1.058750e-03  -7.735718e-04   0.000000e+00   3.481024e-03  -3.247657e-03   0.000000e+00   0.000000e+00   0.000000e+00  -4.707711e-03
-8.657475e-04   1.072099e-03   0.000000e+00  -3.247657e-03   3.921914e-03   0.000000e+00   0.000000e+00   0.000000e+00   6.022235e-03
 0.000000e+00   0.000000e+00   5.627012e-03   0.000000e+00   0.000000e+00   2.160695e-02   1.480795e-02  -7.452477e-02   0.000000e+00
 0.000000e+00   0.000000e+00   3.568965e-03   0.000000e+00   0.000000e+00   1.480795e-02   6.710991e-02  -5.039646e-02   0.000000e+00
 0.000000e+00   0.000000e+00  -1.945971e-02   0.000000e+00   0.000000e+00  -7.452477e-02  -5.039646e-02   4.092550e-01   0.000000e+00
-1.001320e-03   1.669055e-03   0.000000e+00  -4.707711e-03   6.022235e-03   0.000000e+00   0.000000e+00   0.000000e+00   5.770506e-02

# timestamp: 1774889725.0868752
 1.627850e-03  -2.361882e-04   0.000000e+00   1.120005e-03  -9.709935e-04   0.000000e+00   0.000000e+00   0.000000e+00  -2.161557e-03
-2.361882e-04   1.540657e-03   0.000000e+00  -7.508224e-04   1.028895e-03   0.000000e+00   0.000000e+00   0.000000e+00   1.413888e-03
 0.000000e+00   0.000000e+00   2.732229e-03   0.000000e+00   0.000000e+00   5.433863e-03   5.454460e-03  -1.776310e-02   0.000000e+00
 1.120005e-03  -7.508224e-04   0.000000e+00   3.402797e-03  -3.173841e-03   0.000000e+00   0.000000e+00   0.000000e+00  -4.707650e-03
-9.709935e-04   1.028895e-03   0.000000e+00  -3.173841e-03   3.848248e-03   0.000000e+00   0.000000e+00   0.000000e+00   5.931557e-03
 0.000000e+00   0.000000e+00   5.433863e-03   0.000000e+00   0.000000e+00   2.045517e-02   1.740535e-02  -6.884794e-02   0.000000e+00
 0.000000e+00   0.000000e+00   5.454460e-03   0.000000e+00   0.000000e+00   1.740535e-02   6.788533e-02  -5.987595e-02   0.000000e+00
 0.000000e+00   0.000000e+00  -1.776310e-02   0.000000e+00   0.000000e+00  -6.884794e-02  -5.987595e-02   3.815884e-01   0.000000e+00
-2.161557e-03   1.413888e-03   0.000000e+00  -4.707650e-03   5.931557e-03   0.000000e+00   0.000000e+00   0.000000e+00   5.482400e-02

# timestamp: 1774889725.3123083
 1.411019e-03  -2.778063e-04   0.000000e+00   1.006491e-03  -7.981172e-04   0.000000e+00   0.000000e+00   0.000000e+00   3.874972e-04
-2.778063e-04   1.442811e-03   0.000000e+00  -7.976425e-04   1.177105e-03   0.000000e+00   0.000000e+00   0.000000e+00   1.389240e-03
 0.000000e+00   0.000000e+00   3.185385e-03   0.000000e+00   0.000000e+00   6.251555e-03   2.081203e-03  -2.093879e-02   0.000000e+00
 1.006491e-03  -7.976425e-04   0.000000e+00   2.577774e-03  -2.317153e-03   0.000000e+00   0.000000e+00   0.000000e+00  -7.754752e-04
-7.981172e-04   1.177105e-03   0.000000e+00  -2.317153e-03   3.220821e-03   0.000000e+00   0.000000e+00   0.000000e+00   4.176940e-03
 0.000000e+00   0.000000e+00   6.251555e-03   0.000000e+00   0.000000e+00   1.813127e-02   8.257339e-03  -6.251154e-02   0.000000e+00
 0.000000e+00   0.000000e+00   2.081203e-03   0.000000e+00   0.000000e+00   8.257339e-03   5.716611e-02  -4.218084e-02   0.000000e+00
 0.000000e+00   0.000000e+00  -2.093879e-02   0.000000e+00   0.000000e+00  -6.251154e-02  -4.218084e-02   3.352004e-01   0.000000e+00
 3.874972e-04   1.389240e-03   0.000000e+00  -7.754752e-04   4.176940e-03   0.000000e+00   0.000000e+00   0.000000e+00   4.973220e-02

# timestamp: 1774889725.3425498
 1.478879e-03  -3.141712e-04   0.000000e+00   1.064193e-03  -8.473767e-04   0.000000e+00   0.000000e+00   0.000000e+00   3.710710e-04
-3.141712e-04   1.518627e-03   0.000000e+00  -8.460486e-04   1.256046e-03   0.000000e+00   0.000000e+00   0.000000e+00   1.483457e-03
 0.000000e+00   0.000000e+00   3.494284e-03   0.000000e+00   0.000000e+00   6.764136e-03   2.264462e-03  -2.233236e-02   0.000000e+00
 1.064193e-03  -8.460486e-04   0.000000e+00   2.577207e-03  -2.312633e-03   0.000000e+00   0.000000e+00   0.000000e+00  -6.776433e-04
-8.473767e-04   1.256046e-03   0.000000e+00  -2.312633e-03   3.266974e-03   0.000000e+00   0.000000e+00   0.000000e+00   4.438176e-03
 0.000000e+00   0.000000e+00   6.764136e-03   0.000000e+00   0.000000e+00   1.874788e-02   8.360491e-03  -6.414852e-02   0.000000e+00
 0.000000e+00   0.000000e+00   2.264462e-03   0.000000e+00   0.000000e+00   8.360491e-03   5.937621e-02  -4.218084e-02   0.000000e+00
 0.000000e+00   0.000000e+00  -2.233236e-02   0.000000e+00   0.000000e+00  -6.414852e-02  -4.218084e-02   3.374105e-01   0.000000e+00
 3.710710e-04   1.483457e-03   0.000000e+00  -6.776433e-04   4.438176e-03   0.000000e+00   0.000000e+00   0.000000e+00   5.194229e-02

# timestamp: 1774889725.3700428
 1.429188e-03  -3.398201e-04   0.000000e+00   1.037961e-03  -9.076483e-04   0.000000e+00   0.000000e+00   0.000000e+00  -6.931897e-04
-3.398201e-04   1.467012e-03   0.000000e+00  -8.193660e-04   1.237475e-03   0.000000e+00   0.000000e+00   0.000000e+00   1.386494e-03
 0.000000e+00   0.000000e+00   3.176134e-03   0.000000e+00   0.000000e+00   6.023962e-03   4.427935e-03  -1.907966e-02   0.000000e+00
 1.037961e-03  -8.193660e-04   0.000000e+00   2.427444e-03  -2.181889e-03   0.000000e+00   0.000000e+00   0.000000e+00  -8.874395e-04
-9.076483e-04   1.237475e-03   0.000000e+00  -2.181889e-03   3.219630e-03   0.000000e+00   0.000000e+00   0.000000e+00   4.840300e-03
 0.000000e+00   0.000000e+00   6.023962e-03   0.000000e+00   0.000000e+00   1.673020e-02   1.176344e-02  -5.647837e-02   0.000000e+00
 0.000000e+00   0.000000e+00   4.427935e-03   0.000000e+00   0.000000e+00   1.176344e-02   6.157009e-02  -5.253455e-02   0.000000e+00
 0.000000e+00   0.000000e+00  -1.907966e-02   0.000000e+00   0.000000e+00  -5.647837e-02  -5.253455e-02   3.037090e-01   0.000000e+00
-6.931897e-04   1.386494e-03   0.000000e+00  -8.874395e-04   4.840300e-03   0.000000e+00   0.000000e+00   0.000000e+00   4.991784e-02

# timestamp: 1774889725.6201406
 1.218111e-03  -2.702796e-04   0.000000e+00   8.445811e-04  -6.107841e-04   0.000000e+00   0.000000e+00   0.000000e+00   2.699876e-04
-2.702796e-04   1.293373e-03   0.000000e+00  -5.860116e-04   1.107680e-03   0.000000e+00   0.000000e+00   0.000000e+00   1.221532e-03
 0.000000e+00   0.000000e+00   2.563005e-03   0.000000e+00   0.000000e+00   4.668968e-03   2.960920e-03  -1.404701e-02   0.000000e+00
 8.445811e-04  -5.860116e-04   0.000000e+00   1.842664e-03  -1.297965e-03   0.000000e+00   0.000000e+00   0.000000e+00   1.189285e-03
-6.107841e-04   1.107680e-03   0.000000e+00  -1.297965e-03   2.738073e-03   0.000000e+00   0.000000e+00   0.000000e+00   4.711547e-03
 0.000000e+00   0.000000e+00   4.668968e-03   0.000000e+00   0.000000e+00   1.291149e-02   8.760242e-03  -4.377177e-02   0.000000e+00
 0.000000e+00   0.000000e+00   2.960920e-03   0.000000e+00   0.000000e+00   8.760242e-03   5.858012e-02  -5.015341e-02   0.000000e+00
 0.000000e+00   0.000000e+00  -1.404701e-02   0.000000e+00   0.000000e+00  -4.377177e-02  -5.015341e-02   2.332426e-01   0.000000e+00
 2.699876e-04   1.221532e-03   0.000000e+00   1.189285e-03   4.711547e-03   0.000000e+00   0.000000e+00   0.000000e+00   4.461684e-02

# timestamp: 1774889725.6446059
 1.296904e-03  -3.056249e-04   0.000000e+00   8.990695e-04  -6.448108e-04   0.000000e+00   0.000000e+00   0.000000e+00   3.064710e-04
-3.056249e-04   1.388274e-03   0.000000e+00  -6.167270e-04   1.200275e-03   0.000000e+00   0.000000e+00   0.000000e+00   1.361696e-03
 0.000000e+00   0.000000e+00   2.873498e-03   0.000000e+00   0.000000e+00   5.179674e-03   3.214796e-03  -1.532645e-02   0.000000e+00
 8.990695e-04  -6.167270e-04   0.000000e+00   1.857816e-03  -1.261834e-03   0.000000e+00   0.000000e+00   0.000000e+00   1.408841e-03
-6.448108e-04   1.200275e-03   0.000000e+00  -1.261834e-03   2.838136e-03   0.000000e+00   0.000000e+00   0.000000e+00   5.168368e-03
 0.000000e+00   0.000000e+00   5.179674e-03   0.000000e+00   0.000000e+00   1.371244e-02   8.968222e-03  -4.584772e-02   0.000000e+00
 0.000000e+00   0.000000e+00   3.214796e-03   0.000000e+00   0.000000e+00   8.968222e-03   6.145242e-02  -5.015341e-02   0.000000e+00
 0.000000e+00   0.000000e+00  -1.532645e-02   0.000000e+00   0.000000e+00  -4.584772e-02  -5.015341e-02   2.361149e-01   0.000000e+00
 3.064710e-04   1.361696e-03   0.000000e+00   1.408841e-03   5.168368e-03   0.000000e+00   0.000000e+00   0.000000e+00   4.748914e-02

# timestamp: 1774889725.6722429
 1.218424e-03  -2.880876e-04   0.000000e+00   8.085944e-04  -6.569505e-04   0.000000e+00   0.000000e+00   0.000000e+00  -4.228398e-04
-2.880876e-04   1.291807e-03   0.000000e+00  -5.629851e-04   1.097635e-03   0.000000e+00   0.000000e+00   0.000000e+00   1.042767e-03
 0.000000e+00   0.000000e+00   2.401377e-03   0.000000e+00   0.000000e+00   4.132287e-03   4.333349e-03  -1.149032e-02   0.000000e+00
 8.085944e-04  -5.629851e-04   0.000000e+00   1.736438e-03  -1.156273e-03   0.000000e+00   0.000000e+00   0.000000e+00   1.125816e-03
-6.569505e-04   1.097635e-03   0.000000e+00  -1.156273e-03   2.742237e-03   0.000000e+00   0.000000e+00   0.000000e+00   5.023988e-03
 0.000000e+00   0.000000e+00   4.132287e-03   0.000000e+00   0.000000e+00   1.144307e-02   1.079133e-02  -3.789035e-02   0.000000e+00
 0.000000e+00   0.000000e+00   4.333349e-03   0.000000e+00   0.000000e+00   1.079133e-02   6.390440e-02  -5.529251e-02   0.000000e+00
 0.000000e+00   0.000000e+00  -1.149032e-02   0.000000e+00   0.000000e+00  -3.789035e-02  -5.529251e-02   2.060179e-01   0.000000e+00
-4.228398e-04   1.042767e-03   0.000000e+00   1.125816e-03   5.023988e-03   0.000000e+00   0.000000e+00   0.000000e+00   4.411493e-02

# timestamp: 1774889726.077394
 1.090462e-03  -1.809167e-04   0.000000e+00   6.548048e-04  -3.021835e-04   0.000000e+00   0.000000e+00   0.000000e+00   4.987969e-05
-1.809167e-04   1.208157e-03   0.000000e+00  -2.504294e-04   1.024656e-03   0.000000e+00   0.000000e+00   0.000000e+00   9.036196e-04
 0.000000e+00   0.000000e+00   1.931795e-03   0.000000e+00   0.000000e+00   3.061018e-03   3.752786e-03  -7.434848e-03   0.000000e+00
 6.548048e-04  -2.504294e-04   0.000000e+00   1.372219e-03  -1.551909e-04   0.000000e+00   0.000000e+00   0.000000e+00   2.221134e-03
-3.021835e-04   1.024656e-03   0.000000e+00  -1.551909e-04   2.657188e-03   0.000000e+00   0.000000e+00   0.000000e+00   5.458202e-03
 0.000000e+00   0.000000e+00   3.061018e-03   0.000000e+00   0.000000e+00   9.056151e-03   1.046106e-02  -2.874966e-02   0.000000e+00
 0.000000e+00   0.000000e+00   3.752786e-03   0.000000e+00   0.000000e+00   1.046106e-02   7.049341e-02  -5.512707e-02   0.000000e+00
 0.000000e+00   0.000000e+00  -7.434848e-03   0.000000e+00   0.000000e+00  -2.874966e-02  -5.512707e-02   1.480270e-01   0.000000e+00
 4.987969e-05   9.036196e-04   0.000000e+00   2.221134e-03   5.458202e-03   0.000000e+00   0.000000e+00   0.000000e+00   4.095636e-02

# timestamp: 1774889726.3740742
 1.064227e-03  -9.724376e-05   0.000000e+00   6.161642e-04  -7.530631e-05   0.000000e+00   0.000000e+00   0.000000e+00   2.975975e-04
-9.724376e-05   1.210903e-03   0.000000e+00  -8.950378e-05   1.033267e-03   0.000000e+00   0.000000e+00   0.000000e+00   6.846798e-04
 0.000000e+00   0.000000e+00   1.682138e-03   0.000000e+00   0.000000e+00   2.325603e-03   3.086098e-03  -3.962776e-03   0.000000e+00
 6.161642e-04  -8.950378e-05   0.000000e+00   1.194072e-03   2.105814e-04   0.000000e+00   0.000000e+00   0.000000e+00   1.869698e-03
-7.530631e-05   1.033267e-03   0.000000e+00   2.105814e-04   2.747747e-03   0.000000e+00   0.000000e+00   0.000000e+00   5.513726e-03
 0.000000e+00   0.000000e+00   2.325603e-03   0.000000e+00   0.000000e+00   6.832640e-03   1.002901e-02  -1.798869e-02   0.000000e+00
 0.000000e+00   0.000000e+00   3.086098e-03   0.000000e+00   0.000000e+00   1.002901e-02   8.978340e-02  -4.847496e-02   0.000000e+00
 0.000000e+00   0.000000e+00  -3.962776e-03   0.000000e+00   0.000000e+00  -1.798869e-02  -4.847496e-02   9.204817e-02   0.000000e+00
 2.975975e-04   6.846798e-04   0.000000e+00   1.869698e-03   5.513726e-03   0.000000e+00   0.000000e+00   0.000000e+00   4.067573e-02

# timestamp: 1774889726.6534698
 1.148193e-03  -1.472681e-05   0.000000e+00   6.376350e-04   1.200466e-04   0.000000e+00   0.000000e+00   0.000000e+00   6.566279e-04
-1.472681e-05   1.413454e-03   0.000000e+00   6.620129e-05   1.347092e-03   0.000000e+00   0.000000e+00   0.000000e+00   1.754009e-03
 0.000000e+00   0.000000e+00   1.927295e-03   0.000000e+00   0.000000e+00   2.602693e-03   3.162452e-03  -4.633644e-03   0.000000e+00
 6.376350e-04   6.620129e-05   0.000000e+00   1.086172e-03   4.510161e-04   0.000000e+00   0.000000e+00   0.000000e+00   1.809597e-03
 1.200466e-04   1.347092e-03   0.000000e+00   4.510161e-04   3.229170e-03   0.000000e+00   0.000000e+00   0.000000e+00   7.028765e-03
 0.000000e+00   0.000000e+00   2.602693e-03   0.000000e+00   0.000000e+00   6.557635e-03   9.737423e-03  -1.577072e-02   0.000000e+00
 0.000000e+00   0.000000e+00   3.162452e-03   0.000000e+00   0.000000e+00   9.737423e-03   1.131166e-01  -4.358119e-02   0.000000e+00
 0.000000e+00   0.000000e+00  -4.633644e-03   0.000000e+00   0.000000e+00  -1.577072e-02  -4.358119e-02   7.734697e-02   0.000000e+00
 6.566279e-04   1.754009e-03   0.000000e+00   1.809597e-03   7.028765e-03   0.000000e+00   0.000000e+00   0.000000e+00   4.662065e-02

# timestamp: 1774889726.7264469
 1.065244e-03   8.210479e-07   0.000000e+00   5.809247e-04   1.307914e-04   0.000000e+00   0.000000e+00   0.000000e+00   5.855104e-04
 8.210479e-07   1.300708e-03   0.000000e+00   7.842034e-05   1.232497e-03   0.000000e+00   0.000000e+00   0.000000e+00   1.602853e-03
 0.000000e+00   0.000000e+00   1.673766e-03   0.000000e+00   0.000000e+00   2.167197e-03   2.628833e-03  -3.661161e-03   0.000000e+00
 5.809247e-04   7.842034e-05   0.000000e+00   1.024840e-03   4.481800e-04   0.000000e+00   0.000000e+00   0.000000e+00   1.615728e-03
 1.307914e-04   1.232497e-03   0.000000e+00   4.481800e-04   3.064607e-03   0.000000e+00   0.000000e+00   0.000000e+00   6.479070e-03
 0.000000e+00   0.000000e+00   2.167197e-03   0.000000e+00   0.000000e+00   5.629428e-03   8.661893e-03  -1.307045e-02   0.000000e+00
 0.000000e+00   0.000000e+00   2.628833e-03   0.000000e+00   0.000000e+00   8.661893e-03   1.180849e-01  -4.086714e-02   0.000000e+00
 0.000000e+00   0.000000e+00  -3.661161e-03   0.000000e+00   0.000000e+00  -1.307045e-02  -4.086714e-02   6.721155e-02   0.000000e+00
 5.855104e-04   1.602853e-03   0.000000e+00   1.615728e-03   6.479070e-03   0.000000e+00   0.000000e+00   0.000000e+00   4.323271e-02

# timestamp: 1774889726.7785585
 1.170942e-03   1.215396e-05   0.000000e+00   6.323919e-04   1.643735e-04   0.000000e+00   0.000000e+00   0.000000e+00   6.653528e-04
 1.215396e-05   1.474410e-03   0.000000e+00   1.068888e-04   1.415158e-03   0.000000e+00   0.000000e+00   0.000000e+00   1.926181e-03
 0.000000e+00   0.000000e+00   1.943720e-03   0.000000e+00   0.000000e+00   2.505647e-03   3.048062e-03  -4.304298e-03   0.000000e+00
 6.323919e-04   1.068888e-04   0.000000e+00   1.041160e-03   5.016453e-04   0.000000e+00   0.000000e+00   0.000000e+00   1.773477e-03
 1.643735e-04   1.415158e-03   0.000000e+00   5.016453e-04   3.313326e-03   0.000000e+00   0.000000e+00   0.000000e+00   7.299339e-03
 0.000000e+00   0.000000e+00   2.505647e-03   0.000000e+00   0.000000e+00   6.056719e-03   8.973273e-03  -1.417639e-02   0.000000e+00
 0.000000e+00   0.000000e+00   3.048062e-03   0.000000e+00   0.000000e+00   8.973273e-03   1.228621e-01  -4.086714e-02   0.000000e+00
 0.000000e+00   0.000000e+00  -4.304298e-03   0.000000e+00   0.000000e+00  -1.417639e-02  -4.086714e-02   7.198877e-02   0.000000e+00
 6.653528e-04   1.926181e-03   0.000000e+00   1.773477e-03   7.299339e-03   0.000000e+00   0.000000e+00   0.000000e+00   4.800992e-02

# timestamp: 1774889727.0368047
 1.065244e-03   3.761831e-05   0.000000e+00   5.291739e-04   1.518100e-04   0.000000e+00   0.000000e+00   0.000000e+00   2.908726e-04
 3.761831e-05   1.354904e-03   0.000000e+00   1.185068e-04   1.262505e-03   0.000000e+00   0.000000e+00   0.000000e+00   1.531251e-03
 0.000000e+00   0.000000e+00   1.675351e-03   0.000000e+00   0.000000e+00   2.009099e-03   3.595058e-03  -3.249035e-03   0.000000e+00
 5.291739e-04   1.185068e-04   0.000000e+00   8.743361e-04   4.029337e-04   0.000000e+00   0.000000e+00   0.000000e+00   8.998269e-04
 1.518100e-04   1.262505e-03   0.000000e+00   4.029337e-04   2.950029e-03   0.000000e+00   0.000000e+00   0.000000e+00   6.047566e-03
 0.000000e+00   0.000000e+00   2.009099e-03   0.000000e+00   0.000000e+00   4.816586e-03   1.002892e-02  -1.095274e-02   0.000000e+00
 0.000000e+00   0.000000e+00   3.595058e-03   0.000000e+00   0.000000e+00   1.002892e-02   1.437998e-01  -4.217536e-02   0.000000e+00
 0.000000e+00   0.000000e+00  -3.249035e-03   0.000000e+00   0.000000e+00  -1.095274e-02  -4.217536e-02   6.265411e-02   0.000000e+00
 2.908726e-04   1.531251e-03   0.000000e+00   8.998269e-04   6.047566e-03   0.000000e+00   0.000000e+00   0.000000e+00   4.430700e-02

# timestamp: 1774889727.1225178
 1.041215e-03   3.873628e-05   0.000000e+00   4.991783e-04   1.303547e-04   0.000000e+00   0.000000e+00   0.000000e+00   1.427793e-04
 3.873628e-05   1.337051e-03   0.000000e+00   1.009838e-04   1.240900e-03   0.000000e+00   0.000000e+00   0.000000e+00   1.591463e-03
 0.000000e+00   0.000000e+00   1.674365e-03   0.000000e+00   0.000000e+00   2.062239e-03   4.445677e-03  -3.540456e-03   0.000000e+00
 4.991783e-04   1.009838e-04   0.000000e+00   8.165660e-04   3.018061e-04   0.000000e+00   0.000000e+00   0.000000e+00   2.696444e-04
 1.303547e-04   1.240900e-03   0.000000e+00   3.018061e-04   2.879503e-03   0.000000e+00   0.000000e+00   0.000000e+00   5.939174e-03
 0.000000e+00   0.000000e+00   2.062239e-03   0.000000e+00   0.000000e+00   5.010434e-03   1.286969e-02  -1.158926e-02   0.000000e+00
 0.000000e+00   0.000000e+00   4.445677e-03   0.000000e+00   0.000000e+00   1.286969e-02   1.519519e-01  -4.504719e-02   0.000000e+00
 0.000000e+00   0.000000e+00  -3.540456e-03   0.000000e+00   0.000000e+00  -1.158926e-02  -4.504719e-02   6.299775e-02   0.000000e+00
 1.427793e-04   1.591463e-03   0.000000e+00   2.696444e-04   5.939174e-03   0.000000e+00   0.000000e+00   0.000000e+00   4.388305e-02

# timestamp: 1774889727.4295633
 1.011635e-03   3.221286e-05   0.000000e+00   4.605035e-04   6.026058e-05   0.000000e+00   0.000000e+00   0.000000e+00  -2.212954e-04
 3.221286e-05   1.314238e-03   0.000000e+00  -7.030594e-06   1.169315e-03   0.000000e+00   0.000000e+00   0.000000e+00   1.363031e-03
 0.000000e+00   0.000000e+00   1.712956e-03   0.000000e+00   0.000000e+00   2.487598e-03   6.166879e-03  -3.738738e-03   0.000000e+00
 4.605035e-04  -7.030594e-06   0.000000e+00   8.576979e-04  -1.668638e-04   0.000000e+00   0.000000e+00   0.000000e+00  -2.297986e-03
 6.026058e-05   1.169315e-03   0.000000e+00  -1.668638e-04   2.643215e-03   0.000000e+00   0.000000e+00   0.000000e+00   5.379450e-03
 0.000000e+00   0.000000e+00   2.487598e-03   0.000000e+00   0.000000e+00   7.413755e-03   2.501841e-02  -1.453937e-02   0.000000e+00
 0.000000e+00   0.000000e+00   6.166879e-03   0.000000e+00   0.000000e+00   2.501841e-02   1.646852e-01  -4.859687e-02   0.000000e+00
 0.000000e+00   0.000000e+00  -3.738738e-03   0.000000e+00   0.000000e+00  -1.453937e-02  -4.859687e-02   6.335204e-02   0.000000e+00
-2.212954e-04   1.363031e-03   0.000000e+00  -2.297986e-03   5.379450e-03   0.000000e+00   0.000000e+00   0.000000e+00   4.365303e-02

# timestamp: 1774889727.4819305
 1.096598e-03   3.212860e-05   0.000000e+00   5.288429e-04  -2.534785e-06   0.000000e+00   0.000000e+00   0.000000e+00  -6.855301e-04
 3.212860e-05   1.403472e-03   0.000000e+00   4.890315e-06   1.143346e-03   0.000000e+00   0.000000e+00   0.000000e+00   5.867857e-04
 0.000000e+00   0.000000e+00   1.943298e-03   0.000000e+00   0.000000e+00   2.925376e-03   7.910000e-03  -3.011997e-03   0.000000e+00
 5.288429e-04   4.890315e-06   0.000000e+00   1.020667e-03  -3.382341e-04   0.000000e+00   0.000000e+00   0.000000e+00  -3.477816e-03
-2.534785e-06   1.143346e-03   0.000000e+00  -3.382341e-04   2.550921e-03   0.000000e+00   0.000000e+00   0.000000e+00   5.030501e-03
 0.000000e+00   0.000000e+00   2.925376e-03   0.000000e+00   0.000000e+00   8.896320e-03   3.029916e-02  -1.427354e-02   0.000000e+00
 0.000000e+00   0.000000e+00   7.910000e-03   0.000000e+00   0.000000e+00   3.029916e-02   1.724659e-01  -4.380807e-02   0.000000e+00
 0.000000e+00   0.000000e+00  -3.011997e-03   0.000000e+00   0.000000e+00  -1.427354e-02  -4.380807e-02   6.177518e-02   0.000000e+00
-6.855301e-04   5.867857e-04   0.000000e+00  -3.477816e-03   5.030501e-03   0.000000e+00   0.000000e+00   0.000000e+00   4.628792e-02

# timestamp: 1774889727.7740362
 1.002546e-03  -1.810219e-06   0.000000e+00   5.407846e-04  -1.124353e-04   0.000000e+00   0.000000e+00   0.000000e+00  -9.168524e-04
-1.810219e-06   1.229328e-03   0.000000e+00  -8.243832e-05   9.612203e-04   0.000000e+00   0.000000e+00   0.000000e+00   3.582115e-04
 0.000000e+00   0.000000e+00   1.872050e-03   0.000000e+00   0.000000e+00   3.291490e-03   8.970037e-03  -2.398945e-03   0.000000e+00
 5.407846e-04  -8.243832e-05   0.000000e+00   1.279302e-03  -6.347906e-04   0.000000e+00   0.000000e+00   0.000000e+00  -4.166779e-03
-1.124353e-04   9.612203e-04   0.000000e+00  -6.347906e-04   2.222777e-03   0.000000e+00   0.000000e+00   0.000000e+00   4.103498e-03
 0.000000e+00   0.000000e+00   3.291490e-03   0.000000e+00   0.000000e+00   1.104011e-02   3.554437e-02  -1.217960e-02   0.000000e+00
 0.000000e+00   0.000000e+00   8.970037e-03   0.000000e+00   0.000000e+00   3.554437e-02   1.687708e-01  -3.280136e-02   0.000000e+00
 0.000000e+00   0.000000e+00  -2.398945e-03   0.000000e+00   0.000000e+00  -1.217960e-02  -3.280136e-02   5.047878e-02   0.000000e+00
-9.168524e-04   3.582115e-04   0.000000e+00  -4.166779e-03   4.103498e-03   0.000000e+00   0.000000e+00   0.000000e+00   4.172739e-02

# timestamp: 1774889727.8756835
 8.979575e-04  -1.753709e-05   0.000000e+00   4.698684e-04  -1.075760e-04   0.000000e+00   0.000000e+00   0.000000e+00  -5.306361e-04
-1.753709e-05   1.097188e-03   0.000000e+00  -1.490077e-04   8.943137e-04   0.000000e+00   0.000000e+00   0.000000e+00   8.409710e-04
 0.000000e+00   0.000000e+00   1.527514e-03   0.000000e+00   0.000000e+00   2.643205e-03   6.113586e-03  -2.865411e-03   0.000000e+00
 4.698684e-04  -1.490077e-04   0.000000e+00   1.231641e-03  -6.770365e-04   0.000000e+00   0.000000e+00   0.000000e+00  -3.528461e-03
-1.075760e-04   8.943137e-04   0.000000e+00  -6.770365e-04   2.128169e-03   0.000000e+00   0.000000e+00   0.000000e+00   4.001159e-03
 0.000000e+00   0.000000e+00   2.643205e-03   0.000000e+00   0.000000e+00   9.674589e-03   2.870586e-02  -1.316197e-02   0.000000e+00
 0.000000e+00   0.000000e+00   6.113586e-03   0.000000e+00   0.000000e+00   2.870586e-02   1.365963e-01  -3.603161e-02   0.000000e+00
 0.000000e+00   0.000000e+00  -2.865411e-03   0.000000e+00   0.000000e+00  -1.316197e-02  -3.603161e-02   5.128903e-02   0.000000e+00
-5.306361e-04   8.409710e-04   0.000000e+00  -3.528461e-03   4.001159e-03   0.000000e+00   0.000000e+00   0.000000e+00   3.734899e-02

# timestamp: 1774889728.14556
 1.044851e-03  -5.659963e-05   0.000000e+00   5.488057e-04  -1.992783e-04   0.000000e+00   0.000000e+00   0.000000e+00  -4.575121e-04
-5.659963e-05   1.271840e-03   0.000000e+00  -1.989395e-04   9.915237e-04   0.000000e+00   0.000000e+00   0.000000e+00   8.616629e-04
 0.000000e+00   0.000000e+00   1.782661e-03   0.000000e+00   0.000000e+00   2.568678e-03   4.225041e-03  -3.179096e-03   0.000000e+00
 5.488057e-04  -1.989395e-04   0.000000e+00   1.127104e-03  -7.148923e-04   0.000000e+00   0.000000e+00   0.000000e+00  -2.402251e-03
-1.992783e-04   9.915237e-04   0.000000e+00  -7.148923e-04   2.216594e-03   0.000000e+00   0.000000e+00   0.000000e+00   4.754347e-03
 0.000000e+00   0.000000e+00   2.568678e-03   0.000000e+00   0.000000e+00   7.425103e-03   1.603542e-02  -1.354564e-02   0.000000e+00
 0.000000e+00   0.000000e+00   4.225041e-03   0.000000e+00   0.000000e+00   1.603542e-02   8.927259e-02  -2.864037e-02   0.000000e+00
 0.000000e+00   0.000000e+00  -3.179096e-03   0.000000e+00   0.000000e+00  -1.354564e-02  -2.864037e-02   6.744197e-02   0.000000e+00
-4.575121e-04   8.616629e-04   0.000000e+00  -2.402251e-03   4.754347e-03   0.000000e+00   0.000000e+00   0.000000e+00   4.391480e-02

# timestamp: 1774889728.17117
 1.097553e-03  -6.694331e-05   0.000000e+00   5.765607e-04  -2.210823e-04   0.000000e+00   0.000000e+00   0.000000e+00  -5.169164e-04
-6.694331e-05   1.347298e-03   0.000000e+00  -2.163949e-04   1.054619e-03   0.000000e+00   0.000000e+00   0.000000e+00   9.824789e-04
 0.000000e+00   0.000000e+00   1.939831e-03   0.000000e+00   0.000000e+00   2.779522e-03   4.624188e-03  -3.519325e-03   0.000000e+00
 5.765607e-04  -2.163949e-04   0.000000e+00   1.127503e-03  -7.316999e-04   0.000000e+00   0.000000e+00   0.000000e+00  -2.382440e-03
-2.210823e-04   1.054619e-03   0.000000e+00  -7.316999e-04   2.297237e-03   0.000000e+00   0.000000e+00   0.000000e+00   5.115367e-03
 0.000000e+00   0.000000e+00   2.779522e-03   0.000000e+00   0.000000e+00   7.632385e-03   1.622277e-02  -1.408059e-02   0.000000e+00
 0.000000e+00   0.000000e+00   4.624188e-03   0.000000e+00   0.000000e+00   1.622277e-02   9.175215e-02  -2.864037e-02   0.000000e+00
 0.000000e+00   0.000000e+00  -3.519325e-03   0.000000e+00   0.000000e+00  -1.408059e-02  -2.864037e-02   6.992152e-02   0.000000e+00
-5.169164e-04   9.824789e-04   0.000000e+00  -2.382440e-03   5.115367e-03   0.000000e+00   0.000000e+00   0.000000e+00   4.639436e-02

# timestamp: 1774889728.2266388
 1.005625e-03  -5.678452e-05   0.000000e+00   5.151325e-04  -1.883143e-04   0.000000e+00   0.000000e+00   0.000000e+00  -2.486102e-04
-5.678452e-05   1.199496e-03   0.000000e+00  -1.778771e-04   9.126694e-04   0.000000e+00   0.000000e+00   0.000000e+00   6.941603e-04
 0.000000e+00   0.000000e+00   1.599842e-03   0.000000e+00   0.000000e+00   2.137309e-03   2.788832e-03  -2.739423e-03   0.000000e+00
 5.151325e-04  -1.778771e-04   0.000000e+00   1.019172e-03  -6.157909e-04   0.000000e+00   0.000000e+00   0.000000e+00  -1.478544e-03
-1.883143e-04   9.126694e-04   0.000000e+00  -6.157909e-04   2.136941e-03   0.000000e+00   0.000000e+00   0.000000e+00   4.529054e-03
 0.000000e+00   0.000000e+00   2.137309e-03   0.000000e+00   0.000000e+00   6.240360e-03   1.120591e-02  -1.305729e-02   0.000000e+00
 0.000000e+00   0.000000e+00   2.788832e-03   0.000000e+00   0.000000e+00   1.120591e-02   7.231045e-02  -2.585181e-02   0.000000e+00
 0.000000e+00   0.000000e+00  -2.739423e-03   0.000000e+00   0.000000e+00  -1.305729e-02  -2.585181e-02   7.164777e-02   0.000000e+00
-2.486102e-04   6.941603e-04   0.000000e+00  -1.478544e-03   4.529054e-03   0.000000e+00   0.000000e+00   0.000000e+00   4.171156e-02

# timestamp: 1774889728.471301
 9.972789e-04  -7.520956e-05   0.000000e+00   4.709148e-04  -2.383672e-04   0.000000e+00   0.000000e+00   0.000000e+00  -5.952737e-04
-7.520956e-05   1.155056e-03   0.000000e+00  -1.469148e-04   8.532925e-04   0.000000e+00   0.000000e+00   0.000000e+00   5.228510e-04
 0.000000e+00   0.000000e+00   1.585181e-03   0.000000e+00   0.000000e+00   1.956336e-03   3.078573e-03  -3.093444e-03   0.000000e+00
 4.709148e-04  -1.469148e-04   0.000000e+00   8.715267e-04  -3.136300e-04   0.000000e+00   0.000000e+00   0.000000e+00   5.604153e-04
-2.383672e-04   8.532925e-04   0.000000e+00  -3.136300e-04   2.130094e-03   0.000000e+00   0.000000e+00   0.000000e+00   4.630874e-03
 0.000000e+00   0.000000e+00   1.956336e-03   0.000000e+00   0.000000e+00   5.374179e-03   7.296197e-03  -1.428340e-02   0.000000e+00
 0.000000e+00   0.000000e+00   3.078573e-03   0.000000e+00   0.000000e+00   7.296197e-03   6.333144e-02  -2.822253e-02   0.000000e+00
 0.000000e+00   0.000000e+00  -3.093444e-03   0.000000e+00   0.000000e+00  -1.428340e-02  -2.822253e-02   8.687395e-02   0.000000e+00
-5.952737e-04   5.228510e-04   0.000000e+00   5.604153e-04   4.630874e-03   0.000000e+00   0.000000e+00   0.000000e+00   4.149456e-02

# timestamp: 1774889728.549577
 1.034539e-03  -7.348235e-05   0.000000e+00   4.996267e-04  -1.570500e-04   0.000000e+00   0.000000e+00   0.000000e+00   1.714548e-04
-7.348235e-05   1.225135e-03   0.000000e+00  -1.247295e-04   9.337666e-04   0.000000e+00   0.000000e+00   0.000000e+00   8.608782e-04
 0.000000e+00   0.000000e+00   1.621829e-03   0.000000e+00   0.000000e+00   1.981504e-03   1.589208e-03  -3.496222e-03   0.000000e+00
 4.996267e-04  -1.247295e-04   0.000000e+00   9.098346e-04  -1.517966e-04   0.000000e+00   0.000000e+00   0.000000e+00   1.602051e-03
-1.570500e-04   9.337666e-04   0.000000e+00  -1.517966e-04   2.226752e-03   0.000000e+00   0.000000e+00   0.000000e+00   5.056873e-03
 0.000000e+00   0.000000e+00   1.981504e-03   0.000000e+00   0.000000e+00   5.362644e-03   4.344622e-03  -1.510164e-02   0.000000e+00
 0.000000e+00   0.000000e+00   1.589208e-03   0.000000e+00   0.000000e+00   4.344622e-03   5.913505e-02  -2.434063e-02   0.000000e+00
 0.000000e+00   0.000000e+00  -3.496222e-03   0.000000e+00   0.000000e+00  -1.510164e-02  -2.434063e-02   9.280747e-02   0.000000e+00
 1.714548e-04   8.608782e-04   0.000000e+00   1.602051e-03   5.056873e-03   0.000000e+00   0.000000e+00   0.000000e+00   4.394153e-02

# timestamp: 1774889728.7890081
 9.303539e-04  -4.286237e-05   0.000000e+00   4.757077e-04  -3.364059e-05   0.000000e+00   0.000000e+00   0.000000e+00   5.922048e-04
-4.286237e-05   1.073140e-03   0.000000e+00  -2.282754e-05   8.137543e-04   0.000000e+00   0.000000e+00   0.000000e+00   7.177970e-04
 0.000000e+00   0.000000e+00   1.346710e-03   0.000000e+00   0.000000e+00   1.618347e-03   6.296732e-04  -3.215019e-03   0.000000e+00
 4.757077e-04  -2.282754e-05   0.000000e+00   1.093715e-03   2.886425e-04   0.000000e+00   0.000000e+00   0.000000e+00   3.245720e-03
-3.364059e-05   8.137543e-04   0.000000e+00   2.886425e-04   2.098792e-03   0.000000e+00   0.000000e+00   0.000000e+00   4.445732e-03
 0.000000e+00   0.000000e+00   1.618347e-03   0.000000e+00   0.000000e+00   4.938186e-03   1.504566e-03  -1.534021e-02   0.000000e+00
 0.000000e+00   0.000000e+00   6.296732e-04   0.000000e+00   0.000000e+00   1.504566e-03   5.073688e-02  -2.610972e-02   0.000000e+00
 0.000000e+00   0.000000e+00  -3.215019e-03   0.000000e+00   0.000000e+00  -1.534021e-02  -2.610972e-02   1.045381e-01   0.000000e+00
 5.922048e-04   7.177970e-04   0.000000e+00   3.245720e-03   4.445732e-03   0.000000e+00   0.000000e+00   0.000000e+00   3.909265e-02

# timestamp: 1774889728.8173268
 9.751691e-04  -4.391047e-05   0.000000e+00   5.059540e-04  -2.224502e-05   0.000000e+00   0.000000e+00   0.000000e+00   6.680390e-04
-4.391047e-05   1.133782e-03   0.000000e+00  -9.663709e-06   8.671793e-04   0.000000e+00   0.000000e+00   0.000000e+00   8.205004e-04
 0.000000e+00   0.000000e+00   1.445439e-03   0.000000e+00   0.000000e+00   1.750214e-03   6.620313e-04  -3.566175e-03   0.000000e+00
 5.059540e-04  -9.663709e-06   0.000000e+00   1.149613e-03   3.481999e-04   0.000000e+00   0.000000e+00   0.000000e+00   3.565618e-03
-2.224502e-05   8.671793e-04   0.000000e+00   3.481999e-04   2.164198e-03   0.000000e+00   0.000000e+00   0.000000e+00   4.725405e-03
 0.000000e+00   0.000000e+00   1.750214e-03   0.000000e+00   0.000000e+00   5.133435e-03   1.272751e-03  -1.586491e-02   0.000000e+00
 0.000000e+00   0.000000e+00   6.620313e-04   0.000000e+00   0.000000e+00   1.272751e-03   5.300067e-02  -2.610972e-02   0.000000e+00
 0.000000e+00   0.000000e+00  -3.566175e-03   0.000000e+00   0.000000e+00  -1.586491e-02  -2.610972e-02   1.068019e-01   0.000000e+00
 6.680390e-04   8.205004e-04   0.000000e+00   3.565618e-03   4.725405e-03   0.000000e+00   0.000000e+00   0.000000e+00   4.135644e-02

# timestamp: 1774889728.8359945
 1.023746e-03  -4.437171e-05   0.000000e+00   5.397977e-04  -8.205074e-06   0.000000e+00   0.000000e+00   0.000000e+00   7.554749e-04
-4.437171e-05   1.200115e-03   0.000000e+00   6.547128e-06   9.256931e-04   0.000000e+00   0.000000e+00   0.000000e+00   9.351736e-04
 0.000000e+00   0.000000e+00   1.555682e-03   0.000000e+00   0.000000e+00   1.895928e-03   6.903281e-04  -3.947641e-03   0.000000e+00
 5.397977e-04   6.547128e-06   0.000000e+00   1.213896e-03   4.156244e-04   0.000000e+00   0.000000e+00   0.000000e+00   3.921088e-03
-8.205074e-06   9.256931e-04   0.000000e+00   4.156244e-04   2.237152e-03   0.000000e+00   0.000000e+00   0.000000e+00   5.036176e-03
 0.000000e+00   0.000000e+00   1.895928e-03   0.000000e+00   0.000000e+00   5.350466e-03   1.009785e-03  -1.643301e-02   0.000000e+00
 0.000000e+00   0.000000e+00   6.903281e-04   0.000000e+00   0.000000e+00   1.009785e-03   5.537806e-02  -2.610972e-02   0.000000e+00
 0.000000e+00   0.000000e+00  -3.947641e-03   0.000000e+00   0.000000e+00  -1.643301e-02  -2.610972e-02   1.091793e-01   0.000000e+00
 7.554749e-04   9.351736e-04   0.000000e+00   3.921088e-03   5.036176e-03   0.000000e+00   0.000000e+00   0.000000e+00   4.373383e-02

# timestamp: 1774889728.8614545
 1.073991e-03  -4.405921e-05   0.000000e+00   5.760001e-04   8.164838e-06   0.000000e+00   0.000000e+00   0.000000e+00   8.516243e-04
-4.405921e-05   1.269300e-03   0.000000e+00   2.540163e-05   9.868604e-04   0.000000e+00   0.000000e+00   0.000000e+00   1.057471e-03
 0.000000e+00   0.000000e+00   1.673048e-03   0.000000e+00   0.000000e+00   2.049578e-03   7.121503e-04  -4.342950e-03   0.000000e+00
 5.760001e-04   2.540163e-05   0.000000e+00   1.284237e-03   4.883473e-04   0.000000e+00   0.000000e+00   0.000000e+00   4.296101e-03
 8.164838e-06   9.868604e-04   0.000000e+00   4.883473e-04   2.314741e-03   0.000000e+00   0.000000e+00   0.000000e+00   5.364034e-03
 0.000000e+00   0.000000e+00   2.049578e-03   0.000000e+00   0.000000e+00   5.580395e-03   7.272910e-04  -1.701823e-02   0.000000e+00
 0.000000e+00   0.000000e+00   7.121503e-04   0.000000e+00   0.000000e+00   7.272910e-04   5.775583e-02  -2.610972e-02   0.000000e+00
 0.000000e+00   0.000000e+00  -4.342950e-03   0.000000e+00   0.000000e+00  -1.701823e-02  -2.610972e-02   1.115571e-01   0.000000e+00
 8.516243e-04   1.057471e-03   0.000000e+00   4.296101e-03   5.364034e-03   0.000000e+00   0.000000e+00   0.000000e+00   4.611160e-02

# timestamp: 1774889729.1070457
 9.893651e-04   6.355227e-06   0.000000e+00   6.086005e-04   1.397207e-04   0.000000e+00   0.000000e+00   0.000000e+00   1.011458e-03
 6.355227e-06   1.128099e-03   0.000000e+00   1.431170e-04   8.757692e-04   0.000000e+00   0.000000e+00   0.000000e+00   8.934741e-04
 0.000000e+00   0.000000e+00   1.435920e-03   0.000000e+00   0.000000e+00   1.765568e-03   4.991628e-04  -4.020899e-03   0.000000e+00
 6.086005e-04   1.431170e-04   0.000000e+00   1.601925e-03   8.205595e-04   0.000000e+00   0.000000e+00   0.000000e+00   4.839443e-03
 1.397207e-04   8.757692e-04   0.000000e+00   8.205595e-04   2.133448e-03   0.000000e+00   0.000000e+00   0.000000e+00   4.526993e-03
 0.000000e+00   0.000000e+00   1.765568e-03   0.000000e+00   0.000000e+00   5.120467e-03   2.090950e-04  -1.583880e-02   0.000000e+00
 0.000000e+00   0.000000e+00   4.991628e-04   0.000000e+00   0.000000e+00   2.090950e-04   5.579570e-02  -3.357904e-02   0.000000e+00
 0.000000e+00   0.000000e+00  -4.020899e-03   0.000000e+00   0.000000e+00  -1.583880e-02  -3.357904e-02   1.197275e-01   0.000000e+00
 1.011458e-03   8.934741e-04   0.000000e+00   4.839443e-03   4.526993e-03   0.000000e+00   0.000000e+00   0.000000e+00   4.086457e-02

# timestamp: 1774889729.1332443
 1.050996e-03   1.481276e-05   0.000000e+00   6.641547e-04   1.709259e-04   0.000000e+00   0.000000e+00   0.000000e+00   1.146720e-03
 1.481276e-05   1.204570e-03   0.000000e+00   1.759938e-04   9.416436e-04   0.000000e+00   0.000000e+00   0.000000e+00   1.019253e-03
 0.000000e+00   0.000000e+00   1.563312e-03   0.000000e+00   0.000000e+00   1.933765e-03   5.019510e-04  -4.456223e-03   0.000000e+00
 6.641547e-04   1.759938e-04   0.000000e+00   1.706378e-03   9.051861e-04   0.000000e+00   0.000000e+00   0.000000e+00   5.269265e-03
 1.709259e-04   9.416436e-04   0.000000e+00   9.051861e-04   2.205636e-03   0.000000e+00   0.000000e+00   0.000000e+00   4.843594e-03
 0.000000e+00   0.000000e+00   1.933765e-03   0.000000e+00   0.000000e+00   5.361348e-03  -1.220302e-04  -1.640217e-02   0.000000e+00
 0.000000e+00   0.000000e+00   5.019510e-04   0.000000e+00   0.000000e+00  -1.220302e-04   5.851274e-02  -3.357904e-02   0.000000e+00
 0.000000e+00   0.000000e+00  -4.456223e-03   0.000000e+00   0.000000e+00  -1.640217e-02  -3.357904e-02   1.224446e-01   0.000000e+00
 1.146720e-03   1.019253e-03   0.000000e+00   5.269265e-03   4.843594e-03   0.000000e+00   0.000000e+00   0.000000e+00   4.358162e-02

# timestamp: 1774889729.1574368
 1.093440e-03   2.139106e-05   0.000000e+00   7.032459e-04   1.934091e-04   0.000000e+00   0.000000e+00   0.000000e+00   1.242575e-03
 2.139106e-05   1.257122e-03   0.000000e+00   1.997286e-04   9.868151e-04   0.000000e+00   0.000000e+00   0.000000e+00   1.107146e-03
 0.000000e+00   0.000000e+00   1.652644e-03   0.000000e+00   0.000000e+00   2.050411e-03   4.988234e-04  -4.752412e-03   0.000000e+00
 7.032459e-04   1.997286e-04   0.000000e+00   1.780314e-03   9.647295e-04   0.000000e+00   0.000000e+00   0.000000e+00   5.568663e-03
 1.934091e-04   9.868151e-04   0.000000e+00   9.647295e-04   2.256010e-03   0.000000e+00   0.000000e+00   0.000000e+00   5.064127e-03
 0.000000e+00   0.000000e+00   2.050411e-03   0.000000e+00   0.000000e+00   5.529050e-03  -3.561729e-04  -1.678587e-02   0.000000e+00
 0.000000e+00   0.000000e+00   4.988234e-04   0.000000e+00   0.000000e+00  -3.561729e-04   6.030915e-02  -3.357904e-02   0.000000e+00
 0.000000e+00   0.000000e+00  -4.752412e-03   0.000000e+00   0.000000e+00  -1.678587e-02  -3.357904e-02   1.242410e-01   0.000000e+00
 1.242575e-03   1.107146e-03   0.000000e+00   5.568663e-03   5.064127e-03   0.000000e+00   0.000000e+00   0.000000e+00   4.537803e-02

# timestamp: 1774889729.2024999
 1.055838e-03   9.741074e-06   0.000000e+00   6.191285e-04   1.316151e-04   0.000000e+00   0.000000e+00   0.000000e+00   5.457185e-04
 9.741074e-06   1.222950e-03   0.000000e+00   1.696592e-04   9.248376e-04   0.000000e+00   0.000000e+00   0.000000e+00   7.359544e-04
 0.000000e+00   0.000000e+00   1.580251e-03   0.000000e+00   0.000000e+00   1.831432e-03   1.549652e-03  -4.330157e-03   0.000000e+00
 6.191285e-04   1.696592e-04   0.000000e+00   1.726093e-03   9.172242e-04   0.000000e+00   0.000000e+00   0.000000e+00   5.043778e-03
 1.316151e-04   9.248376e-04   0.000000e+00   9.172242e-04   2.142680e-03   0.000000e+00   0.000000e+00   0.000000e+00   4.484363e-03
 0.000000e+00   0.000000e+00   1.831432e-03   0.000000e+00   0.000000e+00   5.081946e-03   7.586063e-04  -1.573727e-02   0.000000e+00
 0.000000e+00   0.000000e+00   1.549652e-03   0.000000e+00   0.000000e+00   7.586063e-04   6.134508e-02  -3.763847e-02   0.000000e+00
 0.000000e+00   0.000000e+00  -4.330157e-03   0.000000e+00   0.000000e+00  -1.573727e-02  -3.763847e-02   1.242960e-01   0.000000e+00
 5.457185e-04   7.359544e-04   0.000000e+00   5.043778e-03   4.484363e-03   0.000000e+00   0.000000e+00   0.000000e+00   4.294047e-02

# timestamp: 1774889729.4454901
 1.178276e-03   1.013076e-04   0.000000e+00   8.933885e-04   3.655110e-04   0.000000e+00   0.000000e+00   0.000000e+00   1.507533e-03
 1.013076e-04   1.283346e-03   0.000000e+00   3.617484e-04   9.859351e-04   0.000000e+00   0.000000e+00   0.000000e+00   1.099626e-03
 0.000000e+00   0.000000e+00   1.711959e-03   0.000000e+00   0.000000e+00   2.119599e-03   3.104571e-04  -5.164003e-03   0.000000e+00
 8.933885e-04   3.617484e-04   0.000000e+00   2.257179e-03   1.271338e-03   0.000000e+00   0.000000e+00   0.000000e+00   6.238581e-03
 3.655110e-04   9.859351e-04   0.000000e+00   1.271338e-03   2.112438e-03   0.000000e+00   0.000000e+00   0.000000e+00   4.637923e-03
 0.000000e+00   0.000000e+00   2.119599e-03   0.000000e+00   0.000000e+00   5.453672e-03  -1.262083e-03  -1.651058e-02   0.000000e+00
 0.000000e+00   0.000000e+00   3.104571e-04   0.000000e+00   0.000000e+00  -1.262083e-03   6.169344e-02  -3.756924e-02   0.000000e+00
 0.000000e+00   0.000000e+00  -5.164003e-03   0.000000e+00   0.000000e+00  -1.651058e-02  -3.756924e-02   1.401934e-01   0.000000e+00
 1.507533e-03   1.099626e-03   0.000000e+00   6.238581e-03   4.637923e-03   0.000000e+00   0.000000e+00   0.000000e+00   4.622364e-02

# timestamp: 1774889729.484028
 1.072137e-03   7.026334e-05   0.000000e+00   7.275311e-04   2.597468e-04   0.000000e+00   0.000000e+00   0.000000e+00   6.143936e-04
 7.026334e-05   1.181579e-03   0.000000e+00   2.801204e-04   8.701671e-04   0.000000e+00   0.000000e+00   0.000000e+00   6.266085e-04
 0.000000e+00   0.000000e+00   1.524146e-03   0.000000e+00   0.000000e+00   1.763808e-03   1.373723e-03  -4.465512e-03   0.000000e+00
 7.275311e-04   2.801204e-04   0.000000e+00   2.029982e-03   1.102475e-03   0.000000e+00   0.000000e+00   0.000000e+00   5.107100e-03
 2.597468e-04   8.701671e-04   0.000000e+00   1.102475e-03   1.936350e-03   0.000000e+00   0.000000e+00   0.000000e+00   3.768226e-03
 0.000000e+00   0.000000e+00   1.763808e-03   0.000000e+00   0.000000e+00   4.822416e-03   2.334452e-04  -1.518527e-02   0.000000e+00
 0.000000e+00   0.000000e+00   1.373723e-03   0.000000e+00   0.000000e+00   2.334452e-04   5.988117e-02  -4.137000e-02   0.000000e+00
 0.000000e+00   0.000000e+00  -4.465512e-03   0.000000e+00   0.000000e+00  -1.518527e-02  -4.137000e-02   1.386606e-01   0.000000e+00
 6.143936e-04   6.266085e-04   0.000000e+00   5.107100e-03   3.768226e-03   0.000000e+00   0.000000e+00   0.000000e+00   4.149678e-02

# timestamp: 1774889729.5236225
 1.089021e-03   9.464112e-05   0.000000e+00   8.332934e-04   3.427100e-04   0.000000e+00   0.000000e+00   0.000000e+00   1.369706e-03
 9.464112e-05   1.161673e-03   0.000000e+00   3.329047e-04   8.760612e-04   0.000000e+00   0.000000e+00   0.000000e+00   9.156552e-04
 0.000000e+00   0.000000e+00   1.507727e-03   0.000000e+00   0.000000e+00   1.851729e-03   1.926363e-04  -4.539020e-03   0.000000e+00
 8.332934e-04   3.329047e-04   0.000000e+00   2.191056e-03   1.205414e-03   0.000000e+00   0.000000e+00   0.000000e+00   5.695543e-03
 3.427100e-04   8.760612e-04   0.000000e+00   1.205414e-03   1.956413e-03   0.000000e+00   0.000000e+00   0.000000e+00   4.079127e-03
 0.000000e+00   0.000000e+00   1.851729e-03   0.000000e+00   0.000000e+00   5.026857e-03  -1.071387e-03  -1.553839e-02   0.000000e+00
 0.000000e+00   0.000000e+00   1.926363e-04   0.000000e+00   0.000000e+00  -1.071387e-03   5.730704e-02  -3.823410e-02   0.000000e+00
 0.000000e+00   0.000000e+00  -4.539020e-03   0.000000e+00   0.000000e+00  -1.553839e-02  -3.823410e-02   1.412675e-01   0.000000e+00
 1.369706e-03   9.156552e-04   0.000000e+00   5.695543e-03   4.079127e-03   0.000000e+00   0.000000e+00   0.000000e+00   4.214105e-02

# timestamp: 1774889729.8164053
 1.100227e-03   1.301940e-04   0.000000e+00   8.871249e-04   3.936113e-04   0.000000e+00   0.000000e+00   0.000000e+00   1.317708e-03
 1.301940e-04   1.111027e-03   0.000000e+00   3.773689e-04   7.952121e-04   0.000000e+00   0.000000e+00   0.000000e+00   8.245916e-04
 0.000000e+00   0.000000e+00   1.442127e-03   0.000000e+00   0.000000e+00   1.716220e-03   2.731440e-04  -4.364144e-03   0.000000e+00
 8.871249e-04   3.773689e-04   0.000000e+00   2.265483e-03   1.218602e-03   0.000000e+00   0.000000e+00   0.000000e+00   5.302522e-03
 3.936113e-04   7.952121e-04   0.000000e+00   1.218602e-03   1.735791e-03   0.000000e+00   0.000000e+00   0.000000e+00   3.615351e-03
 0.000000e+00   0.000000e+00   1.716220e-03   0.000000e+00   0.000000e+00   4.549196e-03  -6.568093e-04  -1.443644e-02   0.000000e+00
 0.000000e+00   0.000000e+00   2.731440e-04   0.000000e+00   0.000000e+00  -6.568093e-04   6.088694e-02  -4.706553e-02   0.000000e+00
 0.000000e+00   0.000000e+00  -4.364144e-03   0.000000e+00   0.000000e+00  -1.443644e-02  -4.706553e-02   1.527390e-01   0.000000e+00
 1.317708e-03   8.245916e-04   0.000000e+00   5.302522e-03   3.615351e-03   0.000000e+00   0.000000e+00   0.000000e+00   4.082614e-02

# timestamp: 1774889729.8497217
 1.231572e-03   1.681949e-04   0.000000e+00   1.013692e-03   4.656328e-04   0.000000e+00   0.000000e+00   0.000000e+00   1.568445e-03
 1.681949e-04   1.232535e-03   0.000000e+00   4.477584e-04   8.848104e-04   0.000000e+00   0.000000e+00   0.000000e+00   9.958256e-04
 0.000000e+00   0.000000e+00   1.654277e-03   0.000000e+00   0.000000e+00   1.972942e-03   2.364113e-04  -5.034151e-03   0.000000e+00
 1.013692e-03   4.477584e-04   0.000000e+00   2.429939e-03   1.329966e-03   0.000000e+00   0.000000e+00   0.000000e+00   5.925843e-03
 4.656328e-04   8.848104e-04   0.000000e+00   1.329966e-03   1.817856e-03   0.000000e+00   0.000000e+00   0.000000e+00   4.057562e-03
 0.000000e+00   0.000000e+00   1.972942e-03   0.000000e+00   0.000000e+00   4.879537e-03  -1.090148e-03  -1.533945e-02   0.000000e+00
 0.000000e+00   0.000000e+00   2.364113e-04   0.000000e+00   0.000000e+00  -1.090148e-03   6.542669e-02  -4.706553e-02   0.000000e+00
 0.000000e+00   0.000000e+00  -5.034151e-03   0.000000e+00   0.000000e+00  -1.533945e-02  -4.706553e-02   1.572787e-01   0.000000e+00
 1.568445e-03   9.958256e-04   0.000000e+00   5.925843e-03   4.057562e-03   0.000000e+00   0.000000e+00   0.000000e+00   4.536589e-02

# timestamp: 1774889730.176936
 1.157856e-03   1.533581e-04   0.000000e+00   8.581755e-04   3.753269e-04   0.000000e+00   0.000000e+00   0.000000e+00   5.156354e-04
 1.533581e-04   1.125556e-03   0.000000e+00   3.594329e-04   7.167988e-04   0.000000e+00   0.000000e+00   0.000000e+00   3.371867e-04
 0.000000e+00   0.000000e+00   1.441316e-03   0.000000e+00   0.000000e+00   1.488193e-03   1.326580e-03  -3.457752e-03   0.000000e+00
 8.581755e-04   3.594329e-04   0.000000e+00   2.056851e-03   1.093558e-03   0.000000e+00   0.000000e+00   0.000000e+00   4.183701e-03
 3.753269e-04   7.167988e-04   0.000000e+00   1.093558e-03   1.510042e-03   0.000000e+00   0.000000e+00   0.000000e+00   3.110742e-03
 0.000000e+00   0.000000e+00   1.488193e-03   0.000000e+00   0.000000e+00   3.744246e-03   8.341758e-04  -1.193979e-02   0.000000e+00
 0.000000e+00   0.000000e+00   1.326580e-03   0.000000e+00   0.000000e+00   8.341758e-04   7.876562e-02  -6.485530e-02   0.000000e+00
 0.000000e+00   0.000000e+00  -3.457752e-03   0.000000e+00   0.000000e+00  -1.193979e-02  -6.485530e-02   1.566842e-01   0.000000e+00
 5.156354e-04   3.371867e-04   0.000000e+00   4.183701e-03   3.110742e-03   0.000000e+00   0.000000e+00   0.000000e+00   4.179950e-02

# timestamp: 1774889730.6274614
 1.161272e-03   1.767595e-04   0.000000e+00   8.475002e-04   4.184570e-04   0.000000e+00   0.000000e+00   0.000000e+00   9.509894e-04
 1.767595e-04   1.095180e-03   0.000000e+00   3.985056e-04   6.994941e-04   0.000000e+00   0.000000e+00   0.000000e+00   8.640706e-04
 0.000000e+00   0.000000e+00   1.409210e-03   0.000000e+00   0.000000e+00   1.429477e-03   1.051260e-03  -3.419164e-03   0.000000e+00
 8.475002e-04   3.985056e-04   0.000000e+00   1.811793e-03   1.073043e-03   0.000000e+00   0.000000e+00   0.000000e+00   3.803208e-03
 4.184570e-04   6.994941e-04   0.000000e+00   1.073043e-03   1.510710e-03   0.000000e+00   0.000000e+00   0.000000e+00   3.852601e-03
 0.000000e+00   0.000000e+00   1.429477e-03   0.000000e+00   0.000000e+00   3.362252e-03   1.649526e-03  -1.083479e-02   0.000000e+00
 0.000000e+00   0.000000e+00   1.051260e-03   0.000000e+00   0.000000e+00   1.649526e-03   1.108954e-01  -8.383290e-02   0.000000e+00
 0.000000e+00   0.000000e+00  -3.419164e-03   0.000000e+00   0.000000e+00  -1.083479e-02  -8.383290e-02   1.464003e-01   0.000000e+00
 9.509894e-04   8.640706e-04   0.000000e+00   3.803208e-03   3.852601e-03   0.000000e+00   0.000000e+00   0.000000e+00   4.263061e-02

# timestamp: 1774889730.8367317
 1.167426e-03   1.832712e-04   0.000000e+00   8.083515e-04   4.167100e-04   0.000000e+00   0.000000e+00   0.000000e+00   9.096965e-04
 1.832712e-04   1.108698e-03   0.000000e+00   3.997773e-04   7.116902e-04   0.000000e+00   0.000000e+00   0.000000e+00   1.001210e-03
 0.000000e+00   0.000000e+00   1.420061e-03   0.000000e+00   0.000000e+00   1.404790e-03   1.292721e-03  -3.436397e-03   0.000000e+00
 8.083515e-04   3.997773e-04   0.000000e+00   1.646904e-03   1.037254e-03   0.000000e+00   0.000000e+00   0.000000e+00   3.478225e-03
 4.167100e-04   7.116902e-04   0.000000e+00   1.037254e-03   1.555814e-03   0.000000e+00   0.000000e+00   0.000000e+00   4.170812e-03
 0.000000e+00   0.000000e+00   1.404790e-03   0.000000e+00   0.000000e+00   3.238960e-03   2.526808e-03  -1.079998e-02   0.000000e+00
 0.000000e+00   0.000000e+00   1.292721e-03   0.000000e+00   0.000000e+00   2.526808e-03   1.291157e-01  -9.068181e-02   0.000000e+00
 0.000000e+00   0.000000e+00  -3.436397e-03   0.000000e+00   0.000000e+00  -1.079998e-02  -9.068181e-02   1.406845e-01   0.000000e+00
 9.096965e-04   1.001210e-03   0.000000e+00   3.478225e-03   4.170812e-03   0.000000e+00   0.000000e+00   0.000000e+00   4.375099e-02

# timestamp: 1774889730.9408047
 1.150230e-03   1.795345e-04   0.000000e+00   7.723102e-04   4.051672e-04   0.000000e+00   0.000000e+00   0.000000e+00   8.749374e-04
 1.795345e-04   1.100542e-03   0.000000e+00   3.901300e-04   7.084346e-04   0.000000e+00   0.000000e+00   0.000000e+00   1.042970e-03
 0.000000e+00   0.000000e+00   1.399018e-03   0.000000e+00   0.000000e+00   1.369368e-03   1.403981e-03  -3.420134e-03   0.000000e+00
 7.723102e-04   3.901300e-04   0.000000e+00   1.555393e-03   1.008347e-03   0.000000e+00   0.000000e+00   0.000000e+00   3.290905e-03
 4.051672e-04   7.084346e-04   0.000000e+00   1.008347e-03   1.574083e-03   0.000000e+00   0.000000e+00   0.000000e+00   4.260596e-03
 0.000000e+00   0.000000e+00   1.369368e-03   0.000000e+00   0.000000e+00   3.176108e-03   3.093544e-03  -1.089893e-02   0.000000e+00
 0.000000e+00   0.000000e+00   1.403981e-03   0.000000e+00   0.000000e+00   3.093544e-03   1.373359e-01  -9.468962e-02   0.000000e+00
 0.000000e+00   0.000000e+00  -3.420134e-03   0.000000e+00   0.000000e+00  -1.089893e-02  -9.468962e-02   1.391351e-01   0.000000e+00
 8.749374e-04   1.042970e-03   0.000000e+00   3.290905e-03   4.260596e-03   0.000000e+00   0.000000e+00   0.000000e+00   4.332343e-02

# timestamp: 1774889731.3699312
 9.591706e-04   1.290714e-04   0.000000e+00   5.608370e-04   3.018442e-04   0.000000e+00   0.000000e+00   0.000000e+00   5.133407e-04
 1.290714e-04   9.554761e-04   0.000000e+00   2.953484e-04   6.149836e-04   0.000000e+00   0.000000e+00   0.000000e+00   8.044822e-04
 0.000000e+00   0.000000e+00   1.158105e-03   0.000000e+00   0.000000e+00   1.108251e-03   1.948660e-03  -2.998983e-03   0.000000e+00
 5.608370e-04   2.953484e-04   0.000000e+00   1.153866e-03   7.895972e-04   0.000000e+00   0.000000e+00   0.000000e+00   2.138196e-03
 3.018442e-04   6.149836e-04   0.000000e+00   7.895972e-04   1.506259e-03   0.000000e+00   0.000000e+00   0.000000e+00   3.685704e-03
 0.000000e+00   0.000000e+00   1.108251e-03   0.000000e+00   0.000000e+00   2.851229e-03   6.489827e-03  -1.137048e-02   0.000000e+00
 0.000000e+00   0.000000e+00   1.948660e-03   0.000000e+00   0.000000e+00   6.489827e-03   1.638907e-01  -1.119207e-01   0.000000e+00
 0.000000e+00   0.000000e+00  -2.998983e-03   0.000000e+00   0.000000e+00  -1.137048e-02  -1.119207e-01   1.367525e-01   0.000000e+00
 5.133407e-04   8.044822e-04   0.000000e+00   2.138196e-03   3.685704e-03   0.000000e+00   0.000000e+00   0.000000e+00   3.754820e-02

# timestamp: 1774889731.6220548
 1.038126e-03   1.542073e-04   0.000000e+00   5.702861e-04   3.286882e-04   0.000000e+00   0.000000e+00   0.000000e+00   6.154525e-04
 1.542073e-04   1.066802e-03   0.000000e+00   3.220835e-04   7.112141e-04   0.000000e+00   0.000000e+00   0.000000e+00   1.080573e-03
 0.000000e+00   0.000000e+00   1.318933e-03   0.000000e+00   0.000000e+00   1.301833e-03   2.769158e-03  -3.973655e-03   0.000000e+00
 5.702861e-04   3.220835e-04   0.000000e+00   1.064608e-03   7.765289e-04   0.000000e+00   0.000000e+00   0.000000e+00   2.125537e-03
 3.286882e-04   7.112141e-04   0.000000e+00   7.765289e-04   1.632849e-03   0.000000e+00   0.000000e+00   0.000000e+00   4.243607e-03
 0.000000e+00   0.000000e+00   1.301833e-03   0.000000e+00   0.000000e+00   3.178007e-03   8.890207e-03  -1.365682e-02   0.000000e+00
 0.000000e+00   0.000000e+00   2.769158e-03   0.000000e+00   0.000000e+00   8.890207e-03   1.804976e-01  -1.177088e-01   0.000000e+00
 0.000000e+00   0.000000e+00  -3.973655e-03   0.000000e+00   0.000000e+00  -1.365682e-02  -1.177088e-01   1.425234e-01   0.000000e+00
 6.154525e-04   1.080573e-03   0.000000e+00   2.125537e-03   4.243607e-03   0.000000e+00   0.000000e+00   0.000000e+00   4.225332e-02

# timestamp: 1774889731.8553267
 1.099306e-03   1.721510e-04   0.000000e+00   5.652719e-04   3.402557e-04   0.000000e+00   0.000000e+00   0.000000e+00   6.016356e-04
 1.721510e-04   1.168326e-03   0.000000e+00   3.331064e-04   7.935646e-04   0.000000e+00   0.000000e+00   0.000000e+00   1.199127e-03
 0.000000e+00   0.000000e+00   1.476889e-03   0.000000e+00   0.000000e+00   1.510521e-03   3.804408e-03  -4.915015e-03   0.000000e+00
 5.652719e-04   3.331064e-04   0.000000e+00   9.749596e-04   7.402664e-04   0.000000e+00   0.000000e+00   0.000000e+00   1.977439e-03
 3.402557e-04   7.935646e-04   0.000000e+00   7.402664e-04   1.726937e-03   0.000000e+00   0.000000e+00   0.000000e+00   4.578783e-03
 0.000000e+00   0.000000e+00   1.510521e-03   0.000000e+00   0.000000e+00   3.575814e-03   1.159718e-02  -1.603915e-02   0.000000e+00
 0.000000e+00   0.000000e+00   3.804408e-03   0.000000e+00   0.000000e+00   1.159718e-02   1.909949e-01  -1.223444e-01   0.000000e+00
 0.000000e+00   0.000000e+00  -4.915015e-03   0.000000e+00   0.000000e+00  -1.603915e-02  -1.223444e-01   1.493087e-01   0.000000e+00
 6.016356e-04   1.199127e-03   0.000000e+00   1.977439e-03   4.578783e-03   0.000000e+00   0.000000e+00   0.000000e+00   4.601610e-02

# timestamp: 1774889731.8951347
 1.027710e-03   1.496098e-04   0.000000e+00   5.148598e-04   3.044334e-04   0.000000e+00   0.000000e+00   0.000000e+00   5.284608e-04
 1.496098e-04   1.096536e-03   0.000000e+00   2.984753e-04   7.393076e-04   0.000000e+00   0.000000e+00   0.000000e+00   1.069221e-03
 0.000000e+00   0.000000e+00   1.371860e-03   0.000000e+00   0.000000e+00   1.419586e-03   3.753061e-03  -4.713567e-03   0.000000e+00
 5.148598e-04   2.984753e-04   0.000000e+00   9.153993e-04   6.820522e-04   0.000000e+00   0.000000e+00   0.000000e+00   1.750776e-03
 3.044334e-04   7.393076e-04   0.000000e+00   6.820522e-04   1.661190e-03   0.000000e+00   0.000000e+00   0.000000e+00   4.228246e-03
 0.000000e+00   0.000000e+00   1.419586e-03   0.000000e+00   0.000000e+00   3.532406e-03   1.223938e-02  -1.615699e-02   0.000000e+00
 0.000000e+00   0.000000e+00   3.753061e-03   0.000000e+00   0.000000e+00   1.223938e-02   1.883861e-01  -1.239471e-01   0.000000e+00
 0.000000e+00   0.000000e+00  -4.713567e-03   0.000000e+00   0.000000e+00  -1.615699e-02  -1.239471e-01   1.489542e-01   0.000000e+00
 5.284608e-04   1.069221e-03   0.000000e+00   1.750776e-03   4.228246e-03   0.000000e+00   0.000000e+00   0.000000e+00   4.312299e-02

# timestamp: 1774889732.1940756
 9.564777e-04   1.246417e-04   0.000000e+00   4.403670e-04   2.525672e-04   0.000000e+00   0.000000e+00   0.000000e+00   3.631651e-04
 1.246417e-04   1.045731e-03   0.000000e+00   2.500432e-04   6.971349e-04   0.000000e+00   0.000000e+00   0.000000e+00   8.707720e-04
 0.000000e+00   0.000000e+00   1.324317e-03   0.000000e+00   0.000000e+00   1.453962e-03   4.329826e-03  -5.139082e-03   0.000000e+00
 4.403670e-04   2.500432e-04   0.000000e+00   7.888894e-04   5.690746e-04   0.000000e+00   0.000000e+00   0.000000e+00   1.345456e-03
 2.525672e-04   6.971349e-04   0.000000e+00   5.690746e-04   1.588426e-03   0.000000e+00   0.000000e+00   0.000000e+00   3.789913e-03
 0.000000e+00   0.000000e+00   1.453962e-03   0.000000e+00   0.000000e+00   3.844161e-03   1.448875e-02  -1.824466e-02   0.000000e+00
 0.000000e+00   0.000000e+00   4.329826e-03   0.000000e+00   0.000000e+00   1.448875e-02   1.766339e-01  -1.244428e-01   0.000000e+00
 0.000000e+00   0.000000e+00  -5.139082e-03   0.000000e+00   0.000000e+00  -1.824466e-02  -1.244428e-01   1.551361e-01   0.000000e+00
 3.631651e-04   8.707720e-04   0.000000e+00   1.345456e-03   3.789913e-03   0.000000e+00   0.000000e+00   0.000000e+00   4.085161e-02

# timestamp: 1774889732.2233775
 1.006521e-03   1.382958e-04   0.000000e+00   4.619198e-04   2.700149e-04   0.000000e+00   0.000000e+00   0.000000e+00   3.992295e-04
 1.382958e-04   1.109928e-03   0.000000e+00   2.668621e-04   7.450565e-04   0.000000e+00   0.000000e+00   0.000000e+00   9.726892e-04
 0.000000e+00   0.000000e+00   1.430238e-03   0.000000e+00   0.000000e+00   1.581300e-03   4.714732e-03  -5.625323e-03   0.000000e+00
 4.619198e-04   2.668621e-04   0.000000e+00   7.965742e-04   5.846005e-04   0.000000e+00   0.000000e+00   0.000000e+00   1.423267e-03
 2.700149e-04   7.450565e-04   0.000000e+00   5.846005e-04   1.638460e-03   0.000000e+00   0.000000e+00   0.000000e+00   4.047746e-03
 0.000000e+00   0.000000e+00   1.581300e-03   0.000000e+00   0.000000e+00   4.018211e-03   1.491588e-02  -1.896668e-02   0.000000e+00
 0.000000e+00   0.000000e+00   4.714732e-03   0.000000e+00   0.000000e+00   1.491588e-02   1.792649e-01  -1.244428e-01   0.000000e+00
 0.000000e+00   0.000000e+00  -5.625323e-03   0.000000e+00   0.000000e+00  -1.896668e-02  -1.244428e-01   1.577672e-01   0.000000e+00
 3.992295e-04   9.726892e-04   0.000000e+00   1.423267e-03   4.047746e-03   0.000000e+00   0.000000e+00   0.000000e+00   4.348268e-02

# timestamp: 1774889732.276449
 1.111783e-03   1.688989e-04   0.000000e+00   5.065894e-04   3.074851e-04   0.000000e+00   0.000000e+00   0.000000e+00   4.788553e-04
 1.688989e-04   1.248424e-03   0.000000e+00   3.029513e-04   8.486705e-04   0.000000e+00   0.000000e+00   0.000000e+00   1.200786e-03
 0.000000e+00   0.000000e+00   1.666938e-03   0.000000e+00   0.000000e+00   1.861611e-03   5.530359e-03  -6.670988e-03   0.000000e+00
 5.065894e-04   3.029513e-04   0.000000e+00   8.131197e-04   6.192206e-04   0.000000e+00   0.000000e+00   0.000000e+00   1.596812e-03
 3.074851e-04   8.486705e-04   0.000000e+00   6.192206e-04   1.750305e-03   0.000000e+00   0.000000e+00   0.000000e+00   4.622800e-03
 0.000000e+00   0.000000e+00   1.861611e-03   0.000000e+00   0.000000e+00   4.394729e-03   1.576886e-02  -2.048541e-02   0.000000e+00
 0.000000e+00   0.000000e+00   5.530359e-03   0.000000e+00   0.000000e+00   1.576886e-02   1.846138e-01  -1.244428e-01   0.000000e+00
 0.000000e+00   0.000000e+00  -6.670988e-03   0.000000e+00   0.000000e+00  -2.048541e-02  -1.244428e-01   1.631161e-01   0.000000e+00
 4.788553e-04   1.200786e-03   0.000000e+00   1.596812e-03   4.622800e-03   0.000000e+00   0.000000e+00   0.000000e+00   4.883153e-02

# timestamp: 1774889732.5375178
 1.002056e-03   1.302069e-04   0.000000e+00   4.231765e-04   2.465002e-04   0.000000e+00   0.000000e+00   0.000000e+00   4.702478e-04
 1.302069e-04   1.138236e-03   0.000000e+00   2.392375e-04   7.581644e-04   0.000000e+00   0.000000e+00   0.000000e+00   1.040968e-03
 0.000000e+00   0.000000e+00   1.511311e-03   0.000000e+00   0.000000e+00   1.762153e-03   4.818862e-03  -6.497267e-03   0.000000e+00
 4.231765e-04   2.392375e-04   0.000000e+00   7.050978e-04   5.048785e-04   0.000000e+00   0.000000e+00   0.000000e+00   1.292226e-03
 2.465002e-04   7.581644e-04   0.000000e+00   5.048785e-04   1.623730e-03   0.000000e+00   0.000000e+00   0.000000e+00   4.063053e-03
 0.000000e+00   0.000000e+00   1.762153e-03   0.000000e+00   0.000000e+00   4.528574e-03   1.542865e-02  -2.139286e-02   0.000000e+00
 0.000000e+00   0.000000e+00   4.818862e-03   0.000000e+00   0.000000e+00   1.542865e-02   1.541580e-01  -1.143315e-01   0.000000e+00
 0.000000e+00   0.000000e+00  -6.497267e-03   0.000000e+00   0.000000e+00  -2.139286e-02  -1.143315e-01   1.637198e-01   0.000000e+00
 4.702478e-04   1.040968e-03   0.000000e+00   1.292226e-03   4.063053e-03   0.000000e+00   0.000000e+00   0.000000e+00   4.425364e-02

# timestamp: 1774889732.5923684
 8.951340e-04   1.007364e-04   0.000000e+00   3.706870e-04   2.035166e-04   0.000000e+00   0.000000e+00   0.000000e+00   3.327512e-04
 1.007364e-04   1.004574e-03   0.000000e+00   1.999720e-04   6.577082e-04   0.000000e+00   0.000000e+00   0.000000e+00   7.870789e-04
 0.000000e+00   0.000000e+00   1.298975e-03   0.000000e+00   0.000000e+00   1.528256e-03   4.283279e-03  -5.644224e-03   0.000000e+00
 3.706870e-04   1.999720e-04   0.000000e+00   6.666955e-04   4.519476e-04   0.000000e+00   0.000000e+00   0.000000e+00   1.057407e-03
 2.035166e-04   6.577082e-04   0.000000e+00   4.519476e-04   1.508715e-03   0.000000e+00   0.000000e+00   0.000000e+00   3.443964e-03
 0.000000e+00   0.000000e+00   1.528256e-03   0.000000e+00   0.000000e+00   4.282179e-03   1.501291e-02  -2.043930e-02   0.000000e+00
 0.000000e+00   0.000000e+00   4.283279e-03   0.000000e+00   0.000000e+00   1.501291e-02   1.448617e-01  -1.127072e-01   0.000000e+00
 0.000000e+00   0.000000e+00  -5.644224e-03   0.000000e+00   0.000000e+00  -2.043930e-02  -1.127072e-01   1.591258e-01   0.000000e+00
 3.327512e-04   7.870789e-04   0.000000e+00   1.057407e-03   3.443964e-03   0.000000e+00   0.000000e+00   0.000000e+00   3.883801e-02

# timestamp: 1774889732.6126502
 9.309020e-04   1.091633e-04   0.000000e+00   3.847224e-04   2.142816e-04   0.000000e+00   0.000000e+00   0.000000e+00   3.546126e-04
 1.091633e-04   1.052434e-03   0.000000e+00   2.102139e-04   6.922797e-04   0.000000e+00   0.000000e+00   0.000000e+00   8.584184e-04
 0.000000e+00   0.000000e+00   1.383697e-03   0.000000e+00   0.000000e+00   1.636799e-03   4.591342e-03  -6.064506e-03   0.000000e+00
 3.847224e-04   2.102139e-04   0.000000e+00   6.712548e-04   4.607229e-04   0.000000e+00   0.000000e+00   0.000000e+00   1.104305e-03
 2.142816e-04   6.922797e-04   0.000000e+00   4.607229e-04   1.541177e-03   0.000000e+00   0.000000e+00   0.000000e+00   3.617199e-03
 0.000000e+00   0.000000e+00   1.636799e-03   0.000000e+00   0.000000e+00   4.427391e-03   1.532802e-02  -2.099941e-02   0.000000e+00
 0.000000e+00   0.000000e+00   4.591342e-03   0.000000e+00   0.000000e+00   1.532802e-02   1.468995e-01  -1.127072e-01   0.000000e+00
 0.000000e+00   0.000000e+00  -6.064506e-03   0.000000e+00   0.000000e+00  -2.099941e-02  -1.127072e-01   1.611636e-01   0.000000e+00
 3.546126e-04   8.584184e-04   0.000000e+00   1.104305e-03   3.617199e-03   0.000000e+00   0.000000e+00   0.000000e+00   4.087578e-02

# timestamp: 1774889732.8970277
 9.872820e-04   1.385490e-04   0.000000e+00   4.001265e-04   2.745776e-04   0.000000e+00   0.000000e+00   0.000000e+00   1.063296e-03
 1.385490e-04   1.152017e-03   0.000000e+00   2.265953e-04   7.956602e-04   0.000000e+00   0.000000e+00   0.000000e+00   1.542961e-03
 0.000000e+00   0.000000e+00   1.584379e-03   0.000000e+00   0.000000e+00   1.950803e-03   3.659668e-03  -7.530974e-03   0.000000e+00
 4.001265e-04   2.265953e-04   0.000000e+00   6.439649e-04   4.614510e-04   0.000000e+00   0.000000e+00   0.000000e+00   1.440718e-03
 2.745776e-04   7.956602e-04   0.000000e+00   4.614510e-04   1.627792e-03   0.000000e+00   0.000000e+00   0.000000e+00   4.304938e-03
 0.000000e+00   0.000000e+00   1.950803e-03   0.000000e+00   0.000000e+00   4.947725e-03   1.348556e-02  -2.318912e-02   0.000000e+00
 0.000000e+00   0.000000e+00   3.659668e-03   0.000000e+00   0.000000e+00   1.348556e-02   1.225052e-01  -9.673604e-02   0.000000e+00
 0.000000e+00   0.000000e+00  -7.530974e-03   0.000000e+00   0.000000e+00  -2.318912e-02  -9.673604e-02   1.679635e-01   0.000000e+00
 1.063296e-03   1.542961e-03   0.000000e+00   1.440718e-03   4.304938e-03   0.000000e+00   0.000000e+00   0.000000e+00   4.554628e-02

# timestamp: 1774889732.928044
 1.046029e-03   1.553037e-04   0.000000e+00   4.227950e-04   2.968238e-04   0.000000e+00   0.000000e+00   0.000000e+00   1.110654e-03
 1.553037e-04   1.237507e-03   0.000000e+00   2.443390e-04   8.595932e-04   0.000000e+00   0.000000e+00   0.000000e+00   1.685407e-03
 0.000000e+00   0.000000e+00   1.748664e-03   0.000000e+00   0.000000e+00   2.159599e-03   4.099528e-03  -8.289844e-03   0.000000e+00
 4.227950e-04   2.443390e-04   0.000000e+00   6.520262e-04   4.784487e-04   0.000000e+00   0.000000e+00   0.000000e+00   1.518520e-03
 2.968238e-04   8.595932e-04   0.000000e+00   4.784487e-04   1.689535e-03   0.000000e+00   0.000000e+00   0.000000e+00   4.617113e-03
 0.000000e+00   0.000000e+00   2.159599e-03   0.000000e+00   0.000000e+00   5.216693e-03   1.391661e-02  -2.414631e-02   0.000000e+00
 0.000000e+00   0.000000e+00   4.099528e-03   0.000000e+00   0.000000e+00   1.391661e-02   1.257288e-01  -9.673604e-02   0.000000e+00
 0.000000e+00   0.000000e+00  -8.289844e-03   0.000000e+00   0.000000e+00  -2.414631e-02  -9.673604e-02   1.711871e-01   0.000000e+00
 1.110654e-03   1.685407e-03   0.000000e+00   1.518520e-03   4.617113e-03   0.000000e+00   0.000000e+00   0.000000e+00   4.876986e-02

# timestamp: 1774889732.962283
 1.113025e-03   1.754430e-04   0.000000e+00   4.483871e-04   3.225630e-04   0.000000e+00   0.000000e+00   0.000000e+00   1.166139e-03
 1.754430e-04   1.337398e-03   0.000000e+00   2.649793e-04   9.341225e-04   0.000000e+00   0.000000e+00   0.000000e+00   1.855171e-03
 0.000000e+00   0.000000e+00   1.947282e-03   0.000000e+00   0.000000e+00   2.406810e-03   4.603661e-03  -9.167675e-03   0.000000e+00
 4.483871e-04   2.649793e-04   0.000000e+00   6.612934e-04   4.985790e-04   0.000000e+00   0.000000e+00   0.000000e+00   1.611471e-03
 3.225630e-04   9.341225e-04   0.000000e+00   4.985790e-04   1.763128e-03   0.000000e+00   0.000000e+00   0.000000e+00   4.990075e-03
 0.000000e+00   0.000000e+00   2.406810e-03   0.000000e+00   0.000000e+00   5.528830e-03   1.438907e-02  -2.523597e-02   0.000000e+00
 0.000000e+00   0.000000e+00   4.603661e-03   0.000000e+00   0.000000e+00   1.438907e-02   1.293106e-01  -9.673604e-02   0.000000e+00
 0.000000e+00   0.000000e+00  -9.167675e-03   0.000000e+00   0.000000e+00  -2.523597e-02  -9.673604e-02   1.747690e-01   0.000000e+00
 1.166139e-03   1.855171e-03   0.000000e+00   1.611471e-03   4.990075e-03   0.000000e+00   0.000000e+00   0.000000e+00   5.235174e-02

# timestamp: 1774889732.987787
 1.162132e-03   1.909137e-04   0.000000e+00   4.669798e-04   3.417098e-04   0.000000e+00   0.000000e+00   0.000000e+00   1.208051e-03
 1.909137e-04   1.412291e-03   0.000000e+00   2.804195e-04   9.899664e-04   0.000000e+00   0.000000e+00   0.000000e+00   1.985491e-03
 0.000000e+00   0.000000e+00   2.100767e-03   0.000000e+00   0.000000e+00   2.594390e-03   4.975501e-03  -9.821535e-03   0.000000e+00
 4.669798e-04   2.804195e-04   0.000000e+00   6.681415e-04   5.138466e-04   0.000000e+00   0.000000e+00   0.000000e+00   1.681817e-03
 3.417098e-04   9.899664e-04   0.000000e+00   5.138466e-04   1.819250e-03   0.000000e+00   0.000000e+00   0.000000e+00   5.272334e-03
 0.000000e+00   0.000000e+00   2.594390e-03   0.000000e+00   0.000000e+00   5.761116e-03   1.472355e-02  -2.603138e-02   0.000000e+00
 0.000000e+00   0.000000e+00   4.975501e-03   0.000000e+00   0.000000e+00   1.472355e-02   1.318752e-01  -9.673604e-02   0.000000e+00
 0.000000e+00   0.000000e+00  -9.821535e-03   0.000000e+00   0.000000e+00  -2.603138e-02  -9.673604e-02   1.773335e-01   0.000000e+00
 1.208051e-03   1.985491e-03   0.000000e+00   1.681817e-03   5.272334e-03   0.000000e+00   0.000000e+00   0.000000e+00   5.491632e-02

# timestamp: 1774889733.208343
 1.357759e-03   3.922123e-04   0.000000e+00   5.803163e-04   6.717589e-04   0.000000e+00   0.000000e+00   0.000000e+00   3.299083e-03
 3.922123e-04   1.697751e-03   0.000000e+00   4.049654e-04   1.370981e-03   0.000000e+00   0.000000e+00   0.000000e+00   4.126892e-03
 0.000000e+00   0.000000e+00   2.773036e-03   0.000000e+00   0.000000e+00   3.481485e-03   2.055616e-03  -1.327859e-02   0.000000e+00
 5.803163e-04   4.049654e-04   0.000000e+00   7.141507e-04   6.794227e-04   0.000000e+00   0.000000e+00   0.000000e+00   2.703014e-03
 6.717589e-04   1.370981e-03   0.000000e+00   6.794227e-04   2.293956e-03   0.000000e+00   0.000000e+00   0.000000e+00   7.720811e-03
 0.000000e+00   0.000000e+00   3.481485e-03   0.000000e+00   0.000000e+00   6.949392e-03   1.099955e-02  -3.039102e-02   0.000000e+00
 0.000000e+00   0.000000e+00   2.055616e-03   0.000000e+00   0.000000e+00   1.099955e-02   1.160529e-01  -7.881842e-02   0.000000e+00
 0.000000e+00   0.000000e+00  -1.327859e-02   0.000000e+00   0.000000e+00  -3.039102e-02  -7.881842e-02   1.908705e-01   0.000000e+00
 3.299083e-03   4.126892e-03   0.000000e+00   2.703014e-03   7.720811e-03   0.000000e+00   0.000000e+00   0.000000e+00   6.524756e-02

# timestamp: 1774889733.2215602
 1.384731e-03   4.057307e-04   0.000000e+00   5.907994e-04   6.886182e-04   0.000000e+00   0.000000e+00   0.000000e+00   3.332773e-03
 4.057307e-04   1.744675e-03   0.000000e+00   4.154481e-04   1.410211e-03   0.000000e+00   0.000000e+00   0.000000e+00   4.223358e-03
 0.000000e+00   0.000000e+00   2.873277e-03   0.000000e+00   0.000000e+00   3.601475e-03   2.192757e-03  -1.365766e-02   0.000000e+00
 5.907994e-04   4.154481e-04   0.000000e+00   7.179915e-04   6.900074e-04   0.000000e+00   0.000000e+00   0.000000e+00   2.734635e-03
 6.886182e-04   1.410211e-03   0.000000e+00   6.900074e-04   2.334558e-03   0.000000e+00   0.000000e+00   0.000000e+00   7.887697e-03
 0.000000e+00   0.000000e+00   3.601475e-03   0.000000e+00   0.000000e+00   7.094453e-03   1.114241e-02  -3.083703e-02   0.000000e+00
 0.000000e+00   0.000000e+00   2.192757e-03   0.000000e+00   0.000000e+00   1.114241e-02   1.172956e-01  -7.881842e-02   0.000000e+00
 0.000000e+00   0.000000e+00  -1.365766e-02   0.000000e+00   0.000000e+00  -3.083703e-02  -7.881842e-02   1.921133e-01   0.000000e+00
 3.332773e-03   4.223358e-03   0.000000e+00   2.734635e-03   7.887697e-03   0.000000e+00   0.000000e+00   0.000000e+00   6.649032e-02

# timestamp: 1774889733.2640867
 1.480910e-03   4.555519e-04   0.000000e+00   6.278956e-04   7.491633e-04   0.000000e+00   0.000000e+00   0.000000e+00   3.453292e-03
 4.555519e-04   1.916130e-03   0.000000e+00   4.534094e-04   1.553021e-03   0.000000e+00   0.000000e+00   0.000000e+00   4.575519e-03
 0.000000e+00   0.000000e+00   3.246693e-03   0.000000e+00   0.000000e+00   4.041271e-03   2.684301e-03  -1.502148e-02   0.000000e+00
 6.278956e-04   4.534094e-04   0.000000e+00   7.316415e-04   7.282392e-04   0.000000e+00   0.000000e+00   0.000000e+00   2.849992e-03
 7.491633e-04   1.553021e-03   0.000000e+00   7.282392e-04   2.483065e-03   0.000000e+00   0.000000e+00   0.000000e+00   8.496520e-03
 0.000000e+00   0.000000e+00   4.041271e-03   0.000000e+00   0.000000e+00   7.617542e-03   1.163608e-02  -3.242013e-02   0.000000e+00
 0.000000e+00   0.000000e+00   2.684301e-03   0.000000e+00   0.000000e+00   1.163608e-02   1.216335e-01  -7.881842e-02   0.000000e+00
 0.000000e+00   0.000000e+00  -1.502148e-02   0.000000e+00   0.000000e+00  -3.242013e-02  -7.881842e-02   1.964511e-01   0.000000e+00
 3.453292e-03   4.575519e-03   0.000000e+00   2.849992e-03   8.496520e-03   0.000000e+00   0.000000e+00   0.000000e+00   7.082813e-02

# timestamp: 1774889733.2815237
 1.526249e-03   4.799556e-04   0.000000e+00   6.452288e-04   7.779510e-04   0.000000e+00   0.000000e+00   0.000000e+00   3.510524e-03
 4.799556e-04   1.999303e-03   0.000000e+00   4.716583e-04   1.622041e-03   0.000000e+00   0.000000e+00   0.000000e+00   4.746976e-03
 0.000000e+00   0.000000e+00   3.431766e-03   0.000000e+00   0.000000e+00   4.255324e-03   2.917971e-03  -1.567326e-02   0.000000e+00
 6.452288e-04   4.716583e-04   0.000000e+00   7.380520e-04   7.465198e-04   0.000000e+00   0.000000e+00   0.000000e+00   2.905352e-03
 7.779510e-04   1.622041e-03   0.000000e+00   7.465198e-04   2.555041e-03   0.000000e+00   0.000000e+00   0.000000e+00   8.788698e-03
 0.000000e+00   0.000000e+00   4.255324e-03   0.000000e+00   0.000000e+00   7.867034e-03   1.186086e-02  -3.316047e-02   0.000000e+00
 0.000000e+00   0.000000e+00   2.917971e-03   0.000000e+00   0.000000e+00   1.186086e-02   1.236288e-01  -7.881842e-02   0.000000e+00
 0.000000e+00   0.000000e+00  -1.567326e-02   0.000000e+00   0.000000e+00  -3.316047e-02  -7.881842e-02   1.984465e-01   0.000000e+00
 3.510524e-03   4.746976e-03   0.000000e+00   2.905352e-03   8.788698e-03   0.000000e+00   0.000000e+00   0.000000e+00   7.282350e-02

# timestamp: 1774889733.30049
 1.476588e-03   5.044341e-04   0.000000e+00   6.382926e-04   8.377563e-04   0.000000e+00   0.000000e+00   0.000000e+00   4.153979e-03
 5.044341e-04   1.867084e-03   0.000000e+00   4.673646e-04   1.574999e-03   0.000000e+00   0.000000e+00   0.000000e+00   5.068749e-03
 0.000000e+00   0.000000e+00   3.180325e-03   0.000000e+00   0.000000e+00   3.962882e-03   8.927425e-04  -1.489611e-02   0.000000e+00
 6.382926e-04   4.673646e-04   0.000000e+00   7.356261e-04   7.595999e-04   0.000000e+00   0.000000e+00   0.000000e+00   3.112850e-03
 8.377563e-04   1.574999e-03   0.000000e+00   7.595999e-04   2.553220e-03   0.000000e+00   0.000000e+00   0.000000e+00   8.954756e-03
 0.000000e+00   0.000000e+00   3.962882e-03   0.000000e+00   0.000000e+00   7.530036e-03   9.484719e-03  -3.224778e-02   0.000000e+00
 0.000000e+00   0.000000e+00   8.927425e-04   0.000000e+00   0.000000e+00   9.484719e-03   1.138797e-01  -7.152447e-02   0.000000e+00
 0.000000e+00   0.000000e+00  -1.489611e-02   0.000000e+00   0.000000e+00  -3.224778e-02  -7.152447e-02   1.957734e-01   0.000000e+00
 4.153979e-03   5.068749e-03   0.000000e+00   3.112850e-03   8.954756e-03   0.000000e+00   0.000000e+00   0.000000e+00   7.090126e-02

# timestamp: 1774889733.4911945
 1.731493e-03   7.782161e-04   0.000000e+00   7.503118e-04   1.223412e-03   0.000000e+00   0.000000e+00   0.000000e+00   5.946885e-03
 7.782161e-04   2.257489e-03   0.000000e+00   5.991039e-04   2.061923e-03   0.000000e+00   0.000000e+00   0.000000e+00   7.243319e-03
 0.000000e+00   0.000000e+00   4.153618e-03   0.000000e+00   0.000000e+00   5.079206e-03  -1.533197e-03  -1.856753e-02   0.000000e+00
 7.503118e-04   5.991039e-04   0.000000e+00   7.686142e-04   9.237804e-04   0.000000e+00   0.000000e+00   0.000000e+00   3.846034e-03
 1.223412e-03   2.061923e-03   0.000000e+00   9.237804e-04   3.178977e-03   0.000000e+00   0.000000e+00   0.000000e+00   1.176378e-02
 0.000000e+00   0.000000e+00   5.079206e-03   0.000000e+00   0.000000e+00   8.844260e-03   6.790865e-03  -3.635252e-02   0.000000e+00
 0.000000e+00   0.000000e+00  -1.533197e-03   0.000000e+00   0.000000e+00   6.790865e-03   1.155002e-01  -5.948198e-02   0.000000e+00
 0.000000e+00   0.000000e+00  -1.856753e-02   0.000000e+00   0.000000e+00  -3.635252e-02  -5.948198e-02   2.062124e-01   0.000000e+00
 5.946885e-03   7.243319e-03   0.000000e+00   3.846034e-03   1.176378e-02   0.000000e+00   0.000000e+00   0.000000e+00   8.313495e-02

# timestamp: 1774889733.504085
 1.761548e-03   8.002163e-04   0.000000e+00   7.602492e-04   1.248975e-03   0.000000e+00   0.000000e+00   0.000000e+00   5.992965e-03
 8.002163e-04   2.319401e-03   0.000000e+00   6.110826e-04   2.117947e-03   0.000000e+00   0.000000e+00   0.000000e+00   7.384777e-03
 0.000000e+00   0.000000e+00   4.288766e-03   0.000000e+00   0.000000e+00   5.231525e-03  -1.451499e-03  -1.900427e-02   0.000000e+00
 7.602492e-04   6.110826e-04   0.000000e+00   7.707399e-04   9.345274e-04   0.000000e+00   0.000000e+00   0.000000e+00   3.856163e-03
 1.248975e-03   2.117947e-03   0.000000e+00   9.345274e-04   3.237585e-03   0.000000e+00   0.000000e+00   0.000000e+00   1.196708e-02
 0.000000e+00   0.000000e+00   5.231525e-03   0.000000e+00   0.000000e+00   9.020891e-03   6.920739e-03  -3.684640e-02   0.000000e+00
 0.000000e+00   0.000000e+00  -1.451499e-03   0.000000e+00   0.000000e+00   6.920739e-03   1.166975e-01  -5.948198e-02   0.000000e+00
 0.000000e+00   0.000000e+00  -1.900427e-02   0.000000e+00   0.000000e+00  -3.684640e-02  -5.948198e-02   2.074098e-01   0.000000e+00
 5.992965e-03   7.384777e-03   0.000000e+00   3.856163e-03   1.196708e-02   0.000000e+00   0.000000e+00   0.000000e+00   8.433229e-02

# timestamp: 1774889733.5163329
 1.793483e-03   8.238889e-04   0.000000e+00   7.707564e-04   1.276178e-03   0.000000e+00   0.000000e+00   0.000000e+00   6.041661e-03
 8.238889e-04   2.386111e-03   0.000000e+00   6.238638e-04   2.178127e-03   0.000000e+00   0.000000e+00   0.000000e+00   7.536472e-03
 0.000000e+00   0.000000e+00   4.435170e-03   0.000000e+00   0.000000e+00   5.395485e-03  -1.363736e-03  -1.947088e-02   0.000000e+00
 7.707564e-04   6.238638e-04   0.000000e+00   7.729829e-04   9.459076e-04   0.000000e+00   0.000000e+00   0.000000e+00   3.866997e-03
 1.276178e-03   2.178127e-03   0.000000e+00   9.459076e-04   3.300427e-03   0.000000e+00   0.000000e+00   0.000000e+00   1.218453e-02
 0.000000e+00   0.000000e+00   5.395485e-03   0.000000e+00   0.000000e+00   9.209612e-03   7.057459e-03  -3.737011e-02   0.000000e+00
 0.000000e+00   0.000000e+00  -1.363736e-03   0.000000e+00   0.000000e+00   7.057459e-03   1.179594e-01  -5.948198e-02   0.000000e+00
 0.000000e+00   0.000000e+00  -1.947088e-02   0.000000e+00   0.000000e+00  -3.737011e-02  -5.948198e-02   2.086717e-01   0.000000e+00
 6.041661e-03   7.536472e-03   0.000000e+00   3.866997e-03   1.218453e-02   0.000000e+00   0.000000e+00   0.000000e+00   8.559421e-02

# timestamp: 1774889733.5374265
 1.844596e-03   8.624106e-04   0.000000e+00   7.874659e-04   1.319804e-03   0.000000e+00   0.000000e+00   0.000000e+00   6.119052e-03
 8.624106e-04   2.494883e-03   0.000000e+00   6.444357e-04   2.275857e-03   0.000000e+00   0.000000e+00   0.000000e+00   7.782283e-03
 0.000000e+00   0.000000e+00   4.675561e-03   0.000000e+00   0.000000e+00   5.662446e-03  -1.221265e-03  -2.022321e-02   0.000000e+00
 7.874659e-04   6.444357e-04   0.000000e+00   7.765406e-04   9.640429e-04   0.000000e+00   0.000000e+00   0.000000e+00   3.884484e-03
 1.319804e-03   2.275857e-03   0.000000e+00   9.640429e-04   3.402233e-03   0.000000e+00   0.000000e+00   0.000000e+00   1.253551e-02
 0.000000e+00   0.000000e+00   5.662446e-03   0.000000e+00   0.000000e+00   9.513877e-03   7.273632e-03  -3.820608e-02   0.000000e+00
 0.000000e+00   0.000000e+00  -1.221265e-03   0.000000e+00   0.000000e+00   7.273632e-03   1.199578e-01  -5.948198e-02   0.000000e+00
 0.000000e+00   0.000000e+00  -2.022321e-02   0.000000e+00   0.000000e+00  -3.820608e-02  -5.948198e-02   2.106700e-01   0.000000e+00
 6.119052e-03   7.782283e-03   0.000000e+00   3.884484e-03   1.253551e-02   0.000000e+00   0.000000e+00   0.000000e+00   8.759254e-02

# timestamp: 1774889733.5699496
 1.932119e-03   9.301166e-04   0.000000e+00   8.157830e-04   1.394743e-03   0.000000e+00   0.000000e+00   0.000000e+00   6.250054e-03
 9.301166e-04   2.686811e-03   0.000000e+00   6.799623e-04   2.447191e-03   0.000000e+00   0.000000e+00   0.000000e+00   8.211340e-03
 0.000000e+00   0.000000e+00   5.104425e-03   0.000000e+00   0.000000e+00   6.132235e-03  -9.721570e-04  -2.152566e-02   0.000000e+00
 8.157830e-04   6.799623e-04   0.000000e+00   7.825436e-04   9.948857e-04   0.000000e+00   0.000000e+00   0.000000e+00   3.914855e-03
 1.394743e-03   2.447191e-03   0.000000e+00   9.948857e-04   3.580064e-03   0.000000e+00   0.000000e+00   0.000000e+00   1.314509e-02
 0.000000e+00   0.000000e+00   6.132235e-03   0.000000e+00   0.000000e+00   1.004105e-02   7.636468e-03  -3.963180e-02   0.000000e+00
 0.000000e+00   0.000000e+00  -9.721570e-04   0.000000e+00   0.000000e+00   7.636468e-03   1.233206e-01  -5.948198e-02   0.000000e+00
 0.000000e+00   0.000000e+00  -2.152566e-02   0.000000e+00   0.000000e+00  -3.963180e-02  -5.948198e-02   2.140328e-01   0.000000e+00
 6.250054e-03   8.211340e-03   0.000000e+00   3.914855e-03   1.314509e-02   0.000000e+00   0.000000e+00   0.000000e+00   9.095537e-02

# timestamp: 1774889733.5848737
 1.968107e-03   9.586164e-04   0.000000e+00   8.273196e-04   1.425641e-03   0.000000e+00   0.000000e+00   0.000000e+00   6.303409e-03
 9.586164e-04   2.767900e-03   0.000000e+00   6.946971e-04   2.519169e-03   0.000000e+00   0.000000e+00   0.000000e+00   8.391195e-03
 0.000000e+00   0.000000e+00   5.287331e-03   0.000000e+00   0.000000e+00   6.330189e-03  -8.676715e-04  -2.206732e-02   0.000000e+00
 8.273196e-04   6.946971e-04   0.000000e+00   7.849805e-04   1.007494e-03   0.000000e+00   0.000000e+00   0.000000e+00   3.927464e-03
 1.425641e-03   2.519169e-03   0.000000e+00   1.007494e-03   3.654460e-03   0.000000e+00   0.000000e+00   0.000000e+00   1.339818e-02
 0.000000e+00   0.000000e+00   6.330189e-03   0.000000e+00   0.000000e+00   1.026001e-02   7.783090e-03  -4.021540e-02   0.000000e+00
 0.000000e+00   0.000000e+00  -8.676715e-04   0.000000e+00   0.000000e+00   7.783090e-03   1.246824e-01  -5.948198e-02   0.000000e+00
 0.000000e+00   0.000000e+00  -2.206732e-02   0.000000e+00   0.000000e+00  -4.021540e-02  -5.948198e-02   2.153946e-01   0.000000e+00
 6.303409e-03   8.391195e-03   0.000000e+00   3.927464e-03   1.339818e-02   0.000000e+00   0.000000e+00   0.000000e+00   9.231717e-02

# timestamp: 1774889733.7979722
 2.192820e-03   1.372815e-03   0.000000e+00   8.517679e-04   1.986392e-03   0.000000e+00   0.000000e+00   0.000000e+00   8.873001e-03
 1.372815e-03   3.245960e-03   0.000000e+00   7.617824e-04   3.248534e-03   0.000000e+00   0.000000e+00   0.000000e+00   1.193841e-02
 0.000000e+00   0.000000e+00   6.384958e-03   0.000000e+00   0.000000e+00   7.453968e-03  -5.395674e-03  -2.609060e-02   0.000000e+00
 8.517679e-04   7.617824e-04   0.000000e+00   7.343596e-04   1.081113e-03   0.000000e+00   0.000000e+00   0.000000e+00   4.171861e-03
 1.986392e-03   3.248534e-03   0.000000e+00   1.081113e-03   4.644819e-03   0.000000e+00   0.000000e+00   0.000000e+00   1.764616e-02
 0.000000e+00   0.000000e+00   7.453968e-03   0.000000e+00   0.000000e+00   1.153774e-02   4.149582e-03  -4.438787e-02   0.000000e+00
 0.000000e+00   0.000000e+00  -5.395674e-03   0.000000e+00   0.000000e+00   4.149582e-03   1.315158e-01  -4.509440e-02   0.000000e+00
 0.000000e+00   0.000000e+00  -2.609060e-02   0.000000e+00   0.000000e+00  -4.438787e-02  -4.509440e-02   2.244910e-01   0.000000e+00
 8.873001e-03   1.193841e-02   0.000000e+00   4.171861e-03   1.764616e-02   0.000000e+00   0.000000e+00   0.000000e+00   1.073126e-01

# timestamp: 1774889733.8305826
 2.243661e-03   1.424761e-03   0.000000e+00   8.617763e-04   2.039764e-03   0.000000e+00   0.000000e+00   0.000000e+00   8.950914e-03
 1.424761e-03   3.388325e-03   0.000000e+00   7.769330e-04   3.381255e-03   0.000000e+00   0.000000e+00   0.000000e+00   1.227046e-02
 0.000000e+00   0.000000e+00   6.687639e-03   0.000000e+00   0.000000e+00   7.768218e-03  -5.317056e-03  -2.692519e-02   0.000000e+00
 8.617763e-04   7.769330e-04   0.000000e+00   7.327461e-04   1.088988e-03   0.000000e+00   0.000000e+00   0.000000e+00   4.126174e-03
 2.039764e-03   3.381255e-03   0.000000e+00   1.088988e-03   4.778940e-03   0.000000e+00   0.000000e+00   0.000000e+00   1.804914e-02
 0.000000e+00   0.000000e+00   7.768218e-03   0.000000e+00   0.000000e+00   1.187527e-02   4.372510e-03  -4.524393e-02   0.000000e+00
 0.000000e+00   0.000000e+00  -5.317056e-03   0.000000e+00   0.000000e+00   4.372510e-03   1.333879e-01  -4.509440e-02   0.000000e+00
 0.000000e+00   0.000000e+00  -2.692519e-02   0.000000e+00   0.000000e+00  -4.524393e-02  -4.509440e-02   2.263632e-01   0.000000e+00
 8.950914e-03   1.227046e-02   0.000000e+00   4.126174e-03   1.804914e-02   0.000000e+00   0.000000e+00   0.000000e+00   1.091848e-01

# timestamp: 1774889733.854471
 2.310844e-03   1.494826e-03   0.000000e+00   8.747932e-04   2.110351e-03   0.000000e+00   0.000000e+00   0.000000e+00   9.051654e-03
 1.494826e-03   3.582662e-03   0.000000e+00   7.968138e-04   3.561010e-03   0.000000e+00   0.000000e+00   0.000000e+00   1.271766e-02
 0.000000e+00   0.000000e+00   7.102682e-03   0.000000e+00   0.000000e+00   8.194730e-03  -5.207388e-03  -2.804445e-02   0.000000e+00
 8.747932e-04   7.968138e-04   0.000000e+00   7.306904e-04   1.098792e-03   0.000000e+00   0.000000e+00   0.000000e+00   4.065169e-03
 2.110351e-03   3.561010e-03   0.000000e+00   1.098792e-03   4.959271e-03   0.000000e+00   0.000000e+00   0.000000e+00   1.858724e-02
 0.000000e+00   0.000000e+00   8.194730e-03   0.000000e+00   0.000000e+00   1.232755e-02   4.665793e-03  -4.637581e-02   0.000000e+00
 0.000000e+00   0.000000e+00  -5.207388e-03   0.000000e+00   0.000000e+00   4.665793e-03   1.358414e-01  -4.509440e-02   0.000000e+00
 0.000000e+00   0.000000e+00  -2.804445e-02   0.000000e+00   0.000000e+00  -4.637581e-02  -4.509440e-02   2.288167e-01   0.000000e+00
 9.051654e-03   1.271766e-02   0.000000e+00   4.065169e-03   1.858724e-02   0.000000e+00   0.000000e+00   0.000000e+00   1.116383e-01

# timestamp: 1774889733.875753
 2.373687e-03   1.561764e-03   0.000000e+00   8.867651e-04   2.176425e-03   0.000000e+00   0.000000e+00   0.000000e+00   9.143685e-03
 1.561764e-03   3.770814e-03   0.000000e+00   8.152308e-04   3.733606e-03   0.000000e+00   0.000000e+00   0.000000e+00   1.314411e-02
 0.000000e+00   0.000000e+00   7.506429e-03   0.000000e+00   0.000000e+00   8.605080e-03  -5.099270e-03  -2.910694e-02   0.000000e+00
 8.867651e-04   8.152308e-04   0.000000e+00   7.288454e-04   1.107345e-03   0.000000e+00   0.000000e+00   0.000000e+00   4.007418e-03
 2.176425e-03   3.733606e-03   0.000000e+00   1.107345e-03   5.131146e-03   0.000000e+00   0.000000e+00   0.000000e+00   1.909662e-02
 0.000000e+00   0.000000e+00   8.605080e-03   0.000000e+00   0.000000e+00   1.275694e-02   4.938853e-03  -4.743560e-02   0.000000e+00
 0.000000e+00   0.000000e+00  -5.099270e-03   0.000000e+00   0.000000e+00   4.938853e-03   1.381157e-01  -4.509440e-02   0.000000e+00
 0.000000e+00   0.000000e+00  -2.910694e-02   0.000000e+00   0.000000e+00  -4.743560e-02  -4.509440e-02   2.310909e-01   0.000000e+00
 9.143685e-03   1.314411e-02   0.000000e+00   4.007418e-03   1.909662e-02   0.000000e+00   0.000000e+00   0.000000e+00   1.139125e-01

# timestamp: 1774889734.0925725
 2.437793e-03   1.920776e-03   0.000000e+00   7.750627e-04   2.624689e-03   0.000000e+00   0.000000e+00   0.000000e+00   1.128154e-02
 1.920776e-03   4.314612e-03   0.000000e+00   7.309073e-04   4.550953e-03   0.000000e+00   0.000000e+00   0.000000e+00   1.725823e-02
 0.000000e+00   0.000000e+00   8.229174e-03   0.000000e+00   0.000000e+00   9.171534e-03  -9.193024e-03  -3.221437e-02   0.000000e+00
 7.750627e-04   7.309073e-04   0.000000e+00   6.235023e-04   9.814822e-04   0.000000e+00   0.000000e+00   0.000000e+00   3.559561e-03
 2.624689e-03   4.550953e-03   0.000000e+00   9.814822e-04   6.198277e-03   0.000000e+00   0.000000e+00   0.000000e+00   2.375739e-02
 0.000000e+00   0.000000e+00   9.171534e-03   0.000000e+00   0.000000e+00   1.326917e-02   2.509206e-03  -4.979112e-02   0.000000e+00
 0.000000e+00   0.000000e+00  -9.193024e-03   0.000000e+00   0.000000e+00   2.509206e-03   1.524678e-01  -3.435502e-02   0.000000e+00
 0.000000e+00   0.000000e+00  -3.221437e-02   0.000000e+00   0.000000e+00  -4.979112e-02  -3.435502e-02   2.363659e-01   0.000000e+00
 1.128154e-02   1.725823e-02   0.000000e+00   3.559561e-03   2.375739e-02   0.000000e+00   0.000000e+00   0.000000e+00   1.306461e-01

# timestamp: 1774889734.112776
 2.492116e-03   1.992712e-03   0.000000e+00   7.802350e-04   2.691409e-03   0.000000e+00   0.000000e+00   0.000000e+00   1.135647e-02
 1.992712e-03   4.532943e-03   0.000000e+00   7.392092e-04   4.755243e-03   0.000000e+00   0.000000e+00   0.000000e+00   1.776649e-02
 0.000000e+00   0.000000e+00   8.647731e-03   0.000000e+00   0.000000e+00   9.583061e-03  -9.137996e-03  -3.327866e-02   0.000000e+00
 7.802350e-04   7.392092e-04   0.000000e+00   6.206268e-04   9.786141e-04   0.000000e+00   0.000000e+00   0.000000e+00   3.465585e-03
 2.691409e-03   4.755243e-03   0.000000e+00   9.786141e-04   6.395006e-03   0.000000e+00   0.000000e+00   0.000000e+00   2.429229e-02
 0.000000e+00   0.000000e+00   9.583061e-03   0.000000e+00   0.000000e+00   1.368237e-02   2.757854e-03  -5.077865e-02   0.000000e+00
 0.000000e+00   0.000000e+00  -9.137996e-03   0.000000e+00   0.000000e+00   2.757854e-03   1.545914e-01  -3.435502e-02   0.000000e+00
 0.000000e+00   0.000000e+00  -3.327866e-02   0.000000e+00   0.000000e+00  -5.077865e-02  -3.435502e-02   2.384895e-01   0.000000e+00
 1.135647e-02   1.776649e-02   0.000000e+00   3.465585e-03   2.429229e-02   0.000000e+00   0.000000e+00   0.000000e+00   1.327697e-01

# timestamp: 1774889734.1373007
 2.560585e-03   2.085243e-03   0.000000e+00   7.865653e-04   2.775452e-03   0.000000e+00   0.000000e+00   0.000000e+00   1.144763e-02
 2.085243e-03   4.819436e-03   0.000000e+00   7.490150e-04   5.020553e-03   0.000000e+00   0.000000e+00   0.000000e+00   1.842062e-02
 0.000000e+00   0.000000e+00   9.198186e-03   0.000000e+00   0.000000e+00   1.011829e-02  -9.061377e-03  -3.464426e-02   0.000000e+00
 7.865653e-04   7.490150e-04   0.000000e+00   6.172096e-04   9.739283e-04   0.000000e+00   0.000000e+00   0.000000e+00   3.345544e-03
 2.775452e-03   5.020553e-03   0.000000e+00   9.739283e-04   6.648055e-03   0.000000e+00   0.000000e+00   0.000000e+00   2.497555e-02
 0.000000e+00   0.000000e+00   1.011829e-02   0.000000e+00   0.000000e+00   1.421273e-02   3.071983e-03  -5.202989e-02   0.000000e+00
 0.000000e+00   0.000000e+00  -9.061377e-03   0.000000e+00   0.000000e+00   3.071983e-03   1.572562e-01  -3.435502e-02   0.000000e+00
 0.000000e+00   0.000000e+00  -3.464426e-02   0.000000e+00   0.000000e+00  -5.202989e-02  -3.435502e-02   2.411543e-01   0.000000e+00
 1.144763e-02   1.842062e-02   0.000000e+00   3.345544e-03   2.497555e-02   0.000000e+00   0.000000e+00   0.000000e+00   1.354345e-01

# timestamp: 1774889734.1532032
 2.597325e-03   2.135722e-03   0.000000e+00   7.898803e-04   2.820511e-03   0.000000e+00   0.000000e+00   0.000000e+00   1.149506e-02
 2.135722e-03   4.978413e-03   0.000000e+00   7.539571e-04   5.166514e-03   0.000000e+00   0.000000e+00   0.000000e+00   1.877767e-02
 0.000000e+00   0.000000e+00   9.504210e-03   0.000000e+00   0.000000e+00   1.041309e-02  -9.017031e-03  -3.538774e-02   0.000000e+00
 7.898803e-04   7.539571e-04   0.000000e+00   6.154714e-04   9.709195e-04   0.000000e+00   0.000000e+00   0.000000e+00   3.280388e-03
 2.820511e-03   5.166514e-03   0.000000e+00   9.709195e-04   6.786187e-03   0.000000e+00   0.000000e+00   0.000000e+00   2.534640e-02
 0.000000e+00   0.000000e+00   1.041309e-02   0.000000e+00   0.000000e+00   1.450170e-02   3.240886e-03  -5.270435e-02   0.000000e+00
 0.000000e+00   0.000000e+00  -9.017031e-03   0.000000e+00   0.000000e+00   3.240886e-03   1.586806e-01  -3.435502e-02   0.000000e+00
 0.000000e+00   0.000000e+00  -3.538774e-02   0.000000e+00   0.000000e+00  -5.270435e-02  -3.435502e-02   2.425787e-01   0.000000e+00
 1.149506e-02   1.877767e-02   0.000000e+00   3.280388e-03   2.534640e-02   0.000000e+00   0.000000e+00   0.000000e+00   1.368589e-01

# timestamp: 1774889734.1692922
 2.645679e-03   2.203067e-03   0.000000e+00   7.941582e-04   2.879767e-03   0.000000e+00   0.000000e+00   0.000000e+00   1.155585e-02
 2.203067e-03   5.193511e-03   0.000000e+00   7.601196e-04   5.362621e-03   0.000000e+00   0.000000e+00   0.000000e+00   1.925457e-02
 0.000000e+00   0.000000e+00   9.918865e-03   0.000000e+00   0.000000e+00   1.080951e-02  -8.955058e-03  -3.637858e-02   0.000000e+00
 7.941582e-04   7.601196e-04   0.000000e+00   6.132852e-04   9.664303e-04   0.000000e+00   0.000000e+00   0.000000e+00   3.193874e-03
 2.879767e-03   5.362621e-03   0.000000e+00   9.664303e-04   6.970556e-03   0.000000e+00   0.000000e+00   0.000000e+00   2.583883e-02
 0.000000e+00   0.000000e+00   1.080951e-02   0.000000e+00   0.000000e+00   1.488678e-02   3.463565e-03  -5.359524e-02   0.000000e+00
 0.000000e+00   0.000000e+00  -8.955058e-03   0.000000e+00   0.000000e+00   3.463565e-03   1.605502e-01  -3.435502e-02   0.000000e+00
 0.000000e+00   0.000000e+00  -3.637858e-02   0.000000e+00   0.000000e+00  -5.359524e-02  -3.435502e-02   2.444483e-01   0.000000e+00
 1.155585e-02   1.925457e-02   0.000000e+00   3.193874e-03   2.583883e-02   0.000000e+00   0.000000e+00   0.000000e+00   1.387284e-01

# timestamp: 1774889734.189755
 2.494054e-03   2.089660e-03   0.000000e+00   7.259459e-04   2.806978e-03   0.000000e+00   0.000000e+00   0.000000e+00   1.194554e-02
 2.089660e-03   4.725977e-03   0.000000e+00   6.800928e-04   5.026199e-03   0.000000e+00   0.000000e+00   0.000000e+00   1.910813e-02
 0.000000e+00   0.000000e+00   8.773270e-03   0.000000e+00   0.000000e+00   9.566257e-03  -1.072712e-02  -3.364265e-02   0.000000e+00
 7.259459e-04   6.800928e-04   0.000000e+00   5.843635e-04   8.967772e-04   0.000000e+00   0.000000e+00   0.000000e+00   3.182419e-03
 2.806978e-03   5.026199e-03   0.000000e+00   8.967772e-04   6.739124e-03   0.000000e+00   0.000000e+00   0.000000e+00   2.581797e-02
 0.000000e+00   0.000000e+00   9.566257e-03   0.000000e+00   0.000000e+00   1.354894e-02   1.775291e-03  -5.056223e-02   0.000000e+00
 0.000000e+00   0.000000e+00  -1.072712e-02   0.000000e+00   0.000000e+00   1.775291e-03   1.604594e-01  -2.997606e-02   0.000000e+00
 0.000000e+00   0.000000e+00  -3.364265e-02   0.000000e+00   0.000000e+00  -5.056223e-02  -2.997606e-02   2.373832e-01   0.000000e+00
 1.194554e-02   1.910813e-02   0.000000e+00   3.182419e-03   2.581797e-02   0.000000e+00   0.000000e+00   0.000000e+00   1.384673e-01

# timestamp: 1774889734.3828242
 2.519423e-03   2.309576e-03   0.000000e+00   6.227835e-04   3.033196e-03   0.000000e+00   0.000000e+00   0.000000e+00   1.288609e-02
 2.309576e-03   5.321683e-03   0.000000e+00   5.535886e-04   5.725648e-03   0.000000e+00   0.000000e+00   0.000000e+00   2.201100e-02
 0.000000e+00   0.000000e+00   9.370761e-03   0.000000e+00   0.000000e+00   9.799355e-03  -1.384504e-02  -3.490409e-02   0.000000e+00
 6.227835e-04   5.535886e-04   0.000000e+00   5.249192e-04   7.131462e-04   0.000000e+00   0.000000e+00   0.000000e+00   2.501948e-03
 3.033196e-03   5.725648e-03   0.000000e+00   7.131462e-04   7.527721e-03   0.000000e+00   0.000000e+00   0.000000e+00   2.894690e-02
 0.000000e+00   0.000000e+00   9.799355e-03   0.000000e+00   0.000000e+00   1.345414e-02   6.642532e-05  -5.028463e-02   0.000000e+00
 0.000000e+00   0.000000e+00  -1.384504e-02   0.000000e+00   0.000000e+00   6.642532e-05   1.755014e-01  -2.163999e-02   0.000000e+00
 0.000000e+00   0.000000e+00  -3.490409e-02   0.000000e+00   0.000000e+00  -5.028463e-02  -2.163999e-02   2.354494e-01   0.000000e+00
 1.288609e-02   2.201100e-02   0.000000e+00   2.501948e-03   2.894690e-02   0.000000e+00   0.000000e+00   0.000000e+00   1.504843e-01

# timestamp: 1774889734.4116406
 2.602934e-03   2.443950e-03   0.000000e+00   6.320535e-04   3.146257e-03   0.000000e+00   0.000000e+00   0.000000e+00   1.297722e-02
 2.443950e-03   5.795869e-03   0.000000e+00   5.619796e-04   6.161014e-03   0.000000e+00   0.000000e+00   0.000000e+00   2.309291e-02
 0.000000e+00   0.000000e+00   1.015613e-02   0.000000e+00   0.000000e+00   1.053631e-02  -1.383933e-02  -3.678161e-02   0.000000e+00
 6.320535e-04   5.619796e-04   0.000000e+00   5.247742e-04   7.063336e-04   0.000000e+00   0.000000e+00   0.000000e+00   2.381551e-03
 3.146257e-03   6.161014e-03   0.000000e+00   7.063336e-04   7.926189e-03   0.000000e+00   0.000000e+00   0.000000e+00   2.997234e-02
 0.000000e+00   0.000000e+00   1.053631e-02   0.000000e+00   0.000000e+00   1.414281e-02   3.515036e-04  -5.189641e-02   0.000000e+00
 0.000000e+00   0.000000e+00  -1.383933e-02   0.000000e+00   0.000000e+00   3.515036e-04   1.791986e-01  -2.163999e-02   0.000000e+00
 0.000000e+00   0.000000e+00  -3.678161e-02   0.000000e+00   0.000000e+00  -5.189641e-02  -2.163999e-02   2.391467e-01   0.000000e+00
 1.297722e-02   2.309291e-02   0.000000e+00   2.381551e-03   2.997234e-02   0.000000e+00   0.000000e+00   0.000000e+00   1.541816e-01

# timestamp: 1774889734.4350467
 2.645930e-03   2.514555e-03   0.000000e+00   6.367645e-04   3.204242e-03   0.000000e+00   0.000000e+00   0.000000e+00   1.302201e-02
 2.514555e-03   6.051615e-03   0.000000e+00   5.658562e-04   6.392714e-03   0.000000e+00   0.000000e+00   0.000000e+00   2.366266e-02
 0.000000e+00   0.000000e+00   1.058013e-02   0.000000e+00   0.000000e+00   1.092884e-02  -1.383200e-02  -3.776772e-02   0.000000e+00
 6.367645e-04   5.658562e-04   0.000000e+00   5.247738e-04   7.022168e-04   0.000000e+00   0.000000e+00   0.000000e+00   2.318874e-03
 3.204242e-03   6.392714e-03   0.000000e+00   7.022168e-04   8.135545e-03   0.000000e+00   0.000000e+00   0.000000e+00   3.050617e-02
 0.000000e+00   0.000000e+00   1.092884e-02   0.000000e+00   0.000000e+00   1.450396e-02   4.984907e-04  -5.273042e-02   0.000000e+00
 0.000000e+00   0.000000e+00  -1.383200e-02   0.000000e+00   0.000000e+00   4.984907e-04   1.810914e-01  -2.163999e-02   0.000000e+00
 0.000000e+00   0.000000e+00  -3.776772e-02   0.000000e+00   0.000000e+00  -5.273042e-02  -2.163999e-02   2.410395e-01   0.000000e+00
 1.302201e-02   2.366266e-02   0.000000e+00   2.318874e-03   3.050617e-02   0.000000e+00   0.000000e+00   0.000000e+00   1.560744e-01

# timestamp: 1774889734.456558
 2.699319e-03   2.603468e-03   0.000000e+00   6.425623e-04   3.276009e-03   0.000000e+00   0.000000e+00   0.000000e+00   1.307570e-02
 2.603468e-03   6.380129e-03   0.000000e+00   5.702196e-04   6.687439e-03   0.000000e+00   0.000000e+00   0.000000e+00   2.438132e-02
 0.000000e+00   0.000000e+00   1.112520e-02   0.000000e+00   0.000000e+00   1.142841e-02  -1.381900e-02  -3.900909e-02   0.000000e+00
 6.425623e-04   5.702196e-04   0.000000e+00   5.248436e-04   6.965294e-04   0.000000e+00   0.000000e+00   0.000000e+00   2.240367e-03
 3.276009e-03   6.687439e-03   0.000000e+00   6.965294e-04   8.399436e-03   0.000000e+00   0.000000e+00   0.000000e+00   3.117482e-02
 0.000000e+00   0.000000e+00   1.142841e-02   0.000000e+00   0.000000e+00   1.495849e-02   6.812162e-04  -5.377014e-02   0.000000e+00
 0.000000e+00   0.000000e+00  -1.381900e-02   0.000000e+00   0.000000e+00   6.812162e-04   1.834312e-01  -2.163999e-02   0.000000e+00
 0.000000e+00   0.000000e+00  -3.900909e-02   0.000000e+00   0.000000e+00  -5.377014e-02  -2.163999e-02   2.433793e-01   0.000000e+00
 1.307570e-02   2.438132e-02   0.000000e+00   2.240367e-03   3.117482e-02   0.000000e+00   0.000000e+00   0.000000e+00   1.584142e-01

# timestamp: 1774889734.4735937
 2.742582e-03   2.676550e-03   0.000000e+00   6.472195e-04   3.333963e-03   0.000000e+00   0.000000e+00   0.000000e+00   1.311759e-02
 2.676550e-03   6.655588e-03   0.000000e+00   5.733854e-04   6.932157e-03   0.000000e+00   0.000000e+00   0.000000e+00   2.497331e-02
 0.000000e+00   0.000000e+00   1.158259e-02   0.000000e+00   0.000000e+00   1.184341e-02  -1.380521e-02  -4.002954e-02   0.000000e+00
 6.472195e-04   5.733854e-04   0.000000e+00   5.249573e-04   6.914521e-04   0.000000e+00   0.000000e+00   0.000000e+00   2.176223e-03
 3.333963e-03   6.932157e-03   0.000000e+00   6.914521e-04   8.616522e-03   0.000000e+00   0.000000e+00   0.000000e+00   3.172115e-02
 0.000000e+00   0.000000e+00   1.184341e-02   0.000000e+00   0.000000e+00   1.533183e-02   8.294534e-04  -5.461588e-02   0.000000e+00
 0.000000e+00   0.000000e+00  -1.380521e-02   0.000000e+00   0.000000e+00   8.294534e-04   1.853191e-01  -2.163999e-02   0.000000e+00
 0.000000e+00   0.000000e+00  -4.002954e-02   0.000000e+00   0.000000e+00  -5.461588e-02  -2.163999e-02   2.452672e-01   0.000000e+00
 1.311759e-02   2.497331e-02   0.000000e+00   2.176223e-03   3.172115e-02   0.000000e+00   0.000000e+00   0.000000e+00   1.603021e-01

# timestamp: 1774889734.6833549
 2.523956e-03   2.568263e-03   0.000000e+00   5.130843e-04   3.226960e-03   0.000000e+00   0.000000e+00   0.000000e+00   1.360270e-02
 2.568263e-03   6.351238e-03   0.000000e+00   3.916578e-04   6.768116e-03   0.000000e+00   0.000000e+00   0.000000e+00   2.599173e-02
 0.000000e+00   0.000000e+00   1.048743e-02   0.000000e+00   0.000000e+00   1.024607e-02  -1.841432e-02  -3.686922e-02   0.000000e+00
 5.130843e-04   3.916578e-04   0.000000e+00   4.765270e-04   4.803742e-04   0.000000e+00   0.000000e+00   0.000000e+00   1.732211e-03
 3.226960e-03   6.768116e-03   0.000000e+00   4.803742e-04   8.528034e-03   0.000000e+00   0.000000e+00   0.000000e+00   3.269677e-02
 0.000000e+00   0.000000e+00   1.024607e-02   0.000000e+00   0.000000e+00   1.323054e-02  -2.329656e-03  -4.946861e-02   0.000000e+00
 0.000000e+00   0.000000e+00  -1.841432e-02   0.000000e+00   0.000000e+00  -2.329656e-03   2.028485e-01  -1.117082e-02   0.000000e+00
 0.000000e+00   0.000000e+00  -3.686922e-02   0.000000e+00   0.000000e+00  -4.946861e-02  -1.117082e-02   2.330603e-01   0.000000e+00
 1.360270e-02   2.599173e-02   0.000000e+00   1.732211e-03   3.269677e-02   0.000000e+00   0.000000e+00   0.000000e+00   1.656923e-01

# timestamp: 1774889734.708256
 2.585389e-03   2.678536e-03   0.000000e+00   5.222432e-04   3.312471e-03   0.000000e+00   0.000000e+00   0.000000e+00   1.365422e-02
 2.678536e-03   6.800636e-03   0.000000e+00   3.958442e-04   7.167985e-03   0.000000e+00   0.000000e+00   0.000000e+00   2.698780e-02
 0.000000e+00   0.000000e+00   1.115210e-02   0.000000e+00   0.000000e+00   1.084099e-02  -1.848305e-02  -3.837520e-02   0.000000e+00
 5.222432e-04   3.958442e-04   0.000000e+00   4.782325e-04   4.764598e-04   0.000000e+00   0.000000e+00   0.000000e+00   1.667599e-03
 3.312471e-03   7.167985e-03   0.000000e+00   4.764598e-04   8.876405e-03   0.000000e+00   0.000000e+00   0.000000e+00   3.357017e-02
 0.000000e+00   0.000000e+00   1.084099e-02   0.000000e+00   0.000000e+00   1.375384e-02  -2.192499e-03  -5.069741e-02   0.000000e+00
 0.000000e+00   0.000000e+00  -1.848305e-02   0.000000e+00   0.000000e+00  -2.192499e-03   2.058649e-01  -1.117082e-02   0.000000e+00
 0.000000e+00   0.000000e+00  -3.837520e-02   0.000000e+00   0.000000e+00  -5.069741e-02  -1.117082e-02   2.360766e-01   0.000000e+00
 1.365422e-02   2.698780e-02   0.000000e+00   1.667599e-03   3.357017e-02   0.000000e+00   0.000000e+00   0.000000e+00   1.687087e-01

# timestamp: 1774889734.7312958
 2.615491e-03   2.733192e-03   0.000000e+00   5.267127e-04   3.354143e-03   0.000000e+00   0.000000e+00   0.000000e+00   1.367859e-02
 2.733192e-03   7.028220e-03   0.000000e+00   3.976974e-04   7.368352e-03   0.000000e+00   0.000000e+00   0.000000e+00   2.748224e-02
 0.000000e+00   0.000000e+00   1.148878e-02   0.000000e+00   0.000000e+00   1.113917e-02  -1.851499e-02  -3.912173e-02   0.000000e+00
 5.267127e-04   3.976974e-04   0.000000e+00   4.790808e-04   4.743094e-04   0.000000e+00   0.000000e+00   0.000000e+00   1.635731e-03
 3.354143e-03   7.368352e-03   0.000000e+00   4.743094e-04   9.049286e-03   0.000000e+00   0.000000e+00   0.000000e+00   3.400095e-02
 0.000000e+00   0.000000e+00   1.113917e-02   0.000000e+00   0.000000e+00   1.401325e-02  -2.125320e-03  -5.130119e-02   0.000000e+00
 0.000000e+00   0.000000e+00  -1.851499e-02   0.000000e+00   0.000000e+00  -2.125320e-03   2.073331e-01  -1.117082e-02   0.000000e+00
 0.000000e+00   0.000000e+00  -3.912173e-02   0.000000e+00   0.000000e+00  -5.130119e-02  -1.117082e-02   2.375448e-01   0.000000e+00
 1.367859e-02   2.748224e-02   0.000000e+00   1.635731e-03   3.400095e-02   0.000000e+00   0.000000e+00   0.000000e+00   1.701769e-01

# timestamp: 1774889734.751178
 2.659190e-03   2.813100e-03   0.000000e+00   5.331845e-04   3.414366e-03   0.000000e+00   0.000000e+00   0.000000e+00   1.371305e-02
 2.813100e-03   7.366679e-03   0.000000e+00   4.001349e-04   7.663982e-03   0.000000e+00   0.000000e+00   0.000000e+00   2.820554e-02
 0.000000e+00   0.000000e+00   1.198963e-02   0.000000e+00   0.000000e+00   1.157921e-02  -1.855961e-02  -4.021274e-02   0.000000e+00
 5.331845e-04   4.001349e-04   0.000000e+00   4.803264e-04   4.709184e-04   0.000000e+00   0.000000e+00   0.000000e+00   1.589178e-03
 3.414366e-03   7.663982e-03   0.000000e+00   4.709184e-04   9.302704e-03   0.000000e+00   0.000000e+00   0.000000e+00   3.463023e-02
 0.000000e+00   0.000000e+00   1.157921e-02   0.000000e+00   0.000000e+00   1.439315e-02  -2.027799e-03  -5.218017e-02   0.000000e+00
 0.000000e+00   0.000000e+00  -1.855961e-02   0.000000e+00   0.000000e+00  -2.027799e-03   2.094523e-01  -1.117082e-02   0.000000e+00
 0.000000e+00   0.000000e+00  -4.021274e-02   0.000000e+00   0.000000e+00  -5.218017e-02  -1.117082e-02   2.396641e-01   0.000000e+00
 1.371305e-02   2.820554e-02   0.000000e+00   1.589178e-03   3.463023e-02   0.000000e+00   0.000000e+00   0.000000e+00   1.722961e-01

# timestamp: 1774889734.764618
 2.687174e-03   2.864801e-03   0.000000e+00   5.373141e-04   3.452762e-03   0.000000e+00   0.000000e+00   0.000000e+00   1.373442e-02
 2.864801e-03   7.589373e-03   0.000000e+00   4.015574e-04   7.856844e-03   0.000000e+00   0.000000e+00   0.000000e+00   2.867465e-02
 0.000000e+00   0.000000e+00   1.231919e-02   0.000000e+00   0.000000e+00   1.186634e-02  -1.858679e-02  -4.091944e-02   0.000000e+00
 5.373141e-04   4.015574e-04   0.000000e+00   4.811336e-04   4.685784e-04   0.000000e+00   0.000000e+00   0.000000e+00   1.559254e-03
 3.452762e-03   7.856844e-03   0.000000e+00   4.685784e-04   9.466643e-03   0.000000e+00   0.000000e+00   0.000000e+00   3.503473e-02
 0.000000e+00   0.000000e+00   1.186634e-02   0.000000e+00   0.000000e+00   1.463869e-02  -1.965388e-03  -5.274383e-02   0.000000e+00
 0.000000e+00   0.000000e+00  -1.858679e-02   0.000000e+00   0.000000e+00  -1.965388e-03   2.108031e-01  -1.117082e-02   0.000000e+00
 0.000000e+00   0.000000e+00  -4.091944e-02   0.000000e+00   0.000000e+00  -5.274383e-02  -1.117082e-02   2.410148e-01   0.000000e+00
 1.373442e-02   2.867465e-02   0.000000e+00   1.559254e-03   3.503473e-02   0.000000e+00   0.000000e+00   0.000000e+00   1.736469e-01

# timestamp: 1774889734.9753435
 2.649160e-03   2.937706e-03   0.000000e+00   4.980032e-04   3.448133e-03   0.000000e+00   0.000000e+00   0.000000e+00   1.380082e-02
 2.937706e-03   8.227171e-03   0.000000e+00   3.244903e-04   8.387540e-03   0.000000e+00   0.000000e+00   0.000000e+00   3.071525e-02
 0.000000e+00   0.000000e+00   1.296436e-02   0.000000e+00   0.000000e+00   1.199082e-02  -2.164364e-02  -4.172938e-02   0.000000e+00
 4.980032e-04   3.244903e-04   0.000000e+00   4.673061e-04   3.693269e-04   0.000000e+00   0.000000e+00   0.000000e+00   1.330476e-03
 3.448133e-03   8.387540e-03   0.000000e+00   3.693269e-04   9.845026e-03   0.000000e+00   0.000000e+00   0.000000e+00   3.652619e-02
 0.000000e+00   0.000000e+00   1.199082e-02   0.000000e+00   0.000000e+00   1.425552e-02  -3.555790e-03  -5.171890e-02   0.000000e+00
 0.000000e+00   0.000000e+00  -2.164364e-02   0.000000e+00   0.000000e+00  -3.555790e-03   2.305443e-01  -5.693596e-03   0.000000e+00
 0.000000e+00   0.000000e+00  -4.172938e-02   0.000000e+00   0.000000e+00  -5.171890e-02  -5.693596e-03   2.395704e-01   0.000000e+00
 1.380082e-02   3.071525e-02   0.000000e+00   1.330476e-03   3.652619e-02   0.000000e+00   0.000000e+00   0.000000e+00   1.804717e-01

# timestamp: 1774889734.990426
 2.468980e-03   2.658903e-03   0.000000e+00   4.582541e-04   3.213141e-03   0.000000e+00   0.000000e+00   0.000000e+00   1.367893e-02
 2.658903e-03   7.085008e-03   0.000000e+00   2.927308e-04   7.388399e-03   0.000000e+00   0.000000e+00   0.000000e+00   2.854974e-02
 0.000000e+00   0.000000e+00   1.132952e-02   0.000000e+00   0.000000e+00   1.040686e-02  -2.271700e-02  -3.802283e-02   0.000000e+00
 4.582541e-04   2.927308e-04   0.000000e+00   4.567545e-04   3.447902e-04   0.000000e+00   0.000000e+00   0.000000e+00   1.404759e-03
 3.213141e-03   7.388399e-03   0.000000e+00   3.447902e-04   8.962151e-03   0.000000e+00   0.000000e+00   0.000000e+00   3.454405e-02
 0.000000e+00   0.000000e+00   1.040686e-02   0.000000e+00   0.000000e+00   1.271497e-02  -4.460668e-03  -4.806139e-02   0.000000e+00
 0.000000e+00   0.000000e+00  -2.271700e-02   0.000000e+00   0.000000e+00  -4.460668e-03   2.321787e-01  -3.481764e-03   0.000000e+00
 0.000000e+00   0.000000e+00  -3.802283e-02   0.000000e+00   0.000000e+00  -4.806139e-02  -3.481764e-03   2.310488e-01   0.000000e+00
 1.367893e-02   2.854974e-02   0.000000e+00   1.404759e-03   3.454405e-02   0.000000e+00   0.000000e+00   0.000000e+00   1.747666e-01

# timestamp: 1774889735.0083969
 2.506191e-03   2.727070e-03   0.000000e+00   4.671488e-04   3.263703e-03   0.000000e+00   0.000000e+00   0.000000e+00   1.370608e-02
 2.727070e-03   7.394468e-03   0.000000e+00   2.995135e-04   7.655931e-03   0.000000e+00   0.000000e+00   0.000000e+00   2.922097e-02
 0.000000e+00   0.000000e+00   1.175746e-02   0.000000e+00   0.000000e+00   1.077845e-02  -2.280315e-02  -3.895646e-02   0.000000e+00
 4.671488e-04   2.995135e-04   0.000000e+00   4.586958e-04   3.493978e-04   0.000000e+00   0.000000e+00   0.000000e+00   1.405303e-03
 3.263703e-03   7.655931e-03   0.000000e+00   3.493978e-04   9.187163e-03   0.000000e+00   0.000000e+00   0.000000e+00   3.510793e-02
 0.000000e+00   0.000000e+00   1.077845e-02   0.000000e+00   0.000000e+00   1.302717e-02  -4.450238e-03  -4.880552e-02   0.000000e+00
 0.000000e+00   0.000000e+00  -2.280315e-02   0.000000e+00   0.000000e+00  -4.450238e-03   2.341113e-01  -3.481764e-03   0.000000e+00
 0.000000e+00   0.000000e+00  -3.895646e-02   0.000000e+00   0.000000e+00  -4.880552e-02  -3.481764e-03   2.329814e-01   0.000000e+00
 1.370608e-02   2.922097e-02   0.000000e+00   1.405303e-03   3.510793e-02   0.000000e+00   0.000000e+00   0.000000e+00   1.766993e-01

# timestamp: 1774889735.0280602
 2.532451e-03   2.775456e-03   0.000000e+00   4.733994e-04   3.299211e-03   0.000000e+00   0.000000e+00   0.000000e+00   1.372510e-02
 2.775456e-03   7.617332e-03   0.000000e+00   3.043164e-04   7.847130e-03   0.000000e+00   0.000000e+00   0.000000e+00   2.969739e-02
 0.000000e+00   0.000000e+00   1.206568e-02   0.000000e+00   0.000000e+00   1.104402e-02  -2.286334e-02  -3.961866e-02   0.000000e+00
 4.733994e-04   3.043164e-04   0.000000e+00   4.600551e-04   3.526261e-04   0.000000e+00   0.000000e+00   0.000000e+00   1.405687e-03
 3.299211e-03   7.847130e-03   0.000000e+00   3.526261e-04   9.346874e-03   0.000000e+00   0.000000e+00   0.000000e+00   3.550647e-02
 0.000000e+00   0.000000e+00   1.104402e-02   0.000000e+00   0.000000e+00   1.324862e-02  -4.442938e-03  -4.933027e-02   0.000000e+00
 0.000000e+00   0.000000e+00  -2.286334e-02   0.000000e+00   0.000000e+00  -4.442938e-03   2.354646e-01  -3.481764e-03   0.000000e+00
 0.000000e+00   0.000000e+00  -3.961866e-02   0.000000e+00   0.000000e+00  -4.933027e-02  -3.481764e-03   2.343347e-01   0.000000e+00
 1.372510e-02   2.969739e-02   0.000000e+00   1.405687e-03   3.550647e-02   0.000000e+00   0.000000e+00   0.000000e+00   1.780525e-01

# timestamp: 1774889735.041927
 2.569975e-03   2.845007e-03   0.000000e+00   4.822933e-04   3.349706e-03   0.000000e+00   0.000000e+00   0.000000e+00   1.375208e-02
 2.845007e-03   7.942323e-03   0.000000e+00   3.112039e-04   8.123824e-03   0.000000e+00   0.000000e+00   0.000000e+00   3.038229e-02
 0.000000e+00   0.000000e+00   1.251520e-02   0.000000e+00   0.000000e+00   1.142832e-02  -2.294853e-02  -4.056995e-02   0.000000e+00
 4.822933e-04   3.112039e-04   0.000000e+00   4.619825e-04   3.572064e-04   0.000000e+00   0.000000e+00   0.000000e+00   1.406237e-03
 3.349706e-03   8.123824e-03   0.000000e+00   3.572064e-04   9.576406e-03   0.000000e+00   0.000000e+00   0.000000e+00   3.607670e-02
 0.000000e+00   0.000000e+00   1.142832e-02   0.000000e+00   0.000000e+00   1.356666e-02  -4.432592e-03  -5.007946e-02   0.000000e+00
 0.000000e+00   0.000000e+00  -2.294853e-02   0.000000e+00   0.000000e+00  -4.432592e-03   2.373833e-01  -3.481764e-03   0.000000e+00
 0.000000e+00   0.000000e+00  -4.056995e-02   0.000000e+00   0.000000e+00  -5.007946e-02  -3.481764e-03   2.362534e-01   0.000000e+00
 1.375208e-02   3.038229e-02   0.000000e+00   1.406237e-03   3.607670e-02   0.000000e+00   0.000000e+00   0.000000e+00   1.799712e-01

# timestamp: 1774889735.065291
 2.611216e-03   2.921967e-03   0.000000e+00   4.920189e-04   3.404877e-03   0.000000e+00   0.000000e+00   0.000000e+00   1.378146e-02
 2.921967e-03   8.308281e-03   0.000000e+00   3.188032e-04   8.432559e-03   0.000000e+00   0.000000e+00   0.000000e+00   3.114024e-02
 0.000000e+00   0.000000e+00   1.302146e-02   0.000000e+00   0.000000e+00   1.185710e-02  -2.304104e-02  -4.162174e-02   0.000000e+00
 4.920189e-04   3.188032e-04   0.000000e+00   4.640808e-04   3.621970e-04   0.000000e+00   0.000000e+00   0.000000e+00   1.406842e-03
 3.404877e-03   8.432559e-03   0.000000e+00   3.621970e-04   9.830444e-03   0.000000e+00   0.000000e+00   0.000000e+00   3.670456e-02
 0.000000e+00   0.000000e+00   1.185710e-02   0.000000e+00   0.000000e+00   1.391835e-02  -4.421336e-03  -5.090214e-02   0.000000e+00
 0.000000e+00   0.000000e+00  -2.304104e-02   0.000000e+00   0.000000e+00  -4.421336e-03   2.394722e-01  -3.481764e-03   0.000000e+00
 0.000000e+00   0.000000e+00  -4.162174e-02   0.000000e+00   0.000000e+00  -5.090214e-02  -3.481764e-03   2.383423e-01   0.000000e+00
 1.378146e-02   3.114024e-02   0.000000e+00   1.406842e-03   3.670456e-02   0.000000e+00   0.000000e+00   0.000000e+00   1.820601e-01

# timestamp: 1774889735.2628975
 2.568272e-03   2.893749e-03   0.000000e+00   5.116261e-04   3.320426e-03   0.000000e+00   0.000000e+00   0.000000e+00   1.371172e-02
 2.893749e-03   8.426703e-03   0.000000e+00   3.667544e-04   8.444149e-03   0.000000e+00   0.000000e+00   0.000000e+00   3.155415e-02
 0.000000e+00   0.000000e+00   1.328864e-02   0.000000e+00   0.000000e+00   1.171616e-02  -2.621336e-02  -4.144693e-02   0.000000e+00
 5.116261e-04   3.667544e-04   0.000000e+00   4.659362e-04   4.154246e-04   0.000000e+00   0.000000e+00   0.000000e+00   1.821064e-03
 3.320426e-03   8.444149e-03   0.000000e+00   4.154246e-04   9.696179e-03   0.000000e+00   0.000000e+00   0.000000e+00   3.657783e-02
 0.000000e+00   0.000000e+00   1.171616e-02   0.000000e+00   0.000000e+00   1.333535e-02  -6.625860e-03  -4.935044e-02   0.000000e+00
 0.000000e+00   0.000000e+00  -2.621336e-02   0.000000e+00   0.000000e+00  -6.625860e-03   2.582472e-01   1.102112e-03   0.000000e+00
 0.000000e+00   0.000000e+00  -4.144693e-02   0.000000e+00   0.000000e+00  -4.935044e-02   1.102112e-03   2.360467e-01   0.000000e+00
 1.371172e-02   3.155415e-02   0.000000e+00   1.821064e-03   3.657783e-02   0.000000e+00   0.000000e+00   0.000000e+00   1.834909e-01

# timestamp: 1774889735.2827547
 2.403653e-03   2.605939e-03   0.000000e+00   4.827608e-04   3.080982e-03   0.000000e+00   0.000000e+00   0.000000e+00   1.354462e-02
 2.605939e-03   7.141077e-03   0.000000e+00   3.491460e-04   7.313284e-03   0.000000e+00   0.000000e+00   0.000000e+00   2.882861e-02
 0.000000e+00   0.000000e+00   1.167520e-02   0.000000e+00   0.000000e+00   1.019021e-02  -2.729022e-02  -3.769489e-02   0.000000e+00
 4.827608e-04   3.491460e-04   0.000000e+00   4.588965e-04   4.066309e-04   0.000000e+00   0.000000e+00   0.000000e+00   1.941621e-03
 3.080982e-03   7.313284e-03   0.000000e+00   4.066309e-04   8.692342e-03   0.000000e+00   0.000000e+00   0.000000e+00   3.407640e-02
 0.000000e+00   0.000000e+00   1.019021e-02   0.000000e+00   0.000000e+00   1.188417e-02  -7.541815e-03  -4.576298e-02   0.000000e+00
 0.000000e+00   0.000000e+00  -2.729022e-02   0.000000e+00   0.000000e+00  -7.541815e-03   2.599527e-01   3.204612e-03   0.000000e+00
 0.000000e+00   0.000000e+00  -3.769489e-02   0.000000e+00   0.000000e+00  -4.576298e-02   3.204612e-03   2.273798e-01   0.000000e+00
 1.354462e-02   2.882861e-02   0.000000e+00   1.941621e-03   3.407640e-02   0.000000e+00   0.000000e+00   0.000000e+00   1.757663e-01

# timestamp: 1774889735.3040323
 2.446641e-03   2.681086e-03   0.000000e+00   4.960854e-04   3.137588e-03   0.000000e+00   0.000000e+00   0.000000e+00   1.358713e-02
 2.681086e-03   7.486345e-03   0.000000e+00   3.652492e-04   7.606956e-03   0.000000e+00   0.000000e+00   0.000000e+00   2.957378e-02
 0.000000e+00   0.000000e+00   1.214760e-02   0.000000e+00   0.000000e+00   1.059230e-02  -2.745469e-02  -3.869540e-02   0.000000e+00
 4.960854e-04   3.652492e-04   0.000000e+00   4.620281e-04   4.219137e-04   0.000000e+00   0.000000e+00   0.000000e+00   1.984858e-03
 3.137588e-03   7.606956e-03   0.000000e+00   4.219137e-04   8.935993e-03   0.000000e+00   0.000000e+00   0.000000e+00   3.469864e-02
 0.000000e+00   0.000000e+00   1.059230e-02   0.000000e+00   0.000000e+00   1.221423e-02  -7.616845e-03  -4.656723e-02   0.000000e+00
 0.000000e+00   0.000000e+00  -2.745469e-02   0.000000e+00   0.000000e+00  -7.616845e-03   2.621263e-01   3.204612e-03   0.000000e+00
 0.000000e+00   0.000000e+00  -3.869540e-02   0.000000e+00   0.000000e+00  -4.656723e-02   3.204612e-03   2.295534e-01   0.000000e+00
 1.358713e-02   2.957378e-02   0.000000e+00   1.984858e-03   3.469864e-02   0.000000e+00   0.000000e+00   0.000000e+00   1.779399e-01

# timestamp: 1774889735.3246272
 2.481536e-03   2.742461e-03   0.000000e+00   5.068314e-04   3.183335e-03   0.000000e+00   0.000000e+00   0.000000e+00   1.362188e-02
 2.742461e-03   7.772422e-03   0.000000e+00   3.785336e-04   7.848163e-03   0.000000e+00   0.000000e+00   0.000000e+00   3.018074e-02
 0.000000e+00   0.000000e+00   1.253903e-02   0.000000e+00   0.000000e+00   1.092247e-02  -2.758773e-02  -3.950987e-02   0.000000e+00
 5.068314e-04   3.785336e-04   0.000000e+00   4.645552e-04   4.343929e-04   0.000000e+00   0.000000e+00   0.000000e+00   2.019944e-03
 3.183335e-03   7.848163e-03   0.000000e+00   4.343929e-04   9.134603e-03   0.000000e+00   0.000000e+00   0.000000e+00   3.520357e-02
 0.000000e+00   0.000000e+00   1.092247e-02   0.000000e+00   0.000000e+00   1.248310e-02  -7.677430e-03  -4.721815e-02   0.000000e+00
 0.000000e+00   0.000000e+00  -2.758773e-02   0.000000e+00   0.000000e+00  -7.677430e-03   2.638698e-01   3.204612e-03   0.000000e+00
 0.000000e+00   0.000000e+00  -3.950987e-02   0.000000e+00   0.000000e+00  -4.721815e-02   3.204612e-03   2.312969e-01   0.000000e+00
 1.362188e-02   3.018074e-02   0.000000e+00   2.019944e-03   3.520357e-02   0.000000e+00   0.000000e+00   0.000000e+00   1.796834e-01

# timestamp: 1774889735.3411686
 2.507383e-03   2.788200e-03   0.000000e+00   5.147469e-04   3.217109e-03   0.000000e+00   0.000000e+00   0.000000e+00   1.364780e-02
 2.788200e-03   7.987901e-03   0.000000e+00   3.885021e-04   8.028557e-03   0.000000e+00   0.000000e+00   0.000000e+00   3.063226e-02
 0.000000e+00   0.000000e+00   1.283386e-02   0.000000e+00   0.000000e+00   1.116935e-02  -2.768608e-02  -4.011542e-02   0.000000e+00
 5.147469e-04   3.885021e-04   0.000000e+00   4.664182e-04   4.436752e-04   0.000000e+00   0.000000e+00   0.000000e+00   2.045882e-03
 3.217109e-03   8.028557e-03   0.000000e+00   4.436752e-04   9.282142e-03   0.000000e+00   0.000000e+00   0.000000e+00   3.557685e-02
 0.000000e+00   0.000000e+00   1.116935e-02   0.000000e+00   0.000000e+00   1.268272e-02  -7.722078e-03  -4.769854e-02   0.000000e+00
 0.000000e+00   0.000000e+00  -2.768608e-02   0.000000e+00   0.000000e+00  -7.722078e-03   2.651490e-01   3.204612e-03   0.000000e+00
 0.000000e+00   0.000000e+00  -4.011542e-02   0.000000e+00   0.000000e+00  -4.769854e-02   3.204612e-03   2.325761e-01   0.000000e+00
 1.364780e-02   3.063226e-02   0.000000e+00   2.045882e-03   3.557685e-02   0.000000e+00   0.000000e+00   0.000000e+00   1.809626e-01

# timestamp: 1774889735.5513904
 2.525249e-03   2.794033e-03   0.000000e+00   5.612720e-04   3.177206e-03   0.000000e+00   0.000000e+00   0.000000e+00   1.369580e-02
 2.794033e-03   8.070281e-03   0.000000e+00   4.798075e-04   7.987930e-03   0.000000e+00   0.000000e+00   0.000000e+00   3.071207e-02
 0.000000e+00   0.000000e+00   1.332017e-02   0.000000e+00   0.000000e+00   1.123665e-02  -3.113105e-02  -4.023030e-02   0.000000e+00
 5.612720e-04   4.798075e-04   0.000000e+00   4.788545e-04   5.438239e-04   0.000000e+00   0.000000e+00   0.000000e+00   2.586116e-03
 3.177206e-03   7.987930e-03   0.000000e+00   5.438239e-04   9.095893e-03   0.000000e+00   0.000000e+00   0.000000e+00   3.517753e-02
 0.000000e+00   0.000000e+00   1.123665e-02   0.000000e+00   0.000000e+00   1.234986e-02  -9.936264e-03  -4.675779e-02   0.000000e+00
 0.000000e+00   0.000000e+00  -3.113105e-02   0.000000e+00   0.000000e+00  -9.936264e-03   2.857392e-01   6.680202e-03   0.000000e+00
 0.000000e+00   0.000000e+00  -4.023030e-02   0.000000e+00   0.000000e+00  -4.675779e-02   6.680202e-03   2.320128e-01   0.000000e+00
 1.369580e-02   3.071207e-02   0.000000e+00   2.586116e-03   3.517753e-02   0.000000e+00   0.000000e+00   0.000000e+00   1.814275e-01

# timestamp: 1774889735.5732567
 2.583358e-03   2.894498e-03   0.000000e+00   5.785718e-04   3.251599e-03   0.000000e+00   0.000000e+00   0.000000e+00   1.376663e-02
 2.894498e-03   8.541008e-03   0.000000e+00   5.044417e-04   8.373577e-03   0.000000e+00   0.000000e+00   0.000000e+00   3.167586e-02
 0.000000e+00   0.000000e+00   1.397089e-02   0.000000e+00   0.000000e+00   1.176342e-02  -3.140220e-02  -4.151096e-02   0.000000e+00
 5.785718e-04   5.044417e-04   0.000000e+00   4.831800e-04   5.660680e-04   0.000000e+00   0.000000e+00   0.000000e+00   2.642454e-03
 3.251599e-03   8.373577e-03   0.000000e+00   5.660680e-04   9.406141e-03   0.000000e+00   0.000000e+00   0.000000e+00   3.596912e-02
 0.000000e+00   0.000000e+00   1.176342e-02   0.000000e+00   0.000000e+00   1.276733e-02  -1.005357e-02  -4.777009e-02   0.000000e+00
 0.000000e+00   0.000000e+00  -3.140220e-02   0.000000e+00   0.000000e+00  -1.005357e-02   2.884561e-01   6.680202e-03   0.000000e+00
 0.000000e+00   0.000000e+00  -4.151096e-02   0.000000e+00   0.000000e+00  -4.777009e-02   6.680202e-03   2.347297e-01   0.000000e+00
 1.376663e-02   3.167586e-02   0.000000e+00   2.642454e-03   3.596912e-02   0.000000e+00   0.000000e+00   0.000000e+00   1.841445e-01

# timestamp: 1774889735.5987086
 2.434493e-03   2.628315e-03   0.000000e+00   5.510380e-04   3.037519e-03   0.000000e+00   0.000000e+00   0.000000e+00   1.364986e-02
 2.628315e-03   7.286611e-03   0.000000e+00   4.772658e-04   7.294057e-03   0.000000e+00   0.000000e+00   0.000000e+00   2.907833e-02
 0.000000e+00   0.000000e+00   1.241638e-02   0.000000e+00   0.000000e+00   1.035678e-02  -3.213920e-02  -3.808898e-02   0.000000e+00
 5.510380e-04   4.772658e-04   0.000000e+00   4.771599e-04   5.486456e-04   0.000000e+00   0.000000e+00   0.000000e+00   2.717310e-03
 3.037519e-03   7.294057e-03   0.000000e+00   5.486456e-04   8.468640e-03   0.000000e+00   0.000000e+00   0.000000e+00   3.364075e-02
 0.000000e+00   0.000000e+00   1.035678e-02   0.000000e+00   0.000000e+00   1.149552e-02  -1.054308e-02  -4.467384e-02   0.000000e+00
 0.000000e+00   0.000000e+00  -3.213920e-02   0.000000e+00   0.000000e+00  -1.054308e-02   2.909322e-01   7.691520e-03   0.000000e+00
 0.000000e+00   0.000000e+00  -3.808898e-02   0.000000e+00   0.000000e+00  -4.467384e-02   7.691520e-03   2.274291e-01   0.000000e+00
 1.364986e-02   2.907833e-02   0.000000e+00   2.717310e-03   3.364075e-02   0.000000e+00   0.000000e+00   0.000000e+00   1.770159e-01

# timestamp: 1774889735.6174698
 2.468071e-03   2.684521e-03   0.000000e+00   5.593652e-04   3.080668e-03   0.000000e+00   0.000000e+00   0.000000e+00   1.369314e-02
 2.684521e-03   7.537373e-03   0.000000e+00   4.875661e-04   7.503583e-03   0.000000e+00   0.000000e+00   0.000000e+00   2.961534e-02
 0.000000e+00   0.000000e+00   1.276557e-02   0.000000e+00   0.000000e+00   1.063935e-02  -3.230710e-02  -3.880204e-02   0.000000e+00
 5.593652e-04   4.875661e-04   0.000000e+00   4.790351e-04   5.572516e-04   0.000000e+00   0.000000e+00   0.000000e+00   2.726603e-03
 3.080668e-03   7.503583e-03   0.000000e+00   5.572516e-04   8.640440e-03   0.000000e+00   0.000000e+00   0.000000e+00   3.408868e-02
 0.000000e+00   0.000000e+00   1.063935e-02   0.000000e+00   0.000000e+00   1.172420e-02  -1.057764e-02  -4.524886e-02   0.000000e+00
 0.000000e+00   0.000000e+00  -3.230710e-02   0.000000e+00   0.000000e+00  -1.057764e-02   2.925236e-01   7.691520e-03   0.000000e+00
 0.000000e+00   0.000000e+00  -3.880204e-02   0.000000e+00   0.000000e+00  -4.524886e-02   7.691520e-03   2.290204e-01   0.000000e+00
 1.369314e-02   2.961534e-02   0.000000e+00   2.726603e-03   3.408868e-02   0.000000e+00   0.000000e+00   0.000000e+00   1.786073e-01

# timestamp: 1774889735.6298616
 2.492955e-03   2.726468e-03   0.000000e+00   5.655132e-04   3.112585e-03   0.000000e+00   0.000000e+00   0.000000e+00   1.372509e-02
 2.726468e-03   7.726368e-03   0.000000e+00   4.952594e-04   7.660498e-03   0.000000e+00   0.000000e+00   0.000000e+00   3.001558e-02
 0.000000e+00   0.000000e+00   1.302855e-02   0.000000e+00   0.000000e+00   1.085092e-02  -3.243107e-02  -3.933326e-02   0.000000e+00
 5.655132e-04   4.952594e-04   0.000000e+00   4.804159e-04   5.636155e-04   0.000000e+00   0.000000e+00   0.000000e+00   2.733490e-03
 3.112585e-03   7.660498e-03   0.000000e+00   5.636155e-04   8.768328e-03   0.000000e+00   0.000000e+00   0.000000e+00   3.442066e-02
 0.000000e+00   0.000000e+00   1.085092e-02   0.000000e+00   0.000000e+00   1.189436e-02  -1.060312e-02  -4.567438e-02   0.000000e+00
 0.000000e+00   0.000000e+00  -3.243107e-02   0.000000e+00   0.000000e+00  -1.060312e-02   2.936948e-01   7.691520e-03   0.000000e+00
 0.000000e+00   0.000000e+00  -3.933326e-02   0.000000e+00   0.000000e+00  -4.567438e-02   7.691520e-03   2.301917e-01   0.000000e+00
 1.372509e-02   3.001558e-02   0.000000e+00   2.733490e-03   3.442066e-02   0.000000e+00   0.000000e+00   0.000000e+00   1.797785e-01

# timestamp: 1774889735.6426842
 2.517971e-03   2.768858e-03   0.000000e+00   5.716753e-04   3.144619e-03   0.000000e+00   0.000000e+00   0.000000e+00   1.375711e-02
 2.768858e-03   7.918958e-03   0.000000e+00   5.030387e-04   7.819574e-03   0.000000e+00   0.000000e+00   0.000000e+00   3.041949e-02
 0.000000e+00   0.000000e+00   1.329638e-02   0.000000e+00   0.000000e+00   1.106537e-02  -3.255527e-02  -3.986919e-02   0.000000e+00
 5.716753e-04   5.030387e-04   0.000000e+00   4.817965e-04   5.700017e-04   0.000000e+00   0.000000e+00   0.000000e+00   2.740418e-03
 3.144619e-03   7.819574e-03   0.000000e+00   5.700017e-04   8.897380e-03   0.000000e+00   0.000000e+00   0.000000e+00   3.475463e-02
 0.000000e+00   0.000000e+00   1.106537e-02   0.000000e+00   0.000000e+00   1.206600e-02  -1.062864e-02  -4.610184e-02   0.000000e+00
 0.000000e+00   0.000000e+00  -3.255527e-02   0.000000e+00   0.000000e+00  -1.062864e-02   2.948654e-01   7.691520e-03   0.000000e+00
 0.000000e+00   0.000000e+00  -3.986919e-02   0.000000e+00   0.000000e+00  -4.610184e-02   7.691520e-03   2.313623e-01   0.000000e+00
 1.375711e-02   3.041949e-02   0.000000e+00   2.740418e-03   3.475463e-02   0.000000e+00   0.000000e+00   0.000000e+00   1.809491e-01

# timestamp: 1774889735.8253455
 2.516580e-03   2.804262e-03   0.000000e+00   5.608295e-04   3.154526e-03   0.000000e+00   0.000000e+00   0.000000e+00   1.404052e-02
 2.804262e-03   7.977456e-03   0.000000e+00   4.898488e-04   7.836023e-03   0.000000e+00   0.000000e+00   0.000000e+00   3.113345e-02
 0.000000e+00   0.000000e+00   1.342552e-02   0.000000e+00   0.000000e+00   1.094625e-02  -3.397351e-02  -4.037900e-02   0.000000e+00
 5.608295e-04   4.898488e-04   0.000000e+00   4.750971e-04   5.499190e-04   0.000000e+00   0.000000e+00   0.000000e+00   2.638956e-03
 3.154526e-03   7.836023e-03   0.000000e+00   5.499190e-04   8.843793e-03   0.000000e+00   0.000000e+00   0.000000e+00   3.515508e-02
 0.000000e+00   0.000000e+00   1.094625e-02   0.000000e+00   0.000000e+00   1.184271e-02  -1.008256e-02  -4.615070e-02   0.000000e+00
 0.000000e+00   0.000000e+00  -3.397351e-02   0.000000e+00   0.000000e+00  -1.008256e-02   3.132744e-01   6.687978e-03   0.000000e+00
 0.000000e+00   0.000000e+00  -4.037900e-02   0.000000e+00   0.000000e+00  -4.615070e-02   6.687978e-03   2.343684e-01   0.000000e+00
 1.404052e-02   3.113345e-02   0.000000e+00   2.638956e-03   3.515508e-02   0.000000e+00   0.000000e+00   0.000000e+00   1.848124e-01

# timestamp: 1774889735.8401968
 2.543225e-03   2.850080e-03   0.000000e+00   5.649019e-04   3.188760e-03   0.000000e+00   0.000000e+00   0.000000e+00   1.407351e-02
 2.850080e-03   8.188107e-03   0.000000e+00   4.925128e-04   8.008432e-03   0.000000e+00   0.000000e+00   0.000000e+00   3.157502e-02
 0.000000e+00   0.000000e+00   1.371466e-02   0.000000e+00   0.000000e+00   1.116996e-02  -3.409974e-02  -4.095864e-02   0.000000e+00
 5.649019e-04   4.925128e-04   0.000000e+00   4.756443e-04   5.502780e-04   0.000000e+00   0.000000e+00   0.000000e+00   2.614002e-03
 3.188760e-03   8.008432e-03   0.000000e+00   5.502780e-04   8.982432e-03   0.000000e+00   0.000000e+00   0.000000e+00   3.551618e-02
 0.000000e+00   0.000000e+00   1.116996e-02   0.000000e+00   0.000000e+00   1.202158e-02  -1.005335e-02  -4.660725e-02   0.000000e+00
 0.000000e+00   0.000000e+00  -3.409974e-02   0.000000e+00   0.000000e+00  -1.005335e-02   3.145273e-01   6.687978e-03   0.000000e+00
 0.000000e+00   0.000000e+00  -4.095864e-02   0.000000e+00   0.000000e+00  -4.660725e-02   6.687978e-03   2.356212e-01   0.000000e+00
 1.407351e-02   3.157502e-02   0.000000e+00   2.614002e-03   3.551618e-02   0.000000e+00   0.000000e+00   0.000000e+00   1.860652e-01

# timestamp: 1774889735.86784
 2.600705e-03   2.949770e-03   0.000000e+00   5.736473e-04   3.262399e-03   0.000000e+00   0.000000e+00   0.000000e+00   1.414327e-02
 2.949770e-03   8.653927e-03   0.000000e+00   4.980142e-04   8.386583e-03   0.000000e+00   0.000000e+00   0.000000e+00   3.253551e-02
 0.000000e+00   0.000000e+00   1.435302e-02   0.000000e+00   0.000000e+00   1.166056e-02  -3.436923e-02  -4.221874e-02   0.000000e+00
 5.736473e-04   4.980142e-04   0.000000e+00   4.768401e-04   5.507186e-04   0.000000e+00   0.000000e+00   0.000000e+00   2.559884e-03
 3.262399e-03   8.386583e-03   0.000000e+00   5.507186e-04   9.284411e-03   0.000000e+00   0.000000e+00   0.000000e+00   3.629933e-02
 0.000000e+00   0.000000e+00   1.166056e-02   0.000000e+00   0.000000e+00   1.241109e-02  -9.990112e-03  -4.759500e-02   0.000000e+00
 0.000000e+00   0.000000e+00  -3.436923e-02   0.000000e+00   0.000000e+00  -9.990112e-03   3.172132e-01   6.687978e-03   0.000000e+00
 0.000000e+00   0.000000e+00  -4.221874e-02   0.000000e+00   0.000000e+00  -4.759500e-02   6.687978e-03   2.383072e-01   0.000000e+00
 1.414327e-02   3.253551e-02   0.000000e+00   2.559884e-03   3.629933e-02   0.000000e+00   0.000000e+00   0.000000e+00   1.887512e-01

# timestamp: 1774889735.8931015
 2.446846e-03   2.714380e-03   0.000000e+00   5.370820e-04   3.073084e-03   0.000000e+00   0.000000e+00   0.000000e+00   1.407250e-02
 2.714380e-03   7.579667e-03   0.000000e+00   4.603221e-04   7.492945e-03   0.000000e+00   0.000000e+00   0.000000e+00   3.067053e-02
 0.000000e+00   0.000000e+00   1.278817e-02   0.000000e+00   0.000000e+00   1.034290e-02  -3.404730e-02  -3.932594e-02   0.000000e+00
 5.370820e-04   4.603221e-04   0.000000e+00   4.674968e-04   5.193730e-04   0.000000e+00   0.000000e+00   0.000000e+00   2.554342e-03
 3.073084e-03   7.492945e-03   0.000000e+00   5.193730e-04   8.534128e-03   0.000000e+00   0.000000e+00   0.000000e+00   3.469715e-02
 0.000000e+00   0.000000e+00   1.034290e-02   0.000000e+00   0.000000e+00   1.131560e-02  -9.437306e-03  -4.516945e-02   0.000000e+00
 0.000000e+00   0.000000e+00  -3.404730e-02   0.000000e+00   0.000000e+00  -9.437306e-03   3.199393e-01   5.544270e-03   0.000000e+00
 0.000000e+00   0.000000e+00  -3.932594e-02   0.000000e+00   0.000000e+00  -4.516945e-02   5.544270e-03   2.331744e-01   0.000000e+00
 1.407250e-02   3.067053e-02   0.000000e+00   2.554342e-03   3.469715e-02   0.000000e+00   0.000000e+00   0.000000e+00   1.846300e-01

# timestamp: 1774889735.9240685
 2.504531e-03   2.813079e-03   0.000000e+00   5.475071e-04   3.147076e-03   0.000000e+00   0.000000e+00   0.000000e+00   1.414281e-02
 2.813079e-03   8.031172e-03   0.000000e+00   4.690944e-04   7.864113e-03   0.000000e+00   0.000000e+00   0.000000e+00   3.163844e-02
 0.000000e+00   0.000000e+00   1.340013e-02   0.000000e+00   0.000000e+00   1.082303e-02  -3.430801e-02  -4.058565e-02   0.000000e+00
 5.475071e-04   4.690944e-04   0.000000e+00   4.693478e-04   5.237541e-04   0.000000e+00   0.000000e+00   0.000000e+00   2.520728e-03
 3.147076e-03   7.864113e-03   0.000000e+00   5.237541e-04   8.833083e-03   0.000000e+00   0.000000e+00   0.000000e+00   3.548371e-02
 0.000000e+00   0.000000e+00   1.082303e-02   0.000000e+00   0.000000e+00   1.170042e-02  -9.402688e-03  -4.615989e-02   0.000000e+00
 0.000000e+00   0.000000e+00  -3.430801e-02   0.000000e+00   0.000000e+00  -9.402688e-03   3.227056e-01   5.544270e-03   0.000000e+00
 0.000000e+00   0.000000e+00  -4.058565e-02   0.000000e+00   0.000000e+00  -4.615989e-02   5.544270e-03   2.359407e-01   0.000000e+00
 1.414281e-02   3.163844e-02   0.000000e+00   2.520728e-03   3.548371e-02   0.000000e+00   0.000000e+00   0.000000e+00   1.873963e-01

# timestamp: 1774889736.1099718
 2.476520e-03   2.824157e-03   0.000000e+00   5.398276e-04   3.121168e-03   0.000000e+00   0.000000e+00   0.000000e+00   1.429650e-02
 2.824157e-03   8.113209e-03   0.000000e+00   4.707231e-04   7.884786e-03   0.000000e+00   0.000000e+00   0.000000e+00   3.247370e-02
 0.000000e+00   0.000000e+00   1.335954e-02   0.000000e+00   0.000000e+00   1.062108e-02  -3.513175e-02  -4.088715e-02   0.000000e+00
 5.398276e-04   4.707231e-04   0.000000e+00   4.651377e-04   5.192670e-04   0.000000e+00   0.000000e+00   0.000000e+00   2.545354e-03
 3.121168e-03   7.884786e-03   0.000000e+00   5.192670e-04   8.764204e-03   0.000000e+00   0.000000e+00   0.000000e+00   3.589729e-02
 0.000000e+00   0.000000e+00   1.062108e-02   0.000000e+00   0.000000e+00   1.141695e-02  -8.707799e-03  -4.597340e-02   0.000000e+00
 0.000000e+00   0.000000e+00  -3.513175e-02   0.000000e+00   0.000000e+00  -8.707799e-03   3.413629e-01   3.853047e-03   0.000000e+00
 0.000000e+00   0.000000e+00  -4.088715e-02   0.000000e+00   0.000000e+00  -4.597340e-02   3.853047e-03   2.383629e-01   0.000000e+00
 1.429650e-02   3.247370e-02   0.000000e+00   2.545354e-03   3.589729e-02   0.000000e+00   0.000000e+00   0.000000e+00   1.916628e-01

# timestamp: 1774889736.134351
 2.515942e-03   2.892389e-03   0.000000e+00   5.492216e-04   3.170717e-03   0.000000e+00   0.000000e+00   0.000000e+00   1.434458e-02
 2.892389e-03   8.433971e-03   0.000000e+00   4.819338e-04   8.142688e-03   0.000000e+00   0.000000e+00   0.000000e+00   3.315453e-02
 0.000000e+00   0.000000e+00   1.378485e-02   0.000000e+00   0.000000e+00   1.095452e-02  -3.529624e-02  -4.175895e-02   0.000000e+00
 5.492216e-04   4.819338e-04   0.000000e+00   4.672351e-04   5.278200e-04   0.000000e+00   0.000000e+00   0.000000e+00   2.553305e-03
 3.170717e-03   8.142688e-03   0.000000e+00   5.278200e-04   8.966467e-03   0.000000e+00   0.000000e+00   0.000000e+00   3.643175e-02
 0.000000e+00   0.000000e+00   1.095452e-02   0.000000e+00   0.000000e+00   1.167611e-02  -8.732594e-03  -4.663740e-02   0.000000e+00
 0.000000e+00   0.000000e+00  -3.529624e-02   0.000000e+00   0.000000e+00  -8.732594e-03   3.432502e-01   3.853047e-03   0.000000e+00
 0.000000e+00   0.000000e+00  -4.175895e-02   0.000000e+00   0.000000e+00  -4.663740e-02   3.853047e-03   2.402502e-01   0.000000e+00
 1.434458e-02   3.315453e-02   0.000000e+00   2.553305e-03   3.643175e-02   0.000000e+00   0.000000e+00   0.000000e+00   1.935500e-01

# timestamp: 1774889736.1758235
 2.613294e-03   3.062940e-03   0.000000e+00   5.722493e-04   3.292442e-03   0.000000e+00   0.000000e+00   0.000000e+00   1.446212e-02
 3.062940e-03   9.254553e-03   0.000000e+00   5.099578e-04   8.793506e-03   0.000000e+00   0.000000e+00   0.000000e+00   3.485002e-02
 0.000000e+00   0.000000e+00   1.487155e-02   0.000000e+00   0.000000e+00   1.179568e-02  -3.569812e-02  -4.392845e-02   0.000000e+00
 5.722493e-04   5.099578e-04   0.000000e+00   4.723386e-04   5.488058e-04   0.000000e+00   0.000000e+00   0.000000e+00   2.572986e-03
 3.292442e-03   8.793506e-03   0.000000e+00   5.488058e-04   9.470835e-03   0.000000e+00   0.000000e+00   0.000000e+00   3.775469e-02
 0.000000e+00   0.000000e+00   1.179568e-02   0.000000e+00   0.000000e+00   1.232188e-02  -8.793238e-03  -4.827536e-02   0.000000e+00
 0.000000e+00   0.000000e+00  -3.569812e-02   0.000000e+00   0.000000e+00  -8.793238e-03   3.478399e-01   3.853047e-03   0.000000e+00
 0.000000e+00   0.000000e+00  -4.392845e-02   0.000000e+00   0.000000e+00  -4.827536e-02   3.853047e-03   2.448399e-01   0.000000e+00
 1.446212e-02   3.485002e-02   0.000000e+00   2.572986e-03   3.775469e-02   0.000000e+00   0.000000e+00   0.000000e+00   1.981397e-01

# timestamp: 1774889736.4086833
 2.464042e-03   2.870956e-03   0.000000e+00   5.973106e-04   3.093570e-03   0.000000e+00   0.000000e+00   0.000000e+00   1.455081e-02
 2.870956e-03   8.332966e-03   0.000000e+00   6.237239e-04   7.947825e-03   0.000000e+00   0.000000e+00   0.000000e+00   3.372925e-02
 0.000000e+00   0.000000e+00   1.353381e-02   0.000000e+00   0.000000e+00   1.059689e-02  -3.687526e-02  -4.154044e-02   0.000000e+00
 5.973106e-04   6.237239e-04   0.000000e+00   4.862187e-04   6.710030e-04   0.000000e+00   0.000000e+00   0.000000e+00   3.400860e-03
 3.093570e-03   7.947825e-03   0.000000e+00   6.710030e-04   8.633324e-03   0.000000e+00   0.000000e+00   0.000000e+00   3.628805e-02
 0.000000e+00   0.000000e+00   1.059689e-02   0.000000e+00   0.000000e+00   1.109325e-02  -9.579785e-03  -4.558343e-02   0.000000e+00
 0.000000e+00   0.000000e+00  -3.687526e-02   0.000000e+00   0.000000e+00  -9.579785e-03   3.705241e-01   2.218774e-03   0.000000e+00
 0.000000e+00   0.000000e+00  -4.154044e-02   0.000000e+00   0.000000e+00  -4.558343e-02   2.218774e-03   2.419114e-01   0.000000e+00
 1.455081e-02   3.372925e-02   0.000000e+00   3.400860e-03   3.628805e-02   0.000000e+00   0.000000e+00   0.000000e+00   1.976078e-01

# timestamp: 1774889736.4339163
 2.534667e-03   2.990926e-03   0.000000e+00   6.277480e-04   3.179345e-03   0.000000e+00   0.000000e+00   0.000000e+00   1.466109e-02
 2.990926e-03   8.882400e-03   0.000000e+00   6.805992e-04   8.376639e-03   0.000000e+00   0.000000e+00   0.000000e+00   3.489274e-02
 0.000000e+00   0.000000e+00   1.425581e-02   0.000000e+00   0.000000e+00   1.117761e-02  -3.718402e-02  -4.300169e-02   0.000000e+00
 6.277480e-04   6.805992e-04   0.000000e+00   4.965009e-04   7.235316e-04   0.000000e+00   0.000000e+00   0.000000e+00   3.603381e-03
 3.179345e-03   8.376639e-03   0.000000e+00   7.235316e-04   8.957370e-03   0.000000e+00   0.000000e+00   0.000000e+00   3.716076e-02
 0.000000e+00   0.000000e+00   1.117761e-02   0.000000e+00   0.000000e+00   1.151919e-02  -9.967299e-03  -4.665194e-02   0.000000e+00
 0.000000e+00   0.000000e+00  -3.718402e-02   0.000000e+00   0.000000e+00  -9.967299e-03   3.737059e-01   2.218774e-03   0.000000e+00
 0.000000e+00   0.000000e+00  -4.300169e-02   0.000000e+00   0.000000e+00  -4.665194e-02   2.218774e-03   2.450931e-01   0.000000e+00
 1.466109e-02   3.489274e-02   0.000000e+00   3.603381e-03   3.716076e-02   0.000000e+00   0.000000e+00   0.000000e+00   2.007896e-01

# timestamp: 1774889736.454381
 2.565721e-03   3.044119e-03   0.000000e+00   6.409982e-04   3.217004e-03   0.000000e+00   0.000000e+00   0.000000e+00   1.471078e-02
 3.044119e-03   9.127889e-03   0.000000e+00   7.060026e-04   8.566305e-03   0.000000e+00   0.000000e+00   0.000000e+00   3.540341e-02
 0.000000e+00   0.000000e+00   1.457878e-02   0.000000e+00   0.000000e+00   1.143428e-02  -3.732122e-02  -4.364275e-02   0.000000e+00
 6.409982e-04   7.060026e-04   0.000000e+00   5.010576e-04   7.467092e-04   0.000000e+00   0.000000e+00   0.000000e+00   3.691527e-03
 3.217004e-03   8.566305e-03   0.000000e+00   7.467092e-04   9.099334e-03   0.000000e+00   0.000000e+00   0.000000e+00   3.754060e-02
 0.000000e+00   0.000000e+00   1.143428e-02   0.000000e+00   0.000000e+00   1.170582e-02  -1.013514e-02  -4.711613e-02   0.000000e+00
 0.000000e+00   0.000000e+00  -3.732122e-02   0.000000e+00   0.000000e+00  -1.013514e-02   3.750766e-01   2.218774e-03   0.000000e+00
 0.000000e+00   0.000000e+00  -4.364275e-02   0.000000e+00   0.000000e+00  -4.711613e-02   2.218774e-03   2.464639e-01   0.000000e+00
 1.471078e-02   3.540341e-02   0.000000e+00   3.691527e-03   3.754060e-02   0.000000e+00   0.000000e+00   0.000000e+00   2.021603e-01

# timestamp: 1774889736.4856167
 2.447234e-03   2.844157e-03   0.000000e+00   6.360130e-04   3.054329e-03   0.000000e+00   0.000000e+00   0.000000e+00   1.463287e-02
 2.844157e-03   8.146933e-03   0.000000e+00   7.184360e-04   7.746125e-03   0.000000e+00   0.000000e+00   0.000000e+00   3.344265e-02
 0.000000e+00   0.000000e+00   1.336644e-02   0.000000e+00   0.000000e+00   1.042917e-02  -3.782876e-02  -4.103485e-02   0.000000e+00
 6.360130e-04   7.184360e-04   0.000000e+00   5.058788e-04   7.698156e-04   0.000000e+00   0.000000e+00   0.000000e+00   3.972181e-03
 3.054329e-03   7.746125e-03   0.000000e+00   7.698156e-04   8.400148e-03   0.000000e+00   0.000000e+00   0.000000e+00   3.580188e-02
 0.000000e+00   0.000000e+00   1.042917e-02   0.000000e+00   0.000000e+00   1.081370e-02  -1.079568e-02  -4.480900e-02   0.000000e+00
 0.000000e+00   0.000000e+00  -3.782876e-02   0.000000e+00   0.000000e+00  -1.079568e-02   3.791142e-01   2.404958e-03   0.000000e+00
 0.000000e+00   0.000000e+00  -4.103485e-02   0.000000e+00   0.000000e+00  -4.480900e-02   2.404958e-03   2.411885e-01   0.000000e+00
 1.463287e-02   3.344265e-02   0.000000e+00   3.972181e-03   3.580188e-02   0.000000e+00   0.000000e+00   0.000000e+00   1.973502e-01

# timestamp: 1774889736.5016778
 2.474206e-03   2.888979e-03   0.000000e+00   6.503926e-04   3.086721e-03   0.000000e+00   0.000000e+00   0.000000e+00   1.468015e-02
 2.888979e-03   8.343335e-03   0.000000e+00   7.468937e-04   7.899179e-03   0.000000e+00   0.000000e+00   0.000000e+00   3.386669e-02
 0.000000e+00   0.000000e+00   1.362680e-02   0.000000e+00   0.000000e+00   1.064467e-02  -3.795700e-02  -4.156555e-02   0.000000e+00
 6.503926e-04   7.468937e-04   0.000000e+00   5.116623e-04   7.967275e-04   0.000000e+00   0.000000e+00   0.000000e+00   4.085393e-03
 3.086721e-03   7.899179e-03   0.000000e+00   7.967275e-04   8.515151e-03   0.000000e+00   0.000000e+00   0.000000e+00   3.611562e-02
 0.000000e+00   0.000000e+00   1.064467e-02   0.000000e+00   0.000000e+00   1.096978e-02  -1.101650e-02  -4.519350e-02   0.000000e+00
 0.000000e+00   0.000000e+00  -3.795700e-02   0.000000e+00   0.000000e+00  -1.101650e-02   3.802960e-01   2.404958e-03   0.000000e+00
 0.000000e+00   0.000000e+00  -4.156555e-02   0.000000e+00   0.000000e+00  -4.519350e-02   2.404958e-03   2.423704e-01   0.000000e+00
 1.468015e-02   3.386669e-02   0.000000e+00   4.085393e-03   3.611562e-02   0.000000e+00   0.000000e+00   0.000000e+00   1.985320e-01

# timestamp: 1774889736.696636
 2.529501e-03   2.924533e-03   0.000000e+00   8.233861e-04   3.079660e-03   0.000000e+00   0.000000e+00   0.000000e+00   1.507689e-02
 2.924533e-03   8.151941e-03   0.000000e+00   1.110420e-03   7.601591e-03   0.000000e+00   0.000000e+00   0.000000e+00   3.335792e-02
 0.000000e+00   0.000000e+00   1.384294e-02   0.000000e+00   0.000000e+00   1.081864e-02  -4.135136e-02  -4.100594e-02   0.000000e+00
 8.233861e-04   1.110420e-03   0.000000e+00   6.210838e-04   1.167317e-03   0.000000e+00   0.000000e+00   0.000000e+00   6.126836e-03
 3.079660e-03   7.601591e-03   0.000000e+00   1.167317e-03   8.092719e-03   0.000000e+00   0.000000e+00   0.000000e+00   3.503242e-02
 0.000000e+00   0.000000e+00   1.081864e-02   0.000000e+00   0.000000e+00   1.072091e-02  -1.622934e-02  -4.378679e-02   0.000000e+00
 0.000000e+00   0.000000e+00  -4.135136e-02   0.000000e+00   0.000000e+00  -1.622934e-02   3.993383e-01   4.260975e-03   0.000000e+00
 0.000000e+00   0.000000e+00  -4.100594e-02   0.000000e+00   0.000000e+00  -4.378679e-02   4.260975e-03   2.413567e-01   0.000000e+00
 1.507689e-02   3.335792e-02   0.000000e+00   6.126836e-03   3.503242e-02   0.000000e+00   0.000000e+00   0.000000e+00   1.976396e-01

# timestamp: 1774889736.720163
 2.589401e-03   3.019584e-03   0.000000e+00   8.643810e-04   3.149370e-03   0.000000e+00   0.000000e+00   0.000000e+00   1.521649e-02
 3.019584e-03   8.519783e-03   0.000000e+00   1.197223e-03   7.880167e-03   0.000000e+00   0.000000e+00   0.000000e+00   3.414552e-02
 0.000000e+00   0.000000e+00   1.435740e-02   0.000000e+00   0.000000e+00   1.125263e-02  -4.171961e-02  -4.199030e-02   0.000000e+00
 8.643810e-04   1.197223e-03   0.000000e+00   6.456817e-04   1.247832e-03   0.000000e+00   0.000000e+00   0.000000e+00   6.480086e-03
 3.149370e-03   7.880167e-03   0.000000e+00   1.247832e-03   8.295235e-03   0.000000e+00   0.000000e+00   0.000000e+00   3.559713e-02
 0.000000e+00   0.000000e+00   1.125263e-02   0.000000e+00   0.000000e+00   1.103230e-02  -1.695245e-02  -4.448303e-02   0.000000e+00
 0.000000e+00   0.000000e+00  -4.171961e-02   0.000000e+00   0.000000e+00  -1.695245e-02   4.015747e-01   4.260975e-03   0.000000e+00
 0.000000e+00   0.000000e+00  -4.199030e-02   0.000000e+00   0.000000e+00  -4.448303e-02   4.260975e-03   2.435932e-01   0.000000e+00
 1.521649e-02   3.414552e-02   0.000000e+00   6.480086e-03   3.559713e-02   0.000000e+00   0.000000e+00   0.000000e+00   1.998761e-01

# timestamp: 1774889736.747935
 2.680011e-03   3.164442e-03   0.000000e+00   9.256666e-04   3.254956e-03   0.000000e+00   0.000000e+00   0.000000e+00   1.543353e-02
 3.164442e-03   9.078829e-03   0.000000e+00   1.329677e-03   8.298755e-03   0.000000e+00   0.000000e+00   0.000000e+00   3.531634e-02
 0.000000e+00   0.000000e+00   1.514256e-02   0.000000e+00   0.000000e+00   1.190458e-02  -4.228420e-02  -4.345321e-02   0.000000e+00
 9.256666e-04   1.329677e-03   0.000000e+00   6.838526e-04   1.368978e-03   0.000000e+00   0.000000e+00   0.000000e+00   7.003303e-03
 3.254956e-03   8.298755e-03   0.000000e+00   1.368978e-03   8.596624e-03   0.000000e+00   0.000000e+00   0.000000e+00   3.643355e-02
 0.000000e+00   0.000000e+00   1.190458e-02   0.000000e+00   0.000000e+00   1.149857e-02  -1.801552e-02  -4.551143e-02   0.000000e+00
 0.000000e+00   0.000000e+00  -4.228420e-02   0.000000e+00   0.000000e+00  -1.801552e-02   4.048391e-01   4.260975e-03   0.000000e+00
 0.000000e+00   0.000000e+00  -4.345321e-02   0.000000e+00   0.000000e+00  -4.551143e-02   4.260975e-03   2.468576e-01   0.000000e+00
 1.543353e-02   3.531634e-02   0.000000e+00   7.003303e-03   3.643355e-02   0.000000e+00   0.000000e+00   0.000000e+00   2.031405e-01

# timestamp: 1774889736.7608519
 2.715317e-03   3.221283e-03   0.000000e+00   9.492767e-04   3.296153e-03   0.000000e+00   0.000000e+00   0.000000e+00   1.552038e-02
 3.221283e-03   9.297157e-03   0.000000e+00   1.381496e-03   8.460631e-03   0.000000e+00   0.000000e+00   0.000000e+00   3.576593e-02
 0.000000e+00   0.000000e+00   1.545046e-02   0.000000e+00   0.000000e+00   1.215667e-02  -4.250727e-02  -4.401480e-02   0.000000e+00
 9.492767e-04   1.381496e-03   0.000000e+00   6.989574e-04   1.415803e-03   0.000000e+00   0.000000e+00   0.000000e+00   7.202593e-03
 3.296153e-03   8.460631e-03   0.000000e+00   1.415803e-03   8.712113e-03   0.000000e+00   0.000000e+00   0.000000e+00   3.675213e-02
 0.000000e+00   0.000000e+00   1.215667e-02   0.000000e+00   0.000000e+00   1.167810e-02  -1.841845e-02  -4.590243e-02   0.000000e+00
 0.000000e+00   0.000000e+00  -4.250727e-02   0.000000e+00   0.000000e+00  -1.841845e-02   4.060704e-01   4.260975e-03   0.000000e+00
 0.000000e+00   0.000000e+00  -4.401480e-02   0.000000e+00   0.000000e+00  -4.590243e-02   4.260975e-03   2.480889e-01   0.000000e+00
 1.552038e-02   3.576593e-02   0.000000e+00   7.202593e-03   3.675213e-02   0.000000e+00   0.000000e+00   0.000000e+00   2.043718e-01

# timestamp: 1774889736.7744076
 2.750658e-03   3.278390e-03   0.000000e+00   9.727953e-04   3.337425e-03   0.000000e+00   0.000000e+00   0.000000e+00   1.560831e-02
 3.278390e-03   9.516083e-03   0.000000e+00   1.433525e-03   8.622129e-03   0.000000e+00   0.000000e+00   0.000000e+00   3.621253e-02
 0.000000e+00   0.000000e+00   1.575979e-02   0.000000e+00   0.000000e+00   1.240818e-02  -4.273181e-02  -4.457257e-02   0.000000e+00
 9.727953e-04   1.433525e-03   0.000000e+00   7.142138e-04   1.462527e-03   0.000000e+00   0.000000e+00   0.000000e+00   7.400021e-03
 3.337425e-03   8.622129e-03   0.000000e+00   1.462527e-03   8.826820e-03   0.000000e+00   0.000000e+00   0.000000e+00   3.706775e-02
 0.000000e+00   0.000000e+00   1.240818e-02   0.000000e+00   0.000000e+00   1.185687e-02  -1.881641e-02  -4.628935e-02   0.000000e+00
 0.000000e+00   0.000000e+00  -4.273181e-02   0.000000e+00   0.000000e+00  -1.881641e-02   4.072830e-01   4.260975e-03   0.000000e+00
 0.000000e+00   0.000000e+00  -4.457257e-02   0.000000e+00   0.000000e+00  -4.628935e-02   4.260975e-03   2.493014e-01   0.000000e+00
 1.560831e-02   3.621253e-02   0.000000e+00   7.400021e-03   3.706775e-02   0.000000e+00   0.000000e+00   0.000000e+00   2.055843e-01

# timestamp: 1774889736.7928987
 2.577520e-03   2.934466e-03   0.000000e+00   9.453663e-04   3.072799e-03   0.000000e+00   0.000000e+00   0.000000e+00   1.534934e-02
 2.934466e-03   7.934537e-03   0.000000e+00   1.335756e-03   7.338395e-03   0.000000e+00   0.000000e+00   0.000000e+00   3.268620e-02
 0.000000e+00   0.000000e+00   1.393170e-02   0.000000e+00   0.000000e+00   1.092267e-02  -4.368075e-02  -4.026738e-02   0.000000e+00
 9.453663e-04   1.335756e-03   0.000000e+00   7.182032e-04   1.396514e-03   0.000000e+00   0.000000e+00   0.000000e+00   7.434424e-03
 3.072799e-03   7.338395e-03   0.000000e+00   1.396514e-03   7.777068e-03   0.000000e+00   0.000000e+00   0.000000e+00   3.411646e-02
 0.000000e+00   0.000000e+00   1.092267e-02   0.000000e+00   0.000000e+00   1.060668e-02  -1.996221e-02  -4.267703e-02   0.000000e+00
 0.000000e+00   0.000000e+00  -4.368075e-02   0.000000e+00   0.000000e+00  -1.996221e-02   4.091229e-01   5.535514e-03   0.000000e+00
 0.000000e+00   0.000000e+00  -4.026738e-02   0.000000e+00   0.000000e+00  -4.267703e-02   5.535514e-03   2.396418e-01   0.000000e+00
 1.534934e-02   3.268620e-02   0.000000e+00   7.434424e-03   3.411646e-02   0.000000e+00   0.000000e+00   0.000000e+00   1.959121e-01

# timestamp: 1774889736.977099
 2.933074e-03   3.389640e-03   0.000000e+00   1.304044e-03   3.407620e-03   0.000000e+00   0.000000e+00   0.000000e+00   1.655440e-02
 3.389640e-03   9.085257e-03   0.000000e+00   2.015535e-03   8.088074e-03   0.000000e+00   0.000000e+00   0.000000e+00   3.494108e-02
 0.000000e+00   0.000000e+00   1.617780e-02   0.000000e+00   0.000000e+00   1.288396e-02  -4.828420e-02  -4.316213e-02   0.000000e+00
 1.304044e-03   2.015535e-03   0.000000e+00   1.019225e-03   2.029829e-03   0.000000e+00   0.000000e+00   0.000000e+00   1.053137e-02
 3.407620e-03   8.088074e-03   0.000000e+00   2.029829e-03   8.186555e-03   0.000000e+00   0.000000e+00   0.000000e+00   3.529490e-02
 0.000000e+00   0.000000e+00   1.288396e-02   0.000000e+00   0.000000e+00   1.193153e-02  -2.763917e-02  -4.418636e-02   0.000000e+00
 0.000000e+00   0.000000e+00  -4.828420e-02   0.000000e+00   0.000000e+00  -2.763917e-02   4.274152e-01   6.169749e-03   0.000000e+00
 0.000000e+00   0.000000e+00  -4.316213e-02   0.000000e+00   0.000000e+00  -4.418636e-02   6.169749e-03   2.467966e-01   0.000000e+00
 1.655440e-02   3.494108e-02   0.000000e+00   1.053137e-02   3.529490e-02   0.000000e+00   0.000000e+00   0.000000e+00   2.029723e-01

# timestamp: 1774889736.9998875
 2.780655e-03   3.078807e-03   0.000000e+00   1.283426e-03   3.174938e-03   0.000000e+00   0.000000e+00   0.000000e+00   1.637622e-02
 3.078807e-03   7.706594e-03   0.000000e+00   1.887595e-03   6.990693e-03   0.000000e+00   0.000000e+00   0.000000e+00   3.191064e-02
 0.000000e+00   0.000000e+00   1.454334e-02   0.000000e+00   0.000000e+00   1.162037e-02  -4.886678e-02  -3.934957e-02   0.000000e+00
 1.283426e-03   1.887595e-03   0.000000e+00   1.031916e-03   1.944477e-03   0.000000e+00   0.000000e+00   0.000000e+00   1.054345e-02
 3.174938e-03   6.990693e-03   0.000000e+00   1.944477e-03   7.305260e-03   0.000000e+00   0.000000e+00   0.000000e+00   3.280822e-02
 0.000000e+00   0.000000e+00   1.162037e-02   0.000000e+00   0.000000e+00   1.091440e-02  -2.862910e-02  -4.108249e-02   0.000000e+00
 0.000000e+00   0.000000e+00  -4.886678e-02   0.000000e+00   0.000000e+00  -2.862910e-02   4.298328e-01   5.966788e-03   0.000000e+00
 0.000000e+00   0.000000e+00  -3.934957e-02   0.000000e+00   0.000000e+00  -4.108249e-02   5.966788e-03   2.387993e-01   0.000000e+00
 1.637622e-02   3.191064e-02   0.000000e+00   1.054345e-02   3.280822e-02   0.000000e+00   0.000000e+00   0.000000e+00   1.949127e-01

# timestamp: 1774889737.0155652
 2.868352e-03   3.203657e-03   0.000000e+00   1.349563e-03   3.270897e-03   0.000000e+00   0.000000e+00   0.000000e+00   1.663551e-02
 3.203657e-03   8.075489e-03   0.000000e+00   2.015354e-03   7.263321e-03   0.000000e+00   0.000000e+00   0.000000e+00   3.271028e-02
 0.000000e+00   0.000000e+00   1.514103e-02   0.000000e+00   0.000000e+00   1.212517e-02  -4.956906e-02  -4.035087e-02   0.000000e+00
 1.349563e-03   2.015354e-03   0.000000e+00   1.087349e-03   2.057055e-03   0.000000e+00   0.000000e+00   0.000000e+00   1.102653e-02
 3.270897e-03   7.263321e-03   0.000000e+00   2.057055e-03   7.499456e-03   0.000000e+00   0.000000e+00   0.000000e+00   3.337777e-02
 0.000000e+00   0.000000e+00   1.212517e-02   0.000000e+00   0.000000e+00   1.130033e-02  -2.970682e-02  -4.179386e-02   0.000000e+00
 0.000000e+00   0.000000e+00  -4.956906e-02   0.000000e+00   0.000000e+00  -2.970682e-02   4.322567e-01   5.966788e-03   0.000000e+00
 0.000000e+00   0.000000e+00  -4.035087e-02   0.000000e+00   0.000000e+00  -4.179386e-02   5.966788e-03   2.412232e-01   0.000000e+00
 1.663551e-02   3.271028e-02   0.000000e+00   1.102653e-02   3.337777e-02   0.000000e+00   0.000000e+00   0.000000e+00   1.973366e-01

# timestamp: 1774889737.0440066
 2.954801e-03   3.327552e-03   0.000000e+00   1.414344e-03   3.365458e-03   0.000000e+00   0.000000e+00   0.000000e+00   1.689320e-02
 3.327552e-03   8.438795e-03   0.000000e+00   2.141267e-03   7.529202e-03   0.000000e+00   0.000000e+00   0.000000e+00   3.348384e-02
 0.000000e+00   0.000000e+00   1.573261e-02   0.000000e+00   0.000000e+00   1.261844e-02  -5.026164e-02  -4.131946e-02   0.000000e+00
 1.414344e-03   2.141267e-03   0.000000e+00   1.142284e-03   2.166735e-03   0.000000e+00   0.000000e+00   0.000000e+00   1.149140e-02
 3.365458e-03   7.529202e-03   0.000000e+00   2.166735e-03   7.687226e-03   0.000000e+00   0.000000e+00   0.000000e+00   3.392584e-02
 0.000000e+00   0.000000e+00   1.261844e-02   0.000000e+00   0.000000e+00   1.167613e-02  -3.073722e-02  -4.247682e-02   0.000000e+00
 0.000000e+00   0.000000e+00  -5.026164e-02   0.000000e+00   0.000000e+00  -3.073722e-02   4.345620e-01   5.966788e-03   0.000000e+00
 0.000000e+00   0.000000e+00  -4.131946e-02   0.000000e+00   0.000000e+00  -4.247682e-02   5.966788e-03   2.435284e-01   0.000000e+00
 1.689320e-02   3.348384e-02   0.000000e+00   1.149140e-02   3.392584e-02   0.000000e+00   0.000000e+00   0.000000e+00   1.996419e-01

# timestamp: 1774889737.0606492
 3.007030e-03   3.402792e-03   0.000000e+00   1.453301e-03   3.422572e-03   0.000000e+00   0.000000e+00   0.000000e+00   1.704978e-02
 3.402792e-03   8.658097e-03   0.000000e+00   2.217299e-03   7.688494e-03   0.000000e+00   0.000000e+00   0.000000e+00   3.394448e-02
 0.000000e+00   0.000000e+00   1.609107e-02   0.000000e+00   0.000000e+00   1.291444e-02  -5.068003e-02  -4.189619e-02   0.000000e+00
 1.453301e-03   2.217299e-03   0.000000e+00   1.175582e-03   2.232383e-03   0.000000e+00   0.000000e+00   0.000000e+00   1.176699e-02
 3.422572e-03   7.688494e-03   0.000000e+00   2.232383e-03   7.798975e-03   0.000000e+00   0.000000e+00   0.000000e+00   3.425076e-02
 0.000000e+00   0.000000e+00   1.291444e-02   0.000000e+00   0.000000e+00   1.190097e-02  -3.134512e-02  -4.288100e-02   0.000000e+00
 0.000000e+00   0.000000e+00  -5.068003e-02   0.000000e+00   0.000000e+00  -3.134512e-02   4.359166e-01   5.966788e-03   0.000000e+00
 0.000000e+00   0.000000e+00  -4.189619e-02   0.000000e+00   0.000000e+00  -4.288100e-02   5.966788e-03   2.448830e-01   0.000000e+00
 1.704978e-02   3.394448e-02   0.000000e+00   1.176699e-02   3.425076e-02   0.000000e+00   0.000000e+00   0.000000e+00   2.009964e-01

# timestamp: 1774889737.0811148
 2.846244e-03   3.102453e-03   0.000000e+00   1.421116e-03   3.199087e-03   0.000000e+00   0.000000e+00   0.000000e+00   1.689492e-02
 3.102453e-03   7.400876e-03   0.000000e+00   2.067612e-03   6.702663e-03   0.000000e+00   0.000000e+00   0.000000e+00   3.130879e-02
 0.000000e+00   0.000000e+00   1.443316e-02   0.000000e+00   0.000000e+00   1.165476e-02  -5.047776e-02  -3.833860e-02   0.000000e+00
 1.421116e-03   2.067612e-03   0.000000e+00   1.179142e-03   2.129071e-03   0.000000e+00   0.000000e+00   0.000000e+00   1.171386e-02
 3.199087e-03   6.702663e-03   0.000000e+00   2.129071e-03   7.020156e-03   0.000000e+00   0.000000e+00   0.000000e+00   3.213490e-02
 0.000000e+00   0.000000e+00   1.165476e-02   0.000000e+00   0.000000e+00   1.091661e-02  -3.162127e-02  -4.005238e-02   0.000000e+00
 0.000000e+00   0.000000e+00  -5.047776e-02   0.000000e+00   0.000000e+00  -3.162127e-02   4.376663e-01   4.240958e-03   0.000000e+00
 0.000000e+00   0.000000e+00  -3.833860e-02   0.000000e+00   0.000000e+00  -4.005238e-02   4.240958e-03   2.380452e-01   0.000000e+00
 1.689492e-02   3.130879e-02   0.000000e+00   1.171386e-02   3.213490e-02   0.000000e+00   0.000000e+00   0.000000e+00   1.943779e-01

# timestamp: 1774889737.2709234
 3.416344e-03   3.805904e-03   0.000000e+00   1.935373e-03   3.757009e-03   0.000000e+00   0.000000e+00   0.000000e+00   1.901395e-02
 3.805904e-03   8.810548e-03   0.000000e+00   2.894769e-03   7.681266e-03   0.000000e+00   0.000000e+00   0.000000e+00   3.451553e-02
 0.000000e+00   0.000000e+00   1.725669e-02   0.000000e+00   0.000000e+00   1.411903e-02  -5.581833e-02  -4.183992e-02   0.000000e+00
 1.935373e-03   2.894769e-03   0.000000e+00   1.664855e-03   2.860866e-03   0.000000e+00   0.000000e+00   0.000000e+00   1.513408e-02
 3.757009e-03   7.681266e-03   0.000000e+00   2.860866e-03   7.648628e-03   0.000000e+00   0.000000e+00   0.000000e+00   3.424921e-02
 0.000000e+00   0.000000e+00   1.411903e-02   0.000000e+00   0.000000e+00   1.284768e-02  -3.939884e-02  -4.226309e-02   0.000000e+00
 0.000000e+00   0.000000e+00  -5.581833e-02   0.000000e+00   0.000000e+00  -3.939884e-02   4.559243e-01   1.508233e-03   0.000000e+00
 0.000000e+00   0.000000e+00  -4.183992e-02   0.000000e+00   0.000000e+00  -4.226309e-02   1.508233e-03   2.488511e-01   0.000000e+00
 1.901395e-02   3.451553e-02   0.000000e+00   1.513408e-02   3.424921e-02   0.000000e+00   0.000000e+00   0.000000e+00   2.056856e-01

# timestamp: 1774889737.2952292
 3.201792e-03   3.427448e-03   0.000000e+00   1.862016e-03   3.475651e-03   0.000000e+00   0.000000e+00   0.000000e+00   1.872354e-02
 3.427448e-03   7.492372e-03   0.000000e+00   2.651109e-03   6.672230e-03   0.000000e+00   0.000000e+00   0.000000e+00   3.188654e-02
 0.000000e+00   0.000000e+00   1.516634e-02   0.000000e+00   0.000000e+00   1.254110e-02  -5.431071e-02  -3.778137e-02   0.000000e+00
 1.862016e-03   2.651109e-03   0.000000e+00   1.639204e-03   2.686401e-03   0.000000e+00   0.000000e+00   0.000000e+00   1.489263e-02
 3.475651e-03   6.672230e-03   0.000000e+00   2.686401e-03   6.872602e-03   0.000000e+00   0.000000e+00   0.000000e+00   3.222291e-02
 0.000000e+00   0.000000e+00   1.254110e-02   0.000000e+00   0.000000e+00   1.164318e-02  -3.857447e-02  -3.910129e-02   0.000000e+00
 0.000000e+00   0.000000e+00  -5.431071e-02   0.000000e+00   0.000000e+00  -3.857447e-02   4.559529e-01  -2.706139e-03   0.000000e+00
 0.000000e+00   0.000000e+00  -3.778137e-02   0.000000e+00   0.000000e+00  -3.910129e-02  -2.706139e-03   2.418772e-01   0.000000e+00
 1.872354e-02   3.188654e-02   0.000000e+00   1.489263e-02   3.222291e-02   0.000000e+00   0.000000e+00   0.000000e+00   1.997760e-01

# timestamp: 1774889737.32757
 3.353838e-03   3.625405e-03   0.000000e+00   1.975027e-03   3.632722e-03   0.000000e+00   0.000000e+00   0.000000e+00   1.920068e-02
 3.625405e-03   7.954486e-03   0.000000e+00   2.840524e-03   7.012410e-03   0.000000e+00   0.000000e+00   0.000000e+00   3.291157e-02
 0.000000e+00   0.000000e+00   1.600804e-02   0.000000e+00   0.000000e+00   1.323171e-02  -5.554412e-02  -3.902507e-02   0.000000e+00
 1.975027e-03   2.840524e-03   0.000000e+00   1.738529e-03   2.845811e-03   0.000000e+00   0.000000e+00   0.000000e+00   1.553045e-02
 3.632722e-03   7.012410e-03   0.000000e+00   2.845811e-03   7.117336e-03   0.000000e+00   0.000000e+00   0.000000e+00   3.297058e-02
 0.000000e+00   0.000000e+00   1.323171e-02   0.000000e+00   0.000000e+00   1.218787e-02  -4.001210e-02  -3.999641e-02   0.000000e+00
 0.000000e+00   0.000000e+00  -5.554412e-02   0.000000e+00   0.000000e+00  -4.001210e-02   4.591070e-01  -2.706139e-03   0.000000e+00
 0.000000e+00   0.000000e+00  -3.902507e-02   0.000000e+00   0.000000e+00  -3.999641e-02  -2.706139e-03   2.450313e-01   0.000000e+00
 1.920068e-02   3.291157e-02   0.000000e+00   1.553045e-02   3.297058e-02   0.000000e+00   0.000000e+00   0.000000e+00   2.029300e-01

# timestamp: 1774889737.3448558
 3.457951e-03   3.761878e-03   0.000000e+00   2.052029e-03   3.739941e-03   0.000000e+00   0.000000e+00   0.000000e+00   1.952614e-02
 3.761878e-03   8.270722e-03   0.000000e+00   2.969827e-03   7.242791e-03   0.000000e+00   0.000000e+00   0.000000e+00   3.359973e-02
 0.000000e+00   0.000000e+00   1.658661e-02   0.000000e+00   0.000000e+00   1.370073e-02  -5.638164e-02  -3.985981e-02   0.000000e+00
 2.052029e-03   2.969827e-03   0.000000e+00   1.806145e-03   2.953373e-03   0.000000e+00   0.000000e+00   0.000000e+00   1.595575e-02
 3.739941e-03   7.242791e-03   0.000000e+00   2.953373e-03   7.281528e-03   0.000000e+00   0.000000e+00   0.000000e+00   3.346913e-02
 0.000000e+00   0.000000e+00   1.370073e-02   0.000000e+00   0.000000e+00   1.255514e-02  -4.096405e-02  -4.059206e-02   0.000000e+00
 0.000000e+00   0.000000e+00  -5.638164e-02   0.000000e+00   0.000000e+00  -4.096405e-02   4.611838e-01  -2.706139e-03   0.000000e+00
 0.000000e+00   0.000000e+00  -3.985981e-02   0.000000e+00   0.000000e+00  -4.059206e-02  -2.706139e-03   2.471081e-01   0.000000e+00
 1.952614e-02   3.359973e-02   0.000000e+00   1.595575e-02   3.346913e-02   0.000000e+00   0.000000e+00   0.000000e+00   2.050069e-01

# timestamp: 1774889737.3593812
 3.522880e-03   3.847347e-03   0.000000e+00   2.099905e-03   3.806670e-03   0.000000e+00   0.000000e+00   0.000000e+00   1.972854e-02
 3.847347e-03   8.467843e-03   0.000000e+00   3.050297e-03   7.385455e-03   0.000000e+00   0.000000e+00   0.000000e+00   3.402353e-02
 0.000000e+00   0.000000e+00   1.694826e-02   0.000000e+00   0.000000e+00   1.399169e-02  -5.690099e-02  -4.037378e-02   0.000000e+00
 2.099905e-03   3.050297e-03   0.000000e+00   1.848146e-03   3.019824e-03   0.000000e+00   0.000000e+00   0.000000e+00   1.621655e-02
 3.806670e-03   7.385455e-03   0.000000e+00   3.019824e-03   7.382604e-03   0.000000e+00   0.000000e+00   0.000000e+00   3.377484e-02
 0.000000e+00   0.000000e+00   1.399169e-02   0.000000e+00   0.000000e+00   1.278193e-02  -4.154521e-02  -4.095683e-02   0.000000e+00
 0.000000e+00   0.000000e+00  -5.690099e-02   0.000000e+00   0.000000e+00  -4.154521e-02   4.624472e-01  -2.706139e-03   0.000000e+00
 0.000000e+00   0.000000e+00  -4.037378e-02   0.000000e+00   0.000000e+00  -4.095683e-02  -2.706139e-03   2.483715e-01   0.000000e+00
 1.972854e-02   3.402353e-02   0.000000e+00   1.621655e-02   3.377484e-02   0.000000e+00   0.000000e+00   0.000000e+00   2.062702e-01

# timestamp: 1774889737.5657363
 4.008830e-03   4.304323e-03   0.000000e+00   2.607151e-03   4.208294e-03   0.000000e+00   0.000000e+00   0.000000e+00   2.208163e-02
 4.304323e-03   8.671008e-03   0.000000e+00   3.628849e-03   7.486964e-03   0.000000e+00   0.000000e+00   0.000000e+00   3.523045e-02
 0.000000e+00   0.000000e+00   1.755164e-02   0.000000e+00   0.000000e+00   1.467663e-02  -5.933300e-02  -3.976588e-02   0.000000e+00
 2.607151e-03   3.628849e-03   0.000000e+00   2.358446e-03   3.550089e-03   0.000000e+00   0.000000e+00   0.000000e+00   1.911161e-02
 4.208294e-03   7.486964e-03   0.000000e+00   3.550089e-03   7.395186e-03   0.000000e+00   0.000000e+00   0.000000e+00   3.459944e-02
 0.000000e+00   0.000000e+00   1.467663e-02   0.000000e+00   0.000000e+00   1.339816e-02  -4.582773e-02  -4.014767e-02   0.000000e+00
 0.000000e+00   0.000000e+00  -5.933300e-02   0.000000e+00   0.000000e+00  -4.582773e-02   4.752908e-01  -1.357937e-02   0.000000e+00
 0.000000e+00   0.000000e+00  -3.976588e-02   0.000000e+00   0.000000e+00  -4.014767e-02  -1.357937e-02   2.546156e-01   0.000000e+00
 2.208163e-02   3.523045e-02   0.000000e+00   1.911161e-02   3.459944e-02   0.000000e+00   0.000000e+00   0.000000e+00   2.143963e-01

# timestamp: 1774889737.5916088
 3.747906e-03   3.902664e-03   0.000000e+00   2.488661e-03   3.908770e-03   0.000000e+00   0.000000e+00   0.000000e+00   2.168100e-02
 3.902664e-03   7.530404e-03   0.000000e+00   3.336297e-03   6.635662e-03   0.000000e+00   0.000000e+00   0.000000e+00   3.306158e-02
 0.000000e+00   0.000000e+00   1.541862e-02   0.000000e+00   0.000000e+00   1.306915e-02  -5.653331e-02  -3.619314e-02   0.000000e+00
 2.488661e-03   3.336297e-03   0.000000e+00   2.297191e-03   3.340361e-03   0.000000e+00   0.000000e+00   0.000000e+00   1.877445e-02
 3.908770e-03   6.635662e-03   0.000000e+00   3.340361e-03   6.756917e-03   0.000000e+00   0.000000e+00   0.000000e+00   3.299561e-02
 0.000000e+00   0.000000e+00   1.306915e-02   0.000000e+00   0.000000e+00   1.218093e-02  -4.391738e-02  -3.737913e-02   0.000000e+00
 0.000000e+00   0.000000e+00  -5.653331e-02   0.000000e+00   0.000000e+00  -4.391738e-02   4.722901e-01  -1.959055e-02   0.000000e+00
 0.000000e+00   0.000000e+00  -3.619314e-02   0.000000e+00   0.000000e+00  -3.737913e-02  -1.959055e-02   2.497015e-01   0.000000e+00
 2.168100e-02   3.306158e-02   0.000000e+00   1.877445e-02   3.299561e-02   0.000000e+00   0.000000e+00   0.000000e+00   2.102869e-01

# timestamp: 1774889737.6051066
 3.862875e-03   4.042286e-03   0.000000e+00   2.574163e-03   4.020788e-03   0.000000e+00   0.000000e+00   0.000000e+00   2.204037e-02
 4.042286e-03   7.805035e-03   0.000000e+00   3.463625e-03   6.838149e-03   0.000000e+00   0.000000e+00   0.000000e+00   3.369166e-02
 0.000000e+00   0.000000e+00   1.594124e-02   0.000000e+00   0.000000e+00   1.349060e-02  -5.737344e-02  -3.690685e-02   0.000000e+00
 2.574163e-03   3.463625e-03   0.000000e+00   2.370700e-03   3.444495e-03   0.000000e+00   0.000000e+00   0.000000e+00   1.917366e-02
 4.020788e-03   6.838149e-03   0.000000e+00   3.444495e-03   6.903939e-03   0.000000e+00   0.000000e+00   0.000000e+00   3.345761e-02
 0.000000e+00   0.000000e+00   1.349060e-02   0.000000e+00   0.000000e+00   1.251456e-02  -4.476821e-02  -3.789023e-02   0.000000e+00
 0.000000e+00   0.000000e+00  -5.737344e-02   0.000000e+00   0.000000e+00  -4.476821e-02   4.741908e-01  -1.959055e-02   0.000000e+00
 0.000000e+00   0.000000e+00  -3.690685e-02   0.000000e+00   0.000000e+00  -3.789023e-02  -1.959055e-02   2.516022e-01   0.000000e+00
 2.204037e-02   3.369166e-02   0.000000e+00   1.917366e-02   3.345761e-02   0.000000e+00   0.000000e+00   0.000000e+00   2.121876e-01

# timestamp: 1774889737.6245031
 3.943541e-03   4.140599e-03   0.000000e+00   2.633956e-03   4.099146e-03   0.000000e+00   0.000000e+00   0.000000e+00   2.229099e-02
 4.140599e-03   7.997682e-03   0.000000e+00   3.552708e-03   6.979311e-03   0.000000e+00   0.000000e+00   0.000000e+00   3.412844e-02
 0.000000e+00   0.000000e+00   1.630864e-02   0.000000e+00   0.000000e+00   1.378488e-02  -5.795840e-02  -3.740147e-02   0.000000e+00
 2.633956e-03   3.552708e-03   0.000000e+00   2.421943e-03   3.516861e-03   0.000000e+00   0.000000e+00   0.000000e+00   1.944929e-02
 4.099146e-03   6.979311e-03   0.000000e+00   3.516861e-03   7.005850e-03   0.000000e+00   0.000000e+00   0.000000e+00   3.377659e-02
 0.000000e+00   0.000000e+00   1.378488e-02   0.000000e+00   0.000000e+00   1.274632e-02  -4.535331e-02  -3.824286e-02   0.000000e+00
 0.000000e+00   0.000000e+00  -5.795840e-02   0.000000e+00   0.000000e+00  -4.535331e-02   4.754933e-01  -1.959055e-02   0.000000e+00
 0.000000e+00   0.000000e+00  -3.740147e-02   0.000000e+00   0.000000e+00  -3.824286e-02  -1.959055e-02   2.529046e-01   0.000000e+00
 2.229099e-02   3.412844e-02   0.000000e+00   1.944929e-02   3.377659e-02   0.000000e+00   0.000000e+00   0.000000e+00   2.134900e-01

# timestamp: 1774889737.6411934
 4.066918e-03   4.291500e-03   0.000000e+00   2.725098e-03   4.218619e-03   0.000000e+00   0.000000e+00   0.000000e+00   2.267190e-02
 4.291500e-03   8.292244e-03   0.000000e+00   3.688550e-03   7.193801e-03   0.000000e+00   0.000000e+00   0.000000e+00   3.478841e-02
 0.000000e+00   0.000000e+00   1.687164e-02   0.000000e+00   0.000000e+00   1.423277e-02  -5.884607e-02  -3.814862e-02   0.000000e+00
 2.725098e-03   3.688550e-03   0.000000e+00   2.499790e-03   3.626457e-03   0.000000e+00   0.000000e+00   0.000000e+00   1.986398e-02
 4.218619e-03   7.193801e-03   0.000000e+00   3.626457e-03   7.159806e-03   0.000000e+00   0.000000e+00   0.000000e+00   3.425651e-02
 0.000000e+00   0.000000e+00   1.423277e-02   0.000000e+00   0.000000e+00   1.309717e-02  -4.623008e-02  -3.877302e-02   0.000000e+00
 0.000000e+00   0.000000e+00  -5.884607e-02   0.000000e+00   0.000000e+00  -4.623008e-02   4.774380e-01  -1.959055e-02   0.000000e+00
 0.000000e+00   0.000000e+00  -3.814862e-02   0.000000e+00   0.000000e+00  -3.877302e-02  -1.959055e-02   2.548493e-01   0.000000e+00
 2.267190e-02   3.478841e-02   0.000000e+00   1.986398e-02   3.425651e-02   0.000000e+00   0.000000e+00   0.000000e+00   2.154348e-01

# timestamp: 1774889737.659897
 4.224118e-03   4.484634e-03   0.000000e+00   2.840743e-03   4.370229e-03   0.000000e+00   0.000000e+00   0.000000e+00   2.315291e-02
 4.484634e-03   8.667441e-03   0.000000e+00   3.860989e-03   7.464800e-03   0.000000e+00   0.000000e+00   0.000000e+00   3.561571e-02
 0.000000e+00   0.000000e+00   1.759070e-02   0.000000e+00   0.000000e+00   1.479985e-02  -5.996467e-02  -3.908486e-02   0.000000e+00
 2.840743e-03   3.860989e-03   0.000000e+00   2.598152e-03   3.764379e-03   0.000000e+00   0.000000e+00   0.000000e+00   2.038158e-02
 4.370229e-03   7.464800e-03   0.000000e+00   3.764379e-03   7.352917e-03   0.000000e+00   0.000000e+00   0.000000e+00   3.485552e-02
 0.000000e+00   0.000000e+00   1.479985e-02   0.000000e+00   0.000000e+00   1.353843e-02  -4.731835e-02  -3.943408e-02   0.000000e+00
 0.000000e+00   0.000000e+00  -5.996467e-02   0.000000e+00   0.000000e+00  -4.731835e-02   4.798397e-01  -1.959055e-02   0.000000e+00
 0.000000e+00   0.000000e+00  -3.908486e-02   0.000000e+00   0.000000e+00  -3.943408e-02  -1.959055e-02   2.572511e-01   0.000000e+00
 2.315291e-02   3.561571e-02   0.000000e+00   2.038158e-02   3.485552e-02   0.000000e+00   0.000000e+00   0.000000e+00   2.178365e-01

# timestamp: 1774889737.8611372
 4.678868e-03   4.825204e-03   0.000000e+00   3.327063e-03   4.670947e-03   0.000000e+00   0.000000e+00   0.000000e+00   2.526752e-02
 4.825204e-03   8.613677e-03   0.000000e+00   4.291649e-03   7.371547e-03   0.000000e+00   0.000000e+00   0.000000e+00   3.614208e-02
 0.000000e+00   0.000000e+00   1.765331e-02   0.000000e+00   0.000000e+00   1.500949e-02  -6.141512e-02  -3.731312e-02   0.000000e+00
 3.327063e-03   4.291649e-03   0.000000e+00   3.098234e-03   4.155954e-03   0.000000e+00   0.000000e+00   0.000000e+00   2.285188e-02
 4.670947e-03   7.371547e-03   0.000000e+00   4.155954e-03   7.219521e-03   0.000000e+00   0.000000e+00   0.000000e+00   3.512315e-02
 0.000000e+00   0.000000e+00   1.500949e-02   0.000000e+00   0.000000e+00   1.378559e-02  -5.036149e-02  -3.756257e-02   0.000000e+00
 0.000000e+00   0.000000e+00  -6.141512e-02   0.000000e+00   0.000000e+00  -5.036149e-02   4.884632e-01  -3.220000e-02   0.000000e+00
 0.000000e+00   0.000000e+00  -3.731312e-02   0.000000e+00   0.000000e+00  -3.756257e-02  -3.220000e-02   2.623210e-01   0.000000e+00
 2.526752e-02   3.614208e-02   0.000000e+00   2.285188e-02   3.512315e-02   0.000000e+00   0.000000e+00   0.000000e+00   2.238813e-01

# timestamp: 1774889737.8763468
 4.772073e-03   4.934435e-03   0.000000e+00   3.396785e-03   4.755468e-03   0.000000e+00   0.000000e+00   0.000000e+00   2.554471e-02
 4.934435e-03   8.805403e-03   0.000000e+00   4.388033e-03   7.507861e-03   0.000000e+00   0.000000e+00   0.000000e+00   3.656772e-02
 0.000000e+00   0.000000e+00   1.803120e-02   0.000000e+00   0.000000e+00   1.530510e-02  -6.202585e-02  -3.776829e-02   0.000000e+00
 3.396785e-03   4.388033e-03   0.000000e+00   3.157337e-03   4.231082e-03   0.000000e+00   0.000000e+00   0.000000e+00   2.313487e-02
 4.755468e-03   7.507861e-03   0.000000e+00   4.231082e-03   7.314988e-03   0.000000e+00   0.000000e+00   0.000000e+00   3.542349e-02
 0.000000e+00   0.000000e+00   1.530510e-02   0.000000e+00   0.000000e+00   1.401511e-02  -5.093454e-02  -3.787373e-02   0.000000e+00
 0.000000e+00   0.000000e+00  -6.202585e-02   0.000000e+00   0.000000e+00  -5.093454e-02   4.896725e-01  -3.220000e-02   0.000000e+00
 0.000000e+00   0.000000e+00  -3.776829e-02   0.000000e+00   0.000000e+00  -3.787373e-02  -3.220000e-02   2.635303e-01   0.000000e+00
 2.554471e-02   3.656772e-02   0.000000e+00   2.313487e-02   3.542349e-02   0.000000e+00   0.000000e+00   0.000000e+00   2.250906e-01

# timestamp: 1774889737.8929324
 4.394074e-03   4.386174e-03   0.000000e+00   3.179313e-03   4.339597e-03   0.000000e+00   0.000000e+00   0.000000e+00   2.473289e-02
 4.386174e-03   7.552002e-03   0.000000e+00   3.954250e-03   6.571842e-03   0.000000e+00   0.000000e+00   0.000000e+00   3.394200e-02
 0.000000e+00   0.000000e+00   1.566826e-02   0.000000e+00   0.000000e+00   1.349898e-02  -5.880566e-02  -3.378630e-02   0.000000e+00
 3.179313e-03   3.954250e-03   0.000000e+00   3.014677e-03   3.911865e-03   0.000000e+00   0.000000e+00   0.000000e+00   2.243341e-02
 4.339597e-03   6.571842e-03   0.000000e+00   3.911865e-03   6.612248e-03   0.000000e+00   0.000000e+00   0.000000e+00   3.348085e-02
 0.000000e+00   0.000000e+00   1.349898e-02   0.000000e+00   0.000000e+00   1.263182e-02  -4.863940e-02  -3.474742e-02   0.000000e+00
 0.000000e+00   0.000000e+00  -5.880566e-02   0.000000e+00   0.000000e+00  -4.863940e-02   4.856993e-01  -3.897716e-02   0.000000e+00
 0.000000e+00   0.000000e+00  -3.378630e-02   0.000000e+00   0.000000e+00  -3.474742e-02  -3.897716e-02   2.581151e-01   0.000000e+00
 2.473289e-02   3.394200e-02   0.000000e+00   2.243341e-02   3.348085e-02   0.000000e+00   0.000000e+00   0.000000e+00   2.196895e-01

# timestamp: 1774889737.9147294
 4.550210e-03   4.562444e-03   0.000000e+00   3.297512e-03   4.479632e-03   0.000000e+00   0.000000e+00   0.000000e+00   2.520586e-02
 4.562444e-03   7.852103e-03   0.000000e+00   4.111714e-03   6.790054e-03   0.000000e+00   0.000000e+00   0.000000e+00   3.464644e-02
 0.000000e+00   0.000000e+00   1.626284e-02   0.000000e+00   0.000000e+00   1.397355e-02  -5.983064e-02  -3.451727e-02   0.000000e+00
 3.297512e-03   4.111714e-03   0.000000e+00   3.115210e-03   4.036939e-03   0.000000e+00   0.000000e+00   0.000000e+00   2.291337e-02
 4.479632e-03   6.790054e-03   0.000000e+00   4.036939e-03   6.768610e-03   0.000000e+00   0.000000e+00   0.000000e+00   3.398640e-02
 0.000000e+00   0.000000e+00   1.397355e-02   0.000000e+00   0.000000e+00   1.300726e-02  -4.960771e-02  -3.525622e-02   0.000000e+00
 0.000000e+00   0.000000e+00  -5.983064e-02   0.000000e+00   0.000000e+00  -4.960771e-02   4.877929e-01  -3.897716e-02   0.000000e+00
 0.000000e+00   0.000000e+00  -3.451727e-02   0.000000e+00   0.000000e+00  -3.525622e-02  -3.897716e-02   2.602087e-01   0.000000e+00
 2.520586e-02   3.464644e-02   0.000000e+00   2.291337e-02   3.398640e-02   0.000000e+00   0.000000e+00   0.000000e+00   2.217831e-01

# timestamp: 1774889737.9298222
 4.650795e-03   4.676331e-03   0.000000e+00   3.373331e-03   4.569455e-03   0.000000e+00   0.000000e+00   0.000000e+00   2.550800e-02
 4.676331e-03   8.045224e-03   0.000000e+00   4.212703e-03   6.929559e-03   0.000000e+00   0.000000e+00   0.000000e+00   3.509415e-02
 0.000000e+00   0.000000e+00   1.664640e-02   0.000000e+00   0.000000e+00   1.427754e-02  -6.048462e-02  -3.498168e-02   0.000000e+00
 3.373331e-03   4.212703e-03   0.000000e+00   3.179389e-03   4.116581e-03   0.000000e+00   0.000000e+00   0.000000e+00   2.321695e-02
 4.569455e-03   6.929559e-03   0.000000e+00   4.116581e-03   6.867952e-03   0.000000e+00   0.000000e+00   0.000000e+00   3.430617e-02
 0.000000e+00   0.000000e+00   1.427754e-02   0.000000e+00   0.000000e+00   1.324629e-02  -5.021785e-02  -3.557802e-02   0.000000e+00
 0.000000e+00   0.000000e+00  -6.048462e-02   0.000000e+00   0.000000e+00  -5.021785e-02   4.891072e-01  -3.897716e-02   0.000000e+00
 0.000000e+00   0.000000e+00  -3.498168e-02   0.000000e+00   0.000000e+00  -3.557802e-02  -3.897716e-02   2.615230e-01   0.000000e+00
 2.550800e-02   3.509415e-02   0.000000e+00   2.321695e-02   3.430617e-02   0.000000e+00   0.000000e+00   0.000000e+00   2.230974e-01

# timestamp: 1774889737.9517262
 4.825477e-03   4.874671e-03   0.000000e+00   3.504514e-03   4.724807e-03   0.000000e+00   0.000000e+00   0.000000e+00   2.602768e-02
 4.874671e-03   8.380357e-03   0.000000e+00   4.387423e-03   7.170123e-03   0.000000e+00   0.000000e+00   0.000000e+00   3.586083e-02
 0.000000e+00   0.000000e+00   1.731340e-02   0.000000e+00   0.000000e+00   1.480274e-02  -6.160822e-02  -3.577669e-02   0.000000e+00
 3.504514e-03   4.387423e-03   0.000000e+00   3.289987e-03   4.253468e-03   0.000000e+00   0.000000e+00   0.000000e+00   2.373574e-02
 4.724807e-03   7.170123e-03   0.000000e+00   4.253468e-03   7.038315e-03   0.000000e+00   0.000000e+00   0.000000e+00   3.485262e-02
 0.000000e+00   0.000000e+00   1.480274e-02   0.000000e+00   0.000000e+00   1.365706e-02  -5.125587e-02  -3.612793e-02   0.000000e+00
 0.000000e+00   0.000000e+00  -6.160822e-02   0.000000e+00   0.000000e+00  -5.125587e-02   4.913332e-01  -3.897716e-02   0.000000e+00
 0.000000e+00   0.000000e+00  -3.577669e-02   0.000000e+00   0.000000e+00  -3.612793e-02  -3.897716e-02   2.637489e-01   0.000000e+00
 2.602768e-02   3.586083e-02   0.000000e+00   2.373574e-02   3.485262e-02   0.000000e+00   0.000000e+00   0.000000e+00   2.253233e-01

# timestamp: 1774889738.1566064
 5.303557e-03   5.174658e-03   0.000000e+00   3.973367e-03   4.989548e-03   0.000000e+00   0.000000e+00   0.000000e+00   2.807355e-02
 5.174658e-03   8.305279e-03   0.000000e+00   4.716112e-03   7.058200e-03   0.000000e+00   0.000000e+00   0.000000e+00   3.622910e-02
 0.000000e+00   0.000000e+00   1.722358e-02   0.000000e+00   0.000000e+00   1.479436e-02  -6.210863e-02  -3.381196e-02   0.000000e+00
 3.973367e-03   4.716112e-03   0.000000e+00   3.748371e-03   4.548340e-03   0.000000e+00   0.000000e+00   0.000000e+00   2.582501e-02
 4.989548e-03   7.058200e-03   0.000000e+00   4.548340e-03   6.894755e-03   0.000000e+00   0.000000e+00   0.000000e+00   3.502884e-02
 0.000000e+00   0.000000e+00   1.479436e-02   0.000000e+00   0.000000e+00   1.367724e-02  -5.271490e-02  -3.412991e-02   0.000000e+00
 0.000000e+00   0.000000e+00  -6.210863e-02   0.000000e+00   0.000000e+00  -5.271490e-02   4.956084e-01  -5.367701e-02   0.000000e+00
 0.000000e+00   0.000000e+00  -3.381196e-02   0.000000e+00   0.000000e+00  -3.412991e-02  -5.367701e-02   2.712169e-01   0.000000e+00
 2.807355e-02   3.622910e-02   0.000000e+00   2.582501e-02   3.502884e-02   0.000000e+00   0.000000e+00   0.000000e+00   2.310793e-01

# timestamp: 1774889738.1731992
 4.881205e-03   4.639955e-03   0.000000e+00   3.711479e-03   4.578492e-03   0.000000e+00   0.000000e+00   0.000000e+00   2.716599e-02
 4.639955e-03   7.252143e-03   0.000000e+00   4.285151e-03   6.279654e-03   0.000000e+00   0.000000e+00   0.000000e+00   3.401817e-02
 0.000000e+00   0.000000e+00   1.507877e-02   0.000000e+00   0.000000e+00   1.314750e-02  -5.827893e-02  -3.083243e-02   0.000000e+00
 3.711479e-03   4.285151e-03   0.000000e+00   3.568568e-03   4.228769e-03   0.000000e+00   0.000000e+00   0.000000e+00   2.507464e-02
 4.578492e-03   6.279654e-03   0.000000e+00   4.228769e-03   6.313982e-03   0.000000e+00   0.000000e+00   0.000000e+00   3.340963e-02
 0.000000e+00   0.000000e+00   1.314750e-02   0.000000e+00   0.000000e+00   1.241076e-02  -4.985879e-02  -3.178559e-02   0.000000e+00
 0.000000e+00   0.000000e+00  -5.827893e-02   0.000000e+00   0.000000e+00  -4.985879e-02   4.889868e-01  -6.031594e-02   0.000000e+00
 0.000000e+00   0.000000e+00  -3.083243e-02   0.000000e+00   0.000000e+00  -3.178559e-02  -6.031594e-02   2.685299e-01   0.000000e+00
 2.716599e-02   3.401817e-02   0.000000e+00   2.507464e-02   3.340963e-02   0.000000e+00   0.000000e+00   0.000000e+00   2.268019e-01

# timestamp: 1774889738.1933854
 4.984475e-03   4.748713e-03   0.000000e+00   3.790070e-03   4.665119e-03   0.000000e+00   0.000000e+00   0.000000e+00   2.747209e-02
 4.748713e-03   7.418395e-03   0.000000e+00   4.380637e-03   6.400540e-03   0.000000e+00   0.000000e+00   0.000000e+00   3.442573e-02
 0.000000e+00   0.000000e+00   1.541355e-02   0.000000e+00   0.000000e+00   1.341382e-02  -5.888750e-02  -3.122014e-02   0.000000e+00
 3.790070e-03   4.380637e-03   0.000000e+00   3.634127e-03   4.303724e-03   0.000000e+00   0.000000e+00   0.000000e+00   2.536511e-02
 4.665119e-03   6.400540e-03   0.000000e+00   4.303724e-03   6.400755e-03   0.000000e+00   0.000000e+00   0.000000e+00   3.369994e-02
 0.000000e+00   0.000000e+00   1.341382e-02   0.000000e+00   0.000000e+00   1.262126e-02  -5.040682e-02  -3.205215e-02   0.000000e+00
 0.000000e+00   0.000000e+00  -5.888750e-02   0.000000e+00   0.000000e+00  -5.040682e-02   4.902040e-01  -6.031594e-02   0.000000e+00
 0.000000e+00   0.000000e+00  -3.122014e-02   0.000000e+00   0.000000e+00  -3.205215e-02  -6.031594e-02   2.697472e-01   0.000000e+00
 2.747209e-02   3.442573e-02   0.000000e+00   2.536511e-02   3.369994e-02   0.000000e+00   0.000000e+00   0.000000e+00   2.280191e-01

# timestamp: 1774889738.2085392
 5.110212e-03   4.881396e-03   0.000000e+00   3.885421e-03   4.770203e-03   0.000000e+00   0.000000e+00   0.000000e+00   2.784188e-02
 4.881396e-03   7.620653e-03   0.000000e+00   4.496473e-03   6.546876e-03   0.000000e+00   0.000000e+00   0.000000e+00   3.491662e-02
 0.000000e+00   0.000000e+00   1.582154e-02   0.000000e+00   0.000000e+00   1.373667e-02  -5.962224e-02  -3.168700e-02   0.000000e+00
 3.885421e-03   4.496473e-03   0.000000e+00   3.713357e-03   4.394168e-03   0.000000e+00   0.000000e+00   0.000000e+00   2.571399e-02
 4.770203e-03   6.546876e-03   0.000000e+00   4.394168e-03   6.505305e-03   0.000000e+00   0.000000e+00   0.000000e+00   3.404861e-02
 0.000000e+00   0.000000e+00   1.373667e-02   0.000000e+00   0.000000e+00   1.287526e-02  -5.106313e-02  -3.237248e-02   0.000000e+00
 0.000000e+00   0.000000e+00  -5.962224e-02   0.000000e+00   0.000000e+00  -5.106313e-02   4.916570e-01  -6.031594e-02   0.000000e+00
 0.000000e+00   0.000000e+00  -3.168700e-02   0.000000e+00   0.000000e+00  -3.237248e-02  -6.031594e-02   2.712002e-01   0.000000e+00
 2.784188e-02   3.491662e-02   0.000000e+00   2.571399e-02   3.404861e-02   0.000000e+00   0.000000e+00   0.000000e+00   2.294721e-01

# timestamp: 1774889738.2286196
 5.298273e-03   5.080359e-03   0.000000e+00   4.027326e-03   4.926570e-03   0.000000e+00   0.000000e+00   0.000000e+00   2.838934e-02
 5.080359e-03   7.922781e-03   0.000000e+00   4.668824e-03   6.763995e-03   0.000000e+00   0.000000e+00   0.000000e+00   3.564038e-02
 0.000000e+00   0.000000e+00   1.643245e-02   0.000000e+00   0.000000e+00   1.421663e-02  -6.070899e-02  -3.237501e-02   0.000000e+00
 4.027326e-03   4.668824e-03   0.000000e+00   3.830611e-03   4.527749e-03   0.000000e+00   0.000000e+00   0.000000e+00   2.622584e-02
 4.926570e-03   6.763995e-03   0.000000e+00   4.527749e-03   6.659421e-03   0.000000e+00   0.000000e+00   0.000000e+00   3.456016e-02
 0.000000e+00   0.000000e+00   1.421663e-02   0.000000e+00   0.000000e+00   1.325037e-02  -5.202257e-02  -3.284277e-02   0.000000e+00
 0.000000e+00   0.000000e+00  -6.070899e-02   0.000000e+00   0.000000e+00  -5.202257e-02   4.937724e-01  -6.031594e-02   0.000000e+00
 0.000000e+00   0.000000e+00  -3.237501e-02   0.000000e+00   0.000000e+00  -3.284277e-02  -6.031594e-02   2.733155e-01   0.000000e+00
 2.838934e-02   3.564038e-02   0.000000e+00   2.622584e-02   3.456016e-02   0.000000e+00   0.000000e+00   0.000000e+00   2.315875e-01

# timestamp: 1774889738.253845
 5.502052e-03   5.296606e-03   0.000000e+00   4.180173e-03   5.094954e-03   0.000000e+00   0.000000e+00   0.000000e+00   2.897520e-02
 5.296606e-03   8.249648e-03   0.000000e+00   4.854396e-03   6.996989e-03   0.000000e+00   0.000000e+00   0.000000e+00   3.641116e-02
 0.000000e+00   0.000000e+00   1.709527e-02   0.000000e+00   0.000000e+00   1.473291e-02  -6.187067e-02  -3.310737e-02   0.000000e+00
 4.180173e-03   4.854396e-03   0.000000e+00   3.956049e-03   4.670310e-03   0.000000e+00   0.000000e+00   0.000000e+00   2.676779e-02
 5.094954e-03   6.996989e-03   0.000000e+00   4.670310e-03   6.823520e-03   0.000000e+00   0.000000e+00   0.000000e+00   3.510178e-02
 0.000000e+00   0.000000e+00   1.473291e-02   0.000000e+00   0.000000e+00   1.365067e-02  -5.303398e-02  -3.334111e-02   0.000000e+00
 0.000000e+00   0.000000e+00  -6.187067e-02   0.000000e+00   0.000000e+00  -5.303398e-02   4.959912e-01  -6.031594e-02   0.000000e+00
 0.000000e+00   0.000000e+00  -3.310737e-02   0.000000e+00   0.000000e+00  -3.334111e-02  -6.031594e-02   2.755343e-01   0.000000e+00
 2.897520e-02   3.641116e-02   0.000000e+00   2.676779e-02   3.510178e-02   0.000000e+00   0.000000e+00   0.000000e+00   2.338063e-01

# timestamp: 1774889738.451497
 6.039568e-03   5.581392e-03   0.000000e+00   4.712752e-03   5.316732e-03   0.000000e+00   0.000000e+00   0.000000e+00   3.089844e-02
 5.581392e-03   8.147478e-03   0.000000e+00   5.174354e-03   6.826478e-03   0.000000e+00   0.000000e+00   0.000000e+00   3.632928e-02
 0.000000e+00   0.000000e+00   1.745009e-02   0.000000e+00   0.000000e+00   1.511070e-02  -6.434933e-02  -3.075633e-02   0.000000e+00
 4.712752e-03   5.174354e-03   0.000000e+00   4.486359e-03   4.929936e-03   0.000000e+00   0.000000e+00   0.000000e+00   2.888473e-02
 5.316732e-03   6.826478e-03   0.000000e+00   4.929936e-03   6.596537e-03   0.000000e+00   0.000000e+00   0.000000e+00   3.470669e-02
 0.000000e+00   0.000000e+00   1.511070e-02   0.000000e+00   0.000000e+00   1.401640e-02  -5.653583e-02  -3.068909e-02   0.000000e+00
 0.000000e+00   0.000000e+00  -6.434933e-02   0.000000e+00   0.000000e+00  -5.653583e-02   5.037583e-01  -7.326691e-02   0.000000e+00
 0.000000e+00   0.000000e+00  -3.075633e-02   0.000000e+00   0.000000e+00  -3.068909e-02  -7.326691e-02   2.825881e-01   0.000000e+00
 3.089844e-02   3.632928e-02   0.000000e+00   2.888473e-02   3.470669e-02   0.000000e+00   0.000000e+00   0.000000e+00   2.372719e-01

# timestamp: 1774889738.4661758
 6.166495e-03   5.709182e-03   0.000000e+00   4.810161e-03   5.413732e-03   0.000000e+00   0.000000e+00   0.000000e+00   3.124856e-02
 5.709182e-03   8.325815e-03   0.000000e+00   5.284676e-03   6.950175e-03   0.000000e+00   0.000000e+00   0.000000e+00   3.674963e-02
 0.000000e+00   0.000000e+00   1.783027e-02   0.000000e+00   0.000000e+00   1.540719e-02  -6.503451e-02  -3.112798e-02   0.000000e+00
 4.810161e-03   5.284676e-03   0.000000e+00   4.567609e-03   5.012593e-03   0.000000e+00   0.000000e+00   0.000000e+00   2.921288e-02
 5.413732e-03   6.950175e-03   0.000000e+00   5.012593e-03   6.680870e-03   0.000000e+00   0.000000e+00   0.000000e+00   3.499075e-02
 0.000000e+00   0.000000e+00   1.540719e-02   0.000000e+00   0.000000e+00   1.424771e-02  -5.714374e-02  -3.092626e-02   0.000000e+00
 0.000000e+00   0.000000e+00  -6.503451e-02   0.000000e+00   0.000000e+00  -5.714374e-02   5.049670e-01  -7.326691e-02   0.000000e+00
 0.000000e+00   0.000000e+00  -3.112798e-02   0.000000e+00   0.000000e+00  -3.092626e-02  -7.326691e-02   2.837968e-01   0.000000e+00
 3.124856e-02   3.674963e-02   0.000000e+00   2.921288e-02   3.499075e-02   0.000000e+00   0.000000e+00   0.000000e+00   2.384806e-01

# timestamp: 1774889738.478718
 5.532025e-03   4.933500e-03   0.000000e+00   4.370304e-03   4.819313e-03   0.000000e+00   0.000000e+00   0.000000e+00   2.961744e-02
 4.933500e-03   7.007861e-03   0.000000e+00   4.631583e-03   5.974685e-03   0.000000e+00   0.000000e+00   0.000000e+00   3.352582e-02
 0.000000e+00   0.000000e+00   1.542677e-02   0.000000e+00   0.000000e+00   1.355694e-02  -6.173649e-02  -2.716451e-02   0.000000e+00
 4.370304e-03   4.631583e-03   0.000000e+00   4.233555e-03   4.524839e-03   0.000000e+00   0.000000e+00   0.000000e+00   2.777145e-02
 4.819313e-03   5.974685e-03   0.000000e+00   4.524839e-03   5.953556e-03   0.000000e+00   0.000000e+00   0.000000e+00   3.262022e-02
 0.000000e+00   0.000000e+00   1.355694e-02   0.000000e+00   0.000000e+00   1.282372e-02  -5.470719e-02  -2.780080e-02   0.000000e+00
 0.000000e+00   0.000000e+00  -6.173649e-02   0.000000e+00   0.000000e+00  -5.470719e-02   5.004716e-01  -7.953949e-02   0.000000e+00
 0.000000e+00   0.000000e+00  -2.716451e-02   0.000000e+00   0.000000e+00  -2.780080e-02  -7.953949e-02   2.783550e-01   0.000000e+00
 2.961744e-02   3.352582e-02   0.000000e+00   2.777145e-02   3.262022e-02   0.000000e+00   0.000000e+00   0.000000e+00   2.306268e-01

# timestamp: 1774889738.501006
 5.732052e-03   5.127754e-03   0.000000e+00   4.528319e-03   4.970251e-03   0.000000e+00   0.000000e+00   0.000000e+00   3.018374e-02
 5.127754e-03   7.273525e-03   0.000000e+00   4.804917e-03   6.162296e-03   0.000000e+00   0.000000e+00   0.000000e+00   3.418966e-02
 0.000000e+00   0.000000e+00   1.600429e-02   0.000000e+00   0.000000e+00   1.402143e-02  -6.285172e-02  -2.773008e-02   0.000000e+00
 4.528319e-03   4.804917e-03   0.000000e+00   4.368978e-03   4.657543e-03   0.000000e+00   0.000000e+00   0.000000e+00   2.832312e-02
 4.970251e-03   6.162296e-03   0.000000e+00   4.657543e-03   6.083452e-03   0.000000e+00   0.000000e+00   0.000000e+00   3.307177e-02
 0.000000e+00   0.000000e+00   1.402143e-02   0.000000e+00   0.000000e+00   1.319734e-02  -5.574576e-02  -2.815610e-02   0.000000e+00
 0.000000e+00   0.000000e+00  -6.285172e-02   0.000000e+00   0.000000e+00  -5.574576e-02   5.024974e-01  -7.953949e-02   0.000000e+00
 0.000000e+00   0.000000e+00  -2.773008e-02   0.000000e+00   0.000000e+00  -2.815610e-02  -7.953949e-02   2.803808e-01   0.000000e+00
 3.018374e-02   3.418966e-02   0.000000e+00   2.832312e-02   3.307177e-02   0.000000e+00   0.000000e+00   0.000000e+00   2.326526e-01

# timestamp: 1774889738.5295324
 6.069991e-03   5.456687e-03   0.000000e+00   4.793249e-03   5.223024e-03   0.000000e+00   0.000000e+00   0.000000e+00   3.112489e-02
 5.456687e-03   7.720472e-03   0.000000e+00   5.095068e-03   6.474842e-03   0.000000e+00   0.000000e+00   0.000000e+00   3.528489e-02
 0.000000e+00   0.000000e+00   1.698070e-02   0.000000e+00   0.000000e+00   1.479867e-02  -6.470311e-02  -2.866197e-02   0.000000e+00
 4.793249e-03   5.095068e-03   0.000000e+00   4.594216e-03   4.877353e-03   0.000000e+00   0.000000e+00   0.000000e+00   2.922851e-02
 5.223024e-03   6.474842e-03   0.000000e+00   4.877353e-03   6.297872e-03   0.000000e+00   0.000000e+00   0.000000e+00   3.381285e-02
 0.000000e+00   0.000000e+00   1.479867e-02   0.000000e+00   0.000000e+00   1.381675e-02  -5.744076e-02  -2.874108e-02   0.000000e+00
 0.000000e+00   0.000000e+00  -6.470311e-02   0.000000e+00   0.000000e+00  -5.744076e-02   5.057827e-01  -7.953949e-02   0.000000e+00
 0.000000e+00   0.000000e+00  -2.866197e-02   0.000000e+00   0.000000e+00  -2.874108e-02  -7.953949e-02   2.836661e-01   0.000000e+00
 3.112489e-02   3.528489e-02   0.000000e+00   2.922851e-02   3.381285e-02   0.000000e+00   0.000000e+00   0.000000e+00   2.359379e-01

# timestamp: 1774889738.552196
 6.267264e-03   5.649095e-03   0.000000e+00   4.946659e-03   5.369265e-03   0.000000e+00   0.000000e+00   0.000000e+00   3.166607e-02
 5.649095e-03   7.980172e-03   0.000000e+00   5.262768e-03   6.654680e-03   0.000000e+00   0.000000e+00   0.000000e+00   3.590989e-02
 0.000000e+00   0.000000e+00   1.755099e-02   0.000000e+00   0.000000e+00   1.524786e-02  -6.576633e-02  -2.919307e-02   0.000000e+00
 4.946659e-03   5.262768e-03   0.000000e+00   4.723486e-03   5.003026e-03   0.000000e+00   0.000000e+00   0.000000e+00   2.974102e-02
 5.369265e-03   6.654680e-03   0.000000e+00   5.003026e-03   6.420070e-03   0.000000e+00   0.000000e+00   0.000000e+00   3.423234e-02
 0.000000e+00   0.000000e+00   1.524786e-02   0.000000e+00   0.000000e+00   1.417117e-02  -5.839571e-02  -2.907312e-02   0.000000e+00
 0.000000e+00   0.000000e+00  -6.576633e-02   0.000000e+00   0.000000e+00  -5.839571e-02   5.076235e-01  -7.953949e-02   0.000000e+00
 0.000000e+00   0.000000e+00  -2.919307e-02   0.000000e+00   0.000000e+00  -2.907312e-02  -7.953949e-02   2.855069e-01   0.000000e+00
 3.166607e-02   3.590989e-02   0.000000e+00   2.974102e-02   3.423234e-02   0.000000e+00   0.000000e+00   0.000000e+00   2.377787e-01

# timestamp: 1774889738.7313104
 6.431907e-03   5.363626e-03   0.000000e+00   5.260425e-03   5.086571e-03   0.000000e+00   0.000000e+00   0.000000e+00   3.196657e-02
 5.363626e-03   7.056385e-03   0.000000e+00   5.140357e-03   5.792780e-03   0.000000e+00   0.000000e+00   0.000000e+00   3.294922e-02
 0.000000e+00   0.000000e+00   1.728435e-02   0.000000e+00   0.000000e+00   1.532437e-02  -6.965571e-02  -2.354174e-02   0.000000e+00
 5.260425e-03   5.140357e-03   0.000000e+00   5.153035e-03   4.875108e-03   0.000000e+00   0.000000e+00   0.000000e+00   3.085827e-02
 5.086571e-03   5.792780e-03   0.000000e+00   4.875108e-03   5.598842e-03   0.000000e+00   0.000000e+00   0.000000e+00   3.124383e-02
 0.000000e+00   0.000000e+00   1.532437e-02   0.000000e+00   0.000000e+00   1.450285e-02  -6.454519e-02  -2.307982e-02   0.000000e+00
 0.000000e+00   0.000000e+00  -6.965571e-02   0.000000e+00   0.000000e+00  -6.454519e-02   5.168332e-01  -9.137085e-02   0.000000e+00
 0.000000e+00   0.000000e+00  -2.354174e-02   0.000000e+00   0.000000e+00  -2.307982e-02  -9.137085e-02   2.846448e-01   0.000000e+00
 3.196657e-02   3.294922e-02   0.000000e+00   3.085827e-02   3.124383e-02   0.000000e+00   0.000000e+00   0.000000e+00   2.312716e-01

# timestamp: 1774889738.7489102
 6.645272e-03   5.552975e-03   0.000000e+00   5.445884e-03   5.218838e-03   0.000000e+00   0.000000e+00   0.000000e+00   3.253444e-02
 5.552975e-03   7.288786e-03   0.000000e+00   5.323191e-03   5.939308e-03   0.000000e+00   0.000000e+00   0.000000e+00   3.352204e-02
 0.000000e+00   0.000000e+00   1.787035e-02   0.000000e+00   0.000000e+00   1.581971e-02  -7.084331e-02  -2.396424e-02   0.000000e+00
 5.445884e-03   5.323191e-03   0.000000e+00   5.328804e-03   5.003549e-03   0.000000e+00   0.000000e+00   0.000000e+00   3.150672e-02
 5.218838e-03   5.939308e-03   0.000000e+00   5.003549e-03   5.682977e-03   0.000000e+00   0.000000e+00   0.000000e+00   3.154858e-02
 0.000000e+00   0.000000e+00   1.581971e-02   0.000000e+00   0.000000e+00   1.492909e-02  -6.587034e-02  -2.319968e-02   0.000000e+00
 0.000000e+00   0.000000e+00  -7.084331e-02   0.000000e+00   0.000000e+00  -6.587034e-02   5.186606e-01  -9.137085e-02   0.000000e+00
 0.000000e+00   0.000000e+00  -2.396424e-02   0.000000e+00   0.000000e+00  -2.319968e-02  -9.137085e-02   2.864722e-01   0.000000e+00
 3.253444e-02   3.352204e-02   0.000000e+00   3.150672e-02   3.154858e-02   0.000000e+00   0.000000e+00   0.000000e+00   2.330991e-01

# timestamp: 1774889738.7647254
 6.829490e-03   5.716271e-03   0.000000e+00   5.605200e-03   5.332180e-03   0.000000e+00   0.000000e+00   0.000000e+00   3.301970e-02
 5.716271e-03   7.487926e-03   0.000000e+00   5.479667e-03   6.064029e-03   0.000000e+00   0.000000e+00   0.000000e+00   3.400687e-02
 0.000000e+00   0.000000e+00   1.837591e-02   0.000000e+00   0.000000e+00   1.624434e-02  -7.185774e-02  -2.432044e-02   0.000000e+00
 5.605200e-03   5.479667e-03   0.000000e+00   5.479126e-03   5.112664e-03   0.000000e+00   0.000000e+00   0.000000e+00   3.205509e-02
 5.332180e-03   6.064029e-03   0.000000e+00   5.112664e-03   5.754209e-03   0.000000e+00   0.000000e+00   0.000000e+00   3.180630e-02
 0.000000e+00   0.000000e+00   1.624434e-02   0.000000e+00   0.000000e+00   1.529278e-02  -6.698665e-02  -2.330223e-02   0.000000e+00
 0.000000e+00   0.000000e+00  -7.185774e-02   0.000000e+00   0.000000e+00  -6.698665e-02   5.201944e-01  -9.137085e-02   0.000000e+00
 0.000000e+00   0.000000e+00  -2.432044e-02   0.000000e+00   0.000000e+00  -2.330223e-02  -9.137085e-02   2.880060e-01   0.000000e+00
 3.301970e-02   3.400687e-02   0.000000e+00   3.205509e-02   3.180630e-02   0.000000e+00   0.000000e+00   0.000000e+00   2.346328e-01

# timestamp: 1774889738.783326
 7.090110e-03   5.947008e-03   0.000000e+00   5.829416e-03   5.491241e-03   0.000000e+00   0.000000e+00   0.000000e+00   3.369846e-02
 5.947008e-03   7.767430e-03   0.000000e+00   5.699008e-03   6.237841e-03   0.000000e+00   0.000000e+00   0.000000e+00   3.467837e-02
 0.000000e+00   0.000000e+00   1.909058e-02   0.000000e+00   0.000000e+00   1.684059e-02  -7.327593e-02  -2.481181e-02   0.000000e+00
 5.829416e-03   5.699008e-03   0.000000e+00   5.689698e-03   5.264437e-03   0.000000e+00   0.000000e+00   0.000000e+00   3.281428e-02
 5.491241e-03   6.237841e-03   0.000000e+00   5.264437e-03   5.852928e-03   0.000000e+00   0.000000e+00   0.000000e+00   3.216309e-02
 0.000000e+00   0.000000e+00   1.684059e-02   0.000000e+00   0.000000e+00   1.580097e-02  -6.852555e-02  -2.344600e-02   0.000000e+00
 0.000000e+00   0.000000e+00  -7.327593e-02   0.000000e+00   0.000000e+00  -6.852555e-02   5.223000e-01  -9.137085e-02   0.000000e+00
 0.000000e+00   0.000000e+00  -2.481181e-02   0.000000e+00   0.000000e+00  -2.344600e-02  -9.137085e-02   2.901116e-01   0.000000e+00
 3.369846e-02   3.467837e-02   0.000000e+00   3.281428e-02   3.216309e-02   0.000000e+00   0.000000e+00   0.000000e+00   2.367385e-01

# timestamp: 1774889738.800111
 6.162464e-03   4.804616e-03   0.000000e+00   5.107093e-03   4.624850e-03   0.000000e+00   0.000000e+00   0.000000e+00   3.070624e-02
 4.804616e-03   6.078384e-03   0.000000e+00   4.671838e-03   4.974485e-03   0.000000e+00   0.000000e+00   0.000000e+00   2.944823e-02
 0.000000e+00   0.000000e+00   1.664912e-02   0.000000e+00   0.000000e+00   1.499110e-02  -7.212620e-02  -1.846691e-02   0.000000e+00
 5.107093e-03   4.671838e-03   0.000000e+00   5.080817e-03   4.497202e-03   0.000000e+00   0.000000e+00   0.000000e+00   2.993491e-02
 4.624850e-03   4.974485e-03   0.000000e+00   4.497202e-03   4.902040e-03   0.000000e+00   0.000000e+00   0.000000e+00   2.826433e-02
 0.000000e+00   0.000000e+00   1.499110e-02   0.000000e+00   0.000000e+00   1.441173e-02  -6.798458e-02  -1.836339e-02   0.000000e+00
 0.000000e+00   0.000000e+00  -7.212620e-02   0.000000e+00   0.000000e+00  -6.798458e-02   5.222067e-01  -9.636879e-02   0.000000e+00
 0.000000e+00   0.000000e+00  -1.846691e-02   0.000000e+00   0.000000e+00  -1.836339e-02  -9.636879e-02   2.766051e-01   0.000000e+00
 3.070624e-02   2.944823e-02   0.000000e+00   2.993491e-02   2.826433e-02   0.000000e+00   0.000000e+00   0.000000e+00   2.199694e-01

# timestamp: 1774889738.8266747
 6.504422e-03   5.087913e-03   0.000000e+00   5.409082e-03   4.824743e-03   0.000000e+00   0.000000e+00   0.000000e+00   3.160976e-02
 5.087913e-03   6.410343e-03   0.000000e+00   4.949297e-03   5.182979e-03   0.000000e+00   0.000000e+00   0.000000e+00   3.029540e-02
 0.000000e+00   0.000000e+00   1.759368e-02   0.000000e+00   0.000000e+00   1.581289e-02  -7.417709e-02  -1.901531e-02   0.000000e+00
 5.409082e-03   4.949297e-03   0.000000e+00   5.370884e-03   4.693543e-03   0.000000e+00   0.000000e+00   0.000000e+00   3.098045e-02
 4.824743e-03   5.182979e-03   0.000000e+00   4.693543e-03   5.021135e-03   0.000000e+00   0.000000e+00   0.000000e+00   2.871640e-02
 0.000000e+00   0.000000e+00   1.581289e-02   0.000000e+00   0.000000e+00   1.514132e-02  -7.025820e-02  -1.847668e-02   0.000000e+00
 0.000000e+00   0.000000e+00  -7.417709e-02   0.000000e+00   0.000000e+00  -7.025820e-02   5.251863e-01  -9.636879e-02   0.000000e+00
 0.000000e+00   0.000000e+00  -1.901531e-02   0.000000e+00   0.000000e+00  -1.847668e-02  -9.636879e-02   2.795847e-01   0.000000e+00
 3.160976e-02   3.029540e-02   0.000000e+00   3.098045e-02   2.871640e-02   0.000000e+00   0.000000e+00   0.000000e+00   2.229490e-01

# timestamp: 1774889739.0272067
 6.828225e-03   4.662104e-03   0.000000e+00   5.826536e-03   4.455137e-03   0.000000e+00   0.000000e+00   0.000000e+00   3.143789e-02
 4.662104e-03   5.364047e-03   0.000000e+00   4.618338e-03   4.218942e-03   0.000000e+00   0.000000e+00   0.000000e+00   2.575182e-02
 0.000000e+00   0.000000e+00   1.905730e-02   0.000000e+00   0.000000e+00   1.755991e-02  -8.389554e-02  -1.067664e-02   0.000000e+00
 5.826536e-03   4.618338e-03   0.000000e+00   5.878534e-03   4.413921e-03   0.000000e+00   0.000000e+00   0.000000e+00   3.141281e-02
 4.455137e-03   4.218942e-03   0.000000e+00   4.413921e-03   4.133108e-03   0.000000e+00   0.000000e+00   0.000000e+00   2.465135e-02
 0.000000e+00   0.000000e+00   1.755991e-02   0.000000e+00   0.000000e+00   1.714182e-02  -8.162269e-02  -1.034273e-02   0.000000e+00
 0.000000e+00   0.000000e+00  -8.389554e-02   0.000000e+00   0.000000e+00  -8.162269e-02   5.396626e-01  -1.073423e-01   0.000000e+00
 0.000000e+00   0.000000e+00  -1.067664e-02   0.000000e+00   0.000000e+00  -1.034273e-02  -1.073423e-01   2.756510e-01   0.000000e+00
 3.143789e-02   2.575182e-02   0.000000e+00   3.141281e-02   2.465135e-02   0.000000e+00   0.000000e+00   0.000000e+00   2.096298e-01

# timestamp: 1774889739.0411594
 6.987902e-03   4.776602e-03   0.000000e+00   5.964294e-03   4.538334e-03   0.000000e+00   0.000000e+00   0.000000e+00   3.183235e-02
 4.776602e-03   5.482955e-03   0.000000e+00   4.726043e-03   4.293508e-03   0.000000e+00   0.000000e+00   0.000000e+00   2.606092e-02
 0.000000e+00   0.000000e+00   1.951316e-02   0.000000e+00   0.000000e+00   1.795511e-02  -8.492017e-02  -1.080617e-02   0.000000e+00
 5.964294e-03   4.726043e-03   0.000000e+00   6.006904e-03   4.491269e-03   0.000000e+00   0.000000e+00   0.000000e+00   3.183602e-02
 4.538334e-03   4.293508e-03   0.000000e+00   4.491269e-03   4.177579e-03   0.000000e+00   0.000000e+00   0.000000e+00   2.483525e-02
 0.000000e+00   0.000000e+00   1.795511e-02   0.000000e+00   0.000000e+00   1.749125e-02  -8.261546e-02  -1.036855e-02   0.000000e+00
 0.000000e+00   0.000000e+00  -8.492017e-02   0.000000e+00   0.000000e+00  -8.261546e-02   5.409141e-01  -1.073423e-01   0.000000e+00
 0.000000e+00   0.000000e+00  -1.080617e-02   0.000000e+00   0.000000e+00  -1.036855e-02  -1.073423e-01   2.769025e-01   0.000000e+00
 3.183235e-02   2.606092e-02   0.000000e+00   3.183602e-02   2.483525e-02   0.000000e+00   0.000000e+00   0.000000e+00   2.108813e-01

# timestamp: 1774889739.0574796
 7.255858e-03   4.968562e-03   0.000000e+00   6.194230e-03   4.676893e-03   0.000000e+00   0.000000e+00   0.000000e+00   3.248716e-02
 4.968562e-03   5.680983e-03   0.000000e+00   4.905198e-03   4.416948e-03   0.000000e+00   0.000000e+00   0.000000e+00   2.657011e-02
 0.000000e+00   0.000000e+00   2.027824e-02   0.000000e+00   0.000000e+00   1.861401e-02  -8.661821e-02  -1.101820e-02   0.000000e+00
 6.194230e-03   4.905198e-03   0.000000e+00   6.220030e-03   4.619071e-03   0.000000e+00   0.000000e+00   0.000000e+00   3.253206e-02
 4.676893e-03   4.416948e-03   0.000000e+00   4.619071e-03   4.250832e-03   0.000000e+00   0.000000e+00   0.000000e+00   2.513771e-02
 0.000000e+00   0.000000e+00   1.861401e-02   0.000000e+00   0.000000e+00   1.807008e-02  -8.424084e-02  -1.041307e-02   0.000000e+00
 0.000000e+00   0.000000e+00  -8.661821e-02   0.000000e+00   0.000000e+00  -8.424084e-02   5.429562e-01  -1.073423e-01   0.000000e+00
 0.000000e+00   0.000000e+00  -1.101820e-02   0.000000e+00   0.000000e+00  -1.041307e-02  -1.073423e-01   2.789446e-01   0.000000e+00
 3.248716e-02   2.657011e-02   0.000000e+00   3.253206e-02   2.513771e-02   0.000000e+00   0.000000e+00   0.000000e+00   2.129234e-01

# timestamp: 1774889739.0756192
 7.562947e-03   5.188269e-03   0.000000e+00   6.455921e-03   4.834132e-03   0.000000e+00   0.000000e+00   0.000000e+00   3.322705e-02
 5.188269e-03   5.905703e-03   0.000000e+00   5.108172e-03   4.555943e-03   0.000000e+00   0.000000e+00   0.000000e+00   2.713989e-02
 0.000000e+00   0.000000e+00   2.115515e-02   0.000000e+00   0.000000e+00   1.936278e-02  -8.853261e-02  -1.125357e-02   0.000000e+00
 6.455921e-03   5.108172e-03   0.000000e+00   6.460893e-03   4.762623e-03   0.000000e+00   0.000000e+00   0.000000e+00   3.330919e-02
 4.834132e-03   4.555943e-03   0.000000e+00   4.762623e-03   4.332793e-03   0.000000e+00   0.000000e+00   0.000000e+00   2.547541e-02
 0.000000e+00   0.000000e+00   1.936278e-02   0.000000e+00   0.000000e+00   1.872233e-02  -8.604498e-02  -1.046572e-02   0.000000e+00
 0.000000e+00   0.000000e+00  -8.853261e-02   0.000000e+00   0.000000e+00  -8.604498e-02   5.452129e-01  -1.073423e-01   0.000000e+00
 0.000000e+00   0.000000e+00  -1.125357e-02   0.000000e+00   0.000000e+00  -1.046572e-02  -1.073423e-01   2.812013e-01   0.000000e+00
 3.322705e-02   2.713989e-02   0.000000e+00   3.330919e-02   2.547541e-02   0.000000e+00   0.000000e+00   0.000000e+00   2.151801e-01

# timestamp: 1774889739.1036649
 6.671859e-03   4.220423e-03   0.000000e+00   5.744384e-03   4.127744e-03   0.000000e+00   0.000000e+00   0.000000e+00   3.066745e-02
 4.220423e-03   4.674134e-03   0.000000e+00   4.215840e-03   3.665270e-03   0.000000e+00   0.000000e+00   0.000000e+00   2.311800e-02
 0.000000e+00   0.000000e+00   1.874769e-02   0.000000e+00   0.000000e+00   1.749349e-02  -8.544683e-02  -6.218787e-03   0.000000e+00
 5.744384e-03   4.215840e-03   0.000000e+00   5.846620e-03   4.123754e-03   0.000000e+00   0.000000e+00   0.000000e+00   3.075426e-02
 4.127744e-03   3.665270e-03   0.000000e+00   4.123754e-03   3.686338e-03   0.000000e+00   0.000000e+00   0.000000e+00   2.263661e-02
 0.000000e+00   0.000000e+00   1.749349e-02   0.000000e+00   0.000000e+00   1.728375e-02  -8.378089e-02  -6.402034e-03   0.000000e+00
 0.000000e+00   0.000000e+00  -8.544683e-02   0.000000e+00   0.000000e+00  -8.378089e-02   5.399493e-01  -1.152399e-01   0.000000e+00
 0.000000e+00   0.000000e+00  -6.218787e-03   0.000000e+00   0.000000e+00  -6.402034e-03  -1.152399e-01   2.747497e-01   0.000000e+00
 3.066745e-02   2.311800e-02   0.000000e+00   3.075426e-02   2.263661e-02   0.000000e+00   0.000000e+00   0.000000e+00   2.019589e-01

# timestamp: 1774889739.11713
 6.829217e-03   4.325569e-03   0.000000e+00   5.878455e-03   4.209099e-03   0.000000e+00   0.000000e+00   0.000000e+00   3.105301e-02
 4.325569e-03   4.778952e-03   0.000000e+00   4.313290e-03   3.733785e-03   0.000000e+00   0.000000e+00   0.000000e+00   2.340148e-02
 0.000000e+00   0.000000e+00   1.920120e-02   0.000000e+00   0.000000e+00   1.788542e-02  -8.649676e-02  -6.298907e-03   0.000000e+00
 5.878455e-03   4.313290e-03   0.000000e+00   5.969094e-03   4.197860e-03   0.000000e+00   0.000000e+00   0.000000e+00   3.115158e-02
 4.209099e-03   3.733785e-03   0.000000e+00   4.197860e-03   3.731051e-03   0.000000e+00   0.000000e+00   0.000000e+00   2.283056e-02
 0.000000e+00   0.000000e+00   1.788542e-02   0.000000e+00   0.000000e+00   1.762726e-02  -8.472991e-02  -6.439903e-03   0.000000e+00
 0.000000e+00   0.000000e+00  -8.649676e-02   0.000000e+00   0.000000e+00  -8.472991e-02   5.411990e-01  -1.152399e-01   0.000000e+00
 0.000000e+00   0.000000e+00  -6.298907e-03   0.000000e+00   0.000000e+00  -6.439903e-03  -1.152399e-01   2.759993e-01   0.000000e+00
 3.105301e-02   2.340148e-02   0.000000e+00   3.115158e-02   2.283056e-02   0.000000e+00   0.000000e+00   0.000000e+00   2.032086e-01

# timestamp: 1774889739.3819497
 6.519499e-03   3.156994e-03   0.000000e+00   5.722071e-03   3.368539e-03   0.000000e+00   0.000000e+00   0.000000e+00   2.846465e-02
 3.156994e-03   3.204481e-03   0.000000e+00   3.210949e-03   2.429989e-03   0.000000e+00   0.000000e+00   0.000000e+00   1.600819e-02
 0.000000e+00   0.000000e+00   1.971210e-02   0.000000e+00   0.000000e+00   1.885892e-02  -9.297001e-02   8.280562e-03   0.000000e+00
 5.722071e-03   3.210949e-03   0.000000e+00   5.927858e-03   3.426637e-03   0.000000e+00   0.000000e+00   0.000000e+00   2.889804e-02
 3.368539e-03   2.429989e-03   0.000000e+00   3.426637e-03   2.664244e-03   0.000000e+00   0.000000e+00   0.000000e+00   1.725201e-02
 0.000000e+00   0.000000e+00   1.885892e-02   0.000000e+00   0.000000e+00   1.902757e-02  -9.234419e-02   6.313097e-03   0.000000e+00
 0.000000e+00   0.000000e+00  -9.297001e-02   0.000000e+00   0.000000e+00  -9.234419e-02   5.387107e-01  -1.400267e-01   0.000000e+00
 0.000000e+00   0.000000e+00   8.280562e-03   0.000000e+00   0.000000e+00   6.313097e-03  -1.400267e-01   2.737185e-01   0.000000e+00
 2.846465e-02   1.600819e-02   0.000000e+00   2.889804e-02   1.725201e-02   0.000000e+00   0.000000e+00   0.000000e+00   1.784610e-01

# timestamp: 1774889739.4198697
 7.218849e-03   3.525665e-03   0.000000e+00   6.370113e-03   3.619179e-03   0.000000e+00   0.000000e+00   0.000000e+00   3.005777e-02
 3.525665e-03   3.528777e-03   0.000000e+00   3.578430e-03   2.609492e-03   0.000000e+00   0.000000e+00   0.000000e+00   1.694361e-02
 0.000000e+00   0.000000e+00   2.189091e-02   0.000000e+00   0.000000e+00   2.093710e-02  -9.804704e-02   8.638669e-03   0.000000e+00
 6.370113e-03   3.578430e-03   0.000000e+00   6.574881e-03   3.676205e-03   0.000000e+00   0.000000e+00   0.000000e+00   3.085106e-02
 3.619179e-03   2.609492e-03   0.000000e+00   3.676205e-03   2.742313e-03   0.000000e+00   0.000000e+00   0.000000e+00   1.763095e-02
 0.000000e+00   0.000000e+00   2.093710e-02   0.000000e+00   0.000000e+00   2.104764e-02  -9.787462e-02   7.239587e-03   0.000000e+00
 0.000000e+00   0.000000e+00  -9.804704e-02   0.000000e+00   0.000000e+00  -9.787462e-02   5.440891e-01  -1.400267e-01   0.000000e+00
 0.000000e+00   0.000000e+00   8.638669e-03   0.000000e+00   0.000000e+00   7.239587e-03  -1.400267e-01   2.790968e-01   0.000000e+00
 3.005777e-02   1.694361e-02   0.000000e+00   3.085106e-02   1.763095e-02   0.000000e+00   0.000000e+00   0.000000e+00   1.838394e-01

# timestamp: 1774889739.621473
 6.397523e-03   2.215119e-03   0.000000e+00   5.670146e-03   2.572127e-03   0.000000e+00   0.000000e+00   0.000000e+00   2.467704e-02
 2.215119e-03   2.408045e-03   0.000000e+00   2.294072e-03   1.580194e-03   0.000000e+00   0.000000e+00   0.000000e+00   9.448471e-03
 0.000000e+00   0.000000e+00   2.424382e-02   0.000000e+00   0.000000e+00   2.356927e-02  -1.069178e-01   2.624245e-02   0.000000e+00
 5.670146e-03   2.294072e-03   0.000000e+00   6.001507e-03   2.671970e-03   0.000000e+00   0.000000e+00   0.000000e+00   2.603602e-02
 2.572127e-03   1.580194e-03   0.000000e+00   2.671970e-03   1.828424e-03   0.000000e+00   0.000000e+00   0.000000e+00   1.156247e-02
 0.000000e+00   0.000000e+00   2.356927e-02   0.000000e+00   0.000000e+00   2.400268e-02  -1.079215e-01   2.314495e-02   0.000000e+00
 0.000000e+00   0.000000e+00  -1.069178e-01   0.000000e+00   0.000000e+00  -1.079215e-01   5.437009e-01  -1.647021e-01   0.000000e+00
 0.000000e+00   0.000000e+00   2.624245e-02   0.000000e+00   0.000000e+00   2.314495e-02  -1.647021e-01   2.654708e-01   0.000000e+00
 2.467704e-02   9.448471e-03   0.000000e+00   2.603602e-02   1.156247e-02   0.000000e+00   0.000000e+00   0.000000e+00   1.507324e-01

# timestamp: 1774889739.642145
 6.654726e-03   2.316585e-03   0.000000e+00   5.894674e-03   2.655381e-03   0.000000e+00   0.000000e+00   0.000000e+00   2.521559e-02
 2.316585e-03   2.494360e-03   0.000000e+00   2.387763e-03   1.628633e-03   0.000000e+00   0.000000e+00   0.000000e+00   9.686959e-03
 0.000000e+00   0.000000e+00   2.524758e-02   0.000000e+00   0.000000e+00   2.447044e-02  -1.091466e-01   2.671999e-02   0.000000e+00
 5.894674e-03   2.387763e-03   0.000000e+00   6.213727e-03   2.747782e-03   0.000000e+00   0.000000e+00   0.000000e+00   2.664286e-02
 2.655381e-03   1.628633e-03   0.000000e+00   2.747782e-03   1.856429e-03   0.000000e+00   0.000000e+00   0.000000e+00   1.173193e-02
 0.000000e+00   0.000000e+00   2.447044e-02   0.000000e+00   0.000000e+00   2.482185e-02  -1.099126e-01   2.350477e-02   0.000000e+00
 0.000000e+00   0.000000e+00  -1.091466e-01   0.000000e+00   0.000000e+00  -1.099126e-01   5.457535e-01  -1.647021e-01   0.000000e+00
 0.000000e+00   0.000000e+00   2.671999e-02   0.000000e+00   0.000000e+00   2.350477e-02  -1.647021e-01   2.675235e-01   0.000000e+00
 2.521559e-02   9.686959e-03   0.000000e+00   2.664286e-02   1.173193e-02   0.000000e+00   0.000000e+00   0.000000e+00   1.527850e-01

# timestamp: 1774889739.6781654
 7.201464e-03   2.532389e-03   0.000000e+00   6.367918e-03   2.829950e-03   0.000000e+00   0.000000e+00   0.000000e+00   2.633645e-02
 2.532389e-03   2.674899e-03   0.000000e+00   2.584731e-03   1.729103e-03   0.000000e+00   0.000000e+00   0.000000e+00   1.017820e-02
 0.000000e+00   0.000000e+00   2.738406e-02   0.000000e+00   0.000000e+00   2.636682e-02  -1.137578e-01   2.770441e-02   0.000000e+00
 6.367918e-03   2.584731e-03   0.000000e+00   6.658153e-03   2.905375e-03   0.000000e+00   0.000000e+00   0.000000e+00   2.790049e-02
 2.829950e-03   1.729103e-03   0.000000e+00   2.905375e-03   1.914265e-03   0.000000e+00   0.000000e+00   0.000000e+00   1.208312e-02
 0.000000e+00   0.000000e+00   2.636682e-02   0.000000e+00   0.000000e+00   2.652566e-02  -1.139712e-01   2.422447e-02   0.000000e+00
 0.000000e+00   0.000000e+00  -1.137578e-01   0.000000e+00   0.000000e+00  -1.139712e-01   5.499066e-01  -1.647021e-01   0.000000e+00
 0.000000e+00   0.000000e+00   2.770441e-02   0.000000e+00   0.000000e+00   2.422447e-02  -1.647021e-01   2.716765e-01   0.000000e+00
 2.633645e-02   1.017820e-02   0.000000e+00   2.790049e-02   1.208312e-02   0.000000e+00   0.000000e+00   0.000000e+00   1.569381e-01

# timestamp: 1774889739.7045786
 5.966665e-03   1.688421e-03   0.000000e+00   5.310294e-03   2.197423e-03   0.000000e+00   0.000000e+00   0.000000e+00   2.285297e-02
 1.688421e-03   2.026037e-03   0.000000e+00   1.769164e-03   1.245588e-03   0.000000e+00   0.000000e+00   0.000000e+00   6.858941e-03
 0.000000e+00   0.000000e+00   2.406292e-02   0.000000e+00   0.000000e+00   2.342759e-02  -1.057648e-01   3.273103e-02   0.000000e+00
 5.310294e-03   1.769164e-03   0.000000e+00   5.699677e-03   2.312317e-03   0.000000e+00   0.000000e+00   0.000000e+00   2.433195e-02
 2.197423e-03   1.245588e-03   0.000000e+00   2.312317e-03   1.555552e-03   0.000000e+00   0.000000e+00   0.000000e+00   9.775091e-03
 0.000000e+00   0.000000e+00   2.342759e-02   0.000000e+00   0.000000e+00   2.393135e-02  -1.068178e-01   2.848897e-02   0.000000e+00
 0.000000e+00   0.000000e+00  -1.057648e-01   0.000000e+00   0.000000e+00  -1.068178e-01   5.278850e-01  -1.752592e-01   0.000000e+00
 0.000000e+00   0.000000e+00   3.273103e-02   0.000000e+00   0.000000e+00   2.848897e-02  -1.752592e-01   2.690842e-01   0.000000e+00
 2.285297e-02   6.858941e-03   0.000000e+00   2.433195e-02   9.775091e-03   0.000000e+00   0.000000e+00   0.000000e+00   1.407528e-01

# timestamp: 1774889739.9031527
 5.876332e-03   1.087760e-03   0.000000e+00   5.287646e-03   1.883348e-03   0.000000e+00   0.000000e+00   0.000000e+00   2.200278e-02
 1.087760e-03   1.678981e-03   0.000000e+00   1.148172e-03   8.940895e-04   0.000000e+00   0.000000e+00   0.000000e+00   3.790597e-03
 0.000000e+00   0.000000e+00   2.442874e-02   0.000000e+00   0.000000e+00   2.336805e-02  -1.020159e-01   4.167858e-02   0.000000e+00
 5.287646e-03   1.148172e-03   0.000000e+00   5.749006e-03   2.007476e-03   0.000000e+00   0.000000e+00   0.000000e+00   2.370876e-02
 1.883348e-03   8.940895e-04   0.000000e+00   2.007476e-03   1.285472e-03   0.000000e+00   0.000000e+00   0.000000e+00   8.166446e-03
 0.000000e+00   0.000000e+00   2.336805e-02   0.000000e+00   0.000000e+00   2.360136e-02  -1.015731e-01   3.413408e-02   0.000000e+00
 0.000000e+00   0.000000e+00  -1.020159e-01   0.000000e+00   0.000000e+00  -1.015731e-01   4.824936e-01  -1.825598e-01   0.000000e+00
 0.000000e+00   0.000000e+00   4.167858e-02   0.000000e+00   0.000000e+00   3.413408e-02  -1.825598e-01   2.876926e-01   0.000000e+00
 2.200278e-02   3.790597e-03   0.000000e+00   2.370876e-02   8.166446e-03   0.000000e+00   0.000000e+00   0.000000e+00   1.349602e-01

# timestamp: 1774889739.9234622
 6.167932e-03   1.164419e-03   0.000000e+00   5.537381e-03   1.968176e-03   0.000000e+00   0.000000e+00   0.000000e+00   2.259443e-02
 1.164419e-03   1.748857e-03   0.000000e+00   1.216970e-03   9.321998e-04   0.000000e+00   0.000000e+00   0.000000e+00   3.994303e-03
 0.000000e+00   0.000000e+00   2.563103e-02   0.000000e+00   0.000000e+00   2.438289e-02  -1.045448e-01   4.252644e-02   0.000000e+00
 5.537381e-03   1.216970e-03   0.000000e+00   5.978164e-03   2.083561e-03   0.000000e+00   0.000000e+00   0.000000e+00   2.435333e-02
 1.968176e-03   9.321998e-04   0.000000e+00   2.083561e-03   1.313468e-03   0.000000e+00   0.000000e+00   0.000000e+00   8.377268e-03
 0.000000e+00   0.000000e+00   2.438289e-02   0.000000e+00   0.000000e+00   2.446547e-02  -1.035753e-01   3.454870e-02   0.000000e+00
 0.000000e+00   0.000000e+00  -1.045448e-01   0.000000e+00   0.000000e+00  -1.035753e-01   4.849681e-01  -1.825598e-01   0.000000e+00
 0.000000e+00   0.000000e+00   4.252644e-02   0.000000e+00   0.000000e+00   3.454870e-02  -1.825598e-01   2.901671e-01   0.000000e+00
 2.259443e-02   3.994303e-03   0.000000e+00   2.435333e-02   8.377268e-03   0.000000e+00   0.000000e+00   0.000000e+00   1.374347e-01

# timestamp: 1774889739.9632707
 6.559928e-03   1.268307e-03   0.000000e+00   5.870013e-03   2.081044e-03   0.000000e+00   0.000000e+00   0.000000e+00   2.337553e-02
 1.268307e-03   1.841248e-03   0.000000e+00   1.309351e-03   9.825486e-04   0.000000e+00   0.000000e+00   0.000000e+00   4.262853e-03
 0.000000e+00   0.000000e+00   2.724613e-02   0.000000e+00   0.000000e+00   2.573097e-02  -1.078571e-01   4.362803e-02   0.000000e+00
 5.870013e-03   1.309351e-03   0.000000e+00   6.281049e-03   2.184081e-03   0.000000e+00   0.000000e+00   0.000000e+00   2.519789e-02
 2.081044e-03   9.825486e-04   0.000000e+00   2.184081e-03   1.350333e-03   0.000000e+00   0.000000e+00   0.000000e+00   8.653502e-03
 0.000000e+00   0.000000e+00   2.573097e-02   0.000000e+00   0.000000e+00   2.559955e-02  -1.061608e-01   3.507459e-02   0.000000e+00
 0.000000e+00   0.000000e+00  -1.078571e-01   0.000000e+00   0.000000e+00  -1.061608e-01   4.881416e-01  -1.825598e-01   0.000000e+00
 0.000000e+00   0.000000e+00   4.362803e-02   0.000000e+00   0.000000e+00   3.507459e-02  -1.825598e-01   2.933405e-01   0.000000e+00
 2.337553e-02   4.262853e-03   0.000000e+00   2.519789e-02   8.653502e-03   0.000000e+00   0.000000e+00   0.000000e+00   1.406082e-01

# timestamp: 1774889739.9943874
 5.972085e-03   8.798845e-04   0.000000e+00   5.421321e-03   1.804351e-03   0.000000e+00   0.000000e+00   0.000000e+00   2.229683e-02
 8.798845e-04   1.584706e-03   0.000000e+00   9.302979e-04   7.820992e-04   0.000000e+00   0.000000e+00   0.000000e+00   2.796905e-03
 0.000000e+00   0.000000e+00   2.398115e-02   0.000000e+00   0.000000e+00   2.271144e-02  -9.767320e-02   4.357893e-02   0.000000e+00
 5.421321e-03   9.302979e-04   0.000000e+00   5.924752e-03   1.934248e-03   0.000000e+00   0.000000e+00   0.000000e+00   2.415850e-02
 1.804351e-03   7.820992e-04   0.000000e+00   1.934248e-03   1.201748e-03   0.000000e+00   0.000000e+00   0.000000e+00   7.775404e-03
 0.000000e+00   0.000000e+00   2.271144e-02   0.000000e+00   0.000000e+00   2.283198e-02  -9.666553e-02   3.445540e-02   0.000000e+00
 0.000000e+00   0.000000e+00  -9.767320e-02   0.000000e+00   0.000000e+00  -9.666553e-02   4.532143e-01  -1.783571e-01   0.000000e+00
 0.000000e+00   0.000000e+00   4.357893e-02   0.000000e+00   0.000000e+00   3.445540e-02  -1.783571e-01   2.972560e-01   0.000000e+00
 2.229683e-02   2.796905e-03   0.000000e+00   2.415850e-02   7.775404e-03   0.000000e+00   0.000000e+00   0.000000e+00   1.358205e-01

# timestamp: 1774889740.342536
 6.998856e-03   4.218246e-04   0.000000e+00   6.627483e-03   1.328554e-03   0.000000e+00   0.000000e+00   0.000000e+00   2.499333e-02
 4.218246e-04   1.522342e-03   0.000000e+00   4.291855e-04   5.708680e-04   0.000000e+00   0.000000e+00   0.000000e+00   5.385775e-04
 0.000000e+00   0.000000e+00   2.397001e-02   0.000000e+00   0.000000e+00   2.304711e-02  -8.730858e-02   4.775452e-02   0.000000e+00
 6.627483e-03   4.291855e-04   0.000000e+00   7.391098e-03   1.442091e-03   0.000000e+00   0.000000e+00   0.000000e+00   2.819527e-02
 1.328554e-03   5.708680e-04   0.000000e+00   1.442091e-03   8.361268e-04   0.000000e+00   0.000000e+00   0.000000e+00   4.802230e-03
 0.000000e+00   0.000000e+00   2.304711e-02   0.000000e+00   0.000000e+00   2.356380e-02  -8.917124e-02   3.943904e-02   0.000000e+00
 0.000000e+00   0.000000e+00  -8.730858e-02   0.000000e+00   0.000000e+00  -8.917124e-02   3.773967e-01  -1.571389e-01   0.000000e+00
 0.000000e+00   0.000000e+00   4.775452e-02   0.000000e+00   0.000000e+00   3.943904e-02  -1.571389e-01   3.271314e-01   0.000000e+00
 2.499333e-02   5.385775e-04   0.000000e+00   2.819527e-02   4.802230e-03   0.000000e+00   0.000000e+00   0.000000e+00   1.457683e-01

# timestamp: 1774889740.3614287
 7.361322e-03   4.662925e-04   0.000000e+00   6.959420e-03   1.328347e-03   0.000000e+00   0.000000e+00   0.000000e+00   2.570324e-02
 4.662925e-04   1.576260e-03   0.000000e+00   4.685626e-04   5.907769e-04   0.000000e+00   0.000000e+00   0.000000e+00   6.566544e-04
 0.000000e+00   0.000000e+00   2.516851e-02   0.000000e+00   0.000000e+00   2.421800e-02  -8.955164e-02   4.874908e-02   0.000000e+00
 6.959420e-03   4.685626e-04   0.000000e+00   7.719260e-03   1.428313e-03   0.000000e+00   0.000000e+00   0.000000e+00   2.903439e-02
 1.328347e-03   5.907769e-04   0.000000e+00   1.428313e-03   8.253167e-04   0.000000e+00   0.000000e+00   0.000000e+00   4.593455e-03
 0.000000e+00   0.000000e+00   2.421800e-02   0.000000e+00   0.000000e+00   2.470834e-02  -9.155099e-02   4.079884e-02   0.000000e+00
 0.000000e+00   0.000000e+00  -8.955164e-02   0.000000e+00   0.000000e+00  -9.155099e-02   3.798906e-01  -1.571389e-01   0.000000e+00
 0.000000e+00   0.000000e+00   4.874908e-02   0.000000e+00   0.000000e+00   4.079884e-02  -1.571389e-01   3.296252e-01   0.000000e+00
 2.570324e-02   6.566544e-04   0.000000e+00   2.903439e-02   4.593455e-03   0.000000e+00   0.000000e+00   0.000000e+00   1.482622e-01

# timestamp: 1774889740.3969488
 7.818151e-03   5.209537e-04   0.000000e+00   7.373875e-03   1.326231e-03   0.000000e+00   0.000000e+00   0.000000e+00   2.658191e-02
 5.209537e-04   1.642250e-03   0.000000e+00   5.162283e-04   6.141122e-04   0.000000e+00   0.000000e+00   0.000000e+00   7.916379e-04
 0.000000e+00   0.000000e+00   2.668371e-02   0.000000e+00   0.000000e+00   2.567938e-02  -9.231882e-02   4.998570e-02   0.000000e+00
 7.373875e-03   5.162283e-04   0.000000e+00   8.125730e-03   1.408615e-03   0.000000e+00   0.000000e+00   0.000000e+00   3.006053e-02
 1.326231e-03   6.141122e-04   0.000000e+00   1.408615e-03   8.131346e-04   0.000000e+00   0.000000e+00   0.000000e+00   4.338148e-03
 0.000000e+00   0.000000e+00   2.567938e-02   0.000000e+00   0.000000e+00   2.612255e-02  -9.442563e-02   4.243519e-02   0.000000e+00
 0.000000e+00   0.000000e+00  -9.231882e-02   0.000000e+00   0.000000e+00  -9.442563e-02   3.828828e-01  -1.571389e-01   0.000000e+00
 0.000000e+00   0.000000e+00   4.998570e-02   0.000000e+00   0.000000e+00   4.243519e-02  -1.571389e-01   3.326174e-01   0.000000e+00
 2.658191e-02   7.916379e-04   0.000000e+00   3.006053e-02   4.338148e-03   0.000000e+00   0.000000e+00   0.000000e+00   1.512544e-01

# timestamp: 1774889740.4260204
 6.848785e-03   1.641682e-04   0.000000e+00   6.619422e-03   9.512043e-04   0.000000e+00   0.000000e+00   0.000000e+00   2.481245e-02
 1.641682e-04   1.464466e-03   0.000000e+00   1.472661e-04   5.012165e-04   0.000000e+00   0.000000e+00   0.000000e+00  -6.112425e-04
 0.000000e+00   0.000000e+00   2.227330e-02   0.000000e+00   0.000000e+00   2.186612e-02  -8.030029e-02   4.825479e-02   0.000000e+00
 6.619422e-03   1.472661e-04   0.000000e+00   7.540739e-03   1.043334e-03   0.000000e+00   0.000000e+00   0.000000e+00   2.853506e-02
 9.512043e-04   5.012165e-04   0.000000e+00   1.043334e-03   7.020333e-04   0.000000e+00   0.000000e+00   0.000000e+00   2.993253e-03
 0.000000e+00   0.000000e+00   2.186612e-02   0.000000e+00   0.000000e+00   2.284781e-02  -8.421552e-02   4.186428e-02   0.000000e+00
 0.000000e+00   0.000000e+00  -8.030029e-02   0.000000e+00   0.000000e+00  -8.421552e-02   3.489781e-01  -1.494235e-01   0.000000e+00
 0.000000e+00   0.000000e+00   4.825479e-02   0.000000e+00   0.000000e+00   4.186428e-02  -1.494235e-01   3.342861e-01   0.000000e+00
 2.481245e-02  -6.112425e-04   0.000000e+00   2.853506e-02   2.993253e-03   0.000000e+00   0.000000e+00   0.000000e+00   1.450411e-01

# timestamp: 1774889740.642244
 7.255069e-03  -3.730148e-04   0.000000e+00   7.240099e-03   8.643445e-05   0.000000e+00   0.000000e+00   0.000000e+00   2.540802e-02
-3.730148e-04   1.541592e-03   0.000000e+00  -4.935764e-04   5.162674e-04   0.000000e+00   0.000000e+00   0.000000e+00  -3.110443e-03
 0.000000e+00   0.000000e+00   2.292290e-02   0.000000e+00   0.000000e+00   2.345590e-02  -7.499417e-02   5.469774e-02   0.000000e+00
 7.240099e-03  -4.935764e-04   0.000000e+00   8.474102e-03   3.951214e-05   0.000000e+00   0.000000e+00   0.000000e+00   3.039433e-02
 8.643445e-05   5.162674e-04   0.000000e+00   3.951214e-05   5.984134e-04   0.000000e+00   0.000000e+00   0.000000e+00  -1.332152e-03
 0.000000e+00   0.000000e+00   2.345590e-02   0.000000e+00   0.000000e+00   2.539215e-02  -8.263080e-02   5.284494e-02   0.000000e+00
 0.000000e+00   0.000000e+00  -7.499417e-02   0.000000e+00   0.000000e+00  -8.263080e-02   3.123258e-01  -1.393710e-01   0.000000e+00
 0.000000e+00   0.000000e+00   5.469774e-02   0.000000e+00   0.000000e+00   5.284494e-02  -1.393710e-01   3.544480e-01   0.000000e+00
 2.540802e-02  -3.110443e-03   0.000000e+00   3.039433e-02  -1.332152e-03   0.000000e+00   0.000000e+00   0.000000e+00   1.466690e-01

# timestamp: 1774889740.6836967
 7.791725e-03  -3.878173e-04   0.000000e+00   7.738635e-03   2.215900e-05   0.000000e+00   0.000000e+00   0.000000e+00   2.644717e-02
-3.878173e-04   1.610983e-03   0.000000e+00  -5.182475e-04   5.443750e-04   0.000000e+00   0.000000e+00   0.000000e+00  -3.159902e-03
 0.000000e+00   0.000000e+00   2.458560e-02   0.000000e+00   0.000000e+00   2.507891e-02  -7.781474e-02   5.650374e-02   0.000000e+00
 7.738635e-03  -5.182475e-04   0.000000e+00   8.969079e-03  -4.921837e-05   0.000000e+00   0.000000e+00   0.000000e+00   3.157484e-02
 2.215900e-05   5.443750e-04   0.000000e+00  -4.921837e-05   6.092895e-04   0.000000e+00   0.000000e+00   0.000000e+00  -1.700539e-03
 0.000000e+00   0.000000e+00   2.507891e-02   0.000000e+00   0.000000e+00   2.699571e-02  -8.547061e-02   5.483344e-02   0.000000e+00
 0.000000e+00   0.000000e+00  -7.781474e-02   0.000000e+00   0.000000e+00  -8.547061e-02   3.156967e-01  -1.393710e-01   0.000000e+00
 0.000000e+00   0.000000e+00   5.650374e-02   0.000000e+00   0.000000e+00   5.483344e-02  -1.393710e-01   3.578188e-01   0.000000e+00
 2.644717e-02  -3.159902e-03   0.000000e+00   3.157484e-02  -1.700539e-03   0.000000e+00   0.000000e+00   0.000000e+00   1.500398e-01

# timestamp: 1774889740.740381
 7.472461e-03  -6.396467e-04   0.000000e+00   7.584292e-03  -2.550785e-04   0.000000e+00   0.000000e+00   0.000000e+00   2.637733e-02
-6.396467e-04   1.584493e-03   0.000000e+00  -8.166949e-04   5.548416e-04   0.000000e+00   0.000000e+00   0.000000e+00  -4.245365e-03
 0.000000e+00   0.000000e+00   2.186148e-02   0.000000e+00   0.000000e+00   2.264789e-02  -6.971815e-02   5.337769e-02   0.000000e+00
 7.584292e-03  -8.166949e-04   0.000000e+00   8.983194e-03  -3.670331e-04   0.000000e+00   0.000000e+00   0.000000e+00   3.190191e-02
-2.550785e-04   5.548416e-04   0.000000e+00  -3.670331e-04   6.196138e-04   0.000000e+00   0.000000e+00   0.000000e+00  -2.802255e-03
 0.000000e+00   0.000000e+00   2.264789e-02   0.000000e+00   0.000000e+00   2.487453e-02  -7.823501e-02   5.239909e-02   0.000000e+00
 0.000000e+00   0.000000e+00  -6.971815e-02   0.000000e+00   0.000000e+00  -7.823501e-02   2.916611e-01  -1.240266e-01   0.000000e+00
 0.000000e+00   0.000000e+00   5.337769e-02   0.000000e+00   0.000000e+00   5.239909e-02  -1.240266e-01   3.571132e-01   0.000000e+00
 2.637733e-02  -4.245365e-03   0.000000e+00   3.190191e-02  -2.802255e-03   0.000000e+00   0.000000e+00   0.000000e+00   1.507273e-01

# timestamp: 1774889740.9495847
 8.306328e-03  -1.167066e-03   0.000000e+00   8.634359e-03  -8.030195e-04   0.000000e+00   0.000000e+00   0.000000e+00   2.945396e-02
-1.167066e-03   1.708070e-03   0.000000e+00  -1.448203e-03   6.593822e-04   0.000000e+00   0.000000e+00   0.000000e+00  -6.272942e-03
 0.000000e+00   0.000000e+00   2.050670e-02   0.000000e+00   0.000000e+00   2.138253e-02  -6.267174e-02   4.923965e-02   0.000000e+00
 8.634359e-03  -1.448203e-03   0.000000e+00   1.030079e-02  -1.018572e-03   0.000000e+00   0.000000e+00   0.000000e+00   3.577760e-02
-8.030195e-04   6.593822e-04   0.000000e+00  -1.018572e-03   6.982496e-04   0.000000e+00   0.000000e+00   0.000000e+00  -4.859704e-03
 0.000000e+00   0.000000e+00   2.138253e-02   0.000000e+00   0.000000e+00   2.374160e-02  -7.157240e-02   4.790375e-02   0.000000e+00
 0.000000e+00   0.000000e+00  -6.267174e-02   0.000000e+00   0.000000e+00  -7.157240e-02   2.650279e-01  -9.398137e-02   0.000000e+00
 0.000000e+00   0.000000e+00   4.923965e-02   0.000000e+00   0.000000e+00   4.790375e-02  -9.398137e-02   3.572250e-01   0.000000e+00
 2.945396e-02  -6.272942e-03   0.000000e+00   3.577760e-02  -4.859704e-03   0.000000e+00   0.000000e+00   0.000000e+00   1.622636e-01

# timestamp: 1774889740.9663637
 8.553073e-03  -1.197469e-03   0.000000e+00   8.863333e-03  -8.323436e-04   0.000000e+00   0.000000e+00   0.000000e+00   2.993404e-02
-1.197469e-03   1.739225e-03   0.000000e+00  -1.481123e-03   6.720562e-04   0.000000e+00   0.000000e+00   0.000000e+00  -6.338211e-03
 0.000000e+00   0.000000e+00   2.109765e-02   0.000000e+00   0.000000e+00   2.192005e-02  -6.363169e-02   4.988181e-02   0.000000e+00
 8.863333e-03  -1.481123e-03   0.000000e+00   1.052080e-02  -1.052290e-03   0.000000e+00   0.000000e+00   0.000000e+00   3.627314e-02
-8.323436e-04   6.720562e-04   0.000000e+00  -1.052290e-03   7.047144e-04   0.000000e+00   0.000000e+00   0.000000e+00  -4.945088e-03
 0.000000e+00   0.000000e+00   2.192005e-02   0.000000e+00   0.000000e+00   2.423034e-02  -7.242898e-02   4.837633e-02   0.000000e+00
 0.000000e+00   0.000000e+00  -6.363169e-02   0.000000e+00   0.000000e+00  -7.242898e-02   2.663651e-01  -9.398137e-02   0.000000e+00
 0.000000e+00   0.000000e+00   4.988181e-02   0.000000e+00   0.000000e+00   4.837633e-02  -9.398137e-02   3.585623e-01   0.000000e+00
 2.993404e-02  -6.338211e-03   0.000000e+00   3.627314e-02  -4.945088e-03   0.000000e+00   0.000000e+00   0.000000e+00   1.636009e-01

# timestamp: 1774889740.9859028
 7.689608e-03  -1.235130e-03   0.000000e+00   8.184064e-03  -8.659802e-04   0.000000e+00   0.000000e+00   0.000000e+00   2.916384e-02
-1.235130e-03   1.610367e-03   0.000000e+00  -1.542556e-03   6.398459e-04   0.000000e+00   0.000000e+00   0.000000e+00  -6.706739e-03
 0.000000e+00   0.000000e+00   1.699215e-02   0.000000e+00   0.000000e+00   1.802521e-02  -5.522025e-02   4.201074e-02   0.000000e+00
 8.184064e-03  -1.542556e-03   0.000000e+00   9.998480e-03  -1.096743e-03   0.000000e+00   0.000000e+00   0.000000e+00   3.573618e-02
-8.659802e-04   6.398459e-04   0.000000e+00  -1.096743e-03   6.983040e-04   0.000000e+00   0.000000e+00   0.000000e+00  -5.114552e-03
 0.000000e+00   0.000000e+00   1.802521e-02   0.000000e+00   0.000000e+00   2.053447e-02  -6.443313e-02   4.073122e-02   0.000000e+00
 0.000000e+00   0.000000e+00  -5.522025e-02   0.000000e+00   0.000000e+00  -6.443313e-02   2.489654e-01  -7.665318e-02   0.000000e+00
 0.000000e+00   0.000000e+00   4.201074e-02   0.000000e+00   0.000000e+00   4.073122e-02  -7.665318e-02   3.449003e-01   0.000000e+00
 2.916384e-02  -6.706739e-03   0.000000e+00   3.573618e-02  -5.114552e-03   0.000000e+00   0.000000e+00   0.000000e+00   1.632938e-01

# timestamp: 1774889741.0065482
 8.123158e-03  -1.295158e-03   0.000000e+00   8.593531e-03  -9.113391e-04   0.000000e+00   0.000000e+00   0.000000e+00   3.004529e-02
-1.295158e-03   1.666641e-03   0.000000e+00  -1.606686e-03   6.611633e-04   0.000000e+00   0.000000e+00   0.000000e+00  -6.832679e-03
 0.000000e+00   0.000000e+00   1.791634e-02   0.000000e+00   0.000000e+00   1.886552e-02  -5.680794e-02   4.301239e-02   0.000000e+00
 8.593531e-03  -1.606686e-03   0.000000e+00   1.039411e-02  -1.146847e-03   0.000000e+00   0.000000e+00   0.000000e+00   3.663250e-02
-9.113391e-04   6.611633e-04   0.000000e+00  -1.146847e-03   7.070444e-04   0.000000e+00   0.000000e+00   0.000000e+00  -5.215059e-03
 0.000000e+00   0.000000e+00   1.886552e-02   0.000000e+00   0.000000e+00   2.129472e-02  -6.584161e-02   4.135883e-02   0.000000e+00
 0.000000e+00   0.000000e+00  -5.680794e-02   0.000000e+00   0.000000e+00  -6.584161e-02   2.514127e-01  -7.665318e-02   0.000000e+00
 0.000000e+00   0.000000e+00   4.301239e-02   0.000000e+00   0.000000e+00   4.135883e-02  -7.665318e-02   3.473476e-01   0.000000e+00
 3.004529e-02  -6.832679e-03   0.000000e+00   3.663250e-02  -5.215059e-03   0.000000e+00   0.000000e+00   0.000000e+00   1.657411e-01

# timestamp: 1774889741.0201201
 8.343874e-03  -1.325689e-03   0.000000e+00   8.800236e-03  -9.343006e-04   0.000000e+00   0.000000e+00   0.000000e+00   3.048718e-02
-1.325689e-03   1.694685e-03   0.000000e+00  -1.638922e-03   6.717464e-04   0.000000e+00   0.000000e+00   0.000000e+00  -6.895546e-03
 0.000000e+00   0.000000e+00   1.838621e-02   0.000000e+00   0.000000e+00   1.928901e-02  -5.760187e-02   4.351071e-02   0.000000e+00
 8.800236e-03  -1.638922e-03   0.000000e+00   1.059210e-02  -1.171871e-03   0.000000e+00   0.000000e+00   0.000000e+00   3.707741e-02
-9.343006e-04   6.717464e-04   0.000000e+00  -1.171871e-03   7.113845e-04   0.000000e+00   0.000000e+00   0.000000e+00  -5.264949e-03
 0.000000e+00   0.000000e+00   1.928901e-02   0.000000e+00   0.000000e+00   2.167421e-02  -6.653820e-02   4.166775e-02   0.000000e+00
 0.000000e+00   0.000000e+00  -5.760187e-02   0.000000e+00   0.000000e+00  -6.653820e-02   2.526153e-01  -7.665318e-02   0.000000e+00
 0.000000e+00   0.000000e+00   4.351071e-02   0.000000e+00   0.000000e+00   4.166775e-02  -7.665318e-02   3.485502e-01   0.000000e+00
 3.048718e-02  -6.895546e-03   0.000000e+00   3.707741e-02  -5.264949e-03   0.000000e+00   0.000000e+00   0.000000e+00   1.669437e-01

# timestamp: 1774889741.037992
 8.741780e-03  -1.380667e-03   0.000000e+00   9.170242e-03  -9.754900e-04   0.000000e+00   0.000000e+00   0.000000e+00   3.127242e-02
-1.380667e-03   1.744337e-03   0.000000e+00  -1.696417e-03   6.904247e-04   0.000000e+00   0.000000e+00   0.000000e+00  -7.006886e-03
 0.000000e+00   0.000000e+00   1.923232e-02   0.000000e+00   0.000000e+00   2.004594e-02  -5.900976e-02   4.439079e-02   0.000000e+00
 9.170242e-03  -1.696417e-03   0.000000e+00   1.094409e-02  -1.216275e-03   0.000000e+00   0.000000e+00   0.000000e+00   3.786342e-02
-9.754900e-04   6.904247e-04   0.000000e+00  -1.216275e-03   7.190465e-04   0.000000e+00   0.000000e+00   0.000000e+00  -5.353087e-03
 0.000000e+00   0.000000e+00   2.004594e-02   0.000000e+00   0.000000e+00   2.234727e-02  -6.776434e-02   4.220885e-02   0.000000e+00
 0.000000e+00   0.000000e+00  -5.900976e-02   0.000000e+00   0.000000e+00  -6.776434e-02   2.547184e-01  -7.665318e-02   0.000000e+00
 0.000000e+00   0.000000e+00   4.439079e-02   0.000000e+00   0.000000e+00   4.220885e-02  -7.665318e-02   3.506533e-01   0.000000e+00
 3.127242e-02  -7.006886e-03   0.000000e+00   3.786342e-02  -5.353087e-03   0.000000e+00   0.000000e+00   0.000000e+00   1.690468e-01

# timestamp: 1774889741.2375607
 9.765531e-03  -1.772253e-03   0.000000e+00   1.031724e-02  -1.312226e-03   0.000000e+00   0.000000e+00   0.000000e+00   3.509628e-02
-1.772253e-03   1.834139e-03   0.000000e+00  -2.136890e-03   7.595224e-04   0.000000e+00   0.000000e+00   0.000000e+00  -8.279760e-03
 0.000000e+00   0.000000e+00   1.721765e-02   0.000000e+00   0.000000e+00   1.785938e-02  -5.332692e-02   3.585444e-02   0.000000e+00
 1.031724e-02  -2.136890e-03   0.000000e+00   1.221912e-02  -1.594008e-03   0.000000e+00   0.000000e+00   0.000000e+00   4.199231e-02
-1.312226e-03   7.595224e-04   0.000000e+00  -1.594008e-03   7.685922e-04   0.000000e+00   0.000000e+00   0.000000e+00  -6.351615e-03
 0.000000e+00   0.000000e+00   1.785938e-02   0.000000e+00   0.000000e+00   1.998651e-02  -6.162196e-02   3.219902e-02   0.000000e+00
 0.000000e+00   0.000000e+00  -5.332692e-02   0.000000e+00   0.000000e+00  -6.162196e-02   2.394695e-01  -4.655022e-02   0.000000e+00
 0.000000e+00   0.000000e+00   3.585444e-02   0.000000e+00   0.000000e+00   3.219902e-02  -4.655022e-02   3.445047e-01   0.000000e+00
 3.509628e-02  -8.279760e-03   0.000000e+00   4.199231e-02  -6.351615e-03   0.000000e+00   0.000000e+00   0.000000e+00   1.829407e-01

# timestamp: 1774889741.2572803
 1.018921e-02  -1.839713e-03   0.000000e+00   1.070214e-02  -1.362935e-03   0.000000e+00   0.000000e+00   0.000000e+00   3.591099e-02
-1.839713e-03   1.883067e-03   0.000000e+00  -2.202438e-03   7.790258e-04   0.000000e+00   0.000000e+00   0.000000e+00  -8.402904e-03
 0.000000e+00   0.000000e+00   1.793637e-02   0.000000e+00   0.000000e+00   1.849159e-02  -5.452186e-02   3.647787e-02   0.000000e+00
 1.070214e-02  -2.202438e-03   0.000000e+00   1.257058e-02  -1.643776e-03   0.000000e+00   0.000000e+00   0.000000e+00   4.275218e-02
-1.362935e-03   7.790258e-04   0.000000e+00  -1.643776e-03   7.775807e-04   0.000000e+00   0.000000e+00   0.000000e+00  -6.453192e-03
 0.000000e+00   0.000000e+00   1.849159e-02   0.000000e+00   0.000000e+00   2.053668e-02  -6.264065e-02   3.258167e-02   0.000000e+00
 0.000000e+00   0.000000e+00  -5.452186e-02   0.000000e+00   0.000000e+00  -6.264065e-02   2.413981e-01  -4.655022e-02   0.000000e+00
 0.000000e+00   0.000000e+00   3.647787e-02   0.000000e+00   0.000000e+00   3.258167e-02  -4.655022e-02   3.464333e-01   0.000000e+00
 3.591099e-02  -8.402904e-03   0.000000e+00   4.275218e-02  -6.453192e-03   0.000000e+00   0.000000e+00   0.000000e+00   1.848693e-01

# timestamp: 1774889741.2831595
 9.088641e-03  -1.749239e-03   0.000000e+00   9.760063e-03  -1.304707e-03   0.000000e+00   0.000000e+00   0.000000e+00   3.450499e-02
-1.749239e-03   1.739043e-03   0.000000e+00  -2.131977e-03   7.333120e-04   0.000000e+00   0.000000e+00   0.000000e+00  -8.455987e-03
 0.000000e+00   0.000000e+00   1.476210e-02   0.000000e+00   0.000000e+00   1.550612e-02  -4.839686e-02   3.132003e-02   0.000000e+00
 9.760063e-03  -2.131977e-03   0.000000e+00   1.176653e-02  -1.599802e-03   0.000000e+00   0.000000e+00   0.000000e+00   4.158214e-02
-1.304707e-03   7.333120e-04   0.000000e+00  -1.599802e-03   7.622619e-04   0.000000e+00   0.000000e+00   0.000000e+00  -6.448188e-03
 0.000000e+00   0.000000e+00   1.550612e-02   0.000000e+00   0.000000e+00   1.772326e-02  -5.684817e-02   2.755132e-02   0.000000e+00
 0.000000e+00   0.000000e+00  -4.839686e-02   0.000000e+00   0.000000e+00  -5.684817e-02   2.295772e-01  -3.540609e-02   0.000000e+00
 0.000000e+00   0.000000e+00   3.132003e-02   0.000000e+00   0.000000e+00   2.755132e-02  -3.540609e-02   3.403680e-01   0.000000e+00
 3.450499e-02  -8.455987e-03   0.000000e+00   4.158214e-02  -6.448188e-03   0.000000e+00   0.000000e+00   0.000000e+00   1.835626e-01

# timestamp: 1774889741.3066895
 9.662483e-03  -1.845156e-03   0.000000e+00   1.028874e-02  -1.376444e-03   0.000000e+00   0.000000e+00   0.000000e+00   3.565236e-02
-1.845156e-03   1.807170e-03   0.000000e+00  -2.225575e-03   7.609361e-04   0.000000e+00   0.000000e+00   0.000000e+00  -8.633696e-03
 0.000000e+00   0.000000e+00   1.565668e-02   0.000000e+00   0.000000e+00   1.630571e-02  -4.996448e-02   3.207786e-02   0.000000e+00
 1.028874e-02  -2.225575e-03   0.000000e+00   1.225256e-02  -1.669853e-03   0.000000e+00   0.000000e+00   0.000000e+00   4.264529e-02
-1.376444e-03   7.609361e-04   0.000000e+00  -1.669853e-03   7.751015e-04   0.000000e+00   0.000000e+00   0.000000e+00  -6.591785e-03
 0.000000e+00   0.000000e+00   1.630571e-02   0.000000e+00   0.000000e+00   1.842924e-02  -5.820280e-02   2.801962e-02   0.000000e+00
 0.000000e+00   0.000000e+00  -4.996448e-02   0.000000e+00   0.000000e+00  -5.820280e-02   2.323104e-01  -3.540609e-02   0.000000e+00
 0.000000e+00   0.000000e+00   3.207786e-02   0.000000e+00   0.000000e+00   2.801962e-02  -3.540609e-02   3.431013e-01   0.000000e+00
 3.565236e-02  -8.633696e-03   0.000000e+00   4.264529e-02  -6.591785e-03   0.000000e+00   0.000000e+00   0.000000e+00   1.862959e-01

# timestamp: 1774889741.3388214
 1.037734e-02  -1.964216e-03   0.000000e+00   1.093848e-02  -1.464741e-03   0.000000e+00   0.000000e+00   0.000000e+00   3.704323e-02
-1.964216e-03   1.889545e-03   0.000000e+00  -2.339856e-03   7.941810e-04   0.000000e+00   0.000000e+00   0.000000e+00  -8.848398e-03
 0.000000e+00   0.000000e+00   1.676932e-02   0.000000e+00   0.000000e+00   1.728686e-02  -5.186136e-02   3.298846e-02   0.000000e+00
 1.093848e-02  -2.339856e-03   0.000000e+00   1.284222e-02  -1.754696e-03   0.000000e+00   0.000000e+00   0.000000e+00   4.392137e-02
-1.464741e-03   7.941810e-04   0.000000e+00  -1.754696e-03   7.905490e-04   0.000000e+00   0.000000e+00   0.000000e+00  -6.764142e-03
 0.000000e+00   0.000000e+00   1.728686e-02   0.000000e+00   0.000000e+00   1.928380e-02  -5.982301e-02   2.857532e-02   0.000000e+00
 0.000000e+00   0.000000e+00  -5.186136e-02   0.000000e+00   0.000000e+00  -5.982301e-02   2.355373e-01  -3.540609e-02   0.000000e+00
 0.000000e+00   0.000000e+00   3.298846e-02   0.000000e+00   0.000000e+00   2.857532e-02  -3.540609e-02   3.463282e-01   0.000000e+00
 3.704323e-02  -8.848398e-03   0.000000e+00   4.392137e-02  -6.764142e-03   0.000000e+00   0.000000e+00   0.000000e+00   1.895228e-01

# timestamp: 1774889741.5185869
 1.046487e-02  -2.125975e-03   0.000000e+00   1.107258e-02  -1.554737e-03   0.000000e+00   0.000000e+00   0.000000e+00   3.840887e-02
-2.125975e-03   1.886022e-03   0.000000e+00  -2.515718e-03   8.006054e-04   0.000000e+00   0.000000e+00   0.000000e+00  -9.524658e-03
 0.000000e+00   0.000000e+00   1.483349e-02   0.000000e+00   0.000000e+00   1.523030e-02  -4.746592e-02   2.815146e-02   0.000000e+00
 1.107258e-02  -2.515718e-03   0.000000e+00   1.299290e-02  -1.846878e-03   0.000000e+00   0.000000e+00   0.000000e+00   4.522529e-02
-1.554737e-03   8.006054e-04   0.000000e+00  -1.846878e-03   7.908321e-04   0.000000e+00   0.000000e+00   0.000000e+00  -7.011043e-03
 0.000000e+00   0.000000e+00   1.523030e-02   0.000000e+00   0.000000e+00   1.709750e-02  -5.506908e-02   2.240437e-02   0.000000e+00
 0.000000e+00   0.000000e+00  -4.746592e-02   0.000000e+00   0.000000e+00  -5.506908e-02   2.263809e-01  -1.831012e-02   0.000000e+00
 0.000000e+00   0.000000e+00   2.815146e-02   0.000000e+00   0.000000e+00   2.240437e-02  -1.831012e-02   3.525548e-01   0.000000e+00
 3.840887e-02  -9.524658e-03   0.000000e+00   4.522529e-02  -7.011043e-03   0.000000e+00   0.000000e+00   0.000000e+00   1.962404e-01

# timestamp: 1774889741.5447633
 1.120469e-02  -2.255484e-03   0.000000e+00   1.173499e-02  -1.621342e-03   0.000000e+00   0.000000e+00   0.000000e+00   3.983224e-02
-2.255484e-03   1.968027e-03   0.000000e+00  -2.635615e-03   8.274626e-04   0.000000e+00   0.000000e+00   0.000000e+00  -9.743895e-03
 0.000000e+00   0.000000e+00   1.583809e-02   0.000000e+00   0.000000e+00   1.608738e-02  -4.919837e-02   2.885258e-02   0.000000e+00
 1.173499e-02  -2.635615e-03   0.000000e+00   1.358110e-02  -1.901573e-03   0.000000e+00   0.000000e+00   0.000000e+00   4.649117e-02
-1.621342e-03   8.274626e-04   0.000000e+00  -1.901573e-03   7.969698e-04   0.000000e+00   0.000000e+00   0.000000e+00  -7.053599e-03
 0.000000e+00   0.000000e+00   1.608738e-02   0.000000e+00   0.000000e+00   1.782219e-02  -5.653116e-02   2.259725e-02   0.000000e+00
 0.000000e+00   0.000000e+00  -4.919837e-02   0.000000e+00   0.000000e+00  -5.653116e-02   2.295023e-01  -1.831012e-02   0.000000e+00
 0.000000e+00   0.000000e+00   2.885258e-02   0.000000e+00   0.000000e+00   2.259725e-02  -1.831012e-02   3.556762e-01   0.000000e+00
 3.983224e-02  -9.743895e-03   0.000000e+00   4.649117e-02  -7.053599e-03   0.000000e+00   0.000000e+00   0.000000e+00   1.993618e-01

# timestamp: 1774889741.5633917
 1.175382e-02  -2.350693e-03   0.000000e+00   1.222040e-02  -1.669719e-03   0.000000e+00   0.000000e+00   0.000000e+00   4.086447e-02
-2.350693e-03   2.027007e-03   0.000000e+00  -2.722251e-03   8.465853e-04   0.000000e+00   0.000000e+00   0.000000e+00  -9.899725e-03
 0.000000e+00   0.000000e+00   1.658202e-02   0.000000e+00   0.000000e+00   1.671440e-02  -5.045310e-02   2.935209e-02   0.000000e+00
 1.222040e-02  -2.722251e-03   0.000000e+00   1.400660e-02  -1.940559e-03   0.000000e+00   0.000000e+00   0.000000e+00   4.739667e-02
-1.669719e-03   8.465853e-04   0.000000e+00  -1.940559e-03   8.013187e-04   0.000000e+00   0.000000e+00   0.000000e+00  -7.084040e-03
 0.000000e+00   0.000000e+00   1.671440e-02   0.000000e+00   0.000000e+00   1.834573e-02  -5.757533e-02   2.273394e-02   0.000000e+00
 0.000000e+00   0.000000e+00  -5.045310e-02   0.000000e+00   0.000000e+00  -5.757533e-02   2.317084e-01  -1.831012e-02   0.000000e+00
 0.000000e+00   0.000000e+00   2.935209e-02   0.000000e+00   0.000000e+00   2.273394e-02  -1.831012e-02   3.578823e-01   0.000000e+00
 4.086447e-02  -9.899725e-03   0.000000e+00   4.739667e-02  -7.084040e-03   0.000000e+00   0.000000e+00   0.000000e+00   2.015679e-01

# timestamp: 1774889741.5951045
 1.021561e-02  -2.101142e-03   0.000000e+00   1.084482e-02  -1.485384e-03   0.000000e+00   0.000000e+00   0.000000e+00   3.844535e-02
-2.101142e-03   1.837732e-03   0.000000e+00  -2.488726e-03   7.668343e-04   0.000000e+00   0.000000e+00   0.000000e+00  -9.542178e-03
 0.000000e+00   0.000000e+00   1.364324e-02   0.000000e+00   0.000000e+00   1.400832e-02  -4.517597e-02   2.512524e-02   0.000000e+00
 1.084482e-02  -2.488726e-03   0.000000e+00   1.277065e-02  -1.766134e-03   0.000000e+00   0.000000e+00   0.000000e+00   4.522350e-02
-1.485384e-03   7.668343e-04   0.000000e+00  -1.766134e-03   7.599660e-04   0.000000e+00   0.000000e+00   0.000000e+00  -6.724538e-03
 0.000000e+00   0.000000e+00   1.400832e-02   0.000000e+00   0.000000e+00   1.585293e-02  -5.270673e-02   1.851412e-02   0.000000e+00
 0.000000e+00   0.000000e+00  -4.517597e-02   0.000000e+00   0.000000e+00  -5.270673e-02   2.223628e-01  -9.748451e-03   0.000000e+00
 0.000000e+00   0.000000e+00   2.512524e-02   0.000000e+00   0.000000e+00   1.851412e-02  -9.748451e-03   3.546539e-01   0.000000e+00
 3.844535e-02  -9.542178e-03   0.000000e+00   4.522350e-02  -6.724538e-03   0.000000e+00   0.000000e+00   0.000000e+00   1.981157e-01

# timestamp: 1774889741.8302393
 1.141702e-02  -2.305796e-03   0.000000e+00   1.185444e-02  -1.449811e-03   0.000000e+00   0.000000e+00   0.000000e+00   4.164313e-02
-2.305796e-03   1.910894e-03   0.000000e+00  -2.645241e-03   7.462452e-04   0.000000e+00   0.000000e+00   0.000000e+00  -9.888005e-03
 0.000000e+00   0.000000e+00   1.397840e-02   0.000000e+00   0.000000e+00   1.397844e-02  -4.578437e-02   2.229414e-02   0.000000e+00
 1.185444e-02  -2.645241e-03   0.000000e+00   1.354234e-02  -1.668103e-03   0.000000e+00   0.000000e+00   0.000000e+00   4.766832e-02
-1.449811e-03   7.462452e-04   0.000000e+00  -1.668103e-03   7.061540e-04   0.000000e+00   0.000000e+00   0.000000e+00  -6.120842e-03
 0.000000e+00   0.000000e+00   1.397844e-02   0.000000e+00   0.000000e+00   1.550348e-02  -5.245602e-02   1.317151e-02   0.000000e+00
 0.000000e+00   0.000000e+00  -4.578437e-02   0.000000e+00   0.000000e+00  -5.245602e-02   2.245975e-01   1.895437e-03   0.000000e+00
 0.000000e+00   0.000000e+00   2.229414e-02   0.000000e+00   0.000000e+00   1.317151e-02   1.895437e-03   3.711867e-01   0.000000e+00
 4.164313e-02  -9.888005e-03   0.000000e+00   4.766832e-02  -6.120842e-03   0.000000e+00   0.000000e+00   0.000000e+00   2.079141e-01

# timestamp: 1774889741.8473983
 1.189972e-02  -2.385557e-03   0.000000e+00   1.227072e-02  -1.493482e-03   0.000000e+00   0.000000e+00   0.000000e+00   4.256568e-02
-2.385557e-03   1.959176e-03   0.000000e+00  -2.713739e-03   7.625588e-04   0.000000e+00   0.000000e+00   0.000000e+00  -1.000620e-02
 0.000000e+00   0.000000e+00   1.454388e-02   0.000000e+00   0.000000e+00   1.445401e-02  -4.679948e-02   2.254831e-02   0.000000e+00
 1.227072e-02  -2.713739e-03   0.000000e+00   1.389288e-02  -1.703295e-03   0.000000e+00   0.000000e+00   0.000000e+00   4.842727e-02
-1.493482e-03   7.625588e-04   0.000000e+00  -1.703295e-03   7.113769e-04   0.000000e+00   0.000000e+00   0.000000e+00  -6.176941e-03
 0.000000e+00   0.000000e+00   1.445401e-02   0.000000e+00   0.000000e+00   1.589607e-02  -5.327500e-02   1.326452e-02   0.000000e+00
 0.000000e+00   0.000000e+00  -4.679948e-02   0.000000e+00   0.000000e+00  -5.327500e-02   2.265227e-01   1.895437e-03   0.000000e+00
 0.000000e+00   0.000000e+00   2.254831e-02   0.000000e+00   0.000000e+00   1.326452e-02   1.895437e-03   3.731119e-01   0.000000e+00
 4.256568e-02  -1.000620e-02   0.000000e+00   4.842727e-02  -6.176941e-03   0.000000e+00   0.000000e+00   0.000000e+00   2.098394e-01

# timestamp: 1774889741.9133608
 1.116117e-02  -2.274109e-03   0.000000e+00   1.155373e-02  -1.433727e-03   0.000000e+00   0.000000e+00   0.000000e+00   4.137407e-02
-2.274109e-03   1.876965e-03   0.000000e+00  -2.599011e-03   7.317721e-04   0.000000e+00   0.000000e+00   0.000000e+00  -9.890905e-03
 0.000000e+00   0.000000e+00   1.337093e-02   0.000000e+00   0.000000e+00   1.331229e-02  -4.448730e-02   2.186337e-02   0.000000e+00
 1.155373e-02  -2.599011e-03   0.000000e+00   1.317045e-02  -1.643033e-03   0.000000e+00   0.000000e+00   0.000000e+00   4.711345e-02
-1.433727e-03   7.317721e-04   0.000000e+00  -1.643033e-03   6.978223e-04   0.000000e+00   0.000000e+00   0.000000e+00  -6.150895e-03
 0.000000e+00   0.000000e+00   1.331229e-02   0.000000e+00   0.000000e+00   1.475839e-02  -5.087290e-02   1.249604e-02   0.000000e+00
 0.000000e+00   0.000000e+00  -4.448730e-02   0.000000e+00   0.000000e+00  -5.087290e-02   2.224158e-01   4.816596e-03   0.000000e+00
 0.000000e+00   0.000000e+00   2.186337e-02   0.000000e+00   0.000000e+00   1.249604e-02   4.816596e-03   3.792355e-01   0.000000e+00
 4.137407e-02  -9.890905e-03   0.000000e+00   4.711345e-02  -6.150895e-03   0.000000e+00   0.000000e+00   0.000000e+00   2.083793e-01

# timestamp: 1774889742.2003734
 1.046390e-02  -2.405215e-03   0.000000e+00   1.055011e-02  -1.990123e-03   0.000000e+00   0.000000e+00   0.000000e+00   3.967834e-02
-2.405215e-03   1.937116e-03   0.000000e+00  -2.678386e-03   9.032874e-04   0.000000e+00   0.000000e+00   0.000000e+00  -1.085301e-02
 0.000000e+00   0.000000e+00   1.288848e-02   0.000000e+00   0.000000e+00   1.262248e-02  -4.183379e-02   2.761003e-02   0.000000e+00
 1.055011e-02  -2.678386e-03   0.000000e+00   1.177212e-02  -2.217341e-03   0.000000e+00   0.000000e+00   0.000000e+00   4.395940e-02
-1.990123e-03   9.032874e-04   0.000000e+00  -2.217341e-03   9.103484e-04   0.000000e+00   0.000000e+00   0.000000e+00  -9.118048e-03
 0.000000e+00   0.000000e+00   1.262248e-02   0.000000e+00   0.000000e+00   1.362148e-02  -4.656188e-02   2.163046e-02   0.000000e+00
 0.000000e+00   0.000000e+00  -4.183379e-02   0.000000e+00   0.000000e+00  -4.656188e-02   2.172817e-01   2.373351e-03   0.000000e+00
 0.000000e+00   0.000000e+00   2.761003e-02   0.000000e+00   0.000000e+00   2.163046e-02   2.373351e-03   4.072408e-01   0.000000e+00
 3.967834e-02  -1.085301e-02   0.000000e+00   4.395940e-02  -9.118048e-03   0.000000e+00   0.000000e+00   0.000000e+00   2.050733e-01

# timestamp: 1774889742.2398164
 1.158463e-02  -2.643764e-03   0.000000e+00   1.145728e-02  -2.276130e-03   0.000000e+00   0.000000e+00   0.000000e+00   4.185771e-02
-2.643764e-03   2.078295e-03   0.000000e+00  -2.878213e-03   9.963159e-04   0.000000e+00   0.000000e+00   0.000000e+00  -1.131545e-02
 0.000000e+00   0.000000e+00   1.422153e-02   0.000000e+00   0.000000e+00   1.376078e-02  -4.414198e-02   2.870005e-02   0.000000e+00
 1.145728e-02  -2.878213e-03   0.000000e+00   1.247238e-02  -2.480066e-03   0.000000e+00   0.000000e+00   0.000000e+00   4.557518e-02
-2.276130e-03   9.963159e-04   0.000000e+00  -2.480066e-03   9.957083e-04   0.000000e+00   0.000000e+00   0.000000e+00  -9.994124e-03
 0.000000e+00   0.000000e+00   1.376078e-02   0.000000e+00   0.000000e+00   1.455219e-02  -4.826248e-02   2.333949e-02   0.000000e+00
 0.000000e+00   0.000000e+00  -4.414198e-02   0.000000e+00   0.000000e+00  -4.826248e-02   2.221688e-01   2.373351e-03   0.000000e+00
 0.000000e+00   0.000000e+00   2.870005e-02   0.000000e+00   0.000000e+00   2.333949e-02   2.373351e-03   4.121279e-01   0.000000e+00
 4.185771e-02  -1.131545e-02   0.000000e+00   4.557518e-02  -9.994124e-03   0.000000e+00   0.000000e+00   0.000000e+00   2.099604e-01

# timestamp: 1774889742.2732587
 1.253594e-02  -2.849675e-03   0.000000e+00   1.221241e-02  -2.518573e-03   0.000000e+00   0.000000e+00   0.000000e+00   4.363822e-02
-2.849675e-03   2.196622e-03   0.000000e+00  -3.048144e-03   1.074468e-03   0.000000e+00   0.000000e+00   0.000000e+00  -1.171078e-02
 0.000000e+00   0.000000e+00   1.535706e-02   0.000000e+00   0.000000e+00   1.471116e-02  -4.602736e-02   2.962001e-02   0.000000e+00
 1.221241e-02  -3.048144e-03   0.000000e+00   1.304543e-02  -2.698074e-03   0.000000e+00   0.000000e+00   0.000000e+00   4.688441e-02
-2.518573e-03   1.074468e-03   0.000000e+00  -2.698074e-03   1.068663e-03   0.000000e+00   0.000000e+00   0.000000e+00  -1.070399e-02
 0.000000e+00   0.000000e+00   1.471116e-02   0.000000e+00   0.000000e+00   1.531912e-02  -4.963896e-02   2.470957e-02   0.000000e+00
 0.000000e+00   0.000000e+00  -4.602736e-02   0.000000e+00   0.000000e+00  -4.963896e-02   2.260423e-01   2.373351e-03   0.000000e+00
 0.000000e+00   0.000000e+00   2.962001e-02   0.000000e+00   0.000000e+00   2.470957e-02   2.373351e-03   4.160014e-01   0.000000e+00
 4.363822e-02  -1.171078e-02   0.000000e+00   4.688441e-02  -1.070399e-02   0.000000e+00   0.000000e+00   0.000000e+00   2.138339e-01

# timestamp: 1774889742.4964864
 1.082024e-02  -2.501174e-03   0.000000e+00   1.058853e-02  -2.114286e-03   0.000000e+00   0.000000e+00   0.000000e+00   4.142783e-02
-2.501174e-03   1.952442e-03   0.000000e+00  -2.688894e-03   9.225504e-04   0.000000e+00   0.000000e+00   0.000000e+00  -1.113217e-02
 0.000000e+00   0.000000e+00   1.247747e-02   0.000000e+00   0.000000e+00   1.199991e-02  -4.296332e-02   2.026544e-02   0.000000e+00
 1.058853e-02  -2.688894e-03   0.000000e+00   1.143422e-02  -2.274105e-03   0.000000e+00   0.000000e+00   0.000000e+00   4.431124e-02
-2.114286e-03   9.225504e-04   0.000000e+00  -2.274105e-03   9.329508e-04   0.000000e+00   0.000000e+00   0.000000e+00  -9.399583e-03
 0.000000e+00   0.000000e+00   1.199991e-02   0.000000e+00   0.000000e+00   1.272300e-02  -4.656723e-02   1.408328e-02   0.000000e+00
 0.000000e+00   0.000000e+00  -4.296332e-02   0.000000e+00   0.000000e+00  -4.656723e-02   2.274440e-01   2.245938e-02   0.000000e+00
 0.000000e+00   0.000000e+00   2.026544e-02   0.000000e+00   0.000000e+00   1.408328e-02   2.245938e-02   4.107509e-01   0.000000e+00
 4.142783e-02  -1.113217e-02   0.000000e+00   4.431124e-02  -9.399583e-03   0.000000e+00   0.000000e+00   0.000000e+00   2.133779e-01

# timestamp: 1774889742.53016
 1.141249e-02  -2.628612e-03   0.000000e+00   1.108310e-02  -2.123856e-03   0.000000e+00   0.000000e+00   0.000000e+00   4.259720e-02
-2.628612e-03   2.027413e-03   0.000000e+00  -2.799641e-03   9.334960e-04   0.000000e+00   0.000000e+00   0.000000e+00  -1.137634e-02
 0.000000e+00   0.000000e+00   1.314429e-02   0.000000e+00   0.000000e+00   1.251103e-02  -4.419257e-02   2.062953e-02   0.000000e+00
 1.108310e-02  -2.799641e-03   0.000000e+00   1.184320e-02  -2.263176e-03   0.000000e+00   0.000000e+00   0.000000e+00   4.528706e-02
-2.123856e-03   9.334960e-04   0.000000e+00  -2.263176e-03   9.136375e-04   0.000000e+00   0.000000e+00   0.000000e+00  -9.145112e-03
 0.000000e+00   0.000000e+00   1.251103e-02   0.000000e+00   0.000000e+00   1.312024e-02  -4.763341e-02   1.349351e-02   0.000000e+00
 0.000000e+00   0.000000e+00  -4.419257e-02   0.000000e+00   0.000000e+00  -4.763341e-02   2.300645e-01   2.245938e-02   0.000000e+00
 0.000000e+00   0.000000e+00   2.062953e-02   0.000000e+00   0.000000e+00   1.349351e-02   2.245938e-02   4.133714e-01   0.000000e+00
 4.259720e-02  -1.137634e-02   0.000000e+00   4.528706e-02  -9.145112e-03   0.000000e+00   0.000000e+00   0.000000e+00   2.159984e-01

# timestamp: 1774889742.5644815
 1.215779e-02  -2.785595e-03   0.000000e+00   1.169774e-02  -2.133096e-03   0.000000e+00   0.000000e+00   0.000000e+00   4.403413e-02
-2.785595e-03   2.118039e-03   0.000000e+00  -2.933452e-03   9.455830e-04   0.000000e+00   0.000000e+00   0.000000e+00  -1.166020e-02
 0.000000e+00   0.000000e+00   1.398012e-02   0.000000e+00   0.000000e+00   1.314496e-02  -4.570450e-02   2.104540e-02   0.000000e+00
 1.169774e-02  -2.933452e-03   0.000000e+00   1.234545e-02  -2.247003e-03   0.000000e+00   0.000000e+00   0.000000e+00   4.647279e-02
-2.133096e-03   9.455830e-04   0.000000e+00  -2.247003e-03   8.912738e-04   0.000000e+00   0.000000e+00   0.000000e+00  -8.835902e-03
 0.000000e+00   0.000000e+00   1.314496e-02   0.000000e+00   0.000000e+00   1.361134e-02  -4.892751e-02   1.278216e-02   0.000000e+00
 0.000000e+00   0.000000e+00  -4.570450e-02   0.000000e+00   0.000000e+00  -4.892751e-02   2.332073e-01   2.245938e-02   0.000000e+00
 0.000000e+00   0.000000e+00   2.104540e-02   0.000000e+00   0.000000e+00   1.278216e-02   2.245938e-02   4.165142e-01   0.000000e+00
 4.403413e-02  -1.166020e-02   0.000000e+00   4.647279e-02  -8.835902e-03   0.000000e+00   0.000000e+00   0.000000e+00   2.191412e-01

# timestamp: 1774889742.772727
 1.246744e-02  -2.333830e-03   0.000000e+00   1.188590e-02  -9.204864e-04   0.000000e+00   0.000000e+00   0.000000e+00   4.465019e-02
-2.333830e-03   1.893047e-03   0.000000e+00  -2.428376e-03   5.843553e-04   0.000000e+00   0.000000e+00   0.000000e+00  -9.308416e-03
 0.000000e+00   0.000000e+00   1.391248e-02   0.000000e+00   0.000000e+00   1.313401e-02  -4.892183e-02   7.275305e-03   0.000000e+00
 1.188590e-02  -2.428376e-03   0.000000e+00   1.241027e-02  -9.544209e-04   0.000000e+00   0.000000e+00   0.000000e+00   4.671101e-02
-9.204864e-04   5.843553e-04   0.000000e+00  -9.544209e-04   5.535313e-04   0.000000e+00   0.000000e+00   0.000000e+00  -2.972128e-03
 0.000000e+00   0.000000e+00   1.313401e-02   0.000000e+00   0.000000e+00   1.402268e-02  -5.290270e-02  -7.225431e-03   0.000000e+00
 0.000000e+00   0.000000e+00  -4.892183e-02   0.000000e+00   0.000000e+00  -5.290270e-02   2.446476e-01   4.095437e-02   0.000000e+00
 0.000000e+00   0.000000e+00   7.275305e-03   0.000000e+00   0.000000e+00  -7.225431e-03   4.095437e-02   4.005183e-01   0.000000e+00
 4.465019e-02  -9.308416e-03   0.000000e+00   4.671101e-02  -2.972128e-03   0.000000e+00   0.000000e+00   0.000000e+00   2.195863e-01

# timestamp: 1774889742.801933
 1.058360e-02  -1.759502e-03   0.000000e+00   1.026888e-02  -5.765759e-04   0.000000e+00   0.000000e+00   0.000000e+00   4.079848e-02
-1.759502e-03   1.590706e-03   0.000000e+00  -1.876852e-03   4.621747e-04   0.000000e+00   0.000000e+00   0.000000e+00  -7.476022e-03
 0.000000e+00   0.000000e+00   1.195557e-02   0.000000e+00   0.000000e+00   1.170710e-02  -4.637539e-02   1.377862e-03   0.000000e+00
 1.026888e-02  -1.876852e-03   0.000000e+00   1.100489e-02  -6.212021e-04   0.000000e+00   0.000000e+00   0.000000e+00   4.323008e-02
-5.765759e-04   4.621747e-04   0.000000e+00  -6.212021e-04   5.050995e-04   0.000000e+00   0.000000e+00   0.000000e+00  -1.785900e-03
 0.000000e+00   0.000000e+00   1.170710e-02   0.000000e+00   0.000000e+00   1.305227e-02  -5.120210e-02  -1.262201e-02   0.000000e+00
 0.000000e+00   0.000000e+00  -4.637539e-02   0.000000e+00   0.000000e+00  -5.120210e-02   2.414517e-01   4.920036e-02   0.000000e+00
 0.000000e+00   0.000000e+00   1.377862e-03   0.000000e+00   0.000000e+00  -1.262201e-02   4.920036e-02   3.890507e-01   0.000000e+00
 4.079848e-02  -7.476022e-03   0.000000e+00   4.323008e-02  -1.785900e-03   0.000000e+00   0.000000e+00   0.000000e+00   2.098156e-01

# timestamp: 1774889742.8381686
 1.165198e-02  -1.875000e-03   0.000000e+00   1.117880e-02  -3.164081e-04   0.000000e+00   0.000000e+00   0.000000e+00   4.289768e-02
-1.875000e-03   1.682470e-03   0.000000e+00  -1.968349e-03   4.353396e-04   0.000000e+00   0.000000e+00   0.000000e+00  -7.539481e-03
 0.000000e+00   0.000000e+00   1.316786e-02   0.000000e+00   0.000000e+00   1.276498e-02  -4.886579e-02   7.260009e-04   0.000000e+00
 1.117880e-02  -1.968349e-03   0.000000e+00   1.178563e-02  -3.318464e-04   0.000000e+00   0.000000e+00   0.000000e+00   4.510187e-02
-3.164081e-04   4.353396e-04   0.000000e+00  -3.318464e-04   4.954575e-04   0.000000e+00   0.000000e+00   0.000000e+00  -3.446868e-04
 0.000000e+00   0.000000e+00   1.276498e-02   0.000000e+00   0.000000e+00   1.417004e-02  -5.368460e-02  -1.570780e-02   0.000000e+00
 0.000000e+00   0.000000e+00  -4.886579e-02   0.000000e+00   0.000000e+00  -5.368460e-02   2.462412e-01   4.920036e-02   0.000000e+00
 0.000000e+00   0.000000e+00   7.260009e-04   0.000000e+00   0.000000e+00  -1.570780e-02   4.920036e-02   3.938403e-01   0.000000e+00
 4.289768e-02  -7.539481e-03   0.000000e+00   4.510187e-02  -3.446868e-04   0.000000e+00   0.000000e+00   0.000000e+00   2.146051e-01

# timestamp: 1774889742.859001
 1.220382e-02  -1.927400e-03   0.000000e+00   1.164138e-02  -1.799290e-04   0.000000e+00   0.000000e+00   0.000000e+00   4.395246e-02
-1.927400e-03   1.725818e-03   0.000000e+00  -2.007063e-03   4.221331e-04   0.000000e+00   0.000000e+00   0.000000e+00  -7.542079e-03
 0.000000e+00   0.000000e+00   1.379508e-02   0.000000e+00   0.000000e+00   1.330877e-02  -5.012223e-02   3.495849e-04   0.000000e+00
 1.164138e-02  -2.007063e-03   0.000000e+00   1.217623e-02  -1.823273e-04   0.000000e+00   0.000000e+00   0.000000e+00   4.602293e-02
-1.799290e-04   4.221331e-04   0.000000e+00  -1.823273e-04   4.978422e-04   0.000000e+00   0.000000e+00   0.000000e+00   3.645044e-04
 0.000000e+00   0.000000e+00   1.330877e-02   0.000000e+00   0.000000e+00   1.474305e-02  -5.490189e-02  -1.721467e-02   0.000000e+00
 0.000000e+00   0.000000e+00  -5.012223e-02   0.000000e+00   0.000000e+00  -5.490189e-02   2.485643e-01   4.920036e-02   0.000000e+00
 0.000000e+00   0.000000e+00   3.495849e-04   0.000000e+00   0.000000e+00  -1.721467e-02   4.920036e-02   3.961634e-01   0.000000e+00
 4.395246e-02  -7.542079e-03   0.000000e+00   4.602293e-02   3.645044e-04   0.000000e+00   0.000000e+00   0.000000e+00   2.169282e-01

# timestamp: 1774889743.09878
 1.078845e-02  -5.697234e-04   0.000000e+00   1.041989e-02   1.880232e-03   0.000000e+00   0.000000e+00   0.000000e+00   4.086167e-02
-5.697234e-04   1.321857e-03   0.000000e+00  -6.051745e-04   2.798391e-04   0.000000e+00   0.000000e+00   0.000000e+00  -1.809494e-03
 0.000000e+00   0.000000e+00   1.334928e-02   0.000000e+00   0.000000e+00   1.429209e-02  -5.131526e-02  -1.679928e-02   0.000000e+00
 1.041989e-02  -6.051745e-04   0.000000e+00   1.110649e-02   1.988924e-03   0.000000e+00   0.000000e+00   0.000000e+00   4.322360e-02
 1.880232e-03   2.798391e-04   0.000000e+00   1.988924e-03   9.339803e-04   0.000000e+00   0.000000e+00   0.000000e+00   9.672670e-03
 0.000000e+00   0.000000e+00   1.429209e-02   0.000000e+00   0.000000e+00   1.820187e-02  -5.892376e-02  -4.393909e-02   0.000000e+00
 0.000000e+00   0.000000e+00  -5.131526e-02   0.000000e+00   0.000000e+00  -5.892376e-02   2.510312e-01   6.572467e-02   0.000000e+00
 0.000000e+00   0.000000e+00  -1.679928e-02   0.000000e+00   0.000000e+00  -4.393909e-02   6.572467e-02   4.054125e-01   0.000000e+00
 4.086167e-02  -1.809494e-03   0.000000e+00   4.322360e-02   9.672670e-03   0.000000e+00   0.000000e+00   0.000000e+00   2.079714e-01

# timestamp: 1774889743.119633
 1.111259e-02  -5.501218e-04   0.000000e+00   1.069463e-02   2.032873e-03   0.000000e+00   0.000000e+00   0.000000e+00   4.149888e-02
-5.501218e-04   1.344941e-03   0.000000e+00  -5.799347e-04   2.887372e-04   0.000000e+00   0.000000e+00   0.000000e+00  -1.665083e-03
 0.000000e+00   0.000000e+00   1.378935e-02   0.000000e+00   0.000000e+00   1.475219e-02  -5.218431e-02  -1.745002e-02   0.000000e+00
 1.069463e-02  -5.799347e-04   0.000000e+00   1.134088e-02   2.144925e-03   0.000000e+00   0.000000e+00   0.000000e+00   4.378331e-02
 2.032873e-03   2.887372e-04   0.000000e+00   2.144925e-03   9.947818e-04   0.000000e+00   0.000000e+00   0.000000e+00   1.029396e-02
 0.000000e+00   0.000000e+00   1.475219e-02   0.000000e+00   0.000000e+00   1.878641e-02  -5.979405e-02  -4.532305e-02   0.000000e+00
 0.000000e+00   0.000000e+00  -5.218431e-02   0.000000e+00   0.000000e+00  -5.979405e-02   2.525007e-01   6.572467e-02   0.000000e+00
 0.000000e+00   0.000000e+00  -1.745002e-02   0.000000e+00   0.000000e+00  -4.532305e-02   6.572467e-02   4.068819e-01   0.000000e+00
 4.149888e-02  -1.665083e-03   0.000000e+00   4.378331e-02   1.029396e-02   0.000000e+00   0.000000e+00   0.000000e+00   2.094409e-01

# timestamp: 1774889743.1340868
 1.153412e-02  -5.217053e-04   0.000000e+00   1.104958e-02   2.232060e-03   0.000000e+00   0.000000e+00   0.000000e+00   4.231617e-02
-5.217053e-04   1.374577e-03   0.000000e+00  -5.443277e-04   3.018991e-04   0.000000e+00   0.000000e+00   0.000000e+00  -1.470282e-03
 0.000000e+00   0.000000e+00   1.436527e-02   0.000000e+00   0.000000e+00   1.535260e-02  -5.330104e-02  -1.830037e-02   0.000000e+00
 1.104958e-02  -5.443277e-04   0.000000e+00   1.164185e-02   2.347155e-03   0.000000e+00   0.000000e+00   0.000000e+00   4.449779e-02
 2.232060e-03   3.018991e-04   0.000000e+00   2.347155e-03   1.077052e-03   0.000000e+00   0.000000e+00   0.000000e+00   1.108706e-02
 0.000000e+00   0.000000e+00   1.535260e-02   0.000000e+00   0.000000e+00   1.954473e-02  -6.090162e-02  -4.708140e-02   0.000000e+00
 0.000000e+00   0.000000e+00  -5.330104e-02   0.000000e+00   0.000000e+00  -6.090162e-02   2.543605e-01   6.572467e-02   0.000000e+00
 0.000000e+00   0.000000e+00  -1.830037e-02   0.000000e+00   0.000000e+00  -4.708140e-02   6.572467e-02   4.087417e-01   0.000000e+00
 4.231617e-02  -1.470282e-03   0.000000e+00   4.449779e-02   1.108706e-02   0.000000e+00   0.000000e+00   0.000000e+00   2.113007e-01

# timestamp: 1774889743.1642537
 1.219332e-02  -4.702030e-04   0.000000e+00   1.159912e-02   2.544455e-03   0.000000e+00   0.000000e+00   0.000000e+00   4.357090e-02
-4.702030e-04   1.420099e-03   0.000000e+00  -4.819590e-04   3.262118e-04   0.000000e+00   0.000000e+00   0.000000e+00  -1.147934e-03
 0.000000e+00   0.000000e+00   1.527466e-02   0.000000e+00   0.000000e+00   1.629592e-02  -5.502032e-02  -1.964368e-02   0.000000e+00
 1.159912e-02  -4.819590e-04   0.000000e+00   1.210321e-02   2.661169e-03   0.000000e+00   0.000000e+00   0.000000e+00   4.558240e-02
 2.544455e-03   3.262118e-04   0.000000e+00   2.661169e-03   1.211942e-03   0.000000e+00   0.000000e+00   0.000000e+00   1.229100e-02
 0.000000e+00   0.000000e+00   1.629592e-02   0.000000e+00   0.000000e+00   2.072321e-02  -6.257684e-02  -4.973567e-02   0.000000e+00
 0.000000e+00   0.000000e+00  -5.502032e-02   0.000000e+00   0.000000e+00  -6.257684e-02   2.571548e-01   6.572467e-02   0.000000e+00
 0.000000e+00   0.000000e+00  -1.964368e-02   0.000000e+00   0.000000e+00  -4.973567e-02   6.572467e-02   4.115361e-01   0.000000e+00
 4.357090e-02  -1.147934e-03   0.000000e+00   4.558240e-02   1.229100e-02   0.000000e+00   0.000000e+00   0.000000e+00   2.140951e-01

# timestamp: 1774889743.3586528
 1.251204e-02   6.786217e-04   0.000000e+00   1.189669e-02   4.478939e-03   0.000000e+00   0.000000e+00   0.000000e+00   4.459338e-02
 6.786217e-04   1.466039e-03   0.000000e+00   7.131452e-04   7.537752e-04   0.000000e+00   0.000000e+00   0.000000e+00   3.626614e-03
 0.000000e+00   0.000000e+00   1.670563e-02   0.000000e+00   0.000000e+00   1.903163e-02  -5.671905e-02  -3.031970e-02   0.000000e+00
 1.189669e-02   7.131452e-04   0.000000e+00   1.238194e-02   4.665870e-03   0.000000e+00   0.000000e+00   0.000000e+00   4.656959e-02
 4.478939e-03   7.537752e-04   0.000000e+00   4.665870e-03   2.502019e-03   0.000000e+00   0.000000e+00   0.000000e+00   2.029684e-02
 0.000000e+00   0.000000e+00   1.903163e-02   0.000000e+00   0.000000e+00   2.604603e-02  -6.507196e-02  -6.865254e-02   0.000000e+00
 0.000000e+00   0.000000e+00  -5.671905e-02   0.000000e+00   0.000000e+00  -6.507196e-02   2.560396e-01   6.327609e-02   0.000000e+00
 0.000000e+00   0.000000e+00  -3.031970e-02   0.000000e+00   0.000000e+00  -6.865254e-02   6.327609e-02   4.307169e-01   0.000000e+00
 4.459338e-02   3.626614e-03   0.000000e+00   4.656959e-02   2.029684e-02   0.000000e+00   0.000000e+00   0.000000e+00   2.177694e-01

# timestamp: 1774889743.3870754
 1.134974e-02   9.184584e-04   0.000000e+00   1.096415e-02   4.571257e-03   0.000000e+00   0.000000e+00   0.000000e+00   4.277204e-02
 9.184584e-04   1.407419e-03   0.000000e+00   9.711699e-04   8.647958e-04   0.000000e+00   0.000000e+00   0.000000e+00   4.705731e-03
 0.000000e+00   0.000000e+00   1.494384e-02   0.000000e+00   0.000000e+00   1.749637e-02  -5.282865e-02  -2.914515e-02   0.000000e+00
 1.096415e-02   9.711699e-04   0.000000e+00   1.163837e-02   4.828685e-03   0.000000e+00   0.000000e+00   0.000000e+00   4.515794e-02
 4.571257e-03   8.647958e-04   0.000000e+00   4.828685e-03   2.748161e-03   0.000000e+00   0.000000e+00   0.000000e+00   2.136768e-02
 0.000000e+00   0.000000e+00   1.749637e-02   0.000000e+00   0.000000e+00   2.497062e-02  -6.108518e-02  -6.880776e-02   0.000000e+00
 0.000000e+00   0.000000e+00  -5.282865e-02   0.000000e+00   0.000000e+00  -6.108518e-02   2.474543e-01   5.526487e-02   0.000000e+00
 0.000000e+00   0.000000e+00  -2.914515e-02   0.000000e+00   0.000000e+00  -6.880776e-02   5.526487e-02   4.300137e-01   0.000000e+00
 4.277204e-02   4.705731e-03   0.000000e+00   4.515794e-02   2.136768e-02   0.000000e+00   0.000000e+00   0.000000e+00   2.153337e-01

# timestamp: 1774889743.4249294
 1.182272e-02   1.034399e-03   0.000000e+00   1.136447e-02   4.845597e-03   0.000000e+00   0.000000e+00   0.000000e+00   4.369523e-02
 1.034399e-03   1.464308e-03   0.000000e+00   1.089673e-03   9.419391e-04   0.000000e+00   0.000000e+00   0.000000e+00   5.145815e-03
 0.000000e+00   0.000000e+00   1.569001e-02   0.000000e+00   0.000000e+00   1.833139e-02  -5.407783e-02  -3.055655e-02   0.000000e+00
 1.136447e-02   1.089673e-03   0.000000e+00   1.197955e-02   5.093001e-03   0.000000e+00   0.000000e+00   0.000000e+00   4.596448e-02
 4.845597e-03   9.419391e-04   0.000000e+00   5.093001e-03   2.925501e-03   0.000000e+00   0.000000e+00   0.000000e+00   2.223888e-02
 0.000000e+00   0.000000e+00   1.833139e-02   0.000000e+00   0.000000e+00   2.599268e-02  -6.223344e-02  -7.074774e-02   0.000000e+00
 0.000000e+00   0.000000e+00  -5.407783e-02   0.000000e+00   0.000000e+00  -6.223344e-02   2.494867e-01   5.526487e-02   0.000000e+00
 0.000000e+00   0.000000e+00  -3.055655e-02   0.000000e+00   0.000000e+00  -7.074774e-02   5.526487e-02   4.320462e-01   0.000000e+00
 4.369523e-02   5.145815e-03   0.000000e+00   4.596448e-02   2.223888e-02   0.000000e+00   0.000000e+00   0.000000e+00   2.173662e-01

# timestamp: 1774889743.4374602
 1.212456e-02   1.110457e-03   0.000000e+00   1.161818e-02   5.020460e-03   0.000000e+00   0.000000e+00   0.000000e+00   4.427656e-02
 1.110457e-03   1.501233e-03   0.000000e+00   1.166808e-03   9.925670e-04   0.000000e+00   0.000000e+00   0.000000e+00   5.428025e-03
 0.000000e+00   0.000000e+00   1.617047e-02   0.000000e+00   0.000000e+00   1.886545e-02  -5.486502e-02  -3.145269e-02   0.000000e+00
 1.161818e-02   1.166808e-03   0.000000e+00   1.219430e-02   5.260298e-03   0.000000e+00   0.000000e+00   0.000000e+00   4.646871e-02
 5.020460e-03   9.925670e-04   0.000000e+00   5.260298e-03   3.039087e-03   0.000000e+00   0.000000e+00   0.000000e+00   2.278354e-02
 0.000000e+00   0.000000e+00   1.886545e-02   0.000000e+00   0.000000e+00   2.663910e-02  -6.294974e-02  -7.195564e-02   0.000000e+00
 0.000000e+00   0.000000e+00  -5.486502e-02   0.000000e+00   0.000000e+00  -6.294974e-02   2.507480e-01   5.526487e-02   0.000000e+00
 0.000000e+00   0.000000e+00  -3.145269e-02   0.000000e+00   0.000000e+00  -7.195564e-02   5.526487e-02   4.333075e-01   0.000000e+00
 4.427656e-02   5.428025e-03   0.000000e+00   4.646871e-02   2.278354e-02   0.000000e+00   0.000000e+00   0.000000e+00   2.186275e-01

# timestamp: 1774889743.6476357
 1.255506e-02   2.039142e-03   0.000000e+00   1.217688e-02   6.082365e-03   0.000000e+00   0.000000e+00   0.000000e+00   4.556759e-02
 2.039142e-03   1.778854e-03   0.000000e+00   2.161655e-03   1.591552e-03   0.000000e+00   0.000000e+00   0.000000e+00   8.970739e-03
 0.000000e+00   0.000000e+00   1.579160e-02   0.000000e+00   0.000000e+00   1.812675e-02  -5.244067e-02  -2.580419e-02   0.000000e+00
 1.217688e-02   2.161655e-03   0.000000e+00   1.290339e-02   6.440484e-03   0.000000e+00   0.000000e+00   0.000000e+00   4.843943e-02
 6.082365e-03   1.591552e-03   0.000000e+00   6.440484e-03   3.990863e-03   0.000000e+00   0.000000e+00   0.000000e+00   2.641279e-02
 0.000000e+00   0.000000e+00   1.812675e-02   0.000000e+00   0.000000e+00   2.537980e-02  -5.768292e-02  -6.354423e-02   0.000000e+00
 0.000000e+00   0.000000e+00  -5.244067e-02   0.000000e+00   0.000000e+00  -5.768292e-02   2.447318e-01   1.947295e-02   0.000000e+00
 0.000000e+00   0.000000e+00  -2.580419e-02   0.000000e+00   0.000000e+00  -6.354423e-02   1.947295e-02   4.032049e-01   0.000000e+00
 4.556759e-02   8.970739e-03   0.000000e+00   4.843943e-02   2.641279e-02   0.000000e+00   0.000000e+00   0.000000e+00   2.225112e-01

# timestamp: 1774889743.6703134
 1.307582e-02   2.209492e-03   0.000000e+00   1.263604e-02   6.321110e-03   0.000000e+00   0.000000e+00   0.000000e+00   4.655336e-02
 2.209492e-03   1.865436e-03   0.000000e+00   2.332845e-03   1.694724e-03   0.000000e+00   0.000000e+00   0.000000e+00   9.508268e-03
 0.000000e+00   0.000000e+00   1.655942e-02   0.000000e+00   0.000000e+00   1.893208e-02  -5.361436e-02  -2.709627e-02   0.000000e+00
 1.263604e-02   2.332845e-03   0.000000e+00   1.331888e-02   6.666421e-03   0.000000e+00   0.000000e+00   0.000000e+00   4.938638e-02
 6.321110e-03   1.694724e-03   0.000000e+00   6.666421e-03   4.116350e-03   0.000000e+00   0.000000e+00   0.000000e+00   2.693132e-02
 0.000000e+00   0.000000e+00   1.893208e-02   0.000000e+00   0.000000e+00   2.617051e-02  -5.876885e-02  -6.456328e-02   0.000000e+00
 0.000000e+00   0.000000e+00  -5.361436e-02   0.000000e+00   0.000000e+00  -5.876885e-02   2.467572e-01   1.947295e-02   0.000000e+00
 0.000000e+00   0.000000e+00  -2.709627e-02   0.000000e+00   0.000000e+00  -6.456328e-02   1.947295e-02   4.052303e-01   0.000000e+00
 4.655336e-02   9.508268e-03   0.000000e+00   4.938638e-02   2.693132e-02   0.000000e+00   0.000000e+00   0.000000e+00   2.245366e-01

# timestamp: 1774889743.6895077
 1.356763e-02   2.372354e-03   0.000000e+00   1.306621e-02   6.545064e-03   0.000000e+00   0.000000e+00   0.000000e+00   4.747013e-02
 2.372354e-03   1.948167e-03   0.000000e+00   2.495140e-03   1.792231e-03   0.000000e+00   0.000000e+00   0.000000e+00   1.000821e-02
 0.000000e+00   0.000000e+00   1.728916e-02   0.000000e+00   0.000000e+00   1.968825e-02  -5.470512e-02  -2.829385e-02   0.000000e+00
 1.306621e-02   2.495140e-03   0.000000e+00   1.370507e-02   6.876451e-03   0.000000e+00   0.000000e+00   0.000000e+00   5.025786e-02
 6.545064e-03   1.792231e-03   0.000000e+00   6.876451e-03   4.232972e-03   0.000000e+00   0.000000e+00   0.000000e+00   2.740854e-02
 0.000000e+00   0.000000e+00   1.968825e-02   0.000000e+00   0.000000e+00   2.690428e-02  -5.976717e-02  -6.549726e-02   0.000000e+00
 0.000000e+00   0.000000e+00  -5.470512e-02   0.000000e+00   0.000000e+00  -5.976717e-02   2.486057e-01   1.947295e-02   0.000000e+00
 0.000000e+00   0.000000e+00  -2.829385e-02   0.000000e+00   0.000000e+00  -6.549726e-02   1.947295e-02   4.070787e-01   0.000000e+00
 4.747013e-02   1.000821e-02   0.000000e+00   5.025786e-02   2.740854e-02   0.000000e+00   0.000000e+00   0.000000e+00   2.263850e-01

# timestamp: 1774889743.7209334
 1.178760e-02   2.045833e-03   0.000000e+00   1.157675e-02   5.806911e-03   0.000000e+00   0.000000e+00   0.000000e+00   4.364318e-02
 2.045833e-03   1.756645e-03   0.000000e+00   2.199588e-03   1.592000e-03   0.000000e+00   0.000000e+00   0.000000e+00   8.970327e-03
 0.000000e+00   0.000000e+00   1.427317e-02   0.000000e+00   0.000000e+00   1.597551e-02  -4.979802e-02  -1.769459e-02   0.000000e+00
 1.157675e-02   2.199588e-03   0.000000e+00   1.246445e-02   6.238972e-03   0.000000e+00   0.000000e+00   0.000000e+00   4.700386e-02
 5.806911e-03   1.592000e-03   0.000000e+00   6.238972e-03   3.869865e-03   0.000000e+00   0.000000e+00   0.000000e+00   2.536727e-02
 0.000000e+00   0.000000e+00   1.597551e-02   0.000000e+00   0.000000e+00   2.219432e-02  -5.359549e-02  -5.179460e-02   0.000000e+00
 0.000000e+00   0.000000e+00  -4.979802e-02   0.000000e+00   0.000000e+00  -5.359549e-02   2.411102e-01  -9.122395e-04   0.000000e+00
 0.000000e+00   0.000000e+00  -1.769459e-02   0.000000e+00   0.000000e+00  -5.179460e-02  -9.122395e-04   3.734612e-01   0.000000e+00
 4.364318e-02   8.970327e-03   0.000000e+00   4.700386e-02   2.536727e-02   0.000000e+00   0.000000e+00   0.000000e+00   2.161877e-01

# timestamp: 1774889743.939118
 1.178610e-02   2.343320e-03   0.000000e+00   1.171129e-02   5.341846e-03   0.000000e+00   0.000000e+00   0.000000e+00   4.240263e-02
 2.343320e-03   1.911926e-03   0.000000e+00   2.552233e-03   1.652196e-03   0.000000e+00   0.000000e+00   0.000000e+00   9.590652e-03
 0.000000e+00   0.000000e+00   1.423845e-02   0.000000e+00   0.000000e+00   1.509587e-02  -5.021708e-02  -8.388605e-03   0.000000e+00
 1.171129e-02   2.552233e-03   0.000000e+00   1.277907e-02   5.818078e-03   0.000000e+00   0.000000e+00   0.000000e+00   4.651584e-02
 5.341846e-03   1.652196e-03   0.000000e+00   5.818078e-03   3.334749e-03   0.000000e+00   0.000000e+00   0.000000e+00   2.203675e-02
 0.000000e+00   0.000000e+00   1.509587e-02   0.000000e+00   0.000000e+00   1.929577e-02  -5.252668e-02  -3.400023e-02   0.000000e+00
 0.000000e+00   0.000000e+00  -5.021708e-02   0.000000e+00   0.000000e+00  -5.252668e-02   2.453724e-01  -3.007574e-02   0.000000e+00
 0.000000e+00   0.000000e+00  -8.388605e-03   0.000000e+00   0.000000e+00  -3.400023e-02  -3.007574e-02   3.452390e-01   0.000000e+00
 4.240263e-02   9.590652e-03   0.000000e+00   4.651584e-02   2.203675e-02   0.000000e+00   0.000000e+00   0.000000e+00   2.079498e-01

# timestamp: 1774889743.9579144
 1.231693e-02   2.515329e-03   0.000000e+00   1.218484e-02   5.500889e-03   0.000000e+00   0.000000e+00   0.000000e+00   4.340395e-02
 2.515329e-03   2.005595e-03   0.000000e+00   2.722975e-03   1.731516e-03   0.000000e+00   0.000000e+00   0.000000e+00   1.006298e-02
 0.000000e+00   0.000000e+00   1.491761e-02   0.000000e+00   0.000000e+00   1.575265e-02  -5.134797e-02  -9.116507e-03   0.000000e+00
 1.218484e-02   2.722975e-03   0.000000e+00   1.321167e-02   5.956118e-03   0.000000e+00   0.000000e+00   0.000000e+00   4.747479e-02
 5.500889e-03   1.731516e-03   0.000000e+00   5.956118e-03   3.371471e-03   0.000000e+00   0.000000e+00   0.000000e+00   2.220044e-02
 0.000000e+00   0.000000e+00   1.575265e-02   0.000000e+00   0.000000e+00   1.983738e-02  -5.363350e-02  -3.413351e-02   0.000000e+00
 0.000000e+00   0.000000e+00  -5.134797e-02   0.000000e+00   0.000000e+00  -5.363350e-02   2.475105e-01  -3.007574e-02   0.000000e+00
 0.000000e+00   0.000000e+00  -9.116507e-03   0.000000e+00   0.000000e+00  -3.413351e-02  -3.007574e-02   3.473771e-01   0.000000e+00
 4.340395e-02   1.006298e-02   0.000000e+00   4.747479e-02   2.220044e-02   0.000000e+00   0.000000e+00   0.000000e+00   2.100879e-01

# timestamp: 1774889743.9928565
 1.067427e-02   2.103131e-03   0.000000e+00   1.076627e-02   4.746332e-03   0.000000e+00   0.000000e+00   0.000000e+00   4.017311e-02
 2.103131e-03   1.768789e-03   0.000000e+00   2.333442e-03   1.483261e-03   0.000000e+00   0.000000e+00   0.000000e+00   8.936988e-03
 0.000000e+00   0.000000e+00   1.281281e-02   0.000000e+00   0.000000e+00   1.355786e-02  -4.780784e-02  -5.360422e-03   0.000000e+00
 1.076627e-02   2.333442e-03   0.000000e+00   1.198301e-02   5.264986e-03   0.000000e+00   0.000000e+00   0.000000e+00   4.461667e-02
 4.746332e-03   1.483261e-03   0.000000e+00   5.264986e-03   2.976840e-03   0.000000e+00   0.000000e+00   0.000000e+00   2.024908e-02
 0.000000e+00   0.000000e+00   1.355786e-02   0.000000e+00   0.000000e+00   1.741228e-02  -4.998240e-02  -2.937083e-02   0.000000e+00
 0.000000e+00   0.000000e+00  -4.780784e-02   0.000000e+00   0.000000e+00  -4.998240e-02   2.419277e-01  -3.806168e-02   0.000000e+00
 0.000000e+00   0.000000e+00  -5.360422e-03   0.000000e+00   0.000000e+00  -2.937083e-02  -3.806168e-02   3.430562e-01   0.000000e+00
 4.017311e-02   8.936988e-03   0.000000e+00   4.461667e-02   2.024908e-02   0.000000e+00   0.000000e+00   0.000000e+00   2.027145e-01

# timestamp: 1774889744.011478
 1.126295e-02   2.288511e-03   0.000000e+00   1.129996e-02   4.898788e-03   0.000000e+00   0.000000e+00   0.000000e+00   4.132491e-02
 2.288511e-03   1.872431e-03   0.000000e+00   2.519904e-03   1.563463e-03   0.000000e+00   0.000000e+00   0.000000e+00   9.456438e-03
 0.000000e+00   0.000000e+00   1.354881e-02   0.000000e+00   0.000000e+00   1.427573e-02  -4.909867e-02  -6.112408e-03   0.000000e+00
 1.129996e-02   2.519904e-03   0.000000e+00   1.247688e-02   5.393584e-03   0.000000e+00   0.000000e+00   0.000000e+00   4.572876e-02
 4.898788e-03   1.563463e-03   0.000000e+00   5.393584e-03   2.995801e-03   0.000000e+00   0.000000e+00   0.000000e+00   2.033172e-02
 0.000000e+00   0.000000e+00   1.427573e-02   0.000000e+00   0.000000e+00   1.798930e-02  -5.129236e-02  -2.930320e-02   0.000000e+00
 0.000000e+00   0.000000e+00  -4.909867e-02   0.000000e+00   0.000000e+00  -5.129236e-02   2.444898e-01  -3.806168e-02   0.000000e+00
 0.000000e+00   0.000000e+00  -6.112408e-03   0.000000e+00   0.000000e+00  -2.930320e-02  -3.806168e-02   3.456183e-01   0.000000e+00
 4.132491e-02   9.456438e-03   0.000000e+00   4.572876e-02   2.033172e-02   0.000000e+00   0.000000e+00   0.000000e+00   2.052766e-01

# timestamp: 1774889744.2394643
 1.184316e-02   2.620564e-03   0.000000e+00   1.187128e-02   4.335278e-03   0.000000e+00   0.000000e+00   0.000000e+00   4.266308e-02
 2.620564e-03   2.043196e-03   0.000000e+00   2.872605e-03   1.528151e-03   0.000000e+00   0.000000e+00   0.000000e+00   1.044859e-02
 0.000000e+00   0.000000e+00   1.403396e-02   0.000000e+00   0.000000e+00   1.451906e-02  -4.963402e-02  -6.025732e-03   0.000000e+00
 1.187128e-02   2.872605e-03   0.000000e+00   1.306178e-02   4.750076e-03   0.000000e+00   0.000000e+00   0.000000e+00   4.716737e-02
 4.335278e-03   1.528151e-03   0.000000e+00   4.750076e-03   2.363969e-03   0.000000e+00   0.000000e+00   0.000000e+00   1.712647e-02
 0.000000e+00   0.000000e+00   1.451906e-02   0.000000e+00   0.000000e+00   1.712731e-02  -5.191071e-02  -2.246695e-02   0.000000e+00
 0.000000e+00   0.000000e+00  -4.963402e-02   0.000000e+00   0.000000e+00  -5.191071e-02   2.473075e-01  -4.829258e-02   0.000000e+00
 0.000000e+00   0.000000e+00  -6.025732e-03   0.000000e+00   0.000000e+00  -2.246695e-02  -4.829258e-02   3.618471e-01   0.000000e+00
 4.266308e-02   1.044859e-02   0.000000e+00   4.716737e-02   1.712647e-02   0.000000e+00   0.000000e+00   0.000000e+00   2.092494e-01

# timestamp: 1774889744.2576616
 1.236816e-02   2.773451e-03   0.000000e+00   1.232929e-02   4.429166e-03   0.000000e+00   0.000000e+00   0.000000e+00   4.365432e-02
 2.773451e-03   2.128927e-03   0.000000e+00   3.017267e-03   1.576097e-03   0.000000e+00   0.000000e+00   0.000000e+00   1.080610e-02
 0.000000e+00   0.000000e+00   1.467173e-02   0.000000e+00   0.000000e+00   1.509100e-02  -5.072547e-02  -6.493231e-03   0.000000e+00
 1.232929e-02   3.017267e-03   0.000000e+00   1.346477e-02   4.815779e-03   0.000000e+00   0.000000e+00   0.000000e+00   4.805426e-02
 4.429166e-03   1.576097e-03   0.000000e+00   4.815779e-03   2.361496e-03   0.000000e+00   0.000000e+00   0.000000e+00   1.709839e-02
 0.000000e+00   0.000000e+00   1.509100e-02   0.000000e+00   0.000000e+00   1.756500e-02  -5.296427e-02  -2.221521e-02   0.000000e+00
 0.000000e+00   0.000000e+00  -5.072547e-02   0.000000e+00   0.000000e+00  -5.296427e-02   2.493960e-01  -4.829258e-02   0.000000e+00
 0.000000e+00   0.000000e+00  -6.493231e-03   0.000000e+00   0.000000e+00  -2.221521e-02  -4.829258e-02   3.639356e-01   0.000000e+00
 4.365432e-02   1.080610e-02   0.000000e+00   4.805426e-02   1.709839e-02   0.000000e+00   0.000000e+00   0.000000e+00   2.113379e-01

# timestamp: 1774889744.342883
 1.200170e-02   2.672252e-03   0.000000e+00   1.201763e-02   3.894582e-03   0.000000e+00   0.000000e+00   0.000000e+00   4.310552e-02
 2.672252e-03   2.069859e-03   0.000000e+00   2.922217e-03   1.425886e-03   0.000000e+00   0.000000e+00   0.000000e+00   1.054392e-02
 0.000000e+00   0.000000e+00   1.408479e-02   0.000000e+00   0.000000e+00   1.442767e-02  -4.968051e-02  -5.542305e-03   0.000000e+00
 1.201763e-02   2.922217e-03   0.000000e+00   1.319886e-02   4.254583e-03   0.000000e+00   0.000000e+00   0.000000e+00   4.758214e-02
 3.894582e-03   1.425886e-03   0.000000e+00   4.254583e-03   1.999408e-03   0.000000e+00   0.000000e+00   0.000000e+00   1.504433e-02
 0.000000e+00   0.000000e+00   1.442767e-02   0.000000e+00   0.000000e+00   1.654391e-02  -5.218610e-02  -1.819923e-02   0.000000e+00
 0.000000e+00   0.000000e+00  -4.968051e-02   0.000000e+00   0.000000e+00  -5.218610e-02   2.483890e-01  -5.291610e-02   0.000000e+00
 0.000000e+00   0.000000e+00  -5.542305e-03   0.000000e+00   0.000000e+00  -1.819923e-02  -5.291610e-02   3.701385e-01   0.000000e+00
 4.310552e-02   1.054392e-02   0.000000e+00   4.758214e-02   1.504433e-02   0.000000e+00   0.000000e+00   0.000000e+00   2.108637e-01

# timestamp: 1774889744.532559
 1.191276e-02   2.501848e-03   0.000000e+00   1.193480e-02   2.747525e-03   0.000000e+00   0.000000e+00   0.000000e+00   4.324586e-02
 2.501848e-03   1.976688e-03   0.000000e+00   2.733649e-03   1.097578e-03   0.000000e+00   0.000000e+00   0.000000e+00   9.834902e-03
 0.000000e+00   0.000000e+00   1.371970e-02   0.000000e+00   0.000000e+00   1.384895e-02  -4.938239e-02  -3.127927e-03   0.000000e+00
 1.193480e-02   2.733649e-03   0.000000e+00   1.311177e-02   2.994096e-03   0.000000e+00   0.000000e+00   0.000000e+00   4.763906e-02
 2.747525e-03   1.097578e-03   0.000000e+00   2.994096e-03   1.304697e-03   0.000000e+00   0.000000e+00   0.000000e+00   1.010587e-02
 0.000000e+00   0.000000e+00   1.384895e-02   0.000000e+00   0.000000e+00   1.530349e-02  -5.276408e-02  -7.782685e-03   0.000000e+00
 0.000000e+00   0.000000e+00  -4.938239e-02   0.000000e+00   0.000000e+00  -5.276408e-02   2.497700e-01  -6.151331e-02   0.000000e+00
 0.000000e+00   0.000000e+00  -3.127927e-03   0.000000e+00   0.000000e+00  -7.782685e-03  -6.151331e-02   3.851158e-01   0.000000e+00
 4.324586e-02   9.834902e-03   0.000000e+00   4.763906e-02   1.010587e-02   0.000000e+00   0.000000e+00   0.000000e+00   2.124731e-01

# timestamp: 1774889744.5472758
 1.221988e-02   2.569367e-03   0.000000e+00   1.220045e-02   2.746242e-03   0.000000e+00   0.000000e+00   0.000000e+00   4.383073e-02
 2.569367e-03   2.015953e-03   0.000000e+00   2.793981e-03   1.104900e-03   0.000000e+00   0.000000e+00   0.000000e+00   9.958077e-03
 0.000000e+00   0.000000e+00   1.407410e-02   0.000000e+00   0.000000e+00   1.415348e-02  -5.003045e-02  -3.221748e-03   0.000000e+00
 1.220045e-02   2.793981e-03   0.000000e+00   1.334191e-02   2.976484e-03   0.000000e+00   0.000000e+00   0.000000e+00   4.814903e-02
 2.746242e-03   1.104900e-03   0.000000e+00   2.976484e-03   1.288550e-03   0.000000e+00   0.000000e+00   0.000000e+00   9.920783e-03
 0.000000e+00   0.000000e+00   1.415348e-02   0.000000e+00   0.000000e+00   1.554538e-02  -5.341654e-02  -7.300842e-03   0.000000e+00
 0.000000e+00   0.000000e+00  -5.003045e-02   0.000000e+00   0.000000e+00  -5.341654e-02   2.509944e-01  -6.151331e-02   0.000000e+00
 0.000000e+00   0.000000e+00  -3.221748e-03   0.000000e+00   0.000000e+00  -7.300842e-03  -6.151331e-02   3.863402e-01   0.000000e+00
 4.383073e-02   9.958077e-03   0.000000e+00   4.814903e-02   9.920783e-03   0.000000e+00   0.000000e+00   0.000000e+00   2.136976e-01

# timestamp: 1774889744.576826
 1.296336e-02   2.730253e-03   0.000000e+00   1.283821e-02   2.740248e-03   0.000000e+00   0.000000e+00   0.000000e+00   4.522150e-02
 2.730253e-03   2.108610e-03   0.000000e+00   2.935639e-03   1.120913e-03   0.000000e+00   0.000000e+00   0.000000e+00   1.023836e-02
 0.000000e+00   0.000000e+00   1.493184e-02   0.000000e+00   0.000000e+00   1.488311e-02  -5.157523e-02  -3.420577e-03   0.000000e+00
 1.283821e-02   2.935639e-03   0.000000e+00   1.389009e-02   2.931787e-03   0.000000e+00   0.000000e+00   0.000000e+00   4.935510e-02
 2.740248e-03   1.120913e-03   0.000000e+00   2.931787e-03   1.252026e-03   0.000000e+00   0.000000e+00   0.000000e+00   9.483041e-03
 0.000000e+00   0.000000e+00   1.488311e-02   0.000000e+00   0.000000e+00   1.612700e-02  -5.495607e-02  -6.168615e-03   0.000000e+00
 0.000000e+00   0.000000e+00  -5.157523e-02   0.000000e+00   0.000000e+00  -5.495607e-02   2.538600e-01  -6.151331e-02   0.000000e+00
 0.000000e+00   0.000000e+00  -3.420577e-03   0.000000e+00   0.000000e+00  -6.168615e-03  -6.151331e-02   3.892058e-01   0.000000e+00
 4.522150e-02   1.023836e-02   0.000000e+00   4.935510e-02   9.483041e-03   0.000000e+00   0.000000e+00   0.000000e+00   2.165631e-01

# timestamp: 1774889744.640489
 1.211401e-02   2.385723e-03   0.000000e+00   1.209528e-02   2.056659e-03   0.000000e+00   0.000000e+00   0.000000e+00   4.379198e-02
 2.385723e-03   1.927253e-03   0.000000e+00   2.593270e-03   9.123444e-04   0.000000e+00   0.000000e+00   0.000000e+00   9.238247e-03
 0.000000e+00   0.000000e+00   1.383024e-02   0.000000e+00   0.000000e+00   1.385110e-02  -4.993514e-02  -1.366785e-03   0.000000e+00
 1.209528e-02   2.593270e-03   0.000000e+00   1.323017e-02   2.223566e-03   0.000000e+00   0.000000e+00   0.000000e+00   4.804850e-02
 2.056659e-03   9.123444e-04   0.000000e+00   2.223566e-03   1.002523e-03   0.000000e+00   0.000000e+00   0.000000e+00   7.019635e-03
 0.000000e+00   0.000000e+00   1.385110e-02   0.000000e+00   0.000000e+00   1.511081e-02  -5.397830e-02  -9.690459e-04   0.000000e+00
 0.000000e+00   0.000000e+00  -4.993514e-02   0.000000e+00   0.000000e+00  -5.397830e-02   2.515617e-01  -6.544924e-02   0.000000e+00
 0.000000e+00   0.000000e+00  -1.366785e-03   0.000000e+00   0.000000e+00  -9.690459e-04  -6.544924e-02   3.941035e-01   0.000000e+00
 4.379198e-02   9.238247e-03   0.000000e+00   4.804850e-02   7.019635e-03   0.000000e+00   0.000000e+00   0.000000e+00   2.143024e-01

# timestamp: 1774889744.8151224
 1.167097e-02   1.866767e-03   0.000000e+00   1.167455e-02   7.021755e-04   0.000000e+00   0.000000e+00   0.000000e+00   4.333683e-02
 1.866767e-03   1.691470e-03   0.000000e+00   2.033023e-03   5.800835e-04   0.000000e+00   0.000000e+00   0.000000e+00   7.267414e-03
 0.000000e+00   0.000000e+00   1.315906e-02   0.000000e+00   0.000000e+00   1.324714e-02  -4.956541e-02   3.081874e-03   0.000000e+00
 1.167455e-02   2.033023e-03   0.000000e+00   1.280658e-02   7.532878e-04   0.000000e+00   0.000000e+00   0.000000e+00   4.744104e-02
 7.021755e-04   5.800835e-04   0.000000e+00   7.532878e-04   6.870354e-04   0.000000e+00   0.000000e+00   0.000000e+00   1.402474e-03
 0.000000e+00   0.000000e+00   1.324714e-02   0.000000e+00   0.000000e+00   1.470566e-02  -5.500040e-02   1.176369e-02   0.000000e+00
 0.000000e+00   0.000000e+00  -4.956541e-02   0.000000e+00   0.000000e+00  -5.500040e-02   2.515649e-01  -7.167625e-02   0.000000e+00
 0.000000e+00   0.000000e+00   3.081874e-03   0.000000e+00   0.000000e+00   1.176369e-02  -7.167625e-02   4.093432e-01   0.000000e+00
 4.333683e-02   7.267414e-03   0.000000e+00   4.744104e-02   1.402474e-03   0.000000e+00   0.000000e+00   0.000000e+00   2.147993e-01

# timestamp: 1774889744.8409774
 1.229346e-02   1.935258e-03   0.000000e+00   1.220390e-02   6.100863e-04   0.000000e+00   0.000000e+00   0.000000e+00   4.453554e-02
 1.935258e-03   1.745821e-03   0.000000e+00   2.084745e-03   5.791421e-04   0.000000e+00   0.000000e+00   0.000000e+00   7.298238e-03
 0.000000e+00   0.000000e+00   1.386230e-02   0.000000e+00   0.000000e+00   1.386283e-02  -5.095667e-02   3.388103e-03   0.000000e+00
 1.220390e-02   2.084745e-03   0.000000e+00   1.325285e-02   6.389927e-04   0.000000e+00   0.000000e+00   0.000000e+00   4.844302e-02
 6.100863e-04   5.791421e-04   0.000000e+00   6.389927e-04   6.838951e-04   0.000000e+00   0.000000e+00   0.000000e+00   8.626510e-04
 0.000000e+00   0.000000e+00   1.386283e-02   0.000000e+00   0.000000e+00   1.528557e-02  -5.635126e-02   1.312032e-02   0.000000e+00
 0.000000e+00   0.000000e+00  -5.095667e-02   0.000000e+00   0.000000e+00  -5.635126e-02   2.540745e-01  -7.167625e-02   0.000000e+00
 0.000000e+00   0.000000e+00   3.388103e-03   0.000000e+00   0.000000e+00   1.312032e-02  -7.167625e-02   4.118528e-01   0.000000e+00
 4.453554e-02   7.298238e-03   0.000000e+00   4.844302e-02   8.626510e-04   0.000000e+00   0.000000e+00   0.000000e+00   2.173089e-01

# timestamp: 1774889744.8675914
 1.300999e-02   2.009244e-03   0.000000e+00   1.280611e-02   5.018912e-04   0.000000e+00   0.000000e+00   0.000000e+00   4.588471e-02
 2.009244e-03   1.805526e-03   0.000000e+00   2.138272e-03   5.779789e-04   0.000000e+00   0.000000e+00   0.000000e+00   7.315868e-03
 0.000000e+00   0.000000e+00   1.467291e-02   0.000000e+00   0.000000e+00   1.456613e-02  -5.252817e-02   3.765874e-03   0.000000e+00
 1.280611e-02   2.138272e-03   0.000000e+00   1.375466e-02   5.074275e-04   0.000000e+00   0.000000e+00   0.000000e+00   4.955844e-02
 5.018912e-04   5.779789e-04   0.000000e+00   5.074275e-04   6.835685e-04   0.000000e+00   0.000000e+00   0.000000e+00   2.617195e-04
 0.000000e+00   0.000000e+00   1.456613e-02   0.000000e+00   0.000000e+00   1.594598e-02  -5.785055e-02   1.461999e-02   0.000000e+00
 0.000000e+00   0.000000e+00  -5.252817e-02   0.000000e+00   0.000000e+00  -5.785055e-02   2.568359e-01  -7.167625e-02   0.000000e+00
 0.000000e+00   0.000000e+00   3.765874e-03   0.000000e+00   0.000000e+00   1.461999e-02  -7.167625e-02   4.146142e-01   0.000000e+00
 4.588471e-02   7.315868e-03   0.000000e+00   4.955844e-02   2.617195e-04   0.000000e+00   0.000000e+00   0.000000e+00   2.200702e-01

# timestamp: 1774889744.8918228
 1.123777e-02   1.618790e-03   0.000000e+00   1.128059e-02   2.043099e-04   0.000000e+00   0.000000e+00   0.000000e+00   4.280480e-02
 1.618790e-03   1.573395e-03   0.000000e+00   1.771511e-03   4.741827e-04   0.000000e+00   0.000000e+00   0.000000e+00   6.448653e-03
 0.000000e+00   0.000000e+00   1.250072e-02   0.000000e+00   0.000000e+00   1.265193e-02  -4.834233e-02   3.426151e-03   0.000000e+00
 1.128059e-02   1.771511e-03   0.000000e+00   1.243407e-02   2.171204e-04   0.000000e+00   0.000000e+00   0.000000e+00   4.687441e-02
 2.043099e-04   4.741827e-04   0.000000e+00   2.171204e-04   6.447148e-04   0.000000e+00   0.000000e+00   0.000000e+00  -5.746810e-04
 0.000000e+00   0.000000e+00   1.265193e-02   0.000000e+00   0.000000e+00   1.429489e-02  -5.423553e-02   1.512105e-02   0.000000e+00
 0.000000e+00   0.000000e+00  -4.834233e-02   0.000000e+00   0.000000e+00  -5.423553e-02   2.485217e-01  -7.035565e-02   0.000000e+00
 0.000000e+00   0.000000e+00   3.426151e-03   0.000000e+00   0.000000e+00   1.512105e-02  -7.035565e-02   4.167644e-01   0.000000e+00
 4.280480e-02   6.448653e-03   0.000000e+00   4.687441e-02  -5.746810e-04   0.000000e+00   0.000000e+00   0.000000e+00   2.148835e-01

# timestamp: 1774889745.1187456
 1.193711e-02   1.495263e-03   0.000000e+00   1.172372e-02  -1.115828e-04   0.000000e+00   0.000000e+00   0.000000e+00   4.394832e-02
 1.495263e-03   1.577699e-03   0.000000e+00   1.594073e-03   4.359539e-04   0.000000e+00   0.000000e+00   0.000000e+00   5.880419e-03
 0.000000e+00   0.000000e+00   1.297319e-02   0.000000e+00   0.000000e+00   1.263716e-02  -4.783609e-02  -3.709719e-03   0.000000e+00
 1.172372e-02   1.594073e-03   0.000000e+00   1.260807e-02  -1.309894e-04   0.000000e+00   0.000000e+00   0.000000e+00   4.711145e-02
-1.115828e-04   4.359539e-04   0.000000e+00  -1.309894e-04   6.154822e-04   0.000000e+00   0.000000e+00   0.000000e+00  -1.363441e-03
 0.000000e+00   0.000000e+00   1.263716e-02   0.000000e+00   0.000000e+00   1.385927e-02  -5.238968e-02   9.417186e-03   0.000000e+00
 0.000000e+00   0.000000e+00  -4.783609e-02   0.000000e+00   0.000000e+00  -5.238968e-02   2.420470e-01  -4.628869e-02   0.000000e+00
 0.000000e+00   0.000000e+00  -3.709719e-03   0.000000e+00   0.000000e+00   9.417186e-03  -4.628869e-02   4.190573e-01   0.000000e+00
 4.394832e-02   5.880419e-03   0.000000e+00   4.711145e-02  -1.363441e-03   0.000000e+00   0.000000e+00   0.000000e+00   2.165919e-01

# timestamp: 1774889745.1389048
 1.226463e-02   1.515067e-03   0.000000e+00   1.199252e-02  -8.395662e-05   0.000000e+00   0.000000e+00   0.000000e+00   4.457554e-02
 1.515067e-03   1.602690e-03   0.000000e+00   1.605723e-03   4.480006e-04   0.000000e+00   0.000000e+00   0.000000e+00   5.862789e-03
 0.000000e+00   0.000000e+00   1.332527e-02   0.000000e+00   0.000000e+00   1.293393e-02  -4.853349e-02  -3.585240e-03   0.000000e+00
 1.199252e-02   1.605723e-03   0.000000e+00   1.282404e-02  -1.027075e-04   0.000000e+00   0.000000e+00   0.000000e+00   4.760455e-02
-8.395662e-05   4.480006e-04   0.000000e+00  -1.027075e-04   6.151075e-04   0.000000e+00   0.000000e+00   0.000000e+00  -1.220048e-03
 0.000000e+00   0.000000e+00   1.293393e-02   0.000000e+00   0.000000e+00   1.408693e-02  -5.290996e-02   9.245265e-03   0.000000e+00
 0.000000e+00   0.000000e+00  -4.853349e-02   0.000000e+00   0.000000e+00  -5.290996e-02   2.433749e-01  -4.628869e-02   0.000000e+00
 0.000000e+00   0.000000e+00  -3.585240e-03   0.000000e+00   0.000000e+00   9.245265e-03  -4.628869e-02   4.203852e-01   0.000000e+00
 4.457554e-02   5.862789e-03   0.000000e+00   4.760455e-02  -1.220048e-03   0.000000e+00   0.000000e+00   0.000000e+00   2.179198e-01

# timestamp: 1774889745.1727822
 1.313480e-02   1.568034e-03   0.000000e+00   1.269952e-02  -9.636513e-06   0.000000e+00   0.000000e+00   0.000000e+00   4.620844e-02
 1.568034e-03   1.668049e-03   0.000000e+00   1.637010e-03   4.787628e-04   0.000000e+00   0.000000e+00   0.000000e+00   5.825971e-03
 0.000000e+00   0.000000e+00   1.426159e-02   0.000000e+00   0.000000e+00   1.371352e-02  -5.034747e-02  -3.276737e-03   0.000000e+00
 1.269952e-02   1.637010e-03   0.000000e+00   1.338675e-02  -2.738342e-05   0.000000e+00   0.000000e+00   0.000000e+00   4.888029e-02
-9.636513e-06   4.787628e-04   0.000000e+00  -2.738342e-05   6.150148e-04   0.000000e+00   0.000000e+00   0.000000e+00  -8.490634e-04
 0.000000e+00   0.000000e+00   1.371352e-02   0.000000e+00   0.000000e+00   1.468113e-02  -5.425523e-02   8.801306e-03   0.000000e+00
 0.000000e+00   0.000000e+00  -5.034747e-02   0.000000e+00   0.000000e+00  -5.425523e-02   2.467716e-01  -4.628869e-02   0.000000e+00
 0.000000e+00   0.000000e+00  -3.276737e-03   0.000000e+00   0.000000e+00   8.801306e-03  -4.628869e-02   4.237819e-01   0.000000e+00
 4.620844e-02   5.825971e-03   0.000000e+00   4.888029e-02  -8.490634e-04   0.000000e+00   0.000000e+00   0.000000e+00   2.213166e-01

# timestamp: 1774889745.2110438
 1.108670e-02   1.503036e-03   0.000000e+00   1.085000e-02   1.839992e-04   0.000000e+00   0.000000e+00   0.000000e+00   4.097885e-02
 1.503036e-03   1.573373e-03   0.000000e+00   1.606155e-03   4.648053e-04   0.000000e+00   0.000000e+00   0.000000e+00   6.215673e-03
 0.000000e+00   0.000000e+00   1.248702e-02   0.000000e+00   0.000000e+00   1.194848e-02  -4.529998e-02  -1.158550e-02   0.000000e+00
 1.085000e-02   1.606155e-03   0.000000e+00   1.169819e-02   1.881118e-04   0.000000e+00   0.000000e+00   0.000000e+00   4.396505e-02
 1.839992e-04   4.648053e-04   0.000000e+00   1.881118e-04   5.926855e-04   0.000000e+00   0.000000e+00   0.000000e+00   3.377294e-04
 0.000000e+00   0.000000e+00   1.194848e-02   0.000000e+00   0.000000e+00   1.284073e-02  -4.904935e-02  -6.744388e-04   0.000000e+00
 0.000000e+00   0.000000e+00  -4.529998e-02   0.000000e+00   0.000000e+00  -4.904935e-02   2.329726e-01  -2.501630e-02   0.000000e+00
 0.000000e+00   0.000000e+00  -1.158550e-02   0.000000e+00   0.000000e+00  -6.744388e-04  -2.501630e-02   4.020932e-01   0.000000e+00
 4.097885e-02   6.215673e-03   0.000000e+00   4.396505e-02   3.377294e-04   0.000000e+00   0.000000e+00   0.000000e+00   2.056847e-01

# timestamp: 1774889745.5797825
 7.352872e-03   1.814084e-03   0.000000e+00   7.059646e-03   1.772967e-03   0.000000e+00   0.000000e+00   0.000000e+00   2.766724e-02
 1.814084e-03   1.848742e-03   0.000000e+00   1.991834e-03   9.761494e-04   0.000000e+00   0.000000e+00   0.000000e+00   9.165503e-03
 0.000000e+00   0.000000e+00   1.307012e-02   0.000000e+00   0.000000e+00   1.300195e-02  -3.908509e-02  -4.024778e-02   0.000000e+00
 7.059646e-03   1.991834e-03   0.000000e+00   7.830472e-03   1.945938e-03   0.000000e+00   0.000000e+00   0.000000e+00   3.041267e-02
 1.772967e-03   9.761494e-04   0.000000e+00   1.945938e-03   1.124362e-03   0.000000e+00   0.000000e+00   0.000000e+00   9.373459e-03
 0.000000e+00   0.000000e+00   1.300195e-02   0.000000e+00   0.000000e+00   1.404245e-02  -4.267544e-02  -4.120587e-02   0.000000e+00
 0.000000e+00   0.000000e+00  -3.908509e-02   0.000000e+00   0.000000e+00  -4.267544e-02   2.100559e-01   3.040500e-02   0.000000e+00
 0.000000e+00   0.000000e+00  -4.024778e-02   0.000000e+00   0.000000e+00  -4.120587e-02   3.040500e-02   3.823981e-01   0.000000e+00
 2.766724e-02   9.165503e-03   0.000000e+00   3.041267e-02   9.373459e-03   0.000000e+00   0.000000e+00   0.000000e+00   1.591269e-01

# timestamp: 1774889745.8155146
 7.795834e-03   2.438561e-03   0.000000e+00   7.398452e-03   2.881026e-03   0.000000e+00   0.000000e+00   0.000000e+00   2.913455e-02
 2.438561e-03   2.323757e-03   0.000000e+00   2.654140e-03   1.596501e-03   0.000000e+00   0.000000e+00   0.000000e+00   1.214486e-02
 0.000000e+00   0.000000e+00   1.520970e-02   0.000000e+00   0.000000e+00   1.572068e-02  -4.048836e-02  -4.773110e-02   0.000000e+00
 7.398452e-03   2.654140e-03   0.000000e+00   8.087865e-03   3.140310e-03   0.000000e+00   0.000000e+00   0.000000e+00   3.184604e-02
 2.881026e-03   1.596501e-03   0.000000e+00   3.140310e-03   1.961350e-03   0.000000e+00   0.000000e+00   0.000000e+00   1.483914e-02
 0.000000e+00   0.000000e+00   1.572068e-02   0.000000e+00   0.000000e+00   1.745331e-02  -4.436874e-02  -5.409001e-02   0.000000e+00
 0.000000e+00   0.000000e+00  -4.048836e-02   0.000000e+00   0.000000e+00  -4.436874e-02   2.176118e-01   2.383163e-02   0.000000e+00
 0.000000e+00   0.000000e+00  -4.773110e-02   0.000000e+00   0.000000e+00  -5.409001e-02   2.383163e-02   4.020141e-01   0.000000e+00
 2.913455e-02   1.214486e-02   0.000000e+00   3.184604e-02   1.483914e-02   0.000000e+00   0.000000e+00   0.000000e+00   1.687331e-01

# timestamp: 1774889745.8972654
 9.028807e-03   2.879247e-03   0.000000e+00   8.392309e-03   3.464277e-03   0.000000e+00   0.000000e+00   0.000000e+00   3.154727e-02
 2.879247e-03   2.652583e-03   0.000000e+00   3.058505e-03   1.892274e-03   0.000000e+00   0.000000e+00   0.000000e+00   1.329575e-02
 0.000000e+00   0.000000e+00   1.776476e-02   0.000000e+00   0.000000e+00   1.814701e-02  -4.385082e-02  -5.186357e-02   0.000000e+00
 8.392309e-03   3.058505e-03   0.000000e+00   8.898146e-03   3.693796e-03   0.000000e+00   0.000000e+00   0.000000e+00   3.395947e-02
 3.464277e-03   1.892274e-03   0.000000e+00   3.693796e-03   2.315018e-03   0.000000e+00   0.000000e+00   0.000000e+00   1.673898e-02
 0.000000e+00   0.000000e+00   1.814701e-02   0.000000e+00   0.000000e+00   1.981845e-02  -4.734011e-02  -5.883988e-02   0.000000e+00
 0.000000e+00   0.000000e+00  -4.385082e-02   0.000000e+00   0.000000e+00  -4.734011e-02   2.249947e-01   2.383163e-02   0.000000e+00
 0.000000e+00   0.000000e+00  -5.186357e-02   0.000000e+00   0.000000e+00  -5.883988e-02   2.383163e-02   4.093971e-01   0.000000e+00
 3.154727e-02   1.329575e-02   0.000000e+00   3.395947e-02   1.673898e-02   0.000000e+00   0.000000e+00   0.000000e+00   1.761160e-01

# timestamp: 1774889746.1223757
 8.618794e-03   3.364744e-03   0.000000e+00   8.252472e-03   4.193872e-03   0.000000e+00   0.000000e+00   0.000000e+00   3.342705e-02
 3.364744e-03   2.983862e-03   0.000000e+00   3.650968e-03   2.459540e-03   0.000000e+00   0.000000e+00   0.000000e+00   1.641902e-02
 0.000000e+00   0.000000e+00   1.519790e-02   0.000000e+00   0.000000e+00   1.598025e-02  -4.075177e-02  -4.282180e-02   0.000000e+00
 8.252472e-03   3.650968e-03   0.000000e+00   8.983646e-03   4.555432e-03   0.000000e+00   0.000000e+00   0.000000e+00   3.638776e-02
 4.193872e-03   2.459540e-03   0.000000e+00   4.555432e-03   3.097295e-03   0.000000e+00   0.000000e+00   0.000000e+00   2.082318e-02
 0.000000e+00   0.000000e+00   1.598025e-02   0.000000e+00   0.000000e+00   1.808903e-02  -4.429360e-02  -5.159175e-02   0.000000e+00
 0.000000e+00   0.000000e+00  -4.075177e-02   0.000000e+00   0.000000e+00  -4.429360e-02   2.310795e-01  -4.414536e-03   0.000000e+00
 0.000000e+00   0.000000e+00  -4.282180e-02   0.000000e+00   0.000000e+00  -5.159175e-02  -4.414536e-03   3.871670e-01   0.000000e+00
 3.342705e-02   1.641902e-02   0.000000e+00   3.638776e-02   2.082318e-02   0.000000e+00   0.000000e+00   0.000000e+00   1.904134e-01

# timestamp: 1774889746.1439362
 8.961802e-03   3.518888e-03   0.000000e+00   8.539996e-03   4.363473e-03   0.000000e+00   0.000000e+00   0.000000e+00   3.413415e-02
 3.518888e-03   3.099891e-03   0.000000e+00   3.795310e-03   2.559719e-03   0.000000e+00   0.000000e+00   0.000000e+00   1.682425e-02
 0.000000e+00   0.000000e+00   1.584457e-02   0.000000e+00   0.000000e+00   1.657362e-02  -4.161240e-02  -4.382440e-02   0.000000e+00
 8.539996e-03   3.795310e-03   0.000000e+00   9.228939e-03   4.712474e-03   0.000000e+00   0.000000e+00   0.000000e+00   3.702328e-02
 4.363473e-03   2.559719e-03   0.000000e+00   4.712474e-03   3.199312e-03   0.000000e+00   0.000000e+00   0.000000e+00   2.127890e-02
 0.000000e+00   0.000000e+00   1.657362e-02   0.000000e+00   0.000000e+00   1.863460e-02  -4.505344e-02  -5.250057e-02   0.000000e+00
 0.000000e+00   0.000000e+00  -4.161240e-02   0.000000e+00   0.000000e+00  -4.505344e-02   2.330115e-01  -4.414536e-03   0.000000e+00
 0.000000e+00   0.000000e+00  -4.382440e-02   0.000000e+00   0.000000e+00  -5.250057e-02  -4.414536e-03   3.890990e-01   0.000000e+00
 3.413415e-02   1.682425e-02   0.000000e+00   3.702328e-02   2.127890e-02   0.000000e+00   0.000000e+00   0.000000e+00   1.923455e-01

# timestamp: 1774889746.167534
 9.430551e-03   3.731221e-03   0.000000e+00   8.929426e-03   4.594016e-03   0.000000e+00   0.000000e+00   0.000000e+00   3.508387e-02
 3.731221e-03   3.258644e-03   0.000000e+00   3.992086e-03   2.696132e-03   0.000000e+00   0.000000e+00   0.000000e+00   1.737124e-02
 0.000000e+00   0.000000e+00   1.673140e-02   0.000000e+00   0.000000e+00   1.737908e-02  -4.276793e-02  -4.517119e-02   0.000000e+00
 8.929426e-03   3.992086e-03   0.000000e+00   9.558326e-03   4.923851e-03   0.000000e+00   0.000000e+00   0.000000e+00   3.786966e-02
 4.594016e-03   2.696132e-03   0.000000e+00   4.923851e-03   3.336939e-03   0.000000e+00   0.000000e+00   0.000000e+00   2.188584e-02
 0.000000e+00   0.000000e+00   1.737908e-02   0.000000e+00   0.000000e+00   1.936717e-02  -4.606349e-02  -5.370400e-02   0.000000e+00
 0.000000e+00   0.000000e+00  -4.276793e-02   0.000000e+00   0.000000e+00  -4.606349e-02   2.355550e-01  -4.414536e-03   0.000000e+00
 0.000000e+00   0.000000e+00  -4.517119e-02   0.000000e+00   0.000000e+00  -5.370400e-02  -4.414536e-03   3.916425e-01   0.000000e+00
 3.508387e-02   1.737124e-02   0.000000e+00   3.786966e-02   2.188584e-02   0.000000e+00   0.000000e+00   0.000000e+00   1.948890e-01

# timestamp: 1774889746.1865351
 8.286947e-03   3.343349e-03   0.000000e+00   8.028705e-03   4.228694e-03   0.000000e+00   0.000000e+00   0.000000e+00   3.352678e-02
 3.343349e-03   2.948141e-03   0.000000e+00   3.662528e-03   2.503353e-03   0.000000e+00   0.000000e+00   0.000000e+00   1.678386e-02
 0.000000e+00   0.000000e+00   1.377820e-02   0.000000e+00   0.000000e+00   1.461557e-02  -3.946166e-02  -3.767828e-02   0.000000e+00
 8.028705e-03   3.662528e-03   0.000000e+00   8.847061e-03   4.635331e-03   0.000000e+00   0.000000e+00   0.000000e+00   3.666826e-02
 4.228694e-03   2.503353e-03   0.000000e+00   4.635331e-03   3.203781e-03   0.000000e+00   0.000000e+00   0.000000e+00   2.144493e-02
 0.000000e+00   0.000000e+00   1.461557e-02   0.000000e+00   0.000000e+00   1.678102e-02  -4.294393e-02  -4.667228e-02   0.000000e+00
 0.000000e+00   0.000000e+00  -3.946166e-02   0.000000e+00   0.000000e+00  -4.294393e-02   2.326887e-01  -1.428193e-02   0.000000e+00
 0.000000e+00   0.000000e+00  -3.767828e-02   0.000000e+00   0.000000e+00  -4.667228e-02  -1.428193e-02   3.736706e-01   0.000000e+00
 3.352678e-02   1.678386e-02   0.000000e+00   3.666826e-02   2.144493e-02   0.000000e+00   0.000000e+00   0.000000e+00   1.932378e-01

# timestamp: 1774889746.4474514
 9.877536e-03   4.210319e-03   0.000000e+00   9.562844e-03   5.044646e-03   0.000000e+00   0.000000e+00   0.000000e+00   3.805566e-02
 4.210319e-03   3.536823e-03   0.000000e+00   4.555616e-03   2.999259e-03   0.000000e+00   0.000000e+00   0.000000e+00   1.936804e-02
 0.000000e+00   0.000000e+00   1.488114e-02   0.000000e+00   0.000000e+00   1.533698e-02  -4.351282e-02  -3.161086e-02   0.000000e+00
 9.562844e-03   4.555616e-03   0.000000e+00   1.037220e-02   5.462892e-03   0.000000e+00   0.000000e+00   0.000000e+00   4.145178e-02
 5.044646e-03   2.999259e-03   0.000000e+00   5.462892e-03   3.619121e-03   0.000000e+00   0.000000e+00   0.000000e+00   2.342995e-02
 0.000000e+00   0.000000e+00   1.533698e-02   0.000000e+00   0.000000e+00   1.706122e-02  -4.693127e-02  -3.811173e-02   0.000000e+00
 0.000000e+00   0.000000e+00  -4.351282e-02   0.000000e+00   0.000000e+00  -4.693127e-02   2.503306e-01  -3.256165e-02   0.000000e+00
 0.000000e+00   0.000000e+00  -3.161086e-02   0.000000e+00   0.000000e+00  -3.811173e-02  -3.256165e-02   3.564847e-01   0.000000e+00
 3.805566e-02   1.936804e-02   0.000000e+00   4.145178e-02   2.342995e-02   0.000000e+00   0.000000e+00   0.000000e+00   2.079372e-01

# timestamp: 1774889746.4811978
 1.060381e-02   4.556986e-03   0.000000e+00   1.020114e-02   5.326112e-03   0.000000e+00   0.000000e+00   0.000000e+00   3.952928e-02
 4.556986e-03   3.788135e-03   0.000000e+00   4.886756e-03   3.171831e-03   0.000000e+00   0.000000e+00   0.000000e+00   2.019656e-02
 0.000000e+00   0.000000e+00   1.602395e-02   0.000000e+00   0.000000e+00   1.632340e-02  -4.518159e-02  -3.295619e-02   0.000000e+00
 1.020114e-02   4.886756e-03   0.000000e+00   1.095270e-02   5.718253e-03   0.000000e+00   0.000000e+00   0.000000e+00   4.288964e-02
 5.326112e-03   3.171831e-03   0.000000e+00   5.718253e-03   3.727537e-03   0.000000e+00   0.000000e+00   0.000000e+00   2.389584e-02
 0.000000e+00   0.000000e+00   1.632340e-02   0.000000e+00   0.000000e+00   1.788842e-02  -4.858698e-02  -3.868413e-02   0.000000e+00
 0.000000e+00   0.000000e+00  -4.518159e-02   0.000000e+00   0.000000e+00  -4.858698e-02   2.538414e-01  -3.256165e-02   0.000000e+00
 0.000000e+00   0.000000e+00  -3.295619e-02   0.000000e+00   0.000000e+00  -3.868413e-02  -3.256165e-02   3.599955e-01   0.000000e+00
 3.952928e-02   2.019656e-02   0.000000e+00   4.288964e-02   2.389584e-02   0.000000e+00   0.000000e+00   0.000000e+00   2.114479e-01

# timestamp: 1774889746.524603
 9.507998e-03   3.981237e-03   0.000000e+00   9.312286e-03   4.747766e-03   0.000000e+00   0.000000e+00   0.000000e+00   3.752032e-02
 3.981237e-03   3.329316e-03   0.000000e+00   4.358452e-03   2.781014e-03   0.000000e+00   0.000000e+00   0.000000e+00   1.856770e-02
 0.000000e+00   0.000000e+00   1.365488e-02   0.000000e+00   0.000000e+00   1.408869e-02  -4.357633e-02  -2.500974e-02   0.000000e+00
 9.312286e-03   4.358452e-03   0.000000e+00   1.023078e-02   5.200603e-03   0.000000e+00   0.000000e+00   0.000000e+00   4.121987e-02
 4.747766e-03   2.781014e-03   0.000000e+00   5.200603e-03   3.353767e-03   0.000000e+00   0.000000e+00   0.000000e+00   2.223735e-02
 0.000000e+00   0.000000e+00   1.408869e-02   0.000000e+00   0.000000e+00   1.575566e-02  -4.736721e-02  -3.046196e-02   0.000000e+00
 0.000000e+00   0.000000e+00  -4.357633e-02   0.000000e+00   0.000000e+00  -4.736721e-02   2.544408e-01  -4.161938e-02   0.000000e+00
 0.000000e+00   0.000000e+00  -2.500974e-02   0.000000e+00   0.000000e+00  -3.046196e-02  -4.161938e-02   3.399853e-01   0.000000e+00
 3.752032e-02   1.856770e-02   0.000000e+00   4.121987e-02   2.223735e-02   0.000000e+00   0.000000e+00   0.000000e+00   2.064340e-01

# timestamp: 1774889746.7370517
 1.025993e-02   4.032940e-03   0.000000e+00   1.018531e-02   4.338015e-03   0.000000e+00   0.000000e+00   0.000000e+00   3.910829e-02
 4.032940e-03   3.246879e-03   0.000000e+00   4.447778e-03   2.428468e-03   0.000000e+00   0.000000e+00   0.000000e+00   1.766477e-02
 0.000000e+00   0.000000e+00   1.410966e-02   0.000000e+00   0.000000e+00   1.437108e-02  -4.829317e-02  -1.570822e-02   0.000000e+00
 1.018531e-02   4.447778e-03   0.000000e+00   1.127065e-02   4.784654e-03   0.000000e+00   0.000000e+00   0.000000e+00   4.353914e-02
 4.338015e-03   2.428468e-03   0.000000e+00   4.784654e-03   2.684357e-03   0.000000e+00   0.000000e+00   0.000000e+00   1.889427e-02
 0.000000e+00   0.000000e+00   1.437108e-02   0.000000e+00   0.000000e+00   1.582723e-02  -5.366495e-02  -1.653750e-02   0.000000e+00
 0.000000e+00   0.000000e+00  -4.829317e-02   0.000000e+00   0.000000e+00  -5.366495e-02   2.696765e-01  -5.669657e-02   0.000000e+00
 0.000000e+00   0.000000e+00  -1.570822e-02   0.000000e+00   0.000000e+00  -1.653750e-02  -5.669657e-02   3.264635e-01   0.000000e+00
 3.910829e-02   1.766477e-02   0.000000e+00   4.353914e-02   1.889427e-02   0.000000e+00   0.000000e+00   0.000000e+00   2.077305e-01

# timestamp: 1774889746.7653778
 1.081445e-02   4.260225e-03   0.000000e+00   1.069506e-02   4.460522e-03   0.000000e+00   0.000000e+00   0.000000e+00   4.022555e-02
 4.260225e-03   3.397437e-03   0.000000e+00   4.669065e-03   2.496690e-03   0.000000e+00   0.000000e+00   0.000000e+00   1.814487e-02
 0.000000e+00   0.000000e+00   1.488082e-02   0.000000e+00   0.000000e+00   1.504903e-02  -4.967096e-02  -1.612547e-02   0.000000e+00
 1.069506e-02   4.669065e-03   0.000000e+00   1.175801e-02   4.888415e-03   0.000000e+00   0.000000e+00   0.000000e+00   4.468939e-02
 4.460522e-03   2.496690e-03   0.000000e+00   4.888415e-03   2.686841e-03   0.000000e+00   0.000000e+00   0.000000e+00   1.889396e-02
 0.000000e+00   0.000000e+00   1.504903e-02   0.000000e+00   0.000000e+00   1.642770e-02  -5.515568e-02  -1.622546e-02   0.000000e+00
 0.000000e+00   0.000000e+00  -4.967096e-02   0.000000e+00   0.000000e+00  -5.515568e-02   2.722175e-01  -5.669657e-02   0.000000e+00
 0.000000e+00   0.000000e+00  -1.612547e-02   0.000000e+00   0.000000e+00  -1.622546e-02  -5.669657e-02   3.290045e-01   0.000000e+00
 4.022555e-02   1.814487e-02   0.000000e+00   4.468939e-02   1.889396e-02   0.000000e+00   0.000000e+00   0.000000e+00   2.102715e-01

# timestamp: 1774889746.7987247
 9.586126e-03   3.568545e-03   0.000000e+00   9.651050e-03   3.784914e-03   0.000000e+00   0.000000e+00   0.000000e+00   3.768133e-02
 3.568545e-03   2.879052e-03   0.000000e+00   4.000188e-03   2.064733e-03   0.000000e+00   0.000000e+00   0.000000e+00   1.602392e-02
 0.000000e+00   0.000000e+00   1.304530e-02   0.000000e+00   0.000000e+00   1.345178e-02  -4.794945e-02  -1.095484e-02   0.000000e+00
 9.651050e-03   4.000188e-03   0.000000e+00   1.086443e-02   4.242788e-03   0.000000e+00   0.000000e+00   0.000000e+00   4.242496e-02
 3.784914e-03   2.064733e-03   0.000000e+00   4.242788e-03   2.287203e-03   0.000000e+00   0.000000e+00   0.000000e+00   1.677134e-02
 0.000000e+00   0.000000e+00   1.345178e-02   0.000000e+00   0.000000e+00   1.505184e-02  -5.412022e-02  -1.061761e-02   0.000000e+00
 0.000000e+00   0.000000e+00  -4.794945e-02   0.000000e+00   0.000000e+00  -5.412022e-02   2.711695e-01  -6.388399e-02   0.000000e+00
 0.000000e+00   0.000000e+00  -1.095484e-02   0.000000e+00   0.000000e+00  -1.061761e-02  -6.388399e-02   3.215371e-01   0.000000e+00
 3.768133e-02   1.602392e-02   0.000000e+00   4.242496e-02   1.677134e-02   0.000000e+00   0.000000e+00   0.000000e+00   2.031281e-01

# timestamp: 1774889746.8153377
 9.957400e-03   3.710544e-03   0.000000e+00   1.000103e-02   3.848299e-03   0.000000e+00   0.000000e+00   0.000000e+00   3.845084e-02
 3.710544e-03   2.972175e-03   0.000000e+00   4.141586e-03   2.100217e-03   0.000000e+00   0.000000e+00   0.000000e+00   1.632576e-02
 0.000000e+00   0.000000e+00   1.355539e-02   0.000000e+00   0.000000e+00   1.391533e-02  -4.893150e-02  -1.114399e-02   0.000000e+00
 1.000103e-02   4.141586e-03   0.000000e+00   1.120739e-02   4.294419e-03   0.000000e+00   0.000000e+00   0.000000e+00   4.323873e-02
 3.848299e-03   2.100217e-03   0.000000e+00   4.294419e-03   2.277267e-03   0.000000e+00   0.000000e+00   0.000000e+00   1.669968e-02
 0.000000e+00   0.000000e+00   1.391533e-02   0.000000e+00   0.000000e+00   1.548181e-02  -5.522737e-02  -1.025001e-02   0.000000e+00
 0.000000e+00   0.000000e+00  -4.893150e-02   0.000000e+00   0.000000e+00  -5.522737e-02   2.729718e-01  -6.388399e-02   0.000000e+00
 0.000000e+00   0.000000e+00  -1.114399e-02   0.000000e+00   0.000000e+00  -1.025001e-02  -6.388399e-02   3.233394e-01   0.000000e+00
 3.845084e-02   1.632576e-02   0.000000e+00   4.323873e-02   1.669968e-02   0.000000e+00   0.000000e+00   0.000000e+00   2.049304e-01

# timestamp: 1774889746.8340805
 1.026146e-02   3.826038e-03   0.000000e+00   1.028579e-02   3.899117e-03   0.000000e+00   0.000000e+00   0.000000e+00   3.907259e-02
 3.826038e-03   3.047113e-03   0.000000e+00   4.255507e-03   2.128223e-03   0.000000e+00   0.000000e+00   0.000000e+00   1.656480e-02
 0.000000e+00   0.000000e+00   1.397270e-02   0.000000e+00   0.000000e+00   1.429202e-02  -4.972583e-02  -1.128980e-02   0.000000e+00
 1.028579e-02   4.255507e-03   0.000000e+00   1.148465e-02   4.335051e-03   0.000000e+00   0.000000e+00   0.000000e+00   4.389090e-02
 3.899117e-03   2.128223e-03   0.000000e+00   4.335051e-03   2.269406e-03   0.000000e+00   0.000000e+00   0.000000e+00   1.664226e-02
 0.000000e+00   0.000000e+00   1.429202e-02   0.000000e+00   0.000000e+00   1.583009e-02  -5.611275e-02  -9.957335e-03   0.000000e+00
 0.000000e+00   0.000000e+00  -4.972583e-02   0.000000e+00   0.000000e+00  -5.611275e-02   2.744045e-01  -6.388399e-02   0.000000e+00
 0.000000e+00   0.000000e+00  -1.128980e-02   0.000000e+00   0.000000e+00  -9.957335e-03  -6.388399e-02   3.247721e-01   0.000000e+00
 3.907259e-02   1.656480e-02   0.000000e+00   4.389090e-02   1.664226e-02   0.000000e+00   0.000000e+00   0.000000e+00   2.063630e-01

# timestamp: 1774889747.032234
 1.047552e-02   3.382064e-03   0.000000e+00   1.070684e-02   2.851717e-03   0.000000e+00   0.000000e+00   0.000000e+00   3.951850e-02
 3.382064e-03   2.646731e-03   0.000000e+00   3.820512e-03   1.507628e-03   0.000000e+00   0.000000e+00   0.000000e+00   1.418123e-02
 0.000000e+00   0.000000e+00   1.412624e-02   0.000000e+00   0.000000e+00   1.471498e-02  -5.270027e-02  -3.514421e-03   0.000000e+00
 1.070684e-02   3.820512e-03   0.000000e+00   1.215762e-02   3.212554e-03   0.000000e+00   0.000000e+00   0.000000e+00   4.517974e-02
 2.851717e-03   1.507628e-03   0.000000e+00   3.212554e-03   1.461800e-03   0.000000e+00   0.000000e+00   0.000000e+00   1.138771e-02
 0.000000e+00   0.000000e+00   1.471498e-02   0.000000e+00   0.000000e+00   1.672426e-02  -6.169717e-02   3.374724e-03   0.000000e+00
 0.000000e+00   0.000000e+00  -5.270027e-02   0.000000e+00   0.000000e+00  -6.169717e-02   2.812510e-01  -7.645118e-02   0.000000e+00
 0.000000e+00   0.000000e+00  -3.514421e-03   0.000000e+00   0.000000e+00   3.374724e-03  -7.645118e-02   3.316166e-01   0.000000e+00
 3.951850e-02   1.418123e-02   0.000000e+00   4.517974e-02   1.138771e-02   0.000000e+00   0.000000e+00   0.000000e+00   2.052470e-01

# timestamp: 1774889747.0608346
 1.099394e-02   3.535605e-03   0.000000e+00   1.119746e-02   2.865771e-03   0.000000e+00   0.000000e+00   0.000000e+00   4.055199e-02
 3.535605e-03   2.738615e-03   0.000000e+00   3.969006e-03   1.519708e-03   0.000000e+00   0.000000e+00   0.000000e+00   1.443872e-02
 0.000000e+00   0.000000e+00   1.483008e-02   0.000000e+00   0.000000e+00   1.537609e-02  -5.411219e-02  -3.433012e-03   0.000000e+00
 1.119746e-02   3.969006e-03   0.000000e+00   1.263966e-02   3.204598e-03   0.000000e+00   0.000000e+00   0.000000e+00   4.626579e-02
 2.865771e-03   1.519708e-03   0.000000e+00   3.204598e-03   1.431189e-03   0.000000e+00   0.000000e+00   0.000000e+00   1.108479e-02
 0.000000e+00   0.000000e+00   1.537609e-02   0.000000e+00   0.000000e+00   1.739348e-02  -6.329386e-02   4.263679e-03   0.000000e+00
 0.000000e+00   0.000000e+00  -5.411219e-02   0.000000e+00   0.000000e+00  -6.329386e-02   2.835260e-01  -7.645118e-02   0.000000e+00
 0.000000e+00   0.000000e+00  -3.433012e-03   0.000000e+00   0.000000e+00   4.263679e-03  -7.645118e-02   3.338916e-01   0.000000e+00
 4.055199e-02   1.443872e-02   0.000000e+00   4.626579e-02   1.108479e-02   0.000000e+00   0.000000e+00   0.000000e+00   2.075220e-01

# timestamp: 1774889747.082377
 1.175027e-02   3.754483e-03   0.000000e+00   1.190498e-02   2.882398e-03   0.000000e+00   0.000000e+00   0.000000e+00   4.202606e-02
 3.754483e-03   2.866768e-03   0.000000e+00   4.176554e-03   1.534684e-03   0.000000e+00   0.000000e+00   0.000000e+00   1.478383e-02
 0.000000e+00   0.000000e+00   1.585656e-02   0.000000e+00   0.000000e+00   1.633070e-02  -5.613031e-02  -3.285959e-03   0.000000e+00
 1.190498e-02   4.176554e-03   0.000000e+00   1.332661e-02   3.188283e-03   0.000000e+00   0.000000e+00   0.000000e+00   4.779002e-02
 2.882398e-03   1.534684e-03   0.000000e+00   3.188283e-03   1.390246e-03   0.000000e+00   0.000000e+00   0.000000e+00   1.065965e-02
 0.000000e+00   0.000000e+00   1.633070e-02   0.000000e+00   0.000000e+00   1.835297e-02  -6.552569e-02   5.500896e-03   0.000000e+00
 0.000000e+00   0.000000e+00  -5.613031e-02   0.000000e+00   0.000000e+00  -6.552569e-02   2.866785e-01  -7.645118e-02   0.000000e+00
 0.000000e+00   0.000000e+00  -3.285959e-03   0.000000e+00   0.000000e+00   5.500896e-03  -7.645118e-02   3.370441e-01   0.000000e+00
 4.202606e-02   1.478383e-02   0.000000e+00   4.779002e-02   1.065965e-02   0.000000e+00   0.000000e+00   0.000000e+00   2.106745e-01

# timestamp: 1774889747.1154613
 1.037809e-02   3.053307e-03   0.000000e+00   1.073020e-02   2.248591e-03   0.000000e+00   0.000000e+00   0.000000e+00   3.940624e-02
 3.053307e-03   2.401375e-03   0.000000e+00   3.485271e-03   1.206076e-03   0.000000e+00   0.000000e+00   0.000000e+00   1.275541e-02
 0.000000e+00   0.000000e+00   1.392287e-02   0.000000e+00   0.000000e+00   1.474588e-02  -5.323605e-02  -4.946424e-05   0.000000e+00
 1.073020e-02   3.485271e-03   0.000000e+00   1.232046e-02   2.554858e-03   0.000000e+00   0.000000e+00   0.000000e+00   4.548298e-02
 2.248591e-03   1.206076e-03   0.000000e+00   2.554858e-03   1.138921e-03   0.000000e+00   0.000000e+00   0.000000e+00   8.658893e-03
 0.000000e+00   0.000000e+00   1.474588e-02   0.000000e+00   0.000000e+00   1.716279e-02  -6.362527e-02   9.709453e-03   0.000000e+00
 0.000000e+00   0.000000e+00  -5.323605e-02   0.000000e+00   0.000000e+00  -6.362527e-02   2.815298e-01  -8.147117e-02   0.000000e+00
 0.000000e+00   0.000000e+00  -4.946424e-05   0.000000e+00   0.000000e+00   9.709453e-03  -8.147117e-02   3.376132e-01   0.000000e+00
 3.940624e-02   1.275541e-02   0.000000e+00   4.548298e-02   8.658893e-03   0.000000e+00   0.000000e+00   0.000000e+00   2.043335e-01

# timestamp: 1774889747.1308334
 1.064538e-02   3.121283e-03   0.000000e+00   1.098575e-02   2.239511e-03   0.000000e+00   0.000000e+00   0.000000e+00   3.994438e-02
 3.121283e-03   2.441706e-03   0.000000e+00   3.550630e-03   1.206850e-03   0.000000e+00   0.000000e+00   0.000000e+00   1.285695e-02
 0.000000e+00   0.000000e+00   1.428579e-02   0.000000e+00   0.000000e+00   1.509741e-02  -5.398905e-02   6.670234e-05   0.000000e+00
 1.098575e-02   3.550630e-03   0.000000e+00   1.257334e-02   2.533382e-03   0.000000e+00   0.000000e+00   0.000000e+00   4.604731e-02
 2.239511e-03   1.206850e-03   0.000000e+00   2.533382e-03   1.123267e-03   0.000000e+00   0.000000e+00   0.000000e+00   8.457061e-03
 0.000000e+00   0.000000e+00   1.509741e-02   0.000000e+00   0.000000e+00   1.753590e-02  -6.448201e-02   1.026640e-02   0.000000e+00
 0.000000e+00   0.000000e+00  -5.398905e-02   0.000000e+00   0.000000e+00  -6.448201e-02   2.827094e-01  -8.147117e-02   0.000000e+00
 0.000000e+00   0.000000e+00   6.670234e-05   0.000000e+00   0.000000e+00   1.026640e-02  -8.147117e-02   3.387928e-01   0.000000e+00
 3.994438e-02   1.285695e-02   0.000000e+00   4.604731e-02   8.457061e-03   0.000000e+00   0.000000e+00   0.000000e+00   2.055130e-01

# timestamp: 1774889747.3275363
 1.117170e-02   2.551872e-03   0.000000e+00   1.172378e-02   9.039375e-04   0.000000e+00   0.000000e+00   0.000000e+00   4.131479e-02
 2.551872e-03   2.057087e-03   0.000000e+00   2.929436e-03   7.031427e-04   0.000000e+00   0.000000e+00   0.000000e+00   1.005717e-02
 0.000000e+00   0.000000e+00   1.485290e-02   0.000000e+00   0.000000e+00   1.626458e-02  -5.643346e-02   6.753531e-03   0.000000e+00
 1.172378e-02   2.929436e-03   0.000000e+00   1.357244e-02   1.009637e-03   0.000000e+00   0.000000e+00   0.000000e+00   4.819527e-02
 9.039375e-04   7.031427e-04   0.000000e+00   1.009637e-03   7.043975e-04   0.000000e+00   0.000000e+00   0.000000e+00   2.318456e-03
 0.000000e+00   0.000000e+00   1.626458e-02   0.000000e+00   0.000000e+00   1.993831e-02  -6.980946e-02   2.419222e-02   0.000000e+00
 0.000000e+00   0.000000e+00  -5.643346e-02   0.000000e+00   0.000000e+00  -6.980946e-02   2.825754e-01  -8.777234e-02   0.000000e+00
 0.000000e+00   0.000000e+00   6.753531e-03   0.000000e+00   0.000000e+00   2.419222e-02  -8.777234e-02   3.561658e-01   0.000000e+00
 4.131479e-02   1.005717e-02   0.000000e+00   4.819527e-02   2.318456e-03   0.000000e+00   0.000000e+00   0.000000e+00   2.076465e-01

# timestamp: 1774889747.3509948
 1.202816e-02   2.682327e-03   0.000000e+00   1.253609e-02   7.647910e-04   0.000000e+00   0.000000e+00   0.000000e+00   4.297625e-02
 2.682327e-03   2.138756e-03   0.000000e+00   3.042713e-03   6.861340e-04   0.000000e+00   0.000000e+00   0.000000e+00   1.012536e-02
 0.000000e+00   0.000000e+00   1.602980e-02   0.000000e+00   0.000000e+00   1.745525e-02  -5.884260e-02   7.604091e-03   0.000000e+00
 1.253609e-02   3.042713e-03   0.000000e+00   1.436415e-02   8.266314e-04   0.000000e+00   0.000000e+00   0.000000e+00   4.988150e-02
 7.647910e-04   6.861340e-04   0.000000e+00   8.266314e-04   6.924747e-04   0.000000e+00   0.000000e+00   0.000000e+00   1.470359e-03
 0.000000e+00   0.000000e+00   1.745525e-02   0.000000e+00   0.000000e+00   2.128948e-02  -7.245281e-02   2.634626e-02   0.000000e+00
 0.000000e+00   0.000000e+00  -5.884260e-02   0.000000e+00   0.000000e+00  -7.245281e-02   2.859785e-01  -8.777234e-02   0.000000e+00
 0.000000e+00   0.000000e+00   7.604091e-03   0.000000e+00   0.000000e+00   2.634626e-02  -8.777234e-02   3.595689e-01   0.000000e+00
 4.297625e-02   1.012536e-02   0.000000e+00   4.988150e-02   1.470359e-03   0.000000e+00   0.000000e+00   0.000000e+00   2.110497e-01

# timestamp: 1774889747.412964
 1.117772e-02   2.167371e-03   0.000000e+00   1.183506e-02   2.031165e-04   0.000000e+00   0.000000e+00   0.000000e+00   4.153067e-02
 2.167371e-03   1.856735e-03   0.000000e+00   2.503942e-03   5.150785e-04   0.000000e+00   0.000000e+00   0.000000e+00   8.443176e-03
 0.000000e+00   0.000000e+00   1.468230e-02   0.000000e+00   0.000000e+00   1.642146e-02  -5.618814e-02   9.524232e-03   0.000000e+00
 1.183506e-02   2.503942e-03   0.000000e+00   1.380866e-02   2.001033e-04   0.000000e+00   0.000000e+00   0.000000e+00   4.874659e-02
 2.031165e-04   5.150785e-04   0.000000e+00   2.001033e-04   6.417734e-04   0.000000e+00   0.000000e+00   0.000000e+00  -6.936976e-04
 0.000000e+00   0.000000e+00   1.642146e-02   0.000000e+00   0.000000e+00   2.081003e-02  -7.070186e-02   3.044501e-02   0.000000e+00
 0.000000e+00   0.000000e+00  -5.618814e-02   0.000000e+00   0.000000e+00  -7.070186e-02   2.781063e-01  -8.837578e-02   0.000000e+00
 0.000000e+00   0.000000e+00   9.524232e-03   0.000000e+00   0.000000e+00   3.044501e-02  -8.837578e-02   3.653320e-01   0.000000e+00
 4.153067e-02   8.443176e-03   0.000000e+00   4.874659e-02  -6.936976e-04   0.000000e+00   0.000000e+00   0.000000e+00   2.080517e-01

# timestamp: 1774889747.7325635
 3.463129e-03   2.458273e-04   0.000000e+00   3.319579e-03  -4.230079e-04   0.000000e+00   0.000000e+00   0.000000e+00   8.883007e-03
 2.458273e-04   1.282484e-03   0.000000e+00   2.918010e-04   4.010369e-04   0.000000e+00   0.000000e+00   0.000000e+00   3.146176e-04
 0.000000e+00   0.000000e+00   3.737431e-03   0.000000e+00   0.000000e+00   4.098858e-03  -9.809485e-03   5.669940e-03   0.000000e+00
 3.319579e-03   2.918010e-04   0.000000e+00   4.421785e-03  -6.374960e-04   0.000000e+00   0.000000e+00   0.000000e+00   1.266975e-02
-4.230079e-04   4.010369e-04   0.000000e+00  -6.374960e-04   7.613219e-04   0.000000e+00   0.000000e+00   0.000000e+00  -3.480140e-03
 0.000000e+00   0.000000e+00   4.098858e-03   0.000000e+00   0.000000e+00   8.086439e-03  -1.630409e-02   3.490592e-02   0.000000e+00
 0.000000e+00   0.000000e+00  -9.809485e-03   0.000000e+00   0.000000e+00  -1.630409e-02   7.539492e-02  -3.122299e-02   0.000000e+00
 0.000000e+00   0.000000e+00   5.669940e-03   0.000000e+00   0.000000e+00   3.490592e-02  -3.122299e-02   3.823904e-01   0.000000e+00
 8.883007e-03   3.146176e-04   0.000000e+00   1.266975e-02  -3.480140e-03   0.000000e+00   0.000000e+00   0.000000e+00   7.118799e-02

# timestamp: 1774889748.0018744
 1.540017e-03   1.162171e-05   0.000000e+00   1.197174e-03  -1.979501e-04   0.000000e+00   0.000000e+00   0.000000e+00   1.791514e-03
 1.162171e-05   1.005771e-03   0.000000e+00  -2.283362e-05   3.727107e-04   0.000000e+00   0.000000e+00   0.000000e+00  -4.861764e-04
 0.000000e+00   0.000000e+00   1.644692e-03   0.000000e+00   0.000000e+00   1.703610e-03  -1.369021e-03   4.311102e-03   0.000000e+00
 1.197174e-03  -2.283362e-05   0.000000e+00   1.989007e-03  -4.434496e-04   0.000000e+00   0.000000e+00   0.000000e+00   4.210880e-03
-1.979501e-04   3.727107e-04   0.000000e+00  -4.434496e-04   7.694882e-04   0.000000e+00   0.000000e+00   0.000000e+00  -2.570890e-03
 0.000000e+00   0.000000e+00   1.703610e-03   0.000000e+00   0.000000e+00   4.938615e-03  -1.153301e-03   2.766221e-02   0.000000e+00
 0.000000e+00   0.000000e+00  -1.369021e-03   0.000000e+00   0.000000e+00  -1.153301e-03   4.918072e-02   3.498568e-02   0.000000e+00
 0.000000e+00   0.000000e+00   4.311102e-03   0.000000e+00   0.000000e+00   2.766221e-02   3.498568e-02   2.976622e-01   0.000000e+00
 1.791514e-03  -4.861764e-04   0.000000e+00   4.210880e-03  -2.570890e-03   0.000000e+00   0.000000e+00   0.000000e+00   4.316936e-02

# timestamp: 1774889748.045826
 1.671073e-03   2.472074e-06   0.000000e+00   1.282828e-03  -2.262313e-04   0.000000e+00   0.000000e+00   0.000000e+00   1.953473e-03
 2.472074e-06   1.072752e-03   0.000000e+00  -4.297334e-05   4.054288e-04   0.000000e+00   0.000000e+00   0.000000e+00  -5.866615e-04
 0.000000e+00   0.000000e+00   1.818894e-03   0.000000e+00   0.000000e+00   1.930899e-03  -1.413377e-03   5.375111e-03   0.000000e+00
 1.282828e-03  -4.297334e-05   0.000000e+00   2.038376e-03  -4.829039e-04   0.000000e+00   0.000000e+00   0.000000e+00   4.450870e-03
-2.262313e-04   4.054288e-04   0.000000e+00  -4.829039e-04   8.047439e-04   0.000000e+00   0.000000e+00   0.000000e+00  -2.836403e-03
 0.000000e+00   0.000000e+00   1.930899e-03   0.000000e+00   0.000000e+00   5.286294e-03  -1.221119e-03   2.922618e-02   0.000000e+00
 0.000000e+00   0.000000e+00  -1.413377e-03   0.000000e+00   0.000000e+00  -1.221119e-03   5.295011e-02   3.498568e-02   0.000000e+00
 0.000000e+00   0.000000e+00   5.375111e-03   0.000000e+00   0.000000e+00   2.922618e-02   3.498568e-02   3.014316e-01   0.000000e+00
 1.953473e-03  -5.866615e-04   0.000000e+00   4.450870e-03  -2.836403e-03   0.000000e+00   0.000000e+00   0.000000e+00   4.693876e-02

# timestamp: 1774889748.3955605
 1.170127e-03  -4.046726e-05   0.000000e+00   7.598721e-04  -1.648254e-04   0.000000e+00   0.000000e+00   0.000000e+00   8.215740e-04
-4.046726e-05   9.232451e-04   0.000000e+00  -1.105869e-04   3.850697e-04   0.000000e+00   0.000000e+00   0.000000e+00  -6.603830e-04
 0.000000e+00   0.000000e+00   1.264882e-03   0.000000e+00   0.000000e+00   1.067562e-03  -4.154326e-04   1.690040e-03   0.000000e+00
 7.598721e-04  -1.105869e-04   0.000000e+00   1.353814e-03  -4.028125e-04   0.000000e+00   0.000000e+00   0.000000e+00   2.420772e-03
-1.648254e-04   3.850697e-04   0.000000e+00  -4.028125e-04   8.057789e-04   0.000000e+00   0.000000e+00   0.000000e+00  -2.292403e-03
 0.000000e+00   0.000000e+00   1.067562e-03   0.000000e+00   0.000000e+00   2.423447e-03  -1.623470e-04   6.798710e-03   0.000000e+00
 0.000000e+00   0.000000e+00  -4.154326e-04   0.000000e+00   0.000000e+00  -1.623470e-04   8.631433e-02   4.442475e-02   0.000000e+00
 0.000000e+00   0.000000e+00   1.690040e-03   0.000000e+00   0.000000e+00   6.798710e-03   4.442475e-02   9.370632e-02   0.000000e+00
 8.215740e-04  -6.603830e-04   0.000000e+00   2.420772e-03  -2.292403e-03   0.000000e+00   0.000000e+00   0.000000e+00   4.068510e-02

# timestamp: 1774889748.4357853
 1.263443e-03  -5.107991e-05   0.000000e+00   8.130754e-04  -1.826699e-04   0.000000e+00   0.000000e+00   0.000000e+00   9.119783e-04
-5.107991e-05   9.886042e-04   0.000000e+00  -1.284739e-04   4.170222e-04   0.000000e+00   0.000000e+00   0.000000e+00  -7.456174e-04
 0.000000e+00   0.000000e+00   1.382062e-03   0.000000e+00   0.000000e+00   1.164274e-03  -4.245112e-04   1.938651e-03   0.000000e+00
 8.130754e-04  -1.284739e-04   0.000000e+00   1.378679e-03  -4.213177e-04   0.000000e+00   0.000000e+00   0.000000e+00   2.602116e-03
-1.826699e-04   4.170222e-04   0.000000e+00  -4.213177e-04   8.254264e-04   0.000000e+00   0.000000e+00   0.000000e+00  -2.437651e-03
 0.000000e+00   0.000000e+00   1.164274e-03   0.000000e+00   0.000000e+00   2.475913e-03  -3.861917e-04   6.935677e-03   0.000000e+00
 0.000000e+00   0.000000e+00  -4.245112e-04   0.000000e+00   0.000000e+00  -3.861917e-04   8.994249e-02   4.442475e-02   0.000000e+00
 0.000000e+00   0.000000e+00   1.938651e-03   0.000000e+00   0.000000e+00   6.935677e-03   4.442475e-02   9.733448e-02   0.000000e+00
 9.119783e-04  -7.456174e-04   0.000000e+00   2.602116e-03  -2.437651e-03   0.000000e+00   0.000000e+00   0.000000e+00   4.431326e-02

# timestamp: 1774889748.7208905
 1.132054e-03  -6.246270e-05   0.000000e+00   6.753896e-04  -1.599837e-04   0.000000e+00   0.000000e+00   0.000000e+00   8.109012e-04
-6.246270e-05   9.473547e-04   0.000000e+00  -1.403727e-04   3.934069e-04   0.000000e+00   0.000000e+00   0.000000e+00  -5.826904e-04
 0.000000e+00   0.000000e+00   1.236176e-03   0.000000e+00   0.000000e+00   9.286531e-04  -8.799988e-04   8.128357e-04   0.000000e+00
 6.753896e-04  -1.403727e-04   0.000000e+00   1.190992e-03  -3.580119e-04   0.000000e+00   0.000000e+00   0.000000e+00   2.426720e-03
-1.599837e-04   3.934069e-04   0.000000e+00  -3.580119e-04   7.380595e-04   0.000000e+00   0.000000e+00   0.000000e+00  -1.542025e-03
 0.000000e+00   0.000000e+00   9.286531e-04   0.000000e+00   0.000000e+00   1.828031e-03  -2.865581e-03   1.980717e-03   0.000000e+00
 0.000000e+00   0.000000e+00  -8.799988e-04   0.000000e+00   0.000000e+00  -2.865581e-03   1.126458e-01   5.554479e-02   0.000000e+00
 0.000000e+00   0.000000e+00   8.128357e-04   0.000000e+00   0.000000e+00   1.980717e-03   5.554479e-02   8.912967e-02   0.000000e+00
 8.109012e-04  -5.826904e-04   0.000000e+00   2.426720e-03  -1.542025e-03   0.000000e+00   0.000000e+00   0.000000e+00   4.279408e-02

# timestamp: 1774889748.798577
 1.143902e-03  -5.752872e-05   0.000000e+00   6.468963e-04  -1.424281e-04   0.000000e+00   0.000000e+00   0.000000e+00   2.904823e-04
-5.752872e-05   9.670934e-04   0.000000e+00  -1.137639e-04   3.827818e-04   0.000000e+00   0.000000e+00   0.000000e+00   2.880951e-05
 0.000000e+00   0.000000e+00   1.240827e-03   0.000000e+00   0.000000e+00   8.676419e-04  -5.428607e-04  -1.464535e-04   0.000000e+00
 6.468963e-04  -1.137639e-04   0.000000e+00   1.143806e-03  -3.233836e-04   0.000000e+00   0.000000e+00   0.000000e+00   2.149273e-03
-1.424281e-04   3.827818e-04   0.000000e+00  -3.233836e-04   7.070292e-04   0.000000e+00   0.000000e+00   0.000000e+00  -1.089949e-03
 0.000000e+00   0.000000e+00   8.676419e-04   0.000000e+00   0.000000e+00   1.708781e-03  -3.418086e-03   4.697100e-04   0.000000e+00
 0.000000e+00   0.000000e+00  -5.428607e-04   0.000000e+00   0.000000e+00  -3.418086e-03   1.181049e-01   5.854899e-02   0.000000e+00
 0.000000e+00   0.000000e+00  -1.464535e-04   0.000000e+00   0.000000e+00   4.697100e-04   5.854899e-02   9.044165e-02   0.000000e+00
 2.904823e-04   2.880951e-05   0.000000e+00   2.149273e-03  -1.089949e-03   0.000000e+00   0.000000e+00   0.000000e+00   4.331210e-02

# timestamp: 1774889749.0487242
 1.121128e-03  -7.178932e-05   0.000000e+00   6.294316e-04  -1.390168e-04   0.000000e+00   0.000000e+00   0.000000e+00   8.301024e-04
-7.178932e-05   9.721710e-04   0.000000e+00  -1.445368e-04   3.826373e-04   0.000000e+00   0.000000e+00   0.000000e+00  -4.311704e-04
 0.000000e+00   0.000000e+00   1.238378e-03   0.000000e+00   0.000000e+00   8.955428e-04  -1.922724e-03  -2.905646e-04   0.000000e+00
 6.294316e-04  -1.445368e-04   0.000000e+00   1.119782e-03  -2.786938e-04   0.000000e+00   0.000000e+00   0.000000e+00   2.668129e-03
-1.390168e-04   3.826373e-04   0.000000e+00  -2.786938e-04   6.490297e-04   0.000000e+00   0.000000e+00   0.000000e+00  -6.493954e-04
 0.000000e+00   0.000000e+00   8.955428e-04   0.000000e+00   0.000000e+00   1.826304e-03  -7.896677e-03  -3.119835e-03   0.000000e+00
 0.000000e+00   0.000000e+00  -1.922724e-03   0.000000e+00   0.000000e+00  -7.896677e-03   1.353678e-01   7.022156e-02   0.000000e+00
 0.000000e+00   0.000000e+00  -2.905646e-04   0.000000e+00   0.000000e+00  -3.119835e-03   7.022156e-02   9.928780e-02   0.000000e+00
 8.301024e-04  -4.311704e-04   0.000000e+00   2.668129e-03  -6.493954e-04   0.000000e+00   0.000000e+00   0.000000e+00   4.452286e-02

# timestamp: 1774889749.0844898
 1.078681e-03  -6.051160e-05   0.000000e+00   5.733578e-04  -1.230904e-04   0.000000e+00   0.000000e+00   0.000000e+00   2.512319e-04
-6.051160e-05   9.500911e-04   0.000000e+00  -1.062012e-04   3.658609e-04   0.000000e+00   0.000000e+00   0.000000e+00   1.684085e-04
 0.000000e+00   0.000000e+00   1.185823e-03   0.000000e+00   0.000000e+00   8.258375e-04  -1.398121e-03  -1.080700e-03   0.000000e+00
 5.733578e-04  -1.062012e-04   0.000000e+00   1.062598e-03  -2.443964e-04   0.000000e+00   0.000000e+00   0.000000e+00   2.255706e-03
-1.230904e-04   3.658609e-04   0.000000e+00  -2.443964e-04   6.302420e-04   0.000000e+00   0.000000e+00   0.000000e+00  -2.562084e-04
 0.000000e+00   0.000000e+00   8.258375e-04   0.000000e+00   0.000000e+00   1.795768e-03  -8.071879e-03  -4.298123e-03   0.000000e+00
 0.000000e+00   0.000000e+00  -1.398121e-03   0.000000e+00   0.000000e+00  -8.071879e-03   1.353121e-01   7.342895e-02   0.000000e+00
 0.000000e+00   0.000000e+00  -1.080700e-03   0.000000e+00   0.000000e+00  -4.298123e-03   7.342895e-02   1.012965e-01   0.000000e+00
 2.512319e-04   1.684085e-04   0.000000e+00   2.255706e-03  -2.562084e-04   0.000000e+00   0.000000e+00   0.000000e+00   4.274266e-02

# timestamp: 1774889749.1211305
 1.053029e-03  -6.457132e-05   0.000000e+00   5.808253e-04  -1.227206e-04   0.000000e+00   0.000000e+00   0.000000e+00   7.367422e-04
-6.457132e-05   9.265685e-04   0.000000e+00  -1.322171e-04   3.585115e-04   0.000000e+00   0.000000e+00   0.000000e+00  -3.797036e-04
 0.000000e+00   0.000000e+00   1.160557e-03   0.000000e+00   0.000000e+00   8.436449e-04  -2.002194e-03  -5.139215e-04   0.000000e+00
 5.808253e-04  -1.322171e-04   0.000000e+00   1.078315e-03  -2.474458e-04   0.000000e+00   0.000000e+00   0.000000e+00   2.525496e-03
-1.227206e-04   3.585115e-04   0.000000e+00  -2.474458e-04   6.222089e-04   0.000000e+00   0.000000e+00   0.000000e+00  -4.309416e-04
 0.000000e+00   0.000000e+00   8.436449e-04   0.000000e+00   0.000000e+00   1.875502e-03  -9.061254e-03  -4.457533e-03   0.000000e+00
 0.000000e+00   0.000000e+00  -2.002194e-03   0.000000e+00   0.000000e+00  -9.061254e-03   1.383320e-01   7.513426e-02   0.000000e+00
 0.000000e+00   0.000000e+00  -5.139215e-04   0.000000e+00   0.000000e+00  -4.457533e-03   7.513426e-02   1.007465e-01   0.000000e+00
 7.367422e-04  -3.797036e-04   0.000000e+00   2.525496e-03  -4.309416e-04   0.000000e+00   0.000000e+00   0.000000e+00   4.187944e-02

# timestamp: 1774889749.386465
 9.642710e-04  -5.374561e-05   0.000000e+00   5.045800e-04  -9.328982e-05   0.000000e+00   0.000000e+00   0.000000e+00   5.228710e-04
-5.374561e-05   8.703788e-04   0.000000e+00  -1.081846e-04   3.207304e-04   0.000000e+00   0.000000e+00   0.000000e+00  -2.746790e-04
 0.000000e+00   0.000000e+00   1.069810e-03   0.000000e+00   0.000000e+00   8.208674e-04  -2.458698e-03  -1.078785e-03   0.000000e+00
 5.045800e-04  -1.081846e-04   0.000000e+00   9.974695e-04  -1.752519e-04   0.000000e+00   0.000000e+00   0.000000e+00   2.241487e-03
-9.328982e-05   3.207304e-04   0.000000e+00  -1.752519e-04   5.664395e-04   0.000000e+00   0.000000e+00   0.000000e+00  -6.968172e-05
 0.000000e+00   0.000000e+00   8.208674e-04   0.000000e+00   0.000000e+00   2.257898e-03  -1.288185e-02  -7.540089e-03   0.000000e+00
 0.000000e+00   0.000000e+00  -2.458698e-03   0.000000e+00   0.000000e+00  -1.288185e-02   1.532074e-01   8.217536e-02   0.000000e+00
 0.000000e+00   0.000000e+00  -1.078785e-03   0.000000e+00   0.000000e+00  -7.540089e-03   8.217536e-02   9.885592e-02   0.000000e+00
 5.228710e-04  -2.746790e-04   0.000000e+00   2.241487e-03  -6.968172e-05   0.000000e+00   0.000000e+00   0.000000e+00   3.924997e-02

# timestamp: 1774889749.4285765
 1.043432e-03  -6.180257e-05   0.000000e+00   5.464255e-04  -9.977539e-05   0.000000e+00   0.000000e+00   0.000000e+00   6.123459e-04
-6.180257e-05   9.346070e-04   0.000000e+00  -1.163280e-04   3.425672e-04   0.000000e+00   0.000000e+00   0.000000e+00  -2.770974e-04
 0.000000e+00   0.000000e+00   1.175632e-03   0.000000e+00   0.000000e+00   9.246644e-04  -2.967750e-03  -1.376493e-03   0.000000e+00
 5.464255e-04  -1.163280e-04   0.000000e+00   1.024871e-03  -1.744556e-04   0.000000e+00   0.000000e+00   0.000000e+00   2.450753e-03
-9.977539e-05   3.425672e-04   0.000000e+00  -1.744556e-04   5.702447e-04   0.000000e+00   0.000000e+00   0.000000e+00  -5.016218e-05
 0.000000e+00   0.000000e+00   9.246644e-04   0.000000e+00   0.000000e+00   2.402471e-03  -1.370167e-02  -8.000042e-03   0.000000e+00
 0.000000e+00   0.000000e+00  -2.967750e-03   0.000000e+00   0.000000e+00  -1.370167e-02   1.570688e-01   8.217536e-02   0.000000e+00
 0.000000e+00   0.000000e+00  -1.376493e-03   0.000000e+00   0.000000e+00  -8.000042e-03   8.217536e-02   1.027174e-01   0.000000e+00
 6.123459e-04  -2.770974e-04   0.000000e+00   2.450753e-03  -5.016218e-05   0.000000e+00   0.000000e+00   0.000000e+00   4.311144e-02

# timestamp: 1774889749.4623246
 9.916607e-04  -5.207064e-05   0.000000e+00   4.948780e-04  -9.163034e-05   0.000000e+00   0.000000e+00   0.000000e+00   1.322896e-04
-5.207064e-05   9.002626e-04   0.000000e+00  -7.959878e-05   3.290132e-04   0.000000e+00   0.000000e+00   0.000000e+00   2.994033e-04
 0.000000e+00   0.000000e+00   1.121414e-03   0.000000e+00   0.000000e+00   8.820573e-04  -2.601186e-03  -2.165616e-03   0.000000e+00
 4.948780e-04  -7.959878e-05   0.000000e+00   9.741633e-04  -1.530822e-04   0.000000e+00   0.000000e+00   0.000000e+00   2.048315e-03
-9.163034e-05   3.290132e-04   0.000000e+00  -1.530822e-04   5.616041e-04   0.000000e+00   0.000000e+00   0.000000e+00   2.026911e-04
 0.000000e+00   0.000000e+00   8.820573e-04   0.000000e+00   0.000000e+00   2.405618e-03  -1.365403e-02  -8.863583e-03   0.000000e+00
 0.000000e+00   0.000000e+00  -2.601186e-03   0.000000e+00   0.000000e+00  -1.365403e-02   1.558082e-01   8.508816e-02   0.000000e+00
 0.000000e+00   0.000000e+00  -2.165616e-03   0.000000e+00   0.000000e+00  -8.863583e-03   8.508816e-02   1.039831e-01   0.000000e+00
 1.322896e-04   2.994033e-04   0.000000e+00   2.048315e-03   2.026911e-04   0.000000e+00   0.000000e+00   0.000000e+00   4.076899e-02

# timestamp: 1774889749.679495
 1.009094e-03  -5.039528e-05   0.000000e+00   4.891748e-04  -8.124669e-05   0.000000e+00   0.000000e+00   0.000000e+00   1.137388e-04
-5.039528e-05   9.196170e-04   0.000000e+00  -6.952673e-05   3.248376e-04   0.000000e+00   0.000000e+00   0.000000e+00   3.376790e-04
 0.000000e+00   0.000000e+00   1.177119e-03   0.000000e+00   0.000000e+00   9.889694e-04  -3.438693e-03  -2.706033e-03   0.000000e+00
 4.891748e-04  -6.952673e-05   0.000000e+00   9.388625e-04  -1.251735e-04   0.000000e+00   0.000000e+00   0.000000e+00   1.940933e-03
-8.124669e-05   3.248376e-04   0.000000e+00  -1.251735e-04   5.369029e-04   0.000000e+00   0.000000e+00   0.000000e+00   1.762080e-04
 0.000000e+00   0.000000e+00   9.889694e-04   0.000000e+00   0.000000e+00   2.671616e-03  -1.546376e-02  -9.691943e-03   0.000000e+00
 0.000000e+00   0.000000e+00  -3.438693e-03   0.000000e+00   0.000000e+00  -1.546376e-02   1.656449e-01   8.550347e-02   0.000000e+00
 0.000000e+00   0.000000e+00  -2.706033e-03   0.000000e+00   0.000000e+00  -9.691943e-03   8.550347e-02   1.021594e-01   0.000000e+00
 1.137388e-04   3.376790e-04   0.000000e+00   1.940933e-03   1.762080e-04   0.000000e+00   0.000000e+00   0.000000e+00   4.245616e-02

# timestamp: 1774889749.7020495
 9.631676e-04  -4.850173e-05   0.000000e+00   4.786497e-04  -7.625420e-05   0.000000e+00   0.000000e+00   0.000000e+00   4.035498e-04
-4.850173e-05   8.774044e-04   0.000000e+00  -9.036359e-05   3.081318e-04   0.000000e+00   0.000000e+00   0.000000e+00  -2.347044e-04
 0.000000e+00   0.000000e+00   1.096110e-03   0.000000e+00   0.000000e+00   9.022834e-04  -3.219796e-03  -1.555692e-03   0.000000e+00
 4.786497e-04  -9.036359e-05   0.000000e+00   9.335992e-04  -1.299182e-04   0.000000e+00   0.000000e+00   0.000000e+00   1.988419e-03
-7.625420e-05   3.081318e-04   0.000000e+00  -1.299182e-04   5.282209e-04   0.000000e+00   0.000000e+00   0.000000e+00  -5.872103e-05
 0.000000e+00   0.000000e+00   9.022834e-04   0.000000e+00   0.000000e+00   2.578146e-03  -1.522455e-02  -8.433213e-03   0.000000e+00
 0.000000e+00   0.000000e+00  -3.219796e-03   0.000000e+00   0.000000e+00  -1.522455e-02   1.657535e-01   8.020716e-02   0.000000e+00
 0.000000e+00   0.000000e+00  -1.555692e-03   0.000000e+00   0.000000e+00  -8.433213e-03   8.020716e-02   9.205716e-02   0.000000e+00
 4.035498e-04  -2.347044e-04   0.000000e+00   1.988419e-03  -5.872103e-05   0.000000e+00   0.000000e+00   0.000000e+00   4.028655e-02

# timestamp: 1774889749.717092
 9.995324e-04  -5.161594e-05   0.000000e+00   4.966782e-04  -7.873334e-05   0.000000e+00   0.000000e+00   0.000000e+00   4.404706e-04
-5.161594e-05   9.073458e-04   0.000000e+00  -9.318377e-05   3.179310e-04   0.000000e+00   0.000000e+00   0.000000e+00  -2.358190e-04
 0.000000e+00   0.000000e+00   1.148676e-03   0.000000e+00   0.000000e+00   9.558825e-04  -3.501306e-03  -1.711497e-03   0.000000e+00
 4.966782e-04  -9.318377e-05   0.000000e+00   9.427655e-04  -1.304292e-04   0.000000e+00   0.000000e+00   0.000000e+00   2.063837e-03
-7.873334e-05   3.179310e-04   0.000000e+00  -1.304292e-04   5.300869e-04   0.000000e+00   0.000000e+00   0.000000e+00  -6.690598e-05
 0.000000e+00   0.000000e+00   9.558825e-04   0.000000e+00   0.000000e+00   2.632215e-03  -1.551104e-02  -8.559864e-03   0.000000e+00
 0.000000e+00   0.000000e+00  -3.501306e-03   0.000000e+00   0.000000e+00  -1.551104e-02   1.675949e-01   8.020716e-02   0.000000e+00
 0.000000e+00   0.000000e+00  -1.711497e-03   0.000000e+00   0.000000e+00  -8.559864e-03   8.020716e-02   9.389854e-02   0.000000e+00
 4.404706e-04  -2.358190e-04   0.000000e+00   2.063837e-03  -6.690598e-05   0.000000e+00   0.000000e+00   0.000000e+00   4.212793e-02

# timestamp: 1774889749.7350261
 1.031082e-03  -5.435031e-05   0.000000e+00   5.122476e-04  -8.086170e-05   0.000000e+00   0.000000e+00   0.000000e+00   4.731457e-04
-5.435031e-05   9.331732e-04   0.000000e+00  -9.559920e-05   3.263159e-04   0.000000e+00   0.000000e+00   0.000000e+00  -2.368978e-04
 0.000000e+00   0.000000e+00   1.195106e-03   0.000000e+00   0.000000e+00   1.002802e-03  -3.745905e-03  -1.846372e-03   0.000000e+00
 5.122476e-04  -9.559920e-05   0.000000e+00   9.508042e-04  -1.308889e-04   0.000000e+00   0.000000e+00   0.000000e+00   2.130628e-03
-8.086170e-05   3.263159e-04   0.000000e+00  -1.308889e-04   5.316813e-04   0.000000e+00   0.000000e+00   0.000000e+00  -7.415470e-05
 0.000000e+00   0.000000e+00   1.002802e-03   0.000000e+00   0.000000e+00   2.679122e-03  -1.575789e-02  -8.667638e-03   0.000000e+00
 0.000000e+00   0.000000e+00  -3.745905e-03   0.000000e+00   0.000000e+00  -1.575789e-02   1.691657e-01   8.020716e-02   0.000000e+00
 0.000000e+00   0.000000e+00  -1.846372e-03   0.000000e+00   0.000000e+00  -8.667638e-03   8.020716e-02   9.546934e-02   0.000000e+00
 4.731457e-04  -2.368978e-04   0.000000e+00   2.130628e-03  -7.415470e-05   0.000000e+00   0.000000e+00   0.000000e+00   4.369872e-02

# timestamp: 1774889750.0554698
 1.019720e-03  -4.156213e-05   0.000000e+00   4.661129e-04  -6.180592e-05   0.000000e+00   0.000000e+00   0.000000e+00   9.773104e-05
-4.156213e-05   9.334484e-04   0.000000e+00  -5.282107e-05   3.080592e-04   0.000000e+00   0.000000e+00   0.000000e+00   3.103861e-04
 0.000000e+00   0.000000e+00   1.246641e-03   0.000000e+00   0.000000e+00   1.060048e-03  -4.490541e-03  -2.774246e-03   0.000000e+00
 4.661129e-04  -5.282107e-05   0.000000e+00   8.399350e-04  -9.934591e-05   0.000000e+00   0.000000e+00   0.000000e+00   1.511383e-03
-6.180592e-05   3.080592e-04   0.000000e+00  -9.934591e-05   4.976742e-04   0.000000e+00   0.000000e+00   0.000000e+00  -1.717472e-04
 0.000000e+00   0.000000e+00   1.060048e-03   0.000000e+00   0.000000e+00   2.541312e-03  -1.554103e-02  -7.557959e-03   0.000000e+00
 0.000000e+00   0.000000e+00  -4.490541e-03   0.000000e+00   0.000000e+00  -1.554103e-02   1.820633e-01   7.334261e-02   0.000000e+00
 0.000000e+00   0.000000e+00  -2.774246e-03   0.000000e+00   0.000000e+00  -7.557959e-03   7.334261e-02   8.372063e-02   0.000000e+00
 9.773104e-05   3.103861e-04   0.000000e+00   1.511383e-03  -1.717472e-04   0.000000e+00   0.000000e+00   0.000000e+00   4.419264e-02

# timestamp: 1774889750.394592
 9.115938e-04  -3.076289e-05   0.000000e+00   4.057832e-04  -4.912342e-05   0.000000e+00   0.000000e+00   0.000000e+00   2.986092e-04
-3.076289e-05   8.417560e-04   0.000000e+00  -5.319527e-05   2.729193e-04   0.000000e+00   0.000000e+00   0.000000e+00  -2.324020e-04
 0.000000e+00   0.000000e+00   1.114461e-03   0.000000e+00   0.000000e+00   9.249785e-04  -4.656551e-03  -1.840703e-03   0.000000e+00
 4.057832e-04  -5.319527e-05   0.000000e+00   7.498051e-04  -9.074568e-05   0.000000e+00   0.000000e+00   0.000000e+00   1.143749e-03
-4.912342e-05   2.729193e-04   0.000000e+00  -9.074568e-05   4.753903e-04   0.000000e+00   0.000000e+00   0.000000e+00  -5.310040e-04
 0.000000e+00   0.000000e+00   9.249785e-04   0.000000e+00   0.000000e+00   2.142018e-03  -1.397984e-02  -5.567550e-03   0.000000e+00
 0.000000e+00   0.000000e+00  -4.656551e-03   0.000000e+00   0.000000e+00  -1.397984e-02   1.902476e-01   7.075254e-02   0.000000e+00
 0.000000e+00   0.000000e+00  -1.840703e-03   0.000000e+00   0.000000e+00  -5.567550e-03   7.075254e-02   7.281342e-02   0.000000e+00
 2.986092e-04  -2.324020e-04   0.000000e+00   1.143749e-03  -5.310040e-04   0.000000e+00   0.000000e+00   0.000000e+00   3.944095e-02

# timestamp: 1774889750.4909813
 1.012746e-03  -3.321557e-05   0.000000e+00   4.360099e-04  -4.903780e-05   0.000000e+00   0.000000e+00   0.000000e+00   5.523511e-05
-3.321557e-05   9.315230e-04   0.000000e+00  -4.201872e-05   2.915422e-04   0.000000e+00   0.000000e+00   0.000000e+00   3.090610e-04
 0.000000e+00   0.000000e+00   1.290299e-03   0.000000e+00   0.000000e+00   1.033167e-03  -5.214782e-03  -2.988249e-03   0.000000e+00
 4.360099e-04  -4.201872e-05   0.000000e+00   7.410388e-04  -8.706304e-05   0.000000e+00   0.000000e+00   0.000000e+00   1.051254e-03
-4.903780e-05   2.915422e-04   0.000000e+00  -8.706304e-05   4.777391e-04   0.000000e+00   0.000000e+00   0.000000e+00  -5.014519e-04
 0.000000e+00   0.000000e+00   1.033167e-03   0.000000e+00   0.000000e+00   2.103061e-03  -1.367161e-02  -5.967571e-03   0.000000e+00
 0.000000e+00   0.000000e+00  -5.214782e-03   0.000000e+00   0.000000e+00  -1.367161e-02   1.950557e-01   7.409455e-02   0.000000e+00
 0.000000e+00   0.000000e+00  -2.988249e-03   0.000000e+00   0.000000e+00  -5.967571e-03   7.409455e-02   8.184541e-02   0.000000e+00
 5.523511e-05   3.090610e-04   0.000000e+00   1.051254e-03  -5.014519e-04   0.000000e+00   0.000000e+00   0.000000e+00   4.500052e-02

# timestamp: 1774889750.7293334
 9.743294e-04  -2.978456e-05   0.000000e+00   4.060908e-04  -4.610426e-05   0.000000e+00   0.000000e+00   0.000000e+00   2.293976e-04
-2.978456e-05   9.035994e-04   0.000000e+00  -4.999988e-05   2.876783e-04   0.000000e+00   0.000000e+00   0.000000e+00  -3.833633e-04
 0.000000e+00   0.000000e+00   1.190003e-03   0.000000e+00   0.000000e+00   8.680808e-04  -4.482041e-03  -1.366811e-03   0.000000e+00
 4.060908e-04  -4.999988e-05   0.000000e+00   6.859416e-04  -8.587164e-05   0.000000e+00   0.000000e+00   0.000000e+00   8.938302e-04
-4.610426e-05   2.876783e-04   0.000000e+00  -8.587164e-05   4.776711e-04   0.000000e+00   0.000000e+00   0.000000e+00  -8.411633e-04
 0.000000e+00   0.000000e+00   8.680808e-04   0.000000e+00   0.000000e+00   1.716110e-03  -1.147287e-02  -3.503630e-03   0.000000e+00
 0.000000e+00   0.000000e+00  -4.482041e-03   0.000000e+00   0.000000e+00  -1.147287e-02   2.002517e-01   6.322300e-02   0.000000e+00
 0.000000e+00   0.000000e+00  -1.366811e-03   0.000000e+00   0.000000e+00  -3.503630e-03   6.322300e-02   6.919028e-02   0.000000e+00
 2.293976e-04  -3.833633e-04   0.000000e+00   8.938302e-04  -8.411633e-04   0.000000e+00   0.000000e+00   0.000000e+00   4.345831e-02

# timestamp: 1774889750.747502
 9.934569e-04  -3.080440e-05   0.000000e+00   4.133873e-04  -4.713817e-05   0.000000e+00   0.000000e+00   0.000000e+00   2.387945e-04
-3.080440e-05   9.202142e-04   0.000000e+00  -5.102442e-05   2.929265e-04   0.000000e+00   0.000000e+00   0.000000e+00  -3.922065e-04
 0.000000e+00   0.000000e+00   1.218959e-03   0.000000e+00   0.000000e+00   8.867914e-04  -4.602656e-03  -1.403645e-03   0.000000e+00
 4.133873e-04  -5.102442e-05   0.000000e+00   6.875522e-04  -8.663123e-05   0.000000e+00   0.000000e+00   0.000000e+00   9.076480e-04
-4.713817e-05   2.929265e-04   0.000000e+00  -8.663123e-05   4.796597e-04   0.000000e+00   0.000000e+00   0.000000e+00  -8.656068e-04
 0.000000e+00   0.000000e+00   8.867914e-04   0.000000e+00   0.000000e+00   1.720456e-03  -1.150064e-02  -3.484682e-03   0.000000e+00
 0.000000e+00   0.000000e+00  -4.602656e-03   0.000000e+00   0.000000e+00  -1.150064e-02   2.013030e-01   6.322300e-02   0.000000e+00
 0.000000e+00   0.000000e+00  -1.403645e-03   0.000000e+00   0.000000e+00  -3.484682e-03   6.322300e-02   7.024158e-02   0.000000e+00
 2.387945e-04  -3.922065e-04   0.000000e+00   9.076480e-04  -8.656068e-04   0.000000e+00   0.000000e+00   0.000000e+00   4.450961e-02

# timestamp: 1774889750.7994413
 9.171422e-04  -2.572508e-05   0.000000e+00   3.768587e-04  -4.163200e-05   0.000000e+00   0.000000e+00   0.000000e+00   1.963594e-04
-2.572508e-05   8.560443e-04   0.000000e+00  -4.492930e-05   2.714561e-04   0.000000e+00   0.000000e+00   0.000000e+00  -3.682024e-04
 0.000000e+00   0.000000e+00   1.103151e-03   0.000000e+00   0.000000e+00   7.842692e-04  -4.105460e-03  -1.132401e-03   0.000000e+00
 3.768587e-04  -4.492930e-05   0.000000e+00   6.605152e-04  -8.097404e-05   0.000000e+00   0.000000e+00   0.000000e+00   7.689698e-04
-4.163200e-05   2.714561e-04   0.000000e+00  -8.097404e-05   4.715999e-04   0.000000e+00   0.000000e+00   0.000000e+00  -8.187944e-04
 0.000000e+00   0.000000e+00   7.842692e-04   0.000000e+00   0.000000e+00   1.590003e-03  -1.076957e-02  -3.007355e-03   0.000000e+00
 0.000000e+00   0.000000e+00  -4.105460e-03   0.000000e+00   0.000000e+00  -1.076957e-02   2.023613e-01   6.042540e-02   0.000000e+00
 0.000000e+00   0.000000e+00  -1.132401e-03   0.000000e+00   0.000000e+00  -3.007355e-03   6.042540e-02   6.328760e-02   0.000000e+00
 1.963594e-04  -3.682024e-04   0.000000e+00   7.689698e-04  -8.187944e-04   0.000000e+00   0.000000e+00   0.000000e+00   4.050445e-02

# timestamp: 1774889750.8216572
 9.580394e-04  -2.777299e-05   0.000000e+00   3.922984e-04  -4.376042e-05   0.000000e+00   0.000000e+00   0.000000e+00   2.143205e-04
-2.777299e-05   8.919720e-04   0.000000e+00  -4.704329e-05   2.828592e-04   0.000000e+00   0.000000e+00   0.000000e+00  -3.874890e-04
 0.000000e+00   0.000000e+00   1.163398e-03   0.000000e+00   0.000000e+00   8.223130e-04  -4.354807e-03  -1.201637e-03   0.000000e+00
 3.922984e-04  -4.704329e-05   0.000000e+00   6.637770e-04  -8.240896e-05   0.000000e+00   0.000000e+00   0.000000e+00   7.945472e-04
-4.376042e-05   2.828592e-04   0.000000e+00  -8.240896e-05   4.759022e-04   0.000000e+00   0.000000e+00   0.000000e+00  -8.684586e-04
 0.000000e+00   0.000000e+00   8.223130e-04   0.000000e+00   0.000000e+00   1.598385e-03  -1.082221e-02  -2.967528e-03   0.000000e+00
 0.000000e+00   0.000000e+00  -4.354807e-03   0.000000e+00   0.000000e+00  -1.082221e-02   2.046730e-01   6.042540e-02   0.000000e+00
 0.000000e+00   0.000000e+00  -1.201637e-03   0.000000e+00   0.000000e+00  -2.967528e-03   6.042540e-02   6.559935e-02   0.000000e+00
 2.143205e-04  -3.874890e-04   0.000000e+00   7.945472e-04  -8.684586e-04   0.000000e+00   0.000000e+00   0.000000e+00   4.281620e-02

# timestamp: 1774889751.0366821
 9.651401e-04  -2.649595e-05   0.000000e+00   3.802842e-04  -4.173260e-05   0.000000e+00   0.000000e+00   0.000000e+00   2.210846e-04
-2.649595e-05   9.046666e-04   0.000000e+00  -4.411983e-05   2.853605e-04   0.000000e+00   0.000000e+00   0.000000e+00  -4.526531e-04
 0.000000e+00   0.000000e+00   1.167333e-03   0.000000e+00   0.000000e+00   7.697708e-04  -4.346561e-03  -9.514283e-04   0.000000e+00
 3.802842e-04  -4.411983e-05   0.000000e+00   6.264759e-04  -7.664840e-05   0.000000e+00   0.000000e+00   0.000000e+00   6.557417e-04
-4.173260e-05   2.853605e-04   0.000000e+00  -7.664840e-05   4.768569e-04   0.000000e+00   0.000000e+00   0.000000e+00  -9.434470e-04
 0.000000e+00   0.000000e+00   7.697708e-04   0.000000e+00   0.000000e+00   1.400286e-03  -9.692149e-03  -2.124458e-03   0.000000e+00
 0.000000e+00   0.000000e+00  -4.346561e-03   0.000000e+00   0.000000e+00  -9.692149e-03   2.170236e-01   5.742291e-02   0.000000e+00
 0.000000e+00   0.000000e+00  -9.514283e-04   0.000000e+00   0.000000e+00  -2.124458e-03   5.742291e-02   6.292116e-02   0.000000e+00
 2.210846e-04  -4.526531e-04   0.000000e+00   6.557417e-04  -9.434470e-04   0.000000e+00   0.000000e+00   0.000000e+00   4.374912e-02

# timestamp: 1774889751.0704992
 9.425517e-04  -2.286548e-05   0.000000e+00   3.660185e-04  -3.570690e-05   0.000000e+00   0.000000e+00   0.000000e+00   6.753286e-06
-2.286548e-05   8.830982e-04   0.000000e+00  -3.383525e-05   2.668461e-04   0.000000e+00   0.000000e+00   0.000000e+00   1.747430e-04
 0.000000e+00   0.000000e+00   1.138748e-03   0.000000e+00   0.000000e+00   7.326808e-04  -4.154929e-03  -1.739827e-03   0.000000e+00
 3.660185e-04  -3.383525e-05   0.000000e+00   6.135592e-04  -6.997085e-05   0.000000e+00   0.000000e+00   0.000000e+00   5.162464e-04
-3.570690e-05   2.668461e-04   0.000000e+00  -6.997085e-05   4.666016e-04   0.000000e+00   0.000000e+00   0.000000e+00  -7.170698e-04
 0.000000e+00   0.000000e+00   7.326808e-04   0.000000e+00   0.000000e+00   1.345106e-03  -9.368248e-03  -2.561677e-03   0.000000e+00
 0.000000e+00   0.000000e+00  -4.154929e-03   0.000000e+00   0.000000e+00  -9.368248e-03   2.185358e-01   6.049365e-02   0.000000e+00
 0.000000e+00   0.000000e+00  -1.739827e-03   0.000000e+00   0.000000e+00  -2.561677e-03   6.049365e-02   6.334664e-02   0.000000e+00
 6.753286e-06   1.747430e-04   0.000000e+00   5.162464e-04  -7.170698e-04   0.000000e+00   0.000000e+00   0.000000e+00   4.233276e-02

# timestamp: 1774889751.118011
 1.010381e-03  -2.565558e-05   0.000000e+00   3.898690e-04  -3.846521e-05   0.000000e+00   0.000000e+00   0.000000e+00   2.705225e-05
-2.565558e-05   9.430417e-04   0.000000e+00  -3.640303e-05   2.847312e-04   0.000000e+00   0.000000e+00   0.000000e+00   1.463730e-04
 0.000000e+00   0.000000e+00   1.236014e-03   0.000000e+00   0.000000e+00   7.858347e-04  -4.517679e-03  -1.838282e-03   0.000000e+00
 3.898690e-04  -3.640303e-05   0.000000e+00   6.184732e-04  -7.169891e-05   0.000000e+00   0.000000e+00   0.000000e+00   5.605553e-04
-3.846521e-05   2.847312e-04   0.000000e+00  -7.169891e-05   4.732478e-04   0.000000e+00   0.000000e+00   0.000000e+00  -8.003385e-04
 0.000000e+00   0.000000e+00   7.858347e-04   0.000000e+00   0.000000e+00   1.358079e-03  -9.473592e-03  -2.498913e-03   0.000000e+00
 0.000000e+00   0.000000e+00  -4.517679e-03   0.000000e+00   0.000000e+00  -9.473592e-03   2.223989e-01   6.049365e-02   0.000000e+00
 0.000000e+00   0.000000e+00  -1.838282e-03   0.000000e+00   0.000000e+00  -2.498913e-03   6.049365e-02   6.720969e-02   0.000000e+00
 2.705225e-05   1.463730e-04   0.000000e+00   5.605553e-04  -8.003385e-04   0.000000e+00   0.000000e+00   0.000000e+00   4.619581e-02

# timestamp: 1774889751.406507
 8.956494e-04  -2.090997e-05   0.000000e+00   3.310080e-04  -3.407930e-05   0.000000e+00   0.000000e+00   0.000000e+00   1.806959e-04
-2.090997e-05   8.541762e-04   0.000000e+00  -3.625277e-05   2.653287e-04   0.000000e+00   0.000000e+00   0.000000e+00  -4.696503e-04
 0.000000e+00   0.000000e+00   1.052972e-03   0.000000e+00   0.000000e+00   6.264818e-04  -3.813969e-03  -6.454760e-04   0.000000e+00
 3.310080e-04  -3.625277e-05   0.000000e+00   5.632406e-04  -6.351918e-05   0.000000e+00   0.000000e+00   0.000000e+00   5.033042e-04
-3.407930e-05   2.653287e-04   0.000000e+00  -6.351918e-05   4.621341e-04   0.000000e+00   0.000000e+00   0.000000e+00  -7.785242e-04
 0.000000e+00   0.000000e+00   6.264818e-04   0.000000e+00   0.000000e+00   1.136551e-03  -8.366418e-03  -1.635134e-03   0.000000e+00
 0.000000e+00   0.000000e+00  -3.813969e-03   0.000000e+00   0.000000e+00  -8.366418e-03   2.363378e-01   5.954187e-02   0.000000e+00
 0.000000e+00   0.000000e+00  -6.454760e-04   0.000000e+00   0.000000e+00  -1.635134e-03   5.954187e-02   5.902002e-02   0.000000e+00
 1.806959e-04  -4.696503e-04   0.000000e+00   5.033042e-04  -7.785242e-04   0.000000e+00   0.000000e+00   0.000000e+00   4.080061e-02

# timestamp: 1774889751.4478674
 9.714639e-04  -2.421117e-05   0.000000e+00   3.566451e-04  -3.721503e-05   0.000000e+00   0.000000e+00   0.000000e+00   2.040413e-04
-2.421117e-05   9.239015e-04   0.000000e+00  -3.961626e-05   2.868977e-04   0.000000e+00   0.000000e+00   0.000000e+00  -5.056071e-04
 0.000000e+00   0.000000e+00   1.156596e-03   0.000000e+00   0.000000e+00   6.809571e-04  -4.192554e-03  -7.185566e-04   0.000000e+00
 3.566451e-04  -3.961626e-05   0.000000e+00   5.687670e-04  -6.500527e-05   0.000000e+00   0.000000e+00   0.000000e+00   5.462339e-04
-3.721503e-05   2.868977e-04   0.000000e+00  -6.500527e-05   4.687521e-04   0.000000e+00   0.000000e+00   0.000000e+00  -8.358966e-04
 0.000000e+00   0.000000e+00   6.809571e-04   0.000000e+00   0.000000e+00   1.153412e-03  -8.523649e-03  -1.612450e-03   0.000000e+00
 0.000000e+00   0.000000e+00  -4.192554e-03   0.000000e+00   0.000000e+00  -8.523649e-03   2.408303e-01   5.954187e-02   0.000000e+00
 0.000000e+00   0.000000e+00  -7.185566e-04   0.000000e+00   0.000000e+00  -1.612450e-03   5.954187e-02   6.351254e-02   0.000000e+00
 2.040413e-04  -5.056071e-04   0.000000e+00   5.462339e-04  -8.358966e-04   0.000000e+00   0.000000e+00   0.000000e+00   4.529313e-02

# timestamp: 1774889751.5014799
 9.682222e-04  -2.130348e-05   0.000000e+00   3.508941e-04  -3.349918e-05   0.000000e+00   0.000000e+00   0.000000e+00   5.326298e-05
-2.130348e-05   9.180578e-04   0.000000e+00  -3.129341e-05   2.746501e-04   0.000000e+00   0.000000e+00   0.000000e+00   1.402812e-04
 0.000000e+00   0.000000e+00   1.161194e-03   0.000000e+00   0.000000e+00   6.731897e-04  -4.406452e-03  -1.579436e-03   0.000000e+00
 3.508941e-04  -3.129341e-05   0.000000e+00   5.604532e-04  -5.997489e-05   0.000000e+00   0.000000e+00   0.000000e+00   4.512532e-04
-3.349918e-05   2.746501e-04   0.000000e+00  -5.997489e-05   4.607729e-04   0.000000e+00   0.000000e+00   0.000000e+00  -6.216182e-04
 0.000000e+00   0.000000e+00   6.731897e-04   0.000000e+00   0.000000e+00   1.128153e-03  -8.520557e-03  -2.008796e-03   0.000000e+00
 0.000000e+00   0.000000e+00  -4.406452e-03   0.000000e+00   0.000000e+00  -8.520557e-03   2.455679e-01   6.102341e-02   0.000000e+00
 0.000000e+00   0.000000e+00  -1.579436e-03   0.000000e+00   0.000000e+00  -2.008796e-03   6.102341e-02   6.367594e-02   0.000000e+00
 5.326298e-05   1.402812e-04   0.000000e+00   4.512532e-04  -6.216182e-04   0.000000e+00   0.000000e+00   0.000000e+00   4.491698e-02

# timestamp: 1774889751.8405995
 9.388793e-04  -1.951605e-05   0.000000e+00   3.239677e-04  -2.997953e-05   0.000000e+00   0.000000e+00   0.000000e+00   1.025028e-04
-1.951605e-05   9.055948e-04   0.000000e+00  -3.187528e-05   2.765780e-04   0.000000e+00   0.000000e+00   0.000000e+00  -4.431395e-04
 0.000000e+00   0.000000e+00   1.080307e-03   0.000000e+00   0.000000e+00   5.636766e-04  -3.407219e-03  -9.026156e-05   0.000000e+00
 3.239677e-04  -3.187528e-05   0.000000e+00   5.205709e-04  -5.138298e-05   0.000000e+00   0.000000e+00   0.000000e+00   3.267788e-04
-2.997953e-05   2.765780e-04   0.000000e+00  -5.138298e-05   4.563421e-04   0.000000e+00   0.000000e+00   0.000000e+00  -7.215895e-04
 0.000000e+00   0.000000e+00   5.636766e-04   0.000000e+00   0.000000e+00   9.403585e-04  -6.913568e-03  -3.292596e-04   0.000000e+00
 0.000000e+00   0.000000e+00  -3.407219e-03   0.000000e+00   0.000000e+00  -6.913568e-03   2.518062e-01   3.075097e-02   0.000000e+00
 0.000000e+00   0.000000e+00  -9.026156e-05   0.000000e+00   0.000000e+00  -3.292596e-04   3.075097e-02   4.918278e-02   0.000000e+00
 1.025028e-04  -4.431395e-04   0.000000e+00   3.267788e-04  -7.215895e-04   0.000000e+00   0.000000e+00   0.000000e+00   4.429910e-02

# timestamp: 1774889752.1442573
 9.196459e-04  -1.690591e-05   0.000000e+00   3.047567e-04  -2.577124e-05   0.000000e+00   0.000000e+00   0.000000e+00   6.700110e-05
-1.690591e-05   8.942336e-04   0.000000e+00  -2.696540e-05   2.699598e-04   0.000000e+00   0.000000e+00   0.000000e+00  -3.760864e-04
 0.000000e+00   0.000000e+00   1.037453e-03   0.000000e+00   0.000000e+00   4.986444e-04  -3.100399e-03  -6.337735e-05   0.000000e+00
 3.047567e-04  -2.696540e-05   0.000000e+00   4.929849e-04  -4.289426e-05   0.000000e+00   0.000000e+00   0.000000e+00   2.129139e-04
-2.577124e-05   2.699598e-04   0.000000e+00  -4.289426e-05   4.490792e-04   0.000000e+00   0.000000e+00   0.000000e+00  -6.674506e-04
 0.000000e+00   0.000000e+00   4.986444e-04   0.000000e+00   0.000000e+00   8.215861e-04  -6.016626e-03  -1.670258e-04   0.000000e+00
 0.000000e+00   0.000000e+00  -3.100399e-03   0.000000e+00   0.000000e+00  -6.016626e-03   2.732971e-01   3.167821e-02   0.000000e+00
 0.000000e+00   0.000000e+00  -6.337735e-05   0.000000e+00   0.000000e+00  -1.670258e-04   3.167821e-02   4.824481e-02   0.000000e+00
 6.700110e-05  -3.760864e-04   0.000000e+00   2.129139e-04  -6.674506e-04   0.000000e+00   0.000000e+00   0.000000e+00   4.378572e-02

# timestamp: 1774889752.186754
 8.335269e-04  -1.362432e-05   0.000000e+00   2.745687e-04  -2.239523e-05   0.000000e+00   0.000000e+00   0.000000e+00   5.045642e-05
-1.362432e-05   8.127728e-04   0.000000e+00  -2.325119e-05   2.443103e-04   0.000000e+00   0.000000e+00   0.000000e+00  -2.725813e-04
 0.000000e+00   0.000000e+00   9.268808e-04   0.000000e+00   0.000000e+00   4.395420e-04  -2.758697e-03  -1.288621e-04   0.000000e+00
 2.745687e-04  -2.325119e-05   0.000000e+00   4.800186e-04  -3.986074e-05   0.000000e+00   0.000000e+00   0.000000e+00   1.699920e-04
-2.239523e-05   2.443103e-04   0.000000e+00  -3.986074e-05   4.395390e-04   0.000000e+00   0.000000e+00   0.000000e+00  -5.670545e-04
 0.000000e+00   0.000000e+00   4.395420e-04   0.000000e+00   0.000000e+00   7.798586e-04  -5.700346e-03  -2.458487e-04   0.000000e+00
 0.000000e+00   0.000000e+00  -2.758697e-03   0.000000e+00   0.000000e+00  -5.700346e-03   2.756391e-01   3.349794e-02   0.000000e+00
 0.000000e+00   0.000000e+00  -1.288621e-04   0.000000e+00   0.000000e+00  -2.458487e-04   3.349794e-02   4.336285e-02   0.000000e+00
 5.045642e-05  -2.725813e-04   0.000000e+00   1.699920e-04  -5.670545e-04   0.000000e+00   0.000000e+00   0.000000e+00   3.857217e-02

# timestamp: 1774889752.5795655
 8.759485e-04  -1.319896e-05   0.000000e+00   2.761040e-04  -1.845965e-05   0.000000e+00   0.000000e+00   0.000000e+00  -6.918153e-05
-1.319896e-05   8.611213e-04   0.000000e+00  -1.959417e-05   2.484147e-04   0.000000e+00   0.000000e+00   0.000000e+00   3.433753e-04
 0.000000e+00   0.000000e+00   9.594510e-04   0.000000e+00   0.000000e+00   3.961357e-04  -2.308639e-03  -6.931661e-04   0.000000e+00
 2.761040e-04  -1.959417e-05   0.000000e+00   4.597335e-04  -3.029044e-05   0.000000e+00   0.000000e+00   0.000000e+00  -8.707386e-06
-1.845965e-05   2.484147e-04   0.000000e+00  -3.029044e-05   4.342198e-04   0.000000e+00   0.000000e+00   0.000000e+00  -4.356505e-04
 0.000000e+00   0.000000e+00   3.961357e-04   0.000000e+00   0.000000e+00   6.576275e-04  -3.929091e-03  -1.310638e-04   0.000000e+00
 0.000000e+00   0.000000e+00  -2.308639e-03   0.000000e+00   0.000000e+00  -3.929091e-03   3.039617e-01   3.127339e-02   0.000000e+00
 0.000000e+00   0.000000e+00  -6.931661e-04   0.000000e+00   0.000000e+00  -1.310638e-04   3.127339e-02   4.560213e-02   0.000000e+00
-6.918153e-05   3.433753e-04   0.000000e+00  -8.707386e-06  -4.356505e-04   0.000000e+00   0.000000e+00   0.000000e+00   4.177738e-02

# timestamp: 1774889752.8400552
 9.138387e-04  -1.209888e-05   0.000000e+00   2.798402e-04  -1.695173e-05   0.000000e+00   0.000000e+00   0.000000e+00  -4.921488e-06
-1.209888e-05   9.031224e-04   0.000000e+00  -1.682232e-05   2.672417e-04   0.000000e+00   0.000000e+00   0.000000e+00  -3.878608e-04
 0.000000e+00   0.000000e+00   9.854259e-04   0.000000e+00   0.000000e+00   3.802811e-04  -1.830896e-03   1.601238e-04   0.000000e+00
 2.798402e-04  -1.682232e-05   0.000000e+00   4.492624e-04  -2.396267e-05   0.000000e+00   0.000000e+00   0.000000e+00  -7.921428e-05
-1.695173e-05   2.672417e-04   0.000000e+00  -2.396267e-05   4.401867e-04   0.000000e+00   0.000000e+00   0.000000e+00  -6.838531e-04
 0.000000e+00   0.000000e+00   3.802811e-04   0.000000e+00   0.000000e+00   5.963198e-04  -2.131565e-03   4.109878e-04   0.000000e+00
 0.000000e+00   0.000000e+00  -1.830896e-03   0.000000e+00   0.000000e+00  -2.131565e-03   3.258759e-01   3.577106e-02   0.000000e+00
 0.000000e+00   0.000000e+00   1.601238e-04   0.000000e+00   0.000000e+00   4.109878e-04   3.577106e-02   4.902191e-02   0.000000e+00
-4.921488e-06  -3.878608e-04   0.000000e+00  -7.921428e-05  -6.838531e-04   0.000000e+00   0.000000e+00   0.000000e+00   4.444574e-02

# timestamp: 1774889752.8978946
 8.482657e-04  -9.886158e-06   0.000000e+00   2.584170e-04  -1.447604e-05   0.000000e+00   0.000000e+00   0.000000e+00  -3.303386e-05
-9.886158e-06   8.395428e-04   0.000000e+00  -1.458643e-05   2.476736e-04   0.000000e+00   0.000000e+00   0.000000e+00  -3.251120e-04
 0.000000e+00   0.000000e+00   9.043345e-04   0.000000e+00   0.000000e+00   3.418756e-04  -1.308847e-03   1.506802e-04   0.000000e+00
 2.584170e-04  -1.458643e-05   0.000000e+00   4.406885e-04  -2.172447e-05   0.000000e+00   0.000000e+00   0.000000e+00  -1.040424e-04
-1.447604e-05   2.476736e-04   0.000000e+00  -2.172447e-05   4.330688e-04   0.000000e+00   0.000000e+00   0.000000e+00  -6.094789e-04
 0.000000e+00   0.000000e+00   3.418756e-04   0.000000e+00   0.000000e+00   5.709121e-04  -1.490780e-03   4.038191e-04   0.000000e+00
 0.000000e+00   0.000000e+00  -1.308847e-03   0.000000e+00   0.000000e+00  -1.490780e-03   3.288636e-01   3.846131e-02   0.000000e+00
 0.000000e+00   0.000000e+00   1.506802e-04   0.000000e+00   0.000000e+00   4.038191e-04   3.846131e-02   4.550185e-02   0.000000e+00
-3.303386e-05  -3.251120e-04   0.000000e+00  -1.040424e-04  -6.094789e-04   0.000000e+00   0.000000e+00   0.000000e+00   4.034952e-02

# timestamp: 1774889752.9371595
 9.110425e-04  -1.110687e-05   0.000000e+00   2.765744e-04  -1.530967e-05   0.000000e+00   0.000000e+00   0.000000e+00  -3.771170e-05
-1.110687e-05   9.014407e-04   0.000000e+00  -1.523303e-05   2.659576e-04   0.000000e+00   0.000000e+00   0.000000e+00  -3.508375e-04
 0.000000e+00   0.000000e+00   9.741339e-04   0.000000e+00   0.000000e+00   3.646086e-04  -1.365769e-03   1.684784e-04   0.000000e+00
 2.765744e-04  -1.523303e-05   0.000000e+00   4.449404e-04  -2.113574e-05   0.000000e+00   0.000000e+00   0.000000e+00  -1.334284e-04
-1.530967e-05   2.659576e-04   0.000000e+00  -2.113574e-05   4.388051e-04   0.000000e+00   0.000000e+00   0.000000e+00  -6.650270e-04
 0.000000e+00   0.000000e+00   3.646086e-04   0.000000e+00   0.000000e+00   5.743091e-04  -1.214378e-03   4.923289e-04   0.000000e+00
 0.000000e+00   0.000000e+00  -1.365769e-03   0.000000e+00   0.000000e+00  -1.214378e-03   3.329534e-01   3.846131e-02   0.000000e+00
 0.000000e+00   0.000000e+00   1.684784e-04   0.000000e+00   0.000000e+00   4.923289e-04   3.846131e-02   4.959166e-02   0.000000e+00
-3.771170e-05  -3.508375e-04   0.000000e+00  -1.334284e-04  -6.650270e-04   0.000000e+00   0.000000e+00   0.000000e+00   4.443933e-02

# timestamp: 1774889753.1991937
 8.428162e-04  -7.704578e-06   0.000000e+00   2.508214e-04  -1.062129e-05   0.000000e+00   0.000000e+00   0.000000e+00  -7.413589e-05
-7.704578e-06   8.380766e-04   0.000000e+00  -1.030863e-05   2.455738e-04   0.000000e+00   0.000000e+00   0.000000e+00  -3.311759e-04
 0.000000e+00   0.000000e+00   8.862371e-04   0.000000e+00   0.000000e+00   3.145849e-04  -2.693753e-04   2.980422e-04   0.000000e+00
 2.508214e-04  -1.030863e-05   0.000000e+00   4.302744e-04  -1.375041e-05   0.000000e+00   0.000000e+00   0.000000e+00  -2.363936e-04
-1.062129e-05   2.455738e-04   0.000000e+00  -1.375041e-05   4.297311e-04   0.000000e+00   0.000000e+00   0.000000e+00  -5.892580e-04
 0.000000e+00   0.000000e+00   3.145849e-04   0.000000e+00   0.000000e+00   5.365002e-04   1.238755e-03   6.900604e-04   0.000000e+00
 0.000000e+00   0.000000e+00  -2.693753e-04   0.000000e+00   0.000000e+00   1.238755e-03   3.521591e-01   3.062727e-02   0.000000e+00
 0.000000e+00   0.000000e+00   2.980422e-04   0.000000e+00   0.000000e+00   6.900604e-04   3.062727e-02   4.345974e-02   0.000000e+00
-7.413589e-05  -3.311759e-04   0.000000e+00  -2.363936e-04  -5.892580e-04   0.000000e+00   0.000000e+00   0.000000e+00   4.037333e-02

# timestamp: 1774889753.23345
 8.771820e-04  -8.185910e-06   0.000000e+00   2.606790e-04  -1.088318e-05   0.000000e+00   0.000000e+00   0.000000e+00  -7.966494e-05
-8.185910e-06   8.722061e-04   0.000000e+00  -1.045039e-05   2.555917e-04   0.000000e+00   0.000000e+00   0.000000e+00  -3.447645e-04
 0.000000e+00   0.000000e+00   9.235578e-04   0.000000e+00   0.000000e+00   3.268987e-04  -2.397537e-04   3.140510e-04   0.000000e+00
 2.606790e-04  -1.045039e-05   0.000000e+00   4.327910e-04  -1.330367e-05   0.000000e+00   0.000000e+00   0.000000e+00  -2.570238e-04
-1.088318e-05   2.555917e-04   0.000000e+00  -1.330367e-05   4.327384e-04   0.000000e+00   0.000000e+00   0.000000e+00  -6.147884e-04
 0.000000e+00   0.000000e+00   3.268987e-04   0.000000e+00   0.000000e+00   5.409557e-04   1.431599e-03   7.325552e-04   0.000000e+00
 0.000000e+00   0.000000e+00  -2.397537e-04   0.000000e+00   0.000000e+00   1.431599e-03   3.544327e-01   3.062727e-02   0.000000e+00
 0.000000e+00   0.000000e+00   3.140510e-04   0.000000e+00   0.000000e+00   7.325552e-04   3.062727e-02   4.573340e-02   0.000000e+00
-7.966494e-05  -3.447645e-04   0.000000e+00  -2.570238e-04  -6.147884e-04   0.000000e+00   0.000000e+00   0.000000e+00   4.264698e-02

# timestamp: 1774889753.283378
 7.963400e-04  -6.615363e-06   0.000000e+00   2.359346e-04  -9.454324e-06   0.000000e+00   0.000000e+00   0.000000e+00  -6.203893e-05
-6.615363e-06   7.920771e-04   0.000000e+00  -9.085584e-06   2.313332e-04   0.000000e+00   0.000000e+00   0.000000e+00  -2.510337e-04
 0.000000e+00   0.000000e+00   8.329854e-04   0.000000e+00   0.000000e+00   2.924951e-04  -1.975247e-04   2.293895e-04   0.000000e+00
 2.359346e-04  -9.085584e-06   0.000000e+00   4.243758e-04  -1.228637e-05   0.000000e+00   0.000000e+00   0.000000e+00  -2.345957e-04
-9.454324e-06   2.313332e-04   0.000000e+00  -1.228637e-05   4.241963e-04   0.000000e+00   0.000000e+00   0.000000e+00  -5.175059e-04
 0.000000e+00   0.000000e+00   2.924951e-04   0.000000e+00   0.000000e+00   5.267021e-04   1.628735e-03   6.079406e-04   0.000000e+00
 0.000000e+00   0.000000e+00  -1.975247e-04   0.000000e+00   0.000000e+00   1.628735e-03   3.499702e-01   2.098286e-02   0.000000e+00
 0.000000e+00   0.000000e+00   2.293895e-04   0.000000e+00   0.000000e+00   6.079406e-04   2.098286e-02   3.913773e-02   0.000000e+00
-6.203893e-05  -2.510337e-04   0.000000e+00  -2.345957e-04  -5.175059e-04   0.000000e+00   0.000000e+00   0.000000e+00   3.756806e-02

# timestamp: 1774889753.5111892
 8.595162e-04  -6.144442e-06   0.000000e+00   2.514016e-04  -7.918030e-06   0.000000e+00   0.000000e+00   0.000000e+00  -8.584538e-05
-6.144442e-06   8.567749e-04   0.000000e+00  -7.232749e-06   2.492745e-04   0.000000e+00   0.000000e+00   0.000000e+00  -2.710656e-04
 0.000000e+00   0.000000e+00   8.974113e-04   0.000000e+00   0.000000e+00   3.094739e-04   3.363582e-04   2.684795e-04   0.000000e+00
 2.514016e-04  -7.232749e-06   0.000000e+00   4.246568e-04  -7.753056e-06   0.000000e+00   0.000000e+00   0.000000e+00  -3.064996e-04
-7.918030e-06   2.492745e-04   0.000000e+00  -7.753056e-06   4.272096e-04   0.000000e+00   0.000000e+00   0.000000e+00  -5.394155e-04
 0.000000e+00   0.000000e+00   3.094739e-04   0.000000e+00   0.000000e+00   5.364764e-04   3.081180e-03   5.524276e-04   0.000000e+00
 0.000000e+00   0.000000e+00   3.363582e-04   0.000000e+00   0.000000e+00   3.081180e-03   3.543510e-01   1.217040e-03   0.000000e+00
 0.000000e+00   0.000000e+00   2.684795e-04   0.000000e+00   0.000000e+00   5.524276e-04   1.217040e-03   4.243025e-02   0.000000e+00
-8.584538e-05  -2.710656e-04   0.000000e+00  -3.064996e-04  -5.394155e-04   0.000000e+00   0.000000e+00   0.000000e+00   4.217351e-02

# timestamp: 1774889753.5353084
 9.069639e-04  -6.623038e-06   0.000000e+00   2.648183e-04  -8.078531e-06   0.000000e+00   0.000000e+00   0.000000e+00  -9.577299e-05
-6.623038e-06   9.040959e-04   0.000000e+00  -7.281035e-06   2.629450e-04   0.000000e+00   0.000000e+00   0.000000e+00  -2.883581e-04
 0.000000e+00   0.000000e+00   9.486138e-04   0.000000e+00   0.000000e+00   3.268751e-04   4.355361e-04   2.861910e-04   0.000000e+00
 2.648183e-04  -7.281035e-06   0.000000e+00   4.282124e-04  -7.121817e-06   0.000000e+00   0.000000e+00   0.000000e+00  -3.358051e-04
-8.078531e-06   2.629450e-04   0.000000e+00  -7.121817e-06   4.312462e-04   0.000000e+00   0.000000e+00   0.000000e+00  -5.753491e-04
 0.000000e+00   0.000000e+00   3.268751e-04   0.000000e+00   0.000000e+00   5.447838e-04   3.318732e-03   5.893782e-04   0.000000e+00
 0.000000e+00   0.000000e+00   4.355361e-04   0.000000e+00   0.000000e+00   3.318732e-03   3.574804e-01   1.217040e-03   0.000000e+00
 0.000000e+00   0.000000e+00   2.861910e-04   0.000000e+00   0.000000e+00   5.893782e-04   1.217040e-03   4.555966e-02   0.000000e+00
-9.577299e-05  -2.883581e-04   0.000000e+00  -3.358051e-04  -5.753491e-04   0.000000e+00   0.000000e+00   0.000000e+00   4.530292e-02

# timestamp: 1774889753.587773
 8.917133e-04  -7.029991e-06   0.000000e+00   2.592720e-04  -8.396522e-06   0.000000e+00   0.000000e+00   0.000000e+00  -3.614194e-05
-7.029991e-06   8.904219e-04   0.000000e+00  -1.144259e-05   2.516114e-04   0.000000e+00   0.000000e+00   0.000000e+00   3.424274e-04
 0.000000e+00   0.000000e+00   9.323037e-04   0.000000e+00   0.000000e+00   3.088611e-04   3.279685e-05  -3.787739e-04   0.000000e+00
 2.592720e-04  -1.144259e-05   0.000000e+00   4.258075e-04  -7.761475e-06   0.000000e+00   0.000000e+00   0.000000e+00  -3.246135e-04
-8.396522e-06   2.516114e-04   0.000000e+00  -7.761475e-06   4.255004e-04   0.000000e+00   0.000000e+00   0.000000e+00  -3.859403e-04
 0.000000e+00   0.000000e+00   3.088611e-04   0.000000e+00   0.000000e+00   5.367173e-04   3.395401e-03   3.183752e-04   0.000000e+00
 0.000000e+00   0.000000e+00   3.279685e-05   0.000000e+00   0.000000e+00   3.395401e-03   3.583704e-01  -3.074715e-03   0.000000e+00
 0.000000e+00   0.000000e+00  -3.787739e-04   0.000000e+00   0.000000e+00   3.183752e-04  -3.074715e-03   4.447181e-02   0.000000e+00
-3.614194e-05   3.424274e-04   0.000000e+00  -3.246135e-04  -3.859403e-04   0.000000e+00   0.000000e+00   0.000000e+00   4.416519e-02

