# ekf covariance log started at 1774889918.523427
# timestamp: 1774889919.149395
 1.134544e-02   2.563900e-09   0.000000e+00   6.721361e-02   7.784440e-08   0.000000e+00   0.000000e+00   0.000000e+00   1.311463e-05
 2.563900e-09   1.134544e-02   0.000000e+00   5.082148e-08   6.721368e-02   0.000000e+00   0.000000e+00   0.000000e+00   1.725504e-05
 0.000000e+00   0.000000e+00   1.134544e-02   0.000000e+00   0.000000e+00   6.721381e-02   1.138938e-05  -4.531853e-05   0.000000e+00
 6.721361e-02   5.082148e-08   0.000000e+00   5.165712e-01   1.558358e-06   0.000000e+00   0.000000e+00   0.000000e+00   2.650084e-04
 7.784440e-08   6.721368e-02   0.000000e+00   1.558358e-06   5.165736e-01   0.000000e+00   0.000000e+00   0.000000e+00   5.382566e-04
 0.000000e+00   0.000000e+00   6.721381e-02   0.000000e+00   0.000000e+00   5.165794e-01   1.064513e-03  -2.050306e-03   0.000000e+00
 0.000000e+00   0.000000e+00   1.138938e-05   0.000000e+00   0.000000e+00   1.064513e-03   4.522432e-01  -4.040228e-01   0.000000e+00
 0.000000e+00   0.000000e+00  -4.531853e-05   0.000000e+00   0.000000e+00  -2.050306e-03  -4.040228e-01   5.515413e-01   0.000000e+00
 1.311463e-05   1.725504e-05   0.000000e+00   2.650084e-04   5.382566e-04   0.000000e+00   0.000000e+00   0.000000e+00   9.385298e-02

# timestamp: 1774889919.2440355
 6.347779e-03   2.776629e-05   0.000000e+00   2.907900e-02   1.491730e-04   0.000000e+00   0.000000e+00   0.000000e+00   1.340270e-03
 2.776629e-05   6.326717e-03   0.000000e+00   1.443934e-04   2.897229e-02   0.000000e+00   0.000000e+00   0.000000e+00   9.203006e-04
 0.000000e+00   0.000000e+00   6.369386e-03   0.000000e+00   0.000000e+00   2.919293e-02  -2.190753e-03   1.093509e-04   0.000000e+00
 2.907900e-02   1.443934e-04   0.000000e+00   1.849814e-01   8.092784e-04   0.000000e+00   0.000000e+00   0.000000e+00   7.915363e-03
 1.491730e-04   2.897229e-02   0.000000e+00   8.092784e-04   1.844272e-01   0.000000e+00   0.000000e+00   0.000000e+00   5.700730e-03
 0.000000e+00   0.000000e+00   2.919293e-02   0.000000e+00   0.000000e+00   1.856116e-01  -1.162835e-02  -1.246843e-03   0.000000e+00
 0.000000e+00   0.000000e+00  -2.190753e-03   0.000000e+00   0.000000e+00  -1.162835e-02   3.912762e-01  -3.971905e-01   0.000000e+00
 0.000000e+00   0.000000e+00   1.093509e-04   0.000000e+00   0.000000e+00  -1.246843e-03  -3.971905e-01   5.591360e-01   0.000000e+00
 1.340270e-03   9.203006e-04   0.000000e+00   7.915363e-03   5.700730e-03   0.000000e+00   0.000000e+00   0.000000e+00   6.864379e-02

# timestamp: 1774889919.2753649
 5.252977e-03   1.295535e-04   0.000000e+00   2.091465e-02   4.495297e-04   0.000000e+00   0.000000e+00   0.000000e+00  -3.383131e-03
 1.295535e-04   5.154831e-03   0.000000e+00   4.631678e-04   2.055432e-02   0.000000e+00   0.000000e+00   0.000000e+00  -2.335664e-03
 0.000000e+00   0.000000e+00   5.360646e-03   0.000000e+00   0.000000e+00   2.130131e-02   5.652979e-03  -4.704759e-04   0.000000e+00
 2.091465e-02   4.631678e-04   0.000000e+00   1.187667e-01   1.613867e-03   0.000000e+00   0.000000e+00   0.000000e+00  -1.215823e-02
 4.495297e-04   2.055432e-02   0.000000e+00   1.613867e-03   1.174419e-01   0.000000e+00   0.000000e+00   0.000000e+00  -8.140528e-03
 0.000000e+00   0.000000e+00   2.130131e-02   0.000000e+00   0.000000e+00   1.201696e-01   2.186885e-02  -3.907792e-03   0.000000e+00
 0.000000e+00   0.000000e+00   5.652979e-03   0.000000e+00   0.000000e+00   2.186885e-02   3.791059e-01  -3.961627e-01   0.000000e+00
 0.000000e+00   0.000000e+00  -4.704759e-04   0.000000e+00   0.000000e+00  -3.907792e-03  -3.961627e-01   5.637274e-01   0.000000e+00
-3.383131e-03  -2.335664e-03   0.000000e+00  -1.215823e-02  -8.140528e-03   0.000000e+00   0.000000e+00   0.000000e+00   6.414121e-02

# timestamp: 1774889919.308735
 4.308557e-03   2.414924e-05   0.000000e+00   1.549530e-02   1.049465e-04   0.000000e+00   0.000000e+00   0.000000e+00   1.196266e-03
 2.414924e-05   4.290972e-03   0.000000e+00   1.010282e-04   1.542491e-02   0.000000e+00   0.000000e+00   0.000000e+00   8.415981e-04
 0.000000e+00   0.000000e+00   4.326336e-03   0.000000e+00   0.000000e+00   1.557116e-02  -1.663463e-03  -2.498313e-04   0.000000e+00
 1.549530e-02   1.010282e-04   0.000000e+00   8.184188e-02   4.665596e-04   0.000000e+00   0.000000e+00   0.000000e+00   5.614211e-03
 1.049465e-04   1.542491e-02   0.000000e+00   4.665596e-04   8.154891e-02   0.000000e+00   0.000000e+00   0.000000e+00   4.158067e-03
 0.000000e+00   0.000000e+00   1.557116e-02   0.000000e+00   0.000000e+00   8.219219e-02  -6.491419e-03  -3.093719e-03   0.000000e+00
 0.000000e+00   0.000000e+00  -1.663463e-03   0.000000e+00   0.000000e+00  -6.491419e-03   3.617194e-01  -3.951104e-01   0.000000e+00
 0.000000e+00   0.000000e+00  -2.498313e-04   0.000000e+00   0.000000e+00  -3.093719e-03  -3.951104e-01   5.680108e-01   0.000000e+00
 1.196266e-03   8.415981e-04   0.000000e+00   5.614211e-03   4.158067e-03   0.000000e+00   0.000000e+00   0.000000e+00   5.614838e-02

# timestamp: 1774889919.5899706
 3.120723e-03   3.254386e-05   0.000000e+00   6.850936e-03   5.843725e-05   0.000000e+00   0.000000e+00   0.000000e+00  -1.422520e-03
 3.254386e-05   3.095458e-03   0.000000e+00   6.311186e-05   6.799068e-03   0.000000e+00   0.000000e+00   0.000000e+00  -9.701968e-04
 0.000000e+00   0.000000e+00   3.144924e-03   0.000000e+00   0.000000e+00   6.898806e-03   2.152840e-03  -1.497150e-05   0.000000e+00
 6.850936e-03   6.311186e-05   0.000000e+00   2.200307e-02   1.187450e-04   0.000000e+00   0.000000e+00   0.000000e+00  -2.747717e-03
 5.843725e-05   6.799068e-03   0.000000e+00   1.187450e-04   2.189508e-02   0.000000e+00   0.000000e+00   0.000000e+00  -1.719850e-03
 0.000000e+00   0.000000e+00   6.898806e-03   0.000000e+00   0.000000e+00   2.211193e-02   5.816211e-03  -2.436801e-03   0.000000e+00
 0.000000e+00   0.000000e+00   2.152840e-03   0.000000e+00   0.000000e+00   5.816211e-03   3.436597e-01  -4.018752e-01   0.000000e+00
 0.000000e+00   0.000000e+00  -1.497150e-05   0.000000e+00   0.000000e+00  -2.436801e-03  -4.018752e-01   5.932945e-01   0.000000e+00
-1.422520e-03  -9.701968e-04   0.000000e+00  -2.747717e-03  -1.719850e-03   0.000000e+00   0.000000e+00   0.000000e+00   4.755556e-02

# timestamp: 1774889919.6322272
 2.932724e-03   9.984267e-06   0.000000e+00   5.963341e-03   2.481470e-05   0.000000e+00   0.000000e+00   0.000000e+00   6.371171e-04
 9.984267e-06   2.925508e-03   0.000000e+00   2.288572e-05   5.948488e-03   0.000000e+00   0.000000e+00   0.000000e+00   4.484623e-04
 0.000000e+00   0.000000e+00   2.939770e-03   0.000000e+00   0.000000e+00   5.980784e-03  -6.786101e-04  -3.941630e-04   0.000000e+00
 5.963341e-03   2.288572e-05   0.000000e+00   1.787970e-02   6.337287e-05   0.000000e+00   0.000000e+00   0.000000e+00   1.632795e-03
 2.481470e-05   5.948488e-03   0.000000e+00   6.337287e-05   1.784778e-02   0.000000e+00   0.000000e+00   0.000000e+00   1.298832e-03
 0.000000e+00   0.000000e+00   5.980784e-03   0.000000e+00   0.000000e+00   1.793789e-02  -8.137450e-05  -3.435985e-03   0.000000e+00
 0.000000e+00   0.000000e+00  -6.786101e-04   0.000000e+00   0.000000e+00  -8.137450e-05   3.398724e-01  -4.025740e-01   0.000000e+00
 0.000000e+00   0.000000e+00  -3.941630e-04   0.000000e+00   0.000000e+00  -3.435985e-03  -4.025740e-01   5.986877e-01   0.000000e+00
 6.371171e-04   4.484623e-04   0.000000e+00   1.632795e-03   1.298832e-03   0.000000e+00   0.000000e+00   0.000000e+00   4.633027e-02

# timestamp: 1774889919.6520467
 3.083980e-03   1.054291e-05   0.000000e+00   6.169375e-03   2.577364e-05   0.000000e+00   0.000000e+00   0.000000e+00   6.559421e-04
 1.054291e-05   3.076418e-03   0.000000e+00   2.368338e-05   6.154223e-03   0.000000e+00   0.000000e+00   0.000000e+00   4.634687e-04
 0.000000e+00   0.000000e+00   3.091437e-03   0.000000e+00   0.000000e+00   6.187646e-03  -6.792834e-04  -4.341727e-04   0.000000e+00
 6.169375e-03   2.368338e-05   0.000000e+00   1.788132e-02   6.412932e-05   0.000000e+00   0.000000e+00   0.000000e+00   1.639529e-03
 2.577364e-05   6.154223e-03   0.000000e+00   6.412932e-05   1.784984e-02   0.000000e+00   0.000000e+00   0.000000e+00   1.315273e-03
 0.000000e+00   0.000000e+00   6.187646e-03   0.000000e+00   0.000000e+00   1.794150e-02   1.025421e-05  -3.587411e-03   0.000000e+00
 0.000000e+00   0.000000e+00  -6.792834e-04   0.000000e+00   0.000000e+00   1.025421e-05   3.410242e-01  -4.025740e-01   0.000000e+00
 0.000000e+00   0.000000e+00  -4.341727e-04   0.000000e+00   0.000000e+00  -3.587411e-03  -4.025740e-01   5.998394e-01   0.000000e+00
 6.559421e-04   4.634687e-04   0.000000e+00   1.639529e-03   1.315273e-03   0.000000e+00   0.000000e+00   0.000000e+00   4.748203e-02

# timestamp: 1774889919.6936626
 2.823155e-03   1.961630e-05   0.000000e+00   5.319126e-03   2.726520e-05   0.000000e+00   0.000000e+00   0.000000e+00  -1.058018e-03
 1.961630e-05   2.806017e-03   0.000000e+00   3.175265e-05   5.288855e-03   0.000000e+00   0.000000e+00   0.000000e+00  -6.842114e-04
 0.000000e+00   0.000000e+00   2.838539e-03   0.000000e+00   0.000000e+00   5.347438e-03   1.908678e-03  -4.895359e-04   0.000000e+00
 5.319126e-03   3.175265e-05   0.000000e+00   1.485723e-02   4.832242e-05   0.000000e+00   0.000000e+00   0.000000e+00  -1.687006e-03
 2.726520e-05   5.288855e-03   0.000000e+00   4.832242e-05   1.480343e-02   0.000000e+00   0.000000e+00   0.000000e+00  -9.070123e-04
 0.000000e+00   0.000000e+00   5.347438e-03   0.000000e+00   0.000000e+00   1.492843e-02   5.187002e-03  -3.932934e-03   0.000000e+00
 0.000000e+00   0.000000e+00   1.908678e-03   0.000000e+00   0.000000e+00   5.187002e-03   3.376730e-01  -4.028981e-01   0.000000e+00
 0.000000e+00   0.000000e+00  -4.895359e-04   0.000000e+00   0.000000e+00  -3.932934e-03  -4.028981e-01   6.041646e-01   0.000000e+00
-1.058018e-03  -6.842114e-04   0.000000e+00  -1.687006e-03  -9.070123e-04   0.000000e+00   0.000000e+00   0.000000e+00   4.648355e-02

# timestamp: 1774889919.961476
 2.274656e-03   5.681523e-06   0.000000e+00   3.235747e-03   1.140939e-05   0.000000e+00   0.000000e+00   0.000000e+00   4.160225e-04
 5.681523e-06   2.270918e-03   0.000000e+00   9.162174e-06   3.231968e-03   0.000000e+00   0.000000e+00   0.000000e+00   3.139866e-04
 0.000000e+00   0.000000e+00   2.279968e-03   0.000000e+00   0.000000e+00   3.252821e-03   1.521367e-04  -1.136923e-03   0.000000e+00
 3.235747e-03   9.162174e-06   0.000000e+00   7.202696e-03   2.111079e-05   0.000000e+00   0.000000e+00   0.000000e+00   7.221042e-04
 1.140939e-05   3.231968e-03   0.000000e+00   2.111079e-05   7.201365e-03   0.000000e+00   0.000000e+00   0.000000e+00   7.789680e-04
 0.000000e+00   0.000000e+00   3.252821e-03   0.000000e+00   0.000000e+00   7.284962e-03   3.401266e-03  -6.747769e-03   0.000000e+00
 0.000000e+00   0.000000e+00   1.521367e-04   0.000000e+00   0.000000e+00   3.401266e-03   3.239986e-01  -4.029399e-01   0.000000e+00
 0.000000e+00   0.000000e+00  -1.136923e-03   0.000000e+00   0.000000e+00  -6.747769e-03  -4.029399e-01   6.288069e-01   0.000000e+00
 4.160225e-04   3.139866e-04   0.000000e+00   7.221042e-04   7.789680e-04   0.000000e+00   0.000000e+00   0.000000e+00   4.556605e-02

# timestamp: 1774889920.0004902
 1.838581e-03   2.825216e-06   0.000000e+00   2.469963e-03   5.973169e-06   0.000000e+00   0.000000e+00   0.000000e+00   2.431078e-04
 2.825216e-06   1.836892e-03   0.000000e+00   4.545902e-06   2.468827e-03   0.000000e+00   0.000000e+00   0.000000e+00   1.932067e-04
 0.000000e+00   0.000000e+00   1.841965e-03   0.000000e+00   0.000000e+00   2.483685e-03   3.475313e-04  -1.052048e-03   0.000000e+00
 2.469963e-03   4.545902e-06   0.000000e+00   5.641146e-03   1.189283e-05   0.000000e+00   0.000000e+00   0.000000e+00   4.335559e-04
 5.973169e-06   2.468827e-03   0.000000e+00   1.189283e-05   5.642867e-03   0.000000e+00   0.000000e+00   0.000000e+00   5.451291e-04
 0.000000e+00   0.000000e+00   2.483685e-03   0.000000e+00   0.000000e+00   5.718434e-03   3.792658e-03  -6.689003e-03   0.000000e+00
 0.000000e+00   0.000000e+00   3.475313e-04   0.000000e+00   0.000000e+00   3.792658e-03   3.210356e-01  -4.067987e-01   0.000000e+00
 0.000000e+00   0.000000e+00  -1.052048e-03   0.000000e+00   0.000000e+00  -6.689003e-03  -4.067987e-01   6.326213e-01   0.000000e+00
 2.431078e-04   1.932067e-04   0.000000e+00   4.335559e-04   5.451291e-04   0.000000e+00   0.000000e+00   0.000000e+00   4.119358e-02

# timestamp: 1774889920.0414855
 2.138130e-03   3.367052e-06   0.000000e+00   2.742250e-03   6.823153e-06   0.000000e+00   0.000000e+00   0.000000e+00   2.643914e-04
 3.367052e-06   2.136340e-03   0.000000e+00   5.231291e-06   2.741305e-03   0.000000e+00   0.000000e+00   0.000000e+00   2.203175e-04
 0.000000e+00   0.000000e+00   2.143056e-03   0.000000e+00   0.000000e+00   2.760835e-03   5.353484e-04  -1.383140e-03   0.000000e+00
 2.742250e-03   5.231291e-06   0.000000e+00   5.646386e-03   1.261596e-05   0.000000e+00   0.000000e+00   0.000000e+00   4.543329e-04
 6.823153e-06   2.741305e-03   0.000000e+00   1.261596e-05   5.648855e-03   0.000000e+00   0.000000e+00   0.000000e+00   5.905206e-04
 0.000000e+00   0.000000e+00   2.760835e-03   0.000000e+00   0.000000e+00   5.733787e-03   4.058354e-03  -7.150911e-03   0.000000e+00
 0.000000e+00   0.000000e+00   5.353484e-04   0.000000e+00   0.000000e+00   4.058354e-03   3.258576e-01  -4.067987e-01   0.000000e+00
 0.000000e+00   0.000000e+00  -1.383140e-03   0.000000e+00   0.000000e+00  -7.150911e-03  -4.067987e-01   6.374433e-01   0.000000e+00
 2.643914e-04   2.203175e-04   0.000000e+00   4.543329e-04   5.905206e-04   0.000000e+00   0.000000e+00   0.000000e+00   4.601557e-02

# timestamp: 1774889920.2619822
 1.845819e-03   4.173862e-06   0.000000e+00   1.978454e-03   6.651269e-06   0.000000e+00   0.000000e+00   0.000000e+00   3.228046e-04
 4.173862e-06   1.843645e-03   0.000000e+00   5.586330e-06   1.977027e-03   0.000000e+00   0.000000e+00   0.000000e+00   2.620484e-04
 0.000000e+00   0.000000e+00   1.852830e-03   0.000000e+00   0.000000e+00   2.000005e-03   7.113521e-04  -1.747881e-03   0.000000e+00
 1.978454e-03   5.586330e-06   0.000000e+00   3.675253e-03   1.052624e-05   0.000000e+00   0.000000e+00   0.000000e+00   4.851338e-04
 6.651269e-06   1.977027e-03   0.000000e+00   1.052624e-05   3.676273e-03   0.000000e+00   0.000000e+00   0.000000e+00   5.374355e-04
 0.000000e+00   0.000000e+00   2.000005e-03   0.000000e+00   0.000000e+00   3.755207e-03   3.953461e-03  -6.913943e-03   0.000000e+00
 0.000000e+00   0.000000e+00   7.113521e-04   0.000000e+00   0.000000e+00   3.953461e-03   3.361031e-01  -4.170718e-01   0.000000e+00
 0.000000e+00   0.000000e+00  -1.747881e-03   0.000000e+00   0.000000e+00  -6.913943e-03  -4.170718e-01   6.447336e-01   0.000000e+00
 3.228046e-04   2.620484e-04   0.000000e+00   4.851338e-04   5.374355e-04   0.000000e+00   0.000000e+00   0.000000e+00   4.570161e-02

# timestamp: 1774889920.3046832
 1.574365e-03   3.570446e-06   0.000000e+00   1.604656e-03   5.380583e-06   0.000000e+00   0.000000e+00   0.000000e+00   2.968857e-04
 3.570446e-06   1.572471e-03   0.000000e+00   4.657271e-06   1.603315e-03   0.000000e+00   0.000000e+00   0.000000e+00   2.362845e-04
 0.000000e+00   0.000000e+00   1.580225e-03   0.000000e+00   0.000000e+00   1.622454e-03   6.483854e-04  -1.580920e-03   0.000000e+00
 1.604656e-03   4.657271e-06   0.000000e+00   3.066398e-03   8.568143e-06   0.000000e+00   0.000000e+00   0.000000e+00   4.403311e-04
 5.380583e-06   1.603315e-03   0.000000e+00   8.568143e-06   3.066890e-03   0.000000e+00   0.000000e+00   0.000000e+00   4.571303e-04
 0.000000e+00   0.000000e+00   1.622454e-03   0.000000e+00   0.000000e+00   3.133181e-03   3.666326e-03  -6.298030e-03   0.000000e+00
 0.000000e+00   0.000000e+00   6.483854e-04   0.000000e+00   0.000000e+00   3.666326e-03   3.389069e-01  -4.221569e-01   0.000000e+00
 0.000000e+00   0.000000e+00  -1.580920e-03   0.000000e+00   0.000000e+00  -6.298030e-03  -4.221569e-01   6.421149e-01   0.000000e+00
 2.968857e-04   2.362845e-04   0.000000e+00   4.403311e-04   4.571303e-04   0.000000e+00   0.000000e+00   0.000000e+00   4.194660e-02

# timestamp: 1774889920.352031
 1.701293e-03   3.876150e-06   0.000000e+00   1.695371e-03   5.730381e-06   0.000000e+00   0.000000e+00   0.000000e+00   3.100654e-04
 3.876150e-06   1.699319e-03   0.000000e+00   5.022726e-06   1.693982e-03   0.000000e+00   0.000000e+00   0.000000e+00   2.499033e-04
 0.000000e+00   0.000000e+00   1.708263e-03   0.000000e+00   0.000000e+00   1.715207e-03   7.564001e-04  -1.766914e-03   0.000000e+00
 1.695371e-03   5.022726e-06   0.000000e+00   3.069751e-03   8.912493e-06   0.000000e+00   0.000000e+00   0.000000e+00   4.599039e-04
 5.730381e-06   1.693982e-03   0.000000e+00   8.912493e-06   3.070126e-03   0.000000e+00   0.000000e+00   0.000000e+00   4.705942e-04
 0.000000e+00   0.000000e+00   1.715207e-03   0.000000e+00   0.000000e+00   3.136739e-03   3.643831e-03  -6.307349e-03   0.000000e+00
 0.000000e+00   0.000000e+00   7.564001e-04   0.000000e+00   0.000000e+00   3.643831e-03   3.418588e-01  -4.221569e-01   0.000000e+00
 0.000000e+00   0.000000e+00  -1.766914e-03   0.000000e+00   0.000000e+00  -6.307349e-03  -4.221569e-01   6.450667e-01   0.000000e+00
 3.100654e-04   2.499033e-04   0.000000e+00   4.599039e-04   4.705942e-04   0.000000e+00   0.000000e+00   0.000000e+00   4.489843e-02

# timestamp: 1774889920.6061049
 1.302759e-03   2.678968e-06   0.000000e+00   1.096087e-03   3.547074e-06   0.000000e+00   0.000000e+00   0.000000e+00   2.410113e-04
 2.678968e-06   1.301515e-03   0.000000e+00   3.322541e-06   1.095245e-03   0.000000e+00   0.000000e+00   0.000000e+00   1.971522e-04
 0.000000e+00   0.000000e+00   1.308996e-03   0.000000e+00   0.000000e+00   1.111986e-03   8.696781e-04  -1.746320e-03   0.000000e+00
 1.096087e-03   3.322541e-06   0.000000e+00   1.989714e-03   5.670000e-06   0.000000e+00   0.000000e+00   0.000000e+00   3.586877e-04
 3.547074e-06   1.095245e-03   0.000000e+00   5.670000e-06   1.989746e-03   0.000000e+00   0.000000e+00   0.000000e+00   3.345152e-04
 0.000000e+00   0.000000e+00   1.111986e-03   0.000000e+00   0.000000e+00   2.035676e-03   3.132795e-03  -5.204168e-03   0.000000e+00
 0.000000e+00   0.000000e+00   8.696781e-04   0.000000e+00   0.000000e+00   3.132795e-03   3.532776e-01  -4.366169e-01   0.000000e+00
 0.000000e+00   0.000000e+00  -1.746320e-03   0.000000e+00   0.000000e+00  -5.204168e-03  -4.366169e-01   6.486113e-01   0.000000e+00
 2.410113e-04   1.971522e-04   0.000000e+00   3.586877e-04   3.345152e-04   0.000000e+00   0.000000e+00   0.000000e+00   4.002734e-02

# timestamp: 1774889920.629178
 1.437738e-03   2.975214e-06   0.000000e+00   1.178342e-03   3.925395e-06   0.000000e+00   0.000000e+00   0.000000e+00   2.560777e-04
 2.975214e-06   1.436425e-03   0.000000e+00   3.657774e-06   1.177500e-03   0.000000e+00   0.000000e+00   0.000000e+00   2.112755e-04
 0.000000e+00   0.000000e+00   1.445379e-03   0.000000e+00   0.000000e+00   1.196659e-03   9.999121e-04  -1.963096e-03   0.000000e+00
 1.178342e-03   3.657774e-06   0.000000e+00   1.994181e-03   6.036604e-06   0.000000e+00   0.000000e+00   0.000000e+00   3.786417e-04
 3.925395e-06   1.177500e-03   0.000000e+00   6.036604e-06   1.994254e-03   0.000000e+00   0.000000e+00   0.000000e+00   3.582699e-04
 0.000000e+00   0.000000e+00   1.196659e-03   0.000000e+00   0.000000e+00   2.042711e-03   3.209290e-03  -5.362365e-03   0.000000e+00
 0.000000e+00   0.000000e+00   9.999121e-04   0.000000e+00   0.000000e+00   3.209290e-03   3.573999e-01  -4.366169e-01   0.000000e+00
 0.000000e+00   0.000000e+00  -1.963096e-03   0.000000e+00   0.000000e+00  -5.362365e-03  -4.366169e-01   6.527336e-01   0.000000e+00
 2.560777e-04   2.112755e-04   0.000000e+00   3.786417e-04   3.582699e-04   0.000000e+00   0.000000e+00   0.000000e+00   4.414965e-02

# timestamp: 1774889920.6665199
 1.281509e-03   1.895710e-06   0.000000e+00   1.008261e-03   2.690745e-06   0.000000e+00   0.000000e+00   0.000000e+00   1.716700e-04
 1.895710e-06   1.280743e-03   0.000000e+00   2.475657e-06   1.007898e-03   0.000000e+00   0.000000e+00   0.000000e+00   1.440019e-04
 0.000000e+00   0.000000e+00   1.287554e-03   0.000000e+00   0.000000e+00   1.024085e-03   9.933644e-04  -1.768814e-03   0.000000e+00
 1.008261e-03   2.475657e-06   0.000000e+00   1.765068e-03   4.606556e-06   0.000000e+00   0.000000e+00   0.000000e+00   2.856960e-04
 2.690745e-06   1.007898e-03   0.000000e+00   4.606556e-06   1.765536e-03   0.000000e+00   0.000000e+00   0.000000e+00   2.837381e-04
 0.000000e+00   0.000000e+00   1.024085e-03   0.000000e+00   0.000000e+00   1.810030e-03   3.215689e-03  -5.166681e-03   0.000000e+00
 0.000000e+00   0.000000e+00   9.933644e-04   0.000000e+00   0.000000e+00   3.215689e-03   3.571551e-01  -4.408582e-01   0.000000e+00
 0.000000e+00   0.000000e+00  -1.768814e-03   0.000000e+00   0.000000e+00  -5.166681e-03  -4.408582e-01   6.554328e-01   0.000000e+00
 1.716700e-04   1.440019e-04   0.000000e+00   2.856960e-04   2.837381e-04   0.000000e+00   0.000000e+00   0.000000e+00   4.088936e-02

# timestamp: 1774889920.9757452
 1.247226e-03   5.746689e-06   0.000000e+00   8.362666e-04   2.226028e-06   0.000000e+00   0.000000e+00   0.000000e+00  -5.160788e-04
 5.746689e-06   1.243558e-03   0.000000e+00   3.342248e-06   8.340108e-04   0.000000e+00   0.000000e+00   0.000000e+00  -3.632193e-04
 0.000000e+00   0.000000e+00   1.256948e-03   0.000000e+00   0.000000e+00   8.539603e-04   1.829187e-03  -1.437209e-03   0.000000e+00
 8.362666e-04   3.342248e-06   0.000000e+00   1.353209e-03   2.596372e-06   0.000000e+00   0.000000e+00   0.000000e+00  -2.315217e-04
 2.226028e-06   8.340108e-04   0.000000e+00   2.596372e-06   1.352611e-03   0.000000e+00   0.000000e+00   0.000000e+00  -7.244728e-05
 0.000000e+00   0.000000e+00   8.539603e-04   0.000000e+00   0.000000e+00   1.400980e-03   4.032976e-03  -5.139505e-03   0.000000e+00
 0.000000e+00   0.000000e+00   1.829187e-03   0.000000e+00   0.000000e+00   4.032976e-03   3.735566e-01  -4.528336e-01   0.000000e+00
 0.000000e+00   0.000000e+00  -1.437209e-03   0.000000e+00   0.000000e+00  -5.139505e-03  -4.528336e-01   6.637493e-01   0.000000e+00
-5.160788e-04  -3.632193e-04   0.000000e+00  -2.315217e-04  -7.244728e-05   0.000000e+00   0.000000e+00   0.000000e+00   4.313770e-02

# timestamp: 1774889921.0050519
 1.178281e-03   2.092737e-06   0.000000e+00   7.791355e-04   2.508183e-06   0.000000e+00   0.000000e+00   0.000000e+00   1.927837e-04
 2.092737e-06   1.177517e-03   0.000000e+00   2.220442e-06   7.790512e-04   0.000000e+00   0.000000e+00   0.000000e+00   1.657075e-04
 0.000000e+00   0.000000e+00   1.186355e-03   0.000000e+00   0.000000e+00   7.987158e-04   1.220512e-03  -2.104550e-03   0.000000e+00
 7.791355e-04   2.220442e-06   0.000000e+00   1.292005e-03   3.601223e-06   0.000000e+00   0.000000e+00   0.000000e+00   2.321772e-04
 2.508183e-06   7.790512e-04   0.000000e+00   3.601223e-06   1.293005e-03   0.000000e+00   0.000000e+00   0.000000e+00   2.710621e-04
 0.000000e+00   0.000000e+00   7.987158e-04   0.000000e+00   0.000000e+00   1.343351e-03   3.663145e-03  -5.614303e-03   0.000000e+00
 0.000000e+00   0.000000e+00   1.220512e-03   0.000000e+00   0.000000e+00   3.663145e-03   3.732213e-01  -4.552108e-01   0.000000e+00
 0.000000e+00   0.000000e+00  -2.104550e-03   0.000000e+00   0.000000e+00  -5.614303e-03  -4.552108e-01   6.652338e-01   0.000000e+00
 1.927837e-04   1.657075e-04   0.000000e+00   2.321772e-04   2.710621e-04   0.000000e+00   0.000000e+00   0.000000e+00   4.117031e-02

# timestamp: 1774889921.0386043
 1.259329e-03   2.244146e-06   0.000000e+00   8.195363e-04   2.683846e-06   0.000000e+00   0.000000e+00   0.000000e+00   2.000512e-04
 2.244146e-06   1.258561e-03   0.000000e+00   2.353697e-06   8.195149e-04   0.000000e+00   0.000000e+00   0.000000e+00   1.742318e-04
 0.000000e+00   0.000000e+00   1.268680e-03   0.000000e+00   0.000000e+00   8.412638e-04   1.335267e-03  -2.280453e-03   0.000000e+00
 8.195363e-04   2.353697e-06   0.000000e+00   1.295179e-03   3.708175e-06   0.000000e+00   0.000000e+00   0.000000e+00   2.373446e-04
 2.683846e-06   8.195149e-04   0.000000e+00   3.708175e-06   1.296300e-03   0.000000e+00   0.000000e+00   0.000000e+00   2.848892e-04
 0.000000e+00   0.000000e+00   8.412638e-04   0.000000e+00   0.000000e+00   1.349189e-03   3.762556e-03  -5.771502e-03   0.000000e+00
 0.000000e+00   0.000000e+00   1.335267e-03   0.000000e+00   0.000000e+00   3.762556e-03   3.763402e-01  -4.552108e-01   0.000000e+00
 0.000000e+00   0.000000e+00  -2.280453e-03   0.000000e+00   0.000000e+00  -5.771502e-03  -4.552108e-01   6.683527e-01   0.000000e+00
 2.000512e-04   1.742318e-04   0.000000e+00   2.373446e-04   2.848892e-04   0.000000e+00   0.000000e+00   0.000000e+00   4.428916e-02

# timestamp: 1774889921.2590203
 1.130709e-03   4.141329e-06   0.000000e+00   6.596157e-04   1.197979e-06   0.000000e+00   0.000000e+00   0.000000e+00  -4.067945e-04
 4.141329e-06   1.128221e-03   0.000000e+00   2.209501e-06   6.582010e-04   0.000000e+00   0.000000e+00   0.000000e+00  -2.873892e-04
 0.000000e+00   0.000000e+00   1.140477e-03   0.000000e+00   0.000000e+00   6.794448e-04   1.882634e-03  -1.702185e-03   0.000000e+00
 6.596157e-04   2.209501e-06   0.000000e+00   1.056436e-03   1.799595e-06   0.000000e+00   0.000000e+00   0.000000e+00  -1.480034e-04
 1.197979e-06   6.582010e-04   0.000000e+00   1.799595e-06   1.056559e-03   0.000000e+00   0.000000e+00   0.000000e+00  -5.776502e-06
 0.000000e+00   0.000000e+00   6.794448e-04   0.000000e+00   0.000000e+00   1.110764e-03   4.332275e-03  -5.634426e-03   0.000000e+00
 0.000000e+00   0.000000e+00   1.882634e-03   0.000000e+00   0.000000e+00   4.332275e-03   3.885527e-01  -4.664505e-01   0.000000e+00
 0.000000e+00   0.000000e+00  -1.702185e-03   0.000000e+00   0.000000e+00  -5.634426e-03  -4.664505e-01   6.708609e-01   0.000000e+00
-4.067945e-04  -2.873892e-04   0.000000e+00  -1.480034e-04  -5.776502e-06   0.000000e+00   0.000000e+00   0.000000e+00   4.236385e-02

# timestamp: 1774889921.2791317
 1.162638e-03   4.188002e-06   0.000000e+00   6.740507e-04   1.162662e-06   0.000000e+00   0.000000e+00   0.000000e+00  -4.088076e-04
 4.188002e-06   1.160111e-03   0.000000e+00   2.210817e-06   6.726286e-04   0.000000e+00   0.000000e+00   0.000000e+00  -2.874467e-04
 0.000000e+00   0.000000e+00   1.172959e-03   0.000000e+00   0.000000e+00   6.947618e-04   1.942034e-03  -1.779483e-03   0.000000e+00
 6.740507e-04   2.210817e-06   0.000000e+00   1.057781e-03   1.777940e-06   0.000000e+00   0.000000e+00   0.000000e+00  -1.444966e-04
 1.162662e-06   6.726286e-04   0.000000e+00   1.777940e-06   1.057926e-03   0.000000e+00   0.000000e+00   0.000000e+00   5.851834e-07
 0.000000e+00   0.000000e+00   6.947618e-04   0.000000e+00   0.000000e+00   1.113090e-03   4.369179e-03  -5.695237e-03   0.000000e+00
 0.000000e+00   0.000000e+00   1.942034e-03   0.000000e+00   0.000000e+00   4.369179e-03   3.899209e-01  -4.664505e-01   0.000000e+00
 0.000000e+00   0.000000e+00  -1.779483e-03   0.000000e+00   0.000000e+00  -5.695237e-03  -4.664505e-01   6.722291e-01   0.000000e+00
-4.088076e-04  -2.874467e-04   0.000000e+00  -1.444966e-04   5.851834e-07   0.000000e+00   0.000000e+00   0.000000e+00   4.373204e-02

# timestamp: 1774889921.305206
 1.093371e-03   2.469718e-06   0.000000e+00   6.281040e-04   2.613120e-06   0.000000e+00   0.000000e+00   0.000000e+00   2.369144e-04
 2.469718e-06   1.092412e-03   0.000000e+00   2.210987e-06   6.280619e-04   0.000000e+00   0.000000e+00   0.000000e+00   1.960969e-04
 0.000000e+00   0.000000e+00   1.102629e-03   0.000000e+00   0.000000e+00   6.500842e-04   1.299437e-03  -2.272330e-03   0.000000e+00
 6.281040e-04   2.210987e-06   0.000000e+00   1.019377e-03   3.165394e-06   0.000000e+00   0.000000e+00   0.000000e+00   2.249388e-04
 2.613120e-06   6.280619e-04   0.000000e+00   3.165394e-06   1.020569e-03   0.000000e+00   0.000000e+00   0.000000e+00   2.708237e-04
 0.000000e+00   0.000000e+00   6.500842e-04   0.000000e+00   0.000000e+00   1.076625e-03   4.010282e-03  -5.993370e-03   0.000000e+00
 0.000000e+00   0.000000e+00   1.299437e-03   0.000000e+00   0.000000e+00   4.010282e-03   3.881479e-01  -4.684366e-01   0.000000e+00
 0.000000e+00   0.000000e+00  -2.272330e-03   0.000000e+00   0.000000e+00  -5.993370e-03  -4.684366e-01   6.738579e-01   0.000000e+00
 2.369144e-04   1.960969e-04   0.000000e+00   2.249388e-04   2.708237e-04   0.000000e+00   0.000000e+00   0.000000e+00   4.126467e-02

# timestamp: 1774889921.3358645
 1.161035e-03   2.616749e-06   0.000000e+00   6.583872e-04   2.791620e-06   0.000000e+00   0.000000e+00   0.000000e+00   2.436884e-04
 2.616749e-06   1.160076e-03   0.000000e+00   2.356342e-06   6.583906e-04   0.000000e+00   0.000000e+00   0.000000e+00   2.042742e-04
 0.000000e+00   0.000000e+00   1.171655e-03   0.000000e+00   0.000000e+00   6.825048e-04   1.418834e-03  -2.450987e-03   0.000000e+00
 6.583872e-04   2.356342e-06   0.000000e+00   1.022451e-03   3.314037e-06   0.000000e+00   0.000000e+00   0.000000e+00   2.356647e-04
 2.791620e-06   6.583906e-04   0.000000e+00   3.314037e-06   1.023721e-03   0.000000e+00   0.000000e+00   0.000000e+00   2.856992e-04
 0.000000e+00   0.000000e+00   6.825048e-04   0.000000e+00   0.000000e+00   1.081749e-03   4.074880e-03  -6.109968e-03   0.000000e+00
 0.000000e+00   0.000000e+00   1.418834e-03   0.000000e+00   0.000000e+00   4.074880e-03   3.911073e-01  -4.684366e-01   0.000000e+00
 0.000000e+00   0.000000e+00  -2.450987e-03   0.000000e+00   0.000000e+00  -6.109968e-03  -4.684366e-01   6.768172e-01   0.000000e+00
 2.436884e-04   2.042742e-04   0.000000e+00   2.356647e-04   2.856992e-04   0.000000e+00   0.000000e+00   0.000000e+00   4.422404e-02

# timestamp: 1774889921.5928006
 1.016366e-03   1.768296e-06   0.000000e+00   5.179679e-04   2.012888e-06   0.000000e+00   0.000000e+00   0.000000e+00   1.675663e-04
 1.768296e-06   1.015842e-03   0.000000e+00   1.728260e-06   5.181465e-04   0.000000e+00   0.000000e+00   0.000000e+00   1.467004e-04
 0.000000e+00   0.000000e+00   1.026366e-03   0.000000e+00   0.000000e+00   5.414829e-04   1.524413e-03  -2.412826e-03   0.000000e+00
 5.179679e-04   1.728260e-06   0.000000e+00   8.425175e-04   2.728203e-06   0.000000e+00   0.000000e+00   0.000000e+00   1.937485e-04
 2.012888e-06   5.181465e-04   0.000000e+00   2.728203e-06   8.437706e-04   0.000000e+00   0.000000e+00   0.000000e+00   2.359153e-04
 0.000000e+00   0.000000e+00   5.414829e-04   0.000000e+00   0.000000e+00   9.010215e-04   4.176223e-03  -6.088135e-03   0.000000e+00
 0.000000e+00   0.000000e+00   1.524413e-03   0.000000e+00   0.000000e+00   4.176223e-03   3.999428e-01  -4.813522e-01   0.000000e+00
 0.000000e+00   0.000000e+00  -2.412826e-03   0.000000e+00   0.000000e+00  -6.088135e-03  -4.813522e-01   6.847481e-01   0.000000e+00
 1.675663e-04   1.467004e-04   0.000000e+00   1.937485e-04   2.359153e-04   0.000000e+00   0.000000e+00   0.000000e+00   4.036951e-02

# timestamp: 1774889921.622476
 1.079198e-03   1.885576e-06   0.000000e+00   5.437568e-04   2.158534e-06   0.000000e+00   0.000000e+00   0.000000e+00   1.735451e-04
 1.885576e-06   1.078687e-03   0.000000e+00   1.848577e-06   5.439877e-04   0.000000e+00   0.000000e+00   0.000000e+00   1.540017e-04
 0.000000e+00   0.000000e+00   1.090694e-03   0.000000e+00   0.000000e+00   5.695585e-04   1.652254e-03  -2.599337e-03   0.000000e+00
 5.437568e-04   1.848577e-06   0.000000e+00   8.456598e-04   2.857283e-06   0.000000e+00   0.000000e+00   0.000000e+00   2.039079e-04
 2.158534e-06   5.439877e-04   0.000000e+00   2.857283e-06   8.469924e-04   0.000000e+00   0.000000e+00   0.000000e+00   2.511835e-04
 0.000000e+00   0.000000e+00   5.695585e-04   0.000000e+00   0.000000e+00   9.064656e-04   4.252671e-03  -6.219344e-03   0.000000e+00
 0.000000e+00   0.000000e+00   1.652254e-03   0.000000e+00   0.000000e+00   4.252671e-03   4.029905e-01  -4.813522e-01   0.000000e+00
 0.000000e+00   0.000000e+00  -2.599337e-03   0.000000e+00   0.000000e+00  -6.219344e-03  -4.813522e-01   6.877958e-01   0.000000e+00
 1.735451e-04   1.540017e-04   0.000000e+00   2.039079e-04   2.511835e-04   0.000000e+00   0.000000e+00   0.000000e+00   4.341715e-02

# timestamp: 1774889921.6455262
 1.122753e-03   1.970036e-06   0.000000e+00   5.613160e-04   2.261029e-06   0.000000e+00   0.000000e+00   0.000000e+00   1.777980e-04
 1.970036e-06   1.122253e-03   0.000000e+00   1.933668e-06   5.615845e-04   0.000000e+00   0.000000e+00   0.000000e+00   1.592498e-04
 0.000000e+00   0.000000e+00   1.135346e-03   0.000000e+00   0.000000e+00   5.887321e-04   1.740491e-03  -2.728445e-03   0.000000e+00
 5.613160e-04   1.933668e-06   0.000000e+00   8.477959e-04   2.949157e-06   0.000000e+00   0.000000e+00   0.000000e+00   2.111822e-04
 2.261029e-06   5.615845e-04   0.000000e+00   2.949157e-06   8.491861e-04   0.000000e+00   0.000000e+00   0.000000e+00   2.621157e-04
 0.000000e+00   0.000000e+00   5.887321e-04   0.000000e+00   0.000000e+00   9.101946e-04   4.304195e-03  -6.308989e-03   0.000000e+00
 0.000000e+00   0.000000e+00   1.740491e-03   0.000000e+00   0.000000e+00   4.304195e-03   4.050595e-01  -4.813522e-01   0.000000e+00
 0.000000e+00   0.000000e+00  -2.728445e-03   0.000000e+00   0.000000e+00  -6.308989e-03  -4.813522e-01   6.898648e-01   0.000000e+00
 1.777980e-04   1.592498e-04   0.000000e+00   2.111822e-04   2.621157e-04   0.000000e+00   0.000000e+00   0.000000e+00   4.548621e-02

# timestamp: 1774889921.695633
 9.823516e-04   1.319616e-06   0.000000e+00   4.835794e-04   1.665639e-06   0.000000e+00   0.000000e+00   0.000000e+00   1.193313e-04
 1.319616e-06   9.820595e-04   0.000000e+00   1.421998e-06   4.838796e-04   0.000000e+00   0.000000e+00   0.000000e+00   1.090485e-04
 0.000000e+00   0.000000e+00   9.921265e-04   0.000000e+00   0.000000e+00   5.072784e-04   1.591752e-03  -2.397281e-03   0.000000e+00
 4.835794e-04   1.421998e-06   0.000000e+00   7.964044e-04   2.486627e-06   0.000000e+00   0.000000e+00   0.000000e+00   1.644485e-04
 1.665639e-06   4.838796e-04   0.000000e+00   2.486627e-06   7.977331e-04   0.000000e+00   0.000000e+00   0.000000e+00   2.128940e-04
 0.000000e+00   0.000000e+00   5.072784e-04   0.000000e+00   0.000000e+00   8.562450e-04   4.286465e-03  -6.164571e-03   0.000000e+00
 0.000000e+00   0.000000e+00   1.591752e-03   0.000000e+00   0.000000e+00   4.286465e-03   4.026062e-01  -4.855136e-01   0.000000e+00
 0.000000e+00   0.000000e+00  -2.397281e-03   0.000000e+00   0.000000e+00  -6.164571e-03  -4.855136e-01   6.884348e-01   0.000000e+00
 1.193313e-04   1.090485e-04   0.000000e+00   1.644485e-04   2.128940e-04   0.000000e+00   0.000000e+00   0.000000e+00   3.940890e-02

# timestamp: 1774889921.9490097
 1.068205e-03   1.319859e-06   0.000000e+00   4.819566e-04   1.702813e-06   0.000000e+00   0.000000e+00   0.000000e+00   1.092023e-04
 1.319859e-06   1.068112e-03   0.000000e+00   1.425021e-06   4.825368e-04   0.000000e+00   0.000000e+00   0.000000e+00   1.098829e-04
 0.000000e+00   0.000000e+00   1.082781e-03   0.000000e+00   0.000000e+00   5.144260e-04   2.050362e-03  -2.975922e-03   0.000000e+00
 4.819566e-04   1.425021e-06   0.000000e+00   7.291189e-04   2.451462e-06   0.000000e+00   0.000000e+00   0.000000e+00   1.529178e-04
 1.702813e-06   4.825368e-04   0.000000e+00   2.451462e-06   7.308766e-04   0.000000e+00   0.000000e+00   0.000000e+00   2.353273e-04
 0.000000e+00   0.000000e+00   5.144260e-04   0.000000e+00   0.000000e+00   8.033350e-04   4.894588e-03  -6.933443e-03   0.000000e+00
 0.000000e+00   0.000000e+00   2.050362e-03   0.000000e+00   0.000000e+00   4.894588e-03   4.176423e-01  -4.938391e-01   0.000000e+00
 0.000000e+00   0.000000e+00  -2.975922e-03   0.000000e+00   0.000000e+00  -6.933443e-03  -4.938391e-01   7.005111e-01   0.000000e+00
 1.092023e-04   1.098829e-04   0.000000e+00   1.529178e-04   2.353273e-04   0.000000e+00   0.000000e+00   0.000000e+00   4.538233e-02

# timestamp: 1774889922.007318
 9.847403e-04   9.923011e-07   0.000000e+00   4.358437e-04   1.393214e-06   0.000000e+00   0.000000e+00   0.000000e+00   7.785185e-05
 9.923011e-07   9.847365e-04   0.000000e+00   1.166786e-06   4.364195e-04   0.000000e+00   0.000000e+00   0.000000e+00   8.245348e-05
 0.000000e+00   0.000000e+00   9.977375e-04   0.000000e+00   0.000000e+00   4.667287e-04   1.982178e-03  -2.808734e-03   0.000000e+00
 4.358437e-04   1.166786e-06   0.000000e+00   6.949911e-04   2.191495e-06   0.000000e+00   0.000000e+00   0.000000e+00   1.247263e-04
 1.393214e-06   4.364195e-04   0.000000e+00   2.191495e-06   6.967178e-04   0.000000e+00   0.000000e+00   0.000000e+00   2.066428e-04
 0.000000e+00   0.000000e+00   4.667287e-04   0.000000e+00   0.000000e+00   7.700579e-04   4.986346e-03  -6.970142e-03   0.000000e+00
 0.000000e+00   0.000000e+00   1.982178e-03   0.000000e+00   0.000000e+00   4.986346e-03   4.180153e-01  -4.977448e-01   0.000000e+00
 0.000000e+00   0.000000e+00  -2.808734e-03   0.000000e+00   0.000000e+00  -6.970142e-03  -4.977448e-01   7.002434e-01   0.000000e+00
 7.785185e-05   8.245348e-05   0.000000e+00   1.247263e-04   2.066428e-04   0.000000e+00   0.000000e+00   0.000000e+00   4.176673e-02

# timestamp: 1774889922.0249999
 1.022441e-03   1.044530e-06   0.000000e+00   4.497728e-04   1.455134e-06   0.000000e+00   0.000000e+00   0.000000e+00   8.036974e-05
 1.044530e-06   1.022461e-03   0.000000e+00   1.218160e-06   4.503959e-04   0.000000e+00   0.000000e+00   0.000000e+00   8.664853e-05
 0.000000e+00   0.000000e+00   1.036709e-03   0.000000e+00   0.000000e+00   4.826421e-04   2.082377e-03  -2.948855e-03   0.000000e+00
 4.497728e-04   1.218160e-06   0.000000e+00   6.970120e-04   2.237806e-06   0.000000e+00   0.000000e+00   0.000000e+00   1.283934e-04
 1.455134e-06   4.503959e-04   0.000000e+00   2.237806e-06   6.988118e-04   0.000000e+00   0.000000e+00   0.000000e+00   2.162894e-04
 0.000000e+00   0.000000e+00   4.826421e-04   0.000000e+00   0.000000e+00   7.743480e-04   5.062068e-03  -7.084815e-03   0.000000e+00
 0.000000e+00   0.000000e+00   2.082377e-03   0.000000e+00   0.000000e+00   5.062068e-03   4.200146e-01  -4.977448e-01   0.000000e+00
 0.000000e+00   0.000000e+00  -2.948855e-03   0.000000e+00   0.000000e+00  -7.084815e-03  -4.977448e-01   7.022428e-01   0.000000e+00
 8.036974e-05   8.664853e-05   0.000000e+00   1.283934e-04   2.162894e-04   0.000000e+00   0.000000e+00   0.000000e+00   4.376611e-02

# timestamp: 1774889922.2841363
 1.015624e-03   4.729453e-06   0.000000e+00   4.146512e-04   5.675055e-07   0.000000e+00   0.000000e+00   0.000000e+00  -4.783799e-04
 4.729453e-06   1.013296e-03   0.000000e+00   1.846139e-06   4.135953e-04   0.000000e+00   0.000000e+00   0.000000e+00  -3.523406e-04
 0.000000e+00   0.000000e+00   1.034031e-03   0.000000e+00   0.000000e+00   4.507333e-04   2.791039e-03  -2.650292e-03   0.000000e+00
 4.146512e-04   1.846139e-06   0.000000e+00   6.352091e-04   1.374594e-06   0.000000e+00   0.000000e+00   0.000000e+00  -1.164739e-04
 5.675055e-07   4.135953e-04   0.000000e+00   1.374594e-06   6.361457e-04   0.000000e+00   0.000000e+00   0.000000e+00   3.449473e-05
 0.000000e+00   0.000000e+00   4.507333e-04   0.000000e+00   0.000000e+00   7.223057e-04   5.777138e-03  -7.383831e-03   0.000000e+00
 0.000000e+00   0.000000e+00   2.791039e-03   0.000000e+00   0.000000e+00   5.777138e-03   4.353388e-01  -5.067334e-01   0.000000e+00
 0.000000e+00   0.000000e+00  -2.650292e-03   0.000000e+00   0.000000e+00  -7.383831e-03  -5.067334e-01   7.027452e-01   0.000000e+00
-4.783799e-04  -3.523406e-04   0.000000e+00  -1.164739e-04   3.449473e-05   0.000000e+00   0.000000e+00   0.000000e+00   4.496403e-02

# timestamp: 1774889922.3205316
 1.000261e-03   1.142429e-06   0.000000e+00   4.044939e-04   1.391012e-06   0.000000e+00   0.000000e+00   0.000000e+00   9.358849e-05
 1.142429e-06   1.000377e-03   0.000000e+00   1.181712e-06   4.052902e-04   0.000000e+00   0.000000e+00   0.000000e+00   1.083059e-04
 0.000000e+00   0.000000e+00   1.019563e-03   0.000000e+00   0.000000e+00   4.466114e-04   2.495232e-03  -3.469614e-03   0.000000e+00
 4.044939e-04   1.181712e-06   0.000000e+00   6.243176e-04   2.002447e-06   0.000000e+00   0.000000e+00   0.000000e+00   1.114811e-04
 1.391012e-06   4.052902e-04   0.000000e+00   2.002447e-06   6.263708e-04   0.000000e+00   0.000000e+00   0.000000e+00   2.184250e-04
 0.000000e+00   0.000000e+00   4.466114e-04   0.000000e+00   0.000000e+00   7.180712e-04   5.748840e-03  -7.826520e-03   0.000000e+00
 0.000000e+00   0.000000e+00   2.495232e-03   0.000000e+00   0.000000e+00   5.748840e-03   4.368796e-01  -5.093121e-01   0.000000e+00
 0.000000e+00   0.000000e+00  -3.469614e-03   0.000000e+00   0.000000e+00  -7.826520e-03  -5.093121e-01   7.052086e-01   0.000000e+00
 9.358849e-05   1.083059e-04   0.000000e+00   1.114811e-04   2.184250e-04   0.000000e+00   0.000000e+00   0.000000e+00   4.435279e-02

# timestamp: 1774889922.3543222
 1.027568e-03   1.181585e-06   0.000000e+00   4.138901e-04   1.435406e-06   0.000000e+00   0.000000e+00   0.000000e+00   9.526905e-05
 1.181585e-06   1.027708e-03   0.000000e+00   1.216106e-06   4.147304e-04   0.000000e+00   0.000000e+00   0.000000e+00   1.116112e-04
 0.000000e+00   0.000000e+00   1.048160e-03   0.000000e+00   0.000000e+00   4.578551e-04   2.581787e-03  -3.587469e-03   0.000000e+00
 4.138901e-04   1.216106e-06   0.000000e+00   6.258279e-04   2.027767e-06   0.000000e+00   0.000000e+00   0.000000e+00   1.132170e-04
 1.435406e-06   4.147304e-04   0.000000e+00   2.027767e-06   6.279391e-04   0.000000e+00   0.000000e+00   0.000000e+00   2.252479e-04
 0.000000e+00   0.000000e+00   4.578551e-04   0.000000e+00   0.000000e+00   7.214930e-04   5.808526e-03  -7.913040e-03   0.000000e+00
 0.000000e+00   0.000000e+00   2.581787e-03   0.000000e+00   0.000000e+00   5.808526e-03   4.383814e-01  -5.093121e-01   0.000000e+00
 0.000000e+00   0.000000e+00  -3.587469e-03   0.000000e+00   0.000000e+00  -7.913040e-03  -5.093121e-01   7.067104e-01   0.000000e+00
 9.526905e-05   1.116112e-04   0.000000e+00   1.132170e-04   2.252479e-04   0.000000e+00   0.000000e+00   0.000000e+00   4.585452e-02

# timestamp: 1774889922.3797443
 9.033974e-04   8.349028e-07   0.000000e+00   3.602822e-04   1.117042e-06   0.000000e+00   0.000000e+00   0.000000e+00   6.450399e-05
 8.349028e-07   9.035261e-04   0.000000e+00   9.513808e-07   3.609976e-04   0.000000e+00   0.000000e+00   0.000000e+00   7.805205e-05
 0.000000e+00   0.000000e+00   9.195425e-04   0.000000e+00   0.000000e+00   3.986420e-04   2.324454e-03  -3.152457e-03   0.000000e+00
 3.602822e-04   9.513808e-07   0.000000e+00   5.987801e-04   1.783972e-06   0.000000e+00   0.000000e+00   0.000000e+00   8.689486e-05
 1.117042e-06   3.609976e-04   0.000000e+00   1.783972e-06   6.007260e-04   0.000000e+00   0.000000e+00   0.000000e+00   1.848247e-04
 0.000000e+00   0.000000e+00   3.986420e-04   0.000000e+00   0.000000e+00   6.916057e-04   5.790115e-03  -7.747067e-03   0.000000e+00
 0.000000e+00   0.000000e+00   2.324454e-03   0.000000e+00   0.000000e+00   5.790115e-03   4.380092e-01  -5.128105e-01   0.000000e+00
 0.000000e+00   0.000000e+00  -3.152457e-03   0.000000e+00   0.000000e+00  -7.747067e-03  -5.128105e-01   6.986716e-01   0.000000e+00
 6.450399e-05   7.805205e-05   0.000000e+00   8.689486e-05   1.848247e-04   0.000000e+00   0.000000e+00   0.000000e+00   3.922182e-02

# timestamp: 1774889922.6343784
 9.737650e-04   1.710507e-06   0.000000e+00   3.660278e-04   1.616696e-06   0.000000e+00   0.000000e+00   0.000000e+00   1.657743e-04
 1.710507e-06   9.736634e-04   0.000000e+00   1.265906e-06   3.668827e-04   0.000000e+00   0.000000e+00   0.000000e+00   1.575222e-04
 0.000000e+00   0.000000e+00   9.958213e-04   0.000000e+00   0.000000e+00   4.141036e-04   2.624100e-03  -3.700486e-03   0.000000e+00
 3.660278e-04   1.265906e-06   0.000000e+00   5.690962e-04   1.774528e-06   0.000000e+00   0.000000e+00   0.000000e+00   1.027038e-04
 1.616696e-06   3.668827e-04   0.000000e+00   1.774528e-06   5.712492e-04   0.000000e+00   0.000000e+00   0.000000e+00   2.130695e-04
 0.000000e+00   0.000000e+00   4.141036e-04   0.000000e+00   0.000000e+00   6.773659e-04   6.332145e-03  -8.383230e-03   0.000000e+00
 0.000000e+00   0.000000e+00   2.624100e-03   0.000000e+00   0.000000e+00   6.332145e-03   4.525943e-01  -5.183058e-01   0.000000e+00
 0.000000e+00   0.000000e+00  -3.700486e-03   0.000000e+00   0.000000e+00  -8.383230e-03  -5.183058e-01   7.017050e-01   0.000000e+00
 1.657743e-04   1.575222e-04   0.000000e+00   1.027038e-04   2.130695e-04   0.000000e+00   0.000000e+00   0.000000e+00   4.408214e-02

# timestamp: 1774889922.672471
 9.379621e-04   3.484211e-06   0.000000e+00   3.495170e-04   4.469340e-07   0.000000e+00   0.000000e+00   0.000000e+00  -3.724659e-04
 3.484211e-06   9.365244e-04   0.000000e+00   1.530383e-06   3.488412e-04   0.000000e+00   0.000000e+00   0.000000e+00  -2.803399e-04
 0.000000e+00   0.000000e+00   9.586252e-04   0.000000e+00   0.000000e+00   3.930927e-04   2.988475e-03  -3.009312e-03   0.000000e+00
 3.495170e-04   1.530383e-06   0.000000e+00   5.590298e-04   1.153113e-06   0.000000e+00   0.000000e+00   0.000000e+00  -1.037952e-04
 4.469340e-07   3.488412e-04   0.000000e+00   1.153113e-06   5.601911e-04   0.000000e+00   0.000000e+00   0.000000e+00   3.892632e-05
 0.000000e+00   0.000000e+00   3.930927e-04   0.000000e+00   0.000000e+00   6.644337e-04   6.517069e-03  -8.102951e-03   0.000000e+00
 0.000000e+00   0.000000e+00   2.988475e-03   0.000000e+00   0.000000e+00   6.517069e-03   4.556595e-01  -5.198213e-01   0.000000e+00
 0.000000e+00   0.000000e+00  -3.009312e-03   0.000000e+00   0.000000e+00  -8.102951e-03  -5.198213e-01   6.954435e-01   0.000000e+00
-3.724659e-04  -2.803399e-04   0.000000e+00  -1.037952e-04   3.892632e-05   0.000000e+00   0.000000e+00   0.000000e+00   4.207990e-02

# timestamp: 1774889922.7031076
 9.086345e-04   1.544092e-06   0.000000e+00   3.364995e-04   1.440885e-06   0.000000e+00   0.000000e+00   0.000000e+00   1.550318e-04
 1.544092e-06   9.084807e-04   0.000000e+00   1.118650e-06   3.372593e-04   0.000000e+00   0.000000e+00   0.000000e+00   1.401695e-04
 0.000000e+00   0.000000e+00   9.277168e-04   0.000000e+00   0.000000e+00   3.807969e-04   2.438721e-03  -3.420820e-03   0.000000e+00
 3.364995e-04   1.118650e-06   0.000000e+00   5.505779e-04   1.607642e-06   0.000000e+00   0.000000e+00   0.000000e+00   8.874033e-05
 1.440885e-06   3.372593e-04   0.000000e+00   1.607642e-06   5.525966e-04   0.000000e+00   0.000000e+00   0.000000e+00   1.863920e-04
 0.000000e+00   0.000000e+00   3.807969e-04   0.000000e+00   0.000000e+00   6.572748e-04   6.323913e-03  -8.295572e-03   0.000000e+00
 0.000000e+00   0.000000e+00   2.438721e-03   0.000000e+00   0.000000e+00   6.323913e-03   4.527569e-01  -5.208389e-01   0.000000e+00
 0.000000e+00   0.000000e+00  -3.420820e-03   0.000000e+00   0.000000e+00  -8.295572e-03  -5.208389e-01   6.988149e-01   0.000000e+00
 1.550318e-04   1.401695e-04   0.000000e+00   8.874033e-05   1.863920e-04   0.000000e+00   0.000000e+00   0.000000e+00   4.060911e-02

# timestamp: 1774889922.7295563
 9.794091e-04   1.654305e-06   0.000000e+00   3.595882e-04   1.545843e-06   0.000000e+00   0.000000e+00   0.000000e+00   1.587452e-04
 1.654305e-06   9.793232e-04   0.000000e+00   1.188443e-06   3.604656e-04   0.000000e+00   0.000000e+00   0.000000e+00   1.481004e-04
 0.000000e+00   0.000000e+00   1.002400e-03   0.000000e+00   0.000000e+00   4.092181e-04   2.704372e-03  -3.769377e-03   0.000000e+00
 3.595882e-04   1.188443e-06   0.000000e+00   5.547537e-04   1.631960e-06   0.000000e+00   0.000000e+00   0.000000e+00   8.943858e-05
 1.545843e-06   3.604656e-04   0.000000e+00   1.631960e-06   5.568607e-04   0.000000e+00   0.000000e+00   0.000000e+00   1.967036e-04
 0.000000e+00   0.000000e+00   4.092181e-04   0.000000e+00   0.000000e+00   6.652331e-04   6.440676e-03  -8.454324e-03   0.000000e+00
 0.000000e+00   0.000000e+00   2.704372e-03   0.000000e+00   0.000000e+00   6.440676e-03   4.569297e-01  -5.208389e-01   0.000000e+00
 0.000000e+00   0.000000e+00  -3.769377e-03   0.000000e+00   0.000000e+00  -8.454324e-03  -5.208389e-01   7.029878e-01   0.000000e+00
 1.587452e-04   1.481004e-04   0.000000e+00   8.943858e-05   1.967036e-04   0.000000e+00   0.000000e+00   0.000000e+00   4.478198e-02

# timestamp: 1774889923.0111866
 9.047390e-04   1.650295e-06   0.000000e+00   3.160099e-04   1.313394e-06   0.000000e+00   0.000000e+00   0.000000e+00   1.705759e-04
 1.650295e-06   9.045644e-04   0.000000e+00   1.121945e-06   3.166240e-04   0.000000e+00   0.000000e+00   0.000000e+00   1.438961e-04
 0.000000e+00   0.000000e+00   9.246450e-04   0.000000e+00   0.000000e+00   3.577388e-04   2.499611e-03  -3.438448e-03   0.000000e+00
 3.160099e-04   1.121945e-06   0.000000e+00   5.150369e-04   1.403152e-06   0.000000e+00   0.000000e+00   0.000000e+00   1.021672e-04
 1.313394e-06   3.166240e-04   0.000000e+00   1.403152e-06   5.166366e-04   0.000000e+00   0.000000e+00   0.000000e+00   1.433259e-04
 0.000000e+00   0.000000e+00   3.577388e-04   0.000000e+00   0.000000e+00   6.059627e-04   5.878511e-03  -7.520801e-03   0.000000e+00
 0.000000e+00   0.000000e+00   2.499611e-03   0.000000e+00   0.000000e+00   5.878511e-03   4.689824e-01  -5.268118e-01   0.000000e+00
 0.000000e+00   0.000000e+00  -3.438448e-03   0.000000e+00   0.000000e+00  -7.520801e-03  -5.268118e-01   6.906871e-01   0.000000e+00
 1.705759e-04   1.438961e-04   0.000000e+00   1.021672e-04   1.433259e-04   0.000000e+00   0.000000e+00   0.000000e+00   4.147830e-02

# timestamp: 1774889923.037877
 9.389186e-04   1.701756e-06   0.000000e+00   3.267737e-04   1.353161e-06   0.000000e+00   0.000000e+00   0.000000e+00   1.727338e-04
 1.701756e-06   9.387701e-04   0.000000e+00   1.167286e-06   3.274111e-04   0.000000e+00   0.000000e+00   0.000000e+00   1.468959e-04
 0.000000e+00   0.000000e+00   9.605992e-04   0.000000e+00   0.000000e+00   3.703044e-04   2.621784e-03  -3.594817e-03   0.000000e+00
 3.267737e-04   1.167286e-06   0.000000e+00   5.171404e-04   1.425336e-06   0.000000e+00   0.000000e+00   0.000000e+00   1.068666e-04
 1.353161e-06   3.274111e-04   0.000000e+00   1.425336e-06   5.187347e-04   0.000000e+00   0.000000e+00   0.000000e+00   1.459227e-04
 0.000000e+00   0.000000e+00   3.703044e-04   0.000000e+00   0.000000e+00   6.076667e-04   5.858858e-03  -7.504972e-03   0.000000e+00
 0.000000e+00   0.000000e+00   2.621784e-03   0.000000e+00   0.000000e+00   5.858858e-03   4.710631e-01  -5.268118e-01   0.000000e+00
 0.000000e+00   0.000000e+00  -3.594817e-03   0.000000e+00   0.000000e+00  -7.504972e-03  -5.268118e-01   6.927677e-01   0.000000e+00
 1.727338e-04   1.468959e-04   0.000000e+00   1.068666e-04   1.459227e-04   0.000000e+00   0.000000e+00   0.000000e+00   4.355891e-02

# timestamp: 1774889923.090628
 8.584634e-04   1.197667e-06   0.000000e+00   2.962107e-04   1.034089e-06   0.000000e+00   0.000000e+00   0.000000e+00   1.184139e-04
 1.197667e-06   8.584360e-04   0.000000e+00   9.250028e-07   2.967869e-04   0.000000e+00   0.000000e+00   0.000000e+00   1.026541e-04
 0.000000e+00   0.000000e+00   8.766936e-04   0.000000e+00   0.000000e+00   3.346136e-04   2.469802e-03  -3.265073e-03   0.000000e+00
 2.962107e-04   9.250028e-07   0.000000e+00   5.026136e-04   1.265454e-06   0.000000e+00   0.000000e+00   0.000000e+00   8.713099e-05
 1.034089e-06   2.967869e-04   0.000000e+00   1.265454e-06   5.040740e-04   0.000000e+00   0.000000e+00   0.000000e+00   1.143296e-04
 0.000000e+00   0.000000e+00   3.346136e-04   0.000000e+00   0.000000e+00   5.859113e-04   5.657325e-03  -7.131988e-03   0.000000e+00
 0.000000e+00   0.000000e+00   2.469802e-03   0.000000e+00   0.000000e+00   5.657325e-03   4.729442e-01  -5.294625e-01   0.000000e+00
 0.000000e+00   0.000000e+00  -3.265073e-03   0.000000e+00   0.000000e+00  -7.131988e-03  -5.294625e-01   6.852077e-01   0.000000e+00
 1.184139e-04   1.026541e-04   0.000000e+00   8.713099e-05   1.143296e-04   0.000000e+00   0.000000e+00   0.000000e+00   3.907318e-02

# timestamp: 1774889923.3667693
 9.755640e-04   1.536992e-06   0.000000e+00   3.222114e-04   1.101870e-06   0.000000e+00   0.000000e+00   0.000000e+00   1.294265e-04
 1.536992e-06   9.758751e-04   0.000000e+00   1.122533e-06   3.229463e-04   0.000000e+00   0.000000e+00   0.000000e+00   1.514059e-04
 0.000000e+00   0.000000e+00   1.007888e-03   0.000000e+00   0.000000e+00   3.703451e-04   3.436246e-03  -4.404584e-03   0.000000e+00
 3.222114e-04   1.122533e-06   0.000000e+00   4.923832e-04   1.224783e-06   0.000000e+00   0.000000e+00   0.000000e+00   1.031025e-04
 1.101870e-06   3.229463e-04   0.000000e+00   1.224783e-06   4.936523e-04   0.000000e+00   0.000000e+00   0.000000e+00   1.169355e-04
 0.000000e+00   0.000000e+00   3.703451e-04   0.000000e+00   0.000000e+00   5.653558e-04   5.323340e-03  -6.590193e-03   0.000000e+00
 0.000000e+00   0.000000e+00   3.436246e-03   0.000000e+00   0.000000e+00   5.323340e-03   4.963278e-01  -5.355417e-01   0.000000e+00
 0.000000e+00   0.000000e+00  -4.404584e-03   0.000000e+00   0.000000e+00  -6.590193e-03  -5.355417e-01   6.846286e-01   0.000000e+00
 1.294265e-04   1.514059e-04   0.000000e+00   1.031025e-04   1.169355e-04   0.000000e+00   0.000000e+00   0.000000e+00   4.670524e-02

# timestamp: 1774889923.4034114
 8.744280e-04   1.419143e-06   0.000000e+00   2.871391e-04   9.588492e-07   0.000000e+00   0.000000e+00   0.000000e+00   1.140063e-04
 1.419143e-06   8.748683e-04   0.000000e+00   9.994368e-07   2.878914e-04   0.000000e+00   0.000000e+00   0.000000e+00   1.589634e-04
 0.000000e+00   0.000000e+00   9.052878e-04   0.000000e+00   0.000000e+00   3.330391e-04   3.410641e-03  -4.226563e-03   0.000000e+00
 2.871391e-04   9.994368e-07   0.000000e+00   4.783654e-04   1.115165e-06   0.000000e+00   0.000000e+00   0.000000e+00   8.389265e-05
 9.588492e-07   2.878914e-04   0.000000e+00   1.115165e-06   4.796136e-04   0.000000e+00   0.000000e+00   0.000000e+00   1.082735e-04
 0.000000e+00   0.000000e+00   3.330391e-04   0.000000e+00   0.000000e+00   5.481257e-04   5.254118e-03  -6.270300e-03   0.000000e+00
 0.000000e+00   0.000000e+00   3.410641e-03   0.000000e+00   0.000000e+00   5.254118e-03   4.986666e-01  -5.274315e-01   0.000000e+00
 0.000000e+00   0.000000e+00  -4.226563e-03   0.000000e+00   0.000000e+00  -6.270300e-03  -5.274315e-01   6.481626e-01   0.000000e+00
 1.140063e-04   1.589634e-04   0.000000e+00   8.389265e-05   1.082735e-04   0.000000e+00   0.000000e+00   0.000000e+00   4.066079e-02

# timestamp: 1774889923.4481604
 9.449710e-04   1.508090e-06   0.000000e+00   3.084048e-04   1.022194e-06   0.000000e+00   0.000000e+00   0.000000e+00   1.176995e-04
 1.508090e-06   9.454810e-04   0.000000e+00   1.045409e-06   3.092347e-04   0.000000e+00   0.000000e+00   0.000000e+00   1.638396e-04
 0.000000e+00   0.000000e+00   9.800476e-04   0.000000e+00   0.000000e+00   3.580238e-04   3.644234e-03  -4.505352e-03   0.000000e+00
 3.084048e-04   1.045409e-06   0.000000e+00   4.827832e-04   1.122773e-06   0.000000e+00   0.000000e+00   0.000000e+00   8.296462e-05
 1.022194e-06   3.092347e-04   0.000000e+00   1.122773e-06   4.840615e-04   0.000000e+00   0.000000e+00   0.000000e+00   1.134573e-04
 0.000000e+00   0.000000e+00   3.580238e-04   0.000000e+00   0.000000e+00   5.542845e-04   5.327951e-03  -6.359455e-03   0.000000e+00
 0.000000e+00   0.000000e+00   3.644234e-03   0.000000e+00   0.000000e+00   5.327951e-03   5.030879e-01  -5.274315e-01   0.000000e+00
 0.000000e+00   0.000000e+00  -4.505352e-03   0.000000e+00   0.000000e+00  -6.359455e-03  -5.274315e-01   6.525839e-01   0.000000e+00
 1.176995e-04   1.638396e-04   0.000000e+00   8.296462e-05   1.134573e-04   0.000000e+00   0.000000e+00   0.000000e+00   4.508212e-02

# timestamp: 1774889923.6740172
 8.861122e-04   3.235338e-06   0.000000e+00   2.811709e-04   7.160217e-07   0.000000e+00   0.000000e+00   0.000000e+00  -3.557212e-04
 3.235338e-06   8.851014e-04   0.000000e+00   1.343913e-06   2.809133e-04   0.000000e+00   0.000000e+00   0.000000e+00  -2.709696e-04
 0.000000e+00   0.000000e+00   9.200664e-04   0.000000e+00   0.000000e+00   3.314226e-04   4.062826e-03  -3.770718e-03   0.000000e+00
 2.811709e-04   1.343913e-06   0.000000e+00   4.626391e-04   8.170015e-07   0.000000e+00   0.000000e+00   0.000000e+00  -1.096514e-04
 7.160217e-07   2.809133e-04   0.000000e+00   8.170015e-07   4.633835e-04   0.000000e+00   0.000000e+00   0.000000e+00  -1.279602e-05
 0.000000e+00   0.000000e+00   3.314226e-04   0.000000e+00   0.000000e+00   5.418891e-04   5.965045e-03  -6.372304e-03   0.000000e+00
 0.000000e+00   0.000000e+00   4.062826e-03   0.000000e+00   0.000000e+00   5.965045e-03   5.175146e-01  -5.177045e-01   0.000000e+00
 0.000000e+00   0.000000e+00  -3.770718e-03   0.000000e+00   0.000000e+00  -6.372304e-03  -5.177045e-01   6.056747e-01   0.000000e+00
-3.557212e-04  -2.709696e-04   0.000000e+00  -1.096514e-04  -1.279602e-05   0.000000e+00   0.000000e+00   0.000000e+00   4.197839e-02

# timestamp: 1774889923.6910303
 9.180949e-04   3.277463e-06   0.000000e+00   2.906438e-04   6.833618e-07   0.000000e+00   0.000000e+00   0.000000e+00  -3.579667e-04
 3.277463e-06   9.170733e-04   0.000000e+00   1.380700e-06   2.903372e-04   0.000000e+00   0.000000e+00   0.000000e+00  -2.712036e-04
 0.000000e+00   0.000000e+00   9.541341e-04   0.000000e+00   0.000000e+00   3.433364e-04   4.184688e-03  -3.900921e-03   0.000000e+00
 2.906438e-04   1.380700e-06   0.000000e+00   4.646905e-04   8.024121e-07   0.000000e+00   0.000000e+00   0.000000e+00  -1.129014e-04
 6.833618e-07   2.903372e-04   0.000000e+00   8.024121e-07   4.654156e-04   0.000000e+00   0.000000e+00   0.000000e+00  -6.796787e-06
 0.000000e+00   0.000000e+00   3.433364e-04   0.000000e+00   0.000000e+00   5.465936e-04   6.075048e-03  -6.494535e-03   0.000000e+00
 0.000000e+00   0.000000e+00   4.184688e-03   0.000000e+00   0.000000e+00   6.075048e-03   5.195494e-01  -5.177045e-01   0.000000e+00
 0.000000e+00   0.000000e+00  -3.900921e-03   0.000000e+00   0.000000e+00  -6.494535e-03  -5.177045e-01   6.077095e-01   0.000000e+00
-3.579667e-04  -2.712036e-04   0.000000e+00  -1.129014e-04  -6.796787e-06   0.000000e+00   0.000000e+00   0.000000e+00   4.401317e-02

# timestamp: 1774889923.7465181
 9.301759e-04   1.555517e-06   0.000000e+00   2.924345e-04   1.060318e-06   0.000000e+00   0.000000e+00   0.000000e+00   1.348179e-04
 1.555517e-06   9.305970e-04   0.000000e+00   7.960637e-07   2.934361e-04   0.000000e+00   0.000000e+00   0.000000e+00   1.615934e-04
 0.000000e+00   0.000000e+00   9.628516e-04   0.000000e+00   0.000000e+00   3.451065e-04   3.503682e-03  -4.176186e-03   0.000000e+00
 2.924345e-04   7.960637e-07   0.000000e+00   4.624990e-04   8.685514e-07   0.000000e+00   0.000000e+00   0.000000e+00   3.365675e-05
 1.060318e-06   2.934361e-04   0.000000e+00   8.685514e-07   4.639279e-04   0.000000e+00   0.000000e+00   0.000000e+00   1.398410e-04
 0.000000e+00   0.000000e+00   3.451065e-04   0.000000e+00   0.000000e+00   5.491777e-04   6.051356e-03  -6.852580e-03   0.000000e+00
 0.000000e+00   0.000000e+00   3.503682e-03   0.000000e+00   0.000000e+00   6.051356e-03   5.138001e-01  -5.163360e-01   0.000000e+00
 0.000000e+00   0.000000e+00  -4.176186e-03   0.000000e+00   0.000000e+00  -6.852580e-03  -5.163360e-01   6.135408e-01   0.000000e+00
 1.348179e-04   1.615934e-04   0.000000e+00   3.365675e-05   1.398410e-04   0.000000e+00   0.000000e+00   0.000000e+00   4.489377e-02

# timestamp: 1774889923.9750175
 8.962390e-04   2.602588e-06   0.000000e+00   2.752443e-04   2.109953e-07   0.000000e+00   0.000000e+00   0.000000e+00  -3.161072e-04
 2.602588e-06   8.949498e-04   0.000000e+00   1.260297e-06   2.744927e-04   0.000000e+00   0.000000e+00   0.000000e+00  -2.094899e-04
 0.000000e+00   0.000000e+00   9.334264e-04   0.000000e+00   0.000000e+00   3.376975e-04   4.062104e-03  -4.140111e-03   0.000000e+00
 2.752443e-04   1.260297e-06   0.000000e+00   4.477286e-04   4.819655e-07   0.000000e+00   0.000000e+00   0.000000e+00  -1.323407e-04
 2.109953e-07   2.744927e-04   0.000000e+00   4.819655e-07   4.482775e-04   0.000000e+00   0.000000e+00   0.000000e+00   4.066272e-05
 0.000000e+00   0.000000e+00   3.376975e-04   0.000000e+00   0.000000e+00   5.581865e-04   6.818621e-03  -7.806572e-03   0.000000e+00
 0.000000e+00   0.000000e+00   4.062104e-03   0.000000e+00   0.000000e+00   6.818621e-03   4.756384e-01  -5.028259e-01   0.000000e+00
 0.000000e+00   0.000000e+00  -4.140111e-03   0.000000e+00   0.000000e+00  -7.806572e-03  -5.028259e-01   6.277077e-01   0.000000e+00
-3.161072e-04  -2.094899e-04   0.000000e+00  -1.323407e-04   4.066272e-05   0.000000e+00   0.000000e+00   0.000000e+00   4.307749e-02

# timestamp: 1774889923.998256
 8.412314e-04   1.516765e-06   0.000000e+00   2.576817e-04   1.051135e-06   0.000000e+00   0.000000e+00   0.000000e+00   1.643299e-04
 1.516765e-06   8.410710e-04   0.000000e+00   6.117515e-07   2.585215e-04   0.000000e+00   0.000000e+00   0.000000e+00   1.416611e-04
 0.000000e+00   0.000000e+00   8.635252e-04   0.000000e+00   0.000000e+00   3.042912e-04   2.591230e-03  -3.418285e-03   0.000000e+00
 2.576817e-04   6.117515e-07   0.000000e+00   4.417467e-04   6.412284e-07   0.000000e+00   0.000000e+00   0.000000e+00   1.691082e-05
 1.051135e-06   2.585215e-04   0.000000e+00   6.412284e-07   4.431484e-04   0.000000e+00   0.000000e+00   0.000000e+00   1.405175e-04
 0.000000e+00   0.000000e+00   3.042912e-04   0.000000e+00   0.000000e+00   5.430812e-04   6.189016e-03  -7.521082e-03   0.000000e+00
 0.000000e+00   0.000000e+00   2.591230e-03   0.000000e+00   0.000000e+00   6.189016e-03   4.505180e-01  -4.888499e-01   0.000000e+00
 0.000000e+00   0.000000e+00  -3.418285e-03   0.000000e+00   0.000000e+00  -7.521082e-03  -4.888499e-01   6.216434e-01   0.000000e+00
 1.643299e-04   1.416611e-04   0.000000e+00   1.691082e-05   1.405175e-04   0.000000e+00   0.000000e+00   0.000000e+00   3.973823e-02

# timestamp: 1774889924.0164635
 8.763709e-04   1.555516e-06   0.000000e+00   2.678784e-04   1.093124e-06   0.000000e+00   0.000000e+00   0.000000e+00   1.646928e-04
 1.555516e-06   8.762505e-04   0.000000e+00   6.137637e-07   2.687891e-04   0.000000e+00   0.000000e+00   0.000000e+00   1.449480e-04
 0.000000e+00   0.000000e+00   9.008783e-04   0.000000e+00   0.000000e+00   3.176865e-04   2.734680e-03  -3.592607e-03   0.000000e+00
 2.678784e-04   6.137637e-07   0.000000e+00   4.440474e-04   6.310450e-07   0.000000e+00   0.000000e+00   0.000000e+00   1.326966e-05
 1.093124e-06   2.687891e-04   0.000000e+00   6.310450e-07   4.454995e-04   0.000000e+00   0.000000e+00   0.000000e+00   1.473665e-04
 0.000000e+00   0.000000e+00   3.176865e-04   0.000000e+00   0.000000e+00   5.490052e-04   6.309936e-03  -7.667523e-03   0.000000e+00
 0.000000e+00   0.000000e+00   2.734680e-03   0.000000e+00   0.000000e+00   6.309936e-03   4.528213e-01  -4.888499e-01   0.000000e+00
 0.000000e+00   0.000000e+00  -3.592607e-03   0.000000e+00   0.000000e+00  -7.667523e-03  -4.888499e-01   6.239468e-01   0.000000e+00
 1.646928e-04   1.449480e-04   0.000000e+00   1.326966e-05   1.473665e-04   0.000000e+00   0.000000e+00   0.000000e+00   4.204161e-02

# timestamp: 1774889924.0422475
 9.263584e-04   1.611421e-06   0.000000e+00   2.822479e-04   1.151606e-06   0.000000e+00   0.000000e+00   0.000000e+00   1.650649e-04
 1.611421e-06   9.262994e-04   0.000000e+00   6.156559e-07   2.832610e-04   0.000000e+00   0.000000e+00   0.000000e+00   1.498051e-04
 0.000000e+00   0.000000e+00   9.542138e-04   0.000000e+00   0.000000e+00   3.367425e-04   2.939920e-03  -3.841999e-03   0.000000e+00
 2.822479e-04   6.156559e-07   0.000000e+00   4.472696e-04   6.146829e-07   0.000000e+00   0.000000e+00   0.000000e+00   7.810848e-06
 1.151606e-06   2.832610e-04   0.000000e+00   6.146829e-07   4.487950e-04   0.000000e+00   0.000000e+00   0.000000e+00   1.576345e-04
 0.000000e+00   0.000000e+00   3.367425e-04   0.000000e+00   0.000000e+00   5.574163e-04   6.479585e-03  -7.873221e-03   0.000000e+00
 0.000000e+00   0.000000e+00   2.939920e-03   0.000000e+00   0.000000e+00   6.479585e-03   4.560461e-01  -4.888499e-01   0.000000e+00
 0.000000e+00   0.000000e+00  -3.841999e-03   0.000000e+00   0.000000e+00  -7.873221e-03  -4.888499e-01   6.271715e-01   0.000000e+00
 1.650649e-04   1.498051e-04   0.000000e+00   7.810848e-06   1.576345e-04   0.000000e+00   0.000000e+00   0.000000e+00   4.526637e-02

# timestamp: 1774889924.0825043
 8.284780e-04   1.294295e-06   0.000000e+00   2.516109e-04   9.560273e-07   0.000000e+00   0.000000e+00   0.000000e+00   1.468531e-04
 1.294295e-06   8.282540e-04   0.000000e+00   5.175246e-07   2.523950e-04   0.000000e+00   0.000000e+00   0.000000e+00   1.136857e-04
 0.000000e+00   0.000000e+00   8.480060e-04   0.000000e+00   0.000000e+00   2.958005e-04   2.327577e-03  -3.157161e-03   0.000000e+00
 2.516109e-04   5.175246e-07   0.000000e+00   4.367107e-04   5.486927e-07   0.000000e+00   0.000000e+00   0.000000e+00   6.490910e-06
 9.560273e-07   2.523950e-04   0.000000e+00   5.486927e-07   4.380748e-04   0.000000e+00   0.000000e+00   0.000000e+00   1.309048e-04
 0.000000e+00   0.000000e+00   2.958005e-04   0.000000e+00   0.000000e+00   5.411379e-04   6.084224e-03  -7.626056e-03   0.000000e+00
 0.000000e+00   0.000000e+00   2.327577e-03   0.000000e+00   0.000000e+00   6.084224e-03   4.220158e-01  -4.718337e-01   0.000000e+00
 0.000000e+00   0.000000e+00  -3.157161e-03   0.000000e+00   0.000000e+00  -7.626056e-03  -4.718337e-01   6.207339e-01   0.000000e+00
 1.468531e-04   1.136857e-04   0.000000e+00   6.490910e-06   1.309048e-04   0.000000e+00   0.000000e+00   0.000000e+00   3.911395e-02

# timestamp: 1774889924.304808
 8.436910e-04   1.138965e-06   0.000000e+00   2.516974e-04   8.183902e-07   0.000000e+00   0.000000e+00   0.000000e+00   1.315691e-04
 1.138965e-06   8.434533e-04   0.000000e+00   4.350508e-07   2.524162e-04   0.000000e+00   0.000000e+00   0.000000e+00   9.835182e-05
 0.000000e+00   0.000000e+00   8.645378e-04   0.000000e+00   0.000000e+00   2.985504e-04   2.298337e-03  -3.277514e-03   0.000000e+00
 2.516974e-04   4.350508e-07   0.000000e+00   4.301708e-04   4.138335e-07   0.000000e+00   0.000000e+00   0.000000e+00   2.483169e-07
 8.183902e-07   2.524162e-04   0.000000e+00   4.138335e-07   4.314331e-04   0.000000e+00   0.000000e+00   0.000000e+00   1.168229e-04
 0.000000e+00   0.000000e+00   2.985504e-04   0.000000e+00   0.000000e+00   5.395422e-04   5.894644e-03  -7.835817e-03   0.000000e+00
 0.000000e+00   0.000000e+00   2.298337e-03   0.000000e+00   0.000000e+00   5.894644e-03   3.820565e-01  -4.484798e-01   0.000000e+00
 0.000000e+00   0.000000e+00  -3.277514e-03   0.000000e+00   0.000000e+00  -7.835817e-03  -4.484798e-01   6.291634e-01   0.000000e+00
 1.315691e-04   9.835182e-05   0.000000e+00   2.483169e-07   1.168229e-04   0.000000e+00   0.000000e+00   0.000000e+00   4.033990e-02

# timestamp: 1774889924.3383398
 9.076112e-04   1.192526e-06   0.000000e+00   2.698844e-04   8.547360e-07   0.000000e+00   0.000000e+00   0.000000e+00   1.315507e-04
 1.192526e-06   9.074366e-04   0.000000e+00   4.469498e-07   2.706783e-04   0.000000e+00   0.000000e+00   0.000000e+00   1.033381e-04
 0.000000e+00   0.000000e+00   9.326046e-04   0.000000e+00   0.000000e+00   3.220150e-04   2.547061e-03  -3.608169e-03   0.000000e+00
 2.698844e-04   4.469498e-07   0.000000e+00   4.343718e-04   4.073389e-07   0.000000e+00   0.000000e+00   0.000000e+00  -2.048400e-06
 8.547360e-07   2.706783e-04   0.000000e+00   4.073389e-07   4.356687e-04   0.000000e+00   0.000000e+00   0.000000e+00   1.230841e-04
 0.000000e+00   0.000000e+00   3.220150e-04   0.000000e+00   0.000000e+00   5.466586e-04   5.979994e-03  -7.951114e-03   0.000000e+00
 0.000000e+00   0.000000e+00   2.547061e-03   0.000000e+00   0.000000e+00   5.979994e-03   3.862575e-01  -4.484798e-01   0.000000e+00
 0.000000e+00   0.000000e+00  -3.608169e-03   0.000000e+00   0.000000e+00  -7.951114e-03  -4.484798e-01   6.333644e-01   0.000000e+00
 1.315507e-04   1.033381e-04   0.000000e+00  -2.048400e-06   1.230841e-04   0.000000e+00   0.000000e+00   0.000000e+00   4.454086e-02

# timestamp: 1774889924.3546185
 7.820936e-04   8.170757e-07   0.000000e+00   2.323212e-04   6.238084e-07   0.000000e+00   0.000000e+00   0.000000e+00   8.848705e-05
 8.170757e-07   7.820036e-04   0.000000e+00   3.360638e-07   2.329651e-04   0.000000e+00   0.000000e+00   0.000000e+00   7.057339e-05
 0.000000e+00   0.000000e+00   8.007925e-04   0.000000e+00   0.000000e+00   2.763419e-04   2.187801e-03  -3.112592e-03   0.000000e+00
 2.323212e-04   3.360638e-07   0.000000e+00   4.228425e-04   3.513751e-07   0.000000e+00   0.000000e+00   0.000000e+00  -7.095125e-06
 6.238084e-07   2.329651e-04   0.000000e+00   3.513751e-07   4.240103e-04   0.000000e+00   0.000000e+00   0.000000e+00   9.585169e-05
 0.000000e+00   0.000000e+00   2.763419e-04   0.000000e+00   0.000000e+00   5.298200e-04   5.738629e-03  -7.761571e-03   0.000000e+00
 0.000000e+00   0.000000e+00   2.187801e-03   0.000000e+00   0.000000e+00   5.738629e-03   3.675957e-01  -4.438718e-01   0.000000e+00
 0.000000e+00   0.000000e+00  -3.112592e-03   0.000000e+00   0.000000e+00  -7.761571e-03  -4.438718e-01   6.318495e-01   0.000000e+00
 8.848705e-05   7.057339e-05   0.000000e+00  -7.095125e-06   9.585169e-05   0.000000e+00   0.000000e+00   0.000000e+00   3.653612e-02

# timestamp: 1774889924.6298416
 8.924399e-04   1.054495e-06   0.000000e+00   2.599924e-04   6.168947e-07   0.000000e+00   0.000000e+00   0.000000e+00   1.169428e-04
 1.054495e-06   8.922804e-04   0.000000e+00   3.764376e-07   2.606093e-04   0.000000e+00   0.000000e+00   0.000000e+00   9.975657e-05
 0.000000e+00   0.000000e+00   9.206630e-04   0.000000e+00   0.000000e+00   3.135326e-04   2.657390e-03  -3.922240e-03   0.000000e+00
 2.599924e-04   3.764376e-07   0.000000e+00   4.239293e-04   3.026588e-07   0.000000e+00   0.000000e+00   0.000000e+00   6.100994e-06
 6.168947e-07   2.606093e-04   0.000000e+00   3.026588e-07   4.249490e-04   0.000000e+00   0.000000e+00   0.000000e+00   8.455852e-05
 0.000000e+00   0.000000e+00   3.135326e-04   0.000000e+00   0.000000e+00   5.277531e-04   5.517346e-03  -7.698234e-03   0.000000e+00
 0.000000e+00   0.000000e+00   2.657390e-03   0.000000e+00   0.000000e+00   5.517346e-03   3.629789e-01  -4.408344e-01   0.000000e+00
 0.000000e+00   0.000000e+00  -3.922240e-03   0.000000e+00   0.000000e+00  -7.698234e-03  -4.408344e-01   6.529503e-01   0.000000e+00
 1.169428e-04   9.975657e-05   0.000000e+00   6.100994e-06   8.455852e-05   0.000000e+00   0.000000e+00   0.000000e+00   4.386537e-02

# timestamp: 1774889924.6569552
 9.415212e-04   1.086586e-06   0.000000e+00   2.736268e-04   6.288216e-07   0.000000e+00   0.000000e+00   0.000000e+00   1.171241e-04
 1.086586e-06   9.414024e-04   0.000000e+00   3.829452e-07   2.742819e-04   0.000000e+00   0.000000e+00   0.000000e+00   1.024715e-04
 0.000000e+00   0.000000e+00   9.732811e-04   0.000000e+00   0.000000e+00   3.306651e-04   2.834164e-03  -4.168875e-03   0.000000e+00
 2.736268e-04   3.829452e-07   0.000000e+00   4.271294e-04   3.001254e-07   0.000000e+00   0.000000e+00   0.000000e+00   4.671289e-06
 6.288216e-07   2.742819e-04   0.000000e+00   3.001254e-07   4.281527e-04   0.000000e+00   0.000000e+00   0.000000e+00   8.545018e-05
 0.000000e+00   0.000000e+00   3.306651e-04   0.000000e+00   0.000000e+00   5.315950e-04   5.537210e-03  -7.724594e-03   0.000000e+00
 0.000000e+00   0.000000e+00   2.834164e-03   0.000000e+00   0.000000e+00   5.537210e-03   3.661793e-01  -4.408344e-01   0.000000e+00
 0.000000e+00   0.000000e+00  -4.168875e-03   0.000000e+00   0.000000e+00  -7.724594e-03  -4.408344e-01   6.561507e-01   0.000000e+00
 1.171241e-04   1.024715e-04   0.000000e+00   4.671289e-06   8.545018e-05   0.000000e+00   0.000000e+00   0.000000e+00   4.706576e-02

# timestamp: 1774889924.7053554
 8.576508e-04   7.650175e-07   0.000000e+00   2.487242e-04   4.631833e-07   0.000000e+00   0.000000e+00   0.000000e+00   7.812307e-05
 7.650175e-07   8.576250e-04   0.000000e+00   2.879202e-07   2.492946e-04   0.000000e+00   0.000000e+00   0.000000e+00   7.122252e-05
 0.000000e+00   0.000000e+00   8.843008e-04   0.000000e+00   0.000000e+00   2.997287e-04   2.631911e-03  -3.805092e-03   0.000000e+00
 2.487242e-04   2.879202e-07   0.000000e+00   4.189481e-04   2.526174e-07   0.000000e+00   0.000000e+00   0.000000e+00  -2.754835e-06
 4.631833e-07   2.492946e-04   0.000000e+00   2.526174e-07   4.198818e-04   0.000000e+00   0.000000e+00   0.000000e+00   6.396372e-05
 0.000000e+00   0.000000e+00   2.997287e-04   0.000000e+00   0.000000e+00   5.182604e-04   5.406236e-03  -7.511393e-03   0.000000e+00
 0.000000e+00   0.000000e+00   2.631911e-03   0.000000e+00   0.000000e+00   5.406236e-03   3.629914e-01  -4.435255e-01   0.000000e+00
 0.000000e+00   0.000000e+00  -3.805092e-03   0.000000e+00   0.000000e+00  -7.511393e-03  -4.435255e-01   6.541804e-01   0.000000e+00
 7.812307e-05   7.122252e-05   0.000000e+00  -2.754835e-06   6.396372e-05   0.000000e+00   0.000000e+00   0.000000e+00   4.175261e-02

# timestamp: 1774889924.7252498
 8.981925e-04   7.853617e-07   0.000000e+00   2.600282e-04   4.698834e-07   0.000000e+00   0.000000e+00   0.000000e+00   7.803692e-05
 7.853617e-07   8.981981e-04   0.000000e+00   2.923239e-07   2.606262e-04   0.000000e+00   0.000000e+00   0.000000e+00   7.294097e-05
 0.000000e+00   0.000000e+00   9.276569e-04   0.000000e+00   0.000000e+00   3.137926e-04   2.777283e-03  -4.007053e-03   0.000000e+00
 2.600282e-04   2.923239e-07   0.000000e+00   4.216355e-04   2.505302e-07   0.000000e+00   0.000000e+00   0.000000e+00  -4.179258e-06
 4.698834e-07   2.606262e-04   0.000000e+00   2.505302e-07   4.225688e-04   0.000000e+00   0.000000e+00   0.000000e+00   6.392467e-05
 0.000000e+00   0.000000e+00   3.137926e-04   0.000000e+00   0.000000e+00   5.212879e-04   5.417764e-03  -7.525304e-03   0.000000e+00
 0.000000e+00   0.000000e+00   2.777283e-03   0.000000e+00   0.000000e+00   5.417764e-03   3.656785e-01  -4.435255e-01   0.000000e+00
 0.000000e+00   0.000000e+00  -4.007053e-03   0.000000e+00   0.000000e+00  -7.525304e-03  -4.435255e-01   6.568675e-01   0.000000e+00
 7.803692e-05   7.294097e-05   0.000000e+00  -4.179258e-06   6.392467e-05   0.000000e+00   0.000000e+00   0.000000e+00   4.443973e-02

# timestamp: 1774889924.966967
 8.789024e-04   3.153948e-06   0.000000e+00   2.510819e-04   8.595159e-07   0.000000e+00   0.000000e+00   0.000000e+00  -3.752411e-04
 3.153948e-06   8.773150e-04   0.000000e+00   1.154106e-06   2.506879e-04   0.000000e+00   0.000000e+00   0.000000e+00  -2.757040e-04
 0.000000e+00   0.000000e+00   9.073820e-04   0.000000e+00   0.000000e+00   2.988350e-04   3.115404e-03  -3.410841e-03   0.000000e+00
 2.510819e-04   1.154106e-06   0.000000e+00   4.143228e-04   4.017048e-07   0.000000e+00   0.000000e+00   0.000000e+00  -1.325074e-04
 8.595159e-07   2.506879e-04   0.000000e+00   4.017048e-07   4.146984e-04   0.000000e+00   0.000000e+00   0.000000e+00  -6.222697e-05
 0.000000e+00   0.000000e+00   2.988350e-04   0.000000e+00   0.000000e+00   4.998909e-04   5.195935e-03  -6.752429e-03   0.000000e+00
 0.000000e+00   0.000000e+00   3.115404e-03   0.000000e+00   0.000000e+00   5.195935e-03   3.778391e-01  -4.509831e-01   0.000000e+00
 0.000000e+00   0.000000e+00  -3.410841e-03   0.000000e+00   0.000000e+00  -6.752429e-03  -4.509831e-01   6.508953e-01   0.000000e+00
-3.752411e-04  -2.757040e-04   0.000000e+00  -1.325074e-04  -6.222697e-05   0.000000e+00   0.000000e+00   0.000000e+00   4.315827e-02

# timestamp: 1774889924.9868724
 8.977214e-04   3.179191e-06   0.000000e+00   2.562755e-04   8.710754e-07   0.000000e+00   0.000000e+00   0.000000e+00  -3.768988e-04
 3.179191e-06   8.961242e-04   0.000000e+00   1.165876e-06   2.558818e-04   0.000000e+00   0.000000e+00   0.000000e+00  -2.764833e-04
 0.000000e+00   0.000000e+00   9.274067e-04   0.000000e+00   0.000000e+00   3.051048e-04   3.180278e-03  -3.495143e-03   0.000000e+00
 2.562755e-04   1.165876e-06   0.000000e+00   4.155778e-04   4.055412e-07   0.000000e+00   0.000000e+00   0.000000e+00  -1.335836e-04
 8.710754e-07   2.558818e-04   0.000000e+00   4.055412e-07   4.159491e-04   0.000000e+00   0.000000e+00   0.000000e+00  -6.299206e-05
 0.000000e+00   0.000000e+00   3.051048e-04   0.000000e+00   0.000000e+00   5.011587e-04   5.197354e-03  -6.752125e-03   0.000000e+00
 0.000000e+00   0.000000e+00   3.180278e-03   0.000000e+00   0.000000e+00   5.197354e-03   3.790876e-01  -4.509831e-01   0.000000e+00
 0.000000e+00   0.000000e+00  -3.495143e-03   0.000000e+00   0.000000e+00  -6.752125e-03  -4.509831e-01   6.521438e-01   0.000000e+00
-3.768988e-04  -2.764833e-04   0.000000e+00  -1.335836e-04  -6.299206e-05   0.000000e+00   0.000000e+00   0.000000e+00   4.440674e-02

# timestamp: 1774889925.0038202
 8.506500e-04   1.202162e-06   0.000000e+00   2.422491e-04   4.767454e-07   0.000000e+00   0.000000e+00   0.000000e+00   1.453861e-04
 1.202162e-06   8.503501e-04   0.000000e+00   3.657874e-07   2.426387e-04   0.000000e+00   0.000000e+00   0.000000e+00   1.190506e-04
 0.000000e+00   0.000000e+00   8.777356e-04   0.000000e+00   0.000000e+00   2.893051e-04   2.604419e-03  -3.840437e-03   0.000000e+00
 2.422491e-04   3.657874e-07   0.000000e+00   4.111011e-04   2.254755e-07   0.000000e+00   0.000000e+00   0.000000e+00   1.726393e-05
 4.767454e-07   2.426387e-04   0.000000e+00   2.254755e-07   4.118058e-04   0.000000e+00   0.000000e+00   0.000000e+00   4.699263e-05
 0.000000e+00   0.000000e+00   2.893051e-04   0.000000e+00   0.000000e+00   4.948979e-04   4.981169e-03  -6.811892e-03   0.000000e+00
 0.000000e+00   0.000000e+00   2.604419e-03   0.000000e+00   0.000000e+00   4.981169e-03   3.756591e-01  -4.526019e-01   0.000000e+00
 0.000000e+00   0.000000e+00  -3.840437e-03   0.000000e+00   0.000000e+00  -6.811892e-03  -4.526019e-01   6.538377e-01   0.000000e+00
 1.453861e-04   1.190506e-04   0.000000e+00   1.726393e-05   4.699263e-05   0.000000e+00   0.000000e+00   0.000000e+00   4.124838e-02

# timestamp: 1774889925.0352824
 8.900464e-04   1.224431e-06   0.000000e+00   2.531216e-04   4.769688e-07   0.000000e+00   0.000000e+00   0.000000e+00   1.458284e-04
 1.224431e-06   8.897675e-04   0.000000e+00   3.676052e-07   2.535301e-04   0.000000e+00   0.000000e+00   0.000000e+00   1.202743e-04
 0.000000e+00   0.000000e+00   9.196686e-04   0.000000e+00   0.000000e+00   3.023258e-04   2.735611e-03  -4.019814e-03   0.000000e+00
 2.531216e-04   3.676052e-07   0.000000e+00   4.137346e-04   2.232490e-07   0.000000e+00   0.000000e+00   0.000000e+00   1.579139e-05
 4.769688e-07   2.535301e-04   0.000000e+00   2.232490e-07   4.144368e-04   0.000000e+00   0.000000e+00   0.000000e+00   4.531011e-05
 0.000000e+00   0.000000e+00   3.023258e-04   0.000000e+00   0.000000e+00   4.973409e-04   4.976387e-03  -6.801743e-03   0.000000e+00
 0.000000e+00   0.000000e+00   2.735611e-03   0.000000e+00   0.000000e+00   4.976387e-03   3.782937e-01  -4.526019e-01   0.000000e+00
 0.000000e+00   0.000000e+00  -4.019814e-03   0.000000e+00   0.000000e+00  -6.801743e-03  -4.526019e-01   6.564722e-01   0.000000e+00
 1.458284e-04   1.202743e-04   0.000000e+00   1.579139e-05   4.531011e-05   0.000000e+00   0.000000e+00   0.000000e+00   4.388295e-02

# timestamp: 1774889925.263247
 8.580264e-04   3.026793e-06   0.000000e+00   2.413840e-04   9.815825e-07   0.000000e+00   0.000000e+00   0.000000e+00  -3.209507e-04
 3.026793e-06   8.576390e-04   0.000000e+00   9.809232e-07   2.415853e-04   0.000000e+00   0.000000e+00   0.000000e+00  -2.988420e-04
 0.000000e+00   0.000000e+00   8.772546e-04   0.000000e+00   0.000000e+00   2.732226e-04   2.441650e-03  -2.383137e-03   0.000000e+00
 2.413840e-04   9.809232e-07   0.000000e+00   4.066881e-04   3.894383e-07   0.000000e+00   0.000000e+00   0.000000e+00  -9.991068e-05
 9.815825e-07   2.415853e-04   0.000000e+00   3.894383e-07   4.072198e-04   0.000000e+00   0.000000e+00   0.000000e+00  -9.280182e-05
 0.000000e+00   0.000000e+00   2.732226e-04   0.000000e+00   0.000000e+00   4.656870e-04   4.282337e-03  -5.197435e-03   0.000000e+00
 0.000000e+00   0.000000e+00   2.441650e-03   0.000000e+00   0.000000e+00   4.282337e-03   3.946380e-01  -4.455830e-01   0.000000e+00
 0.000000e+00   0.000000e+00  -2.383137e-03   0.000000e+00   0.000000e+00  -5.197435e-03  -4.455830e-01   6.048998e-01   0.000000e+00
-3.209507e-04  -2.988420e-04   0.000000e+00  -9.991068e-05  -9.280182e-05   0.000000e+00   0.000000e+00   0.000000e+00   4.190288e-02

# timestamp: 1774889925.2921991
 8.260219e-04   1.082044e-06   0.000000e+00   2.320340e-04   3.320394e-07   0.000000e+00   0.000000e+00   0.000000e+00   1.284468e-04
 1.082044e-06   8.258530e-04   0.000000e+00   3.460282e-07   2.322842e-04   0.000000e+00   0.000000e+00   0.000000e+00   1.085964e-04
 0.000000e+00   0.000000e+00   8.488180e-04   0.000000e+00   0.000000e+00   2.682809e-04   2.423183e-03  -3.310539e-03   0.000000e+00
 2.320340e-04   3.460282e-07   0.000000e+00   4.036300e-04   1.802554e-07   0.000000e+00   0.000000e+00   0.000000e+00   2.994608e-05
 3.320394e-07   2.322842e-04   0.000000e+00   1.802554e-07   4.041664e-04   0.000000e+00   0.000000e+00   0.000000e+00   2.032851e-05
 0.000000e+00   0.000000e+00   2.682809e-04   0.000000e+00   0.000000e+00   4.629099e-04   4.193996e-03  -5.320723e-03   0.000000e+00
 0.000000e+00   0.000000e+00   2.423183e-03   0.000000e+00   0.000000e+00   4.193996e-03   3.972000e-01  -4.470810e-01   0.000000e+00
 0.000000e+00   0.000000e+00  -3.310539e-03   0.000000e+00   0.000000e+00  -5.320723e-03  -4.470810e-01   5.993231e-01   0.000000e+00
 1.284468e-04   1.085964e-04   0.000000e+00   2.994608e-05   2.032851e-05   0.000000e+00   0.000000e+00   0.000000e+00   3.983965e-02

# timestamp: 1774889925.3091629
 8.494570e-04   1.092890e-06   0.000000e+00   2.384909e-04   3.290473e-07   0.000000e+00   0.000000e+00   0.000000e+00   1.289306e-04
 1.092890e-06   8.492962e-04   0.000000e+00   3.533178e-07   2.387394e-04   0.000000e+00   0.000000e+00   0.000000e+00   1.089131e-04
 0.000000e+00   0.000000e+00   8.734214e-04   0.000000e+00   0.000000e+00   2.754200e-04   2.489878e-03  -3.395154e-03   0.000000e+00
 2.384909e-04   3.533178e-07   0.000000e+00   4.052261e-04   1.796423e-07   0.000000e+00   0.000000e+00   0.000000e+00   3.161241e-05
 3.290473e-07   2.387394e-04   0.000000e+00   1.796423e-07   4.057583e-04   0.000000e+00   0.000000e+00   0.000000e+00   1.846070e-05
 0.000000e+00   0.000000e+00   2.754200e-04   0.000000e+00   0.000000e+00   4.636822e-04   4.157472e-03  -5.275238e-03   0.000000e+00
 0.000000e+00   0.000000e+00   2.489878e-03   0.000000e+00   0.000000e+00   4.157472e-03   3.987937e-01  -4.470810e-01   0.000000e+00
 0.000000e+00   0.000000e+00  -3.395154e-03   0.000000e+00   0.000000e+00  -5.275238e-03  -4.470810e-01   6.009167e-01   0.000000e+00
 1.289306e-04   1.089131e-04   0.000000e+00   3.161241e-05   1.846070e-05   0.000000e+00   0.000000e+00   0.000000e+00   4.143331e-02

# timestamp: 1774889925.340252
 8.969854e-04   1.114805e-06   0.000000e+00   2.514920e-04   3.229542e-07   0.000000e+00   0.000000e+00   0.000000e+00   1.299799e-04
 1.114805e-06   8.968404e-04   0.000000e+00   3.679101e-07   2.517369e-04   0.000000e+00   0.000000e+00   0.000000e+00   1.094560e-04
 0.000000e+00   0.000000e+00   9.233523e-04   0.000000e+00   0.000000e+00   2.897280e-04   2.621634e-03  -3.562355e-03   0.000000e+00
 2.514920e-04   3.679101e-07   0.000000e+00   4.084215e-04   1.779446e-07   0.000000e+00   0.000000e+00   0.000000e+00   3.514340e-05
 3.229542e-07   2.517369e-04   0.000000e+00   1.779446e-07   4.089452e-04   0.000000e+00   0.000000e+00   0.000000e+00   1.450276e-05
 0.000000e+00   0.000000e+00   2.897280e-04   0.000000e+00   0.000000e+00   4.652494e-04   4.084168e-03  -5.183975e-03   0.000000e+00
 0.000000e+00   0.000000e+00   2.621634e-03   0.000000e+00   0.000000e+00   4.084168e-03   4.019836e-01  -4.470810e-01   0.000000e+00
 0.000000e+00   0.000000e+00  -3.562355e-03   0.000000e+00   0.000000e+00  -5.183975e-03  -4.470810e-01   6.041066e-01   0.000000e+00
 1.299799e-04   1.094560e-04   0.000000e+00   3.514340e-05   1.450276e-05   0.000000e+00   0.000000e+00   0.000000e+00   4.462321e-02

# timestamp: 1774889925.3586726
 9.250330e-04   1.127686e-06   0.000000e+00   2.591075e-04   3.193338e-07   0.000000e+00   0.000000e+00   0.000000e+00   1.306422e-04
 1.127686e-06   9.248973e-04   0.000000e+00   3.763957e-07   2.593501e-04   0.000000e+00   0.000000e+00   0.000000e+00   1.097143e-04
 0.000000e+00   0.000000e+00   9.528365e-04   0.000000e+00   0.000000e+00   2.980687e-04   2.697272e-03  -3.658366e-03   0.000000e+00
 2.591075e-04   3.763957e-07   0.000000e+00   4.102816e-04   1.766524e-07   0.000000e+00   0.000000e+00   0.000000e+00   3.732068e-05
 3.193338e-07   2.593501e-04   0.000000e+00   1.766524e-07   4.108005e-04   0.000000e+00   0.000000e+00   0.000000e+00   1.206223e-05
 0.000000e+00   0.000000e+00   2.980687e-04   0.000000e+00   0.000000e+00   4.661748e-04   4.041378e-03  -5.130718e-03   0.000000e+00
 0.000000e+00   0.000000e+00   2.697272e-03   0.000000e+00   0.000000e+00   4.041378e-03   4.038403e-01  -4.470810e-01   0.000000e+00
 0.000000e+00   0.000000e+00  -3.658366e-03   0.000000e+00   0.000000e+00  -5.130718e-03  -4.470810e-01   6.059634e-01   0.000000e+00
 1.306422e-04   1.097143e-04   0.000000e+00   3.732068e-05   1.206223e-05   0.000000e+00   0.000000e+00   0.000000e+00   4.647994e-02

# timestamp: 1774889925.6032736
 8.382806e-04   1.207896e-06   0.000000e+00   2.328193e-04   2.787018e-07   0.000000e+00   0.000000e+00   0.000000e+00   1.475770e-04
 1.207896e-06   8.381690e-04   0.000000e+00   4.367365e-07   2.328957e-04   0.000000e+00   0.000000e+00   0.000000e+00   1.218502e-04
 0.000000e+00   0.000000e+00   8.558734e-04   0.000000e+00   0.000000e+00   2.561783e-04   2.050801e-03  -2.650313e-03   0.000000e+00
 2.328193e-04   4.367365e-07   0.000000e+00   3.999173e-04   1.432612e-07   0.000000e+00   0.000000e+00   0.000000e+00   6.620456e-05
 2.787018e-07   2.328957e-04   0.000000e+00   1.432612e-07   4.002879e-04   0.000000e+00   0.000000e+00   0.000000e+00   4.542119e-06
 0.000000e+00   0.000000e+00   2.561783e-04   0.000000e+00   0.000000e+00   4.324239e-04   2.927327e-03  -3.449871e-03   0.000000e+00
 0.000000e+00   0.000000e+00   2.050801e-03   0.000000e+00   0.000000e+00   2.927327e-03   4.224881e-01  -4.365295e-01   0.000000e+00
 0.000000e+00   0.000000e+00  -2.650313e-03   0.000000e+00   0.000000e+00  -3.449871e-03  -4.365295e-01   5.405268e-01   0.000000e+00
 1.475770e-04   1.218502e-04   0.000000e+00   6.620456e-05   4.542119e-06   0.000000e+00   0.000000e+00   0.000000e+00   4.093822e-02

# timestamp: 1774889925.638444
 8.926087e-04   1.234348e-06   0.000000e+00   2.476153e-04   2.682988e-07   0.000000e+00   0.000000e+00   0.000000e+00   1.500606e-04
 1.234348e-06   8.925026e-04   0.000000e+00   4.580218e-07   2.476727e-04   0.000000e+00   0.000000e+00   0.000000e+00   1.219741e-04
 0.000000e+00   0.000000e+00   9.119485e-04   0.000000e+00   0.000000e+00   2.715659e-04   2.157268e-03  -2.775836e-03   0.000000e+00
 2.476153e-04   4.580218e-07   0.000000e+00   4.036054e-04   1.363507e-07   0.000000e+00   0.000000e+00   0.000000e+00   7.196549e-05
 2.682988e-07   2.476727e-04   0.000000e+00   1.363507e-07   4.039572e-04   0.000000e+00   0.000000e+00   0.000000e+00  -1.627625e-08
 0.000000e+00   0.000000e+00   2.715659e-04   0.000000e+00   0.000000e+00   4.346262e-04   2.825651e-03  -3.335561e-03   0.000000e+00
 0.000000e+00   0.000000e+00   2.157268e-03   0.000000e+00   0.000000e+00   2.825651e-03   4.261579e-01  -4.365295e-01   0.000000e+00
 0.000000e+00   0.000000e+00  -2.775836e-03   0.000000e+00   0.000000e+00  -3.335561e-03  -4.365295e-01   5.441966e-01   0.000000e+00
 1.500606e-04   1.219741e-04   0.000000e+00   7.196549e-05  -1.627625e-08   0.000000e+00   0.000000e+00   0.000000e+00   4.460801e-02

# timestamp: 1774889925.6535866
 9.109917e-04   1.243269e-06   0.000000e+00   2.525790e-04   2.647076e-07   0.000000e+00   0.000000e+00   0.000000e+00   1.509486e-04
 1.243269e-06   9.108870e-04   0.000000e+00   4.650584e-07   2.526297e-04   0.000000e+00   0.000000e+00   0.000000e+00   1.219691e-04
 0.000000e+00   0.000000e+00   9.309218e-04   0.000000e+00   0.000000e+00   2.767075e-04   2.191789e-03  -2.816593e-03   0.000000e+00
 2.525790e-04   4.650584e-07   0.000000e+00   4.048372e-04   1.337716e-07   0.000000e+00   0.000000e+00   0.000000e+00   7.397124e-05
 2.647076e-07   2.526297e-04   0.000000e+00   1.337716e-07   4.051827e-04   0.000000e+00   0.000000e+00   0.000000e+00  -1.603352e-06
 0.000000e+00   0.000000e+00   2.767075e-04   0.000000e+00   0.000000e+00   4.353729e-04   2.791619e-03  -3.297327e-03   0.000000e+00
 0.000000e+00   0.000000e+00   2.191789e-03   0.000000e+00   0.000000e+00   2.791619e-03   4.273833e-01  -4.365295e-01   0.000000e+00
 0.000000e+00   0.000000e+00  -2.816593e-03   0.000000e+00   0.000000e+00  -3.297327e-03  -4.365295e-01   5.454220e-01   0.000000e+00
 1.509486e-04   1.219691e-04   0.000000e+00   7.397124e-05  -1.603352e-06   0.000000e+00   0.000000e+00   0.000000e+00   4.583339e-02

# timestamp: 1774889925.697704
 9.113075e-04   3.003141e-06   0.000000e+00   2.518120e-04   1.135324e-06   0.000000e+00   0.000000e+00   0.000000e+00  -3.074104e-04
 3.003141e-06   9.113834e-04   0.000000e+00   5.957093e-07   2.526421e-04   0.000000e+00   0.000000e+00   0.000000e+00  -3.069904e-04
 0.000000e+00   0.000000e+00   9.292044e-04   0.000000e+00   0.000000e+00   2.726587e-04   2.347990e-03  -2.005164e-03   0.000000e+00
 2.518120e-04   5.957093e-07   0.000000e+00   4.039233e-04   2.662606e-07   0.000000e+00   0.000000e+00   0.000000e+00  -4.811388e-05
 1.135324e-06   2.526421e-04   0.000000e+00   2.662606e-07   4.046720e-04   0.000000e+00   0.000000e+00   0.000000e+00  -1.223486e-04
 0.000000e+00   0.000000e+00   2.726587e-04   0.000000e+00   0.000000e+00   4.305120e-04   2.648477e-03  -2.826615e-03   0.000000e+00
 0.000000e+00   0.000000e+00   2.347990e-03   0.000000e+00   0.000000e+00   2.648477e-03   4.325409e-01  -4.366983e-01   0.000000e+00
 0.000000e+00   0.000000e+00  -2.005164e-03   0.000000e+00   0.000000e+00  -2.826615e-03  -4.366983e-01   5.390333e-01   0.000000e+00
-3.074104e-04  -3.069904e-04   0.000000e+00  -4.811388e-05  -1.223486e-04   0.000000e+00   0.000000e+00   0.000000e+00   4.580584e-02

# timestamp: 1774889925.9443078
 9.027275e-04   1.378488e-06   0.000000e+00   2.481398e-04   2.408763e-07   0.000000e+00   0.000000e+00   0.000000e+00   1.735979e-04
 1.378488e-06   9.024917e-04   0.000000e+00   5.231373e-07   2.480190e-04   0.000000e+00   0.000000e+00   0.000000e+00   1.337266e-04
 0.000000e+00   0.000000e+00   9.169071e-04   0.000000e+00   0.000000e+00   2.626329e-04   1.700047e-03  -2.252892e-03   0.000000e+00
 2.481398e-04   5.231373e-07   0.000000e+00   4.006186e-04   8.931999e-08   0.000000e+00   0.000000e+00   0.000000e+00   9.289051e-05
 2.408763e-07   2.480190e-04   0.000000e+00   8.931999e-08   4.008072e-04   0.000000e+00   0.000000e+00   0.000000e+00  -3.243482e-06
 0.000000e+00   0.000000e+00   2.626329e-04   0.000000e+00   0.000000e+00   4.169213e-04   1.706418e-03  -2.035470e-03   0.000000e+00
 0.000000e+00   0.000000e+00   1.700047e-03   0.000000e+00   0.000000e+00   1.706418e-03   4.421527e-01  -4.468992e-01   0.000000e+00
 0.000000e+00   0.000000e+00  -2.252892e-03   0.000000e+00   0.000000e+00  -2.035470e-03  -4.468992e-01   5.490516e-01   0.000000e+00
 1.735979e-04   1.337266e-04   0.000000e+00   9.289051e-05  -3.243482e-06   0.000000e+00   0.000000e+00   0.000000e+00   4.549690e-02

# timestamp: 1774889925.9706612
 8.491778e-04   2.755060e-06   0.000000e+00   2.328031e-04   1.034843e-06   0.000000e+00   0.000000e+00   0.000000e+00  -3.055059e-04
 2.755060e-06   8.487736e-04   0.000000e+00   4.963301e-07   2.334488e-04   0.000000e+00   0.000000e+00   0.000000e+00  -2.744595e-04
 0.000000e+00   0.000000e+00   8.642610e-04   0.000000e+00   0.000000e+00   2.474001e-04   2.202469e-03  -1.865130e-03   0.000000e+00
 2.328031e-04   4.963301e-07   0.000000e+00   3.961187e-04   1.974506e-07   0.000000e+00   0.000000e+00   0.000000e+00  -4.213417e-05
 1.034843e-06   2.334488e-04   0.000000e+00   1.974506e-07   3.967387e-04   0.000000e+00   0.000000e+00   0.000000e+00  -1.122913e-04
 0.000000e+00   0.000000e+00   2.474001e-04   0.000000e+00   0.000000e+00   4.120980e-04   1.805439e-03  -1.878233e-03   0.000000e+00
 0.000000e+00   0.000000e+00   2.202469e-03   0.000000e+00   0.000000e+00   1.805439e-03   4.407290e-01  -4.495135e-01   0.000000e+00
 0.000000e+00   0.000000e+00  -1.865130e-03   0.000000e+00   0.000000e+00  -1.878233e-03  -4.495135e-01   5.482972e-01   0.000000e+00
-3.055059e-04  -2.744595e-04   0.000000e+00  -4.213417e-05  -1.122913e-04   0.000000e+00   0.000000e+00   0.000000e+00   4.177913e-02

# timestamp: 1774889925.99475
 8.381833e-04   1.204603e-06   0.000000e+00   2.300168e-04   1.992232e-07   0.000000e+00   0.000000e+00   0.000000e+00   1.626397e-04
 1.204603e-06   8.378453e-04   0.000000e+00   4.457337e-07   2.298778e-04   0.000000e+00   0.000000e+00   0.000000e+00   1.111337e-04
 0.000000e+00   0.000000e+00   8.483410e-04   0.000000e+00   0.000000e+00   2.411098e-04   1.323804e-03  -1.812447e-03   0.000000e+00
 2.300168e-04   4.457337e-07   0.000000e+00   3.951129e-04   6.623607e-08   0.000000e+00   0.000000e+00   0.000000e+00   8.654367e-05
 1.992232e-07   2.298778e-04   0.000000e+00   6.623607e-08   3.952883e-04   0.000000e+00   0.000000e+00   0.000000e+00  -6.240339e-06
 0.000000e+00   0.000000e+00   2.411098e-04   0.000000e+00   0.000000e+00   4.086460e-04   1.417341e-03  -1.717536e-03   0.000000e+00
 0.000000e+00   0.000000e+00   1.323804e-03   0.000000e+00   0.000000e+00   1.417341e-03   4.336243e-01  -4.479598e-01   0.000000e+00
 0.000000e+00   0.000000e+00  -1.812447e-03   0.000000e+00   0.000000e+00  -1.717536e-03  -4.479598e-01   5.523305e-01   0.000000e+00
 1.626397e-04   1.111337e-04   0.000000e+00   8.654367e-05  -6.240339e-06   0.000000e+00   0.000000e+00   0.000000e+00   4.108362e-02

# timestamp: 1774889926.0403292
 9.031100e-04   1.233038e-06   0.000000e+00   2.475190e-04   1.849649e-07   0.000000e+00   0.000000e+00   0.000000e+00   1.665450e-04
 1.233038e-06   9.027590e-04   0.000000e+00   4.636779e-07   2.473533e-04   0.000000e+00   0.000000e+00   0.000000e+00   1.107826e-04
 0.000000e+00   0.000000e+00   9.142546e-04   0.000000e+00   0.000000e+00   2.587932e-04   1.384242e-03  -1.885856e-03   0.000000e+00
 2.475190e-04   4.636779e-07   0.000000e+00   3.995318e-04   5.585905e-08   0.000000e+00   0.000000e+00   0.000000e+00   9.253987e-05
 1.849649e-07   2.473533e-04   0.000000e+00   5.585905e-08   3.996844e-04   0.000000e+00   0.000000e+00   0.000000e+00  -1.074497e-05
 0.000000e+00   0.000000e+00   2.587932e-04   0.000000e+00   0.000000e+00   4.123246e-04   1.311386e-03  -1.598955e-03   0.000000e+00
 0.000000e+00   0.000000e+00   1.384242e-03   0.000000e+00   0.000000e+00   1.311386e-03   4.380187e-01  -4.479598e-01   0.000000e+00
 0.000000e+00   0.000000e+00  -1.885856e-03   0.000000e+00   0.000000e+00  -1.598955e-03  -4.479598e-01   5.567249e-01   0.000000e+00
 1.665450e-04   1.107826e-04   0.000000e+00   9.253987e-05  -1.074497e-05   0.000000e+00   0.000000e+00   0.000000e+00   4.547799e-02

# timestamp: 1774889926.2812347
 8.162414e-04   9.653031e-07   0.000000e+00   2.225230e-04   1.150596e-07   0.000000e+00   0.000000e+00   0.000000e+00   1.447553e-04
 9.653031e-07   8.157707e-04   0.000000e+00   3.411487e-07   2.223297e-04   0.000000e+00   0.000000e+00   0.000000e+00   8.452834e-05
 0.000000e+00   0.000000e+00   8.222531e-04   0.000000e+00   0.000000e+00   2.284588e-04   7.578715e-04  -1.190892e-03   0.000000e+00
 2.225230e-04   3.411487e-07   0.000000e+00   3.908610e-04   1.993921e-09   0.000000e+00   0.000000e+00   0.000000e+00   8.230930e-05
 1.150596e-07   2.223297e-04   0.000000e+00   1.993921e-09   3.909711e-04   0.000000e+00   0.000000e+00   0.000000e+00  -1.511651e-05
 0.000000e+00   0.000000e+00   2.284588e-04   0.000000e+00   0.000000e+00   3.983462e-04   4.606781e-04  -6.502988e-04   0.000000e+00
 0.000000e+00   0.000000e+00   7.578715e-04   0.000000e+00   0.000000e+00   4.606781e-04   3.968320e-01  -4.379155e-01   0.000000e+00
 0.000000e+00   0.000000e+00  -1.190892e-03   0.000000e+00   0.000000e+00  -6.502988e-04  -4.379155e-01   5.771536e-01   0.000000e+00
 1.447553e-04   8.452834e-05   0.000000e+00   8.230930e-05  -1.511651e-05   0.000000e+00   0.000000e+00   0.000000e+00   3.984877e-02

# timestamp: 1774889926.3188972
 8.619980e-04   9.795923e-07   0.000000e+00   2.348754e-04   1.036885e-07   0.000000e+00   0.000000e+00   0.000000e+00   1.473784e-04
 9.795923e-07   8.615148e-04   0.000000e+00   3.489780e-07   2.346653e-04   0.000000e+00   0.000000e+00   0.000000e+00   8.402140e-05
 0.000000e+00   0.000000e+00   8.683861e-04   0.000000e+00   0.000000e+00   2.408658e-04   7.716198e-04  -1.210447e-03   0.000000e+00
 2.348754e-04   3.489780e-07   0.000000e+00   3.940163e-04  -6.093022e-09   0.000000e+00   0.000000e+00   0.000000e+00   8.622207e-05
 1.036885e-07   2.346653e-04   0.000000e+00  -6.093022e-09   3.941133e-04   0.000000e+00   0.000000e+00   0.000000e+00  -1.836945e-05
 0.000000e+00   0.000000e+00   2.408658e-04   0.000000e+00   0.000000e+00   4.013125e-04   3.895626e-04  -5.645990e-04   0.000000e+00
 0.000000e+00   0.000000e+00   7.716198e-04   0.000000e+00   0.000000e+00   3.895626e-04   3.999717e-01  -4.379155e-01   0.000000e+00
 0.000000e+00   0.000000e+00  -1.210447e-03   0.000000e+00   0.000000e+00  -5.645990e-04  -4.379155e-01   5.802932e-01   0.000000e+00
 1.473784e-04   8.402140e-05   0.000000e+00   8.622207e-05  -1.836945e-05   0.000000e+00   0.000000e+00   0.000000e+00   4.298841e-02

# timestamp: 1774889926.3485327
 9.089403e-04   9.938757e-07   0.000000e+00   2.474306e-04   9.173936e-08   0.000000e+00   0.000000e+00   0.000000e+00   1.501581e-04
 9.938757e-07   9.084435e-04   0.000000e+00   3.565459e-07   2.472029e-04   0.000000e+00   0.000000e+00   0.000000e+00   8.339881e-05
 0.000000e+00   0.000000e+00   9.157109e-04   0.000000e+00   0.000000e+00   2.534673e-04   7.831078e-04  -1.227305e-03   0.000000e+00
 2.474306e-04   3.565459e-07   0.000000e+00   3.971998e-04  -1.488556e-08   0.000000e+00   0.000000e+00   0.000000e+00   9.045020e-05
 9.173936e-08   2.472029e-04   0.000000e+00  -1.488556e-08   3.972833e-04   0.000000e+00   0.000000e+00   0.000000e+00  -2.188456e-05
 0.000000e+00   0.000000e+00   2.534673e-04   0.000000e+00   0.000000e+00   4.043314e-04   3.175483e-04  -4.779214e-04   0.000000e+00
 0.000000e+00   0.000000e+00   7.831078e-04   0.000000e+00   0.000000e+00   3.175483e-04   4.031386e-01  -4.379155e-01   0.000000e+00
 0.000000e+00   0.000000e+00  -1.227305e-03   0.000000e+00   0.000000e+00  -4.779214e-04  -4.379155e-01   5.834601e-01   0.000000e+00
 1.501581e-04   8.339881e-05   0.000000e+00   9.045020e-05  -2.188456e-05   0.000000e+00   0.000000e+00   0.000000e+00   4.615530e-02

# timestamp: 1774889926.6462414
 9.030589e-04   1.251406e-06   0.000000e+00   2.442470e-04   1.216421e-07   0.000000e+00   0.000000e+00   0.000000e+00   1.967453e-04
 1.251406e-06   9.020880e-04   0.000000e+00   4.086929e-07   2.438367e-04   0.000000e+00   0.000000e+00   0.000000e+00   1.073104e-04
 0.000000e+00   0.000000e+00   9.074845e-04   0.000000e+00   0.000000e+00   2.480131e-04   2.150872e-04  -6.575821e-04   0.000000e+00
 2.442470e-04   4.086929e-07   0.000000e+00   3.943621e-04  -3.441710e-08   0.000000e+00   0.000000e+00   0.000000e+00   1.014501e-04
 1.216421e-07   2.438367e-04   0.000000e+00  -3.441710e-08   3.943417e-04   0.000000e+00   0.000000e+00   0.000000e+00  -1.430102e-05
 0.000000e+00   0.000000e+00   2.480131e-04   0.000000e+00   0.000000e+00   4.002834e-04  -4.346594e-04   4.643530e-04   0.000000e+00
 0.000000e+00   0.000000e+00   2.150872e-04   0.000000e+00   0.000000e+00  -4.346594e-04   3.574644e-01  -4.189306e-01   0.000000e+00
 0.000000e+00   0.000000e+00  -6.575821e-04   0.000000e+00   0.000000e+00   4.643530e-04  -4.189306e-01   6.083031e-01   0.000000e+00
 1.967453e-04   1.073104e-04   0.000000e+00   1.014501e-04  -1.430102e-05   0.000000e+00   0.000000e+00   0.000000e+00   4.551514e-02

# timestamp: 1774889926.902773
 8.307747e-04   1.108043e-06   0.000000e+00   2.237198e-04   1.129380e-07   0.000000e+00   0.000000e+00   0.000000e+00   1.740933e-04
 1.108043e-06   8.298414e-04   0.000000e+00   3.176314e-07   2.233957e-04   0.000000e+00   0.000000e+00   0.000000e+00   1.022575e-04
 0.000000e+00   0.000000e+00   8.339303e-04   0.000000e+00   0.000000e+00   2.264706e-04   6.518833e-05  -4.500849e-04   0.000000e+00
 2.237198e-04   3.176314e-07   0.000000e+00   3.874278e-04  -4.225267e-08   0.000000e+00   0.000000e+00   0.000000e+00   7.548485e-05
 1.129380e-07   2.233957e-04   0.000000e+00  -4.225267e-08   3.874493e-04   0.000000e+00   0.000000e+00   0.000000e+00  -7.836048e-06
 0.000000e+00   0.000000e+00   2.264706e-04   0.000000e+00   0.000000e+00   3.932922e-04  -6.687293e-04   8.771120e-04   0.000000e+00
 0.000000e+00   0.000000e+00   6.518833e-05   0.000000e+00   0.000000e+00  -6.687293e-04   3.156096e-01  -4.021546e-01   0.000000e+00
 0.000000e+00   0.000000e+00  -4.500849e-04   0.000000e+00   0.000000e+00   8.771120e-04  -4.021546e-01   6.292554e-01   0.000000e+00
 1.740933e-04   1.022575e-04   0.000000e+00   7.548485e-05  -7.836048e-06   0.000000e+00   0.000000e+00   0.000000e+00   4.072091e-02

# timestamp: 1774889926.940871
 8.884881e-04   1.124792e-06   0.000000e+00   2.391043e-04   9.939166e-08   0.000000e+00   0.000000e+00   0.000000e+00   1.770703e-04
 1.124792e-06   8.875290e-04   0.000000e+00   3.156817e-07   2.387746e-04   0.000000e+00   0.000000e+00   0.000000e+00   1.019076e-04
 0.000000e+00   0.000000e+00   8.918691e-04   0.000000e+00   0.000000e+00   2.420599e-04   3.842810e-05  -4.148862e-04   0.000000e+00
 2.391043e-04   3.156817e-07   0.000000e+00   3.913728e-04  -4.729482e-08   0.000000e+00   0.000000e+00   0.000000e+00   7.539563e-05
 9.939166e-08   2.387746e-04   0.000000e+00  -4.729482e-08   3.913959e-04   0.000000e+00   0.000000e+00   0.000000e+00  -1.073681e-05
 0.000000e+00   0.000000e+00   2.420599e-04   0.000000e+00   0.000000e+00   3.973553e-04  -6.950532e-04   9.186674e-04   0.000000e+00
 0.000000e+00   0.000000e+00   3.842810e-05   0.000000e+00   0.000000e+00  -6.950532e-04   3.195550e-01  -4.021546e-01   0.000000e+00
 0.000000e+00   0.000000e+00  -4.148862e-04   0.000000e+00   0.000000e+00   9.186674e-04  -4.021546e-01   6.332008e-01   0.000000e+00
 1.770703e-04   1.019076e-04   0.000000e+00   7.539563e-05  -1.073681e-05   0.000000e+00   0.000000e+00   0.000000e+00   4.466631e-02

# timestamp: 1774889926.9693785
 8.590852e-04   2.418451e-06   0.000000e+00   2.307624e-04   8.901728e-07   0.000000e+00   0.000000e+00   0.000000e+00  -3.399644e-04
 2.418451e-06   8.569868e-04   0.000000e+00   4.743227e-07   2.307017e-04   0.000000e+00   0.000000e+00   0.000000e+00  -2.165618e-04
 0.000000e+00   0.000000e+00   8.638322e-04   0.000000e+00   0.000000e+00   2.335648e-04   8.169098e-04  -4.825384e-04   0.000000e+00
 2.307624e-04   4.743227e-07   0.000000e+00   3.888947e-04   1.174198e-07   0.000000e+00   0.000000e+00   0.000000e+00  -6.703691e-05
 8.901728e-07   2.307017e-04   0.000000e+00   1.174198e-07   3.891439e-04   0.000000e+00   0.000000e+00   0.000000e+00  -9.381415e-05
 0.000000e+00   0.000000e+00   2.335648e-04   0.000000e+00   0.000000e+00   3.946925e-04  -4.874544e-04   9.193175e-04   0.000000e+00
 0.000000e+00   0.000000e+00   8.169098e-04   0.000000e+00   0.000000e+00  -4.874544e-04   3.138075e-01  -4.011083e-01   0.000000e+00
 0.000000e+00   0.000000e+00  -4.825384e-04   0.000000e+00   0.000000e+00   9.193175e-04  -4.011083e-01   6.360828e-01   0.000000e+00
-3.399644e-04  -2.165618e-04   0.000000e+00  -6.703691e-05  -9.381415e-05   0.000000e+00   0.000000e+00   0.000000e+00   4.261860e-02

# timestamp: 1774889927.008194
 8.654060e-04   1.254972e-06   0.000000e+00   2.325574e-04   1.438097e-07   0.000000e+00   0.000000e+00   0.000000e+00   1.932171e-04
 1.254972e-06   8.643276e-04   0.000000e+00   3.349396e-07   2.322195e-04   0.000000e+00   0.000000e+00   0.000000e+00   1.177311e-04
 0.000000e+00   0.000000e+00   8.686044e-04   0.000000e+00   0.000000e+00   2.352627e-04   7.806743e-06  -4.161450e-04   0.000000e+00
 2.325574e-04   3.349396e-07   0.000000e+00   3.891808e-04  -3.264298e-08   0.000000e+00   0.000000e+00   0.000000e+00   7.192484e-05
 1.438097e-07   2.322195e-04   0.000000e+00  -3.264298e-08   3.892073e-04   0.000000e+00   0.000000e+00   0.000000e+00  -2.837233e-06
 0.000000e+00   0.000000e+00   2.352627e-04   0.000000e+00   0.000000e+00   3.950224e-04  -7.161486e-04   9.649044e-04   0.000000e+00
 0.000000e+00   0.000000e+00   7.806743e-06   0.000000e+00   0.000000e+00  -7.161486e-04   3.116903e-01  -4.009706e-01   0.000000e+00
 0.000000e+00   0.000000e+00  -4.161450e-04   0.000000e+00   0.000000e+00   9.649044e-04  -4.009706e-01   6.416981e-01   0.000000e+00
 1.932171e-04   1.177311e-04   0.000000e+00   7.192484e-05  -2.837233e-06   0.000000e+00   0.000000e+00   0.000000e+00   4.305082e-02

# timestamp: 1774889927.279908
 8.769814e-04   2.025763e-06   0.000000e+00   2.347243e-04   6.628017e-07   0.000000e+00   0.000000e+00   0.000000e+00  -2.934950e-04
 2.025763e-06   8.751683e-04   0.000000e+00   4.552510e-07   2.345089e-04   0.000000e+00   0.000000e+00   0.000000e+00  -1.856204e-04
 0.000000e+00   0.000000e+00   8.803968e-04   0.000000e+00   0.000000e+00   2.373749e-04   4.827496e-04  -1.011956e-04   0.000000e+00
 2.347243e-04   4.552510e-07   0.000000e+00   3.886248e-04   1.005376e-07   0.000000e+00   0.000000e+00   0.000000e+00  -7.286291e-05
 6.628017e-07   2.345089e-04   0.000000e+00   1.005376e-07   3.887525e-04   0.000000e+00   0.000000e+00   0.000000e+00  -7.240396e-05
 0.000000e+00   0.000000e+00   2.373749e-04   0.000000e+00   0.000000e+00   3.939084e-04  -5.532573e-04   1.034848e-03   0.000000e+00
 0.000000e+00   0.000000e+00   4.827496e-04   0.000000e+00   0.000000e+00  -5.532573e-04   3.087672e-01  -4.060412e-01   0.000000e+00
 0.000000e+00   0.000000e+00  -1.011956e-04   0.000000e+00   0.000000e+00   1.034848e-03  -4.060412e-01   6.664718e-01   0.000000e+00
-2.934950e-04  -1.856204e-04   0.000000e+00  -7.286291e-05  -7.240396e-05   0.000000e+00   0.000000e+00   0.000000e+00   4.391089e-02

# timestamp: 1774889927.3348613
 8.724305e-04   1.565325e-06   0.000000e+00   2.334302e-04   2.819890e-07   0.000000e+00   0.000000e+00   0.000000e+00   2.275909e-04
 1.565325e-06   8.711435e-04   0.000000e+00   3.687131e-07   2.331297e-04   0.000000e+00   0.000000e+00   0.000000e+00   1.514836e-04
 0.000000e+00   0.000000e+00   8.754147e-04   0.000000e+00   0.000000e+00   2.358654e-04  -9.034121e-05  -3.620089e-04   0.000000e+00
 2.334302e-04   3.687131e-07   0.000000e+00   3.881060e-04   1.120412e-08   0.000000e+00   0.000000e+00   0.000000e+00   6.435913e-05
 2.819890e-07   2.331297e-04   0.000000e+00   1.120412e-08   3.881452e-04   0.000000e+00   0.000000e+00   0.000000e+00   2.131751e-05
 0.000000e+00   0.000000e+00   2.358654e-04   0.000000e+00   0.000000e+00   3.931088e-04  -6.826212e-04   9.262025e-04   0.000000e+00
 0.000000e+00   0.000000e+00  -9.034121e-05   0.000000e+00   0.000000e+00  -6.826212e-04   3.096847e-01  -4.082493e-01   0.000000e+00
 0.000000e+00   0.000000e+00  -3.620089e-04   0.000000e+00   0.000000e+00   9.262025e-04  -4.082493e-01   6.700276e-01   0.000000e+00
 2.275909e-04   1.514836e-04   0.000000e+00   6.435913e-05   2.131751e-05   0.000000e+00   0.000000e+00   0.000000e+00   4.360072e-02

# timestamp: 1774889927.3606617
 8.366668e-04   2.010073e-06   0.000000e+00   2.237019e-04   6.155785e-07   0.000000e+00   0.000000e+00   0.000000e+00  -2.946505e-04
 2.010073e-06   8.348107e-04   0.000000e+00   4.694834e-07   2.234115e-04   0.000000e+00   0.000000e+00   0.000000e+00  -1.831752e-04
 0.000000e+00   0.000000e+00   8.397734e-04   0.000000e+00   0.000000e+00   2.261093e-04   4.701847e-04  -8.412710e-05   0.000000e+00
 2.237019e-04   4.694834e-07   0.000000e+00   3.853837e-04   9.707980e-08   0.000000e+00   0.000000e+00   0.000000e+00  -7.674152e-05
 6.155785e-07   2.234115e-04   0.000000e+00   9.707980e-08   3.854660e-04   0.000000e+00   0.000000e+00   0.000000e+00  -6.561748e-05
 0.000000e+00   0.000000e+00   2.261093e-04   0.000000e+00   0.000000e+00   3.902510e-04  -5.154954e-04   9.783501e-04   0.000000e+00
 0.000000e+00   0.000000e+00   4.701847e-04   0.000000e+00   0.000000e+00  -5.154954e-04   3.078799e-01  -4.102036e-01   0.000000e+00
 0.000000e+00   0.000000e+00  -8.412710e-05   0.000000e+00   0.000000e+00   9.783501e-04  -4.102036e-01   6.718286e-01   0.000000e+00
-2.946505e-04  -1.831752e-04   0.000000e+00  -7.674152e-05  -6.561748e-05   0.000000e+00   0.000000e+00   0.000000e+00   4.108431e-02

# timestamp: 1774889927.5914693
 8.086267e-04   9.878480e-07   0.000000e+00   2.157547e-04   2.193300e-07   0.000000e+00   0.000000e+00   0.000000e+00   1.464744e-04
 9.878480e-07   8.078371e-04   0.000000e+00   1.988616e-07   2.156570e-04   0.000000e+00   0.000000e+00   0.000000e+00   1.009902e-04
 0.000000e+00   0.000000e+00   8.106798e-04   0.000000e+00   0.000000e+00   2.177875e-04  -7.360337e-05  -2.142470e-04   0.000000e+00
 2.157547e-04   1.988616e-07   0.000000e+00   3.825320e-04  -1.968203e-10   0.000000e+00   0.000000e+00   0.000000e+00   3.554620e-05
 2.193300e-07   2.156570e-04   0.000000e+00  -1.968203e-10   3.826205e-04   0.000000e+00   0.000000e+00   0.000000e+00   2.731844e-05
 0.000000e+00   0.000000e+00   2.177875e-04   0.000000e+00   0.000000e+00   3.861656e-04  -4.597918e-04   6.300091e-04   0.000000e+00
 0.000000e+00   0.000000e+00  -7.360337e-05   0.000000e+00   0.000000e+00  -4.597918e-04   3.098323e-01  -4.195277e-01   0.000000e+00
 0.000000e+00   0.000000e+00  -2.142470e-04   0.000000e+00   0.000000e+00   6.300091e-04  -4.195277e-01   6.904259e-01   0.000000e+00
 1.464744e-04   1.009902e-04   0.000000e+00   3.554620e-05   2.731844e-05   0.000000e+00   0.000000e+00   0.000000e+00   3.945473e-02

# timestamp: 1774889927.6585836
 8.410455e-04   2.432127e-06   0.000000e+00   2.243360e-04   5.562190e-07   0.000000e+00   0.000000e+00   0.000000e+00  -3.538931e-04
 2.432127e-06   8.386353e-04   0.000000e+00   6.212661e-07   2.237159e-04   0.000000e+00   0.000000e+00   0.000000e+00  -2.140403e-04
 0.000000e+00   0.000000e+00   8.440293e-04   0.000000e+00   0.000000e+00   2.265403e-04   4.742309e-04   2.847106e-05   0.000000e+00
 2.243360e-04   6.212661e-07   0.000000e+00   3.846273e-04   1.008962e-07   0.000000e+00   0.000000e+00   0.000000e+00  -1.002661e-04
 5.562190e-07   2.237159e-04   0.000000e+00   1.008962e-07   3.845483e-04   0.000000e+00   0.000000e+00   0.000000e+00  -5.177990e-05
 0.000000e+00   0.000000e+00   2.265403e-04   0.000000e+00   0.000000e+00   3.879528e-04  -2.271519e-04   5.628827e-04   0.000000e+00
 0.000000e+00   0.000000e+00   4.742309e-04   0.000000e+00   0.000000e+00  -2.271519e-04   3.123027e-01  -4.211584e-01   0.000000e+00
 0.000000e+00   0.000000e+00   2.847106e-05   0.000000e+00   0.000000e+00   5.628827e-04  -4.211584e-01   6.970156e-01   0.000000e+00
-3.538931e-04  -2.140403e-04   0.000000e+00  -1.002661e-04  -5.177990e-05   0.000000e+00   0.000000e+00   0.000000e+00   4.164730e-02

# timestamp: 1774889927.9835262
 8.043327e-04   9.339665e-07   0.000000e+00   2.140210e-04   2.601917e-07   0.000000e+00   0.000000e+00   0.000000e+00   1.433046e-04
 9.339665e-07   8.035336e-04   0.000000e+00   1.750658e-07   2.139613e-04   0.000000e+00   0.000000e+00   0.000000e+00   9.377684e-05
 0.000000e+00   0.000000e+00   8.060155e-04   0.000000e+00   0.000000e+00   2.157620e-04  -1.963398e-04  -1.189096e-05   0.000000e+00
 2.140210e-04   1.750658e-07   0.000000e+00   3.809181e-04   1.329552e-08   0.000000e+00   0.000000e+00   0.000000e+00   2.908424e-05
 2.601917e-07   2.139613e-04   0.000000e+00   1.329552e-08   3.810122e-04   0.000000e+00   0.000000e+00   0.000000e+00   4.026469e-05
 0.000000e+00   0.000000e+00   2.157620e-04   0.000000e+00   0.000000e+00   3.832798e-04  -8.888359e-05   5.183293e-05   0.000000e+00
 0.000000e+00   0.000000e+00  -1.963398e-04   0.000000e+00   0.000000e+00  -8.888359e-05   3.208420e-01  -4.367837e-01   0.000000e+00
 0.000000e+00   0.000000e+00  -1.189096e-05   0.000000e+00   0.000000e+00   5.183293e-05  -4.367837e-01   7.166700e-01   0.000000e+00
 1.433046e-04   9.377684e-05   0.000000e+00   2.908424e-05   4.026469e-05   0.000000e+00   0.000000e+00   0.000000e+00   3.922199e-02

# timestamp: 1774889928.0625012
 8.869147e-04   9.588329e-07   0.000000e+00   2.359665e-04   2.650502e-07   0.000000e+00   0.000000e+00   0.000000e+00   1.449529e-04
 9.588329e-07   8.861093e-04   0.000000e+00   1.743965e-07   2.359170e-04   0.000000e+00   0.000000e+00   0.000000e+00   9.608556e-05
 0.000000e+00   0.000000e+00   8.888035e-04   0.000000e+00   0.000000e+00   2.378413e-04  -2.011852e-04  -9.278068e-06   0.000000e+00
 2.359665e-04   1.743965e-07   0.000000e+00   3.866127e-04   1.349940e-08   0.000000e+00   0.000000e+00   0.000000e+00   2.843134e-05
 2.650502e-07   2.359170e-04   0.000000e+00   1.349940e-08   3.867099e-04   0.000000e+00   0.000000e+00   0.000000e+00   4.150225e-05
 0.000000e+00   0.000000e+00   2.378413e-04   0.000000e+00   0.000000e+00   3.889706e-04  -7.163824e-05   2.486071e-05   0.000000e+00
 0.000000e+00   0.000000e+00  -2.011852e-04   0.000000e+00   0.000000e+00  -7.163824e-05   3.265374e-01  -4.367837e-01   0.000000e+00
 0.000000e+00   0.000000e+00  -9.278068e-06   0.000000e+00   0.000000e+00   2.486071e-05  -4.367837e-01   7.223654e-01   0.000000e+00
 1.449529e-04   9.608556e-05   0.000000e+00   2.843134e-05   4.150225e-05   0.000000e+00   0.000000e+00   0.000000e+00   4.491741e-02

# timestamp: 1774889928.094324
 8.879052e-04   2.845115e-06   0.000000e+00   2.361478e-04   5.847698e-07   0.000000e+00   0.000000e+00   0.000000e+00  -3.740728e-04
 2.845115e-06   8.856730e-04   0.000000e+00   7.538643e-07   2.354794e-04   0.000000e+00   0.000000e+00   0.000000e+00  -2.563615e-04
 0.000000e+00   0.000000e+00   8.912394e-04   0.000000e+00   0.000000e+00   2.382502e-04   1.453946e-04   6.101263e-04   0.000000e+00
 2.361478e-04   7.538643e-07   0.000000e+00   3.865357e-04   1.205954e-07   0.000000e+00   0.000000e+00   0.000000e+00  -1.087022e-04
 5.847698e-07   2.354794e-04   0.000000e+00   1.205954e-07   3.864022e-04   0.000000e+00   0.000000e+00   0.000000e+00  -5.323002e-05
 0.000000e+00   0.000000e+00   2.382502e-04   0.000000e+00   0.000000e+00   3.888612e-04   3.454816e-05   1.691475e-04   0.000000e+00
 0.000000e+00   0.000000e+00   1.453946e-04   0.000000e+00   0.000000e+00   3.454816e-05   3.300846e-01  -4.396684e-01   0.000000e+00
 0.000000e+00   0.000000e+00   6.101263e-04   0.000000e+00   0.000000e+00   1.691475e-04  -4.396684e-01   7.224485e-01   0.000000e+00
-3.740728e-04  -2.563615e-04   0.000000e+00  -1.087022e-04  -5.323002e-05   0.000000e+00   0.000000e+00   0.000000e+00   4.480955e-02

# timestamp: 1774889928.2935765
 8.034267e-04   7.360759e-07   0.000000e+00   2.132609e-04   1.719846e-07   0.000000e+00   0.000000e+00   0.000000e+00   1.096811e-04
 7.360759e-07   8.028446e-04   0.000000e+00   1.320330e-07   2.132139e-04   0.000000e+00   0.000000e+00   0.000000e+00   7.403288e-05
 0.000000e+00   0.000000e+00   8.048310e-04   0.000000e+00   0.000000e+00   2.146827e-04  -2.012760e-04   6.321409e-05   0.000000e+00
 2.132609e-04   1.320330e-07   0.000000e+00   3.800260e-04   6.095250e-11   0.000000e+00   0.000000e+00   0.000000e+00   2.195717e-05
 1.719846e-07   2.132139e-04   0.000000e+00   6.095250e-11   3.800953e-04   0.000000e+00   0.000000e+00   0.000000e+00   2.545875e-05
 0.000000e+00   0.000000e+00   2.146827e-04   0.000000e+00   0.000000e+00   3.819551e-04  -5.996188e-05   3.143234e-05   0.000000e+00
 0.000000e+00   0.000000e+00  -2.012760e-04   0.000000e+00   0.000000e+00  -5.996188e-05   3.412829e-01  -4.531581e-01   0.000000e+00
 0.000000e+00   0.000000e+00   6.321409e-05   0.000000e+00   0.000000e+00   3.143234e-05  -4.531581e-01   7.189106e-01   0.000000e+00
 1.096811e-04   7.403288e-05   0.000000e+00   2.195717e-05   2.545875e-05   0.000000e+00   0.000000e+00   0.000000e+00   3.916868e-02

# timestamp: 1774889928.3382938
 8.886837e-04   7.538688e-07   0.000000e+00   2.358418e-04   1.678652e-07   0.000000e+00   0.000000e+00   0.000000e+00   1.109688e-04
 7.538688e-07   8.880961e-04   0.000000e+00   1.316565e-07   2.357966e-04   0.000000e+00   0.000000e+00   0.000000e+00   7.549817e-05
 0.000000e+00   0.000000e+00   8.902620e-04   0.000000e+00   0.000000e+00   2.373791e-04  -2.051241e-04   6.558262e-05   0.000000e+00
 2.358418e-04   1.316565e-07   0.000000e+00   3.859094e-04  -8.691999e-10   0.000000e+00   0.000000e+00   0.000000e+00   2.175076e-05
 1.678652e-07   2.357966e-04   0.000000e+00  -8.691999e-10   3.859771e-04   0.000000e+00   0.000000e+00   0.000000e+00   2.386427e-05
 0.000000e+00   0.000000e+00   2.373791e-04   0.000000e+00   0.000000e+00   3.878413e-04  -7.512942e-05   5.608800e-05   0.000000e+00
 0.000000e+00   0.000000e+00  -2.051241e-04   0.000000e+00   0.000000e+00  -7.512942e-05   3.471666e-01  -4.531581e-01   0.000000e+00
 0.000000e+00   0.000000e+00   6.558262e-05   0.000000e+00   0.000000e+00   5.608800e-05  -4.531581e-01   7.247942e-01   0.000000e+00
 1.109688e-04   7.549817e-05   0.000000e+00   2.175076e-05   2.386427e-05   0.000000e+00   0.000000e+00   0.000000e+00   4.505233e-02

# timestamp: 1774889928.3925207
 8.913229e-04   3.265877e-06   0.000000e+00   2.364061e-04   8.071081e-07   0.000000e+00   0.000000e+00   0.000000e+00  -4.087995e-04
 3.265877e-06   8.889988e-04   0.000000e+00   8.551379e-07   2.357986e-04   0.000000e+00   0.000000e+00   0.000000e+00  -2.897880e-04
 0.000000e+00   0.000000e+00   8.948860e-04   0.000000e+00   0.000000e+00   2.384524e-04   1.363725e-04   6.973188e-04   0.000000e+00
 2.364061e-04   8.551379e-07   0.000000e+00   3.859391e-04   1.852862e-07   0.000000e+00   0.000000e+00   0.000000e+00  -1.148657e-04
 8.071081e-07   2.357986e-04   0.000000e+00   1.852862e-07   3.858287e-04   0.000000e+00   0.000000e+00   0.000000e+00  -7.499215e-05
 0.000000e+00   0.000000e+00   2.384524e-04   0.000000e+00   0.000000e+00   3.879630e-04  -1.401043e-06   2.500364e-04   0.000000e+00
 0.000000e+00   0.000000e+00   1.363725e-04   0.000000e+00   0.000000e+00  -1.401043e-06   3.509218e-01  -4.560437e-01   0.000000e+00
 0.000000e+00   0.000000e+00   6.973188e-04   0.000000e+00   0.000000e+00   2.500364e-04  -4.560437e-01   7.248939e-01   0.000000e+00
-4.087995e-04  -2.897880e-04   0.000000e+00  -1.148657e-04  -7.499215e-05   0.000000e+00   0.000000e+00   0.000000e+00   4.500962e-02

# timestamp: 1774889928.667788
 8.423993e-04   2.652742e-06   0.000000e+00   2.230714e-04   7.474054e-07   0.000000e+00   0.000000e+00   0.000000e+00  -3.249633e-04
 2.652742e-06   8.411219e-04   0.000000e+00   6.024209e-07   2.229323e-04   0.000000e+00   0.000000e+00   0.000000e+00  -2.621395e-04
 0.000000e+00   0.000000e+00   8.461255e-04   0.000000e+00   0.000000e+00   2.254935e-04  -2.060936e-04   1.019338e-03   0.000000e+00
 2.230714e-04   6.024209e-07   0.000000e+00   3.819542e-04   1.481912e-07   0.000000e+00   0.000000e+00   0.000000e+00  -7.723563e-05
 7.474054e-07   2.229323e-04   0.000000e+00   1.481912e-07   3.820114e-04   0.000000e+00   0.000000e+00   0.000000e+00  -8.010271e-05
 0.000000e+00   0.000000e+00   2.254935e-04   0.000000e+00   0.000000e+00   3.842779e-04  -3.786522e-04   7.303387e-04   0.000000e+00
 0.000000e+00   0.000000e+00  -2.060936e-04   0.000000e+00   0.000000e+00  -3.786522e-04   3.711871e-01  -4.686132e-01   0.000000e+00
 0.000000e+00   0.000000e+00   1.019338e-03   0.000000e+00   0.000000e+00   7.303387e-04  -4.686132e-01   7.087753e-01   0.000000e+00
-3.249633e-04  -2.621395e-04   0.000000e+00  -7.723563e-05  -8.010271e-05   0.000000e+00   0.000000e+00   0.000000e+00   4.187005e-02

# timestamp: 1774889928.6973162
 8.845518e-04   2.691918e-06   0.000000e+00   2.341604e-04   7.675170e-07   0.000000e+00   0.000000e+00   0.000000e+00  -3.271764e-04
 2.691918e-06   8.832669e-04   0.000000e+00   5.916241e-07   2.340546e-04   0.000000e+00   0.000000e+00   0.000000e+00  -2.644745e-04
 0.000000e+00   0.000000e+00   8.884214e-04   0.000000e+00   0.000000e+00   2.367318e-04  -2.174195e-04   1.040982e-03   0.000000e+00
 2.341604e-04   5.916241e-07   0.000000e+00   3.848382e-04   1.472371e-07   0.000000e+00   0.000000e+00   0.000000e+00  -7.472576e-05
 7.675170e-07   2.340546e-04   0.000000e+00   1.472371e-07   3.849119e-04   0.000000e+00   0.000000e+00   0.000000e+00  -8.223206e-05
 0.000000e+00   0.000000e+00   2.367318e-04   0.000000e+00   0.000000e+00   3.872901e-04  -4.227047e-04   7.915862e-04   0.000000e+00
 0.000000e+00   0.000000e+00  -2.174195e-04   0.000000e+00   0.000000e+00  -4.227047e-04   3.740797e-01  -4.686132e-01   0.000000e+00
 0.000000e+00   0.000000e+00   1.040982e-03   0.000000e+00   0.000000e+00   7.915862e-04  -4.686132e-01   7.116679e-01   0.000000e+00
-3.271764e-04  -2.644745e-04   0.000000e+00  -7.472576e-05  -8.223206e-05   0.000000e+00   0.000000e+00   0.000000e+00   4.476269e-02

# timestamp: 1774889928.748172
 8.914289e-04   1.302285e-06   0.000000e+00   2.360149e-04   2.459647e-07   0.000000e+00   0.000000e+00   0.000000e+00   1.826113e-04
 1.302285e-06   8.906363e-04   0.000000e+00   3.417101e-07   2.357665e-04   0.000000e+00   0.000000e+00   0.000000e+00   1.330741e-04
 0.000000e+00   0.000000e+00   8.932786e-04   0.000000e+00   0.000000e+00   2.375199e-04  -3.374616e-04   8.423787e-05   0.000000e+00
 2.360149e-04   3.417101e-07   0.000000e+00   3.852691e-04   3.894747e-08   0.000000e+00   0.000000e+00   0.000000e+00   6.390056e-05
 2.459647e-07   2.357665e-04   0.000000e+00   3.894747e-08   3.852306e-04   0.000000e+00   0.000000e+00   0.000000e+00   2.023422e-05
 0.000000e+00   0.000000e+00   2.375199e-04   0.000000e+00   0.000000e+00   3.874562e-04  -5.421937e-04   6.513881e-04   0.000000e+00
 0.000000e+00   0.000000e+00  -3.374616e-04   0.000000e+00   0.000000e+00  -5.421937e-04   3.796861e-01  -4.697839e-01   0.000000e+00
 0.000000e+00   0.000000e+00   8.423787e-05   0.000000e+00   0.000000e+00   6.513881e-04  -4.697839e-01   7.048691e-01   0.000000e+00
 1.826113e-04   1.330741e-04   0.000000e+00   6.390056e-05   2.023422e-05   0.000000e+00   0.000000e+00   0.000000e+00   4.512333e-02

# timestamp: 1774889928.9785976
 8.603165e-04   2.747865e-06   0.000000e+00   2.273717e-04   8.268739e-07   0.000000e+00   0.000000e+00   0.000000e+00  -3.334349e-04
 2.747865e-06   8.590446e-04   0.000000e+00   5.375086e-07   2.273818e-04   0.000000e+00   0.000000e+00   0.000000e+00  -2.675273e-04
 0.000000e+00   0.000000e+00   8.636427e-04   0.000000e+00   0.000000e+00   2.299160e-04  -7.461002e-05   8.151149e-04   0.000000e+00
 2.273717e-04   5.375086e-07   0.000000e+00   3.826713e-04   1.383874e-07   0.000000e+00   0.000000e+00   0.000000e+00  -6.478330e-05
 8.268739e-07   2.273818e-04   0.000000e+00   1.383874e-07   3.827914e-04   0.000000e+00   0.000000e+00   0.000000e+00  -8.882547e-05
 0.000000e+00   0.000000e+00   2.299160e-04   0.000000e+00   0.000000e+00   3.860898e-04  -7.683779e-04   1.205303e-03   0.000000e+00
 0.000000e+00   0.000000e+00  -7.461002e-05   0.000000e+00   0.000000e+00  -7.683779e-04   4.001173e-01  -4.775578e-01   0.000000e+00
 0.000000e+00   0.000000e+00   8.151149e-04   0.000000e+00   0.000000e+00   1.205303e-03  -4.775578e-01   6.822310e-01   0.000000e+00
-3.334349e-04  -2.675273e-04   0.000000e+00  -6.478330e-05  -8.882547e-05   0.000000e+00   0.000000e+00   0.000000e+00   4.319041e-02

# timestamp: 1774889929.0046942
 8.398008e-04   1.112905e-06   0.000000e+00   2.221836e-04   1.953486e-07   0.000000e+00   0.000000e+00   0.000000e+00   1.520938e-04
 1.112905e-06   8.392420e-04   0.000000e+00   3.146042e-07   2.219590e-04   0.000000e+00   0.000000e+00   0.000000e+00   1.190177e-04
 0.000000e+00   0.000000e+00   8.413528e-04   0.000000e+00   0.000000e+00   2.235646e-04  -3.108270e-04   9.173615e-05   0.000000e+00
 2.221836e-04   3.146042e-07   0.000000e+00   3.813257e-04   2.668709e-08   0.000000e+00   0.000000e+00   0.000000e+00   6.352691e-05
 1.953486e-07   2.219590e-04   0.000000e+00   2.668709e-08   3.812698e-04   0.000000e+00   0.000000e+00   0.000000e+00   1.413522e-05
 0.000000e+00   0.000000e+00   2.235646e-04   0.000000e+00   0.000000e+00   3.843756e-04  -8.696432e-04   1.055945e-03   0.000000e+00
 0.000000e+00   0.000000e+00  -3.108270e-04   0.000000e+00   0.000000e+00  -8.696432e-04   4.032449e-01  -4.796364e-01   0.000000e+00
 0.000000e+00   0.000000e+00   9.173615e-05   0.000000e+00   0.000000e+00   1.055945e-03  -4.796364e-01   6.782153e-01   0.000000e+00
 1.520938e-04   1.190177e-04   0.000000e+00   6.352691e-05   1.413522e-05   0.000000e+00   0.000000e+00   0.000000e+00   4.175131e-02

# timestamp: 1774889929.0289333
 8.614251e-04   1.120520e-06   0.000000e+00   2.278911e-04   1.934841e-07   0.000000e+00   0.000000e+00   0.000000e+00   1.530455e-04
 1.120520e-06   8.608595e-04   0.000000e+00   3.182698e-07   2.276596e-04   0.000000e+00   0.000000e+00   0.000000e+00   1.192262e-04
 0.000000e+00   0.000000e+00   8.630191e-04   0.000000e+00   0.000000e+00   2.293240e-04  -3.238632e-04   1.075693e-04   0.000000e+00
 2.278911e-04   3.182698e-07   0.000000e+00   3.828205e-04   2.611788e-08   0.000000e+00   0.000000e+00   0.000000e+00   6.470314e-05
 1.934841e-07   2.276596e-04   0.000000e+00   2.611788e-08   3.827606e-04   0.000000e+00   0.000000e+00   0.000000e+00   1.350107e-05
 0.000000e+00   0.000000e+00   2.293240e-04   0.000000e+00   0.000000e+00   3.859467e-04  -8.878326e-04   1.079154e-03   0.000000e+00
 0.000000e+00   0.000000e+00  -3.238632e-04   0.000000e+00   0.000000e+00  -8.878326e-04   4.047362e-01  -4.796364e-01   0.000000e+00
 0.000000e+00   0.000000e+00   1.075693e-04   0.000000e+00   0.000000e+00   1.079154e-03  -4.796364e-01   6.797065e-01   0.000000e+00
 1.530455e-04   1.192262e-04   0.000000e+00   6.470314e-05   1.350107e-05   0.000000e+00   0.000000e+00   0.000000e+00   4.324257e-02

# timestamp: 1774889929.050864
 8.958260e-04   1.132565e-06   0.000000e+00   2.369256e-04   1.905009e-07   0.000000e+00   0.000000e+00   0.000000e+00   1.545796e-04
 1.132565e-06   8.952494e-04   0.000000e+00   3.240367e-07   2.366833e-04   0.000000e+00   0.000000e+00   0.000000e+00   1.195354e-04
 0.000000e+00   0.000000e+00   8.974892e-04   0.000000e+00   0.000000e+00   2.384438e-04  -3.449318e-04   1.331909e-04   0.000000e+00
 2.369256e-04   3.240367e-07   0.000000e+00   3.851746e-04   2.514912e-08   0.000000e+00   0.000000e+00   0.000000e+00   6.664025e-05
 1.905009e-07   2.366833e-04   0.000000e+00   2.514912e-08   3.851085e-04   0.000000e+00   0.000000e+00   0.000000e+00   1.245668e-05
 0.000000e+00   0.000000e+00   2.384438e-04   0.000000e+00   0.000000e+00   3.884243e-04  -9.165625e-04   1.115749e-03   0.000000e+00
 0.000000e+00   0.000000e+00  -3.449318e-04   0.000000e+00   0.000000e+00  -9.165625e-04   4.070847e-01  -4.796364e-01   0.000000e+00
 0.000000e+00   0.000000e+00   1.331909e-04   0.000000e+00   0.000000e+00   1.115749e-03  -4.796364e-01   6.820550e-01   0.000000e+00
 1.545796e-04   1.195354e-04   0.000000e+00   6.664025e-05   1.245668e-05   0.000000e+00   0.000000e+00   0.000000e+00   4.559106e-02

# timestamp: 1774889929.0679176
 8.318572e-04   2.596934e-06   0.000000e+00   2.197216e-04   7.787008e-07   0.000000e+00   0.000000e+00   0.000000e+00  -3.178967e-04
 2.596934e-06   8.306841e-04   0.000000e+00   5.022687e-07   2.197418e-04   0.000000e+00   0.000000e+00   0.000000e+00  -2.560885e-04
 0.000000e+00   0.000000e+00   8.349371e-04   0.000000e+00   0.000000e+00   2.221566e-04  -6.577521e-05   7.637139e-04   0.000000e+00
 2.197216e-04   5.022687e-07   0.000000e+00   3.805431e-04   1.263920e-07   0.000000e+00   0.000000e+00   0.000000e+00  -6.070288e-05
 7.787008e-07   2.197418e-04   0.000000e+00   1.263920e-07   3.806578e-04   0.000000e+00   0.000000e+00   0.000000e+00  -8.500286e-05
 0.000000e+00   0.000000e+00   2.221566e-04   0.000000e+00   0.000000e+00   3.842013e-04  -8.498522e-04   1.288001e-03   0.000000e+00
 0.000000e+00   0.000000e+00  -6.577521e-05   0.000000e+00   0.000000e+00  -8.498522e-04   4.065698e-01  -4.821145e-01   0.000000e+00
 0.000000e+00   0.000000e+00   7.637139e-04   0.000000e+00   0.000000e+00   1.288001e-03  -4.821145e-01   6.772458e-01   0.000000e+00
-3.178967e-04  -2.560885e-04   0.000000e+00  -6.070288e-05  -8.500286e-05   0.000000e+00   0.000000e+00   0.000000e+00   4.113326e-02

# timestamp: 1774889929.3089733
 8.341434e-04   9.370502e-07   0.000000e+00   2.204823e-04   1.584516e-07   0.000000e+00   0.000000e+00   0.000000e+00   1.295091e-04
 9.370502e-07   8.336827e-04   0.000000e+00   2.735854e-07   2.202741e-04   0.000000e+00   0.000000e+00   0.000000e+00   9.861472e-05
 0.000000e+00   0.000000e+00   8.356308e-04   0.000000e+00   0.000000e+00   2.222364e-04  -4.353539e-04   2.946959e-04   0.000000e+00
 2.204823e-04   2.735854e-07   0.000000e+00   3.805907e-04   1.633860e-08   0.000000e+00   0.000000e+00   0.000000e+00   6.130185e-05
 1.584516e-07   2.202741e-04   0.000000e+00   1.633860e-08   3.805188e-04   0.000000e+00   0.000000e+00   0.000000e+00   1.106212e-05
 0.000000e+00   0.000000e+00   2.222364e-04   0.000000e+00   0.000000e+00   3.849484e-04  -1.187045e-03   1.436272e-03   0.000000e+00
 0.000000e+00   0.000000e+00  -4.353539e-04   0.000000e+00   0.000000e+00  -1.187045e-03   4.258672e-01  -4.939836e-01   0.000000e+00
 0.000000e+00   0.000000e+00   2.946959e-04   0.000000e+00   0.000000e+00   1.436272e-03  -4.939836e-01   6.762250e-01   0.000000e+00
 1.295091e-04   9.861472e-05   0.000000e+00   6.130185e-05   1.106212e-05   0.000000e+00   0.000000e+00   0.000000e+00   4.143563e-02

# timestamp: 1774889929.3321626
 8.775792e-04   9.500432e-07   0.000000e+00   2.319288e-04   1.579217e-07   0.000000e+00   0.000000e+00   0.000000e+00   1.313724e-04
 9.500432e-07   8.771057e-04   0.000000e+00   2.802948e-07   2.317094e-04   0.000000e+00   0.000000e+00   0.000000e+00   9.894183e-05
 0.000000e+00   0.000000e+00   8.791759e-04   0.000000e+00   0.000000e+00   2.338382e-04  -4.711957e-04   3.380538e-04   0.000000e+00
 2.319288e-04   2.802948e-07   0.000000e+00   3.835892e-04   1.653476e-08   0.000000e+00   0.000000e+00   0.000000e+00   6.402750e-05
 1.579217e-07   2.317094e-04   0.000000e+00   1.653476e-08   3.835093e-04   0.000000e+00   0.000000e+00   0.000000e+00   1.072376e-05
 0.000000e+00   0.000000e+00   2.338382e-04   0.000000e+00   0.000000e+00   3.881131e-04  -1.217820e-03   1.472654e-03   0.000000e+00
 0.000000e+00   0.000000e+00  -4.711957e-04   0.000000e+00   0.000000e+00  -1.217820e-03   4.288578e-01  -4.939836e-01   0.000000e+00
 0.000000e+00   0.000000e+00   3.380538e-04   0.000000e+00   0.000000e+00   1.472654e-03  -4.939836e-01   6.792156e-01   0.000000e+00
 1.313724e-04   9.894183e-05   0.000000e+00   6.402750e-05   1.072376e-05   0.000000e+00   0.000000e+00   0.000000e+00   4.442626e-02

# timestamp: 1774889929.355976
 8.360522e-04   2.637356e-06   0.000000e+00   2.206427e-04   7.613709e-07   0.000000e+00   0.000000e+00   0.000000e+00  -3.225647e-04
 2.637356e-06   8.348794e-04   0.000000e+00   4.846619e-07   2.206671e-04   0.000000e+00   0.000000e+00   0.000000e+00  -2.594121e-04
 0.000000e+00   0.000000e+00   8.390772e-04   0.000000e+00   0.000000e+00   2.231847e-04  -7.061428e-05   7.652887e-04   0.000000e+00
 2.206427e-04   4.846619e-07   0.000000e+00   3.805093e-04   1.130414e-07   0.000000e+00   0.000000e+00   0.000000e+00  -5.738621e-05
 7.613709e-07   2.206671e-04   0.000000e+00   1.130414e-07   3.806061e-04   0.000000e+00   0.000000e+00   0.000000e+00  -8.231714e-05
 0.000000e+00   0.000000e+00   2.231847e-04   0.000000e+00   0.000000e+00   3.853275e-04  -1.124839e-03   1.601685e-03   0.000000e+00
 0.000000e+00   0.000000e+00  -7.061428e-05   0.000000e+00   0.000000e+00  -1.124839e-03   4.282424e-01  -4.964196e-01   0.000000e+00
 0.000000e+00   0.000000e+00   7.652887e-04   0.000000e+00   0.000000e+00   1.601685e-03  -4.964196e-01   6.789201e-01   0.000000e+00
-3.225647e-04  -2.594121e-04   0.000000e+00  -5.738621e-05  -8.231714e-05   0.000000e+00   0.000000e+00   0.000000e+00   4.157197e-02

# timestamp: 1774889929.400766
 8.397140e-04   1.258506e-06   0.000000e+00   2.218713e-04   2.471972e-07   0.000000e+00   0.000000e+00   0.000000e+00   1.718473e-04
 1.258506e-06   8.391003e-04   0.000000e+00   3.711668e-07   2.216062e-04   0.000000e+00   0.000000e+00   0.000000e+00   1.320535e-04
 0.000000e+00   0.000000e+00   8.414990e-04   0.000000e+00   0.000000e+00   2.238373e-04  -5.189379e-04   3.123937e-04   0.000000e+00
 2.218713e-04   3.711668e-07   0.000000e+00   3.808642e-04   4.414483e-08   0.000000e+00   0.000000e+00   0.000000e+00   7.410383e-05
 2.471972e-07   2.216062e-04   0.000000e+00   4.414483e-08   3.807642e-04   0.000000e+00   0.000000e+00   0.000000e+00   2.266789e-05
 0.000000e+00   0.000000e+00   2.238373e-04   0.000000e+00   0.000000e+00   3.856087e-04  -1.277816e-03   1.518490e-03   0.000000e+00
 0.000000e+00   0.000000e+00  -5.189379e-04   0.000000e+00   0.000000e+00  -1.277816e-03   4.317392e-01  -4.991256e-01   0.000000e+00
 0.000000e+00   0.000000e+00   3.123937e-04   0.000000e+00   0.000000e+00   1.518490e-03  -4.991256e-01   6.805556e-01   0.000000e+00
 1.718473e-04   1.320535e-04   0.000000e+00   7.410383e-05   2.266789e-05   0.000000e+00   0.000000e+00   0.000000e+00   4.174241e-02

# timestamp: 1774889929.6446657
 8.877668e-04   9.518465e-07   0.000000e+00   2.344170e-04   1.837354e-07   0.000000e+00   0.000000e+00   0.000000e+00   1.330338e-04
 9.518465e-07   8.872689e-04   0.000000e+00   2.809261e-07   2.341986e-04   0.000000e+00   0.000000e+00   0.000000e+00   9.773731e-05
 0.000000e+00   0.000000e+00   8.896018e-04   0.000000e+00   0.000000e+00   2.368715e-04  -6.268317e-04   5.358306e-04   0.000000e+00
 2.344170e-04   2.809261e-07   0.000000e+00   3.840005e-04   2.925499e-08   0.000000e+00   0.000000e+00   0.000000e+00   6.469862e-05
 1.837354e-07   2.341986e-04   0.000000e+00   2.925499e-08   3.839040e-04   0.000000e+00   0.000000e+00   0.000000e+00   1.858708e-05
 0.000000e+00   0.000000e+00   2.368715e-04   0.000000e+00   0.000000e+00   3.893292e-04  -1.383860e-03   1.673881e-03   0.000000e+00
 0.000000e+00   0.000000e+00  -6.268317e-04   0.000000e+00   0.000000e+00  -1.383860e-03   4.413346e-01  -5.082642e-01   0.000000e+00
 0.000000e+00   0.000000e+00   5.358306e-04   0.000000e+00   0.000000e+00   1.673881e-03  -5.082642e-01   6.971202e-01   0.000000e+00
 1.330338e-04   9.773731e-05   0.000000e+00   6.469862e-05   1.858708e-05   0.000000e+00   0.000000e+00   0.000000e+00   4.511606e-02

# timestamp: 1774889929.6702712
 7.860355e-04   6.482165e-07   0.000000e+00   2.075306e-04   1.160738e-07   0.000000e+00   0.000000e+00   0.000000e+00   9.059625e-05
 6.482165e-07   7.856974e-04   0.000000e+00   1.859061e-07   2.073825e-04   0.000000e+00   0.000000e+00   0.000000e+00   6.599046e-05
 0.000000e+00   0.000000e+00   7.874126e-04   0.000000e+00   0.000000e+00   2.096633e-04  -5.358031e-04   5.073979e-04   0.000000e+00
 2.075306e-04   1.859061e-07   0.000000e+00   3.768763e-04   8.771757e-09   0.000000e+00   0.000000e+00   0.000000e+00   4.842822e-05
 1.160738e-07   2.073825e-04   0.000000e+00   8.771757e-09   3.768080e-04   0.000000e+00   0.000000e+00   0.000000e+00   1.178700e-05
 0.000000e+00   0.000000e+00   2.096633e-04   0.000000e+00   0.000000e+00   3.820701e-04  -1.356549e-03   1.672901e-03   0.000000e+00
 0.000000e+00   0.000000e+00  -5.358031e-04   0.000000e+00   0.000000e+00  -1.356549e-03   4.358994e-01  -5.121775e-01   0.000000e+00
 0.000000e+00   0.000000e+00   5.073979e-04   0.000000e+00   0.000000e+00   1.672901e-03  -5.121775e-01   6.977870e-01   0.000000e+00
 9.059625e-05   6.599046e-05   0.000000e+00   4.842822e-05   1.178700e-05   0.000000e+00   0.000000e+00   0.000000e+00   3.818930e-02

# timestamp: 1774889929.6901038
 8.179286e-04   6.549998e-07   0.000000e+00   2.160100e-04   1.165899e-07   0.000000e+00   0.000000e+00   0.000000e+00   9.168773e-05
 6.549998e-07   8.175838e-04   0.000000e+00   1.875881e-07   2.158585e-04   0.000000e+00   0.000000e+00   0.000000e+00   6.625554e-05
 0.000000e+00   0.000000e+00   8.194040e-04   0.000000e+00   0.000000e+00   2.182679e-04  -5.662546e-04   5.449447e-04   0.000000e+00
 2.160100e-04   1.875881e-07   0.000000e+00   3.791189e-04   9.206626e-09   0.000000e+00   0.000000e+00   0.000000e+00   4.931740e-05
 1.165899e-07   2.158585e-04   0.000000e+00   9.206626e-09   3.790485e-04   0.000000e+00   0.000000e+00   0.000000e+00   1.192450e-05
 0.000000e+00   0.000000e+00   2.182679e-04   0.000000e+00   0.000000e+00   3.843598e-04  -1.364573e-03   1.681952e-03   0.000000e+00
 0.000000e+00   0.000000e+00  -5.662546e-04   0.000000e+00   0.000000e+00  -1.364573e-03   4.381398e-01  -5.121775e-01   0.000000e+00
 0.000000e+00   0.000000e+00   5.449447e-04   0.000000e+00   0.000000e+00   1.681952e-03  -5.121775e-01   7.000274e-01   0.000000e+00
 9.168773e-05   6.625554e-05   0.000000e+00   4.931740e-05   1.192450e-05   0.000000e+00   0.000000e+00   0.000000e+00   4.042972e-02

# timestamp: 1774889929.70841
 8.358422e-04   6.587969e-07   0.000000e+00   2.207497e-04   1.168831e-07   0.000000e+00   0.000000e+00   0.000000e+00   9.230421e-05
 6.587969e-07   8.354936e-04   0.000000e+00   1.885311e-07   2.205963e-04   0.000000e+00   0.000000e+00   0.000000e+00   6.640446e-05
 0.000000e+00   0.000000e+00   8.373748e-04   0.000000e+00   0.000000e+00   2.230781e-04  -5.832822e-04   5.659311e-04   0.000000e+00
 2.207497e-04   1.885311e-07   0.000000e+00   3.803670e-04   9.451353e-09   0.000000e+00   0.000000e+00   0.000000e+00   4.983311e-05
 1.168831e-07   2.205963e-04   0.000000e+00   9.451353e-09   3.802953e-04   0.000000e+00   0.000000e+00   0.000000e+00   1.200425e-05
 0.000000e+00   0.000000e+00   2.230781e-04   0.000000e+00   0.000000e+00   3.856342e-04  -1.369060e-03   1.686986e-03   0.000000e+00
 0.000000e+00   0.000000e+00  -5.832822e-04   0.000000e+00   0.000000e+00  -1.369060e-03   4.393866e-01  -5.121775e-01   0.000000e+00
 0.000000e+00   0.000000e+00   5.659311e-04   0.000000e+00   0.000000e+00   1.686986e-03  -5.121775e-01   7.012742e-01   0.000000e+00
 9.230421e-05   6.640446e-05   0.000000e+00   4.983311e-05   1.200425e-05   0.000000e+00   0.000000e+00   0.000000e+00   4.167653e-02

# timestamp: 1774889929.7361188
 8.844313e-04   6.690458e-07   0.000000e+00   2.335313e-04   1.176894e-07   0.000000e+00   0.000000e+00   0.000000e+00   9.398722e-05
 6.690458e-07   8.840724e-04   0.000000e+00   1.910820e-07   2.333727e-04   0.000000e+00   0.000000e+00   0.000000e+00   6.680832e-05
 0.000000e+00   0.000000e+00   8.861257e-04   0.000000e+00   0.000000e+00   2.360508e-04  -6.291756e-04   6.224644e-04   0.000000e+00
 2.335313e-04   1.910820e-07   0.000000e+00   3.837115e-04   1.011730e-08   0.000000e+00   0.000000e+00   0.000000e+00   5.129529e-05
 1.176894e-07   2.333727e-04   0.000000e+00   1.011730e-08   3.836366e-04   0.000000e+00   0.000000e+00   0.000000e+00   1.223035e-05
 0.000000e+00   0.000000e+00   2.360508e-04   0.000000e+00   0.000000e+00   3.890498e-04  -1.381163e-03   1.700464e-03   0.000000e+00
 0.000000e+00   0.000000e+00  -6.291756e-04   0.000000e+00   0.000000e+00  -1.381163e-03   4.427278e-01  -5.121775e-01   0.000000e+00
 0.000000e+00   0.000000e+00   6.224644e-04   0.000000e+00   0.000000e+00   1.700464e-03  -5.121775e-01   7.046154e-01   0.000000e+00
 9.398722e-05   6.680832e-05   0.000000e+00   5.129529e-05   1.223035e-05   0.000000e+00   0.000000e+00   0.000000e+00   4.501768e-02

# timestamp: 1774889929.9542832
 9.061136e-04   5.320086e-07   0.000000e+00   2.390632e-04   9.637746e-08   0.000000e+00   0.000000e+00   0.000000e+00   7.597263e-05
 5.320086e-07   9.058120e-04   0.000000e+00   1.391232e-07   2.389459e-04   0.000000e+00   0.000000e+00   0.000000e+00   5.207611e-05
 0.000000e+00   0.000000e+00   9.079720e-04   0.000000e+00   0.000000e+00   2.417867e-04  -7.139743e-04   7.739627e-04   0.000000e+00
 2.390632e-04   1.391232e-07   0.000000e+00   3.850011e-04   6.227625e-09   0.000000e+00   0.000000e+00   0.000000e+00   4.004557e-05
 9.637746e-08   2.389459e-04   0.000000e+00   6.227625e-09   3.849450e-04   0.000000e+00   0.000000e+00   0.000000e+00   1.406619e-05
 0.000000e+00   0.000000e+00   2.417867e-04   0.000000e+00   0.000000e+00   3.899643e-04  -1.328392e-03   1.653995e-03   0.000000e+00
 0.000000e+00   0.000000e+00  -7.139743e-04   0.000000e+00   0.000000e+00  -1.328392e-03   4.485582e-01  -5.206837e-01   0.000000e+00
 0.000000e+00   0.000000e+00   7.739627e-04   0.000000e+00   0.000000e+00   1.653995e-03  -5.206837e-01   7.206916e-01   0.000000e+00
 7.597263e-05   5.207611e-05   0.000000e+00   4.004557e-05   1.406619e-05   0.000000e+00   0.000000e+00   0.000000e+00   4.645432e-02

# timestamp: 1774889930.0006588
 8.280082e-04   6.424717e-07   0.000000e+00   2.183713e-04   1.349720e-07   0.000000e+00   0.000000e+00   0.000000e+00   9.375610e-05
 6.424717e-07   8.276341e-04   0.000000e+00   1.684966e-07   2.182419e-04   0.000000e+00   0.000000e+00   0.000000e+00   6.699792e-05
 0.000000e+00   0.000000e+00   8.296965e-04   0.000000e+00   0.000000e+00   2.207991e-04  -6.734584e-04   6.897129e-04   0.000000e+00
 2.183713e-04   1.684966e-07   0.000000e+00   3.794929e-04   1.817154e-08   0.000000e+00   0.000000e+00   0.000000e+00   4.167174e-05
 1.349720e-07   2.182419e-04   0.000000e+00   1.817154e-08   3.794367e-04   0.000000e+00   0.000000e+00   0.000000e+00   2.023231e-05
 0.000000e+00   0.000000e+00   2.207991e-04   0.000000e+00   0.000000e+00   3.841073e-04  -1.274955e-03   1.589674e-03   0.000000e+00
 0.000000e+00   0.000000e+00  -6.734584e-04   0.000000e+00   0.000000e+00  -1.274955e-03   4.418356e-01  -5.236130e-01   0.000000e+00
 0.000000e+00   0.000000e+00   6.897129e-04   0.000000e+00   0.000000e+00   1.589674e-03  -5.236130e-01   7.246607e-01   0.000000e+00
 9.375610e-05   6.699792e-05   0.000000e+00   4.167174e-05   2.023231e-05   0.000000e+00   0.000000e+00   0.000000e+00   4.087216e-02

# timestamp: 1774889930.0281687
 8.685438e-04   6.510233e-07   0.000000e+00   2.290492e-04   1.388599e-07   0.000000e+00   0.000000e+00   0.000000e+00   9.492538e-05
 6.510233e-07   8.681624e-04   0.000000e+00   1.693690e-07   2.289202e-04   0.000000e+00   0.000000e+00   0.000000e+00   6.758005e-05
 0.000000e+00   0.000000e+00   8.703712e-04   0.000000e+00   0.000000e+00   2.315827e-04  -7.089953e-04   7.339935e-04   0.000000e+00
 2.290492e-04   1.693690e-07   0.000000e+00   3.822939e-04   1.976641e-08   0.000000e+00   0.000000e+00   0.000000e+00   4.189141e-05
 1.388599e-07   2.289202e-04   0.000000e+00   1.976641e-08   3.822388e-04   0.000000e+00   0.000000e+00   0.000000e+00   2.174962e-05
 0.000000e+00   0.000000e+00   2.315827e-04   0.000000e+00   0.000000e+00   3.868086e-04  -1.258608e-03   1.566522e-03   0.000000e+00
 0.000000e+00   0.000000e+00  -7.089953e-04   0.000000e+00   0.000000e+00  -1.258608e-03   4.446362e-01  -5.236130e-01   0.000000e+00
 0.000000e+00   0.000000e+00   7.339935e-04   0.000000e+00   0.000000e+00   1.566522e-03  -5.236130e-01   7.274612e-01   0.000000e+00
 9.492538e-05   6.758005e-05   0.000000e+00   4.189141e-05   2.174962e-05   0.000000e+00   0.000000e+00   0.000000e+00   4.367272e-02

# timestamp: 1774889930.0491898
 8.884019e-04   6.552160e-07   0.000000e+00   2.342512e-04   1.407750e-07   0.000000e+00   0.000000e+00   0.000000e+00   9.549426e-05
 6.552160e-07   8.880170e-04   0.000000e+00   1.698092e-07   2.341225e-04   0.000000e+00   0.000000e+00   0.000000e+00   6.787780e-05
 0.000000e+00   0.000000e+00   8.902989e-04   0.000000e+00   0.000000e+00   2.368345e-04  -7.260488e-04   7.552143e-04   0.000000e+00
 2.342512e-04   1.698092e-07   0.000000e+00   3.836512e-04   2.054498e-08   0.000000e+00   0.000000e+00   0.000000e+00   4.200298e-05
 1.407750e-07   2.341225e-04   0.000000e+00   2.054498e-08   3.835966e-04   0.000000e+00   0.000000e+00   0.000000e+00   2.252025e-05
 0.000000e+00   0.000000e+00   2.368345e-04   0.000000e+00   0.000000e+00   3.881181e-04  -1.250691e-03   1.555267e-03   0.000000e+00
 0.000000e+00   0.000000e+00  -7.260488e-04   0.000000e+00   0.000000e+00  -1.250691e-03   4.459933e-01  -5.236130e-01   0.000000e+00
 0.000000e+00   0.000000e+00   7.552143e-04   0.000000e+00   0.000000e+00   1.555267e-03  -5.236130e-01   7.288183e-01   0.000000e+00
 9.549426e-05   6.787780e-05   0.000000e+00   4.200298e-05   2.252025e-05   0.000000e+00   0.000000e+00   0.000000e+00   4.502980e-02

# timestamp: 1774889930.2999048
 8.447819e-04   7.518394e-07   0.000000e+00   2.226845e-04   1.893291e-07   0.000000e+00   0.000000e+00   0.000000e+00   1.159249e-04
 7.518394e-07   8.442690e-04   0.000000e+00   1.763608e-07   2.225614e-04   0.000000e+00   0.000000e+00   0.000000e+00   7.753692e-05
 0.000000e+00   0.000000e+00   8.468166e-04   0.000000e+00   0.000000e+00   2.248896e-04  -7.887872e-04   8.252923e-04   0.000000e+00
 2.226845e-04   1.763608e-07   0.000000e+00   3.804444e-04   3.243020e-08   0.000000e+00   0.000000e+00   0.000000e+00   3.478481e-05
 1.893291e-07   2.225614e-04   0.000000e+00   3.243020e-08   3.804106e-04   0.000000e+00   0.000000e+00   0.000000e+00   3.151445e-05
 0.000000e+00   0.000000e+00   2.248896e-04   0.000000e+00   0.000000e+00   3.833516e-04  -9.522868e-04   1.199286e-03   0.000000e+00
 0.000000e+00   0.000000e+00  -7.887872e-04   0.000000e+00   0.000000e+00  -9.522868e-04   4.367369e-01  -5.299251e-01   0.000000e+00
 0.000000e+00   0.000000e+00   8.252923e-04   0.000000e+00   0.000000e+00   1.199286e-03  -5.299251e-01   7.538028e-01   0.000000e+00
 1.159249e-04   7.753692e-05   0.000000e+00   3.478481e-05   3.151445e-05   0.000000e+00   0.000000e+00   0.000000e+00   4.213329e-02

# timestamp: 1774889930.3254938
 8.782443e-04   7.602640e-07   0.000000e+00   2.314729e-04   1.905383e-07   0.000000e+00   0.000000e+00   0.000000e+00   1.167192e-04
 7.602640e-07   8.777258e-04   0.000000e+00   1.755918e-07   2.313515e-04   0.000000e+00   0.000000e+00   0.000000e+00   7.826339e-05
 0.000000e+00   0.000000e+00   8.803818e-04   0.000000e+00   0.000000e+00   2.337278e-04  -8.106226e-04   8.527918e-04   0.000000e+00
 2.314729e-04   1.755918e-07   0.000000e+00   3.827443e-04   3.195559e-08   0.000000e+00   0.000000e+00   0.000000e+00   3.393822e-05
 1.905383e-07   2.313515e-04   0.000000e+00   3.195559e-08   3.827120e-04   0.000000e+00   0.000000e+00   0.000000e+00   3.168947e-05
 0.000000e+00   0.000000e+00   2.337278e-04   0.000000e+00   0.000000e+00   3.856065e-04  -9.416724e-04   1.185993e-03   0.000000e+00
 0.000000e+00   0.000000e+00  -8.106226e-04   0.000000e+00   0.000000e+00  -9.416724e-04   4.390381e-01  -5.299251e-01   0.000000e+00
 0.000000e+00   0.000000e+00   8.527918e-04   0.000000e+00   0.000000e+00   1.185993e-03  -5.299251e-01   7.561040e-01   0.000000e+00
 1.167192e-04   7.826339e-05   0.000000e+00   3.393822e-05   3.168947e-05   0.000000e+00   0.000000e+00   0.000000e+00   4.443446e-02

# timestamp: 1774889930.3641415
 8.668803e-04   3.082797e-06   0.000000e+00   2.283498e-04   6.854710e-07   0.000000e+00   0.000000e+00   0.000000e+00  -3.844891e-04
 3.082797e-06   8.649914e-04   0.000000e+00   7.740086e-07   2.278018e-04   0.000000e+00   0.000000e+00   0.000000e+00  -2.849618e-04
 0.000000e+00   0.000000e+00   8.703700e-04   0.000000e+00   0.000000e+00   2.306099e-04  -1.973207e-04   1.069232e-03   0.000000e+00
 2.283498e-04   7.740086e-07   0.000000e+00   3.818683e-04   1.588338e-07   0.000000e+00   0.000000e+00   0.000000e+00  -1.000326e-04
 6.854710e-07   2.278018e-04   0.000000e+00   1.588338e-07   3.817063e-04   0.000000e+00   0.000000e+00   0.000000e+00  -6.512089e-05
 0.000000e+00   0.000000e+00   2.306099e-04   0.000000e+00   0.000000e+00   3.845260e-04  -7.475871e-04   1.207388e-03   0.000000e+00
 0.000000e+00   0.000000e+00  -1.973207e-04   0.000000e+00   0.000000e+00  -7.475871e-04   4.375761e-01  -5.313887e-01   0.000000e+00
 0.000000e+00   0.000000e+00   1.069232e-03   0.000000e+00   0.000000e+00   1.207388e-03  -5.313887e-01   7.600440e-01   0.000000e+00
-3.844891e-04  -2.849618e-04   0.000000e+00  -1.000326e-04  -6.512089e-05   0.000000e+00   0.000000e+00   0.000000e+00   4.349414e-02

# timestamp: 1774889930.7215557
 8.450261e-04   1.007017e-06   0.000000e+00   2.224800e-04   1.994794e-07   0.000000e+00   0.000000e+00   0.000000e+00   1.462523e-04
 1.007017e-06   8.443459e-04   0.000000e+00   2.069765e-07   2.223278e-04   0.000000e+00   0.000000e+00   0.000000e+00   1.026173e-04
 0.000000e+00   0.000000e+00   8.471375e-04   0.000000e+00   0.000000e+00   2.244121e-04  -8.034275e-04   7.907054e-04   0.000000e+00
 2.224800e-04   2.069765e-07   0.000000e+00   3.801459e-04   3.085577e-08   0.000000e+00   0.000000e+00   0.000000e+00   2.724702e-05
 1.994794e-07   2.223278e-04   0.000000e+00   3.085577e-08   3.801054e-04   0.000000e+00   0.000000e+00   0.000000e+00   1.933991e-05
 0.000000e+00   0.000000e+00   2.244121e-04   0.000000e+00   0.000000e+00   3.824862e-04  -8.468261e-04   1.094583e-03   0.000000e+00
 0.000000e+00   0.000000e+00  -8.034275e-04   0.000000e+00   0.000000e+00  -8.468261e-04   4.434186e-01  -5.458714e-01   0.000000e+00
 0.000000e+00   0.000000e+00   7.907054e-04   0.000000e+00   0.000000e+00   1.094583e-03  -5.458714e-01   7.845849e-01   0.000000e+00
 1.462523e-04   1.026173e-04   0.000000e+00   2.724702e-05   1.933991e-05   0.000000e+00   0.000000e+00   0.000000e+00   4.209551e-02

# timestamp: 1774889930.7505224
 8.914666e-04   1.019880e-06   0.000000e+00   2.346596e-04   1.918566e-07   0.000000e+00   0.000000e+00   0.000000e+00   1.471069e-04
 1.019880e-06   8.907767e-04   0.000000e+00   2.048003e-07   2.345045e-04   0.000000e+00   0.000000e+00   0.000000e+00   1.032072e-04
 0.000000e+00   0.000000e+00   8.937042e-04   0.000000e+00   0.000000e+00   2.366942e-04  -8.306085e-04   8.258971e-04   0.000000e+00
 2.346596e-04   2.048003e-07   0.000000e+00   3.833314e-04   2.875182e-08   0.000000e+00   0.000000e+00   0.000000e+00   2.589978e-05
 1.918566e-07   2.345045e-04   0.000000e+00   2.875182e-08   3.832904e-04   0.000000e+00   0.000000e+00   0.000000e+00   1.675361e-05
 0.000000e+00   0.000000e+00   2.366942e-04   0.000000e+00   0.000000e+00   3.857509e-04  -8.651696e-04   1.123952e-03   0.000000e+00
 0.000000e+00   0.000000e+00  -8.306085e-04   0.000000e+00   0.000000e+00  -8.651696e-04   4.466057e-01  -5.458714e-01   0.000000e+00
 0.000000e+00   0.000000e+00   8.258971e-04   0.000000e+00   0.000000e+00   1.123952e-03  -5.458714e-01   7.877721e-01   0.000000e+00
 1.471069e-04   1.032072e-04   0.000000e+00   2.589978e-05   1.675361e-05   0.000000e+00   0.000000e+00   0.000000e+00   4.528264e-02

# timestamp: 1774889931.0176296
 8.558291e-04   7.233451e-07   0.000000e+00   2.253400e-04   1.021602e-07   0.000000e+00   0.000000e+00   0.000000e+00   9.935450e-05
 7.233451e-07   8.554083e-04   0.000000e+00   1.400979e-07   2.252261e-04   0.000000e+00   0.000000e+00   0.000000e+00   7.648416e-05
 0.000000e+00   0.000000e+00   8.574359e-04   0.000000e+00   0.000000e+00   2.271667e-04  -6.710279e-04   6.820779e-04   0.000000e+00
 2.253400e-04   1.400979e-07   0.000000e+00   3.808232e-04   1.591789e-08   0.000000e+00   0.000000e+00   0.000000e+00   1.578456e-05
 1.021602e-07   2.252261e-04   0.000000e+00   1.591789e-08   3.807974e-04   0.000000e+00   0.000000e+00   0.000000e+00  -1.534554e-06
 0.000000e+00   0.000000e+00   2.271667e-04   0.000000e+00   0.000000e+00   3.837417e-04  -1.007883e-03   1.317887e-03   0.000000e+00
 0.000000e+00   0.000000e+00  -6.710279e-04   0.000000e+00   0.000000e+00  -1.007883e-03   4.653622e-01  -5.603502e-01   0.000000e+00
 0.000000e+00   0.000000e+00   6.820779e-04   0.000000e+00   0.000000e+00   1.317887e-03  -5.603502e-01   7.863161e-01   0.000000e+00
 9.935450e-05   7.648416e-05   0.000000e+00   1.578456e-05  -1.534554e-06   0.000000e+00   0.000000e+00   0.000000e+00   4.295719e-02

# timestamp: 1774889931.0567904
 9.122199e-04   7.325849e-07   0.000000e+00   2.400884e-04   9.620960e-08   0.000000e+00   0.000000e+00   0.000000e+00   9.995232e-05
 7.325849e-07   9.117901e-04   0.000000e+00   1.394995e-07   2.399701e-04   0.000000e+00   0.000000e+00   0.000000e+00   7.638493e-05
 0.000000e+00   0.000000e+00   9.139726e-04   0.000000e+00   0.000000e+00   2.420670e-04  -7.102157e-04   7.333795e-04   0.000000e+00
 2.400884e-04   1.394995e-07   0.000000e+00   3.846708e-04   1.495164e-08   0.000000e+00   0.000000e+00   0.000000e+00   1.507265e-05
 9.620960e-08   2.399701e-04   0.000000e+00   1.495164e-08   3.846459e-04   0.000000e+00   0.000000e+00   0.000000e+00  -4.518248e-06
 0.000000e+00   0.000000e+00   2.420670e-04   0.000000e+00   0.000000e+00   3.877337e-04  -1.037349e-03   1.360904e-03   0.000000e+00
 0.000000e+00   0.000000e+00  -7.102157e-04   0.000000e+00   0.000000e+00  -1.037349e-03   4.692103e-01  -5.603502e-01   0.000000e+00
 0.000000e+00   0.000000e+00   7.333795e-04   0.000000e+00   0.000000e+00   1.360904e-03  -5.603502e-01   7.901642e-01   0.000000e+00
 9.995232e-05   7.638493e-05   0.000000e+00   1.507265e-05  -4.518248e-06   0.000000e+00   0.000000e+00   0.000000e+00   4.680531e-02

# timestamp: 1774889931.5211053
 8.662123e-04   6.411008e-07   0.000000e+00   2.280582e-04   1.378734e-07   0.000000e+00   0.000000e+00   0.000000e+00   8.838893e-05
 6.411008e-07   8.658772e-04   0.000000e+00   1.470986e-07   2.279737e-04   0.000000e+00   0.000000e+00   0.000000e+00   6.788727e-05
 0.000000e+00   0.000000e+00   8.675831e-04   0.000000e+00   0.000000e+00   2.295790e-04  -6.218486e-04   6.211903e-04   0.000000e+00
 2.280582e-04   1.470986e-07   0.000000e+00   3.813966e-04   3.266988e-08   0.000000e+00   0.000000e+00   0.000000e+00   2.593357e-05
 1.378734e-07   2.279737e-04   0.000000e+00   3.266988e-08   3.813770e-04   0.000000e+00   0.000000e+00   0.000000e+00   1.664805e-05
 0.000000e+00   0.000000e+00   2.295790e-04   0.000000e+00   0.000000e+00   3.837255e-04  -9.336469e-04   1.155791e-03   0.000000e+00
 0.000000e+00   0.000000e+00  -6.218486e-04   0.000000e+00   0.000000e+00  -9.336469e-04   4.965749e-01  -5.847281e-01   0.000000e+00
 0.000000e+00   0.000000e+00   6.211903e-04   0.000000e+00   0.000000e+00   1.155791e-03  -5.847281e-01   7.986266e-01   0.000000e+00
 8.838893e-05   6.788727e-05   0.000000e+00   2.593357e-05   1.664805e-05   0.000000e+00   0.000000e+00   0.000000e+00   4.368145e-02

# timestamp: 1774889931.892346
 7.744980e-04   1.085676e-06   0.000000e+00   2.036467e-04   3.010238e-07   0.000000e+00   0.000000e+00   0.000000e+00   1.488010e-04
 1.085676e-06   7.739422e-04   0.000000e+00   2.919642e-07   2.035047e-04   0.000000e+00   0.000000e+00   0.000000e+00   1.155026e-04
 0.000000e+00   0.000000e+00   7.759709e-04   0.000000e+00   0.000000e+00   2.048726e-04  -6.091991e-04   4.782213e-04   0.000000e+00
 2.036467e-04   2.919642e-07   0.000000e+00   3.748263e-04   8.868775e-08   0.000000e+00   0.000000e+00   0.000000e+00   5.086695e-05
 3.010238e-07   2.035047e-04   0.000000e+00   8.868775e-08   3.747905e-04   0.000000e+00   0.000000e+00   0.000000e+00   4.200163e-05
 0.000000e+00   0.000000e+00   2.048726e-04   0.000000e+00   0.000000e+00   3.764626e-04  -7.835276e-04   9.028312e-04   0.000000e+00
 0.000000e+00   0.000000e+00  -6.091991e-04   0.000000e+00   0.000000e+00  -7.835276e-04   5.057982e-01  -6.041724e-01   0.000000e+00
 0.000000e+00   0.000000e+00   4.782213e-04   0.000000e+00   0.000000e+00   9.028312e-04  -6.041724e-01   8.163155e-01   0.000000e+00
 1.488010e-04   1.155026e-04   0.000000e+00   5.086695e-05   4.200163e-05   0.000000e+00   0.000000e+00   0.000000e+00   3.725399e-02

# timestamp: 1774889932.1506615
 8.875987e-04   1.371012e-06   0.000000e+00   2.335649e-04   4.593494e-07   0.000000e+00   0.000000e+00   0.000000e+00   1.788888e-04
 1.371012e-06   8.869671e-04   0.000000e+00   4.301538e-07   2.333995e-04   0.000000e+00   0.000000e+00   0.000000e+00   1.461094e-04
 0.000000e+00   0.000000e+00   8.892252e-04   0.000000e+00   0.000000e+00   2.346595e-04  -5.749481e-04   3.626750e-04   0.000000e+00
 2.335649e-04   4.301538e-07   0.000000e+00   3.826837e-04   1.713552e-07   0.000000e+00   0.000000e+00   0.000000e+00   7.735426e-05
 4.593494e-07   2.333995e-04   0.000000e+00   1.713552e-07   3.826437e-04   0.000000e+00   0.000000e+00   0.000000e+00   7.069451e-05
 0.000000e+00   0.000000e+00   2.346595e-04   0.000000e+00   0.000000e+00   3.838192e-04  -6.119595e-04   6.160776e-04   0.000000e+00
 0.000000e+00   0.000000e+00  -5.749481e-04   0.000000e+00   0.000000e+00  -6.119595e-04   5.230673e-01  -6.140481e-01   0.000000e+00
 0.000000e+00   0.000000e+00   3.626750e-04   0.000000e+00   0.000000e+00   6.160776e-04  -6.140481e-01   8.337162e-01   0.000000e+00
 1.788888e-04   1.461094e-04   0.000000e+00   7.735426e-05   7.069451e-05   0.000000e+00   0.000000e+00   0.000000e+00   4.500275e-02

# timestamp: 1774889932.180653
 8.689324e-04   2.367428e-06   0.000000e+00   2.282786e-04   3.441801e-07   0.000000e+00   0.000000e+00   0.000000e+00  -2.959964e-04
 2.367428e-06   8.677698e-04   0.000000e+00   4.108414e-07   2.280270e-04   0.000000e+00   0.000000e+00   0.000000e+00  -2.324192e-04
 0.000000e+00   0.000000e+00   8.714984e-04   0.000000e+00   0.000000e+00   2.293681e-04  -1.992314e-04   8.676949e-04   0.000000e+00
 2.282786e-04   4.108414e-07   0.000000e+00   3.811961e-04   7.371986e-08   0.000000e+00   0.000000e+00   0.000000e+00  -4.487897e-05
 3.441801e-07   2.280270e-04   0.000000e+00   7.371986e-08   3.811484e-04   0.000000e+00   0.000000e+00   0.000000e+00  -2.594853e-05
 0.000000e+00   0.000000e+00   2.293681e-04   0.000000e+00   0.000000e+00   3.822099e-04  -4.838444e-04   7.042832e-04   0.000000e+00
 0.000000e+00   0.000000e+00  -1.992314e-04   0.000000e+00   0.000000e+00  -4.838444e-04   5.246590e-01  -6.166657e-01   0.000000e+00
 0.000000e+00   0.000000e+00   8.676949e-04   0.000000e+00   0.000000e+00   7.042832e-04  -6.166657e-01   8.343015e-01   0.000000e+00
-2.959964e-04  -2.324192e-04   0.000000e+00  -4.487897e-05  -2.594853e-05   0.000000e+00   0.000000e+00   0.000000e+00   4.367547e-02

# timestamp: 1774889932.4299526
 8.576578e-04   1.271976e-06   0.000000e+00   2.258853e-04   5.907459e-07   0.000000e+00   0.000000e+00   0.000000e+00   1.536277e-04
 1.271976e-06   8.573124e-04   0.000000e+00   5.406960e-07   2.258605e-04   0.000000e+00   0.000000e+00   0.000000e+00   1.494692e-04
 0.000000e+00   0.000000e+00   8.589598e-04   0.000000e+00   0.000000e+00   2.266837e-04  -7.253556e-05  -2.509923e-04   0.000000e+00
 2.258853e-04   5.406960e-07   0.000000e+00   3.807888e-04   3.551302e-07   0.000000e+00   0.000000e+00   0.000000e+00   1.014609e-04
 5.907459e-07   2.258605e-04   0.000000e+00   3.551302e-07   3.808493e-04   0.000000e+00   0.000000e+00   0.000000e+00   1.136993e-04
 0.000000e+00   0.000000e+00   2.266837e-04   0.000000e+00   0.000000e+00   3.815101e-04  -7.885684e-05  -1.417038e-04   0.000000e+00
 0.000000e+00   0.000000e+00  -7.253556e-05   0.000000e+00   0.000000e+00  -7.885684e-05   5.429799e-01  -6.271968e-01   0.000000e+00
 0.000000e+00   0.000000e+00  -2.509923e-04   0.000000e+00   0.000000e+00  -1.417038e-04  -6.271968e-01   8.301988e-01   0.000000e+00
 1.536277e-04   1.494692e-04   0.000000e+00   1.014609e-04   1.136993e-04   0.000000e+00   0.000000e+00   0.000000e+00   4.315621e-02

# timestamp: 1774889932.461267
 9.123690e-04   1.315881e-06   0.000000e+00   2.402303e-04   6.599156e-07   0.000000e+00   0.000000e+00   0.000000e+00   1.575599e-04
 1.315881e-06   9.120222e-04   0.000000e+00   5.947876e-07   2.402208e-04   0.000000e+00   0.000000e+00   0.000000e+00   1.539082e-04
 0.000000e+00   0.000000e+00   9.137333e-04   0.000000e+00   0.000000e+00   2.411252e-04  -7.451018e-05  -2.578744e-04   0.000000e+00
 2.402303e-04   5.947876e-07   0.000000e+00   3.845770e-04   4.249171e-07   0.000000e+00   0.000000e+00   0.000000e+00   1.134424e-04
 6.599156e-07   2.402208e-04   0.000000e+00   4.249171e-07   3.846669e-04   0.000000e+00   0.000000e+00   0.000000e+00   1.297929e-04
 0.000000e+00   0.000000e+00   2.411252e-04   0.000000e+00   0.000000e+00   3.854081e-04  -9.086708e-07  -2.706490e-04   0.000000e+00
 0.000000e+00   0.000000e+00  -7.451018e-05   0.000000e+00   0.000000e+00  -9.086708e-07   5.467117e-01  -6.271968e-01   0.000000e+00
 0.000000e+00   0.000000e+00  -2.578744e-04   0.000000e+00   0.000000e+00  -2.706490e-04  -6.271968e-01   8.339306e-01   0.000000e+00
 1.575599e-04   1.539082e-04   0.000000e+00   1.134424e-04   1.297929e-04   0.000000e+00   0.000000e+00   0.000000e+00   4.688801e-02

# timestamp: 1774889932.5024257
 8.209727e-04   1.354479e-06   0.000000e+00   2.161514e-04   6.544167e-07   0.000000e+00   0.000000e+00   0.000000e+00   1.577675e-04
 1.354479e-06   8.207148e-04   0.000000e+00   6.103020e-07   2.161987e-04   0.000000e+00   0.000000e+00   0.000000e+00   1.639295e-04
 0.000000e+00   0.000000e+00   8.225699e-04   0.000000e+00   0.000000e+00   2.172110e-04   1.633638e-04  -5.614162e-04   0.000000e+00
 2.161514e-04   6.103020e-07   0.000000e+00   3.782308e-04   4.431548e-07   0.000000e+00   0.000000e+00   0.000000e+00   1.092472e-04
 6.544167e-07   2.161987e-04   0.000000e+00   4.431548e-07   3.783611e-04   0.000000e+00   0.000000e+00   0.000000e+00   1.295916e-04
 0.000000e+00   0.000000e+00   2.172110e-04   0.000000e+00   0.000000e+00   3.792196e-04   1.769408e-04  -4.836421e-04   0.000000e+00
 0.000000e+00   0.000000e+00   1.633638e-04   0.000000e+00   0.000000e+00   1.769408e-04   5.494700e-01  -6.304268e-01   0.000000e+00
 0.000000e+00   0.000000e+00  -5.614162e-04   0.000000e+00   0.000000e+00  -4.836421e-04  -6.304268e-01   8.212113e-01   0.000000e+00
 1.577675e-04   1.639295e-04   0.000000e+00   1.092472e-04   1.295916e-04   0.000000e+00   0.000000e+00   0.000000e+00   4.042897e-02

# timestamp: 1774889932.5317714
 8.702085e-04   1.399486e-06   0.000000e+00   2.291541e-04   7.350908e-07   0.000000e+00   0.000000e+00   0.000000e+00   1.616346e-04
 1.399486e-06   8.699545e-04   0.000000e+00   6.721922e-07   2.292298e-04   0.000000e+00   0.000000e+00   0.000000e+00   1.685579e-04
 0.000000e+00   0.000000e+00   8.718827e-04   0.000000e+00   0.000000e+00   2.303915e-04   1.706926e-04  -5.798974e-04   0.000000e+00
 2.291541e-04   6.721922e-07   0.000000e+00   3.817006e-04   5.273721e-07   0.000000e+00   0.000000e+00   0.000000e+00   1.209249e-04
 7.350908e-07   2.292298e-04   0.000000e+00   5.273721e-07   3.818790e-04   0.000000e+00   0.000000e+00   0.000000e+00   1.467449e-04
 0.000000e+00   0.000000e+00   2.303915e-04   0.000000e+00   0.000000e+00   3.829546e-04   2.796486e-04  -6.424669e-04   0.000000e+00
 0.000000e+00   0.000000e+00   1.706926e-04   0.000000e+00   0.000000e+00   2.796486e-04   5.528766e-01  -6.304268e-01   0.000000e+00
 0.000000e+00   0.000000e+00  -5.798974e-04   0.000000e+00   0.000000e+00  -6.424669e-04  -6.304268e-01   8.246179e-01   0.000000e+00
 1.616346e-04   1.685579e-04   0.000000e+00   1.209249e-04   1.467449e-04   0.000000e+00   0.000000e+00   0.000000e+00   4.383563e-02

# timestamp: 1774889932.7698824
 8.466959e-04   2.283253e-06   0.000000e+00   2.220026e-04  -5.645006e-07   0.000000e+00   0.000000e+00   0.000000e+00  -2.936318e-04
 2.283253e-06   8.456358e-04   0.000000e+00   1.041691e-07   2.216791e-04   0.000000e+00   0.000000e+00   0.000000e+00  -2.214748e-04
 0.000000e+00   0.000000e+00   8.492434e-04   0.000000e+00   0.000000e+00   2.234635e-04   8.436911e-04  -4.274126e-04   0.000000e+00
 2.220026e-04   1.041691e-07   0.000000e+00   3.797472e-04   3.519319e-07   0.000000e+00   0.000000e+00   0.000000e+00   2.912498e-05
-5.645006e-07   2.216791e-04   0.000000e+00   3.519319e-07   3.801892e-04   0.000000e+00   0.000000e+00   0.000000e+00   1.110853e-04
 0.000000e+00   0.000000e+00   2.234635e-04   0.000000e+00   0.000000e+00   3.850465e-04   1.494996e-03  -1.910668e-03   0.000000e+00
 0.000000e+00   0.000000e+00   8.436911e-04   0.000000e+00   0.000000e+00   1.494996e-03   5.748123e-01  -6.288769e-01   0.000000e+00
 0.000000e+00   0.000000e+00  -4.274126e-04   0.000000e+00   0.000000e+00  -1.910668e-03  -6.288769e-01   7.849581e-01   0.000000e+00
-2.936318e-04  -2.214748e-04   0.000000e+00   2.912498e-05   1.110853e-04   0.000000e+00   0.000000e+00   0.000000e+00   4.226272e-02

# timestamp: 1774889932.8171294
 8.517745e-04   1.249706e-06   0.000000e+00   2.245475e-04   9.408192e-07   0.000000e+00   0.000000e+00   0.000000e+00   1.245295e-04
 1.249706e-06   8.520338e-04   0.000000e+00   9.056682e-07   2.252211e-04   0.000000e+00   0.000000e+00   0.000000e+00   1.775610e-04
 0.000000e+00   0.000000e+00   8.565252e-04   0.000000e+00   0.000000e+00   2.310476e-04   1.180662e-03  -1.698050e-03   0.000000e+00
 2.245475e-04   9.056682e-07   0.000000e+00   3.807822e-04   1.154996e-06   0.000000e+00   0.000000e+00   0.000000e+00   1.463924e-04
 9.408192e-07   2.252211e-04   0.000000e+00   1.154996e-06   3.818392e-04   0.000000e+00   0.000000e+00   0.000000e+00   2.371278e-04
 0.000000e+00   0.000000e+00   2.310476e-04   0.000000e+00   0.000000e+00   3.906338e-04   1.896290e-03  -2.616730e-03   0.000000e+00
 0.000000e+00   0.000000e+00   1.180662e-03   0.000000e+00   0.000000e+00   1.896290e-03   5.790220e-01  -6.245443e-01   0.000000e+00
 0.000000e+00   0.000000e+00  -1.698050e-03   0.000000e+00   0.000000e+00  -2.616730e-03  -6.245443e-01   7.702769e-01   0.000000e+00
 1.245295e-04   1.775610e-04   0.000000e+00   1.463924e-04   2.371278e-04   0.000000e+00   0.000000e+00   0.000000e+00   4.278988e-02

# timestamp: 1774889932.855382
 9.137440e-04   1.332261e-06   0.000000e+00   2.408300e-04   1.101405e-06   0.000000e+00   0.000000e+00   0.000000e+00   1.309551e-04
 1.332261e-06   9.140649e-04   0.000000e+00   1.033119e-06   2.416551e-04   0.000000e+00   0.000000e+00   0.000000e+00   1.880726e-04
 0.000000e+00   0.000000e+00   9.190867e-04   0.000000e+00   0.000000e+00   2.487232e-04   1.264563e-03  -1.813787e-03   0.000000e+00
 2.408300e-04   1.033119e-06   0.000000e+00   3.851388e-04   1.391233e-06   0.000000e+00   0.000000e+00   0.000000e+00   1.651235e-04
 1.101405e-06   2.416551e-04   0.000000e+00   1.391233e-06   3.865005e-04   0.000000e+00   0.000000e+00   0.000000e+00   2.757193e-04
 0.000000e+00   0.000000e+00   2.487232e-04   0.000000e+00   0.000000e+00   3.979415e-04   2.184923e-03  -3.013378e-03   0.000000e+00
 0.000000e+00   0.000000e+00   1.264563e-03   0.000000e+00   0.000000e+00   2.184923e-03   5.832510e-01  -6.245443e-01   0.000000e+00
 0.000000e+00   0.000000e+00  -1.813787e-03   0.000000e+00   0.000000e+00  -3.013378e-03  -6.245443e-01   7.745060e-01   0.000000e+00
 1.309551e-04   1.880726e-04   0.000000e+00   1.651235e-04   2.757193e-04   0.000000e+00   0.000000e+00   0.000000e+00   4.701893e-02

# timestamp: 1774889933.0959485
 8.317762e-04   1.261194e-06   0.000000e+00   2.192382e-04   1.222061e-06   0.000000e+00   0.000000e+00   0.000000e+00   1.104791e-04
 1.261194e-06   8.325258e-04   0.000000e+00   1.226509e-06   2.209062e-04   0.000000e+00   0.000000e+00   0.000000e+00   1.993000e-04
 0.000000e+00   0.000000e+00   8.444838e-04   0.000000e+00   0.000000e+00   2.426141e-04   2.357808e-03  -2.908721e-03   0.000000e+00
 2.192382e-04   1.226509e-06   0.000000e+00   3.796800e-04   2.132525e-06   0.000000e+00   0.000000e+00   0.000000e+00   1.600213e-04
 1.222061e-06   2.209062e-04   0.000000e+00   2.132525e-06   3.829283e-04   0.000000e+00   0.000000e+00   0.000000e+00   3.446704e-04
 0.000000e+00   0.000000e+00   2.426141e-04   0.000000e+00   0.000000e+00   4.245328e-04   4.607649e-03  -5.577914e-03   0.000000e+00
 0.000000e+00   0.000000e+00   2.357808e-03   0.000000e+00   0.000000e+00   4.607649e-03   6.066653e-01  -6.202109e-01   0.000000e+00
 0.000000e+00   0.000000e+00  -2.908721e-03   0.000000e+00   0.000000e+00  -5.577914e-03  -6.202109e-01   7.218784e-01   0.000000e+00
 1.104791e-04   1.993000e-04   0.000000e+00   1.600213e-04   3.446704e-04   0.000000e+00   0.000000e+00   0.000000e+00   4.135643e-02

# timestamp: 1774889933.1188416
 8.577555e-04   1.306308e-06   0.000000e+00   2.261066e-04   1.319290e-06   0.000000e+00   0.000000e+00   0.000000e+00   1.133870e-04
 1.306308e-06   8.585668e-04   0.000000e+00   1.300097e-06   2.279207e-04   0.000000e+00   0.000000e+00   0.000000e+00   2.055916e-04
 0.000000e+00   0.000000e+00   8.713279e-04   0.000000e+00   0.000000e+00   2.514209e-04   2.441590e-03  -3.010168e-03   0.000000e+00
 2.261066e-04   1.300097e-06   0.000000e+00   3.815330e-04   2.277504e-06   0.000000e+00   0.000000e+00   0.000000e+00   1.672701e-04
 1.319290e-06   2.279207e-04   0.000000e+00   2.277504e-06   3.850936e-04   0.000000e+00   0.000000e+00   0.000000e+00   3.667593e-04
 0.000000e+00   0.000000e+00   2.514209e-04   0.000000e+00   0.000000e+00   4.306376e-04   4.825205e-03  -5.846681e-03   0.000000e+00
 0.000000e+00   0.000000e+00   2.441590e-03   0.000000e+00   0.000000e+00   4.825205e-03   6.084627e-01  -6.202109e-01   0.000000e+00
 0.000000e+00   0.000000e+00  -3.010168e-03   0.000000e+00   0.000000e+00  -5.846681e-03  -6.202109e-01   7.236758e-01   0.000000e+00
 1.133870e-04   2.055916e-04   0.000000e+00   1.672701e-04   3.667593e-04   0.000000e+00   0.000000e+00   0.000000e+00   4.315389e-02

# timestamp: 1774889933.1430213
 8.916830e-04   1.369314e-06   0.000000e+00   2.350281e-04   1.451183e-06   0.000000e+00   0.000000e+00   0.000000e+00   1.173447e-04
 1.369314e-06   8.925824e-04   0.000000e+00   1.400824e-06   2.370439e-04   0.000000e+00   0.000000e+00   0.000000e+00   2.143322e-04
 0.000000e+00   0.000000e+00   9.064806e-04   0.000000e+00   0.000000e+00   2.630216e-04   2.555771e-03  -3.148582e-03   0.000000e+00
 2.350281e-04   1.400824e-06   0.000000e+00   3.839306e-04   2.476159e-06   0.000000e+00   0.000000e+00   0.000000e+00   1.770734e-04
 1.451183e-06   2.370439e-04   0.000000e+00   2.476159e-06   3.879255e-04   0.000000e+00   0.000000e+00   0.000000e+00   3.966321e-04
 0.000000e+00   0.000000e+00   2.630216e-04   0.000000e+00   0.000000e+00   4.388272e-04   5.105815e-03  -6.195223e-03   0.000000e+00
 0.000000e+00   0.000000e+00   2.555771e-03   0.000000e+00   0.000000e+00   5.105815e-03   6.107848e-01  -6.202109e-01   0.000000e+00
 0.000000e+00   0.000000e+00  -3.148582e-03   0.000000e+00   0.000000e+00  -6.195223e-03  -6.202109e-01   7.259978e-01   0.000000e+00
 1.173447e-04   2.143322e-04   0.000000e+00   1.770734e-04   3.966321e-04   0.000000e+00   0.000000e+00   0.000000e+00   4.547592e-02

# timestamp: 1774889933.1704717
 8.287529e-04   1.014808e-06   0.000000e+00   2.185085e-04   1.268166e-06   0.000000e+00   0.000000e+00   0.000000e+00   8.610966e-05
 1.014808e-06   8.294622e-04   0.000000e+00   1.193033e-06   2.203588e-04   0.000000e+00   0.000000e+00   0.000000e+00   1.607793e-04
 0.000000e+00   0.000000e+00   8.416794e-04   0.000000e+00   0.000000e+00   2.475871e-04   2.452516e-03  -2.924999e-03   0.000000e+00
 2.185085e-04   1.193033e-06   0.000000e+00   3.795847e-04   2.488400e-06   0.000000e+00   0.000000e+00   0.000000e+00   1.564801e-04
 1.268166e-06   2.203588e-04   0.000000e+00   2.488400e-06   3.838972e-04   0.000000e+00   0.000000e+00   0.000000e+00   3.749039e-04
 0.000000e+00   0.000000e+00   2.475871e-04   0.000000e+00   0.000000e+00   4.471119e-04   5.784636e-03  -6.843334e-03   0.000000e+00
 0.000000e+00   0.000000e+00   2.452516e-03   0.000000e+00   0.000000e+00   5.784636e-03   6.135165e-01  -6.228712e-01   0.000000e+00
 0.000000e+00   0.000000e+00  -2.924999e-03   0.000000e+00   0.000000e+00  -6.843334e-03  -6.228712e-01   7.191332e-01   0.000000e+00
 8.610966e-05   1.607793e-04   0.000000e+00   1.564801e-04   3.749039e-04   0.000000e+00   0.000000e+00   0.000000e+00   4.119435e-02

# timestamp: 1774889933.4306147
 8.730964e-04   1.322421e-06   0.000000e+00   2.301454e-04   1.745402e-06   0.000000e+00   0.000000e+00   0.000000e+00   9.314716e-05
 1.322421e-06   8.746774e-04   0.000000e+00   1.727270e-06   2.339008e-04   0.000000e+00   0.000000e+00   0.000000e+00   2.269060e-04
 0.000000e+00   0.000000e+00   9.048629e-04   0.000000e+00   0.000000e+00   3.015771e-04   4.037955e-03  -4.491992e-03   0.000000e+00
 2.301454e-04   1.727270e-06   0.000000e+00   3.828628e-04   3.712582e-06   0.000000e+00   0.000000e+00   0.000000e+00   1.684547e-04
 1.745402e-06   2.339008e-04   0.000000e+00   3.712582e-06   3.917923e-04   0.000000e+00   0.000000e+00   0.000000e+00   5.262951e-04
 0.000000e+00   0.000000e+00   3.015771e-04   0.000000e+00   0.000000e+00   5.463409e-04   9.298768e-03  -1.029891e-02   0.000000e+00
 0.000000e+00   0.000000e+00   4.037955e-03   0.000000e+00   0.000000e+00   9.298768e-03   6.328243e-01  -6.070937e-01   0.000000e+00
 0.000000e+00   0.000000e+00  -4.491992e-03   0.000000e+00   0.000000e+00  -1.029891e-02  -6.070937e-01   6.704406e-01   0.000000e+00
 9.314716e-05   2.269060e-04   0.000000e+00   1.684547e-04   5.262951e-04   0.000000e+00   0.000000e+00   0.000000e+00   4.419317e-02

# timestamp: 1774889933.453478
 9.027937e-04   1.394963e-06   0.000000e+00   2.379343e-04   1.895306e-06   0.000000e+00   0.000000e+00   0.000000e+00   9.660681e-05
 1.394963e-06   9.045325e-04   0.000000e+00   1.843939e-06   2.420389e-04   0.000000e+00   0.000000e+00   0.000000e+00   2.377858e-04
 0.000000e+00   0.000000e+00   9.375558e-04   0.000000e+00   0.000000e+00   3.155872e-04   4.228469e-03  -4.703102e-03   0.000000e+00
 2.379343e-04   1.843939e-06   0.000000e+00   3.849447e-04   3.937980e-06   0.000000e+00   0.000000e+00   0.000000e+00   1.762491e-04
 1.895306e-06   2.420389e-04   0.000000e+00   3.937980e-06   3.946503e-04   0.000000e+00   0.000000e+00   0.000000e+00   5.612725e-04
 0.000000e+00   0.000000e+00   3.155872e-04   0.000000e+00   0.000000e+00   5.612555e-04   9.656492e-03  -1.071096e-02   0.000000e+00
 0.000000e+00   0.000000e+00   4.228469e-03   0.000000e+00   0.000000e+00   9.656492e-03   6.348472e-01  -6.070937e-01   0.000000e+00
 0.000000e+00   0.000000e+00  -4.703102e-03   0.000000e+00   0.000000e+00  -1.071096e-02  -6.070937e-01   6.724635e-01   0.000000e+00
 9.660681e-05   2.377858e-04   0.000000e+00   1.762491e-04   5.612725e-04   0.000000e+00   0.000000e+00   0.000000e+00   4.621606e-02

# timestamp: 1774889933.4853075
 8.087602e-04   1.256164e-06   0.000000e+00   2.131546e-04   1.617651e-06   0.000000e+00   0.000000e+00   0.000000e+00   8.823781e-05
 1.256164e-06   8.103334e-04   0.000000e+00   1.650063e-06   2.169649e-04   0.000000e+00   0.000000e+00   0.000000e+00   2.184202e-04
 0.000000e+00   0.000000e+00   8.417003e-04   0.000000e+00   0.000000e+00   2.906137e-04   4.145836e-03  -4.458928e-03   0.000000e+00
 2.131546e-04   1.650063e-06   0.000000e+00   3.783551e-04   3.706974e-06   0.000000e+00   0.000000e+00   0.000000e+00   1.511413e-04
 1.617651e-06   2.169649e-04   0.000000e+00   3.706974e-06   3.878351e-04   0.000000e+00   0.000000e+00   0.000000e+00   4.997368e-04
 0.000000e+00   0.000000e+00   2.906137e-04   0.000000e+00   0.000000e+00   5.638362e-04   9.998239e-03  -1.066269e-02   0.000000e+00
 0.000000e+00   0.000000e+00   4.145836e-03   0.000000e+00   0.000000e+00   9.998239e-03   6.339596e-01  -5.942937e-01   0.000000e+00
 0.000000e+00   0.000000e+00  -4.458928e-03   0.000000e+00   0.000000e+00  -1.066269e-02  -5.942937e-01   6.342870e-01   0.000000e+00
 8.823781e-05   2.184202e-04   0.000000e+00   1.511413e-04   4.997368e-04   0.000000e+00   0.000000e+00   0.000000e+00   3.976288e-02

# timestamp: 1774889933.5139177
 8.487580e-04   1.351400e-06   0.000000e+00   2.237595e-04   1.824691e-06   0.000000e+00   0.000000e+00   0.000000e+00   9.252739e-05
 1.351400e-06   8.505551e-04   0.000000e+00   1.806174e-06   2.280767e-04   0.000000e+00   0.000000e+00   0.000000e+00   2.327456e-04
 0.000000e+00   0.000000e+00   8.862324e-04   0.000000e+00   0.000000e+00   3.107627e-04   4.428884e-03  -4.760972e-03   0.000000e+00
 2.237595e-04   1.806174e-06   0.000000e+00   3.812075e-04   3.995441e-06   0.000000e+00   0.000000e+00   0.000000e+00   1.603353e-04
 1.824691e-06   2.280767e-04   0.000000e+00   3.995441e-06   3.917806e-04   0.000000e+00   0.000000e+00   0.000000e+00   5.460174e-04
 0.000000e+00   0.000000e+00   3.107627e-04   0.000000e+00   0.000000e+00   5.864328e-04   1.051841e-02  -1.123857e-02   0.000000e+00
 0.000000e+00   0.000000e+00   4.428884e-03   0.000000e+00   0.000000e+00   1.051841e-02   6.367432e-01  -5.942937e-01   0.000000e+00
 0.000000e+00   0.000000e+00  -4.760972e-03   0.000000e+00   0.000000e+00  -1.123857e-02  -5.942937e-01   6.370706e-01   0.000000e+00
 9.252739e-05   2.327456e-04   0.000000e+00   1.603353e-04   5.460174e-04   0.000000e+00   0.000000e+00   0.000000e+00   4.254652e-02

# timestamp: 1774889933.777404
 8.296477e-04   1.609192e-06   0.000000e+00   2.186693e-04   2.379378e-06   0.000000e+00   0.000000e+00   0.000000e+00   9.572306e-05
 1.609192e-06   8.326381e-04   0.000000e+00   2.211665e-06   2.258633e-04   0.000000e+00   0.000000e+00   0.000000e+00   2.689659e-04
 0.000000e+00   0.000000e+00   8.970972e-04   0.000000e+00   0.000000e+00   3.824415e-04   6.069490e-03  -5.904640e-03   0.000000e+00
 2.186693e-04   2.211665e-06   0.000000e+00   3.798410e-04   5.009532e-06   0.000000e+00   0.000000e+00   0.000000e+00   1.382956e-04
 2.379378e-06   2.258633e-04   0.000000e+00   5.009532e-06   3.979566e-04   0.000000e+00   0.000000e+00   0.000000e+00   6.475512e-04
 0.000000e+00   0.000000e+00   3.824415e-04   0.000000e+00   0.000000e+00   7.817875e-04   1.502858e-02  -1.450669e-02   0.000000e+00
 0.000000e+00   0.000000e+00   6.069490e-03   0.000000e+00   0.000000e+00   1.502858e-02   6.491059e-01  -5.546180e-01   0.000000e+00
 0.000000e+00   0.000000e+00  -5.904640e-03   0.000000e+00   0.000000e+00  -1.450669e-02  -5.546180e-01   5.471676e-01   0.000000e+00
 9.572306e-05   2.689659e-04   0.000000e+00   1.382956e-04   6.475512e-04   0.000000e+00   0.000000e+00   0.000000e+00   4.110043e-02

# timestamp: 1774889933.8621225
 8.747399e-04   2.441293e-06   0.000000e+00   2.294554e-04  -2.838885e-06   0.000000e+00   0.000000e+00   0.000000e+00  -2.885318e-04
 2.441293e-06   8.756799e-04   0.000000e+00   1.359486e-06   2.311855e-04   0.000000e+00   0.000000e+00   0.000000e+00  -1.968309e-04
 0.000000e+00   0.000000e+00   9.423644e-04   0.000000e+00   0.000000e+00   3.991421e-04   6.463366e-03  -5.307031e-03   0.000000e+00
 2.294554e-04   1.359486e-06   0.000000e+00   3.823844e-04   3.614883e-06   0.000000e+00   0.000000e+00   0.000000e+00   3.697552e-05
-2.838885e-06   2.311855e-04   0.000000e+00   3.614883e-06   4.003853e-04   0.000000e+00   0.000000e+00   0.000000e+00   5.933971e-04
 0.000000e+00   0.000000e+00   3.991421e-04   0.000000e+00   0.000000e+00   8.411318e-04   1.619642e-02  -1.505778e-02   0.000000e+00
 0.000000e+00   0.000000e+00   6.463366e-03   0.000000e+00   0.000000e+00   1.619642e-02   6.496809e-01  -5.388557e-01   0.000000e+00
 0.000000e+00   0.000000e+00  -5.307031e-03   0.000000e+00   0.000000e+00  -1.505778e-02  -5.388557e-01   5.234311e-01   0.000000e+00
-2.885318e-04  -1.968309e-04   0.000000e+00   3.697552e-05   5.933971e-04   0.000000e+00   0.000000e+00   0.000000e+00   4.394219e-02

# timestamp: 1774889934.2739072
 8.512780e-04   2.269562e-06   0.000000e+00   2.234586e-04  -2.970995e-06   0.000000e+00   0.000000e+00   0.000000e+00  -2.586931e-04
 2.269562e-06   8.539706e-04   0.000000e+00   1.956069e-06   2.292003e-04   0.000000e+00   0.000000e+00   0.000000e+00  -1.413284e-04
 0.000000e+00   0.000000e+00   9.908294e-04   0.000000e+00   0.000000e+00   5.671464e-04   9.195808e-03  -7.127827e-03   0.000000e+00
 2.234586e-04   1.956069e-06   0.000000e+00   3.807190e-04   4.650006e-06   0.000000e+00   0.000000e+00   0.000000e+00   2.959891e-05
-2.970995e-06   2.292003e-04   0.000000e+00   4.650006e-06   4.127950e-04   0.000000e+00   0.000000e+00   0.000000e+00   7.398363e-04
 0.000000e+00   0.000000e+00   5.671464e-04   0.000000e+00   0.000000e+00   1.262244e-03   2.253339e-02  -1.908521e-02   0.000000e+00
 0.000000e+00   0.000000e+00   9.195808e-03   0.000000e+00   0.000000e+00   2.253339e-02   6.518491e-01  -4.949846e-01   0.000000e+00
 0.000000e+00   0.000000e+00  -7.127827e-03   0.000000e+00   0.000000e+00  -1.908521e-02  -4.949846e-01   4.443390e-01   0.000000e+00
-2.586931e-04  -1.413284e-04   0.000000e+00   2.959891e-05   7.398363e-04   0.000000e+00   0.000000e+00   0.000000e+00   4.232230e-02

# timestamp: 1774889934.5331428
 8.622959e-04   2.587631e-06   0.000000e+00   2.274007e-04   4.639887e-06   0.000000e+00   0.000000e+00   0.000000e+00   1.106558e-04
 2.587631e-06   8.707340e-04   0.000000e+00   3.695536e-06   2.473691e-04   0.000000e+00   0.000000e+00   0.000000e+00   3.563026e-04
 0.000000e+00   0.000000e+00   1.087398e-03   0.000000e+00   0.000000e+00   7.672331e-04   1.090166e-02  -9.437861e-03   0.000000e+00
 2.274007e-04   3.695536e-06   0.000000e+00   3.821147e-04   8.271640e-06   0.000000e+00   0.000000e+00   0.000000e+00   1.405627e-04
 4.639887e-06   2.473691e-04   0.000000e+00   8.271640e-06   4.327413e-04   0.000000e+00   0.000000e+00   0.000000e+00   1.006799e-03
 0.000000e+00   0.000000e+00   7.672331e-04   0.000000e+00   0.000000e+00   1.685781e-03   2.657520e-02  -2.303219e-02   0.000000e+00
 0.000000e+00   0.000000e+00   1.090166e-02   0.000000e+00   0.000000e+00   2.657520e-02   6.238201e-01  -4.781688e-01   0.000000e+00
 0.000000e+00   0.000000e+00  -9.437861e-03   0.000000e+00   0.000000e+00  -2.303219e-02  -4.781688e-01   4.373802e-01   0.000000e+00
 1.106558e-04   3.563026e-04   0.000000e+00   1.405627e-04   1.006799e-03   0.000000e+00   0.000000e+00   0.000000e+00   4.341260e-02

# timestamp: 1774889934.5815122
 8.584601e-04   2.282982e-06   0.000000e+00   2.253483e-04  -3.792944e-06   0.000000e+00   0.000000e+00   0.000000e+00  -2.735894e-04
 2.282982e-06   8.629043e-04   0.000000e+00   2.491470e-06   2.361904e-04   0.000000e+00   0.000000e+00   0.000000e+00  -9.231408e-05
 0.000000e+00   0.000000e+00   1.104435e-03   0.000000e+00   0.000000e+00   8.002190e-04   1.192246e-02  -9.374227e-03   0.000000e+00
 2.253483e-04   2.491470e-06   0.000000e+00   3.813101e-04   5.938627e-06   0.000000e+00   0.000000e+00   0.000000e+00   3.973681e-05
-3.792944e-06   2.361904e-04   0.000000e+00   5.938627e-06   4.292400e-04   0.000000e+00   0.000000e+00   0.000000e+00   8.947692e-04
 0.000000e+00   0.000000e+00   8.002190e-04   0.000000e+00   0.000000e+00   1.762425e-03   2.763733e-02  -2.338596e-02   0.000000e+00
 0.000000e+00   0.000000e+00   1.192246e-02   0.000000e+00   0.000000e+00   2.763733e-02   6.279381e-01  -4.754318e-01   0.000000e+00
 0.000000e+00   0.000000e+00  -9.374227e-03   0.000000e+00   0.000000e+00  -2.338596e-02  -4.754318e-01   4.293409e-01   0.000000e+00
-2.735894e-04  -9.231408e-05   0.000000e+00   3.973681e-05   8.947692e-04   0.000000e+00   0.000000e+00   0.000000e+00   4.293836e-02

# timestamp: 1774889934.6035225
 8.206709e-04   2.541126e-06   0.000000e+00   2.164442e-04   4.554808e-06   0.000000e+00   0.000000e+00   0.000000e+00   1.138410e-04
 2.541126e-06   8.289624e-04   0.000000e+00   3.661801e-06   2.366531e-04   0.000000e+00   0.000000e+00   0.000000e+00   3.460884e-04
 0.000000e+00   0.000000e+00   1.045948e-03   0.000000e+00   0.000000e+00   7.752260e-04   1.070230e-02  -9.352918e-03   0.000000e+00
 2.164442e-04   3.661801e-06   0.000000e+00   3.792392e-04   8.445849e-06   0.000000e+00   0.000000e+00   0.000000e+00   1.375976e-04
 4.554808e-06   2.366531e-04   0.000000e+00   8.445849e-06   4.320801e-04   0.000000e+00   0.000000e+00   0.000000e+00   9.742952e-04
 0.000000e+00   0.000000e+00   7.752260e-04   0.000000e+00   0.000000e+00   1.775345e-03   2.702618e-02  -2.358994e-02   0.000000e+00
 0.000000e+00   0.000000e+00   1.070230e-02   0.000000e+00   0.000000e+00   2.702618e-02   6.012738e-01  -4.666508e-01   0.000000e+00
 0.000000e+00   0.000000e+00  -9.352918e-03   0.000000e+00   0.000000e+00  -2.358994e-02  -4.666508e-01   4.289874e-01   0.000000e+00
 1.138410e-04   3.460884e-04   0.000000e+00   1.375976e-04   9.742952e-04   0.000000e+00   0.000000e+00   0.000000e+00   4.058104e-02

# timestamp: 1774889934.648927
 8.947136e-04   2.993820e-06   0.000000e+00   2.359816e-04   5.406077e-06   0.000000e+00   0.000000e+00   0.000000e+00   1.212109e-04
 2.993820e-06   9.052571e-04   0.000000e+00   4.261655e-06   2.602610e-04   0.000000e+00   0.000000e+00   0.000000e+00   3.987800e-04
 0.000000e+00   0.000000e+00   1.181884e-03   0.000000e+00   0.000000e+00   8.985082e-04   1.210808e-02  -1.058214e-02   0.000000e+00
 2.359816e-04   4.261655e-06   0.000000e+00   3.844542e-04   9.362439e-06   0.000000e+00   0.000000e+00   0.000000e+00   1.550439e-04
 5.406077e-06   2.602610e-04   0.000000e+00   9.362439e-06   4.443077e-04   0.000000e+00   0.000000e+00   0.000000e+00   1.122719e-03
 0.000000e+00   0.000000e+00   8.985082e-04   0.000000e+00   0.000000e+00   1.923240e-03   2.837289e-02  -2.487380e-02   0.000000e+00
 0.000000e+00   0.000000e+00   1.210808e-02   0.000000e+00   0.000000e+00   2.837289e-02   6.063718e-01  -4.666508e-01   0.000000e+00
 0.000000e+00   0.000000e+00  -1.058214e-02   0.000000e+00   0.000000e+00  -2.487380e-02  -4.666508e-01   4.340854e-01   0.000000e+00
 1.212109e-04   3.987800e-04   0.000000e+00   1.550439e-04   1.122719e-03   0.000000e+00   0.000000e+00   0.000000e+00   4.567907e-02

# timestamp: 1774889934.8467112
 8.825117e-04   3.101176e-06   0.000000e+00   2.328771e-04   5.870562e-06   0.000000e+00   0.000000e+00   0.000000e+00   1.132770e-04
 3.101176e-06   8.950151e-04   0.000000e+00   4.781688e-06   2.618161e-04   0.000000e+00   0.000000e+00   0.000000e+00   3.974909e-04
 0.000000e+00   0.000000e+00   1.230949e-03   0.000000e+00   0.000000e+00   1.035111e-03   1.275615e-02  -1.132323e-02   0.000000e+00
 2.328771e-04   4.781688e-06   0.000000e+00   3.838072e-04   1.083590e-05   0.000000e+00   0.000000e+00   0.000000e+00   1.657564e-04
 5.870562e-06   2.618161e-04   0.000000e+00   1.083590e-05   4.559400e-04   0.000000e+00   0.000000e+00   0.000000e+00   1.190362e-03
 0.000000e+00   0.000000e+00   1.035111e-03   0.000000e+00   0.000000e+00   2.243471e-03   2.980920e-02  -2.663839e-02   0.000000e+00
 0.000000e+00   0.000000e+00   1.275615e-02   0.000000e+00   0.000000e+00   2.980920e-02   5.583560e-01  -4.359893e-01   0.000000e+00
 0.000000e+00   0.000000e+00  -1.132323e-02   0.000000e+00   0.000000e+00  -2.663839e-02  -4.359893e-01   4.151532e-01   0.000000e+00
 1.132770e-04   3.974909e-04   0.000000e+00   1.657564e-04   1.190362e-03   0.000000e+00   0.000000e+00   0.000000e+00   4.491168e-02

# timestamp: 1774889934.8819156
 7.980630e-04   2.380466e-06   0.000000e+00   2.105521e-04   4.939016e-06   0.000000e+00   0.000000e+00   0.000000e+00   8.050989e-05
 2.380466e-06   8.082551e-04   0.000000e+00   4.170471e-06   2.360617e-04   0.000000e+00   0.000000e+00   0.000000e+00   3.005798e-04
 0.000000e+00   0.000000e+00   1.079930e-03   0.000000e+00   0.000000e+00   9.212794e-04   1.109598e-02  -9.896288e-03   0.000000e+00
 2.105521e-04   4.170471e-06   0.000000e+00   3.778912e-04   1.037408e-05   0.000000e+00   0.000000e+00   0.000000e+00   1.439265e-04
 4.939016e-06   2.360617e-04   0.000000e+00   1.037408e-05   4.472418e-04   0.000000e+00   0.000000e+00   0.000000e+00   1.040069e-03
 0.000000e+00   0.000000e+00   9.212794e-04   0.000000e+00   0.000000e+00   2.183325e-03   2.842405e-02  -2.557042e-02   0.000000e+00
 0.000000e+00   0.000000e+00   1.109598e-02   0.000000e+00   0.000000e+00   2.842405e-02   5.212188e-01  -4.142734e-01   0.000000e+00
 0.000000e+00   0.000000e+00  -9.896288e-03   0.000000e+00   0.000000e+00  -2.557042e-02  -4.142734e-01   3.950110e-01   0.000000e+00
 8.050989e-05   3.005798e-04   0.000000e+00   1.439265e-04   1.040069e-03   0.000000e+00   0.000000e+00   0.000000e+00   3.904393e-02

# timestamp: 1774889934.9349263
 8.736320e-04   2.897046e-06   0.000000e+00   2.306085e-04   5.849416e-06   0.000000e+00   0.000000e+00   0.000000e+00   8.853705e-05
 2.897046e-06   8.867388e-04   0.000000e+00   4.955472e-06   2.612037e-04   0.000000e+00   0.000000e+00   0.000000e+00   3.581009e-04
 0.000000e+00   0.000000e+00   1.236313e-03   0.000000e+00   0.000000e+00   1.074406e-03   1.260996e-02  -1.126072e-02   0.000000e+00
 2.306085e-04   4.955472e-06   0.000000e+00   3.833379e-04   1.172882e-05   0.000000e+00   0.000000e+00   0.000000e+00   1.713209e-04
 5.849416e-06   2.612037e-04   0.000000e+00   1.172882e-05   4.614868e-04   0.000000e+00   0.000000e+00   0.000000e+00   1.210277e-03
 0.000000e+00   0.000000e+00   1.074406e-03   0.000000e+00   0.000000e+00   2.361158e-03   2.974465e-02  -2.689893e-02   0.000000e+00
 0.000000e+00   0.000000e+00   1.260996e-02   0.000000e+00   0.000000e+00   2.974465e-02   5.264626e-01  -4.142734e-01   0.000000e+00
 0.000000e+00   0.000000e+00  -1.126072e-02   0.000000e+00   0.000000e+00  -2.689893e-02  -4.142734e-01   4.002548e-01   0.000000e+00
 8.853705e-05   3.581009e-04   0.000000e+00   1.713209e-04   1.210277e-03   0.000000e+00   0.000000e+00   0.000000e+00   4.428773e-02

# timestamp: 1774889935.1778905
 7.838584e-04   2.657169e-06   0.000000e+00   2.070430e-04   5.747567e-06   0.000000e+00   0.000000e+00   0.000000e+00   7.854446e-05
 2.657169e-06   7.969503e-04   0.000000e+00   5.270948e-06   2.397148e-04   0.000000e+00   0.000000e+00   0.000000e+00   3.091373e-04
 0.000000e+00   0.000000e+00   1.124202e-03   0.000000e+00   0.000000e+00   1.059747e-03   1.105941e-02  -1.014889e-02   0.000000e+00
 2.070430e-04   5.270948e-06   0.000000e+00   3.775230e-04   1.395793e-05   0.000000e+00   0.000000e+00   0.000000e+00   1.823505e-04
 5.747567e-06   2.397148e-04   0.000000e+00   1.395793e-05   4.676854e-04   0.000000e+00   0.000000e+00   0.000000e+00   1.144556e-03
 0.000000e+00   0.000000e+00   1.059747e-03   0.000000e+00   0.000000e+00   2.533215e-03   2.818867e-02  -2.621640e-02   0.000000e+00
 0.000000e+00   0.000000e+00   1.105941e-02   0.000000e+00   0.000000e+00   2.818867e-02   4.410659e-01  -3.563947e-01   0.000000e+00
 0.000000e+00   0.000000e+00  -1.014889e-02   0.000000e+00   0.000000e+00  -2.621640e-02  -3.563947e-01   3.534942e-01   0.000000e+00
 7.854446e-05   3.091373e-04   0.000000e+00   1.823505e-04   1.144556e-03   0.000000e+00   0.000000e+00   0.000000e+00   3.818797e-02

# timestamp: 1774889935.2296467
 8.812736e-04   3.491372e-06   0.000000e+00   2.329511e-04   7.251019e-06   0.000000e+00   0.000000e+00   0.000000e+00   9.197999e-05
 3.491372e-06   8.993169e-04   0.000000e+00   6.628835e-06   2.740658e-04   0.000000e+00   0.000000e+00   0.000000e+00   3.930171e-04
 0.000000e+00   0.000000e+00   1.349923e-03   0.000000e+00   0.000000e+00   1.290800e-03   1.301072e-02  -1.196909e-02   0.000000e+00
 2.329511e-04   6.628835e-06   0.000000e+00   3.846850e-04   1.635809e-05   0.000000e+00   0.000000e+00   0.000000e+00   2.236907e-04
 7.251019e-06   2.740658e-04   0.000000e+00   1.635809e-05   4.889610e-04   0.000000e+00   0.000000e+00   0.000000e+00   1.387077e-03
 0.000000e+00   0.000000e+00   1.290800e-03   0.000000e+00   0.000000e+00   2.794195e-03   2.980040e-02  -2.792144e-02   0.000000e+00
 0.000000e+00   0.000000e+00   1.301072e-02   0.000000e+00   0.000000e+00   2.980040e-02   4.478313e-01  -3.563947e-01   0.000000e+00
 0.000000e+00   0.000000e+00  -1.196909e-02   0.000000e+00   0.000000e+00  -2.792144e-02  -3.563947e-01   3.602596e-01   0.000000e+00
 9.197999e-05   3.930171e-04   0.000000e+00   2.236907e-04   1.387077e-03   0.000000e+00   0.000000e+00   0.000000e+00   4.495338e-02

# timestamp: 1774889935.2534943
 9.134339e-04   3.804117e-06   0.000000e+00   2.414058e-04   7.790527e-06   0.000000e+00   0.000000e+00   0.000000e+00   9.696068e-05
 3.804117e-06   9.333310e-04   0.000000e+00   7.122408e-06   2.855672e-04   0.000000e+00   0.000000e+00   0.000000e+00   4.238678e-04
 0.000000e+00   0.000000e+00   1.429646e-03   0.000000e+00   0.000000e+00   1.371072e-03   1.366440e-02  -1.258205e-02   0.000000e+00
 2.414058e-04   7.122408e-06   0.000000e+00   3.870122e-04   1.723741e-05   0.000000e+00   0.000000e+00   0.000000e+00   2.383532e-04
 7.790527e-06   2.855672e-04   0.000000e+00   1.723741e-05   4.964394e-04   0.000000e+00   0.000000e+00   0.000000e+00   1.473094e-03
 0.000000e+00   0.000000e+00   1.371072e-03   0.000000e+00   0.000000e+00   2.881871e-03   3.031872e-02  -2.847901e-02   0.000000e+00
 0.000000e+00   0.000000e+00   1.366440e-02   0.000000e+00   0.000000e+00   3.031872e-02   4.500126e-01  -3.563947e-01   0.000000e+00
 0.000000e+00   0.000000e+00  -1.258205e-02   0.000000e+00   0.000000e+00  -2.847901e-02  -3.563947e-01   3.624410e-01   0.000000e+00
 9.696068e-05   4.238678e-04   0.000000e+00   2.383532e-04   1.473094e-03   0.000000e+00   0.000000e+00   0.000000e+00   4.713472e-02

# timestamp: 1774889935.5111485
 8.471407e-04   4.238022e-06   0.000000e+00   2.240076e-04   8.854771e-06   0.000000e+00   0.000000e+00   0.000000e+00   1.205219e-04
 4.238022e-06   8.689716e-04   0.000000e+00   8.092635e-06   2.742172e-04   0.000000e+00   0.000000e+00   0.000000e+00   4.342910e-04
 0.000000e+00   0.000000e+00   1.341623e-03   0.000000e+00   0.000000e+00   1.351783e-03   1.197146e-02  -1.118132e-02   0.000000e+00
 2.240076e-04   8.092635e-06   0.000000e+00   3.828552e-04   2.025802e-05   0.000000e+00   0.000000e+00   0.000000e+00   2.378948e-04
 8.854771e-06   2.742172e-04   0.000000e+00   2.025802e-05   5.105115e-04   0.000000e+00   0.000000e+00   0.000000e+00   1.438697e-03
 0.000000e+00   0.000000e+00   1.351783e-03   0.000000e+00   0.000000e+00   2.982495e-03   2.790012e-02  -2.645252e-02   0.000000e+00
 0.000000e+00   0.000000e+00   1.197146e-02   0.000000e+00   0.000000e+00   2.790012e-02   3.768854e-01  -2.975010e-01   0.000000e+00
 0.000000e+00   0.000000e+00  -1.118132e-02   0.000000e+00   0.000000e+00  -2.645252e-02  -2.975010e-01   3.070118e-01   0.000000e+00
 1.205219e-04   4.342910e-04   0.000000e+00   2.378948e-04   1.438697e-03   0.000000e+00   0.000000e+00   0.000000e+00   4.239329e-02

# timestamp: 1774889935.5358155
 8.850468e-04   4.696675e-06   0.000000e+00   2.340459e-04   9.678640e-06   0.000000e+00   0.000000e+00   0.000000e+00   1.268459e-04
 4.696675e-06   9.095950e-04   0.000000e+00   8.780158e-06   2.886544e-04   0.000000e+00   0.000000e+00   0.000000e+00   4.726705e-04
 0.000000e+00   0.000000e+00   1.440377e-03   0.000000e+00   0.000000e+00   1.453082e-03   1.270229e-02  -1.187500e-02   0.000000e+00
 2.340459e-04   8.780158e-06   0.000000e+00   3.856163e-04   2.131318e-05   0.000000e+00   0.000000e+00   0.000000e+00   2.523773e-04
 9.678640e-06   2.886544e-04   0.000000e+00   2.131318e-05   5.199805e-04   0.000000e+00   0.000000e+00   0.000000e+00   1.540235e-03
 0.000000e+00   0.000000e+00   1.453082e-03   0.000000e+00   0.000000e+00   3.090000e-03   2.846182e-02  -2.706657e-02   0.000000e+00
 0.000000e+00   0.000000e+00   1.270229e-02   0.000000e+00   0.000000e+00   2.846182e-02   3.794852e-01  -2.975010e-01   0.000000e+00
 0.000000e+00   0.000000e+00  -1.187500e-02   0.000000e+00   0.000000e+00  -2.706657e-02  -2.975010e-01   3.096116e-01   0.000000e+00
 1.268459e-04   4.726705e-04   0.000000e+00   2.523773e-04   1.540235e-03   0.000000e+00   0.000000e+00   0.000000e+00   4.499310e-02

# timestamp: 1774889935.5867682
 8.004443e-04   3.700484e-06   0.000000e+00   2.116257e-04   8.285695e-06   0.000000e+00   0.000000e+00   0.000000e+00   9.209169e-05
 3.700484e-06   8.205668e-04   0.000000e+00   7.659793e-06   2.598200e-04   0.000000e+00   0.000000e+00   0.000000e+00   3.607050e-04
 0.000000e+00   0.000000e+00   1.230902e-03   0.000000e+00   0.000000e+00   1.244221e-03   1.069644e-02  -9.967387e-03   0.000000e+00
 2.116257e-04   7.659793e-06   0.000000e+00   3.795675e-04   2.014025e-05   0.000000e+00   0.000000e+00   0.000000e+00   2.133148e-04
 8.285695e-06   2.598200e-04   0.000000e+00   2.014025e-05   5.077510e-04   0.000000e+00   0.000000e+00   0.000000e+00   1.335542e-03
 0.000000e+00   0.000000e+00   1.244221e-03   0.000000e+00   0.000000e+00   2.885869e-03   2.628649e-02  -2.494029e-02   0.000000e+00
 0.000000e+00   0.000000e+00   1.069644e-02   0.000000e+00   0.000000e+00   2.628649e-02   3.496885e-01  -2.768477e-01   0.000000e+00
 0.000000e+00   0.000000e+00  -9.967387e-03   0.000000e+00   0.000000e+00  -2.494029e-02  -2.768477e-01   2.860006e-01   0.000000e+00
 9.209169e-05   3.607050e-04   0.000000e+00   2.133148e-04   1.335542e-03   0.000000e+00   0.000000e+00   0.000000e+00   3.915689e-02

# timestamp: 1774889935.8241172
 8.679446e-04   5.494103e-06   0.000000e+00   2.296165e-04   1.120589e-05   0.000000e+00   0.000000e+00   0.000000e+00   1.301604e-04
 5.494103e-06   8.979570e-04   0.000000e+00   9.926185e-06   2.954750e-04   0.000000e+00   0.000000e+00   0.000000e+00   4.984872e-04
 0.000000e+00   0.000000e+00   1.444703e-03   0.000000e+00   0.000000e+00   1.493770e-03   1.153053e-02  -1.088071e-02   0.000000e+00
 2.296165e-04   9.926185e-06   0.000000e+00   3.844288e-04   2.319714e-05   0.000000e+00   0.000000e+00   0.000000e+00   2.155450e-04
 1.120589e-05   2.954750e-04   0.000000e+00   2.319714e-05   5.433153e-04   0.000000e+00   0.000000e+00   0.000000e+00   1.580954e-03
 0.000000e+00   0.000000e+00   1.493770e-03   0.000000e+00   0.000000e+00   3.189936e-03   2.603042e-02  -2.495298e-02   0.000000e+00
 0.000000e+00   0.000000e+00   1.153053e-02   0.000000e+00   0.000000e+00   2.603042e-02   3.194093e-01  -2.454593e-01   0.000000e+00
 0.000000e+00   0.000000e+00  -1.088071e-02   0.000000e+00   0.000000e+00  -2.495298e-02  -2.454593e-01   2.624380e-01   0.000000e+00
 1.301604e-04   4.984872e-04   0.000000e+00   2.155450e-04   1.580954e-03   0.000000e+00   0.000000e+00   0.000000e+00   4.380794e-02

# timestamp: 1774889935.862111
 8.432001e-04   3.905912e-06   0.000000e+00   2.214070e-04  -2.449121e-06   0.000000e+00   0.000000e+00   0.000000e+00  -2.787711e-04
 3.905912e-06   8.653426e-04   0.000000e+00   7.399930e-06   2.702291e-04   0.000000e+00   0.000000e+00   0.000000e+00  -3.050941e-06
 0.000000e+00   0.000000e+00   1.373871e-03   0.000000e+00   0.000000e+00   1.399182e-03   1.152028e-02  -9.500670e-03   0.000000e+00
 2.214070e-04   7.399930e-06   0.000000e+00   3.817223e-04   1.856597e-05   0.000000e+00   0.000000e+00   0.000000e+00   8.965980e-05
-2.449121e-06   2.702291e-04   0.000000e+00   1.856597e-05   5.307859e-04   0.000000e+00   0.000000e+00   0.000000e+00   1.363104e-03
 0.000000e+00   0.000000e+00   1.399182e-03   0.000000e+00   0.000000e+00   3.070473e-03   2.569239e-02  -2.319446e-02   0.000000e+00
 0.000000e+00   0.000000e+00   1.152028e-02   0.000000e+00   0.000000e+00   2.569239e-02   3.189099e-01  -2.357469e-01   0.000000e+00
 0.000000e+00   0.000000e+00  -9.500670e-03   0.000000e+00   0.000000e+00  -2.319446e-02  -2.357469e-01   2.421332e-01   0.000000e+00
-2.787711e-04  -3.050941e-06   0.000000e+00   8.965980e-05   1.363104e-03   0.000000e+00   0.000000e+00   0.000000e+00   4.162856e-02

# timestamp: 1774889935.9116027
 8.361799e-04   5.465330e-06   0.000000e+00   2.210611e-04   1.103497e-05   0.000000e+00   0.000000e+00   0.000000e+00   1.344638e-04
 5.465330e-06   8.658705e-04   0.000000e+00   9.699577e-06   2.874534e-04   0.000000e+00   0.000000e+00   0.000000e+00   4.950119e-04
 0.000000e+00   0.000000e+00   1.373989e-03   0.000000e+00   0.000000e+00   1.429352e-03   1.071022e-02  -1.010491e-02   0.000000e+00
 2.210611e-04   9.699577e-06   0.000000e+00   3.819754e-04   2.268242e-05   0.000000e+00   0.000000e+00   0.000000e+00   1.901890e-04
 1.103497e-05   2.874534e-04   0.000000e+00   2.268242e-05   5.444522e-04   0.000000e+00   0.000000e+00   0.000000e+00   1.525253e-03
 0.000000e+00   0.000000e+00   1.429352e-03   0.000000e+00   0.000000e+00   3.132570e-03   2.491064e-02  -2.376882e-02   0.000000e+00
 0.000000e+00   0.000000e+00   1.071022e-02   0.000000e+00   0.000000e+00   2.491064e-02   3.014469e-01  -2.303033e-01   0.000000e+00
 0.000000e+00   0.000000e+00  -1.010491e-02   0.000000e+00   0.000000e+00  -2.376882e-02  -2.303033e-01   2.454776e-01   0.000000e+00
 1.344638e-04   4.950119e-04   0.000000e+00   1.901890e-04   1.525253e-03   0.000000e+00   0.000000e+00   0.000000e+00   4.145556e-02

# timestamp: 1774889936.191447
 8.859342e-04   4.363499e-06   0.000000e+00   2.331894e-04  -1.244111e-06   0.000000e+00   0.000000e+00   0.000000e+00  -2.422023e-04
 4.363499e-06   9.182884e-04   0.000000e+00   8.832768e-06   2.999276e-04   0.000000e+00   0.000000e+00   0.000000e+00   1.037245e-04
 0.000000e+00   0.000000e+00   1.506190e-03   0.000000e+00   0.000000e+00   1.541398e-03   1.115435e-02  -9.127909e-03   0.000000e+00
 2.331894e-04   8.832768e-06   0.000000e+00   3.843659e-04   1.700652e-05   0.000000e+00   0.000000e+00   0.000000e+00   1.343887e-05
-1.244111e-06   2.999276e-04   0.000000e+00   1.700652e-05   5.663593e-04   0.000000e+00   0.000000e+00   0.000000e+00   1.533451e-03
 0.000000e+00   0.000000e+00   1.541398e-03   0.000000e+00   0.000000e+00   3.223434e-03   2.396044e-02  -2.139689e-02   0.000000e+00
 0.000000e+00   0.000000e+00   1.115435e-02   0.000000e+00   0.000000e+00   2.396044e-02   2.772463e-01  -1.936819e-01   0.000000e+00
 0.000000e+00   0.000000e+00  -9.127909e-03   0.000000e+00   0.000000e+00  -2.139689e-02  -1.936819e-01   2.057209e-01   0.000000e+00
-2.422023e-04   1.037245e-04   0.000000e+00   1.343887e-05   1.533451e-03   0.000000e+00   0.000000e+00   0.000000e+00   4.449021e-02

# timestamp: 1774889936.2230175
 8.544818e-04   6.701245e-06   0.000000e+00   2.256259e-04   1.302445e-05   0.000000e+00   0.000000e+00   0.000000e+00   1.518996e-04
 6.701245e-06   8.932498e-04   0.000000e+00   9.959443e-06   3.086239e-04   0.000000e+00   0.000000e+00   0.000000e+00   5.593548e-04
 0.000000e+00   0.000000e+00   1.433029e-03   0.000000e+00   0.000000e+00   1.490874e-03   9.873838e-03  -9.308388e-03   0.000000e+00
 2.256259e-04   9.959443e-06   0.000000e+00   3.825165e-04   2.058610e-05   0.000000e+00   0.000000e+00   0.000000e+00   1.091696e-04
 1.302445e-05   3.086239e-04   0.000000e+00   2.058610e-05   5.738953e-04   0.000000e+00   0.000000e+00   0.000000e+00   1.622203e-03
 0.000000e+00   0.000000e+00   1.490874e-03   0.000000e+00   0.000000e+00   3.193602e-03   2.275330e-02  -2.156701e-02   0.000000e+00
 0.000000e+00   0.000000e+00   9.873838e-03   0.000000e+00   0.000000e+00   2.275330e-02   2.599907e-01  -1.892231e-01   0.000000e+00
 0.000000e+00   0.000000e+00  -9.308388e-03   0.000000e+00   0.000000e+00  -2.156701e-02  -1.892231e-01   2.075936e-01   0.000000e+00
 1.518996e-04   5.593548e-04   0.000000e+00   1.091696e-04   1.622203e-03   0.000000e+00   0.000000e+00   0.000000e+00   4.274871e-02

# timestamp: 1774889936.2379882
 8.731272e-04   6.999434e-06   0.000000e+00   2.305315e-04   1.346654e-05   0.000000e+00   0.000000e+00   0.000000e+00   1.532934e-04
 6.999434e-06   9.140564e-04   0.000000e+00   1.020614e-05   3.166670e-04   0.000000e+00   0.000000e+00   0.000000e+00   5.802882e-04
 0.000000e+00   0.000000e+00   1.484611e-03   0.000000e+00   0.000000e+00   1.543335e-03   1.016591e-02  -9.585338e-03   0.000000e+00
 2.305315e-04   1.020614e-05   0.000000e+00   3.837904e-04   2.066342e-05   0.000000e+00   0.000000e+00   0.000000e+00   1.078658e-04
 1.346654e-05   3.166670e-04   0.000000e+00   2.066342e-05   5.790159e-04   0.000000e+00   0.000000e+00   0.000000e+00   1.673141e-03
 0.000000e+00   0.000000e+00   1.543335e-03   0.000000e+00   0.000000e+00   3.246804e-03   2.298160e-02  -2.181570e-02   0.000000e+00
 0.000000e+00   0.000000e+00   1.016591e-02   0.000000e+00   0.000000e+00   2.298160e-02   2.612712e-01  -1.892231e-01   0.000000e+00
 0.000000e+00   0.000000e+00  -9.585338e-03   0.000000e+00   0.000000e+00  -2.181570e-02  -1.892231e-01   2.088741e-01   0.000000e+00
 1.532934e-04   5.802882e-04   0.000000e+00   1.078658e-04   1.673141e-03   0.000000e+00   0.000000e+00   0.000000e+00   4.402917e-02

# timestamp: 1774889936.2591116
 8.382638e-04   4.275263e-06   0.000000e+00   2.207636e-04  -8.295081e-07   0.000000e+00   0.000000e+00   0.000000e+00  -2.404744e-04
 4.275263e-06   8.686066e-04   0.000000e+00   8.375992e-06   2.852457e-04   0.000000e+00   0.000000e+00   0.000000e+00   6.160353e-05
 0.000000e+00   0.000000e+00   1.375772e-03   0.000000e+00   0.000000e+00   1.406590e-03   9.996147e-03  -8.066999e-03   0.000000e+00
 2.207636e-04   8.375992e-06   0.000000e+00   3.810020e-04   1.592203e-05   0.000000e+00   0.000000e+00   0.000000e+00  -1.125991e-05
-8.295081e-07   2.852457e-04   0.000000e+00   1.592203e-05   5.613785e-04   0.000000e+00   0.000000e+00   0.000000e+00   1.410086e-03
 0.000000e+00   0.000000e+00   1.406590e-03   0.000000e+00   0.000000e+00   3.078067e-03   2.256959e-02  -1.996061e-02   0.000000e+00
 0.000000e+00   0.000000e+00   9.996147e-03   0.000000e+00   0.000000e+00   2.256959e-02   2.611285e-01  -1.817163e-01   0.000000e+00
 0.000000e+00   0.000000e+00  -8.066999e-03   0.000000e+00   0.000000e+00  -1.996061e-02  -1.817163e-01   1.914490e-01   0.000000e+00
-2.404744e-04   6.160353e-05   0.000000e+00  -1.125991e-05   1.410086e-03   0.000000e+00   0.000000e+00   0.000000e+00   4.122301e-02

# timestamp: 1774889936.537009
 8.824052e-04   7.085297e-06   0.000000e+00   2.328087e-04   1.282065e-05   0.000000e+00   0.000000e+00   0.000000e+00   1.178402e-04
 7.085297e-06   9.317878e-04   0.000000e+00   8.922166e-06   3.325904e-04   0.000000e+00   0.000000e+00   0.000000e+00   5.840969e-04
 0.000000e+00   0.000000e+00   1.512728e-03   0.000000e+00   0.000000e+00   1.560209e-03   9.376873e-03  -8.714315e-03   0.000000e+00
 2.328087e-04   8.922166e-06   0.000000e+00   3.839594e-04   1.535845e-05   0.000000e+00   0.000000e+00   0.000000e+00   1.347751e-05
 1.282065e-05   3.325904e-04   0.000000e+00   1.535845e-05   6.010629e-04   0.000000e+00   0.000000e+00   0.000000e+00   1.715781e-03
 0.000000e+00   0.000000e+00   1.560209e-03   0.000000e+00   0.000000e+00   3.232793e-03   2.108807e-02  -1.977784e-02   0.000000e+00
 0.000000e+00   0.000000e+00   9.376873e-03   0.000000e+00   0.000000e+00   2.108807e-02   2.322841e-01  -1.601226e-01   0.000000e+00
 0.000000e+00   0.000000e+00  -8.714315e-03   0.000000e+00   0.000000e+00  -1.977784e-02  -1.601226e-01   1.817398e-01   0.000000e+00
 1.178402e-04   5.840969e-04   0.000000e+00   1.347751e-05   1.715781e-03   0.000000e+00   0.000000e+00   0.000000e+00   4.489127e-02

# timestamp: 1774889936.5820546
 8.729412e-04   5.129231e-06   0.000000e+00   2.304432e-04  -2.058714e-06   0.000000e+00   0.000000e+00   0.000000e+00  -2.953197e-04
 5.129231e-06   9.129738e-04   0.000000e+00   8.371964e-06   3.090334e-04   0.000000e+00   0.000000e+00   0.000000e+00   4.348306e-05
 0.000000e+00   0.000000e+00   1.464807e-03   0.000000e+00   0.000000e+00   1.478799e-03   9.611648e-03  -7.445033e-03   0.000000e+00
 2.304432e-04   8.371964e-06   0.000000e+00   3.833364e-04   1.050145e-05   0.000000e+00   0.000000e+00   0.000000e+00  -1.101374e-04
-2.058714e-06   3.090334e-04   0.000000e+00   1.050145e-05   5.882053e-04   0.000000e+00   0.000000e+00   0.000000e+00   1.502261e-03
 0.000000e+00   0.000000e+00   1.478799e-03   0.000000e+00   0.000000e+00   3.113050e-03   2.100152e-02  -1.815528e-02   0.000000e+00
 0.000000e+00   0.000000e+00   9.611648e-03   0.000000e+00   0.000000e+00   2.100152e-02   2.346212e-01  -1.533873e-01   0.000000e+00
 0.000000e+00   0.000000e+00  -7.445033e-03   0.000000e+00   0.000000e+00  -1.815528e-02  -1.533873e-01   1.668401e-01   0.000000e+00
-2.953197e-04   4.348306e-05   0.000000e+00  -1.101374e-04   1.502261e-03   0.000000e+00   0.000000e+00   0.000000e+00   4.358742e-02

# timestamp: 1774889936.6487386
 8.912564e-04   7.232771e-06   0.000000e+00   2.348687e-04   1.266137e-05   0.000000e+00   0.000000e+00   0.000000e+00   1.194733e-04
 7.232771e-06   9.442589e-04   0.000000e+00   8.326731e-06   3.403006e-04   0.000000e+00   0.000000e+00   0.000000e+00   6.019548e-04
 0.000000e+00   0.000000e+00   1.525981e-03   0.000000e+00   0.000000e+00   1.560298e-03   9.062229e-03  -8.401586e-03   0.000000e+00
 2.348687e-04   8.326731e-06   0.000000e+00   3.843465e-04   1.315576e-05   0.000000e+00   0.000000e+00   0.000000e+00  -1.198933e-05
 1.266137e-05   3.403006e-04   0.000000e+00   1.315576e-05   6.109367e-04   0.000000e+00   0.000000e+00   0.000000e+00   1.762313e-03
 0.000000e+00   0.000000e+00   1.560298e-03   0.000000e+00   0.000000e+00   3.211102e-03   2.037692e-02  -1.905218e-02   0.000000e+00
 0.000000e+00   0.000000e+00   9.062229e-03   0.000000e+00   0.000000e+00   2.037692e-02   2.234381e-01  -1.510084e-01   0.000000e+00
 0.000000e+00   0.000000e+00  -8.401586e-03   0.000000e+00   0.000000e+00  -1.905218e-02  -1.510084e-01   1.730897e-01   0.000000e+00
 1.194733e-04   6.019548e-04   0.000000e+00  -1.198933e-05   1.762313e-03   0.000000e+00   0.000000e+00   0.000000e+00   4.515075e-02

# timestamp: 1774889936.8891866
 8.774282e-04   4.807050e-06   0.000000e+00   2.320343e-04  -3.583565e-06   0.000000e+00   0.000000e+00   0.000000e+00  -2.854464e-04
 4.807050e-06   9.241365e-04   0.000000e+00   6.997113e-06   3.201762e-04   0.000000e+00   0.000000e+00   0.000000e+00   5.544771e-05
 0.000000e+00   0.000000e+00   1.448835e-03   0.000000e+00   0.000000e+00   1.431358e-03   8.628601e-03  -6.458918e-03   0.000000e+00
 2.320343e-04   6.997113e-06   0.000000e+00   3.837518e-04   4.542851e-06   0.000000e+00   0.000000e+00   0.000000e+00  -1.608852e-04
-3.583565e-06   3.201762e-04   0.000000e+00   4.542851e-06   6.080432e-04   0.000000e+00   0.000000e+00   0.000000e+00   1.570788e-03
 0.000000e+00   0.000000e+00   1.431358e-03   0.000000e+00   0.000000e+00   3.015481e-03   1.915881e-02  -1.621521e-02   0.000000e+00
 0.000000e+00   0.000000e+00   8.628601e-03   0.000000e+00   0.000000e+00   1.915881e-02   2.133776e-01  -1.316041e-01   0.000000e+00
 0.000000e+00   0.000000e+00  -6.458918e-03   0.000000e+00   0.000000e+00  -1.621521e-02  -1.316041e-01   1.464395e-01   0.000000e+00
-2.854464e-04   5.544771e-05   0.000000e+00  -1.608852e-04   1.570788e-03   0.000000e+00   0.000000e+00   0.000000e+00   4.405223e-02

# timestamp: 1774889936.923271
 8.499490e-04   5.959440e-06   0.000000e+00   2.240841e-04   1.004657e-05   0.000000e+00   0.000000e+00   0.000000e+00   8.947579e-05
 5.959440e-06   9.029049e-04   0.000000e+00   6.007557e-06   3.310611e-04   0.000000e+00   0.000000e+00   0.000000e+00   5.361804e-04
 0.000000e+00   0.000000e+00   1.391216e-03   0.000000e+00   0.000000e+00   1.399225e-03   7.668474e-03  -6.893561e-03   0.000000e+00
 2.240841e-04   6.007557e-06   0.000000e+00   3.814484e-04   7.449331e-06   0.000000e+00   0.000000e+00   0.000000e+00  -5.871083e-05
 1.004657e-05   3.310611e-04   0.000000e+00   7.449331e-06   6.175426e-04   0.000000e+00   0.000000e+00   0.000000e+00   1.688303e-03
 0.000000e+00   0.000000e+00   1.399225e-03   0.000000e+00   0.000000e+00   3.004332e-03   1.831897e-02  -1.664063e-02   0.000000e+00
 0.000000e+00   0.000000e+00   7.668474e-03   0.000000e+00   0.000000e+00   1.831897e-02   2.030425e-01  -1.309631e-01   0.000000e+00
 0.000000e+00   0.000000e+00  -6.893561e-03   0.000000e+00   0.000000e+00  -1.664063e-02  -1.309631e-01   1.495178e-01   0.000000e+00
 8.947579e-05   5.361804e-04   0.000000e+00  -5.871083e-05   1.688303e-03   0.000000e+00   0.000000e+00   0.000000e+00   4.258287e-02

# timestamp: 1774889936.9605505
 9.057846e-04   6.585574e-06   0.000000e+00   2.387132e-04   1.065515e-05   0.000000e+00   0.000000e+00   0.000000e+00   8.707071e-05
 6.585574e-06   9.673169e-04   0.000000e+00   6.131826e-06   3.571046e-04   0.000000e+00   0.000000e+00   0.000000e+00   6.030172e-04
 0.000000e+00   0.000000e+00   1.541462e-03   0.000000e+00   0.000000e+00   1.545750e-03   8.375562e-03  -7.537407e-03   0.000000e+00
 2.387132e-04   6.131826e-06   0.000000e+00   3.852990e-04   6.743324e-06   0.000000e+00   0.000000e+00   0.000000e+00  -7.041364e-05
 1.065515e-05   3.571046e-04   0.000000e+00   6.743324e-06   6.348157e-04   0.000000e+00   0.000000e+00   0.000000e+00   1.859012e-03
 0.000000e+00   0.000000e+00   1.545750e-03   0.000000e+00   0.000000e+00   3.146457e-03   1.886950e-02  -1.725130e-02   0.000000e+00
 0.000000e+00   0.000000e+00   8.375562e-03   0.000000e+00   0.000000e+00   1.886950e-02   2.068596e-01  -1.309631e-01   0.000000e+00
 0.000000e+00   0.000000e+00  -7.537407e-03   0.000000e+00   0.000000e+00  -1.725130e-02  -1.309631e-01   1.533349e-01   0.000000e+00
 8.707071e-05   6.030172e-04   0.000000e+00  -7.041364e-05   1.859012e-03   0.000000e+00   0.000000e+00   0.000000e+00   4.639995e-02

# timestamp: 1774889937.2623687
 8.378223e-04   3.498849e-06   0.000000e+00   2.218499e-04  -6.303289e-06   0.000000e+00   0.000000e+00   0.000000e+00  -2.714442e-04
 3.498849e-06   8.867572e-04   0.000000e+00   4.176107e-06   3.151950e-04   0.000000e+00   0.000000e+00   0.000000e+00   2.856021e-05
 0.000000e+00   0.000000e+00   1.326103e-03   0.000000e+00   0.000000e+00   1.283794e-03   7.360120e-03  -4.997611e-03   0.000000e+00
 2.218499e-04   4.176107e-06   0.000000e+00   3.812545e-04  -3.264282e-06   0.000000e+00   0.000000e+00   0.000000e+00  -1.991650e-04
-6.303289e-06   3.151950e-04   0.000000e+00  -3.264282e-06   6.259061e-04   0.000000e+00   0.000000e+00   0.000000e+00   1.567932e-03
 0.000000e+00   0.000000e+00   1.283794e-03   0.000000e+00   0.000000e+00   2.824884e-03   1.736870e-02  -1.366581e-02   0.000000e+00
 0.000000e+00   0.000000e+00   7.360120e-03   0.000000e+00   0.000000e+00   1.736870e-02   1.981625e-01  -1.112831e-01   0.000000e+00
 0.000000e+00   0.000000e+00  -4.997611e-03   0.000000e+00   0.000000e+00  -1.366581e-02  -1.112831e-01   1.203209e-01   0.000000e+00
-2.714442e-04   2.856021e-05   0.000000e+00  -1.991650e-04   1.567932e-03   0.000000e+00   0.000000e+00   0.000000e+00   4.126706e-02

# timestamp: 1774889937.3011098
 8.270814e-04   4.104772e-06   0.000000e+00   2.180563e-04   5.247125e-06   0.000000e+00   0.000000e+00   0.000000e+00   5.119073e-05
 4.104772e-06   8.850181e-04   0.000000e+00   2.280890e-06   3.357142e-04   0.000000e+00   0.000000e+00   0.000000e+00   5.767194e-04
 0.000000e+00   0.000000e+00   1.338593e-03   0.000000e+00   0.000000e+00   1.338981e-03   7.097896e-03  -5.882028e-03   0.000000e+00
 2.180563e-04   2.280890e-06   0.000000e+00   3.800496e-04  -1.782768e-06   0.000000e+00   0.000000e+00   0.000000e+00  -1.196307e-04
 5.247125e-06   3.357142e-04   0.000000e+00  -1.782768e-06   6.432772e-04   0.000000e+00   0.000000e+00   0.000000e+00   1.767717e-03
 0.000000e+00   0.000000e+00   1.338981e-03   0.000000e+00   0.000000e+00   2.916166e-03   1.732599e-02  -1.450967e-02   0.000000e+00
 0.000000e+00   0.000000e+00   7.097896e-03   0.000000e+00   0.000000e+00   1.732599e-02   1.954168e-01  -1.132310e-01   0.000000e+00
 0.000000e+00   0.000000e+00  -5.882028e-03   0.000000e+00   0.000000e+00  -1.450967e-02  -1.132310e-01   1.241189e-01   0.000000e+00
 5.119073e-05   5.767194e-04   0.000000e+00  -1.196307e-04   1.767717e-03   0.000000e+00   0.000000e+00   0.000000e+00   4.098121e-02

# timestamp: 1774889937.3327546
 8.592258e-04   4.271023e-06   0.000000e+00   2.265330e-04   5.324014e-06   0.000000e+00   0.000000e+00   0.000000e+00   4.844317e-05
 4.271023e-06   9.225514e-04   0.000000e+00   2.066970e-06   3.516232e-04   0.000000e+00   0.000000e+00   0.000000e+00   6.168148e-04
 0.000000e+00   0.000000e+00   1.422133e-03   0.000000e+00   0.000000e+00   1.421686e-03   7.485874e-03  -6.207385e-03   0.000000e+00
 2.265330e-04   2.066970e-06   0.000000e+00   3.823448e-04  -2.601865e-06   0.000000e+00   0.000000e+00   0.000000e+00  -1.314817e-04
 5.324014e-06   3.516232e-04   0.000000e+00  -2.601865e-06   6.545308e-04   0.000000e+00   0.000000e+00   0.000000e+00   1.873073e-03
 0.000000e+00   0.000000e+00   1.421686e-03   0.000000e+00   0.000000e+00   3.000978e-03   1.766177e-02  -1.485282e-02   0.000000e+00
 0.000000e+00   0.000000e+00   7.485874e-03   0.000000e+00   0.000000e+00   1.766177e-02   1.976419e-01  -1.132310e-01   0.000000e+00
 0.000000e+00   0.000000e+00  -6.207385e-03   0.000000e+00   0.000000e+00  -1.485282e-02  -1.132310e-01   1.263440e-01   0.000000e+00
 4.844317e-05   6.168148e-04   0.000000e+00  -1.314817e-04   1.873073e-03   0.000000e+00   0.000000e+00   0.000000e+00   4.320637e-02

# timestamp: 1774889937.3603575
 9.075963e-04   4.510634e-06   0.000000e+00   2.392018e-04   5.390034e-06   0.000000e+00   0.000000e+00   0.000000e+00   4.387722e-05
 4.510634e-06   9.795365e-04   0.000000e+00   1.693533e-06   3.758802e-04   0.000000e+00   0.000000e+00   0.000000e+00   6.806456e-04
 0.000000e+00   0.000000e+00   1.552927e-03   0.000000e+00   0.000000e+00   1.549552e-03   8.074862e-03  -6.703895e-03   0.000000e+00
 2.392018e-04   1.693533e-06   0.000000e+00   3.857614e-04  -3.928716e-06   0.000000e+00   0.000000e+00   0.000000e+00  -1.502167e-04
 5.390034e-06   3.758802e-04   0.000000e+00  -3.928716e-06   6.722170e-04   0.000000e+00   0.000000e+00   0.000000e+00   2.039628e-03
 0.000000e+00   0.000000e+00   1.549552e-03   0.000000e+00   0.000000e+00   3.130276e-03   1.816092e-02  -1.537205e-02   0.000000e+00
 0.000000e+00   0.000000e+00   8.074862e-03   0.000000e+00   0.000000e+00   1.816092e-02   2.009421e-01  -1.132310e-01   0.000000e+00
 0.000000e+00   0.000000e+00  -6.703895e-03   0.000000e+00   0.000000e+00  -1.537205e-02  -1.132310e-01   1.296441e-01   0.000000e+00
 4.387722e-05   6.806456e-04   0.000000e+00  -1.502167e-04   2.039628e-03   0.000000e+00   0.000000e+00   0.000000e+00   4.650649e-02

# timestamp: 1774889937.6098886
 8.238588e-04   1.832455e-06   0.000000e+00   2.174677e-04   3.105213e-07   0.000000e+00   0.000000e+00   0.000000e+00  -1.742525e-05
 1.832455e-06   8.859069e-04   0.000000e+00  -1.323201e-06   3.442695e-04   0.000000e+00   0.000000e+00   0.000000e+00   5.152785e-04
 0.000000e+00   0.000000e+00   1.309201e-03   0.000000e+00   0.000000e+00   1.283262e-03   6.803087e-03  -4.792899e-03   0.000000e+00
 2.174677e-04  -1.323201e-06   0.000000e+00   3.806523e-04  -1.119870e-05   0.000000e+00   0.000000e+00   0.000000e+00  -1.943179e-04
 3.105213e-07   3.442695e-04   0.000000e+00  -1.119870e-05   6.706817e-04   0.000000e+00   0.000000e+00   0.000000e+00   1.841685e-03
 0.000000e+00   0.000000e+00   1.283262e-03   0.000000e+00   0.000000e+00   2.810747e-03   1.677545e-02  -1.226454e-02   0.000000e+00
 0.000000e+00   0.000000e+00   6.803087e-03   0.000000e+00   0.000000e+00   1.677545e-02   1.971027e-01  -9.674350e-02   0.000000e+00
 0.000000e+00   0.000000e+00  -4.792899e-03   0.000000e+00   0.000000e+00  -1.226454e-02  -9.674350e-02   1.008083e-01   0.000000e+00
-1.742525e-05   5.152785e-04   0.000000e+00  -1.943179e-04   1.841685e-03   0.000000e+00   0.000000e+00   0.000000e+00   4.074988e-02

# timestamp: 1774889937.631969
 8.702771e-04   1.785197e-06   0.000000e+00   2.297681e-04  -1.485032e-07   0.000000e+00   0.000000e+00   0.000000e+00  -2.384449e-05
 1.785197e-06   9.407928e-04   0.000000e+00  -2.005482e-06   3.681297e-04   0.000000e+00   0.000000e+00   0.000000e+00   5.756526e-04
 0.000000e+00   0.000000e+00   1.426871e-03   0.000000e+00   0.000000e+00   1.397956e-03   7.344990e-03  -5.189847e-03   0.000000e+00
 2.297681e-04  -2.005482e-06   0.000000e+00   3.840868e-04  -1.305161e-05   0.000000e+00   0.000000e+00   0.000000e+00  -2.180945e-04
-1.485032e-07   3.681297e-04   0.000000e+00  -1.305161e-05   6.886941e-04   0.000000e+00   0.000000e+00   0.000000e+00   2.007739e-03
 0.000000e+00   0.000000e+00   1.397956e-03   0.000000e+00   0.000000e+00   2.928805e-03   1.725758e-02  -1.271496e-02   0.000000e+00
 0.000000e+00   0.000000e+00   7.344990e-03   0.000000e+00   0.000000e+00   1.725758e-02   2.003101e-01  -9.674350e-02   0.000000e+00
 0.000000e+00   0.000000e+00  -5.189847e-03   0.000000e+00   0.000000e+00  -1.271496e-02  -9.674350e-02   1.040157e-01   0.000000e+00
-2.384449e-05   5.756526e-04   0.000000e+00  -2.180945e-04   2.007739e-03   0.000000e+00   0.000000e+00   0.000000e+00   4.395730e-02

# timestamp: 1774889937.6532526
 8.885875e-04   1.755696e-06   0.000000e+00   2.345884e-04  -3.529460e-07   0.000000e+00   0.000000e+00   0.000000e+00  -2.660139e-05
 1.755696e-06   9.626166e-04   0.000000e+00  -2.298769e-06   3.776637e-04   0.000000e+00   0.000000e+00   0.000000e+00   6.009659e-04
 0.000000e+00   0.000000e+00   1.474854e-03   0.000000e+00   0.000000e+00   1.444308e-03   7.561367e-03  -5.349390e-03   0.000000e+00
 2.345884e-04  -2.298769e-06   0.000000e+00   3.854330e-04  -1.382435e-05   0.000000e+00   0.000000e+00   0.000000e+00  -2.277367e-04
-3.529460e-07   3.776637e-04   0.000000e+00  -1.382435e-05   6.960681e-04   0.000000e+00   0.000000e+00   0.000000e+00   2.075080e-03
 0.000000e+00   0.000000e+00   1.444308e-03   0.000000e+00   0.000000e+00   2.975918e-03   1.744591e-02  -1.289316e-02   0.000000e+00
 0.000000e+00   0.000000e+00   7.561367e-03   0.000000e+00   0.000000e+00   1.744591e-02   2.015605e-01  -9.674350e-02   0.000000e+00
 0.000000e+00   0.000000e+00  -5.349390e-03   0.000000e+00   0.000000e+00  -1.289316e-02  -9.674350e-02   1.052661e-01   0.000000e+00
-2.660139e-05   6.009659e-04   0.000000e+00  -2.277367e-04   2.075080e-03   0.000000e+00   0.000000e+00   0.000000e+00   4.520771e-02

# timestamp: 1774889937.6887815
 8.105636e-04   1.518196e-06   0.000000e+00   2.140257e-04  -4.135205e-07   0.000000e+00   0.000000e+00   0.000000e+00   4.757605e-07
 1.518196e-06   8.726231e-04   0.000000e+00  -2.397414e-06   3.421364e-04   0.000000e+00   0.000000e+00   0.000000e+00   5.373654e-04
 0.000000e+00   0.000000e+00   1.269653e-03   0.000000e+00   0.000000e+00   1.236420e-03   6.498688e-03  -4.461115e-03   0.000000e+00
 2.140257e-04  -2.397414e-06   0.000000e+00   3.800211e-04  -1.392608e-05   0.000000e+00   0.000000e+00   0.000000e+00  -2.021962e-04
-4.135205e-07   3.421364e-04   0.000000e+00  -1.392608e-05   6.766834e-04   0.000000e+00   0.000000e+00   0.000000e+00   1.851161e-03
 0.000000e+00   0.000000e+00   1.236420e-03   0.000000e+00   0.000000e+00   2.750721e-03   1.644086e-02  -1.161702e-02   0.000000e+00
 0.000000e+00   0.000000e+00   6.498688e-03   0.000000e+00   0.000000e+00   1.644086e-02   1.963720e-01  -9.237243e-02   0.000000e+00
 0.000000e+00   0.000000e+00  -4.461115e-03   0.000000e+00   0.000000e+00  -1.161702e-02  -9.237243e-02   9.468033e-02   0.000000e+00
 4.757605e-07   5.373654e-04   0.000000e+00  -2.021962e-04   1.851161e-03   0.000000e+00   0.000000e+00   0.000000e+00   3.994166e-02

# timestamp: 1774889937.9100482
 8.395999e-04   5.763974e-07   0.000000e+00   2.216824e-04  -2.208573e-06   0.000000e+00   0.000000e+00   0.000000e+00   1.986507e-05
 5.763974e-07   9.112258e-04   0.000000e+00  -5.489713e-06   3.664318e-04   0.000000e+00   0.000000e+00   0.000000e+00   6.065405e-04
 0.000000e+00   0.000000e+00   1.318514e-03   0.000000e+00   0.000000e+00   1.264360e-03   6.433264e-03  -4.283367e-03   0.000000e+00
 2.216824e-04  -5.489713e-06   0.000000e+00   3.827415e-04  -2.120908e-05   0.000000e+00   0.000000e+00   0.000000e+00  -2.292866e-04
-2.208573e-06   3.664318e-04   0.000000e+00  -2.120908e-05   7.114674e-04   0.000000e+00   0.000000e+00   0.000000e+00   2.032818e-03
 0.000000e+00   0.000000e+00   1.264360e-03   0.000000e+00   0.000000e+00   2.760015e-03   1.623142e-02  -1.110971e-02   0.000000e+00
 0.000000e+00   0.000000e+00   6.433264e-03   0.000000e+00   0.000000e+00   1.623142e-02   1.965310e-01  -8.639783e-02   0.000000e+00
 0.000000e+00   0.000000e+00  -4.283367e-03   0.000000e+00   0.000000e+00  -1.110971e-02  -8.639783e-02   9.018710e-02   0.000000e+00
 1.986507e-05   6.065405e-04   0.000000e+00  -2.292866e-04   2.032818e-03   0.000000e+00   0.000000e+00   0.000000e+00   4.181533e-02

# timestamp: 1774889937.9366696
 8.729167e-04   3.872334e-07   0.000000e+00   2.304945e-04  -2.659212e-06   0.000000e+00   0.000000e+00   0.000000e+00   1.449350e-05
 3.872334e-07   9.513857e-04   0.000000e+00  -6.205384e-06   3.846941e-04   0.000000e+00   0.000000e+00   0.000000e+00   6.541011e-04
 0.000000e+00   0.000000e+00   1.401156e-03   0.000000e+00   0.000000e+00   1.343244e-03   6.808027e-03  -4.540440e-03   0.000000e+00
 2.304945e-04  -6.205384e-06   0.000000e+00   3.851979e-04  -2.259973e-05   0.000000e+00   0.000000e+00   0.000000e+00  -2.441432e-04
-2.659212e-06   3.846941e-04   0.000000e+00  -2.259973e-05   7.256727e-04   0.000000e+00   0.000000e+00   0.000000e+00   2.156119e-03
 0.000000e+00   0.000000e+00   1.343244e-03   0.000000e+00   0.000000e+00   2.837558e-03   1.654502e-02  -1.140019e-02   0.000000e+00
 0.000000e+00   0.000000e+00   6.808027e-03   0.000000e+00   0.000000e+00   1.654502e-02   1.988252e-01  -8.639783e-02   0.000000e+00
 0.000000e+00   0.000000e+00  -4.540440e-03   0.000000e+00   0.000000e+00  -1.140019e-02  -8.639783e-02   9.248137e-02   0.000000e+00
 1.449350e-05   6.541011e-04   0.000000e+00  -2.441432e-04   2.156119e-03   0.000000e+00   0.000000e+00   0.000000e+00   4.410960e-02

# timestamp: 1774889937.9618514
 9.163574e-04   1.034984e-07   0.000000e+00   2.419183e-04  -3.308223e-06   0.000000e+00   0.000000e+00   0.000000e+00   7.117598e-06
 1.034984e-07   1.004267e-03   0.000000e+00  -7.196836e-06   4.088641e-04   0.000000e+00   0.000000e+00   0.000000e+00   7.191484e-04
 0.000000e+00   0.000000e+00   1.512758e-03   0.000000e+00   0.000000e+00   1.448515e-03   7.299679e-03  -4.880091e-03   0.000000e+00
 2.419183e-04  -7.196836e-06   0.000000e+00   3.883723e-04  -2.451639e-05   0.000000e+00   0.000000e+00   0.000000e+00  -2.644974e-04
-3.308223e-06   4.088641e-04   0.000000e+00  -2.451639e-05   7.450051e-04   0.000000e+00   0.000000e+00   0.000000e+00   2.325047e-03
 0.000000e+00   0.000000e+00   1.448515e-03   0.000000e+00   0.000000e+00   2.940054e-03   1.694953e-02  -1.178410e-02   0.000000e+00
 0.000000e+00   0.000000e+00   7.299679e-03   0.000000e+00   0.000000e+00   1.694953e-02   2.017756e-01  -8.639783e-02   0.000000e+00
 0.000000e+00   0.000000e+00  -4.880091e-03   0.000000e+00   0.000000e+00  -1.178410e-02  -8.639783e-02   9.543171e-02   0.000000e+00
 7.117598e-06   7.191484e-04   0.000000e+00  -2.644974e-04   2.325047e-03   0.000000e+00   0.000000e+00   0.000000e+00   4.705994e-02

# timestamp: 1774889938.0194576
 8.324218e-04  -5.980107e-08   0.000000e+00   2.198444e-04  -3.236556e-06   0.000000e+00   0.000000e+00   0.000000e+00   1.512682e-05
-5.980107e-08   9.043231e-04   0.000000e+00  -6.510848e-06   3.664848e-04   0.000000e+00   0.000000e+00   0.000000e+00   5.811992e-04
 0.000000e+00   0.000000e+00   1.293306e-03   0.000000e+00   0.000000e+00   1.233531e-03   6.228564e-03  -4.081901e-03   0.000000e+00
 2.198444e-04  -6.510848e-06   0.000000e+00   3.824276e-04  -2.343621e-05   0.000000e+00   0.000000e+00   0.000000e+00  -2.273102e-04
-3.236556e-06   3.664848e-04   0.000000e+00  -2.343621e-05   7.190174e-04   0.000000e+00   0.000000e+00   0.000000e+00   2.025755e-03
 0.000000e+00   0.000000e+00   1.233531e-03   0.000000e+00   0.000000e+00   2.723668e-03   1.598330e-02  -1.082940e-02   0.000000e+00
 0.000000e+00   0.000000e+00   6.228564e-03   0.000000e+00   0.000000e+00   1.598330e-02   1.949064e-01  -8.487168e-02   0.000000e+00
 0.000000e+00   0.000000e+00  -4.081901e-03   0.000000e+00   0.000000e+00  -1.082940e-02  -8.487168e-02   8.825497e-02   0.000000e+00
 1.512682e-05   5.811992e-04   0.000000e+00  -2.273102e-04   2.025755e-03   0.000000e+00   0.000000e+00   0.000000e+00   4.127710e-02

# timestamp: 1774889938.2491927
 8.962448e-04  -1.800110e-06   0.000000e+00   2.369786e-04  -6.375903e-06   0.000000e+00   0.000000e+00   0.000000e+00   1.535320e-05
-1.800110e-06   9.874442e-04   0.000000e+00  -1.045283e-05   4.130576e-04   0.000000e+00   0.000000e+00   0.000000e+00   7.153789e-04
 0.000000e+00   0.000000e+00   1.451047e-03   0.000000e+00   0.000000e+00   1.383708e-03   6.817817e-03  -4.559064e-03   0.000000e+00
 2.369786e-04  -1.045283e-05   0.000000e+00   3.874860e-04  -3.027994e-05   0.000000e+00   0.000000e+00   0.000000e+00  -2.459016e-04
-6.375903e-06   4.130576e-04   0.000000e+00  -3.027994e-05   7.685439e-04   0.000000e+00   0.000000e+00   0.000000e+00   2.325469e-03
 0.000000e+00   0.000000e+00   1.383708e-03   0.000000e+00   0.000000e+00   2.875839e-03   1.639062e-02  -1.138997e-02   0.000000e+00
 0.000000e+00   0.000000e+00   6.817817e-03   0.000000e+00   0.000000e+00   1.639062e-02   1.966840e-01  -8.421956e-02   0.000000e+00
 0.000000e+00   0.000000e+00  -4.559064e-03   0.000000e+00   0.000000e+00  -1.138997e-02  -8.421956e-02   9.302079e-02   0.000000e+00
 1.535320e-05   7.153789e-04   0.000000e+00  -2.459016e-04   2.325469e-03   0.000000e+00   0.000000e+00   0.000000e+00   4.591347e-02

# timestamp: 1774889938.2741227
 8.022214e-04  -1.741832e-06   0.000000e+00   2.122546e-04  -6.230166e-06   0.000000e+00   0.000000e+00   0.000000e+00   4.379016e-06
-1.741832e-06   8.737793e-04   0.000000e+00  -9.050454e-06   3.624639e-04   0.000000e+00   0.000000e+00   0.000000e+00   5.305874e-04
 0.000000e+00   0.000000e+00   1.219218e-03   0.000000e+00   0.000000e+00   1.161470e-03   5.774451e-03  -3.758060e-03   0.000000e+00
 2.122546e-04  -9.050454e-06   0.000000e+00   3.807993e-04  -2.841797e-05   0.000000e+00   0.000000e+00   0.000000e+00  -2.108185e-04
-6.230166e-06   3.624639e-04   0.000000e+00  -2.841797e-05   7.349538e-04   0.000000e+00   0.000000e+00   0.000000e+00   1.963696e-03
 0.000000e+00   0.000000e+00   1.161470e-03   0.000000e+00   0.000000e+00   2.659294e-03   1.548236e-02  -1.049305e-02   0.000000e+00
 0.000000e+00   0.000000e+00   5.774451e-03   0.000000e+00   0.000000e+00   1.548236e-02   1.894226e-01  -8.370564e-02   0.000000e+00
 0.000000e+00   0.000000e+00  -3.758060e-03   0.000000e+00   0.000000e+00  -1.049305e-02  -8.370564e-02   8.621848e-02   0.000000e+00
 4.379016e-06   5.305874e-04   0.000000e+00  -2.108185e-04   1.963696e-03   0.000000e+00   0.000000e+00   0.000000e+00   3.944501e-02

# timestamp: 1774889938.3026018
 8.201172e-04  -1.937885e-06   0.000000e+00   2.170341e-04  -6.584226e-06   0.000000e+00   0.000000e+00   0.000000e+00   1.719088e-06
-1.937885e-06   8.954977e-04   0.000000e+00  -9.497337e-06   3.725761e-04   0.000000e+00   0.000000e+00   0.000000e+00   5.553749e-04
 0.000000e+00   0.000000e+00   1.261285e-03   0.000000e+00   0.000000e+00   1.202029e-03   5.968818e-03  -3.889918e-03   0.000000e+00
 2.170341e-04  -9.497337e-06   0.000000e+00   3.821208e-04  -2.908393e-05   0.000000e+00   0.000000e+00   0.000000e+00  -2.173639e-04
-6.584226e-06   3.725761e-04   0.000000e+00  -2.908393e-05   7.425917e-04   0.000000e+00   0.000000e+00   0.000000e+00   2.028301e-03
 0.000000e+00   0.000000e+00   1.202029e-03   0.000000e+00   0.000000e+00   2.699409e-03   1.564712e-02  -1.064605e-02   0.000000e+00
 0.000000e+00   0.000000e+00   5.968818e-03   0.000000e+00   0.000000e+00   1.564712e-02   1.906746e-01  -8.370564e-02   0.000000e+00
 0.000000e+00   0.000000e+00  -3.889918e-03   0.000000e+00   0.000000e+00  -1.064605e-02  -8.370564e-02   8.747056e-02   0.000000e+00
 1.719088e-06   5.553749e-04   0.000000e+00  -2.173639e-04   2.028301e-03   0.000000e+00   0.000000e+00   0.000000e+00   4.069709e-02

# timestamp: 1774889938.3222647
 8.668222e-04  -2.490292e-06   0.000000e+00   2.294475e-04  -7.554405e-06   0.000000e+00   0.000000e+00   0.000000e+00  -5.476860e-06
-2.490292e-06   9.526745e-04   0.000000e+00  -1.070565e-05   3.992780e-04   0.000000e+00   0.000000e+00   0.000000e+00   6.226185e-04
 0.000000e+00   0.000000e+00   1.374420e-03   0.000000e+00   0.000000e+00   1.309958e-03   6.478313e-03  -4.237704e-03   0.000000e+00
 2.294475e-04  -1.070565e-05   0.000000e+00   3.855388e-04  -3.090179e-05   0.000000e+00   0.000000e+00   0.000000e+00  -2.353050e-04
-7.554405e-06   3.992780e-04   0.000000e+00  -3.090179e-05   7.632802e-04   0.000000e+00   0.000000e+00   0.000000e+00   2.205384e-03
 0.000000e+00   0.000000e+00   1.309958e-03   0.000000e+00   0.000000e+00   2.805401e-03   1.607308e-02  -1.105108e-02   0.000000e+00
 0.000000e+00   0.000000e+00   6.478313e-03   0.000000e+00   0.000000e+00   1.607308e-02   1.939035e-01  -8.370564e-02   0.000000e+00
 0.000000e+00   0.000000e+00  -4.237704e-03   0.000000e+00   0.000000e+00  -1.105108e-02  -8.370564e-02   9.069947e-02   0.000000e+00
-5.476860e-06   6.226185e-04   0.000000e+00  -2.353050e-04   2.205384e-03   0.000000e+00   0.000000e+00   0.000000e+00   4.392599e-02

# timestamp: 1774889938.6214128
 8.635988e-04  -3.769864e-06   0.000000e+00   2.285788e-04  -9.068642e-06   0.000000e+00   0.000000e+00   0.000000e+00   2.910429e-05
-3.769864e-06   9.559525e-04   0.000000e+00  -1.292100e-05   4.112056e-04   0.000000e+00   0.000000e+00   0.000000e+00   6.558492e-04
 0.000000e+00   0.000000e+00   1.354120e-03   0.000000e+00   0.000000e+00   1.281229e-03   6.086810e-03  -4.191906e-03   0.000000e+00
 2.285788e-04  -1.292100e-05   0.000000e+00   3.851216e-04  -3.329275e-05   0.000000e+00   0.000000e+00   0.000000e+00  -1.848686e-04
-9.068642e-06   4.112056e-04   0.000000e+00  -3.329275e-05   7.913297e-04   0.000000e+00   0.000000e+00   0.000000e+00   2.260059e-03
 0.000000e+00   0.000000e+00   1.281229e-03   0.000000e+00   0.000000e+00   2.774474e-03   1.547366e-02  -1.111564e-02   0.000000e+00
 0.000000e+00   0.000000e+00   6.086810e-03   0.000000e+00   0.000000e+00   1.547366e-02   1.872197e-01  -8.350987e-02   0.000000e+00
 0.000000e+00   0.000000e+00  -4.191906e-03   0.000000e+00   0.000000e+00  -1.111564e-02  -8.350987e-02   9.217572e-02   0.000000e+00
 2.910429e-05   6.558492e-04   0.000000e+00  -1.848686e-04   2.260059e-03   0.000000e+00   0.000000e+00   0.000000e+00   4.355687e-02

# timestamp: 1774889938.6441696
 8.898224e-04  -4.174653e-06   0.000000e+00   2.354947e-04  -9.606929e-06   0.000000e+00   0.000000e+00   0.000000e+00   2.575478e-05
-4.174653e-06   9.888681e-04   0.000000e+00  -1.362055e-05   4.270554e-04   0.000000e+00   0.000000e+00   0.000000e+00   6.969468e-04
 0.000000e+00   0.000000e+00   1.418952e-03   0.000000e+00   0.000000e+00   1.342262e-03   6.365289e-03  -4.392368e-03   0.000000e+00
 2.354947e-04  -1.362055e-05   0.000000e+00   3.869670e-04  -3.406471e-05   0.000000e+00   0.000000e+00   0.000000e+00  -1.913322e-04
-9.606929e-06   4.270554e-04   0.000000e+00  -3.406471e-05   8.038894e-04   0.000000e+00   0.000000e+00   0.000000e+00   2.364283e-03
 0.000000e+00   0.000000e+00   1.342262e-03   0.000000e+00   0.000000e+00   2.833076e-03   1.569537e-02  -1.134515e-02   0.000000e+00
 0.000000e+00   0.000000e+00   6.365289e-03   0.000000e+00   0.000000e+00   1.569537e-02   1.890108e-01  -8.350987e-02   0.000000e+00
 0.000000e+00   0.000000e+00  -4.392368e-03   0.000000e+00   0.000000e+00  -1.134515e-02  -8.350987e-02   9.396686e-02   0.000000e+00
 2.575478e-05   6.969468e-04   0.000000e+00  -1.913322e-04   2.364283e-03   0.000000e+00   0.000000e+00   0.000000e+00   4.534801e-02

# timestamp: 1774889938.9346802
 8.755343e-04  -5.359744e-06   0.000000e+00   2.316911e-04  -1.107313e-05   0.000000e+00   0.000000e+00   0.000000e+00   3.151748e-05
-5.359744e-06   9.780452e-04   0.000000e+00  -1.471900e-05   4.314438e-04   0.000000e+00   0.000000e+00   0.000000e+00   6.903269e-04
 0.000000e+00   0.000000e+00   1.381898e-03   0.000000e+00   0.000000e+00   1.305455e-03   6.128172e-03  -4.293240e-03   0.000000e+00
 2.316911e-04  -1.471900e-05   0.000000e+00   3.855452e-04  -3.405530e-05   0.000000e+00   0.000000e+00   0.000000e+00  -1.506673e-04
-1.107313e-05   4.314438e-04   0.000000e+00  -3.405530e-05   8.228500e-04   0.000000e+00   0.000000e+00   0.000000e+00   2.349051e-03
 0.000000e+00   0.000000e+00   1.305455e-03   0.000000e+00   0.000000e+00   2.795221e-03   1.535919e-02  -1.126710e-02   0.000000e+00
 0.000000e+00   0.000000e+00   6.128172e-03   0.000000e+00   0.000000e+00   1.535919e-02   1.864168e-01  -8.369306e-02   0.000000e+00
 0.000000e+00   0.000000e+00  -4.293240e-03   0.000000e+00   0.000000e+00  -1.126710e-02  -8.369306e-02   9.352616e-02   0.000000e+00
 3.151748e-05   6.903269e-04   0.000000e+00  -1.506673e-04   2.349051e-03   0.000000e+00   0.000000e+00   0.000000e+00   4.420916e-02

# timestamp: 1774889938.9611363
 7.868933e-04  -4.540715e-06   0.000000e+00   2.082276e-04  -1.020231e-05   0.000000e+00   0.000000e+00   0.000000e+00   1.770921e-05
-4.540715e-06   8.680123e-04   0.000000e+00  -1.279219e-05   3.797255e-04   0.000000e+00   0.000000e+00   0.000000e+00   5.157177e-04
 0.000000e+00   0.000000e+00   1.171229e-03   0.000000e+00   0.000000e+00   1.102364e-03   5.241535e-03  -3.538008e-03   0.000000e+00
 2.082276e-04  -1.279219e-05   0.000000e+00   3.792021e-04  -3.202138e-05   0.000000e+00   0.000000e+00   0.000000e+00  -1.293488e-04
-1.020231e-05   3.797255e-04   0.000000e+00  -3.202138e-05   7.873354e-04   0.000000e+00   0.000000e+00   0.000000e+00   1.995430e-03
 0.000000e+00   0.000000e+00   1.102364e-03   0.000000e+00   0.000000e+00   2.590807e-03   1.460266e-02  -1.034245e-02   0.000000e+00
 0.000000e+00   0.000000e+00   5.241535e-03   0.000000e+00   0.000000e+00   1.460266e-02   1.813987e-01  -8.300667e-02   0.000000e+00
 0.000000e+00   0.000000e+00  -3.538008e-03   0.000000e+00   0.000000e+00  -1.034245e-02  -8.300667e-02   8.627129e-02   0.000000e+00
 1.770921e-05   5.157177e-04   0.000000e+00  -1.293488e-04   1.995430e-03   0.000000e+00   0.000000e+00   0.000000e+00   3.812023e-02

# timestamp: 1774889938.997732
 8.257478e-04  -5.191296e-06   0.000000e+00   2.185977e-04  -1.102799e-05   0.000000e+00   0.000000e+00   0.000000e+00   1.410617e-05
-5.191296e-06   9.165516e-04   0.000000e+00  -1.378394e-05   4.033272e-04   0.000000e+00   0.000000e+00   0.000000e+00   5.714883e-04
 0.000000e+00   0.000000e+00   1.260724e-03   0.000000e+00   0.000000e+00   1.188166e-03   5.642591e-03  -3.823007e-03   0.000000e+00
 2.185977e-04  -1.378394e-05   0.000000e+00   3.819789e-04  -3.291362e-05   0.000000e+00   0.000000e+00   0.000000e+00  -1.373654e-04
-1.102799e-05   4.033272e-04   0.000000e+00  -3.291362e-05   8.048226e-04   0.000000e+00   0.000000e+00   0.000000e+00   2.137734e-03
 0.000000e+00   0.000000e+00   1.188166e-03   0.000000e+00   0.000000e+00   2.674569e-03   1.493613e-02  -1.067352e-02   0.000000e+00
 0.000000e+00   0.000000e+00   5.642591e-03   0.000000e+00   0.000000e+00   1.493613e-02   1.841218e-01  -8.300667e-02   0.000000e+00
 0.000000e+00   0.000000e+00  -3.823007e-03   0.000000e+00   0.000000e+00  -1.067352e-02  -8.300667e-02   8.899446e-02   0.000000e+00
 1.410617e-05   5.714883e-04   0.000000e+00  -1.373654e-04   2.137734e-03   0.000000e+00   0.000000e+00   0.000000e+00   4.084340e-02

# timestamp: 1774889939.3999224
 8.178302e-04  -5.909041e-06   0.000000e+00   2.162912e-04  -1.142695e-05   0.000000e+00   0.000000e+00   0.000000e+00   2.144156e-05
-5.909041e-06   9.132803e-04   0.000000e+00  -1.366040e-05   4.101103e-04   0.000000e+00   0.000000e+00   0.000000e+00   5.465085e-04
 0.000000e+00   0.000000e+00   1.232500e-03   0.000000e+00   0.000000e+00   1.147589e-03   5.404350e-03  -3.660780e-03   0.000000e+00
 2.162912e-04  -1.366040e-05   0.000000e+00   3.806233e-04  -2.973897e-05   0.000000e+00   0.000000e+00   0.000000e+00  -8.020448e-05
-1.142695e-05   4.101103e-04   0.000000e+00  -2.973897e-05   8.277227e-04   0.000000e+00   0.000000e+00   0.000000e+00   2.151906e-03
 0.000000e+00   0.000000e+00   1.147589e-03   0.000000e+00   0.000000e+00   2.609747e-03   1.449908e-02  -1.046235e-02   0.000000e+00
 0.000000e+00   0.000000e+00   5.404350e-03   0.000000e+00   0.000000e+00   1.449908e-02   1.829509e-01  -8.283864e-02   0.000000e+00
 0.000000e+00   0.000000e+00  -3.660780e-03   0.000000e+00   0.000000e+00  -1.046235e-02  -8.283864e-02   8.818895e-02   0.000000e+00
 2.144156e-05   5.465085e-04   0.000000e+00  -8.020448e-05   2.151906e-03   0.000000e+00   0.000000e+00   0.000000e+00   4.008892e-02

# timestamp: 1774889939.6354964
 8.797452e-04  -6.899592e-06   0.000000e+00   2.325931e-04  -1.164882e-05   0.000000e+00   0.000000e+00   0.000000e+00   3.675563e-05
-6.899592e-06   9.969270e-04   0.000000e+00  -1.399205e-05   4.571821e-04   0.000000e+00   0.000000e+00   0.000000e+00   6.773954e-04
 0.000000e+00   0.000000e+00   1.380899e-03   0.000000e+00   0.000000e+00   1.287000e-03   5.992138e-03  -4.231133e-03   0.000000e+00
 2.325931e-04  -1.399205e-05   0.000000e+00   3.844783e-04  -2.627762e-05   0.000000e+00   0.000000e+00   0.000000e+00  -3.686660e-05
-1.164882e-05   4.571821e-04   0.000000e+00  -2.627762e-05   8.727734e-04   0.000000e+00   0.000000e+00   0.000000e+00   2.441441e-03
 0.000000e+00   0.000000e+00   1.287000e-03   0.000000e+00   0.000000e+00   2.740515e-03   1.484187e-02  -1.120256e-02   0.000000e+00
 0.000000e+00   0.000000e+00   5.992138e-03   0.000000e+00   0.000000e+00   1.484187e-02   1.857530e-01  -8.413122e-02   0.000000e+00
 0.000000e+00   0.000000e+00  -4.231133e-03   0.000000e+00   0.000000e+00  -1.120256e-02  -8.413122e-02   9.469981e-02   0.000000e+00
 3.675563e-05   6.773954e-04   0.000000e+00  -3.686660e-05   2.441441e-03   0.000000e+00   0.000000e+00   0.000000e+00   4.451649e-02

# timestamp: 1774889939.6616664
 8.416679e-04  -7.161379e-06   0.000000e+00   2.227295e-04  -2.604391e-05   0.000000e+00   0.000000e+00   0.000000e+00  -2.661096e-04
-7.161379e-06   9.372375e-04   0.000000e+00  -1.275231e-05   4.022147e-04   0.000000e+00   0.000000e+00   0.000000e+00   6.160488e-05
 0.000000e+00   0.000000e+00   1.288406e-03   0.000000e+00   0.000000e+00   1.175062e-03   6.174947e-03  -3.254137e-03   0.000000e+00
 2.227295e-04  -1.275231e-05   0.000000e+00   3.818685e-04  -2.873607e-05   0.000000e+00   0.000000e+00   0.000000e+00  -1.049438e-04
-2.604391e-05   4.022147e-04   0.000000e+00  -2.873607e-05   8.310605e-04   0.000000e+00   0.000000e+00   0.000000e+00   2.035913e-03
 0.000000e+00   0.000000e+00   1.175062e-03   0.000000e+00   0.000000e+00   2.611305e-03   1.493257e-02  -1.018305e-02   0.000000e+00
 0.000000e+00   0.000000e+00   6.174947e-03   0.000000e+00   0.000000e+00   1.493257e-02   1.879898e-01  -8.290442e-02   0.000000e+00
 0.000000e+00   0.000000e+00  -3.254137e-03   0.000000e+00   0.000000e+00  -1.018305e-02  -8.290442e-02   8.845910e-02   0.000000e+00
-2.661096e-04   6.160488e-05   0.000000e+00  -1.049438e-04   2.035913e-03   0.000000e+00   0.000000e+00   0.000000e+00   4.137573e-02

# timestamp: 1774889939.6837556
 8.725290e-04  -8.003509e-06   0.000000e+00   2.308905e-04  -2.742739e-05   0.000000e+00   0.000000e+00   0.000000e+00  -2.683638e-04
-8.003509e-06   9.759261e-04   0.000000e+00  -1.337377e-05   4.202342e-04   0.000000e+00   0.000000e+00   0.000000e+00   1.056878e-04
 0.000000e+00   0.000000e+00   1.360858e-03   0.000000e+00   0.000000e+00   1.241306e-03   6.493774e-03  -3.472195e-03   0.000000e+00
 2.308905e-04  -1.337377e-05   0.000000e+00   3.840102e-04  -2.922684e-05   0.000000e+00   0.000000e+00   0.000000e+00  -1.086880e-04
-2.742739e-05   4.202342e-04   0.000000e+00  -2.922684e-05   8.452509e-04   0.000000e+00   0.000000e+00   0.000000e+00   2.159041e-03
 0.000000e+00   0.000000e+00   1.241306e-03   0.000000e+00   0.000000e+00   2.675424e-03   1.518767e-02  -1.044890e-02   0.000000e+00
 0.000000e+00   0.000000e+00   6.493774e-03   0.000000e+00   0.000000e+00   1.518767e-02   1.901129e-01  -8.290442e-02   0.000000e+00
 0.000000e+00   0.000000e+00  -3.472195e-03   0.000000e+00   0.000000e+00  -1.044890e-02  -8.290442e-02   9.058217e-02   0.000000e+00
-2.683638e-04   1.056878e-04   0.000000e+00  -1.086880e-04   2.159041e-03   0.000000e+00   0.000000e+00   0.000000e+00   4.349880e-02

# timestamp: 1774889939.7398164
 8.854158e-04  -6.873132e-06   0.000000e+00   2.339955e-04  -1.148669e-05   0.000000e+00   0.000000e+00   0.000000e+00   4.428947e-05
-6.873132e-06   1.007024e-03   0.000000e+00  -1.375172e-05   4.656980e-04   0.000000e+00   0.000000e+00   0.000000e+00   7.276116e-04
 0.000000e+00   0.000000e+00   1.403444e-03   0.000000e+00   0.000000e+00   1.315815e-03   6.137749e-03  -4.403176e-03   0.000000e+00
 2.339955e-04  -1.375172e-05   0.000000e+00   3.846894e-04  -2.516400e-05   0.000000e+00   0.000000e+00   0.000000e+00  -3.347184e-05
-1.148669e-05   4.656980e-04   0.000000e+00  -2.516400e-05   8.834368e-04   0.000000e+00   0.000000e+00   0.000000e+00   2.494293e-03
 0.000000e+00   0.000000e+00   1.315815e-03   0.000000e+00   0.000000e+00   2.778389e-03   1.501088e-02  -1.142827e-02   0.000000e+00
 0.000000e+00   0.000000e+00   6.137749e-03   0.000000e+00   0.000000e+00   1.501088e-02   1.867713e-01  -8.505741e-02   0.000000e+00
 0.000000e+00   0.000000e+00  -4.403176e-03   0.000000e+00   0.000000e+00  -1.142827e-02  -8.505741e-02   9.599646e-02   0.000000e+00
 4.428947e-05   7.276116e-04   0.000000e+00  -3.347184e-05   2.494293e-03   0.000000e+00   0.000000e+00   0.000000e+00   4.493462e-02

# timestamp: 1774889940.0252206
 8.999356e-04   3.875640e-06   0.000000e+00   2.368681e-04   1.065921e-05   0.000000e+00   0.000000e+00   0.000000e+00   3.668941e-04
 3.875640e-06   1.058116e-03   0.000000e+00  -1.182392e-05   5.291201e-04   0.000000e+00   0.000000e+00   0.000000e+00   1.412683e-03
 0.000000e+00   0.000000e+00   1.487018e-03   0.000000e+00   0.000000e+00   1.433962e-03   5.949488e-03  -5.445851e-03   0.000000e+00
 2.368681e-04  -1.182392e-05   0.000000e+00   3.849472e-04  -1.958345e-05   0.000000e+00   0.000000e+00   0.000000e+00   2.028969e-05
 1.065921e-05   5.291201e-04   0.000000e+00  -1.958345e-05   9.450534e-04   0.000000e+00   0.000000e+00   0.000000e+00   2.936570e-03
 0.000000e+00   0.000000e+00   1.433962e-03   0.000000e+00   0.000000e+00   2.936848e-03   1.510923e-02  -1.250649e-02   0.000000e+00
 0.000000e+00   0.000000e+00   5.949488e-03   0.000000e+00   0.000000e+00   1.510923e-02   1.866975e-01  -8.672664e-02   0.000000e+00
 0.000000e+00   0.000000e+00  -5.445851e-03   0.000000e+00   0.000000e+00  -1.250649e-02  -8.672664e-02   1.005929e-01   0.000000e+00
 3.668941e-04   1.412683e-03   0.000000e+00   2.028969e-05   2.936570e-03   0.000000e+00   0.000000e+00   0.000000e+00   4.672869e-02

# timestamp: 1774889940.06288
 8.971214e-04  -6.803903e-06   0.000000e+00   2.364980e-04  -1.253573e-05   0.000000e+00   0.000000e+00   0.000000e+00  -4.067883e-05
-6.803903e-06   1.026515e-03   0.000000e+00  -1.312831e-05   4.787681e-04   0.000000e+00   0.000000e+00   0.000000e+00   5.948161e-04
 0.000000e+00   0.000000e+00   1.430967e-03   0.000000e+00   0.000000e+00   1.339965e-03   6.445398e-03  -4.202255e-03   0.000000e+00
 2.364980e-04  -1.312831e-05   0.000000e+00   3.848556e-04  -2.435142e-05   0.000000e+00   0.000000e+00   0.000000e+00  -7.707439e-05
-1.253573e-05   4.787681e-04   0.000000e+00  -2.435142e-05   9.069745e-04   0.000000e+00   0.000000e+00   0.000000e+00   2.512093e-03
 0.000000e+00   0.000000e+00   1.339965e-03   0.000000e+00   0.000000e+00   2.812676e-03   1.542933e-02  -1.120981e-02   0.000000e+00
 0.000000e+00   0.000000e+00   6.445398e-03   0.000000e+00   0.000000e+00   1.542933e-02   1.919071e-01  -8.414239e-02   0.000000e+00
 0.000000e+00   0.000000e+00  -4.202255e-03   0.000000e+00   0.000000e+00  -1.120981e-02  -8.414239e-02   9.280912e-02   0.000000e+00
-4.067883e-05   5.948161e-04   0.000000e+00  -7.707439e-05   2.512093e-03   0.000000e+00   0.000000e+00   0.000000e+00   4.466315e-02

# timestamp: 1774889940.1111317
 8.196067e-04  -5.591110e-06   0.000000e+00   2.161022e-04  -1.088959e-05   0.000000e+00   0.000000e+00   0.000000e+00  -2.961814e-05
-5.591110e-06   9.261873e-04   0.000000e+00  -1.158779e-05   4.295942e-04   0.000000e+00   0.000000e+00   0.000000e+00   4.787438e-04
 0.000000e+00   0.000000e+00   1.242556e-03   0.000000e+00   0.000000e+00   1.162455e-03   5.621895e-03  -3.596669e-03   0.000000e+00
 2.161022e-04  -1.158779e-05   0.000000e+00   3.794558e-04  -2.320662e-05   0.000000e+00   0.000000e+00   0.000000e+00  -7.438861e-05
-1.088959e-05   4.295942e-04   0.000000e+00  -2.320662e-05   8.711084e-04   0.000000e+00   0.000000e+00   0.000000e+00   2.201076e-03
 0.000000e+00   0.000000e+00   1.162455e-03   0.000000e+00   0.000000e+00   2.641707e-03   1.480413e-02  -1.046197e-02   0.000000e+00
 0.000000e+00   0.000000e+00   5.621895e-03   0.000000e+00   0.000000e+00   1.480413e-02   1.874733e-01  -8.351606e-02   0.000000e+00
 0.000000e+00   0.000000e+00  -3.596669e-03   0.000000e+00   0.000000e+00  -1.046197e-02  -8.351606e-02   8.698079e-02   0.000000e+00
-2.961814e-05   4.787438e-04   0.000000e+00  -7.438861e-05   2.201076e-03   0.000000e+00   0.000000e+00   0.000000e+00   3.971219e-02

# timestamp: 1774889940.332478
 8.625082e-04  -6.379666e-06   0.000000e+00   2.277603e-04  -1.167273e-05   0.000000e+00   0.000000e+00   0.000000e+00  -2.749904e-05
-6.379666e-06   9.849285e-04   0.000000e+00  -1.251663e-05   4.622931e-04   0.000000e+00   0.000000e+00   0.000000e+00   5.543912e-04
 0.000000e+00   0.000000e+00   1.346392e-03   0.000000e+00   0.000000e+00   1.271881e-03   6.092884e-03  -3.931578e-03   0.000000e+00
 2.277603e-04  -1.251663e-05   0.000000e+00   3.826485e-04  -2.563497e-05   0.000000e+00   0.000000e+00   0.000000e+00  -1.173868e-04
-1.167273e-05   4.622931e-04   0.000000e+00  -2.563497e-05   9.009833e-04   0.000000e+00   0.000000e+00   0.000000e+00   2.398485e-03
 0.000000e+00   0.000000e+00   1.271881e-03   0.000000e+00   0.000000e+00   2.789098e-03   1.547159e-02  -1.099460e-02   0.000000e+00
 0.000000e+00   0.000000e+00   6.092884e-03   0.000000e+00   0.000000e+00   1.547159e-02   1.911470e-01  -8.337817e-02   0.000000e+00
 0.000000e+00   0.000000e+00  -3.931578e-03   0.000000e+00   0.000000e+00  -1.099460e-02  -8.337817e-02   9.043070e-02   0.000000e+00
-2.749904e-05   5.543912e-04   0.000000e+00  -1.173868e-04   2.398485e-03   0.000000e+00   0.000000e+00   0.000000e+00   4.333437e-02

# timestamp: 1774889940.3509057
 8.902201e-04  -6.848356e-06   0.000000e+00   2.350394e-04  -1.224043e-05   0.000000e+00   0.000000e+00   0.000000e+00  -2.977723e-05
-6.848356e-06   1.021733e-03   0.000000e+00  -1.312168e-05   4.810213e-04   0.000000e+00   0.000000e+00   0.000000e+00   6.005678e-04
 0.000000e+00   0.000000e+00   1.414682e-03   0.000000e+00   0.000000e+00   1.337197e-03   6.387614e-03  -4.141493e-03   0.000000e+00
 2.350394e-04  -1.312168e-05   0.000000e+00   3.845906e-04  -2.643892e-05   0.000000e+00   0.000000e+00   0.000000e+00  -1.261088e-04
-1.224043e-05   4.810213e-04   0.000000e+00  -2.643892e-05   9.159348e-04   0.000000e+00   0.000000e+00   0.000000e+00   2.516974e-03
 0.000000e+00   0.000000e+00   1.337197e-03   0.000000e+00   0.000000e+00   2.856202e-03   1.573073e-02  -1.125452e-02   0.000000e+00
 0.000000e+00   0.000000e+00   6.387614e-03   0.000000e+00   0.000000e+00   1.573073e-02   1.930414e-01  -8.337817e-02   0.000000e+00
 0.000000e+00   0.000000e+00  -4.141493e-03   0.000000e+00   0.000000e+00  -1.125452e-02  -8.337817e-02   9.232515e-02   0.000000e+00
-2.977723e-05   6.005678e-04   0.000000e+00  -1.261088e-04   2.516974e-03   0.000000e+00   0.000000e+00   0.000000e+00   4.522882e-02

# timestamp: 1774889940.3923323
 8.726451e-04  -5.800819e-06   0.000000e+00   2.309816e-04  -2.579455e-05   0.000000e+00   0.000000e+00   0.000000e+00  -3.065481e-04
-5.800819e-06   9.883183e-04   0.000000e+00  -1.082439e-05   4.335019e-04   0.000000e+00   0.000000e+00   0.000000e+00  -4.768963e-05
 0.000000e+00   0.000000e+00   1.355215e-03   0.000000e+00   0.000000e+00   1.235632e-03   6.524389e-03  -3.051957e-03   0.000000e+00
 2.309816e-04  -1.082439e-05   0.000000e+00   3.836488e-04  -2.899574e-05   0.000000e+00   0.000000e+00   0.000000e+00  -1.942477e-04
-2.579455e-05   4.335019e-04   0.000000e+00  -2.899574e-05   8.788225e-04   0.000000e+00   0.000000e+00   0.000000e+00   2.157410e-03
 0.000000e+00   0.000000e+00   1.235632e-03   0.000000e+00   0.000000e+00   2.718310e-03   1.569340e-02  -1.003395e-02   0.000000e+00
 0.000000e+00   0.000000e+00   6.524389e-03   0.000000e+00   0.000000e+00   1.569340e-02   1.959122e-01  -7.963303e-02   0.000000e+00
 0.000000e+00   0.000000e+00  -3.051957e-03   0.000000e+00   0.000000e+00  -1.003395e-02  -7.963303e-02   8.517660e-02   0.000000e+00
-3.065481e-04  -4.768963e-05   0.000000e+00  -1.942477e-04   2.157410e-03   0.000000e+00   0.000000e+00   0.000000e+00   4.337855e-02

# timestamp: 1774889940.409525
 8.165549e-04  -5.293290e-06   0.000000e+00   2.153613e-04  -9.849801e-06   0.000000e+00   0.000000e+00   0.000000e+00   4.123348e-06
-5.293290e-06   9.258597e-04   0.000000e+00  -1.153849e-05   4.336260e-04   0.000000e+00   0.000000e+00   0.000000e+00   5.174146e-04
 0.000000e+00   0.000000e+00   1.229921e-03   0.000000e+00   0.000000e+00   1.154636e-03   5.468749e-03  -3.532115e-03   0.000000e+00
 2.153613e-04  -1.153849e-05   0.000000e+00   3.793140e-04  -2.504759e-05   0.000000e+00   0.000000e+00   0.000000e+00  -1.095811e-04
-9.849801e-06   4.336260e-04   0.000000e+00  -2.504759e-05   8.826938e-04   0.000000e+00   0.000000e+00   0.000000e+00   2.232955e-03
 0.000000e+00   0.000000e+00   1.154636e-03   0.000000e+00   0.000000e+00   2.671394e-03   1.495548e-02  -1.044846e-02   0.000000e+00
 0.000000e+00   0.000000e+00   5.468749e-03   0.000000e+00   0.000000e+00   1.495548e-02   1.879039e-01  -8.223458e-02   0.000000e+00
 0.000000e+00   0.000000e+00  -3.532115e-03   0.000000e+00   0.000000e+00  -1.044846e-02  -8.223458e-02   8.571916e-02   0.000000e+00
 4.123348e-06   5.174146e-04   0.000000e+00  -1.095811e-04   2.232955e-03   0.000000e+00   0.000000e+00   0.000000e+00   3.994172e-02

# timestamp: 1774889940.4316888
 8.551722e-04  -5.885924e-06   0.000000e+00   2.255721e-04  -1.052275e-05   0.000000e+00   0.000000e+00   0.000000e+00   1.082002e-06
-5.885924e-06   9.765805e-04   0.000000e+00  -1.236120e-05   4.595564e-04   0.000000e+00   0.000000e+00   0.000000e+00   5.787809e-04
 0.000000e+00   0.000000e+00   1.320843e-03   0.000000e+00   0.000000e+00   1.242343e-03   5.873089e-03  -3.815565e-03   0.000000e+00
 2.255721e-04  -1.236120e-05   0.000000e+00   3.820525e-04  -2.606134e-05   0.000000e+00   0.000000e+00   0.000000e+00  -1.201787e-04
-1.052275e-05   4.595564e-04   0.000000e+00  -2.606134e-05   9.024993e-04   0.000000e+00   0.000000e+00   0.000000e+00   2.387284e-03
 0.000000e+00   0.000000e+00   1.242343e-03   0.000000e+00   0.000000e+00   2.760535e-03   1.530866e-02  -1.079346e-02   0.000000e+00
 0.000000e+00   0.000000e+00   5.873089e-03   0.000000e+00   0.000000e+00   1.530866e-02   1.905840e-01  -8.223458e-02   0.000000e+00
 0.000000e+00   0.000000e+00  -3.815565e-03   0.000000e+00   0.000000e+00  -1.079346e-02  -8.223458e-02   8.839920e-02   0.000000e+00
 1.082002e-06   5.787809e-04   0.000000e+00  -1.201787e-04   2.387284e-03   0.000000e+00   0.000000e+00   0.000000e+00   4.262176e-02

# timestamp: 1774889940.8071427
 9.006103e-04  -7.083456e-06   0.000000e+00   2.380887e-04  -3.005702e-05   0.000000e+00   0.000000e+00   0.000000e+00  -3.538675e-04
-7.083456e-06   1.026610e-03   0.000000e+00  -1.125765e-05   4.583327e-04   0.000000e+00   0.000000e+00   0.000000e+00   6.955250e-05
 0.000000e+00   0.000000e+00   1.457481e-03   0.000000e+00   0.000000e+00   1.347530e-03   7.308224e-03  -3.684536e-03   0.000000e+00
 2.380887e-04  -1.125765e-05   0.000000e+00   3.848278e-04  -2.566750e-05   0.000000e+00   0.000000e+00   0.000000e+00  -1.201758e-04
-3.005702e-05   4.583327e-04   0.000000e+00  -2.566750e-05   9.007443e-04   0.000000e+00   0.000000e+00   0.000000e+00   2.303803e-03
 0.000000e+00   0.000000e+00   1.347530e-03   0.000000e+00   0.000000e+00   2.806008e-03   1.605951e-02  -1.072458e-02   0.000000e+00
 0.000000e+00   0.000000e+00   7.308224e-03   0.000000e+00   0.000000e+00   1.605951e-02   1.985369e-01  -8.333477e-02   0.000000e+00
 0.000000e+00   0.000000e+00  -3.684536e-03   0.000000e+00   0.000000e+00  -1.072458e-02  -8.333477e-02   9.121796e-02   0.000000e+00
-3.538675e-04   6.955250e-05   0.000000e+00  -1.201758e-04   2.303803e-03   0.000000e+00   0.000000e+00   0.000000e+00   4.555182e-02

# timestamp: 1774889941.0376365
 8.694121e-04  -4.137450e-06   0.000000e+00   2.297222e-04  -4.203097e-06   0.000000e+00   0.000000e+00   0.000000e+00   1.082561e-04
-4.137450e-06   9.987709e-04   0.000000e+00  -7.222130e-06   4.735592e-04   0.000000e+00   0.000000e+00   0.000000e+00   6.129900e-04
 0.000000e+00   0.000000e+00   1.317640e-03   0.000000e+00   0.000000e+00   1.184159e-03   4.897285e-03  -4.030892e-03   0.000000e+00
 2.297222e-04  -7.222130e-06   0.000000e+00   3.827941e-04  -7.036897e-06   0.000000e+00   0.000000e+00   0.000000e+00   1.495310e-04
-4.203097e-06   4.735592e-04   0.000000e+00  -7.036897e-06   9.091438e-04   0.000000e+00   0.000000e+00   0.000000e+00   2.369524e-03
 0.000000e+00   0.000000e+00   1.184159e-03   0.000000e+00   0.000000e+00   2.569186e-03   1.268928e-02  -1.122289e-02   0.000000e+00
 0.000000e+00   0.000000e+00   4.897285e-03   0.000000e+00   0.000000e+00   1.268928e-02   1.619463e-01  -8.287210e-02   0.000000e+00
 0.000000e+00   0.000000e+00  -4.030892e-03   0.000000e+00   0.000000e+00  -1.122289e-02  -8.287210e-02   1.025393e-01   0.000000e+00
 1.082561e-04   6.129900e-04   0.000000e+00   1.495310e-04   2.369524e-03   0.000000e+00   0.000000e+00   0.000000e+00   4.384712e-02

# timestamp: 1774889941.0787437
 8.096381e-04  -3.633693e-06   0.000000e+00   2.139725e-04  -3.987243e-06   0.000000e+00   0.000000e+00   0.000000e+00   7.981451e-05
-3.633693e-06   9.202220e-04   0.000000e+00  -5.869501e-06   4.337121e-04   0.000000e+00   0.000000e+00   0.000000e+00   5.010126e-04
 0.000000e+00   0.000000e+00   1.186229e-03   0.000000e+00   0.000000e+00   1.063932e-03   4.361059e-03  -3.708386e-03   0.000000e+00
 2.139725e-04  -5.869501e-06   0.000000e+00   3.788375e-04  -4.144095e-06   0.000000e+00   0.000000e+00   0.000000e+00   1.658877e-04
-3.987243e-06   4.337121e-04   0.000000e+00  -4.144095e-06   8.774938e-04   0.000000e+00   0.000000e+00   0.000000e+00   2.103635e-03
 0.000000e+00   0.000000e+00   1.063932e-03   0.000000e+00   0.000000e+00   2.444949e-03   1.198917e-02  -1.098454e-02   0.000000e+00
 0.000000e+00   0.000000e+00   4.361059e-03   0.000000e+00   0.000000e+00   1.198917e-02   1.523355e-01  -8.407448e-02   0.000000e+00
 0.000000e+00   0.000000e+00  -3.708386e-03   0.000000e+00   0.000000e+00  -1.098454e-02  -8.407448e-02   1.030787e-01   0.000000e+00
 7.981451e-05   5.010126e-04   0.000000e+00   1.658877e-04   2.103635e-03   0.000000e+00   0.000000e+00   0.000000e+00   3.974989e-02

# timestamp: 1774889941.1344228
 8.762420e-04  -4.076870e-06   0.000000e+00   2.316698e-04  -3.638744e-06   0.000000e+00   0.000000e+00   0.000000e+00   8.826704e-05
-4.076870e-06   1.008242e-03   0.000000e+00  -5.341146e-06   4.778758e-04   0.000000e+00   0.000000e+00   0.000000e+00   6.018475e-04
 0.000000e+00   0.000000e+00   1.336134e-03   0.000000e+00   0.000000e+00   1.195624e-03   4.918307e-03  -4.222683e-03   0.000000e+00
 2.316698e-04  -5.341146e-06   0.000000e+00   3.838905e-04  -4.680818e-07   0.000000e+00   0.000000e+00   0.000000e+00   2.158335e-04
-3.638744e-06   4.778758e-04   0.000000e+00  -4.680818e-07   9.072252e-04   0.000000e+00   0.000000e+00   0.000000e+00   2.345016e-03
 0.000000e+00   0.000000e+00   1.195624e-03   0.000000e+00   0.000000e+00   2.548149e-03   1.228274e-02  -1.148552e-02   0.000000e+00
 0.000000e+00   0.000000e+00   4.918307e-03   0.000000e+00   0.000000e+00   1.228274e-02   1.569429e-01  -8.407448e-02   0.000000e+00
 0.000000e+00   0.000000e+00  -4.222683e-03   0.000000e+00   0.000000e+00  -1.148552e-02  -8.407448e-02   1.076861e-01   0.000000e+00
 8.826704e-05   6.018475e-04   0.000000e+00   2.158335e-04   2.345016e-03   0.000000e+00   0.000000e+00   0.000000e+00   4.435730e-02

# timestamp: 1774889941.3512132
 9.017985e-04  -2.351322e-06   0.000000e+00   2.390141e-04   1.460398e-06   0.000000e+00   0.000000e+00   0.000000e+00   1.447079e-04
-2.351322e-06   1.042406e-03   0.000000e+00  -3.164049e-07   4.927011e-04   0.000000e+00   0.000000e+00   0.000000e+00   6.410506e-04
 0.000000e+00   0.000000e+00   1.383807e-03   0.000000e+00   0.000000e+00   1.213273e-03   4.643906e-03  -4.613259e-03   0.000000e+00
 2.390141e-04  -3.164049e-07   0.000000e+00   3.880367e-04   1.481726e-05   0.000000e+00   0.000000e+00   0.000000e+00   3.652458e-04
 1.460398e-06   4.927011e-04   0.000000e+00   1.481726e-05   9.046192e-04   0.000000e+00   0.000000e+00   0.000000e+00   2.346223e-03
 0.000000e+00   0.000000e+00   1.213273e-03   0.000000e+00   0.000000e+00   2.491293e-03   1.111849e-02  -1.198776e-02   0.000000e+00
 0.000000e+00   0.000000e+00   4.643906e-03   0.000000e+00   0.000000e+00   1.111849e-02   1.442296e-01  -8.424922e-02   0.000000e+00
 0.000000e+00   0.000000e+00  -4.613259e-03   0.000000e+00   0.000000e+00  -1.198776e-02  -8.424922e-02   1.191226e-01   0.000000e+00
 1.447079e-04   6.410506e-04   0.000000e+00   3.652458e-04   2.346223e-03   0.000000e+00   0.000000e+00   0.000000e+00   4.611999e-02

# timestamp: 1774889941.4478247
 8.958592e-04  -9.578171e-07   0.000000e+00   2.377799e-04   4.679992e-06   0.000000e+00   0.000000e+00   0.000000e+00   1.847386e-04
-9.578171e-07   1.033941e-03   0.000000e+00   2.241509e-06   4.872865e-04   0.000000e+00   0.000000e+00   0.000000e+00   6.525183e-04
 0.000000e+00   0.000000e+00   1.363762e-03   0.000000e+00   0.000000e+00   1.186968e-03   4.387776e-03  -4.669723e-03   0.000000e+00
 2.377799e-04   2.241509e-06   0.000000e+00   3.888154e-04   2.119257e-05   0.000000e+00   0.000000e+00   0.000000e+00   4.104182e-04
 4.679992e-06   4.872865e-04   0.000000e+00   2.119257e-05   8.951076e-04   0.000000e+00   0.000000e+00   0.000000e+00   2.294649e-03
 0.000000e+00   0.000000e+00   1.186968e-03   0.000000e+00   0.000000e+00   2.445380e-03   1.064133e-02  -1.211395e-02   0.000000e+00
 0.000000e+00   0.000000e+00   4.387776e-03   0.000000e+00   0.000000e+00   1.064133e-02   1.390603e-01  -8.488120e-02   0.000000e+00
 0.000000e+00   0.000000e+00  -4.669723e-03   0.000000e+00   0.000000e+00  -1.211395e-02  -8.488120e-02   1.231215e-01   0.000000e+00
 1.847386e-04   6.525183e-04   0.000000e+00   4.104182e-04   2.294649e-03   0.000000e+00   0.000000e+00   0.000000e+00   4.551947e-02

# timestamp: 1774889941.7292774
 8.741108e-04   1.638246e-06   0.000000e+00   2.329328e-04   1.032117e-05   0.000000e+00   0.000000e+00   0.000000e+00   1.692349e-04
 1.638246e-06   1.002674e-03   0.000000e+00   8.193305e-06   4.661909e-04   0.000000e+00   0.000000e+00   0.000000e+00   5.723178e-04
 0.000000e+00   0.000000e+00   1.308567e-03   0.000000e+00   0.000000e+00   1.128674e-03   4.140115e-03  -4.699521e-03   0.000000e+00
 2.329328e-04   8.193305e-06   0.000000e+00   3.901677e-04   3.479638e-05   0.000000e+00   0.000000e+00   0.000000e+00   4.486391e-04
 1.032117e-05   4.661909e-04   0.000000e+00   3.479638e-05   8.627675e-04   0.000000e+00   0.000000e+00   0.000000e+00   2.112618e-03
 0.000000e+00   0.000000e+00   1.128674e-03   0.000000e+00   0.000000e+00   2.359742e-03   1.015234e-02  -1.236536e-02   0.000000e+00
 0.000000e+00   0.000000e+00   4.140115e-03   0.000000e+00   0.000000e+00   1.015234e-02   1.336743e-01  -8.826105e-02   0.000000e+00
 0.000000e+00   0.000000e+00  -4.699521e-03   0.000000e+00   0.000000e+00  -1.236536e-02  -8.826105e-02   1.312259e-01   0.000000e+00
 1.692349e-04   5.723178e-04   0.000000e+00   4.486391e-04   2.112618e-03   0.000000e+00   0.000000e+00   0.000000e+00   4.402049e-02

# timestamp: 1774889941.7754214
 7.787046e-04   1.226237e-06   0.000000e+00   2.073676e-04   8.543993e-06   0.000000e+00   0.000000e+00   0.000000e+00   1.236872e-04
 1.226237e-06   8.781582e-04   0.000000e+00   6.934868e-06   4.046372e-04   0.000000e+00   0.000000e+00   0.000000e+00   4.218741e-04
 0.000000e+00   0.000000e+00   1.105410e-03   0.000000e+00   0.000000e+00   9.520954e-04   3.533504e-03  -3.961963e-03   0.000000e+00
 2.073676e-04   6.934868e-06   0.000000e+00   3.830120e-04   3.224544e-05   0.000000e+00   0.000000e+00   0.000000e+00   3.800293e-04
 8.543993e-06   4.046372e-04   0.000000e+00   3.224544e-05   8.197134e-04   0.000000e+00   0.000000e+00   0.000000e+00   1.767945e-03
 0.000000e+00   0.000000e+00   9.520954e-04   0.000000e+00   0.000000e+00   2.201337e-03   9.738634e-03  -1.166023e-02   0.000000e+00
 0.000000e+00   0.000000e+00   3.533504e-03   0.000000e+00   0.000000e+00   9.738634e-03   1.275224e-01  -8.950432e-02   0.000000e+00
 0.000000e+00   0.000000e+00  -3.961963e-03   0.000000e+00   0.000000e+00  -1.166023e-02  -8.950432e-02   1.268602e-01   0.000000e+00
 1.236872e-04   4.218741e-04   0.000000e+00   3.800293e-04   1.767945e-03   0.000000e+00   0.000000e+00   0.000000e+00   3.755867e-02

# timestamp: 1774889941.789161
 8.163212e-04   1.663177e-06   0.000000e+00   2.176232e-04   9.808418e-06   0.000000e+00   0.000000e+00   0.000000e+00   1.339383e-04
 1.663177e-06   9.265156e-04   0.000000e+00   8.124365e-06   4.277813e-04   0.000000e+00   0.000000e+00   0.000000e+00   4.694856e-04
 0.000000e+00   0.000000e+00   1.183775e-03   0.000000e+00   0.000000e+00   1.020688e-03   3.792021e-03  -4.272365e-03   0.000000e+00
 2.176232e-04   8.124365e-06   0.000000e+00   3.862039e-04   3.471168e-05   0.000000e+00   0.000000e+00   0.000000e+00   4.076491e-04
 9.808418e-06   4.277813e-04   0.000000e+00   3.471168e-05   8.333547e-04   0.000000e+00   0.000000e+00   0.000000e+00   1.886577e-03
 0.000000e+00   0.000000e+00   1.020688e-03   0.000000e+00   0.000000e+00   2.261390e-03   9.917445e-03  -1.198501e-02   0.000000e+00
 0.000000e+00   0.000000e+00   3.792021e-03   0.000000e+00   0.000000e+00   9.917445e-03   1.301622e-01  -8.950432e-02   0.000000e+00
 0.000000e+00   0.000000e+00  -4.272365e-03   0.000000e+00   0.000000e+00  -1.198501e-02  -8.950432e-02   1.295001e-01   0.000000e+00
 1.339383e-04   4.694856e-04   0.000000e+00   4.076491e-04   1.886577e-03   0.000000e+00   0.000000e+00   0.000000e+00   4.019854e-02

# timestamp: 1774889941.812261
 8.432048e-04   2.012850e-06   0.000000e+00   2.249153e-04   1.076223e-05   0.000000e+00   0.000000e+00   0.000000e+00   1.416612e-04
 2.012850e-06   9.614002e-04   0.000000e+00   9.026655e-06   4.444341e-04   0.000000e+00   0.000000e+00   0.000000e+00   5.051850e-04
 0.000000e+00   0.000000e+00   1.241336e-03   0.000000e+00   0.000000e+00   1.070574e-03   3.977626e-03  -4.497166e-03   0.000000e+00
 2.249153e-04   9.026655e-06   0.000000e+00   3.884811e-04   3.655519e-05   0.000000e+00   0.000000e+00   0.000000e+00   4.281594e-04
 1.076223e-05   4.444341e-04   0.000000e+00   3.655519e-05   8.434248e-04   0.000000e+00   0.000000e+00   0.000000e+00   1.974672e-03
 0.000000e+00   0.000000e+00   1.070574e-03   0.000000e+00   0.000000e+00   2.304823e-03   1.004267e-02  -1.221863e-02   0.000000e+00
 0.000000e+00   0.000000e+00   3.977626e-03   0.000000e+00   0.000000e+00   1.004267e-02   1.320259e-01  -8.950432e-02   0.000000e+00
 0.000000e+00   0.000000e+00  -4.497166e-03   0.000000e+00   0.000000e+00  -1.221863e-02  -8.950432e-02   1.313638e-01   0.000000e+00
 1.416612e-04   5.051850e-04   0.000000e+00   4.281594e-04   1.974672e-03   0.000000e+00   0.000000e+00   0.000000e+00   4.206221e-02

# timestamp: 1774889942.117482
 8.444369e-04   5.121721e-06   0.000000e+00   2.261705e-04   1.640781e-05   0.000000e+00   0.000000e+00   0.000000e+00   1.437528e-04
 5.121721e-06   9.603122e-04   0.000000e+00   1.469483e-05   4.392468e-04   0.000000e+00   0.000000e+00   0.000000e+00   5.126291e-04
 0.000000e+00   0.000000e+00   1.244972e-03   0.000000e+00   0.000000e+00   1.073762e-03   4.171905e-03  -4.615416e-03   0.000000e+00
 2.261705e-04   1.469483e-05   0.000000e+00   3.907627e-04   4.722646e-05   0.000000e+00   0.000000e+00   0.000000e+00   4.313372e-04
 1.640781e-05   4.392468e-04   0.000000e+00   4.722646e-05   8.285366e-04   0.000000e+00   0.000000e+00   0.000000e+00   1.972012e-03
 0.000000e+00   0.000000e+00   1.073762e-03   0.000000e+00   0.000000e+00   2.299192e-03   1.041764e-02  -1.234095e-02   0.000000e+00
 0.000000e+00   0.000000e+00   4.171905e-03   0.000000e+00   0.000000e+00   1.041764e-02   1.392884e-01  -9.332927e-02   0.000000e+00
 0.000000e+00   0.000000e+00  -4.615416e-03   0.000000e+00   0.000000e+00  -1.234095e-02  -9.332927e-02   1.320293e-01   0.000000e+00
 1.437528e-04   5.126291e-04   0.000000e+00   4.313372e-04   1.972012e-03   0.000000e+00   0.000000e+00   0.000000e+00   4.219074e-02

# timestamp: 1774889942.1492157
 9.020919e-04   6.435844e-06   0.000000e+00   2.417677e-04   1.903540e-05   0.000000e+00   0.000000e+00   0.000000e+00   1.613112e-04
 6.435844e-06   1.035460e-03   0.000000e+00   1.712577e-05   4.747626e-04   0.000000e+00   0.000000e+00   0.000000e+00   5.931805e-04
 0.000000e+00   0.000000e+00   1.372740e-03   0.000000e+00   0.000000e+00   1.184260e-03   4.585677e-03  -5.108251e-03   0.000000e+00
 2.417677e-04   1.712577e-05   0.000000e+00   3.955213e-04   5.121976e-05   0.000000e+00   0.000000e+00   0.000000e+00   4.723587e-04
 1.903540e-05   4.747626e-04   0.000000e+00   5.121976e-05   8.516196e-04   0.000000e+00   0.000000e+00   0.000000e+00   2.177973e-03
 0.000000e+00   0.000000e+00   1.184260e-03   0.000000e+00   0.000000e+00   2.400130e-03   1.071834e-02  -1.287598e-02   0.000000e+00
 0.000000e+00   0.000000e+00   4.585677e-03   0.000000e+00   0.000000e+00   1.071834e-02   1.432161e-01  -9.332927e-02   0.000000e+00
 0.000000e+00   0.000000e+00  -5.108251e-03   0.000000e+00   0.000000e+00  -1.287598e-02  -9.332927e-02   1.359570e-01   0.000000e+00
 1.613112e-04   5.931805e-04   0.000000e+00   4.723587e-04   2.177973e-03   0.000000e+00   0.000000e+00   0.000000e+00   4.611851e-02

# timestamp: 1774889942.3709536
 8.497325e-04   5.803441e-06   0.000000e+00   2.247348e-04   3.970584e-06   0.000000e+00   0.000000e+00   0.000000e+00  -2.294153e-04
 5.803441e-06   9.566664e-04   0.000000e+00   1.375368e-05   4.125640e-04   0.000000e+00   0.000000e+00   0.000000e+00   1.929128e-05
 0.000000e+00   0.000000e+00   1.238270e-03   0.000000e+00   0.000000e+00   1.028410e-03   4.816999e-03  -3.813730e-03   0.000000e+00
 2.247348e-04   1.375368e-05   0.000000e+00   3.901156e-04   4.687062e-05   0.000000e+00   0.000000e+00   0.000000e+00   2.988128e-04
 3.970584e-06   4.125640e-04   0.000000e+00   4.687062e-05   8.027531e-04   0.000000e+00   0.000000e+00   0.000000e+00   1.780035e-03
 0.000000e+00   0.000000e+00   1.028410e-03   0.000000e+00   0.000000e+00   2.224820e-03   1.113895e-02  -1.137249e-02   0.000000e+00
 0.000000e+00   0.000000e+00   4.816999e-03   0.000000e+00   0.000000e+00   1.113895e-02   1.523669e-01  -9.403520e-02   0.000000e+00
 0.000000e+00   0.000000e+00  -3.813730e-03   0.000000e+00   0.000000e+00  -1.137249e-02  -9.403520e-02   1.223953e-01   0.000000e+00
-2.294153e-04   1.929128e-05   0.000000e+00   2.988128e-04   1.780035e-03   0.000000e+00   0.000000e+00   0.000000e+00   4.201518e-02

# timestamp: 1774889942.4164634
 8.680730e-04   8.702368e-06   0.000000e+00   2.330451e-04   2.197640e-05   0.000000e+00   0.000000e+00   0.000000e+00   1.432383e-04
 8.702368e-06   9.882117e-04   0.000000e+00   2.039944e-05   4.495724e-04   0.000000e+00   0.000000e+00   0.000000e+00   5.812987e-04
 0.000000e+00   0.000000e+00   1.300757e-03   0.000000e+00   0.000000e+00   1.126074e-03   4.681178e-03  -4.813354e-03   0.000000e+00
 2.330451e-04   2.039944e-05   0.000000e+00   3.934385e-04   5.550169e-05   0.000000e+00   0.000000e+00   0.000000e+00   4.072363e-04
 2.197640e-05   4.495724e-04   0.000000e+00   5.550169e-05   8.316820e-04   0.000000e+00   0.000000e+00   0.000000e+00   2.105359e-03
 0.000000e+00   0.000000e+00   1.126074e-03   0.000000e+00   0.000000e+00   2.347055e-03   1.125176e-02  -1.234987e-02   0.000000e+00
 0.000000e+00   0.000000e+00   4.681178e-03   0.000000e+00   0.000000e+00   1.125176e-02   1.532868e-01  -9.587365e-02   0.000000e+00
 0.000000e+00   0.000000e+00  -4.813354e-03   0.000000e+00   0.000000e+00  -1.234987e-02  -9.587365e-02   1.277726e-01   0.000000e+00
 1.432383e-04   5.812987e-04   0.000000e+00   4.072363e-04   2.105359e-03   0.000000e+00   0.000000e+00   0.000000e+00   4.373865e-02

# timestamp: 1774889942.4499493
 9.139548e-04   1.007838e-05   0.000000e+00   2.454174e-04   2.430130e-05   0.000000e+00   0.000000e+00   0.000000e+00   1.560749e-04
 1.007838e-05   1.047992e-03   0.000000e+00   2.249929e-05   4.779806e-04   0.000000e+00   0.000000e+00   0.000000e+00   6.479737e-04
 0.000000e+00   0.000000e+00   1.404211e-03   0.000000e+00   0.000000e+00   1.216228e-03   5.032523e-03  -5.200023e-03   0.000000e+00
 2.454174e-04   2.249929e-05   0.000000e+00   3.970158e-04   5.833454e-05   0.000000e+00   0.000000e+00   0.000000e+00   4.332114e-04
 2.430130e-05   4.779806e-04   0.000000e+00   5.833454e-05   8.514493e-04   0.000000e+00   0.000000e+00   0.000000e+00   2.280447e-03
 0.000000e+00   0.000000e+00   1.216228e-03   0.000000e+00   0.000000e+00   2.432860e-03   1.152841e-02  -1.279030e-02   0.000000e+00
 0.000000e+00   0.000000e+00   5.032523e-03   0.000000e+00   0.000000e+00   1.152841e-02   1.563903e-01  -9.587365e-02   0.000000e+00
 0.000000e+00   0.000000e+00  -5.200023e-03   0.000000e+00   0.000000e+00  -1.279030e-02  -9.587365e-02   1.308761e-01   0.000000e+00
 1.560749e-04   6.479737e-04   0.000000e+00   4.332114e-04   2.280447e-03   0.000000e+00   0.000000e+00   0.000000e+00   4.684212e-02

# timestamp: 1774889942.7439852
 8.991306e-04   1.188796e-05   0.000000e+00   2.414234e-04   2.651583e-05   0.000000e+00   0.000000e+00   0.000000e+00   1.179151e-04
 1.188796e-05   1.025179e-03   0.000000e+00   2.440541e-05   4.647951e-04   0.000000e+00   0.000000e+00   0.000000e+00   5.924491e-04
 0.000000e+00   0.000000e+00   1.364429e-03   0.000000e+00   0.000000e+00   1.185575e-03   5.170166e-03  -4.842506e-03   0.000000e+00
 2.414234e-04   2.440541e-05   0.000000e+00   3.949973e-04   5.870936e-05   0.000000e+00   0.000000e+00   0.000000e+00   3.369296e-04
 2.651583e-05   4.647951e-04   0.000000e+00   5.870936e-05   8.457447e-04   0.000000e+00   0.000000e+00   0.000000e+00   2.259578e-03
 0.000000e+00   0.000000e+00   1.185575e-03   0.000000e+00   0.000000e+00   2.430173e-03   1.221943e-02  -1.235764e-02   0.000000e+00
 0.000000e+00   0.000000e+00   5.170166e-03   0.000000e+00   0.000000e+00   1.221943e-02   1.662725e-01  -9.650261e-02   0.000000e+00
 0.000000e+00   0.000000e+00  -4.842506e-03   0.000000e+00   0.000000e+00  -1.235764e-02  -9.650261e-02   1.230713e-01   0.000000e+00
 1.179151e-04   5.924491e-04   0.000000e+00   3.369296e-04   2.259578e-03   0.000000e+00   0.000000e+00   0.000000e+00   4.572401e-02

# timestamp: 1774889942.7815123
 7.976725e-04   9.177749e-06   0.000000e+00   2.140227e-04   2.233703e-05   0.000000e+00   0.000000e+00   0.000000e+00   8.502975e-05
 9.177749e-06   8.942313e-04   0.000000e+00   2.059855e-05   4.017373e-04   0.000000e+00   0.000000e+00   0.000000e+00   4.347212e-04
 0.000000e+00   0.000000e+00   1.142249e-03   0.000000e+00   0.000000e+00   9.901792e-04   4.391218e-03  -3.982424e-03   0.000000e+00
 2.140227e-04   2.059855e-05   0.000000e+00   3.871578e-04   5.413202e-05   0.000000e+00   0.000000e+00   0.000000e+00   2.757086e-04
 2.233703e-05   4.017373e-04   0.000000e+00   5.413202e-05   8.028401e-04   0.000000e+00   0.000000e+00   0.000000e+00   1.890935e-03
 0.000000e+00   0.000000e+00   9.901792e-04   0.000000e+00   0.000000e+00   2.253447e-03   1.174058e-02  -1.142679e-02   0.000000e+00
 0.000000e+00   0.000000e+00   4.391218e-03   0.000000e+00   0.000000e+00   1.174058e-02   1.612329e-01  -9.697933e-02   0.000000e+00
 0.000000e+00   0.000000e+00  -3.982424e-03   0.000000e+00   0.000000e+00  -1.142679e-02  -9.697933e-02   1.155479e-01   0.000000e+00
 8.502975e-05   4.347212e-04   0.000000e+00   2.757086e-04   1.890935e-03   0.000000e+00   0.000000e+00   0.000000e+00   3.871246e-02

# timestamp: 1774889943.0177095
 8.486650e-04   1.251994e-05   0.000000e+00   2.279064e-04   2.733726e-05   0.000000e+00   0.000000e+00   0.000000e+00   1.367967e-04
 1.251994e-05   9.582355e-04   0.000000e+00   2.431909e-05   4.329173e-04   0.000000e+00   0.000000e+00   0.000000e+00   5.624434e-04
 0.000000e+00   0.000000e+00   1.251156e-03   0.000000e+00   0.000000e+00   1.098456e-03   4.772267e-03  -4.512060e-03   0.000000e+00
 2.279064e-04   2.431909e-05   0.000000e+00   3.906392e-04   5.765538e-05   0.000000e+00   0.000000e+00   0.000000e+00   2.950852e-04
 2.733726e-05   4.329173e-04   0.000000e+00   5.765538e-05   8.289753e-04   0.000000e+00   0.000000e+00   0.000000e+00   2.134148e-03
 0.000000e+00   0.000000e+00   1.098456e-03   0.000000e+00   0.000000e+00   2.401228e-03   1.231829e-02  -1.229278e-02   0.000000e+00
 0.000000e+00   0.000000e+00   4.772267e-03   0.000000e+00   0.000000e+00   1.231829e-02   1.642188e-01  -9.831946e-02   0.000000e+00
 0.000000e+00   0.000000e+00  -4.512060e-03   0.000000e+00   0.000000e+00  -1.229278e-02  -9.831946e-02   1.214431e-01   0.000000e+00
 1.367967e-04   5.624434e-04   0.000000e+00   2.950852e-04   2.134148e-03   0.000000e+00   0.000000e+00   0.000000e+00   4.217134e-02

# timestamp: 1774889943.0382447
 8.839288e-04   1.380161e-05   0.000000e+00   2.374017e-04   2.917249e-05   0.000000e+00   0.000000e+00   0.000000e+00   1.440216e-04
 1.380161e-05   1.003649e-03   0.000000e+00   2.594238e-05   4.548424e-04   0.000000e+00   0.000000e+00   0.000000e+00   6.148203e-04
 0.000000e+00   0.000000e+00   1.329681e-03   0.000000e+00   0.000000e+00   1.169400e-03   5.070550e-03  -4.810491e-03   0.000000e+00
 2.374017e-04   2.594238e-05   0.000000e+00   3.932715e-04   5.940432e-05   0.000000e+00   0.000000e+00   0.000000e+00   3.113944e-04
 2.917249e-05   4.548424e-04   0.000000e+00   5.940432e-05   8.448798e-04   0.000000e+00   0.000000e+00   0.000000e+00   2.268506e-03
 0.000000e+00   0.000000e+00   1.169400e-03   0.000000e+00   0.000000e+00   2.470808e-03   1.255804e-02  -1.263362e-02   0.000000e+00
 0.000000e+00   0.000000e+00   5.070550e-03   0.000000e+00   0.000000e+00   1.255804e-02   1.666254e-01  -9.831946e-02   0.000000e+00
 0.000000e+00   0.000000e+00  -4.810491e-03   0.000000e+00   0.000000e+00  -1.263362e-02  -9.831946e-02   1.238497e-01   0.000000e+00
 1.440216e-04   6.148203e-04   0.000000e+00   3.113944e-04   2.268506e-03   0.000000e+00   0.000000e+00   0.000000e+00   4.457797e-02

# timestamp: 1774889943.0555236
 9.077783e-04   1.470632e-05   0.000000e+00   2.437910e-04   3.043710e-05   0.000000e+00   0.000000e+00   0.000000e+00   1.490802e-04
 1.470632e-05   1.034628e-03   0.000000e+00   2.706373e-05   4.698215e-04   0.000000e+00   0.000000e+00   0.000000e+00   6.517150e-04
 0.000000e+00   0.000000e+00   1.384154e-03   0.000000e+00   0.000000e+00   1.218270e-03   5.273391e-03  -5.014830e-03   0.000000e+00
 2.437910e-04   2.706373e-05   0.000000e+00   3.950396e-04   6.063142e-05   0.000000e+00   0.000000e+00   0.000000e+00   3.227986e-04
 3.043710e-05   4.698215e-04   0.000000e+00   6.063142e-05   8.559901e-04   0.000000e+00   0.000000e+00   0.000000e+00   2.362455e-03
 0.000000e+00   0.000000e+00   1.218270e-03   0.000000e+00   0.000000e+00   2.518438e-03   1.271796e-02  -1.286573e-02   0.000000e+00
 0.000000e+00   0.000000e+00   5.273391e-03   0.000000e+00   0.000000e+00   1.271796e-02   1.682356e-01  -9.831946e-02   0.000000e+00
 0.000000e+00   0.000000e+00  -5.014830e-03   0.000000e+00   0.000000e+00  -1.286573e-02  -9.831946e-02   1.254599e-01   0.000000e+00
 1.490802e-04   6.517150e-04   0.000000e+00   3.227986e-04   2.362455e-03   0.000000e+00   0.000000e+00   0.000000e+00   4.618815e-02

# timestamp: 1774889943.0794582
 9.548082e-04   1.657999e-05   0.000000e+00   2.563178e-04   3.298814e-05   0.000000e+00   0.000000e+00   0.000000e+00   1.594637e-04
 1.657999e-05   1.096349e-03   0.000000e+00   2.933239e-05   4.997368e-04   0.000000e+00   0.000000e+00   0.000000e+00   7.279502e-04
 0.000000e+00   0.000000e+00   1.494806e-03   0.000000e+00   0.000000e+00   1.316721e-03   5.675679e-03  -5.423441e-03   0.000000e+00
 2.563178e-04   2.933239e-05   0.000000e+00   3.984990e-04   6.315880e-05   0.000000e+00   0.000000e+00   0.000000e+00   3.461607e-04
 3.298814e-05   4.997368e-04   0.000000e+00   6.315880e-05   8.787605e-04   0.000000e+00   0.000000e+00   0.000000e+00   2.554915e-03
 0.000000e+00   0.000000e+00   1.316721e-03   0.000000e+00   0.000000e+00   2.613714e-03   1.302817e-02  -1.332718e-02   0.000000e+00
 0.000000e+00   0.000000e+00   5.675679e-03   0.000000e+00   0.000000e+00   1.302817e-02   1.713708e-01  -9.831946e-02   0.000000e+00
 0.000000e+00   0.000000e+00  -5.423441e-03   0.000000e+00   0.000000e+00  -1.332718e-02  -9.831946e-02   1.285951e-01   0.000000e+00
 1.594637e-04   7.279502e-04   0.000000e+00   3.461607e-04   2.554915e-03   0.000000e+00   0.000000e+00   0.000000e+00   4.932333e-02

# timestamp: 1774889943.3761506
 8.535395e-04   1.144119e-05   0.000000e+00   2.266988e-04   1.057860e-05   0.000000e+00   0.000000e+00   0.000000e+00  -2.251344e-04
 1.144119e-05   9.544547e-04   0.000000e+00   2.249590e-05   4.108778e-04   0.000000e+00   0.000000e+00   0.000000e+00   1.227290e-04
 0.000000e+00   0.000000e+00   1.273465e-03   0.000000e+00   0.000000e+00   1.123140e-03   5.616454e-03  -4.237387e-03   0.000000e+00
 2.266988e-04   2.249590e-05   0.000000e+00   3.890296e-04   5.259004e-05   0.000000e+00   0.000000e+00   0.000000e+00   1.844000e-04
 1.057860e-05   4.108778e-04   0.000000e+00   5.259004e-05   8.195593e-04   0.000000e+00   0.000000e+00   0.000000e+00   1.989056e-03
 0.000000e+00   0.000000e+00   1.123140e-03   0.000000e+00   0.000000e+00   2.484261e-03   1.335042e-02  -1.242848e-02   0.000000e+00
 0.000000e+00   0.000000e+00   5.616454e-03   0.000000e+00   0.000000e+00   1.335042e-02   1.698556e-01  -1.004007e-01   0.000000e+00
 0.000000e+00   0.000000e+00  -4.237387e-03   0.000000e+00   0.000000e+00  -1.242848e-02  -1.004007e-01   1.209109e-01   0.000000e+00
-2.251344e-04   1.227290e-04   0.000000e+00   1.844000e-04   1.989056e-03   0.000000e+00   0.000000e+00   0.000000e+00   4.194355e-02

# timestamp: 1774889943.4321585
 8.669410e-04   1.556660e-05   0.000000e+00   2.327663e-04   3.174125e-05   0.000000e+00   0.000000e+00   0.000000e+00   1.857316e-04
 1.556660e-05   9.818600e-04   0.000000e+00   2.753095e-05   4.486072e-04   0.000000e+00   0.000000e+00   0.000000e+00   6.735337e-04
 0.000000e+00   0.000000e+00   1.306892e-03   0.000000e+00   0.000000e+00   1.182366e-03   5.035493e-03  -4.993942e-03   0.000000e+00
 2.327663e-04   2.753095e-05   0.000000e+00   3.914556e-04   6.106837e-05   0.000000e+00   0.000000e+00   0.000000e+00   3.158890e-04
 3.174125e-05   4.486072e-04   0.000000e+00   6.106837e-05   8.517950e-04   0.000000e+00   0.000000e+00   0.000000e+00   2.302898e-03
 0.000000e+00   0.000000e+00   1.182366e-03   0.000000e+00   0.000000e+00   2.573978e-03   1.295489e-02  -1.329707e-02   0.000000e+00
 0.000000e+00   0.000000e+00   5.035493e-03   0.000000e+00   0.000000e+00   1.295489e-02   1.644050e-01  -1.004515e-01   0.000000e+00
 0.000000e+00   0.000000e+00  -4.993942e-03   0.000000e+00   0.000000e+00  -1.329707e-02  -1.004515e-01   1.268074e-01   0.000000e+00
 1.857316e-04   6.735337e-04   0.000000e+00   3.158890e-04   2.302898e-03   0.000000e+00   0.000000e+00   0.000000e+00   4.337020e-02

# timestamp: 1774889943.458555
 8.245183e-04   1.082385e-05   0.000000e+00   2.189646e-04   1.035206e-05   0.000000e+00   0.000000e+00   0.000000e+00  -2.207346e-04
 1.082385e-05   9.183202e-04   0.000000e+00   2.188442e-05   3.963266e-04   0.000000e+00   0.000000e+00   0.000000e+00   1.210946e-04
 0.000000e+00   0.000000e+00   1.218469e-03   0.000000e+00   0.000000e+00   1.087465e-03   5.425900e-03  -4.171742e-03   0.000000e+00
 2.189646e-04   2.188442e-05   0.000000e+00   3.868413e-04   5.216508e-05   0.000000e+00   0.000000e+00   0.000000e+00   1.781034e-04
 1.035206e-05   3.963266e-04   0.000000e+00   5.216508e-05   8.117509e-04   0.000000e+00   0.000000e+00   0.000000e+00   1.909852e-03
 0.000000e+00   0.000000e+00   1.087465e-03   0.000000e+00   0.000000e+00   2.477602e-03   1.328961e-02  -1.250125e-02   0.000000e+00
 0.000000e+00   0.000000e+00   5.425900e-03   0.000000e+00   0.000000e+00   1.328961e-02   1.664285e-01  -1.012485e-01   0.000000e+00
 0.000000e+00   0.000000e+00  -4.171742e-03   0.000000e+00   0.000000e+00  -1.250125e-02  -1.012485e-01   1.213191e-01   0.000000e+00
-2.207346e-04   1.210946e-04   0.000000e+00   1.781034e-04   1.909852e-03   0.000000e+00   0.000000e+00   0.000000e+00   4.003474e-02

# timestamp: 1774889943.6831126
 7.969359e-04   1.355528e-05   0.000000e+00   2.140004e-04   2.916163e-05   0.000000e+00   0.000000e+00   0.000000e+00   1.619666e-04
 1.355528e-05   8.930595e-04   0.000000e+00   2.560479e-05   4.082586e-04   0.000000e+00   0.000000e+00   0.000000e+00   5.584245e-04
 0.000000e+00   0.000000e+00   1.167408e-03   0.000000e+00   0.000000e+00   1.081833e-03   4.447198e-03  -4.668077e-03   0.000000e+00
 2.140004e-04   2.560479e-05   0.000000e+00   3.863592e-04   6.035865e-05   0.000000e+00   0.000000e+00   0.000000e+00   3.038330e-04
 2.916163e-05   4.082586e-04   0.000000e+00   6.035865e-05   8.302950e-04   0.000000e+00   0.000000e+00   0.000000e+00   2.063340e-03
 0.000000e+00   0.000000e+00   1.081833e-03   0.000000e+00   0.000000e+00   2.553539e-03   1.247044e-02  -1.349291e-02   0.000000e+00
 0.000000e+00   0.000000e+00   4.447198e-03   0.000000e+00   0.000000e+00   1.247044e-02   1.500229e-01  -1.003276e-01   0.000000e+00
 0.000000e+00   0.000000e+00  -4.668077e-03   0.000000e+00   0.000000e+00  -1.349291e-02  -1.003276e-01   1.293959e-01   0.000000e+00
 1.619666e-04   5.584245e-04   0.000000e+00   3.038330e-04   2.063340e-03   0.000000e+00   0.000000e+00   0.000000e+00   3.875861e-02

# timestamp: 1774889943.7091782
 8.510042e-04   1.571159e-05   0.000000e+00   2.287227e-04   3.233551e-05   0.000000e+00   0.000000e+00   0.000000e+00   1.738063e-04
 1.571159e-05   9.623949e-04   0.000000e+00   2.843114e-05   4.428710e-04   0.000000e+00   0.000000e+00   0.000000e+00   6.384719e-04
 0.000000e+00   0.000000e+00   1.290157e-03   0.000000e+00   0.000000e+00   1.200697e-03   4.919665e-03  -5.181500e-03   0.000000e+00
 2.287227e-04   2.843114e-05   0.000000e+00   3.906538e-04   6.384480e-05   0.000000e+00   0.000000e+00   0.000000e+00   3.388939e-04
 3.233551e-05   4.428710e-04   0.000000e+00   6.384480e-05   8.561955e-04   0.000000e+00   0.000000e+00   0.000000e+00   2.273835e-03
 0.000000e+00   0.000000e+00   1.200697e-03   0.000000e+00   0.000000e+00   2.676657e-03   1.285349e-02  -1.408129e-02   0.000000e+00
 0.000000e+00   0.000000e+00   4.919665e-03   0.000000e+00   0.000000e+00   1.285349e-02   1.537708e-01  -1.003276e-01   0.000000e+00
 0.000000e+00   0.000000e+00  -5.181500e-03   0.000000e+00   0.000000e+00  -1.408129e-02  -1.003276e-01   1.331437e-01   0.000000e+00
 1.738063e-04   6.384719e-04   0.000000e+00   3.388939e-04   2.273835e-03   0.000000e+00   0.000000e+00   0.000000e+00   4.250646e-02

# timestamp: 1774889943.739467
 8.898935e-04   1.737569e-05   0.000000e+00   2.392314e-04   3.470013e-05   0.000000e+00   0.000000e+00   0.000000e+00   1.830136e-04
 1.737569e-05   1.013000e-03   0.000000e+00   3.055457e-05   4.682025e-04   0.000000e+00   0.000000e+00   0.000000e+00   7.000875e-04
 0.000000e+00   0.000000e+00   1.382444e-03   0.000000e+00   0.000000e+00   1.288949e-03   5.262531e-03  -5.558251e-03   0.000000e+00
 2.392314e-04   3.055457e-05   0.000000e+00   3.937270e-04   6.653343e-05   0.000000e+00   0.000000e+00   0.000000e+00   3.655486e-04
 3.470013e-05   4.682025e-04   0.000000e+00   6.653343e-05   8.758509e-04   0.000000e+00   0.000000e+00   0.000000e+00   2.433861e-03
 0.000000e+00   0.000000e+00   1.288949e-03   0.000000e+00   0.000000e+00   2.766973e-03   1.312239e-02  -1.450843e-02   0.000000e+00
 0.000000e+00   0.000000e+00   5.262531e-03   0.000000e+00   0.000000e+00   1.312239e-02   1.564201e-01  -1.003276e-01   0.000000e+00
 0.000000e+00   0.000000e+00  -5.558251e-03   0.000000e+00   0.000000e+00  -1.450843e-02  -1.003276e-01   1.357930e-01   0.000000e+00
 1.830136e-04   7.000875e-04   0.000000e+00   3.655486e-04   2.433861e-03   0.000000e+00   0.000000e+00   0.000000e+00   4.515577e-02

# timestamp: 1774889943.7743561
 8.658361e-04   1.242006e-05   0.000000e+00   2.297107e-04   1.092763e-05   0.000000e+00   0.000000e+00   0.000000e+00  -2.422781e-04
 1.242006e-05   9.715012e-04   0.000000e+00   2.500295e-05   4.261131e-04   0.000000e+00   0.000000e+00   0.000000e+00   2.033613e-04
 0.000000e+00   0.000000e+00   1.341596e-03   0.000000e+00   0.000000e+00   1.243391e-03   5.926225e-03  -5.011136e-03   0.000000e+00
 2.297107e-04   2.500295e-05   0.000000e+00   3.901542e-04   5.754926e-05   0.000000e+00   0.000000e+00   0.000000e+00   2.319861e-04
 1.092763e-05   4.261131e-04   0.000000e+00   5.754926e-05   8.432058e-04   0.000000e+00   0.000000e+00   0.000000e+00   2.124214e-03
 0.000000e+00   0.000000e+00   1.243391e-03   0.000000e+00   0.000000e+00   2.726561e-03   1.369325e-02  -1.404504e-02   0.000000e+00
 0.000000e+00   0.000000e+00   5.926225e-03   0.000000e+00   0.000000e+00   1.369325e-02   1.594000e-01  -1.017743e-01   0.000000e+00
 0.000000e+00   0.000000e+00  -5.011136e-03   0.000000e+00   0.000000e+00  -1.404504e-02  -1.017743e-01   1.325527e-01   0.000000e+00
-2.422781e-04   2.033613e-04   0.000000e+00   2.319861e-04   2.124214e-03   0.000000e+00   0.000000e+00   0.000000e+00   4.312665e-02

# timestamp: 1774889944.018087
 8.498446e-04   1.692415e-05   0.000000e+00   2.285657e-04   3.457266e-05   0.000000e+00   0.000000e+00   0.000000e+00   2.043752e-04
 1.692415e-05   9.637056e-04   0.000000e+00   3.059094e-05   4.499114e-04   0.000000e+00   0.000000e+00   0.000000e+00   6.909007e-04
 0.000000e+00   0.000000e+00   1.318101e-03   0.000000e+00   0.000000e+00   1.274382e-03   4.949987e-03  -5.629887e-03   0.000000e+00
 2.285657e-04   3.059094e-05   0.000000e+00   3.912217e-04   6.903654e-05   0.000000e+00   0.000000e+00   0.000000e+00   3.759498e-04
 3.457266e-05   4.499114e-04   0.000000e+00   6.903654e-05   8.756207e-04   0.000000e+00   0.000000e+00   0.000000e+00   2.363980e-03
 0.000000e+00   0.000000e+00   1.274382e-03   0.000000e+00   0.000000e+00   2.864893e-03   1.295908e-02  -1.518514e-02   0.000000e+00
 0.000000e+00   0.000000e+00   4.949987e-03   0.000000e+00   0.000000e+00   1.295908e-02   1.455156e-01  -9.983937e-02   0.000000e+00
 0.000000e+00   0.000000e+00  -5.629887e-03   0.000000e+00   0.000000e+00  -1.518514e-02  -9.983937e-02   1.391514e-01   0.000000e+00
 2.043752e-04   6.909007e-04   0.000000e+00   3.759498e-04   2.363980e-03   0.000000e+00   0.000000e+00   0.000000e+00   4.236677e-02

# timestamp: 1774889944.0396147
 8.783946e-04   1.822624e-05   0.000000e+00   2.363065e-04   3.650821e-05   0.000000e+00   0.000000e+00   0.000000e+00   2.118210e-04
 1.822624e-05   1.001093e-03   0.000000e+00   3.225473e-05   4.690775e-04   0.000000e+00   0.000000e+00   0.000000e+00   7.377482e-04
 0.000000e+00   0.000000e+00   1.388539e-03   0.000000e+00   0.000000e+00   1.344614e-03   5.203947e-03  -5.928079e-03   0.000000e+00
 2.363065e-04   3.225473e-05   0.000000e+00   3.934959e-04   7.112089e-05   0.000000e+00   0.000000e+00   0.000000e+00   3.943886e-04
 3.650821e-05   4.690775e-04   0.000000e+00   7.112089e-05   8.909235e-04   0.000000e+00   0.000000e+00   0.000000e+00   2.484273e-03
 0.000000e+00   0.000000e+00   1.344614e-03   0.000000e+00   0.000000e+00   2.940420e-03   1.317212e-02  -1.552990e-02   0.000000e+00
 0.000000e+00   0.000000e+00   5.203947e-03   0.000000e+00   0.000000e+00   1.317212e-02   1.474646e-01  -9.983937e-02   0.000000e+00
 0.000000e+00   0.000000e+00  -5.928079e-03   0.000000e+00   0.000000e+00  -1.552990e-02  -9.983937e-02   1.411005e-01   0.000000e+00
 2.118210e-04   7.377482e-04   0.000000e+00   3.943886e-04   2.484273e-03   0.000000e+00   0.000000e+00   0.000000e+00   4.431580e-02

# timestamp: 1774889944.0825984
 8.716398e-04   1.311018e-05   0.000000e+00   2.311355e-04   1.246490e-05   0.000000e+00   0.000000e+00   0.000000e+00  -2.166795e-04
 1.311018e-05   9.815046e-04   0.000000e+00   2.700406e-05   4.365517e-04   0.000000e+00   0.000000e+00   0.000000e+00   2.510314e-04
 0.000000e+00   0.000000e+00   1.375840e-03   0.000000e+00   0.000000e+00   1.314772e-03   5.915080e-03  -5.357991e-03   0.000000e+00
 2.311355e-04   2.700406e-05   0.000000e+00   3.911048e-04   6.277012e-05   0.000000e+00   0.000000e+00   0.000000e+00   2.679245e-04
 1.246490e-05   4.365517e-04   0.000000e+00   6.277012e-05   8.658662e-04   0.000000e+00   0.000000e+00   0.000000e+00   2.234649e-03
 0.000000e+00   0.000000e+00   1.314772e-03   0.000000e+00   0.000000e+00   2.906376e-03   1.377671e-02  -1.497401e-02   0.000000e+00
 0.000000e+00   0.000000e+00   5.915080e-03   0.000000e+00   0.000000e+00   1.377671e-02   1.519783e-01  -1.005378e-01   0.000000e+00
 0.000000e+00   0.000000e+00  -5.357991e-03   0.000000e+00   0.000000e+00  -1.497401e-02  -1.005378e-01   1.368143e-01   0.000000e+00
-2.166795e-04   2.510314e-04   0.000000e+00   2.679245e-04   2.234649e-03   0.000000e+00   0.000000e+00   0.000000e+00   4.340010e-02

# timestamp: 1774889944.1079993
 8.397357e-04   1.712340e-05   0.000000e+00   2.259958e-04   3.544149e-05   0.000000e+00   0.000000e+00   0.000000e+00   2.286698e-04
 1.712340e-05   9.514580e-04   0.000000e+00   3.086009e-05   4.460632e-04   0.000000e+00   0.000000e+00   0.000000e+00   6.996887e-04
 0.000000e+00   0.000000e+00   1.299546e-03   0.000000e+00   0.000000e+00   1.267785e-03   4.801312e-03  -5.614037e-03   0.000000e+00
 2.259958e-04   3.086009e-05   0.000000e+00   3.907347e-04   7.042247e-05   0.000000e+00   0.000000e+00   0.000000e+00   3.862387e-04
 3.544149e-05   4.460632e-04   0.000000e+00   7.042247e-05   8.778769e-04   0.000000e+00   0.000000e+00   0.000000e+00   2.359375e-03
 0.000000e+00   0.000000e+00   1.267785e-03   0.000000e+00   0.000000e+00   2.891912e-03   1.284918e-02  -1.532787e-02   0.000000e+00
 0.000000e+00   0.000000e+00   4.801312e-03   0.000000e+00   0.000000e+00   1.284918e-02   1.423017e-01  -9.912374e-02   0.000000e+00
 0.000000e+00   0.000000e+00  -5.614037e-03   0.000000e+00   0.000000e+00  -1.532787e-02  -9.912374e-02   1.394719e-01   0.000000e+00
 2.286698e-04   6.996887e-04   0.000000e+00   3.862387e-04   2.359375e-03   0.000000e+00   0.000000e+00   0.000000e+00   4.168150e-02

# timestamp: 1774889944.3419344
 8.951383e-04   2.023147e-05   0.000000e+00   2.413786e-04   4.087393e-05   0.000000e+00   0.000000e+00   0.000000e+00   2.291744e-04
 2.023147e-05   1.026032e-03   0.000000e+00   3.561797e-05   4.878979e-04   0.000000e+00   0.000000e+00   0.000000e+00   7.635994e-04
 0.000000e+00   0.000000e+00   1.449620e-03   0.000000e+00   0.000000e+00   1.439214e-03   5.255548e-03  -6.261092e-03   0.000000e+00
 2.413786e-04   3.561797e-05   0.000000e+00   3.959333e-04   7.854583e-05   0.000000e+00   0.000000e+00   0.000000e+00   4.395961e-04
 4.087393e-05   4.878979e-04   0.000000e+00   7.854583e-05   9.201291e-04   0.000000e+00   0.000000e+00   0.000000e+00   2.615173e-03
 0.000000e+00   0.000000e+00   1.439214e-03   0.000000e+00   0.000000e+00   3.133277e-03   1.320386e-02  -1.633578e-02   0.000000e+00
 0.000000e+00   0.000000e+00   5.255548e-03   0.000000e+00   0.000000e+00   1.320386e-02   1.418386e-01  -9.738967e-02   0.000000e+00
 0.000000e+00   0.000000e+00  -6.261092e-03   0.000000e+00   0.000000e+00  -1.633578e-02  -9.738967e-02   1.441637e-01   0.000000e+00
 2.291744e-04   7.635994e-04   0.000000e+00   4.395961e-04   2.615173e-03   0.000000e+00   0.000000e+00   0.000000e+00   4.553041e-02

# timestamp: 1774889944.3860984
 8.177137e-04   1.624410e-05   0.000000e+00   2.202987e-04   3.500648e-05   0.000000e+00   0.000000e+00   0.000000e+00   1.669554e-04
 1.624410e-05   9.248996e-04   0.000000e+00   3.110473e-05   4.362411e-04   0.000000e+00   0.000000e+00   0.000000e+00   5.899444e-04
 0.000000e+00   0.000000e+00   1.259299e-03   0.000000e+00   0.000000e+00   1.252688e-03   4.637171e-03  -5.383396e-03   0.000000e+00
 2.202987e-04   3.110473e-05   0.000000e+00   3.898038e-04   7.353500e-05   0.000000e+00   0.000000e+00   0.000000e+00   3.765588e-04
 3.500648e-05   4.362411e-04   0.000000e+00   7.353500e-05   8.819201e-04   0.000000e+00   0.000000e+00   0.000000e+00   2.270958e-03
 0.000000e+00   0.000000e+00   1.252688e-03   0.000000e+00   0.000000e+00   2.952970e-03   1.272043e-02  -1.539287e-02   0.000000e+00
 0.000000e+00   0.000000e+00   4.637171e-03   0.000000e+00   0.000000e+00   1.272043e-02   1.361951e-01  -9.676891e-02   0.000000e+00
 0.000000e+00   0.000000e+00  -5.383396e-03   0.000000e+00   0.000000e+00  -1.539287e-02  -9.676891e-02   1.379576e-01   0.000000e+00
 1.669554e-04   5.899444e-04   0.000000e+00   3.765588e-04   2.270958e-03   0.000000e+00   0.000000e+00   0.000000e+00   4.023216e-02

# timestamp: 1774889944.405404
 8.307916e-04   1.684882e-05   0.000000e+00   2.238710e-04   3.589434e-05   0.000000e+00   0.000000e+00   0.000000e+00   1.703655e-04
 1.684882e-05   9.419289e-04   0.000000e+00   3.189280e-05   4.450311e-04   0.000000e+00   0.000000e+00   0.000000e+00   6.105098e-04
 0.000000e+00   0.000000e+00   1.291286e-03   0.000000e+00   0.000000e+00   1.285682e-03   4.752366e-03  -5.522791e-03   0.000000e+00
 2.238710e-04   3.189280e-05   0.000000e+00   3.908617e-04   7.449062e-05   0.000000e+00   0.000000e+00   0.000000e+00   3.847892e-04
 3.589434e-05   4.450311e-04   0.000000e+00   7.449062e-05   8.888123e-04   0.000000e+00   0.000000e+00   0.000000e+00   2.324548e-03
 0.000000e+00   0.000000e+00   1.285682e-03   0.000000e+00   0.000000e+00   2.989081e-03   1.281906e-02  -1.555441e-02   0.000000e+00
 0.000000e+00   0.000000e+00   4.752366e-03   0.000000e+00   0.000000e+00   1.281906e-02   1.371007e-01  -9.676891e-02   0.000000e+00
 0.000000e+00   0.000000e+00  -5.522791e-03   0.000000e+00   0.000000e+00  -1.555441e-02  -9.676891e-02   1.388632e-01   0.000000e+00
 1.703655e-04   6.105098e-04   0.000000e+00   3.847892e-04   2.324548e-03   0.000000e+00   0.000000e+00   0.000000e+00   4.113774e-02

# timestamp: 1774889944.4396806
 8.865416e-04   1.956079e-05   0.000000e+00   2.390245e-04   3.977497e-05   0.000000e+00   0.000000e+00   0.000000e+00   1.854914e-04
 1.956079e-05   1.015353e-03   0.000000e+00   3.534959e-05   4.830123e-04   0.000000e+00   0.000000e+00   0.000000e+00   7.021039e-04
 0.000000e+00   0.000000e+00   1.432477e-03   0.000000e+00   0.000000e+00   1.429798e-03   5.246148e-03  -6.124343e-03   0.000000e+00
 2.390245e-04   3.534959e-05   0.000000e+00   3.953515e-04   7.875727e-05   0.000000e+00   0.000000e+00   0.000000e+00   4.215694e-04
 3.977497e-05   4.830123e-04   0.000000e+00   7.875727e-05   9.194129e-04   0.000000e+00   0.000000e+00   0.000000e+00   2.564034e-03
 0.000000e+00   0.000000e+00   1.429798e-03   0.000000e+00   0.000000e+00   3.145300e-03   1.323201e-02  -1.624818e-02   0.000000e+00
 0.000000e+00   0.000000e+00   5.246148e-03   0.000000e+00   0.000000e+00   1.323201e-02   1.409118e-01  -9.676891e-02   0.000000e+00
 0.000000e+00   0.000000e+00  -6.124343e-03   0.000000e+00   0.000000e+00  -1.624818e-02  -9.676891e-02   1.426743e-01   0.000000e+00
 1.854914e-04   7.021039e-04   0.000000e+00   4.215694e-04   2.564034e-03   0.000000e+00   0.000000e+00   0.000000e+00   4.494886e-02

# timestamp: 1774889944.6732204
 8.557837e-04   1.536960e-05   0.000000e+00   2.274900e-04   1.731889e-05   0.000000e+00   0.000000e+00   0.000000e+00  -2.117537e-04
 1.536960e-05   9.670868e-04   0.000000e+00   2.942586e-05   4.360524e-04   0.000000e+00   0.000000e+00   0.000000e+00   1.430009e-04
 0.000000e+00   0.000000e+00   1.333309e-03   0.000000e+00   0.000000e+00   1.283930e-03   5.458203e-03  -4.671744e-03   0.000000e+00
 2.274900e-04   2.942586e-05   0.000000e+00   3.908941e-04   6.971520e-05   0.000000e+00   0.000000e+00   0.000000e+00   2.596234e-04
 1.731889e-05   4.360524e-04   0.000000e+00   6.971520e-05   8.897767e-04   0.000000e+00   0.000000e+00   0.000000e+00   2.202893e-03
 0.000000e+00   0.000000e+00   1.283930e-03   0.000000e+00   0.000000e+00   2.950770e-03   1.341115e-02  -1.414722e-02   0.000000e+00
 0.000000e+00   0.000000e+00   5.458203e-03   0.000000e+00   0.000000e+00   1.341115e-02   1.471365e-01  -9.281320e-02   0.000000e+00
 0.000000e+00   0.000000e+00  -4.671744e-03   0.000000e+00   0.000000e+00  -1.414722e-02  -9.281320e-02   1.246274e-01   0.000000e+00
-2.117537e-04   1.430009e-04   0.000000e+00   2.596234e-04   2.202893e-03   0.000000e+00   0.000000e+00   0.000000e+00   4.220984e-02

# timestamp: 1774889944.701072
 8.290410e-04   1.764131e-05   0.000000e+00   2.231657e-04   3.654052e-05   0.000000e+00   0.000000e+00   0.000000e+00   1.599162e-04
 1.764131e-05   9.435990e-04   0.000000e+00   3.315982e-05   4.516719e-04   0.000000e+00   0.000000e+00   0.000000e+00   6.459652e-04
 0.000000e+00   0.000000e+00   1.301963e-03   0.000000e+00   0.000000e+00   1.305298e-03   4.949115e-03  -5.331854e-03   0.000000e+00
 2.231657e-04   3.315982e-05   0.000000e+00   3.904967e-04   7.623404e-05   0.000000e+00   0.000000e+00   0.000000e+00   3.551928e-04
 3.654052e-05   4.516719e-04   0.000000e+00   7.623404e-05   9.063589e-04   0.000000e+00   0.000000e+00   0.000000e+00   2.367192e-03
 0.000000e+00   0.000000e+00   1.305298e-03   0.000000e+00   0.000000e+00   3.012340e-03   1.318067e-02  -1.479546e-02   0.000000e+00
 0.000000e+00   0.000000e+00   4.949115e-03   0.000000e+00   0.000000e+00   1.318067e-02   1.442190e-01  -9.430682e-02   0.000000e+00
 0.000000e+00   0.000000e+00  -5.331854e-03   0.000000e+00   0.000000e+00  -1.479546e-02  -9.430682e-02   1.272489e-01   0.000000e+00
 1.599162e-04   6.459652e-04   0.000000e+00   3.551928e-04   2.367192e-03   0.000000e+00   0.000000e+00   0.000000e+00   4.094005e-02

# timestamp: 1774889944.7209089
 8.599127e-04   1.915994e-05   0.000000e+00   2.315353e-04   3.867517e-05   0.000000e+00   0.000000e+00   0.000000e+00   1.675446e-04
 1.915994e-05   9.844310e-04   0.000000e+00   3.499965e-05   4.731168e-04   0.000000e+00   0.000000e+00   0.000000e+00   6.971003e-04
 0.000000e+00   0.000000e+00   1.380165e-03   0.000000e+00   0.000000e+00   1.385188e-03   5.230549e-03  -5.648394e-03   0.000000e+00
 2.315353e-04   3.499965e-05   0.000000e+00   3.928413e-04   7.808613e-05   0.000000e+00   0.000000e+00   0.000000e+00   3.682178e-04
 3.867517e-05   4.731168e-04   0.000000e+00   7.808613e-05   9.233318e-04   0.000000e+00   0.000000e+00   0.000000e+00   2.496558e-03
 0.000000e+00   0.000000e+00   1.385188e-03   0.000000e+00   0.000000e+00   3.097760e-03   1.342390e-02  -1.515941e-02   0.000000e+00
 0.000000e+00   0.000000e+00   5.230549e-03   0.000000e+00   0.000000e+00   1.342390e-02   1.463413e-01  -9.430682e-02   0.000000e+00
 0.000000e+00   0.000000e+00  -5.648394e-03   0.000000e+00   0.000000e+00  -1.515941e-02  -9.430682e-02   1.293712e-01   0.000000e+00
 1.675446e-04   6.971003e-04   0.000000e+00   3.682178e-04   2.496558e-03   0.000000e+00   0.000000e+00   0.000000e+00   4.306229e-02

# timestamp: 1774889944.753914
 9.069107e-04   2.159805e-05   0.000000e+00   2.441990e-04   4.199686e-05   0.000000e+00   0.000000e+00   0.000000e+00   1.794887e-04
 2.159805e-05   1.047429e-03   0.000000e+00   3.786375e-05   5.062810e-04   0.000000e+00   0.000000e+00   0.000000e+00   7.787664e-04
 0.000000e+00   0.000000e+00   1.503928e-03   0.000000e+00   0.000000e+00   1.510096e-03   5.661925e-03  -6.137071e-03   0.000000e+00
 2.441990e-04   3.786375e-05   0.000000e+00   3.963755e-04   8.102027e-05   0.000000e+00   0.000000e+00   0.000000e+00   3.890701e-04
 4.199686e-05   5.062810e-04   0.000000e+00   8.102027e-05   9.503396e-04   0.000000e+00   0.000000e+00   0.000000e+00   2.703664e-03
 0.000000e+00   0.000000e+00   1.510096e-03   0.000000e+00   0.000000e+00   3.229893e-03   1.378760e-02  -1.571856e-02   0.000000e+00
 0.000000e+00   0.000000e+00   5.661925e-03   0.000000e+00   0.000000e+00   1.378760e-02   1.495261e-01  -9.430682e-02   0.000000e+00
 0.000000e+00   0.000000e+00  -6.137071e-03   0.000000e+00   0.000000e+00  -1.571856e-02  -9.430682e-02   1.325560e-01   0.000000e+00
 1.794887e-04   7.787664e-04   0.000000e+00   3.890701e-04   2.703664e-03   0.000000e+00   0.000000e+00   0.000000e+00   4.624710e-02

# timestamp: 1774889944.979419
 8.756033e-04   1.719260e-05   0.000000e+00   2.332504e-04   1.948966e-05   0.000000e+00   0.000000e+00   0.000000e+00  -2.106841e-04
 1.719260e-05   9.962094e-04   0.000000e+00   3.088950e-05   4.524287e-04   0.000000e+00   0.000000e+00   0.000000e+00   1.152914e-04
 0.000000e+00   0.000000e+00   1.372785e-03   0.000000e+00   0.000000e+00   1.294987e-03   5.680471e-03  -4.168386e-03   0.000000e+00
 2.332504e-04   3.088950e-05   0.000000e+00   3.913013e-04   6.708213e-05   0.000000e+00   0.000000e+00   0.000000e+00   1.874011e-04
 1.948966e-05   4.524287e-04   0.000000e+00   6.708213e-05   9.098169e-04   0.000000e+00   0.000000e+00   0.000000e+00   2.264413e-03
 0.000000e+00   0.000000e+00   1.294987e-03   0.000000e+00   0.000000e+00   2.882980e-03   1.362433e-02  -1.259638e-02   0.000000e+00
 0.000000e+00   0.000000e+00   5.680471e-03   0.000000e+00   0.000000e+00   1.362433e-02   1.589596e-01  -8.668058e-02   0.000000e+00
 0.000000e+00   0.000000e+00  -4.168386e-03   0.000000e+00   0.000000e+00  -1.259638e-02  -8.668058e-02   1.089521e-01   0.000000e+00
-2.106841e-04   1.152914e-04   0.000000e+00   1.874011e-04   2.264413e-03   0.000000e+00   0.000000e+00   0.000000e+00   4.356125e-02

# timestamp: 1774889945.0095978
 8.519791e-04   1.919698e-05   0.000000e+00   2.289370e-04   3.805689e-05   0.000000e+00   0.000000e+00   0.000000e+00   1.487457e-04
 1.919698e-05   9.773358e-04   0.000000e+00   3.394000e-05   4.733434e-04   0.000000e+00   0.000000e+00   0.000000e+00   6.830257e-04
 0.000000e+00   0.000000e+00   1.346455e-03   0.000000e+00   0.000000e+00   1.320570e-03   5.171920e-03  -4.901784e-03   0.000000e+00
 2.289370e-04   3.394000e-05   0.000000e+00   3.906397e-04   7.309556e-05   0.000000e+00   0.000000e+00   0.000000e+00   2.842526e-04
 3.805689e-05   4.733434e-04   0.000000e+00   7.309556e-05   9.309909e-04   0.000000e+00   0.000000e+00   0.000000e+00   2.470172e-03
 0.000000e+00   0.000000e+00   1.320570e-03   0.000000e+00   0.000000e+00   2.944828e-03   1.339074e-02  -1.329286e-02   0.000000e+00
 0.000000e+00   0.000000e+00   5.171920e-03   0.000000e+00   0.000000e+00   1.339074e-02   1.560983e-01  -8.859474e-02   0.000000e+00
 0.000000e+00   0.000000e+00  -4.901784e-03   0.000000e+00   0.000000e+00  -1.329286e-02  -8.859474e-02   1.117683e-01   0.000000e+00
 1.487457e-04   6.830257e-04   0.000000e+00   2.842526e-04   2.470172e-03   0.000000e+00   0.000000e+00   0.000000e+00   4.245762e-02

# timestamp: 1774889945.0390704
 8.865609e-04   2.094004e-05   0.000000e+00   2.382180e-04   4.030946e-05   0.000000e+00   0.000000e+00   0.000000e+00   1.555230e-04
 2.094004e-05   1.023778e-03   0.000000e+00   3.583972e-05   4.978972e-04   0.000000e+00   0.000000e+00   0.000000e+00   7.423936e-04
 0.000000e+00   0.000000e+00   1.434172e-03   0.000000e+00   0.000000e+00   1.406715e-03   5.489604e-03  -5.217918e-03   0.000000e+00
 2.382180e-04   3.583972e-05   0.000000e+00   3.931287e-04   7.465256e-05   0.000000e+00   0.000000e+00   0.000000e+00   2.942957e-04
 4.030946e-05   4.978972e-04   0.000000e+00   7.465256e-05   9.505311e-04   0.000000e+00   0.000000e+00   0.000000e+00   2.618894e-03
 0.000000e+00   0.000000e+00   1.406715e-03   0.000000e+00   0.000000e+00   3.032025e-03   1.365399e-02  -1.365545e-02   0.000000e+00
 0.000000e+00   0.000000e+00   5.489604e-03   0.000000e+00   0.000000e+00   1.365399e-02   1.584554e-01  -8.859474e-02   0.000000e+00
 0.000000e+00   0.000000e+00  -5.217918e-03   0.000000e+00   0.000000e+00  -1.365545e-02  -8.859474e-02   1.141254e-01   0.000000e+00
 1.555230e-04   7.423936e-04   0.000000e+00   2.942957e-04   2.618894e-03   0.000000e+00   0.000000e+00   0.000000e+00   4.481473e-02

# timestamp: 1774889945.0655048
 8.550083e-04   1.654928e-05   0.000000e+00   2.277613e-04   1.953339e-05   0.000000e+00   0.000000e+00   0.000000e+00  -1.961066e-04
 1.654928e-05   9.704873e-04   0.000000e+00   2.986054e-05   4.411081e-04   0.000000e+00   0.000000e+00   0.000000e+00   9.597079e-05
 0.000000e+00   0.000000e+00   1.316949e-03   0.000000e+00   0.000000e+00   1.230395e-03   5.443691e-03  -3.811326e-03   0.000000e+00
 2.277613e-04   2.986054e-05   0.000000e+00   3.893886e-04   6.491176e-05   0.000000e+00   0.000000e+00   0.000000e+00   1.644583e-04
 1.953339e-05   4.411081e-04   0.000000e+00   6.491176e-05   9.035244e-04   0.000000e+00   0.000000e+00   0.000000e+00   2.184793e-03
 0.000000e+00   0.000000e+00   1.230395e-03   0.000000e+00   0.000000e+00   2.787438e-03   1.341253e-02  -1.188271e-02   0.000000e+00
 0.000000e+00   0.000000e+00   5.443691e-03   0.000000e+00   0.000000e+00   1.341253e-02   1.606187e-01  -8.495854e-02   0.000000e+00
 0.000000e+00   0.000000e+00  -3.811326e-03   0.000000e+00   0.000000e+00  -1.188271e-02  -8.495854e-02   1.031232e-01   0.000000e+00
-1.961066e-04   9.597079e-05   0.000000e+00   1.644583e-04   2.184793e-03   0.000000e+00   0.000000e+00   0.000000e+00   4.202091e-02

# timestamp: 1774889945.307168
 8.261730e-04   1.803703e-05   0.000000e+00   2.214045e-04   3.527717e-05   0.000000e+00   0.000000e+00   0.000000e+00   1.329112e-04
 1.803703e-05   9.470141e-04   0.000000e+00   3.149936e-05   4.621932e-04   0.000000e+00   0.000000e+00   0.000000e+00   6.918304e-04
 0.000000e+00   0.000000e+00   1.276852e-03   0.000000e+00   0.000000e+00   1.225052e-03   5.027635e-03  -4.293326e-03   0.000000e+00
 2.214045e-04   3.149936e-05   0.000000e+00   3.872049e-04   6.657471e-05   0.000000e+00   0.000000e+00   0.000000e+00   2.251887e-04
 3.527717e-05   4.621932e-04   0.000000e+00   6.657471e-05   9.280901e-04   0.000000e+00   0.000000e+00   0.000000e+00   2.389458e-03
 0.000000e+00   0.000000e+00   1.225052e-03   0.000000e+00   0.000000e+00   2.755830e-03   1.322716e-02  -1.174720e-02   0.000000e+00
 0.000000e+00   0.000000e+00   5.027635e-03   0.000000e+00   0.000000e+00   1.322716e-02   1.651142e-01  -8.501463e-02   0.000000e+00
 0.000000e+00   0.000000e+00  -4.293326e-03   0.000000e+00   0.000000e+00  -1.174720e-02  -8.501463e-02   9.899251e-02   0.000000e+00
 1.329112e-04   6.918304e-04   0.000000e+00   2.251887e-04   2.389458e-03   0.000000e+00   0.000000e+00   0.000000e+00   4.071405e-02

# timestamp: 1774889945.33155
 8.765907e-04   2.043822e-05   0.000000e+00   2.348999e-04   3.827272e-05   0.000000e+00   0.000000e+00   0.000000e+00   1.407580e-04
 2.043822e-05   1.014847e-03   0.000000e+00   3.389201e-05   4.983448e-04   0.000000e+00   0.000000e+00   0.000000e+00   7.771507e-04
 0.000000e+00   0.000000e+00   1.400165e-03   0.000000e+00   0.000000e+00   1.343715e-03   5.490577e-03  -4.706086e-03   0.000000e+00
 2.348999e-04   3.389201e-05   0.000000e+00   3.907102e-04   6.792238e-05   0.000000e+00   0.000000e+00   0.000000e+00   2.292752e-04
 3.827272e-05   4.983448e-04   0.000000e+00   6.792238e-05   9.559193e-04   0.000000e+00   0.000000e+00   0.000000e+00   2.599208e-03
 0.000000e+00   0.000000e+00   1.343715e-03   0.000000e+00   0.000000e+00   2.873911e-03   1.362667e-02  -1.223364e-02   0.000000e+00
 0.000000e+00   0.000000e+00   5.490577e-03   0.000000e+00   0.000000e+00   1.362667e-02   1.685763e-01  -8.501463e-02   0.000000e+00
 0.000000e+00   0.000000e+00  -4.706086e-03   0.000000e+00   0.000000e+00  -1.223364e-02  -8.501463e-02   1.024546e-01   0.000000e+00
 1.407580e-04   7.771507e-04   0.000000e+00   2.292752e-04   2.599208e-03   0.000000e+00   0.000000e+00   0.000000e+00   4.417613e-02

# timestamp: 1774889945.3605623
 9.115916e-04   2.218823e-05   0.000000e+00   2.441928e-04   4.036971e-05   0.000000e+00   0.000000e+00   0.000000e+00   1.462067e-04
 2.218823e-05   1.062677e-03   0.000000e+00   3.555999e-05   5.238764e-04   0.000000e+00   0.000000e+00   0.000000e+00   8.398435e-04
 0.000000e+00   0.000000e+00   1.489291e-03   0.000000e+00   0.000000e+00   1.428391e-03   5.815182e-03  -4.998254e-03   0.000000e+00
 2.441928e-04   3.555999e-05   0.000000e+00   3.931067e-04   6.886720e-05   0.000000e+00   0.000000e+00   0.000000e+00   2.322529e-04
 4.036971e-05   5.238764e-04   0.000000e+00   6.886720e-05   9.761555e-04   0.000000e+00   0.000000e+00   0.000000e+00   2.752042e-03
 0.000000e+00   0.000000e+00   1.428391e-03   0.000000e+00   0.000000e+00   2.957348e-03   1.389956e-02  -1.257560e-02   0.000000e+00
 0.000000e+00   0.000000e+00   5.815182e-03   0.000000e+00   0.000000e+00   1.389956e-02   1.709427e-01  -8.501463e-02   0.000000e+00
 0.000000e+00   0.000000e+00  -4.998254e-03   0.000000e+00   0.000000e+00  -1.257560e-02  -8.501463e-02   1.048210e-01   0.000000e+00
 1.462067e-04   8.398435e-04   0.000000e+00   2.322529e-04   2.752042e-03   0.000000e+00   0.000000e+00   0.000000e+00   4.654253e-02

# timestamp: 1774889945.398415
 8.349396e-04   1.827997e-05   0.000000e+00   2.234678e-04   3.503472e-05   0.000000e+00   0.000000e+00   0.000000e+00   1.291000e-04
 1.827997e-05   9.599858e-04   0.000000e+00   3.088875e-05   4.704104e-04   0.000000e+00   0.000000e+00   0.000000e+00   7.160065e-04
 0.000000e+00   0.000000e+00   1.291424e-03   0.000000e+00   0.000000e+00   1.225562e-03   5.100871e-03  -4.152753e-03   0.000000e+00
 2.234678e-04   3.088875e-05   0.000000e+00   3.870367e-04   6.307236e-05   0.000000e+00   0.000000e+00   0.000000e+00   1.868526e-04
 3.503472e-05   4.704104e-04   0.000000e+00   6.307236e-05   9.351538e-04   0.000000e+00   0.000000e+00   0.000000e+00   2.424416e-03
 0.000000e+00   0.000000e+00   1.225562e-03   0.000000e+00   0.000000e+00   2.717828e-03   1.327540e-02  -1.123532e-02   0.000000e+00
 0.000000e+00   0.000000e+00   5.100871e-03   0.000000e+00   0.000000e+00   1.327540e-02   1.700750e-01  -8.252010e-02   0.000000e+00
 0.000000e+00   0.000000e+00  -4.152753e-03   0.000000e+00   0.000000e+00  -1.123532e-02  -8.252010e-02   9.441088e-02   0.000000e+00
 1.291000e-04   7.160065e-04   0.000000e+00   1.868526e-04   2.424416e-03   0.000000e+00   0.000000e+00   0.000000e+00   4.131273e-02

# timestamp: 1774889945.6555097
 8.981907e-04   2.048609e-05   0.000000e+00   2.398445e-04   3.663648e-05   0.000000e+00   0.000000e+00   0.000000e+00   1.199162e-04
 2.048609e-05   1.047194e-03   0.000000e+00   3.070550e-05   5.169574e-04   0.000000e+00   0.000000e+00   0.000000e+00   7.864235e-04
 0.000000e+00   0.000000e+00   1.417950e-03   0.000000e+00   0.000000e+00   1.304031e-03   5.524014e-03  -4.079253e-03   0.000000e+00
 2.398445e-04   3.070550e-05   0.000000e+00   3.900387e-04   5.540090e-05   0.000000e+00   0.000000e+00   0.000000e+00   1.126790e-04
 3.663648e-05   5.169574e-04   0.000000e+00   5.540090e-05   9.671355e-04   0.000000e+00   0.000000e+00   0.000000e+00   2.630821e-03
 0.000000e+00   0.000000e+00   1.304031e-03   0.000000e+00   0.000000e+00   2.700439e-03   1.351361e-02  -1.054086e-02   0.000000e+00
 0.000000e+00   0.000000e+00   5.524014e-03   0.000000e+00   0.000000e+00   1.351361e-02   1.819267e-01  -7.731529e-02   0.000000e+00
 0.000000e+00   0.000000e+00  -4.079253e-03   0.000000e+00   0.000000e+00  -1.054086e-02  -7.731529e-02   8.983530e-02   0.000000e+00
 1.199162e-04   7.864235e-04   0.000000e+00   1.126790e-04   2.630821e-03   0.000000e+00   0.000000e+00   0.000000e+00   4.574292e-02

# timestamp: 1774889945.6953733
 8.105031e-04   1.649768e-05   0.000000e+00   2.162576e-04   3.181621e-05   0.000000e+00   0.000000e+00   0.000000e+00   1.193531e-04
 1.649768e-05   9.291389e-04   0.000000e+00   2.625484e-05   4.544527e-04   0.000000e+00   0.000000e+00   0.000000e+00   6.388770e-04
 0.000000e+00   0.000000e+00   1.202615e-03   0.000000e+00   0.000000e+00   1.092493e-03   4.636715e-03  -3.341288e-03   0.000000e+00
 2.162576e-04   2.625484e-05   0.000000e+00   3.834433e-04   5.089465e-05   0.000000e+00   0.000000e+00   0.000000e+00   9.589421e-05
 3.181621e-05   4.544527e-04   0.000000e+00   5.089465e-05   9.194955e-04   0.000000e+00   0.000000e+00   0.000000e+00   2.260851e-03
 0.000000e+00   0.000000e+00   1.092493e-03   0.000000e+00   0.000000e+00   2.474275e-03   1.277989e-02  -9.541947e-03   0.000000e+00
 0.000000e+00   0.000000e+00   4.636715e-03   0.000000e+00   0.000000e+00   1.277989e-02   1.781363e-01  -7.682653e-02   0.000000e+00
 0.000000e+00   0.000000e+00  -3.341288e-03   0.000000e+00   0.000000e+00  -9.541947e-03  -7.682653e-02   8.241492e-02   0.000000e+00
 1.193531e-04   6.388770e-04   0.000000e+00   9.589421e-05   2.260851e-03   0.000000e+00   0.000000e+00   0.000000e+00   3.965021e-02

# timestamp: 1774889945.7260518
 8.697651e-04   1.896877e-05   0.000000e+00   2.320535e-04   3.457324e-05   0.000000e+00   0.000000e+00   0.000000e+00   1.232681e-04
 1.896877e-05   1.008909e-03   0.000000e+00   2.833439e-05   4.963884e-04   0.000000e+00   0.000000e+00   0.000000e+00   7.347166e-04
 0.000000e+00   0.000000e+00   1.337686e-03   0.000000e+00   0.000000e+00   1.215155e-03   5.165822e-03  -3.738491e-03   0.000000e+00
 2.320535e-04   2.833439e-05   0.000000e+00   3.875324e-04   5.138367e-05   0.000000e+00   0.000000e+00   0.000000e+00   9.528181e-05
 3.457324e-05   4.963884e-04   0.000000e+00   5.138367e-05   9.495988e-04   0.000000e+00   0.000000e+00   0.000000e+00   2.492381e-03
 0.000000e+00   0.000000e+00   1.215155e-03   0.000000e+00   0.000000e+00   2.585780e-03   1.320318e-02  -1.000875e-02   0.000000e+00
 0.000000e+00   0.000000e+00   5.165822e-03   0.000000e+00   0.000000e+00   1.320318e-02   1.822282e-01  -7.682653e-02   0.000000e+00
 0.000000e+00   0.000000e+00  -3.738491e-03   0.000000e+00   0.000000e+00  -1.000875e-02  -7.682653e-02   8.650678e-02   0.000000e+00
 1.232681e-04   7.347166e-04   0.000000e+00   9.528181e-05   2.492381e-03   0.000000e+00   0.000000e+00   0.000000e+00   4.374207e-02

# timestamp: 1774889945.747359
 9.008333e-04   2.032152e-05   0.000000e+00   2.402601e-04   3.601115e-05   0.000000e+00   0.000000e+00   0.000000e+00   1.252764e-04
 2.032152e-05   1.051414e-03   0.000000e+00   2.941465e-05   5.187309e-04   0.000000e+00   0.000000e+00   0.000000e+00   7.881826e-04
 0.000000e+00   0.000000e+00   1.411378e-03   0.000000e+00   0.000000e+00   1.281144e-03   5.445945e-03  -3.951406e-03   0.000000e+00
 2.402601e-04   2.941465e-05   0.000000e+00   3.896411e-04   5.163316e-05   0.000000e+00   0.000000e+00   0.000000e+00   9.494451e-05
 3.601115e-05   5.187309e-04   0.000000e+00   5.163316e-05   9.661422e-04   0.000000e+00   0.000000e+00   0.000000e+00   2.619901e-03
 0.000000e+00   0.000000e+00   1.281144e-03   0.000000e+00   0.000000e+00   2.645314e-03   1.342149e-02  -1.025760e-02   0.000000e+00
 0.000000e+00   0.000000e+00   5.445945e-03   0.000000e+00   0.000000e+00   1.342149e-02   1.843383e-01  -7.682653e-02   0.000000e+00
 0.000000e+00   0.000000e+00  -3.951406e-03   0.000000e+00   0.000000e+00  -1.025760e-02  -7.682653e-02   8.861695e-02   0.000000e+00
 1.252764e-04   7.881826e-04   0.000000e+00   9.494451e-05   2.619901e-03   0.000000e+00   0.000000e+00   0.000000e+00   4.585224e-02

# timestamp: 1774889946.036787
 8.706931e-04   1.731836e-05   0.000000e+00   2.314900e-04   2.967546e-05   0.000000e+00   0.000000e+00   0.000000e+00   1.058956e-04
 1.731836e-05   1.012674e-03   0.000000e+00   2.405689e-05   4.980182e-04   0.000000e+00   0.000000e+00   0.000000e+00   7.823826e-04
 0.000000e+00   0.000000e+00   1.338376e-03   0.000000e+00   0.000000e+00   1.205029e-03   5.356032e-03  -3.862920e-03   0.000000e+00
 2.314900e-04   2.405689e-05   0.000000e+00   3.861021e-04   4.030489e-05   0.000000e+00   0.000000e+00   0.000000e+00   4.679187e-05
 2.967546e-05   4.980182e-04   0.000000e+00   4.030489e-05   9.417558e-04   0.000000e+00   0.000000e+00   0.000000e+00   2.458375e-03
 0.000000e+00   0.000000e+00   1.205029e-03   0.000000e+00   0.000000e+00   2.538967e-03   1.351786e-02  -1.009646e-02   0.000000e+00
 0.000000e+00   0.000000e+00   5.356032e-03   0.000000e+00   0.000000e+00   1.351786e-02   1.877648e-01  -8.063867e-02   0.000000e+00
 0.000000e+00   0.000000e+00  -3.862920e-03   0.000000e+00   0.000000e+00  -1.009646e-02  -8.063867e-02   8.900586e-02   0.000000e+00
 1.058956e-04   7.823826e-04   0.000000e+00   4.679187e-05   2.458375e-03   0.000000e+00   0.000000e+00   0.000000e+00   4.378436e-02

# timestamp: 1774889946.0643382
 8.300720e-04   1.340779e-05   0.000000e+00   2.205585e-04   1.374233e-05   0.000000e+00   0.000000e+00   0.000000e+00  -1.725275e-04
 1.340779e-05   9.454203e-04   0.000000e+00   2.140453e-05   4.347086e-04   0.000000e+00   0.000000e+00   0.000000e+00   9.406927e-05
 0.000000e+00   0.000000e+00   1.221191e-03   0.000000e+00   0.000000e+00   1.056464e-03   5.235480e-03  -2.662048e-03   0.000000e+00
 2.205585e-04   2.140453e-05   0.000000e+00   3.830706e-04   3.383938e-05   0.000000e+00   0.000000e+00   0.000000e+00  -4.892649e-05
 1.374233e-05   4.347086e-04   0.000000e+00   3.383938e-05   8.893332e-04   0.000000e+00   0.000000e+00   0.000000e+00   1.975614e-03
 0.000000e+00   0.000000e+00   1.056464e-03   0.000000e+00   0.000000e+00   2.360645e-03   1.330717e-02  -8.775970e-03   0.000000e+00
 0.000000e+00   0.000000e+00   5.235480e-03   0.000000e+00   0.000000e+00   1.330717e-02   1.891137e-01  -7.747979e-02   0.000000e+00
 0.000000e+00   0.000000e+00  -2.662048e-03   0.000000e+00   0.000000e+00  -8.775970e-03  -7.747979e-02   8.086353e-02   0.000000e+00
-1.725275e-04   9.406927e-05   0.000000e+00  -4.892649e-05   1.975614e-03   0.000000e+00   0.000000e+00   0.000000e+00   4.038634e-02

# timestamp: 1774889946.1055863
 8.555960e-04   1.586122e-05   0.000000e+00   2.272379e-04   2.676908e-05   0.000000e+00   0.000000e+00   0.000000e+00   9.014747e-05
 1.586122e-05   9.928085e-04   0.000000e+00   2.150183e-05   4.873767e-04   0.000000e+00   0.000000e+00   0.000000e+00   7.645229e-04
 0.000000e+00   0.000000e+00   1.305141e-03   0.000000e+00   0.000000e+00   1.175194e-03   5.354420e-03  -3.729976e-03   0.000000e+00
 2.272379e-04   2.150183e-05   0.000000e+00   3.846519e-04   3.462402e-05   0.000000e+00   0.000000e+00   0.000000e+00   7.739684e-08
 2.676908e-05   4.873767e-04   0.000000e+00   3.462402e-05   9.305526e-04   0.000000e+00   0.000000e+00   0.000000e+00   2.383691e-03
 0.000000e+00   0.000000e+00   1.175194e-03   0.000000e+00   0.000000e+00   2.506667e-03   1.369251e-02  -9.829136e-03   0.000000e+00
 0.000000e+00   0.000000e+00   5.354420e-03   0.000000e+00   0.000000e+00   1.369251e-02   1.912383e-01  -8.011180e-02   0.000000e+00
 0.000000e+00   0.000000e+00  -3.729976e-03   0.000000e+00   0.000000e+00  -9.829136e-03  -8.011180e-02   8.610795e-02   0.000000e+00
 9.014747e-05   7.645229e-04   0.000000e+00   7.739684e-08   2.383691e-03   0.000000e+00   0.000000e+00   0.000000e+00   4.280405e-02

# timestamp: 1774889946.3746116
 9.478843e-04   1.692684e-05   0.000000e+00   2.511006e-04   2.573161e-05   0.000000e+00   0.000000e+00   0.000000e+00   7.668362e-05
 1.692684e-05   1.118690e-03   0.000000e+00   1.828159e-05   5.485428e-04   0.000000e+00   0.000000e+00   0.000000e+00   8.611758e-04
 0.000000e+00   0.000000e+00   1.504845e-03   0.000000e+00   0.000000e+00   1.337276e-03   6.159187e-03  -4.087918e-03   0.000000e+00
 2.511006e-04   1.828159e-05   0.000000e+00   3.905893e-04   2.182546e-05   0.000000e+00   0.000000e+00   0.000000e+00  -1.012550e-04
 2.573161e-05   5.485428e-04   0.000000e+00   2.182546e-05   9.642478e-04   0.000000e+00   0.000000e+00   0.000000e+00   2.680686e-03
 0.000000e+00   0.000000e+00   1.337276e-03   0.000000e+00   0.000000e+00   2.642793e-03   1.462327e-02  -1.018557e-02   0.000000e+00
 0.000000e+00   0.000000e+00   6.159187e-03   0.000000e+00   0.000000e+00   1.462327e-02   2.021408e-01  -7.855490e-02   0.000000e+00
 0.000000e+00   0.000000e+00  -4.087918e-03   0.000000e+00   0.000000e+00  -1.018557e-02  -7.855490e-02   8.960909e-02   0.000000e+00
 7.668362e-05   8.611758e-04   0.000000e+00  -1.012550e-04   2.680686e-03   0.000000e+00   0.000000e+00   0.000000e+00   4.919390e-02

# timestamp: 1774889946.444971
 8.707974e-04   1.423297e-05   0.000000e+00   2.304529e-04   2.327451e-05   0.000000e+00   0.000000e+00   0.000000e+00   1.083391e-04
 1.423297e-05   1.011556e-03   0.000000e+00   1.565301e-05   4.913996e-04   0.000000e+00   0.000000e+00   0.000000e+00   7.342053e-04
 0.000000e+00   0.000000e+00   1.307031e-03   0.000000e+00   0.000000e+00   1.149491e-03   5.188852e-03  -3.521127e-03   0.000000e+00
 2.304529e-04   1.565301e-05   0.000000e+00   3.849050e-04   1.952790e-05   0.000000e+00   0.000000e+00   0.000000e+00  -7.834433e-05
 2.327451e-05   4.913996e-04   0.000000e+00   1.952790e-05   9.212945e-04   0.000000e+00   0.000000e+00   0.000000e+00   2.366564e-03
 0.000000e+00   0.000000e+00   1.149491e-03   0.000000e+00   0.000000e+00   2.462295e-03   1.382883e-02  -9.595554e-03   0.000000e+00
 0.000000e+00   0.000000e+00   5.188852e-03   0.000000e+00   0.000000e+00   1.382883e-02   1.949761e-01  -7.935729e-02   0.000000e+00
 0.000000e+00   0.000000e+00  -3.521127e-03   0.000000e+00   0.000000e+00  -9.595554e-03  -7.935729e-02   8.521603e-02   0.000000e+00
 1.083391e-04   7.342053e-04   0.000000e+00  -7.834433e-05   2.366564e-03   0.000000e+00   0.000000e+00   0.000000e+00   4.353810e-02

# timestamp: 1774889946.8070486
 9.204683e-04   9.192020e-06   0.000000e+00   2.439453e-04  -1.453361e-06   0.000000e+00   0.000000e+00   0.000000e+00  -2.689601e-04
 9.192020e-06   1.061416e-03   0.000000e+00   1.161212e-05   4.809665e-04   0.000000e+00   0.000000e+00   0.000000e+00   1.618610e-04
 0.000000e+00   0.000000e+00   1.432695e-03   0.000000e+00   0.000000e+00   1.244965e-03   6.568971e-03  -3.574472e-03   0.000000e+00
 2.439453e-04   1.161212e-05   0.000000e+00   3.877792e-04   8.044339e-06   0.000000e+00   0.000000e+00   0.000000e+00  -1.152901e-04
-1.453361e-06   4.809665e-04   0.000000e+00   8.044339e-06   8.934022e-04   0.000000e+00   0.000000e+00   0.000000e+00   2.202827e-03
 0.000000e+00   0.000000e+00   1.244965e-03   0.000000e+00   0.000000e+00   2.531612e-03   1.471138e-02  -1.022702e-02   0.000000e+00
 0.000000e+00   0.000000e+00   6.568971e-03   0.000000e+00   0.000000e+00   1.471138e-02   1.975150e-01  -8.520436e-02   0.000000e+00
 0.000000e+00   0.000000e+00  -3.574472e-03   0.000000e+00   0.000000e+00  -1.022702e-02  -8.520436e-02   9.520190e-02   0.000000e+00
-2.689601e-04   1.618610e-04   0.000000e+00  -1.152901e-04   2.202827e-03   0.000000e+00   0.000000e+00   0.000000e+00   4.675875e-02

# timestamp: 1774889947.1311188
 8.379100e-04   8.712077e-06   0.000000e+00   2.216843e-04   1.468435e-05   0.000000e+00   0.000000e+00   0.000000e+00   1.549545e-04
 8.712077e-06   9.622025e-04   0.000000e+00   8.658966e-06   4.564420e-04   0.000000e+00   0.000000e+00   0.000000e+00   6.856887e-04
 0.000000e+00   0.000000e+00   1.235195e-03   0.000000e+00   0.000000e+00   1.093898e-03   4.710491e-03  -4.058415e-03   0.000000e+00
 2.216843e-04   8.658966e-06   0.000000e+00   3.813325e-04   1.219144e-05   0.000000e+00   0.000000e+00   0.000000e+00   6.341456e-05
 1.468435e-05   4.564420e-04   0.000000e+00   1.219144e-05   8.719366e-04   0.000000e+00   0.000000e+00   0.000000e+00   2.171279e-03
 0.000000e+00   0.000000e+00   1.093898e-03   0.000000e+00   0.000000e+00   2.433858e-03   1.298069e-02  -1.125602e-02   0.000000e+00
 0.000000e+00   0.000000e+00   4.710491e-03   0.000000e+00   0.000000e+00   1.298069e-02   1.704567e-01  -9.064531e-02   0.000000e+00
 0.000000e+00   0.000000e+00  -4.058415e-03   0.000000e+00   0.000000e+00  -1.125602e-02  -9.064531e-02   1.057201e-01   0.000000e+00
 1.549545e-04   6.856887e-04   0.000000e+00   6.341456e-05   2.171279e-03   0.000000e+00   0.000000e+00   0.000000e+00   4.168250e-02

# timestamp: 1774889947.1821113
 8.667408e-04   5.385572e-06   0.000000e+00   2.288936e-04  -4.924149e-06   0.000000e+00   0.000000e+00   0.000000e+00  -2.586164e-04
 5.385572e-06   9.873593e-04   0.000000e+00   7.325614e-06   4.437278e-04   0.000000e+00   0.000000e+00   0.000000e+00   1.560924e-04
 0.000000e+00   0.000000e+00   1.313483e-03   0.000000e+00   0.000000e+00   1.159119e-03   5.891962e-03  -3.836357e-03   0.000000e+00
 2.288936e-04   7.325614e-06   0.000000e+00   3.830511e-04   6.897967e-06   0.000000e+00   0.000000e+00   0.000000e+00  -4.059298e-05
-4.924149e-06   4.437278e-04   0.000000e+00   6.897967e-06   8.572338e-04   0.000000e+00   0.000000e+00   0.000000e+00   1.997112e-03
 0.000000e+00   0.000000e+00   1.159119e-03   0.000000e+00   0.000000e+00   2.496926e-03   1.393874e-02  -1.122223e-02   0.000000e+00
 0.000000e+00   0.000000e+00   5.891962e-03   0.000000e+00   0.000000e+00   1.393874e-02   1.774676e-01  -9.200146e-02   0.000000e+00
 0.000000e+00   0.000000e+00  -3.836357e-03   0.000000e+00   0.000000e+00  -1.122223e-02  -9.200146e-02   1.062553e-01   0.000000e+00
-2.586164e-04   1.560924e-04   0.000000e+00  -4.059298e-05   1.997112e-03   0.000000e+00   0.000000e+00   0.000000e+00   4.293620e-02

# timestamp: 1774889947.4971397
 8.128682e-04   5.872093e-06   0.000000e+00   2.149042e-04   1.061724e-05   0.000000e+00   0.000000e+00   0.000000e+00   1.048150e-04
 5.872093e-06   9.259868e-04   0.000000e+00   6.304791e-06   4.329650e-04   0.000000e+00   0.000000e+00   0.000000e+00   5.737254e-04
 0.000000e+00   0.000000e+00   1.200881e-03   0.000000e+00   0.000000e+00   1.099474e-03   4.656615e-03  -4.358099e-03   0.000000e+00
 2.149042e-04   6.304791e-06   0.000000e+00   3.791453e-04   1.063411e-05   0.000000e+00   0.000000e+00   0.000000e+00   6.296215e-05
 1.061724e-05   4.329650e-04   0.000000e+00   1.063411e-05   8.455567e-04   0.000000e+00   0.000000e+00   0.000000e+00   2.017759e-03
 0.000000e+00   0.000000e+00   1.099474e-03   0.000000e+00   0.000000e+00   2.532165e-03   1.296774e-02  -1.243752e-02   0.000000e+00
 0.000000e+00   0.000000e+00   4.656615e-03   0.000000e+00   0.000000e+00   1.296774e-02   1.568121e-01  -9.447762e-02   0.000000e+00
 0.000000e+00   0.000000e+00  -4.358099e-03   0.000000e+00   0.000000e+00  -1.243752e-02  -9.447762e-02   1.167748e-01   0.000000e+00
 1.048150e-04   5.737254e-04   0.000000e+00   6.296215e-05   2.017759e-03   0.000000e+00   0.000000e+00   0.000000e+00   4.009383e-02

# timestamp: 1774889947.534296
 8.740506e-04   6.616504e-06   0.000000e+00   2.310684e-04   1.162969e-05   0.000000e+00   0.000000e+00   0.000000e+00   1.075244e-04
 6.616504e-06   1.006564e-03   0.000000e+00   6.806173e-06   4.724711e-04   0.000000e+00   0.000000e+00   0.000000e+00   6.624724e-04
 0.000000e+00   0.000000e+00   1.341550e-03   0.000000e+00   0.000000e+00   1.232853e-03   5.212739e-03  -4.893796e-03   0.000000e+00
 2.310684e-04   6.806173e-06   0.000000e+00   3.833857e-04   1.111880e-05   0.000000e+00   0.000000e+00   0.000000e+00   6.595637e-05
 1.162969e-05   4.724711e-04   0.000000e+00   1.111880e-05   8.719621e-04   0.000000e+00   0.000000e+00   0.000000e+00   2.240707e-03
 0.000000e+00   0.000000e+00   1.232853e-03   0.000000e+00   0.000000e+00   2.667365e-03   1.344891e-02  -1.305345e-02   0.000000e+00
 0.000000e+00   0.000000e+00   5.212739e-03   0.000000e+00   0.000000e+00   1.344891e-02   1.610434e-01  -9.447762e-02   0.000000e+00
 0.000000e+00   0.000000e+00  -4.893796e-03   0.000000e+00   0.000000e+00  -1.305345e-02  -9.447762e-02   1.210061e-01   0.000000e+00
 1.075244e-04   6.624724e-04   0.000000e+00   6.595637e-05   2.240707e-03   0.000000e+00   0.000000e+00   0.000000e+00   4.432514e-02

# timestamp: 1774889947.581212
 8.565738e-04   3.939239e-06   0.000000e+00   2.260021e-04  -7.792231e-06   0.000000e+00   0.000000e+00   0.000000e+00  -3.017039e-04
 3.939239e-06   9.714337e-04   0.000000e+00   5.388388e-06   4.316132e-04   0.000000e+00   0.000000e+00   0.000000e+00   9.971011e-05
 0.000000e+00   0.000000e+00   1.307201e-03   0.000000e+00   0.000000e+00   1.188308e-03   5.829983e-03  -4.203316e-03   0.000000e+00
 2.260021e-04   5.388388e-06   0.000000e+00   3.818937e-04   5.418537e-06   0.000000e+00   0.000000e+00   0.000000e+00  -4.761543e-05
-7.792231e-06   4.316132e-04   0.000000e+00   5.418537e-06   8.392014e-04   0.000000e+00   0.000000e+00   0.000000e+00   1.918059e-03
 0.000000e+00   0.000000e+00   1.188308e-03   0.000000e+00   0.000000e+00   2.621984e-03   1.397979e-02  -1.242843e-02   0.000000e+00
 0.000000e+00   0.000000e+00   5.829983e-03   0.000000e+00   0.000000e+00   1.397979e-02   1.649659e-01  -9.501594e-02   0.000000e+00
 0.000000e+00   0.000000e+00  -4.203316e-03   0.000000e+00   0.000000e+00  -1.242843e-02  -9.501594e-02   1.165821e-01   0.000000e+00
-3.017039e-04   9.971011e-05   0.000000e+00  -4.761543e-05   1.918059e-03   0.000000e+00   0.000000e+00   0.000000e+00   4.247880e-02

# timestamp: 1774889947.8226745
 8.524605e-04   5.787529e-06   0.000000e+00   2.250869e-04   1.046979e-05   0.000000e+00   0.000000e+00   0.000000e+00   1.328552e-04
 5.787529e-06   9.767131e-04   0.000000e+00   5.141253e-06   4.560712e-04   0.000000e+00   0.000000e+00   0.000000e+00   6.803398e-04
 0.000000e+00   0.000000e+00   1.318107e-03   0.000000e+00   0.000000e+00   1.252419e-03   5.177938e-03  -5.143670e-03   0.000000e+00
 2.250869e-04   5.141253e-06   0.000000e+00   3.814890e-04   8.129745e-06   0.000000e+00   0.000000e+00   0.000000e+00   3.656167e-05
 1.046979e-05   4.560712e-04   0.000000e+00   8.129745e-06   8.565440e-04   0.000000e+00   0.000000e+00   0.000000e+00   2.185882e-03
 0.000000e+00   0.000000e+00   1.252419e-03   0.000000e+00   0.000000e+00   2.784911e-03   1.374669e-02  -1.380820e-02   0.000000e+00
 0.000000e+00   0.000000e+00   5.177938e-03   0.000000e+00   0.000000e+00   1.374669e-02   1.561620e-01  -9.611322e-02   0.000000e+00
 0.000000e+00   0.000000e+00  -5.143670e-03   0.000000e+00   0.000000e+00  -1.380820e-02  -9.611322e-02   1.244868e-01   0.000000e+00
 1.328552e-04   6.803398e-04   0.000000e+00   3.656167e-05   2.185882e-03   0.000000e+00   0.000000e+00   0.000000e+00   4.285015e-02

# timestamp: 1774889947.8403158
 8.735125e-04   6.015725e-06   0.000000e+00   2.306131e-04   1.082643e-05   0.000000e+00   0.000000e+00   0.000000e+00   1.333763e-04
 6.015725e-06   1.004555e-03   0.000000e+00   5.224050e-06   4.697668e-04   0.000000e+00   0.000000e+00   0.000000e+00   7.122312e-04
 0.000000e+00   0.000000e+00   1.369446e-03   0.000000e+00   0.000000e+00   1.302660e-03   5.377385e-03  -5.344182e-03   0.000000e+00
 2.306131e-04   5.224050e-06   0.000000e+00   3.829316e-04   8.084080e-06   0.000000e+00   0.000000e+00   0.000000e+00   3.440193e-05
 1.082643e-05   4.697668e-04   0.000000e+00   8.084080e-06   8.659799e-04   0.000000e+00   0.000000e+00   0.000000e+00   2.264765e-03
 0.000000e+00   0.000000e+00   1.302660e-03   0.000000e+00   0.000000e+00   2.837710e-03   1.392698e-02  -1.403837e-02   0.000000e+00
 0.000000e+00   0.000000e+00   5.377385e-03   0.000000e+00   0.000000e+00   1.392698e-02   1.576082e-01  -9.611322e-02   0.000000e+00
 0.000000e+00   0.000000e+00  -5.344182e-03   0.000000e+00   0.000000e+00  -1.403837e-02  -9.611322e-02   1.259330e-01   0.000000e+00
 1.333763e-04   7.122312e-04   0.000000e+00   3.440193e-05   2.264765e-03   0.000000e+00   0.000000e+00   0.000000e+00   4.429633e-02

# timestamp: 1774889947.8771079
 8.521228e-04   2.481437e-06   0.000000e+00   2.249867e-04  -8.490963e-06   0.000000e+00   0.000000e+00   0.000000e+00  -2.578120e-04
 2.481437e-06   9.642065e-04   0.000000e+00   4.065000e-06   4.273512e-04   0.000000e+00   0.000000e+00   0.000000e+00   1.673527e-04
 0.000000e+00   0.000000e+00   1.316502e-03   0.000000e+00   0.000000e+00   1.236541e-03   5.857787e-03  -4.544534e-03   0.000000e+00
 2.249867e-04   4.065000e-06   0.000000e+00   3.814319e-04   2.422830e-06   0.000000e+00   0.000000e+00   0.000000e+00  -7.639696e-05
-8.490963e-06   4.273512e-04   0.000000e+00   2.422830e-06   8.325441e-04   0.000000e+00   0.000000e+00   0.000000e+00   1.940689e-03
 0.000000e+00   0.000000e+00   1.236541e-03   0.000000e+00   0.000000e+00   2.767505e-03   1.435537e-02  -1.324497e-02   0.000000e+00
 0.000000e+00   0.000000e+00   5.857787e-03   0.000000e+00   0.000000e+00   1.435537e-02   1.610947e-01  -9.603618e-02   0.000000e+00
 0.000000e+00   0.000000e+00  -4.544534e-03   0.000000e+00   0.000000e+00  -1.324497e-02  -9.603618e-02   1.202254e-01   0.000000e+00
-2.578120e-04   1.673527e-04   0.000000e+00  -7.639696e-05   1.940689e-03   0.000000e+00   0.000000e+00   0.000000e+00   4.231688e-02

# timestamp: 1774889948.2019546
 8.352662e-04   4.065763e-06   0.000000e+00   2.203472e-04   7.924199e-06   0.000000e+00   0.000000e+00   0.000000e+00   8.999036e-05
 4.065763e-06   9.513125e-04   0.000000e+00   2.573115e-06   4.398343e-04   0.000000e+00   0.000000e+00   0.000000e+00   5.897135e-04
 0.000000e+00   0.000000e+00   1.297941e-03   0.000000e+00   0.000000e+00   1.271884e-03   5.146077e-03  -5.119867e-03   0.000000e+00
 2.203472e-04   2.573115e-06   0.000000e+00   3.800439e-04   2.170003e-06   0.000000e+00   0.000000e+00   0.000000e+00  -2.684654e-05
 7.924199e-06   4.398343e-04   0.000000e+00   2.170003e-06   8.408252e-04   0.000000e+00   0.000000e+00   0.000000e+00   2.089388e-03
 0.000000e+00   0.000000e+00   1.271884e-03   0.000000e+00   0.000000e+00   2.913099e-03   1.400997e-02  -1.422216e-02   0.000000e+00
 0.000000e+00   0.000000e+00   5.146077e-03   0.000000e+00   0.000000e+00   1.400997e-02   1.506501e-01  -9.496870e-02   0.000000e+00
 0.000000e+00   0.000000e+00  -5.119867e-03   0.000000e+00   0.000000e+00  -1.422216e-02  -9.496870e-02   1.245950e-01   0.000000e+00
 8.999036e-05   5.897135e-04   0.000000e+00  -2.684654e-05   2.089388e-03   0.000000e+00   0.000000e+00   0.000000e+00   4.170425e-02

# timestamp: 1774889948.2317731
 8.698349e-04   4.318351e-06   0.000000e+00   2.294428e-04   8.237566e-06   0.000000e+00   0.000000e+00   0.000000e+00   8.932404e-05
 4.318351e-06   9.966310e-04   0.000000e+00   2.553005e-06   4.618449e-04   0.000000e+00   0.000000e+00   0.000000e+00   6.402240e-04
 0.000000e+00   0.000000e+00   1.384279e-03   0.000000e+00   0.000000e+00   1.358312e-03   5.481766e-03  -5.461075e-03   0.000000e+00
 2.294428e-04   2.553005e-06   0.000000e+00   3.824348e-04   1.843738e-06   0.000000e+00   0.000000e+00   0.000000e+00  -3.170301e-05
 8.237566e-06   4.618449e-04   0.000000e+00   1.843738e-06   8.558833e-04   0.000000e+00   0.000000e+00   0.000000e+00   2.217533e-03
 0.000000e+00   0.000000e+00   1.358312e-03   0.000000e+00   0.000000e+00   3.003486e-03   1.430651e-02  -1.460488e-02   0.000000e+00
 0.000000e+00   0.000000e+00   5.481766e-03   0.000000e+00   0.000000e+00   1.430651e-02   1.530345e-01  -9.496870e-02   0.000000e+00
 0.000000e+00   0.000000e+00  -5.461075e-03   0.000000e+00   0.000000e+00  -1.460488e-02  -9.496870e-02   1.269794e-01   0.000000e+00
 8.932404e-05   6.402240e-04   0.000000e+00  -3.170301e-05   2.217533e-03   0.000000e+00   0.000000e+00   0.000000e+00   4.408865e-02

# timestamp: 1774889948.4876184
 8.063403e-04   2.987751e-06   0.000000e+00   2.125453e-04   6.057375e-06   0.000000e+00   0.000000e+00   0.000000e+00   6.987404e-05
 2.987751e-06   9.115748e-04   0.000000e+00   1.242395e-06   4.169663e-04   0.000000e+00   0.000000e+00   0.000000e+00   5.041181e-04
 0.000000e+00   0.000000e+00   1.231721e-03   0.000000e+00   0.000000e+00   1.214821e-03   4.728448e-03  -4.845744e-03   0.000000e+00
 2.125453e-04   1.242395e-06   0.000000e+00   3.778360e-04  -5.374923e-07   0.000000e+00   0.000000e+00   0.000000e+00  -3.180453e-05
 6.057375e-06   4.169663e-04   0.000000e+00  -5.374923e-07   8.219774e-04   0.000000e+00   0.000000e+00   0.000000e+00   1.955183e-03
 0.000000e+00   0.000000e+00   1.214821e-03   0.000000e+00   0.000000e+00   2.890637e-03   1.344938e-02  -1.414155e-02   0.000000e+00
 0.000000e+00   0.000000e+00   4.728448e-03   0.000000e+00   0.000000e+00   1.344938e-02   1.410243e-01  -9.279837e-02   0.000000e+00
 0.000000e+00   0.000000e+00  -4.845744e-03   0.000000e+00   0.000000e+00  -1.414155e-02  -9.279837e-02   1.245751e-01   0.000000e+00
 6.987404e-05   5.041181e-04   0.000000e+00  -3.180453e-05   1.955183e-03   0.000000e+00   0.000000e+00   0.000000e+00   3.955815e-02

# timestamp: 1774889948.510638
 8.324205e-04   3.121049e-06   0.000000e+00   2.194486e-04   6.200170e-06   0.000000e+00   0.000000e+00   0.000000e+00   6.928597e-05
 3.121049e-06   9.452585e-04   0.000000e+00   1.204273e-06   4.331731e-04   0.000000e+00   0.000000e+00   0.000000e+00   5.401028e-04
 0.000000e+00   0.000000e+00   1.295241e-03   0.000000e+00   0.000000e+00   1.279158e-03   4.974294e-03  -5.104488e-03   0.000000e+00
 2.194486e-04   1.204273e-06   0.000000e+00   3.796607e-04  -7.138834e-07   0.000000e+00   0.000000e+00   0.000000e+00  -3.393047e-05
 6.200170e-06   4.331731e-04   0.000000e+00  -7.138834e-07   8.326329e-04   0.000000e+00   0.000000e+00   0.000000e+00   2.045633e-03
 0.000000e+00   0.000000e+00   1.279158e-03   0.000000e+00   0.000000e+00   2.956950e-03   1.366171e-02  -1.442457e-02   0.000000e+00
 0.000000e+00   0.000000e+00   4.974294e-03   0.000000e+00   0.000000e+00   1.366171e-02   1.428455e-01  -9.279837e-02   0.000000e+00
 0.000000e+00   0.000000e+00  -5.104488e-03   0.000000e+00   0.000000e+00  -1.442457e-02  -9.279837e-02   1.263963e-01   0.000000e+00
 6.928597e-05   5.401028e-04   0.000000e+00  -3.393047e-05   2.045633e-03   0.000000e+00   0.000000e+00   0.000000e+00   4.137941e-02

# timestamp: 1774889948.5449493
 8.854452e-04   3.393025e-06   0.000000e+00   2.333902e-04   6.472643e-06   0.000000e+00   0.000000e+00   0.000000e+00   6.799733e-05
 3.393025e-06   1.014549e-03   0.000000e+00   1.112349e-06   4.664869e-04   0.000000e+00   0.000000e+00   0.000000e+00   6.169017e-04
 0.000000e+00   0.000000e+00   1.429630e-03   0.000000e+00   0.000000e+00   1.413430e-03   5.477731e-03  -5.637456e-03   0.000000e+00
 2.333902e-04   1.112349e-06   0.000000e+00   3.833180e-04  -1.096769e-06   0.000000e+00   0.000000e+00   0.000000e+00  -3.849686e-05
 6.472643e-06   4.664869e-04   0.000000e+00  -1.096769e-06   8.552372e-04   0.000000e+00   0.000000e+00   0.000000e+00   2.239912e-03
 0.000000e+00   0.000000e+00   1.413430e-03   0.000000e+00   0.000000e+00   3.093719e-03   1.408753e-02  -1.500476e-02   0.000000e+00
 0.000000e+00   0.000000e+00   5.477731e-03   0.000000e+00   0.000000e+00   1.408753e-02   1.464953e-01  -9.279837e-02   0.000000e+00
 0.000000e+00   0.000000e+00  -5.637456e-03   0.000000e+00   0.000000e+00  -1.500476e-02  -9.279837e-02   1.300461e-01   0.000000e+00
 6.799733e-05   6.169017e-04   0.000000e+00  -3.849686e-05   2.239912e-03   0.000000e+00   0.000000e+00   0.000000e+00   4.502919e-02

# timestamp: 1774889948.5766723
 9.243562e-04   3.593083e-06   0.000000e+00   2.435376e-04   6.656653e-06   0.000000e+00   0.000000e+00   0.000000e+00   6.696190e-05
 3.593083e-06   1.066096e-03   0.000000e+00   1.031889e-06   4.912779e-04   0.000000e+00   0.000000e+00   0.000000e+00   6.768160e-04
 0.000000e+00   0.000000e+00   1.532839e-03   0.000000e+00   0.000000e+00   1.515007e-03   5.850739e-03  -6.035355e-03   0.000000e+00
 2.435376e-04   1.031889e-06   0.000000e+00   3.859586e-04  -1.399182e-06   0.000000e+00   0.000000e+00   0.000000e+00  -4.203050e-05
 6.656653e-06   4.912779e-04   0.000000e+00  -1.399182e-06   8.726615e-04   0.000000e+00   0.000000e+00   0.000000e+00   2.390252e-03
 0.000000e+00   0.000000e+00   1.515007e-03   0.000000e+00   0.000000e+00   3.195732e-03   1.439514e-02  -1.543367e-02   0.000000e+00
 0.000000e+00   0.000000e+00   5.850739e-03   0.000000e+00   0.000000e+00   1.439514e-02   1.491299e-01  -9.279837e-02   0.000000e+00
 0.000000e+00   0.000000e+00  -6.035355e-03   0.000000e+00   0.000000e+00  -1.543367e-02  -9.279837e-02   1.326807e-01   0.000000e+00
 6.696190e-05   6.768160e-04   0.000000e+00  -4.203050e-05   2.390252e-03   0.000000e+00   0.000000e+00   0.000000e+00   4.766379e-02

# timestamp: 1774889948.859565
 9.206684e-04   2.628122e-06   0.000000e+00   2.424629e-04   4.627370e-06   0.000000e+00   0.000000e+00   0.000000e+00   6.895507e-05
 2.628122e-06   1.058741e-03   0.000000e+00   5.435750e-08   4.839982e-04   0.000000e+00   0.000000e+00   0.000000e+00   6.553361e-04
 0.000000e+00   0.000000e+00   1.531391e-03   0.000000e+00   0.000000e+00   1.520217e-03   5.542681e-03  -6.142201e-03   0.000000e+00
 2.424629e-04   5.435750e-08   0.000000e+00   3.855211e-04  -2.483942e-06   0.000000e+00   0.000000e+00   0.000000e+00  -2.069153e-05
 4.627370e-06   4.839982e-04   0.000000e+00  -2.483942e-06   8.630142e-04   0.000000e+00   0.000000e+00   0.000000e+00   2.346132e-03
 0.000000e+00   0.000000e+00   1.520217e-03   0.000000e+00   0.000000e+00   3.215023e-03   1.366859e-02  -1.575225e-02   0.000000e+00
 0.000000e+00   0.000000e+00   5.542681e-03   0.000000e+00   0.000000e+00   1.366859e-02   1.383053e-01  -9.017423e-02   0.000000e+00
 0.000000e+00   0.000000e+00  -6.142201e-03   0.000000e+00   0.000000e+00  -1.575225e-02  -9.017423e-02   1.369575e-01   0.000000e+00
 6.895507e-05   6.553361e-04   0.000000e+00  -2.069153e-05   2.346132e-03   0.000000e+00   0.000000e+00   0.000000e+00   4.733262e-02

# timestamp: 1774889948.9094443
 8.381603e-04   2.386058e-06   0.000000e+00   2.207295e-04   4.456937e-06   0.000000e+00   0.000000e+00   0.000000e+00   9.364300e-05
 2.386058e-06   9.499828e-04   0.000000e+00   6.755766e-08   4.313033e-04   0.000000e+00   0.000000e+00   0.000000e+00   5.483974e-04
 0.000000e+00   0.000000e+00   1.315332e-03   0.000000e+00   0.000000e+00   1.305530e-03   4.607912e-03  -5.340117e-03   0.000000e+00
 2.207295e-04   6.755766e-08   0.000000e+00   3.797651e-04  -2.134357e-06   0.000000e+00   0.000000e+00   0.000000e+00  -3.849305e-06
 4.456937e-06   4.313033e-04   0.000000e+00  -2.134357e-06   8.263557e-04   0.000000e+00   0.000000e+00   0.000000e+00   2.047072e-03
 0.000000e+00   0.000000e+00   1.305530e-03   0.000000e+00   0.000000e+00   3.003246e-03   1.265381e-02  -1.500192e-02   0.000000e+00
 0.000000e+00   0.000000e+00   4.607912e-03   0.000000e+00   0.000000e+00   1.265381e-02   1.273431e-01  -8.876450e-02   0.000000e+00
 0.000000e+00   0.000000e+00  -5.340117e-03   0.000000e+00   0.000000e+00  -1.500192e-02  -8.876450e-02   1.336744e-01   0.000000e+00
 9.364300e-05   5.483974e-04   0.000000e+00  -3.849305e-06   2.047072e-03   0.000000e+00   0.000000e+00   0.000000e+00   4.154604e-02

# timestamp: 1774889949.01422
 8.186093e-04   2.317498e-06   0.000000e+00   2.155474e-04   4.555367e-06   0.000000e+00   0.000000e+00   0.000000e+00   1.124536e-04
 2.317498e-06   9.242230e-04   0.000000e+00   3.425033e-08   4.185941e-04   0.000000e+00   0.000000e+00   0.000000e+00   5.339294e-04
 0.000000e+00   0.000000e+00   1.268173e-03   0.000000e+00   0.000000e+00   1.259535e-03   4.298252e-03  -5.206558e-03   0.000000e+00
 2.155474e-04   3.425033e-08   0.000000e+00   3.783532e-04  -1.718294e-06   0.000000e+00   0.000000e+00   0.000000e+00   1.230263e-05
 4.555367e-06   4.185941e-04   0.000000e+00  -1.718294e-06   8.171052e-04   0.000000e+00   0.000000e+00   0.000000e+00   1.982184e-03
 0.000000e+00   0.000000e+00   1.259535e-03   0.000000e+00   0.000000e+00   2.961244e-03   1.217944e-02  -1.496049e-02   0.000000e+00
 0.000000e+00   0.000000e+00   4.298252e-03   0.000000e+00   0.000000e+00   1.217944e-02   1.215732e-01  -8.748978e-02   0.000000e+00
 0.000000e+00   0.000000e+00  -5.206558e-03   0.000000e+00   0.000000e+00  -1.496049e-02  -8.748978e-02   1.346507e-01   0.000000e+00
 1.124536e-04   5.339294e-04   0.000000e+00   1.230263e-05   1.982184e-03   0.000000e+00   0.000000e+00   0.000000e+00   4.023223e-02

# timestamp: 1774889949.2465618
 8.923263e-04   2.274910e-06   0.000000e+00   2.350910e-04   5.200419e-06   0.000000e+00   0.000000e+00   0.000000e+00   1.189836e-04
 2.274910e-06   1.019124e-03   0.000000e+00   2.874389e-08   4.638048e-04   0.000000e+00   0.000000e+00   0.000000e+00   6.470568e-04
 0.000000e+00   0.000000e+00   1.468318e-03   0.000000e+00   0.000000e+00   1.473015e-03   4.799736e-03  -6.185414e-03   0.000000e+00
 2.350910e-04   2.874389e-08   0.000000e+00   3.834395e-04  -2.513877e-07   0.000000e+00   0.000000e+00   0.000000e+00   3.796275e-05
 5.200419e-06   4.638048e-04   0.000000e+00  -2.513877e-07   8.460007e-04   0.000000e+00   0.000000e+00   0.000000e+00   2.252486e-03
 0.000000e+00   0.000000e+00   1.473015e-03   0.000000e+00   0.000000e+00   3.200615e-03   1.232329e-02  -1.623767e-02   0.000000e+00
 0.000000e+00   0.000000e+00   4.799736e-03   0.000000e+00   0.000000e+00   1.232329e-02   1.207393e-01  -8.589523e-02   0.000000e+00
 0.000000e+00   0.000000e+00  -6.185414e-03   0.000000e+00   0.000000e+00  -1.623767e-02  -8.589523e-02   1.439393e-01   0.000000e+00
 1.189836e-04   6.470568e-04   0.000000e+00   3.796275e-05   2.252486e-03   0.000000e+00   0.000000e+00   0.000000e+00   4.553930e-02

# timestamp: 1774889949.3897243
 7.874245e-04   1.628245e-06   0.000000e+00   2.073564e-04   4.302250e-06   0.000000e+00   0.000000e+00   0.000000e+00   1.071881e-04
 1.628245e-06   8.826812e-04   0.000000e+00   1.073801e-08   3.970992e-04   0.000000e+00   0.000000e+00   0.000000e+00   4.743751e-04
 0.000000e+00   0.000000e+00   1.200863e-03   0.000000e+00   0.000000e+00   1.202533e-03   3.766218e-03  -5.062034e-03   0.000000e+00
 2.073564e-04   1.073801e-08   0.000000e+00   3.760673e-04   2.005633e-07   0.000000e+00   0.000000e+00   0.000000e+00   4.224403e-05
 4.302250e-06   3.970992e-04   0.000000e+00   2.005633e-07   7.999857e-04   0.000000e+00   0.000000e+00   0.000000e+00   1.865537e-03
 0.000000e+00   0.000000e+00   1.202533e-03   0.000000e+00   0.000000e+00   2.933401e-03   1.114677e-02  -1.519216e-02   0.000000e+00
 0.000000e+00   0.000000e+00   3.766218e-03   0.000000e+00   0.000000e+00   1.114677e-02   1.077339e-01  -8.374758e-02   0.000000e+00
 0.000000e+00   0.000000e+00  -5.062034e-03   0.000000e+00   0.000000e+00  -1.519216e-02  -8.374758e-02   1.393178e-01   0.000000e+00
 1.071881e-04   4.743751e-04   0.000000e+00   4.224403e-05   1.865537e-03   0.000000e+00   0.000000e+00   0.000000e+00   3.817937e-02

# timestamp: 1774889949.7366633
 8.772717e-04   2.377373e-06   0.000000e+00   2.310266e-04   6.623237e-06   0.000000e+00   0.000000e+00   0.000000e+00   1.559215e-04
 2.377373e-06   9.963149e-04   0.000000e+00   7.402160e-07   4.491945e-04   0.000000e+00   0.000000e+00   0.000000e+00   6.075456e-04
 0.000000e+00   0.000000e+00   1.425830e-03   0.000000e+00   0.000000e+00   1.432072e-03   4.045547e-03  -6.149239e-03   0.000000e+00
 2.310266e-04   7.402160e-07   0.000000e+00   3.822329e-04   3.170692e-06   0.000000e+00   0.000000e+00   0.000000e+00   7.680043e-05
 6.623237e-06   4.491945e-04   0.000000e+00   3.170692e-06   8.304913e-04   0.000000e+00   0.000000e+00   0.000000e+00   2.161132e-03
 0.000000e+00   0.000000e+00   1.432072e-03   0.000000e+00   0.000000e+00   3.178795e-03   1.082987e-02  -1.661692e-02   0.000000e+00
 0.000000e+00   0.000000e+00   4.045547e-03   0.000000e+00   0.000000e+00   1.082987e-02   1.037575e-01  -7.955030e-02   0.000000e+00
 0.000000e+00   0.000000e+00  -6.149239e-03   0.000000e+00   0.000000e+00  -1.661692e-02  -7.955030e-02   1.510534e-01   0.000000e+00
 1.559215e-04   6.075456e-04   0.000000e+00   7.680043e-05   2.161132e-03   0.000000e+00   0.000000e+00   0.000000e+00   4.427980e-02

# timestamp: 1774889950.0191135
 8.577373e-04   2.505125e-06   0.000000e+00   2.257367e-04   7.034324e-06   0.000000e+00   0.000000e+00   0.000000e+00   1.597372e-04
 2.505125e-06   9.699493e-04   0.000000e+00   1.086145e-06   4.350869e-04   0.000000e+00   0.000000e+00   0.000000e+00   5.857392e-04
 0.000000e+00   0.000000e+00   1.382955e-03   0.000000e+00   0.000000e+00   1.397159e-03   3.768879e-03  -6.086106e-03   0.000000e+00
 2.257367e-04   1.086145e-06   0.000000e+00   3.807609e-04   3.975365e-06   0.000000e+00   0.000000e+00   0.000000e+00   7.117937e-05
 7.034324e-06   4.350869e-04   0.000000e+00   3.975365e-06   8.162838e-04   0.000000e+00   0.000000e+00   0.000000e+00   2.065925e-03
 0.000000e+00   0.000000e+00   1.397159e-03   0.000000e+00   0.000000e+00   3.158725e-03   1.035387e-02  -1.671201e-02   0.000000e+00
 0.000000e+00   0.000000e+00   3.768879e-03   0.000000e+00   0.000000e+00   1.035387e-02   9.804243e-02  -7.792940e-02   0.000000e+00
 0.000000e+00   0.000000e+00  -6.086106e-03   0.000000e+00   0.000000e+00  -1.671201e-02  -7.792940e-02   1.532813e-01   0.000000e+00
 1.597372e-04   5.857392e-04   0.000000e+00   7.117937e-05   2.065925e-03   0.000000e+00   0.000000e+00   0.000000e+00   4.289061e-02

# timestamp: 1774889950.3574429
 9.169716e-04   2.884249e-06   0.000000e+00   2.411158e-04   7.826889e-06   0.000000e+00   0.000000e+00   0.000000e+00   1.431523e-04
 2.884249e-06   1.045947e-03   0.000000e+00   1.179473e-06   4.693244e-04   0.000000e+00   0.000000e+00   0.000000e+00   6.658214e-04
 0.000000e+00   0.000000e+00   1.551993e-03   0.000000e+00   0.000000e+00   1.577422e-03   4.228368e-03  -6.845701e-03   0.000000e+00
 2.411158e-04   1.179473e-06   0.000000e+00   3.846617e-04   3.357822e-06   0.000000e+00   0.000000e+00   0.000000e+00   3.995198e-05
 7.826889e-06   4.693244e-04   0.000000e+00   3.357822e-06   8.354414e-04   0.000000e+00   0.000000e+00   0.000000e+00   2.268848e-03
 0.000000e+00   0.000000e+00   1.577422e-03   0.000000e+00   0.000000e+00   3.362949e-03   1.078554e-02  -1.759744e-02   0.000000e+00
 0.000000e+00   0.000000e+00   4.228368e-03   0.000000e+00   0.000000e+00   1.078554e-02   1.020373e-01  -7.794944e-02   0.000000e+00
 0.000000e+00   0.000000e+00  -6.845701e-03   0.000000e+00   0.000000e+00  -1.759744e-02  -7.794944e-02   1.576819e-01   0.000000e+00
 1.431523e-04   6.658214e-04   0.000000e+00   3.995198e-05   2.268848e-03   0.000000e+00   0.000000e+00   0.000000e+00   4.702534e-02

# timestamp: 1774889950.6295323
 8.649572e-04   2.414445e-06   0.000000e+00   2.275578e-04   6.722740e-06   0.000000e+00   0.000000e+00   0.000000e+00   1.169269e-04
 2.414445e-06   9.770506e-04   0.000000e+00   1.002775e-06   4.341962e-04   0.000000e+00   0.000000e+00   0.000000e+00   5.484244e-04
 0.000000e+00   0.000000e+00   1.406626e-03   0.000000e+00   0.000000e+00   1.428168e-03   3.749660e-03  -6.154058e-03   0.000000e+00
 2.275578e-04   1.002775e-06   0.000000e+00   3.811077e-04   2.599034e-06   0.000000e+00   0.000000e+00   0.000000e+00   2.844489e-05
 6.722740e-06   4.341962e-04   0.000000e+00   2.599034e-06   8.077656e-04   0.000000e+00   0.000000e+00   0.000000e+00   2.047552e-03
 0.000000e+00   0.000000e+00   1.428168e-03   0.000000e+00   0.000000e+00   3.213461e-03   1.021038e-02  -1.692497e-02   0.000000e+00
 0.000000e+00   0.000000e+00   3.749660e-03   0.000000e+00   0.000000e+00   1.021038e-02   9.584278e-02  -7.612145e-02   0.000000e+00
 0.000000e+00   0.000000e+00  -6.154058e-03   0.000000e+00   0.000000e+00  -1.692497e-02  -7.612145e-02   1.548229e-01   0.000000e+00
 1.169269e-04   5.484244e-04   0.000000e+00   2.844489e-05   2.047552e-03   0.000000e+00   0.000000e+00   0.000000e+00   4.360700e-02

# timestamp: 1774889950.6644166
 8.389004e-04  -6.413827e-07   0.000000e+00   2.206454e-04  -1.581802e-05   0.000000e+00   0.000000e+00   0.000000e+00  -3.979457e-04
-6.413827e-07   9.336645e-04   0.000000e+00   2.033916e-07   3.997477e-04   0.000000e+00   0.000000e+00   0.000000e+00   1.630332e-04
 0.000000e+00   0.000000e+00   1.351984e-03   0.000000e+00   0.000000e+00   1.371180e-03   4.499596e-03  -5.591781e-03   0.000000e+00
 2.206454e-04   2.033916e-07   0.000000e+00   3.792712e-04  -3.337735e-06   0.000000e+00   0.000000e+00   0.000000e+00  -1.065510e-04
-1.581802e-05   3.997477e-04   0.000000e+00  -3.337735e-06   7.827291e-04   0.000000e+00   0.000000e+00   0.000000e+00   1.796471e-03
 0.000000e+00   0.000000e+00   1.371180e-03   0.000000e+00   0.000000e+00   3.154947e-03   1.091945e-02  -1.637326e-02   0.000000e+00
 0.000000e+00   0.000000e+00   4.499596e-03   0.000000e+00   0.000000e+00   1.091945e-02   9.801887e-02  -7.871158e-02   0.000000e+00
 0.000000e+00   0.000000e+00  -5.591781e-03   0.000000e+00   0.000000e+00  -1.637326e-02  -7.871158e-02   1.512350e-01   0.000000e+00
-3.979457e-04   1.630332e-04   0.000000e+00  -1.065510e-04   1.796471e-03   0.000000e+00   0.000000e+00   0.000000e+00   4.133190e-02

# timestamp: 1774889950.6923168
 8.160191e-04   2.210245e-06   0.000000e+00   2.146348e-04   6.232955e-06   0.000000e+00   0.000000e+00   0.000000e+00   1.192866e-04
 2.210245e-06   9.141828e-04   0.000000e+00   9.246537e-07   4.041716e-04   0.000000e+00   0.000000e+00   0.000000e+00   4.801333e-04
 0.000000e+00   0.000000e+00   1.279891e-03   0.000000e+00   0.000000e+00   1.298175e-03   3.305710e-03  -5.617890e-03   0.000000e+00
 2.146348e-04   9.246537e-07   0.000000e+00   3.776887e-04   2.413474e-06   0.000000e+00   0.000000e+00   0.000000e+00   2.926066e-05
 6.232955e-06   4.041716e-04   0.000000e+00   2.413474e-06   7.872428e-04   0.000000e+00   0.000000e+00   0.000000e+00   1.876879e-03
 0.000000e+00   0.000000e+00   1.298175e-03   0.000000e+00   0.000000e+00   3.082194e-03   9.646476e-03  -1.643350e-02   0.000000e+00
 0.000000e+00   0.000000e+00   3.305710e-03   0.000000e+00   0.000000e+00   9.646476e-03   8.943010e-02  -7.452246e-02   0.000000e+00
 0.000000e+00   0.000000e+00  -5.617890e-03   0.000000e+00   0.000000e+00  -1.643350e-02  -7.452246e-02   1.532403e-01   0.000000e+00
 1.192866e-04   4.801333e-04   0.000000e+00   2.926066e-05   1.876879e-03   0.000000e+00   0.000000e+00   0.000000e+00   4.015695e-02

# timestamp: 1774889950.7192845
 8.505280e-04   2.385954e-06   0.000000e+00   2.237335e-04   6.621480e-06   0.000000e+00   0.000000e+00   0.000000e+00   1.199854e-04
 2.385954e-06   9.580452e-04   0.000000e+00   9.780444e-07   4.245889e-04   0.000000e+00   0.000000e+00   0.000000e+00   5.260702e-04
 0.000000e+00   0.000000e+00   1.368214e-03   0.000000e+00   0.000000e+00   1.389141e-03   3.538792e-03  -6.015558e-03   0.000000e+00
 2.237335e-04   9.780444e-07   0.000000e+00   3.800873e-04   2.474623e-06   0.000000e+00   0.000000e+00   0.000000e+00   2.885138e-05
 6.621480e-06   4.245889e-04   0.000000e+00   2.474623e-06   8.003049e-04   0.000000e+00   0.000000e+00   0.000000e+00   1.991998e-03
 0.000000e+00   0.000000e+00   1.389141e-03   0.000000e+00   0.000000e+00   3.176566e-03   9.852807e-03  -1.686109e-02   0.000000e+00
 0.000000e+00   0.000000e+00   3.538792e-03   0.000000e+00   0.000000e+00   9.852807e-03   9.182928e-02  -7.452246e-02   0.000000e+00
 0.000000e+00   0.000000e+00  -6.015558e-03   0.000000e+00   0.000000e+00  -1.686109e-02  -7.452246e-02   1.556395e-01   0.000000e+00
 1.199854e-04   5.260702e-04   0.000000e+00   2.885138e-05   1.991998e-03   0.000000e+00   0.000000e+00   0.000000e+00   4.255613e-02

# timestamp: 1774889950.9259138
 8.648485e-04   2.621207e-06   0.000000e+00   2.273770e-04   7.069412e-06   0.000000e+00   0.000000e+00   0.000000e+00   1.357211e-04
 2.621207e-06   9.755192e-04   0.000000e+00   7.954839e-07   4.318811e-04   0.000000e+00   0.000000e+00   0.000000e+00   5.584229e-04
 0.000000e+00   0.000000e+00   1.410806e-03   0.000000e+00   0.000000e+00   1.439639e-03   3.453899e-03  -6.327900e-03   0.000000e+00
 2.273770e-04   7.954839e-07   0.000000e+00   3.810108e-04   1.633567e-06   0.000000e+00   0.000000e+00   0.000000e+00   1.863365e-05
 7.069412e-06   4.318811e-04   0.000000e+00   1.633567e-06   8.027177e-04   0.000000e+00   0.000000e+00   0.000000e+00   2.036154e-03
 0.000000e+00   0.000000e+00   1.439639e-03   0.000000e+00   0.000000e+00   3.245953e-03   9.505133e-03  -1.739270e-02   0.000000e+00
 0.000000e+00   0.000000e+00   3.453899e-03   0.000000e+00   0.000000e+00   9.505133e-03   8.774530e-02  -7.184797e-02   0.000000e+00
 0.000000e+00   0.000000e+00  -6.327900e-03   0.000000e+00   0.000000e+00  -1.739270e-02  -7.184797e-02   1.605021e-01   0.000000e+00
 1.357211e-04   5.584229e-04   0.000000e+00   1.863365e-05   2.036154e-03   0.000000e+00   0.000000e+00   0.000000e+00   4.347389e-02

# timestamp: 1774889950.9483216
 8.968380e-04   2.796132e-06   0.000000e+00   2.357310e-04   7.444116e-06   0.000000e+00   0.000000e+00   0.000000e+00   1.361085e-04
 2.796132e-06   1.016675e-03   0.000000e+00   7.938521e-07   4.510083e-04   0.000000e+00   0.000000e+00   0.000000e+00   6.037425e-04
 0.000000e+00   0.000000e+00   1.497421e-03   0.000000e+00   0.000000e+00   1.527948e-03   3.663058e-03  -6.711122e-03   0.000000e+00
 2.357310e-04   7.938521e-07   0.000000e+00   3.831951e-04   1.546057e-06   0.000000e+00   0.000000e+00   0.000000e+00   1.582870e-05
 7.444116e-06   4.510083e-04   0.000000e+00   1.546057e-06   8.153520e-04   0.000000e+00   0.000000e+00   0.000000e+00   2.148378e-03
 0.000000e+00   0.000000e+00   1.527948e-03   0.000000e+00   0.000000e+00   3.337227e-03   9.690128e-03  -1.780166e-02   0.000000e+00
 0.000000e+00   0.000000e+00   3.663058e-03   0.000000e+00   0.000000e+00   9.690128e-03   8.993171e-02  -7.184797e-02   0.000000e+00
 0.000000e+00   0.000000e+00  -6.711122e-03   0.000000e+00   0.000000e+00  -1.780166e-02  -7.184797e-02   1.626885e-01   0.000000e+00
 1.361085e-04   6.037425e-04   0.000000e+00   1.582870e-05   2.148378e-03   0.000000e+00   0.000000e+00   0.000000e+00   4.566031e-02

# timestamp: 1774889950.9875722
 8.900222e-04  -1.525683e-06   0.000000e+00   2.342136e-04  -1.760426e-05   0.000000e+00   0.000000e+00   0.000000e+00  -3.908946e-04
-1.525683e-06   9.969035e-04   0.000000e+00  -2.695474e-07   4.272329e-04   0.000000e+00   0.000000e+00   0.000000e+00   2.571908e-04
 0.000000e+00   0.000000e+00   1.488421e-03   0.000000e+00   0.000000e+00   1.515481e-03   4.556254e-03  -6.323801e-03   0.000000e+00
 2.342136e-04  -2.695474e-07   0.000000e+00   3.828767e-04  -5.455908e-06   0.000000e+00   0.000000e+00   0.000000e+00  -1.309441e-04
-1.760426e-05   4.272329e-04   0.000000e+00  -5.455908e-06   7.972412e-04   0.000000e+00   0.000000e+00   0.000000e+00   1.968494e-03
 0.000000e+00   0.000000e+00   1.515481e-03   0.000000e+00   0.000000e+00   3.325433e-03   1.054421e-02  -1.743910e-02   0.000000e+00
 0.000000e+00   0.000000e+00   4.556254e-03   0.000000e+00   0.000000e+00   1.054421e-02   9.340416e-02  -7.456777e-02   0.000000e+00
 0.000000e+00   0.000000e+00  -6.323801e-03   0.000000e+00   0.000000e+00  -1.743910e-02  -7.456777e-02   1.599308e-01   0.000000e+00
-3.908946e-04   2.571908e-04   0.000000e+00  -1.309441e-04   1.968494e-03   0.000000e+00   0.000000e+00   0.000000e+00   4.477341e-02

# timestamp: 1774889951.0201137
 8.538284e-04   2.696223e-06   0.000000e+00   2.243704e-04   7.040063e-06   0.000000e+00   0.000000e+00   0.000000e+00   1.489055e-04
 2.696223e-06   9.611886e-04   0.000000e+00   5.492228e-07   4.251861e-04   0.000000e+00   0.000000e+00   0.000000e+00   5.620473e-04
 0.000000e+00   0.000000e+00   1.387980e-03   0.000000e+00   0.000000e+00   1.423689e-03   3.335585e-03  -6.320315e-03   0.000000e+00
 2.243704e-04   5.492228e-07   0.000000e+00   3.802079e-04   7.053551e-07   0.000000e+00   0.000000e+00   0.000000e+00   8.014898e-06
 7.040063e-06   4.251861e-04   0.000000e+00   7.053551e-07   7.974701e-04   0.000000e+00   0.000000e+00   0.000000e+00   2.002532e-03
 0.000000e+00   0.000000e+00   1.423689e-03   0.000000e+00   0.000000e+00   3.244423e-03   9.339175e-03  -1.748797e-02   0.000000e+00
 0.000000e+00   0.000000e+00   3.335585e-03   0.000000e+00   0.000000e+00   9.339175e-03   8.539241e-02  -7.116274e-02   0.000000e+00
 0.000000e+00   0.000000e+00  -6.320315e-03   0.000000e+00   0.000000e+00  -1.748797e-02  -7.116274e-02   1.615509e-01   0.000000e+00
 1.489055e-04   5.620473e-04   0.000000e+00   8.014898e-06   2.002532e-03   0.000000e+00   0.000000e+00   0.000000e+00   4.266135e-02

# timestamp: 1774889951.225317
 8.675045e-04   2.080778e-06   0.000000e+00   2.279397e-04   5.493431e-06   0.000000e+00   0.000000e+00   0.000000e+00   9.515220e-05
 2.080778e-06   9.785649e-04   0.000000e+00  -5.293383e-07   4.322911e-04   0.000000e+00   0.000000e+00   0.000000e+00   5.561695e-04
 0.000000e+00   0.000000e+00   1.435504e-03   0.000000e+00   0.000000e+00   1.485723e-03   3.547845e-03  -6.562355e-03   0.000000e+00
 2.279397e-04  -5.293383e-07   0.000000e+00   3.812758e-04  -2.796708e-06   0.000000e+00   0.000000e+00   0.000000e+00  -4.894949e-05
 5.493431e-06   4.322911e-04   0.000000e+00  -2.796708e-06   7.993444e-04   0.000000e+00   0.000000e+00   0.000000e+00   2.027819e-03
 0.000000e+00   0.000000e+00   1.485723e-03   0.000000e+00   0.000000e+00   3.336704e-03   9.618604e-03  -1.784923e-02   0.000000e+00
 0.000000e+00   0.000000e+00   3.547845e-03   0.000000e+00   0.000000e+00   9.618604e-03   8.687295e-02  -7.148445e-02   0.000000e+00
 0.000000e+00   0.000000e+00  -6.562355e-03   0.000000e+00   0.000000e+00  -1.784923e-02  -7.148445e-02   1.626682e-01   0.000000e+00
 9.515220e-05   5.561695e-04   0.000000e+00  -4.894949e-05   2.027819e-03   0.000000e+00   0.000000e+00   0.000000e+00   4.378325e-02

# timestamp: 1774889951.263122
 8.510710e-04  -9.107661e-07   0.000000e+00   2.245149e-04  -1.663131e-05   0.000000e+00   0.000000e+00   0.000000e+00  -4.014794e-04
-9.107661e-07   9.468554e-04   0.000000e+00  -7.820084e-07   4.029282e-04   0.000000e+00   0.000000e+00   0.000000e+00   1.759051e-04
 0.000000e+00   0.000000e+00   1.381113e-03   0.000000e+00   0.000000e+00   1.410429e-03   4.219523e-03  -5.774259e-03   0.000000e+00
 2.245149e-04  -7.820084e-07   0.000000e+00   3.806390e-04  -8.836743e-06   0.000000e+00   0.000000e+00   0.000000e+00  -1.844378e-04
-1.663131e-05   4.029282e-04   0.000000e+00  -8.836743e-06   7.776875e-04   0.000000e+00   0.000000e+00   0.000000e+00   1.809383e-03
 0.000000e+00   0.000000e+00   1.410429e-03   0.000000e+00   0.000000e+00   3.241454e-03   1.030079e-02  -1.693940e-02   0.000000e+00
 0.000000e+00   0.000000e+00   4.219523e-03   0.000000e+00   0.000000e+00   1.030079e-02   9.014816e-02  -7.365422e-02   0.000000e+00
 0.000000e+00   0.000000e+00  -5.774259e-03   0.000000e+00   0.000000e+00  -1.693940e-02  -7.365422e-02   1.561108e-01   0.000000e+00
-4.014794e-04   1.759051e-04   0.000000e+00  -1.844378e-04   1.809383e-03   0.000000e+00   0.000000e+00   0.000000e+00   4.222517e-02

# timestamp: 1774889951.3008015
 8.255339e-04   2.300460e-06   0.000000e+00   2.167815e-04   5.651649e-06   0.000000e+00   0.000000e+00   0.000000e+00   1.381630e-04
 2.300460e-06   9.247348e-04   0.000000e+00  -7.525538e-07   4.072633e-04   0.000000e+00   0.000000e+00   0.000000e+00   5.310645e-04
 0.000000e+00   0.000000e+00   1.325067e-03   0.000000e+00   0.000000e+00   1.373108e-03   3.218351e-03  -6.085371e-03   0.000000e+00
 2.167815e-04  -7.525538e-07   0.000000e+00   3.783688e-04  -3.785190e-06   0.000000e+00   0.000000e+00   0.000000e+00  -4.777812e-05
 5.651649e-06   4.072633e-04   0.000000e+00  -3.785190e-06   7.828289e-04   0.000000e+00   0.000000e+00   0.000000e+00   1.903583e-03
 0.000000e+00   0.000000e+00   1.373108e-03   0.000000e+00   0.000000e+00   3.226522e-03   9.373140e-03  -1.733729e-02   0.000000e+00
 0.000000e+00   0.000000e+00   3.218351e-03   0.000000e+00   0.000000e+00   9.373140e-03   8.412556e-02  -7.158824e-02   0.000000e+00
 0.000000e+00   0.000000e+00  -6.085371e-03   0.000000e+00   0.000000e+00  -1.733729e-02  -7.158824e-02   1.592081e-01   0.000000e+00
 1.381630e-04   5.310645e-04   0.000000e+00  -4.777812e-05   1.903583e-03   0.000000e+00   0.000000e+00   0.000000e+00   4.075799e-02

# timestamp: 1774889951.5566156
 9.148271e-04   2.291763e-06   0.000000e+00   2.400774e-04   5.659539e-06   0.000000e+00   0.000000e+00   0.000000e+00   1.390542e-04
 2.291763e-06   1.038435e-03   0.000000e+00  -2.659312e-06   4.594214e-04   0.000000e+00   0.000000e+00   0.000000e+00   6.601903e-04
 0.000000e+00   0.000000e+00   1.571886e-03   0.000000e+00   0.000000e+00   1.633307e-03   3.827240e-03  -7.147311e-03   0.000000e+00
 2.400774e-04  -2.659312e-06   0.000000e+00   3.847969e-04  -8.851871e-06   0.000000e+00   0.000000e+00   0.000000e+00  -9.829973e-05
 5.659539e-06   4.594214e-04   0.000000e+00  -8.851871e-06   8.157658e-04   0.000000e+00   0.000000e+00   0.000000e+00   2.215419e-03
 0.000000e+00   0.000000e+00   1.633307e-03   0.000000e+00   0.000000e+00   3.513731e-03   1.005065e-02  -1.846380e-02   0.000000e+00
 0.000000e+00   0.000000e+00   3.827240e-03   0.000000e+00   0.000000e+00   1.005065e-02   9.122493e-02  -7.181080e-02   0.000000e+00
 0.000000e+00   0.000000e+00  -7.147311e-03   0.000000e+00   0.000000e+00  -1.846380e-02  -7.181080e-02   1.637001e-01   0.000000e+00
 1.390542e-04   6.601903e-04   0.000000e+00  -9.829973e-05   2.215419e-03   0.000000e+00   0.000000e+00   0.000000e+00   4.695078e-02

# timestamp: 1774889951.6151395
 8.410439e-04   1.731515e-06   0.000000e+00   2.208241e-04   4.295913e-06   0.000000e+00   0.000000e+00   0.000000e+00   1.223241e-04
 1.731515e-06   9.436383e-04   0.000000e+00  -2.623838e-06   4.150360e-04   0.000000e+00   0.000000e+00   0.000000e+00   5.479112e-04
 0.000000e+00   0.000000e+00   1.370736e-03   0.000000e+00   0.000000e+00   1.428827e-03   3.382147e-03  -6.256491e-03   0.000000e+00
 2.208241e-04  -2.623838e-06   0.000000e+00   3.797835e-04  -9.147730e-06   0.000000e+00   0.000000e+00   0.000000e+00  -9.259830e-05
 4.295913e-06   4.150360e-04   0.000000e+00  -9.147730e-06   7.858840e-04   0.000000e+00   0.000000e+00   0.000000e+00   1.954567e-03
 0.000000e+00   0.000000e+00   1.428827e-03   0.000000e+00   0.000000e+00   3.307893e-03   9.670053e-03  -1.753210e-02   0.000000e+00
 0.000000e+00   0.000000e+00   3.382147e-03   0.000000e+00   0.000000e+00   9.670053e-03   8.633148e-02  -7.194761e-02   0.000000e+00
 0.000000e+00   0.000000e+00  -6.256491e-03   0.000000e+00   0.000000e+00  -1.753210e-02  -7.194761e-02   1.584716e-01   0.000000e+00
 1.223241e-04   5.479112e-04   0.000000e+00  -9.259830e-05   1.954567e-03   0.000000e+00   0.000000e+00   0.000000e+00   4.184903e-02

# timestamp: 1774889951.646061
 8.924449e-04   1.782972e-06   0.000000e+00   2.342807e-04   4.448675e-06   0.000000e+00   0.000000e+00   0.000000e+00   1.188719e-04
 1.782972e-06   1.009334e-03   0.000000e+00  -3.148318e-06   4.455023e-04   0.000000e+00   0.000000e+00   0.000000e+00   6.192829e-04
 0.000000e+00   0.000000e+00   1.511907e-03   0.000000e+00   0.000000e+00   1.575957e-03   3.727973e-03  -6.884704e-03   0.000000e+00
 2.342807e-04  -3.148318e-06   0.000000e+00   3.833791e-04  -1.020075e-05   0.000000e+00   0.000000e+00   0.000000e+00  -1.065697e-04
 4.448675e-06   4.455023e-04   0.000000e+00  -1.020075e-05   8.060570e-04   0.000000e+00   0.000000e+00   0.000000e+00   2.134000e-03
 0.000000e+00   0.000000e+00   1.575957e-03   0.000000e+00   0.000000e+00   3.463199e-03   9.991119e-03  -1.820926e-02   0.000000e+00
 0.000000e+00   0.000000e+00   3.727973e-03   0.000000e+00   0.000000e+00   9.991119e-03   8.986397e-02  -7.194761e-02   0.000000e+00
 0.000000e+00   0.000000e+00  -6.884704e-03   0.000000e+00   0.000000e+00  -1.820926e-02  -7.194761e-02   1.620040e-01   0.000000e+00
 1.188719e-04   6.192829e-04   0.000000e+00  -1.065697e-04   2.134000e-03   0.000000e+00   0.000000e+00   0.000000e+00   4.538152e-02

# timestamp: 1774889951.9370782
 8.672797e-04   1.019831e-06   0.000000e+00   2.278220e-04   2.787871e-06   0.000000e+00   0.000000e+00   0.000000e+00   1.297232e-04
 1.019831e-06   9.757092e-04   0.000000e+00  -4.600432e-06   4.287410e-04   0.000000e+00   0.000000e+00   0.000000e+00   5.772655e-04
 0.000000e+00   0.000000e+00   1.440737e-03   0.000000e+00   0.000000e+00   1.506736e-03   3.398509e-03  -6.566929e-03   0.000000e+00
 2.278220e-04  -4.600432e-06   0.000000e+00   3.819014e-04  -1.373393e-05   0.000000e+00   0.000000e+00   0.000000e+00  -1.064194e-04
 2.787871e-06   4.287410e-04   0.000000e+00  -1.373393e-05   7.953789e-04   0.000000e+00   0.000000e+00   0.000000e+00   2.066143e-03
 0.000000e+00   0.000000e+00   1.506736e-03   0.000000e+00   0.000000e+00   3.416128e-03   9.534580e-03  -1.804991e-02   0.000000e+00
 0.000000e+00   0.000000e+00   3.398509e-03   0.000000e+00   0.000000e+00   9.534580e-03   8.475946e-02  -6.957043e-02   0.000000e+00
 0.000000e+00   0.000000e+00  -6.566929e-03   0.000000e+00   0.000000e+00  -1.804991e-02  -6.957043e-02   1.615446e-01   0.000000e+00
 1.297232e-04   5.772655e-04   0.000000e+00  -1.064194e-04   2.066143e-03   0.000000e+00   0.000000e+00   0.000000e+00   4.360282e-02

# timestamp: 1774889951.9522378
 9.001238e-04   9.735872e-07   0.000000e+00   2.364082e-04   2.813470e-06   0.000000e+00   0.000000e+00   0.000000e+00   1.273008e-04
 9.735872e-07   1.017793e-03   0.000000e+00  -5.000658e-06   4.482938e-04   0.000000e+00   0.000000e+00   0.000000e+00   6.242511e-04
 0.000000e+00   0.000000e+00   1.532687e-03   0.000000e+00   0.000000e+00   1.602559e-03   3.613437e-03  -6.974180e-03   0.000000e+00
 2.364082e-04  -5.000658e-06   0.000000e+00   3.841763e-04  -1.433148e-05   0.000000e+00   0.000000e+00   0.000000e+00  -1.129981e-04
 2.813470e-06   4.482938e-04   0.000000e+00  -1.433148e-05   8.088184e-04   0.000000e+00   0.000000e+00   0.000000e+00   2.185468e-03
 0.000000e+00   0.000000e+00   1.602559e-03   0.000000e+00   0.000000e+00   3.517406e-03   9.730370e-03  -1.848997e-02   0.000000e+00
 0.000000e+00   0.000000e+00   3.613437e-03   0.000000e+00   0.000000e+00   9.730370e-03   8.700255e-02  -6.957043e-02   0.000000e+00
 0.000000e+00   0.000000e+00  -6.974180e-03   0.000000e+00   0.000000e+00  -1.848997e-02  -6.957043e-02   1.637877e-01   0.000000e+00
 1.273008e-04   6.242511e-04   0.000000e+00  -1.129981e-04   2.185468e-03   0.000000e+00   0.000000e+00   0.000000e+00   4.584591e-02

# timestamp: 1774889951.984709
 8.750809e-04  -3.535760e-06   0.000000e+00   2.315723e-04  -2.263766e-05   0.000000e+00   0.000000e+00   0.000000e+00  -4.107715e-04
-3.535760e-06   9.746751e-04   0.000000e+00  -5.047344e-06   4.150817e-04   0.000000e+00   0.000000e+00   0.000000e+00   2.724259e-04
 0.000000e+00   0.000000e+00   1.475288e-03   0.000000e+00   0.000000e+00   1.546147e-03   4.431846e-03  -6.434092e-03   0.000000e+00
 2.315723e-04  -5.047344e-06   0.000000e+00   3.833459e-04  -2.041522e-05   0.000000e+00   0.000000e+00   0.000000e+00  -2.451454e-04
-2.263766e-05   4.150817e-04   0.000000e+00  -2.041522e-05   7.853932e-04   0.000000e+00   0.000000e+00   0.000000e+00   1.954515e-03
 0.000000e+00   0.000000e+00   1.546147e-03   0.000000e+00   0.000000e+00   3.464090e-03   1.052319e-02  -1.797290e-02   0.000000e+00
 0.000000e+00   0.000000e+00   4.431846e-03   0.000000e+00   0.000000e+00   1.052319e-02   8.895824e-02  -7.247437e-02   0.000000e+00
 0.000000e+00   0.000000e+00  -6.434092e-03   0.000000e+00   0.000000e+00  -1.797290e-02  -7.247437e-02   1.603945e-01   0.000000e+00
-4.107715e-04   2.724259e-04   0.000000e+00  -2.451454e-04   1.954515e-03   0.000000e+00   0.000000e+00   0.000000e+00   4.370251e-02

# timestamp: 1774889952.0236197
 8.611307e-04   6.517114e-07   0.000000e+00   2.262595e-04   2.214081e-06   0.000000e+00   0.000000e+00   0.000000e+00   1.247076e-04
 6.517114e-07   9.673865e-04   0.000000e+00  -4.954927e-06   4.244241e-04   0.000000e+00   0.000000e+00   0.000000e+00   5.565680e-04
 0.000000e+00   0.000000e+00   1.421757e-03   0.000000e+00   0.000000e+00   1.486639e-03   3.240716e-03  -6.478277e-03   0.000000e+00
 2.262595e-04  -4.954927e-06   0.000000e+00   3.815043e-04  -1.429208e-05   0.000000e+00   0.000000e+00   0.000000e+00  -9.774853e-05
 2.214081e-06   4.244241e-04   0.000000e+00  -1.429208e-05   7.930100e-04   0.000000e+00   0.000000e+00   0.000000e+00   2.043925e-03
 0.000000e+00   0.000000e+00   1.486639e-03   0.000000e+00   0.000000e+00   3.400474e-03   9.188732e-03  -1.803853e-02   0.000000e+00
 0.000000e+00   0.000000e+00   3.240716e-03   0.000000e+00   0.000000e+00   9.188732e-03   8.149060e-02  -6.742940e-02   0.000000e+00
 0.000000e+00   0.000000e+00  -6.478277e-03   0.000000e+00   0.000000e+00  -1.803853e-02  -6.742940e-02   1.623272e-01   0.000000e+00
 1.247076e-04   5.565680e-04   0.000000e+00  -9.774853e-05   2.043925e-03   0.000000e+00   0.000000e+00   0.000000e+00   4.317545e-02

# timestamp: 1774889952.30727
 8.403356e-04  -6.780874e-07   0.000000e+00   2.212308e-04  -3.352553e-07   0.000000e+00   0.000000e+00   0.000000e+00   7.098530e-05
-6.780874e-07   9.401737e-04   0.000000e+00  -5.157923e-06   4.101571e-04   0.000000e+00   0.000000e+00   0.000000e+00   4.741632e-04
 0.000000e+00   0.000000e+00   1.358773e-03   0.000000e+00   0.000000e+00   1.412894e-03   2.609330e-03  -6.170424e-03   0.000000e+00
 2.212308e-04  -5.157923e-06   0.000000e+00   3.799803e-04  -1.275792e-05   0.000000e+00   0.000000e+00   0.000000e+00  -3.919143e-05
-3.352553e-07   4.101571e-04   0.000000e+00  -1.275792e-05   7.842404e-04   0.000000e+00   0.000000e+00   0.000000e+00   1.963941e-03
 0.000000e+00   0.000000e+00   1.412894e-03   0.000000e+00   0.000000e+00   3.312302e-03   7.470575e-03  -1.789537e-02   0.000000e+00
 0.000000e+00   0.000000e+00   2.609330e-03   0.000000e+00   0.000000e+00   7.470575e-03   6.763491e-02  -5.612317e-02   0.000000e+00
 0.000000e+00   0.000000e+00  -6.170424e-03   0.000000e+00   0.000000e+00  -1.789537e-02  -5.612317e-02   1.656042e-01   0.000000e+00
 7.098530e-05   4.741632e-04   0.000000e+00  -3.919143e-05   1.963941e-03   0.000000e+00   0.000000e+00   0.000000e+00   4.182879e-02

# timestamp: 1774889952.3284085
 8.717503e-04  -8.013919e-07   0.000000e+00   2.294974e-04  -4.322163e-07   0.000000e+00   0.000000e+00   0.000000e+00   7.016652e-05
-8.013919e-07   9.799789e-04   0.000000e+00  -5.384177e-06   4.285187e-04   0.000000e+00   0.000000e+00   0.000000e+00   5.174649e-04
 0.000000e+00   0.000000e+00   1.443406e-03   0.000000e+00   0.000000e+00   1.501336e-03   2.772070e-03  -6.560914e-03   0.000000e+00
 2.294974e-04  -5.384177e-06   0.000000e+00   3.821385e-04  -1.265412e-05   0.000000e+00   0.000000e+00   0.000000e+00  -3.494896e-05
-4.322163e-07   4.285187e-04   0.000000e+00  -1.265412e-05   7.966427e-04   0.000000e+00   0.000000e+00   0.000000e+00   2.073696e-03
 0.000000e+00   0.000000e+00   1.501336e-03   0.000000e+00   0.000000e+00   3.404809e-03   7.606124e-03  -1.831350e-02   0.000000e+00
 0.000000e+00   0.000000e+00   2.772070e-03   0.000000e+00   0.000000e+00   7.606124e-03   6.980037e-02  -5.612317e-02   0.000000e+00
 0.000000e+00   0.000000e+00  -6.560914e-03   0.000000e+00   0.000000e+00  -1.831350e-02  -5.612317e-02   1.677697e-01   0.000000e+00
 7.016652e-05   5.174649e-04   0.000000e+00  -3.494896e-05   2.073696e-03   0.000000e+00   0.000000e+00   0.000000e+00   4.399425e-02

# timestamp: 1774889952.3648565
 8.112018e-04  -9.672952e-07   0.000000e+00   2.135962e-04  -1.143143e-06   0.000000e+00   0.000000e+00   0.000000e+00   4.570144e-05
-9.672952e-07   9.036568e-04   0.000000e+00  -4.849950e-06   3.931038e-04   0.000000e+00   0.000000e+00   0.000000e+00   4.273591e-04
 0.000000e+00   0.000000e+00   1.283579e-03   0.000000e+00   0.000000e+00   1.332450e-03   2.299391e-03  -5.844560e-03   0.000000e+00
 2.135962e-04  -4.849950e-06   0.000000e+00   3.778955e-04  -1.150693e-05   0.000000e+00   0.000000e+00   0.000000e+00  -1.836492e-05
-1.143143e-06   3.931038e-04   0.000000e+00  -1.150693e-05   7.731567e-04   0.000000e+00   0.000000e+00   0.000000e+00   1.861212e-03
 0.000000e+00   0.000000e+00   1.332450e-03   0.000000e+00   0.000000e+00   3.220764e-03   6.739130e-03  -1.758455e-02   0.000000e+00
 0.000000e+00   0.000000e+00   2.299391e-03   0.000000e+00   0.000000e+00   6.739130e-03   6.149232e-02  -5.171916e-02   0.000000e+00
 0.000000e+00   0.000000e+00  -5.844560e-03   0.000000e+00   0.000000e+00  -1.758455e-02  -5.171916e-02   1.655393e-01   0.000000e+00
 4.570144e-05   4.273591e-04   0.000000e+00  -1.836492e-05   1.861212e-03   0.000000e+00   0.000000e+00   0.000000e+00   3.982136e-02

# timestamp: 1774889952.6328855
 8.846273e-04  -1.020736e-06   0.000000e+00   2.330245e-04   5.391239e-07   0.000000e+00   0.000000e+00   0.000000e+00   1.308048e-04
-1.020736e-06   9.946531e-04   0.000000e+00  -4.257034e-06   4.339952e-04   0.000000e+00   0.000000e+00   0.000000e+00   5.222218e-04
 0.000000e+00   0.000000e+00   1.463954e-03   0.000000e+00   0.000000e+00   1.505869e-03   1.992396e-03  -6.654629e-03   0.000000e+00
 2.330245e-04  -4.257034e-06   0.000000e+00   3.829566e-04  -6.047169e-06   0.000000e+00   0.000000e+00   0.000000e+00   7.828038e-05
 5.391239e-07   4.339952e-04   0.000000e+00  -6.047169e-06   8.001776e-04   0.000000e+00   0.000000e+00   0.000000e+00   2.102276e-03
 0.000000e+00   0.000000e+00   1.505869e-03   0.000000e+00   0.000000e+00   3.379301e-03   5.517769e-03  -1.850333e-02   0.000000e+00
 0.000000e+00   0.000000e+00   1.992396e-03   0.000000e+00   0.000000e+00   5.517769e-03   5.884622e-02  -4.202105e-02   0.000000e+00
 0.000000e+00   0.000000e+00  -6.654629e-03   0.000000e+00   0.000000e+00  -1.850333e-02  -4.202105e-02   1.732308e-01   0.000000e+00
 1.308048e-04   5.222218e-04   0.000000e+00   7.828038e-05   2.102276e-03   0.000000e+00   0.000000e+00   0.000000e+00   4.472702e-02

# timestamp: 1774889952.6763995
 8.747792e-04  -6.269406e-06   0.000000e+00   2.296932e-04  -2.661977e-05   0.000000e+00   0.000000e+00   0.000000e+00  -4.370953e-04
-6.269406e-06   9.735900e-04   0.000000e+00  -5.530048e-06   4.176545e-04   0.000000e+00   0.000000e+00   0.000000e+00   3.512558e-04
 0.000000e+00   0.000000e+00   1.461622e-03   0.000000e+00   0.000000e+00   1.514449e-03   2.923322e-03  -6.611376e-03   0.000000e+00
 2.296932e-04  -5.530048e-06   0.000000e+00   3.819030e-04  -1.228071e-05   0.000000e+00   0.000000e+00   0.000000e+00  -6.009778e-05
-2.661977e-05   4.176545e-04   0.000000e+00  -1.228071e-05   7.887366e-04   0.000000e+00   0.000000e+00   0.000000e+00   1.992046e-03
 0.000000e+00   0.000000e+00   1.514449e-03   0.000000e+00   0.000000e+00   3.398721e-03   6.361339e-03  -1.853490e-02   0.000000e+00
 0.000000e+00   0.000000e+00   2.923322e-03   0.000000e+00   0.000000e+00   6.361339e-03   6.018804e-02  -4.530243e-02   0.000000e+00
 0.000000e+00   0.000000e+00  -6.611376e-03   0.000000e+00   0.000000e+00  -1.853490e-02  -4.530243e-02   1.735182e-01   0.000000e+00
-4.370953e-04   3.512558e-04   0.000000e+00  -6.009778e-05   1.992046e-03   0.000000e+00   0.000000e+00   0.000000e+00   4.378985e-02

# timestamp: 1774889952.704109
 8.406306e-04  -6.944001e-07   0.000000e+00   2.214943e-04   1.623829e-06   0.000000e+00   0.000000e+00   0.000000e+00   1.751800e-04
-6.944001e-07   9.379123e-04   0.000000e+00  -3.613215e-06   4.073158e-04   0.000000e+00   0.000000e+00   0.000000e+00   4.598670e-04
 0.000000e+00   0.000000e+00   1.340362e-03   0.000000e+00   0.000000e+00   1.371900e-03   1.575264e-03  -6.066735e-03   0.000000e+00
 2.214943e-04  -3.613215e-06   0.000000e+00   3.799588e-04  -4.248406e-06   0.000000e+00   0.000000e+00   0.000000e+00   1.040055e-04
 1.623829e-06   4.073158e-04   0.000000e+00  -4.248406e-06   7.818499e-04   0.000000e+00   0.000000e+00   0.000000e+00   1.938571e-03
 0.000000e+00   0.000000e+00   1.371900e-03   0.000000e+00   0.000000e+00   3.232456e-03   4.814829e-03  -1.790994e-02   0.000000e+00
 0.000000e+00   0.000000e+00   1.575264e-03   0.000000e+00   0.000000e+00   4.814829e-03   5.332686e-02  -3.839759e-02   0.000000e+00
 0.000000e+00   0.000000e+00  -6.066735e-03   0.000000e+00   0.000000e+00  -1.790994e-02  -3.839759e-02   1.715219e-01   0.000000e+00
 1.751800e-04   4.598670e-04   0.000000e+00   1.040055e-04   1.938571e-03   0.000000e+00   0.000000e+00   0.000000e+00   4.164916e-02

# timestamp: 1774889952.9900951
 8.852909e-04  -6.208042e-06   0.000000e+00   2.317311e-04  -2.318631e-05   0.000000e+00   0.000000e+00   0.000000e+00  -3.761234e-04
-6.208042e-06   9.873604e-04   0.000000e+00  -3.605574e-06   4.232686e-04   0.000000e+00   0.000000e+00   0.000000e+00   3.827728e-04
 0.000000e+00   0.000000e+00   1.471003e-03   0.000000e+00   0.000000e+00   1.506960e-03   2.352147e-03  -6.677731e-03   0.000000e+00
 2.317311e-04  -3.605574e-06   0.000000e+00   3.825435e-04  -4.178686e-06   0.000000e+00   0.000000e+00   0.000000e+00   2.363013e-05
-2.318631e-05   4.232686e-04   0.000000e+00  -4.178686e-06   7.887839e-04   0.000000e+00   0.000000e+00   0.000000e+00   1.995249e-03
 0.000000e+00   0.000000e+00   1.506960e-03   0.000000e+00   0.000000e+00   3.368464e-03   4.973254e-03  -1.870130e-02   0.000000e+00
 0.000000e+00   0.000000e+00   2.352147e-03   0.000000e+00   0.000000e+00   4.973254e-03   5.478730e-02  -3.655791e-02   0.000000e+00
 0.000000e+00   0.000000e+00  -6.677731e-03   0.000000e+00   0.000000e+00  -1.870130e-02  -3.655791e-02   1.784760e-01   0.000000e+00
-3.761234e-04   3.827728e-04   0.000000e+00   2.363013e-05   1.995249e-03   0.000000e+00   0.000000e+00   0.000000e+00   4.440924e-02

# timestamp: 1774889953.0266187
 8.737527e-04  -9.204329e-08   0.000000e+00   2.304997e-04   5.423578e-06   0.000000e+00   0.000000e+00   0.000000e+00   2.249123e-04
-9.204329e-08   9.778449e-04   0.000000e+00  -1.319251e-06   4.238188e-04   0.000000e+00   0.000000e+00   0.000000e+00   4.905013e-04
 0.000000e+00   0.000000e+00   1.419297e-03   0.000000e+00   0.000000e+00   1.446051e-03   1.203359e-03  -6.490337e-03   0.000000e+00
 2.304997e-04  -1.319251e-06   0.000000e+00   3.827495e-04   4.386388e-06   0.000000e+00   0.000000e+00   0.000000e+00   1.872157e-04
 5.423578e-06   4.238188e-04   0.000000e+00   4.386388e-06   7.885502e-04   0.000000e+00   0.000000e+00   0.000000e+00   2.002569e-03
 0.000000e+00   0.000000e+00   1.446051e-03   0.000000e+00   0.000000e+00   3.297420e-03   3.694803e-03  -1.849575e-02   0.000000e+00
 0.000000e+00   0.000000e+00   1.203359e-03   0.000000e+00   0.000000e+00   3.694803e-03   5.102273e-02  -3.064059e-02   0.000000e+00
 0.000000e+00   0.000000e+00  -6.490337e-03   0.000000e+00   0.000000e+00  -1.849575e-02  -3.064059e-02   1.784175e-01   0.000000e+00
 2.249123e-04   4.905013e-04   0.000000e+00   1.872157e-04   2.002569e-03   0.000000e+00   0.000000e+00   0.000000e+00   4.383801e-02

# timestamp: 1774889953.0763178
 8.635106e-04  -5.654608e-06   0.000000e+00   2.258606e-04  -2.161213e-05   0.000000e+00   0.000000e+00   0.000000e+00  -3.872396e-04
-5.654608e-06   9.596093e-04   0.000000e+00  -2.767537e-06   4.107138e-04   0.000000e+00   0.000000e+00   0.000000e+00   3.600562e-04
 0.000000e+00   0.000000e+00   1.411595e-03   0.000000e+00   0.000000e+00   1.445962e-03   2.177748e-03  -6.450594e-03   0.000000e+00
 2.258606e-04  -2.767537e-06   0.000000e+00   3.810897e-04  -1.821774e-06   0.000000e+00   0.000000e+00   0.000000e+00   3.319363e-05
-2.161213e-05   4.107138e-04   0.000000e+00  -1.821774e-06   7.792762e-04   0.000000e+00   0.000000e+00   0.000000e+00   1.912921e-03
 0.000000e+00   0.000000e+00   1.445962e-03   0.000000e+00   0.000000e+00   3.305000e-03   4.602277e-03  -1.851684e-02   0.000000e+00
 0.000000e+00   0.000000e+00   2.177748e-03   0.000000e+00   0.000000e+00   4.602277e-03   5.193957e-02  -3.440162e-02   0.000000e+00
 0.000000e+00   0.000000e+00  -6.450594e-03   0.000000e+00   0.000000e+00  -1.851684e-02  -3.440162e-02   1.787950e-01   0.000000e+00
-3.872396e-04   3.600562e-04   0.000000e+00   3.319363e-05   1.912921e-03   0.000000e+00   0.000000e+00   0.000000e+00   4.285261e-02

# timestamp: 1774889953.3147583
 8.554751e-04   8.350478e-07   0.000000e+00   2.262271e-04   8.260346e-06   0.000000e+00   0.000000e+00   0.000000e+00   2.240759e-04
 8.350478e-07   9.539949e-04   0.000000e+00   1.564047e-06   4.114305e-04   0.000000e+00   0.000000e+00   0.000000e+00   4.532574e-04
 0.000000e+00   0.000000e+00   1.374337e-03   0.000000e+00   0.000000e+00   1.402199e-03   8.410019e-04  -6.395213e-03   0.000000e+00
 2.262271e-04   1.564047e-06   0.000000e+00   3.825060e-04   1.268780e-05   0.000000e+00   0.000000e+00   0.000000e+00   2.467473e-04
 8.260346e-06   4.114305e-04   0.000000e+00   1.268780e-05   7.749403e-04   0.000000e+00   0.000000e+00   0.000000e+00   1.898084e-03
 0.000000e+00   0.000000e+00   1.402199e-03   0.000000e+00   0.000000e+00   3.249805e-03   2.700004e-03  -1.853051e-02   0.000000e+00
 0.000000e+00   0.000000e+00   8.410019e-04   0.000000e+00   0.000000e+00   2.700004e-03   4.703668e-02  -2.377491e-02   0.000000e+00
 0.000000e+00   0.000000e+00  -6.395213e-03   0.000000e+00   0.000000e+00  -1.853051e-02  -2.377491e-02   1.818760e-01   0.000000e+00
 2.240759e-04   4.532574e-04   0.000000e+00   2.467473e-04   1.898084e-03   0.000000e+00   0.000000e+00   0.000000e+00   4.280715e-02

# timestamp: 1774889953.3427477
 8.844292e-04   1.038011e-06   0.000000e+00   2.339139e-04   9.009632e-06   0.000000e+00   0.000000e+00   0.000000e+00   2.290358e-04
 1.038011e-06   9.904582e-04   0.000000e+00   1.971824e-06   4.279088e-04   0.000000e+00   0.000000e+00   0.000000e+00   4.913586e-04
 0.000000e+00   0.000000e+00   1.451197e-03   0.000000e+00   0.000000e+00   1.481197e-03   8.947203e-04  -6.764564e-03   0.000000e+00
 2.339139e-04   1.971824e-06   0.000000e+00   3.846476e-04   1.384391e-05   0.000000e+00   0.000000e+00   0.000000e+00   2.605951e-04
 9.009632e-06   4.279088e-04   0.000000e+00   1.384391e-05   7.853301e-04   0.000000e+00   0.000000e+00   0.000000e+00   1.993796e-03
 0.000000e+00   0.000000e+00   1.481197e-03   0.000000e+00   0.000000e+00   3.330993e-03   2.736197e-03  -1.891923e-02   0.000000e+00
 0.000000e+00   0.000000e+00   8.947203e-04   0.000000e+00   0.000000e+00   2.736197e-03   4.901971e-02  -2.377491e-02   0.000000e+00
 0.000000e+00   0.000000e+00  -6.764564e-03   0.000000e+00   0.000000e+00  -1.891923e-02  -2.377491e-02   1.838590e-01   0.000000e+00
 2.290358e-04   4.913586e-04   0.000000e+00   2.605951e-04   1.993796e-03   0.000000e+00   0.000000e+00   0.000000e+00   4.479017e-02

# timestamp: 1774889953.397303
 8.973984e-04  -5.079025e-06   0.000000e+00   2.343645e-04  -1.824736e-05   0.000000e+00   0.000000e+00   0.000000e+00  -3.594913e-04
-5.079025e-06   1.002763e-03   0.000000e+00   7.461261e-07   4.300671e-04   0.000000e+00   0.000000e+00   0.000000e+00   4.309651e-04
 0.000000e+00   0.000000e+00   1.508926e-03   0.000000e+00   0.000000e+00   1.548625e-03   1.889103e-03  -7.094873e-03   0.000000e+00
 2.343645e-04   7.461261e-07   0.000000e+00   3.842561e-04   8.648473e-06   0.000000e+00   0.000000e+00   0.000000e+00   1.281512e-04
-1.824736e-05   4.300671e-04   0.000000e+00   8.648473e-06   7.856935e-04   0.000000e+00   0.000000e+00   0.000000e+00   2.002908e-03
 0.000000e+00   0.000000e+00   1.548625e-03   0.000000e+00   0.000000e+00   3.408557e-03   3.627383e-03  -1.932873e-02   0.000000e+00
 0.000000e+00   0.000000e+00   1.889103e-03   0.000000e+00   0.000000e+00   3.627383e-03   5.113019e-02  -2.732530e-02   0.000000e+00
 0.000000e+00   0.000000e+00  -7.094873e-03   0.000000e+00   0.000000e+00  -1.932873e-02  -2.732530e-02   1.863009e-01   0.000000e+00
-3.594913e-04   4.309651e-04   0.000000e+00   1.281512e-04   2.002908e-03   0.000000e+00   0.000000e+00   0.000000e+00   4.551331e-02

# timestamp: 1774889953.67661
 8.635785e-04  -2.965135e-06   0.000000e+00   2.254725e-04  -1.221993e-05   0.000000e+00   0.000000e+00   0.000000e+00  -3.045204e-04
-2.965135e-06   9.604979e-04   0.000000e+00   4.469113e-06   4.102187e-04   0.000000e+00   0.000000e+00   0.000000e+00   4.048608e-04
 0.000000e+00   0.000000e+00   1.417457e-03   0.000000e+00   0.000000e+00   1.458025e-03   1.441546e-03  -6.790797e-03   0.000000e+00
 2.254725e-04   4.469113e-06   0.000000e+00   3.832832e-04   1.851728e-05   0.000000e+00   0.000000e+00   0.000000e+00   1.980721e-04
-1.221993e-05   4.102187e-04   0.000000e+00   1.851728e-05   7.686399e-04   0.000000e+00   0.000000e+00   0.000000e+00   1.880947e-03
 0.000000e+00   0.000000e+00   1.458025e-03   0.000000e+00   0.000000e+00   3.322680e-03   2.686592e-03  -1.916717e-02   0.000000e+00
 0.000000e+00   0.000000e+00   1.441546e-03   0.000000e+00   0.000000e+00   2.686592e-03   4.650343e-02  -2.135210e-02   0.000000e+00
 0.000000e+00   0.000000e+00  -6.790797e-03   0.000000e+00   0.000000e+00  -1.916717e-02  -2.135210e-02   1.878924e-01   0.000000e+00
-3.045204e-04   4.048608e-04   0.000000e+00   1.980721e-04   1.880947e-03   0.000000e+00   0.000000e+00   0.000000e+00   4.311090e-02

# timestamp: 1774889953.6954603
 8.133697e-04   2.585194e-06   0.000000e+00   2.160235e-04   1.288190e-05   0.000000e+00   0.000000e+00   0.000000e+00   2.609465e-04
 2.585194e-06   8.994989e-04   0.000000e+00   5.809792e-06   3.845406e-04   0.000000e+00   0.000000e+00   0.000000e+00   3.880536e-04
 0.000000e+00   0.000000e+00   1.270140e-03   0.000000e+00   0.000000e+00   1.299329e-03   3.706780e-04  -6.009599e-03   0.000000e+00
 2.160235e-04   5.809792e-06   0.000000e+00   3.817196e-04   2.453658e-05   0.000000e+00   0.000000e+00   0.000000e+00   3.279919e-04
 1.288190e-05   3.845406e-04   0.000000e+00   2.453658e-05   7.521908e-04   0.000000e+00   0.000000e+00   0.000000e+00   1.739582e-03
 0.000000e+00   0.000000e+00   1.299329e-03   0.000000e+00   0.000000e+00   3.151992e-03   1.526761e-03  -1.833184e-02   0.000000e+00
 0.000000e+00   0.000000e+00   3.706780e-04   0.000000e+00   0.000000e+00   1.526761e-03   4.165229e-02  -1.562045e-02   0.000000e+00
 0.000000e+00   0.000000e+00  -6.009599e-03   0.000000e+00   0.000000e+00  -1.833184e-02  -1.562045e-02   1.838517e-01   0.000000e+00
 2.609465e-04   3.880536e-04   0.000000e+00   3.279919e-04   1.739582e-03   0.000000e+00   0.000000e+00   0.000000e+00   3.982774e-02

# timestamp: 1774889953.743723
 8.873543e-04   3.641354e-06   0.000000e+00   2.359639e-04   1.570954e-05   0.000000e+00   0.000000e+00   0.000000e+00   2.785854e-04
 3.641354e-06   9.917095e-04   0.000000e+00   7.646444e-06   4.258753e-04   0.000000e+00   0.000000e+00   0.000000e+00   4.811571e-04
 0.000000e+00   0.000000e+00   1.463165e-03   0.000000e+00   0.000000e+00   1.499972e-03   4.491672e-04  -6.963114e-03   0.000000e+00
 2.359639e-04   7.646444e-06   0.000000e+00   3.876231e-04   2.861100e-05   0.000000e+00   0.000000e+00   0.000000e+00   3.773001e-04
 1.570954e-05   4.258753e-04   0.000000e+00   2.861100e-05   7.777995e-04   0.000000e+00   0.000000e+00   0.000000e+00   1.977194e-03
 0.000000e+00   0.000000e+00   1.499972e-03   0.000000e+00   0.000000e+00   3.361694e-03   1.561661e-03  -1.934725e-02   0.000000e+00
 0.000000e+00   0.000000e+00   4.491672e-04   0.000000e+00   0.000000e+00   1.561661e-03   4.674813e-02  -1.562045e-02   0.000000e+00
 0.000000e+00   0.000000e+00  -6.963114e-03   0.000000e+00   0.000000e+00  -1.934725e-02  -1.562045e-02   1.889475e-01   0.000000e+00
 2.785854e-04   4.811571e-04   0.000000e+00   3.773001e-04   1.977194e-03   0.000000e+00   0.000000e+00   0.000000e+00   4.492358e-02

# timestamp: 1774889954.0378437
 8.763753e-04   5.527133e-06   0.000000e+00   2.341903e-04   2.003284e-05   0.000000e+00   0.000000e+00   0.000000e+00   2.990813e-04
 5.527133e-06   9.753694e-04   0.000000e+00   1.181228e-05   4.151885e-04   0.000000e+00   0.000000e+00   0.000000e+00   4.333448e-04
 0.000000e+00   0.000000e+00   1.424965e-03   0.000000e+00   0.000000e+00   1.453723e-03   3.315590e-05  -6.722312e-03   0.000000e+00
 2.341903e-04   1.181228e-05   0.000000e+00   3.897163e-04   3.934915e-05   0.000000e+00   0.000000e+00   0.000000e+00   4.485238e-04
 2.003284e-05   4.151885e-04   0.000000e+00   3.934915e-05   7.654325e-04   0.000000e+00   0.000000e+00   0.000000e+00   1.901387e-03
 0.000000e+00   0.000000e+00   1.453723e-03   0.000000e+00   0.000000e+00   3.305195e-03   4.475234e-04  -1.910895e-02   0.000000e+00
 0.000000e+00   0.000000e+00   3.315590e-05   0.000000e+00   0.000000e+00   4.475234e-04   4.454427e-02  -6.934942e-03   0.000000e+00
 0.000000e+00   0.000000e+00  -6.722312e-03   0.000000e+00   0.000000e+00  -1.910895e-02  -6.934942e-03   1.887635e-01   0.000000e+00
 2.990813e-04   4.333448e-04   0.000000e+00   4.485238e-04   1.901387e-03   0.000000e+00   0.000000e+00   0.000000e+00   4.404497e-02

# timestamp: 1774889954.0740037
 8.619456e-04  -4.399294e-07   0.000000e+00   2.250231e-04  -6.610030e-06   0.000000e+00   0.000000e+00   0.000000e+00  -3.353251e-04
-4.399294e-07   9.564299e-04   0.000000e+00   1.060278e-05   4.065152e-04   0.000000e+00   0.000000e+00   0.000000e+00   4.222534e-04
 0.000000e+00   0.000000e+00   1.411863e-03   0.000000e+00   0.000000e+00   1.450685e-03   1.014390e-03  -6.846394e-03   0.000000e+00
 2.250231e-04   1.060278e-05   0.000000e+00   3.861760e-04   3.330007e-05   0.000000e+00   0.000000e+00   0.000000e+00   2.805813e-04
-6.610030e-06   4.065152e-04   0.000000e+00   3.330007e-05   7.592019e-04   0.000000e+00   0.000000e+00   0.000000e+00   1.849923e-03
 0.000000e+00   0.000000e+00   1.450685e-03   0.000000e+00   0.000000e+00   3.312135e-03   1.349534e-03  -1.928720e-02   0.000000e+00
 0.000000e+00   0.000000e+00   1.014390e-03   0.000000e+00   0.000000e+00   1.349534e-03   4.391922e-02  -1.056826e-02   0.000000e+00
 0.000000e+00   0.000000e+00  -6.846394e-03   0.000000e+00   0.000000e+00  -1.928720e-02  -1.056826e-02   1.903777e-01   0.000000e+00
-3.353251e-04   4.222534e-04   0.000000e+00   2.805813e-04   1.849923e-03   0.000000e+00   0.000000e+00   0.000000e+00   4.285589e-02

# timestamp: 1774889954.1360564
 8.462528e-04   5.557475e-06   0.000000e+00   2.263130e-04   2.031725e-05   0.000000e+00   0.000000e+00   0.000000e+00   3.046315e-04
 5.557475e-06   9.366794e-04   0.000000e+00   1.224829e-05   3.964363e-04   0.000000e+00   0.000000e+00   0.000000e+00   3.788063e-04
 0.000000e+00   0.000000e+00   1.338275e-03   0.000000e+00   0.000000e+00   1.356622e-03  -1.355126e-04  -6.221298e-03   0.000000e+00
 2.263130e-04   1.224829e-05   0.000000e+00   3.882673e-04   4.132822e-05   0.000000e+00   0.000000e+00   0.000000e+00   4.506807e-04
 2.031725e-05   3.964363e-04   0.000000e+00   4.132822e-05   7.523188e-04   0.000000e+00   0.000000e+00   0.000000e+00   1.791404e-03
 0.000000e+00   0.000000e+00   1.356622e-03   0.000000e+00   0.000000e+00   3.194771e-03   2.206815e-05  -1.854367e-02   0.000000e+00
 0.000000e+00   0.000000e+00  -1.355126e-04   0.000000e+00   0.000000e+00   2.206815e-05   4.197687e-02  -3.406571e-03   0.000000e+00
 0.000000e+00   0.000000e+00  -6.221298e-03   0.000000e+00   0.000000e+00  -1.854367e-02  -3.406571e-03   1.860043e-01   0.000000e+00
 3.046315e-04   3.788063e-04   0.000000e+00   4.506807e-04   1.791404e-03   0.000000e+00   0.000000e+00   0.000000e+00   4.171071e-02

# timestamp: 1774889954.3756025
 8.608324e-04   1.858943e-06   0.000000e+00   2.251766e-04  -1.844496e-06   0.000000e+00   0.000000e+00   0.000000e+00  -3.400079e-04
 1.858943e-06   9.532655e-04   0.000000e+00   1.542639e-05   4.026677e-04   0.000000e+00   0.000000e+00   0.000000e+00   4.246070e-04
 0.000000e+00   0.000000e+00   1.402275e-03   0.000000e+00   0.000000e+00   1.430314e-03   6.737817e-04  -6.792999e-03   0.000000e+00
 2.251766e-04   1.542639e-05   0.000000e+00   3.891547e-04   4.378340e-05   0.000000e+00   0.000000e+00   0.000000e+00   3.397769e-04
-1.844496e-06   4.026677e-04   0.000000e+00   4.378340e-05   7.475834e-04   0.000000e+00   0.000000e+00   0.000000e+00   1.789219e-03
 0.000000e+00   0.000000e+00   1.430314e-03   0.000000e+00   0.000000e+00   3.261727e-03   3.489460e-04  -1.909969e-02   0.000000e+00
 0.000000e+00   0.000000e+00   6.737817e-04   0.000000e+00   0.000000e+00   3.489460e-04   4.338388e-02  -2.647992e-03   0.000000e+00
 0.000000e+00   0.000000e+00  -6.792999e-03   0.000000e+00   0.000000e+00  -1.909969e-02  -2.647992e-03   1.909656e-01   0.000000e+00
-3.400079e-04   4.246070e-04   0.000000e+00   3.397769e-04   1.789219e-03   0.000000e+00   0.000000e+00   0.000000e+00   4.303077e-02

# timestamp: 1774889954.4068933
 8.411791e-04   7.473332e-06   0.000000e+00   2.261382e-04   2.309878e-05   0.000000e+00   0.000000e+00   0.000000e+00   2.591524e-04
 7.473332e-06   9.292871e-04   0.000000e+00   1.649807e-05   3.901913e-04   0.000000e+00   0.000000e+00   0.000000e+00   3.593470e-04
 0.000000e+00   0.000000e+00   1.326803e-03   0.000000e+00   0.000000e+00   1.341737e-03  -3.568900e-04  -6.205736e-03   0.000000e+00
 2.261382e-04   1.649807e-05   0.000000e+00   3.912868e-04   5.062760e-05   0.000000e+00   0.000000e+00   0.000000e+00   4.922410e-04
 2.309878e-05   3.901913e-04   0.000000e+00   5.062760e-05   7.385585e-04   0.000000e+00   0.000000e+00   0.000000e+00   1.708589e-03
 0.000000e+00   0.000000e+00   1.341737e-03   0.000000e+00   0.000000e+00   3.155408e-03  -7.999798e-04  -1.841890e-02   0.000000e+00
 0.000000e+00   0.000000e+00  -3.568900e-04   0.000000e+00   0.000000e+00  -7.999798e-04   4.196512e-02   3.461131e-03   0.000000e+00
 0.000000e+00   0.000000e+00  -6.205736e-03   0.000000e+00   0.000000e+00  -1.841890e-02   3.461131e-03   1.870471e-01   0.000000e+00
 2.591524e-04   3.593470e-04   0.000000e+00   4.922410e-04   1.708589e-03   0.000000e+00   0.000000e+00   0.000000e+00   4.172374e-02

# timestamp: 1774889954.442355
 8.945520e-04   9.000875e-06   0.000000e+00   2.407875e-04   2.595931e-05   0.000000e+00   0.000000e+00   0.000000e+00   2.777300e-04
 9.000875e-06   9.950903e-04   0.000000e+00   1.885183e-05   4.187435e-04   0.000000e+00   0.000000e+00   0.000000e+00   4.235828e-04
 0.000000e+00   0.000000e+00   1.465681e-03   0.000000e+00   0.000000e+00   1.482566e-03  -3.868337e-04  -6.884984e-03   0.000000e+00
 2.407875e-04   1.885183e-05   0.000000e+00   3.961179e-04   5.453413e-05   0.000000e+00   0.000000e+00   0.000000e+00   5.429815e-04
 2.595931e-05   4.187435e-04   0.000000e+00   5.453413e-05   7.549592e-04   0.000000e+00   0.000000e+00   0.000000e+00   1.865869e-03
 0.000000e+00   0.000000e+00   1.482566e-03   0.000000e+00   0.000000e+00   3.294978e-03  -8.633623e-04  -1.909930e-02   0.000000e+00
 0.000000e+00   0.000000e+00  -3.868337e-04   0.000000e+00   0.000000e+00  -8.633623e-04   4.560382e-02   3.461131e-03   0.000000e+00
 0.000000e+00   0.000000e+00  -6.884984e-03   0.000000e+00   0.000000e+00  -1.909930e-02   3.461131e-03   1.906858e-01   0.000000e+00
 2.777300e-04   4.235828e-04   0.000000e+00   5.429815e-04   1.865869e-03   0.000000e+00   0.000000e+00   0.000000e+00   4.536244e-02

# timestamp: 1774889954.4693015
 8.557258e-04   2.730912e-06   0.000000e+00   2.241395e-04   2.634359e-07   0.000000e+00   0.000000e+00   0.000000e+00  -3.148493e-04
 2.730912e-06   9.466107e-04   0.000000e+00   1.687297e-05   3.984938e-04   0.000000e+00   0.000000e+00   0.000000e+00   4.144653e-04
 0.000000e+00   0.000000e+00   1.384212e-03   0.000000e+00   0.000000e+00   1.405387e-03   5.242745e-04  -6.677954e-03   0.000000e+00
 2.241395e-04   1.687297e-05   0.000000e+00   3.900242e-04   4.708415e-05   0.000000e+00   0.000000e+00   0.000000e+00   3.649075e-04
 2.634359e-07   3.984938e-04   0.000000e+00   4.708415e-05   7.411581e-04   0.000000e+00   0.000000e+00   0.000000e+00   1.747499e-03
 0.000000e+00   0.000000e+00   1.405387e-03   0.000000e+00   0.000000e+00   3.219405e-03  -2.091673e-06  -1.889963e-02   0.000000e+00
 0.000000e+00   0.000000e+00   5.242745e-04   0.000000e+00   0.000000e+00  -2.091673e-06   4.299047e-02  -4.492777e-06   0.000000e+00
 0.000000e+00   0.000000e+00  -6.677954e-03   0.000000e+00   0.000000e+00  -1.889963e-02  -4.492777e-06   1.905798e-01   0.000000e+00
-3.148493e-04   4.144653e-04   0.000000e+00   3.649075e-04   1.747499e-03   0.000000e+00   0.000000e+00   0.000000e+00   4.270109e-02

# timestamp: 1774889954.666723
 8.714339e-04   4.218270e-06   0.000000e+00   2.284227e-04   2.814965e-06   0.000000e+00   0.000000e+00   0.000000e+00  -3.669007e-04
 4.218270e-06   9.636048e-04   0.000000e+00   2.087132e-05   4.036125e-04   0.000000e+00   0.000000e+00   0.000000e+00   4.477604e-04
 0.000000e+00   0.000000e+00   1.426516e-03   0.000000e+00   0.000000e+00   1.441461e-03   4.346688e-04  -6.962876e-03   0.000000e+00
 2.284227e-04   2.087132e-05   0.000000e+00   3.938610e-04   5.444293e-05   0.000000e+00   0.000000e+00   0.000000e+00   4.052784e-04
 2.814965e-06   4.036125e-04   0.000000e+00   5.444293e-05   7.351982e-04   0.000000e+00   0.000000e+00   0.000000e+00   1.741366e-03
 0.000000e+00   0.000000e+00   1.441461e-03   0.000000e+00   0.000000e+00   3.222718e-03  -4.442248e-04  -1.903277e-02   0.000000e+00
 0.000000e+00   0.000000e+00   4.346688e-04   0.000000e+00   0.000000e+00  -4.442248e-04   4.409595e-02   3.624459e-03   0.000000e+00
 0.000000e+00   0.000000e+00  -6.962876e-03   0.000000e+00   0.000000e+00  -1.903277e-02   3.624459e-03   1.932728e-01   0.000000e+00
-3.669007e-04   4.477604e-04   0.000000e+00   4.052784e-04   1.741366e-03   0.000000e+00   0.000000e+00   0.000000e+00   4.372091e-02

# timestamp: 1774889954.6989243
 8.298441e-04   9.282409e-06   0.000000e+00   2.243124e-04   2.569966e-05   0.000000e+00   0.000000e+00   0.000000e+00   2.231951e-04
 9.282409e-06   9.134356e-04   0.000000e+00   2.046457e-05   3.793005e-04   0.000000e+00   0.000000e+00   0.000000e+00   3.366887e-04
 0.000000e+00   0.000000e+00   1.296768e-03   0.000000e+00   0.000000e+00   1.301607e-03  -5.484520e-04  -6.094722e-03   0.000000e+00
 2.243124e-04   2.046457e-05   0.000000e+00   3.944287e-04   5.908731e-05   0.000000e+00   0.000000e+00   0.000000e+00   5.312939e-04
 2.569966e-05   3.793005e-04   0.000000e+00   5.908731e-05   7.196576e-04   0.000000e+00   0.000000e+00   0.000000e+00   1.596951e-03
 0.000000e+00   0.000000e+00   1.301607e-03   0.000000e+00   0.000000e+00   3.069281e-03  -1.498465e-03  -1.809186e-02   0.000000e+00
 0.000000e+00   0.000000e+00  -5.484520e-04   0.000000e+00   0.000000e+00  -1.498465e-03   4.167192e-02   9.441378e-03   0.000000e+00
 0.000000e+00   0.000000e+00  -6.094722e-03   0.000000e+00   0.000000e+00  -1.809186e-02   9.441378e-03   1.877943e-01   0.000000e+00
 2.231951e-04   3.366887e-04   0.000000e+00   5.312939e-04   1.596951e-03   0.000000e+00   0.000000e+00   0.000000e+00   4.093364e-02

# timestamp: 1774889954.712211
 8.477939e-04   9.862771e-06   0.000000e+00   2.292925e-04   2.669434e-05   0.000000e+00   0.000000e+00   0.000000e+00   2.298101e-04
 9.862771e-06   9.352647e-04   0.000000e+00   2.134689e-05   3.886125e-04   0.000000e+00   0.000000e+00   0.000000e+00   3.565559e-04
 0.000000e+00   0.000000e+00   1.341778e-03   0.000000e+00   0.000000e+00   1.347055e-03  -5.670447e-04  -6.318813e-03   0.000000e+00
 2.292925e-04   2.134689e-05   0.000000e+00   3.961204e-04   6.039069e-05   0.000000e+00   0.000000e+00   0.000000e+00   5.489962e-04
 2.669434e-05   3.886125e-04   0.000000e+00   6.039069e-05   7.246013e-04   0.000000e+00   0.000000e+00   0.000000e+00   1.644845e-03
 0.000000e+00   0.000000e+00   1.347055e-03   0.000000e+00   0.000000e+00   3.113445e-03  -1.527281e-03  -1.831178e-02   0.000000e+00
 0.000000e+00   0.000000e+00  -5.670447e-04   0.000000e+00   0.000000e+00  -1.527281e-03   4.290681e-02   9.441378e-03   0.000000e+00
 0.000000e+00   0.000000e+00  -6.318813e-03   0.000000e+00   0.000000e+00  -1.831178e-02   9.441378e-03   1.890292e-01   0.000000e+00
 2.298101e-04   3.565559e-04   0.000000e+00   5.489962e-04   1.644845e-03   0.000000e+00   0.000000e+00   0.000000e+00   4.216852e-02

# timestamp: 1774889954.734544
 8.846773e-04   1.111485e-05   0.000000e+00   2.394961e-04   2.879014e-05   0.000000e+00   0.000000e+00   0.000000e+00   2.439056e-04
 1.111485e-05   9.803691e-04   0.000000e+00   2.321693e-05   4.078109e-04   0.000000e+00   0.000000e+00   0.000000e+00   3.986976e-04
 0.000000e+00   0.000000e+00   1.436782e-03   0.000000e+00   0.000000e+00   1.441951e-03  -6.058951e-04  -6.782408e-03   0.000000e+00
 2.394961e-04   2.321693e-05   0.000000e+00   3.996081e-04   6.316961e-05   0.000000e+00   0.000000e+00   0.000000e+00   5.867078e-04
 2.879014e-05   4.078109e-04   0.000000e+00   6.316961e-05   7.350022e-04   0.000000e+00   0.000000e+00   0.000000e+00   1.746873e-03
 0.000000e+00   0.000000e+00   1.441951e-03   0.000000e+00   0.000000e+00   3.204896e-03  -1.587595e-03  -1.876363e-02   0.000000e+00
 0.000000e+00   0.000000e+00  -6.058951e-04   0.000000e+00   0.000000e+00  -1.587595e-03   4.541810e-02   9.441378e-03   0.000000e+00
 0.000000e+00   0.000000e+00  -6.782408e-03   0.000000e+00   0.000000e+00  -1.876363e-02   9.441378e-03   1.915405e-01   0.000000e+00
 2.439056e-04   3.986976e-04   0.000000e+00   5.867078e-04   1.746873e-03   0.000000e+00   0.000000e+00   0.000000e+00   4.467981e-02

# timestamp: 1774889954.76259
 8.542836e-04   4.881658e-06   0.000000e+00   2.241892e-04   4.303982e-06   0.000000e+00   0.000000e+00   0.000000e+00  -3.638458e-04
 4.881658e-06   9.413099e-04   0.000000e+00   2.153438e-05   3.920968e-04   0.000000e+00   0.000000e+00   0.000000e+00   4.150270e-04
 0.000000e+00   0.000000e+00   1.372782e-03   0.000000e+00   0.000000e+00   1.376810e-03   3.487339e-04  -6.636007e-03   0.000000e+00
 2.241892e-04   2.153438e-05   0.000000e+00   3.936914e-04   5.630066e-05   0.000000e+00   0.000000e+00   0.000000e+00   4.049138e-04
 4.303982e-06   3.920968e-04   0.000000e+00   5.630066e-05   7.241655e-04   0.000000e+00   0.000000e+00   0.000000e+00   1.661279e-03
 0.000000e+00   0.000000e+00   1.376810e-03   0.000000e+00   0.000000e+00   3.134736e-03  -6.640834e-04  -1.859812e-02   0.000000e+00
 0.000000e+00   0.000000e+00   3.487339e-04   0.000000e+00   0.000000e+00  -6.640834e-04   4.295395e-02   5.537768e-03   0.000000e+00
 0.000000e+00   0.000000e+00  -6.636007e-03   0.000000e+00   0.000000e+00  -1.859812e-02   5.537768e-03   1.917576e-01   0.000000e+00
-3.638458e-04   4.150270e-04   0.000000e+00   4.049138e-04   1.661279e-03   0.000000e+00   0.000000e+00   0.000000e+00   4.246514e-02

# timestamp: 1774889955.0144002
 8.569594e-04   1.259975e-05   0.000000e+00   2.331938e-04   3.110198e-05   0.000000e+00   0.000000e+00   0.000000e+00   2.476858e-04
 1.259975e-05   9.429260e-04   0.000000e+00   2.596395e-05   3.872881e-04   0.000000e+00   0.000000e+00   0.000000e+00   3.662096e-04
 0.000000e+00   0.000000e+00   1.364870e-03   0.000000e+00   0.000000e+00   1.361573e-03  -6.691243e-04  -6.551989e-03   0.000000e+00
 2.331938e-04   2.596395e-05   0.000000e+00   4.002094e-04   6.771867e-05   0.000000e+00   0.000000e+00   0.000000e+00   5.668738e-04
 3.110198e-05   3.872881e-04   0.000000e+00   6.771867e-05   7.104847e-04   0.000000e+00   0.000000e+00   0.000000e+00   1.607853e-03
 0.000000e+00   0.000000e+00   1.361573e-03   0.000000e+00   0.000000e+00   3.079388e-03  -1.722634e-03  -1.840094e-02   0.000000e+00
 0.000000e+00   0.000000e+00  -6.691243e-04   0.000000e+00   0.000000e+00  -1.722634e-03   4.349587e-02   1.054213e-02   0.000000e+00
 0.000000e+00   0.000000e+00  -6.551989e-03   0.000000e+00   0.000000e+00  -1.840094e-02   1.054213e-02   1.934604e-01   0.000000e+00
 2.476858e-04   3.662096e-04   0.000000e+00   5.668738e-04   1.607853e-03   0.000000e+00   0.000000e+00   0.000000e+00   4.267546e-02

# timestamp: 1774889955.060558
 9.131877e-04   1.487704e-05   0.000000e+00   2.487786e-04   3.461412e-05   0.000000e+00   0.000000e+00   0.000000e+00   2.696901e-04
 1.487704e-05   1.011320e-03   0.000000e+00   2.901156e-05   4.158799e-04   0.000000e+00   0.000000e+00   0.000000e+00   4.288070e-04
 0.000000e+00   0.000000e+00   1.511118e-03   0.000000e+00   0.000000e+00   1.504870e-03  -7.353703e-04  -7.257314e-03   0.000000e+00
 2.487786e-04   2.901156e-05   0.000000e+00   4.052654e-04   7.154307e-05   0.000000e+00   0.000000e+00   0.000000e+00   6.153669e-04
 3.461412e-05   4.158799e-04   0.000000e+00   7.154307e-05   7.258329e-04   0.000000e+00   0.000000e+00   0.000000e+00   1.763605e-03
 0.000000e+00   0.000000e+00   1.504870e-03   0.000000e+00   0.000000e+00   3.215467e-03  -1.808147e-03  -1.908492e-02   0.000000e+00
 0.000000e+00   0.000000e+00  -7.353703e-04   0.000000e+00   0.000000e+00  -1.808147e-03   4.729042e-02   1.054213e-02   0.000000e+00
 0.000000e+00   0.000000e+00  -7.257314e-03   0.000000e+00   0.000000e+00  -1.908492e-02   1.054213e-02   1.972549e-01   0.000000e+00
 2.696901e-04   4.288070e-04   0.000000e+00   6.153669e-04   1.763605e-03   0.000000e+00   0.000000e+00   0.000000e+00   4.647001e-02

# timestamp: 1774889955.1130285
 8.607491e-04   1.361266e-05   0.000000e+00   2.347077e-04   3.303986e-05   0.000000e+00   0.000000e+00   0.000000e+00   2.853597e-04
 1.361266e-05   9.456569e-04   0.000000e+00   2.730520e-05   3.868313e-04   0.000000e+00   0.000000e+00   0.000000e+00   3.712219e-04
 0.000000e+00   0.000000e+00   1.373515e-03   0.000000e+00   0.000000e+00   1.366732e-03  -6.930399e-04  -6.634536e-03   0.000000e+00
 2.347077e-04   2.730520e-05   0.000000e+00   4.011217e-04   6.939485e-05   0.000000e+00   0.000000e+00   0.000000e+00   5.665415e-04
 3.303986e-05   3.868313e-04   0.000000e+00   6.939485e-05   7.063398e-04   0.000000e+00   0.000000e+00   0.000000e+00   1.606779e-03
 0.000000e+00   0.000000e+00   1.366732e-03   0.000000e+00   0.000000e+00   3.068182e-03  -1.653067e-03  -1.844809e-02   0.000000e+00
 0.000000e+00   0.000000e+00  -6.930399e-04   0.000000e+00   0.000000e+00  -1.653067e-03   4.347693e-02   9.529555e-03   0.000000e+00
 0.000000e+00   0.000000e+00  -6.634536e-03   0.000000e+00   0.000000e+00  -1.844809e-02   9.529555e-03   1.951086e-01   0.000000e+00
 2.853597e-04   3.712219e-04   0.000000e+00   5.665415e-04   1.606779e-03   0.000000e+00   0.000000e+00   0.000000e+00   4.279822e-02

# timestamp: 1774889955.3516939
 9.050020e-04   1.698254e-05   0.000000e+00   2.474331e-04   3.749983e-05   0.000000e+00   0.000000e+00   0.000000e+00   2.677729e-04
 1.698254e-05   9.973679e-04   0.000000e+00   3.170479e-05   4.056663e-04   0.000000e+00   0.000000e+00   0.000000e+00   4.297570e-04
 0.000000e+00   0.000000e+00   1.490992e-03   0.000000e+00   0.000000e+00   1.478857e-03  -5.667009e-04  -7.329885e-03   0.000000e+00
 2.474331e-04   3.170479e-05   0.000000e+00   4.053269e-04   7.345976e-05   0.000000e+00   0.000000e+00   0.000000e+00   5.590900e-04
 3.749983e-05   4.056663e-04   0.000000e+00   7.345976e-05   7.093860e-04   0.000000e+00   0.000000e+00   0.000000e+00   1.714303e-03
 0.000000e+00   0.000000e+00   1.478857e-03   0.000000e+00   0.000000e+00   3.151476e-03  -1.294302e-03  -1.909742e-02   0.000000e+00
 0.000000e+00   0.000000e+00  -5.667009e-04   0.000000e+00   0.000000e+00  -1.294302e-03   4.623791e-02   6.010816e-03   0.000000e+00
 0.000000e+00   0.000000e+00  -7.329885e-03   0.000000e+00   0.000000e+00  -1.909742e-02   6.010816e-03   2.011223e-01   0.000000e+00
 2.677729e-04   4.297570e-04   0.000000e+00   5.590900e-04   1.714303e-03   0.000000e+00   0.000000e+00   0.000000e+00   4.592376e-02

# timestamp: 1774889955.397059
 9.007452e-04   1.113160e-05   0.000000e+00   2.395870e-04   1.374334e-05   0.000000e+00   0.000000e+00   0.000000e+00  -3.279186e-04
 1.113160e-05   9.903159e-04   0.000000e+00   3.016743e-05   4.016159e-04   0.000000e+00   0.000000e+00   0.000000e+00   4.186206e-04
 0.000000e+00   0.000000e+00   1.475544e-03   0.000000e+00   0.000000e+00   1.447787e-03   4.254163e-04  -7.224867e-03   0.000000e+00
 2.395870e-04   3.016743e-05   0.000000e+00   4.013921e-04   6.688171e-05   0.000000e+00   0.000000e+00   0.000000e+00   3.899305e-04
 1.374334e-05   4.016159e-04   0.000000e+00   6.688171e-05   7.047671e-04   0.000000e+00   0.000000e+00   0.000000e+00   1.684986e-03
 0.000000e+00   0.000000e+00   1.447787e-03   0.000000e+00   0.000000e+00   3.102722e-03  -2.876139e-04  -1.892893e-02   0.000000e+00
 0.000000e+00   0.000000e+00   4.254163e-04   0.000000e+00   0.000000e+00  -2.876139e-04   4.571653e-02   8.951728e-04   0.000000e+00
 0.000000e+00   0.000000e+00  -7.224867e-03   0.000000e+00   0.000000e+00  -1.892893e-02   8.951728e-04   2.008919e-01   0.000000e+00
-3.279186e-04   4.186206e-04   0.000000e+00   3.899305e-04   1.684986e-03   0.000000e+00   0.000000e+00   0.000000e+00   4.555709e-02

# timestamp: 1774889955.4394464
 8.858428e-04   1.691949e-05   0.000000e+00   2.425656e-04   3.815208e-05   0.000000e+00   0.000000e+00   0.000000e+00   3.249031e-04
 1.691949e-05   9.715741e-04   0.000000e+00   3.138597e-05   3.931968e-04   0.000000e+00   0.000000e+00   0.000000e+00   4.024625e-04
 0.000000e+00   0.000000e+00   1.435810e-03   0.000000e+00   0.000000e+00   1.420358e-03  -6.218374e-04  -7.061005e-03   0.000000e+00
 2.425656e-04   3.138597e-05   0.000000e+00   4.039739e-04   7.317099e-05   0.000000e+00   0.000000e+00   0.000000e+00   5.501518e-04
 3.815208e-05   3.931968e-04   0.000000e+00   7.317099e-05   6.998752e-04   0.000000e+00   0.000000e+00   0.000000e+00   1.656169e-03
 0.000000e+00   0.000000e+00   1.420358e-03   0.000000e+00   0.000000e+00   3.084695e-03  -1.274837e-03  -1.883311e-02   0.000000e+00
 0.000000e+00   0.000000e+00  -6.218374e-04   0.000000e+00   0.000000e+00  -1.274837e-03   4.471774e-02   5.682280e-03   0.000000e+00
 0.000000e+00   0.000000e+00  -7.061005e-03   0.000000e+00   0.000000e+00  -1.883311e-02   5.682280e-03   2.005963e-01   0.000000e+00
 3.249031e-04   4.024625e-04   0.000000e+00   5.501518e-04   1.656169e-03   0.000000e+00   0.000000e+00   0.000000e+00   4.442523e-02

# timestamp: 1774889955.4674795
 8.595075e-04   1.069503e-05   0.000000e+00   2.290099e-04   1.433063e-05   0.000000e+00   0.000000e+00   0.000000e+00  -2.943203e-04
 1.069503e-05   9.396030e-04   0.000000e+00   2.884168e-05   3.789863e-04   0.000000e+00   0.000000e+00   0.000000e+00   3.715275e-04
 0.000000e+00   0.000000e+00   1.366558e-03   0.000000e+00   0.000000e+00   1.339470e-03   3.869435e-04  -6.713506e-03   0.000000e+00
 2.290099e-04   2.884168e-05   0.000000e+00   3.983868e-04   6.569382e-05   0.000000e+00   0.000000e+00   0.000000e+00   3.612025e-04
 1.433063e-05   3.789863e-04   0.000000e+00   6.569382e-05   6.899178e-04   0.000000e+00   0.000000e+00   0.000000e+00   1.568479e-03
 0.000000e+00   0.000000e+00   1.339470e-03   0.000000e+00   0.000000e+00   2.990909e-03  -2.435090e-04  -1.843857e-02   0.000000e+00
 0.000000e+00   0.000000e+00   3.869435e-04   0.000000e+00   0.000000e+00  -2.435090e-04   4.268933e-02   5.470828e-04   0.000000e+00
 0.000000e+00   0.000000e+00  -6.713506e-03   0.000000e+00   0.000000e+00  -1.843857e-02   5.470828e-04   1.991443e-01   0.000000e+00
-2.943203e-04   3.715275e-04   0.000000e+00   3.612025e-04   1.568479e-03   0.000000e+00   0.000000e+00   0.000000e+00   4.255651e-02

# timestamp: 1774889955.6861062
 8.827137e-04   1.264819e-05   0.000000e+00   2.359371e-04   1.742097e-05   0.000000e+00   0.000000e+00   0.000000e+00  -2.470173e-04
 1.264819e-05   9.658055e-04   0.000000e+00   3.159098e-05   3.871476e-04   0.000000e+00   0.000000e+00   0.000000e+00   4.012681e-04
 0.000000e+00   0.000000e+00   1.427082e-03   0.000000e+00   0.000000e+00   1.400057e-03   3.446977e-04  -7.122493e-03   0.000000e+00
 2.359371e-04   3.159098e-05   0.000000e+00   4.010606e-04   6.876273e-05   0.000000e+00   0.000000e+00   0.000000e+00   3.908082e-04
 1.742097e-05   3.871476e-04   0.000000e+00   6.876273e-05   6.896008e-04   0.000000e+00   0.000000e+00   0.000000e+00   1.629064e-03
 0.000000e+00   0.000000e+00   1.400057e-03   0.000000e+00   0.000000e+00   3.047057e-03  -2.492641e-04  -1.892184e-02   0.000000e+00
 0.000000e+00   0.000000e+00   3.446977e-04   0.000000e+00   0.000000e+00  -2.492641e-04   4.428233e-02   1.789169e-04   0.000000e+00
 0.000000e+00   0.000000e+00  -7.122493e-03   0.000000e+00   0.000000e+00  -1.892184e-02   1.789169e-04   2.033245e-01   0.000000e+00
-2.470173e-04   4.012681e-04   0.000000e+00   3.908082e-04   1.629064e-03   0.000000e+00   0.000000e+00   0.000000e+00   4.417613e-02

# timestamp: 1774889955.7123938
 8.475540e-04   1.678485e-05   0.000000e+00   2.328018e-04   3.870089e-05   0.000000e+00   0.000000e+00   0.000000e+00   3.578465e-04
 1.678485e-05   9.211246e-04   0.000000e+00   3.126086e-05   3.680606e-04   0.000000e+00   0.000000e+00   0.000000e+00   3.536668e-04
 0.000000e+00   0.000000e+00   1.331678e-03   0.000000e+00   0.000000e+00   1.312036e-03  -6.235260e-04  -6.596189e-03   0.000000e+00
 2.328018e-04   3.126086e-05   0.000000e+00   4.017283e-04   7.339189e-05   0.000000e+00   0.000000e+00   0.000000e+00   5.305126e-04
 3.870089e-05   3.680606e-04   0.000000e+00   7.339189e-05   6.791908e-04   0.000000e+00   0.000000e+00   0.000000e+00   1.541649e-03
 0.000000e+00   0.000000e+00   1.312036e-03   0.000000e+00   0.000000e+00   2.965926e-03  -1.191361e-03  -1.844299e-02   0.000000e+00
 0.000000e+00   0.000000e+00  -6.235260e-04   0.000000e+00   0.000000e+00  -1.191361e-03   4.199224e-02   5.187888e-03   0.000000e+00
 0.000000e+00   0.000000e+00  -6.596189e-03   0.000000e+00   0.000000e+00  -1.844299e-02   5.187888e-03   2.005992e-01   0.000000e+00
 3.578465e-04   3.536668e-04   0.000000e+00   5.305126e-04   1.541649e-03   0.000000e+00   0.000000e+00   0.000000e+00   4.174038e-02

# timestamp: 1774889955.737578
 8.828019e-04   1.850664e-05   0.000000e+00   2.427116e-04   4.126941e-05   0.000000e+00   0.000000e+00   0.000000e+00   3.707634e-04
 1.850664e-05   9.630025e-04   0.000000e+00   3.330901e-05   3.852022e-04   0.000000e+00   0.000000e+00   0.000000e+00   3.912202e-04
 0.000000e+00   0.000000e+00   1.420197e-03   0.000000e+00   0.000000e+00   1.399039e-03  -6.523201e-04  -7.040238e-03   0.000000e+00
 2.427116e-04   3.330901e-05   0.000000e+00   4.049155e-04   7.574034e-05   0.000000e+00   0.000000e+00   0.000000e+00   5.621844e-04
 4.126941e-05   3.852022e-04   0.000000e+00   7.574034e-05   6.884892e-04   0.000000e+00   0.000000e+00   0.000000e+00   1.635937e-03
 0.000000e+00   0.000000e+00   1.399039e-03   0.000000e+00   0.000000e+00   3.051277e-03  -1.234501e-03  -1.888659e-02   0.000000e+00
 0.000000e+00   0.000000e+00  -6.523201e-04   0.000000e+00   0.000000e+00  -1.234501e-03   4.438126e-02   5.187888e-03   0.000000e+00
 0.000000e+00   0.000000e+00  -7.040238e-03   0.000000e+00   0.000000e+00  -1.888659e-02   5.187888e-03   2.029883e-01   0.000000e+00
 3.707634e-04   3.912202e-04   0.000000e+00   5.621844e-04   1.635937e-03   0.000000e+00   0.000000e+00   0.000000e+00   4.412941e-02

# timestamp: 1774889955.771815
 8.692944e-04   1.264735e-05   0.000000e+00   2.324274e-04   1.774932e-05   0.000000e+00   0.000000e+00   0.000000e+00  -2.589893e-04
 1.264735e-05   9.482301e-04   0.000000e+00   3.158979e-05   3.785579e-04   0.000000e+00   0.000000e+00   0.000000e+00   3.860917e-04
 0.000000e+00   0.000000e+00   1.390807e-03   0.000000e+00   0.000000e+00   1.363463e-03   3.530876e-04  -6.965807e-03   0.000000e+00
 2.324274e-04   3.158979e-05   0.000000e+00   4.005024e-04   6.932339e-05   0.000000e+00   0.000000e+00   0.000000e+00   3.905169e-04
 1.774932e-05   3.785579e-04   0.000000e+00   6.932339e-05   6.828641e-04   0.000000e+00   0.000000e+00   0.000000e+00   1.588881e-03
 0.000000e+00   0.000000e+00   1.363463e-03   0.000000e+00   0.000000e+00   3.009843e-03  -2.582529e-04  -1.879871e-02   0.000000e+00
 0.000000e+00   0.000000e+00   3.530876e-04   0.000000e+00   0.000000e+00  -2.582529e-04   4.325644e-02   3.975482e-04   0.000000e+00
 0.000000e+00   0.000000e+00  -6.965807e-03   0.000000e+00   0.000000e+00  -1.879871e-02   3.975482e-04   2.032426e-01   0.000000e+00
-2.589893e-04   3.860917e-04   0.000000e+00   3.905169e-04   1.588881e-03   0.000000e+00   0.000000e+00   0.000000e+00   4.314554e-02

# timestamp: 1774889956.0097086
 8.353171e-04   1.726935e-05   0.000000e+00   2.302507e-04   3.864134e-05   0.000000e+00   0.000000e+00   0.000000e+00   2.772544e-04
 1.726935e-05   9.045961e-04   0.000000e+00   3.278891e-05   3.575679e-04   0.000000e+00   0.000000e+00   0.000000e+00   3.337080e-04
 0.000000e+00   0.000000e+00   1.296860e-03   0.000000e+00   0.000000e+00   1.275514e-03  -5.318343e-04  -6.472663e-03   0.000000e+00
 2.302507e-04   3.278891e-05   0.000000e+00   4.035626e-04   7.741045e-05   0.000000e+00   0.000000e+00   0.000000e+00   5.700984e-04
 3.864134e-05   3.575679e-04   0.000000e+00   7.741045e-05   6.672976e-04   0.000000e+00   0.000000e+00   0.000000e+00   1.499467e-03
 0.000000e+00   0.000000e+00   1.275514e-03   0.000000e+00   0.000000e+00   2.930075e-03  -1.243735e-03  -1.842400e-02   0.000000e+00
 0.000000e+00   0.000000e+00  -5.318343e-04   0.000000e+00   0.000000e+00  -1.243735e-03   4.122173e-02   6.013789e-03   0.000000e+00
 0.000000e+00   0.000000e+00  -6.472663e-03   0.000000e+00   0.000000e+00  -1.842400e-02   6.013789e-03   2.017938e-01   0.000000e+00
 2.772544e-04   3.337080e-04   0.000000e+00   5.700984e-04   1.499467e-03   0.000000e+00   0.000000e+00   0.000000e+00   4.092777e-02

# timestamp: 1774889956.034725
 8.741751e-04   1.921912e-05   0.000000e+00   2.412702e-04   4.139439e-05   0.000000e+00   0.000000e+00   0.000000e+00   2.926950e-04
 1.921912e-05   9.503726e-04   0.000000e+00   3.524073e-05   3.761568e-04   0.000000e+00   0.000000e+00   0.000000e+00   3.741714e-04
 0.000000e+00   0.000000e+00   1.392978e-03   0.000000e+00   0.000000e+00   1.370463e-03  -5.651907e-04  -6.963431e-03   0.000000e+00
 2.412702e-04   3.524073e-05   0.000000e+00   4.074571e-04   8.045698e-05   0.000000e+00   0.000000e+00   0.000000e+00   6.152786e-04
 4.139439e-05   3.761568e-04   0.000000e+00   8.045698e-05   6.772989e-04   0.000000e+00   0.000000e+00   0.000000e+00   1.600883e-03
 0.000000e+00   0.000000e+00   1.370463e-03   0.000000e+00   0.000000e+00   3.024074e-03  -1.303507e-03  -1.891378e-02   0.000000e+00
 0.000000e+00   0.000000e+00  -5.651907e-04   0.000000e+00   0.000000e+00  -1.303507e-03   4.386262e-02   6.013789e-03   0.000000e+00
 0.000000e+00   0.000000e+00  -6.963431e-03   0.000000e+00   0.000000e+00  -1.891378e-02   6.013789e-03   2.044347e-01   0.000000e+00
 2.926950e-04   3.741714e-04   0.000000e+00   6.152786e-04   1.600883e-03   0.000000e+00   0.000000e+00   0.000000e+00   4.356866e-02

# timestamp: 1774889956.0662673
 8.512444e-04   1.316924e-05   0.000000e+00   2.275396e-04   1.844096e-05   0.000000e+00   0.000000e+00   0.000000e+00  -3.070576e-04
 1.316924e-05   9.227397e-04   0.000000e+00   3.311728e-05   3.648842e-04   0.000000e+00   0.000000e+00   0.000000e+00   3.707881e-04
 0.000000e+00   0.000000e+00   1.345159e-03   0.000000e+00   0.000000e+00   1.319509e-03   3.715718e-04  -6.838711e-03   0.000000e+00
 2.275396e-04   3.311728e-05   0.000000e+00   4.019364e-04   7.389854e-05   0.000000e+00   0.000000e+00   0.000000e+00   4.452396e-04
 1.844096e-05   3.648842e-04   0.000000e+00   7.389854e-05   6.693369e-04   0.000000e+00   0.000000e+00   0.000000e+00   1.529787e-03
 0.000000e+00   0.000000e+00   1.319509e-03   0.000000e+00   0.000000e+00   2.970526e-03  -4.072809e-04  -1.878022e-02   0.000000e+00
 0.000000e+00   0.000000e+00   3.715718e-04   0.000000e+00   0.000000e+00  -4.072809e-04   4.212581e-02   1.739183e-03   0.000000e+00
 0.000000e+00   0.000000e+00  -6.838711e-03   0.000000e+00   0.000000e+00  -1.878022e-02   1.739183e-03   2.044833e-01   0.000000e+00
-3.070576e-04   3.707881e-04   0.000000e+00   4.452396e-04   1.529787e-03   0.000000e+00   0.000000e+00   0.000000e+00   4.197346e-02

# timestamp: 1774889956.102041
 9.060708e-04   1.519163e-05   0.000000e+00   2.421975e-04   2.024948e-05   0.000000e+00   0.000000e+00   0.000000e+00  -2.897204e-04
 1.519163e-05   9.882248e-04   0.000000e+00   3.654219e-05   3.914469e-04   0.000000e+00   0.000000e+00   0.000000e+00   4.294628e-04
 0.000000e+00   0.000000e+00   1.485567e-03   0.000000e+00   0.000000e+00   1.455906e-03   3.555844e-04  -7.546776e-03   0.000000e+00
 2.421975e-04   3.654219e-05   0.000000e+00   4.071210e-04   7.794341e-05   0.000000e+00   0.000000e+00   0.000000e+00   5.130056e-04
 2.024948e-05   3.914469e-04   0.000000e+00   7.794341e-05   6.838427e-04   0.000000e+00   0.000000e+00   0.000000e+00   1.679642e-03
 0.000000e+00   0.000000e+00   1.455906e-03   0.000000e+00   0.000000e+00   3.104101e-03  -4.811198e-04  -1.947854e-02   0.000000e+00
 0.000000e+00   0.000000e+00   3.555844e-04   0.000000e+00   0.000000e+00  -4.811198e-04   4.585575e-02   1.739183e-03   0.000000e+00
 0.000000e+00   0.000000e+00  -7.546776e-03   0.000000e+00   0.000000e+00  -1.947854e-02   1.739183e-03   2.082132e-01   0.000000e+00
-2.897204e-04   4.294628e-04   0.000000e+00   5.130056e-04   1.679642e-03   0.000000e+00   0.000000e+00   0.000000e+00   4.570340e-02

# timestamp: 1774889956.3271098
 8.689507e-04   2.033428e-05   0.000000e+00   2.420067e-04   4.410568e-05   0.000000e+00   0.000000e+00   0.000000e+00   3.466461e-04
 2.033428e-05   9.399823e-04   0.000000e+00   3.781498e-05   3.686364e-04   0.000000e+00   0.000000e+00   0.000000e+00   3.613323e-04
 0.000000e+00   0.000000e+00   1.377891e-03   0.000000e+00   0.000000e+00   1.358249e-03  -7.132694e-04  -6.948306e-03   0.000000e+00
 2.420067e-04   3.781498e-05   0.000000e+00   4.128066e-04   8.782997e-05   0.000000e+00   0.000000e+00   0.000000e+00   7.172302e-04
 4.410568e-05   3.686364e-04   0.000000e+00   8.782997e-05   6.674261e-04   0.000000e+00   0.000000e+00   0.000000e+00   1.565579e-03
 0.000000e+00   0.000000e+00   1.358249e-03   0.000000e+00   0.000000e+00   3.018375e-03  -1.654996e-03  -1.897267e-02   0.000000e+00
 0.000000e+00   0.000000e+00  -7.132694e-04   0.000000e+00   0.000000e+00  -1.654996e-03   4.379466e-02   8.334008e-03   0.000000e+00
 0.000000e+00   0.000000e+00  -6.948306e-03   0.000000e+00   0.000000e+00  -1.897267e-02   8.334008e-03   2.055423e-01   0.000000e+00
 3.466461e-04   3.613323e-04   0.000000e+00   7.172302e-04   1.565579e-03   0.000000e+00   0.000000e+00   0.000000e+00   4.329844e-02

# timestamp: 1774889956.349657
 9.053367e-04   2.239076e-05   0.000000e+00   2.525026e-04   4.704499e-05   0.000000e+00   0.000000e+00   0.000000e+00   3.644950e-04
 2.239076e-05   9.826933e-04   0.000000e+00   4.040318e-05   3.858186e-04   0.000000e+00   0.000000e+00   0.000000e+00   4.002137e-04
 0.000000e+00   0.000000e+00   1.470441e-03   0.000000e+00   0.000000e+00   1.448958e-03  -7.540991e-04  -7.413886e-03   0.000000e+00
 2.525026e-04   4.040318e-05   0.000000e+00   4.168623e-04   9.119489e-05   0.000000e+00   0.000000e+00   0.000000e+00   7.663377e-04
 4.704499e-05   3.858186e-04   0.000000e+00   9.119489e-05   6.768309e-04   0.000000e+00   0.000000e+00   0.000000e+00   1.662629e-03
 0.000000e+00   0.000000e+00   1.448958e-03   0.000000e+00   0.000000e+00   3.107431e-03  -1.722644e-03  -1.942920e-02   0.000000e+00
 0.000000e+00   0.000000e+00  -7.540991e-04   0.000000e+00   0.000000e+00  -1.722644e-03   4.622955e-02   8.334008e-03   0.000000e+00
 0.000000e+00   0.000000e+00  -7.413886e-03   0.000000e+00   0.000000e+00  -1.942920e-02   8.334008e-03   2.079772e-01   0.000000e+00
 3.644950e-04   4.002137e-04   0.000000e+00   7.663377e-04   1.662629e-03   0.000000e+00   0.000000e+00   0.000000e+00   4.573333e-02

# timestamp: 1774889956.3653212
 8.494416e-04   1.455105e-05   0.000000e+00   2.279558e-04   2.165859e-05   0.000000e+00   0.000000e+00   0.000000e+00  -2.657079e-04
 1.455105e-05   9.182015e-04   0.000000e+00   3.604123e-05   3.598875e-04   0.000000e+00   0.000000e+00   0.000000e+00   3.657268e-04
 0.000000e+00   0.000000e+00   1.337886e-03   0.000000e+00   0.000000e+00   1.311810e-03   2.488117e-04  -6.849165e-03   0.000000e+00
 2.279558e-04   3.604123e-05   0.000000e+00   4.070290e-04   8.164426e-05   0.000000e+00   0.000000e+00   0.000000e+00   5.427951e-04
 2.165859e-05   3.598875e-04   0.000000e+00   8.164426e-05   6.608429e-04   0.000000e+00   0.000000e+00   0.000000e+00   1.505015e-03
 0.000000e+00   0.000000e+00   1.311810e-03   0.000000e+00   0.000000e+00   2.965767e-03  -7.202180e-04  -1.884290e-02   0.000000e+00
 0.000000e+00   0.000000e+00   2.488117e-04   0.000000e+00   0.000000e+00  -7.202180e-04   4.212013e-02   3.743368e-03   0.000000e+00
 0.000000e+00   0.000000e+00  -6.849165e-03   0.000000e+00   0.000000e+00  -1.884290e-02   3.743368e-03   2.056440e-01   0.000000e+00
-2.657079e-04   3.657268e-04   0.000000e+00   5.427951e-04   1.505015e-03   0.000000e+00   0.000000e+00   0.000000e+00   4.190105e-02

# timestamp: 1774889956.3875518
 8.145155e-04   1.779872e-05   0.000000e+00   2.267930e-04   4.030203e-05   0.000000e+00   0.000000e+00   0.000000e+00   2.923121e-04
 1.779872e-05   8.760947e-04   0.000000e+00   3.503141e-05   3.419325e-04   0.000000e+00   0.000000e+00   0.000000e+00   3.055096e-04
 0.000000e+00   0.000000e+00   1.245109e-03   0.000000e+00   0.000000e+00   1.226664e-03  -6.235150e-04  -6.280162e-03   0.000000e+00
 2.267930e-04   3.503141e-05   0.000000e+00   4.087658e-04   8.545252e-05   0.000000e+00   0.000000e+00   0.000000e+00   6.646445e-04
 4.030203e-05   3.419325e-04   0.000000e+00   8.545252e-05   6.512098e-04   0.000000e+00   0.000000e+00   0.000000e+00   1.418953e-03
 0.000000e+00   0.000000e+00   1.226664e-03   0.000000e+00   0.000000e+00   2.888023e-03  -1.581238e-03  -1.831831e-02   0.000000e+00
 0.000000e+00   0.000000e+00  -6.235150e-04   0.000000e+00   0.000000e+00  -1.581238e-03   4.016592e-02   8.586330e-03   0.000000e+00
 0.000000e+00   0.000000e+00  -6.280162e-03   0.000000e+00   0.000000e+00  -1.831831e-02   8.586330e-03   2.022669e-01   0.000000e+00
 2.923121e-04   3.055096e-04   0.000000e+00   6.646445e-04   1.418953e-03   0.000000e+00   0.000000e+00   0.000000e+00   3.964712e-02

# timestamp: 1774889956.4161882
 8.566521e-04   2.004845e-05   0.000000e+00   2.390195e-04   4.356952e-05   0.000000e+00   0.000000e+00   0.000000e+00   3.119999e-04
 2.004845e-05   9.250619e-04   0.000000e+00   3.796668e-05   3.616248e-04   0.000000e+00   0.000000e+00   0.000000e+00   3.474117e-04
 0.000000e+00   0.000000e+00   1.347164e-03   0.000000e+00   0.000000e+00   1.328415e-03  -6.697938e-04  -6.812429e-03   0.000000e+00
 2.390195e-04   3.796668e-05   0.000000e+00   4.134752e-04   8.915612e-05   0.000000e+00   0.000000e+00   0.000000e+00   7.196035e-04
 4.356952e-05   3.616248e-04   0.000000e+00   8.915612e-05   6.615404e-04   0.000000e+00   0.000000e+00   0.000000e+00   1.524009e-03
 0.000000e+00   0.000000e+00   1.328415e-03   0.000000e+00   0.000000e+00   2.989380e-03  -1.658646e-03  -1.884688e-02   0.000000e+00
 0.000000e+00   0.000000e+00  -6.697938e-04   0.000000e+00   0.000000e+00  -1.658646e-03   4.304079e-02   8.586330e-03   0.000000e+00
 0.000000e+00   0.000000e+00  -6.812429e-03   0.000000e+00   0.000000e+00  -1.884688e-02   8.586330e-03   2.051418e-01   0.000000e+00
 3.119999e-04   3.474117e-04   0.000000e+00   7.196035e-04   1.524009e-03   0.000000e+00   0.000000e+00   0.000000e+00   4.252200e-02

# timestamp: 1774889956.7367573
 8.743956e-04   2.244102e-05   0.000000e+00   2.468310e-04   4.833454e-05   0.000000e+00   0.000000e+00   0.000000e+00   3.642125e-04
 2.244102e-05   9.412416e-04   0.000000e+00   4.223613e-05   3.643963e-04   0.000000e+00   0.000000e+00   0.000000e+00   3.428859e-04
 0.000000e+00   0.000000e+00   1.381750e-03   0.000000e+00   0.000000e+00   1.358102e-03  -9.013052e-04  -6.932789e-03   0.000000e+00
 2.468310e-04   4.223613e-05   0.000000e+00   4.228348e-04   9.898683e-05   0.000000e+00   0.000000e+00   0.000000e+00   8.304464e-04
 4.833454e-05   3.643963e-04   0.000000e+00   9.898683e-05   6.571742e-04   0.000000e+00   0.000000e+00   0.000000e+00   1.542277e-03
 0.000000e+00   0.000000e+00   1.358102e-03   0.000000e+00   0.000000e+00   3.015168e-03  -2.232899e-03  -1.893904e-02   0.000000e+00
 0.000000e+00   0.000000e+00  -9.013052e-04   0.000000e+00   0.000000e+00  -2.232899e-03   4.456694e-02   1.301318e-02   0.000000e+00
 0.000000e+00   0.000000e+00  -6.932789e-03   0.000000e+00   0.000000e+00  -1.893904e-02   1.301318e-02   2.054551e-01   0.000000e+00
 3.642125e-04   3.428859e-04   0.000000e+00   8.304464e-04   1.542277e-03   0.000000e+00   0.000000e+00   0.000000e+00   4.344050e-02

# timestamp: 1774889956.7705739
 7.847978e-04   1.778565e-05   0.000000e+00   2.208364e-04   4.117900e-05   0.000000e+00   0.000000e+00   0.000000e+00   2.641040e-04
 1.778565e-05   8.381968e-04   0.000000e+00   3.666453e-05   3.226269e-04   0.000000e+00   0.000000e+00   0.000000e+00   2.650899e-04
 0.000000e+00   0.000000e+00   1.170205e-03   0.000000e+00   0.000000e+00   1.149175e-03  -7.316279e-04  -5.873375e-03   0.000000e+00
 2.208364e-04   3.666453e-05   0.000000e+00   4.143304e-04   9.301428e-05   0.000000e+00   0.000000e+00   0.000000e+00   7.107147e-04
 4.117900e-05   3.226269e-04   0.000000e+00   9.301428e-05   6.335370e-04   0.000000e+00   0.000000e+00   0.000000e+00   1.318171e-03
 0.000000e+00   0.000000e+00   1.149175e-03   0.000000e+00   0.000000e+00   2.808813e-03  -2.095260e-03  -1.789148e-02   0.000000e+00
 0.000000e+00   0.000000e+00  -7.316279e-04   0.000000e+00   0.000000e+00  -2.095260e-03   3.866389e-02   1.384174e-02   0.000000e+00
 0.000000e+00   0.000000e+00  -5.873375e-03   0.000000e+00   0.000000e+00  -1.789148e-02   1.384174e-02   1.998446e-01   0.000000e+00
 2.641040e-04   2.650899e-04   0.000000e+00   7.107147e-04   1.318171e-03   0.000000e+00   0.000000e+00   0.000000e+00   3.740831e-02

# timestamp: 1774889957.013216
 8.497154e-04   2.257415e-05   0.000000e+00   2.421626e-04   4.873114e-05   0.000000e+00   0.000000e+00   0.000000e+00   3.237873e-04
 2.257415e-05   9.099302e-04   0.000000e+00   4.409924e-05   3.493102e-04   0.000000e+00   0.000000e+00   0.000000e+00   3.221300e-04
 0.000000e+00   0.000000e+00   1.323454e-03   0.000000e+00   0.000000e+00   1.305989e-03  -9.701315e-04  -6.707193e-03   0.000000e+00
 2.421626e-04   4.409924e-05   0.000000e+00   4.285500e-04   1.052366e-04   0.000000e+00   0.000000e+00   0.000000e+00   8.679214e-04
 4.873114e-05   3.493102e-04   0.000000e+00   1.052366e-04   6.431833e-04   0.000000e+00   0.000000e+00   0.000000e+00   1.451164e-03
 0.000000e+00   0.000000e+00   1.305989e-03   0.000000e+00   0.000000e+00   2.970591e-03  -2.619640e-03  -1.871281e-02   0.000000e+00
 0.000000e+00   0.000000e+00  -9.701315e-04   0.000000e+00   0.000000e+00  -2.619640e-03   4.359449e-02   1.673479e-02   0.000000e+00
 0.000000e+00   0.000000e+00  -6.707193e-03   0.000000e+00   0.000000e+00  -1.871281e-02   1.673479e-02   2.041864e-01   0.000000e+00
 3.237873e-04   3.221300e-04   0.000000e+00   8.679214e-04   1.451164e-03   0.000000e+00   0.000000e+00   0.000000e+00   4.179590e-02

# timestamp: 1774889957.039645
 8.934720e-04   2.539121e-05   0.000000e+00   2.553520e-04   5.269471e-05   0.000000e+00   0.000000e+00   0.000000e+00   3.498581e-04
 2.539121e-05   9.601386e-04   0.000000e+00   4.781614e-05   3.691015e-04   0.000000e+00   0.000000e+00   0.000000e+00   3.655669e-04
 0.000000e+00   0.000000e+00   1.431929e-03   0.000000e+00   0.000000e+00   1.413062e-03  -1.047823e-03  -7.259230e-03   0.000000e+00
 2.553520e-04   4.781614e-05   0.000000e+00   4.345451e-04   1.100270e-04   0.000000e+00   0.000000e+00   0.000000e+00   9.422203e-04
 5.269471e-05   3.691015e-04   0.000000e+00   1.100270e-04   6.535408e-04   0.000000e+00   0.000000e+00   0.000000e+00   1.559262e-03
 0.000000e+00   0.000000e+00   1.413062e-03   0.000000e+00   0.000000e+00   3.076401e-03  -2.738338e-03  -1.925053e-02   0.000000e+00
 0.000000e+00   0.000000e+00  -1.047823e-03   0.000000e+00   0.000000e+00  -2.738338e-03   4.651689e-02   1.673479e-02   0.000000e+00
 0.000000e+00   0.000000e+00  -7.259230e-03   0.000000e+00   0.000000e+00  -1.925053e-02   1.673479e-02   2.071088e-01   0.000000e+00
 3.498581e-04   3.655669e-04   0.000000e+00   9.422203e-04   1.559262e-03   0.000000e+00   0.000000e+00   0.000000e+00   4.471829e-02

# timestamp: 1774889957.0610821
 9.256624e-04   2.757693e-05   0.000000e+00   2.650470e-04   5.570069e-05   0.000000e+00   0.000000e+00   0.000000e+00   3.702039e-04
 2.757693e-05   9.972480e-04   0.000000e+00   5.064890e-05   3.837041e-04   0.000000e+00   0.000000e+00   0.000000e+00   3.991578e-04
 0.000000e+00   0.000000e+00   1.514538e-03   0.000000e+00   0.000000e+00   1.493590e-03  -1.106427e-03  -7.669614e-03   0.000000e+00
 2.650470e-04   5.064890e-05   0.000000e+00   4.390505e-04   1.137332e-04   0.000000e+00   0.000000e+00   0.000000e+00   9.989833e-04
 5.570069e-05   3.837041e-04   0.000000e+00   1.137332e-04   6.613876e-04   0.000000e+00   0.000000e+00   0.000000e+00   1.641847e-03
 0.000000e+00   0.000000e+00   1.493590e-03   0.000000e+00   0.000000e+00   3.154993e-03  -2.827272e-03  -1.964441e-02   0.000000e+00
 0.000000e+00   0.000000e+00  -1.106427e-03   0.000000e+00   0.000000e+00  -2.827272e-03   4.863435e-02   1.673479e-02   0.000000e+00
 0.000000e+00   0.000000e+00  -7.669614e-03   0.000000e+00   0.000000e+00  -1.964441e-02   1.673479e-02   2.092262e-01   0.000000e+00
 3.702039e-04   3.991578e-04   0.000000e+00   9.989833e-04   1.641847e-03   0.000000e+00   0.000000e+00   0.000000e+00   4.683576e-02

# timestamp: 1774889957.08369
 8.840559e-04   1.969815e-05   0.000000e+00   2.410072e-04   3.074142e-05   0.000000e+00   0.000000e+00   0.000000e+00  -2.587687e-04
 1.969815e-05   9.511872e-04   0.000000e+00   4.765474e-05   3.668679e-04   0.000000e+00   0.000000e+00   0.000000e+00   4.212277e-04
 0.000000e+00   0.000000e+00   1.424355e-03   0.000000e+00   0.000000e+00   1.399177e-03  -9.934291e-05  -7.418640e-03   0.000000e+00
 2.410072e-04   4.765474e-05   0.000000e+00   4.287066e-04   1.051006e-04   0.000000e+00   0.000000e+00   0.000000e+00   7.817606e-04
 3.074142e-05   3.668679e-04   0.000000e+00   1.051006e-04   6.504420e-04   0.000000e+00   0.000000e+00   0.000000e+00   1.537129e-03
 0.000000e+00   0.000000e+00   1.399177e-03   0.000000e+00   0.000000e+00   3.056986e-03  -1.855486e-03  -1.936918e-02   0.000000e+00
 0.000000e+00   0.000000e+00  -9.934291e-05   0.000000e+00   0.000000e+00  -1.855486e-03   4.516905e-02   1.253738e-02   0.000000e+00
 0.000000e+00   0.000000e+00  -7.418640e-03   0.000000e+00   0.000000e+00  -1.936918e-02   1.253738e-02   2.088405e-01   0.000000e+00
-2.587687e-04   4.212277e-04   0.000000e+00   7.817606e-04   1.537129e-03   0.000000e+00   0.000000e+00   0.000000e+00   4.402851e-02

# timestamp: 1774889957.3723397
 9.613554e-04   3.262035e-05   0.000000e+00   2.817003e-04   6.347089e-05   0.000000e+00   0.000000e+00   0.000000e+00   3.952123e-04
 3.262035e-05   1.033807e-03   0.000000e+00   6.033600e-05   3.952563e-04   0.000000e+00   0.000000e+00   0.000000e+00   4.376946e-04
 0.000000e+00   0.000000e+00   1.613090e-03   0.000000e+00   0.000000e+00   1.602294e-03  -1.421147e-03  -8.192074e-03   0.000000e+00
 2.817003e-04   6.033600e-05   0.000000e+00   4.641433e-04   1.336945e-04   0.000000e+00   0.000000e+00   0.000000e+00   1.288543e-03
 6.347089e-05   3.952563e-04   0.000000e+00   1.336945e-04   6.614104e-04   0.000000e+00   0.000000e+00   0.000000e+00   1.702726e-03
 0.000000e+00   0.000000e+00   1.602294e-03   0.000000e+00   0.000000e+00   3.290216e-03  -3.756687e-03  -2.015946e-02   0.000000e+00
 0.000000e+00   0.000000e+00  -1.421147e-03   0.000000e+00   0.000000e+00  -3.756687e-03   5.231837e-02   2.215878e-02   0.000000e+00
 0.000000e+00   0.000000e+00  -8.192074e-03   0.000000e+00   0.000000e+00  -2.015946e-02   2.215878e-02   2.102198e-01   0.000000e+00
 3.952123e-04   4.376946e-04   0.000000e+00   1.288543e-03   1.702726e-03   0.000000e+00   0.000000e+00   0.000000e+00   4.916781e-02

# timestamp: 1774889957.488634
 8.275115e-04   2.427026e-05   0.000000e+00   2.438289e-04   5.332732e-05   0.000000e+00   0.000000e+00   0.000000e+00   3.272086e-04
 2.427026e-05   8.783343e-04   0.000000e+00   5.092947e-05   3.325329e-04   0.000000e+00   0.000000e+00   0.000000e+00   2.935990e-04
 0.000000e+00   0.000000e+00   1.267636e-03   0.000000e+00   0.000000e+00   1.261919e-03  -1.529122e-03  -6.248229e-03   0.000000e+00
 2.438289e-04   5.092947e-05   0.000000e+00   4.564687e-04   1.271239e-04   0.000000e+00   0.000000e+00   0.000000e+00   1.137572e-03
 5.332732e-05   3.325329e-04   0.000000e+00   1.271239e-04   6.252785e-04   0.000000e+00   0.000000e+00   0.000000e+00   1.357926e-03
 0.000000e+00   0.000000e+00   1.261919e-03   0.000000e+00   0.000000e+00   2.964158e-03  -4.544434e-03  -1.796852e-02   0.000000e+00
 0.000000e+00   0.000000e+00  -1.529122e-03   0.000000e+00   0.000000e+00  -4.544434e-03   4.729191e-02   3.238900e-02   0.000000e+00
 0.000000e+00   0.000000e+00  -6.248229e-03   0.000000e+00   0.000000e+00  -1.796852e-02   3.238900e-02   1.907955e-01   0.000000e+00
 3.272086e-04   2.935990e-04   0.000000e+00   1.137572e-03   1.357926e-03   0.000000e+00   0.000000e+00   0.000000e+00   4.003146e-02

# timestamp: 1774889957.7444723
 9.178511e-04   3.320110e-05   0.000000e+00   2.823233e-04   6.922952e-05   0.000000e+00   0.000000e+00   0.000000e+00   4.889909e-04
 3.320110e-05   9.743413e-04   0.000000e+00   6.632173e-05   3.684186e-04   0.000000e+00   0.000000e+00   0.000000e+00   3.584954e-04
 0.000000e+00   0.000000e+00   1.491668e-03   0.000000e+00   0.000000e+00   1.510571e-03  -2.513878e-03  -7.012103e-03   0.000000e+00
 2.823233e-04   6.632173e-05   0.000000e+00   5.022746e-04   1.573669e-04   0.000000e+00   0.000000e+00   0.000000e+00   1.587262e-03
 6.922952e-05   3.684186e-04   0.000000e+00   1.573669e-04   6.412590e-04   0.000000e+00   0.000000e+00   0.000000e+00   1.561557e-03
 0.000000e+00   0.000000e+00   1.510571e-03   0.000000e+00   0.000000e+00   3.291984e-03  -6.816801e-03  -1.846203e-02   0.000000e+00
 0.000000e+00   0.000000e+00  -2.513878e-03   0.000000e+00   0.000000e+00  -6.816801e-03   6.048963e-02   4.353436e-02   0.000000e+00
 0.000000e+00   0.000000e+00  -7.012103e-03   0.000000e+00   0.000000e+00  -1.846203e-02   4.353436e-02   1.809341e-01   0.000000e+00
 4.889909e-04   3.584954e-04   0.000000e+00   1.587262e-03   1.561557e-03   0.000000e+00   0.000000e+00   0.000000e+00   4.593464e-02

# timestamp: 1774889957.787548
 8.604347e-04   2.951760e-05   0.000000e+00   2.658026e-04   6.412813e-05   0.000000e+00   0.000000e+00   0.000000e+00   4.012565e-04
 2.951760e-05   9.089658e-04   0.000000e+00   6.238262e-05   3.420538e-04   0.000000e+00   0.000000e+00   0.000000e+00   3.090637e-04
 0.000000e+00   0.000000e+00   1.336265e-03   0.000000e+00   0.000000e+00   1.346038e-03  -2.476149e-03  -5.938248e-03   0.000000e+00
 2.658026e-04   6.238262e-05   0.000000e+00   5.027721e-04   1.557769e-04   0.000000e+00   0.000000e+00   0.000000e+00   1.518171e-03
 6.412813e-05   3.420538e-04   0.000000e+00   1.557769e-04   6.256329e-04   0.000000e+00   0.000000e+00   0.000000e+00   1.413777e-03
 0.000000e+00   0.000000e+00   1.346038e-03   0.000000e+00   0.000000e+00   3.121176e-03  -7.341885e-03  -1.684914e-02   0.000000e+00
 0.000000e+00   0.000000e+00  -2.476149e-03   0.000000e+00   0.000000e+00  -7.341885e-03   6.196731e-02   4.818816e-02   0.000000e+00
 0.000000e+00   0.000000e+00  -5.938248e-03   0.000000e+00   0.000000e+00  -1.684914e-02   4.818816e-02   1.631285e-01   0.000000e+00
 4.012565e-04   3.090637e-04   0.000000e+00   1.518171e-03   1.413777e-03   0.000000e+00   0.000000e+00   0.000000e+00   4.193874e-02

# timestamp: 1774889957.8392467
 8.958851e-04   3.251493e-05   0.000000e+00   2.786244e-04   6.853985e-05   0.000000e+00   0.000000e+00   0.000000e+00   4.368049e-04
 3.251493e-05   9.479764e-04   0.000000e+00   6.692542e-05   3.571109e-04   0.000000e+00   0.000000e+00   0.000000e+00   3.419882e-04
 0.000000e+00   0.000000e+00   1.422913e-03   0.000000e+00   0.000000e+00   1.437157e-03  -2.646261e-03  -6.327676e-03   0.000000e+00
 2.786244e-04   6.692542e-05   0.000000e+00   5.138328e-04   1.627485e-04   0.000000e+00   0.000000e+00   0.000000e+00   1.639392e-03
 6.853985e-05   3.571109e-04   0.000000e+00   1.627485e-04   6.333360e-04   0.000000e+00   0.000000e+00   0.000000e+00   1.494952e-03
 0.000000e+00   0.000000e+00   1.437157e-03   0.000000e+00   0.000000e+00   3.228445e-03  -7.608302e-03  -1.728942e-02   0.000000e+00
 0.000000e+00   0.000000e+00  -2.646261e-03   0.000000e+00   0.000000e+00  -7.608302e-03   6.426364e-02   4.818816e-02   0.000000e+00
 0.000000e+00   0.000000e+00  -6.327676e-03   0.000000e+00   0.000000e+00  -1.728942e-02   4.818816e-02   1.654248e-01   0.000000e+00
 4.368049e-04   3.419882e-04   0.000000e+00   1.639392e-03   1.494952e-03   0.000000e+00   0.000000e+00   0.000000e+00   4.423507e-02

# timestamp: 1774889958.104764
 8.547412e-04   3.155666e-05   0.000000e+00   2.808200e-04   7.140203e-05   0.000000e+00   0.000000e+00   0.000000e+00   4.666848e-04
 3.155666e-05   8.938076e-04   0.000000e+00   6.858353e-05   3.308528e-04   0.000000e+00   0.000000e+00   0.000000e+00   1.761509e-04
 0.000000e+00   0.000000e+00   1.261207e-03   0.000000e+00   0.000000e+00   1.222282e-03  -3.072085e-03  -3.722474e-03   0.000000e+00
 2.808200e-04   6.858353e-05   0.000000e+00   5.666237e-04   1.822794e-04   0.000000e+00   0.000000e+00   0.000000e+00   1.870791e-03
 7.140203e-05   3.308528e-04   0.000000e+00   1.822794e-04   6.112361e-04   0.000000e+00   0.000000e+00   0.000000e+00   1.280694e-03
 0.000000e+00   0.000000e+00   1.222282e-03   0.000000e+00   0.000000e+00   2.953778e-03  -9.896773e-03  -1.174224e-02   0.000000e+00
 0.000000e+00   0.000000e+00  -3.072085e-03   0.000000e+00   0.000000e+00  -9.896773e-03   8.463611e-02   4.949448e-02   0.000000e+00
 0.000000e+00   0.000000e+00  -3.722474e-03   0.000000e+00   0.000000e+00  -1.174224e-02   4.949448e-02   1.017873e-01   0.000000e+00
 4.666848e-04   1.761509e-04   0.000000e+00   1.870791e-03   1.280694e-03   0.000000e+00   0.000000e+00   0.000000e+00   4.090985e-02

# timestamp: 1774889958.140434
 9.071066e-04   3.641716e-05   0.000000e+00   3.022172e-04   7.878624e-05   0.000000e+00   0.000000e+00   0.000000e+00   5.309959e-04
 3.641716e-05   9.494865e-04   0.000000e+00   7.569311e-05   3.517181e-04   0.000000e+00   0.000000e+00   0.000000e+00   2.197773e-04
 0.000000e+00   0.000000e+00   1.379071e-03   0.000000e+00   0.000000e+00   1.346769e-03  -3.405950e-03  -4.116921e-03   0.000000e+00
 3.022172e-04   7.569311e-05   0.000000e+00   5.882523e-04   1.932175e-04   0.000000e+00   0.000000e+00   0.000000e+00   2.070766e-03
 7.878624e-05   3.517181e-04   0.000000e+00   1.932175e-04   6.209619e-04   0.000000e+00   0.000000e+00   0.000000e+00   1.384271e-03
 0.000000e+00   0.000000e+00   1.346769e-03   0.000000e+00   0.000000e+00   3.109279e-03  -1.041932e-02  -1.222263e-02   0.000000e+00
 0.000000e+00   0.000000e+00  -3.405950e-03   0.000000e+00   0.000000e+00  -1.041932e-02   8.794564e-02   4.949448e-02   0.000000e+00
 0.000000e+00   0.000000e+00  -4.116921e-03   0.000000e+00   0.000000e+00  -1.222263e-02   4.949448e-02   1.050968e-01   0.000000e+00
 5.309959e-04   2.197773e-04   0.000000e+00   2.070766e-03   1.384271e-03   0.000000e+00   0.000000e+00   0.000000e+00   4.421939e-02

# timestamp: 1774889958.188616
 7.962765e-04   2.797368e-05   0.000000e+00   2.634198e-04   6.614918e-05   0.000000e+00   0.000000e+00   0.000000e+00   3.899770e-04
 2.797368e-05   8.286420e-04   0.000000e+00   6.424568e-05   3.053999e-04   0.000000e+00   0.000000e+00   0.000000e+00   1.671299e-04
 0.000000e+00   0.000000e+00   1.129048e-03   0.000000e+00   0.000000e+00   1.082805e-03  -2.849922e-03  -2.959710e-03   0.000000e+00
 2.634198e-04   6.424568e-05   0.000000e+00   5.668629e-04   1.789722e-04   0.000000e+00   0.000000e+00   0.000000e+00   1.749625e-03
 6.614918e-05   3.053999e-04   0.000000e+00   1.789722e-04   5.959172e-04   0.000000e+00   0.000000e+00   0.000000e+00   1.149251e-03
 0.000000e+00   0.000000e+00   1.082805e-03   0.000000e+00   0.000000e+00   2.793564e-03  -1.004846e-02  -1.008907e-02   0.000000e+00
 0.000000e+00   0.000000e+00  -2.849922e-03   0.000000e+00   0.000000e+00  -1.004846e-02   8.842405e-02   4.742152e-02   0.000000e+00
 0.000000e+00   0.000000e+00  -2.959710e-03   0.000000e+00   0.000000e+00  -1.008907e-02   4.742152e-02   8.496933e-02   0.000000e+00
 3.899770e-04   1.671299e-04   0.000000e+00   1.749625e-03   1.149251e-03   0.000000e+00   0.000000e+00   0.000000e+00   3.712250e-02

# timestamp: 1774889958.4785514
 9.183632e-04   4.642831e-05   0.000000e+00   3.228533e-04   8.473079e-05   0.000000e+00   0.000000e+00   0.000000e+00   3.563181e-04
 4.642831e-05   9.619337e-04   0.000000e+00   1.172315e-04   3.634940e-04   0.000000e+00   0.000000e+00   0.000000e+00   7.440994e-04
 0.000000e+00   0.000000e+00   1.428371e-03   0.000000e+00   0.000000e+00   1.428850e-03  -4.023416e-03  -3.688642e-03   0.000000e+00
 3.228533e-04   1.172315e-04   0.000000e+00   6.749105e-04   2.236206e-04   0.000000e+00   0.000000e+00   0.000000e+00   2.338082e-03
 8.473079e-05   3.634940e-04   0.000000e+00   2.236206e-04   6.077476e-04   0.000000e+00   0.000000e+00   0.000000e+00   1.382658e-03
 0.000000e+00   0.000000e+00   1.428850e-03   0.000000e+00   0.000000e+00   3.285159e-03  -1.308387e-02  -9.263882e-03   0.000000e+00
 0.000000e+00   0.000000e+00  -4.023416e-03   0.000000e+00   0.000000e+00  -1.308387e-02   1.131776e-01   4.180027e-02   0.000000e+00
 0.000000e+00   0.000000e+00  -3.688642e-03   0.000000e+00   0.000000e+00  -9.263882e-03   4.180027e-02   7.317607e-02   0.000000e+00
 3.563181e-04   7.440994e-04   0.000000e+00   2.338082e-03   1.382658e-03   0.000000e+00   0.000000e+00   0.000000e+00   4.472741e-02

# timestamp: 1774889958.5200338
 8.945443e-04   3.946260e-05   0.000000e+00   3.240950e-04   8.478355e-05   0.000000e+00   0.000000e+00   0.000000e+00   5.048240e-04
 3.946260e-05   9.189620e-04   0.000000e+00   8.027835e-05   3.306800e-04   0.000000e+00   0.000000e+00   0.000000e+00   8.226441e-05
 0.000000e+00   0.000000e+00   1.294840e-03   0.000000e+00   0.000000e+00   1.245737e-03  -3.777046e-03  -2.149666e-03   0.000000e+00
 3.240950e-04   8.027835e-05   0.000000e+00   6.736395e-04   2.083088e-04   0.000000e+00   0.000000e+00   0.000000e+00   2.244309e-03
 8.478355e-05   3.306800e-04   0.000000e+00   2.083088e-04   5.867649e-04   0.000000e+00   0.000000e+00   0.000000e+00   1.083818e-03
 0.000000e+00   0.000000e+00   1.245737e-03   0.000000e+00   0.000000e+00   3.057696e-03  -1.285573e-02  -7.357216e-03   0.000000e+00
 0.000000e+00   0.000000e+00  -3.777046e-03   0.000000e+00   0.000000e+00  -1.285573e-02   1.146762e-01   3.705184e-02   0.000000e+00
 0.000000e+00   0.000000e+00  -2.149666e-03   0.000000e+00   0.000000e+00  -7.357216e-03   3.705184e-02   6.349013e-02   0.000000e+00
 5.048240e-04   8.226441e-05   0.000000e+00   2.244309e-03   1.083818e-03   0.000000e+00   0.000000e+00   0.000000e+00   4.257274e-02

# timestamp: 1774889958.5499032
 9.432378e-04   4.446879e-05   0.000000e+00   3.461813e-04   9.182402e-05   0.000000e+00   0.000000e+00   0.000000e+00   5.721900e-04
 4.446879e-05   9.679199e-04   0.000000e+00   8.685144e-05   3.480492e-04   0.000000e+00   0.000000e+00   0.000000e+00   1.146403e-04
 0.000000e+00   0.000000e+00   1.399716e-03   0.000000e+00   0.000000e+00   1.356083e-03  -4.157685e-03  -2.366987e-03   0.000000e+00
 3.461813e-04   8.685144e-05   0.000000e+00   6.952122e-04   2.165261e-04   0.000000e+00   0.000000e+00   0.000000e+00   2.421892e-03
 9.182402e-05   3.480492e-04   0.000000e+00   2.165261e-04   5.932718e-04   0.000000e+00   0.000000e+00   0.000000e+00   1.155043e-03
 0.000000e+00   0.000000e+00   1.356083e-03   0.000000e+00   0.000000e+00   3.189554e-03  -1.338114e-02  -7.610190e-03   0.000000e+00
 0.000000e+00   0.000000e+00  -4.157685e-03   0.000000e+00   0.000000e+00  -1.338114e-02   1.175927e-01   3.705184e-02   0.000000e+00
 0.000000e+00   0.000000e+00  -2.366987e-03   0.000000e+00   0.000000e+00  -7.610190e-03   3.705184e-02   6.640663e-02   0.000000e+00
 5.721900e-04   1.146403e-04   0.000000e+00   2.421892e-03   1.155043e-03   0.000000e+00   0.000000e+00   0.000000e+00   4.548924e-02

# timestamp: 1774889958.9924169
 9.172455e-04   4.945345e-05   0.000000e+00   3.556643e-04   8.787775e-05   0.000000e+00   0.000000e+00   0.000000e+00   3.401901e-04
 4.945345e-05   9.280573e-04   0.000000e+00   1.166582e-04   3.298418e-04   0.000000e+00   0.000000e+00   0.000000e+00   6.449346e-04
 0.000000e+00   0.000000e+00   1.368969e-03   0.000000e+00   0.000000e+00   1.402363e-03  -4.618893e-03  -2.747434e-03   0.000000e+00
 3.556643e-04   1.166582e-04   0.000000e+00   7.546225e-04   2.085462e-04   0.000000e+00   0.000000e+00   0.000000e+00   2.318782e-03
 8.787775e-05   3.298418e-04   0.000000e+00   2.085462e-04   5.487671e-04   0.000000e+00   0.000000e+00   0.000000e+00   9.254381e-04
 0.000000e+00   0.000000e+00   1.402363e-03   0.000000e+00   0.000000e+00   3.451182e-03  -1.585529e-02  -7.105792e-03   0.000000e+00
 0.000000e+00   0.000000e+00  -4.618893e-03   0.000000e+00   0.000000e+00  -1.585529e-02   1.374440e-01   3.883447e-02   0.000000e+00
 0.000000e+00   0.000000e+00  -2.747434e-03   0.000000e+00   0.000000e+00  -7.105792e-03   3.883447e-02   5.985741e-02   0.000000e+00
 3.401901e-04   6.449346e-04   0.000000e+00   2.318782e-03   9.254381e-04   0.000000e+00   0.000000e+00   0.000000e+00   4.313333e-02

# timestamp: 1774889959.3054075
 8.861356e-04   4.042617e-05   0.000000e+00   3.678140e-04   8.020418e-05   0.000000e+00   0.000000e+00   0.000000e+00   4.933712e-04
 4.042617e-05   8.661200e-04   0.000000e+00   7.338046e-05   2.882040e-04   0.000000e+00   0.000000e+00   0.000000e+00  -8.432331e-05
 0.000000e+00   0.000000e+00   1.281299e-03   0.000000e+00   0.000000e+00   1.351541e-03  -5.096615e-03  -1.541240e-03   0.000000e+00
 3.678140e-04   7.338046e-05   0.000000e+00   7.734763e-04   1.682706e-04   0.000000e+00   0.000000e+00   0.000000e+00   2.123614e-03
 8.020418e-05   2.882040e-04   0.000000e+00   1.682706e-04   5.029610e-04   0.000000e+00   0.000000e+00   0.000000e+00   3.929389e-04
 0.000000e+00   0.000000e+00   1.351541e-03   0.000000e+00   0.000000e+00   3.471427e-03  -1.699485e-02  -5.607519e-03   0.000000e+00
 0.000000e+00   0.000000e+00  -5.096615e-03   0.000000e+00   0.000000e+00  -1.699485e-02   1.480307e-01   3.733396e-02   0.000000e+00
 0.000000e+00   0.000000e+00  -1.541240e-03   0.000000e+00   0.000000e+00  -5.607519e-03   3.733396e-02   5.368468e-02   0.000000e+00
 4.933712e-04  -8.432331e-05   0.000000e+00   2.123614e-03   3.929389e-04   0.000000e+00   0.000000e+00   0.000000e+00   4.051575e-02

# timestamp: 1774889959.321822
 9.098706e-04   4.254405e-05   0.000000e+00   3.792813e-04   8.255223e-05   0.000000e+00   0.000000e+00   0.000000e+00   5.224772e-04
 4.254405e-05   8.876350e-04   0.000000e+00   7.552740e-05   2.950440e-04   0.000000e+00   0.000000e+00   0.000000e+00  -7.896787e-05
 0.000000e+00   0.000000e+00   1.332327e-03   0.000000e+00   0.000000e+00   1.408498e-03  -5.328469e-03  -1.617687e-03   0.000000e+00
 3.792813e-04   7.552740e-05   0.000000e+00   7.825246e-04   1.692181e-04   0.000000e+00   0.000000e+00   0.000000e+00   2.197533e-03
 8.255223e-05   2.950440e-04   0.000000e+00   1.692181e-04   5.044093e-04   0.000000e+00   0.000000e+00   0.000000e+00   3.976316e-04
 0.000000e+00   0.000000e+00   1.408498e-03   0.000000e+00   0.000000e+00   3.535028e-03  -1.726432e-02  -5.680139e-03   0.000000e+00
 0.000000e+00   0.000000e+00  -5.328469e-03   0.000000e+00   0.000000e+00  -1.726432e-02   1.493896e-01   3.733396e-02   0.000000e+00
 0.000000e+00   0.000000e+00  -1.617687e-03   0.000000e+00   0.000000e+00  -5.680139e-03   3.733396e-02   5.504360e-02   0.000000e+00
 5.224772e-04  -7.896787e-05   0.000000e+00   2.197533e-03   3.976316e-04   0.000000e+00   0.000000e+00   0.000000e+00   4.187466e-02

# timestamp: 1774889959.3413115
 9.306270e-04   4.442349e-05   0.000000e+00   3.893262e-04   8.459265e-05   0.000000e+00   0.000000e+00   0.000000e+00   5.482798e-04
 4.442349e-05   9.063749e-04   0.000000e+00   7.740005e-05   3.009731e-04   0.000000e+00   0.000000e+00   0.000000e+00  -7.429902e-05
 0.000000e+00   0.000000e+00   1.377632e-03   0.000000e+00   0.000000e+00   1.458688e-03  -5.531181e-03  -1.684381e-03   0.000000e+00
 3.893262e-04   7.740005e-05   0.000000e+00   7.905587e-04   1.700505e-04   0.000000e+00   0.000000e+00   0.000000e+00   2.263727e-03
 8.459265e-05   3.009731e-04   0.000000e+00   1.700505e-04   5.056615e-04   0.000000e+00   0.000000e+00   0.000000e+00   4.018339e-04
 0.000000e+00   0.000000e+00   1.458688e-03   0.000000e+00   0.000000e+00   3.590772e-03  -1.749948e-02  -5.743033e-03   0.000000e+00
 0.000000e+00   0.000000e+00  -5.531181e-03   0.000000e+00   0.000000e+00  -1.749948e-02   1.505637e-01   3.733396e-02   0.000000e+00
 0.000000e+00   0.000000e+00  -1.684381e-03   0.000000e+00   0.000000e+00  -5.743033e-03   3.733396e-02   5.621776e-02   0.000000e+00
 5.482798e-04  -7.429902e-05   0.000000e+00   2.263727e-03   4.018339e-04   0.000000e+00   0.000000e+00   0.000000e+00   4.304882e-02

# timestamp: 1774889959.6683052
 9.274614e-04   4.695355e-05   0.000000e+00   3.959368e-04   7.521340e-05   0.000000e+00   0.000000e+00   0.000000e+00   3.988018e-04
 4.695355e-05   8.926999e-04   0.000000e+00   9.885596e-05   2.883278e-04   0.000000e+00   0.000000e+00   0.000000e+00   5.289332e-04
 0.000000e+00   0.000000e+00   1.411295e-03   0.000000e+00   0.000000e+00   1.535307e-03  -5.956185e-03  -2.596111e-03   0.000000e+00
 3.959368e-04   9.885596e-05   0.000000e+00   8.091460e-04   1.460931e-04   0.000000e+00   0.000000e+00   0.000000e+00   2.175170e-03
 7.521340e-05   2.883278e-04   0.000000e+00   1.460931e-04   4.776519e-04   0.000000e+00   0.000000e+00   0.000000e+00   3.716581e-04
 0.000000e+00   0.000000e+00   1.535307e-03   0.000000e+00   0.000000e+00   3.705002e-03  -1.839834e-02  -6.151379e-03   0.000000e+00
 0.000000e+00   0.000000e+00  -5.956185e-03   0.000000e+00   0.000000e+00  -1.839834e-02   1.595263e-01   3.873964e-02   0.000000e+00
 0.000000e+00   0.000000e+00  -2.596111e-03   0.000000e+00   0.000000e+00  -6.151379e-03   3.873964e-02   5.559522e-02   0.000000e+00
 3.988018e-04   5.289332e-04   0.000000e+00   2.175170e-03   3.716581e-04   0.000000e+00   0.000000e+00   0.000000e+00   4.245143e-02

# timestamp: 1774889960.0062752
 9.066650e-04   3.404924e-05   0.000000e+00   3.974588e-04   6.154407e-05   0.000000e+00   0.000000e+00   0.000000e+00   4.643834e-04
 3.404924e-05   8.517497e-04   0.000000e+00   5.365721e-05   2.624106e-04   0.000000e+00   0.000000e+00   0.000000e+00  -1.400957e-04
 0.000000e+00   0.000000e+00   1.321234e-03   0.000000e+00   0.000000e+00   1.421745e-03  -5.804359e-03  -1.131301e-03   0.000000e+00
 3.974588e-04   5.365721e-05   0.000000e+00   8.057253e-04   1.109395e-04   0.000000e+00   0.000000e+00   0.000000e+00   1.999857e-03
 6.154407e-05   2.624106e-04   0.000000e+00   1.109395e-04   4.510010e-04   0.000000e+00   0.000000e+00   0.000000e+00   1.467168e-04
 0.000000e+00   0.000000e+00   1.421745e-03   0.000000e+00   0.000000e+00   3.531637e-03  -1.826756e-02  -3.999939e-03   0.000000e+00
 0.000000e+00   0.000000e+00  -5.804359e-03   0.000000e+00   0.000000e+00  -1.826756e-02   1.648682e-01   2.903561e-02   0.000000e+00
 0.000000e+00   0.000000e+00  -1.131301e-03   0.000000e+00   0.000000e+00  -3.999939e-03   2.903561e-02   4.708082e-02   0.000000e+00
 4.643834e-04  -1.400957e-04   0.000000e+00   1.999857e-03   1.467168e-04   0.000000e+00   0.000000e+00   0.000000e+00   4.015539e-02

# timestamp: 1774889960.0290508
 9.485132e-04   3.676416e-05   0.000000e+00   4.174990e-04   6.433418e-05   0.000000e+00   0.000000e+00   0.000000e+00   5.113615e-04
 3.676416e-05   8.871576e-04   0.000000e+00   5.585417e-05   2.727874e-04   0.000000e+00   0.000000e+00   0.000000e+00  -1.365706e-04
 0.000000e+00   0.000000e+00   1.412026e-03   0.000000e+00   0.000000e+00   1.520985e-03  -6.229219e-03  -1.224322e-03   0.000000e+00
 4.174990e-04   5.585417e-05   0.000000e+00   8.191278e-04   1.122785e-04   0.000000e+00   0.000000e+00   0.000000e+00   2.112385e-03
 6.433418e-05   2.727874e-04   0.000000e+00   1.122785e-04   4.534466e-04   0.000000e+00   0.000000e+00   0.000000e+00   1.653370e-04
 0.000000e+00   0.000000e+00   1.520985e-03   0.000000e+00   0.000000e+00   3.637411e-03  -1.872965e-02  -4.100017e-03   0.000000e+00
 0.000000e+00   0.000000e+00  -6.229219e-03   0.000000e+00   0.000000e+00  -1.872965e-02   1.671746e-01   2.903561e-02   0.000000e+00
 0.000000e+00   0.000000e+00  -1.224322e-03   0.000000e+00   0.000000e+00  -4.100017e-03   2.903561e-02   4.938721e-02   0.000000e+00
 5.113615e-04  -1.365706e-04   0.000000e+00   2.112385e-03   1.653370e-04   0.000000e+00   0.000000e+00   0.000000e+00   4.246178e-02

# timestamp: 1774889960.0704465
 8.903078e-04   3.753763e-05   0.000000e+00   3.862666e-04   6.036621e-05   0.000000e+00   0.000000e+00   0.000000e+00   3.449535e-04
 3.753763e-05   8.416089e-04   0.000000e+00   7.809248e-05   2.608282e-04   0.000000e+00   0.000000e+00   0.000000e+00   4.213720e-04
 0.000000e+00   0.000000e+00   1.306196e-03   0.000000e+00   0.000000e+00   1.410599e-03  -5.638954e-03  -2.002809e-03   0.000000e+00
 3.862666e-04   7.809248e-05   0.000000e+00   7.993475e-04   1.159854e-04   0.000000e+00   0.000000e+00   0.000000e+00   1.932835e-03
 6.036621e-05   2.608282e-04   0.000000e+00   1.159854e-04   4.495229e-04   0.000000e+00   0.000000e+00   0.000000e+00   3.181021e-04
 0.000000e+00   0.000000e+00   1.410599e-03   0.000000e+00   0.000000e+00   3.520414e-03  -1.811178e-02  -4.923997e-03   0.000000e+00
 0.000000e+00   0.000000e+00  -5.638954e-03   0.000000e+00   0.000000e+00  -1.811178e-02   1.641671e-01   3.269327e-02   0.000000e+00
 0.000000e+00   0.000000e+00  -2.002809e-03   0.000000e+00   0.000000e+00  -4.923997e-03   3.269327e-02   4.830414e-02   0.000000e+00
 3.449535e-04   4.213720e-04   0.000000e+00   1.932835e-03   3.181021e-04   0.000000e+00   0.000000e+00   0.000000e+00   3.944554e-02

# timestamp: 1774889960.341323
 9.722617e-04   3.310810e-05   0.000000e+00   4.303796e-04   5.888600e-05   0.000000e+00   0.000000e+00   0.000000e+00   5.261670e-04
 3.310810e-05   8.973997e-04   0.000000e+00   4.700374e-05   2.678252e-04   0.000000e+00   0.000000e+00   0.000000e+00  -1.778631e-04
 0.000000e+00   0.000000e+00   1.460492e-03   0.000000e+00   0.000000e+00   1.565377e-03  -6.599959e-03  -1.088221e-03   0.000000e+00
 4.303796e-04   4.700374e-05   0.000000e+00   8.166542e-04   1.034150e-04   0.000000e+00   0.000000e+00   0.000000e+00   2.058390e-03
 5.888600e-05   2.678252e-04   0.000000e+00   1.034150e-04   4.417837e-04   0.000000e+00   0.000000e+00   0.000000e+00   2.791762e-04
 0.000000e+00   0.000000e+00   1.565377e-03   0.000000e+00   0.000000e+00   3.637652e-03  -1.907802e-02  -3.845808e-03   0.000000e+00
 0.000000e+00   0.000000e+00  -6.599959e-03   0.000000e+00   0.000000e+00  -1.907802e-02   1.730673e-01   2.726907e-02   0.000000e+00
 0.000000e+00   0.000000e+00  -1.088221e-03   0.000000e+00   0.000000e+00  -3.845808e-03   2.726907e-02   4.948011e-02   0.000000e+00
 5.261670e-04  -1.778631e-04   0.000000e+00   2.058390e-03   2.791762e-04   0.000000e+00   0.000000e+00   0.000000e+00   4.360930e-02

# timestamp: 1774889960.3815064
 9.496177e-04   3.710152e-05   0.000000e+00   4.148866e-04   5.740178e-05   0.000000e+00   0.000000e+00   0.000000e+00   3.790648e-04
 3.710152e-05   8.830381e-04   0.000000e+00   7.303154e-05   2.673791e-04   0.000000e+00   0.000000e+00   0.000000e+00   4.345203e-04
 0.000000e+00   0.000000e+00   1.421766e-03   0.000000e+00   0.000000e+00   1.522661e-03  -6.222220e-03  -2.052631e-03   0.000000e+00
 4.148866e-04   7.303154e-05   0.000000e+00   8.065139e-04   1.096283e-04   0.000000e+00   0.000000e+00   0.000000e+00   1.966545e-03
 5.740178e-05   2.673791e-04   0.000000e+00   1.096283e-04   4.419318e-04   0.000000e+00   0.000000e+00   0.000000e+00   4.664728e-04
 0.000000e+00   0.000000e+00   1.522661e-03   0.000000e+00   0.000000e+00   3.585831e-03  -1.866375e-02  -4.890616e-03   0.000000e+00
 0.000000e+00   0.000000e+00  -6.222220e-03   0.000000e+00   0.000000e+00  -1.866375e-02   1.707834e-01   3.166452e-02   0.000000e+00
 0.000000e+00   0.000000e+00  -2.052631e-03   0.000000e+00   0.000000e+00  -4.890616e-03   3.166452e-02   5.048560e-02   0.000000e+00
 3.790648e-04   4.345203e-04   0.000000e+00   1.966545e-03   4.664728e-04   0.000000e+00   0.000000e+00   0.000000e+00   4.243987e-02

# timestamp: 1774889960.4142597
 9.154029e-04   2.847883e-05   0.000000e+00   4.034170e-04   5.349481e-05   0.000000e+00   0.000000e+00   0.000000e+00   4.610282e-04
 2.847883e-05   8.477645e-04   0.000000e+00   4.207795e-05   2.513156e-04   0.000000e+00   0.000000e+00   0.000000e+00  -1.882077e-04
 0.000000e+00   0.000000e+00   1.334147e-03   0.000000e+00   0.000000e+00   1.425128e-03  -6.036698e-03  -9.479917e-04   0.000000e+00
 4.034170e-04   4.207795e-05   0.000000e+00   7.959067e-04   9.915169e-05   0.000000e+00   0.000000e+00   0.000000e+00   1.879952e-03
 5.349481e-05   2.513156e-04   0.000000e+00   9.915169e-05   4.349087e-04   0.000000e+00   0.000000e+00   0.000000e+00   2.833198e-04
 0.000000e+00   0.000000e+00   1.425128e-03   0.000000e+00   0.000000e+00   3.474046e-03  -1.845175e-02  -3.691787e-03   0.000000e+00
 0.000000e+00   0.000000e+00  -6.036698e-03   0.000000e+00   0.000000e+00  -1.845175e-02   1.711448e-01   2.724036e-02   0.000000e+00
 0.000000e+00   0.000000e+00  -9.479917e-04   0.000000e+00   0.000000e+00  -3.691787e-03   2.724036e-02   4.614374e-02   0.000000e+00
 4.610282e-04  -1.882077e-04   0.000000e+00   1.879952e-03   2.833198e-04   0.000000e+00   0.000000e+00   0.000000e+00   4.034872e-02

# timestamp: 1774889960.7476304
 1.001637e-03   2.987234e-05   0.000000e+00   4.407340e-04   5.503317e-05   0.000000e+00   0.000000e+00   0.000000e+00   5.269701e-04
 2.987234e-05   9.120601e-04   0.000000e+00   4.299736e-05   2.649218e-04   0.000000e+00   0.000000e+00   0.000000e+00  -8.758261e-05
 0.000000e+00   0.000000e+00   1.515246e-03   0.000000e+00   0.000000e+00   1.602335e-03  -6.897735e-03  -1.419465e-03   0.000000e+00
 4.407340e-04   4.299736e-05   0.000000e+00   8.025572e-04   1.018117e-04   0.000000e+00   0.000000e+00   0.000000e+00   1.994786e-03
 5.503317e-05   2.649218e-04   0.000000e+00   1.018117e-04   4.342458e-04   0.000000e+00   0.000000e+00   0.000000e+00   4.614573e-04
 0.000000e+00   0.000000e+00   1.602335e-03   0.000000e+00   0.000000e+00   3.595308e-03  -1.911217e-02  -4.562827e-03   0.000000e+00
 0.000000e+00   0.000000e+00  -6.897735e-03   0.000000e+00   0.000000e+00  -1.911217e-02   1.763537e-01   3.231414e-02   0.000000e+00
 0.000000e+00   0.000000e+00  -1.419465e-03   0.000000e+00   0.000000e+00  -4.562827e-03   3.231414e-02   5.329356e-02   0.000000e+00
 5.269701e-04  -8.758261e-05   0.000000e+00   1.994786e-03   4.614573e-04   0.000000e+00   0.000000e+00   0.000000e+00   4.518182e-02

# timestamp: 1774889961.064959
 1.048141e-03   2.971556e-05   0.000000e+00   4.567680e-04   5.342965e-05   0.000000e+00   0.000000e+00   0.000000e+00   5.638091e-04
 2.971556e-05   9.462284e-04   0.000000e+00   4.335445e-05   2.712825e-04   0.000000e+00   0.000000e+00   0.000000e+00  -3.852448e-05
 0.000000e+00   0.000000e+00   1.607257e-03   0.000000e+00   0.000000e+00   1.664992e-03  -7.167571e-03  -1.983142e-03   0.000000e+00
 4.567680e-04   4.335445e-05   0.000000e+00   7.962993e-04   9.675460e-05   0.000000e+00   0.000000e+00   0.000000e+00   2.039096e-03
 5.342965e-05   2.712825e-04   0.000000e+00   9.675460e-05   4.301563e-04   0.000000e+00   0.000000e+00   0.000000e+00   4.312190e-04
 0.000000e+00   0.000000e+00   1.664992e-03   0.000000e+00   0.000000e+00   3.554074e-03  -1.879786e-02  -5.649001e-03   0.000000e+00
 0.000000e+00   0.000000e+00  -7.167571e-03   0.000000e+00   0.000000e+00  -1.879786e-02   1.743098e-01   4.096233e-02   0.000000e+00
 0.000000e+00   0.000000e+00  -1.983142e-03   0.000000e+00   0.000000e+00  -5.649001e-03   4.096233e-02   6.123753e-02   0.000000e+00
 5.638091e-04  -3.852448e-05   0.000000e+00   2.039096e-03   4.312190e-04   0.000000e+00   0.000000e+00   0.000000e+00   4.774076e-02

# timestamp: 1774889961.097608
 9.687573e-04   2.885549e-05   0.000000e+00   4.104357e-04   4.695637e-05   0.000000e+00   0.000000e+00   0.000000e+00   2.219154e-04
 2.885549e-05   8.912634e-04   0.000000e+00   6.281285e-05   2.604325e-04   0.000000e+00   0.000000e+00   0.000000e+00   5.231530e-04
 0.000000e+00   0.000000e+00   1.419052e-03   0.000000e+00   0.000000e+00   1.438947e-03  -5.689886e-03  -2.681424e-03   0.000000e+00
 4.104357e-04   6.281285e-05   0.000000e+00   7.665425e-04   9.777554e-05   0.000000e+00   0.000000e+00   0.000000e+00   1.759715e-03
 4.695637e-05   2.604325e-04   0.000000e+00   9.777554e-05   4.275532e-04   0.000000e+00   0.000000e+00   0.000000e+00   5.394702e-04
 0.000000e+00   0.000000e+00   1.438947e-03   0.000000e+00   0.000000e+00   3.282279e-03  -1.705514e-02  -6.437461e-03   0.000000e+00
 0.000000e+00   0.000000e+00  -5.689886e-03   0.000000e+00   0.000000e+00  -1.705514e-02   1.635438e-01   4.530904e-02   0.000000e+00
 0.000000e+00   0.000000e+00  -2.681424e-03   0.000000e+00   0.000000e+00  -6.437461e-03   4.530904e-02   6.104133e-02   0.000000e+00
 2.219154e-04   5.231530e-04   0.000000e+00   1.759715e-03   5.394702e-04   0.000000e+00   0.000000e+00   0.000000e+00   4.363059e-02

# timestamp: 1774889961.355162
 1.015397e-03   2.585302e-05   0.000000e+00   4.377382e-04   4.717947e-05   0.000000e+00   0.000000e+00   0.000000e+00   5.523244e-04
 2.585302e-05   9.181476e-04   0.000000e+00   3.933557e-05   2.603721e-04   0.000000e+00   0.000000e+00   0.000000e+00  -5.313255e-05
 0.000000e+00   0.000000e+00   1.528108e-03   0.000000e+00   0.000000e+00   1.559302e-03  -6.738912e-03  -2.341594e-03   0.000000e+00
 4.377382e-04   3.933557e-05   0.000000e+00   7.736472e-04   8.546421e-05   0.000000e+00   0.000000e+00   0.000000e+00   1.942167e-03
 4.717947e-05   2.603721e-04   0.000000e+00   8.546421e-05   4.207816e-04   0.000000e+00   0.000000e+00   0.000000e+00   3.105187e-04
 0.000000e+00   0.000000e+00   1.559302e-03   0.000000e+00   0.000000e+00   3.358453e-03  -1.779980e-02  -6.556951e-03   0.000000e+00
 0.000000e+00   0.000000e+00  -6.738912e-03   0.000000e+00   0.000000e+00  -1.779980e-02   1.677947e-01   4.993865e-02   0.000000e+00
 0.000000e+00   0.000000e+00  -2.341594e-03   0.000000e+00   0.000000e+00  -6.556951e-03   4.993865e-02   6.672934e-02   0.000000e+00
 5.523244e-04  -5.313255e-05   0.000000e+00   1.942167e-03   3.105187e-04   0.000000e+00   0.000000e+00   0.000000e+00   4.599524e-02

# timestamp: 1774889961.4121177
 9.526153e-04   2.287846e-05   0.000000e+00   4.083284e-04   4.288788e-05   0.000000e+00   0.000000e+00   0.000000e+00   4.656175e-04
 2.287846e-05   8.665258e-04   0.000000e+00   3.675284e-05   2.454621e-04   0.000000e+00   0.000000e+00   0.000000e+00  -2.143187e-05
 0.000000e+00   0.000000e+00   1.391200e-03   0.000000e+00   0.000000e+00   1.417097e-03  -6.090942e-03  -2.304813e-03   0.000000e+00
 4.083284e-04   3.675284e-05   0.000000e+00   7.529571e-04   8.083393e-05   0.000000e+00   0.000000e+00   0.000000e+00   1.778518e-03
 4.288788e-05   2.454621e-04   0.000000e+00   8.083393e-05   4.151893e-04   0.000000e+00   0.000000e+00   0.000000e+00   2.795039e-04
 0.000000e+00   0.000000e+00   1.417097e-03   0.000000e+00   0.000000e+00   3.201515e-03  -1.704998e-02  -6.683626e-03   0.000000e+00
 0.000000e+00   0.000000e+00  -6.090942e-03   0.000000e+00   0.000000e+00  -1.704998e-02   1.634869e-01   5.228784e-02   0.000000e+00
 0.000000e+00   0.000000e+00  -2.304813e-03   0.000000e+00   0.000000e+00  -6.683626e-03   5.228784e-02   6.570396e-02   0.000000e+00
 4.656175e-04  -2.143187e-05   0.000000e+00   1.778518e-03   2.795039e-04   0.000000e+00   0.000000e+00   0.000000e+00   4.283005e-02

# timestamp: 1774889961.4485338
 9.995273e-04   2.496634e-05   0.000000e+00   4.289987e-04   4.513189e-05   0.000000e+00   0.000000e+00   0.000000e+00   5.120197e-04
 2.496634e-05   9.048755e-04   0.000000e+00   3.878486e-05   2.561057e-04   0.000000e+00   0.000000e+00   0.000000e+00  -1.416830e-05
 0.000000e+00   0.000000e+00   1.491519e-03   0.000000e+00   0.000000e+00   1.517446e-03  -6.530215e-03  -2.476868e-03   0.000000e+00
 4.289987e-04   3.878486e-05   0.000000e+00   7.652447e-04   8.221593e-05   0.000000e+00   0.000000e+00   0.000000e+00   1.896524e-03
 4.513189e-05   2.561057e-04   0.000000e+00   8.221593e-05   4.179375e-04   0.000000e+00   0.000000e+00   0.000000e+00   2.945789e-04
 0.000000e+00   0.000000e+00   1.517446e-03   0.000000e+00   0.000000e+00   3.300193e-03  -1.750534e-02  -6.844969e-03   0.000000e+00
 0.000000e+00   0.000000e+00  -6.530215e-03   0.000000e+00   0.000000e+00  -1.750534e-02   1.660409e-01   5.228784e-02   0.000000e+00
 0.000000e+00   0.000000e+00  -2.476868e-03   0.000000e+00   0.000000e+00  -6.844969e-03   5.228784e-02   6.825794e-02   0.000000e+00
 5.120197e-04  -1.416830e-05   0.000000e+00   1.896524e-03   2.945789e-04   0.000000e+00   0.000000e+00   0.000000e+00   4.538403e-02

# timestamp: 1774889961.6770542
 9.618632e-04   2.537106e-05   0.000000e+00   3.998601e-04   4.000006e-05   0.000000e+00   0.000000e+00   0.000000e+00   2.340383e-04
 2.537106e-05   8.846385e-04   0.000000e+00   5.889664e-05   2.518142e-04   0.000000e+00   0.000000e+00   0.000000e+00   5.672480e-04
 0.000000e+00   0.000000e+00   1.439907e-03   0.000000e+00   0.000000e+00   1.462020e-03  -6.107113e-03  -3.486500e-03   0.000000e+00
 3.998601e-04   5.889664e-05   0.000000e+00   7.427337e-04   8.133672e-05   0.000000e+00   0.000000e+00   0.000000e+00   1.749125e-03
 4.000006e-05   2.518142e-04   0.000000e+00   8.133672e-05   4.139577e-04   0.000000e+00   0.000000e+00   0.000000e+00   4.245784e-04
 0.000000e+00   0.000000e+00   1.462020e-03   0.000000e+00   0.000000e+00   3.238051e-03  -1.720524e-02  -7.957843e-03   0.000000e+00
 0.000000e+00   0.000000e+00  -6.107113e-03   0.000000e+00   0.000000e+00  -1.720524e-02   1.655658e-01   5.754493e-02   0.000000e+00
 0.000000e+00   0.000000e+00  -3.486500e-03   0.000000e+00   0.000000e+00  -7.957843e-03   5.754493e-02   7.088567e-02   0.000000e+00
 2.340383e-04   5.672480e-04   0.000000e+00   1.749125e-03   4.245784e-04   0.000000e+00   0.000000e+00   0.000000e+00   4.356827e-02

# timestamp: 1774889961.7168434
 9.443266e-04   2.069664e-05   0.000000e+00   4.004797e-04   3.913514e-05   0.000000e+00   0.000000e+00   0.000000e+00   4.683959e-04
 2.069664e-05   8.599196e-04   0.000000e+00   3.343390e-05   2.408207e-04   0.000000e+00   0.000000e+00   0.000000e+00  -5.915827e-05
 0.000000e+00   0.000000e+00   1.373178e-03   0.000000e+00   0.000000e+00   1.393286e-03  -6.138333e-03  -2.284113e-03   0.000000e+00
 4.004797e-04   3.343390e-05   0.000000e+00   7.425027e-04   7.389712e-05   0.000000e+00   0.000000e+00   0.000000e+00   1.778778e-03
 3.913514e-05   2.408207e-04   0.000000e+00   7.389712e-05   4.093663e-04   0.000000e+00   0.000000e+00   0.000000e+00   2.521834e-04
 0.000000e+00   0.000000e+00   1.393286e-03   0.000000e+00   0.000000e+00   3.169909e-03  -1.728581e-02  -6.723839e-03   0.000000e+00
 0.000000e+00   0.000000e+00  -6.138333e-03   0.000000e+00   0.000000e+00  -1.728581e-02   1.676381e-01   5.312427e-02   0.000000e+00
 0.000000e+00   0.000000e+00  -2.284113e-03   0.000000e+00   0.000000e+00  -6.723839e-03   5.312427e-02   6.477622e-02   0.000000e+00
 4.683959e-04  -5.915827e-05   0.000000e+00   1.778778e-03   2.521834e-04   0.000000e+00   0.000000e+00   0.000000e+00   4.215163e-02

# timestamp: 1774889961.748369
 9.986951e-04   2.292632e-05   0.000000e+00   4.243652e-04   4.163002e-05   0.000000e+00   0.000000e+00   0.000000e+00   5.227161e-04
 2.292632e-05   9.044433e-04   0.000000e+00   3.548404e-05   2.530554e-04   0.000000e+00   0.000000e+00   0.000000e+00  -5.141570e-05
 0.000000e+00   0.000000e+00   1.489275e-03   0.000000e+00   0.000000e+00   1.510648e-03  -6.658852e-03  -2.486442e-03   0.000000e+00
 4.243652e-04   3.548404e-05   0.000000e+00   7.570914e-04   7.573387e-05   0.000000e+00   0.000000e+00   0.000000e+00   1.917570e-03
 4.163002e-05   2.530554e-04   0.000000e+00   7.573387e-05   4.126346e-04   0.000000e+00   0.000000e+00   0.000000e+00   2.762640e-04
 0.000000e+00   0.000000e+00   1.510648e-03   0.000000e+00   0.000000e+00   3.290696e-03  -1.784777e-02  -6.927137e-03   0.000000e+00
 0.000000e+00   0.000000e+00  -6.658852e-03   0.000000e+00   0.000000e+00  -1.784777e-02   1.706185e-01   5.312427e-02   0.000000e+00
 0.000000e+00   0.000000e+00  -2.486442e-03   0.000000e+00   0.000000e+00  -6.927137e-03   5.312427e-02   6.775665e-02   0.000000e+00
 5.227161e-04  -5.141570e-05   0.000000e+00   1.917570e-03   2.762640e-04   0.000000e+00   0.000000e+00   0.000000e+00   4.513205e-02

# timestamp: 1774889961.9962728
 8.892499e-04   1.711704e-05   0.000000e+00   3.741986e-04   3.473259e-05   0.000000e+00   0.000000e+00   0.000000e+00   4.337202e-04
 1.711704e-05   8.146275e-04   0.000000e+00   2.839586e-05   2.259889e-04   0.000000e+00   0.000000e+00   0.000000e+00  -9.867170e-05
 0.000000e+00   0.000000e+00   1.268943e-03   0.000000e+00   0.000000e+00   1.300328e-03  -5.893591e-03  -1.960322e-03   0.000000e+00
 3.741986e-04   2.839586e-05   0.000000e+00   7.240244e-04   6.953054e-05   0.000000e+00   0.000000e+00   0.000000e+00   1.667536e-03
 3.473259e-05   2.259889e-04   0.000000e+00   6.953054e-05   4.025790e-04   0.000000e+00   0.000000e+00   0.000000e+00   2.615891e-04
 0.000000e+00   0.000000e+00   1.300328e-03   0.000000e+00   0.000000e+00   3.118691e-03  -1.747450e-02  -6.261901e-03   0.000000e+00
 0.000000e+00   0.000000e+00  -5.893591e-03   0.000000e+00   0.000000e+00  -1.747450e-02   1.712160e-01   5.024061e-02   0.000000e+00
 0.000000e+00   0.000000e+00  -1.960322e-03   0.000000e+00   0.000000e+00  -6.261901e-03   5.024061e-02   5.857291e-02   0.000000e+00
 4.337202e-04  -9.867170e-05   0.000000e+00   1.667536e-03   2.615891e-04   0.000000e+00   0.000000e+00   0.000000e+00   3.931535e-02

# timestamp: 1774889962.0281565
 9.550492e-04   1.955174e-05   0.000000e+00   4.031678e-04   3.778079e-05   0.000000e+00   0.000000e+00   0.000000e+00   4.976533e-04
 1.955174e-05   8.689533e-04   0.000000e+00   3.063955e-05   2.409075e-04   0.000000e+00   0.000000e+00   0.000000e+00  -8.847870e-05
 0.000000e+00   0.000000e+00   1.407320e-03   0.000000e+00   0.000000e+00   1.444996e-03  -6.550545e-03  -2.195637e-03   0.000000e+00
 4.031678e-04   3.063955e-05   0.000000e+00   7.416418e-04   7.226095e-05   0.000000e+00   0.000000e+00   0.000000e+00   1.833306e-03
 3.778079e-05   2.409075e-04   0.000000e+00   7.226095e-05   4.068004e-04   0.000000e+00   0.000000e+00   0.000000e+00   3.000610e-04
 0.000000e+00   0.000000e+00   1.444996e-03   0.000000e+00   0.000000e+00   3.276095e-03  -1.821118e-02  -6.517942e-03   0.000000e+00
 0.000000e+00   0.000000e+00  -6.550545e-03   0.000000e+00   0.000000e+00  -1.821118e-02   1.749194e-01   5.024061e-02   0.000000e+00
 0.000000e+00   0.000000e+00  -2.195637e-03   0.000000e+00   0.000000e+00  -6.517942e-03   5.024061e-02   6.227636e-02   0.000000e+00
 4.976533e-04  -8.847870e-05   0.000000e+00   1.833306e-03   3.000610e-04   0.000000e+00   0.000000e+00   0.000000e+00   4.301880e-02

# timestamp: 1774889962.0517972
 9.078370e-04   2.187156e-05   0.000000e+00   3.758925e-04   3.536053e-05   0.000000e+00   0.000000e+00   0.000000e+00   2.802829e-04
 2.187156e-05   8.376024e-04   0.000000e+00   5.139969e-05   2.360959e-04   0.000000e+00   0.000000e+00   0.000000e+00   4.689716e-04
 0.000000e+00   0.000000e+00   1.342184e-03   0.000000e+00   0.000000e+00   1.394031e-03  -6.173257e-03  -3.013815e-03   0.000000e+00
 3.758925e-04   5.139969e-05   0.000000e+00   7.252892e-04   7.614183e-05   0.000000e+00   0.000000e+00   0.000000e+00   1.676503e-03
 3.536053e-05   2.360959e-04   0.000000e+00   7.614183e-05   4.061953e-04   0.000000e+00   0.000000e+00   0.000000e+00   4.365025e-04
 0.000000e+00   0.000000e+00   1.394031e-03   0.000000e+00   0.000000e+00   3.242928e-03  -1.793768e-02  -7.304774e-03   0.000000e+00
 0.000000e+00   0.000000e+00  -6.173257e-03   0.000000e+00   0.000000e+00  -1.793768e-02   1.731890e-01   5.351417e-02   0.000000e+00
 0.000000e+00   0.000000e+00  -3.013815e-03   0.000000e+00   0.000000e+00  -7.304774e-03   5.351417e-02   6.241826e-02   0.000000e+00
 2.802829e-04   4.689716e-04   0.000000e+00   1.676503e-03   4.365025e-04   0.000000e+00   0.000000e+00   0.000000e+00   4.061063e-02

# timestamp: 1774889962.0946395
 8.960464e-04   1.715604e-05   0.000000e+00   3.766155e-04   3.471158e-05   0.000000e+00   0.000000e+00   0.000000e+00   4.329698e-04
 1.715604e-05   8.201383e-04   0.000000e+00   2.828274e-05   2.270223e-04   0.000000e+00   0.000000e+00   0.000000e+00  -8.029943e-05
 0.000000e+00   0.000000e+00   1.286310e-03   0.000000e+00   0.000000e+00   1.324973e-03  -6.039058e-03  -1.931613e-03   0.000000e+00
 3.766155e-04   2.828274e-05   0.000000e+00   7.248362e-04   6.992515e-05   0.000000e+00   0.000000e+00   0.000000e+00   1.688417e-03
 3.471158e-05   2.270223e-04   0.000000e+00   6.992515e-05   4.023902e-04   0.000000e+00   0.000000e+00   0.000000e+00   2.900299e-04
 0.000000e+00   0.000000e+00   1.324973e-03   0.000000e+00   0.000000e+00   3.165387e-03  -1.780456e-02  -6.095032e-03   0.000000e+00
 0.000000e+00   0.000000e+00  -6.039058e-03   0.000000e+00   0.000000e+00  -1.780456e-02   1.736626e-01   4.800656e-02   0.000000e+00
 0.000000e+00   0.000000e+00  -1.931613e-03   0.000000e+00   0.000000e+00  -6.095032e-03   4.800656e-02   5.722115e-02   0.000000e+00
 4.329698e-04  -8.029943e-05   0.000000e+00   1.688417e-03   2.900299e-04   0.000000e+00   0.000000e+00   0.000000e+00   3.985696e-02

# timestamp: 1774889962.3204052
 9.700279e-04   1.930702e-05   0.000000e+00   4.082127e-04   3.796312e-05   0.000000e+00   0.000000e+00   0.000000e+00   5.011074e-04
 1.930702e-05   8.811751e-04   0.000000e+00   3.016607e-05   2.426804e-04   0.000000e+00   0.000000e+00   0.000000e+00  -6.178680e-05
 0.000000e+00   0.000000e+00   1.449097e-03   0.000000e+00   0.000000e+00   1.506670e-03  -6.915404e-03  -1.867338e-03   0.000000e+00
 4.082127e-04   3.016607e-05   0.000000e+00   7.456837e-04   7.530090e-05   0.000000e+00   0.000000e+00   0.000000e+00   1.907296e-03
 3.796312e-05   2.426804e-04   0.000000e+00   7.530090e-05   4.066644e-04   0.000000e+00   0.000000e+00   0.000000e+00   3.900233e-04
 0.000000e+00   0.000000e+00   1.506670e-03   0.000000e+00   0.000000e+00   3.403775e-03  -1.909544e-02  -5.551691e-03   0.000000e+00
 0.000000e+00   0.000000e+00  -6.915404e-03   0.000000e+00   0.000000e+00  -1.909544e-02   1.812198e-01   4.042851e-02   0.000000e+00
 0.000000e+00   0.000000e+00  -1.867338e-03   0.000000e+00   0.000000e+00  -5.551691e-03   4.042851e-02   5.607781e-02   0.000000e+00
 5.011074e-04  -6.178680e-05   0.000000e+00   1.907296e-03   3.900233e-04   0.000000e+00   0.000000e+00   0.000000e+00   4.395448e-02

# timestamp: 1774889962.3739338
 8.543687e-04   1.524004e-05   0.000000e+00   3.567208e-04   3.239671e-05   0.000000e+00   0.000000e+00   0.000000e+00   3.727997e-04
 1.524004e-05   7.851712e-04   0.000000e+00   2.648893e-05   2.160641e-04   0.000000e+00   0.000000e+00   0.000000e+00  -3.349734e-05
 0.000000e+00   0.000000e+00   1.204044e-03   0.000000e+00   0.000000e+00   1.248493e-03  -5.721036e-03  -1.430540e-03   0.000000e+00
 3.567208e-04   2.648893e-05   0.000000e+00   7.140482e-04   7.072780e-05   0.000000e+00   0.000000e+00   0.000000e+00   1.615563e-03
 3.239671e-05   2.160641e-04   0.000000e+00   7.072780e-05   3.987100e-04   0.000000e+00   0.000000e+00   0.000000e+00   3.462458e-04
 0.000000e+00   0.000000e+00   1.248493e-03   0.000000e+00   0.000000e+00   3.128993e-03  -1.784653e-02  -4.758706e-03   0.000000e+00
 0.000000e+00   0.000000e+00  -5.721036e-03   0.000000e+00   0.000000e+00  -1.784653e-02   1.756015e-01   3.623672e-02   0.000000e+00
 0.000000e+00   0.000000e+00  -1.430540e-03   0.000000e+00   0.000000e+00  -4.758706e-03   3.623672e-02   4.721858e-02   0.000000e+00
 3.727997e-04  -3.349734e-05   0.000000e+00   1.615563e-03   3.462458e-04   0.000000e+00   0.000000e+00   0.000000e+00   3.745713e-02

# timestamp: 1774889962.4157424
 9.405464e-04   1.832052e-05   0.000000e+00   3.946846e-04   3.665055e-05   0.000000e+00   0.000000e+00   0.000000e+00   4.555553e-04
 1.832052e-05   8.566589e-04   0.000000e+00   2.992493e-05   2.358488e-04   0.000000e+00   0.000000e+00   0.000000e+00  -1.549671e-05
 0.000000e+00   0.000000e+00   1.384969e-03   0.000000e+00   0.000000e+00   1.443383e-03  -6.615008e-03  -1.668965e-03   0.000000e+00
 3.946846e-04   2.992493e-05   0.000000e+00   7.379561e-04   7.562920e-05   0.000000e+00   0.000000e+00   0.000000e+00   1.840522e-03
 3.665055e-05   2.358488e-04   0.000000e+00   7.562920e-05   4.048710e-04   0.000000e+00   0.000000e+00   0.000000e+00   4.130059e-04
 0.000000e+00   0.000000e+00   1.443383e-03   0.000000e+00   0.000000e+00   3.351893e-03  -1.889024e-02  -5.040653e-03   0.000000e+00
 0.000000e+00   0.000000e+00  -6.615008e-03   0.000000e+00   0.000000e+00  -1.889024e-02   1.805253e-01   3.623672e-02   0.000000e+00
 0.000000e+00   0.000000e+00  -1.668965e-03   0.000000e+00   0.000000e+00  -5.040653e-03   3.623672e-02   5.214238e-02   0.000000e+00
 4.555553e-04  -1.549671e-05   0.000000e+00   1.840522e-03   4.130059e-04   0.000000e+00   0.000000e+00   0.000000e+00   4.238093e-02

# timestamp: 1774889962.6588347
 9.159966e-04   2.173044e-05   0.000000e+00   3.793892e-04   3.632108e-05   0.000000e+00   0.000000e+00   0.000000e+00   3.222617e-04
 2.173044e-05   8.453121e-04   0.000000e+00   5.416621e-05   2.384705e-04   0.000000e+00   0.000000e+00   0.000000e+00   5.459543e-04
 0.000000e+00   0.000000e+00   1.370291e-03   0.000000e+00   0.000000e+00   1.458516e-03  -6.527151e-03  -2.364538e-03   0.000000e+00
 3.793892e-04   5.416621e-05   0.000000e+00   7.327208e-04   8.613300e-05   0.000000e+00   0.000000e+00   0.000000e+00   1.792242e-03
 3.632108e-05   2.384705e-04   0.000000e+00   8.613300e-05   4.083029e-04   0.000000e+00   0.000000e+00   0.000000e+00   6.154256e-04
 0.000000e+00   0.000000e+00   1.458516e-03   0.000000e+00   0.000000e+00   3.445538e-03  -1.923344e-02  -5.515495e-03   0.000000e+00
 0.000000e+00   0.000000e+00  -6.527151e-03   0.000000e+00   0.000000e+00  -1.923344e-02   1.812376e-01   3.628896e-02   0.000000e+00
 0.000000e+00   0.000000e+00  -2.364538e-03   0.000000e+00   0.000000e+00  -5.515495e-03   3.628896e-02   5.095810e-02   0.000000e+00
 3.222617e-04   5.459543e-04   0.000000e+00   1.792242e-03   6.154256e-04   0.000000e+00   0.000000e+00   0.000000e+00   4.123946e-02

# timestamp: 1774889962.7052803
 9.315379e-04   1.749611e-05   0.000000e+00   3.910522e-04   3.743258e-05   0.000000e+00   0.000000e+00   0.000000e+00   4.686261e-04
 1.749611e-05   8.495067e-04   0.000000e+00   2.959788e-05   2.329897e-04   0.000000e+00   0.000000e+00   0.000000e+00  -6.682430e-05
 0.000000e+00   0.000000e+00   1.382763e-03   0.000000e+00   0.000000e+00   1.469268e-03  -6.802118e-03  -1.339227e-03   0.000000e+00
 3.910522e-04   2.959788e-05   0.000000e+00   7.397233e-04   8.159149e-05   0.000000e+00   0.000000e+00   0.000000e+00   1.858156e-03
 3.743258e-05   2.329897e-04   0.000000e+00   8.159149e-05   4.054878e-04   0.000000e+00   0.000000e+00   0.000000e+00   4.681331e-04
 0.000000e+00   0.000000e+00   1.469268e-03   0.000000e+00   0.000000e+00   3.464243e-03  -1.956609e-02  -4.398584e-03   0.000000e+00
 0.000000e+00   0.000000e+00  -6.802118e-03   0.000000e+00   0.000000e+00  -1.956609e-02   1.837424e-01   3.116431e-02   0.000000e+00
 0.000000e+00   0.000000e+00  -1.339227e-03   0.000000e+00   0.000000e+00  -4.398584e-03   3.116431e-02   4.872130e-02   0.000000e+00
 4.686261e-04  -6.682430e-05   0.000000e+00   1.858156e-03   4.681331e-04   0.000000e+00   0.000000e+00   0.000000e+00   4.175167e-02

# timestamp: 1774889963.0565472
 9.260985e-04   2.215637e-05   0.000000e+00   3.824461e-04   3.833538e-05   0.000000e+00   0.000000e+00   0.000000e+00   2.984142e-04
 2.215637e-05   8.536194e-04   0.000000e+00   5.603923e-05   2.409987e-04   0.000000e+00   0.000000e+00   0.000000e+00   5.142319e-04
 0.000000e+00   0.000000e+00   1.386702e-03   0.000000e+00   0.000000e+00   1.481859e-03  -6.431760e-03  -2.411910e-03   0.000000e+00
 3.824461e-04   5.603923e-05   0.000000e+00   7.374585e-04   9.402958e-05   0.000000e+00   0.000000e+00   0.000000e+00   1.810179e-03
 3.833538e-05   2.409987e-04   0.000000e+00   9.402958e-05   4.112025e-04   0.000000e+00   0.000000e+00   0.000000e+00   6.557564e-04
 0.000000e+00   0.000000e+00   1.481859e-03   0.000000e+00   0.000000e+00   3.518672e-03  -1.918923e-02  -5.883966e-03   0.000000e+00
 0.000000e+00   0.000000e+00  -6.431760e-03   0.000000e+00   0.000000e+00  -1.918923e-02   1.770364e-01   3.918181e-02   0.000000e+00
 0.000000e+00   0.000000e+00  -2.411910e-03   0.000000e+00   0.000000e+00  -5.883966e-03   3.918181e-02   5.342335e-02   0.000000e+00
 2.984142e-04   5.142319e-04   0.000000e+00   1.810179e-03   6.557564e-04   0.000000e+00   0.000000e+00   0.000000e+00   4.185598e-02

# timestamp: 1774889963.106182
 9.035561e-04   1.696009e-05   0.000000e+00   3.798639e-04   3.839811e-05   0.000000e+00   0.000000e+00   0.000000e+00   4.666757e-04
 1.696009e-05   8.259022e-04   0.000000e+00   3.071908e-05   2.264474e-04   0.000000e+00   0.000000e+00   0.000000e+00  -6.593937e-05
 0.000000e+00   0.000000e+00   1.340742e-03   0.000000e+00   0.000000e+00   1.450148e-03  -6.653954e-03  -1.490097e-03   0.000000e+00
 3.798639e-04   3.071908e-05   0.000000e+00   7.351195e-04   8.741383e-05   0.000000e+00   0.000000e+00   0.000000e+00   1.795877e-03
 3.839811e-05   2.264474e-04   0.000000e+00   8.741383e-05   4.053746e-04   0.000000e+00   0.000000e+00   0.000000e+00   4.865861e-04
 0.000000e+00   0.000000e+00   1.450148e-03   0.000000e+00   0.000000e+00   3.504668e-03  -1.948032e-02  -4.995365e-03   0.000000e+00
 0.000000e+00   0.000000e+00  -6.653954e-03   0.000000e+00   0.000000e+00  -1.948032e-02   1.794061e-01   3.651791e-02   0.000000e+00
 0.000000e+00   0.000000e+00  -1.490097e-03   0.000000e+00   0.000000e+00  -4.995365e-03   3.651791e-02   5.003112e-02   0.000000e+00
 4.666757e-04  -6.593937e-05   0.000000e+00   1.795877e-03   4.865861e-04   0.000000e+00   0.000000e+00   0.000000e+00   4.030123e-02

# timestamp: 1774889963.341019
 9.899572e-04   2.142648e-05   0.000000e+00   4.220859e-04   4.723382e-05   0.000000e+00   0.000000e+00   0.000000e+00   6.233614e-04
 2.142648e-05   8.948081e-04   0.000000e+00   3.753364e-05   2.461253e-04   0.000000e+00   0.000000e+00   0.000000e+00  -1.482509e-05
 0.000000e+00   0.000000e+00   1.576626e-03   0.000000e+00   0.000000e+00   1.742279e-03  -7.980516e-03  -2.167125e-03   0.000000e+00
 4.220859e-04   3.753364e-05   0.000000e+00   7.641371e-04   1.013207e-04   0.000000e+00   0.000000e+00   0.000000e+00   2.053098e-03
 4.723382e-05   2.461253e-04   0.000000e+00   1.013207e-04   4.152941e-04   0.000000e+00   0.000000e+00   0.000000e+00   6.456843e-04
 0.000000e+00   0.000000e+00   1.742279e-03   0.000000e+00   0.000000e+00   3.870620e-03  -2.083861e-02  -6.304528e-03   0.000000e+00
 0.000000e+00   0.000000e+00  -7.980516e-03   0.000000e+00   0.000000e+00  -2.083861e-02   1.817595e-01   4.277074e-02   0.000000e+00
 0.000000e+00   0.000000e+00  -2.167125e-03   0.000000e+00   0.000000e+00  -6.304528e-03   4.277074e-02   5.863300e-02   0.000000e+00
 6.233614e-04  -1.482509e-05   0.000000e+00   2.053098e-03   6.456843e-04   0.000000e+00   0.000000e+00   0.000000e+00   4.505422e-02

# timestamp: 1774889963.3850923
 8.918362e-04   1.792873e-05   0.000000e+00   3.798521e-04   4.269372e-05   0.000000e+00   0.000000e+00   0.000000e+00   5.484842e-04
 1.792873e-05   8.133919e-04   0.000000e+00   3.467071e-05   2.241185e-04   0.000000e+00   0.000000e+00   0.000000e+00  -2.000472e-06
 0.000000e+00   0.000000e+00   1.364912e-03   0.000000e+00   0.000000e+00   1.527383e-03  -7.005152e-03  -2.175622e-03   0.000000e+00
 3.798521e-04   3.467071e-05   0.000000e+00   7.374754e-04   9.773482e-05   0.000000e+00   0.000000e+00   0.000000e+00   1.806405e-03
 4.269372e-05   2.241185e-04   0.000000e+00   9.773482e-05   4.092205e-04   0.000000e+00   0.000000e+00   0.000000e+00   5.973886e-04
 0.000000e+00   0.000000e+00   1.527383e-03   0.000000e+00   0.000000e+00   3.645627e-03  -1.957479e-02  -6.678307e-03   0.000000e+00
 0.000000e+00   0.000000e+00  -7.005152e-03   0.000000e+00   0.000000e+00  -1.957479e-02   1.719886e-01   4.724460e-02   0.000000e+00
 0.000000e+00   0.000000e+00  -2.175622e-03   0.000000e+00   0.000000e+00  -6.678307e-03   4.724460e-02   5.679336e-02   0.000000e+00
 5.484842e-04  -2.000472e-06   0.000000e+00   1.806405e-03   5.973886e-04   0.000000e+00   0.000000e+00   0.000000e+00   3.963651e-02

# timestamp: 1774889963.4143608
 9.465974e-04   2.040812e-05   0.000000e+00   4.047459e-04   4.675716e-05   0.000000e+00   0.000000e+00   0.000000e+00   6.055728e-04
 2.040812e-05   8.582352e-04   0.000000e+00   3.776625e-05   2.367805e-04   0.000000e+00   0.000000e+00   0.000000e+00   1.713882e-05
 0.000000e+00   0.000000e+00   1.493516e-03   0.000000e+00   0.000000e+00   1.671067e-03  -7.613877e-03  -2.383646e-03   0.000000e+00
 4.047459e-04   3.776625e-05   0.000000e+00   7.537264e-04   1.031791e-04   0.000000e+00   0.000000e+00   0.000000e+00   1.952240e-03
 4.675716e-05   2.367805e-04   0.000000e+00   1.031791e-04   4.144621e-04   0.000000e+00   0.000000e+00   0.000000e+00   6.687404e-04
 0.000000e+00   0.000000e+00   1.671067e-03   0.000000e+00   0.000000e+00   3.811852e-03  -2.026606e-02  -6.944861e-03   0.000000e+00
 0.000000e+00   0.000000e+00  -7.613877e-03   0.000000e+00   0.000000e+00  -2.026606e-02   1.750582e-01   4.724460e-02   0.000000e+00
 0.000000e+00   0.000000e+00  -2.383646e-03   0.000000e+00   0.000000e+00  -6.944861e-03   4.724460e-02   5.986300e-02   0.000000e+00
 6.055728e-04   1.713882e-05   0.000000e+00   1.952240e-03   6.687404e-04   0.000000e+00   0.000000e+00   0.000000e+00   4.270615e-02

# timestamp: 1774889963.4357166
 9.831535e-04   2.214601e-05   0.000000e+00   4.213695e-04   4.955328e-05   0.000000e+00   0.000000e+00   0.000000e+00   6.451388e-04
 2.214601e-05   8.879139e-04   0.000000e+00   3.991335e-05   2.451497e-04   0.000000e+00   0.000000e+00   0.000000e+00   3.076082e-05
 0.000000e+00   0.000000e+00   1.582206e-03   0.000000e+00   0.000000e+00   1.768882e-03  -8.021894e-03  -2.523562e-03   0.000000e+00
 4.213695e-04   3.991335e-05   0.000000e+00   7.648968e-04   1.070089e-04   0.000000e+00   0.000000e+00   0.000000e+00   2.053502e-03
 4.955328e-05   2.451497e-04   0.000000e+00   1.070089e-04   4.180179e-04   0.000000e+00   0.000000e+00   0.000000e+00   7.182842e-04
 0.000000e+00   0.000000e+00   1.768882e-03   0.000000e+00   0.000000e+00   3.923430e-03  -2.072319e-02  -7.121762e-03   0.000000e+00
 0.000000e+00   0.000000e+00  -8.021894e-03   0.000000e+00   0.000000e+00  -2.072319e-02   1.770610e-01   4.724460e-02   0.000000e+00
 0.000000e+00   0.000000e+00  -2.523562e-03   0.000000e+00   0.000000e+00  -7.121762e-03   4.724460e-02   6.186574e-02   0.000000e+00
 6.451388e-04   3.076082e-05   0.000000e+00   2.053502e-03   7.182842e-04   0.000000e+00   0.000000e+00   0.000000e+00   4.470889e-02

# timestamp: 1774889963.6311595
 9.781122e-04   2.423140e-05   0.000000e+00   4.223289e-04   5.568089e-05   0.000000e+00   0.000000e+00   0.000000e+00   6.634450e-04
 2.423140e-05   8.824117e-04   0.000000e+00   4.574877e-05   2.461580e-04   0.000000e+00   0.000000e+00   0.000000e+00   1.030480e-04
 0.000000e+00   0.000000e+00   1.578352e-03   0.000000e+00   0.000000e+00   1.775961e-03  -7.566742e-03  -3.201980e-03   0.000000e+00
 4.223289e-04   4.574877e-05   0.000000e+00   7.701982e-04   1.231638e-04   0.000000e+00   0.000000e+00   0.000000e+00   2.076914e-03
 5.568089e-05   2.461580e-04   0.000000e+00   1.231638e-04   4.279326e-04   0.000000e+00   0.000000e+00   0.000000e+00   8.951558e-04
 0.000000e+00   0.000000e+00   1.775961e-03   0.000000e+00   0.000000e+00   3.948991e-03  -1.954888e-02  -8.871719e-03   0.000000e+00
 0.000000e+00   0.000000e+00  -7.566742e-03   0.000000e+00   0.000000e+00  -1.954888e-02   1.594336e-01   5.508956e-02   0.000000e+00
 0.000000e+00   0.000000e+00  -3.201980e-03   0.000000e+00   0.000000e+00  -8.871719e-03   5.508956e-02   7.110799e-02   0.000000e+00
 6.634450e-04   1.030480e-04   0.000000e+00   2.076914e-03   8.951558e-04   0.000000e+00   0.000000e+00   0.000000e+00   4.416606e-02

# timestamp: 1774889963.659581
 9.321672e-04   2.467953e-05   0.000000e+00   3.869904e-04   4.682496e-05   0.000000e+00   0.000000e+00   0.000000e+00   2.514216e-04
 2.467953e-05   8.587494e-04   0.000000e+00   6.485941e-05   2.492458e-04   0.000000e+00   0.000000e+00   0.000000e+00   5.692144e-04
 0.000000e+00   0.000000e+00   1.434129e-03   0.000000e+00   0.000000e+00   1.569486e-03  -5.931484e-03  -3.696520e-03   0.000000e+00
 3.869904e-04   6.485941e-05   0.000000e+00   7.476917e-04   1.251361e-04   0.000000e+00   0.000000e+00   0.000000e+00   1.844555e-03
 4.682496e-05   2.492458e-04   0.000000e+00   1.251361e-04   4.318126e-04   0.000000e+00   0.000000e+00   0.000000e+00   9.962294e-04
 0.000000e+00   0.000000e+00   1.569486e-03   0.000000e+00   0.000000e+00   3.671317e-03  -1.740404e-02  -9.513206e-03   0.000000e+00
 0.000000e+00   0.000000e+00  -5.931484e-03   0.000000e+00   0.000000e+00  -1.740404e-02   1.450090e-01   5.684210e-02   0.000000e+00
 0.000000e+00   0.000000e+00  -3.696520e-03   0.000000e+00   0.000000e+00  -9.513206e-03   5.684210e-02   7.393617e-02   0.000000e+00
 2.514216e-04   5.692144e-04   0.000000e+00   1.844555e-03   9.962294e-04   0.000000e+00   0.000000e+00   0.000000e+00   4.199456e-02

# timestamp: 1774889963.7166977
 9.480997e-04   2.380025e-05   0.000000e+00   4.107859e-04   5.737889e-05   0.000000e+00   0.000000e+00   0.000000e+00   6.741698e-04
 2.380025e-05   8.572038e-04   0.000000e+00   4.690944e-05   2.406168e-04   0.000000e+00   0.000000e+00   0.000000e+00   1.066166e-04
 0.000000e+00   0.000000e+00   1.516791e-03   0.000000e+00   0.000000e+00   1.720854e-03  -7.163280e-03  -3.401886e-03   0.000000e+00
 4.107859e-04   4.690944e-05   0.000000e+00   7.641381e-04   1.297792e-04   0.000000e+00   0.000000e+00   0.000000e+00   2.016595e-03
 5.737889e-05   2.406168e-04   0.000000e+00   1.297792e-04   4.320694e-04   0.000000e+00   0.000000e+00   0.000000e+00   9.582373e-04
 0.000000e+00   0.000000e+00   1.720854e-03   0.000000e+00   0.000000e+00   3.906763e-03  -1.876817e-02  -9.620047e-03   0.000000e+00
 0.000000e+00   0.000000e+00  -7.163280e-03   0.000000e+00   0.000000e+00  -1.876817e-02   1.498406e-01   5.834602e-02   0.000000e+00
 0.000000e+00   0.000000e+00  -3.401886e-03   0.000000e+00   0.000000e+00  -9.620047e-03   5.834602e-02   7.487836e-02   0.000000e+00
 6.741698e-04   1.066166e-04   0.000000e+00   2.016595e-03   9.582373e-04   0.000000e+00   0.000000e+00   0.000000e+00   4.243264e-02

# timestamp: 1774889963.964009
 9.344474e-04   2.667976e-05   0.000000e+00   3.856436e-04   5.368681e-05   0.000000e+00   0.000000e+00   0.000000e+00   1.663341e-04
 2.667976e-05   8.616377e-04   0.000000e+00   7.106340e-05   2.585532e-04   0.000000e+00   0.000000e+00   0.000000e+00   5.633895e-04
 0.000000e+00   0.000000e+00   1.414646e-03   0.000000e+00   0.000000e+00   1.534703e-03  -4.828200e-03  -4.175320e-03   0.000000e+00
 3.856436e-04   7.106340e-05   0.000000e+00   7.461581e-04   1.556122e-04   0.000000e+00   0.000000e+00   0.000000e+00   1.782557e-03
 5.368681e-05   2.585532e-04   0.000000e+00   1.556122e-04   4.635633e-04   0.000000e+00   0.000000e+00   0.000000e+00   1.314464e-03
 0.000000e+00   0.000000e+00   1.534703e-03   0.000000e+00   0.000000e+00   3.652513e-03  -1.499286e-02  -1.156079e-02   0.000000e+00
 0.000000e+00   0.000000e+00  -4.828200e-03   0.000000e+00   0.000000e+00  -1.499286e-02   1.178956e-01   5.982377e-02   0.000000e+00
 0.000000e+00   0.000000e+00  -4.175320e-03   0.000000e+00   0.000000e+00  -1.156079e-02   5.982377e-02   8.986127e-02   0.000000e+00
 1.663341e-04   5.633895e-04   0.000000e+00   1.782557e-03   1.314464e-03   0.000000e+00   0.000000e+00   0.000000e+00   4.193015e-02

# timestamp: 1774889964.0001929
 9.312922e-04   2.550861e-05   0.000000e+00   3.992367e-04   6.486533e-05   0.000000e+00   0.000000e+00   0.000000e+00   5.588537e-04
 2.550861e-05   8.467183e-04   0.000000e+00   5.189155e-05   2.422973e-04   0.000000e+00   0.000000e+00   0.000000e+00   7.613895e-05
 0.000000e+00   0.000000e+00   1.398677e-03   0.000000e+00   0.000000e+00   1.528246e-03  -5.389247e-03  -3.329558e-03   0.000000e+00
 3.992367e-04   5.189155e-05   0.000000e+00   7.545533e-04   1.574231e-04   0.000000e+00   0.000000e+00   0.000000e+00   1.889243e-03
 6.486533e-05   2.422973e-04   0.000000e+00   1.574231e-04   4.597172e-04   0.000000e+00   0.000000e+00   0.000000e+00   1.201880e-03
 0.000000e+00   0.000000e+00   1.528246e-03   0.000000e+00   0.000000e+00   3.670930e-03  -1.567987e-02  -1.076860e-02   0.000000e+00
 0.000000e+00   0.000000e+00  -5.389247e-03   0.000000e+00   0.000000e+00  -1.567987e-02   1.223172e-01   5.897455e-02   0.000000e+00
 0.000000e+00   0.000000e+00  -3.329558e-03   0.000000e+00   0.000000e+00  -1.076860e-02   5.897455e-02   8.524299e-02   0.000000e+00
 5.588537e-04   7.613895e-05   0.000000e+00   1.889243e-03   1.201880e-03   0.000000e+00   0.000000e+00   0.000000e+00   4.134048e-02

# timestamp: 1774889964.030962
 9.701477e-04   2.808651e-05   0.000000e+00   4.168439e-04   6.933488e-05   0.000000e+00   0.000000e+00   0.000000e+00   5.997881e-04
 2.808651e-05   8.787080e-04   0.000000e+00   5.551689e-05   2.523683e-04   0.000000e+00   0.000000e+00   0.000000e+00   1.022496e-04
 0.000000e+00   0.000000e+00   1.487385e-03   0.000000e+00   0.000000e+00   1.626947e-03  -5.726853e-03  -3.561533e-03   0.000000e+00
 4.168439e-04   5.551689e-05   0.000000e+00   7.657412e-04   1.638276e-04   0.000000e+00   0.000000e+00   0.000000e+00   1.989506e-03
 6.933488e-05   2.523683e-04   0.000000e+00   1.638276e-04   4.663492e-04   0.000000e+00   0.000000e+00   0.000000e+00   1.279685e-03
 0.000000e+00   0.000000e+00   1.626947e-03   0.000000e+00   0.000000e+00   3.786679e-03  -1.607582e-02  -1.106347e-02   0.000000e+00
 0.000000e+00   0.000000e+00  -5.726853e-03   0.000000e+00   0.000000e+00  -1.607582e-02   1.244577e-01   5.897455e-02   0.000000e+00
 0.000000e+00   0.000000e+00  -3.561533e-03   0.000000e+00   0.000000e+00  -1.106347e-02   5.897455e-02   8.738341e-02   0.000000e+00
 5.997881e-04   1.022496e-04   0.000000e+00   1.989506e-03   1.279685e-03   0.000000e+00   0.000000e+00   0.000000e+00   4.348091e-02

# timestamp: 1774889964.067583
 9.193931e-04   2.680450e-05   0.000000e+00   3.786172e-04   5.504694e-05   0.000000e+00   0.000000e+00   0.000000e+00   1.560830e-04
 2.680450e-05   8.499092e-04   0.000000e+00   7.197352e-05   2.572617e-04   0.000000e+00   0.000000e+00   0.000000e+00   5.543619e-04
 0.000000e+00   0.000000e+00   1.379907e-03   0.000000e+00   0.000000e+00   1.502340e-03  -4.668960e-03  -4.123760e-03   0.000000e+00
 3.786172e-04   7.197352e-05   0.000000e+00   7.408745e-04   1.618387e-04   0.000000e+00   0.000000e+00   0.000000e+00   1.733823e-03
 5.504694e-05   2.572617e-04   0.000000e+00   1.618387e-04   4.704493e-04   0.000000e+00   0.000000e+00   0.000000e+00   1.331118e-03
 0.000000e+00   0.000000e+00   1.502340e-03   0.000000e+00   0.000000e+00   3.649868e-03  -1.489452e-02  -1.173489e-02   0.000000e+00
 0.000000e+00   0.000000e+00  -4.668960e-03   0.000000e+00   0.000000e+00  -1.489452e-02   1.172688e-01   6.065809e-02   0.000000e+00
 0.000000e+00   0.000000e+00  -4.123760e-03   0.000000e+00   0.000000e+00  -1.173489e-02   6.065809e-02   8.984549e-02   0.000000e+00
 1.560830e-04   5.543619e-04   0.000000e+00   1.733823e-03   1.331118e-03   0.000000e+00   0.000000e+00   0.000000e+00   4.102204e-02

# timestamp: 1774889964.352354
 9.939003e-04   3.323949e-05   0.000000e+00   4.180200e-04   7.440970e-05   0.000000e+00   0.000000e+00   0.000000e+00   4.565369e-04
 3.323949e-05   9.065653e-04   0.000000e+00   6.396089e-05   2.661178e-04   0.000000e+00   0.000000e+00   0.000000e+00   7.739920e-05
 0.000000e+00   0.000000e+00   1.460738e-03   0.000000e+00   0.000000e+00   1.506593e-03  -5.006917e-03  -2.665367e-03   0.000000e+00
 4.180200e-04   6.396089e-05   0.000000e+00   7.616521e-04   1.797724e-04   0.000000e+00   0.000000e+00   0.000000e+00   1.962509e-03
 7.440970e-05   2.661178e-04   0.000000e+00   1.797724e-04   4.842956e-04   0.000000e+00   0.000000e+00   0.000000e+00   1.246799e-03
 0.000000e+00   0.000000e+00   1.506593e-03   0.000000e+00   0.000000e+00   3.539388e-03  -1.525845e-02  -8.945473e-03   0.000000e+00
 0.000000e+00   0.000000e+00  -5.006917e-03   0.000000e+00   0.000000e+00  -1.525845e-02   1.290130e-01   4.828375e-02   0.000000e+00
 0.000000e+00   0.000000e+00  -2.665367e-03   0.000000e+00   0.000000e+00  -8.945473e-03   4.828375e-02   7.396360e-02   0.000000e+00
 4.565369e-04   7.739920e-05   0.000000e+00   1.962509e-03   1.246799e-03   0.000000e+00   0.000000e+00   0.000000e+00   4.508381e-02

# timestamp: 1774889964.384588
 9.443951e-04   3.399123e-05   0.000000e+00   3.902536e-04   6.721109e-05   0.000000e+00   0.000000e+00   0.000000e+00   2.625030e-04
 3.399123e-05   8.779395e-04   0.000000e+00   8.634634e-05   2.736419e-04   0.000000e+00   0.000000e+00   0.000000e+00   6.589928e-04
 0.000000e+00   0.000000e+00   1.433138e-03   0.000000e+00   0.000000e+00   1.537927e-03  -5.074200e-03  -3.659737e-03   0.000000e+00
 3.902536e-04   8.634634e-05   0.000000e+00   7.463127e-04   1.815549e-04   0.000000e+00   0.000000e+00   0.000000e+00   1.827505e-03
 6.721109e-05   2.736419e-04   0.000000e+00   1.815549e-04   4.887191e-04   0.000000e+00   0.000000e+00   0.000000e+00   1.326155e-03
 0.000000e+00   0.000000e+00   1.537927e-03   0.000000e+00   0.000000e+00   3.608668e-03  -1.550423e-02  -9.659720e-03   0.000000e+00
 0.000000e+00   0.000000e+00  -5.074200e-03   0.000000e+00   0.000000e+00  -1.550423e-02   1.308276e-01   5.016767e-02   0.000000e+00
 0.000000e+00   0.000000e+00  -3.659737e-03   0.000000e+00   0.000000e+00  -9.659720e-03   5.016767e-02   7.254578e-02   0.000000e+00
 2.625030e-04   6.589928e-04   0.000000e+00   1.827505e-03   1.326155e-03   0.000000e+00   0.000000e+00   0.000000e+00   4.273830e-02

# timestamp: 1774889964.696696
 9.620528e-04   4.214727e-05   0.000000e+00   4.026439e-04   7.548737e-05   0.000000e+00   0.000000e+00   0.000000e+00   4.577842e-04
 4.214727e-05   8.962371e-04   0.000000e+00   9.675174e-05   2.784852e-04   0.000000e+00   0.000000e+00   0.000000e+00   6.477978e-04
 0.000000e+00   0.000000e+00   1.391305e-03   0.000000e+00   0.000000e+00   1.341612e-03  -4.495179e-03  -1.770350e-03   0.000000e+00
 4.026439e-04   9.675174e-05   0.000000e+00   7.575992e-04   1.775086e-04   0.000000e+00   0.000000e+00   0.000000e+00   1.989077e-03
 7.548737e-05   2.784852e-04   0.000000e+00   1.775086e-04   4.770674e-04   0.000000e+00   0.000000e+00   0.000000e+00   9.775792e-04
 0.000000e+00   0.000000e+00   1.341612e-03   0.000000e+00   0.000000e+00   2.956113e-03  -1.325644e-02  -3.731016e-03   0.000000e+00
 0.000000e+00   0.000000e+00  -4.495179e-03   0.000000e+00   0.000000e+00  -1.325644e-02   1.313050e-01   1.365379e-02   0.000000e+00
 0.000000e+00   0.000000e+00  -1.770350e-03   0.000000e+00   0.000000e+00  -3.731016e-03   1.365379e-02   4.858123e-02   0.000000e+00
 4.577842e-04   6.477978e-04   0.000000e+00   1.989077e-03   9.775792e-04   0.000000e+00   0.000000e+00   0.000000e+00   4.373693e-02

# timestamp: 1774889964.7449563
 9.511039e-04   3.545620e-05   0.000000e+00   3.896424e-04   6.936675e-05   0.000000e+00   0.000000e+00   0.000000e+00   2.583122e-04
 3.545620e-05   8.810266e-04   0.000000e+00   6.724383e-05   2.625161e-04   0.000000e+00   0.000000e+00   0.000000e+00  -2.333041e-05
 0.000000e+00   0.000000e+00   1.277653e-03   0.000000e+00   0.000000e+00   1.127824e-03  -3.291994e-03  -3.831001e-04   0.000000e+00
 3.896424e-04   6.724383e-05   0.000000e+00   7.447550e-04   1.623455e-04   0.000000e+00   0.000000e+00   0.000000e+00   1.833669e-03
 6.936675e-05   2.625161e-04   0.000000e+00   1.623455e-04   4.654186e-04   0.000000e+00   0.000000e+00   0.000000e+00   6.854025e-04
 0.000000e+00   0.000000e+00   1.127824e-03   0.000000e+00   0.000000e+00   2.613786e-03  -1.160009e-02  -1.814156e-03   0.000000e+00
 0.000000e+00   0.000000e+00  -3.291994e-03   0.000000e+00   0.000000e+00  -1.160009e-02   1.246558e-01   3.936610e-03   0.000000e+00
 0.000000e+00   0.000000e+00  -3.831001e-04   0.000000e+00   0.000000e+00  -1.814156e-03   3.936610e-03   4.522062e-02   0.000000e+00
 2.583122e-04  -2.333041e-05   0.000000e+00   1.833669e-03   6.854025e-04   0.000000e+00   0.000000e+00   0.000000e+00   4.263313e-02

# timestamp: 1774889965.062207
 9.437902e-04   4.371262e-05   0.000000e+00   4.019959e-04   7.086104e-05   0.000000e+00   0.000000e+00   0.000000e+00   5.849236e-04
 4.371262e-05   8.765310e-04   0.000000e+00   9.029513e-05   2.646135e-04   0.000000e+00   0.000000e+00   0.000000e+00   4.708547e-04
 0.000000e+00   0.000000e+00   1.300263e-03   0.000000e+00   0.000000e+00   1.177973e-03  -4.263939e-03  -1.397473e-04   0.000000e+00
 4.019959e-04   9.029513e-05   0.000000e+00   7.642637e-04   1.452705e-04   0.000000e+00   0.000000e+00   0.000000e+00   2.052822e-03
 7.086104e-05   2.646135e-04   0.000000e+00   1.452705e-04   4.495926e-04   0.000000e+00   0.000000e+00   0.000000e+00   4.700453e-04
 0.000000e+00   0.000000e+00   1.177973e-03   0.000000e+00   0.000000e+00   2.596463e-03  -1.268416e-02   8.381227e-04   0.000000e+00
 0.000000e+00   0.000000e+00  -4.263939e-03   0.000000e+00   0.000000e+00  -1.268416e-02   1.364596e-01  -1.777857e-02   0.000000e+00
 0.000000e+00   0.000000e+00  -1.397473e-04   0.000000e+00   0.000000e+00   8.381227e-04  -1.777857e-02   4.749347e-02   0.000000e+00
 5.849236e-04   4.708547e-04   0.000000e+00   2.052822e-03   4.700453e-04   0.000000e+00   0.000000e+00   0.000000e+00   4.280896e-02

# timestamp: 1774889965.099993
 9.847730e-04   4.741851e-05   0.000000e+00   4.209935e-04   7.423807e-05   0.000000e+00   0.000000e+00   0.000000e+00   6.317392e-04
 4.741851e-05   9.111568e-04   0.000000e+00   9.488951e-05   2.748435e-04   0.000000e+00   0.000000e+00   0.000000e+00   4.814653e-04
 0.000000e+00   0.000000e+00   1.377195e-03   0.000000e+00   0.000000e+00   1.249142e-03  -4.551228e-03  -1.206794e-04   0.000000e+00
 4.209935e-04   9.488951e-05   0.000000e+00   7.781481e-04   1.469175e-04   0.000000e+00   0.000000e+00   0.000000e+00   2.175378e-03
 7.423807e-05   2.748435e-04   0.000000e+00   1.469175e-04   4.519958e-04   0.000000e+00   0.000000e+00   0.000000e+00   4.772818e-04
 0.000000e+00   0.000000e+00   1.249142e-03   0.000000e+00   0.000000e+00   2.669288e-03  -1.306156e-02   8.790541e-04   0.000000e+00
 0.000000e+00   0.000000e+00  -4.551228e-03   0.000000e+00   0.000000e+00  -1.306156e-02   1.387089e-01  -1.777857e-02   0.000000e+00
 0.000000e+00   0.000000e+00  -1.206794e-04   0.000000e+00   0.000000e+00   8.790541e-04  -1.777857e-02   4.974276e-02   0.000000e+00
 6.317392e-04   4.814653e-04   0.000000e+00   2.175378e-03   4.772818e-04   0.000000e+00   0.000000e+00   0.000000e+00   4.505825e-02

# timestamp: 1774889965.1483228
 9.795673e-04   3.895595e-05   0.000000e+00   4.097850e-04   6.911312e-05   0.000000e+00   0.000000e+00   0.000000e+00   4.193642e-04
 3.895595e-05   9.060844e-04   0.000000e+00   6.294767e-05   2.680840e-04   0.000000e+00   0.000000e+00   0.000000e+00  -1.511657e-04
 0.000000e+00   0.000000e+00   1.342679e-03   0.000000e+00   0.000000e+00   1.193142e-03  -4.216559e-03   8.869174e-04   0.000000e+00
 4.097850e-04   6.294767e-05   0.000000e+00   7.681638e-04   1.321859e-04   0.000000e+00   0.000000e+00   0.000000e+00   2.051676e-03
 6.911312e-05   2.680840e-04   0.000000e+00   1.321859e-04   4.462523e-04   0.000000e+00   0.000000e+00   0.000000e+00   2.415826e-04
 0.000000e+00   0.000000e+00   1.193142e-03   0.000000e+00   0.000000e+00   2.611448e-03  -1.290543e-02   1.967690e-03   0.000000e+00
 0.000000e+00   0.000000e+00  -4.216559e-03   0.000000e+00   0.000000e+00  -1.290543e-02   1.390848e-01  -2.221588e-02   0.000000e+00
 0.000000e+00   0.000000e+00   8.869174e-04   0.000000e+00   0.000000e+00   1.967690e-03  -2.221588e-02   5.055493e-02   0.000000e+00
 4.193642e-04  -1.511657e-04   0.000000e+00   2.051676e-03   2.415826e-04   0.000000e+00   0.000000e+00   0.000000e+00   4.459356e-02

# timestamp: 1774889965.3703268
 9.045567e-04   3.834085e-05   0.000000e+00   3.893185e-04   6.190938e-05   0.000000e+00   0.000000e+00   0.000000e+00   5.278646e-04
 3.834085e-05   8.385016e-04   0.000000e+00   7.790881e-05   2.482152e-04   0.000000e+00   0.000000e+00   0.000000e+00   3.031500e-04
 0.000000e+00   0.000000e+00   1.234281e-03   0.000000e+00   0.000000e+00   1.163420e-03  -4.652983e-03   3.381326e-04   0.000000e+00
 3.893185e-04   7.790881e-05   0.000000e+00   7.719382e-04   1.227972e-04   0.000000e+00   0.000000e+00   0.000000e+00   2.035813e-03
 6.190938e-05   2.482152e-04   0.000000e+00   1.227972e-04   4.334334e-04   0.000000e+00   0.000000e+00   0.000000e+00   2.959434e-04
 0.000000e+00   0.000000e+00   1.163420e-03   0.000000e+00   0.000000e+00   2.747022e-03  -1.459208e-02   1.842504e-03   0.000000e+00
 0.000000e+00   0.000000e+00  -4.652983e-03   0.000000e+00   0.000000e+00  -1.459208e-02   1.509411e-01  -2.110350e-02   0.000000e+00
 0.000000e+00   0.000000e+00   3.381326e-04   0.000000e+00   0.000000e+00   1.842504e-03  -2.110350e-02   4.463257e-02   0.000000e+00
 5.278646e-04   3.031500e-04   0.000000e+00   2.035813e-03   2.959434e-04   0.000000e+00   0.000000e+00   0.000000e+00   4.015406e-02

# timestamp: 1774889965.4250765
 1.019733e-03   4.766280e-05   0.000000e+00   4.442485e-04   6.989846e-05   0.000000e+00   0.000000e+00   0.000000e+00   6.603413e-04
 4.766280e-05   9.344477e-04   0.000000e+00   8.848037e-05   2.759429e-04   0.000000e+00   0.000000e+00   0.000000e+00   3.219517e-04
 0.000000e+00   0.000000e+00   1.455686e-03   0.000000e+00   0.000000e+00   1.387073e-03  -5.586417e-03   4.559512e-04   0.000000e+00
 4.442485e-04   8.848037e-05   0.000000e+00   8.175666e-04   1.262504e-04   0.000000e+00   0.000000e+00   0.000000e+00   2.435046e-03
 6.989846e-05   2.759429e-04   0.000000e+00   1.262504e-04   4.399407e-04   0.000000e+00   0.000000e+00   0.000000e+00   3.117645e-04
 0.000000e+00   0.000000e+00   1.387073e-03   0.000000e+00   0.000000e+00   3.020823e-03  -1.595893e-02   2.010841e-03   0.000000e+00
 0.000000e+00   0.000000e+00  -5.586417e-03   0.000000e+00   0.000000e+00  -1.595893e-02   1.572365e-01  -2.110350e-02   0.000000e+00
 0.000000e+00   0.000000e+00   4.559512e-04   0.000000e+00   0.000000e+00   2.010841e-03  -2.110350e-02   5.092794e-02   0.000000e+00
 6.603413e-04   3.219517e-04   0.000000e+00   2.435046e-03   3.117645e-04   0.000000e+00   0.000000e+00   0.000000e+00   4.644943e-02

# timestamp: 1774889965.4444625
 1.047015e-03   4.996434e-05   0.000000e+00   4.574104e-04   7.176790e-05   0.000000e+00   0.000000e+00   0.000000e+00   6.956268e-04
 4.996434e-05   9.568107e-04   0.000000e+00   9.094788e-05   2.822983e-04   0.000000e+00   0.000000e+00   0.000000e+00   3.264394e-04
 0.000000e+00   0.000000e+00   1.510557e-03   0.000000e+00   0.000000e+00   1.442187e-03  -5.816582e-03   4.849469e-04   0.000000e+00
 4.574104e-04   9.094788e-05   0.000000e+00   8.289630e-04   1.270770e-04   0.000000e+00   0.000000e+00   0.000000e+00   2.530396e-03
 7.176790e-05   2.822983e-04   0.000000e+00   1.270770e-04   4.414257e-04   0.000000e+00   0.000000e+00   0.000000e+00   3.155431e-04
 0.000000e+00   0.000000e+00   1.442187e-03   0.000000e+00   0.000000e+00   3.086604e-03  -1.627487e-02   2.049045e-03   0.000000e+00
 0.000000e+00   0.000000e+00  -5.816582e-03   0.000000e+00   0.000000e+00  -1.627487e-02   1.586717e-01  -2.110350e-02   0.000000e+00
 0.000000e+00   0.000000e+00   4.849469e-04   0.000000e+00   0.000000e+00   2.049045e-03  -2.110350e-02   5.236311e-02   0.000000e+00
 6.956268e-04   3.264394e-04   0.000000e+00   2.530396e-03   3.155431e-04   0.000000e+00   0.000000e+00   0.000000e+00   4.788459e-02

# timestamp: 1774889965.6912153
 9.281171e-04   3.486405e-05   0.000000e+00   4.158637e-04   5.464600e-05   0.000000e+00   0.000000e+00   0.000000e+00   6.351889e-04
 3.486405e-05   8.497295e-04   0.000000e+00   6.179300e-05   2.455207e-04   0.000000e+00   0.000000e+00   0.000000e+00  -4.162800e-05
 0.000000e+00   0.000000e+00   1.344079e-03   0.000000e+00   0.000000e+00   1.418517e-03  -6.258942e-03   5.644749e-04   0.000000e+00
 4.158637e-04   6.179300e-05   0.000000e+00   8.318552e-04   9.836619e-05   0.000000e+00   0.000000e+00   0.000000e+00   2.340186e-03
 5.464600e-05   2.455207e-04   0.000000e+00   9.836619e-05   4.216992e-04   0.000000e+00   0.000000e+00   0.000000e+00   8.935056e-05
 0.000000e+00   0.000000e+00   1.418517e-03   0.000000e+00   0.000000e+00   3.405687e-03  -1.854488e-02   1.374019e-03   0.000000e+00
 0.000000e+00   0.000000e+00  -6.258942e-03   0.000000e+00   0.000000e+00  -1.854488e-02   1.675451e-01  -9.839698e-03   0.000000e+00
 0.000000e+00   0.000000e+00   5.644749e-04   0.000000e+00   0.000000e+00   1.374019e-03  -9.839698e-03   4.169480e-02   0.000000e+00
 6.351889e-04  -4.162800e-05   0.000000e+00   2.340186e-03   8.935056e-05   0.000000e+00   0.000000e+00   0.000000e+00   4.051094e-02

# timestamp: 1774889965.7238712
 9.790481e-04   3.813156e-05   0.000000e+00   4.418701e-04   5.728458e-05   0.000000e+00   0.000000e+00   0.000000e+00   7.006494e-04
 3.813156e-05   8.909619e-04   0.000000e+00   6.431979e-05   2.571520e-04   0.000000e+00   0.000000e+00   0.000000e+00  -3.920205e-05
 0.000000e+00   0.000000e+00   1.452334e-03   0.000000e+00   0.000000e+00   1.542157e-03  -6.772829e-03   6.024960e-04   0.000000e+00
 4.418701e-04   6.431979e-05   0.000000e+00   8.558069e-04   9.852801e-05   0.000000e+00   0.000000e+00   0.000000e+00   2.525791e-03
 5.728458e-05   2.571520e-04   0.000000e+00   9.852801e-05   4.244274e-04   0.000000e+00   0.000000e+00   0.000000e+00   8.551022e-05
 0.000000e+00   0.000000e+00   1.542157e-03   0.000000e+00   0.000000e+00   3.573600e-03  -1.928519e-02   1.420863e-03   0.000000e+00
 0.000000e+00   0.000000e+00  -6.772829e-03   0.000000e+00   0.000000e+00  -1.928519e-02   1.702891e-01  -9.839698e-03   0.000000e+00
 0.000000e+00   0.000000e+00   6.024960e-04   0.000000e+00   0.000000e+00   1.420863e-03  -9.839698e-03   4.443876e-02   0.000000e+00
 7.006494e-04  -3.920205e-05   0.000000e+00   2.525791e-03   8.551022e-05   0.000000e+00   0.000000e+00   0.000000e+00   4.325490e-02

# timestamp: 1774889965.76064
 1.057649e-03   4.326400e-05   0.000000e+00   4.824455e-04   6.121224e-05   0.000000e+00   0.000000e+00   0.000000e+00   8.078893e-04
 4.326400e-05   9.535940e-04   0.000000e+00   6.811145e-05   2.746231e-04   0.000000e+00   0.000000e+00   0.000000e+00  -3.578758e-05
 0.000000e+00   0.000000e+00   1.626649e-03   0.000000e+00   0.000000e+00   1.739396e-03  -7.576524e-03   6.615424e-04   0.000000e+00
 4.824455e-04   6.811145e-05   0.000000e+00   8.946292e-04   9.870436e-05   0.000000e+00   0.000000e+00   0.000000e+00   2.824575e-03
 6.121224e-05   2.746231e-04   0.000000e+00   9.870436e-05   4.284941e-04   0.000000e+00   0.000000e+00   0.000000e+00   7.932812e-05
 0.000000e+00   0.000000e+00   1.739396e-03   0.000000e+00   0.000000e+00   3.835937e-03  -2.041057e-02   1.491127e-03   0.000000e+00
 0.000000e+00   0.000000e+00  -7.576524e-03   0.000000e+00   0.000000e+00  -2.041057e-02   1.743780e-01  -9.839698e-03   0.000000e+00
 0.000000e+00   0.000000e+00   6.615424e-04   0.000000e+00   0.000000e+00   1.491127e-03  -9.839698e-03   4.852769e-02   0.000000e+00
 8.078893e-04  -3.578758e-05   0.000000e+00   2.824575e-03   7.932812e-05   0.000000e+00   0.000000e+00   0.000000e+00   4.734383e-02

# timestamp: 1774889966.012836
 9.570985e-04   3.106941e-05   0.000000e+00   4.493980e-04   4.659956e-05   0.000000e+00   0.000000e+00   0.000000e+00   7.054001e-04
 3.106941e-05   8.626567e-04   0.000000e+00   4.927593e-05   2.450659e-04   0.000000e+00   0.000000e+00   0.000000e+00  -5.606611e-05
 0.000000e+00   0.000000e+00   1.453023e-03   0.000000e+00   0.000000e+00   1.675308e-03  -7.185837e-03  -9.001273e-05   0.000000e+00
 4.493980e-04   4.927593e-05   0.000000e+00   9.111532e-04   7.657456e-05   0.000000e+00   0.000000e+00   0.000000e+00   2.668568e-03
 4.659956e-05   2.450659e-04   0.000000e+00   7.657456e-05   4.137775e-04   0.000000e+00   0.000000e+00   0.000000e+00   2.520780e-05
 0.000000e+00   0.000000e+00   1.675308e-03   0.000000e+00   0.000000e+00   4.110995e-03  -2.125811e-02  -5.484783e-04   0.000000e+00
 0.000000e+00   0.000000e+00  -7.185837e-03   0.000000e+00   0.000000e+00  -2.125811e-02   1.702151e-01   5.745588e-03   0.000000e+00
 0.000000e+00   0.000000e+00  -9.001273e-05   0.000000e+00   0.000000e+00  -5.484783e-04   5.745588e-03   4.262538e-02   0.000000e+00
 7.054001e-04  -5.606611e-05   0.000000e+00   2.668568e-03   2.520780e-05   0.000000e+00   0.000000e+00   0.000000e+00   4.190417e-02

# timestamp: 1774889966.0338445
 1.017976e-03   3.416610e-05   0.000000e+00   4.827302e-04   4.911943e-05   0.000000e+00   0.000000e+00   0.000000e+00   7.923351e-04
 3.416610e-05   9.100527e-04   0.000000e+00   5.139002e-05   2.581674e-04   0.000000e+00   0.000000e+00   0.000000e+00  -5.520484e-05
 0.000000e+00   0.000000e+00   1.595302e-03   0.000000e+00   0.000000e+00   1.849757e-03  -7.867202e-03  -1.077453e-04   0.000000e+00
 4.827302e-04   5.139002e-05   0.000000e+00   9.450537e-04   7.709475e-05   0.000000e+00   0.000000e+00   0.000000e+00   2.910538e-03
 4.911943e-05   2.581674e-04   0.000000e+00   7.709475e-05   4.169378e-04   0.000000e+00   0.000000e+00   0.000000e+00   3.096076e-05
 0.000000e+00   0.000000e+00   1.849757e-03   0.000000e+00   0.000000e+00   4.353949e-03  -2.220832e-02  -5.860061e-04   0.000000e+00
 0.000000e+00   0.000000e+00  -7.867202e-03   0.000000e+00   0.000000e+00  -2.220832e-02   1.733681e-01   5.745588e-03   0.000000e+00
 0.000000e+00   0.000000e+00  -1.077453e-04   0.000000e+00   0.000000e+00  -5.860061e-04   5.745588e-03   4.577835e-02   0.000000e+00
 7.923351e-04  -5.520484e-05   0.000000e+00   2.910538e-03   3.096076e-05   0.000000e+00   0.000000e+00   0.000000e+00   4.505714e-02

# timestamp: 1774889966.0744827
 9.819676e-04   4.071615e-05   0.000000e+00   4.614816e-04   4.867053e-05   0.000000e+00   0.000000e+00   0.000000e+00   6.446561e-04
 4.071615e-05   8.899457e-04   0.000000e+00   8.807041e-05   2.524727e-04   0.000000e+00   0.000000e+00   0.000000e+00   5.585675e-04
 0.000000e+00   0.000000e+00   1.493537e-03   0.000000e+00   0.000000e+00   1.704108e-03  -6.961370e-03  -1.242684e-03   0.000000e+00
 4.614816e-04   8.807041e-05   0.000000e+00   9.389247e-04   8.500935e-05   0.000000e+00   0.000000e+00   0.000000e+00   2.809380e-03
 4.867053e-05   2.524727e-04   0.000000e+00   8.500935e-05   4.146407e-04   0.000000e+00   0.000000e+00   0.000000e+00   2.000821e-04
 0.000000e+00   0.000000e+00   1.704108e-03   0.000000e+00   0.000000e+00   4.182225e-03  -2.110299e-02  -2.068972e-03   0.000000e+00
 0.000000e+00   0.000000e+00  -6.961370e-03   0.000000e+00   0.000000e+00  -2.110299e-02   1.663489e-01   1.260940e-02   0.000000e+00
 0.000000e+00   0.000000e+00  -1.242684e-03   0.000000e+00   0.000000e+00  -2.068972e-03   1.260940e-02   4.501935e-02   0.000000e+00
 6.446561e-04   5.585675e-04   0.000000e+00   2.809380e-03   2.000821e-04   0.000000e+00   0.000000e+00   0.000000e+00   4.327307e-02

# timestamp: 1774889966.1226172
 9.777690e-04   2.966296e-05   0.000000e+00   4.688312e-04   4.454668e-05   0.000000e+00   0.000000e+00   0.000000e+00   7.561687e-04
 2.966296e-05   8.749251e-04   0.000000e+00   4.463529e-05   2.470103e-04   0.000000e+00   0.000000e+00   0.000000e+00  -9.265408e-05
 0.000000e+00   0.000000e+00   1.519106e-03   0.000000e+00   0.000000e+00   1.801133e-03  -7.591531e-03  -3.067049e-04   0.000000e+00
 4.688312e-04   4.463529e-05   0.000000e+00   9.498157e-04   7.167026e-05   0.000000e+00   0.000000e+00   0.000000e+00   2.828126e-03
 4.454668e-05   2.470103e-04   0.000000e+00   7.167026e-05   4.120057e-04   0.000000e+00   0.000000e+00   0.000000e+00   3.107536e-05
 0.000000e+00   0.000000e+00   1.801133e-03   0.000000e+00   0.000000e+00   4.403017e-03  -2.218200e-02  -1.291971e-03   0.000000e+00
 0.000000e+00   0.000000e+00  -7.591531e-03   0.000000e+00   0.000000e+00  -2.218200e-02   1.702638e-01   1.060880e-02   0.000000e+00
 0.000000e+00   0.000000e+00  -3.067049e-04   0.000000e+00   0.000000e+00  -1.291971e-03   1.060880e-02   4.399641e-02   0.000000e+00
 7.561687e-04  -9.265408e-05   0.000000e+00   2.828126e-03   3.107536e-05   0.000000e+00   0.000000e+00   0.000000e+00   4.265319e-02

# timestamp: 1774889966.333205
 1.006579e-03   2.698398e-05   0.000000e+00   4.982549e-04   4.247344e-05   0.000000e+00   0.000000e+00   0.000000e+00   7.903412e-04
 2.698398e-05   8.892971e-04   0.000000e+00   3.823331e-05   2.487104e-04   0.000000e+00   0.000000e+00   0.000000e+00  -8.736617e-05
 0.000000e+00   0.000000e+00   1.594397e-03   0.000000e+00   0.000000e+00   1.942566e-03  -7.715483e-03  -9.126155e-04   0.000000e+00
 4.982549e-04   3.823331e-05   0.000000e+00   1.010502e-03   7.149731e-05   0.000000e+00   0.000000e+00   0.000000e+00   3.019493e-03
 4.247344e-05   2.487104e-04   0.000000e+00   7.149731e-05   4.094117e-04   0.000000e+00   0.000000e+00   0.000000e+00   1.432856e-04
 0.000000e+00   0.000000e+00   1.942566e-03   0.000000e+00   0.000000e+00   4.746611e-03  -2.255692e-02  -3.127884e-03   0.000000e+00
 0.000000e+00   0.000000e+00  -7.715483e-03   0.000000e+00   0.000000e+00  -2.255692e-02   1.633821e-01   2.062988e-02   0.000000e+00
 0.000000e+00   0.000000e+00  -9.126155e-04   0.000000e+00   0.000000e+00  -3.127884e-03   2.062988e-02   4.816398e-02   0.000000e+00
 7.903412e-04  -8.736617e-05   0.000000e+00   3.019493e-03   1.432856e-04   0.000000e+00   0.000000e+00   0.000000e+00   4.403059e-02

# timestamp: 1774889966.374454
 8.878985e-04   2.106007e-05   0.000000e+00   4.353470e-04   3.616501e-05   0.000000e+00   0.000000e+00   0.000000e+00   5.909725e-04
 2.106007e-05   7.955620e-04   0.000000e+00   3.275570e-05   2.219794e-04   0.000000e+00   0.000000e+00   0.000000e+00  -5.710888e-05
 0.000000e+00   0.000000e+00   1.305401e-03   0.000000e+00   0.000000e+00   1.574560e-03  -6.053917e-03  -1.043264e-03   0.000000e+00
 4.353470e-04   3.275570e-05   0.000000e+00   9.620740e-04   6.732173e-05   0.000000e+00   0.000000e+00   0.000000e+00   2.572903e-03
 3.616501e-05   2.219794e-04   0.000000e+00   6.732173e-05   4.012926e-04   0.000000e+00   0.000000e+00   0.000000e+00   1.473049e-04
 0.000000e+00   0.000000e+00   1.574560e-03   0.000000e+00   0.000000e+00   4.265409e-03  -2.012118e-02  -3.843074e-03   0.000000e+00
 0.000000e+00   0.000000e+00  -6.053917e-03   0.000000e+00   0.000000e+00  -2.012118e-02   1.497558e-01   2.621716e-02   0.000000e+00
 0.000000e+00   0.000000e+00  -1.043264e-03   0.000000e+00   0.000000e+00  -3.843074e-03   2.621716e-02   4.451127e-02   0.000000e+00
 5.909725e-04  -5.710888e-05   0.000000e+00   2.572903e-03   1.473049e-04   0.000000e+00   0.000000e+00   0.000000e+00   3.770832e-02

# timestamp: 1774889966.7747996
 1.008452e-03   2.672393e-05   0.000000e+00   5.040736e-04   4.049221e-05   0.000000e+00   0.000000e+00   0.000000e+00   4.550890e-04
 2.672393e-05   8.859210e-04   0.000000e+00   6.450172e-05   2.489520e-04   0.000000e+00   0.000000e+00   0.000000e+00   4.050843e-04
 0.000000e+00   0.000000e+00   1.521248e-03   0.000000e+00   0.000000e+00   1.793331e-03  -5.632040e-03  -2.806181e-03   0.000000e+00
 5.040736e-04   6.450172e-05   0.000000e+00   1.069752e-03   9.860783e-05   0.000000e+00   0.000000e+00   0.000000e+00   2.935741e-03
 4.049221e-05   2.489520e-04   0.000000e+00   9.860783e-05   4.102730e-04   0.000000e+00   0.000000e+00   0.000000e+00   5.528458e-04
 0.000000e+00   0.000000e+00   1.793331e-03   0.000000e+00   0.000000e+00   4.551176e-03  -1.873103e-02  -7.863641e-03   0.000000e+00
 0.000000e+00   0.000000e+00  -5.632040e-03   0.000000e+00   0.000000e+00  -1.873103e-02   1.310288e-01   4.141012e-02   0.000000e+00
 0.000000e+00   0.000000e+00  -2.806181e-03   0.000000e+00   0.000000e+00  -7.863641e-03   4.141012e-02   6.368026e-02   0.000000e+00
 4.550890e-04   4.050843e-04   0.000000e+00   2.935741e-03   5.528458e-04   0.000000e+00   0.000000e+00   0.000000e+00   4.343265e-02

# timestamp: 1774889967.489872
 1.008662e-03   2.634514e-05   0.000000e+00   5.238495e-04   4.992615e-05   0.000000e+00   0.000000e+00   0.000000e+00   3.683271e-04
 2.634514e-05   8.717540e-04   0.000000e+00   7.782188e-05   2.500031e-04   0.000000e+00   0.000000e+00   0.000000e+00   5.948802e-04
 0.000000e+00   0.000000e+00   1.561037e-03   0.000000e+00   0.000000e+00   1.906403e-03  -5.650595e-03  -3.916469e-03   0.000000e+00
 5.238495e-04   7.782188e-05   0.000000e+00   1.096152e-03   1.433598e-04   0.000000e+00   0.000000e+00   0.000000e+00   2.706414e-03
 4.992615e-05   2.500031e-04   0.000000e+00   1.433598e-04   4.227624e-04   0.000000e+00   0.000000e+00   0.000000e+00   8.490714e-04
 0.000000e+00   0.000000e+00   1.906403e-03   0.000000e+00   0.000000e+00   4.786438e-03  -1.862164e-02  -1.060000e-02   0.000000e+00
 0.000000e+00   0.000000e+00  -5.650595e-03   0.000000e+00   0.000000e+00  -1.862164e-02   1.285104e-01   5.054492e-02   0.000000e+00
 0.000000e+00   0.000000e+00  -3.916469e-03   0.000000e+00   0.000000e+00  -1.060000e-02   5.054492e-02   7.296859e-02   0.000000e+00
 3.683271e-04   5.948802e-04   0.000000e+00   2.706414e-03   8.490714e-04   0.000000e+00   0.000000e+00   0.000000e+00   4.277300e-02

# timestamp: 1774889967.5979166
 9.937364e-04   2.218340e-05   0.000000e+00   5.308358e-04   5.396473e-05   0.000000e+00   0.000000e+00   0.000000e+00   6.129787e-04
 2.218340e-05   8.467195e-04   0.000000e+00   4.491996e-05   2.349790e-04   0.000000e+00   0.000000e+00   0.000000e+00   5.062722e-05
 0.000000e+00   0.000000e+00   1.479788e-03   0.000000e+00   0.000000e+00   1.791778e-03  -5.712929e-03  -2.622922e-03   0.000000e+00
 5.308358e-04   4.491996e-05   0.000000e+00   1.090649e-03   1.380741e-04   0.000000e+00   0.000000e+00   0.000000e+00   2.675400e-03
 5.396473e-05   2.349790e-04   0.000000e+00   1.380741e-04   4.172539e-04   0.000000e+00   0.000000e+00   0.000000e+00   6.815231e-04
 0.000000e+00   0.000000e+00   1.791778e-03   0.000000e+00   0.000000e+00   4.597531e-03  -1.864567e-02  -8.781349e-03   0.000000e+00
 0.000000e+00   0.000000e+00  -5.712929e-03   0.000000e+00   0.000000e+00  -1.864567e-02   1.322773e-01   4.591169e-02   0.000000e+00
 0.000000e+00   0.000000e+00  -2.622922e-03   0.000000e+00   0.000000e+00  -8.781349e-03   4.591169e-02   6.544761e-02   0.000000e+00
 6.129787e-04   5.062722e-05   0.000000e+00   2.675400e-03   6.815231e-04   0.000000e+00   0.000000e+00   0.000000e+00   4.181916e-02

# timestamp: 1774889967.8464525
 1.075050e-03   2.795254e-05   0.000000e+00   5.689444e-04   6.069461e-05   0.000000e+00   0.000000e+00   0.000000e+00   6.262343e-04
 2.795254e-05   9.054539e-04   0.000000e+00   5.375022e-05   2.518930e-04   0.000000e+00   0.000000e+00   0.000000e+00   5.676598e-05
 0.000000e+00   0.000000e+00   1.616905e-03   0.000000e+00   0.000000e+00   1.874500e-03  -5.982643e-03  -2.293398e-03   0.000000e+00
 5.689444e-04   5.375022e-05   0.000000e+00   1.098241e-03   1.425802e-04   0.000000e+00   0.000000e+00   0.000000e+00   2.745335e-03
 6.069461e-05   2.518930e-04   0.000000e+00   1.425802e-04   4.214573e-04   0.000000e+00   0.000000e+00   0.000000e+00   6.359218e-04
 0.000000e+00   0.000000e+00   1.874500e-03   0.000000e+00   0.000000e+00   4.468204e-03  -1.841791e-02  -7.146447e-03   0.000000e+00
 0.000000e+00   0.000000e+00  -5.982643e-03   0.000000e+00   0.000000e+00  -1.841791e-02   1.378272e-01   3.708665e-02   0.000000e+00
 0.000000e+00   0.000000e+00  -2.293398e-03   0.000000e+00   0.000000e+00  -7.146447e-03   3.708665e-02   6.104889e-02   0.000000e+00
 6.262343e-04   5.676598e-05   0.000000e+00   2.745335e-03   6.359218e-04   0.000000e+00   0.000000e+00   0.000000e+00   4.542280e-02

# timestamp: 1774889967.8914347
 1.046132e-03   3.291767e-05   0.000000e+00   5.430831e-04   5.839621e-05   0.000000e+00   0.000000e+00   0.000000e+00   4.348573e-04
 3.291767e-05   8.977701e-04   0.000000e+00   8.884570e-05   2.576659e-04   0.000000e+00   0.000000e+00   0.000000e+00   6.489525e-04
 0.000000e+00   0.000000e+00   1.617504e-03   0.000000e+00   0.000000e+00   1.896982e-03  -5.950469e-03  -3.374540e-03   0.000000e+00
 5.430831e-04   8.884570e-05   0.000000e+00   1.075864e-03   1.485363e-04   0.000000e+00   0.000000e+00   0.000000e+00   2.600741e-03
 5.839621e-05   2.576659e-04   0.000000e+00   1.485363e-04   4.243141e-04   0.000000e+00   0.000000e+00   0.000000e+00   7.588121e-04
 0.000000e+00   0.000000e+00   1.896982e-03   0.000000e+00   0.000000e+00   4.496933e-03  -1.845073e-02  -8.211181e-03   0.000000e+00
 0.000000e+00   0.000000e+00  -5.950469e-03   0.000000e+00   0.000000e+00  -1.845073e-02   1.387956e-01   4.014628e-02   0.000000e+00
 0.000000e+00   0.000000e+00  -3.374540e-03   0.000000e+00   0.000000e+00  -8.211181e-03   4.014628e-02   6.234188e-02   0.000000e+00
 4.348573e-04   6.489525e-04   0.000000e+00   2.600741e-03   7.588121e-04   0.000000e+00   0.000000e+00   0.000000e+00   4.435242e-02

# timestamp: 1774889968.2129297
 1.019759e-03   2.722953e-05   0.000000e+00   5.226971e-04   5.822430e-05   0.000000e+00   0.000000e+00   0.000000e+00   5.283817e-04
 2.722953e-05   8.700447e-04   0.000000e+00   5.095940e-05   2.415630e-04   0.000000e+00   0.000000e+00   0.000000e+00  -2.715015e-05
 0.000000e+00   0.000000e+00   1.465179e-03   0.000000e+00   0.000000e+00   1.617204e-03  -5.499907e-03  -1.581906e-03   0.000000e+00
 5.226971e-04   5.095940e-05   0.000000e+00   1.007728e-03   1.327692e-04   0.000000e+00   0.000000e+00   0.000000e+00   2.284114e-03
 5.822430e-05   2.415630e-04   0.000000e+00   1.327692e-04   4.167757e-04   0.000000e+00   0.000000e+00   0.000000e+00   5.517796e-04
 0.000000e+00   0.000000e+00   1.617204e-03   0.000000e+00   0.000000e+00   3.911801e-03  -1.743463e-02  -5.458532e-03   0.000000e+00
 0.000000e+00   0.000000e+00  -5.499907e-03   0.000000e+00   0.000000e+00  -1.743463e-02   1.454212e-01   3.277008e-02   0.000000e+00
 0.000000e+00   0.000000e+00  -1.581906e-03   0.000000e+00   0.000000e+00  -5.458532e-03   3.277008e-02   5.403795e-02   0.000000e+00
 5.283817e-04  -2.715015e-05   0.000000e+00   2.284114e-03   5.517796e-04   0.000000e+00   0.000000e+00   0.000000e+00   4.320315e-02

# timestamp: 1774889968.2433004
 1.050025e-03   2.886276e-05   0.000000e+00   5.385154e-04   6.048299e-05   0.000000e+00   0.000000e+00   0.000000e+00   5.622075e-04
 2.886276e-05   8.919179e-04   0.000000e+00   5.288060e-05   2.476914e-04   0.000000e+00   0.000000e+00   0.000000e+00  -1.895992e-05
 0.000000e+00   0.000000e+00   1.528294e-03   0.000000e+00   0.000000e+00   1.685802e-03  -5.756963e-03  -1.662392e-03   0.000000e+00
 5.385154e-04   5.288060e-05   0.000000e+00   1.017351e-03   1.350196e-04   0.000000e+00   0.000000e+00   0.000000e+00   2.361890e-03
 6.048299e-05   2.476914e-04   0.000000e+00   1.350196e-04   4.188565e-04   0.000000e+00   0.000000e+00   0.000000e+00   5.758330e-04
 0.000000e+00   0.000000e+00   1.685802e-03   0.000000e+00   0.000000e+00   3.980928e-03  -1.770961e-02  -5.545985e-03   0.000000e+00
 0.000000e+00   0.000000e+00  -5.756963e-03   0.000000e+00   0.000000e+00  -1.770961e-02   1.468899e-01   3.277008e-02   0.000000e+00
 0.000000e+00   0.000000e+00  -1.662392e-03   0.000000e+00   0.000000e+00  -5.545985e-03   3.277008e-02   5.550668e-02   0.000000e+00
 5.622075e-04  -1.895992e-05   0.000000e+00   2.361890e-03   5.758330e-04   0.000000e+00   0.000000e+00   0.000000e+00   4.467188e-02

# timestamp: 1774889968.7314954
 1.010751e-03   2.895402e-05   0.000000e+00   4.960204e-04   6.287424e-05   0.000000e+00   0.000000e+00   0.000000e+00   5.555391e-04
 2.895402e-05   8.705907e-04   0.000000e+00   5.352180e-05   2.428967e-04   0.000000e+00   0.000000e+00   0.000000e+00   2.778179e-05
 0.000000e+00   0.000000e+00   1.448709e-03   0.000000e+00   0.000000e+00   1.547069e-03  -5.490807e-03  -2.369390e-03   0.000000e+00
 4.960204e-04   5.352180e-05   0.000000e+00   9.174888e-04   1.404739e-04   0.000000e+00   0.000000e+00   0.000000e+00   2.050751e-03
 6.287424e-05   2.428967e-04   0.000000e+00   1.404739e-04   4.260926e-04   0.000000e+00   0.000000e+00   0.000000e+00   7.989813e-04
 0.000000e+00   0.000000e+00   1.547069e-03   0.000000e+00   0.000000e+00   3.620102e-03  -1.635622e-02  -7.725825e-03   0.000000e+00
 0.000000e+00   0.000000e+00  -5.490807e-03   0.000000e+00   0.000000e+00  -1.635622e-02   1.392949e-01   4.864436e-02   0.000000e+00
 0.000000e+00   0.000000e+00  -2.369390e-03   0.000000e+00   0.000000e+00  -7.725825e-03   4.864436e-02   6.835757e-02   0.000000e+00
 5.555391e-04   2.778179e-05   0.000000e+00   2.050751e-03   7.989813e-04   0.000000e+00   0.000000e+00   0.000000e+00   4.315233e-02

# timestamp: 1774889969.018012
 9.838637e-04   2.840985e-05   0.000000e+00   4.649236e-04   6.312104e-05   0.000000e+00   0.000000e+00   0.000000e+00   4.745012e-04
 2.840985e-05   8.585033e-04   0.000000e+00   5.306144e-05   2.406943e-04   0.000000e+00   0.000000e+00   0.000000e+00  -7.507308e-06
 0.000000e+00   0.000000e+00   1.373056e-03   0.000000e+00   0.000000e+00   1.417685e-03  -4.945362e-03  -2.384802e-03   0.000000e+00
 4.649236e-04   5.306144e-05   0.000000e+00   8.589502e-04   1.448181e-04   0.000000e+00   0.000000e+00   0.000000e+00   1.837443e-03
 6.312104e-05   2.406943e-04   0.000000e+00   1.448181e-04   4.346049e-04   0.000000e+00   0.000000e+00   0.000000e+00   8.726867e-04
 0.000000e+00   0.000000e+00   1.417685e-03   0.000000e+00   0.000000e+00   3.391578e-03  -1.538820e-02  -8.310109e-03   0.000000e+00
 0.000000e+00   0.000000e+00  -4.945362e-03   0.000000e+00   0.000000e+00  -1.538820e-02   1.356109e-01   5.305087e-02   0.000000e+00
 0.000000e+00   0.000000e+00  -2.384802e-03   0.000000e+00   0.000000e+00  -8.310109e-03   5.305087e-02   7.287592e-02   0.000000e+00
 4.745012e-04  -7.507308e-06   0.000000e+00   1.837443e-03   8.726867e-04   0.000000e+00   0.000000e+00   0.000000e+00   4.225727e-02

# timestamp: 1774889969.0390818
 1.009428e-03   2.996596e-05   0.000000e+00   4.769246e-04   6.539328e-05   0.000000e+00   0.000000e+00   0.000000e+00   4.988839e-04
 2.996596e-05   8.780845e-04   0.000000e+00   5.497813e-05   2.464348e-04   0.000000e+00   0.000000e+00   0.000000e+00   4.085365e-06
 0.000000e+00   0.000000e+00   1.424202e-03   0.000000e+00   0.000000e+00   1.471166e-03  -5.148706e-03  -2.494630e-03   0.000000e+00
 4.769246e-04   5.497813e-05   0.000000e+00   8.652803e-04   1.473638e-04   0.000000e+00   0.000000e+00   0.000000e+00   1.895526e-03
 6.539328e-05   2.464348e-04   0.000000e+00   1.473638e-04   4.372092e-04   0.000000e+00   0.000000e+00   0.000000e+00   9.040285e-04
 0.000000e+00   0.000000e+00   1.471166e-03   0.000000e+00   0.000000e+00   3.446664e-03  -1.561011e-02  -8.434893e-03   0.000000e+00
 0.000000e+00   0.000000e+00  -5.148706e-03   0.000000e+00   0.000000e+00  -1.561011e-02   1.369276e-01   5.305087e-02   0.000000e+00
 0.000000e+00   0.000000e+00  -2.494630e-03   0.000000e+00   0.000000e+00  -8.434893e-03   5.305087e-02   7.419264e-02   0.000000e+00
 4.988839e-04   4.085365e-06   0.000000e+00   1.895526e-03   9.040285e-04   0.000000e+00   0.000000e+00   0.000000e+00   4.357398e-02

# timestamp: 1774889969.0820553
 8.988004e-04   2.448874e-05   0.000000e+00   4.204094e-04   5.675111e-05   0.000000e+00   0.000000e+00   0.000000e+00   3.807433e-04
 2.448874e-05   7.944455e-04   0.000000e+00   4.911772e-05   2.232565e-04   0.000000e+00   0.000000e+00   0.000000e+00   2.784971e-05
 0.000000e+00   0.000000e+00   1.216607e-03   0.000000e+00   0.000000e+00   1.256972e-03  -4.445670e-03  -2.160062e-03   0.000000e+00
 4.204094e-04   4.911772e-05   0.000000e+00   8.247622e-04   1.383965e-04   0.000000e+00   0.000000e+00   0.000000e+00   1.622071e-03
 5.675111e-05   2.232565e-04   0.000000e+00   1.383965e-04   4.289235e-04   0.000000e+00   0.000000e+00   0.000000e+00   7.930697e-04
 0.000000e+00   0.000000e+00   1.256972e-03   0.000000e+00   0.000000e+00   3.218715e-03  -1.496546e-02  -7.914526e-03   0.000000e+00
 0.000000e+00   0.000000e+00  -4.445670e-03   0.000000e+00   0.000000e+00  -1.496546e-02   1.355897e-01   5.299959e-02   0.000000e+00
 0.000000e+00   0.000000e+00  -2.160062e-03   0.000000e+00   0.000000e+00  -7.914526e-03   5.299959e-02   6.711404e-02   0.000000e+00
 3.807433e-04   2.784971e-05   0.000000e+00   1.622071e-03   7.930697e-04   0.000000e+00   0.000000e+00   0.000000e+00   3.797237e-02

# timestamp: 1774889969.3612602
 9.506896e-04   3.315391e-05   0.000000e+00   4.284538e-04   6.046317e-05   0.000000e+00   0.000000e+00   0.000000e+00   3.114654e-04
 3.315391e-05   8.519275e-04   0.000000e+00   7.770839e-05   2.510061e-04   0.000000e+00   0.000000e+00   0.000000e+00   5.592199e-04
 0.000000e+00   0.000000e+00   1.340677e-03   0.000000e+00   0.000000e+00   1.341560e-03  -4.830550e-03  -2.333722e-03   0.000000e+00
 4.284538e-04   7.770839e-05   0.000000e+00   8.039407e-04   1.439359e-04   0.000000e+00   0.000000e+00   0.000000e+00   1.687745e-03
 6.046317e-05   2.510061e-04   0.000000e+00   1.439359e-04   4.387603e-04   0.000000e+00   0.000000e+00   0.000000e+00   8.512487e-04
 0.000000e+00   0.000000e+00   1.341560e-03   0.000000e+00   0.000000e+00   3.074855e-03  -1.462718e-02  -5.682787e-03   0.000000e+00
 0.000000e+00   0.000000e+00  -4.830550e-03   0.000000e+00   0.000000e+00  -1.462718e-02   1.436067e-01   3.299136e-02   0.000000e+00
 0.000000e+00   0.000000e+00  -2.333722e-03   0.000000e+00   0.000000e+00  -5.682787e-03   3.299136e-02   5.370662e-02   0.000000e+00
 3.114654e-04   5.592199e-04   0.000000e+00   1.687745e-03   8.512487e-04   0.000000e+00   0.000000e+00   0.000000e+00   4.152405e-02

# timestamp: 1774889969.4014452
 9.260410e-04   2.765716e-05   0.000000e+00   4.133853e-04   5.643810e-05   0.000000e+00   0.000000e+00   0.000000e+00   2.447529e-04
 2.765716e-05   8.265953e-04   0.000000e+00   5.254528e-05   2.342379e-04   0.000000e+00   0.000000e+00   0.000000e+00  -3.822503e-05
 0.000000e+00   0.000000e+00   1.212659e-03   0.000000e+00   0.000000e+00   1.120728e-03  -3.680322e-03  -8.847674e-04   0.000000e+00
 4.133853e-04   5.254528e-05   0.000000e+00   7.880704e-04   1.324678e-04   0.000000e+00   0.000000e+00   0.000000e+00   1.562423e-03
 5.643810e-05   2.342379e-04   0.000000e+00   1.324678e-04   4.296090e-04   0.000000e+00   0.000000e+00   0.000000e+00   6.185247e-04
 0.000000e+00   0.000000e+00   1.120728e-03   0.000000e+00   0.000000e+00   2.721071e-03  -1.291890e-02  -3.630611e-03   0.000000e+00
 0.000000e+00   0.000000e+00  -3.680322e-03   0.000000e+00   0.000000e+00  -1.291890e-02   1.364786e-01   2.246534e-02   0.000000e+00
 0.000000e+00   0.000000e+00  -8.847674e-04   0.000000e+00   0.000000e+00  -3.630611e-03   2.246534e-02   4.685414e-02   0.000000e+00
 2.447529e-04  -3.822503e-05   0.000000e+00   1.562423e-03   6.185247e-04   0.000000e+00   0.000000e+00   0.000000e+00   4.004949e-02

# timestamp: 1774889969.4348147
 9.910844e-04   3.164264e-05   0.000000e+00   4.421782e-04   6.129707e-05   0.000000e+00   0.000000e+00   0.000000e+00   3.010187e-04
 3.164264e-05   8.786140e-04   0.000000e+00   5.714522e-05   2.493812e-04   0.000000e+00   0.000000e+00   0.000000e+00  -1.625798e-05
 0.000000e+00   0.000000e+00   1.329964e-03   0.000000e+00   0.000000e+00   1.231369e-03  -4.138318e-03  -1.013182e-03   0.000000e+00
 4.421782e-04   5.714522e-05   0.000000e+00   8.026476e-04   1.356542e-04   0.000000e+00   0.000000e+00   0.000000e+00   1.706464e-03
 6.129707e-05   2.493812e-04   0.000000e+00   1.356542e-04   4.339238e-04   0.000000e+00   0.000000e+00   0.000000e+00   6.457223e-04
 0.000000e+00   0.000000e+00   1.231369e-03   0.000000e+00   0.000000e+00   2.818466e-03  -1.340401e-02  -3.738272e-03   0.000000e+00
 0.000000e+00   0.000000e+00  -4.138318e-03   0.000000e+00   0.000000e+00  -1.340401e-02   1.399848e-01   2.246534e-02   0.000000e+00
 0.000000e+00   0.000000e+00  -1.013182e-03   0.000000e+00   0.000000e+00  -3.738272e-03   2.246534e-02   5.036037e-02   0.000000e+00
 3.010187e-04  -1.625798e-05   0.000000e+00   1.706464e-03   6.457223e-04   0.000000e+00   0.000000e+00   0.000000e+00   4.355572e-02

# timestamp: 1774889969.7206213
 9.640889e-04   3.112572e-05   0.000000e+00   4.142974e-04   5.614772e-05   0.000000e+00   0.000000e+00   0.000000e+00   2.186906e-04
 3.112572e-05   8.659394e-04   0.000000e+00   5.537086e-05   2.459357e-04   0.000000e+00   0.000000e+00   0.000000e+00  -2.172660e-05
 0.000000e+00   0.000000e+00   1.250479e-03   0.000000e+00   0.000000e+00   1.062804e-03  -3.505885e-03  -1.262241e-04   0.000000e+00
 4.142974e-04   5.537086e-05   0.000000e+00   7.544840e-04   1.157625e-04   0.000000e+00   0.000000e+00   0.000000e+00   1.499409e-03
 5.614772e-05   2.459357e-04   0.000000e+00   1.157625e-04   4.237751e-04   0.000000e+00   0.000000e+00   0.000000e+00   3.764454e-04
 0.000000e+00   0.000000e+00   1.062804e-03   0.000000e+00   0.000000e+00   2.370000e-03  -1.168869e-02  -6.826540e-04   0.000000e+00
 0.000000e+00   0.000000e+00  -3.505885e-03   0.000000e+00   0.000000e+00  -1.168869e-02   1.412720e-01  -1.426850e-03   0.000000e+00
 0.000000e+00   0.000000e+00  -1.262241e-04   0.000000e+00   0.000000e+00  -6.826540e-04  -1.426850e-03   4.395707e-02   0.000000e+00
 2.186906e-04  -2.172660e-05   0.000000e+00   1.499409e-03   3.764454e-04   0.000000e+00   0.000000e+00   0.000000e+00   4.262938e-02

# timestamp: 1774889969.7869225
 9.057664e-04   2.766287e-05   0.000000e+00   3.867148e-04   5.167219e-05   0.000000e+00   0.000000e+00   0.000000e+00   2.181640e-04
 2.766287e-05   8.196728e-04   0.000000e+00   5.134452e-05   2.327152e-04   0.000000e+00   0.000000e+00   0.000000e+00   2.565945e-06
 0.000000e+00   0.000000e+00   1.156815e-03   0.000000e+00   0.000000e+00   9.788302e-04  -3.384860e-03  -2.581021e-05   0.000000e+00
 3.867148e-04   5.134452e-05   0.000000e+00   7.307566e-04   1.087848e-04   0.000000e+00   0.000000e+00   0.000000e+00   1.358744e-03
 5.167219e-05   2.327152e-04   0.000000e+00   1.087848e-04   4.180490e-04   0.000000e+00   0.000000e+00   0.000000e+00   3.232847e-04
 0.000000e+00   0.000000e+00   9.788302e-04   0.000000e+00   0.000000e+00   2.261004e-03  -1.152366e-02  -2.553593e-04   0.000000e+00
 0.000000e+00   0.000000e+00  -3.384860e-03   0.000000e+00   0.000000e+00  -1.152366e-02   1.442480e-01  -4.717814e-03   0.000000e+00
 0.000000e+00   0.000000e+00  -2.581021e-05   0.000000e+00   0.000000e+00  -2.553593e-04  -4.717814e-03   4.089658e-02   0.000000e+00
 2.181640e-04   2.565945e-06   0.000000e+00   1.358744e-03   3.232847e-04   0.000000e+00   0.000000e+00   0.000000e+00   3.978943e-02

# timestamp: 1774889970.122845
 9.638894e-04   2.979043e-05   0.000000e+00   3.960346e-04   4.996480e-05   0.000000e+00   0.000000e+00   0.000000e+00   2.526546e-04
 2.979043e-05   8.761355e-04   0.000000e+00   4.824451e-05   2.463982e-04   0.000000e+00   0.000000e+00   0.000000e+00  -1.256802e-04
 0.000000e+00   0.000000e+00   1.253102e-03   0.000000e+00   0.000000e+00   1.017028e-03  -4.121759e-03   2.859416e-04   0.000000e+00
 3.960346e-04   4.824451e-05   0.000000e+00   6.943156e-04   8.970132e-05   0.000000e+00   0.000000e+00   0.000000e+00   1.258452e-03
 4.996480e-05   2.463982e-04   0.000000e+00   8.970132e-05   4.139784e-04   0.000000e+00   0.000000e+00   0.000000e+00   1.454630e-04
 0.000000e+00   0.000000e+00   1.017028e-03   0.000000e+00   0.000000e+00   2.135349e-03  -1.210718e-02   3.176536e-04   0.000000e+00
 0.000000e+00   0.000000e+00  -4.121759e-03   0.000000e+00   0.000000e+00  -1.210718e-02   1.656294e-01  -5.761284e-03   0.000000e+00
 0.000000e+00   0.000000e+00   2.859416e-04   0.000000e+00   0.000000e+00   3.176536e-04  -5.761284e-03   4.377040e-02   0.000000e+00
 2.526546e-04  -1.256802e-04   0.000000e+00   1.258452e-03   1.454630e-04   0.000000e+00   0.000000e+00   0.000000e+00   4.321274e-02

# timestamp: 1774889970.1547523
 1.015620e-03   3.266553e-05   0.000000e+00   4.164223e-04   5.255774e-05   0.000000e+00   0.000000e+00   0.000000e+00   2.892059e-04
 3.266553e-05   9.190869e-04   0.000000e+00   5.059936e-05   2.582609e-04   0.000000e+00   0.000000e+00   0.000000e+00  -1.214891e-04
 0.000000e+00   0.000000e+00   1.341577e-03   0.000000e+00   0.000000e+00   1.085787e-03  -4.469699e-03   2.950505e-04   0.000000e+00
 4.164223e-04   5.059936e-05   0.000000e+00   7.015853e-04   9.008897e-05   0.000000e+00   0.000000e+00   0.000000e+00   1.335478e-03
 5.255774e-05   2.582609e-04   0.000000e+00   9.008897e-05   4.168639e-04   0.000000e+00   0.000000e+00   0.000000e+00   1.502087e-04
 0.000000e+00   0.000000e+00   1.085787e-03   0.000000e+00   0.000000e+00   2.179842e-03  -1.239199e-02   3.226571e-04   0.000000e+00
 0.000000e+00   0.000000e+00  -4.469699e-03   0.000000e+00   0.000000e+00  -1.239199e-02   1.684840e-01  -5.761284e-03   0.000000e+00
 0.000000e+00   0.000000e+00   2.950505e-04   0.000000e+00   0.000000e+00   3.226571e-04  -5.761284e-03   4.662496e-02   0.000000e+00
 2.892059e-04  -1.214891e-04   0.000000e+00   1.335478e-03   1.502087e-04   0.000000e+00   0.000000e+00   0.000000e+00   4.606730e-02

# timestamp: 1774889970.478584
 9.616109e-04   2.966916e-05   0.000000e+00   3.765014e-04   4.317470e-05   0.000000e+00   0.000000e+00   0.000000e+00   1.957885e-04
 2.966916e-05   8.878764e-04   0.000000e+00   5.613893e-05   2.479964e-04   0.000000e+00   0.000000e+00   0.000000e+00   4.867549e-04
 0.000000e+00   0.000000e+00   1.237864e-03   0.000000e+00   0.000000e+00   9.449755e-04  -4.158317e-03  -8.051935e-04   0.000000e+00
 3.765014e-04   5.613893e-05   0.000000e+00   6.455422e-04   7.387722e-05   0.000000e+00   0.000000e+00   0.000000e+00   1.096894e-03
 4.317470e-05   2.479964e-04   0.000000e+00   7.387722e-05   4.079661e-04   0.000000e+00   0.000000e+00   0.000000e+00   2.164312e-04
 0.000000e+00   0.000000e+00   9.449755e-04   0.000000e+00   0.000000e+00   1.926335e-03  -1.199565e-02  -9.448898e-04   0.000000e+00
 0.000000e+00   0.000000e+00  -4.158317e-03   0.000000e+00   0.000000e+00  -1.199565e-02   1.821531e-01   7.386858e-03   0.000000e+00
 0.000000e+00   0.000000e+00  -8.051935e-04   0.000000e+00   0.000000e+00  -9.448898e-04   7.386858e-03   4.449003e-02   0.000000e+00
 1.957885e-04   4.867549e-04   0.000000e+00   1.096894e-03   2.164312e-04   0.000000e+00   0.000000e+00   0.000000e+00   4.383576e-02

# timestamp: 1774889970.7948408
 1.036653e-03   1.114177e-05   0.000000e+00   3.983510e-04   3.526386e-05   0.000000e+00   0.000000e+00   0.000000e+00   5.564339e-04
 1.114177e-05   9.845403e-04   0.000000e+00   3.144989e-06   2.689017e-04   0.000000e+00   0.000000e+00   0.000000e+00  -1.295271e-03
 0.000000e+00   0.000000e+00   1.492058e-03   0.000000e+00   0.000000e+00   1.157878e-03  -6.619352e-03   1.370675e-03   0.000000e+00
 3.983510e-04   3.144989e-06   0.000000e+00   6.278123e-04   4.846058e-05   0.000000e+00   0.000000e+00   0.000000e+00   1.216715e-03
 3.526386e-05   2.689017e-04   0.000000e+00   4.846058e-05   4.084745e-04   0.000000e+00   0.000000e+00   0.000000e+00  -2.932174e-04
 0.000000e+00   0.000000e+00   1.157878e-03   0.000000e+00   0.000000e+00   2.033072e-03  -1.393569e-02   1.850204e-04   0.000000e+00
 0.000000e+00   0.000000e+00  -6.619352e-03   0.000000e+00   0.000000e+00  -1.393569e-02   2.070272e-01   9.134288e-03   0.000000e+00
 0.000000e+00   0.000000e+00   1.370675e-03   0.000000e+00   0.000000e+00   1.850204e-04   9.134288e-03   5.082582e-02   0.000000e+00
 5.564339e-04  -1.295271e-03   0.000000e+00   1.216715e-03  -2.932174e-04   0.000000e+00   0.000000e+00   0.000000e+00   4.948353e-02

# timestamp: 1774889970.8085847
 1.057660e-03   1.159351e-05   0.000000e+00   4.059989e-04   3.586190e-05   0.000000e+00   0.000000e+00   0.000000e+00   5.706843e-04
 1.159351e-05   1.002501e-03   0.000000e+00   2.968688e-06   2.735901e-04   0.000000e+00   0.000000e+00   0.000000e+00  -1.298676e-03
 0.000000e+00   0.000000e+00   1.530964e-03   0.000000e+00   0.000000e+00   1.185371e-03  -6.781964e-03   1.372805e-03   0.000000e+00
 4.059989e-04   2.968688e-06   0.000000e+00   6.303811e-04   4.836808e-05   0.000000e+00   0.000000e+00   0.000000e+00   1.245439e-03
 3.586190e-05   2.735901e-04   0.000000e+00   4.836808e-05   4.096038e-04   0.000000e+00   0.000000e+00   0.000000e+00  -2.901945e-04
 0.000000e+00   0.000000e+00   1.185371e-03   0.000000e+00   0.000000e+00   2.050181e-03  -1.405483e-02   1.767067e-04   0.000000e+00
 0.000000e+00   0.000000e+00  -6.781964e-03   0.000000e+00   0.000000e+00  -1.405483e-02   2.081916e-01   9.134288e-03   0.000000e+00
 0.000000e+00   0.000000e+00   1.372805e-03   0.000000e+00   0.000000e+00   1.767067e-04   9.134288e-03   5.199021e-02   0.000000e+00
 5.706843e-04  -1.298676e-03   0.000000e+00   1.245439e-03  -2.901945e-04   0.000000e+00   0.000000e+00   0.000000e+00   5.064792e-02

# timestamp: 1774889970.827894
 1.093718e-03   1.237178e-05   0.000000e+00   4.190652e-04   3.687645e-05   0.000000e+00   0.000000e+00   0.000000e+00   5.956203e-04
 1.237178e-05   1.033231e-03   0.000000e+00   2.662638e-06   2.815765e-04   0.000000e+00   0.000000e+00   0.000000e+00  -1.304376e-03
 0.000000e+00   0.000000e+00   1.598456e-03   0.000000e+00   0.000000e+00   1.232690e-03  -7.061008e-03   1.376203e-03   0.000000e+00
 4.190652e-04   2.662638e-06   0.000000e+00   6.348165e-04   4.821915e-05   0.000000e+00   0.000000e+00   0.000000e+00   1.295743e-03
 3.687645e-05   2.815765e-04   0.000000e+00   4.821915e-05   4.115212e-04   0.000000e+00   0.000000e+00   0.000000e+00  -2.849007e-04
 0.000000e+00   0.000000e+00   1.232690e-03   0.000000e+00   0.000000e+00   2.079528e-03  -1.425856e-02   1.624344e-04   0.000000e+00
 0.000000e+00   0.000000e+00  -7.061008e-03   0.000000e+00   0.000000e+00  -1.425856e-02   2.101675e-01   9.134288e-03   0.000000e+00
 0.000000e+00   0.000000e+00   1.376203e-03   0.000000e+00   0.000000e+00   1.624344e-04   9.134288e-03   5.396613e-02   0.000000e+00
 5.956203e-04  -1.304376e-03   0.000000e+00   1.295743e-03  -2.849007e-04   0.000000e+00   0.000000e+00   0.000000e+00   5.262384e-02

# timestamp: 1774889970.8484402
 1.140611e-03   1.338765e-05   0.000000e+00   4.359490e-04   3.817418e-05   0.000000e+00   0.000000e+00   0.000000e+00   6.290080e-04
 1.338765e-05   1.073011e-03   0.000000e+00   2.258973e-06   2.918494e-04   0.000000e+00   0.000000e+00   0.000000e+00  -1.311513e-03
 0.000000e+00   0.000000e+00   1.687569e-03   0.000000e+00   0.000000e+00   1.294487e-03  -7.423981e-03   1.380135e-03   0.000000e+00
 4.359490e-04   2.258973e-06   0.000000e+00   6.406369e-04   4.804386e-05   0.000000e+00   0.000000e+00   0.000000e+00   1.362879e-03
 3.817418e-05   2.918494e-04   0.000000e+00   4.804386e-05   4.139760e-04   0.000000e+00   0.000000e+00   0.000000e+00  -2.778355e-04
 0.000000e+00   0.000000e+00   1.294487e-03   0.000000e+00   0.000000e+00   2.117662e-03  -1.452201e-02   1.438812e-04   0.000000e+00
 0.000000e+00   0.000000e+00  -7.423981e-03   0.000000e+00   0.000000e+00  -1.452201e-02   2.126957e-01   9.134288e-03   0.000000e+00
 0.000000e+00   0.000000e+00   1.380135e-03   0.000000e+00   0.000000e+00   1.438812e-04   9.134288e-03   5.649434e-02   0.000000e+00
 6.290080e-04  -1.311513e-03   0.000000e+00   1.362879e-03  -2.778355e-04   0.000000e+00   0.000000e+00   0.000000e+00   5.515205e-02

# timestamp: 1774889970.8657534
 1.163893e-03   1.389338e-05   0.000000e+00   4.442884e-04   3.880986e-05   0.000000e+00   0.000000e+00   0.000000e+00   6.459902e-04
 1.389338e-05   1.092686e-03   0.000000e+00   2.056485e-06   2.969034e-04   0.000000e+00   0.000000e+00   0.000000e+00  -1.314942e-03
 0.000000e+00   0.000000e+00   1.732367e-03   0.000000e+00   0.000000e+00   1.325275e-03  -7.604219e-03   1.381888e-03   0.000000e+00
 4.442884e-04   2.056485e-06   0.000000e+00   6.435494e-04   4.796449e-05   0.000000e+00   0.000000e+00   0.000000e+00   1.396901e-03
 3.880986e-05   2.969034e-04   0.000000e+00   4.796449e-05   4.151791e-04   0.000000e+00   0.000000e+00   0.000000e+00  -2.742551e-04
 0.000000e+00   0.000000e+00   1.325275e-03   0.000000e+00   0.000000e+00   2.136581e-03  -1.465219e-02   1.346738e-04   0.000000e+00
 0.000000e+00   0.000000e+00  -7.604219e-03   0.000000e+00   0.000000e+00  -1.465219e-02   2.139341e-01   9.134288e-03   0.000000e+00
 0.000000e+00   0.000000e+00   1.381888e-03   0.000000e+00   0.000000e+00   1.346738e-04   9.134288e-03   5.773271e-02   0.000000e+00
 6.459902e-04  -1.314942e-03   0.000000e+00   1.396901e-03  -2.742551e-04   0.000000e+00   0.000000e+00   0.000000e+00   5.639042e-02

# timestamp: 1774889970.9053657
 1.108613e-03  -3.058188e-06   0.000000e+00   4.245866e-04   3.218909e-05   0.000000e+00   0.000000e+00   0.000000e+00   7.789317e-04
-3.058188e-06   1.082939e-03   0.000000e+00  -1.985392e-05   2.919301e-04   0.000000e+00   0.000000e+00   0.000000e+00  -1.924071e-03
 0.000000e+00   0.000000e+00   1.740664e-03   0.000000e+00   0.000000e+00   1.342033e-03  -8.088794e-03   2.195853e-03   0.000000e+00
 4.245866e-04  -1.985392e-05   0.000000e+00   6.332648e-04   4.059211e-05   0.000000e+00   0.000000e+00   0.000000e+00   1.397398e-03
 3.218909e-05   2.919301e-04   0.000000e+00   4.059211e-05   4.128317e-04   0.000000e+00   0.000000e+00   0.000000e+00  -4.286849e-04
 0.000000e+00   0.000000e+00   1.342033e-03   0.000000e+00   0.000000e+00   2.148033e-03  -1.500722e-02   5.850158e-04   0.000000e+00
 0.000000e+00   0.000000e+00  -8.088794e-03   0.000000e+00   0.000000e+00  -1.500722e-02   2.176214e-01   8.723200e-03   0.000000e+00
 0.000000e+00   0.000000e+00   2.195853e-03   0.000000e+00   0.000000e+00   5.850158e-04   8.723200e-03   5.645064e-02   0.000000e+00
 7.789317e-04  -1.924071e-03   0.000000e+00   1.397398e-03  -4.286849e-04   0.000000e+00   0.000000e+00   0.000000e+00   5.448796e-02

# timestamp: 1774889971.1122334
 1.238945e-03  -4.929382e-05   0.000000e+00   4.733316e-04   2.207466e-05   0.000000e+00   0.000000e+00   0.000000e+00   1.266118e-03
-4.929382e-05   1.301870e-03   0.000000e+00  -8.035438e-05   3.384807e-04   0.000000e+00   0.000000e+00   0.000000e+00  -3.221957e-03
 0.000000e+00   0.000000e+00   2.333515e-03   0.000000e+00   0.000000e+00   1.740847e-03  -1.112934e-02   4.087151e-03   0.000000e+00
 4.733316e-04  -8.035438e-05   0.000000e+00   6.473306e-04   2.332297e-05   0.000000e+00   0.000000e+00   0.000000e+00   1.828307e-03
 2.207466e-05   3.384807e-04   0.000000e+00   2.332297e-05   4.208336e-04   0.000000e+00   0.000000e+00   0.000000e+00  -6.695295e-04
 0.000000e+00   0.000000e+00   1.740847e-03   0.000000e+00   0.000000e+00   2.382754e-03  -1.713318e-02   1.480453e-03   0.000000e+00
 0.000000e+00   0.000000e+00  -1.112934e-02   0.000000e+00   0.000000e+00  -1.713318e-02   2.385673e-01   6.310181e-03   0.000000e+00
 0.000000e+00   0.000000e+00   4.087151e-03   0.000000e+00   0.000000e+00   1.480453e-03   6.310181e-03   6.820912e-02   0.000000e+00
 1.266118e-03  -3.221957e-03   0.000000e+00   1.828307e-03  -6.695295e-04   0.000000e+00   0.000000e+00   0.000000e+00   6.455466e-02

# timestamp: 1774889971.1309223
 1.262108e-03  -4.998629e-05   0.000000e+00   4.817537e-04   2.246720e-05   0.000000e+00   0.000000e+00   0.000000e+00   1.287894e-03
-4.998629e-05   1.321800e-03   0.000000e+00  -8.192757e-05   3.431837e-04   0.000000e+00   0.000000e+00   0.000000e+00  -3.229873e-03
 0.000000e+00   0.000000e+00   2.386994e-03   0.000000e+00   0.000000e+00   1.775239e-03  -1.133277e-02   4.104665e-03   0.000000e+00
 4.817537e-04  -8.192757e-05   0.000000e+00   6.506315e-04   2.310939e-05   0.000000e+00   0.000000e+00   0.000000e+00   1.865793e-03
 2.246720e-05   3.431837e-04   0.000000e+00   2.310939e-05   4.218972e-04   0.000000e+00   0.000000e+00   0.000000e+00  -6.635690e-04
 0.000000e+00   0.000000e+00   1.775239e-03   0.000000e+00   0.000000e+00   2.403376e-03  -1.727092e-02   1.470545e-03   0.000000e+00
 0.000000e+00   0.000000e+00  -1.133277e-02   0.000000e+00   0.000000e+00  -1.727092e-02   2.397523e-01   6.310181e-03   0.000000e+00
 0.000000e+00   0.000000e+00   4.104665e-03   0.000000e+00   0.000000e+00   1.470545e-03   6.310181e-03   6.939411e-02   0.000000e+00
 1.287894e-03  -3.229873e-03   0.000000e+00   1.865793e-03  -6.635690e-04   0.000000e+00   0.000000e+00   0.000000e+00   6.573965e-02

# timestamp: 1774889971.158085
 1.330851e-03  -5.208461e-05   0.000000e+00   5.066317e-04   2.361099e-05   0.000000e+00   0.000000e+00   0.000000e+00   1.353958e-03
-5.208461e-05   1.380599e-03   0.000000e+00  -8.655855e-05   3.569786e-04   0.000000e+00   0.000000e+00   0.000000e+00  -3.252575e-03
 0.000000e+00   0.000000e+00   2.547749e-03   0.000000e+00   0.000000e+00   1.877662e-03  -1.193559e-02   4.155115e-03   0.000000e+00
 5.066317e-04  -8.655855e-05   0.000000e+00   6.605153e-04   2.252598e-05   0.000000e+00   0.000000e+00   0.000000e+00   1.979167e-03
 2.361099e-05   3.569786e-04   0.000000e+00   2.252598e-05   4.250074e-04   0.000000e+00   0.000000e+00   0.000000e+00  -6.455419e-04
 0.000000e+00   0.000000e+00   1.877662e-03   0.000000e+00   0.000000e+00   2.464477e-03  -1.767685e-02   1.440999e-03   0.000000e+00
 0.000000e+00   0.000000e+00  -1.193559e-02   0.000000e+00   0.000000e+00  -1.767685e-02   2.432105e-01   6.310181e-03   0.000000e+00
 0.000000e+00   0.000000e+00   4.155115e-03   0.000000e+00   0.000000e+00   1.440999e-03   6.310181e-03   7.285225e-02   0.000000e+00
 1.353958e-03  -3.252575e-03   0.000000e+00   1.979167e-03  -6.455419e-04   0.000000e+00   0.000000e+00   0.000000e+00   6.919779e-02

# timestamp: 1774889971.1864872
 1.223023e-03  -7.639311e-05   0.000000e+00   4.692671e-04   1.459063e-05   0.000000e+00   0.000000e+00   0.000000e+00   1.442556e-03
-7.639311e-05   1.354165e-03   0.000000e+00  -1.103061e-04   3.465879e-04   0.000000e+00   0.000000e+00   0.000000e+00  -3.833296e-03
 0.000000e+00   0.000000e+00   2.486368e-03   0.000000e+00   0.000000e+00   1.833682e-03  -1.195736e-02   5.044715e-03   0.000000e+00
 4.692671e-04  -1.103061e-04   0.000000e+00   6.455011e-04   1.507542e-05   0.000000e+00   0.000000e+00   0.000000e+00   1.945548e-03
 1.459063e-05   3.465879e-04   0.000000e+00   1.507542e-05   4.211991e-04   0.000000e+00   0.000000e+00   0.000000e+00  -7.970875e-04
 0.000000e+00   0.000000e+00   1.833682e-03   0.000000e+00   0.000000e+00   2.430705e-03  -1.769227e-02   1.988918e-03   0.000000e+00
 0.000000e+00   0.000000e+00  -1.195736e-02   0.000000e+00   0.000000e+00  -1.769227e-02   2.445757e-01   4.434388e-03   0.000000e+00
 0.000000e+00   0.000000e+00   5.044715e-03   0.000000e+00   0.000000e+00   1.988918e-03   4.434388e-03   7.053818e-02   0.000000e+00
 1.442556e-03  -3.833296e-03   0.000000e+00   1.945548e-03  -7.970875e-04   0.000000e+00   0.000000e+00   0.000000e+00   6.585434e-02

# timestamp: 1774889971.205077
 1.261111e-03  -7.827644e-05   0.000000e+00   4.832780e-04   1.513802e-05   0.000000e+00   0.000000e+00   0.000000e+00   1.480919e-03
-7.827644e-05   1.387354e-03   0.000000e+00  -1.135935e-04   3.541601e-04   0.000000e+00   0.000000e+00   0.000000e+00  -3.848774e-03
 0.000000e+00   0.000000e+00   2.578498e-03   0.000000e+00   0.000000e+00   1.891810e-03  -1.230405e-02   5.083415e-03   0.000000e+00
 4.832780e-04  -1.135935e-04   0.000000e+00   6.511334e-04   1.468309e-05   0.000000e+00   0.000000e+00   0.000000e+00   2.008081e-03
 1.513802e-05   3.541601e-04   0.000000e+00   1.468309e-05   4.228745e-04   0.000000e+00   0.000000e+00   0.000000e+00  -7.853852e-04
 0.000000e+00   0.000000e+00   1.891810e-03   0.000000e+00   0.000000e+00   2.465127e-03  -1.792199e-02   1.972271e-03   0.000000e+00
 0.000000e+00   0.000000e+00  -1.230405e-02   0.000000e+00   0.000000e+00  -1.792199e-02   2.465269e-01   4.434388e-03   0.000000e+00
 0.000000e+00   0.000000e+00   5.083415e-03   0.000000e+00   0.000000e+00   1.972271e-03   4.434388e-03   7.248935e-02   0.000000e+00
 1.480919e-03  -3.848774e-03   0.000000e+00   2.008081e-03  -7.853852e-04   0.000000e+00   0.000000e+00   0.000000e+00   6.780551e-02

# timestamp: 1774889971.3936722
 1.314029e-03  -1.508542e-04   0.000000e+00   5.100745e-04  -1.828878e-07   0.000000e+00   0.000000e+00   0.000000e+00   1.997714e-03
-1.508542e-04   1.585589e-03   0.000000e+00  -1.920419e-04   3.871163e-04   0.000000e+00   0.000000e+00   0.000000e+00  -5.170211e-03
 0.000000e+00   0.000000e+00   3.162494e-03   0.000000e+00   0.000000e+00   2.227778e-03  -1.487503e-02   7.332630e-03   0.000000e+00
 5.100745e-04  -1.920419e-04   0.000000e+00   6.660478e-04  -3.043541e-06   0.000000e+00   0.000000e+00   0.000000e+00   2.459634e-03
-1.828878e-07   3.871163e-04   0.000000e+00  -3.043541e-06   4.266430e-04   0.000000e+00   0.000000e+00   0.000000e+00  -9.966429e-04
 0.000000e+00   0.000000e+00   2.227778e-03   0.000000e+00   0.000000e+00   2.639906e-03  -1.957280e-02   3.014664e-03   0.000000e+00
 0.000000e+00   0.000000e+00  -1.487503e-02   0.000000e+00   0.000000e+00  -1.957280e-02   2.629033e-01  -5.878990e-06   0.000000e+00
 0.000000e+00   0.000000e+00   7.332630e-03   0.000000e+00   0.000000e+00   3.014664e-03  -5.878990e-06   8.269376e-02   0.000000e+00
 1.997714e-03  -5.170211e-03   0.000000e+00   2.459634e-03  -9.966429e-04   0.000000e+00   0.000000e+00   0.000000e+00   7.524976e-02

# timestamp: 1774889971.4093757
 1.360531e-03  -1.552824e-04   0.000000e+00   5.275661e-04   2.470992e-07   0.000000e+00   0.000000e+00   0.000000e+00   2.054479e-03
-1.552824e-04   1.626299e-03   0.000000e+00  -1.977444e-04   3.956075e-04   0.000000e+00   0.000000e+00   0.000000e+00  -5.192826e-03
 0.000000e+00   0.000000e+00   3.288643e-03   0.000000e+00   0.000000e+00   2.303043e-03  -1.532400e-02   7.401303e-03   0.000000e+00
 5.275661e-04  -1.977444e-04   0.000000e+00   6.737614e-04  -3.497476e-06   0.000000e+00   0.000000e+00   0.000000e+00   2.543002e-03
 2.470992e-07   3.956075e-04   0.000000e+00  -3.497476e-06   4.284384e-04   0.000000e+00   0.000000e+00   0.000000e+00  -9.776742e-04
 0.000000e+00   0.000000e+00   2.303043e-03   0.000000e+00   0.000000e+00   2.683514e-03  -1.985989e-02   2.993863e-03   0.000000e+00
 0.000000e+00   0.000000e+00  -1.532400e-02   0.000000e+00   0.000000e+00  -1.985989e-02   2.651863e-01  -5.878990e-06   0.000000e+00
 0.000000e+00   0.000000e+00   7.401303e-03   0.000000e+00   0.000000e+00   2.993863e-03  -5.878990e-06   8.497681e-02   0.000000e+00
 2.054479e-03  -5.192826e-03   0.000000e+00   2.543002e-03  -9.776742e-04   0.000000e+00   0.000000e+00   0.000000e+00   7.753280e-02

# timestamp: 1774889971.4267912
 1.385473e-03  -1.576778e-04   0.000000e+00   5.369222e-04   4.757964e-07   0.000000e+00   0.000000e+00   0.000000e+00   2.085347e-03
-1.576778e-04   1.648005e-03   0.000000e+00  -2.007765e-04   4.001152e-04   0.000000e+00   0.000000e+00   0.000000e+00  -5.204611e-03
 0.000000e+00   0.000000e+00   3.356832e-03   0.000000e+00   0.000000e+00   2.343489e-03  -1.556447e-02   7.437450e-03   0.000000e+00
 5.369222e-04  -2.007765e-04   0.000000e+00   6.779184e-04  -3.720923e-06   0.000000e+00   0.000000e+00   0.000000e+00   2.588078e-03
 4.757964e-07   4.001152e-04   0.000000e+00  -3.720923e-06   4.293926e-04   0.000000e+00   0.000000e+00   0.000000e+00  -9.674182e-04
 0.000000e+00   0.000000e+00   2.343489e-03   0.000000e+00   0.000000e+00   2.706854e-03  -2.001280e-02   2.982637e-03   0.000000e+00
 0.000000e+00   0.000000e+00  -1.556447e-02   0.000000e+00   0.000000e+00  -2.001280e-02   2.663948e-01  -5.878990e-06   0.000000e+00
 0.000000e+00   0.000000e+00   7.437450e-03   0.000000e+00   0.000000e+00   2.982637e-03  -5.878990e-06   8.618530e-02   0.000000e+00
 2.085347e-03  -5.204611e-03   0.000000e+00   2.588078e-03  -9.674182e-04   0.000000e+00   0.000000e+00   0.000000e+00   7.874130e-02

# timestamp: 1774889971.4568865
 1.451022e-03  -1.640230e-04   0.000000e+00   5.614357e-04   1.075744e-06   0.000000e+00   0.000000e+00   0.000000e+00   2.167609e-03
-1.640230e-04   1.704645e-03   0.000000e+00  -2.086615e-04   4.118222e-04   0.000000e+00   0.000000e+00   0.000000e+00  -5.234530e-03
 0.000000e+00   0.000000e+00   3.537706e-03   0.000000e+00   0.000000e+00   2.449999e-03  -1.619452e-02   7.530320e-03   0.000000e+00
 5.614357e-04  -2.086615e-04   0.000000e+00   6.889129e-04  -4.243190e-06   0.000000e+00   0.000000e+00   0.000000e+00   2.708013e-03
 1.075744e-06   4.118222e-04   0.000000e+00  -4.243190e-06   4.318727e-04   0.000000e+00   0.000000e+00   0.000000e+00  -9.401297e-04
 0.000000e+00   0.000000e+00   2.449999e-03   0.000000e+00   0.000000e+00   2.768045e-03  -2.041160e-02   2.952840e-03   0.000000e+00
 0.000000e+00   0.000000e+00  -1.619452e-02   0.000000e+00   0.000000e+00  -2.041160e-02   2.695200e-01  -5.878990e-06   0.000000e+00
 0.000000e+00   0.000000e+00   7.530320e-03   0.000000e+00   0.000000e+00   2.952840e-03  -5.878990e-06   8.931049e-02   0.000000e+00
 2.167609e-03  -5.234530e-03   0.000000e+00   2.708013e-03  -9.401297e-04   0.000000e+00   0.000000e+00   0.000000e+00   8.186649e-02

# timestamp: 1774889971.475976
 1.491516e-03  -1.679845e-04   0.000000e+00   5.765270e-04   1.444951e-06   0.000000e+00   0.000000e+00   0.000000e+00   2.219387e-03
-1.679845e-04   1.739338e-03   0.000000e+00  -2.134703e-04   4.189507e-04   0.000000e+00   0.000000e+00   0.000000e+00  -5.252235e-03
 0.000000e+00   0.000000e+00   3.650653e-03   0.000000e+00   0.000000e+00   2.515964e-03  -1.658279e-02   7.586149e-03   0.000000e+00
 5.765270e-04  -2.134703e-04   0.000000e+00   6.957542e-04  -4.519773e-06   0.000000e+00   0.000000e+00   0.000000e+00   2.782908e-03
 1.444951e-06   4.189507e-04   0.000000e+00  -4.519773e-06   4.333854e-04   0.000000e+00   0.000000e+00   0.000000e+00  -9.230891e-04
 0.000000e+00   0.000000e+00   2.515964e-03   0.000000e+00   0.000000e+00   2.805731e-03  -2.065556e-02   2.934279e-03   0.000000e+00
 0.000000e+00   0.000000e+00  -1.658279e-02   0.000000e+00   0.000000e+00  -2.065556e-02   2.714147e-01  -5.878990e-06   0.000000e+00
 0.000000e+00   0.000000e+00   7.586149e-03   0.000000e+00   0.000000e+00   2.934279e-03  -5.878990e-06   9.120513e-02   0.000000e+00
 2.219387e-03  -5.252235e-03   0.000000e+00   2.782908e-03  -9.230891e-04   0.000000e+00   0.000000e+00   0.000000e+00   8.376113e-02

# timestamp: 1774889971.498412
 1.356559e-03  -1.947009e-04   0.000000e+00   5.313181e-04  -7.881397e-06   0.000000e+00   0.000000e+00   0.000000e+00   2.293448e-03
-1.947009e-04   1.709553e-03   0.000000e+00  -2.394299e-04   4.059599e-04   0.000000e+00   0.000000e+00   0.000000e+00  -5.887643e-03
 0.000000e+00   0.000000e+00   3.525378e-03   0.000000e+00   0.000000e+00   2.419149e-03  -1.626002e-02   8.663736e-03   0.000000e+00
 5.313181e-04  -2.394299e-04   0.000000e+00   6.795277e-04  -1.199880e-05   0.000000e+00   0.000000e+00   0.000000e+00   2.750188e-03
-7.881397e-06   4.059599e-04   0.000000e+00  -1.199880e-05   4.286465e-04   0.000000e+00   0.000000e+00   0.000000e+00  -1.087003e-03
 0.000000e+00   0.000000e+00   2.419149e-03   0.000000e+00   0.000000e+00   2.732515e-03  -2.041645e-02   3.599341e-03   0.000000e+00
 0.000000e+00   0.000000e+00  -1.626002e-02   0.000000e+00   0.000000e+00  -2.041645e-02   2.712388e-01  -3.046950e-03   0.000000e+00
 0.000000e+00   0.000000e+00   8.663736e-03   0.000000e+00   0.000000e+00   3.599341e-03  -3.046950e-03   8.918708e-02   0.000000e+00
 2.293448e-03  -5.887643e-03   0.000000e+00   2.750188e-03  -1.087003e-03   0.000000e+00   0.000000e+00   0.000000e+00   7.999927e-02

# timestamp: 1774889971.679092
 1.374977e-03  -2.782848e-04   0.000000e+00   5.512117e-04  -2.206434e-05   0.000000e+00   0.000000e+00   0.000000e+00   2.764227e-03
-2.782848e-04   1.914254e-03   0.000000e+00  -3.322475e-04   4.299181e-04   0.000000e+00   0.000000e+00   0.000000e+00  -7.285812e-03
 0.000000e+00   0.000000e+00   4.080765e-03   0.000000e+00   0.000000e+00   2.665775e-03  -1.803827e-02   1.139134e-02   0.000000e+00
 5.512117e-04  -3.322475e-04   0.000000e+00   7.007984e-04  -2.778136e-05   0.000000e+00   0.000000e+00   0.000000e+00   3.243996e-03
-2.206434e-05   4.299181e-04   0.000000e+00  -2.778136e-05   4.294033e-04   0.000000e+00   0.000000e+00   0.000000e+00  -1.258375e-03
 0.000000e+00   0.000000e+00   2.665775e-03   0.000000e+00   0.000000e+00   2.826280e-03  -2.140087e-02   4.824302e-03   0.000000e+00
 0.000000e+00   0.000000e+00  -1.803827e-02   0.000000e+00   0.000000e+00  -2.140087e-02   2.819734e-01  -1.024651e-02   0.000000e+00
 0.000000e+00   0.000000e+00   1.139134e-02   0.000000e+00   0.000000e+00   4.824302e-03  -1.024651e-02   1.000945e-01   0.000000e+00
 2.764227e-03  -7.285812e-03   0.000000e+00   3.243996e-03  -1.258375e-03   0.000000e+00   0.000000e+00   0.000000e+00   8.683101e-02

# timestamp: 1774889971.7012544
 1.422342e-03  -2.862654e-04   0.000000e+00   5.699730e-04  -2.180170e-05   0.000000e+00   0.000000e+00   0.000000e+00   2.837395e-03
-2.862654e-04   1.955985e-03   0.000000e+00  -3.407125e-04   4.372392e-04   0.000000e+00   0.000000e+00   0.000000e+00  -7.313721e-03
 0.000000e+00   0.000000e+00   4.223865e-03   0.000000e+00   0.000000e+00   2.745368e-03  -1.851859e-02   1.149896e-02   0.000000e+00
 5.699730e-04  -3.407125e-04   0.000000e+00   7.100993e-04  -2.808132e-05   0.000000e+00   0.000000e+00   0.000000e+00   3.338822e-03
-2.180170e-05   4.372392e-04   0.000000e+00  -2.808132e-05   4.308537e-04   0.000000e+00   0.000000e+00   0.000000e+00  -1.230568e-03
 0.000000e+00   0.000000e+00   2.745368e-03   0.000000e+00   0.000000e+00   2.871757e-03  -2.170197e-02   4.803321e-03   0.000000e+00
 0.000000e+00   0.000000e+00  -1.851859e-02   0.000000e+00   0.000000e+00  -2.170197e-02   2.842074e-01  -1.024651e-02   0.000000e+00
 0.000000e+00   0.000000e+00   1.149896e-02   0.000000e+00   0.000000e+00   4.803321e-03  -1.024651e-02   1.023285e-01   0.000000e+00
 2.837395e-03  -7.313721e-03   0.000000e+00   3.338822e-03  -1.230568e-03   0.000000e+00   0.000000e+00   0.000000e+00   8.906504e-02

# timestamp: 1774889971.717931
 1.461496e-03  -2.928970e-04   0.000000e+00   5.854486e-04  -2.157624e-05   0.000000e+00   0.000000e+00   0.000000e+00   2.898547e-03
-2.928970e-04   1.990169e-03   0.000000e+00  -3.476242e-04   4.432105e-04   0.000000e+00   0.000000e+00   0.000000e+00  -7.335944e-03
 0.000000e+00   0.000000e+00   4.342934e-03   0.000000e+00   0.000000e+00   2.811237e-03  -1.891447e-02   1.158614e-02   0.000000e+00
 5.854486e-04  -3.476242e-04   0.000000e+00   7.178169e-04  -2.828083e-05   0.000000e+00   0.000000e+00   0.000000e+00   3.417663e-03
-2.157624e-05   4.432105e-04   0.000000e+00  -2.828083e-05   4.320467e-04   0.000000e+00   0.000000e+00   0.000000e+00  -1.207449e-03
 0.000000e+00   0.000000e+00   2.811237e-03   0.000000e+00   0.000000e+00   2.909239e-03  -2.194861e-02   4.785753e-03   0.000000e+00
 0.000000e+00   0.000000e+00  -1.891447e-02   0.000000e+00   0.000000e+00  -2.194861e-02   2.860247e-01  -1.024651e-02   0.000000e+00
 0.000000e+00   0.000000e+00   1.158614e-02   0.000000e+00   0.000000e+00   4.785753e-03  -1.024651e-02   1.041458e-01   0.000000e+00
 2.898547e-03  -7.335944e-03   0.000000e+00   3.417663e-03  -1.207449e-03   0.000000e+00   0.000000e+00   0.000000e+00   9.088234e-02

# timestamp: 1774889971.7326403
 1.506652e-03  -3.005738e-04   0.000000e+00   6.032624e-04  -2.130441e-05   0.000000e+00   0.000000e+00   0.000000e+00   2.969714e-03
-3.005738e-04   2.029262e-03   0.000000e+00  -3.555023e-04   4.500134e-04   0.000000e+00   0.000000e+00   0.000000e+00  -7.360684e-03
 0.000000e+00   0.000000e+00   4.481084e-03   0.000000e+00   0.000000e+00   2.887268e-03  -1.936944e-02   1.168479e-02   0.000000e+00
 6.032624e-04  -3.555023e-04   0.000000e+00   7.267515e-04  -2.845791e-05   0.000000e+00   0.000000e+00   0.000000e+00   3.509177e-03
-2.130441e-05   4.500134e-04   0.000000e+00  -2.845791e-05   4.334161e-04   0.000000e+00   0.000000e+00   0.000000e+00  -1.180613e-03
 0.000000e+00   0.000000e+00   2.887268e-03   0.000000e+00   0.000000e+00   2.952347e-03  -2.223071e-02   4.765224e-03   0.000000e+00
 0.000000e+00   0.000000e+00  -1.936944e-02   0.000000e+00   0.000000e+00  -2.223071e-02   2.880888e-01  -1.024651e-02   0.000000e+00
 0.000000e+00   0.000000e+00   1.168479e-02   0.000000e+00   0.000000e+00   4.765224e-03  -1.024651e-02   1.062099e-01   0.000000e+00
 2.969714e-03  -7.360684e-03   0.000000e+00   3.509177e-03  -1.180613e-03   0.000000e+00   0.000000e+00   0.000000e+00   9.294642e-02

# timestamp: 1774889971.7534118
 1.533466e-03  -3.051484e-04   0.000000e+00   6.138242e-04  -2.113720e-05   0.000000e+00   0.000000e+00   0.000000e+00   3.012337e-03
-3.051484e-04   2.052307e-03   0.000000e+00  -3.601329e-04   4.540104e-04   0.000000e+00   0.000000e+00   0.000000e+00  -7.374920e-03
 0.000000e+00   0.000000e+00   4.563540e-03   0.000000e+00   0.000000e+00   2.932454e-03  -1.963891e-02   1.174240e-02   0.000000e+00
 6.138242e-04  -3.601329e-04   0.000000e+00   7.320739e-04  -2.853676e-05   0.000000e+00   0.000000e+00   0.000000e+00   3.563748e-03
-2.113720e-05   4.540104e-04   0.000000e+00  -2.853676e-05   4.342262e-04   0.000000e+00   0.000000e+00   0.000000e+00  -1.164611e-03
 0.000000e+00   0.000000e+00   2.932454e-03   0.000000e+00   0.000000e+00   2.977882e-03  -2.239700e-02   4.752918e-03   0.000000e+00
 0.000000e+00   0.000000e+00  -1.963891e-02   0.000000e+00   0.000000e+00  -2.239700e-02   2.892987e-01  -1.024651e-02   0.000000e+00
 0.000000e+00   0.000000e+00   1.174240e-02   0.000000e+00   0.000000e+00   4.752918e-03  -1.024651e-02   1.074199e-01   0.000000e+00
 3.012337e-03  -7.374920e-03   0.000000e+00   3.563748e-03  -1.164611e-03   0.000000e+00   0.000000e+00   0.000000e+00   9.415635e-02

# timestamp: 1774889971.766603
 1.564742e-03  -3.104951e-04   0.000000e+00   6.261292e-04  -2.093574e-05   0.000000e+00   0.000000e+00   0.000000e+00   3.062341e-03
-3.104951e-04   2.079035e-03   0.000000e+00  -3.654906e-04   4.586350e-04   0.000000e+00   0.000000e+00   0.000000e+00  -7.391124e-03
 0.000000e+00   0.000000e+00   4.660094e-03   0.000000e+00   0.000000e+00   2.985185e-03  -1.995245e-02   1.180875e-02   0.000000e+00
 6.261292e-04  -3.654906e-04   0.000000e+00   7.382982e-04  -2.860448e-05   0.000000e+00   0.000000e+00   0.000000e+00   3.627657e-03
-2.093574e-05   4.586350e-04   0.000000e+00  -2.860448e-05   4.351683e-04   0.000000e+00   0.000000e+00   0.000000e+00  -1.145871e-03
 0.000000e+00   0.000000e+00   2.985185e-03   0.000000e+00   0.000000e+00   3.007610e-03  -2.258989e-02   4.738445e-03   0.000000e+00
 0.000000e+00   0.000000e+00  -1.995245e-02   0.000000e+00   0.000000e+00  -2.258989e-02   2.906956e-01  -1.024651e-02   0.000000e+00
 0.000000e+00   0.000000e+00   1.180875e-02   0.000000e+00   0.000000e+00   4.738445e-03  -1.024651e-02   1.088168e-01   0.000000e+00
 3.062341e-03  -7.391124e-03   0.000000e+00   3.627657e-03  -1.145871e-03   0.000000e+00   0.000000e+00   0.000000e+00   9.555324e-02

# timestamp: 1774889971.9765127
 1.636578e-03  -4.211855e-04   0.000000e+00   6.749128e-04  -3.132797e-05   0.000000e+00   0.000000e+00   0.000000e+00   3.700990e-03
-4.211855e-04   2.342626e-03   0.000000e+00  -4.844239e-04   4.778267e-04   0.000000e+00   0.000000e+00   0.000000e+00  -8.884506e-03
 0.000000e+00   0.000000e+00   5.428973e-03   0.000000e+00   0.000000e+00   3.283315e-03  -2.206661e-02   1.502141e-02   0.000000e+00
 6.749128e-04  -4.844239e-04   0.000000e+00   7.821364e-04  -3.972135e-05   0.000000e+00   0.000000e+00   0.000000e+00   4.312779e-03
-3.132797e-05   4.778267e-04   0.000000e+00  -3.972135e-05   4.341924e-04   0.000000e+00   0.000000e+00   0.000000e+00  -1.190595e-03
 0.000000e+00   0.000000e+00   3.283315e-03   0.000000e+00   0.000000e+00   3.111595e-03  -2.364960e-02   5.893615e-03   0.000000e+00
 0.000000e+00   0.000000e+00  -2.206661e-02   0.000000e+00   0.000000e+00  -2.364960e-02   3.017543e-01  -1.788253e-02   0.000000e+00
 0.000000e+00   0.000000e+00   1.502141e-02   0.000000e+00   0.000000e+00   5.893615e-03  -1.788253e-02   1.234804e-01   0.000000e+00
 3.700990e-03  -8.884506e-03   0.000000e+00   4.312779e-03  -1.190595e-03   0.000000e+00   0.000000e+00   0.000000e+00   1.049756e-01

# timestamp: 1774889971.9891784
 1.478168e-03  -4.402289e-04   0.000000e+00   6.232874e-04  -3.823771e-05   0.000000e+00   0.000000e+00   0.000000e+00   3.756106e-03
-4.402289e-04   2.303908e-03   0.000000e+00  -5.072871e-04   4.600551e-04   0.000000e+00   0.000000e+00   0.000000e+00  -9.523823e-03
 0.000000e+00   0.000000e+00   5.205620e-03   0.000000e+00   0.000000e+00   3.126255e-03  -2.143660e-02   1.605952e-02   0.000000e+00
 6.232874e-04  -5.072871e-04   0.000000e+00   7.654696e-04  -4.547748e-05   0.000000e+00   0.000000e+00   0.000000e+00   4.286125e-03
-3.823771e-05   4.600551e-04   0.000000e+00  -4.547748e-05   4.280784e-04   0.000000e+00   0.000000e+00   0.000000e+00  -1.350634e-03
 0.000000e+00   0.000000e+00   3.126255e-03   0.000000e+00   0.000000e+00   3.006086e-03  -2.322987e-02   6.464835e-03   0.000000e+00
 0.000000e+00   0.000000e+00  -2.143660e-02   0.000000e+00   0.000000e+00  -2.322987e-02   3.004209e-01  -2.063289e-02   0.000000e+00
 0.000000e+00   0.000000e+00   1.605952e-02   0.000000e+00   0.000000e+00   6.464835e-03  -2.063289e-02   1.226166e-01   0.000000e+00
 3.756106e-03  -9.523823e-03   0.000000e+00   4.286125e-03  -1.350634e-03   0.000000e+00   0.000000e+00   0.000000e+00   1.012253e-01

# timestamp: 1774889972.0106354
 1.547883e-03  -4.571231e-04   0.000000e+00   6.524246e-04  -3.742769e-05   0.000000e+00   0.000000e+00   0.000000e+00   3.889139e-03
-4.571231e-04   2.363050e-03   0.000000e+00  -5.222867e-04   4.677548e-04   0.000000e+00   0.000000e+00   0.000000e+00  -9.564567e-03
 0.000000e+00   0.000000e+00   5.431274e-03   0.000000e+00   0.000000e+00   3.241071e-03  -2.215342e-02   1.625723e-02   0.000000e+00
 6.524246e-04  -5.222867e-04   0.000000e+00   7.809623e-04  -4.486591e-05   0.000000e+00   0.000000e+00   0.000000e+00   4.433174e-03
-3.742769e-05   4.677548e-04   0.000000e+00  -4.486591e-05   4.296316e-04   0.000000e+00   0.000000e+00   0.000000e+00  -1.291591e-03
 0.000000e+00   0.000000e+00   3.241071e-03   0.000000e+00   0.000000e+00   3.068595e-03  -2.364903e-02   6.422959e-03   0.000000e+00
 0.000000e+00   0.000000e+00  -2.215342e-02   0.000000e+00   0.000000e+00  -2.364903e-02   3.034865e-01  -2.063289e-02   0.000000e+00
 0.000000e+00   0.000000e+00   1.625723e-02   0.000000e+00   0.000000e+00   6.422959e-03  -2.063289e-02   1.256822e-01   0.000000e+00
 3.889139e-03  -9.564567e-03   0.000000e+00   4.433174e-03  -1.291591e-03   0.000000e+00   0.000000e+00   0.000000e+00   1.042908e-01

# timestamp: 1774889972.0429003
 1.601635e-03  -4.701484e-04   0.000000e+00   6.748366e-04  -3.675250e-05   0.000000e+00   0.000000e+00   0.000000e+00   3.992460e-03
-4.701484e-04   2.407950e-03   0.000000e+00  -5.336191e-04   4.735763e-04   0.000000e+00   0.000000e+00   0.000000e+00  -9.594072e-03
 0.000000e+00   0.000000e+00   5.606103e-03   0.000000e+00   0.000000e+00   3.329517e-03  -2.270241e-02   1.640543e-02   0.000000e+00
 6.748366e-04  -5.336191e-04   0.000000e+00   7.929234e-04  -4.429212e-05   0.000000e+00   0.000000e+00   0.000000e+00   4.546915e-03
-3.675250e-05   4.735763e-04   0.000000e+00  -4.429212e-05   4.308478e-04   0.000000e+00   0.000000e+00   0.000000e+00  -1.245923e-03
 0.000000e+00   0.000000e+00   3.329517e-03   0.000000e+00   0.000000e+00   3.116547e-03  -2.396793e-02   6.390233e-03   0.000000e+00
 0.000000e+00   0.000000e+00  -2.270241e-02   0.000000e+00   0.000000e+00  -2.396793e-02   3.057976e-01  -2.063289e-02   0.000000e+00
 0.000000e+00   0.000000e+00   1.640543e-02   0.000000e+00   0.000000e+00   6.390233e-03  -2.063289e-02   1.279933e-01   0.000000e+00
 3.992460e-03  -9.594072e-03   0.000000e+00   4.546915e-03  -1.245923e-03   0.000000e+00   0.000000e+00   0.000000e+00   1.066020e-01

# timestamp: 1774889972.0592792
 1.634956e-03  -4.782213e-04   0.000000e+00   6.887079e-04  -3.631177e-05   0.000000e+00   0.000000e+00   0.000000e+00   4.056845e-03
-4.782213e-04   2.435485e-03   0.000000e+00  -5.405438e-04   4.771364e-04   0.000000e+00   0.000000e+00   0.000000e+00  -9.611548e-03
 0.000000e+00   0.000000e+00   5.714837e-03   0.000000e+00   0.000000e+00   3.384312e-03  -2.304119e-02   1.649550e-02   0.000000e+00
 6.887079e-04  -5.405438e-04   0.000000e+00   8.003448e-04  -4.389331e-05   0.000000e+00   0.000000e+00   0.000000e+00   4.617529e-03
-3.631177e-05   4.771364e-04   0.000000e+00  -4.389331e-05   4.316096e-04   0.000000e+00   0.000000e+00   0.000000e+00  -1.217570e-03
 0.000000e+00   0.000000e+00   3.384312e-03   0.000000e+00   0.000000e+00   3.146167e-03  -2.416377e-02   6.369779e-03   0.000000e+00
 0.000000e+00   0.000000e+00  -2.304119e-02   0.000000e+00   0.000000e+00  -2.416377e-02   3.072082e-01  -2.063289e-02   0.000000e+00
 0.000000e+00   0.000000e+00   1.649550e-02   0.000000e+00   0.000000e+00   6.369779e-03  -2.063289e-02   1.294039e-01   0.000000e+00
 4.056845e-03  -9.611548e-03   0.000000e+00   4.617529e-03  -1.217570e-03   0.000000e+00   0.000000e+00   0.000000e+00   1.080126e-01

# timestamp: 1774889972.0731094
 1.664130e-03  -4.852879e-04   0.000000e+00   7.008394e-04  -3.591198e-05   0.000000e+00   0.000000e+00   0.000000e+00   4.113436e-03
-4.852879e-04   2.459407e-03   0.000000e+00  -5.465441e-04   4.802236e-04   0.000000e+00   0.000000e+00   0.000000e+00  -9.626345e-03
 0.000000e+00   0.000000e+00   5.810257e-03   0.000000e+00   0.000000e+00   3.432266e-03  -2.333687e-02   1.657325e-02   0.000000e+00
 7.008394e-04  -5.465441e-04   0.000000e+00   8.068465e-04  -4.351774e-05   0.000000e+00   0.000000e+00   0.000000e+00   4.679396e-03
-3.591198e-05   4.802236e-04   0.000000e+00  -4.351774e-05   4.322815e-04   0.000000e+00   0.000000e+00   0.000000e+00  -1.192729e-03
 0.000000e+00   0.000000e+00   3.432266e-03   0.000000e+00   0.000000e+00   3.172032e-03  -2.433406e-02   6.351779e-03   0.000000e+00
 0.000000e+00   0.000000e+00  -2.333687e-02   0.000000e+00   0.000000e+00  -2.433406e-02   3.084297e-01  -2.063289e-02   0.000000e+00
 0.000000e+00   0.000000e+00   1.657325e-02   0.000000e+00   0.000000e+00   6.351779e-03  -2.063289e-02   1.306254e-01   0.000000e+00
 4.113436e-03  -9.626345e-03   0.000000e+00   4.679396e-03  -1.192729e-03   0.000000e+00   0.000000e+00   0.000000e+00   1.092341e-01

# timestamp: 1774889972.269337
 1.730835e-03  -6.117054e-04   0.000000e+00   7.613626e-04  -4.229496e-05   0.000000e+00   0.000000e+00   0.000000e+00   4.856831e-03
-6.117054e-04   2.708387e-03   0.000000e+00  -6.821348e-04   4.855376e-04   0.000000e+00   0.000000e+00   0.000000e+00  -1.110520e-02
 0.000000e+00   0.000000e+00   6.559524e-03   0.000000e+00   0.000000e+00   3.690043e-03  -2.521232e-02   1.990834e-02   0.000000e+00
 7.613626e-04  -6.821348e-04   0.000000e+00   8.693334e-04  -5.015696e-05   0.000000e+00   0.000000e+00   0.000000e+00   5.497440e-03
-4.229496e-05   4.855376e-04   0.000000e+00  -5.015696e-05   4.294056e-04   0.000000e+00   0.000000e+00   0.000000e+00  -1.199467e-03
 0.000000e+00   0.000000e+00   3.690043e-03   0.000000e+00   0.000000e+00   3.272831e-03  -2.535634e-02   7.373732e-03   0.000000e+00
 0.000000e+00   0.000000e+00  -2.521232e-02   0.000000e+00   0.000000e+00  -2.535634e-02   3.173758e-01  -2.749872e-02   0.000000e+00
 0.000000e+00   0.000000e+00   1.990834e-02   0.000000e+00   0.000000e+00   7.373732e-03  -2.749872e-02   1.462776e-01   0.000000e+00
 4.856831e-03  -1.110520e-02   0.000000e+00   5.497440e-03  -1.199467e-03   0.000000e+00   0.000000e+00   0.000000e+00   1.183238e-01

# timestamp: 1774889972.2974968
 1.544131e-03  -5.876217e-04   0.000000e+00   6.880968e-04  -4.406602e-05   0.000000e+00   0.000000e+00   0.000000e+00   4.512590e-03
-5.876217e-04   2.672096e-03   0.000000e+00  -6.913573e-04   4.686040e-04   0.000000e+00   0.000000e+00   0.000000e+00  -1.168899e-02
 0.000000e+00   0.000000e+00   6.140521e-03   0.000000e+00   0.000000e+00   3.362269e-03  -2.278971e-02   2.111612e-02   0.000000e+00
 6.880968e-04  -6.913573e-04   0.000000e+00   8.424056e-04  -5.426128e-05   0.000000e+00   0.000000e+00   0.000000e+00   5.337306e-03
-4.406602e-05   4.686040e-04   0.000000e+00  -5.426128e-05   4.235589e-04   0.000000e+00   0.000000e+00   0.000000e+00  -1.362553e-03
 0.000000e+00   0.000000e+00   3.362269e-03   0.000000e+00   0.000000e+00   3.032961e-03  -2.362402e-02   8.087473e-03   0.000000e+00
 0.000000e+00   0.000000e+00  -2.278971e-02   0.000000e+00   0.000000e+00  -2.362402e-02   3.048375e-01  -3.269568e-02   0.000000e+00
 0.000000e+00   0.000000e+00   2.111612e-02   0.000000e+00   0.000000e+00   8.087473e-03  -3.269568e-02   1.465705e-01   0.000000e+00
 4.512590e-03  -1.168899e-02   0.000000e+00   5.337306e-03  -1.362553e-03   0.000000e+00   0.000000e+00   0.000000e+00   1.139752e-01

# timestamp: 1774889972.3286433
 1.641298e-03  -6.175833e-04   0.000000e+00   7.322261e-04  -4.326357e-05   0.000000e+00   0.000000e+00   0.000000e+00   4.730644e-03
-6.175833e-04   2.750440e-03   0.000000e+00  -7.183160e-04   4.782131e-04   0.000000e+00   0.000000e+00   0.000000e+00  -1.174270e-02
 0.000000e+00   0.000000e+00   6.456973e-03   0.000000e+00   0.000000e+00   3.521429e-03  -2.374832e-02   2.144084e-02   0.000000e+00
 7.322261e-04  -7.183160e-04   0.000000e+00   8.695123e-04  -5.357236e-05   0.000000e+00   0.000000e+00   0.000000e+00   5.583745e-03
-4.326357e-05   4.782131e-04   0.000000e+00  -5.357236e-05   4.258836e-04   0.000000e+00   0.000000e+00   0.000000e+00  -1.288021e-03
 0.000000e+00   0.000000e+00   3.521429e-03   0.000000e+00   0.000000e+00   3.127874e-03  -2.425307e-02   8.061224e-03   0.000000e+00
 0.000000e+00   0.000000e+00  -2.374832e-02   0.000000e+00   0.000000e+00  -2.425307e-02   3.088572e-01  -3.269568e-02   0.000000e+00
 0.000000e+00   0.000000e+00   2.144084e-02   0.000000e+00   0.000000e+00   8.061224e-03  -3.269568e-02   1.505903e-01   0.000000e+00
 4.730644e-03  -1.174270e-02   0.000000e+00   5.583745e-03  -1.288021e-03   0.000000e+00   0.000000e+00   0.000000e+00   1.179950e-01

# timestamp: 1774889972.3427446
 1.676253e-03  -6.283612e-04   0.000000e+00   7.480863e-04  -4.294342e-05   0.000000e+00   0.000000e+00   0.000000e+00   4.809698e-03
-6.283612e-04   2.778098e-03   0.000000e+00  -7.277911e-04   4.815951e-04   0.000000e+00   0.000000e+00   0.000000e+00  -1.176077e-02
 0.000000e+00   0.000000e+00   6.571117e-03   0.000000e+00   0.000000e+00   3.578649e-03  -2.409114e-02   2.155450e-02   0.000000e+00
 7.480863e-04  -7.277911e-04   0.000000e+00   8.792718e-04  -5.325534e-05   0.000000e+00   0.000000e+00   0.000000e+00   5.672061e-03
-4.294342e-05   4.815951e-04   0.000000e+00  -5.325534e-05   4.267220e-04   0.000000e+00   0.000000e+00   0.000000e+00  -1.261311e-03
 0.000000e+00   0.000000e+00   3.578649e-03   0.000000e+00   0.000000e+00   3.161816e-03  -2.447563e-02   8.051455e-03   0.000000e+00
 0.000000e+00   0.000000e+00  -2.409114e-02   0.000000e+00   0.000000e+00  -2.447563e-02   3.102676e-01  -3.269568e-02   0.000000e+00
 0.000000e+00   0.000000e+00   2.155450e-02   0.000000e+00   0.000000e+00   8.051455e-03  -3.269568e-02   1.520006e-01   0.000000e+00
 4.809698e-03  -1.176077e-02   0.000000e+00   5.672061e-03  -1.261311e-03   0.000000e+00   0.000000e+00   0.000000e+00   1.194053e-01

# timestamp: 1774889972.3621292
 1.717346e-03  -6.410143e-04   0.000000e+00   7.667234e-04  -4.254298e-05   0.000000e+00   0.000000e+00   0.000000e+00   4.902855e-03
-6.410143e-04   2.810298e-03   0.000000e+00  -7.387910e-04   4.855286e-04   0.000000e+00   0.000000e+00   0.000000e+00  -1.178129e-02
 0.000000e+00   0.000000e+00   6.705494e-03   0.000000e+00   0.000000e+00   3.645880e-03  -2.449242e-02   2.168614e-02   0.000000e+00
 7.667234e-04  -7.387910e-04   0.000000e+00   8.907549e-04  -5.283772e-05   0.000000e+00   0.000000e+00   0.000000e+00   5.775858e-03
-4.254298e-05   4.855286e-04   0.000000e+00  -5.283772e-05   4.277094e-04   0.000000e+00   0.000000e+00   0.000000e+00  -1.229919e-03
 0.000000e+00   0.000000e+00   3.645880e-03   0.000000e+00   0.000000e+00   3.201597e-03  -2.473511e-02   8.039708e-03   0.000000e+00
 0.000000e+00   0.000000e+00  -2.449242e-02   0.000000e+00   0.000000e+00  -2.473511e-02   3.119031e-01  -3.269568e-02   0.000000e+00
 0.000000e+00   0.000000e+00   2.168614e-02   0.000000e+00   0.000000e+00   8.039708e-03  -3.269568e-02   1.536361e-01   0.000000e+00
 4.902855e-03  -1.178129e-02   0.000000e+00   5.775858e-03  -1.229919e-03   0.000000e+00   0.000000e+00   0.000000e+00   1.210408e-01

# timestamp: 1774889972.5603657
 1.714988e-03  -6.895670e-04   0.000000e+00   7.856930e-04  -3.904213e-05   0.000000e+00   0.000000e+00   0.000000e+00   4.967065e-03
-6.895670e-04   3.026441e-03   0.000000e+00  -8.543226e-04   4.841723e-04   0.000000e+00   0.000000e+00   0.000000e+00  -1.302401e-02
 0.000000e+00   0.000000e+00   7.096026e-03   0.000000e+00   0.000000e+00   3.590910e-03  -2.327128e-02   2.522319e-02   0.000000e+00
 7.856930e-04  -8.543226e-04   0.000000e+00   9.425219e-04  -5.460694e-05   0.000000e+00   0.000000e+00   0.000000e+00   6.375341e-03
-3.904213e-05   4.841723e-04   0.000000e+00  -5.460694e-05   4.250871e-04   0.000000e+00   0.000000e+00   0.000000e+00  -1.225711e-03
 0.000000e+00   0.000000e+00   3.590910e-03   0.000000e+00   0.000000e+00   3.087073e-03  -2.369722e-02   9.161860e-03   0.000000e+00
 0.000000e+00   0.000000e+00  -2.327128e-02   0.000000e+00   0.000000e+00  -2.369722e-02   3.026139e-01  -4.162009e-02   0.000000e+00
 0.000000e+00   0.000000e+00   2.522319e-02   0.000000e+00   0.000000e+00   9.161860e-03  -4.162009e-02   1.705975e-01   0.000000e+00
 4.967065e-03  -1.302401e-02   0.000000e+00   6.375341e-03  -1.225711e-03   0.000000e+00   0.000000e+00   0.000000e+00   1.274012e-01

# timestamp: 1774889972.5758018
 1.750079e-03  -7.017271e-04   0.000000e+00   8.021133e-04  -3.867184e-05   0.000000e+00   0.000000e+00   0.000000e+00   5.053882e-03
-7.017271e-04   3.053211e-03   0.000000e+00  -8.643516e-04   4.870786e-04   0.000000e+00   0.000000e+00   0.000000e+00  -1.304055e-02
 0.000000e+00   0.000000e+00   7.207695e-03   0.000000e+00   0.000000e+00   3.644089e-03  -2.359354e-02   2.534749e-02   0.000000e+00
 8.021133e-04  -8.643516e-04   0.000000e+00   9.530302e-04  -5.405468e-05   0.000000e+00   0.000000e+00   0.000000e+00   6.466857e-03
-3.867184e-05   4.870786e-04   0.000000e+00  -5.405468e-05   4.259098e-04   0.000000e+00   0.000000e+00   0.000000e+00  -1.197398e-03
 0.000000e+00   0.000000e+00   3.644089e-03   0.000000e+00   0.000000e+00   3.118313e-03  -2.390441e-02   9.153682e-03   0.000000e+00
 0.000000e+00   0.000000e+00  -2.359354e-02   0.000000e+00   0.000000e+00  -2.390441e-02   3.039709e-01  -4.162009e-02   0.000000e+00
 0.000000e+00   0.000000e+00   2.534749e-02   0.000000e+00   0.000000e+00   9.153682e-03  -4.162009e-02   1.719545e-01   0.000000e+00
 5.053882e-03  -1.304055e-02   0.000000e+00   6.466857e-03  -1.197398e-03   0.000000e+00   0.000000e+00   0.000000e+00   1.287582e-01

# timestamp: 1774889972.5967727
 1.567674e-03  -6.623585e-04   0.000000e+00   7.276141e-04  -3.869554e-05   0.000000e+00   0.000000e+00   0.000000e+00   4.682218e-03
-6.623585e-04   3.014214e-03   0.000000e+00  -8.685584e-04   4.703506e-04   0.000000e+00   0.000000e+00   0.000000e+00  -1.354982e-02
 0.000000e+00   0.000000e+00   6.863542e-03   0.000000e+00   0.000000e+00   3.380730e-03  -2.175091e-02   2.634694e-02   0.000000e+00
 7.276141e-04  -8.685584e-04   0.000000e+00   9.260017e-04  -5.716529e-05   0.000000e+00   0.000000e+00   0.000000e+00   6.306804e-03
-3.869554e-05   4.703506e-04   0.000000e+00  -5.716529e-05   4.204856e-04   0.000000e+00   0.000000e+00   0.000000e+00  -1.340890e-03
 0.000000e+00   0.000000e+00   3.380730e-03   0.000000e+00   0.000000e+00   2.938131e-03  -2.268386e-02   9.654516e-03   0.000000e+00
 0.000000e+00   0.000000e+00  -2.175091e-02   0.000000e+00   0.000000e+00  -2.268386e-02   2.956510e-01  -4.506301e-02   0.000000e+00
 0.000000e+00   0.000000e+00   2.634694e-02   0.000000e+00   0.000000e+00   9.654516e-03  -4.506301e-02   1.732812e-01   0.000000e+00
 4.682218e-03  -1.354982e-02   0.000000e+00   6.306804e-03  -1.340890e-03   0.000000e+00   0.000000e+00   0.000000e+00   1.248165e-01

# timestamp: 1774889972.625512
 1.634603e-03  -6.869605e-04   0.000000e+00   7.596278e-04  -3.823005e-05   0.000000e+00   0.000000e+00   0.000000e+00   4.853330e-03
-6.869605e-04   3.066750e-03   0.000000e+00  -8.895245e-04   4.760850e-04   0.000000e+00   0.000000e+00   0.000000e+00  -1.358562e-02
 0.000000e+00   0.000000e+00   7.075111e-03   0.000000e+00   0.000000e+00   3.481088e-03  -2.236480e-02   2.660708e-02   0.000000e+00
 7.596278e-04  -8.895245e-04   0.000000e+00   9.470071e-04  -5.638620e-05   0.000000e+00   0.000000e+00   0.000000e+00   6.488377e-03
-3.823005e-05   4.760850e-04   0.000000e+00  -5.638620e-05   4.220872e-04   0.000000e+00   0.000000e+00   0.000000e+00  -1.288129e-03
 0.000000e+00   0.000000e+00   3.481088e-03   0.000000e+00   0.000000e+00   2.998307e-03  -2.309117e-02   9.646090e-03   0.000000e+00
 0.000000e+00   0.000000e+00  -2.236480e-02   0.000000e+00   0.000000e+00  -2.309117e-02   2.983460e-01  -4.506301e-02   0.000000e+00
 0.000000e+00   0.000000e+00   2.660708e-02   0.000000e+00   0.000000e+00   9.646090e-03  -4.506301e-02   1.759762e-01   0.000000e+00
 4.853330e-03  -1.358562e-02   0.000000e+00   6.488377e-03  -1.288129e-03   0.000000e+00   0.000000e+00   0.000000e+00   1.275115e-01

# timestamp: 1774889972.653285
 1.741914e-03  -7.262426e-04   0.000000e+00   8.109280e-04  -3.732127e-05   0.000000e+00   0.000000e+00   0.000000e+00   5.128821e-03
-7.262426e-04   3.148839e-03   0.000000e+00  -9.220947e-04   4.850330e-04   0.000000e+00   0.000000e+00   0.000000e+00  -1.363824e-02
 0.000000e+00   0.000000e+00   7.414224e-03   0.000000e+00   0.000000e+00   3.641598e-03  -2.333955e-02   2.701011e-02   0.000000e+00
 8.109280e-04  -9.220947e-04   0.000000e+00   9.806325e-04  -5.487486e-05   0.000000e+00   0.000000e+00   0.000000e+00   6.777424e-03
-3.732127e-05   4.850330e-04   0.000000e+00  -5.487486e-05   4.246597e-04   0.000000e+00   0.000000e+00   0.000000e+00  -1.204137e-03
 0.000000e+00   0.000000e+00   3.641598e-03   0.000000e+00   0.000000e+00   3.093987e-03  -2.373038e-02   9.630870e-03   0.000000e+00
 0.000000e+00   0.000000e+00  -2.333955e-02   0.000000e+00   0.000000e+00  -2.373038e-02   3.025263e-01  -4.506301e-02   0.000000e+00
 0.000000e+00   0.000000e+00   2.701011e-02   0.000000e+00   0.000000e+00   9.630870e-03  -4.506301e-02   1.801566e-01   0.000000e+00
 5.128821e-03  -1.363824e-02   0.000000e+00   6.777424e-03  -1.204137e-03   0.000000e+00   0.000000e+00   0.000000e+00   1.316919e-01

# timestamp: 1774889972.9145312
 1.618667e-03  -7.606240e-04   0.000000e+00   7.915242e-04  -3.186330e-05   0.000000e+00   0.000000e+00   0.000000e+00   5.181307e-03
-7.606240e-04   3.343007e-03   0.000000e+00  -1.063321e-03   4.625602e-04   0.000000e+00   0.000000e+00   0.000000e+00  -1.537612e-02
 0.000000e+00   0.000000e+00   7.781380e-03   0.000000e+00   0.000000e+00   3.520048e-03  -2.231181e-02   3.166350e-02   0.000000e+00
 7.915242e-04  -1.063321e-03   0.000000e+00   1.036687e-03  -5.431630e-05   0.000000e+00   0.000000e+00   0.000000e+00   7.460513e-03
-3.186330e-05   4.625602e-04   0.000000e+00  -5.431630e-05   4.181132e-04   0.000000e+00   0.000000e+00   0.000000e+00  -1.261519e-03
 0.000000e+00   0.000000e+00   3.520048e-03   0.000000e+00   0.000000e+00   2.974495e-03  -2.309599e-02   1.085030e-02   0.000000e+00
 0.000000e+00   0.000000e+00  -2.231181e-02   0.000000e+00   0.000000e+00  -2.309599e-02   2.992134e-01  -5.375811e-02   0.000000e+00
 0.000000e+00   0.000000e+00   3.166350e-02   0.000000e+00   0.000000e+00   1.085030e-02  -5.375811e-02   2.020887e-01   0.000000e+00
 5.181307e-03  -1.537612e-02   0.000000e+00   7.460513e-03  -1.261519e-03   0.000000e+00   0.000000e+00   0.000000e+00   1.363772e-01

# timestamp: 1774889972.9465785
 1.707902e-03  -7.981876e-04   0.000000e+00   8.363451e-04  -3.064567e-05   0.000000e+00   0.000000e+00   0.000000e+00   5.437644e-03
-7.981876e-04   3.408748e-03   0.000000e+00  -1.091636e-03   4.680866e-04   0.000000e+00   0.000000e+00   0.000000e+00  -1.541812e-02
 0.000000e+00   0.000000e+00   8.058668e-03   0.000000e+00   0.000000e+00   3.643172e-03  -2.310256e-02   3.203214e-02   0.000000e+00
 8.363451e-04  -1.091636e-03   0.000000e+00   1.066157e-03  -5.211289e-05   0.000000e+00   0.000000e+00   0.000000e+00   7.698958e-03
-3.064567e-05   4.680866e-04   0.000000e+00  -5.211289e-05   4.201245e-04   0.000000e+00   0.000000e+00   0.000000e+00  -1.182759e-03
 0.000000e+00   0.000000e+00   3.643172e-03   0.000000e+00   0.000000e+00   3.045860e-03  -2.358394e-02   1.082667e-02   0.000000e+00
 0.000000e+00   0.000000e+00  -2.310256e-02   0.000000e+00   0.000000e+00  -2.358394e-02   3.026133e-01  -5.375811e-02   0.000000e+00
 0.000000e+00   0.000000e+00   3.203214e-02   0.000000e+00   0.000000e+00   1.082667e-02  -5.375811e-02   2.054887e-01   0.000000e+00
 5.437644e-03  -1.541812e-02   0.000000e+00   7.698958e-03  -1.182759e-03   0.000000e+00   0.000000e+00   0.000000e+00   1.397771e-01

# timestamp: 1774889972.9745746
 1.804573e-03  -8.384869e-04   0.000000e+00   8.848035e-04  -2.913133e-05   0.000000e+00   0.000000e+00   0.000000e+00   5.714789e-03
-8.384869e-04   3.477897e-03   0.000000e+00  -1.121239e-03   4.739126e-04   0.000000e+00   0.000000e+00   0.000000e+00  -1.545908e-02
 0.000000e+00   0.000000e+00   8.357840e-03   0.000000e+00   0.000000e+00   3.775865e-03  -2.394807e-02   3.241683e-02   0.000000e+00
 8.848035e-04  -1.121239e-03   0.000000e+00   1.097870e-03  -4.951472e-05   0.000000e+00   0.000000e+00   0.000000e+00   7.954435e-03
-2.913133e-05   4.739126e-04   0.000000e+00  -4.951472e-05   4.223252e-04   0.000000e+00   0.000000e+00   0.000000e+00  -1.098374e-03
 0.000000e+00   0.000000e+00   3.775865e-03   0.000000e+00   0.000000e+00   3.122344e-03  -2.410040e-02   1.079995e-02   0.000000e+00
 0.000000e+00   0.000000e+00  -2.394807e-02   0.000000e+00   0.000000e+00  -2.410040e-02   3.061697e-01  -5.375811e-02   0.000000e+00
 0.000000e+00   0.000000e+00   3.241683e-02   0.000000e+00   0.000000e+00   1.079995e-02  -5.375811e-02   2.090451e-01   0.000000e+00
 5.714789e-03  -1.545908e-02   0.000000e+00   7.954435e-03  -1.098374e-03   0.000000e+00   0.000000e+00   0.000000e+00   1.433335e-01

# timestamp: 1774889973.0085506
 1.598848e-03  -7.962892e-04   0.000000e+00   8.015639e-04  -3.089637e-05   0.000000e+00   0.000000e+00   0.000000e+00   5.425396e-03
-7.962892e-04   3.415730e-03   0.000000e+00  -1.121129e-03   4.530390e-04   0.000000e+00   0.000000e+00   0.000000e+00  -1.603427e-02
 0.000000e+00   0.000000e+00   7.998820e-03   0.000000e+00   0.000000e+00   3.549067e-03  -2.277026e-02   3.326248e-02   0.000000e+00
 8.015639e-04  -1.121129e-03   0.000000e+00   1.066182e-03  -5.296276e-05   0.000000e+00   0.000000e+00   0.000000e+00   7.796878e-03
-3.089637e-05   4.530390e-04   0.000000e+00  -5.296276e-05   4.159684e-04   0.000000e+00   0.000000e+00   0.000000e+00  -1.264146e-03
 0.000000e+00   0.000000e+00   3.549067e-03   0.000000e+00   0.000000e+00   2.990869e-03  -2.343016e-02   1.117362e-02   0.000000e+00
 0.000000e+00   0.000000e+00  -2.277026e-02   0.000000e+00   0.000000e+00  -2.343016e-02   3.028568e-01  -5.586170e-02   0.000000e+00
 0.000000e+00   0.000000e+00   3.326248e-02   0.000000e+00   0.000000e+00   1.117362e-02  -5.586170e-02   2.097926e-01   0.000000e+00
 5.425396e-03  -1.603427e-02   0.000000e+00   7.796878e-03  -1.264146e-03   0.000000e+00   0.000000e+00   0.000000e+00   1.387899e-01

# timestamp: 1774889973.2636545
 1.859305e-03  -1.042095e-03   0.000000e+00   9.913474e-04  -2.352776e-05   0.000000e+00   0.000000e+00   0.000000e+00   7.180318e-03
-1.042095e-03   3.736145e-03   0.000000e+00  -1.328517e-03   4.389456e-04   0.000000e+00   0.000000e+00   0.000000e+00  -1.751245e-02
 0.000000e+00   0.000000e+00   9.365279e-03   0.000000e+00   0.000000e+00   4.054939e-03  -2.730550e-02   3.738004e-02   0.000000e+00
 9.913474e-04  -1.328517e-03   0.000000e+00   1.225136e-03  -3.790835e-05   0.000000e+00   0.000000e+00   0.000000e+00   9.254737e-03
-2.352776e-05   4.389456e-04   0.000000e+00  -3.790835e-05   4.172211e-04   0.000000e+00   0.000000e+00   0.000000e+00  -9.812084e-04
 0.000000e+00   0.000000e+00   4.054939e-03   0.000000e+00   0.000000e+00   3.282812e-03  -2.604347e-02   1.147730e-02   0.000000e+00
 0.000000e+00   0.000000e+00  -2.730550e-02   0.000000e+00   0.000000e+00  -2.604347e-02   3.247465e-01  -5.840547e-02   0.000000e+00
 0.000000e+00   0.000000e+00   3.738004e-02   0.000000e+00   0.000000e+00   1.147730e-02  -5.840547e-02   2.341188e-01   0.000000e+00
 7.180318e-03  -1.751245e-02   0.000000e+00   9.254737e-03  -9.812084e-04   0.000000e+00   0.000000e+00   0.000000e+00   1.542554e-01

# timestamp: 1774889973.2790024
 1.920376e-03  -1.069597e-03   0.000000e+00   1.023068e-03  -2.178952e-05   0.000000e+00   0.000000e+00   0.000000e+00   7.368672e-03
-1.069597e-03   3.774364e-03   0.000000e+00  -1.345445e-03   4.414665e-04   0.000000e+00   0.000000e+00   0.000000e+00  -1.753213e-02
 0.000000e+00   0.000000e+00   9.551551e-03   0.000000e+00   0.000000e+00   4.134514e-03  -2.783503e-02   3.761277e-02   0.000000e+00
 1.023068e-03  -1.345445e-03   0.000000e+00   1.244372e-03  -3.561070e-05   0.000000e+00   0.000000e+00   0.000000e+00   9.398515e-03
-2.178952e-05   4.414665e-04   0.000000e+00  -3.561070e-05   4.185991e-04   0.000000e+00   0.000000e+00   0.000000e+00  -9.280931e-04
 0.000000e+00   0.000000e+00   4.134514e-03   0.000000e+00   0.000000e+00   3.325335e-03  -2.632461e-02   1.145084e-02   0.000000e+00
 0.000000e+00   0.000000e+00  -2.783503e-02   0.000000e+00   0.000000e+00  -2.632461e-02   3.267752e-01  -5.840547e-02   0.000000e+00
 0.000000e+00   0.000000e+00   3.761277e-02   0.000000e+00   0.000000e+00   1.145084e-02  -5.840547e-02   2.361475e-01   0.000000e+00
 7.368672e-03  -1.753213e-02   0.000000e+00   9.398515e-03  -9.280931e-04   0.000000e+00   0.000000e+00   0.000000e+00   1.562841e-01

# timestamp: 1774889973.3031945
 1.789150e-03  -1.086897e-03   0.000000e+00   9.869481e-04  -2.556493e-05   0.000000e+00   0.000000e+00   0.000000e+00   7.553112e-03
-1.086897e-03   3.746914e-03   0.000000e+00  -1.372237e-03   4.215348e-04   0.000000e+00   0.000000e+00   0.000000e+00  -1.818674e-02
 0.000000e+00   0.000000e+00   9.409661e-03   0.000000e+00   0.000000e+00   4.049118e-03  -2.799152e-02   3.852973e-02   0.000000e+00
 9.869481e-04  -1.372237e-03   0.000000e+00   1.240768e-03  -3.754543e-05   0.000000e+00   0.000000e+00   0.000000e+00   9.504986e-03
-2.556493e-05   4.215348e-04   0.000000e+00  -3.754543e-05   4.132877e-04   0.000000e+00   0.000000e+00   0.000000e+00  -1.038389e-03
 0.000000e+00   0.000000e+00   4.049118e-03   0.000000e+00   0.000000e+00   3.289899e-03  -2.643505e-02   1.167690e-02   0.000000e+00
 0.000000e+00   0.000000e+00  -2.799152e-02   0.000000e+00   0.000000e+00  -2.643505e-02   3.289106e-01  -5.926506e-02   0.000000e+00
 0.000000e+00   0.000000e+00   3.852973e-02   0.000000e+00   0.000000e+00   1.167690e-02  -5.926506e-02   2.387166e-01   0.000000e+00
 7.553112e-03  -1.818674e-02   0.000000e+00   9.504986e-03  -1.038389e-03   0.000000e+00   0.000000e+00   0.000000e+00   1.546625e-01

# timestamp: 1774889973.3465075
 1.910099e-03  -1.143099e-03   0.000000e+00   1.050885e-03  -2.229621e-05   0.000000e+00   0.000000e+00   0.000000e+00   7.936274e-03
-1.143099e-03   3.820698e-03   0.000000e+00  -1.406076e-03   4.270863e-04   0.000000e+00   0.000000e+00   0.000000e+00  -1.822667e-02
 0.000000e+00   0.000000e+00   9.778413e-03   0.000000e+00   0.000000e+00   4.209110e-03  -2.905375e-02   3.899455e-02   0.000000e+00
 1.050885e-03  -1.406076e-03   0.000000e+00   1.279075e-03  -3.348353e-05   0.000000e+00   0.000000e+00   0.000000e+00   9.784529e-03
-2.229621e-05   4.270863e-04   0.000000e+00  -3.348353e-05   4.160763e-04   0.000000e+00   0.000000e+00   0.000000e+00  -9.434920e-04
 0.000000e+00   0.000000e+00   4.209110e-03   0.000000e+00   0.000000e+00   3.374860e-03  -2.698884e-02   1.163669e-02   0.000000e+00
 0.000000e+00   0.000000e+00  -2.905375e-02   0.000000e+00   0.000000e+00  -2.698884e-02   3.328966e-01  -5.926506e-02   0.000000e+00
 0.000000e+00   0.000000e+00   3.899455e-02   0.000000e+00   0.000000e+00   1.163669e-02  -5.926506e-02   2.427026e-01   0.000000e+00
 7.936274e-03  -1.822667e-02   0.000000e+00   9.784529e-03  -9.434920e-04   0.000000e+00   0.000000e+00   0.000000e+00   1.586485e-01

# timestamp: 1774889973.5412025
 2.082432e-03  -1.380946e-03   0.000000e+00   1.208449e-03  -1.962326e-05   0.000000e+00   0.000000e+00   0.000000e+00   9.687991e-03
-1.380946e-03   4.000037e-03   0.000000e+00  -1.568863e-03   4.102288e-04   0.000000e+00   0.000000e+00   0.000000e+00  -1.959393e-02
 0.000000e+00   0.000000e+00   1.074874e-02   0.000000e+00   0.000000e+00   4.595277e-03  -3.298918e-02   4.220518e-02   0.000000e+00
 1.208449e-03  -1.568863e-03   0.000000e+00   1.403437e-03  -2.472813e-05   0.000000e+00   0.000000e+00   0.000000e+00   1.093754e-02
-1.962326e-05   4.102288e-04   0.000000e+00  -2.472813e-05   4.159752e-04   0.000000e+00   0.000000e+00   0.000000e+00  -8.694635e-04
 0.000000e+00   0.000000e+00   4.595277e-03   0.000000e+00   0.000000e+00   3.593595e-03  -2.901124e-02   1.192650e-02   0.000000e+00
 0.000000e+00   0.000000e+00  -3.298918e-02   0.000000e+00   0.000000e+00  -2.901124e-02   3.498440e-01  -6.075637e-02   0.000000e+00
 0.000000e+00   0.000000e+00   4.220518e-02   0.000000e+00   0.000000e+00   1.192650e-02  -6.075637e-02   2.608908e-01   0.000000e+00
 9.687991e-03  -1.959393e-02   0.000000e+00   1.093754e-02  -8.694635e-04   0.000000e+00   0.000000e+00   0.000000e+00   1.688634e-01

# timestamp: 1774889973.5753515
 2.206364e-03  -1.437907e-03   0.000000e+00   1.274300e-03  -1.585605e-05   0.000000e+00   0.000000e+00   0.000000e+00   1.008110e-02
-1.437907e-03   4.065197e-03   0.000000e+00  -1.599942e-03   4.160441e-04   0.000000e+00   0.000000e+00   0.000000e+00  -1.962389e-02
 0.000000e+00   0.000000e+00   1.111725e-02   0.000000e+00   0.000000e+00   4.756658e-03  -3.402951e-02   4.262977e-02   0.000000e+00
 1.274300e-03  -1.599942e-03   0.000000e+00   1.441141e-03  -2.088523e-05   0.000000e+00   0.000000e+00   0.000000e+00   1.120146e-02
-1.585605e-05   4.160441e-04   0.000000e+00  -2.088523e-05   4.187700e-04   0.000000e+00   0.000000e+00   0.000000e+00  -7.902608e-04
 0.000000e+00   0.000000e+00   4.756658e-03   0.000000e+00   0.000000e+00   3.676407e-03  -2.952615e-02   1.189841e-02   0.000000e+00
 0.000000e+00   0.000000e+00  -3.402951e-02   0.000000e+00   0.000000e+00  -2.952615e-02   3.534071e-01  -6.075637e-02   0.000000e+00
 0.000000e+00   0.000000e+00   4.262977e-02   0.000000e+00   0.000000e+00   1.189841e-02  -6.075637e-02   2.644539e-01   0.000000e+00
 1.008110e-02  -1.962389e-02   0.000000e+00   1.120146e-02  -7.902608e-04   0.000000e+00   0.000000e+00   0.000000e+00   1.724265e-01

# timestamp: 1774889973.5971835
 2.022780e-03  -1.428747e-03   0.000000e+00   1.208011e-03  -2.262880e-05   0.000000e+00   0.000000e+00   0.000000e+00   1.007907e-02
-1.428747e-03   4.003683e-03   0.000000e+00  -1.608717e-03   3.955331e-04   0.000000e+00   0.000000e+00   0.000000e+00  -2.023812e-02
 0.000000e+00   0.000000e+00   1.075917e-02   0.000000e+00   0.000000e+00   4.571163e-03  -3.349261e-02   4.329404e-02   0.000000e+00
 1.208011e-03  -1.608717e-03   0.000000e+00   1.418896e-03  -2.503711e-05   0.000000e+00   0.000000e+00   0.000000e+00   1.118775e-02
-2.262880e-05   3.955331e-04   0.000000e+00  -2.503711e-05   4.127842e-04   0.000000e+00   0.000000e+00   0.000000e+00  -9.398709e-04
 0.000000e+00   0.000000e+00   4.571163e-03   0.000000e+00   0.000000e+00   3.586663e-03  -2.926297e-02   1.211519e-02   0.000000e+00
 0.000000e+00   0.000000e+00  -3.349261e-02   0.000000e+00   0.000000e+00  -2.926297e-02   3.530938e-01  -6.165143e-02   0.000000e+00
 0.000000e+00   0.000000e+00   4.329404e-02   0.000000e+00   0.000000e+00   1.211519e-02  -6.165143e-02   2.657403e-01   0.000000e+00
 1.007907e-02  -2.023812e-02   0.000000e+00   1.118775e-02  -9.398709e-04   0.000000e+00   0.000000e+00   0.000000e+00   1.694079e-01

# timestamp: 1774889973.627274
 2.123528e-03  -1.476394e-03   0.000000e+00   1.262541e-03  -1.978831e-05   0.000000e+00   0.000000e+00   0.000000e+00   1.040628e-02
-1.476394e-03   4.055973e-03   0.000000e+00  -1.634909e-03   4.006179e-04   0.000000e+00   0.000000e+00   0.000000e+00  -2.026490e-02
 0.000000e+00   0.000000e+00   1.105757e-02   0.000000e+00   0.000000e+00   4.703996e-03  -3.434722e-02   4.364610e-02   0.000000e+00
 1.262541e-03  -1.634909e-03   0.000000e+00   1.450229e-03  -2.229774e-05   0.000000e+00   0.000000e+00   0.000000e+00   1.140342e-02
-1.978831e-05   4.006179e-04   0.000000e+00  -2.229774e-05   4.150650e-04   0.000000e+00   0.000000e+00   0.000000e+00  -8.809198e-04
 0.000000e+00   0.000000e+00   4.703996e-03   0.000000e+00   0.000000e+00   3.655420e-03  -2.968856e-02   1.210069e-02   0.000000e+00
 0.000000e+00   0.000000e+00  -3.434722e-02   0.000000e+00   0.000000e+00  -2.968856e-02   3.560009e-01  -6.165143e-02   0.000000e+00
 0.000000e+00   0.000000e+00   4.364610e-02   0.000000e+00   0.000000e+00   1.210069e-02  -6.165143e-02   2.686474e-01   0.000000e+00
 1.040628e-02  -2.026490e-02   0.000000e+00   1.140342e-02  -8.809198e-04   0.000000e+00   0.000000e+00   0.000000e+00   1.723150e-01

# timestamp: 1774889973.8559132
 2.458968e-03  -1.765939e-03   0.000000e+00   1.500458e-03  -1.249571e-05   0.000000e+00   0.000000e+00   0.000000e+00   1.248620e-02
-1.765939e-03   4.281784e-03   0.000000e+00  -1.817001e-03   3.987892e-04   0.000000e+00   0.000000e+00   0.000000e+00  -2.156203e-02
 0.000000e+00   0.000000e+00   1.234965e-02   0.000000e+00   0.000000e+00   5.183594e-03  -3.836900e-02   4.745063e-02   0.000000e+00
 1.500458e-03  -1.817001e-03   0.000000e+00   1.614025e-03  -1.186478e-05   0.000000e+00   0.000000e+00   0.000000e+00   1.276563e-02
-1.249571e-05   3.987892e-04   0.000000e+00  -1.186478e-05   4.197128e-04   0.000000e+00   0.000000e+00   0.000000e+00  -7.885561e-04
 0.000000e+00   0.000000e+00   5.183594e-03   0.000000e+00   0.000000e+00   3.896471e-03  -3.157886e-02   1.247119e-02   0.000000e+00
 0.000000e+00   0.000000e+00  -3.836900e-02   0.000000e+00   0.000000e+00  -3.157886e-02   3.714883e-01  -6.396013e-02   0.000000e+00
 0.000000e+00   0.000000e+00   4.745063e-02   0.000000e+00   0.000000e+00   1.247119e-02  -6.396013e-02   2.913832e-01   0.000000e+00
 1.248620e-02  -2.156203e-02   0.000000e+00   1.276563e-02  -7.885561e-04   0.000000e+00   0.000000e+00   0.000000e+00   1.852883e-01

# timestamp: 1774889973.875201
 2.516726e-03  -1.792215e-03   0.000000e+00   1.531463e-03  -1.055592e-05   0.000000e+00   0.000000e+00   0.000000e+00   1.266965e-02
-1.792215e-03   4.307622e-03   0.000000e+00  -1.830474e-03   4.012273e-04   0.000000e+00   0.000000e+00   0.000000e+00  -2.157323e-02
 0.000000e+00   0.000000e+00   1.251356e-02   0.000000e+00   0.000000e+00   5.255559e-03  -3.882259e-02   4.762943e-02   0.000000e+00
 1.531463e-03  -1.830474e-03   0.000000e+00   1.631282e-03  -1.020456e-05   0.000000e+00   0.000000e+00   0.000000e+00   1.288063e-02
-1.055592e-05   4.012273e-04   0.000000e+00  -1.020456e-05   4.208891e-04   0.000000e+00   0.000000e+00   0.000000e+00  -7.574932e-04
 0.000000e+00   0.000000e+00   5.255559e-03   0.000000e+00   0.000000e+00   3.932852e-03  -3.179808e-02   1.246190e-02   0.000000e+00
 0.000000e+00   0.000000e+00  -3.882259e-02   0.000000e+00   0.000000e+00  -3.179808e-02   3.729223e-01  -6.396013e-02   0.000000e+00
 0.000000e+00   0.000000e+00   4.762943e-02   0.000000e+00   0.000000e+00   1.246190e-02  -6.396013e-02   2.928172e-01   0.000000e+00
 1.266965e-02  -2.157323e-02   0.000000e+00   1.288063e-02  -7.574932e-04   0.000000e+00   0.000000e+00   0.000000e+00   1.867223e-01

# timestamp: 1774889973.9147968
 2.394995e-03  -1.797404e-03   0.000000e+00   1.491570e-03  -1.594192e-05   0.000000e+00   0.000000e+00   0.000000e+00   1.273385e-02
-1.797404e-03   4.282312e-03   0.000000e+00  -1.846149e-03   3.884555e-04   0.000000e+00   0.000000e+00   0.000000e+00  -2.210537e-02
 0.000000e+00   0.000000e+00   1.231669e-02   0.000000e+00   0.000000e+00   5.113258e-03  -3.835111e-02   4.858432e-02   0.000000e+00
 1.491570e-03  -1.846149e-03   0.000000e+00   1.621913e-03  -1.304653e-05   0.000000e+00   0.000000e+00   0.000000e+00   1.293730e-02
-1.594192e-05   3.884555e-04   0.000000e+00  -1.304653e-05   4.174463e-04   0.000000e+00   0.000000e+00   0.000000e+00  -8.639130e-04
 0.000000e+00   0.000000e+00   5.113258e-03   0.000000e+00   0.000000e+00   3.854332e-03  -3.149677e-02   1.266502e-02   0.000000e+00
 0.000000e+00   0.000000e+00  -3.835111e-02   0.000000e+00   0.000000e+00  -3.149677e-02   3.723372e-01  -6.508399e-02   0.000000e+00
 0.000000e+00   0.000000e+00   4.858432e-02   0.000000e+00   0.000000e+00   1.266502e-02  -6.508399e-02   2.968020e-01   0.000000e+00
 1.273385e-02  -2.210537e-02   0.000000e+00   1.293730e-02  -8.639130e-04   0.000000e+00   0.000000e+00   0.000000e+00   1.855784e-01

# timestamp: 1774889973.9727154
 2.611345e-03  -1.896769e-03   0.000000e+00   1.608276e-03  -9.242535e-06   0.000000e+00   0.000000e+00   0.000000e+00   1.342673e-02
-1.896769e-03   4.376859e-03   0.000000e+00  -1.896490e-03   3.984129e-04   0.000000e+00   0.000000e+00   0.000000e+00  -2.214877e-02
 0.000000e+00   0.000000e+00   1.292349e-02   0.000000e+00   0.000000e+00   5.381270e-03  -4.003317e-02   4.925323e-02   0.000000e+00
 1.608276e-03  -1.896490e-03   0.000000e+00   1.686334e-03  -7.595305e-06   0.000000e+00   0.000000e+00   0.000000e+00   1.336162e-02
-9.242535e-06   3.984129e-04   0.000000e+00  -7.595305e-06   4.218324e-04   0.000000e+00   0.000000e+00   0.000000e+00  -7.594807e-04
 0.000000e+00   0.000000e+00   5.381270e-03   0.000000e+00   0.000000e+00   3.989079e-03  -3.230505e-02   1.264539e-02   0.000000e+00
 0.000000e+00   0.000000e+00  -4.003317e-02   0.000000e+00   0.000000e+00  -3.230505e-02   3.776221e-01  -6.508399e-02   0.000000e+00
 0.000000e+00   0.000000e+00   4.925323e-02   0.000000e+00   0.000000e+00   1.264539e-02  -6.508399e-02   3.020869e-01   0.000000e+00
 1.342673e-02  -2.214877e-02   0.000000e+00   1.336162e-02  -7.594807e-04   0.000000e+00   0.000000e+00   0.000000e+00   1.908633e-01

# timestamp: 1774889974.2081099
 2.719853e-03  -2.115680e-03   0.000000e+00   1.735231e-03  -1.560984e-05   0.000000e+00   0.000000e+00   0.000000e+00   1.510596e-02
-2.115680e-03   4.487156e-03   0.000000e+00  -2.034905e-03   3.904852e-04   0.000000e+00   0.000000e+00   0.000000e+00  -2.374724e-02
 0.000000e+00   0.000000e+00   1.358463e-02   0.000000e+00   0.000000e+00   5.496585e-03  -4.198209e-02   5.351836e-02   0.000000e+00
 1.735231e-03  -2.034905e-03   0.000000e+00   1.785961e-03  -8.781068e-06   0.000000e+00   0.000000e+00   0.000000e+00   1.438451e-02
-1.560984e-05   3.904852e-04   0.000000e+00  -8.781068e-06   4.218957e-04   0.000000e+00   0.000000e+00   0.000000e+00  -9.047291e-04
 0.000000e+00   0.000000e+00   5.496585e-03   0.000000e+00   0.000000e+00   4.016167e-03  -3.293611e-02   1.317969e-02   0.000000e+00
 0.000000e+00   0.000000e+00  -4.198209e-02   0.000000e+00   0.000000e+00  -3.293611e-02   3.859846e-01  -6.795405e-02   0.000000e+00
 0.000000e+00   0.000000e+00   5.351836e-02   0.000000e+00   0.000000e+00   1.317969e-02  -6.795405e-02   3.263319e-01   0.000000e+00
 1.510596e-02  -2.374724e-02   0.000000e+00   1.438451e-02  -9.047291e-04   0.000000e+00   0.000000e+00   0.000000e+00   1.986652e-01

# timestamp: 1774889974.2325594
 2.810218e-03  -2.156843e-03   0.000000e+00   1.783852e-03  -1.383955e-05   0.000000e+00   0.000000e+00   0.000000e+00   1.539498e-02
-2.156843e-03   4.522933e-03   0.000000e+00  -2.054779e-03   3.959438e-04   0.000000e+00   0.000000e+00   0.000000e+00  -2.376518e-02
 0.000000e+00   0.000000e+00   1.382667e-02   0.000000e+00   0.000000e+00   5.605719e-03  -4.264340e-02   5.378226e-02   0.000000e+00
 1.783852e-03  -2.054779e-03   0.000000e+00   1.811960e-03  -7.687439e-06   0.000000e+00   0.000000e+00   0.000000e+00   1.455038e-02
-1.383955e-05   3.959438e-04   0.000000e+00  -7.687439e-06   4.236711e-04   0.000000e+00   0.000000e+00   0.000000e+00  -8.793825e-04
 0.000000e+00   0.000000e+00   5.605719e-03   0.000000e+00   0.000000e+00   4.069717e-03  -3.324873e-02   1.319452e-02   0.000000e+00
 0.000000e+00   0.000000e+00  -4.264340e-02   0.000000e+00   0.000000e+00  -3.324873e-02   3.879862e-01  -6.795405e-02   0.000000e+00
 0.000000e+00   0.000000e+00   5.378226e-02   0.000000e+00   0.000000e+00   1.319452e-02  -6.795405e-02   3.283335e-01   0.000000e+00
 1.539498e-02  -2.376518e-02   0.000000e+00   1.455038e-02  -8.793825e-04   0.000000e+00   0.000000e+00   0.000000e+00   2.006667e-01

# timestamp: 1774889974.2577329
 2.915791e-03  -2.204281e-03   0.000000e+00   1.840303e-03  -1.174522e-05   0.000000e+00   0.000000e+00   0.000000e+00   1.572899e-02
-2.204281e-03   4.564059e-03   0.000000e+00  -2.077465e-03   4.022193e-04   0.000000e+00   0.000000e+00   0.000000e+00  -2.378506e-02
 0.000000e+00   0.000000e+00   1.410841e-02   0.000000e+00   0.000000e+00   5.732278e-03  -4.340606e-02   5.408396e-02   0.000000e+00
 1.840303e-03  -2.077465e-03   0.000000e+00   1.841988e-03  -6.386868e-06   0.000000e+00   0.000000e+00   0.000000e+00   1.474188e-02
-1.174522e-05   4.022193e-04   0.000000e+00  -6.386868e-06   4.257064e-04   0.000000e+00   0.000000e+00   0.000000e+00  -8.501201e-04
 0.000000e+00   0.000000e+00   5.732278e-03   0.000000e+00   0.000000e+00   4.131499e-03  -3.360780e-02   1.321114e-02   0.000000e+00
 0.000000e+00   0.000000e+00  -4.340606e-02   0.000000e+00   0.000000e+00  -3.360780e-02   3.902718e-01  -6.795405e-02   0.000000e+00
 0.000000e+00   0.000000e+00   5.408396e-02   0.000000e+00   0.000000e+00   1.321114e-02  -6.795405e-02   3.306191e-01   0.000000e+00
 1.572899e-02  -2.378506e-02   0.000000e+00   1.474188e-02  -8.501201e-04   0.000000e+00   0.000000e+00   0.000000e+00   2.029524e-01

# timestamp: 1774889974.2900937
 2.739451e-03  -2.171198e-03   0.000000e+00   1.763087e-03  -2.331614e-05   0.000000e+00   0.000000e+00   0.000000e+00   1.553609e-02
-2.171198e-03   4.513467e-03   0.000000e+00  -2.068252e-03   3.968100e-04   0.000000e+00   0.000000e+00   0.000000e+00  -2.419789e-02
 0.000000e+00   0.000000e+00   1.375464e-02   0.000000e+00   0.000000e+00   5.512976e-03  -4.229410e-02   5.492355e-02   0.000000e+00
 1.763087e-03  -2.068252e-03   0.000000e+00   1.807614e-03  -1.445567e-05   0.000000e+00   0.000000e+00   0.000000e+00   1.463349e-02
-2.331614e-05   3.968100e-04   0.000000e+00  -1.445567e-05   4.226087e-04   0.000000e+00   0.000000e+00   0.000000e+00  -1.019802e-03
 0.000000e+00   0.000000e+00   5.512976e-03   0.000000e+00   0.000000e+00   4.006501e-03  -3.294848e-02   1.344053e-02   0.000000e+00
 0.000000e+00   0.000000e+00  -4.229410e-02   0.000000e+00   0.000000e+00  -3.294848e-02   3.871979e-01  -6.887541e-02   0.000000e+00
 0.000000e+00   0.000000e+00   5.492355e-02   0.000000e+00   0.000000e+00   1.344053e-02  -6.887541e-02   3.344166e-01   0.000000e+00
 1.553609e-02  -2.419789e-02   0.000000e+00   1.463349e-02  -1.019802e-03   0.000000e+00   0.000000e+00   0.000000e+00   2.005975e-01

