timestamp,yaw,pitch,roll,ax,ay,az,gx,gy,gz,mx,my,mz
1773080187.392221,-0.04298337673080366,0.6910816365393178,-7.117933084578367,-0.11860374524426603,-1.2246192886420675,9.767116871759846,0.0,0.0,0.001090830782496456,-7.6875,21.1875,15.375
1773080187.4062245,-0.04298337673080366,0.6910816365393178,-7.117933084578367,-0.12241591976456602,-1.2264191966977802,9.77142642207015,0.001090830782496456,0.003272492347489368,0.0,-7.6875,21.25,15.375
1773080187.4234726,-0.04298337673080366,0.6910816365393178,-7.117933084578367,-0.11826265590840723,-1.2242719036952472,9.774294379660825,0.0,0.004363323129985824,0.0,-7.6875,21.25,15.375
1773080187.4355276,-0.04298337673080366,0.6910816365393178,-7.117933084578367,-0.11826265590840723,-1.2242719036952472,9.774294379660825,0.0,0.004363323129985824,0.0,-7.6875,21.25,15.375
1773080187.449017,0.019986574909559584,0.688035151541127,-7.166794891070506,-0.11549870520713076,-1.2261880158962153,9.776202973400235,-0.05781403147231216,-0.018544123302439753,0.08617563181722002,-7.6875,21.25,15.375
1773080187.466697,0.019986574909559584,0.688035151541127,-7.166794891070506,-0.11549870520713076,-1.2261880158962153,9.776202973400235,-0.05781403147231216,-0.018544123302439753,0.08617563181722002,-7.6875,21.25,15.375
1773080187.4917235,0.34119595165884303,0.7013101730331369,-7.220748691028427,-0.05344731615903474,-1.3646127471616787,9.777473121213422,-0.020725784867432664,-0.008726646259971648,0.14508049407202864,-8.375,21.0,16.1875
1773080187.507561,0.34119595165884303,0.7013101730331369,-7.220748691028427,-0.05344731615903474,-1.3646127471616787,9.777473121213422,-0.020725784867432664,-0.008726646259971648,0.14508049407202864,-8.375,21.0,16.1875
1773080187.524021,0.45806626953842483,0.7367531085570129,-7.2270068521435595,-0.012152809906960292,-1.55374109902554,9.731486826492146,-0.007635815477475192,0.032724923474893676,0.08726646259971647,-8.375,21.0,16.1875
1773080187.5394857,-19.41843640192423,0.7488555132841174,-7.2071746266384995,-0.18203336801790826,-1.6796039044888191,9.700883461055708,0.007635815477475192,-0.008726646259971648,-0.05999569303730508,-8.375,21.0,16.1875
1773080187.557995,-19.41843640192423,0.7488555132841174,-7.2071746266384995,-0.18203336801790826,-1.6796039044888191,9.700883461055708,0.007635815477475192,-0.008726646259971648,-0.05999569303730508,-8.375,21.0,16.1875
1773080187.5791101,-19.41843640192423,0.7488555132841174,-7.2071746266384995,-0.18203336801790826,-1.6796039044888191,9.700883461055708,0.007635815477475192,-0.008726646259971648,-0.05999569303730508,-8.375,21.0,16.1875
1773080187.6182468,-19.582967131296833,0.7684756710835086,-7.199159947910386,-0.2950869817505679,-1.7299130784717767,9.657101481268516,0.026179938779914945,-0.004363323129985824,-0.018544123302439753,-7.6875,19.5,15.375
1773080187.633769,-19.582967131296833,0.7684756710835086,-7.199159947910386,-0.2950869817505679,-1.7299130784717767,9.657101481268516,0.026179938779914945,-0.004363323129985824,-0.018544123302439753,-7.6875,19.5,15.375
1773080187.6622741,-19.51924325469438,0.7656601001643335,-7.197722655687378,-0.16292597294423747,-1.6931459259134314,9.658071068162773,-0.007635815477475192,-0.003272492347489368,0.037088246604879506,-7.6875,19.5,15.375
1773080187.7091715,-19.47052021994349,0.781338093676786,-7.206637962228234,-0.07497429791882664,-1.4445553122114592,9.658716317409906,-0.004363323129985824,0.003272492347489368,0.030543261909900768,-8.375,12.0625,14.1875
1773080187.7705321,-19.420728777232082,0.7844358736447261,-7.2062177964137675,-0.039859222625236654,-1.228944360122114,9.659145723575968,-0.002181661564992912,-0.001090830782496456,0.030543261909900768,-8.375,12.0625,14.1875
1773080187.8171687,-19.343226474883693,0.7985774221577268,-7.193060752918956,-0.02987097910772316,-1.0854576800388034,9.696227717363213,0.01090830782496456,-0.001090830782496456,0.028361600344907856,-7.25,7.6875,13.375
1773080187.840293,-19.308931137819282,0.8030328482166544,-7.2218065271508145,-0.043294584866725105,-1.1739500411971664,9.720905369995611,-0.019634954084936207,-0.004363323129985824,0.016362461737446838,-7.25,7.6875,13.375
1773080187.9044168,-19.236884631279853,0.8005327541937294,-7.219833095538741,-0.05222784454783932,-1.232840719023612,9.73732807215503,-0.001090830782496456,0.0,0.0545415391248228,-6.875,3.6875,11.375
1773080187.9534428,-19.145624989504952,0.8075945845092323,-7.212595265465261,-0.08158861102580728,-1.2954475892163713,9.761637643817798,-0.00545415391248228,-0.00545415391248228,0.05235987755982989,-6.875,3.6875,11.375
1773080188.0413382,-19.145624989504952,0.8075945845092323,-7.212595265465261,-0.08158861102580728,-1.2954475892163713,9.761637643817798,-0.00545415391248228,-0.00545415391248228,0.05235987755982989,-6.875,3.6875,11.375
1773080188.071564,-18.953821136150193,0.8092489356214526,-7.230672925170031,-0.11413103380187958,-1.3057694099977781,9.777439010674776,-0.009817477042468103,-0.007635815477475192,0.037088246604879506,-7.6875,-1.5,7.0
1773080188.3226173,-18.860693641622753,0.8012679251260594,-7.227632115362825,-0.11413103380187958,-1.3057694099977781,9.777439010674776,-0.009817477042468103,-0.007635815477475192,0.037088246604879506,-7.6875,-1.5,7.0
1773080188.3516083,0.0,0.0,0.0,-0.10271382172652148,-1.2737334725391143,9.781640801919508,-0.003272492347489368,-0.004363323129985824,0.038179077387375956,-6.5,-11.6875,-4.5625
1773080188.3992634,-18.258032151051342,0.8308324096886,-7.144057145312894,-0.06835490097043118,-1.2524139140252433,9.791127270470433,0.04036073895236887,-0.018544123302439753,0.16471544815696484,-6.5,-11.6875,-4.5625
1773080188.4321089,-18.189197742257278,0.8672703476061272,-7.120417432943076,-0.07225031668010161,-0.7966712406231766,10.021562893710675,0.004363323129985824,0.019634954084936207,-0.01090830782496456,-6.5,-10.5625,-6.5625
1773080188.4640396,-18.189197742257278,0.8672703476061272,-7.120417432943076,-0.07225031668010161,-0.7966712406231766,10.021562893710675,0.004363323129985824,0.019634954084936207,-0.01090830782496456,-6.5,-10.5625,-6.5625
1773080188.4859035,-18.18119646851919,0.8303922431219123,-7.2207002408796,-0.07149756061292321,-0.4933795824533388,9.95079274245208,-0.04690572364734761,-0.017453292519943295,0.014180800172453928,-6.5,-10.5625,-6.5625
1773080188.5341911,-18.180992946610836,0.8438845875453037,-7.180145272653867,-0.23825219522502145,-0.8334504685168644,9.890315550514597,0.030543261909900768,0.00545415391248228,0.025089107997418487,-8.375,-11.375,-5.6875
1773080188.5668256,-18.202110090920463,0.8368188506478274,-7.172434347944097,-0.18196995642208086,-1.0597638443514326,9.8500686548547,-0.013089969389957472,0.00545415391248228,0.018544123302439753,-8.375,-11.375,-5.6875
1773080188.6166615,-18.202110090920463,0.8368188506478274,-7.172434347944097,-0.18196995642208086,-1.0597638443514326,9.8500686548547,-0.013089969389957472,0.00545415391248228,0.018544123302439753,-8.375,-11.375,-5.6875
1773080188.6404035,-18.138488069105932,0.8363650215780941,-7.199572455929325,-0.2615936649687049,-1.1903021976393657,9.78648856659981,-0.018544123302439753,-0.01090830782496456,0.04363323129985824,-6.5,-11.0,-5.1875
1773080188.6784623,-18.201859120765388,0.8277230672794178,-7.185203481658813,-0.17743277355128434,-1.190201109153229,9.797698515419413,0.018544123302439753,0.004363323129985824,-0.020725784867432664,-6.5,-11.0,-5.1875
1773080188.710686,-18.201859120765388,0.8277230672794178,-7.185203481658813,-0.17743277355128434,-1.190201109153229,9.797698515419413,0.018544123302439753,0.004363323129985824,-0.020725784867432664,-6.5,-11.0,-5.1875
1773080188.726557,-18.187273325653077,0.8296728633390777,-7.178021384130309,-0.15153064581762316,-1.1901338358949374,9.805158611135525,-0.003272492347489368,-0.004363323129985824,0.013089969389957472,-7.25,-11.0,-4.0
1773080188.7488046,-18.17314120611374,0.8272235576045923,-7.198622562438373,-0.13429306915659717,-1.190089066293036,9.810123221499868,-0.009817477042468103,-0.003272492347489368,0.008726646259971648,-7.25,-11.0,-4.0
1773080188.8152776,-18.209095813517152,0.8272982705861431,-7.185321660051792,-0.12951187785967128,-1.2736870653060643,9.753215103507259,0.013089969389957472,0.00545415391248228,-0.018544123302439753,-7.25,-11.375,-4.375
1773080188.8581393,-18.209095813517152,0.8272982705861431,-7.185321660051792,-0.12633004846097343,-1.3293205997983972,9.715343386688508,0.002181661564992912,0.0,0.001090830782496456,-7.25,-11.375,-4.375
1773080188.8975284,-18.180376884885966,0.8267979071022461,-7.198740737382225,-0.12086746483218391,-1.3094771965113146,9.726936410980938,-0.01090830782496456,0.0,0.014180800172453928,-6.5,-11.6875,-5.6875
1773080188.928017,-18.19496215329811,0.8248459777999587,-7.205923132460511,-0.1172321764482819,-1.2962716332891,9.734651439144985,0.004363323129985824,0.006544984694978736,-0.014180800172453928,-6.5,-11.6875,-5.6875
1773080188.9429135,-18.202198580389165,0.824419900621195,-7.2060413053693635,-0.11481293263762718,-1.287483478480523,9.739785704205646,0.006544984694978736,0.00545415391248228,-0.009817477042468103,-7.25,-11.0,-5.1875
1773080188.9625738,-18.19496215329811,0.8248459777999587,-7.205923132460511,-0.10316761778440241,-1.2113877137718294,9.78668895244517,-0.002181661564992912,-0.004363323129985824,0.009817477042468103,-7.25,-11.0,-5.1875
1773080188.988679,-18.19496215329811,0.8248459777999587,-7.205923132460511,-0.10316761778440241,-1.2113877137718294,9.78668895244517,-0.002181661564992912,-0.004363323129985824,0.009817477042468103,-7.25,-11.0,-5.1875
1773080189.0067666,-18.19496215329811,0.8248459777999587,-7.205923132460511,-0.09541779083627189,-1.1607468324035832,9.81790254020496,-0.007635815477475192,-0.001090830782496456,0.007635815477475192,-7.25,-11.0,-5.1875
1773080189.0318913,-18.19496215329811,0.8248459777999587,-7.205923132460511,-0.10029570269548858,-1.220709019353669,9.78180793515605,-0.002181661564992912,0.002181661564992912,0.002181661564992912,-7.25,-10.5625,-5.6875
1773080189.0558493,-18.19496215329811,0.8248459777999587,-7.205923132460511,-0.10029570269548858,-1.220709019353669,9.78180793515605,-0.002181661564992912,0.002181661564992912,0.002181661564992912,-7.25,-10.5625,-5.6875
1773080189.0914068,-18.194848995417484,0.8259466062344328,-7.198977087085214,-0.1035418985479515,-1.2606131849474342,9.757787378699156,0.006544984694978736,0.00545415391248228,-0.009817477042468103,-7.25,-10.5625,-5.6875
1773080189.1071606,-18.194848995417484,0.8259466062344328,-7.198977087085214,-0.10570220562538188,-1.2436825091961958,9.758527525240888,-0.002181661564992912,0.002181661564992912,0.003272492347489368,-6.5,-9.875,-4.875
1773080189.119482,-18.194848995417484,0.8259466062344328,-7.198977087085214,-0.10570220562538188,-1.2436825091961958,9.758527525240888,-0.002181661564992912,0.002181661564992912,0.003272492347489368,-6.5,-9.875,-4.875
1773080189.133309,-18.194848995417484,0.8259466062344328,-7.198977087085214,-0.10713986585320052,-1.2324153336117871,9.76905541961839,-0.00545415391248228,0.002181661564992912,0.009817477042468103,-6.5,-9.875,-4.875
1773080189.1452174,-18.194848995417484,0.8259466062344328,-7.198977087085214,-0.10713986585320052,-1.2324153336117871,9.76905541961839,-0.00545415391248228,0.002181661564992912,0.009817477042468103,-6.5,-9.875,-4.875
1773080189.1603696,-18.19496215329811,0.8248459777999587,-7.205923132460511,-0.11813194779705496,-1.2349524892449193,9.776061615722332,-0.003272492347489368,-0.001090830782496456,0.002181661564992912,-6.5,-9.875,-4.875
1773080189.183576,-18.195075311031825,0.8237453496698806,-7.212869280264156,-0.12879216724840864,-1.2734371667573967,9.76065349072125,0.00545415391248228,0.003272492347489368,-0.008726646259971648,-6.5,-11.0,-4.875
1773080189.1966724,-18.195075311031825,0.8237453496698806,-7.212869280264156,-0.12879216724840864,-1.2734371667573967,9.76065349072125,0.00545415391248228,0.003272492347489368,-0.008726646259971648,-6.5,-11.0,-4.875
1773080189.2111104,-18.19496215329811,0.8248459777999587,-7.205923132460511,-0.1358864242108306,-1.2990482897399342,9.750399555653065,0.002181661564992912,0.003272492347489368,-0.004363323129985824,-6.5,-11.0,-4.875
1773080189.2231014,-18.19496215329811,0.8248459777999587,-7.205923132460511,-0.1358864242108306,-1.2990482897399342,9.750399555653065,0.002181661564992912,0.003272492347489368,-0.004363323129985824,-6.5,-11.0,-4.875
1773080189.236984,-18.194370375851012,0.8190529544031618,-7.197855336895042,-0.11719179102004391,-1.242499748428797,9.78037190518966,-0.001090830782496456,-0.001090830782496456,0.004363323129985824,-6.5,-11.0,-4.875
1773080189.2582314,-18.194370375851012,0.8190529544031618,-7.197855336895042,-0.10475072146431143,-1.2048673258748317,9.800318168993183,-0.004363323129985824,0.001090830782496456,0.00545415391248228,-7.25,-11.6875,-4.875
1773080189.2818558,-18.194370375851012,0.8190529544031618,-7.197855336895042,-0.10475072146431143,-1.2048673258748317,9.800318168993183,-0.004363323129985824,0.001090830782496456,0.00545415391248228,-7.25,-11.6875,-4.875
1773080189.2986383,-18.194483128274655,0.8179523278685377,-7.204801370772906,-0.10650666377278264,-1.2166195978273855,9.790176402788825,0.002181661564992912,0.003272492347489368,-0.003272492347489368,-7.25,-11.6875,-4.875
1773080189.312143,-18.194483128274655,0.8179523278685377,-7.204801370772906,-0.10650666377278264,-1.2166195978273855,9.790176402788825,0.002181661564992912,0.003272492347489368,-0.003272492347489368,-7.25,-11.6875,-4.875
1773080189.3315878,-18.194483128274655,0.8179523278685377,-7.204801370772906,-0.10767522376390941,-1.2244406035303304,9.783427170670777,0.004363323129985824,0.002181661564992912,-0.004363323129985824,-7.25,-11.6875,-4.875
1773080189.3546016,-18.193892024441666,0.8121593144294214,-7.196733697511704,-0.10176266396969509,-1.2095747252153657,9.795661190626674,0.0,0.001090830782496456,0.002181661564992912,-7.25,-11.375,-4.5
1773080189.3876457,-18.193892024441666,0.8121593144294214,-7.196733697511704,-0.097827921474266,-1.1996816492594984,9.803802794244367,-0.004363323129985824,0.001090830782496456,0.002181661564992912,-7.25,-11.375,-4.5
1773080189.4012203,-18.193892024441666,0.8121593144294214,-7.196733697511704,-0.097827921474266,-1.1996816492594984,9.803802794244367,-0.004363323129985824,0.001090830782496456,0.002181661564992912,-7.25,-11.375,-4.5
1773080189.4161844,-18.194004371408816,0.8110586897787044,-7.203679719989514,-0.10524472941946975,-1.2332392582116007,9.792495381967672,0.0,0.001090830782496456,-0.001090830782496456,-7.25,-10.1875,-5.1875
1773080189.428434,-18.194004371408816,0.8110586897787044,-7.203679719989514,-0.10524472941946975,-1.2332392582116007,9.792495381967672,0.0,0.001090830782496456,-0.001090830782496456,-7.25,-10.1875,-5.1875
1773080189.4422262,-18.194004371408816,0.8110586897787044,-7.203679719989514,-0.11018053225582945,-1.2555714721061708,9.784970425409604,0.003272492347489368,0.002181661564992912,-0.004363323129985824,-7.25,-10.1875,-5.1875
1773080189.4573593,-18.193413941167904,0.8052656862133574,-7.195612168885748,-0.10008480707761891,-1.243672417327277,9.79334309770876,0.0,0.001090830782496456,-0.001090830782496456,-7.25,-10.1875,-5.1875
1773080189.4973931,-18.193413941167904,0.8052656862133574,-7.195612168885748,-0.10008480707761891,-1.243672417327277,9.79334309770876,0.0,0.001090830782496456,-0.001090830782496456,-7.25,-10.1875,-5.1875
1773080189.512804,-18.193413941167904,0.8052656862133574,-7.195612168885748,-0.09336621474815948,-1.2357537292930745,9.79891501759497,-0.003272492347489368,0.0,0.003272492347489368,-7.25,-11.375,-5.1875
1773080189.5265129,-18.193525882679033,0.8041650634306055,-7.202558180060876,-0.0989304017264563,-1.247209489400451,9.789242621207542,0.001090830782496456,0.004363323129985824,0.0,-7.25,-11.375,-5.1875
1773080189.5448234,-18.193525882679033,0.8041650634306055,-7.202558180060876,-0.10597841771179103,-1.2615233931973235,9.782805749459456,0.0,0.003272492347489368,-0.00545415391248228,-7.25,-11.375,-5.1875
1773080189.5613089,-18.193525882679033,0.8041650634306055,-7.202558180060876,-0.10597841771179103,-1.2615233931973235,9.782805749459456,0.0,0.003272492347489368,-0.00545415391248228,-7.25,-11.375,-5.1875
1773080189.5871537,-18.193525882679033,0.8041650634306055,-7.202558180060876,-0.10732368191121465,-1.27104913627736,9.778522083215673,0.001090830782496456,0.003272492347489368,-0.003272492347489368,-7.6875,-10.5625,-6.0
1773080189.6210246,-18.193525882679033,0.8041650634306055,-7.202558180060876,-0.11156405191566468,-1.2640079650583242,9.775671351182122,-0.003272492347489368,0.001090830782496456,0.002181661564992912,-7.6875,-10.5625,-6.0
1773080189.6434875,-18.193525882679033,0.8041650634306055,-7.202558180060876,-0.11156405191566468,-1.2640079650583242,9.775671351182122,-0.003272492347489368,0.001090830782496456,0.002181661564992912,-7.6875,-10.5625,-6.0
1773080189.6605673,-18.193525882679033,0.8041650634306055,-7.202558180060876,-0.11438597078558954,-1.259322144267092,9.77377422085856,-0.002181661564992912,0.001090830782496456,-0.001090830782496456,-7.6875,-10.5625,-6.0
1773080189.6811843,-18.193525882679033,0.8041650634306055,-7.202558180060876,-0.11626392627062529,-1.2562037828745751,9.772511701820562,0.001090830782496456,0.002181661564992912,-0.003272492347489368,-7.6875,-10.5625,-6.0
1773080189.703523,-18.193525882679033,0.8041650634306055,-7.202558180060876,-0.11626392627062529,-1.2562037828745751,9.772511701820562,0.001090830782496456,0.002181661564992912,-0.003272492347489368,-7.6875,-10.5625,-6.0
1773080189.7248666,-18.193525882679033,0.8041650634306055,-7.202558180060876,-0.11082346125314049,-1.2407481013729567,9.781706844625996,-0.001090830782496456,0.003272492347489368,0.0,-8.0,-10.5625,-4.875
1773080189.7378168,-18.193525882679033,0.8041650634306055,-7.202558180060876,-0.11082346125314049,-1.2407481013729567,9.781706844625996,-0.001090830782496456,0.003272492347489368,0.0,-8.0,-10.5625,-4.875
1773080189.7585318,-18.193047662063766,0.7972714487243888,-7.201436750937549,-0.1072028925579807,-1.2304625179849047,9.787826109446534,-0.001090830782496456,-0.002181661564992912,0.001090830782496456,-8.0,-10.5625,-4.875
1773080189.783738,-18.193047662063766,0.7972714487243888,-7.201436750937549,-0.11148366795039297,-1.2403431356742478,9.77517285329134,0.0,0.001090830782496456,0.0,-7.25,-10.1875,-5.6875
1773080189.8059459,-18.193047662063766,0.7972714487243888,-7.201436750937549,-0.11148366795039297,-1.2403431356742478,9.77517285329134,0.0,0.001090830782496456,0.0,-7.25,-10.1875,-5.6875
1773080189.8344438,-18.193047662063766,0.7972714487243888,-7.201436750937549,-0.11433247615464895,-1.2469185763727741,9.76675225266619,0.002181661564992912,-0.001090830782496456,-0.002181661564992912,-7.25,-10.1875,-5.6875
1773080189.847738,-18.193047662063766,0.7972714487243888,-7.201436750937549,-0.11433247615464895,-1.2469185763727741,9.76675225266619,0.002181661564992912,-0.001090830782496456,-0.002181661564992912,-7.25,-10.1875,-5.6875
1773080189.8621964,-18.193047662063766,0.7972714487243888,-7.201436750937549,-0.10953810277666974,-1.2379140118758805,9.767838660429064,0.0,-0.001090830782496456,0.003272492347489368,-7.25,-11.6875,-5.1875
1773080189.8757353,-18.193047662063766,0.7972714487243888,-7.201436750937549,-0.1063475008502844,-1.231921574790774,9.768561652659287,-0.002181661564992912,-0.001090830782496456,0.0,-7.25,-11.6875,-5.1875
1773080189.8951786,-18.193047662063766,0.7972714487243888,-7.201436750937549,-0.1063475008502844,-1.231921574790774,9.768561652659287,-0.002181661564992912,-0.001090830782496456,0.0,-7.25,-11.6875,-5.1875
1773080189.9092352,-18.193047662063766,0.7972714487243888,-7.201436750937549,-0.11091441432427256,-1.24800434509446,9.769042795912148,0.0,0.0,-0.001090830782496456,-7.25,-11.6875,-5.1875
1773080189.9283717,-18.193047662063766,0.7972714487243888,-7.201436750937549,-0.11395364422544547,-1.2587072490752473,9.772708103079523,0.001090830782496456,0.002181661564992912,-0.003272492347489368,-7.6875,-11.375,-6.0
1773080189.9421737,-18.193047662063766,0.7972714487243888,-7.201436750937549,-0.10928599435961475,-1.2424141301639542,9.778492435762569,0.002181661564992912,0.0,0.001090830782496456,-7.6875,-11.375,-6.0
1773080189.969803,-18.193047662063766,0.7972714487243888,-7.201436750937549,-0.10928599435961475,-1.2424141301639542,9.778492435762569,0.002181661564992912,0.0,0.001090830782496456,-7.6875,-11.375,-6.0
1773080189.9993303,-18.193047662063766,0.7972714487243888,-7.201436750937549,-0.10617972551496985,-1.2315712415345523,9.782341844547906,-0.002181661564992912,-0.003272492347489368,0.001090830782496456,-5.875,-10.5625,-6.0
1773080190.0128543,-18.193047662063766,0.7972714487243888,-7.201436750937549,-0.10617972551496985,-1.2315712415345523,9.782341844547906,-0.002181661564992912,-0.003272492347489368,0.001090830782496456,-5.875,-10.5625,-6.0
1773080190.026753,-18.193047662063766,0.7972714487243888,-7.201436750937549,-0.10745765000547464,-1.234390755396646,9.784903583093833,0.001090830782496456,-0.001090830782496456,0.0,-5.875,-10.5625,-6.0
1773080190.043237,-18.193047662063766,0.7972714487243888,-7.201436750937549,-0.10830809447855365,-1.2362671103758358,9.783263279772333,0.002181661564992912,0.002181661564992912,-0.002181661564992912,-5.875,-10.5625,-6.0
1773080190.0696833,-18.193047662063766,0.7972714487243888,-7.201436750937549,-0.10830809447855365,-1.2362671103758358,9.783263279772333,0.002181661564992912,0.002181661564992912,-0.002181661564992912,-5.875,-10.5625,-6.0
1773080190.1012018,-18.193047662063766,0.7972714487243888,-7.201436750937549,-0.1088740557753005,-1.237515803654228,9.782171676235263,0.001090830782496456,0.002181661564992912,-0.001090830782496456,-8.0,-11.6875,-5.6875
1773080190.120182,-18.193047662063766,0.7972714487243888,-7.201436750937549,-0.1088740557753005,-1.237515803654228,9.782171676235263,0.001090830782496456,0.002181661564992912,-0.001090830782496456,-8.0,-11.6875,-5.6875
1773080190.1597764,-18.193047662063766,0.7972714487243888,-7.201436750937549,-0.1092506966960836,-1.2383467950821803,9.781445226275354,-0.001090830782496456,0.001090830782496456,-0.001090830782496456,-8.0,-11.6875,-5.6875
1773080190.21894,-18.193047662063766,0.7972714487243888,-7.201436750937549,-0.10281112360687122,-1.2255193637654225,9.790997117063972,0.001090830782496456,0.002181661564992912,0.0,-7.6875,-11.375,-5.1875
1773080190.2537794,-18.193047662063766,0.7972714487243888,-7.201436750937549,-0.10187077135806455,-1.2303632983451944,9.790663570267546,0.0,0.002181661564992912,0.001090830782496456,-7.6875,-11.375,-5.1875
1773080190.2883008,-18.193047662063766,0.7972714487243888,-7.201436750937549,-0.10187077135806455,-1.2303632983451944,9.790663570267546,0.0,0.002181661564992912,0.001090830782496456,-7.6875,-11.375,-5.1875
1773080190.3379958,-18.193047662063766,0.7972714487243888,-7.201436750937549,-0.1012449774409066,-1.2235515475757797,9.793786710307806,0.003272492347489368,0.0,0.0,-7.6875,-11.0,-5.6875
1773080190.3843415,-18.193047662063766,0.7972714487243888,-7.201436750937549,-0.10417363028693347,-1.229053738652934,9.79252001340952,-0.001090830782496456,-0.001090830782496456,0.0,-7.6875,-11.0,-5.6875
1773080190.4079974,-18.193047662063766,0.7972714487243888,-7.201436750937549,-0.10612261604076846,-1.2293702736439596,9.791677040773642,0.0,0.001090830782496456,0.001090830782496456,-7.6875,-11.375,-4.875
1773080190.4240167,-18.193047662063766,0.7972714487243888,-7.201436750937549,-0.10612261604076846,-1.2293702736439596,9.791677040773642,0.0,0.001090830782496456,0.001090830782496456,-7.6875,-11.375,-4.875
1773080190.4400396,-18.193047662063766,0.7972714487243888,-7.201436750937549,-0.10741964428834824,-1.2295809241445594,9.791116051901087,0.001090830782496456,0.0,0.001090830782496456,-7.6875,-11.375,-4.875
1773080190.452259,-18.193047662063766,0.7972714487243888,-7.201436750937549,-0.10493769039103834,-1.226375997992269,9.787397608365737,0.0,-0.001090830782496456,-0.001090830782496456,-7.6875,-11.375,-4.875
1773080190.4846213,-18.193047662063766,0.7972714487243888,-7.201436750937549,-0.10493769039103834,-1.226375997992269,9.787397608365737,0.0,-0.001090830782496456,-0.001090830782496456,-7.6875,-11.375,-4.875
1773080190.505294,-18.193047662063766,0.7972714487243888,-7.201436750937549,-0.09994086609030088,-1.2242431554392905,9.784923025730697,-0.001090830782496456,0.0,0.001090830782496456,-7.6875,-12.0625,-6.5
1773080190.5188882,-18.193047662063766,0.7972714487243888,-7.201436750937549,-0.09994086609030088,-1.2242431554392905,9.784923025730697,-0.001090830782496456,0.0,0.001090830782496456,-7.6875,-12.0625,-6.5
1773080190.543466,-18.193047662063766,0.7972714487243888,-7.201436750937549,-0.0999606470436643,-1.2295139959603347,9.783276218629977,0.0,-0.001090830782496456,-0.001090830782496456,-7.6875,-12.0625,-6.5
1773080190.5563693,-18.193047662063766,0.7972714487243888,-7.201436750937549,-0.0999606470436643,-1.2295139959603347,9.783276218629977,0.0,-0.001090830782496456,-0.001090830782496456,-7.6875,-12.0625,-6.5
1773080190.590931,0.000524235275150597,0.7972480853493924,-7.201226267243793,0.28999747764958667,-1.2025966459178585,9.78552539860781,0.0006957212899939887,0.0013768788903650029,-0.002181661564992912,-3.8687853413487696,-12.850297904428711,-4.375
1773080190.9342043,0.000524235275150597,0.7972480853493924,-7.201226267243793,0.29295499035703815,-1.2009408407325677,9.791644142158942,0.0010363000901794958,0.000340578800185507,-0.002181661564992912,-3.8687853413487696,-12.850297904428711,-5.1875
1773080191.2185404,0.000524235275150597,0.7972480853493924,-7.201226267243793,0.28509825390535526,-1.2128992402980387,9.78480437277863,-0.000681157600371014,0.0020726001803589916,-0.001090830782496456,-3.8687853413487696,-12.850297904428711,-5.1875
1773080191.2568853,0.000524235275150597,0.7972480853493924,-7.201226267243793,0.28745759869891135,-1.2116732750345094,9.783197256415818,0.0010363000901794958,0.000340578800185507,-0.002181661564992912,-3.8687853413487696,-12.850297904428711,-5.1875
1773080191.3165646,0.000524235275150597,0.7972480853493924,-7.201226267243793,0.2890277163034146,-1.21085740884656,9.778782626721712,-0.00171745769055051,0.0017320213801734845,-0.002181661564992912,-2.8772446281946595,-12.063907725091608,-5.1875
1773080191.36096,0.000524235275150597,0.7972480853493924,-7.201226267243793,0.2900726120298487,-1.210314459012302,9.77584473997493,0.0013768788903650029,-0.0006957212899939887,-0.002181661564992912,-2.8772446281946595,-12.063907725091608,-5.1875
1773080191.464768,0.000524235275150597,0.7972480853493924,-7.201226267243793,0.28654567948772675,-1.2078196521696114,9.773889609163293,0.000340578800185507,-0.0010363000901794958,0.0,-3.751702974295216,-13.206551633286582,-5.6875
1773080191.4911988,0.000524235275150597,0.7972480853493924,-7.201226267243793,0.2841985452793626,-1.2061593860846194,9.779278714863029,-0.0006957212899939887,-0.0013768788903650029,0.0,-3.751702974295216,-13.206551633286582,-5.6875
1773080191.578803,0.000524235275150597,0.7972480853493924,-7.201226267243793,0.28477495510852546,-1.2032747969836928,9.780799537802965,0.000340578800185507,-0.0010363000901794958,0.0,-3.096902262156717,-12.596619442479344,-4.5
1773080191.6110842,0.000524235275150597,0.7972480853493924,-7.201226267243793,0.28477495510852546,-1.2032747969836928,9.780799537802965,0.000340578800185507,-0.0010363000901794958,0.0,-3.096902262156717,-12.596619442479344,-4.5
1773080191.6673617,0.000524235275150597,0.7972480853493924,-7.201226267243793,0.2871450827177543,-1.201302240567836,9.775901826662066,0.0,0.0,0.0,-4.165663448730328,-12.947866543640005,-4.5
1773080191.6887634,0.000524235275150597,0.7972480853493924,-7.201226267243793,0.2782416626642203,-1.2039109406505704,9.773927599715881,0.00171745769055051,-0.0017320213801734845,-0.003272492347489368,-4.165663448730328,-12.947866543640005,-4.5
1773080191.7110562,0.000524235275150597,0.7972480853493924,-7.201226267243793,0.2782416626642203,-1.2039109406505704,9.773927599715881,0.00171745769055051,-0.0017320213801734845,-0.003272492347489368,-4.165663448730328,-12.947866543640005,-4.5
1773080191.7436318,0.000524235275150597,0.7972480853493924,-7.201226267243793,0.2828946138210787,-1.205691662025005,9.772613773736754,-0.0006957212899939887,-0.0013768788903650029,-0.001090830782496456,-4.775595639537564,-12.293065831501506,-6.0
1773080191.8022692,0.000524235275150597,0.7972480853493924,-7.201226267243793,0.28599110083909796,-1.2068767122077304,9.771739437224044,-0.0006957212899939887,-0.0013768788903650029,0.0,-4.775595639537564,-12.293065831501506,-6.0
1773080191.850256,0.000524235275150597,0.7972480853493924,-7.201226267243793,0.2880517783595633,-1.207665349866456,9.767812464334495,-0.0006957212899939887,-0.0013768788903650029,-0.001090830782496456,-3.5897520859104,-12.298072459198716,-5.1875
1773080191.8927143,0.000524235275150597,0.7972480853493924,-7.201226267243793,0.28837872663881947,-1.2050122900342017,9.765199107743662,0.0,0.0,-0.001090830782496456,-3.5897520859104,-12.298072459198716,-5.1875
1773080191.9096904,0.000524235275150597,0.7972480853493924,-7.201226267243793,0.28837872663881947,-1.2050122900342017,9.765199107743662,0.0,0.0,-0.001090830782496456,-3.5897520859104,-12.298072459198716,-5.1875
1773080191.9290564,0.000524235275150597,0.7972480853493924,-7.201226267243793,0.28541841768193643,-1.2042911179437938,9.776840394954846,0.0006957212899939887,0.0013768788903650029,-0.002181661564992912,-3.2334983570525293,-12.180990092145162,-5.1875
1773080191.9468143,0.000524235275150597,0.7972480853493924,-7.201226267243793,0.2876706641157623,-1.2059446657667867,9.78458754155219,-0.0006957212899939887,-0.0013768788903650029,0.0,-3.2334983570525293,-12.180990092145162,-5.1875
1773080191.9650025,0.000524235275150597,0.7972480853493924,-7.201226267243793,0.2876706641157623,-1.2059446657667867,9.78458754155219,-0.0006957212899939887,-0.0013768788903650029,0.0,-3.2334983570525293,-12.180990092145162,-5.1875
1773080192.0394208,0.000524235275150597,0.7972480853493924,-7.201226267243793,0.2859916195737559,-1.2080894929629864,9.783052957656786,-0.000340578800185507,0.0010363000901794958,-0.001090830782496456,-2.740648533298847,-12.47953707542579,-6.0
1773080192.1253443,0.000524235275150597,0.7972480853493924,-7.201226267243793,0.2880521235716835,-1.2084724419114303,9.7786865975095,0.0010363000901794958,0.000340578800185507,0.002181661564992912,-2.740648533298847,-12.47953707542579,-6.0
1773080192.1687396,0.000524235275150597,0.7972480853493924,-7.201226267243793,0.28942336596496654,-1.2087272901587995,9.77912594531424,0.00171745769055051,-0.0017320213801734845,0.0,-3.751702974295216,-13.206551633286582,-6.0
1773080192.2357175,0.000524235275150597,0.7972480853493924,-7.201226267243793,0.2903359124599152,-1.2088968888205824,9.779418326370457,0.0013768788903650029,-0.0006957212899939887,-0.001090830782496456,-3.751702974295216,-13.206551633286582,-6.0
1773080192.260038,0.000524235275150597,0.7972480853493924,-7.201226267243793,0.28776531257401483,-1.210054164426795,9.77961290269726,0.000681157600371014,-0.0020726001803589916,0.0,-5.176717889726698,-13.674881101500795,-4.875
1773080192.3246148,0.000524235275150597,0.7972480853493924,-7.201226267243793,0.2860546070654304,-1.2108243184151137,9.779742391069187,0.0,0.0,-0.001090830782496456,-5.176717889726698,-13.674881101500795,-4.875
1773080192.3505502,0.000524235275150597,0.7972480853493924,-7.201226267243793,0.2860546070654304,-1.2108243184151137,9.779742391069187,0.0,0.0,-0.001090830782496456,-5.176717889726698,-13.674881101500795,-4.875
1773080192.375905,0.000524235275150597,0.7972480853493924,-7.201226267243793,0.2870496314524391,-1.2071145483153425,9.776483452426904,-0.0006957212899939887,-0.0013768788903650029,0.001090830782496456,-3.8687853413487696,-12.850297904428711,-4.875
1773080192.4306912,0.000524235275150597,0.7972480853493924,-7.201226267243793,0.2877118090668428,-1.2046457377547921,9.774314665165194,0.0013768788903650029,-0.0006957212899939887,0.0,-3.8687853413487696,-12.850297904428711,-4.875
1773080192.5219498,0.000524235275150597,0.7972480853493924,-7.201226267243793,0.2891968904635571,-1.2061806612896433,9.772871361469468,0.0024131789805444987,-0.0003551424898084817,0.002181661564992912,-3.804403092175248,-11.644940622959286,-6.0
1773080192.5537546,0.000524235275150597,0.7972480853493924,-7.201226267243793,0.28700730615914793,-1.2082465453472047,9.771910858982721,-0.000340578800185507,0.0010363000901794958,-0.001090830782496456,-3.804403092175248,-11.644940622959286,-6.0
1773080192.659171,0.000524235275150597,0.7972480853493924,-7.201226267243793,0.2855501622638229,-1.2096213681100747,9.774616767014626,-0.0020726001803589916,-0.000681157600371014,0.002181661564992912,-3.238504984749739,-13.366833645772326,-5.1875
1773080192.6792672,0.000524235275150597,0.7972480853493924,-7.201226267243793,0.284580449278848,-1.210536297300988,9.783107741997526,-0.000340578800185507,0.0010363000901794958,0.001090830782496456,-3.238504984749739,-13.366833645772326,-5.1875
1773080192.7273207,0.000524235275150597,0.7972480853493924,-7.201226267243793,0.283935116119751,-1.2111451724571123,9.782068167583601,-0.000681157600371014,0.0020726001803589916,0.0,-3.336073623961034,-13.069955538390769,-5.6875
1773080192.7416384,0.000524235275150597,0.7972480853493924,-7.201226267243793,0.28350565411121564,-1.2115503720719318,9.78472145413126,-0.0003551424898084818,-0.0024131789805444987,0.0,-3.336073623961034,-13.069955538390769,-5.6875
1773080192.779253,0.000524235275150597,0.7972480853493924,-7.201226267243793,0.28350565411121564,-1.2115503720719318,9.78472145413126,-0.0003551424898084818,-0.0024131789805444987,0.0,-3.336073623961034,-13.069955538390769,-5.6875
1773080192.803088,0.000524235275150597,0.7972480853493924,-7.201226267243793,0.28113103275926565,-1.2054642491202652,9.779796963274935,0.0003551424898084818,0.0024131789805444987,-0.001090830782496456,-4.404834810534645,-13.42120263955143,-4.5
1773080192.819217,0.000524235275150597,0.7972480853493924,-7.201226267243793,0.2795507487758015,-1.201414002282379,9.783209993034857,-0.000340578800185507,0.0010363000901794958,0.0,-4.404834810534645,-13.42120263955143,-4.5
1773080192.8348017,0.000524235275150597,0.7972480853493924,-7.201226267243793,0.2795507487758015,-1.201414002282379,9.783209993034857,-0.000340578800185507,0.0010363000901794958,0.0,-4.404834810534645,-13.42120263955143,-4.5
1773080192.8556023,0.000524235275150597,0.7972480853493924,-7.201226267243793,0.2784990874377349,-1.1987186082559875,9.778791102799406,0.000340578800185507,-0.0010363000901794958,0.001090830782496456,-4.404834810534645,-13.42120263955143,-4.5
1773080192.8777146,0.000524235275150597,0.7972480853493924,-7.201226267243793,0.2809771079495548,-1.1958804440496107,9.775850380709953,-0.0010363000901794958,-0.000340578800185507,0.0,-3.4531559910145875,-12.713701809532898,-5.6875
1773080192.9129531,0.000524235275150597,0.7972480853493924,-7.201226267243793,0.2809771079495548,-1.1958804440496107,9.775850380709953,-0.0010363000901794958,-0.000340578800185507,0.0,-3.4531559910145875,-12.713701809532898,-5.6875
1773080192.9332645,0.000524235275150597,0.7972480853493924,-7.201226267243793,0.2836706125102055,-1.197169566859115,9.773893363009439,0.000340578800185507,-0.0010363000901794958,-0.002181661564992912,-3.4531559910145875,-12.713701809532898,-5.6875
1773080192.9533963,0.000524235275150597,0.7972480853493924,-7.201226267243793,0.2865075192982385,-1.201205353072871,9.772590989591066,-0.00171745769055051,0.0017320213801734845,0.0,-3.4531559910145875,-12.713701809532898,-5.6875
1773080192.996767,0.000524235275150597,0.7972480853493924,-7.201226267243793,0.2883954490753492,-1.20389112371544,9.778414498044244,0.000340578800185507,-0.0010363000901794958,-0.001090830782496456,-3.336073623961034,-13.069955538390769,-5.1875
1773080193.0199609,0.000524235275150597,0.7972480853493924,-7.201226267243793,0.2883954490753492,-1.20389112371544,9.778414498044244,0.000340578800185507,-0.0010363000901794958,-0.001090830782496456,-3.336073623961034,-13.069955538390769,-5.1875
1773080193.0423179,0.000524235275150597,0.7972480853493924,-7.201226267243793,0.2917853250455979,-1.2014561751002317,9.78228997786698,0.000340578800185507,-0.0010363000901794958,0.0,-3.336073623961034,-13.069955538390769,-5.1875
1773080193.0805428,0.000524235275150597,0.7972480853493924,-7.201226267243793,0.2908633602519263,-1.2008801535883062,9.784869066397066,-0.0010217364005565212,0.0031089002705384874,-0.002181661564992912,-4.404834810534645,-13.42120263955143,-5.6875
1773080193.1053522,0.000524235275150597,0.7972480853493924,-7.201226267243793,0.29129421257209676,-1.2036747070911782,9.786585421003531,0.0,0.0,0.0,-4.404834810534645,-13.42120263955143,-5.6875
1773080193.146617,0.000524235275150597,0.7972480853493924,-7.201226267243793,0.29129421257209676,-1.2036747070911782,9.786585421003531,0.0,0.0,0.0,-4.404834810534645,-13.42120263955143,-5.6875
1773080193.18123,0.000524235275150597,0.7972480853493924,-7.201226267243793,0.288403050593758,-1.2065788608214687,9.787727635821197,-0.0006957212899939887,-0.0013768788903650029,-0.001090830782496456,-3.4531559910145875,-12.713701809532898,-5.6875
1773080193.2115526,0.000524235275150597,0.7972480853493924,-7.201226267243793,0.28543460500223167,-1.205333653302978,9.791832878730297,0.0013768788903650029,-0.0006957212899939887,0.0,-3.4531559910145875,-12.713701809532898,-5.6875
1773080193.2353358,0.000524235275150597,0.7972480853493924,-7.201226267243793,0.28241472802944345,-1.2013270922248251,9.797909983735055,-0.000340578800185507,0.0010363000901794958,0.0,-2.740648533298847,-12.47953707542579,-5.1875
1773080193.2504988,0.000524235275150597,0.7972480853493924,-7.201226267243793,0.28241472802944345,-1.2013270922248251,9.797909983735055,-0.000340578800185507,0.0010363000901794958,0.0,-2.740648533298847,-12.47953707542579,-5.1875
1773080193.2723224,0.000524235275150597,0.7972480853493924,-7.201226267243793,0.2835829230227655,-1.197616360992197,9.798609117522691,-0.000681157600371014,0.0020726001803589916,0.0,-2.740648533298847,-12.47953707542579,-5.1875
1773080193.2948055,0.000524235275150597,0.7972480853493924,-7.201226267243793,0.28540475333256554,-1.1983248001929434,9.789039048126568,-0.0010363000901794958,-0.000340578800185507,-0.002181661564992912,-2.740648533298847,-12.47953707542579,-5.1875
1773080193.3270385,0.000524235275150597,0.7972480853493924,-7.201226267243793,0.2844836812594204,-1.2030185575430692,9.782670273848128,0.0003551424898084818,0.0024131789805444987,-0.001090830782496456,-3.2334983570525293,-12.180990092145162,-5.25
1773080193.3420506,0.000524235275150597,0.7972480853493924,-7.201226267243793,0.2844836812594204,-1.2030185575430692,9.782670273848128,0.0003551424898084818,0.0024131789805444987,-0.001090830782496456,-3.2334983570525293,-12.180990092145162,-5.25
1773080193.3792465,0.000524235275150597,0.7972480853493924,-7.201226267243793,0.2838707180837915,-1.206142200626873,9.778431925709697,0.0,0.0,-0.001090830782496456,-3.2334983570525293,-12.180990092145162,-5.25
1773080193.423341,0.000524235275150597,0.7972480853493924,-7.201226267243793,0.2845072075289952,-1.211398839590241,9.782301575783661,-0.0003551424898084818,-0.0024131789805444987,0.0,-3.537051968030368,-13.85968346952601,-5.6875
1773080193.4383063,0.000524235275150597,0.7972480853493924,-7.201226267243793,0.28388637455338794,-1.2117191847153816,9.788221896388379,-0.0010363000901794958,-0.000340578800185507,0.001090830782496456,-3.537051968030368,-13.85968346952601,-5.6875
1773080193.457557,0.000524235275150597,0.7972480853493924,-7.201226267243793,0.28388637455338794,-1.2117191847153816,9.788221896388379,-0.0010363000901794958,-0.000340578800185507,0.001090830782496456,-3.537051968030368,-13.85968346952601,-5.6875
1773080193.4917197,0.000524235275150597,0.7972480853493924,-7.201226267243793,0.28347321714328,-1.211932370817673,9.792161803616505,0.0010363000901794958,0.000340578800185507,0.0,-3.537051968030368,-13.85968346952601,-5.6875
1773080193.5171142,0.000524235275150597,0.7972480853493924,-7.201226267243793,0.28619317764082197,-1.2111242490724297,9.786493320661446,0.000681157600371014,-0.0020726001803589916,-0.002181661564992912,-3.336073623961034,-13.069955538390769,-5.1875
1773080193.5303822,0.000524235275150597,0.7972480853493924,-7.201226267243793,0.28619317764082197,-1.2111242490724297,9.786493320661446,0.000681157600371014,-0.0020726001803589916,-0.002181661564992912,-3.336073623961034,-13.069955538390769,-5.1875
1773080193.5513153,0.000524235275150597,0.7972480853493924,-7.201226267243793,0.28818625821376487,-1.2104920382018178,9.791011455779687,-0.0003551424898084818,-0.0024131789805444987,0.0,-3.336073623961034,-13.069955538390769,-5.1875
1773080193.5814652,0.000524235275150597,0.7972480853493924,-7.201226267243793,0.2926905204553659,-1.2090268993383464,9.790673112522681,-0.0003551424898084818,-0.0024131789805444987,0.001090830782496456,-2.979819895103163,-12.952873171337215,-5.6875
1773080193.656538,0.000524235275150597,0.7972480853493924,-7.201226267243793,0.29568805666124537,-1.2080518657913795,9.790447948864685,0.000340578800185507,-0.0010363000901794958,-0.001090830782496456,-2.979819895103163,-12.952873171337215,-5.6875
1773080193.711781,0.000524235275150597,0.7972480853493924,-7.201226267243793,0.29028269516129457,-1.20631392165591,9.790298104965531,0.0006957212899939887,0.0013768788903650029,-0.001090830782496456,-2.979819895103163,-12.952873171337215,-5.6875
1773080193.7358303,0.000524235275150597,0.7972480853493924,-7.201226267243793,0.2866854874649216,-1.2051573392478627,9.783508162109872,0.0010363000901794958,0.000340578800185507,-0.002181661564992912,-3.1214226176961857,-13.723087374630197,-5.6875
1773080193.7721214,0.000524235275150597,0.7972480853493924,-7.201226267243793,0.2842915859264283,-1.2043876465751795,9.778989530988062,-0.000340578800185507,0.0010363000901794958,-0.003272492347489368,-3.1214226176961857,-13.723087374630197,-5.6875
1773080193.8131642,0.000524235275150597,0.7972480853493924,-7.201226267243793,0.28269847119419345,-1.2038754246995393,9.769292209038275,-0.0010363000901794958,-0.000340578800185507,0.001090830782496456,-3.537051968030368,-13.85968346952601,-5.6875
1773080193.8501294,0.000524235275150597,0.7972480853493924,-7.201226267243793,0.2848161605206251,-1.2024901371718568,9.772874084728834,-0.0017320213801734845,-0.0017174576905505097,0.003272492347489368,-3.537051968030368,-13.85968346952601,-5.6875
1773080193.8776543,0.000524235275150597,0.7972480853493924,-7.201226267243793,0.28409197931808655,-1.2057905427726734,9.771912671281408,0.000681157600371014,-0.0020726001803589916,0.001090830782496456,-2.283488413431542,-11.86877044666902,-5.6875
1773080193.932124,0.000524235275150597,0.7972480853493924,-7.201226267243793,0.28409197931808655,-1.2057905427726734,9.771912671281408,0.000681157600371014,-0.0020726001803589916,0.001090830782496456,-2.283488413431542,-11.86877044666902,-5.6875
1773080193.9621155,0.000524235275150597,0.7972480853493924,-7.201226267243793,0.2857435246105703,-1.2037646268562567,9.781308196493796,-0.0006957212899939887,-0.0013768788903650029,-0.001090830782496456,-2.283488413431542,-11.86877044666902,-5.6875
1773080193.98101,0.000524235275150597,0.7972480853493924,-7.201226267243793,0.2857435246105703,-1.2037646268562567,9.781308196493796,-0.0006957212899939887,-0.0013768788903650029,-0.001090830782496456,-2.283488413431542,-11.86877044666902,-5.6875
1773080194.0201051,0.000524235275150597,0.7972480853493924,-7.201226267243793,0.2836647201692721,-1.2034608120361827,9.77752547844579,-0.0003551424898084818,-0.0024131789805444987,0.0,-3.096902262156717,-12.596619442479344,-4.875
1773080194.0550218,0.000524235275150597,0.7972480853493924,-7.201226267243793,0.2822812990353553,-1.2032586266672571,9.78504345696253,0.002058036490736017,-0.0027683214703529803,0.001090830782496456,-3.096902262156717,-12.596619442479344,-4.875
1773080194.0974028,0.000524235275150597,0.7972480853493924,-7.201226267243793,0.2813606477245603,-1.2031240745627958,9.780011252562138,0.00171745769055051,-0.0017320213801734845,0.001090830782496456,-3.2334983570525293,-12.180990092145162,-6.5
1773080194.1246061,0.000524235275150597,0.7972480853493924,-7.201226267243793,0.28074796456157525,-1.2030345316403221,9.776662376747085,-0.0010363000901794958,-0.000340578800185507,0.0,-3.2334983570525293,-12.180990092145162,-6.5
1773080194.1509125,0.000524235275150597,0.7972480853493924,-7.201226267243793,0.28034023076072806,-1.202974941825676,9.77443373730156,-0.000340578800185507,0.0010363000901794958,0.0,-4.658513272484011,-12.649319560359377,-4.5
1773080194.1812844,0.000524235275150597,0.7972480853493924,-7.201226267243793,0.28034023076072806,-1.202974941825676,9.77443373730156,-0.000340578800185507,0.0010363000901794958,0.0,-4.658513272484011,-12.649319560359377,-4.5
1773080194.2125766,0.000524235275150597,0.7972480853493924,-7.201226267243793,0.28006888847094924,-1.2029352854696909,9.772950602646098,0.000681157600371014,-0.0020726001803589916,-0.001090830782496456,-4.658513272484011,-12.649319560359377,-4.5
1773080194.2400994,0.000524235275150597,0.7972480853493924,-7.201226267243793,0.27988831320819346,-1.2029088946077733,9.771963593100587,-0.0006957212899939887,-0.0013768788903650029,-0.001090830782496456,-2.979819895103163,-12.952873171337215,-4.5
1773080194.257257,0.000524235275150597,0.7972480853493924,-7.201226267243793,0.27988831320819346,-1.2029088946077733,9.771963593100587,-0.0006957212899939887,-0.0013768788903650029,-0.001090830782496456,-2.979819895103163,-12.952873171337215,-4.5
1773080194.2778811,0.000524235275150597,0.7972480853493924,-7.201226267243793,0.27976814238798736,-1.2028913317839725,9.771306749273668,-0.0024131789805444987,0.0003551424898084817,-0.001090830782496456,-2.979819895103163,-12.952873171337215,-4.5
1773080194.3141143,0.000524235275150597,0.7972480853493924,-7.201226267243793,0.2807325796408735,-1.2060575333053989,9.77086962704428,0.0,0.0,0.001090830782496456,-3.8687853413487696,-12.850297904428711,-4.5
1773080194.3394427,0.000524235275150597,0.7972480853493924,-7.201226267243793,0.2807325796408735,-1.2060575333053989,9.77086962704428,0.0,0.0,0.001090830782496456,-3.8687853413487696,-12.850297904428711,-4.5
1773080194.396281,0.000524235275150597,0.7972480853493924,-7.201226267243793,0.2835078816523383,-1.203942306073306,9.777268950498238,-0.000340578800185507,0.0010363000901794958,-0.001090830782496456,-3.8687853413487696,-12.850297904428711,-4.5
1773080194.4187832,0.000524235275150597,0.7972480853493924,-7.201226267243793,0.287443633321488,-1.2088904247479373,9.784872740479038,-0.001362315200742028,0.004145200360717983,0.0,-2.8772446281946595,-12.063907725091608,-5.1875
1773080194.4484184,0.000524235275150597,0.7972480853493924,-7.201226267243793,0.2879740129094055,-1.2058275636828444,9.786587866064043,-0.002398615290921524,0.003804621560532476,-0.002181661564992912,-2.8772446281946595,-12.063907725091608,-5.1875
1773080194.468841,0.000524235275150597,0.7972480853493924,-7.201226267243793,0.2879740129094055,-1.2058275636828444,9.786587866064043,-0.002398615290921524,0.003804621560532476,-0.002181661564992912,-2.8772446281946595,-12.063907725091608,-5.1875
1773080194.5055852,0.000524235275150597,0.7972480853493924,-7.201226267243793,0.2861934948072974,-1.2080115628342387,9.784384151274335,0.0003551424898084818,0.0024131789805444987,0.0,-2.979819895103163,-12.952873171337215,-5.6875
1773080194.52121,0.000524235275150597,0.7972480853493924,-7.201226267243793,0.28291976071736014,-1.2031092111036699,9.782917603698891,-0.000681157600371014,0.0020726001803589916,-0.004363323129985824,-2.979819895103163,-12.952873171337215,-5.6875
1773080194.538856,0.000524235275150597,0.7972480853493924,-7.201226267243793,0.2891857252021404,-1.2041137103761115,9.781941632669843,0.0006957212899939887,0.0013768788903650029,0.00545415391248228,-2.979819895103163,-12.952873171337215,-5.6875
1773080194.5592422,0.000524235275150597,0.7972480853493924,-7.201226267243793,0.2891857252021404,-1.2041137103761115,9.781941632669843,0.0006957212899939887,0.0013768788903650029,0.00545415391248228,-2.979819895103163,-12.952873171337215,-5.6875
1773080194.6180406,0.000524235275150597,0.7972480853493924,-7.201226267243793,0.29126683538867737,-1.1984264146519763,9.781292134852322,-0.0010363000901794958,-0.000340578800185507,-0.002181661564992912,-3.5897520859104,-12.298072459198716,-5.6875
1773080194.6512241,0.000524235275150597,0.7972480853493924,-7.201226267243793,0.29265179097029365,-1.1946415828788204,9.777514789602808,-0.0010217364005565212,0.0031089002705384874,0.0,-3.5897520859104,-12.298072459198716,-5.6875
1773080194.6737359,0.000524235275150597,0.7972480853493924,-7.201226267243793,0.29265179097029365,-1.1946415828788204,9.777514789602808,-0.0010217364005565212,0.0031089002705384874,0.0,-3.5897520859104,-12.298072459198716,-5.6875
1773080194.7183406,0.000524235275150597,0.7972480853493924,-7.201226267243793,0.29039557405441535,-1.1931672292044637,9.775001008534968,-0.0024131789805444987,0.0003551424898084817,0.0,-3.2334983570525293,-12.180990092145162,-5.1875
1773080194.7361298,0.000524235275150597,0.7972480853493924,-7.201226267243793,0.28462712731421463,-1.2006306612554163,9.773328115315095,-0.002398615290921524,0.003804621560532476,0.0,-3.2334983570525293,-12.180990092145162,-5.1875
1773080194.7640958,0.000524235275150597,0.7972480853493924,-7.201226267243793,0.2807882904463833,-1.2055974919133268,9.775559935272032,-0.0003551424898084818,-0.0024131789805444987,0.0,-3.2334983570525293,-12.180990092145162,-5.1875
1773080194.8010364,0.000524235275150597,0.7972480853493924,-7.201226267243793,0.2782335873934591,-1.208902862233032,9.77370007481499,-0.0006957212899939887,-0.0013768788903650029,-0.001090830782496456,-2.6235661662452934,-12.835790804283661,-5.1875
1773080194.8161051,0.000524235275150597,0.7972480853493924,-7.201226267243793,0.2744446418669664,-1.2047467704884376,9.772462358456831,-0.0010363000901794958,-0.000340578800185507,-0.002181661564992912,-2.6235661662452934,-12.835790804283661,-5.1875
1773080194.8490798,0.000524235275150597,0.7972480853493924,-7.201226267243793,0.2744446418669664,-1.2047467704884376,9.772462358456831,-0.0010363000901794958,-0.000340578800185507,-0.002181661564992912,-2.6235661662452934,-12.835790804283661,-5.1875
1773080194.890169,0.000524235275150597,0.7972480853493924,-7.201226267243793,0.2708787313530429,-1.1988030484745202,9.771638672046675,0.0003260151105625323,-0.00448577916090349,0.0,-3.096902262156717,-12.596619442479344,-6.0
1773080194.913988,0.000524235275150597,0.7972480853493924,-7.201226267243793,0.27168354712433374,-1.1938031582786464,9.771090517941897,0.000681157600371014,-0.0020726001803589916,0.0,-3.096902262156717,-12.596619442479344,-6.0
1773080194.9426944,0.000524235275150597,0.7972480853493924,-7.201226267243793,0.27008566323660743,-1.1946980861815388,9.774070839215767,0.0,0.0,-0.002181661564992912,-2.326688058863734,-12.738222165072367,-6.0
1773080194.9719334,0.000524235275150597,0.7972480853493924,-7.201226267243793,0.2774668873104857,-1.1995606102901923,9.776054209731159,-0.000340578800185507,0.0010363000901794958,-0.001090830782496456,-2.326688058863734,-12.738222165072367,-6.0
1773080195.0102835,0.000524235275150597,0.7972480853493924,-7.201226267243793,0.2774668873104857,-1.1995606102901923,9.776054209731159,-0.000340578800185507,0.0010363000901794958,-0.001090830782496456,-2.326688058863734,-12.738222165072367,-6.0
1773080195.0368419,0.000524235275150597,0.7972480853493924,-7.201226267243793,0.27920112009349973,-1.2038409753578851,9.78406434406809,-0.0013768788903650029,0.0006957212899939887,0.0,-3.8687853413487696,-12.850297904428711,-5.1875
1773080195.064266,0.000524235275150597,0.7972480853493924,-7.201226267243793,0.2813996422292834,-1.2098673998801002,9.789394998990256,-0.0010363000901794958,-0.000340578800185507,0.001090830782496456,-3.8687853413487696,-12.850297904428711,-5.1875
1773080195.1379902,0.000524235275150597,0.7972480853493924,-7.201226267243793,0.2807739149688713,-1.2075221393111089,9.792942490293639,0.00171745769055051,-0.0017320213801734845,-0.001090830782496456,-3.096902262156717,-12.596619442479344,-5.25
1773080195.1805184,0.000524235275150597,0.7972480853493924,-7.201226267243793,0.2807739149688713,-1.2075221393111089,9.792942490293639,0.00171745769055051,-0.0017320213801734845,-0.001090830782496456,-3.096902262156717,-12.596619442479344,-5.25
1773080195.2345,0.000524235275150597,0.7972480853493924,-7.201226267243793,0.2845797994427123,-1.208094874393861,9.791958194420646,-0.000681157600371014,0.0020726001803589916,-0.001090830782496456,-3.096902262156717,-12.596619442479344,-5.25
1773080195.2660882,0.000524235275150597,0.7972480853493924,-7.201226267243793,0.28606816345420083,-1.2052981338090865,9.791303156512475,0.0006957212899939887,0.0013768788903650029,0.0,-3.4531559910145875,-12.713701809532898,-4.5
1773080195.3345563,0.000524235275150597,0.7972480853493924,-7.201226267243793,0.2838807636932547,-1.2044813437828956,9.7841770126872,-0.000340578800185507,0.0010363000901794958,0.001090830782496456,-3.4531559910145875,-12.713701809532898,-4.5
1773080195.3514612,0.000524235275150597,0.7972480853493924,-7.201226267243793,0.2838807636932547,-1.2044813437828956,9.7841770126872,-0.000340578800185507,0.0010363000901794958,0.001090830782496456,-3.4531559910145875,-12.713701809532898,-4.5
1773080195.3908017,0.000524235275150597,0.7972480853493924,-7.201226267243793,0.2824250735872014,-1.203937779144608,9.779434643575723,0.000681157600371014,-0.0020726001803589916,0.002181661564992912,-2.994326995248213,-11.707653996233738,-3.6875
1773080195.4158962,0.000524235275150597,0.7972480853493924,-7.201226267243793,0.28041191849140956,-1.200398153565366,9.77627864990777,-0.0006957212899939887,-0.0013768788903650029,0.001090830782496456,-2.994326995248213,-11.707653996233738,-3.6875
1773080195.4502792,0.000524235275150597,0.7972480853493924,-7.201226267243793,0.27907218626357605,-1.1980425722825891,9.774178371376506,-0.0024131789805444987,0.0003551424898084817,-0.002181661564992912,-3.096902262156717,-12.596619442479344,-6.0
1773080195.4667318,0.000524235275150597,0.7972480853493924,-7.201226267243793,0.27500272004726606,-1.1975193688438057,9.776125771182917,-0.0010363000901794958,-0.000340578800185507,0.0,-3.096902262156717,-12.596619442479344,-6.0
1773080195.4901435,0.000524235275150597,0.7972480853493924,-7.201226267243793,0.2754724251237043,-1.196126773208523,9.780766855707522,-0.0017320213801734845,-0.0017174576905505097,-0.001090830782496456,-3.096902262156717,-12.596619442479344,-6.0
1773080195.5029821,0.000524235275150597,0.7972480853493924,-7.201226267243793,0.2754724251237043,-1.196126773208523,9.780766855707522,-0.0017320213801734845,-0.0017174576905505097,-0.001090830782496456,-3.096902262156717,-12.596619442479344,-6.0
1773080195.5160904,0.000524235275150597,0.7972480853493924,-7.201226267243793,0.27682941819646184,-1.1983779057540314,9.783855445614336,0.000340578800185507,-0.0010363000901794958,0.002181661564992912,-3.336073623961034,-13.069955538390769,-4.875
1773080195.5326457,0.000524235275150597,0.7972480853493924,-7.201226267243793,0.2819547809035899,-1.2020094891094082,9.779220644280871,0.000340578800185507,-0.0010363000901794958,0.0,-3.336073623961034,-13.069955538390769,-4.875
1773080195.5487444,0.000524235275150597,0.7972480853493924,-7.201226267243793,0.2819547809035899,-1.2020094891094082,9.779220644280871,0.000340578800185507,-0.0010363000901794958,0.0,-3.336073623961034,-13.069955538390769,-4.875
1773080195.573256,0.000524235275150597,0.7972480853493924,-7.201226267243793,0.28432124293979333,-1.2012483778804908,9.776136235767574,0.0,0.0,-0.001090830782496456,-3.336073623961034,-13.069955538390769,-4.875
1773080195.6010528,0.000524235275150597,0.7972480853493924,-7.201226267243793,0.28376261719663465,-1.2049641658356294,9.774083596357075,0.0006957212899939887,0.0013768788903650029,0.001090830782496456,-2.6235661662452934,-12.835790804283661,-4.5
1773080195.6171596,0.000524235275150597,0.7972480853493924,-7.201226267243793,0.28234644841348366,-1.2042590918272267,9.772717587758873,-0.0013768788903650029,0.0006957212899939887,0.0,-2.6235661662452934,-12.835790804283661,-4.5
1773080195.6363087,0.000524235275150597,0.7972480853493924,-7.201226267243793,0.28234644841348366,-1.2042590918272267,9.772717587758873,-0.0013768788903650029,0.0006957212899939887,0.0,-2.6235661662452934,-12.835790804283661,-4.5
1773080195.6592522,0.000524235275150597,0.7972480853493924,-7.201226267243793,0.27822611452346213,-1.2048342825421647,9.775153636003404,0.0020726001803589916,0.000681157600371014,0.0,-2.6235661662452934,-12.835790804283661,-4.5
1773080195.6947536,0.000524235275150597,0.7972480853493924,-7.201226267243793,0.27548407834679817,-1.2052170655376548,9.77342968719038,0.0,0.0,-0.002181661564992912,-4.048581081676774,-13.304120272497876,-5.1875
1773080195.7166588,0.000524235275150597,0.7972480853493924,-7.201226267243793,0.27548407834679817,-1.2052170655376548,9.77342968719038,0.0,0.0,-0.002181661564992912,-4.048581081676774,-13.304120272497876,-5.1875
1773080195.7519948,0.000524235275150597,0.7972480853493924,-7.201226267243793,0.27548407834679817,-1.2052170655376548,9.77342968719038,0.0034494790707239945,-1.4563689622974561e-05,0.0,-4.048581081676774,-13.304120272497876,-5.1875
1773080195.7793906,0.000524235275150597,0.7972480853493924,-7.201226267243793,0.2736592839017794,-1.2054718033451872,9.775627530220401,0.0006957212899939887,0.0013768788903650029,-0.001090830782496456,-3.336073623961034,-13.069955538390769,-5.1875
1773080195.7955406,0.000524235275150597,0.7972480853493924,-7.201226267243793,0.2736592839017794,-1.2054718033451872,9.775627530220401,0.0006957212899939887,0.0013768788903650029,-0.001090830782496456,-3.336073623961034,-13.069955538390769,-5.1875
1773080195.809292,0.000524235275150597,0.7972480853493924,-7.201226267243793,0.27348931317424635,-1.2088192178949686,9.780435281912684,-0.00171745769055051,0.0017320213801734845,0.0,-3.336073623961034,-13.069955538390769,-5.1875
1773080195.8229067,0.000524235275150597,0.7972480853493924,-7.201226267243793,0.2723317899624332,-1.207868995500301,9.783634786957794,0.000681157600371014,-0.0020726001803589916,-0.001090830782496456,-3.336073623961034,-13.069955538390769,-5.1875
1773080195.8413036,0.000524235275150597,0.7972480853493924,-7.201226267243793,0.2723317899624332,-1.207868995500301,9.783634786957794,0.000681157600371014,-0.0020726001803589916,-0.001090830782496456,-3.336073623961034,-13.069955538390769,-5.1875
1773080195.8777144,0.000524235275150597,0.7972480853493924,-7.201226267243793,0.27896165955564317,-1.2083257033131312,9.782418910117181,0.004145200360717983,0.001362315200742028,-0.001090830782496456,-4.005381436244582,-12.434668554094529,-5.6875
1773080195.9218345,0.0009655871012352435,0.7903563007017624,-7.200119669637564,0.282329354118091,-1.2054517478763327,9.781609757661988,-0.00448577916090349,-0.0003260151105625323,-0.004363323129985824,-4.005381436244582,-12.434668554094529,-5.6875
1773080195.952002,0.000524235275150597,0.7972480853493924,-7.201226267243793,0.2845705172297869,-1.203539162637329,9.774381052327243,-0.009297573432369512,0.0038337489397784258,0.001090830782496456,-3.8687853413487696,-12.850297904428711,-5.6875
1773080196.0062082,0.000524235275150597,0.7972480853493924,-7.201226267243793,0.27652831809175893,-1.2053995872997612,9.749499759432984,-1.4563689622974668e-05,-0.0034494790707239945,0.007635815477475192,-3.8687853413487696,-12.850297904428711,-5.6875
1773080196.0501454,-0.02126038485491059,0.7959023589866981,-7.201602977593366,0.2613481748402143,-1.1883942791062811,9.775420372192961,0.016906816553434463,0.0009634816420646216,-0.003272492347489368,-2.994326995248213,-11.707653996233738,-4.875
1773080196.0864904,-0.02126038485491059,0.7959023589866981,-7.201602977593366,0.2613481748402143,-1.1883942791062811,9.775420372192961,0.016906816553434463,0.0009634816420646216,-0.003272492347489368,-2.994326995248213,-11.707653996233738,-4.875
1773080196.1139936,-0.012509844741418358,0.7892258072471936,-7.157614307575687,0.26860827883374333,-1.1646756734567851,9.790332755681488,0.011000467433297047,-0.009015249390675904,0.014180800172453928,-4.165663448730328,-12.947866543640005,-4.875
1773080196.1336281,-0.005595652846476547,0.7885576109974921,-7.164528499470631,0.2575503500183794,-1.1541132543079178,9.783531221774266,-0.006558379341262481,-0.0010071727109335466,0.006544984694978736,-4.165663448730328,-12.947866543640005,-4.875
1773080196.1560833,-0.005595652846476547,0.7885576109974921,-7.164528499470631,0.24805794212377424,-1.1513063813301134,9.779004876937123,-0.006188673161831026,0.0048554853403349465,-0.001090830782496456,-4.165663448730328,-12.947866543640005,-4.875
1773080196.1894698,-0.005595652846476547,0.7885576109974921,-7.164528499470631,0.24805794212377424,-1.1513063813301134,9.779004876937123,-0.006188673161831026,0.0048554853403349465,-0.001090830782496456,-4.165663448730328,-12.947866543640005,-4.875
1773080196.2228324,-0.034273610260520164,0.7867794516803103,-7.1648804722758115,0.23525109010671283,-1.1832614911351846,9.775992645010588,-0.009652715922177995,0.0014205699592339269,-0.014180800172453928,-3.8687853413487696,-12.850297904428711,-5.1875
1773080196.2413843,-0.034273610260520164,0.7867794516803103,-7.1648804722758115,0.23525109010671283,-1.1832614911351846,9.775992645010588,-0.009652715922177995,0.0014205699592339269,-0.014180800172453928,-3.8687853413487696,-12.850297904428711,-5.1875
1773080196.2632518,-0.05495039751421473,0.7854622111693966,-7.164814534290317,0.22672827315126923,-1.2045272597484937,9.777333150019635,-0.010333873522549008,0.0034931701395929187,-0.004363323129985824,-3.8687853413487696,-12.850297904428711,-5.1875
1773080196.3064752,-0.056687367184690106,0.811917672390362,-7.176146644781503,0.25701296588363853,-1.2209468528309824,9.778225241128732,-0.015131104104392055,0.01110241326065787,-0.001090830782496456,-3.8687853413487696,-12.850297904428711,-5.6875
1773080196.3318589,-0.061712270791158895,0.8705894817978242,-7.207257728773156,0.28238913855153264,-1.2477633555308876,9.792199364625805,-0.019587755886049597,0.017675356291543327,-0.007635815477475192,-3.8687853413487696,-12.850297904428711,-5.6875
1773080196.3565004,-0.061712270791158895,0.8705894817978242,-7.207257728773156,0.28238913855153264,-1.2477633555308876,9.792199364625805,-0.019587755886049597,0.017675356291543327,-0.007635815477475192,-3.8687853413487696,-12.850297904428711,-5.6875
1773080196.390115,-0.15349411139239133,0.8625702948027809,-7.221694453395133,0.30178467821910504,-1.423236195097872,9.808189211126557,-0.016994198691172312,-0.02166035606640859,-0.08944812416470939,-3.8687853413487696,-12.850297904428711,-5.6875
1773080196.4230573,-0.40212765539756595,0.7171501016187553,-7.365570751363854,0.31469219320550007,-1.540011409669647,9.875697174378947,-0.029220294179747527,-0.05782891339533012,-0.032724923474893676,-2.740648533298847,-12.47953707542579,-4.875
1773080196.4390044,-0.40212765539756595,0.7171501016187553,-7.365570751363854,0.31469219320550007,-1.540011409669647,9.875697174378947,-0.029220294179747527,-0.05782891339533012,-0.032724923474893676,-2.740648533298847,-12.47953707542579,-4.875
1773080196.488019,0.5428218547548532,0.9209213483867483,-7.76454066138076,0.35840621358029945,-1.5447938253029994,10.028518031352156,-0.10687559643395192,0.014249390661208197,0.2879793265790644,-2.8967583560369183,-12.004532103615297,-7.875
1773080196.5423334,0.5428218547548532,0.9209213483867483,-7.76454066138076,0.35840621358029945,-1.5447938253029994,10.028518031352156,-0.10687559643395192,0.014249390661208197,0.2879793265790644,-2.8967583560369183,-12.004532103615297,-7.875
1773080196.5618136,1.6070217343126998,1.3345501585081199,-8.039434151957824,0.3548639571612352,-1.532059733749511,10.069155106907367,-0.16968211862545787,0.09005949783016412,0.5399612373357457,-2.8967583560369183,-12.004532103615297,-7.875
1773080196.593731,2.859013200068483,1.8598558932668359,-8.246629458890457,0.2762372798565114,-1.5486511682618842,10.223312871621618,-0.16682641501736706,0.1128144087452441,0.5999569303730508,-2.8967583560369183,-12.004532103615297,-7.875
1773080196.6581721,4.621251732217176,2.570071943054972,-8.301426764943741,0.19073151610793718,-1.6515834110784304,10.325903141983886,-0.08321212282339042,0.14488707072117366,0.6784967467127956,-5.458576114016627,-10.214919079830597,-11.875
1773080196.7062702,6.290453171620892,3.1763132632912723,-8.484388370572042,0.14845011977394998,-1.7645741202270193,10.1064962140721,-0.1167143045093198,0.1350248492054169,0.7995789635699022,-5.458576114016627,-10.214919079830597,-11.875
1773080196.7304564,8.790084102597799,4.016000845824358,-8.672746374000559,0.12349021221230237,-1.8387237653851445,9.937067572531548,-0.09382832038763303,0.16321445723384204,1.004655150679236,-7.102735880463587,-6.4132104294475765,-16.75
1773080196.7460775,8.790084102597799,4.016000845824358,-8.672746374000559,0.12349021221230237,-1.8387237653851445,9.937067572531548,-0.09382832038763303,0.16321445723384204,1.004655150679236,-7.102735880463587,-6.4132104294475765,-16.75
1773080196.8055508,10.418918109370884,4.500082195355922,-8.690088181991815,0.13139235986632927,-1.8448021265825925,9.75406735837454,-0.07832751010380952,0.15797470202445266,1.0231992739816758,-7.102735880463587,-6.4132104294475765,-16.75
1773080196.826431,14.102055507069132,5.379762502403131,-8.586146036372169,0.13665115085731092,-1.8488472080597507,9.62893764839207,-0.05887977717513258,0.025430236308838023,0.9457502884244273,-10.567191746884415,-3.0781623713797015,-24.25
1773080196.8418953,14.102055507069132,5.379762502403131,-8.586146036372169,0.13665115085731092,-1.8488472080597507,9.62893764839207,-0.05887977717513258,0.025430236308838023,0.9457502884244273,-10.567191746884415,-3.0781623713797015,-24.25
1773080196.864146,15.10686053319519,5.500934101015639,-8.673870530527164,0.09548172369273791,-1.9084732098540673,9.448656984676921,-0.08876666526562817,-0.026876597835409105,0.9152070265145266,-10.567191746884415,-3.0781623713797015,-24.25
1773080196.9125085,19.08820884980934,5.809303455080938,-8.78045783261413,0.03603942294072076,-1.9931593456177294,9.278946354418801,-0.03909146544627014,-0.10815052949695611,1.0679233360640303,-11.903304057602908,-1.2146666259736398,-26.6875
1773080196.9399827,20.88025320209021,5.901960009176918,-8.626623248500158,0.016992576555714334,-1.9801326198422247,9.24584769356251,0.03507961641910722,-0.10673890928848807,1.069014166846527,-11.903304057602908,-1.2146666259736398,-26.6875
1773080196.9626966,20.88025320209021,5.901960009176918,-8.626623248500158,0.016992576555714334,-1.9801326198422247,9.24584769356251,0.03507961641910722,-0.10673890928848807,1.069014166846527,-11.903304057602908,-1.2146666259736398,-26.6875
1773080197.0072513,22.10723964435271,5.928511091688918,-8.50220187374553,0.03949719933526978,-1.907084585128144,9.193714899133042,0.04976819589595295,-0.1409513759540344,1.1082840750163994,-14.806034006345902,-0.5897145520747749,-33.5
1773080197.035143,25.447629303855894,5.753726852072337,-8.154130128545507,0.0513405456279435,-1.8489382658725089,9.159021106801703,0.09105104916651417,-0.24909629151213342,1.213003830136059,-14.806034006345902,-0.5897145520747749,-33.5
1773080197.0542526,27.522280719228323,5.4922576420449225,-7.9685268483670555,0.05922216028687113,-1.8102425399448292,9.253011685316428,0.13508204627894832,-0.2782583309333891,1.2064588454410803,-17.583337208539994,1.6553897156781607,-37.6875
1773080197.0805926,27.522280719228323,5.4922576420449225,-7.9685268483670555,0.05922216028687113,-1.8102425399448292,9.253011685316428,0.13508204627894832,-0.2782583309333891,1.2064588454410803,-17.583337208539994,1.6553897156781607,-37.6875
1773080197.1274183,33.84251450038575,4.597048357347304,-7.592017400079437,0.06469064929548589,-1.789554147283043,9.631474818734484,-0.003130135583979059,-0.33286744848005395,1.2566370614359172,-20.788786330311293,0.7992890044673728,-40.5625
1773080197.15671,33.84251450038575,4.597048357347304,-7.592017400079437,0.06469064929548589,-1.789554147283043,9.631474818734484,-0.003130135583979059,-0.33286744848005395,1.2566370614359172,-20.788786330311293,0.7992890044673728,-40.5625
1773080197.1874452,37.581076200460345,4.396249286691414,-7.656135847917493,0.0702846455507945,-1.7559226956670295,9.835033289539476,-0.043595144108705394,-0.2761241401826294,1.32972272386318,-20.788786330311293,0.7992890044673728,-40.5625
1773080197.2135656,39.81374190732223,4.377349148457817,-7.701036144925222,0.09743100468373483,-1.6976741293153186,9.96380895454845,-0.06702226287339051,-0.18737203860662416,1.327541062298187,-24.334634859899296,3.5812771793557188,-43.25
1773080197.2443564,41.854142735962895,4.358219824168865,-7.733259595136724,0.11571990649432738,-1.606019970363543,9.989295710361738,-0.06515916828661025,-0.15460926927955773,1.215185491701052,-24.334634859899296,3.5812771793557188,-43.25
1773080197.2685318,43.09528965348443,4.359638724269057,-7.7683935189624265,0.14704762387664413,-1.5176025383876195,10.006256861649764,-0.07957998741138535,-0.13868049805781085,1.090830782496456,-24.334634859899296,3.5812771793557188,-43.25
1773080197.2929592,43.09528965348443,4.359638724269057,-7.7683935189624265,0.14704762387664413,-1.5176025383876195,10.006256861649764,-0.07957998741138535,-0.13868049805781085,1.090830782496456,-24.334634859899296,3.5812771793557188,-43.25
1773080197.3154476,45.26701373035511,4.49104460527193,-7.919365133962427,0.16789586984104288,-1.458761725095074,9.910500743729251,-0.12430670581381348,-0.11089533752692021,0.9490227807719167,-26.607406107046216,8.294802755624742,-50.0
1773080197.331774,46.19981113446387,4.5608429655555165,-8.047814800798387,0.18690287137594125,-1.456649423555752,9.826705446675158,-0.15896731104576323,-0.06831965169182305,0.8192139176548384,-26.607406107046216,8.294802755624742,-50.0
1773080197.3448427,47.46041252369673,4.614572264404104,-8.223849814319824,0.19955181857529697,-1.4552437104772877,9.724109048637988,-0.15670538290030558,-0.022795266172040113,0.7668540400950086,-26.607406107046216,8.294802755624742,-50.0
1773080197.3673959,47.46041252369673,4.614572264404104,-8.223849814319824,0.19955181857529697,-1.4552437104772877,9.724109048637988,-0.15670538290030558,-0.022795266172040113,0.7668540400950086,-26.607406107046216,8.294802755624742,-50.0
1773080197.4111586,49.053618717645804,4.778186153107096,-8.36390738619047,0.22808129753666553,-1.451219655962866,9.655832291821113,-0.13081805827429824,0.06264404347870493,0.7330382858376184,-28.427189424073507,12.630891999294567,-52.75
1773080197.434928,50.18792269077117,4.977927131271162,-8.393214453958716,0.24288970872494506,-1.4358301350972469,9.61039487286083,-0.10978621898862585,0.14189467996761895,0.7112216701876893,-28.427189424073507,12.630891999294567,-52.75
1773080197.4555147,51.34514395978966,5.181483054436746,-8.446834237564067,0.25692217931530265,-1.4383001384112952,9.556740996160753,-0.1211855199806003,0.13814831316557838,0.7264933011426397,-28.427189424073507,12.630891999294567,-52.75
1773080197.4726307,51.34514395978966,5.181483054436746,-8.446834237564067,0.25692217931530265,-1.4383001384112952,9.556740996160753,-0.1211855199806003,0.13814831316557838,0.7264933011426397,-28.427189424073507,12.630891999294567,-52.75
1773080197.49231,52.54445954996898,5.471078473904558,-8.544060766305504,0.26621597112975387,-1.450521975769816,9.521034940569926,-0.143419473881162,0.10098714681534626,0.753764070705051,-27.513703622288432,13.654784664536916,-55.1875
1773080197.5229084,53.6819938948266,5.878454012162287,-8.668042437054185,0.2467544676356814,-1.5199011374595743,9.597626310656588,-0.19008210531848527,0.07876214266555047,0.6795875774952921,-27.513703622288432,13.654784664536916,-55.1875
1773080197.5375695,54.365730184294456,6.120615514653125,-8.785762591604103,0.23380305445961477,-1.566072194548091,9.648597011867597,-0.19464070292750363,0.06118873220136797,0.6272276999354622,-27.513703622288432,13.654784664536916,-55.1875
1773080197.557212,54.365730184294456,6.120615514653125,-8.785762591604103,0.23380305445961477,-1.566072194548091,9.648597011867597,-0.19464070292750363,0.06118873220136797,0.6272276999354622,-27.513703622288432,13.654784664536916,-55.1875
1773080197.5827682,56.11359135196348,6.673468317746387,-8.832162360811532,0.2560524997525268,-1.5514422987438476,9.525297193899473,-0.13905020423724232,0.07371732936011686,0.6294093615004551,-27.339236164660594,17.527872722692692,-59.0625
1773080197.6347747,57.613567684675054,6.857540251905772,-8.75012451911231,0.2708592570523707,-1.5417062665127677,9.439897430683581,-0.04508186089223661,0.025371981550346125,0.6839509006252779,-27.339236164660594,17.527872722692692,-59.0625
1773080197.6564019,57.613567684675054,6.857540251905772,-8.75012451911231,0.2708592570523707,-1.5417062665127677,9.439897430683581,-0.04508186089223661,0.025371981550346125,0.6839509006252779,-27.339236164660594,17.527872722692692,-59.0625
1773080197.6981912,59.558731846338404,6.92812641384007,-8.510841626134313,0.2305985437995648,-1.62916203288083,9.352958836875393,0.0590455916998424,-0.06786028524770546,0.7483099167925688,-28.376801492098455,19.884218291852438,-62.25
1773080197.7277503,61.39449232956581,6.750356676090221,-8.295297064746748,0.20380548887145783,-1.6873628684538529,9.295102173863771,0.06281213613036304,-0.1561844258857873,0.8170322560898455,-28.376801492098455,19.884218291852438,-62.25
1773080197.7479613,62.28677115664227,6.676962791840465,-8.183752394152428,0.2117554100743629,-1.6331149756929357,9.373678120686987,0.05548521705099169,-0.1758158728407058,0.7657632093125121,-28.376801492098455,19.884218291852438,-62.25
1773080197.768399,64.1888707309881,6.224439751343031,-8.266253042329883,0.21704599382845755,-1.5970136090492135,9.556428892132455,-0.010346159085223686,-0.24452874415234918,0.6664976081053346,-28.6890211375746,20.834228235473425,-66.1875
1773080197.7950892,64.1888707309881,6.224439751343031,-8.266253042329883,0.21704599382845755,-1.5970136090492135,9.556428892132455,-0.010346159085223686,-0.24452874415234918,0.6664976081053346,-28.6890211375746,20.834228235473425,-66.1875
1773080197.8131628,64.89390945015093,5.982162283734841,-8.414767591524225,0.1982322713048512,-1.6014555754554005,9.70146327102077,-0.09428085245090574,-0.35248994568420655,0.5945027764605685,-28.6890211375746,20.834228235473425,-66.1875
1773080197.832489,65.62770966696405,5.672725067152275,-8.542331758806219,0.09033060698368607,-1.6463220199635888,9.797982030030777,-0.03621330608275095,-0.4068928934492016,0.607592745850526,-28.6890211375746,20.834228235473425,-66.1875
1773080197.8572202,66.66751945266162,5.20594698507034,-8.579695952383805,-0.010077749741768996,-1.6855798239147999,9.82541795718624,0.048437286201405166,-0.3744796526730865,0.5617778529856748,-31.349241972715138,22.72307877436849,-67.0625
1773080197.9091337,68.1864955216935,4.48277042641637,-8.42521718238012,-0.07898720869039665,-1.7053496751369737,9.766738690960466,0.13675581290062988,-0.2903387895257345,0.4908738521234052,-31.349241972715138,22.72307877436849,-67.0625
1773080197.9234505,68.1864955216935,4.48277042641637,-8.42521718238012,-0.07898720869039665,-1.7053496751369737,9.766738690960466,0.13675581290062988,-0.2903387895257345,0.4908738521234052,-31.349241972715138,22.72307877436849,-67.0625
1773080197.9484854,69.20319846777983,4.19832079407156,-8.251845810288692,-0.04104216843249792,-1.6627952970570272,9.670821395753137,0.13737310180365192,-0.22583498727215814,0.5737769915931359,-33.63703310295369,23.87907368975602,-67.375
1773080197.9642882,69.96033079831636,4.058857374445057,-8.161769540047906,-0.016834577606076765,-1.6312979444238969,9.606989507259053,0.08401540387960232,-0.19973815705257206,0.6654067773228381,-33.63703310295369,23.87907368975602,-67.375
1773080197.9851837,71.17627381339086,3.906903466757179,-8.064527010389886,-0.01339159325504271,-1.6039363687156147,9.681589008271335,0.08174786179528756,-0.16488822385552362,0.7352199474026113,-33.63703310295369,23.87907368975602,-67.375
1773080198.0030425,71.17627381339086,3.906903466757179,-8.064527010389886,-0.01339159325504271,-1.6039363687156147,9.681589008271335,0.08174786179528756,-0.16488822385552362,0.7352199474026113,-33.63703310295369,23.87907368975602,-67.375
1773080198.0364,72.4625713307059,3.8073560629387044,-7.896104400215331,-0.0111003256300848,-1.5857275457305804,9.814861935546963,0.1001189393768249,-0.14392358907910904,0.7581273938350369,-36.19885086093339,25.66868671354072,-69.75
1773080198.052489,73.62908942988872,3.7390023430413546,-7.665309728354413,-0.001639396934949605,-1.447761914704524,9.90355357989275,0.14938407775979132,-0.07721049949970978,0.6435901616729091,-36.19885086093339,25.66868671354072,-69.75
1773080198.0715766,73.62908942988872,3.7390023430413546,-7.665309728354413,-0.001639396934949605,-1.447761914704524,9.90355357989275,0.14938407775979132,-0.07721049949970978,0.6435901616729091,-36.19885086093339,25.66868671354072,-69.75
1773080198.1211061,74.8134945541789,3.6792587399052,-7.222154575365362,0.0046567454261644955,-1.3559473284337644,9.735109282356568,0.1930397547539369,-0.03186087825540253,0.49960049838337683,-36.88183133541246,27.74683346521163,-68.5
1773080198.1468823,75.81062009346077,3.608386543528372,-6.759224139608008,0.016202285584793183,-1.3065128948532732,9.623011483992332,0.22353498199668861,0.0011259603548656391,0.4341506514335895,-36.88183133541246,27.74683346521163,-68.5
1773080198.1690562,76.76296305682946,3.6281220720075935,-6.1217244698597355,0.027063602972702796,-1.272570421932925,9.775879247493108,0.2641108860995417,0.05235280334006435,0.42542400517361784,-38.423928617897495,27.634757725855287,-69.6875
1773080198.2104747,76.76296305682946,3.6281220720075935,-6.1217244698597355,0.027063602972702796,-1.272570421932925,9.775879247493108,0.2641108860995417,0.05235280334006435,0.42542400517361784,-38.423928617897495,27.634757725855287,-69.6875
1773080198.2405703,77.75512854660491,3.6628935998015013,-5.39746582957601,0.05593911057013231,-1.1337125513951967,9.877611036458067,0.27934393603129454,0.06539674357447443,0.459239759431008,-38.423928617897495,27.634757725855287,-69.6875
1773080198.2563162,78.90076525197098,3.6928151287235114,-4.822204207691379,0.15460267292757648,-1.0151939499129536,9.764676373400455,0.17464849954391953,0.02409932661429024,0.543233729683235,-40.80928838734734,29.087630748624374,-71.25
1773080198.2824504,79.82922844961436,3.7608343086816176,-4.554426222423906,0.22339540030626054,-0.9458548127194771,9.689519616698464,0.09436156296482602,0.04479058709977712,0.5475970528132209,-40.80928838734734,29.087630748624374,-71.25
1773080198.2945626,80.36943277280872,3.854112826825941,-4.4526361636064316,0.26690873028712586,-0.9356669236962463,9.85693589564503,0.060620748306071955,0.06011101916926784,0.5170537909033202,-40.80928838734734,29.087630748624374,-71.25
1773080198.307917,80.36943277280872,3.854112826825941,-4.4526361636064316,0.26690873028712586,-0.9356669236962463,9.85693589564503,0.060620748306071955,0.06011101916926784,0.5170537909033202,-40.80928838734734,29.087630748624374,-71.25
1773080198.3200927,80.80895048807804,3.9909717861365306,-4.405982373798528,0.2587761022912674,-0.9445978018379879,10.025216458146025,-0.0027302443403411426,0.08866471943826733,0.4188790204786391,-41.1655421162052,28.970548381570822,-73.25
1773080198.336789,81.23981569197798,4.061570187511196,-4.612675192864928,0.2533639292074309,-0.9505412014768714,10.15393085120998,-0.23937075714184053,-0.07522422377212812,0.40251655874119224,-41.1655421162052,28.970548381570822,-73.25
1773080198.35473,81.23981569197798,4.061570187511196,-4.612675192864928,0.2533639292074309,-0.9505412014768714,10.15393085120998,-0.23937075714184053,-0.07522422377212812,0.40251655874119224,-41.1655421162052,28.970548381570822,-73.25
1773080198.394139,81.65829650049047,4.108360439144034,-4.752509712653761,0.32176457411922776,-0.9378752353039552,10.222863283423463,-0.12702238646453165,-0.0187811390179289,0.3719732968312915,-41.1655421162052,28.970548381570822,-73.25
1773080198.4146883,83.0037628109371,4.018901765373493,-5.219298126359352,0.33490774189130196,-0.8309316053852243,10.221905483133343,-0.13751084663407628,-0.1336065573731313,0.4145156973486533,-41.492268861826396,31.165777500295285,-74.1875
1773080198.4388082,83.55758296867351,3.8586407099963873,-5.377129694027831,0.3405211444508012,-0.7502281461595018,10.221268077739598,-0.07485557527765717,-0.16353713653249577,0.31306843457648287,-41.492268861826396,31.165777500295285,-74.1875
1773080198.4601588,83.55758296867351,3.8586407099963873,-5.377129694027831,0.3405211444508012,-0.7502281461595018,10.221268077739598,-0.07485557527765717,-0.16353713653249577,0.31306843457648287,-41.492268861826396,31.165777500295285,-74.1875
1773080198.5078623,84.103695137769,3.6183447357577263,-5.488793113299243,0.16669694111183378,-0.6598051329734862,10.220843891570347,-0.037976732969118694,-0.17093687405998198,0.2519819107566813,-42.375393242425254,32.65183691310215,-74.5
1773080198.5368853,84.3586136852419,3.5072092397039336,-5.5861850062901,0.05101887553333083,-0.5996296277894341,10.103482690657001,-0.022836679113960746,-0.0982154895330845,0.14835298641951802,-42.375393242425254,32.65183691310215,-74.5
1773080198.552033,84.65070041243618,3.27588489879355,-5.687615771298767,0.002235474065607416,-0.6453865146747477,10.008654563923088,-0.022286594720196503,-0.13133340134995944,0.1090830782496456,-42.78434708916316,34.096365556375886,-74.1875
1773080198.587349,84.67370398714705,3.0585307243234885,-5.813071974630293,-0.020963630174218553,-0.7361724494535933,9.805052813173837,0.009303187371226602,-0.08420806765660979,-0.031634092692397225,-42.78434708916316,34.096365556375886,-74.1875
1773080198.605314,84.67370398714705,3.0585307243234885,-5.813071974630293,-0.020963630174218553,-0.7361724494535933,9.805052813173837,0.009303187371226602,-0.08420806765660979,-0.031634092692397225,-42.78434708916316,34.096365556375886,-74.1875
1773080198.6182837,84.61274966326063,3.0204887981766153,-5.838030020019323,0.07446646867811103,-0.8446597611648987,9.669558122430793,-0.024987711681291696,-0.03576972377024412,-0.07308566242726255,-42.78434708916316,34.096365556375886,-74.1875
1773080198.6323981,84.50297735423602,2.999269952703261,-5.842565759532411,0.22968631948545526,-0.9923497545249766,9.673051047121108,0.011384737302351478,0.0002968877313165827,-0.07090400086226964,-43.5740750202984,34.29734390044522,-72.875
1773080198.651204,84.50297735423602,2.999269952703261,-5.842565759532411,0.22968631948545526,-0.9923497545249766,9.673051047121108,0.011384737302351478,0.0002968877313165827,-0.07090400086226964,-43.5740750202984,34.29734390044522,-72.875
1773080198.679515,84.49410000012232,2.975319049420574,-5.857978392515433,0.33402780586973535,-1.0938136846852593,9.675375549483988,-0.004587724988264313,-0.02447236860563049,0.001090830782496456,-43.5740750202984,34.29734390044522,-72.875
1773080198.7053134,84.49410000012232,2.975319049420574,-5.857978392515433,0.352619669336077,-1.1780473502419597,9.67692247984009,0.012051331213099517,-0.005225191519766403,0.0,-43.69115738735196,34.65359762930309,-72.5
1773080198.722563,84.49410000012232,2.975319049420574,-5.857978392515433,0.352619669336077,-1.1780473502419597,9.67692247984009,0.012051331213099517,-0.005225191519766403,0.0,-43.69115738735196,34.65359762930309,-72.5
1773080198.7386417,84.52218728958736,2.93033936004451,-5.837455619053684,0.3491475604762868,-1.228747883930166,9.714748173492247,0.013768788903650027,-0.006957212899939887,0.002181661564992912,-43.69115738735196,34.65359762930309,-72.5
1773080198.7759757,84.51993501695308,2.73699952635357,-5.938347516216876,0.3543264203973125,-1.242421437449865,9.739920750077072,0.012391910013285023,-0.006261491609945899,0.002181661564992912,-43.78872602656325,34.95047573668465,-74.1875
1773080198.8179762,84.51993501695308,2.73699952635357,-5.938347516216876,0.3543264203973125,-1.242421437449865,9.739920750077072,0.012391910013285023,-0.006261491609945899,0.002181661564992912,-43.78872602656325,34.95047573668465,-74.1875
1773080198.859043,84.54925124988438,2.6370981349505604,-5.987136906496294,0.33879487873716946,-1.2366313366321144,9.756672818598169,0.005137809382028555,-0.008645543211244448,0.011999138607461015,-43.78872602656325,34.95047573668465,-74.1875
1773080198.8941424,84.55948338594219,2.455870589295192,-6.130930052844369,0.3093914749541744,-1.23904454676559,9.767821133066091,-2.9127379245949336e-05,-0.006898958141447989,0.013089969389957472,-43.27552803701777,34.79019372419891,-73.6875
1773080198.9114568,84.55172193657255,2.398606790987567,-6.1847328983266205,0.29504588615081967,-1.2565399580744763,9.771895100102341,-0.005166936761274504,0.0017465850697964593,-0.001090830782496456,-43.27552803701777,34.79019372419891,-73.6875
1773080198.9372756,84.54693513210933,2.355144063477598,-6.246651655557364,0.3055661423406455,-1.275672468445209,9.774606279655773,-0.023066362336019542,0.010790961839718312,0.002181661564992912,-43.27552803701777,34.79019372419891,-73.6875
1773080198.955241,84.54693513210933,2.355144063477598,-6.246651655557364,0.3055661423406455,-1.275672468445209,9.774606279655773,-0.023066362336019542,0.010790961839718312,0.002181661564992912,-43.27552803701777,34.79019372419891,-73.6875
1773080198.9966693,84.52465902506232,2.2955341381896317,-6.260125779849096,0.33054552142106947,-1.289538671185053,9.763030092533443,0.036674950653816846,-0.05569244451762214,-0.009817477042468103,-45.15937194821563,33.31581644268553,-72.875
1773080199.0103197,84.52465902506232,2.2955341381896317,-6.260125779849096,0.33054552142106947,-1.289538671185053,9.763030092533443,0.036674950653816846,-0.05569244451762214,-0.009817477042468103,-45.15937194821563,33.31581644268553,-72.875
1773080199.0288482,84.43966884521049,2.308928788532161,-6.199858187670059,0.42661625377305373,-1.2726562344293515,9.755326269318015,0.05769222624986625,0.02010871290056789,-0.02399827721492203,-45.15937194821563,33.31581644268553,-72.875
1773080199.047416,84.41513878906129,2.3119320010252826,-6.155819993218226,0.38193165547381636,-0.930920665372063,9.87396859419631,-0.0055075155614600114,0.002782885159975955,0.013089969389957472,-45.15937194821563,33.31581644268553,-72.875
1773080199.0706084,84.41513878906129,2.3119320010252826,-6.155819993218226,0.38193165547381636,-0.930920665372063,9.87396859419631,-0.0055075155614600114,0.002782885159975955,0.013089969389957472,-45.15937194821563,33.31581644268553,-72.875
1773080199.1216094,84.48143356531382,2.2897383299700875,-6.2045413386114205,0.2574135397662955,-0.798630396962173,9.928529931750536,0.0073123553897483685,0.016181967884194525,-0.018544123302439753,-43.038025551112526,34.86824863556794,-72.875
1773080199.1576183,84.46614986388788,2.2830823671889657,-6.208762038474949,0.2574135397662955,-0.798630396962173,9.928529931750536,0.0073123553897483685,0.016181967884194525,-0.018544123302439753,-43.038025551112526,34.86824863556794,-72.875
1773080199.1948056,84.44128770284898,2.2898824808616247,-6.170574774195641,0.21118925768015404,-0.8564007710373872,9.912296127465122,0.01794311664361396,0.0013040604422501292,0.002181661564992912,-44.46304046654401,34.39991916735373,-72.875
1773080199.2409194,84.47654850073344,2.27806423999144,-6.187298834105507,0.2432260716225253,-1.0537854394813635,9.901492712056656,-0.014182186151950407,-0.009253882363500587,0.022907446432425576,-44.46304046654401,34.39991916735373,-72.875
1773080199.2544794,84.47654850073344,2.27806423999144,-6.187298834105507,0.2432260716225253,-1.0537854394813635,9.901492712056656,-0.014182186151950407,-0.009253882363500587,0.022907446432425576,-44.46304046654401,34.39991916735373,-72.875
1773080199.292145,84.45688672173966,2.280749014671226,-6.193319656561493,0.2550125452730835,-1.1882759601736217,9.89430315978438,-0.0016883303113045603,0.008630979521621474,-0.011999138607461015,-43.930328749156274,34.18026153339167,-73.75
1773080199.325243,84.45151878982443,2.280782172438058,-6.168447650463876,0.2723899799774215,-1.2746446705627528,9.88951859305974,0.0010654274694254452,0.007239536941633496,0.004363323129985824,-43.930328749156274,34.18026153339167,-73.75
1773080199.3388124,84.45151878982443,2.280782172438058,-6.168447650463876,0.2723899799774215,-1.2746446705627528,9.88951859305974,0.0010654274694254452,0.007239536941633496,0.004363323129985824,-43.930328749156274,34.18026153339167,-73.75
1773080199.3687408,84.46323087035186,2.2812603079526856,-6.16780306184727,0.2580675319233814,-1.1997844591892652,9.893024740766245,-0.004870049029957921,-0.00963815223255502,0.006544984694978736,-44.700542952449254,34.32186425598469,-73.0
1773080199.394675,84.46696151492864,2.2795419707680784,-6.177711848300714,0.25806977088907485,-1.1468325959895513,9.895358042898687,-0.005877221740891468,-0.003079772891292538,0.002181661564992912,-44.700542952449254,34.32186425598469,-73.0
1773080199.4207792,84.45729216009,2.2789800841876326,-6.177794588643458,0.28195869966509907,-1.2164194116184681,9.843389042086025,0.0027974488495989295,0.008956994632184006,-0.01090830782496456,-44.144979755421126,34.8333933696311,-74.5
1773080199.4358032,84.45801336329752,2.2614261278003456,-6.189234183801957,0.30739018306215277,-1.2595954313098363,9.808804252576975,0.006217800541076975,0.0020434728011130424,-0.004363323129985824,-44.144979755421126,34.8333933696311,-74.5
1773080199.467016,84.45801336329752,2.2614261278003456,-6.189234183801957,0.30739018306215277,-1.2595954313098363,9.808804252576975,0.006217800541076975,0.0020434728011130424,-0.004363323129985824,-44.144979755421126,34.8333933696311,-74.5
1773080199.5147762,84.45898040472318,2.2380212073004717,-6.204487022383447,0.30538119669914277,-1.262860814420424,9.795823796618073,-0.006232364230699949,-0.005492951871837037,0.009817477042468103,-42.90476720801485,33.662056916148984,-74.875
1773080199.5394711,84.45898040472318,2.2380212073004717,-6.204487022383447,0.3040442387164078,-1.265033890403801,9.787185448178619,0.0013768788903650029,-0.0006957212899939887,-0.002181661564992912,-42.90476720801485,33.662056916148984,-74.875
1773080199.5645952,84.45659771066865,2.1438859714531358,-6.291009141590285,0.3031545081136968,-1.2664800481958887,9.781436723788836,0.005522079251082985,0.0006665939107480393,-0.001090830782496456,-43.69115738735196,34.65359762930309,-73.6875
1773080199.59386,84.45288607495465,2.1009073489620875,-6.302494859803705,0.2995184947834514,-1.2367526264089201,9.790991458754172,0.000340578800185507,-0.0010363000901794958,0.003272492347489368,-43.69115738735196,34.65359762930309,-73.6875
1773080199.6183388,84.45288607495465,2.1009073489620875,-6.302494859803705,0.2995184947834514,-1.2367526264089201,9.790991458754172,0.000340578800185507,-0.0010363000901794958,0.003272492347489368,-43.69115738735196,34.65359762930309,-73.6875
1773080199.6368704,84.45422124751589,2.059678041220835,-6.35437568483457,0.2970987685291033,-1.2169693592867523,9.79735002814022,-0.003123463960161462,-0.004471215471280515,0.004363323129985824,-43.32039655834904,33.52546082125317,-72.875
1773080199.6553895,84.44942222802702,2.022001630801565,-6.412425665634374,0.298353732848174,-1.276805950632552,9.781510914792845,0.0034494790707239945,-1.4563689622974561e-05,-0.00545415391248228,-43.32039655834904,33.52546082125317,-72.875
1773080199.7018497,84.448233004758,1.9631773015995724,-6.450286604473063,0.2991888975836456,-1.3166265337546597,9.770970161794656,0.0020726001803589916,0.000681157600371014,-0.003272492347489368,-44.144979755421126,34.8333933696311,-73.25
1773080199.7182398,84.44343907308308,1.9395094818871645,-6.465849967407999,0.2947906060917998,-1.2637687736063814,9.780680966958885,-0.0020726001803589916,-0.000681157600371014,0.001090830782496456,-44.144979755421126,34.8333933696311,-73.25
1773080199.7362027,84.4445055756165,1.9161062528336565,-6.481098066047962,0.29186359223611164,-1.2285925246875717,9.787143399318877,-0.003464042760346969,-0.0034349153811010194,0.002181661564992912,-44.144979755421126,34.8333933696311,-73.25
1773080199.767869,84.4445055756165,1.9161062528336565,-6.481098066047962,0.29186359223611164,-1.2285925246875717,9.787143399318877,-0.003464042760346969,-0.0034349153811010194,0.002181661564992912,-44.144979755421126,34.8333933696311,-73.25
1773080199.8077972,84.44063799397135,1.8608669157062987,-6.550570083846677,0.2898263759911097,-1.2263392794660843,9.784753852449713,-0.0010363000901794958,-0.000340578800185507,0.001090830782496456,-43.5740750202984,34.29734390044522,-73.25
1773080199.8265944,84.4422817608983,1.825763303437573,-6.573440685132342,0.2884706313372574,-1.2248397699415825,9.783163635701273,0.0017320213801734845,0.0017174576905505097,-0.002181661564992912,-43.5740750202984,34.29734390044522,-73.25
1773080199.8584301,84.443385364002,1.8023615173927123,-6.5886878984298525,0.29287976759239426,-1.2185751545364945,9.79214069934103,-0.0010363000901794958,-0.000340578800185507,0.002181661564992912,-44.04741111620983,34.53651526224954,-74.5
1773080199.9148245,84.443385364002,1.8023615173927123,-6.5886878984298525,0.29287976759239426,-1.2185751545364945,9.79214069934103,-0.0010363000901794958,-0.000340578800185507,0.002181661564992912,-44.04741111620983,34.53651526224954,-74.5
1773080199.973491,84.43997892049217,1.7453482144015207,-6.642634410803647,0.2958139985169087,-1.214406122964748,9.798114834912916,-1.4563689622974668e-05,-0.0034494790707239945,0.0,-44.04741111620983,34.53651526224954,-74.5
1773080200.0547023,84.44006952496265,1.616088170698505,-6.751979241416873,0.2989174315652128,-1.2450206582135508,9.78802261442976,-0.0010363000901794958,-0.000340578800185507,0.0,-43.37309667622907,35.08707183158047,-74.1875
1773080200.141116,84.44006952496265,1.616088170698505,-6.751979241416873,0.2989174315652128,-1.2450206582135508,9.78802261442976,-0.0010363000901794958,-0.000340578800185507,0.0,-43.37309667622907,35.08707183158047,-74.1875
1773080200.1885908,84.43654790375533,1.5669556616349143,-6.792441501324516,0.29974267522476494,-1.2531614657357295,9.78533896028453,-0.0024131789805444987,0.0003551424898084817,-0.002181661564992912,-43.27552803701777,34.79019372419891,-73.6875
1773080200.2891057,84.43365364593666,1.504078881084892,-6.8501869955700405,0.2950486513882738,-1.2558324949888826,9.783471651315287,-0.00171745769055051,0.0017320213801734845,0.0,-44.34595809949045,34.04366543849586,-74.5
1773080200.3457432,84.43576295540373,1.4631304204449649,-6.876865819983586,0.29403481646010626,-1.250822954180153,9.792345680291396,0.0013768788903650029,-0.0006957212899939887,0.001090830782496456,-44.34595809949045,34.04366543849586,-74.5
1773080200.404571,84.43576295540373,1.4631304204449649,-6.876865819983586,0.29403481646010626,-1.250822954180153,9.792345680291396,0.0013768788903650029,-0.0006957212899939887,0.001090830782496456,-44.34595809949045,34.04366543849586,-74.5
1773080200.446984,84.43728294241883,1.4318432895199273,-6.905585050306971,0.2943598696215621,-1.261245127861424,9.801596359152917,-0.0024131789805444987,0.0003551424898084817,-0.001090830782496456,-44.583460585395706,33.96561052712682,-73.75
1773080200.4950814,84.43265554782003,1.4081392426422166,-6.921132995430948,0.2935764398885561,-1.2544250008937585,9.807752582598406,-0.0006957212899939887,-0.0013768788903650029,0.001090830782496456,-44.583460585395706,33.96561052712682,-73.75
1773080200.56091,84.43265554782003,1.4081392426422166,-6.921132995430948,0.2935764398885561,-1.2544250008937585,9.807752582598406,-0.0006957212899939887,-0.0013768788903650029,0.001090830782496456,-44.583460585395706,33.96561052712682,-73.75
1773080200.6049693,84.43513106972462,1.3593039857150981,-6.961285069086914,0.2930550761527242,-1.2498862825825874,9.808504368824536,-0.000340578800185507,0.0010363000901794958,-0.002181661564992912,-44.46304046654401,34.39991916735373,-73.6875
1773080200.645043,84.4360641529477,1.3417562333522806,-6.972718827708171,0.2927081144105426,-1.2468658162473085,9.809004674160024,-0.0013768788903650029,0.0006957212899939887,0.0,-44.46304046654401,34.39991916735373,-73.6875
1773080200.6755135,84.43084929056027,1.327706192368321,-6.99030412614888,0.29561044402094944,-1.2543893977954295,9.795957174942735,0.0010363000901794958,0.000340578800185507,0.001090830782496456,-45.11617230278344,34.18526816108888,-72.5
1773080200.750754,84.43147605592792,1.3160073693315828,-6.997926315564304,0.2975419119555291,-1.2593962572717912,9.787274209963748,0.000340578800185507,-0.0010363000901794958,0.0,-45.11617230278344,34.18526816108888,-72.5
1773080200.7902975,84.43211898724009,1.302269554432697,-7.0152104464777665,0.2988272822900813,-1.2627282663230248,9.781495793765306,-0.0003551424898084818,-0.0024131789805444987,0.002181661564992912,-43.43747892540259,33.88171455011104,-74.0625
1773080200.8311915,84.43274997169148,1.2905711527150678,-7.022832654004922,0.29654945311518627,-1.2554120129722117,9.777650322334381,0.0013768788903650029,-0.0006957212899939887,-0.002181661564992912,-43.43747892540259,33.88171455011104,-74.0625
1773080200.85545,84.43338250618646,1.2788729037053312,-7.030454910741144,0.29654945311518627,-1.2554120129722117,9.777650322334381,-0.0024131789805444987,0.0003551424898084817,-0.002181661564992912,-43.43747892540259,33.88171455011104,-74.0625
1773080200.8860285,84.43401659069902,1.2671748079579146,-7.038077217091645,0.29816681201832484,-1.2600767962485797,9.77509120405383,0.000681157600371014,-0.0020726001803589916,0.0,-43.79373265426046,33.764632183057486,-75.25
1773080200.943394,84.43465222520318,1.2554768660272269,-7.045699573461605,0.30137662609441984,-1.2589588584341453,9.780078362839987,0.0024131789805444987,-0.0003551424898084817,0.002181661564992912,-43.79373265426046,33.764632183057486,-75.25
1773080200.9609284,84.42912014477642,1.249309410589072,-7.0498095345263385,0.30033483212161205,-1.2592592928981605,9.78339726130196,0.0010363000901794958,0.000340578800185507,-0.001090830782496456,-43.79373265426046,33.764632183057486,-74.1875
1773080201.0171864,84.42912014477642,1.249309410589072,-7.0498095345263385,0.30033483212161205,-1.2592592928981605,9.78339726130196,0.0010363000901794958,0.000340578800185507,-0.001090830782496456,-43.79373265426046,33.764632183057486,-74.1875
1773080201.0497086,84.42977938444608,1.235571899723722,-7.067093197517733,0.2996415298703097,-1.2594592286778896,9.78560595115388,-0.000681157600371014,0.0020726001803589916,0.0,-43.79373265426046,33.764632183057486,-74.1875
1773080201.0809739,84.43042011589256,1.2238736887857415,-7.074715259255077,0.2960022555822851,-1.2606366932972075,9.787075809577649,0.0010508637798024704,0.0037900578709095015,0.0,-42.92094318405898,34.51199490671007,-73.6875
1773080201.103391,84.42693019986704,1.2177266209352124,-7.0782051752805994,0.29358035919696235,-1.261420282848222,9.781363760524634,0.0,0.0,0.0,-42.92094318405898,34.51199490671007,-73.6875
1773080201.1283882,84.42693019986704,1.2177266209352124,-7.0782051752805994,0.29358035919696235,-1.261420282848222,9.781363760524634,0.0,0.0,0.0,-42.92094318405898,34.51199490671007,-73.6875
1773080201.1447692,84.42725152127777,1.211877784189127,-7.082015851011436,0.29196861420688536,-1.2619417529411534,9.774217343980302,0.000681157600371014,-0.0020726001803589916,-0.001090830782496456,-42.92094318405898,34.51199490671007,-73.6875
1773080201.165359,84.42727531769582,1.2098388091287269,-7.0916766071547475,0.29089601592036024,-1.2622887854627964,9.769461483600752,0.0010217364005565212,-0.0031089002705384874,0.0,-42.92094318405898,34.51199490671007,-73.6875
1773080201.1983721,84.42727531769582,1.2098388091287269,-7.0916766071547475,0.29336010312686217,-1.2614753221380053,9.772986735059241,-0.000340578800185507,0.0010363000901794958,0.0,-44.262062122474674,35.18964709848897,-73.6875
1773080201.2270873,84.42727531769582,1.2098388091287269,-7.0916766071547475,0.29336010312686217,-1.2614753221380053,9.772986735059241,-0.000340578800185507,0.0010363000901794958,0.0,-44.262062122474674,35.18964709848897,-73.6875
1773080201.2470562,84.42727531769582,1.2098388091287269,-7.0916766071547475,0.29395551604579423,-1.2577560819978613,9.775332750525228,-0.0017320213801734845,-0.0017174576905505097,0.001090830782496456,-44.262062122474674,35.18964709848897,-73.6875
1773080201.2618306,-31.902203220578492,4.184639991284751,3.703255563617878,0.29752964607662175,-1.2542365596398926,9.776893997611133,0.000340578800185507,-0.0010363000901794958,0.001090830782496456,-44.262062122474674,35.18964709848897,-73.6875
1773080201.2960072,-31.902203220578492,4.184639991284751,3.703255563617878,0.29752964607662175,-1.2542365596398926,9.776893997611133,0.000340578800185507,-0.0010363000901794958,0.001090830782496456,-44.262062122474674,35.18964709848897,-73.6875
1773080201.314692,84.42727531769582,1.2098388091287269,-7.0916766071547475,0.30095259927782636,-1.2550722462107817,9.77458787839921,0.0013768788903650029,-0.0006957212899939887,-0.002181661564992912,-43.43747892540259,33.88171455011104,-72.875
1773080201.331808,84.42727531769582,1.2098388091287269,-7.0916766071547475,0.3032305363963354,-1.2556283862884778,9.776398293532033,0.0006957212899939887,0.0013768788903650029,-0.001090830782496456,-43.43747892540259,33.88171455011104,-72.875
1773080201.3514016,84.42727531769582,1.2098388091287269,-7.0916766071547475,0.3047464781024782,-1.2559984912976927,9.780948216286586,0.0,0.0,0.001090830782496456,-43.43747892540259,33.88171455011104,-72.875
1773080201.366125,84.42727531769582,1.2098388091287269,-7.0916766071547475,0.3047464781024782,-1.2559984912976927,9.780948216286586,0.0,0.0,0.001090830782496456,-43.43747892540259,33.88171455011104,-72.875
1773080201.4133449,84.42727531769582,1.2098388091287269,-7.0916766071547475,0.30431184374973586,-1.2571037453604887,9.779300964416583,-0.0006957212899939887,-0.0013768788903650029,0.001090830782496456,-44.329782123446336,33.19372744793477,-73.25
1773080201.4501,84.42727531769582,1.2098388091287269,-7.0916766071547475,0.30431184374973586,-1.2571037453604887,9.779300964416583,-0.0006957212899939887,-0.0013768788903650029,0.001090830782496456,-44.329782123446336,33.19372744793477,-73.25
1773080201.4903123,84.42727531769582,1.2098388091287269,-7.0916766071547475,0.3075995558603106,-1.2527580273034615,9.776189687920656,-0.0006957212899939887,-0.0013768788903650029,0.001090830782496456,-44.44686449049989,33.54998117679264,-73.25
1773080201.5048704,84.42727531769582,1.2098388091287269,-7.0916766071547475,0.3075995558603106,-1.2527580273034615,9.776189687920656,-0.0006957212899939887,-0.0013768788903650029,0.001090830782496456,-44.44686449049989,33.54998117679264,-73.25
1773080201.5203674,84.42727531769582,1.2098388091287269,-7.0916766071547475,0.3097874915437475,-1.2498660004813615,9.774119168167852,-0.0010363000901794958,-0.000340578800185507,-0.001090830782496456,-44.44686449049989,33.54998117679264,-73.25
1773080201.5447352,84.42727531769582,1.2098388091287269,-7.0916766071547475,0.3080656489157554,-1.2489857985286477,9.779431483816222,1.4563689622974668e-05,0.0034494790707239945,-0.001090830782496456,-44.44686449049989,33.54998117679264,-73.25
1773080201.5802956,84.42727531769582,1.2098388091287269,-7.0916766071547475,0.3037418924965926,-1.249444443552954,9.782966770537756,0.0,0.0,0.001090830782496456,-44.46304046654401,34.39991916735373,-72.875
1773080201.5999982,84.42727531769582,1.2098388091287269,-7.0916766071547475,0.3008644808991637,-1.249749666693229,9.785319464359198,0.000681157600371014,-0.0020726001803589916,0.001090830782496456,-44.46304046654401,34.39991916735373,-72.875
1773080201.6233006,84.42727531769582,1.2098388091287269,-7.0916766071547475,0.3008644808991637,-1.249749666693229,9.785319464359198,0.000681157600371014,-0.0020726001803589916,0.001090830782496456,-44.46304046654401,34.39991916735373,-72.875
1773080201.644813,84.42727531769582,1.2098388091287269,-7.0916766071547475,0.2989495956238684,-1.2499527892835165,9.783540044108735,-0.000340578800185507,0.0010363000901794958,-0.001090830782496456,-44.46304046654401,34.39991916735373,-72.875
1773080201.6666894,84.42727531769582,1.2098388091287269,-7.0916766071547475,0.2989495956238684,-1.2499527892835165,9.783540044108735,-0.000340578800185507,0.0010363000901794958,-0.001090830782496456,-44.46304046654401,34.39991916735373,-72.875
1773080201.702117,84.42727531769582,1.2098388091287269,-7.0916766071547475,0.2976752608638295,-1.2500879650983248,9.77901074810216,-0.00171745769055051,0.0017320213801734845,-0.002181661564992912,-43.27552803701777,34.79019372419891,-73.0
1773080201.7193546,84.42727531769582,1.2098388091287269,-7.0916766071547475,0.300005094700752,-1.2491335135017294,9.775996552205335,0.000681157600371014,-0.0020726001803589916,0.003272492347489368,-43.27552803701777,34.79019372419891,-73.0
1773080201.735931,84.42727531769582,1.2098388091287269,-7.0916766071547475,0.300005094700752,-1.2491335135017294,9.775996552205335,0.000681157600371014,-0.0020726001803589916,0.003272492347489368,-43.27552803701777,34.79019372419891,-73.0
1773080201.7547617,84.42727531769582,1.2098388091287269,-7.0916766071547475,0.302599982684612,-1.2516762260105945,9.773990638506772,-0.0013768788903650029,0.0006957212899939887,-0.002181661564992912,-43.27552803701777,34.79019372419891,-73.0
1773080201.8202615,84.42727531769582,1.2098388091287269,-7.0916766071547475,0.3011489622665964,-1.2544127823726219,9.772655725347903,-0.000340578800185507,0.0010363000901794958,0.002181661564992912,-44.20936200459464,33.62803608816168,-74.0625
1773080201.8526363,84.42727531769582,1.2098388091287269,-7.0916766071547475,0.3001833243873671,-1.2562339300622134,9.771767355552633,0.000681157600371014,-0.0020726001803589916,0.001090830782496456,-44.20936200459464,33.62803608816168,-74.0625
1773080201.8950498,84.42727531769582,1.2098388091287269,-7.0916766071547475,0.299540703165622,-1.257445883506084,9.77452126708494,-1.4563689622974668e-05,-0.0034494790707239945,0.001090830782496456,-44.46304046654401,34.39991916735373,-74.1875
1773080201.932276,84.42727531769582,1.2098388091287269,-7.0916766071547475,0.29911304592109994,-1.2582524249845728,9.773008852739165,0.0003551424898084818,0.0024131789805444987,-0.001090830782496456,-44.46304046654401,34.39991916735373,-74.1875
1773080201.946357,84.42727531769582,1.2098388091287269,-7.0916766071547475,0.29911304592109994,-1.2582524249845728,9.773008852739165,0.0003551424898084818,0.0024131789805444987,-0.001090830782496456,-44.46304046654401,34.39991916735373,-74.1875
1773080201.9759529,84.42727531769582,1.2098388091287269,-7.0916766071547475,0.29565055541763857,-1.2598335789201858,9.775347469594147,0.000340578800185507,-0.0010363000901794958,0.001090830782496456,-44.46304046654401,34.39991916735373,-74.1875
1773080201.99903,84.42727531769582,1.2098388091287269,-7.0916766071547475,0.29125748748346364,-1.2545300404327369,9.773558681279756,0.000681157600371014,-0.0020726001803589916,0.002181661564992912,-43.69115738735196,34.65359762930309,-73.6875
1773080202.0172076,84.42727531769582,1.2098388091287269,-7.0916766071547475,0.29125748748346364,-1.2545300404327369,9.773558681279756,0.000681157600371014,-0.0020726001803589916,0.002181661564992912,-43.69115738735196,34.65359762930309,-73.6875
1773080202.0343552,84.42727531769582,1.2098388091287269,-7.0916766071547475,0.2883339498470544,-1.2510005948137461,9.779058486053241,0.0013768788903650029,-0.0006957212899939887,0.0,-43.69115738735196,34.65359762930309,-73.6875
1773080202.0526068,84.42727531769582,1.2098388091287269,-7.0916766071547475,0.2863883682080794,-1.2486517881807988,9.776028321278513,-0.0006957212899939887,-0.0013768788903650029,0.0,-43.69115738735196,34.65359762930309,-73.6875
1773080202.1057758,84.42727531769582,1.2098388091287269,-7.0916766071547475,0.2914047235194009,-1.2555779421665534,9.780702003884729,-0.0006957212899939887,-0.0013768788903650029,-0.002181661564992912,-42.80719856880356,33.365178808767425,-74.0625
1773080202.1253657,84.42727531769582,1.2098388091287269,-7.0916766071547475,0.28947634337557376,-1.254875851096248,9.78046717574339,0.0010363000901794958,0.000340578800185507,-0.004363323129985824,-42.80719856880356,33.365178808767425,-74.0625
1773080202.1568162,84.42727531769582,1.2098388091287269,-7.0916766071547475,0.28947634337557376,-1.254875851096248,9.78046717574339,0.0010363000901794958,0.000340578800185507,-0.004363323129985824,-42.80719856880356,33.365178808767425,-74.0625
1773080202.197115,84.42727531769582,1.2098388091287269,-7.0916766071547475,0.2913709173157509,-1.2533642077404938,9.780310900238531,0.0020726001803589916,0.000681157600371014,0.0,-42.92094318405898,34.51199490671007,-73.25
1773080202.2207663,84.42727531769582,1.2098388091287269,-7.0916766071547475,0.2894538457246847,-1.2534026355647394,9.77686178892844,0.0,0.0,-0.002181661564992912,-42.92094318405898,34.51199490671007,-73.25
1773080202.2462745,84.42727531769582,1.2098388091287269,-7.0916766071547475,0.2894538457246847,-1.2534026355647394,9.77686178892844,0.0,0.0,-0.002181661564992912,-42.92094318405898,34.51199490671007,-73.25
1773080202.3014662,84.42727531769582,1.2098388091287269,-7.0916766071547475,0.2873290321829372,-1.2534452275898453,9.779729140806705,-0.0010363000901794958,-0.000340578800185507,0.001090830782496456,-43.79373265426046,33.764632183057486,-73.25
1773080202.3208728,84.42727531769582,1.2098388091287269,-7.0916766071547475,0.2873290321829372,-1.2534452275898453,9.779729140806705,-0.0010363000901794958,-0.000340578800185507,0.001090830782496456,-43.79373265426046,33.764632183057486,-73.25
1773080202.3467188,84.42727531769582,1.2098388091287269,-7.0916766071547475,0.2846305365264736,-1.2576788523452456,9.783164857939877,0.0,0.0,0.0,-43.930328749156274,34.18026153339167,-73.6875
1773080202.3653796,84.42727531769582,1.2098388091287269,-7.0916766071547475,0.288146086988884,-1.255229573760126,9.782106177605208,0.0013768788903650029,-0.0006957212899939887,0.0,-43.930328749156274,34.18026153339167,-73.6875
1773080202.4031105,84.42727531769582,1.2098388091287269,-7.0916766071547475,0.2904856465503463,-1.2535996062219634,9.7780565259614,0.0013768788903650029,-0.0006957212899939887,0.0,-43.79373265426046,33.764632183057486,-73.25
1773080202.4162493,84.42727531769582,1.2098388091287269,-7.0916766071547475,0.2920425973039068,-1.2525148810332467,9.77536152803002,0.0,0.0,0.0,-43.79373265426046,33.764632183057486,-73.25
1773080202.4329374,84.42727531769582,1.2098388091287269,-7.0916766071547475,0.29625662002259817,-1.2507485989459928,9.773568037011787,0.000340578800185507,-0.0010363000901794958,-0.001090830782496456,-43.79373265426046,33.764632183057486,-73.25
1773080202.4519908,84.42727531769582,1.2098388091287269,-7.0916766071547475,0.29625662002259817,-1.2507485989459928,9.773568037011787,0.000340578800185507,-0.0010363000901794958,-0.001090830782496456,-43.79373265426046,33.764632183057486,-73.25
1773080202.4685476,84.42727531769582,1.2098388091287269,-7.0916766071547475,0.29625662002259817,-1.2507485989459928,9.773568037011787,0.0013768788903650029,-0.0006957212899939887,0.001090830782496456,-43.87762863127624,32.618650523064375,-73.6875
1773080202.4984417,84.42727531769582,1.2098388091287269,-7.0916766071547475,0.29906100506816913,-1.249573157947589,9.772374488773758,0.002058036490736017,-0.0027683214703529803,0.0,-43.87762863127624,32.618650523064375,-73.6875
1773080202.531097,84.42727531769582,1.2098388091287269,-7.0916766071547475,0.29906100506816913,-1.249573157947589,9.772374488773758,0.002058036490736017,-0.0027683214703529803,0.0,-43.87762863127624,32.618650523064375,-73.6875
1773080202.545208,84.42727531769582,1.2098388091287269,-7.0916766071547475,0.30092729198896295,-1.2487909150936873,9.778270419168798,0.0010363000901794958,0.000340578800185507,0.001090830782496456,-44.34595809949045,34.04366543849586,-73.25
1773080202.5654457,84.42727531769582,1.2098388091287269,-7.0916766071547475,0.3021692850869604,-1.2482703412126412,9.782194094984838,-0.0003551424898084818,-0.0024131789805444987,0.002181661564992912,-44.34595809949045,34.04366543849586,-73.25
1773080202.5988371,84.42727531769582,1.2098388091287269,-7.0916766071547475,0.3029958176197057,-1.2479239051099962,9.781460145702763,0.0010363000901794958,0.000340578800185507,-0.001090830782496456,-44.34595809949045,34.04366543849586,-73.25
1773080202.6368444,84.42727531769582,1.2098388091287269,-7.0916766071547475,0.3035458657872743,-1.247693355753631,9.774281487239653,0.0,0.0,0.0,-43.5740750202984,34.29734390044522,-72.875
1773080202.6591578,84.42727531769582,1.2098388091287269,-7.0916766071547475,0.3035458657872743,-1.247693355753631,9.774281487239653,0.0,0.0,0.0,-43.5740750202984,34.29734390044522,-72.875
1773080202.6921659,84.42727531769582,1.2098388091287269,-7.0916766071547475,0.3060007358810253,-1.2538957065013274,9.769504170223323,0.0013768788903650029,-0.0006957212899939887,-0.002181661564992912,-43.5740750202984,34.29734390044522,-72.875
1773080202.7134542,84.42727531769582,1.2098388091287269,-7.0916766071547475,0.3044565351212445,-1.2590677112304596,9.769670030822402,0.000340578800185507,-0.0010363000901794958,0.0,-43.78872602656325,34.95047573668465,-72.875
1773080202.7296023,84.42727531769582,1.2098388091287269,-7.0916766071547475,0.3023844771741257,-1.259331733218142,9.769780409198306,-0.0010217364005565212,0.0031089002705384874,-0.001090830782496456,-43.78872602656325,34.95047573668465,-72.875
1773080202.7449234,84.42727531769582,1.2098388091287269,-7.0916766071547475,0.3023844771741257,-1.259331733218142,9.769780409198306,-0.0010217364005565212,0.0031089002705384874,-0.001090830782496456,-43.78872602656325,34.95047573668465,-72.875
1773080202.762767,84.42727531769582,1.2098388091287269,-7.0916766071547475,0.301005545756722,-1.2595074369016257,9.769853864774463,0.0003551424898084818,0.0024131789805444987,-0.001090830782496456,-43.78872602656325,34.95047573668465,-72.875
1773080202.8071995,84.42727531769582,1.2098388091287269,-7.0916766071547475,0.3022213620952522,-1.2554020667644317,9.766557636932523,-0.000681157600371014,0.0020726001803589916,-0.002181661564992912,-43.930328749156274,34.18026153339167,-73.6875
1773080202.8400009,84.42727531769582,1.2098388091287269,-7.0916766071547475,0.30407488387832293,-1.255847878182595,9.76436403412499,0.0,0.0,-0.002181661564992912,-43.930328749156274,34.18026153339167,-73.6875
1773080202.8634315,84.42727531769582,1.2098388091287269,-7.0916766071547475,0.30407488387832293,-1.255847878182595,9.76436403412499,0.0,0.0,-0.002181661564992912,-43.930328749156274,34.18026153339167,-73.6875
1773080202.8807616,84.42727531769582,1.2098388091287269,-7.0916766071547475,0.30530838191976156,-1.2561445607013426,9.762904215960726,-0.000681157600371014,0.0020726001803589916,-0.001090830782496456,-43.5740750202984,34.29734390044522,-73.0
1773080202.8950043,84.42727531769582,1.2098388091287269,-7.0916766071547475,0.30530838191976156,-1.2561445607013426,9.762904215960726,-0.000681157600371014,0.0020726001803589916,-0.001090830782496456,-43.5740750202984,34.29734390044522,-73.0
1773080202.920566,84.42727531769582,1.2098388091287269,-7.0916766071547475,0.3029513717027866,-1.2573864091947455,9.765277834986964,0.0010363000901794958,0.000340578800185507,0.0,-43.5740750202984,34.29734390044522,-73.0
1773080202.9424403,84.42727531769582,1.2098388091287269,-7.0916766071547475,0.29820491834844265,-1.259257255086086,9.770202563641183,-0.000340578800185507,0.0010363000901794958,0.0,-43.5740750202984,34.29734390044522,-73.0
1773080202.9590812,84.42727531769582,1.2098388091287269,-7.0916766071547475,0.2950462066624848,-1.2605022821280552,9.773479915547743,-0.00171745769055051,0.0017320213801734845,0.0,-43.15844566996422,34.433939995341035,-73.75
1773080202.9880295,84.42727531769582,1.2098388091287269,-7.0916766071547475,0.29294411932060144,-1.2613308337166222,9.775660956631137,0.0,0.0,0.0,-43.15844566996422,34.433939995341035,-73.75
1773080203.0036223,84.42727531769582,1.2098388091287269,-7.0916766071547475,0.29294411932060144,-1.2613308337166222,9.775660956631137,0.0,0.0,0.0,-43.15844566996422,34.433939995341035,-73.75
1773080203.0191584,84.42727531769582,1.2098388091287269,-7.0916766071547475,0.3010788718298614,-1.258748996769274,9.777112415108311,-0.00171745769055051,0.0017320213801734845,-0.001090830782496456,-43.15844566996422,34.433939995341035,-73.75
1773080203.037721,84.42727531769582,1.2098388091287269,-7.0916766071547475,0.3010788718298614,-1.258748996769274,9.777112415108311,-0.00171745769055051,0.0017320213801734845,-0.001090830782496456,-43.15844566996422,34.433939995341035,-73.75
1773080203.065838,84.42727531769582,1.2098388091287269,-7.0916766071547475,0.30753686834497157,-1.2602087025062982,9.774733232803698,0.000681157600371014,-0.0020726001803589916,-0.002181661564992912,-43.69115738735196,34.65359762930309,-73.25
1773080203.101914,84.42727531769582,1.2098388091287269,-7.0916766071547475,0.30547881411627675,-1.2632689395509815,9.773149913557186,-0.0003551424898084818,-0.0024131789805444987,-0.003272492347489368,-43.69115738735196,34.65359762930309,-73.25
1773080203.1437194,84.42727531769582,1.2098388091287269,-7.0916766071547475,0.3020203828343777,-1.2589497143501776,9.772096232285467,-0.0010363000901794958,-0.000340578800185507,0.002181661564992912,-43.930328749156274,34.18026153339167,-73.75
1773080203.1574256,84.42727531769582,1.2098388091287269,-7.0916766071547475,0.3020203828343777,-1.2589497143501776,9.772096232285467,-0.0010363000901794958,-0.000340578800185507,0.002181661564992912,-43.930328749156274,34.18026153339167,-73.75
1773080203.1876042,84.42727531769582,1.2098388091287269,-7.0916766071547475,0.29971883544948263,-1.2560753182279494,9.771395019169528,0.0003551424898084818,0.0024131789805444987,0.0,-43.930328749156274,34.18026153339167,-73.75
1773080203.2231064,84.42727531769582,1.2098388091287269,-7.0916766071547475,0.29818718137480393,-1.2541624397177153,9.770928369673936,-0.0024131789805444987,0.0003551424898084817,-0.001090830782496456,-43.49017904328262,35.44332556043833,-73.0
1773080203.2455227,84.42727531769582,1.2098388091287269,-7.0916766071547475,0.29716788269780225,-1.2528894404374074,9.770617819647436,-0.000340578800185507,0.0010363000901794958,0.0,-43.49017904328262,35.44332556043833,-73.0
1773080203.2642019,84.42727531769582,1.2098388091287269,-7.0916766071547475,0.29716788269780225,-1.2528894404374074,9.770617819647436,-0.000340578800185507,0.0010363000901794958,0.0,-43.49017904328262,35.44332556043833,-73.0
1773080203.3009608,84.42727531769582,1.2098388091287269,-7.0916766071547475,0.29648955081456996,-1.2520422736366963,9.770411152073871,-0.0010363000901794958,-0.000340578800185507,0.0,-43.79373265426046,33.764632183057486,-74.875
1773080203.3225236,84.42727531769582,1.2098388091287269,-7.0916766071547475,0.3002604274995562,-1.2536119733874351,9.78030895223425,-0.0010363000901794958,-0.000340578800185507,0.0,-43.79373265426046,33.764632183057486,-74.875
1773080203.3356652,84.42727531769582,1.2098388091287269,-7.0916766071547475,0.3002604274995562,-1.2536119733874351,9.78030895223425,-0.0010363000901794958,-0.000340578800185507,0.0,-43.79373265426046,33.764632183057486,-74.875
1773080203.353033,84.42727531769582,1.2098388091287269,-7.0916766071547475,0.302769903809962,-1.2546565910368568,9.78689582767531,-0.000681157600371014,0.0020726001803589916,-0.003272492347489368,-43.15844566996422,34.433939995341035,-73.6875
1773080203.3707366,84.42727531769582,1.2098388091287269,-7.0916766071547475,0.302769903809962,-1.2546565910368568,9.78689582767531,-0.000681157600371014,0.0020726001803589916,-0.003272492347489368,-43.15844566996422,34.433939995341035,-73.6875
1773080203.391716,84.42727531769582,1.2098388091287269,-7.0916766071547475,0.30443993226184984,-1.2553517724134031,9.777898872871837,-0.0010363000901794958,-0.000340578800185507,0.0,-43.15844566996422,34.433939995341035,-73.6875
1773080203.4134052,84.42727531769582,1.2098388091287269,-7.0916766071547475,0.305551317541141,-1.25581440785381,9.771911499952697,0.0010363000901794958,0.000340578800185507,0.0,-44.34595809949045,34.04366543849586,-72.875
1773080203.5533056,84.42727531769582,1.2098388091287269,-7.0916766071547475,0.30711069425849113,-1.2564635283234022,9.77390848544936,-0.0013768788903650029,0.0006957212899939887,-0.001090830782496456,-44.915193958714106,34.97499609222412,-74.5
1773080203.602885,84.42727531769582,1.2098388091287269,-7.0916766071547475,0.2977950116621103,-1.2596874977667993,9.772601053405905,-0.000340578800185507,0.0010363000901794958,0.001090830782496456,-44.915193958714106,34.97499609222412,-74.5
1773080203.6443348,84.42727531769582,1.2098388091287269,-7.0916766071547475,0.2977950116621103,-1.2596874977667993,9.772601053405905,-0.000340578800185507,0.0010363000901794958,0.001090830782496456,-44.915193958714106,34.97499609222412,-74.5
1773080203.6952043,84.42727531769582,1.2098388091287269,-7.0916766071547475,0.29159552895721197,-1.2618330134172815,9.775076083693278,-0.0010363000901794958,-0.000340578800185507,-0.002181661564992912,-43.69115738735196,34.65359762930309,-74.1875
1773080203.7538877,84.42727531769582,1.2098388091287269,-7.0916766071547475,0.29159552895721197,-1.2618330134172815,9.775076083693278,-0.0010363000901794958,-0.000340578800185507,-0.002181661564992912,-43.69115738735196,34.65359762930309,-74.1875
1773080203.8450172,84.42727531769582,1.2098388091287269,-7.0916766071547475,0.2910800229684205,-1.2621222069960605,9.778938295918758,-0.0024131789805444987,0.0003551424898084817,0.0,-43.43747892540259,33.88171455011104,-73.6875
1773080203.911236,84.42727531769582,1.2098388091287269,-7.0916766071547475,0.2910800229684205,-1.2621222069960605,9.778938295918758,-0.0024131789805444987,0.0003551424898084817,0.0,-43.43747892540259,33.88171455011104,-73.6875
1773080203.9661424,84.42727531769582,1.2098388091287269,-7.0916766071547475,0.2934825577618529,-1.261364466029196,9.779293447793945,0.0006957212899939887,0.0013768788903650029,0.002181661564992912,-43.43747892540259,33.88171455011104,-73.6875
1773080204.031853,84.42727531769582,1.2098388091287269,-7.0916766071547475,0.2993233307274091,-1.2594802034688648,9.7819132198958,0.0,0.0,-0.002181661564992912,-43.5740750202984,34.29734390044522,-73.6875
1773080204.0618544,84.42727531769582,1.2098388091287269,-7.0916766071547475,0.2993233307274091,-1.2594802034688648,9.7819132198958,0.0,0.0,-0.002181661564992912,-43.5740750202984,34.29734390044522,-73.6875
1773080204.097225,84.42727531769582,1.2098388091287269,-7.0916766071547475,0.30214627637615493,-1.2585618326036232,9.77458300305395,-0.000340578800185507,0.0010363000901794958,0.0,-44.262062122474674,35.18964709848897,-74.0625
1773080204.1280572,84.42727531769582,1.2098388091287269,-7.0916766071547475,0.30720280455550253,-1.2569062574603422,9.769704825629585,0.0013768788903650029,-0.0006957212899939887,-0.004363323129985824,-44.262062122474674,35.18964709848897,-74.0625
1773080204.175398,84.42727531769582,1.2098388091287269,-7.0916766071547475,0.30720280455550253,-1.2569062574603422,9.769704825629585,0.0013768788903650029,-0.0006957212899939887,-0.004363323129985824,-44.262062122474674,35.18964709848897,-74.0625
1773080204.253596,84.415559654069,1.1905643378638073,-7.204389089627376,0.31173683912747474,-1.258944209523354,9.78101176690037,-0.043670240683768576,-0.048799100315031235,0.04036073895236887,-44.46304046654401,34.39991916735373,-73.25
1773080204.3295815,84.72970513643821,1.2187103388613567,-7.111783499133628,0.38142717975936385,-1.474301612764725,9.71711619713095,0.015602756111184337,0.018906598285678585,0.061086523819801536,-44.500911829276035,30.111201758863768,-75.25
1773080204.3812578,84.72970513643821,1.2187103388613567,-7.111783499133628,0.38142717975936385,-1.474301612764725,9.71711619713095,0.015602756111184337,0.018906598285678585,0.061086523819801536,-44.500911829276035,30.111201758863768,-75.25
1773080204.4360695,84.7803936250448,1.213995608144916,-7.124765193465932,0.4659399955714889,-1.6050866438259868,9.674594409209684,-0.027269817455229422,-0.004369269643919692,0.022907446432425576,-44.500911829276035,30.111201758863768,-75.25
1773080204.4793904,85.00026549284982,1.233331508480129,-7.169242179828323,0.40058421172467107,-1.4292682298811368,9.696473309957367,-0.004456651781657541,0.006572943030885457,0.04036073895236887,-43.49017904328262,35.44332556043833,-74.5
1773080204.5200653,85.38790547737759,1.2459231943005193,-7.198126091230159,0.4239156659414886,-1.2691742825135934,9.711033474001615,-0.016001589669861743,-0.03166821447839507,0.17780541754692233,-43.49017904328262,35.44332556043833,-74.5
1773080204.594557,86.25410287062104,1.2887418317251993,-7.196319566653559,0.372617489798427,-1.2057223058146818,9.68727198345218,0.00817389120445217,-0.0248712021643079,0.27052603405912107,-43.13559419032382,35.1651267429495,-71.6875
1773080204.6567843,86.25410287062104,1.2887418317251993,-7.196319566653559,0.372617489798427,-1.2057223058146818,9.68727198345218,0.00817389120445217,-0.0248712021643079,0.27052603405912107,-43.13559419032382,35.1651267429495,-71.6875
1773080204.7853088,89.16513326336803,1.2815130517147486,-7.1847629569224765,0.31426194685795394,-1.3271188457819558,9.757943837235898,-0.004218018808832856,-0.018609710554362,0.23561944901923448,-43.04669158561084,37.496951956569774,-71.25
1773080204.8585663,89.76286557598458,1.27105896718939,-7.195419942908841,0.2951092414115725,-1.31619682980682,9.815498545673762,0.0013040604422501292,-0.01794311664361396,0.210530341021816,-43.04669158561084,37.496951956569774,-71.25
1773080204.9220574,90.5304103078065,1.2842028666642187,-7.186102267516254,0.2982081161986618,-1.3142843799703596,9.796933662186511,0.001318624131873104,-0.014493637572889967,0.22143864884678055,-41.305284834955536,38.00347444251897,-70.875
1773080204.9492078,91.01089416285299,1.287676451201811,-7.1918272059380985,0.30662616152172284,-1.310922846784985,9.784578939609084,-0.00010194582736082251,-0.02414635349506796,0.20943951023931956,-41.305284834955536,38.00347444251897,-70.875
1773080205.0877495,92.37670273628508,1.3006227087036104,-7.195975494275777,0.32058355337919114,-1.3341088990767156,9.813153238525613,0.005108682002782605,-0.015544501352692435,0.23561944901923448,-42.95945785679691,39.43349598564767,-70.0625
1773080205.1152866,93.01795984628596,1.290454813348716,-7.191673114121637,0.336227820515006,-1.3474501386890125,9.83216911525873,0.0013040604422501292,-0.01794311664361396,0.2301652951067522,-42.95945785679691,39.43349598564767,-70.0625
1773080205.2165468,94.02587768653895,1.3119453156942742,-7.194770005472543,0.34768331512731365,-1.3595064740040612,9.834788633681399,0.0013331878214960784,-0.01104415850216597,0.20943951023931956,-40.68033276105667,40.906204391261966,-68.5
1773080205.3021278,94.75692856349235,1.3445920362107242,-7.214756143923018,0.34477340169124265,-1.3569070921229054,9.836531893929747,-0.002101727559604941,-0.007580115741819003,0.22580197197676638,-40.68033276105667,40.906204391261966,-68.5
1773080205.402132,96.65604835832178,1.4335054159928273,-7.198262247137607,0.32937199022829156,-1.316976855381259,9.838464061199735,0.009594461163686096,-0.015218486242129904,0.24870941840919197,-40.378448025977896,42.18961658410043,-66.875
1773080205.4669447,97.15333614347428,1.443119635864167,-7.209690789148276,0.3178317034117294,-1.3158478878680295,9.838977849885984,0.00960902485330907,-0.01176900717140591,0.2203478180642841,-39.391913940521,41.790163209810366,-66.5
1773080205.5183265,97.86022149152414,1.432069772186283,-7.21090672896373,0.3101517714487578,-1.3150965725993689,9.8761159992978,-0.006631197789377355,-0.018254568064553518,0.21489366415180183,-39.391913940521,41.790163209810366,-66.5
1773080205.5412726,97.86022149152414,1.432069772186283,-7.21090672896373,0.3101517714487578,-1.3150965725993689,9.8761159992978,-0.006631197789377355,-0.018254568064553518,0.21489366415180183,-39.391913940521,41.790163209810366,-66.5
1773080205.5834556,98.68175260828279,1.4220182353210717,-7.224849015666127,0.3347309371799506,-1.2977967059984903,9.900831022871053,-0.0031817187186533617,-0.01826913175417649,0.2530727415391778,-38.537803760212235,42.79454214721046,-65.75
1773080205.6238012,99.27166928760064,1.4425205128164238,-7.241070122349042,0.35108809740678787,-1.286283838027778,9.8570665842424,0.00509411831315963,-0.01899398042341643,0.20398535632683726,-38.537803760212235,42.79454214721046,-65.75
1773080205.6468594,99.27166928760064,1.4425205128164238,-7.241070122349042,0.35108809740678787,-1.286283838027778,9.8570665842424,0.00509411831315963,-0.01899398042341643,0.20398535632683726,-38.537803760212235,42.79454214721046,-65.75
1773080205.7463002,100.22125602313716,1.4260471199464,-7.258534836444103,0.36510683359030793,-1.2881558211538602,9.814561392386567,-0.005239755209389376,-0.015500810283823514,0.21271200258680892,-37.36646730673012,44.03475469461672,-65.25
1773080205.8143551,101.0802652222705,1.423944733070333,-7.278885367750515,0.3807919246898493,-1.2873127858301712,9.79965510884989,-0.0011091185382943699,-0.017587974153805478,0.22252947962927702,-37.36646730673012,44.03475469461672,-65.25
1773080205.8425987,101.80816047667636,1.4545077998676705,-7.283549473644129,0.3860081296459592,-1.2708623083171962,9.806460702206927,-0.002471433739036398,-0.013442773793087495,0.21162117180431245,-37.0450688438091,45.258791265978864,-64.1875
1773080205.8847563,102.38286512695807,1.4712715366389058,-7.2752181071244,0.36832330028588994,-1.2598253780752569,9.810989748562577,0.0016737666216815855,-0.012080458592345467,0.20725784867432664,-37.0450688438091,45.258791265978864,-64.1875
1773080205.9636877,103.49406361640735,1.4717118095038468,-7.277591477794507,0.3427982767700091,-1.2534801732707086,9.797278219782902,0.008572724763129575,-0.012109585971591418,0.2203478180642841,-36.27485464051611,45.11718854338584,-62.5
1773080206.0092833,103.98904301864012,1.4881207818078204,-7.275520271657752,0.3226337693689095,-1.250301919945201,9.751357121767327,0.002340360532429625,-0.017602537843428454,0.21598449493429828,-36.27485464051611,45.11718854338584,-62.5
1773080206.0255754,103.98904301864012,1.4881207818078204,-7.275520271657752,0.3226337693689095,-1.250301919945201,9.751357121767327,0.002340360532429625,-0.017602537843428454,0.21598449493429828,-36.27485464051611,45.11718854338584,-62.5
1773080206.054176,104.36451714861128,1.5065701914040137,-7.285448543802854,0.3123924043302609,-1.2471424182691542,9.757593372790751,0.0009926090213105716,-0.010007858411986476,0.22580197197676638,-36.57173274789767,45.019619904174554,-61.875
1773080206.1060634,105.00477048554673,1.4971403964280805,-7.294950670583668,0.3245549053865135,-1.2599295031392006,9.785159310134587,-0.0017757124490424085,-0.012065894902722493,0.23234695667174513,-36.57173274789767,45.019619904174554,-61.875
1773080206.1340616,105.73213628540792,1.5186261608881682,-7.289901248933472,0.3347377331580853,-1.2747949440480717,9.806849245212533,-0.0024859974286593717,-0.01689225286381149,0.21162117180431245,-35.103518187034,46.35740109079211,-62.5625
1773080206.1670108,105.73213628540792,1.5186261608881682,-7.289901248933472,0.3347377331580853,-1.2747949440480717,9.806849245212533,-0.0024859974286593717,-0.01689225286381149,0.21162117180431245,-35.103518187034,46.35740109079211,-62.5625
1773080206.2292743,106.24367240129843,1.5015369348406806,-7.292389176261364,0.34151429129042693,-1.28468772891507,9.817938543007136,0.009935039963871604,-0.016254786332309402,0.2301652951067522,-35.103518187034,46.35740109079211,-62.5625
1773080206.259111,106.99991329741427,1.5345979754753278,-7.296690024529296,0.30244399140566075,-1.3408051236319083,9.825318346813871,-0.008022640369365333,-0.021008325845283525,0.20943951023931956,-34.45038635079457,46.57205209705696,-61.5
1773080206.2735488,106.99991329741427,1.5345979754753278,-7.296690024529296,0.30244399140566075,-1.3408051236319083,9.825318346813871,-0.008022640369365333,-0.021008325845283525,0.20943951023931956,-34.45038635079457,46.57205209705696,-61.5
1773080206.321203,107.50710836595293,1.5023431295199825,-7.324256385285853,0.3327347244368264,-1.3244391276807423,9.826884412102125,-0.0018194035179113326,-0.022414332114894478,0.23125612588924865,-34.45038635079457,46.57205209705696,-61.5
1773080206.341922,107.50710836595293,1.5023431295199825,-7.324256385285853,0.3327347244368264,-1.3244391276807423,9.826884412102125,-0.0018194035179113326,-0.022414332114894478,0.23125612588924865,-34.45038635079457,46.57205209705696,-61.5
1773080206.3886125,108.35799960305464,1.5270507103318411,-7.32293646703645,0.33691410075609746,-1.3399259436416149,9.797820605691486,0.007877003473135585,-0.01348646486195642,0.24652775684419906,-34.528441262163604,46.80955458296221,-61.0625
1773080206.4343004,109.06763561105016,1.5130530367350816,-7.323774129259384,0.3810526516185374,-1.3260768442323538,9.7617534086526,-0.002841139918467854,-0.01930543184435599,0.21925698728178766,-34.528441262163604,46.80955458296221,-61.0625
1773080206.4573534,109.46281042390765,1.5333761223017144,-7.3232663663115805,0.36593591277490184,-1.3314821575587907,9.737751091920211,0.005862658051268493,-0.00036970617943145643,0.24434609527920614,-33.59627617048581,47.57643103445705,-59.375
1773080206.485239,109.85260015261876,1.563184718775425,-7.312997857020362,0.34647620561746356,-1.3064783287359407,9.73515826508753,0.00963815223255502,-0.004870049029957921,0.2301652951067522,-33.59627617048581,47.57643103445705,-59.375
1773080206.51832,110.38150034202195,1.587317835458948,-7.316142673472841,0.3282592793162095,-1.2845271907877878,9.736777879501474,0.004086945602226085,-0.01243560108215395,0.24107360293171676,-33.38162516422096,46.92329919821762,-60.5625
1773080206.580894,110.38150034202195,1.587317835458948,-7.316142673472841,0.3282592793162095,-1.2845271907877878,9.736777879501474,0.004086945602226085,-0.01243560108215395,0.24107360293171676,-33.38162516422096,46.92329919821762,-60.5625
1773080206.6482112,111.55149965189143,1.5881635550477673,-7.316616908810433,0.31295822897464903,-1.2709633632849069,9.737855714801675,0.0026809393326151323,-0.01863883793360795,0.23125612588924865,-32.765017469817444,47.849623224248674,-59.0625
1773080206.7342346,112.3697582052749,1.5820490549481503,-7.3367097419942136,0.3121752372183084,-1.2905377920599084,9.74191811386107,-0.00871836165935932,-0.022385204735648527,0.18544123302439752,-32.765017469817444,47.849623224248674,-59.0625
1773080206.768349,112.3697582052749,1.5820490549481503,-7.3367097419942136,0.3121752372183084,-1.2905377920599084,9.74191811386107,-0.00871836165935932,-0.022385204735648527,0.18544123302439752,-32.765017469817444,47.849623224248674,-59.0625
1773080206.9379025,115.14209717782009,1.5214486042136295,-7.385137941791834,0.30927041767905683,-1.3774113303734543,9.766491401833822,-0.0004133972483003801,-0.016211095263440476,0.21925698728178766,-31.91090728950868,48.854002161648765,-57.875
1773080207.0184445,116.15699279316648,1.4875709110947961,-7.4428046738270455,0.2852530132912408,-1.3940670466603393,9.781045513943296,0.00817389120445217,-0.0248712021643079,0.23889194136672387,-30.55027462325072,48.116974348393555,-57.375
1773080207.06906,117.10247888806353,1.4699459900313538,-7.436407059164078,0.29051517567359725,-1.384084405524115,9.790731112972066,0.005449260802968112,-0.016580801442871933,0.22252947962927702,-30.55027462325072,48.116974348393555,-57.375
1773080207.1255436,117.10247888806353,1.4699459900313538,-7.436407059164078,0.29051517567359725,-1.384084405524115,9.790731112972066,0.005449260802968112,-0.016580801442871933,0.22252947962927702,-30.55027462325072,48.116974348393555,-57.375
1773080207.1916735,118.63396127146643,1.4768886203695226,-7.439354537903649,0.29406174656731443,-1.3668629916165995,9.797176770930482,0.008884176184069132,-0.0200448442032189,0.20616701789183017,-29.18463532929555,48.56579008876551,-55.875
1773080207.2613132,118.63396127146643,1.4768886203695226,-7.439354537903649,0.29406174656731443,-1.3668629916165995,9.797176770930482,0.008884176184069132,-0.0200448442032189,0.20616701789183017,-29.18463532929555,48.56579008876551,-55.875
1773080207.3664584,120.46844171652526,1.4512159882309204,-7.50517430878013,0.3073886347062197,-1.3763651681255222,9.807666019236216,-0.003522297518838868,-0.017232831663996997,0.17998707911191522,-29.17962870159834,49.751633642392676,-55.0625
1773080207.4040294,120.84254244247812,1.4560858555649037,-7.502832085740032,0.3157796015884748,-1.382926741457365,9.811791873581294,0.0020143454218670928,-0.013116758682524965,0.16144295580947549,-29.17962870159834,49.751633642392676,-55.0625
1773080207.446066,121.27138945994213,1.460150826095775,-7.505141810100569,0.34669749017025625,-1.4000942739709639,9.801157136729854,-0.003522297518838868,-0.017232831663996997,0.1505346479845109,-28.646916984210606,49.53197600843062,-55.0625
1773080207.509433,121.64722354290804,1.4335658223151013,-7.531268715503615,0.3768066677994155,-1.4083858463108478,9.76731894449446,0.0006229028418791152,-0.01587051646325497,0.16798794050445423,-28.646916984210606,49.53197600843062,-55.0625
1773080207.5412445,122.12161614322828,1.423472385058323,-7.555018355561474,0.39788839876140625,-1.4170816844645853,9.728074447022584,0.0006083391522561412,-0.019319995533978965,0.1439896632895322,-28.33469733873446,48.58196606480963,-55.0625
1773080207.5689948,122.44737198338436,1.4155215500753826,-7.554927526514624,0.4119180552182457,-1.4228686676170208,9.701957672344811,-0.0038774400086473487,-0.019646010644541495,0.15271630954950383,-28.33469733873446,48.58196606480963,-55.0625
1773080207.6005623,122.44737198338436,1.4155215500753826,-7.554927526514624,0.4119180552182457,-1.4228686676170208,9.701957672344811,-0.0038774400086473487,-0.019646010644541495,0.15271630954950383,-28.33469733873446,48.58196606480963,-55.0625
1773080207.6235185,122.88637355555841,1.4209516721693682,-7.5222261783634785,0.35592065226978864,-1.3672057091045573,9.684577250540242,0.015559065042315412,0.0085581610735066,0.11780972450961724,-28.11086751502473,50.102880743553335,-53.875
1773080207.6390023,122.88637355555841,1.4209516721693682,-7.5222261783634785,0.35592065226978864,-1.3672057091045573,9.684577250540242,0.015559065042315412,0.0085581610735066,0.11780972450961724,-28.11086751502473,50.102880743553335,-53.875
1773080207.6675336,122.98107010559278,1.431484546303123,-7.515694304215667,0.27792303207741126,-1.206224946015922,9.726532561298445,-0.00963815223255502,0.004870049029957921,0.04799655442984406,-28.11086751502473,50.102880743553335,-53.875
1773080207.688544,122.98107010559278,1.431484546303123,-7.515694304215667,0.27792303207741126,-1.206224946015922,9.726532561298445,-0.00963815223255502,0.004870049029957921,0.04799655442984406,-28.11086751502473,50.102880743553335,-53.875
1773080207.7107615,123.16494869338943,1.449125970219702,-7.517691866946562,0.2260164871298911,-1.099094046453387,9.7544533519365,0.005818966982399569,-0.010718143391603438,0.08617563181722002,-27.58816905303141,47.51153600233695,-53.0625
1773080207.7387974,123.3420419821257,1.4888760081563346,-7.501511617679208,0.21178086519212663,-1.228872427896574,9.69944186864943,0.02140715940396093,0.004738975823351149,0.06872233929727672,-27.58816905303141,47.51153600233695,-53.0625
1773080207.7971427,123.47591140121126,1.5047963673754932,-7.478694405534723,0.2944660099646764,-1.2849506128787214,9.662832341040419,-0.00792069454200451,0.003138027649784436,0.039269908169872414,-28.19309461614144,49.352180268102614,-53.0625
1773080207.83641,123.55230475050412,1.4944545587666087,-7.475090957688092,0.26177886003554085,-1.3018009877680579,9.715406678640186,0.008927867252938055,-0.009696406991046918,0.05345070834232634,-28.19309461614144,49.352180268102614,-53.0625
1773080207.8520443,123.55230475050412,1.4944545587666087,-7.475090957688092,0.26177886003554085,-1.3018009877680579,9.715406678640186,0.008927867252938055,-0.009696406991046918,0.05345070834232634,-28.19309461614144,49.352180268102614,-53.0625
1773080207.8726141,123.55230475050412,1.4944545587666087,-7.475090957688092,0.26177886003554085,-1.3018009877680579,9.715406678640186,0.008927867252938055,-0.009696406991046918,0.05345070834232634,-28.19309461614144,49.352180268102614,-53.0625
1773080207.9004824,123.65659959879697,1.5068523348350604,-7.478004932698179,0.3131173827400478,-1.2889933034251313,9.750394313019,-0.0010217364005565212,0.0031089002705384874,0.04036073895236887,-26.298081356596676,48.79077600542774,-54.375
1773080207.917871,123.70128799057542,1.5097571505865874,-7.477345193369349,0.34728259611102197,-1.2804699325661222,9.713466182128865,0.005152373071651529,-0.005196064140520454,0.04908738521234052,-26.298081356596676,48.79077600542774,-54.375
1773080207.9489093,123.76111193927169,1.5179272197877371,-7.4711132645166956,0.3658415255936156,-1.2620861669338372,9.688890923535732,-1.4563689622974668e-05,-0.0034494790707239945,0.05126904677733343,-26.298081356596676,48.79077600542774,-54.375
1773080207.9951932,123.88087145445448,1.5102544891423653,-7.466241352281922,0.33687972384926235,-1.263429300953055,9.682571698587587,-0.0038337489397784258,-0.009297573432369513,0.04908738521234052,-26.95288206873517,48.180843814620495,-54.6875
1773080208.017196,123.94176676232276,1.5088170866779556,-7.426435212034442,0.31760596831291893,-1.2643231416390543,9.695091883511562,-0.0020434728011130424,0.006217800541076975,0.013089969389957472,-26.95288206873517,48.180843814620495,-54.6875
1773080208.072858,123.98831808775694,1.48523563308497,-7.414467810302787,0.3142238462379394,-1.2829409093462532,9.68669836818224,-0.003094336580915513,0.0024277426701674733,0.022907446432425576,-27.88504716041297,47.41396736312566,-54.6875
1773080208.1116033,123.99828625119984,1.4787720640945063,-7.435162572712834,0.3203283585085185,-1.3207539408571127,9.714563694565479,-0.011355609923105529,0.006602070410131405,0.0,-27.88504716041297,47.41396736312566,-54.6875
1773080208.2019596,124.06017043803844,1.453363540933138,-7.43855537446461,0.33710240077062426,-1.3417404525630017,9.726417534582795,0.003804621560532476,0.0023986152909215236,0.015271630954950384,-26.713710706930858,48.65417991053192,-53.1875
1773080208.2345843,124.10526006997992,1.4478337062231514,-7.449043739114081,0.33337564057621705,-1.374684756754504,9.73430613269825,-0.0034786064499699437,-0.0068843944518250134,0.001090830782496456,-26.713710706930858,48.65417991053192,-53.1875
1773080208.2752552,124.10166188442169,1.4350032580374248,-7.4661653010906095,0.3310741657393355,-1.3542965122028914,9.729520571500712,-0.0034494790707239945,1.4563689622974561e-05,0.007635815477475192,-26.713710706930858,48.65417991053192,-53.1875
1773080208.324579,124.12287291220997,1.4082783596661872,-7.479600108471408,0.31683100240664375,-1.3449060015707572,9.726335833981972,0.0006957212899939887,0.0013768788903650029,0.002181661564992912,-26.713710706930858,48.65417991053192,-52.375
1773080208.4374201,124.22029851820227,1.3697355191863443,-7.514709822913289,0.2978186681618678,-1.3417899504179613,9.794463772592806,0.004826357961088997,-0.0007102849796169634,0.006544984694978736,-26.381977333612454,47.644794345434626,-52.6875
1773080208.4528015,124.22029851820227,1.3697355191863443,-7.514709822913289,0.2978186681618678,-1.3417899504179613,9.794463772592806,0.004826357961088997,-0.0007102849796169634,0.006544984694978736,-26.381977333612454,47.644794345434626,-52.6875
1773080208.469482,124.22113403810812,1.3557589929965717,-7.521651014135735,0.283077352920984,-1.3333604744153946,9.839802154699377,0.0034494790707239945,-1.4563689622974561e-05,0.001090830782496456,-26.381977333612454,47.644794345434626,-52.6875
1773080208.5418763,124.24857257130078,1.3168735957126894,-7.5520581064800485,0.32193526204747575,-1.325840575558286,9.843213447869832,0.004811794271466023,-0.004159764050340958,0.02181661564992912,-25.966347983278272,47.78139044033043,-52.375
1773080208.6200743,124.27475481270918,1.3003750845205777,-7.564386414205789,0.33650336590607155,-1.3057830069588034,9.83585191077131,-0.0031089002705384874,-0.0010217364005565212,-0.003272492347489368,-26.298081356596676,48.79077600542774,-51.5
1773080208.6496582,124.26122088084433,1.2883003294651998,-7.591503551558431,0.33733327037272187,-1.3211547249347355,9.830549269540862,-0.022813165673571882,-0.010942212674805149,-0.007635815477475192,-26.298081356596676,48.79077600542774,-51.5
1773080208.6835551,124.26122088084433,1.2883003294651998,-7.591503551558431,0.33733327037272187,-1.3211547249347355,9.830549269540862,-0.022813165673571882,-0.010942212674805149,-0.007635815477475192,-26.298081356596676,48.79077600542774,-51.5
1773080208.7705371,124.20645090518288,1.2732741201992201,-7.688586148378433,0.3694858139275439,-1.3632526466000698,9.806949750792466,0.014819652683452499,-0.003167155029030386,0.03381575425739013,-26.68553094459029,45.96610096805377,-52.6875
1773080208.8003786,124.16600276936587,1.2676667130181527,-7.704093131465947,0.40995030880269123,-1.3850018856557278,9.791244534689305,-0.026574096165235435,-0.002992390753554691,-0.03599741582238305,-26.68553094459029,45.96610096805377,-52.6875
1773080208.8177307,124.11694424905386,1.2629640592018745,-7.730215542606511,0.4337457493500644,-1.3899420931389195,9.824279341006562,-0.012095022281968442,-0.00512324569240558,-0.02181661564992912,-26.68553094459029,45.96610096805377,-52.6875
1773080208.8428378,124.11694424905386,1.2629640592018745,-7.730215542606511,0.4337457493500644,-1.3899420931389195,9.824279341006562,-0.012095022281968442,-0.00512324569240558,-0.02181661564992912,-26.68553094459029,45.96610096805377,-52.6875
1773080208.9433584,123.72118818943125,1.2641241970262962,-7.755615444227446,0.323549124285082,-1.440301421698245,9.814062374148367,-0.0030069544431776643,0.02312461709451144,-0.07744898555724837,-25.82975188838246,47.365761089996255,-52.375
1773080209.0283048,123.30802701180416,1.2331677473055902,-7.775501278232592,0.3126442779180746,-1.458209586210435,9.749146342176978,-0.009326700811615461,-0.003065209201669563,-0.09708393964218458,-26.035736860149,45.39018960523385,-51.5625
1773080209.0556848,123.30802701180416,1.2331677473055902,-7.775501278232592,0.3126442779180746,-1.458209586210435,9.749146342176978,-0.009326700811615461,-0.003065209201669563,-0.09708393964218458,-26.035736860149,45.39018960523385,-51.5625
1773080209.1043437,122.65654136681384,1.1833427499364282,-7.778112946767018,0.3048326981139476,-1.294782085209301,9.726206154014397,-0.00686983076220204,0.006928085520693938,-0.09381144729469522,-25.347749757972732,44.4978864071901,-52.0
1773080209.1344,122.46273860777421,1.1658619243146555,-7.785584071801661,0.287057986794622,-1.214274753888684,9.71074967934002,-0.009283009742746538,0.007283228010502419,-0.11780972450961724,-25.347749757972732,44.4978864071901,-52.0
1773080209.2280347,121.78213653035671,1.1096814071400847,-7.793450526674656,0.2901261399385327,-1.1621820610653435,9.727069393053611,-0.007565552052196028,0.005551206630328935,-0.11780972450961724,-23.372178273210327,44.29190143542356,-51.1875
1773080209.3201134,121.3885248891266,1.0993620435757256,-7.810312330296211,0.29933751986137996,-1.1610323628999097,9.7447752723508,0.0038774400086473487,0.019646010644541495,-0.1341721862470641,-24.976988928969813,43.36974959914018,-51.1875
1773080209.3475914,121.14019272192334,1.0812801506468142,-7.802779934666382,0.3054675903021789,-1.1602672516137833,9.756558337235447,0.006261491609945898,0.012391910013285025,-0.1090830782496456,-24.976988928969813,43.36974959914018,-51.1875
1773080209.4076326,120.77446430207408,1.0322577434642948,-7.8138916845405255,0.29365763678077494,-1.1649801265564061,9.700842712851653,-0.00686983076220204,0.006928085520693938,-0.09708393964218458,-23.324484783027504,41.5444468714691,-51.1875
1773080209.4563,120.57634931500706,1.0143510767705324,-7.821227893513567,0.27953178709008153,-1.1490491558776006,9.663764587208542,0.007623806810687926,0.008246709652567042,-0.12326387842209953,-23.324484783027504,41.5444468714691,-51.1875
1773080209.5006094,120.17576714376546,0.9628184564705684,-7.832088860036741,0.26904212171520364,-1.1458474612117486,9.639089508782854,0.0006957212899939887,0.0013768788903650029,-0.11671889372712078,-22.456701940523224,41.10596604149452,-51.5
1773080209.6460397,119.69166586643883,0.9000859973772976,-7.839077450898441,0.25997254740278775,-1.1373609904079443,9.629358743143884,-0.006558379341262481,-0.0010071727109335466,-0.0818123086872342,-22.456701940523224,41.10596604149452,-51.5
1773080209.7601192,118.35508867310095,0.8559905696142596,-7.879682197060804,0.2636831442182952,-1.2091043171952716,9.759056382476976,-0.013652279386666232,0.034553045465731846,-0.10581058590215622,-21.35809211570998,39.16441538471942,-51.1875
1773080209.9253685,117.92004554781293,0.8087776345538522,-7.913928558251785,0.2770264359062573,-1.3064839755977242,9.719230692591493,0.006942649210316912,0.010319309832926034,-0.1308996938995747,-21.35809211570998,39.16441538471942,-51.1875
1773080209.988221,117.37727063598939,0.7485406981806495,-7.944609419539007,0.28590624747026155,-1.3712890504624964,9.69607225256213,-0.014109367703835534,0.007993512990119382,-0.09490227807719166,-19.880377082398468,38.07113384260634,-50.0
1773080210.028429,117.03198940420455,0.7047769422701857,-7.948184113137266,0.31088299917897,-1.4081496463168586,9.680660569419315,-0.0034494790707239945,1.4563689622974561e-05,-0.13853550937704992,-19.880377082398468,38.07113384260634,-50.0
1773080210.133178,116.02875906215851,0.6224516252807507,-7.915275045719995,0.3301666013372307,-1.3520702339348216,9.676959258219531,0.008348655479927865,0.016522546684380034,-0.13744467859455345,-19.167869624682726,38.30529857671345,-50.6875
1773080210.257015,115.79046028888989,0.6158375461290998,-7.91563882333631,0.3016946153774074,-1.277777831380312,9.681321532019728,0.0010508637798024704,0.0037900578709095015,-0.08944812416470939,-18.816622523522067,37.23653739013984,-51.5
1773080210.3193533,115.41518261629855,0.5858839125526074,-7.933010089040838,0.28274682677406787,-1.2283370673808,9.684224576503969,-0.014138495083081485,0.0010945548486713938,-0.11562806294462433,-18.816622523522067,37.23653739013984,-51.5
1773080210.3738728,115.20298934704559,0.5653049299095655,-7.919497742724469,0.2788051861231619,-1.1468113620910916,9.686156520179098,0.0017320213801734845,0.0017174576905505097,-0.025089107997418487,-18.247386664298418,36.30520673641158,-51.1875
1773080210.4432552,114.97278826035682,0.5161905510374353,-7.947227466610096,0.3537810023332095,-1.2536741861604777,9.687442207113673,0.0023694879116755744,-0.010703579701980465,-0.06217735460229799,-18.247386664298418,36.30520673641158,-51.1875
1773080210.5382693,114.69636705509171,0.49061719457627806,-7.923844191455969,0.3730760680642179,-1.3066779539062428,9.688297817406568,0.003123463960161462,0.004471215471280515,-0.09817477042468103,-16.607720742602087,36.12040436838636,-51.1875
1773080210.5634458,114.51434668916843,0.46922609713783586,-7.945228784882697,0.3244030896508795,-1.3797734175906347,9.688867216498696,0.0013914425799879775,0.0027537577807300057,-0.06326818538479445,-16.607720742602087,36.12040436838636,-51.1875
1773080210.6114826,114.3172796383374,0.4467020709126209,-7.96631744341266,0.2920117662295973,-1.4284176321427666,9.70931681547782,0.005210627830143428,0.008601852142375525,-0.06872233929727672,-16.710296009510593,35.231438922140754,-51.5
1773080210.65356,114.3172796383374,0.4467020709126209,-7.96631744341266,0.2920117662295973,-1.4284176321427666,9.70931681547782,0.005210627830143428,0.008601852142375525,-0.06872233929727672,-16.710296009510593,35.231438922140754,-51.5
1773080210.7290483,113.71644401973491,0.379388022201216,-7.955024728410326,0.3451244610294901,-1.4319519667549485,9.776552388568176,0.012464728461399899,0.010985903743674074,-0.05672320068981571,-15.426883816672133,34.92955418706199,-51.5
1773080210.8057287,113.50960940320527,0.35556114269907724,-7.96600693198742,0.34629306286835504,-1.3934962709433374,9.784395876519103,-0.007580115741819003,0.002101727559604941,-0.06872233929727672,-15.426883816672133,34.92955418706199,-51.5
1773080210.8224423,113.50960940320527,0.35556114269907724,-7.96600693198742,0.34629306286835504,-1.3934962709433374,9.784395876519103,-0.007580115741819003,0.002101727559604941,-0.06872233929727672,-15.426883816672133,34.92955418706199,-51.5
1773080210.8857508,113.3126999857171,0.3319424630795134,-7.96698595562084,0.34707075433798174,-1.3679044349589795,9.789615630132943,-0.00343491538110102,0.003464042760346969,-0.07853981633974483,-14.57778026406058,34.748089570834914,-50.375
1773080210.9858549,112.8696522601416,0.28086767958610276,-7.959103824260332,0.33087774586223767,-1.3000271238393066,9.793089317854486,-0.0009926090213105716,0.010007858411986476,-0.0719948316447661,-14.57778026406058,34.748089570834914,-50.375
1773080211.0392148,112.63331373532671,0.2545169740116278,-7.960017628585018,0.3221902987920617,-1.261211310297364,9.792055906522219,-0.003079772891292538,0.005877221740891468,-0.05126904677733343,-14.721051862552672,33.58259418299954,-50.6875
1773080211.0679843,112.63331373532671,0.2545169740116278,-7.960017628585018,0.3221902987920617,-1.261211310297364,9.792055906522219,-0.003079772891292538,0.005877221740891468,-0.05126904677733343,-14.721051862552672,33.58259418299954,-50.6875
1773080211.1116264,112.4203941373967,0.2499833493493771,-7.970188839751665,0.30687523165857283,-1.2385130487602616,9.777987735995278,-0.0010217364005565212,0.0031089002705384874,-0.08508480103472356,-14.721051862552672,33.58259418299954,-50.6875
1773080211.1490905,112.4203941373967,0.2499833493493771,-7.970188839751665,0.30687523165857283,-1.2385130487602616,9.777987735995278,-0.0010217364005565212,0.0031089002705384874,-0.08508480103472356,-14.721051862552672,33.58259418299954,-50.6875
1773080211.1776676,112.06034025636454,0.2194383712120006,-7.956164143845489,0.31666098962854833,-1.252053274334267,9.731829296880848,0.018341950202291363,0.014065676634966611,-0.06981317007977318,-14.125626771890484,34.17301264596452,-51.5625
1773080211.2120075,111.90731382155911,0.20879665842141634,-7.9564589528182355,0.33043950877238504,-1.2938874466356385,9.694421147859106,-0.003079772891292538,0.005877221740891468,-0.07744898555724837,-14.125626771890484,34.17301264596452,-51.5625
1773080211.2369516,111.74474837604409,0.19268970631497834,-7.961847375189873,0.34487566791361557,-1.3270389901614918,9.669526442561542,-0.0027537577807300057,0.0013914425799879775,-0.06217735460229799,-14.125626771890484,34.17301264596452,-51.1875
1773080211.3085566,111.56170005133981,0.18563579912516956,-7.986698134724166,0.3544827705596405,-1.3491009720509413,9.696445746473245,0.0024568700494134225,0.0099932947223635,-0.09053895494720585,-14.125626771890484,34.17301264596452,-51.1875
1773080211.3384693,111.36044331666075,0.1563086625862474,-7.972683796764266,0.3821216667626635,-1.34271614028128,9.724395577640113,0.0051815004508974786,0.0017028940009275351,-0.08617563181722002,-13.515694581083249,33.518211933826024,-50.0
1773080211.3716307,111.20849516787895,0.1304595451789213,-7.9584211487068925,0.40051504343907474,-1.3384671060618143,9.742995878061592,-0.014479073883266991,0.00213085493885089,-0.07090400086226964,-13.515694581083249,33.518211933826024,-50.0
1773080211.438026,110.91252000314049,0.10620602138106654,-8.012930985830101,0.4179776781064329,-1.3515288681759643,9.762064393627755,-0.0017320213801734845,-0.0017174576905505097,-0.06981317007977318,-12.349364755298343,33.572580927605124,-51.1875
1773080211.4622192,110.80434766260606,0.09378835026693148,-8.01824903643019,0.4390878739501138,-1.3676661739242424,9.77475427772776,0.004159764050340958,0.004811794271466023,-0.08508480103472356,-12.349364755298343,33.572580927605124,-51.1875
1773080211.4948885,110.80434766260606,0.09378835026693148,-8.01824903643019,0.4390878739501138,-1.3676661739242424,9.77475427772776,0.004159764050340958,0.004811794271466023,-0.08508480103472356,-12.349364755298343,33.572580927605124,-51.1875
1773080211.5664651,110.35360988548685,0.08576165591114358,-7.953586342325033,0.40551279331106294,-1.3834934367594984,9.78319925384102,0.017675356291543327,0.019587755886049597,-0.13199052468207118,-12.03765789276878,27.819821147999164,-52.0
1773080211.5921655,110.21617667582672,0.06629543704360469,-7.954032947766906,0.391524228934699,-1.419449418450062,9.695156163302888,-0.0010071727109335464,0.006558379341262482,-0.032724923474893676,-12.03765789276878,27.819821147999164,-52.0
1773080211.6152344,110.21617667582672,0.06629543704360469,-7.954032947766906,0.391524228934699,-1.419449418450062,9.695156163302888,-0.0010071727109335464,0.006558379341262482,-0.032724923474893676,-12.03765789276878,27.819821147999164,-52.0
1773080211.6315584,110.1425151386523,0.0554565940598551,-7.909507508860849,0.3506594048122894,-1.4009314298000397,9.700121592494593,0.020726001803589914,0.0068115760037101404,-0.02399827721492203,-10.993738716737592,31.649709560722748,-52.0
1773080211.6609502,110.16296091397945,0.046615783236678254,-7.889911338530834,0.3234643208488219,-1.3886079152129374,9.703426030154194,0.00556577031995191,0.011015031122920023,0.02399827721492203,-10.993738716737592,31.649709560722748,-52.0
1773080211.689547,110.16296091397945,0.046615783236678254,-7.889911338530834,0.3234643208488219,-1.3886079152129374,9.703426030154194,0.00556577031995191,0.011015031122920023,0.02399827721492203,-10.993738716737592,31.649709560722748,-52.0
1773080211.7409394,110.20111898286353,0.06855200407687684,-7.859903086745921,0.3383927110043242,-1.215869691100487,9.670292321813555,-0.005536642940705961,-0.004116072981472034,0.001090830782496456,-10.637484987879722,31.766791927776303,-52.0
1773080211.8154693,110.23071861825235,0.07058512331618148,-7.859849217042556,0.3591042998226161,-1.1630271497621285,9.620017861291682,0.002384051601298549,-0.00725410063125647,0.004363323129985824,-10.637484987879722,31.766791927776303,-52.0
1773080211.8336604,110.3540616760204,0.07980820288185045,-7.899417507007272,0.37288763081758264,-1.1278610287913151,9.586560769416897,-0.0238931568326203,-0.021631228687162638,0.06326818538479445,-9.924977530163982,32.00095666188341,-52.0
1773080211.8526344,110.3540616760204,0.07980820288185045,-7.899417507007272,0.37288763081758264,-1.1278610287913151,9.586560769416897,-0.0238931568326203,-0.021631228687162638,0.06326818538479445,-9.924977530163982,32.00095666188341,-52.0
1773080211.8684235,110.5164624403051,0.0972855354382459,-7.9634431287472465,0.37266059730280093,-1.075857363656262,9.554260113392473,-0.03664020933571381,-0.01778291605776124,0.0916297857297023,-9.924977530163982,32.00095666188341,-52.0
1773080211.9072816,110.5164624403051,0.0972855354382459,-7.9634431287472465,0.37266059730280093,-1.075857363656262,9.554260113392473,-0.03664020933571381,-0.01778291605776124,0.0916297857297023,-9.924977530163982,32.00095666188341,-52.0
1773080211.9232008,110.97446853624874,0.1441588919406143,-7.967882195608571,0.4073769710431559,-1.0509171554127092,9.53276438763019,-0.0024568700494134225,-0.0099932947223635,0.19634954084936207,-9.715333151596342,30.161981272016817,-50.6875
1773080211.9471967,111.34280057670763,0.19444543707812212,-7.961444389537919,0.3987014361152933,-1.0447638213403794,9.51845922225838,-0.004544033919395389,-0.014123931393458508,0.2203478180642841,-9.715333151596342,30.161981272016817,-50.6875
1773080211.9778264,111.34280057670763,0.19444543707812212,-7.961444389537919,0.3987014361152933,-1.0447638213403794,9.51845922225838,-0.004544033919395389,-0.014123931393458508,0.2203478180642841,-9.715333151596342,30.161981272016817,-50.6875
1773080212.0747218,112.80981016748125,0.28661767527553783,-7.959018953359563,0.3066169959750472,-1.1260467554207354,9.739941340243183,0.008898739873692108,-0.016595365132494908,0.18980455615438332,-9.179283682410468,30.732886007139534,-52.0
1773080212.1406474,113.47736922317051,0.31795509416863255,-7.952681538553317,0.3133112472813672,-1.1782526220389646,9.80017297331886,0.016522546684380034,-0.008348655479927865,0.20943951023931956,-9.179283682410468,30.732886007139534,-52.0
1773080212.206887,114.31777029802102,0.3659249273812003,-7.9406488403814635,0.3177661967460363,-1.2129950430956546,9.783389553274866,-0.0017902761386653834,-0.015515373973446487,0.19853120241435498,-8.272473384221673,30.17565393421233,-51.5
1773080212.241146,114.31777029802102,0.3659249273812003,-7.9406488403814635,0.3177661967460363,-1.2129950430956546,9.783389553274866,-0.0017902761386653834,-0.015515373973446487,0.19853120241435498,-8.272473384221673,30.17565393421233,-51.5
1773080212.3536835,115.86531324573099,0.47270348454011357,-8.000038066535993,0.3574859761676418,-1.1931559457964895,9.692361210801904,-0.008674670590490397,-0.012036767523476544,0.18762289458939044,-7.798302850360714,30.13412316467921,-50.375
1773080212.3767068,116.33002416619608,0.505183431257339,-7.997885032093526,0.3893869751139346,-1.2442478365066432,9.61128867843655,0.01065988863311154,-0.007978949300496408,0.20507618710933373,-7.145171014121285,30.348774170944058,-52.375
1773080212.4241831,116.33002416619608,0.505183431257339,-7.997885032093526,0.3893869751139346,-1.2442478365066432,9.61128867843655,0.01065988863311154,-0.007978949300496408,0.20507618710933373,-7.145171014121285,30.348774170944058,-52.375
1773080212.4774768,116.68088994488308,0.5342818948985892,-7.990960655694865,0.4069192462793528,-1.2644810395435309,9.605058577738586,-0.00215998231809684,-0.02137803202471498,0.21380283336930536,-7.1883706595534775,29.47932245254071,-52.0
1773080212.5443647,117.36961349415525,0.5717053450267665,-7.9786497377584435,0.4069192462793528,-1.2644810395435309,9.605058577738586,-0.00215998231809684,-0.02137803202471498,0.21380283336930536,-7.1883706595534775,29.47932245254071,-52.0
1773080212.5779583,118.73583086966364,0.6747877473101206,-7.841098792352481,0.27839594320966493,-1.2549020564294557,9.719236489352829,0.034451099638371015,-0.010494074108401731,0.15271630954950383,-8.199425100549846,28.75230789467992,-52.75
1773080212.6374657,118.73583086966364,0.6747877473101206,-7.841098792352481,0.27839594320966493,-1.2549020564294557,9.719236489352829,0.034451099638371015,-0.010494074108401731,0.15271630954950383,-8.199425100549846,28.75230789467992,-52.75
1773080212.656059,118.63720659685528,0.6590534558643709,-7.8523469698201325,0.19155306341825942,-1.1006643142002863,9.759633232681113,-0.0035077338292158933,-0.013783352593273002,-0.05890486225480862,-8.199425100549846,28.75230789467992,-52.75
1773080212.721649,118.6615915695347,0.6679401292020244,-7.876506928124791,0.13376009701561,-0.9980208196952475,9.786516814104894,-0.011000467433297047,0.009015249390675904,0.014180800172453928,-8.012632201622607,26.18214575720486,-54.0
1773080212.752745,118.6615915695347,0.6679401292020244,-7.876506928124791,0.13376009701561,-0.9980208196952475,9.786516814104894,-0.011000467433297047,0.009015249390675904,0.014180800172453928,-8.012632201622607,26.18214575720486,-54.0
1773080212.8147144,119.08243458953017,0.6876183621042289,-7.876987503563119,0.18805611910089187,-1.008383509388465,9.80440753723314,0.021733174514523463,0.00025319666244765887,-0.03490658503988659,-8.012632201622607,26.18214575720486,-54.0
1773080212.8867655,119.4109066340203,0.7053279383962116,-7.778705668446563,0.298342596257291,-1.2409099099182963,9.859800065817668,0.03791514239871799,-0.007059158727300712,0.04254240051736178,-7.329973382146499,28.709108249247727,-52.6875
1773080212.9780529,119.5893839105733,0.7169706761614101,-7.82242208584129,0.29486986611007443,-1.311760795340765,9.920078956766819,0.02076969287245884,0.017160013215882123,0.08072147790473774,-7.329973382146499,28.709108249247727,-52.6875
1773080213.0437384,119.5893839105733,0.7169706761614101,-7.82242208584129,0.29486986611007443,-1.311760795340765,9.920078956766819,0.02076969287245884,0.017160013215882123,0.08072147790473774,-7.329973382146499,28.709108249247727,-52.6875
1773080213.0763817,119.10124819502016,0.7207876748545069,-7.901708539184222,0.332763986047161,-1.5173038944522046,9.926677911450838,-0.003760930491663552,0.007949821921250459,-0.11017390903214205,-6.208512077692856,27.498744340081096,-53.1875
1773080213.15759,119.10124819502016,0.7207876748545069,-7.901708539184222,0.332763986047161,-1.5173038944522046,9.926677911450838,-0.003760930491663552,0.007949821921250459,-0.11017390903214205,-6.208512077692856,27.498744340081096,-53.1875
1773080213.2503746,118.12794351144221,0.6077819766920539,-7.896292195893891,0.35982126381939467,-1.5593450134354268,9.904373405229457,4.3691068868924275e-05,0.010348437212171983,-0.10690141668465268,-5.2219779922359555,27.09929096579103,-52.375
1773080213.3739312,117.44721782097156,0.5995335956857527,-7.886912671559085,0.31920666098093453,-1.4410953361923122,9.906255564033385,-0.011384737302351478,-0.0002968877313165827,-0.11017390903214205,-3.9589139651892906,26.65914125991738,-53.875
1773080213.468623,116.76897475619589,0.5535045505004749,-7.900054455052009,0.26502344711200915,-1.2797763729260796,9.930923901643544,-0.005478388182214061,0.009681843301423944,-0.11562806294462433,-3.7442629589244425,26.006009423677952,-54.375
1773080213.5099025,116.76897475619589,0.5535045505004749,-7.900054455052009,0.26502344711200915,-1.2797763729260796,9.930923901643544,-0.005478388182214061,0.009681843301423944,-0.11562806294462433,-3.7442629589244425,26.006009423677952,-54.375
1773080213.5726838,116.18122358283875,0.49772535424712794,-7.898767700405867,0.228965123548397,-1.1724204049232967,9.947340404759718,-0.007550988362573053,0.009000685701052929,-0.09381144729469522,-3.632187219568098,24.463912141192917,-55.1875
1773080213.6374822,115.61844072597026,0.4436990920366463,-7.89704232667246,0.26413826945617597,-1.2105332377548144,9.8942168261708,0.00038426986905443125,0.009312137121992487,-0.10035643198967395,-0.027475851450361376,16.89868785816186,-56.375
1773080213.72473,115.61844072597026,0.4436990920366463,-7.89704232667246,0.26413826945617597,-1.2105332377548144,9.8942168261708,0.00038426986905443125,0.009312137121992487,-0.10035643198967395,-0.027475851450361376,16.89868785816186,-56.375
1773080213.781729,114.9605902707296,0.4087900796633102,-7.9091516628938905,0.298887417651697,-1.2123215277860413,9.876080692175035,0.00661663409975438,0.014805088993829523,-0.10471975511965978,-1.641274196711108,23.21034858659409,-55.875
1773080213.8732917,114.55671562325263,0.3558240058729587,-7.906544582011641,0.33350109310710757,-1.2484683980545548,9.823869957106913,0.0006957212899939887,0.0013768788903650029,-0.11126473981463851,-1.641274196711108,23.21034858659409,-55.875
1773080213.9386582,114.13270216030853,0.31611339062784916,-7.898675236168724,0.34382454992468786,-1.2767013747966018,9.789124296151204,0.00451490654014944,0.007224973252010521,-0.12217304763960307,-1.9398211799917366,22.71749876284041,-56.6875
1773080213.9702966,113.72868671759983,0.2731264569137896,-7.895564219711027,0.32844946942488396,-1.3028009725747804,9.78607211716356,0.0014496973384798763,0.016551674063625982,-0.08617563181722002,-1.9398211799917366,22.71749876284041,-56.6875
1773080214.0242426,113.40936211604522,0.22610230198543385,-7.89250579499721,0.305684610007119,-1.2820352907308312,9.81414693150823,-0.0020434728011130424,0.006217800541076975,-0.11562806294462433,-1.4282920663453291,22.161935565812275,-57.875
1773080214.0622249,113.40936211604522,0.22610230198543385,-7.89250579499721,0.305684610007119,-1.2820352907308312,9.81414693150823,-0.0020434728011130424,0.006217800541076975,-0.11562806294462433,-1.4282920663453291,22.161935565812275,-57.875
1773080214.0989716,113.05287227225493,0.2118279098847492,-7.902328211995962,0.2617105428521294,-1.3305060364774173,9.852901077082299,-0.0016446392424356367,0.01897941673379346,-0.10690141668465268,-1.4282920663453291,22.161935565812275,-57.875
1773080214.1524334,112.550284025881,0.1620635054533421,-7.898848999841332,0.2803379362024678,-1.2942062437241695,9.87869152804967,0.00038426986905443125,0.009312137121992487,35.612352556161795,-1.1746136043959632,21.390052486620224,-57.875
1773080214.194856,112.23508599828249,0.13004568100136243,-7.889869158638796,0.2791569337081146,-1.2287365751439445,9.895854785070242,-0.0010071727109335464,0.006558379341262482,-0.1090830782496456,-1.1746136043959632,21.390052486620224,-57.875
1773080214.2286365,112.23508599828249,0.13004568100136243,-7.889869158638796,0.2791569337081146,-1.2287365751439445,9.895854785070242,-0.0010071727109335464,0.006558379341262482,-0.1090830782496456,-1.1746136043959632,21.390052486620224,-57.875
1773080214.3497303,111.48738304908488,0.11216983038060076,-7.8549777215917365,0.30291378300219274,-1.232441682801294,9.757764054591705,0.010066113170478376,0.01479052530420655,-0.10799224746714914,-0.008283778611058237,21.444421480399324,-58.5625
1773080214.4365883,110.90052480973378,0.13571404091110292,-7.828963673578087,0.34117933917477955,-1.3306379721065618,9.698299992576178,0.010095240549724322,0.021689483445654537,-0.12326387842209953,1.6704095987697896,21.140867869421488,-63.0625
1773080214.5536187,110.51524619953281,0.11400322931787446,-7.814379512544767,0.31897629858621973,-1.4116526495848527,9.678797993805858,-0.001659202932058611,0.015529937663069463,-0.0916297857297023,1.6704095987697896,21.140867869421488,-63.0625
1773080214.6423383,109.7118670642114,0.04432602441937933,-7.820025627100914,0.3268029336737972,-1.3736315233559164,9.629023402695296,-0.002058036490736017,0.0027683214703529803,-0.12980886311707826,1.93776072291467,18.926125022854766,-63.375
1773080214.7368455,109.30064731478804,0.04085956167375491,-7.805078255761505,0.2875210205126679,-1.3629506228530912,9.729703436622607,0.0017757124490424085,0.012065894902722493,-0.15271630954950383,1.93776072291467,18.926125022854766,-63.375
1773080214.7619638,108.73085987684365,0.03666477000590007,-7.800030435908298,0.33442614134415116,-1.3423992600259451,9.736492863799814,-0.0033620969329861464,0.020711438113966942,-0.13744467859455345,2.414434570624234,19.477516030135224,-65.875
1773080214.7800164,108.73085987684365,0.03666477000590007,-7.800030435908298,0.33442614134415116,-1.3423992600259451,9.736492863799814,-0.0033620969329861464,0.020711438113966942,-0.13744467859455345,2.414434570624234,19.477516030135224,-65.875
1773080214.815608,108.51343276916782,0.026757527866825562,-7.785325296105621,0.3370399708326842,-1.3381222439602802,9.81125849759708,4.3691068868924275e-05,0.010348437212171983,-0.12326387842209953,2.414434570624234,19.477516030135224,-65.875
1773080214.860061,108.07720970619485,0.02680691421787618,-7.795295507110101,0.3346018067935651,-1.3225643800080749,9.790766845848601,-0.0006374665315020897,0.012421037392530974,-0.10471975511965978,3.839449486055715,19.94584549834944,-67.0625
1773080214.9013824,107.83084180892513,0.005048659580700797,-7.800218473901172,0.3202676783237027,-1.3163884337059595,9.847377226370444,-0.006232364230699949,-0.005492951871837037,-0.10581058590215622,3.839449486055715,19.94584549834944,-67.0625
1773080214.925773,107.6232788736269,-0.004169636483475407,-7.805115861768024,0.2950623320796556,-1.2646100696645963,9.80476812125268,0.0031525913394074116,0.011370173612728504,-0.09272061651219876,4.312785581967139,19.70667413654512,-66.5625
1773080214.9756544,107.32092367224132,-0.004893065488727377,-7.795567352618737,0.29208908345611584,-1.2185743200716543,9.786447572893657,0.002101727559604941,0.007580115741819003,-0.12980886311707826,4.312785581967139,19.70667413654512,-66.5625
1773080215.052934,107.32092367224132,-0.004893065488727377,-7.795567352618737,0.29208908345611584,-1.2185743200716543,9.786447572893657,0.002101727559604941,0.007580115741819003,-0.12980886311707826,4.312785581967139,19.70667413654512,-66.5625
1773080215.119617,106.55479424191215,-0.03740649932790218,-7.805275020995802,0.2890660101191761,-1.1847601535860934,9.754184782370746,-0.007137591114272673,0.02521178096449341,-0.12435470920459599,3.0497215549204744,20.146823842418772,-69.0625
1773080215.1735165,106.20931276783702,-0.06114880319403793,-7.815294284815237,0.2870541885833846,-1.1622572035189422,9.732714255676733,-0.013058503924033064,0.011783570861028885,-0.10690141668465268,3.0497215549204744,20.146823842418772,-69.0625
1773080215.239506,105.51993881522618,-0.05867919722841779,-7.815995411467542,0.28530008358127434,-1.1958034750539204,9.715607315709217,-0.004072381912603109,0.015885080152877942,-0.14289883250703572,5.8353691366099145,19.878125497377777,-69.75
1773080215.2958343,105.51993881522618,-0.05867919722841779,-7.815995411467542,0.28530008358127434,-1.1958034750539204,9.715607315709217,-0.004072381912603109,0.015885080152877942,-0.14289883250703572,5.8353691366099145,19.878125497377777,-69.75
1773080215.3355954,104.92922033479476,-0.049480407350428676,-7.816966578238864,0.2822805449160348,-1.2055629428039107,9.713731605966665,-0.0016737666216815855,0.012080458592345467,-0.1461713248545251,4.664032683127799,18.63791294997151,-71.0
1773080215.4349005,104.2449032621667,-0.05044909684781508,-7.783427380338971,0.2794946297362236,-1.1454114037180554,9.7392442357446,0.00107999115904842,0.01068901601235749,-0.1439896632895322,6.918637423328575,18.98415342343496,-72.5625
1773080215.4711065,103.91295378423368,-0.05247254716702375,-7.763791630394028,0.2554400692239004,-1.1021140157877325,9.756222605867068,0.014537328641758891,0.011667061344045087,-0.12217304763960307,6.918637423328575,18.98415342343496,-72.5625
1773080215.5215836,103.66089570484517,-0.0691870995410794,-7.754143797901348,0.23625413852552035,-1.074344497374954,9.767521521522749,-0.0013331878214960784,0.01104415850216597,-0.1265363707695889,6.370584167846254,20.251389640229302,-73.75
1773080215.5485349,103.46338740789324,-0.08380095074954476,-7.783721636276545,0.2307523224955344,-1.0886874965131976,9.75497015343053,-0.01450820126251294,-0.004768103202597098,-0.11453723216212788,6.370584167846254,20.251389640229302,-73.75
1773080215.5957272,103.20253620064885,-0.11101364910100703,-7.772803420176893,0.2542902353721263,-1.1702796484695197,9.746617358173127,-0.000340578800185507,0.0010363000901794958,-0.11671889372712078,6.185781799821041,18.61172371853297,-74.1875
1773080215.6271546,102.93822723536006,-0.09362874425296011,-7.759533747073053,0.24453133837997196,-1.2329335908830934,9.86482779940698,0.011073285881411921,0.008232145962944068,-0.1341721862470641,6.185781799821041,18.61172371853297,-74.1875
1773080215.6706028,102.45869991422936,-0.12194347158760671,-7.774220504159305,0.29217699114846896,-1.2268253559751543,9.922255564293645,-0.014094804014212559,0.011442992060843378,-0.10799224746714914,6.726837896704125,20.368472007282854,-74.5
1773080215.6977627,102.45869991422936,-0.12194347158760671,-7.774220504159305,0.29217699114846896,-1.2268253559751543,9.922255564293645,-0.014094804014212559,0.011442992060843378,-0.10799224746714914,6.726837896704125,20.368472007282854,-74.5
1773080215.7167854,102.3125092887073,-0.08706613085392154,-7.771251254075842,0.315413393931735,-1.227386049442606,9.908120606011838,-0.0032892784848712734,0.03795883346758692,-0.13526301702956053,6.726837896704125,20.368472007282854,-74.5
1773080215.7343216,102.16797714145217,-0.07655987139852263,-7.762148061891389,0.30863173472503713,-1.2350700518212003,9.93551017795364,0.006319746368437798,0.026189826296181003,-0.11562806294462433,6.726837896704125,20.368472007282854,-74.5
1773080215.7554939,101.96517357604654,-0.09032133330518638,-7.76226977549251,0.296629106697858,-1.2602507548559554,9.953737632119344,-0.0006665939107480392,0.005522079251082985,-0.12326387842209953,7.907674822634081,19.177621825958482,-75.375
1773080215.78966,101.96517357604654,-0.09032133330518638,-7.76226977549251,0.296629106697858,-1.2602507548559554,9.953737632119344,-0.0006665939107480392,0.005522079251082985,-0.12326387842209953,7.907674822634081,19.177621825958482,-75.375
1773080215.8057656,101.72294388699814,-0.10675583434779451,-7.76215585340262,0.31597478364053905,-1.3173210444560213,9.925726458764782,-0.018254568064553518,0.006631197789377354,-0.10581058590215622,7.907674822634081,19.177621825958482,-75.375
1773080215.8283517,101.47777264907133,-0.0797231308664957,-7.779347792586018,0.3223146943297119,-1.3997018148296994,9.823457543119645,-0.013369955344972623,0.01971882909265637,-0.11999138607461016,8.62018228034982,19.41178656006559,-76.5
1773080215.8624916,101.47777264907133,-0.0797231308664957,-7.779347792586018,0.3223146943297119,-1.3997018148296994,9.823457543119645,-0.013369955344972623,0.01971882909265637,-0.11999138607461016,8.62018228034982,19.41178656006559,-76.5
1773080215.883043,101.2253311187322,-0.09163759708519315,-7.774511735275417,0.3646685066856302,-1.441992382163831,9.755398722176448,-0.013102194992901989,0.0014351336488569017,-0.08835729338221293,8.62018228034982,19.41178656006559,-76.5
1773080215.9382596,100.85082965783518,0.5718695140679763,-7.179774646918942,0.3551664291763362,-1.3768884199564873,9.753592789300749,-0.0037754941812865265,0.004500342850526464,-0.08399397025222712,7.795599083277735,20.719719108443517,-77.0
1773080215.996057,100.41316787997603,-0.12569016747131775,-7.755124639023691,0.3248214821383026,-1.260471004523453,9.799222525048034,-0.009978731032740527,0.005906349120137417,-0.1505346479845109,7.795599083277735,20.719719108443517,-77.0
1773080216.0470362,100.07247570360087,-0.15867192681772616,-7.754086244212375,0.2569589180926144,-1.1986626588905698,9.789447263982472,-0.00029688773131658267,0.011384737302351478,-0.1308996938995747,8.663381925782014,20.281238278468937,-79.0
1773080216.0780642,99.80511802706808,-0.1736600693041271,-7.7786956190230345,0.2420850179435037,-1.2496886874661621,9.833118612549953,-0.006203236851453999,0.0014060062696109523,-0.11780972450961724,8.663381925782014,20.281238278468937,-79.0
1773080216.124366,99.80511802706808,-0.1736600693041271,-7.7786956190230345,0.2420850179435037,-1.2496886874661621,9.833118612549953,-0.006203236851453999,0.0014060062696109523,-0.11780972450961724,8.663381925782014,20.281238278468937,-79.0
1773080216.1687508,99.22323526961554,-0.17135821386938152,-7.751326135116152,0.2595189318337449,-1.3630514434644925,9.838095020124666,-0.00789156716275856,0.010036985791232425,-0.11453723216212788,9.19609364316975,20.06158064450688,-79.6875
1773080216.2021322,-103.23882074514975,-4.875401139305596,1.068033716327973,0.24078943154837976,-1.3178196858693325,9.855457815709581,-0.0006374665315020897,0.012421037392530974,-0.15162547876700738,9.19609364316975,20.06158064450688,-79.6875
1773080216.2325842,98.79899687543704,-0.14988305271622446,-7.744902034885986,0.19563583672598797,-1.2632504297561904,9.867012562216207,-0.0037318031124176027,0.014848780062698448,-0.1559888018969932,9.298668910078254,20.950546090752486,-79.6875
1773080216.2507126,98.5317488331093,-0.16713412958106436,-7.73453120007685,0.17080867172707687,-1.2428246463138084,9.914843457429223,-0.003065209201669563,0.009326700811615461,-0.15271630954950383,9.298668910078254,20.950546090752486,-79.6875
1773080216.3116589,98.24119420088925,-0.21103553324119592,-7.72700613273986,0.20195481152505237,-1.2135653717337944,9.839630809253157,-0.00792069454200451,0.003138027649784436,-0.10471975511965978,9.55234737202762,20.17866301156043,-82.375
1773080216.3279688,98.15727495338103,-0.21756534700390137,-7.736518846438386,0.27908033756764355,-1.3656996781100335,9.789577632072316,-0.013783352593273002,0.0035077338292158937,-0.07417649320975901,9.55234737202762,20.17866301156043,-82.375
1773080216.364153,98.15727495338103,-0.21756534700390137,-7.736518846438386,0.27908033756764355,-1.3656996781100335,9.789577632072316,-0.013783352593273002,0.0035077338292158937,-0.07417649320975901,9.55234737202762,20.17866301156043,-82.375
1773080216.3994596,97.87941188414098,-0.23636303525124536,-7.736305678086826,0.3081612879090762,-1.4742542266912266,9.756267801789091,0.0003551424898084818,0.0024131789805444987,-0.10253809355466686,9.220613998709219,21.18804857665773,-82.375
1773080216.4149153,97.67584646465268,-0.2393379873359743,-7.726706078345103,0.2888711806263168,-1.4289141589126213,9.747480928660067,0.0007102849796169635,0.004826357961088997,-0.1265363707695889,9.220613998709219,21.18804857665773,-82.375
1773080216.430258,97.55701533767856,-0.24736016254336896,-7.726380241713276,0.29510116602111625,-1.3924743927396785,9.741633362748507,-0.0010071727109335464,0.006558379341262482,-0.09926560120717749,9.220613998709219,21.18804857665773,-82.375
1773080216.4596875,97.55701533767856,-0.24736016254336896,-7.726380241713276,0.29510116602111625,-1.3924743927396785,9.741633362748507,-0.0010071727109335464,0.006558379341262482,-0.09926560120717749,9.220613998709219,21.18804857665773,-82.375
1773080216.5195212,97.32409342529641,-0.26755991486495107,-7.720673161335523,0.3070046249518633,-1.2846885836541144,9.727706537833997,-0.002724630401484056,0.008290400721435966,-0.11017390903214205,9.91527660448177,21.87687011678354,-82.375
1773080216.5575144,96.96039129771987,-0.2629036189002763,-7.77716209681366,0.3640134946927822,-1.362319132824442,9.681642162645705,-0.007195845872764572,0.011413864681597429,-0.08726646259971647,9.91527660448177,21.87687011678354,-82.375
1773080216.5980253,96.63668802685173,-0.26861894118088475,-7.763323028793459,0.35182060029036877,-1.2614427056523732,9.650986835530684,-0.008572724763129575,0.012109585971591418,-0.10144726277217041,10.823755778569636,21.71491922839872,-83.6875
1773080216.627802,96.48310242103837,-0.28004904592876717,-7.772720504177575,0.35623928036516583,-1.2324452428466048,9.670727398265912,-0.0034057880018550702,0.010363000901794957,-0.07963064712224129,10.823755778569636,21.71491922839872,-83.6875
1773080216.6504092,96.3739165827588,-0.28406344109827614,-7.787593066993687,0.3369346369037179,-1.2204586224116114,9.68386452224967,0.001094554848671394,0.014138495083081485,-0.10253809355466686,10.823755778569636,21.71491922839872,-83.6875
1773080216.6743543,96.3739165827588,-0.28406344109827614,-7.787593066993687,0.3369346369037179,-1.2204586224116114,9.68386452224967,0.001094554848671394,0.014138495083081485,-0.10253809355466686,10.823755778569636,21.71491922839872,-83.6875
1773080216.7180884,96.17376478401896,-0.27147858826538723,-7.7748883626855685,0.3240876123271215,-1.212481660411447,9.692607131509572,-0.002695503022238107,0.015189358862883955,-0.09490227807719166,10.90181068993867,21.477416742493475,-84.75
1773080216.761735,95.90770860661105,-0.24042061546838994,-7.734622947015102,0.2785371191806137,-1.2017277302998335,9.698425240310693,0.0003551424898084818,0.0024131789805444987,-0.10362892433716332,10.90181068993867,21.477416742493475,-84.75
1773080216.8081486,95.52632662452268,-0.2826274079080355,-7.7470528781009635,0.24822377482396135,-1.194571109939825,9.702297126725304,-0.0041015092918490585,0.008986122011429955,-0.09817477042468103,10.823755778569636,21.71491922839872,-85.6875
1773080216.8720822,95.28064733845684,-0.2608759892501109,-7.715828938419907,0.2196953060461544,-1.164385343959116,9.758395611199532,0.00902981308029888,0.014449946504021042,-0.10690141668465268,10.823755778569636,21.71491922839872,-85.6875
1773080216.9024274,95.28064733845684,-0.2608759892501109,-7.715828938419907,0.2196953060461544,-1.164385343959116,9.758395611199532,0.00902981308029888,0.014449946504021042,-0.10690141668465268,10.823755778569636,21.71491922839872,-85.6875
1773080216.93992,94.67356000845423,-0.28529181511607976,-7.701336821166016,0.24288825790607432,-1.1762099295722115,9.795728525956,-0.00617410947220805,0.00830496441105894,-0.1265363707695889,11.496401342651321,21.87019461318726,-87.5625
1773080216.9592607,94.67356000845423,-0.28529181511607976,-7.701336821166016,0.24288825790607432,-1.1762099295722115,9.795728525956,-0.00617410947220805,0.00830496441105894,-0.1265363707695889,11.496401342651321,21.87019461318726,-87.5625
1773080217.0111592,94.39556839158047,-0.30280187801294384,-7.690591893934275,0.24896788257503108,-1.144899977003396,9.820573163690446,0.0031525913394074116,0.011370173612728504,-0.13526301702956053,11.496401342651321,21.87019461318726,-87.5625
1773080217.059864,93.72805857784275,-0.2591588984666161,-7.700049999316132,0.25888421035979553,-1.1091527365320224,9.727733329502817,0.008022640369365333,0.021008325845283525,-0.1439896632895322,11.79494832593195,22.363044436940942,-88.375
1773080217.1245012,93.28141774820187,-0.22765921011293988,-7.686939806195389,0.26592412840497404,-1.1087634226751701,9.68500510390934,0.004218018808832856,0.018609710554362,-0.1341721862470641,11.912030692985503,22.00679070808307,-88.375
1773080217.1443703,93.08875185706376,-0.19703980179392122,-7.697601750062994,0.288364078275738,-1.1625284581884543,9.656569947082437,-0.016819434415696614,0.01973339278227934,-0.10799224746714914,11.912030692985503,22.00679070808307,-88.375
1773080217.2151601,93.08875185706376,-0.19703980179392122,-7.697601750062994,0.3350765080888306,-1.187864392814372,9.640991779562967,-0.010290182453680083,0.013841607351764899,-0.15162547876700738,12.48293542810822,21.470741238897197,-89.6875
1773080217.271735,92.08472662269891,-0.15239330776150609,-7.716563984465181,0.2964728449112531,-1.174811796572575,9.707562252366639,-0.0068843944518250134,0.0034786064499699437,-0.11453723216212788,12.48293542810822,21.470741238897197,-89.6875
1773080217.311719,92.08472662269891,-0.15239330776150609,-7.716563984465181,0.2964728449112531,-1.174811796572575,9.707562252366639,-0.0068843944518250134,0.0034786064499699437,-0.11453723216212788,12.48293542810822,21.470741238897197,-89.6875
1773080217.3365512,91.84710549812642,-0.1838363234344445,-7.718733363251654,0.2962056533735596,-1.157770162850014,9.78197016374245,-0.007565552052196028,0.005551206630328935,-0.1407171709420428,12.566831405124,22.616722898890306,-91.1875
1773080217.3863487,91.56469442289688,-0.15383986251496387,-7.7253548232846425,0.28418205000152413,-1.196096984704064,9.854903579523455,0.01803049878135181,0.022000934866594095,-0.1341721862470641,12.566831405124,22.616722898890306,-91.1875
1773080217.4462395,91.17096194048021,-0.17871766212680643,-7.679905925137893,0.30160359134569587,-1.2132477797785823,9.880024171054842,0.012819870951208378,0.01339908272421857,-0.1538071403320003,13.263162886795623,23.700825623558504,-92.75
1773080217.5406508,90.23136001087035,-0.15468079007927465,-7.66698443964787,0.31651627070334865,-1.1902830716977264,9.856535822848837,-0.0016446392424356367,0.01897941673379346,-0.12326387842209953,13.521847976442201,24.114786097993615,-95.5625
1773080217.5938847,89.97273965868315,-0.12561298179681257,-7.659318228524722,0.31467705607422064,-1.2051117260322501,9.77406683612031,-0.010290182453680083,0.013841607351764899,-0.11235557059713497,13.521847976442201,24.114786097993615,-95.5625
1773080217.6448646,89.54663224267344,-0.1272654218629235,-7.647928873980769,0.34400892109547887,-1.2436703555261697,9.71918464669142,0.007297791700125394,0.012732488813470532,-0.13199052468207118,13.219963241363429,22.831373905155154,-94.0
1773080217.7350044,89.12498728962576,-0.13425271767117664,-7.640961830442323,0.3476395026863428,-1.2745527406829458,9.68266116270072,0.002782885159975955,0.0055075155614600114,-0.1308996938995747,13.219963241363429,22.831373905155154,-94.0
1773080217.7542355,88.76402118770932,-0.14691161598592234,-7.632370615459195,0.32194587643362915,-1.1881454541555383,9.651664968684319,0.008674670590490397,0.012036767523476544,-0.13308135546456762,14.389630818946477,23.676305268019036,-95.0625
1773080217.7877831,88.60588142902795,0.37935788305274576,-8.365027277525128,0.29849127641010686,-1.1327311893868588,9.631037347816578,0.00044252462754633,0.023110053404888465,-0.11562806294462433,14.389630818946477,23.676305268019036,-95.0625
1773080217.8219059,88.3929439291554,-0.15383086575581245,-7.644713688607194,0.2805703798645059,-1.1423882251560795,9.721008359481623,-0.005152373071651529,0.005196064140520454,-0.10690141668465268,15.042762655185905,23.890956274283884,-96.6875
1773080217.8521535,88.15761238370325,-0.18104531058258727,-7.652626173301682,0.28848800563834964,-1.2091947728893895,9.780883062702655,0.008630979521621474,0.0016883303113045603,-0.09490227807719166,15.042762655185905,23.890956274283884,-96.6875
1773080217.8867075,88.15761238370325,-0.18104531058258727,-7.652626173301682,0.28848800563834964,-1.2091947728893895,9.780883062702655,0.008630979521621474,0.0016883303113045603,-0.09490227807719166,15.042762655185905,23.890956274283884,-96.6875
1773080217.9083247,87.96535404021651,-0.1576577163999845,-7.618406195363336,0.2968903259191796,-1.2631874522813,9.820729008851993,0.01002242210160945,0.004442088092034566,-0.08399397025222712,15.146172360043943,24.977562312800682,-97.5625
1773080217.923753,87.87379825270605,-0.1540011984428135,-7.620271559765862,0.3130600539507709,-1.2991636378893328,9.776998695052287,-0.003065209201669563,0.009326700811615461,-0.08617563181722002,15.146172360043943,24.977562312800682,-97.5625
1773080217.9442706,87.87379825270605,-0.1540011984428135,-7.620271559765862,0.3130600539507709,-1.2991636378893328,9.776998695052287,-0.003065209201669563,0.009326700811615461,-0.08617563181722002,15.146172360043943,24.977562312800682,-97.5625
1773080217.9663193,87.71951505588157,-0.1740270615254098,-7.618116797556701,0.32382082732809764,-1.323105387531153,9.788038000206027,-0.007935258231627483,-0.0003114514209395575,-0.08290313946973066,15.146172360043943,24.977562312800682,-97.5625
1773080217.9925253,87.603436441896,-0.1817617540897827,-7.618206340247024,0.33098200180499365,-1.3390383544709168,9.755243193980892,0.005225191519766403,0.012051331213099517,-0.08617563181722002,15.146172360043943,24.977562312800682,-98.6875
1773080218.011243,87.46408403132155,-0.19323104548070352,-7.602172932214903,0.29797029569380545,-1.277549859124343,9.773559957267885,-0.00029688773131658267,0.011384737302351478,-0.08617563181722002,15.146172360043943,24.977562312800682,-98.6875
1773080218.0512543,87.22714782819243,-0.19778908745107046,-7.568801843454499,0.27286814526771747,-1.2270962841892679,9.745608218135894,0.01002242210160945,0.004442088092034566,-0.10799224746714914,14.471857920063188,24.427005743469756,-98.75
1773080218.0930176,87.22714782819243,-0.19778908745107046,-7.568801843454499,0.26251872333750226,-1.1914311744906616,9.72700664798494,0.0024423063597904483,0.006543815651639507,-0.09053895494720585,14.471857920063188,24.427005743469756,-98.75
1773080218.1124234,86.97568435317885,-0.18913998302384807,-7.567621918157303,0.26251872333750226,-1.1914311744906616,9.72700664798494,0.0024423063597904483,0.006543815651639507,-0.09053895494720585,14.471857920063188,24.427005743469756,-98.75
1773080218.139176,86.83353091914844,-0.18485440953087318,-7.575210911495754,0.27443067129763443,-1.224898451312194,9.714627510842632,0.007297791700125394,0.012732488813470532,-0.08726646259971647,16.868065382856987,25.54346042022619,-100.25
1773080218.1721387,86.62162885952537,-0.1854350734630232,-7.557325110671222,0.2780463194031825,-1.26619322587934,9.739840450431643,-0.013087631303279014,0.004884612719580896,-0.09053895494720585,16.868065382856987,25.54346042022619,-100.25
1773080218.1866553,86.62162885952537,-0.1854350734630232,-7.557325110671222,0.2780463194031825,-1.26619322587934,9.739840450431643,-0.013087631303279014,0.004884612719580896,-0.09053895494720585,16.868065382856987,25.54346042022619,-100.25
1773080218.2054307,86.45046528596919,-0.18532450453305835,-7.523885202999247,0.27523044487130216,-1.2777849901385363,9.75661938008114,0.004840921650711972,0.0027391940911070307,-0.10144726277217041,15.881531297400082,25.942913794516254,-101.5
1773080218.2203696,86.45046528596919,-0.18532450453305835,-7.523885202999247,0.27523044487130216,-1.2777849901385363,9.75661938008114,0.004840921650711972,0.0027391940911070307,-0.10144726277217041,15.881531297400082,25.942913794516254,-101.5
1773080218.247226,86.29797022231769,-0.17196366635111096,-7.5332325508892515,0.2870231577340296,-1.3056555862732004,9.720954006427485,-0.012036767523476544,0.008674670590490397,-0.09272061651219876,15.881531297400082,25.942913794516254,-101.5
1773080218.281955,86.29797022231769,-0.17196366635111096,-7.5332325508892515,0.2870231577340296,-1.3056555862732004,9.720954006427485,-0.012036767523476544,0.008674670590490397,-0.09272061651219876,15.881531297400082,25.942913794516254,-101.5
1773080218.3140285,85.96621381514082,-0.18207307308287388,-7.549807261637017,0.2948710764109405,-1.324203156665861,9.657077758181472,-0.005137809382028555,0.008645543211244448,-0.11017390903214205,15.287775082636964,25.747776516093666,-103.0625
1773080218.3406823,85.78159606612572,-0.15344012552697373,-7.5477816303402845,0.2937379998544762,-1.3386351767549145,9.614568828518198,-0.006470997203524634,0.01968970171341042,-0.09272061651219876,15.287775082636964,25.747776516093666,-103.0625
1773080218.3805432,85.78159606612572,-0.15344012552697373,-7.5477816303402845,0.2937379998544762,-1.3386351767549145,9.614568828518198,-0.006470997203524634,0.01968970171341042,-0.09272061651219876,15.287775082636964,25.747776516093666,-103.0625
1773080218.4302726,85.50402486360723,-0.16008013820648406,-7.539663432140845,0.2950727692461183,-1.3545953036769045,9.586279610683148,0.003079772891292538,-0.005877221740891468,-0.05345070834232634,16.321681003273735,27.205977821562918,-103.375
1773080218.4668086,85.26579997783445,-0.144590959400037,-7.510210081607911,0.2646287556257845,-1.2698799083228975,9.600904569298384,-0.001941526973752219,0.030364154036144935,-0.08508480103472356,16.321681003273735,27.205977821562918,-103.375
1773080218.532751,84.82715079049926,-0.1556381058752651,-7.472679729676818,0.32336923315063404,-1.2931732967120098,9.613982427592651,0.00871836165935932,0.022385204735648527,-0.10035643198967395,16.974812839513163,27.420628827827766,-105.875
1773080218.587518,84.63449407799858,-0.15265295495746029,-7.470633179089737,0.26190163527831456,-1.3241176272985051,9.696278053759263,-0.0006520302211250646,0.00897155832180698,-0.07635815477475191,16.974812839513163,27.420628827827766,-105.875
1773080218.6197677,84.63449407799858,-0.15265295495746029,-7.470633179089737,0.26190163527831456,-1.3241176272985051,9.696278053759263,-0.0006520302211250646,0.00897155832180698,-0.07635815477475191,16.974812839513163,27.420628827827766,-105.875
1773080218.6611626,84.18608881264167,-0.19337931727196217,-7.4524991337356115,0.28773131260634893,-1.3227781322149115,9.744354650256124,-0.010319309832926032,0.006942649210316913,-0.11235557059713497,17.493017456755847,28.446190368969187,-108.1875
1773080218.7722871,83.54822924142915,-0.18982668636127617,-7.430441718812535,0.20710069386509083,-1.3278793850942745,9.79764102920708,-0.015486246594200538,0.008689234280113372,-0.08835729338221293,16.038153903084734,30.270658658690728,-110.5625
1773080218.8347073,83.16228059964473,-0.20575289601416244,-7.4574543250436065,0.19505963832277298,-1.3578368797797233,9.75494367909359,-0.011029594812542997,0.0021162912492279154,-0.08835729338221293,16.038153903084734,30.270658658690728,-110.5625
1773080218.900965,82.92948610848617,-0.21441835654445274,-7.4280446589438345,0.23153690174943367,-1.3631515235670237,9.783395968578144,0.007609243121064952,0.004797230581843047,-0.08835729338221293,16.29683899273131,30.684619133125842,-111.75
1773080218.9328246,82.92948610848617,-0.21441835654445274,-7.4280446589438345,0.23153690174943367,-1.3631515235670237,9.783395968578144,0.007609243121064952,0.004797230581843047,-0.08835729338221293,16.29683899273131,30.684619133125842,-111.75
1773080218.9494956,82.73746216173427,-0.22095142082424554,-7.423776544981163,0.251723795937724,-1.3328206466115724,9.815711096226494,0.01421131353119636,0.016152840504948578,-0.05890486225480862,16.29683899273131,30.684619133125842,-111.75
1773080218.9789414,82.59071776125995,-0.1474366652870883,-7.371312777036389,0.25775776015735746,-1.311546716614014,9.837216452692843,0.010406691970663884,0.013754225214027053,-0.05126904677733343,16.458789881116125,31.593098307213708,-113.375
1773080219.022399,82.4464768312663,-0.11145034689065451,-7.350931984626967,0.2564619267641112,-1.302655862413159,9.801351351580834,0.0010508637798024704,0.0037900578709095015,-0.08944812416470939,16.458789881116125,31.593098307213708,-113.375
1773080219.053364,82.25438743782254,-0.11635154264221478,-7.362347031210554,0.2587327928903254,-1.3062727664132683,9.750722633771668,-0.000340578800185507,0.0010363000901794958,-0.11126473981463851,15.257604789394378,32.6456835177432,-114.875
1773080219.0740626,82.25438743782254,-0.11635154264221478,-7.362347031210554,0.2587327928903254,-1.3062727664132683,9.750722633771668,-0.000340578800185507,0.0010363000901794958,-0.11126473981463851,15.257604789394378,32.6456835177432,-114.875
1773080219.1137798,82.14254754640015,-0.13320847120480092,-7.3602904883988005,0.26019936831961993,-1.3192578533666426,9.743790681288058,-0.0003114514209395576,0.007935258231627485,-0.09926560120717749,15.257604789394378,32.6456835177432,-114.875
1773080219.168946,81.47447761082847,-0.17616848682798425,-7.359097680003009,0.2687826780686109,-1.3548210161063956,9.752821291785425,-0.006543815651639507,0.002442306359790448,-0.1265363707695889,14.906357688233717,33.71444470431681,-115.25
1773080219.2134678,81.47447761082847,-0.17616848682798425,-7.359097680003009,0.2687826780686109,-1.3548210161063956,9.752821291785425,-0.006543815651639507,0.002442306359790448,-0.1265363707695889,14.906357688233717,33.71444470431681,-115.25
1773080219.2396555,81.0916007396124,-0.18384919910142905,-7.373015869907538,0.2710204323960806,-1.3748558065006073,9.731806867923389,-0.0027391940911070307,0.004840921650711972,-0.10581058590215622,15.248938754896072,35.27438683874503,-116.875
1773080219.2723582,81.0916007396124,-0.18384919910142905,-7.373015869907538,0.2710204323960806,-1.3748558065006073,9.731806867923389,-0.0027391940911070307,0.004840921650711972,-0.10581058590215622,15.248938754896072,35.27438683874503,-116.875
1773080219.332591,80.75586909065898,-0.19713915087570363,-7.359229190879945,0.3189102610271448,-1.4222350911739783,9.717822003589701,-0.0027683214703529803,-0.002058036490736017,-0.10690141668465268,15.248938754896072,35.27438683874503,-116.875
1773080219.359714,80.29597936842782,-0.18584421769907739,-7.358266772819568,0.3107355576621457,-1.4176303012108475,9.708515232596802,0.013856171041387876,0.013739661524404078,-0.13962634015954636,15.136863015539726,36.81648412123007,-117.75
1773080219.4050715,79.90836952311221,-0.1770819094299719,-7.345376665082392,0.31922999346125913,-1.3712538049693193,9.735772797537667,0.01905223518190833,0.018892034596055606,-0.14508049407202864,15.136863015539726,36.81648412123007,-117.75
1773080219.445506,79.63149120544335,-0.1707562608300944,-7.330765134652266,0.30281636234702636,-1.3053893209402851,9.787363519592054,0.007000903968808812,0.02411722611582201,-0.11999138607461016,14.61416455354641,39.40782886244645,-118.875
1773080219.508364,79.2654261391969,-0.197762639495042,-7.324032886345886,0.2918932741927778,-1.2615572425734585,9.821696568813122,-0.00686983076220204,0.006928085520693938,-0.1461713248545251,14.61416455354641,39.40782886244645,-118.875
1773080219.5356307,79.2654261391969,-0.197762639495042,-7.324032886345886,0.2918932741927778,-1.2615572425734585,9.821696568813122,-0.00686983076220204,0.006928085520693938,-0.1461713248545251,14.61416455354641,39.40782886244645,-118.875
1773080219.5635896,78.87032592916717,-0.20387973486732947,-7.328609171679578,0.3106896602179845,-1.3224127964134094,9.824474159300538,0.0031817187186533617,0.01826913175417649,-0.1189005552921137,13.424661593118152,43.227382364772666,-120.0625
1773080219.6276543,78.55505422529764,-0.2351948209780547,-7.350519275073972,0.32319844514836993,-1.3629114876928177,9.705898593278695,-0.014819652683452499,0.003167155029030386,-0.13199052468207118,13.424661593118152,43.227382364772666,-120.0625
1773080219.6646447,78.24797332158349,-0.24534408025932183,-7.352425057294801,0.2981017948644628,-1.2881704540359953,9.747411900130519,0.008319528100681916,0.009623588542932045,-0.10362892433716332,12.40660999352255,45.524352312456095,-123.25
1773080219.708129,77.84921660041977,-0.2501179580932719,-7.331277817302169,0.2644663979347561,-1.240475289621642,9.724861866496594,-0.0017465850697964593,-0.005166936761274504,-0.1538071403320003,12.40660999352255,45.524352312456095,-123.25
1773080219.7218757,77.72067395775683,-0.2513968589079157,-7.343173091639606,0.2431268266013764,-1.2119125798782626,9.776757305159986,-0.009935039963871604,0.016254786332309402,-0.11562806294462433,12.055362892361888,46.593113499029705,-122.5
1773080219.7421649,77.52153895737483,-0.2233354621745002,-7.344141467186537,0.23632576861793342,-1.1939934858122194,9.794567581343843,0.0032108460978993096,0.025168089895624482,-0.11562806294462433,12.055362892361888,46.593113499029705,-122.5
1773080219.7805066,77.52153895737483,-0.2233354621745002,-7.344141467186537,0.23632576861793342,-1.1939934858122194,9.794567581343843,0.0032108460978993096,0.025168089895624482,-0.11562806294462433,12.055362892361888,46.593113499029705,-122.5
1773080219.8399184,77.1977070187697,-0.21706556808251004,-7.320105556696892,0.23179974050274774,-1.182068528880664,9.869977243629446,0.013116758682524963,0.002014345421867093,-0.11780972450961724,11.709122418898435,48.84771823923048,-122.75
1773080219.8627634,76.86007803204225,-0.23941443688242703,-7.303721349738159,0.22565449057712647,-1.1645989350997823,9.856604409060324,0.004573161298641337,0.0210228895349065,-0.10144726277217041,11.709122418898435,48.84771823923048,-122.75
1773080219.9097455,76.47880311862738,-0.21818198167497957,-7.269326148827049,0.19614178032275395,-1.1613283923174533,9.911262059477991,0.009370391880484387,0.013413646413841546,-0.14508049407202864,9.391482650420253,52.29651091255377,-122.75
1773080219.9245045,76.32777705327737,-0.20872084588922474,-7.274675696973268,0.21377030679128076,-1.1011287671705794,9.877388769411281,0.0007831034277318364,0.02207375331470897,-0.14944381720201447,9.391482650420253,52.29651091255377,-122.75
1773080219.942357,76.16507836845197,-0.21971452566565403,-7.258428403234024,0.19372300038777776,-1.0715106850225835,9.868226920090606,0.0007685397381088625,0.018624274243984974,-0.13962634015954636,9.391482650420253,52.29651091255377,-122.75
1773080219.972516,76.16507836845197,-0.21971452566565403,-7.258428403234024,0.21216063576409638,-1.041356086295375,9.825333582931746,-0.00922475498425464,0.0210811442933984,-0.1308996938995747,9.455864899593776,53.501868194023196,-123.1875
1773080220.0034754,75.97258471118407,-0.20061081052149776,-7.256887338095054,0.21216063576409638,-1.041356086295375,9.825333582931746,-0.00922475498425464,0.0210811442933984,-0.1308996938995747,9.455864899593776,53.501868194023196,-123.1875
1773080220.0241125,75.68174919313022,-0.16533203522710094,-7.266738793978857,0.1978738302570769,-1.0476220805271124,9.823549439861052,-0.00789156716275856,0.010036985791232425,-0.11453723216212788,9.455864899593776,53.501868194023196,-123.1875
1773080220.0640435,75.37692615768452,-0.1567176654997226,-7.258953867498355,0.2149229666743072,-1.0254584868568362,9.795601218919135,0.003522297518838868,0.017232831663996997,-0.136353847812057,6.836340396036822,55.66724867450802,-122.375
1773080220.0921535,75.18959001992474,-0.1221410501900711,-7.241319968803933,0.15953329943463698,-1.0326414642709154,9.803762883742927,0.005239755209389376,0.015500810283823514,-0.12435470920459599,6.836340396036822,55.66724867450802,-122.375
1773080220.1369474,74.81741986892096,-0.13619982512523346,-7.243882239222462,0.17034043539690724,-1.0217555116308097,9.748982369779641,-0.004826357961088997,0.0007102849796169634,-0.1308996938995747,5.914188559753445,57.27205933026751,-122.375
1773080220.167566,74.59471089171075,-0.13463310610236437,-7.24317743871915,0.20050947466560098,-1.0844245982113587,9.699146102846235,-0.008543597383883625,0.019008544113039406,-0.13308135546456762,5.914188559753445,57.27205933026751,-122.375
1773080220.1962097,74.43710594590605,-0.11946411406165718,-7.245702684543795,0.24165346755727055,-1.1473756519816087,9.655945288787674,0.0007685397381088625,0.018624274243984974,-0.07635815477475191,7.124552468920079,58.393520634721156,-122.0
1773080220.218847,74.43710594590605,-0.11946411406165718,-7.245702684543795,0.24165346755727055,-1.1473756519816087,9.655945288787674,0.0007685397381088625,0.018624274243984974,-0.07635815477475191,7.124552468920079,58.393520634721156,-122.0
1773080220.251664,74.08726957964615,-0.1412310587838567,-7.260684919507292,0.2554771029373872,-1.2275924429480212,9.628133722836594,-0.008601852142375525,0.005210627830143428,-0.11344640137963143,7.124552468920079,58.393520634721156,-122.0
1773080220.29933,73.84377800196641,-0.15668275106551574,-7.260526592455676,0.23078877242867935,-1.2054280085104696,9.628758013395435,-0.008927867252938055,0.009696406991046918,-0.09708393964218458,4.685658143640668,61.210364075546345,-121.1875
1773080220.3167567,73.84377800196641,-0.15668275106551574,-7.260526592455676,0.23078877242867935,-1.2054280085104696,9.628758013395435,-0.008927867252938055,0.009696406991046918,-0.09708393964218458,4.685658143640668,61.210364075546345,-121.1875
1773080220.3338323,73.69996362222878,-0.1122801408957599,-7.2718982062681645,0.21749219303586848,-1.200211493138664,9.629173471788562,-0.006826139693333116,0.017276522732865923,-0.13853550937704992,4.685658143640668,61.210364075546345,-121.1875
1773080220.368211,73.29280328716057,-0.06926125203700564,-7.267042534010303,0.2277108042893353,-1.190473502882998,9.612724396171616,-0.006144982092962101,0.015203922552506927,-0.14289883250703572,4.023860272902934,63.62441639028333,-121.1875
1773080220.4163573,73.09372914249994,-0.04410289159987115,-7.278823170852611,0.21966613859810577,-1.1923929164894942,9.635228837169947,-0.009891348895002679,0.026603223544481382,-0.11780972450961724,4.023860272902934,63.62441639028333,-121.1875
1773080220.4352753,72.80141864976162,-0.03135583340946711,-7.278347646336991,0.21431250344539646,-1.1936702648033626,9.650205291263259,0.006631197789377355,0.018254568064553518,-0.13853550937704992,2.8642059507143065,65.15117213467379,-118.5
1773080220.4563615,72.80141864976162,-0.03135583340946711,-7.278347646336991,0.21431250344539646,-1.1936702648033626,9.650205291263259,0.006631197789377355,0.018254568064553518,-0.13853550937704992,2.8642059507143065,65.15117213467379,-118.5
1773080220.500888,72.5057172417493,-0.015622187557931454,-7.283752007122462,0.22537145333401454,-1.2390107772199959,9.660171954164403,-0.007536424672950079,0.012450164771776925,-0.1407171709420428,2.8642059507143065,65.15117213467379,-118.5
1773080220.5420449,72.13480352707346,0.0013122080301015144,-7.255288635837606,0.22033212768366991,-1.199315475898539,9.666804656990195,0.000340578800185507,-0.0010363000901794958,-0.11235557059713497,0.42447718748535956,67.77037498322778,-118.0
1773080220.555713,71.99393605855727,-0.001277207082778245,-7.267791815559043,0.24526689294335882,-1.2375455541860092,9.671218646628613,-0.00512324569240558,0.012095022281968442,-0.14289883250703572,0.42447718748535956,67.77037498322778,-118.0
1773080220.5851943,71.83865496122755,-0.023717699242064946,-7.258526246595731,0.2430613280400307,-1.205785235307789,9.640704990352292,0.012790743571962433,0.006500124582770583,-0.13308135546456762,0.42447718748535956,67.77037498322778,-118.0
1773080220.6002235,71.83865496122755,-0.023717699242064946,-7.258526246595731,0.2430613280400307,-1.205785235307789,9.640704990352292,0.012790743571962433,0.006500124582770583,-0.13308135546456762,0.42447718748535956,67.77037498322778,-118.0
1773080220.6196954,71.72277209335776,-0.02481130744114957,-7.2555823704129505,0.24890441637400162,-1.2068943235716765,9.590292487594402,-0.00789156716275856,0.010036985791232425,-0.10253809355466686,0.488859436658881,68.9757322646972,-116.375
1773080220.6873436,71.17394186500174,-0.0689824236567765,-7.236280778045227,0.23690347946630386,-1.2128544573786528,9.55674353015358,-0.004811794271466023,0.004159764050340958,-0.10581058590215622,-1.2628822243937918,70.70263191520745,-115.1875
1773080220.7271068,70.95264697531294,-0.03897663504510266,-7.198784560635275,0.2225612112445274,-1.2189096790308132,9.638115536670025,-0.0006229028418791152,0.01587051646325497,-0.0916297857297023,-1.2628822243937918,70.70263191520745,-115.1875
1773080220.7512891,70.95264697531294,-0.03897663504510266,-7.198784560635275,0.2225612112445274,-1.2189096790308132,9.638115536670025,-0.0006229028418791152,0.01587051646325497,-0.0916297857297023,-1.2628822243937918,70.70263191520745,-115.1875
1773080220.8087475,70.53781489694485,-0.021152232721494982,-7.192718339218179,0.1773280234092415,-1.1572034333059367,9.705648144851123,0.0024423063597904483,0.006543815651639507,-0.12217304763960307,-2.8958726424938415,72.46855902140221,-113.6875
1773080220.8249643,70.354823281202,-0.0013134795388730029,-7.192655996592665,0.14722584219267476,-1.1161386160799613,9.750590341206982,-0.005405569734099188,0.026929238655043916,-0.09926560120717749,-2.8958726424938415,72.46855902140221,-113.6875
1773080220.856357,70.24302107560183,0.03236974305349232,-7.196093967618613,0.14308262377882872,-1.0835883909834534,9.780498870844577,-0.012659670365355659,0.024545187053745365,-0.10799224746714914,-2.8958726424938415,72.46855902140221,-113.6875
1773080220.9043756,69.99380355899517,0.05758459580867792,-7.184361760589458,0.1633470298270825,-1.1212620685052803,9.803747774925549,-0.00617410947220805,0.00830496441105894,-0.09926560120717749,-3.3642021107080557,73.89357393683369,-110.5
1773080220.9447215,69.99380355899517,0.05758459580867792,-7.184361760589458,0.1633470298270825,-1.1212620685052803,9.803747774925549,-0.00617410947220805,0.00830496441105894,-0.09926560120717749,-3.3642021107080557,73.89357393683369,-110.5
1773080221.0074987,69.49545622284364,0.0573853391468594,-7.200611512720173,0.25340815705201997,-1.3401911879047963,9.682413852986373,-0.004072381912603109,0.015885080152877942,-0.07526732399225546,-3.7764937092440993,74.54754021102266,-109.6875
1773080221.1106625,69.14785250886662,0.05118269736773948,-7.201257175725172,0.2873903669027338,-1.3282081986778103,9.638119940002776,-0.006203236851453999,0.0014060062696109523,-0.04036073895236887,-3.7764937092440993,74.54754021102266,-109.6875
1773080221.1643798,69.14785250886662,0.05118269736773948,-7.201257175725172,0.2873903669027338,-1.3282081986778103,9.638119940002776,-0.006203236851453999,0.0014060062696109523,-0.04036073895236887,-3.7764937092440993,74.54754021102266,-109.6875
1773080221.207085,68.70818959841642,0.013830349731063129,-7.213680741036317,0.29053753229233253,-1.2383046935813908,9.722736060428685,-0.009312137121992487,0.0003842698690544314,-0.08290313946973066,-5.80226199803793,76.90805796993008,-104.875
1773080221.2799523,68.70818959841642,0.013830349731063129,-7.213680741036317,0.29053753229233253,-1.2383046935813908,9.722736060428685,-0.009312137121992487,0.0003842698690544314,-0.08290313946973066,-5.80226199803793,76.90805796993008,-104.875
1773080221.3332121,68.11033744006497,0.14976889489606965,-7.171508284901854,0.20509572188200395,-1.2990916903422465,9.775342604968603,0.008022640369365333,0.021008325845283525,-0.09708393964218458,-6.610669219065897,77.36605252774692,-102.0625
1773080221.3523152,67.91123184132903,0.12457498467498312,-7.177655960524167,0.22872679570473792,-1.3166124072523924,9.70330809807209,0.0027974488495989295,0.008956994632184006,-0.08399397025222712,-6.610669219065897,77.36605252774692,-102.0625
1773080221.3919423,67.91123184132903,0.12457498467498312,-7.177655960524167,0.22872679570473792,-1.3166124072523924,9.70330809807209,0.0027974488495989295,0.008956994632184006,-0.08399397025222712,-6.610669219065897,77.36605252774692,-102.0625
1773080221.4587593,67.59383400911054,0.13599129181613054,-7.178960406685239,0.24340860176603885,-1.325094359252386,9.655369938410628,-0.010703579701980465,-0.0023694879116755744,-0.05126904677733343,-7.850881766472162,78.53738898122903,-99.375
1773080221.4811933,67.47612745869849,0.16337726048794474,-7.170845185034454,0.2343798070492424,-1.2735369946381947,9.623467628660256,-0.00448577916090349,-0.0003260151105625323,-0.05235987755982989,-7.850881766472162,78.53738898122903,-99.375
1773080221.509817,67.47612745869849,0.16337726048794474,-7.170845185034454,0.2343798070492424,-1.2735369946381947,9.623467628660256,-0.00448577916090349,-0.0003260151105625323,-0.05235987755982989,-7.850881766472162,78.53738898122903,-99.375
1773080221.5290089,67.36964323076423,0.15962463231720908,-7.177506248586025,0.27077287722345467,-1.218248631373274,9.598891886186214,-0.0006665939107480392,0.005522079251082985,-0.06217735460229799,-7.636230760207313,77.8842571449896,-98.1875
1773080221.5574067,67.25100931045476,0.1550836888022223,-7.183561733195684,0.2600352756579213,-1.1929433487366656,9.619333232879285,0.00448577916090349,0.0003260151105625323,-0.031634092692397225,-7.636230760207313,77.8842571449896,-98.1875
1773080221.6339161,67.25100931045476,0.1550836888022223,-7.183561733195684,0.2600352756579213,-1.1929433487366656,9.619333232879285,0.00448577916090349,0.0003260151105625323,-0.031634092692397225,-7.636230760207313,77.8842571449896,-98.1875
1773080221.7194722,66.48060238244067,0.23065808671953675,-7.221399005812889,0.2952147359114089,-1.1939948758596857,9.641989689981566,0.002471433739036398,0.013442773793087495,-0.10471975511965978,-8.504013602711591,78.32273797496418,-95.5
1773080221.7776005,65.93176354177491,0.1782714178355683,-7.199738339714249,0.2973678938499077,-1.1980482220850357,9.691500792066229,-0.004174327739963932,-0.008261273342190017,-0.17016960206944712,-8.289362596446743,77.66960613872476,-93.0
1773080221.8816762,65.65737533106343,0.15099702742783272,-7.212104529417455,0.2988007964056285,-1.200745678719162,9.724449877428324,-0.0023694879116755744,0.010703579701980465,-0.05126904677733343,-8.289362596446743,77.66960613872476,-93.0
1773080221.95631,65.02267387141731,0.11742152103351239,-7.209740285530344,0.24890814689826815,-1.2192513594380057,9.746377125671398,0.009341264501238436,0.006514688272393558,-0.10581058590215622,-8.01617040665512,76.83834743805639,-90.0
1773080222.0192559,65.02267387141731,0.11742152103351239,-7.209740285530344,0.24890814689826815,-1.2192513594380057,9.746377125671398,0.009341264501238436,0.006514688272393558,-0.10581058590215622,-8.01617040665512,76.83834743805639,-90.0
1773080222.0646312,64.45274516278182,0.09346617186392123,-7.220435254739158,0.2852167669528348,-1.3037923719278746,9.760969464433751,0.0038337489397784258,0.009297573432369513,-0.1189005552921137,-8.01617040665512,76.83834743805639,-90.0
1773080222.1500661,63.94994164060035,0.09947388556444789,-7.22007804263188,0.21902459582470282,-1.2136919172271226,9.760645167751035,-0.012717925123847559,0.01074727077084939,-0.11671889372712078,-9.556598813241084,77.12155288324244,-88.25
1773080222.2189689,63.280251633211414,0.11058755625088507,-7.221075598726597,0.1749744453539311,-1.1537310711117992,9.760429351931318,-0.010319309832926032,0.006942649210316913,-0.1341721862470641,-9.322434079133977,76.4090454255267,-85.0625
1773080222.3174605,62.56002525093712,0.11969956354024232,-7.207042611330836,0.14565956228805524,-1.11382779782859,9.760285728914116,0.0,0.0,-0.11671889372712078,-9.322434079133977,76.4090454255267,-85.0625
1773080222.3609264,62.205692214201285,0.10512772509853331,-7.189236147788885,0.16832916422408856,-1.1191854908835408,9.743464590863947,-0.006159545782585076,0.011754443481782936,-0.10253809355466686,-11.065509705688346,75.50724175503511,-82.375
1773080222.4236262,62.205692214201285,0.10512772509853331,-7.189236147788885,0.16832916422408856,-1.1191854908835408,9.743464590863947,-0.006159545782585076,0.011754443481782936,-0.10253809355466686,-11.065509705688346,75.50724175503511,-82.375
1773080222.4527102,61.56055661358006,0.058010699994946034,-7.230077355656542,0.23013260584525544,-1.201035950162287,9.691369526385154,0.00038426986905443125,0.009312137121992487,-0.1265363707695889,-10.996633611764194,73.09569275414673,-81.5625
1773080222.5276868,61.01630858495878,0.06277014960428837,-7.214748956659403,0.2306775068023108,-1.2280231116238813,9.710982074754623,-0.01065988863311154,0.007978949300496408,-0.13526301702956053,-10.996633611764194,73.09569275414673,-81.5625
1773080222.625774,60.44881651460532,0.12608740076422018,-7.199360910252147,0.23612819842758243,-1.2936064462669077,9.787591129047053,0.010421255660286856,0.01720370428475105,-0.14508049407202864,-11.469969707675617,73.33486411595105,-80.375
1773080222.6490276,60.29715766393796,0.13717691187632783,-7.213932144455825,0.24811084954668447,-1.3626745379338019,9.838573598899456,0.0004133972483003801,0.016211095263440476,-0.13962634015954636,-11.469969707675617,73.33486411595105,-80.375
1773080222.6825106,60.29715766393796,0.13717691187632783,-7.213932144455825,0.24811084954668447,-1.3626745379338019,9.838573598899456,0.0004133972483003801,0.016211095263440476,-0.13962634015954636,-11.469969707675617,73.33486411595105,-80.375
1773080222.706289,59.884012123299165,0.14637272900484044,-7.20850692446626,0.2624409487804161,-1.4065497622143075,9.765458288440506,-0.005449260802968112,0.016580801442871933,-0.11780972450961724,-11.96782615912651,72.44756754560451,-78.875
1773080222.7988486,59.381821162742945,0.16312736492250327,-7.1985677818001035,0.27215611218462465,-1.393435922875549,9.70676553095965,0.009384955570107361,0.01686312548456554,-0.1189005552921137,-11.96782615912651,72.44756754560451,-78.875
1773080222.917879,58.36935570165416,0.18258077866021508,-7.161615048198685,0.19613339537239852,-1.229049600189232,9.678508807894756,0.008377782859173814,0.02342150482582802,-0.12217304763960307,-12.111097757618602,71.28207215776914,-77.1875
1773080222.9469438,58.057482718764895,0.17204344461724452,-7.166389210976976,0.13867377289578214,-1.1427059608560617,9.745909862458056,-0.008601852142375525,0.005210627830143428,-0.15271630954950383,-11.999022018262258,69.7399748752841,-75.6875
1773080223.0042546,57.664057196233976,0.15400335472291665,-7.164628420563675,0.12445645660439307,-1.1583366892444433,9.790764511350819,0.0100515494808554,0.011341046233482555,-0.12544553998709243,-11.999022018262258,69.7399748752841,-75.6875
1773080223.0328825,57.664057196233976,0.15400335472291665,-7.164628420563675,0.12445645660439307,-1.1583366892444433,9.790764511350819,0.0100515494808554,0.011341046233482555,-0.12544553998709243,-11.999022018262258,69.7399748752841,-75.6875
1773080223.0637252,57.37542548111436,0.12653368343859078,-7.138661429572443,0.14359599589059033,-1.1593390780581982,9.710226092788153,0.014522764952135914,0.008217582273321093,-0.1308996938995747,-13.584318946179485,68.75844741752441,-74.1875
1773080223.1080008,57.048358068382804,0.11040692217936346,-7.12992006687952,0.15951103486736823,-1.1589617470249982,9.656628674907784,1.4563689622974668e-05,0.0034494790707239945,-0.11235557059713497,-13.584318946179485,68.75844741752441,-74.1875
1773080223.1440606,57.048358068382804,0.11040692217936346,-7.12992006687952,0.15951103486736823,-1.1589617470249982,9.656628674907784,1.4563689622974668e-05,0.0034494790707239945,-0.11235557059713497,-13.584318946179485,68.75844741752441,-74.1875
1773080223.1730003,56.66508997203004,0.07298693364339148,-7.112875850039854,0.1523473524710447,-1.1046865179013687,9.664446644225938,0.003464042760346969,0.0034349153811010194,-0.10253809355466686,-13.424036933693738,69.27164540706988,-73.6875
1773080223.2103016,56.413570755162,0.05479852116830008,-7.08427622069961,0.1499367847053279,-1.0114542715139823,9.703100532547923,-0.00343491538110102,0.003464042760346969,-0.11235557059713497,-13.424036933693738,69.27164540706988,-73.6875
1773080223.2360532,56.23525086471825,0.034849947564820793,-7.079740423884393,0.12290946370923853,-0.957764529746308,9.72882426343398,-0.004116072981472034,0.005536642940705961,-0.11126473981463851,-13.155016933649788,67.45218374504556,-74.1875
1773080223.283611,56.23525086471825,0.034849947564820793,-7.079740423884393,0.12290946370923853,-0.957764529746308,9.72882426343398,-0.004116072981472034,0.005536642940705961,-0.11126473981463851,-13.155016933649788,67.45218374504556,-74.1875
1773080223.3075905,55.79941410856116,0.023414107111005823,-7.082017459529129,0.15187685450101546,-1.075617706399838,9.73590778386379,0.007978949300496408,0.01065988863311154,-0.11344640137963143,-13.630021905460282,67.29607392230749,-72.5
1773080223.3625052,55.61593493787089,0.016449743821187038,-7.073394774080325,0.17115432948598552,-1.1540476789565177,9.740621787581722,0.0024568700494134225,0.0099932947223635,-0.1090830782496456,-13.630021905460282,67.29607392230749,-72.5
1773080223.430233,55.10878782207756,0.0826198955297405,-7.099795089250707,0.17544935457242142,-1.2231311454760436,9.743758904397133,-0.007195845872764572,0.011413864681597429,-0.11562806294462433,-14.171078002343366,65.5393256335576,-71.75
1773080223.484652,54.80015552966426,0.05687068463048387,-7.080090813399926,0.17008635088956478,-1.2119480724217915,9.719085726935344,0.005536642940705961,0.004116072981472034,-0.10144726277217041,-14.171078002343366,65.5393256335576,-71.75
1773080223.5348394,54.57844625104172,0.05865680529049483,-7.082415947306959,0.18427229490003522,-1.2585299817633968,9.702666002951974,0.003123463960161462,0.004471215471280515,-0.0719948316447661,-13.56114581153613,64.8845249214191,-70.0625
1773080223.5719602,54.36009440501663,0.11379408882739096,-7.089351792094333,0.21251225481569785,-1.346731730996788,9.691738860061376,-0.0012894967526271553,0.021392595714337957,-0.09599310885968812,-13.56114581153613,64.8845249214191,-70.0625
1773080223.6212287,-14.270628408821423,3.5474414544679393,5.4184086144969426,0.24401719021645474,-1.401251371468163,9.684466968531867,-0.011355609923105529,0.006602070410131405,-0.10362892433716332,-13.346494805271282,64.23139308517968,-71.25
1773080223.6403468,53.96271807386003,0.1244645174081136,-7.107919845894254,0.28123010459856695,-1.3476869132627551,9.666247159122053,-0.0009634816420646216,0.016906816553434463,-0.09490227807719166,-13.346494805271282,64.23139308517968,-71.25
1773080223.6667454,53.96271807386003,0.1244645174081136,-7.107919845894254,0.28123010459856695,-1.3476869132627551,9.666247159122053,-0.0009634816420646216,0.016906816553434463,-0.09490227807719166,-13.346494805271282,64.23139308517968,-71.25
1773080223.7337954,53.524830851577704,0.18164473136249065,-7.096191217966023,0.3053184075261975,-1.3432525320943567,9.702919873462694,0.0021162912492279154,0.011029594812542997,-0.07853981633974483,-13.507611255706562,63.520554503363,-70.0625
1773080223.764794,53.524830851577704,0.18164473136249065,-7.096191217966023,0.3053184075261975,-1.3432525320943567,9.702919873462694,0.0021162912492279154,0.011029594812542997,-0.07853981633974483,-13.507611255706562,63.520554503363,-70.0625
1773080223.8240511,53.40060920540581,0.182745229318953,-7.1010933621100225,0.26355565837450057,-1.3776012055324027,9.8056416060992,0.012819870951208378,0.01339908272421857,-0.04254240051736178,-13.507611255706562,63.520554503363,-70.0625
1773080223.8623555,53.132735735365266,0.2150107969661264,-7.093233106608264,0.23829844062184014,-1.3010348653268866,9.803754425838148,0.0065875067205084315,0.007906130852381534,-0.05890486225480862,-12.581287229675508,62.90394680895949,-69.25
1773080223.9026723,52.940370982622,0.24280607721777217,-7.103214049094835,0.18971115050428972,-1.260524917135551,9.799153416748284,0.005891785430514442,0.006529251962016532,-0.09708393964218458,-12.581287229675508,62.90394680895949,-69.25
1773080223.9327507,52.74393738454672,0.2280900587454746,-7.119199135416527,0.19959984144479084,-1.2549007970713797,9.78940127318098,0.004840921650711972,0.0027391940911070307,-0.08726646259971647,-12.684696934533548,61.817340770442684,-69.0
1773080223.9774249,52.74393738454672,0.2280900587454746,-7.119199135416527,0.19959984144479084,-1.2549007970713797,9.78940127318098,0.004840921650711972,0.0027391940911070307,-0.08726646259971647,-12.684696934533548,61.817340770442684,-69.0
1773080224.0189786,52.5308820977397,0.2328537049509816,-7.106754977841211,0.16804598218806197,-1.2636909230902595,9.78291133057552,0.015914207532123893,0.010971340054051098,-0.08399397025222712,-12.684696934533548,61.817340770442684,-69.0
1773080224.046747,52.29506509241765,0.24706076154762563,-7.105643552541538,0.2159163981995555,-1.2433857533697845,9.778592346268995,7.281844811487372e-05,0.01724739535361997,-0.09599310885968812,-13.040950663391419,61.700258403389135,-68.875
1773080224.0802877,52.16985914823353,0.26349036627114075,-7.11322719393291,0.22552839961628465,-1.2371837568837776,9.7723729987519,-0.004768103202597098,0.01450820126251294,-0.04799655442984406,-13.040950663391419,61.700258403389135,-68.875
1773080224.1278343,24.344473062840127,-14.067022401294418,126.82346676504231,0.21417011613329173,-1.1790322779670817,9.761543869039299,0.004558597609018363,0.017573410464182503,-0.06981317007977318,-13.045957291088628,60.51441484976197,-70.0625
1773080224.1547675,24.344473062840127,-14.067022401294418,126.82346676504231,0.21417011613329173,-1.1790322779670817,9.761543869039299,0.004558597609018363,0.017573410464182503,-0.06981317007977318,-13.045957291088628,60.51441484976197,-70.0625
1773080224.2127485,51.6610026008085,0.3177850477208434,-7.1322924712884905,0.1678619678466291,-1.1725762466423866,9.786337478008479,0.009326700811615461,0.003065209201669563,-0.055632369907319255,-12.874505930255973,58.99183129511919,-67.75
1773080224.2479384,51.6610026008085,0.3177850477208434,-7.1322924712884905,0.1678619678466291,-1.1725762466423866,9.786337478008479,0.009326700811615461,0.003065209201669563,-0.055632369907319255,-12.874505930255973,58.99183129511919,-67.75
1773080224.2726889,51.49945617094981,0.31442335961061746,-7.130565289538277,0.1619038010062011,-1.1687706838297864,9.80763330277161,0.0003260151105625323,-0.00448577916090349,-0.07417649320975901,-12.874505930255973,58.99183129511919,-67.75
1773080224.3012211,51.30302605571755,0.3001884591424528,-7.124424000875324,0.15393971160748887,-1.1112142557719518,9.821805436261524,0.0027391940911070307,-0.004840921650711972,-0.08508480103472356,-12.577627822874414,59.08939993433049,-67.375
1773080224.3180957,51.25220961441282,0.2970263966129297,-7.124589377913232,0.1804185929221176,-1.0624669999335183,9.791095492298126,-0.009667279611800968,-0.0020289091114900674,-0.04799655442984406,-12.577627822874414,59.08939993433049,-67.375
1773080224.3412528,51.12113678099795,0.3003266900280146,-7.114411007553941,0.20743967897055401,-1.058627250175856,9.810799708130869,-0.05219593856612042,0.13785703937311888,-0.07853981633974483,-12.577627822874414,59.08939993433049,-67.375
1773080224.3985734,50.87918608274187,0.3038360506978914,-7.153136765438387,0.15650809241287195,-1.0928049177436119,9.827257755364364,-0.014848780062698448,-0.0037318031124176023,-0.07526732399225546,-11.871795868754953,57.74243993026804,-67.0625
1773080224.4361706,50.741678322346125,0.3019778169313742,-7.151774164673311,0.13723542478055806,-1.1600402251030602,9.838210401949823,-0.007550988362573053,0.009000685701052929,-0.07853981633974483,-11.871795868754953,57.74243993026804,-67.0625
1773080224.4629607,50.56509607421366,0.3245923101346991,-7.142495952987191,0.1593664629902973,-1.1932960655784666,9.845499265903365,-0.003746366802040577,0.011399300991974453,-0.10581058590215622,-13.433406879082247,57.68973981238801,-67.375
1773080224.4854329,50.56509607421366,0.3245923101346991,-7.142495952987191,0.1593664629902973,-1.1932960655784666,9.845499265903365,-0.003746366802040577,0.011399300991974453,-0.10581058590215622,-13.433406879082247,57.68973981238801,-67.375
1773080224.5263484,50.21344677121491,0.34498991634701065,-7.138554983601124,0.16365032578560987,-1.1836485620780064,9.863730370271782,-0.000681157600371014,0.0020726001803589916,-0.14180800172453928,-13.433406879082247,57.68973981238801,-67.375
1773080224.557247,49.8455166464938,0.3018218847432354,-7.14556549067533,0.1665011886220075,-1.1772282562681258,9.875862966574182,0.005210627830143428,0.008601852142375525,-0.13526301702956053,-12.705557883271922,56.876325963662836,-67.0
1773080224.6184797,49.656502835737534,0.2765185266809579,-7.149564926515799,0.1164631056399816,-1.197066356292853,9.873901738761491,-0.0072395369416334955,0.001065427469425445,-0.08944812416470939,-12.705557883271922,56.876325963662836,-67.0
1773080224.6403596,49.47472897712379,0.2738002268667013,-7.154843288666731,0.10314108444425775,-1.2389140553239633,9.829110111365342,-0.0023549242220526,0.014153058772704459,-0.11453723216212788,-13.85237398121457,56.76258134840742,-67.0
1773080224.659558,49.47472897712379,0.2738002268667013,-7.154843288666731,0.10314108444425775,-1.2389140553239633,9.829110111365342,-0.0023549242220526,0.014153058772704459,-0.11453723216212788,-13.85237398121457,56.76258134840742,-67.0
1773080224.7038233,49.34979999782961,0.2862362529917061,-7.1494084461721865,0.09427542815523123,-1.2667632315597392,9.84278823588362,0.009044376769921854,0.017899425574745036,-0.06763150851478027,-13.85237398121457,56.76258134840742,-67.0
1773080224.7217786,49.10194792428529,0.3094180399656314,-7.132306576995755,0.08542084659859923,-1.2334505681164705,9.835165316419275,-0.008645543211244448,-0.005137809382028555,-0.1090830782496456,-12.212708059518238,56.577778980382206,-66.1875
1773080224.7361772,49.10194792428529,0.3094180399656314,-7.132306576995755,0.08542084659859923,-1.2334505681164705,9.835165316419275,-0.008645543211244448,-0.005137809382028555,-0.1090830782496456,-12.212708059518238,56.577778980382206,-66.1875
1773080224.7581966,48.83412958400772,0.29643292987786624,-7.146552225378873,0.14204159958300813,-1.187215281510585,9.830092348669343,-0.0072395369416334955,0.001065427469425445,-0.1189005552921137,-12.212708059518238,56.577778980382206,-66.1875
1773080224.7826662,48.585407143738564,0.30301300922711544,-7.148120983330468,0.11616429050935058,-1.177334406583108,9.816681010178568,-0.002695503022238107,0.015189358862883955,-0.11999138607461016,-11.880974686199837,55.56839341528491,-66.5625
1773080224.8048415,48.585407143738564,0.30301300922711544,-7.148120983330468,0.11616429050935058,-1.177334406583108,9.816681010178568,-0.002695503022238107,0.015189358862883955,-0.11999138607461016,-11.880974686199837,55.56839341528491,-66.5625
1773080224.8202717,48.46314945119256,0.30215202215893805,-7.146873412768651,0.1410322383160589,-1.223827825861167,9.794375467398147,-0.0024277426701674733,-0.003094336580915513,-0.10253809355466686,-11.880974686199837,55.56839341528491,-66.5625
1773080224.8429627,48.46314945119256,0.30215202215893805,-7.146873412768651,0.1410322383160589,-1.223827825861167,9.794375467398147,-0.0024277426701674733,-0.003094336580915513,-0.10253809355466686,-11.880974686199837,55.56839341528491,-66.5625
1773080224.8872645,48.18914247579849,0.2800881070010989,-7.156221382973003,0.15758157978824452,-1.2547686770251918,9.792911824676294,0.0069135218310709635,0.003420351691478045,-0.13199052468207118,-11.880974686199837,55.56839341528491,-66.5625
1773080224.9253225,47.78897815930911,0.29072493409224587,-7.1548353870554395,0.1633729337130399,-1.2594700209205139,9.835424238990013,0.0034931701395929187,0.010333873522549008,-0.13308135546456762,-12.516261670496077,54.89908560300136,-67.0625
1773080224.942788,47.579289185625825,0.27260802112134996,-7.163722881005179,0.16122852117109085,-1.180062909989941,9.863715775821008,-0.0006374665315020897,0.012421037392530974,-0.13308135546456762,-12.516261670496077,54.89908560300136,-67.0625
1773080224.9580393,47.45754438019358,0.26322386910528556,-7.157443755642305,0.1280225447343176,-1.1376624606145684,9.869163030715585,-0.0041015092918490585,0.008986122011429955,-0.10144726277217041,-12.516261670496077,54.89908560300136,-67.0625
1773080224.9865694,47.28293556766997,0.2829601153595708,-7.16444208246668,0.12816956404204125,-1.1021345680599506,9.872788117998102,-0.0009780453316875972,0.01345733748271047,-0.10690141668465268,-12.737588180357205,53.971092701071235,-66.1875
1773080225.025237,47.28293556766997,0.2829601153595708,-7.16444208246668,0.12816956404204125,-1.1021345680599506,9.872788117998102,-0.0009780453316875972,0.01345733748271047,-0.10690141668465268,-12.737588180357205,53.971092701071235,-66.1875
1773080225.053277,46.992102570427264,0.3124557559560435,-7.181904125867526,0.1343552188551848,-1.139870799723341,9.875200573089737,-0.010645324943488566,0.011428428371220403,-0.12217304763960307,-12.737588180357205,53.971092701071235,-66.1875
1773080225.069365,46.795462276639306,0.3307388976206787,-7.189021650893955,0.18147113872172888,-1.2529649941384648,9.82997447110186,-0.01406567663496661,0.018341950202291367,-0.11780972450961724,-13.472947117713344,53.00574121935566,-66.25
1773080225.0835187,46.795462276639306,0.3307388976206787,-7.189021650893955,0.18147113872172888,-1.2529649941384648,9.82997447110186,-0.01406567663496661,0.018341950202291367,-0.11780972450961724,-13.472947117713344,53.00574121935566,-66.25
1773080225.1043227,46.4756352889715,0.3633028887078346,-7.169568424805334,0.20525557446627635,-1.3524490583109843,9.819988818736572,-0.012007640144230594,0.015573628731938387,-0.11017390903214205,-13.472947117713344,53.00574121935566,-66.25
1773080225.1580586,46.04861658991641,0.368812014844084,-7.184370882008999,0.1794333007477949,-1.2768068827377081,9.833373005823368,-0.013073067613656038,0.00833409179030489,-0.12217304763960307,-12.009739184546879,53.15767885234606,-65.375
1773080225.2108297,-104.13927383165681,-3.395789554534971,-1.1075801225231792,0.16642650440719262,-1.2391794174100652,9.835589809403826,-0.0085581610735066,0.01555906504231541,-0.12544553998709243,-12.009739184546879,53.15767885234606,-65.375
1773080225.2343564,-104.13927383165681,-3.395789554534971,-1.1075801225231792,0.16642650440719262,-1.2391794174100652,9.835589809403826,-0.0085581610735066,0.01555906504231541,-0.12544553998709243,-12.009739184546879,53.15767885234606,-65.375
1773080225.2701344,45.538023307107544,0.3520395516538459,-7.189612793523921,0.1589043575502231,-1.1961604934557906,9.813649285472067,-0.015855952773631995,0.002826576228844879,-0.12435470920459599,-12.308286167827507,52.66482902859238,-64.5625
1773080225.299714,45.292022125007925,0.34502357302181275,-7.195175424180301,0.1411868953068905,-1.171709518482438,9.82246389383843,-0.008188454894075143,0.021421723093583905,-0.09817477042468103,-12.308286167827507,52.66482902859238,-64.5625
1773080225.3139505,45.161145091324244,0.37059687189927015,-7.216345538533802,0.13892979025440313,-1.152304438998947,9.80491413528938,-0.00957989747406312,0.0186679653128539,-0.12217304763960307,-12.545788653732755,52.58677411722334,-65.75
1773080225.32741,45.161145091324244,0.37059687189927015,-7.216345538533802,0.13892979025440313,-1.152304438998947,9.80491413528938,-0.00957989747406312,0.0186679653128539,-0.12217304763960307,-12.545788653732755,52.58677411722334,-65.75
1773080225.3447332,44.973199671766594,0.38601979007957116,-7.210568405181623,0.13520491104142057,-1.1647690298369715,9.81999586067719,-0.0009926090213105716,0.010007858411986476,-0.11453723216212788,-12.545788653732755,52.58677411722334,-65.75
1773080225.365764,44.827788001347926,0.40053891658317475,-7.219705983714261,0.14225971368823703,-1.1699308470270617,9.719643894107328,-0.014051112945343636,0.02179142927301536,-0.1341721862470641,-12.545788653732755,52.58677411722334,-65.75
1773080225.4122672,44.576209398804096,0.3999179911668612,-7.224282904724063,0.15648827419581338,-1.1702327499317788,9.729798350628348,-0.009594461163686096,0.015218486242129904,-0.09490227807719166,-12.292110191783388,51.81489103803129,-65.75
1773080225.4282222,44.43050588667974,0.4196029655845034,-7.225106783252896,0.16282399349615806,-1.1608999947889622,9.736556028010376,-0.005775275913530644,0.02106658060377542,-0.13853550937704992,-12.292110191783388,51.81489103803129,-65.75
1773080225.453677,44.43050588667974,0.4196029655845034,-7.225106783252896,0.16282399349615806,-1.1608999947889622,9.736556028010376,-0.005775275913530644,0.02106658060377542,-0.13853550937704992,-12.292110191783388,51.81489103803129,-65.75
1773080225.4736757,44.07657796343844,0.45190454605807656,-7.214007959595045,0.15928287067191074,-1.2382247022514545,9.741053186819913,-0.0006229028418791152,0.01587051646325497,-0.12544553998709243,-12.113983327354454,51.87343222155807,-65.75
1773080225.5338416,43.83775711544789,0.46572510336841677,-7.215349634591379,0.15065983544128378,-1.2706160949873053,9.737355772356466,-0.0020289091114900674,0.009667279611800968,-0.09926560120717749,-12.113983327354454,51.87343222155807,-65.75
1773080225.5580878,43.53587607501649,0.478665343051412,-7.231072996822092,0.15318725733068678,-1.338751475582793,9.734895184333867,-0.003079772891292538,0.005877221740891468,-0.12762720155208535,-11.504051136547217,51.218631509419566,-65.0625
1773080225.6174572,43.23532622727164,0.4718477587517518,-7.222628283773045,0.17202638793097308,-1.3291602629509747,9.76336369585727,0.0031525913394074116,0.011370173612728504,-0.10471975511965978,-11.504051136547217,51.218631509419566,-65.0625
1773080225.6328769,43.23532622727164,0.4718477587517518,-7.222628283773045,0.17202638793097308,-1.3291602629509747,9.76336369585727,0.0031525913394074116,0.011370173612728504,-0.10471975511965978,-11.504051136547217,51.218631509419566,-65.0625
1773080225.6516986,43.06812537083183,0.48330938315267313,-7.225224065060015,0.1801626774809146,-1.362956249271292,9.80572495421322,-0.024486932295253467,0.0011382459175403182,-0.10799224746714914,-11.504051136547217,51.218631509419566,-65.0625
1773080225.6762035,43.06812537083183,0.48330938315267313,-7.225224065060015,0.1801626774809146,-1.362956249271292,9.80572495421322,-0.024486932295253467,0.0011382459175403182,-0.10799224746714914,-11.504051136547217,51.218631509419566,-65.0625
1773080225.714218,42.81195158226339,0.47014826616527977,-7.240312843010129,0.16922401871040818,-1.249976248531805,9.833915898442843,-0.014834216373075474,-0.0002823240416936084,-0.12871803233458182,-11.391975397190873,49.676534226934535,-65.375
1773080225.7440267,42.641133103777975,0.45398127441269964,-7.249399976011601,0.1438322155550114,-1.2053898225310127,9.852676656914177,0.0014496973384798763,0.016551674063625982,-0.10253809355466686,-11.391975397190873,49.676534226934535,-65.375
1773080225.767633,42.36670916398801,0.467903354252905,-7.22915536738407,0.11962338706075978,-1.1534728283991633,9.861816620398127,0.005906349120137417,0.009978731032740527,-0.11126473981463851,-11.26988640244011,50.50612405170383,-66.25
1773080225.8044896,42.11776412265662,0.4482383709213598,-7.24545543887903,0.1108235492675305,-1.141167874446577,9.867899163996613,0.0021162912492279154,0.011029594812542997,-0.1189005552921137,-11.26988640244011,50.50612405170383,-66.25
1773080225.8277144,41.959873346163924,0.4450902432994592,-7.244475442699498,0.15327816038106976,-1.2156935102637878,9.831805688327108,-0.0009634816420646216,0.016906816553434463,-0.08835729338221293,-11.474202498307584,48.92583375148381,-65.375
1773080225.8467999,41.8373726971944,0.4690960716413608,-7.259969173849986,0.18153122982804984,-1.2652894883942414,9.774334766386401,0.0021454186284738655,0.017928552953990984,-0.10799224746714914,-11.474202498307584,48.92583375148381,-65.375
1773080225.903567,41.60647589479599,0.49017196323727225,-7.260507798830592,0.20033333193754987,-1.2982950578166812,9.736088509827123,-0.02786359291786259,0.018400204960783265,-0.09708393964218458,-10.821070662068154,49.14048475774866,-66.25
1773080225.933668,41.60647589479599,0.49017196323727225,-7.260507798830592,0.20033333193754987,-1.2982950578166812,9.736088509827123,-0.02786359291786259,0.018400204960783265,-0.09708393964218458,-10.821070662068154,49.14048475774866,-66.25
1773080225.9664505,41.26142800845275,0.5122771145370439,-7.267199144639229,0.23582293186760128,-1.390173462029427,9.710636053325604,-0.0006374665315020897,0.012421037392530974,-0.09599310885968812,-10.821070662068154,49.14048475774866,-66.25
1773080225.9881341,40.94774892384731,0.4964591788699478,-7.253475217080181,0.2594408641762431,-1.451317513683985,9.727148844919606,-0.0016883303113045603,0.008630979521621474,-0.09490227807719166,-11.178993266825096,48.62812120615271,-65.0
1773080226.0360081,40.94774892384731,0.4964591788699478,-7.253475217080181,0.2594408641762431,-1.451317513683985,9.727148844919606,-0.0016883303113045603,0.008630979521621474,-0.09490227807719166,-11.178993266825096,48.62812120615271,-65.0
1773080226.074758,40.71890766851625,0.5080898676220452,-7.2423291752547465,0.25613565860165943,-1.4876965768395403,9.734792811558126,-0.005152373071651529,0.005196064140520454,-0.07853981633974483,-11.178993266825096,48.62812120615271,-65.0
1773080226.1233506,40.47711514972295,0.4830902707119414,-7.266513169084695,0.24122452367543393,-1.5160840753541491,9.743224897674677,-0.01828369544379947,-0.0002677603520706336,-0.0916297857297023,-11.178993266825096,48.62812120615271,-67.0625
1773080226.155741,40.362831598751754,0.48540987750831105,-7.279411246370848,0.2354789683156714,-1.5476871960443905,9.775597250451224,0.005920912809760391,0.013428210103464521,-0.07963064712224129,-11.178993266825096,48.62812120615271,-67.0625
1773080226.2248313,40.085736024678155,0.4760112499887748,-7.286349528179587,0.23165536540580828,-1.5687187198337564,9.830591806674335,-0.018254568064553518,0.006631197789377354,-0.061086523819801536,-11.378302734995358,48.233674459559865,-65.375
1773080226.2423627,39.95544644170069,0.49231607729948207,-7.303265578949108,0.21897932874161424,-1.4768895259199353,9.833738952438175,-0.0030506455120465886,0.012776179882339457,-0.07853981633974483,-11.378302734995358,48.233674459559865,-65.375
1773080226.2820747,39.95544644170069,0.49231607729948207,-7.303265578949108,0.21897932874161424,-1.4768895259199353,9.833738952438175,-0.0030506455120465886,0.012776179882339457,-0.07853981633974483,-11.378302734995358,48.233674459559865,-65.375
1773080226.3178186,39.72623964331042,0.507849000612852,-7.312785941492272,0.20418778917324798,-1.4178670423522715,9.869284459861284,0.0007248486692399381,0.008275837031812991,-0.04799655442984406,-10.192459181368195,48.22866783186265,-65.75
1773080226.407483,39.45544756856111,0.5069110500329824,-7.325189092691022,0.21023363174520565,-1.3733661909056467,9.896284709689347,-0.001362315200742028,0.004145200360717983,-0.04363323129985824,-10.192459181368195,48.22866783186265,-65.75
1773080226.4733255,39.19889593820786,0.5193515683364149,-7.328393858318766,0.19836762551797485,-1.3489734193316871,9.91425307433737,-0.0010508637798024704,-0.0037900578709095015,-0.05235987755982989,-11.124624273045992,47.46179138036781,-65.75
1773080226.5550313,38.969563509558604,0.5360277395316789,-7.344936786112556,0.18424913398816767,-1.3030948882827047,9.902795038339608,-0.0017028940009275351,0.0051815004508974786,-0.06654067773228381,-11.266226995639014,46.69157717707483,-66.5625
1773080226.654164,38.791410284640385,0.5270851296815746,-7.3593031502746,0.1748534355889652,-1.272563238366379,9.871754061426511,0.0037900578709095015,-0.0010508637798024704,-0.044724062082354694,-11.266226995639014,46.69157717707483,-66.5625
1773080226.72141,38.485071426439106,0.5431364603191154,-7.36174237942044,0.17277834162647362,-1.2649563239458466,9.851096638041277,-0.0020726001803589916,-0.000681157600371014,-0.061086523819801536,-11.012548533689648,45.919694097882775,-66.25
1773080226.7475967,38.36259470434773,0.5477990084437471,-7.352575095967126,0.16186372162132473,-1.2630272361477963,9.844039576951582,-0.004471215471280515,0.003123463960161462,-0.038179077387375956,-11.012548533689648,45.919694097882775,-66.25
1773080226.7928884,38.27124860529637,0.5350388688932354,-7.354361590385836,0.150422525566843,-1.2490318922296109,9.839343181628927,0.007949821921250459,0.003760930491663552,-0.09381144729469522,-11.012548533689648,45.919694097882775,-66.25
1773080226.8134727,38.12161698828327,0.5497919404618399,-7.37236557694,0.15234220555254874,-1.2365849184162816,9.836217783003873,0.010036985791232425,0.00789156716275856,-0.013089969389957472,-10.71567042630809,46.01726273709407,-67.0
1773080226.835151,38.12161698828327,0.5497919404618399,-7.37236557694,0.15234220555254874,-1.2365849184162816,9.836217783003873,0.010036985791232425,0.00789156716275856,-0.013089969389957472,-10.71567042630809,46.01726273709407,-67.0
1773080226.865796,38.050239073150905,0.5496722215139849,-7.357643365223138,0.16093059827816686,-1.2505468220766538,9.83748297683921,-0.0003551424898084818,-0.0024131789805444987,-0.05345070834232634,-10.71567042630809,46.01726273709407,-67.0
1773080226.9009848,37.90813829066562,0.536013767508996,-7.373041087864397,0.17186812565511955,-1.2757277599203303,9.86843095456936,-0.01074727077084939,-0.012717925123847557,-0.04908738521234052,-11.368802262547518,45.80261173082922,-65.375
1773080226.925058,37.83074707217137,0.5391578840059278,-7.37949098547221,0.16007959163743685,-1.2987518503138145,9.89906182315917,-0.0017320213801734845,-0.0017174576905505097,-0.017453292519943295,-11.368802262547518,45.80261173082922,-65.375
1773080227.023179,37.71058402714086,0.5256874151240254,-7.388084507606427,0.19354701593341556,-1.3004968005873507,9.939516994280382,0.0027391940911070307,-0.004840921650711972,-0.05781403147231216,-11.267895871538084,46.29629599253244,-67.0625
1773080227.052627,37.62589462177504,0.5156791002416715,-7.40343465602238,0.15157430054961338,-1.2347437259861558,9.966439458747676,-0.009000685701052929,-0.007550988362573053,-0.004363323129985824,-11.267895871538084,46.29629599253244,-67.0625
1773080227.1117365,37.48348777675837,0.5076220467148881,-7.410688729066897,0.12392330893135976,-1.2014384808158451,9.873676478873831,0.004427524402411591,-0.013471901172333446,-0.03599741582238305,-11.131299776642273,45.88066664219826,-67.0625
1773080227.1336722,37.48348777675837,0.5076220467148881,-7.410688729066897,0.12392330893135976,-1.2014384808158451,9.873676478873831,0.004427524402411591,-0.013471901172333446,-0.03599741582238305,-11.131299776642273,45.88066664219826,-67.0625
1773080227.1566525,37.44703378777393,0.5190763166454313,-7.408448161870788,0.16726261267059553,-1.2611142947133636,9.828960203426423,-0.008913303563315081,0.013145886061770914,-0.03599741582238305,-11.131299776642273,45.88066664219826,-67.0625
1773080227.2088997,37.352825266406704,0.5498703323985082,-7.4169179172365425,0.1762606529419028,-1.2404479839345905,9.876139590898045,-0.014109367703835534,0.007993512990119382,-0.001090830782496456,-10.852266521203902,46.43289208742825,-68.1875
1773080227.2414088,37.30992978355743,0.5540017784410282,-7.415969414703871,0.19382657495340144,-1.240495412708842,9.907536946232119,-0.01342821010346452,0.005920912809760391,0.008726646259971648,-10.852266521203902,46.43289208742825,-68.1875
1773080227.2981086,37.30992978355743,0.5540017784410282,-7.415969414703871,0.19382657495340144,-1.240495412708842,9.907536946232119,-0.01342821010346452,0.005920912809760391,0.008726646259971648,-10.852266521203902,46.43289208742825,-68.1875
1773080227.3415313,37.31505217716064,0.5819726209462345,-7.4112325015490965,0.19507240391447428,-1.2087480821835286,9.84480374279252,0.007906130852381534,-0.006587506720508431,0.002181661564992912,-11.452698239563299,44.65663007083611,-67.375
1773080227.3825467,37.31653953070239,0.5763567781123641,-7.4197129260024015,0.1970352199835129,-1.1696423222547947,9.78298482643535,-0.0013768788903650029,0.0006957212899939887,-0.002181661564992912,-11.452698239563299,44.65663007083611,-67.375
1773080227.4125848,37.30717875783582,0.5964547891127416,-7.415912513471548,0.19198567338241315,-1.1457066950448584,9.741845028162196,-0.009326700811615461,-0.003065209201669563,-0.015271630954950384,-11.355129600352004,44.35975196345455,-67.0
1773080227.4327352,37.30717875783582,0.5964547891127416,-7.415912513471548,0.19198567338241315,-1.1457066950448584,9.741845028162196,-0.009326700811615461,-0.003065209201669563,-0.015271630954950384,-11.355129600352004,44.35975196345455,-67.0
1773080227.464332,37.315437422053684,0.5924367565570144,-7.431165268221993,0.219047116506689,-1.190202361430637,9.670980499777919,-0.010363000901794957,-0.0034057880018550702,0.011999138607461015,-11.355129600352004,44.35975196345455,-67.0
1773080227.491646,37.29996232359816,0.5994828004113989,-7.436672965624887,0.23705620460976753,-1.2198137303612109,9.650581841405389,0.003464042760346969,0.0034349153811010194,0.001090830782496456,-10.79956640332387,44.87128107710096,-66.25
1773080227.5063438,37.29996232359816,0.5994828004113989,-7.436672965624887,0.25757497074022684,-1.2226305697005884,9.637006762126415,0.00792069454200451,-0.003138027649784436,-0.009817477042468103,-10.79956640332387,44.87128107710096,-66.25
1773080227.5259104,37.29996232359816,0.5994828004113989,-7.436672965624887,0.25757497074022684,-1.2226305697005884,9.637006762126415,0.00792069454200451,-0.003138027649784436,-0.009817477042468103,-10.79956640332387,44.87128107710096,-66.25
1773080227.5448992,37.30078387435439,0.6030623176507918,-7.457764524718221,0.2712299803904113,-1.2245051448147868,9.741706496558688,0.001362315200742028,-0.004145200360717983,0.006544984694978736,-10.79956640332387,44.87128107710096,-66.25
1773080227.590084,37.335133497226245,0.6226258521774644,-7.4759803841484,0.223427852128832,-1.1705054820436165,9.811383000250698,-0.0069135218310709635,-0.003420351691478045,0.026179938779914945,-10.916648770377424,45.22753480595883,-65.75
1773080227.6187406,37.335133497226245,0.6226258521774644,-7.4759803841484,0.223427852128832,-1.1705054820436165,9.811383000250698,-0.0069135218310709635,-0.003420351691478045,0.026179938779914945,-10.916648770377424,45.22753480595883,-65.75
1773080227.637777,37.38414250578632,0.6315632336412915,-7.467586415580085,0.19057166016417446,-1.1313914203006836,9.844371488290909,0.00036970617943145654,0.005862658051268493,0.032724923474893676,-10.916648770377424,45.22753480595883,-65.75
1773080227.6653414,37.39023873776831,0.6423714955167616,-7.486957983309927,0.17188412082388424,-1.1043170395521233,9.806112947844364,-0.013841607351764899,-0.010290182453680083,-0.003272492347489368,-10.916648770377424,45.22753480595883,-65.75
1773080227.6977406,37.454059297393314,0.6534757257993589,-7.485645468767071,0.18173765844821274,-1.0684103967204783,9.753891422894531,-0.007623806810687926,-0.008246709652567042,0.04254240051736178,-11.80895196842117,44.53954770378256,-66.25
1773080227.7528303,37.516271907815174,0.6713430884169458,-7.482708521951926,0.19107102155627328,-1.1386732171310618,9.719138581393075,0.0,0.0,0.0272707695624114,-11.80895196842117,44.53954770378256,-66.25
1773080227.7745738,37.516271907815174,0.6713430884169458,-7.482708521951926,0.19107102155627328,-1.1386732171310618,9.719138581393075,0.0,0.0,0.0272707695624114,-11.80895196842117,44.53954770378256,-66.25
1773080227.8055813,37.55228882766278,0.6667949701146856,-7.483737213555507,0.20403999470732204,-1.0881408203415994,9.696010953588532,-0.00171745769055051,0.0017320213801734845,0.016362461737446838,-11.355129600352004,44.35975196345455,-65.375
1773080227.823215,37.58098284509855,0.6686842264544217,-7.483712739347702,0.19973584087619506,-1.111580101851253,9.72410622783229,-0.0006957212899939887,-0.0013768788903650029,0.026179938779914945,-11.355129600352004,44.35975196345455,-65.375
1773080227.8619647,37.58098284509855,0.6686842264544217,-7.483712739347702,0.19973584087619506,-1.111580101851253,9.72410622783229,-0.0006957212899939887,-0.0013768788903650029,0.026179938779914945,-11.355129600352004,44.35975196345455,-65.375
1773080227.9006317,37.66465207190188,0.6915254552942609,-7.501474025468846,0.19687147458212878,-1.1271786818619969,9.699316866801583,0.0003114514209395576,-0.007935258231627485,0.026179938779914945,-12.043116702528277,45.2520551614983,-65.75
1773080227.9452534,37.755792824302624,0.7089223172034685,-7.484688298421617,0.22734196814195368,-1.2360739335303594,9.726306276146106,-0.009000685701052929,-0.007550988362573053,0.05345070834232634,-12.043116702528277,45.2520551614983,-65.75
1773080227.987979,37.755792824302624,0.7089223172034685,-7.484688298421617,0.22734196814195368,-1.2360739335303594,9.726306276146106,-0.009000685701052929,-0.007550988362573053,0.05345070834232634,-12.043116702528277,45.2520551614983,-65.75
1773080228.0371935,37.81016797899057,0.7575275124895653,-7.498127869069585,0.24013023164708272,-1.32860959236372,9.764338096817346,0.004145200360717983,0.001362315200742028,0.01090830782496456,-12.341663685808905,44.75920533774462,-66.1875
1773080228.0617886,37.81716953469505,0.756783900074167,-7.49112631336511,0.2847311921969889,-1.3607242680165146,9.789647848630782,-0.00448577916090349,-0.0003260151105625323,0.004363323129985824,-12.341663685808905,44.75920533774462,-66.1875
1773080228.1516912,37.901513710476245,0.7704063325107017,-7.496213221467105,0.2480342410272874,-1.3194042053789685,9.80649120573417,0.0020726001803589916,0.000681157600371014,0.0272707695624114,-12.458746052862459,45.11545906660248,-67.0
1773080228.2325723,38.09826870389395,0.8109129438314416,-7.490104318252063,0.20533496721861944,-1.2531827919424943,9.857491919782913,0.006855267072579064,-0.01037756459141793,0.022907446432425576,-12.458746052862459,45.11545906660248,-65.375
1773080228.275577,38.24669548496783,0.8136905885656617,-7.489948384530609,0.20573035735243084,-1.2584592927239404,9.854985788925301,-0.0010654274694254452,-0.007239536941633496,0.050178215994836975,-12.458746052862459,45.11545906660248,-65.375
1773080228.3243425,38.24669548496783,0.8136905885656617,-7.489948384530609,0.20573035735243084,-1.2584592927239404,9.854985788925301,-0.0010654274694254452,-0.007239536941633496,0.050178215994836975,-12.458746052862459,45.11545906660248,-65.375
1773080228.3611033,38.76289801667364,0.8681509770535505,-7.482433853055814,0.27134653563184474,-1.2663445568490925,9.763068144275161,-0.012819870951208378,-0.01339908272421857,0.1090830782496456,-12.930413272874812,45.74991161294919,-65.375
1773080228.4092736,38.99683277657209,0.8878056039733512,-7.465646401009506,0.2804841242082519,-1.2324401594553507,9.795492932814897,0.003420351691478045,-0.0069135218310709635,0.1439896632895322,-12.043116702528277,45.2520551614983,-65.375
1773080228.432944,39.2519245930379,0.918244555162376,-7.4612573004198275,0.2590978136842769,-1.20129858194373,9.81707126737947,-0.00038426986905443125,-0.009312137121992487,0.16471544815696484,-12.043116702528277,45.2520551614983,-65.375
1773080228.4981828,39.83405567749719,0.9713001184527338,-7.460973588785223,0.2532654002724767,-1.1954192473150056,9.801325402620527,-0.011442992060843378,-0.014094804014212559,0.17453292519943295,-13.209446528313181,45.1976861677192,-66.5625
1773080228.5259445,40.124335805997376,1.0108700559341175,-7.454554953698318,0.23762752513175353,-1.2200182990354196,9.790846705516286,-0.002782885159975955,-0.0055075155614600114,0.17889624832941878,-13.209446528313181,45.1976861677192,-66.5625
1773080228.560814,40.124335805997376,1.0108700559341175,-7.454554953698318,0.23762752513175353,-1.2200182990354196,9.790846705516286,-0.002782885159975955,-0.0055075155614600114,0.17889624832941878,-13.209446528313181,45.1976861677192,-66.5625
1773080228.6023328,40.485358129176284,1.059076731476896,-7.467844908305532,0.22608696309984755,-1.254366959270999,9.787218361355448,-0.007978949300496408,-0.01065988863311154,0.16144295580947549,-11.921027707777514,46.08164498626759,-66.1875
1773080228.6245923,40.91058190990932,1.1156856387269252,-7.465235368762611,0.21318480002745216,-1.261336162035719,9.808219520798906,-0.007964385610873433,-0.007210409562387546,0.15271630954950383,-11.921027707777514,46.08164498626759,-66.1875
1773080228.6399758,41.081704438952464,1.126856889326294,-7.463632336385589,0.1917530152600796,-1.3018859602241935,9.822195557810206,0.0002823240416936083,-0.014834216373075474,0.1505346479845109,-11.921027707777514,46.08164498626759,-66.1875
1773080228.6558728,41.081704438952464,1.126856889326294,-7.463632336385589,0.1917530152600796,-1.3018859602241935,9.822195557810206,0.0002823240416936083,-0.014834216373075474,0.1505346479845109,-11.921027707777514,46.08164498626759,-66.1875
1773080228.6966758,41.47322886373712,1.1523662347953765,-7.459635008931057,0.20609140636640327,-1.3194717116256611,9.78801000212351,-0.004188891429586907,-0.01171075241291401,0.14180800172453928,-12.458746052862459,45.11545906660248,-65.0625
1773080228.7190645,41.729802607085816,1.1607632741810363,-7.451422765704977,0.21563344547733818,-1.3311748327376232,9.765259896691694,0.004826357961088997,-0.0007102849796169634,0.16144295580947549,-12.458746052862459,45.11545906660248,-65.0625
1773080228.74817,41.729802607085816,1.1607632741810363,-7.451422765704977,0.21563344547733818,-1.3311748327376232,9.765259896691694,0.004826357961088997,-0.0007102849796169634,0.16144295580947549,-12.458746052862459,45.11545906660248,-65.0625
1773080228.7872689,42.30086370501618,1.1964723687453325,-7.438775192894926,0.22511679468811643,-1.3484967972586344,9.750119955662148,0.008913303563315081,-0.013145886061770914,0.16580627893946132,-13.346042623208994,45.613315518053376,-66.25
1773080228.8117085,42.30086370501618,1.1964723687453325,-7.438775192894926,0.22511679468811643,-1.3484967972586344,9.750119955662148,0.008913303563315081,-0.013145886061770914,0.16580627893946132,-13.346042623208994,45.613315518053376,-66.25
1773080228.8256168,42.658659045203486,1.2128887322651107,-7.436588901891284,0.2473173045743194,-1.3548023231916582,9.733354270616571,0.005108682002782605,-0.015544501352692435,0.15817046346198613,-13.346042623208994,45.613315518053376,-66.25
1773080228.8525348,42.99348687609444,1.2429687060058823,-7.438215018118268,0.24937993836973707,-1.363176218628095,9.718851782796392,-0.006602070410131404,-0.011355609923105529,0.14835298641951802,-12.80999315402312,46.18422025317609,-65.75
1773080228.8839629,43.2085121136235,1.256968351697467,-7.436035281731771,0.2476193693454463,-1.3592152843450733,9.709200539155468,0.00686983076220204,-0.006928085520693938,0.12326387842209953,-12.80999315402312,46.18422025317609,-65.75
1773080228.9146523,43.2085121136235,1.256968351697467,-7.436035281731771,0.2476193693454463,-1.3592152843450733,9.709200539155468,0.00686983076220204,-0.006928085520693938,0.12326387842209953,-12.80999315402312,46.18422025317609,-65.75
1773080228.9598224,43.68705779717449,1.3141667087776112,-7.482542407134679,0.23190464972219907,-1.3593484411495034,9.69850344611079,-0.01351559224120237,-0.014775961614583574,0.07635815477475191,-13.106036823455144,46.284292206235996,-65.0625
1773080229.0180259,43.68705779717449,1.3141667087776112,-7.482542407134679,0.23190464972219907,-1.3593484411495034,9.69850344611079,-0.01351559224120237,-0.014775961614583574,0.07635815477475191,-13.106036823455144,46.284292206235996,-65.0625
1773080229.062032,44.275198146768695,1.338458020519927,-7.507724390617014,0.1944450551058659,-1.31658929531274,9.826368718051848,0.00509411831315963,-0.01899398042341643,0.1538071403320003,-13.42409753457803,45.85081800395862,-65.375
1773080229.102771,44.57792121710808,1.334230709972169,-7.524220113714722,0.24724065345863003,-1.2775892801894362,9.864379651208095,-0.013530155930825344,-0.01822544068530757,0.15271630954950383,-13.242632918350955,46.699921556570175,-64.25
1773080229.1211085,44.77820269102094,1.3405266035267258,-7.5232181488223295,0.276019755627965,-1.2537240249662667,9.85622438554044,-0.00215998231809684,-0.02137803202471498,0.18762289458939044,-13.242632918350955,46.699921556570175,-64.25
1773080229.1396396,44.77820269102094,1.3405266035267258,-7.5232181488223295,0.276019755627965,-1.2537240249662667,9.85622438554044,-0.00215998231809684,-0.02137803202471498,0.18762289458939044,-13.242632918350955,46.699921556570175,-64.25
1773080229.1619165,45.15276025677762,1.358373563694613,-7.520701942372644,0.296216336229359,-1.2410198535920924,9.830726477094984,0.005492951871837037,-0.006232364230699949,0.2378011105842274,-13.242632918350955,46.699921556570175,-64.25
1773080229.2152214,45.15276025677762,1.358373563694613,-7.520701942372644,0.296216336229359,-1.2410198535920924,9.830726477094984,0.005492951871837037,-0.006232364230699949,0.2378011105842274,-13.242632918350955,46.699921556570175,-64.25
1773080229.235365,45.954026783339984,1.4585928298693611,-7.499181316362103,0.2969453774710932,-1.2367430078228219,9.786997010196279,-0.004840921650711972,-0.0027391940911070307,0.1930770485018727,-13.106036823455144,46.284292206235996,-64.5625
1773080229.2555192,46.414774284033385,1.483682516218156,-7.50174774906221,0.29743054627354304,-1.23389681473887,9.757895538465343,0.004442088092034566,-0.01002242210160945,0.21925698728178766,-13.106036823455144,46.284292206235996,-64.5625
1773080229.3226402,46.91340865844664,1.5028121846261846,-7.498901834460665,0.29139764192293,-1.2340915242182346,9.738528834113145,0.00957989747406312,-0.0186679653128539,0.21598449493429828,-12.35533634800442,46.20206510511928,-65.0625
1773080229.358317,47.461739387020586,1.516543621125576,-7.4898735971199315,0.29038205841217335,-1.2754890025894332,9.708914950170424,-0.006631197789377355,-0.018254568064553518,0.18653206380689397,-12.35533634800442,46.20206510511928,-65.0625
1773080229.4212315,47.896271325647774,1.5296391581343831,-7.480993444256143,0.2897061989305759,-1.303038562005332,9.689207241215302,-0.0021454186284738655,-0.017928552953990984,0.19744037163185854,-11.97956889130429,46.259771850696524,-65.0
1773080229.4476354,48.59982836765795,1.5319206176066957,-7.497726317163325,0.28030080810807995,-1.2965205044866888,9.700791399012877,0.0012603693733812052,-0.028291553855785943,0.18216874067690814,-11.97956889130429,46.259771850696524,-65.0
1773080229.5118995,48.59982836765795,1.5319206176066957,-7.497726317163325,0.28030080810807995,-1.2965205044866888,9.700791399012877,0.0012603693733812052,-0.028291553855785943,0.18216874067690814,-11.97956889130429,46.259771850696524,-65.0
1773080229.5592642,49.38564524078732,1.5323578465852763,-7.486846217427155,0.22617772695087363,-1.2772464960139467,9.710350366282963,0.003717239422794628,-0.018298259133422444,0.20725784867432664,-13.203605462666438,46.581170313617555,-64.5625
1773080229.5912545,49.851220419770264,1.540656005137969,-7.479552702454514,0.22617772695087363,-1.2772464960139467,9.710350366282963,0.003717239422794628,-0.018298259133422444,0.20725784867432664,-13.203605462666438,46.581170313617555,-64.5625
1773080229.6262174,50.26624377509349,1.5726303127143528,-7.46560565040799,0.20802315439972466,-1.260672791234597,9.736994058506019,0.003746366802040577,-0.011399300991974453,0.19525871006686563,-12.751451970496342,46.00609338874716,-63.75
1773080229.6580772,50.49220846229805,1.5758547381258785,-7.473102222629332,0.18967503161877425,-1.2305758395374946,9.754725138050919,0.005463824492591088,-0.013131322372147938,0.20943951023931956,-12.751451970496342,46.00609338874716,-63.75
1773080229.6864467,51.18510928495162,1.5989265877674794,-7.462767838655229,0.19335400779239487,-1.2053246064313659,9.766524973418914,0.008898739873692108,-0.016595365132494908,0.20507618710933373,-11.622480724496885,46.57449481002127,-64.25
1773080229.7307794,51.5137492425002,1.593450250873447,-7.465983166940054,0.22426934796797732,-1.2108547397862568,9.771032520336197,0.0012894967526271553,-0.021392595714337957,0.18762289458939044,-11.622480724496885,46.57449481002127,-64.25
1773080229.756312,51.5137492425002,1.593450250873447,-7.465983166940054,0.22426934796797732,-1.2108547397862568,9.771032520336197,0.0012894967526271553,-0.021392595714337957,0.18762289458939044,-11.622480724496885,46.57449481002127,-64.25
1773080229.789352,52.15015523167255,1.5972963218897773,-7.453727828321997,0.23848738273889677,-1.216623800940974,9.747271348798495,-0.00215998231809684,-0.02137803202471498,0.1908953869368798,-11.993241553499805,47.702631618071194,-63.375
1773080229.8074408,52.39169500385878,1.5996125709513311,-7.4543994705364724,0.24794932605308861,-1.2204630466948028,9.731458554569834,0.001318624131873104,-0.014493637572889967,0.21271200258680892,-11.993241553499805,47.702631618071194,-63.375
1773080229.8355265,52.39169500385878,1.5996125709513311,-7.4543994705364724,0.24794932605308861,-1.2204630466948028,9.731458554569834,0.001318624131873104,-0.014493637572889967,0.21271200258680892,-11.993241553499805,47.702631618071194,-63.375
1773080229.867257,52.88274265177088,1.6207277792133499,-7.436332129264293,0.2541568224109222,-1.2441741773463237,9.74435109860238,0.004072381912603109,-0.015885080152877942,0.22471114119426994,-12.038110074831067,46.43789871512546,-64.5625
1773080229.8859513,52.88274265177088,1.6207277792133499,-7.436332129264293,0.2541568224109222,-1.2441741773463237,9.74435109860238,0.004072381912603109,-0.015885080152877942,0.22471114119426994,-12.038110074831067,46.43789871512546,-64.5625
1773080229.9196033,53.58865094592535,1.6399121632484466,-7.4349935574069335,0.25193206312582983,-1.262042489106901,9.766311389466164,0.009253882363500589,-0.014182186151950407,0.20507618710933373,-12.038110074831067,46.43789871512546,-64.5625
1773080229.9424071,53.925355292654864,1.6462098551118753,-7.427457091253593,0.24836269149111573,-1.2675778722124917,9.767545270894212,-0.0021308549388508904,-0.014479073883266993,0.19634954084936207,-13.239295166552816,47.49048392565496,-64.25
1773080230.0105395,54.486229950219446,1.6494226135269525,-7.408234828111871,0.26405490186669256,-1.2512391831577143,9.748295734957303,0.006159545782585076,-0.011754443481782936,0.21271200258680892,-13.239295166552816,47.49048392565496,-64.25
1773080230.0649717,54.486229950219446,1.6494226135269525,-7.408234828111871,0.26405490186669256,-1.2512391831577143,9.748295734957303,0.006159545782585076,-0.011754443481782936,0.21271200258680892,-13.239295166552816,47.49048392565496,-64.25
1773080230.1506383,55.68881977768203,1.671652593009036,-7.379622380962674,0.2776757819626397,-1.2393215585155382,9.735485383822695,-8.738213773784855e-05,-0.020696874424343967,0.21489366415180183,-12.252761081095915,47.09103055136489,-63.875
1773080230.1935115,56.46512825906121,1.6974664393962995,-7.38386011252543,0.30558435876582896,-1.278014443620569,9.726960238243613,-0.006957212899939887,-0.013768788903650027,0.18980455615438332,-12.252761081095915,47.09103055136489,-63.875
1773080230.2536829,57.408817552675565,1.7097461986601128,-7.379598906908587,0.32097931548464476,-1.3048085360214567,9.71794173738553,0.01479052530420655,-0.010066113170478376,0.2007128639793479,-11.082259065563335,48.13360250649996,-63.5
1773080230.3418124,57.892013469985,1.7121015297451432,-7.375107290756534,0.33335796700122095,-1.31841740622881,9.695214467271134,-0.00836321916955084,-0.019972025755104025,0.16907877128695067,-11.082259065563335,48.13360250649996,-63.5
1773080230.3720093,58.86969025531572,1.7234252825134129,-7.342094227782541,0.3332405445762058,-1.3020508422549515,9.676744611182926,0.010985903743674074,-0.012464728461399899,0.20398535632683726,-13.057830550325741,48.33958747826651,-62.6875
1773080230.425176,59.41557624799885,1.7584880840354618,-7.3341116737941,0.3331624012640526,-1.2911590767568475,9.664453128278035,-0.001094554848671394,-0.014138495083081485,0.19198621771937624,-13.057830550325741,48.33958747826651,-62.6875
1773080230.4393039,59.63226608659391,1.7682969518148013,-7.339797973856668,0.3172209508403507,-1.2891327764435387,9.649583060295052,0.0023694879116755744,-0.010703579701980465,0.1930770485018727,-13.057830550325741,48.33958747826651,-62.6875
1773080230.456622,59.63226608659391,1.7682969518148013,-7.339797973856668,0.3172209508403507,-1.2891327764435387,9.649583060295052,0.0023694879116755744,-0.010703579701980465,0.1930770485018727,-13.057830550325741,48.33958747826651,-62.6875
1773080230.4896994,60.07306545532406,1.7768625806462106,-7.340238565547802,0.31078973202639587,-1.3004958537581952,9.63968719616192,0.003760930491663552,-0.007949821921250459,0.19962203319685143,-11.697197884067782,47.6025596650113,-62.6875
1773080230.5253294,60.506449153074165,1.8020728061421973,-7.326821754017918,0.29502132224241945,-1.273101071547968,9.6732429496132,0.005818966982399569,-0.010718143391603438,0.19634954084936207,-11.697197884067782,47.6025596650113,-62.6875
1773080230.6214993,61.283929488659375,1.7985161432508185,-7.313198254831902,0.26863817475348006,-1.2600921979635171,9.712299487229297,-0.003862876319024375,-0.0161965315738175,0.19525871006686563,-9.915094801828895,48.38561209255026,-63.5
1773080230.7292204,62.15696454885866,1.8204529095871789,-7.327778324702344,0.23836892728075348,-1.255612576277054,9.738291176722697,-0.0011091185382943699,-0.017587974153805478,0.18216874067690814,-9.915094801828895,48.38561209255026,-63.5
1773080230.7609036,63.05113143833498,1.8464553548579332,-7.311441211802169,0.23406986752922115,-1.2579874678734457,9.742207908905081,0.00684070338295609,-0.013827043662141927,0.21271200258680892,-10.46732024705889,48.66464534798863,-63.1875
1773080230.7792318,63.40676644697192,1.8443107940620713,-7.300636894669942,0.2470983382106024,-1.2543458837448802,9.744814450419693,0.0020143454218670928,-0.013116758682524965,0.21271200258680892,-10.46732024705889,48.66464534798863,-63.1875
1773080230.8211625,63.40676644697192,1.8443107940620713,-7.300636894669942,0.2470983382106024,-1.2543458837448802,9.744814450419693,0.0020143454218670928,-0.013116758682524965,0.21271200258680892,-10.46732024705889,48.66464534798863,-63.1875
1773080230.8502471,64.01520165764575,1.8573078066162614,-7.301791494243692,0.25785745909418273,-1.2582782289554326,9.753239298095329,0.0033912243122320956,-0.013812479972518953,0.2203478180642841,-11.135793621392901,49.49757292455606,-62.0
1773080230.9369588,64.63034471934515,1.8679361035873605,-7.296107597628742,0.24821765917262384,-1.2312050861037918,9.75884594011175,-0.0035077338292158933,-0.013783352593273002,0.17780541754692233,-11.135793621392901,49.49757292455606,-62.0
1773080231.0243106,65.59699490813423,1.8546433144019476,-7.336285450141999,0.24630838286181772,-1.2921447789256342,9.770631387648667,-0.002515124807905321,-0.023791211005259476,0.19416787928436915,-10.227314447305037,49.335622036171245,-62.6875
1773080231.056678,66.04017747835485,1.8445305514512815,-7.345798040927244,0.24630838286181772,-1.2921447789256342,9.770631387648667,-0.002515124807905321,-0.023791211005259476,0.19416787928436915,-10.227314447305037,49.335622036171245,-62.6875
1773080231.128602,67.2196933315257,1.7971986450979038,-7.34397680785005,0.24132983363166893,-1.2958438333731206,9.715638861495462,-0.0049283037884498195,-0.023436068515451,0.20289452554434081,-10.067032434819291,49.848820025716726,-63.1875
1773080231.2181888,67.2196933315257,1.7971986450979038,-7.34397680785005,0.24132983363166893,-1.2958438333731206,9.715638861495462,-0.0049283037884498195,-0.023436068515451,0.20289452554434081,-10.067032434819291,49.848820025716726,-63.1875
1773080231.2662585,68.38464445899106,2.1667561304181455,-8.166202962567715,0.23708472722160157,-1.2879388094427657,9.676956370554507,0.0013040604422501292,-0.01794311664361396,0.18871372537188688,-10.324883086516332,49.632500143552804,-62.6875
1773080231.3286605,69.3029935929649,1.7727877194931267,-7.369916904278046,0.23759782284617845,-1.2915467355609276,9.791195952304355,0.0019997817322441173,-0.016566237753248957,0.19525871006686563,-9.910922612081219,49.37381505390623,-63.1875
1773080231.3733456,69.7703036968976,1.771534113508418,-7.362267612159715,0.25049056265553166,-1.2798570908937923,9.817556786557441,0.002695503022238107,-0.015189358862883955,0.210530341021816,-9.910922612081219,49.37381505390623,-63.1875
1773080231.402209,69.98921997961804,1.7793473649594072,-7.3620955335806295,0.24304710822354095,-1.3090340441406871,9.831754515575737,0.006144982092962101,-0.015203922552506927,0.19744037163185854,-9.910922612081219,49.37381505390623,-63.1875
1773080231.4235725,70.30604257434166,1.7776529711725118,-7.35968104056028,0.26365066935508935,-1.2883614706335738,9.82782249880911,0.0006374665315020897,-0.012421037392530974,0.18980455615438332,-8.646189709135484,49.32894653257497,-63.1875
1773080231.4719925,70.84933521431395,1.75930710934519,-7.370107676752892,0.25825011221395383,-1.2914486391851576,9.825205785574425,0.007181282183141596,-0.014863343752321422,0.20943951023931956,-8.646189709135484,49.32894653257497,-63.1875
1773080231.5182416,71.42000594121252,1.7583827101048812,-7.364267204018161,0.2546561017647042,-1.2935031153703045,9.823464392147345,-0.004218018808832856,-0.018609710554362,0.20616701789183017,-9.73029243380368,50.02527801424659,-62.0
1773080231.5389662,71.42000594121252,1.7583827101048812,-7.364267204018161,0.2546561017647042,-1.2935031153703045,9.823464392147345,-0.004218018808832856,-0.018609710554362,0.20616701789183017,-9.73029243380368,50.02527801424659,-62.0
1773080231.5745099,71.85886139174254,1.75840407514764,-7.36377585529098,0.26688606223717887,-1.3393607977041861,9.822305514274262,0.004412960712788617,-0.01692138024305744,0.19962203319685143,-9.73029243380368,50.02527801424659,-62.0
1773080231.607391,72.40323258388628,1.777814955821123,-7.3558417735064845,0.27820285369847714,-1.3688341634421706,9.824879405702559,0.017602537843428454,0.002340360532429625,0.19198621771937624,-7.993057872896056,49.54359753883982,-62.375
1773080231.6461184,72.7317865841038,1.7864031134726523,-7.356881797639576,0.27542393791714675,-1.3249352320226677,9.786450961208006,0.006217800541076975,0.0020434728011130424,0.20507618710933373,-7.993057872896056,49.54359753883982,-62.375
1773080231.6719558,73.21309302736964,1.811138351477558,-7.352694485820717,0.26404093235376547,-1.2988542123201958,9.754187037256095,0.005478388182214061,-0.009681843301423944,0.21925698728178766,-9.15938769868096,49.48922854506071,-62.375
1773080231.7001657,73.21309302736964,1.811138351477558,-7.352694485820717,0.26404093235376547,-1.2988542123201958,9.754187037256095,0.005478388182214061,-0.009681843301423944,0.21925698728178766,-9.15938769868096,49.48922854506071,-62.375
1773080231.7203789,73.55133464877055,1.8171389556220705,-7.3474310557684275,0.2699983333847603,-1.3333882247952402,9.709299974326509,0.0037318031124176027,-0.014848780062698448,0.1832595714594046,-9.15938769868096,49.48922854506071,-62.375
1773080231.7447422,73.55133464877055,1.8171389556220705,-7.3474310557684275,0.2699983333847603,-1.3333882247952402,9.709299974326509,0.0037318031124176027,-0.014848780062698448,0.1832595714594046,-9.15938769868096,49.48922854506071,-62.375
1773080231.8166559,73.97611037098085,1.7974954618742363,-7.342153831399011,0.2739629172223573,-1.356370224327186,9.679428135368216,-8.738213773784855e-05,-0.020696874424343967,0.18762289458939044,-9.398559060485278,49.01589244914929,-62.375
1773080231.9139426,75.62522843385732,1.7537483767918733,-7.349041785329062,0.27958029004572155,-1.3497628984424483,9.749958621107478,0.004753539512974124,-0.017957680333236935,0.22689280275926285,-9.315497521419033,49.96423351687121,1985.625
1773080231.9400988,76.07285478187973,1.7674780873235432,-7.358446936989366,0.2412498413586324,-1.3554662569443523,9.776733356467814,-0.019392813982093835,-0.01785573450587611,0.17889624832941878,-9.315497521419033,49.96423351687121,1985.625
1773080231.9593506,76.38468241308702,1.784192467948669,-7.419521401287141,0.23798658162787673,-1.3519509111773187,9.794551643756726,-0.028719514793709294,-0.020920943707545676,0.12980886311707826,-8.802299531873556,49.80395150438546,-62.0
1773080232.0146112,76.81911812625259,1.8104840918645164,-7.438119702209833,0.22641523240802225,-1.3210104833780556,9.78633884466027,-0.006957212899939887,-0.013768788903650027,0.20180369476184434,-8.802299531873556,49.80395150438546,-62.0
1773080232.048576,76.81911812625259,1.8104840918645164,-7.438119702209833,0.22641523240802225,-1.3210104833780556,9.78633884466027,-0.006957212899939887,-0.013768788903650027,0.20180369476184434,-8.802299531873556,49.80395150438546,-62.0
1773080232.0771344,76.81911812625259,1.8104840918645164,-7.438119702209833,0.24804741854102402,-1.368244721580677,9.774183095189917,0.041734327648873436,-0.001211064365655193,0.2552544031041707,-8.149167695634128,50.01860251065031,-61.1875
1773080232.1039627,77.51506130827859,1.833893294064512,-7.374536597610773,0.24804741854102402,-1.368244721580677,9.774183095189917,0.041734327648873436,-0.001211064365655193,0.2552544031041707,-8.149167695634128,50.01860251065031,-61.1875
1773080232.1399639,78.16036051750588,1.8649359642789585,-7.346008307808519,0.23946638575576235,-1.3297650130050274,9.682465787023032,-0.00107999115904842,-0.01068901601235749,0.2203478180642841,-8.149167695634128,50.01860251065031,-61.1875
1773080232.173869,78.53442492323713,1.8637433173445521,-7.338475142300555,0.24524430979829862,-1.3391139800236826,9.705056735670418,-0.0038774400086473487,-0.019646010644541495,0.16253378659197193,-8.685217164820003,49.447697775527594,-62.0
1773080232.2078311,78.53442492323713,1.8637433173445521,-7.338475142300555,0.24524430979829862,-1.3391139800236826,9.705056735670418,-0.0038774400086473487,-0.019646010644541495,0.16253378659197193,-8.685217164820003,49.447697775527594,-62.0
1773080232.2379339,79.26439030434663,1.9034000409178302,-7.314541638402482,0.21113342353310652,-1.3155562172567754,9.713400536223183,0.015457119214954587,-0.01558819242156136,0.24107360293171676,-8.685217164820003,49.447697775527594,-62.0
1773080232.260598,79.74083603990586,1.9205305793759493,-7.29776863849297,0.21367748240114154,-1.3338358235412187,9.71895324228469,0.002340360532429625,-0.017602537843428454,0.210530341021816,-7.47652213155244,50.17387789543885,-62.0
1773080232.3282392,80.35839990530768,1.9047258556460924,-7.304593022033764,0.19848132925556428,-1.3374667781543779,9.72264850614083,0.005108682002782605,-0.015544501352692435,0.17998707911191522,-7.47652213155244,50.17387789543885,-62.0
1773080232.3578691,80.35839990530768,1.9047258556460924,-7.304593022033764,0.19848132925556428,-1.3374667781543779,9.72264850614083,0.005108682002782605,-0.015544501352692435,0.17998707911191522,-7.47652213155244,50.17387789543885,-62.0
1773080232.4392028,81.08058773473545,1.8726561844325003,-7.298918851377554,0.20108001662724148,-1.3357054995236655,9.78197456198272,-0.0004133972483003801,-0.016211095263440476,0.1810779098944117,-6.82339029531301,50.388528901703694,-60.6875
1773080232.4746497,82.1354099964755,1.8655246594256376,-7.294617344091817,0.20827932969893825,-1.3112071200015587,9.837694103944516,0.013710534145158128,-0.02075512918283586,0.21380283336930536,-6.82339029531301,50.388528901703694,-60.6875
1773080232.4970992,82.1354099964755,1.8655246594256376,-7.294617344091817,0.20827932969893825,-1.3112071200015587,9.837694103944516,0.013710534145158128,-0.02075512918283586,0.21380283336930536,-6.82339029531301,50.388528901703694,-60.6875
1773080232.5143416,82.47407212644565,1.8908520846378432,-7.295105028083736,0.20768979769239904,-1.297073834873033,9.845155675348261,-0.00451490654014944,-0.007224973252010521,0.20507618710933373,-6.36873348929431,50.40637375364688,-62.0
1773080232.5411289,82.79946962461541,1.8804367082227282,-7.292985281839846,0.23907636457231507,-1.2772241955857653,9.830050597522323,0.009239318673877613,-0.0176316652226744,0.19198621771937624,-6.36873348929431,50.40637375364688,-62.0
1773080232.6063519,83.13043624613053,1.8740635679728415,-7.296484833677422,0.27040787013334766,-1.295793376219852,9.806617890134659,0.006514688272393558,-0.009341264501238436,0.19525871006686563,-6.36873348929431,50.40637375364688,-62.0
1773080232.668693,83.698564514354,1.869452983045038,-7.288559218071787,0.28808074770388864,-1.309195368091835,9.79102368512866,0.009239318673877613,-0.0176316652226744,0.20943951023931956,-6.58505337145823,50.66422440534392,-62.0
1773080232.7277894,85.02817159197788,1.8469966259354245,-7.269523705014918,0.2564511552185855,-1.26463250293555,9.80159585730467,0.006485560893147608,-0.016240222642686424,0.21162117180431245,-7.058389467369652,50.90339576714824,-61.1875
1773080232.7672036,85.02817159197788,1.8469966259354245,-7.269523705014918,0.2564511552185855,-1.26463250293555,9.80159585730467,0.006485560893147608,-0.016240222642686424,0.21162117180431245,-7.058389467369652,50.90339576714824,-61.1875
1773080232.825269,85.60336069288536,1.8544227768627255,-7.254686869467749,0.28106017145936757,-1.252501622800781,9.76761090813617,0.004072381912603109,-0.015885080152877942,0.20616701789183017,-7.058389467369652,50.90339576714824,-61.1875
1773080232.8596058,86.33184962982915,1.865410936495,-7.240519424045171,0.2710143328102001,-1.2390279671833584,9.741649192393972,0.00960902485330907,-0.01176900717140591,0.21598449493429828,-6.032827926228235,50.38519114990555,-61.875
1773080232.893773,86.67241189608634,1.8909633170965479,-7.241029184543971,0.2885736630616306,-1.2502624669996831,9.724371960578905,-0.0034786064499699437,-0.0068843944518250134,0.2083486794568231,-6.032827926228235,50.38519114990555,-61.875
1773080232.919174,87.13175229759476,1.8849999782722042,-7.231960781511238,0.2864585734536791,-1.2693167278555009,9.722909490927261,0.0023549242220526,-0.014153058772704459,0.210530341021816,-6.027821298531025,51.57103470353272,-60.75
1773080232.9442947,87.38350441079865,1.9008345069805965,-7.227568014140087,0.29140678371563916,-1.2799083064223324,9.731971568832908,0.00617410947220805,-0.00830496441105894,0.22907446432425577,-6.027821298531025,51.57103470353272,-60.75
1773080232.9964066,88.00780559425057,1.897750183575497,-7.22975253235514,0.27567708667344915,-1.2826452634461314,9.738002280449072,0.001318624131873104,-0.014493637572889967,0.22471114119426994,-6.027821298531025,51.57103470353272,-62.0625
1773080233.014412,88.00780559425057,1.897750183575497,-7.22975253235514,0.27567708667344915,-1.2826452634461314,9.738002280449072,0.001318624131873104,-0.014493637572889967,0.22471114119426994,-6.027821298531025,51.57103470353272,-62.0625
1773080233.036811,88.6009288656434,1.8985243250664106,-7.228757780886113,0.2800541863351454,-1.2760667404304933,9.742015651662166,-0.0024859974286593717,-0.01689225286381149,0.21925698728178766,-6.027821298531025,51.57103470353272,-62.0625
1773080233.0499084,88.72200533827595,1.8906893775125242,-7.229148912791183,0.2893228760335501,-1.2695999876678286,9.744686505372187,-0.00661663409975438,-0.014805088993829523,0.21707532571679475,-6.027821298531025,51.57103470353272,-62.0625
1773080233.0950656,89.30376522924722,1.9143340642410247,-7.237191000793179,0.2934022663071157,-1.2589406571736843,9.746463928680814,-0.004884612719580897,-0.013087631303279014,0.21271200258680892,-6.643594554985007,50.84235126977286,-61.5625
1773080233.1335378,89.73493333463986,1.9261176104570898,-7.232476598145993,0.28022760804201646,-1.2570690397590414,9.72757611379367,-5.825475849189867e-05,-0.013797916282895978,0.19744037163185854,-6.643594554985007,50.84235126977286,-61.5625
1773080233.1603823,90.08222212256646,1.9145825226288309,-7.216324145518536,0.2714600201371687,-1.255823499276933,9.711661372269674,0.0006374665315020897,-0.012421037392530974,0.20289452554434081,-6.1253899377423195,51.86791281091428,-62.0625
1773080233.200407,90.3332491919572,1.9164762441522243,-7.20491006960656,0.2752482777012246,-1.2307052217361436,9.701070289564765,0.0016737666216815855,-0.012080458592345467,0.22689280275926285,-6.1253899377423195,51.86791281091428,-62.0625
1773080233.2196138,90.84463595278298,1.923380525080967,-7.197379439294858,0.27776932079249406,-1.2139892886222934,9.697367154042114,0.001318624131873104,-0.014493637572889967,0.22689280275926285,-5.9887938428465075,51.4522834605801,-61.5625
1773080233.2529848,90.84463595278298,1.923380525080967,-7.197379439294858,0.27776932079249406,-1.2139892886222934,9.697367154042114,0.001318624131873104,-0.014493637572889967,0.22689280275926285,-5.9887938428465075,51.4522834605801,-61.5625
1773080233.2713075,91.30435831035936,1.9451648334998086,-7.203481337919635,0.2666461680490031,-1.2281988157191166,9.698247870425844,0.006826139693333116,-0.017276522732865923,0.2007128639793479,-5.9887938428465075,51.4522834605801,-61.5625
1773080233.2924027,91.73933796278355,1.9347900080285632,-7.216066612861262,0.2665547012913289,-1.259900322962569,9.69883397734097,-0.0021454186284738655,-0.017928552953990984,0.2007128639793479,-5.316148278764818,51.60755884536863,-61.25
1773080233.3141587,91.73933796278355,1.9347900080285632,-7.216066612861262,0.2665547012913289,-1.259900322962569,9.69883397734097,-0.0021454186284738655,-0.017928552953990984,0.2007128639793479,-5.316148278764818,51.60755884536863,-61.25
1773080233.3412378,92.27994048560551,1.942189609019598,-7.21790974343692,0.2521921643897424,-1.2551520605598045,9.73848232053796,0.0020289091114900674,-0.009667279611800968,0.20725784867432664,-5.316148278764818,51.60755884536863,-61.25
1773080233.3761332,92.27994048560551,1.942189609019598,-7.21790974343692,0.2521921643897424,-1.2551520605598045,9.73848232053796,0.0020289091114900674,-0.009667279611800968,0.20725784867432664,-5.316148278764818,51.60755884536863,-61.25
1773080233.401092,92.73596232934285,1.934514248417025,-7.2200073088476735,0.2486251071976568,-1.2418362134959962,9.749025336393562,-0.004232582498455831,-0.022059189625085993,0.20507618710933373,-5.1795521838690055,51.19192949503445,-61.5625
1773080233.421095,92.9861544670239,1.9251347240633343,-7.2176185129973565,0.25260704925191624,-1.230885846840115,9.749351372257621,0.008884176184069132,-0.0200448442032189,0.22471114119426994,-5.1795521838690055,51.19192949503445,-61.5625
1773080233.443722,93.33740795213467,1.9108898569525692,-7.221664964503299,0.2530788468042153,-1.2383988768748169,9.749568345483093,0.003036081822423613,-0.016225658953063448,0.20943951023931956,-5.1795521838690055,51.19192949503445,-61.5625
1773080233.483785,93.77587443831621,1.9177314307332756,-7.222018873607274,0.25974860157389906,-1.2413098952541919,9.699536063131104,-0.0011091185382943699,-0.017587974153805478,0.20398535632683726,-5.492606267294685,51.94429884638424,-61.25
1773080233.5470245,94.22730886741927,1.895739010594084,-7.217959789465752,0.2663653892706844,-1.2284467687468796,9.66624013812307,-0.0007685397381088625,-0.018624274243984974,0.20725784867432664,-5.492606267294685,51.94429884638424,-61.25
1773080233.5697925,94.97054783199157,1.8876904774461911,-7.2490990799936315,0.27712456633748617,-1.2177976825641266,9.6307016251408,0.011000467433297047,-0.009015249390675904,0.22580197197676638,-4.12613253538998,52.59075517902739,-60.75
1773080233.6006308,95.19475077224489,1.8920491616496888,-7.244327167762508,0.29577318399227076,-1.245667617896832,9.65722781735209,0.001318624131873104,-0.014493637572889967,0.20180369476184434,-4.12613253538998,52.59075517902739,-60.75
1773080233.634058,95.51911048179531,1.8874188441320603,-7.241220892117658,0.2954720731849155,-1.2683923868985203,9.74178293609811,-0.002841139918467854,-0.01930543184435599,0.1908953869368798,-4.12613253538998,52.59075517902739,-60.75
1773080233.6642933,96.01314993663601,1.8836128041370594,-7.234189775255279,0.29527168730624864,-1.2835154668168407,9.79805342308102,0.0033912243122320956,-0.013812479972518953,0.22471114119426994,-5.551147450821462,52.122425710813175,-60.5
1773080233.7051811,96.51039833734308,1.900764704636532,-7.219668677843954,0.29409392315111543,-1.2904018181821348,9.765253457731914,-0.001094554848671394,-0.014138495083081485,0.22362031041177347,-5.551147450821462,52.122425710813175,-60.5
1773080233.7415617,96.75992920912283,1.9011325133009243,-7.218657933575451,0.2711095691814915,-1.2917173974847478,9.743425447191704,0.011681625033668062,-0.011087849571034897,0.2203478180642841,-5.551147450821462,52.122425710813175,-60.5
1773080233.7789578,97.38121759244345,1.908905647101296,-7.2254742154152805,0.2558137383667638,-1.292592900814653,9.72889915001205,-0.0017757124490424085,-0.012065894902722493,0.23234695667174513,-5.175379994121332,52.18013245639042,-60.5
1773080233.7952335,97.38121759244345,1.908905647101296,-7.2254742154152805,0.2558137383667638,-1.292592900814653,9.72889915001205,-0.0017757124490424085,-0.012065894902722493,0.23234695667174513,-5.175379994121332,52.18013245639042,-60.5
1773080233.8120987,97.73429989360383,1.9149871076426592,-7.232834297229022,0.2508565817818751,-1.309064985423074,9.735957620044958,-0.004203455119209882,-0.015160231483638006,0.20725784867432664,-5.175379994121332,52.18013245639042,-60.5
1773080233.8264132,97.73429989360383,1.9149871076426592,-7.232834297229022,0.2508565817818751,-1.309064985423074,9.735957620044958,-0.004203455119209882,-0.015160231483638006,0.20725784867432664,-5.175379994121332,52.18013245639042,-60.5
1773080233.8494196,97.9781306752391,1.9204676222957004,-7.227687557581866,0.2793365432944629,-1.3095828778113627,9.760725623247499,0.0020143454218670928,-0.013116758682524965,0.21380283336930536,-5.175379994121332,52.18013245639042,-60.5
1773080233.8735447,98.44991094201424,1.9173511976145114,-7.256954778288301,0.2526207967336746,-1.3531056075390782,9.777208452702064,-0.008392346548796788,-0.026870983896552018,0.20398535632683726,-3.8919678012828722,51.87824772131165,-60.0625
1773080233.8973377,98.81920904537694,1.8951023491261765,-7.261925522404399,0.28582197781492863,-1.3336247112964283,9.758071586212933,0.004738975823351149,-0.02140715940396093,0.20943951023931956,-3.8919678012828722,51.87824772131165,-60.0625
1773080233.9148176,98.81920904537694,1.8951023491261765,-7.261925522404399,0.28582197781492863,-1.3336247112964283,9.758071586212933,0.004738975823351149,-0.02140715940396093,0.20943951023931956,-3.8919678012828722,51.87824772131165,-60.0625
1773080233.9394047,99.04761218105423,1.8981034881024825,-7.27694309024129,0.2548479617773193,-1.3627494003895595,9.731955768507946,-0.0048991764092038695,-0.01653711037400301,0.20289452554434081,-3.8919678012828722,51.87824772131165,-60.0625
1773080233.9562795,99.38013780520511,1.9032873589174275,-7.285112934998683,0.28094835250345773,-1.3421313668928738,9.714575983558076,-0.0011091185382943699,-0.017587974153805478,0.19634954084936207,-4.067591351863203,52.41262831459846,-60.5
1773080233.9848099,99.38013780520511,1.9032873589174275,-7.285112934998683,0.28094835250345773,-1.3421313668928738,9.714575983558076,-0.0011091185382943699,-0.017587974153805478,0.19634954084936207,-4.067591351863203,52.41262831459846,-60.5
1773080234.024533,-173.2037675627221,38.6975693694379,139.36258566089668,0.28265172710117425,-1.2807419551522088,9.723080601062772,-0.0017902761386653834,-0.015515373973446487,0.2083486794568231,-4.067591351863203,52.41262831459846,-60.5
1773080234.0474112,100.44331368951173,1.9167625452749741,-7.2583870596869975,0.2837853038680136,-1.2398879874034587,9.738775664131303,0.005862658051268493,-0.00036970617943145643,0.2203478180642841,-3.9666849608537693,52.90631257630167,-60.0625
1773080234.1197677,101.21146173953053,1.934010483884083,-7.273439164537805,0.28331663451026823,-1.2518345498299774,9.755910776692707,0.016819434415696614,-0.01973339278227934,0.24216443371421323,-3.9666849608537693,52.90631257630167,-60.0625
1773080234.1495233,101.55817507878601,1.945572544252546,-7.276889880517978,0.2819156700862669,-1.2671850420332695,9.794074896349127,-0.01110241326065787,-0.015131104104392055,0.20943951023931956,-4.0837673279073226,53.262566305159545,-60.0625
1773080234.2001019,101.97012691433399,1.9398747410600252,-7.307565873354211,0.28098334391189195,-1.2774006231183268,9.819472691659325,-0.012522983219891795,-0.02478382002657005,0.1930770485018727,-4.0837673279073226,53.262566305159545,-60.0625
1773080234.2352984,102.55933258641865,1.9572681031250743,-7.3067496845498345,0.2750961826904601,-1.2788876090372991,9.776162629994548,0.00957989747406312,-0.0186679653128539,0.21380283336930536,-3.5136970307341384,52.52887624370248,-58.75
1773080234.2607958,103.03097382002674,1.9576041959512493,-7.297133611212522,0.28089065325678364,-1.2344316418025758,9.730614709225133,0.014406255435152117,-0.019378250292470863,0.21162117180431245,-3.5136970307341384,52.52887624370248,-58.75
1773080234.3069,103.62260937548807,1.9350854205715073,-7.304313845003453,0.2720352511522889,-1.20902433057891,9.717028635293296,-0.0025005611182823467,-0.020341731934535486,0.22580197197676638,-3.468828509402876,53.79360914664821,-60.0
1773080234.3368082,103.86094875337449,1.9300942944019612,-7.309349582360777,0.2849414526171432,-1.2493180576983984,9.687916584614133,0.004753539512974124,-0.017957680333236935,0.20507618710933373,-3.468828509402876,53.79360914664821,-60.0
1773080234.357504,103.86094875337449,1.9300942944019612,-7.309349582360777,0.2849414526171432,-1.2493180576983984,9.687916584614133,0.004753539512974124,-0.017957680333236935,0.20507618710933373,-3.468828509402876,53.79360914664821,-60.0
1773080234.3975701,104.67030570178424,1.9118167206269356,-7.313331257996103,0.277000998731327,-1.30128904991079,9.761503506970893,0.00684070338295609,-0.013827043662141927,0.210530341021816,-2.659586850425377,53.53325518110257,-60.5
1773080234.424791,104.67030570178424,1.9118167206269356,-7.313331257996103,0.277000998731327,-1.30128904991079,9.761503506970893,0.00684070338295609,-0.013827043662141927,0.210530341021816,-2.659586850425377,53.53325518110257,-60.5
1773080234.4553668,105.12569008098941,1.9262146228271495,-7.3005479736752505,0.25555678055524966,-1.2862511710439153,9.781071237337773,-0.0028120125392219046,-0.012406473702908,0.19853120241435498,-2.659586850425377,53.53325518110257,-60.5
1773080234.5034533,105.75646130823021,1.9065385003882642,-7.308331460276781,0.24024148331534573,-1.2730657412576474,9.800783566725698,0.015457119214954587,-0.01558819242156136,0.22252947962927702,-3.073547324860489,53.791940270749144,-58.5
1773080234.5190053,106.01424190042621,1.9079520710808004,-7.308377342714561,0.2205156559318405,-1.2674242137997997,9.813901901732216,0.0147613979249606,-0.016965071311926365,0.2301652951067522,-3.073547324860489,53.791940270749144,-58.5
1773080234.5358183,106.24722759822077,1.9078600594911668,-7.309118089488888,0.18614286144958597,-1.2847366745651974,9.809251560308372,0.0016300755528126617,-0.02242889580451745,0.20180369476184434,-3.073547324860489,53.791940270749144,-58.5
1773080234.566003,106.24722759822077,1.9078600594911668,-7.309118089488888,0.18614286144958597,-1.2847366745651974,9.809251560308372,0.0016300755528126617,-0.02242889580451745,0.20180369476184434,-3.073547324860489,53.791940270749144,-58.5
1773080234.5900164,107.04170635411705,1.889179175822662,-7.29507141290264,0.1632681506909187,-1.2962579238117111,9.789431251501924,-0.0049283037884498195,-0.023436068515451,0.19853120241435498,-2.102354777498172,54.44006547929136,-59.5625
1773080234.621113,107.04170635411705,1.889179175822662,-7.29507141290264,0.1632681506909187,-1.2962579238117111,9.789431251501924,-0.0049283037884498195,-0.023436068515451,0.19853120241435498,-2.102354777498172,54.44006547929136,-59.5625
1773080234.6652339,107.30010015291968,1.8809403273354348,-7.285810095492051,0.19240175575956422,-1.3210376854400556,9.756170387154674,0.002666375642992157,-0.02208831700433194,0.23234695667174513,-2.102354777498172,54.44006547929136,-59.5625
1773080234.7185292,108.18198238489403,1.887507089610904,-7.2812065054582025,0.22050240610346866,-1.2783268331133233,9.734035653479777,0.0005937754626331653,-0.022769474604702956,0.22252947962927702,-2.1999234167094666,54.73694358667292,-58.75
1773080234.7767253,109.30777437297864,1.8750077758797459,-7.287779080904642,0.2763461726014865,-1.3061378131412094,9.798642245750324,-0.0011091185382943699,-0.017587974153805478,0.22580197197676638,-2.875906732589294,53.79110583279961,-58.0625
1773080234.8454418,109.91784671914782,1.8692543743311008,-7.283132785228187,0.27723224494066967,-1.313901334904463,9.79240620629931,-0.0017902761386653834,-0.015515373973446487,0.22362031041177347,-2.875906732589294,53.79110583279961,-58.0625
1773080234.8910391,110.542548721425,1.8693132818671518,-7.273567943994879,0.2767775065929822,-1.3158899825292114,9.788256191705786,0.010971340054051098,-0.015914207532123893,0.22907446432425577,-2.518818565781889,54.105828792124356,-58.5
1773080234.9305038,111.03362068880183,1.870587716221574,-7.256591725320468,0.28396439288357517,-1.2971463200211006,9.782149291645176,0.010616197564242617,-0.01832738651266839,0.22362031041177347,-2.518818565781889,54.105828792124356,-58.5
1773080234.9507928,111.03362068880183,1.870587716221574,-7.256591725320468,0.28396439288357517,-1.2971463200211006,9.782149291645176,0.010616197564242617,-0.01832738651266839,0.22362031041177347,-2.518818565781889,54.105828792124356,-58.5
1773080234.9738333,111.42035255694522,1.8704562965596105,-7.255845905872155,0.2898362556289862,-1.277272433642092,9.778085217873384,0.012377346323662051,-0.009710970680669893,0.2279836335417593,-2.080337735807309,54.97361163462863,-57.25
1773080235.0057583,111.94110037255986,1.8689172897810418,-7.253272614193745,0.29374391469305255,-1.264046584262719,9.74861972851838,0.012022203833853568,-0.012124149661214391,0.23343778745424157,-2.080337735807309,54.97361163462863,-57.25
1773080235.021832,111.94110037255986,1.8689172897810418,-7.253272614193745,0.29374391469305255,-1.264046584262719,9.74861972851838,0.012022203833853568,-0.012124149661214391,0.23343778745424157,-2.080337735807309,54.97361163462863,-57.25
1773080235.0420115,112.4368966246205,1.8754081035613022,-7.241258627130818,0.30783292365348774,-1.290201712472405,9.765807003284221,0.008898739873692108,-0.016595365132494908,0.2203478180642841,-1.4272058995678791,55.18826264089348,-58.0625
1773080235.067702,112.4368966246205,1.8754081035613022,-7.241258627130818,0.30783292365348774,-1.290201712472405,9.765807003284221,0.008898739873692108,-0.016595365132494908,0.2203478180642841,-1.4272058995678791,55.18826264089348,-58.0625
1773080235.1734722,114.07000710767036,1.8679834745921577,-7.189307039888705,0.24616860946970667,-1.3410679900235596,9.764821553256985,0.005492951871837037,-0.006232364230699949,0.2399827721492203,-1.1685208099213031,55.60222311532859,-57.375
1773080235.225096,114.46166405615207,1.8780589097892835,-7.188869366914802,0.2454822658353703,-1.3445025051738504,9.776589136661523,0.008232145962944068,-0.011073285881411921,-0.022907446432425576,-0.520395601379085,54.63103056796628,-56.1875
1773080235.2734923,115.08591012050503,1.890589092344942,-7.229821524760129,0.25242570017397037,-1.3478772068421225,9.784420331964721,0.00858728845275255,-0.008660106900867421,0.22580197197676638,-0.520395601379085,54.63103056796628,-56.1875
1773080235.3264813,115.6988549435732,1.9351971921560018,-7.234120743364022,0.2633129357110891,-1.3691903694113283,9.77290634642222,-0.00556577031995191,-0.011015031122920023,0.17780541754692233,-0.8571356023946968,54.45457257943641,-57.6875
1773080235.3742154,116.37608407826184,1.917992810760894,-7.217145720093793,0.29598138441846306,-1.3750187642868101,9.765243917663332,-0.0007102849796169635,-0.004826357961088997,0.22362031041177347,-0.8571356023946968,54.45457257943641,-57.6875
1773080235.4149196,116.85123943098458,1.947087117510884,-7.198954292644159,0.2850772111084931,-1.3438513915188373,9.760144656919229,0.003717239422794628,-0.018298259133422444,0.21271200258680892,-0.1794834106157999,55.79569151785211,-56.875
1773080235.4369493,117.19994677990306,1.9356428510885355,-7.210656378474104,0.2937547131111514,-1.3073097274026646,9.763441379271143,0.002695503022238107,-0.015189358862883955,0.21271200258680892,-0.1794834106157999,55.79569151785211,-56.875
1773080235.4701893,117.76086033883858,1.9437810872565426,-7.233024554868661,0.28359538622702546,-1.2987917838319394,9.745564640925624,-0.00107999115904842,-0.01068901601235749,0.19962203319685143,-0.2999035294674922,55.3613828776252,-56.875
1773080235.529749,118.26372815894337,1.9333092242749474,-7.253010769998475,0.278833965634503,-1.3206351217957721,9.753738541496848,-0.01145755575046635,-0.017544283084936555,0.16471544815696484,-0.2999035294674922,55.3613828776252,-56.875
1773080235.5607278,118.26372815894337,1.9333092242749474,-7.253010769998475,0.278833965634503,-1.3206351217957721,9.753738541496848,-0.01145755575046635,-0.017544283084936555,0.16471544815696484,-0.2999035294674922,55.3613828776252,-56.875
1773080235.593248,-172.61271126373288,32.1527821488747,134.10485257620587,0.2756652934187324,-1.3351716192046295,9.73910751077463,-0.0017902761386653834,-0.015515373973446487,0.1810779098944117,-0.5789367849058619,54.80915743239521,-55.375
1773080235.6091266,118.99055738460602,1.9354372954712094,-7.249904293513463,0.25689068460459163,-1.2834211879505195,9.782892510585427,-0.0100515494808554,-0.011341046233482555,0.18871372537188688,-0.5789367849058619,54.80915743239521,-55.375
1773080235.6288552,119.18965878755692,1.9381920656053448,-7.247533709997102,0.24439639216490328,-1.2489818540411044,9.791960268605099,0.005804403292776594,-0.014167622462327435,0.1734420944169365,-0.5789367849058619,54.80915743239521,-55.375
1773080235.6694307,119.5980734589075,1.9354298368327243,-7.253333523706808,0.24130362807336908,-1.241952308959338,9.841481212468848,-0.006572943030885456,-0.004456651781657541,0.18435040224190105,-0.003859860035469509,55.26131092456531,-54.875
1773080235.6947453,119.78791579578771,1.9243215566027325,-7.267397431892038,0.24020051648930033,-1.2616082701065956,9.854366177181069,0.0009634816420646216,-0.016906816553434463,0.17562375598192942,-0.003859860035469509,55.26131092456531,-54.875
1773080235.7086215,119.78791579578771,1.9243215566027325,-7.267397431892038,0.24020051648930033,-1.2616082701065956,9.854366177181069,0.0009634816420646216,-0.016906816553434463,0.17562375598192942,-0.003859860035469509,55.26131092456531,-54.875
1773080235.723132,120.07643843791429,1.9327744415895858,-7.263562489199593,0.22579976214435213,-1.2545326861699626,9.862940977262564,-0.006928085520693938,-0.006869830762202039,0.16798794050445423,-0.003859860035469509,55.26131092456531,-54.875
1773080235.7405818,120.07643843791429,1.9327744415895858,-7.263562489199593,0.22579976214435213,-1.2545326861699626,9.862940977262564,-0.006928085520693938,-0.006869830762202039,0.16798794050445423,-0.003859860035469509,55.26131092456531,-54.875
1773080235.7753098,120.36154841615121,1.92242583687482,-7.271997738949938,0.2350155936388279,-1.3070259730201597,9.815125623612897,0.00509411831315963,-0.01899398042341643,0.17016960206944712,0.830736592431037,56.325065483441705,-55.6875
1773080235.8052678,120.84075141078362,1.9090292319398268,-7.273558629778347,0.24032752001180271,-1.2858913909222212,9.783305039891541,0.00684070338295609,-0.013827043662141927,0.17671458676442586,0.830736592431037,56.325065483441705,-55.6875
1773080235.8277893,121.14546406975539,1.8967230652183393,-7.296926903104031,0.2616621713381112,-1.3152726044161263,9.732022791518315,-0.0076674978795568515,-0.018595146864739027,0.17889624832941878,1.2990660606452513,54.90005056801023,-54.1875
1773080235.8469603,121.34514745791901,1.889709601085883,-7.295691587557173,0.2612384091933756,-1.2903350224039907,9.778177709061849,-0.0031817187186533617,-0.01826913175417649,0.1832595714594046,1.2990660606452513,54.90005056801023,-54.1875
1773080235.9007533,121.34514745791901,1.889709601085883,-7.295691587557173,0.2612384091933756,-1.2903350224039907,9.778177709061849,-0.0031817187186533617,-0.01826913175417649,0.1832595714594046,1.2990660606452513,54.90005056801023,-54.1875
1773080235.93085,121.94032263321735,1.8753531126998424,-7.30728104531484,0.25246714165769546,-1.2800504583044467,9.808893291102859,-0.004884612719580897,-0.013087631303279014,0.17235126363444003,-0.40414767227506615,54.07713624683721,-54.875
1773080236.0030603,122.79917798108562,1.8762225332583236,-7.339910203113845,0.21825132522599147,-1.3083915588191248,9.836247119547075,0.007224973252010521,-0.00451490654014944,0.136353847812057,1.030046060601298,56.71951223003456,1994.25
1773080236.034776,123.03880910551986,1.8774632805685165,-7.342714601836452,0.230081514412153,-1.3217122956356153,9.804051382907806,0.007565552052196028,-0.005551206630328935,0.14726215563702155,1.030046060601298,56.71951223003456,1994.25
1773080236.0547788,123.10905385936758,1.8764252627180489,-7.3373624768360415,0.1968204536073355,-1.301842110892929,9.782625479824317,0.0006229028418791152,-0.01587051646325497,0.12871803233458182,1.030046060601298,56.71951223003456,1994.25
1773080236.0903385,123.43407836936107,1.8818873880198752,-7.329206024259074,0.23506548749717515,-1.2687749426757688,9.79178256261651,-0.006942649210316912,-0.010319309832926034,0.1559888018969932,0.7331679532197424,56.621943590823264,-52.875
1773080236.1092112,123.43407836936107,1.8818873880198752,-7.329206024259074,0.23506548749717515,-1.2687749426757688,9.79178256261651,-0.006942649210316912,-0.010319309832926034,0.1559888018969932,0.7331679532197424,56.621943590823264,-52.875
1773080236.1434758,123.8044166326054,1.8803626179523374,-7.321539952152286,0.2276423763099056,-1.2731432421570452,9.795241722047264,-0.0035077338292158933,-0.013783352593273002,0.13744467859455345,0.7331679532197424,56.621943590823264,-52.875
1773080236.1585128,123.8044166326054,1.8803626179523374,-7.321539952152286,0.2276423763099056,-1.2731432421570452,9.795241722047264,-0.0035077338292158933,-0.013783352593273002,0.13744467859455345,0.7331679532197424,56.621943590823264,-52.875
1773080236.1978166,124.00954076203506,1.873791384598065,-7.320672934916153,0.2194419581003286,-1.289721015473942,9.793488307468582,-0.004884612719580897,-0.013087631303279014,0.11453723216212788,1.1471284276548517,56.36325850117669,-52.875
1773080236.2255414,124.30437750620915,1.8884833280813547,-7.32163365945748,0.24567424401036392,-1.3114653980066344,9.785631206238754,-0.0072832280105024185,-0.009283009742746538,0.1308996938995747,1.1471284276548517,56.36325850117669,-52.875
1773080236.2398255,124.48890133405925,1.8960558371779235,-7.324085433967597,0.23770842217384733,-1.3342913184121716,9.790437728261836,-0.0048554853403349465,-0.006188673161831026,0.10144726277217041,1.1471284276548517,56.36325850117669,-52.875
1773080236.3063533,124.78601292228906,1.8661623662440763,-7.361319477935798,0.2672300581235532,-1.3697274411894071,9.793636414975825,-0.0021454186284738655,-0.017928552953990984,0.10471975511965978,1.4398343452887357,55.47262417903202,-52.5625
1773080236.3319747,124.99687395649504,1.8559173069279802,-7.366310562141512,0.2563205352582317,-1.3646194593690129,9.795765105252315,0.006855267072579064,-0.01037756459141793,0.12435470920459599,1.4398343452887357,55.47262417903202,-52.5625
1773080236.3492239,124.99687395649504,1.8559173069279802,-7.366310562141512,0.2563205352582317,-1.3646194593690129,9.795765105252315,0.006855267072579064,-0.01037756459141793,0.12435470920459599,1.4398343452887357,55.47262417903202,-52.5625
1773080236.3930368,125.2420350222864,1.8576963928359203,-7.369307795840402,0.2554608090381328,-1.348553257599995,9.79383661314497,0.007550988362573053,-0.009000685701052929,0.07853981633974483,0.6679512660966845,55.21894571708265,-50.5625
1773080236.4342961,125.48442915958178,1.8356524251643795,-7.3812941600059245,0.25488867084242817,-1.3378613797939467,9.755756994409687,0.0020289091114900674,-0.009667279611800968,0.1090830782496456,0.6679512660966845,55.21894571708265,-50.5625
1773080236.457356,125.77960841147375,1.8516425480943501,-7.357013291749032,0.2545079192643891,-1.3307460545501222,9.73041543351857,0.013797916282895978,-5.8254758491898245e-05,0.1341721862470641,0.27767670925150595,56.406458146608884,-51.75
1773080236.4912372,125.95441593000933,1.8613078790603061,-7.344287725031453,0.22887607887713107,-1.3237880840696805,9.730276466365911,0.007609243121064952,0.004797230581843047,0.07744898555724837,0.27767670925150595,56.406458146608884,-51.75
1773080236.523187,126.1088509017486,1.8810124875561263,-7.3402773100941285,0.21181837542582896,-1.3191576324405696,9.730183985278183,-0.005551206630328935,-0.007565552052196028,0.09708393964218458,1.0972532786263811,53.91268204460379,-51.5
1773080236.562841,126.31787516250009,1.9000297968590738,-7.3407243131634345,0.22031044656142987,-1.3764560169119817,9.730122440147381,0.006188673161831026,-0.0048554853403349465,0.09599310885968812,1.0972532786263811,53.91268204460379,-51.5
1773080236.6114244,126.53563249727527,1.8732831539302297,-7.333679424479599,0.26091860826876234,-1.403098946208102,9.736771705964975,0.006500124582770583,-0.01279074357196243,0.07963064712224129,1.1844870074403,55.84922607368168,-51.0
1773080236.632555,126.62076276726047,1.8762444323386336,-7.347770696599481,0.244630826302164,-1.4068949084625488,9.774647835162611,-0.007978949300496408,-0.01065988863311154,0.07635815477475191,1.1844870074403,55.84922607368168,-51.0
1773080236.6715982,126.62076276726047,1.8762444323386336,-7.347770696599481,0.244630826302164,-1.4068949084625488,9.774647835162611,-0.007978949300496408,-0.01065988863311154,0.07635815477475191,1.1844870074403,55.84922607368168,-51.0
1773080236.7195668,126.76144294288946,1.8885848269763983,-7.3653983088225905,0.20245920160971848,-1.3140843974049146,9.799853976039552,-0.004188891429586907,-0.01171075241291401,0.0545415391248228,-0.07857701960636293,56.28937577955533,-48.6875
1773080236.740509,126.9675757809422,1.8880044386713,-7.3693557569253185,0.1564608509702184,-1.2406082305003663,9.706239694880573,-0.001761148759419434,-0.008616415831998498,0.061086523819801536,-0.07857701960636293,56.28937577955533,-48.6875
1773080236.7600842,127.16105136626203,1.9036001534275089,-7.385166511329919,0.12584946245487577,-1.1917106622079539,9.643940436509313,-0.006261491609945898,-0.012391910013285025,0.08399397025222712,1.6391438134590002,55.867070925624866,-49.75
1773080236.7995331,127.22636123798006,1.9135857268705845,-7.388391221333296,0.16558985999179607,-1.2027945609641708,9.666038098430624,-0.005551206630328935,-0.007565552052196028,0.061086523819801536,1.6391438134590002,55.867070925624866,-49.75
1773080236.820129,127.22636123798006,1.9135857268705845,-7.388391221333296,0.16558985999179607,-1.2027945609641708,9.666038098430624,-0.005551206630328935,-0.007565552052196028,0.061086523819801536,1.6391438134590002,55.867070925624866,-49.75
1773080236.8465414,127.33046696024147,1.9300315198918947,-7.384841918313169,0.2140139126518372,-1.2663283711004087,9.697469404128794,0.00448577916090349,0.0003260151105625323,0.06435901616729091,1.6391438134590002,55.867070925624866,-49.75
1773080236.88761,127.43757530946758,1.9232301537722918,-7.390831775469173,0.24306168938050657,-1.3096538216182505,9.715041475252917,0.01724739535361997,-7.281844811487391e-05,0.05235987755982989,1.141287362008107,54.97977435527833,-48.6875
1773080236.930106,127.64665490211453,1.9447205760020079,-7.375547904062174,0.24650321338612682,-1.3437084729175672,9.726735492293125,0.0010508637798024704,0.0037900578709095015,0.05672320068981571,1.141287362008107,54.97977435527833,-48.6875
1773080236.946417,127.64665490211453,1.9447205760020079,-7.375547904062174,0.24650321338612682,-1.3437084729175672,9.726735492293125,0.0010508637798024704,0.0037900578709095015,0.05672320068981571,1.141287362008107,54.97977435527833,-48.6875
1773080237.027033,127.89528561066308,1.9200250727104635,-7.368511337104913,0.18828742411117724,-1.4604836812612032,9.76311250421629,0.00858728845275255,-0.008660106900867421,0.039269908169872414,1.7562261805125536,55.510817196767,-47.0
1773080237.0498445,127.95035124721583,1.9160620142998313,-7.353560480041757,0.1401826458700063,-1.4564829928946772,9.782142007030908,0.010703579701980465,0.0023694879116755744,0.04908738521234052,1.7562261805125536,55.510817196767,-47.0
1773080237.095416,128.08797968986306,1.8939275221796041,-7.346734046741397,0.18243930058177718,-1.401242815026789,9.79480592858056,0.010703579701980465,0.0023694879116755744,0.06326818538479445,2.0684458259886966,54.56080725314601,-47.5
1773080237.1227734,128.14788194462366,1.9017837734407528,-7.339992614084692,0.1823615732885897,-1.278678080348066,9.823304297150498,0.0016883303113045603,-0.008630979521621474,0.038179077387375956,2.0684458259886966,54.56080725314601,-47.5
1773080237.1401224,128.14788194462366,1.9017837734407528,-7.339992614084692,0.1823615732885897,-1.278678080348066,9.823304297150498,0.0016883303113045603,-0.008630979521621474,0.038179077387375956,2.0684458259886966,54.56080725314601,-47.5
1773080237.196599,128.25773981601327,1.9122878349629642,-7.357645252686704,0.21050890560935273,-1.2829156319380346,9.842269643086155,-0.0027974488495989295,-0.008956994632184006,0.044724062082354694,2.2083796726826477,54.935740271896606,-45.5
1773080237.245566,128.43636908801383,1.87853051019258,-7.383010652969959,0.3001496786119486,-1.2156253939230581,9.82429143050493,0.006543815651639507,-0.002442306359790448,0.044724062082354694,0.9996846394150863,54.20956015198535,-45.75
1773080237.3199759,128.56713873916812,1.869153808043219,-7.393864095616057,0.2858516663696146,-1.2102649498238878,9.849616792721166,0.0006665939107480392,-0.005522079251082985,0.05235987755982989,0.9996846394150863,54.20956015198535,-45.75
1773080237.3467135,128.6082507020619,1.8598573708982677,-7.410566489053041,0.2876017013939925,-1.2945448061090468,9.866470538373239,-0.003123463960161462,-0.004471215471280515,0.019634954084936207,2.2644175423608224,54.16469163065409,-44.6875
1773080237.3719997,128.6793345621142,1.8471443435736319,-7.39730783233024,0.3046557770759259,-1.345410061042451,9.854270735884782,0.01514566779401503,-0.007652934189933876,0.039269908169872414,2.2644175423608224,54.16469163065409,-44.6875
1773080237.400929,128.6793345621142,1.8471443435736319,-7.39730783233024,0.3046557770759259,-1.345410061042451,9.854270735884782,0.01514566779401503,-0.007652934189933876,0.039269908169872414,2.2644175423608224,54.16469163065409,-44.6875
1773080237.43094,128.76090832553092,1.8445190772237998,-7.407812968954212,0.28444948314330243,-1.3368140271880449,9.846151903609439,0.006558379341262481,0.0010071727109335466,0.03381575425739013,2.0252461805565036,53.69135553474266,-44.1875
1773080237.5043523,128.8927074141692,1.8197557632104708,-7.416518896307255,0.2808933732873783,-1.243335611949783,9.840748911423496,-0.0031089002705384874,-0.0010217364005565212,0.03599741582238305,2.0252461805565036,53.69135553474266,-44.1875
1773080237.5555692,128.95940428657474,1.7980425832707925,-7.46557549944205,0.2782588582398247,-1.2445952372996376,9.793666828283976,-0.0027391940911070307,0.004840921650711972,0.014180800172453928,1.1184358823677094,54.24858760766987,-43.75
1773080237.6015086,129.02641165478963,1.7829634056419803,-7.468286855536606,0.2754612083138019,-1.2422556145145522,9.748953781066678,-0.0017320213801734845,-0.0017174576905505097,0.03381575425739013,1.1184358823677094,54.24858760766987,-43.75
1773080237.6334128,129.12161423569773,1.7873350514668493,-7.456937046725955,0.26193225559326283,-1.2480541494362027,9.719197747621031,-0.002087163869981966,-0.004130636671095009,0.04363323129985824,1.255031977263522,53.83295825733568,-44.25
1773080237.6526303,129.17151803659308,1.7963716089797368,-7.460160267857052,0.2633729845994219,-1.2836919034974459,9.709430774881584,-0.004174327739963932,-0.008261273342190017,0.05235987755982989,1.255031977263522,53.83295825733568,-44.25
1773080237.746909,129.31289870268066,1.7995335444160847,-7.479408471212085,0.2833991099658815,-1.3011419731773815,9.702930963627717,0.010348437212171982,-4.369106886892433e-05,0.04799655442984406,0.6002312651250244,53.22302606652845,-43.75
1773080237.8558033,129.4103518101115,1.7690247401184196,-7.469507500556343,0.28419335759473396,-1.2746201270056112,9.68187985330932,0.004840921650711972,0.0027391940911070307,0.02945243112740431,0.6002312651250244,53.22302606652845,-43.75
1773080237.9165852,129.7344046706016,1.7472664975473997,-7.477599209040407,0.27050398044114193,-1.1901781909895897,9.642964614710344,-0.0017320213801734845,-0.0017174576905505097,0.0272707695624114,1.7760615633577683,50.84633233157691,-42.6875
1773080237.9578643,129.79532169631773,1.739631190237981,-7.4687322180235745,0.26521235764114587,-1.1584179979167712,9.641972917972819,-0.000340578800185507,0.0010363000901794958,0.026179938779914945,1.0685607333392388,51.798011151096965,-42.1875
1773080238.0285063,129.88630877985173,1.7456079841296044,-7.467525166887068,0.27722300381771553,-1.216684518212859,9.641312954871973,-0.056326575237215425,0.13994420324310083,0.011999138607461015,1.0685607333392388,51.798011151096965,-42.1875
1773080238.1443896,129.96216085046072,1.7427029325852263,-7.477964037737757,0.28512663345958517,-1.2766163920797593,9.654254203629907,-0.003094336580915513,0.0024277426701674733,0.022907446432425576,1.9907125696226167,50.19320049533748,-41.5
1773080238.1653688,129.96216085046072,1.7427029325852263,-7.477964037737757,0.28512663345958517,-1.2766163920797593,9.654254203629907,-0.003094336580915513,0.0024277426701674733,0.022907446432425576,1.9907125696226167,50.19320049533748,-41.5
1773080238.2029195,130.02401849512194,1.7175247699386014,-7.482531398462696,0.29769727783628275,-1.3387456103466184,9.662866460115094,-0.0010363000901794958,-0.000340578800185507,0.019634954084936207,1.9907125696226167,50.19320049533748,-41.5
1773080238.254187,130.06527170653825,1.7105229465072354,-7.483929698144046,0.3112849492023632,-1.3959813579967526,9.708739161088609,-0.0017320213801734845,-0.0017174576905505097,0.02181661564992912,0.981327004525318,49.86146712201908,-39.875
1773080238.3132715,130.17798526634104,1.6769238832167557,-7.505165491046782,0.25031072227736373,-1.352973091341075,9.782998603067613,0.0068843944518250134,-0.0034786064499699437,0.03599741582238305,0.5656976541911358,49.72487102712327,-40.25
1773080238.4030988,130.229279512789,1.662727468359895,-7.517893652033064,0.234706131561513,-1.3005345773690018,9.818791765625418,-0.006572943030885456,-0.004456651781657541,0.026179938779914945,0.5656976541911358,49.72487102712327,-40.25
1773080238.4417713,130.229279512789,1.662727468359895,-7.517893652033064,0.234706131561513,-1.3005345773690018,9.818791765625418,-0.006572943030885456,-0.004456651781657541,0.026179938779914945,0.5656976541911358,49.72487102712327,-40.25
1773080238.532649,130.3321382117781,1.632483480604972,-7.533696767149613,0.23835819578393347,-1.2918922077375234,9.858463626008316,0.01345733748271047,0.0009780453316875974,0.019634954084936207,1.6693141067015904,48.96916392397534,-40.75
1773080238.5568206,130.33283702328038,1.6248113240451159,-7.520103740286129,0.23728527583290676,-1.270508670004246,9.822181331490443,0.0058335306720225435,-0.007268664320879445,0.006544984694978736,0.5955462924307703,47.43207326918751,-38.75
1773080238.595898,130.33388256880016,1.6093377882953674,-7.518088353233759,0.26608269181103156,-1.2817906008092579,9.76792986442271,-0.007224973252010521,0.00451490654014944,0.001090830782496456,0.5955462924307703,47.43207326918751,-38.75
1773080238.6189086,130.33379686962996,1.6073233447120567,-7.53356791770361,0.2852470504562592,-1.2892985997325686,9.701720113751856,-0.007949821921250459,-0.003760930491663552,-0.004363323129985824,1.1511094894589038,47.943602382833916,-39.0625
1773080238.663036,130.29990018476616,1.5875621764070156,-7.547633202653878,0.30922125889666996,-1.392720338844028,9.687764269657652,-0.0072395369416334955,0.001065427469425445,-0.017453292519943295,1.1511094894589038,47.943602382833916,-39.0625
1773080238.7576103,130.29990018476616,1.5875621764070156,-7.547633202653878,0.30922125889666996,-1.392720338844028,9.687764269657652,-0.0072395369416334955,0.001065427469425445,-0.017453292519943295,1.1511094894589038,47.943602382833916,-39.0625
1773080238.819338,130.24086247398782,1.5581696057195442,-7.5987630529588595,0.2756406465845825,-1.4778225618330394,9.750293558063987,-0.001362315200742028,0.004145200360717983,-0.017453292519943295,1.1461028617616937,46.75775882920675,-39.875
1773080238.8695433,130.19692743974713,1.545572374078756,-7.601485451695895,0.25220537733133097,-1.4820010944088116,9.766920918148923,0.012051331213099517,-0.005225191519766403,-0.001090830782496456,0.11219694112492629,45.2995575237375,-37.5625
1773080238.9187071,130.18803536244312,1.5313571430382458,-7.609399679787846,0.24083176640821657,-1.4869153409538598,9.761260682009068,-0.0055075155614600114,0.002782885159975955,0.007635815477475192,0.11219694112492629,45.2995575237375,-37.5625
1773080238.9814255,130.18803536244312,1.5313571430382458,-7.609399679787846,0.24083176640821657,-1.4869153409538598,9.761260682009068,-0.0055075155614600114,0.002782885159975955,0.007635815477475192,0.11219694112492629,45.2995575237375,-37.5625
1773080239.0409353,130.14259501970326,1.5106804409243595,-7.623050257926964,0.2238630690684066,-1.461584712673571,9.757493858086974,-0.007210409562387546,0.007964385610873434,-0.013089969389957472,-0.24405678773294437,45.18247515668394,-38.75
1773080239.1064532,130.03409722604576,1.474272102851924,-7.630169244778669,0.2158569530242363,-1.3806634227284211,9.686463891087698,-0.0013914425799879775,-0.0027537577807300057,-0.006544984694978736,-0.9615708731458938,43.76246686894967,-38.25
1773080239.1298447,130.00930424173262,1.464759662349763,-7.642035776063462,0.22240027135260812,-1.3084287664517091,9.690991870727107,0.006928085520693938,0.006869830762202039,-0.025089107997418487,-0.9615708731458938,43.76246686894967,-38.25
1773080239.1764317,129.96910227726292,1.4562439100021771,-7.638486553174767,0.2223984957992778,-1.2899581630546997,9.700695414010926,-0.006203236851453999,0.0014060062696109523,-0.018544123302439753,-0.5459415228117117,43.89906296384548,-37.5625
1773080239.2080698,129.90509317897457,1.4499971134377017,-7.6552530390115905,0.24233041764470917,-1.3168899256396678,9.720533460499905,-0.005166936761274504,0.0017465850697964593,-0.038179077387375956,-0.5459415228117117,43.89906296384548,-37.5625
1773080239.2387092,129.86595251183687,1.4260152357263876,-7.649613617605688,0.2524169995942114,-1.335857122383801,9.720355012003543,0.0013768788903650029,-0.0006957212899939887,-0.006544984694978736,-0.5459415228117117,43.89906296384548,-37.5625
1773080239.2836492,129.83089819159238,1.42763076668916,-7.644385604483618,0.25912950720710193,-1.348479579939551,9.733616703351892,0.004130636671095009,-0.002087163869981966,-0.014180800172453928,0.5755197816419307,42.68869905467885,-37.1875
1773080239.3158915,129.83089819159238,1.42763076668916,-7.644385604483618,0.25912950720710193,-1.348479579939551,9.733616703351892,0.004130636671095009,-0.002087163869981966,-0.014180800172453928,0.5755197816419307,42.68869905467885,-37.1875
1773080239.3323033,129.77566308481576,1.4122940593302724,-7.636933811148041,0.2518401368723605,-1.385391367680172,9.745787322508738,-0.00897155832180698,-0.0006520302211250646,-0.011999138607461015,0.5755197816419307,42.68869905467885,-37.1875
1773080239.3488524,129.77566308481576,1.4122940593302724,-7.636933811148041,0.2518401368723605,-1.385391367680172,9.745787322508738,-0.00897155832180698,-0.0006520302211250646,-0.011999138607461015,0.5755197816419307,42.68869905467885,-37.1875
1773080239.3951528,129.67625007361102,1.3861712629418141,-7.641771523051512,0.24763379197221638,-1.427373512476072,9.793811435537302,0.0027391940911070307,-0.004840921650711972,-0.011999138607461015,-1.1463732411711076,42.12280094725334,-36.75
1773080239.4386816,129.67625007361102,1.3861712629418141,-7.641771523051512,0.24763379197221638,-1.427373512476072,9.793811435537302,0.0027391940911070307,-0.004840921650711972,-0.011999138607461015,-1.1463732411711076,42.12280094725334,-36.75
1773080239.45763,129.65175652386782,1.3768952132280896,-7.628423587135511,0.28359225205647326,-1.3756489840448503,9.802571802895509,-0.0010363000901794958,-0.000340578800185507,-0.01090830782496456,-1.1463732411711076,42.12280094725334,-36.75
1773080239.496102,129.63360532330321,1.3562503150906193,-7.632558517861742,0.30752220556022763,-1.3412268881747136,9.80505661780536,-0.00725410063125647,-0.002384051601298549,-0.009817477042468103,-1.2286003422878184,41.37210047180262,-38.75
1773080239.5274858,129.63360532330321,1.3562503150906193,-7.632558517861742,0.30752220556022763,-1.3412268881747136,9.80505661780536,-0.00725410063125647,-0.002384051601298549,-0.009817477042468103,-1.2286003422878184,41.37210047180262,-38.75
1773080239.5725899,129.58327329042407,1.3528874355150926,-7.6331182248838525,0.2884458784621757,-1.340385951142621,9.753188447053555,0.0065875067205084315,0.007906130852381534,-0.03599741582238305,-1.2286003422878184,41.37210047180262,-38.75
1773080239.645746,129.46422290553332,1.3273209816194416,-7.648031940206161,0.27783961505763316,-1.346182095710598,9.71867075882366,0.004145200360717983,0.001362315200742028,-0.01090830782496456,-1.3702030648808408,40.60188626850964,-38.75
1773080239.7275326,129.39204740916963,1.3321636532391303,-7.646605039570184,0.2866707121640175,-1.3448173172167233,9.715770293138423,0.00451490654014944,0.007224973252010521,-0.028361600344907856,-1.3702030648808408,40.60188626850964,-38.75
1773080239.75521,129.26286962742006,1.3116802948736332,-7.665639817891705,0.29254770863849777,-1.343909072374624,9.713840065625224,-0.0003114514209395576,0.007935258231627485,-0.04799655442984406,-2.74084898653322,38.96722697451052,-37.5625
1773080239.806607,129.21400266596305,1.2849372515985953,-7.675505143867274,0.29436996495923745,-1.336948866809014,9.659033733460133,0.00897155832180698,0.0006520302211250646,-0.019634954084936207,-2.74084898653322,38.96722697451052,-37.5625
1773080239.8548746,129.21400266596305,1.2849372515985953,-7.675505143867274,0.29436996495923745,-1.336948866809014,9.659033733460133,0.00897155832180698,0.0006520302211250646,-0.019634954084936207,-2.74084898653322,38.96722697451052,-37.5625
1773080239.913828,129.0881627381601,1.274298721486622,-7.692242676700917,0.2296954393789858,-1.2690516943313463,9.628394361709896,0.002471433739036398,0.013442773793087495,-0.032724923474893676,-1.9544588071961184,37.97568626135641,-39.0625
1773080239.9454834,129.00868714937366,1.2668189549635198,-7.708885152115028,0.25218519698916914,-1.3717567398910486,9.63227657736141,-0.0013768788903650029,0.0006957212899939887,-0.04145156973486533,-2.946833958299762,36.99165548974811,-37.875
1773080239.9784153,129.00868714937366,1.2668189549635198,-7.708885152115028,0.25218519698916914,-1.3717567398910486,9.63227657736141,-0.0013768788903650029,0.0006957212899939887,-0.04145156973486533,-2.946833958299762,36.99165548974811,-37.875
1773080240.018156,128.9594498594567,1.2501694562326713,-7.691737650655122,0.28304132637407453,-1.434883752463811,9.634860148510302,-0.004797230581843048,0.007609243121064952,-0.022907446432425576,-2.946833958299762,36.99165548974811,-37.875
1773080240.0402384,128.89982421581732,1.2382021701720198,-7.703933639231107,0.3004871676306313,-1.456782328257853,9.633234374542191,-0.003094336580915513,0.0024277426701674733,-0.04254240051736178,-2.946833958299762,36.99165548974811,-38.25
1773080240.054015,128.89982421581732,1.2382021701720198,-7.703933639231107,0.3004871676306313,-1.456782328257853,9.633234374542191,-0.003094336580915513,0.0024277426701674733,-0.04254240051736178,-2.946833958299762,36.99165548974811,-38.25
1773080240.084069,128.88500893030397,1.2274292650188883,-7.705718339816276,0.33352129925637286,-1.4079764405779978,9.652223110371413,-0.013812479972518953,-0.0033912243122320956,-0.011999138607461015,-2.946833958299762,36.99165548974811,-38.25
1773080240.1051526,128.80002089348488,1.2177215607392022,-7.712396031653152,0.3534163256551999,-1.3691408887555894,9.725071912679432,0.004145200360717983,0.001362315200742028,-0.04036073895236887,-2.4336359687542855,36.83137347726237,-40.25
1773080240.1269038,128.80002089348488,1.2177215607392022,-7.712396031653152,0.3534163256551999,-1.3691408887555894,9.725071912679432,0.004145200360717983,0.001362315200742028,-0.04036073895236887,-2.4336359687542855,36.83137347726237,-40.25
1773080240.1876411,128.72517636752087,1.2029089191609987,-7.7148575845673975,0.36247860511626306,-1.3305847053014102,9.783587311962934,-0.0038191852501554503,-0.005848094361645518,-0.02181661564992912,-2.4336359687542855,36.83137347726237,-40.25
1773080240.270637,128.5552009321572,1.18120102444483,-7.743577517169863,0.24549716885045308,-1.3295972716235833,9.811647457549327,-0.003746366802040577,0.011399300991974453,-0.03381575425739013,-3.7415685171322135,36.00679028019028,-39.5
1773080240.3018699,128.39897902028167,1.1901756596226045,-7.741897638415154,0.2279675912586279,-1.3706472620214964,9.727468571912786,0.0007394123588629131,0.011725316102536985,-0.038179077387375956,-2.618438336779501,35.19170755556603,-39.5
1773080240.3397598,128.34358852082784,1.1788944502358858,-7.728417544085069,0.23854707888081522,-1.3906547049335074,9.671448463861434,-0.008601852142375525,0.005210627830143428,-0.020725784867432664,-2.618438336779501,35.19170755556603,-39.5
1773080240.3678858,128.33408580457257,1.1765371503793414,-7.718914827829799,0.2340991042080498,-1.369012651464429,9.724485723836493,-1.4563689622974668e-05,-0.0034494790707239945,-0.004363323129985824,-2.5013559697259473,34.83545382670816,-40.25
1773080240.4031048,128.25882486959185,1.1674264900083233,-7.725292756236487,0.20571591167464598,-1.3629653833690338,9.766471651299518,-0.009681843301423944,-0.005478388182214061,-0.04799655442984406,-2.5013559697259473,34.83545382670816,-40.25
1773080240.4319973,128.25882486959185,1.1674264900083233,-7.725292756236487,0.20571591167464598,-1.3629653833690338,9.766471651299518,-0.009681843301423944,-0.005478388182214061,-0.04799655442984406,-2.5013559697259473,34.83545382670816,-40.25
1773080240.480785,128.13581249507143,1.1413805507060641,-7.740142234353724,0.2077154059314482,-1.4224987816934873,9.794412817012622,0.0051815004508974786,0.0017028940009275351,-0.03599741582238305,-2.9219919477573386,33.51301417818519,-40.75
1773080240.5199087,128.01045536522946,1.1271358016388824,-7.737170915448176,0.2535364984062052,-1.447495858968054,9.799626903842142,0.0072395369416334955,-0.001065427469425445,-0.0272707695624114,-2.9219919477573386,33.51301417818519,-40.75
1773080240.5400124,128.01045536522946,1.1271358016388824,-7.737170915448176,0.2535364984062052,-1.447495858968054,9.799626903842142,0.0072395369416334955,-0.001065427469425445,-0.0272707695624114,-2.9219919477573386,33.51301417818519,-40.75
1773080240.5646138,127.98594051969852,1.115706478689781,-7.739066261665789,0.31903136743271937,-1.442064551409151,9.789716373552745,-0.003065209201669563,0.009326700811615461,-0.025089107997418487,-3.0407431907099625,33.47398672250067,-41.5
1773080240.6071463,127.91047494961246,1.110584417350412,-7.739671731062225,0.32606313544743204,-1.3272239484437083,9.76974057952375,0.0027391940911070307,-0.004840921650711972,-0.05345070834232634,-3.0407431907099625,33.47398672250067,-41.5
1773080240.625745,127.91047494961246,1.110584417350412,-7.739671731062225,0.32606313544743204,-1.3272239484437083,9.76974057952375,0.0027391940911070307,-0.004840921650711972,-0.05345070834232634,-3.0407431907099625,33.47398672250067,-41.5
1773080240.6511903,127.81704905821957,1.0830533805828184,-7.734310271474287,0.3631193958426857,-1.3493133809425657,9.726340906375821,0.005877221740891468,0.003079772891292538,-0.03599741582238305,-3.561451121801253,31.85550340454567,-42.25
1773080240.6783583,127.73184530720907,1.0796531028229197,-7.719665235493813,0.2829823863165439,-1.3725808022178108,9.678238261883108,0.0010363000901794958,0.000340578800185507,-0.04581489286485115,-3.561451121801253,31.85550340454567,-42.25
1773080240.7100863,127.6472951839827,1.0641749124771693,-7.722101154541267,0.26040309432621417,-1.3791852361867256,9.665447136133835,-0.010007858411986474,-0.0009926090213105716,-0.04036073895236887,-2.908319285561824,32.07015441081052,-41.875
1773080240.7659225,127.5972080156531,1.0567315820652163,-7.728166541289885,0.25059887569055467,-1.3994698601390587,9.683695678492485,-0.003094336580915513,0.0024277426701674733,-0.016362461737446838,-2.908319285561824,32.07015441081052,-41.875
1773080240.7928667,127.5972080156531,1.0567315820652163,-7.728166541289885,0.25059887569055467,-1.3994698601390587,9.683695678492485,-0.003094336580915513,0.0024277426701674733,-0.016362461737446838,-2.908319285561824,32.07015441081052,-41.875
1773080240.8149447,127.52766225180484,1.0479983507354473,-7.734627483557719,0.30445417601387303,-1.39312526854983,9.695839879582593,0.0072832280105024185,0.009283009742746538,-0.03599741582238305,-3.7030538443942755,31.085289201252685,-41.5
1773080240.8332617,127.52766225180484,1.0479983507354473,-7.734627483557719,0.30445417601387303,-1.39312526854983,9.695839879582593,0.0072832280105024185,0.009283009742746538,-0.03599741582238305,-3.7030538443942755,31.085289201252685,-41.5
1773080240.8525112,127.48326834247847,1.0409651738181782,-7.740899312853836,0.3126483606860392,-1.4226367449169761,9.703921709748444,-0.013783352593273002,0.0035077338292158937,-0.025089107997418487,-3.7030538443942755,31.085289201252685,-41.5
1773080240.8863602,127.48326834247847,1.0409651738181782,-7.740899312853836,0.3126483606860392,-1.4226367449169761,9.703921709748444,-0.013783352593273002,0.0035077338292158937,-0.025089107997418487,-3.7030538443942755,31.085289201252685,-41.5
1773080240.9262671,127.41816406657476,1.0291558759347224,-7.727456314854907,0.3003465359975903,-1.3882521832384214,9.65243317841943,-0.006232364230699949,-0.005492951871837037,-0.0272707695624114,-3.9177048506591237,31.738421037492117,-42.25
1773080240.9569986,127.31353480151792,1.0196958496327158,-7.743990259320443,0.29402532521816654,-1.42461580903485,9.618168135984554,-0.010348437212171982,4.369106886892433e-05,-0.02945243112740431,-3.9177048506591237,31.738421037492117,-42.25
1773080240.9763088,127.28270130907718,1.017566280912763,-7.743938208937532,0.2699748478216015,-1.3884354974890056,9.63216136179026,0.007594679431441977,0.0013477515111190532,-0.013089969389957472,-2.913325913259034,30.884310857183355,-43.0625
1773080241.0076954,127.22331216998873,1.0037710847221548,-7.7461007147839025,0.27508101865469214,-1.3750253032815032,9.698340596273813,-0.0010217364005565212,0.0031089002705384874,-0.032724923474893676,-2.913325913259034,30.884310857183355,-43.0625
1773080241.0232306,127.22331216998873,1.0037710847221548,-7.7461007147839025,0.27508101865469214,-1.3750253032815032,9.698340596273813,-0.0010217364005565212,0.0031089002705384874,-0.032724923474893676,-2.913325913259034,30.884310857183355,-43.0625
1773080241.0458407,127.15922109867977,0.999482697145008,-7.747048189652032,0.28165700768892477,-1.3650565592467578,9.6855152385277,-0.002384051601298549,0.00725410063125647,-0.04799655442984406,-3.2102040206405924,30.78674221797206,-41.875
1773080241.0785215,127.12816903586031,1.001411778992265,-7.741310825147147,0.2859885943221316,-1.3690005491945687,9.663599659387017,-0.005108682002782605,0.015544501352692435,-0.017453292519943295,-3.2102040206405924,30.78674221797206,-41.875
1773080241.1029403,127.12816903586031,1.001411778992265,-7.741310825147147,0.2859885943221316,-1.3690005491945687,9.663599659387017,-0.005108682002782605,0.015544501352692435,-0.017453292519943295,-3.2102040206405924,30.78674221797206,-41.875
1773080241.128899,127.0427922715672,0.9972519381321598,-7.7517337621775795,0.2866484158254698,-1.397003684912929,9.649015086281953,-0.00792069454200451,0.003138027649784436,-0.025089107997418487,-3.2347243761800613,29.660274285821206,-44.25
1773080241.149001,127.0427922715672,0.9972519381321598,-7.7517337621775795,0.2866484158254698,-1.397003684912929,9.649015086281953,-0.00792069454200451,0.003138027649784436,-0.025089107997418487,-3.2347243761800613,29.660274285821206,-44.25
1773080241.1672068,127.01380583486568,0.9912510039958554,-7.757988923966705,0.28708751966525226,-1.4156394589179753,9.645999439215528,-0.0037900578709095015,0.0010508637798024704,-0.00545415391248228,-3.2347243761800613,29.660274285821206,-44.25
1773080241.1817062,127.01380583486568,0.9912510039958554,-7.757988923966705,0.28708751966525226,-1.4156394589179753,9.645999439215528,-0.0037900578709095015,0.0010508637798024704,-0.00545415391248228,-3.2347243761800613,29.660274285821206,-44.25
1773080241.2154408,126.95270433212998,1.002587323506563,-7.760967480786891,0.26413476369330835,-1.4215962583532162,9.68413390026764,0.011384737302351478,0.0002968877313165827,-0.017453292519943295,-3.8650047327790915,30.176810027164823,-43.0625
1773080241.240288,126.8835767159241,0.9881298323508928,-7.763275272787903,0.25892955647206517,-1.295490280124349,9.682751064449421,0.006188673161831026,-0.0048554853403349465,-0.026179938779914945,-3.8650047327790915,30.176810027164823,-43.0625
1773080241.2561722,126.8835767159241,0.9881298323508928,-7.763275272787903,0.25892955647206517,-1.295490280124349,9.682751064449421,0.006188673161831026,-0.0048554853403349465,-0.026179938779914945,-3.8650047327790915,30.176810027164823,-43.0625
1773080241.290219,126.84868897856572,0.9857693115059053,-7.763625608176081,0.23957610228992038,-1.2167902082658033,9.698556361196284,0.00451490654014944,0.007224973252010521,-0.025089107997418487,-3.8650047327790915,30.176810027164823,-43.0625
1773080241.3059237,126.79314856427962,0.9762584388447855,-7.7596352765461445,0.24140765022360336,-1.1877504854744836,9.692349051087989,-0.005848094361645518,0.0038191852501554507,-0.0272707695624114,-3.9090388161608183,29.10971771649028,-43.75
1773080241.3203578,126.77408569316103,0.969301018963014,-7.755940673776397,0.24471534409641305,-1.174780653120772,9.704943714087714,-0.0038191852501554503,-0.005848094361645518,-0.013089969389957472,-3.9090388161608183,29.10971771649028,-43.75
1773080241.334905,126.77408569316103,0.969301018963014,-7.755940673776397,0.24471534409641305,-1.174780653120772,9.704943714087714,-0.0038191852501554503,-0.005848094361645518,-0.013089969389957472,-3.9090388161608183,29.10971771649028,-43.75
1773080241.376206,126.77408569316103,0.969301018963014,-7.755940673776397,0.24471534409641305,-1.174780653120772,9.704943714087714,-0.0038191852501554503,-0.005848094361645518,-0.013089969389957472,-3.9090388161608183,29.10971771649028,-43.75
1773080241.4174986,126.63411294335441,0.9655235476866719,-7.761384908475393,0.2779706184050105,-1.2504380682682206,9.796900634344807,-0.0017465850697964593,-0.005166936761274504,-0.025089107997418487,-3.2347243761800613,29.660274285821206,-44.1875
1773080241.4422011,126.63411294335441,0.9655235476866719,-7.761384908475393,0.2779706184050105,-1.2504380682682206,9.796900634344807,-0.0017465850697964593,-0.005166936761274504,-0.025089107997418487,-3.2347243761800613,29.660274285821206,-44.1875
1773080241.4778264,126.4838488494817,0.9480269614655894,-7.748433522686405,0.28709762260993776,-1.266902555585728,9.765199890164704,0.009667279611800968,0.0020289091114900674,-0.0545415391248228,-3.9090388161608183,29.10971771649028,-45.0
1773080241.5285294,126.4838488494817,0.9480269614655894,-7.748433522686405,0.28709762260993776,-1.266902555585728,9.765199890164704,0.009667279611800968,0.0020289091114900674,-0.0545415391248228,-3.9090388161608183,29.10971771649028,-45.0
1773080241.5594845,126.46528241699289,0.9303681501100676,-7.7714208982193815,0.29941089459263,-1.2370784609676055,9.736699575159475,0.006232364230699949,0.005492951871837037,-0.015271630954950384,-3.9090388161608183,29.10971771649028,-45.0
1773080241.6118057,126.38010720893863,0.924572566165837,-7.772020106109315,0.3096940587315257,-1.223586637925164,9.75452916267339,-0.0048554853403349465,-0.006188673161831026,-0.025089107997418487,-3.655360354211452,28.33783463729823,-46.6875
1773080241.6321814,126.35156723864401,0.91033389217266,-7.789521806276679,0.3459148399843297,-1.2718546499349972,9.729598325213843,-0.012747052503093506,0.0038483126294014004,-0.017453292519943295,-3.655360354211452,28.33783463729823,-46.6875
1773080241.7005434,126.27595786290436,0.906721185773148,-7.7996650316714655,0.32552891391276323,-1.3185982070172408,9.699626684550939,-0.005862658051268493,0.00036970617943145643,-0.03490658503988659,-3.538277987157899,27.981580908440357,-46.6875
1773080241.7377782,126.21634528495011,0.8969820389930744,-7.796004068622055,0.34474095066348814,-1.3530173933115972,9.679680892494941,-0.0006665939107480392,0.005522079251082985,-0.018544123302439753,-3.538277987157899,27.981580908440357,-46.6875
1773080241.7513232,126.21634528495011,0.8969820389930744,-7.796004068622055,0.34474095066348814,-1.3530173933115972,9.679680892494941,-0.0006665939107480392,0.005522079251082985,-0.018544123302439753,-3.538277987157899,27.981580908440357,-46.6875
1773080241.7899818,126.16606474768831,0.8935404551238221,-7.796258649657638,0.30668011635696074,-1.3926335307643856,9.66975230239809,-0.00894243094256103,0.006246927920322924,-0.015271630954950384,-3.538277987157899,27.981580908440357,-46.6875
1773080241.8381906,126.12142685406863,0.8905151510820466,-7.796746119337838,0.3321972864449665,-1.4022870742365665,9.67987049513485,-0.006529251962016532,0.005891785430514443,-0.030543261909900768,-3.538277987157899,27.981580908440357,-46.6875
1773080241.8669603,126.08594011959809,0.8953102501934486,-7.810911114415944,0.3267548099598754,-1.4583345776985843,9.686604039373545,-0.009978731032740527,0.005906349120137417,-0.006544984694978736,-3.440709347946604,27.6847028010588,-46.6875
1773080241.8937178,126.01574439273196,0.8961910589781955,-7.815634864303619,0.354911796500257,-1.4851894692475465,9.69108513784578,-0.004116072981472034,0.005536642940705961,-0.02945243112740431,-3.440709347946604,27.6847028010588,-46.6875
1773080241.928311,125.98109200170477,0.8896968932178582,-7.821575424585771,0.3485841263166357,-1.4267917543571527,9.710792817358499,0.0007248486692399381,0.008275837031812991,-0.022907446432425576,-4.509470534520215,27.33345569989814,-47.0
1773080241.9599116,125.95547974637437,0.8962023194486707,-7.8104277627807,0.3370622653547816,-1.3656835017514797,9.723908057925009,0.009015249390675904,0.011000467433297047,-0.03490658503988659,-4.509470534520215,27.33345569989814,-47.0
1773080242.0175786,125.95547974637437,0.8962023194486707,-7.8104277627807,0.3370622653547816,-1.3656835017514797,9.723908057925009,0.009015249390675904,0.011000467433297047,-0.03490658503988659,-4.509470534520215,27.33345569989814,-47.0
1773080242.0446482,125.87114757991031,0.8791132328312706,-7.802733893589166,0.29539290073345637,-1.3608391926450338,9.732636104015183,-0.003804621560532476,-0.0023986152909215236,-0.00545415391248228,-3.0462626013537513,27.485393332888535,-47.75
1773080242.0743167,125.81675107840222,0.8754303729383125,-7.803385740272021,0.2707956328292787,-1.3671490272026017,9.75182496801881,0.008630979521621474,0.0016883303113045603,-0.025089107997418487,-3.0462626013537513,27.485393332888535,-47.75
1773080242.1163158,125.7564849506564,0.8754571759352389,-7.7981676983098325,0.25442642580853464,-1.3713481516151926,9.764594942659567,-0.003079772891292538,0.005877221740891468,-0.04581489286485115,-3.69939443759318,27.270742326623687,-47.75
1773080242.1401284,125.74110290167084,0.8743888292623143,-7.798106742741883,0.23204439588754228,-1.3391858387752387,9.769748106425707,0.003464042760346969,0.0034349153811010194,-0.016362461737446838,-3.69939443759318,27.270742326623687,-47.75
1773080242.1578946,125.74110290167084,0.8743888292623143,-7.798106742741883,0.23204439588754228,-1.3391858387752387,9.769748106425707,0.003464042760346969,0.0034349153811010194,-0.016362461737446838,-3.69939443759318,27.270742326623687,-47.75
1773080242.1840777,125.67977044760649,0.8898003142290533,-7.795523227755985,0.18854840053849078,-1.3271818651788605,9.773177479347464,-0.006159545782585076,0.011754443481782936,-0.03381575425739013,-3.69939443759318,27.270742326623687,-47.75
1773080242.2315295,125.6102271236842,0.8809188788539039,-7.801735690738966,0.14811379601109056,-1.2842365716144017,9.775459688718286,-0.0020289091114900674,0.009667279611800968,-0.0272707695624114,-3.3448095846343797,26.99254350913485,-49.0
1773080242.3065627,125.53476285019603,0.8784052907828102,-7.786701801352913,0.20565099789850882,-1.2983265543403977,9.766943138438661,0.007565552052196028,-0.005551206630328935,-0.026179938779914945,-3.2082134897385672,26.576914158800673,-49.75
1773080242.3796437,125.49011478572768,0.8753808628833193,-7.78716654248236,0.2324528575172161,-1.2727464972198876,9.761275469363671,-0.0010363000901794958,-0.000340578800185507,-0.013089969389957472,-3.2082134897385672,26.576914158800673,-49.75
1773080242.4218688,125.49011478572768,0.8753808628833193,-7.78716654248236,0.2324528575172161,-1.2727464972198876,9.761275469363671,-0.0010363000901794958,-0.000340578800185507,-0.013089969389957472,-3.2082134897385672,26.576914158800673,-49.75
1773080242.445227,125.44546536133555,0.8723559775576026,-7.787628940693327,0.24075552754364732,-1.2588564837281615,9.757503698906277,0.0034494790707239945,-1.4563689622974561e-05,-0.026179938779914945,-2.9291802343001976,27.129139604030666,-50.1875
1773080242.4778552,125.41081289036279,0.8658407979873561,-7.793529921395731,0.24310297231485964,-1.2506572445023723,9.758338739507638,0.006558379341262481,0.0010071727109335466,-0.025089107997418487,-2.9291802343001976,27.129139604030666,-50.1875
1773080242.5138953,125.40087966501875,0.8666586124441235,-7.8034631467398095,0.26033131445748553,-1.292869083156259,9.738823779455913,-0.007594679431441977,-0.0013477515111190532,-0.009817477042468103,-2.9291802343001976,27.129139604030666,-50.1875
1773080242.5352998,125.40087966501875,0.8666586124441235,-7.8034631467398095,0.26033131445748553,-1.292869083156259,9.738823779455913,-0.007594679431441977,-0.0013477515111190532,-0.009817477042468103,-2.9291802343001976,27.129139604030666,-50.1875
1773080242.583778,125.32157668960144,0.8571019800683515,-7.80981340856992,0.28054169321094136,-1.3252041643615493,9.743931349825113,0.0017465850697964593,0.005166936761274504,-0.030543261909900768,-3.5823120705396265,26.914488597765818,-50.6875
1773080242.643089,125.32157668960144,0.8571019800683515,-7.80981340856992,0.28054169321094136,-1.3252041643615493,9.743931349825113,0.0017465850697964593,0.005166936761274504,-0.030543261909900768,-3.5823120705396265,26.914488597765818,-50.6875
1773080242.6731796,125.28609650946974,0.861794386434828,-7.824001393219491,0.28424661601503964,-1.3287232584496398,9.742616269392558,-0.009964167343117551,0.00935582819086141,-0.020725784867432664,-2.9935624834737187,25.92378232256124,-50.6875
1773080242.7109506,125.23559301735865,0.8624904880490898,-7.818602938913624,0.28457872096132847,-1.335287475230221,9.70494486927459,-0.0017028940009275351,0.0051815004508974786,-0.03490658503988659,-2.9935624834737187,25.92378232256124,-50.6875
1773080242.7530618,125.21080836622636,0.8578539529309618,-7.799185851874225,0.3006891800156103,-1.334433840213905,9.669839638191236,0.004130636671095009,-0.002087163869981966,0.004363323129985824,-2.358275499177479,26.59309013484479,-51.0
1773080242.7839582,125.18567796891581,0.8561318356461377,-7.799289798042625,0.29234317424375705,-1.3401322131942988,9.64647749905639,-0.0024131789805444987,0.0003551424898084817,0.00545415391248228,-2.358275499177479,26.59309013484479,-51.0
1773080242.8299427,125.16065120812314,0.8556629227516135,-7.774263037249983,0.3006342889837535,-1.3217685122873475,9.637620479848984,0.015189358862883954,0.0026955030222381065,-0.020725784867432664,-1.806050053947484,26.314056879406422,-52.6875
1773080242.8836052,125.13576181341529,0.8497901300705338,-7.77997152444396,0.2789972838506297,-1.2269225504733656,9.668522461286354,-0.0003551424898084818,-0.0024131789805444987,0.001090830782496456,-1.806050053947484,26.314056879406422,-52.6875
1773080242.9319003,125.13576181341529,0.8497901300705338,-7.77997152444396,0.2789972838506297,-1.2269225504733656,9.668522461286354,-0.0003551424898084818,-0.0024131789805444987,0.001090830782496456,-1.806050053947484,26.314056879406422,-52.6875
1773080242.955693,125.10654507460953,0.8451199310444176,-7.795852076145027,0.26459809863572015,-1.1638036223849755,9.689087384735174,-0.0034494790707239945,1.4563689622974561e-05,-0.003272492347489368,-1.7084814147361893,26.017178772024863,-53.0
1773080242.9794579,125.10654507460953,0.8451199310444176,-7.795852076145027,0.26459809863572015,-1.1638036223849755,9.689087384735174,-0.0034494790707239945,1.4563689622974561e-05,-0.003272492347489368,-1.7084814147361893,26.017178772024863,-53.0
1773080243.0275822,125.10087011083371,0.8474193041396024,-7.780243688089649,0.258014848667255,-1.1630665822145065,9.702773111565117,-0.002398615290921524,0.003804621560532476,0.013089969389957472,-1.7084814147361893,26.017178772024863,-53.0
1773080243.0849435,125.06157692480106,0.8489668896280297,-7.7753231174139215,0.28078841872773336,-1.2452012142107238,9.711880809890857,0.0037900578709095015,-0.0010508637798024704,-0.018544123302439753,-2.1241107650703714,25.88058267712905,-53.0
1773080243.1422238,125.0308450071549,0.8468383784900873,-7.775181945112103,0.2687893258307641,-1.2172357703038634,9.717941881386981,0.0034494790707239945,-1.4563689622974561e-05,-0.003272492347489368,-2.1241107650703714,25.88058267712905,-53.0
1773080243.1689572,125.02166230507245,0.8391456239172553,-7.761426183082004,0.25471624844031454,-1.1372454324924006,9.75542657383424,-0.005877221740891468,-0.003079772891292538,0.02181661564992912,-3.0164139631141174,25.192595574952776,-54.6875
1773080243.2135584,125.02166230507245,0.8391456239172553,-7.761426183082004,0.25471624844031454,-1.1372454324924006,9.75542657383424,-0.005877221740891468,-0.003079772891292538,0.02181661564992912,-3.0164139631141174,25.192595574952776,-54.6875
1773080243.2540925,125.0210814069277,0.8461856717993909,-7.775352231218255,0.21674976818325792,-1.09341244255153,9.78371732963376,-0.004159764050340958,-0.004811794271466023,0.00545415391248228,-3.0164139631141174,25.192595574952776,-54.6875
1773080243.2919805,124.98635844602474,0.8423798016516815,-7.765856702877018,0.2377948065881185,-1.11944458835129,9.80254451158989,0.003804621560532476,0.0023986152909215236,-0.007635815477475192,-1.8899460309632643,25.16807521941331,-52.6875
1773080243.3293772,124.98611739730441,0.8465433620787044,-7.7602564031613275,0.24857749456312983,-1.1483911779190117,9.795003120624376,2.9127379245949336e-05,0.006898958141447989,-0.00545415391248228,-1.8899460309632643,25.16807521941331,-52.6875
1773080243.3460615,124.98611739730441,0.8465433620787044,-7.7602564031613275,0.24857749456312983,-1.1483911779190117,9.795003120624376,2.9127379245949336e-05,0.006898958141447989,-0.00545415391248228,-1.8899460309632643,25.16807521941331,-52.6875
1773080243.3743265,124.98611739730441,0.8465433620787044,-7.7602564031613275,0.26619734887335655,-1.199433703766502,9.786639297472364,0.008275837031812991,-0.0007248486692399385,-0.007635815477475192,-1.8899460309632643,25.16807521941331,-52.6875
1773080243.4099333,124.9806869680202,0.8446970996863601,-7.750251425848342,0.25985557776415774,-1.2534243592129,9.781073266594726,-0.0020434728011130424,0.006217800541076975,-0.007635815477475192,-2.3632821268746884,25.407246581217624,-54.1875
1773080243.4285104,124.98092775547795,0.8405333851320942,-7.755851396282422,0.26712370543792185,-1.3243113205265789,9.777369135222298,-0.00036970617943145654,-0.005862658051268493,0.003272492347489368,-2.3632821268746884,25.407246581217624,-54.1875
1773080243.4583986,124.97082471737359,0.8427517995820897,-7.775549083092139,0.2857165303437489,-1.3704860524407165,9.774904077171804,0.003123463960161462,0.004471215471280515,-0.017453292519943295,-2.3632821268746884,25.407246581217624,-54.1875
1773080243.4821806,124.97082471737359,0.8427517995820897,-7.775549083092139,0.2857165303437489,-1.3704860524407165,9.774904077171804,0.003123463960161462,0.004471215471280515,-0.017453292519943295,-2.3632821268746884,25.407246581217624,-54.1875
1773080243.5162768,124.95129597987052,0.8414460094870817,-7.775888173680285,0.29808984762311375,-1.4012148207240225,9.74984782662447,0.0007248486692399381,0.008275837031812991,-0.022907446432425576,-2.762735501164751,24.420712495760725,-53.75
1773080243.541031,124.95129597987052,0.8414460094870817,-7.775888173680285,0.29808984762311375,-1.4012148207240225,9.74984782662447,0.0007248486692399381,0.008275837031812991,-0.022907446432425576,-2.762735501164751,24.420712495760725,-53.75
1773080243.5716145,124.95139335642794,0.8427449259439186,-7.750759619076293,0.3063241520535206,-1.4216644727537295,9.729828060074556,-0.0037900578709095015,0.0010508637798024704,-0.011999138607461015,-2.762735501164751,24.420712495760725,-53.75
1773080243.6188264,124.95139335642794,0.8427449259439186,-7.750759619076293,0.30680524476438376,-1.3664936520957038,9.716505129071034,0.008261273342190017,-0.004174327739963932,0.004363323129985824,-2.1096036649253223,24.635363502025573,-53.75
1773080243.6373098,124.9512239975213,0.8441781063258137,-7.760524466648554,0.3071254065893054,-1.3297780872462361,9.687568197071165,-0.0013768788903650029,0.0006957212899939887,-0.004363323129985824,-2.1096036649253223,24.635363502025573,-53.75
1773080243.6781893,124.9512239975213,0.8441781063258137,-7.760524466648554,0.3071254065893054,-1.3297780872462361,9.687568197071165,-0.0013768788903650029,0.0006957212899939887,-0.004363323129985824,-2.1096036649253223,24.635363502025573,-53.75
1773080243.707134,124.92626471166955,0.8410333327705739,-7.750856905479299,0.29135970256403826,-1.3317224924248678,9.664965880364644,-0.003760930491663552,0.007949821921250459,-0.02181661564992912,-1.2368141947238354,25.38272622567816,-55.375
1773080243.7228894,124.9065651699863,0.8411609503996622,-7.760960120224901,0.2808678026496765,-1.3330164723508187,9.646579179373555,0.0027683214703529803,0.002058036490736017,-0.018544123302439753,-1.2368141947238354,25.38272622567816,-55.375
1773080243.7485027,124.9065651699863,0.8411609503996622,-7.760960120224901,0.2808678026496765,-1.3330164723508187,9.646579179373555,0.0027683214703529803,0.002058036490736017,-0.018544123302439753,-1.2368141947238354,25.38272622567816,-55.375
1773080243.7854788,124.89178080760118,0.8330744736505724,-7.746953410604306,0.2929528967657285,-1.3276111439888116,9.637688146964214,-0.0010363000901794958,-0.000340578800185507,-0.006544984694978736,-1.2368141947238354,25.38272622567816,-55.375
1773080243.8294454,124.85647767049608,0.8363081024141517,-7.751385745337457,0.2769739712998552,-1.250922502502413,9.641806599337094,0.0024277426701674733,0.003094336580915513,-0.025089107997418487,-1.8899460309632643,25.16807521941331,-56.6875
1773080243.9222097,124.85671936029102,0.8321382267715344,-7.756981370406292,0.2758738430520387,-1.1967538394874595,9.644547383385119,0.005492951871837037,-0.006232364230699949,0.008726646259971648,-1.8899460309632643,25.16807521941331,-56.6875
1773080243.9371645,124.78652293212258,0.8330014088278566,-7.761675630415328,0.29185227345375225,-1.2115514295062444,9.663096903089112,-0.0024131789805444987,0.0003551424898084817,-0.01090830782496456,-1.8949526586604741,23.982231665786145,-56.5625
1773080243.9512353,124.78652293212258,0.8330014088278566,-7.761675630415328,0.29185227345375225,-1.2115514295062444,9.663096903089112,-0.0024131789805444987,0.0003551424898084817,-0.01090830782496456,-1.8949526586604741,23.982231665786145,-56.5625
1773080243.9889214,124.81164975531571,0.8347153987327786,-7.76158231867872,0.32790885547114096,-1.2130437836331354,9.675441401240407,0.010348437212171982,-4.369106886892433e-05,0.004363323129985824,-1.8949526586604741,23.982231665786145,-56.5625
1773080244.0436733,124.77092134983987,0.8361134719232124,-7.756008464362644,0.2972375243920438,-1.1334113025992532,9.690346750277653,-0.006246927920322924,-0.00894243094256103,-0.014180800172453928,-0.768484726509621,23.957711310246676,-57.75
1773080244.0760663,124.77067958792595,0.8402874602556658,-7.750416085246539,0.2672924280266931,-1.083550004798316,9.723681875509518,0.012095022281968442,0.00512324569240558,0.003272492347489368,-0.768484726509621,23.957711310246676,-57.75
1773080244.1033666,124.73619582558347,0.8323341904880263,-7.746501636699514,0.24187428928472388,-1.0979468876452012,9.742520917266257,0.02032716824491251,-0.00595004018900634,-0.006544984694978736,-1.1002180998280229,24.967096875343977,-56.1875
1773080244.1440246,124.73595410008964,0.8365099101552285,-7.740910445543042,0.24402613819801597,-1.1012613948080603,9.765093424231438,0.0020726001803589916,0.000681157600371014,0.003272492347489368,-1.1002180998280229,24.967096875343977,-56.1875
1773080244.1756673,124.73595410008964,0.8365099101552285,-7.740910445543042,0.24402613819801597,-1.1012613948080603,9.765093424231438,0.0020726001803589916,0.000681157600371014,0.003272492347489368,-1.1002180998280229,24.967096875343977,-56.1875
1773080244.220255,124.70672593232548,0.8317938521513264,-7.7567703470546325,0.22639083330522605,-1.109733619847496,9.770079840343383,-0.0034786064499699437,-0.0068843944518250134,-0.01090830782496456,-1.1230695794684213,24.23591012773551,-58.5625
1773080244.2488825,124.69144423459537,0.8279659240364597,-7.77205204478477,0.2334541075424104,-1.172573799890861,9.793468914807882,-0.007580115741819003,0.002101727559604941,-0.022907446432425576,-1.1230695794684213,24.23591012773551,-58.5625
1773080244.3050544,124.6519614761271,0.8309406464369493,-7.776898571594108,0.23815463764531344,-1.214393237738914,9.809034082590925,0.008986122011429953,0.0041015092918490585,0.003272492347489368,-1.6557812968561572,24.45556776169757,-57.75
1773080244.380351,124.63693784050655,0.8270639327740094,-7.757284515833803,0.22779478445397675,-1.179754888985337,9.819392527876223,-0.008275837031812991,0.0007248486692399385,0.001090830782496456,-1.6557812968561572,24.45556776169757,-57.75
1773080244.4210281,124.63693784050655,0.8270639327740094,-7.757284515833803,0.22779478445397675,-1.179754888985337,9.819392527876223,-0.008275837031812991,0.0007248486692399385,0.001090830782496456,-1.6557812968561572,24.45556776169757,-57.75
1773080244.441651,124.61173602441285,0.828128314734255,-7.742017743492338,0.2094119123775742,-1.1217466715963,9.843011516038771,0.010363000901794957,0.0034057880018550702,-0.017453292519943295,-0.587020110282546,24.80681486285823,-58.6875
1773080244.4597259,124.57142173296262,0.8239586595047427,-7.732260442227419,0.19395576636592382,-1.0947653382542464,9.821933460039048,0.000681157600371014,-0.0020726001803589916,-0.013089969389957472,-0.587020110282546,24.80681486285823,-58.6875
1773080244.5032494,124.57142173296262,0.8239586595047427,-7.732260442227419,0.19395576636592382,-1.0947653382542464,9.821933460039048,0.000681157600371014,-0.0020726001803589916,-0.013089969389957472,-0.587020110282546,24.80681486285823,-58.6875
1773080244.533664,124.56189489904324,0.8191244153592465,-7.738010567439253,0.18366987385163436,-1.0768095623163518,9.807906249228544,0.0072395369416334955,-0.001065427469425445,-0.011999138607461015,-0.4699377432289924,24.45056113400036,-59.75
1773080244.564498,124.52659350709462,0.8223480265429953,-7.7424478580526985,0.21686957663885686,-1.1009953686608134,9.78184573859177,0.0013914425799879775,0.0027537577807300057,-0.031634092692397225,-0.4699377432289924,24.45056113400036,-59.75
1773080244.6102488,124.5263506942383,0.8265339717812561,-7.736864248671967,0.2516751655166787,-1.1129131142445436,9.754467424756017,0.0010363000901794958,0.000340578800185507,-0.006544984694978736,-0.8855670935631745,24.313965039104545,-59.0
1773080244.6265743,124.5263506942383,0.8265339717812561,-7.736864248671967,0.2516751655166787,-1.1129131142445436,9.754467424756017,0.0010363000901794958,0.000340578800185507,-0.006544984694978736,-0.8855670935631745,24.313965039104545,-59.0
1773080244.6669383,124.50106223289008,0.8262201980639035,-7.746721954931796,0.2748378961109658,-1.120844240800575,9.746282797856086,-0.004500342850526464,-0.0037754941812865265,-0.017453292519943295,-0.8855670935631745,24.313965039104545,-59.0
1773080244.7007594,124.4817649802561,0.8207294023471212,-7.75263414409198,0.30129433397687705,-1.2668598776040307,9.71742023813122,-0.011029594812542997,0.0021162912492279154,-0.006544984694978736,-1.0026494606167282,24.670218767962417,-60.1875
1773080244.7157822,124.4717508625233,0.8242661340905023,-7.747217116239551,0.28394401460962526,-1.3755201582999041,9.728318532416113,0.0037900578709095015,-0.0010508637798024704,-0.00545415391248228,-1.0026494606167282,24.670218767962417,-60.1875
1773080244.7299745,124.4717508625233,0.8242661340905023,-7.747217116239551,0.28394401460962526,-1.3755201582999041,9.728318532416113,0.0037900578709095015,-0.0010508637798024704,-0.00545415391248228,-1.0026494606167282,24.670218767962417,-60.1875
1773080244.750664,124.42289173010475,0.8069348654622059,-7.684567999028654,0.23917581370616223,-1.3647181185260098,9.6958278423145,0.012761616192716482,-0.00039883355867740617,0.002181661564992912,-1.240151946521975,24.59216385659338,-59.0
1773080244.8247552,124.41731169997912,0.8065305252789329,-7.684325961410336,0.22811708083147292,-1.3644190398683347,9.653737023471203,-0.010348437212171982,4.369106886892433e-05,-0.015271630954950384,-1.240151946521975,24.59216385659338,-59.0
1773080244.8462718,124.41731169997912,0.8065305252789329,-7.684325961410336,0.22811708083147292,-1.3644190398683347,9.653737023471203,-0.010348437212171982,4.369106886892433e-05,-0.015271630954950384,-1.240151946521975,24.59216385659338,-59.0
1773080244.8685417,124.41731169997912,0.8065305252789329,-7.684325961410336,0.22811708083147292,-1.3644190398683347,9.653737023471203,-0.010348437212171982,4.369106886892433e-05,-0.015271630954950384,-1.240151946521975,24.59216385659338,-59.0
1773080244.9115489,124.347765511708,0.7976489007573556,-7.6903901076111305,0.26751553064470923,-1.313641739873743,9.625726053716244,0.006514688272393558,-0.009341264501238436,-0.032724923474893676,-0.8693911175190553,23.464027048543457,-59.375
1773080244.9728682,124.23411608938318,0.7788196051736122,-7.682864648332435,0.2590851522439064,-1.2450997617815072,9.683819636219388,-0.0027537577807300057,0.0013914425799879775,-0.011999138607461015,-0.5343199924025138,23.245203852530935,-60.0625
1773080245.0445495,124.16408245441305,0.7783363489574434,-7.677756471537571,0.25412274137482765,-1.2700586435693502,9.672506590113912,0.00448577916090349,0.0003260151105625323,-0.025089107997418487,-0.5343199924025138,23.245203852530935,-60.0625
1773080245.0715182,124.16408245441305,0.7783363489574434,-7.677756471537571,0.25412274137482765,-1.2700586435693502,9.672506590113912,0.00448577916090349,0.0003260151105625323,-0.025089107997418487,-0.5343199924025138,23.245203852530935,-60.0625
1773080245.109361,124.1393647891122,0.7710717258244565,-7.673623647721931,0.25717609114417017,-1.2845796814075072,9.664977884305724,0.0007102849796169635,0.004826357961088997,-0.00545415391248228,-0.587020110282546,24.80681486285823,-60.875
1773080245.1404183,124.0950964235514,0.7625169306589852,-7.669801115522926,0.2644301092642026,-1.3101327168005616,9.65996761469153,-0.001362315200742028,0.004145200360717983,-0.003272492347489368,-0.587020110282546,24.80681486285823,-60.875
1773080245.1605425,124.05042537308336,0.7595310622794397,-7.67018140911811,0.275613356059345,-1.3250491572258558,9.65663333623166,0.0024568700494134225,0.0099932947223635,-0.004363323129985824,-0.8855670935631745,24.313965039104545,-60.0625
1773080245.2071054,124.05042537308336,0.7595310622794397,-7.67018140911811,0.275613356059345,-1.3250491572258558,9.65663333623166,0.0024568700494134225,0.0099932947223635,-0.004363323129985824,-0.8855670935631745,24.313965039104545,-60.0625
1773080245.2493873,124.02546226841247,0.7564826010225001,-7.660471615353624,0.24859016536232748,-1.2301055320136107,9.65441441116295,-0.00448577916090349,-0.0003260151105625323,-0.00545415391248228,-0.8855670935631745,24.313965039104545,-60.0625
1773080245.3107922,123.94002237949044,0.7534579183492729,-7.680375405828624,0.21789497628437618,-1.1710992483899976,9.713149752048489,0.005551206630328935,0.007565552052196028,-0.03381575425739013,0.13999444757824345,23.79576042186186,-60.875
1773080245.3386655,123.86641846204071,0.7429655455956993,-7.676992912813876,0.2423641548048546,-1.2836718300302736,9.796058977606634,-0.003079772891292538,0.005877221740891468,-0.037088246604879506,0.13999444757824345,23.79576042186186,-60.875
1773080245.3862946,123.81087631335691,0.7349549667453223,-7.682422910929878,0.2523501300764907,-1.3349070063157238,9.834173522401834,-0.006203236851453999,0.0014060062696109523,-0.016362461737446838,-0.35285537617543883,24.094307405142487,-61.6875
1773080245.4138052,123.7619820920025,0.7317152277927271,-7.683185298943808,0.2589956850691116,-1.3690034437992706,9.869573661317633,-0.0010071727109335464,0.006558379341262482,-0.03599741582238305,-0.35285537617543883,24.094307405142487,-61.6875
1773080245.4357061,123.74664704418944,0.730667092026906,-7.683089424220752,0.2772188554206947,-1.3801164153367684,9.893132058320635,-0.008616415831998498,0.001761148759419434,-0.018544123302439753,-0.35285537617543883,24.094307405142487,-61.6875
1773080245.463997,123.74664704418944,0.730667092026906,-7.683089424220752,0.2772188554206947,-1.3801164153367684,9.893132058320635,-0.008616415831998498,0.001761148759419434,-0.018544123302439753,-0.35285537617543883,24.094307405142487,-61.6875
1773080245.5007129,123.68694289541004,0.7239744083910071,-7.6637914022579725,0.26323593194008826,-1.3080647391430371,9.851943009337166,0.010363000901794957,0.0034057880018550702,-0.030543261909900768,-0.21625928127962632,23.678678054808305,-61.6875
1773080245.5490987,123.59774398720239,0.7166851434010496,-7.654716861814793,0.2667313313220689,-1.234781359651187,9.791081040277298,-0.0017320213801734845,-0.0017174576905505097,-0.038179077387375956,-0.21625928127962632,23.678678054808305,-61.6875
1773080245.6111486,123.44913499076856,0.693980033161558,-7.672290384910091,0.25952381241117833,-1.1891453180023608,9.784029196813892,-0.008290400721435966,-0.002724630401484056,-0.03490658503988659,-0.9449427150394869,24.294451311262286,-60.875
1773080245.6591225,123.28460162082925,0.6816280887943651,-7.663296944808032,0.24743571014385243,-1.1046999401069026,9.76398717627964,-0.006188673161831026,0.0048554853403349465,-0.039269908169872414,-0.1730596358474341,24.548129773211652,-61.6875
1773080245.7121785,123.24970964822968,0.6792891901520803,-7.663479951396265,0.2235271386120079,-1.0749763309208928,9.765998532981742,-0.004471215471280515,0.003123463960161462,-0.011999138607461015,-0.1730596358474341,24.548129773211652,-61.6875
1773080245.7757697,123.17028427645084,0.6726809512876621,-7.6541995373394265,0.20443836194933263,-1.056240010633411,9.777372403520623,0.006246927920322924,0.00894243094256103,-0.05345070834232634,-0.5156407025097904,22.98818763878343,-62.0625
1773080245.8669293,123.09099854996961,0.6648097739060684,-7.635122745458859,0.23460044817122516,-1.1634865857992691,9.774906252187831,-0.000340578800185507,0.0010363000901794958,-0.026179938779914945,-0.5156407025097904,22.98818763878343,-62.0625
1773080245.9400575,122.98618051352464,0.6590844058432253,-7.645428697259564,0.24627304227815155,-1.2200129462183604,9.79668083797581,0.0072395369416334955,-0.001065427469425445,-0.018544123302439753,0.18152521711136627,24.26993095572282,-63.25
1773080245.985687,122.83747452694362,0.6393125522276898,-7.647494380064392,0.27946413834070244,-1.2492753309057472,9.797791134750371,-0.003079772891292538,0.005877221740891468,-0.017453292519943295,0.18152521711136627,24.26993095572282,-63.25
1773080246.1821182,122.61873719784347,0.6191427390405697,-7.6442975894650775,0.2625776860402896,-1.225454665241011,9.799021747959047,2.9127379245949336e-05,0.006898958141447989,-0.03599741582238305,-0.4716066191280627,24.055279949457972,-62.875
1773080246.2537189,122.4504517778715,0.5980706941811671,-7.64651412923997,0.24495847809745097,-1.222028268042517,9.789313649072579,-0.00617410947220805,0.00830496441105894,-0.037088246604879506,0.7337506623413609,23.99089770028445,-63.6875
1773080246.3153656,122.33625203873942,0.586127078714039,-7.652566655544548,0.2436771879443143,-1.251526932827048,9.762782347466288,-0.001362315200742028,0.004145200360717983,-0.0545415391248228,0.7337506623413609,23.99089770028445,-63.6875
1773080246.39438,122.09337039133626,0.5687080132757727,-7.644330796593474,0.2517981207441331,-1.2775654027513106,9.803623348144392,0.007935258231627483,0.0003114514209395575,-0.022907446432425576,0.8313193015526555,23.69401959290289,-62.875
1773080246.4735062,122.09337039133626,0.5687080132757727,-7.644330796593474,0.2517981207441331,-1.2775654027513106,9.803623348144392,0.007935258231627483,0.0003114514209395575,-0.022907446432425576,0.8313193015526555,23.69401959290289,-62.875
1773080246.5161877,121.94428543978722,0.5544115365952031,-7.650435475525106,0.23447292659262373,-1.2894860245661786,9.842552638202474,-0.0010363000901794958,-0.000340578800185507,-0.04690572364734761,-0.5156407025097904,22.98818763878343,-62.875
1773080246.5360963,121.83479505861924,0.5372163700965571,-7.65168894385846,0.2104102883238457,-1.2592843926081856,9.814937858550353,0.006928085520693938,0.006869830762202039,-0.038179077387375956,-0.5156407025097904,22.98818763878343,-62.875
1773080246.5908477,121.76097467518822,0.5279615736313548,-7.657774988332933,0.22277457276122162,-1.2826762463162726,9.796560531169169,-0.0017028940009275351,0.0051815004508974786,-0.04363323129985824,-0.5156407025097904,22.98818763878343,-62.875
1773080246.637055,121.56313745853888,0.5080827329164286,-7.644783182389494,0.2638261693722895,-1.29097705712598,9.784330625085188,-0.004797230581843048,0.007609243121064952,-0.04145156973486533,1.0459703078175038,23.040887756663462,-64.5
1773080246.6649919,121.56313745853888,0.5080827329164286,-7.644783182389494,0.2638261693722895,-1.29097705712598,9.784330625085188,-0.004797230581843048,0.007609243121064952,-0.04145156973486533,1.0459703078175038,23.040887756663462,-64.5
1773080246.7170558,121.39891493898253,0.4915922915182764,-7.640790409577122,0.27712161754854486,-1.36096936944318,9.746085753837427,-0.008261273342190017,0.004174327739963932,-0.05890486225480862,1.0459703078175038,23.040887756663462,-64.5
1773080246.785265,121.14141570621376,0.46129769229186746,-7.658240934024021,0.2891474791744316,-1.4065040618335805,9.677147767050096,0.009355828190861412,0.009964167343117551,-0.03599741582238305,0.7474233245368752,22.54803793290978,-66.0
1773080246.8658228,120.88883902197409,0.4400277657911605,-7.664928788403579,0.25537417209528857,-1.3096913155844938,9.631270306930897,-0.014819652683452499,0.003167155029030386,-0.055632369907319255,0.7474233245368752,22.54803793290978,-66.0
1773080246.9345915,120.71914627159717,0.4395910832067286,-7.674225615929504,0.23289841350667898,-1.2452635144249633,9.637535598486894,0.00107999115904842,0.01068901601235749,-0.08617563181722002,0.614999419388737,23.95187024459993,-65.5625
1773080247.012625,120.35494641225233,0.4502059202088276,-7.6771261605926,0.2311761720194939,-1.1908809135854155,9.677871840528093,-0.009964167343117551,0.00935582819086141,-0.039269908169872414,1.2876449834704258,24.10714562938847,-63.1875
1773080247.059212,120.23076596315514,0.4395365471259156,-7.702548097929559,0.2336394500584005,-1.1853085160110515,9.725415297547016,-0.012790743571962433,-0.006500124582770583,-0.05126904677733343,1.2876449834704258,24.10714562938847,-63.1875
1773080247.115317,120.01689412187763,0.4295490569186107,-7.697771250621414,0.26112101019732203,-1.3245158487535809,9.747019601975937,-0.009949603653494577,0.012805307261585406,-0.06217735460229799,1.2436109000886981,23.040053318713927,-65.5625
1773080247.1496756,120.01689412187763,0.4295490569186107,-7.697771250621414,0.26112101019732203,-1.3245158487535809,9.747019601975937,-0.009949603653494577,0.012805307261585406,-0.06217735460229799,1.2436109000886981,23.040053318713927,-65.5625
1773080247.1895845,119.78983572003744,0.4034212229539266,-7.6900225875674355,0.3043814666806659,-1.4534744804399777,9.770965039811713,-0.002384051601298549,0.00725410063125647,-0.030543261909900768,1.0833288876029514,22.526855329168452,-66.375
1773080247.2195098,119.71094706847802,0.38824932093085085,-7.691163110885804,0.3032449477254344,-1.4236193890799465,9.80074822858037,-0.0041015092918490585,0.008986122011429955,-0.05999569303730508,1.0833288876029514,22.526855329168452,-66.375
1773080247.2433863,119.71094706847802,0.38824932093085085,-7.691163110885804,0.3032449477254344,-1.4236193890799465,9.80074822858037,-0.0041015092918490585,0.008986122011429955,-0.05999569303730508,1.0833288876029514,22.526855329168452,-66.375
1773080247.2657986,119.58172669685945,0.38696463188447877,-7.7158577908176005,0.29164256564892393,-1.4671749651412032,9.82056860800589,-0.0069135218310709635,-0.003420351691478045,-0.05126904677733343,1.3852136226817204,23.81026752200691,-66.0
1773080247.3056545,119.45712849184423,0.38397301646816256,-7.720527766577814,0.2776548524360821,-1.4770933781554465,9.793617508617597,-0.00617410947220805,0.00830496441105894,-0.04690572364734761,1.3852136226817204,23.81026752200691,-66.0
1773080247.3491514,119.22344836969171,0.3761599850443769,-7.700563452930087,0.26834618554593065,-1.4836939712204924,9.775681853038195,0.010732707081226414,0.009268446053123564,-0.09272061651219876,2.5083438030344323,22.995184797382663,-67.1875
1773080247.3796937,119.09479603834892,0.3675092896542678,-7.701144801135241,0.2625979778198007,-1.3823058147241594,9.757055651189866,-0.005492951871837037,0.006232364230699949,-0.05345070834232634,2.5083438030344323,22.995184797382663,-67.1875
1773080247.4395428,118.92146049350518,0.35584728886895944,-7.701795427900971,0.21746004779155576,-1.3284104538431534,9.74466012192811,0.006942649210316912,0.010319309832926034,-0.08835729338221293,1.482782261893015,23.51338941462535,-66.75
1773080247.5163238,118.45975339733846,0.3346338262366561,-7.702132650653413,0.31319631656347996,-1.294700452502912,9.730921360916135,-0.00894243094256103,0.006246927920322924,-0.08399397025222712,2.5083438030344323,22.995184797382663,-67.5625
1773080247.5472715,118.45975339733846,0.3346338262366561,-7.702132650653413,0.31319631656347996,-1.294700452502912,9.730921360916135,-0.00894243094256103,0.006246927920322924,-0.08399397025222712,2.5083438030344323,22.995184797382663,-67.5625
1773080247.5674279,118.261776963078,0.3159281237345707,-7.698070888001512,0.32463070059948573,-1.3461862830526077,9.681350349691236,-0.009283009742746538,0.007283228010502419,-0.06435901616729091,2.5083438030344323,22.995184797382663,-67.5625
1773080247.6072955,118.261776963078,0.3159281237345707,-7.698070888001512,0.32463070059948573,-1.3461862830526077,9.681350349691236,-0.009283009742746538,0.007283228010502419,-0.06435901616729091,2.5083438030344323,22.995184797382663,-67.5625
1773080247.6583333,118.05898242111384,0.3003366150279202,-7.733645171873496,0.3176310144595893,-1.387132414825121,9.650792637269248,-0.006543815651639507,0.002442306359790448,-0.10035643198967395,2.453974809255331,24.16151462316757,-66.375
1773080247.7111537,117.79523670599283,0.2997711884655157,-7.7030005486404125,0.2941734288810334,-1.3571795992008915,9.677288384906902,0.0032108460978993096,0.025168089895624482,-0.10471975511965978,2.453974809255331,24.16151462316757,-66.375
1773080247.7363791,117.4941821179907,0.2650838575999536,-7.709893871216463,0.30362849790900137,-1.4135156802252742,9.711646567519463,-0.023110053404888465,0.0004425246275463301,-0.09272061651219876,2.668625815520179,23.50838278692814,-67.5625
1773080247.7669144,117.30154230557237,0.24676978325460525,-7.705847834267119,0.2804093085068406,-1.4254942765350016,9.717785995705476,-0.0006520302211250646,0.00897155832180698,-0.08835729338221293,2.668625815520179,23.50838278692814,-67.5625
1773080247.9248059,116.4818205182879,0.238125305797111,-7.664328884244865,0.27449086548847235,-1.4303326697954246,9.711836381459404,0.010095240549724322,0.021689483445654537,-0.10471975511965978,3.0198729166808396,22.43962160035453,-68.5
1773080247.9421794,116.37744885720709,0.2410273943424139,-7.66400713850935,0.27055220777308875,-1.433552566461842,9.70787697964019,-0.005804403292776594,0.014167622462327435,-0.08508480103472356,3.0198729166808396,22.43962160035453,-68.5
1773080247.9724145,116.20376179570736,0.23467907407928326,-7.668769139301885,0.23764319691240726,-1.343536579574925,9.718622488788196,-0.012747052503093506,0.0038483126294014004,-0.08726646259971647,3.0198729166808396,22.43962160035453,-68.5
1773080248.0060995,116.20376179570736,0.23467907407928326,-7.668769139301885,0.23764319691240726,-1.343536579574925,9.718622488788196,-0.012747052503093506,0.0038483126294014004,-0.08726646259971647,3.0198729166808396,22.43962160035453,-68.5
1773080248.043364,115.95125071437519,0.22371089904545463,-7.6838734028271585,0.24403099798939965,-1.3482788037374709,9.725773505090991,-0.0034057880018550702,0.010363000901794957,-0.1308996938995747,3.5771049896080442,23.346431898543326,-68.75
1773080248.069712,115.64610646949372,0.2513821429390186,-7.6612266354952325,0.21681573867821097,-1.2878322526435382,9.730532426558415,0.0021454186284738655,0.017928552953990984,-0.12544553998709243,3.5771049896080442,23.346431898543326,-68.75
1773080248.1068418,115.4202055656862,0.21710313282485935,-7.673114326972345,0.21745899965458934,-1.3153858347880865,9.733699435634351,-0.002087163869981966,-0.004130636671095009,-0.12980886311707826,3.737387002093789,23.8596298880888,-69.5625
1773080248.136795,115.23747737522936,0.19898212324090678,-7.65874952269056,0.1959544812305888,-1.266986758837599,9.765913050162451,-0.004130636671095009,0.002087163869981966,-0.08072147790473774,3.737387002093789,23.8596298880888,-69.5625
1773080248.15368,115.23747737522936,0.19898212324090678,-7.65874952269056,0.1959544812305888,-1.266986758837599,9.765913050162451,-0.004130636671095009,0.002087163869981966,-0.08072147790473774,3.737387002093789,23.8596298880888,-69.5625
1773080248.1865194,115.05012191958092,0.18060669570084856,-7.644683775288636,0.22459823951685168,-1.3333369459748854,9.787350850781248,0.01145755575046635,0.017544283084936555,-0.1189005552921137,3.737387002093789,23.8596298880888,-69.5625
1773080248.2318814,114.67926799514748,0.15526351237904587,-7.635167987054675,0.23326090538170494,-1.3351352827450647,9.77151146225126,0.005210627830143428,0.008601852142375525,-0.13744467859455345,4.08863410325445,22.79086870151519,-70.0
1773080248.2691224,114.45141875038331,0.14996126678099475,-7.635107221129628,0.26213680558726127,-1.374511389001062,9.720829185634283,0.013885298420633824,0.02063861966585207,-0.11562806294462433,4.08863410325445,22.79086870151519,-70.0
1773080248.3212423,114.45141875038331,0.14996126678099475,-7.635107221129628,0.26213680558726127,-1.374511389001062,9.720829185634283,0.013885298420633824,0.02063861966585207,-0.11562806294462433,4.08863410325445,22.79086870151519,-70.0
1773080248.3530183,113.9663684292105,0.12649149226185838,-7.615183566431674,0.277309738075162,-1.3562699570822954,9.687100696703812,-0.003717239422794628,0.018298259133422444,-0.14289883250703572,3.9910654640431553,23.08774680889675,-70.75
1773080248.3759196,113.79134865614125,0.1492600969789679,-7.608994207773119,0.27596331025885174,-1.2985956269364953,9.604442753360741,-0.005064990933913682,0.02589293856486442,-0.10144726277217041,3.9910654640431553,23.08774680889675,-70.75
1773080248.4008992,113.59370879237787,0.13611665125603178,-7.609214463318242,0.27506727758768146,-1.2602140044889472,9.616337049562045,-0.004116072981472034,0.005536642940705961,-0.07417649320975901,2.803553034516922,22.697472252051572,-71.1875
1773080248.41642,113.59370879237787,0.13611665125603178,-7.609214463318242,0.27506727758768146,-1.2602140044889472,9.616337049562045,-0.004116072981472034,0.005536642940705961,-0.07417649320975901,2.803553034516922,22.697472252051572,-71.1875
1773080248.436515,113.46574042800931,0.11769980143911352,-7.609557247394144,0.2554036415475001,-1.2409379210489437,9.624252570816017,-0.002087163869981966,-0.004130636671095009,-0.11235557059713497,2.803553034516922,22.697472252051572,-71.1875
1773080248.454529,113.2929785538374,0.10621307541124049,-7.6099178778024426,0.25171739774200275,-1.2567109073078702,9.62952026178837,0.0014060062696109523,0.006203236851454,-0.08944812416470939,2.803553034516922,22.697472252051572,-71.1875
1773080248.4972289,113.05904267273637,0.11477924549428985,-7.593967909087239,0.284221026896726,-1.2557191479626733,9.636370962993826,0.0031962824082763346,0.021718610824900487,-0.0916297857297023,3.857807120945483,24.293938528315707,-72.0
1773080248.514842,112.93561355099729,0.10617765108490584,-7.584242118628721,0.3204735632885889,-1.299549594579792,9.684416480313862,0.011413864681597429,0.007195845872764573,-0.11562806294462433,3.857807120945483,24.293938528315707,-72.0
1773080248.5296314,112.812765796687,0.08852987412855073,-7.594617867711646,0.31944406987698243,-1.2736050774474141,9.71639023538675,-0.015855952773631995,0.002826576228844879,-0.10799224746714914,3.857807120945483,24.293938528315707,-72.0
1773080248.5663378,112.60961867573593,0.08648195764224215,-7.634032944909703,0.32166887923344367,-1.3187633479923249,9.697527071729679,-0.0003114514209395576,0.007935258231627485,-0.13308135546456762,3.91134167677505,22.92996811025961,-73.1875
1773080248.6066885,112.38420717450244,0.12134119915388214,-7.642474168849291,0.30435009236334726,-1.2916136636684525,9.684973847031243,0.0011091185382943699,0.017587974153805478,-0.08399397025222712,3.91134167677505,22.92996811025961,-73.1875
1773080248.6420655,112.38420717450244,0.12134119915388214,-7.642474168849291,0.30435009236334726,-1.2916136636684525,9.684973847031243,0.0011091185382943699,0.017587974153805478,-0.08399397025222712,3.91134167677505,22.92996811025961,-73.1875
1773080248.6713805,112.1761399163149,0.11665961151394381,-7.622447171016237,0.28760258520813703,-1.2576564051103796,9.803734061101279,1.4563689622974668e-05,0.0034494790707239945,-0.10253809355466686,3.657663214825684,23.70185118945166,-72.5
1773080248.7077253,111.85027114760491,0.09526806461176712,-7.632678508877436,0.23759084834645391,-1.1703667103656208,9.88276765692637,-0.0003260151105625323,0.00448577916090349,-0.09926560120717749,3.657663214825684,23.70185118945166,-72.5
1773080248.7214818,111.6718031753283,0.09266639970432632,-7.612499872625002,0.23290960059299762,-1.1028767072807286,9.848390727694552,0.01838564127116029,0.024414113847138593,-0.12217304763960307,3.7747455818792375,23.34559746059379,-73.5625
1773080248.743151,111.6718031753283,0.09266639970432632,-7.612499872625002,0.23290960059299762,-1.1028767072807286,9.848390727694552,0.01838564127116029,0.024414113847138593,-0.12217304763960307,3.7747455818792375,23.34559746059379,-73.5625
1773080248.7573907,111.4980507299746,0.09582702200688403,-7.607284089339984,0.22026061435260708,-1.061096092914478,9.76195614286717,0.005920912809760391,0.013428210103464521,-0.09381144729469522,3.7747455818792375,23.34559746059379,-73.5625
1773080248.7844996,111.30650810337502,0.06836347885256487,-7.612798912041405,0.23408808099939646,-1.0259806936344198,9.694399557080166,-0.0003551424898084818,-0.0024131789805444987,-0.1090830782496456,4.511773395134448,24.70623012685175,-73.1875
1773080248.798959,111.30650810337502,0.06836347885256487,-7.612798912041405,0.23408808099939646,-1.0259806936344198,9.694399557080166,-0.0003551424898084818,-0.0024131789805444987,-0.1090830782496456,4.511773395134448,24.70623012685175,-73.1875
1773080248.8146152,111.2278984753005,0.05831099903459721,-7.618048572263558,0.24633401314299488,-1.0333016113212157,9.63271584535883,-0.008275837031812991,0.0007248486692399385,-0.06872233929727672,4.511773395134448,24.70623012685175,-73.1875
1773080248.8307128,111.06398490787309,0.062386692007118716,-7.622637390120919,0.2983487470247032,-1.171644954409778,9.591666024260487,-0.007181282183141596,0.014863343752321422,-0.09708393964218458,4.511773395134448,24.70623012685175,-73.1875
1773080248.8454823,111.06398490787309,0.062386692007118716,-7.622637390120919,0.2983487470247032,-1.171644954409778,9.591666024260487,-0.007181282183141596,0.014863343752321422,-0.09708393964218458,4.511773395134448,24.70623012685175,-73.1875
1773080248.8607833,110.96436809332197,0.07025754479517399,-7.6076925948036855,0.28211774122870875,-1.2804214573002126,9.637940284437116,0.008674670590490397,0.012036767523476544,-0.07853981633974483,3.355778479746917,22.4184389966132,-73.5625
1773080248.8885858,110.81002564792584,0.07958975941489578,-7.597373689485191,0.2462503579915928,-1.2765416596332084,9.738982633521012,0.00664576147900033,0.021704047135277516,-0.09490227807719166,3.355778479746917,22.4184389966132,-73.5625
1773080248.9027753,110.81002564792584,0.07958975941489578,-7.597373689485191,0.2462503579915928,-1.2765416596332084,9.738982633521012,0.00664576147900033,0.021704047135277516,-0.09490227807719166,3.355778479746917,22.4184389966132,-73.5625
1773080248.9293242,110.65161855130815,0.07391693413207283,-7.592014206475916,0.243715813043606,-1.2317367078678596,9.806225188119349,-0.00858728845275255,0.008660106900867421,-0.09490227807719166,3.355778479746917,22.4184389966132,-73.5625
1773080248.947676,110.52334568775814,0.06540753696158118,-7.592270053005993,0.242029101693443,-1.2019195129721254,9.850974357055991,-0.003065209201669563,0.009326700811615461,-0.07417649320975901,4.267595405632921,23.04705047731316,-75.5625
1773080248.9618914,110.41446617446809,0.06323588539504148,-7.597310031251809,0.2417277206707255,-1.2381447809572148,9.833922865199884,-0.0058335306720225435,0.007268664320879445,-0.10362892433716332,4.267595405632921,23.04705047731316,-75.5625
1773080248.9811878,110.41446617446809,0.06323588539504148,-7.597310031251809,0.2417277206707255,-1.2381447809572148,9.833922865199884,-0.0058335306720225435,0.007268664320879445,-0.10362892433716332,4.267595405632921,23.04705047731316,-75.5625
1773080248.999244,110.30623901784847,0.051186617713513176,-7.602527677480443,0.23077043478012985,-1.3045199425071354,9.809194841018012,-0.01794311664361396,-0.0013040604422501292,-0.09599310885968812,4.267595405632921,23.04705047731316,-75.5625
1773080249.0178459,110.15383911904082,0.031318056216665856,-7.612478659467191,0.24332226565625156,-1.409071769364522,9.779358170325828,-0.015160231483638006,0.004203455119209882,-0.0818123086872342,3.657663214825684,23.70185118945166,-74.75
1773080249.032655,110.05515868555145,0.024753262694893478,-7.612612323683381,0.2739205945825072,-1.47133897507832,9.689254853423922,-0.00029688773131658267,0.011384737302351478,-0.08617563181722002,3.657663214825684,23.70185118945166,-74.75
1773080249.0463,110.05515868555145,0.024753262694893478,-7.612612323683381,0.2739205945825072,-1.47133897507832,9.689254853423922,-0.00029688773131658267,0.011384737302351478,-0.08617563181722002,3.657663214825684,23.70185118945166,-74.75
1773080249.0625148,109.93107299626776,0.026409104958020558,-7.612285660865835,0.2942834406772002,-1.512777104910589,9.629292102545703,-0.010971340054051098,0.015914207532123893,-0.12435470920459599,3.657663214825684,23.70185118945166,-74.75
1773080249.0860593,109.7232023968753,0.022227806905491004,-7.592648465767579,0.280680037910552,-1.4577285934233373,9.646254460688494,0.0031817187186533617,0.01826913175417649,-0.11453723216212788,4.429546294017737,23.955529651401026,-75.1875
1773080249.1032608,109.7232023968753,0.022227806905491004,-7.592648465767579,0.280680037910552,-1.4577285934233373,9.646254460688494,0.0031817187186533617,0.01826913175417649,-0.11453723216212788,4.429546294017737,23.955529651401026,-75.1875
1773080249.125312,109.53991250165828,0.019977511426023473,-7.592382992661155,0.26958296675710297,-1.4041605674470174,9.701029172745718,-0.01065988863311154,0.007978949300496408,-0.12544553998709243,4.429546294017737,23.955529651401026,-75.1875
1773080249.1416771,109.41584352985046,0.02165683046915318,-7.592059250271609,0.2621979898668898,-1.3685116445538352,9.760896913697412,-0.011725316102536985,0.0007394123588629129,-0.10253809355466686,4.429546294017737,23.955529651401026,-75.1875
1773080249.1571505,109.41584352985046,0.02165683046915318,-7.592059250271609,0.2621979898668898,-1.3685116445538352,9.760896913697412,-0.011725316102536985,0.0007394123588629129,-0.10253809355466686,4.429546294017737,23.955529651401026,-75.1875
1773080249.1720705,109.21911101490903,-0.0011311958509665487,-7.612039741427088,0.26877187574676104,-1.3797444678222242,9.800738226534278,0.006602070410131404,0.011355609923105529,-0.1308996938995747,4.0139169436835545,23.818933556505215,-75.5625
1773080249.189922,109.09578973816267,-0.009335686656718016,-7.612431460240581,0.25725727644231644,-1.3924418341851663,9.833942398585226,0.0004133972483003801,0.016211095263440476,-0.10471975511965978,4.0139169436835545,23.818933556505215,-75.5625
1773080249.2035758,108.97636986711892,-0.0023770624900353744,-7.617309117080794,0.2495944392317107,-1.4008917896608282,9.765721388072603,-0.008529033694260649,0.022458023183763397,-0.11999138607461016,4.0139169436835545,23.818933556505215,-75.5625
1773080249.2169294,108.97636986711892,-0.0023770624900353744,-7.617309117080794,0.2495944392317107,-1.4008917896608282,9.765721388072603,-0.008529033694260649,0.022458023183763397,-0.11999138607461016,4.0139169436835545,23.818933556505215,-75.5625
1773080249.240247,108.83258798132003,-0.002201520711792149,-7.587367759612593,0.2350952203455168,-1.377914136177406,9.847435312533209,0.012464728461399899,0.010985903743674074,-0.12326387842209953,4.965595763203611,24.526434386523746,-76.0
1773080249.2609415,108.65985045769827,-0.013655110587778305,-7.5870838842176775,0.23497982029707143,-1.3594895356873844,9.77470077157926,-0.012717925123847559,0.01074727077084939,-0.10581058590215622,4.965595763203611,24.526434386523746,-76.0
1773080249.280045,108.65985045769827,-0.013655110587778305,-7.5870838842176775,0.23497982029707143,-1.3594895356873844,9.77470077157926,-0.012717925123847559,0.01074727077084939,-0.10581058590215622,4.965595763203611,24.526434386523746,-76.0
1773080249.3045669,108.48285811602192,-0.03530370119938132,-7.587117543980709,0.2333501309968314,-1.213935458171397,9.71291630024319,-0.00894243094256103,0.006246927920322924,-0.11017390903214205,5.433925231417826,23.101419471092264,-76.75
1773080249.3213367,108.28648348432175,0.011152235507764292,-7.587346379378069,0.2803084321738622,-1.2632537572160039,9.671799424746801,0.010479510418778752,0.031001620567647027,-0.1308996938995747,5.433925231417826,23.101419471092264,-76.75
1773080249.3345325,108.28648348432175,0.011152235507764292,-7.587346379378069,0.2803084321738622,-1.2632537572160039,9.671799424746801,0.010479510418778752,0.031001620567647027,-0.1308996938995747,5.433925231417826,23.101419471092264,-76.75
1773080249.3583572,108.14206634493738,0.021405938255617395,-7.577168351454308,0.2988470995106759,-1.3002521726740408,9.677887720482744,0.0021745460077198134,0.024827511095438976,-0.12326387842209953,5.433925231417826,23.101419471092264,-76.75
1773080249.390937,107.77854439854151,0.04686288251713761,-7.587524986967035,0.31939469490919037,-1.3412598922369376,9.667910211046754,-0.018566019485493076,0.014566456021004839,-0.0916297857297023,4.843506768452849,23.69684456175445,-76.375
1773080249.419646,107.77854439854151,0.04686288251713761,-7.587524986967035,0.31939469490919037,-1.3412598922369376,9.667910211046754,-0.018566019485493076,0.014566456021004839,-0.0916297857297023,4.843506768452849,23.69684456175445,-76.375
1773080249.4401042,107.58742856158047,0.08878919904928874,-7.57301990805808,0.25216906039009523,-1.2809831050427087,9.658573933674129,-0.004811794271466023,0.004159764050340958,-0.1189005552921137,4.843506768452849,23.69684456175445,-76.375
1773080249.463883,107.29923839107687,0.09914288480959045,-7.612802938471902,0.23563021054328862,-1.3266725898816438,9.665741192204976,0.0027683214703529803,0.002058036490736017,-0.14180800172453928,4.20821978415661,23.027536749470904,-78.0
1773080249.479978,107.19100864986635,0.08694181326323595,-7.617724632490783,0.25322479518158447,-1.3476787453349315,9.670510922693731,-0.012421037392530974,-0.0006374665315020894,-0.08835729338221293,4.20821978415661,23.027536749470904,-78.0
1773080249.4961977,107.19100864986635,0.08694181326323595,-7.617724632490783,0.25322479518158447,-1.3476787453349315,9.670510922693731,-0.012421037392530974,-0.0006374665315020894,-0.08835729338221293,4.20821978415661,23.027536749470904,-78.0
1773080249.509512,107.08179815883916,0.08967875149497931,-7.607964526335065,0.290356909789793,-1.353302830404264,9.673685125052618,0.0100515494808554,0.011341046233482555,-0.09817477042468103,4.20821978415661,23.027536749470904,-78.0
1773080249.5219738,107.08179815883916,0.08967875149497931,-7.607964526335065,0.290356909789793,-1.353302830404264,9.673685125052618,0.0100515494808554,0.011341046233482555,-0.09817477042468103,4.20821978415661,23.027536749470904,-78.0
1773080249.5395527,106.97878211285617,0.07291952388660107,-7.608195648260771,0.25726810486138807,-1.2668863020046885,9.675797521264293,-0.008261273342190017,0.004174327739963932,-0.08944812416470939,4.607673158446671,24.014070834927804,-77.0625
1773080249.5606494,106.78693807497525,0.0502522694342218,-7.608367704893747,0.19711320219398792,-1.2219099827866933,9.724034861248622,-0.002087163869981966,-0.004130636671095009,-0.12980886311707826,4.607673158446671,24.014070834927804,-77.0625
1773080249.5792286,106.66430032957932,0.03218339683945575,-7.607852308927805,0.1811022070438847,-1.26507020060848,9.756136272161799,0.0027537577807300057,-0.0013914425799879775,-0.10471975511965978,4.607673158446671,24.014070834927804,-77.0625
1773080249.6042204,106.66430032957932,0.03218339683945575,-7.607852308927805,0.1811022070438847,-1.26507020060848,9.756136272161799,0.0027537577807300057,-0.0013914425799879775,-0.10471975511965978,4.607673158446671,24.014070834927804,-77.0625
1773080249.6223638,106.42309646022912,0.006540724099978125,-7.5881110207399765,0.23082696693107735,-1.2739490612022457,9.727322726918471,0.009355828190861412,0.009964167343117551,-0.11344640137963143,4.861351620396038,23.242187755735753,-78.25
1773080249.6380925,106.32441491628035,-3.4149825070302345e-06,-7.588009930701405,0.26391823917404067,-1.2798578437440251,9.708147634427426,-0.002398615290921524,0.003804621560532476,-0.0818123086872342,4.861351620396038,23.242187755735753,-78.25
1773080249.6599984,106.1967873872318,-0.018377891510744055,-7.587689799051441,0.23762930633369678,-1.2010756273028387,9.695386824574454,0.004500342850526464,0.0037754941812865265,-0.11999138607461016,4.861351620396038,23.242187755735753,-78.25
1773080249.6873512,106.1967873872318,-0.018377891510744055,-7.587689799051441,0.23762930633369678,-1.2010756273028387,9.695386824574454,0.004500342850526464,0.0037754941812865265,-0.11999138607461016,4.861351620396038,23.242187755735753,-78.25
1773080249.7194943,105.88026435567612,-0.030457848530629467,-7.6374058400058855,0.2670880861947862,-1.3022300423624544,9.660133754506331,-0.018979416733793456,-0.0016446392424356367,-0.10581058590215622,5.418583693323242,24.148998053924547,-79.875
1773080249.742566,105.88026435567612,-0.030457848530629467,-7.6374058400058855,0.2670880861947862,-1.3022300423624544,9.660133754506331,-0.018979416733793456,-0.0016446392424356367,-0.10581058590215622,5.418583693323242,24.148998053924547,-79.875
1773080249.7660432,105.58203948250316,-0.02018156110851752,-7.618475930172129,0.21644916883381948,-1.2200970533244548,9.636673230178593,0.004188891429586907,0.01171075241291401,-0.12762720155208535,5.418583693323242,24.148998053924547,-79.875
1773080249.781721,105.58203948250316,-0.02018156110851752,-7.618475930172129,0.21644916883381948,-1.2200970533244548,9.636673230178593,0.004188891429586907,0.01171075241291401,-0.12762720155208535,5.418583693323242,24.148998053924547,-79.875
1773080249.801474,105.38824296159812,-0.013749698673398647,-7.6386725384301375,0.2916360961657384,-1.4324704961222154,9.657856742090225,-0.03060278700896962,0.023241126611495237,-0.11453723216212788,5.837550795455563,25.076156517905137,-79.0625
1773080249.8148723,105.18387065236483,0.002596363284025743,-7.629534229946486,0.25820871032606024,-1.2984153436896804,9.695369914583317,-0.01304394023441009,0.01523304993175288,-0.11017390903214205,5.837550795455563,25.076156517905137,-79.0625
1773080249.8294535,105.0590995006808,0.014095971688884613,-7.630180800737525,0.3257823833131335,-1.482501624304971,9.720334511827875,-0.007507297293704129,0.019349122913224912,-0.10035643198967395,5.837550795455563,25.076156517905137,-79.0625
1773080249.8464408,105.0590995006808,0.014095971688884613,-7.630180800737525,0.3257823833131335,-1.482501624304971,9.720334511827875,-0.007507297293704129,0.019349122913224912,-0.10035643198967395,5.837550795455563,25.076156517905137,-79.0625
1773080249.864275,104.81821261461556,-0.016392883602542714,-7.614830965847962,0.2523763391338081,-1.330532109188252,9.743638395835944,0.006246927920322924,0.00894243094256103,-0.15271630954950383,6.305880263669777,23.651141602473654,-78.6875
1773080249.8839164,104.68999162505955,-0.025228114647711596,-7.624416121269558,0.262012373846601,-1.40735990001947,9.782562652273109,0.0024423063597904483,0.006543815651639507,-0.11126473981463851,6.305880263669777,23.651141602473654,-78.6875
1773080249.898484,104.68999162505955,-0.025228114647711596,-7.624416121269558,0.262012373846601,-1.40735990001947,9.782562652273109,0.0024423063597904483,0.006543815651639507,-0.11126473981463851,6.305880263669777,23.651141602473654,-78.6875
1773080249.9220502,104.57196792089954,-0.04300270884446413,-7.624486292901351,0.2934290013373784,-1.298861682053082,9.808466310119607,-0.005492951871837037,0.006232364230699949,-0.10035643198967395,6.305880263669777,23.651141602473654,-78.6875
1773080249.9389362,104.46248661523897,-0.03559598406791343,-7.6296236054959286,0.3592460284132729,-1.3633065735334446,9.68521021334622,-0.020667747045098016,0.006986340279185837,-0.07744898555724837,5.6382413272853,24.68170977131228,-79.875
1773080249.9552443,104.3390254395315,-0.04382862641315549,-7.629637497532111,0.26280023074611625,-1.300876973124654,9.603184657804348,0.004544033919395389,0.014123931393458508,-0.1189005552921137,5.6382413272853,24.68170977131228,-79.875
1773080249.972478,104.3390254395315,-0.04382862641315549,-7.629637497532111,0.26280023074611625,-1.300876973124654,9.603184657804348,0.004544033919395389,0.014123931393458508,-0.1189005552921137,5.6382413272853,24.68170977131228,-79.875
1773080249.9869273,104.22574095711772,-0.05616493494941357,-7.624558502527487,0.2665032532057038,-1.4658935814279006,9.695782481998778,-0.0010217364005565212,0.0031089002705384874,-0.09053895494720585,5.6382413272853,24.68170977131228,-79.875
1773080250.0002058,104.09783391432792,-0.06946161167702175,-7.619082662760973,0.21265877657579962,-1.3829481086461561,9.764095523029338,0.006971776589562862,0.01721826797437402,-0.12544553998709243,6.960680975808276,24.26107379328089,-80.375
1773080250.0133307,104.09783391432792,-0.06946161167702175,-7.619082662760973,0.21265877657579962,-1.3829481086461561,9.764095523029338,0.006971776589562862,0.01721826797437402,-0.12544553998709243,6.960680975808276,24.26107379328089,-80.375
1773080250.0273528,103.96991578389046,-0.0878893948761107,-7.618983425217576,0.23720577716586466,-1.3079050408361375,9.809557088728507,-0.002058036490736017,0.0027683214703529803,-0.11344640137963143,6.960680975808276,24.26107379328089,-80.375
1773080250.057586,103.74104679512195,-0.07817254117649289,-7.614904740531247,0.2535415318505895,-1.2579647174945645,9.756183460179354,-0.007195845872764572,0.011413864681597429,-0.11344640137963143,5.891919789234666,23.90982669212023,-79.875
1773080250.0826645,103.56667643716366,-0.06561264066694512,-7.630437977803128,0.22501040885356152,-1.286975404616117,9.703938348065794,-0.014109367703835534,0.007993512990119382,-0.10035643198967395,5.891919789234666,23.90982669212023,-79.875
1773080250.1111076,103.56667643716366,-0.06561264066694512,-7.630437977803128,0.22501040885356152,-1.286975404616117,9.703938348065794,-0.014109367703835534,0.007993512990119382,-0.10035643198967395,5.891919789234666,23.90982669212023,-79.875
1773080250.1293702,103.36974133675419,-0.08906842806409969,-7.63987431535657,0.2060232652125663,-1.306281692824901,9.685895368106959,-0.0020289091114900674,0.009667279611800968,-0.1189005552921137,5.886913161537456,22.723983138493065,-80.25
1773080250.1488512,103.25426447611741,-0.06834757599000878,-7.670643085453422,0.2470543678721599,-1.3859994708678738,9.683923301619604,-0.011341046233482555,0.0100515494808554,-0.10690141668465268,5.886913161537456,22.723983138493065,-80.25
1773080250.167962,103.1097292736125,-0.05778944340844232,-7.661477950593957,0.2578281973251301,-1.3458922205188546,9.682610913401696,0.00039883355867740617,0.012761616192716482,-0.11999138607461016,5.886913161537456,22.723983138493065,-80.25
1773080250.184175,102.9665159838402,-0.06692590873798175,-7.651440210660719,0.2597760125178343,-1.3033118465165425,9.718533762483528,-0.004427524402411591,0.013471901172333446,-0.07963064712224129,5.535666060376795,23.792744325066675,-80.6875
1773080250.2128448,102.81713785608291,-0.061365792729359846,-7.637454451569087,0.25480580422203347,-1.2559077469650897,9.759165575799566,-0.004116072981472034,0.005536642940705961,-0.136353847812057,5.535666060376795,23.792744325066675,-80.6875
1773080250.2287111,102.81713785608291,-0.061365792729359846,-7.637454451569087,0.25480580422203347,-1.2559077469650897,9.759165575799566,-0.004116072981472034,0.005536642940705961,-0.136353847812057,5.535666060376795,23.792744325066675,-80.6875
1773080250.2436392,102.64915260335674,-0.07353847624308664,-7.657196788123107,0.23869730736320832,-1.249694642106969,9.786205593674294,-0.017573410464182503,0.004558597609018364,-0.09708393964218458,5.535666060376795,23.792744325066675,-80.6875
1773080250.2610915,102.4366305365504,-0.08255714484481479,-7.651996747069169,0.22171082509933637,-1.2264925539219602,9.757368859610665,0.00661663409975438,0.014805088993829523,-0.13744467859455345,5.535666060376795,23.792744325066675,-82.25
1773080250.2864435,102.34204647325737,-0.07847649663843924,-7.642585689935096,0.21989551844713437,-1.2184966723898987,9.738178335218745,-0.005108682002782605,0.015544501352692435,-0.07417649320975901,5.535666060376795,23.792744325066675,-82.25
1773080250.2995443,102.34204647325737,-0.07847649663843924,-7.642585689935096,0.21989551844713437,-1.2184966723898987,9.738178335218745,-0.005108682002782605,0.015544501352692435,-0.07417649320975901,5.535666060376795,23.792744325066675,-82.25
1773080250.319086,102.20320265636511,-0.0825434672805911,-7.637996612711319,0.20928776582636177,-1.1845744980898736,9.725407255608127,0.010761834460472363,0.01616740419457155,-0.13744467859455345,5.535666060376795,23.792744325066675,-82.25
1773080250.3358717,102.07054988267652,-0.10129568967225631,-7.637227982640663,0.21480600066011118,-1.189556264897673,9.726943579911525,-0.001362315200742028,0.004145200360717983,-0.10799224746714914,7.056580739120502,23.568914501356943,-80.6875
1773080250.3599207,101.87832852769702,-0.12512044237019346,-7.656502534477213,0.24667738326535782,-1.2786745884391444,9.691169757793057,-0.003420351691478045,0.0069135218310709635,-0.13308135546456762,7.056580739120502,23.568914501356943,-80.6875
1773080250.3754294,101.75553750047364,-0.14323239306914945,-7.655680499877793,0.26788743236247786,-1.3379818372390904,9.63725667342712,-0.01171075241291401,0.004188891429586907,-0.09817477042468103,7.056580739120502,23.568914501356943,-80.6875
1773080250.3912642,101.75553750047364,-0.14323239306914945,-7.655680499877793,0.26788743236247786,-1.3379818372390904,9.63725667342712,-0.01171075241291401,0.004188891429586907,-0.09817477042468103,7.056580739120502,23.568914501356943,-80.6875
1773080250.4050019,101.66099256240206,-0.13966041860413317,-7.656096826638312,0.2692909255669328,-1.3816277871754257,9.6013781180302,-0.014775961614583574,0.013515592241202369,-0.0916297857297023,8.260269144690854,23.109251067641033,-82.375
1773080250.4247258,101.52045955265675,-0.1187990588119789,-7.647917208662592,0.22204811158353996,-1.2962250008492353,9.597572010447191,0.006261491609945898,0.012391910013285025,-0.1265363707695889,8.260269144690854,23.109251067641033,-82.375
1773080250.442232,101.52045955265675,-0.1187990588119789,-7.647917208662592,0.22204811158353996,-1.2962250008492353,9.597572010447191,0.006261491609945898,0.012391910013285025,-0.1265363707695889,8.260269144690854,23.109251067641033,-82.375
1773080250.4635549,101.28307428808175,-0.12941437997640182,-7.642747292370239,0.24160597414807602,-1.4374192913791979,9.705427774709246,-0.014479073883266991,0.00213085493885089,-0.10690141668465268,8.260269144690854,23.109251067641033,-82.375
1773080250.4884732,101.07363759162425,-0.11371854367372684,-7.644147428096353,0.24122283096360655,-1.447757641506058,9.777204580997813,-0.011696188723291036,0.0076383705003109014,-0.08072147790473774,7.509568669240132,23.191478168757744,-84.375
1773080250.51378,101.07363759162425,-0.11371854367372684,-7.644147428096353,0.24122283096360655,-1.447757641506058,9.777204580997813,-0.011696188723291036,0.0076383705003109014,-0.08072147790473774,7.509568669240132,23.191478168757744,-84.375
1773080250.530821,100.93968667324027,-0.12204712068171016,-7.634588791474978,0.24414574283880827,-1.453593288437208,9.72796300427113,0.01074727077084939,0.012717925123847557,-0.12217304763960307,7.509568669240132,23.191478168757744,-84.375
1773080250.5521479,100.83565167962115,-0.12435828634191302,-7.639604047227407,0.24926879742516642,-1.4564324366901036,9.695193285023977,-0.005492951871837037,0.006232364230699949,-0.08944812416470939,7.509568669240132,23.191478168757744,-84.375
1773080250.5723693,100.63516466367062,-0.0942087314530929,-7.6568736087263085,0.240279199759463,-1.3884529522890252,9.673385402926746,-0.00789156716275856,0.010036985791232425,-0.12326387842209953,7.509568669240132,23.191478168757744,-83.0625
1773080250.5866437,100.63516466367062,-0.0942087314530929,-7.6568736087263085,0.240279199759463,-1.3884529522890252,9.673385402926746,-0.00789156716275856,0.010036985791232425,-0.12326387842209953,7.509568669240132,23.191478168757744,-83.0625
1773080250.606646,100.46185472700532,-0.10580925454081676,-7.656940347697328,0.25400652333733986,-1.435327496340056,9.712394288318153,-0.00686983076220204,0.006928085520693938,-0.10144726277217041,7.509568669240132,23.191478168757744,-83.0625
1773080250.6239805,100.46185472700532,-0.10580925454081676,-7.656940347697328,0.25400652333733986,-1.435327496340056,9.712394288318153,-0.00686983076220204,0.006928085520693938,-0.10144726277217041,7.509568669240132,23.191478168757744,-83.0625
1773080250.6489236,100.18703985609443,-0.07865744145215549,-7.644739997964047,0.22463273078607593,-1.3172058413231247,9.721628707251735,-0.0009489179524416477,0.020356295624158458,-0.1265363707695889,7.349286656754385,22.67828017921227,-83.5
1773080250.6786275,99.92782698247363,-0.06774377758863397,-7.666462098822866,0.21984051608008834,-1.2513534175630712,9.727774109896817,-0.001659202932058611,0.015529937663069463,-0.13308135546456762,7.349286656754385,22.67828017921227,-83.5
1773080250.6986904,99.7991541455558,-0.07636547935868097,-7.666416389429723,0.22300712949475232,-1.205440545987854,9.691722466220641,-0.002695503022238107,0.015189358862883955,-0.10690141668465268,7.349286656754385,22.67828017921227,-83.5
1773080250.7131374,99.7991541455558,-0.07636547935868097,-7.666416389429723,0.22300712949475232,-1.205440545987854,9.691722466220641,-0.002695503022238107,0.015189358862883955,-0.10690141668465268,7.349286656754385,22.67828017921227,-83.5
1773080250.737013,99.5947626096397,-0.06731682693877085,-7.628367570463849,0.22815838290190488,-1.2055758664778904,9.647659829833476,0.013204140820262809,0.022711219846211057,-0.1308996938995747,7.294917662975284,23.844610004997172,-84.6875
1773080250.7551317,99.49034830502366,-0.06363963343337267,-7.619018254182212,0.229453004707955,-1.2098882197281942,9.618336637529717,-0.0009634816420646216,0.016906816553434463,-0.09381144729469522,7.294917662975284,23.844610004997172,-84.6875
1773080250.785763,99.29202918202503,-0.07684797647031469,-7.619198590883525,0.22609226208219435,-1.2106245628509902,9.618893050857004,0.0034931701395929187,0.010333873522549008,-0.11999138607461016,7.294917662975284,23.844610004997172,-84.6875
1773080250.802133,99.11415354945123,-0.0886891111525789,-7.618798199540612,0.20583279869118468,-1.2205589379062198,9.619263337710768,-0.007580115741819003,0.002101727559604941,-0.10362892433716332,7.865822398098001,23.3085605358113,-85.5
1773080250.8212016,99.11415354945123,-0.0886891111525789,-7.618798199540612,0.20583279869118468,-1.2205589379062198,9.619263337710768,-0.007580115741819003,0.002101727559604941,-0.10362892433716332,7.865822398098001,23.3085605358113,-85.5
1773080250.839772,98.9660978139002,-0.10308721948425903,-7.613230357826079,0.2113283672034322,-1.2420598514727434,9.616164647768253,0.00556577031995191,0.011015031122920023,-0.1308996938995747,7.865822398098001,23.3085605358113,-85.5
1773080250.8547935,98.86125405439701,-0.10472576112213393,-7.609039864589878,0.2149856066588102,-1.2563684692703228,9.614102504226144,0.007652934189933876,0.015145667794015029,-0.08290313946973066,7.865822398098001,23.3085605358113,-85.5
1773080250.8690293,98.86125405439701,-0.10472576112213393,-7.609039864589878,0.2149856066588102,-1.2563684692703228,9.614102504226144,0.007652934189933876,0.015145667794015029,-0.08290313946973066,7.865822398098001,23.3085605358113,-85.5
1773080250.886928,98.67111711386121,-0.08073177248761572,-7.586764024717194,0.21115300111429858,-1.2468233582700199,9.652871511222356,0.005594897699197859,0.017913989264368012,-0.11999138607461016,7.80644677662169,23.28904680796904,-85.5
1773080250.9029582,98.54765637313314,-0.09963264557699186,-7.5959725028136615,0.19906877678400609,-1.2436044222992066,9.688707187422109,-0.01345733748271047,-0.0009780453316875974,-0.09817477042468103,7.80644677662169,23.28904680796904,-85.5
1773080250.9161239,98.54765637313314,-0.09963264557699186,-7.5959725028136615,0.19906877678400609,-1.2436044222992066,9.688707187422109,-0.01345733748271047,-0.0009780453316875974,-0.09817477042468103,7.80644677662169,23.28904680796904,-85.5
1773080250.9528525,98.42431230147604,-0.10781550499771174,-7.595494356892291,0.21813684924613394,-1.334665458109654,9.735971211573547,-0.009964167343117551,0.00935582819086141,-0.13199052468207118,7.80644677662169,23.28904680796904,-85.5
1773080250.977736,98.10977509900027,-0.10081994120859031,-7.617934179657605,0.2381373056047154,-1.4175107859144203,9.767424891672587,-0.01858058317511605,0.011116976950280844,-0.08617563181722002,8.713257074810485,22.731814735041837,-86.6875
1773080250.9967585,97.97518467865044,-0.0882616407497174,-7.599450911508242,0.2346028505988241,-1.4535314292082204,9.791702076125187,-0.0016737666216815855,0.012080458592345467,-0.11126473981463851,8.713257074810485,22.731814735041837,-86.6875
1773080251.016275,97.97518467865044,-0.0882616407497174,-7.599450911508242,0.2346028505988241,-1.4535314292082204,9.791702076125187,-0.0016737666216815855,0.012080458592345467,-0.11126473981463851,8.713257074810485,22.731814735041837,-86.6875
1773080251.0361938,97.80601727996985,-0.09501323541630569,-7.604978761972453,0.26498469249002554,-1.49139271390393,9.724230478501488,-0.011681625033668062,0.011087849571034897,-0.1265363707695889,8.713257074810485,22.731814735041837,-86.6875
1773080251.052006,97.59372162259632,-0.11451149975987095,-7.608937559962984,0.24251665746776999,-1.3545612779328307,9.732850671307157,-0.002724630401484056,0.008290400721435966,-0.136353847812057,8.45457198516391,22.317854260606723,-86.6875
1773080251.0649512,97.47700415762404,-0.08650087103183064,-7.652087119659356,0.3048507409038195,-1.4986653002526091,9.685065526008357,-0.01858058317511605,0.011116976950280844,-0.09053895494720585,8.45457198516391,22.317854260606723,-86.6875
1773080251.0798151,97.47700415762404,-0.08650087103183064,-7.652087119659356,0.3048507409038195,-1.4986653002526091,9.685065526008357,-0.01858058317511605,0.011116976950280844,-0.09053895494720585,8.45457198516391,22.317854260606723,-86.6875
1773080251.0928984,97.32230077794377,-0.08157470479548795,-7.64847677221358,0.27531352490223376,-1.3784684392146225,9.706786832924164,0.006276055299568872,0.01584138908400902,-0.13744467859455345,8.45457198516391,22.317854260606723,-86.6875
1773080251.1053736,97.20281493374702,-0.07969303969267641,-7.64923536181972,0.22792160029469308,-1.3533686575663355,9.748003013692292,-0.004427524402411591,0.013471901172333446,-0.11562806294462433,9.368057786948983,23.341746925849073,-87.5
1773080251.122036,97.20281493374702,-0.07969303969267641,-7.64923536181972,0.22792160029469308,-1.3533686575663355,9.748003013692292,-0.004427524402411591,0.013471901172333446,-0.11562806294462433,9.368057786948983,23.341746925849073,-87.5
1773080251.136481,97.06877674158454,-0.08865510212837338,-7.649263834994785,0.19220516550551114,-1.3239534757244273,9.775431921578575,-0.002058036490736017,0.0027683214703529803,-0.12762720155208535,9.368057786948983,23.341746925849073,-87.5
1773080251.1526482,96.92360081448653,-0.07863021038648227,-7.651135104050525,0.20439280934214274,-1.3066454624222807,9.773614883132002,-0.0009780453316875972,0.01345733748271047,-0.12435470920459599,9.368057786948983,23.341746925849073,-87.5
1773080251.1661496,96.92360081448653,-0.07863021038648227,-7.651135104050525,0.20439280934214274,-1.3066454624222807,9.773614883132002,-0.0009780453316875972,0.01345733748271047,-0.12435470920459599,9.368057786948983,23.341746925849073,-87.5
1773080251.1843433,96.74779111167514,-0.05290657820715018,-7.674423307192731,0.2146816905741222,-1.280326796192299,9.742299658977583,-0.011000467433297047,0.009015249390675904,-0.10362892433716332,9.23146169205317,23.757376276183255,-88.0
1773080251.2017365,96.62195826584107,-0.03719042498645065,-7.681915328061237,0.24868347547444147,-1.3454371418113977,9.721459727116791,-0.008261273342190017,0.004174327739963932,-0.10799224746714914,9.23146169205317,23.757376276183255,-88.0
1773080251.2203782,96.62195826584107,-0.03719042498645065,-7.681915328061237,0.24868347547444147,-1.3454371418113977,9.721459727116791,-0.008261273342190017,0.004174327739963932,-0.10799224746714914,9.23146169205317,23.757376276183255,-88.0
1773080251.243027,96.42389179738076,-0.054910267884689196,-7.6763963188664235,0.2357120361743808,-1.3018752659080264,9.647378974528978,-0.011696188723291036,0.0076383705003109014,-0.12544553998709243,9.23146169205317,23.757376276183255,-88.0
1773080251.2601662,96.2153519874857,-0.06345329465257891,-7.671770096377154,0.24274583209072198,-1.320553664879517,9.628185066583892,-0.005478388182214061,0.009681843301423944,-0.12435470920459599,10.992382170550728,24.20452314065614,-88.0
1773080251.277912,96.07543664591935,-0.06633908423819648,-7.657830532960132,0.22867203266679034,-1.2652038440783147,9.615411735256437,0.011428428371220404,0.010645324943488566,-0.12435470920459599,10.992382170550728,24.20452314065614,-88.0
1773080251.3114321,96.07543664591935,-0.06633908423819648,-7.657830532960132,0.22867203266679034,-1.2652038440783147,9.615411735256437,0.011428428371220404,0.010645324943488566,-0.12435470920459599,10.992382170550728,24.20452314065614,-88.0
1773080251.332599,95.81239672653008,-0.0784786376612701,-7.653058821255937,0.24123867778288893,-1.2951048337071296,9.667123236677226,-0.010319309832926032,0.006942649210316913,-0.1189005552921137,10.39695707988854,23.614104677691163,-88.6875
1773080251.3514285,95.59742180781323,-0.07203054932018056,-7.690034551367664,0.27380170277164506,-1.345782753153057,9.70153666321744,-0.00686983076220204,0.006928085520693938,-0.12762720155208535,10.39695707988854,23.614104677691163,-88.6875
1773080251.3657556,95.59742180781323,-0.07203054932018056,-7.690034551367664,0.27380170277164506,-1.345782753153057,9.70153666321744,-0.00686983076220204,0.006928085520693938,-0.12762720155208535,10.39695707988854,23.614104677691163,-88.6875
1773080251.3806484,95.4531162109236,-0.0751525551726731,-7.675701275374148,0.3017384896968631,-1.3985756787417267,9.704367743912872,0.006631197789377355,0.018254568064553518,-0.14180800172453928,10.39695707988854,23.614104677691163,-88.6875
1773080251.3942852,95.31943639466446,-0.08960114029414624,-7.67994855781625,0.31406365177321366,-1.4146414446785083,9.636004450636733,0.0017902761386653834,0.015515373973446487,-0.1090830782496456,10.6938351872701,23.711673316902456,-89.0625
1773080251.4066656,95.31943639466446,-0.08960114029414624,-7.67994855781625,0.31406365177321366,-1.4146414446785083,9.636004450636733,0.0017902761386653834,0.015515373973446487,-0.1090830782496456,10.6938351872701,23.711673316902456,-89.0625
1773080251.4217718,95.2134088674134,-0.07589986807387225,-7.672491857132777,0.31377665089185147,-1.43164415060156,9.590509442629486,-0.004753539512974124,0.017957680333236935,-0.10253809355466686,10.6938351872701,23.711673316902456,-89.0625
1773080251.4397726,95.0589269269309,-0.07414088554841056,-7.65372274221726,0.2674976511610783,-1.3348663617780192,9.684002156184018,0.00039883355867740617,0.012761616192716482,-0.1407171709420428,10.6938351872701,23.711673316902456,-89.0625
1773080251.4557753,95.0589269269309,-0.07414088554841056,-7.65372274221726,0.2674976511610783,-1.3348663617780192,9.684002156184018,0.00039883355867740617,0.012761616192716482,-0.1407171709420428,10.6938351872701,23.711673316902456,-89.0625
1773080251.4836533,94.87460085862018,-0.08442383033073099,-7.678905451893879,0.2732538295073565,-1.381687952851363,9.746220512672519,-0.011384737302351478,-0.0002968877313165827,-0.09708393964218458,10.576752820216546,24.067927045760328,-90.6875
1773080251.5016706,94.67655154923715,-0.10205101705271542,-7.673035311847618,0.2683272796712015,-1.4826267833063183,9.780935910476394,-0.010645324943488566,0.011428428371220403,-0.11344640137963143,10.576752820216546,24.067927045760328,-90.6875
1773080251.5152192,94.49787277369917,-0.04986472800253768,-7.72056898549015,0.28093816271078986,-1.5445783994567868,9.80403861991847,0.010761834460472363,0.01616740419457155,-0.12326387842209953,10.576752820216546,24.067927045760328,-90.6875
1773080251.5321188,94.49787277369917,-0.04986472800253768,-7.72056898549015,0.28093816271078986,-1.5445783994567868,9.80403861991847,0.010761834460472363,0.01616740419457155,-0.12326387842209953,10.576752820216546,24.067927045760328,-90.6875
1773080251.5626056,94.22884686488852,-0.05385868932257346,-7.726946278469307,0.2767976494047938,-1.54767183534631,9.795997433026763,-0.008913303563315081,0.013145886061770914,-0.1090830782496456,11.093288561560161,24.69820740235936,-92.0
1773080251.5827472,94.07905706335134,-0.057229064272933006,-7.712885964857659,0.2239105236680247,-1.3971917919199774,9.82075211834215,0.00038426986905443125,0.009312137121992487,-0.136353847812057,11.093288561560161,24.69820740235936,-92.0
1773080251.6019208,94.07905706335134,-0.057229064272933006,-7.712885964857659,0.2239105236680247,-1.3971917919199774,9.82075211834215,0.00038426986905443125,0.009312137121992487,-0.136353847812057,11.093288561560161,24.69820740235936,-92.0
1773080251.623512,93.89340373728159,-0.04823818545704494,-7.740462252981378,0.21731573673839696,-1.2876493176699444,9.80712007952571,7.281844811487372e-05,0.01724739535361997,-0.10690141668465268,11.093288561560161,24.69820740235936,-92.0
1773080251.6403868,93.69599647353047,-0.011169835548802414,-7.736828316224419,0.2223266660273629,-1.2433510291864507,9.741181210948792,-0.007877003473135585,0.01348646486195642,-0.12544553998709243,11.546276491679793,24.32077106976016,-92.25
1773080251.6584733,93.69599647353047,-0.011169835548802414,-7.736828316224419,0.2223266660273629,-1.2433510291864507,9.741181210948792,-0.007877003473135585,0.01348646486195642,-0.12544553998709243,11.546276491679793,24.32077106976016,-92.25
1773080251.6850748,93.4011509741941,-0.005890712950308249,-7.734864336156253,0.22566138349342185,-1.2138710130449915,9.683919183667001,0.013841607351764899,0.010290182453680083,-0.13526301702956053,11.546276491679793,24.32077106976016,-92.25
1773080251.7069416,93.28632903960357,-0.008095077341851008,-7.730603019553676,0.2437700476382312,-1.1890303436595215,9.609015715389212,-0.008913303563315081,0.013145886061770914,-0.10690141668465268,12.103508564606999,25.227581367948954,-91.375
1773080251.7239017,93.28632903960357,-0.008095077341851008,-7.730603019553676,0.2437700476382312,-1.1890303436595215,9.609015715389212,-0.008913303563315081,0.013145886061770914,-0.10690141668465268,12.103508564606999,25.227581367948954,-91.375
1773080251.7467222,93.12026143467912,0.0016405502936982404,-7.723606070712741,0.26522084766160503,-1.2011001601322375,9.55916829397691,-0.004797230581843048,0.007609243121064952,-0.09926560120717749,12.103508564606999,25.227581367948954,-91.375
1773080251.7736256,93.00354009877988,0.027500020185067725,-7.73304184661981,0.2846288421917815,-1.2461780905780608,9.515960056737246,-0.009268446053123562,0.010732707081226416,-0.11235557059713497,12.103508564606999,25.227581367948954,-91.375
1773080251.7881632,92.80179273542852,0.04626012429069634,-7.7525821340631875,0.24669841559848735,-1.2928875031976765,9.594249032156107,-0.0033912243122320956,0.013812479972518953,-0.10581058590215622,12.674413299729716,24.691531898763078,-92.5625
1773080251.8023126,92.68543776553226,0.06650834103353123,-7.766358103300075,0.22781191918023064,-1.3218832763350288,9.586137460020451,-0.014094804014212559,0.011442992060843378,-0.11344640137963143,12.674413299729716,24.691531898763078,-92.5625
1773080251.8152006,92.68543776553226,0.06650834103353123,-7.766358103300075,0.22781191918023064,-1.3218832763350288,9.586137460020451,-0.014094804014212559,0.011442992060843378,-0.11344640137963143,12.674413299729716,24.691531898763078,-92.5625
1773080251.8353856,92.58068253670643,0.06074459716273057,-7.756681929188161,0.21002111883318275,-1.3252901925315457,9.6376061984008,0.006971776589562862,0.01721826797437402,-0.08399397025222712,12.674413299729716,24.691531898763078,-92.5625
1773080251.8653982,92.38468857894358,0.07691561152320892,-7.760719693465413,0.1825153960684237,-1.279889116435434,9.651787398605526,-0.005463824492591088,0.013131322372147938,-0.09817477042468103,12.811009394625529,24.275902548428895,-92.25
1773080251.9286547,92.17801533918265,0.08537315767053326,-7.779362738522897,0.18327798113439073,-1.2434087499086985,9.681295499171302,-0.008956994632184006,0.0027974488495989295,-0.09817477042468103,12.811009394625529,24.275902548428895,-92.25
1773080251.9478211,91.99720088143961,0.10531390293234229,-7.763755066681655,0.19904967135303966,-1.362002513967596,9.710968145592702,-0.004412960712788617,0.01692138024305744,-0.07090400086226964,12.918591289231243,26.350711548301668,-93.0
1773080251.9629917,91.99720088143961,0.10531390293234229,-7.763755066681655,0.19904967135303966,-1.362002513967596,9.710968145592702,-0.004412960712788617,0.01692138024305744,-0.07090400086226964,12.918591289231243,26.350711548301668,-93.0
1773080251.980018,91.90658929478703,0.11879843495718324,-7.731553074563445,0.24768022762594363,-1.4283924240735963,9.777546524223435,0.002087163869981966,0.004130636671095009,-0.08835729338221293,12.918591289231243,26.350711548301668,-93.0
1773080251.9938323,91.76036783606482,0.12429564825993566,-7.764095997120077,0.22601920005055445,-1.4903291306779853,9.821853691472969,-0.008660106900867421,-0.00858728845275255,-0.08072147790473774,12.918591289231243,26.350711548301668,-93.0
1773080252.0063765,91.76036783606482,0.12429564825993566,-7.764095997120077,0.22601920005055445,-1.4903291306779853,9.821853691472969,-0.008660106900867421,-0.00858728845275255,-0.08072147790473774,12.918591289231243,26.350711548301668,-93.0
1773080252.0220542,91.6465940539043,0.10676272775046787,-7.762685291733805,0.22280735445993263,-1.3834988892285924,9.851339616334045,0.0013768788903650029,-0.0006957212899939887,-0.1090830782496456,14.615129518555278,25.592501131305127,-94.5625
1773080252.0363607,91.56968696441591,0.12392387281133987,-7.78123887393345,0.2342918923958899,-1.3431390411694384,9.834165941169214,0.003167155029030386,0.014819652683452499,-0.06544984694978735,14.615129518555278,25.592501131305127,-94.5625
1773080252.056132,91.4431159986948,0.1503633678733235,-7.781298932732166,0.23149062818820124,-1.284501119290351,9.735764147799237,0.004558597609018363,0.017573410464182503,-0.12217304763960307,14.615129518555278,25.592501131305127,-94.5625
1773080252.073334,91.4431159986948,0.1503633678733235,-7.781298932732166,0.23149062818820124,-1.284501119290351,9.735764147799237,0.004558597609018363,0.017573410464182503,-0.12217304763960307,14.615129518555278,25.592501131305127,-94.5625
1773080252.0967681,91.24411888149847,0.12848527241456537,-7.7703584325802115,0.2273589565256239,-1.2814347695184385,9.670278853531574,-0.002384051601298549,0.00725410063125647,-0.08617563181722002,14.67784289182973,26.402577228232165,-95.875
1773080252.1118498,91.24411888149847,0.12848527241456537,-7.7703584325802115,0.2273589565256239,-1.2814347695184385,9.670278853531574,-0.002384051601298549,0.00725410063125647,-0.08617563181722002,14.67784289182973,26.402577228232165,-95.875
1773080252.1307616,91.09961227236579,0.10887046471938006,-7.769266477707625,0.18674266623704455,-1.228458596626051,9.663495350495626,0.003138027649784436,0.00792069454200451,-0.12762720155208535,14.67784289182973,26.402577228232165,-95.875
1773080252.1633332,90.85339117005456,0.12155168526862452,-7.773806948689903,0.19944520384496991,-1.30338526421413,9.672361451831174,-0.003036081822423613,0.016225658953063448,-0.10581058590215622,15.034096620687599,26.519659595285717,1952.125
1773080252.188844,90.61684160332328,0.13638596528688446,-7.768740250740902,0.21938710623111257,-1.3882049077375183,9.67826174322914,-0.0009489179524416477,0.020356295624158458,-0.0818123086872342,15.034096620687599,26.519659595285717,1952.125
1773080252.2253745,90.51199481260723,0.13231273495645998,-7.749274365751337,0.23583610888792106,-1.443607023413495,9.682188321243911,0.0027974488495989295,0.008956994632184006,-0.09599310885968812,15.034096620687599,26.519659595285717,1952.125
1773080252.2431943,90.51199481260723,0.13231273495645998,-7.749274365751337,0.23583610888792106,-1.443607023413495,9.682188321243911,0.0027974488495989295,0.008956994632184006,-0.09599310885968812,15.034096620687599,26.519659595285717,1952.125
1773080252.2634382,90.33163219105411,0.12422623256151956,-7.755236358738011,0.2279833637645554,-1.4232745035930994,9.694836750171952,-0.0010363000901794958,-0.000340578800185507,-0.0818123086872342,15.726255912611547,26.61555935859794,-96.25
1773080252.28765,90.25144697044159,0.12858112149030324,-7.756688389449444,0.20369011329900796,-1.416009896329779,9.703254138331353,-0.010703579701980465,-0.0023694879116755744,-0.061086523819801536,15.726255912611547,26.61555935859794,-96.25
1773080252.30451,90.25144697044159,0.12858112149030324,-7.756688389449444,0.20369011329900796,-1.416009896329779,9.703254138331353,-0.010703579701980465,-0.0023694879116755744,-0.061086523819801536,15.726255912611547,26.61555935859794,-96.25
1773080252.3218634,90.03648214901258,0.11400855975978759,-7.756972287289676,0.187523226487575,-1.4111753813470194,9.715546039537687,0.009000685701052929,0.007550988362573053,-0.11453723216212788,17.26501544329844,25.93707272886951,-97.0625
1773080252.3356848,89.93078508761954,0.12230982995033911,-7.75443088777722,0.20427627816901103,-1.4059585676693178,9.740451721017564,-0.00922475498425464,0.0210811442933984,-0.08617563181722002,17.26501544329844,25.93707272886951,-97.0625
1773080252.3492281,89.81044909343929,0.11825628670552282,-7.760256838612392,0.18304854958769926,-1.3039722655236663,9.777096844071648,0.0038337489397784258,0.009297573432369513,-0.11671889372712078,17.26501544329844,25.93707272886951,-97.0625
1773080252.3707902,89.81044909343929,0.11825628670552282,-7.760256838612392,0.18304854958769926,-1.3039722655236663,9.777096844071648,0.0038337489397784258,0.009297573432369513,-0.11671889372712078,17.26501544329844,25.93707272886951,-97.0625
1773080252.3947284,89.66525152080762,0.10840956301901628,-7.760495806143651,0.20334258924977025,-1.3515499481398654,9.811519099233253,-0.0027537577807300057,0.0013914425799879775,-0.07744898555724837,15.605835793759852,26.181250718371036,-97.375
1773080252.4182727,89.55465278858807,0.10499859693553935,-7.766397421597696,0.18402474250950016,-1.3904785709723042,9.841116948936154,0.004116072981472034,-0.005536642940705961,-0.1189005552921137,15.605835793759852,26.181250718371036,-97.375
1773080252.4367447,89.35614031517458,0.07603990648283965,-7.7688147606791995,0.1722133408896754,-1.4195630239905583,9.86081398728379,-0.0014060062696109523,-0.006203236851454,-0.11999138607461016,15.605835793759852,26.181250718371036,-97.375
1773080252.4672146,89.22133485538944,0.05710954434206464,-7.767439294838653,0.1919095799226335,-1.4263408268730657,9.857196587737208,0.012109585971591418,0.008572724763129574,-0.12871803233458182,16.258967629999283,26.395901724635884,-98.5625
1773080252.4876497,89.04710556691303,0.04286497379342462,-7.751811019010163,0.2175501220737089,-1.4689860515920719,9.831373466796723,-0.004412960712788617,0.01692138024305744,-0.07635815477475191,16.258967629999283,26.395901724635884,-98.5625
1773080252.5036867,88.93497110348238,0.062190941524536296,-7.741473574795805,0.2064592180959823,-1.4009848811385677,9.814188468273993,-0.0034057880018550702,0.010363000901794957,-0.11017390903214205,16.258967629999283,26.395901724635884,-98.5625
1773080252.5228593,88.93497110348238,0.062190941524536296,-7.741473574795805,0.2064592180959823,-1.4009848811385677,9.814188468273993,-0.0034057880018550702,0.010363000901794957,-0.11017390903214205,16.258967629999283,26.395901724635884,-98.5625
1773080252.5591495,88.7694368251858,0.06410562794408586,-7.723560880535311,0.20825472866203504,-1.4372222550087272,9.802752043726128,-0.010007858411986474,-0.0009926090213105716,-0.09381144729469522,17.151270828043028,27.083888826812156,-98.6875
1773080252.581576,88.48858464708319,0.047487033665376724,-7.739237041281704,0.20131764720819872,-1.383024318721685,9.758345002162244,-0.006500124582770583,0.01279074357196243,-0.11126473981463851,17.151270828043028,27.083888826812156,-98.6875
1773080252.598133,-173.3870350284212,42.371178056767036,142.8924715943241,0.19974500454603145,-1.3776460211962387,9.728792612060635,-0.009210191294631664,0.024530623364122393,-0.08617563181722002,17.151270828043028,27.083888826812156,-98.6875
1773080252.6223671,-173.3870350284212,42.371178056767036,142.8924715943241,0.19974500454603145,-1.3776460211962387,9.728792612060635,-0.009210191294631664,0.024530623364122393,-0.08617563181722002,17.151270828043028,27.083888826812156,-98.6875
1773080252.6374574,88.12546877687323,0.06715377335922336,-7.716869547887633,0.18929874209989253,-1.3454658198122866,9.722506273399121,0.003551424898084817,0.024131789805444986,-0.12326387842209953,18.078429292023618,26.664921724679836,-97.5
1773080252.653058,87.97519799247377,0.04726061960563881,-7.715438842184811,0.14407821668927492,-1.3683174035980177,9.735048343779484,-0.004840921650711972,-0.0027391940911070307,-0.11344640137963143,18.078429292023618,26.664921724679836,-97.5
1773080252.670255,87.76156564119839,0.013341410912390519,-7.711781163329174,0.08996304157411722,-1.3104334214955478,9.74339495151351,0.01342821010346452,-0.005920912809760391,-0.1930770485018727,18.078429292023618,26.664921724679836,-97.5
1773080252.687572,87.76156564119839,0.013341410912390519,-7.711781163329174,0.08996304157411722,-1.3104334214955478,9.74339495151351,0.01342821010346452,-0.005920912809760391,-0.1930770485018727,18.078429292023618,26.664921724679836,-97.5
1773080252.7011194,87.60169306120301,-0.008959660848798533,-7.719806934603658,0.18330558898487592,-1.4512311174080672,9.72887885547887,-0.016595365132494908,-0.008898739873692108,-0.13308135546456762,17.886629765399167,28.04924030852773,-100.25
1773080252.714613,87.466202308881,-0.018101290932189186,-7.7198167720964745,0.2418716217633115,-1.3841257652598933,9.719218555723234,0.009044376769921854,0.017899425574745036,-0.11562806294462433,17.886629765399167,28.04924030852773,-100.25
1773080252.7340193,87.33937379762564,-0.01113678539706509,-7.717753718578638,0.28084666235190753,-1.3394679030211842,9.6994092873192,-0.006514688272393558,0.009341264501238436,-0.06872233929727672,17.886629765399167,28.04924030852773,-100.25
1773080252.776546,87.0344312857547,-0.04509059285084196,-7.735185328823128,0.2858066034362117,-1.2673469623623363,9.679536217065705,-0.008660106900867421,-0.00858728845275255,-0.10362892433716332,18.76025367355019,28.994243624451506,-98.5625
1773080252.805148,87.0344312857547,-0.04509059285084196,-7.735185328823128,0.2858066034362117,-1.2673469623623363,9.679536217065705,-0.008660106900867421,-0.00858728845275255,-0.10362892433716332,18.76025367355019,28.994243624451506,-98.5625
1773080252.8273277,86.8583237422093,-0.05699732418559969,-7.735249561631285,0.2732179418992619,-1.2245733299542552,9.666310910808743,0.013145886061770912,0.008913303563315081,-0.11235557059713497,18.76025367355019,28.994243624451506,-98.5625
1773080252.8502343,86.78350159495942,-0.07179745581899515,-7.733433136973959,0.2531731803244171,-1.2034634831492848,9.657509617231087,-0.00617410947220805,0.00830496441105894,-0.06217735460229799,18.76025367355019,28.994243624451506,-98.5625
1773080252.8669395,86.78350159495942,-0.07179745581899515,-7.733433136973959,0.2531731803244171,-1.2034634831492848,9.657509617231087,-0.00617410947220805,0.00830496441105894,-0.06217735460229799,18.76025367355019,28.994243624451506,-98.5625
1773080252.8880668,86.58891069715989,-0.09862618418263705,-7.725545507976645,0.23983361541101625,-1.1894151159130166,9.654997566379368,0.002087163869981966,0.004130636671095009,-0.1265363707695889,19.629705391953536,28.951043979019314,-99.375
1773080252.9043224,86.43860559726669,-0.11851157987521067,-7.723630831245039,0.2560221141659483,-1.2563354296752585,9.623219819233121,-0.005848094361645518,0.0038191852501554507,-0.08835729338221293,19.629705391953536,28.951043979019314,-99.375
1773080252.9180198,86.43860559726669,-0.11851157987521067,-7.723630831245039,0.2560221141659483,-1.2563354296752585,9.623219819233121,-0.005848094361645518,0.0038191852501554507,-0.08835729338221293,19.629705391953536,28.951043979019314,-99.375
1773080252.9324903,86.3184488315719,-0.12473821925963868,-7.713608616622896,0.2512632172113081,-1.2214675769336985,9.632178088853863,0.008689234280113372,0.015486246594200538,-0.10581058590215622,19.629705391953536,28.951043979019314,-99.375
1773080252.946245,86.3184488315719,-0.12473821925963868,-7.713608616622896,0.2512632172113081,-1.2214675769336985,9.632178088853863,0.008689234280113372,0.015486246594200538,-0.10581058590215622,19.629705391953536,28.951043979019314,-99.375
1773080252.9763682,86.1909530120347,-0.1080598595178136,-7.713379911490378,0.27316205464045373,-1.2745327556610597,9.684971281118509,1.4563689622974668e-05,0.0034494790707239945,-0.06872233929727672,19.67373947533526,30.018136289693853,-101.0625
1773080253.005052,85.9646490895708,-0.12522769454478486,-7.722902323483648,0.294778389800083,-1.395560731487166,9.73013989595399,-0.006572943030885456,-0.004456651781657541,-0.08726646259971647,19.67373947533526,30.018136289693853,-101.0625
1773080253.0266864,85.73741397306728,-0.12891156609426224,-7.714917546134437,0.2869185936871959,-1.4834143645677262,9.760199104560515,0.008660106900867421,0.00858728845275255,-0.11562806294462433,20.384578057151934,29.857019839258573,-101.0625
1773080253.056289,85.65225308037574,-0.13465150265629228,-7.714695207423238,0.29439954471165064,-1.5377023376281047,9.780203172104795,-0.0033912243122320956,0.013812479972518953,-0.07526732399225546,20.384578057151934,29.857019839258573,-101.0625
1773080253.0768619,85.45945725082356,-0.13014336126798554,-7.7029909061290205,0.2554681706040936,-1.4509371008601502,9.806896102424714,-0.0017028940009275351,0.0051815004508974786,-0.1265363707695889,20.384578057151934,29.857019839258573,-101.0625
1773080253.0949972,85.45945725082356,-0.13014336126798554,-7.7029909061290205,0.2554681706040936,-1.4509371008601502,9.806896102424714,-0.0017028940009275351,0.0051815004508974786,-0.1265363707695889,20.384578057151934,29.857019839258573,-101.0625
1773080253.112615,85.37407864390569,-0.13205443702072223,-7.7337267131771945,0.2755584586567663,-1.5224448601944724,9.824659949373052,-0.02278403829432593,-0.00404325453335716,-0.07635815477475191,20.4090984126914,30.983487771409425,-101.75
1773080253.1287792,85.24286165250446,-0.14677193670306263,-7.7376655715777805,0.25872976400474307,-1.4567175275981046,9.779614692057569,0.0010654274694254452,0.007239536941633496,-0.13526301702956053,20.4090984126914,30.983487771409425,-101.75
1773080253.145015,85.14207452970209,-0.15160649005652505,-7.727841132722057,0.2570641238560876,-1.409843493203623,9.749637576502609,-0.007862439783512611,0.016935943932680414,-0.06435901616729091,20.4090984126914,30.983487771409425,-101.75
1773080253.164308,85.14207452970209,-0.15160649005652505,-7.727841132722057,0.2570641238560876,-1.409843493203623,9.749637576502609,-0.007862439783512611,0.016935943932680414,-0.06435901616729091,20.4090984126914,30.983487771409425,-101.75
1773080253.1841013,84.9986830552014,-0.130165388368222,-7.724018688244444,0.25595565894357697,-1.3786493469313688,9.769829481454938,-0.001941526973752219,0.030364154036144935,-0.07090400086226964,20.169927050887086,30.510151675498,-100.5625
1773080253.2035923,84.87737251459419,-0.11877759876095177,-7.702398828620516,0.22388570018654502,-1.2625533095143378,9.806682750593591,-0.003746366802040577,0.011399300991974453,-0.08399397025222712,20.169927050887086,30.510151675498,-100.5625
1773080253.2236006,84.71131260544261,-0.1358188233772678,-7.70609981734253,0.30185173327662995,-1.466036029526741,9.831208189527375,-0.01104415850216597,-0.0013331878214960786,-0.06981317007977318,20.169927050887086,30.510151675498,-100.5625
1773080253.2451758,84.58032214453314,-0.15434856095499078,-7.704109194821493,0.2848062243321603,-1.3917108072686342,9.773937137609677,-0.00448577916090349,-0.0003260151105625323,-0.10471975511965978,22.50342114040643,30.8165302553274,-101.0
1773080253.2613027,84.58032214453314,-0.15434856095499078,-7.704109194821493,0.2848062243321603,-1.3917108072686342,9.773937137609677,-0.00448577916090349,-0.0003260151105625323,-0.10471975511965978,22.50342114040643,30.8165302553274,-101.0
1773080253.2806664,84.40710049796313,-0.12158702675695054,-7.732980495848076,0.332993975246656,-1.5233878970381525,9.735823892318018,0.0006957212899939887,0.0013768788903650029,-0.08944812416470939,22.50342114040643,30.8165302553274,-101.0
1773080253.2978377,84.26722168935233,-0.09578731809506817,-7.7104224189890775,0.2832858127902409,-1.4371887015745017,9.74391107040246,0.00661663409975438,0.014805088993829523,-0.11780972450961724,22.50342114040643,30.8165302553274,-101.0
1773080253.312328,84.26722168935233,-0.09578731809506817,-7.7104224189890775,0.2832858127902409,-1.4371887015745017,9.74391107040246,0.00661663409975438,0.014805088993829523,-0.11780972450961724,22.50342114040643,30.8165302553274,-101.0
1773080253.3277087,84.14598068069175,-0.08456067041681013,-7.714071074957295,0.2878043312401992,-1.4942281177426981,9.749292997077957,-0.0003260151105625323,0.00448577916090349,-0.10144726277217041,22.8053058754852,32.09994244816586,-102.5625
1773080253.3520384,83.89819216846753,-0.10126847643393937,-7.714035508703921,0.2756364776385356,-1.3681600160710274,9.762909944282399,-0.002058036490736017,0.0027683214703529803,-0.10253809355466686,22.8053058754852,32.09994244816586,-102.5625
1773080253.3789253,83.89819216846753,-0.10126847643393937,-7.714035508703921,0.2756364776385356,-1.3681600160710274,9.762909944282399,-0.002058036490736017,0.0027683214703529803,-0.10253809355466686,22.8053058754852,32.09994244816586,-102.5625
1773080253.4160616,83.6405022216541,-0.1148517942105677,-7.719646749737609,0.28842709881720624,-1.347820890371028,9.705069636389299,0.0017757124490424085,0.012065894902722493,-0.11453723216212788,22.907881142393705,32.98890789441147,-103.0625
1773080253.4335456,83.51496776690625,-0.12710197450527425,-7.713493754431645,0.27927347249920476,-1.2591051543949676,9.666577557605017,-0.005137809382028555,0.008645543211244448,-0.12326387842209953,22.907881142393705,32.98890789441147,-103.0625
1773080253.4493716,83.31184609264014,-0.14457506076177987,-7.707768630821168,0.27204810562501464,-1.2180440892276614,9.64096150915877,0.0007248486692399381,0.008275837031812991,-0.12326387842209953,22.907881142393705,32.98890789441147,-103.0625
1773080253.4802182,83.20118427184836,-0.14611223350387836,-7.703594978860278,0.26723970468287755,-1.1907184090409713,9.677436102384913,-0.007565552052196028,0.005551206630328935,-0.10035643198967395,23.801018778386986,33.87453558885893,-103.0625
1773080253.493192,83.0770603241267,-0.12328789231699494,-7.70045317141483,0.2640397675692433,-1.1725334741245772,9.73850576550952,0.002841139918467854,0.01930543184435599,-0.10799224746714914,23.801018778386986,33.87453558885893,-103.0625
1773080253.505659,82.98113126138286,-0.11198024790178647,-7.688729619643921,0.25773260680041005,-1.1477200455388448,9.782492055833432,-0.012391910013285023,0.006261491609945899,-0.08617563181722002,23.801018778386986,33.87453558885893,-103.0625
1773080253.5180483,82.98113126138286,-0.11198024790178647,-7.688729619643921,0.25773260680041005,-1.1477200455388448,9.782492055833432,-0.012391910013285023,0.006261491609945899,-0.08617563181722002,23.801018778386986,33.87453558885893,-103.0625
1773080253.532394,82.85755976686576,-0.09719332095446263,-7.699029747441516,0.231290036073019,-1.1385178531385605,9.811764440684936,0.0017902761386653834,0.015515373973446487,-0.11562806294462433,23.801018778386986,33.87453558885893,-103.0625
1773080253.5516791,82.72460095794989,-0.08680076471170178,-7.703308047714713,0.2366698116462314,-1.2023074633498765,9.831244885809648,-0.0020143454218670928,0.013116758682524965,-0.11562806294462433,24.712835704272987,34.50314706955889,-103.0625
1773080253.5728335,82.72460095794989,-0.08680076471170178,-7.703308047714713,0.2366698116462314,-1.2023074633498765,9.831244885809648,-0.0020143454218670928,0.013116758682524965,-0.11562806294462433,24.712835704272987,34.50314706955889,-103.0625
1773080253.594008,82.44299496378197,-0.06489440304853118,-7.702408884295666,0.24756085933353486,-1.2670039620602058,9.750545776624369,0.006660325168623305,0.025153526206001506,-0.1461713248545251,24.712835704272987,34.50314706955889,-103.0625
1773080253.6083672,82.32565698413353,-0.054970680579995865,-7.691136472494086,0.25067575215357607,-1.2867691239620136,9.696841420929683,0.006674888858246279,0.0286030052767255,-0.09817477042468103,24.712835704272987,34.50314706955889,-103.0625
1773080253.6256387,82.32565698413353,-0.054970680579995865,-7.691136472494086,0.25067575215357607,-1.2867691239620136,9.696841420929683,0.006674888858246279,0.0286030052767255,-0.09817477042468103,24.712835704272987,34.50314706955889,-103.0625
1773080253.650409,82.11709092080318,-0.047436326105495315,-7.685714957862323,0.26005954566904216,-1.322167844107676,9.66110177213183,0.0007539760484858871,0.01517479517326098,-0.136353847812057,24.829918071326542,34.14689334070102,-103.5
1773080253.6715455,81.92839885506794,-0.04820506639024449,-7.6783867271536215,0.24341666564124992,-1.2546555749869872,9.717600116070562,-0.01826913175417649,0.0031817187186533613,-0.10690141668465268,24.829918071326542,34.14689334070102,-103.5
1773080253.6970325,81.76197091263325,-0.059371680136495734,-7.678075094792335,0.2719392581457964,-1.3516428661482656,9.755199132833932,0.012493855840645848,0.01788486188512206,-0.1559888018969932,24.829918071326542,34.14689334070102,-103.5
1773080253.7193623,81.50437643525933,-0.018782691136697387,-7.691653375345986,0.3065868687093973,-1.463855165764211,9.676522395554516,-0.0023257968428066506,0.021052016914152448,-0.09490227807719166,26.337160087874736,35.36592328436596,-104.25
1773080253.7511308,81.34581510468463,-0.003252030628813345,-7.667282967356507,0.3296444665003037,-1.5385311976651037,9.624163905771807,0.006602070410131404,0.011355609923105529,-0.1407171709420428,26.337160087874736,35.36592328436596,-104.25
1773080253.768004,81.34581510468463,-0.003252030628813345,-7.667282967356507,0.3296444665003037,-1.5385311976651037,9.624163905771807,0.006602070410131404,0.011355609923105529,-0.1407171709420428,26.337160087874736,35.36592328436596,-104.25
1773080253.7934525,81.06178673763989,-0.03424752944645373,-7.674710668765951,0.3100322570306676,-1.599715768213924,9.699708602045607,-0.0006665939107480392,0.005522079251082985,-0.13744467859455345,26.337160087874736,35.36592328436596,-104.25
1773080253.8082013,80.93092610412211,-0.05499497473687117,-7.681838689866578,0.2499821191011786,-1.49742839413629,9.74998275352627,0.000681157600371014,-0.0020726001803589916,-0.12762720155208535,26.796823521590643,36.569611689936316,-103.375
1773080253.8222623,80.87428421888607,-0.0528114060464717,-7.678286981623144,0.28775233897670477,-1.5587403263160486,9.719882517298513,-0.013073067613656038,0.00833409179030489,-0.10799224746714914,26.796823521590643,36.569611689936316,-103.375
1773080253.8406603,80.73231165555319,-0.051639083931698415,-7.655154763591325,0.26693397636402244,-1.4597155993655577,9.699851146330612,0.018001371402105858,0.015101976725146106,-0.12762720155208535,26.796823521590643,36.569611689936316,-103.375
1773080253.8606207,80.73231165555319,-0.051639083931698415,-7.655154763591325,0.26693397636402244,-1.4597155993655577,9.699851146330612,0.018001371402105858,0.015101976725146106,-0.12762720155208535,26.796823521590643,36.569611689936316,-103.375
1773080253.880086,80.51025812045884,-0.020740078631795753,-7.676572413272779,0.2643447910540197,-1.4816629217117592,9.74338739174098,-0.008246709652567042,0.007623806810687927,-0.136353847812057,27.332872990776522,37.14051642505903,-105.0625
1773080253.896916,80.28086464381086,-0.02411842558259589,-7.669274553190709,0.22815620063917527,-1.3913982698777805,9.77236027672985,0.006957212899939887,0.013768788903650027,-0.14180800172453928,27.332872990776522,37.14051642505903,-105.0625
1773080253.9102464,80.28086464381086,-0.02411842558259589,-7.669274553190709,0.22815620063917527,-1.3913982698777805,9.77236027672985,0.006957212899939887,0.013768788903650027,-0.14180800172453928,27.332872990776522,37.14051642505903,-105.0625
1773080253.924577,80.14937923574163,-0.0353327250606965,-7.678663420361114,0.2546960250704397,-1.367507987666932,9.774915849505016,-0.01650798299475706,0.011798134550651857,-0.12544553998709243,27.332872990776522,37.14051642505903,-105.0625
1773080253.9406893,79.95469428575811,-0.03636664304378161,-7.671581772458587,0.2661808454330863,-1.3113857799311592,9.753200772688034,-0.0003114514209395576,0.007935258231627485,-0.1189005552921137,28.221838437022125,37.03794115815053,-105.0
1773080253.961955,79.95469428575811,-0.03636664304378161,-7.671581772458587,0.2661808454330863,-1.3113857799311592,9.753200772688034,-0.0003114514209395576,0.007935258231627485,-0.1189005552921137,28.221838437022125,37.03794115815053,-105.0
1773080253.981747,79.81561379745956,-0.02403989720517585,-7.666863428157856,0.28635678018662625,-1.3121717502228578,9.728714296517678,0.0017757124490424085,0.012065894902722493,-0.12762720155208535,28.221838437022125,37.03794115815053,-105.0
1773080254.000011,79.6505240290187,-0.00025357377593538213,-7.670516804387553,0.2650054985977653,-1.2818709991977644,9.712418820158167,-0.003717239422794628,0.018298259133422444,-0.14944381720201447,28.221838437022125,37.03794115815053,-105.0
1773080254.0208628,79.46119049390356,0.008720271948065109,-7.665700581526156,0.2633293743058698,-1.2998408604858487,9.691539027551352,0.003167155029030386,0.014819652683452499,-0.11344640137963143,30.943425424541005,30.958776287926334,-105.375
1773080254.0393498,79.332710352235,0.0061482267382315,-7.66234268731806,0.2455033788517508,-1.260953372284943,9.677643758814083,0.0021162912492279154,0.011029594812542997,-0.10581058590215622,30.943425424541005,30.958776287926334,-105.375
1773080254.0575788,79.332710352235,0.0061482267382315,-7.66234268731806,0.2455033788517508,-1.260953372284943,9.677643758814083,0.0021162912492279154,0.011029594812542997,-0.10581058590215622,30.943425424541005,30.958776287926334,-105.375
1773080254.0784135,79.21827244726539,0.027279902616161592,-7.669856728485992,0.22624018964616122,-1.2339851130871449,9.721918400006864,-0.024117226115822014,0.007000903968808812,-0.10799224746714914,30.943425424541005,30.958776287926334,-105.375
1773080254.0957227,79.00591100803028,0.0034508841488012686,-7.667121363270257,0.20388708426033508,-1.2191712666202168,9.75138267914051,-0.000340578800185507,0.0010363000901794958,-0.12871803233458182,28.747552995810626,39.84226802973269,-105.5
1773080254.1102839,78.78930854059867,0.005598463641043588,-7.681996927522264,0.21212233516743087,-1.2474921505021652,9.684017923376084,-0.008232145962944068,0.011073285881411921,-0.1265363707695889,28.747552995810626,39.84226802973269,-105.5
1773080254.13029,78.78930854059867,0.005598463641043588,-7.681996927522264,0.21212233516743087,-1.2474921505021652,9.684017923376084,-0.008232145962944068,0.011073285881411921,-0.1265363707695889,28.747552995810626,39.84226802973269,-105.5
1773080254.1453116,78.65156828766878,-0.002123481831730174,-7.65684957352605,0.21124702388336994,-1.2684282015432742,9.639187430928487,0.012479292151022872,0.014435382814398066,-0.11235557059713497,28.747552995810626,39.84226802973269,-105.5
1773080254.1599185,78.65156828766878,-0.002123481831730174,-7.65684957352605,0.21124702388336994,-1.2684282015432742,9.639187430928487,0.012479292151022872,0.014435382814398066,-0.11235557059713497,28.747552995810626,39.84226802973269,-105.5
1773080254.1797853,78.55006622370713,0.006727490516184714,-7.65545173191299,0.2513964880638519,-1.4062985956346978,9.779953936067313,-0.0023549242220526,0.014153058772704459,-0.08944812416470939,29.977430632819516,40.90435371271003,-105.0625
1773080254.1934152,78.34042810466178,-0.004745197106020724,-7.645950531032452,0.20491751536251743,-1.296753701365511,9.873632472772307,0.002782885159975955,0.0055075155614600114,-0.12435470920459599,29.977430632819516,40.90435371271003,-105.0625
1773080254.2059894,78.20535210670356,0.0002505933848231335,-7.670448457595421,0.19951593008132168,-1.440815043219891,9.946009827613617,-0.011399300991974453,-0.003746366802040577,-0.11344640137963143,29.977430632819516,40.90435371271003,-105.0625
1773080254.2205064,78.20535210670356,0.0002505933848231335,-7.670448457595421,0.19951593008132168,-1.440815043219891,9.946009827613617,-0.011399300991974453,-0.003746366802040577,-0.11344640137963143,29.977430632819516,40.90435371271003,-105.0625
1773080254.2449222,78.04889176116886,-0.01373468617079591,-7.6639704436725875,0.1917435970509977,-1.5239746994154428,9.923928802898773,0.012464728461399899,0.010985903743674074,-0.13744467859455345,29.207216429526532,41.04595643530305,-105.0625
1773080254.2631319,77.91537834819442,-0.032247824715476284,-7.661685142006883,0.2247058688556826,-1.566783606563307,9.879128122246378,4.3691068868924275e-05,0.010348437212171983,-0.10690141668465268,29.207216429526532,41.04595643530305,-105.0625
1773080254.288503,77.72171588837418,-0.04869481883873352,-7.655461267891232,0.22593234314410826,-1.48940235739479,9.849313769728603,-0.0013477515111190534,0.007594679431441978,-0.12762720155208535,29.207216429526532,41.04595643530305,-105.0625
1773080254.3034403,77.72171588837418,-0.04869481883873352,-7.655461267891232,0.22593234314410826,-1.48940235739479,9.849313769728603,-0.0013477515111190534,0.007594679431441978,-0.12762720155208535,29.207216429526532,41.04595643530305,-105.0625
1773080254.3196616,77.51328983638832,-0.07829046594520142,-7.656136577886831,0.22674854808244,-1.4379060004783335,9.84954332142008,-0.011015031122920023,0.00556577031995191,-0.11780972450961724,30.32001169948187,42.464295847138246,-105.375
1773080254.3385556,77.32004203327638,-0.10077460939507478,-7.653220850159792,0.2201594986537891,-1.3390782135320298,9.849696085506498,0.0017465850697964593,0.005166936761274504,-0.11671889372712078,30.32001169948187,42.464295847138246,-105.375
1773080254.3547277,77.25770956180794,-0.10494677186675073,-7.653382149460494,0.2488830425130718,-1.4490484298145911,9.75613462049458,-0.013399082724218572,0.012819870951208378,-0.11126473981463851,30.32001169948187,42.464295847138246,-105.375
1773080254.3676338,77.25770956180794,-0.10494677186675073,-7.653382149460494,0.2488830425130718,-1.4490484298145911,9.75613462049458,-0.013399082724218572,0.012819870951208378,-0.11126473981463851,30.32001169948187,42.464295847138246,-105.375
1773080254.3863256,77.05250199719862,-0.0915864271697167,-7.629607876993688,0.22935508520893358,-1.4046504730772018,9.693870510679194,0.008703797969736348,0.018935725664924533,-0.12217304763960307,30.621896434560643,43.74770803997671,-104.25
1773080254.4029837,76.93308304218375,-0.08733420990100678,-7.6228462645900485,0.24560291632205186,-1.4640850315914817,9.679195334791288,-0.0019997817322441173,0.016566237753248957,-0.10799224746714914,30.621896434560643,43.74770803997671,-104.25
1773080254.4158661,76.93308304218375,-0.08733420990100678,-7.6228462645900485,0.24560291632205186,-1.4640850315914817,9.679195334791288,-0.0019997817322441173,0.016566237753248957,-0.10799224746714914,30.621896434560643,43.74770803997671,-104.25
1773080254.429399,76.79001562922434,-0.10640913453466912,-7.620107068642718,0.22717219787022022,-1.4146571635898748,9.716260733072815,0.005906349120137417,0.009978731032740527,-0.13853550937704992,30.621896434560643,43.74770803997671,-104.25
1773080254.4426432,76.6058622962675,-0.12209251522017633,-7.6137868425977775,0.2183526136724039,-1.3172505935203325,9.740927341581543,-0.0020289091114900674,0.009667279611800968,-0.10035643198967395,31.612602709765216,44.33645762704261,-103.5
1773080254.4579017,76.6058622962675,-0.12209251522017633,-7.6137868425977775,0.2183526136724039,-1.3172505935203325,9.740927341581543,-0.0020289091114900674,0.009667279611800968,-0.10035643198967395,31.612602709765216,44.33645762704261,-103.5
1773080254.4864717,76.41058124552313,-0.11399558160946163,-7.593643768668758,0.21248327890996807,-1.2524276092417355,9.75734269400003,0.00661663409975438,0.014805088993829523,-0.12217304763960307,31.612602709765216,44.33645762704261,-103.5
1773080254.5026474,76.3001653931395,-0.10158430692218207,-7.6148622881816905,0.21248327890996807,-1.2524276092417355,9.75734269400003,-0.007565552052196028,0.005551206630328935,-0.10581058590215622,31.612602709765216,44.33645762704261,-103.5
1773080254.5197685,76.3001653931395,-0.10158430692218207,-7.6148622881816905,0.21248327890996807,-1.2524276092417355,9.75734269400003,-0.007565552052196028,0.005551206630328935,-0.10581058590215622,31.612602709765216,44.33645762704261,-103.5
1773080254.5424676,76.16156081732188,-0.09580693296578312,-7.598253172504299,0.22215462687771786,-1.250601199322703,9.687984246687366,0.013160449751393886,0.012362782634039076,-0.12762720155208535,31.08155986827655,44.95139644554706,-104.6875
1773080254.561194,75.96983019380403,-0.08949280653811419,-7.6036689533153305,0.21374576358317512,-1.2577856812650858,9.635136751370771,-0.0003114514209395576,0.007935258231627485,-0.11235557059713497,31.08155986827655,44.95139644554706,-104.6875
1773080254.5811806,75.80111246725555,-0.10192665044978648,-7.572167079609121,0.20710534940247735,-1.2593889843573434,9.60665755699742,0.015899643842500918,0.007521860983327104,-0.10581058590215622,31.08155986827655,44.95139644554706,-104.6875
1773080254.5982366,75.80111246725555,-0.10192665044978648,-7.572167079609121,0.20710534940247735,-1.2593889843573434,9.60665755699742,0.015899643842500918,0.007521860983327104,-0.10581058590215622,31.08155986827655,44.95139644554706,-104.6875
1773080254.625877,75.68060511202565,-0.0813529044839651,-7.580440404318847,0.2256632389529315,-1.330369531113652,9.624501200055915,0.003167155029030386,0.014819652683452499,-0.11999138607461016,32.077272771178336,46.72598958624013,-103.875
1773080254.6504326,75.42195045470656,-0.06156631640817686,-7.559983249048796,0.2109033183792424,-1.2844030903341623,9.69324284420922,0.0072395369416334955,-0.001065427469425445,-0.10144726277217041,32.077272771178336,46.72598958624013,-103.875
1773080254.6660998,75.28790911834412,-0.0732307714505829,-7.569477411987996,0.20108075611656842,-1.2538129374741998,9.682122741474334,0.009667279611800968,0.0020289091114900674,-0.11999138607461016,32.077272771178336,46.72598958624013,-103.875
1773080254.684712,75.28790911834412,-0.0732307714505829,-7.569477411987996,0.20108075611656842,-1.2538129374741998,9.682122741474334,0.009667279611800968,0.0020289091114900674,-0.11999138607461016,32.077272771178336,46.72598958624013,-103.875
1773080254.701281,75.05576076202297,-0.07343200061115016,-7.553102489507975,0.19772184004044524,-1.232411122868955,9.691447995860552,-0.04942761709576744,0.1399150758638549,-0.08290313946973066,31.862621764913488,47.379121422479564,-111.5
1773080254.714697,75.05576076202297,-0.07343200061115016,-7.553102489507975,0.19772184004044524,-1.232411122868955,9.691447995860552,-0.04942761709576744,0.1399150758638549,-0.08290313946973066,31.862621764913488,47.379121422479564,-111.5
1773080254.7350283,74.91249491164264,-0.08954636693604533,-7.540613119146635,0.19130888054798703,-1.2054568967851929,9.664202731411468,0.018653401623230922,0.006130418403339126,-0.12435470920459599,31.862621764913488,47.379121422479564,-111.5
1773080254.7773294,74.57176190103841,-0.10582289593426204,-7.53706877955869,0.22777310170536422,-1.311456846419463,9.646071312270148,-0.0013477515111190534,0.007594679431441978,-0.12435470920459599,32.71673194522225,48.38350035987965,-103.0
1773080254.8199594,74.33367109778055,-0.10954771380950033,-7.514679940884737,0.21130765949140215,-1.2580609428094673,9.634005055372823,0.006928085520693938,0.006869830762202039,-0.11453723216212788,32.71673194522225,48.38350035987965,-103.0
1773080254.8504627,74.33367109778055,-0.10954771380950033,-7.514679940884737,0.21130765949140215,-1.2580609428094673,9.634005055372823,0.006928085520693938,0.006869830762202039,-0.11453723216212788,32.71673194522225,48.38350035987965,-103.0
1773080254.8835716,74.00255593647856,-0.1276476255109715,-7.536230942963782,0.2569715126135903,-1.341242203466234,9.625975096196575,-0.001362315200742028,0.004145200360717983,-0.10799224746714914,33.53098023189696,49.30898994796117,-102.5625
1773080254.9238908,73.76755182908506,-0.08404433754766728,-7.512569631960881,0.2560280090276234,-1.3012617217034548,9.620631248065303,0.024929456922799798,0.021971807487348147,-0.10253809355466686,33.53098023189696,49.30898994796117,-102.5625
1773080254.943898,73.76755182908506,-0.08404433754766728,-7.512569631960881,0.2560280090276234,-1.3012617217034548,9.620631248065303,0.024929456922799798,0.021971807487348147,-0.10253809355466686,33.53098023189696,49.30898994796117,-102.5625
1773080254.9847076,73.52924534059036,-0.08401879552923516,-7.511984488869121,0.2907760622048651,-1.414437630008067,9.617074976828636,0.0018048398282883577,0.01896485304417048,-0.1189005552921137,33.47828011401693,50.87060095828846,-101.75
1773080255.0103076,73.37878514384472,-0.08443763045800821,-7.51479834047886,0.30118894589522643,-1.4939325710924023,9.54446097219308,-0.007521860983327104,0.015899643842500918,-0.07417649320975901,33.47828011401693,50.87060095828846,-101.75
1773080255.0257323,73.37878514384472,-0.08443763045800821,-7.51479834047886,0.30118894589522643,-1.4939325710924023,9.54446097219308,-0.007521860983327104,0.015899643842500918,-0.07417649320975901,33.47828011401693,50.87060095828846,-101.75
1773080255.051882,73.18234207378991,-0.10082881904560743,-7.492863878640056,0.29222915674924754,-1.5520576143240368,9.683463418869586,0.0024568700494134225,0.0099932947223635,-0.08835729338221293,33.639396564452205,51.58143954010514,-101.75
1773080255.0685735,73.03270103544656,-0.11385426315250173,-7.486479180930717,0.26537832533325434,-1.527181393605885,9.796038664617644,-0.0006374665315020897,0.012421037392530974,-0.12326387842209953,33.639396564452205,51.58143954010514,-101.75
1773080255.0857763,72.89866402713709,-0.1258426109821313,-7.480063788456696,0.21204413147434525,-1.3920002297865843,9.870956233115084,0.006217800541076975,0.0020434728011130424,-0.11344640137963143,33.639396564452205,51.58143954010514,-101.75
1773080255.1009026,72.89866402713709,-0.1258426109821313,-7.480063788456696,0.21204413147434525,-1.3920002297865843,9.870956233115084,0.006217800541076975,0.0020434728011130424,-0.11344640137963143,33.639396564452205,51.58143954010514,-101.75
1773080255.1217797,72.71843229421488,-0.15008355220823658,-7.486199698635744,0.26604020627432834,-1.4029100291016128,9.890707032700181,-0.010348437212171982,4.369106886892433e-05,-0.11126473981463851,33.17106709623799,53.00645445553661,-101.5
1773080255.1365416,72.61818876308202,-0.15041423619972216,-7.483154864696486,0.25601996885919626,-1.2703432457583592,9.843638958461426,-0.0003114514209395576,0.007935258231627485,-0.07853981633974483,33.17106709623799,53.00645445553661,-101.5
1773080255.1548636,72.50712561228492,-0.12920984084318093,-7.507761038351606,0.2750152464716024,-1.3673495443709998,9.73203299986471,-0.014138495083081485,0.0010945548486713938,-0.11671889372712078,33.17106709623799,53.00645445553661,-101.5
1773080255.1701767,72.50712561228492,-0.12920984084318093,-7.507761038351606,0.2750152464716024,-1.3673495443709998,9.73203299986471,-0.014138495083081485,0.0010945548486713938,-0.11671889372712078,33.17106709623799,53.00645445553661,-101.5
1773080255.2003636,72.22417267758868,-0.11655513539654916,-7.491735623622919,0.23021386400795002,-1.2571222363201522,9.738043162114508,0.009370391880484387,0.013413646413841546,-0.13962634015954636,33.053984729184435,53.362708184394485,-101.375
1773080255.219965,72.00333604923438,-0.14360162677917085,-7.481899159435033,0.2150654393318106,-1.2176795677699268,9.685175958929406,0.013856171041387876,0.013739661524404078,-0.13199052468207118,33.053984729184435,53.362708184394485,-101.375
1773080255.2449355,71.90388623963908,-0.15636220296637635,-7.485164601794098,0.22087377885121312,-1.1862088644965423,9.760382112116616,-0.007224973252010521,0.00451490654014944,-0.07744898555724837,33.053984729184435,53.362708184394485,-101.375
1773080255.2603524,71.90388623963908,-0.15636220296637635,-7.485164601794098,0.22087377885121312,-1.1862088644965423,9.760382112116616,-0.007224973252010521,0.00451490654014944,-0.07744898555724837,33.053984729184435,53.362708184394485,-101.375
1773080255.2826126,71.69223702223083,-0.1796170093821283,-7.481625296057658,0.25816027084076704,-1.2669579233221397,9.770289626467095,-0.011015031122920023,0.00556577031995191,-0.11126473981463851,33.51865479059756,55.752240143592005,-100.25
1773080255.2959766,71.69223702223083,-0.1796170093821283,-7.481625296057658,0.25816027084076704,-1.2669579233221397,9.770289626467095,-0.011015031122920023,0.00556577031995191,-0.11126473981463851,33.51865479059756,55.752240143592005,-100.25
1773080255.3162293,71.53680720769466,-0.19916018842570016,-7.493903049812427,0.2902848818817697,-1.342940745635819,9.776882966593151,-0.01761710153305143,-0.00578983960315362,-0.09272061651219876,33.51865479059756,55.752240143592005,-100.25
1773080255.3367977,71.45875020833479,-0.2042908242873345,-7.4781672471572325,0.3529760136723315,-1.3799291404144471,9.721058750062857,0.009710970680669893,0.012377346323662051,-0.06654067773228381,33.51865479059756,55.752240143592005,-100.25
1773080255.3509614,71.45875020833479,-0.2042908242873345,-7.4781672471572325,0.3529760136723315,-1.3799291404144471,9.721058750062857,0.009710970680669893,0.012377346323662051,-0.06654067773228381,33.51865479059756,55.752240143592005,-100.25
1773080255.3698676,71.34867882456825,-0.19894726116821015,-7.4717272620503845,0.41349563421719454,-1.461746512872756,9.66383768731539,-0.0009926090213105716,0.010007858411986476,-0.04581489286485115,33.52032366649663,56.147521328134395,-99.375
1773080255.388688,71.19965577419242,-0.22119962437043292,-7.4618770828552625,0.32432585247663304,-1.3580323763780926,9.645828379502019,0.0010217364005565212,-0.0031089002705384874,-0.08617563181722002,33.52032366649663,56.147521328134395,-99.375
1773080255.4027326,71.19965577419242,-0.22119962437043292,-7.4618770828552625,0.32432585247663304,-1.3580323763780926,9.645828379502019,0.0010217364005565212,-0.0031089002705384874,-0.08617563181722002,33.52032366649663,56.147521328134395,-99.375
1773080255.4186118,71.1124896240082,-0.23002879599069284,-7.470852474716765,0.32242688634357264,-1.4637956932499128,9.74423207267091,-0.010703579701980465,-0.0023694879116755744,-0.09708393964218458,33.52032366649663,56.147521328134395,-99.375
1773080255.43152,71.1124896240082,-0.23002879599069284,-7.470852474716765,0.32242688634357264,-1.4637956932499128,9.74423207267091,-0.010703579701980465,-0.0023694879116755744,-0.09708393964218458,33.52032366649663,56.147521328134395,-99.375
1773080255.4537034,70.96616593684205,-0.24581737486000885,-7.458228429655061,0.2699870756193322,-1.378463419335104,9.91007198245311,0.014877907441944397,0.01063076125386559,-0.08835729338221293,33.16907656533597,57.216282514708006,-98.5625
1773080255.4713874,70.87773009064719,-0.23584096613431677,-7.442268072151492,0.22924167087023134,-1.4538793857731058,10.020436589859987,0.007682061569179826,0.02204462593546302,-0.09272061651219876,33.16907656533597,57.216282514708006,-98.5625
1773080255.4919438,70.65410386927933,-0.26897563965847754,-7.404360900416798,0.16348290428621676,-1.3864859617604246,9.906556747625935,0.013145886061770912,0.008913303563315081,-0.12544553998709243,33.16907656533597,57.216282514708006,-98.5625
1773080255.5051959,70.65410386927933,-0.26897563965847754,-7.404360900416798,0.16348290428621676,-1.3864859617604246,9.906556747625935,0.013145886061770912,0.008913303563315081,-0.12544553998709243,33.16907656533597,57.216282514708006,-98.5625
1773080255.5199692,70.54545358972221,-0.285385789226437,-7.4008730419390245,0.1470544715147377,-1.3819492039311794,9.830770984740363,-0.0017028940009275351,0.0051815004508974786,-0.09708393964218458,32.99345301475564,57.75066310799481,-97.5
1773080255.5351954,70.43643828012092,-0.295641136090222,-7.4098864726832065,0.23994747311932066,-1.3412866363761131,9.853928863683484,-0.014153058772704459,-0.0023549242220526,-0.09599310885968812,32.99345301475564,57.75066310799481,-97.5
1773080255.552727,70.35858928082112,-0.3037618511183779,-7.403374397823865,0.3017667280043507,-1.3142261518988587,9.869340173429672,-0.00725410063125647,-0.002384051601298549,-0.055632369907319255,32.99345301475564,57.75066310799481,-97.5
1773080255.5743582,70.35858928082112,-0.3037618511183779,-7.403374397823865,0.3017667280043507,-1.3142261518988587,9.869340173429672,-0.00725410063125647,-0.002384051601298549,-0.055632369907319255,32.99345301475564,57.75066310799481,-97.5
1773080255.5911176,70.21251095182772,-0.32274150680765223,-7.415491207580502,0.3015941895658202,-1.3097950264520497,9.729066201080778,4.3691068868924275e-05,0.010348437212171983,-0.09817477042468103,32.52512354654142,59.175678023426286,-97.5625
1773080255.6040592,70.10386421924031,-0.3391479385428809,-7.411889114237746,0.20636598868038866,-1.2852880609824007,9.635715439445534,0.004174327739963932,0.008261273342190017,-0.10035643198967395,32.52512354654142,59.175678023426286,-97.5625
1773080255.6178873,69.97901854178613,-0.3472297556208837,-7.411424767646534,0.19834639310071878,-1.4374070866003401,9.737502024032262,-0.0027391940911070307,0.004840921650711972,-0.09599310885968812,32.52512354654142,59.175678023426286,-97.5625
1773080255.6321552,69.97901854178613,-0.3472297556208837,-7.411424767646534,0.19834639310071878,-1.4374070866003401,9.737502024032262,-0.0027391940911070307,0.004840921650711972,-0.09599310885968812,32.52512354654142,59.175678023426286,-97.5625
1773080255.6507778,69.84783290577711,-0.35552883216441195,-7.39551461014646,0.20756929994480183,-1.3472354504815502,9.805239859044077,0.012124149661214391,0.012022203833853568,-0.12762720155208535,32.82200165392298,59.27324666263758,-97.5
1773080255.6639447,69.75485524057865,-0.37110734983104415,-7.40749930151991,0.2502613771197264,-1.398453362384345,9.786761509124176,-0.012051331213099517,0.005225191519766403,-0.0818123086872342,32.82200165392298,59.27324666263758,-97.5
1773080255.686548,69.75485524057865,-0.37110734983104415,-7.40749930151991,0.2502613771197264,-1.398453362384345,9.786761509124176,-0.012051331213099517,0.005225191519766403,-0.0818123086872342,32.82200165392298,59.27324666263758,-97.5
1773080255.7011552,69.56148172567416,-0.38666280974145784,-7.40059260822624,0.2337182045399182,-1.306467144826372,9.74770348001062,-0.003079772891292538,0.005877221740891468,-0.12980886311707826,32.82200165392298,59.27324666263758,-97.5
1773080255.7297764,69.4072696882196,-0.3779493264149812,-7.406865642293356,0.24224006594956152,-1.3796777871133368,9.748471691600876,-0.01065988863311154,0.007978949300496408,-0.10035643198967395,32.31047254027658,59.82880985966572,-95.5
1773080255.7817726,69.09707188798387,-0.37965092078413104,-7.428067446330362,0.24473338013777332,-1.429443061330189,9.702151363930236,1.4563689622974668e-05,0.0034494790707239945,-0.09926560120717749,32.31047254027658,59.82880985966572,-95.5
1773080255.800219,68.90302914745088,-0.38557857258526795,-7.40876964737423,0.2463926528778839,-1.4625612954069662,9.724847490614497,0.010377564591417933,0.006855267072579064,-0.11999138607461016,31.863325675803686,61.58973033816328,-94.375
1773080255.8150525,68.90302914745088,-0.38557857258526795,-7.40876964737423,0.2463926528778839,-1.4625612954069662,9.724847490614497,0.010377564591417933,0.006855267072579064,-0.11999138607461016,31.863325675803686,61.58973033816328,-94.375
1773080255.838398,68.80368885916769,-0.40134552657800077,-7.405168700704581,0.23763337237379925,-1.3153072057034172,9.736606397683207,-0.0072395369416334955,0.001065427469425445,-0.08508480103472356,31.863325675803686,61.58973033816328,-94.375
1773080255.8552158,68.6249934721584,-0.4028402854113998,-7.37660877304014,0.2244933019065439,-1.1950660282503336,9.751122042396474,0.0020726001803589916,0.000681157600371014,-0.10035643198967395,31.863325675803686,61.58973033816328,-94.375
1773080255.8712687,68.6249934721584,-0.4028402854113998,-7.37660877304014,0.2244933019065439,-1.1950660282503336,9.751122042396474,0.0020726001803589916,0.000681157600371014,-0.10035643198967395,31.863325675803686,61.58973033816328,-94.375
1773080255.8938084,68.36902953035722,-0.4193270890315218,-7.375484811322703,0.20081437324281706,-1.144602960667964,9.754091818388138,0.0031089002705384874,0.0010217364005565212,-0.12980886311707826,32.10082816170893,61.667785249532315,-93.1875
1773080255.911697,68.36902953035722,-0.4193270890315218,-7.375484811322703,0.20081437324281706,-1.144602960667964,9.754091818388138,0.0031089002705384874,0.0010217364005565212,-0.12980886311707826,32.10082816170893,61.667785249532315,-93.1875
1773080255.9318705,68.22245571258934,-0.4317342437191897,-7.368568728710653,0.19758922582411978,-1.1491550255150145,9.742687724306743,-0.002340360532429625,0.017602537843428454,-0.07417649320975901,32.10082816170893,61.667785249532315,-93.1875
1773080255.948495,68.22245571258934,-0.4317342437191897,-7.368568728710653,0.19758922582411978,-1.1491550255150145,9.742687724306743,-0.002340360532429625,0.017602537843428454,-0.07417649320975901,32.10082816170893,61.667785249532315,-93.1875
1773080256.005063,67.99020389669779,-0.4301105614520862,-7.33691524629137,0.1890871474752812,-1.154273193003505,9.735098427087651,0.007268664320879446,0.0058335306720225435,-0.11562806294462433,31.23304531920466,62.106266079506895,-93.5
1773080256.0316136,67.67620169842154,-0.47226816912187347,-7.338118210987913,0.19300743807246082,-1.1439679697746399,9.73673805798099,0.006602070410131404,0.011355609923105529,-0.12762720155208535,31.23304531920466,62.106266079506895,-93.5
1773080256.0857928,67.235328146677,-0.44426812107629887,-7.341425456343085,0.1892605689034157,-1.1391987780153912,9.737829214024629,0.017675356291543327,0.019587755886049597,-0.12544553998709243,29.618734190997337,63.615176971954156,-91.5625
1773080256.1445785,67.01917826466433,-0.4482601349107699,-7.328343241536767,0.19947862686459283,-1.1318472958096246,9.701759137402146,-0.0010071727109335464,0.006558379341262482,-0.13199052468207118,29.618734190997337,63.615176971954156,-91.5625
1773080256.1690636,66.65938521911448,-0.46267440547352273,-7.346093862472217,0.19356707275666427,-1.1311326048884733,9.67775490433904,0.0031525913394074116,0.011370173612728504,-0.09817477042468103,29.6432545465368,64.741644904105,-90.75
1773080256.209174,66.44903471761282,-0.45696547610428656,-7.336314632639132,0.19176647932736307,-1.1264346870882542,9.668470578795034,-0.004811794271466023,0.004159764050340958,-0.13199052468207118,29.6432545465368,64.741644904105,-90.75
1773080256.222989,66.27414776471812,-0.4710388136230103,-7.329349035606559,0.19056820451410972,-1.1233082752713888,9.735884421419238,-0.011384737302351478,-0.0002968877313165827,-0.11017390903214205,29.6432545465368,64.741644904105,-90.75
1773080256.2511785,66.27414776471812,-0.4710388136230103,-7.329349035606559,0.19056820451410972,-1.1233082752713888,9.735884421419238,-0.011384737302351478,-0.0002968877313165827,-0.11017390903214205,29.6432545465368,64.741644904105,-90.75
1773080256.31562,66.06665484758386,-0.4651108275608297,-7.319994426698793,0.21319438312556138,-1.0853604721423884,9.73057090501389,0.005920912809760391,0.013428210103464521,-0.12326387842209953,28.498107324493226,65.02318147339199,-88.375
1773080256.3459673,65.45213312901794,-0.4714854253524161,-7.287516648522089,0.24078476733655466,-1.0982413056784917,9.727034819201998,-0.0034057880018550702,0.010363000901794957,-0.12762720155208535,28.498107324493226,65.02318147339199,-88.375
1773080256.4469643,64.90059935064285,-0.4375913419055799,-7.286013669223068,0.23072349780575432,-1.0739007318513998,9.72468159359485,0.003123463960161462,0.004471215471280515,-0.12544553998709243,27.37664602003958,66.23354538255862,-85.1875
1773080256.8202028,62.76053297287132,-0.5696684932449311,-7.138587413108366,0.2814096223113048,-1.2753474838657204,9.617210998656192,0.01542799183570864,-0.022487150563009352,0.07744898555724837,22.624927426035576,64.27716597063551,-82.75
1773080257.1216033,62.88613949865564,-0.4730694427232717,-7.171186666323684,0.3129427641182491,-1.1657364382168167,9.825141282013217,-0.004500342850526464,-0.0037754941812865265,-0.00545415391248228,23.55343311091228,68.85858929675935,-81.5625
1773080257.1574526,62.88613949865564,-0.4730694427232717,-7.171186666323684,0.3129427641182491,-1.1657364382168167,9.825141282013217,-0.004500342850526464,-0.0037754941812865265,-0.00545415391248228,23.55343311091228,68.85858929675935,-81.5625
1773080257.1846435,62.88899590678067,-0.41569860085107585,-7.162710906264522,0.28792022187604727,-1.2003093817697428,9.83345680086987,-0.00171745769055051,0.0017320213801734845,0.0,23.807111572861647,68.0867062175673,-82.0625
1773080257.2246468,62.886910354800825,-0.3819095904580652,-7.171455815388668,0.27753445708199787,-1.2423846258059885,9.782123786754111,-0.00171745769055051,0.0017320213801734845,0.002181661564992912,23.807111572861647,68.0867062175673,-82.0625
1773080257.2573113,62.89071497322315,-0.3385972521115141,-7.183854973333784,0.2674449572436761,-1.2714296402921752,9.764687797824012,0.0027683214703529803,0.002058036490736017,-0.002181661564992912,23.9241939399152,67.73045248870943,-81.5625
1773080257.2972147,62.88891604474632,-0.3101202040146541,-7.179689225329595,0.2861536228841822,-1.2824034962479627,9.753084341963788,-0.00171745769055051,0.0017320213801734845,0.0,23.9241939399152,67.73045248870943,-81.5625
1773080257.3201032,62.88738026348658,-0.2854434404381886,-7.184635055612465,0.267914207235488,-1.2927503823536193,9.752052595122544,-0.0027683214703529803,-0.002058036490736017,0.003272492347489368,23.807111572861647,68.0867062175673,-82.0625
1773080257.3483024,62.88738026348658,-0.2854434404381886,-7.184635055612465,0.267914207235488,-1.2927503823536193,9.752052595122544,-0.0027683214703529803,-0.002058036490736017,0.003272492347489368,23.807111572861647,68.0867062175673,-82.0625
1773080257.3715172,62.887933313662856,-0.2515038936162606,-7.193794014172765,0.27488807678622756,-1.282791584181852,9.751365979125064,-0.001362315200742028,0.004145200360717983,-0.00545415391248228,23.807111572861647,68.0867062175673,-82.0625
1773080257.409393,62.89243653580247,-0.2199592437414086,-7.195931684591995,0.27635121968454107,-1.2772085248369434,9.750909043848743,0.0,0.0,0.002181661564992912,24.221072047296758,67.82802112792072,-82.5
1773080257.4263155,62.89243653580247,-0.2199592437414086,-7.195931684591995,0.27635121968454107,-1.2772085248369434,9.750909043848743,0.0,0.0,0.002181661564992912,24.221072047296758,67.82802112792072,-82.5
1773080257.4455585,62.891049179877115,-0.19793705477937104,-7.194422255673232,0.2773249249389916,-1.2734930612097655,9.747259846819334,-0.0031089002705384874,-0.0010217364005565212,0.0,24.221072047296758,67.82802112792072,-82.5
1773080257.464185,62.89032625557819,-0.18617149012198944,-7.204678871030995,0.27479502552435164,-1.2720648712616645,9.748176458667784,-0.0010363000901794958,-0.000340578800185507,0.003272492347489368,24.221072047296758,67.82802112792072,-82.5
1773080257.4852226,62.8889376697645,-0.16414943540454194,-7.203170269448565,0.2731114057247369,-1.2711144268051302,9.745441341906382,0.0006957212899939887,0.0013768788903650029,0.0,23.807111572861647,68.0867062175673,-81.5625
1773080257.5005574,62.8889376697645,-0.16414943540454194,-7.203170269448565,0.2731114057247369,-1.2711144268051302,9.745441341906382,0.0006957212899939887,0.0013768788903650029,0.0,23.807111572861647,68.0867062175673,-81.5625
1773080257.538659,62.887959380474456,-0.14858315084932391,-7.204316785298345,0.2720356361658232,-1.2599038388917005,9.746966263962245,0.0020726001803589916,0.000681157600371014,-0.002181661564992912,23.807111572861647,68.0867062175673,-81.5625
1773080257.553733,62.88698078123781,-0.13301690002478506,-7.205463565125182,0.26714208517614996,-1.2397317603278797,9.751326194263244,-0.0013768788903650029,0.0006957212899939887,0.001090830782496456,23.567940211057326,67.61337012165588,-81.6875
1773080257.5729253,62.88698078123781,-0.13301690002478506,-7.205463565125182,0.26714208517614996,-1.2397317603278797,9.751326194263244,-0.0013768788903650029,0.0006957212899939887,0.001090830782496456,23.567940211057326,67.61337012165588,-81.6875
1773080257.6017544,62.88527052664798,-0.10568615896073084,-7.2168681051346475,0.2553104082181247,-1.2335642129362734,9.749468361557337,0.0003551424898084818,0.0024131789805444987,-0.002181661564992912,23.567940211057326,67.61337012165588,-81.6875
1773080257.6159656,62.88527052664798,-0.10568615896073084,-7.2168681051346475,0.2553104082181247,-1.2335642129362734,9.749468361557337,0.0003551424898084818,0.0024131789805444987,-0.002181661564992912,23.567940211057326,67.61337012165588,-81.6875
1773080257.6316254,62.89074557669815,-0.08971089722972486,-7.217853273466251,0.2570113817908677,-1.235959000616687,9.74630108884788,0.0020726001803589916,0.000681157600371014,-0.003272492347489368,24.75712151648263,68.39892586304344,-82.0625
1773080257.6456048,62.89033647623313,-0.08325526040215278,-7.215198843164533,0.2550547925388606,-1.217440959168275,9.754228639362447,-0.0010217364005565212,0.0031089002705384874,0.0,24.75712151648263,68.39892586304344,-82.0625
1773080257.6619916,62.889519169054445,-0.07034387182317921,-7.20989009814154,0.2537527042481839,-1.2051174094444341,9.76284944738067,-0.0027537577807300057,0.0013914425799879775,0.002181661564992912,24.75712151648263,68.39892586304344,-82.0625
1773080257.6867332,62.889519169054445,-0.07034387182317921,-7.20989009814154,0.2537527042481839,-1.2051174094444341,9.76284944738067,-0.0027537577807300057,0.0013914425799879775,0.002181661564992912,24.75712151648263,68.39892586304344,-82.0625
1773080257.708686,62.888783268967046,-0.058579606741021945,-7.220147255942075,0.2560194078100299,-1.2064498929197176,9.768586498816061,-0.0020726001803589916,-0.000681157600371014,0.0,23.807111572861647,68.0867062175673,-80.75
1773080257.7281744,62.88780164970506,-0.043014016946097224,-7.221294644656869,0.2564388035078989,-1.2147368341479932,9.759023995629974,0.0006957212899939887,0.0013768788903650029,-0.002181661564992912,23.807111572861647,68.0867062175673,-80.75
1773080257.7411826,62.88780164970506,-0.043014016946097224,-7.221294644656869,0.2564388035078989,-1.2147368341479932,9.759023995629974,0.0006957212899939887,0.0013768788903650029,-0.002181661564992912,23.807111572861647,68.0867062175673,-80.75
1773080257.7580454,62.89004765081582,-0.036392901131387746,-7.219048643546113,0.25671790665987376,-1.2202517009642115,9.752660256579793,0.000340578800185507,-0.0010363000901794958,-0.002181661564992912,23.807111572861647,68.0867062175673,-80.75
1773080257.7704308,62.89004765081582,-0.036392901131387746,-7.219048643546113,0.25671790665987376,-1.2202517009642115,9.752660256579793,0.000340578800185507,-0.0010363000901794958,-0.002181661564992912,23.807111572861647,68.0867062175673,-80.75
1773080257.7847662,62.88906590170412,-0.020826411314714566,-7.220196116855678,0.2558592370983892,-1.2207438938408297,9.755115482744158,-0.000681157600371014,0.0020726001803589916,0.0,22.89863239877378,68.24865710595212,-80.5
1773080257.7977176,62.888491506985524,-0.011716088121496602,-7.223998012390333,0.25528780209718865,-1.2210714427020641,9.75674940832987,-0.0013768788903650029,0.0006957212899939887,0.002181661564992912,22.89863239877378,68.24865710595212,-80.5
1773080257.8097322,62.888491506985524,-0.011716088121496602,-7.223998012390333,0.25528780209718865,-1.2210714427020641,9.75674940832987,-0.0013768788903650029,0.0006957212899939887,0.002181661564992912,22.89863239877378,68.24865710595212,-80.5
1773080257.8272097,62.888491506985524,-0.011716088121496602,-7.223998012390333,0.25699633766991165,-1.227645201579208,9.757836767555016,-0.0010363000901794958,-0.000340578800185507,0.003272492347489368,22.89863239877378,68.24865710595212,-80.5
1773080257.8460324,62.887340911214636,0.006504329645861394,-7.231602029769411,0.26022216819064065,-1.238375743447202,9.755215281265434,-0.0003551424898084818,-0.0024131789805444987,0.0,23.9241939399152,67.73045248870943,-81.25
1773080257.8666646,62.887340911214636,0.006504329645861394,-7.231602029769411,0.26022216819064065,-1.238375743447202,9.755215281265434,-0.0003551424898084818,-0.0024131789805444987,0.0,23.9241939399152,67.73045248870943,-81.25
1773080257.894189,62.886525866515704,0.019416621795393444,-7.226294057742106,0.2655468117517742,-1.244472389601008,9.753470711423637,0.0013768788903650029,-0.0006957212899939887,-0.001090830782496456,23.9241939399152,67.73045248870943,-81.25
1773080257.9119623,62.891998653155994,0.035389827714388596,-7.2272728779379545,0.26595707378753053,-1.2389959713589365,9.748964607974724,-0.000340578800185507,0.0010363000901794958,0.003272492347489368,24.021762579126495,67.43357438132787,-81.5625
1773080257.9360719,62.891998653155994,0.035389827714388596,-7.2272728779379545,0.26595707378753053,-1.2389959713589365,9.748964607974724,-0.000340578800185507,0.0010363000901794958,0.003272492347489368,24.021762579126495,67.43357438132787,-81.5625
1773080257.9607437,62.891421840203506,0.044499846561301445,-7.231074704980866,0.26305220920492284,-1.2363958857857755,9.745965846465946,0.0,0.0,0.0,24.021762579126495,67.43357438132787,-81.5625
1773080257.9944425,62.890844425141445,0.05360978835747346,-7.234876608079776,0.26320787345733565,-1.2410213366506486,9.743970204180215,0.0010363000901794958,0.000340578800185507,0.0,24.021762579126495,67.43357438132787,-81.5625
1773080258.0119424,62.889859655267614,0.06917559212373103,-7.236024699351976,0.26013357689395633,-1.2451439321228872,9.749332349946485,0.0013768788903650029,-0.0006957212899939887,0.001090830782496456,23.807111572861647,68.0867062175673,-81.5625
1773080258.0287368,62.88945320038949,0.07563156862437982,-7.233370849196558,0.25917673707497196,-1.2404872849969633,9.756245909762164,-0.0010363000901794958,-0.000340578800185507,0.001090830782496456,23.807111572861647,68.0867062175673,-81.5625
1773080258.0420587,62.88945320038949,0.07563156862437982,-7.233370849196558,0.25917673707497196,-1.2404872849969633,9.756245909762164,-0.0010363000901794958,-0.000340578800185507,0.001090830782496456,23.807111572861647,68.0867062175673,-81.5625
1773080258.056959,62.8888745745365,0.08474135388496204,-7.2371730569372135,0.25853997086403896,-1.2373883383528175,9.760846806589976,-0.0006957212899939887,-0.0013768788903650029,0.0,23.807111572861647,68.0867062175673,-81.5625
1773080258.0711834,62.88846841417899,0.09119736660149909,-7.234519320619045,0.2623385090396214,-1.2374595037717797,9.76056354032618,0.00171745769055051,-0.0017320213801734845,0.0,23.035228493669596,67.83302775561793,-81.5625
1773080258.083251,62.88846841417899,0.09119736660149909,-7.234519320619045,0.2623385090396214,-1.2374595037717797,9.76056354032618,0.00171745769055051,-0.0017320213801734845,0.0,23.035228493669596,67.83302775561793,-81.5625
1773080258.0966337,62.888295346505714,0.09385106142898271,-7.240975341216324,0.26486639376301985,-1.2375068635631292,9.760375029791915,0.0010363000901794958,0.000340578800185507,0.0,23.035228493669596,67.83302775561793,-81.5625
1773080258.113764,62.88788918284083,0.10030707305059712,-7.238321680961015,0.2655042632167815,-1.2343604915907525,9.760249578137161,0.0006957212899939887,0.0013768788903650029,0.001090830782496456,23.035228493669596,67.83302775561793,-81.5625
1773080258.1273115,62.88788918284083,0.10030707305059712,-7.238321680961015,0.2655042632167815,-1.2343604915907525,9.760249578137161,0.0006957212899939887,0.0013768788903650029,0.001090830782496456,23.035228493669596,67.83302775561793,-81.5625
1773080258.1408887,62.88730934929598,0.10941670153820553,-7.242124118015604,0.26279552943877915,-1.2227329480369844,9.76351120316963,0.000681157600371014,-0.0020726001803589916,0.0,23.55343311091228,68.85858929675935,-81.5625
1773080258.1545582,62.88730934929598,0.10941670153820553,-7.242124118015604,0.26279552943877915,-1.2227329480369844,9.76351120316963,0.000681157600371014,-0.0020726001803589916,0.0,23.55343311091228,68.85858929675935,-81.5625
1773080258.1711748,62.8869034800732,0.11587274903005776,-7.239470571548966,0.25781500798358115,-1.2160393572814614,9.762336666486679,0.0,0.0,0.002181661564992912,23.55343311091228,68.85858929675935,-81.5625
1773080258.1889267,62.8869034800732,0.11587274903005776,-7.239470571548966,0.25781500798358115,-1.2160393572814614,9.762336666486679,0.0,0.0,0.002181661564992912,23.55343311091228,68.85858929675935,-81.5625
1773080258.2084172,62.88632304095436,0.1249822980987985,-7.24327316156605,0.25867816495656637,-1.2242964049438743,9.758209913737291,0.0,0.0,0.002181661564992912,23.55343311091228,68.85858929675935,-81.5625
1773080258.2232885,62.88574199958897,0.13409176878516663,-7.247075828604128,0.25925258627999287,-1.229791377925944,9.755463605881422,-0.0010363000901794958,-0.000340578800185507,0.0,23.670515477965832,68.50233556790148,-81.1875
1773080258.2417355,62.88533642137325,0.1405478505201869,-7.244422471993333,0.2585904476626892,-1.2302703316781647,9.75363596868161,-0.0013768788903650029,0.0006957212899939887,0.001090830782496456,23.670515477965832,68.50233556790148,-81.1875
1773080258.2541468,62.88533642137325,0.1405478505201869,-7.244422471993333,0.2585904476626892,-1.2302703316781647,9.75363596868161,-0.0013768788903650029,0.0006957212899939887,0.001090830782496456,23.670515477965832,68.50233556790148,-81.1875
1773080258.2663493,62.88493114089233,0.14700396906817192,-7.241769152919937,0.2571053922181093,-1.2274111806655275,9.7557648082485,0.0,0.0,-0.001090830782496456,23.670515477965832,68.50233556790148,-81.1875
1773080258.2784638,62.890805500940765,0.15651847240091227,-7.24539521413512,0.25716151400023496,-1.2286863369899033,9.757181527199569,0.0010363000901794958,0.000340578800185507,0.001090830782496456,23.450857844003774,67.96962385051374,-81.5625
1773080258.2932074,62.890805500940765,0.15651847240091227,-7.24539521413512,0.25716151400023496,-1.2286863369899033,9.757181527199569,0.0010363000901794958,0.000340578800185507,0.001090830782496456,23.450857844003774,67.96962385051374,-81.5625
1773080258.305578,62.890805500940765,0.15651847240091227,-7.24539521413512,0.2582432720106556,-1.2327128286638223,9.754779226128397,0.001362315200742028,-0.004145200360717983,0.0,23.450857844003774,67.96962385051374,-81.5625
1773080258.320298,62.89022324946379,0.1656277859011412,-7.249197589154216,0.25896316988256174,-1.235392413893956,9.746490298186355,0.0006957212899939887,0.0013768788903650029,0.0,23.450857844003774,67.96962385051374,-81.5625
1773080258.3354053,62.89022324946379,0.1656277859011412,-7.249197589154216,0.25896316988256174,-1.235392413893956,9.746490298186355,0.0006957212899939887,0.0013768788903650029,0.0,23.450857844003774,67.96962385051374,-81.5625
1773080258.3499756,62.8898182985966,0.17208364015422517,-7.2465441587008455,0.25839784428319185,-1.2339977585472055,9.747664332648958,0.0010363000901794958,0.000340578800185507,-0.001090830782496456,23.9241939399152,67.73045248870943,-81.5625
1773080258.367146,62.8898182985966,0.17208364015422517,-7.2465441587008455,0.2569772168205745,-1.2298917416087876,9.755135862883634,-0.0010217364005565212,0.0031089002705384874,0.0,23.9241939399152,67.73045248870943,-81.5625
1773080258.3887925,62.8898182985966,0.17208364015422517,-7.2465441587008455,0.2560318051136512,-1.227159233203485,9.763453194499668,0.0,0.0,0.0,23.9241939399152,67.73045248870943,-81.5625
1773080258.404614,62.8898182985966,0.17208364015422517,-7.2465441587008455,0.2560318051136512,-1.227159233203485,9.763453194499668,0.0,0.0,0.0,23.9241939399152,67.73045248870943,-81.5625
1773080258.417739,62.8898182985966,0.17208364015422517,-7.2465441587008455,0.25435823459229717,-1.2221628899993988,9.768988285779457,-0.0003551424898084818,-0.0024131789805444987,0.0,24.46024340910107,68.30135722383216,-81.5625
1773080258.4348767,62.8898182985966,0.17208364015422517,-7.2465441587008455,0.2542889016966811,-1.2220157687943662,9.769326715487818,0.0010363000901794958,0.000340578800185507,-0.001090830782496456,24.46024340910107,68.30135722383216,-81.5625
1773080258.4470043,62.8898182985966,0.17208364015422517,-7.2465441587008455,0.2542889016966811,-1.2220157687943662,9.769326715487818,0.0010363000901794958,0.000340578800185507,-0.001090830782496456,24.46024340910107,68.30135722383216,-81.5625
1773080258.4594321,-102.4533674497371,-3.838439074199238,-0.5866827697392489,0.2542427614291478,-1.2219178612758688,9.762861713263584,-0.0006665939107480392,0.005522079251082985,-0.001090830782496456,24.46024340910107,68.30135722383216,-81.5625
1773080258.4726963,62.8898182985966,0.17208364015422517,-7.2465441587008455,0.254212055596525,-1.2218527049160073,9.758559326502164,-0.00171745769055051,0.0017320213801734845,-0.002181661564992912,23.567940211057326,67.61337012165588,-80.75
1773080258.4932656,62.8898182985966,0.17208364015422517,-7.2465441587008455,0.254212055596525,-1.2218527049160073,9.758559326502164,-0.00171745769055051,0.0017320213801734845,-0.002181661564992912,23.567940211057326,67.61337012165588,-80.75
1773080258.5132463,62.8898182985966,0.17208364015422517,-7.2465441587008455,0.25419162120792105,-1.2218093440863638,9.755696136173249,-0.0027537577807300057,0.0013914425799879775,0.003272492347489368,23.567940211057326,67.61337012165588,-80.75
1773080258.5279052,62.8898182985966,0.17208364015422517,-7.2465441587008455,0.25417802235057224,-1.221780487938608,9.753790714993286,-0.0010363000901794958,-0.000340578800185507,0.002181661564992912,23.567940211057326,67.61337012165588,-80.75
1773080258.5410168,62.8898182985966,0.17208364015422517,-7.2465441587008455,0.25417802235057224,-1.221780487938608,9.753790714993286,-0.0010363000901794958,-0.000340578800185507,0.002181661564992912,23.567940211057326,67.61337012165588,-80.75
1773080258.5680928,62.8898182985966,0.17208364015422517,-7.2465441587008455,0.2552133820542531,-1.2249391738790973,9.749177566775652,-0.0013914425799879775,-0.0027537577807300057,0.0,23.807111572861647,68.0867062175673,-80.75
1773080258.5916636,62.8898182985966,0.17208364015422517,-7.2465441587008455,0.255902402371327,-1.227041244087659,9.746107568169059,-0.0027537577807300057,0.0013914425799879775,0.0,23.807111572861647,68.0867062175673,-80.75
1773080258.6125727,62.8898182985966,0.17208364015422517,-7.2465441587008455,0.25636093769547846,-1.228440148329794,9.744064518390502,-0.000340578800185507,0.0010363000901794958,0.0,23.807111572861647,68.0867062175673,-80.75
1773080258.6260586,62.8898182985966,0.17208364015422517,-7.2465441587008455,0.2577104974228635,-1.232548992860627,9.749395114999873,0.0,0.0,0.001090830782496456,23.197179382054408,68.7415069297058,-80.0625
1773080258.6439335,62.8898182985966,0.17208364015422517,-7.2465441587008455,0.2577104974228635,-1.232548992860627,9.749395114999873,0.0,0.0,0.001090830782496456,23.197179382054408,68.7415069297058,-80.0625
1773080258.6566398,62.8898182985966,0.17208364015422517,-7.2465441587008455,0.2586086143458682,-1.2352833829970955,9.752942567496742,-0.0010363000901794958,-0.000340578800185507,-0.001090830782496456,23.197179382054408,68.7415069297058,-80.0625
1773080258.671653,62.8898182985966,0.17208364015422517,-7.2465441587008455,0.25816189153416713,-1.2339251997032998,9.74861313409113,-0.0024131789805444987,0.0003551424898084817,0.0,23.197179382054408,68.7415069297058,-80.0625
1773080258.6846938,62.8898182985966,0.17208364015422517,-7.2465441587008455,0.25816189153416713,-1.2339251997032998,9.74861313409113,-0.0024131789805444987,0.0003551424898084817,0.0,23.197179382054408,68.7415069297058,-80.0625
1773080258.6972687,62.8898182985966,0.17208364015422517,-7.2465441587008455,0.2610424918776772,-1.2319769343018427,9.745731944522635,0.000340578800185507,-0.0010363000901794958,-0.001090830782496456,24.221072047296758,67.82802112792072,-81.5625
1773080258.7092538,62.8898182985966,0.17208364015422517,-7.2465441587008455,0.2650929790210079,-1.22645808646491,9.753849880171757,-0.000681157600371014,0.0020726001803589916,-0.001090830782496456,24.221072047296758,67.82802112792072,-81.5625
1773080258.7226322,62.8898182985966,0.17208364015422517,-7.2465441587008455,0.2650929790210079,-1.22645808646491,9.753849880171757,-0.000681157600371014,0.0020726001803589916,-0.001090830782496456,24.221072047296758,67.82802112792072,-81.5625
1773080258.741621,62.8898182985966,0.17208364015422517,-7.2465441587008455,0.26883294255932577,-1.2259632442634774,9.759252275662963,0.0,0.0,0.0,24.221072047296758,67.82802112792072,-81.5625
1773080258.7568164,62.8898182985966,0.17208364015422517,-7.2465441587008455,0.26883294255932577,-1.2259632442634774,9.759252275662963,0.0,0.0,0.0,24.221072047296758,67.82802112792072,-81.5625
1773080258.7705283,62.8898182985966,0.17208364015422517,-7.2465441587008455,0.2681439571314698,-1.226678341897511,9.75950239780633,-0.0013768788903650029,0.0006957212899939887,-0.001090830782496456,23.450857844003774,67.96962385051374,-82.0625
1773080258.8018847,62.8898182985966,0.17208364015422517,-7.2465441587008455,0.2687298546170405,-1.2303321207692726,9.752978627884055,-0.0013914425799879775,-0.0027537577807300057,-0.001090830782496456,23.450857844003774,67.96962385051374,-82.0625
1773080258.8207726,62.8898182985966,0.17208364015422517,-7.2465441587008455,0.2687298546170405,-1.2303321207692726,9.752978627884055,-0.0013914425799879775,-0.0027537577807300057,-0.001090830782496456,23.450857844003774,67.96962385051374,-82.0625
1773080258.840642,62.8898182985966,0.17208364015422517,-7.2465441587008455,0.2691197628487841,-1.2327636697930457,9.755327355290705,-0.0006957212899939887,-0.0013768788903650029,0.001090830782496456,23.450857844003774,67.96962385051374,-82.0
1773080258.855926,62.8898182985966,0.17208364015422517,-7.2465441587008455,0.2651569434456353,-1.2322483587130453,9.750200183728186,0.000681157600371014,-0.0020726001803589916,0.0,23.450857844003774,67.96962385051374,-82.0
1773080258.8708403,62.8898182985966,0.17208364015422517,-7.2465441587008455,0.26251973140043305,-1.231905424945707,9.75013322003491,0.0,0.0,-0.001090830782496456,23.450857844003774,67.96962385051374,-82.0
1773080258.8908331,62.8898182985966,0.17208364015422517,-7.2465441587008455,0.26251973140043305,-1.231905424945707,9.75013322003491,0.0,0.0,-0.001090830782496456,23.450857844003774,67.96962385051374,-82.0
1773080258.905826,62.8898182985966,0.17208364015422517,-7.2465441587008455,0.25972028665260244,-1.2284993169698881,9.750088656445067,0.0,0.0,0.0,23.450857844003774,67.96962385051374,-80.5
1773080258.9184399,62.8898182985966,0.17208364015422517,-7.2465441587008455,0.25785728744476805,-1.2262325901606999,9.750058999873835,0.0010217364005565212,-0.0031089002705384874,-0.001090830782496456,23.450857844003774,67.96962385051374,-80.5
1773080258.9353933,62.8898182985966,0.17208364015422517,-7.2465441587008455,0.25785728744476805,-1.2262325901606999,9.750058999873835,0.0010217364005565212,-0.0031089002705384874,-0.001090830782496456,23.450857844003774,67.96962385051374,-80.5
1773080258.9502738,62.8898182985966,0.17208364015422517,-7.2465441587008455,0.25661748228301895,-1.2247241087901826,9.750039263756966,0.0,0.0,0.002181661564992912,23.450857844003774,67.96962385051374,-80.5
1773080258.9637957,62.8898182985966,0.17208364015422517,-7.2465441587008455,0.25661748228301895,-1.2247241087901826,9.750039263756966,0.0,0.0,0.002181661564992912,23.450857844003774,67.96962385051374,-80.5
1773080258.9799554,62.8898182985966,0.17208364015422517,-7.2465441587008455,0.2568368153887435,-1.2268981206734209,9.750026129591657,0.000340578800185507,-0.0010363000901794958,0.001090830782496456,23.9241939399152,67.73045248870943,-81.25
1773080258.9958127,62.8898182985966,0.17208364015422517,-7.2465441587008455,0.2569827791204918,-1.2283449012964118,9.75336250065868,-0.0006957212899939887,-0.0013768788903650029,0.0,23.9241939399152,67.73045248870943,-81.25
1773080259.017557,62.8898182985966,0.17208364015422517,-7.2465441587008455,0.2569827791204918,-1.2283449012964118,9.75336250065868,-0.0006957212899939887,-0.0013768788903650029,0.0,23.9241939399152,67.73045248870943,-81.25
1773080259.0343552,62.8898182985966,0.17208364015422517,-7.2465441587008455,0.2539020269689722,-1.2303521272307512,9.748892594919438,-0.000340578800185507,0.0010363000901794958,0.0,23.9241939399152,67.73045248870943,-81.25
1773080259.0488179,62.8898182985966,0.17208364015422517,-7.2465441587008455,0.250807411235055,-1.2285100242833948,9.749263034289411,0.0,0.0,0.0,24.103989680243206,68.1842748567786,-81.1875
1773080259.061793,62.8898182985966,0.17208364015422517,-7.2465441587008455,0.250807411235055,-1.2285100242833948,9.749263034289411,0.0,0.0,0.0,24.103989680243206,68.1842748567786,-81.1875
1773080259.0746834,62.8898182985966,0.17208364015422517,-7.2465441587008455,0.25192586841773235,-1.22623971575823,9.74950955755205,-0.0010508637798024704,-0.0037900578709095015,0.001090830782496456,24.103989680243206,68.1842748567786,-81.1875
1773080259.087995,62.8898182985966,0.17208364015422517,-7.2465441587008455,0.2558480785632951,-1.2236844412044035,9.74967361602949,0.0,0.0,-0.001090830782496456,24.103989680243206,68.1842748567786,-81.1875
1773080259.1007266,62.8898182985966,0.17208364015422517,-7.2465441587008455,0.2558480785632951,-1.2236844412044035,9.74967361602949,0.0,0.0,-0.001090830782496456,24.103989680243206,68.1842748567786,-81.1875
1773080259.113267,62.8898182985966,0.17208364015422517,-7.2465441587008455,0.25845826560120894,-1.221983934533119,9.753127906820893,-0.0010363000901794958,-0.000340578800185507,0.0,24.75712151648263,68.39892586304344,-80.75
1773080259.128473,62.8898182985966,0.17208364015422517,-7.2465441587008455,0.26019531591724093,-1.2208522663392833,9.755426698755615,0.0,0.0,0.001090830782496456,24.75712151648263,68.39892586304344,-80.75
1773080259.1525424,62.8898182985966,0.17208364015422517,-7.2465441587008455,0.2581734141139604,-1.221143563389185,9.760301630816304,0.0010363000901794958,0.000340578800185507,0.0,24.75712151648263,68.39892586304344,-80.75
1773080259.1683655,62.8898182985966,0.17208364015422517,-7.2465441587008455,0.2581734141139604,-1.221143563389185,9.760301630816304,0.0010363000901794958,0.000340578800185507,0.0,24.75712151648263,68.39892586304344,-80.75
1773080259.1920862,62.8898182985966,0.17208364015422517,-7.2465441587008455,0.26000575043447666,-1.2202930087305561,9.763545843646133,-0.0013768788903650029,0.0006957212899939887,-0.001090830782496456,24.021762579126495,67.43357438132787,-80.5
1773080259.2197325,62.8898182985966,0.17208364015422517,-7.2465441587008455,0.25804726040276593,-1.220771383697894,9.765704831044152,-0.0003551424898084818,-0.0024131789805444987,-0.001090830782496456,24.021762579126495,67.43357438132787,-80.5
1773080259.2405193,62.8898182985966,0.17208364015422517,-7.2465441587008455,0.25356601777995325,-1.2221341464861961,9.760451389625425,-0.0006957212899939887,-0.0013768788903650029,-0.001090830782496456,24.021762579126495,67.43357438132787,-80.5
1773080259.255051,62.8898182985966,0.17208364015422517,-7.2465441587008455,0.25356601777995325,-1.2221341464861961,9.760451389625425,-0.0006957212899939887,-0.0013768788903650029,-0.001090830782496456,24.021762579126495,67.43357438132787,-80.5
1773080259.2689111,62.8898182985966,0.17208364015422517,-7.2465441587008455,0.2505838008732315,-1.2230410498987534,9.756955283046048,-0.000681157600371014,0.0020726001803589916,0.0,23.152310860723148,67.47677402676007,-80.75
1773080259.281643,62.8898182985966,0.17208364015422517,-7.2465441587008455,0.2505838008732315,-1.2230410498987534,9.756955283046048,-0.000681157600371014,0.0020726001803589916,0.0,23.152310860723148,67.47677402676007,-80.75
1773080259.2938118,62.8898182985966,0.17208364015422517,-7.2465441587008455,0.25282146781116754,-1.2257780637821745,9.754628663171543,0.0013768788903650029,-0.0006957212899939887,0.0,23.152310860723148,67.47677402676007,-80.75
1773080259.3057494,62.8898182985966,0.17208364015422517,-7.2465441587008455,0.2543106101619865,-1.2275995159471427,9.753080323635107,-0.0006957212899939887,-0.0013768788903650029,0.0,23.152310860723148,67.47677402676007,-80.75
1773080259.3205411,62.8898182985966,0.17208364015422517,-7.2465441587008455,0.2543106101619865,-1.2275995159471427,9.753080323635107,-0.0006957212899939887,-0.0013768788903650029,0.0,23.152310860723148,67.47677402676007,-80.75
1773080259.337833,62.8898182985966,0.17208364015422517,-7.2465441587008455,0.2553016177616464,-1.2288116720159752,9.752049920969695,-0.000681157600371014,0.0020726001803589916,0.001090830782496456,23.450857844003774,67.96962385051374,-80.0625
1773080259.3581784,62.8898182985966,0.17208364015422517,-7.2465441587008455,0.2559611222489399,-1.2296183483391128,9.751364199506215,-0.0003551424898084818,-0.0024131789805444987,0.003272492347489368,23.450857844003774,67.96962385051374,-80.0625
1773080259.3775668,62.8898182985966,0.17208364015422517,-7.2465441587008455,0.25640001511808586,-1.2301551824209958,9.75090785953228,0.0013768788903650029,-0.0006957212899939887,0.002181661564992912,23.450857844003774,67.96962385051374,-80.0625
1773080259.4053442,62.8898182985966,0.17208364015422517,-7.2465441587008455,0.25640001511808586,-1.2301551824209958,9.75090785953228,0.0013768788903650029,-0.0006957212899939887,0.002181661564992912,23.450857844003774,67.96962385051374,-80.0625
1773080259.4248335,62.8898182985966,0.17208364015422517,-7.2465441587008455,0.25669209341974786,-1.2305124395056593,9.750604170377276,-0.000681157600371014,0.0020726001803589916,-0.001090830782496456,23.567940211057326,67.61337012165588,-80.75
1773080259.438633,62.8898182985966,0.17208364015422517,-7.2465441587008455,0.2558420586754382,-1.2275723007202033,9.750402068637051,0.0,0.0,0.001090830782496456,23.567940211057326,67.61337012165588,-80.75
1773080259.4552925,62.8898182985966,0.17208364015422517,-7.2465441587008455,0.2594986690244241,-1.2277491509951237,9.750267572186557,-0.0010363000901794958,-0.000340578800185507,0.001090830782496456,23.567940211057326,67.61337012165588,-80.75
1773080259.474044,62.8898182985966,0.17208364015422517,-7.2465441587008455,0.2594986690244241,-1.2277491509951237,9.750267572186557,-0.0010363000901794958,-0.000340578800185507,0.001090830782496456,23.567940211057326,67.61337012165588,-80.75
1773080259.4895413,62.8898182985966,0.17208364015422517,-7.2465441587008455,0.2619321023646602,-1.2278668428775361,9.753523178008496,-0.0013768788903650029,0.0006957212899939887,-0.001090830782496456,23.31426174910796,68.38525320084793,-80.75
1773080259.5030174,62.8898182985966,0.17208364015422517,-7.2465441587008455,0.2603736356848794,-1.2289895751019146,9.755689747315497,0.000681157600371014,-0.0020726001803589916,0.0,23.31426174910796,68.38525320084793,-80.75
1773080259.5152397,62.8898182985966,0.17208364015422517,-7.2465441587008455,0.2603736356848794,-1.2289895751019146,9.755689747315497,0.000681157600371014,-0.0020726001803589916,0.0,23.31426174910796,68.38525320084793,-80.75
1773080259.535748,62.8898182985966,0.17208364015422517,-7.2465441587008455,0.25933649351869886,-1.2297367408554978,9.75713157498714,-0.0006957212899939887,-0.0013768788903650029,0.002181661564992912,23.31426174910796,68.38525320084793,-80.75
1773080259.5564034,62.8898182985966,0.17208364015422517,-7.2465441587008455,0.2586462869927428,-1.230233971318119,9.758091095196349,-0.0024131789805444987,0.0003551424898084817,0.001090830782496456,24.46024340910107,68.30135722383216,-81.25
1773080259.5699635,62.8898182985966,0.17208364015422517,-7.2465441587008455,0.2581869622598311,-1.2305648726365652,9.758729645177034,0.002398615290921524,-0.003804621560532476,0.002181661564992912,24.46024340910107,68.30135722383216,-81.25
1773080259.5905244,62.8898182985966,0.17208364015422517,-7.2465441587008455,0.2578812867810718,-1.2307850837675811,9.75915459305611,0.0,0.0,0.001090830782496456,24.46024340910107,68.30135722383216,-81.25
1773080259.6091762,62.8898182985966,0.17208364015422517,-7.2465441587008455,0.2578812867810718,-1.2307850837675811,9.75915459305611,0.0,0.0,0.001090830782496456,24.46024340910107,68.30135722383216,-81.25
1773080259.624963,62.8898182985966,0.17208364015422517,-7.2465441587008455,0.25767786316457636,-1.2309316318153527,9.759437391122654,0.000681157600371014,-0.0020726001803589916,0.002181661564992912,23.450857844003774,67.96962385051374,-81.1875
1773080259.6386173,62.8898182985966,0.17208364015422517,-7.2465441587008455,0.25754248702018934,-1.231029157904096,9.75628047836956,0.0,0.0,0.001090830782496456,23.450857844003774,67.96962385051374,-81.1875
1773080259.6513522,62.8898182985966,0.17208364015422517,-7.2465441587008455,0.25754248702018934,-1.231029157904096,9.75628047836956,0.0,0.0,0.001090830782496456,23.450857844003774,67.96962385051374,-81.1875
1773080259.6645405,62.8898182985966,0.17208364015422517,-7.2465441587008455,0.25745239570835043,-1.2310940604267167,9.7541795881974,0.0010363000901794958,0.000340578800185507,0.002181661564992912,23.450857844003774,67.96962385051374,-81.1875
1773080259.6771238,62.8898182985966,0.17208364015422517,-7.2465441587008455,0.25745239570835043,-1.2310940604267167,9.7541795881974,0.0010363000901794958,0.000340578800185507,0.002181661564992912,23.450857844003774,67.96962385051374,-81.1875
1773080259.6919422,62.8898182985966,0.17208364015422517,-7.2465441587008455,0.2573924409467075,-1.231137252330512,9.75278146925631,0.000340578800185507,-0.0010363000901794958,0.002181661564992912,23.665508850268623,67.31649201427432,-80.75
1773080259.7040358,62.8898182985966,0.17208364015422517,-7.2465441587008455,0.2563081321312354,-1.2279881066755263,9.751851036719028,-0.0013768788903650029,0.0006957212899939887,0.001090830782496456,23.665508850268623,67.31649201427432,-80.75
1773080259.7160952,62.8898182985966,0.17208364015422517,-7.2465441587008455,0.2555865367270617,-1.2258923854203954,9.751231844259078,-0.000340578800185507,0.0010363000901794958,0.0,23.665508850268623,67.31649201427432,-80.75
1773080259.7414272,62.8898182985966,0.17208364015422517,-7.2465441587008455,0.2555865367270617,-1.2258923854203954,9.751231844259078,-0.000340578800185507,0.0010363000901794958,0.0,23.665508850268623,67.31649201427432,-80.75
1773080259.7627664,62.8898182985966,0.17208364015422517,-7.2465441587008455,0.255106323046333,-1.224497706335846,9.747474666886495,0.000340578800185507,-0.0010363000901794958,0.0,23.152310860723148,67.47677402676007,-80.75
1773080259.7805338,62.8898182985966,0.17208364015422517,-7.2465441587008455,0.255106323046333,-1.224497706335846,9.747474666886495,0.000340578800185507,-0.0010363000901794958,0.0,23.152310860723148,67.47677402676007,-80.75
1773080259.7977588,62.8898182985966,0.17208364015422517,-7.2465441587008455,0.2568755653888211,-1.2299253417536173,9.744974307315463,-0.000681157600371014,0.0020726001803589916,-0.001090830782496456,23.152310860723148,67.47677402676007,-80.75
1773080259.8159664,62.8898182985966,0.17208364015422517,-7.2465441587008455,0.258052976404015,-1.233537372493484,9.743310345951787,0.000340578800185507,-0.0010363000901794958,-0.001090830782496456,23.152310860723148,67.47677402676007,-80.75
1773080259.832557,62.8898182985966,0.17208364015422517,-7.2465441587008455,0.258052976404015,-1.233537372493484,9.743310345951787,0.000340578800185507,-0.0010363000901794958,-0.001090830782496456,23.152310860723148,67.47677402676007,-80.75
1773080259.8531332,62.8898182985966,0.17208364015422517,-7.2465441587008455,0.25883653028208364,-1.235941138601838,9.738857886544608,-0.000681157600371014,0.0020726001803589916,0.001090830782496456,23.31426174910796,68.38525320084793,-80.75
1773080259.8661528,62.8898182985966,0.17208364015422517,-7.2465441587008455,0.2604470468368697,-1.2301406297348305,9.73923993625368,0.000340578800185507,-0.0010363000901794958,0.002181661564992912,23.31426174910796,68.38525320084793,-80.75
1773080259.878667,62.8898182985966,0.17208364015422517,-7.2465441587008455,0.2604470468368697,-1.2301406297348305,9.73923993625368,0.000340578800185507,-0.0010363000901794958,0.002181661564992912,23.31426174910796,68.38525320084793,-80.75
1773080259.8939152,62.8898182985966,0.17208364015422517,-7.2465441587008455,0.2615188276134311,-1.2262804558797666,9.742839297774612,0.000340578800185507,-0.0010363000901794958,0.0,23.31426174910796,68.38525320084793,-80.75
1773080259.906869,62.8898182985966,0.17208364015422517,-7.2465441587008455,0.262232085747657,-1.223711553300189,9.74523463265929,-0.000340578800185507,0.0010363000901794958,-0.001090830782496456,23.807111572861647,68.0867062175673,-80.0
1773080259.9187515,62.8898182985966,0.17208364015422517,-7.2465441587008455,0.262232085747657,-1.223711553300189,9.74523463265929,-0.000340578800185507,0.0010363000901794958,-0.001090830782496456,23.807111572861647,68.0867062175673,-80.0
1773080259.9322863,62.8898182985966,0.17208364015422517,-7.2465441587008455,0.2605732712752298,-1.226224276305816,9.746828701267399,-0.0017320213801734845,-0.0017174576905505097,-0.001090830782496456,23.807111572861647,68.0867062175673,-80.0
1773080259.9559555,62.8898182985966,0.17208364015422517,-7.2465441587008455,0.25842493918266396,-1.2247185760126293,9.744544424411863,-0.0027537577807300057,0.0013914425799879775,-0.001090830782496456,23.807111572861647,68.0867062175673,-80.0
1773080259.9832728,62.8898182985966,0.17208364015422517,-7.2465441587008455,0.25842493918266396,-1.2247185760126293,9.744544424411863,-0.0027537577807300057,0.0013914425799879775,-0.001090830782496456,23.807111572861647,68.0867062175673,-80.0
1773080260.0017169,62.8898182985966,0.17208364015422517,-7.2465441587008455,0.25699524817350333,-1.223716549287288,9.73967915197423,0.000681157600371014,-0.0020726001803589916,0.0,23.670515477965832,68.50233556790148,-81.1875
1773080260.0156314,62.8898182985966,0.17208364015422517,-7.2465441587008455,0.25699524817350333,-1.223716549287288,9.73967915197423,0.000681157600371014,-0.0020726001803589916,0.0,23.670515477965832,68.50233556790148,-81.1875
1773080260.0415752,62.8898182985966,0.17208364015422517,-7.2465441587008455,0.25604380477760197,-1.223049711694945,9.736441367515638,0.0003551424898084818,0.0024131789805444987,0.0,23.670515477965832,68.50233556790148,-81.1875
1773080260.0541232,62.8898182985966,0.17208364015422517,-7.2465441587008455,0.2554106298259487,-1.2226059387263049,9.740976881541506,-0.0010363000901794958,-0.000340578800185507,0.002181661564992912,23.9241939399152,67.73045248870943,-82.0625
1773080260.0718827,62.8898182985966,0.17208364015422517,-7.2465441587008455,0.2554106298259487,-1.2226059387263049,9.740976881541506,-0.0010363000901794958,-0.000340578800185507,0.002181661564992912,23.9241939399152,67.73045248870943,-82.0625
1773080260.089821,62.8898182985966,0.17208364015422517,-7.2465441587008455,0.25498925896865116,-1.2223106127729437,9.74399521546071,-0.000681157600371014,0.0020726001803589916,-0.001090830782496456,23.9241939399152,67.73045248870943,-82.0625
1773080260.1030219,62.8898182985966,0.17208364015422517,-7.2465441587008455,0.25788673075461693,-1.2210696670586516,9.746003882966942,0.0010363000901794958,0.000340578800185507,-0.002181661564992912,23.9241939399152,67.73045248870943,-82.0625
1773080260.1151514,62.8898182985966,0.17208364015422517,-7.2465441587008455,0.25788673075461693,-1.2210696670586516,9.746003882966942,0.0010363000901794958,0.000340578800185507,-0.002181661564992912,23.9241939399152,67.73045248870943,-82.0625
1773080260.127358,62.8898182985966,0.17208364015422517,-7.2465441587008455,0.2608593754526338,-1.2234217209325384,9.747340628754053,-0.0010363000901794958,-0.000340578800185507,-0.004363323129985824,23.152310860723148,67.47677402676007,-81.25
1773080260.1436365,62.8898182985966,0.17208364015422517,-7.2465441587008455,0.2608593754526338,-1.2234217209325384,9.747340628754053,-0.0010363000901794958,-0.000340578800185507,-0.004363323129985824,23.152310860723148,67.47677402676007,-81.25
1773080260.1668048,62.8898182985966,0.17208364015422517,-7.2465441587008455,0.26283763729254705,-1.2249869865114469,9.748230218142945,0.0010363000901794958,0.000340578800185507,-0.001090830782496456,23.152310860723148,67.47677402676007,-81.25
1773080260.1892104,62.8898182985966,0.17208364015422517,-7.2465441587008455,0.26415414844837654,-1.2260286532690483,9.748822229943888,-1.4563689622974668e-05,-0.0034494790707239945,0.0,23.31426174910796,68.38525320084793,-81.25
1773080260.2175953,62.8898182985966,0.17208364015422517,-7.2465441587008455,0.26289679212304884,-1.2309441698358656,9.75256131889153,0.0006957212899939887,0.0013768788903650029,0.001090830782496456,23.31426174910796,68.38525320084793,-81.25
1773080260.232079,62.8898182985966,0.17208364015422517,-7.2465441587008455,0.26289679212304884,-1.2309441698358656,9.75256131889153,0.0006957212899939887,0.0013768788903650029,0.001090830782496456,23.31426174910796,68.38525320084793,-81.25
1773080260.250641,62.8898182985966,0.17208364015422517,-7.2465441587008455,0.26101562594279637,-1.2310375018166884,9.755049640817825,0.000340578800185507,-0.0010363000901794958,0.0,23.31426174910796,68.38525320084793,-81.25
1773080260.2672975,62.8898182985966,0.17208364015422517,-7.2465441587008455,0.2597637308638415,-1.2310996132073393,9.756705591263398,0.0010363000901794958,0.000340578800185507,-0.002181661564992912,23.450857844003774,67.96962385051374,-81.5625
1773080260.2837272,62.8898182985966,0.17208364015422517,-7.2465441587008455,0.25893060867338136,-1.2311409476439876,9.75111738437211,0.000681157600371014,-0.0020726001803589916,0.0,23.450857844003774,67.96962385051374,-81.5625
1773080260.296184,62.8898182985966,0.17208364015422517,-7.2465441587008455,0.25893060867338136,-1.2311409476439876,9.75111738437211,0.000681157600371014,-0.0020726001803589916,0.0,23.450857844003774,67.96962385051374,-81.5625
1773080260.3089032,17.68503276051764,-2.843004108734449,-7.304684208254365,0.2583761751622148,-1.2311684552498414,9.74739849511032,-0.0006957212899939887,-0.0013768788903650029,0.001090830782496456,23.450857844003774,67.96962385051374,-81.5625
1773080260.3207417,17.68503276051764,-2.843004108734449,-7.304684208254365,0.2583761751622148,-1.2311684552498414,9.74739849511032,-0.0006957212899939887,-0.0013768788903650029,0.001090830782496456,23.450857844003774,67.96962385051374,-81.5625
1773080260.3366203,62.8898182985966,0.17208364015422517,-7.2465441587008455,0.25800720585396153,-1.2311867612542569,9.744923615849313,-0.0010363000901794958,-0.000340578800185507,-0.002181661564992912,24.103989680243206,68.1842748567786,-80.75
1773080260.359009,62.8898182985966,0.17208364015422517,-7.2465441587008455,0.2577616609009763,-1.231198943695704,9.743276611347325,-0.0013768788903650029,0.0006957212899939887,0.002181661564992912,24.103989680243206,68.1842748567786,-80.75
1773080260.3779368,62.8898182985966,0.17208364015422517,-7.2465441587008455,0.2577616609009763,-1.231198943695704,9.743276611347325,-0.0013768788903650029,0.0006957212899939887,0.002181661564992912,24.103989680243206,68.1842748567786,-80.75
1773080260.3990567,62.8898182985966,0.17208364015422517,-7.2465441587008455,0.2565538438863441,-1.228029161589924,9.745525659956817,0.000681157600371014,-0.0020726001803589916,0.001090830782496456,24.103989680243206,68.1842748567786,-80.75
1773080260.4161432,62.8898182985966,0.17208364015422517,-7.2465441587008455,0.25575005515530647,-1.2259197070073133,9.750367488390234,0.0010217364005565212,-0.0031089002705384874,0.0,22.601754291392222,68.15108846674082,-81.25
1773080260.4288619,62.8898182985966,0.17208364015422517,-7.2465441587008455,0.25575005515530647,-1.2259197070073133,9.750367488390234,0.0010217364005565212,-0.0031089002705384874,0.0,22.601754291392222,68.15108846674082,-81.25
1773080260.4422007,62.8898182985966,0.17208364015422517,-7.2465441587008455,0.252037253349233,-1.225560298138075,9.753589671125905,-0.00171745769055051,0.0017320213801734845,-0.002181661564992912,22.601754291392222,68.15108846674082,-81.25
1773080260.454481,62.8898182985966,0.17208364015422517,-7.2465441587008455,0.2495664252220048,-1.2253211155504573,9.749043774327717,-0.0013768788903650029,0.0006957212899939887,-0.001090830782496456,22.601754291392222,68.15108846674082,-81.25
1773080260.4712102,62.8898182985966,0.17208364015422517,-7.2465441587008455,0.2495664252220048,-1.2253211155504573,9.749043774327717,-0.0013768788903650029,0.0006957212899939887,-0.001090830782496456,22.601754291392222,68.15108846674082,-81.25
1773080260.483503,62.8898182985966,0.17208364015422517,-7.2465441587008455,0.2542778954732459,-1.2230731230275673,9.746018530789517,-0.0010217364005565212,0.0031089002705384874,-0.002181661564992912,23.665508850268623,67.31649201427432,-80.5
1773080260.4955745,62.8898182985966,0.17208364015422517,-7.2465441587008455,0.2542778954732459,-1.2230731230275673,9.746018530789517,-0.0010217364005565212,0.0031089002705384874,-0.002181661564992912,23.665508850268623,67.31649201427432,-80.5
1773080260.5092912,62.8898182985966,0.17208364015422517,-7.2465441587008455,0.2574133262948757,-1.221577109115306,9.74400526500903,-0.0010363000901794958,-0.000340578800185507,0.001090830782496456,23.665508850268623,67.31649201427432,-80.5
1773080260.527251,62.8898182985966,0.17208364015422517,-7.2465441587008455,0.26054433007295036,-1.223759417952743,9.742665459121767,-0.0006957212899939887,-0.0013768788903650029,-0.001090830782496456,23.665508850268623,67.31649201427432,-80.5
1773080260.5441225,62.8898182985966,0.17208364015422517,-7.2465441587008455,0.26054433007295036,-1.223759417952743,9.742665459121767,-0.0006957212899939887,-0.0013768788903650029,-0.001090830782496456,23.665508850268623,67.31649201427432,-80.5
1773080260.5595446,62.8898182985966,0.17208364015422517,-7.2465441587008455,0.2584056791358414,-1.223078240312931,9.741773833270406,0.0020726001803589916,0.000681157600371014,0.001090830782496456,24.79197678241947,67.29197165873485,-81.25
1773080260.5785048,62.8898182985966,0.17208364015422517,-7.2465441587008455,0.2569824308274918,-1.222624924202889,9.747870689641077,0.000340578800185507,-0.0010363000901794958,-0.001090830782496456,24.79197678241947,67.29197165873485,-81.25
1773080260.5931556,62.8898182985966,0.17208364015422517,-7.2465441587008455,0.2569824308274918,-1.222624924202889,9.747870689641077,0.000340578800185507,-0.0010363000901794958,-0.001090830782496456,24.79197678241947,67.29197165873485,-81.25
1773080260.6073503,62.8898182985966,0.17208364015422517,-7.2465441587008455,0.2560352749770104,-1.2223232473955288,9.751928079449412,-0.0027537577807300057,0.0013914425799879775,-0.002181661564992912,24.79197678241947,67.29197165873485,-81.25
1773080260.6238608,62.8898182985966,0.17208364015422517,-7.2465441587008455,0.25540495333893914,-1.2221224848501815,9.757973338750164,0.0010217364005565212,-0.0031089002705384874,-0.001090830782496456,24.323647314205257,68.71698657416633,-81.5625
1773080260.6362903,62.8898182985966,0.17208364015422517,-7.2465441587008455,0.25540495333893914,-1.2221224848501815,9.757973338750164,0.0010217364005565212,-0.0031089002705384874,-0.001090830782496456,24.323647314205257,68.71698657416633,-81.5625
1773080260.649585,62.8898182985966,0.17208364015422517,-7.2465441587008455,0.25602989092129413,-1.2251667690033936,9.755306167870204,0.0013768788903650029,-0.0006957212899939887,-0.001090830782496456,24.323647314205257,68.71698657416633,-81.5625
1773080260.6622622,62.8898182985966,0.17208364015422517,-7.2465441587008455,0.2554013703100038,-1.2240148167159979,9.753531195443841,-0.0446303865139244,0.13230583274278995,-0.002181661564992912,24.323647314205257,68.71698657416633,-81.5625
1773080260.6768076,62.8898182985966,0.17208364015422517,-7.2465441587008455,0.2554013703100038,-1.2240148167159979,9.753531195443841,-0.0446303865139244,0.13230583274278995,-0.002181661564992912,24.323647314205257,68.71698657416633,-81.5625
1773080260.6921768,62.8898182985966,0.17208364015422517,-7.2465441587008455,0.25602750645556277,-1.2264260947213625,9.752349971121838,0.000340578800185507,-0.0010363000901794958,0.001090830782496456,23.96739358534739,68.59990420711277,-80.5
1773080260.707248,62.8898182985966,0.17208364015422517,-7.2465441587008455,0.25539978347469583,-1.224852883913716,9.751563879530686,-0.000340578800185507,0.0010363000901794958,0.0,23.96739358534739,68.59990420711277,-80.5
1773080260.7197871,62.8898182985966,0.17208364015422517,-7.2465441587008455,0.25539978347469583,-1.224852883913716,9.751563879530686,-0.000340578800185507,0.0010363000901794958,0.0,23.96739358534739,68.59990420711277,-80.5
1773080260.7345538,62.8898182985966,0.17208364015422517,-7.2465441587008455,0.2549820408430541,-1.2238059296951436,9.754385856065312,0.00171745769055051,-0.0017320213801734845,0.002181661564992912,23.96739358534739,68.59990420711277,-80.5
1773080260.7486532,62.8898182985966,0.17208364015422517,-7.2465441587008455,0.2549820408430541,-1.2238059296951436,9.754385856065312,0.00171745769055051,-0.0017320213801734845,0.002181661564992912,23.96739358534739,68.59990420711277,-80.5
1773080260.775487,62.8898182985966,0.17208364015422517,-7.2465441587008455,0.2547040377881874,-1.2231091933579283,9.752918738218243,0.0,0.0,0.0,23.9241939399152,67.73045248870943,-81.5625
1773080260.7936072,62.8898182985966,0.17208364015422517,-7.2465441587008455,0.258741328836485,-1.2247790029017056,9.751942387679799,-0.000681157600371014,0.0020726001803589916,-0.002181661564992912,23.9241939399152,67.73045248870943,-81.5625
1773080260.805982,62.8898182985966,0.17208364015422517,-7.2465441587008455,0.258741328836485,-1.2247790029017056,9.751942387679799,-0.000681157600371014,0.0020726001803589916,-0.002181661564992912,23.9241939399152,67.73045248870943,-81.5625
1773080260.819343,62.8898182985966,0.17208364015422517,-7.2465441587008455,0.26247251052096826,-1.229068131884571,9.751292637303013,-0.00171745769055051,0.0017320213801734845,0.0,23.9241939399152,67.73045248870943,-81.5625
1773080260.8335614,62.8898182985966,0.17208364015422517,-7.2465441587008455,0.26247251052096826,-1.229068131884571,9.751292637303013,-0.00171745769055051,0.0017320213801734845,0.0,23.9241939399152,67.73045248870943,-81.5625
1773080260.8536594,62.8898182985966,0.17208364015422517,-7.2465441587008455,0.2639111606606242,-1.2287446099254813,9.750860235685451,-0.0010363000901794958,-0.000340578800185507,-0.001090830782496456,25.32802625160535,67.86287639385758,-81.1875
1773080260.8670323,62.8898182985966,0.17208364015422517,-7.2465441587008455,0.26486856625779015,-1.2285293096756844,9.750572477239205,-0.0010363000901794958,-0.000340578800185507,0.0,25.32802625160535,67.86287639385758,-81.1875
1773080260.9000463,62.8898182985966,0.17208364015422517,-7.2465441587008455,0.26232781960330637,-1.229430439355843,9.747035865500381,0.0006957212899939887,0.0013768788903650029,-0.003272492347489368,25.32802625160535,67.86287639385758,-81.1875
1773080260.9203172,62.8898182985966,0.17208364015422517,-7.2465441587008455,0.2638148704712236,-1.2289857215003732,9.744682289894737,-0.0010363000901794958,-0.000340578800185507,0.0,24.021762579126495,67.43357438132787,-81.5625
1773080260.9485805,62.8898182985966,0.17208364015422517,-7.2465441587008455,0.26480448621237596,-1.2286897667353822,9.7531513467423,-0.0006957212899939887,-0.0013768788903650029,0.001090830782496456,24.021762579126495,67.43357438132787,-81.5625
1773080260.9811814,62.8898182985966,0.17208364015422517,-7.2465441587008455,0.26480448621237596,-1.2286897667353822,9.7531513467423,-0.0006957212899939887,-0.0013768788903650029,0.001090830782496456,24.021762579126495,67.43357438132787,-81.5625
1773080261.0005417,62.8898182985966,0.17208364015422517,-7.2465441587008455,0.26441865484204335,-1.2253149227608355,9.75878740946879,-0.000340578800185507,0.0010363000901794958,-0.001090830782496456,24.79197678241947,67.29197165873485,-80.5
1773080261.0202725,62.8898182985966,0.17208364015422517,-7.2465441587008455,0.26202840858196674,-1.227291300771066,9.755847922839683,0.000340578800185507,-0.0010363000901794958,0.0,24.79197678241947,67.29197165873485,-80.5
1773080261.0372071,62.8898182985966,0.17208364015422517,-7.2465441587008455,0.26043772639668605,-1.2286065582592853,9.75389172732423,0.0,0.0,-0.002181661564992912,24.79197678241947,67.29197165873485,-80.5
1773080261.0512366,62.8898182985966,0.17208364015422517,-7.2465441587008455,0.26043772639668605,-1.2286065582592853,9.75389172732423,0.0,0.0,-0.002181661564992912,24.79197678241947,67.29197165873485,-80.5
1773080261.0682893,62.8898182985966,0.17208364015422517,-7.2465441587008455,0.25937914517146593,-1.2294818474253064,9.752589901060833,0.000340578800185507,-0.0010363000901794958,0.0,23.9241939399152,67.73045248870943,-81.5625
1773080261.085586,62.8898182985966,0.17208364015422517,-7.2465441587008455,0.2586746711912091,-1.2300643425876727,9.751723550224893,0.0003551424898084818,0.0024131789805444987,0.0,23.9241939399152,67.73045248870943,-81.5625
1773080261.0982387,62.8898182985966,0.17208364015422517,-7.2465441587008455,0.2586746711912091,-1.2300643425876727,9.751723550224893,0.0003551424898084818,0.0024131789805444987,0.0,23.9241939399152,67.73045248870943,-81.5625
1773080261.1124704,62.8898182985966,0.17208364015422517,-7.2465441587008455,0.26033933141997717,-1.2262296876355165,9.751147003421348,0.0003551424898084818,0.0024131789805444987,-0.001090830782496456,23.9241939399152,67.73045248870943,-81.5625
1773080261.1257842,62.8898182985966,0.17208364015422517,-7.2465441587008455,0.26033933141997717,-1.2262296876355165,9.751147003421348,0.0003551424898084818,0.0024131789805444987,-0.001090830782496456,23.9241939399152,67.73045248870943,-81.5625
1773080261.1555994,62.8898182985966,0.17208364015422517,-7.2465441587008455,0.2614471442067492,-1.223677767600759,9.75076331796404,-1.4563689622974668e-05,-0.0034494790707239945,0.0,23.96739358534739,68.59990420711277,-82.0
1773080261.1778057,62.8898182985966,0.17208364015422517,-7.2465441587008455,0.26218438124126625,-1.2219794933244426,9.750507979578249,-0.0006957212899939887,-0.0013768788903650029,-0.001090830782496456,23.96739358534739,68.59990420711277,-82.0
1773080261.1959658,62.8898182985966,0.17208364015422517,-7.2465441587008455,0.2626750042522601,-1.2208493107645206,9.75033805473482,-0.0013768788903650029,0.0006957212899939887,-0.001090830782496456,23.96739358534739,68.59990420711277,-82.0
1773080261.215367,62.8898182985966,0.17208364015422517,-7.2465441587008455,0.25982361900098194,-1.2211415964871963,9.750224971649704,-0.0013768788903650029,0.0006957212899939887,-0.001090830782496456,23.567940211057326,67.61337012165588,-81.25
1773080261.2294683,62.8898182985966,0.17208364015422517,-7.2465441587008455,0.25982361900098194,-1.2211415964871963,9.750224971649704,-0.0013768788903650029,0.0006957212899939887,-0.001090830782496456,23.567940211057326,67.61337012165588,-81.25
1773080261.2457588,62.8898182985966,0.17208364015422517,-7.2465441587008455,0.26323742314593207,-1.2160694008034405,9.75683993953442,0.0010363000901794958,0.000340578800185507,0.0,23.567940211057326,67.61337012165588,-81.25
1773080261.260293,62.8898182985966,0.17208364015422517,-7.2465441587008455,0.262331382285229,-1.2137383208273769,9.754551903353025,0.0006957212899939887,0.0013768788903650029,-0.001090830782496456,23.567940211057326,67.61337012165588,-81.25
1773080261.2728717,62.8898182985966,0.17208364015422517,-7.2465441587008455,0.262331382285229,-1.2137383208273769,9.754551903353025,0.0006957212899939887,0.0013768788903650029,-0.001090830782496456,23.567940211057326,67.61337012165588,-81.25
1773080261.2863243,62.8898182985966,0.17208364015422517,-7.2465441587008455,0.262772831804908,-1.2153649025276523,9.756374352540666,0.0013768788903650029,-0.0006957212899939887,-0.001090830782496456,24.021762579126495,67.43357438132787,-80.875
1773080261.30392,62.8898182985966,0.17208364015422517,-7.2465441587008455,0.26411102112027757,-1.2196252638635539,9.75758717211695,-0.0010363000901794958,-0.000340578800185507,0.0,24.021762579126495,67.43357438132787,-80.875
1773080261.3166764,62.8898182985966,0.17208364015422517,-7.2465441587008455,0.26411102112027757,-1.2196252638635539,9.75758717211695,-0.0010363000901794958,-0.000340578800185507,0.0,24.021762579126495,67.43357438132787,-80.875
1773080261.3434892,62.8898182985966,0.17208364015422517,-7.2465441587008455,0.26500157116110185,-1.2224604867412419,9.758394289996883,0.0,0.0,0.0,24.021762579126495,67.43357438132787,-80.875
1773080261.361576,62.8898182985966,0.17208364015422517,-7.2465441587008455,0.2655942222651746,-1.2243472958948285,9.7622765296372,0.0013768788903650029,-0.0006957212899939887,0.001090830782496456,23.9241939399152,67.73045248870943,-81.5625
1773080261.3751044,62.8898182985966,0.17208364015422517,-7.2465441587008455,0.2655942222651746,-1.2243472958948285,9.7622765296372,0.0013768788903650029,-0.0006957212899939887,0.001090830782496456,23.9241939399152,67.73045248870943,-81.5625
1773080261.3947034,62.8898182985966,0.17208364015422517,-7.2465441587008455,0.2649442153632511,-1.2224250569250248,9.764860116750373,0.0010363000901794958,0.000340578800185507,0.001090830782496456,23.9241939399152,67.73045248870943,-81.5625
1773080261.4126873,62.8898182985966,0.17208364015422517,-7.2465441587008455,0.26133375364659744,-1.222190237954774,9.759889241698993,-0.000340578800185507,0.0010363000901794958,0.0,23.9241939399152,67.73045248870943,-81.5625
1773080261.4251585,62.8898182985966,0.17208364015422517,-7.2465441587008455,0.26133375364659744,-1.222190237954774,9.759889241698993,-0.000340578800185507,0.0010363000901794958,0.0,23.9241939399152,67.73045248870943,-81.5625
1773080261.444005,62.8898182985966,0.17208364015422517,-7.2465441587008455,0.26315333068147817,-1.2241674483463107,9.753236068173292,0.0,0.0,0.001090830782496456,23.9241939399152,67.73045248870943,-81.5625
1773080261.4581614,62.8898182985966,0.17208364015422517,-7.2465441587008455,0.26118634948770764,-1.2265276693663287,9.752153567220075,0.000681157600371014,-0.0020726001803589916,0.002181661564992912,23.9241939399152,67.73045248870943,-81.5625
1773080261.470266,62.8898182985966,0.17208364015422517,-7.2465441587008455,0.26118634948770764,-1.2265276693663287,9.752153567220075,0.000681157600371014,-0.0020726001803589916,0.002181661564992912,23.9241939399152,67.73045248870943,-81.5625
1773080261.4846818,62.8898182985966,0.17208364015422517,-7.2465441587008455,0.262010825269012,-1.2238760711139405,9.754778286635357,-0.0010363000901794958,-0.000340578800185507,0.0,23.9241939399152,67.73045248870943,-81.5625
1773080261.5067732,62.8898182985966,0.17208364015422517,-7.2465441587008455,0.2625595046914721,-1.2221114620972695,9.75987011979351,0.000340578800185507,-0.0010363000901794958,-0.001090830782496456,23.665508850268623,67.31649201427432,-80.75
1773080261.5366328,62.8898182985966,0.17208364015422517,-7.2465441587008455,0.2629246447179686,-1.2209371345086493,9.759913566173438,-0.0010363000901794958,-0.000340578800185507,0.003272492347489368,23.665508850268623,67.31649201427432,-80.75
1773080261.5580888,62.8898182985966,0.17208364015422517,-7.2465441587008455,0.25890068174044256,-1.2286002305681487,9.753252255839314,-0.000340578800185507,0.0010363000901794958,-0.001090830782496456,23.665508850268623,67.31649201427432,-80.75
1773080261.5770278,62.8898182985966,0.17208364015422517,-7.2465441587008455,0.25890068174044256,-1.2286002305681487,9.753252255839314,-0.000340578800185507,0.0010363000901794958,-0.001090830782496456,23.665508850268623,67.31649201427432,-80.75
1773080261.589667,62.8898182985966,0.17208364015422517,-7.2465441587008455,0.25413396014683604,-1.227344156624401,9.748819228223667,0.0013768788903650029,-0.0006957212899939887,-0.002181661564992912,23.567940211057326,67.61337012165588,-81.1875
1773080261.6025596,62.8898182985966,0.17208364015422517,-7.2465441587008455,0.2583619485343501,-1.2275973236479036,9.745869097865615,-0.000340578800185507,0.0010363000901794958,-0.003272492347489368,23.567940211057326,67.61337012165588,-81.1875
1773080261.6171045,62.8898182985966,0.17208364015422517,-7.2465441587008455,0.2583619485343501,-1.2275973236479036,9.745869097865615,-0.000340578800185507,0.0010363000901794958,-0.003272492347489368,23.567940211057326,67.61337012165588,-81.1875
1773080261.633828,62.8898182985966,0.17208364015422517,-7.2465441587008455,0.2611756275765159,-1.227765803473984,9.750596042482087,-0.0006957212899939887,-0.0013768788903650029,0.0,23.567940211057326,67.61337012165588,-81.1875
1773080261.654484,62.8898182985966,0.17208364015422517,-7.2465441587008455,0.2630480995482229,-1.2278779249161973,9.753741771320918,0.0010363000901794958,0.000340578800185507,0.003272492347489368,24.021762579126495,67.43357438132787,-79.5625
1773080261.6756883,62.8898182985966,0.17208364015422517,-7.2465441587008455,0.2630480995482229,-1.2278779249161973,9.753741771320918,0.0010363000901794958,0.000340578800185507,0.003272492347489368,24.021762579126495,67.43357438132787,-79.5625
1773080261.7012024,62.8898182985966,0.17208364015422517,-7.2465441587008455,0.26429420872851145,-1.2279525404835119,9.755835218723066,0.00171745769055051,-0.0017320213801734845,0.0,24.021762579126495,67.43357438132787,-79.5625
1773080261.7202458,62.8898182985966,0.17208364015422517,-7.2465441587008455,0.2651234804680418,-1.228002196310049,9.757228384583856,-0.0010363000901794958,-0.000340578800185507,0.0,23.665508850268623,67.31649201427432,-81.5625
1773080261.736521,62.8898182985966,0.17208364015422517,-7.2465441587008455,0.2646309419557896,-1.2248573523234412,9.75481040919421,0.0,0.0,0.0,23.665508850268623,67.31649201427432,-81.5625
1773080261.7576773,62.8898182985966,0.17208364015422517,-7.2465441587008455,0.2621696832847625,-1.2269867927563767,9.756546385290275,-0.0013768788903650029,0.0006957212899939887,-0.001090830782496456,23.665508850268623,67.31649201427432,-81.5625
1773080261.779425,62.8898182985966,0.17208364015422517,-7.2465441587008455,0.2621696832847625,-1.2269867927563767,9.756546385290275,-0.0013768788903650029,0.0006957212899939887,-0.001090830782496456,23.665508850268623,67.31649201427432,-81.5625
1773080261.7952907,62.8898182985966,0.17208364015422517,-7.2465441587008455,0.2594873335419173,-1.2252260221926103,9.757701657990081,0.0,0.0,-0.001090830782496456,23.665508850268623,67.31649201427432,-80.0625
1773080261.8114812,62.8898182985966,0.17208364015422517,-7.2465441587008455,0.2587466693432012,-1.2272321384359965,9.76181559077388,0.0013768788903650029,-0.0006957212899939887,0.0,23.665508850268623,67.31649201427432,-80.0625
1773080261.8250747,62.8898182985966,0.17208364015422517,-7.2465441587008455,0.26143165497719323,-1.2275227767948456,9.76120825537854,-0.0003551424898084818,-0.0024131789805444987,0.0,23.665508850268623,67.31649201427432,-80.0625
1773080261.8431728,62.8898182985966,0.17208364015422517,-7.2465441587008455,0.26143165497719323,-1.2275227767948456,9.76120825537854,-0.0003551424898084818,-0.0024131789805444987,0.0,23.665508850268623,67.31649201427432,-80.0625
1773080261.86705,62.8898182985966,0.17208364015422517,-7.2465441587008455,0.2632184829233602,-1.2277161933760168,9.75745896875,-0.0006957212899939887,-0.0013768788903650029,0.001090830782496456,23.665508850268623,67.31649201427432,-81.5625
1773080261.8931594,62.8898182985966,0.17208364015422517,-7.2465441587008455,0.2601852979855445,-1.2257114301570422,9.754963860380984,-0.000340578800185507,0.0010363000901794958,0.0,23.665508850268623,67.31649201427432,-81.5625
1773080261.9161415,62.8898182985966,0.17208364015422517,-7.2465441587008455,0.25498885790784764,-1.2254216922208245,9.749958281926272,0.000340578800185507,-0.0010363000901794958,-0.001090830782496456,23.665508850268623,67.31649201427432,-81.5625
1773080261.9296715,62.8898182985966,0.17208364015422517,-7.2465441587008455,0.25498885790784764,-1.2254216922208245,9.749958281926272,0.000340578800185507,-0.0010363000901794958,-0.001090830782496456,23.665508850268623,67.31649201427432,-81.5625
1773080261.9463568,62.8898182985966,0.17208364015422517,-7.2465441587008455,0.2525750946755169,-1.228406764245333,9.749972237087956,0.000681157600371014,-0.0020726001803589916,0.0,23.670515477965832,68.50233556790148,-82.0625
1773080261.9733784,62.8898182985966,0.17208364015422517,-7.2465441587008455,0.2541466515923792,-1.2293488867408664,9.746636412384847,-1.4563689622974668e-05,-0.0034494790707239945,0.001090830782496456,23.670515477965832,68.50233556790148,-82.0625
1773080261.9916396,62.8898182985966,0.17208364015422517,-7.2465441587008455,0.2541466515923792,-1.2293488867408664,9.746636412384847,-1.4563689622974668e-05,-0.0034494790707239945,0.001090830782496456,23.670515477965832,68.50233556790148,-82.0625
1773080262.0196624,62.8898182985966,0.17208364015422517,-7.2465441587008455,0.25519250516511005,-1.2299758587374463,9.744416458308532,0.0,0.0,-0.001090830782496456,23.670515477965832,68.50233556790148,-82.0625
1773080262.0406795,62.8898182985966,0.17208364015422517,-7.2465441587008455,0.2558885090348124,-1.2303931015974339,9.742939103669256,-0.0010363000901794958,-0.000340578800185507,-0.001090830782496456,24.103989680243206,68.1842748567786,-81.1875
1773080262.0547209,62.8898182985966,0.17208364015422517,-7.2465441587008455,0.25317380245075033,-1.2317151816511847,9.745301052367271,0.0,0.0,0.0,24.103989680243206,68.1842748567786,-81.1875
1773080262.075587,62.8898182985966,0.17208364015422517,-7.2465441587008455,0.25317380245075033,-1.2317151816511847,9.745301052367271,0.0,0.0,0.0,24.103989680243206,68.1842748567786,-81.1875
1773080262.089903,62.8898182985966,0.17208364015422517,-7.2465441587008455,0.25454508492879296,-1.2315506015670168,9.746872902841103,-0.000681157600371014,0.0020726001803589916,-0.001090830782496456,24.103989680243206,68.1842748567786,-81.1875
1773080262.1018617,62.8898182985966,0.17208364015422517,-7.2465441587008455,0.25454508492879296,-1.2315506015670168,9.746872902841103,-0.000681157600371014,0.0020726001803589916,-0.001090830782496456,24.103989680243206,68.1842748567786,-81.1875
1773080262.1144779,62.8898182985966,0.17208364015422517,-7.2465441587008455,0.2554576580997014,-1.231441075359483,9.747918951772718,0.0013768788903650029,-0.0006957212899939887,0.001090830782496456,23.567940211057326,67.61337012165588,-80.0
1773080262.1276066,62.8898182985966,0.17208364015422517,-7.2465441587008455,0.2560649653508307,-1.2313681868918573,9.748615085651576,0.000681157600371014,-0.0020726001803589916,0.001090830782496456,23.567940211057326,67.61337012165588,-80.0
1773080262.1540368,62.8898182985966,0.17208364015422517,-7.2465441587008455,0.2532912321579143,-1.2323640900222073,9.745733243264311,0.0,0.0,0.001090830782496456,23.567940211057326,67.61337012165588,-80.0
1773080262.1762738,62.8898182985966,0.17208364015422517,-7.2465441587008455,0.2532912321579143,-1.2323640900222073,9.745733243264311,0.0,0.0,0.001090830782496456,23.567940211057326,67.61337012165588,-80.0
1773080262.2010505,62.8898182985966,0.17208364015422517,-7.2465441587008455,0.2514453437026584,-1.2330268524304882,9.750505632762515,0.0006957212899939887,0.0013768788903650029,-0.001090830782496456,23.249879499934444,67.17989591937851,-81.5625
1773080262.2223234,62.8898182985966,0.17208364015422517,-7.2465441587008455,0.2565727043245636,-1.2313790942269833,9.753681604662486,0.0017028940009275351,-0.0051815004508974786,-0.001090830782496456,23.249879499934444,67.17989591937851,-81.5625
1773080262.2370036,62.8898182985966,0.17208364015422517,-7.2465441587008455,0.2565727043245636,-1.2313790942269833,9.753681604662486,0.0017028940009275351,-0.0051815004508974786,-0.001090830782496456,23.249879499934444,67.17989591937851,-81.5625
1773080262.2523024,-102.4533674497371,-3.838439074199238,-0.5866827697392489,0.25894049595073304,-1.2271046401647396,9.755795178483984,0.0006957212899939887,0.0013768788903650029,-0.002181661564992912,23.249879499934444,67.17989591937851,-81.5625
1773080262.266682,62.8898182985966,0.17208364015422517,-7.2465441587008455,0.25733834544350687,-1.2253044483264344,9.753856626544707,0.0020726001803589916,0.000681157600371014,0.001090830782496456,24.236413585391343,66.78044254508845,-82.0625
1773080262.286736,62.8898182985966,0.17208364015422517,-7.2465441587008455,0.25733834544350687,-1.2253044483264344,9.753856626544707,0.0020726001803589916,0.000681157600371014,0.001090830782496456,24.236413585391343,66.78044254508845,-82.0625
1773080262.2989228,62.8898182985966,0.17208364015422517,-7.2465441587008455,0.25627213217814165,-1.2241064407675026,9.75256654188416,0.0,0.0,-0.001090830782496456,24.236413585391343,66.78044254508845,-82.0625
1773080262.3115077,62.8898182985966,0.17208364015422517,-7.2465441587008455,0.2566069887517611,-1.2264870695041312,9.755053116661077,-0.0013768788903650029,0.0006957212899939887,0.0,24.236413585391343,66.78044254508845,-82.0625
1773080262.3241708,62.8898182985966,0.17208364015422517,-7.2465441587008455,0.2566069887517611,-1.2264870695041312,9.755053116661077,-0.0013768788903650029,0.0006957212899939887,0.0,24.236413585391343,66.78044254508845,-82.0625
1773080262.338258,62.8898182985966,0.17208364015422517,-7.2465441587008455,0.26000772144538814,-1.2270269417436546,9.756707904398255,0.0006957212899939887,0.0013768788903650029,0.0,23.567940211057326,67.61337012165588,-82.5
1773080262.360923,62.8898182985966,0.17208364015422517,-7.2465441587008455,0.2622708710643237,-1.2273862206882895,9.754464035444837,0.0020726001803589916,0.000681157600371014,0.0,23.567940211057326,67.61337012165588,-82.5
1773080262.3755195,62.8898182985966,0.17208364015422517,-7.2465441587008455,0.26377697185468757,-1.2276253168125353,9.752970765721996,0.0,0.0,0.001090830782496456,23.567940211057326,67.61337012165588,-82.5
1773080262.404226,62.8898182985966,0.17208364015422517,-7.2465441587008455,0.26377697185468757,-1.2276253168125353,9.752970765721996,0.0,0.0,0.001090830782496456,23.567940211057326,67.61337012165588,-82.5
1773080262.4274735,62.8898182985966,0.17208364015422517,-7.2465441587008455,0.26160137572195,-1.2288288422036793,9.75532212310968,-0.0020726001803589916,-0.000681157600371014,0.001090830782496456,24.67489441536592,67.64822538759272,-81.25
1773080262.4501126,62.8898182985966,0.17208364015422517,-7.2465441587008455,0.25910913120727713,-1.2264518855227498,9.756886925184801,-0.0013768788903650029,0.0006957212899939887,-0.001090830782496456,24.67489441536592,67.64822538759272,-81.25
1773080262.4649549,62.8898182985966,0.17208364015422517,-7.2465441587008455,0.25531709052981866,-1.229092346379751,9.757928283485809,-0.0006957212899939887,-0.0013768788903650029,0.0,24.67489441536592,67.64822538759272,-81.25
1773080262.4793143,62.8898182985966,0.17208364015422517,-7.2465441587008455,0.25531709052981866,-1.229092346379751,9.757928283485809,-0.0006957212899939887,-0.0013768788903650029,0.0,24.67489441536592,67.64822538759272,-81.25
1773080262.4927528,62.8898182985966,0.17208364015422517,-7.2465441587008455,0.25597141920331634,-1.2298051339928673,9.758621295802396,0.0,0.0,0.001090830782496456,24.889545421630768,66.99509355135329,-80.75
1773080262.5056443,62.8898182985966,0.17208364015422517,-7.2465441587008455,0.2532289782417224,-1.2313238957783743,9.75908248775763,0.0013768788903650029,-0.0006957212899939887,0.002181661564992912,24.889545421630768,66.99509355135329,-80.75
1773080262.524484,62.8898182985966,0.17208364015422517,-7.2465441587008455,0.2532289782417224,-1.2313238957783743,9.75908248775763,0.0013768788903650029,-0.0006957212899939887,0.002181661564992912,24.889545421630768,66.99509355135329,-80.75
1773080262.5440772,62.8898182985966,0.17208364015422517,-7.2465441587008455,0.2545818038013309,-1.2312902051896109,9.759389405851985,0.000340578800185507,-0.0010363000901794958,0.0,24.889545421630768,66.99509355135329,-80.75
1773080262.565467,62.8898182985966,0.17208364015422517,-7.2465441587008455,0.25652650369053603,-1.234445673863614,9.75624854470796,0.000340578800185507,-0.0010363000901794958,-0.001090830782496456,23.450857844003774,67.96962385051374,-82.0
1773080262.5805767,62.8898182985966,0.17208364015422517,-7.2465441587008455,0.25652650369053603,-1.234445673863614,9.75624854470796,0.000340578800185507,-0.0010363000901794958,-0.001090830782496456,23.450857844003774,67.96962385051374,-82.0
1773080262.6085904,62.8898182985966,0.17208364015422517,-7.2465441587008455,0.2609985691275573,-1.235501193425931,9.75081322499501,-0.0006957212899939887,-0.0013768788903650029,-0.001090830782496456,23.450857844003774,67.96962385051374,-82.0
1773080262.6356363,62.8898182985966,0.17208364015422517,-7.2465441587008455,0.2629302691283134,-1.2330257405192504,9.747196080442542,0.000340578800185507,-0.0010363000901794958,0.001090830782496456,23.450857844003774,67.96962385051374,-80.75
1773080262.6509073,62.8898182985966,0.17208364015422517,-7.2465441587008455,0.2629302691283134,-1.2330257405192504,9.747196080442542,0.000340578800185507,-0.0010363000901794958,0.001090830782496456,23.450857844003774,67.96962385051374,-80.75
1773080262.6672268,62.8898182985966,0.17208364015422517,-7.2465441587008455,0.26421579390031363,-1.2313783542624754,9.744788911149026,-0.0013768788903650029,0.0006957212899939887,0.0,23.450857844003774,67.96962385051374,-80.75
1773080262.6851237,62.8898182985966,0.17208364015422517,-7.2465441587008455,0.2650712962758272,-1.230282037111102,9.746532078581353,0.0,0.0,0.0,23.450857844003774,67.96962385051374,-80.75
1773080262.6970234,62.8898182985966,0.17208364015422517,-7.2465441587008455,0.2650712962758272,-1.230282037111102,9.746532078581353,0.0,0.0,0.0,23.450857844003774,67.96962385051374,-80.75
1773080262.7121387,-102.4533674497371,-3.838439074199238,-0.5866827697392489,0.2656406235501438,-1.229552450293528,9.747692137035111,-0.00171745769055051,0.0017320213801734845,0.0,23.152310860723148,67.47677402676007,-80.5
1773080262.7245646,62.8898182985966,0.17208364015422517,-7.2465441587008455,0.26601950449139916,-1.229066918416451,9.748464142977385,0.0,0.0,0.0,23.152310860723148,67.47677402676007,-80.5
1773080262.7448535,62.8898182985966,0.17208364015422517,-7.2465441587008455,0.2630937561409507,-1.2297882119673404,9.748977904308097,-0.0006957212899939887,-0.0013768788903650029,-0.001090830782496456,23.152310860723148,67.47677402676007,-80.5
1773080262.7709708,62.8898182985966,0.17208364015422517,-7.2465441587008455,0.2630937561409507,-1.2297882119673404,9.748977904308097,-0.0006957212899939887,-0.0013768788903650029,-0.001090830782496456,23.152310860723148,67.47677402676007,-80.5
1773080262.8026493,62.8898182985966,0.17208364015422517,-7.2465441587008455,0.2601022937051405,-1.227090335383604,9.749319806734595,0.0,0.0,0.0,23.035228493669596,67.83302775561793,-80.75
1773080262.8205655,62.8898182985966,0.17208364015422517,-7.2465441587008455,0.25811150887093376,-1.2252949286543835,9.749547338980129,0.00171745769055051,-0.0017320213801734845,-0.001090830782496456,23.035228493669596,67.83302775561793,-80.75
1773080262.834892,62.8898182985966,0.17208364015422517,-7.2465441587008455,0.25811150887093376,-1.2252949286543835,9.749547338980129,0.00171745769055051,-0.0017320213801734845,-0.001090830782496456,23.035228493669596,67.83302775561793,-80.75
1773080262.8508687,62.8898182985966,0.17208364015422517,-7.2465441587008455,0.2567866638022929,-1.2241001055320944,9.75304387085515,-0.0010363000901794958,-0.000340578800185507,0.0,23.035228493669596,67.83302775561793,-80.75
1773080262.865229,62.8898182985966,0.17208364015422517,-7.2465441587008455,0.25908288359307796,-1.2222605544999225,9.755370773759156,-0.00171745769055051,0.0017320213801734845,-0.001090830782496456,22.382096657430164,67.61837674935309,-81.5625
1773080262.886819,62.8898182985966,0.17208364015422517,-7.2465441587008455,0.263788881597866,-1.2199919442458063,9.753574189941244,-0.0006957212899939887,-0.0013768788903650029,0.0,22.382096657430164,67.61837674935309,-81.5625
1773080262.9085128,62.8898182985966,0.17208364015422517,-7.2465441587008455,0.2637427813161339,-1.2195266190550662,9.75237858347958,0.0006957212899939887,0.0013768788903650029,0.0,22.382096657430164,67.61837674935309,-81.5625
1773080262.9231951,62.8898182985966,0.17208364015422517,-7.2465441587008455,0.26371210209361495,-1.2192169503386516,9.751582920735142,0.0013768788903650029,-0.0006957212899939887,-0.001090830782496456,23.782591217322175,66.96023828541645,-80.75
1773080262.9418483,62.8898182985966,0.17208364015422517,-7.2465441587008455,0.2605137960292616,-1.2200552788584413,9.751053416066854,-0.00171745769055051,0.0017320213801734845,0.0,23.782591217322175,66.96023828541645,-80.75
1773080262.961073,62.8898182985966,0.17208364015422517,-7.2465441587008455,0.2605137960292616,-1.2200552788584413,9.751053416066854,-0.00171745769055051,0.0017320213801734845,0.0,23.782591217322175,66.96023828541645,-80.75
1773080262.9801772,62.8898182985966,0.17208364015422517,-7.2465441587008455,0.26047417825352887,-1.226968955892571,9.750701036625063,0.0,0.0,-0.001090830782496456,23.782591217322175,66.96023828541645,-80.75
1773080263.0031323,62.8898182985966,0.17208364015422517,-7.2465441587008455,0.2636257024508147,-1.230525521136614,9.750466532042887,-0.000681157600371014,0.0020726001803589916,-0.003272492347489368,23.665508850268623,67.31649201427432,-80.75
1773080263.0258756,62.8898182985966,0.17208364015422517,-7.2465441587008455,0.2657230065992764,-1.2328923755770878,9.743620248448398,-0.0024131789805444987,0.0003551424898084817,0.001090830782496456,23.665508850268623,67.31649201427432,-80.75
1773080263.0408037,62.8898182985966,0.17208364015422517,-7.2465441587008455,0.26289644010584146,-1.2323340109745875,9.739064123194265,0.0020726001803589916,0.000681157600371014,0.001090830782496456,23.665508850268623,67.31649201427432,-80.75
1773080263.0567129,62.8898182985966,0.17208364015422517,-7.2465441587008455,0.26289644010584146,-1.2323340109745875,9.739064123194265,0.0020726001803589916,0.000681157600371014,0.001090830782496456,23.665508850268623,67.31649201427432,-80.75
1773080263.072119,62.8898182985966,0.17208364015422517,-7.2465441587008455,0.2610153916792771,-1.2319624255689647,9.739377184440212,0.0,0.0,-0.002181661564992912,24.221072047296758,67.82802112792072,-81.25
1773080263.085265,62.8898182985966,0.17208364015422517,-7.2465441587008455,0.25871916537274897,-1.2285372502479275,9.742930634909586,-0.0010363000901794958,-0.000340578800185507,0.0,24.221072047296758,67.82802112792072,-81.25
1773080263.0974061,62.8898182985966,0.17208364015422517,-7.2465441587008455,0.25871916537274897,-1.2285372502479275,9.742930634909586,-0.0010363000901794958,-0.000340578800185507,0.0,24.221072047296758,67.82802112792072,-81.25
1773080263.1096568,62.8898182985966,0.17208364015422517,-7.2465441587008455,0.257191052416283,-1.2262578343334927,9.75198563991695,0.0,0.0,0.0,24.221072047296758,67.82802112792072,-81.25
1773080263.1307087,62.8898182985966,0.17208364015422517,-7.2465441587008455,0.2561741103138951,-1.2247409085051804,9.758011644598318,0.0010363000901794958,0.000340578800185507,0.001090830782496456,23.807111572861647,68.0867062175673,-81.25
1773080263.1534529,62.8898182985966,0.17208364015422517,-7.2465441587008455,0.2523194573202672,-1.2247758209029478,9.762021883398885,-0.0010217364005565212,0.0031089002705384874,0.001090830782496456,23.807111572861647,68.0867062175673,-81.25
1773080263.1727896,62.8898182985966,0.17208364015422517,-7.2465441587008455,0.2523194573202672,-1.2247758209029478,9.762021883398885,-0.0010217364005565212,0.0031089002705384874,0.001090830782496456,23.807111572861647,68.0867062175673,-81.25
1773080263.200134,62.8898182985966,0.17208364015422517,-7.2465441587008455,0.25079863840364053,-1.2279769440981412,9.758000429108721,0.000340578800185507,-0.0010363000901794958,-0.001090830782496456,23.807111572861647,68.0867062175673,-81.25
1773080263.2212844,62.8898182985966,0.17208364015422517,-7.2465441587008455,0.25079863840364053,-1.2279769440981412,9.758000429108721,0.000340578800185507,-0.0010363000901794958,-0.001090830782496456,23.807111572861647,68.0867062175673,-81.25
1773080263.237553,62.8898182985966,0.17208364015422517,-7.2465441587008455,0.24978655040328593,-1.2301072558256534,9.751979084493886,-0.0013768788903650029,0.0006957212899939887,0.0,22.953001392552885,67.0823272801672,-81.25
1773080263.2514045,62.8898182985966,0.17208364015422517,-7.2465441587008455,0.2522909065292901,-1.2304805448918341,9.74797194691554,0.0010363000901794958,0.000340578800185507,0.0,22.953001392552885,67.0823272801672,-81.25
1773080263.2636762,62.8898182985966,0.17208364015422517,-7.2465441587008455,0.25713541694013126,-1.229684555004128,9.745305241619809,-0.000681157600371014,0.0020726001803589916,-0.001090830782496456,22.953001392552885,67.0823272801672,-81.25
1773080263.2813118,62.8898182985966,0.17208364015422517,-7.2465441587008455,0.25713541694013126,-1.229684555004128,9.745305241619809,-0.000681157600371014,0.0020726001803589916,-0.001090830782496456,22.953001392552885,67.0823272801672,-81.25
1773080263.294301,62.8898182985966,0.17208364015422517,-7.2465441587008455,0.2561370855260051,-1.22702135283251,9.740185467327231,0.000340578800185507,-0.0010363000901794958,-0.001090830782496456,23.249879499934444,67.17989591937851,-81.1875
1773080263.3061924,62.8898182985966,0.17208364015422517,-7.2465441587008455,0.2561370855260051,-1.22702135283251,9.740185467327231,0.000340578800185507,-0.0010363000901794958,-0.001090830782496456,23.249879499934444,67.17989591937851,-81.1875
1773080263.3186233,62.8898182985966,0.17208364015422517,-7.2465441587008455,0.2522948177375204,-1.2262934311285532,9.743468538141785,-0.00171745769055051,0.0017320213801734845,0.001090830782496456,23.249879499934444,67.17989591937851,-81.1875
1773080263.3325577,62.8898182985966,0.17208364015422517,-7.2465441587008455,0.24973783144522735,-1.2258090073659882,9.745653385094569,0.000681157600371014,-0.0020726001803589916,0.001090830782496456,23.249879499934444,67.17989591937851,-81.1875
1773080263.3553598,62.8898182985966,0.17208364015422517,-7.2465441587008455,0.2522584846069285,-1.2276201085565084,9.747107376335306,-0.0013914425799879775,-0.0027537577807300057,0.0,23.366961866987996,66.82364219052063,-80.5
1773080263.381681,62.8898182985966,0.17208364015422517,-7.2465441587008455,0.2522584846069285,-1.2276201085565084,9.747107376335306,-0.0013914425799879775,-0.0027537577807300057,0.0,23.366961866987996,66.82364219052063,-80.5
1773080263.396737,62.8898182985966,0.17208364015422517,-7.2465441587008455,0.25393595112849976,-1.2288253761674734,9.754765214678509,-0.0013768788903650029,0.0006957212899939887,0.0,23.366961866987996,66.82364219052063,-80.5
1773080263.4115455,62.8898182985966,0.17208364015422517,-7.2465441587008455,0.25187439697560027,-1.2306718778901866,9.756516308844931,0.0,0.0,-0.002181661564992912,23.366961866987996,66.82364219052063,-80.5
1773080263.4246638,62.8898182985966,0.17208364015422517,-7.2465441587008455,0.25187439697560027,-1.2306718778901866,9.756516308844931,0.0,0.0,-0.002181661564992912,23.366961866987996,66.82364219052063,-80.5
1773080263.4417458,62.8898182985966,0.17208364015422517,-7.2465441587008455,0.2505024557159145,-1.2319007041598766,9.757681642451681,-0.0010363000901794958,-0.000340578800185507,0.0,22.738350386288037,67.73545911640664,-82.0625
1773080263.4625978,62.8898182985966,0.17208364015422517,-7.2465441587008455,0.2559452229021344,-1.2306296551327918,9.755112047242026,-0.002398615290921524,0.003804621560532476,-0.001090830782496456,22.738350386288037,67.73545911640664,-82.0625
1773080263.4813712,62.8898182985966,0.17208364015422517,-7.2465441587008455,0.2559452229021344,-1.2306296551327918,9.755112047242026,-0.002398615290921524,0.003804621560532476,-0.001090830782496456,22.738350386288037,67.73545911640664,-82.0625
1773080263.494554,62.8898182985966,0.17208364015422517,-7.2465441587008455,0.2595673236648705,-1.2297837862038146,9.75340201033426,0.0013768788903650029,-0.0006957212899939887,0.0,22.738350386288037,67.73545911640664,-82.0625
1773080263.5064657,62.8898182985966,0.17208364015422517,-7.2465441587008455,0.2595673236648705,-1.2297837862038146,9.75340201033426,0.0013768788903650029,-0.0006957212899939887,0.0,22.738350386288037,67.73545911640664,-82.0625
1773080263.5187528,62.8898182985966,0.17208364015422517,-7.2465441587008455,0.2556220124920019,-1.23130968906323,9.752263999874504,0.0006957212899939887,0.0013768788903650029,0.003272492347489368,22.85543275334159,67.37920538754877,-81.25
1773080263.533392,62.8898182985966,0.17208364015422517,-7.2465441587008455,0.2529964519784714,-1.2323251603707195,9.751506666625946,-0.0003551424898084818,-0.0024131789805444987,0.0,22.85543275334159,67.37920538754877,-81.25
1773080263.548085,62.8898182985966,0.17208364015422517,-7.2465441587008455,0.2529964519784714,-1.2323251603707195,9.751506666625946,-0.0003551424898084818,-0.0024131789805444987,0.0,22.85543275334159,67.37920538754877,-81.25
1773080263.5624156,62.8898182985966,0.17208364015422517,-7.2465441587008455,0.25442706017062594,-1.2319565355909585,9.747657558101679,0.0020726001803589916,0.000681157600371014,0.001090830782496456,22.85543275334159,67.37920538754877,-81.25
1773080263.5787344,62.8898182985966,0.17208364015422517,-7.2465441587008455,0.25442706017062594,-1.2319565355909585,9.747657558101679,0.0020726001803589916,0.000681157600371014,0.001090830782496456,22.85543275334159,67.37920538754877,-81.25
1773080263.5994537,62.8898182985966,0.17208364015422517,-7.2465441587008455,0.2585570033260406,-1.2306668103264988,9.748441131083458,-0.0010217364005565212,0.0031089002705384874,0.001090830782496456,24.021762579126495,67.43357438132787,-82.75
1773080263.6157317,62.8898182985966,0.17208364015422517,-7.2465441587008455,0.2613054343614811,-1.229808512570176,9.748962590149748,0.0013768788903650029,-0.0006957212899939887,-0.001090830782496456,24.021762579126495,67.43357438132787,-82.75
1773080263.6285896,62.8898182985966,0.17208364015422517,-7.2465441587008455,0.2613054343614811,-1.229808512570176,9.748962590149748,0.0013768788903650029,-0.0006957212899939887,-0.001090830782496456,24.021762579126495,67.43357438132787,-82.75
1773080263.6453328,62.8898182985966,0.17208364015422517,-7.2465441587008455,0.2631344845135804,-1.2292373250011575,9.749309615333285,-0.000681157600371014,0.0020726001803589916,-0.002181661564992912,24.021762579126495,67.43357438132787,-82.75
1773080263.6586268,62.8898182985966,0.17208364015422517,-7.2465441587008455,0.2631344845135804,-1.2292373250011575,9.749309615333285,-0.000681157600371014,0.0020726001803589916,-0.002181661564992912,24.021762579126495,67.43357438132787,-82.75
1773080263.6708531,62.8898182985966,0.17208364015422517,-7.2465441587008455,0.26435169695797356,-1.2288572060545588,9.749540556716402,0.0003551424898084818,0.0024131789805444987,0.001090830782496456,24.021762579126495,67.43357438132787,-81.5625
1773080263.6834126,62.8898182985966,0.17208364015422517,-7.2465441587008455,0.2651617382425633,-1.2286042411418043,9.753039357334403,-0.000340578800185507,0.0010363000901794958,-0.001090830782496456,24.021762579126495,67.43357438132787,-81.5625
1773080263.6962452,62.8898182985966,0.17208364015422517,-7.2465441587008455,0.2651617382425633,-1.2286042411418043,9.753039357334403,-0.000340578800185507,0.0010363000901794958,-0.001090830782496456,24.021762579126495,67.43357438132787,-81.5625
1773080263.7088695,62.8898182985966,0.17208364015422517,-7.2465441587008455,0.26570081166870363,-1.2284358958181694,9.7520226583542,-0.0003551424898084818,-0.0024131789805444987,0.0,24.021762579126495,67.43357438132787,-81.5625
1773080263.7218997,62.8898182985966,0.17208364015422517,-7.2465441587008455,0.26501514942061793,-1.2251459745013542,9.751346056540145,0.0,0.0,-0.001090830782496456,23.152310860723148,67.47677402676007,-81.25
1773080263.7438307,62.8898182985966,0.17208364015422517,-7.2465441587008455,0.26501514942061793,-1.2251459745013542,9.751346056540145,0.0,0.0,-0.001090830782496456,23.152310860723148,67.47677402676007,-81.25
1773080263.7669342,62.8898182985966,0.17208364015422517,-7.2465441587008455,0.2613809594693898,-1.2240009782071803,9.75089578559103,-0.0024131789805444987,0.0003551424898084817,0.001090830782496456,23.152310860723148,67.47677402676007,-81.25
1773080263.8154023,62.8898182985966,0.17208364015422517,-7.2465441587008455,0.25791803706207184,-1.220061106579378,9.75059613530425,-0.0010363000901794958,-0.000340578800185507,0.001090830782496456,22.601754291392222,68.15108846674082,-80.0625
1773080263.8335478,62.8898182985966,0.17208364015422517,-7.2465441587008455,0.25561350088337964,-1.2174391660223254,9.75039672138571,-0.00171745769055051,0.0017320213801734845,-0.002181661564992912,22.601754291392222,68.15108846674082,-80.0625
1773080263.850096,62.8898182985966,0.17208364015422517,-7.2465441587008455,0.2572577471842923,-1.2146498842792646,9.750264013650522,0.000681157600371014,-0.0020726001803589916,0.0,22.601754291392222,68.15108846674082,-80.0625
1773080263.8671763,62.8898182985966,0.17208364015422517,-7.2465441587008455,0.2572577471842923,-1.2146498842792646,9.750264013650522,0.000681157600371014,-0.0020726001803589916,0.0,22.601754291392222,68.15108846674082,-80.0625
1773080263.8834307,62.8898182985966,0.17208364015422517,-7.2465441587008455,0.25939638432145223,-1.2159715378220526,9.750175698135196,0.0,0.0,-0.001090830782496456,23.567940211057326,67.61337012165588,-80.5
1773080263.9018745,62.8898182985966,0.17208364015422517,-7.2465441587008455,0.25868614365295106,-1.2210733824667543,9.750116925146296,0.0020726001803589916,0.000681157600371014,0.0,23.567940211057326,67.61337012165588,-80.5
1773080263.915609,62.8898182985966,0.17208364015422517,-7.2465441587008455,0.25821348642197167,-1.2244686030864644,9.760113147500679,0.0013768788903650029,-0.0006957212899939887,0.002181661564992912,23.567940211057326,67.61337012165588,-80.5
1773080263.9348545,62.8898182985966,0.17208364015422517,-7.2465441587008455,0.25821348642197167,-1.2244686030864644,9.760113147500679,0.0013768788903650029,-0.0006957212899939887,0.002181661564992912,23.567940211057326,67.61337012165588,-80.5
1773080263.947889,62.8898182985966,0.17208364015422517,-7.2465441587008455,0.257898938314682,-1.226728084481782,9.756730186690442,-0.0006957212899939887,-0.0013768788903650029,0.001090830782496456,22.953001392552885,67.0823272801672,-81.5625
1773080263.96163,62.8898182985966,0.17208364015422517,-7.2465441587008455,0.25451172067853706,-1.2292761537016423,9.754478864061378,0.0010217364005565212,-0.0031089002705384874,0.002181661564992912,22.953001392552885,67.0823272801672,-81.5625
1773080263.9820976,62.8898182985966,0.17208364015422517,-7.2465441587008455,0.25451172067853706,-1.2292761537016423,9.754478864061378,0.0010217364005565212,-0.0031089002705384874,0.002181661564992912,22.953001392552885,67.0823272801672,-81.5625
1773080263.9994056,62.8898182985966,0.17208364015422517,-7.2465441587008455,0.2512131555880454,-1.2277939759191847,9.752980634000657,0.0006957212899939887,0.0013768788903650029,-0.001090830782496456,22.953001392552885,67.0823272801672,-81.5625
1773080264.0125525,62.8898182985966,0.17208364015422517,-7.2465441587008455,0.2512131555880454,-1.2277939759191847,9.752980634000657,0.0006957212899939887,0.0013768788903650029,-0.001090830782496456,22.953001392552885,67.0823272801672,-81.5625
1773080264.0313437,62.8898182985966,0.17208364015422517,-7.2465441587008455,0.250062406959047,-1.2299854925464464,9.751983578631574,0.0,0.0,0.001090830782496456,24.221072047296758,67.82802112792072,-81.5625
1773080264.044689,62.8898182985966,0.17208364015422517,-7.2465441587008455,0.2514300763942921,-1.2272216234052304,9.758010272835925,-0.0003551424898084818,-0.0024131789805444987,0.0,24.221072047296758,67.82802112792072,-81.5625
1773080264.0579004,62.8898182985966,0.17208364015422517,-7.2465441587008455,0.2514300763942921,-1.2272216234052304,9.758010272835925,-0.0003551424898084818,-0.0024131789805444987,0.0,24.221072047296758,67.82802112792072,-81.5625
1773080264.0722842,62.8898182985966,0.17208364015422517,-7.2465441587008455,0.2555181345100554,-1.2243378897748551,9.762020970506336,0.000340578800185507,-0.0010363000901794958,0.0,24.221072047296758,67.82802112792072,-81.5625
1773080264.0862527,62.8898182985966,0.17208364015422517,-7.2465441587008455,0.2582386915194945,-1.2224187972572556,9.764690045003567,-0.0003551424898084818,-0.0024131789805444987,-0.001090830782496456,23.152310860723148,67.47677402676007,-81.5625
1773080264.105853,62.8898182985966,0.17208364015422517,-7.2465441587008455,0.2582386915194945,-1.2224187972572556,9.764690045003567,-0.0003551424898084818,-0.0024131789805444987,-0.001090830782496456,23.152310860723148,67.47677402676007,-81.5625
1773080264.1197867,62.8898182985966,0.17208364015422517,-7.2465441587008455,0.2600491918186632,-1.2211416626244613,9.766466284265958,0.0,0.0,0.002181661564992912,23.152310860723148,67.47677402676007,-81.5625
1773080264.134594,62.8898182985966,0.17208364015422517,-7.2465441587008455,0.2548982807741937,-1.2223805629755402,9.767648351653186,0.0006957212899939887,0.0013768788903650029,-0.001090830782496456,23.152310860723148,67.47677402676007,-81.5625
1773080264.1506696,62.8898182985966,0.17208364015422517,-7.2465441587008455,0.2548982807741937,-1.2223805629755402,9.767648351653186,0.0006957212899939887,0.0013768788903650029,-0.001090830782496456,23.152310860723148,67.47677402676007,-81.5625
1773080264.1760912,62.8898182985966,0.17208364015422517,-7.2465441587008455,0.2514704070135457,-1.2232050373197594,9.75505455746555,0.000340578800185507,-0.0010363000901794958,0.001090830782496456,24.138844946180047,67.07732065247001,-82.0
1773080264.20483,62.8898182985966,0.17208364015422517,-7.2465441587008455,0.25554497408664617,-1.2216648966031807,9.753363751530218,0.000340578800185507,-0.0010363000901794958,-0.002181661564992912,24.138844946180047,67.07732065247001,-82.0
1773080264.2285552,62.8898182985966,0.17208364015422517,-7.2465441587008455,0.258256552957898,-1.2206399501607965,9.748893427360475,-0.0010363000901794958,-0.000340578800185507,0.001090830782496456,24.138844946180047,67.07732065247001,-82.0
1773080264.2430053,62.8898182985966,0.17208364015422517,-7.2465441587008455,0.26428337738220914,-1.222091339545931,9.749263588269622,-0.000340578800185507,0.0010363000901794958,-0.002181661564992912,23.450857844003774,67.96962385051374,-81.5625
1773080264.2579768,62.8898182985966,0.17208364015422517,-7.2465441587008455,0.2619383829435953,-1.2251460421513307,9.749509926219691,-0.0010363000901794958,-0.000340578800185507,-0.001090830782496456,23.450857844003774,67.96962385051374,-81.5625
1773080264.2717052,62.8898182985966,0.17208364015422517,-7.2465441587008455,0.2619383829435953,-1.2251460421513307,9.749509926219691,-0.0010363000901794958,-0.000340578800185507,-0.001090830782496456,23.450857844003774,67.96962385051374,-81.5625
1773080264.2872996,62.8898182985966,0.17208364015422517,-7.2465441587008455,0.26037781534000204,-1.2271789126119605,9.749673861373687,0.000681157600371014,-0.0020726001803589916,0.0,23.450857844003774,67.96962385051374,-81.5625
1773080264.300759,62.8898182985966,0.17208364015422517,-7.2465441587008455,0.25933927503249316,-1.2285317651948586,9.749782958387396,0.0006957212899939887,0.0013768788903650029,-0.002181661564992912,23.9241939399152,67.73045248870943,-81.5625
1773080264.313307,62.8898182985966,0.17208364015422517,-7.2465441587008455,0.25933927503249316,-1.2285317651948586,9.749782958387396,0.0006957212899939887,0.0013768788903650029,-0.002181661564992912,23.9241939399152,67.73045248870943,-81.5625
1773080264.3321106,62.8898182985966,0.17208364015422517,-7.2465441587008455,0.2586481380591013,-1.2294320734764237,9.749855561231326,-0.0006957212899939887,-0.0013768788903650029,0.0,23.9241939399152,67.73045248870943,-81.5625
1773080264.3500826,62.8898182985966,0.17208364015422517,-7.2465441587008455,0.25396589514800116,-1.2278977387875636,9.749903877612935,0.000340578800185507,-0.0010363000901794958,0.001090830782496456,23.9241939399152,67.73045248870943,-81.5625
1773080264.3624492,62.8898182985966,0.17208364015422517,-7.2465441587008455,0.25084991479474444,-1.2268766561917688,9.749936031625166,-0.0010363000901794958,-0.000340578800185507,0.001090830782496456,23.807111572861647,68.0867062175673,-82.5
1773080264.383209,62.8898182985966,0.17208364015422517,-7.2465441587008455,0.25084991479474444,-1.2268766561917688,9.749936031625166,-0.0010363000901794958,-0.000340578800185507,0.001090830782496456,23.807111572861647,68.0867062175673,-82.5
1773080264.4068043,62.8898182985966,0.17208364015422517,-7.2465441587008455,0.25195415406190974,-1.22515272753917,9.753302541468441,0.000340578800185507,-0.0010363000901794958,0.001090830782496456,23.807111572861647,68.0867062175673,-82.5
1773080264.4212236,62.8898182985966,0.17208364015422517,-7.2465441587008455,0.2537334225503848,-1.2271833616628869,9.755542916162762,0.0017320213801734845,0.0017174576905505097,-0.002181661564992912,23.807111572861647,68.0867062175673,-82.5
1773080264.4365678,62.8898182985966,0.17208364015422517,-7.2465441587008455,0.2549175058537336,-1.2285347259885508,9.760378972202526,-0.0003260151105625323,0.00448577916090349,-0.001090830782496456,22.953001392552885,67.0823272801672,-82.0625
1773080264.4504304,62.8898182985966,0.17208364015422517,-7.2465441587008455,0.2549175058537336,-1.2285347259885508,9.760378972202526,-0.0003260151105625323,0.00448577916090349,-0.001090830782496456,22.953001392552885,67.0823272801672,-82.0625
1773080264.4645185,62.8898182985966,0.17208364015422517,-7.2465441587008455,0.25570550006503506,-1.2294340438515516,9.760252201767385,-0.000340578800185507,0.0010363000901794958,-0.001090830782496456,22.953001392552885,67.0823272801672,-82.0625
1773080264.4779341,62.8898182985966,0.17208364015422517,-7.2465441587008455,0.2572743110015214,-1.2332104192278164,9.753477614044277,-0.000681157600371014,0.0020726001803589916,0.001090830782496456,22.953001392552885,67.0823272801672,-82.0625
1773080264.4950302,62.8898182985966,0.17208364015422517,-7.2465441587008455,0.2572743110015214,-1.2332104192278164,9.753477614044277,-0.000681157600371014,0.0020726001803589916,0.001090830782496456,22.953001392552885,67.0823272801672,-82.0625
1773080264.515384,62.8898182985966,0.17208364015422517,-7.2465441587008455,0.2583183371549867,-1.2357235548558434,9.748969201591652,-0.0010217364005565212,0.0031089002705384874,0.0,23.9241939399152,67.73045248870943,-82.0625
1773080264.5348148,62.8898182985966,0.17208364015422517,-7.2465441587008455,0.2583183371549867,-1.2357235548558434,9.748969201591652,-0.0010217364005565212,0.0031089002705384874,0.0,23.9241939399152,67.73045248870943,-82.0625
1773080264.556803,62.8898182985966,0.17208364015422517,-7.2465441587008455,0.2579687153062441,-1.2342181291582546,9.749314015174017,-0.001362315200742028,0.004145200360717983,-0.001090830782496456,23.9241939399152,67.73045248870943,-82.0625
1773080264.5724936,62.8898182985966,0.17208364015422517,-7.2465441587008455,0.25669163628010055,-1.2300383957887397,9.75288859646858,-0.0010363000901794958,-0.000340578800185507,-0.001090830782496456,23.9241939399152,67.73045248870943,-82.0625
1773080264.597573,62.8898182985966,0.17208364015422517,-7.2465441587008455,0.26006405342992317,-1.2293903097151477,9.751922328682102,-0.000340578800185507,0.0010363000901794958,-0.002181661564992912,23.9241939399152,67.73045248870943,-81.5625
1773080264.6155312,62.8898182985966,0.17208364015422517,-7.2465441587008455,0.26006405342992317,-1.2293903097151477,9.751922328682102,-0.000340578800185507,0.0010363000901794958,-0.002181661564992912,23.9241939399152,67.73045248870943,-81.5625
1773080264.6328316,62.8898182985966,0.17208364015422517,-7.2465441587008455,0.2549081710104721,-1.2278699454709663,9.75462439997144,-0.000340578800185507,0.0010363000901794958,-0.001090830782496456,23.9241939399152,67.73045248870943,-81.5625
1773080264.6477263,62.8898182985966,0.17208364015422517,-7.2465441587008455,0.2546548782397842,-1.2258137504587077,9.756422598230381,0.000340578800185507,-0.0010363000901794958,0.001090830782496456,23.9241939399152,67.73045248870943,-81.5625
1773080264.6844242,62.8898182985966,0.17208364015422517,-7.2465441587008455,0.2544863147303571,-1.224445375647253,9.760964390791834,-0.000340578800185507,0.0010363000901794958,0.0,22.499179024483716,67.26212302049521,-81.25
1773080264.7406871,62.8898182985966,0.17208364015422517,-7.2465441587008455,0.2543741375978111,-1.223534737495978,9.763986903006334,0.0010363000901794958,0.000340578800185507,0.0,22.499179024483716,67.26212302049521,-81.25
1773080264.7869473,62.8898182985966,0.17208364015422517,-7.2465441587008455,0.25534389456053974,-1.2261066073632756,9.76265323941409,-0.0020726001803589916,-0.000681157600371014,0.001090830782496456,23.450857844003774,67.96962385051374,-80.5
1773080264.861149,62.8898182985966,0.17208364015422517,-7.2465441587008455,0.25534389456053974,-1.2261066073632756,9.76265323941409,-0.0020726001803589916,-0.000681157600371014,0.001090830782496456,23.450857844003774,67.96962385051374,-80.5
1773080264.913242,62.8898182985966,0.17208364015422517,-7.2465441587008455,0.2564187384715404,-1.2289571758799198,9.756722785470986,-0.000340578800185507,0.0010363000901794958,0.0,23.665508850268623,67.31649201427432,-81.5625
1773080264.9608011,62.8898182985966,0.17208364015422517,-7.2465441587008455,0.2567045536023183,-1.229715179535183,9.751128826925187,0.000681157600371014,-0.0020726001803589916,-0.001090830782496456,23.665508850268623,67.31649201427432,-81.5625
1773080265.0068765,62.8898182985966,0.17208364015422517,-7.2465441587008455,0.25689476037908676,-1.2302196225003053,9.74740611000157,0.0013768788903650029,-0.0006957212899939887,0.0,23.09961074284311,69.03838503708737,-80.75
1773080265.0219717,62.8898182985966,0.17208364015422517,-7.2465441587008455,0.25689476037908676,-1.2302196225003053,9.74740611000157,0.0013768788903650029,-0.0006957212899939887,0.0,23.09961074284311,69.03838503708737,-80.75
1773080265.0673227,62.8898182985966,0.17208364015422517,-7.2465441587008455,0.25710557876317497,-1.2307787290294123,9.743279983795196,0.000340578800185507,-0.0010363000901794958,0.0,23.782591217322175,66.96023828541645,-81.5625
1773080265.1138074,62.8898182985966,0.17208364015422517,-7.2465441587008455,0.25710557876317497,-1.2307787290294123,9.743279983795196,0.000340578800185507,-0.0010363000901794958,0.0,23.782591217322175,66.96023828541645,-81.5625
1773080265.1366076,62.8898182985966,0.17208364015422517,-7.2465441587008455,0.25716163814389237,-1.2309274028080885,9.745527904283202,-0.0006957212899939887,-0.0013768788903650029,0.0,23.782591217322175,66.96023828541645,-81.5625
1773080265.158562,62.8898182985966,0.17208364015422517,-7.2465441587008455,0.25402105565105904,-1.23207075313834,9.747023870257053,-0.000340578800185507,0.0010363000901794958,-0.001090830782496456,22.738350386288037,67.73545911640664,-82.0625
1773080265.1825972,62.8898182985966,0.17208364015422517,-7.2465441587008455,0.25828681185363644,-1.2307428208283875,9.748019418901617,-0.000340578800185507,0.0010363000901794958,0.0,22.738350386288037,67.73545911640664,-82.0625
1773080265.2025156,62.8898182985966,0.17208364015422517,-7.2465441587008455,0.25828681185363644,-1.2307428208283875,9.748019418901617,-0.000340578800185507,0.0010363000901794958,0.0,22.738350386288037,67.73545911640664,-82.0625
1773080265.2179983,62.8898182985966,0.17208364015422517,-7.2465441587008455,0.2579477355703563,-1.2309035063014275,9.748681945403566,-0.000340578800185507,0.0010363000901794958,-0.001090830782496456,22.738350386288037,67.73545911640664,-82.0625
1773080265.2342222,62.8898182985966,0.17208364015422517,-7.2465441587008455,0.26089997347603994,-1.2299660310974236,9.752467961097027,-0.000340578800185507,0.0010363000901794958,-0.001090830782496456,22.601754291392222,68.15108846674082,-81.5625
1773080265.2494721,62.8898182985966,0.17208364015422517,-7.2465441587008455,0.26089997347603994,-1.2299660310974236,9.752467961097027,-0.000340578800185507,0.0010363000901794958,-0.001090830782496456,22.601754291392222,68.15108846674082,-81.5625
1773080265.2652833,62.8898182985966,0.17208364015422517,-7.2465441587008455,0.25968676543913777,-1.230386561412781,9.754987512248459,0.0010363000901794958,0.000340578800185507,0.001090830782496456,22.601754291392222,68.15108846674082,-81.5625
1773080265.2843668,62.8898182985966,0.17208364015422517,-7.2465441587008455,0.2610128688361402,-1.2264441206642058,9.756664245394505,0.000340578800185507,-0.0010363000901794958,0.0,22.601754291392222,68.15108846674082,-81.5625
1773080265.308266,62.8898182985966,0.17208364015422517,-7.2465441587008455,0.2597618960401607,-1.2280427693617917,9.757780092572863,-0.000340578800185507,0.0010363000901794958,0.0,23.152310860723148,67.47677402676007,-81.5625
1773080265.3328416,62.8898182985966,0.17208364015422517,-7.2465441587008455,0.2597618960401607,-1.2280427693617917,9.757780092572863,-0.000340578800185507,0.0010363000901794958,0.0,23.152310860723148,67.47677402676007,-81.5625
1773080265.3525326,62.8898182985966,0.17208364015422517,-7.2465441587008455,0.26210727700319447,-1.2280622426206216,9.758522676405232,0.0,0.0,0.0,23.152310860723148,67.47677402676007,-81.5625
1773080265.3755553,62.8898182985966,0.17208364015422517,-7.2465441587008455,0.2636681018344714,-1.2280752018568424,9.755671745943149,-0.000340578800185507,0.0010363000901794958,-0.001090830782496456,23.152310860723148,67.47677402676007,-81.5625
1773080265.3887146,62.8898182985966,0.17208364015422517,-7.2465441587008455,0.26470681332413043,-1.2280838260837832,9.753774483567613,-0.0013768788903650029,0.0006957212899939887,0.001090830782496456,23.807111572861647,68.0867062175673,-82.0625
1773080265.4007542,62.8898182985966,0.17208364015422517,-7.2465441587008455,0.26470681332413043,-1.2280838260837832,9.753774483567613,-0.0013768788903650029,0.0006957212899939887,0.001090830782496456,23.807111572861647,68.0867062175673,-82.0625
1773080265.412908,62.8898182985966,0.17208364015422517,-7.2465441587008455,0.2622201748328546,-1.2291339750018107,9.752511876650502,0.0010363000901794958,0.000340578800185507,-0.001090830782496456,23.807111572861647,68.0867062175673,-82.0625
1773080265.4261165,62.8898182985966,0.17208364015422517,-7.2465441587008455,0.2605653446944824,-1.2298328373758258,9.751671625851408,-0.0010363000901794958,-0.000340578800185507,0.002181661564992912,23.807111572861647,68.0867062175673,-82.0625
1773080265.4400628,62.8898182985966,0.17208364015422517,-7.2465441587008455,0.2605653446944824,-1.2298328373758258,9.751671625851408,-0.0010363000901794958,-0.000340578800185507,0.002181661564992912,23.807111572861647,68.0867062175673,-82.0625
1773080265.4623246,62.8898182985966,0.17208364015422517,-7.2465441587008455,0.2562861843385833,-1.231342332070266,9.751112448330828,-0.0006957212899939887,-0.0013768788903650029,-0.002181661564992912,23.249879499934444,67.17989591937851,-81.5625
1773080265.4875667,62.8898182985966,0.17208364015422517,-7.2465441587008455,0.25343845092308565,-1.2323468839272556,9.750740321937304,-0.0010363000901794958,-0.000340578800185507,0.0,23.249879499934444,67.17989591937851,-81.5625
1773080265.508952,62.8898182985966,0.17208364015422517,-7.2465441587008455,0.25343845092308565,-1.2323468839272556,9.750740321937304,-0.0010363000901794958,-0.000340578800185507,0.0,23.249879499934444,67.17989591937851,-81.5625
1773080265.536928,62.8898182985966,0.17208364015422517,-7.2465441587008455,0.25472120553081495,-1.2319709923751652,9.753837787686658,0.000340578800185507,-0.0010363000901794958,0.001090830782496456,23.035228493669596,67.83302775561793,-80.0625
1773080265.5538678,62.8898182985966,0.17208364015422517,-7.2465441587008455,0.2587527537774274,-1.2306764311548954,9.755899116541892,-0.0006957212899939887,-0.0013768788903650029,0.0,23.035228493669596,67.83302775561793,-80.0625
1773080265.5711517,62.8898182985966,0.17208364015422517,-7.2465441587008455,0.26143570410020317,-1.229814915124002,9.757270907868499,-0.0013768788903650029,0.0006957212899939887,-0.002181661564992912,23.035228493669596,67.83302775561793,-80.0625
1773080265.5916538,62.8898182985966,0.17208364015422517,-7.2465441587008455,0.26143570410020317,-1.229814915124002,9.757270907868499,-0.0013768788903650029,0.0006957212899939887,-0.002181661564992912,23.035228493669596,67.83302775561793,-80.0625
1773080265.60447,62.8898182985966,0.17208364015422517,-7.2465441587008455,0.2558209892092015,-1.2281525156274058,9.754838707965122,-0.000681157600371014,0.0020726001803589916,-0.001090830782496456,22.85543275334159,67.37920538754877,-81.25
1773080265.617745,62.8898182985966,0.17208364015422517,-7.2465441587008455,0.25208445916971484,-1.22704620733264,9.75322010609888,-0.0013914425799879775,-0.0027537577807300057,0.0,22.85543275334159,67.37920538754877,-81.25
1773080265.6298018,62.8898182985966,0.17208364015422517,-7.2465441587008455,0.25208445916971484,-1.22704620733264,9.75322010609888,-0.0013914425799879775,-0.0027537577807300057,0.0,22.85543275334159,67.37920538754877,-81.25
1773080265.643227,62.8898182985966,0.17208364015422517,-7.2465441587008455,0.2527757295526883,-1.2252655619294095,9.752142944637862,0.000340578800185507,-0.0010363000901794958,0.001090830782496456,22.85543275334159,67.37920538754877,-81.25
1773080265.6586215,62.8898182985966,0.17208364015422517,-7.2465441587008455,0.2527757295526883,-1.2252655619294095,9.752142944637862,0.000340578800185507,-0.0010363000901794958,0.001090830782496456,22.85543275334159,67.37920538754877,-81.25
1773080265.6981547,62.8898182985966,0.17208364015422517,-7.2465441587008455,0.25671979828987945,-1.222247548700385,9.747603945717524,-0.0006957212899939887,-0.0013768788903650029,0.0,23.450857844003774,67.96962385051374,-81.5625
1773080265.7206671,62.8898182985966,0.17208364015422517,-7.2465441587008455,0.25671979828987945,-1.222247548700385,9.747603945717524,-0.0006957212899939887,-0.0013768788903650029,0.0,23.450857844003774,67.96962385051374,-81.5625
